tree
version=v4
num_class=1
num_tree_per_iteration=1
label_index=0
max_feature_idx=81
objective=binary sigmoid:1
feature_names=Column_0 Column_1 Column_2 Column_3 Column_4 Column_5 Column_6 Column_7 Column_8 Column_9 Column_10 Column_11 Column_12 Column_13 Column_14 Column_15 Column_16 Column_17 Column_18 Column_19 Column_20 Column_21 Column_22 Column_23 Column_24 Column_25 Column_26 Column_27 Column_28 Column_29 Column_30 Column_31 Column_32 Column_33 Column_34 Column_35 Column_36 Column_37 Column_38 Column_39 Column_40 Column_41 Column_42 Column_43 Column_44 Column_45 Column_46 Column_47 Column_48 Column_49 Column_50 Column_51 Column_52 Column_53 Column_54 Column_55 Column_56 Column_57 Column_58 Column_59 Column_60 Column_61 Column_62 Column_63 Column_64 Column_65 Column_66 Column_67 Column_68 Column_69 Column_70 Column_71 Column_72 Column_73 Column_74 Column_75 Column_76 Column_77 Column_78 Column_79 Column_80 Column_81
feature_infos=[-3.3185579776763916:3.2748439311981201] [-4.0826358795166016:2.4311339855194092] [-3.2877407073974609:3.1494419574737549] [-3.3242745399475098:2.8131780624389648] [-4.2782430648803711:2.2835977077484131] [-3.377155065536499:2.6723787784576416] [-0.35467946529388428:23.812454223632812] [-2.9246649742126465:11.499175071716309] [-2.8133237361907959:10.492025375366211] [-1.8230252265930176:2.551912784576416] [-3.9300761222839355:1.9113702774047852] [-3.8785855770111084:1.2411980628967285] [-3.1172878742218018:0.61930197477340698] [-2.7632741928100586:0.64221334457397461] [-1.6499838829040527:2.2607865333557129] [-7.3797287940979004:4.870302677154541] [-2.7193577289581299:4.5203676223754883] [-2.8063833713531494:2.4316809177398682] [-3.5806798934936523:3.4603896141052246] [-2.0487222671508789:3.9297924041748047] [-3.4158444404602051:5.4354248046875] [-5.3893876075744629:3.0552141666412354] [-9.3088493347167969:10.591705322265625] [-1.9816175699234009:5.732719898223877] [-3.3748509883880615:3.827805757522583] [-3.0130636692047119:3.285888671875] [-0.46180605888366699:16.046541213989258] [-0.58447724580764771:9.9950475692749023] [-3.3189156055450439:3.2750756740570068] [-3.3189375400543213:3.2750909328460693] [-3.3182070255279541:3.2746567726135254] [-3.3170721530914307:3.2739870548248291] [-3.3161523342132568:3.2734038829803467] [-3.2881290912628174:3.1496763229370117] [-3.2884435653686523:3.1498613357543945] [-3.2882387638092041:3.1497347354888916] [-3.2883570194244385:3.149796724319458] [-3.290013313293457:3.1508209705352783] [-3.3232185840606689:2.8125498294830322] [-3.3218646049499512:2.811758279800415] [-3.3195865154266357:2.8104941844940186] [-3.3155553340911865:2.8082189559936523] [-3.3109886646270752:2.8056833744049072] [-3.9304866790771484:1.9114546775817871] [-3.9307513236999512:1.9115111827850342] [-3.9297211170196533:1.9114716053009033] [-3.9284021854400635:1.9113699197769165] [-3.9262049198150635:1.911420464515686] [-1.9819304943084717:5.7331557273864746] [-1.9820958375930786:5.7333683967590332] [-1.9819927215576172:5.7332358360290527] [-1.9818148612976074:5.7330293655395508] [-1.9817517995834351:5.7328882217407227] [-2.4984006881713867:3.1430537700653076] [-2.3891186714172363:3.0581066608428955] [-3.1947402954101562:3.2011353969573975] [-2.3880641460418701:3.0579850673675537] [-2.2840089797973633:2.9190731048583984] [-2.2800319194793701:2.9542944431304932] [-2.040229320526123:2.8203284740447998] [-3.0191943645477295:2.8356976509094238] [-2.7099888324737549:2.6068685054779053] [-3.1616673469543457:2.9929702281951904] [-2.8375856876373291:2.7746829986572266] [-2.7807843685150146:2.5074961185455322] [-2.6765420436859131:2.6758182048797607] [-2.8871669769287109:2.4426870346069336] [-1.7163292169570923:5.5451722145080566] [-1.6686089038848877:5.1295361518859863] [-1.9708033800125122:6.1067066192626953] [-1.6618326902389526:5.659123420715332] [-1.6420681476593018:4.7947063446044922] [-1.6432600021362305:5.5015530586242676] [-1.4913268089294434:4.5606842041015625] [-9.9082603454589844:7.4516477584838867] [-6.3384404182434082:5.4335217475891113] [-6.1562824249267578:5.3918967247009277] [-3.9490430355072021:2.0910882949829102] [-1.60145103931427:1.5881534814834595] [-1.4142181873321533:1.4142032861709595] [-1.4142234325408936:1.4142166376113892] [-0.53461480140686035:3.4814629554748535]
tree_sizes=3323 1633 3211 3221 2785 2693 2782 3403 3442 3425 3413 2156 2156 2479 3006 3202 2189 1940 3116 3342 3119 2835 3441 2942 2698 2606 2645 2906 3454 3137 3228 2501 2699 2827 2718 3438 3455 3438 2514 3435 3446 3466 3480 3499 3479 3481 3453 3499 3483 3331 3509 3522 3562 3487 3497 3499 2938 3504 3498 3503 3480 3485 3481 3524 3501 3488 3503 3501 3541 3520 3507 3485 3530 3515 3502 3481 3509 3506 3524 3523 3518 3524 3521 3570 3529 3551 3534 3526 3566 3523 3569 3555 3566 3544 3535 3556 3564 3568 3577 3568 3551 3549 3546 3545 3585 3562 3576 3581 3602 3595 3568 3617 3608 3638 3605 3582 3625 3586 3621 3616 3570 3632 3580 3595 3601 3643 3640 3593 3640 3645 3624 3643 3615 3618 3636 3614 3614 3641 3611 3612 3610 3650 3643 3608 3649 3639 3380 3643 3494 3628 3635 3671 3621 3650 3628 3620 3288 3615 3544 3646 3649 3649 3627 3628 3563 3640 3645 3644 3649 3681 3682 3671 3528 3654 3651 3665 3651 3662 3656 3685 3671 3653 3590 3357 3687 3661 2754 3684 3482 3647 3091 3542 3587 3687 3658 3091 3456 3659 2776 3673

Tree=0
num_leaves=31
num_cat=0
split_feature=25 75 22 79 25 10 8 47 79 1 21 22 12 1 26 80 0 29 31 61 13 75 30 79 3 7 28 0 81 24
split_gain=307765 98141.2 63955.1 41860.4 31626 76820.2 29520.7 32112.5 27431 15608.8 15443.8 14435.3 13062.6 15422.2 10977.8 10834.9 9345.62 8957.65 5945.22 4922.46 2840.69 1567.16 2176.69 499.72 3247.04 481.099 571.587 293.654 2435.36 21.1336
threshold=1.7287600636482241 2.0660611391067509 -2.0868740081787105 0.94086700677871715 1.4598112106323244 -1.1408495903015134 0.95633488893508922 0.63043349981307995 1.0280530452728274 1.3905835747718813 1.6253590583801272 -1.872889459133148 -2.6092015504837032 1.099454998970032 -0.29189617931842798 0.60478782653808605 2.454364657402039 1.827657222747803 2.3296622037887578 0.5518414080142976 0.5271739959716798 3.7639402151107793 -0.96931445598602284 1.4141325950622561 1.5184444785118105 0.54930523037910473 0.82228854298591625 1.3544785380363467 -0.48999169468879694 1.1555989980697634
decision_type=2 2 2 2 2 2 2 2 2 2 2 2 2 2 2 2 2 2 2 2 2 2 2 2 2 2 2 2 2 2
left_child=4 2 -2 -3 21 -6 12 9 25 -8 11 14 13 -4 -7 -14 -9 -10 20 -13 -12 23 -23 27 -25 26 -5 29 -29 -1
right_child=1 3 6 8 5 10 7 16 17 -11 18 19 15 -15 -16 -17 -18 -19 -20 -21 -22 22 -24 24 -26 -27 -28 28 -30 -31
leaf_value=-6.039176225592481 13.179907130055955 -6.039176225592481 -6.039176225592481 14.012734049545848 14.012734049545926 -6.039176225592481 -2.5417499249428746 -6.039176225592481 -6.039176225592481 12.642727797183348 8.9997565977814986 3.2155517488061713 -5.1788253586387096 10.539174878670757 12.759489693918599 14.012734049545717 6.8513376660010374 9.518340475719846 14.01273404954582 -5.6265854666129425 -6.039176225592481 -6.039176225592481 6.4932678426445678 -6.039176225592481 6.49326784264436 14.012734049545944 11.202912302751933 -1.5161888364637175 -5.9160072397484162 -5.9636795731192223
leaf_weight=138.54041294194758 0.78047427185811091 0.37153566465713117 0.25184632302261789 0.33662628382444459 0.63584964722394932 0.12716992548666894 0.2144434049259869 0.72312310570850957 0.25683337892405678 0.80291602341458201 0.049870560178533085 0.16207931912504037 4.3586868636775753 0.31667805789038539 0.19948224187828589 0.074805840849876293 0.17454696004278958 0.14462462463416159 0.14961168169975281 5.4533456317149103 0.084779950324445963 0.082286422373726964 0.059844671981408193 0.37901624850928683 0.059844671981409192 1.9075489416718481 0.39148389874026179 0.33163921977393318 6.0891952568199477 9.9342153568286431
leaf_count=55560 33 149 101 9 17 51 72 290 103 42 6 37 1678 29 10 2 28 16 4 2145 34 33 10 152 10 51 31 105 2428 3970
internal_value=-5.31272 2.73972 -0.388006 9.80286 -5.86362 -2.54175 -1.91892 3.36016 11.7408 9.44208 -4.23234 -4.77699 -3.94002 3.19526 5.44093 -4.85501 -3.53269 -0.434605 7.15287 -5.37137 -0.469201 -6.01023 -0.762358 -6.01503 -4.33021 13.5954 12.502 -6.01981 -5.68875 -6.03412
internal_weight=173.445 11.1062 7.69752 3.40865 162.339 6.86219 6.91705 1.91503 3.03712 1.01736 6.22634 5.94208 5.00202 0.568524 0.326652 4.43349 0.89767 0.401458 0.284262 5.61542 0.134651 155.476 0.142131 155.334 0.438861 2.63566 0.72811 154.895 6.42083 148.475
internal_count=67206 2634 2275 359 64572 2304 2242 432 210 114 2287 2243 1810 130 61 1680 318 119 44 2182 40 62268 43 62225 162 91 40 62063 2533 59530
is_linear=0
shrinkage=1


Tree=1
num_leaves=14
num_cat=0
split_feature=59 76 15 15 44 19 75 51 40 51 3 3 10
split_gain=1938.73 1167.23 1520.9 1109.27 5573.67 7308.89 923.68 1105.09 598.346 3566.8 428.965 0.000225861 2.52891e-09
threshold=2.6333833932876591 4.2704825401306161 3.0476642847061162 3.0476642847061162 0.67227602005004894 -0.011182118672877548 3.8771324157714848 -0.089002717286348329 2.0546138286590581 2.9148191213607793 1.3228286504745486 1.7385128736495974 0.38793317973613745
decision_type=2 2 2 2 2 2 2 2 2 2 2 2 2
left_child=1 3 -3 6 11 -6 8 -8 10 -10 -1 12 -5
right_child=-2 2 -4 4 5 -7 7 -9 9 -11 -12 -13 -14
leaf_value=-0.032467853808526716 3.8234242370543821 -0.050220683663151348 8.9015379771322696 -0.050121215495902774 -0.050151104511870305 -46.711757588143158 -0.050119178251599762 -11.357860716642186 0.16846131922685212 7.0338662111669343 -0.2582195988770018 -0.046067885377389386 -0.0501357952468382
leaf_weight=168.73611875794961 0.32315404118935376 0.10940943704917927 0.08378419540986215 0.067471149843185141 0.017566709313541651 0.016068511159573973 0.047443993389606476 0.039675404550506665 2.4962839566351245 0.20469822455197562 24.0406595357681 0.047844040414929623 0.053188318852335215
leaf_count=61715 35 27 18 28 6 38 20 20 487 16 4754 22 20
internal_value=-0.0461719 -0.0525532 3.83198 -0.0563867 -3.75842 -22.3417 -0.0525602 -5.19982 -0.0502662 0.688767 -0.0606207 -0.0489749 -0.0501276
internal_weight=196.283 195.96 0.193194 195.767 0.202139 0.0336352 195.565 0.0871194 195.478 2.70098 192.777 0.168504 0.120659
internal_count=67206 67171 45 67126 114 44 67012 40 66972 503 66469 70 48
is_linear=0
shrinkage=0.05


Tree=2
num_leaves=29
num_cat=0
split_feature=76 33 27 68 15 16 80 22 22 43 4 68 50 79 38 14 75 57 15 30 10 34 21 13 42 8 2 57
split_gain=118898 662991 1.59948e+06 2.56179e+06 354.692 1537.23 2241.1 456.729 1431.4 3220.24 415.424 472.79 351.912 294.472 2240.63 233.995 465.248 2127.2 115.928 62.9064 2320.98 147.673 16.0833 13.616 0.478696 0.00583657 1.22163e-07 4.8535e-08
threshold=3.8887245655059819 1.6846393942832949 -0.2141805291175842 2.8210407495498662 1.9891663789749148 2.6034221649169926 -0.26149268448352808 -1.5519127845764158 -1.872889459133148 1.1961803436279299 1.4933141469955447 2.6000515222549443 2.5574723482131962 1.4141325950622561 1.3226092457771303 1.3782067298889162 2.0660611391067509 1.69969117641449 0.89498892426490795 1.8274787664413454 -1.316178500652313 2.3783292770385747 0.1966570466756821 -2.3556094169616695 0.098264139145612731 0.91629293560981762 1.3805474042892458 1.3508816361427309
decision_type=2 2 2 2 2 2 2 2 2 2 2 2 2 2 2 2 2 2 2 2 2 2 2 2 2 2 2 2
left_child=4 24 3 -3 13 7 -7 8 9 -6 12 -12 -9 15 23 19 18 -18 -17 21 -21 -1 -8 -15 26 -10 -2 -25
right_child=1 2 -4 -5 5 6 22 10 25 -11 11 -13 -14 14 -16 16 17 -19 -20 20 -22 -23 -24 27 -26 -27 -28 -29
leaf_value=-0.051778873900673109 -0.050142267848936821 915.42081410676519 -0.050195055904324451 -0.05011381143245594 -19.376170876090391 7.5113593157849738 -0.051184732294734296 0.10528318493357934 -0.050145586605241425 -0.050202118882526181 -0.24980708630903004 1.6646837863965922 -0.96086805665423258 -0.89899321573014745 -11.646590586925093 -0.098474165292731508 -0.65859645979428982 -11.990659167226593 -0.34055111451663178 7.882963587228712 -0.010414639008789377 -1.5317953266674329 -1.1105188446988499 -0.050114816996837452 0.05120841359109083 -0.06289219376878856 -0.050225867833317776 -0.050166674893658704
leaf_weight=149.96120680125986 0.082127763084743122 0.014746510228453413 0.062582158949226141 0.015861170599237084 0.033627972605700052 0.17198794759315206 0.14925360050983613 18.999945537745969 0.20004535233602538 0.060038429684937 0.51128837800297955 0.87326254881918763 0.80685981587795552 0.054300027899444103 0.04726397802005522 13.330793499838604 0.41078848051122108 0.046055375132709742 7.8626281200207577 0.094540679827332386 6.236655668122693 0.16873196748156161 0.047149035257234712 0.31051035411655803 0.34561697990248064 0.16296836733818054 0.093389311339706182 0.052790462039411068
leaf_count=59806 32 34 17 7 53 18 39 948 78 16 101 5 87 8 19 3659 178 32 1031 23 744 61 25 136 9 1 22 17
internal_value=0.0190782 21.9822 144.815 441.016 -0.048185 0.14117 3.34391 0.0866682 -1.47779 -6.98858 0.120383 0.957699 0.0618519 -0.0715303 -1.32832 -0.0682501 -0.222313 -1.80101 -0.188283 -0.0469316 0.107453 -0.0534423 -0.305492 -0.1605 0.0170587 -0.0558679 -0.0501867 -0.0501224
internal_weight=201.207 0.614324 0.0931898 0.0306077 200.593 22.0164 0.368391 21.648 0.45668 0.0936664 21.1914 1.38455 19.8068 178.576 0.464865 178.111 21.6503 0.456844 21.1934 156.461 6.3312 150.13 0.196403 0.417601 0.521134 0.363014 0.175517 0.363301
internal_count=67206 121 58 41 67085 1371 82 1289 148 69 1141 106 1035 65714 180 65534 4900 210 4690 60634 767 59867 64 161 63 79 54 153
is_linear=0
shrinkage=0.05


Tree=3
num_leaves=29
num_cat=0
split_feature=2 42 15 16 44 8 59 5 20 14 29 50 15 51 24 15 9 28 47 29 14 16 81 23 35 52 63 32
split_gain=8585.11 64848.8 4525.61 85571.2 62290 413.508 1453.11 312.02 388.251 250.461 1416.44 202.824 175.004 1474.87 168.025 827.878 94.9614 319.003 50.828 22.1384 16.6194 0.0108123 0.00309787 2.38761e-06 3.1125e-07 6.39706e-08 6.11621e-10 7.35423e-11
threshold=2.3780444860458378 2.1976716518402104 2.3221769332885747 0.87444937229156505 0.41566109657287603 1.0764604806900027 1.9589453935623171 1.6544005274772646 -1.6828979253768919 1.1108620762825014 2.1529233455657963 2.5574723482131962 1.9891663789749148 -0.3049290925264358 3.07142186164856 1.5312768220901491 1.646543622016907 2.2120531797409062 -1.7157277464866636 2.6556066274642949 0.91892260313034069 2.4917554855346684 -0.48999169468879694 2.1042267084121709 1.270409166812897 0.6066361963748933 1.7387500405311587 1.147311329841614
decision_type=2 2 2 2 2 2 2 2 2 2 2 2 2 2 2 2 2 2 2 2 2 2 2 2 2 2 2 2
left_child=2 5 9 4 -4 19 26 8 -5 10 12 -10 20 -14 16 22 18 -18 -11 21 -1 23 -16 -2 -6 -26 27 -7
right_child=1 -3 3 7 24 6 -8 -9 11 14 -12 -13 13 -15 15 -17 17 -19 -20 -21 -22 -23 -24 -25 25 -27 -28 -29
leaf_value=-0.05267459031152788 -0.050215722448238166 30.64693912176552 31.733006365432164 -19.648647848145337 -0.050094848002954689 -0.050089051242605487 -13.911629632686521 0.29705799389640641 -0.059057068428392506 -0.58122911570956892 4.7104715988357952 -0.95103298334558706 5.2424373284187729 0.099908720990021391 -0.060516564591252181 -5.803418728255215 -0.32822685091115272 -3.0989935665519925 -0.13546320498299735 -0.59325741134910892 0.01430263227169455 -0.064323547839525194 -0.050591649121542008 -0.050465425008482029 -0.050175662589065841 -0.050236957782679614 -0.050096941662929328 -0.050085193505112424
leaf_weight=121.9716152382293 0.53301424038364931 0.19545870274305333 0.37755932392113756 0.0025512092012717194 0.077443053363822401 0.028387686004862078 0.025249254477117233 8.1493984545613944 7.0152138990121324 0.64919879206170961 0.15754137083422293 0.7009958207062964 0.14170857069328846 8.6504068179546802 0.14358048141002655 0.078037154072978288 1.0922106068005382 0.11479922710077772 42.733083529538035 0.24666583028010791 10.02299966856995 0.17309346795082092 0.17378698464419629 0.11669002159032971 0.067317695240490139 0.11577129643410444 0.025005447678267956 0.021873196004889905
leaf_count=53087 143 10 30 2 26 32 20 24 392 221 39 50 62 457 1 36 257 35 9407 7 2712 1 58 23 22 25 14 13
internal_value=0.0364077 3.98777 0.00975546 0.803197 18.756 -0.465951 -3.53207 0.081279 -0.146539 -0.060684 -0.027899 -0.140091 -0.0332013 0.182794 -0.163405 -1.18957 -0.154305 -0.591756 -0.142134 -0.177776 -0.0475887 -0.053219 -0.0550818 -0.0502606 -0.0501789 -0.0502144 -0.0500906 -0.0500874
internal_weight=203.801 1.36544 202.435 16.5063 0.638091 1.16998 0.100516 15.8682 7.71876 185.929 140.944 7.71621 140.787 8.79212 44.9847 0.395405 44.5893 1.20701 43.3823 1.06946 131.995 0.822798 0.317367 0.649704 0.260532 0.183089 0.0752663 0.0502609
internal_count=67206 263 66943 571 103 253 79 468 444 66372 56357 442 56318 519 10015 95 9920 292 9628 174 55799 167 59 166 73 47 59 45
is_linear=0
shrinkage=0.05


Tree=4
num_leaves=25
num_cat=0
split_feature=15 12 81 43 79 75 49 20 4 24 25 15 0 0 15 15 2 21 32 20 68 31 0 1
split_gain=156.635 256.693 161.002 169.258 3197.95 150.409 97.0819 100.968 246.098 365.526 209.603 69.7498 80.6012 68.2622 724.498 78.3549 52.5481 18.5549 16.4466 9.59641 35.3697 9.05949 0.00785549 4.17835e-10
threshold=3.0476642847061162 1.0000000180025095e-35 -0.48999169468879694 -1.7696952819824217 0.88514706492424022 1.8396772742271426 0.72464615106582653 -0.057363787665963166 1.6832159757614138 1.1346616148948672 1.8931177258491518 2.1854047775268559 2.3893173933029179 2.0167753696441655 2.6849206686019902 2.4232695102691655 2.112045526504517 1.4550833702087405 2.1047182083129887 1.76659631729126 1.7101486325263979 2.8055191040039067 1.4431787729263308 0.68624028563499462
decision_type=2 2 2 2 2 2 2 2 2 2 2 2 2 2 2 2 2 2 2 2 2 2 2 2
left_child=2 -2 3 4 22 16 13 11 10 -10 -9 12 -8 14 15 -4 18 -13 -5 20 -7 -15 23 -1
right_child=1 -3 6 5 -6 19 7 8 9 -11 -12 17 -14 21 -16 -17 -18 -19 -20 -21 -22 -23 -24 -25
leaf_value=-0.050103903616832479 1.2146839718061266 0.085780684296706211 -0.058222846660100518 -0.061151026226765104 11.312803163412759 -0.10511726448560153 -0.076240809853097627 -0.1136465773057994 -6.4256365139078646 -0.050148096923121888 -0.40230158659027304 0.0054321224993831097 -0.45973145491404827 0.044482703872030377 -6.1100104782287632 -1.0482646370743212 0.14432422017022348 0.16561327357498562 -0.48227586597128308 0.24620169963773564 0.24135105518881508 0.179681695047435 -0.060020971351957886 -0.050108754042452235
leaf_weight=0.66841479833237716 0.59627637600716887 3.2380005088599959 111.68753971763559 24.956406421814382 0.066004192689433694 1.0507509597663456 15.703830582354763 27.583036461381564 0.03920983495481678 0.052696493177791126 8.1463302821178178 4.2228043476562496 1.5011367581680968 2.104780599357496 0.049505839635258009 0.20020595944519826 3.4009060874814159 3.1613943576812744 0.23401660210407982 4.8652016054838896 2.4639738132245839 3.0125362873077393 0.27694335579872131 0.047559484373778105
leaf_count=323 45 89 48290 5308 16 121 4202 7533 22 19 699 122 139 105 28 76 5 1 28 8 2 1 2 22
internal_value=-0.0554304 0.261339 -0.0610666 0.0322931 0.655569 0.0144413 -0.0810733 -0.132551 -0.186107 -2.77011 -0.17946 -0.0545315 -0.1097 -0.0545061 -0.0626701 -0.0599944 -0.0401568 0.0740104 -0.0650632 0.200724 0.137772 0.124074 -0.0528702 -0.0501042
internal_weight=219.329 3.83428 215.495 38.0302 1.05892 36.9713 177.465 60.4104 35.8213 0.0919063 35.7294 24.5892 17.205 117.055 111.937 111.888 28.5913 7.3842 25.1904 8.37993 3.51472 5.11732 0.992918 0.715974
internal_count=67206 134 67072 5835 363 5472 61237 12737 8273 41 8232 4464 4341 48500 48394 48366 5341 123 5336 131 123 106 347 345
is_linear=0
shrinkage=0.05


Tree=5
num_leaves=24
num_cat=0
split_feature=14 58 21 2 22 61 75 61 75 35 51 15 12 7 51 47 59 26 15 11 67 53 15
split_gain=183.549 1554.78 373.442 2534.12 141.891 191.112 139.8 122.862 106.523 114.732 89.8196 105.554 139.028 100.538 61.2477 56.5533 50.9597 34.1853 33.1377 28.0641 2.96741 0.141618 4.46278e-05
threshold=1.2239693403244021 2.3822287321090703 -0.91032764315605152 1.8023461699485781 -1.979881703853607 1.1206213235855105 3.7639402151107793 1.8414884209632876 1.8396772742271426 0.73834535479545604 2.6616644859313969 1.3766648173332217 -2.6092015504837032 0.38035850226879125 0.6991814672946931 -1.7157277464866636 2.4795138835906987 11.333387374877931 1.9891663789749148 -0.020137468352913853 0.14775326102972033 2.3668600320816044 1.1804265975952151
decision_type=2 2 2 2 2 2 2 2 2 2 2 2 2 2 2 2 2 2 2 2 2 2 2
left_child=1 6 3 14 5 -4 7 8 17 -10 11 15 -13 19 -2 -6 -15 -1 20 -12 -9 22 -16
right_child=2 -3 4 -5 10 -7 -8 18 9 -11 13 12 -14 16 21 -17 -18 -19 -20 -21 -22 -23 -24
leaf_value=-0.066387915648440252 -1.8136009948741685 5.1578197078479242 -4.390604303153582 -12.41354861557422 -0.79338677480652364 -0.051222541932865198 -2.3922866858403817 -0.28349409677169812 -0.099745056932538795 0.19127141326561248 -0.18656794819394557 -1.1275697458522702 -0.30221778108509656 0.071815291894718705 -0.050092398306743592 -0.12846196937155491 -0.32092321091189874 -0.94981535719017529 0.14815084712956259 -0.61591692730524816 -0.059726338626590131 0.036214260088377935 -0.05135550462492508
leaf_weight=141.28687035763855 0.056416145776890025 0.14382812881385021 0.045992752745631971 0.048257481940140678 0.32521745467238616 0.056595391011796892 0.063298628809063895 0.16181810887064285 5.5876252201747727 8.5986887330205342 5.2579889749374624 0.56696023615822877 5.0988904840052536 10.367885403682777 0.16994239612904494 19.130172727550733 0.89745872733902921 0.1095907730050375 10.098766427137893 0.41030169976147401 1.7549713329865411 0.056083996125380509 0.1188271951895481
leaf_count=56688 38 8 33 31 169 15 24 20 1501 147 628 68 808 373 100 6231 28 53 43 52 122 11 15
internal_value=-0.0620321 -0.0385007 -0.154709 -1.58822 -0.139424 -1.99667 -0.0429583 -0.0420711 -0.053968 0.0766475 -0.134893 -0.194886 -0.384808 -0.0458925 -0.286343 -0.139577 0.0405276 -0.0670726 0.111976 -0.217647 -0.0786171 -0.0364915 -0.0506122
internal_weight=210.412 167.805 42.607 0.449527 42.1575 0.102588 167.662 167.598 155.583 14.1863 42.0549 25.1212 5.66585 16.9336 0.40127 19.4554 11.2653 141.396 12.0156 5.66829 1.91679 0.344854 0.28877
internal_count=67206 58606 8600 195 8405 48 58598 58574 58389 1648 8357 7276 876 1081 164 6400 401 56741 185 680 142 126 115
is_linear=0
shrinkage=0.05


Tree=6
num_leaves=25
num_cat=0
split_feature=2 68 25 40 14 14 42 16 75 35 47 54 62 81 33 75 40 30 0 16 48 63 74 17
split_gain=187.813 461.883 182.023 217.714 162.744 158.816 115.942 149.404 93.503 88.2629 79.0188 265.582 82.525 100.163 64.7629 50.3386 45.5504 42.2689 32.2147 28.1928 21.2627 1.64698 0.782443 1.08821e-08
threshold=2.6858440637588505 1.1968194246292116 2.3200205564498906 1.2975120544433596 1.5324435830116274 1.1108620762825014 1.8857456445693972 2.2888942956924443 1.8396772742271426 0.73834535479545604 -0.96786209940910328 2.0290224552154545 -0.95353436470031727 -0.48999169468879694 1.9221617579460146 0.5379699468612672 2.0546138286590581 2.4542443752288823 2.0640821456909184 -1.2099958062171934 2.0458062887191777 2.1880396604537968 0.4503640085458756 -1.0441489219665525
decision_type=2 2 2 2 2 2 2 2 2 2 2 2 2 2 2 2 2 2 2 2 2 2 2 2
left_child=2 23 5 -4 20 8 17 -8 16 19 11 14 13 -12 -7 -14 18 -6 -1 -10 21 -5 -11 -2
right_child=1 -3 3 4 6 10 7 -9 9 22 12 -13 15 -15 -16 -17 -18 -19 -20 -21 -22 -23 -24 -25
leaf_value=-0.062596792719756836 -0.050114044352420006 -8.173350026663611 0.40613218064825651 0.10716013058908143 -0.43710411326803078 -0.20172633780320731 -1.7090352630693948 -0.16196336101561196 -1.5479094569384866 0.17759851074577107 -3.3734733353178541 -4.2002639044039318 -0.10706832671768228 -0.050069022607286767 -1.0876544031757296 -0.24290199886625752 0.11114621764048423 -0.066825874956653833 -0.88094957783468297 -0.080745147249095081 0.00087456836050089437 0.14775398737752349 0.14728483916129378 -0.05015733982560399
leaf_weight=130.02610518837437 0.036327870562675453 0.0246208161694733 4.1729103424979419 3.9786025301383088 0.96295805251220556 0.87421854953499856 0.28503525853338008 0.34487463592085987 0.032952113426289453 6.0701858870161223 0.043848295928910375 0.048182727197003561 24.015691804781937 0.046943399364315463 0.26999555152593757 9.5261699250918834 3.8503809007816008 3.8610496941837482 0.12036902665721427 5.1647078521273766 4.2881981877758362 6.7173194764181972 3.2783715133165581 0.024169191252451157
leaf_count=55237 32 17 93 88 75 538 40 10 16 7 4 29 6477 42 51 2792 32 49 47 1411 19 4 80 16
internal_value=-0.0516243 -2.39982 -0.0506633 0.0770161 0.00981921 -0.0677999 -0.224045 -0.862016 -0.0452692 0.0751315 -0.163902 -0.563902 -0.149721 -1.65512 -0.410775 -0.145646 -0.0583394 -0.14074 -0.0633537 -0.0900467 0.0949411 0.132654 0.166968 -0.0501313
internal_weight=208.064 0.0851179 207.979 24.6109 20.438 183.368 5.45392 0.62991 148.543 14.5462 34.8251 1.1924 33.6327 0.0907917 1.14421 33.5419 133.997 4.82401 130.146 5.19766 14.9841 10.6959 9.34856 0.0604971
internal_count=67206 65 67141 378 285 66763 174 50 56830 1514 9933 618 9315 46 589 9269 55316 124 55284 1427 111 92 87 48
is_linear=0
shrinkage=0.05


Tree=7
num_leaves=31
num_cat=0
split_feature=3 8 13 14 36 11 20 75 0 35 15 77 22 18 20 20 74 62 44 7 37 42 39 75 35 29 24 16 0 2
split_gain=219.661 586.261 7032.21 156.912 90.4974 268.31 622.899 76.194 82.5606 82.3606 79.0595 2112.2 64.0353 307.22 293.13 47.873 56.5228 51.6719 267.862 49.3639 45.9148 45.3296 38.7564 37.382 25.4517 24.2867 35.8979 24.0435 24.135 2.16522
threshold=2.105292916297913 0.21269965916872027 -1.7631236314773557 1.3233668804168703 1.6181702017784121 -0.053223697468638413 1.2647920250892641 1.8396772742271426 1.9162480831146242 0.73834535479545604 2.3221769332885747 -0.53866973519325245 -1.3379283547401426 -1.5447768568992613 -1.1712543964385984 0.37597535550594335 2.1699775457382207 1.7130564451217654 0.32370740175247198 1.0350275635719302 -0.2540000975131988 1.6859181523323061 2.1531879901885991 -3.0841723680496211 1.7321651577949526 2.1529233455657963 2.312421560287476 -1.2099958062171934 1.886681139469147 1.2285472154617312
decision_type=2 2 2 2 2 2 2 2 2 2 2 2 2 2 2 2 2 2 2 2 2 2 2 2 2 2 2 2 2 2
left_child=3 2 -2 7 5 6 -3 8 10 27 23 -12 13 -5 -15 16 19 20 -19 -14 -17 -16 -4 -1 -6 26 -10 -9 -29 -11
right_child=1 4 22 12 24 -7 -8 9 25 29 11 -13 15 14 21 17 -18 18 -20 -21 -22 -23 -24 -25 -26 -27 -28 28 -30 -31
leaf_value=-0.23368205444731088 13.781598500239733 -0.052354612254267532 -0.092407757292980619 -8.6270694991495791 0.12487421459654689 -0.071829008809898912 -6.7635941666654222 -1.4182964751067393 -0.0012839668257478428 0.15839273299743989 -15.66356795944017 -0.20300171666866373 -0.057564842776618011 -5.6287842522766169 -0.2663877105726063 -1.4261135343423943 -1.1220566430395591 -2.9075598006119625 -0.3286648298582473 -0.51601062716848956 -0.16346228804086657 -1.653942994160104 -1.2461065396658713 -0.063235233786048256 -0.035140688168961584 0.096100204103815534 -0.52477418414144539 -0.069381578375104211 -0.5817736393443893 0.11011634091549334
leaf_weight=3.2997731904615639 0.10122403216166243 0.10282242831991033 0.71513019321210114 0.011651824737782701 10.804809714784005 0.99377470265608292 0.052089293939874895 0.034408810199236473 2.8708212367669117 6.4819501501042387 0.02241652385343762 1.5235732680064709 10.500901226539765 0.02686193699537387 1.0594216538505157 0.072658543950396282 0.13249355132575225 0.10422451582324788 2.9687505445514146 0.62196089295616808 7.9297306792824305 0.062322670458343166 0.081044068490882637 127.93311143529223 3.2273205029762257 10.215393032159115 0.36965295921979091 5.12418763742187 0.24060873554844864 3.6195116682769415
leaf_count=351 8 40 157 14 51 69 21 16 94 4 31 266 2463 20 329 92 40 39 403 279 2238 43 33 58147 45 31 97 1589 14 182
internal_value=-0.0507261 0.126551 1.36835 -0.0661142 0.0531431 -0.373536 -2.30902 -0.0485756 -0.0597489 0.0568334 -0.0717086 -0.427177 -0.186867 -0.54903 -0.467084 -0.16805 -0.0954289 -0.241852 -0.416132 -0.0831999 -0.174927 -0.343478 -0.209845 -0.067521 0.0880716 0.0582668 -0.0610004 -0.100812 -0.0923621 0.141095
internal_weight=201.305 16.0782 0.897398 185.226 15.1808 1.14869 0.154912 161.735 146.235 15.5007 132.779 1.54599 23.491 1.16026 1.14861 22.3307 11.2554 11.0754 3.07298 11.1229 8.00239 1.12174 0.796174 131.233 14.0321 13.4559 3.24047 5.39921 5.3648 10.1015
internal_count=67206 424 198 66782 226 130 61 60822 59017 1805 58795 297 5960 406 392 5554 2782 2772 442 2742 2330 372 190 58498 96 222 191 1619 1603 186
is_linear=0
shrinkage=0.05


Tree=8
num_leaves=31
num_cat=0
split_feature=76 33 17 15 80 10 43 25 27 14 61 35 8 11 80 46 4 8 75 14 20 43 81 33 21 32 1 2 11 43
split_gain=218.4 1131.84 1168 178.919 176.205 288.084 255.811 142.245 158.982 385.096 104.449 93.8449 79.1759 77.4694 74.6206 120.054 66.4569 53.5325 39.0305 29.0328 22.663 14.3282 65.2553 13.5376 11.2571 5.93214 4.49336 0.130904 5.49513e-08 1.21867e-08
threshold=3.8887245655059819 1.8081505894660952 -1.1489102244377134 1.9891663789749148 -0.79719924926757801 -0.58492878079414357 -1.106810390949249 1.4598112106323244 0.18953645229339602 1.9643077850341799 0.67919856309890758 1.9221879839897158 0.41862933337688452 0.012946236878633501 -1.1372483968734739 0.52517226338386547 1.4933141469955447 0.45867127180099493 -2.8011924028396602 1.7003913521766665 1.1803380250930788 -1.7696952819824217 -0.48999169468879694 0.77255329489707958 -2.0442181825637813 0.99513113498687755 1.7343032956123354 2.1519452333450322 0.18663884699344638 0.85832285881042492
decision_type=2 2 2 2 2 2 2 2 2 2 2 2 2 2 2 2 2 2 2 2 2 2 2 2 2 2 2 2 2 2
left_child=3 27 -3 7 11 -6 -7 18 10 12 23 16 -10 -12 15 -13 17 -5 24 -16 -8 22 -20 -9 -1 -26 -23 28 29 -2
right_child=1 2 -4 4 5 6 20 8 9 -11 13 14 -14 -15 19 -17 -18 -19 21 -21 -22 26 -24 -25 25 -27 -28 -29 -30 -31
leaf_value=-0.88721061473377194 -0.050090525678638455 -0.050155624580986047 -21.037902330321273 -0.17181017641959692 -7.4407928543879338 -2.0531140649527337 -0.071322516574671174 -0.64547685495279827 -0.05009449311585093 -5.7247765366605883 -0.2337398821127144 -0.43301389339889867 -2.5286859870529801 -0.032931348284249644 0.026010318341433494 -2.772191630448491 0.27848680320364438 0.079553234438095421 -0.42841020570528415 -0.4206193148881549 -0.24048952554438305 -0.051379256849178268 -0.05008031179394893 -0.39714229921869715 -0.069834477455166827 -0.21636505854984756 0.0021531034163136818 0.050230797064398196 -0.050156481745501517 -0.050030444039796132
leaf_weight=0.05873044196050603 0.01761913879753757 0.012362237088382244 0.014294046908618629 2.2462167952518746 0.01343815566580886 0.16878330820790033 13.468385747721738 0.71714171634765778 0.16191373224581695 0.043593057847829186 10.378108463705912 0.22473431533417235 0.040224195676273666 8.9405708301958331 0.98133596905308895 0.072562118883022414 4.0262241531290845 37.146420811263894 1.4021253943792542 0.57827016375658657 2.3210003886395869 97.10541447216022 6.0911319815310767 2.3377614708924739 0.83706798813463024 3.9503378310396648 4.0848284725798285 0.068605612145989037 0.027962353779003024 0.016200504061998799
leaf_count=35 14 16 27 167 10 37 576 24 102 23 2204 73 39 1626 46 43 32 268 358 14 105 56205 3844 98 412 317 427 9 9 46
internal_value=-0.0527166 -1.91657 -11.3045 -0.0512338 0.0197392 -0.123049 -0.116887 -0.0831613 -0.197659 -1.46252 -0.183767 0.0701097 -0.543319 -0.140807 -0.277977 -1.00394 0.0849964 0.0652202 -0.0603492 -0.139591 -0.0961896 -0.0541585 -0.120873 -0.455439 -0.199185 -0.190744 -0.0492183 0.00268853 -0.0501046 -0.0500617
internal_weight=197.553 0.157044 0.0266563 197.396 61.2474 15.9716 15.9582 136.149 22.6193 0.245731 22.3736 45.2758 0.202138 19.3187 1.8569 0.297296 43.4189 39.3926 113.53 1.55961 15.7894 108.684 7.49326 3.0549 4.84614 4.78741 101.19 0.130388 0.061782 0.0338196
internal_count=67206 121 43 67085 1371 728 718 65714 4116 164 3952 643 141 3830 176 116 467 435 61598 60 681 60834 4202 122 764 729 56632 78 69 60
is_linear=0
shrinkage=0.05


Tree=9
num_leaves=31
num_cat=0
split_feature=1 32 15 80 25 11 7 7 12 16 42 22 15 24 16 80 23 61 75 15 81 43 20 10 43 20 79 81 30 22
split_gain=248.09 592.264 170.483 149.093 118.139 106.021 105.285 122.15 97.8096 200.347 73.9859 68.5355 50.2141 62.5131 736.059 54.9054 43.1539 33.2709 31.2133 15.6706 149.137 14.7864 14.6761 11.8431 7.44952 7.39039 5.95514 76.8205 6.39128 4.2703
threshold=2.2076222896575932 0.70406764745712291 1.9891663789749148 -0.79719924926757801 1.4598112106323244 0.012946236878633501 0.084701348096132292 0.16917490959167483 -2.6092015504837032 1.246671795845032 1.7102874517440798 -1.979881703853607 2.3221769332885747 0.87817174196243297 1.0977827906608584 -0.51831498742103566 2.4743616580963139 0.48136219382286077 -2.4616166353225704 -2.6373016834259029 -0.48999169468879694 1.29026734828949 2.164268016815186 1.1469789743423464 -1.7696952819824217 -0.59975519776344288 0.97664654254913341 -0.48999169468879694 1.8274787664413454 0.69492417573928844
decision_type=2 2 2 2 2 2 2 2 2 2 2 2 2 2 2 2 2 2 2 2 2 2 2 2 2 2 2 2 2 2
left_child=2 -2 4 6 18 8 10 -8 9 -6 29 -10 21 14 -14 -15 -9 -7 26 20 -20 25 -19 -23 -21 -5 28 -28 -1 -4
right_child=1 -3 3 12 5 17 7 16 11 -11 -12 -13 13 15 -16 -17 -18 22 19 24 -22 23 -24 -25 -26 -27 27 -29 -30 -31
leaf_value=-0.062161219873062501 -10.554523403791134 -0.05007763463218956 -0.074860274182306272 0.018236019565237908 -2.2609044183285261 -0.33405841432134475 0.5188197413959531 0.091680771793599791 -1.3065513958127017 -0.42549456996440727 -0.82850089699625151 -0.22530729228457866 -10.456589423530604 -1.0487555104304536 -0.046907715637449769 -0.1764262732699754 -0.038116533919963523 -0.073802909891193882 -2.8626784764212374 -0.10246655086587131 -0.05007105268924348 -0.11313401437460568 0.065430574629575439 -0.40819863084900165 -0.04845305207074898 -0.076095974954626208 -2.3731412743136513 -0.050067275152745241 -0.18886098326148185 -0.24322326086994894
leaf_weight=1.287527294320143 0.019039585837179795 0.045452650543307271 1.3514428878365357 2.6385439444301122 0.18019838032887858 1.0145874057197932 1.5515635270427512 33.638396283887204 0.14840254053490198 0.8500789174348663 0.46156805152248792 11.788253268045517 0.019217343947440069 0.1972579378303928 0.14596290414524388 2.1085006146075589 7.9093600073865309 6.3115990466116099 0.05218332726508379 6.8414806173817899 0.48680337095726045 0.89668302214704343 2.7032229900360107 0.54784358374308795 95.374379025108254 9.7437697146569384 0.041813477233517915 0.23898010611300247 4.3861803577456158 0.52212852481170569
leaf_count=787 27 36 66 84 20 11 27 339 33 82 27 2256 22 54 105 162 173 1749 17 4027 358 17 1 40 56095 246 12 200 119 14
internal_value=-0.0506134 -3.15123 -0.0495797 0.0189826 -0.0817158 -0.184676 0.0655213 0.0832379 -0.279094 -0.746513 -0.261472 -0.23875 -0.110756 -0.318367 -1.25799 -0.251054 0.0669715 -0.0626031 -0.0599357 -0.0534862 -0.322381 -0.0736553 -0.0320518 -0.225039 -0.0520683 -0.0559948 -0.171233 -0.396 -0.160109 -0.12178
internal_weight=193.502 0.0644922 193.438 61.7322 131.706 22.9963 45.4345 43.0993 12.9669 1.03028 2.33514 11.9367 16.2978 2.47094 0.16518 2.30576 41.5478 10.0294 108.709 102.755 0.538987 13.8268 9.01482 1.44453 102.216 12.3823 5.9545 0.280794 5.67371 1.87357
internal_count=67206 63 67143 1376 65767 4152 646 539 2391 102 107 2289 730 343 127 216 512 1761 61615 60497 375 387 1750 57 60122 330 1118 212 906 80
is_linear=0
shrinkage=0.05


Tree=10
num_leaves=31
num_cat=0
split_feature=76 14 40 70 15 8 25 12 3 9 8 25 2 80 8 27 66 22 21 21 72 16 25 65 80 76 76 76 21 15
split_gain=259.393 1198.75 5115.86 13062.7 163.204 139.874 106.421 67.5163 140.179 179.51 68.9866 136.868 87.4391 66.0525 63.7891 758.099 62.3061 69.6091 155.186 34.5579 33.4093 29.6976 18.4894 54.3668 39.1309 20.1947 15.4371 15.2281 12.3246 9.41179
threshold=3.8887245655059819 1.0286022424697878 1.4928933382034304 0.44907292723655706 1.9891663789749148 0.092573843896389021 1.7287600636482241 -2.6092015504837032 1.6162528991699221 1.5614753961563113 0.95633488893508922 2.1343181133270268 1.1525478363037112 -0.79719924926757801 0.50443340837955486 -0.51362621784210194 1.7400009632110598 0.69492417573928844 0.86546027660369884 1.3835905790328982 1.5298609137535097 1.2838938832283022 1.4598112106323244 1.3468219041824343 -1.4108999371528623 -1.5513271093368528 0.45290234684944158 0.78694066405296337 1.5457946658134463 2.4232695102691655
decision_type=2 2 2 2 2 2 2 2 2 2 2 2 2 2 2 2 2 2 2 2 2 2 2 2 2 2 2 2 2 2
left_child=4 -2 3 -3 6 16 22 8 21 -10 12 -12 -9 14 15 -7 19 18 -18 29 -16 -8 25 24 -24 28 -15 -28 -1 -6
right_child=1 2 -4 -5 5 13 7 10 9 -11 11 -13 -14 26 20 -17 17 -19 -20 -21 -22 -23 23 -25 -26 -27 27 -29 -30 -31
leaf_value=-0.11874142700533319 0.01280251518922477 -0.050019691985421701 -0.05008710861795488 -163.68429672102891 -0.069051779912850539 2.9094577003343591 -0.72119141278631838 -1.6212045193476496 -3.5419799191364825 -0.46443121550452438 -0.21435097078000204 -1.0564375312919454 -0.081986687458897645 0.018489831205944433 0.1003469391559102 -0.032741030435443651 -2.3011166841881301 -0.15081001862220467 -0.19386973334159774 -0.38919143337398143 0.0081668491571513912 -0.12195058066504672 -0.8564957377005451 0.00054908951712175785 -0.19447442398095194 -0.051377661844642056 -0.37186360841767574 -0.099241099892912674 -0.81616823993124632 -0.33059111977197364
leaf_weight=11.02050455750344 0.10810659323628613 0.0036432762259286339 0.019223049224819988 0.001833356594460048 8.286069774312919 0.25288700918265838 0.32458389252133346 0.093516609410014939 0.085102395774838357 0.10690392760261602 2.273305923272495 0.61255621961993245 6.9036642445888878 2.6736583757534653 25.447573082340739 1.630888047385701 0.15206594038012688 0.43951620161533356 0.20535857349102571 1.0085559593009197 16.015946324152473 0.56955592203880245 0.23106972968503292 4.9753243679662376 6.5631202823765564 93.629634994196095 0.57522195046539426 4.6772174706316312 0.063711649258039738 0.35888263105954799
leaf_count=3998 32 30 31 28 361 45 7 47 29 15 297 77 1442 49 203 89 21 2 26 27 137 72 93 947 1090 57553 25 218 47 168
internal_value=-0.0488637 -2.25782 -12.196 -54.8282 -0.0473129 0.0194214 -0.0796316 -0.228518 -0.602705 -1.82848 -0.187395 -0.393093 -0.102558 0.0534022 0.0776693 0.362234 -0.1473 -0.57221 -1.0904 -0.112222 0.0647409 -0.339482 -0.0656111 -0.12503 -0.21699 -0.0589326 -0.0793128 -0.129097 -0.12275 -0.0799092
internal_weight=189.309 0.132806 0.0246997 0.00547663 189.176 61.7238 127.453 10.9692 1.08615 0.192006 9.88304 2.88586 6.99718 51.2734 43.3473 1.88378 10.4504 0.796941 0.357425 9.65351 41.4635 0.89414 116.483 11.7695 6.79419 104.714 7.9261 5.25244 11.0842 8.64495
internal_count=67206 121 89 58 67085 1371 65714 1986 123 44 1863 374 1489 766 474 134 605 49 47 556 340 79 63728 2130 1183 61598 292 243 4045 529
is_linear=0
shrinkage=0.05


Tree=11
num_leaves=19
num_cat=0
split_feature=76 33 58 15 8 25 8 17 22 20 6 66 31 15 7 75 74 35
split_gain=2606.68 187.186 456.58 148.43 120.306 78.1447 73.8633 1805.58 58.0288 36.3724 79.1894 31.5083 41.0161 22.1966 18.9439 16.549 18.9497 2.27471
threshold=4.2704825401306161 2.6860337257385258 1.518674433231354 1.9891663789749148 0.092573843896389021 1.7287600636482241 0.3385454416275025 -0.81217747926712025 -0.054021480522351333 1.7149398922920229 -0.32635419070720667 1.7400009632110598 2.5498571395874028 -0.08025632798671721 1.0983827114105227 -2.4616166353225704 0.61413669586181652 0.85235878825187694
decision_type=2 2 2 2 2 2 2 2 2 2 2 2 2 2 2 2 2 2
left_child=1 3 -3 5 11 15 7 -6 -8 13 -11 14 -13 -7 -5 17 -17 -1
right_child=-2 2 -4 4 6 9 8 -9 -10 10 -12 12 -14 -15 -16 16 -18 -19
leaf_value=-0.050059869023836315 9.1808841362515334 -8.0899081384493723 -0.050596481815606331 -0.079607772924452036 6.3356465858665807 -0.84751483580965203 0.072978918963795103 -0.15270685993520913 -0.044703161837112135 -1.4987994162156135 -0.16542937392787491 -0.71425972683442307 -0.096356866578843403 -0.17470189079189763 -0.28504921514556436 -0.047788363076207235 -0.097161083268656467 -0.14824435774445502
leaf_weight=0.65004570023306918 0.076559071221736441 0.024876465008796568 0.060890774150853332 8.2616011627672243 0.11748143684252088 0.12395738654106203 35.728524374014938 1.2279642630989922 14.8204091395568 0.16892224171033376 0.32674531725548561 0.51639378136696013 0.55961371958255768 11.074181372236083 1.298462782273387 79.238503405037235 25.749771854204056 6.3759335439732556
leaf_count=566 45 27 38 530 41 28 296 112 318 34 51 46 3 1865 27 49643 12963 573
internal_value=-0.0432593 -0.0470494 -2.38237 -0.045974 0.01681 -0.0777093 0.0482078 0.413842 0.0384758 -0.200702 -0.619838 -0.136383 -0.392899 -0.18215 -0.107511 -0.0648693 -0.0598977 -0.13916
internal_weight=186.401 186.324 0.0857672 186.239 62.5305 123.708 51.8944 1.34545 50.5489 11.6938 0.495668 10.6361 1.07601 11.1981 9.56006 112.014 104.988 7.02598
internal_count=67206 67161 65 67096 1373 65723 767 153 614 1978 85 606 49 1893 557 63745 62606 1139
is_linear=0
shrinkage=0.05


Tree=12
num_leaves=19
num_cat=0
split_feature=76 33 3 35 15 25 80 35 50 41 80 75 11 15 3 21 74 1
split_gain=3643.41 276.151 645.697 1433.64 138.988 118.476 106.574 112.46 104.36 63.3785 25.0265 148.674 21.9291 15.8947 15.628 14.328 9.8245 6.44524
threshold=4.9385588169097909 2.6860337257385258 1.7629644870758059 1.9221879839897158 1.923753619194031 1.4598112106323244 -0.79719924926757801 2.0723054409027104 2.9148851633071904 1.9067310094833376 -1.4123142361640928 0.87754574418067943 0.12874046713113788 -1.5252842903137205 2.1541967391967778 1.5727005600929262 1.4330003261566164 1.7343032956123354
decision_type=2 2 2 2 2 2 2 2 2 2 2 2 2 2 2 2 2 2
left_child=1 4 -3 -4 5 13 7 8 -6 -9 11 -7 -12 15 16 -1 -8 -15
right_child=-2 2 3 -5 6 10 14 9 -10 -11 12 -13 -14 17 -16 -17 -18 -19
leaf_value=-0.11258938026911397 12.861144830137121 -0.050772024412263111 -29.493274766748797 -0.05007328036190304 0.044668047576560302 -0.050122549616191697 -0.11097075291441133 -0.72474005054354851 0.4489840173845594 -0.13248079142044397 -0.20466602747928964 -4.711249895987601 -0.071788193607771361 -0.054227580988727646 -0.38058457731219109 -0.93496665478280494 -0.028004090908565777 0.01115635566303199
leaf_weight=10.295406406321316 0.054653063417389514 0.04060396561517518 0.0067927491397199473 0.010564186415379619 48.16615859498318 0.090219593938743015 13.415445075561609 0.64899398616387971 1.6506967266638088 1.4859459866988798 18.576699220903166 0.021110906590941836 3.7280874301454601 80.279529423324306 0.47106268521133543 0.053238270455040815 4.8610663720971585 3.9547684131539418
leaf_count=4209 22 14 20 31 657 91 745 98 26 23 3127 24 743 56779 13 21 124 439
internal_value=-0.0466988 -0.0504561 -3.50117 -11.5729 -0.0493905 -0.0828366 0.00595879 0.0428361 0.0580652 -0.31252 -0.186189 -0.933983 -0.182456 -0.0583422 -0.0962328 -0.11682 -0.0889038 -0.0511578
internal_weight=187.811 187.756 0.0579609 0.0173569 187.698 116.999 70.6994 51.9518 49.8169 2.13494 22.4161 0.111331 22.3048 94.5829 18.7476 10.3486 18.2765 84.2343
internal_count=67206 67184 65 51 67119 65433 1686 804 683 121 3985 115 3870 61448 882 4230 869 57218
is_linear=0
shrinkage=0.05


Tree=13
num_leaves=22
num_cat=0
split_feature=76 1 14 15 8 34 8 0 3 3 12 8 76 1 76 21 71 14 4 18 42
split_gain=376.418 124.954 827.182 127.915 99.8459 81.5711 90.7855 65.4106 29.3754 25.3557 41.3801 16.6098 78.3588 14.3017 13.294 11.9974 11.043 0.345226 8.435e-05 6.61675e-09 2.54778e-09
threshold=4.3659222126007089 2.1475183963775639 1.2342520356178286 1.923753619194031 0.092573843896389021 2.1521906852722172 0.17265772074460986 1.6501467823982241 2.105292916297913 2.1541967391967778 0.51276007294654857 1.4082361459732058 -0.3583333939313888 1.5408434271812441 -1.5513271093368528 1.0399641394615176 2.4778283834457402 1.4021991491317751 0.85056927800178539 1.591768801212311 1.6859181523323061
decision_type=2 2 2 2 2 2 2 2 2 2 2 2 2 2 2 2 2 2 2 2 2
left_child=1 3 -3 7 9 6 -6 8 14 13 -11 16 -13 -5 -1 -7 -9 -10 -4 20 -20
right_child=-2 2 18 4 5 15 -8 11 17 10 -12 12 -14 -15 -16 -17 -18 -19 19 -21 -22
leaf_value=-0.1140001377068271 1.5426212873257623 -11.947033317134114 -0.052821863031175954 -0.10477971546000786 0.45215458336085756 -0.40816669092295188 0.033764777520898535 -0.19311725643603164 -0.29592794755284313 -1.0939463761105361 -0.11274083535161815 -2.5782502051396126 -0.28784527248298297 -0.38602899474178032 -0.056090122725485338 -0.17318631932900636 -0.089273139537774784 -0.35447256600670068 -0.050030640633574756 -0.050080179108943468 -0.050058940820335809
leaf_weight=11.198117261369559 0.37257375334206599 0.016811056651310538 0.050568319857120535 9.9669257707944716 1.3275499727167517 0.81086145006928889 55.551054895020442 10.311608496532596 0.43006687302840763 0.17785259249633156 0.27144985724589787 0.039536220742797612 0.67299990013028721 0.47347839904079769 86.178172929986886 1.6456306720716609 3.4056925259972646 0.60750959499273449 0.013571428474124403 0.028452341716935552 0.019209871716157068
leaf_count=4105 29 39 1 639 52 40 735 1797 37 30 21 37 269 88 58466 45 668 14 42 33 19
internal_value=-0.0450409 -0.0482697 -1.60621 -0.0471752 0.00580545 0.0313467 0.04353 -0.0801461 -0.0655695 -0.133362 -0.501143 -0.179561 -0.414932 -0.117535 -0.0627497 -0.250751 -0.167335 -0.330206 -0.0513106 -0.0500625 -0.0500472
internal_weight=183.57 183.197 0.128613 183.069 70.2248 59.3351 56.8786 112.844 98.4139 10.8897 0.449302 14.4298 0.712536 10.4404 97.3763 2.45649 13.7173 1.03758 0.111802 0.0612336 0.0327813
internal_count=67206 67177 134 67043 1650 872 787 65393 62622 778 51 2771 306 727 62571 85 2465 51 95 94 61
is_linear=0
shrinkage=0.05


Tree=14
num_leaves=27
num_cat=0
split_feature=76 15 2 37 80 25 17 12 15 3 22 43 79 15 11 7 58 79 48 7 76 31 79 30 61 55
split_gain=1024.89 113.938 107.437 126.987 107.386 73.2805 45.8549 53.7524 37.9847 26.2418 14.6879 13.1362 47.5112 65.4924 12.5816 15.7198 47.5272 9.29629 34.8458 7.39501 7.09968 5.96109 5.93224 3.22181 2.05816 0.0289444
threshold=4.3659222126007089 1.923753619194031 2.3191442489624028 1.2744626402854922 -0.79719924926757801 1.4598112106323244 -0.86455801129341114 0.55973923206329357 3.0476642847061162 2.105292916297913 -0.69597491621971119 -1.7696952819824217 1.0445993542671206 -2.4470099210739131 0.12874046713113788 0.63377860188484203 1.8460144400596621 1.0767726302146914 2.2989692687988286 0.042464666068553931 -1.6944863796234129 1.7385358810424807 0.92255297303199779 1.8274787664413454 0.5518414080142976 2.5463192462921147
decision_type=2 2 2 2 2 2 2 2 2 2 2 2 2 2 2 2 2 2 2 2 2 2 2 2 2 2
left_child=1 5 4 -4 6 11 8 -8 -3 10 -6 12 22 -14 15 19 -17 18 -5 -7 23 -22 -1 -13 -16 -26
right_child=-2 2 3 17 9 14 7 -9 -10 -11 -12 20 13 -15 24 16 -18 -19 -20 -21 21 -23 -24 -25 25 -27
leaf_value=-0.049500223318137804 4.5126029875318414 0.070529690943589379 -1.6268914291046692 -0.19115814848414792 -0.045679774337167495 -0.16552093068150869 0.026188157902462952 -0.26634602881535913 0.23166391705859041 -0.4945385299567483 -0.1402693589119082 -0.050047465797437324 -0.23933093866582303 -1.2883663134101269 -0.1763831782288551 -0.18184562107640112 -0.56540365135762283 -0.10603813557183382 -0.9118626939064477 -0.081249866546970445 -0.050917481100138398 0.010790863795433663 -0.17648549685648163 -0.12207128558656839 -0.055076701602905967 -0.073944899547896667
leaf_weight=4.7742779513114035 0.12333027515501171 16.678487177365426 0.17783525067525374 0.891048911270792 9.993721834371522 9.3418790440623525 27.932939245207784 1.6638451127911746 4.6847031787037876 0.39943512046311269 6.9638338707413316 2.2649925479877444 0.67516017811703932 0.19083573104580853 0.40504497289657759 5.6089460719416691 0.94350151722249886 0.84303241809512641 0.2066046923653948 3.6090017996148367 67.717460349088952 4.1536677408131188 1.1391591056378016 4.9373947396452422 2.8338019218597612 0.21896089613437641
leaf_count=4177 29 111 65 103 307 1266 342 190 11 10 544 2488 50 61 2 804 273 28 10 864 53447 1006 78 141 798 1
internal_value=-0.0438334 -0.0469684 0.00257911 -0.348091 0.0134535 -0.0790405 0.0500385 0.00974274 0.105865 -0.0939598 -0.0845242 -0.0578207 -0.124616 -0.470502 -0.158382 -0.173967 -0.237075 -0.230908 -0.326812 -0.142037 -0.052094 -0.0473512 -0.0739626 -0.0994214 -0.0704813 -0.05643
internal_weight=179.373 179.25 70.4355 2.11852 68.317 108.814 50.96 29.5968 21.3632 17.357 16.9576 85.8529 6.77943 0.865996 22.9611 19.5033 6.55245 1.94069 1.09765 12.9509 79.0735 71.8711 5.91344 7.20239 3.45781 3.05276
internal_count=67206 67177 1721 206 1515 65456 654 532 122 861 851 61448 4366 111 4008 3207 1077 141 113 2130 57082 54453 4255 2629 801 799
is_linear=0
shrinkage=0.05


Tree=15
num_leaves=29
num_cat=0
split_feature=15 16 15 8 1 25 47 31 4 80 36 32 24 42 73 16 17 11 36 43 11 4 49 76 75 75 47 61
split_gain=202.589 502.808 73.9255 107.452 74.4233 74.1579 47.3276 162.342 37.0029 27.8854 50.2916 25.5419 25.414 17.761 27.5662 17.3017 13.0498 11.9095 13.1037 10.1092 16.0256 13.3742 12.0475 9.20733 8.29469 7.62634 6.43335 1.52341
threshold=3.0476642847061162 2.106505393981934 1.8345543146133425 0.3385454416275025 1.5408434271812441 1.4598112106323244 0.1069278158247471 1.2951911091804507 0.68550056219100963 -1.4089200496673582 1.4984522461891177 2.8050428628921513 2.8201665878295903 1.5640720725059511 2.151002168655396 1.5816718935966494 -0.89448991417884816 0.10392831638455392 1.6542752981185915 -1.7696952819824217 0.88967829942703258 1.380833685398102 -0.35081692039966578 3.8410047292709355 -2.4616166353225704 0.76435378193855297 1.3889831900596621 0.62602993845939647
decision_type=2 2 2 2 2 2 2 2 2 2 2 2 2 2 2 2 2 2 2 2 2 2 2 2 2 2 2 2
left_child=2 16 5 9 8 19 7 -6 25 10 -4 17 -8 26 -15 -10 -2 18 -7 20 21 -1 -22 24 -21 -5 -11 -19
right_child=1 -3 3 4 6 11 12 -9 15 13 -12 -13 -14 14 -16 -17 -18 27 -20 23 22 -23 -24 -25 -26 -27 -28 -29
leaf_value=-0.097581075402754069 0.090095663863276568 1.1375581663630967 -4.0952232743222812 -0.14000987435341189 -0.054571696540163153 -0.19606662500862485 -0.10088803302336272 -2.9190706534598263 0.087495269265033149 -0.086954582734258865 -0.050067829939905377 -0.60014698283421009 -0.57559706551138634 -0.15723757220966444 -0.55046603189227838 0.0069826354732900392 -0.056930275137208025 -0.15623155044971315 -0.10150614271498373 -0.10885652584026373 -0.050047455628815178 -0.8953844602081702 -0.94510766174895799 -0.51021811856737642 -0.046835395462995366 -0.023195089773534155 -0.2786681990136885 -0.055955215946964267
leaf_weight=6.6783102142912005 3.7546787160026738 1.2272455301035732 0.012357490838949325 1.698204923379192 0.1715399014503749 13.363715167793737 2.6289307428158688 0.069502534738463129 26.158950048791212 13.138812614217752 0.020315023494327678 0.32589711712195324 0.31581029535626015 2.5329872753116933 0.54084822413667044 8.9576122945359256 2.5236177610559856 0.43360306322574826 5.0474146271026816 5.847477574454202 0.060145422525238246 0.052947412390494608 0.1002727371524087 0.10963638882874605 69.041010975683434 7.88289782782158 0.45267043920466754 2.9942784770949205
leaf_count=4280 46 42 24 157 29 1977 169 35 100 871 25 34 25 131 24 69 46 2 918 907 72 9 4 36 55970 240 18 946
internal_value=-0.042241 0.211933 -0.0535536 -0.0115324 0.0265535 -0.079634 -0.206935 -0.880526 0.0431951 -0.120748 -1.58004 -0.160767 -0.151798 -0.117887 -0.226427 0.0669579 0.0309973 -0.154211 -0.170143 -0.0576739 -0.115627 -0.103857 -0.609524 -0.0523485 -0.0516782 -0.0439 -0.0933397 -0.0686395
internal_weight=176.142 7.50554 168.636 64.5814 47.8834 104.055 3.18578 0.241042 44.6977 16.698 0.0326725 22.1649 2.94474 16.6653 3.07384 35.1166 6.2783 21.839 18.4111 81.8898 6.89168 6.73126 0.160418 74.9981 74.8885 9.5811 13.5915 3.42788
internal_count=67206 134 67072 1917 824 65155 258 64 566 1093 49 3877 194 1044 155 169 92 3843 2895 61278 4365 4289 76 56913 56877 397 889 948
is_linear=0
shrinkage=0.05


Tree=16
num_leaves=19
num_cat=0
split_feature=1 11 0 76 59 14 8 42 14 13 11 25 3 22 20 3 76 80
split_gain=196.732 1161.06 115.818 349.675 163.813 81.9518 63.8219 65.5591 34.3837 29.2008 17.4197 25.1899 13.6521 10.7681 6.06567 2.75089e-05 2.68074e-09 2.70206e-10
threshold=2.1475183963775639 -0.16074637323617932 2.6554186344146733 4.3659222126007089 2.1444520950317387 1.3233668804168703 0.50443340837955486 0.80497118830680858 1.8597697615623476 -1.5649629831314085 -0.90514108538627613 1.7287600636482241 2.0563887357711796 -2.621835350990295 0.56128212809562694 2.3498129844665532 0.45290234684944158 -1.1924030184745786
decision_type=2 2 2 2 2 2 2 2 2 2 2 2 2 2 2 2 2 2
left_child=2 -2 3 5 -4 6 13 -8 -6 -10 12 -12 -7 -1 -11 16 -3 -18
right_child=1 15 4 -5 8 10 7 -9 9 14 11 -13 -14 -15 -16 -17 17 -19
leaf_value=-0.62562791573223331 -17.002823388932249 -0.050054148310695282 0.40940586257270611 -4.4286927792306194 0.055170359974312591 -0.10755318303668229 -0.066742127456624986 0.040378428242742112 0.0479187397504858 -0.14649166525088719 -0.086946628621958899 -0.20764767870228398 0.053932905300675439 -0.068596816296689803 -0.31133735825819031 -0.052026804934297538 -0.050019046346909263 -0.050035487864721076
leaf_weight=0.08686922994338786 0.011797481353435418 0.021238181805917276 3.1205265060450698 0.045656977380644004 11.301180229204617 5.4034894447354462 22.658936125177192 38.640840359200027 1.5518924089001553 1.048431634950248 7.0789652680264803 11.101362119106437 1.7271210180213517 69.037753042690682 1.1930488346371131 0.037439370434909663 0.0079185982631975946 0.0036511143762021402
leaf_count=106 27 32 39 13 22 1766 11830 3907 20 15 3092 1170 20 45047 25 12 34 29
internal_value=-0.0408256 -2.48864 -0.0396713 -0.0536204 0.0796258 -0.0523378 -0.0363595 0.000782234 0.0114497 -0.118803 -0.134672 -0.16065 -0.0684393 -0.0692968 -0.234232 -0.0511006 -0.0500436 -0.0500242
internal_weight=174.078 0.0820447 173.996 155.781 18.2151 155.735 130.424 61.2998 15.0946 3.79337 25.3109 18.1803 7.13061 69.1246 2.24148 0.0702473 0.0328079 0.0115697
internal_count=67206 134 67072 66951 121 66938 60890 15737 82 60 6048 4262 1786 45153 40 107 95 63
is_linear=0
shrinkage=0.05


Tree=17
num_leaves=17
num_cat=0
split_feature=76 75 15 8 34 4 0 32 20 2 14 62 7 76 22 24
split_gain=933.405 110.192 103.466 75.9512 51.1529 47.3864 33.6991 29.0492 17.0187 59.2363 15.6102 9.78543 9.67764 44.9158 6.52791 4.94294
threshold=4.3659222126007089 3.7639402151107793 1.923753619194031 0.092573843896389021 2.1521906852722172 0.68550056219100963 1.6501467823982241 2.8050428628921513 1.3377668857574465 2.0721451044082646 1.8597697615623476 1.7130564451217654 0.63377860188484203 -0.26289389282464976 -0.80296713113784779 1.3126342892646792
decision_type=2 2 2 2 2 2 2 2 2 2 2 2 2 2 2 2
left_child=1 2 6 8 5 -5 7 11 14 -10 -6 -1 15 -14 -4 -8
right_child=-2 -3 3 4 10 -7 12 -9 9 -11 -12 -13 13 -15 -16 -17
leaf_value=-0.057707664396720863 4.1041208162869394 -1.2082891132055855 -0.066401900965501845 -0.059998023101836828 -0.11519116470830351 0.057013293893942413 -0.18714495690289867 -1.5259936530221641 -1.1682055555053561 -0.087111485096288188 -0.38865452289890978 -0.1302053306244107 -1.0926787373450835 -0.18142917172271547 -0.14950737913655127 -0.10717217468566008
leaf_weight=79.082212756718533 0.1357814557237863 0.20266943750215105 5.0540873420744754 10.584246972383985 2.2099319239959674 47.406011471104769 2.4401796464195078 0.033896581166344641 0.17119796590513292 0.48756215350298771 0.68318499103502617 4.9455667609484797 0.14182800357354919 2.9056047500301725 4.4377367979845888 9.2805691171027629
leaf_count=61588 29 61 245 407 88 399 493 27 47 32 20 988 86 779 464 1453
internal_value=-0.0398011 -0.0431097 -0.0417195 0.00430934 0.0254199 0.0356567 -0.0748026 -0.062565 -0.122312 -0.368065 -0.179767 -0.0619746 -0.144461 -0.223839 -0.105256 -0.123822
internal_weight=170.202 170.066 169.864 71.034 60.8834 57.9903 98.8299 84.0617 10.1506 0.65876 2.89312 84.0278 14.7682 3.04743 9.49182 11.7207
internal_count=67206 67177 67116 1702 914 806 65414 62603 788 79 108 62576 2811 865 709 1946
is_linear=0
shrinkage=0.05


Tree=18
num_leaves=28
num_cat=0
split_feature=1 52 33 25 66 41 25 75 76 35 18 35 13 21 1 9 21 77 73 20 79 27 54 21 4 68 16
split_gain=268.52 1551.11 3004.8 99.4832 124.056 69.9371 67.3114 62.9507 255.3 35.9023 31.4381 30.2441 24.7871 68.9643 49.1253 21.1762 20.501 16.4265 18.3119 8.42052 6.43514 8.26843 5.56522 1.0012 1.34967e-05 1.6657e-09 4.72357e-11
threshold=2.1475183963775639 -0.24002786725759503 2.3782042264938359 2.3200205564498906 1.2120441198349001 1.8091410994529726 1.6967424154281618 1.8396772742271426 4.3659222126007089 0.73834535479545604 1.7818624377250674 1.8746822476387026 0.50325195491313945 1.3536098003387453 1.6911036372184756 1.5979331731796267 -0.69046813249588002 0.93100738525390636 2.2226997613906865 1.5812895298004153 0.84668052196502697 -0.56442508101463307 2.2778280973434453 0.1682136952877045 0.85056927800178539 0.99465873837471019 0.57667160034179699
decision_type=2 2 2 2 2 2 2 2 2 2 2 2 2 2 2 2 2 2 2 2 2 2 2 2 2 2 2
left_child=3 2 -2 6 -5 17 7 8 10 15 -1 22 13 14 -8 -9 -13 18 -6 -19 21 -14 -7 -22 -3 -26 -27
right_child=1 24 -4 4 5 11 12 9 -10 -11 -12 16 20 -15 -16 -17 -18 19 -20 -21 23 -23 -24 -25 25 26 -28
leaf_value=-0.068358719589208958 -0.05003422237318144 -0.051714707441238184 -60.3311467426403 0.45257858758938313 -0.15617772204502761 0.10990100265613752 -0.1675779872681693 -0.06200737873407295 -4.3227389388711019 0.097923508304636378 0.0044678981399794782 0.060355241230738821 -0.62417338521439514 -1.1859346933161454 -0.96221531791645354 -1.1444152670465098 -0.14762115293212227 -0.10962063721258081 -0.4797245499531595 0.052319426278182646 0.050211482505284205 -0.13080469659901603 0.056215985425825371 -0.061159883046427103 -0.050047712962590835 -0.050010760296799898 -0.05001992783228864
leaf_weight=82.310531404120482 0.0054846115543504713 0.032057736068954082 0.0033177892244744865 1.7350428112260328 2.2576158887836106 10.386086485192202 8.481814344833543 4.1148358757517371 0.035058848027445744 11.292969377310866 18.072663779977375 2.1320214271572793 0.087136261486487565 0.17585600032866899 0.19905896229746467 0.045688006872608322 2.6673413682925897 2.5415920743942433 0.54238494671582316 1.1733069408525905 0.2092158833547727 3.3417898911375148 9.0198285086027781 5.6904968314375219 0.013572638366380878 0.0028100582591921172 0.0028103134434189578
leaf_count=59842 25 1 32 49 67 38 1151 1678 8 43 2678 2 206 31 30 69 47 129 34 6 15 453 17 479 25 31 20
internal_value=-0.0385054 -3.38132 -22.7711 -0.0372998 0.0412463 0.0180147 -0.0563157 -0.0422798 -0.0567372 0.0516654 -0.0552473 0.0571538 -0.145749 -0.205658 -0.1858 -0.0738936 -0.0552318 -0.127402 -0.218852 -0.0584738 -0.0888699 -0.143342 0.0849483 -0.0572104 -0.0510869 -0.0500382 -0.0500153
internal_weight=166.572 0.0600531 0.0088024 166.512 32.4552 30.7202 134.057 115.872 100.418 15.4535 100.383 24.2053 18.1854 8.85673 8.68087 4.16052 4.79936 6.5149 2.8 3.7149 9.32864 3.42893 19.4059 5.89971 0.0512507 0.019193 0.00562037
internal_count=67206 134 57 67072 389 340 66683 64318 62528 1790 62520 104 2365 1212 1181 1747 49 236 101 135 1153 659 55 494 77 76 51
is_linear=0
shrinkage=0.05


Tree=19
num_leaves=30
num_cat=0
split_feature=76 36 3 35 4 37 26 73 16 75 20 52 75 47 46 10 12 50 25 25 21 46 16 75 80 22 39 9 0
split_gain=784.927 67.1763 73.5971 70.8918 57.9457 54.7856 387.066 573.682 48.7783 48.4089 62.347 26.0208 23.8805 136.019 172.951 23.7532 42.7379 16.5706 13.5977 8.70238 7.5302 6.19075 8.19431 6.70737 4.97368 1.15594 0.428261 0.245176 0.177674
threshold=4.3659222126007089 1.8747086524963381 1.4450886249542239 1.882282614707947 0.68550056219100963 1.9987713098526003 -0.45441868901252741 1.6537151932716372 0.79628264904022228 3.2545765638351445 1.6632836461067202 2.6616045236587529 0.25499010086059576 0.68598929047584545 0.77098986506462108 0.44352532923221594 -2.6092015504837032 1.0937808752059939 1.6967424154281618 2.3200205564498906 -0.60052564740180958 0.046362299472093589 2.715089082717896 1.952869236469269 -0.73589274287223805 -1.3379283547401426 2.1043148040771489 1.5614753961563113 2.6554186344146733
decision_type=2 2 2 2 2 2 2 2 2 2 2 2 2 2 2 2 2 2 2 2 2 2 2 2 2 2 2 2 2
left_child=1 2 4 15 21 9 7 -7 11 17 -11 -6 20 14 -14 16 -3 -4 -10 26 -5 22 -1 -23 -15 -22 -17 -18 -8
right_child=-2 3 5 12 8 6 28 -9 18 10 -12 -13 13 24 -16 19 27 -19 -20 -21 25 23 -24 -25 -26 -27 -28 -29 -30
leaf_value=-0.056355618424613542 3.4315530398148648 -1.3553167746978498 -0.083387616145146726 -0.50091361282594593 -0.044506684088344267 -0.050087547017026848 -0.055512855980249666 -10.452227875738485 0.077547967681675989 -0.08842910938590115 -1.212711610310568 -1.3425771451984667 -7.9704655640703308 -0.10630885027751613 -1.2453467155312756 -0.055059441101083385 -0.051529479977728158 -0.17114662302094585 -0.057899342096721679 0.084995712671342372 -0.15948252896113466 -0.076977576916566134 0.054086940326840915 -0.22062237686150221 -0.51964517821507461 -0.079626191108967043 -0.13413451872738799 -0.1041834281960819 0.050159869256081416
leaf_weight=29.870565889476904 0.16286857553382006 0.071007325226673856 14.404742783978778 0.11261758213703466 19.485715820543305 0.029900810317485593 0.24060678323943108 0.023808544996768433 18.15507668728106 0.2628618176731824 0.23227465181844309 0.038683484311699767 0.012621695765674568 0.38639342985732128 0.039412459589584614 0.63628992363734482 0.39419995486278381 8.5844503123532991 2.0635688078285055 20.960965935984671 0.50304550050168373 36.808353600377302 1.7795552823415324 0.83101392766264481 0.08966966384627989 4.5700321890667102 0.23426721792202443 0.50342384580289945 0.047656301409006119
leaf_count=25451 29 5 1784 15 12988 40 157 8 609 31 14 66 50 93 34 489 354 956 249 37 24 22615 73 370 11 640 3 10 1
internal_value=-0.0377881 -0.0412896 -0.0562347 0.0283457 -0.0388384 -0.135842 -0.764144 -4.6612 0.00929043 -0.126693 -0.615844 -0.0470785 -0.129142 -0.449456 -2.87663 0.0678125 -0.174472 -0.116158 0.0637239 0.0785623 -0.0965219 -0.0664442 -0.0501459 -0.080149 -0.184164 -0.0875447 -0.0763386 -0.08106 -0.0380428
internal_weight=161.536 161.373 132.859 28.5139 109.033 23.8263 0.341972 0.0537094 39.743 23.4843 0.495136 19.5244 5.71379 0.528097 0.0520342 22.8002 0.968631 22.9892 20.2186 21.8315 5.1857 69.2895 31.6501 37.6394 0.476063 5.07308 0.870557 0.897624 0.288263
internal_count=67206 67177 65412 1765 62421 2991 206 48 13912 2785 45 13054 867 188 84 898 369 2740 858 529 679 48509 25524 22985 104 664 492 364 158
is_linear=0
shrinkage=0.05


Tree=20
num_leaves=28
num_cat=0
split_feature=15 16 8 15 76 80 35 3 42 43 18 0 38 13 45 17 80 42 52 77 15 18 0 30 27 38 22
split_gain=122.638 89.6306 63.5185 72.2107 66.2798 26.6536 18.3684 17.8276 17.3436 83.2364 129.731 17.1602 14.8079 12.6212 33.0392 11.9592 10.6377 9.95436 9.23053 8.97535 6.06688 13.0655 5.37859 5.58485 5.24502 4.17159 0.252388
threshold=3.0476642847061162 2.106505393981934 0.45867127180099493 1.8345543146133425 3.8410047292709355 -0.79719924926757801 1.9981966614723208 1.5918008089065554 2.1001949310302739 0.81983289122581493 1.1887703537940981 1.9753819704055788 0.4389119446277619 -1.7631236314773557 0.74515748023986828 -0.89448991417884816 -1.4089200496673582 -1.242042541503906 1.3139622807502749 -0.42543202638626093 2.4232695102691655 0.41698978841304785 2.6554186344146733 0.78828933835029613 -0.44945929944515223 0.24334930628538134 1.9788309931755068
decision_type=2 2 2 2 2 2 2 2 2 2 2 2 2 2 2 2 2 2 2 2 2 2 2 2 2 2 2
left_child=2 15 7 4 11 6 12 20 13 -10 -11 16 -5 14 -9 -2 -4 -15 -13 -7 22 -22 23 -1 -8 -21 -23
right_child=1 -3 3 5 -6 19 24 8 9 10 -12 18 -14 17 -16 -17 -18 -19 -20 25 21 26 -24 -25 -26 -27 -28
leaf_value=-0.055026240925273529 0.076890215854480165 0.33999243952207842 0.023224886917664871 -0.084773599354847393 -1.7487563307879683 -0.31577760298677449 -0.15385453069264227 -0.093995551263816673 -0.10914900220841153 -0.050392472839216912 -4.1283841188457959 -0.32829678389910238 0.054811191652367523 -0.31819795597285999 -0.49028461271018325 -0.071696013204837247 -0.068807313311193552 -0.089035476550459541 -0.1315173858311848 0.04798203294507053 -0.4831354771403496 -0.052833269357366035 0.053614399415990416 -0.08834324960399198 0.013293528658038269 -0.084622871570440794 -0.11013932276248516
leaf_weight=36.335016466517622 3.4731205306961801 3.5174592791026953 3.6348776511456569 2.0059934487997557 0.058941605745348791 0.38446694523719838 1.5025351391928987 1.5932395166645705 0.34367199529134396 0.042704730778837074 0.035895390100288083 0.73886557221090621 35.966227193418277 0.49452107306569715 0.78513414083532485 2.2197008823831332 23.055689302513375 11.351941408213833 3.0809432410507558 0.70107272557742994 0.26435591917885837 0.22739724608967438 0.94694467242516012 19.237885568665639 0.68253554425413776 3.8507147095706209 1.2390574366586975
leaf_count=38779 46 42 688 100 26 29 64 37 58 62 5 127 330 4 26 46 17048 1342 272 37 11 128 3 7705 5 171 15
internal_value=-0.0354844 0.141561 -0.0464607 -0.0143696 -0.0736955 0.0258479 0.0393253 -0.079769 -0.129079 -0.444863 -1.91274 -0.0704595 0.0474372 -0.119705 -0.224816 0.0189546 -0.0562738 -0.0986017 -0.16958 -0.0837934 -0.06737 -0.15958 -0.0645463 -0.0665597 -0.101644 -0.0641989 -0.101253
internal_weight=157.771 9.21028 148.561 75.6629 30.5693 45.0935 40.1573 72.8978 14.6471 0.422272 0.0786001 30.5104 37.9722 14.2248 2.37837 5.69282 26.6906 11.8465 3.81981 4.93625 58.2507 1.73081 56.5198 55.5729 2.18507 4.55179 1.46645
internal_count=67206 134 67072 18897 18161 736 499 48175 1534 125 67 18135 430 1409 63 92 17736 1346 399 237 46641 154 46487 46484 69 208 143
is_linear=0
shrinkage=0.05


Tree=21
num_leaves=25
num_cat=0
split_feature=1 50 62 15 20 15 80 1 25 47 3 38 24 44 76 1 42 64 36 4 68 50 43 23
split_gain=354.416 2347.49 5240 136.496 63.4001 62.0246 50.1903 47.5419 25.6562 19.5184 19.0894 14.4493 13.9534 87.8015 11.0035 10.1398 6.76946 6.40935 4.05684 6.23569e-06 1.15129e-09 4.91682e-11 1.32637e-11 7.39101e-13
threshold=2.1475183963775639 0.24066986143589023 1.2106370329856875 3.0476642847061162 1.6854221224784853 1.8345543146133425 -0.79719924926757801 1.5164263248443606 1.4598112106323244 0.047098414972424514 2.105292916297913 0.80559137463569652 2.6474285125732426 0.90536779165267955 3.7932847738265996 1.7343032956123354 -1.242042541503906 0.53811079263687145 1.9621214270591738 0.85056927800178539 0.94114550948143016 0.82572099566459667 0.96096342802047741 0.92681437730789196
decision_type=2 2 2 2 2 2 2 2 2 2 2 2 2 2 2 2 2 2 2 2 2 2 2 2
left_child=3 2 -2 5 18 8 7 11 14 -9 17 -7 16 -14 15 -1 -10 -8 -5 -3 -21 -22 -23 -4
right_child=1 19 23 4 -6 6 10 9 12 -11 -12 -13 13 -15 -16 -17 -18 -19 -20 20 21 22 -24 -25
leaf_value=-0.060242370952959735 -99.290252079310221 -0.051339349926431604 -0.050035337323612372 0.046166383383037725 0.39403581315767999 -0.043324484832435964 -0.11618034275468941 -0.50216695052337412 -0.29362791136846095 -0.090207289919485178 -0.40552861307723975 0.049790943791896518 -2.7106092194419582 -0.17619342515601397 -0.60860632031170248 0.028309144541476462 -0.10905261853684833 -0.049094464032368307 0.12000381386008546 -0.050043458225162374 -0.05001866391351472 -0.050006774386506081 -0.050013623724984163 -0.050033958775900479
leaf_weight=57.64764360121174 0.0020153119694545649 0.025407616049051288 0.0021066048555287153 3.7983849377395371 2.0891102032128428 4.717978064905707 5.8390660072846652 0.30244195409373809 0.5086165089160265 5.8296444665724021 0.45074083213569416 35.625657607850655 0.037588758759116603 0.37608812028001604 0.089978998533935761 3.4248348569924891 21.310616757681924 9.1231270740242127 3.6458001136779785 0.0076110361495862755 0.0037129230910941673 0.0015349968959788535 0.0013100619689794257 0.0018057280891624044
leaf_count=60801 11 1 5 85 22 190 558 88 4 329 19 294 107 63 50 417 3656 388 1 20 14 37 6 40
internal_value=-0.0339382 -4.44595 -33.7902 -0.0326414 0.150635 -0.0446677 -0.0067442 0.0191859 -0.0728112 -0.110526 -0.0849331 0.0389016 -0.118809 -0.406483 -0.0560906 -0.0552766 -0.113355 -0.075275 0.0823284 -0.0508707 -0.0500302 -0.0500149 -0.0500099 -0.0500347
internal_weight=154.863 0.0455043 0.00592764 154.817 9.5333 145.284 61.8887 46.4757 83.3954 6.13209 15.4129 40.3436 22.2329 0.413677 61.1625 61.0725 21.8192 14.9622 7.44419 0.0395766 0.014169 0.00655798 0.00284506 0.00391233
internal_count=67206 134 56 67072 108 66964 1866 901 65098 417 965 484 3830 170 61268 61218 3660 946 86 78 77 57 43 45
is_linear=0
shrinkage=0.05


Tree=22
num_leaves=31
num_cat=0
split_feature=15 52 9 40 80 34 7 3 25 47 8 41 2 21 80 22 42 43 79 52 56 35 0 65 2 34 75 15 79 18
split_gain=103.636 167.582 1844.88 103.846 58.168 31.8353 24.3334 23.164 20.2921 19.5324 12.1951 68.5906 11.9561 38.3473 8.08413 6.62845 6.43966 5.97728 8.37442 12.6865 5.57849 3.10821 2.69548 59.0643 2.64683 2.62731 2.61364 2.33423 0.631975 0.344043
threshold=1.923753619194031 -0.55699497461318959 1.0389133095741274 1.1228906512260439 -0.79719924926757801 2.1521906852722172 0.10581958666443826 2.105292916297913 1.4598112106323244 0.81205809116363536 -0.77690729498863209 0.2196435630321503 2.3191442489624028 -0.012440064921975134 -1.4089200496673582 -0.69597491621971119 -1.242042541503906 -1.8787505626678465 0.95889812707901012 -0.54954946041107167 1.6995566487312319 0.059963492676615722 1.7092806100845339 0.34130552411079412 1.3425473570823672 0.16824995726346972 -2.4616166353225704 2.0605258941650395 0.55202969908714306 0.76296022534370433
decision_type=2 2 2 2 2 2 2 2 2 2 2 2 2 2 2 2 2 2 2 2 2 2 2 2 2 2 2 2 2 2
left_child=8 2 3 -2 5 6 24 10 14 -8 11 -6 16 -14 20 -12 -10 18 28 -20 -1 -18 26 -24 -3 -23 -19 -7 -16 -29
right_child=1 4 -4 -5 7 27 9 -9 12 -11 15 -13 13 -15 17 -17 21 22 19 -21 -22 25 23 -25 -26 -27 -28 29 -30 -31
leaf_value=-0.051641305037146257 -1.7658930930687 -0.2038322272449106 6.6213733159295884 -0.065392335484742034 -0.054286922209487942 -0.21263590961534057 0.054178522534621965 -0.47652996381924267 -0.28367528837525668 -0.10418884480637368 -0.035664754360766042 -2.1086838132911665 -1.0889579359463721 -0.082359202144064489 -0.050064210127327105 -0.10455766241881724 -0.27801597422631347 -0.08730164384897815 -0.52492947138892487 -0.14557511941794188 0.060563010358541607 -0.32344859199575499 -3.1489728947303242 -0.05169713072014466 -0.08282287508356638 -0.098828059372542576 -0.050936427190462777 -0.11711605837440796 -0.098719875162750714 -0.083265513432697155
leaf_weight=2.0573358916562929 0.11688677665792796 0.58322926102206274 0.11251626131965642 0.38712567432160022 0.24823753107673358 0.52962745698096148 45.104217094943856 0.36529774100324708 0.50026736315340059 2.0348334678687072 7.7548112664628066 0.048580054359854297 0.13069578597084397 0.34273069926369193 2.1785596934553868 6.3506721025699688 0.24859552021019382 5.5734429209583061 0.25820954748633074 1.5047111840157006 2.399953812460808 0.13098104114332798 0.016134490114275812 0.33464616906100852 2.0065985100315076 21.353318473486738 43.541737928636707 1.3903048293237259 0.96211380611930497 1.6314226878152291
leaf_count=1538 30 36 40 48 70 14 380 16 4 136 284 70 8 113 3574 403 15 885 27 102 64 9 44 337 89 3868 54804 22 76 100
internal_value=-0.0333447 0.0119134 0.832544 -0.45976 0.00447828 0.0288158 0.0391443 -0.0833295 -0.0714593 0.0473423 -0.0733564 -0.39053 -0.111609 -0.360244 -0.0559621 -0.0666822 -0.106314 -0.0612692 -0.113924 -0.201138 0.00877325 -0.102231 -0.0560494 -0.194159 -0.110074 -0.100197 -0.055063 -0.115811 -0.0649694 -0.0988402
internal_weight=150.198 68.6644 0.616529 0.504012 68.0478 53.2802 49.7289 14.7676 81.5334 47.1391 14.4023 0.296818 22.7066 0.473426 58.8268 14.1055 22.2332 54.3696 4.90359 1.76292 4.45729 21.7329 49.466 0.350781 2.58983 21.4843 49.1152 3.55135 3.14067 3.02173
internal_count=67206 1738 118 78 1620 777 641 843 65468 516 827 140 4017 121 61451 687 3896 59849 3779 129 1602 3892 56070 381 125 3877 55689 136 3650 122
is_linear=0
shrinkage=0.05


Tree=23
num_leaves=26
num_cat=0
split_feature=1 36 31 42 15 80 15 80 1 7 80 25 42 37 22 1 43 15 11 31 3 3 63 53 24
split_gain=361.958 3783.22 6007.09 11143.1 135.781 65.0712 49.8204 44.0071 38.0239 33.8919 21.5231 19.4172 19.0155 14.3777 10.645 9.89101 4.29209 4.25886 3.535 1.18963 5.84917e-06 6.98347e-10 2.02541e-10 1.5045e-10 2.94424e-11
threshold=2.1099531650543217 1.1906071901321413 0.6449524760246278 1.5397027730941775 3.0476642847061162 -0.94088393449783314 1.8345543146133425 -0.79719924926757801 1.5164263248443606 0.12693802639842036 -1.4039703011512754 1.5067707896232607 1.5640720725059511 -0.58668750524520863 -0.69597491621971119 1.7343032956123354 -1.8787505626678465 1.7929280400276186 -0.11939110979437827 2.4537993669509892 2.2764565944671635 1.371732831001282 1.6463245749473574 1.8473720550537112 2.254841804504395
decision_type=2 2 2 2 2 2 2 2 2 2 2 2 2 2 2 2 2 2 2 2 2 2 2 2 2
left_child=4 2 3 -2 6 -6 11 8 9 -8 -10 15 14 -13 -9 16 -1 -15 -17 -7 21 -3 24 -24 -23
right_child=1 20 -4 -5 5 19 7 12 10 -11 -12 13 -14 17 -16 18 -18 -19 -20 -21 -22 22 23 -25 -26
leaf_value=-0.10703589077350642 -212.96908732693257 -0.050034795117767698 -0.050057902089837028 -0.050032977491464126 0.42627316281539573 0.067808728726602888 -0.11877104614564203 -0.036311820827488933 -0.49643170453427576 0.044008207617403899 -0.081652840042548566 -0.38970973581210977 -0.41377919487354275 -0.10731477803607686 -0.12046434842607888 0.060766378112614983 -0.05835936955500285 -0.31076687369886802 -0.052495665102486759 0.10881326430154786 -0.050995678574975417 -0.050014839465333298 -0.050033255018182815 -0.050016812513443899 -0.050007506881201848
leaf_weight=4.9573738455138558 0.0011741551934446029 0.015778445271916301 0.0035727714994981952 0.0012891813203168567 1.7958145622987602 3.3679593701266235 3.4941780173415173 8.2576747539647695 0.33102581864469272 37.686769467792161 5.6681224224881639 0.47466629235259716 0.42483256747004894 16.102552429169556 6.8964212125010791 2.2929209858994004 52.366020577787722 0.26139816477249667 0.98478695441418906 3.7253997325897217 0.036327674330002058 0.0039202779071778639 0.0029491440110739542 0.0026335807886829678 0.0021035623521188191
leaf_count=3823 35 33 9 7 34 60 162 324 105 322 295 12 27 3305 614 20 57423 55 419 1 16 25 21 22 37
internal_value=-0.0337736 -3.63483 -41.4675 -101.538 -0.0320889 0.157411 -0.044104 -0.0109951 0.0130642 0.0301965 -0.10454 -0.0709363 -0.0838576 -0.118434 -0.0746085 -0.0577387 -0.062569 -0.110565 0.0267368 0.0893441 -0.0505797 -0.0500279 -0.0500186 -0.0500255 -0.0500123
internal_weight=149.158 0.0697488 0.00603611 0.00246334 149.088 8.88917 140.199 62.759 47.1801 41.1809 5.99915 77.4397 15.5789 16.8386 15.1541 60.6011 57.3234 16.364 3.27771 7.09336 0.0637127 0.027385 0.0116066 0.00558272 0.00602384
internal_count=67206 205 51 42 67001 95 66906 1849 884 484 400 65057 965 3372 938 61685 61246 3360 439 61 154 138 105 43 62
is_linear=0
shrinkage=0.05


Tree=24
num_leaves=24
num_cat=0
split_feature=15 26 15 7 4 47 24 10 56 34 2 69 14 52 14 32 9 38 42 22 29 70 10
split_gain=93.8909 136.063 48.0318 38.6264 28.5979 28.7619 18.9042 79.7661 143.991 14.8829 13.9202 13.1733 12.0905 11.4292 10.2657 9.9143 9.61638 8.88329 8.652 7.65477 26.1772 6.51702 1.20706
threshold=3.0476642847061162 -0.40024450421333307 1.8345543146133425 0.042464666068553931 0.68550056219100963 0.82060512900352489 3.07142186164856 0.52477511763572704 1.8506643176078799 2.1122840642929082 2.3780444860458378 3.3815330266952519 0.94977009296417247 2.3776104450225835 0.91892260313034069 -1.4235019087791441 1.4156441092491152 1.2492735981941225 1.2472725510597231 -0.69597491621971119 0.071220848709344878 2.2264407873153691 -0.069632817059755311
decision_type=2 2 2 2 2 2 2 2 2 2 2 2 2 2 2 2 2 2 2 2 2 2 2
left_child=2 13 6 11 16 9 10 -8 -9 -6 12 19 14 -2 -1 -14 18 -7 -5 22 -21 -18 -4
right_child=1 -3 3 4 5 17 7 8 -10 -11 -12 -13 15 -15 -16 -17 21 -19 -20 20 -22 -23 -24
leaf_value=-0.058819576470159174 -0.024752179491065431 0.59871525637089551 0.026732912757426303 -0.076103107302428946 0.055027741288921156 0.051662125010930628 -0.050727510920349009 -12.222625484341776 -0.050016530632436898 -0.093118242362511885 -0.78087186641625961 -0.45510728661537181 -0.25197261129236498 0.10235098493779829 0.032517449149255001 -0.087592329622389706 0.029963834415105875 -0.087604869292825724 -0.27560466041654219 -0.88097319262308016 -0.12794867279790487 -0.091742516786885678 -0.061714454197572259
leaf_weight=39.40707572967716 3.3271067400641181 1.302606311459958 0.43396015858552761 8.0397879531947005 30.449232766360829 1.4074250516089239 0.040777996054494538 0.0041075882950274431 0.0059465735511630901 1.7952578617169894 0.068736181849714195 0.27207719817414489 0.94572849574347984 3.7758924279623898 3.3368295844520608 30.495262784691651 3.8773509058737354 6.1416968889340424 0.58285369888771121 0.11911968557697417 3.7064229272052218 1.5355196891432039 3.4718339055060063
leaf_count=52673 114 17 13 426 280 55 44 11 34 81 66 14 33 3 548 11746 48 307 40 74 362 61 156
internal_value=-0.0332143 0.128962 -0.0432277 -0.0106706 0.00456755 0.0262115 -0.0703201 -1.03422 -5.02309 0.0467795 -0.0696602 -0.113159 -0.0690013 0.0428148 -0.0516893 -0.0925368 -0.0567975 -0.0616405 -0.0895886 -0.101125 -0.151396 -0.00456175 -0.0518874
internal_weight=144.543 8.40561 136.137 61.8325 53.8291 39.7936 74.3045 0.0508322 0.0100542 32.2445 74.2536 8.00341 74.1849 7.103 42.7439 31.441 14.0355 7.54912 8.62264 7.73134 3.82554 5.41287 3.90579
internal_count=67206 134 67072 1917 1298 723 65155 89 45 361 65066 619 65000 117 53221 11779 575 362 466 605 436 109 169
is_linear=0
shrinkage=0.05


Tree=25
num_leaves=23
num_cat=0
split_feature=1 55 15 15 8 47 22 2 51 25 37 35 1 32 50 22 14 15 3 5 7 80
split_gain=427.993 4080.81 124.728 46.3118 50.8902 45.2812 30.5284 29.9652 26.8546 13.8483 16.685 13.3266 9.2249 7.68013 7.89678 7.22226 21.5069 5.23075 3.64205e-06 5.90506e-10 1.45626e-10 2.28361e-11
threshold=2.1099531650543217 1.2838951349258425 3.0476642847061162 1.8345543146133425 0.3385454416275025 -1.2477776408195493 -0.054021480522351333 2.3780444860458378 2.9148191213607793 1.5067707896232607 -0.58668750524520863 1.8442779183387759 1.7343032956123354 2.1519973278045659 1.0937808752059939 -1.2309361100196836 -1.1958410739898679 2.5422018766403203 2.2764565944671635 1.5421013832092287 0.61266034841537487 -1.3393404483795164
decision_type=2 2 2 2 2 2 2 2 2 2 2 2 2 2 2 2 2 2 2 2 2 2
left_child=2 -2 3 7 15 -4 11 9 -8 12 -11 -6 -1 14 -7 17 -17 -5 19 -3 -21 -22
right_child=1 18 5 4 6 13 8 -9 -10 10 -12 -13 -14 -15 -16 16 -18 -19 -20 20 21 -23
leaf_value=-0.062146001471348203 -45.101360802525384 -0.05003232925686623 0.30712643674726597 -0.068349061449522477 0.053065543106053693 -0.26153104637140884 -0.095076463641471876 -1.5854115190799896 0.044894496755196259 -0.42475028746161814 -0.10170234500732458 -0.09215404652052861 0.027592181671285066 0.097292567275728381 0.036157200308907504 -1.3275828356132513 -0.1134022601736332 0.053936584131626289 -0.050867026688307719 -0.050025642390916503 -0.050007510564720428 -0.050013753216349655
leaf_weight=52.044618799051499 0.0055492267561225083 0.012893402125778157 3.1845338032588879 5.7167050914399988 28.750273615327536 0.32275217856291549 9.1722216710593916 0.032598366605610773 5.470560101846238 0.41015483564752031 15.678972412107738 1.6716818053695011 3.0305930243306056 3.773573511440194 0.71917553055391203 0.036624607053988067 8.7109650785325776 1.0324146645013721 0.031786309639322718 0.0025058286126213867 0.0023773017628959522 0.0038172121490928912
leaf_count=61246 40 37 4 188 340 60 395 26 24 12 3334 28 439 4 27 29 829 16 26 13 48 41
internal_value=-0.0326411 -4.29285 -0.0308448 -0.0424839 -0.0103429 0.160848 0.0165347 -0.0698236 -0.0427832 -0.0691294 -0.109938 0.0450857 -0.057208 0.0641126 -0.056056 -0.0885034 -0.118486 -0.049643 -0.0505266 -0.0500255 -0.0500155 -0.0500114
internal_weight=139.817 0.0589293 139.758 131.758 60.5614 8.00004 45.0647 71.1969 14.6428 71.1643 16.0891 30.422 55.0752 4.8155 1.04193 15.4967 8.74759 6.74912 0.0533801 0.0215937 0.00870034 0.00619451
internal_count=67206 205 67001 66906 1849 95 787 65057 419 65031 3346 368 61685 91 87 1062 858 204 165 139 102 89
is_linear=0
shrinkage=0.05


Tree=26
num_leaves=23
num_cat=0
split_feature=76 1 32 63 15 80 3 7 33 49 4 25 22 1 47 35 32 3 68 8 32 30
split_gain=2782.82 495.138 4884.88 19340 56.4652 44.023 27.9792 24.5737 21.1045 91.6119 20.6876 9.20948 9.08959 8.29899 3.80774 3.70079 5.64051e-06 2.65411e-06 3.86784e-10 1.51687e-10 1.15524e-10 4.17025e-11
threshold=4.3659222126007089 2.1099531650543217 0.91091489791870128 1.4768782258033755 1.8345543146133425 -0.79719924926757801 2.0074845552444462 0.10581958666443826 2.3782042264938359 1.8942521810531618 0.68550056219100963 1.4598112106323244 -0.69597491621971119 1.7343032956123354 -0.038371859118342393 0.059963492676615722 0.43812154233455664 2.2764565944671635 0.99465873837471019 -0.15911816805601117 0.85181552171707164 1.7979142069816592
decision_type=2 2 2 2 2 2 2 2 2 2 2 2 2 2 2 2 2 2 2 2 2 2
left_child=1 4 3 -3 8 7 12 14 11 16 -9 13 -7 -1 -6 -13 -10 18 21 -20 -5 -4
right_child=-2 2 17 20 5 6 -8 10 9 -11 -12 15 -14 -15 -16 -17 -18 -19 19 -21 -22 -23
leaf_value=-0.059249556429646737 12.531306147115158 -247.2209654264374 -0.050035705277759739 -0.050011092269669322 -0.21464701331006986 -0.031186968348908634 -0.56794082349263297 -0.04480417682141332 -0.051338339626018303 -5.7186019982813487 0.043846811129989116 -0.30588924102024279 -0.11132816028343735 0.026512874613449713 -0.078817939607625856 -0.092110076646609515 -0.050016525109041393 -0.050824098677122988 -0.050024902010412133 -0.050009457990612773 -0.050028931814809954 -0.050029074384568196
leaf_weight=45.222275217864535 0.0440618048743876 0.0010114457109061002 0.0049147228842264315 0.0019038687578415876 0.60840894846246607 7.489670876569523 0.28670876007752077 7.8582947709294322 0.025389427319175151 0.0088191982502152655 40.482665195501113 0.20454232348981705 6.7060758754818046 3.008446645021805 3.3958513005952269 19.727609181200851 0.011831965898863928 0.030260765894581709 0.0029575402507002729 0.0034381467646407574 0.0017340489430353045 0.0045815353805664927
leaf_count=60840 29 24 34 65 37 339 30 269 1 21 475 15 652 405 125 3687 76 4 8 58 4 8
internal_value=-0.0321934 -0.0362913 -4.97156 -53.8208 -0.0344346 -0.00176999 -0.0789223 0.0195759 -0.0664377 -1.13658 0.0294357 -0.0657149 -0.0690457 -0.0539 -0.0994559 -0.0943039 -0.0509182 -0.0505493 -0.0500261 -0.0500166 -0.0500196 -0.0500325
internal_weight=135.131 135.087 0.0508021 0.00464936 135.037 66.8277 14.4825 52.3452 68.2089 0.0460406 48.341 68.1629 14.1957 48.2307 4.00426 19.9322 0.0372214 0.0461527 0.0158919 0.00639569 0.00363792 0.00949626
internal_count=67206 67177 205 93 66972 1927 1021 906 65045 98 744 64947 991 61245 162 3702 77 112 108 66 69 42
is_linear=0
shrinkage=0.05


Tree=27
num_leaves=26
num_cat=0
split_feature=15 67 15 7 1 2 57 80 52 24 51 9 31 63 18 25 12 1 42 1 13 2 1 12 81
split_gain=109.378 57.4796 41.7471 36.726 30.1647 29.8718 29.118 26.4945 72.1604 21.869 97.4724 20.1011 195.798 558.552 15.0507 10.0183 12.0514 8.59269 8.09068 14.24 5.51976 3.87338 2.4698 6.61061e-05 4.79685e-06
threshold=3.0476642847061162 1.102084279060364 1.8345543146133425 0.042464666068553931 1.5164263248443606 2.3780444860458378 1.0267791152000429 -1.4039703011512754 1.4501090645790102 3.07142186164856 1.0650861859321596 -0.80828270316123951 0.30801060795784002 0.39344866573810583 2.3103229999542241 1.5067707896232607 0.60923457145690929 1.7343032956123354 1.5884414315223696 1.2497152090072634 0.6206796169281007 1.3425473570823672 1.7343032956123354 -1.7381611466407774 -0.48999169468879694
decision_type=2 2 2 2 2 2 2 2 2 2 2 2 2 2 2 2 2 2 2 2 2 2 2 2 2
left_child=2 -2 5 11 6 9 21 8 -6 15 -11 12 23 -14 -8 17 -17 -1 22 -20 -9 -5 -13 -4 -12
right_child=1 -3 3 4 7 -7 14 20 -10 10 24 18 13 -15 -16 16 -18 -19 19 -21 -22 -23 -24 -25 -26
leaf_value=-0.061794111709362554 0.33820308873765564 0.050019673542712619 -0.052983083582940918 -0.096071794669338656 -0.045797557371230771 -1.6715618156187864 0.044999164089377423 -0.096170408262852003 -1.8428932376450775 -6.0522391176076162 -0.051239453817905622 -0.084360587912837667 -0.050018654695741377 -19.596996375702421 -0.08091558895217052 -0.097129540657737851 -0.44281439400123185 0.025824742325936817 -0.39273612803328461 -0.080027838846547128 0.013316023963674631 0.0031247677614807744 0.051257015637130678 -0.050396229201884003 -0.050025502845765048
leaf_weight=47.338246488748482 2.7352575263468664 4.7092950369769859 0.11252937755303094 5.3388846161597945 0.18795678715464026 0.029058938887927321 35.071959997230643 5.3296425605104698 0.079480404207461941 0.0083302695130558213 0.023604327812790871 5.2076747965594441 0.012914359393728925 0.005097055243569403 2.5455003258532747 14.9091003168562 0.25646259687705075 2.973962177375312 0.60964390673761093 0.90374108978043144 1.4683166925320676 1.2064793235713294 0.35884801991892334 0.031640789162616312 0.012418972227475122
leaf_count=61201 77 57 17 278 60 66 329 349 51 20 1 396 55 14 105 3149 208 442 31 18 60 66 2 86 68
internal_value=-0.030244 0.155903 -0.0414177 -0.0107023 0.00419707 -0.0688153 0.0195434 -0.0917264 -0.579881 -0.0681045 -1.17798 -0.116095 -0.666473 -5.58162 0.0364788 -0.0673527 -0.102975 -0.0566149 -0.103488 -0.205998 -0.072522 -0.0777873 -0.0756179 -0.0524154 -0.0508209
internal_weight=131.466 7.44455 124.021 58.4703 51.2282 65.5512 44.1628 7.0654 0.267437 65.5221 0.0443536 7.24209 0.162182 0.0180114 37.6175 65.4778 15.1656 50.3122 7.07991 1.51338 6.79796 6.54536 5.56652 0.14417 0.0360233
internal_count=67206 134 67072 1917 1298 65155 778 520 111 65089 89 619 172 69 434 65000 3357 61643 447 49 409 344 398 103 69
is_linear=0
shrinkage=0.05


Tree=28
num_leaves=31
num_cat=0
split_feature=75 76 15 80 14 4 9 42 80 14 37 1 46 15 16 1 76 22 10 47 12 72 74 48 11 76 40 47 13 73
split_gain=113.785 1070.47 56.1487 36.3525 22.4139 26.5406 22.8322 20.7835 13.7329 10.5414 27.1097 34.8933 14.2517 14.0234 9.10454 8.45015 7.22679 6.99477 14.6685 5.17068 4.71892 4.29711 3.67389 30.7733 3.61787 1.96501 1.83592 0.0117486 0.0015853 0.000415607
threshold=2.9150006771087651 2.5048515796661381 1.8345543146133425 -0.79719924926757801 1.3233668804168703 0.68550056219100963 0.2976043969392777 1.5640720725059511 -1.3932929039001463 1.4844588637351992 -0.55436924099922169 1.428148686885834 -1.0053097605705259 1.5312768220901491 1.5816718935966494 1.7343032956123354 -0.21517413854598996 -0.69597491621971119 -0.091014068573713289 0.012910305522382261 -1.7381611466407774 0.97154712677001964 1.3511139750480654 1.6618072390556338 -0.11939110979437827 1.3595775961875918 1.5417383909225466 1.0834265947341921 0.60490116477012645 0.99372974038124096
decision_type=2 2 2 2 2 2 2 2 2 2 2 2 2 2 2 2 2 2 2 2 2 2 2 2 2 2 2 2 2 2
left_child=2 8 9 4 5 14 -6 17 -2 15 11 -11 13 -12 -4 22 -7 20 -19 -8 -5 -14 26 -24 -17 27 -1 -10 -29 -26
right_child=1 -3 3 7 6 16 19 -9 25 10 12 -13 21 -15 -16 24 -18 18 -20 -21 -22 -23 23 -25 29 -27 -28 28 -30 -31
leaf_value=-0.056193838223150328 -0.67974908668356226 4.2260752903988008 -0.091655609424021164 0.034134986790845187 0.046184968990229891 -0.050900536825724298 -0.22983542570562016 -0.44627118696185769 -0.050060664985011251 -0.058655440287589317 -0.050014520224064829 -1.1901949897150099 -0.20104196108031025 -1.6510713018575811 0.023321197082934158 0.058920504693652315 0.061934211000514189 -0.491571128059129 -0.087286929894318577 -0.088414006079647944 -0.055386696125650281 -0.085885577509361821 -0.099086370227781773 -1.6971244964780521 -0.050037359194641896 0.051568198022843063 -0.082128369252269642 -0.068432481182113564 -0.074537261940476648 -0.052748120081503508
leaf_weight=37.977433191415436 0.074856749684187096 0.16329108436488082 4.6313211449018858 2.0516835118727714 4.1274383842935807 1.490089133630131 0.72844838601005513 0.36372218491907382 0.074229088453372616 0.14008247509036742 0.025598402435048295 0.13264320781036076 0.90341593225020922 0.029366676967129024 2.7406752342110847 2.0487018575273628 29.768487232097939 0.23335496230024766 5.8233417262066336 5.7337735550036406 5.2106604428203731 7.8431888958076437 3.8185418768221355 0.030365487871842567 0.16553326854226003 1.072796000105102 8.3187191255425201 0.20395859028509111 0.22219671225593629 0.96974198048969484
leaf_count=55182 19 70 225 50 26 52 29 27 179 59 135 5 618 2 69 37 382 71 574 206 280 2862 3580 36 382 26 1531 33 8 451
internal_value=-0.0289268 0.36453 -0.0346143 -0.00127769 0.0187632 0.0364289 -0.0456807 -0.0733695 -0.0180803 -0.0682178 -0.118036 -0.608992 -0.102823 -0.905425 -0.0489109 -0.0597409 0.0565554 -0.0631862 -0.102863 -0.104356 -0.0300959 -0.0977798 -0.0647561 -0.111694 0.019245 0.013404 -0.0608539 -0.068418 -0.0716155 -0.0523529
internal_weight=127.118 1.81133 125.306 62.903 49.2202 38.6306 10.5897 13.6828 1.64804 62.4033 9.0743 0.272726 8.80157 0.0549651 7.372 53.329 31.2586 13.319 6.0567 6.46222 7.26234 8.7466 50.1451 3.84891 3.18398 1.57318 46.2962 0.500384 0.426155 1.13528
internal_count=67206 335 66871 1991 989 728 261 1002 265 64880 3681 64 3617 137 294 61199 434 975 645 235 330 3480 60329 3616 870 246 56713 220 41 833
is_linear=0
shrinkage=0.05


Tree=29
num_leaves=28
num_cat=0
split_feature=15 80 45 15 8 24 46 47 1 61 47 73 25 35 12 12 34 1 47 15 59 75 77 11 36 80 33
split_gain=100.708 140.258 661.092 41.5605 36.4463 30.1139 122.035 269.015 26.1756 21.3685 15.6791 11.082 10.1435 41.3399 21.1687 8.66684 25.9836 7.82405 4.88651 4.4878 3.81336 3.45593 3.18238 2.95361 0.856144 0.0182007 1.42861e-11
threshold=3.0476642847061162 -0.94088393449783314 0.84778448939323436 1.8345543146133425 0.45867127180099493 3.07142186164856 -1.0000000180025095e-35 -0.057602724060416215 1.5408434271812441 0.5023820847272874 -1.0000000180025095e-35 2.5145454406738286 1.5067707896232607 0.059963492676615722 0.60923457145690929 -2.6092015504837032 1.646703898906708 1.7343032956123354 1.4253079295158388 1.7929280400276186 -0.70429465174674977 3.7639402151107793 0.94305396080017101 -0.11939110979437827 1.9621214270591738 -1.1655328273773191 1.6466356515884402
decision_type=2 2 2 2 2 2 2 2 2 2 2 2 2 2 2 2 2 2 2 2 2 2 2 2 2 2 2
left_child=3 2 -2 5 15 12 -7 -8 9 21 -10 -11 17 -14 -15 16 25 19 20 -1 -17 -6 -12 -19 -3 -5 -9
right_child=1 24 -4 4 8 6 7 26 10 11 22 -13 13 14 -16 18 -18 23 -20 -21 -22 -23 -24 -25 -26 -27 -28
leaf_value=-0.060119396518949597 -0.11471000000390003 0.048477492733392129 2.9599782802781207 -0.072652339865542523 -0.095288087500310467 -0.050926389521562934 -21.143498183678574 -0.050015103531738353 -0.48891702604672738 0.049540490156920122 -0.070054635214594568 -0.054333440431744519 -1.2671354664078214 -0.091348283153266222 -0.66431779343978681 -0.34373361578798711 -0.52599113653788476 0.058372735476689412 0.053268881129161921 -0.29349266490813736 -0.065814093215258551 0.051593646548860686 -0.23684352161544109 -0.052273835969330398 0.086970115559120209 -0.05928998705827896 -0.050009242637541411
leaf_weight=43.422456058640087 0.6193334135834484 2.3839707254736435 0.24358084797859192 0.37753098250050232 3.7040316659712769 0.025935516944447679 0.0023704014020041516 0.002201377877828425 0.27615839958853206 30.657876410520728 2.1776614034783637 2.8024102811220635 0.075998669729403612 14.112842772027582 0.16306523533958994 0.1246039281127328 0.41150600454334796 1.9677393534802834 0.87970637428225096 0.20698393902727374 13.065615272835927 0.44901525996762437 0.3292328082624002 0.86971765480302465 3.6658270359039307 0.78414072812870728 0.001970376074891611
leaf_count=61108 36 60 37 5 192 35 8 12 59 240 110 53 11 3204 208 8 13 16 5 93 1086 2 80 426 1 64 34
internal_value=-0.0285778 0.156861 0.753204 -0.0395444 -0.00847675 -0.0681554 -1.59026 -7.69276 0.0166155 0.0275636 -0.131349 0.0408407 -0.0673425 -0.104085 -0.097893 -0.0732745 -0.184575 -0.0559943 -0.0608298 -0.0612266 -0.0684395 -0.0794077 -0.0919592 0.0244581 0.0718018 -0.0636326 -0.0500123
internal_weight=123.803 6.91271 0.862914 116.891 56.0395 60.8513 0.0324777 0.00654216 40.3964 37.6133 2.78305 33.4603 60.8188 14.3519 14.2759 15.6431 1.57318 46.4669 14.0699 43.6294 13.1902 4.15305 2.50689 2.83746 6.0498 1.16167 0.00417175
internal_count=67206 134 73 67072 1917 65155 89 54 736 487 249 293 65066 3423 3412 1181 82 61643 1099 61201 1094 194 190 442 61 69 46
is_linear=0
shrinkage=0.05


Tree=30
num_leaves=29
num_cat=0
split_feature=15 47 15 24 19 4 8 22 51 32 21 22 14 76 25 12 72 12 29 24 15 8 38 47 13 12 21 80
split_gain=96.7443 83.9459 39.8791 34.2385 127.298 346.944 33.7442 19.3642 19.0259 14.6828 31.5452 50.6916 14.0269 11.3082 8.80787 40.8585 605.253 8.48509 26.0177 6.58151 7.75265 6.5684 4.96693 4.49915 3.71666 3.31609 2.82083 0.015238
threshold=3.0476642847061162 -1.2477776408195493 1.8345543146133425 3.07142186164856 -0.54760456085205067 0.18299084156751635 0.45867127180099493 -0.054021480522351333 2.9148191213607793 2.1519973278045659 0.2781433910131455 -0.054021480522351333 1.3233668804168703 0.69150111079216015 1.5067707896232607 0.60923457145690929 0.40179266035556799 -2.6092015504837032 2.1529233455657963 2.1606209278106694 1.7929280400276186 0.6646009385585786 0.8300367295742036 1.4253079295158388 0.6206796169281007 0.57274243235588085 1.6253590583801272 -1.1655328273773191
decision_type=2 2 2 2 2 2 2 2 2 2 2 2 2 2 2 2 2 2 2 2 2 2 2 2 2 2 2 2
left_child=2 -2 3 14 5 -5 17 12 13 10 -3 -12 22 -9 19 26 -17 18 27 20 -1 -14 -8 24 -19 -21 -16 -4
right_child=1 9 6 4 -6 -7 7 8 -10 -11 11 -13 21 -15 15 16 -18 23 -20 25 -22 -23 -24 -25 -26 -27 -28 -29
leaf_value=-0.059975628865721824 0.42157903359031368 0.031915634806023573 -0.071200895459445621 -25.508158145721865 -0.050963545780821962 -0.050021984955706623 -0.01301106873141533 -0.21122312869247542 0.045278407246920255 0.083616988438123985 -0.050694303997892411 -1.5336030091034263 0.02882095585110141 -0.054389089535073189 -0.091458802295356134 -16.344719551198079 -0.05109318209059055 -0.077316771884770652 -0.54142698547580037 -0.051632166170462825 -0.45713643395324266 -0.10708679919516702 0.062316904127655781 0.053089146465518135 -0.00077564751512378669 0.053601828227021656 -0.26316489509309543 -0.058765219151277394
leaf_weight=41.045649678456279 2.0705642290427981 0.70345398234069534 0.3662519457388953 0.0019640079432503513 0.022496048607771015 0.0042005031254662506 2.4451238015916372 1.3911103280756432 4.6781674711471473 3.6412101799360288 0.14758359141314548 0.094551030546426551 1.5168877148987641 6.6136443153191662 13.661955268503759 0.0061187357475923623 0.083198007673843222 11.076250389875133 0.38059428009966279 1.208704740831464 0.12324214737536365 2.1478105481895646 20.837961834068189 0.83956405709614124 1.8510524759251339 1.966639367630705 0.24345368607555151 0.75237508228362837
leaf_count=60256 4 53 5 24 29 36 137 136 22 4 39 34 15 243 3135 47 161 973 15 1119 82 66 117 5 121 186 80 62
internal_value=-0.0279172 0.15732 -0.038805 -0.0675779 -1.79532 -8.16096 -0.00821294 0.0161172 -0.0348283 0.0380293 -0.137517 -0.629755 0.0400946 -0.0816446 -0.0667291 -0.101312 -1.1673 -0.0713738 -0.184332 -0.0558149 -0.0611646 -0.050832 0.0544062 -0.0590726 -0.0663569 0.0135442 -0.094465 -0.0628368
internal_weight=119.922 6.65736 113.264 58.3676 0.0286606 0.00616451 54.8968 39.6307 12.6829 4.5868 0.945589 0.242135 26.9478 8.00475 58.339 13.9947 0.0893167 15.2661 1.49922 44.3442 41.1689 3.6647 23.2831 13.7669 12.9273 3.17534 13.9054 1.11863
internal_count=67206 134 67072 65155 89 60 1917 736 401 130 126 73 335 379 65066 3423 208 1181 82 61643 60338 81 254 1099 1094 1305 3215 67
is_linear=0
shrinkage=0.05


Tree=31
num_leaves=22
num_cat=0
split_feature=4 77 47 10 15 80 47 15 24 8 1 12 1 32 46 22 33 73 40 70 60
split_gain=3310.27 21163.7 222.84 12165.1 94.995 127.471 363.061 35.8386 39.0488 33.6002 22.8005 7.30077 7.21456 4.00785 0.530023 0.187958 0.174548 0.0021768 0.00112683 5.75725e-05 2.52397e-07
threshold=1.912558972835541 1.5887479186058047 1.3270170092582705 -1.316178500652313 3.0476642847061162 -0.94088393449783314 0.53427961468696605 1.8345543146133425 3.07142186164856 0.45867127180099493 1.5164263248443606 -2.6092015504837032 1.7343032956123354 2.5494389533996586 1.179260849952698 -2.3008584976196285 2.3192983865737919 2.6078442335128789 1.0288629531860354 -0.34961777925491327 2.1303349733352666
decision_type=2 2 2 2 2 2 2 2 2 2 2 2 2 2 2 2 2 2 2 2 2
left_child=2 17 4 -4 7 6 -6 8 12 11 -11 -9 -1 14 15 -5 -16 18 -2 -20 -21
right_child=1 -3 3 13 5 -7 -8 9 -10 10 -12 -13 -14 -15 16 -17 -18 -19 19 20 -22
leaf_value=-0.06886716931806447 -0.033363672905285406 40.82397585618137 20.655237022130127 -0.13353257827669993 2.0457889386045323 0.070091203803194932 -0.035166089964200259 -0.18212081091351187 -2.0314740665922462 0.026971997674442468 -0.12355224400027305 -0.062981688123281143 0.011537897506811385 0.052571769450618103 -0.050646211313310388 -0.085229584697665547 0.050150706874175346 -0.059763233357005785 -0.052769393293112636 -0.050018902008666905 -0.050308639734236327
leaf_weight=51.38386860219164 0.0093081967178844094 0.036699168500490487 0.072446071353624908 0.23423486740728816 0.32675986634129373 5.2221149873170809 0.58458685246296227 1.4431900259150179 0.025243680783204492 35.756504341425924 2.7061721360411957 11.79675235908581 2.9500366620160525 0.80383759526930276 0.96920245059832499 1.4365780752572832 0.044941216707229614 0.13667699694633484 0.050304412369921891 0.023178529889406718 0.011123776599561097
leaf_count=61972 34 3 5 2 39 45 34 82 79 471 244 1042 816 18 1412 778 1 1 8 117 3
internal_value=-0.000812311 5.55706 -0.0136459 0.37574 -0.0260056 0.165314 0.710952 -0.0370694 -0.065415 -0.0072674 0.0163814 -0.0759682 -0.0645016 -0.0453711 -0.0746938 -0.0920013 -0.0461795 -0.0557363 -0.0498757 -0.0516923 -0.0501129
internal_weight=116.024 0.267291 115.756 3.56124 112.195 6.13346 0.911347 106.062 54.3591 51.7026 38.4627 13.2399 54.3339 3.48879 2.68496 1.67081 1.01414 0.230592 0.0939149 0.0846067 0.0343023
internal_count=67206 166 67040 2216 64824 118 73 64706 62867 1839 715 1124 62788 2211 2193 780 1413 163 162 128 120
is_linear=0
shrinkage=0.05


Tree=32
num_leaves=24
num_cat=0
split_feature=76 15 76 13 42 14 0 42 54 7 65 4 35 1 20 10 1 41 76 25 1 10 12
split_gain=1082.39 42.7467 90.4911 227.988 27.1135 23.7342 21.5243 55.763 20.1724 18.542 16.1934 15.9627 11.2296 10.5987 8.30431 16.7712 6.93101 5.59828 4.66908 4.46113 4.25571 4.05109 0.172555
threshold=4.3659222126007089 1.8345543146133425 -4.0804738998413077 -1.5649629831314085 0.80497118830680858 1.3233668804168703 2.3301833868026738 0.51254093647003185 2.3661618232727055 -0.084245573729276643 0.99865865707397472 0.68550056219100963 1.8746822476387026 1.5164263248443606 1.447639048099518 -0.091014068573713289 1.7343032956123354 0.43922103941440588 -3.650996088981628 1.5558645129203799 -0.32801482081413263 -1.316178500652313 -1.7381611466407774
decision_type=2 2 2 2 2 2 2 2 2 2 2 2 2 2 2 2 2 2 2 2 2 2 2
left_child=1 2 3 -1 6 11 14 -8 9 -7 -9 20 -10 -13 15 -3 18 -16 -4 -20 -6 -18 -23
right_child=-2 4 16 -5 5 8 7 10 12 -11 -12 13 -14 -15 17 -17 21 -19 19 -21 -22 22 -24
leaf_value=-16.003121311214656 4.157856218543988 -0.53174685849790637 -0.30409163563063829 -0.050012635793828343 0.052345896865222841 -0.46473139410403796 -0.063978053479552585 -2.1087340984624858 0.037458773537589668 -0.1062338424354775 -0.86212505133457196 0.06342138854818509 -0.070291506221957623 -0.017550439628001079 -0.076900298630594055 -0.076662436447238969 0.05680250457538915 0.030107332230845843 -0.059584406659467126 -0.095530426405627644 -0.088145668189988785 -0.098704007386526793 -0.051995242744640707
leaf_weight=0.0031341554453092621 0.15430427274527758 0.20826304527867545 0.20937865425728475 0.0078460242690344684 0.66169102992716933 0.42103197812882287 0.27823030546604671 0.046707023443396223 5.6818169446243916 2.5163289780924458 0.058903697769437713 24.256165196088155 4.2095794371412092 4.8492684371523778 1.8908252055229624 7.2550356195218511 1.8118369324365633 3.4568141550643769 39.255510227843985 11.0642103081447 2.9077333327505523 0.24995690584182717 0.94631188769962105
leaf_count=18 29 82 113 35 4 37 36 11 33 160 29 125 70 270 104 781 26 109 61465 2599 183 1 886
internal_value=-0.0269516 -0.0327045 -0.0650099 -4.60363 -0.0032335 0.0150655 -0.0663397 -0.435273 -0.0425645 -0.15762 -1.41345 0.0376921 -0.00839758 0.0499306 -0.0552857 -0.0893615 -0.0640791 -0.00772856 -0.0684686 -0.0674882 -0.0621017 0.00965439 -0.0617549
internal_weight=112.401 112.247 53.5482 0.0109802 58.6984 45.5036 13.1948 0.383841 12.8288 2.93736 0.105611 32.6749 9.8914 29.1054 12.8109 7.4633 53.5372 5.34764 50.5291 50.3197 3.56942 3.00811 1.19627
internal_count=67206 67177 65143 53 2034 882 1152 76 300 197 40 582 103 395 1076 863 65090 213 64177 64064 187 913 887
is_linear=0
shrinkage=0.05


Tree=33
num_leaves=25
num_cat=0
split_feature=76 15 80 1 62 63 3 7 42 10 1 22 10 69 76 66 10 3 7 12 74 12 12 13
split_gain=526.354 39.712 26.2452 20.1327 34.5354 63.873 19.6498 17.0642 14.6209 9.50491 6.55579 5.95107 31.3564 4.84769 4.57359 36.7229 3.81092 3.63537 9.81646 3.57832 2.3715 0.139191 0.000981518 0.000250184
threshold=4.3659222126007089 1.8345543146133425 -0.79719924926757801 1.5164263248443606 1.1817479729652407 1.019886374473572 2.1541967391967778 0.10581958666443826 0.65875580906867992 1.0422092676162722 1.7343032956123354 -0.69597491621971119 -0.091014068573713289 2.4910708665847783 -3.650996088981628 -1.0000000180025095e-35 -1.316178500652313 1.4450886249542239 1.7741701602935793 -1.7381611466407774 3.6439321041107182 -1.7381611466407774 -1.7381611466407774 0.59283918142318737
decision_type=2 2 2 2 2 2 2 2 2 2 2 2 2 2 2 2 2 2 2 2 2 2 2 2
left_child=1 10 3 7 5 -5 11 13 -9 -6 14 19 -13 -3 15 -1 -12 20 -19 -4 -16 -18 -17 -23
right_child=-2 2 6 4 9 -7 -8 8 -10 -11 16 12 -14 -15 17 22 21 18 -20 -21 -22 23 -24 -25
leaf_value=-2.1483344521944976 2.2725566365757492 -0.070472807255385156 0.0350875619506094 -0.031841550279298435 -0.028971858741590462 -1.785877112073611 -0.49158651049176999 -0.04801131266537581 0.048982756081780897 -0.2831702318974304 0.056237224646750711 -0.91840597843217275 -0.080101770160581495 -0.27078131967749358 -0.059154646794062543 -0.062250051490059834 -0.094126360124763553 -0.089827549390294387 -0.62243723386632965 -0.049691848224939411 -0.21078731332713785 -0.050690759540563061 -0.050009599696570317 -0.052472565808838273
leaf_weight=0.023841037072998006 0.24841152063220207 2.0947926520162103 1.7298976689386147 0.14148155674359664 6.4056713070765019 0.081972643930265932 0.26923991926997892 4.429355136310579 31.632025806550221 0.39013886618123983 1.7403589157038368 0.11394374249464068 5.306193842854058 0.35293822236980688 38.527655077286582 0.16321118355707875 0.24902650713920593 9.3675134658545343 0.087318485408295454 4.4368093392514112 0.25959402383531838 0.29073936986964055 0.018204014505998511 0.61106250073859725
leaf_count=7 29 117 54 74 275 26 15 136 209 143 26 71 587 33 61299 31 1 2520 90 294 155 666 128 220
internal_value=-0.0263826 -0.0316352 -0.0030531 0.0142024 -0.0636759 -0.675297 -0.0693157 0.0283977 0.0370691 -0.0435651 -0.0635834 -0.0595035 -0.0977249 -0.0993553 -0.0679482 -0.303468 0.00955704 -0.0669461 -0.0947464 -0.0259093 -0.0601695 -0.0610358 -0.0610218 -0.0518981
internal_weight=108.971 108.723 57.3845 45.5284 7.01926 0.223454 11.8561 38.5091 36.0614 6.79581 51.3385 11.5868 5.42014 2.44773 48.4473 0.205256 2.89119 48.2421 9.45483 6.16671 38.7872 1.15083 0.181415 0.901802
internal_count=67206 67177 2034 1013 518 100 1021 495 345 418 65143 1006 658 150 64230 166 913 64064 2610 348 61454 887 159 886
is_linear=0
shrinkage=0.05


Tree=34
num_leaves=24
num_cat=0
split_feature=76 42 33 14 4 13 52 22 42 50 35 24 33 76 74 75 16 80 13 19 3 22 3
split_gain=3582.44 31.3582 51.2056 32.1655 29.0879 16.7566 16.2509 7.96488 9.26924 6.89401 6.56515 5.62584 4.93005 4.76115 3.9936 3.95251 3.76559 3.21992 2.96293 2.34539 0.509789 0.129228 0.106449
threshold=4.3659222126007089 0.80497118830680858 2.1881864070892338 1.3233668804168703 0.68550056219100963 0.50325195491313945 3.0828092098236088 1.8718387484550478 1.7102874517440798 2.6617178916931157 0.088466849178075804 2.0402278900146489 1.114585340023041 -3.4123972654342647 3.6439321041107182 0.42477801442146307 2.0730055570602421 0.62663751840591442 0.6206796169281007 -0.65142828226089466 1.4450886249542239 -1.3379283547401426 1.0990925431251528
decision_type=2 2 2 2 2 2 2 2 2 2 2 2 2 2 2 2 2 2 2 2 2 2 2
left_child=1 2 11 4 17 15 7 10 -9 16 -5 13 19 -1 -15 -6 -8 20 -7 -13 -3 -11 -14
right_child=-2 3 -4 6 5 18 9 8 -10 21 -12 12 22 14 -16 -17 -18 -19 -20 -21 -22 -23 -24
leaf_value=-0.30975639984457082 16.176700232698881 -0.065488421828645629 -1.4452770033632369 -0.50483131524860159 0.022479230426537239 -0.060972432710817703 -0.067316828041355053 -0.05075689140591097 -1.0690952835285157 -0.10138383706001977 -0.082908144645452875 -0.071092725148346469 -0.05317999681468473 -0.067652648817023514 -0.34314043706998482 0.065057827134497773 0.05861049589758232 0.047107741002947442 0.014670578898898301 0.052365158988802701 -0.11237917932148277 -0.070858138030230208 -0.073518211302243217
leaf_weight=0.20600140931764244 0.034105138940559665 8.4391335690843778 0.067097670060603742 0.092780789334175107 7.4485380763468703 4.2387395604023572 0.70087437523154239 0.044775625831108168 0.044608751523128376 0.49794468901927746 14.657580196675891 0.46249512056889575 1.1642163727757253 35.228297503558771 0.13204591885574402 20.317993357402621 3.8805788493133537 0.64268894168174284 1.8637889259299134 2.2868928785137554 0.62238452175166159 1.1415387702864546 1.4380453046545931
leaf_count=51 29 4982 57 125 521 5076 123 62 5 6 3628 250 715 49658 108 241 49 94 888 55 110 141 232
internal_value=-0.0257042 -0.0309361 -0.0651492 -0.00924125 0.0152811 0.0371483 -0.0599764 -0.0884136 -0.558976 0.00785913 -0.0855621 -0.062886 -0.0150911 -0.0700777 -0.0686814 0.0536359 0.039346 -0.0610388 -0.0378701 0.0315974 -0.0687091 -0.0801294 -0.0644192
internal_weight=105.653 105.619 40.9851 64.6339 43.5733 33.8691 21.0607 14.8397 0.0893844 6.22094 14.7504 40.918 5.35165 35.5663 35.3603 27.7665 4.58145 9.70421 6.10253 2.74939 9.06152 1.63948 2.60226
internal_count=67206 67177 51126 16051 11912 6726 4139 3820 67 319 3753 51069 1252 49817 49766 762 172 5186 5964 305 5092 147 947
is_linear=0
shrinkage=0.05


Tree=35
num_leaves=31
num_cat=0
split_feature=15 7 36 15 8 1 65 6 7 27 24 46 8 16 1 76 65 3 3 24 3 34 75 4 61 4 12 13 40 65
split_gain=88.2709 155.353 752.705 32.8845 26.1173 16.772 15.7805 9.61202 28.4166 87.3398 9.37279 94.5749 288.533 8.63853 6.73901 5.55066 98.9267 5.10841 4.64454 22.8396 3.29261 3.09918 2.85054 2.60343 2.2963 1.37754 0.115371 0.0932693 0.0423068 2.29292e-05
threshold=3.0476642847061162 0.52818679809570324 0.85235655307769786 1.8345543146133425 0.45867127180099493 1.5164263248443606 0.5153871774673463 -0.33768430352210993 -0.084245573729276643 -0.3425143957138061 2.9143875837326054 0.68548813462257396 0.99637660384178173 1.6188941001892092 1.7343032956123354 -3.650996088981628 0.13604537397623065 1.4450886249542239 1.5918008089065554 2.5270354747772221 0.44255642592906957 2.0343699455261235 3.7639402151107793 1.6145588755607607 1.5694630742073061 1.3472357392311098 -2.6092015504837032 -1.2672424316406248 0.6344379484653474 1.6664044857025149
decision_type=2 2 2 2 2 2 2 2 2 2 2 2 2 2 2 2 2 2 2 2 2 2 2 2 2 2 2 2 2 2
left_child=3 25 -3 10 7 6 22 21 9 -9 14 29 -13 -8 15 16 -1 -17 19 -7 -16 23 -6 -5 -23 -2 -20 -22 -10 -12
right_child=1 2 -4 4 5 18 13 8 28 -11 11 12 -14 -15 20 17 -18 -19 26 -21 27 24 -24 -25 -26 -27 -28 -29 -30 -31
leaf_value=-5.3141831654664218 0.019217456535246952 3.3769821393382111 -0.049357559220192276 -0.068887799637367284 -0.088414587355212557 -0.086531732845445186 0.053845184614649114 -1.6178244932237691 -0.052904792059268062 -0.13817700043628356 -0.050760256928161045 -19.706246171188667 -0.050032777591175762 -0.0041311208459602301 0.054959545909823097 -0.060818755002156936 -0.060259865325326359 -0.10321545739241343 -0.10385858757323115 -0.88548532588589701 -0.087315644492289818 0.027606517534335785 0.05144196900424397 0.051690611543402681 -0.092983092758486638 0.074081637473186593 -0.067474050635107224 -0.051705533088659307 -0.069880448695055358 -0.052349174693380733
leaf_weight=0.0094965325094180097 1.7407227179084337 0.21116047627347645 0.66533790537065463 7.7568208209907663 3.3578086704745669 0.49628106156358254 20.211164256629122 0.12765948913475167 0.48163298252757281 0.45589151749094237 0.045772634443896933 0.002543722133552976 0.0070172948466420935 9.4195387288661312 1.6523366180190333 35.298350717205452 0.15844814041662864 8.8954661049982047 0.24965491890907299 0.10911899460224106 0.24472415447235096 1.9047961229850754 0.4086788000657412 0.47507678640840811 0.49798389397207943 3.3381434959992475 1.7114379060045077 0.73957472543187319 1.5424159962591781 0.045053900018622049
leaf_count=49 41 23 54 778 197 56 137 65 49 66 118 34 38 141 42 61318 117 2607 1 62 1 34 2 3 76 16 140 823 110 8
internal_value=-0.025442 0.161366 0.776095 -0.036994 -0.00840897 0.0136952 0.0231608 -0.0684401 -0.154468 -0.461869 -0.0668578 -0.549473 -5.2796 0.0354146 -0.065827 -0.0704428 -0.357346 -0.0693525 -0.109478 -0.230537 0.0118345 -0.0473463 -0.0732396 -0.061929 0.00261393 0.0552776 -0.0721059 -0.0605592 -0.065841 -0.0515484
internal_weight=102.26 5.95536 0.876498 96.3047 49.206 35.9637 33.3972 13.2423 2.6076 0.583551 47.0988 0.100388 0.00956102 29.6307 46.9984 44.3618 0.167945 44.1938 2.56649 0.6054 2.63664 10.6347 3.76649 8.2319 2.40278 5.07887 1.96109 0.984299 2.02405 0.0908265
internal_count=67206 134 77 67072 1917 736 477 1181 290 131 65155 198 72 278 64957 64091 166 63925 259 118 866 891 199 781 110 57 141 824 159 126
is_linear=0
shrinkage=0.05


Tree=36
num_leaves=31
num_cat=0
split_feature=75 74 47 15 8 21 65 35 6 15 43 24 11 47 1 76 20 76 10 18 10 7 9 10 77 8 12 16 45 28
split_gain=92.2797 1751.56 9290.81 38.3375 25.3943 20.7123 15.8227 16.2554 13.2152 105.535 11.6254 10.1679 97.4179 655.647 6.33604 5.10006 48.1619 5.2178 3.21106 3.1616 3.14686 1.21678 1.09267 0.964134 0.31499 0.214921 0.0766784 0.0350909 0.00224446 1.79132e-05
threshold=2.9150006771087651 1.4330003261566164 -1.0511958003044126 1.8345543146133425 1.0000000180025095e-35 0.2781433910131455 0.5153871774673463 2.034300804138184 -0.33768430352210993 2.2448709011077885 1.0122834444046023 2.9143875837326054 -0.10284799337387084 -0.3567488938570022 1.7343032956123354 -3.650996088981628 -1.0515429973602293 2.2185329198837285 -0.36897480487823481 2.1088237762451176 -1.316178500652313 0.1902931481599808 2.5093786716461186 1.3543803095817568 -1.3313313126564024 -0.15911816805601117 -1.7381611466407774 2.715089082717896 -1.0000000180025095e-35 2.2120531797409062
decision_type=2 2 2 2 2 2 2 2 2 2 2 2 2 2 2 2 2 2 2 2 2 2 2 2 2 2 2 2 2 2
left_child=3 5 -3 11 8 19 18 10 22 27 -8 14 13 -13 15 16 -1 -17 -6 23 -16 -9 25 28 -20 -5 -22 -10 -2 -14
right_child=1 2 -4 4 6 -7 7 21 9 -11 -12 12 29 -15 20 17 -18 -19 24 -21 26 -23 -24 -25 -26 -27 -28 -29 -30 -31
leaf_value=-2.8470735133119653 -0.051136813951973815 37.105405301153056 -0.050536454689233894 -0.058135811940764531 -0.27271728167621168 -0.54327011684347304 0.034374618022436548 -0.16525076244279158 -0.05277225616485897 -1.6183670477227725 -0.065962810674747102 -38.242443608737624 -0.0507686043078091 -0.050024585042131947 0.055123676168732927 -0.063869766195361374 -0.059670550056146625 -0.13503811365645843 -0.12806872132115196 0.0515240419676882 -0.084195604775390634 -0.07933870274493289 -0.18614104566008982 -0.18258813842389546 -0.06885708954435818 -0.082019250127607912 -0.051597787796998897 -0.0762581799816405 -0.058788198213181611 -0.052229691977551687
leaf_weight=0.017253476143636731 0.38936852169942354 0.020184917628284893 0.10105219708324642 3.0102246955150522 0.20981415827148975 0.20546786908243797 36.740562251626578 0.49098066921575023 0.53815083775408556 0.12659991060483822 3.1329952401046972 0.0013091598999039897 0.041005708022844159 0.0079328603211539644 1.5767626953311267 38.697734359840936 0.15221022701705675 2.7590782994028507 0.23824009525560486 0.90763502693521347 0.24119119346141837 2.5666243792503645 0.19646029174327839 0.1988518089056015 3.9249742999354367 1.3709246822482923 0.71573884622953321 0.22576767206192017 0.12714220583438957 0.042950859700795263
leaf_count=2 111 18 98 530 17 95 484 10 126 50 267 23 70 102 26 62867 164 784 3 11 1 125 1 1 286 91 838 1 1 3
internal_value=-0.024988 0.315592 6.1356 -0.0318319 -0.00305073 -0.0703065 0.00874173 0.017971 -0.105066 -0.281298 0.0264908 -0.0661537 -0.587857 -5.4601 -0.0650526 -0.0697252 -0.343462 -0.0686062 -0.0818639 -0.0104304 0.0117138 -0.0931342 -0.0707822 -0.0890367 -0.0722455 -0.0656093 -0.059814 -0.0597133 -0.0530202 -0.0515161
internal_weight=98.9752 1.9497 0.121237 97.0255 52.7723 1.82847 47.3042 42.9312 5.46813 0.890518 39.8736 44.2532 0.0931986 0.00924202 44.16 41.6263 0.169464 41.4568 4.37303 1.623 2.53369 3.05761 4.57761 0.715363 4.16321 4.38115 0.95693 0.763919 0.516511 0.0839566
internal_count=67206 335 116 66871 1991 219 1192 886 799 177 751 64880 198 125 64682 63817 166 63651 306 124 865 135 622 113 289 621 839 127 112 73
is_linear=0
shrinkage=0.05


Tree=37
num_leaves=31
num_cat=0
split_feature=15 26 15 8 76 1 74 21 18 19 1 61 71 6 7 15 1 14 11 29 19 44 36 34 78 79 10 11 13 28
split_gain=82.7493 179.478 32.2548 23.4972 15.7778 192.972 1524.87 62.1863 347.143 15.9131 15.0641 14.0583 10.388 9.45909 32.779 77.9679 5.99036 4.1138 14.3114 4.10122 18.0196 28.1256 50.8779 2.74677 2.57065 2.44493 2.33661 2.27623 2.18669 2.14673
threshold=3.0476642847061162 -0.42486913502216334 1.8345543146133425 0.45867127180099493 2.2185329198837285 -0.031251022592186921 1.2692276239395144 1.1890995502471926 -0.49165774881839747 -0.55914059281349171 1.5164263248443606 0.5023820847272874 2.4778283834457402 -0.33768430352210993 -0.084245573729276643 2.2448709011077885 1.7343032956123354 0.73383766412734996 0.12874046713113788 2.454533696174622 1.0587788224220278 0.25099986046552664 0.20246056467294696 2.0343699455261235 0.57327933609485637 0.94086700677871715 -1.2541719079017637 -0.11939110979437827 0.60490116477012645 -1.4841298460960386
decision_type=2 2 2 2 2 2 2 2 2 2 2 2 2 2 2 2 2 2 2 2 2 2 2 2 2 2 2 2 2 2
left_child=2 19 4 13 16 6 -6 9 -9 -7 11 24 -13 23 15 -15 25 18 -12 20 21 22 -2 26 -5 -1 -4 -18 -25 -27
right_child=1 -3 3 10 5 7 -8 8 -10 -11 17 12 -14 14 -16 -17 27 -19 -20 -21 -22 -23 -24 28 -26 29 -28 -29 -30 -31
leaf_value=-0.054551300202368147 -0.051085357100237795 0.80339021153123868 0.051553001551407109 -0.056946910349815728 -0.050024048214403295 -0.89796301434860037 -28.878903108664225 -0.05330128365757647 -7.0229591184404789 -0.069240949351202979 -0.050731602885315009 0.042020895482081509 -0.075266112976544175 -0.15466610274406878 -0.063876077153986049 -1.6249283341038501 0.055400149828054072 -0.087436133125808155 -1.0544887538089485 0.07183498131395448 0.051309449103218489 -0.053349303940359818 -2.3919233474733663 -0.043740545063289449 -0.19129657040967959 -0.26516203922523823 -0.067342363715331574 -0.051509784863515054 0.054173012381690436 -0.078977798549618283
leaf_weight=24.125476233815284 0.052221822321442513 0.90826715469232144 0.43825393915175936 3.1075173967727561 0.038729517247928391 0.059024966188304329 0.0052031136069135 0.10850912081286879 0.02138733686981531 3.1122373389885323 0.12322729324023329 26.579249086557471 2.0322117434307136 0.35467471903770098 1.8826201400628426 0.12091059397057746 1.5021672841040887 2.3506413439131038 0.049887587271456368 3.1735265254974365 1.4161584695172988 0.21306887040737149 0.041787358873989433 1.2254373074056137 0.40212300190660233 0.15664335701967935 7.23853104265757 0.74469279133817434 1.0664654999969323 13.313937226067154
leaf_count=46293 8 23 1 144 149 76 30 58 125 471 48 221 62 83 159 48 37 191 20 1 44 21 37 102 50 54 780 793 8 17069
internal_value=-0.0251261 0.157852 -0.0369074 -0.00823102 -0.0680961 -0.172396 -3.46434 -0.128586 -1.20085 -0.0846655 0.0128634 0.0221051 0.0336902 -0.0675171 -0.15757 -0.528459 -0.0593394 -0.10476 -0.339991 0.0381161 -0.0239809 -0.371199 -1.09159 -0.0462141 -0.0723403 -0.064079 -0.0605548 0.0199662 0.00182048 -0.0811429
internal_weight=95.9648 5.80503 90.1598 46.9718 43.188 3.34509 0.0439326 3.30116 0.129896 3.17126 34.6449 32.1211 28.6115 12.3269 2.35821 0.475585 39.8429 2.52376 0.173115 4.89676 1.72324 0.307078 0.0940092 9.96869 3.50964 37.5961 7.67678 2.24686 2.2919 13.4706
internal_count=67206 134 67072 1917 65155 909 179 730 183 547 736 477 283 1181 290 131 64246 259 68 111 110 66 45 891 194 63416 781 830 110 17123
is_linear=0
shrinkage=0.05


Tree=38
num_leaves=22
num_cat=0
split_feature=76 42 2 12 7 14 13 4 21 81 65 24 75 35 79 8 54 13 3 0 71
split_gain=2163.11 26.6034 65.8477 172.739 26.7093 13.1073 17.6689 10.1076 9.95094 6.25415 4.48425 4.94223 6.37458 3.98921 3.13948 4.62055 9.14241 2.66951 0.100517 0.066413 0.0479105
threshold=4.3659222126007089 0.80497118830680858 2.2279446125030522 0.51276007294654857 0.063583107665181174 1.3233668804168703 0.50325195491313945 0.68550056219100963 1.4550833702087405 0.34297260642051702 2.134086132049561 2.0402278900146489 2.2924450635910039 0.8580596148967744 0.95889812707901012 -0.073313882574439035 2.0879116058349614 0.6206796169281007 -0.51107162237167347 2.5504565238952641 0.92533493041992199
decision_type=2 2 2 2 2 2 2 2 2 2 2 2 2 2 2 2 2 2 2 2 2
left_child=1 2 10 -4 14 6 7 -6 9 -7 11 12 -1 -13 19 18 -17 -8 -16 20 -3
right_child=-2 4 3 -5 5 8 17 -9 -10 -11 -12 13 -14 -15 15 16 -18 -19 -20 -21 -22
leaf_value=-0.063512014158537078 10.720064454863042 -0.050071754248287817 -0.050136446579199592 -12.004694452004005 -0.049522659284648468 -0.083596486592565231 -0.061233378910629202 0.051732743834286055 0.057501797214954631 -0.0064055720150494287 -0.37189847879016202 0.029862157937324652 -0.17690625575251082 -0.063259363528075443 -0.088952867878533529 -0.41371343695838336 -0.12436915100973389 0.0082185950296191097 -0.062955696774583056 -0.086308836045564649 -0.062197044973817117
leaf_weight=28.927983236093745 0.046826883831711963 1.0039193786388043 0.010888675652616871 0.0041824813786401844 2.7384121250617808 7.0144474483345496 5.7734277671007375 24.650839784795682 2.3980843323821412 4.1924467912124799 0.11636975407600303 2.5043839500286951 1.2948714836543889 2.1267242763050018 0.4843344430544575 0.33565792909249004 1.4626058899265781 1.8196399383332602 1.600463396933079 0.24942947415311234 4.3218455051571638
leaf_count=49130 29 3813 41 39 625 1538 5007 479 246 414 1 302 678 935 26 414 110 989 1229 12 1149
internal_value=-0.0236106 -0.0290184 -0.0634587 -3.36771 -0.00826051 0.00670394 0.0228993 0.0416091 -0.034939 -0.0547197 -0.0620346 -0.0610001 -0.0683703 -0.0129016 -0.0851333 -0.119651 -0.178377 -0.0445896 -0.0689953 -0.0610924 -0.0599114
internal_weight=93.0778 93.031 34.9854 0.0150712 58.0456 48.5873 34.9823 27.3893 13.605 11.2069 34.9703 34.854 30.2229 4.63111 9.45826 3.88306 1.79826 7.59307 2.0848 5.57519 5.32576
internal_count=67206 67177 51126 80 16051 9298 7100 1104 2198 1952 51046 51045 49808 1237 6753 1779 524 5996 1255 4974 4962
is_linear=0
shrinkage=0.05


Tree=39
num_leaves=31
num_cat=0
split_feature=15 8 1 76 4 76 37 8 63 31 2 16 43 9 47 75 45 1 70 3 73 5 75 79 6 30 65 28 9 79
split_gain=34.1858 20.0933 13.1993 14.7009 14.6184 10.5916 67.7226 148.824 327.506 23.2976 194.387 1227.93 9.40579 8.28866 88.3135 6.4676 5.06688 4.62604 3.41005 5.33752 3.34328 2.73251 2.72516 2.1633 2.01932 2.26375 1.54443 1.25899 1.12058 1.09971
threshold=1.8345543146133425 1.0000000180025095e-35 1.8545111417770388 3.8410047292709355 0.68550056219100963 2.8388897180557255 -0.82051971554756153 1.3281522989273074 0.28561913967132574 0.43805798888206487 1.6921461224555971 0.22678244858980182 1.0122834444046023 -1.0513347983360288 -1.9529079794883726 1.2737175822257998 0.1400851905345917 1.7343032956123354 2.5391676425933842 2.1541967391967778 1.8154943585395815 0.79538962244987499 3.7639402151107793 0.94086700677871715 -0.20172294229269025 -0.076469421386718736 2.0639343261718754 -1.4841298460960386 1.136134207248688 0.88514706492424022
decision_type=2 2 2 2 2 2 2 2 2 2 2 2 2 2 2 2 2 2 2 2 2 2 2 2 2 2 2 2 2 2
left_child=5 13 4 26 16 17 7 8 -7 10 11 -8 15 14 -2 -6 22 23 24 -20 -18 -19 -3 29 -15 -26 -4 -25 -14 -1
right_child=1 2 3 -5 12 6 9 -9 -10 -11 -12 -13 28 18 -16 -17 20 21 19 -21 -22 -23 -24 27 25 -27 -28 -29 -30 -31
leaf_value=-0.056660331962123181 -4.9617766263437861 -0.08809909542096378 -0.06630699159006985 -0.6051143176287459 0.010755114127817014 -0.050579799041142182 -36.257854833453102 -0.050956791033533705 -9.3809755788419373 -0.060400375745302819 -0.059422578656835437 -0.050153735832446013 -0.060015187678459148 -0.067835922297744225 -0.050781061089345714 0.055783157343127165 0.016116282176461348 0.053969402494655622 -0.057670906167594821 -0.40002323724152244 -0.070234764565429139 -0.058083621728176028 0.051336600994359022 -0.20892675313638498 -0.37576021872701193 -0.052831678870216593 -0.22555688096752521 -0.077670713251331 -0.16350606617322805 -0.0099589564567870645
leaf_weight=21.080524799530721 0.010180665129928101 4.4494910144710724 1.2783336021766396 0.15006466209888447 15.014476633129226 0.022989424576735744 0.0027618324516644503 0.074351095229111569 0.015916413603063874 1.9687333624245658 0.13976644420746209 0.015389122792493656 1.7583988395596102 4.3412150148384532 0.090808503782935257 17.008685278589112 4.117342685502436 1.391321874656595 0.2422805406355904 0.21477502875565785 1.5402526563173635 0.8934510786018296 0.3803717494969775 0.18535306855065847 0.1153576672077179 0.10248101649428765 0.17283102646441162 12.736139701980466 0.30727031095204882 1.3407127751239389
leaf_count=45738 4 255 186 44 164 37 31 11 22 123 66 76 126 562 128 143 190 38 44 4 114 829 2 54 1 58 21 17172 5 958
internal_value=-0.0303583 -0.00336486 0.00705246 -0.133992 0.0121189 -0.065089 -0.170717 -1.36206 -3.86765 -0.107271 -0.691597 -5.55948 0.0280006 -0.0973725 -0.545856 0.0346712 -0.0395036 -0.0588011 -0.0883432 -0.218546 -0.00739237 0.0101515 -0.077118 -0.0632586 -0.0752901 -0.22384 -0.0852734 -0.0795535 -0.0754096 -0.0538678
internal_weight=91.162 51.2946 46.1775 1.60123 44.5763 39.8674 2.23991 0.113257 0.0389058 2.12665 0.157917 0.018151 34.0888 5.1171 0.100989 32.0232 10.4875 37.6275 5.01611 0.457056 5.6576 2.28477 4.82986 35.3427 4.55905 0.217839 1.45116 12.9215 2.06567 22.4212
internal_count=67206 2051 1250 251 999 65155 366 70 59 296 173 107 438 801 132 307 561 64789 669 48 304 867 257 63922 621 59 207 17226 131 46696
is_linear=0
shrinkage=0.05


Tree=40
num_leaves=31
num_cat=0
split_feature=15 8 24 42 43 22 51 44 10 32 60 50 49 50 76 1 15 19 45 31 20 74 42 34 5 74 8 14 20 7
split_gain=28.923 18.6835 13.1399 140.081 443.355 11.9682 20.7585 9.45268 9.1902 9.06693 5.55583 5.32552 20.5653 4.99069 7.74282 4.58643 4.20432 11.2934 46.2409 4.16506 3.54011 5.92836 2.87348 2.77301 2.5185 1.28353 1.03609 0.843896 0.7355 0.64505
threshold=1.8345543146133425 1.0000000180025095e-35 2.9143875837326054 0.63438698649406444 0.30021670460700994 -0.054021480522351333 2.0457956790924077 0.60598376393318187 0.92247256636619579 -0.80296066403388966 1.9385366439819338 0.046007398515939719 0.62784385681152355 1.4171544909477236 -0.072014885023236261 1.7343032956123354 1.7929280400276186 0.2829850465059281 0.81998965144157421 1.56119841337204 1.236094117164612 1.2692276239395144 0.80497118830680858 2.0723766088485722 0.81289052963256847 1.2692276239395144 1.3681942224502566 1.172557055950165 2.3237465620040898 0.1902931481599808
decision_type=2 2 2 2 2 2 2 2 2 2 2 2 2 2 2 2 2 2 2 2 2 2 2 2 2 2 2 2 2 2
left_child=2 9 15 4 -4 8 11 10 13 -2 -8 12 -7 22 -15 16 25 18 -18 -13 -11 -22 -3 26 -17 27 -10 -1 -27 -9
right_child=1 5 3 -5 -6 6 7 29 23 20 -12 19 -14 14 -16 24 17 -19 -20 -21 21 -23 -24 -25 -26 28 -28 -29 -30 -31
leaf_value=-0.051258523637813726 -0.57703380710045915 0.0098135164412590167 -0.050018132380246487 -0.051224811786895391 -29.899264325328961 -0.051493497945953308 -0.010439433830965324 0.068210857940285349 -0.069412289365549065 -0.065309545931294732 -0.18273008053592199 -0.053393550021407138 -0.81138664573050168 0.035095802436237805 -0.088648860901468618 0.053675659025202174 -0.050626178108029357 -0.11512151209780119 -3.13943427789355 -0.13827234223867399 -0.099434656107229277 -0.39124119313992267 0.060560616159437967 0.051567036998789839 -0.058161520922734911 -0.081983989557426362 0.012268591550066479 -0.068057989531865884 -0.17852414689399396 0.037686168425236699
leaf_weight=18.085844588971206 0.095688132940307535 3.4281241158055584 0.004834062093173103 0.067536802091598652 0.0016750837265286133 0.33164193826177674 1.3146867018471433 2.9394216150585146 3.1184250326784895 3.9927484833574258 0.72647491949454757 4.8645744086978144 0.12171380823965999 4.3301468941894639 1.7853048223333763 1.3324270797020297 0.048176482223415584 0.4103169269389077 0.0161881403315558 2.0562480939688514 0.67597428193417908 0.23441234923865473 14.973988473874412 0.67093646632146287 0.80906082602854068 4.511995097938061 0.4434446340824455 12.742243690196903 0.20631196294107201 4.209000587990559
leaf_count=51982 26 150 39 122 37 54 50 8 191 661 12 377 24 48 104 30 74 47 12 41 98 16 103 21 836 4488 30 7433 55 37
internal_value=-0.0281788 -0.00326735 -0.060958 -0.726375 -7.73152 0.00685254 -0.0270014 0.0231401 0.0263566 -0.0950037 -0.0717598 -0.0894871 -0.255504 0.0381025 -0.0010294 -0.0596669 -0.0638933 -0.211714 -0.827482 -0.0786119 -0.0855966 -0.174571 0.051107 -0.0416788 0.0114232 -0.0619193 -0.0592432 -0.0582023 -0.0862053 0.0502379
internal_weight=88.5496 50.313 38.2366 0.0740459 0.00650915 45.3141 16.5638 9.18958 28.7504 4.99882 2.04116 7.37418 0.453356 24.5176 6.11545 38.1626 36.0211 0.474682 0.0643646 6.92082 4.90314 0.910387 18.4021 4.23281 2.14149 35.5464 3.56187 30.8281 4.71831 7.14842
internal_count=67206 2051 65155 198 76 1250 603 107 647 801 62 496 78 405 152 64957 64091 133 86 418 775 114 253 242 866 63958 221 59415 4543 45
is_linear=0
shrinkage=0.05


Tree=41
num_leaves=31
num_cat=0
split_feature=15 80 24 65 35 71 45 27 75 39 75 22 74 4 10 15 49 80 30 75 76 10 46 10 44 79 79 27 29 76
split_gain=27.5469 18.4032 14.1652 153.103 610.518 13.4926 12.9154 11.7195 27.0922 10.2969 8.10883 10.7119 9.10528 6.70766 6.46658 4.40322 4.24625 3.58235 3.58142 3.5009 3.34643 2.85737 2.50865 2.22972 2.10329 1.60082 1.23812 0.808671 0.239585 0.0286882
threshold=1.8345543146133425 -0.79719924926757801 2.9143875837326054 0.90252381563186657 1.6846594214439394 2.4778283834457402 -0.7151409089565276 -0.31845180690288538 1.7264853119850161 1.6400163173675539 1.2737175822257998 0.26695523411035543 -0.12284050509333609 0.68550056219100963 0.40503843128681188 1.7929280400276186 2.1617883443832402 -1.4089200496673582 1.0248049497604372 2.9715967178344731 0.40518260002136236 -1.316178500652313 1.3695026040077212 0.91178154945373546 0.70007574558258068 0.94086700677871715 0.88514706492424022 -0.37459787726402277 2.8064118623733525 2.075373768806458
decision_type=2 2 2 2 2 2 2 2 2 2 2 2 2 2 2 2 2 2 2 2 2 2 2 2 2 2 2 2 2 2
left_child=2 5 15 4 -4 10 7 8 -3 20 11 14 -13 19 -2 17 -17 21 -7 -12 23 -1 -22 -8 -15 26 -19 -27 29 -20
right_child=1 6 3 -5 -6 18 9 -9 -10 -11 13 12 -14 24 -16 16 -18 25 28 -21 22 -23 -24 -25 -26 27 -28 -29 -30 -31
leaf_value=0.052431447913709128 -0.093078725060979028 -2.5217124240145363 -38.958769237404773 -0.051189420975485372 -0.050018912587727088 -0.24775991945518588 -0.059369301230846362 -0.25782978444993593 -0.050355623818655965 -0.3119103139931681 -0.076013028023530771 -0.18617228718285819 -0.029128421423842678 0.061862917913823139 0.030548624166267687 -0.062003382105572206 -0.36729561903924818 -0.056372003413198805 -0.059258654378976018 0.051432563703703728 -0.068076378529244447 -0.05413701823361651 0.05105326025398696 0.051668798509670058 0.0059611871656869335 -0.067018474206276074 -0.0067138666461542575 -0.094580597059784222 -0.10987936868229527 -0.076401911223174343
leaf_weight=1.2877308458382688 1.1562202694204646 0.020222290746398863 0.0012850577668979115 0.062950564981570811 0.0046795119109006578 0.41488074616063531 0.69710792172284364 0.17104081588513573 0.024555154163466514 0.37589921605202548 1.6389079255339112 1.1749426197461579 4.3039629193707425 13.708383683407508 12.420696048926198 0.22941591366092209 0.22619655522119261 20.244864701634768 0.52751604144775088 0.80280452976883188 6.932510460956145 1.229599967320502 0.47200505696650896 1.2864336463099473 1.9180609436777611 8.1607104300687272 1.3382011283121169 3.949068736623782 0.49408543587767939 0.45412161239073612
leaf_count=123 62 31 57 110 31 18 187 48 12 32 71 84 162 104 289 120 25 44763 59 3 680 1615 10 22 164 15037 1040 2234 9 4
internal_value=-0.0277153 -0.00317347 -0.0604477 -0.776618 -8.43285 0.012325 -0.0637628 -0.446351 -1.16646 -0.0553063 0.0189606 -0.00379379 -0.0628062 0.0429588 0.0200204 -0.0591016 -0.213571 -0.057158 -0.117971 -0.0341105 -0.0450318 0.000377669 -0.0604824 0.0126449 0.0550013 -0.0614567 -0.0532931 -0.0760066 -0.0814824 -0.0671894
internal_weight=85.7291 48.9944 36.7347 0.0689151 0.00596457 39.0146 9.97977 0.215818 0.0447774 9.76396 37.124 19.0558 5.47891 18.0682 13.5769 36.6658 0.455612 36.2102 1.8906 2.44171 9.38806 2.51733 7.40452 1.98354 15.6264 33.6928 21.5831 12.1098 1.47572 0.981638
internal_count=67206 2051 65155 198 88 1029 1022 91 43 931 939 597 246 342 351 64957 145 64812 90 74 899 1738 690 209 268 63074 45803 17271 72 63
is_linear=0
shrinkage=0.05


Tree=42
num_leaves=31
num_cat=0
split_feature=15 80 71 45 39 16 52 7 42 18 18 52 15 80 55 76 49 43 46 3 79 79 27 6 29 26 76 68 31 74
split_gain=26.1617 17.3626 12.4071 11.9596 11.1414 9.43839 9.49519 8.98517 9.28976 8.57785 7.22217 46.808 3.66938 3.36833 3.15105 3.11826 3.11773 2.67672 2.34506 2.10584 1.46325 1.24073 0.659728 0.550533 0.187432 0.0815001 0.0233392 0.0058918 0.00283336 1.54047e-06
threshold=1.8345543146133425 -0.79719924926757801 2.4778283834457402 -0.7151409089565276 1.6400163173675539 0.79628264904022228 2.6616045236587529 0.10581958666443826 1.8857456445693972 0.61468738317489635 2.8653964996337895 -0.22300951182842252 1.7929280400276186 -1.4089200496673582 1.2793268561363222 0.40518260002136236 2.1617883443832402 -1.1410237550735471 1.3695026040077212 1.2213525772094729 0.94086700677871715 0.88514706492424022 -0.37459787726402277 -0.23571328818798062 2.8064118623733525 -0.13922352343797681 2.075373768806458 1.883570730686188 1.5907542705535891 1.3511139750480654
decision_type=2 2 2 2 2 2 2 2 2 2 2 2 2 2 2 2 2 2 2 2 2 2 2 2 2 2 2 2 2 2
left_child=10 2 5 9 15 6 25 23 -9 -3 12 -12 13 17 -4 19 28 -1 -17 -5 21 -15 -22 -7 26 -2 -16 -19 29 -14
right_child=1 3 14 4 -6 7 -8 8 -10 -11 11 -13 16 20 24 18 -18 27 -20 -21 22 -23 -24 -25 -26 -27 -28 -29 -30 -31
leaf_value=0.051481474377336384 -0.058975007798195145 -0.98157809739607238 -0.23545836924390395 -0.059023928927844874 -0.34131985198324849 -0.060969285446826504 -0.56963063132901093 0.038823470930040647 -0.063499000989818727 -0.25052012297752424 -2.7689972197834045 -0.055583147008050872 -0.05014617907902217 -0.056155435303517014 -0.05874639439007362 -0.066977756735234012 -0.32030442014402372 -0.051542252858509358 0.050959662989100631 0.051411244708013087 -0.066693080955480377 -0.0063774435875678563 -0.092017427643104679 -0.12253868242696003 -0.10401505455117779 -0.089818757968213689 -0.074463658928727902 -0.059160478754948093 -0.064310529257081195 -0.050734278521246484
leaf_weight=1.2420155783870401 1.6190854018983338 0.053369089785144541 0.41470636124722871 0.66558797162968764 0.32748218887315239 1.699968193302182 0.097327882152057899 29.743326847110751 2.3969713750170305 0.16168939716906205 0.018395129693512036 0.11688584012079034 0.017885116914594067 19.36065604626458 0.50605328850969644 6.6998491465023706 0.24577723552163877 0.79411049365911057 0.44978906246365102 1.2282550920737914 7.712038775022152 1.3383563287714206 3.8584264478108041 0.46167519380495803 0.49578810334738455 0.24682204972632971 0.44292841260903515 0.37300327749655793 0.17312041703388628 0.029503536220091005
leaf_count=169 375 35 18 182 32 103 7 374 36 56 6 143 95 44806 59 680 24 1415 10 27 15038 1042 2235 31 9 13 4 152 10 20
internal_value=-0.0272705 -0.00313001 0.0119947 -0.0632825 -0.0548221 0.0184535 -0.0881686 0.0245559 0.0311924 -0.43194 -0.0599165 -0.424546 -0.0585129 -0.0566395 -0.113971 -0.0444474 -0.197841 0.000391634 -0.0595582 0.012599 -0.0608973 -0.0529369 -0.075138 -0.074119 -0.0790993 -0.063055 -0.0660823 -0.053977 -0.0613452 -0.0505123
internal_weight=82.9908 47.7107 38.1247 9.58602 9.37096 36.2652 1.96324 34.3019 32.1403 0.215058 35.2802 0.135281 35.1449 34.6786 1.85948 9.04348 0.466286 2.40913 7.14964 1.89384 32.2695 20.699 11.5705 2.16164 1.44477 1.86591 0.948982 1.16711 0.220509 0.0473887
internal_count=67206 2051 1029 1022 931 939 395 544 410 91 65155 149 65006 64857 90 899 149 1736 690 209 63121 45848 17273 134 72 388 63 1567 125 115
is_linear=0
shrinkage=0.05


Tree=43
num_leaves=31
num_cat=0
split_feature=15 24 47 47 80 71 39 45 16 52 34 7 80 15 16 47 30 10 10 79 79 74 8 29 8 18 68 3 29 60
split_gain=24.8895 22.0196 218.296 719.945 16.3256 11.4446 11.2072 11.6483 8.94223 9.48368 8.44488 7.64206 3.36343 3.09643 3.04793 3.02804 2.85271 2.82991 2.56583 1.31148 1.24317 0.551553 0.461859 0.147899 0.0504186 0.0187198 0.0050637 0.00207086 0.000523448 6.90573e-06
threshold=1.8345543146133425 2.9143875837326054 0.33556096255779272 -0.71786129474639881 -0.79719924926757801 2.4778283834457402 1.6400163173675539 -0.7151409089565276 0.79628264904022228 2.0457520484924321 2.1882966756820683 0.10581958666443826 -1.4089200496673582 1.7929280400276186 1.8794499039649966 0.80351108312606823 1.0248049497604372 1.2282291650772097 -1.316178500652313 0.94086700677871715 0.88514706492424022 1.2692276239395144 -1.0228790044784544 2.8064118623733525 -0.073313882574439035 2.7171236276626591 1.883570730686188 1.4206365346908572 1.4728213548660281 1.6306497454643252
decision_type=2 2 2 2 2 2 2 2 2 2 2 2 2 2 2 2 2 2 2 2 2 2 2 2 2 2 2 2 2 2
left_child=1 12 3 -3 5 8 7 -6 9 24 11 -10 18 19 -15 22 -7 -17 -1 20 -14 -21 -9 25 -2 -18 28 -28 -20 -4
right_child=4 2 29 -5 6 16 -8 15 10 -11 -12 -13 13 14 -16 17 23 -19 26 21 -22 -23 -24 -25 -26 -27 27 -29 -30 -31
leaf_value=0.05152931023013433 -0.082082750599092758 -48.080345112557815 -0.050031851028120647 -0.050019457012116832 -0.41879146245744919 -0.22694026488896135 -0.36945984031829948 -0.13064580621540256 -0.072857404214634006 -0.57252670447090592 -0.080045924577364092 0.035677444719797023 -0.055961042150430511 -0.092619722289411788 -0.36082488686009179 0.018653330579733316 -0.058297995069358399 -0.062499848458087565 -0.050597428514656588 -0.067223989242335441 -0.0060577156383190105 -0.092144809193318786 -0.069089950086767313 -0.098981234272996779 -0.058862884547346575 -0.072611507412506521 -0.050918661260779423 -0.060503014168142466 -0.053446102350987762 -0.051521994536293796
leaf_weight=1.1868624421422285 0.27753774027448841 0.0010410087779746391 0.010474886806003361 0.0031142083262443226 0.21219886714474689 0.40888561768224474 0.2883928614697443 0.33017796236207342 1.7142321567873562 0.096130667146205551 1.8505283820184306 30.096488413350649 18.449580099004162 0.28649642798249786 0.16806924056143657 2.5999125200275826 0.48334028116116851 1.8306193296470015 0.54187925656313563 8.2077423666756424 1.338534688619325 3.0435551192984898 3.953186612059036 0.4949631790473159 1.4828560034617762 0.43312430328683255 0.070015176541891933 0.28896042963697255 0.22958359928577465 0.030163172837757959
leaf_count=123 65 26 109 53 90 18 33 72 126 42 39 379 44763 103 28 112 45 165 1325 16317 1040 954 550 9 288 18 143 15 146 10
internal_value=-0.0268028 -0.0594225 -1.16727 -12.0831 -0.00307967 0.0116296 -0.0626833 -0.0527717 0.0178964 -0.0889316 0.0237883 0.0298287 -0.0579549 -0.0622325 -0.191785 -0.0438585 -0.110647 -0.0148778 0.000182152 -0.0603353 -0.0525854 -0.0739652 -0.0738349 -0.0769573 -0.0625237 -0.0650626 -0.0537279 -0.0586337 -0.0514452 -0.0511379
internal_weight=80.4086 33.8561 0.0447933 0.00415522 46.5526 37.3381 9.21449 8.9261 35.5178 1.85652 33.6612 31.8107 33.8113 31.494 0.454566 8.7139 1.82031 4.43053 2.3173 31.0394 19.7881 11.2513 4.28336 1.41143 1.76039 0.916465 1.13044 0.358976 0.771463 0.0406381
internal_count=67206 65155 198 79 2051 1029 1022 989 939 395 544 505 64957 63205 131 899 90 277 1752 63074 45803 17271 622 72 353 63 1629 158 1471 119
is_linear=0
shrinkage=0.05


Tree=44
num_leaves=31
num_cat=0
split_feature=15 24 32 32 8 32 1 4 34 34 79 45 1 51 15 13 4 5 50 79 79 20 12 46 7 59 12 29 73 60
split_gain=23.757 23.715 214.931 359.618 15.1775 14.941 10.48 9.99983 8.56646 6.73663 5.7067 3.65235 3.6195 3.50157 3.1668 4.23021 2.55525 2.02138 1.93186 1.18583 1.24965 0.57008 0.506676 0.422484 0.39262 0.347223 0.020637 0.00782552 3.77595e-05 5.40849e-06
threshold=1.8345543146133425 2.9143875837326054 0.75873476266860973 0.51495051383972179 -1.0000000180025095e-35 -0.80296066403388966 1.8545111417770388 0.68550056219100963 1.6543046832084658 2.1521906852722172 1.1655143499374392 0.1400851905345917 1.7343032956123354 2.9148191213607793 1.7929280400276186 -1.2672424316406248 -0.10332266241312026 0.81289052963256847 -0.64860793948173512 0.94086700677871715 0.88514706492424022 1.236094117164612 -1.7381611466407774 0.10621370002627374 0.21141138672828677 -0.70429465174674977 -1.7381611466407774 2.3303406238555913 0.99372974038124096 1.6306497454643252
decision_type=2 2 2 2 2 2 2 2 2 2 2 2 2 2 2 2 2 2 2 2 2 2 2 2 2 2 2 2 2 2
left_child=1 12 3 -3 5 -2 7 11 -8 10 -9 18 14 21 19 -16 -13 -14 -6 20 -1 25 -21 -23 -10 -7 -19 -26 -28 -4
right_child=4 2 29 -5 6 13 8 9 24 -11 -12 16 17 -15 15 -17 -18 26 -20 22 -22 23 -24 -25 27 -27 28 -29 -30 -31
leaf_value=-0.055746213610892985 -0.88513981919172802 -29.979587461868512 -0.050025372125258122 -0.050027994228511764 0.051046272916006878 -0.12076796398469032 -0.42255949509116858 0.038299070855156069 -0.13406215229896337 -0.081711829913279715 -0.034914917871332864 -0.064695894262211007 0.052583638246106373 -0.33239888148103475 -0.42733324828753178 -0.088643189017213395 0.016543885826650045 -0.070049828296748148 -0.076913199747222605 -0.09231746969297297 -0.0056350421089563967 -0.14189917896415047 -0.066879599956140276 -0.07160442163619804 -0.055412426333571088 -0.058681853943014617 -0.050021133400302065 -0.065214691446876333 -0.051232834225577811 -0.05144567202803077
leaf_weight=18.245523240249522 0.058436892199318247 0.0016705898334984123 0.0087420922659366025 0.0025139717619492813 0.3184884245745162 0.24260693788528342 0.20372231428669541 25.771051232727448 0.23386117815971363 1.3966107444718989 2.9681029956686045 1.3106188082045904 1.1226514212612524 0.1335526730253348 0.1358025535753456 0.2870919435295381 3.7015866842153913 0.20429912209510775 3.9936449154239408 2.5881663236247112 1.3351473791481421 0.4536425285173068 8.033823531309265 0.40420375108220719 0.26576179679248935 3.1377755228358231 0.076730681607937778 0.87064817876774148 0.39670336594564692 0.028733637185353666
leaf_count=45745 26 32 137 17 6 1 36 243 1 28 167 127 30 7 51 82 177 1 251 1446 979 19 15788 92 183 656 408 31 427 12
internal_value=-0.0263426 -0.0590103 -1.25119 -11.9987 -0.0030135 -0.0909349 0.00647888 0.0115255 -0.12004 0.0255264 0.0307377 -0.0337246 -0.0574786 -0.0803189 -0.0615289 -0.197405 -0.00469913 0.0114196 -0.0674623 -0.0596263 -0.0523293 -0.0723755 -0.0730778 -0.108777 -0.0750636 -0.0631377 -0.0567679 -0.0629223 -0.0510365 -0.0511144
internal_weight=77.9319 32.4676 0.0416603 0.00418456 45.4643 4.43022 41.0341 39.4601 1.57399 30.1358 28.7392 9.32434 32.4259 4.37178 30.6256 0.422894 5.01221 1.80038 4.31213 30.2027 19.5807 4.23823 10.622 0.857846 1.37027 3.38038 0.677733 1.13641 0.473434 0.0374757
internal_count=67206 65155 198 49 2051 801 1250 999 251 438 410 561 64957 775 64091 133 304 866 257 63958 46724 768 17234 111 215 657 836 214 835 149
is_linear=0
shrinkage=0.05


Tree=45
num_leaves=31
num_cat=0
split_feature=15 24 36 41 8 22 79 28 43 10 72 77 37 23 23 22 15 11 80 79 51 10 79 43 61 37 26 69 46 71
split_gain=22.7436 25.9896 261.06 619.673 14.0618 9.29795 18.2802 8.27046 7.56361 7.18504 5.18126 4.79412 4.76238 12.3257 4.04435 3.66843 3.56274 6.64701 2.80171 2.74582 2.30092 2.29002 1.08026 1.26127 0.710509 0.473432 0.425872 0.24491 0.240152 0.0901809
threshold=1.8345543146133425 2.9143875837326054 1.390136241912842 1.1260110735893252 -1.0000000180025095e-35 -0.054021480522351333 1.0280530452728274 2.655595183372498 -0.63851428031921376 0.92247256636619579 1.6110908985137942 0.6948954463005067 -0.8965625762939452 0.77684569358825695 1.5277519822120669 1.7648465633392336 1.7929280400276186 -0.95476794242858876 -1.4089200496673582 1.3789894580841067 2.9148191213607793 -1.316178500652313 0.94086700677871715 -1.7696952819824217 1.6189224123954775 -0.2064729109406471 -0.43964391946792597 3.3815330266952519 -0.058377344161272042 0.95095664262771618
decision_type=2 2 2 2 2 2 2 2 2 2 2 2 2 2 2 2 2 2 2 2 2 2 2 2 2 2 2 2 2 2
left_child=1 16 3 -3 12 8 7 15 14 10 -10 -8 13 -2 -6 -7 18 -18 21 -11 25 -1 23 -20 -13 28 -24 -27 -14 -16
right_child=4 2 -4 -5 5 6 11 -9 9 19 -12 24 20 -15 29 -17 17 -19 22 -21 -22 -23 26 -25 -26 27 -28 -29 -30 -31
leaf_value=0.050830763415628491 -1.0238338595192533 -45.40175742101772 -0.051091986312638782 -0.050022443487873006 -0.2921832032906761 -0.079097267466260474 0.052753929976187046 -0.24158942161786917 0.055411639724212605 -0.067848805554220862 -0.0012801931527414699 -0.0021932537353052542 -0.051519000822934549 -0.055596886842912197 -0.018903146963297084 0.013744222810049986 -0.56176061169017844 -0.085577716984953478 -0.0076945650715698893 0.024474745117176469 -0.26583348109930877 -0.053392655296471629 -0.058856246724027929 -0.055809525783419814 -0.075794830012807443 -0.060161514906117514 -0.079783135612165754 -0.11183561299211137 -0.12771649836578053 -0.063862369727626808
leaf_weight=1.0902623062956993 0.048238716748343541 0.0011024934993192816 0.034597253141266798 0.0023774403616820617 0.25999517473504141 5.7433944400889558 5.7666101983642841 0.70432618591134488 15.508492648248726 2.3402037072211095 5.4453997827646896 0.50966031222282004 0.13132700359155725 0.10316283507307591 0.184024225663876 1.3059125232083575 0.098858340647881571 0.28330608349807973 1.4832464295249881 1.2279346526167394 0.15790915637294478 1.0202474415304745 3.8524641908264812 16.666501563812982 0.91940456257726932 3.1472667116448267 6.5895495374168345 0.2473170805212862 0.48636508627159636 0.28315728261986806
leaf_count=123 21 77 103 18 28 435 38 44 195 196 134 57 62 36 23 15 41 104 4130 45 7 1615 10870 41673 14 607 6401 8 60 26
internal_value=-0.0258421 -0.0586333 -1.36412 -14.4181 -0.00291892 0.00629468 -0.0249569 -0.0782209 0.0247978 0.0295103 0.0406788 0.0324372 -0.0886219 -0.364091 -0.134119 -0.061898 -0.0570341 -0.208757 -0.0551456 -0.0360767 -0.0786208 0.000447828 -0.0592492 -0.0518774 -0.0495456 -0.0712528 -0.0720624 -0.0639263 -0.111516 -0.0461528
internal_weight=75.6426 31.1225 0.0380772 0.00347993 44.5201 40.1985 14.9493 7.75363 25.2492 24.522 20.9539 7.19568 4.32159 0.151402 0.727177 7.04931 31.0844 0.382164 30.7023 3.56814 4.17019 2.11051 28.5918 18.1497 1.42906 4.01228 10.442 3.39458 0.617692 0.467182
internal_count=67206 65155 198 95 2051 1250 603 494 647 570 329 109 801 57 77 450 64957 145 64812 241 744 1738 63074 45803 71 737 17271 615 122 49
is_linear=0
shrinkage=0.05


Tree=46
num_leaves=31
num_cat=0
split_feature=15 24 51 44 80 1 41 30 10 39 7 3 7 15 51 42 15 16 21 47 1 43 18 10 0 73 23 43 52 22
split_gain=21.7055 28.1478 266.777 578.828 13.1937 11.2461 16.7433 111.481 807.86 8.34466 7.92063 7.76478 7.23737 4.66337 4.88672 4.11032 3.88734 12.403 3.57989 3.07816 3.0475 2.82352 2.56103 1.80196 0.641565 0.969215 0.619191 0.58854 0.454905 0.258283
threshold=1.8345543146133425 2.9143875837326054 0.95127284526824962 0.25099986046552664 -0.79719924926757801 1.5164263248443606 1.0003640055656435 1.7979142069816592 0.49484106898307806 1.6400163173675539 0.10581958666443826 1.0746409296989443 -1.7525959610939024 2.5422018766403203 2.1042979955673222 1.7833948731422427 1.7929280400276186 1.8794499039649966 -0.23921816796064374 0.80351108312606823 1.7343032956123354 0.74499115347862255 1.9909655451774599 -1.316178500652313 1.6797137260437014 0.96339616179466259 0.69920244812965404 0.69367104768753063 -0.14004487544298169 1.9788309931755068
decision_type=2 2 2 2 2 2 2 2 2 2 2 2 2 2 2 2 2 2 2 2 2 2 2 2 2 2 2 2 2 2
left_child=1 16 3 -3 5 10 7 8 -7 12 27 18 -6 22 -15 -13 20 -18 -12 28 24 -21 -8 -22 26 -26 -1 -2 -14 -29
right_child=4 2 -4 -5 9 6 13 -9 -10 -11 11 15 19 14 -16 -17 17 -19 -20 21 23 -23 -24 -25 25 -27 -28 29 -30 -31
leaf_value=-0.058565698042875182 -0.059775451659440162 -0.05002151317470336 -0.051074265513097732 -43.752388883042272 -0.47057727509274117 -0.050616169647185044 -0.065871796526702484 -0.049100088035613429 -23.469973133268311 -0.31309576448492416 0.032521041834337704 0.050747007197567223 -0.10005728135357701 -0.079536778575079153 0.053690872505001402 -0.0059991595088835087 -0.082887050586500241 -0.86814571549047936 -0.068285229023356472 0.034685155753879385 0.051821415906647253 -0.048588850347221262 -0.21026024718926473 -0.056141727244310137 -0.12116843925745986 -0.064668604110392727 -0.03725403593795093 -0.090801082920719339 -0.063400588556054113 -0.16555157586540512
leaf_weight=16.660458901312676 1.4074764790658316 0.0022432076169637332 0.03181795054114888 0.0011441027163527906 0.10033862378199643 0.026967014901316904 1.9871682832024051 0.21230809818480623 0.0042647083579416987 0.30889734754066545 1.3258663062156597 19.381314678203495 1.1881066157099467 1.0730456663055932 1.9195367233348801 3.8200917496443614 0.27835195820535474 0.061372526421031637 2.6231664801660184 1.7772482196325228 1.0319083194190168 2.3824721564614162 0.36324533108290258 0.6179203703700783 0.86886695756815946 6.0050882813446069 4.2847811383806222 0.25576850811531171 2.9424179366589045 0.21080419421195984
leaf_count=53014 89 46 138 14 40 66 241 19 74 33 33 165 136 72 10 37 116 29 118 76 26 202 44 828 258 1815 8871 60 535 1
internal_value=-0.0254379 -0.0582476 -1.47122 -14.811 -0.00282966 0.0110059 -0.0539585 -0.459399 -3.24854 -0.0578746 0.02351 0.0303723 -0.0484787 -0.0354781 0.00591964 0.0414038 -0.0565789 -0.224747 -0.0344401 -0.0433699 -0.0546402 -0.0130099 -0.0881864 0.0113853 -0.0585559 -0.0718102 -0.054206 -0.0759081 -0.0739445 -0.124574
internal_weight=73.1545 29.844 0.0352053 0.00338731 43.3105 34.611 5.58654 0.24354 0.0312317 8.69948 29.0245 27.1504 8.39058 5.343 2.99258 23.2014 29.8087 0.339724 3.94903 8.29024 29.469 4.15972 2.35041 1.64983 27.8192 6.87396 20.9452 1.87405 4.13052 0.466573
internal_count=67206 65155 198 60 2051 1029 526 159 140 1022 503 353 989 367 82 202 64957 145 151 949 64812 278 285 854 63958 2073 61885 150 671 61
is_linear=0
shrinkage=0.05


Tree=47
num_leaves=31
num_cat=0
split_feature=77 47 27 15 18 32 80 71 39 26 42 15 1 27 32 76 1 30 5 71 79 75 68 0 28 0 3 1 14 14
split_gain=398.158 22715 100347 21.1784 87.8993 646.803 13.3802 9.53059 7.45892 6.24396 6.72458 4.31574 22.0913 84.7168 3.64891 2.92195 2.82375 2.55834 1.76818 1.29742 0.948515 0.533534 0.0558293 0.000722677 2.20275e-05 2.34297e-06 5.06272e-10 2.79651e-10 3.26326e-11 1.21969e-11
threshold=1.5381527543067934 0.51504874229431163 -0.53501522541046131 1.8345543146133425 2.8653964996337895 0.51495051383972179 -0.79719924926757801 2.4778283834457402 1.6400163173675539 -0.18847276270389554 1.8857456445693972 1.7929280400276186 0.91163006424903881 -0.4120285958051681 -0.93888846039772023 0.40518260002136236 1.7343032956123354 1.0248049497604372 0.79538962244987499 1.9188928604125979 0.94086700677871715 1.6698893904685976 2.6000515222549443 1.9162480831146242 1.5615252256393435 2.454364657402039 1.8118686676025393 1.7474513649940493 1.1519922614097597 1.1108620762825014
decision_type=2 2 2 2 2 2 2 2 2 2 2 2 2 2 2 2 2 2 2 2 2 2 2 2 2 2 2 2 2 2
left_child=3 2 -2 4 11 -6 7 9 14 10 -5 16 13 -13 -8 -16 20 -9 -18 -11 -1 23 -19 26 -25 -26 28 29 -3 -7
right_child=1 21 -4 6 5 27 8 17 -10 19 -12 12 -14 -15 15 -17 18 22 -20 -21 -22 -23 -24 24 25 -27 -28 -29 -30 -31
leaf_value=-0.051089686092503563 -0.050007341695052623 -0.050007949414037522 411.54418326887208 0.028465137209374783 -36.799094931751739 -0.050010841758386618 -0.28153745711048289 -0.21586918672962133 -0.30156801543153533 -0.056083359122 -0.057783406179174539 -5.6123946452514506 -0.081770189846739894 -0.05140126553440455 0.014988338217070308 -0.060291454504856901 0.052029697765610242 -0.083368071497014778 -0.055639049956794431 -0.18531923937168523 -0.070998494478358751 0.048864450457278899 -0.061883254452230474 -0.055498131931692285 -0.054325902737441492 -0.054709988958871074 -0.050024482145296124 -0.050025836638787104 -0.050005579570205294 -0.050006446691365836
leaf_weight=17.191602722357324 0.007904750816521755 0.088507771808571722 0.0018221831078295567 28.761896360912704 0.0013605780825749004 0.0026952245461870925 0.16596693863257073 0.39154836724628683 0.30478471019368747 0.3819052517163547 2.4526856322921438 0.0089893933532962933 0.2614996000638577 0.028758694332507828 1.6279740556896261 6.1908494281343769 0.98314024866004257 0.48398840630352447 0.62292351827825831 0.39512932372610465 9.1758232472039065 0.19811925959803223 0.80577733093593062 0.089254133403301239 0.080034246575054369 0.078796891663125035 0.0046127029891067641 0.0034748344164157174 0.017378410404489841 0.0038099857074944043
leaf_count=46726 62 581 36 798 18 23 21 18 31 37 60 52 68 24 228 677 30 11 855 10 16339 54 61 1 97 5 16 8 182 77
internal_value=-0.0137969 1.30653 77.0555 -0.0244433 -0.0578831 -4.45894 -0.00190378 0.0121049 -0.0588081 0.018203 0.0216882 -0.0561178 -0.244991 -1.37571 -0.0495418 -0.0446173 -0.0540973 -0.103929 0.0102696 -0.121801 -0.0580179 -0.0169879 -0.0699455 -0.0533716 -0.0548696 -0.0545164 -0.0500083 -0.0500144 -0.0500076 -0.0500083
internal_weight=70.813 0.56643 0.00972693 70.2466 28.2841 0.0113406 41.9625 33.6729 8.28958 31.9916 31.2146 28.2727 0.299248 0.0377481 7.98479 7.81882 27.9735 1.68131 1.60606 0.777035 26.3674 0.556703 1.28977 0.358584 0.248085 0.158831 0.110499 0.00998004 0.105886 0.00650521
internal_count=67206 1034 98 66172 64220 126 1952 995 957 905 858 64094 144 76 926 905 63950 90 885 47 63065 936 72 882 103 102 779 108 763 100
is_linear=0
shrinkage=0.05


Tree=48
num_leaves=30
num_cat=0
split_feature=43 47 27 77 33 44 58 13 77 32 32 17 42 33 14 52 23 24 1 41 0 41 35 3 17 69 33 32 10
split_gain=952.208 24534.1 33194.6 148.937 2186.51 91.7694 822.172 3636.4 24.8524 674.956 824.113 85.6097 19.1153 19.7741 15.1931 0.00014629 1.40412e-11 1.37591e-11 5.68797e-12 5.42804e-12 4.41078e-12 2.47558e-12 1.45903e-12 1.42358e-12 1.41767e-12 1.30359e-12 5.34493e-13 2.34123e-13 1.16121e-13
threshold=1.5254846811294558 0.48513384163379675 -0.58046680688858021 1.6393436789512636 -0.18513704091310498 1.4977200627326968 1.1133956313133242 0.29781375452876097 1.5381527543067934 -0.064221218228340135 -0.1277525685727596 -1.283603250980377 0.80497118830680858 2.1121796369552617 1.3233668804168703 3.731634378433228 0.97786742448806774 0.59027427434921276 0.61111003160476696 0.66245800256729137 1.8571147918701174 1.1223515868186953 -0.25357413291931147 1.0501888394355776 0.95379856228828441 0.070088755339384093 1.0100752711296084 0.544500231742859 1.4612881541252138
decision_type=2 2 2 2 2 2 2 2 2 2 2 2 2 2 2 2 2 2 2 2 2 2 2 2 2 2 2 2 2
left_child=3 2 -2 5 -5 8 7 -7 12 10 -10 -11 13 -1 -14 16 19 18 27 28 22 23 -18 -19 -22 -9 -20 -6 -3
right_child=1 15 -4 4 17 6 -8 25 9 11 -12 -13 14 -15 -16 -17 20 21 26 -21 24 -23 -24 -25 -26 -27 -28 -29 -30
leaf_value=-0.05463433639181528 -0.050006566993900714 -0.050006880807278144 -293.42072039587026 -58.39382872100056 -0.050007151954420327 -75.842537157826186 -0.054832846818285465 -0.050006056782274003 -38.047281970148617 -4.4155519978643696 -0.050007428167198179 0.010273539024540715 0.017484195782701283 -0.49859667225440596 -0.044001215074043365 -0.054243252447758177 -0.050006694473720983 -0.050005239126595546 -0.050009128784537227 -0.050009448106460831 -0.050002036322696036 -0.050007243363737325 -0.050005468087420984 -0.050003380851522228 -0.050004543728580667 -0.050007561709503212 -0.050008367085261254 -0.050006600048470684 -0.050007266170925026
leaf_weight=24.292487563536309 0.0022203854566669179 0.0054417619030573405 0.0017043282618950236 0.0017139775445684782 0.0067106690548830658 0.0019790868464103504 0.091869212583937099 0.0018923335301224142 0.0026317676965845749 0.011344680523786399 0.0031171898590400806 0.29630223518748661 28.545739996512019 0.25342644788317059 15.504005787003917 0.073839185131873819 0.0031011927858344271 0.0042166598734638665 0.0045342504308791831 0.0031547405014862315 0.0010692461810352101 0.0012541180259247687 0.011126280979169678 0.0013640194874824374 0.0011923469868359167 0.0060062152551836334 0.0046804966113995761 0.0026925806232611649 0.003050703409826383
leaf_count=50333 19 40 29 14 47 18 69 16 20 64 21 295 11669 83 3985 19 24 48 25 18 37 16 112 42 22 51 28 21 21
internal_value=-0.0368289 -4.77439 -127.448 -0.0295618 -3.73097 -0.0281047 -1.52861 -15.2358 -0.0258891 -0.470129 -17.4445 -0.152932 -0.0238595 -0.0592181 -0.00415657 -0.0530742 -0.0500063 -0.0500072 -0.0500079 -0.0500077 -0.0500054 -0.0500052 -0.0500057 -0.0500048 -0.0500034 -0.0500072 -0.0500087 -0.050007 -0.050007
internal_weight=69.1439 0.1059 0.00392471 69.038 0.0271668 69.0108 0.101747 0.00987764 68.9091 0.313396 0.00574896 0.307647 68.5957 24.5459 44.0497 0.101975 0.0281363 0.0254528 0.018618 0.0116472 0.0164891 0.0068348 0.0142275 0.00558068 0.00226159 0.00789855 0.00921475 0.00940325 0.00849247
internal_count=67206 341 48 66865 241 66624 154 85 66470 400 41 359 66070 50416 15654 293 274 227 121 79 195 106 136 90 59 67 53 68 61
is_linear=0
shrinkage=0.05


Tree=49
num_leaves=29
num_cat=0
split_feature=77 47 51 44 31 16 15 77 18 8 1 14 35 8 4 15 32 65 74 48 23 4 25 35 47 34 51 18
split_gain=873.393 19398.9 63685.3 171.481 1500.11 6130.47 22.9345 44.3548 109.5 789.886 11.5655 29.1258 209.762 12.4247 7.9605 4.41435 2.82219 0.151865 0.000166603 1.03848e-10 1.86208e-11 7.29737e-12 4.35888e-12 1.78636e-12 1.29542e-12 9.90288e-13 7.93325e-13 6.99735e-13
threshold=1.6393436789512636 0.82060512900352489 1.5692687630653384 1.4977200627326968 0.81785720586776745 0.91167157888412487 1.8345543146133425 1.5887479186058047 2.8653964996337895 1.2823901772499087 1.8545111417770388 1.3130841851234438 1.9221879839897158 1.0000000180025095e-35 0.68550056219100963 1.7929280400276186 -1.7189976572990415 2.0639343261718754 0.85979580879211437 0.9033820927143098 0.77684569358825695 0.83157894015312206 1.4171211719512942 -0.25357413291931147 0.48513384163379675 0.89037379622459423 -0.33683930337429041 -0.6361289620399474
decision_type=2 2 2 2 2 2 2 2 2 2 2 2 2 2 2 2 2 2 2 2 2 2 2 2 2 2 2 2
left_child=3 2 -2 6 5 19 7 8 15 -10 13 12 -12 16 -15 -1 -8 -13 20 26 21 25 23 -22 -4 -3 -5 -23
right_child=1 18 24 4 -6 -7 10 -9 9 -11 11 17 -14 14 -16 -17 -18 -19 -20 -21 22 27 -24 -25 -26 -27 -28 -29
leaf_value=-0.053590800403240636 -419.80169509768479 -0.050006807650694186 -0.050006953539593918 -0.050005856743268698 -0.054663492744054437 -97.529168249311681 -0.30160332137195733 -1.1737743603009583 -45.032519824107794 -0.050014113934650856 -6.1338011535385633 -0.060612722835812316 -0.05291465899591552 -0.030031406228756587 0.025538460893977235 -0.25246158751872078 -0.071807750818647334 -0.095616388595225879 -0.054035965869458039 -0.050018780954705924 -0.05000682002261965 -0.050007919127041868 -0.050002432522692888 -0.050005015646802278 -0.050005072622707661 -0.050005822095359601 -0.050007171657844275 -0.050008802442647826
leaf_weight=26.602338341943174 0.001191180436309113 0.015112601642613299 0.0015950040781262942 0.0019413756745052524 0.086171389123528286 0.0020517205680334882 0.13829743862152044 0.089290368565999922 0.0011115430664952472 0.0079989292140861257 0.016437382557206101 0.84547042927700611 0.10335163462204662 8.4247390769011847 27.420868579484857 0.28199706074732844 3.942951573483199 0.48912829182088124 0.070236162055152818 0.0027963724396613543 0.0015869429626036444 0.0042702267528511584 0.0015423223689188257 0.010112544321600581 0.00214841745415012 0.003065893593884538 0.002803665072867001 0.0047204554866766557
leaf_count=64198 42 120 20 21 71 37 1 115 23 102 67 89 78 556 431 146 737 18 8 12 12 27 50 120 25 29 24 27
internal_value=-0.0356575 -4.3784 -101.375 -0.0283255 -2.14265 -20.8983 -0.0253638 -0.0612279 -0.0575341 -5.5382 -0.0019785 -0.140477 -0.887331 0.00306647 0.012478 -0.0556768 -0.0795946 -0.0734415 -0.0525643 -0.0500111 -0.0500065 -0.0500072 -0.0500049 -0.0500053 -0.0500059 -0.0500066 -0.0500066 -0.0500084
internal_weight=68.5753 0.115582 0.0049346 68.4597 0.0957645 0.00959313 68.364 26.9827 26.8934 0.00911047 41.3812 1.45439 0.119789 39.9269 35.8456 26.8843 4.08125 1.3346 0.110647 0.00754141 0.040411 0.0271692 0.0132418 0.0116995 0.00374342 0.0181785 0.00474504 0.00899068
internal_count=67206 480 87 66726 165 94 66561 64584 64469 125 1977 252 145 1725 987 64344 738 107 393 57 385 203 182 132 45 149 45 54
is_linear=0
shrinkage=0.05


Tree=50
num_leaves=31
num_cat=0
split_feature=44 21 39 42 77 47 46 33 14 4 32 54 24 13 35 52 34 56 78 51 3 77 14 1 74 18 1 23 41 25
split_gain=90.7854 4601.73 10596.3 23.3 52.1626 1159.57 7020.09 18.9322 13.8351 13.4154 9.58115 7.5894 7.08889 6.62832 5.10967 4.82557 3.34671 2.07029 1.91714 1.89188 1.2495 0.624316 0.155117 0.120932 0.000207834 9.01776e-06 1.19708e-10 1.31621e-11 4.50195e-12 1.68828e-12
threshold=1.4977200627326968 -0.50289577245712269 0.14570982754230502 0.80497118830680858 1.5381527543067934 1.0748793482780459 1.0424581170082095 2.1121796369552617 1.3233668804168703 0.68550056219100963 2.4534031152725224 2.3661618232727055 2.0402278900146489 0.50325195491313945 1.8746822476387026 -1.1494471430778501 1.0842071175575259 2.3009042739868169 -0.87654095888137806 2.6616644859313969 2.2764565944671635 0.52865314483642589 0.09975128993391992 1.6911036372184756 0.85979580879211437 2.8653964996337895 1.6911036372184756 0.77684569358825695 1.3211908936500552 1.4598112106323244
decision_type=2 2 2 2 2 2 2 2 2 2 2 2 2 2 2 2 2 2 2 2 2 2 2 2 2 2 2 2 2 2
left_child=3 2 -2 4 7 6 -6 12 9 18 13 20 15 -11 19 -1 -14 -16 -5 -13 21 -10 -7 -20 26 -24 27 28 -3 -29
right_child=1 24 -4 8 5 22 -8 -9 11 10 -12 14 16 -15 17 -17 -18 -19 23 -21 -22 -23 25 -25 -26 -27 -28 29 -30 -31
leaf_value=-0.22504559240817421 -0.050006149909892994 -0.050006327188383576 -191.11318907378609 0.047887872327428978 -102.96048617172296 0.050606800294916612 -0.050006600197403855 -0.5018520552526996 -0.056175142190684105 0.049823252638903179 -0.32835596108832243 -0.017613419898710476 0.038644517692458642 -0.02260735571961401 0.051532164767098591 -0.06154139821987184 -0.05924509357318291 -0.064318264774929648 -0.058162387630301154 0.05520617841811129 -0.20618360457989879 -0.086196201013457888 -0.050006445181280793 -0.092883808595997375 -0.054252460069807523 -0.051394164740867491 -0.050016094824691153 -0.050004854796504496 -0.050008245496174122 -0.050003150632200746
leaf_weight=0.46257471704311015 0.002365683980542598 0.016311424660677025 0.0010467702604728402 0.44779564289456164 0.0019434366804479417 0.18439683249016525 0.011249761580984341 0.23705644042817908 2.8491896056737289 18.694964078519401 0.18030218986451885 1.3206110776873403 2.7464040793843347 3.8008056501550405 0.43916837460790858 18.456247852755009 1.2801198464715549 3.1635247728924996 4.9454351759656658 2.7478357997042053 0.18449880854209322 4.4157134601780337 0.021039612948015929 0.26417245147231572 0.14583221111251987 0.026391057297587395 0.003149920448777265 0.011025785308618198 0.0037642983370460561 0.001673971809644687
leaf_count=2165 34 159 24 127 25 4 107 83 1429 740 16 74 383 5921 9 46998 816 185 4999 22 49 2276 224 35 38 1 29 148 23 63
internal_value=-0.0278491 -1.13343 -58.6586 -0.0247882 -0.0649809 -0.790694 -15.2093 -0.0573106 -0.00311901 0.0174911 0.034676 -0.041739 -0.0527179 0.0375856 -0.00683133 -0.0655392 0.00752327 -0.0501961 -0.0513896 0.0315691 -0.0776857 -0.0744224 0.0298639 -0.0599231 -0.0534133 -0.0507786 -0.0500068 -0.0500059 -0.0500067 -0.0500046
internal_weight=67.0666 0.18517 0.00341245 66.8814 23.4274 0.245021 0.0131932 23.1824 43.454 28.3335 22.6761 15.1205 22.9453 22.4958 7.67114 18.9188 4.02652 3.60269 5.6574 4.06845 7.4494 7.2649 0.231828 5.20961 0.181758 0.0474307 0.0359254 0.0327755 0.0200757 0.0126998
internal_count=67206 518 58 66688 50806 361 132 50445 15882 11838 6677 4044 50362 6661 290 49163 1199 194 5161 96 3754 3705 229 5034 460 225 422 393 182 211
is_linear=0
shrinkage=0.05


Tree=51
num_leaves=31
num_cat=0
split_feature=77 47 42 77 80 33 7 47 24 76 4 32 34 7 47 74 76 43 26 76 46 0 69 10 46 46 43 0 4 64
split_gain=36.7927 1033.76 19.8005 154.73 2053.13 21.3496 13.3804 9.81457 6.73957 11.9999 6.26272 6.77992 3.1329 3.00248 2.2508 1.22852 0.783393 0.570335 0.447592 0.40813 0.297788 0.157274 0.0794356 0.05301 0.000837194 0.000217314 1.31609e-05 1.08859e-05 1.38828e-11 1.35011e-11
threshold=1.5887479186058047 0.17103042453527453 0.80497118830680858 1.5381527543067934 -0.60748156905174244 2.1121796369552617 0.063583107665181174 0.81205809116363536 2.0402278900146489 4.3659222126007089 0.68550056219100963 2.4534031152725224 1.0842071175575259 0.14805646985769275 1.1582130193710329 0.53225034475326549 2.2662527561187749 0.92247325181961071 -0.42979404330253596 2.075373768806458 1.2049115896224978 2.5504565238952641 3.3815330266952519 1.4976368546485903 0.47600884735584265 1.5918070673942568 1.1876271963119509 2.454364657402039 1.1763237118721011 0.83370560407638561
decision_type=2 2 2 2 2 2 2 2 2 2 2 2 2 2 2 2 2 2 2 2 2 2 2 2 2 2 2 2 2 2
left_child=2 -2 3 5 -5 8 17 10 9 -1 13 -12 -10 -8 16 -16 -9 20 24 25 22 -22 -4 -20 -19 27 -27 28 -3 -6
right_child=1 19 6 4 29 -7 7 14 12 -11 11 -13 -14 -15 15 -17 -18 18 23 -21 21 -23 -24 -25 -26 26 -28 -29 -30 -31
leaf_value=-0.060879403621882877 -13.478452121586765 -0.050005191048266021 -0.057478925156069151 -55.264613586456917 -0.050006346701677709 -0.5742668056469743 0.046034378716921384 -0.065122085996753495 0.037703044752752879 -0.46078044809481017 0.038529259080033532 -0.063541461823139717 -0.058787451658354806 -0.061863180958272694 -0.055480676193795125 0.025110952004809131 0.050046529550530738 -0.056440325827055063 -0.11498212416927343 0.050599002797106787 -0.053310387825420115 -0.13015616573680674 -0.079210054577395661 -0.14395488611590443 -0.051366998672233558 -0.054413463043030366 -0.05344885260332817 -0.051321550247101805 -0.050007483273863333 -0.050010384896307783
leaf_weight=17.937861501760299 0.014785495214259869 0.033565647889046493 4.6141236580360161 0.0018111149584001387 0.021630479389385893 0.19760798699917259 0.82730250744023281 4.8660760720425245 2.6760499119804164 0.18957427024451945 22.955514652444549 1.7510035452038319 1.226927049829847 2.9220816494451967 0.6956948007812217 1.4763680709695028 0.15227684608071701 0.20058166866537505 0.5200770053099012 0.17547217011451721 0.092659592227111065 0.23657968640327454 0.46269269856464923 0.22669218480587006 0.13675999778099104 0.074599715924705379 0.067226429188487202 0.025190032305231119 0.0082238316461106936 0.0022888492458150713
leaf_count=49176 21 451 5384 26 214 83 238 2508 383 10 2276 74 816 2117 1264 647 37 71 360 35 259 1 24 1 563 2 70 5 73 17
internal_value=-0.0261694 -0.504787 -0.0232031 -0.0613558 -3.93645 -0.0568701 -0.00305331 0.00896923 -0.0522292 -0.0650615 0.0221575 0.0312953 0.00737061 -0.0380556 -0.0432232 -0.000701918 -0.0616274 -0.0690854 -0.102184 -0.00561102 -0.0624479 -0.108529 -0.0594595 -0.123777 -0.0543836 -0.0528477 -0.0539562 -0.0505005 -0.0500056 -0.0500067
internal_weight=64.7893 0.399063 64.3902 22.2538 0.0257304 22.228 42.1365 35.6463 22.0304 18.1274 28.4559 24.7065 3.90298 3.74938 7.19042 2.17206 5.01835 6.49017 1.08411 0.384278 5.40606 0.329239 5.07682 0.746769 0.337342 0.208806 0.141826 0.0669795 0.0417895 0.0239193
internal_count=67206 657 66549 50725 257 50468 15824 9161 50385 49186 4705 2350 1199 2355 4456 1911 2545 6663 995 636 5668 260 5408 361 634 601 72 529 524 231
is_linear=0
shrinkage=0.05


Tree=52
num_leaves=31
num_cat=0
split_feature=45 46 36 52 50 7 52 35 1 31 51 0 76 80 46 5 46 10 12 76 75 29 0 77 61 76 46 28 74 18
split_gain=43.0667 1605.64 6283.05 181.964 660.855 13.8285 13.9699 469.232 9.42222 123.886 642.726 11.1986 8.287 7.85415 1.8159 0.982601 0.477476 0.383035 0.29991 0.261211 0.112318 0.00255429 0.00036099 0.00012277 9.62162e-06 1.56689e-06 4.51071e-11 3.65435e-12 9.17544e-13 5.42692e-13
threshold=1.3887150287628176 0.66197499632835399 0.12644900754094127 -0.55699497461318959 -0.048664653673768037 0.063583107665181174 -1.1494471430778501 0.50651726126670849 1.8545111417770388 0.81785720586776745 -0.13686802983283994 1.3544785380363467 4.3659222126007089 -0.80724018812179554 1.3695026040077212 0.64663055539131176 1.1963611841201784 -1.1066391468048093 -2.6092015504837032 0.45290234684944158 1.7830812931060793 2.8064118623733525 1.9162480831146242 1.6803018450737002 0.35400505363941198 1.2164182662963869 0.31783057749271398 -1.6024079322814939 0.61413669586181652 -1.3166642785072324
decision_type=2 2 2 2 2 2 2 2 2 2 2 2 2 2 2 2 2 2 2 2 2 2 2 2 2 2 2 2 2 2
left_child=5 2 -2 4 29 12 7 27 11 10 -10 15 14 -13 16 -8 19 -16 -18 -1 -11 22 25 -19 -24 -5 -4 -7 -29 -3
right_child=1 3 26 21 -6 6 8 -9 9 20 -12 13 -14 -15 17 -17 18 23 -20 -21 -22 -23 24 -25 -26 -27 -28 28 -30 -31
leaf_value=-0.054794718217425514 -132.12930418253876 -0.050006999750585916 -0.050015395250515383 -0.050006462390648536 -42.320598708432072 -0.050004275477313002 -0.062735087733258407 -24.214785709082509 -19.312581969372921 -0.057885554450345315 -0.050856958055691875 0.019134928181356745 -0.36413333742332538 -0.045703585462847224 0.051525791342487727 -0.030336973370601553 -0.12519750100221286 -0.050130842284911228 -0.052097464955251374 -0.069001805275202943 -0.094816400167360482 -0.060324310560639527 -0.054181823811585809 -0.05343866391413804 -0.053358109195135145 -0.050411890888224092 -0.050005169897857818 -0.050005389705488928 -0.050004873346217699 -0.050005855686239012
leaf_weight=7.4408253577145107 0.0011356813751623798 0.0018102188041666523 0.0023606925942739809 0.0960169997023574 0.0011828553746886508 0.0096324625810666753 6.2264098639502414 0.0020613392771338104 0.0051914160530437395 1.1653373398166997 0.026126928749436895 30.70216400295244 0.22685740888118822 5.5086085375128944 0.43102961778640747 3.7497669790021764 0.48232806698299413 0.05191907699682019 0.19787603123735387 5.7243845084366569 0.25005587231014814 0.14185553789138794 0.07122436910867691 0.061017559350148076 0.070584579115536145 0.031699103542186816 0.0019857371036007265 0.059295266947897912 0.010063414061733111 0.0024253248957393225
leaf_count=25951 20 13 28 987 34 121 15731 9 79 549 45 2705 6 919 1 8404 47 427 833 9251 25 1 4 8 153 115 38 560 106 36
internal_value=-0.0251471 -0.528386 -27.4117 -0.174792 -9.27782 -0.0217378 -0.00870317 -0.664568 -0.00758716 -0.133236 -3.24373 -0.00365147 -0.0642892 0.00927129 -0.059562 -0.0505575 -0.0630827 0.0300491 -0.103932 -0.0609721 -0.0644101 -0.0548936 -0.0520353 -0.051918 -0.0537718 -0.0501071 -0.0500107 -0.0500052 -0.0500053 -0.0500063
internal_weight=62.7532 0.422281 0.00548211 0.416799 0.0054184 62.331 47.7147 0.0810525 47.6337 1.44671 0.0313183 46.1869 14.6162 36.2108 14.3894 9.97618 13.8454 0.543966 0.680204 13.1652 1.41539 0.411381 0.269525 0.112937 0.141809 0.127716 0.00434643 0.0789911 0.0693587 0.00423554
internal_count=67206 1429 86 1343 83 65777 29253 796 28457 698 124 27759 36524 3624 36518 24135 36082 436 880 35202 574 1260 1259 435 157 1102 66 787 666 49
is_linear=0
shrinkage=0.05


Tree=53
num_leaves=31
num_cat=0
split_feature=42 33 64 36 45 32 14 28 4 54 13 24 15 34 15 15 55 80 3 3 77 36 22 28 22 39 0 15 15 63
split_gain=18.0338 29.3747 104.539 665.736 49.5318 2118.26 11.9205 12.7174 12.0701 6.56714 5.84693 5.44325 4.63189 2.83617 2.51433 2.34739 1.90255 1.78478 1.4399 0.818792 0.400923 0.393213 0.259099 0.099244 0.071453 0.0198406 0.0001566 1.55858e-06 1.29475e-08 2.30249e-12
threshold=0.80497118830680858 2.1121796369552617 1.6606231927871706 1.1526013612747195 1.4058195352554324 -0.17355433851480481 1.3233668804168703 2.655595183372498 0.68550056219100963 2.3661618232727055 0.50325195491313945 2.0402278900146489 2.1854047775268559 1.0842071175575259 2.5422018766403203 2.6849206686019902 2.5463192462921147 0.62663751840591442 1.1724488735198977 2.2764565944671635 0.52865314483642589 1.4281420111656191 -2.514843106269836 2.2120531797409062 0.58793193101882946 2.202061772346497 2.8062094449996953 1.9891663789749148 2.3221769332885747 1.8055016398429873
decision_type=2 2 2 2 2 2 2 2 2 2 2 2 2 2 2 2 2 2 2 2 2 2 2 2 2 2 2 2 2 2
left_child=1 2 4 -4 11 -6 7 8 17 19 18 15 24 -13 -12 -1 -14 23 -10 20 22 -22 -8 -2 25 -11 -26 -7 29 -5
right_child=6 -3 3 28 5 27 9 -9 10 12 14 13 16 -15 -16 -17 -18 -19 -20 -21 21 -23 -24 -25 26 -27 -28 -29 -30 -31
leaf_value=-0.056491272110242532 -0.057039416456384676 -0.78955945292734075 -38.571414682578009 -0.050004831963596744 -54.245367409388365 -0.050005081990225221 0.050027969932005235 -0.53806673049795828 0.01136453837666225 -0.05880622315549773 -0.046574052924493091 0.03574539699784797 0.041392786852869574 -0.058174593959331757 0.049278587894331628 -0.16219900434313464 -0.025031585737536138 0.048456668908011799 0.053713281834681485 -0.1717065661717507 -0.09599829930252346 -0.065569086698373913 -0.057729814838629261 -0.089624186171680151 -0.082743240285487824 -0.071306954677908888 -0.084520946390020446 -0.050487065315465311 -0.050137218613532368 -0.050002668611658231
leaf_weight=16.487848054141104 4.3972030514577618 0.13700658914874608 0.0012979794425892486 0.0036763402152786284 0.001845176346382398 0.054710656770537297 0.057031548620229411 0.10268469859147344 2.3140108309850467 1.2443530485120771 2.6672947052092009 2.5927418319465563 3.4379100155041971 1.1649907039755061 0.92017983689333593 0.54246299776198981 1.5704395371714723 0.42345507426030593 15.138420066753577 0.20715500230597417 2.0549591821505189 2.1963937610228266 2.5496615829459848 0.24679137680934804 0.25423986699610646 0.42610339614891035 0.24161505721070764 0.024188216128095519 0.0027293653693050146 0.0018482912646504701
leaf_count=48860 5087 93 40 48 46 692 9 22 480 123 5869 388 23 801 77 97 38 94 278 49 1350 1019 1420 5 82 24 2 44 1 45
internal_value=-0.0222489 -0.0598231 -0.0550345 -5.28456 -0.0526408 -1.28863 -0.00272768 0.0172791 0.0194634 -0.0395524 0.036148 -0.04784 -0.00585727 0.00662786 -0.021988 -0.0598584 0.0205645 -0.0498107 0.0480983 -0.0737695 -0.0708112 -0.0802775 -0.0553722 -0.058771 -0.0669424 -0.0619949 -0.0836095 -0.0501528 -0.0500481 -0.0500041
internal_weight=61.4652 21.0153 20.8783 0.00955198 20.8688 0.080744 40.4499 26.21 26.1074 14.2399 21.0399 20.788 7.17466 3.75773 3.58747 17.0303 5.00835 5.06745 17.4524 7.0652 6.85805 4.25135 2.60669 4.64399 2.16631 1.67046 0.495855 0.0788989 0.008254 0.00552463
internal_count=67206 51155 51062 134 50928 782 16051 11912 11890 4139 6704 50146 292 1189 5946 48957 61 5186 758 3847 3798 2369 1429 5092 231 147 84 736 94 93
is_linear=0
shrinkage=0.05


Tree=54
num_leaves=31
num_cat=0
split_feature=42 45 31 3 1 7 24 47 44 5 38 24 11 4 74 15 47 27 39 11 76 74 12 76 46 27 15 37 24 43
split_gain=17.2873 26.3367 1154.93 2738.57 26.1837 11.1037 10.5368 8.03659 6.33392 11.5705 8.7983 5.59636 3.68521 3.00158 2.58044 2.43251 2.17941 2.16276 1.59201 1.44905 0.717475 0.600997 0.47585 0.333424 0.224137 0.223329 0.103092 0.0450059 0.0127044 0.0129249
threshold=0.80497118830680858 1.4058195352554324 -0.085088685154914842 0.43888877332210546 1.8545111417770388 0.063583107665181174 3.07142186164856 0.81205809116363536 0.57818382978439342 0.79538962244987499 2.2026399374008183 2.0402278900146489 -0.33443897962570185 0.68550056219100963 0.85979580879211437 2.6849206686019902 1.1582130193710329 -0.4120285958051681 1.4445225000381472 0.087385203689336791 2.2662527561187749 0.53225034475326549 -2.6092015504837032 0.26202336698770529 1.1963611841201784 -0.12862460315227506 3.0476642847061162 1.875202000141144 2.7207115888595585 -1.9557307958602903
decision_type=2 2 2 2 2 2 2 2 2 2 2 2 2 2 2 2 2 2 2 2 2 2 2 2 2 2 2 2 2 2
left_child=1 4 3 -3 6 23 11 8 9 13 -11 15 17 -7 -13 -1 20 -10 -18 -14 22 -20 -9 26 25 27 28 -25 29 -2
right_child=5 2 -4 -5 -6 7 -8 16 12 10 -12 14 19 -15 -16 -17 18 -19 21 -21 -22 -23 -24 24 -26 -27 -28 -29 -30 -31
leaf_value=-0.055762302849096307 -0.06427581081825727 -0.050005389283778845 -0.052323109605976983 -98.060282304814265 -0.69815174044139672 -0.053423689473431762 -0.56765711688194775 -0.12210898911621067 -0.06190560754328777 -0.048245927275500144 -0.49522757950950269 -0.057529681131530633 0.055480315375521894 0.055117304299201787 0.038902422553036997 -0.16787709492501812 -0.055293837101038648 0.043811314827357672 -0.050502935078410999 -0.044278968812125771 0.050035832901647585 0.04895690249907577 -0.058989066929172974 -0.058614466047876235 -0.10885090322224025 -0.10006459282361418 0.047764082340562043 -0.082242154605180626 -0.068369631472740305 -0.054127347749278944
leaf_weight=15.889002361752555 0.35351925665138217 0.0023642579326405835 0.14627398131703276 0.0010203011552221142 0.15686561815625566 0.72398963665021732 0.097677625274147029 0.32208808887521634 1.2226534686195343 5.6819886182427908 0.11226813685451897 0.97149079819631401 12.402707425876853 5.2977614627556848 2.4263700481144168 0.49899775639775512 0.76653824669170045 0.80057302152594578 0.17557261614823971 0.3750182060015409 0.1434328896063447 1.1258044870468631 4.0930762307840194 1.3016397444416659 0.51105987570275901 0.52390819529146337 0.024090794031508156 0.23846642855647249 0.19665304353866142 2.7880468956658282
leaf_count=48943 197 50 743 24 136 1605 53 48 155 1257 6 837 493 344 272 97 1448 74 415 783 37 146 2487 481 100 247 3 14 22 5689
internal_value=-0.0220514 -0.0596364 -0.720458 -29.596 -0.0547014 -0.00268367 -0.0496251 0.00856526 0.0208316 -0.00646673 -0.0569065 -0.0470677 0.0426247 0.0420675 0.0113313 -0.0591761 -0.0407055 -0.0200743 0.00186861 0.0525524 -0.0600184 0.0355385 -0.0635937 -0.0656666 -0.0792058 -0.0718656 -0.0552973 -0.0622729 -0.0560411 -0.0552694
internal_weight=59.3709 20.1901 0.149659 0.00338456 20.0404 39.1809 19.8835 33.2435 26.617 11.816 5.79426 19.7859 14.801 6.02175 3.39786 16.388 6.62651 2.02323 2.06792 12.7777 4.5586 1.30138 4.41516 5.93738 2.57507 2.06401 3.36231 1.54011 3.33822 3.14157
internal_count=67206 51155 817 74 50338 16051 50202 9298 4717 3212 1263 50149 1505 1949 1109 49040 4581 229 2009 1276 2572 561 2535 6753 842 742 5911 495 5908 5886
is_linear=0
shrinkage=0.05


Tree=55
num_leaves=31
num_cat=0
split_feature=42 33 45 16 62 14 7 47 12 11 30 24 38 15 36 47 36 74 11 76 12 76 46 27 15 9 33 11 20 47
split_gain=15.0736 55.8377 26.5249 733.945 11.2306 11.7748 10.3932 7.55158 5.04282 5.31274 5.68604 5.02665 2.81361 2.51313 2.48284 2.045 1.8928 1.08704 0.734816 0.674938 0.396537 0.276156 0.173281 0.177623 0.0974115 0.031216 0.0106634 0.0101021 0.0100989 0.00857164
threshold=0.80497118830680858 2.1121796369552617 1.4614090323448183 -0.50649565458297718 2.0358613729476933 0.87093728780746471 0.063583107665181174 0.81205809116363536 0.59287601709365856 -0.33443897962570185 2.5503284931182866 2.0402278900146489 2.0070773363113408 2.6849206686019902 0.82005175948143016 1.1582130193710329 2.1122438907623295 0.53225034475326549 -0.044952141121029847 2.2662527561187749 -2.6092015504837032 0.26202336698770529 1.1963611841201784 -0.12862460315227506 3.0476642847061162 1.5736280083656313 2.3782042264938359 -2.1457990407943721 -1.0909001827239988 -0.56187796592712391
decision_type=2 2 2 2 2 2 2 2 2 2 2 2 2 2 2 2 2 2 2 2 2 2 2 2 2 2 2 2 2 2
left_child=1 2 4 -4 11 -6 21 8 9 12 -11 13 -8 -1 -13 19 29 27 -19 20 -9 24 23 25 26 -23 28 -17 -2 -10
right_child=6 -3 3 -5 5 -7 7 15 16 10 -12 14 -14 -15 -16 17 -18 18 -20 -21 -22 22 -24 -25 -26 -27 -28 -29 -30 -31
leaf_value=-0.05501784049105797 -0.0659258636495378 -1.4504011998224431 -38.074878091565942 -0.050182862809439004 -1.1935045820191335 -0.052227706987905721 -0.062622932628395717 -0.11636292543313156 0.027590165080083093 0.03608310116447129 -0.15483970050330845 0.036032032694793902 0.022038171939520321 -0.17333284754373679 -0.056481540933766922 -0.064630996699227131 -0.35029378108369447 0.043091910298875678 -0.052849302195910913 0.050019493144494422 -0.058569987153019767 -0.054530320149052659 -0.10297863484682659 -0.095506937976494247 0.047535444098709155 -0.069054397983297822 -0.067158144788686092 -0.050342790281827032 -0.054188520838833645 -0.049983773115122671
leaf_weight=15.250516489915356 0.19605303167622867 0.07162140390262095 0.0013149097858331507 0.036370138570965049 0.043816117315144676 0.04667512605169577 2.5065719050129132 0.32111697700706621 0.0037172618267504723 20.984189107056512 0.39735721767895782 2.4088124580354124 1.6128430036047032 0.46243183208798377 1.0376389948496618 0.1751306952180483 0.122451579989729 1.1370023262000195 0.2420652162579674 0.13648104425415386 3.9206085277046672 0.76258555515154425 0.51312594456352245 0.52151674580872276 0.023023369838483521 0.71851799087396928 0.19033265156520807 0.42130806028779327 2.8090078965297502 0.084712781581354757
leaf_count=49276 151 93 15 415 5 44 634 48 12 3520 22 374 21 98 835 2 12 126 523 37 2487 445 100 247 3 50 6 1358 5751 496
internal_value=-0.0210203 -0.0568991 -0.0517245 -1.37694 -0.0491302 -0.604837 -0.00264492 0.00844214 0.0205041 0.0225177 0.032535 -0.0465055 -0.0294762 -0.0584998 0.00817855 -0.0403694 -0.222996 0.00185974 0.0262515 -0.0594237 -0.0629452 -0.064644 -0.0770548 -0.0704124 -0.0549428 -0.0615763 -0.0556812 -0.0545382 -0.0549543 -0.0467229
internal_weight=57.1589 19.3592 19.2876 0.037685 19.2499 0.0904912 37.7997 32.0656 25.7118 25.501 21.3815 19.1594 4.11941 15.7129 3.44645 6.35371 0.210882 1.97551 1.37907 4.37821 4.24173 5.73416 2.51575 2.00262 3.21842 1.4811 3.19539 0.596439 3.00506 0.08843
internal_count=67206 51155 51062 430 50632 49 16051 9298 4717 4197 3542 50583 655 49374 1209 4581 520 2009 649 2572 2535 6753 842 742 5911 495 5908 1360 5902 508
is_linear=0
shrinkage=0.05


Tree=56
num_leaves=26
num_cat=0
split_feature=42 28 62 36 24 14 28 4 54 24 13 15 15 36 15 67 78 3 3 22 36 28 22 15 3
split_gain=13.0578 52.8623 17.1225 48.7731 16.2431 9.7122 16.1922 10.4232 5.57065 4.83556 4.80026 3.96351 2.69431 2.4236 2.29872 1.6819 1.53661 1.4206 0.36524 0.274196 0.213436 0.0801055 0.0378336 0.0119584 0.000615167
threshold=0.80497118830680858 2.8063994646072392 2.0358613729476933 1.1240972280502322 3.07142186164856 1.3233668804168703 2.655595183372498 0.68550056219100963 2.3661618232727055 2.0402278900146489 0.50325195491313945 2.1854047775268559 2.6849206686019902 0.82005175948143016 2.5422018766403203 2.8863637447357182 -0.87654095888137806 1.1724488735198977 2.2764565944671635 -2.514843106269836 1.4281420111656191 2.2120531797409062 0.58793193101882946 1.7929280400276186 2.2764565944671635
decision_type=2 2 2 2 2 2 2 2 2 2 2 2 2 2 2 2 2 2 2 2 2 2 2 2 2
left_child=1 2 4 -4 9 6 7 16 18 12 17 22 -1 -11 -12 -13 -2 -9 19 -7 -21 -18 23 -10 -24
right_child=5 -3 3 -5 -6 8 -8 10 11 13 14 15 -14 -15 -16 -17 21 -19 -20 20 -22 -23 24 -25 -26
leaf_value=-0.054227221815189103 0.047701502688014707 -2.6973936574976975 -3.3439735427205166 -0.052163962863407347 -0.85314389167470539 0.04998183313935687 -0.73826976081682993 0.0087658938212407111 -0.053991711300557549 0.037388254637420702 -0.044670506620272485 -0.011659109238559354 -0.18311707814286543 -0.056181763565577164 0.049118694407497707 0.049097357605338017 -0.056233254240211784 0.052293927349710702 -0.13090679068331867 -0.079437078336463046 -0.060692001648852134 -0.085800337294696535 -0.074758351778769369 -0.063443472009520205 -0.078391256431721595
leaf_weight=14.744023600429637 0.37497689570045611 0.018893507789868091 0.015182336969259747 0.043473079615068855 0.062520310279181923 0.049145187837805859 0.070860484405783519 2.1724286157975543 0.5059643116228375 2.2930009021204851 2.4481709714488389 2.1295527666006615 0.41692760074023638 0.99117106480238737 0.89110857697583989 2.4490827114760947 3.9420274521685768 13.665915924723175 0.23686108810234152 2.6232608809610749 3.606045265526542 0.24321263200163645 0.23511000666239268 0.98833351388961066 0.23103204439030378
leaf_count=49678 131 10 35 38 61 10 22 480 113 402 5869 38 111 820 77 23 5051 278 49 2331 1457 4 82 34 2
internal_value=-0.0198045 -0.0539767 -0.0512867 -0.904214 -0.0485836 -0.00257595 0.016428 0.0186808 -0.0372355 -0.0458565 0.0348373 -0.00463272 -0.0577717 0.0091486 -0.0196422 0.0208391 -0.0492638 0.0463235 -0.0699571 -0.0676578 -0.0685859 -0.0579515 -0.0641226 -0.0602431 -0.0765589
internal_weight=55.4483 18.5852 18.5663 0.0586554 18.5076 36.8631 23.8087 23.7378 13.0544 18.4451 19.1776 6.53908 15.161 3.28417 3.33928 4.57864 4.56022 15.8383 6.51531 6.27845 6.22931 4.18524 1.96044 1.4943 0.466142
internal_count=67206 51155 51145 73 51072 16051 11912 11890 4139 51011 6704 292 49789 1222 5946 61 5186 758 3847 3798 3788 5055 231 147 84
is_linear=0
shrinkage=0.05


Tree=57
num_leaves=31
num_cat=0
split_feature=42 66 31 24 28 7 47 44 38 5 24 11 15 36 47 27 39 11 76 11 12 76 46 27 15 37 15 33 53 46
split_gain=12.4426 125.748 870.725 34.9244 26.0176 9.14653 6.55266 5.70203 10.7044 8.2197 4.55628 3.13186 2.94297 2.26955 1.89722 1.89539 1.40772 1.38665 0.633019 0.444544 0.256584 0.197971 0.110814 0.116686 0.0956829 0.0262766 0.0147129 0.00698416 0.00597389 0.00386818
threshold=0.80497118830680858 1.5891564488410952 1.2020891308784487 3.07142186164856 2.3303308486938481 0.063583107665181174 0.81205809116363536 0.57818382978439342 2.2026399374008183 0.79538962244987499 2.0402278900146489 -0.33443897962570185 2.6849206686019902 0.82005175948143016 1.1582130193710329 -0.4120285958051681 1.4445225000381472 0.087385203689336791 2.2662527561187749 -0.044952141121029847 -2.6092015504837032 0.26202336698770529 1.1963611841201784 -0.12862460315227506 3.0476642847061162 1.875202000141144 2.5422018766403203 2.3782042264938359 2.5491359233856206 1.2049115896224978
decision_type=2 2 2 2 2 2 2 2 2 2 2 2 2 2 2 2 2 2 2 2 2 2 2 2 2 2 2 2 2 2
left_child=1 3 -3 4 10 21 7 8 9 -7 12 15 -1 -12 18 -9 28 -13 20 -18 -8 24 23 25 26 -23 27 -2 -16 -24
right_child=5 2 -4 -5 -6 6 14 11 -10 -11 13 17 -14 -15 16 -17 19 -19 -20 -21 -22 22 29 -25 -26 -27 -28 -29 -30 -31
leaf_value=-0.053423449278375661 -0.054829720820673312 -49.878167093608063 -0.050049450447780676 -1.793675042038881 -1.3426763305809148 0.041153781529725784 -0.10420222049973529 -0.060284988985467358 -0.51744199024652693 -0.045462075490302511 0.036455189720704287 0.054346333078314372 -0.19607444097646284 -0.055891403436390499 -0.051882525668744212 0.042910945408447004 0.046912905946117966 -0.043933045490840372 0.050008666399508905 -0.050308296433042049 -0.057834593448747633 -0.057419634845719637 -0.098716755628246042 -0.088410767395232182 0.047540325832298787 -0.076084478554432067 -0.024403957340922169 -0.065057812879662405 -0.06287217446311695 -0.090019190172447736
leaf_weight=14.228550566005616 2.6796111576639423 0.0010034485583049289 0.0069433419052966541 0.028698979945473435 0.038723417265852045 5.4587388415643483 0.32506865784109562 1.1087273917249241 0.10178342946714281 5.4976309650170085 2.2357161512193011 11.149096350115908 0.3709838153116668 0.94721573683063942 0.51416567935303592 0.74321694513930858 1.0443521280882113 0.37084621704472276 0.13115324591646516 0.13249733601727487 3.6312572395563727 1.1536532395875889 0.25005257281236482 0.51256106306059646 0.022906695667188504 0.225407921800444 0.038635632210125226 0.17798971090614335 0.16281896829605103 0.2615478507242347
leaf_count=49569 5893 102 78 61 64 1949 48 155 6 1257 392 493 108 781 1447 74 122 783 37 439 2487 481 5 247 3 14 9 6 1 95
internal_value=-0.0195824 -0.0536562 -6.34189 -0.0508567 -0.0480501 -0.00253503 0.0080605 0.0195137 -0.00704937 -0.00230788 -0.0452309 0.0414805 -0.0570483 0.00897356 -0.0390337 -0.0188707 0.00292091 0.0511826 -0.0580618 0.0359671 -0.0616444 -0.062997 -0.0736249 -0.0680412 -0.0542474 -0.0604704 -0.0550524 -0.0554668 -0.0545256 -0.0942703
internal_weight=53.5516 17.8578 0.00794679 17.8499 17.8212 35.6937 30.3714 24.43 11.0582 10.9564 17.7825 13.3719 14.5995 3.18293 5.94131 1.85194 1.85383 11.5199 4.08748 1.17685 3.95633 5.32237 2.40322 1.89162 2.91914 1.37906 2.89624 2.8576 0.676985 0.5116
internal_count=67206 51155 180 50975 50914 16051 9298 4717 3212 3206 50850 1505 49677 1173 4581 229 2009 1276 2572 561 2535 6753 842 742 5911 495 5908 5899 1448 100
is_linear=0
shrinkage=0.05


Tree=58
num_leaves=31
num_cat=0
split_feature=42 28 22 18 7 62 7 47 44 4 4 5 9 63 3 15 55 47 39 22 74 12 77 75 22 40 56 77 15 25
split_gain=11.8617 84.6243 295.401 33.7533 170.264 25.462 8.57999 6.14395 5.40929 12.4394 8.24161 7.54304 4.3747 4.0203 2.69398 2.68506 2.00464 1.78523 1.33091 0.594941 0.505455 0.213236 0.132255 0.128017 0.0940645 0.0870792 0.0173051 0.0171667 0.0314863 0.00702884
threshold=0.80497118830680858 2.3303308486938481 1.2298853397369387 2.8653964996337895 -0.23207405954599378 2.0358613729476933 0.063583107665181174 0.81205809116363536 0.57818382978439342 1.4494907259941103 1.4933141469955447 0.79538962244987499 1.4156441092491152 0.59883797168731701 1.1761165261268618 2.6849206686019902 2.7290586233139043 1.1582130193710329 1.4445225000381472 -2.0868740081787105 0.53225034475326549 -2.6092015504837032 0.64670914411544811 0.31158608198165899 -0.48199041187763209 2.2744174003601079 2.4134634733200078 0.81536078453063976 2.5422018766403203 1.8931177258491518
decision_type=2 2 2 2 2 2 2 2 2 2 2 2 2 2 2 2 2 2 2 2 2 2 2 2 2 2 2 2 2 2
left_child=1 3 -3 5 -5 12 22 8 9 11 -11 -8 15 -14 29 -1 -16 19 -19 -9 -20 -21 25 27 26 -2 -25 28 -24 -10
right_child=6 2 -4 4 -6 -7 7 17 14 10 -12 -13 13 -15 16 -17 -18 18 20 21 -22 -23 23 24 -26 -27 -28 -29 -30 -31
leaf_value=-0.055913382685210691 -0.054580278249217296 -0.05043439573830491 -19.054971982221314 -10.248517012258583 -0.050885565608017359 -1.3131981429535544 0.040029674203671088 0.049740192122121669 -0.053595651610069683 -1.0912501795772032 -0.05119766638539041 -0.043509041182903531 -0.050627119016188715 0.042372492176878919 0.05023541622480885 -0.19123033343298659 -0.05896125470236635 -0.054268618500833525 -0.050434750387758277 -0.10000945708140725 0.048706766768466359 -0.057468256247302653 -0.050005283542743278 -0.053564587064346858 -0.088043886837625152 0.050066990284222818 -0.07020378105652339 -0.057330610883986943 0.050029823928654085 -0.064143941944641389
leaf_weight=12.069161066977161 2.4116792288429476 0.0091775495791255601 0.0026308990967275079 0.0049027923405446918 0.024788002378893448 0.039642904106357402 5.3346379039922551 0.12511283353859726 0.2935731200924846 0.043719626963138469 0.033753112776770955 5.4758453906492681 2.2780390412620224 2.3721831617942288 11.761972675040967 0.37808193896122588 0.43587254830993671 0.64693411374788534 0.14798064757519613 0.32184329328465766 0.97968439182314304 3.4753453049314329 0.030800754918340334 0.25668936352032895 1.0028376931307623 0.020044412463903316 0.399392620388001 0.9957971306918717 0.010563898606149813 0.34180031716823578
leaf_count=47440 4432 69 33 9 90 50 1949 31 764 1 49 1213 2663 695 713 106 26 1448 415 49 146 2492 418 272 338 1 6 1283 3 2
internal_value=-0.0193736 -0.0533282 -4.28461 -0.0504177 -1.7348 -0.0474994 -0.00248896 0.00791441 0.0191123 -0.00680955 -0.638123 -0.00228528 -0.0445647 -0.00318592 0.041105 -0.0600236 0.0463334 -0.0387124 0.00289962 -0.0575392 0.0356967 -0.061074 -0.0621728 -0.0697989 -0.0784137 -0.0537177 -0.0636938 -0.0560196 -0.0244579 -0.0592701
internal_weight=51.7245 17.1786 0.0118084 17.1668 0.0296908 17.1371 34.5459 29.4181 23.7212 10.888 0.0774727 10.8105 17.0975 4.65022 12.8332 12.4472 12.1978 5.6969 1.7746 3.9223 1.12767 3.79719 5.12781 2.69608 1.65892 2.43172 0.656082 1.03716 0.0413647 0.635373
internal_count=67206 51155 102 51053 99 50954 16051 9298 4717 3212 50 3162 50904 3358 1505 47546 739 4581 2009 2572 561 2541 6753 2320 616 4433 278 1704 421 766
is_linear=0
shrinkage=0.05


Tree=59
num_leaves=31
num_cat=0
split_feature=42 62 18 1 7 75 44 73 76 42 4 20 15 12 9 12 8 59 59 76 15 44 26 43 15 15 20 79 20 9
split_gain=11.4208 88.6875 42.4064 13.1794 8.06683 4.76729 5.82449 6.34226 6.1663 4.67715 4.39649 4.33545 6.68384 3.71451 2.96365 1.28321 1.14493 0.164088 0.349651 0.137986 0.0864547 0.0721212 0.0634053 0.0290137 0.0206242 0.0143123 0.0139749 0.00515543 0.000600599 0.000577812
threshold=0.80497118830680858 2.0358613729476933 2.8653964996337895 1.8545111417770388 0.063583107665181174 1.8396772742271426 0.58673784136772167 1.9464800953865053 -0.11973463743925093 2.0027177333831792 0.83157894015312206 1.447639048099518 2.6849206686019902 0.59287601709365856 1.4156441092491152 -2.6092015504837032 0.45867127180099493 1.2111672759056094 2.2177915573120122 0.26202336698770529 3.0476642847061162 0.61453759670257579 -0.42979404330253596 0.65304249525070202 1.9891663789749148 2.5422018766403203 1.4861762523651125 0.88514706492424022 1.447639048099518 2.1448004245758061
decision_type=2 2 2 2 2 2 2 2 2 2 2 2 2 2 2 2 2 2 2 2 2 2 2 2 2 2 2 2 2 2
left_child=1 2 3 11 19 6 8 15 13 -10 -9 12 -1 -6 -13 -8 29 24 -19 20 25 28 26 -24 -18 27 -23 -2 -21 -7
right_child=4 -3 -4 -5 5 16 7 10 9 -11 -12 14 -14 -15 -16 -17 17 18 -20 21 -22 22 23 -25 -26 -27 -28 -29 -30 -31
leaf_value=-0.055839720572904233 -0.053020314945269709 -4.4872340276065055 -2.1667854511754578 -0.69575292269598921 0.020725386689369962 -0.05310130554915668 0.038239906984828181 -0.058580844568300178 -0.068072546339728007 -0.39853077527223957 0.045590327776091011 -0.059826786088142174 -0.39764078695115573 -0.1892758233325175 0.025795026272772983 -0.055892973651380233 0.045895149008082038 -0.053129602939372536 0.05092335441733712 -0.051905080139440632 0.047324791678912334 -0.056681273842644944 -0.063719285324856947 -0.085555743550268015 0.056525024282409075 -0.023358750071054538 -0.072519888874099006 -0.057511753147111669 -0.055372150092803385 -0.057876053936610078
leaf_weight=11.666060886011342 1.4914396144717936 0.011269608743783688 0.023630107860685423 0.077945881303619013 3.8243573598721587 0.13742721645746225 0.41413957781122723 1.1276117731441981 4.3014710991153526 0.1098084494138919 9.9532580447787211 1.5126927433019508 0.14480278359401211 0.22284038303571119 3.0451237305095296 2.8778177197170516 0.50621838531968943 0.11111882098386577 0.29527089649492505 0.22954305593244373 0.021007269213441648 0.39741743426924148 0.18029085191785499 0.97343769777865896 4.6284972694447788 0.036364814540386425 0.21440385228015657 1.1177033048011369 0.27402962628310323 0.11756578087806702
leaf_count=46750 4428 77 106 154 2212 168 74 259 1633 7 226 2436 95 290 1537 4063 183 151 17 368 3 276 78 84 14 9 6 1471 30 1
internal_value=-0.0191231 -0.0532088 -0.0501748 -0.0471337 -0.00238494 0.00779327 -0.00248731 0.0168862 -0.0354072 -0.0762985 0.0349897 -0.0440451 -0.0600302 0.00916263 -0.00262198 -0.0440507 0.0482893 0.0530564 0.0224722 -0.06142 -0.0537079 -0.0704827 -0.0752433 -0.0821434 0.0554771 -0.0545102 -0.0622317 -0.0549444 -0.0537918 -0.0553027
internal_weight=50.0446 16.4815 16.4703 16.4466 33.563 28.6274 22.8313 14.3728 8.45848 4.41128 11.0809 16.3687 11.8109 4.0472 4.55782 3.29196 5.7961 5.54111 0.40639 4.93564 2.66652 2.26912 1.76555 1.15373 5.13472 2.64551 0.611821 2.60914 0.503573 0.254993
internal_count=67206 51155 51078 50972 16051 9298 8764 4622 4142 1640 485 50818 46845 2502 3973 4137 534 365 168 6753 5911 842 444 162 197 5908 282 5899 398 169
is_linear=0
shrinkage=0.05


Tree=60
num_leaves=31
num_cat=0
split_feature=42 28 24 52 1 15 47 24 15 50 45 45 79 42 4 36 23 38 42 4 72 43 43 10 47 30 10 38 37 20
split_gain=10.9346 121.256 47.4115 469.906 24.1496 6.28589 5.17007 4.20284 4.29413 3.61576 5.75194 4.82458 2.05986 1.96531 2.02181 1.7936 1.70759 1.53648 1.71295 1.03475 1.20829 0.851352 0.347609 0.199084 0.161999 0.0751164 0.0739469 0.0520964 0.0340288 0.00845219
threshold=0.80497118830680858 2.3303308486938481 2.8201665878295903 0.77681976556777965 1.8545111417770388 1.9891663789749148 0.82060512900352489 2.0402278900146489 2.6849206686019902 1.3831151723861697 0.56769812107086193 0.50569406151771557 1.3789894580841067 1.0035803914070132 0.9192260503768922 0.82005175948143016 2.9146945476531987 1.8359605669975283 1.3447492718696596 0.66066724061965953 1.5721919536590578 -0.55511879920959462 1.4976862668991091 0.41572904586791998 -0.92512696981430043 2.6552819013595585 1.4976368546485903 1.1722707748413088 1.4189438819885256 -1.0909001827239988
decision_type=2 2 2 2 2 2 2 2 2 2 2 2 2 2 2 2 2 2 2 2 2 2 2 2 2 2 2 2 2 2
left_child=1 2 4 -4 7 13 9 8 -1 19 11 -11 23 14 29 -9 -12 24 28 20 -7 -16 -23 -8 -15 -25 -26 -21 -19 -2
right_child=5 -3 3 -5 -6 6 12 15 -10 10 16 -13 -14 17 21 -17 -18 18 -20 27 -22 22 -24 25 26 -27 -28 -29 -30 -31
leaf_value=-0.051484107775701407 -0.062849944366981353 -6.1152904395019441 -25.912410993962553 -0.050264167259679561 -1.2454832175870953 -0.054329858455034713 -0.10424497570112956 0.036185649733052591 -0.26363926184429953 -0.03291467651127427 -0.079025965875580681 0.05528369766179686 0.050240450265066516 -0.096541098295393646 0.051728206491916409 -0.055319652827130986 0.0081353590695872786 0.024671708186029852 -0.055622593986818458 0.055891104124099512 0.050967605055113177 -0.051606191259064196 0.049589473314772037 -0.060563026993629691 -0.055536227026932929 -0.033549926352346104 -0.081271346614591553 0.046382954118892573 0.051210224880816585 -0.053064290949722585
leaf_weight=12.720229638619676 0.33487177309725236 0.0082441607072735179 0.0019333082100273747 0.019193604739096568 0.041899586492843421 0.51484459284719786 0.2498288846623512 2.0528103670823428 0.24306870188056962 2.2840957854412842 2.1621949616137099 4.8277967423902437 0.48260236776059162 0.26869764669516705 1.3968361723384672 0.72452421486600016 0.75923507404833968 0.14680016274470786 0.813804030578685 5.5902481717739647 0.5786531978704943 0.34608896534099631 0.11242797618342593 2.2402622408034234 5.5381190761220527 0.29075113570573297 0.29394610617724293 1.9407951387264279 0.68175115865407387 0.64700626842829367
leaf_count=49634 122 102 80 110 136 57 22 349 97 84 60 12 12 11 87 647 29 71 642 5 6 1361 20 214 9653 11 105 114 65 3288
internal_value=-0.0189219 -0.0530254 -0.0498629 -2.41689 -0.0466944 -0.00233077 0.0129455 -0.0435034 -0.0554621 0.0231008 0.00269355 0.0269574 -0.0451146 -0.0339815 0.00161818 0.0123146 -0.0563741 -0.0470259 -0.00409866 0.0468415 0.00139107 0.0323231 -0.0267931 -0.061663 -0.0585822 -0.0574599 -0.0568333 0.0534408 0.0465082 -0.0564017
internal_weight=48.3136 15.8119 15.8037 0.0211269 15.7825 32.5017 21.9213 15.7406 12.9633 18.6579 10.0333 7.11189 3.26344 10.5803 2.83723 2.77733 2.92143 7.74312 1.64236 8.62454 1.0935 1.85535 0.458517 2.78084 6.10076 2.53101 5.83207 7.53104 0.828551 0.981878
internal_count=67206 51155 51053 190 50863 16051 626 50727 49731 367 185 96 259 15425 4878 996 89 10547 778 182 63 1468 1381 247 9769 225 9758 119 136 3410
is_linear=0
shrinkage=0.05


Tree=61
num_leaves=31
num_cat=0
split_feature=15 18 47 1 15 80 75 7 50 11 47 18 75 55 43 10 29 44 39 22 52 22 70 3 22 1 3 0 16 43
split_gain=9.95539 161.945 821.541 11.3436 53.5957 6.45136 5.94736 3.50587 2.8769 6.36938 2.44735 1.96478 2.1444 1.80826 1.31888 0.696104 0.576115 0.307214 1.72737 0.261853 0.150736 0.0647746 0.0307431 0.0215392 0.0182513 0.0355738 0.0108956 0.000499844 0.000387942 0.000292688
threshold=1.9891663789749148 2.8653964996337895 0.61547625064849865 1.8545111417770388 2.4232695102691655 -0.79719924926757801 2.2924450635910039 0.10581958666443826 1.1544134020805361 0.012946236878633501 0.80351108312606823 1.7818624377250674 -0.76373741030693043 1.1316124200820925 1.4976862668991091 0.70010399818420421 1.8572269678115847 -0.55519783496856678 0.70775479078292858 -2.514843106269836 -0.12515386939048764 1.1228930950164797 2.056578636169434 1.6651566028594973 -1.2309361100196836 1.428148686885834 1.6407045125961306 2.6554186344146733 -0.80799573659896839 -1.1410237550735471
decision_type=2 2 2 2 2 2 2 2 2 2 2 2 2 2 2 2 2 2 2 2 2 2 2 2 2 2 2 2 2 2
left_child=1 11 -3 5 23 7 10 21 15 -10 20 14 16 -12 17 -9 28 18 -1 -19 -7 22 -2 -5 -16 -26 -14 -25 -13 -18
right_child=3 2 -4 4 -6 6 -8 8 9 -11 13 12 26 -15 24 -17 29 19 -20 -21 -22 -23 -24 27 25 -27 -28 -29 -30 -31
leaf_value=-0.057043663221762866 -0.056961647357198934 -49.215063300698802 -0.05005473754203478 -0.074191455277877613 -1.5313151833939727 -0.080775322952598039 -0.30735405133388866 0.051422113976601236 0.022792452359396295 -0.086672407502701387 0.047245617599240668 -0.055971570983421752 -0.05108678643647966 -0.030775114716404664 0.04995383148037584 0.01204799999954727 0.052518901160297948 0.00017244645600019456 0.0360007435950584 -0.056465722005179686 -0.056362647904571295 -0.075769924419699208 -0.032904440003833392 -0.054658052720731036 -0.05000330545958618 0.05008087409488661 -0.06154035395587179 -0.058314229210106927 -0.05047662721803331 0.05093229235235644
leaf_weight=2.4356857048201235 0.68752296266994628 0.0010169823965425423 0.0051650543482706698 0.2197643996801385 0.067658628980019175 1.0832330185124799 0.20098514976041748 7.4818836480193891 9.1854700945213708 1.5536579214260449 1.2014249761134497 0.095306783914565929 0.63708262387160097 1.9447862799841407 0.31109786740542217 1.3206554882219164 0.68613640808689524 0.20734092761011069 0.62728981905415482 12.934872045078441 1.5189289842238396 0.44969820012701689 0.16459182814648565 0.397241407770482 0.014028730902985009 0.024184141308069229 0.4094802423567756 0.12224829941987991 0.048448508362867404 0.50432519991286973
leaf_count=15397 57 85 73 33 109 80 41 70 148 52 67 1 2348 115 33 88 3 219 331 46691 419 7 45 92 299 2 37 1 201 62
internal_value=-0.0187961 -0.0467104 -8.138 0.00036121 -0.184348 0.00592404 -0.0399996 0.019032 0.0243247 0.00695588 -0.0306519 -0.0440687 -0.001598 -0.000981802 -0.0501766 0.0455148 0.0404294 -0.0522486 -0.0379884 -0.0555722 -0.0665252 -0.0604172 -0.0523148 -0.0610695 0.0459482 0.0133379 -0.0551769 -0.0555184 -0.0541197 0.0518468
internal_weight=46.5412 18.9415 0.00618204 27.5998 0.806913 26.7928 5.94936 20.8435 19.5417 10.7391 5.74837 18.9353 2.38078 3.14621 16.5545 8.80254 1.33422 16.2052 3.06298 13.1422 2.60216 1.30181 0.852115 0.739254 0.349311 0.0382129 1.04656 0.51949 0.143755 1.19046
internal_count=67206 65782 158 1424 235 1189 722 467 358 200 681 65624 2652 182 62972 158 267 62638 15728 46910 499 109 102 126 334 301 2385 93 202 65
is_linear=0
shrinkage=0.05


Tree=62
num_leaves=31
num_cat=0
split_feature=15 76 4 3 24 49 18 8 47 8 27 24 77 39 75 18 75 43 4 51 51 76 25 12 74 4 4 11 3 76
split_gain=9.47879 8.28426 25.2395 116.304 198.723 337.864 6.98218 147.286 740.81 5.00773 3.52389 3.12888 2.60275 2.5125 2.49227 2.04228 1.83428 1.24551 0.55821 0.341646 1.68123 0.0806687 0.0723625 0.0541811 0.0384428 0.0180031 0.0350309 0.0173306 0.0083435 0.00467276
threshold=1.9891663789749148 2.1230934858322148 1.2639705538749697 2.2031009197235112 1.4225580096244814 2.299013733863831 2.7171236276626591 1.2423484325408938 -0.31828737258911127 -1.0000000180025095e-35 -0.20081242173910138 2.2077313661575322 0.67321163415908825 1.4689593911170962 2.0660611391067509 1.7818624377250674 -0.76373741030693043 1.4976862668991091 0.83157894015312206 0.093949545174837126 0.012046618387103082 4.3659222126007089 1.942211449146271 -1.0000000180025095e-35 1.2692276239395144 1.912558972835541 1.8541273474693301 -0.011868434958159922 1.6407045125961306 3.65012538433075
decision_type=2 2 2 2 2 2 2 2 2 2 2 2 2 2 2 2 2 2 2 2 2 2 2 2 2 2 2 2 2 2
left_child=6 9 14 4 -4 -6 15 8 -8 23 11 12 -11 -13 21 17 18 19 -17 20 -1 29 -21 24 27 26 -19 -2 -18 -3
right_child=1 2 3 -5 5 -7 7 -9 -10 10 -12 13 -14 -15 -16 16 28 25 -20 22 -22 -23 -24 -25 -26 -27 -28 -29 -30 -31
leaf_value=-0.052383154278484834 -0.053691319679945351 -0.054969031525685288 -0.05131306876291028 -0.05461077899897631 -11.36323179965609 -0.050237949540637462 -44.793623187961515 -0.058010104629962006 -0.050047826601699145 0.044322923387927982 -0.081362614180588169 -0.061876391803161457 -0.0020263832131669902 0.01039911496970047 0.050252333800961252 -0.053832933032779119 -0.051059412266801475 -0.050003115753728858 0.052080707399147913 -0.055044306688759349 0.030377204072510301 -0.088758742067836904 -0.065010858979774877 -0.053730118552319753 -0.080299765228160985 0.05009066532515425 0.050079711144282384 -0.069087210507132638 -0.061763563179277114 -0.062251171354392842
leaf_weight=4.8954455034197322 0.33023301263280119 0.7748291273062321 0.036926656835930743 0.2902917064041603 0.013259236255094512 0.013140254987625357 0.0011174778264850934 0.14807401416405505 0.0053734456833943872 11.392389756771685 0.88733867397301125 1.7155585396808861 4.1258470587955012 4.0202624837515986 0.767643443113743 0.13977370921206711 0.58886249716093853 0.013807447380310311 1.1313298386512753 7.5201574742556838 0.70160034824290907 0.24598997831344593 2.4032383064469878 1.002812704928397 0.48739105403720406 0.29474330325813997 0.023838290944695473 0.40938541012211854 0.26351188152130978 0.30780092778553347
leaf_count=41455 165 115 17 49 36 5 30 205 85 172 31 129 205 113 41 240 2202 319 12 18599 1803 1 781 283 35 14 1 21 36 6
internal_value=-0.0186193 0.00025812 -0.0873864 -0.478131 -2.41958 -5.73223 -0.0465448 -0.381164 -7.7531 0.00906846 0.016261 0.0203367 0.032 -0.0112182 -0.0214718 -0.0436677 0.00237988 -0.0498357 0.0404342 -0.0518867 -0.042009 -0.0629121 -0.057458 -0.0623514 -0.0693975 0.045932 0.013372 -0.0622131 -0.0543686 -0.0570394
internal_weight=44.952 26.8211 2.44988 0.353618 0.0633261 0.0263995 18.1309 0.154565 0.00649092 24.3712 22.1414 21.2541 15.5182 5.73582 2.09626 17.9763 2.12348 15.8528 1.2711 15.5204 5.59705 1.32862 9.9234 2.22982 1.22701 0.332389 0.0376457 0.739618 0.852374 1.08263
internal_count=67206 1424 270 107 58 41 65782 320 115 1154 650 619 377 242 163 65462 2490 62972 252 62638 43258 122 19380 504 221 334 320 186 2238 121
is_linear=0
shrinkage=0.05


Tree=63
num_leaves=31
num_cat=0
split_feature=1 70 54 15 18 50 19 42 15 52 43 43 47 12 18 14 7 75 43 29 51 15 22 22 32 70 80 65 25 39
split_gain=10.7186 138.33 848.806 9.86281 7.3102 110.987 881.491 5.65011 8.43847 20.1671 4.24264 4.03668 4.40335 2.48239 1.91999 1.91527 1.75143 1.73871 1.17486 0.516779 0.327419 0.114218 0.0164967 0.00835928 0.000121014 1.00869e-06 1.74382e-08 5.55802e-09 4.45602e-09 1.19733e-09
threshold=2.0723880529403691 1.1116486191749575 1.705133378505707 1.9891663789749148 2.7171236276626591 2.0458184480667119 -0.96001538634300221 0.39069487154483801 2.6849206686019902 -0.27193722128868097 -0.61499243974685658 0.46700686216354376 0.54282641410827648 -1.0000000180025095e-35 1.7818624377250674 1.3336489796638491 1.6263417005538943 -0.76373741030693043 1.4976862668991091 1.8572269678115847 0.093949545174837126 2.3221769332885747 -1.2309361100196836 -2.0868740081787105 2.4534031152725224 2.1623206138610844 -1.3673420548439024 1.798914432525635 1.5558645129203799 1.2979019284248354
decision_type=2 2 2 2 2 2 2 2 2 2 2 2 2 2 2 2 2 2 2 2 2 2 2 2 2 2 2 2 2 2
left_child=3 2 26 4 14 -6 28 8 16 -10 13 15 -13 -9 18 -12 21 19 20 -16 -1 -5 -20 -19 25 27 -2 29 -7 -3
right_child=1 24 -4 7 5 6 -8 10 9 -11 11 12 -14 -15 17 -17 -18 23 22 -21 -22 -23 -24 -25 -26 -27 -28 -29 -30 -31
leaf_value=-0.041605003151412578 -0.050187595066746284 -0.050140937035924663 -49.875474373206004 -0.05702383537500897 -0.057756799628258262 -0.050012455937443349 -50.028617834549301 -0.22841463518508484 -1.4877941978870586 -0.052863634032614931 0.044589012601636308 0.015612330771361366 -0.048591297253333145 -0.034982713284795026 -0.053730393826786509 -0.024777385330780454 0.035908910717376119 -0.063897393560359408 0.049929933221484035 0.051677150232200188 -0.057046804600590355 -0.080749742748207426 0.013336177538678618 -0.051513913487350051 -0.054496863915288331 -0.050786171316343623 -0.050005812654133022 -0.050193181163663961 -0.0500996097239816 -0.050097201566093652
leaf_weight=5.3738653118970054 0.0037238989025354377 0.0030988378742029059 0.0010035028278405434 1.5061720755949002 0.13853583282091589 0.0054635973802563687 0.0010004282713195478 0.27373935709891895 0.034820871084335223 0.082502616355294947 9.2697150125650563 8.1967120946003149 3.9611504886327742 0.42089138448383268 0.13028756769352878 1.1147851466742551 0.53025644190711307 0.17309669730696053 0.28162467319973739 1.0814742313689816 9.5037236076767631 0.76484890252831839 0.034579499326687579 0.64067174012077233 0.075707115232944489 0.015249632253016938 0.0020431031471681909 0.0042037129920089455 0.0020047492758893948 0.0031613877092774236
leaf_count=43193 1 23 87 273 123 139 52 9 21 60 160 245 332 39 193 47 13 33 33 59 19296 114 301 2187 1 4 93 11 6 58
internal_value=-0.0183682 -0.515423 -7.43508 -0.0171326 -0.0463435 -0.397437 -5.95408 0.00226233 -0.0633097 -0.478742 0.0104983 0.0142487 -0.00530584 -0.11121 -0.0433461 0.0371425 -0.0459105 0.00238119 -0.0494422 0.0403438 -0.0514691 -0.0650144 0.0459281 -0.054148 -0.0534903 -0.0505268 -0.0501232 -0.0501487 -0.0500359 -0.0501189
internal_weight=43.6301 0.108191 0.0067705 43.5219 17.3663 0.147005 0.00846877 26.1556 2.9186 0.117323 23.237 22.5424 12.1579 0.694631 17.2193 10.3845 2.80128 2.02553 15.1938 1.21176 14.8776 2.27102 0.316204 0.813768 0.101421 0.0257136 0.005767 0.0104639 0.00746835 0.00626023
internal_count=67206 278 181 66928 65615 320 197 1313 481 81 832 784 577 48 65295 207 400 2472 62823 252 62489 387 334 2220 97 96 94 92 145 81
is_linear=0
shrinkage=0.05


Tree=64
num_leaves=31
num_cat=0
split_feature=1 51 74 15 18 4 37 42 10 80 7 14 67 49 18 4 75 7 4 4 51 76 15 46 3 52 47 51 47 4
split_gain=11.2547 132.049 807.714 9.35594 7.66218 115.042 875.736 5.3749 7.9739 3.52013 4.9371 5.76124 3.88149 4.66926 1.79021 1.76245 1.64816 1.47602 0.997099 0.503895 0.329836 0.216218 0.0830873 0.050072 0.00600803 9.71161e-05 7.97959e-07 1.57086e-08 4.25211e-09 2.47813e-09
threshold=2.0723880529403691 0.54494851827621471 1.0000000180025095e-35 1.9891663789749148 2.7171236276626591 0.24726541340351108 0.50642904639244091 0.39069487154483801 1.1469789743423464 -0.79719924926757801 1.5207498669624331 0.72355562448501598 1.102084279060364 2.6617566347122197 1.7818624377250674 1.2931869029998782 -0.76373741030693043 1.6263417005538943 1.8000785708427431 0.83157894015312206 0.093949545174837126 1.3118578195571902 2.3221769332885747 0.66197499632835399 1.6407045125961306 1.9925696849823 1.2180421948432925 0.58643183112144481 1.4253079295158388 0.81697106361389171
decision_type=2 2 2 2 2 2 2 2 2 2 2 2 2 2 2 2 2 2 2 2 2 2 2 2 2 2 2 2 2 2
left_child=3 2 -2 4 14 6 -6 8 17 12 15 -12 23 -14 18 -11 19 22 20 -16 -1 -20 -5 -9 -18 26 27 -3 -8 -4
right_child=1 25 29 7 5 -7 28 9 -10 10 11 -13 13 -15 16 -17 24 -19 21 -21 -22 -23 -24 -25 -26 -27 -28 -29 -30 -31
leaf_value=-0.040883736759399811 -47.533306319939044 -0.050170608793212626 -0.050178412533583308 -0.056862152270542213 -49.960408962773919 -0.057391701324270121 -0.050007931091218052 0.054583871203512407 -0.45232270249175299 -0.040162496547118474 -0.57805052020877101 -0.051570826097998727 -0.025818509456656369 0.034833226560294958 -0.053453093769009224 0.034969875062725572 -0.05095996538593392 0.025800225950760477 -0.051140122361763407 0.051871039977966417 -0.056680779003311192 0.05007784984228441 -0.077501366818650372 0.042802886718010302 -0.06043501393450245 -0.054258355318142784 -0.050747471693014481 -0.050003285572342321 -0.05009523107264513 -0.050113003065399647
leaf_weight=5.2004422884182757 0.001053001790699718 0.0066212066449224767 0.0035429140552878336 1.3155754857613964 0.001001795137392375 0.13166902403070366 0.0052660390806646418 4.9108761964716665 0.12579758009137432 2.7647124084395385 0.087334820852319472 0.1282983040585971 6.5275588755860099 6.17513596047948 0.12766209971688347 1.0876135108222365 0.53330396522586809 0.57737536385616284 0.063856815943937328 1.0280096500692684 9.0629475410652578 0.30365424328224155 0.77482020930661666 1.1048434958844344 0.24378361552270267 0.072323389351367992 0.014512299560010433 0.0017797318320195198 0.0018973662268093605 0.0024489895489286208
leaf_count=43176 64 2 1 235 39 118 149 42 54 291 9 41 289 52 240 32 2184 13 293 12 19316 38 179 76 36 3 1 105 14 102
internal_value=-0.0181247 -0.541984 -7.14746 -0.0168576 -0.045963 -0.414528 -6.17358 0.00214809 -0.06331 0.0101731 -0.0319827 -0.264803 0.0193346 0.003666 -0.0428515 -0.0189506 0.00237473 -0.0449663 -0.048826 0.0402363 -0.0509212 0.0324907 -0.0645122 0.0524202 -0.0539324 -0.0533596 -0.050523 -0.0501352 -0.0500311 -0.0501517
internal_weight=42.3857 0.102282 0.00704491 42.2834 16.7035 0.139834 0.0081652 25.5799 2.79357 22.7864 4.06796 0.215633 18.7184 12.7027 16.5637 3.85233 1.93276 2.66777 14.6309 1.15567 14.2634 0.367511 2.0904 6.01572 0.777088 0.0952366 0.0229132 0.00840094 0.00716341 0.0059919
internal_count=67206 278 167 66928 65615 320 202 1313 481 832 373 50 459 341 65295 323 2472 427 62823 252 62492 331 414 118 2220 111 108 107 163 103
is_linear=0
shrinkage=0.05


Tree=65
num_leaves=31
num_cat=0
split_feature=42 24 61 1 14 4 28 52 9 12 63 15 16 50 10 23 79 78 16 81 15 75 75 76 75 28 35 25 22 4
split_gain=9.00511 70.1932 482.35 24.3784 5.87078 6.24977 4.4681 3.73502 3.55569 3.27585 2.97053 2.7046 8.77501 2.23926 1.71863 1.4701 1.26545 1.05775 1.04317 0.986701 1.39326 0.80402 0.652031 0.184684 0.077873 0.0292165 0.0177249 0.0043965 0.00423423 0.00295868
threshold=0.80497118830680858 2.8201665878295903 1.1206213235855105 1.8545111417770388 1.3233668804168703 0.68550056219100963 2.655595183372498 2.9147524833679204 1.4156441092491152 0.59287601709365856 0.59883797168731701 2.6849206686019902 1.0568384528160097 2.6617178916931157 0.84763696789741527 2.5573228597640996 1.4141325950622561 -0.87654095888137806 2.0730055570602421 0.34297260642051702 2.1854047775268559 3.7639402151107793 0.9907377064228059 2.2662527561187749 0.31158608198165899 2.2120531797409062 0.088466849178075804 1.4384663701057436 -0.69597491621971119 1.6832159757614138
decision_type=2 2 2 2 2 2 2 2 2 2 2 2 2 2 2 2 2 2 2 2 2 2 2 2 2 2 2 2 2 2
left_child=1 3 -3 8 5 17 9 19 11 14 21 16 -13 18 -7 -11 -1 -2 -9 23 26 -10 -12 24 -6 27 -21 -19 -15 -20
right_child=4 2 -4 -5 7 6 -8 13 10 15 22 12 -14 28 -16 -17 -18 25 29 20 -22 -23 -24 -25 -26 -27 -28 -29 -30 -31
leaf_value=-0.056503855886686244 0.047560630941323262 -0.050225511685292851 -27.676285067244407 -0.73632114780185187 -0.053115392061354953 0.042596065695600836 -0.20871839520144375 -0.052795206922871256 -0.058379815306747518 -0.028012600508388216 -0.052417785770181663 -0.72264481480440335 -0.056961393905193974 -0.061105755406978261 -0.023067212731573319 -0.2020405413385202 0.039440494765239822 -0.052905750460672842 0.050206393466608726 -0.071628377204702151 0.032622045665523132 0.050637851825151362 0.051298003499375688 0.036316312873918316 -0.066955035494211376 -0.073184939584261421 -0.055215163869449996 -0.057393898194367188 -0.053775177597069013 0.054075185306458863
leaf_weight=8.8017105055612159 0.27160673767502874 0.012441343656625917 0.0018098765024140958 0.12730704755391009 1.369227426055484 12.819695719921109 0.19403793269521052 0.26835446666831675 1.5826531879495462 0.34833904271685057 0.16548097422181762 0.064402990043162273 0.21401297928490062 0.43967282853995471 1.0804884868056319 0.18623116612434387 0.35763821341913349 2.0279645822268506 0.93736843047574248 0.21192029603674645 0.74179852367234944 0.18936287240549443 1.7983598977120872 0.046853650879718489 3.944813205312157 0.21648252709954707 0.73492605313011816 0.74650436215374716 0.35688071848082303 1.0452321767807007
leaf_count=47159 131 171 34 172 1434 3789 22 158 2668 796 623 1 83 37 2118 1 158 4916 65 62 34 11 75 38 991 4 1174 135 145 1
internal_value=-0.0176447 -0.051493 -3.55868 -0.0477352 -0.00154181 0.0156612 0.029617 -0.0320245 -0.0410809 0.0328208 0.000206661 -0.0574242 -0.210947 0.0142271 0.0374919 -0.0886397 -0.0527576 -0.0469145 0.0397232 -0.052019 -0.0186893 -0.0467299 0.0425585 -0.0625177 -0.0633891 -0.0554937 -0.0588887 -0.0541133 -0.0578214 0.052246
internal_weight=41.3036 13.3152 0.0142512 13.3009 27.9884 17.8914 14.6288 10.097 13.1736 14.4348 3.73586 9.43776 0.278416 3.04751 13.9002 0.53457 9.15935 3.26256 2.25096 7.04954 1.68864 1.77202 1.96384 5.36089 5.31404 2.99095 0.946846 2.77447 0.796554 1.9826
internal_count=67206 51155 205 50950 16051 11912 6726 4139 50778 6704 3377 47401 84 406 5907 797 47317 5186 224 3733 1270 2679 698 2463 2425 5055 1236 5051 182 66
is_linear=0
shrinkage=0.05


Tree=66
num_leaves=31
num_cat=0
split_feature=42 24 60 62 7 47 44 5 13 9 15 63 39 11 4 47 27 79 11 39 75 75 76 74 15 12 76 44 15 26
split_gain=8.46015 84.5361 819.879 56.0762 5.64565 3.71709 3.95352 5.89332 3.70262 3.68456 3.26558 2.81384 2.23107 2.15147 1.95714 1.57495 1.35343 1.19988 1.05412 0.966196 0.760106 0.618819 0.544291 0.376123 0.0940172 0.0894601 0.050815 0.0249068 0.0203305 0.0197293
threshold=0.80497118830680858 2.8201665878295903 0.59342566132545482 1.9893872141838076 0.063583107665181174 0.81205809116363536 0.57818382978439342 0.79538962244987499 0.6206796169281007 1.4156441092491152 2.6849206686019902 0.59883797168731701 1.6400163173675539 -0.33443897962570185 0.68550056219100963 1.1582130193710329 -0.4120285958051681 1.4141325950622561 0.087385203689336791 1.4445225000381472 3.7639402151107793 0.9907377064228059 2.2662527561187749 0.53225034475326549 3.0476642847061162 -2.6092015504837032 0.26202336698770529 0.61453759670257579 2.5422018766403203 -0.42979404330253596
decision_type=2 2 2 2 2 2 2 2 2 2 2 2 2 2 2 2 2 2 2 2 2 2 2 2 2 2 2 2 2 2
left_child=1 3 -3 9 24 6 7 14 -9 10 17 20 -12 16 -6 22 -8 -1 -15 -17 -11 -13 25 -21 26 -7 28 -28 -2 -29
right_child=4 2 -4 -5 5 15 13 8 -10 11 12 21 -14 18 -16 19 -18 -19 -20 23 -22 -23 -24 -25 -26 -27 27 29 -30 -31
leaf_value=-0.056227633055549536 -0.053446174288554929 -0.050235501557501665 -45.268372170050611 -2.8428247507564759 -0.052339512472642749 -0.084276620022947363 -0.057204132344291052 -0.062919769679950582 0.051247710627061439 -0.058010562298746828 -0.12611606575613829 -0.052298641990365657 -0.37654658855763989 0.052144474678071942 0.051750135452413165 -0.052720808637879479 0.040595918266930785 0.03863159738073689 -0.040382789755419451 -0.050311388193706258 0.050604855088017424 0.0511844124738286 0.050009931779424394 0.049975092505084598 0.043313723571481492 -0.055432835256269776 -0.052820985288280609 -0.058890474294181608 -0.012956525245577373 -0.0712004709793366
leaf_weight=8.4007278357973867 1.8958129127682797 0.010731353324722437 0.0011057455093657969 0.017908183768032937 0.51858325920848125 0.30004330952183877 0.86095556025521791 4.1053648659598032 0.8587207392729751 1.5148071097820175 0.39063075086388366 0.15775993021852186 0.11515365540981293 8.1724103834938173 3.4958592707863425 0.41562809742808049 0.60047183451294095 0.34714045218329204 0.31986394028699905 0.1052383240930066 0.18024203484814583 1.7143539966136137 0.12054394231923016 0.83779850807562706 0.022820013545242435 2.5834412768831712 0.37411137801633354 0.47941594874479565 0.031518216064596483 1.0137534325913198
leaf_count=47211 5899 88 117 101 1605 48 155 1186 77 2668 87 622 17 493 344 1448 74 158 783 415 11 75 37 146 7 2487 395 281 9 162
internal_value=-0.0173467 -0.0507626 -4.27422 -0.0468687 -0.00150846 0.00772785 0.0173156 -0.0067419 -0.0431703 -0.0429633 -0.0596054 0.000208536 -0.183132 0.0390162 0.0383039 -0.033879 -0.01702 -0.0524633 0.0486594 0.0107916 -0.046461 0.0424641 -0.0540826 0.0387836 -0.0578707 -0.0584342 -0.0584792 -0.0643576 -0.052784 -0.0672481
internal_weight=39.9629 12.8506 0.0118371 12.8387 27.1124 23.2949 18.9322 8.97853 4.96409 12.8208 9.25365 3.56716 0.505784 9.9537 4.01444 4.36269 1.46143 8.74787 8.49227 1.35866 1.69505 1.87211 3.00403 0.943037 3.81743 2.88348 3.79461 1.86728 1.92733 1.49317
internal_count=67206 51155 205 50950 16051 9298 4717 3212 1263 50849 47473 3376 104 1505 1949 4581 229 47369 1276 2009 2679 697 2572 561 6753 2535 6746 838 5908 443
is_linear=0
shrinkage=0.05


Tree=67
num_leaves=31
num_cat=0
split_feature=42 63 14 7 47 44 33 13 9 41 4 33 11 75 47 27 79 29 11 39 76 74 2 2 62 12 4 76 61 44
split_gain=6.81255 31.814 314.643 5.32251 3.50422 3.73387 5.78043 4.48197 3.44188 2.73318 2.61917 2.06578 2.03368 1.82516 1.48512 1.27413 1.14037 1.04153 0.996272 0.91671 0.513881 0.357111 0.27174 0.21127 0.153274 0.0746287 0.067012 0.0529784 0.0358647 0.0208725
threshold=0.80497118830680858 1.6771332025527956 0.9017847776412965 0.063583107665181174 0.81205809116363536 0.57818382978439342 1.542125999927521 0.6206796169281007 1.4156441092491152 0.43922103941440588 0.68550056219100963 1.8024502396583559 -0.33443897962570185 2.2924450635910039 1.1582130193710329 -0.4120285958051681 1.4141325950622561 1.3249732255935671 0.087385203689336791 1.4445225000381472 2.2662527561187749 0.53225034475326549 1.7225459814071657 1.1525478363037112 1.0599111318588259 -2.6092015504837032 1.6832159757614138 0.26202336698770529 2.1172230243682866 0.61453759670257579
decision_type=2 2 2 2 2 2 2 2 2 2 2 2 2 2 2 2 2 2 2 2 2 2 2 2 2 2 2 2 2 2
left_child=1 8 -3 27 5 6 10 -8 11 -10 -5 16 15 -13 20 -7 26 23 -14 -16 25 -21 -15 -11 -18 -6 -1 28 -2 -29
right_child=3 2 -4 4 14 12 7 -9 9 17 -12 13 18 22 19 -17 24 -19 -20 21 -22 -23 -24 -25 -26 -27 -28 29 -30 -31
leaf_value=-0.056364249318298844 -0.052490650054004252 -17.361904299121303 -0.051334696485535181 -0.052391424466065074 -0.081840482213781277 -0.056800367727815188 -0.08058989269332667 0.051273437202706218 -0.058434620658502828 -0.050227667964668078 0.046122541734288633 -0.052644182579779035 0.051769448005033226 -0.2740851211356129 -0.052549922397949589 0.039818374427246665 -0.051541232983117108 -0.052801126976056947 -0.039539115697606646 -0.050292220101105317 0.049995009836662913 0.049872881699943479 -0.18466723084342213 0.051175414312739642 0.050509988523436293 -0.05517861764402824 0.017449944302022468 -0.052675052578364134 -0.0048831311224033216 -0.066166170955951273
leaf_weight=7.8768742556695921 1.8207060787244511 0.0028881957064821875 0.028810039100986728 0.80995160428215829 0.29368711931643954 0.82464046601115404 3.0196321705710338 0.81923730305724252 1.2552054923962521 0.052872159098511839 4.0402991398534498 0.28687274245536554 7.8287417099219629 0.14914616942405692 0.39661105755124226 0.58206044012924207 0.042030368008341368 0.29535825054703435 0.31059325226839618 0.10014298455438808 0.11469832088152987 0.79853131631165486 0.19744877779240153 1.803115880424462 0.29530597001922143 2.4684813146797224 0.030868205612580968 0.35777431066777499 0.040438601159765386 1.4430440925730308
leaf_count=46794 5881 16 166 1738 48 155 595 48 2395 615 831 334 493 1 1448 74 149 354 783 415 37 146 56 66 12 2487 197 398 30 444
internal_value=-0.0159646 -0.0466092 -1.62859 -0.00148613 0.00764714 0.0171051 -0.00660969 -0.0524495 -0.0425273 0.000198691 0.0296715 -0.0589206 0.038691 -0.145932 -0.0336905 -0.0168218 -0.0522355 0.0344084 0.0482852 0.0107673 -0.0537072 0.0387111 -0.223145 0.0482867 0.0377949 -0.0580134 -0.0560761 -0.057372 -0.0514562 -0.0634858
internal_weight=38.3861 12.3168 0.0316982 26.0693 22.4073 18.2352 8.68912 3.83887 12.2851 3.40655 4.85025 8.87855 9.54604 0.633468 4.17215 1.4067 8.24508 2.15135 8.13933 1.29529 2.87687 0.898674 0.346595 1.85599 0.337336 2.76217 7.90774 3.66196 1.86114 1.80082
internal_count=67206 51155 182 16051 9298 4717 3212 643 50973 3430 2569 47543 1505 391 4581 229 47152 1035 1276 2009 2572 561 57 681 161 2535 46991 6753 5911 842
is_linear=0
shrinkage=0.05


Tree=68
num_leaves=31
num_cat=0
split_feature=2 1 44 19 65 7 80 75 47 47 43 1 18 29 76 25 80 4 64 12 80 74 1 35 34 81 75 4 39 24
split_gain=5.51132 6.40197 32.6797 452.401 509.894 4.42004 3.14385 3.7797 4.00881 1.98859 1.78118 1.57811 1.49365 0.733159 0.713005 0.558943 0.440798 0.0849156 0.0566682 0.0408561 0.0399257 0.0318752 0.0298539 0.0179372 0.0121427 0.0118304 0.0116627 0.00905399 0.00432856 0.00189061
threshold=0.96634843945503246 1.8545111417770388 0.94172155857086193 0.86555135250091564 2.0639343261718754 0.10581958666443826 -0.80724018812179554 0.9907377064228059 0.54282641410827648 1.2372730970382693 -1.2543556690216062 1.7343032956123354 2.2266815900802617 1.3249732255935671 3.8887245655059819 1.5302505493164065 0.62663751840591442 1.6598433852195742 2.0260634422302251 -1.2802843451499937 0.44681945443153387 1.7605457305908205 -0.37497106194496149 0.89416405558586132 -0.40184792876243586 -0.48999169468879694 1.7830812931060793 -0.54155781865119923 -0.2904865145683288 1.1346616148948672
decision_type=2 2 2 2 2 2 2 2 2 2 2 2 2 2 2 2 2 2 2 2 2 2 2 2 2 2 2 2 2 2
left_child=15 5 14 -4 -5 11 7 8 -7 10 -8 17 -9 -11 26 19 -17 18 -2 20 -1 25 -22 -19 -23 27 -3 -21 -26 -27
right_child=1 2 3 4 -6 6 9 12 -10 13 -12 -13 -14 -15 -16 16 -18 23 -20 21 22 24 -24 -25 28 29 -28 -29 -30 -31
leaf_value=-0.052454430114080422 -0.058535991670082499 -0.053107754397928246 -0.050369484637281983 -49.914760690832644 -0.050004264980596361 0.0083802621979272747 -0.21927206991898759 0.042622721673918083 -0.071238046826412119 -0.053605459917453802 -0.05341745802436098 0.046028327174227092 -0.054532744772942968 0.0354784913795912 -0.16196081651485483 -0.056558234263749833 0.050773308336063021 0.050006165813300821 0.0089210095824383256 -0.062656658262803824 -0.050070227958277896 -0.053899022812568288 -0.072476883454775987 -0.050004108063562175 -0.067777838061175169 -0.050337933187585393 -0.067629112311721404 -0.053860981094142384 -0.05001621736122306 -0.052913967039396138
leaf_weight=0.57451447508504316 3.9068764918963002 0.48801319579714608 0.026530121655821758 0.0010027121998415376 0.0010489847490902093 9.3507923999971023 0.1765467940929778 8.717241845181567 1.9026889019876669 0.30942428693941881 1.9485125369645591 0.40675509962622403 0.41440300039813216 0.91081115384654221 0.21341067552566528 0.16641694806422336 0.22498044371604919 0.022140538552775868 0.03138341045779558 0.41924770575987225 0.17808233251774519 0.2618766256367937 0.89969284029608154 0.005621780272294429 0.58477489072433286 2.5208420319186944 0.19293260297414971 0.96836459898556426 0.036439416833212168 0.99276720679478403
leaf_count=3089 2798 492 91 139 25 2752 15 1453 2480 513 1310 32 201 145 12 111 1 12 58 1284 3040 606 432 129 130 40318 36 3645 691 1166
internal_value=-0.015868 -0.0058268 -0.135403 -1.79971 -24.4201 -0.0015714 0.0069406 0.014313 -0.00508125 -0.0379844 -0.0671964 -0.0477647 0.0382137 0.0128888 -0.0822148 -0.0531006 0.00513737 -0.0573842 -0.0579984 -0.0561658 -0.0630999 -0.054185 -0.0687746 0.0297544 -0.0629292 -0.0526095 -0.0572221 -0.0565185 -0.066736 -0.0510658
internal_weight=36.8541 29.0261 0.922938 0.0285818 0.0020517 28.1032 23.7304 20.3851 11.2535 3.34529 2.12506 4.37278 9.13164 1.22024 0.894356 7.828 0.391397 3.96602 3.93826 7.4366 1.65229 5.78431 1.07778 0.0277623 0.883091 4.90122 0.680946 1.38761 0.621214 3.51361
internal_count=67206 12693 795 255 164 11898 8869 6886 5232 1983 1325 3029 1654 658 540 54513 112 2997 2856 54401 6561 47840 3472 141 1427 46413 528 4929 821 41484
is_linear=0
shrinkage=0.05


Tree=69
num_leaves=31
num_cat=0
split_feature=2 14 48 13 20 21 79 13 17 25 17 52 16 11 43 25 80 28 43 75 12 80 1 8 43 78 21 24 8 21
split_gain=5.64311 3.75937 5.05853 3.69388 3.5849 3.0223 2.57705 1.80671 1.66933 2.6017 1.09139 1.04079 1.03436 0.840956 0.724571 0.527417 0.417865 0.195126 0.162145 0.0619125 0.0343768 0.0332747 0.0247335 0.0230712 0.0143924 0.0105632 0.00937543 0.00631413 0.00409554 0.00405999
threshold=0.96634843945503246 1.3233668804168703 2.9148569107055669 0.50325195491313945 0.079156495630741133 1.2813482880592348 0.056207420304417617 0.6206796169281007 -0.42306405305862421 2.3200205564498906 -0.30333682894706721 2.4744024276733403 2.0730055570602421 -0.044952141121029847 -0.77322944998741139 1.5302505493164065 0.62663751840591442 2.2711921930313115 -0.68983435630798329 0.36818204820156103 -1.2802843451499937 0.44681945443153387 -0.37497106194496149 2.4779268503189091 -1.7696952819824217 -0.5865768939256667 1.2375301718711855 1.8884277343750002 2.5637309551239018 -1.5645247697830198
decision_type=2 2 2 2 2 2 2 2 2 2 2 2 2 2 2 2 2 2 2 2 2 2 2 2 2 2 2 2 2 2
left_child=15 2 3 4 14 8 -6 11 18 26 -4 -5 -7 -9 -2 20 -17 -11 -3 -20 21 -1 -23 24 25 -22 -10 -12 -25 -26
right_child=1 5 10 7 6 12 -8 13 9 17 27 -13 -14 -15 -16 16 -18 -19 19 -21 23 22 -24 28 29 -27 -28 -29 -30 -31
leaf_value=-0.052333151407425928 -0.18681541868843266 0.048269649317758977 -0.15738292805815735 -0.03954510827719937 -0.0015491011700094046 -0.052608005423157557 0.046887294050097013 0.051605966340657394 -0.054332900985710045 0.050791170778894168 -0.04255844466087895 -0.14934443723582402 0.052734349057819291 -0.050873999141038642 -0.054065982078170385 -0.056212074556377056 0.050735030438205 0.015564805545886327 -0.054644764984876464 -0.065957619244517235 -0.063404136030229694 -0.050066858464776778 -0.070941668590438586 -0.066946242182276905 -0.05673735865145723 -0.054143266397349336 -0.066042158399630457 -0.056676099057667954 -0.050805948077588148 -0.050960224783162679
leaf_weight=0.54772957300850378 0.19601441963777688 0.03444038627208712 0.43291756510734547 2.5324112230240758 3.9007311573548291 0.28341199247743598 9.2774733960347096 0.83209604943482174 1.5757095359964171 0.76953009826302265 0.092556619290081743 0.23593454485416021 1.3107758835800558 0.26360542665974052 0.21613212905734513 0.159250857213589 0.21416541934013367 0.80366954887760067 2.295837691788412 2.5557315874915645 0.48468272441004956 0.16940826678655407 0.87385966845644381 0.37484112742276887 0.33358998610827262 0.84427312030513435 0.19175517762846528 0.54885650601084601 0.043907002815317897 3.4420795233045944
leaf_count=3089 2 31 17 6169 597 559 396 113 1754 8 18 70 7 862 222 111 1 32 956 747 239 3040 432 18 3235 3198 12 121 396 40754
internal_value=-0.0141903 -0.00399345 0.00926235 0.0157439 0.0280088 -0.0290028 0.0325502 -0.0273934 -0.041213 -0.013974 -0.0960411 -0.0489028 0.0340068 0.0269512 -0.117201 -0.0527965 0.00512529 0.0327958 -0.0598368 -0.0606042 -0.0558367 -0.0623126 -0.067552 -0.0539713 -0.0530458 -0.0575208 -0.0556033 -0.0546389 -0.0652539 -0.0514706
internal_weight=35.8374 28.3496 18.5287 17.4544 13.5904 9.82086 13.1782 3.86405 8.22667 3.34066 1.07433 2.76835 1.59419 1.0957 0.412147 7.48779 0.373416 1.5732 4.88601 4.85157 7.11437 1.591 1.04327 5.52337 5.10463 1.32896 1.76746 0.641413 0.418748 3.77567
internal_count=67206 12693 8587 8431 1217 4106 993 7214 3540 1806 156 6239 566 975 224 54513 112 40 1734 1703 54401 6561 3472 47840 47426 3437 1766 139 414 43989
is_linear=0
shrinkage=0.05


Tree=70
num_leaves=31
num_cat=0
split_feature=15 8 22 4 43 50 67 22 47 4 5 43 4 19 22 21 31 36 79 76 27 51 4 76 15 46 9 45 16 22
split_gain=6.12973 3.19644 3.25572 4.89137 2.62751 1.7466 2.44041 1.73186 1.43999 1.31515 2.9063 0.942933 0.738243 0.590979 0.433195 0.2571 1.09566 0.0720538 0.0252945 0.0242452 0.0162631 0.0114025 0.0109979 0.00935304 0.00915958 0.0083476 0.00473449 0.00521221 0.00398457 0.00393291
threshold=1.9891663789749148 1.0000000180025095e-35 -0.054021480522351333 1.4933141469955447 -0.61499243974685658 1.4171544909477236 2.1092501878738408 1.7648465633392336 0.96163141727447521 0.83157894015312206 0.79538962244987499 1.4976862668991091 1.2639705538749697 0.12148151546716691 -2.514843106269836 0.35194237530231481 2.8055191040039067 2.3782827854156499 0.94086700677871715 1.6458960771560671 -0.50025810301303852 2.9148191213607793 -0.33704812824726099 -0.11973463743925093 1.923753619194031 0.17033987492322925 1.6222383975982668 0.23843596875667575 -0.02260656654834747 -0.80296713113784779
decision_type=2 2 2 2 2 2 2 2 2 2 2 2 2 2 2 2 2 2 2 2 2 2 2 2 2 2 2 2 2 2
left_child=9 19 4 7 -3 8 -7 12 -6 18 13 14 -4 23 -12 -5 -17 -16 24 21 -20 26 28 -11 -1 -24 -2 -28 -22 -26
right_child=1 2 3 15 5 6 -8 -9 -10 10 11 -13 -14 -15 17 16 -18 -19 20 -21 22 -23 25 -25 29 -27 27 -29 -30 -31
leaf_value=-0.051213743291537023 -0.052376145769641259 -0.10495821418742662 -0.051508080667278994 0.054919608250890588 0.048577572802257565 -0.068298821934802439 0.022277166166653831 0.018433962376560791 -0.021892125085487824 0.05120225907930466 0.04983580430445278 0.0496055564231851 -0.1049886220891275 -0.050891599654686252 -0.053992870712794273 -0.052416270444832228 0.053163155682587698 -0.001781929264887269 -0.052669040717456352 -0.070239383435037633 -0.067179862265793922 -0.067811422439047336 -0.062343100778424448 0.041873031845170244 -0.06182244316480108 -0.054514343635388846 -0.052020634361792863 -0.062484767829279475 -0.050389072303529729 -0.053456998998425001
leaf_weight=4.0590894515259217 0.76526034354607675 0.38500164937061754 2.9829347513351863 1.2233107089996338 7.1876830024532437 0.96084938349330107 3.2900448808878573 0.78626557288329291 0.80624286154626634 0.94970377763866054 0.10516711499847842 0.25187632840673257 0.82339999644814321 0.16835788930676199 3.6815663031620369 0.3474431780638163 0.83938354253768921 0.067288384561061565 0.9723163097663069 0.4176838880896564 0.57310044039388985 0.19617409835777277 0.62524240402870124 0.37464004854004651 0.30765024371087335 0.74767238441165418 0.18936903249195314 0.32025641060785326 0.037654364009943597 0.25859812611231181
leaf_count=40578 403 43 280 1 214 61 84 20 74 49 17 59 45 2152 10669 68 1 248 9065 66 189 3 566 78 15 1423 33 28 568 106
internal_value=-0.0139277 0.00251759 0.00849437 -0.0188501 0.0236558 0.0276997 0.00180385 -0.0491223 0.0414702 -0.0407809 -0.0224014 -0.0441225 -0.0630772 0.0373459 -0.0502481 0.0388344 0.0222548 -0.0530557 -0.0543536 -0.0596081 -0.0579663 -0.0565895 -0.0605628 0.0485631 -0.0520448 -0.0580797 -0.0548627 -0.0585965 -0.0661447 -0.0580021
internal_weight=34.7012 21.5213 19.6326 7.00274 12.6298 12.2448 4.25089 4.5926 7.99393 13.1799 5.5986 4.1059 3.80633 1.4927 3.85402 2.41014 1.18683 3.74885 7.58132 1.88874 2.95599 1.47106 1.98367 1.32434 4.62534 1.37291 1.27489 0.509625 0.610755 0.566248
internal_count=67206 1424 891 415 476 433 145 345 288 65782 13272 10993 325 2279 10934 70 69 10917 52510 533 11811 467 2746 127 40699 1989 464 61 757 121
is_linear=0
shrinkage=0.05


Tree=71
num_leaves=31
num_cat=0
split_feature=15 8 22 4 10 22 10 34 4 5 75 80 13 4 19 9 14 16 76 36 47 7 41 79 76 27 10 20 4 15
split_gain=5.82169 3.00532 3.03076 4.55398 1.7379 1.61826 1.31627 4.64864 1.25285 2.74455 1.26094 1.15546 1.91077 0.657511 0.55867 0.24249 1.03918 0.194104 0.12659 0.0730326 0.0706144 0.0678885 0.0417723 0.0215396 0.020259 0.0136993 0.0115989 0.00995215 0.00911612 0.00779488
threshold=1.9891663789749148 -1.0000000180025095e-35 -0.054021480522351333 1.4933141469955447 0.74500551819801342 1.7648465633392336 0.40503843128681188 1.2286316752433779 0.83157894015312206 0.79538962244987499 1.6698893904685976 -0.3091518878936767 0.6206796169281007 1.2639705538749697 0.12148151546716691 1.6222383975982668 1.8134979009628298 1.5816718935966494 1.3118578195571902 2.3782827854156499 1.2372730970382693 1.7319334745407107 0.028123158030211929 0.94086700677871715 1.6458960771560671 -0.50025810301303852 -1.316178500652313 1.3623650670051577 -0.33704812824726099 1.923753619194031
decision_type=2 2 2 2 2 2 2 2 2 2 2 2 2 2 2 2 2 2 2 2 2 2 2 2 2 2 2 2 2 2
left_child=8 24 4 5 6 13 7 -3 23 14 19 12 -6 -4 26 16 -5 -8 -12 22 -13 -21 -11 29 27 -25 -10 -2 -27 -1
right_child=1 2 3 15 11 -7 17 -9 9 10 18 20 -14 -15 -16 -17 -18 -19 -20 21 -22 -23 -24 25 -26 28 -28 -29 -30 -31
leaf_value=-0.051156878081267454 -0.053640176915892283 0.048934575336650993 -0.050470546522747989 -0.052295576281592031 -0.053085477640651628 0.017695867779054877 0.052748005691396475 -0.096078954518259221 0.051258135447587873 -0.074455360818058744 -0.050405518723598969 0.020636918158175019 0.03928587323149204 -0.10143458986786782 -0.050850540006022085 0.054656704422411287 0.052999385087317989 0.031985328527301377 0.049472034385731153 -0.050475680263407853 0.05076966330674048 0.050013617378464936 -0.052794542556596435 -0.052547472871327439 -0.068880961519269882 -0.065123280225728247 0.040692154679799614 -0.0631126838708118 -0.057642572693429733 -0.057556071073543505
leaf_weight=3.865309107810381 1.029443534463786 1.8436418972190163 2.8943156337880418 0.33124167618172251 1.7627949019236115 0.77831535373109906 4.6535783051279518 0.78922612064017639 0.90399963922368443 0.23904768575534241 0.034772765667638372 0.27975776718588585 0.82040737404899156 0.80998095402677384 0.16027303358289313 1.1691046953201294 0.80085122585296631 1.4848303689821607 0.36197276989372756 0.034621798494850586 0.63742818683385849 0.032664118334650993 3.2301999263763852 0.92698167358765071 0.40494805272106638 0.5898438095765236 0.36445677630837858 0.37950772240592701 1.3156009362534302 0.54269603486955453
leaf_count=40578 413 77 280 68 179 20 58 25 25 291 311 56 34 45 2152 1 1 42 231 240 5 8 9912 9065 66 757 102 54 1989 121
internal_value=-0.0137303 0.0024739 0.00832796 -0.0184916 0.0231539 -0.0478437 0.0350405 0.00546545 -0.0405641 -0.0222447 -0.0438043 -0.00663156 -0.023749 -0.0616143 0.0371084 0.0386849 0.0221909 0.0477257 0.0407183 -0.0532864 0.0415786 -0.0016929 -0.0542871 -0.0541308 -0.0590245 -0.0575329 0.0482223 -0.0561916 -0.0599583 -0.0519447
internal_weight=33.4718 20.8694 19.0555 6.78381 12.2717 4.48261 8.77128 2.63287 12.6024 5.36201 3.93328 3.50039 2.5832 3.7043 1.42873 2.3012 1.13209 6.13841 0.396746 3.53653 0.917186 0.0672859 3.46925 7.24043 1.8139 2.83243 1.26846 1.40895 1.90544 4.40801
internal_count=67206 1424 891 415 476 345 202 102 65782 13272 10993 274 213 325 2279 70 69 100 542 10451 61 248 10203 52510 533 11811 127 467 2746 40699
is_linear=0
shrinkage=0.05


Tree=72
num_leaves=31
num_cat=0
split_feature=15 8 1 12 3 55 9 4 5 75 17 2 76 76 21 31 27 79 76 10 27 46 4 15 65 46 9 10 16 12
split_gain=5.52859 2.82966 2.26093 2.32261 2.08422 1.96302 1.87861 1.19294 2.59401 1.19125 0.528012 0.433914 0.239682 0.120268 0.0490225 0.0986219 0.0577713 0.0184311 0.0169195 0.0127023 0.0116261 0.00780024 0.00757893 0.00669164 0.00640057 0.00607815 0.00359063 0.00372076 0.00274346 0.00270681
threshold=1.9891663789749148 -1.0000000180025095e-35 1.81694632768631 0.59287601709365856 1.1724488735198977 2.4777919054031377 1.4156441092491152 0.83157894015312206 0.79538962244987499 1.6698893904685976 -0.18360976874828336 1.9619457721710207 3.8887245655059819 1.3118578195571902 1.6253590583801272 2.2705498933792119 0.32589118182659155 0.94086700677871715 1.6458960771560671 -1.316178500652313 -0.50025810301303852 1.2049115896224978 -0.33704812824726099 1.923753619194031 2.0639343261718754 0.17033987492322925 1.6222383975982668 0.66161707043647777 -0.02260656654834747 0.57274243235588085
decision_type=2 2 2 2 2 2 2 2 2 2 2 2 2 2 2 2 2 2 2 2 2 2 2 2 2 2 2 2 2 2
left_child=7 18 3 4 6 -6 -3 17 10 14 -9 -5 24 -11 16 -16 -10 23 21 -12 -19 26 28 -1 -4 -24 -2 -28 -22 -25
right_child=1 2 12 11 5 -7 -8 8 9 13 19 -13 -14 -15 15 -17 -18 20 -20 -21 22 -23 25 29 -26 -27 27 -29 -30 -31
leaf_value=-0.051102564163950405 -0.052016046412337806 -0.060169020999989414 -0.052612295722509389 -0.051648231719221949 0.032281256081276126 -0.013077019721083006 0.024467170195914656 -0.050811221780557664 -0.055166495747626346 -0.050385781852558945 0.051142409252487156 -0.14063354869053121 -0.11618023791910995 0.049407228156388969 -0.050656045353070014 0.050011970171619728 -0.013586522990801327 -0.052431010500441633 -0.067636465070655002 0.039887275009932131 -0.065075643826778995 -0.065284159298292219 -0.061014637001346343 -0.053142521230455812 -0.064319733048376085 -0.054046288520683695 -0.051827583846330488 -0.061071675326603514 -0.05034733995358881 -0.060401902029625282
leaf_weight=3.6806051325035938 0.69168460988886071 1.5825752858461131 0.35872334814330642 0.34069697583377845 11.359818513214174 3.0193576815656291 1.1193816834154451 0.15257742718951295 3.1824844211248919 0.033089508733585959 0.8618081059130418 0.22912955284118652 0.24515107274055481 0.34475966060484153 0.083184411581343265 0.034386521496344358 0.085789914612001694 0.88368151500196557 0.3921047422985503 0.35350943630275222 0.53528826278509423 0.18800951888351836 0.57962982771927885 0.23182277545657815 0.17306788265705109 0.68011819793190598 0.17182509291737125 0.29701989867419276 0.033602772865177322 0.28786020399320478
leaf_count=40578 377 209 177 57 267 48 78 2152 9360 311 25 4 32 231 525 12 554 9065 66 102 189 29 566 105 19 1423 51 10 568 16
internal_value=-0.0135644 0.00244275 0.0081987 0.0118731 0.0151858 0.0227569 -0.0251055 -0.0403692 -0.0221056 -0.043537 0.0368616 -0.0874296 -0.075278 0.040668 -0.0529339 -0.0212132 -0.0540751 -0.0539272 -0.0584945 0.0478685 -0.05714 -0.0558364 -0.0594157 -0.0518525 -0.0564224 -0.0572525 -0.0543058 -0.0576838 -0.0642057 -0.0571636
internal_weight=32.2127 20.1685 18.4279 17.651 17.0811 14.3792 2.70196 12.0442 5.13159 3.76369 1.36789 0.569827 0.776942 0.377849 3.38585 0.117571 3.26827 6.91261 1.74064 1.21532 2.71232 1.34854 1.82864 4.20029 0.531791 1.25975 1.16053 0.468845 0.568891 0.519683
internal_count=67206 1424 891 663 602 315 287 65782 13272 10993 2279 61 228 542 10451 537 9914 52510 533 127 11811 467 2746 40699 196 1989 438 61 757 121
is_linear=0
shrinkage=0.05


Tree=73
num_leaves=31
num_cat=0
split_feature=15 57 35 45 45 59 4 5 75 46 22 22 30 75 17 76 46 36 7 27 56 40 12 79 10 27 15 5 76 15
split_gain=5.26894 2.7077 3.00009 5.13142 2.47585 2.74118 1.13413 2.45416 1.12706 1.07801 0.81342 0.735597 0.647313 0.605767 0.498854 0.114248 0.0779788 0.064643 0.0612575 0.0459795 0.0266326 0.0497802 0.0224616 0.0157108 0.0138902 0.00982826 0.0057028 0.00524621 0.00506975 0.00492905
threshold=1.9891663789749148 1.0267791152000429 0.96637293696403515 0.40520516037940985 0.66177266836166393 2.6333833932876591 0.83157894015312206 0.79538962244987499 1.6698893904685976 0.56792333722114574 -0.054021480522351333 1.7648465633392336 0.8222889006137849 3.7639402151107793 -0.18360976874828336 1.3118578195571902 -0.66116490960121144 2.3782827854156499 1.7319334745407107 0.32589118182659155 1.0056942105293276 0.97635427117347728 -1.2802843451499937 0.94086700677871715 -1.316178500652313 -0.51629984378814686 1.923753619194031 -0.28238394856452936 1.3118578195571902 2.0605258941650395
decision_type=2 2 2 2 2 2 2 2 2 2 2 2 2 2 2 2 2 2 2 2 2 2 2 2 2 2 2 2 2 2
left_child=6 13 10 12 9 -6 23 14 17 -5 20 -12 -4 22 -8 -10 -14 19 -19 -9 -3 -22 -2 26 -16 -25 -1 -27 -29 -24
right_child=1 2 3 4 5 -7 7 8 15 -11 11 -13 16 -15 24 -17 -18 18 -20 -21 21 -23 29 25 -26 27 -28 28 -30 -31
leaf_value=-0.051050698953140461 -0.064811396094272486 0.052936602154322658 -0.1264032282590454 0.0024354503073828401 -0.035629968513127663 0.049418947406619056 -0.050773645267493839 -0.054795562782560238 -0.050367001773220267 0.049087360637017075 -0.054553995238728163 0.050990798562970077 -0.017453376740364138 0.050472389006402753 0.051027204634760862 0.049336375999865636 -0.062869153696728658 -0.050428397905666111 0.050012319982481318 -0.022439564454858275 0.024324161834449232 0.050251547895941197 -0.059617719251338498 -0.051854325453964803 0.039051296944495745 -0.061467515385870079 -0.056770447506860715 -0.053727911910250503 -0.061507104175892918 -0.052114618149853312
leaf_weight=3.5045672007399986 0.6799698542819711 3.1925711487762101 0.47420175708184875 1.8646592138193994 3.8661136336704081 1.2549446890561737 0.14524084366796675 3.0625637672405062 0.031487154372248027 3.6863899128125781 0.37894880433481315 0.29251555127575557 0.10069007317223788 0.13907705251397251 0.8215817199875346 0.32840488641232124 1.5412700881198227 0.031209550622231741 0.029556493740528822 0.11388075349180926 0.25144897965328683 0.70193541146557725 0.27546374390591122 0.7337958531108103 0.34328638038285519 0.887619229418117 0.49767171291922707 0.67119156136474334 0.30443468363149195 1.0657487285170302
leaf_count=40578 105 19 18 38 399 11 2152 9637 311 28 59 4 54 2 25 231 212 240 8 566 62 22 40 8714 102 961 121 1978 158 351
internal_value=-0.0132917 0.00236724 0.00884967 -0.00381845 0.0102852 -0.0147882 -0.0401909 -0.0219871 -0.0433264 0.0334165 0.0424783 -0.00857465 -0.0749453 -0.0504633 0.0366034 0.0406133 -0.0600841 -0.0526583 -0.00157421 -0.0536355 0.0507467 0.0434134 -0.0574087 -0.0537271 0.0474979 -0.0567557 -0.0517619 -0.058686 -0.0561553 -0.0536556
internal_weight=31.2724 19.7659 17.6057 12.7883 10.6721 5.12106 11.5065 4.90721 3.5971 5.55105 4.81742 0.671464 2.11616 2.16026 1.31011 0.359892 1.64196 3.23721 0.060766 3.17644 4.14596 0.953384 2.02118 6.59928 1.16487 2.59704 4.00224 1.86325 0.975626 1.34121
internal_count=67206 1424 926 760 476 410 65782 13272 10993 66 166 63 284 498 2279 542 266 10451 248 10203 103 84 496 52510 127 11811 40699 3097 2136 391
is_linear=0
shrinkage=0.05


Tree=74
num_leaves=31
num_cat=0
split_feature=15 57 35 45 45 59 49 4 5 75 3 44 75 30 14 76 46 36 7 27 12 14 0 79 56 14 27 4 15 46
split_gain=5.01191 2.55196 2.84461 4.74952 2.29459 2.53431 1.10921 1.07972 2.32105 1.06597 0.773511 0.846989 0.572182 0.503198 0.474129 0.108518 0.0778146 0.0607971 0.0582568 0.0474448 0.0189442 0.0165753 0.155284 0.013413 0.0107184 0.0109087 0.00833961 0.00534677 0.00489648 0.00434655
threshold=1.9891663789749148 1.0267791152000429 0.96637293696403515 0.40520516037940985 0.66177266836166393 2.6333833932876591 2.6617566347122197 0.83157894015312206 0.79538962244987499 1.6698893904685976 1.0746409296989443 -1.0256584286689756 3.7639402151107793 0.8222889006137849 0.91892260313034069 1.3118578195571902 -0.66116490960121144 2.3782827854156499 1.7319334745407107 0.32589118182659155 -1.2802843451499937 0.93263226747512828 2.0640821456909184 0.94086700677871715 1.0396165847778323 0.87093728780746471 -0.50025810301303852 -0.33704812824726099 1.923753619194031 0.17033987492322925
decision_type=2 2 2 2 2 2 2 2 2 2 2 2 2 2 2 2 2 2 2 2 2 2 2 2 2 2 2 2 2 2
left_child=7 12 10 13 6 -6 -5 23 14 17 11 -3 20 -4 -9 -11 -15 19 -19 -10 -2 -16 -23 28 -12 -26 -25 -28 -1 -29
right_child=1 2 3 4 5 -7 -8 8 9 15 24 -13 -14 16 21 -17 -18 18 -20 -21 -22 22 -24 26 25 -27 27 29 -30 -31
leaf_value=-0.051001181660779826 -0.063918559118872495 0.051277999775861095 -0.11758428396660875 0.0020420536656762462 -0.03415480087380382 0.049034929586237563 0.04939527937359503 -0.050746994826949027 -0.054559631796920666 -0.050349134396367318 0.052752083660395389 -0.054187588648472465 0.05044913919766808 -0.016669800569306999 0.051166493118470636 0.049258870813130906 -0.062205152672979248 -0.050407501440744962 0.050011722550130172 -0.02151906693802225 -0.053467076144783077 -0.050330558028777131 0.051011499845895036 -0.052204218253262658 0.036451258233303627 0.049739956656055413 -0.062562636786063594 -0.059794706495486509 -0.056420708207257225 -0.053641934147562215
leaf_weight=3.3368025205336496 0.65561196893137563 0.36507699343201239 0.48400065070259923 1.9147957964246272 3.8323295199913643 1.2028561642573548 3.4919834075214711 0.13900486789890187 2.9254814640056339 0.029961868148823734 3.0467020258150517 0.39780309600623143 0.13235361878305418 0.1001657754224391 0.78126741346204642 0.31286779864358194 1.4813549128232955 0.029699439415610818 0.028115334454923868 0.11284182157706002 1.2801811305948805 0.043430661359780021 0.29153540730476379 0.80243475205723669 0.20981115262539163 0.58514053804574162 0.52872009856354063 0.53463919723512632 0.47626021264056939 0.61980627229033991
leaf_count=40578 105 2 18 42 399 11 24 1860 9637 311 20 65 2 54 30 231 212 240 8 566 391 388 1 9065 36 43 757 566 121 1423
internal_value=-0.0130958 0.00233155 0.00867201 -0.0036971 0.0100065 -0.0142816 0.0326253 -0.0400132 -0.0218616 -0.0431029 0.0422707 -0.00371693 -0.05013 -0.0729736 0.0363329 0.0405536 -0.0593212 -0.052366 -0.00157362 -0.0533325 -0.0570068 0.0471769 0.0378718 -0.053541 0.051403 0.0462327 -0.0563988 -0.0583985 -0.0516781 -0.0564914
internal_weight=30.173 19.1802 17.112 12.5075 10.442 5.03519 5.40678 10.9929 4.69421 3.43897 4.60453 0.76288 2.06815 2.06552 1.25524 0.34283 1.58152 3.09614 0.0578148 3.03832 1.93579 1.11623 0.334966 6.29866 3.84165 0.794952 2.4856 1.68317 3.81306 1.15445
internal_count=67206 1424 926 760 476 410 66 65782 13272 10993 166 67 498 284 2279 542 266 10451 248 10203 496 419 389 52510 99 79 11811 2746 40699 1989
is_linear=0
shrinkage=0.05


Tree=75
num_leaves=31
num_cat=0
split_feature=15 57 35 66 74 42 34 5 4 5 75 4 3 29 75 30 14 76 36 7 27 43 0 12 55 14 79 27 15 16
split_gain=4.7714 2.40626 2.7001 3.47648 2.46194 2.3963 2.37589 1.07971 1.02539 2.19779 1.00819 0.750563 0.731806 0.803412 0.540759 0.460479 0.450371 0.10306 0.0571786 0.0554037 0.048898 0.016283 0.1495 0.0159493 0.0116875 0.0127324 0.0114495 0.0070703 0.00420454 0.00401936
threshold=1.9891663789749148 1.0267791152000429 0.96637293696403515 1.6708638072013857 1.4330003261566164 1.8857456445693972 2.1882966756820683 1.3685500025749209 0.83157894015312206 0.79538962244987499 1.6698893904685976 0.86079448461532604 1.0746409296989443 0.54433509707450878 3.7639402151107793 0.8222889006137849 0.91892260313034069 1.3118578195571902 2.3782827854156499 1.7319334745407107 0.32589118182659155 -1.1410237550735471 2.0640821456909184 -1.2802843451499937 0.8833913803100587 0.87093728780746471 0.94086700677871715 -0.51629984378814686 1.923753619194031 -0.84149581193923939
decision_type=2 2 2 2 2 2 2 2 2 2 2 2 2 2 2 2 2 2 2 2 2 2 2 2 2 2 2 2 2 2
left_child=8 14 12 4 15 6 -5 -7 26 16 18 -6 13 -3 23 -4 -10 -12 20 -20 -11 -18 -23 -2 -14 -26 28 -28 -1 -29
right_child=1 2 3 5 11 7 -8 -9 9 10 17 -13 24 -15 -16 -17 21 -19 19 -21 -22 22 -24 -25 25 -27 27 29 -30 -31
leaf_value=-0.050953914954808444 -0.063088699023271022 0.051214600894289523 -0.11035686972219866 0.040037625243086419 -0.054561814695773883 0.0019439608179020935 -0.057057261114106889 -0.07165554168161152 -0.050712145643818901 -0.054328800342752608 -0.050332135328496369 0.05070736221775192 0.052633491617369389 -0.053970340661191801 0.050427044005099037 -0.057116654409466096 0.051161128043594954 0.049174057371419083 -0.050387623585241154 0.050011147292059771 -0.020620626836336708 -0.050310078327456424 0.05096119675719879 -0.053302349800494392 0.035051462828177359 0.049602655827234769 -0.051688450887359731 -0.053234865073330744 -0.056089889069814991 -0.0590571396302845
leaf_weight=3.1769348880924002 0.63163175616552814 0.34769352254852592 0.48952442161114795 5.7012353964086433 0.21998193741575689 1.0368688795088039 0.70832442674795171 0.95937774570863732 0.1323140960573147 2.7943303333617129 0.028509993483416096 0.73533326823247047 2.9055280414305007 0.37988921112602037 0.12595242266305895 2.3841570165802337 0.74382021048609204 0.29810970958567162 0.028261844888091914 0.026744432281702757 0.11189532293056803 0.041949978173130287 0.27758389711380005 1.2214143242205879 0.2057544230541879 0.55810562701772726 0.66576342285651402 0.38134102453664742 0.45563709023505206 1.3311475449363435
leaf_count=40578 105 2 11 118 35 15 72 34 1860 9637 311 60 14 65 2 415 27 231 240 8 566 391 1 391 42 43 8714 360 121 2737
internal_value=-0.012906 0.00229613 0.00849785 -0.00357942 -0.0430696 0.0144091 0.0293076 -0.0334273 -0.0398655 -0.021769 -0.0428797 0.0264669 0.0421035 -0.0037051 -0.049824 -0.066186 0.0362812 0.0404884 -0.0520751 -0.00157305 -0.053031 0.0471058 0.0376658 -0.0566381 0.0511866 0.0456831 -0.0533638 -0.0560608 -0.0515981 -0.0577606
internal_weight=29.1051 18.6108 16.6318 12.2348 3.829 8.40581 6.40956 1.99625 10.4943 4.48352 3.28785 0.955315 4.39697 0.727583 1.979 2.87368 1.19567 0.32662 2.96123 0.0550063 2.90623 1.06335 0.319534 1.85305 3.66939 0.76386 6.01082 2.37825 3.63257 1.71249
internal_count=67206 1424 926 760 521 239 190 49 65782 13272 10993 95 166 67 498 426 2279 542 10451 248 10203 419 392 496 99 85 52510 11811 40699 3097
is_linear=0
shrinkage=0.05


Tree=76
num_leaves=31
num_cat=0
split_feature=15 8 22 3 43 10 12 75 9 18 75 50 2 43 41 31 10 0 22 36 6 79 39 5 17 73 3 17 26 71
split_gain=4.53522 2.33902 2.35536 3.61447 1.84709 1.66572 1.54574 1.29605 1.01719 0.900251 1.06006 0.866761 0.842543 0.66658 0.365945 0.275415 0.19325 1.1764 0.312099 0.0393774 0.00992662 0.00959197 0.00899537 0.0183194 0.0040429 0.00221861 0.00121983 0.000712043 0.000313398 0.000200755
threshold=1.9891663789749148 -1.0000000180025095e-35 -0.054021480522351333 2.0563887357711796 -0.61499243974685658 0.74500551819801342 0.59287601709365856 1.2737175822257998 1.8288326859474184 1.7818624377250674 -0.76373741030693043 1.4171544909477236 1.9619457721710207 1.4976862668991091 2.1019114255905156 1.7385358810424807 -1.6604219079017637 0.84740746021270763 -2.514843106269836 2.3782827854156499 -0.33768430352210993 0.95889812707901012 1.4689593911170962 1.8104516267776491 -0.78224569559097279 -0.40988831222057337 1.6407045125961306 -1.0142170190811155 -0.45441868901252741 1.6788066029548647
decision_type=2 2 2 2 2 2 2 2 2 2 2 2 2 2 2 2 2 2 2 2 2 2 2 2 2 2 2 2 2 2
left_child=9 20 4 8 -3 11 -7 12 14 13 15 -6 -5 16 -4 -11 17 21 27 -20 25 -1 23 -15 -22 -2 -12 -18 -27 -17
right_child=1 2 3 7 5 6 -8 -9 -10 10 26 -13 -14 22 -16 29 18 -19 19 -21 24 -23 -24 -25 -26 28 -28 -29 -30 -31
leaf_value=-0.051515500842304565 -0.059009542642643679 -0.085510818258214882 -0.057569726831885749 0.030803778643093024 0.049887446671684078 0.0083459325239462253 -0.10081796204209155 0.05318359061537347 0.032776986549479602 -0.051900932891460298 -0.050535150355986991 0.010320815377712483 -0.056813490080341478 -0.050001664789289302 -0.12181182302073651 0.051301249074058086 0.050059072807180888 0.051154249147636381 -0.05251066647550609 -0.015724976313815232 -0.055538097446464187 -0.061049907252200275 0.049919599246928403 0.050042998368444905 -0.063514225856140916 -0.052269385039318619 -0.055325033788974215 0.040072654742634939 -0.049044948362450741 0.049505150952664251
leaf_weight=0.80133288226452937 0.12936840951442685 0.38546482007230842 2.6312568390293141 0.50285471187922681 5.1925025022783213 2.7032563514614987 0.36848158538904874 1.6211102913248394 0.30694789957087509 0.073109222533247475 0.31941735534879423 1.8872091339204882 0.60388943314593813 0.0070981413477101954 0.24206827726146674 0.37082245945930481 0.054077778775294405 0.33675236090357419 6.8787349601546399 0.073527030233946244 0.22701400460129695 0.39324345319305798 0.17391540741422967 0.012876564636826515 0.52928591380089152 0.54792174175536712 0.22765413895470443 0.026643912994486985 0.087374945681335414 0.26802760734496589
leaf_count=4653 2 43 327 12 93 240 33 31 9 189 2498 67 31 306 5 1 15 5 57403 252 35 191 27 1 86 308 37 119 102 85
internal_value=-0.0127663 0.002264 0.0077506 -0.0175198 0.0219199 0.0259992 -0.00474922 0.024707 -0.0537396 -0.0397234 -0.000189679 0.0393403 -0.0170041 -0.0454065 -0.0629819 0.0400275 -0.047482 -0.031386 -0.0509867 -0.0521216 -0.0570585 -0.0546541 0.0462698 0.0144915 -0.0611201 -0.0530413 -0.0525284 0.0467628 -0.0518259 0.0505477
internal_weight=27.9832 17.966 16.445 5.90813 10.5369 10.1514 3.07174 2.72785 3.18027 10.0172 1.25903 7.07971 1.10674 8.7582 2.87333 0.711959 8.56431 1.53133 7.03298 6.95226 1.52097 1.19458 0.19389 0.0199747 0.7563 0.764665 0.547071 0.0807217 0.635297 0.63885
internal_count=67206 1424 891 415 476 433 273 74 341 65782 2810 160 43 62972 332 275 62638 4849 57789 57655 533 4844 334 307 121 412 2535 134 410 86
is_linear=0
shrinkage=0.05


Tree=77
num_leaves=31
num_cat=0
split_feature=15 57 35 45 45 59 49 4 5 75 22 22 75 14 30 76 73 36 27 7 55 61 14 0 12 74 20 52 74 15
split_gain=4.31384 2.15922 2.46454 3.93748 1.97979 2.15568 0.98676 0.931704 1.96675 0.907422 0.650082 0.603357 0.483681 0.406125 0.265681 0.0984816 0.0711713 0.0548519 0.0562828 0.0527072 0.0302804 0.0615615 0.0140683 0.133491 0.0114216 0.00631275 0.00651048 0.00506706 0.00267506 0.00264034
threshold=1.9891663789749148 1.0267791152000429 0.96637293696403515 0.40520516037940985 0.66177266836166393 2.6333833932876591 2.6617566347122197 0.83157894015312206 0.79538962244987499 1.6132934093475344 -0.054021480522351333 1.7648465633392336 3.7639402151107793 0.91892260313034069 0.8222889006137849 1.3118578195571902 1.3365911841392519 2.3782827854156499 0.32589118182659155 1.7319334745407107 0.82247865200042736 1.4210856556892397 0.93263226747512828 2.0640821456909184 -1.2802843451499937 1.2692276239395144 -1.2721071839332578 0.48325283825397497 -0.286613218486309 2.0605258941650395
decision_type=2 2 2 2 2 2 2 2 2 2 2 2 2 2 2 2 2 2 2 2 2 2 2 2 2 2 2 2 2 2
left_child=7 12 10 14 6 -6 -5 25 13 17 20 -12 24 -9 -4 -11 -16 18 -10 -19 -3 -22 -15 -24 -2 26 28 -27 -1 -26
right_child=1 2 3 4 5 -7 -8 8 9 15 11 -13 -14 22 16 -17 -18 19 -20 -21 21 -23 23 -25 29 27 -28 -29 -30 -31
leaf_value=-0.060212729067154025 -0.061589240785054691 0.052355328300139573 -0.10036593504646514 0.0026192160670497821 -0.032395884296552609 0.048364869827458551 0.048608496095328246 -0.050646906780834458 -0.053979449282304082 -0.05028020077053913 -0.053642653812432911 0.050816666567286534 0.050386282222647127 0.050950563653966663 -0.023614625446733102 0.048807285047095229 -0.061471555846400794 -0.050363005724275316 -0.017107964650248979 0.050010773308108269 0.020138521165380407 0.050669592428663271 -0.05028332079161555 0.050869317132732975 -0.057691019028937265 -0.05834444396609291 -0.051286880639331615 -0.05215790569941714 -0.05295710627815791 -0.051730838453937888
leaf_weight=0.31095509671477484 0.5864191935221329 2.7156752583644566 0.49394009440834152 1.8614241249883066 3.6006343643324383 1.0723589866665859 3.1236911871598028 0.1197005250698463 2.5486746638327218 0.027589644360115573 0.31686655646330208 0.24521093355997436 0.11411503707287729 0.67532747216318956 0.1372945907331361 0.27522774382301851 1.29697030764515 0.0264797150759567 0.10787934853067982 0.025843397481366992 0.2403878372367777 0.52721938997018469 0.03746677015404809 0.25195887684822083 0.23503910210743928 0.85576728727711604 3.5515838742084904 0.53972455524745011 0.21478008852607267 0.88723983350602909
leaf_count=735 105 12 18 42 399 11 24 1860 9592 350 59 4 2 30 89 256 177 240 547 8 83 8 388 1 40 2844 46377 1159 1395 351
internal_value=-0.0125707 0.00222076 0.00822604 -0.00350513 0.00951865 -0.0138629 0.0314363 -0.0395514 -0.0215173 -0.0423074 0.0418253 -0.00807142 -0.049278 0.03622 -0.0687394 0.0397794 -0.0578477 -0.0514836 -0.0524821 -0.000786455 0.0498768 0.0411083 0.0469979 0.0377749 -0.0559341 -0.053049 -0.0520556 -0.0559517 -0.0572486 -0.0529791
internal_weight=27.0234 17.4545 15.6317 11.5863 9.65811 4.67299 4.98512 9.56896 4.09615 3.01169 4.04536 0.562077 1.82281 1.08445 1.9282 0.302817 1.43426 2.70888 2.65655 0.0523231 3.48328 0.767607 0.964753 0.289426 1.7087 5.47281 4.07732 1.39549 0.525735 1.12228
internal_count=67206 1424 926 760 476 410 66 65782 13272 10993 166 63 498 2279 284 606 266 10387 10139 248 103 91 419 389 496 52510 48507 4003 2130 391
is_linear=0
shrinkage=0.05


Tree=78
num_leaves=31
num_cat=0
split_feature=15 8 22 3 77 50 39 75 46 4 5 27 75 8 22 14 25 45 27 12 21 43 0 6 79 27 17 16 15 16
split_gain=4.10808 2.10324 2.08142 3.23219 1.68625 1.33786 1.86689 1.15645 0.934226 0.886004 1.86238 0.882897 0.858298 0.612536 0.396823 0.385827 0.292922 0.0920667 0.0544173 0.0980383 0.0563016 0.0138814 0.128704 0.00724093 0.00722745 0.00440197 0.00311956 0.00272484 0.00268063 0.00220779
threshold=1.9891663789749148 1.0000000180025095e-35 -0.054021480522351333 2.0563887357711796 -0.74346065521240223 1.4171544909477236 1.4445225000381472 1.2737175822257998 0.8671795427799226 0.83157894015312206 0.79538962244987499 -0.50025810301303852 1.6132934093475344 0.45867127180099493 0.90890863537788402 0.91892260313034069 2.4865128993988042 0.44369040429592138 0.32589118182659155 -2.6092015504837032 1.6253590583801272 -1.1410237550735471 2.0640821456909184 -0.33768430352210993 0.94086700677871715 -0.50025810301303852 -0.78224569559097279 -0.84149581193923939 1.923753619194031 1.8422275185585024
decision_type=2 2 2 2 2 2 2 2 2 2 2 2 2 2 2 2 2 2 2 2 2 2 2 2 2 2 2 2 2 2
left_child=9 23 4 8 -3 13 -7 11 16 24 15 -5 18 -6 -10 -11 -4 -14 20 -20 -12 -17 -23 -2 28 -26 -25 -27 -1 -29
right_child=1 2 3 7 5 6 -8 -9 14 10 12 -13 17 -15 -16 21 -18 -19 19 -21 -22 22 -24 26 25 27 -28 29 -30 -31
leaf_value=-0.050823637973941987 -0.052718551719044597 -0.099808200271398417 -0.055378707895381712 -0.056494182960966713 -0.0089141541399620512 -0.061362578265759006 0.021008081462582387 0.052876733502347464 -0.053783647305704951 -0.05061652884435347 -0.053967402743984462 0.035062804301861358 -0.05027025104284142 0.044797043173890862 0.050599523484464726 0.050961283581859598 -0.098232959185944962 0.048545305942691429 0.050122508039795649 -0.050705540747214228 -0.0077137445268966503 -0.050265398171900039 0.050826205493619936 -0.054791693180875435 -0.051809988611521175 -0.052771004575943227 -0.062056717938723749 -0.058853410740389162 -0.055207125847679832 -0.052344988801585828
leaf_weight=2.7369076967711341 0.70357635731154244 0.28023875641015905 2.0810827454188137 0.58725269110712475 0.58949386314776919 0.90242604509206303 2.8933724029902645 1.4812960914059656 0.13417941877734119 0.11392927624189009 2.4157368502162226 0.47733587549898915 0.025894013898987822 5.3324344092935485 0.28325547134863882 0.64281224716785346 0.49326768146663491 0.26283286618025226 0.036573868244886398 0.070736567903494918 0.067633250384540378 0.03624205040713957 0.23986886441707611 0.21067468906825615 0.66110146730789709 0.33062816062746447 0.49479510514034075 0.94071969503212516 0.39970322864203911 0.15125048544121344
leaf_count=40578 412 22 268 32 121 94 57 31 56 1860 9315 11 337 182 6 27 11 269 1 546 525 391 1 35 9065 339 86 2063 121 344
internal_value=-0.0123845 0.0021848 0.00748994 -0.0171011 0.0211104 0.0245975 0.001425 0.0243084 -0.0523389 -0.0394165 -0.0214267 -0.0154422 -0.0420881 0.0394504 0.0170468 0.0361734 -0.06359 0.0396832 -0.0512013 -0.016341 -0.0527077 0.0469337 0.037557 -0.0563077 -0.0528986 -0.0551812 -0.0598872 -0.0567478 -0.0513822 -0.0579519
internal_weight=26.0773 16.9447 15.5356 5.53767 9.99797 9.71773 3.7958 2.54588 2.99179 9.13257 3.91226 1.06459 2.87941 5.92193 0.417435 1.03285 2.57435 0.288727 2.59068 0.10731 2.48337 0.918923 0.276111 1.40905 5.22031 2.0837 0.70547 1.4226 3.13661 1.09197
internal_count=67206 1424 891 415 476 454 151 74 341 65782 13272 43 10993 303 62 2279 279 606 10387 547 9840 419 392 533 52510 11811 121 2746 40699 2407
is_linear=0
shrinkage=0.05


Tree=79
num_leaves=31
num_cat=0
split_feature=15 8 22 3 77 10 75 80 46 72 9 18 75 43 22 29 25 10 0 22 22 39 5 21 79 80 46 26 3 17
split_gain=3.90951 1.98297 1.93804 3.03109 1.5454 1.62191 1.09886 0.928878 0.868487 0.836132 0.833389 0.762143 0.906906 0.568786 0.37677 0.240952 0.240108 0.163094 1.00225 0.26614 0.0313699 0.00769016 0.0157556 0.00607211 0.00593796 0.00354082 0.00290404 0.00087808 0.000770416 0.000707596
threshold=1.9891663789749148 -1.0000000180025095e-35 -0.054021480522351333 2.0563887357711796 -0.74346065521240223 0.74500551819801342 1.2737175822257998 -0.3091518878936767 0.8671795427799226 1.5298609137535097 1.3548811078071596 1.7818624377250674 -0.76373741030693043 1.4976862668991091 0.90890863537788402 1.8572269678115847 2.4865128993988042 -1.6604219079017637 0.84740746021270763 -2.514843106269836 -0.90995934605598439 1.4689593911170962 1.8104516267776491 -0.2053936421871185 0.95889812707901012 -0.79719924926757801 -0.077615279704332338 -0.4150193035602569 1.6407045125961306 -1.0142170190811155
decision_type=2 2 2 2 2 2 2 2 2 2 2 2 2 2 2 2 2 2 2 2 2 2 2 2 2 2 2 2 2 2
left_child=11 23 4 8 -3 9 10 -7 16 -6 -5 13 15 17 -10 -13 -4 18 24 29 -21 22 -15 25 -1 -2 -27 -28 -14 -19
right_child=1 2 3 6 5 7 -8 -9 14 -11 -12 12 28 21 -16 -17 -18 19 -20 20 -22 -23 -24 -25 -26 26 27 -29 -30 -31
leaf_value=-0.051302934871051677 -0.04635500423488647 -0.095539295071221123 -0.054857522138343301 -0.056061353259270155 0.049568317079813018 -0.022285445047803908 0.052729128562657226 0.041298394763937554 -0.053595921514337799 0.0095081931465136188 0.034411230717580177 -0.051606529356025645 -0.050459954807489396 -0.050001430850023711 0.050555898965446322 0.050541594828568452 -0.093906619382959106 0.05005097720214096 0.050985346016281498 -0.043882212935520873 -0.053202783363872623 0.049899565795002793 0.050037103811230624 -0.051626613929948321 -0.059296653581553831 -0.050350771966996714 -0.058000909407058834 -0.061716158736807983 -0.054544388376262277 0.039398442362189222
leaf_weight=0.69283199179417043 0.055647808014914091 0.27817211179227896 1.9979220306710739 0.56385390046741057 4.6108510835108749 2.2598287194189566 1.4128971253917368 0.77013600126285187 0.12807117825855296 1.8153679776813838 0.4640011830167845 0.06448540501747857 0.2746457349464157 0.0060937913537556501 0.26966760561845149 0.55118602632185043 0.49026234548193315 0.046680902098941601 0.29085765792888185 1.1041584771502737 4.9491157412551523 0.15016228131940146 0.011114481836557388 0.51094011963148434 0.34951309805973241 0.079510370510450512 0.2430280195514315 0.46017394320883342 0.19918127606447539 0.023405175215749696
leaf_count=4653 21 22 268 34 114 212 31 61 56 67 9 208 2498 306 6 67 11 15 5 8772 48883 27 1 253 191 94 134 31 37 119
internal_value=-0.0122266 0.00214561 0.00734792 -0.0168986 0.0206157 0.0240326 0.0241144 -0.00612413 -0.0515851 0.0382516 -0.0152196 -0.0392944 -0.000177035 -0.0448845 0.0170192 0.0398426 -0.0625516 -0.0469306 -0.0310829 -0.050381 -0.0515026 0.0462714 0.0146115 -0.0559231 -0.0539833 -0.0585416 -0.0594081 -0.0604322 -0.0521769 0.0464936
internal_weight=25.1238 16.4103 15.061 5.32668 9.73436 9.45618 2.44075 3.02996 2.88592 6.42622 1.02786 8.71343 1.0895 7.62393 0.397739 0.615671 2.48818 7.45656 1.3332 6.12336 6.05327 0.167371 0.0172083 1.3493 1.04235 0.83836 0.782712 0.703202 0.473827 0.0700861
internal_count=67206 1424 891 415 476 454 74 273 341 181 43 65782 2810 62972 62 275 279 62638 4849 57789 57655 334 307 533 4844 280 259 165 2535 134
is_linear=0
shrinkage=0.05


Tree=80
num_leaves=31
num_cat=0
split_feature=15 8 22 4 43 50 67 47 22 4 5 75 14 9 21 47 76 36 75 7 43 0 79 21 80 77 46 15 25 16
split_gain=3.71699 1.86975 1.80265 2.69091 1.34655 1.12732 1.70296 1.0742 1.07158 0.806098 1.66665 0.772728 0.347969 0.336245 0.153609 0.676924 0.0854626 0.0572387 0.0489462 0.0486556 0.012494 0.116501 0.00531705 0.00510287 0.00344957 0.00268558 0.00245 0.00198565 0.00178598 0.00170154
threshold=1.9891663789749148 -1.0000000180025095e-35 -0.054021480522351333 1.4933141469955447 -0.61499243974685658 1.4171544909477236 2.1092501878738408 0.96163141727447521 1.7648465633392336 0.83157894015312206 0.79538962244987499 1.6132934093475344 0.91892260313034069 1.7316118478775027 0.35194237530231481 0.35692842304706579 1.3118578195571902 2.3782827854156499 1.2737175822257998 1.7319334745407107 -1.1410237550735471 2.0640821456909184 0.94086700677871715 -0.2053936421871185 -0.79719924926757801 0.65875592827796947 -0.077615279704332338 1.923753619194031 1.8931177258491518 -0.84149581193923939
decision_type=2 2 2 2 2 2 2 2 2 2 2 2 2 2 2 2 2 2 2 2 2 2 2 2 2 2 2 2 2 2
left_child=9 23 4 8 -3 7 -7 -6 13 22 12 17 -11 -4 -5 -16 -13 18 -12 -19 -14 -22 27 24 -2 29 -26 -1 -18 -24
right_child=1 2 3 14 5 6 -8 -9 -10 10 11 16 20 -15 15 -17 28 19 -20 -21 21 -23 25 -25 26 -27 -28 -29 -30 -31
leaf_value=-0.050745876061998388 -0.045740171312508612 -0.073893805693232423 -0.059036209463630945 0.053020592328724574 0.046063383097025859 -0.06197701195811104 0.020475352896920981 -0.02395002938219358 0.017633634801452479 -0.050559753628623687 -0.053331780383828131 -0.050241309529040407 0.050836993601182927 0.00056045553131696835 0.051948792881196582 -0.05148581076860273 0.0350765382110284 -0.050310356134922574 -0.0197797120866933 0.050010792231559457 -0.050242438761263691 0.050746560489783744 -0.052453396415154611 -0.05150774287870119 -0.050333664898438227 -0.051431656506315426 -0.059821726406017885 -0.054694144890036392 0.049994190982874595 -0.056658715297559163
leaf_weight=2.4778158261714749 0.053627591212069725 0.36637771087239279 2.6491923920862854 0.80586844682693448 4.8695198109661293 0.80306205977178402 2.8440600471466677 0.61730322899884971 0.64254098432565587 0.10306625289297267 2.2106608086657116 0.024051717582833088 0.58320762395749171 0.25989335524229762 0.54159587621688843 0.22343551059108713 0.02209923315122117 0.022672631154395329 0.11431862747518717 0.025884378468617797 0.032875471444236415 0.21742655336856842 0.30635112726753622 0.48711476472336657 0.075657658940489481 0.48005919997717139 0.67555773637443639 0.36540150923379355 0.21785356526928515 1.1196746770263315
leaf_count=40578 21 43 309 1 214 61 84 74 20 1860 9731 350 27 16 1 68 167 240 408 8 391 1 553 253 94 7705 165 121 89 3553
internal_value=-0.0120499 0.0021102 0.00720432 -0.0167033 0.0200952 0.0238652 0.00232012 0.0381864 -0.0408045 -0.0391247 -0.021188 -0.041534 0.0361096 -0.0537119 0.0377867 0.0217396 0.0396137 -0.0505599 -0.051682 0.00316803 0.0468266 0.0374823 -0.0526231 -0.0555469 -0.0579916 -0.0546664 -0.0588661 -0.0512533 0.0486203 -0.0557553
internal_weight=24.2382 15.9148 14.6228 5.12253 9.50032 9.13395 3.64712 5.48682 3.55163 8.32342 3.57412 2.63754 0.936576 2.90909 1.5709 0.765031 0.264005 2.37354 2.32498 0.048557 0.83351 0.250302 4.7493 1.29196 0.804843 1.90609 0.751215 2.84322 0.239953 1.42603
internal_count=67206 1424 891 415 476 433 145 288 345 65782 13272 10993 2279 325 70 69 606 10387 10139 248 419 392 52510 533 280 11811 259 40699 256 4106
is_linear=0
shrinkage=0.05


Tree=81
num_leaves=31
num_cat=0
split_feature=15 8 44 68 43 12 10 59 1 11 46 79 4 11 44 45 68 18 44 15 21 31 69 4 14 52 12 80 46 80
split_gain=3.53974 1.84357 1.49546 2.64173 1.82126 1.74622 2.15125 1.12593 0.714708 0.669935 0.565247 0.540959 0.510138 0.310481 0.197131 0.770701 0.163385 0.135797 0.102554 0.0801206 0.0460571 0.0766042 0.0404447 0.010999 0.00520813 0.00422877 0.00432655 0.00192771 0.000718475 0.000452108
threshold=1.8345543146133425 -1.0000000180025095e-35 0.57818382978439342 2.1982078552246098 0.7364376187324525 0.59287601709365856 0.40503843128681188 2.6333833932876591 1.7343032956123354 -0.95476794242858876 0.5786108970642091 1.0280530452728274 1.8000785708427431 -0.11939110979437827 -0.51242896914482106 0.5869407355785371 2.1982078552246098 0.67551732063293468 -0.57016718387603749 1.3350385427474978 1.6253590583801272 2.2705498933792119 0.42149253189563757 1.7372652888298037 1.4844588637351992 2.7732875347137456 1.0000000180025095e-35 -0.79719924926757801 0.046362299472093589 -1.4108999371528623
decision_type=2 2 2 2 2 2 2 2 2 2 2 2 2 2 2 2 2 2 2 2 2 2 2 2 2 2 2 2 2 2
left_child=8 25 3 5 10 6 -3 9 12 -6 11 -4 14 -10 15 23 -12 -5 -17 -14 24 -22 -19 -1 -16 26 27 -2 -29 -28
right_child=1 2 4 17 7 -7 -8 -9 13 -11 16 -13 19 -15 20 18 -18 22 -20 -21 21 -23 -24 -25 -26 -27 29 28 -30 -31
leaf_value=-0.052100344234794566 -0.052086930787066214 -0.028048748079262949 -0.054222456838561667 -0.097864536641642297 0.020901405753225639 -0.099162467632530268 0.039510015152593725 0.049320187351098235 0.049623634608309389 -0.041777778400259223 0.030077811295964305 0.044233060772617405 -0.050568100914467951 -0.050245808001722958 -0.051717832023626245 -0.05034854178701878 0.051687935156568048 -0.07746042406816761 0.050713849688302282 0.0500379893354592 -0.050455143381885087 0.050009255053609272 -0.054645951441514386 0.04968303370891166 -0.055264557442652566 -0.038979629584189622 -0.055325291306632163 -0.056769314317844211 -0.060205080970327618 -0.051419998673932002
leaf_weight=0.94446961931288054 0.11886479621776547 1.8772716312126165 0.29530961429208402 0.25006331136137316 0.56498567311111991 0.36316567917228582 3.1648799607488067 0.6241722909217059 0.2948202808673876 1.7368602598768157 1.2123011157573715 0.26445508479341329 0.02262856577483327 0.10573368956198154 3.672264762483695 0.027738257421928481 3.1403983852290542 0.2288323938846587 0.26416378027204246 0.15773337559745829 0.054146638405732861 0.029210579697974026 1.2857368286251583 0.0026617258570826854 1.441310017357355 0.039377033177461551 0.089369825857792295 0.23457867467797611 0.43308644088996506 0.43401999701144645
leaf_count=16421 46 225 64 5 49 51 174 8 54 428 56 13 260 859 42938 518 33 15 25 26 675 12 129 3 3364 19 25 119 133 459
internal_value=-0.0118853 0.000858339 0.00589131 -0.0106111 0.0209863 0.00672984 0.0143568 -0.0102422 -0.0415933 -0.0263932 0.0395869 -0.00770816 -0.0455196 0.0232612 -0.0478438 -0.0299223 0.0456691 -0.0637289 0.0411103 0.0374158 -0.0521165 -0.0152498 -0.0580929 -0.0518143 -0.0527175 -0.0551241 -0.0556094 -0.0579535 -0.058998 -0.0520868
internal_weight=23.3746 16.3577 15.0084 7.16995 7.83848 5.40532 5.04215 2.92602 7.01688 2.30185 4.91246 0.559765 6.61633 0.400554 6.43597 1.23903 4.3527 1.76463 0.291902 0.180362 5.19693 0.0833572 1.51457 0.947131 5.11357 1.3493 1.30992 0.78653 0.667665 0.52339
internal_count=67206 2051 1250 599 651 450 399 485 65155 477 166 77 64242 913 63956 16967 89 149 543 286 46989 687 144 16424 46302 801 782 298 252 484
is_linear=0
shrinkage=0.05


Tree=82
num_leaves=31
num_cat=0
split_feature=15 57 56 16 26 34 12 76 55 4 5 77 20 14 74 32 10 14 0 12 76 79 27 15 16 15 16 55 20 12
split_gain=3.37591 1.66818 1.94915 1.80679 1.89603 1.83018 1.88341 1.40989 1.30626 0.732007 1.49565 0.478498 0.400047 0.313991 0.228303 0.122778 0.0684721 0.0108985 0.104205 0.00516201 0.0048053 0.0039242 0.00237322 0.00153193 0.00146114 0.0013387 0.00116846 0.000879687 0.000655167 0.0005891
threshold=1.9891663789749148 1.0267791152000429 1.0056942105293276 1.5072274804115298 -0.370694950222969 2.0343699455261235 0.59287601709365856 -0.072014885023236261 2.7290586233139043 0.83157894015312206 0.79538962244987499 1.5670644044876101 2.164268016815186 0.91892260313034069 3.0707275867462163 0.44994165003299719 -1.3482509255409239 0.93263226747512828 2.0640821456909184 -1.2802843451499937 1.9322144985198977 0.94086700677871715 -0.50025810301303852 1.923753619194031 -0.84149581193923939 2.0605258941650395 1.8422275185585024 0.76156589388847362 -0.46364484727382654 0.57274243235588085
decision_type=2 2 2 2 2 2 2 2 2 2 2 2 2 2 2 2 2 2 2 2 2 2 2 2 2 2 2 2 2 2
left_child=9 12 20 5 8 15 -7 -6 -5 21 13 14 19 -11 16 -4 -12 -15 -19 28 -3 23 -23 -1 -24 -21 -26 -13 -2 -25
right_child=1 2 3 4 7 6 -8 -9 -10 10 11 27 -14 17 -16 -17 -18 18 -20 25 -22 22 24 29 26 -27 -28 -29 -30 -31
leaf_value=-0.050675852196352011 -0.060265041250241839 0.05199130519529678 -0.079197954203120216 0.032964739458160079 0.047947121895952169 0.034164090205421389 -0.1163002178646983 -0.067827587498342834 -0.047513281176852183 -0.050507526487073656 0.0333228010892819 0.049612110231926181 0.050317974245541512 0.050665580304643812 0.04979438532245381 -0.051935889308779251 -0.050228145422174957 -0.050221252252089968 0.050673873384968843 -0.056023516956780421 0.047099596030260191 -0.051482439184025446 -0.052253035285380084 -0.051846893488326717 -0.057115259108114151 -0.051371685900628877 -0.051909023213650853 0.037577757176200301 -0.056539449791901744 -0.056082676768872221
leaf_weight=2.2440127857247756 0.28436965477416537 1.4682916603786089 0.55410801588279146 5.4998226260476475 0.35049878816699109 1.3718531568440773 0.24514301920639781 1.0529423574663956 0.55510329186133756 0.093240962511232151 0.024800348418567597 0.12404754545904946 0.097207490307482547 0.52959807232400635 0.059708600171514248 1.621662393870797 2.1825651293466475 0.029415717378719286 0.19682073593139648 0.19621149306359453 0.76289060701275668 0.54463774246219898 0.27349012990598331 0.14209526309519827 0.79952590985077687 0.73030872234271682 0.12456257150617722 0.017303482521811395 0.2017087889564228 0.19436217145823775
leaf_count=40578 59 13 54 212 8 142 12 69 22 1860 105 43 2 30 26 349 10689 388 1 40 45 9065 339 105 2063 352 344 130 45 16
internal_value=-0.0117035 0.00204597 0.00762731 -0.000838712 0.0134496 -0.0289363 0.0113531 -0.0389137 0.0255867 -0.0388973 -0.0209985 -0.0411149 -0.0477945 0.036062 -0.0466798 -0.0588788 -0.0492894 0.0467414 0.0375553 -0.0545461 0.0503187 -0.0523854 -0.0542189 -0.0511476 -0.0554634 -0.0523568 -0.0564135 0.0481389 -0.058719 -0.0542938
internal_weight=22.5723 14.9921 13.4823 11.2511 7.45837 3.79277 1.617 1.40344 6.05493 7.58019 3.2575 2.40843 1.50981 0.849075 2.26707 2.17577 2.20737 0.755835 0.226236 1.4126 2.23118 4.32269 1.74222 2.58047 1.19758 0.92652 0.924088 0.141351 0.486078 0.336457
internal_count=67206 1424 926 868 311 557 154 77 234 65782 13272 10993 498 2279 10820 403 10794 419 389 496 58 52510 11811 40699 2746 392 2407 173 104 121
is_linear=0
shrinkage=0.05


Tree=83
num_leaves=31
num_cat=0
split_feature=0 30 45 26 10 12 52 29 81 4 38 27 4 50 1 45 12 37 81 34 43 1 75 1 76 43 30 35 11 49
split_gain=2.9012 2.11339 2.34856 2.2958 2.57892 1.42837 1.01617 0.895559 0.76571 0.285621 0.674051 0.183353 0.149318 0.110625 0.00730647 0.0536588 0.00418827 0.00288739 0.00285718 0.00233001 0.00210385 0.00152763 0.00140672 0.00412152 0.000824909 0.000692617 0.000664463 0.000601979 0.00204298 0.000162529
threshold=1.2953447103500368 0.55620875954628002 0.1400851905345917 -0.370694950222969 0.9417160451412202 0.59287601709365856 3.731634378433228 2.6556066274642949 -0.28670872747898096 0.9192260503768922 0.002563480869866908 0.32589118182659155 1.912558972835541 0.046007398515939719 1.1783415079116824 0.44369040429592138 -1.2802843451499937 0.050171993672847755 -0.48999169468879694 -0.17380862683057782 0.67228758335113536 0.085200257599353804 1.6698893904685976 1.5915566086769106 3.65012538433075 -1.7696952819824217 -0.70323485136032093 0.81055423617362987 -0.061492729932069772 1.0000000180025095e-35
decision_type=2 2 2 2 2 2 2 2 2 2 2 2 2 2 2 2 2 2 2 2 2 2 2 2 2 2 2 2 2 2
left_child=9 8 12 4 5 -4 11 -6 14 16 -11 -5 13 -3 27 -16 17 19 21 -1 -15 26 25 -24 29 -12 -18 28 -2 -20
right_child=1 2 3 6 7 -7 -8 -9 -10 10 22 -13 -14 20 15 -17 18 -19 24 -21 -22 -23 23 -25 -26 -27 -28 -29 -30 -31
leaf_value=-0.050040477430403733 0.052017483385092315 -0.081349248084378475 0.026830476065946504 -0.061480569622543259 -0.05143864271127413 -0.085458522331058231 0.027326988392333502 0.02611056885203606 -0.054280297808288372 0.049777586628163735 -0.0553239585436687 0.049087828999582549 0.050104959339169974 -0.052241765465312055 -0.050153334650913574 0.049458033475401397 -0.052050756891083044 -0.051201991599674292 -0.050016128768011953 -0.058915578677951788 -0.056016319863276501 -0.051663999676687271 -0.050001857048043566 0.050004502051519885 -0.055484250351270387 -0.050439883847749035 -0.056394549321540526 0.052139948682510942 0.046498478703064963 -0.050974941039715838
leaf_weight=0.085739612625787665 0.559206962585449 0.46322779219183385 7.7218818248576113 1.9823192941161081 1.9283964274524279 0.2939915004326642 0.4056644576668299 0.46135573562611365 0.18947613116311801 0.24155868904199451 0.087015454769812095 0.03821719249861022 0.031356025487184414 1.0231118871663478 0.014863126167700469 0.14956030051693503 0.1064732996842892 0.23597071606649411 0.78681332669518433 0.53791930087909445 0.57757152172950221 0.39708171818214366 0.0043384119341567376 0.0013510952703654766 0.089077311413063742 0.43781816351980207 0.50848200640485797 1.1805595755577087 0.23949399547161765 1.0084807730513368
leaf_count=3065 1 31 2077 1241 1976 187 32 51 158 94 12 19 1 1145 107 109 1806 2313 30229 733 316 1947 170 1 4 8372 820 2 76 10111
internal_value=-0.0115334 -0.00218837 -0.00910542 -0.00109125 0.00912101 0.0227121 -0.0448902 -0.0364673 0.0420656 -0.0471548 -0.0194574 -0.0593892 -0.0581858 -0.059831 0.0505814 0.0404536 -0.0528482 -0.055913 -0.0519386 -0.0576954 -0.0536037 -0.0540815 -0.0509816 -0.0262532 -0.0507878 -0.0512496 -0.0556425 0.0514227 0.0503626 -0.0505547
internal_weight=21.7884 17.2603 14.9271 12.8318 10.4056 8.01587 2.4262 2.38975 2.33316 4.52812 0.772082 2.02054 2.09527 2.06391 2.14368 0.164423 3.75604 0.85963 2.89641 0.623659 1.60068 1.01204 0.530523 0.00568951 1.88437 0.524834 0.614955 1.97926 0.798701 1.79529
internal_count=67206 7529 7076 5583 4291 2264 1292 2027 453 59677 8649 1260 1493 1492 295 216 51028 6111 44917 3798 1461 4573 8555 171 40344 8384 2626 79 77 40340
is_linear=0
shrinkage=0.05


Tree=84
num_leaves=31
num_cat=0
split_feature=15 8 22 3 77 12 46 46 10 1 4 9 11 36 44 45 25 75 15 36 37 4 25 52 6 15 29 15 46 46
split_gain=3.09303 1.61725 1.35548 2.06482 1.35721 1.47581 1.27191 1.26425 1.1778 0.623614 0.433764 0.401873 0.273056 0.266066 0.165737 0.661517 0.110756 0.0879619 0.0724859 0.0448653 0.0548473 0.00980008 0.0048571 0.00393427 0.00322605 0.00160657 0.000695458 0.00058732 0.000176529 0.000144166
threshold=1.8345543146133425 -1.0000000180025095e-35 -0.054021480522351333 2.0563887357711796 -0.74346065521240223 0.59287601709365856 0.8030531406402589 0.8671795427799226 0.87757107615470897 1.7343032956123354 1.8000785708427431 0.89308205246925365 -0.11939110979437827 2.1122438907623295 -0.51242896914482106 0.5869407355785371 2.4865128993988042 0.59456589818000805 1.3350385427474978 2.3782827854156499 1.4645695686340334 1.7372652888298037 1.942211449146271 2.7732875347137456 -0.33768430352210993 2.2448709011077885 2.454533696174622 2.0605258941650395 0.5978488326072694 0.25156641006469732
decision_type=2 2 2 2 2 2 2 2 2 2 2 2 2 2 2 2 2 2 2 2 2 2 2 2 2 2 2 2 2 2
left_child=9 23 4 7 -3 8 -5 16 -6 10 14 -9 -11 -7 15 21 -4 -17 -12 22 -21 -1 -16 24 27 -26 -8 29 -27 -2
right_child=1 2 3 6 5 13 26 11 -10 12 18 -13 -14 -15 19 17 -18 -19 -20 20 -22 -23 -24 -25 25 28 -28 -29 -30 -31
leaf_value=-0.051829790947607937 -0.055167455653396438 -0.073697029618687404 -0.052966643776246582 0.042746479459247963 0.035730086960137415 -0.018104372908699647 -0.051831856842689331 -0.053179215999217856 -0.012853170570455721 0.049336013175108086 -0.050538112135630121 0.049274799773176725 -0.050215436648435245 -0.1042005135298294 -0.051366819809970335 -0.050298646938603531 -0.080346585944362184 0.050570810302020708 0.050032668727125466 0.050009992648555449 -0.050378910292056114 0.049662445184746142 -0.055397607155289824 -0.038599286503618331 -0.051040111885526429 -0.057704491095934146 -0.056259581897115357 -0.051356410282855675 -0.059585571865070124 -0.05015008965164991
leaf_weight=0.82113762743059016 0.17091214870017934 0.38945213987343485 1.8889960019352798 1.6514591672566128 6.4870480376807373 0.14010648920073343 0.1277391546236738 0.12369557976400969 1.5445123587503804 0.26130025935984585 0.020629083180053992 0.42309380912881522 0.093537579355828571 0.24959373474121094 3.5399183679609738 0.023873219275245106 0.45912567295200135 0.22828475135378312 0.13624680611460635 0.023975898977368897 0.031456860994148413 0.0023854138031849095 0.94739230222626769 0.037626785283493169 0.078902076527840981 0.23208487108737724 0.29007166941611917 0.4049509579123689 0.26960756385660106 0.015625885952939456
leaf_count=16421 82 45 384 26 313 63 59 87 223 54 260 19 859 3 46158 522 15 21 26 8 155 3 668 19 123 35 13 357 12 173
internal_value=-0.0113244 0.000915601 0.0057834 -0.0151121 0.0175565 0.0217766 0.0230293 -0.0423754 0.0263873 -0.0412441 -0.045197 0.0260975 0.0230936 -0.0732469 -0.0474867 -0.0298389 -0.0583202 0.0410209 0.0368077 -0.0516656 -0.00695848 -0.0515358 -0.0522178 -0.0545138 -0.0550247 -0.0576723 -0.0549059 -0.0524258 -0.0587154 -0.0547472
internal_weight=21.1147 14.9846 13.7749 4.96418 8.81071 8.42126 2.06927 2.89491 8.03156 6.13014 5.7753 0.546789 0.354838 0.3897 5.61842 1.07568 2.34812 0.252158 0.156876 4.54274 0.0554328 0.823523 4.48731 1.20971 1.17208 0.580595 0.417811 0.591489 0.501692 0.186538
internal_count=67206 2051 1250 603 647 602 98 505 536 65155 64242 106 913 66 63956 16967 399 543 286 46989 163 16424 46826 801 782 170 72 612 47 255
is_linear=0
shrinkage=0.05


Tree=85
num_leaves=31
num_cat=0
split_feature=2 30 2 47 40 12 46 7 18 81 8 40 21 4 12 23 79 10 31 2 6 12 16 74 80 33 81 18 4 16
split_gain=2.55546 1.80413 2.21506 1.38337 1.74975 1.55355 1.5652 1.38473 0.98845 0.953057 0.904283 0.849683 0.584133 0.36744 0.245941 0.273175 0.218087 0.0808041 0.00914865 0.00662469 0.0127001 0.00362639 0.00356866 0.00254632 0.00183274 0.0011041 0.000831083 0.000664706 0.000589187 0.000453743
threshold=0.96634843945503246 0.55620875954628002 1.8023461699485781 0.54282641410827648 1.4196252226829531 0.59287601709365856 0.28362989425659185 0.76048883795738231 1.7134285569190981 -0.48999169468879694 0.91629293560981762 0.68328294157981884 -1.3231406807899473 1.6598433852195742 -2.6092015504837032 1.9457491636276247 1.4141325950622561 0.41572904586791998 2.105034708976746 1.8023461699485781 -0.28103373944759363 -1.2802843451499937 0.61017149686813366 1.7605457305908205 0.44681945443153387 -0.17373570799827573 -0.48999169468879694 0.34095275402069097 -0.54155781865119923 1.8050053119659426
decision_type=2 2 2 2 2 2 2 2 2 2 2 2 2 2 2 2 2 2 2 2 2 2 2 2 2 2 2 2 2 2
left_child=14 9 8 5 7 6 -4 -5 12 22 18 -12 -3 29 15 -1 -14 -6 -10 20 -15 24 -2 26 -16 -26 28 -25 -23 -11
right_child=1 2 3 4 17 -7 -8 -9 10 13 11 -13 16 19 21 -17 -18 -19 -20 -21 -22 23 -24 27 25 -27 -28 -29 -30 -31
leaf_value=-0.050884131011649562 0.044747337508642106 0.049930472728517715 -0.050258116748417951 0.040834748631703763 -0.082210203538682275 -0.095545074471851191 0.038486305489505365 -0.05953195556645699 -0.05266866957039458 -0.050477105032484197 -0.054849156267160165 0.04289411805090515 -0.054255208772627773 -0.05001799802408724 -0.05099144018768479 0.046741026032571124 0.050078021815059784 -0.051989366573097419 -0.066317782096507141 0.04985250347672851 0.050004972019651373 -0.054843873730506448 0.051326468259882546 -0.050122435762125495 -0.050028688187191896 -0.05799816739582319 -0.050501298648125074 -0.055667134647005005 -0.051594457417187573 -0.054008508513311494
leaf_weight=0.15091656333309225 0.23210208680008682 0.1438443937846684 0.56005386709704463 1.3334213050719859 0.26547006189096634 0.26606325048004098 4.402773984780592 0.46298015584476249 0.35966881156185704 0.20064519722887558 0.2906436092274689 0.94614714170433167 3.5889981001033209 0.0050392570846042881 0.14644348361609194 0.13643984899679115 0.050795930474177076 1.3259996137907151 0.18639146490571634 0.11558451568548855 0.0085718987975269556 0.20674072777659447 1.8408383336140839 0.061220425992236038 0.047656250093242036 0.49357334813890585 1.5346656868159674 0.4616392171952573 0.42893688587373979 0.16639497407329401
leaf_count=2325 159 37 349 256 125 50 402 289 577 1843 475 387 6812 144 1809 191 11 650 33 46 6 1284 26 969 1939 375 41512 464 3645 16
internal_value=-0.0111396 -0.00286288 -0.00984639 0.00603519 -0.0188539 0.0221611 0.0284715 0.0149676 -0.0344306 0.0356899 -0.00373657 0.0199246 -0.0488936 -0.0265518 -0.0489386 -0.00453068 -0.0527992 -0.0570304 -0.0573276 0.0459672 0.0129735 -0.0527131 0.0505898 -0.0518856 -0.0559538 -0.0572964 -0.051131 -0.0550179 -0.0526513 -0.052078
internal_weight=20.4207 16.7524 14.1833 8.61676 3.38787 5.22889 4.96283 1.7964 5.56649 2.56918 1.78285 1.23679 3.78364 0.496236 3.66823 0.287356 3.63979 1.59147 0.54606 0.129196 0.0136112 3.38088 2.07294 2.6932 0.687673 0.54123 2.17034 0.52286 0.635678 0.36704
internal_count=67206 12693 10453 2121 1320 801 751 545 8332 2240 1472 862 6860 2055 54513 2516 6823 775 610 196 150 51997 185 47874 4123 2314 46441 1433 4929 1859
is_linear=0
shrinkage=0.05


Tree=86
num_leaves=31
num_cat=0
split_feature=15 8 22 44 28 77 12 47 45 1 4 77 12 52 44 45 74 44 15 21 31 52 25 6 6 46 15 15 46 9
split_gain=2.80291 1.44644 1.21277 1.85831 1.55921 1.20746 1.25743 0.861574 0.718695 0.562752 0.390389 0.358628 0.250029 0.207868 0.149374 0.601158 0.080108 0.0798473 0.0730761 0.0493161 0.0705327 0.00448195 0.0034596 0.00325593 0.00235849 0.0014426 0.00116614 0.000434575 0.000127102 5.41196e-05
threshold=1.8345543146133425 1.0000000180025095e-35 -0.054021480522351333 0.60598376393318187 2.3303308486938481 -0.74346065521240223 0.59287601709365856 0.54282641410827648 0.86702710390090953 1.7343032956123354 1.7372652888298037 0.77440255880355846 0.57274243235588085 2.4744024276733403 -0.55519783496856678 0.5869407355785371 1.2692276239395144 -0.57016718387603749 0.83552274107933056 1.6253590583801272 2.2705498933792119 2.7732875347137456 1.942211449146271 0.54606458544731151 -0.33768430352210993 1.2669001817703249 2.2448709011077885 2.0605258941650395 0.5978488326072694 0.37052002549171453
decision_type=2 2 2 2 2 2 2 2 2 2 2 2 2 2 2 2 2 2 2 2 2 2 2 2 2 2 2 2 2 2
left_child=9 21 5 8 23 -3 7 -7 16 10 14 -6 -11 -8 15 25 -4 -17 -12 22 -21 24 -16 -5 27 -1 -26 -2 -28 -29
right_child=1 2 3 4 11 6 13 -9 -10 12 18 -13 -14 -15 19 17 -18 -19 -20 20 -22 -23 -24 -25 26 -27 28 29 -30 -31
leaf_value=-0.050772610458688576 -0.054264364573435975 -0.071260134660486626 -0.060168673302828782 -0.052427245666509387 0.051260974975323309 0.037676889712252727 -0.016837994506809249 0.002089741249748059 0.047349109973280928 -0.05020131625109478 -0.050424926397575932 0.002216740888360881 0.049085559176766269 -0.094386920879874187 -0.051319339373320283 -0.050269274596638984 -0.020266450291087312 0.050637602613319281 0.049804360001833629 -0.050389552856841026 0.050008995361327614 -0.036412404934900319 -0.054861065501012496 -0.060955455365854318 -0.050936305721645127 -0.057027623199653578 -0.056888836337503884 -0.051933289598340565 -0.058551399434667799 -0.050702269253738975
leaf_weight=0.61881663894000638 0.1702652654163303 0.37040067706325785 1.8471032277654693 0.46438816693468155 1.3358325332919772 4.9931796044114529 0.13230596918254534 2.5793467207369138 0.17830678802469169 0.086249336091073159 0.021253930161887674 0.5170036148351872 0.23943360484722159 0.24911586940288544 3.2022941636589457 0.021646566729435435 0.13497437140829904 0.20782815274742461 0.12596671430373077 0.044211091450043649 0.028947360930033028 0.035337739896187492 0.87869864670980069 0.14745422622945625 0.071829427008768543 0.10831238423673994 0.21352726393067678 0.15193994553382911 0.24902513679247856 0.21650110116386179
leaf_count=15658 255 45 307 174 6 249 65 287 9 753 400 75 160 1 46226 518 30 9 58 673 12 19 672 2 123 16 35 180 12 177
internal_value=-0.0110177 0.000886192 0.00557853 -0.0149497 0.014723 0.0169841 0.0210935 0.0255552 -0.0488017 -0.0409877 -0.0449382 0.037576 0.0227918 -0.0674871 -0.0472506 -0.0294374 -0.0574514 0.041119 0.0353345 -0.0513525 -0.0106638 -0.053933 -0.0520819 -0.0544825 -0.05451 -0.0517044 -0.0568635 -0.0521753 -0.0577839 -0.0512099
internal_weight=19.6415 14.0578 12.9494 4.62506 2.46468 8.32435 7.95395 7.57253 2.16038 5.58366 5.25798 1.85284 0.325683 0.381422 5.11076 0.956604 1.98208 0.229475 0.147221 4.15415 0.0731585 1.10843 4.08099 0.611842 1.07309 0.727129 0.534382 0.538706 0.462552 0.368441
internal_count=67206 2051 1250 603 257 647 602 536 346 65155 64242 81 913 66 63784 16201 337 527 458 47583 685 801 46898 176 782 15674 170 612 47 357
is_linear=0
shrinkage=0.05


Tree=87
num_leaves=31
num_cat=0
split_feature=15 3 30 45 45 45 42 9 64 1 4 12 74 44 45 74 30 44 15 21 31 30 31 67 25 12 46 46 31 76
split_gain=2.67353 1.37766 1.36233 2.06905 1.2988 1.37868 1.07438 0.668872 0.699796 0.534286 0.370489 0.237079 0.167906 0.141351 0.570946 0.0942915 0.151313 0.0758921 0.0694776 0.0466576 0.067077 0.0338899 0.0101367 0.00321745 0.00303687 0.00206036 0.00122891 0.000666363 0.000594979 4.72507e-05
threshold=1.8345543146133425 1.1724488735198977 0.57394781708717357 0.40520516037940985 0.66177266836166393 0.83923202753067028 1.8857456445693972 1.4156441092491152 0.33481119573116308 1.7343032956123354 1.7372652888298037 0.57274243235588085 2.1699775457382207 -0.55519783496856678 0.5869407355785371 1.0235685408115389 -1.0000000180025095e-35 -0.57016718387603749 0.83552274107933056 1.6253590583801272 2.2705498933792119 0.8222889006137849 2.105034708976746 0.70582225918769848 1.942211449146271 -1.7381611466407774 1.2669001817703249 -0.058377344161272042 1.56119841337204 2.2662527561187749
decision_type=2 2 2 2 2 2 2 2 2 2 2 2 2 2 2 2 2 2 2 2 2 2 2 2 2 2 2 2 2 2
left_child=9 7 23 12 6 -6 -5 22 27 10 13 -11 21 14 26 16 -10 -16 -12 24 -21 -4 25 -3 -15 -2 -1 29 -27 -9
right_child=1 2 3 4 5 -7 -8 8 15 11 18 -13 -14 19 17 -17 -18 -19 -20 20 -22 -23 -24 -25 -26 28 -28 -29 -30 -31
leaf_value=-0.050735944717999339 -0.057536515820407308 0.046873807119620303 -0.073696163830311481 0.046609473892459508 -0.054052907750283534 0.0089140705406768588 -0.010659084133139171 -0.050263383215725044 0.050263026796653398 -0.050191494686139065 -0.050404225742239156 0.048875810607563901 -0.0070402853430524314 -0.051229226423633811 -0.050256207897795308 0.050098094864364257 -0.051825585071351557 0.050594652551667667 0.049779414241779514 -0.050370599278213794 0.050008557022886813 -0.056200226885486794 -0.065894487646478317 0.051640185600608617 -0.054625302406327604 -0.051614918326447372 -0.056638191355288026 -0.055634314164572041 -0.054289293092941927 -0.051975807954696356
leaf_weight=0.58905127224013876 0.23567250347614899 0.51584737138797088 0.42828410603057121 2.9193747497487719 1.2133589521601278 3.0658630220257228 1.1382787941289096 0.065238299316743076 0.078084327280521379 0.082058555725169458 0.020225457114978057 0.22870947785240353 0.15450674830103417 3.051340290530216 0.020596069930554961 0.37979198371019152 0.067822638797929616 0.19785586158559454 0.11988181268641149 0.042070316742379599 0.027535816421732306 0.78243041015254533 0.18324525486968912 1.1288812122724605 0.83936039296636078 0.74910064931309006 0.10372037653708333 0.18847862058012788 0.28789501131165562 0.10530999902064764
leaf_count=15658 102 64 25 74 146 496 27 52 1 753 400 160 12 46226 518 19 69 9 58 673 12 261 2 4 672 615 16 40 36 6
internal_value=-0.0108304 0.00086227 0.00806685 0.000933594 0.0102774 -0.00894 0.0305441 -0.0340637 0.000223926 -0.0409002 -0.0448451 0.022717 -0.0561253 -0.0471506 -0.0293948 0.036973 0.00280868 0.0410862 0.0353172 -0.051236 -0.0106611 -0.0623893 -0.0548996 0.0501453 -0.0519619 -0.0533165 -0.0516196 -0.0535853 -0.0523574 -0.0513208
internal_weight=19.0099 13.6875 11.3468 9.7021 8.33688 4.27922 4.05765 2.34064 0.884726 5.32241 5.01164 0.310768 1.36522 4.87153 0.911224 0.525699 0.145907 0.218452 0.140107 3.96031 0.0696061 1.21071 1.45591 1.64473 3.8907 1.27267 0.692772 0.359027 1.037 0.170548
internal_count=67206 2051 1109 1041 743 642 101 942 187 65155 64242 913 298 63784 16201 89 70 527 458 47583 685 286 755 68 46898 753 15674 98 651 58
is_linear=0
shrinkage=0.05


Tree=88
num_leaves=31
num_cat=0
split_feature=0 30 45 45 59 62 12 16 11 13 24 78 74 33 26 67 1 22 12 81 80 33 1 35 11 56 76 47 10 30
split_gain=2.29697 1.69304 1.84329 1.42206 1.31167 1.3794 1.29092 1.20433 0.811248 0.593656 0.167936 0.513484 0.129069 0.193215 0.0703496 0.0354692 0.00628585 0.0461506 0.00220071 0.0019218 0.00117499 0.00101546 0.000529785 0.000507196 0.00192565 0.000307157 0.000271616 0.000186858 0.00404796 0.000153997
threshold=1.2953447103500368 0.55620875954628002 0.37741009891033178 0.66177266836166393 2.6333833932876591 1.2860002517700198 0.59287601709365856 2.140005469322205 -2.2781362533569331 -1.0000000180025095e-35 1.1555989980697634 -0.29661283642053599 2.1699775457382207 1.3084036707878115 -0.17369797825813291 0.31286242604255682 1.1783415079116824 -1.1239438056945799 -1.2802843451499937 -0.48999169468879694 0.44681945443153387 -0.17373570799827573 0.085200257599353804 0.81055423617362987 -0.061492729932069772 -0.70274910330772389 3.65012538433075 1.3141965270042422 -1.3995667099952696 1.143062472343445
decision_type=2 2 2 2 2 2 2 2 2 2 2 2 2 2 2 2 2 2 2 2 2 2 2 2 2 2 2 2 2 2
left_child=10 9 8 6 5 -5 7 -4 -3 -2 18 14 15 -14 -12 -10 23 -18 20 22 -1 -22 25 24 -11 -20 -13 -21 -29 -24
right_child=1 2 3 4 -6 -7 -8 -9 12 16 11 26 13 -15 -16 -17 17 -19 19 27 21 -23 29 -25 -26 -27 -28 28 -30 -31
leaf_value=-0.050865994945543773 -0.05329343744416222 0.048501893848775235 0.035668411291264843 0.01295804753798171 0.0452585170682335 -0.04404162056682117 -0.089235155638452884 -0.053834078006361363 -0.076761735890573432 0.051671654742081824 -0.050260199617278511 -0.050848557632560853 -0.053690551004522274 0.05004727896802167 0.050629783762755731 -0.055941569610683431 0.049384659380459363 -0.050062975324601779 -0.051584671929546091 -0.050316569607970568 -0.050034101167640649 -0.056777731520673363 -0.051279314422345491 0.051702793954435194 0.045849159012182832 -0.054901027516005209 -0.054167911946535065 0.050003511250275051 -0.050001000556313152 -0.053830533438769895
leaf_weight=0.15049529090043479 0.15067979436703449 0.20730037683243718 4.055311627222598 1.5687865591847603 0.75454981962275258 3.2818654760751467 0.25065433088319444 0.41424366976676719 0.22861795377551453 0.46957266330718994 0.019025021083479421 0.46593617605598237 0.12177158096871385 0.071089586395598398 0.18821439769635612 1.9440095273110334 0.11852316360201408 0.012939831102841373 0.084184638402504675 1.3039350204358042 0.064083444407957879 0.43309496885215504 0.2842055662711257 0.95534214377403259 0.20356265200408918 0.40917623820927451 0.07102387398481369 0.0010526695987209669 0.026127088379022445 0.074696709886705293
leaf_count=2148 158 39 928 1557 21 2135 102 153 45 1 233 3378 61 10 3 2025 95 121 1845 43829 2959 423 2418 2 76 781 2 1 1457 200
internal_value=-0.0106518 -0.00196785 -0.00847461 0.000960588 -0.0160673 -0.0256069 0.021181 0.0273732 -0.046341 0.041958 -0.0466213 -0.0254856 -0.0546526 -0.0154523 0.0413679 -0.0581324 0.0501131 0.0395961 -0.0521773 -0.051418 -0.0547368 -0.0559085 -0.0532719 0.0509621 0.0499109 -0.0543351 -0.0512876 -0.050231 -0.0461278 -0.0518103
internal_weight=18.3841 14.8088 12.8982 10.3254 5.6052 4.85065 4.72021 4.46956 2.57279 1.91062 3.57525 0.744199 2.36549 0.192861 0.207239 2.17263 1.75994 0.131463 2.83105 2.18338 0.647674 0.497178 0.852263 1.62848 0.673135 0.493361 0.53696 1.33111 0.0271798 0.358902
internal_count=67206 7529 7076 4896 3713 3692 1183 1081 2180 453 59677 3616 2141 71 236 2070 295 216 56061 50531 5530 3382 5244 79 77 2626 3380 45287 1458 2618
is_linear=0
shrinkage=0.05


Tree=89
num_leaves=31
num_cat=0
split_feature=15 3 30 45 77 40 20 35 1 33 43 10 74 44 45 44 5 36 7 49 34 38 36 22 67 10 6 12 0 14
split_gain=2.46415 1.25266 1.22007 1.83949 1.23734 1.60634 0.877681 0.822499 0.486307 0.359041 0.301833 0.221778 0.153504 0.123711 0.513287 0.0687765 0.0579195 0.0435045 0.0491808 0.0419912 0.0236344 0.00846496 0.00712268 0.0066914 0.00361218 0.00135103 0.000521529 0.00012232 5.20008e-05 1.04105e-05
threshold=1.8345543146133425 1.1724488735198977 0.57394781708717357 0.40520516037940985 0.67321163415908825 1.9666920900344851 1.6050677895545962 1.9620926380157473 1.7343032956123354 1.1525890827178957 1.4976862668991091 -1.316178500652313 2.1699775457382207 -0.51242896914482106 0.5869407355785371 -0.57016718387603749 1.8104516267776491 2.3782827854156499 1.7319334745407107 0.92676109075546276 1.5022787451744082 1.7626243829727175 1.836702883243561 -1.6589050292968748 0.70582225918769848 -0.19364593923091886 -0.20172294229269025 -1.7381611466407774 2.3301833868026738 0.43564611673355108
decision_type=2 2 2 2 2 2 2 2 2 2 2 2 2 2 2 2 2 2 2 2 2 2 2 2 2 2 2 2 2 2
left_child=8 6 24 12 7 -6 22 -5 10 19 13 -10 20 14 21 -16 -12 23 -19 -8 -4 -1 25 -15 -3 27 -27 -2 29 -11
right_child=1 2 3 4 5 -7 9 -9 11 28 16 -13 -14 17 15 -17 -18 18 -20 -21 -22 -23 -24 -25 -26 26 -28 -29 -30 -31
leaf_value=-0.051427399239899432 -0.056856487280522408 0.046196991912701976 -0.067619441990053361 0.047366478895964813 -0.033003986197516363 0.02778267393914462 0.049626283247202828 -0.0063634467759168733 0.048909271762537593 -0.051400604464572203 -0.050462095335552459 -0.050178104021926101 -0.0066968800774970319 -0.041183310585172939 -0.05023004038406275 0.050381253238154546 0.050027703625331189 -0.050278096550949482 0.050009453143791849 0.020138166726918989 -0.053073568715889009 0.048895061058894788 -0.064080051128631507 -0.051850338911184381 0.051479312251979104 -0.051891884924835423 -0.054830012981284232 -0.054666976130202195 -0.052871589926897625 -0.050385789329473241
leaf_weight=0.6440926172109841 0.21214373761276822 0.472962722638404 0.60915497057972134 2.5289121153351073 2.5822859882245086 1.876684537743228 0.26688262666393564 0.99153157695356764 0.21048473306291271 0.053216918067846584 0.016794337301909795 0.077175923281991632 0.14746763636438354 0.1536022631517201 0.018760780083288964 0.1795339080644851 0.098081151044348253 0.026523036342304684 0.022676812950521708 0.22044938055119184 0.51564997787357714 0.0021095442194791749 0.17148867213154506 3.4296253630828679 1.0250727260518031 0.86075009350582821 0.18317645398707783 0.091215960512016914 0.051362704485654831 0.04812655467055902
leaf_count=16424 18 64 103 77 546 87 11 33 26 4 428 887 12 1914 526 26 15 202 8 44 183 8 6 44691 4 653 42 55 1 108
internal_value=-0.0104714 0.000970263 0.0079503 0.00117211 0.0100746 -0.00742019 -0.0337865 0.0322335 -0.04074 0.015324 -0.0446908 0.0223253 -0.0546626 -0.0467443 -0.0295064 0.0408624 0.0353365 -0.0507519 -0.00405434 0.036287 -0.0609511 -0.0510999 -0.0544826 -0.0513931 0.0498116 -0.053261 -0.0524074 -0.0561981 -0.0515755 -0.0509187
internal_weight=17.788 12.9085 10.7497 9.25169 7.97941 4.45897 2.15881 3.52044 4.87946 0.640038 4.5918 0.287661 1.27227 4.47692 0.844497 0.198295 0.114875 3.63243 0.0491998 0.487332 1.1248 0.646202 1.51877 3.58323 1.49804 1.34729 1.04393 0.30336 0.152706 0.101343
internal_count=67206 2051 1109 1041 743 633 942 110 65155 168 64242 913 298 63799 16984 552 443 46815 210 55 286 16432 774 46605 68 768 695 73 113 112
is_linear=0
shrinkage=0.05


Tree=90
num_leaves=31
num_cat=0
split_feature=0 30 45 45 59 62 12 2 11 13 4 19 74 33 46 35 29 65 12 22 44 81 80 34 1 1 52 0 43 56
split_gain=2.09403 1.51451 1.65212 1.25509 1.18021 1.25959 1.17809 1.26613 0.722337 0.535159 0.195696 0.46322 0.120425 0.182828 0.0249169 0.00568918 0.0073222 0.0529065 0.00138602 0.00119808 0.00303896 0.000993954 0.00098795 0.000761277 0.000521754 0.00027337 0.0019362 0.000252914 0.000238236 0.000224835
threshold=1.2953447103500368 0.55620875954628002 0.37741009891033178 0.66177266836166393 2.6333833932876591 1.2860002517700198 0.59287601709365856 1.9163455963134768 -2.2781362533569331 -1.0000000180025095e-35 0.9192260503768922 0.12148151546716691 2.1699775457382207 1.3084036707878115 1.115134656429291 0.73834535479545604 1.3249732255935671 0.19320631772279742 -1.2802843451499937 -1.7658972740173338 0.44346125423908239 -0.48999169468879694 0.44681945443153387 -0.17380862683057782 0.085200257599353804 1.099454998970032 0.046093560755252845 1.2613434791564944 -1.8787505626678465 -0.70274910330772389
decision_type=2 2 2 2 2 2 2 2 2 2 2 2 2 2 2 2 2 2 2 2 2 2 2 2 2 2 2 2 2 2
left_child=10 9 8 6 5 -5 7 -4 -3 -2 18 -12 14 -14 -10 16 17 -11 22 20 -13 24 -1 -24 29 -17 -27 -23 -21 -20
right_child=1 2 3 4 -6 -7 -8 -9 12 15 11 19 13 -15 -16 25 -18 -19 21 28 -22 27 23 -25 -26 26 -28 -29 -30 -31
leaf_value=-0.05082037002149653 -0.052968217634385709 0.048231681473521693 -0.017879129760163738 0.012823128658737446 0.044621331644355694 -0.042673085430837802 -0.085678091144803459 0.04342558327118172 -0.055314039484178984 0.05022735657784716 0.047795026301421989 0.050003480989346351 -0.053509812960050619 0.050038077270416148 -0.073259765110561106 0.051535788383489448 0.050369110713547251 -0.050115788943410233 -0.051434721397817074 -0.053656356422080088 -0.050001269640131879 -0.050398546084419071 -0.050033074101239729 -0.056060818007051649 -0.051167126960910331 0.04316122896237741 0.051390250741855263 -0.05349452546783106 -0.050310566904135816 -0.054411355241650118
leaf_weight=0.17189774213870895 0.13731294223001245 0.18880304186375418 1.1598083711108005 1.5175407457423502 0.71048074160626118 3.1340313994053655 0.24708542299465808 3.0758831581532515 1.7806402767510645 0.06759072095156464 0.17538299901889332 0.0010434269206598045 0.11399715228461296 0.068090699695339846 0.21699583928116473 0.86723512411117532 0.10917191150410588 0.016305269402851777 0.07637656909466628 0.064316494915203748 0.0027934236344811861 1.2647620331343923 0.060335126928869054 0.39732548715318172 0.28267124043631209 0.084717951929176194 0.45751144519694853 0.069595189017983672 0.30795720594257375 0.37449214212732029
leaf_count=2708 158 39 910 1557 21 2135 102 171 2023 1 60 1 61 10 47 2 2 163 1845 28 156 40117 2968 435 1947 105 22 227 8404 781
internal_value=-0.0102973 -0.00187939 -0.00809677 0.000923254 -0.0154002 -0.0245679 0.0204485 0.0266393 -0.0455887 0.0417653 -0.0464496 -0.0193104 -0.0537152 -0.0147887 -0.0572634 0.0498826 0.0418332 0.0307256 -0.0519981 -0.0506021 -0.0228051 -0.0513728 -0.0540523 -0.0552662 -0.0528513 0.0509852 0.0501045 -0.05056 -0.0508886 -0.0539071
internal_weight=17.2022 13.9532 12.2134 9.84483 5.36205 4.65157 4.48278 4.23569 2.36853 1.73985 3.24895 0.551494 2.17972 0.182088 1.99764 1.60253 0.193068 0.083896 2.69746 0.376111 0.00383685 2.0679 0.629558 0.457661 0.73354 1.40946 0.542229 1.33436 0.372274 0.450869
internal_count=67206 7529 7076 4896 3713 3692 1183 1081 2180 453 59677 8649 2141 71 2070 295 166 164 51028 8589 157 44917 6111 3403 4573 129 127 40344 8432 2626
is_linear=0
shrinkage=0.05


Tree=91
num_leaves=31
num_cat=0
split_feature=15 8 34 45 55 38 42 43 1 4 5 44 45 46 15 44 21 57 36 12 4 11 6 42 46 6 30 15 43 32
split_gain=2.2377 1.1847 0.995375 1.07426 1.70206 1.07015 0.953476 1.10931 0.472827 0.29873 0.209374 0.113484 0.466019 0.0931773 0.063565 0.0620235 0.0493614 0.0638953 0.00324277 0.00394282 0.00200612 0.00135641 0.00119793 0.000885339 0.000665543 0.000283481 0.000254244 0.000218204 4.51371e-05 3.99201e-05
threshold=1.8345543146133425 1.0000000180025095e-35 2.1521906852722172 0.40520516037940985 0.79659029841423046 0.8300367295742036 1.9052409529685976 1.0122834444046023 1.7343032956123354 1.7372652888298037 0.81289052963256847 -0.55519783496856678 0.5869407355785371 -1.2212018370628355 0.83552274107933056 -0.57016718387603749 1.6253590583801272 1.9322314858436587 1.7321875095367434 -2.6092015504837032 1.6598433852195742 -0.25172844529151911 -0.33768430352210993 2.1001949310302739 1.2669001817703249 -0.29236386716365809 -0.076469421386718736 2.0605258941650395 0.89467459917068493 2.4534031152725224
decision_type=2 2 2 2 2 2 2 2 2 2 2 2 2 2 2 2 2 2 2 2 2 2 2 2 2 2 2 2 2 2
left_child=8 18 3 4 5 -3 7 -5 9 11 -10 12 24 -6 -11 -14 20 -18 22 -20 -13 -4 27 -23 -1 29 -27 -2 -29 -24
right_child=1 2 21 6 13 -7 -8 -9 10 14 -12 16 15 -15 -16 -17 17 -19 19 -21 -22 23 25 -25 -26 26 -28 28 -30 -31
leaf_value=-0.050599888952585728 -0.053416703013643957 -0.039331174608167235 -0.05490539225020822 0.036468586482523248 -0.0022007184298365031 0.051002458865513661 -0.018794739713592662 -0.022250398055330654 0.048887390875344036 -0.050422597794103768 -0.050164934613791061 -0.051792821724549409 -0.05020901430584384 -0.057107578401152603 0.049711076387411707 0.050454767752608556 -0.050353181093830225 0.050008033972938098 -0.024649384877563324 -0.051658708927701961 -0.044625869985558508 -0.051318994196104556 -0.055904173351871082 -0.041369055741344432 -0.055341383831057939 -0.055240035221955967 -0.050760179790661608 -0.050512005158937584 -0.051738658632160463 -0.057102846125351304
leaf_weight=0.482544531363445 0.14235552830034304 0.48657434050073201 0.51748209322282712 5.279976327656132 0.081770737843515406 1.0051054917642024 1.3522943019124767 0.94888046127513082 0.20422938335468682 0.018847615182438049 0.072213910176303242 3.169677577741679 0.016888465731472735 1.4030305216427057 0.099612293404516494 0.16290201828633144 0.037150269878162834 0.027671857014198054 0.02186922391410917 0.035358132688953714 0.10074332086215676 0.12263522948890659 0.1917386034606352 0.027341106149833649 0.087416550925468073 0.085866013468421917 0.050179227293354736 0.17226459738256678 0.13281483595635213 0.10891478508710861
leaf_count=15658 233 145 30 309 32 16 29 261 41 400 872 46653 518 318 58 9 672 13 4 67 245 101 56 9 16 5 100 269 66 1
internal_value=-0.0101183 0.00100582 0.00552413 0.00926779 -0.0161863 0.0215363 0.0192615 0.0275236 -0.0403289 -0.0444946 0.0230124 -0.0467644 -0.0291873 -0.0540838 0.0337793 0.040999 -0.0507157 -0.00751008 -0.0528719 -0.0413372 -0.051572 -0.053692 -0.0536185 -0.0495051 -0.0513271 -0.0554815 -0.0535877 -0.0518003 -0.051046 -0.0563384
internal_weight=16.6463 12.1665 11.2251 10.5576 2.97648 1.49168 7.58115 6.22886 4.4799 4.20345 0.276443 4.08499 0.749752 1.4848 0.11846 0.17979 3.33524 0.0648221 0.941361 0.0572274 3.27042 0.667458 0.884134 0.149976 0.569961 0.436699 0.136045 0.447435 0.305079 0.300653
internal_count=67206 2051 1250 1110 511 161 599 570 65155 64242 913 63784 16201 350 458 527 47583 685 801 71 46898 140 730 110 15674 162 105 568 335 57
is_linear=0
shrinkage=0.05


Tree=92
num_leaves=31
num_cat=0
split_feature=15 8 34 45 55 57 12 77 1 43 11 74 25 44 45 44 5 36 7 38 22 52 11 42 6 15 15 44 9 9
split_gain=2.13436 1.11928 0.937522 0.992771 1.59838 1.0198 0.92955 1.22327 0.449082 0.257187 0.198648 0.196364 0.160554 0.105038 0.440965 0.0591035 0.0520468 0.0420108 0.0448926 0.00777261 0.00697115 0.00470158 0.00128079 0.000985188 0.000980087 0.000530839 0.000183747 4.90102e-05 4.48445e-05 3.88182e-05
threshold=1.8345543146133425 -1.0000000180025095e-35 2.1521906852722172 0.40520516037940985 0.79659029841423046 0.73610416054725658 0.59287601709365856 0.67321163415908825 1.7343032956123354 1.4976862668991091 -0.11939110979437827 1.7605457305908205 1.942211449146271 -0.51242896914482106 0.5869407355785371 -0.57016718387603749 1.8104516267776491 2.3782827854156499 1.7319334745407107 1.7626243829727175 -1.6589050292968748 2.7732875347137456 -0.25172844529151911 2.1001949310302739 -0.33768430352210993 2.2448709011077885 2.0605258941650395 0.14835406094789508 0.37052002549171453 1.379186272621155
decision_type=2 2 2 2 2 2 2 2 2 2 2 2 2 2 2 2 2 2 2 2 2 2 2 2 2 2 2 2 2 2
left_child=8 21 3 4 5 -3 7 -5 9 13 -10 -6 -8 14 19 -16 -11 20 -19 -1 -15 24 -4 -24 26 -26 27 -2 -28 -27
right_child=1 2 22 6 11 -7 12 -9 10 16 -12 -13 -14 17 15 -17 -18 18 -20 -21 -22 -23 23 -25 25 29 28 -29 -30 -31
leaf_value=-0.051231381932243136 -0.053523105004597449 -0.053003262112071715 -0.054646985932729979 0.044123606383038583 -0.058596269047540922 0.045281249601777485 -0.079387627659428348 0.0025498260232930722 0.048693764954001378 -0.050427640996344572 -0.050153661240487285 0.012371025344270571 -0.0028350208525378803 -0.040104866241481324 -0.050197679634189973 0.050263787018796524 0.050023961581439097 -0.050241205598107068 0.050008928988681402 0.048846156559460618 -0.051569652395049806 -0.034852852605703685 -0.051253496052987825 -0.040575611111532114 -0.050650554263641991 -0.056260168757278239 -0.051702522813330945 -0.050107816985798852 -0.050473655476663215 -0.055231372742535138
leaf_weight=0.55614876108940947 0.12462012353300431 0.34892053347029817 0.49451296014081514 3.4220691419859257 1.3254708969387934 1.0834899967941509 0.26745866255681949 3.6637566552496539 0.19505337273441264 0.015206920162280091 0.068738924132524082 0.1052104581308565 0.092069881281700461 0.1387382907869309 0.016164188174096594 0.15530725618600627 0.084817248415197888 0.023338176862826798 0.021413458045572042 0.0019469338312774189 2.9922405517909443 0.035670444796467193 0.11679955291067301 0.026503485685680062 0.058390469850908677 0.19715269473207783 0.13382081397161996 0.011471351135751012 0.16674681084526491 0.17140179616203469
leaf_count=16424 62 115 30 114 336 46 33 403 54 428 859 14 49 1914 526 26 15 202 8 8 44691 19 101 9 123 26 180 193 177 21
internal_value=-0.00994321 0.000980876 0.00538617 0.00902598 -0.0159961 0.0213401 0.0186481 0.0226277 -0.0402543 -0.0444161 0.0229361 -0.0533774 -0.0597837 -0.0464438 -0.0293355 0.0407935 0.0347521 -0.0503741 -0.00227196 -0.0508823 -0.0510616 -0.0526417 -0.0534408 -0.0492787 -0.0533765 -0.05508 -0.0517109 -0.0532352 -0.0510208 -0.0557817
internal_weight=16.1147 11.8455 10.9463 10.3084 2.86309 1.43241 7.44535 7.08583 4.26911 4.00532 0.263792 1.43068 0.359529 3.9053 0.729567 0.171471 0.100024 3.17573 0.0447516 0.558096 3.13098 0.899275 0.637816 0.143303 0.863604 0.426945 0.436659 0.136091 0.300568 0.368554
internal_count=67206 2051 1250 1110 511 161 599 517 65155 64242 913 350 82 63799 16984 552 443 46815 210 16432 46605 801 140 110 782 170 612 255 357 47
is_linear=0
shrinkage=0.05


Tree=93
num_leaves=31
num_cat=0
split_feature=15 3 30 45 77 40 20 35 1 33 43 5 74 21 10 36 75 49 34 29 36 21 79 10 22 6 56 0 9 45
split_gain=2.03421 1.05033 1.01222 1.43651 1.02507 1.39985 0.737945 0.70532 0.426253 0.306513 0.243998 0.189326 0.143118 0.102508 0.520384 0.0720839 0.0495038 0.036878 0.0129515 0.00388692 0.00364744 0.00303339 0.00114301 0.000846209 0.000668988 0.000377986 8.50298e-05 4.00445e-05 1.38729e-05 6.01496e-06
threshold=1.8345543146133425 1.1724488735198977 0.57394781708717357 0.40520516037940985 0.67321163415908825 1.9666920900344851 1.6050677895545962 1.9620926380157473 1.7343032956123354 1.1525890827178957 1.4976862668991091 0.81289052963256847 2.1699775457382207 0.93925926089286815 -1.3995667099952696 2.3782827854156499 2.1226571798324589 0.92676109075546276 1.5022787451744082 0.94056820869445812 1.836702883243561 0.94925287365913402 0.94086700677871715 -0.19364593923091886 -1.0169515609741209 -0.20172294229269025 1.2955746650695803 2.3301833868026738 -1.1971660852432249 0.011801221407949926
decision_type=2 2 2 2 2 2 2 2 2 2 2 2 2 2 2 2 2 2 2 2 2 2 2 2 2 2 2 2 2 2
left_child=8 6 19 12 7 -6 20 -5 10 17 13 -10 18 22 21 -16 -12 -8 -4 -3 23 -15 26 28 -24 -25 -1 29 -2 -11
right_child=1 2 3 4 5 -7 9 -9 11 27 16 -13 -14 14 15 -17 -18 -19 -20 -21 -22 -23 24 25 -26 -27 -28 -29 -30 -31
leaf_value=-0.050035008938397775 -0.055530924681968678 0.045236680944978513 -0.063849444884281778 0.046622636709555826 -0.031249752739670983 0.027495005041281453 0.049446573729695853 -0.0051719479294296882 0.04860603376874862 -0.050338265610116111 -0.050406728080849811 -0.050149281491724242 -0.0038354334893328096 0.050491024357550963 -0.051022917181050953 0.03885339433240919 0.050022792628714598 0.0198965130118346 -0.052200703839219535 0.051214706814873882 -0.061130261292769932 0.029206849334637127 -0.048869778863727835 -0.051594453362714149 -0.052872343771264596 -0.054244829683118806 -0.050808884667012492 -0.052598612217331392 -0.054771420994358382 -0.051177492588154433
leaf_weight=0.65645106924128249 0.1793450297881527 0.39633078793076104 0.53532515613672849 2.1822567316791703 2.4415204294564958 1.7345824610861154 0.22623334685086147 0.94059560048354862 0.18612139968536201 0.040378550063568594 0.014471120127871925 0.065650895420622302 0.13578781132259132 0.14747285261364598 0.82922627737654564 0.022926194255503907 0.080682500283252481 0.19797761091335322 0.43051772682228917 0.86617645542265642 0.14896018564672875 0.018883451239799814 0.11471067126744783 0.7310680441436479 1.1609386302371603 0.16486052716354438 0.77282989521463896 0.046963725239038467 0.090445154433987707 0.045308195673985488
leaf_count=38230 13 51 103 77 546 87 11 33 41 93 425 872 12 2 11803 149 18 44 183 17 6 219 1632 653 9065 42 2699 1 60 19
internal_value=-0.0097692 0.000954664 0.00759473 0.00132121 0.00935384 -0.00684958 -0.0333292 0.0310222 -0.0401586 0.0149121 -0.0443133 0.0228551 -0.0518997 -0.0463337 -0.0328139 -0.0486049 0.0347493 0.0356557 -0.0586571 0.0493381 -0.0537628 0.048075 -0.0514245 -0.0528214 -0.0525124 -0.0520822 -0.0504535 -0.0514252 -0.0552763 -0.050782
internal_weight=15.605 11.5346 9.66309 8.40059 7.29896 4.1761 1.87154 3.12285 4.07036 0.556861 3.81859 0.251772 1.10163 3.72344 1.01851 0.852152 0.0951536 0.424211 0.965843 1.26251 1.31468 0.166356 2.70493 1.16572 1.27565 0.895929 1.42928 0.13265 0.26979 0.0856867
internal_count=67206 2051 1109 1041 743 633 942 110 65155 168 64242 913 298 63799 12173 11952 443 55 286 68 774 221 51626 768 10697 695 40929 113 73 112
is_linear=0
shrinkage=0.05


Tree=94
num_leaves=31
num_cat=0
split_feature=15 3 34 47 7 12 40 7 20 47 1 74 4 12 44 39 44 15 34 7 25 31 4 16 61 10 74 6 16 47
split_gain=1.93956 0.98804 0.990342 0.889266 1.51331 1.07949 1.06145 0.964869 0.701625 0.699996 0.404742 0.293198 0.258691 0.180077 0.0960002 0.376093 0.0771628 0.0550426 0.0396584 0.025717 0.0759294 0.00307614 0.00239022 0.00119426 0.00236824 0.000720077 0.000386539 0.00032265 0.000199771 1.3452e-05
threshold=1.8345543146133425 1.1724488735198977 2.1521906852722172 0.63898074626922619 0.5915420949459077 0.59287601709365856 1.4196252226829531 0.12693802639842036 1.6050677895545962 1.2372730970382693 1.7343032956123354 0.85979580879211437 1.7372652888298037 0.57274243235588085 -0.55519783496856678 0.70775479078292858 -0.57016718387603749 0.83552274107933056 0.54451447725296032 1.7319334745407107 1.6369763016700747 2.105034708976746 1.6598433852195742 1.0605605840682986 1.6189224123954775 -0.19364593923091886 3.6439321041107182 -0.20172294229269025 2.106505393981934 -2.6751325130462642
decision_type=2 2 2 2 2 2 2 2 2 2 2 2 2 2 2 2 2 2 2 2 2 2 2 2 2 2 2 2 2 2
left_child=10 8 3 5 6 7 -5 -3 21 -6 12 29 14 -12 15 26 -17 -14 -13 22 -21 25 -16 24 -4 -2 -1 -27 -25 -10
right_child=1 2 23 4 9 -7 -8 -9 11 -11 13 18 17 -15 19 16 -18 -19 -20 20 -22 -23 -24 28 -26 27 -28 -29 -30 -31
leaf_value=-0.050500738274619796 -0.054993551329400626 -0.050426773768492056 -0.029197837297083581 0.040730433403286789 -0.059909055796247439 -0.076087984548029813 -0.04924135274121022 0.036203827914202139 -0.051944724820146851 0.021195726308197313 -0.050141838704407096 0.050245504912874411 -0.050360588018366736 0.048465174624962096 -0.051568024636785781 -0.050663585780620413 0.050377018016724485 0.049677354313038879 0.019101673445796375 -0.050395426549593225 0.049798141361955907 -0.06046123830533158 -0.043221608582509632 -0.05278551682597904 -0.051308404279797354 -0.051516679893827036 -0.054262733200166717 -0.05402298040304554 -0.054721234997703844 -0.050806496628242673
leaf_weight=0.40303583904790846 0.2579184435071401 0.34559392046418658 0.01457574680874392 1.5709102406552811 1.2869421209233696 0.2513112193932362 0.41425859825994327 4.5939667339270729 0.036036700010299683 0.33536419722163202 0.062614750794085738 0.21374237052261688 0.016338286365160798 0.17770017241387193 2.6983670183156501 0.021832069481035887 0.14047373561194121 0.086804158136992465 0.1959095449962637 0.076803981687321721 0.025084989661755097 0.14332630522949341 0.088594632931954798 0.23104244557901982 0.071606539208328088 0.69631648814584268 0.082207803360346554 0.15744788192598569 0.31502222283542264 0.092810999723485832
leaf_count=15750 73 123 36 131 197 40 96 275 1 73 753 8 400 160 45520 316 13 58 42 1755 64 3 244 29 89 656 122 42 20 117
internal_value=-0.00959908 0.000935287 0.00740468 0.0117481 -0.0073198 0.0249997 0.0219554 0.0301428 -0.033082 -0.043143 -0.0400741 0.0146601 -0.0442238 0.0227728 -0.0465004 -0.0291003 0.0367858 0.0338308 0.0353515 -0.0504007 -0.0257278 -0.0535671 -0.0513027 -0.0530389 -0.0475689 -0.0526783 -0.0511381 -0.0519789 -0.0539022 -0.0511248
internal_weight=15.104 11.2241 9.43059 8.79835 3.60748 5.19087 1.98517 4.93956 1.79351 1.62231 3.87986 0.5385 3.63954 0.240315 3.5364 0.647549 0.162306 0.103142 0.409652 2.88885 0.101889 1.25501 2.78696 0.632247 0.0861823 1.11168 0.485244 0.853764 0.546065 0.128848
internal_count=67206 2051 1109 935 497 438 227 398 942 270 65155 168 64242 913 63784 16201 329 458 50 47583 1819 774 45764 174 125 771 15872 698 49 118
is_linear=0
shrinkage=0.05


Tree=95
num_leaves=31
num_cat=0
split_feature=15 8 22 3 46 46 12 77 50 1 9 4 11 18 46 44 45 15 44 21 31 52 4 6 46 15 54 15 46 9
split_gain=1.84721 0.985773 0.862572 1.2464 0.846198 0.80697 0.761257 0.82868 0.819391 0.384504 0.308612 0.245622 0.171434 0.129157 0.0986064 0.0908735 0.379982 0.0523224 0.0506717 0.0429787 0.0537362 0.00515436 0.00262844 0.000589284 0.000361327 0.000356145 0.000212834 0.000155091 4.04393e-05 3.85504e-05
threshold=1.8345543146133425 -1.0000000180025095e-35 -0.054021480522351333 2.0563887357711796 0.8030531406402589 0.8671795427799226 0.59287601709365856 -0.74346065521240223 2.6617178916931157 1.7343032956123354 0.89308205246925365 1.7372652888298037 -0.11939110979437827 0.5728665590286256 -1.2212018370628355 -0.55519783496856678 0.5869407355785371 0.83552274107933056 -0.57016718387603749 1.6253590583801272 2.2705498933792119 2.7732875347137456 1.6598433852195742 -0.33768430352210993 1.2669001817703249 2.2448709011077885 2.4412448406219487 2.0605258941650395 0.25156641006469732 0.37052002549171453
decision_type=2 2 2 2 2 2 2 2 2 2 2 2 2 2 2 2 2 2 2 2 2 2 2 2 2 2 2 2 2 2
left_child=9 21 6 5 -5 14 7 -3 -9 11 -7 15 -11 -8 -4 16 24 -13 -18 22 -21 23 -17 27 -1 -25 -6 28 -2 -29
right_child=1 2 3 4 26 10 13 8 -10 12 -12 17 -14 -15 -16 19 18 -19 -20 20 -22 -23 -24 25 -26 -27 -28 29 -30 -31
leaf_value=-0.050491834172443698 -0.053312003587459515 -0.06216569681593246 0.0032925658098166017 0.040031917736967515 -0.051313909327637956 -0.05226709591834805 -0.0083870818213318647 0.028957484435077382 -0.048781307840042226 0.04834308317477648 0.048599711012911787 -0.050343000129522919 -0.050131057980462038 -0.076541873978043212 -0.057123340649881886 -0.051475897935424036 -0.050171566691928106 0.049640795817859601 0.050331123545700657 -0.050288560572341393 0.050007023737934801 -0.03316899077314614 -0.042569362084475725 -0.050548075887543766 -0.054313810458266942 -0.054985967958009668 -0.054176295836451172 -0.05158028068090751 -0.050099531427663893 -0.050379780064974705
leaf_weight=0.39570113130638329 0.11782065955565632 0.29182524662568798 0.070481169718579539 1.1693248145522468 0.093412724922456447 0.10063834524337512 0.09764603564319152 5.4968440094503253 0.36124170846615911 0.16964230211347522 0.30765618001076689 0.015546751334994266 0.059768635302906187 0.24127113213293683 1.6168457112720069 2.6131288170298492 0.013839438766794387 0.082629980346070289 0.13372640448642414 0.030403225985492166 0.023816804983653128 0.034352219102788961 0.085548076822126506 0.052474386485802937 0.073293439087699142 0.3264612072891433 0.21307383250363188 0.12412190503289336 0.010684763177349704 0.14498303221755279
leaf_count=15658 82 42 61 26 51 87 31 497 39 54 19 400 859 38 338 46653 518 58 9 673 12 19 245 123 16 47 21 180 173 177
internal_value=-0.00947241 0.000910404 0.00518504 -0.0145494 0.0206486 -0.0393371 0.0160468 0.0200672 0.0241637 -0.0400031 0.0237376 -0.0441505 0.0226875 -0.0569057 -0.0545997 -0.046422 -0.0290714 0.0338079 0.0409055 -0.050308 -0.00623251 -0.0521221 -0.0511936 -0.0529605 -0.0510891 -0.0543714 -0.0533039 -0.0516159 -0.0530449 -0.0509335
internal_weight=14.5682 10.8712 10.0603 3.57143 1.47581 2.09562 6.48883 6.14991 5.85809 3.69705 0.408295 3.46763 0.229411 0.338917 1.68733 3.36946 0.61656 0.0981767 0.147566 2.7529 0.05422 0.810898 2.69868 0.776546 0.468995 0.378936 0.306487 0.39761 0.128505 0.269105
internal_count=67206 2051 1250 603 98 505 647 578 536 65155 106 64242 913 69 399 63784 16201 458 527 47583 685 801 46898 782 15674 170 72 612 255 357
is_linear=0
shrinkage=0.05


Tree=96
num_leaves=31
num_cat=0
split_feature=15 8 34 3 1 43 7 20 1 74 4 10 21 10 36 15 52 36 11 32 79 6 15 12 15 56 46 20 46 5
split_gain=1.76061 0.931387 0.791958 0.86889 0.737351 0.727277 0.680222 0.585089 0.365296 0.268566 0.233222 0.163511 0.0846937 0.428175 0.0661719 0.0497338 0.00548919 0.00287475 0.00110817 0.00137741 0.000815238 0.000506233 0.000303527 0.000218061 0.000134465 5.39178e-05 3.45859e-05 3.44861e-05 2.21649e-05 8.70238e-06
threshold=1.8345543146133425 1.0000000180025095e-35 2.1521906852722172 1.1724488735198977 1.5164263248443606 -0.61499243974685658 0.52818679809570324 1.6050677895545962 1.7343032956123354 0.85979580879211437 1.7372652888298037 -1.316178500652313 0.93925926089286815 -1.3995667099952696 2.3782827854156499 0.83552274107933056 2.7732875347137456 1.836702883243561 -0.25172844529151911 2.1519973278045659 0.94086700677871715 -0.33768430352210993 2.2448709011077885 0.60923457145690929 2.0605258941650395 1.2955746650695803 0.25156641006469732 0.12261340022087099 0.5978488326072694 2.2333935499191289
decision_type=2 2 2 2 2 2 2 2 2 2 2 2 2 2 2 2 2 2 2 2 2 2 2 2 2 2 2 2 2 2
left_child=8 16 3 7 5 -5 -6 17 10 -9 12 -10 20 -14 -15 -12 21 -3 -4 -20 25 24 -23 -22 26 -1 -2 -26 -24 -17
right_child=1 2 18 4 6 -7 -8 9 11 -11 15 -13 13 14 -16 29 -18 -19 19 -21 23 22 28 -25 27 -27 -28 -29 -30 -31
leaf_value=-0.050030160734070878 -0.053140247872737238 -0.052316300328709091 -0.053964388313946766 -0.048643669589697375 0.011932053711622925 0.02781008061099316 -0.048924919622906467 -0.051032833099663902 0.048261977311282393 0.034820865116044548 -0.050326273680865924 -0.050127818911191883 0.047742441144496481 -0.050759153922312075 0.044237155674000529 0.048941619942537734 -0.032162314365184352 -0.060146298480023501 -0.051105906176426567 -0.037575448125010895 -0.052320304799970886 -0.050521472610913512 -0.054267020217068918 -0.044575119907044908 -0.051500957460176203 -0.050694734179459425 -0.050094675058330568 -0.050337448140372311 -0.055112042771470138 0.050020310614713216
leaf_weight=0.56370364682818852 0.11242755860333892 0.71390487449923368 0.43249388621938267 0.32924006978223719 1.1671279802296 5.6328620745400224 0.75697055990114859 0.11952538810515928 0.1618995183671359 0.38289952024216772 0.01479331896668562 0.057126507393897241 0.13807718789237411 0.70843557528071155 0.018818538884772806 0.0306048900432912 0.033673704452139464 0.14025375185883604 0.1031221110198639 0.023005739938525949 1.1065947968002279 0.049940802453321109 0.14481175297208429 0.0091629388586828009 0.11824566822665072 0.66553629900006228 0.010164621772746074 0.13802520815179797 0.16719978958745227 0.048057266511023045
leaf_count=38201 82 311 30 19 58 302 250 118 26 50 400 887 213 11725 101 50 19 2 100 10 10079 123 35 788 180 2677 173 177 12 8
internal_value=-0.00931819 0.000879411 0.00505041 0.0085445 0.0149028 0.0235881 -0.01201 -0.028418 -0.0399326 0.0143965 -0.0440782 0.0225999 -0.0463448 -0.0329758 -0.048301 0.0337829 -0.0519059 -0.053602 -0.0527618 -0.0486379 -0.0512782 -0.0528033 -0.0541406 -0.0522567 -0.0515258 -0.05039 -0.0528877 -0.0508743 -0.0547198 0.0496006
internal_weight=14.0987 10.5759 9.80141 9.24278 7.8862 5.9621 1.9241 1.35658 3.52281 0.502425 3.30378 0.219026 3.21033 0.865331 0.727254 0.0934555 0.774489 0.854159 0.558622 0.126128 2.345 0.740815 0.361952 1.11576 0.378863 1.22924 0.122592 0.256271 0.312012 0.0786622
internal_count=67206 2051 1250 1110 629 321 308 481 65155 168 64242 913 63784 12039 11826 458 801 313 140 110 51745 782 170 10867 612 40878 255 357 47 58
is_linear=0
shrinkage=0.05


Tree=97
num_leaves=31
num_cat=0
split_feature=15 8 22 3 27 46 12 47 62 79 1 20 4 12 17 46 21 21 36 15 24 52 79 6 15 12 15 41 56 16
split_gain=1.67904 0.879658 0.789706 1.15333 0.75596 0.72765 0.704909 0.781367 1.16354 0.564508 0.346985 0.294126 0.221408 0.155472 0.123408 0.0862763 0.0811774 0.383265 0.0635173 0.0472704 0.0283263 0.00584062 0.000696816 0.000435479 0.000258778 0.000229653 0.000116855 7.61548e-05 4.63801e-05 3.2756e-05
threshold=1.8345543146133425 1.0000000180025095e-35 -0.054021480522351333 2.0563887357711796 -0.53501522541046131 0.8671795427799226 0.59287601709365856 0.54282641410827648 1.2860002517700198 0.056207420304417617 1.7343032956123354 1.2647920250892641 1.7372652888298037 0.57274243235588085 -0.86455801129341114 -0.94973352551460255 0.93925926089286815 0.97154623270034801 2.3782827854156499 0.83552274107933056 0.82582664489746105 2.7732875347137456 0.94086700677871715 -0.33768430352210993 2.2448709011077885 0.60923457145690929 2.0605258941650395 1.6627559661865237 1.2955746650695803 0.76278275251388561
decision_type=2 2 2 2 2 2 2 2 2 2 2 2 2 2 2 2 2 2 2 2 2 2 2 2 2 2 2 2 2 2
left_child=10 21 6 5 27 15 7 9 -9 -3 12 -7 16 -12 -8 -4 22 20 -19 -14 -18 23 28 26 -25 -24 -2 -5 -1 -28
right_child=1 2 3 4 -6 11 14 8 -10 -11 13 -13 19 -15 -16 -17 17 18 -20 -21 -22 -23 25 24 -26 -27 29 -29 -30 -31
leaf_value=-0.050028708046159512 -0.052739090619557595 -0.0035074741940530722 -0.0067041930625749762 -0.052223899620508385 0.038797855805854077 -0.052228076150095962 -0.0072142532970722586 0.031785649002935977 -0.040513843319000042 0.043945036684198441 -0.050121593367859985 0.04827972458645937 -0.050310359497754614 0.048100240458176596 -0.074921463868819024 -0.056993955461338897 -0.050000655069193739 -0.05062857287500519 0.044829901281445934 0.049556775109594241 0.048574571241420672 -0.031148360373815132 -0.052206393813342002 -0.050496153614643595 -0.054468784691877319 -0.044099067493572029 -0.049042865042726438 -0.053872124040503844 -0.050660583485767768 -0.051005914941444568
leaf_weight=0.53622667105336708 0.11693360084820939 0.80178692306594923 0.09043152274704791 0.14762936376506397 1.1094336317517632 0.09771901122855986 0.094105529710678648 1.1256843170299617 1.1005345555294512 2.8708537565764352 0.054481758633390553 0.28533332645466203 0.014076179406748102 0.15464225615569893 0.2362677873382939 1.4985567384438438 0.0077184557365407849 0.66962630715087712 0.017891840748177401 0.074890360283079827 0.13060175318384309 0.03304766597460862 1.0548643210168018 0.04752837848879915 0.29812793815176841 0.0088078099849567826 0.023516576848911924 0.1334162475702243 0.63349370887824963 0.2205249494277805
leaf_count=38201 255 121 69 51 38 87 30 156 135 166 753 19 400 160 39 330 639 11205 93 58 102 19 10079 123 47 788 62 9 2677 295
internal_value=-0.0091376 0.000844805 0.00489634 -0.0146308 0.0202423 -0.0392197 0.015437 0.0194175 -0.00395571 0.0335855 -0.0398563 0.0226396 -0.0439991 0.0225111 -0.0556353 -0.0541319 -0.0462604 -0.0328662 -0.0481444 0.0337559 0.0430739 -0.0516932 -0.0512131 -0.0526541 -0.0539225 -0.0521393 -0.0514395 -0.0530063 -0.0503709 -0.0508167
internal_weight=13.6888 10.3314 9.59175 3.36252 1.39048 1.97204 6.22923 5.89886 2.22622 3.67264 3.35732 0.383052 3.1482 0.209124 0.330373 1.58899 3.05923 0.825838 0.687518 0.0889665 0.13832 0.739679 2.23339 0.706631 0.345656 1.06367 0.360975 0.281046 1.16972 0.244042
internal_count=67206 2051 1250 603 98 505 647 578 291 287 65155 106 64242 913 69 399 63784 12039 11298 458 741 801 51745 782 170 10867 612 60 40878 357
is_linear=0
shrinkage=0.05


Tree=98
num_leaves=31
num_cat=0
split_feature=0 55 45 45 59 62 12 16 47 74 3 4 38 14 25 46 1 35 42 22 61 7 12 80 43 34 32 9 79 76
split_gain=1.44542 0.976886 1.35925 0.910662 0.889955 0.923786 0.825094 0.87347 0.428855 0.239987 0.175834 0.128826 0.318583 0.0672776 0.0759271 0.0072137 0.00684698 0.0059096 0.00369704 0.000947998 0.00152455 0.000636314 0.000407422 0.000284013 0.000250197 0.000219246 0.000127862 9.79043e-05 8.15614e-05 7.77455e-05
threshold=1.2953447103500368 0.79659029841423046 0.37741009891033178 0.66177266836166393 2.6333833932876591 1.2860002517700198 0.59287601709365856 2.140005469322205 -0.23068029433488843 2.1699775457382207 0.34108084440231329 0.9192260503768922 0.002563480869866908 0.97719001770019542 1.8931177258491518 1.115134656429291 1.6479039788246157 0.85235878825187694 2.1001949310302739 -1.7658972740173338 1.1985195875167849 1.0350275635719302 -1.2802843451499937 0.44681945443153387 -1.7696952819824217 -0.17380862683057782 -0.12332031503319739 2.5093786716461186 0.95889812707901012 3.65012538433075
decision_type=2 2 2 2 2 2 2 2 2 2 2 2 2 2 2 2 2 2 2 2 2 2 2 2 2 2 2 2 2 2
left_child=11 8 9 6 5 -5 7 -4 10 15 -2 22 -13 17 -15 18 -11 21 -3 20 -14 -10 23 -1 26 -25 28 29 -24 -26
right_child=1 2 3 4 -6 -7 -8 -9 13 16 -12 12 19 14 -16 -17 -18 -19 -20 -21 -22 -23 24 25 27 -27 -28 -29 -30 -31
leaf_value=-0.050546508207979117 0.050183162178225209 -0.054093009228166046 0.034113758010892371 0.012657827300617109 0.043862673697770874 -0.040232550629601918 -0.073709731876007961 -0.052723528993871699 0.048381466988617478 0.020173204120786666 -0.052709607509466405 0.04928588378206003 -0.050000830589322046 -0.05054484296600105 0.049505311440585398 -0.064625585781339021 0.050133399418832915 0.040128338346587668 -0.027904691936807943 -0.050589714822081758 0.028026739856754624 0.050996589239611118 -0.050000482027043026 -0.050025141545850055 -0.050263463147841449 -0.053941108654387518 -0.050998433286289738 -0.052651293003941183 -0.053064964145722121 -0.052417113828192564
leaf_weight=0.11547593850454874 0.054548535495996364 1.2751112412174082 3.0090287646088383 1.2141249750482832 0.56681393071949049 2.5797538523440151 0.22242086894295932 0.32042136050524428 0.33883113524572228 0.036605779120025481 0.17386275887682112 0.11691617091491935 0.0016626468322632473 0.037295108685648108 0.038577557613474041 0.17534780749702283 0.039808228679444127 0.1692296085206394 0.013620524373201381 0.25418193249883081 0.001004062087076818 0.74198890960019526 0.024297927481506776 0.040996838024725091 0.88415032744093691 0.2789223048906353 0.19618157535442987 0.049337245906826865 0.20405720093231139 0.043989799773783034
leaf_count=2708 2 1953 916 1531 21 2133 102 149 97 43 158 94 144 223 76 50 3 26 28 8398 13 18 2614 2968 41121 435 1059 75 43 5
internal_value=-0.00900306 -0.00159262 -0.0076326 0.000733142 -0.0145756 -0.0233065 0.019528 0.0257567 0.035141 -0.0506023 -0.028137 -0.0458928 -0.0191341 0.0460417 0.00032579 -0.0551108 0.0357811 0.0488164 -0.0538162 -0.0502786 -0.0206221 0.0501768 -0.051336 -0.0526721 -0.0509211 -0.0534393 -0.0519346 -0.0504809 -0.0527389 -0.0503655
internal_weight=13.2186 11.0074 9.45306 7.91256 4.36069 3.79388 3.55187 3.32945 1.55433 1.54049 0.228411 2.21117 0.373765 1.32592 0.0758727 1.46408 0.076414 1.25005 1.28873 0.256849 0.00266671 1.08082 1.83741 0.435395 1.40201 0.319919 0.424537 0.977477 0.228355 0.92814
internal_count=67206 7529 6929 4852 3685 3664 1167 1065 600 2077 160 59677 8649 440 299 2031 46 141 1981 8555 157 115 51028 6111 44917 3403 3716 41201 2657 41126
is_linear=0
shrinkage=0.05


Tree=99
num_leaves=31
num_cat=0
split_feature=15 8 22 39 1 77 50 39 10 9 1 44 5 77 21 10 5 36 41 52 21 12 25 78 6 15 15 22 46 46
split_gain=1.54725 0.805148 0.703796 1.06498 0.960878 0.6111 0.770698 0.991249 0.931948 0.415945 0.316313 0.154154 0.145181 0.138004 0.0783315 0.384464 0.0623668 0.0581827 0.0337473 0.00628282 0.00271892 0.000328749 0.00471879 0.000341893 0.000327348 0.000194734 8.6526e-05 3.54166e-05 2.26786e-05 1.42231e-05
threshold=1.8345543146133425 1.0000000180025095e-35 -0.054021480522351333 1.8599473834037783 1.4713487625122073 -0.74346065521240223 1.4171544909477236 1.4445225000381472 1.0422092676162722 1.7316118478775027 1.7343032956123354 1.4613662958145144 0.81289052963256847 -0.82537710666656483 0.93925926089286815 -1.3995667099952696 1.8104516267776491 2.3782827854156499 1.5163708329200747 2.7732875347137456 0.94925287365913402 0.54870739579200756 1.5067707896232607 -0.29661283642053599 -0.33768430352210993 2.2448709011077885 2.0605258941650395 -1.7658972740173338 0.25156641006469732 0.5978488326072694
decision_type=2 2 2 2 2 2 2 2 2 2 2 2 2 2 2 2 2 2 2 2 2 2 2 2 2 2 2 2 2 2
left_child=10 19 5 9 -5 -3 8 -8 -7 13 11 14 -12 -4 21 20 -13 -17 -6 24 -16 23 -23 -1 26 -26 28 -28 -2 -27
right_child=1 2 3 4 18 6 7 -9 -10 -11 12 16 -14 -15 15 17 -18 -19 -20 -21 -22 22 -24 -25 25 29 27 -29 -30 -31
leaf_value=-0.051839737770650846 -0.052699554223816475 -0.059843031490223186 0.036583860289831509 0.043864806917860384 -0.02187203363692973 0.045736396685670838 -0.054916927959851251 0.016553307329561128 -0.037262707905757114 0.017499316567666717 0.047993430270578279 -0.050319205318815986 -0.050114520487550829 -0.053534658457459895 0.050360114489066882 -0.050376350668359729 0.050016965634047034 0.037975063762286286 -0.055212805121942911 -0.030094599427743514 0.028252918083956542 -0.050208016718699969 0.0061593875051505157 -0.050381562810110719 -0.050448329660145098 -0.053656311940960988 -0.048800970798009408 -0.050955103541530683 -0.050083770799752993 -0.054379080738612633
leaf_weight=1.0742079287555613 0.09819519825015087 0.25992271397995992 0.043786595492152025 1.0171312706576161 0.10081720080664447 2.7022808486088117 0.65322443389870954 1.8854842154497609 0.38659340989656943 0.26233952879738498 0.14276373949542165 0.020866535440345405 0.051243933052906865 1.4255582748740652 0.11016395404021752 0.6351290715546738 0.060078079360218847 0.019197251344418187 0.30705755869903117 0.033178358625644999 0.015917735823898646 0.30472392279008342 0.0037587094130164802 0.64237203352975125 0.043653749685067522 0.12681539773871292 0.021025833185220777 0.20629288136660409 0.0090497950171162106 0.14692992169935298
leaf_count=13011 82 45 57 17 41 231 126 76 169 16 41 598 872 435 2 11713 15 149 37 19 219 16931 224 21380 123 35 30 327 173 12
internal_value=-0.00883811 0.000939738 0.00489861 -0.0141498 0.017865 0.0151117 0.0185737 -0.0018364 0.0353485 -0.0404948 -0.0397209 -0.0438747 0.0220798 -0.0508491 -0.0458375 -0.0323791 0.0241515 -0.0477842 -0.0469717 -0.0513193 0.0475691 -0.051024 -0.0495212 -0.0512941 -0.0523994 -0.0535497 -0.0513082 -0.0507559 -0.0524788 -0.0540443
internal_weight=12.8098 9.72934 9.0442 3.15669 1.42501 5.88751 5.62758 2.53871 3.08887 1.73168 3.08042 2.88642 0.194008 1.46934 2.80547 0.780408 0.0809446 0.654326 0.407875 0.685141 0.126082 2.02506 0.308483 1.71658 0.651963 0.317399 0.334564 0.227319 0.107245 0.273745
internal_count=67206 2051 1250 603 95 647 602 202 400 508 65155 64242 913 492 63629 12083 613 11862 78 801 221 51546 17155 34391 782 170 612 357 255 47
is_linear=0
shrinkage=0.05


Tree=100
num_leaves=31
num_cat=0
split_feature=15 65 55 45 77 40 18 1 75 4 81 9 28 10 40 21 10 36 15 10 79 12 9 17 10 56 70 5 4 1
split_gain=1.47305 0.71901 0.685503 1.21447 0.756785 1.04936 0.513918 0.30047 0.193878 0.188372 0.174098 0.240413 0.146102 0.137882 0.112032 0.071395 0.346888 0.0591896 0.0433446 0.00451867 0.000435639 0.000271387 0.000172915 0.000104666 4.3298e-05 2.99752e-05 2.88284e-05 1.19107e-05 1.95185e-05 8.91243e-06
threshold=1.8345543146133425 0.5153871774673463 0.82247865200042736 0.40520516037940985 0.67321163415908825 1.9666920900344851 1.2534022927284243 1.7343032956123354 3.7639402151107793 1.7372652888298037 -0.48999169468879694 1.5007123351097109 1.5023860335350039 -1.316178500652313 0.97635427117347728 0.93925926089286815 -1.3995667099952696 2.3782827854156499 0.83552274107933056 0.51408448815345775 0.94086700677871715 0.60923457145690929 -1.1971660852432249 -0.25843925774097437 0.62954482436180126 1.2955746650695803 1.2578878998756411 2.2333935499191289 1.912558972835541 0.87406525015831005
decision_type=2 2 2 2 2 2 2 2 2 2 2 2 2 2 2 2 2 2 2 2 2 2 2 2 2 2 2 2 2 2
left_child=7 8 10 12 6 -6 -5 9 22 15 -3 26 14 -9 -4 20 -17 -18 -11 -14 25 -22 -2 29 -25 -1 -12 28 -20 -24
right_child=1 2 3 4 5 -7 -8 13 -10 18 11 -13 19 -15 -16 16 17 -19 27 -21 21 -23 23 24 -26 -27 -28 -29 -30 -31
leaf_value=-0.05002502633101738 -0.053672670794880584 0.049099416014094427 -0.050738628931847198 0.046122580032695197 -0.029578056909407249 0.025754075838580467 0.0028205791759594694 0.047793034896776283 0.05016640896708633 -0.05029859501795228 -0.050405234066081231 0.050399878475131027 -0.058087442098046074 -0.05010867716074649 0.049813814875462992 0.047202316717982334 -0.050224608843569087 0.043213299504045573 0.047132695902975731 -0.050265739259994849 -0.051898957485010694 -0.04250635286045925 -0.05254936897942291 -0.05079189122794401 -0.051771951951408962 -0.050570965040056176 -0.052087440640045612 0.050016710041721583 0.049911567382290432 -0.053377656089392093
leaf_weight=0.4624434234160818 0.13371248954571946 0.98092788641383777 0.050597635931626736 1.5677705172135632 2.1536779462859981 1.4230181092105305 1.217172547620003 0.13644230845966376 0.049592472647354113 0.013075669162775333 0.075359139042909362 0.12029142729602826 0.71489952729234518 0.048836393435091163 0.061215373256748487 0.11452629030118111 0.59746800648337062 0.017443643493493255 0.011729455847792589 0.24895010710832666 0.92182336802022136 0.0077552399433566946 0.07183690513237212 0.2091964381844249 0.24429772663763288 0.5510095578774078 0.038469646126032098 0.039562996942549944 0.013699257474425072 0.05927426740527153
leaf_count=38201 140 16 111 62 630 87 78 26 2 400 84 15 104 887 18 213 11725 101 36 160 10079 788 48 344 149 2677 2 8 14 1
internal_value=-0.008719 0.000918639 0.00503387 -0.000654615 0.00765363 -0.00756371 0.0271972 -0.0396437 -0.0454493 -0.0437952 0.0398531 0.00111222 -0.0497909 0.0219878 0.00431181 -0.0460316 -0.0326935 -0.047574 0.0327629 -0.0560672 -0.0510389 -0.0518206 -0.0520506 -0.0516796 -0.0513199 -0.0503219 -0.0509738 0.0494741 0.0486298 -0.0529238
internal_weight=12.3561 9.42026 8.65235 7.4373 6.36164 3.5767 2.78494 2.93582 0.76791 2.75054 1.21505 0.23412 1.07566 0.185279 0.111813 2.67247 0.729438 0.614912 0.0780674 0.96385 1.94303 0.929579 0.718318 0.584605 0.453494 1.01345 0.113829 0.0649917 0.0254287 0.131111
internal_count=67206 2051 1367 1250 857 717 140 65155 684 64242 117 101 393 913 129 63784 12039 11826 458 264 51745 10867 682 542 493 40878 86 58 50 49
is_linear=0
shrinkage=0.05


Tree=101
num_leaves=31
num_cat=0
split_feature=15 7 12 22 50 47 62 31 10 4 5 75 18 1 4 21 31 22 35 30 50 51 10 22 74 76 6 52 69 62
split_gain=1.40804 0.701039 0.654703 0.76272 1.01979 0.765143 0.879557 0.706974 0.480447 0.355946 0.625455 0.333694 0.121458 0.106887 0.0470953 0.0412377 0.0462887 0.0208031 0.011411 0.00476755 0.00444532 0.0058826 0.00429214 0.000485721 0.000199654 0.000167342 0.000166217 0.000127977 6.72269e-05 6.65739e-05
threshold=1.9891663789749148 -0.33766585588455195 0.59287601709365856 -0.054021480522351333 2.9148851633071904 0.55137366056442272 1.2860002517700198 2.8055191040039067 0.1805316358804703 0.83157894015312206 0.79538962244987499 1.2737175822257998 0.81238496303558361 1.099454998970032 1.3472357392311098 1.6253590583801272 2.2705498933792119 -2.1938662528991695 0.73834535479545604 1.8274787664413454 0.6065928339958192 0.62897881865501415 -1.4850929379463194 1.9788309931755068 1.2692276239395144 -3.650996088981628 -0.33768430352210993 0.48325283825397497 3.3815330266952519 1.5874515771865847
decision_type=2 2 2 2 2 2 2 2 2 2 2 2 2 2 2 2 2 2 2 2 2 2 2 2 2 2 2 2 2 2
left_child=9 14 3 5 7 8 -7 -5 -3 24 12 15 -11 -13 23 22 -17 -4 -15 -14 21 -19 -12 26 25 -1 28 -26 -2 -27
right_child=1 2 17 4 -6 6 -8 -9 -10 10 11 13 19 18 -16 16 -18 20 -20 -21 -22 -23 -24 -25 27 29 -28 -29 -30 -31
leaf_value=-0.053102167290485142 -0.051202569139241622 -0.033959776822944258 -0.072949879823805741 -0.040943509225893515 0.043708083473615184 0.0272698740026606 -0.039837290812876271 0.050604676493016067 0.040981526114687902 -0.050192318708104346 0.021377094714563769 -0.0508230212910038 0.037843648850005768 -0.050007401535630269 -0.00059717735739620156 -0.050242139006168654 0.050006130742551627 -0.050131158111190711 0.048536366294795234 0.050325077278464192 -0.050740569596188272 0.0046436297961334472 -0.051458907866868589 -0.056760946874841817 -0.052483731537822181 -0.050457645793740541 -0.053778850084876519 -0.0508898851029441 -0.053259683415890262 -0.052108245400804304
leaf_weight=0.067358840279246102 0.12858938034599254 0.23084934795725676 0.215626060962677 1.7804181463139195 0.6091549230611143 1.0361853963431558 0.92341337604066853 0.23921880283160124 2.90715253433636 0.036089645716136598 0.0020272698274081949 0.035534657973405243 0.11425939500970317 0.0030028881801256449 0.045116671927894481 0.024353363761435265 0.021842793677933514 0.01042117677930493 0.13531945963164149 0.23156071570736003 0.085004578744775239 0.0092548233224079013 0.88799772817624356 0.10492485719074196 0.30809463765244716 1.1771647049680254 0.27093778557813897 0.21302661989880634 0.057464583955548321 0.064432385503811473
leaf_count=149 234 35 3 380 32 145 139 2 255 2148 60 382 118 284 5 501 12 44 348 13 58 5 9406 2 2844 47992 80 1159 5 366
internal_value=-0.00855592 0.00206661 0.00597535 0.00887922 -0.0129968 0.0201605 -0.00435275 -0.0301 0.0354684 -0.0362268 -0.0181005 -0.0370889 0.0370922 0.0265262 -0.0497468 -0.0489023 -0.00284204 -0.0640715 0.046397 0.0462012 -0.0457834 -0.0243672 -0.051293 -0.053693 -0.0510045 -0.050675 -0.0529886 -0.0518322 -0.0518379 -0.0505433
internal_weight=11.9758 8.65373 8.0467 7.72639 2.62879 5.0976 1.9596 2.01964 3.138 3.32207 1.49199 1.11008 0.38191 0.173857 0.607033 0.936221 0.0461962 0.320307 0.138322 0.34582 0.104681 0.019676 0.890025 0.561917 1.83008 1.30896 0.456992 0.521121 0.186054 1.2416
internal_count=67206 1424 1098 988 414 574 284 382 290 65782 13272 10993 2279 1014 326 9979 513 110 632 131 107 49 9466 321 52510 48507 319 4003 239 48358
is_linear=0
shrinkage=0.05


Tree=102
num_leaves=31
num_cat=0
split_feature=15 8 22 50 31 35 2 28 9 4 5 75 42 1 62 43 39 21 31 49 56 31 22 2 11 6 74 76 72 6
split_gain=1.34139 0.673609 0.682056 1.00524 0.681473 0.639332 1.10651 0.681305 0.566964 0.33942 0.592999 0.316931 0.117808 0.101418 0.0931532 0.0840225 0.274495 0.0390968 0.0440255 0.0356313 0.0123175 0.00607387 0.00126028 0.000624836 0.000482136 0.000284923 0.000171364 0.000143506 8.68609e-05 6.65548e-05
threshold=1.9891663789749148 1.0000000180025095e-35 -0.054021480522351333 2.9148851633071904 2.8055191040039067 0.89416405558586132 1.8023461699485781 2.5506236553192143 1.7316118478775027 0.83157894015312206 0.79538962244987499 1.2737175822257998 0.82934048771858226 1.099454998970032 1.4116051197052004 0.34512162208557134 1.220926105976105 1.6253590583801272 2.2705498933792119 0.44274930655956274 0.58012497425079357 2.3887751102447514 -1.6589050292968748 1.5021466016769411 0.079113647341728224 -0.33768430352210993 1.2692276239395144 -3.650996088981628 0.76675596833229076 -0.29236386716365809
decision_type=2 2 2 2 2 2 2 2 2 2 2 2 2 2 2 2 2 2 2 2 2 2 2 2 2 2 2 2 2 2
left_child=9 21 5 4 8 15 14 -8 -4 26 12 17 -11 -13 -7 24 -17 22 -19 -14 -15 25 -12 -21 -3 -2 27 -1 -28 -27
right_child=1 2 3 -5 -6 6 7 -9 -10 10 11 13 19 20 -16 16 -18 18 -20 23 -22 -23 -24 -25 -26 29 28 -29 -30 -31
leaf_value=-0.052943413224516414 -0.050929390996682956 0.048805068711978927 -0.052890194415310433 0.043074965703359919 0.050781490629428862 -0.056925258180862914 0.028485092164854425 -0.049058724985329906 0.022774424834504654 -0.050225196660709549 -0.030347715514553588 -0.050782784577891732 -0.050024828270940402 -0.050005080488566216 -0.019079537964858652 -0.048668128908311202 0.050181569117917373 -0.050230329219163906 0.050005833476718914 0.045621746120013407 0.048679325356416843 -0.030479286664330075 -0.051385675046728356 0.050369448088117753 0.050824055663171802 -0.053749875082458209 -0.052249190713526343 -0.05051719483640732 -0.050880611005111091 -0.05203450100285846
leaf_weight=0.064260986350157423 0.25354460163514003 0.56544492385766509 1.5665499084789121 0.58775016071333341 0.2272869050502776 0.58689325448699137 2.5178354752444116 0.31916830676913877 0.29404814810918622 0.035134227352801362 0.0071794982827009237 0.033827719272005591 0.0093726416457684536 0.0032416604143712937 0.2249008746924378 0.098580538739967305 0.24420449089825524 0.023170944852830222 0.02077762852422893 0.10112235411354042 0.12872753813371032 0.034480875581873516 0.84081837500738521 0.2202254639934722 0.6198266481458603 0.19532463810284673 0.31209872068703803 1.1816386178648719 0.18446054051412675 0.079585942197282322
leaf_count=149 408 36 366 32 1 39 225 16 16 1608 222 382 479 313 40 99 9 501 12 186 319 9 9244 6 12 51 3232 48358 771 65
internal_value=-0.00841533 0.00202194 0.00580952 -0.0146878 -0.0309482 0.0164034 0.00503254 0.0197613 -0.0409322 -0.0361577 -0.0180457 -0.0370245 0.0368248 0.0264565 -0.0464404 0.0435557 0.0217537 -0.0488244 -0.00284154 0.0460726 0.0462553 -0.0508117 -0.0512076 0.0488754 0.0498609 -0.0521383 -0.0509554 -0.0506423 -0.0517408 -0.0532533
internal_weight=11.5815 8.41543 7.85249 2.67564 2.08788 5.17685 3.6488 2.837 1.8606 3.16606 1.4236 1.05774 0.365855 0.165797 0.811794 1.52806 0.342785 0.891946 0.0439486 0.33072 0.131969 0.562936 0.847998 0.321348 1.18527 0.528455 1.74246 1.2459 0.496559 0.274911
internal_count=67206 1424 891 415 383 476 320 241 382 65782 13272 10993 2279 1014 79 156 108 9979 513 671 632 533 9466 192 48 524 52510 48507 4003 116
is_linear=0
shrinkage=0.05


Tree=103
num_leaves=31
num_cat=0
split_feature=15 57 35 2 47 49 46 4 5 75 3 29 75 42 1 13 21 31 55 22 0 52 10 47 2 21 8 3 20 6
split_gain=1.27698 0.641252 0.953475 0.942252 0.672524 0.946916 0.760384 0.323178 0.562851 0.300957 0.248396 0.24248 0.179096 0.111749 0.0962508 0.0420456 0.0370561 0.0418731 0.011925 0.00637421 0.00596916 0.0157447 0.00435683 0.00273913 0.000244401 0.000170884 0.000122369 0.000116295 0.000159255 7.13322e-05
threshold=1.9891663789749148 1.0267791152000429 0.96637293696403515 1.7225459814071657 0.54282641410827648 2.7734514474868779 0.21095333993434909 0.83157894015312206 0.79538962244987499 1.2737175822257998 1.0746409296989443 0.54433509707450878 3.7639402151107793 0.82934048771858226 1.099454998970032 0.50325195491313945 1.6253590583801272 2.2705498933792119 0.61385145783424389 -1.2309361100196836 1.7684139609336855 1.7500580549240115 -1.4850929379463194 0.72658783197402965 1.5021466016769411 0.32888020575046545 2.4779268503189091 1.5673486590385439 -1.145836293697357 -0.33768430352210993
decision_type=2 2 2 2 2 2 2 2 2 2 2 2 2 2 2 2 2 2 2 2 2 2 2 2 2 2 2 2 2 2
left_child=7 12 10 19 6 -6 -5 26 13 16 11 -3 25 -9 -11 24 22 -18 -16 -4 -12 -22 -10 -21 -15 29 27 28 -1 -2
right_child=1 2 3 4 5 -7 -8 8 9 14 20 -13 -14 15 18 -17 17 -19 -20 23 21 -23 -24 -25 -26 -27 -28 -29 -30 -31
leaf_value=-0.051735078539247373 -0.05157646723351729 0.050352075058422985 -0.040773345140022593 -0.044804096811068117 -0.049309378957092621 0.020462780364693355 0.028918341787898295 -0.050214277409963717 0.022166853738200015 -0.050744516603342615 0.050379826276506459 -0.051222479460962325 0.050155933646392425 0.047292909248354442 -0.050005959849713712 -0.050019952153744322 -0.050219096277413326 0.05000554763928744 0.048591377325542806 -0.05288672645472553 0.026850284003437169 0.050322496067070455 -0.051299016571000167 -0.059273351568817183 0.050350292304071079 -0.050677792550470363 -0.052442999710728848 -0.052057083237363744 -0.050375657646672622 -0.053055480763110424
leaf_weight=0.26736234303680007 0.16148412570500206 0.10454231372523332 0.084003563944124671 0.40202855471186483 1.0858981109477963 0.88064702415190721 2.6903800784901488 0.033427794502404962 0.0020231499012195444 0.032201576596203318 1.044454634368831 0.13415161611353349 0.046490360086896665 0.094994272168965388 0.00314528015438889 0.011019934906016715 0.022045690405568141 0.019764401600696146 0.122726073868654 0.43727222830676327 0.10640662650058474 0.21743586704401541 0.80604230190489534 0.27251126600957332 0.20956263094211636 0.30576824527476665 0.12053628915870263 0.16171028767052043 1.1093449563275282 0.16463907851029189
leaf_count=4693 257 2 20 54 281 36 214 1608 60 382 30 65 2 166 298 501 501 12 334 119 57 12 9406 36 4 190 811 343 46663 49
internal_value=-0.00831524 0.00198372 0.00621623 -0.00315055 0.00479631 -0.0180644 0.0193341 -0.0361059 -0.0180085 -0.0369573 0.0403305 -0.00673522 -0.0445585 0.0367168 0.0263935 0.045925 -0.0487402 -0.00284106 0.0461276 -0.0537974 0.0485409 0.0426101 -0.0511151 -0.0553388 0.0493967 -0.051527 -0.0509089 -0.0507887 -0.0506397 -0.0523231
internal_weight=11.154 8.13811 7.45973 5.85274 5.05895 1.96655 3.09241 3.01591 1.35695 1.00795 1.60699 0.238694 0.678382 0.349005 0.158073 0.315577 0.849876 0.0418101 0.125871 0.793787 1.3683 0.323842 0.808065 0.709783 0.304557 0.631891 1.65895 1.53842 1.37671 0.326123
internal_count=67206 1424 926 760 585 317 268 65782 13272 10993 166 67 498 2279 1014 671 9979 513 632 175 99 69 9466 155 170 496 52510 51699 51356 306
is_linear=0
shrinkage=0.05


Tree=104
num_leaves=31
num_cat=0
split_feature=0 30 45 25 34 14 47 21 0 21 75 2 34 10 55 3 50 73 16 11 11 21 81 43 21 80 37 37 33 41
split_gain=1.0957 0.81232 0.837389 0.591663 0.835505 0.77243 0.597559 0.545744 0.302658 0.132465 0.0883341 0.066796 0.246647 0.0273101 0.00738252 0.033116 0.00401779 0.00103748 0.000260348 0.00015336 0.00020139 0.000113791 9.2778e-05 7.43597e-05 0.000427175 6.0563e-05 5.5731e-05 4.15085e-05 3.81019e-05 3.61103e-05
threshold=1.2953447103500368 0.55620875954628002 0.1400851905345917 2.3200205564498906 2.1521906852722172 1.3130841851234438 0.57915133237838756 1.0768635869026186 1.6797137260437014 -1.3654212951660154 4.1318142414093026 0.96634843945503246 0.70414191484451305 -1.5620667338371275 0.60928314924240123 0.36553247272968298 0.046007398515939719 -0.65531465411186207 2.0730055570602421 -0.18555852025747296 -0.67355263233184803 0.75860548019409191 -0.48999169468879694 -0.4097119122743606 1.468151926994324 -1.0446169972419737 0.59197747707366954 -0.44030514359474177 0.85806113481521618 -0.12192193046212195
decision_type=2 2 2 2 2 2 2 2 2 2 2 2 2 2 2 2 2 2 2 2 2 2 2 2 2 2 2 2 2 2
left_child=11 8 10 5 6 7 -5 -4 14 -7 16 19 13 -13 15 -2 -3 -14 -6 20 -1 -18 27 -16 -25 -10 29 -21 -19 -22
right_child=1 2 3 4 18 9 -8 -9 25 -11 -12 12 17 -15 23 -17 21 28 -20 22 26 -23 -24 24 -26 -27 -28 -29 -30 -31
leaf_value=-0.050404863581501175 0.050144187504078397 -0.058876087766840418 0.013552835428673062 0.043348163099543646 -0.050988768471660451 0.04996567798469298 -0.0022054895208429583 -0.035744441679463966 -0.051795573085989172 -0.053803322056736748 0.050070486428345766 0.050210523709444357 -0.0085305684781748596 -0.050000676966534464 0.05085764635161031 -0.050060043550121391 -0.050907433990793019 -0.051529498603150869 -0.05360315484319246 -0.051807974357140407 -0.050036297789154374 -0.052251926313837474 -0.050136342694582642 0.046012054972658985 0.05066741191164096 -0.048241020259378348 -0.050332572236334763 -0.05065626553826276 -0.050244962347641545 -0.052839702885394191
leaf_weight=0.18559770285105753 0.044231374670512615 0.24779051167802535 1.9849837392658087 1.679711581192024 0.15205783332176304 0.031707876508311528 1.2598656161531157 0.7828193445856001 0.06698062371210789 1.0225774790731641 0.021086296066641808 0.088006011716970534 0.0014724721550010136 0.0073679718051663503 0.498873405973427 0.010134470073305278 0.41277223838198285 0.080556661392500006 0.2547823364231655 0.15902835920136571 0.012017137622143625 0.25434301751672284 0.48307822947027307 0.058722372374935661 0.30633916610800233 0.01459437849282863 0.026954372303157725 0.15398581673141304 0.20372089775900321 0.26029032155406495
leaf_count=8155 4 31 1481 87 68 21 182 877 65 2843 1 8 96 712 5 207 1079 465 24 2102 890 382 38260 121 10 41 423 2931 5095 540
internal_value=-0.00819848 -0.00138326 -0.00662914 -0.000821598 0.01453 -0.0142626 0.0238244 -0.000389942 0.0411373 -0.0506824 -0.0511075 -0.0455303 -0.0271542 0.0424689 0.0493362 0.0314649 -0.0534394 -0.0503921 -0.052626 -0.0509978 -0.0516988 -0.05142 -0.0505708 0.0504608 0.0499186 -0.0511596 -0.0525013 -0.0512414 -0.050609 -0.052716
internal_weight=10.7664 9.10437 8.1045 7.16851 3.34642 3.82209 2.93958 2.7678 0.999876 1.05429 0.935992 1.66208 0.381124 0.095374 0.918301 0.0543658 0.914906 0.28575 0.40684 1.28095 0.48486 0.667115 0.796092 0.863935 0.365062 0.081575 0.299262 0.313014 0.284278 0.272307
internal_count=67206 7529 7076 5583 361 5222 269 2358 453 2864 1493 59677 6376 720 347 211 1492 5656 92 53301 10008 1461 43293 136 131 106 1853 5033 5560 1430
is_linear=0
shrinkage=0.05


Tree=105
num_leaves=31
num_cat=0
split_feature=15 3 34 30 45 77 79 1 45 4 74 11 80 44 45 15 44 36 7 29 7 49 14 69 36 10 1 7 11 2
split_gain=1.15714 0.584047 0.655056 0.513657 0.844991 0.681053 0.2772 0.241441 0.156977 0.147657 0.122216 0.11034 0.0551691 0.0549725 0.234887 0.0336617 0.0306729 0.0297805 0.0256247 0.00765055 0.00249718 0.00106978 0.00162682 0.00448784 0.000986263 0.0001562 0.000135679 7.30398e-05 1.94947e-05 1.19461e-05
threshold=1.8345543146133425 1.0746409296989443 2.1521906852722172 0.57394781708717357 0.40520516037940985 0.67321163415908825 0.080531846731901183 1.7343032956123354 -1.4955344200134275 1.7372652888298037 2.1699775457382207 -0.11939110979437827 -1.4108999371528623 -0.55519783496856678 0.5869407355785371 0.83552274107933056 -0.57016718387603749 2.3782827854156499 1.7319334745407107 0.91099846363067638 1.7319334745407107 1.6618205308914187 1.3233668804168703 1.3466174006462099 1.836702883243561 -0.19364593923091886 1.5408434271812441 2.7456146478652959 -0.61565425992012013 1.9220460653305056
decision_type=2 2 2 2 2 2 2 2 2 2 2 2 2 2 2 2 2 2 2 2 2 2 2 2 2 2 2 2 2 2
left_child=7 6 3 19 10 -6 8 9 -2 13 -5 -9 -8 14 27 -11 -16 20 -19 -3 -15 22 23 -4 25 -10 -23 -1 -28 -17
right_child=1 2 21 4 5 -7 12 11 24 15 -12 -13 -14 17 16 29 -18 18 -20 -21 -22 26 -24 -25 -26 -27 28 -29 -30 -31
leaf_value=-0.050306098301644613 0.043972315861096387 0.040202639547883362 -0.05035719438822775 -0.055006359029522757 0.032482124105458303 -0.0040246620566334315 0.050316823605770028 0.047685611532733846 -0.052821677266883395 -0.050230154908280394 0.00025613474144402969 -0.050084073603763546 -0.05015136031883876 -0.050599797536419605 -0.050101937137846914 0.048424483812461373 0.050152168779300121 -0.050128039648235735 0.050005790521409854 0.050744792592871936 -0.039493528409798112 -0.053334016557208375 -0.050934788832933064 0.0069442468979449903 -0.056786790172443626 -0.051097155310698576 -0.052224247040358079 -0.052432345248730229 -0.050878643823771587 0.049984315507915357
leaf_weight=0.23987751535657231 0.044839416604612548 0.25242940141380288 0.010420297267396426 0.60810027604661754 2.232716521485016 2.9862297722610585 0.098168900556258265 0.1107377718363857 0.18136011120608314 0.010161710442108916 0.11974954545598515 0.039028746526543728 0.015873439020150704 1.6492322156866726 0.0083937675474077267 0.020287734190007178 0.083781306461560234 0.011830900197134064 0.01389017328619957 0.54078447501099614 0.052214281380332017 0.29124415215627192 0.036056603917214408 0.0050842140279318071 0.10523411429691976 0.47575834288769886 0.040776427835226045 0.048567513700049858 0.079191413070937036 0.031077684191371115
leaf_count=15510 50 54 38 263 111 545 4 54 61 400 12 859 207 45609 518 43 9 155 8 20 1811 23 33 21 9 541 2 164 57 15
internal_value=-0.0080421 0.000850341 0.00564484 0.00959589 0.00455474 0.0115933 -0.036636 -0.0391934 -0.0469453 -0.0434324 -0.0459143 0.0222071 0.0363328 -0.0456611 -0.0284602 0.0329187 0.0410227 -0.0494517 0.00394732 0.0473899 -0.050259 -0.0518999 -0.0451109 -0.031567 -0.0522928 -0.0515731 -0.0527511 -0.0506641 -0.051336 0.0493682
internal_weight=10.4431 8.12402 7.20278 6.74001 5.9468 5.21895 0.921234 2.31908 0.807192 2.16931 0.72785 0.149767 0.114042 2.10779 0.38062 0.0615271 0.0921751 1.72717 0.0257211 0.793214 1.70145 0.462773 0.0515611 0.0155045 0.762353 0.657118 0.411212 0.288445 0.119968 0.0513654
internal_count=67206 2051 1179 1005 931 656 872 65155 661 64242 275 913 211 63784 16201 458 527 47583 163 74 47420 174 92 59 611 602 82 15674 59 58
is_linear=0
shrinkage=0.05


Tree=106
num_leaves=31
num_cat=0
split_feature=15 8 34 25 42 25 12 47 76 1 43 12 21 21 36 5 44 52 49 14 69 22 38 79 70 63 76 15 47 15
split_gain=1.10345 0.615896 0.569478 0.612492 1.17995 0.809217 0.722543 0.347151 0.271605 0.229361 0.125362 0.105102 0.0591906 0.258002 0.0450267 0.026826 0.0211579 0.00756759 0.000902923 0.00183453 0.00435985 0.000274378 0.0073453 0.000202875 0.00020062 8.61246e-05 6.49048e-05 3.74367e-05 2.13725e-06 5.14891e-08
threshold=1.8345543146133425 1.0000000180025095e-35 2.1521906852722172 2.3200205564498906 1.8857456445693972 1.7650467753410342 0.59287601709365856 0.80351108312606823 2.3616923093795781 1.7343032956123354 1.4976862668991091 0.57274243235588085 0.93925926089286815 0.97154623270034801 2.3782827854156499 1.8104516267776491 -0.30072183907032007 2.7732875347137456 1.7043709158897402 1.3233668804168703 1.3466174006462099 -1.6589050292968748 1.5181714296340945 0.94086700677871715 2.5391676425933842 2.0314298868179326 1.6458960771560671 1.9534866809844973 -2.948637723922729 1.697782099246979
decision_type=2 2 2 2 2 2 2 2 2 2 2 2 2 2 2 2 2 2 2 2 2 2 2 2 2 2 2 2 2 2
left_child=9 17 3 5 7 6 -3 -5 -7 10 12 -11 21 16 -15 29 -14 24 19 20 -4 22 -1 -23 26 -20 27 -2 -28 -12
right_child=1 2 18 4 -6 8 -8 -9 -10 11 15 -13 13 14 -16 -17 -18 -19 25 -21 -22 23 -24 -25 -26 -27 28 -29 -30 -31
leaf_value=-0.050411640687430231 -0.052217909506815319 0.01796415935312488 -0.050339689155432979 0.050576211526836924 -0.054547699159922594 -0.043438843461351129 -0.070521509070875718 0.0052760167349735244 0.046180029236284698 -0.050082845897333778 -0.050000386407209822 0.047550804725768558 0.048957084846185661 -0.049641210952971054 0.038690478881329968 0.05001205853589831 -0.050009557627794521 -0.025525673622973911 -0.051975599181004389 -0.050898275191161017 0.0066375160295047064 -0.050247457030777959 0.049479474447292698 -0.051460675903802058 -0.053611267246240026 -0.053533598538561489 -0.052697465632337508 -0.050705855376254931 -0.052219524554778331 -0.050297321978158976
leaf_weight=0.062641927632233654 0.04908956347766244 2.7217971260924645 0.0099154527309660984 1.787099848547 0.38550170393576255 1.1899279194132313 0.25207152807747579 0.55403366238925489 0.091009334792345631 0.037278839421810123 0.0019315344563939412 0.10578144379335327 0.090374461508986315 0.45603023407542254 0.014898344276722764 0.042721694113037043 0.0057437309087969837 0.028750468532794504 0.17079240110606625 0.05202331556165328 0.0050763307015200551 0.74021457230126708 0.0018960319199058237 0.64469467100934164 0.1266893810889127 0.18454765394074002 0.04856756329536438 0.24645357203627818 0.045122560043594273 0.0059793046881365742
leaf_count=2061 138 580 38 73 20 265 59 53 60 753 419 160 158 11277 141 15 597 19 26 34 22 39399 18 10148 38 20 1 497 108 9
internal_value=-0.0078668 0.000822833 0.00459788 0.00800861 0.0265087 -0.00384693 0.0104639 0.0398558 -0.0370715 -0.0391172 -0.0433546 0.0221093 -0.0453057 -0.0316098 -0.0468467 0.034351 0.0430431 -0.0504918 -0.0517808 -0.0464573 -0.0310468 -0.0506637 -0.047477 -0.0508122 -0.051883 -0.0527848 -0.0513205 -0.050957 -0.0524673 -0.0502248
internal_weight=10.1587 7.94847 7.4038 6.98144 2.72664 4.25481 2.97387 2.34113 1.28094 2.21019 2.06713 0.14306 2.01649 0.567047 0.470929 0.0506325 0.0961182 0.544673 0.422355 0.0670151 0.0149918 1.44945 0.064538 1.38491 0.515923 0.35534 0.389233 0.295543 0.0936901 0.00791084
internal_count=67206 2051 1250 1110 146 964 639 126 325 65155 64242 913 63799 12173 11418 443 755 801 140 94 60 51626 2079 49547 782 46 744 635 109 428
is_linear=0
shrinkage=0.05


Tree=107
num_leaves=31
num_cat=0
split_feature=15 8 34 25 42 25 79 47 76 21 10 43 36 14 0 7 36 15 21 4 67 14 17 0 38 12 4 35 79 0
split_gain=1.05175 0.582252 0.537363 0.577012 1.10683 0.750869 0.673435 0.34591 0.253072 0.198431 0.436535 0.139377 0.0419521 0.00767634 0.00840798 0.00729447 0.006515 0.0136851 0.00537222 0.00337371 0.000880868 0.0018553 0.00501001 0.000194998 0.000462834 0.000169654 0.000146741 0.000946356 0.000172061 7.42383e-05
threshold=1.8345543146133425 1.0000000180025095e-35 2.1521906852722172 2.3200205564498906 1.8857456445693972 1.7650467753410342 0.056207420304417617 0.80351108312606823 2.3616923093795781 0.82548582553863536 -1.316178500652313 1.4976862668991091 2.3782827854156499 0.78524994850158703 1.2657783031463625 1.7319334745407107 1.7321875095367434 2.2448709011077885 1.6253590583801272 1.7372652888298037 1.9001119136810305 1.3233668804168703 -0.89448991417884816 1.5910128951072695 1.8897399902343752 -1.7381611466407774 1.6145588755607607 0.93406900763511669 0.94086700677871715 1.3249115943908694
decision_type=2 2 2 2 2 2 2 2 2 2 2 2 2 2 2 2 2 2 2 2 2 2 2 2 2 2 2 2 2 2
left_child=9 16 3 5 7 6 -3 -5 -7 19 13 12 18 14 -11 -14 25 -18 -12 26 21 22 -4 24 -13 -2 28 -28 -1 -15
right_child=1 2 20 4 -6 8 -8 -9 -10 10 11 23 15 29 -16 -17 17 -19 -20 -21 -22 -23 -24 -25 -26 -27 27 -29 -30 -31
leaf_value=-0.050231377110890069 -0.053048521403411181 -0.019644288057938691 -0.050310910987945337 0.050519847116031504 -0.053694223942846987 -0.04249826170794288 0.029271784715507301 0.0050170809275995217 0.045807232979440671 -0.050002307403179916 -0.050817879737544903 0.028572387509099208 -0.050006683973432955 0.048266483834585587 0.050003082747166028 0.050005299442637388 -0.050739482732530566 0.016164943444079261 -0.028319626907812347 0.014664845105316543 -0.052642334306442953 -0.050853494742163496 0.013108336097694687 0.049897815518223913 0.050011427778075768 -0.051100622833264137 0.0012645646189255162 -0.050339487391761174 -0.051370162516157614 0.050315845256545692
leaf_weight=0.70642215330695535 0.17483120942786068 1.1600535628168818 0.0099803087327934269 1.7017911068397067 0.3723826852040969 1.1563155961835867 1.7882363322714065 0.5535101683107192 0.087257838209896854 0.0041569020546282642 0.49068624694366725 0.0039930500364171589 0.0021284596820648769 0.077393396993784336 0.0042512259678915143 0.012711473740637302 0.024148685600922426 0.011182638101038034 0.028050423988449036 0.0019754796562833068 0.33888992044469401 0.049540232558941522 0.0045265235504660705 0.030724359205158688 0.0068120788782835007 0.30996123936323305 0.0010097969588201972 0.0073924097017434853 0.62529704362585281 0.1030058310716413
leaf_count=39201 130 408 18 73 20 265 231 53 60 349 14413 134 184 88 6 8 41 30 796 102 39 37 46 31 2 600 70 57 9707 7
internal_value=-0.00771984 0.000801823 0.00448135 0.00779649 0.0261662 -0.00371861 0.0100249 0.0393523 -0.0363021 -0.0390492 -0.0187062 -0.0403629 -0.04723 0.0472601 0.000561327 0.0356608 -0.0502924 -0.0295637 -0.0496013 -0.0506283 -0.051626 -0.0462484 -0.0305224 0.047866 0.0420886 -0.0518031 -0.0507245 -0.0441376 -0.0507661 0.0494366
internal_weight=9.84862 7.74261 7.22248 6.81955 2.62768 4.19186 2.94829 2.2553 1.24357 2.10601 0.763913 0.575106 0.533577 0.188807 0.00840813 0.0148399 0.520124 0.0353313 0.518737 1.3421 0.402937 0.0640471 0.0145068 0.0415295 0.0108051 0.484792 1.34012 0.00840221 1.33172 0.180399
internal_count=67206 2051 1250 1110 146 964 639 126 325 65155 16018 15568 15401 450 355 192 801 71 15209 49137 140 101 64 167 136 730 49035 127 48908 95
is_linear=0
shrinkage=0.05


Tree=108
num_leaves=31
num_cat=0
split_feature=8 5 38 66 46 33 29 35 79 36 29 80 52 80 75 19 17 38 41 68 3 3 4 52 17 16 76 81 8 18
split_gain=0.932856 0.637069 0.616209 0.717476 0.780107 0.668821 0.63449 0.475979 0.384314 0.379465 0.34966 0.180511 0.173484 0.147535 0.140105 0.130985 0.115501 0.099693 0.00431563 0.0251987 0.00114672 0.000232653 0.000150356 0.000951431 8.76156e-05 5.76566e-05 5.74789e-05 3.30023e-05 2.14558e-05 9.79208e-06
threshold=1.0000000180025095e-35 0.64663055539131176 1.2248281836509707 1.7148605585098269 0.73678913712501537 1.8081505894660952 1.0884163379669192 1.8746822476387026 1.3789894580841067 1.5022529363632204 0.72914528846740734 -1.4108999371528623 -0.14004487544298169 -1.4133748412132261 3.7639402151107793 0.040729751810431487 -0.11626311019062995 0.95226320624351513 1.9652850031852724 2.4167197942733769 1.493992865085602 2.1541967391967778 1.6145588755607607 0.081193942576646819 0.41502615809440618 1.1350051760673525 1.6458960771560671 -0.48999169468879694 -0.65106138586997975 2.5840579271316533
decision_type=2 2 2 2 2 2 2 2 2 2 2 2 2 2 2 2 2 2 2 2 2 2 2 2 2 2 2 2 2 2
left_child=18 11 9 6 7 -6 12 -5 -8 10 25 17 -4 -12 15 20 -17 -2 21 -20 -13 22 26 -24 29 -3 27 -1 -28 -11
right_child=1 2 3 4 5 -7 8 -9 -10 24 13 14 -14 -15 -16 16 -18 -19 19 -21 -22 -23 23 -25 -26 -27 28 -29 -30 -31
leaf_value=-0.051109564552683145 -0.051146891274191433 -0.050285915761308975 0.049618565130885403 0.044446720326310474 0.044419634060708986 -0.056267034562954232 -0.049151106653885446 -0.00063720829118725964 0.042637867609539692 -0.050239366240246809 -0.051310611833248289 -0.051098230601753815 -0.033473228671238912 0.042062346565733322 0.050114326436526684 -0.05015735485206161 0.049014131904457782 0.050107639418059985 -0.050545816234802803 0.04991056425173776 -0.031168762145357687 -0.053048040699085391 0.0016819573965958939 -0.050310834227314485 -0.053166913616620681 -0.052577681376144825 -0.052024429175510471 -0.050424349836483577 -0.050305417886399008 -0.051404952063518597
leaf_weight=0.25906987514130897 0.033400623373059379 0.065639141550623309 0.28115638759621042 1.3100150616492388 0.22039229581452058 0.65542397439522271 1.4970569778951743 1.05847159880361 0.12343982745721294 0.055925489919814511 0.043417670272151931 0.94747182526863205 0.080891255296660414 1.6509242050625046 0.040353889322476522 0.053050996039382126 0.065744548477141507 0.089312529709054012 0.043334444600113625 0.0072932041680603124 0.0072731964915533345 0.12416796304609956 0.0010003756980081491 0.0073060015954069524 0.056775112552988352 0.047163263132302041 0.11519144717663739 0.54621268629999931 0.021547675957632226 0.02658403502928211
leaf_count=3313 413 4033 361 67 271 353 1821 145 149 1105 89 14309 622 2164 13 3400 16 32 240 9 9 72 63 97 70 23 616 32735 593 3
internal_value=-0.00758302 -0.00186268 0.00385113 -0.0050917 0.0093895 -0.03093 -0.0287892 0.0242988 -0.0421592 0.0278658 0.0339948 -0.0350071 0.0310536 0.0396697 -0.0413477 -0.0447857 0.00472673 0.0225477 -0.0503404 -0.0360745 -0.0509464 -0.0510126 -0.0507467 -0.0440491 -0.0516552 -0.0512441 -0.0508057 -0.0506448 -0.0517535 -0.0506149
internal_weight=9.53501 8.40988 7.17328 5.22685 3.2443 0.875816 1.98254 2.36849 1.6205 1.94643 1.80714 1.23661 0.362048 1.69434 1.11389 1.07354 0.118796 0.122713 1.12512 0.0506276 0.954745 1.0745 0.950328 0.00830638 0.139285 0.112802 0.942022 0.805283 0.136739 0.0825095
internal_count=67206 29468 11276 3789 836 624 2953 212 1970 7487 6309 18192 983 2253 17747 17734 3416 445 37738 249 14318 37489 37417 160 1178 4056 37257 36048 1209 1108
is_linear=0
shrinkage=0.05


Tree=109
num_leaves=31
num_cat=0
split_feature=15 8 12 22 50 31 7 50 1 43 49 5 21 21 36 19 15 5 44 52 22 5 79 70 1 19 17 0 0 12
split_gain=0.96122 0.524002 0.48706 0.566822 0.699895 0.445397 0.434993 0.484198 0.198057 0.110869 0.109459 0.0910305 0.0520294 0.222751 0.0383069 0.0349977 0.0263109 0.0233661 0.018219 0.00755234 0.000278461 0.00659401 0.000130572 0.000129945 4.91572e-05 0.000163393 3.83062e-05 3.39496e-08 8.34493e-09 6.64393e-09
threshold=1.8345543146133425 -1.0000000180025095e-35 0.59287601709365856 -0.054021480522351333 2.9148851633071904 2.8055191040039067 1.7952883839607241 2.6617178916931157 1.7343032956123354 1.4976862668991091 0.75124019384384166 0.81289052963256847 0.93925926089286815 0.97154623270034801 2.3782827854156499 1.1251106858253481 3.0476642847061162 1.8104516267776491 -0.30072183907032007 2.7732875347137456 -1.6589050292968748 1.2810437679290774 0.94086700677871715 2.5391676425933842 1.5727736949920657 0.026309807784855369 -0.43803000450134272 2.1527830362319951 1.4091775417327883 0.54870739579200756
decision_type=2 2 2 2 2 2 2 2 2 2 2 2 2 2 2 2 2 2 2 2 2 2 2 2 2 2 2 2 2 2
left_child=8 19 3 6 5 -5 7 -3 9 12 15 -10 20 18 -15 -4 -6 27 -14 23 21 -1 -22 24 26 -26 -2 -11 -13 -30
right_child=1 2 10 4 16 -7 -8 -9 11 17 -12 28 13 14 -16 -17 -18 -19 -20 -21 22 -23 -24 -25 25 -27 -28 -29 29 -31
leaf_value=-0.050354116588304715 -0.050634661796343065 0.026510918421667126 -0.041191741450396245 -0.034490179155398447 0.027554243505374117 0.050578322672658327 -0.055465463348604374 -0.044831509969001593 0.047315285690609991 -0.050000358548754467 -0.067943862726654272 -0.050020945663109967 0.048803692176964834 -0.049290528275236715 0.037387430102778722 0.04990243252491109 0.050952455584331396 0.050010647572342297 -0.050008175586517246 -0.023849848112546722 -0.050214842634197447 0.043248108435961247 -0.051259716200502306 -0.053078484284736438 -0.035261687791526629 -0.050489094651000058 -0.051726864710486153 -0.050255692679932101 -0.050091819858057531 -0.050001945760826554
leaf_weight=0.054011092582569177 0.14880223887980312 3.7110668695487883 0.016770021643669503 1.6634661357533223 0.21327233370779008 0.16955171525478352 0.19021349968070156 0.25411580137269396 0.092315684636559994 0.0017444453091173453 0.27307147799902431 0.0065892916251008389 0.078739705549750738 0.39886651429520481 0.013167557680518138 0.028399410355888638 0.27515318989753723 0.037833219171262415 0.0049587092881736563 0.025965593781728857 0.64184677032132509 0.0019494700678760668 0.55974400226473042 0.11017074991357034 0.0020814478390907233 0.011466342022549125 0.17433082765650817 0.0051309051647433915 0.023581135549675863 0.0022527937666016211
leaf_count=2036 199 504 30 487 44 1 36 38 41 382 86 308 158 11277 141 23 1 15 597 19 39399 43 10148 38 15 99 431 46 336 228
internal_value=-0.00748572 0.000831224 0.00437268 0.00733997 -0.0124497 -0.0266215 0.0183956 0.0219388 -0.0389236 -0.0431504 -0.0560177 0.0220018 -0.0451331 -0.0314146 -0.0465205 0.016082 0.0407356 0.0346015 0.0429496 -0.0500647 -0.050541 -0.0470933 -0.0507016 -0.0515879 -0.0511002 -0.0481496 -0.0512239 -0.0501909 -0.0500712 -0.050084
internal_weight=9.19063 7.2679 6.79508 6.47684 2.32144 1.83302 4.1554 3.96518 1.92273 1.79799 0.318241 0.124739 1.75328 0.495732 0.412034 0.0451694 0.488426 0.0447086 0.0836984 0.472817 1.25755 0.0559606 1.20159 0.446852 0.336681 0.0135478 0.323133 0.00687535 0.0324232 0.0258339
internal_count=67206 2051 1250 1111 533 488 578 542 65155 64242 139 913 63799 12173 11418 53 45 443 755 801 51626 2079 49547 782 744 114 630 428 872 564
is_linear=0
shrinkage=0.05


Tree=110
num_leaves=31
num_cat=0
split_feature=15 3 34 12 34 48 20 1 34 4 48 11 21 10 40 19 9 45 14 63 36 36 18 4 5 79 10 15 44 31
split_gain=0.916521 0.499752 0.528409 0.49393 0.603675 0.71896 0.286118 0.188207 0.139616 0.115707 0.100528 0.0869458 0.0480731 0.211922 0.0445453 0.0439385 0.0286204 0.00345137 0.000977522 0.0027313 0.00361767 0.000802302 0.000165895 0.000142227 0.000859087 0.000107551 0.000105558 8.22249e-05 2.65642e-05 2.18258e-05
threshold=1.8345543146133425 1.0746409296989443 2.1521906852722172 0.59287601709365856 2.0343699455261235 2.6616942882537846 1.9092661142349245 1.7343032956123354 0.54451447725296032 1.7372652888298037 1.569264352321625 -0.11939110979437827 0.93925926089286815 -1.3995667099952696 1.7371196746826174 1.073198735713959 0.21253615617752078 0.5869407355785371 1.3644964694976809 1.7079413533210757 2.07233738899231 1.836702883243561 2.0479938983917241 1.6145588755607607 1.2927114367485049 0.94086700677871715 -0.19364593923091886 2.6849206686019902 0.51403027772903453 0.3198328316211701
decision_type=2 2 2 2 2 2 2 2 2 2 2 2 2 2 2 2 2 2 2 2 2 2 2 2 2 2 2 2 2 2
left_child=7 6 3 4 5 -3 21 9 -8 12 15 -9 23 17 -15 -5 -11 -14 19 20 -4 26 -6 25 -25 -1 -2 28 -20 -18
right_child=1 2 18 10 22 -7 8 11 -10 16 -12 -13 13 14 -16 -17 29 -19 27 -21 -22 -23 -24 24 -26 -27 -28 -29 -30 -31
leaf_value=-0.050200734596485434 -0.052502915091340932 0.015243025663136676 -0.050161124842899696 -0.050352656590393487 0.049575517695999105 -0.032773689383189343 0.050157020059030888 0.04723602198009047 -0.050510356951276342 -0.050196425104561848 -0.069074918354773071 -0.050064904584822129 0.012385911534198053 -0.050784381391300495 0.017098538462952097 0.049819294476448915 0.049923136504472672 0.050085127844553483 -0.052217225635416475 -0.050637594975242894 0.012746416718039957 -0.056257560915983544 0.051011708247408555 -0.00064634628328895795 -0.050275357959536596 -0.051151324591032443 -0.050915718082418238 -0.053360397938525067 -0.051111930275515416 0.04714603695538138
leaf_weight=0.62406855171536657 0.14415597676767866 3.7971016396665354 0.0047807183683578856 0.017717773369905793 0.31196197375884427 0.98098299374327069 0.12011147252269441 0.088157128664220152 0.04829027849924114 0.0087616065587559494 0.23314902395875237 0.031043971699958817 0.0066842627559722803 0.36373806707571393 0.025886852693098761 0.028645773734843533 0.032156344221675681 0.06618283036414141 0.12199008771571282 0.036367420934296263 0.0043785766459539834 0.098876309107154725 0.56565829316083338 0.0010015448735071633 0.0067403792054725031 0.56872612256314836 0.383245854036252 0.11804845653229556 0.098053841382869017 0.0090707714203076134
leaf_count=40832 76 718 18 40 52 108 5 54 97 351 54 859 200 11289 537 24 19 13 11 63 27 11 9 75 110 10728 683 6 49 88
internal_value=-0.00731898 0.00080333 0.00550317 0.0091791 0.0123857 0.00538477 -0.0365671 -0.0388535 0.02129 -0.0430808 -0.0557033 0.0218956 -0.0453338 -0.0316373 -0.0462742 0.0115387 0.0318711 0.0466269 -0.0513696 -0.0444915 -0.0200883 -0.0521244 0.0505012 -0.0506101 -0.043855 -0.050654 -0.0513496 -0.0522958 -0.0517247 0.0493121
internal_weight=8.94573 7.11352 6.31884 5.93522 5.6557 4.77808 0.79468 1.83222 0.168402 1.71302 0.279513 0.119201 1.66303 0.462492 0.389625 0.0463635 0.0499887 0.0728671 0.383619 0.0455267 0.0091593 0.626278 0.87762 1.20054 0.00774192 1.19279 0.527402 0.338092 0.220044 0.0412271
internal_count=67206 2051 1179 1005 887 826 872 65155 102 64242 118 913 63784 12039 11826 64 458 213 174 108 45 770 61 51745 185 51560 759 66 60 107
is_linear=0
shrinkage=0.05


Tree=111
num_leaves=31
num_cat=0
split_feature=8 5 30 45 46 42 16 51 55 75 74 33 12 22 41 68 8 75 3 4 48 70 12 74 66 76 24 74 1 1
split_gain=0.823159 0.566032 0.611441 0.890048 0.573404 0.579349 0.156733 0.304495 0.142948 0.138449 0.120483 0.127468 0.00697881 0.018652 0.0043309 0.0241766 0.004027 0.000424881 0.000173624 0.000152891 0.000852066 0.000130567 6.31708e-05 4.88305e-05 4.14369e-05 3.60116e-05 2.51588e-05 2.45739e-05 2.2598e-05 1.50955e-05
threshold=-1.0000000180025095e-35 0.64663055539131176 0.55620875954628002 0.37741009891033178 -0.088303044438362108 1.8857456445693972 2.5662000179290776 1.188472628593445 0.60928314924240123 3.7639402151107793 2.1699775457382207 1.3084036707878115 0.5348653793334962 -1.1239438056945799 1.9652850031852724 2.4167197942733769 0.13261578232049945 1.6698893904685976 2.1541967391967778 1.6145588755607607 0.081134524196386351 1.8495939373970034 -1.7381611466407774 4.3809094429016122 0.32834435999393469 1.6458960771560671 2.3647665977478032 3.6439321041107182 -0.17775498330593106 0.047635121271014221
decision_type=2 2 2 2 2 2 2 2 2 2 2 2 2 2 2 2 2 2 2 2 2 2 2 2 2 2 2 2 2 2
left_child=14 6 8 10 21 -6 9 28 -3 22 16 -12 17 -14 18 -16 -4 -10 19 25 -21 -5 24 29 -2 26 -1 -24 -8 -9
right_child=1 2 3 4 5 -7 7 23 12 -11 11 -13 13 -15 15 -17 -18 -19 -20 20 -22 -23 27 -25 -26 -27 -28 -29 -30 -31
leaf_value=-0.050455555744367511 -0.051955320750312631 -0.050163961028162986 -0.020018748727626687 -0.050496373221547389 0.021925067340382139 -0.02004367539627306 0.048977439804565155 -0.050424016848335834 0.046365929009519857 0.050096584161703865 -0.052095510457522788 0.050115371634224304 0.048448959657995956 -0.050046230866579347 -0.05050427474302565 0.049907453553820959 -0.053574653443438217 0.050586003255017158 -0.052729120986431205 -0.00056057204314295379 -0.05026944068307785 -0.052362701080625629 -0.050438045610102358 -0.052988591370532516 -0.050334346287978032 -0.051501936470109901 -0.051421239419984791 -0.051771689545172174 0.05026023835237891 -0.051646223511633983
leaf_weight=0.62731460440133269 0.15596088653055334 0.037879161743627598 0.0090406611751088217 0.15900930644399791 3.4132347873742126 1.0832706409309625 0.060096223825616413 0.044103537544322002 0.065400391149147308 0.035572196654463761 0.05979949760715602 0.062263172848375188 0.01905502413734755 0.0064280348031347549 0.039477434686385801 0.0070679562534103476 0.81060089573648375 0.67763948587834089 0.11198724062913079 0.0010004538566288348 0.0062326739291549416 0.22820764274105565 0.52230632141680722 0.053219601511955261 0.052763366813689483 0.11840867493722118 0.075571714777439403 0.03698697738899881 0.0800784260500223 0.059141929371946844
leaf_count=35864 1110 3170 183 433 4223 465 72 292 360 13 44 7 75 332 240 9 1851 65 72 77 83 68 15716 1 911 1209 184 62 2 13
internal_value=-0.00714623 -0.00165714 0.00385307 -0.00179555 0.00678657 0.0118142 -0.0348709 -0.00381017 0.0446586 -0.0463368 -0.0463028 4.1427e-05 0.0493322 0.0236038 -0.0501445 -0.0352567 -0.0532045 0.0502146 -0.0508813 -0.0506315 -0.0433939 -0.0515963 -0.0508033 -0.0517583 -0.0515456 -0.0506953 -0.0505594 -0.0505262 0.0497103 -0.0511241
internal_weight=8.71912 7.73206 6.63183 5.82543 4.88372 4.49651 1.10023 0.29664 0.806402 0.80359 0.941704 0.122063 0.768523 0.0254831 0.987061 0.0465454 0.819642 0.74304 0.940515 0.828528 0.00723313 0.387217 0.768018 0.156465 0.208724 0.821295 0.702886 0.559293 0.140175 0.103245
internal_count=67206 29468 11276 7274 5189 4688 18192 380 4002 17812 2085 51 832 407 37738 249 2034 425 37489 37417 160 501 17799 306 2021 37257 36048 15778 74 305
is_linear=0
shrinkage=0.05


Tree=112
num_leaves=31
num_cat=0
split_feature=8 5 30 45 46 42 80 55 75 19 74 33 17 40 12 8 8 41 68 3 75 4 33 3 70 76 79 45 51 0
split_gain=0.785449 0.53685 0.581852 0.840521 0.538031 0.527291 0.151008 0.1358 0.116746 0.115441 0.113888 0.121115 0.0975678 0.0825136 0.00665024 0.0158928 0.0041542 0.00410172 0.0229869 0.00124738 0.000473451 0.000166085 0.000848339 0.000140836 0.000111962 3.14077e-05 1.97137e-05 1.22153e-05 3.80947e-06 2.25805e-06
threshold=1.0000000180025095e-35 0.64663055539131176 0.55620875954628002 0.37741009891033178 -0.088303044438362108 1.8857456445693972 -1.4108999371528623 0.60928314924240123 3.7639402151107793 0.040729751810431487 2.1699775457382207 1.3084036707878115 -0.11626311019062995 1.0251997113227846 0.5348653793334962 0.58451706171035778 0.13261578232049945 1.9652850031852724 2.4167197942733769 1.493992865085602 1.6698893904685976 1.6145588755607607 1.3806107044219973 2.1541967391967778 1.8495939373970034 1.6458960771560671 1.0445993542671206 -0.24904272705316541 2.9148191213607793 2.3301833868026738
decision_type=2 2 2 2 2 2 2 2 2 2 2 2 2 2 2 2 2 2 2 2 2 2 2 2 2 2 2 2 2 2
left_child=17 6 7 10 24 -6 13 -3 9 19 16 -12 -11 29 20 -16 -4 21 -19 -8 -9 23 -23 25 -5 26 -1 -27 -25 -2
right_child=1 2 3 4 5 -7 8 14 -10 12 11 -13 -14 -15 15 -17 -18 18 -20 -21 -22 22 -24 28 -26 27 -28 -29 -30 -31
leaf_value=-0.050285585896254349 -0.050028519154306839 -0.050153255348762221 -0.019169841368552883 -0.050472159421856358 0.02103644736343464 -0.01907571224352532 -0.0509635802345417 0.04600030506385594 0.05008839452831601 -0.050128926673846941 -0.051990546933916915 0.050108691283450559 0.048791856272729084 0.049954027327158278 0.046948205106687152 -0.046326841756282003 -0.053391543372988418 -0.050479590603745628 0.0498953408613367 -0.028801398013303389 0.050551655255474538 -0.00053070682215632396 -0.050252416002965351 -0.052301777598668386 -0.052243105267310332 -0.05165575580713444 -0.05083256659150031 -0.050241971161224877 -0.05289951640750639 -0.051175585415010452
leaf_weight=0.37569783398476364 0.005304381357386311 0.036039271944920293 0.0089708019116856441 0.15132506818255495 3.3804073074686034 1.08137801103972 0.80307273224709441 0.062692990212973032 0.033842713460042195 0.044092807254957539 0.056994984244203413 0.059234261358643896 0.057347462418192691 0.075045603991082288 0.018201307748957077 0.0060963879229323633 0.77364515405898804 0.037569998088833254 0.0067248401179322423 0.0063997215385711561 0.64501758046597191 0.0010004106674588167 0.0060204927902929306 0.054902972436472464 0.21756220858814726 0.094570815703294134 0.29334651857110572 0.01822222621856133 0.051807451993227005 0.022443916648626328
leaf_count=28908 404 3170 183 433 4223 465 14309 360 13 3400 44 7 16 40 108 299 1851 240 9 9 65 79 93 59 68 458 7140 751 1 1
internal_value=-0.00699031 -0.00162119 0.00373401 -0.00174417 0.00651667 0.0113147 -0.0348375 0.0446004 -0.0410994 -0.0444873 -0.0461405 4.25961e-05 0.00579419 0.0227142 0.0492654 0.0235451 -0.0529993 -0.050093 -0.0352407 -0.0507884 0.0501485 -0.0508276 -0.0431676 -0.0508881 -0.0515166 -0.0506555 -0.0505254 -0.0514274 -0.052592 -0.0509563
internal_weight=8.48498 7.54511 6.49757 5.72952 4.83067 4.46179 1.04755 0.768048 0.944755 0.910913 0.898845 0.116229 0.10144 0.102794 0.732008 0.0242977 0.782616 0.939864 0.0442948 0.809472 0.707711 0.895569 0.0070209 0.888548 0.368887 0.781837 0.669044 0.112793 0.10671 0.0277483
internal_count=67206 29468 11276 7274 5189 4688 18192 4002 17747 17734 2085 51 3416 445 832 407 2034 37738 249 14318 425 37489 172 37317 501 37257 36048 1209 60 405
is_linear=0
shrinkage=0.05


Tree=113
num_leaves=31
num_cat=0
split_feature=8 65 35 26 21 47 20 31 75 43 75 24 21 10 41 68 4 57 3 74 12 76 24 27 45 75 11 76 27 51
split_gain=0.749528 0.506247 0.588832 0.680601 0.754965 0.95077 0.381592 0.330903 0.211317 0.190366 0.124475 0.0903512 0.0469021 0.00406624 0.00388515 0.0218561 0.000170608 0.000842961 0.000121584 4.44437e-05 4.71177e-05 2.74264e-05 1.93231e-05 1.62538e-05 1.0482e-05 9.57797e-06 9.24036e-06 7.2134e-06 5.81431e-06 3.2398e-06
threshold=-1.0000000180025095e-35 0.5153871774673463 0.89416405558586132 -0.370694950222969 -0.61743792891502369 0.53427961468696605 -0.12172919884324072 1.3247475028038027 0.59456589818000805 0.7364376187324525 3.7639402151107793 0.81012281775474559 -0.88111549615859974 -1.4850929379463194 1.9652850031852724 2.4167197942733769 1.6145588755607607 0.88580158352851879 2.1541967391967778 1.6786593198776247 -1.7381611466407774 1.6458960771560671 2.3647665977478032 0.053181698545813567 -0.24904272705316541 2.1226571798324589 -0.21864474564790723 3.2206478118896489 -0.56175148487091053 2.9148191213607793
decision_type=2 2 2 2 2 2 2 2 2 2 2 2 2 2 2 2 2 2 2 2 2 2 2 2 2 2 2 2 2 2
left_child=14 10 7 4 9 -6 -5 8 -3 -4 19 -10 -8 -9 16 -16 18 -18 21 20 23 22 -1 -2 -23 -15 -21 -22 -28 -20
right_child=1 2 3 6 5 -7 12 13 11 -11 -12 -13 -14 25 15 -17 17 -19 29 26 27 24 -24 -25 -26 -27 28 -29 -30 -31
leaf_value=-0.050396685124978337 -0.050317974870088135 -0.050430537707552715 0.050175950055871499 0.045769671138142204 0.011891463039426682 -0.044532504771381223 0.026216210919086325 0.038595685367389165 -0.050312917758578241 -0.020119741995246861 0.050099015533503891 0.045302703206884724 -0.051975837033429111 -0.050414348073092835 -0.050456117073646091 0.049882079670561852 -0.00049062920100238804 -0.050240045231723068 -0.052185625071444822 -0.050114788131358459 -0.050267591323502281 -0.051572670904849717 -0.051284994347494652 -0.052014279105301091 -0.050230169828849924 -0.051338370990590014 -0.052304467915440668 -0.05077102948343918 -0.051599484582807678 -0.052750118995333051
leaf_weight=0.56820888694964666 0.017353855640599491 0.063256355091001137 0.87036126901573796 0.11521154640649689 2.1606677404359407 1.1407906638260383 0.019568204547929291 0.001285845306244939 0.025232211999740017 0.10829355386771011 0.032191253439964651 1.1865013480699924 0.96220295897562225 0.064021924731623728 0.03575389495030927 0.0063985243737005445 0.0010001314382656048 0.0057285168917884377 0.052338630256425267 0.0084566378311126955 0.22702595174227991 0.090099814067005499 0.068611521707161227 0.075822035149293143 0.017337486858653009 0.04990535460132553 0.04237540005570084 0.10363097716054886 0.094401655474357499 0.049416817724704742
leaf_count=35864 1166 2976 137 401 1623 3467 66 28 930 71 11 638 2121 616 240 9 78 94 59 290 14045 458 184 210 751 29 36 87 520 1
internal_value=-0.00683272 -0.00158491 0.00232155 -0.0051778 0.00382784 -0.00760536 -0.0403152 0.0313279 0.0386608 0.0423973 -0.045553 0.0433117 -0.0504173 -0.0498212 -0.0500432 -0.0352253 -0.0507756 -0.0428454 -0.0508387 -0.0509639 -0.0507052 -0.0506171 -0.0504924 -0.0516983 -0.051356 -0.0508191 -0.0517187 -0.0504254 -0.0518179 -0.0524598
internal_weight=8.26345 7.36856 6.7673 5.3771 4.28011 3.30146 1.09698 1.3902 1.27499 0.978655 0.601258 1.21173 0.981771 0.115213 0.894894 0.0421524 0.852742 0.00672865 0.846013 0.569067 0.423833 0.744258 0.63682 0.0931759 0.107437 0.113927 0.145234 0.330657 0.136777 0.101755
internal_count=67206 29468 13103 7886 5298 5090 2588 5217 4544 208 16365 1568 2187 673 37738 249 37489 172 37317 16354 15508 37257 36048 1376 1209 645 846 14132 556 60
is_linear=0
shrinkage=0.05


Tree=114
num_leaves=31
num_cat=0
split_feature=8 5 30 26 21 47 79 79 80 55 75 17 29 17 38 12 22 21 41 68 3 75 4 57 3 47 18 51 0 0
split_gain=0.714559 0.488304 0.528873 0.653953 0.781688 0.68583 0.350078 0.154289 0.137303 0.124523 0.105504 0.104104 0.0923657 0.0886086 0.0751458 0.00666934 0.0170356 0.0038285 0.00368044 0.0207813 0.00127579 0.000511197 0.000175416 0.000837041 0.00010511 1.77543e-05 1.47506e-05 2.75703e-06 2.45678e-06 1.70678e-06
threshold=-1.0000000180025095e-35 0.64663055539131176 0.55620875954628002 -0.370694950222969 -0.61743792891502369 0.53427961468696605 1.0280530452728274 1.1226637959480288 -1.4108999371528623 0.60928314924240123 3.7639402151107793 -0.10878027603030203 2.3303406238555913 -0.11626311019062995 0.95226320624351513 0.5348653793334962 -1.1239438056945799 -0.79271048307418812 1.9652850031852724 2.4167197942733769 1.493992865085602 1.6698893904685976 1.6145588755607607 0.88580158352851879 2.1541967391967778 -2.948637723922729 1.8579002022743227 2.9148191213607793 1.0543754100799563 2.3301833868026738
decision_type=2 2 2 2 2 2 2 2 2 2 2 2 2 2 2 2 2 2 2 2 2 2 2 2 2 2 2 2 2 2
left_child=18 8 9 4 12 -6 17 -8 14 -3 11 13 -4 -10 29 21 -17 -5 22 -20 -13 -11 24 -24 25 28 -27 -26 -1 -2
right_child=1 2 3 6 5 -7 7 -9 10 15 -12 20 -14 -15 -16 16 -18 -19 19 -21 -22 -23 23 -25 27 26 -28 -29 -30 -31
leaf_value=-0.050000218503881061 -0.05002711827829797 -0.050134257256103001 0.017396421990198401 -0.061654227650752493 0.011402973615600385 -0.03526249054335541 0.045860228910619125 -0.051043810845674359 -0.050114916935657096 0.045551337655928857 0.050072190240285898 -0.050878635793520061 0.050452924645195699 0.048339734845135408 0.050011433585128579 0.048264708670550785 -0.05004494421064877 -0.052815077950592905 -0.050433795246167347 0.049867544730196028 -0.027724750101449338 0.050489698532684951 -0.00046610061094544376 -0.050228292214589368 -0.052075511345234277 -0.050465039129543733 -0.051475725377532068 -0.052608808890145443 -0.051778163832476909 -0.051061042909936155
leaf_weight=0.0020639128346231486 0.004965581298981169 0.033171059120256863 0.28090468360491416 0.15340742600231649 2.149656369742905 1.242391551711602 0.1482318116174533 0.056821978382492755 0.040490336614074904 0.057521586588649143 0.03063127077391592 0.73274538997976379 0.85304196467958049 0.052464123126273868 0.06823434168822029 0.016840640536520846 0.0059683010727932797 0.6081035487361468 0.034024829497787748 0.0060881948795888782 0.0059980673130155529 0.58899820501002764 0.0010001267348180845 0.0054503766707092449 0.049888658400442765 0.63496519176381039 0.038277106757694024 0.047129802405834198 0.033162608742713928 0.020348092541098595
leaf_count=479 412 3170 70 26 1582 3334 95 220 3520 360 13 14165 27 40 32 75 332 1920 240 9 9 65 78 94 59 36410 363 1 5 1
internal_value=-0.0067125 -0.00155529 0.00357701 -0.00164766 0.00632521 -0.005689 -0.0389811 0.0190074 -0.0348178 0.0444266 -0.0410593 -0.0444157 0.0422641 0.00545355 0.0227166 0.0491129 0.0225405 -0.0545957 -0.0499949 -0.0352105 -0.0506906 0.0500503 -0.0507254 -0.0425128 -0.0507911 -0.0505798 -0.0505225 -0.0523346 -0.051674 -0.0508582
internal_weight=8.00299 7.15094 6.19506 5.49256 4.52599 3.39205 0.966565 0.205054 0.955877 0.7025 0.862329 0.831698 1.13395 0.0929545 0.093548 0.669329 0.0228089 0.761511 0.852051 0.040113 0.738743 0.64652 0.811938 0.0064505 0.805487 0.708469 0.673242 0.0970185 0.0352265 0.0253137
internal_count=67206 29468 11276 7274 5013 4916 2261 315 18192 4002 17747 17734 97 3560 445 832 407 1946 37738 249 14174 425 37489 172 37317 37257 36773 60 484 413
is_linear=0
shrinkage=0.05


Tree=115
num_leaves=31
num_cat=0
split_feature=15 57 35 39 12 73 74 38 1 79 75 12 14 21 50 54 55 14 49 74 15 23 38 22 38 41 79 45 12 12
split_gain=0.735495 0.40192 0.609066 0.701217 0.48693 0.567378 0.368765 0.174183 0.1679 0.128732 0.103665 0.0753707 0.0744021 0.0706631 0.159431 0.113616 0.0218608 0.147951 0.0126991 0.0118616 0.0101912 0.000624872 0.000547927 0.000278829 0.00627351 7.49684e-05 6.00781e-05 5.55212e-05 1.68931e-05 1.44431e-05
threshold=1.8345543146133425 1.0267791152000429 0.93406900763511669 1.4445225000381472 0.59287601709365856 1.7741302847862246 1.9243184924125674 0.73225519061088573 1.7343032956123354 1.2588523030281069 3.7639402151107793 0.57274243235588085 1.0697324872016909 0.93925926089286815 0.011968091595917942 0.64513263106346141 0.8833913803100587 0.87093728780746471 -0.023178284056484696 0.28659129887819296 1.6680490970611574 2.1616613864898686 1.2492735981941225 -1.6589050292968748 1.5181714296340945 0.028123158030211929 0.94086700677871715 -0.7151409089565276 -1.2802843451499937 -1.7381611466407774
decision_type=2 2 2 2 2 2 2 2 2 2 2 2 2 2 2 2 2 2 2 2 2 2 2 2 2 2 2 2 2 2
left_child=8 10 7 6 5 -5 21 9 13 -3 12 -10 27 23 15 22 -9 -18 20 -17 -16 -4 -15 24 -1 -20 -25 -2 -29 -28
right_child=1 2 3 4 -6 -7 -8 16 11 -11 -12 -13 -14 14 18 19 17 -19 25 -21 -22 -23 -24 26 -26 -27 29 28 -30 -31
leaf_value=-0.050259857362856264 -0.05196032008110775 -0.050834130809719186 -0.049851157278011773 -0.040270525987229425 -0.065494940612879179 0.020187990547550896 0.024746014205902549 0.049908812410059643 -0.050059298388811915 0.05004714118071734 0.05009748540805771 0.047245412277863205 0.050020856846166653 -0.050145880516328067 -0.050000366645443141 -0.050000404361334252 -0.050557675494939551 0.048966021943170963 -0.052408054377647229 0.047271659872145946 0.049673501007355597 -0.052851081024319069 -0.013180864015773414 -0.050159274265895386 0.049514784018821083 -0.0502705045656918 -0.051348437921324076 -0.051412767104668633 -0.050515136998240444 -0.05075103597123274
leaf_weight=0.040645671386256244 0.1106958792193225 0.088687514119020719 0.23622285067516546 0.44804234675817944 0.21521705985410156 2.8985542767467112 0.18955288878981624 0.69891450708491465 0.026629252201640558 0.049147420245738746 0.029132263779304834 0.078764583803116378 0.018977196662261164 0.045936981904227236 0.0045935127418070265 0.0032339672878833872 0.044237477959725713 0.23959420148264082 0.050713549513491163 0.10143649950715555 0.0058057864644069923 0.654622601059343 0.0010248573256284024 0.47902401211378537 0.0016390006665243919 0.21457863851218428 0.16013135777932891 0.063976650607023566 0.29003550348330559 0.27479017385001669
leaf_count=2067 110 61 234 363 61 158 31 19 753 15 2 160 14 5674 792 552 79 59 560 361 8 218 122 39400 18 4250 1343 111 516 9095
internal_value=-0.00658108 0.000914639 0.00468929 -0.003297 0.00740563 0.0120938 -0.038581 0.0377739 -0.038174 -0.0148632 -0.041503 0.02266 -0.0470201 -0.0428081 -0.0259048 0.0152759 0.0451565 0.0334544 -0.0485545 0.0442663 0.00564619 -0.0520556 -0.0493392 -0.0503619 -0.0463925 -0.0506791 -0.0505455 -0.050983 -0.0506774 -0.050971
internal_weight=7.76456 6.27561 5.76279 4.64221 3.56181 3.3466 1.0804 1.12058 1.48895 0.137835 0.512817 0.105394 0.483685 1.38355 0.427324 0.151632 0.982746 0.283832 0.275691 0.10467 0.0103993 0.890845 0.0469618 0.95623 0.0422847 0.265292 0.913946 0.464708 0.354012 0.434922
internal_count=67206 2051 1298 1065 582 521 483 233 65155 76 753 913 751 64242 12319 6709 157 138 5610 913 800 452 5796 51923 2085 4810 49838 737 627 10438
is_linear=0
shrinkage=0.05


Tree=116
num_leaves=31
num_cat=0
split_feature=8 5 34 12 34 1 16 51 74 75 23 41 68 75 60 37 11 4 46 3 16 12 6 36 1 65 76 79 74 1
split_gain=0.65842 0.446411 0.469936 0.440114 0.567449 0.473298 0.119054 0.242557 0.111154 0.107486 0.00558857 0.00344036 0.0196793 0.0024581 0.00239404 0.00940037 0.000444822 0.000171864 0.000744107 0.000100914 7.85108e-05 2.91716e-05 2.90292e-05 2.12052e-05 2.04783e-05 1.96753e-05 1.85706e-05 1.39648e-05 1.14649e-05 8.17323e-06
threshold=1.0000000180025095e-35 0.64663055539131176 2.1521906852722172 0.59287601709365856 2.0343699455261235 1.4037316441535952 2.5662000179290776 1.188472628593445 0.94168221950531017 3.7639402151107793 2.5573228597640996 1.9652850031852724 2.4167197942733769 0.42477801442146307 1.7114073038101199 2.5253685712814335 -0.16074637323617932 1.6145588755607607 1.0232201814651491 2.1541967391967778 2.0730055570602421 -1.7381611466407774 0.070199798792600646 0.96637389063835155 -0.17775498330593106 0.25556385517120367 1.6458960771560671 1.0445993542671206 3.6439321041107182 0.047635121271014221
decision_type=2 2 2 2 2 2 2 2 2 2 2 2 2 2 2 2 2 2 2 2 2 2 2 2 2 2 2 2 2 2
left_child=11 6 3 4 5 -3 9 24 10 21 -5 17 -13 -6 15 -4 -10 19 -19 26 23 25 29 -16 -8 -2 27 -1 -23 -9
right_child=1 2 14 8 13 -7 7 22 16 -11 -12 12 -14 -15 20 -17 -18 18 -20 -21 -22 28 -24 -25 -26 -27 -28 -29 -30 -31
leaf_value=-0.050175763626104208 -0.051513496914841042 0.014283127872754212 -0.05015247059096245 -0.050317240581272508 0.042992873517597251 -0.021215619824856036 0.048826657842702591 -0.050337194887918692 0.050015791810174959 0.050059249801203111 -0.06823920612237333 -0.050424438627845902 0.049858349809665289 0.050717937059392794 -0.051901761235757342 0.050001340948037133 0.035455799381716502 -0.050208354165201752 -0.0028861167090248638 -0.052261579921536398 -0.052357481252759942 -0.050345288627427591 -0.052491140843163454 -0.05048725315295291 0.050203012850929346 -0.050261832522822639 -0.051163295374959478 -0.050683239319675458 -0.051372582754206357 -0.051340458536568823
leaf_weight=0.30837006143268753 0.12270670426061692 3.0920360740235981 0.012756645026505396 0.055917669586802055 0.12177745017386155 1.3484490031100236 0.047336945093789939 0.035114998837657174 0.017843960848946135 0.027723306501086342 0.19584356284813964 0.032362179041004913 0.0057633328456677671 0.66697776956324162 0.035299010574817685 0.0028699783118870904 0.0074299328207833503 0.004878735390565922 0.0010011695486013125 0.094189229681715614 0.21430389536649094 0.41018748348990419 0.045206032693386078 0.10623635114008356 0.062983812997117583 0.042192508302157039 0.092853326222002264 0.24191135847820577 0.029085282004146507 0.048117760329574821
leaf_count=28908 1104 6883 150 1240 139 2245 72 292 9 13 10 240 9 65 6 9 207 78 94 60 23 15716 1 290 2 917 1209 7140 62 13
internal_value=-0.00646119 -0.00143025 0.00351917 0.00719128 0.0104449 0.00350317 -0.0348436 -0.00476468 -0.0542239 -0.0462088 -0.0642586 -0.0499137 -0.035265 0.0495252 -0.0509127 -0.0317583 0.0457355 -0.0506652 -0.0421508 -0.0507331 -0.0517539 -0.0506262 -0.0514712 -0.05084 0.0496124 -0.0511932 -0.0505092 -0.0503989 -0.0504133 -0.0509172
internal_weight=7.52973 6.7484 5.87774 5.50628 5.22924 4.44049 0.870655 0.23876 0.277035 0.631895 0.251761 0.781329 0.0381255 0.788755 0.371466 0.0156266 0.0252739 0.743204 0.0058799 0.737324 0.355839 0.604172 0.128439 0.141535 0.110321 0.164899 0.643135 0.550281 0.439273 0.0832328
internal_count=67206 29468 11276 10798 9332 9128 18192 380 1466 17812 1250 37738 249 204 478 159 216 37489 172 37317 319 17799 306 296 74 2021 37257 36048 15778 305
is_linear=0
shrinkage=0.05


Tree=117
num_leaves=31
num_cat=0
split_feature=15 3 34 12 34 43 20 1 34 43 17 10 21 10 36 5 21 0 17 32 36 22 38 25 10 79 15 24 19 6
split_gain=0.66889 0.369811 0.428683 0.405033 0.524293 0.603476 0.200777 0.163854 0.0996649 0.0863728 0.0720523 0.0711822 0.037699 0.165093 0.0318653 0.0160982 0.00177855 0.00100748 0.00361485 0.00661667 0.000331369 0.000270544 0.00590244 0.000168196 5.17163e-05 4.9237e-05 3.98207e-05 8.24396e-06 5.37645e-06 4.27313e-06
threshold=1.8345543146133425 1.0746409296989443 2.1521906852722172 0.59287601709365856 2.0343699455261235 0.54184880852699291 1.9092661142349245 1.7343032956123354 0.54451447725296032 1.4976862668991091 -0.90945571660995472 -1.316178500652313 0.93925926089286815 -1.3995667099952696 2.3782827854156499 1.8104516267776491 0.94925287365913402 2.3893173933029179 -0.89448991417884816 2.1519973278045659 1.836702883243561 -1.6589050292968748 1.5181714296340945 1.8056026697158816 -0.19364593923091886 0.94086700677871715 2.6849206686019902 2.8201665878295903 1.0241708159446719 -0.20172294229269025
decision_type=2 2 2 2 2 2 2 2 2 2 2 2 2 2 2 2 2 2 2 2 2 2 2 2 2 2 2 2 2 2
left_child=7 6 3 4 5 -3 20 9 -8 12 -5 -9 21 16 -15 -11 -14 18 -4 -20 24 22 -1 -6 27 -23 28 -2 -19 -26
right_child=1 2 17 10 23 -7 8 11 -10 15 -12 -13 13 14 -16 -17 -18 26 19 -21 -22 25 -24 -25 29 -27 -28 -29 -30 -31
leaf_value=-0.050234666637132275 -0.051579229622028266 0.024635154483341578 -0.050525802626373066 0.0078464870002903937 0.050897453821095021 -0.013829046274754064 0.050082585567738619 0.04730012238258563 -0.050358126868899504 -0.050125929994712708 -0.065571932466282179 -0.050055413525941075 0.050147652354747413 -0.048680460294440758 0.035860549262479231 0.050008250200689025 0.024981462582715358 -0.051239801287189503 -0.05011046549667747 0.050001277151824765 -0.054605315456572434 -0.050146256162799954 0.04947772785515539 0.049306379161973619 -0.050592761065653816 -0.050914914522571256 -0.052734524519207716 -0.052459255307945485 -0.051779296636794474 -0.051257561760060723
leaf_weight=0.03687167782457923 0.065807563837326721 1.973203103706499 0.031031764442110445 0.039820610946773083 0.49523883210031228 2.1103338664048641 0.085103897959015753 0.076712739377398975 0.034796292911047674 0.0046526177928439888 0.20783374384795178 0.024859883889925771 0.049334887579789224 0.3027155779115141 0.011572179261580107 0.029231528993902238 0.0081853752544761432 0.099494511837275909 0.0041738631423825804 0.0027300112415105104 0.077239351796599465 0.43738193425485905 0.001546377377382945 0.24992624876485203 0.25166813659090481 0.39783631698475663 0.098355369630175382 0.044681649655103683 0.086182598907372968 0.026739681066677734
leaf_count=2061 75 222 52 33 13 604 5 26 97 428 85 887 2 11803 149 15 219 32 57 8 11 39399 18 48 644 10148 14 1 11 39
internal_value=-0.00628514 0.00095298 0.00504826 0.00859672 0.0117952 0.00475721 -0.0367711 -0.0376527 0.0209336 -0.0425058 -0.0537669 0.0234724 -0.0446487 -0.0313141 -0.0455676 0.0362589 0.0465664 -0.0508989 -0.0432457 -0.0105231 -0.051614 -0.0503237 -0.0462211 0.0503638 -0.0510198 -0.0505124 -0.0519211 -0.0519351 -0.0514902 -0.0506566
internal_weight=7.36526 5.98436 5.39832 5.07636 4.8287 4.08354 0.586037 1.3809 0.1199 1.27933 0.247654 0.101573 1.24544 0.371808 0.314288 0.0338841 0.0575203 0.321968 0.0379356 0.00690387 0.466136 0.873636 0.0384181 0.745165 0.388897 0.835218 0.284032 0.110489 0.185677 0.278408
internal_count=67206 2051 1179 1005 887 826 872 65155 102 64242 118 913 63799 12173 11952 443 221 174 117 65 770 51626 2079 61 759 49547 57 76 43 683
is_linear=0
shrinkage=0.05


Tree=118
num_leaves=31
num_cat=0
split_feature=15 8 34 12 34 48 1 4 43 17 21 10 40 9 52 21 67 14 61 4 30 1 19 70 47 31 72 17 9 16
split_gain=0.63742 0.356512 0.373682 0.38588 0.534802 0.456283 0.155645 0.0849819 0.0677189 0.0676309 0.0352622 0.14797 0.039777 0.0250601 0.00635835 0.00300892 0.000791943 0.0020437 0.00573259 0.000159228 0.000666876 0.000100367 0.000403602 5.01891e-05 3.31231e-05 1.90351e-05 5.82538e-05 9.98854e-06 4.90409e-08 4.54956e-09
threshold=1.8345543146133425 -1.0000000180025095e-35 2.1521906852722172 0.59287601709365856 2.0343699455261235 2.6616942882537846 1.7343032956123354 1.7372652888298037 -1.0020317435264585 -0.87952396273612965 0.93925926089286815 -1.3995667099952696 1.7371196746826174 0.21253615617752078 2.7732875347137456 0.94925287365913402 1.9001119136810305 1.3233668804168703 1.5694630742073061 1.6145588755607607 0.78828933835029613 1.5727736949920657 -1.0000000180025095e-35 2.5391676425933842 1.2671875953674319 0.3198328316211701 -0.3361425101757049 -0.43803000450134272 0.18823094666004184 -0.050523173063993447
decision_type=2 2 2 2 2 2 2 2 2 2 2 2 2 2 2 2 2 2 2 2 2 2 2 2 2 2 2 2 2 2
left_child=6 14 3 4 5 -3 7 10 -8 -5 19 15 -13 28 21 -12 17 18 -4 24 -21 23 -23 27 -1 -15 -27 -2 -9 -10
right_child=1 2 16 9 -6 -7 8 13 29 -11 11 12 -14 25 -16 -17 -18 -19 -20 20 -22 22 -24 -25 -26 26 -28 -29 -30 -31
leaf_value=-0.05036753742260576 -0.050454213615483669 0.011514781990811428 0.02965707217193253 0.007464919297904599 0.050311633530157919 -0.029625881317086059 0.047119115453266316 -0.050005819673193876 -0.050014690795153284 -0.063414421026963402 0.050137681019569724 -0.050540607253744679 0.018479885390542607 0.049921725024989191 -0.02134043967761403 0.010403028631377074 -0.05192218932986456 -0.050588979640867685 -0.050205414234586881 -0.0050367318822914561 -0.050186173228074539 -0.023112435298700891 -0.050347773851101278 -0.052254626168412713 -0.051390166024762887 0.049741458266023358 0.039525862948957977 -0.051128072006663208 -0.050274171475236766 -0.050063530898817647
leaf_weight=0.73935568219558701 0.10441970265480119 3.4344767858414871 0.0032598302434838702 0.03976900759783894 0.70970071288538683 0.8384967955530146 0.073329731303616086 0.0024811395521317373 0.0066080207444711324 0.21889989115448963 0.046937895795963469 0.27101976643552683 0.022616434800004248 0.024761105153402241 0.019126592693620492 0.0053026868186084588 0.24983294055264865 0.034544251599414259 0.0072321456994428601 0.0010013011101809629 0.0044643129185425118 0.0015995449966341732 0.0090937833763333198 0.082506818816885763 0.088681094029473329 0.0051649732477017088 0.0019121710781784401 0.11617771744429459 0.0054251244899347619 0.017125994061546201
leaf_count=50181 199 801 24 32 42 137 46 344 368 98 2 11289 537 19 19 211 39 37 40 109 76 15 102 35 1379 11 77 431 7 499
internal_value=-0.00612898 0.00092333 0.00394527 0.00702639 0.0101175 0.00344164 -0.0375766 -0.0424282 0.0233594 -0.0525171 -0.0448516 -0.0314304 -0.0452245 0.0294832 -0.0493287 0.0461044 -0.050822 -0.044719 -0.0253923 -0.0504209 -0.0419148 -0.0510346 -0.0462738 -0.0512026 -0.0504771 0.0492681 0.0469813 -0.0508091 -0.05019 -0.0500499
internal_weight=7.18532 5.86914 5.53621 5.24134 4.98267 4.27297 1.31619 1.21912 0.0970637 0.258669 1.17938 0.345877 0.293636 0.0397445 0.332924 0.0522406 0.294869 0.0450362 0.010492 0.833502 0.00546561 0.313798 0.0106933 0.303104 0.828037 0.0318382 0.00707714 0.220597 0.00790626 0.023734
internal_count=67206 2051 1250 1110 980 938 65155 64242 913 130 63784 12039 11826 458 801 213 140 101 64 51745 185 782 117 665 51560 107 88 630 351 867
is_linear=0
shrinkage=0.05


Tree=119
num_leaves=31
num_cat=0
split_feature=15 8 18 12 34 34 1 43 74 12 21 10 25 36 5 52 21 49 22 38 1 19 75 5 10 17 74 21 52 0
split_gain=0.607793 0.336816 0.355902 0.357909 0.383764 0.439874 0.147907 0.0778815 0.0677974 0.064725 0.035183 0.148035 0.0331021 0.029642 0.0145578 0.00664268 0.00194205 0.000751266 0.00025311 0.00546519 0.000105476 0.000423748 5.3621e-05 4.26126e-05 3.241e-05 8.52091e-06 2.39106e-06 7.84417e-07 4.18079e-07 7.70349e-09
threshold=1.8345543146133425 1.0000000180025095e-35 2.3103229999542241 0.59287601709365856 2.1521906852722172 2.0343699455261235 1.7343032956123354 1.4976862668991091 0.94168221950531017 0.57274243235588085 0.93925926089286815 -1.3995667099952696 2.1343181133270268 2.3782827854156499 1.8104516267776491 2.7732875347137456 0.94925287365913402 1.7043709158897402 -1.6589050292968748 1.5181714296340945 1.5727736949920657 -1.0000000180025095e-35 0.42477801442146307 1.5771037936210635 1.4976368546485903 -0.43803000450134272 1.7605457305908205 -0.46907122433185572 2.5573668479919438 2.1527830362319951
decision_type=2 2 2 2 2 2 2 2 2 2 2 2 2 2 2 2 2 2 2 2 2 2 2 2 2 2 2 2 2 2
left_child=6 15 3 4 5 -3 7 10 -5 -8 18 16 -10 -13 29 20 -12 -6 19 -1 23 -22 -4 25 -20 -2 27 -24 -25 -9
right_child=1 2 22 8 17 -7 9 14 12 -11 11 13 -14 -15 -16 -17 -18 -19 24 -21 21 -23 26 28 -26 -27 -28 -29 -30 -31
leaf_value=-0.050212135731992028 -0.050433312072576168 0.0066421274048954959 -0.052066808387736307 -0.062563085663236664 -0.044591400803444647 0.050245104118261733 -0.050050509498012596 -0.050000240427716849 -0.044782302620099315 0.047037906218306863 0.050127914883290325 -0.048386188306714983 0.050015727906139867 0.035101149929412288 0.050007465581854309 -0.020450363181170588 0.023300559489315302 -0.051856614998764233 -0.050390141760245283 0.049437450073263001 -0.022192833875666382 -0.050329147657821455 -0.050737384703403526 -0.052013293773372604 -0.051916872786201364 -0.051071651029586621 -0.051148141448506268 -0.050464869441220861 -0.052243700625293467 -0.050154050493290352
leaf_weight=0.033364677705540788 0.099066780880779221 4.0059290143234163 0.14609790622749466 0.2124189276989551 0.042954803992933638 0.67602064569044884 0.022739997856561694 0.0011033507820548444 0.015898260662772251 0.070036839905711273 0.044657189760982874 0.27583478341206547 0.021885008142007417 0.011057993281273326 0.026452988628506841 0.018965344193291434 0.0079463572481465183 0.20732314052687847 0.71996387246413984 0.0014351068934132646 0.0015829691639561742 0.0086533946317763882 0.044994444721198346 0.037789748092458775 0.036524580078011959 0.11069146093817014 0.022073957837385527 0.063918243066753561 0.041102457791566849 0.0031048619567299826
leaf_count=2061 149 814 23 81 94 36 753 382 30 160 2 11803 18 149 15 19 219 30 49396 18 15 102 28 53 151 462 6 90 1 46
internal_value=-0.00596029 0.000888967 0.00380194 0.00675382 0.00971328 0.0129379 -0.0375103 -0.0423631 -0.0515861 0.0232411 -0.0444951 -0.0310304 0.0101271 -0.0451683 0.036266 -0.0491451 0.0460753 -0.0506097 -0.0502721 -0.0461027 -0.0509659 -0.0459781 -0.0514082 -0.0511427 -0.0504639 -0.0507702 -0.0506736 -0.0505775 -0.0521333 -0.0501137
internal_weight=7.03159 5.77737 5.45951 5.18243 4.93223 4.68195 1.25422 1.16145 0.250202 0.0927768 1.13078 0.339496 0.0377833 0.286893 0.0306612 0.317852 0.0526035 0.250278 0.791288 0.0347998 0.298887 0.0102364 0.277085 0.28865 0.756488 0.209758 0.130987 0.108913 0.0788922 0.00420821
internal_count=67206 2051 1250 1103 974 850 65155 64242 129 913 63799 12173 48 11952 443 801 221 124 51626 2079 782 117 147 665 49547 611 124 118 54 428
is_linear=0
shrinkage=0.05


Tree=120
num_leaves=31
num_cat=0
split_feature=15 57 35 39 42 73 74 5 1 3 29 75 44 14 79 21 10 21 50 52 79 23 64 23 22 5 45 79 12 3
split_gain=0.579223 0.346451 0.559683 0.631551 0.434379 0.718676 0.332114 0.284876 0.140484 0.138054 0.131602 0.0876969 0.0647745 0.0630306 0.0618337 0.0341681 0.139939 0.0301453 0.0250024 0.0353895 0.0230416 0.00210926 0.000746982 0.000609036 0.000259068 0.00484541 4.57012e-05 3.14428e-05 1.06807e-05 4.9408e-06
threshold=1.8345543146133425 1.0267791152000429 0.93406900763511669 1.4445225000381472 1.8857456445693972 1.9464800953865053 1.9243184924125674 1.3685500025749209 1.7343032956123354 1.0746409296989443 0.54433509707450878 3.7639402151107793 1.4613662958145144 1.0697324872016909 -0.0926382541656494 0.93925926089286815 -1.3995667099952696 1.6253590583801272 1.0352756381034853 1.8941821455955508 1.1373008489608767 0.5864602029323579 0.88359475135803234 2.1616613864898686 -1.6589050292968748 1.2810437679290774 -0.7151409089565276 0.94086700677871715 -1.2802843451499937 1.2250207066535952
decision_type=2 2 2 2 2 2 2 2 2 2 2 2 2 2 2 2 2 2 2 2 2 2 2 2 2 2 2 2 2 2
left_child=8 11 9 6 5 -5 23 -6 12 10 -3 13 15 26 -10 24 21 -18 22 -20 -14 -17 -11 -4 25 -1 29 -26 -28 -2
right_child=1 2 3 4 7 -7 -8 -9 14 18 -12 -13 20 -15 -16 16 17 -19 19 -21 -22 -23 -24 -25 27 -27 28 -29 -30 -31
leaf_value=-0.05020895179572904 -0.051514317356931127 0.05012040884383441 -0.049592473534920113 -0.045782861329471652 0.004615626569687001 0.031709378724945794 0.023078352511331179 -0.048914125387635884 0.046943008219361454 0.050358374599112021 -0.050623920192568631 0.050082374702515677 0.050007101355583353 0.050017663011830228 -0.05004808730589641 0.011838654130233921 -0.05049205611053758 0.0043703552445731849 0.0039503962542135262 0.050221438354964065 -0.050107089248594784 0.048871698521566143 0.046995459396984157 -0.052695621117313511 -0.050125879087262452 0.043261016467346203 -0.051208677048711397 -0.050787563194612306 -0.05043469417437927 -0.052230526341590568
leaf_weight=0.028917682024626593 0.058588901325187126 0.054862914877841951 0.21433188316378893 0.35568316873204753 0.53525264744188039 1.8839828874773565 0.18037989878801031 0.46400655689726411 0.066905126217058353 0.45239279816769329 0.079229612374233593 0.024632170843871204 0.025163040505466534 0.016098113019063831 0.021782349354685038 0.0041943582554275207 0.2460319247935833 0.02787542440487803 0.081021534285075081 0.084338759975948752 0.0074485042325944028 0.046155050484230742 0.26004588727965616 0.60285257768254308 0.37642806426717568 0.0014563479493167461 0.054310599144137828 0.34325795063202846 0.2486119095137535 0.040883012444339784
leaf_count=2023 108 4 234 405 16 107 31 54 75 6 108 2 18 14 838 209 11172 690 50 13 595 12 52 218 39399 42 111 10082 516 2
internal_value=-0.00579231 0.000853633 0.00443813 -0.00354168 0.00717207 0.0194028 -0.0383274 -0.0202409 -0.0374291 0.0378472 -0.00940516 -0.0416012 -0.0422804 -0.0469976 0.0231212 -0.0443877 -0.0308259 -0.0449087 0.0450655 0.02755 0.0271409 0.0457867 0.0491309 -0.0518817 -0.0502506 -0.0457273 -0.0508788 -0.0504415 -0.0505735 -0.0518087
internal_weight=6.88712 5.69151 5.24838 4.23649 3.23893 2.23967 0.997564 0.999259 1.19562 1.01189 0.134093 0.443125 1.10693 0.418493 0.0886875 1.07432 0.324257 0.273907 0.877799 0.16536 0.0326115 0.0503494 0.712439 0.817184 0.75006 0.030374 0.402394 0.719686 0.302923 0.0994719
internal_count=67206 2051 1298 1065 582 512 483 70 65155 233 112 753 64242 751 913 63629 12083 11862 121 63 613 221 58 452 51546 2065 737 49481 627 110
is_linear=0
shrinkage=0.05


Tree=121
num_leaves=31
num_cat=0
split_feature=8 65 35 25 42 35 20 4 27 47 24 75 49 65 52 76 4 17 4 50 5 1 47 74 12 70 19 76 27 25
split_gain=0.532465 0.376046 0.46911 0.57586 0.772718 0.450769 0.433667 0.328064 0.19121 0.105933 0.102861 0.0903 0.0875152 0.016997 0.00327744 0.015763 0.00228788 0.00300063 0.000160453 0.000538243 6.94029e-05 0.000116871 0.000794217 2.99896e-05 1.74819e-05 1.22275e-05 9.84124e-06 8.56001e-06 5.93265e-06 3.93351e-06
threshold=-1.0000000180025095e-35 0.5153871774673463 0.93406900763511669 2.3200205564498906 1.8857456445693972 2.034300804138184 1.3377668857574465 0.77314764261245739 -0.30775731801986689 -0.23068029433488843 0.81012281775474559 3.7639402151107793 -0.28273622691631312 2.0639343261718754 2.7732875347137456 0.16658386588096621 1.3472357392311098 -0.67748430371284474 1.6145588755607607 0.58638191223144542 1.5771037936210635 1.5727736949920657 0.35692842304706579 1.6786593198776247 -1.7381611466407774 2.5391676425933842 0.29452098906040197 0.45290234684944158 0.053181698545813567 1.8056026697158816
decision_type=2 2 2 2 2 2 2 2 2 2 2 2 2 2 2 2 2 2 2 2 2 2 2 2 2 2 2 2 2 2
left_child=14 11 8 6 5 -5 12 -8 9 -3 -11 23 -4 -6 18 -16 17 -17 20 -20 21 27 -23 24 28 -22 -25 -1 -2 -10
right_child=1 2 3 4 13 -7 7 -9 29 10 -12 -13 -14 -15 15 16 -18 -19 19 -21 25 22 -24 26 -26 -27 -28 -29 -30 -31
leaf_value=-0.050218359366038148 -0.050211373427413511 -0.050525473309609284 0.037006030182107803 0.036395011434180974 -0.033737538794520072 -0.051489810632069782 -0.051076180193892519 0.0087043743180615259 -0.050144142261123119 -0.05018984701159062 0.041958114756128782 0.050067501788404245 -0.050545708003106884 -0.056193494786375253 -0.050436112753235611 0.050004495900660244 0.050015778585584418 -0.050072973451632065 -0.0087611816349791941 -0.05016861126285066 -0.050268472005291137 -0.0027409382395046414 -0.050040710759545082 -0.051133773626183654 -0.050313983148058343 -0.052098254175714911 -0.05210349061760871 -0.050642339352804523 -0.051449025092786961 -0.050908834784178229
leaf_weight=0.21147260254175237 0.01175413892827612 0.034008802272368466 0.029445460818268154 1.5733707469447802 0.1219078623450508 0.16081655607772471 0.29163301039600997 1.0771617742781412 0.032200187337246479 0.031231382215633041 0.99890135267671154 0.023435221304572762 0.93091764607997785 0.27289720788553207 0.035151239208860707 0.0013477649772539735 0.0047308108769357204 0.0016859153502241644 0.001000106019828805 0.0036455343984542754 0.010356046236495886 0.0010021247997344046 0.0077579578898952289 0.078584494291045914 0.23568472614092614 0.077128224889384756 0.039222359766552195 0.27239024001395756 0.054940029680325408 0.035201110409378809
leaf_count=26626 1166 217 651 181 41 52 1424 624 1941 2613 830 11 4468 26 386 1 1 84 123 49 548 73 181 762 14132 4 84 9662 210 35
internal_value=-0.00570222 -0.00114254 0.00237407 -0.00492339 0.0138725 0.0282452 -0.022104 -0.00403237 0.0311252 0.036298 0.0391644 -0.0454524 -0.0478613 -0.0492595 -0.049531 -0.0361942 0.0282814 -0.00561183 -0.0505098 -0.0412545 -0.0505839 -0.0503534 -0.0446298 -0.0507799 -0.0505162 -0.0518817 -0.0514566 -0.050457 -0.0512309 -0.0505435
internal_weight=6.66098 6.03331 5.58969 4.45815 2.12899 1.73419 2.32916 1.36879 1.13154 1.06414 1.03013 0.443621 0.960363 0.394805 0.627669 0.0429157 0.00776449 0.00303368 0.584753 0.00464564 0.580107 0.492623 0.00876008 0.420186 0.302379 0.0874843 0.117807 0.483863 0.0666942 0.0674013
internal_count=67206 29468 13103 7467 300 233 7167 2048 5636 3660 3443 16365 5119 67 37738 472 86 85 37266 172 37094 36542 254 16354 15508 552 846 36288 1376 1976
is_linear=0
shrinkage=0.05


Tree=122
num_leaves=31
num_cat=0
split_feature=15 57 56 45 15 45 46 21 10 20 43 14 18 21 31 37 46 79 14 3 22 47 52 54 3 15 45 46 79 10
split_gain=0.523945 0.313324 0.455072 0.464754 0.381178 0.362298 0.264034 0.11672 0.235635 0.0790171 0.075675 0.0573914 0.0387846 0.0288732 0.0288611 0.00542027 0.0103672 0.0439972 0.00538217 0.0051659 0.000311068 0.0045035 0.000271225 9.65003e-05 0.000234917 7.44193e-05 3.37627e-05 2.73617e-05 2.32744e-05 1.00483e-05
threshold=1.8345543146133425 1.0267791152000429 1.0735383629798891 0.40520516037940985 3.0476642847061162 0.62970179319381725 -0.8749195635318755 0.82548582553863536 -1.316178500652313 2.164268016815186 1.4976862668991091 1.0697324872016909 0.31814099848270422 1.6253590583801272 2.2705498933792119 0.73836019635200512 1.3695026040077212 1.4141325950622561 0.78524994850158703 0.83012089133262645 -1.6589050292968748 1.2778716683387759 2.7732875347137456 1.1707162261009219 1.9341287016868594 1.2815190553665163 -0.7151409089565276 -1.0053097605705259 0.94086700677871715 1.4976368546485903
decision_type=2 2 2 2 2 2 2 2 2 2 2 2 2 2 2 2 2 2 2 2 2 2 2 2 2 2 2 2 2 2
left_child=7 9 15 6 5 -5 -4 20 18 11 13 26 -8 27 -15 16 17 -3 19 -9 21 -1 -6 24 -12 -20 -2 -10 -22 -30
right_child=1 2 3 4 22 -7 12 8 10 -11 23 -13 -14 14 -16 -17 -18 -19 25 -21 28 -23 -24 -25 -26 -27 -28 -29 29 -31
leaf_value=-0.050103614806788814 -0.051632068640564938 -0.050281898793634955 0.038883628424911762 0.019093284128942761 0.048087944186466072 -0.014600418216005568 0.010908502641233477 -0.050002158023913112 -0.05158267659776436 0.049837871964605519 0.029743254308503449 0.050016112374778224 -0.052422608387504101 -0.050098717459706205 0.050004347181521282 0.050210550164394088 0.050260529768906326 0.050128952594227741 0.047445720850164214 0.050001761286366603 -0.050115822501586207 0.044325199104012211 0.050562353435139332 0.049782733599799518 0.050006467922774737 0.050196754307644087 -0.05051810293528558 -0.050187724465049044 -0.050615905871432533 -0.0515220422020429
leaf_weight=0.020831865781985304 0.09027359515729827 0.015225137765401353 0.096929322189477918 1.4195125199918952 0.20349058567141387 1.8216994005883478 0.025198226261296197 0.0027508386585968761 0.041638022511975598 0.022344596688526619 0.0022742953348142475 0.014684713267813621 0.59529051794944521 0.01377280747560955 0.015088905929587781 0.41365396982157543 0.07735135406255722 0.038487151265144348 0.039876962101402569 0.0024340131494682282 0.33681284258402244 0.0013441132833194687 0.24298489792272449 0.01740258014408199 0.0038544586859643459 0.064096532645635307 0.27592242616625995 0.22571212974197122 0.27326721554127387 0.034451954230110382
leaf_count=1942 104 91 35 111 40 582 32 349 1209 9 128 14 371 792 12 31 1 1 88 6 37744 42 3 37 2 7 626 13388 9146 263
internal_value=-0.00561018 0.000837531 0.00429012 -0.00104105 0.00612224 0.000155986 -0.0378619 -0.0371131 -0.0167659 -0.041545 -0.03842 -0.0469061 -0.0498507 -0.0452759 0.00223517 0.0474031 0.0385423 0.0216668 0.0466624 -0.00305562 -0.0502027 -0.0443802 0.0494346 0.0478826 0.0424871 0.0491417 -0.0507927 -0.050405 -0.050403 -0.0507174
internal_weight=6.44866 5.35305 4.94982 4.40511 3.68769 3.24121 0.717418 1.09561 0.428902 0.403225 0.319743 0.380881 0.620489 0.296212 0.0288617 0.544718 0.131064 0.0537123 0.109158 0.00518485 0.666708 0.022176 0.446475 0.0235313 0.00612875 0.103973 0.366196 0.26735 0.644532 0.307719
internal_count=67206 2051 1298 1174 736 693 438 65155 16018 753 15568 744 403 15401 804 124 93 92 450 355 49137 1984 43 167 130 95 730 14597 47153 9409
is_linear=0
shrinkage=0.05


Tree=123
num_leaves=31
num_cat=0
split_feature=15 3 30 45 77 40 35 20 1 46 34 43 5 8 21 10 40 5 29 21 22 38 36 10 79 80 13 14 34 81
split_gain=0.49983 0.297467 0.343957 0.447853 0.455004 0.60079 0.381495 0.162684 0.126074 0.119567 0.0812193 0.0641756 0.0547002 0.0326736 0.0306125 0.120399 0.0293745 0.01206 0.00519867 0.00204631 0.000216656 0.00463005 0.000190935 2.87544e-05 1.9917e-05 5.70186e-06 3.29295e-06 2.28035e-07 3.00282e-08 1.96166e-09
threshold=1.8345543146133425 1.0746409296989443 0.57394781708717357 0.40520516037940985 0.67321163415908825 1.9666920900344851 1.9620926380157473 1.9092661142349245 1.7343032956123354 -0.94973352551460255 0.54451447725296032 1.4976862668991091 0.81289052963256847 0.624558985233307 0.93925926089286815 -1.3995667099952696 1.7371196746826174 1.8104516267776491 0.94056820869445812 0.94925287365913402 -1.6589050292968748 1.5181714296340945 1.836702883243561 -0.19364593923091886 0.94086700677871715 -1.4039703011512754 0.50325195491313945 0.43564611673355108 0.77255377173423778 -0.48999169468879694
decision_type=2 2 2 2 2 2 2 2 2 2 2 2 2 2 2 2 2 2 2 2 2 2 2 2 2 2 2 2 2 2
left_child=8 7 18 9 6 -6 -5 22 11 -4 -9 14 -10 -11 20 19 -17 -13 -3 -16 21 -1 23 25 -22 -2 -25 -12 -29 -14
right_child=1 2 3 4 5 -7 -8 10 12 13 27 17 29 -15 15 16 -18 -19 -20 -21 24 -23 -24 26 -26 -27 -28 28 -30 -31
leaf_value=-0.050173221772252308 -0.052058890045486521 0.038737444338472593 0.044465181062905625 0.045506471419649565 -0.028130332145139009 0.025258577610072538 -0.0066580660851856474 0.050042719617477499 0.046839157560679717 -0.0055612004081062663 -0.050411975184713957 -0.050091715220911104 -0.050056740170333028 -0.052837370828568091 0.050098707005805099 -0.050427583441906114 0.0063786228842002335 0.050006193802391012 0.05040784363633162 0.020797543392017365 -0.050110083847555366 0.04933586379982477 -0.053800367176585984 -0.050631612812309247 -0.050675745377843411 -0.051254590761210028 -0.050150175169269985 -0.050222063642465668 -0.050061086079981811 -0.050024746250172537
leaf_weight=0.027438388613160048 0.037985153496265411 0.13983766219029137 0.036709144124669635 1.0024342162935465 1.3985929461828508 0.84548825266460603 0.53892005786470898 0.069415512837622345 0.060289294204267277 0.039728507064201168 0.01636185803658919 0.0034872043567879324 0.010090360603385931 0.45639069949955036 0.037027928598035921 0.21587466382759407 0.025438960523069765 0.02194745047803983 0.30045186929268519 0.0071012977575693114 0.32625600015048806 0.0012209801114507852 0.065660818376706231 0.18304038491252506 0.29752683285692927 0.052478567862872749 0.044068969521958601 0.00482878084676486 0.007241075264943682 0.0091225457929648701
leaf_count=2061 1 57 18 85 575 87 33 5 41 184 6 428 53 123 2 11363 589 15 17 219 39399 18 11 456 10148 75 227 8 83 819
internal_value=-0.00547731 0.000814439 0.00460244 0.000310051 0.00635119 -0.00801533 0.0272676 -0.0366541 -0.03709 -0.0426087 0.0208887 -0.0420844 0.0234265 -0.0490516 -0.0442097 -0.0305526 -0.0444391 0.0362823 0.0467013 0.0453835 -0.0501846 -0.0459338 -0.0513459 -0.0508385 -0.0503799 -0.0515923 -0.0505382 -0.0502904 -0.0501255 -0.0500415
internal_weight=6.28246 5.23963 4.75855 4.31826 3.78544 2.24408 1.54135 0.481081 1.04282 0.532828 0.0978472 0.96332 0.0795022 0.496119 0.937885 0.285443 0.241314 0.0254347 0.44029 0.0441292 0.652442 0.0286594 0.383234 0.317573 0.623783 0.0904637 0.227109 0.0284317 0.0120699 0.0192129
internal_count=67206 2051 1179 1105 780 662 118 872 65155 325 102 64242 913 307 63799 12173 11952 443 74 221 51626 2079 770 759 49547 76 683 97 91 872
is_linear=0
shrinkage=0.05


Tree=124
num_leaves=31
num_cat=0
split_feature=15 34 40 29 75 9 41 1 4 33 21 10 40 15 81 60 59 14 42 4 50 15 79 2 4 14 52 17 10 4
split_gain=0.475768 0.290644 0.374353 0.531817 0.611344 0.32905 0.161619 0.119746 0.0629742 0.0524045 0.0286651 0.107179 0.0368916 0.0196473 0.00337149 0.00239679 0.00145508 0.00265507 0.00845384 0.000145535 0.000438464 2.18821e-05 1.64072e-05 7.28229e-06 1.14892e-05 5.91084e-06 2.38461e-08 2.2733e-08 2.04657e-09 1.76763e-09
threshold=1.8345543146133425 2.1521906852722172 1.9666920900344851 2.550634622573853 0.4813739955425263 1.2212024331092837 1.8872130513191225 1.7343032956123354 1.7372652888298037 1.4604178667068484 0.93925926089286815 -1.3995667099952696 1.7371196746826174 0.83552274107933056 -0.48999169468879694 1.9385366439819338 1.930184602737427 1.3233668804168703 2.1976716518402104 1.6145588755607607 0.31938581168651586 2.6849206686019902 0.94086700677871715 1.9220460653305056 1.912558972835541 1.9163230657577517 3.313621044158936 -1.3060521483421323 0.084314789623022093 0.71909853816032421
decision_type=2 2 2 2 2 2 2 2 2 2 2 2 2 2 2 2 2 2 2 2 2 2 2 2 2 2 2 2 2 2
left_child=7 2 3 4 15 -6 -4 8 10 -9 19 14 -13 26 -12 -2 17 18 27 22 -21 25 -1 24 -15 -18 -10 -3 -11 -30
right_child=1 16 6 -5 5 -7 -8 9 13 28 11 12 -14 23 -16 -17 21 -19 -20 20 -22 -23 -24 -25 -26 -27 -28 -29 29 -31
leaf_value=-0.050102849995678413 -0.051545359944713792 -0.050223613022501695 0.049943769054231049 0.039175544432222216 -0.015690213453900977 0.019648689871852896 0.0055035458978260308 0.046800592983826307 -0.05000515260072054 -0.050006257811128212 0.049612354817942524 -0.050407754367418359 0.020257663042472708 0.046417989168757091 0.0011263753341871508 -0.057833240332435802 -0.05079866435255434 -0.050486125294695698 0.050001444870661299 -0.012113781617158341 -0.050145212571511888 -0.052217175551878096 -0.050618198852525303 0.0499781904440883 0.049874118747048654 -0.051439761989665045 -0.050214679953489272 -0.050027279185510247 -0.050090092475100247 -0.050038729715147383
leaf_weight=0.31729347409736158 0.43265733618927704 0.0044325832277539142 0.54444949152085864 0.63084534545673454 1.5037625317446373 1.1721748734189861 0.32774388893890649 0.057568324730172482 0.001991708910686992 0.0042654872500146592 0.035997789292110838 0.20515376815021197 0.020296710534494222 0.004652695526976558 0.0039819326729603746 0.23325752389423293 0.05698972158105417 0.019080295450761349 0.0030853828648105264 0.001000000373197806 0.0031298187485997442 0.08116693060200908 0.30091744582837782 0.014490436098008944 0.0049767269400149416 0.097402472882878344 0.0042673705846354437 0.0022091938000068046 0.0019406150755685329 0.01224176488595982
leaf_count=40832 475 6 28 24 945 361 32 93 389 210 18 11289 537 32 195 11 37 26 8 152 33 14 10728 15 11 24 11 60 11 599
internal_value=-0.00536142 0.000796461 0.00358216 -0.00293012 -0.0108784 -0.000210264 0.0332445 -0.0370083 -0.0420013 0.0232998 -0.0444236 -0.0306663 -0.0440459 0.0287865 0.0447832 -0.0537479 -0.0502553 -0.039648 -0.0183884 -0.0502912 -0.0409362 -0.0515525 -0.0503537 0.04927 0.0482042 -0.0512031 -0.050148 -0.0501583 -0.0500366 -0.0500458
internal_weight=6.10342 5.10926 4.84489 3.9727 3.34185 2.67594 0.872193 0.994166 0.91815 0.0760162 0.887771 0.26543 0.22545 0.0303789 0.0399797 0.665915 0.264367 0.0288075 0.00972716 0.622341 0.00412982 0.235559 0.618211 0.0241199 0.00962942 0.154392 0.00625908 0.00664178 0.0184479 0.0141824
internal_count=67206 2051 1876 1816 1792 1306 60 65155 64242 913 63784 12039 11826 458 213 486 175 100 74 51745 185 75 51560 58 43 61 400 66 820 610
is_linear=0
shrinkage=0.05


Tree=125
num_leaves=31
num_cat=0
split_feature=8 65 30 26 21 47 44 46 75 75 27 55 0 41 68 24 3 46 75 72 62 57 3 20 76 34 8 26 51 20
split_gain=0.462474 0.324447 0.36172 0.542023 0.563444 0.444924 0.262698 0.208657 0.0761284 0.072344 0.0509415 0.0481352 0.0332419 0.00349356 0.0179225 0.00184744 6.44037e-05 6.38816e-05 0.000529043 4.98846e-05 2.36147e-05 0.000847693 1.90256e-05 7.45251e-06 6.28536e-06 4.67549e-06 4.50611e-06 2.32916e-06 2.07077e-06 7.67102e-07
threshold=-1.0000000180025095e-35 0.5153871774673463 0.55620875954628002 -0.370694950222969 -0.61743792891502369 0.53427961468696605 -0.67281317710876454 0.14041437953710559 3.7639402151107793 2.4056370258331303 0.32589118182659155 0.60928314924240123 2.454364657402039 1.9652850031852724 2.4167197942733769 0.82582664489746105 2.1541967391967778 1.179260849952698 1.1039296388626101 -0.018086695112287995 1.6125726699829104 1.4962190985679629 1.2250207066535952 -1.0203852057456968 0.45290234684944158 -0.13580231368541715 2.4779268503189091 7.2087633609771737 2.9148191213607793 2.0576754808425908
decision_type=2 2 2 2 2 2 2 2 2 2 2 2 2 2 2 2 2 2 2 2 2 2 2 2 2 2 2 2 2 2
left_child=13 8 9 4 7 -6 12 -4 22 11 -8 -3 -5 16 -15 -13 17 20 -19 -11 24 -22 23 25 -1 -2 29 -25 -18 -24
right_child=1 2 3 6 5 -7 10 -9 -10 19 -12 15 -14 14 -16 -17 28 18 -20 -21 21 -23 26 27 -26 -27 -28 -29 -30 -31
leaf_value=-0.050159973220771842 -0.050001219531273705 -0.050006694266951236 -0.051155853565416159 -0.050098471573754244 0.010621093784657233 -0.0303752255516644 -0.051275938531198217 0.04771876276436169 0.050054502988290242 -0.042494013622341453 0.014545901792164554 0.033168357092852173 0.050284304959675979 -0.050365295446058167 0.049879540513775883 0.050169820183731562 -0.0515129714005403 -0.050038915031395487 -0.011819765704669461 -0.050515281029885319 -0.0058693682453929974 -0.050351709278255496 -0.050863062316410329 -0.050288790831950682 -0.050572851041886996 -0.051191248667037871 -0.051782046209961533 -0.050871836427825112 -0.052038907152058826 -0.0512475574015036
leaf_weight=0.15551244536491443 0.01001616936271367 0.012464063555653104 0.057073859852536879 0.0091412117014665339 1.7851075646491799 1.0517384611715865 0.70404869070871212 0.81967688418841267 0.019789258858042502 0.0021718255257788662 0.030675628052832082 0.016570171247266785 0.08432924747467041 0.026140973087003631 0.0053756607230551262 0.44753917155224632 0.037219986452877607 0.0092114161588162779 0.0010041668542252634 0.018026335342305258 0.0011013187599416335 0.038948362609901581 0.028583703487748302 0.19840026223922341 0.22633531665893825 0.046908201785842582 0.033230002969503403 0.018747716816307047 0.037645325064659119 0.02375110425055027
leaf_count=25651 3391 2757 64 291 1830 3885 2754 242 11 107 242 678 1 240 9 175 71 1871 101 77 213 388 87 12360 9193 474 1 40 1 1
internal_value=-0.00522705 -0.000834766 0.00252286 -0.00190779 0.00624928 -0.00457797 -0.0384838 0.0412823 -0.0454222 0.0430306 -0.0485278 0.0469587 0.0404671 -0.0494194 -0.033267 0.0495628 -0.0504235 -0.050189 -0.0462821 -0.0496528 -0.0502836 -0.0491285 -0.0506758 -0.0504726 -0.0504047 -0.0509819 -0.0513267 -0.0503391 -0.0517774 -0.0510376
internal_weight=5.95648 5.41799 5.03856 4.54179 3.7136 2.83685 0.828195 0.876751 0.379426 0.496772 0.734724 0.476573 0.0934705 0.538495 0.0315166 0.464109 0.506978 0.432113 0.0102156 0.0201982 0.421897 0.0400497 0.359637 0.274072 0.381848 0.0569244 0.0855648 0.217148 0.0748653 0.0523348
internal_count=67206 29468 13103 9309 6021 5715 3288 306 16365 3794 2996 3610 292 37738 249 853 37489 37417 1972 184 35445 601 16354 16265 34844 3865 89 12400 72 88
is_linear=0
shrinkage=0.05


Tree=126
num_leaves=31
num_cat=0
split_feature=8 61 30 26 45 10 9 5 4 9 55 40 45 15 15 12 49 41 4 8 3 1 25 45 12 51 23 39 46 0
split_gain=0.440882 0.304279 0.332154 0.44255 0.456444 0.520557 0.236537 0.0785328 0.0616597 0.0486565 0.0390997 0.0389826 0.0285582 0.0439713 0.0147505 0.00708323 0.0020541 0.00261269 0.000170026 0.000445392 4.38859e-05 3.40342e-05 3.1325e-05 1.39256e-05 1.06851e-05 4.14779e-06 6.67859e-07 1.52047e-07 1.40472e-07 3.53988e-08
threshold=1.0000000180025095e-35 0.47765290737152105 0.55620875954628002 -0.370694950222969 0.1400851905345917 0.55898562073707592 0.27329918742179876 0.64663055539131176 1.912558972835541 1.7316118478775027 0.60928314924240123 2.1523041725158696 -1.4955344200134275 2.3221769332885747 3.0476642847061162 0.5348653793334962 2.9149316549301152 2.1507061719894414 1.6145588755607607 -0.1133558228611946 2.1541967391967778 1.5727736949920657 1.8931177258491518 -1.4014596939086912 -1.7381611466407774 2.9148191213607793 3.7315442562103276 1.0535345077514651 0.66197499632835399 -1.0404339432716367
decision_type=2 2 2 2 2 2 2 2 2 2 2 2 2 2 2 2 2 2 2 2 2 2 2 2 2 2 2 2 2 2
left_child=14 12 7 4 8 -6 11 26 -4 -8 27 -5 13 28 16 -12 18 -18 20 -20 21 -1 23 -14 -25 -22 29 -9 -2 -3
right_child=1 2 3 6 5 -7 9 10 -10 -11 15 -13 22 -15 -16 -17 17 -19 19 -21 25 -23 -24 24 -26 -27 -28 -29 -30 -31
leaf_value=-0.050377560368656815 -0.050029180054823208 -0.050200519173934768 -0.052390901654977888 -0.050181503589114884 0.040858741049102511 -0.0020436898028176834 -0.049938087187908535 -0.050022060335465079 0.050051227570096869 0.041353206611551924 0.049877334333757531 0.050263251985819261 -0.051597619078763791 0.050062885876051913 0.043879773292278643 0.015685666795494695 -0.050025956231470818 0.050003872607229882 -0.01120751226571644 -0.050134322211729289 -0.051211841483307333 -0.048554423159599409 -0.052150729573900115 -0.050968113171637533 -0.050264919350432868 -0.051935516728064957 -0.050645343766046937 -0.049373221678656515 -0.050262932777087543 -0.050003770644509907
leaf_weight=0.39454912215701182 0.011386130236673285 0.0039784107357263582 0.3476494075943356 0.010981449470907512 1.0148518450534409 2.3311126137759035 0.63198593196502129 0.0092791563743086156 0.015336736105382442 0.014940644752824417 0.43029496845001775 0.080243839889817536 0.033582556925818602 0.018823342284034216 0.0042049670645007966 0.015699816942968847 0.0014923046901138539 0.0011603633174672723 0.0010002928244929985 0.0027688666378722243 0.044183257485952587 0.027374700163400822 0.03954517873489749 0.082916519434604374 0.15502145474503301 0.035878825932741165 0.012580083683133125 0.0010002401187874455 0.014757086329013449 0.0053746488163861055
leaf_count=36813 2066 1 974 494 1154 4076 2901 1564 1 78 400 3 202 3 32 344 267 1 157 20 69 378 3 1292 12489 1 1 251 90 1081
internal_value=-0.00511079 -0.000813787 0.00241294 -0.00184494 0.00519162 0.0109689 -0.0372011 0.0420092 -0.0480626 -0.0478297 0.0464516 0.038172 -0.0454519 -0.0082066 -0.049382 0.0486737 -0.0501533 -0.00626965 -0.0503835 -0.0398036 -0.0504629 -0.0502593 -0.050836 -0.0506445 -0.05051 -0.0515361 -0.0504074 -0.0499589 -0.0501611 -0.0500875
internal_weight=5.79395 5.28134 4.92531 4.4471 3.70895 3.34596 0.738152 0.478207 0.362986 0.646927 0.456274 0.0912253 0.356032 0.0449666 0.512613 0.445995 0.508408 0.00265267 0.505755 0.00376916 0.501986 0.421924 0.311066 0.271521 0.237938 0.0800621 0.0219331 0.0102794 0.0261432 0.00935306
internal_count=67206 29468 13323 9681 6205 5230 3476 3642 975 2979 2559 497 16145 2159 37738 744 37706 268 37438 177 37261 37191 13986 13983 13781 70 1083 1815 2156 1082
is_linear=0
shrinkage=0.05


Tree=127
num_leaves=31
num_cat=0
split_feature=15 12 57 35 39 62 43 38 1 79 20 69 4 43 11 11 79 19 43 15 4 10 37 25 48 41 5 12 43 52
split_gain=0.421723 0.277735 0.313794 0.363922 0.583722 0.436513 0.290558 0.111886 0.107349 0.101855 0.0682059 0.0663562 0.0543837 0.0479353 0.0212441 0.103356 0.0312391 0.0194878 0.0189345 0.0183664 0.00138994 0.00995312 1.8086e-05 1.26221e-05 1.23546e-05 8.77925e-06 8.24131e-06 1.28045e-05 3.67006e-06 2.0636e-08
threshold=1.8345543146133425 0.59287601709365856 1.0267791152000429 0.93406900763511669 1.4445225000381472 1.6376937031745913 -0.22153806686401364 0.73225519061088573 1.7343032956123354 1.2588523030281069 2.164268016815186 0.82907330989837658 1.7372652888298037 -1.0020317435264585 0.16182416677474978 0.21145099401474002 0.88514706492424022 1.073198735713959 0.41568678617477423 0.83552274107933056 1.6145588755607607 -0.86716547608375538 0.28780573606491094 1.942211449146271 0.069433655589818968 -0.12192193046212195 2.2333935499191289 0.55973923206329357 -1.7696952819824217 3.313621044158936
decision_type=2 2 2 2 2 2 2 2 2 2 2 2 2 2 2 2 2 2 2 2 2 2 2 2 2 2 2 2 2 2
left_child=8 2 10 7 6 -6 -5 9 12 -4 22 17 14 -10 20 16 -16 -3 -9 29 23 -22 25 -1 -24 -2 27 -21 -17 -14
right_child=1 11 3 4 5 -7 -8 18 13 -11 -12 -13 19 -15 15 28 -18 -19 -20 26 21 -23 24 -25 -26 -27 -28 -29 -30 -31
leaf_value=-0.050217313981421999 -0.050449526041732431 -0.050064475474183259 -0.050640160159081682 0.02745576525183871 0.037132316775704943 -0.0047984084808414236 -0.051458341027806165 0.048933392966564994 0.046681960768467645 0.050051999507944506 0.049770663665880344 -0.062170810715489272 -0.050004954925807199 -0.050034898539925626 -0.050007093776830935 -0.050463185953545486 0.043846090430004578 0.049955043871102778 0.029757294497584894 0.045813696296213818 0.050001889721924909 -0.050175702529068368 -0.048474001403197312 -0.050759191489417405 -0.050291732403653637 -0.051197267676410675 0.050005372640756232 0.049705227617626746 -0.050012527096787489 -0.050205926267881444
leaf_weight=0.36372529457417874 0.060386183056196988 0.0065950538909780301 0.063661297472360781 0.14186452934015548 1.0122444262413752 1.6045800411723616 0.65612985141057723 0.53946735887228836 0.052271047142028237 0.041478524726194219 0.017958283090365623 0.20462531355891855 0.0018563860375457137 0.016970599860052005 0.010920750174258524 0.076612669791342958 0.047129468564772604 0.01861923122099407 0.16907201956142737 0.0037604358228271626 0.002829570388411611 0.020039160369183823 0.010208144526325569 0.1525327974184803 0.11091078421331235 0.11217778399458404 0.012736553442664444 0.0048272287575485415 0.11010232034102099 0.0040947648050462249
leaf_count=23971 265 56 61 84 93 428 347 42 46 15 9 102 389 867 2878 2221 365 19 103 27 7 187 30 655 196 201 8 23 33500 11
internal_value=-0.00498588 0.000882645 0.00359724 0.0071658 5.62132e-06 0.0114213 -0.0374293 0.0372154 -0.036781 -0.0109163 -0.0448226 -0.0527402 -0.041882 0.0229774 -0.044297 -0.0320809 0.0261899 0.0237939 0.0443576 0.0275232 -0.0498431 -0.0377806 -0.0506069 -0.0503774 -0.0501385 -0.0509356 0.0491982 0.0480012 -0.0501974 -0.0501432
internal_weight=5.65039 4.76998 4.54014 4.2285 3.41482 2.61682 0.797994 0.813679 0.880409 0.10514 0.311641 0.22984 0.811167 0.0692416 0.783892 0.244765 0.0580502 0.0252143 0.708539 0.0272754 0.539127 0.0228687 0.293683 0.516258 0.121119 0.172564 0.0213242 0.00858766 0.186715 0.00595115
internal_count=67206 2051 1874 1173 952 521 431 221 65155 76 701 177 64242 913 63784 38964 3243 75 145 458 24820 194 692 24626 226 466 58 50 35721 400
is_linear=0
shrinkage=0.05


Tree=128
num_leaves=31
num_cat=0
split_feature=8 61 30 26 21 47 79 46 80 5 75 56 12 41 68 38 4 1 4 5 74 12 21 76 69 0 6 51 75 28
split_gain=0.404465 0.275158 0.299412 0.401049 0.495851 0.379025 0.270509 0.191915 0.106579 0.0707532 0.0655477 0.0353543 0.0066076 0.0032704 0.016456 0.00126329 0.000171832 5.47391e-05 0.000950586 3.87411e-05 2.7925e-05 9.98766e-06 8.19052e-06 3.95008e-06 2.96754e-06 1.14474e-06 7.54677e-07 6.64381e-07 5.39618e-07 4.93942e-07
threshold=-1.0000000180025095e-35 0.47765290737152105 0.55620875954628002 -0.370694950222969 -0.61743792891502369 0.53427961468696605 1.0280530452728274 0.14041437953710559 -0.86607170104980458 0.64663055539131176 3.7639402151107793 0.58012497425079357 0.51779356598854076 1.9652850031852724 2.4167197942733769 2.2759755849838261 1.6145588755607607 1.5727736949920657 0.68550056219100963 1.5771037936210635 2.2518639564514165 -1.7381611466407774 1.1414377093315127 0.45290234684944158 1.3119550347328188 2.1527830362319951 2.0303095579147343 2.9148191213607793 0.87754574418067943 2.0168946981430058
decision_type=2 2 2 2 2 2 2 2 2 2 2 2 2 2 2 2 2 2 2 2 2 2 2 2 2 2 2 2 2 2
left_child=13 10 9 4 7 -6 15 -4 -8 29 20 -11 -13 16 -15 -5 17 19 -19 23 21 24 26 -1 -2 -24 -22 -21 -23 -3
right_child=1 2 3 6 5 -7 8 -9 -10 11 -12 12 -14 14 -16 -17 -18 18 -20 27 22 28 25 -25 -26 -27 -28 -29 -30 -31
leaf_value=-0.050142153018086714 -0.051022726510418018 -0.050079064311262259 -0.051016326729718821 -0.051818535079775831 0.0089099607979830752 -0.02970606537391773 0.046143756568750555 0.045376717414236184 -0.050724870444096994 -0.050013810407932326 0.050053787141704921 0.049771698851882151 0.018234581486059911 -0.050329897715251752 0.049874679496430457 -0.057697978205523796 -0.039140797268188678 -0.0044158299895201928 -0.050344150494112172 -0.051505316141508918 -0.050105670677394902 -0.050065244925439713 -0.051516698789084575 -0.050482243673713151 -0.050169137847342421 -0.05193918600901614 -0.05079011566333435 -0.051828740788605693 -0.050258237916589059 -0.050583182631642944
leaf_weight=0.14820827593025965 0.061979949686760419 0.0084707138622469036 0.055329428748537746 0.42448094763770317 1.7404961350807573 1.000831422051329 0.11512898188445853 0.77364236748588022 0.037691214960279162 0.0093303589721853708 0.017039499331328756 0.38916903660135832 0.017349279890797709 0.023449126283898489 0.0049646942204592112 0.11642039623743639 0.0034093596488534708 0.0011844665632577403 0.023060857792861961 0.029761117426799322 0.0054640797898139739 0.066789003826520407 0.028945294159115481 0.20140709208953922 0.012183722767697427 0.035941760987043381 0.015317188673520832 0.034040107053328938 0.079133460938386899 0.011396265588700771
leaf_count=26914 864 1082 78 2978 2037 3853 115 237 352 2029 9 250 280 240 9 31 172 36 338 327 307 12230 74 9700 498 1 2 2 2160 1
internal_value=-0.00488236 -0.000733827 0.00233326 -0.00170097 0.0050583 -0.00518837 -0.0364881 0.038943 0.0222523 0.0418132 -0.0453892 0.0462171 0.0484258 -0.0492631 -0.0328213 -0.053084 -0.0503223 -0.0504094 -0.0481004 -0.0505448 -0.0507082 -0.05041 -0.051474 -0.0503381 -0.0508825 -0.0517507 -0.0506102 -0.0516779 -0.0501699 -0.0503682
internal_weight=5.49202 5.02253 4.69974 4.26402 3.5703 2.74133 0.693722 0.828972 0.15282 0.435716 0.322794 0.415849 0.406518 0.469485 0.0284138 0.540901 0.441071 0.437662 0.0242453 0.413417 0.305754 0.220086 0.0856683 0.349615 0.0741637 0.0648871 0.0207813 0.0638012 0.145922 0.019867
internal_count=67206 29468 13323 9681 6205 5890 3476 315 467 3642 16145 2559 530 37738 249 3009 37489 37317 374 36943 16136 15752 384 36614 1362 75 309 329 14390 1083
is_linear=0
shrinkage=0.05


Tree=129
num_leaves=31
num_cat=0
split_feature=8 65 35 39 73 42 43 31 42 75 21 75 24 15 10 41 72 48 4 3 80 74 20 34 27 51 76 64 75 7
split_gain=0.385542 0.27388 0.353052 0.437022 0.413341 0.390138 0.339891 0.178387 0.142769 0.118064 0.0957778 0.062313 0.0605601 0.0134174 0.00204579 0.000463508 0.00190422 0.000403417 0.00018989 3.93856e-05 2.66955e-05 1.21165e-05 4.46562e-06 2.50399e-06 2.49504e-06 1.26605e-06 1.23063e-06 1.05338e-06 8.95956e-07 7.25851e-07
threshold=-1.0000000180025095e-35 0.5153871774673463 0.93406900763511669 1.4445225000381472 1.7741302847862246 1.8857456445693972 -0.27285814285278315 1.3247475028038027 1.0035803914070132 0.59456589818000805 -0.66586852073669422 3.7639402151107793 0.81012281775474559 3.0476642847061162 -0.3796654194593429 2.1507061719894414 2.8844578266143803 0.046032112091779716 1.6145588755607607 2.1541967391967778 -1.4108999371528623 1.6786593198776247 -1.0203852057456968 -0.13580231368541715 -0.545709729194641 2.9148191213607793 3.2206478118896489 0.73392680287361156 2.1226571798324589 2.7456146478652959
decision_type=2 2 2 2 2 2 2 2 2 2 2 2 2 2 2 2 2 2 2 2 2 2 2 2 2 2 2 2 2 2
left_child=13 11 7 6 10 -6 8 9 -4 -3 -5 21 -11 15 -9 18 -17 -8 19 20 -1 22 23 -2 27 -21 -24 -23 -16 -26
right_child=1 2 3 4 5 -7 17 14 -10 12 -12 -13 -14 -15 28 16 -18 -19 -20 25 -22 24 26 -25 29 -27 -28 -29 -30 -31
leaf_value=-0.048654708248018125 -0.050001024216095757 -0.050250922453725533 0.042993014945887517 0.019573477613805977 0.028737246490216601 -0.015550833664229028 -0.038754609254324363 0.021527813739306133 -0.050362655925508273 -0.050192404432541748 -0.044002367099425649 0.050040980159393081 0.043565602158920448 0.043615680099495485 -0.050254492655683616 -0.050249125106544439 0.0032466014617462875 -0.051502418198505123 -0.03835132148690451 -0.051293098332517974 -0.050295613987041632 -0.051049650615722322 -0.050157781708962547 -0.050971369197963134 -0.050047772707477879 -0.05173639843715655 -0.050446104600426235 -0.051450150613642387 -0.050639941018711276 -0.050747404067987167
leaf_weight=0.026746872736915728 0.0080318896433048334 0.036776588720536352 0.16555753094242906 0.068520552137260771 1.5528899754086656 0.7314999597913604 0.0062624253341994054 0.0010041099552216817 0.05441367838243974 0.017623506771733966 0.43742426312187926 0.016211026167177511 0.75793709291813693 0.0038580470427453375 0.038387089405881668 0.008380978021991059 0.0020754289390652056 0.69078562487443906 0.0033081687331396039 0.031992054079859111 0.33813131416236836 0.040982640026560935 0.11392362710821441 0.038599133936644527 0.0049630521454555312 0.032435949891805649 0.054817183530631947 0.027391141280531883 0.02482689856181098 0.014651003459107415
leaf_count=585 3301 3221 417 32 477 104 1198 95 543 983 1657 11 674 32 634 113 3 3039 172 61 36771 68 11651 463 729 1 93 1 29 48
internal_value=-0.00476722 -0.000715125 0.00240494 -0.00434234 0.00549892 0.0145555 -0.0342876 0.0309423 0.0198999 0.0372842 -0.0353922 -0.0454692 0.0414351 -0.0492248 -0.0492811 -0.0500332 -0.0396311 -0.0513879 -0.0502846 -0.0503766 -0.0501753 -0.0505731 -0.0503711 -0.0508042 -0.0510675 -0.0515163 -0.0502514 -0.0512101 -0.0504059 -0.0505704
internal_weight=5.35041 4.90348 4.58391 3.70735 2.79033 2.28439 0.917019 0.876555 0.219971 0.812337 0.505945 0.319571 0.775561 0.446929 0.0642181 0.443071 0.0104564 0.697048 0.432614 0.429306 0.364878 0.30336 0.215372 0.046631 0.0879878 0.064428 0.168741 0.0683738 0.063214 0.0196141
internal_count=67206 29468 13103 7467 2270 581 5197 5636 960 4878 1689 16365 1657 37738 758 37706 116 4237 37590 37418 37356 16354 15508 3764 846 62 11744 69 663 777
is_linear=0
shrinkage=0.05


Tree=130
num_leaves=31
num_cat=0
split_feature=15 34 5 34 67 9 41 33 67 44 39 63 81 61 22 17 71 12 38 31 44 10 62 79 31 9 77 26 27 33
split_gain=0.367667 0.253613 0.306117 0.364287 0.390391 0.466016 0.248963 0.127819 0.0634368 0.0218085 0.0764131 0.00763597 0.00320727 0.00239053 0.00986092 0.000998958 0.000913718 4.24504e-05 0.000612087 2.41565e-05 1.92217e-05 7.90172e-06 5.94618e-06 2.72396e-06 2.1799e-06 2.76348e-06 2.05113e-06 1.50626e-06 1.39558e-06 1.11493e-06
threshold=1.2815190553665163 2.1521906852722172 1.6544005274772646 2.0723766088485722 2.6409018039703374 1.2212024331092837 1.6871535181999209 2.3192983865737919 0.070702228695154204 -0.51242896914482106 0.70775479078292858 1.019886374473572 -0.48999169468879694 1.7178406119346621 -1.6589050292968748 -0.99925118684768666 2.0655065774917607 0.60923457145690929 1.2737185359001162 2.654781818389893 0.83907532691955578 1.4976368546485903 2.1865867376327519 0.94086700677871715 1.1474094986915591 -0.61384102702140797 0.65875592827796947 7.2087633609771737 -0.58314043283462513 1.5744286775588991
decision_type=2 2 2 2 2 2 2 2 2 2 2 2 2 2 2 2 2 2 2 2 2 2 2 2 2 2 2 2 2 2
left_child=9 2 3 4 5 -2 8 -6 11 10 27 -4 -12 14 -3 -14 -8 21 -19 -10 22 23 28 -11 -5 -26 -25 -1 -15 -23
right_child=1 13 6 24 7 -7 16 -9 19 17 12 -13 15 20 -16 -17 -18 18 -20 -21 -22 29 -24 26 25 -27 -28 -29 -30 -31
leaf_value=-0.050075558718120639 -0.015997454842842242 0.050001416382443098 -0.023590602309081166 0.050422620798167297 -0.053351833020080834 0.024663154624711792 0.044773161460553691 0.050106283516686292 -0.050126959633453261 -0.050084640284911219 0.049939669384861447 0.04932285290680849 0.020208959583738386 -0.05131164093999651 -0.05028218090932414 -0.050001910080600558 0.050413826993449443 -0.050040575011565648 -0.0098492020291341617 -0.051811188705394008 -0.050364429135802226 -0.050058260600379711 -0.051665414143290116 -0.050471893066417056 0.050325681400889569 0.049922244904016123 -0.050044250375433523 -0.050615098981459911 -0.050801872264039996 -0.051214040603870387
leaf_weight=0.062515120121554801 1.8374984504796608 0.0030282618827186499 0.0042920898346049874 0.12466944009065642 0.4946941391924583 1.1430369866809746 0.086100517303424939 0.03177169878175512 0.057708787090293395 0.214750814696442 0.026506300623168499 0.021976034187478545 0.0010011867775290275 0.02490883506834508 0.012866177120615859 0.0010255687748587095 0.43209483931423165 0.016611757675820842 0.0010045865158516193 0.033735457807779312 0.049931469398262457 0.0022932628275680314 0.12393067132932276 0.11050709576892864 0.09644328802824019 0.075814543537408449 0.037573166875256997 0.016310899898654141 0.029124379411610408 0.0231521812121116
leaf_count=15858 3801 8 27 1 385 1006 169 2 228 26345 14 94 103 1 123 251 4 3723 317 1 108 357 22 3671 1 60 10249 199 63 15
internal_value=-0.00467389 -0.000271381 0.00245501 -0.00291297 -0.00741525 -0.000404089 0.0345657 -0.0471082 -0.0310755 -0.0448485 -0.0248082 0.0374091 0.0453042 -0.0499238 -0.0311758 -0.0153188 0.0494766 -0.0501492 -0.0477486 -0.0507483 -0.0512313 -0.0502581 -0.0514746 -0.0501984 0.0502634 0.0501481 -0.0503634 -0.0501872 -0.0510369 -0.0511099
internal_weight=5.19688 4.68363 4.43984 3.80393 3.507 2.98054 0.635908 0.526466 0.117712 0.513252 0.107359 0.0262681 0.0285331 0.24379 0.0158944 0.00202676 0.518195 0.405893 0.0176163 0.0914442 0.227895 0.388277 0.177964 0.362831 0.296927 0.172258 0.14808 0.078826 0.0540332 0.0254454
internal_count=67206 6104 5779 5256 5194 4807 523 387 350 61102 16425 121 368 325 131 354 173 44677 4040 229 194 40637 86 40265 62 61 13920 16057 64 372
is_linear=0
shrinkage=0.05


Tree=131
num_leaves=31
num_cat=0
split_feature=0 30 45 26 10 15 44 4 0 27 4 4 38 15 4 50 10 22 22 22 21 15 52 15 6 10 44 46 43 43
split_gain=0.352178 0.293877 0.369326 0.391665 0.471058 0.473152 0.239648 0.16572 0.100341 0.0724959 0.0557578 0.0240756 0.0709034 0.00327636 0.0145691 0.000380089 0.000130261 1.7341e-05 1.47847e-05 3.06198e-05 1.39126e-05 5.35123e-06 3.28495e-06 2.81037e-06 1.75447e-06 1.25259e-06 1.75654e-06 9.71701e-07 6.42661e-07 4.74896e-07
threshold=1.2953447103500368 0.55620875954628002 0.1400851905345917 -0.370694950222969 0.55898562073707592 2.5422018766403203 -0.65570557117462147 0.83157894015312206 1.6797137260437014 0.32589118182659155 1.912558972835541 0.9192260503768922 0.002563480869866908 1.9891663789749148 1.6598433852195742 0.046007398515939719 -1.3995667099952696 -0.80296713113784779 -1.0169515609741209 -1.6589050292968748 0.75860548019409191 2.3221769332885747 -0.17408158630132672 2.5422018766403203 2.0303095579147343 0.62954482436180126 0.14835406094789508 0.83939120173454296 -1.7696952819824217 -1.7696952819824217
decision_type=2 2 2 2 2 2 2 2 2 2 2 2 2 2 2 2 2 2 2 2 2 2 2 2 2 2 2 2 2 2
left_child=11 8 10 4 7 -6 -5 -4 13 -8 15 21 -13 14 -2 -3 -14 18 19 -10 -17 24 -16 -23 25 28 -27 -26 -1 -18
right_child=1 2 3 6 5 -7 9 -9 17 -11 -12 12 16 -15 22 20 29 -19 -20 -21 -22 23 -24 -25 27 26 -28 -29 -30 -31
leaf_value=-0.05025978773252876 -0.050024395441692716 -0.053937730259386085 -0.017869477417317332 0.049816342234779321 -0.021330112552332154 0.026573776321299328 -0.050286822166122118 0.046398606762121902 -0.040134337969303602 0.049048864175053157 0.050046496859761105 0.048967546947528917 -0.035309432008224582 0.050168511431374678 0.048731081470792241 -0.050359197431572869 -0.050452673672489651 -0.050459027281722885 -0.0498816539914494 -0.05007593161464477 -0.051071906838936615 -0.05088914623164642 0.050004108438717144 -0.050116283374677655 -0.050089572726479153 -0.050536946714076651 -0.050050189854157337 -0.050677907425189274 -0.050061919723029626 -0.050057983703353862
leaf_weight=0.055242066705862514 0.0045042337270971835 0.12936677719948864 0.11474233520554011 0.072674274376801518 1.4490438236532144 0.80007308559258872 0.52750309075505963 0.79722827144803576 0.0015774004966161968 0.019029802604852875 0.013923712074756622 0.025466060396638623 0.0015221212338190062 0.33006767517440494 0.0098806837816027837 0.16148929968809939 0.0088958103451588499 0.021557675023940955 0.0031455639267536353 0.0015216638961072562 0.11888113953896923 0.050678949426373153 0.010402729094494134 0.015317667592312824 0.0092636862438481571 0.047464158917073805 0.030408208866725163 0.028952823951023277 0.15958148171147818 0.053192927939110013
leaf_count=3414 275 31 516 41 3239 161 1233 375 24 18 1 94 189 29 33 1079 12 47 12 23 382 71 10 114 1809 1589 9095 74 34862 8354
internal_value=-0.00455311 -0.000264643 -0.00408305 0.00087821 0.00800123 -0.00428937 -0.0354852 0.0383125 0.0416852 -0.046828 -0.0483521 -0.0450266 -0.0215351 0.0488519 0.0313202 -0.0516958 -0.0497603 -0.049787 -0.0474668 -0.0450157 -0.0506614 -0.0502987 0.049384 -0.0507098 -0.0502167 -0.0501751 -0.0503469 -0.0505353 -0.0501128 -0.0501145
internal_weight=5.0726 4.58661 4.20396 3.78029 3.16109 2.24912 0.619207 0.911971 0.382658 0.546533 0.423661 0.485986 0.0890769 0.354855 0.0247876 0.409737 0.0636109 0.0278023 0.00624463 0.00309906 0.28037 0.396909 0.0202834 0.0659966 0.330912 0.292696 0.0778724 0.0382165 0.214824 0.0620887
internal_count=67206 7529 7076 5583 4291 3400 1292 891 453 1251 1493 59677 8649 347 318 1492 8555 106 59 47 1461 51028 43 185 50843 48960 10684 1883 38276 8366
is_linear=0
shrinkage=0.05


Tree=132
num_leaves=31
num_cat=0
split_feature=8 12 36 30 41 42 73 46 15 15 11 17 27 5 15 25 36 15 41 72 4 1 37 5 43 70 15 9 11 7
split_gain=0.348507 0.259825 0.319508 0.687136 0.300489 0.300714 0.338176 0.212931 0.152201 0.113362 0.0677179 0.0651599 0.0647258 0.0457841 0.0120783 0.00775107 0.00249092 0.00131554 0.000482665 0.00189084 0.000207455 7.34673e-05 0.00122568 2.8219e-05 2.26209e-07 3.82266e-08 3.40362e-08 3.14233e-08 4.2588e-08 2.03031e-08
threshold=1.0000000180025095e-35 0.59287601709365856 1.8747086524963381 2.3892023563385014 1.4187808632850649 1.320379972457886 1.8154943585395815 0.4674584716558457 2.5422018766403203 3.0476642847061162 -0.33443897962570185 -1.0142170190811155 0.32589118182659155 1.3962592482566836 3.0476642847061162 1.942211449146271 2.1122438907623295 2.4232695102691655 2.1507061719894414 2.8844578266143803 1.6145588755607607 1.5727736949920657 1.3086820244789126 1.5771037936210635 1.4976862668991091 3.6483353376388554 2.6849206686019902 1.8895957469940188 0.18663884699344638 0.27476669847965246
decision_type=2 2 2 2 2 2 2 2 2 2 2 2 2 2 2 2 2 2 2 2 2 2 2 2 2 2 2 2 2 2
left_child=14 2 4 10 5 6 -2 -5 -7 12 25 15 -6 -9 18 -3 24 -12 20 26 21 23 -23 -1 29 -4 -20 28 -17 -13
right_child=1 11 3 7 9 8 -8 13 -10 -11 17 16 -14 -15 -16 27 -18 -19 19 -21 -22 22 -24 -25 -26 -27 -28 -29 -30 -31
leaf_value=-0.050292545669181649 0.002276897556790496 -0.050006786903112756 -0.050103785848122098 0.029705345688454073 -0.047588671412974029 0.036410714420041651 -0.050734783921604722 -0.0081807745215605691 -0.051379760798410216 0.050058778313757574 0.045565420947597302 -0.050095015867623528 0.047988912812437813 -0.053274199179561679 0.04287313226431886 0.049751402935495979 -0.062887285893995781 0.050577278933475037 -0.050060274164231991 0.0033521165094308352 -0.037115172466003536 0.002687514303099491 -0.050283024436484129 -0.051501208919258704 -0.050294967100011613 -0.050254147432900402 -0.050301194662670037 0.050010783061425472 0.050004720476808262 -0.050004378112875239
leaf_weight=0.30538679846829586 1.2423565619519137 0.0022019644455425541 0.0073424795082397401 0.1298322875189426 0.53801607919562489 0.61077000164857165 0.39697128719015662 0.069368120661699062 0.05371168730382192 0.033654856495559216 0.15956771145820348 0.024478881522045928 0.018316578653347015 0.29856060579139199 0.0035370899860800433 0.0035601363437397981 0.16294446224276271 0.7296129926291659 0.0019450793076620232 0.0020790194488995448 0.0030005207223735555 0.001152443424996377 0.020843271019608308 0.057362276461395079 0.017464586009623417 0.0099620521504704129 0.0059519740752875805 0.0095923605840653181 0.0031073832360561937 0.0082645009894636717
leaf_count=36674 20013 421 93 32 1295 1253 1956 49 8 3 827 819 87 56 32 47 6 27 112 3 172 82 311 351 24 10 1 3 4 2435
internal_value=-0.00445252 -0.000496198 0.00228367 0.0218535 -0.00721281 0.000940766 -0.0105601 -0.0253462 0.0293144 -0.0390513 0.0477714 -0.052082 -0.0444419 -0.0447724 -0.0491139 0.0380305 -0.0598869 0.0496779 -0.049932 -0.0390728 -0.0502114 -0.0503135 -0.0475077 -0.0504837 -0.0501496 -0.0501903 -0.0502419 0.0499528 0.0498695 -0.0500721
internal_weight=4.93092 4.52966 4.29804 1.40425 2.8938 2.30381 1.63933 0.497761 0.664482 0.589988 0.906485 0.231614 0.556333 0.367929 0.401258 0.0184618 0.213152 0.889181 0.397721 0.00997607 0.387745 0.384745 0.0219957 0.362749 0.050208 0.0173045 0.00789705 0.0162599 0.00666752 0.0327434
internal_count=67206 29468 25709 1094 24615 23230 21969 137 1261 1385 957 3759 1382 105 37738 475 3284 854 37706 116 37590 37418 393 37025 3278 103 113 54 51 3254
is_linear=0
shrinkage=0.05


Tree=133
num_leaves=31
num_cat=0
split_feature=8 12 36 30 41 42 34 46 22 39 19 77 51 55 3 22 25 41 67 46 36 22 38 3 76 24 79 51 78 43
split_gain=0.331778 0.244758 0.300553 0.651744 0.28359 0.278379 0.309929 0.199781 0.152118 0.144857 0.0618726 0.0571502 0.0566704 0.0540724 0.049645 0.00925844 0.00679451 0.00280192 0.013404 0.00214051 0.0021014 0.000108837 0.00226706 2.31047e-05 1.86832e-06 1.75618e-06 1.21275e-06 1.09889e-06 8.28981e-07 1.93841e-07
threshold=1.0000000180025095e-35 0.59287601709365856 1.8747086524963381 2.3892023563385014 1.4187808632850649 1.320379972457886 1.114612400531769 0.4674584716558457 -0.90995934605598439 1.4689593911170962 1.073198735713959 0.57443010807037365 0.54494851827621471 2.8508846759796147 1.7385128736495974 -1.7658972740173338 1.942211449146271 1.9652850031852724 2.5429370403289799 0.67266300320625316 2.1122438907623295 -1.6589050292968748 1.4448357224464419 2.1541967391967778 1.0255393385887148 2.3647665977478032 0.99404132366180431 2.9148191213607793 0.86324340105056774 1.4976862668991091
decision_type=2 2 2 2 2 2 2 2 2 2 2 2 2 2 2 2 2 2 2 2 2 2 2 2 2 2 2 2 2 2
left_child=17 2 4 11 5 6 -2 -5 12 -7 20 15 -6 -10 -9 -4 -12 21 -19 -13 29 22 25 24 26 -1 -23 -25 -26 -3
right_child=1 10 3 7 8 9 -8 14 13 -11 16 19 -14 -15 -16 -17 -18 18 -20 -21 -22 23 -24 27 28 -27 -28 -29 -30 -31
leaf_value=-0.050085126179067609 0.0075993840189256317 -0.050068355582587598 0.049989398341716 0.028727904545083061 -0.05009402029904917 -0.0064449279626838905 -0.037079763297264486 -0.00451343008705555 -0.052371752551226891 0.044613138987077208 -0.050007033712128404 0.050414214053802545 0.046164910793436431 0.046626667613469619 -0.053063983001122278 -0.050134954911993858 0.049946573402375016 -0.050278685299649885 0.046029414226268189 0.041569086282625289 -0.062101813249627748 -0.050041228187988868 0.0081508751117902525 -0.051135717549850405 -0.05030108378264924 -0.050813676618904083 -0.050300923900036709 -0.051571306236879388 -0.050613902423118619 -0.050279418485924633
leaf_weight=0.01741260595768335 0.97635645931497883 0.031268464580733207 0.0026713343243898171 0.12759551559656823 0.020054932902200048 0.20211985085799888 0.64426864588943145 0.064344669118714837 0.46853825325198134 0.44423181679918888 0.0019101541696121644 0.76940103624641765 0.064357467567211293 0.014211359185576644 0.28978999924168947 0.017015830369019547 0.015468767041438698 0.019605371246484815 0.0044289942787152361 0.075072753524843217 0.15690806568773041 0.094660543241313913 0.0017380182448413486 0.028398552451851078 0.044803081690342306 0.0157564803958988 0.085614329231768135 0.029540287330746651 0.040164886949851597 0.016682059060087795
leaf_count=1236 18572 3304 13 32 104 978 3397 51 1166 283 368 152 109 6 54 437 54 239 10 355 6 25844 71 48 2344 2 6669 1 1274 27
internal_value=-0.00436685 -0.000487633 0.0022308 0.0216865 -0.00700841 0.000902659 -0.0101625 -0.0249149 -0.0386294 0.0286468 -0.0516182 0.0476646 0.0232954 -0.0494574 -0.0442426 -0.0365492 0.0389605 -0.0490576 -0.0325313 0.0496279 -0.0593024 -0.0501668 -0.0475144 -0.0504533 -0.0502557 -0.0504312 -0.0501646 -0.0513578 -0.050449 -0.0501418
internal_weight=4.78439 4.40227 4.18003 1.34589 2.83414 2.26698 1.62063 0.48173 0.567162 0.646352 0.222238 0.864161 0.0844124 0.48275 0.354135 0.0196872 0.0173789 0.382123 0.0240344 0.844474 0.204859 0.358089 0.0349071 0.323182 0.265243 0.0331691 0.180275 0.0579388 0.084968 0.0479505
internal_count=67206 29468 25709 1094 24615 23230 21969 137 1385 1261 3759 957 213 1172 105 450 422 37738 249 507 3337 37489 1309 36180 36131 1238 32513 49 3618 3331
is_linear=0
shrinkage=0.05


Tree=134
num_leaves=31
num_cat=0
split_feature=0 30 45 26 10 77 44 4 0 27 4 4 38 53 52 50 75 55 51 1 11 21 11 11 42 76 9 43 9 27
split_gain=0.317601 0.276136 0.33773 0.338043 0.412907 0.421203 0.211748 0.145546 0.0906559 0.0617137 0.048111 0.0233008 0.0659247 0.00201 0.00970157 0.000283165 0.0002038 0.000155276 4.27541e-05 2.33583e-05 4.34567e-05 9.95263e-06 3.05676e-06 3.49077e-06 1.14178e-06 1.13029e-06 7.5749e-07 7.18392e-07 7.39933e-07 4.42111e-07
threshold=1.2953447103500368 0.55620875954628002 0.1400851905345917 -0.370694950222969 0.55898562073707592 0.70453244447708141 -0.65570557117462147 0.83157894015312206 1.6797137260437014 0.32589118182659155 1.912558972835541 0.9192260503768922 0.002563480869866908 0.7749791443347932 0.023756841197609905 0.046007398515939719 1.5001014471054079 0.016903103329241279 -0.22834426164627072 1.3530184626579287 -0.11939110979437827 0.75860548019409191 -0.18555852025747296 -0.67355263233184803 0.41871893405914312 3.65012538433075 -1.2943869233131406 -1.7696952819824217 2.5093786716461186 -0.35855615139007563
decision_type=2 2 2 2 2 2 2 2 2 2 2 2 2 2 2 2 2 2 2 2 2 2 2 2 2 2 2 2 2 2
left_child=11 8 10 4 7 -6 -5 -4 13 -8 15 22 -13 14 17 -3 -14 -2 -15 -10 -21 -17 23 -1 26 27 -25 29 -29 -24
right_child=1 2 3 6 5 -7 9 -9 19 -11 -12 12 16 18 -16 21 -18 -19 -20 20 -22 -23 25 24 -26 -27 -28 28 -30 -31
leaf_value=-0.050145127970147321 0.050047320724815415 -0.053570492794786609 -0.015947156249333797 0.049721746819248396 0.022138090662923077 -0.023389613170487267 -0.049451675776523603 0.045940190589749685 -0.050386168186436514 0.048833272466862761 0.050040168454395462 0.048899946202974533 -0.050098478132132654 0.050227235934314877 -0.050019818393679763 -0.050340371571695013 -0.027584701266572406 0.038826809327221219 0.048951462892323987 -0.039610454422741019 -0.049863005345749556 -0.050972236014347576 -0.050440871019229443 -0.050984491621625827 -0.050071197369988746 -0.05062712953956866 -0.050626641656503706 -0.050045295357165925 -0.050491562963574987 -0.050163036434111498
leaf_weight=0.05313974188747865 0.014169387519358301 0.11762801415862201 0.10954198741338461 0.065328711756109215 0.88245555050127356 1.1972800491433542 0.47199625413490898 0.71579490678845281 0.02046052691188421 0.016530944747000009 0.012032074853777885 0.024030652087276443 0.056538783110524689 0.21812419313797604 0.0029608650113311609 0.14810654710129312 0.0010233821468226259 0.0039408898636179987 0.093958709278306962 0.0015458426024116366 0.0031187641965050366 0.10759378956249932 0.024915755270228601 0.020210741234060532 0.0073853458767853116 0.012234041005111607 0.055117976791477612 0.14044976487519731 0.009946189890996493 0.033665103818783432
leaf_count=8263 1 31 516 41 638 2762 1233 375 36 18 1 94 8253 37 98 1079 302 108 103 20 50 382 246 356 637 5 936 37352 89 3144
internal_value=-0.00428149 -5.57801e-05 -0.00396848 0.000978149 0.00780319 -0.00407169 -0.0348204 0.0377263 0.041927 -0.0461259 -0.0483686 -0.044766 -0.0206592 0.048834 0.0338876 -0.0515402 -0.0496982 0.0476057 0.0498431 -0.0496582 -0.0464653 -0.0506062 -0.0502747 -0.0504613 -0.0506645 -0.05016 -0.0507227 -0.0501327 -0.0500748 -0.0502812
internal_weight=4.64123 4.20257 3.84429 3.45893 2.90507 2.07974 0.553856 0.825337 0.358279 0.488527 0.38536 0.438657 0.0815928 0.333154 0.0210711 0.373328 0.0575622 0.0181103 0.312083 0.0251251 0.00466461 0.2557 0.357065 0.135854 0.0827141 0.221211 0.0753287 0.208977 0.150396 0.0585809
internal_count=67206 7529 7076 5583 4291 3400 1292 891 453 1251 1493 59677 8649 347 207 1492 8555 109 140 106 70 1461 51028 10192 1929 40836 1292 40831 37441 3390
is_linear=0
shrinkage=0.05


Tree=135
num_leaves=31
num_cat=0
split_feature=57 53 26 21 15 74 10 46 44 3 1 75 10 25 79 79 25 14 43 61 35 48 74 3 9 46 9 24 28 79
split_gain=0.311647 0.285833 0.310845 0.350041 0.390117 0.410605 0.320727 0.226035 0.198397 0.166365 0.135597 0.045691 0.0380408 0.0599516 0.0324165 0.0771783 0.019487 0.00544585 0.0162083 0.000556752 0.000128744 6.56821e-06 5.05898e-06 2.45499e-06 1.71212e-06 9.46445e-07 7.96471e-07 5.9215e-07 2.21041e-07 4.67096e-08
threshold=1.0020714402198794 1.1182666420936587 -0.370694950222969 -0.61743792891502369 2.5422018766403203 0.4503640085458756 0.55898562073707592 0.14041437953710559 -0.67281317710876454 1.1724488735198977 0.75197875499725353 3.7639402151107793 -1.3482509255409239 0.75542160868644725 1.0280530452728274 1.0608627796173098 1.99984347820282 0.76468515396118175 1.4976862668991091 2.1172230243682866 0.73834535479545604 0.60660719871521007 1.6786593198776247 2.1541967391967778 1.2212024331092837 1.2669001817703249 1.5979331731796267 -1.2732034325599668 1.2318251729011538 0.97664654254913341
decision_type=2 2 2 2 2 2 2 2 2 2 2 2 2 2 2 2 2 2 2 2 2 2 2 2 2 2 2 2 2 2
left_child=11 9 3 7 6 -6 -5 23 -4 27 -9 12 13 25 19 -16 21 20 -19 -10 -11 26 -23 -3 -22 29 -14 -2 -29 -1
right_child=1 2 8 4 5 -7 -8 10 14 17 -12 -13 16 -15 15 -17 -18 18 -20 -21 24 22 -24 -25 -26 -27 -28 28 -30 -31
leaf_value=-0.050001993197209021 -0.050638485926355128 -0.050570649586155716 0.046433125552895527 0.022899209973945098 -0.049317792381521147 0.034849551709670072 -0.037206118323217977 -0.050722817803771351 -0.051117556779611939 0.047768108894489861 0.048791612119104814 0.049958175952107935 -0.050138099492378657 0.050064468243027731 0.045191078690306447 -0.050962411747836937 0.0089740742157510111 -0.050056638672084222 0.050004337447223768 -0.055503371147245989 0.050005022497629718 -0.050402921048432615 -0.051011997996418659 -0.051179032402851578 0.050262510085669315 -0.050619296099761769 -0.050417041730638705 -0.050085173720653769 -0.050340453528448126 -0.050149571108791181
leaf_weight=0.012106040962232185 0.012454325569662542 0.026255634579643194 0.064298127412702466 0.28185371252039737 0.18091421351999715 0.72796154844930183 1.0442403508579077 0.036337984761481201 0.36194983471577646 0.066436187465455987 0.5903455058145346 0.013490654440285632 0.225713426770143 0.026602910358435039 0.030812358777019766 0.064670254901422974 0.014317791747207709 0.0055064406616400765 0.015271057898644358 0.090441326017153212 0.090322780129761249 0.12401360636677172 0.047018208076821111 0.045005420222878456 0.22634207084774971 0.012087193482642533 0.028863062835860376 0.014223007575804691 0.020999505815030226 0.0096242411575842395
leaf_count=6125 10 100 141 1816 73 136 4011 268 2335 27 128 38 42436 16 34 475 40 328 12 78 90 5420 97 2 3 5 663 1845 200 254
internal_value=-0.00418872 0.000523821 -0.0042484 0.00251579 -0.00713704 0.0180958 -0.0244311 0.0334262 -0.0366556 0.0379897 0.0430213 -0.0408431 -0.0432913 -0.00609004 -0.0464069 -0.0199336 -0.0484006 0.0484171 0.0234862 -0.0519944 0.0497692 -0.0503307 -0.0505704 -0.0509549 0.0501891 -0.0502646 -0.0501697 -0.0503422 -0.0502374 -0.0500674
internal_weight=4.51048 3.99664 3.54509 2.93291 2.23497 0.908876 1.32609 0.697945 0.612172 0.451555 0.626683 0.513837 0.500346 0.0604204 0.547874 0.0954826 0.439926 0.403879 0.0207775 0.452391 0.383101 0.425608 0.171032 0.0712611 0.316665 0.0338175 0.254576 0.0476768 0.0352225 0.0217303
internal_count=67206 12112 9597 6534 6036 209 5827 498 3063 2515 396 55094 55056 6400 2922 509 48656 460 340 2413 120 48616 5517 102 93 6384 43099 2055 2045 6379
is_linear=0
shrinkage=0.05


Tree=136
num_leaves=31
num_cat=0
split_feature=57 53 26 21 15 30 7 7 20 3 24 10 27 27 21 79 25 32 80 14 77 4 10 53 24 8 15 0 45 11
split_gain=0.296349 0.271176 0.295023 0.331016 0.360164 0.401604 0.351361 0.224486 0.182305 0.158086 0.0439169 0.0871035 0.0394231 0.0347723 0.030525 0.0220199 0.0198276 0.0155602 0.00854909 0.00515741 0.0154175 0.00443377 0.00464345 9.44106e-05 5.19285e-05 6.55662e-06 3.86806e-06 2.33597e-06 2.31387e-06 1.85799e-06
threshold=1.0020714402198794 1.1182666420936587 -0.370694950222969 -0.61743792891502369 2.5422018766403203 1.4135770797729494 0.71825215220451366 0.10581958666443826 -0.12172919884324072 1.1724488735198977 1.1084885001182558 0.1805316358804703 -0.40133409202098841 0.32589118182659155 -0.88111549615859974 1.0280530452728274 0.75542160868644725 2.6543399095535283 -1.1076912283897398 0.76468515396118175 1.5670644044876101 1.6145588755607607 -1.1408495903015134 0.98155912756919872 1.0823164582252505 2.4779268503189091 2.3221769332885747 1.9162480831146242 0.5869407355785371 -0.028409025631844994
decision_type=2 2 2 2 2 2 2 2 2 2 2 2 2 2 2 2 2 2 2 2 2 2 2 2 2 2 2 2 2 2
left_child=10 9 3 7 6 -6 -5 29 17 -2 21 16 -9 14 -10 -15 -12 -4 -18 23 -21 24 -23 -11 25 26 -1 -13 -20 -3
right_child=1 2 8 4 5 -7 -8 12 13 19 11 27 -14 15 -16 -17 18 -19 28 20 -22 22 -24 -25 -26 -27 -28 -29 -30 -31
leaf_value=-0.050153593566873961 -0.05032535962428715 -0.050315886430040681 -0.05008528983341598 -0.054372214936840496 -0.043719643900521077 0.036187123919557342 -0.0016743204819125194 0.04698411238430817 0.0071555446854701596 0.048258866911102094 -0.050005036385462179 -0.050247991310063661 -0.0019493059159354021 -0.050081655507931505 -0.051817336598408585 0.050034127535396745 -0.050009274094507061 0.050189098727628868 0.049276962724869283 -0.050053875252269668 0.050004125049887251 0.050001471154429517 -0.050006521988724309 0.050155686454795415 -0.042623924898209889 -0.050953105127254109 -0.05062346183953384 -0.050908506753165973 0.050048192351000623 -0.051066340726653649
leaf_weight=0.2689520507882473 0.045366361571990199 0.0095354601419860296 0.0041397927954093241 0.54309795720549414 0.20461946038636836 0.67913420144174474 0.75745470518792901 0.550719712479944 0.023007198255863393 0.085759162374193842 0.0062357317410439558 0.056481930261416555 0.044485214925643168 0.008709241543296331 0.474276462446516 0.014869025786708789 0.0022551192156719932 0.059098162861261017 0.014451897441680739 0.0052381703663515458 0.014526339829899371 0.0022720761402542076 0.0023728171653773504 0.27908284278374129 0.0022165909359079796 0.034750354849279574 0.052321611509727972 0.017543282638039767 0.029737485926940366 0.061074824291772578
leaf_count=50810 2055 140 474 3462 137 72 2365 280 104 71 1192 1337 47 107 2367 5 331 6 47 328 12 7 668 49 129 408 145 7 13 31
internal_value=-0.00412705 0.000516233 -0.00417053 0.00246378 -0.00694391 0.017686 -0.0236804 0.0333271 -0.0365427 0.0379497 -0.0407751 -0.0154322 0.0433269 -0.0462759 -0.0490889 0.0130538 0.0337101 0.0436248 0.0449499 0.0483622 0.0234858 -0.0496239 -0.00108704 0.0497098 -0.0502532 -0.0503007 -0.0502301 -0.0504045 0.049796 -0.050965
internal_weight=4.35379 3.86419 3.43422 2.85012 2.18431 0.883754 1.30055 0.665815 0.5841 0.429973 0.489591 0.126705 0.595205 0.520862 0.497284 0.0235783 0.0526802 0.063238 0.0464445 0.384607 0.0197645 0.362886 0.00464489 0.364842 0.358241 0.356024 0.321274 0.0740252 0.0441894 0.0706103
internal_count=67206 12112 9597 6534 6036 209 5827 498 3063 2515 55094 2927 327 2583 2471 112 1583 480 391 460 340 52167 675 120 51492 51363 50955 1344 60 171
is_linear=0
shrinkage=0.05


Tree=137
num_leaves=31
num_cat=0
split_feature=65 34 12 34 36 35 42 74 20 5 64 22 64 22 25 47 66 0 3 35 15 52 51 50 42 10 39 27 49 24
split_gain=0.284429 0.214008 0.22973 0.389826 0.279582 0.549122 0.35043 0.0582926 0.0174712 0.0295142 0.00330491 0.00599168 0.00245749 0.00143013 0.00121488 0.000460635 3.06463e-05 1.08495e-05 7.07955e-06 3.73016e-06 2.74078e-06 2.03262e-06 7.49755e-07 7.20102e-07 5.70669e-07 3.56756e-07 3.16019e-07 2.49188e-07 2.25448e-07 8.099e-08
threshold=0.5153871774673463 2.1521906852722172 0.59287601709365856 2.0343699455261235 1.8747086524963381 0.93406900763511669 1.8857456445693972 0.94168221950531017 2.164268016815186 0.47162038087844854 1.5358995795249941 -1.3379283547401426 1.7604019641876223 -2.621835350990295 2.1343181133270268 1.2778716683387759 1.6708638072013857 2.5504565238952641 1.2250207066535952 2.034300804138184 2.3221769332885747 0.90339398384094249 -0.5293646752834319 0.15450783818960193 -0.14177274703979489 -0.32621148228645319 -0.2452786713838577 -0.56442508101463307 -1.1294906735420225 2.076869130134583
decision_type=2 2 2 2 2 2 2 2 2 2 2 2 2 2 2 2 2 2 2 2 2 2 2 2 2 2 2 2 2 2
left_child=8 2 3 4 5 -2 -6 13 18 28 11 -3 16 -4 -9 -15 -5 27 20 -19 22 26 -1 25 -24 -22 -20 29 -10 -12
right_child=1 10 7 12 6 -7 -8 14 9 -11 17 -13 -14 15 -16 -17 -18 19 21 -21 23 -23 24 -25 -26 -27 -28 -29 -30 -31
leaf_value=-0.050006697600853869 0.022961496065645286 0.050001080840767848 -0.060610416764503121 0.049484120489516698 0.036254521963481293 -0.029768941203192734 -0.053516567999966028 0.0069628484482964327 -0.050559432388489693 0.048877657556328447 -0.050116652211944557 -0.050072605971135734 0.039916425023387936 -0.050139774259303195 0.049991318091790291 -0.015936891596988027 0.050576714353354459 -0.051317538882699125 -0.05111637568103268 -0.050808863383255611 -0.050874211060469798 -0.050097757616003005 -0.050308116003442538 -0.05010085293073771 -0.050116632799488241 -0.050570533006160649 -0.050871416929410135 -0.050086922586405819 -0.050210839451283941 -0.05034958845410184
leaf_weight=0.042006906422198204 0.77535285629033524 0.0023110121983336285 0.14441937292536977 0.081173677044165227 0.73937654372434836 1.359286432920755 0.12744833692652091 0.0018772735559918442 0.010946568759777618 0.012351259544857385 0.0041861425945870978 0.0042396949042665657 0.066081059135598696 0.032108923934774339 0.013003611320185298 0.0010155349997304072 0.30657029994601714 0.079156396163080484 0.021362906321883202 0.066165366969745842 0.01688845083117485 0.0076813464714937307 0.11313803129037764 0.0057370870029286166 0.059306745127837096 0.022631249747529072 0.034316233844375967 0.015501280153005399 0.0080484211607687057 0.034368232863599441
leaf_count=22052 10757 8 9 177 870 8508 273 340 5 51 138 122 127 2342 28 333 15 15 1 30 1 56 10490 150 9162 50 245 227 534 90
internal_value=-0.0040641 -0.000121919 0.00267769 0.00563881 -0.000891602 -0.010616 0.0230556 -0.050494 -0.0469284 -0.0112891 -0.0497128 -0.0147678 0.0488291 -0.0584613 0.0445631 -0.0490912 0.050348 -0.050861 -0.0503863 -0.0510859 -0.0502707 -0.0508602 -0.0501961 -0.0506243 -0.0502423 -0.0507003 -0.0509654 -0.0502562 -0.0504117 -0.0503243
internal_weight=4.20806 3.85364 3.64771 3.45529 3.00146 2.13464 0.866825 0.192425 0.354415 0.0313462 0.205928 0.00655071 0.453825 0.177544 0.0148809 0.0331245 0.387744 0.199377 0.323069 0.145322 0.259708 0.0633605 0.214452 0.0452568 0.172445 0.0395197 0.0556791 0.0540557 0.018995 0.0385544
internal_count=67206 24409 23779 20727 20408 19265 1143 3052 42797 590 630 130 319 2684 368 2675 192 500 42207 45 41905 302 41704 201 19652 51 246 455 539 228
is_linear=0
shrinkage=0.05


Tree=138
num_leaves=31
num_cat=0
split_feature=15 12 36 30 41 20 47 71 47 30 54 19 38 44 39 11 39 36 32 10 11 12 47 10 79 77 74 33 29 44
split_gain=0.273763 0.191319 0.228292 0.571241 0.240198 0.22983 0.296357 0.295053 0.148609 0.117078 0.0968456 0.0552936 0.032603 0.017002 0.0571774 0.00465326 0.00232893 0.00085059 0.000578289 0.000276693 0.000138905 4.41728e-05 0.000452144 3.86761e-06 9.69448e-07 7.6254e-07 7.09583e-07 5.24227e-07 8.58301e-08 7.54893e-08
threshold=1.2815190553665163 0.59287601709365856 1.8747086524963381 2.3892023563385014 1.4187808632850649 1.4287803769111636 1.1582130193710329 2.3971668481826787 0.54282641410827648 2.4542443752288823 1.6462447643280032 1.073198735713959 1.8359605669975283 -0.51242896914482106 0.70775479078292858 -0.069764290004968629 0.71142014861106884 2.1122438907623295 1.8269519209861758 0.59747251868247997 0.19490788131952289 0.60923457145690929 1.2372730970382693 1.4976368546485903 0.94086700677871715 0.65875592827796947 3.6439321041107182 1.5744286775588991 1.0248416066169741 1.4399818778038027
decision_type=2 2 2 2 2 2 2 2 2 2 2 2 2 2 2 2 2 2 2 2 2 2 2 2 2 2 2 2 2 2
left_child=13 2 4 15 5 6 -2 -7 -5 10 -6 17 -10 14 26 -4 -16 29 -17 -13 -21 23 -23 24 28 -26 -1 -25 -15 -3
right_child=1 11 3 8 9 7 -8 -9 12 -11 -12 19 -14 21 16 18 -18 -19 -20 20 -22 22 -24 27 25 -27 -28 -29 -30 -31
leaf_value=-0.05005609912263026 -0.03081273519493672 -0.050067896117336579 0.039135206469662225 0.024769941075973162 0.026467593599044589 0.03061449102962871 0.033999576050188163 -0.051126005408372303 -0.014231955562889682 0.042394269959845757 -0.052104426189162535 0.049943921090467719 -0.052018490231929865 -0.050001473064764913 0.049908510259353611 0.045634456964226591 -0.012607477607550245 -0.059986174909776861 0.050454030791658167 0.042146592066884682 0.026316111261897559 -0.050027398759474186 -0.014960131056915828 -0.050044348661647253 -0.050337232760207767 -0.050033337618393584 -0.050501775812003859 -0.050943538494990948 -0.050085183877378071 -0.050238272698517043
leaf_weight=0.046145046017559047 0.73128912725250828 0.012025466339285557 0.1208407315077642 0.10991688432091773 0.043380471519998076 0.81501380193088124 0.23243664058084379 0.12769640139208127 0.075331832910433494 0.042330633957235297 0.40871001746905589 0.0085019839572484327 0.23567657402035053 0.041460572891470246 0.020037102212086211 0.070515973216005001 0.001609415974942823 0.13877213137334365 0.53030150817930555 0.0034270020921082561 0.002326346865402229 0.010992438251424772 0.001003085867527057 0.0017795176273195925 0.079181058147706374 0.027921075520930011 0.01107445462356417 0.018184873790943357 0.11712008789414895 0.014152958765862422
leaf_count=15954 3035 562 106 20 201 818 378 172 31 28 290 15 48 21723 17 226 351 6 98 39 19 3682 358 357 3671 10249 103 15 4622 12
internal_value=-0.00396799 0.000141345 0.00269044 0.0210872 -0.00606471 0.00198924 -0.0151809 0.0195422 -0.0252041 -0.0371199 -0.044565 -0.050262 -0.0428659 -0.0445981 -0.023957 0.0480878 0.0452605 -0.0584267 0.0498884 0.0442136 0.0357456 -0.0500674 -0.047095 -0.0501922 -0.0501418 -0.050258 -0.0501424 -0.0508634 -0.0500633 -0.05016
internal_weight=4.09916 3.72265 3.54344 1.14258 2.40086 1.90644 0.963726 0.94271 0.420925 0.494421 0.45209 0.179206 0.311008 0.376509 0.078866 0.721658 0.0216465 0.164951 0.600817 0.0142553 0.00575335 0.297643 0.0119955 0.285647 0.265683 0.107102 0.0572195 0.0199644 0.158581 0.0261784
internal_count=67206 6104 5451 529 4922 4403 3413 990 99 519 491 653 79 61102 16425 430 368 580 324 73 58 44677 4040 40637 40265 13920 16057 372 26345 574
is_linear=0
shrinkage=0.05


Tree=139
num_leaves=31
num_cat=0
split_feature=57 53 39 44 46 12 60 40 20 6 3 43 6 75 37 37 4 43 14 43 48 49 20 38 23 35 25 0 81 0
split_gain=0.270683 0.247552 0.254776 0.300433 0.386092 0.297649 0.215861 0.220213 0.160096 0.14809 0.143182 0.140403 0.0928672 0.038253 0.0290796 0.0580155 0.0121626 0.00935137 0.00521747 0.0149304 0.0026411 0.00309798 0.000985494 0.000928997 0.000327111 0.000170109 2.00074e-05 8.15335e-06 4.73424e-06 4.72735e-06
threshold=1.0020714402198794 1.1182666420936587 1.4445225000381472 0.94172155857086193 0.73678913712501537 0.59287601709365856 1.1208707094192507 0.68328294157981884 1.9092661142349245 -0.31502407789230341 1.1724488735198977 1.2774374485015871 -0.34901441633701319 3.7639402151107793 0.85242423415184032 0.85812759399414074 1.6145588755607607 -0.54228889942169178 0.76468515396118175 1.4976862668991091 0.58639666438102733 0.10553680360317232 -1.3713202476501463 1.9679648876190188 0.44287329912185674 0.73834535479545604 1.99984347820282 2.8062094449996953 -0.48999169468879694 1.5910128951072695
decision_type=2 2 2 2 2 2 2 2 2 2 2 2 2 2 2 2 2 2 2 2 2 2 2 2 2 2 2 2 2 2
left_child=13 10 6 4 5 -4 7 22 -6 -9 -2 12 -5 14 16 17 26 28 25 -20 21 -8 -3 -22 -18 -12 29 -13 -16 -1
right_child=1 2 3 11 8 -7 20 9 -10 -11 18 27 -14 -15 15 -17 24 -19 19 -21 23 -23 -24 -25 -26 -27 -28 -29 -30 -31
leaf_value=-0.050230449642225061 -0.050292236641750976 -0.023602616849382956 0.019993993796178808 0.048522410342538611 -0.05009516079152402 -0.059357600427498651 0.044278961214040458 0.04112787825869061 0.050103183120646225 -0.044971440152985126 0.047196309334332609 -0.05007130891389782 -0.050347522857629369 0.049941705283749367 0.049985352623060399 -0.050080691817196488 0.015167716072498977 -0.050036081799486758 -0.050055103657148575 0.050003867575383103 -0.050872701577642704 -0.050013030394075099 -0.050515976302203683 -0.029042334107227175 0.047829709943359139 0.050141885259266217 -0.047395167477018531 -0.051699983494166928 0.04847896840621968 -0.050759681526643841
leaf_weight=0.29462032539272343 0.041190302339648044 0.0034785709523999222 1.0044080816775638 0.49645730590547837 0.46944656726132672 0.13393547234370773 0.0015981235042231805 0.23875325939826919 0.043565321798231249 0.063152369840861922 0.059568830349462587 0.010132890507312031 0.024943891358919557 0.01128704375140327 0.019048832253751868 0.045395082710270672 0.0010539229763956402 0.0025887702547423347 0.0051426769145792575 0.013554934179410338 0.45219426709415256 0.0019148384251607585 0.15333120028766486 0.0049264948529194599 0.0028114949699172024 0.27664887537963045 0.0060053889246773897 0.031800482422113419 0.0071823881502268696 0.049248877370926702
leaf_count=48149 2055 100 948 666 794 83 46 1282 16 823 27 289 438 38 10 6271 173 298 328 12 1922 461 1697 30 20 93 5 2 68 62
internal_value=-0.00390008 0.00070561 -0.00400156 0.00518348 -0.00557251 0.0106576 -0.0261281 -0.00184955 -0.0415862 0.0231177 0.0379494 0.0367135 0.0437925 -0.0409156 -0.0433119 -0.0148567 -0.0492818 0.0406255 0.0481904 0.0224832 -0.0503055 -0.00711753 -0.0499189 -0.0506374 0.0389243 0.04962 -0.0502563 -0.0513064 0.0495729 -0.0503062
internal_weight=3.96939 3.53014 3.13404 2.21469 1.65136 1.13834 0.919349 0.458715 0.513012 0.301906 0.396106 0.563335 0.521401 0.439242 0.427955 0.0742151 0.35374 0.02882 0.354915 0.0186976 0.460634 0.00351296 0.15681 0.457121 0.00386542 0.336218 0.349875 0.0419334 0.0262312 0.343869
internal_count=67206 12112 9597 3236 1841 1031 6361 3902 810 2105 2515 1395 1104 55094 55056 6647 48409 376 460 340 2459 507 1797 1952 193 120 48216 291 78 48211
is_linear=0
shrinkage=0.05


Tree=140
num_leaves=31
num_cat=0
split_feature=57 56 26 16 15 17 12 16 44 55 21 75 55 10 25 22 50 43 0 73 15 43 12 8 12 0 46 25 56 15
split_gain=0.257569 0.223244 0.262288 0.270495 0.322115 0.270732 0.269233 0.153316 0.150304 0.0870827 0.0763575 0.0363686 0.0350989 0.0310336 0.0477399 0.0267947 0.0246697 0.0209556 0.0208475 0.0144242 0.00186846 0.0090716 1.19282e-05 3.47397e-06 2.98809e-06 5.38029e-07 4.42577e-07 2.31232e-07 2.90415e-08 2.2879e-08
threshold=1.0020714402198794 1.0056942105293276 -0.370694950222969 1.5072274804115298 2.114045381546021 -0.033950787037611001 0.59287601709365856 2.6406444311141972 -0.67281317710876454 0.82704693078994762 -1.3392842411994932 3.7639402151107793 2.8508846759796147 -1.3482509255409239 0.75542160868644725 -2.514843106269836 0.67573517560958873 -0.61499243974685658 2.454364657402039 0.14898511767387393 1.9891663789749148 1.4976862668991091 0.60923457145690929 2.4779268503189091 -1.2802843451499937 1.5910128951072695 1.2669001817703249 1.942211449146271 0.59246060252189647 -2.6373016834259029
decision_type=2 2 2 2 2 2 2 2 2 2 2 2 2 2 2 2 2 2 2 2 2 2 2 2 2 2 2 2 2 2
left_child=11 9 3 5 19 10 -7 -6 18 17 -3 13 16 14 26 22 -10 -2 -4 -5 21 -19 -15 24 -17 -25 29 28 -11 -1
right_child=1 2 8 4 7 6 -8 -9 12 27 -12 -13 -14 15 -16 23 -18 20 -20 -21 -22 -23 -24 25 -26 -27 -28 -29 -30 -31
leaf_value=-0.050117173015165134 -0.05005444983416122 0.050069753371948869 -0.050103167905795477 0.050012173083954253 0.032757431810061459 0.021848481490840829 -0.058810985276611383 -0.020862438982642367 -0.00519399900772662 -0.05027005198085769 -0.047167616568624143 0.049929813764299932 0.025595390630912207 0.045556761516669882 0.050051335524580326 -0.050533861328349895 -0.051429429296744184 -0.050026095892744649 0.050174129417540674 -0.050505814172142449 0.050175935025178545 0.05000367920060831 0.049780607498191298 -0.050010229000464916 -0.050156643336032293 -0.050977650663617362 -0.050480930423909588 -0.050490900602165517 -0.050125060133450167 -0.050001585260736538
leaf_weight=0.0079521039824371389 0.005411233349664534 0.021093586006278753 0.0057584086736037201 0.0036503262817860196 1.103687092723008 0.52815966257543911 0.12865842458381471 0.15162921705763022 0.031024511169202629 0.0053819394972833652 0.47103822679774776 0.010739062123121645 0.016726397391499448 0.0027214059204291865 0.021406588252986677 0.065382062664168461 0.4117214289152949 0.0027499491421912872 0.051876761019229889 0.16016879456126715 0.28003991372460746 0.012893899693153799 0.0043324475225858805 0.0015560815693484433 0.26642737496050761 0.01881029312685456 0.0094381219235657454 0.0096279534312092938 0.0096389112512130608 0.0092735849048393108
leaf_count=525 303 4 336 1 165 1265 148 32 713 7 3344 38 11 107 16 4146 2777 594 1 1983 12 12 12 440 43949 2 5 28 376 5854
internal_value=-0.00385108 0.00068883 -0.0034676 0.0030743 0.0176753 -0.0149603 0.00604879 0.0262807 -0.0359563 0.0400553 -0.0429999 -0.0408939 -0.0455035 -0.0432886 -0.00555951 -0.0483373 -0.0481896 0.0474521 0.0401553 -0.048266 0.0492365 0.03242 0.048151 -0.0502699 -0.050231 -0.0509037 -0.0502057 -0.0502996 -0.050177 -0.0500549
internal_weight=3.82898 3.41094 3.08519 2.56809 1.41914 1.14895 0.656818 1.25532 0.517108 0.325744 0.492132 0.418039 0.459472 0.4073 0.0480704 0.35923 0.442746 0.301095 0.0576352 0.163819 0.295684 0.0156438 0.00705385 0.352176 0.331809 0.0203664 0.0266638 0.0246488 0.0150209 0.0172257
internal_count=67206 12112 10780 6942 2181 4761 1413 197 3838 1332 3348 55094 3501 55056 6400 48656 3490 921 337 1984 618 606 119 48537 48095 442 6384 411 383 6379
is_linear=0
shrinkage=0.05


Tree=141
num_leaves=31
num_cat=0
split_feature=8 65 34 12 34 27 74 41 15 15 60 22 49 61 25 22 22 38 3 34 74 16 3 12 15 51 27 24 27 15
split_gain=0.247252 0.187484 0.196923 0.203029 0.288737 0.220998 0.0493456 0.0144114 0.0247797 0.0105958 0.00272488 0.00599454 0.00224818 0.00218124 0.000701796 0.000569726 0.000197296 0.00287707 1.12747e-05 7.99891e-06 4.39827e-06 2.33117e-06 1.59523e-06 1.14996e-06 6.58657e-07 6.51027e-07 6.35487e-07 5.8997e-07 4.52451e-07 3.81393e-07
threshold=-1.0000000180025095e-35 0.5153871774673463 2.1521906852722172 0.59287601709365856 2.0343699455261235 -0.25963211059570307 0.94168221950531017 0.68319612741470348 2.3221769332885747 3.0476642847061162 1.7114073038101199 -1.6589050292968748 2.9149316549301152 1.866218149662018 2.1343181133270268 -2.621835350990295 -1.6589050292968748 1.4448357224464419 2.1541967391967778 2.3194189071655278 1.6786593198776247 2.106505393981934 2.2764565944671635 -1.7381611466407774 1.7929280400276186 2.9148191213607793 -0.545709729194641 2.3647665977478032 0.053181698545813567 1.9891663789749148
decision_type=2 2 2 2 2 2 2 2 2 2 2 2 2 2 2 2 2 2 2 2 2 2 2 2 2 2 2 2 2 2
left_child=9 7 3 4 5 -3 15 20 -9 12 11 -4 16 -6 -8 -5 17 27 24 22 23 -21 -12 28 -18 -20 -22 -1 -2 -25
right_child=1 2 10 6 13 -7 14 8 -10 -11 19 -13 -14 -15 -16 -17 18 -19 25 21 26 -23 -24 29 -26 -27 -28 -29 -30 -31
leaf_value=-0.050062445070064479 -0.050132405857190532 0.0072984751606039707 0.050001015942775756 -0.058356772891747781 0.050279956905073524 -0.044864913798813973 0.014288327965519328 -0.050303170272426714 0.050034064825184056 0.042574186650770604 -0.051019918756722217 -0.050053100942510143 0.0048168354229248039 0.039817226624551227 0.049996942383453528 -0.050119307310744377 -0.050111259181527326 0.016606615544452804 -0.050853351266092521 -0.050213556734338763 -0.050831932178984865 -0.050772641154319113 -0.051478659390478576 -0.050044921117656738 -0.050294753631058987 -0.051204613442856206 -0.0500378978382841 -0.0505642386900697 -0.050619783672098739 -0.050241716406479835
leaf_weight=0.012485638547800069 0.0059608715522900665 2.2650621350602766 0.0021721675148000941 0.1226996954466415 0.33481557944335105 0.22304088657140875 0.0015692263175321542 0.0154964530027768 0.010205915197730064 0.0031544218990262043 0.059087822565930842 0.0048163452898039019 0.0018869710473137782 0.05852108864030936 0.011171857332347428 0.025322187545262387 0.11593699046151924 0.0017246949515495108 0.030980545290301614 0.041709514290444755 0.048470267282128998 0.033716885756036485 0.02789868600666523 0.038921798931235971 0.084585132733469529 0.022972006350755692 0.0026579934845216693 0.011034309864044189 0.023674552064444215 0.067000188893757473
leaf_count=1229 1107 8221 8 9 150 2451 224 795 1 32 116 154 268 57 27 1475 35368 72 61 191 68 12 8 13356 706 1 685 1 199 154
internal_value=-0.00378895 -6.58978e-05 0.00294288 0.00586448 0.00891549 0.0026224 -0.0488204 -0.0455628 -0.0104612 -0.0485553 -0.0495249 -0.0189543 -0.0495761 0.0487233 0.045599 -0.0569476 -0.0499431 -0.045727 -0.0503613 -0.0508403 -0.0503955 -0.0504635 -0.051167 -0.0502464 -0.0501887 -0.0510029 -0.0507907 -0.0502979 -0.0505218 -0.0501694
internal_weight=3.70875 3.42399 3.2116 3.0422 2.88144 2.4881 0.160763 0.212388 0.0257024 0.284761 0.169401 0.00698851 0.281606 0.393337 0.0127411 0.148022 0.279719 0.0252446 0.254475 0.162413 0.186686 0.0754264 0.0869865 0.135557 0.200522 0.0539526 0.0511283 0.0235199 0.0296354 0.105922
internal_count=67206 29468 13103 12614 10879 10672 1735 16365 796 37738 489 162 37706 207 251 1484 37438 1302 36136 327 15569 203 124 14816 36074 62 753 1230 1306 13510
is_linear=0
shrinkage=0.05


Tree=142
num_leaves=31
num_cat=0
split_feature=8 65 35 39 43 73 12 31 12 75 21 34 75 15 49 67 14 22 38 3 3 12 15 51 3 27 2 13 6 50
split_gain=0.235494 0.177863 0.221412 0.266055 0.271074 0.256166 0.266794 0.123844 0.105942 0.0899399 0.0626851 0.0539364 0.0372593 0.0100751 0.00222432 0.0014541 0.000274961 0.000199419 0.00278853 9.69291e-06 3.6077e-06 8.77084e-07 5.66622e-07 5.57425e-07 5.07243e-07 4.24731e-07 3.93858e-07 3.46794e-07 2.83321e-07 2.63585e-07
threshold=-1.0000000180025095e-35 0.5153871774673463 0.93406900763511669 1.4445225000381472 -0.27285814285278315 1.7741302847862246 0.59287601709365856 1.3247475028038027 0.57274243235588085 0.59456589818000805 -0.66586852073669422 1.3521531820297243 3.7639402151107793 3.0476642847061162 2.9149316549301152 0.38551044464111334 0.43564611673355108 -1.6589050292968748 1.4448357224464419 2.1541967391967778 1.2250207066535952 -1.7381611466407774 1.7929280400276186 2.9148191213607793 1.6407045125961306 0.053181698545813567 1.5743466019630434 0.50325195491313945 -0.26970361173152918 0.75125986337661754
decision_type=2 2 2 2 2 2 2 2 2 2 2 2 2 2 2 2 2 2 2 2 2 2 2 2 2 2 2 2 2 2
left_child=13 12 7 4 8 10 -7 9 -4 26 -5 -11 20 14 17 -9 -6 18 24 22 21 25 -19 -21 -1 -2 -3 -23 -22 -17
right_child=1 2 3 5 16 6 -8 15 -10 11 -12 -13 -14 -15 -16 29 -18 19 -20 23 28 27 -24 -25 -26 -27 -28 -29 -30 -31
leaf_value=-0.050059405769602432 -0.050117699354436995 -0.050120178383354766 -0.050228755956810978 0.018763551810309261 -0.043482231490143561 0.020427354559473272 -0.057873215500458146 0.010652977665888325 0.044960502239291614 0.042647864700919989 -0.041601132987347814 -0.050581696426074588 0.050015068615698668 0.041966249022675858 0.0045781268600404729 -0.05039610033639419 -0.050945610400952482 -0.050105851241761735 0.015863894096522082 -0.050811389702405951 -0.050577530985052292 -0.050231861104115427 -0.050280334026311713 -0.051144482496701144 -0.050536392665572333 -0.050588084206523401 -0.050508046893379302 -0.050035341284701433 -0.050824678420883874 -0.05015590234168224
leaf_weight=0.011876939756256488 0.0060943871215939352 0.019097910395583728 0.037815161476533854 0.050209250462252886 0.01267796803556237 1.4231572257295217 0.11779356865935908 0.0010003898159019397 0.12875458014608787 0.54183092627572116 0.29981334779797553 0.0159709428784931 0.0097101641951208018 0.0030429624854982898 0.0018861144446620228 0.024198027135993356 0.4639119831216329 0.11029427988101051 0.0017154150991891158 0.02949332796781326 0.018255706094135016 0.082889640813237186 0.080482360962073257 0.021876690909266472 0.010502264082948187 0.022576940222037087 0.0099575407803058624 0.030787200090961683 0.031786973832883092 0.021631553780657498
leaf_count=1225 1216 3220 797 32 129 531 50 175 163 1616 1657 41 11 32 268 150 4108 35368 72 61 69 4749 706 1 5 245 1 10055 20 433
internal_value=-0.00367564 -6.85676e-05 0.00283282 -0.00377735 -0.0315568 0.00567103 0.0144419 0.0292671 0.0233504 0.0355111 -0.0329421 0.0399785 -0.0455463 -0.0485019 -0.0495287 -0.048981 -0.0507471 -0.049912 -0.0455739 -0.0503436 -0.0503693 -0.050241 -0.0501795 -0.0509532 -0.0502832 -0.0504881 -0.0502531 -0.0501786 -0.0507345 -0.0502827
internal_weight=3.64109 3.36992 3.16782 2.53413 0.64316 1.89097 1.54095 0.633687 0.16657 0.586857 0.350023 0.557802 0.202101 0.27117 0.268127 0.04683 0.47659 0.266241 0.0240946 0.242147 0.192391 0.142348 0.190777 0.05137 0.0223792 0.0286713 0.0290555 0.113677 0.0500427 0.0458296
internal_count=67206 29468 13103 7467 5197 2270 581 5636 960 4878 1689 1657 16365 37738 37706 758 4237 37438 1302 36136 16354 16265 36074 62 1230 1461 3221 14804 89 583
is_linear=0
shrinkage=0.05


Tree=143
num_leaves=31
num_cat=0
split_feature=57 53 45 15 47 79 6 3 74 75 1 6 79 12 3 23 36 49 80 50 75 20 15 45 14 74 3 40 24 52
split_gain=0.226367 0.214779 0.224561 0.248864 0.196138 0.275 0.274968 0.12036 0.0441337 0.0311999 0.0213598 0.052489 0.0183209 0.00517454 0.0117805 0.00137743 0.000562697 0.00183121 0.000179117 0.000127143 1.89138e-05 5.59919e-06 2.21663e-06 1.77437e-06 1.0115e-06 3.91434e-07 2.70436e-07 1.792e-07 1.42928e-07 1.38414e-07
threshold=1.0020714402198794 1.1182666420936587 0.1400851905345917 3.0476642847061162 0.53427961468696605 1.3789894580841067 -0.24704338610172269 1.1724488735198977 4.5037388801574716 3.7639402151107793 1.099454998970032 -0.31502407789230341 0.88514706492424022 0.51276007294654857 1.689608693122864 0.44287329912185674 1.8747086524963381 1.065050005912781 -1.0923469066619871 -0.2592830210924148 3.7639402151107793 1.447639048099518 1.923753619194031 -0.7151409089565276 1.0491670966148379 1.2692276239395144 1.2250207066535952 0.43905660510063177 0.92528221011161815 -0.69207835197448719
decision_type=2 2 2 2 2 2 2 2 2 2 2 2 2 2 2 2 2 2 2 2 2 2 2 2 2 2 2 2 2 2
left_child=9 7 8 4 6 -6 -4 27 19 10 22 -12 -13 18 -15 -14 17 -5 -9 -3 -21 -20 25 26 -25 -1 -24 -2 -16 -27
right_child=1 2 3 16 5 -7 -8 13 -10 -11 11 12 15 14 28 -17 -18 -19 21 20 -22 -23 23 24 -26 29 -28 -29 -30 -31
leaf_value=-0.050047599874879306 -0.05031476403425398 -0.053286979126542733 0.015578987504113399 0.050171835683268842 -0.034412547862648302 0.040911944216147828 -0.052335871173819597 0.047132782407363516 0.050037470399541518 0.049909375412688167 -0.050112949203464353 -0.050097385489593055 -0.002848346110467958 -0.050057233131464408 0.049608892777841952 0.049986311939614322 0.050241412463897829 0.03287426678971931 0.049622494810498415 -0.050419358344421551 -0.051736636157124073 0.050190767431116334 -0.050569377854818458 -0.050226966430796265 -0.050691179076540131 -0.050356032659476573 -0.050839261806176254 -0.05006233563911449 0.050003006090506563 -0.050153378555902711
leaf_weight=0.089406153890389486 0.024902439455410423 0.057884601540962449 1.2349908738456059 0.051198013133485022 0.76279151057546457 0.14405490070006477 0.1694901044540843 0.068969671371417879 0.011224467307329178 0.0092466642898195728 0.059228728715082425 0.0059155791589092848 0.0012981633726238942 0.0043482517789475783 0.0045431855911886041 0.024800374107270776 0.17193742096424103 0.021822158282281866 0.058473583963789627 0.17031602028547763 0.032440197616767308 0.16755235770330046 0.02167315625603275 0.092057549335363115 0.013449138961732388 0.015681846688711781 0.016235578805208206 0.0097966264424012642 0.0046601380342060827 0.018209748802154327
leaf_count=46631 523 11 2068 47 3733 1021 692 135 1 38 3028 902 359 179 21 32 3 22 94 1983 16 8 75 499 1 887 1 1532 23 2641
internal_value=-0.00360671 0.000696464 -0.00383661 0.000758103 -0.00432069 -0.0224471 0.00738315 0.0380463 -0.0470396 -0.0407716 -0.0431141 -0.0222319 0.0293504 0.0479754 0.0177649 0.0473583 0.0486797 0.0450024 0.0493632 -0.0512202 -0.0506301 0.0500438 -0.0502579 -0.0503916 -0.0502861 -0.0501025 -0.050685 -0.0502435 0.0498085 -0.0502471
internal_weight=3.5386 3.1714 2.82815 2.55628 2.31133 0.906846 1.40448 0.343246 0.271865 0.367203 0.357956 0.0912428 0.0320141 0.308547 0.0135516 0.0260985 0.244958 0.0730202 0.294996 0.260641 0.202756 0.226026 0.266713 0.143415 0.105507 0.123298 0.0379087 0.0346991 0.00920332 0.0338916
internal_count=67206 12112 9597 7586 7514 4754 2760 2515 2011 55094 55056 4321 1293 460 223 391 72 69 237 2010 1999 102 50735 576 500 50159 76 2055 44 3528
is_linear=0
shrinkage=0.05


Tree=144
num_leaves=31
num_cat=0
split_feature=8 65 35 39 73 12 12 61 27 21 3 49 57 75 15 49 48 22 38 3 3 12 24 15 25 51 27 64 74 50
split_gain=0.217241 0.162426 0.200737 0.248599 0.222919 0.251955 0.22071 0.124133 0.0923104 0.0619242 0.0562905 0.0845774 0.0514459 0.0337088 0.00923116 0.0023419 0.000538933 0.000193544 0.00260799 8.14056e-06 2.69368e-06 6.38888e-07 4.50966e-07 4.32676e-07 4.28897e-07 3.29469e-07 3.14106e-07 2.3168e-07 2.26936e-07 4.14812e-08
threshold=1.0000000180025095e-35 0.5153871774673463 0.93406900763511669 1.4445225000381472 1.7741302847862246 0.59287601709365856 0.57274243235588085 1.1948102712631228 -0.30775731801986689 -0.66586852073669422 1.0538564920425417 0.48317217826843267 1.0267791152000429 3.7639402151107793 3.0476642847061162 2.9149316549301152 0.046032112091779716 -1.6589050292968748 1.4448357224464419 2.1541967391967778 1.2250207066535952 -1.7381611466407774 2.3647665977478032 1.7929280400276186 1.8056026697158816 2.9148191213607793 0.053181698545813567 0.35975600779056555 1.7605457305908205 2.377702116966248
decision_type=2 2 2 2 2 2 2 2 2 2 2 2 2 2 2 2 2 2 2 2 2 2 2 2 2 2 2 2 2 2
left_child=14 13 8 6 9 -6 16 -8 10 -5 11 -3 -12 20 15 17 -4 18 22 23 21 26 -1 -19 29 -21 -2 -23 -22 -10
right_child=1 2 3 4 5 -7 7 -9 24 -11 12 -13 -14 -15 -16 -17 -18 19 -20 25 28 27 -24 -25 -26 -27 -28 -29 -30 -31
leaf_value=-0.050054126593355536 -0.050108509889831877 0.042327005240087728 -0.036870301733353331 0.019430140658607667 0.019737682612206518 -0.057547474752186634 0.04396046669400748 -0.050573109620400347 -0.050032739794893782 -0.040707350496980321 -0.026223474484118894 -0.050343416796808663 0.045517313668697955 0.050008613880078538 0.041001546137970302 0.0058798784724329173 -0.050865685059312826 -0.050096112932062689 0.014391403076413754 -0.050786199658655634 -0.05051872622837781 -0.050093163958223011 -0.050517987740046379 -0.050255683096689846 -0.05043147302941569 -0.051050634201594482 -0.050531591632011374 -0.050242658208373626 -0.050750183528884857 -0.050213127025054538
leaf_weight=0.010832790329909414 0.0055849294260596127 0.053601643809607011 0.0069926612669178869 0.050514724615423723 1.3779274438402893 0.11419541680026579 0.12069350770058787 0.048753234847951438 0.012368272911312025 0.28052749566650226 0.026536251652829634 0.045539426733226487 0.4287328932069116 0.0087881625398218699 0.0028535265975159199 0.0018979800936053939 0.42198290079651901 0.1004379184600878 0.0016841235732180928 0.028341789437564491 0.01668031152977778 0.054783404175958172 0.010148419998586178 0.073620026866862379 0.01795238150172819 0.020156724378466606 0.020452748245916731 0.049184730691772566 0.029005277046729727 0.0042932374411748233
leaf_count=1229 1216 1946 1239 32 531 50 604 307 1937 1657 631 733 350 11 32 268 3047 35368 72 61 77 12729 1 706 35 1 245 2075 12 4
internal_value=-0.00352553 -1.35862e-05 0.00277705 -0.0035905 0.00558776 0.0138229 -0.0315532 0.0167613 0.0289552 -0.0315308 0.033901 -0.000240196 0.0413358 -0.0455553 -0.0484142 -0.0494467 -0.0506375 -0.049875 -0.0454733 -0.0503232 -0.0503354 -0.0502194 -0.0502785 -0.0501636 -0.0502619 -0.0508961 -0.0504408 -0.0501639 -0.0506657 -0.0500792
internal_weight=3.44506 3.19509 3.01061 2.42159 1.82317 1.49212 0.598422 0.169447 0.589024 0.331042 0.55441 0.0991411 0.455269 0.18448 0.249973 0.24712 0.428976 0.245222 0.0226653 0.222556 0.175691 0.130006 0.0209812 0.174058 0.0346139 0.0484985 0.0260377 0.103968 0.0456856 0.0166615
internal_count=67206 29468 13103 7467 2270 581 5197 911 5636 1689 3660 2679 981 16365 37738 37706 4286 37438 1302 36136 16354 16265 1230 36074 1976 62 1461 14804 89 1941
is_linear=0
shrinkage=0.05


Tree=145
num_leaves=31
num_cat=0
split_feature=15 34 5 34 67 9 41 33 49 44 39 79 42 61 47 12 19 11 43 31 16 37 10 37 79 77 46 33 0 53
split_gain=0.208299 0.164722 0.182003 0.215587 0.247669 0.289871 0.15491 0.0977198 0.0522057 0.0132375 0.0425031 0.00190369 0.00694728 0.001697 0.000430536 3.92754e-05 0.000304784 8.96919e-06 6.00514e-06 5.9856e-06 3.00186e-06 2.2661e-06 1.73501e-06 5.01405e-07 2.99845e-07 2.74037e-07 2.3314e-07 2.2429e-07 4.72405e-08 4.33196e-08
threshold=1.2815190553665163 2.1521906852722172 1.6544005274772646 2.0723766088485722 2.6409018039703374 1.4156441092491152 1.6871535181999209 2.3192983865737919 0.023627090267837051 -0.51242896914482106 0.70775479078292858 0.39165820181369787 2.1976716518402104 0.48136219382286077 0.27573156356811529 0.60923457145690929 0.97802701592445385 0.037758385762572295 0.91178131103515636 2.654781818389893 2.0730055570602421 1.1908157467842104 1.4976368546485903 2.3789858818054204 0.94086700677871715 0.65875592827796947 1.2669001817703249 1.5744286775588991 2.454364657402039 1.0878871679306032
decision_type=2 2 2 2 2 2 2 2 2 2 2 2 2 2 2 2 2 2 2 2 2 2 2 2 2 2 2 2 2 2
left_child=9 2 3 4 5 -2 8 -6 17 10 26 12 28 -12 -8 22 -17 -4 20 -10 -13 -5 24 -20 29 -26 -1 -24 -3 -11
right_child=1 11 6 21 7 -7 14 -9 19 15 13 18 -14 -15 -16 16 -18 -19 23 -21 -22 -23 27 -25 25 -27 -28 -29 -30 -31
leaf_value=-0.050043498131188795 -0.012343420750315356 -0.050015800354017141 0.049961924199021818 0.050218777264301677 -0.051851622157599225 0.028880591322786101 0.050275110761705447 0.050084575823490921 -0.050075599210949839 -0.050001001003428108 0.050010196751844031 -0.050214684119194365 0.050001034665536084 -0.0075194460125053708 0.046245528524533501 -0.050022701036956913 -0.020853855726869302 0.047097646125856527 -0.051094265369028571 -0.051112325241934965 -0.050794124720871497 0.049844867629890904 -0.050030768319673603 -0.051412566728984636 -0.050236484082156474 -0.050026484083740511 -0.050341914720017082 -0.050714594753837244 -0.050322632475140787 -0.050070002641578841
leaf_weight=0.033328211633444627 1.3369323770035064 0.0015620518843253439 0.013201777405894321 0.12364294007420548 0.32961428583606744 0.62613900962756375 0.23588693110898581 0.025316478170642753 0.040237199280893046 0.030134360029014887 0.014952389435961777 0.03442474903804979 0.0022088086989242592 0.0014020473226466759 0.092195227429043874 0.0080596694429719788 0.001007507018868487 0.0034467162394659712 0.023041073174342369 0.021288732066750526 0.063733630835956845 0.060275523430121575 0.0013123421632003094 0.026720277965068817 0.05630310110233934 0.021454732555586664 0.0081444423161940449 0.013897348180258007 0.0063702287152409554 0.092773351424188355
leaf_count=16021 4179 106 62 3 385 628 22 2 231 22273 5 97 8 363 151 3422 618 56 93 1 19 59 357 1 3671 10249 36 15 1 4072
internal_value=-0.00345801 0.000328761 0.00303051 -0.00200986 -0.00614414 0.000805343 0.0340715 -0.0445807 -0.0291796 -0.0445202 -0.0231836 -0.049381 -0.0284241 0.0450782 0.0491427 -0.0500053 -0.0467816 0.0493689 -0.0508177 -0.0504343 -0.0505909 0.0500962 -0.0501407 -0.0512652 -0.0501017 -0.0501785 -0.0501021 -0.0506556 -0.0502622 -0.0500531
internal_weight=3.34901 3.06624 2.90818 2.50192 2.318 1.96307 0.406257 0.354931 0.0781744 0.28277 0.0578271 0.158061 0.0101411 0.0163544 0.328082 0.224942 0.00906718 0.0166485 0.14792 0.0615259 0.0981584 0.183918 0.215875 0.0497614 0.200666 0.0777578 0.0414727 0.0152097 0.00793228 0.122908
internal_count=67206 6104 5779 5256 5194 4807 523 387 350 61102 16425 325 115 368 173 44677 4040 118 210 232 116 62 40637 94 40265 13920 16057 372 107 26345
is_linear=0
shrinkage=0.05


Tree=146
num_leaves=29
num_cat=0
split_feature=8 34 25 42 14 40 73 73 47 47 15 27 46 15 29 15 49 9 15 22 61 3 0 15 2 78 15 42
split_gain=0.201426 0.15384 0.217133 0.367941 0.29422 0.361526 0.219423 0.241172 0.160433 0.212852 0.0720793 0.0355827 0.00989118 0.00850565 0.00300793 0.00540249 0.0025422 0.0016536 0.000989558 0.0002044 0.00256639 6.30056e-06 5.47183e-06 3.78529e-07 3.76256e-07 3.45563e-07 8.96915e-08 1.85963e-09
threshold=-1.0000000180025095e-35 2.1521906852722172 2.3200205564498906 1.8857456445693972 0.99089968204498302 1.9666920900344851 1.8154943585395815 1.0534777045249941 0.80351108312606823 1.2372730970382693 1.923753619194031 0.32589118182659155 0.67266300320625316 3.0476642847061162 1.827657222747803 2.5422018766403203 2.9149316549301152 0.47989347577095037 2.4232695102691655 -1.6589050292968748 1.2479788661003115 2.1541967391967778 2.5504565238952641 1.7929280400276186 1.7320465445518496 -0.5865768939256667 2.3221769332885747 0.7355189621448518
decision_type=2 2 2 2 2 2 2 2 2 2 2 2 2 2 2 2 2 2 2 2 2 2 2 2 2 2 2 2
left_child=13 2 4 8 6 11 7 -2 18 -10 -7 -6 -5 16 15 -3 19 -8 -4 20 24 23 26 -21 -1 -23 27 -16
right_child=1 14 3 12 5 10 17 -9 9 -11 -12 -13 -14 -15 22 -17 -18 -19 -20 21 -22 25 -24 -25 -26 -27 -28 -29
leaf_value=-0.050048725039635478 -0.012427905546137288 -0.050107411280751829 0.04524793722849571 -0.028222472877016194 -0.050451752109001435 -0.050061002178086282 -0.016253910830839716 0.03873132614597713 -0.048300299312776303 0.04670807138630502 0.047747733117490143 0.014243147036461068 -0.052731009655751983 0.040169544514583773 -0.050068073143930518 0.050000983131782285 0.0080779962612353463 -0.050840592374865358 0.050192771577523214 -0.05008730123119768 0.013744172646816617 -0.050986095374564326 -0.050919283531997928 -0.050242136781656323 -0.050486429449912086 -0.050705322599551739 -0.050232288409738896 -0.050023605663529182
leaf_weight=0.010113678932454333 0.38890299457197919 0.0037585452771082819 0.12920688731721214 0.0645136718824081 0.60064043605661499 0.021671656977355153 0.0035481842031383761 0.56510700954161319 0.11499779611342067 0.1209587327953828 0.14397244372024501 0.022033580202394099 0.11375952600459736 0.0026855222997784747 0.0067796596410740996 0.0021010858908994123 0.0019120764070480458 0.13277049666184373 0.46636729000753313 0.091441705769645526 0.0017017281436841501 0.018966637060445102 0.11263364664730331 0.069454056943213077 0.0095420321449637413 0.025955256610477206 0.021024100261618495 0.0035994229703939689
leaf_count=1220 19525 116 27 14 6045 255 199 1886 63 27 25 366 39 32 39 8 268 447 61 35368 81 3 39 706 1 59 23 264
internal_value=-0.00336723 6.01196e-05 0.00262312 0.0213215 -0.00742758 -0.0306984 0.00939743 0.0178762 0.0352963 0.000403978 0.0349512 -0.0481625 -0.0438618 -0.0482969 -0.049328 -0.0142116 -0.049334 -0.0499403 0.04912 -0.0498172 -0.0451614 -0.0503003 -0.0507566 -0.0501541 -0.0502612 -0.0508239 -0.0501729 -0.0500527
internal_weight=3.27012 3.03835 2.88845 1.0098 1.87865 0.788318 1.09033 0.95401 0.831531 0.235957 0.165644 0.622674 0.178273 0.231773 0.149896 0.00585963 0.229087 0.136319 0.595574 0.227175 0.0213574 0.205818 0.144037 0.160896 0.0196557 0.0449219 0.0314032 0.0103791
internal_count=67206 29468 28979 231 28748 6691 22057 21411 178 90 280 6411 53 37738 489 124 37706 646 88 37438 1302 36136 365 36074 1221 62 326 303
is_linear=0
shrinkage=0.05


Tree=147
num_leaves=31
num_cat=0
split_feature=57 53 45 26 10 22 44 54 25 30 74 24 10 41 45 64 18 46 24 22 50 24 81 75 9 8 79 48 76 74
split_gain=0.192235 0.190719 0.196301 0.208862 0.217844 0.253026 0.138852 0.129985 0.0802383 0.0420144 0.0386496 0.0279388 0.0593508 0.0148668 0.00566733 0.00143118 0.00151937 0.000524786 0.00527528 0.000297931 9.14285e-05 7.30418e-05 1.559e-05 1.16719e-05 3.84147e-06 1.77384e-06 6.97225e-07 6.44182e-07 1.57356e-07 1.26774e-07
threshold=1.0020714402198794 1.1182666420936587 0.1400851905345917 -0.370694950222969 0.55898562073707592 0.69492417573928844 -0.67281317710876454 1.6462447643280032 1.2506288886070254 1.3248835206031802 4.5037388801574716 1.1084885001182558 0.1805316358804703 0.68319612741470348 -0.24904272705316541 0.68777874112129223 0.090028800070285811 1.179260849952698 0.77348154783248912 -0.69597491621971119 -0.2592830210924148 1.0823164582252505 -0.48999169468879694 3.7639402151107793 1.2212024331092837 2.4779268503189091 -1.3990861177444456 0.42471271753311163 3.65012538433075 3.2345001697540288
decision_type=2 2 2 2 2 2 2 2 2 2 2 2 2 2 2 2 2 2 2 2 2 2 2 2 2 2 2 2 2 2
left_child=11 8 10 4 7 -6 -5 -4 -2 -8 20 17 13 -13 -10 22 -17 21 29 24 -3 25 -15 -22 -16 27 -14 -1 -28 -19
right_child=1 2 3 6 5 -7 9 -9 14 -11 -12 12 26 15 19 16 -18 18 -20 -21 23 -23 -24 -25 -26 -27 28 -29 -30 -31
leaf_value=-0.050082261569753143 -0.050191201398939789 -0.052918902513913915 -0.017329751391575419 0.050008102595287519 -0.014544936585926167 0.03638810074449178 0.033639761744199852 0.046865480608637315 0.033188039271782148 -0.047715155886839188 0.0500329074525434 -0.050005334870494737 -0.050610263684442602 0.049895634868738957 0.049638007429574242 0.049446430183601807 -0.037386062763012859 -0.050003665522520273 0.036891097663998333 0.043491903294402411 -0.050359421052147982 -0.039194948633902875 0.047033007799893653 -0.051475070097852016 0.050169356693055556 -0.050716069867173211 -0.050126350551356481 -0.050273295531408038 -0.050380156902507016 -0.050298251991143232
leaf_weight=0.12653600749232985 0.02381282654995942 0.052119815455313301 0.096704907923048755 0.044709829725924521 1.0626392486206553 0.31645635446515608 0.016689088602305946 0.42720527457764379 0.071521129080053786 0.32325739241637225 0.0098587460815906525 0.004594807127993916 0.011953399792531627 0.022651025049469808 0.044050036073308235 0.0010000181549685305 0.0010152136441647101 0.0052198421257440555 0.0019315609788913271 0.019032392210784621 0.14860398866770769 0.0015217202926373899 0.006020278147978785 0.027834867113429362 0.14932333531530162 0.014837610461952977 0.032108615927040507 0.067760827246610311 0.0075411365592240381 0.012159938382630742
leaf_count=43618 2114 11 745 45 3135 966 468 531 107 1696 1 1149 17 17 96 10 294 3120 165 193 1983 128 113 16 5 383 1292 4738 35 15
internal_value=-0.00332505 0.000804734 -0.00372266 0.000777006 0.00756936 -0.00285751 -0.0328267 0.0350161 0.0379679 -0.0437212 -0.0468979 -0.0402605 -0.0161054 0.0338725 0.0453617 0.0464318 0.00570281 -0.0493865 -0.0414978 0.0494608 -0.0510789 -0.0501097 0.0492946 -0.0505354 0.0500483 -0.0501891 -0.0502755 -0.0501489 -0.0501746 -0.0502098
internal_weight=3.15067 2.83382 2.52608 2.28766 1.90301 1.3791 0.384656 0.52391 0.30774 0.339946 0.238417 0.316852 0.0868845 0.0352813 0.283927 0.0306865 0.00201523 0.229968 0.0193113 0.212406 0.228559 0.210656 0.0286713 0.176439 0.193373 0.209134 0.0516032 0.194297 0.0396498 0.0173798
internal_count=67206 12112 9597 7586 5377 4101 2209 1276 2515 2164 2011 55094 2927 1583 401 434 304 52167 3300 294 2010 48867 130 1999 101 48739 1344 48356 1327 3135
is_linear=0
shrinkage=0.05


Tree=148
num_leaves=30
num_cat=0
split_feature=8 34 25 14 40 11 53 60 1 77 1 73 15 27 15 15 29 15 49 43 22 38 5 55 16 12 24 76 15
split_gain=0.185275 0.14158 0.196625 0.278086 0.330113 0.203483 0.267682 0.196043 0.182576 0.182335 0.0887495 0.199017 0.0661778 0.0334525 0.026518 0.00823164 0.00300569 0.00509767 0.00230948 0.000613127 0.00022796 0.00259334 4.68654e-06 4.41738e-06 2.37056e-06 1.95188e-06 2.8113e-07 2.81045e-07 6.53086e-08
threshold=-1.0000000180025095e-35 2.1521906852722172 2.3200205564498906 0.99089968204498302 1.9666920900344851 -0.044952141121029847 1.151683568954468 0.64389857649803173 1.428148686885834 0.95510053634643566 1.2872800230979922 2.5145454406738286 1.923753619194031 0.32589118182659155 3.0476642847061162 3.0476642847061162 1.827657222747803 2.5422018766403203 2.9149316549301152 0.70008581876754772 -1.6589050292968748 1.4448357224464419 1.5771037936210635 2.8508846759796147 2.0730055570602421 -2.6092015504837032 2.3647665977478032 1.0255393385887148 2.3221769332885747
decision_type=2 2 2 2 2 2 2 2 2 2 2 2 2 2 2 2 2 2 2 2 2 2 2 2 2 2 2 2 2
left_child=15 2 3 5 13 7 -7 -2 10 14 11 -4 -6 -5 -10 18 17 -3 20 -11 21 26 27 24 28 -24 -1 -22 -18
right_child=1 16 8 4 12 6 -8 -9 9 19 -12 -13 -14 -15 -16 -17 23 -19 -20 -21 22 -23 25 -25 -26 -27 -28 -29 -30
leaf_value=-0.050044314711645582 -0.050232860310524555 -0.050097337707523538 -0.051255998033396213 -0.050175116164526107 -0.050056100651423789 0.019969663057982749 -0.048345608098995935 0.047191990949380334 -0.052119060092197238 0.05014921453388882 0.049038964654548878 0.044767213340781625 0.047526373451459478 0.013954361581553269 -0.010092390736979697 0.039759127696975483 -0.050057512223279449 0.050000951519393627 0.0059194190474248058 0.041868983534971413 -0.05008170141765194 0.014262819756314918 -0.050903638570345904 -0.051099282926849135 -0.050697354999253819 -0.050219648527648035 -0.05044093355171099 -0.050230246956662998 -0.050208392948127248
leaf_weight=0.0092238196273650847 0.059365390544590613 0.0034118705142057995 0.083472581253116629 0.56136136564903605 0.019992478940286412 0.32575254579271229 0.25614157617786493 0.39658058787526312 0.13756598669066306 0.044498153030872331 0.42579661945923541 0.15262528741278991 0.13267395286127073 0.021099785746151456 0.05161843960571344 0.0026295649797564149 0.010430419462827113 0.0020278976153349504 0.0018796951206662684 0.0449303022629612 0.090715719370388331 0.0017071648156892901 0.034856939010792121 0.045655338145894064 0.053923773314369199 0.0148839002426355 0.0086651397868990898 0.049063192881146717 0.022958505643227989
leaf_count=1229 3946 116 60 6045 255 16250 1371 490 35 2 22 13 25 366 38 32 296 8 268 61 32070 72 4 24 12 621 1 3441 33
internal_value=-0.00324725 0.000116989 0.00263306 -0.00716989 -0.0306983 0.00949586 -0.0101018 0.034507 0.0211128 -0.0128423 0.0354056 0.0108181 0.0347474 -0.047852 -0.0406522 -0.0481597 -0.0492104 -0.0127816 -0.0492554 0.0459891 -0.0497513 -0.0446174 -0.0502822 -0.0507007 -0.0504923 -0.050699 -0.0502364 -0.0501338 -0.0501613
internal_weight=3.06551 2.85188 2.71348 1.77297 0.735128 1.03784 0.581894 0.455946 0.940507 0.278613 0.661894 0.236098 0.152666 0.582461 0.189184 0.213625 0.138408 0.00543977 0.210996 0.0894285 0.209116 0.0195961 0.18952 0.132968 0.0873127 0.0497408 0.017889 0.139779 0.0333889
internal_count=67206 29468 28979 28748 6691 22057 17621 4436 231 136 95 73 280 6411 73 37738 489 124 37706 63 37438 1302 36136 365 341 625 1230 35511 329
is_linear=0
shrinkage=0.05


Tree=149
num_leaves=31
num_cat=0
split_feature=57 53 45 15 45 47 47 3 75 24 10 41 12 3 66 41 49 43 72 46 24 24 50 75 12 50 8 15 48 47
split_gain=0.177072 0.17357 0.179551 0.195294 0.156949 0.235736 0.168913 0.100627 0.034955 0.0265377 0.0560039 0.0137789 0.00590768 0.0114676 0.0015747 0.000775496 0.00227039 0.000585515 0.00364379 0.000496247 0.00484223 9.27332e-05 6.73485e-05 9.92301e-06 8.17133e-06 5.42174e-06 1.67476e-06 7.26175e-07 4.74131e-07 1.45872e-07
threshold=1.0020714402198794 1.1182666420936587 0.1400851905345917 3.0476642847061162 0.62970179319381725 0.53427961468696605 1.2372730970382693 1.1724488735198977 4.1318142414093026 1.1084885001182558 0.1805316358804703 0.68319612741470348 0.51276007294654857 1.689608693122864 0.63003394007682811 1.8579363226890566 1.065050005912781 0.30876985192298895 0.16496700793504718 1.179260849952698 0.77348154783248912 1.0823164582252505 -0.2592830210924148 3.7639402151107793 1.0000000180025095e-35 0.081110458821058287 2.4779268503189091 2.3221769332885747 1.9458175301551821 -2.4486360549926753
decision_type=2 2 2 2 2 2 2 2 2 2 2 2 2 2 2 2 2 2 2 2 2 2 2 2 2 2 2 2 2 2
left_child=9 7 8 4 5 -4 -6 -2 22 19 11 -11 17 -14 24 16 -5 25 -19 21 -21 26 -3 -24 -13 -9 27 -1 29 -12
right_child=1 2 3 15 6 -7 -8 12 -10 10 28 14 13 -15 -16 -17 -18 18 -20 20 -22 -23 23 -25 -26 -27 -28 -29 -30 -31
leaf_value=-0.050092120818597242 -0.050205393936402713 -0.052637796696098596 0.022997341192969145 0.050131292551328033 -0.026616200520721139 -0.041469283172273545 0.028228174217686371 0.050161638352898698 0.050029801433279092 -0.050004973576363736 -0.050367795216538148 0.049921027929455887 -0.050061552881138088 0.049793891029816517 0.0033195681313889485 0.050185447927916509 0.028927829032608279 0.049139956878357732 -0.0075489545204706007 -0.050187025177384652 0.035681160391287471 -0.037378398265974631 -0.050324838881720471 -0.051386996160562963 0.047828743996336527 0.049646725710861095 -0.050695455211952005 -0.05037390151454775 -0.050541186144554773 -0.050118958764283954
leaf_weight=0.15182176813833043 0.02937795308416935 0.047604773030258229 0.75319239577076003 0.039181608713247301 0.85068962634711032 0.17469767435829919 0.1681394239055144 0.14017593641257231 0.0089299539104104042 0.0042565324341815409 0.0073379808371889432 0.021118886156372696 0.0044896540847438908 0.0079957411200189382 0.0019846428817439114 0.13965236349031329 0.018626668132616903 0.022540784465573671 0.0032423861475434626 0.015973326176583837 0.001829883534252205 0.0014259072224423177 0.13512935609510235 0.026262630691275102 0.0059900978816092012 0.080470082618937511 0.014378938540772879 0.026918218516661208 0.011044043242051271 0.029837939285508618
leaf_count=48213 2055 11 1312 47 4174 1003 1025 16 1 1149 38 17 179 44 336 5 20 50 120 3135 165 128 1983 16 81 51 383 143 198 1108
internal_value=-0.00321862 0.000864676 -0.00360543 0.000789369 -0.00401651 0.0108599 -0.0175651 0.0374902 -0.0468459 -0.0400396 -0.0157988 0.0340183 0.0474407 0.0138866 0.0463113 0.0481694 0.0432992 0.0491407 0.042011 -0.0493513 -0.0413612 -0.0500825 -0.0509851 -0.0504977 0.0494587 0.0499738 -0.0501763 -0.0501346 -0.0502535 -0.0501681
internal_weight=2.94432 2.6504 2.36211 2.14418 1.94672 0.92789 1.01883 0.288293 0.217927 0.293918 0.0815701 0.0333502 0.258915 0.0124854 0.0290936 0.197461 0.0578083 0.246429 0.0257832 0.212348 0.0178032 0.194545 0.208997 0.161392 0.027109 0.220646 0.193119 0.17874 0.04822 0.0371759
internal_count=67206 12112 9597 7586 7514 2315 5199 2515 2011 55094 2927 1583 460 223 434 72 67 237 170 52167 3300 48867 2010 1999 98 67 48739 48356 1344 1146
is_linear=0
shrinkage=0.05


Tree=150
num_leaves=31
num_cat=0
split_feature=65 34 59 20 35 12 47 47 80 8 21 75 74 16 14 22 0 43 25 11 15 16 51 52 27 4 8 44 23 10
split_gain=0.172443 0.143797 0.142388 0.238413 0.210315 0.20765 0.188115 0.163944 0.157749 0.101494 0.0810846 0.0282848 0.02135 0.00415735 0.00325128 0.00427597 3.62605e-06 2.36334e-06 1.51616e-06 7.79808e-07 4.6531e-07 1.50763e-07 1.45706e-07 1.22808e-07 6.45724e-08 6.10293e-08 5.00768e-08 4.02264e-08 2.26962e-08 9.28225e-09
threshold=0.5153871774673463 2.1521906852722172 2.295445561408997 1.3377668857574465 0.93406900763511669 0.59287601709365856 0.59838220477104198 1.4253079295158388 -0.82703921198844899 0.58451706171035778 -1.7290350198745725 3.7639402151107793 0.94168221950531017 1.5444495081901553 1.1108620762825014 -1.6589050292968748 2.5504565238952641 0.91178131103515636 1.4832909703254702 -0.028409025631844994 2.3221769332885747 0.64739370346069347 -0.5293646752834319 -0.67399632930755604 -0.56442508101463307 0.24726541340351108 2.4779268503189091 0.30018466711044317 2.4743616580963139 0.40503843128681188
decision_type=2 2 2 2 2 2 2 2 2 2 2 2 2 2 2 2 2 2 2 2 2 2 2 2 2 2 2 2 2 2
left_child=11 2 3 4 9 8 13 12 -5 -2 -6 18 -8 -4 15 -3 24 -18 20 27 22 -22 -1 -24 28 -23 29 -20 -16 -21
right_child=1 14 6 5 10 -7 7 -9 -10 -11 -12 -13 -14 -15 16 -17 17 -19 19 26 21 25 23 -25 -26 -27 -28 -29 -30 -31
leaf_value=-0.050004009554085384 -0.029601304697902495 0.050000884241338805 0.037903213172032858 0.025936773780991282 0.050005554223843243 -0.056239353919037262 -0.052105549486910596 0.049880575488225304 -0.029158382557660859 0.035806179869351758 -0.046451590533087048 0.049926977659371333 -0.0059947004857181813 0.050075809033478462 -0.050168272450969512 -0.050028411767527869 -0.050557762446018784 -0.051054315854075952 -0.050258463618901419 -0.050589487836873406 -0.050499152147926767 -0.05002880943274797 -0.050222857892333439 -0.050105062329569544 -0.050063390600965318 -0.050292692783489926 -0.050681786204131697 -0.050091001335374225 -0.050265966938279595 -0.050524186838245493
leaf_weight=0.023051240104361867 0.092088215760819214 0.0018851435306714848 0.09515205505646418 0.88792667606477049 0.022752590543278273 0.10395245979317014 0.11516816521560669 0.072298508250980831 0.15218959675534671 0.16662623836211693 0.51371206970135208 0.0073018229091745537 0.032100381242518239 0.26688730955778583 0.013652666680872031 0.002465820882312896 0.059498694031892466 0.040121092243411413 0.0066757430288315045 0.011516645550727856 0.0097866347059606881 0.0025154671001380328 0.032778559299357829 0.068086078608865855 0.010720543239326245 0.016989595656191545 0.013271342031657696 0.0077482458083170253 0.010530506172350832 0.010317030409338153
leaf_count=22184 8616 8 89 3000 26 395 121 17 525 2515 8436 41 13 26 213 130 38 12 13 1 1 184 1821 18457 218 14 1 30 11 50
internal_value=-0.00314011 0.000304184 0.00303294 -0.00347482 -0.0245035 0.0111411 0.0247317 -0.0117825 0.0178753 0.0125247 -0.0423606 -0.0467554 -0.0420547 0.0468766 -0.0492282 -0.00668869 -0.0506041 -0.0507577 -0.0502375 -0.050478 -0.0501598 -0.050339 -0.0501174 -0.0501433 -0.0501655 -0.0502587 -0.0506052 -0.0501685 -0.0502108 -0.0505586
internal_weight=2.86977 2.65973 2.52085 1.93925 0.795179 1.14407 0.581606 0.219567 1.04012 0.258714 0.536465 0.210038 0.147269 0.362039 0.138874 0.00435096 0.134524 0.0996198 0.202737 0.049529 0.153208 0.0292917 0.123916 0.100865 0.0349037 0.0195051 0.035105 0.014424 0.0241832 0.0218337
internal_count=67206 24409 23779 23513 19593 3920 266 151 3525 11131 8462 42797 134 115 630 138 492 50 42756 95 42661 199 42462 20278 442 198 52 43 224 51
is_linear=0
shrinkage=0.05


Tree=151
num_leaves=31
num_cat=0
split_feature=8 65 35 39 43 37 42 31 12 11 27 45 44 41 68 17 48 22 38 44 3 3 27 24 76 74 27 79 50 28
split_gain=0.164171 0.128001 0.156024 0.201218 0.19378 0.170991 0.19189 0.0915819 0.0776425 0.0590677 0.0557148 0.0107146 0.0157989 0.0025339 0.00992742 0.00205458 0.00120367 0.000236654 0.00258402 2.63054e-05 4.36283e-06 1.29863e-06 3.37654e-07 2.35594e-07 1.66478e-07 1.52987e-07 1.51864e-07 1.22832e-07 1.14462e-07 7.4398e-08
threshold=-1.0000000180025095e-35 0.5153871774673463 0.93406900763511669 1.4445225000381472 -0.27285814285278315 1.0007084012031557 1.8857456445693972 1.3247475028038027 0.57274243235588085 0.21145099401474002 -0.30775731801986689 -1.4955344200134275 0.39641495048999792 1.9652850031852724 2.4167197942733769 -0.82714328169822682 0.046032112091779716 -1.6589050292968748 1.4448357224464419 -0.47607520222663874 2.1541967391967778 1.2250207066535952 0.023771867156028751 2.3647665977478032 1.0255393385887148 1.7605457305908205 0.069223444908857359 0.99404132366180431 0.75125986337661754 1.8867889046669009
decision_type=2 2 2 2 2 2 2 2 2 2 2 2 2 2 2 2 2 2 2 2 2 2 2 2 2 2 2 2 2 2
left_child=13 11 7 4 8 19 -7 9 -4 10 -3 12 -2 17 -15 -9 -6 18 23 -5 24 22 29 -1 27 -23 -24 -19 -17 -13
right_child=1 2 3 5 16 6 -8 15 -10 -11 -12 21 -14 14 -16 28 -18 20 -20 -21 -22 25 26 -25 -26 -27 -28 -29 -30 -31
leaf_value=-0.050039264156333432 -0.050055322078565161 0.041753069778230664 -0.050153866275927494 -0.052389053287357629 -0.020864211120628164 0.025123200340538051 -0.013753415763685049 0.022460927852240836 0.044396808537842919 -0.050105249906057331 -0.050209818115382721 -0.050083977181542831 0.049776424915576108 -0.05015258201177062 0.049893027764149632 -0.050298624382845138 -0.050697344909805667 -0.050020805024947351 0.015377861688205475 -0.050851145413278079 -0.050759305094774942 -0.050392809737812107 -0.050413475276372292 -0.05041895749315322 -0.050202902821245655 -0.050607271499048749 -0.050206664199291089 -0.050142857666314079 -0.050118470257147656 -0.050277621228591231
leaf_weight=0.008102405533965084 0.009208916596934718 0.41658064549290125 0.028224562356739397 0.043522551655769376 0.0034139459259052143 0.85737376797781473 0.50398375125852712 0.0010000350317476139 0.094106830152770743 0.019840680907711461 0.017147623487886843 0.050892854442491614 0.0069569444429890158 0.0110565098089837 0.003196443385192183 0.018583082686278601 0.35081201511630011 0.0429401671542117 0.0016525239855570721 0.0769936816055313 0.034082627613773092 0.012840826178772247 0.016035205005607626 0.008240484632617659 0.040747379278094992 0.023596708631960617 0.019883461518798187 0.039646474180456498 0.016776678094035564 0.0054957586734346578
leaf_count=1236 2130 1004 797 1 1198 1384 365 108 163 2550 1324 10800 27 240 9 212 3039 25844 71 520 49 71 135 2 3618 12 3177 6669 438 13
internal_value=-0.00308501 0.000199245 0.00290174 -0.00341132 -0.031673 0.00567737 0.0107308 0.0281375 0.0225819 0.0342581 0.0381173 -0.0454612 -0.00709294 -0.0479902 -0.0277158 -0.0482143 -0.0504098 -0.0496376 -0.0442059 -0.0514065 -0.0502586 -0.0502789 -0.0501792 -0.0502307 -0.0501202 -0.0505317 -0.050299 -0.0500794 -0.0502131 -0.0501029
internal_weight=2.78294 2.59327 2.44836 1.95843 0.476557 1.48187 1.36136 0.489929 0.122331 0.453569 0.433728 0.144911 0.0161659 0.189665 0.014253 0.0363598 0.354226 0.175412 0.0179954 0.120516 0.157417 0.128745 0.0923073 0.0163429 0.123334 0.0364375 0.0359187 0.0825866 0.0353598 0.0563886
internal_count=67206 29468 13103 7467 5197 2270 1749 5636 960 4878 2328 16365 2157 37738 249 758 4237 37489 1309 521 36180 14208 14125 1238 36131 83 3312 32513 650 10813
is_linear=0
shrinkage=0.05


Tree=152
num_leaves=31
num_cat=0
split_feature=15 61 14 12 48 66 15 39 11 49 75 44 39 73 73 38 22 61 22 22 61 22 33 74 10 12 60 29 74 20
split_gain=0.157507 0.111479 0.125824 0.168267 0.192558 0.217023 0.146789 0.193024 0.1132 0.0440115 0.0252018 0.0123534 0.0351901 0.0115976 0.00794088 0.00441832 0.00433081 0.00112887 0.000145196 4.37983e-05 0.000258867 1.05023e-05 6.65089e-06 1.86125e-06 9.69495e-07 3.43282e-07 2.82743e-07 1.24838e-07 1.19015e-07 9.24817e-08
threshold=1.2815190553665163 0.5023820847272874 1.3233668804168703 0.59287601709365856 2.9148569107055669 1.3126072883605959 2.1854047775268559 1.9674687385559084 -0.85551428794860829 0.50551125407218944 3.7639402151107793 -0.51242896914482106 0.70775479078292858 1.5388152003288271 0.86688026785850536 0.95226320624351513 -1.0000000180025095e-35 0.48136219382286077 -2.3008584976196285 -1.6589050292968748 1.0748717188835146 1.9788309931755068 1.4186136722564699 2.2518639564514165 1.4976368546485903 -1.2802843451499937 0.17954500764608386 1.709378778934479 1.2692276239395144 -1.2721071839332578
decision_type=2 2 2 2 2 2 2 2 2 2 2 2 2 2 2 2 2 2 2 2 2 2 2 2 2 2 2 2 2 2
left_child=11 10 3 4 5 -3 14 8 -8 22 23 12 -1 -9 15 -4 -6 -14 -11 20 -13 -16 -5 25 28 26 -2 -25 29 -21
right_child=1 2 6 9 16 -7 7 13 -10 18 -12 19 17 -15 21 -17 -18 -19 -20 24 -22 -23 -24 27 -26 -27 -28 -29 -30 -31
leaf_value=-0.050076537624645381 -0.050405222173940258 0.0013880591630034762 0.05001032558169928 0.047563402661881381 -0.026793986166627051 0.042539473090889929 0.04916874243518804 -0.026561431043622866 -0.0022037222130869881 -0.055991769752670978 0.050020693069517889 -0.050050898484574752 0.050005154190578174 -0.052079753790641517 -0.050488636282548321 -0.050023840510667175 -0.05221728673478028 0.0020717044926494249 -0.050106414968351623 -0.050181695389072335 -0.022528460423785718 -0.051522083380904582 0.050004673932607838 -0.050547163055746663 -0.050553017260553092 -0.050103411546821568 -0.050142657312373322 -0.050756745212452298 -0.050179015717756584 -0.050040988725867791
leaf_weight=0.031263838372285968 0.024922045835753467 0.64049983333309479 0.00309709319844858 0.0052973720417455478 0.02069523518855626 0.6410522217435265 0.17098810610470305 0.070152475630806038 0.28758629401525593 0.09556010365486145 0.0066031877293957894 0.0058367298361324494 0.012624437759313878 0.1218826896215556 0.17235473560092968 0.0017151011717810912 0.087896405529804766 0.0013606948653275839 0.01177053495209579 0.0129550034319173 0.0010008661247693264 0.028673679934564156 0.0058940153785348153 0.013763866106742226 0.011294616336857577 0.049648393507261253 0.01741988906195063 0.014686991460621357 0.022624871997818541 0.11846588823627968
leaf_count=16057 271 1834 1 91 37 708 30 24 78 3 3 1465 5 28 667 109 68 363 224 1296 197 8 9 66 349 1761 83 1 1889 39481
internal_value=-0.00302086 0.000539855 0.00299078 0.01168 0.0165557 0.0219726 -0.0123155 -0.000672386 0.0169515 -0.0455077 -0.0450876 -0.043834 -0.0205856 -0.0427576 -0.0491166 0.0143574 -0.0473722 0.0453414 -0.0553463 -0.0499437 -0.0460222 -0.050636 0.0488491 -0.0503019 -0.0501059 -0.0501926 -0.0502972 -0.0506554 -0.0500731 -0.0500549
internal_weight=2.70959 2.49216 2.36512 1.50867 1.39014 1.28155 0.85645 0.65061 0.458574 0.118522 0.127044 0.217427 0.045249 0.192035 0.205841 0.00481219 0.108592 0.0139851 0.107331 0.172178 0.0068376 0.201028 0.0111914 0.120441 0.16534 0.0919903 0.0423419 0.0284509 0.154046 0.131421
internal_count=67206 6104 3919 2974 2647 2542 945 160 108 327 2185 61102 16425 52 785 110 105 368 227 44677 1662 675 100 2182 43015 2115 354 67 42666 40777
is_linear=0
shrinkage=0.05


Tree=153
num_leaves=31
num_cat=0
split_feature=8 18 12 18 16 42 30 6 19 53 15 49 23 22 38 23 75 5 12 40 14 38 24 25 76 66 75 43 42 67
split_gain=0.15222 0.121629 0.123813 0.171983 0.179851 0.176195 0.169267 0.0507553 0.03878 0.0287137 0.00636439 0.00234487 0.00146796 0.000247441 0.00253218 0.000223646 4.14882e-06 2.93318e-06 1.22918e-06 1.15295e-06 5.06691e-07 2.75834e-07 2.00844e-07 1.82329e-07 1.501e-07 1.34775e-07 2.34557e-08 1.98606e-08 1.39069e-08 8.87871e-09
threshold=1.0000000180025095e-35 2.3103229999542241 0.59287601709365856 2.0479938983917241 1.5072274804115298 2.0027177333831792 0.55620875954628002 -0.34901441633701319 1.073198735713959 1.8473720550537112 3.0476642847061162 2.9149316549301152 1.3139670491218569 -1.6589050292968748 1.4448357224464419 2.5573228597640996 0.42477801442146307 1.5771037936210635 -2.6092015504837032 1.2975120544433596 0.77154028415679943 2.2026399374008183 2.3647665977478032 1.4832909703254702 1.0255393385887148 1.2623254656791689 1.4435054659843447 1.4976862668991091 1.2716413140296938 2.7531757354736333
decision_type=2 2 2 2 2 2 2 2 2 2 2 2 2 2 2 2 2 2 2 2 2 2 2 2 2 2 2 2 2 2
left_child=10 2 3 4 6 -6 -2 9 15 -5 11 13 -10 14 22 27 19 24 -19 23 -21 -9 -1 -3 -15 26 29 -4 -27 -18
right_child=1 16 8 7 5 -7 -8 21 12 -11 -12 -13 -14 17 -16 -17 25 18 -20 20 -22 -23 -24 -25 -26 28 -28 -29 -30 -31
leaf_value=-0.050035586099994513 0.024103915380372661 -0.050006846764204943 -0.050031666925886981 -0.015782973068884185 0.020447568978461415 -0.040776525772230912 -0.03027913820357275 -0.050045647990973469 0.002244169991826099 0.048937657161038005 0.038045253538778384 0.0077169703982967897 0.0500053523211689 -0.05006486668597146 0.015148731078242557 -0.055665179301753409 -0.050052479025966268 -0.050770305923555872 -0.050179098020201408 -0.051135940222841361 -0.050823222537706006 -0.050509694488173357 -0.050398915398902469 -0.05050323928530534 -0.050185620260723374 -0.050372986365290667 -0.050204722630854043 -0.050130547144664944 -0.050290571268598538 -0.050139024091670238
leaf_weight=0.0073769333152571932 0.18506851540846658 0.0022760825864325757 0.01428489797753299 0.018289167726702416 0.96917570155455879 0.13372827329262371 0.63068341832585817 0.0047132965499305799 0.0019358337264367967 0.27211049045273938 0.0021248312350398693 0.0018022759333112528 0.0095232062859252637 0.072280742485637497 0.0016409540674323835 0.091424016056702806 0.0045441213007901713 0.029870040670453901 0.012458769893801472 0.021720634773373597 0.032090694918042492 0.0099892141297459602 0.0078524341806769371 0.0098793562538626034 0.039963343493115228 0.009248266167700846 0.012504593930839669 0.0078792926337314384 0.011463344355127266 0.0085197604761079182
leaf_count=1229 14708 472 3225 282 1912 46 7476 232 404 69 32 268 18 32070 72 22 235 4 621 3 58 1 1 23 3441 15 96 27 28 116
internal_value=-0.00295579 0.000251333 0.00268125 0.00540346 -0.000141433 0.0130241 -0.0179413 0.0402729 -0.0457289 0.0448616 -0.0479628 -0.0490177 0.0419368 -0.0496141 -0.0438643 -0.0545728 -0.0505955 -0.0502416 -0.0505963 -0.0508501 -0.0509494 -0.0503609 -0.0502229 -0.0504103 -0.0501079 -0.0502326 -0.0501558 -0.0500668 -0.0503274 -0.0501089
internal_weight=2.63642 2.46105 2.34881 2.22376 1.91866 1.1029 0.815752 0.305102 0.125047 0.2904 0.17537 0.173245 0.011459 0.171443 0.0168703 0.113588 0.112247 0.154573 0.0423288 0.0659668 0.0538113 0.0147025 0.0152294 0.0121554 0.112244 0.0462801 0.0255685 0.0221642 0.0207116 0.0130639
internal_count=67206 29468 28422 24726 24142 1958 22184 584 3696 351 37738 37706 422 37438 1302 3274 1046 36136 625 556 61 233 1230 495 35511 490 447 3252 43 351
is_linear=0
shrinkage=0.05


Tree=154
num_leaves=31
num_cat=0
split_feature=65 34 59 1 35 9 8 28 15 57 49 44 75 15 74 61 22 68 0 3 35 52 15 16 51 52 15 23 74 42
split_gain=0.148283 0.128509 0.124565 0.198917 0.17276 0.243093 0.185397 0.142915 0.0951911 0.0939284 0.0588988 0.0252878 0.0247054 0.00611657 0.0326615 0.00361999 0.00353438 0.00273604 2.51869e-06 1.21115e-06 8.99344e-07 3.29091e-07 2.74361e-07 1.22404e-07 9.88118e-08 6.55919e-08 5.0059e-08 3.8079e-08 2.74899e-08 1.14109e-08
threshold=0.5153871774673463 2.1521906852722172 2.295445561408997 1.428148686885834 0.93406900763511669 0.82016643881797802 1.2823901772499087 2.3894701004028325 1.8345543146133425 1.0267791152000429 -0.023178284056484696 -0.31569096446037287 3.7639402151107793 2.3221769332885747 1.6786593198776247 1.6189224123954775 -1.2309361100196836 1.1968194246292116 2.5504565238952641 1.2250207066535952 2.034300804138184 0.90339398384094249 2.3221769332885747 0.64739370346069347 -0.5293646752834319 -0.67399632930755604 1.7929280400276186 0.77684569358825695 1.7605457305908205 2.1001949310302739
decision_type=2 2 2 2 2 2 2 2 2 2 2 2 2 2 2 2 2 2 2 2 2 2 2 2 2 2 2 2 2 2
left_child=12 2 4 13 8 10 -7 17 11 -10 -6 -2 19 14 -4 16 -3 -5 26 22 -20 28 24 -24 -1 -26 -17 -25 -21 -28
right_child=1 15 3 7 5 6 -8 -9 9 -11 -12 -13 -14 -15 -16 18 -18 -19 20 21 -22 -23 23 27 25 -27 29 -29 -30 -31
leaf_value=-0.050003617564592318 0.017824674475959371 0.050000840272985528 -0.050116523876773282 0.04992818426107129 0.026133298439141757 -0.011206541049728257 0.042870860755484116 -0.051699171812391788 -0.03878084914943724 0.039383072088129217 -0.050544626715506219 -0.045550908595886314 0.049917794526085454 0.050176720079829429 0.050149445098329318 -0.050051553147145295 -0.050026025722843273 0.028172395699163345 -0.050808417207107895 -0.050453291007545878 -0.050489668940401078 -0.050052978075226608 -0.050439528449774146 -0.050271217409024994 -0.050192150993547194 -0.050100277318264365 -0.050156625897840583 -0.05012404883928108 -0.050556344893121566 -0.050230214265463972
leaf_weight=0.019319842462429113 0.021610146929202254 0.0017958848911803216 0.0099304038717818455 0.040550450414279751 0.026856149811143648 0.65710369741015884 0.20887407478916187 0.11373255308773693 0.042837646569358512 0.37394955856114165 0.37118381141038254 0.057945437626159349 0.0063876493033609696 0.2834463252313999 0.04460375233273961 0.0098385437681210441 0.0017375602034861845 0.022453595994082143 0.04927052701189516 0.0092066487040076278 0.040172596848895986 0.0041775629782289233 0.0086379610002040273 0.010726865143132012 0.027810084159344217 0.064448269564053612 0.012512096863431785 0.0074466818382436647 0.021780025133026348 0.0090987449511885643
leaf_count=22107 1891 8 138 46 1954 2984 709 35 158 173 5241 10403 41 13 4 339 137 30 17 206 30 53 1 18 1807 18359 97 182 23 2
internal_value=-0.00287613 0.000406768 0.0031128 0.0247493 -0.00321356 -0.0130289 0.00183694 -0.0182345 0.0217828 0.0313493 -0.0453711 -0.0283358 -0.0466532 0.0472263 0.0318915 -0.0490719 0.000812952 0.0421748 -0.0505299 -0.0502075 -0.0506653 -0.0504696 -0.0501409 -0.0502846 -0.0501064 -0.050128 -0.050145 -0.0502109 -0.0505257 -0.0501876
internal_weight=2.57945 2.3995 2.27508 0.514717 1.76036 1.26402 0.865978 0.176737 0.496343 0.416787 0.39804 0.0795556 0.179942 0.33798 0.0545342 0.124426 0.00353345 0.063004 0.120893 0.173554 0.0894431 0.0351642 0.13839 0.0268115 0.111578 0.0922584 0.0314494 0.0181735 0.0309867 0.0216108
internal_count=67206 24409 23779 266 23513 10888 3693 111 12625 331 7195 12294 42797 155 142 630 145 76 485 42756 47 282 42474 201 42273 20166 438 200 229 99
is_linear=0
shrinkage=0.05


Tree=155
num_leaves=31
num_cat=0
split_feature=65 14 15 40 26 12 66 35 10 21 13 28 74 75 4 32 22 14 68 42 15 22 55 9 3 52 15 16 13 35
split_gain=0.141163 0.126225 0.162096 0.167856 0.146536 0.138278 0.160269 0.221901 0.188578 0.10821 0.0954118 0.0805194 0.0377472 0.0234956 0.0197241 0.0129962 0.0110747 0.000516431 0.000448998 0.000110983 2.14531e-05 1.20845e-05 3.05789e-06 2.8584e-06 1.04152e-06 2.82956e-07 2.35985e-07 1.05246e-07 8.11316e-08 7.53316e-08
threshold=0.5153871774673463 1.3233668804168703 2.1854047775268559 1.4196252226829531 -0.39531958103179926 0.59287601709365856 1.6142969131469729 0.93406900763511669 0.44352532923221594 1.1291379332542422 0.50325195491313945 1.4728164672851565 0.94168221950531017 3.7639402151107793 1.2931869029998782 2.6543399095535283 -2.514843106269836 0.93263226747512828 -0.026054025627672669 2.1001949310302739 2.6849206686019902 1.9788309931755068 2.7290586233139043 1.8895957469940188 1.2250207066535952 0.90339398384094249 2.3221769332885747 0.64739370346069347 0.50325195491313945 0.3202949613332749
decision_type=2 2 2 2 2 2 2 2 2 2 2 2 2 2 2 2 2 2 2 2 2 2 2 2 2 2 2 2 2 2
left_child=13 5 16 14 15 6 7 10 20 -10 -2 -9 18 24 -4 -5 -3 -14 -7 -20 -8 22 -18 -19 26 -26 28 -28 29 -1
right_child=1 2 3 4 -6 12 8 11 9 -11 -12 -13 17 -15 -16 -17 21 23 19 -21 -22 -23 -24 -25 25 -27 27 -29 -30 -31
leaf_value=-0.050075469053739108 0.033054811785204828 0.049959082647096309 0.019512086955527384 -0.051513861970320811 0.01724148476262417 -0.021024329989481082 -0.050046544139810092 0.0028554223697534486 0.049367135401133092 -0.047739258401864527 -0.04044671142826671 -0.04514483075675365 0.01166377932197258 0.049905911106086859 0.050109769290558326 -0.023449457679222682 -0.050202261126146869 0.04826481398608401 -0.050081542067594145 -0.055299028408505729 -0.052636231354890539 -0.05145822499693227 -0.050594340092546056 0.050005479137091226 -0.050499826735500346 -0.050050392372584199 -0.050417905202229413 -0.050200590600470919 -0.050044845507196879 -0.050182728981883085
leaf_weight=0.029431233302013471 0.36992950176285716 0.0027764350571163878 0.10451057057238422 0.183309491062873 0.15589026331771952 0.0010007749747844704 0.0096130543792140033 0.13454463749261458 0.47911786518198057 0.030515875317566998 0.050135727709207933 0.24916914202674595 0.0010170132995070491 0.0060775312193840905 0.10618141811616216 0.053231313345456499 0.13558722401087892 0.0045706226143671161 0.011551222412310186 0.086642518640350524 0.04757559671998024 0.027569856705218942 0.078533553824818414 0.0048730034613981843 0.029490172120841582 0.003974021002408303 0.008220117539167314 0.01729067858722081 0.039830192728008113 0.036885752949495393
leaf_count=13536 2683 11 33 83 29 807 266 5194 385 308 6695 1109 179 41 10 6 5076 76 1328 2 1 42 83 3 229 53 1 200 26697 2040
internal_value=-0.00282407 0.000398609 -0.0149879 -0.00106695 -0.0203945 0.0092089 0.0135314 -0.000826586 0.0338917 0.0435526 0.0242822 -0.0283141 -0.0448192 -0.0466437 0.0349323 -0.0451982 -0.0493323 0.0455172 -0.0543457 -0.0546853 -0.0522009 -0.0504729 -0.0503461 0.049163 -0.0501974 -0.0504465 -0.0501341 -0.0502706 -0.0501013 -0.0501351
internal_weight=2.49905 2.32785 0.84759 0.603123 0.392431 1.48026 1.3706 0.803779 0.566822 0.509634 0.420065 0.383714 0.109655 0.1712 0.210692 0.236541 0.244467 0.0104606 0.0991945 0.0981937 0.0571887 0.241691 0.214121 0.00944363 0.165122 0.0334642 0.131658 0.0255108 0.106147 0.066317
internal_count=67206 24409 5373 161 118 19036 16641 15681 960 693 9378 6303 2395 42797 43 89 5212 258 2137 1330 267 5201 5159 79 42756 282 42474 201 42273 15576
is_linear=0
shrinkage=0.05


Tree=156
num_leaves=28
num_cat=0
split_feature=8 34 25 42 13 70 21 70 47 47 31 8 4 15 29 8 49 51 22 38 3 0 24 69 15 15 42
split_gain=0.135578 0.108395 0.142851 0.23656 0.139966 0.243384 0.14565 0.128358 0.121361 0.148286 0.0571402 0.0120123 0.00793997 0.00542786 0.00244842 0.00402181 0.00223757 0.00108973 0.000300997 0.00270112 2.63016e-06 1.8157e-06 1.44224e-07 1.26336e-07 1.02475e-07 3.34604e-08 5.91187e-10
threshold=-1.0000000180025095e-35 2.1521906852722172 2.3200205564498906 1.8857456445693972 0.6206796169281007 1.7584756016731264 -0.69046813249588002 1.29163533449173 0.80351108312606823 1.2372730970382693 1.6498671770095827 0.71036306023597728 1.3472357392311098 3.0476642847061162 1.827657222747803 0.13261578232049945 2.9149316549301152 2.0457956790924077 -1.6589050292968748 1.4448357224464419 2.1541967391967778 2.5504565238952641 2.3647665977478032 3.3815330266952519 1.7929280400276186 2.3221769332885747 0.7355189621448518
decision_type=2 2 2 2 2 2 2 2 2 2 2 2 2 2 2 2 2 2 2 2 2 2 2 2 2 2 2
left_child=13 2 4 8 5 7 -7 -2 17 -10 12 -5 -6 16 15 -3 18 -4 19 22 24 25 -1 -22 -20 26 -16
right_child=1 14 3 11 10 6 -8 -9 9 -11 -12 -13 -14 -15 21 -17 -18 -19 20 -21 23 -23 -24 -25 -26 -27 -28
leaf_value=-0.050030742698947722 -0.007705375328824704 0.050000762043706494 0.044042611066611691 -0.020616416987916181 -0.050010360161659433 0.014412493345219988 -0.051274935307075269 0.036976586195678215 -0.047658561841671429 0.044837710231287714 0.050114674894085269 -0.051858480799069739 0.025461331322753883 0.036531385781513194 -0.050046794980449817 -0.050075893228860968 0.0079531637979354721 0.050133455288123518 -0.050054712919541403 0.017481339422729874 -0.05052502093077528 -0.050633030140967844 -0.050358522969810894 -0.050721295707419449 -0.050154853867360363 -0.050166541115026698 -0.050017014046781175
leaf_weight=0.0063892645650609568 0.50712724586040692 0.0016260163683908444 0.094807804532199558 0.049509173458824079 0.018342371894452592 0.10568663449457205 0.41876811729336971 0.23531110754443008 0.085817988425575031 0.087519535447986685 0.13593306967012367 0.081274653684873327 0.0043023052157873656 0.0018841379982527931 0.0046706282232284379 0.0026239710654863634 0.0017144616168698603 0.32575800868113974 0.058419410431356872 0.0016553464970241938 0.019747913105498116 0.079442303774336531 0.0070687010884284973 0.014018534682691097 0.045399998235619493 0.015273454540497111 0.0025908077889567824
leaf_count=1229 20377 11 71 30 3282 469 2462 1571 63 27 167 23 420 32 39 113 268 17 35368 72 61 39 1 1 706 23 264
internal_value=-0.00278603 0.000333458 0.00276931 0.0208444 -0.00641979 -0.0119629 -0.0380378 0.00645629 0.03425 -0.000956437 0.0378646 -0.0400316 -0.0356714 -0.0478204 -0.048971 -0.0117872 -0.0488497 0.0487604 -0.0494874 -0.0427895 -0.0502232 -0.0505207 -0.0502029 -0.0506065 -0.0500985 -0.0501245 -0.0500362
internal_weight=2.41268 2.25639 2.15016 0.724687 1.42547 1.26689 0.524455 0.742438 0.593903 0.173338 0.158578 0.130784 0.0226447 0.156298 0.106227 0.00424999 0.154414 0.420566 0.152699 0.0151133 0.137586 0.101977 0.013458 0.0337664 0.103819 0.0225349 0.00726144
internal_count=67206 29468 28979 231 28748 24879 2931 21948 178 90 3869 53 3702 37738 489 124 37706 88 37438 1302 36136 365 1230 62 36074 326 303
is_linear=0
shrinkage=0.05


Tree=157
num_leaves=31
num_cat=0
split_feature=65 14 25 39 48 31 75 12 47 11 1 21 75 80 71 15 39 4 41 31 25 4 33 3 8 52 15 45 0 31
split_gain=0.131604 0.114616 0.165671 0.137184 0.124024 0.184988 0.129036 0.142966 0.105374 0.129065 0.0713371 0.066056 0.0224965 0.00385599 0.0114542 4.46041e-05 3.21416e-05 2.14039e-05 5.03239e-06 4.32941e-06 7.71039e-06 1.47179e-06 9.98431e-07 9.08858e-07 7.81121e-07 2.38742e-07 1.86245e-07 1.24327e-07 9.33946e-08 8.04626e-08
threshold=0.5153871774673463 1.3233668804168703 2.3200205564498906 1.9674687385559084 2.9148569107055669 2.2705498933792119 0.42477801442146307 0.59287601709365856 0.39752675592899328 -0.85551428794860829 1.7343032956123354 -1.3792586326599119 3.7639402151107793 -0.86607170104980458 2.3971668481826787 2.0605258941650395 2.1531879901885991 1.4494907259941103 2.1507061719894414 2.4537993669509892 1.6369763016700747 1.2639705538749697 2.4523111581802373 1.2250207066535952 0.54447513818740856 0.90339398384094249 2.3221769332885747 1.2775355577468874 0.39060004055500036 0.47943723201751715
decision_type=2 2 2 2 2 2 2 2 2 2 2 2 2 2 2 2 2 2 2 2 2 2 2 2 2 2 2 2 2 2
left_child=12 4 11 8 5 6 10 -8 -4 -10 -2 -3 23 17 -15 22 -17 21 24 20 -7 -6 -13 26 -5 -25 29 -16 -28 -1
right_child=1 2 3 18 13 19 7 -9 9 -11 -12 15 -14 14 27 16 -18 -19 -20 -21 -22 -23 -24 25 -26 -27 28 -29 -30 -31
leaf_value=-0.050056457467247142 -0.049162007180368748 0.049971367235394755 0.049967931058944572 -0.050120651938816201 -0.050251384442792674 0.048942468427799313 0.019406265816558282 -0.044841570221735766 0.045348674156173899 -0.028986688446106152 0.027861709540607123 -0.050195138857288338 0.049898490142659083 0.037266013395805396 -0.050118322029678856 -0.051080637981907373 -0.052635940425504818 -0.052374665484007522 -0.051083356894492948 0.050178095627987342 0.050036863849023283 -0.050947384085365324 -0.050662251041187205 -0.050475531845650824 -0.050502257270698361 -0.050046020680493665 -0.050393787304691851 -0.050429815481914768 -0.050182099495128245 -0.050147737172530585
leaf_weight=0.056487839874488729 0.1514023177902078 0.017226253690549753 0.14313049603203598 0.021920029947349623 0.01301108005982532 0.022030812413817213 0.73914410854773349 0.098076949976656613 0.088884963046067578 0.17021226891995728 0.037508644368975441 0.10013675903960992 0.0058269713799769798 0.0051444422459659403 0.0051572062270705014 0.11010154449588624 0.047570813447237015 0.04328424483537674 0.040717565997188371 0.18716310279340576 0.059724967457496447 0.018249569460749626 0.012915163547138564 0.028062417652635452 0.034541468905689765 0.0036569608531818445 0.0077734152536069008 0.0084554893916969891 0.015802600064411979 0.042163031039581855
leaf_count=37803 13461 31 36 61 51 28 4383 541 37 125 424 4922 41 15 54 75 4 3 13 19 43 10 41 229 28 53 30 4 171 4470
internal_value=-0.00273825 0.000478133 -0.0147608 0.00265475 0.0091204 0.0131316 0.00345756 0.0118799 0.0155356 -0.00348547 -0.0338688 -0.0449656 -0.0465374 -0.0465559 -0.0262922 -0.0510064 -0.0515499 -0.0516547 -0.0506597 0.0500455 0.049742 -0.0506577 -0.0502485 -0.0501875 -0.0503541 -0.050426 -0.0501256 -0.0503118 -0.0502519 -0.0500955
internal_weight=2.33548 2.17571 0.787357 0.499407 1.38835 1.29505 1.02613 0.837221 0.402228 0.259097 0.188911 0.287951 0.159773 0.093302 0.0187571 0.270724 0.157672 0.0745449 0.0971791 0.268919 0.0817558 0.0312606 0.113052 0.153946 0.0564615 0.0317194 0.122227 0.0136127 0.023576 0.0986509
internal_count=67206 24409 5373 300 19036 18899 18809 4924 198 162 13885 5073 42797 137 73 5042 79 64 102 90 71 61 4963 42756 89 282 42474 58 201 42273
is_linear=0
shrinkage=0.05


Tree=158
num_leaves=30
num_cat=0
split_feature=65 34 31 34 48 21 33 75 39 22 46 14 0 3 18 52 7 13 9 1 5 24 43 10 79 27 30 36 16
split_gain=0.125254 0.107246 0.102608 0.115132 0.169608 0.211231 0.0534143 0.0213952 0.00310023 0.00293205 0.000242528 4.67466e-05 1.4897e-06 7.81638e-07 4.04637e-07 2.05298e-07 1.80848e-07 1.29332e-07 8.69548e-08 8.29856e-08 5.08238e-08 2.6696e-08 2.43199e-08 1.92863e-08 1.02424e-08 6.38668e-09 3.77849e-09 1.65169e-09 1.48335e-10
threshold=0.5153871774673463 2.1521906852722172 2.8055191040039067 2.0723766088485722 2.6616942882537846 -0.46907122433185572 2.3192983865737919 3.7639402151107793 1.6155799627304079 -1.4449205398559568 0.98260673880577099 1.3028014898300173 2.5504565238952641 1.2250207066535952 0.99867668747901928 0.90339398384094249 1.4573947787284853 0.50325195491313945 -1.2943869233131406 -0.065059572458267198 0.49787202477455145 2.076869130134583 -1.7696952819824217 0.40503843128681188 1.0445993542671206 -0.5670986771583556 0.93611139059066784 1.5421593785285952 1.8050053119659426
decision_type=2 2 2 2 2 2 2 2 2 2 2 2 2 2 2 2 2 2 2 2 2 2 2 2 2 2 2 2 2
left_child=7 2 3 4 5 -2 -6 13 9 -3 -5 -4 21 17 -14 23 -12 18 19 -1 -20 27 24 -15 -19 -23 -24 -10 -17
right_child=1 8 11 10 6 -7 -8 -9 12 -11 16 -13 14 15 -16 28 -18 22 20 -21 -22 25 26 -25 -26 -27 -28 -29 -30
leaf_value=-0.050000505207302329 0.03311218721042903 0.05000071201254102 0.050187663025957278 0.044994289374258783 -0.048057202689880299 -0.0082682807799095304 0.050049231450287258 0.04988487679656347 -0.05007697077932715 -0.050022584316369856 0.050005475021674108 0.048158910142786088 -0.05067210354118791 -0.050479613034117791 -0.050439926572471844 -0.050031262610366722 0.050154062674157777 -0.050015752423495333 -0.050104711409787089 -0.050372906494434683 -0.050192758644996796 -0.050190378510314208 -0.050001264261328629 -0.050386436121935052 -0.050134317638136951 -0.050128807671477142 -0.050045802000131104 -0.050033449352453234 -0.050052294250500479
leaf_weight=0.0018732557488516854 0.42689042540938782 0.0015169899343163706 0.057619064289610784 0.032547087722506293 0.22486388820802655 1.1110240734554506 0.01478634649994276 0.0055442619179453525 0.0035564432430598937 0.0014170915034111683 0.036950774195778038 0.055981905717607132 0.037680605685756284 0.018829060000314261 0.037383854923626968 0.0014093228191777501 0.04593542218208313 0.0024098086814266992 0.046934152118582748 0.0074274152047060027 0.025184612551264363 0.0075387437933710074 0.018587010919917071 0.0078768066982875563 0.0074609129870388813 0.0095436480098648538 0.0064025089515423001 0.0056328920901826231 0.0020694382084607277
leaf_count=2761 1589 8 4 172 883 21024 8 41 86 141 48 49 9 12 33 44 2 2378 12284 69 631 75 23973 217 37 83 341 195 9
internal_value=-0.00269257 0.000464171 0.00303327 0.000263473 -0.00287881 0.00321801 -0.0420041 -0.0465287 -0.048976 0.00169184 0.0486517 0.0491879 -0.0504431 -0.0501784 -0.0505565 -0.0504051 0.0500878 -0.0501195 -0.050154 -0.0502979 -0.0501355 -0.050119 -0.0500389 -0.0504521 -0.0501054 -0.050156 -0.0500127 -0.0500503 -0.0500438
internal_weight=2.26288 2.11087 2.0066 1.893 1.77756 1.53791 0.23965 0.152009 0.10427 0.00293408 0.115433 0.113601 0.101336 0.146464 0.0750645 0.0301846 0.0828862 0.11628 0.0814194 0.00930067 0.0721188 0.0262717 0.0348602 0.0267059 0.00987072 0.0170824 0.0249895 0.00918934 0.00347876
internal_count=67206 24409 23779 23726 23504 22613 891 42797 630 149 222 53 481 42756 42 282 50 42474 15745 2830 12915 439 26729 229 2415 158 24314 281 53
is_linear=0
shrinkage=0.05


Tree=159
num_leaves=31
num_cat=0
split_feature=8 18 12 18 16 33 42 67 19 75 42 49 4 9 23 80 14 36 3 75 75 24 43 51 66 24 76 16 42 43
split_gain=0.121729 0.095491 0.0961495 0.138385 0.126355 0.142122 0.118743 0.0458632 0.0346532 0.016391 0.0100328 0.00208929 0.00139362 0.00541529 0.00137407 0.00027703 0.00253047 0.000115132 1.91789e-06 1.89474e-06 7.11575e-07 2.52114e-07 9.50837e-08 8.85999e-08 8.02704e-08 7.77054e-08 6.39885e-08 1.0162e-08 9.97847e-09 9.93117e-09
threshold=1.0000000180025095e-35 2.3103229999542241 0.59287601709365856 2.0479938983917241 1.5072274804115298 1.5744286775588991 1.8857456445693972 1.6656568050384524 1.073198735713959 3.7639402151107793 1.3691186308860781 2.9149316549301152 1.3472357392311098 0.90523466467857372 1.3139670491218569 -1.4108999371528623 0.74412035942077648 2.1122438907623295 2.1541967391967778 0.42477801442146307 0.36818204820156103 3.07142186164856 1.4399512410163882 2.9148191213607793 1.2623254656791689 2.3647665977478032 1.0255393385887148 1.2094495892524721 1.2716413140296938 1.4976862668991091
decision_type=2 2 2 2 2 2 2 2 2 2 2 2 2 2 2 2 2 2 2 2 2 2 2 2 2 2 2 2 2 2
left_child=11 2 3 4 5 -2 -6 9 17 -5 -9 12 15 -14 -10 16 -1 29 26 20 21 22 -3 -20 27 -18 -17 -21 -26 -4
right_child=1 19 8 7 6 -7 -8 10 14 -11 -12 -13 13 -15 -16 18 25 -19 23 24 -22 -23 -24 -25 28 -27 -28 -29 -30 -31
leaf_value=0.032506192673952286 0.0037504847445414789 -0.050006057759223288 -0.050025597889474263 -0.050336399057340088 0.019493770293401994 -0.041229802712802396 -0.032233533757381715 0.018896646650963231 0.0004627854346196293 0.050017574070986927 0.050281244822635018 0.0071563385354503784 -0.050105657189930035 0.045945153626834691 0.050004992763409944 -0.050053585622837737 -0.049984139992265038 -0.05451674129151686 -0.050470854204850618 -0.050043693720746546 -0.050914399165294083 -0.050609974482713552 -0.050388851074276313 -0.050643750531989773 -0.050310365552539843 -0.050321889119526599 -0.050142357838384943 -0.05013686578357808 -0.05023325571917512 -0.050103686612452673
leaf_weight=0.0010342229043853275 0.40335722785248568 0.0020561405181629593 0.011548716463552017 0.017880265117366095 0.78817910441253625 0.31102645433341986 0.12912070821964738 0.02913995681212192 0.0016632860840871547 0.0052676163613796225 0.20185986932894623 0.0017209295089318224 0.0065492597470163281 0.0018911765569813834 0.0088276489452775858 0.059493725281896039 0.0023262577571101419 0.075993099484719551 0.0180912596822142 0.0035565719997455439 0.017663165165161504 0.023822171775036469 0.007687554120514954 0.012549805454909801 0.0076664087407873416 0.0063556451350450516 0.030813265751254003 0.016519259517600162 0.0092668810374272135 0.0062887230527053353
leaf_count=128 20276 463 3241 213 1887 1908 71 325 404 1 45 270 795 16 18 32377 428 6 58 249 22 47 24 1 15 1 3664 198 28 27
internal_value=-0.00261057 0.000437637 0.00269433 0.00527918 -6.63171e-05 -0.0158329 0.0122125 0.0395985 -0.0440323 -0.0274995 0.0463222 -0.047598 -0.0482754 -0.0285844 0.0421503 -0.0495473 -0.0414245 -0.0536682 -0.0501999 -0.0504606 -0.0506575 -0.0505223 -0.0503081 -0.0505417 -0.050188 -0.0502314 -0.0500839 -0.0501204 -0.0502682 -0.0500531
internal_weight=2.21922 2.07839 1.99015 1.88583 1.63168 0.714384 0.9173 0.254148 0.104321 0.0231479 0.231 0.140826 0.139105 0.00844044 0.0104909 0.130664 0.00971613 0.0938305 0.120948 0.0882382 0.051229 0.0335659 0.00974369 0.0306411 0.0370091 0.0086819 0.090307 0.0200758 0.0169333 0.0178374
internal_count=67206 29468 28422 24726 24142 22184 1958 584 3696 214 370 37738 37468 811 422 36657 557 3274 36100 1046 556 534 487 59 490 429 36041 447 43 3268
is_linear=0
shrinkage=0.05


Tree=160
num_leaves=31
num_cat=0
split_feature=15 34 40 77 47 45 12 8 41 39 45 44 39 78 37 43 11 40 12 76 44 60 10 2 75 74 76 50 37 76
split_gain=0.119476 0.0935605 0.106284 0.154782 0.208593 0.167795 0.195199 0.151516 0.0952713 0.0557513 0.0510426 0.0117902 0.0296278 0.00141907 0.00454836 0.000925221 0.00057342 0.00165664 6.51523e-05 0.000276085 9.33325e-07 4.32831e-07 3.7249e-07 8.31707e-08 5.55237e-08 4.55722e-08 3.88982e-08 2.12324e-08 4.48343e-09 2.56448e-09
threshold=1.2815190553665163 2.1521906852722172 1.9666920900344851 0.67321163415908825 1.1582130193710329 0.37741009891033178 0.59287601709365856 1.448278069496155 2.0043209791183476 1.4445225000381472 0.66177266836166393 -0.51242896914482106 0.70775479078292858 -0.29661283642053599 2.5253685712814335 -1.7696952819824217 0.012946236878633501 2.0546138286590581 0.60923457145690929 0.35746285319328314 0.83907532691955578 2.1303349733352666 1.4976368546485903 2.2279446125030522 2.1226571798324589 3.6439321041107182 -3.650996088981628 0.67573517560958873 0.65851470828056347 -0.40605314075946802
decision_type=2 2 2 2 2 2 2 2 2 2 2 2 2 2 2 2 2 2 2 2 2 2 2 2 2 2 2 2 2 2
left_child=11 2 3 5 10 7 -7 -2 16 -6 -5 12 25 20 -15 -14 17 -4 22 -20 21 23 24 -3 26 28 -13 -26 -1 -22
right_child=1 13 8 4 9 6 -8 -9 -10 -11 -12 18 15 14 -16 -17 -18 -19 19 -21 29 -23 -24 -25 27 -27 -28 -29 -30 -31
leaf_value=-0.050000127092942562 -0.047184726414901214 -0.050293700422321036 0.050050091118025677 -0.0010242811721788536 -0.018817528804108051 0.036800000316042317 -0.0482498824742459 0.014761936643662259 -0.011032271875237074 0.04940459468404023 -0.046909795691604729 -0.050189704766472165 0.049896013058438972 -0.050148240453390197 0.050000702618396203 0.0046517247988954067 0.050123686018476749 0.033772079170658158 -0.050014809182738568 -0.020829938701044451 -0.050160792170211167 -0.05065017078425732 -0.050389203107010984 -0.050463330543617561 -0.050090111309301993 -0.050203936011616324 -0.050041026579557425 -0.050246997519820806 -0.050048927358067041 -0.050111010951647418
leaf_weight=0.0080122564625523477 0.19350407456154742 0.011994189188208163 0.046925825429642867 0.072432707386414663 0.042196962920464154 0.53924872696358273 0.077110792388886074 0.20149887186710089 0.09829588070112838 0.10314986078888061 0.37121212059307251 0.0045918790089604358 0.011075229902161254 0.0046071824161173095 0.0015037431394610955 0.0012583275957333559 0.1458770487858112 0.023436571109552648 0.0041869895964403046 0.0010048072448077365 0.0031952783465385376 0.037583906486934653 0.0090843929281435171 0.018177383464194816 0.0038447854104523439 0.0045924463870840931 0.1048502301888696 0.0049115587125763398 0.011407778280142193 0.013591349768282334
leaf_count=13448 2227 38 17 396 348 915 95 377 33 136 1175 78 25 117 9 343 16 44 2844 1196 1 21 372 32 397 103 39768 22 2506 107
internal_value=-0.00253865 0.000861837 0.00321158 -0.00201068 -0.0223868 0.00985586 0.0261597 -0.0155845 0.0297824 0.0295984 -0.0394182 -0.0429355 -0.0177091 -0.0487724 -0.0255041 0.04528 0.0483355 0.0446281 -0.0498567 -0.0443664 -0.0504543 -0.0505369 -0.0500807 -0.0503959 -0.050057 -0.0500623 -0.0500473 -0.0501781 -0.0500288 -0.0501205
internal_weight=2.17436 2.00554 1.91489 1.60035 0.588992 1.01136 0.61636 0.395003 0.314535 0.145347 0.443645 0.168821 0.036346 0.090653 0.00611093 0.0123336 0.216239 0.0703624 0.132475 0.0051918 0.0845421 0.0677555 0.127283 0.0301716 0.118198 0.0240125 0.109442 0.00875634 0.01942 0.0167866
internal_count=67206 6104 5779 5669 2055 3614 1010 2604 110 484 1571 61102 16425 325 126 368 77 61 44677 4040 199 91 40637 70 40265 16057 39846 419 15954 108
is_linear=0
shrinkage=0.05


Tree=161
num_leaves=31
num_cat=0
split_feature=61 34 27 16 30 20 43 39 45 41 58 75 9 64 22 56 74 0 35 35 39 75 15 16 0 3 0 75 27 46
split_gain=0.117251 0.0953152 0.0983178 0.103447 0.134464 0.149426 0.0902071 0.124344 0.0565496 0.0350942 0.0284195 0.0191181 0.0108878 0.00252167 0.0031559 1.22359e-05 1.23263e-06 1.02915e-06 3.6662e-07 3.57986e-07 2.95757e-07 1.80414e-07 1.06725e-07 9.61603e-08 7.57551e-08 6.46701e-08 6.06561e-08 3.17897e-08 1.68158e-08 1.35479e-08
threshold=0.47765290737152105 2.1521906852722172 -0.21150691062211988 1.5072274804115298 0.55620875954628002 1.2910301685333254 0.54184880852699291 1.4445225000381472 0.1400851905345917 1.8335387110710146 0.53353613615036022 3.7639402151107793 1.5979331731796267 1.5358995795249941 -1.3379283547401426 2.0541971921920781 2.2518639564514165 2.5504565238952641 2.034300804138184 0.65853539109230053 1.6155799627304079 2.5188289880752568 2.3221769332885747 0.64739370346069347 2.1527830362319951 2.2764565944671635 1.9162480831146242 -4.2160916328430167 -0.56442508101463307 1.2669001817703249
decision_type=2 2 2 2 2 2 2 2 2 2 2 2 2 2 2 2 2 2 2 2 2 2 2 2 2 2 2 2 2 2
left_child=11 2 3 4 10 -6 8 -8 -5 15 -2 16 -11 14 -3 20 21 28 -19 29 -4 22 27 -24 -21 -17 -23 -1 -15 -18
right_child=1 13 9 6 5 -7 7 -9 -10 12 -12 -13 -14 17 -16 25 19 18 -20 24 -22 26 23 -25 -26 -27 -28 -29 -30 -31
leaf_value=-0.050197992972759981 -0.039659348602431338 0.050000669401693898 -0.050115040587795506 -0.027486849684647843 -0.043543580442865437 0.0024887624308489948 -0.046974956762096259 0.017195003330105263 0.044961832289866582 -0.050048143418837565 0.047491711325888059 0.049945707362208609 0.050022359051223035 -0.050131868886587272 -0.050028975305167457 -0.051206476778270948 -0.050055621312730038 -0.050601268035261687 -0.050366397863522032 -0.050466409932252848 -0.050361697030605938 -0.05002121875969423 -0.050341356501173808 -0.050118479478726219 -0.050654240767319059 -0.051322487748874018 -0.050380836395026787 -0.050051981016864561 -0.050036750166602098 -0.050206291471169666
leaf_weight=0.0039370947414479321 0.010123066297569719 0.0014304056603577921 0.040691777075815831 0.02949454167740323 0.26989851184292635 0.50833800156317221 0.092715734298151165 0.40637213702333352 0.3103157201888615 0.0034620656574125492 0.12317606609913405 0.0049409138671751554 0.012649154950897029 0.015789507905623709 0.0017571041237503793 0.023035953604627485 0.0023474279252861099 0.036878804547340438 0.030238241923814455 0.009272199744245313 0.017328587787516399 0.0013897735117723159 0.0067348740994930987 0.017196957740332832 0.012749014422297478 0.025104252621531487 0.007501957006752491 0.070115598756174846 0.0065840420167005411 0.0040939482627635471
leaf_count=20 2717 8 8332 184 8038 2322 1399 333 456 118 1049 28 10 228 122 42 580 15 30 80 184 383 1 174 1 1 1 40117 227 6
internal_value=-0.00249678 0.000655376 0.0031049 0.0061328 -0.00552787 -0.0134756 0.0188031 0.00527413 0.0386735 -0.0402423 0.0408732 -0.04666 0.0285187 -0.048841 -0.00514034 -0.0506777 -0.0501868 -0.0503976 -0.0504955 -0.0504792 -0.0501887 -0.050109 -0.0500894 -0.0501812 -0.0505752 -0.051267 -0.0503246 -0.0500597 -0.0501039 -0.0501514
internal_weight=2.10566 1.96538 1.87271 1.75043 0.911536 0.778237 0.838898 0.499088 0.33981 0.122272 0.133299 0.14028 0.0161112 0.0926781 0.00318751 0.106161 0.135339 0.0894906 0.067117 0.0284626 0.0580204 0.106876 0.0979845 0.0239318 0.0220212 0.0481402 0.00889173 0.0740527 0.0223735 0.00644138
internal_count=67206 25815 25185 16498 14126 10360 2372 1732 640 8687 3766 41391 128 630 130 8559 41363 500 45 667 8516 40696 40312 175 81 43 384 40137 455 586
is_linear=0
shrinkage=0.05


Tree=162
num_leaves=31
num_cat=0
split_feature=61 14 25 39 7 48 12 36 47 47 21 19 75 22 25 26 15 39 14 4 20 25 77 15 3 7 67 15 16 6
split_gain=0.111609 0.0960255 0.137388 0.113199 0.109734 0.119026 0.135492 0.127738 0.0930944 0.123788 0.059697 0.0359555 0.0181823 0.00444566 0.00466247 0.00351633 2.86495e-05 2.05084e-05 2.03354e-05 1.50172e-05 3.82077e-06 9.9852e-07 6.96371e-07 4.67272e-07 3.47209e-07 2.18596e-07 1.89405e-07 9.08415e-08 7.49811e-08 4.71926e-08
threshold=0.47765290737152105 1.3233668804168703 2.3200205564498906 1.9674687385559084 1.7952883839607241 2.9148569107055669 0.59287601709365856 1.8747086524963381 0.53427961468696605 1.2372730970382693 -1.3792586326599119 1.073198735713959 3.7639402151107793 -0.054021480522351333 1.5067707896232607 -0.40024450421333307 2.0605258941650395 2.1531879901885991 0.44935575127601629 1.4494907259941103 -1.5320286750793455 1.8931177258491518 0.81536078453063976 1.1031205654144289 1.2250207066535952 1.2673293948173525 1.3904749155044558 2.3221769332885747 0.64739370346069347 2.0303095579147343
decision_type=2 2 2 2 2 2 2 2 2 2 2 2 2 2 2 2 2 2 2 2 2 2 2 2 2 2 2 2 2 2
left_child=12 4 10 8 5 6 7 -2 15 -10 -3 -8 21 14 -7 -4 23 -18 -6 -15 -5 24 -22 -12 27 -26 -20 29 -29 -1
right_child=1 2 3 20 18 13 11 -9 9 -11 16 -13 -14 19 -16 -17 17 -19 26 -21 22 -23 -24 -25 25 -27 -28 28 -30 -31
leaf_value=-0.050049441551680889 0.010169075392624218 0.049952095082918958 0.035284273175700459 -0.051146671976700142 -0.051869444404371239 -0.050319463993911275 -0.053619952160105178 0.048735296141581848 -0.036871342059955937 0.048857113889414917 -0.050046805095766644 0.042906172924571433 0.049937484961908418 -0.050503558869118725 0.0061003133349732857 0.05007695158127512 -0.050944888538960231 -0.052276602743606099 -0.050078901903333778 -0.052018745907888735 -0.050477729322700074 -0.05060094898781823 -0.050091809517196988 -0.050289048069423761 -0.05006010514694658 -0.050408368824640462 -0.050304762548840469 -0.050324597329706372 -0.050118592103593443 -0.05017558427632593
leaf_weight=0.064996566592878946 0.68637705177535502 0.015680062041608406 0.079338317606832548 0.021916626021265984 0.034856863174724223 0.0070328838859576885 0.078981420642884437 0.31244136656725607 0.12879292448908605 0.062563406859588888 0.028859574816195416 0.01098991424968071 0.0047006975793209829 0.029118294169392836 0.0076393499814523093 0.081380260708385832 0.09450157540154086 0.04165264219045639 0.019170642466920768 0.037301972508430481 0.043934996571478271 0.012574350682200475 0.015926669985031436 0.064172962651805887 0.0062855495446096912 0.015912373494757048 0.017995279983976153 0.0064084902405740765 0.014214451711448695 0.008369376979838028
leaf_count=39585 15851 31 35 1 69 40 2157 873 135 22 4171 507 28 97 11 6 74 4 656 3 32 4 69 844 83 8 127 1 184 1498
internal_value=-0.00243831 0.000634011 -0.0144891 0.00241112 0.00889901 0.0125868 0.0169393 0.022233 0.0147201 -0.00884267 -0.0444327 -0.0418294 -0.0466515 -0.0458522 -0.0209435 0.0427746 -0.0508902 -0.0513523 -0.0510019 -0.0513545 -0.0505818 -0.0501777 -0.0503751 -0.0502139 -0.0501319 -0.0503098 -0.0501883 -0.0500899 -0.0501826 -0.0500638
internal_weight=2.05409 1.92063 0.67872 0.433853 1.24191 1.16988 1.08879 0.998818 0.352075 0.191356 0.244867 0.0899713 0.133462 0.0810925 0.0146722 0.160719 0.229187 0.136154 0.0720228 0.0664203 0.0817783 0.128761 0.0598617 0.0930325 0.116187 0.0221979 0.0371659 0.0939889 0.0206229 0.0733659
internal_count=67206 25815 5424 300 20391 19539 19388 16724 198 157 5124 2664 41391 151 51 41 5093 78 852 100 102 41363 101 5015 41359 91 783 41268 185 41083
is_linear=0
shrinkage=0.05


Tree=163
num_leaves=31
num_cat=0
split_feature=65 14 25 7 48 31 75 62 50 50 21 59 75 22 18 31 14 4 14 65 63 43 25 28 73 13 40 61 80 17
split_gain=0.107236 0.0933265 0.132766 0.102777 0.108753 0.124174 0.117036 0.0944298 0.103807 0.0801937 0.0567825 0.0223011 0.0172807 0.00518062 0.00656341 2.36596e-05 1.72023e-05 1.28642e-05 1.11801e-05 8.12531e-06 4.24953e-06 3.65981e-06 5.32839e-07 2.5539e-07 1.62914e-07 7.59821e-08 5.17316e-08 6.16217e-08 1.62651e-08 1.31452e-08
threshold=0.5153871774673463 1.3233668804168703 2.3200205564498906 1.7952883839607241 2.9148569107055669 2.2705498933792119 0.42477801442146307 1.763298571109772 2.9148851633071904 2.6617178916931157 -1.3792586326599119 2.2177915573120122 3.7639402151107793 -0.054021480522351333 1.3826659917831423 2.4537993669509892 0.44935575127601629 1.4494907259941103 1.3473592996597292 1.762539327144623 1.9698131680488589 0.93102639913558971 1.4832909703254702 1.3249691724777224 1.8959241509437563 0.50325195491313945 -0.19226869940757749 -0.38788200914859766 -1.4108999371528623 0.22046959400177005
decision_type=2 2 2 2 2 2 2 2 2 2 2 2 2 2 2 2 2 2 2 2 2 2 2 2 2 2 2 2 2 2
left_child=12 3 10 4 5 6 -2 9 21 11 -3 -4 22 14 -6 19 -5 -15 -17 -12 -7 -9 25 29 28 26 -1 -28 -18 -24
right_child=1 2 7 16 13 20 -8 8 -10 -11 15 -13 -14 17 -16 18 24 -19 -20 -21 -22 -23 23 -25 -26 -27 27 -29 -30 -31
leaf_value=-0.05006343496651168 -0.031467880341383862 0.049939156336329747 0.0077459350805343732 -0.05177579569843193 0.022251535339383684 0.049560567056884948 0.016620940849522082 -0.050397747706168609 0.036107546989254245 -0.029631588066256639 -0.050254679740173627 0.047569626160206067 0.049848992316621259 -0.050479151485864342 -0.050307754787582593 -0.052160274055339274 -0.050137857865220209 -0.051916416669887423 -0.050054073770196383 -0.050939992708979434 0.050099931212854491 -0.050949301792892969 -0.050388058605086473 -0.05009985719035031 -0.050292785320133863 -0.050030346686302352 -0.050307406795390364 -0.050135892163552367 -0.050038521064885835 -0.050464057483244007
leaf_weight=0.020188416282852353 0.154822451865269 0.014919121936888657 0.046592214514487001 0.033200122306368471 0.005901459099594086 0.046230278342914488 0.6922016223804206 0.069682402479204958 0.047991475714786458 0.057447519351001841 0.095687840914929684 0.14320711949374762 0.0044757869890355703 0.027698424182993009 0.0066045385812179228 0.039713886042989081 0.006577627317450257 0.035550903528928757 0.0074887488524859941 0.078927221173689055 0.17384342149307486 0.05291543249278638 0.015151446762614585 0.0086268890263092556 0.016948924010403488 0.028138845950313185 0.0061228435004832054 0.036190958207602909 0.011032194667213077 0.0091112805530428886
leaf_count=10257 13439 31 78 31 6 61 4574 105 29 15 4223 21 41 80 41 6 48 3 212 601 29 52 57 37 33 26884 51 5469 691 1
internal_value=-0.00239421 0.000644017 -0.0145662 0.00886811 0.0124155 0.0165251 0.00783107 0.00238362 -0.0262325 0.0221275 -0.0444823 0.0377936 -0.0466642 -0.0454729 -0.0160677 -0.0508329 -0.050963 -0.051287 -0.0518261 -0.0505644 0.0499866 -0.0506358 -0.0501611 -0.0503335 -0.0501821 -0.0500986 -0.0501293 -0.0501607 -0.0500756 -0.0504166
internal_weight=1.99319 1.86518 0.654573 1.21061 1.14285 1.0671 0.847024 0.417836 0.170589 0.247247 0.236737 0.189799 0.128006 0.0757553 0.012506 0.221818 0.0677589 0.0632493 0.0472026 0.174615 0.220074 0.122598 0.123531 0.0328896 0.0345587 0.0906411 0.0625022 0.0423138 0.0176098 0.0242627
internal_count=67206 24409 5373 19036 18233 18103 18013 300 186 114 5073 99 42797 130 47 5042 803 83 218 4824 90 157 42756 95 772 42661 15777 5520 739 58
is_linear=0
shrinkage=0.05


Tree=164
num_leaves=30
num_cat=0
split_feature=8 65 35 4 47 49 12 31 75 80 75 15 49 10 22 38 15 3 77 3 69 3 40 26 6 27 27 15 75
split_gain=0.104077 0.0832474 0.10036 0.128251 0.121253 0.155815 0.121814 0.0718003 0.0519432 0.0420952 0.0162776 0.00402343 0.00211646 0.0017187 0.000354636 0.00268135 2.40607e-06 1.34816e-06 8.29773e-07 4.93208e-07 8.96888e-08 8.76048e-08 7.77471e-08 7.20793e-08 5.9297e-08 5.71785e-08 6.42971e-08 4.58479e-08 1.94311e-08
threshold=-1.0000000180025095e-35 0.5153871774673463 0.93406900763511669 0.77314764261245739 0.63043349981307995 2.7734514474868779 0.59287601709365856 1.3247475028038027 0.59456589818000805 -1.4133748412132261 3.7639402151107793 3.0476642847061162 2.9149316549301152 -0.17226428538560865 -1.6589050292968748 1.4448357224464419 2.4232695102691655 2.1541967391967778 1.073156535625458 1.2250207066535952 3.3815330266952519 1.6407045125961306 1.1753988862037661 -0.45441868901252741 -0.26970361173152918 0.023771867156028751 0.069223444908857359 2.1854047775268559 1.0473336577415469
decision_type=2 2 2 2 2 2 2 2 2 2 2 2 2 2 2 2 2 2 2 2 2 2 2 2 2 2 2 2 2
left_child=11 10 7 16 6 -6 -5 8 22 -10 19 12 14 -9 15 21 18 27 -4 25 -19 -1 -3 -15 -21 28 -27 -16 -2
right_child=1 2 3 4 5 -7 -8 13 9 -11 -12 -13 -14 23 17 -17 -18 20 -20 24 -22 -23 -24 -25 -26 26 -28 -29 -30
leaf_value=-0.050023956202877785 -0.050021168603633363 -0.050033919355279927 -0.0500517077921009 0.019490000605256737 -0.041736714840255026 0.023523770340235388 -0.047055206796637841 0.016467326729566346 -0.050499255898459688 0.040193510563057595 0.049961782162920465 0.033394654492761681 0.0087305357068778802 -0.050283358176415084 -0.050047213884012891 0.019166239772375596 -0.050639702876729691 -0.050405291908181951 -0.050370904346984761 -0.050259783820557326 -0.050589189289772608 -0.050311636146676088 -0.050242542180273256 -0.050122118490124837 -0.050422941649780277 -0.050259616369442345 -0.050100875200350642 -0.050129410894708432 -0.050095611751016893
leaf_weight=0.0046416955644558167 0.014984367137508767 0.0078508714924629408 0.045060074857161764 0.72150845902039618 0.27728283844832607 0.13648352827864146 0.076016528606111855 0.0010001194524347249 0.013326908143120875 0.32032974591818381 0.0042534309356419544 0.0015207540490061169 0.0015963553295522672 0.011182380446572548 0.052406089539586663 0.0016001599410724885 0.048605443364531098 0.015636967378569511 0.037143342777344907 0.0083745144156905926 0.011510942131280899 0.0061561470279141162 0.010357437031943473 0.018231730966147327 0.016621227671420158 0.010242835905441592 0.016910362875363131 0.025085254850225953 0.02112178624480452
leaf_count=1225 10248 2951 2072 1594 3180 101 206 149 30 1627 11 32 268 136 35813 72 25 61 289 69 1 5 270 473 20 164 4580 261 1273
internal_value=-0.00234833 0.000632134 0.00311107 -0.00332664 0.00175264 -0.0202101 0.0131472 0.0257125 0.0320833 0.0365711 -0.0455758 -0.0474168 -0.0484527 -0.0479917 -0.0492327 -0.0412367 -0.0503608 -0.05018 -0.0501959 -0.0501802 -0.0504833 -0.050188 -0.0501526 -0.0501834 -0.0503683 -0.0501059 -0.0501608 -0.0500738 -0.0500647
internal_weight=1.93704 1.81689 1.72438 1.3421 1.21129 0.413766 0.797525 0.382279 0.351865 0.333657 0.0925085 0.120154 0.118634 0.0304142 0.117037 0.012398 0.130809 0.104639 0.0822034 0.0882551 0.0271479 0.0107978 0.0182083 0.0294141 0.0249957 0.0632594 0.0271532 0.0774913 0.0361062
internal_count=67206 29468 13103 7467 5081 3281 1800 5636 4878 1657 16365 37738 37706 758 37438 1302 2386 36136 2361 16354 62 1230 3221 609 89 16265 4744 36074 11521
is_linear=0
shrinkage=0.05


Tree=165
num_leaves=31
num_cat=0
split_feature=57 56 45 26 77 12 44 79 79 27 75 10 3 43 22 75 15 3 1 81 16 50 51 12 15 15 14 8 43 0
split_gain=0.100855 0.110892 0.120227 0.121129 0.121383 0.184026 0.153786 0.0824275 0.0644834 0.0452352 0.0248355 0.0185864 0.0199329 0.0168698 0.0159768 0.015741 0.00104918 0.00601038 0.000644178 3.05549e-05 3.5536e-05 1.66551e-05 7.35177e-06 2.32383e-06 1.68439e-06 2.39312e-07 2.26042e-07 1.82279e-08 1.36282e-08 1.11237e-08
threshold=1.0020714402198794 1.0056942105293276 0.1400851905345917 -0.370694950222969 0.70453244447708141 0.59287601709365856 0.94172155857086193 1.0280530452728274 1.1226637959480288 -0.31845180690288538 4.1318142414093026 -1.3482509255409239 0.34108084440231329 -0.61499243974685658 -2.514843106269836 3.7639402151107793 1.9891663789749148 1.7140607833862307 1.5727736949920657 -0.48999169468879694 0.26400464773178106 -0.27630268037319178 -0.24429937452077863 0.60923457145690929 2.6849206686019902 1.923753619194031 0.74412035942077648 2.5179687738418584 -1.7696952819824217 2.0167753696441655
decision_type=2 2 2 2 2 2 2 2 2 2 2 2 2 2 2 2 2 2 2 2 2 2 2 2 2 2 2 2 2 2
left_child=11 9 10 4 5 -4 -6 18 -9 13 21 12 27 -2 23 25 17 -15 -5 -14 -21 -3 -18 -13 -23 28 -27 -1 -16 -11
right_child=1 2 3 7 6 -7 -8 8 -10 29 -12 14 19 16 15 -17 22 -19 -20 20 -22 24 -24 -25 -26 26 -28 -29 -30 -31
leaf_value=-0.050018310960430717 -0.050068760480021693 -0.051619086494346669 0.035717380862313942 -0.050812241377647761 -0.03524497498245354 -0.053747212404748591 0.015499664132579189 0.049853270305175723 -0.050377236575850581 -0.050091385204625874 0.050021407197396763 0.047543289108974013 0.050000605256808356 -0.050045648631186837 -0.050075006786553661 0.049800722944774375 0.050109158649355889 0.049987547167077637 -0.031143696162705032 0.036660523693494387 0.049650872800055916 -0.050138856602650973 0.049399799575699496 0.049888679155729754 -0.050542554988792156 -0.050120541856648208 -0.050318736760373274 -0.050164687029996768 -0.050017001661459393 -0.050192548421543637
leaf_weight=0.0055756286451755892 0.0044447107409027178 0.030388312314698851 0.48767472470611917 0.16142024754981096 0.27069715238437719 0.065160175848568036 0.33294712448422348 0.045309261029075745 0.024846435491181443 0.0094021245941312281 0.0064170043915510169 0.0017377769605582951 0.0096201202777308481 0.0017900638643756498 0.01313558399339651 0.0040527573001125075 0.083428884824343186 0.0093181180365312505 0.0042731523114991057 0.0010217668269092437 0.001086043399360876 0.066707428341608074 0.06497024966654763 0.0026924408925026455 0.042174749502362621 0.069164182595916723 0.01816428732189479 0.0034384613833324806 0.044199121301906757 0.003821936382319536
leaf_count=6105 125 8 1363 1845 1422 123 2770 92 424 650 1 108 6 463 1924 37 27 44 221 107 14 2477 20 12 34 606 8 168 45999 3
internal_value=-0.0022996 0.00137892 -0.00293614 0.00158587 0.00824584 0.0251726 -0.00725617 -0.0310711 0.0143555 0.0388367 -0.0461528 -0.0385836 0.00583456 0.0460118 -0.0445996 -0.0473869 0.0486891 0.0338674 -0.050305 0.048806 0.0433538 -0.0505841 0.0497986 0.0489687 -0.0502952 -0.0501097 -0.0501618 -0.0500741 -0.0500303 -0.0501206
internal_weight=1.88908 1.71519 1.53802 1.39233 1.15648 0.552835 0.603644 0.235849 0.0701557 0.177176 0.145687 0.173888 0.020742 0.163952 0.153146 0.148716 0.159507 0.0111082 0.165693 0.0117279 0.00210781 0.13927 0.148399 0.00443022 0.108882 0.144663 0.0873285 0.00901409 0.0573347 0.0132241
internal_count=67206 12112 10780 8260 5678 1486 4192 2582 516 1332 2520 55094 6400 679 48694 48574 554 507 2066 127 121 2519 47 120 2511 48537 614 6273 47923 653
is_linear=0
shrinkage=0.05


Tree=166
num_leaves=31
num_cat=0
split_feature=57 53 14 15 74 8 21 14 25 11 24 50 31 31 1 14 43 28 54 14 47 76 8 51 8 76 43 26 23 45
split_gain=0.0959248 0.113659 0.113056 0.114558 0.238532 0.16386 0.114211 0.0446739 0.0387149 0.0170217 0.0161133 0.0294315 0.0129651 0.00712041 0.00696365 0.00561472 0.0122129 0.00389885 0.00132666 0.000968465 0.000458076 0.00421893 0.000108225 0.000124365 7.6205e-05 7.02542e-05 1.03171e-05 8.34166e-06 1.91523e-07 1.09074e-07
threshold=1.0020714402198794 1.1182666420936587 0.73383766412734996 2.5422018766403203 0.4503640085458756 0.3385454416275025 -0.61743792891502369 1.4330465793609621 1.2506288886070254 0.17009572684764865 1.0823164582252505 -0.0061153159476816646 0.55628314614295971 2.2705498933792119 1.428148686885834 0.77839544415473949 1.4976862668991091 0.99526962637901317 0.73346632719039928 0.74412035942077648 1.3141965270042422 1.1209788322448733 -0.073313882574439035 1.0938054919242861 0.58451706171035778 0.88238009810447704 -1.3163675069808958 -0.17369797825813291 0.80024516582489025 -0.7151409089565276
decision_type=2 2 2 2 2 2 2 2 2 2 2 2 2 2 2 2 2 2 2 2 2 2 2 2 2 2 2 2 2 2
left_child=10 8 17 5 14 19 -7 -6 -2 15 20 12 24 -11 -5 25 -17 -3 -14 -4 28 -22 23 -19 -12 -10 -24 -20 -1 -30
right_child=1 2 3 4 7 6 -8 -9 9 13 11 -13 18 -15 -16 16 -18 22 27 -21 21 -23 26 -25 -26 -27 -28 -29 29 -31
leaf_value=-0.050056075215913279 -0.050081549803539051 0.031033937784650675 -0.011763973137950226 -0.024954544078591014 0.049792273498375679 0.032553085666930236 -0.01173671095005655 0.0036732132543023212 0.050084007628975524 -0.050261266280011888 -0.05003495705014354 -0.050147991323818489 -0.00010661111578697991 0.050002019466232873 -0.051011866448068002 -0.050060989101976185 0.050002644391782383 -0.026510718820626267 0.047817523074314763 -0.05129222588547247 -0.050101364022298436 0.044417920085967344 -0.051537789727635064 -0.050020944342018293 -0.034635305904951882 0.047973476417992378 -0.050451383444746367 0.050029796868073899 -0.050318962327415999 -0.050106163836932782
leaf_weight=0.078032004754202411 0.011895574282627164 0.0014839631594851651 0.0015624277926304933 0.039081484107847286 0.28588415969209469 0.20728820727210534 0.48879911827469419 0.06432323725217981 0.088355788779889824 0.0066788885776689066 0.0038308325916410948 0.027663116756776445 0.0014975522922071561 0.0024096270208247006 0.074548808898674657 0.0046488995870677683 0.0088624762720428407 0.0010001906637935362 0.0081512618081369705 0.1881563885045423 0.010880085046474587 0.0013242970529882539 0.028947804123163209 0.0012854214914987483 0.001016511488120272 0.071207806520083336 0.089165153115039433 0.0089281965047121083 0.012597870389002088 0.011535865021147746
leaf_count=48015 2114 153 42 14 111 429 3480 17 14 114 244 2299 166 4 52 226 12 166 63 4222 1312 70 1 160 283 31 750 1 324 2317
internal_value=-0.00226201 0.00134499 -0.00339822 0.000766571 0.0208973 -0.00977456 0.00145237 0.0413215 0.0373122 0.0430191 -0.038572 -0.0152257 0.0260159 -0.0236786 -0.0420498 0.0465216 0.0155735 -0.0495163 0.0450174 -0.0509667 -0.0490005 -0.0398451 -0.0505091 -0.0397328 -0.0468056 0.0491421 -0.0507176 0.048974 -0.0500941 -0.0502172
internal_weight=1.83104 1.66559 1.47153 1.34964 0.463838 0.885806 0.696087 0.350207 0.194059 0.182163 0.165458 0.0510875 0.0234244 0.00908852 0.11363 0.173075 0.0135114 0.121883 0.018577 0.189719 0.11437 0.0122044 0.120399 0.00228561 0.00484734 0.159564 0.118113 0.0170795 0.102166 0.0241337
internal_count=67206 12112 9597 8367 194 8173 3909 128 2515 401 55094 3056 757 118 66 283 238 1230 230 4264 52038 1382 1077 326 527 45 751 64 50656 2641
is_linear=0
shrinkage=0.05


Tree=167
num_leaves=31
num_cat=0
split_feature=57 53 14 26 14 12 22 44 3 27 24 50 41 12 3 48 4 11 43 3 54 8 67 43 0 0 8 23 11 0
split_gain=0.0912029 0.107796 0.107539 0.102572 0.0927238 0.132493 0.112602 0.0763992 0.0582639 0.032284 0.0153875 0.0279685 0.0147321 0.0070934 0.0083858 0.00436139 0.00261729 0.00162582 0.00067256 0.00679811 0.000286046 0.000115634 0.000128337 8.87204e-06 8.76697e-06 4.66419e-06 1.60525e-07 7.32547e-08 6.08958e-08 5.59992e-08
threshold=1.0020714402198794 1.1182666420936587 0.73383766412734996 -0.34607033431529993 1.3336489796638491 0.59287601709365856 1.2298853397369387 -0.67281317710876454 1.1724488735198977 0.32589118182659155 1.0823164582252505 -0.0061153159476816646 0.68319612741470348 0.5348653793334962 1.689608693122864 0.046032112091779716 1.6145588755607607 -1.0000000180025095e-35 0.30876985192298895 1.5184444785118105 0.75849443674087536 -0.073313882574439035 2.2303302288055424 -1.3163675069808958 1.5023126602172854 0.85184231400489818 2.4779268503189091 0.69920244812965404 0.41822730004787451 1.9162480831146242
decision_type=2 2 2 2 2 2 2 2 2 2 2 2 2 2 2 2 2 2 2 2 2 2 2 2 2 2 2 2 2 2
left_child=10 8 15 4 5 -4 -6 -5 28 -9 16 12 -12 18 -15 -3 26 -18 24 -20 -14 22 -17 -23 -10 -22 27 -1 -2 -13
right_child=1 2 3 7 6 -7 -8 9 13 -11 11 29 20 14 -16 21 17 -19 19 -21 25 23 -24 -25 -26 -27 -28 -29 -30 -31
leaf_value=-0.050038616243816517 -0.050076232490316099 0.04362550968660428 0.026056547549375798 0.049891739795711265 -0.021792467687699404 -0.045999289764847767 0.046975602585577821 -0.050306964488075312 0.049163228837712472 0.031807759929399514 -0.050026253523800412 -0.05010298127729032 0.023470319654710661 -0.050061489293733358 0.049863805443655845 -0.025886674601542137 0.049117163791098775 -0.037841284025178466 -0.050045941121290086 0.049401053494340805 0.050028341009725801 -0.051460418319859952 -0.050020778468232045 -0.050428402977369995 0.050093135725982389 0.048334362192876276 -0.050280391487588574 -0.050129510471808227 -0.050275926168410805 -0.050281536167288123
leaf_weight=0.062061833759616984 0.011598641416529443 0.0012451455507124223 0.59927597952381062 0.024661524585311539 0.37834558563588339 0.071396657617288195 0.070641295842912566 0.16020277495313648 0.033359952846041083 0.012936290924385807 0.0049758217554694761 0.020747647695437757 0.0011552356727955347 0.0040688765590117431 0.0043380864927710467 0.0010005559847267821 0.0010747870023571004 0.0010752615307533867 0.0018950797513399243 0.01844114232547767 0.0084930043667554855 0.027578638380191478 0.0012255639588452417 0.085044347239986218 0.10550976293831764 0.0077912271228566697 0.01012036134760308 0.034483290434034745 0.0056907909869430276 0.0055700161831282449
leaf_count=47812 1873 53 2654 72 2837 301 295 2103 53 105 463 2297 232 133 32 319 25 650 138 75 1 4 46 808 29 61 408 3143 182 2
internal_value=-0.00221706 0.0013181 -0.00331622 0.000748992 0.0066129 0.0183858 -0.0109729 -0.032444 0.0372481 -0.0441717 -0.0385329 -0.0151832 0.0258603 0.0462625 0.00150107 -0.049449 -0.04899 0.00562834 0.0486261 0.0401338 0.0475123 -0.0504581 -0.0391734 -0.0506811 0.0498697 0.0492179 -0.0500909 -0.0500711 -0.050142 -0.0501408
internal_weight=1.77601 1.61846 1.43355 1.31746 1.11966 0.670673 0.448987 0.197801 0.184902 0.173139 0.157548 0.048733 0.0224153 0.167613 0.00840696 0.116094 0.108816 0.00215005 0.159206 0.0203362 0.0174395 0.114849 0.00222612 0.112623 0.13887 0.0162842 0.106665 0.0965451 0.0172894 0.0263177
internal_count=67206 12112 9597 8367 6087 2955 3132 2280 2515 2208 55094 3056 757 460 165 1230 52038 675 295 213 294 1177 365 812 82 62 51363 50955 2055 2299
is_linear=0
shrinkage=0.05


Tree=168
num_leaves=31
num_cat=0
split_feature=61 14 25 39 7 48 16 7 47 11 21 41 75 74 31 14 14 4 65 20 74 77 53 74 76 12 20 80 21 75
split_gain=0.086768 0.0739044 0.115433 0.0961511 0.0866041 0.0900813 0.110407 0.0815684 0.0785651 0.0915831 0.0538369 0.0444233 0.0135308 0.00401489 1.78596e-05 8.51761e-06 8.0359e-06 5.76091e-06 4.60758e-06 2.46008e-06 6.1125e-07 4.37224e-07 1.4688e-07 1.14054e-07 1.08679e-07 3.82883e-08 2.92474e-08 9.39247e-09 8.16887e-09 8.06408e-09
threshold=0.47765290737152105 1.3233668804168703 2.3200205564498906 1.9674687385559084 1.7952883839607241 2.9148569107055669 1.5072274804115298 1.4362765550613406 0.39752675592899328 -0.85551428794860829 -1.3792586326599119 0.43922103941440588 3.7639402151107793 0.4503640085458756 2.4537993669509892 0.44935575127601629 1.3473592996597292 1.4494907259941103 1.762539327144623 -1.5320286750793455 4.3809094429016122 0.81536078453063976 1.7167405486106875 1.6786593198776247 1.6458960771560671 -1.2802843451499937 -1.0203852057456968 -1.4108999371528623 -0.012440064921975134 0.76435378193855297
decision_type=2 2 2 2 2 2 2 2 2 2 2 2 2 2 2 2 2 2 2 2 2 2 2 2 2 2 2 2 2 2
left_child=12 4 10 8 5 6 7 -2 -4 -10 -3 -8 20 17 18 -6 -16 -7 -12 -5 23 -21 27 25 28 26 -1 -17 -25 -27
right_child=1 2 3 19 15 13 11 -9 9 -11 14 -13 -14 -15 16 22 -18 -19 -20 21 -22 -23 -24 24 -26 29 -28 -29 -30 -31
leaf_value=-0.050196415831788389 -0.0056941695550645601 0.049931260689930257 0.049851275699859712 -0.050985583649846712 -0.051384956772950921 -0.050441213460504133 -0.050257169868978761 0.037248859908272973 0.044201516825347405 -0.027252914236370464 -0.050244116586872216 0.045330387521426312 0.049902239660265933 -0.020065974648913174 -0.05195188815638381 -0.050113711354924623 -0.050048747121244345 -0.051498811621584956 -0.050803077901897892 -0.050403390753728211 -0.050509835193287861 -0.050064638617652528 -0.050276306534072147 -0.050021343078754381 -0.050297208324519831 -0.05001480933818632 -0.050071628118233735 -0.050033155987755464 -0.050111841838704131 -0.050057349819115117
leaf_weight=0.0077857865039854699 0.48071050975303536 0.014265492180038281 0.10519513781326348 0.018957018852233887 0.026311996664077228 0.023655983430307365 0.012698603221952764 0.14361679877562178 0.067253134955066712 0.13457673412330318 0.080534084390529753 0.28383680576617593 0.0034990204950803979 0.013127249116224787 0.036171072848787844 0.0055664635792770896 0.0065512808004792025 0.028256796300411224 0.067996081979439821 0.037250732860681951 0.010025458344991023 0.012797834860070773 0.015879839455696931 0.0033824422155127381 0.012003989559017105 0.02100323699813365 0.011830138519952221 0.01034031158832867 0.0094884252710953146 0.023722605843264594
leaf_count=591 17573 31 36 1 69 131 225 1086 37 125 4274 504 28 17 6 45 212 3 601 32 56 69 24 766 100 29754 3856 714 735 5505
internal_value=-0.00217007 0.000646449 -0.013638 0.00283056 0.00860342 0.0120993 0.0161159 0.00418421 0.014817 -0.00344309 -0.04377 0.041237 -0.0467326 -0.04477 -0.0507591 -0.0507195 -0.0516601 -0.0510169 -0.0505 -0.0505005 -0.0501397 -0.0503168 -0.0501687 -0.0500981 -0.050189 -0.0500629 -0.0501212 -0.0500613 -0.0500881 -0.0500374
internal_weight=1.72829 1.62555 0.581549 0.376031 1.044 0.985903 0.920863 0.624327 0.307025 0.20183 0.205518 0.296535 0.102741 0.06504 0.191253 0.0580986 0.0427224 0.0519128 0.14853 0.0690056 0.0992421 0.0500486 0.0317866 0.0892166 0.0248749 0.0643418 0.0196159 0.0159068 0.0128709 0.0447258
internal_count=67206 25815 5424 300 20391 19539 19388 18659 198 162 5124 729 41391 151 5093 852 218 134 4875 102 41363 101 783 41307 1601 39706 4447 759 1501 35259
is_linear=0
shrinkage=0.05


Tree=169
num_leaves=31
num_cat=0
split_feature=15 18 57 56 6 73 12 22 75 13 20 44 39 10 61 70 12 19 80 30 10 75 75 74 74 52 50 43 79 75
split_gain=0.0861406 0.0699681 0.0691404 0.0929242 0.0828526 0.0923361 0.083027 0.0129311 0.0122598 0.0103836 0.0147636 0.0095698 0.0209475 0.00672286 0.000756593 0.000342255 7.59485e-05 0.000198377 1.31161e-06 2.84586e-07 1.33743e-07 6.47241e-08 1.42008e-08 1.16804e-08 1.07025e-08 9.47872e-09 6.81431e-09 3.30307e-09 1.38144e-09 4.82502e-10
threshold=1.2815190553665163 2.3103229999542241 1.0020714402198794 1.0735383629798891 -0.31502407789230341 2.2226997613906865 0.59287601709365856 -2.514843106269836 3.7639402151107793 0.50325195491313945 -0.17502538859844205 -0.51242896914482106 0.70775479078292858 -1.3995667099952696 0.48136219382286077 0.41532552242279058 0.60923457145690929 0.58003610372543346 -1.4089200496673582 2.6552819013595585 1.4976368546485903 0.4813739955425263 2.1226571798324589 3.6439321041107182 1.7605457305908205 3.0828092098236088 0.67573517560958873 1.4399512410163882 0.41499267518520361 0.87754574418067943
decision_type=2 2 2 2 2 2 2 2 2 2 2 2 2 2 2 2 2 2 2 2 2 2 2 2 2 2 2 2 2 2
left_child=11 2 7 9 6 -6 -5 -2 13 15 -11 12 23 -9 -14 -4 20 -18 -3 21 22 27 25 28 -23 -13 -24 -20 -1 -30
right_child=1 18 3 4 5 -7 -8 8 -10 10 -12 16 14 -15 -16 -17 17 -19 19 -21 -22 24 26 -25 -26 -27 -28 -29 29 -31
leaf_value=-0.050004258719555189 0.049878801127594942 -0.050782685246253657 0.049946101695438339 0.011871639375801334 -0.039047388551635323 0.036019593335440733 -0.045176492962146146 0.049216019642232572 0.050006783563546292 0.050002408614687445 -0.050066947581748115 -0.050028516684285221 0.049990202736346544 -0.050127374945852558 0.0060772304444033295 0.044086948064678493 -0.050010435726678182 -0.023779889105409638 -0.050230866527072732 -0.050419215559780843 -0.050275627031339601 -0.050091041558411369 -0.050055291566014619 -0.050129838643538871 -0.050185198728059856 -0.050082852024789119 -0.050163323366430618 -0.050283965561554449 -0.05001387864764939 -0.050045901700571951
leaf_weight=0.0069908224072354396 0.0038308466515860331 0.015230955449859654 0.095969053295541729 0.93912152200111854 0.20334226867270416 0.051299842291780917 0.068425836238556692 0.0017408088448932621 0.0033252735564978922 0.0080685727110984436 0.0067854293223558572 0.071634647427218964 0.0081280968642545304 0.078424103788619901 0.0011154984544717731 0.033668121632532771 0.002556804515298469 0.0010037871009628933 0.0061158941442747625 0.016457060814850877 0.006477363995028739 0.016337107649963108 0.0026435443743474669 0.0029334038173356889 0.0037018298369067412 0.0090393101336573023 0.0032594538533270707 0.0056200990497643488 0.001621721651982295 0.0042826089427494309
leaf_count=14180 21 19 15 1554 604 145 199 43 3 18 161 39327 5 2890 363 71 2630 1410 139 6 372 201 397 103 11 519 22 4 1410 364
internal_value=-0.00212438 0.00104112 0.00322534 0.00590526 0.0015572 -0.0239245 0.00799731 -0.0399463 -0.0440678 0.0438873 0.00428991 -0.0426394 -0.0151145 -0.0479701 0.0446909 0.0484244 -0.0497823 -0.0426156 -0.0503782 -0.0502505 -0.0500565 -0.050163 -0.0500401 -0.0500398 -0.0501084 -0.0500346 -0.0501149 -0.0502563 -0.0500193 -0.0500371
internal_weight=1.67915 1.55746 1.494 1.40668 1.26219 0.254642 1.00755 0.087321 0.0834902 0.144491 0.014854 0.121687 0.0250722 0.0801649 0.0092436 0.129637 0.0966149 0.00356059 0.0634629 0.048232 0.0930543 0.0317749 0.086577 0.0158286 0.0200389 0.080674 0.005903 0.011736 0.0128952 0.00590433
internal_count=67206 6104 5724 2767 2502 749 1753 2957 2936 265 179 61102 16425 2933 368 86 44677 4040 380 361 40637 355 40265 16057 212 39846 419 143 15954 1774
is_linear=0
shrinkage=0.05


Tree=170
num_leaves=31
num_cat=0
split_feature=8 7 34 5 8 14 20 34 34 64 22 49 4 9 22 11 27 3 74 0 62 69 3 76 39 47 46 13 76 2
split_gain=0.0828248 0.0686221 0.07321 0.0722396 0.0676248 0.106835 0.0764008 0.0434034 0.0572741 0.00185644 0.00253999 0.00179928 0.00121566 0.00414337 0.000351318 0.00263147 8.37502e-06 8.3863e-07 4.18483e-07 4.07831e-07 1.46367e-07 6.85148e-08 2.59117e-08 1.87095e-08 1.75217e-08 1.08169e-08 9.27571e-09 4.05804e-09 1.38206e-09 6.132e-10
threshold=1.0000000180025095e-35 1.7952883839607241 2.1521906852722172 0.64663055539131176 1.1622645854949953 1.2548167705535891 -0.12172919884324072 0.51410928368568432 0.43429556488990789 1.5358995795249941 -1.3379283547401426 2.9149316549301152 1.3472357392311098 0.90523466467857372 -2.0868740081787105 0.087385203689336791 -0.58314043283462513 2.1541967391967778 1.7605457305908205 2.5504565238952641 1.4116051197052004 3.3815330266952519 1.6407045125961306 1.0255393385887148 1.2001550793647768 -0.16871429234743116 -0.76376715302467335 0.5271739959716798 2.9820489883422856 2.3780444860458378
decision_type=2 2 2 2 2 2 2 2 2 2 2 2 2 2 2 2 2 2 2 2 2 2 2 2 2 2 2 2 2 2
left_child=11 2 3 7 5 -5 -6 8 -2 10 -4 12 14 29 15 22 -3 23 -9 26 25 -19 -1 -16 -22 27 -11 -18 -27 -14
right_child=1 16 9 4 6 -7 -8 18 -10 19 -12 -13 13 -15 17 -17 20 21 -20 -21 24 -23 -24 -25 -26 28 -28 -29 -30 -31
leaf_value=-0.050031467907267563 -0.050107468252565894 -0.051324668915187423 0.05000052026055625 0.015351045798007196 -0.050624850672597477 -0.020109790655236357 0.033353211352239093 -0.050107712047832376 0.048140178319172583 -0.050156661872054024 -0.050025206795153015 0.0084147680542355045 -0.050055696844891528 0.046057602672796141 -0.050034323476159909 0.036663848244562473 -0.050110624005243964 -0.050335409333532789 -0.050375483008454236 -0.050381420736805106 -0.050326635131890611 -0.050508154408990105 -0.050256036887602384 -0.050094004022118936 -0.050218560107569477 -0.050016739072720751 -0.050059361152665807 -0.050012859224412322 -0.050054968362115475 -0.050093335468959999
leaf_weight=0.0017205228568859289 0.026476048524968716 0.025472460062743126 0.0011111255225841887 0.54904913550863732 0.029360772638207688 0.34641029912538646 0.34919871812910064 0.06945356468376189 0.033734402053097863 0.0031137345358729319 0.0014800978260638272 0.0014482917965091399 0.0025879380241815323 0.0014986498436154565 0.038270926297667318 0.0010003786034889729 0.0090373206956175563 0.013548227456684034 0.018471880080006442 0.048746316729621555 0.0064496988520303953 0.0099596492946147919 0.005068702157586813 0.01999229468193274 0.0089605634979121156 0.0079103805447040022 0.011479755177295109 0.0012026853658199934 0.0033718919990081185 0.0018597545766265711
leaf_count=171 12756 190 8 5086 1709 2086 1092 3026 608 1 82 270 793 16 32556 255 343 58 109 35 7 1 1 3615 152 1273 304 589 12 2
internal_value=-0.00206514 0.000738327 0.00289241 0.0052803 0.00912291 0.00163295 0.0268399 -0.0277675 0.00493822 -0.048615 -0.00713383 -0.0468977 -0.0477364 -0.0258441 -0.04919 -0.0390438 -0.0506272 -0.0501565 -0.050164 -0.050312 -0.0501462 -0.0504086 -0.0501991 -0.0500548 -0.0502638 -0.0500619 -0.0500801 -0.0500991 -0.0500282 -0.0500714
internal_weight=1.64745 1.55049 1.48809 1.42215 1.27402 0.895459 0.378559 0.148136 0.0602105 0.065931 0.00259122 0.0969553 0.095507 0.00594634 0.0895607 0.0077896 0.062405 0.0817711 0.0879254 0.0633398 0.0369325 0.0235079 0.00678923 0.0582632 0.0154103 0.0215223 0.0145935 0.01024 0.0112823 0.00444769
internal_count=67206 29468 26902 26472 9973 7172 2801 16499 13364 430 90 37738 37468 811 36657 427 2566 36230 3135 340 2376 59 172 36171 159 2217 305 932 1285 795
is_linear=0
shrinkage=0.05


Tree=171
num_leaves=31
num_cat=0
split_feature=15 18 65 40 77 45 52 35 9 44 39 79 61 12 18 80 7 30 0 73 75 56 37 74 52 43 51 43 79 75
split_gain=0.0790359 0.0651692 0.0658645 0.0866005 0.103504 0.1255 0.110576 0.063933 0.0163691 0.00911171 0.0194365 0.00456512 0.00074052 7.81172e-05 0.000184894 1.22228e-06 1.16372e-06 2.23243e-07 6.60118e-08 6.06167e-08 4.47888e-08 1.25433e-08 1.13172e-08 8.57243e-09 8.06377e-09 4.18914e-09 2.80068e-09 2.45046e-09 1.11387e-09 3.97508e-10
threshold=1.2815190553665163 2.3103229999542241 2.134086132049561 1.9666920900344851 0.67321163415908825 0.37741009891033178 2.9147524833679204 2.034300804138184 1.5371701717376711 -0.51242896914482106 0.70775479078292858 0.97664654254913341 0.48136219382286077 0.60923457145690929 -0.18370618671178815 -1.4089200496673582 0.52818679809570324 2.6552819013595585 1.8275477886199953 0.76576825976371776 0.4813739955425263 1.0396165847778323 2.0729130506515507 3.6439321041107182 3.0828092098236088 -1.7696952819824217 2.1617364883422856 1.4399512410163882 0.41499267518520361 0.87754574418067943
decision_type=2 2 2 2 2 2 2 2 2 2 2 2 2 2 2 2 2 2 2 2 2 2 2 2 2 2 2 2 2 2
left_child=9 2 3 4 5 -2 -6 11 -9 10 23 -5 -12 18 -15 -3 -4 20 24 -20 27 -21 -22 28 25 -11 -26 -17 -1 -30
right_child=1 15 16 7 6 -7 -8 8 -10 13 12 -13 -14 14 -16 17 -18 -19 19 21 22 -23 -24 -25 26 -27 -28 -29 29 -31
leaf_value=-0.050003865440441976 -0.015121320179115667 -0.050755529153176174 -0.050341683513682761 0.032415969186928253 -0.02911165130889842 0.027582641936202613 0.04891509984166726 -0.050416969740805867 0.028022431921389208 -0.050057219287718772 0.04998600188722277 0.049087284567461149 0.0059866380219312232 -0.024266995476212423 -0.050009732026200009 -0.050208782189901636 -0.050805273187237154 -0.050385996302986284 -0.050279616160997992 -0.050152574879083325 -0.0500844365321148 -0.050027935567794113 -0.05018272974043142 -0.050117437896148753 -0.050098277430224041 -0.050021443700244153 -0.050020174120744422 -0.050256843560639225 -0.050012512342860665 -0.050042845198454138
leaf_weight=0.0063867771976910386 0.27945422936816527 0.014714784236787577 0.024262700723267305 0.058345202476923402 0.37899206849856737 0.44763257373076942 0.051586467691556948 0.025300914045385342 0.0090231347185181221 0.0096349604302155348 0.0076146877963196857 0.13863225959908004 0.0010936180949505381 0.0010002551345392836 0.0023046017084700533 0.0055388291207498844 0.030621675705708951 0.01514150541635928 0.0055334051053059817 0.0030329429522862406 0.015185740136962266 0.0060354194187705349 0.0036280374042696991 0.002655397512928522 0.0057534106692253969 0.054283254834392079 0.0014338471398145369 0.0050887718432903739 0.0014821392620054351 0.0039817071220109648
leaf_count=14180 2486 19 35 50 1984 972 72 76 3 923 5 24 363 1789 2251 139 22 6 19 3 209 886 3 103 102 38406 298 4 1410 364
internal_value=-0.00200966 0.00101232 0.00312216 0.00524498 -0.000335637 0.0111695 -0.0197635 0.033176 -0.0297968 -0.0424858 -0.0145881 0.0441492 0.0444604 -0.0497615 -0.0422184 -0.0503604 -0.0506003 -0.05023 -0.0500524 -0.0501492 -0.0501497 -0.0500696 -0.0501034 -0.0500362 -0.0500325 -0.0500268 -0.0500827 -0.0502318 -0.050018 -0.0500346
internal_weight=1.61538 1.50315 1.44385 1.38897 1.15767 0.727087 0.430579 0.231302 0.034324 0.112226 0.0232143 0.196977 0.00870831 0.0890121 0.00330486 0.0592977 0.0548844 0.0445829 0.0857072 0.0146018 0.0294414 0.00906836 0.0188138 0.014506 0.0711055 0.0639182 0.00718726 0.0106276 0.0118506 0.00546385
internal_count=67206 6104 5724 5667 5514 3458 2056 153 79 61102 16425 74 368 44677 4040 380 57 361 40637 908 355 889 212 16057 39729 39329 400 143 15954 1774
is_linear=0
shrinkage=0.05


Tree=172
num_leaves=30
num_cat=0
split_feature=8 34 25 14 40 42 11 53 60 47 47 77 71 49 64 22 49 36 4 9 1 66 3 0 24 72 46 36 50
split_gain=0.0766533 0.0615962 0.073906 0.138384 0.164125 0.126773 0.121525 0.146456 0.0856431 0.0812627 0.100469 0.0317124 0.0262641 0.015195 0.00182012 0.00242027 0.00166317 0.00123205 0.00113594 0.00378719 0.000338067 0.00223719 6.80948e-07 3.17652e-07 7.07977e-08 2.4216e-08 7.48821e-09 2.62092e-09 4.5508e-10
threshold=1.0000000180025095e-35 2.1521906852722172 2.3200205564498906 0.99089968204498302 1.9666920900344851 1.8857456445693972 -0.044952141121029847 1.151683568954468 0.64389857649803173 0.80351108312606823 1.2372730970382693 0.67321163415908825 1.0164347290992739 2.1617883443832402 1.5358995795249941 -1.3379283547401426 2.9149316549301152 1.8747086524963381 1.3472357392311098 0.90523466467857372 1.5727736949920657 1.0863399505615237 2.1541967391967778 2.5504565238952641 2.3647665977478032 1.652278006076813 -0.76376715302467335 1.5421593785285952 2.9148851633071904
decision_type=2 2 2 2 2 2 2 2 2 2 2 2 2 2 2 2 2 2 2 2 2 2 2 2 2 2 2 2 2
left_child=16 2 3 6 12 9 8 -8 -2 17 -11 -6 -5 -7 15 -3 18 -4 20 28 22 -22 24 26 -1 -23 -16 -28 -20
right_child=1 14 5 4 11 13 7 -9 -10 10 -12 -13 -14 -15 23 -17 -18 -19 19 -21 21 25 -24 -25 -26 -27 27 -29 -30
leaf_value=-0.050050064146445306 -0.050096859019090278 0.050000501771794527 0.042016187491688263 -0.0067733451936716734 -0.050037312114145083 -0.0078804117717037308 0.020833567346956641 -0.0463240160023193 0.046438517800168062 -0.046743200769248976 0.044208601250967622 0.045595894199126658 -0.05073009108259581 -0.050995900774903326 -0.0501447276529359 -0.050022831180714503 0.007355173145104428 0.050086877046312962 -0.050050334979308643 0.045743360615464579 0.030058767651323849 -0.0498215191980012 -0.050412252788652238 -0.050351516611585392 -0.05024659888049221 -0.050089803838426164 -0.050071456363825276 -0.050018337386759718 -0.050084413994621525
leaf_weight=0.051330385468161127 0.02557794302362329 0.0010730392168625258 0.062935128852582622 0.038965193398831588 0.0098359498616462371 0.032577100065902899 0.17912972825971379 0.14846730593227553 0.22578390269649654 0.061270361950312491 0.060192604005584405 0.073044801642698359 0.26573175168105029 0.054826713411838333 0.0028778128325939204 0.0013859079404727461 0.0013926260153281069 0.19019180639498845 0.0023446115839551125 0.0013865998992586177 0.0010131889969005377 0.0010021113604460289 0.01921951385181167 0.045119441912545667 0.0050314253271483136 0.0052350976531516926 0.0069083361173725606 0.0034979874170681952 0.0016826396469896976
leaf_count=36203 3946 8 74 2695 91 38 16250 1371 490 63 27 189 3716 15 1 108 270 14 792 16 53 227 22 35 65 87 105 232 3
internal_value=-0.00195466 0.000747944 0.00284675 -0.00501599 -0.0281392 0.0192964 0.0104636 -0.00960232 0.0366153 0.0319482 -0.00167081 0.0342465 -0.0451088 -0.0349259 -0.0485141 -0.00637449 -0.04686 0.0480803 -0.0477156 -0.0255262 -0.0491659 -0.0388526 -0.0501552 -0.0502882 -0.0500676 -0.0500467 -0.0500733 -0.0500536 -0.0500646
internal_weight=1.57903 1.48939 1.42853 0.966537 0.387578 0.461994 0.578959 0.327597 0.251362 0.37459 0.121463 0.0828808 0.304697 0.0874038 0.0608625 0.00245895 0.0896382 0.253127 0.0882456 0.00541385 0.0828317 0.0072504 0.0755813 0.0584036 0.0563618 0.00623721 0.0132841 0.0104063 0.00402725
internal_count=67206 29468 28979 28748 6691 231 22057 17621 4436 178 90 280 6411 53 489 116 37738 88 37468 811 36657 367 36290 373 36268 314 338 337 795
is_linear=0
shrinkage=0.05


Tree=173
num_leaves=31
num_cat=0
split_feature=57 53 14 15 74 8 21 3 46 10 3 22 75 40 12 3 48 15 3 14 8 81 43 12 8 15 3 46 36 70
split_gain=0.0734186 0.0893197 0.0924191 0.0913597 0.198216 0.138181 0.0942314 0.0493741 0.0367884 0.0149676 0.0142853 0.0125261 0.0116545 0.00594764 0.00576275 0.00721951 0.00274887 0.00190007 0.00633587 0.000936295 0.000136061 2.43069e-05 4.62735e-06 1.90916e-06 1.1762e-07 6.63438e-08 5.34728e-08 5.81205e-09 3.56859e-09 8.60168e-10
threshold=1.0020714402198794 1.1182666420936587 0.73383766412734996 2.5422018766403203 0.4503640085458756 0.3385454416275025 -0.61743792891502369 1.1724488735198977 0.30928021669387823 -1.3482509255409239 0.34108084440231329 -2.514843106269836 3.7639402151107793 1.8592329025268557 0.5348653793334962 1.689608693122864 0.36939975619316107 1.9891663789749148 1.8607729077339175 0.74412035942077648 -0.073313882574439035 -0.48999169468879694 -1.3163675069808958 0.60923457145690929 2.4779268503189091 1.9534866809844973 1.0501888394355776 1.2669001817703249 0.20246056467294696 1.5019947886466982
decision_type=2 2 2 2 2 2 2 2 2 2 2 2 2 2 2 2 2 2 2 2 2 2 2 2 2 2 2 2 2 2
left_child=9 7 16 5 13 19 -7 26 -6 10 27 23 24 -5 17 -16 -3 18 -9 -4 -18 -12 -22 -11 25 -13 28 -1 -2 -30
right_child=1 2 3 4 8 6 -8 14 -10 11 21 12 -14 -15 15 -17 20 -19 -20 -21 22 -23 -24 -25 -26 -27 -28 -29 29 -31
leaf_value=-0.050012245782104371 -0.050095689381084232 0.016711772333333829 -0.011332593625958089 -0.050736669766778479 0.0035459155791737898 0.032260023231222679 -0.011298638901636052 -0.050043199013280748 0.049470564403849802 0.047490102355276981 0.049992158034714684 -0.050020678593107396 0.049772684639449047 -0.024313910393564495 -0.050051847374278841 0.049865594576712149 -0.035716540879885274 0.049960441877615946 0.049805204720742499 -0.051133205253523654 -0.051191217062841826 0.04337796666396642 -0.050375294237338698 0.049884083281877267 -0.050287119263347349 -0.050103526000213588 -0.050253373858150013 -0.05011303932133452 -0.050003740168991798 -0.050046940843170198
leaf_weight=0.0039221870217169856 0.0037937853879409476 0.0015531939227243627 0.0014917184141375875 0.06350725206463799 0.053349440745791704 0.17798887768227506 0.41055953513874771 0.0020916839884412329 0.23879864074141013 0.0013763225338116877 0.0072744359069361053 0.040854694217069783 0.0030043736445968796 0.032043433577038136 0.0034280020124272982 0.0038251959093410738 0.001567327486951208 0.12573577046354817 0.0066080778135402763 0.15673981999760062 0.022732482938977241 0.0017168814722103003 0.073759681917152625 0.002108836056038399 0.0066318566185750846 0.05915196311180012 0.0059335423464953437 0.0022510804922184491 0.001801152000545223 0.0031981989392680247
leaf_count=6268 76 152 42 53 12 429 3480 238 116 108 6 47551 37 13 133 32 334 22 35 4222 4 121 740 12 442 544 249 5 1447 283
internal_value=-0.00193625 0.00140291 -0.00310862 0.000945875 0.0206383 -0.00927764 0.00187438 0.0369981 0.0410842 -0.0381279 0.00851812 -0.0443807 -0.047347 -0.0418757 0.0460546 0.00264267 -0.0492848 0.0483969 0.0257987 -0.050758 -0.0503301 0.0487292 -0.0505675 0.0489387 -0.0500832 -0.0500697 -0.0501374 -0.050049 -0.0500591 -0.0500314
internal_weight=1.5188 1.39051 1.23409 1.13448 0.387699 0.74678 0.588548 0.156415 0.292148 0.128293 0.0151646 0.113128 0.109643 0.0955507 0.141689 0.0072532 0.0996127 0.134436 0.00869976 0.158232 0.0980595 0.00899132 0.0964922 0.00348516 0.106639 0.100007 0.0147267 0.00617327 0.00879314 0.00499935
internal_count=67206 12112 9597 8367 194 8173 3909 2515 128 55094 6400 48694 48574 66 460 165 1230 295 273 4264 1078 127 744 120 48537 48095 2055 6273 1806 1730
is_linear=0
shrinkage=0.05


Tree=174
num_leaves=31
num_cat=0
split_feature=8 27 21 48 47 36 6 17 60 4 3 22 75 63 20 3 49 4 9 80 1 4 27 56 4 3 9 3 45 24
split_gain=0.0689267 0.06069 0.0835681 0.108538 0.0875061 0.120307 0.082149 0.08586 0.0442321 0.034329 0.0331748 0.0262 0.0111048 0.00775808 0.00488252 0.00420163 0.00171622 0.00114568 0.00358983 0.000742767 0.000356052 0.00219773 1.00793e-05 3.19729e-06 2.4553e-06 5.01798e-07 1.88986e-07 1.17867e-07 8.58842e-08 5.22729e-08
threshold=-1.0000000180025095e-35 -0.21150691062211988 -0.61743792891502369 2.6616942882537846 0.53427961468696605 0.74404090642929088 -0.24704338610172269 0.17557201534509662 0.66408786177635204 1.8000785708427431 1.2250207066535952 -1.1239438056945799 3.7639402151107793 1.8055016398429873 1.8403910398483279 2.0074845552444462 2.9149316549301152 1.3472357392311098 0.90523466467857372 -1.0446169972419737 1.5727736949920657 0.74393185973167431 -0.55105695128440846 2.0541971921920781 1.4494907259941103 2.1541967391967778 1.6222383975982668 2.2764565944671635 1.0530384778976443 2.3647665977478032
decision_type=2 2 2 2 2 2 2 2 2 2 2 2 2 2 2 2 2 2 2 2 2 2 2 2 2 2 2 2 2 2
left_child=16 2 3 8 6 10 7 -4 28 -7 -6 13 23 -3 24 -16 17 20 -19 -10 25 -22 -8 26 -5 29 -13 -25 -2 -1
right_child=1 11 4 14 5 9 22 -9 19 -11 -12 12 -14 -15 15 -17 -18 18 -20 -21 21 -23 -24 27 -26 -27 -28 -29 -30 -31
leaf_value=-0.050045266038969721 -0.050031887071249309 -0.050020911932678706 0.020704752884619294 -0.050349629581173352 -0.050043087251170695 -0.041092316804442745 -0.051594583139405875 -0.033689050925529589 0.03763506676592774 0.047170866181041236 0.044221706873825373 -0.050096561307518578 0.049873733583364069 0.05003341157590116 -0.050045172857275055 0.050007896658419676 0.0085710436590206388 -0.050058379226289453 0.045621998379693419 0.049275715511460129 0.030238402452371041 -0.050070667710436112 -0.050223407725732472 -0.050693370754333125 -0.051177241272878975 -0.050371641094989067 -0.050320112188035532 -0.050880251522657016 -0.05029902646807826 -0.050222829404803118
leaf_weight=0.046481629484744061 0.0060369425696874812 0.0024024139363872802 0.52834220111417241 0.014905393934335792 0.010775292126950581 0.27510657149689405 0.029956711031161376 0.084096810609417538 0.014758291956865066 0.011475996661026 0.069759962341833043 0.036166555366539829 0.0028556478106141056 0.010009642690420151 0.0018835224053393987 0.0023690960370004177 0.0013870481835251683 0.0036428999803563588 0.0013412588164468079 0.19177528937019001 0.0010016672831072932 0.0056974184533967933 0.024253253235761107 0.016749714844795427 0.022474054247140884 0.017459059684947549 0.012799942840034287 0.0170011967420578 0.0059979395930902513 0.0045506523166118562
leaf_count=36203 3904 1322 2625 132 4400 5159 5 2216 99 184 344 7050 11 1 83 1 270 795 16 194 48 319 1363 40 1 22 220 1 113 65
internal_value=-0.00189728 0.000720408 0.0035934 0.0289205 -0.00278147 -0.0223845 0.00801376 0.0132357 0.0430143 -0.0375579 0.0316095 -0.0372197 -0.0470664 0.0306674 -0.0450717 0.00569351 -0.0465714 -0.0475253 -0.0243104 0.0484439 -0.0490642 -0.0380626 -0.0509811 -0.0504131 -0.0508472 -0.0501403 -0.050155 -0.0507875 -0.050165 -0.0500611
internal_weight=1.47351 1.39195 1.29397 0.260201 1.03377 0.367118 0.666649 0.612439 0.218568 0.286583 0.0805353 0.0979851 0.0855731 0.0124121 0.0416321 0.00425262 0.0815616 0.0801746 0.00498416 0.206534 0.0751904 0.00669909 0.05421 0.0827174 0.0373794 0.0684913 0.0489665 0.0337509 0.0120349 0.0510323
internal_count=67206 29468 20823 4527 16296 10087 6209 4841 4310 5343 4744 8645 7322 1323 217 84 37738 37468 811 293 36657 367 1368 7311 133 36290 7270 41 4017 36268
is_linear=0
shrinkage=0.05


Tree=175
num_leaves=31
num_cat=0
split_feature=15 34 40 77 47 19 73 10 7 39 45 8 44 39 44 14 27 61 12 17 7 15 44 10 24 75 74 52 50 79
split_gain=0.0674636 0.0557922 0.0668273 0.0857859 0.140306 0.0952434 0.0972393 0.0516828 0.0385876 0.0365615 0.0310565 0.0283114 0.00822627 0.0168357 0.00685211 0.00109113 0.00246893 0.00060835 7.37008e-05 0.000136717 4.21318e-07 1.91884e-07 9.62721e-08 7.01003e-08 1.98251e-08 6.90193e-09 4.61876e-09 4.28736e-09 3.58288e-09 7.30342e-10
threshold=1.2815190553665163 2.1521906852722172 1.9666920900344851 0.67321163415908825 1.1582130193710329 0.86555135250091564 1.8154943585395815 0.75141972303390514 -0.3799025416374206 1.4445225000381472 0.66177266836166393 1.3681942224502566 -0.51242896914482106 0.70775479078292858 0.69366067647933971 1.3233668804168703 -0.56977230310440052 0.48136219382286077 0.60923457145690929 -0.39313228428363794 1.4785130023956301 2.6849206686019902 0.80272176861763012 1.4976368546485903 2.3647665977478032 2.1226571798324589 3.6439321041107182 3.0828092098236088 0.67573517560958873 0.41499267518520361
decision_type=2 2 2 2 2 2 2 2 2 2 2 2 2 2 2 2 2 2 2 2 2 2 2 2 2 2 2 2 2 2
left_child=12 2 3 5 10 6 -2 14 -9 -6 -5 -7 13 26 -4 16 -3 -15 23 -20 -10 22 24 25 -17 27 29 -14 -27 -1
right_child=1 15 7 4 9 11 -8 8 20 -11 -12 -13 18 17 -16 21 -18 -19 19 -21 -22 -23 -24 -25 -26 28 -28 -29 -30 -31
leaf_value=-0.050003094736313827 0.0082379515637574525 0.044769183112271897 0.030013511657616801 -0.001420011192427876 -0.018904796291195139 0.04769264369262663 -0.050378816083423622 0.050044735720115356 -0.05045112655809434 0.049076740214357206 -0.044814285343003211 -0.050050257933015853 -0.050022521884794169 0.049980802073638475 0.050078113734877729 -0.050213366880951543 -0.050025497061587459 0.0095691801176334759 -0.026960658195434556 -0.05000839440764282 -0.050821474937251511 -0.050412875565650266 -0.050064009859258518 -0.050221837225783363 -0.05030082693412307 -0.050040456863832461 -0.05009588540363992 -0.050063990944418074 -0.050129418196772524 -0.050030042403540267
leaf_weight=0.0053958521243234183 0.42334517363409419 0.0010040587529989761 0.077982732896938994 0.049449815338602321 0.027079752452691883 0.15032205443977856 0.084949071783669505 0.013779059780617331 0.014850994860425237 0.073350144444148904 0.24808657853125399 0.0077925624732569634 0.056766995341188238 0.0066108684874848214 0.093648726465174387 0.014227838106290351 0.0021743960001268043 0.0010839827183710543 0.0010003510576227972 0.0018034120556154965 0.015902690589427948 0.016106194275059452 0.0090552492837777734 0.0051964190489860998 0.01189760669745836 0.0020120971002244715 0.0021808612902489361 0.0070015103533596417 0.0025869587783508836 0.0047082872319719965
leaf_count=14180 2660 65 29 396 348 354 554 2 60 136 1175 46 39327 5 18 26 109 363 1847 2193 1 6 92 372 27 397 103 519 22 1774
internal_value=-0.001862 0.00105416 0.0031622 -0.00198529 -0.020354 0.00898412 -0.00155842 0.028508 -0.0194885 0.0307463 -0.0376023 0.0428755 -0.0422686 -0.0137052 0.0409615 -0.0485082 -0.0200803 0.044288 -0.0497416 -0.0417852 -0.0506426 -0.0502699 -0.0502045 -0.0500448 -0.0502532 -0.0500313 -0.0500299 -0.0500271 -0.0500905 -0.0500157
internal_weight=1.43135 1.335 1.28054 1.06438 0.397966 0.666409 0.508294 0.216164 0.0445327 0.10043 0.297536 0.158115 0.0963476 0.0199799 0.171631 0.0544653 0.00317845 0.00769485 0.0763677 0.00280376 0.0307537 0.0512869 0.0351807 0.073564 0.0261254 0.0683676 0.012285 0.0637685 0.00459906 0.0101041
internal_count=67206 6104 5779 5669 2055 3614 3214 110 63 484 1571 400 61102 16425 47 325 174 368 44677 4040 61 151 145 40637 53 40265 16057 39846 419 15954
is_linear=0
shrinkage=0.05


Tree=176
num_leaves=31
num_cat=0
split_feature=57 53 14 14 1 39 54 71 47 3 24 50 56 12 3 28 4 35 49 8 6 30 67 44 77 8 3 0 23 0
split_gain=0.0665088 0.0802162 0.0846083 0.0798981 0.12848 0.109409 0.0648556 0.0606756 0.0570845 0.0443502 0.011178 0.0207542 0.0111527 0.00489837 0.00640089 0.00305437 0.00221416 0.00034427 0.000525668 0.000120766 4.17758e-05 2.80929e-05 3.58444e-06 2.2401e-06 2.92311e-07 1.10642e-07 4.24501e-08 2.84497e-08 2.80982e-08 1.68663e-08
threshold=1.0020714402198794 1.1182666420936587 0.73383766412734996 0.97719001770019542 1.5164263248443606 1.4445225000381472 1.7640225291252138 1.0999430418014529 -1.482820928096771 1.1724488735198977 1.0823164582252505 -0.0061153159476816646 0.48144243657588964 0.5348653793334962 1.689608693122864 1.0248392224311831 1.6145588755607607 0.73834535479545604 2.299013733863831 -0.073313882574439035 -0.31502407789230341 0.55620875954628002 0.29855306446552282 -0.061214558780193322 -0.42543202638626093 2.4779268503189091 1.0501888394355776 1.5910128951072695 0.69920244812965404 1.9162480831146242
decision_type=2 2 2 2 2 2 2 2 2 2 2 2 2 2 2 2 2 2 2 2 2 2 2 2 2 2 2 2 2 2
left_child=10 9 15 6 5 -5 7 -4 -6 26 16 12 -12 17 -15 -3 25 18 -11 -17 -14 -19 -21 -22 -8 28 -2 -27 -1 -13
right_child=1 2 3 4 8 -7 24 -9 -10 13 11 29 20 14 -16 19 -18 21 -20 22 23 -23 -24 -25 -26 27 -28 -29 -30 -31
leaf_value=-0.050028909045326142 -0.050051967157006605 0.026965813671721118 -0.036470735763248351 -0.034057651063985193 0.04697143685773842 0.016016533794327329 -0.050468681640044026 0.045031631903740196 -0.051247037286283215 0.034399465370465121 -0.050019361670914503 -0.050078830137914469 0.042671378600312442 -0.050044929795695331 0.049845988743288161 -0.037274198427510209 0.0073448162498277753 0.050029491408959216 0.050037874499657735 -0.051092891789909646 0.049981705510222373 0.047956446923892809 -0.050344613435384926 0.048352122638171395 -0.050113164551070379 -0.050089839248020587 -0.050234040582791462 -0.050303718547335258 -0.05009533812458794 -0.050195260002492831
leaf_weight=0.043981245140176248 0.0077723342882792075 0.0012987352253058795 0.025967557443134004 0.14156183497891089 0.016193821652490503 0.47548828997001652 0.0092003252357276879 0.18933884065447579 0.17108178727737977 0.010209729045071225 0.0037517853183845077 0.015735888957712003 0.0029038856482956196 0.0029837594084087754 0.0034673673100776067 0.0017542057948961428 0.0017164005663942014 0.078911087524077619 0.011344457976520061 0.021022721680992604 0.0069373726256287682 0.020611099565048044 0.067042346051103513 0.0030299740359262181 0.015560714612039403 0.0020985148798118303 0.0054433054822426068 0.0060011749155819416 0.024948233917358065 0.0038768343026731591
leaf_count=47812 1806 191 641 3872 22 1687 2 537 1436 82 554 2297 137 133 32 313 675 31 1 24 15 181 702 51 170 407 249 1 3143 2
internal_value=-0.00182459 0.00145677 -0.00295639 0.00107496 -0.00648043 0.00452866 0.0263887 0.0352018 -0.042754 0.0370621 -0.0382466 -0.0152649 0.0258376 0.0460974 0.00364468 -0.0491637 -0.048822 0.0483594 0.0426303 -0.0502645 0.0479488 0.0496002 -0.0505232 0.0494863 -0.0502453 -0.0500735 -0.050127 -0.0502483 -0.050053 -0.0501018
internal_weight=1.39124 1.27625 1.13551 1.04439 0.804326 0.61705 0.240067 0.215306 0.187276 0.140743 0.114981 0.0362357 0.016623 0.127528 0.00645113 0.091118 0.0787456 0.121076 0.0215542 0.0898193 0.0128712 0.0995222 0.0880651 0.00996735 0.024761 0.0770292 0.0132156 0.00809969 0.0689295 0.0196127
internal_count=67206 12112 9597 8367 7017 5559 1350 1178 1458 2515 55094 3056 757 460 165 1230 52038 295 83 1039 203 212 726 66 172 51363 2055 408 50955 2299
is_linear=0
shrinkage=0.05


Tree=177
num_leaves=31
num_cat=0
split_feature=57 53 14 15 74 8 9 46 22 43 10 55 25 22 75 40 48 14 15 8 43 12 8 15 11 75 46 15 28 79
split_gain=0.0631825 0.076047 0.0804202 0.083832 0.170206 0.121341 0.0761577 0.031761 0.0267915 0.0181389 0.0130836 0.012388 0.012305 0.0103106 0.0100202 0.00582951 0.00361081 0.0010215 0.000329489 0.000130815 3.1065e-06 1.88153e-06 9.92718e-08 4.2534e-08 3.1205e-08 1.03621e-08 3.25506e-09 9.77717e-10 2.47636e-10 1.55301e-10
threshold=1.0020714402198794 1.1182666420936587 0.73383766412734996 2.5422018766403203 0.4503640085458756 0.3385454416275025 1.8288326859474184 0.30928021669387823 -0.054021480522351333 -0.61499243974685658 -1.3482509255409239 0.60928314924240123 0.75542160868644725 -2.514843106269836 3.7639402151107793 1.8592329025268557 0.046032112091779716 0.74412035942077648 1.9891663789749148 -0.073313882574439035 -1.3163675069808958 0.60923457145690929 2.4779268503189091 1.9534866809844973 0.41822730004787451 2.3490409851074223 1.2669001817703249 2.114045381546021 1.0544087886810305 0.97664654254913341
decision_type=2 2 2 2 2 2 2 2 2 2 2 2 2 2 2 2 2 2 2 2 2 2 2 2 2 2 2 2 2 2
left_child=10 8 16 5 15 17 -7 -6 9 28 12 25 26 21 22 -5 -3 -4 -13 -18 -21 -12 23 -15 27 -11 29 -10 -2 -1
right_child=1 2 3 4 7 6 -8 -9 24 11 13 18 -14 14 -16 -17 19 -19 -20 20 -22 -23 -24 -25 -26 -27 -28 -29 -30 -31
leaf_value=-0.050000422668217082 -0.050020462810543689 0.043469573579498155 -0.0079879351815026114 -0.050639415548804273 0.0048882305505523376 -0.0058421999763631216 0.04917096271318129 0.049371845961930616 -0.050003140280792252 -0.050078332403694685 0.047255200845602065 0.040407780270266931 0.050015846722175655 -0.050017410036844873 0.049746010572612478 -0.022763093808358937 -0.036607832603968028 -0.051095216409462366 0.050015920860142921 -0.051040642648447314 -0.050326483607339746 0.049871560238309694 -0.05026834548588846 -0.050089444103728412 -0.050237269132731188 -0.04989358973789141 -0.050092513600096311 -0.050059438593527988 -0.050045247993944303 -0.0500222824575315
leaf_weight=0.0019162600378909184 0.0013887947446816124 0.0010409723157631659 0.0013880569125304656 0.054854485169427543 0.049502439709267099 0.46334501879747675 0.07279357807681569 0.2118646687536368 0.0011698696484460603 0.0020132581670435357 0.0011377309627860757 0.0097268840440860732 0.0075740019941987801 0.034344495733213368 0.0025852510887658239 0.028497352426084581 0.0017303852132066607 0.13847599579254904 0.10793991781034262 0.019976345935447171 0.064050970736793458 0.0017351189892877983 0.0061536515607614603 0.050810370018290446 0.0048484827905959094 0.0012183533703287583 0.0018438105344174005 0.002262962415785723 0.0036734486462753698 0.0014105841529637798
leaf_count=6125 348 53 42 53 12 3864 45 116 1073 210 108 649 16 47551 37 13 365 4222 16 4 808 12 442 544 162 25 5 9 23 254
internal_value=-0.00179197 0.00141879 -0.00288906 0.00103992 0.021106 -0.00919253 0.00162715 0.0409467 0.0369593 0.0426867 -0.0381991 0.0465692 0.00942235 -0.0444711 -0.047326 -0.0411087 -0.0490925 -0.0506674 0.0492217 -0.050216 -0.0504963 0.0488354 -0.0500744 -0.0500604 -0.0501556 -0.0500087 -0.0500392 -0.0500403 -0.0500384 -0.0500097
internal_weight=1.35127 1.24176 1.10752 1.02072 0.344719 0.676003 0.536139 0.261367 0.134242 0.125961 0.109511 0.120898 0.0127447 0.0967666 0.0938938 0.0833518 0.0867987 0.139864 0.117667 0.0857577 0.0840273 0.00287285 0.0913085 0.0851549 0.00828131 0.00323161 0.00517065 0.00343283 0.00506224 0.00332684
internal_count=67206 12112 9597 8367 194 8173 3909 128 2515 1271 55094 900 6400 48694 48574 66 1230 4264 665 1177 812 120 48537 48095 1244 235 6384 1082 371 6379
is_linear=0
shrinkage=0.05


Tree=178
num_leaves=31
num_cat=0
split_feature=15 34 59 1 20 35 8 71 36 15 2 49 77 77 22 38 40 18 27 75 26 10 8 9 75 52 46 74 50 79
split_gain=0.0602557 0.0517814 0.062961 0.0920177 0.0876828 0.076919 0.0659492 0.0571815 0.056223 0.0983171 0.0659873 0.0417252 0.00573428 0.014806 0.00106759 0.0020487 0.000876081 0.00184179 0.000466772 1.72916e-07 7.10436e-08 5.07445e-08 1.9574e-08 7.08057e-09 5.59054e-09 3.31015e-09 2.77897e-09 2.68007e-09 2.62915e-09 7.91917e-10
threshold=1.2815190553665163 2.1521906852722172 2.295445561408997 1.428148686885834 1.3377668857574465 0.93406900763511669 0.58451706171035778 2.1827026605606084 1.2742192745208742 2.5422018766403203 1.1145477890968325 -0.023178284056484696 -0.66877204179763783 -0.68563711643218983 -1.6589050292968748 1.2211610674858095 1.6882742643356325 1.3370432257652285 -0.50025810301303852 0.5379699468612672 -0.43471896648406977 1.4976368546485903 1.4082361459732058 1.5736280083656313 2.1226571798324589 3.0828092098236088 -0.76376715302467335 3.6439321041107182 0.67573517560958873 0.94086700677871715
decision_type=2 2 2 2 2 2 2 2 2 2 2 2 2 2 2 2 2 2 2 2 2 2 2 2 2 2 2 2 2 2
left_child=12 2 4 18 5 6 -2 -5 10 -10 -6 -7 13 27 15 -14 17 -3 -4 20 26 24 23 -21 25 -16 -18 29 -26 -1
right_child=1 16 3 7 8 11 -8 -9 9 -11 -12 -13 14 -15 21 -17 19 -19 -20 22 -22 -23 -24 -25 28 -27 -28 -29 -30 -31
leaf_value=-0.050003681387687141 -0.04077400660737171 -0.050045507891631438 0.04463430770582269 0.03538754559690839 -0.050159148254675545 0.037669142736064913 0.037036697616056762 -0.05067794704035538 -0.036295344261501106 0.023281769244771156 0.031706145667907672 -0.044649680544722972 -0.050012883969261415 0.048882618857165938 -0.050019267709136062 0.038835977813874219 -0.050117330526151686 0.031935619173480048 0.050050187497269943 -0.050283454453871994 -0.050237966279707162 -0.050205775666625742 -0.050424034342235628 -0.050358680841504633 -0.050036268239943837 -0.050057564243393464 -0.050055271529923721 -0.050082325378769721 -0.050118291174688384 -0.050033259400538127
leaf_weight=0.0050960531173263957 0.04153064020776441 0.0020582550260660353 0.070606229272631382 0.031417763943082391 0.02705379301615618 0.016558542996949921 0.079091072691900452 0.050033217403509481 0.14039466932826675 0.13664988665426733 0.27306514591280429 0.21880512797836046 0.0018442774579313554 0.0057538745538271456 0.051207322708988381 0.001000922877688168 0.0023356382735073558 0.0010269080021064717 0.091134526947882849 0.0056089579001155979 0.015996941171548817 0.0042669315826166848 0.0083387251943349838 0.0070718214847147465 0.0016646386011475328 0.0063411821891341596 0.0079236847543429443 0.0018817785206653214 0.002364996873382885 0.0040705984632125733
leaf_count=14150 2144 56 36 22 416 154 450 26 614 28 567 1310 1537 237 43341 136 1 90 12 51 42 350 1 1 276 528 83 126 18 403
internal_value=-0.00175291 0.00107564 0.00320117 0.0258602 -0.00270408 -0.0222198 0.0102461 -0.0174802 0.00933293 -0.00690944 0.0243265 -0.0388583 -0.0423388 -0.0161565 -0.0487433 -0.0187564 -0.048573 -0.0227578 0.0476859 -0.0502577 -0.0501721 -0.050039 -0.0503645 -0.0503254 -0.0500275 -0.0500235 -0.0500694 -0.050028 -0.0500844 -0.0500168
internal_weight=1.31219 1.2267 1.17634 0.243192 0.933149 0.355985 0.120622 0.081451 0.577163 0.277045 0.300119 0.235364 0.0854926 0.0168023 0.0686903 0.0028452 0.0503609 0.00308516 0.161741 0.0472758 0.0262563 0.0658451 0.0210195 0.0126808 0.0615781 0.0575485 0.0102593 0.0110484 0.00402964 0.00916665
internal_count=67206 6104 5779 96 5683 4058 2594 48 1625 642 983 1464 61102 14916 46186 1673 325 146 48 179 126 44513 53 52 44163 43869 84 14679 294 14553
is_linear=0
shrinkage=0.05


Tree=179
num_leaves=31
num_cat=0
split_feature=15 18 65 40 77 47 45 35 66 77 77 43 22 12 9 21 21 75 10 7 24 40 75 52 74 50 75 81 22 49
split_gain=0.0572972 0.0490071 0.0501177 0.0678531 0.0701207 0.133902 0.0878541 0.0486388 0.0167496 0.00545727 0.014072 0.00381737 0.00103067 0.00179288 6.63674e-07 4.72588e-07 2.34522e-07 9.97139e-08 4.36635e-08 2.84725e-08 1.26769e-08 9.77272e-09 4.81128e-09 2.84886e-09 2.30628e-09 2.26213e-09 1.18367e-09 5.53027e-10 2.23314e-10 3.29791e-11
threshold=1.2815190553665163 2.3103229999542241 2.134086132049561 1.9666920900344851 0.67321163415908825 1.1582130193710329 0.37741009891033178 2.034300804138184 1.8191947340965273 -0.66877204179763783 -0.68563711643218983 0.67228758335113536 -1.6589050292968748 0.57274243235588085 0.042399678379297263 0.93925926089286815 1.0399641394615176 0.36818204820156103 1.4976368546485903 0.50706855952739727 3.07142186164856 1.2730892896652224 2.1226571798324589 3.0828092098236088 3.6439321041107182 0.67573517560958873 1.4435054659843447 -0.48999169468879694 1.9788309931755068 0.52572280168533336
decision_type=2 2 2 2 2 2 2 2 2 2 2 2 2 2 2 2 2 2 2 2 2 2 2 2 2 2 2 2 2 2
left_child=9 2 3 4 6 -6 -2 11 -9 10 24 -5 13 -11 -4 17 19 20 22 -16 -3 26 23 -14 27 -24 -19 28 -1 -29
right_child=1 15 14 7 5 -7 -8 8 -10 12 -12 -13 18 -15 16 -17 -18 21 -20 -21 -22 -23 25 -25 -26 -27 -28 29 -30 -31
leaf_value=-0.050019597901623317 -0.014231328549430636 -0.050194888107206882 -0.050754315026459322 0.031982349950267233 -0.036280323228897453 0.036609038199833993 0.025697014632936228 0.041453548297151144 -0.050332798082621671 -0.050012619646232138 0.048766524562830843 0.048909765270382433 -0.050018328385366455 0.033766623920655957 -0.050065767289061015 -0.050553616855089689 -0.050448099276626981 -0.050043504650206683 -0.050195699699891197 -0.050234864584221078 -0.050293690843553951 -0.050134439102092955 -0.05003450233811696 -0.050054754886599065 -0.050078301868654064 -0.050112508631428201 -0.050078439804047109 -0.050000017889741982 -0.050042470338900628 -0.050010465938288222
leaf_weight=0.0029714038540269994 0.22562652348880186 0.0045237689326182327 0.014641153626143898 0.048216914422499466 0.25734554709867863 0.083437362314421448 0.35377875022377725 0.0065197934646667793 0.020914879396974638 0.0017047691600946806 0.0054859632703982341 0.10770099712536464 0.048710804025461227 0.0010210644489228602 0.0053472446969287449 0.010912623427755716 0.017461027485959568 0.0050962818763447158 0.0040596251477598008 0.0046578117408715425 0.011498165095852553 0.0081187706198752908 0.0015835077759743287 0.0060322490355292141 0.0017901432381869945 0.0022499075682024684 0.0046250405390683468 0.003082725760377659 0.001665219380097227 0.0010003790353000129
leaf_count=1144 2486 98 1 26 1594 462 972 9 70 1247 237 48 43341 426 30 6 10 191 350 16 23 34 276 528 126 18 28 12375 46 988
internal_value=-0.00172528 0.00104919 0.00305476 0.00509755 -0.000436786 -0.0184341 0.0101485 0.0328726 -0.02852 -0.0423211 -0.0161443 0.043675 -0.0487273 -0.0186299 -0.0504824 -0.0502675 -0.0503375 -0.0501753 -0.0500371 -0.0501445 -0.0502658 -0.0500939 -0.0500261 -0.0500223 -0.0500266 -0.0500803 -0.0500601 -0.050016 -0.0500278 -0.0500026
internal_weight=1.27178 1.19042 1.14565 1.10354 0.920188 0.340783 0.579405 0.183353 0.0274347 0.0813578 0.0159958 0.155918 0.0653619 0.00272583 0.0421072 0.0447747 0.0274661 0.033862 0.0626361 0.0100051 0.0160219 0.0178401 0.0585765 0.0547431 0.0105099 0.00383342 0.00972132 0.00871973 0.00463662 0.0040831
internal_count=67206 6104 5724 5667 5514 2056 3458 153 79 61102 14916 74 46186 1673 57 380 56 374 44513 46 121 253 44163 43869 14679 294 219 14553 1190 13363
is_linear=0
shrinkage=0.05


Tree=180
num_leaves=31
num_cat=0
split_feature=57 29 45 45 12 80 59 2 47 27 17 4 43 10 25 2 75 9 1 21 46 8 71 15 46 41 47 13 79 29
split_gain=0.0565405 0.0647681 0.089539 0.0597168 0.0975702 0.0916829 0.0879247 0.0777428 0.0226709 0.0201443 0.0188722 0.0156763 0.0128217 0.0116563 0.0106979 0.00896161 0.00880606 0.00512282 0.00474316 7.22056e-06 3.24501e-06 6.87563e-08 3.46762e-08 3.34555e-08 2.07576e-09 1.62437e-09 2.82529e-10 1.13613e-10 9.90792e-11 7.58224e-12
threshold=1.0020714402198794 1.0884163379669192 0.29188759624958044 0.66177266836166393 0.59287601709365856 -0.3091518878936767 2.6333833932876591 1.9163455963134768 -1.3460685610771177 -0.32914629578590388 -0.10878027603030203 1.912558972835541 -0.58505582809448231 -1.3482509255409239 0.75542160868644725 1.1145477890968325 3.7639402151107793 1.8895957469940188 1.3154537081718447 -1.107893645763397 1.115134656429291 2.4779268503189091 0.71371740102767955 1.9534866809844973 1.2669001817703249 0.56486806273460399 1.1154778599739077 0.60490116477012645 0.97664654254913341 0.49702371656894689
decision_type=2 2 2 2 2 2 2 2 2 2 2 2 2 2 2 2 2 2 2 2 2 2 2 2 2 2 2 2 2 2
left_child=13 8 11 4 7 6 -5 -4 22 12 -7 19 27 14 24 -14 17 21 -19 -3 -21 23 -2 -15 28 26 -11 -10 -1 -24
right_child=1 2 3 5 -6 10 -8 -9 9 25 -12 -13 15 16 -16 -17 -18 18 -20 20 -22 -23 29 -25 -26 -27 -28 -29 -30 -31
leaf_value=-0.050000363313097866 -0.050266726284228451 -0.046739805436164024 -0.0043342938316268771 -0.031524206606591797 -0.052645763103951339 0.047468703555225346 0.036635878771516896 0.039809220470194778 -0.05002726674654534 -0.05005653297812282 -0.050037594944037089 0.050013514505844583 -0.050050890591748415 -0.050015140427178334 0.050013392422417792 0.048695869589761021 0.049736110337584405 -0.050037445447874133 0.050002640365815788 -0.050190573217985035 -0.050932179920385047 -0.050239384388009289 -0.05003424793537016 -0.05008366043764223 -0.050079607498985962 -0.050007603810393181 -0.050082714083367008 -0.050045222723801887 -0.05001917749750491 -0.050028376231896959
leaf_weight=0.0016516947056606185 0.0052780220285057857 0.0014254541797125144 0.16439966122183369 0.31135146726520024 0.048250883651385967 0.067360536153864156 0.055792565714398279 0.25358832222634309 0.0016895727455380994 0.0027458263427354605 0.0053571299497077304 0.0040520732291042796 0.0023451658837875802 0.029862243805846719 0.0066798485902788245 0.11335850487346114 0.0024174609989822118 0.0022211085699688623 0.0025395525323155255 0.082215461637537346 0.017975652245597828 0.0054914488810642445 0.0010110501645188565 0.044155990920290072 0.0015873985985699335 0.0016062808631638718 0.0016494523330532473 0.0018406926862731439 0.0012141614403805919 0.0012051769946226241
leaf_count=6125 8 43 1490 3588 144 444 23 194 197 144 779 3 814 47232 16 594 38 463 15 2464 39 442 25 504 5 985 5 42 254 87
internal_value=-0.00168176 0.0014367 -0.0028714 0.00220809 0.0146757 -0.0110072 -0.0211663 0.022447 0.0342764 0.0393314 0.0402854 -0.0464277 0.0438304 -0.0381677 0.00999442 0.0466944 -0.044353 -0.0470521 0.00332847 -0.0502734 -0.0503236 -0.0500687 -0.050197 -0.050056 -0.0500337 -0.0500506 -0.0500664 -0.0500366 -0.0500083 -0.0500311
internal_weight=1.24232 1.1445 1.01177 0.906101 0.466239 0.439862 0.367144 0.417988 0.13273 0.125235 0.0727177 0.105669 0.119234 0.0978209 0.0111331 0.115704 0.0866878 0.0842703 0.00476066 0.101617 0.100191 0.0795097 0.00749425 0.0740182 0.00445325 0.00600156 0.00439528 0.00353027 0.00286586 0.00221623
internal_count=67206 12112 9211 6662 1828 4834 3611 1684 2901 2781 1223 2549 1647 55094 6400 1408 48694 48656 478 2546 2503 48178 120 47736 6384 1134 149 239 6379 112
is_linear=0
shrinkage=0.05


Tree=181
num_leaves=31
num_cat=0
split_feature=57 53 14 15 74 21 7 43 14 25 11 24 50 56 7 14 77 4 69 26 7 43 58 11 74 48 15 15 6 45
split_gain=0.0537911 0.0664796 0.0721177 0.0720126 0.145906 0.0990579 0.121002 0.0752021 0.0320169 0.0281719 0.017719 0.00874423 0.0167965 0.00910233 0.00615288 0.00353194 0.00829706 0.00203335 0.000274218 0.00015421 5.8649e-05 1.81045e-06 7.38411e-07 1.70607e-07 5.71434e-08 2.18841e-08 1.28161e-08 8.08621e-09 5.82781e-09 5.80717e-09
threshold=1.0020714402198794 1.151683568954468 0.73383766412734996 2.5422018766403203 0.4503640085458756 -0.61743792891502369 0.71825215220451366 0.33443009853363043 1.4330465793609621 1.2506288886070254 0.26107782125473028 1.0823164582252505 -0.0061153159476816646 0.48144243657588964 0.25364826619625097 0.78524994850158703 1.1984405517578127 1.6145588755607607 0.31391994655132299 -0.2623466402292251 0.40147674083709722 -1.3163675069808958 1.8148390650749209 0.20317943394184115 2.2518639564514165 0.69914978742599498 2.1854047775268559 1.9534866809844973 -0.34901441633701319 -0.7151409089565276
decision_type=2 2 2 2 2 2 2 2 2 2 2 2 2 2 2 2 2 2 2 2 2 2 2 2 2 2 2 2 2 2
left_child=11 9 19 5 14 7 -7 -4 -6 -2 15 17 13 -13 -5 18 -17 24 -11 21 23 -3 -23 -15 26 -26 -1 -14 -29 -28
right_child=1 2 3 4 8 6 -8 -9 -10 10 -12 12 27 20 -16 16 -18 -19 -20 -21 -22 22 -24 -25 25 -27 29 28 -30 -31
leaf_value=-0.050022996085964722 -0.050045271871667601 -0.050886058171494601 -0.044200012137856647 -0.020230644626764247 0.049703036827752414 -0.050922623510937459 0.0016093090531647536 0.042307188510623123 0.0034381519749955196 0.049994291085894975 -0.050194215986869795 -0.050016210714236911 -0.050005449774597616 0.04953757165648881 -0.050564530508447197 -0.050034546134110437 0.049714076510716167 0.0090775644215002286 0.044533925708581244 -0.034103094140977466 0.041073781046156922 -0.050160239876972629 -0.050534529416031405 0.050016370838815272 -0.050099955931669195 -0.050244732117216785 -0.050123903799781558 -0.050119946853969845 -0.050046736130514663 -0.050056669394689668
leaf_weight=0.036572111753876015 0.009016829437712523 0.017110930306728278 0.031398817153952319 0.025364465521032914 0.18388364797448561 0.19341189924946395 0.25302229082951033 0.12568562222319629 0.046941434535518439 0.071534050261744475 0.0050361206108675552 0.0030881530892779971 0.0027574222658658344 0.0029962926970475909 0.049035037707779755 0.0031416509460390624 0.0061967824562962903 0.0014884972050954034 0.03388397629684306 0.0014742358833361438 0.0025189717021188327 0.035545575686785513 0.020939843331495483 0.0049081086181104183 0.0056465269141541333 0.0048540794268774334 0.0047251058353076055 0.0096979116333933586 0.0037769636586630568 0.010026511962937999
leaf_count=50367 2285 2 223 12 107 4704 2561 493 17 42 91 554 2179 52 54 299 32 675 35 219 150 930 6 1 771 3 23 89 31 199
internal_value=-0.00164671 0.00140758 -0.00301482 0.000876069 0.020668 -0.00913356 -0.0211495 0.0250157 0.0402944 0.0351847 0.0416 -0.0381649 -0.0158032 0.0253799 -0.040223 0.0456284 0.0161565 -0.0486703 0.0482392 -0.0501147 0.0477176 -0.0504355 -0.050299 0.0498349 -0.0500606 -0.0501669 -0.0500389 -0.0500835 -0.0500994 -0.0500782
internal_weight=1.20568 1.11262 0.983814 0.908743 0.305225 0.603519 0.446434 0.157084 0.230825 0.128809 0.119793 0.0930567 0.0297438 0.0135115 0.0743995 0.114756 0.00933843 0.0633128 0.105418 0.0750706 0.0104234 0.0735963 0.0564854 0.0079044 0.0618243 0.0105006 0.0513237 0.0162323 0.0134749 0.0147516
internal_count=67206 12112 9328 8171 190 7981 7265 716 124 2784 499 55094 3056 757 66 408 331 52038 77 1157 203 938 936 53 51363 774 50589 2299 120 222
is_linear=0
shrinkage=0.05


Tree=182
num_leaves=30
num_cat=0
split_feature=8 7 50 39 43 46 12 36 1 56 15 54 49 40 80 63 12 7 3 11 53 24 21 47 50 15 0 50 10
split_gain=0.0513661 0.047236 0.05041 0.0593063 0.0927422 0.0651466 0.0677398 0.0628436 0.0489892 0.0278696 0.00287515 0.00246078 0.00196764 0.000404615 0.000351543 0.00212453 0.000136386 1.95957e-06 2.38422e-07 2.16772e-07 6.63927e-08 1.24173e-08 7.76657e-09 3.44108e-09 1.09982e-09 7.92764e-10 5.06837e-10 2.64356e-10 1.36232e-10
threshold=1.0000000180025095e-35 1.7952883839607241 0.011968091595917942 1.4445225000381472 -0.27285814285278315 0.12758882343769076 0.59287601709365856 0.74404090642929088 0.94919481873512279 0.48144243657588964 3.0476642847061162 0.67457720637321483 2.9149316549301152 0.97635427117347728 -1.4108999371528623 1.4152614474296572 0.59287601709365856 1.858643710613251 2.1541967391967778 -0.16074637323617932 1.7167405486106875 2.3647665977478032 1.7149172425270083 -0.16871429234743116 0.15450783818960193 2.0605258941650395 2.3301833868026738 -1.1294135451316831 1.0229658484458926
decision_type=2 2 2 2 2 2 2 2 2 2 2 2 2 2 2 2 2 2 2 2 2 2 2 2 2 2 2 2 2
left_child=10 2 9 4 8 19 -7 -6 -4 25 12 -11 14 -13 15 21 18 -3 -16 -5 23 -1 28 24 -19 27 -25 -2 -22
right_child=1 17 3 5 7 6 -8 -9 -10 11 -12 13 -14 -15 16 -17 -18 20 -20 -21 22 -23 -24 26 -26 -27 -28 -29 -30
leaf_value=-0.050015290953698291 -0.050026080559376768 -0.050808997528831147 -0.050113311110903794 -0.050283017245316655 0.0071986346039105524 0.018508010602628931 -0.041993540492730845 -0.049412925863189114 0.039881589865341599 -0.029049802195888243 0.034076857518344758 0.049581468681069489 0.015209160480958078 0.034806215269049791 -0.050036838757549419 0.028932994727827073 -0.032448265235143679 -0.050082356312687495 -0.050268687891425627 -0.050042377842213617 -0.050164616840685732 -0.050204222940749679 -0.050253001771142849 -0.05001062046285977 -0.050039422361029789 -0.050042755818507714 -0.050039035235558742 -0.050000749893835031 -0.050178516396959486
leaf_weight=0.00110739185364219 0.0013169662330514038 0.01696357296742285 0.018525400900926331 0.029841816038166033 0.067928699613211407 0.53153789358071846 0.050675634293290694 0.17612811731450301 0.082307694411517002 0.0010314964172666577 0.0011087579226381197 0.075316019916947197 0.0012389338889251178 0.0049372745819389876 0.037021609078255378 0.0010161950091616134 0.0011166244025590582 0.0051305272000716443 0.015829890609824995 0.013634401197936033 0.0035059791224164244 0.0040512769483029842 0.0050147510866906941 0.0044984461898311496 0.0021030723131028823 0.0019753308007924505 0.0024101801982862117 0.0047268880606663906 0.00354567850752138
leaf_count=490 626 410 1618 72 4061 1295 250 3894 876 1030 32 385 268 466 31851 101 4914 576 81 300 64 1 17 1202 268 25 24 12004 5
internal_value=-0.00162203 0.000876317 0.00296456 -0.000343088 -0.0169904 0.00883317 0.013242 -0.0336561 0.0233474 0.0389129 -0.0457216 0.0476862 -0.047163 0.0486725 -0.0484479 -0.0371468 -0.0497409 -0.0503903 -0.0501063 -0.0502076 -0.0501193 -0.0501637 -0.0502054 -0.0500458 -0.0500699 -0.0500153 -0.0500205 -0.0500063 -0.0501716
internal_weight=1.16555 1.10306 1.05988 0.97058 0.34489 0.62569 0.582214 0.244057 0.100833 0.089304 0.0624907 0.0812848 0.0613819 0.0802533 0.060143 0.00617486 0.0539681 0.0431722 0.0528515 0.0434762 0.0262086 0.00515867 0.0120664 0.0141422 0.0072336 0.00801919 0.00690863 0.00604385 0.00705166
internal_count=67206 29468 26902 12366 10449 1917 1545 7955 2494 14536 37738 1881 37706 851 37438 592 36846 2566 31932 372 2156 491 86 2070 844 12655 1226 12630 69
is_linear=0
shrinkage=0.05


Tree=183
num_leaves=28
num_cat=0
split_feature=15 34 34 31 48 21 33 77 77 22 6 49 22 37 15 48 10 65 25 33 52 46 74 79 53 60 59
split_gain=0.0496304 0.0460675 0.0543283 0.0545292 0.0765056 0.0707409 0.0302835 0.00445526 0.0115426 0.00107768 0.00156079 0.000681941 0.00147248 0.000106119 1.46991e-07 3.8728e-08 2.48522e-08 1.31348e-08 2.87994e-09 2.49667e-09 1.60917e-09 1.28056e-09 1.26651e-09 3.70502e-10 1.63134e-10 8.95477e-11 4.28381e-11
threshold=1.2815190553665163 2.1521906852722172 2.0723766088485722 2.8055191040039067 2.6616942882537846 -0.46907122433185572 2.3192983865737919 -0.66877204179763783 -0.68563711643218983 -1.6589050292968748 -0.30369396507740015 1.6160787343978884 -0.37499819695949549 1.1622993350028994 2.6849206686019902 2.557450652122498 1.4976368546485903 1.8378878831863406 1.8525618910789492 1.2285957932472231 3.0828092098236088 -0.41534733772277826 3.6439321041107182 0.94086700677871715 2.2453420162200932 -0.68607011437416066 1.1493322849273684
decision_type=2 2 2 2 2 2 2 2 2 2 2 2 2 2 2 2 2 2 2 2 2 2 2 2 2 2 2
left_child=7 2 3 4 5 -2 -6 8 22 10 -9 12 -3 -4 15 21 18 -17 20 -20 -11 -13 23 26 -14 -25 -1
right_child=1 11 13 -5 6 -7 -8 9 -10 16 -12 14 24 -15 -16 17 -18 -19 19 -21 -22 -23 -24 25 -26 -27 -28
leaf_value=-0.050000102256226787 0.026757341919196199 0.023802194990025689 0.050074393297716402 0.049909106399474455 -0.046307661487133604 -0.0063518442550543844 0.050029178627239969 -0.050010513274824364 0.04862916757239033 -0.050016244965470982 0.031744210526137948 -0.050099350381417843 -0.050024356073376179 0.045546129479934756 -0.050365390146669409 -0.050243973085925132 -0.050163063109815324 -0.050163870280818701 -0.05008504091135163 -0.050018344845695221 -0.050051750357522254 -0.05005176553411364 -0.050064089320942862 -0.05003267655231574 -0.0500525345776359 -0.050015482259310476 -0.05001203412552329
leaf_weight=0.0030357031632556718 0.22657915529297756 0.0010053852217068483 0.04327119357774345 0.052434296516769896 0.11323334718297841 0.56021583856847967 0.0087908965392484578 0.0013944245463856965 0.0045055236644804065 0.041528550575232359 0.0010042246492344921 0.001979111460968846 0.0010064529124951911 0.018456603854827502 0.014272128926596857 0.0097844819159030247 0.0033897422884656891 0.010729466582809787 0.0032895471480156148 0.0024468075780537616 0.0034568289804780957 0.0049501364075610604 0.001466045728454427 0.0019208082054299593 0.0010489319063392566 0.0012500088761556092 0.0010000399718987901
leaf_count=13809 1064 23 10 13 423 4172 8 1119 237 43099 554 4 117 89 15 26 350 29 64 521 479 98 126 107 13 296 341
internal_value=-0.00159088 0.00107734 0.00325014 0.000330226 -0.00253023 0.00318285 -0.0393673 -0.0424732 -0.0162936 -0.0485782 -0.0157829 -0.0485638 -0.0257839 0.0487204 -0.0502352 -0.0501676 -0.050032 -0.0502021 -0.0500232 -0.0500566 -0.050019 -0.0500654 -0.0500217 -0.0500131 -0.0500387 -0.0500259 -0.0500031
internal_weight=1.13745 1.06776 1.02298 0.961254 0.908819 0.786795 0.122024 0.0696883 0.0131781 0.0565101 0.00239865 0.0447761 0.00306077 0.0617278 0.0417153 0.0274432 0.0541115 0.0205139 0.0507217 0.00573635 0.0449854 0.00692925 0.00867261 0.00720656 0.00205538 0.00317082 0.00403574
internal_count=67206 6104 5779 5680 5667 5236 431 61102 14916 46186 1673 325 153 99 172 157 44513 55 44163 585 43578 102 14679 14553 130 403 14150
is_linear=0
shrinkage=0.05


Tree=184
num_leaves=31
num_cat=0
split_feature=57 29 45 45 12 80 46 59 74 22 17 43 27 41 59 24 22 45 43 47 29 21 44 62 49 15 13 15 43 0
split_gain=0.048697 0.056358 0.0774102 0.0669178 0.0940965 0.0811448 0.0762554 0.0742701 0.0516809 0.0280606 0.0165842 0.0146991 0.0138061 0.00749106 0.0119485 0.0124561 0.0019978 0.000564934 0.000418717 0.00013996 1.0678e-05 6.08368e-06 3.90902e-08 3.14098e-08 1.64427e-08 9.79049e-09 8.73534e-09 3.91355e-09 1.5776e-09 1.57153e-09
threshold=1.0020714402198794 1.0884163379669192 0.37741009891033178 0.66177266836166393 0.59287601709365856 -0.3091518878936767 -0.088303044438362108 2.6333833932876591 2.1699775457382207 -0.054021480522351333 -0.10878027603030203 -0.58505582809448231 -0.32914629578590388 0.68319612741470348 0.66471418738365184 0.82582664489746105 -1.979881703853607 1.0231057405471804 -0.55511879920959462 1.3270170092582705 0.91099846363067638 -1.107893645763397 -1.9558868408203123 1.6879353523254397 0.82570362091064464 1.9891663789749148 0.50325195491313945 1.9891663789749148 0.084244441241025939 2.1527830362319951
decision_type=2 2 2 2 2 2 2 2 2 2 2 2 2 2 2 2 2 2 2 2 2 2 2 2 2 2 2 2 2 2
left_child=13 9 8 4 6 7 -4 -5 16 11 -7 -2 17 22 15 -15 -3 -13 20 26 -17 -18 -1 -11 27 -26 29 -24 -29 -16
right_child=1 2 3 5 -6 10 -8 -9 -10 23 -12 12 -14 14 19 18 21 -19 -20 -21 -22 -23 24 -25 25 -27 -28 28 -30 -31
leaf_value=-0.050196393551028722 -0.050030102266518162 0.018654936084188251 -0.050278170389268545 -0.030542367728379691 -0.052272913640462638 0.047252376808221391 0.034296245965785073 0.035757869571366063 0.0436255076058083 -0.050042069481806652 -0.050032613724295044 0.049466229234514547 -0.050046874452220481 -0.050022056333017928 -0.050081537056064197 0.045959750092074127 -0.047263338534546173 0.033480841888458478 0.021466766987203553 -0.031076429991123269 0.05000246493135882 -0.050340433019241272 -0.050010210572446805 -0.050227797362891062 -0.050033379060005212 -0.050130130438794378 -0.050020238974540866 -0.050012508034644888 -0.050050376161979229 -0.050128468616184529
leaf_weight=0.0048911737884143247 0.0042345865084948827 0.0010600988802098024 0.02915876909739118 0.287820275837743 0.042046509766851869 0.060308897653307353 0.31003993781939626 0.049505329331950065 0.0169979940163969 0.0045769945569706649 0.0047238303739832446 0.09385435881435289 0.0036834829304601404 0.0052885091006300367 0.0059025498543322282 0.0021974717806543254 0.0016291710512045107 0.0058728709427795641 0.0016514795099911933 0.0010357786018842996 0.006362822455476369 0.11438776689042703 0.014157923815661139 0.0045289059292841216 0.0038813522659951584 0.0080125759713464313 0.0070093449482629923 0.0032696644282956466 0.017317002915184253 0.0025562350638210773
leaf_count=3056 320 39 318 3588 126 444 1088 23 52 1334 779 480 467 6467 760 178 47 279 476 331 18 2707 37791 21 3393 189 2181 94 159 1
internal_value=-0.00153985 0.00142559 -0.00273719 0.0032697 0.0182803 -0.0109532 0.0270259 -0.0208123 -0.0378445 0.0341455 0.0401858 0.0412749 0.0450137 -0.0382618 -0.0192626 0.0122618 -0.0496729 0.0485249 0.0445176 -0.04887 0.0489647 -0.0502972 -0.0500619 -0.0501344 -0.0500478 -0.0500986 -0.0500615 -0.0500304 -0.0500444 -0.0500957
internal_weight=1.11796 1.03443 0.917679 0.783604 0.381245 0.402358 0.339199 0.337326 0.134075 0.116751 0.0650327 0.107645 0.103411 0.0835339 0.0320042 0.0155003 0.117077 0.0997272 0.0102118 0.0165039 0.00856029 0.116017 0.0515297 0.0091059 0.0466385 0.0118939 0.0154681 0.0347446 0.0205867 0.00845878
internal_count=67206 12112 9211 6366 1532 4834 1406 3611 2845 2901 1223 1546 1226 55094 10412 7139 2793 759 672 3273 196 2754 44682 1355 41626 3582 2942 38044 253 761
is_linear=0
shrinkage=0.05


Tree=185
num_leaves=31
num_cat=0
split_feature=57 53 14 15 74 8 9 14 25 11 10 25 75 7 9 0 14 45 14 69 26 43 52 8 15 36 8 76 16 75
split_gain=0.0462525 0.0576473 0.0624897 0.0644225 0.128336 0.0930306 0.0625331 0.0289174 0.0249748 0.0151787 0.0095534 0.00846338 0.00735749 0.00639319 0.00398886 0.00388585 0.00295574 0.00718952 0.00111486 0.000273965 0.000176884 1.14058e-06 4.50828e-07 3.62263e-08 1.95658e-08 1.6375e-09 9.35492e-10 2.35208e-10 1.53948e-10 9.11334e-11
threshold=1.0020714402198794 1.151683568954468 0.73383766412734996 2.5422018766403203 0.4503640085458756 0.3385454416275025 1.8288326859474184 1.4330465793609621 1.2506288886070254 0.26107782125473028 -1.3482509255409239 0.75542160868644725 3.7639402151107793 0.25364826619625097 1.8895957469940188 1.8571147918701174 0.78524994850158703 1.0124155879020693 0.74412035942077648 0.31391994655132299 -0.2623466402292251 -1.3163675069808958 2.0457520484924321 2.4779268503189091 1.9534866809844973 0.20246056467294696 2.5179687738418584 2.2662527561187749 0.41289371252059942 -3.2539601325988765
decision_type=2 2 2 2 2 2 2 2 2 2 2 2 2 2 2 2 2 2 2 2 2 2 2 2 2 2 2 2 2 2
left_child=10 8 20 5 13 18 -7 -6 25 16 11 26 14 -5 23 -16 19 -18 -4 -10 21 -3 -23 24 -12 28 -1 29 -2 -27
right_child=1 2 3 4 7 6 -8 -9 9 -11 12 -13 -14 -15 15 -17 17 -19 -20 -21 -22 22 -24 -25 -26 27 -28 -29 -30 -31
leaf_value=-0.050006550701003252 -0.050069976788880435 -0.050756265415559755 -0.0030191243947405295 -0.018453190404854145 0.049618264657734494 -0.0061963607585812765 0.049013256665497662 0.0031716984309633402 0.049972774274255616 -0.050165748226862455 -0.050011777263754366 0.050010139637696273 0.04972055256146897 -0.050508661210605432 -0.050031559041109688 0.050002107010104185 -0.050029388912711303 0.049686149362861004 -0.050823185371912431 0.044169719651370287 -0.032266109139512625 -0.050138060979639278 -0.050451740011231122 -0.050194656205243354 -0.05007007255674964 -0.050020549565945885 -0.050060401932939348 -0.05003467051470957 -0.0500483273028305 -0.05000161262967278
leaf_weight=0.0022127325325732965 0.0027943130731107966 0.014679376562469315 0.0012335422368009849 0.024173379939405472 0.16493674490268162 0.38165007098015763 0.059251094910737545 0.042056272344159012 0.062056609223599846 0.0043228432890884952 0.023717639039658844 0.0053835219847910738 0.0020196299172927498 0.043624900079923472 0.0018638710760259932 0.0020261303551274423 0.0027019192742896297 0.0054615663480266363 0.10818836462752436 0.03025422961927253 0.0013784371264858311 0.03098630535862118 0.018172286808315397 0.0044711951076949882 0.036613598287517798 0.0010861434895514551 0.0012689699311820846 0.0014334018565467892 0.0011628661528968465 0.0015306874131548111
leaf_count=6216 12 2 41 12 107 3744 43 17 42 91 47232 16 38 54 463 15 296 35 4153 35 219 825 111 442 504 84 168 19 83 2087
internal_value=-0.00151414 0.00139655 -0.0028699 0.000854184 0.0206257 -0.00901826 0.00122306 0.0401814 0.0350703 0.0415736 -0.0382057 0.0107222 -0.0443398 -0.0390793 -0.0471053 0.00207157 0.0455206 0.0166827 -0.0502843 0.0480709 -0.0499869 -0.0503695 -0.050254 -0.0500573 -0.0500472 -0.0500407 -0.0500262 -0.0500184 -0.0500636 -0.0500095
internal_weight=1.08271 1.00314 0.890331 0.825114 0.274791 0.550323 0.440901 0.206993 0.112805 0.104797 0.0795773 0.00886522 0.0707121 0.0677983 0.0686924 0.00389 0.100474 0.00816349 0.109422 0.0923108 0.0652164 0.063838 0.0491586 0.0648024 0.0603312 0.00800741 0.0034817 0.00405023 0.00395718 0.00261683
internal_count=67206 12112 9328 8171 190 7981 3787 124 2784 499 55094 6400 48694 66 48656 478 408 331 4194 77 1157 938 936 48178 47736 2285 6384 2190 95 2171
is_linear=0
shrinkage=0.05


Tree=186
num_leaves=23
num_cat=0
split_feature=61 34 34 77 29 33 44 39 9 75 14 61 36 15 74 14 64 79 12 51 9 49
split_gain=0.044661 0.0453664 0.0502513 0.0530492 0.0665268 0.0838927 0.0590561 0.0736635 0.0435101 0.0073867 0.00130848 0.000431177 0.000215471 1.7329e-07 1.13389e-07 4.75076e-08 2.65149e-08 1.34098e-08 9.74891e-09 6.52514e-09 2.31732e-09 1.61558e-09
threshold=0.47765290737152105 2.1521906852722172 2.0723766088485722 0.70453244447708141 2.3894801139831547 1.542125999927521 0.94172155857086193 1.4689593911170962 1.7316118478775027 3.7639402151107793 1.0046099424362185 2.0887840986251835 1.2989227771759035 2.6849206686019902 4.3809094429016122 1.8597697615623476 0.73392680287361156 1.0280530452728274 -1.7381611466407774 0.6991814672946931 1.1239815950393679 2.9149316549301152
decision_type=2 2 2 2 2 2 2 2 2 2 2 2 2 2 2 2 2 2 2 2 2 2
left_child=9 2 3 4 5 -2 8 -8 -5 14 -3 -6 -4 15 16 21 18 -17 19 -1 -20 -12
right_child=1 10 12 6 11 -7 7 -9 -10 -11 13 -13 -14 -15 -16 17 -18 -19 20 -21 -22 -23
leaf_value=-0.050120063879076499 0.023365826653497016 -0.00051253936658598998 0.050057349787876217 -0.048296625239679564 0.043346639451907872 -0.019310028479580119 -0.039418901566955461 0.026638102999019853 0.033201513765936018 0.04985641829264522 -0.050037386958891962 0.05007121585166046 0.043408845147492672 -0.050347883435436704 -0.050291257964539073 -0.05020856704675624 -0.0501684368033017 -0.050118245780772556 -0.050013444538571927 -0.050046631090852958 -0.050042413651859199 -0.050088690957560612
leaf_weight=0.0055407731024688855 0.22758971108322656 0.0013673237251289666 0.041143357176732606 0.13437947311061516 0.04140866667676435 0.23311420810759798 0.064831105060081176 0.12092344626879799 0.018649906167857583 0.001919072472822996 0.0086544865259170489 0.056177506223320961 0.017315256561765316 0.013534873652966448 0.0057732429395986875 0.012659699359954485 0.0046813134582024121 0.006084485674540817 0.015436673452568453 0.0066631181656895801 0.012487855719025481 0.0018652060488443785
leaf_count=2084 13124 111 24 3869 60 1524 4963 1359 56 28 391 3 203 14 56 38 1078 36 33703 1079 3363 40
internal_value=-0.00147954 0.000881145 0.00317109 0.00024403 0.00971571 0.00177203 -0.0153646 0.00358322 -0.0383643 -0.0464297 -0.0486617 0.0472178 0.0480881 -0.0501999 -0.0500827 -0.0501315 -0.0500558 -0.0501792 -0.0500427 -0.05008 -0.0500264 -0.0500465
internal_weight=1.0522 0.999699 0.955533 0.897074 0.55829 0.460704 0.338784 0.185755 0.153029 0.052502 0.0441661 0.0975862 0.0584586 0.0427988 0.050583 0.0292639 0.0448097 0.0187442 0.0401284 0.0122039 0.0279245 0.0105197
internal_count=67206 25815 25185 24958 14711 14648 10247 6322 3925 41391 630 63 227 519 41363 505 41307 74 40229 3163 37066 431
is_linear=0
shrinkage=0.05


Tree=187
num_leaves=31
num_cat=0
split_feature=27 21 48 74 6 62 17 12 46 41 43 9 7 48 18 32 22 20 27 56 20 1 15 24 44 3 62 3 21 67
split_gain=0.0442583 0.0455997 0.0778755 0.0562351 0.044583 0.0431425 0.0428533 0.0466212 0.0288774 0.0225884 0.00568214 0.00565046 0.00543337 0.00932523 0.00348432 0.00365772 0.00123806 0.000176517 3.4201e-06 1.46761e-06 9.75588e-07 8.86636e-07 2.0253e-07 1.73421e-07 1.06443e-07 5.983e-08 2.721e-08 2.67573e-08 2.17088e-08 6.39805e-09
threshold=-0.21150691062211988 -0.61743792891502369 2.6616942882537846 -0.36849959194660181 -0.24704338610172269 0.77981287240982067 0.17557201534509662 0.59287601709365856 -1.0523357987403867 1.8335387110710146 0.54184880852699291 1.5979331731796267 0.10581958666443826 2.557450652122498 2.1088237762451176 0.10125654190778734 -1.2309361100196836 1.0245491266250613 -0.55105695128440846 2.0541971921920781 -1.5320286750793455 1.428148686885834 2.5422018766403203 1.7889726758003237 0.83052170276641857 2.1541967391967778 0.72957074642181408 2.2764565944671635 -0.77656701207160939 0.51099336147308361
decision_type=2 2 2 2 2 2 2 2 2 2 2 2 2 2 2 2 2 2 2 2 2 2 2 2 2 2 2 2 2 2
left_child=1 2 5 16 6 26 7 -5 -8 14 -4 -11 13 -7 19 -16 -3 -14 -6 23 -18 25 -22 29 -20 -12 -1 -21 -25 -2
right_child=9 3 10 4 18 12 8 -9 -10 11 21 -13 17 -15 15 -17 20 -19 24 27 22 -23 -24 28 -26 -27 -28 -29 -30 -31
leaf_value=-0.050034416497100477 -0.050014559629260102 0.0056180768071763575 0.031743329342143529 0.011749663262890207 -0.051088406827728999 -0.050039406355332855 0.034984555890588381 -0.040275088898140354 -0.050162153286162317 -0.050022074825297906 -0.050094490828295035 0.050009765993739221 0.044037413812765318 0.050002473291337696 0.050004830186127891 -0.05002858058725973 -0.05064621175041966 0.049566164666279916 -0.050030626717820215 -0.050559046478298279 -0.050101870117297997 -0.050767477309639132 -0.050354878267904107 -0.050291656289218702 -0.050266768633080154 -0.050299840009503494 -0.050193498021331245 -0.050665211108935716 -0.050155563459796271 -0.050065355520026972
leaf_weight=0.0087727627619434406 0.010326409745348736 0.0010077227270772543 0.0022495316631883774 0.54127115483448351 0.020874963356015241 0.0038707991591821374 0.012176879239158007 0.046785112624188274 0.054641026231897143 0.0017027350669897067 0.0050655883616664696 0.0082598746346471512 0.016469944650843615 0.0058493671559555309 0.001823047827874901 0.0018322509722729086 0.012624726220430212 0.11694990069107764 0.0080135992635193901 0.010951210768748713 0.038985417508525765 0.014888920821249485 0.0099229368082844258 0.011486809821827062 0.011797750645807924 0.011832865420728922 0.0038754425170604038 0.012957165949046612 0.003933741014661628 0.015510127441130499
leaf_count=11624 22548 237 59 10774 60 211 611 1708 5587 122 219 10 68 4 7 85 52 109 2197 45 8049 2 19 8 505 2 33 1 241 2009
internal_value=-0.00144469 0.00154808 0.0234635 -0.00393945 0.000143973 0.0384328 0.00329921 0.00761063 -0.034645 -0.0374539 -0.0450515 0.0329131 0.0462543 0.0101634 -0.0476403 -0.000137805 -0.0493541 0.0488837 -0.0506418 -0.0503049 -0.0502544 -0.0504862 -0.0501532 -0.0501242 -0.0501713 -0.0502383 -0.0500832 -0.0506166 -0.0502569 -0.0500451
internal_weight=1.02671 0.947926 0.189825 0.758101 0.69556 0.155788 0.654874 0.588056 0.0668179 0.0787834 0.0340369 0.00996261 0.14314 0.00972017 0.0688208 0.0036553 0.0625408 0.13342 0.0406863 0.0651655 0.0615331 0.0317874 0.0489084 0.0412571 0.0198113 0.0168985 0.0126482 0.0239084 0.0154206 0.0258365
internal_count=67206 42130 12331 29799 21442 12049 18680 12482 6198 25076 282 132 392 215 24944 92 8357 177 2762 24852 8120 223 8068 24806 2702 221 11657 46 249 24557
is_linear=0
shrinkage=0.05


Tree=188
num_leaves=29
num_cat=0
split_feature=15 34 34 31 48 21 33 44 39 40 13 37 12 15 44 25 64 33 7 52 76 20 76 2 0 79 47 23
split_gain=0.0426006 0.0397148 0.0471421 0.046605 0.0646679 0.0554755 0.0262846 0.00506926 0.00952288 0.000749924 0.000949497 0.000145165 8.7153e-05 1.16566e-07 3.73807e-08 1.15359e-08 5.89507e-09 5.15155e-09 1.45122e-09 9.78871e-10 7.57326e-10 5.65565e-10 4.37529e-10 2.52086e-10 2.51861e-10 1.28296e-10 4.73741e-11 9.18603e-12
threshold=1.2815190553665163 2.1521906852722172 2.0723766088485722 2.8055191040039067 2.6616942882537846 -0.46907122433185572 2.3192983865737919 -0.51242896914482106 0.70775479078292858 1.6882742643356325 0.29781375452876097 1.1622993350028994 0.60923457145690929 2.6849206686019902 0.80272176861763012 1.8525618910789492 1.3113967180252077 2.4523111581802373 -0.63332292437553395 3.0828092098236088 -2.5534418821334834 2.3237465620040898 1.1686985492706301 2.3780444860458378 -0.61467182636260975 0.41499267518520361 -0.30332992970943445 0.35246671736240393
decision_type=2 2 2 2 2 2 2 2 2 2 2 2 2 2 2 2 2 2 2 2 2 2 2 2 2 2 2 2
left_child=7 2 3 4 5 -2 -6 8 21 10 -3 -4 15 14 17 19 18 -11 -17 22 -18 25 -9 -16 -21 27 -27 -1
right_child=1 9 11 -5 6 -7 -8 12 -10 13 -12 -13 -14 -15 23 16 20 -19 -20 24 -22 -23 -24 -25 -26 26 -28 -29
leaf_value=-0.050000010521134265 0.025714521191446113 -0.050037299342470989 0.050065853261049488 0.049867097008595838 -0.04565836401127852 -0.0056312719038280916 0.05002564670050224 -0.050011099478576237 0.043510268911442232 -0.050153173858208513 0.014829550222203539 0.044365995952300896 -0.038511796609477011 -0.050328624314329828 -0.050019832260395893 -0.050142209740677346 -0.050063956855840086 -0.050207980324307157 -0.050084085096563494 -0.05006176253988065 -0.050015366279113564 -0.050046201907110635 -0.050023530357855041 -0.050043926621194015 -0.050032156059830774 -0.050025206367712974 -0.050011428216255926 -0.050005899305179007
leaf_weight=0.0019591594531036178 0.19615052108241859 0.001244097930705445 0.038678977942582474 0.045098256718037799 0.098593889046385275 0.50339655943111394 0.0077408436513581305 0.025537956891611289 0.0045507925976311578 0.0089296578529444795 0.0010321943098778774 0.015706606400025178 0.0017032559067903094 0.012684151066718344 0.0013762773941051638 0.002829713656988711 0.0012758807279169555 0.0082477983087301254 0.0017306432429781875 0.0012322439579293132 0.002158570990212261 0.0012611292583031286 0.0097929066666775193 0.005139382687178849 0.0017224197706710428 0.0010874388198271118 0.0014635140766669681 0.0010004012769229379
leaf_count=12468 1064 12 10 13 423 4172 8 36896 368 50 134 89 4040 7 53 33 1 10 147 1 429 122 2627 59 503 416 1353 1698
internal_value=-0.0014132 0.00116915 0.00328819 0.000403861 -0.00236417 0.00315798 -0.0386929 -0.0425185 -0.0124253 -0.0484642 -0.0206232 0.0484197 -0.0496195 -0.0502063 -0.0501408 -0.0500283 -0.0500829 -0.0501795 -0.0501202 -0.0500169 -0.0500334 -0.050016 -0.0500145 -0.0500388 -0.0500445 -0.0500091 -0.0500173 -0.050002
internal_weight=1.00333 0.944019 0.905366 0.85098 0.805882 0.699547 0.106335 0.059306 0.0113224 0.0386536 0.00227629 0.0543856 0.0479836 0.0363773 0.0236931 0.0462803 0.00799481 0.0171775 0.00456036 0.0382855 0.00343445 0.00677164 0.0353309 0.00651566 0.00295466 0.00551051 0.00255095 0.00295956
internal_count=67206 6104 5779 5680 5667 5236 431 61102 16425 325 146 99 44677 179 172 40637 610 60 180 40027 430 16057 39523 112 504 15935 1769 14166
is_linear=0
shrinkage=0.05


Tree=189
num_leaves=31
num_cat=0
split_feature=65 14 25 39 7 12 2 43 14 66 21 19 8 75 75 36 15 39 14 20 77 8 46 3 53 74 15 20 10 80
split_gain=0.0405845 0.0415174 0.06532 0.0553097 0.048871 0.0489017 0.0491371 0.0535972 0.0469494 0.0402808 0.0317703 0.0237661 0.0229672 0.00671114 0.000318983 5.1482e-06 2.85197e-06 1.75187e-06 1.10583e-06 6.29471e-07 4.94662e-07 1.52347e-07 8.44957e-08 4.51617e-08 4.29268e-08 1.10802e-08 5.04876e-09 4.46702e-09 3.36137e-09 1.84567e-09
threshold=0.5153871774673463 1.3233668804168703 2.3200205564498906 1.9674687385559084 1.7952883839607241 0.59287601709365856 1.8821455836296084 0.41568678617477423 2.0020104646682744 1.4383114576339724 -1.3792586326599119 1.073198735713959 0.45867127180099493 3.7639402151107793 1.2737175822257998 2.1122438907623295 2.0605258941650395 2.1531879901885991 0.44935575127601629 -1.5320286750793455 1.4586456418037417 0.54447513818740856 -0.48588630557060236 1.2250207066535952 1.7167405486106875 1.7605457305908205 1.7691415548324587 2.0576754808425908 -0.3155208528041839 -1.4108999371528623
decision_type=2 2 2 2 2 2 2 2 2 2 2 2 2 2 2 2 2 2 2 2 2 2 2 2 2 2 2 2 2 2
left_child=13 4 10 8 5 6 7 -2 12 -8 -3 15 -4 23 -13 -7 22 -18 -6 -5 -10 -21 -12 26 29 27 -1 -25 -28 -20
right_child=1 2 3 19 18 11 9 -9 20 -11 16 14 -14 -15 -16 -17 17 -19 24 21 -22 -23 -24 25 -26 -27 28 -29 -30 -31
leaf_value=-0.050015741482705968 0.025587411874373661 0.049867828551506843 -0.0040197767417231595 -0.05061154179717639 -0.050708776351008115 -0.05002708686267672 -0.050129204487751225 -0.012901659174504932 -0.050169693924396103 0.047743935653166127 -0.05022869609928865 0.023393723135537614 0.036747024497494604 0.049732599238587138 0.049863334373236416 -0.05193164315341995 -0.050467222041749429 -0.051029005250771642 -0.050066514573557153 -0.049988648800898351 -0.050620384172267489 -0.050249389140472556 -0.050068458439741316 -0.050017765038176891 -0.050188976172317046 -0.050190014107044129 -0.050089116411633466 -0.050127338365344477 -0.05004348015488163 -0.050019149968531511
leaf_weight=0.013155079027586305 0.18496246190629995 0.0085121180988089185 0.050115464841260171 0.011937018483877182 0.013807896596972593 0.0039383456394007773 0.011351242380905346 0.17701086974748614 0.01224844535049513 0.14229400603745501 0.011137287167922838 0.0013959791559437756 0.11122843130060245 0.0017486953572150429 0.0061633128178533317 0.03581731834464108 0.04662158831260485 0.01975850947201252 0.0034311348352366036 0.0076847003550183568 0.012105400674045086 0.020672756387351422 0.031484726789034995 0.0014696146504303287 0.010491900030932477 0.0075500148886179508 0.0054275613981227154 0.0025338530540466309 0.015725631128176265 0.0051347783939865487
leaf_count=41676 6572 31 59 1 31 1882 280 8573 72 458 302 419 66 41 40 9 75 4 48 69 1 32 4661 252 22 29 58 1 740 702
internal_value=-0.00136697 0.000915776 -0.0129283 0.00279429 0.00889754 0.0123576 0.0168218 0.00676563 0.0143167 0.0405131 -0.0431645 -0.0362908 0.0240843 -0.0464032 0.0449752 -0.051743 -0.0504295 -0.0506344 -0.050368 -0.0503069 -0.0503937 -0.0501787 -0.0501103 -0.0500689 -0.0501212 -0.0501544 -0.0500401 -0.0500871 -0.0500552 -0.0500381
internal_weight=0.986916 0.939306 0.343506 0.225992 0.595799 0.562934 0.515619 0.361973 0.185698 0.153645 0.117514 0.047315 0.161344 0.0476104 0.00755929 0.0397557 0.109002 0.0663801 0.0328657 0.0402945 0.0243538 0.0283575 0.042622 0.0458618 0.0190578 0.0115535 0.0343083 0.00400347 0.0211532 0.00856591
internal_count=67206 24409 5373 300 19036 18233 15883 15145 198 738 5073 2350 125 42797 459 1891 5042 79 803 102 73 101 4963 42756 772 282 42474 253 798 750
is_linear=0
shrinkage=0.05


Tree=190
num_leaves=26
num_cat=0
split_feature=27 34 34 77 29 73 59 79 74 41 21 18 32 60 5 36 58 15 3 24 43 0 21 49 46
split_gain=0.0412292 0.0402307 0.0413334 0.0426783 0.0565382 0.0683956 0.0515261 0.0474045 0.0239976 0.0205069 0.00506515 0.00319064 0.00330954 0.00117012 0.000322885 0.000263768 1.05295e-06 1.06537e-07 1.02312e-07 7.04558e-08 6.13226e-08 2.96981e-08 8.62612e-09 6.06148e-09 1.80083e-09
threshold=-0.21150691062211988 2.1521906852722172 2.0723766088485722 0.70453244447708141 2.3894801139831547 1.8154943585395815 2.3802895545959477 1.4141325950622561 0.69602304697036754 1.8335387110710146 -0.66586852073669422 2.1088237762451176 0.10125654190778734 1.6760757565498354 1.6354408860206606 1.2989227771759035 1.9707153439521792 2.6849206686019902 2.2764565944671635 1.7889726758003237 1.022975027561188 2.5504565238952641 -1.107893645763397 0.82570362091064464 -0.76376715302467335
decision_type=2 2 2 2 2 2 2 2 2 2 2 2 2 2 2 2 2 2 2 2 2 2 2 2 2
left_child=1 2 3 4 5 -1 7 -5 -8 11 -11 16 -13 -3 -6 -4 19 21 20 23 -18 24 -21 -2 -15
right_child=9 13 15 6 14 -7 8 -9 -10 10 -12 12 -14 17 -16 -17 18 -19 -20 22 -22 -23 -24 -25 -26
leaf_value=0.013785045048431267 -0.050012202823058995 -0.0021459529347707244 0.05004580526307998 -0.02955432985949738 0.043725143092658278 -0.034154341844388793 -0.050064947914136008 0.048551666357335641 0.047308512082533727 0.05000370058183045 -0.050019670769822146 0.050004226595681378 -0.05002572041997564 -0.050086436901759616 0.049967910270010532 0.042209064835686434 -0.050304154911234168 -0.050297087598214107 -0.050616885691349894 -0.050251067923060472 -0.05050286330144154 -0.050153514819679758 -0.05015078307927176 -0.050063884083806069 -0.050029599467144387
leaf_weight=0.31479260350335281 0.010125647173748361 0.0013134263944061799 0.035255522709793076 0.23008759036928508 0.036097749993281303 0.097429333978818866 0.0074405325140062253 0.02121776564975078 0.042294736815085443 0.0074650935142428279 0.0015241051345398285 0.0016593500102617389 0.0016482436211048279 0.0017249454996744688 0.048597229844709489 0.015439275445479926 0.0064054927351997462 0.011488726998762182 0.01203885767608881 0.0049776117302826606 0.0098580345511436462 0.016494904187752797 0.0037671306223197205 0.012903503174361008 0.007255456388761827
leaf_count=23441 23230 172 24 15665 46 1814 122 175 15 10 122 7 85 9 8 197 75 14 1 5 1 34 240 1300 394
internal_value=-0.00134229 0.00161871 0.00388028 0.00109898 0.0100992 0.00245449 -0.0137574 -0.0229598 0.0327412 -0.0376293 0.0330449 -0.0476524 0.000157196 -0.0485228 0.0473072 0.0476591 -0.0502846 -0.0501707 -0.0505064 -0.050087 -0.0504246 -0.0501137 -0.0502079 -0.0500412 -0.0500405
internal_weight=0.959303 0.88693 0.848652 0.797958 0.496917 0.412222 0.301041 0.251305 0.0497353 0.0723731 0.0089892 0.0633839 0.00330759 0.0382775 0.084695 0.0506948 0.0600763 0.036964 0.0283024 0.0317739 0.0162635 0.0254753 0.00874474 0.0230292 0.0089804
internal_count=67206 42130 41507 41286 25309 25255 15977 15840 137 25076 132 24944 92 623 54 221 24852 451 77 24775 76 437 245 24530 403
is_linear=0
shrinkage=0.05


Tree=191
num_leaves=30
num_cat=0
split_feature=57 53 45 15 74 8 9 36 25 11 4 8 10 25 22 75 25 43 15 80 50 15 8 15 36 74 47 16 1
split_gain=0.039954 0.0507043 0.0526951 0.0524755 0.0908375 0.0808862 0.0483413 0.0221261 0.020547 0.0144863 0.0118115 0.00996869 0.00871569 0.00682371 0.00596713 0.00612712 0.00251729 0.00499762 0.00117015 0.000626942 1.23844e-06 1.77957e-07 2.49871e-08 1.13043e-08 7.48098e-10 3.37473e-10 1.62749e-10 5.35169e-11 3.71996e-11
threshold=1.0020714402198794 1.151683568954468 0.1400851905345917 2.5422018766403203 0.4503640085458756 0.3385454416275025 1.8288326859474184 1.8024977445602419 1.2506288886070254 0.26107782125473028 1.912558972835541 0.6646009385585786 -1.3482509255409239 0.75542160868644725 -2.514843106269836 3.7639402151107793 1.942211449146271 1.3266191482543948 1.9891663789749148 -1.4108999371528623 -0.2592830210924148 2.6849206686019902 2.4779268503189091 1.9534866809844973 0.20246056467294696 1.6786593198776247 -2.3567553758621211 -0.80055129528045643 1.3905835747718813
decision_type=2 2 2 2 2 2 2 2 2 2 2 2 2 2 2 2 2 2 2 2 2 2 2 2 2 2 2 2 2
left_child=12 8 10 5 11 19 -7 -6 24 16 20 -5 13 25 -14 22 18 -18 -10 -4 -3 -22 23 -16 28 -1 -26 -28 -2
right_child=1 2 3 4 7 6 -8 -9 9 -11 -12 -13 14 -15 15 -17 17 -19 -20 -21 21 -23 -24 -25 26 -27 27 -29 -30
leaf_value=-0.050005618417501355 -0.050045670311536408 -0.050683719331240489 -0.031835328137591726 -0.0036222139387072378 0.013352946389783807 -0.0049456286597959059 0.048700913181755887 0.05010578462516118 0.031337951212167495 -0.050165024405274365 0.050010276152697986 -0.050443972079347338 0.048770090283372931 0.050008451214899767 -0.050010286809734239 0.049648821922687852 -0.050033504971987046 0.050001403060281981 0.049413721029027032 -0.050716871289409104 -0.050061867736765568 -0.050254907589954295 -0.050170936510698316 -0.050058067344649286 -0.050030767169530657 -0.050042211880696054 -0.050016982728369866 -0.05000157728337682 -0.050057021169455235
leaf_weight=0.0017016644649091265 0.001973958427609408 0.013308532519076266 0.0046223488310532098 0.01624476712971127 0.062501277820567941 0.32554902288724868 0.048211633784630503 0.11876683792124162 0.010177079550657706 0.00417123228540106 0.0030814029742032281 0.03786699937166068 0.0016607945664824228 0.004620257649050905 0.019778876224457731 0.0015840582938205497 0.0020243926382707408 0.0032577131222524258 0.074463140627150134 0.089919723465861148 0.029353593246913213 0.020123491522514258 0.0039256307841008522 0.033086570592552815 0.00124386357190737 0.0010004728513574076 0.001000585928576894 0.0012912576598997419 0.0011378945782780647
leaf_count=6123 94 8 205 51 102 3143 43 24 312 91 3 18 120 16 47551 37 54 9 33 3811 1886 34 442 544 19 261 183 1988 1
internal_value=-0.00130439 0.00156701 -0.00279961 0.00120336 0.0204626 -0.00847677 0.00197427 0.0374334 0.0349231 0.040925 -0.0455649 -0.0363877 -0.0384038 0.0130959 -0.044685 -0.0473438 0.0451504 0.0116625 0.0472403 -0.0497937 -0.0502556 -0.0501404 -0.0500492 -0.0500402 -0.0500319 -0.0500192 -0.0500162 -0.0500083 -0.0500498
internal_weight=0.937649 0.870291 0.76955 0.703683 0.23538 0.468303 0.373761 0.181268 0.100741 0.0940936 0.065867 0.0541118 0.0673583 0.00732239 0.0600359 0.0583751 0.0899223 0.00528211 0.0846402 0.0945421 0.0627856 0.0494771 0.0567911 0.0528654 0.00664756 0.00270214 0.00353571 0.00229184 0.00311185
internal_count=67206 12112 9328 7397 195 7202 3186 126 2784 499 1931 69 55094 6400 48694 48574 408 63 345 4016 1928 1920 48537 48095 2285 6384 2190 2171 95
is_linear=0
shrinkage=0.05


Tree=192
num_leaves=30
num_cat=0
split_feature=27 21 48 74 6 62 17 14 29 22 75 63 43 7 48 49 16 27 25 20 1 40 16 29 3 62 75 49 52
split_gain=0.0383095 0.0382987 0.0647921 0.0490078 0.0391119 0.0372552 0.0363998 0.0383422 0.0219187 0.0188227 0.0058604 0.0056001 0.00550146 0.00440119 0.00852706 0.000906405 0.000211083 2.22928e-06 8.84388e-07 6.37818e-07 4.86834e-07 1.23837e-07 8.09484e-08 5.12318e-08 3.78668e-08 1.68115e-08 1.53959e-08 4.16306e-09 1.16543e-09
threshold=-0.21150691062211988 -0.61743792891502369 2.6616942882537846 -0.36849959194660181 -0.24704338610172269 0.77981287240982067 0.17557201534509662 2.0020104646682744 0.49702371656894689 -1.1239438056945799 3.7639402151107793 1.8055016398429873 0.54184880852699291 0.10581958666443826 2.557450652122498 0.056603854522109039 2.140005469322205 -0.55105695128440846 2.1343181133270268 -1.5320286750793455 1.428148686885834 2.2744174003601079 2.0730055570602421 1.827657222747803 2.1541967391967778 0.72957074642181408 0.5379699468612672 0.82570362091064464 -1.3047396540641782
decision_type=2 2 2 2 2 2 2 2 2 2 2 2 2 2 2 2 2 2 2 2 2 2 2 2 2 2 2 2 2
left_child=1 2 5 15 6 25 7 -5 -8 11 18 -2 -4 14 -7 -3 -15 -6 23 -17 24 -21 -19 27 -14 28 -25 -11 -1
right_child=9 3 12 4 17 13 8 -9 -10 10 -12 -13 20 16 -16 19 -18 22 -20 21 -22 -23 -24 26 -26 -27 -28 -29 -30
leaf_value=-0.050071489846837597 -0.050007645171072361 -0.0055307673882944259 0.032480034510968911 0.01061230771298049 -0.050944126742187901 -0.050034479119096135 0.025003644280504653 -0.050320071254965654 -0.050143032264530908 -0.050012228395271023 0.049570366716776892 0.050022662344941973 -0.050082610573275323 0.049697313010264789 0.050001174300048627 -0.050561027082584191 0.044283234493144086 -0.050026213212809173 -0.050474966058512066 -0.050090278742879982 -0.05063218196761058 -0.050305416971898165 -0.050244702173492167 -0.050024593795483178 -0.05025825441162482 -0.05016571345731894 -0.050206352969798952 -0.050057396645409306 -0.050021708363305363
leaf_weight=0.0014491297236957435 0.0017404829422204143 0.0011593939875654191 0.0021630023123645542 0.50638168996489041 0.018209153998909988 0.0034090945061873486 0.012318544548931838 0.027204917989549604 0.045712987103145468 0.0088740557534640434 0.0015085312953075835 0.0071350778781607005 0.0043855267500805756 0.091497772910407005 0.0056787139241710558 0.010996878514090362 0.022412868881467318 0.0073397726390859166 0.02717943578200032 0.033545328318734378 0.012329916469752789 0.0083548662633010015 0.010035463098907349 0.0013669050226549776 0.010218228213489056 0.0033230874631977585 0.0078903461823242489 0.011999298132725447 0.0062305315255403804
leaf_count=107 2881 2618 59 12139 60 211 4028 343 2170 20656 39 2 219 157 4 50 20 2670 37 5624 2 65 32 134 2 33 20 1307 11517
internal_value=-0.00127473 0.0016268 0.0233904 -0.00358356 0.000353452 0.0380754 0.00341562 0.00750567 -0.0341914 -0.0374658 -0.0477076 0.0304069 -0.0442396 0.0459606 0.012475 -0.0492636 0.048632 -0.0505575 -0.0502682 -0.0502221 -0.0504008 -0.0501332 -0.0501524 -0.0500816 -0.0502055 -0.0500718 -0.0501795 -0.0500382 -0.0500311
internal_weight=0.912051 0.844357 0.163098 0.681259 0.627203 0.134001 0.591618 0.533587 0.0580315 0.0676941 0.0588186 0.00887556 0.0290967 0.122998 0.00908781 0.0540565 0.113911 0.0355844 0.05731 0.0528971 0.0269337 0.0419002 0.0173752 0.0301306 0.0146038 0.0110027 0.00925725 0.0208734 0.00767966
internal_count=67206 42130 12331 29799 21442 12049 18680 12482 6198 25076 22193 2883 282 392 215 8357 177 2762 22154 5739 223 5689 2702 22117 221 11657 154 21963 11624
is_linear=0
shrinkage=0.05


Tree=193
num_leaves=31
num_cat=0
split_feature=57 29 45 14 11 1 39 75 15 22 43 4 25 14 41 59 24 43 43 47 29 21 46 8 62 49 13 15 15 25
split_gain=0.0376234 0.0446135 0.061273 0.0441324 0.0771937 0.0770229 0.0793182 0.0401901 0.0343065 0.0223645 0.0125563 0.0111746 0.00665169 0.00559132 0.00533045 0.00917769 0.00876117 0.00143019 0.000337324 0.000118283 1.18364e-05 8.56145e-06 1.18588e-06 2.27428e-08 1.98557e-08 5.47653e-09 4.17895e-09 2.87404e-09 1.97685e-09 8.82951e-10
threshold=1.0020714402198794 1.0884163379669192 0.29188759624958044 1.0046099424362185 -0.053223697468638413 1.5164263248443606 1.4445225000381472 1.5001014471054079 3.0476642847061162 -0.054021480522351333 -0.58505582809448231 1.912558972835541 1.2506288886070254 0.87093728780746471 0.68319612741470348 0.66471418738365184 0.82582664489746105 0.31732340157032018 -0.55511879920959462 1.3141965270042422 0.91099846363067638 -1.107893645763397 1.115134656429291 2.4779268503189091 1.6879353523254397 0.82570362091064464 0.50325195491313945 1.9891663789749148 1.9891663789749148 2.2090257406234746
decision_type=2 2 2 2 2 2 2 2 2 2 2 2 2 2 2 2 2 2 2 2 2 2 2 2 2 2 2 2 2 2
left_child=14 9 11 4 13 6 -5 -6 -7 10 -2 21 -12 -4 23 16 -16 -14 20 26 -18 -3 -23 25 -11 28 29 -27 -1 -17
right_child=1 2 3 5 7 8 -8 -9 -10 24 12 -13 17 -15 15 19 18 -19 -20 -21 -22 22 -24 -25 -26 27 -28 -29 -30 -31
leaf_value=-0.050006932317347409 -0.050026382922243477 -0.045763049623039412 0.018351608755658784 -0.044683060654198942 -0.046268117094450972 -0.050858913731243197 0.016142912195349586 0.04244375957109512 0.050030670758798163 -0.050030949710223996 -0.050034219506141266 0.050009669766808533 0.049799846534710007 0.0500146539599182 -0.050013433664130393 -0.0500642345274264 0.044904339622322736 0.032762740037851887 0.021224133644111149 -0.032250070243463727 0.049998978942231272 -0.050123282640030291 -0.050656744225966693 -0.050164658642853854 -0.050195686480769136 -0.050029637474807299 -0.050017153406092391 -0.050091012071809354 -0.050035008156237681 -0.050103569604585077
leaf_weight=0.010270875518766338 0.0036556794924700589 0.0010933348889605584 0.016029022701706683 0.065360892748426935 0.046322988589199018 0.10135940255976988 0.29776658686867097 0.017624822340494006 0.0091900164261460304 0.0034496022286559227 0.0018161530150672947 0.0029002199880778781 0.067676730295346599 0.1071249981488864 0.0037097342864439624 0.0046254043641693193 0.0015061678534120659 0.015059019967009923 0.0013554334485861149 0.001011580666668426 0.004690483786545574 0.055943657877107658 0.01280166783102954 0.0037663370288687553 0.0038937881707425959 0.0028861432311193735 0.0053735708695971506 0.0056251103325314642 0.016094222897417309 0.002062931889668107
leaf_count=40440 320 43 266 2521 1266 1008 1424 25 28 1334 787 3 98 124 6467 758 178 341 476 347 18 2464 39 549 21 3249 2167 188 256 1
internal_value=-0.00124747 0.00158265 -0.00260355 0.00219107 0.0227511 -0.0059301 0.00519458 -0.021818 -0.0424719 0.0337189 0.0406985 -0.0461592 0.0446211 0.0458936 -0.0385043 -0.0201739 0.0129095 0.0466989 0.0438185 -0.0486727 0.0487607 -0.0501528 -0.0502226 -0.0500479 -0.0501183 -0.0500353 -0.05005 -0.0500702 -0.0500241 -0.0500764
internal_weight=0.892047 0.829069 0.733518 0.660779 0.187102 0.473677 0.363127 0.0639478 0.110549 0.095551 0.0882076 0.0727389 0.0845519 0.123154 0.062978 0.0243353 0.0112618 0.0827358 0.00755209 0.0130735 0.00619665 0.0698387 0.0687453 0.0386427 0.00734339 0.0348764 0.0120619 0.00851125 0.0263651 0.00668834
internal_count=67206 12112 9211 6662 1681 4981 3945 1291 1036 2901 1546 2549 1226 390 55094 10412 7139 439 672 3273 196 2546 2503 44682 1355 44133 2926 3437 40696 759
is_linear=0
shrinkage=0.05


Tree=194
num_leaves=31
num_cat=0
split_feature=57 53 14 15 74 8 9 3 14 8 10 25 22 75 14 3 14 43 7 26 30 43 58 8 8 11 15 36 7 17
split_gain=0.0357133 0.0449363 0.0509255 0.0516188 0.092988 0.0724318 0.0434629 0.0311592 0.0229061 0.00909642 0.00808888 0.00598745 0.00514629 0.00530453 0.00243955 0.00606619 0.00137516 0.000869279 0.00431494 0.000287231 2.13145e-06 6.34422e-07 2.33539e-07 6.71102e-08 1.94758e-08 1.75102e-08 7.76698e-09 6.02553e-10 1.90491e-10 1.17304e-10
threshold=1.0020714402198794 1.151683568954468 0.73383766412734996 2.5422018766403203 0.4503640085458756 0.3385454416275025 1.8288326859474184 1.1724488735198977 1.4330465793609621 0.6646009385585786 -1.3482509255409239 0.75542160868644725 -2.514843106269836 3.7639402151107793 0.78524994850158703 1.7140607833862307 0.74412035942077648 0.42424033582210546 1.7108150720596316 -0.2130973935127258 0.52664479613304149 -1.3163675069808958 1.8148390650749209 1.448278069496155 2.4779268503189091 0.41822730004787451 1.9534866809844973 0.20246056467294696 2.7456146478652959 0.54971948266029369
decision_type=2 2 2 2 2 2 2 2 2 2 2 2 2 2 2 2 2 2 2 2 2 2 2 2 2 2 2 2 2 2
left_child=10 7 19 5 9 16 -7 25 -6 -5 11 28 -12 24 17 -16 -4 23 -19 21 -17 -3 -23 -9 26 27 -14 -2 -1 -29
right_child=1 2 3 4 8 6 -8 14 -10 -11 12 -13 13 -15 15 20 -18 18 -20 -21 -22 22 -24 -25 -26 -27 -28 29 -30 -31
leaf_value=-0.050003980693511613 -0.050045071501054028 -0.050624398270066456 0.0040875440489378783 -0.0052928652445986876 0.049449073976240168 -0.0051769265183277255 0.048520056156908506 0.049946716789767254 0.0036922974714109409 -0.050379160861577704 0.048587726149684971 0.050007498652804329 -0.05000928167626946 0.049573609158853914 -0.0500254550197647 0.050000829244046308 -0.050628111893999878 -0.019304528083092971 0.050000269882818131 -0.023841130008661476 0.047514934941440441 -0.050120297228480874 -0.050371631410891807 0.05005247662947402 -0.050156436708031375 -0.050167786586456653 -0.050051253236720605 -0.05000289036682494 -0.050032831733270881 -0.050021292585667024
leaf_weight=0.0013223912385613591 0.0026916759526215369 0.01218307247171424 0.0011641168657727788 0.016107509770919404 0.12893102353498376 0.31502592443338873 0.042804513087894291 0.028118351402085281 0.034716083563757716 0.036623316897297142 0.0014343113807477872 0.0041780232607633765 0.01759486557240059 0.0013725122048874319 0.0022986411540429942 0.00346990874335374 0.084715791039977562 0.0028038824693107376 0.011285495324159456 0.0010456439811419296 0.0011474221323083986 0.025298802846642085 0.014563154859519659 0.032150832171463889 0.0035870290675114594 0.0034230132548662695 0.029508618194290587 0.0014655454586051122 0.0010084130785248391 0.0021168035669018349
leaf_count=6190 103 2 41 34 107 3744 43 43 17 32 120 16 47551 37 304 27 4153 101 13 198 62 951 6 6 442 190 544 1645 194 290
internal_value=-0.00123071 0.00154592 -0.00267546 0.00111374 0.0211361 -0.00865031 0.00124643 0.0346397 0.0397422 -0.0366068 -0.0384407 0.014189 -0.044844 -0.047418 0.0447474 0.016343 -0.0498864 0.0473893 0.0362081 -0.0497873 0.0493831 -0.0503086 -0.0502121 0.0500031 -0.0500441 -0.0500768 -0.0500356 -0.0500272 -0.0500165 -0.0500138
internal_weight=0.864157 0.804151 0.713179 0.660088 0.216378 0.44371 0.35783 0.0909716 0.163647 0.0527308 0.0600062 0.00650883 0.0534973 0.052063 0.0812745 0.00691597 0.0858799 0.0743586 0.0140894 0.0530907 0.00461733 0.052045 0.039862 0.0602692 0.0506905 0.00969704 0.0471035 0.00627402 0.0023308 0.00358235
internal_count=67206 12112 9328 8171 190 7981 3787 2784 124 66 55094 6400 48694 48574 556 393 4194 163 114 1157 89 959 957 49 48537 2228 48095 2038 6384 1935
is_linear=0
shrinkage=0.05


Tree=195
num_leaves=26
num_cat=0
split_feature=27 34 34 3 77 8 12 15 69 41 20 22 18 32 39 37 56 24 15 14 21 3 79 49 46
split_gain=0.0347723 0.0354701 0.038384 0.0373264 0.0518567 0.048901 0.0401938 0.0390907 0.0298099 0.0186389 0.012545 0.004307 0.00248923 0.00261324 0.0010848 0.000252638 7.03059e-07 1.14126e-07 7.99252e-08 2.00362e-08 1.31839e-08 9.65963e-09 3.08166e-09 3.04203e-09 1.35432e-09
threshold=-0.21150691062211988 2.1521906852722172 2.0723766088485722 2.0074845552444462 0.6948954463005067 0.45867127180099493 0.59287601709365856 3.0476642847061162 0.27208609879016882 1.8335387110710146 -0.12172919884324072 -1.1239438056945799 2.1088237762451176 0.10125654190778734 1.6155799627304079 1.1622993350028994 2.0541971921920781 1.7889726758003237 2.6849206686019902 1.8597697615623476 -0.77656701207160939 2.2764565944671635 1.0280530452728274 0.82570362091064464 -0.76376715302467335
decision_type=2 2 2 2 2 2 2 2 2 2 2 2 2 2 2 2 2 2 2 2 2 2 2 2 2
left_child=1 2 3 4 6 7 -1 -5 -6 12 -7 -11 16 -14 -3 -4 17 23 19 24 -19 -18 -21 -2 -16
right_child=9 14 15 5 8 10 -8 -9 -10 11 -12 -13 13 -15 18 -17 21 20 -20 22 -22 -23 -24 -25 -26
leaf_value=0.010633981678604377 -0.050009552954927816 0.0017279704046055189 0.050015794754611764 -0.050062958650556023 0.030609965046634508 0.0096071467113212124 -0.047053434378468567 0.050046240745121442 -0.03511767343487366 0.050002724629043531 0.049655380889510353 -0.050016442259806483 0.050002899400609008 -0.050019835844442972 -0.050078225458428528 0.042020896520048291 -0.050456968568583387 -0.050253479367019384 -0.050266873518168942 -0.050151836198205985 -0.050139200038113355 -0.050527841110617824 -0.050102510549293981 -0.050050395967208616 -0.050026382290224582
leaf_weight=0.33313627302700799 0.007953863055057294 0.001039711271662031 0.032995114716781945 0.0329699774323092 0.019422862467917024 0.025355862187092626 0.03320476970462849 0.013846755027770996 0.15424403346474458 0.0067145452485423765 0.085463932133633819 0.0012818097719900778 0.0013005324981376623 0.0013115682703104259 0.001559636206366114 0.014105582542176323 0.0089879840760210411 0.0099612786025169119 0.010409759751690867 0.0092783347665430782 0.003380139420568651 0.010337351821362972 0.004807030587198142 0.010681254988769904 0.0065511029221261017
leaf_count=21942 23231 149 24 241 8923 37 3099 4 6896 11 144 121 7 85 2 197 45 8 8 29 241 1 33 1326 402
internal_value=-0.00120185 0.00166663 0.00393525 0.000985822 -0.00526287 0.0223917 0.00540525 -0.0204542 -0.0277667 -0.0372669 0.0404922 0.0339697 -0.0478325 -0.000219759 -0.0485494 0.0476215 -0.0502568 -0.0501129 -0.0501526 -0.050099 -0.0502245 -0.0504949 -0.050135 -0.050033 -0.0500364
internal_weight=0.840301 0.778391 0.744745 0.697644 0.540008 0.157637 0.366341 0.0468167 0.173667 0.0619103 0.11082 0.00799636 0.053914 0.0026121 0.0336456 0.0471007 0.0513019 0.0319765 0.0326059 0.0221961 0.0133414 0.0193253 0.0140854 0.0186351 0.00811074
internal_count=67206 42130 41507 41286 40860 426 25041 245 15819 25076 181 132 24944 92 623 221 24852 24806 474 466 249 46 62 24557 404
is_linear=0
shrinkage=0.05


Tree=196
num_leaves=29
num_cat=0
split_feature=15 7 8 45 14 11 59 42 6 1 4 44 39 1 12 27 53 43 37 10 25 33 80 52 15 44 0 46
split_gain=0.0332328 0.0310852 0.033501 0.0486606 0.051829 0.066529 0.0609224 0.0424421 0.0399215 0.040519 0.00980494 0.00425596 0.00713306 0.000984768 0.000101367 6.66014e-07 2.84102e-08 1.14599e-08 7.70539e-09 5.56118e-09 1.01159e-09 8.91133e-10 8.11034e-10 3.79714e-10 2.04156e-10 1.33716e-10 4.94318e-11 8.46196e-12
threshold=1.2815190553665163 1.7952883839607241 1.1622645854949953 0.37741009891033178 0.99089968204498302 0.012946236878633501 2.295445561408997 1.8857456445693972 -0.28103373944759363 1.6911036372184756 1.912558972835541 -0.51242896914482106 0.70775479078292858 1.7474513649940493 0.60923457145690929 -0.58314043283462513 1.7167405486106875 -0.15311128646135327 1.9987713098526003 1.4976368546485903 1.8525618910789492 1.2000932097435 -1.4108999371528623 3.0828092098236088 2.6849206686019902 -3.1085147857666011 1.5910128951072695 0.39691951870918279
decision_type=2 2 2 2 2 2 2 2 2 2 2 2 2 2 2 2 2 2 2 2 2 2 2 2 2 2 2 2
left_child=11 2 3 10 5 -5 -6 8 9 -4 13 12 25 -2 19 -3 22 -10 -18 20 23 -22 -17 -13 -24 -1 27 -27
right_child=1 15 7 4 6 -7 -8 -9 17 -11 -12 14 -14 -15 -16 16 18 -19 -20 -21 21 -23 24 -25 -26 26 -28 -29
leaf_value=-0.05002502238826656 -0.050102066385030536 -0.050599876437790549 0.03855611533650094 0.044309797282416609 -0.028161626272203595 -0.026880870698065974 0.019127194257743667 -0.050365705289960795 -0.050192625790612712 -0.050194484697324793 0.050008661761034634 -0.05001179544890777 0.042790225692888616 -0.0036666418118855831 -0.035850308399249561 -0.050054329664744192 -0.050122253093584861 -0.050099526627311312 -0.050214475403531092 -0.050097196357818445 -0.050059534663535167 -0.050011637312491947 -0.050008598656969529 -0.050033158905777753 -0.050029853772716806 -0.050000033890210849 -0.050015352375058775 -0.050005892180484429
leaf_weight=0.0012337280992218425 0.058952435105722831 0.011717752814645814 0.17856529272816726 0.11768734837955122 0.18457572431472039 0.045507330942741481 0.10793701518307661 0.020013067180711996 0.011266557225023788 0.013858562892127058 0.0025979799684137097 0.027914901933609071 0.0036199648789030855 0.0011643101833388033 0.0013071195409556568 0.002771041513733352 0.0048456182414417792 0.0046778636646957186 0.0042528761550784111 0.0022789852300784596 0.0023898193647887422 0.0016357795449174093 0.0021046067942774881 0.0022474067190491566 0.0024389169263018136 0.0015904741017879851 0.0010074573198136944 0.0010064867651149122
leaf_count=530 2121 3 530 455 905 1317 82 16 38 116 1 39207 368 143 4040 19 42 125 1 372 73 514 161 471 29 13070 75 2382
internal_value=-0.00117153 0.00128532 0.0032289 -0.00379996 0.0018828 0.0244581 -0.0107121 0.0191843 0.0258643 0.0321642 -0.0450929 -0.0423526 -0.0102931 -0.0492027 -0.0495312 -0.0503119 -0.0501064 -0.0501653 -0.0501654 -0.0500216 -0.0500165 -0.0500401 -0.050033 -0.0500134 -0.05002 -0.0500108 -0.050006 -0.0500023
internal_weight=0.821166 0.774934 0.746803 0.518422 0.455707 0.163195 0.292513 0.228381 0.208368 0.192424 0.0627147 0.0462321 0.00845811 0.0601167 0.037774 0.0281308 0.0164131 0.0159444 0.00909849 0.0364669 0.0341879 0.0040256 0.00731457 0.0301623 0.00454352 0.00483815 0.00360442 0.00259696
internal_count=67206 6104 5849 5024 2759 1772 987 825 809 646 2265 61102 16425 2264 44677 255 252 163 43 40637 40265 587 209 39678 190 16057 15527 15452
is_linear=0
shrinkage=0.05


Tree=197
num_leaves=31
num_cat=0
split_feature=57 31 13 59 20 74 1 22 34 71 22 8 51 10 25 41 21 22 20 56 66 68 8 0 0 28 43 8 52 26
split_gain=0.0321005 0.0376831 0.0419182 0.0523226 0.0693735 0.0548172 0.0469065 0.0414311 0.0379618 0.036018 0.0348782 0.0198656 0.0162925 0.00746425 0.00527946 0.00522372 0.00789484 0.00492952 0.00430274 0.000296041 1.5022e-05 3.83691e-08 1.53012e-08 5.73144e-09 3.47893e-09 2.72536e-09 4.07291e-10 4.05283e-10 4.01686e-10 8.76772e-11
threshold=1.0020714402198794 0.76317760348320018 0.6206796169281007 2.295445561408997 1.4287803769111636 1.1873412728309634 1.428148686885834 0.15996299684047702 2.1122840642929082 2.0655065774917607 -0.054021480522351333 1.5741238594055178 1.6160705685615542 -1.3482509255409239 0.75542160868644725 0.5856061875820161 1.6253590583801272 -2.514843106269836 2.164268016815186 1.4867720007896426 0.93172350525856029 2.3364500999450688 2.4779268503189091 1.9162480831146242 2.6554186344146733 2.1529145240783696 1.4976862668991091 1.654207766056061 -0.68037813901901234 2.1410164833068852
decision_type=2 2 2 2 2 2 2 2 2 2 2 2 2 2 2 2 2 2 2 2 2 2 2 2 2 2 2 2 2 2
left_child=13 10 3 4 5 -3 8 -6 -5 -8 11 15 19 14 29 16 -2 -15 22 26 -17 27 23 -19 -23 28 -4 -12 -13 -1
right_child=1 2 12 6 7 -7 9 -9 -10 -11 21 25 -14 17 -16 20 -18 18 -20 -21 -22 24 -24 -25 -26 -27 -28 -29 -30 -31
leaf_value=-0.050003744900788544 -0.050035805852484364 -0.047976054870625597 -0.050009373967108667 0.045917058710721617 -0.013891881382862346 0.010080486815473957 0.038937567081725931 0.032587363737828834 -0.05019183850490179 -0.050339880692437604 -0.050007148640091141 -0.050057706384371008 0.049512509975202762 0.048525406713128466 0.05000672425714258 0.047905421668155097 0.050015460322075989 -0.050026516267842651 0.042824520482986773 -0.019757822129518831 0.049992184226360772 -0.050168479918648971 -0.050145010863896333 -0.050091533247286747 -0.05023508167622534 -0.050104774763522875 -0.050040950937588341 -0.050039120414683551 -0.05002207255176027 -0.050024560992867353
leaf_weight=0.0010213478745505077 0.0034294697683869141 0.17695979502335912 0.0018064138563340798 0.098514595507938452 0.11291753700170741 0.052787417808443288 0.016614303210673517 0.083326454001274738 0.01147080788157781 0.035301653510040984 0.0025058810841682359 0.0011515167060465736 0.04654051551134078 0.0013756014621663015 0.0037907328228688687 0.0098594000390170577 0.0046384443692204513 0.03869977821968152 0.0012823750201762579 0.0010026562275909498 0.068841726855661589 0.0033861286945716124 0.0032357695166142291 0.0037149999459531726 0.0046577681787312031 0.0020867583807557821 0.0023492188465610297 0.0016398599430406317 0.0025251178085710082 0.0010022626415949806
leaf_count=5058 262 6454 462 139 1471 575 57 984 46 100 546 16 300 120 16 34 2 47963 310 230 123 78 289 12 15 1 5 71 141 1326
internal_value=-0.00114792 0.00155553 -0.0029968 -0.00679267 -0.0159885 -0.0346368 0.0174032 0.0058435 0.0358935 -0.021769 0.0293589 0.039832 0.0401679 -0.0383265 0.0151957 0.0458028 0.00748615 -0.0447684 -0.0475028 -0.0441435 0.0497308 -0.0501434 -0.0500402 -0.0500322 -0.050207 -0.0500591 -0.0500272 -0.0500198 -0.0500332 -0.0500141
internal_weight=0.798436 0.744313 0.639591 0.587893 0.425991 0.229747 0.161901 0.196244 0.109985 0.051916 0.104722 0.0925324 0.0516988 0.0541229 0.00581434 0.086769 0.00806791 0.0483085 0.0469329 0.00515829 0.0787011 0.0121896 0.0456505 0.0424148 0.0080439 0.00576339 0.00415563 0.00414574 0.00367663 0.00202361
internal_count=67206 12112 10823 9826 9484 7029 342 2455 185 157 1289 579 997 55094 6400 421 264 48694 48574 697 157 710 48264 47975 93 158 467 617 157 6384
is_linear=0
shrinkage=0.05


Tree=198
num_leaves=23
num_cat=0
split_feature=61 34 34 27 46 36 41 22 41 75 61 36 25 15 74 14 8 12 80 40 46 15
split_gain=0.0311447 0.029982 0.0345769 0.0430112 0.039308 0.0632551 0.0485983 0.0187996 0.0050925 0.00441072 0.00120599 0.000286994 5.54275e-07 5.20111e-08 4.79904e-08 1.33724e-08 1.10859e-08 2.76971e-09 2.33394e-09 1.50759e-09 9.19862e-10 7.25192e-10
threshold=0.47765290737152105 2.1521906852722172 2.0723766088485722 -0.25963211059570307 0.71755120158195507 0.85235655307769786 1.3943832516670229 -1.1239438056945799 1.8335387110710146 3.7639402151107793 1.6189224123954775 1.2989227771759035 2.1343181133270268 2.6849206686019902 4.3809094429016122 1.8597697615623476 2.4779268503189091 -1.7381611466407774 -0.97659301757812489 -0.16784597933292386 -0.76376715302467335 1.9534866809844973
decision_type=2 2 2 2 2 2 2 2 2 2 2 2 2 2 2 2 2 2 2 2 2 2
left_child=9 2 3 4 6 -6 -2 8 -5 14 -3 -4 -9 15 16 20 17 19 -17 -1 -12 -19
right_child=1 10 11 7 5 -7 -8 12 -10 -11 13 -13 -14 -15 -16 18 -18 21 -20 -21 -22 -23
leaf_value=-0.05007747474886879 0.0014331496217606747 0.0049822427331542218 0.050033126321575666 -0.050008940771282387 0.032242326419606497 -0.02826397022152248 0.039200572209850237 -0.050075878679239683 0.049996059975260694 0.049775897448064557 -0.050068949625849506 0.041044641870622595 -0.05040602870564509 -0.050231430769524001 -0.050217911660836272 -0.050133562224940066 -0.050121315359126485 -0.050007264775191344 -0.050087605944248541 -0.050034340128269565 -0.050023466434246461 -0.050027303327531261
leaf_weight=0.003485767347514988 0.2522882880703774 0.0010282554440918896 0.028945707494571565 0.0015737127959039744 0.058704807346963206 0.16349498350693331 0.12859377660051496 0.020889103289182684 0.0066618610493753266 0.0011430255881009618 0.0013752109371125637 0.01281096289877795 0.032479332202214217 0.0090592680663700471 0.0043293071505132721 0.0081687973537486538 0.0036672365656182501 0.0087980217305108736 0.0041746114486960256 0.0048360357993842539 0.0057998636343444751 0.0092746598519956938
leaf_count=1972 6342 145 24 1180 2969 5400 732 8270 16 28 2 203 49 19 56 31 585 37178 33 1186 400 386
internal_value=-0.00113122 0.00107597 0.00314182 0.000369274 0.00443435 -0.0122783 0.0141842 -0.0394264 0.0308864 -0.0468508 -0.0482182 0.0472755 -0.0502768 -0.0501324 -0.0500623 -0.0500865 -0.0500399 -0.0500285 -0.050118 -0.0500524 -0.0500322 -0.0500175
internal_weight=0.771583 0.736049 0.706443 0.664686 0.603082 0.2222 0.380882 0.061604 0.00823557 0.0355341 0.029606 0.0417567 0.0533684 0.0285778 0.034391 0.0195185 0.0300617 0.0263945 0.0123434 0.0083218 0.00717507 0.0180727
internal_count=67206 25815 25185 24958 15443 8369 7074 9515 1196 41391 630 227 8319 485 41363 466 41307 40722 64 3158 402 37564
is_linear=0
shrinkage=0.05


Tree=199
num_leaves=31
num_cat=0
split_feature=57 53 14 15 74 8 45 3 14 8 41 59 24 14 3 14 6 40 66 22 77 29 55 50 58 11 8 0 15 15
split_gain=0.0297029 0.0390981 0.0447018 0.045007 0.0794365 0.0610756 0.038411 0.0272579 0.0191616 0.00863095 0.00436188 0.00748439 0.00687346 0.00207887 0.00518142 0.00157074 0.000466519 0.000287519 0.000285337 7.62205e-05 5.60139e-05 1.27841e-05 1.9119e-06 3.69935e-07 1.55333e-07 1.38027e-08 1.09512e-08 2.60057e-09 2.55408e-09 1.78769e-09
threshold=1.0020714402198794 1.151683568954468 0.73383766412734996 2.5422018766403203 0.4503640085458756 0.3385454416275025 0.37741009891033178 1.1724488735198977 1.4330465793609621 0.6646009385585786 0.68319612741470348 0.66471418738365184 0.82582664489746105 0.78524994850158703 1.7140607833862307 0.74412035942077648 -0.28103373944759363 1.468470633029938 0.60866397619247448 -1.6589050292968748 0.75512811541557323 0.94056820869445812 0.76613417267799389 -0.089086279273033128 1.8148390650749209 0.41822730004787451 2.4779268503189091 1.9162480831146242 1.9534866809844973 1.9534866809844973
decision_type=2 2 2 2 2 2 2 2 2 2 2 2 2 2 2 2 2 2 2 2 2 2 2 2 2 2 2 2 2 2
left_child=10 7 17 5 9 15 -7 25 -6 -5 26 12 -12 16 -15 -4 20 23 21 -13 -9 -14 -16 -3 -25 -2 27 29 -21 -1
right_child=1 2 3 4 8 6 -8 13 -10 -11 11 19 18 14 22 -17 -18 -19 -20 28 -22 -23 -24 24 -26 -27 -28 -29 -30 -31
leaf_value=-0.050006592102580107 -0.05002214900948683 -0.050528483677471252 0.0087098174385222115 -0.0042230107062805342 0.049350064668851348 -0.050160934547013647 0.0069090977417706843 0.049978518013251913 0.0049334262937366161 -0.050336083359829469 -0.050009538574835012 -0.037605008741666827 0.043960106782470282 -0.050021395878047048 0.049942915706305102 -0.050493679599884225 0.037670873315897219 -0.025115427051766139 0.020802300169106894 -0.050011211993853104 0.045929532273533809 0.049955979990092873 0.04741755451101206 -0.050109076408922176 -0.050326966390135411 -0.050154199710546611 -0.050129181776073006 -0.050087364412802773 -0.050064830864156008 -0.050034017012124121
leaf_weight=0.0092348618298052632 0.0053455024616778923 0.010349718853831291 0.0011379357848985546 0.014943558677063651 0.11157138543839831 0.03289884686447353 0.28400908136491571 0.04387040032094084 0.031036350097198517 0.031615591541983373 0.0028919177389825747 0.0014229673598589827 0.0011548517987870922 0.0019635238460789508 0.0029597352266380692 0.072454685324754589 0.010480242478529085 0.0011653894469350811 0.0011337803944321137 0.0037775757994326573 0.01060686381714504 0.0038618971048771655 0.0010036143316280773 0.022426295724152279 0.012875732576257605 0.003142090471577319 0.0029746472440450649 0.0017412112792953875 0.005389760386115031 0.01666546181386782
leaf_count=43636 2038 1 41 34 107 1320 2467 47 17 32 6467 144 193 304 36 4153 50 160 456 3107 66 23 53 988 8 190 549 1 22 496
internal_value=-0.00109871 0.00154542 -0.00264317 0.00115252 0.02117 -0.00854437 0.000984543 0.0346061 0.0396835 -0.0355357 -0.0382414 -0.0198452 0.0135643 0.0447452 0.0163979 -0.0495782 0.0473316 -0.0496396 0.043456 -0.0483715 0.0491902 0.0485757 0.0493034 -0.0502656 -0.0501885 -0.050071 -0.050038 -0.0500282 -0.0500427 -0.0500242
internal_weight=0.756105 0.705857 0.626485 0.579667 0.189167 0.390501 0.316908 0.079372 0.142608 0.0465592 0.0502489 0.0196328 0.00904245 0.0708844 0.00592687 0.0735926 0.0649575 0.0468171 0.00615053 0.0105903 0.0544773 0.00501675 0.00396335 0.0456517 0.035302 0.00848759 0.0306162 0.0276415 0.00916734 0.0259003
internal_count=67206 12112 9328 8171 190 7981 3787 2784 124 66 55094 10412 7139 556 393 4194 163 1157 672 3273 113 216 89 997 996 2228 44682 44133 3129 44132
is_linear=0
shrinkage=0.05


end of trees

feature_importances:
Column_15=343
Column_12=173
Column_75=171
Column_4=159
Column_22=158
Column_8=157
Column_3=155
Column_1=147
Column_14=135
Column_10=132
Column_43=132
Column_76=125
Column_47=123
Column_21=120
Column_74=111
Column_46=108
Column_79=106
Column_25=103
Column_45=98
Column_0=96
Column_7=93
Column_34=92
Column_24=91
Column_80=90
Column_11=86
Column_44=86
Column_27=85
Column_42=84
Column_36=81
Column_9=75
Column_16=75
Column_20=72
Column_35=71
Column_52=71
Column_5=68
Column_39=67
Column_77=66
Column_50=62
Column_18=57
Column_31=57
Column_30=56
Column_49=56
Column_41=55
Column_33=50
Column_51=50
Column_40=48
Column_6=47
Column_29=47
Column_38=46
Column_2=44
Column_13=44
Column_17=44
Column_57=43
Column_61=41
Column_26=40
Column_65=40
Column_32=38
Column_48=35
Column_37=33
Column_28=32
Column_55=31
Column_19=30
Column_53=30
Column_73=30
Column_56=29
Column_59=29
Column_62=29
Column_23=28
Column_81=28
Column_68=24
Column_67=22
Column_63=19
Column_66=19
Column_70=19
Column_71=18
Column_54=17
Column_69=17
Column_60=16
Column_64=16
Column_72=13
Column_78=10
Column_58=9

parameters:
[boosting: gbdt]
[objective: binary]
[metric: binary_logloss]
[tree_learner: serial]
[device_type: cpu]
[data_sample_strategy: bagging]
[data: ]
[valid: ]
[num_iterations: 200]
[learning_rate: 0.05]
[num_leaves: 31]
[num_threads: 20]
[seed: 42]
[deterministic: 0]
[force_col_wise: 0]
[force_row_wise: 0]
[histogram_pool_size: -1]
[max_depth: 6]
[min_data_in_leaf: 20]
[min_sum_hessian_in_leaf: 0.001]
[bagging_fraction: 0.8]
[pos_bagging_fraction: 1]
[neg_bagging_fraction: 1]
[bagging_freq: 0]
[bagging_seed: 400]
[bagging_by_query: 0]
[feature_fraction: 0.8]
[feature_fraction_bynode: 1]
[feature_fraction_seed: 30056]
[extra_trees: 0]
[extra_seed: 12879]
[early_stopping_round: 0]
[early_stopping_min_delta: 0]
[first_metric_only: 0]
[max_delta_step: 0]
[lambda_l1: 0]
[lambda_l2: 0]
[linear_lambda: 0]
[min_gain_to_split: 0]
[drop_rate: 0.1]
[max_drop: 50]
[skip_drop: 0.5]
[xgboost_dart_mode: 0]
[uniform_drop: 0]
[drop_seed: 17869]
[top_rate: 0.2]
[other_rate: 0.1]
[min_data_per_group: 100]
[max_cat_threshold: 32]
[cat_l2: 10]
[cat_smooth: 10]
[max_cat_to_onehot: 4]
[top_k: 20]
[monotone_constraints: ]
[monotone_constraints_method: basic]
[monotone_penalty: 0]
[feature_contri: ]
[forcedsplits_filename: ]
[refit_decay_rate: 0.9]
[cegb_tradeoff: 1]
[cegb_penalty_split: 0]
[cegb_penalty_feature_lazy: ]
[cegb_penalty_feature_coupled: ]
[path_smooth: 0]
[interaction_constraints: ]
[verbosity: -1]
[saved_feature_importance_type: 0]
[use_quantized_grad: 0]
[num_grad_quant_bins: 4]
[quant_train_renew_leaf: 0]
[stochastic_rounding: 1]
[linear_tree: 0]
[max_bin: 255]
[max_bin_by_feature: ]
[min_data_in_bin: 3]
[bin_construct_sample_cnt: 200000]
[data_random_seed: 175]
[is_enable_sparse: 1]
[enable_bundle: 1]
[use_missing: 1]
[zero_as_missing: 0]
[feature_pre_filter: 1]
[pre_partition: 0]
[two_round: 0]
[header: 0]
[label_column: ]
[weight_column: ]
[group_column: ]
[ignore_column: ]
[categorical_feature: ]
[forcedbins_filename: ]
[precise_float_parser: 0]
[parser_config_file: ]
[objective_seed: 16083]
[num_class: 1]
[is_unbalance: 0]
[scale_pos_weight: 15]
[sigmoid: 1]
[boost_from_average: 1]
[reg_sqrt: 0]
[alpha: 0.9]
[fair_c: 1]
[poisson_max_delta_step: 0.7]
[tweedie_variance_power: 1.5]
[lambdarank_truncation_level: 30]
[lambdarank_norm: 1]
[label_gain: ]
[lambdarank_position_bias_regularization: 0]
[eval_at: ]
[multi_error_top_k: 1]
[auc_mu_weights: ]
[num_machines: 1]
[local_listen_port: 12400]
[time_out: 120]
[machine_list_filename: ]
[machines: ]
[gpu_platform_id: -1]
[gpu_device_id: -1]
[gpu_device_id_list: ]
[gpu_use_dp: 0]
[num_gpu: 1]

end of parameters

pandas_categorical:null
