time,temperature_2m_max,temperature_2m_min,temperature_2m_mean,apparent_temperature_max,apparent_temperature_min,apparent_temperature_mean,precipitation_sum,wind_speed_10m_max,wind_gusts_10m_max,wind_direction_10m_dominant,shortwave_radiation_sum,surface_pressure_mean,location_id,latitude,longitude,data_source
2014-01-01,30.1,20.7,25.3,29.7,22.8,26.2,0.0,16.4,38.2,35,14.05,997.2,loc_madurai,9.9252,78.1198,ECMWF_ERA5_Reanalysis
2014-01-02,31.4,20.3,25.5,31.3,22.3,26.1,0.0,16.5,40.3,35,18.98,997.5,loc_madurai,9.9252,78.1198,ECMWF_ERA5_Reanalysis
2014-01-03,32.4,21.0,26.2,32.2,22.1,27.0,0.0,15.7,39.2,33,18.35,997.4,loc_madurai,9.9252,78.1198,ECMWF_ERA5_Reanalysis
2014-01-04,31.5,21.9,25.6,31.6,24.0,26.4,0.0,17.6,39.6,32,17.54,996.4,loc_madurai,9.9252,78.1198,ECMWF_ERA5_Reanalysis
2014-01-05,32.6,21.0,26.6,31.8,22.5,27.2,0.2,13.7,34.6,25,19.52,994.9,loc_madurai,9.9252,78.1198,ECMWF_ERA5_Reanalysis
2014-01-06,31.5,22.9,26.6,32.3,25.1,28.1,0.7,17.2,35.6,39,13.88,994.4,loc_madurai,9.9252,78.1198,ECMWF_ERA5_Reanalysis
2014-01-07,28.5,22.7,24.9,29.4,24.6,26.7,1.5,17.8,38.9,37,8.06,995.3,loc_madurai,9.9252,78.1198,ECMWF_ERA5_Reanalysis
2014-01-08,26.8,21.1,23.3,28.3,23.3,25.7,4.7,14.3,33.1,30,4.72,997.1,loc_madurai,9.9252,78.1198,ECMWF_ERA5_Reanalysis
2014-01-09,28.2,22.6,25.0,29.6,25.2,27.2,0.0,14.6,33.8,47,7.74,996.9,loc_madurai,9.9252,78.1198,ECMWF_ERA5_Reanalysis
2014-01-10,31.4,19.9,25.0,32.2,22.5,26.6,0.0,11.2,28.8,55,17.35,996.9,loc_madurai,9.9252,78.1198,ECMWF_ERA5_Reanalysis
2014-01-11,31.3,18.2,24.4,32.4,20.1,26.1,0.0,9.7,28.4,56,21.27,997.7,loc_madurai,9.9252,78.1198,ECMWF_ERA5_Reanalysis
2014-01-12,32.4,18.4,25.3,33.7,20.0,27.1,0.0,10.6,29.5,46,22.2,998.2,loc_madurai,9.9252,78.1198,ECMWF_ERA5_Reanalysis
2014-01-13,30.1,20.3,23.8,30.6,22.0,24.9,0.1,20.4,41.0,32,13.83,998.1,loc_madurai,9.9252,78.1198,ECMWF_ERA5_Reanalysis
2014-01-14,28.4,22.2,24.8,29.6,23.9,26.3,0.0,11.6,28.1,34,6.99,997.6,loc_madurai,9.9252,78.1198,ECMWF_ERA5_Reanalysis
2014-01-15,28.7,22.7,25.3,30.1,24.6,27.0,0.0,11.7,29.9,54,8.74,998.4,loc_madurai,9.9252,78.1198,ECMWF_ERA5_Reanalysis
2014-01-16,32.1,20.4,25.8,33.8,22.7,27.8,0.0,12.6,28.1,65,16.92,998.8,loc_madurai,9.9252,78.1198,ECMWF_ERA5_Reanalysis
2014-01-17,29.8,20.5,25.3,30.2,23.1,27.0,0.0,14.9,31.3,51,11.03,998.4,loc_madurai,9.9252,78.1198,ECMWF_ERA5_Reanalysis
2014-01-18,31.8,20.4,25.5,32.3,22.6,26.7,0.0,13.4,34.6,53,21.19,998.1,loc_madurai,9.9252,78.1198,ECMWF_ERA5_Reanalysis
2014-01-19,30.6,18.6,24.9,31.3,20.2,26.2,0.0,16.3,35.3,42,17.05,999.5,loc_madurai,9.9252,78.1198,ECMWF_ERA5_Reanalysis
2014-01-20,30.0,22.3,25.5,29.5,24.7,26.9,0.0,17.4,39.6,47,13.86,999.9,loc_madurai,9.9252,78.1198,ECMWF_ERA5_Reanalysis
2014-01-21,31.9,19.3,25.4,32.1,21.2,26.4,0.0,14.8,33.8,44,22.21,999.1,loc_madurai,9.9252,78.1198,ECMWF_ERA5_Reanalysis
2014-01-22,30.7,21.7,25.6,30.6,23.4,26.7,0.0,13.7,34.6,49,15.98,998.3,loc_madurai,9.9252,78.1198,ECMWF_ERA5_Reanalysis
2014-01-23,32.7,20.0,25.9,33.7,21.8,27.2,0.0,14.8,31.7,49,22.13,998.3,loc_madurai,9.9252,78.1198,ECMWF_ERA5_Reanalysis
2014-01-24,31.7,20.2,25.5,31.9,22.9,27.1,0.1,11.7,29.5,51,15.36,996.9,loc_madurai,9.9252,78.1198,ECMWF_ERA5_Reanalysis
2014-01-25,31.2,21.6,25.5,29.9,23.8,26.1,0.0,15.9,37.8,47,15.64,996.6,loc_madurai,9.9252,78.1198,ECMWF_ERA5_Reanalysis
2014-01-26,30.1,19.4,24.9,28.9,20.9,24.9,0.0,19.1,42.5,40,16.41,996.9,loc_madurai,9.9252,78.1198,ECMWF_ERA5_Reanalysis
2014-01-27,30.6,20.4,25.2,29.5,22.0,25.3,0.2,17.8,39.6,41,13.81,997.0,loc_madurai,9.9252,78.1198,ECMWF_ERA5_Reanalysis
2014-01-28,33.0,19.9,26.0,33.9,21.1,26.8,0.0,14.4,33.8,36,23.01,996.8,loc_madurai,9.9252,78.1198,ECMWF_ERA5_Reanalysis
2014-01-29,33.8,20.3,26.5,33.3,21.7,26.9,0.0,13.9,35.6,29,23.78,997.0,loc_madurai,9.9252,78.1198,ECMWF_ERA5_Reanalysis
2014-01-30,33.6,19.9,26.5,33.1,21.1,26.6,0.0,14.0,36.0,30,23.39,997.3,loc_madurai,9.9252,78.1198,ECMWF_ERA5_Reanalysis
2014-01-31,33.7,20.4,26.7,33.7,21.7,27.2,0.0,13.3,34.2,38,23.66,997.1,loc_madurai,9.9252,78.1198,ECMWF_ERA5_Reanalysis
2014-02-01,32.8,22.2,27.0,32.7,24.8,28.2,0.1,14.8,36.0,44,17.26,996.9,loc_madurai,9.9252,78.1198,ECMWF_ERA5_Reanalysis
2014-02-02,31.8,22.7,26.8,31.7,25.0,28.0,0.0,14.8,36.4,48,14.61,996.3,loc_madurai,9.9252,78.1198,ECMWF_ERA5_Reanalysis
2014-02-03,34.0,20.4,26.5,34.2,22.6,27.3,0.0,11.7,32.4,51,23.52,995.3,loc_madurai,9.9252,78.1198,ECMWF_ERA5_Reanalysis
2014-02-04,34.2,19.3,26.2,34.2,20.3,26.8,0.0,10.9,30.6,55,24.45,993.9,loc_madurai,9.9252,78.1198,ECMWF_ERA5_Reanalysis
2014-02-05,35.4,18.6,26.7,35.0,20.1,27.4,0.0,12.7,33.8,48,24.71,993.3,loc_madurai,9.9252,78.1198,ECMWF_ERA5_Reanalysis
2014-02-06,34.6,16.9,25.7,33.2,17.5,25.9,0.0,12.9,32.4,60,25.44,993.9,loc_madurai,9.9252,78.1198,ECMWF_ERA5_Reanalysis
2014-02-07,34.4,17.0,25.6,33.0,17.8,25.7,0.0,14.3,34.2,50,25.38,994.3,loc_madurai,9.9252,78.1198,ECMWF_ERA5_Reanalysis
2014-02-08,34.4,17.2,25.6,33.2,18.3,26.1,0.0,13.0,34.2,55,25.23,994.0,loc_madurai,9.9252,78.1198,ECMWF_ERA5_Reanalysis
2014-02-09,34.3,18.5,25.9,34.1,20.2,26.7,0.0,11.1,25.6,77,25.21,993.5,loc_madurai,9.9252,78.1198,ECMWF_ERA5_Reanalysis
2014-02-10,35.7,19.1,27.0,35.6,20.1,27.6,0.0,16.9,34.2,88,25.12,993.3,loc_madurai,9.9252,78.1198,ECMWF_ERA5_Reanalysis
2014-02-11,34.7,20.8,26.9,35.6,22.3,28.0,0.0,15.1,33.1,96,24.69,992.7,loc_madurai,9.9252,78.1198,ECMWF_ERA5_Reanalysis
2014-02-12,34.0,21.3,26.9,35.9,23.5,28.6,0.0,17.2,36.7,123,21.81,993.1,loc_madurai,9.9252,78.1198,ECMWF_ERA5_Reanalysis
2014-02-13,34.7,22.1,27.4,36.7,23.8,29.2,0.0,15.8,35.6,107,22.47,994.7,loc_madurai,9.9252,78.1198,ECMWF_ERA5_Reanalysis
2014-02-14,32.9,22.8,27.2,34.6,26.0,29.5,0.0,16.7,33.8,108,15.12,995.3,loc_madurai,9.9252,78.1198,ECMWF_ERA5_Reanalysis
2014-02-15,33.0,23.4,27.9,36.7,26.5,30.5,0.0,12.5,24.5,148,15.36,993.9,loc_madurai,9.9252,78.1198,ECMWF_ERA5_Reanalysis
2014-02-16,33.8,23.8,28.2,37.1,27.6,31.5,0.0,8.5,23.4,163,19.0,993.9,loc_madurai,9.9252,78.1198,ECMWF_ERA5_Reanalysis
2014-02-17,35.4,24.1,28.8,37.4,28.7,32.2,2.0,17.8,32.8,93,19.77,994.9,loc_madurai,9.9252,78.1198,ECMWF_ERA5_Reanalysis
2014-02-18,30.8,23.7,26.7,32.9,27.9,29.9,16.9,11.5,26.3,60,9.06,997.3,loc_madurai,9.9252,78.1198,ECMWF_ERA5_Reanalysis
2014-02-19,32.6,23.1,27.4,34.8,26.2,30.0,0.0,10.9,25.2,59,18.51,996.7,loc_madurai,9.9252,78.1198,ECMWF_ERA5_Reanalysis
2014-02-20,32.2,23.3,27.0,33.4,26.3,29.1,0.0,12.9,27.0,68,15.5,996.7,loc_madurai,9.9252,78.1198,ECMWF_ERA5_Reanalysis
2014-02-21,33.1,21.8,27.1,34.3,24.5,29.3,0.0,10.7,21.2,62,18.22,997.0,loc_madurai,9.9252,78.1198,ECMWF_ERA5_Reanalysis
2014-02-22,35.1,22.5,27.9,37.4,25.4,30.1,0.0,13.0,31.7,55,22.46,996.8,loc_madurai,9.9252,78.1198,ECMWF_ERA5_Reanalysis
2014-02-23,34.8,20.7,27.3,35.3,22.5,28.3,0.0,11.2,29.2,61,24.93,996.8,loc_madurai,9.9252,78.1198,ECMWF_ERA5_Reanalysis
2014-02-24,30.7,22.2,26.1,33.1,24.4,28.7,2.0,10.8,29.5,49,11.76,997.3,loc_madurai,9.9252,78.1198,ECMWF_ERA5_Reanalysis
2014-02-25,33.9,23.1,27.7,35.8,26.6,30.0,0.2,12.9,32.4,67,19.25,997.4,loc_madurai,9.9252,78.1198,ECMWF_ERA5_Reanalysis
2014-02-26,34.9,22.8,27.6,36.8,26.0,29.6,0.0,10.9,25.9,63,23.27,997.0,loc_madurai,9.9252,78.1198,ECMWF_ERA5_Reanalysis
2014-02-27,33.8,21.2,26.7,37.3,23.4,29.4,0.0,15.3,32.8,99,21.19,996.9,loc_madurai,9.9252,78.1198,ECMWF_ERA5_Reanalysis
2014-02-28,33.6,24.1,28.1,37.9,28.2,31.5,0.1,8.4,20.2,108,19.07,996.0,loc_madurai,9.9252,78.1198,ECMWF_ERA5_Reanalysis
2014-03-01,34.0,24.2,28.1,37.1,28.0,31.2,0.1,7.5,23.8,86,18.46,995.6,loc_madurai,9.9252,78.1198,ECMWF_ERA5_Reanalysis
2014-03-02,34.3,25.0,28.2,38.7,28.4,31.3,1.0,11.6,24.8,91,18.28,995.2,loc_madurai,9.9252,78.1198,ECMWF_ERA5_Reanalysis
2014-03-03,32.5,24.9,28.1,36.1,28.6,31.2,0.0,8.8,22.3,99,17.65,995.4,loc_madurai,9.9252,78.1198,ECMWF_ERA5_Reanalysis
2014-03-04,32.4,23.5,27.4,36.3,27.8,30.8,1.9,10.4,24.1,103,18.75,996.2,loc_madurai,9.9252,78.1198,ECMWF_ERA5_Reanalysis
2014-03-05,31.8,24.4,27.1,35.6,27.9,30.6,2.9,7.9,22.3,77,16.3,996.4,loc_madurai,9.9252,78.1198,ECMWF_ERA5_Reanalysis
2014-03-06,33.1,23.9,27.7,36.3,28.0,31.3,3.1,7.6,24.5,57,17.96,996.0,loc_madurai,9.9252,78.1198,ECMWF_ERA5_Reanalysis
2014-03-07,34.5,24.2,28.2,36.7,27.0,30.4,0.0,14.0,32.0,66,20.58,996.5,loc_madurai,9.9252,78.1198,ECMWF_ERA5_Reanalysis
2014-03-08,35.7,22.2,28.1,37.4,24.8,30.2,0.0,14.6,29.5,67,22.72,997.2,loc_madurai,9.9252,78.1198,ECMWF_ERA5_Reanalysis
2014-03-09,34.5,22.7,28.2,34.7,24.8,29.5,0.0,14.2,32.0,59,21.44,997.0,loc_madurai,9.9252,78.1198,ECMWF_ERA5_Reanalysis
2014-03-10,35.7,22.0,28.3,37.5,24.8,30.3,0.0,16.4,37.8,80,24.07,996.6,loc_madurai,9.9252,78.1198,ECMWF_ERA5_Reanalysis
2014-03-11,34.8,23.5,28.0,36.0,26.2,29.7,0.0,16.0,36.0,65,22.35,996.8,loc_madurai,9.9252,78.1198,ECMWF_ERA5_Reanalysis
2014-03-12,35.2,20.7,27.3,35.8,22.9,28.6,0.0,12.6,31.0,65,25.05,997.4,loc_madurai,9.9252,78.1198,ECMWF_ERA5_Reanalysis
2014-03-13,35.4,19.9,27.3,36.0,21.9,28.4,0.0,13.1,33.1,66,26.51,996.4,loc_madurai,9.9252,78.1198,ECMWF_ERA5_Reanalysis
2014-03-14,36.3,19.9,27.8,36.5,21.3,28.8,0.0,14.7,34.2,69,27.21,996.5,loc_madurai,9.9252,78.1198,ECMWF_ERA5_Reanalysis
2014-03-15,35.9,19.7,27.6,35.9,21.5,28.6,0.0,13.7,34.2,71,27.17,997.5,loc_madurai,9.9252,78.1198,ECMWF_ERA5_Reanalysis
2014-03-16,36.8,19.7,28.0,37.0,21.5,29.1,0.0,15.5,38.2,58,26.87,998.0,loc_madurai,9.9252,78.1198,ECMWF_ERA5_Reanalysis
2014-03-17,36.6,20.5,28.1,38.1,22.1,29.7,0.0,16.7,35.6,66,26.01,997.3,loc_madurai,9.9252,78.1198,ECMWF_ERA5_Reanalysis
2014-03-18,37.2,22.6,29.3,38.4,25.3,31.2,0.0,15.8,37.1,74,23.63,996.7,loc_madurai,9.9252,78.1198,ECMWF_ERA5_Reanalysis
2014-03-19,35.6,23.4,29.2,38.7,27.2,32.3,0.1,10.9,31.0,93,21.57,996.5,loc_madurai,9.9252,78.1198,ECMWF_ERA5_Reanalysis
2014-03-20,36.9,24.9,30.2,39.8,29.9,34.0,0.5,10.6,29.2,100,20.45,995.2,loc_madurai,9.9252,78.1198,ECMWF_ERA5_Reanalysis
2014-03-21,38.1,24.9,30.8,41.3,30.4,34.1,0.0,15.6,26.3,122,22.86,993.7,loc_madurai,9.9252,78.1198,ECMWF_ERA5_Reanalysis
2014-03-22,38.7,25.6,31.2,41.1,29.5,33.9,0.0,17.7,37.4,136,23.64,992.3,loc_madurai,9.9252,78.1198,ECMWF_ERA5_Reanalysis
2014-03-23,38.7,25.1,30.9,40.3,29.4,33.3,0.0,16.7,35.6,120,25.19,993.3,loc_madurai,9.9252,78.1198,ECMWF_ERA5_Reanalysis
2014-03-24,37.9,23.0,30.1,38.2,26.4,31.6,0.0,14.1,29.9,103,27.28,994.7,loc_madurai,9.9252,78.1198,ECMWF_ERA5_Reanalysis
2014-03-25,38.2,23.9,30.1,38.7,25.8,31.1,0.0,14.4,32.8,94,27.37,994.3,loc_madurai,9.9252,78.1198,ECMWF_ERA5_Reanalysis
2014-03-26,37.4,21.7,28.7,37.3,24.2,30.0,0.0,16.6,36.0,72,26.14,993.9,loc_madurai,9.9252,78.1198,ECMWF_ERA5_Reanalysis
2014-03-27,37.7,21.5,29.1,38.7,24.2,31.0,0.0,12.4,30.6,68,27.19,994.9,loc_madurai,9.9252,78.1198,ECMWF_ERA5_Reanalysis
2014-03-28,38.4,24.2,30.4,39.2,27.7,32.3,0.0,10.9,28.4,95,26.4,994.8,loc_madurai,9.9252,78.1198,ECMWF_ERA5_Reanalysis
2014-03-29,39.2,24.1,30.8,38.4,26.1,31.5,0.0,15.4,37.4,75,27.79,993.8,loc_madurai,9.9252,78.1198,ECMWF_ERA5_Reanalysis
2014-03-30,39.3,24.1,31.3,39.2,24.8,30.8,0.0,15.3,32.0,100,28.08,993.4,loc_madurai,9.9252,78.1198,ECMWF_ERA5_Reanalysis
2014-03-31,39.8,25.0,31.6,40.2,24.4,31.1,0.0,17.3,39.6,143,28.05,993.3,loc_madurai,9.9252,78.1198,ECMWF_ERA5_Reanalysis
2014-04-01,40.3,22.6,31.7,40.7,23.2,32.3,0.0,18.6,41.4,114,27.14,991.9,loc_madurai,9.9252,78.1198,ECMWF_ERA5_Reanalysis
2014-04-02,40.0,23.9,31.9,41.2,26.2,33.6,0.0,18.4,40.0,118,25.47,991.3,loc_madurai,9.9252,78.1198,ECMWF_ERA5_Reanalysis
2014-04-03,39.4,23.7,31.2,40.9,27.7,33.9,0.0,17.0,36.7,103,26.16,992.2,loc_madurai,9.9252,78.1198,ECMWF_ERA5_Reanalysis
2014-04-04,38.6,25.0,30.9,41.4,30.3,34.4,0.0,18.0,40.3,124,25.64,993.9,loc_madurai,9.9252,78.1198,ECMWF_ERA5_Reanalysis
2014-04-05,38.1,26.1,31.1,40.8,31.2,34.5,0.0,14.2,33.1,125,23.25,994.4,loc_madurai,9.9252,78.1198,ECMWF_ERA5_Reanalysis
2014-04-06,36.1,25.0,29.9,39.6,30.7,34.1,0.3,10.0,28.1,152,20.51,995.4,loc_madurai,9.9252,78.1198,ECMWF_ERA5_Reanalysis
2014-04-07,36.7,25.1,30.1,39.7,29.9,34.0,1.5,11.9,25.9,175,21.17,996.1,loc_madurai,9.9252,78.1198,ECMWF_ERA5_Reanalysis
2014-04-08,38.1,25.4,31.0,40.9,30.3,34.1,0.0,19.8,40.0,171,22.5,995.1,loc_madurai,9.9252,78.1198,ECMWF_ERA5_Reanalysis
2014-04-09,40.1,26.3,32.2,42.2,31.0,35.3,0.0,17.6,36.0,124,24.13,994.2,loc_madurai,9.9252,78.1198,ECMWF_ERA5_Reanalysis
2014-04-10,39.5,25.2,31.8,40.8,30.1,34.6,0.0,17.1,37.4,113,24.84,994.6,loc_madurai,9.9252,78.1198,ECMWF_ERA5_Reanalysis
2014-04-11,40.0,25.4,31.9,41.5,30.0,34.5,0.0,20.1,39.6,142,22.86,993.8,loc_madurai,9.9252,78.1198,ECMWF_ERA5_Reanalysis
2014-04-12,39.4,25.6,32.1,40.6,29.5,34.4,0.0,19.7,39.6,113,23.44,992.8,loc_madurai,9.9252,78.1198,ECMWF_ERA5_Reanalysis
2014-04-13,39.5,25.4,32.0,41.1,30.7,35.0,0.0,16.9,37.4,122,23.45,993.5,loc_madurai,9.9252,78.1198,ECMWF_ERA5_Reanalysis
2014-04-14,35.8,25.2,29.9,39.3,31.0,33.9,1.1,12.5,35.6,134,20.6,994.7,loc_madurai,9.9252,78.1198,ECMWF_ERA5_Reanalysis
2014-04-15,38.0,25.0,30.7,40.7,30.6,34.5,1.8,15.6,29.2,129,24.35,994.9,loc_madurai,9.9252,78.1198,ECMWF_ERA5_Reanalysis
2014-04-16,38.5,25.4,31.2,40.2,30.5,34.0,0.0,17.8,36.0,144,24.6,993.8,loc_madurai,9.9252,78.1198,ECMWF_ERA5_Reanalysis
2014-04-17,39.5,25.4,31.6,40.9,30.1,34.4,0.0,21.1,42.5,137,25.42,992.3,loc_madurai,9.9252,78.1198,ECMWF_ERA5_Reanalysis
2014-04-18,40.0,25.5,32.0,42.0,30.2,35.0,0.0,19.1,41.0,102,24.42,993.4,loc_madurai,9.9252,78.1198,ECMWF_ERA5_Reanalysis
2014-04-19,39.6,25.4,31.9,42.5,29.5,34.8,0.0,17.2,34.9,102,25.16,993.2,loc_madurai,9.9252,78.1198,ECMWF_ERA5_Reanalysis
2014-04-20,39.6,25.2,32.0,41.2,29.7,34.7,0.0,17.6,37.8,119,26.86,992.5,loc_madurai,9.9252,78.1198,ECMWF_ERA5_Reanalysis
2014-04-21,39.0,25.3,31.3,40.6,29.7,34.2,0.0,16.8,39.2,121,26.22,992.7,loc_madurai,9.9252,78.1198,ECMWF_ERA5_Reanalysis
2014-04-22,37.6,25.2,30.8,40.6,29.2,34.3,0.2,14.0,34.9,110,24.78,994.5,loc_madurai,9.9252,78.1198,ECMWF_ERA5_Reanalysis
2014-04-23,36.9,26.0,30.2,41.0,30.9,34.7,0.1,15.0,33.5,160,22.37,994.2,loc_madurai,9.9252,78.1198,ECMWF_ERA5_Reanalysis
2014-04-24,38.1,26.8,30.4,42.3,32.2,35.0,7.5,15.1,37.8,177,21.32,992.9,loc_madurai,9.9252,78.1198,ECMWF_ERA5_Reanalysis
2014-04-25,37.9,26.6,31.6,42.1,31.8,35.7,0.0,14.8,31.3,153,23.34,992.6,loc_madurai,9.9252,78.1198,ECMWF_ERA5_Reanalysis
2014-04-26,39.5,26.4,32.0,42.9,32.6,36.2,0.0,13.7,33.8,126,23.68,992.1,loc_madurai,9.9252,78.1198,ECMWF_ERA5_Reanalysis
2014-04-27,38.9,26.2,31.7,41.6,31.8,35.7,0.2,15.5,31.7,121,23.28,992.8,loc_madurai,9.9252,78.1198,ECMWF_ERA5_Reanalysis
2014-04-28,39.3,26.5,31.8,42.4,32.4,35.9,0.0,16.9,35.6,121,23.2,992.9,loc_madurai,9.9252,78.1198,ECMWF_ERA5_Reanalysis
2014-04-29,35.7,26.6,30.0,39.9,32.4,34.4,0.3,18.2,45.4,159,20.48,993.0,loc_madurai,9.9252,78.1198,ECMWF_ERA5_Reanalysis
2014-04-30,37.4,26.8,30.8,41.6,32.6,35.1,0.8,16.1,33.1,171,20.65,992.8,loc_madurai,9.9252,78.1198,ECMWF_ERA5_Reanalysis
2014-05-01,36.0,26.1,30.6,38.6,31.7,34.5,0.0,14.9,27.7,169,18.64,992.6,loc_madurai,9.9252,78.1198,ECMWF_ERA5_Reanalysis
2014-05-02,37.3,26.2,30.5,41.2,31.4,34.8,2.0,18.1,44.3,144,20.57,991.9,loc_madurai,9.9252,78.1198,ECMWF_ERA5_Reanalysis
2014-05-03,36.1,26.1,30.0,41.1,31.1,34.6,0.2,12.9,32.8,148,19.81,991.9,loc_madurai,9.9252,78.1198,ECMWF_ERA5_Reanalysis
2014-05-04,35.6,25.0,28.5,39.8,30.3,33.5,24.7,10.9,32.0,72,20.47,991.0,loc_madurai,9.9252,78.1198,ECMWF_ERA5_Reanalysis
2014-05-05,31.6,24.8,26.6,36.8,29.9,31.5,9.4,13.9,36.0,49,14.18,991.9,loc_madurai,9.9252,78.1198,ECMWF_ERA5_Reanalysis
2014-05-06,28.6,23.3,25.0,33.5,27.7,29.8,30.3,9.3,34.6,41,6.61,992.5,loc_madurai,9.9252,78.1198,ECMWF_ERA5_Reanalysis
2014-05-07,27.3,23.6,24.7,31.9,28.4,29.4,23.1,12.4,27.7,140,7.43,992.0,loc_madurai,9.9252,78.1198,ECMWF_ERA5_Reanalysis
2014-05-08,30.5,23.9,26.2,34.0,28.2,30.6,5.1,16.7,45.7,199,14.24,991.9,loc_madurai,9.9252,78.1198,ECMWF_ERA5_Reanalysis
2014-05-09,32.8,23.0,27.8,37.8,27.6,32.2,0.0,12.9,41.4,214,22.38,991.5,loc_madurai,9.9252,78.1198,ECMWF_ERA5_Reanalysis
2014-05-10,33.4,24.3,28.8,40.4,28.9,34.1,0.2,7.4,23.4,233,23.53,991.4,loc_madurai,9.9252,78.1198,ECMWF_ERA5_Reanalysis
2014-05-11,34.1,25.8,29.6,40.9,30.5,34.9,0.0,6.6,19.8,231,23.43,992.9,loc_madurai,9.9252,78.1198,ECMWF_ERA5_Reanalysis
2014-05-12,34.7,26.4,29.5,41.3,32.2,35.5,2.7,6.4,19.1,222,23.1,993.1,loc_madurai,9.9252,78.1198,ECMWF_ERA5_Reanalysis
2014-05-13,34.6,26.4,30.1,40.8,32.0,35.6,0.0,9.0,22.3,187,23.31,993.0,loc_madurai,9.9252,78.1198,ECMWF_ERA5_Reanalysis
2014-05-14,35.6,25.0,30.3,40.7,30.1,34.9,1.1,7.7,23.8,263,22.29,992.1,loc_madurai,9.9252,78.1198,ECMWF_ERA5_Reanalysis
2014-05-15,36.3,25.2,30.1,41.1,29.2,34.0,0.5,8.8,25.9,260,21.3,990.9,loc_madurai,9.9252,78.1198,ECMWF_ERA5_Reanalysis
2014-05-16,36.4,24.2,30.3,40.8,27.9,33.6,0.0,7.8,24.5,259,24.57,990.4,loc_madurai,9.9252,78.1198,ECMWF_ERA5_Reanalysis
2014-05-17,37.1,24.0,30.5,40.1,27.2,33.4,0.0,6.2,21.6,265,25.13,991.3,loc_madurai,9.9252,78.1198,ECMWF_ERA5_Reanalysis
2014-05-18,37.4,25.1,31.5,42.0,29.0,35.1,0.0,10.2,22.7,319,23.21,991.3,loc_madurai,9.9252,78.1198,ECMWF_ERA5_Reanalysis
2014-05-19,37.4,26.7,31.8,40.8,31.4,35.8,0.0,10.2,19.4,177,23.13,991.8,loc_madurai,9.9252,78.1198,ECMWF_ERA5_Reanalysis
2014-05-20,37.1,26.9,31.7,41.5,32.6,36.2,0.2,7.0,23.8,244,21.44,991.5,loc_madurai,9.9252,78.1198,ECMWF_ERA5_Reanalysis
2014-05-21,38.4,27.5,31.9,41.8,31.8,35.2,0.5,11.3,34.2,229,22.79,991.5,loc_madurai,9.9252,78.1198,ECMWF_ERA5_Reanalysis
2014-05-22,39.4,26.0,32.4,42.6,30.3,35.5,0.2,11.2,31.7,244,24.41,990.0,loc_madurai,9.9252,78.1198,ECMWF_ERA5_Reanalysis
2014-05-23,39.7,26.7,32.4,43.5,31.0,35.9,1.9,8.3,31.3,228,22.85,989.3,loc_madurai,9.9252,78.1198,ECMWF_ERA5_Reanalysis
2014-05-24,37.8,28.0,31.6,43.0,32.1,35.8,4.4,9.8,32.4,243,20.92,989.7,loc_madurai,9.9252,78.1198,ECMWF_ERA5_Reanalysis
2014-05-25,37.1,27.0,32.0,41.6,31.8,35.3,0.0,12.6,30.6,242,17.4,990.2,loc_madurai,9.9252,78.1198,ECMWF_ERA5_Reanalysis
2014-05-26,38.4,26.5,32.4,41.4,30.1,35.4,0.0,10.8,21.2,175,18.01,990.2,loc_madurai,9.9252,78.1198,ECMWF_ERA5_Reanalysis
2014-05-27,39.4,27.1,32.2,44.1,32.1,36.5,2.4,9.1,31.3,173,21.32,990.6,loc_madurai,9.9252,78.1198,ECMWF_ERA5_Reanalysis
2014-05-28,38.3,27.9,31.7,42.2,33.4,36.2,3.0,13.4,34.9,199,21.2,991.7,loc_madurai,9.9252,78.1198,ECMWF_ERA5_Reanalysis
2014-05-29,36.8,25.9,30.0,41.9,31.3,34.6,8.4,8.0,28.1,242,20.15,992.5,loc_madurai,9.9252,78.1198,ECMWF_ERA5_Reanalysis
2014-05-30,37.1,26.1,31.1,41.9,30.6,35.1,0.0,9.4,27.4,231,22.09,991.0,loc_madurai,9.9252,78.1198,ECMWF_ERA5_Reanalysis
2014-05-31,39.4,25.4,32.5,44.0,29.8,36.2,0.0,7.2,24.1,242,24.31,989.1,loc_madurai,9.9252,78.1198,ECMWF_ERA5_Reanalysis
2014-06-01,39.5,26.8,33.1,44.0,31.1,36.9,0.4,9.8,24.5,286,23.08,988.4,loc_madurai,9.9252,78.1198,ECMWF_ERA5_Reanalysis
2014-06-02,39.9,27.6,32.0,45.1,31.5,36.3,5.4,14.6,40.3,252,22.46,989.2,loc_madurai,9.9252,78.1198,ECMWF_ERA5_Reanalysis
2014-06-03,36.8,26.9,30.0,41.0,31.4,34.6,4.1,12.3,32.8,239,18.63,989.2,loc_madurai,9.9252,78.1198,ECMWF_ERA5_Reanalysis
2014-06-04,37.1,26.3,31.1,41.7,30.1,34.5,1.7,12.6,32.0,235,22.66,988.7,loc_madurai,9.9252,78.1198,ECMWF_ERA5_Reanalysis
2014-06-05,38.2,26.2,30.7,42.3,30.1,34.4,2.6,11.6,32.0,234,22.74,988.0,loc_madurai,9.9252,78.1198,ECMWF_ERA5_Reanalysis
2014-06-06,38.7,26.5,31.4,41.9,30.7,34.5,1.2,18.4,43.2,248,22.53,987.7,loc_madurai,9.9252,78.1198,ECMWF_ERA5_Reanalysis
2014-06-07,38.2,26.1,31.2,41.0,29.7,34.0,0.6,16.9,40.7,255,22.05,987.0,loc_madurai,9.9252,78.1198,ECMWF_ERA5_Reanalysis
2014-06-08,38.3,26.5,31.7,40.7,30.5,34.2,0.6,15.6,38.9,250,21.29,986.6,loc_madurai,9.9252,78.1198,ECMWF_ERA5_Reanalysis
2014-06-09,37.0,26.4,31.4,39.1,29.9,33.7,0.3,18.0,47.5,254,19.56,987.7,loc_madurai,9.9252,78.1198,ECMWF_ERA5_Reanalysis
2014-06-10,36.1,26.6,31.0,37.3,29.5,33.1,0.0,16.5,40.7,233,16.55,989.0,loc_madurai,9.9252,78.1198,ECMWF_ERA5_Reanalysis
2014-06-11,38.3,26.9,31.7,41.1,31.3,34.6,0.3,17.3,39.6,241,20.18,988.9,loc_madurai,9.9252,78.1198,ECMWF_ERA5_Reanalysis
2014-06-12,37.6,27.2,31.2,39.5,31.0,33.8,0.5,16.2,41.0,242,16.53,989.3,loc_madurai,9.9252,78.1198,ECMWF_ERA5_Reanalysis
2014-06-13,35.9,26.8,31.3,39.8,30.3,33.8,0.0,11.8,30.2,246,17.15,989.7,loc_madurai,9.9252,78.1198,ECMWF_ERA5_Reanalysis
2014-06-14,39.4,26.4,32.0,42.6,29.8,34.9,0.9,9.9,29.2,262,22.44,990.2,loc_madurai,9.9252,78.1198,ECMWF_ERA5_Reanalysis
2014-06-15,39.1,26.2,32.5,41.8,29.4,34.6,0.0,13.0,32.4,276,23.42,990.4,loc_madurai,9.9252,78.1198,ECMWF_ERA5_Reanalysis
2014-06-16,39.8,25.7,32.2,41.4,28.8,34.0,0.0,16.6,40.0,256,24.89,990.3,loc_madurai,9.9252,78.1198,ECMWF_ERA5_Reanalysis
2014-06-17,38.7,26.6,31.8,40.6,29.7,33.8,0.0,15.5,38.5,246,21.83,989.8,loc_madurai,9.9252,78.1198,ECMWF_ERA5_Reanalysis
2014-06-18,37.5,26.8,31.3,38.6,30.4,33.1,0.0,18.3,45.0,237,19.59,989.8,loc_madurai,9.9252,78.1198,ECMWF_ERA5_Reanalysis
2014-06-19,36.4,27.0,31.0,37.5,30.0,32.9,0.0,16.8,35.3,226,16.42,989.8,loc_madurai,9.9252,78.1198,ECMWF_ERA5_Reanalysis
2014-06-20,37.3,26.0,31.0,38.6,29.5,33.0,0.2,17.2,40.7,236,18.38,990.3,loc_madurai,9.9252,78.1198,ECMWF_ERA5_Reanalysis
2014-06-21,38.5,26.5,31.5,41.1,29.9,33.6,0.3,16.2,38.2,241,20.36,991.9,loc_madurai,9.9252,78.1198,ECMWF_ERA5_Reanalysis
2014-06-22,37.7,26.8,31.3,39.5,29.9,33.4,0.0,12.6,32.8,242,18.15,993.0,loc_madurai,9.9252,78.1198,ECMWF_ERA5_Reanalysis
2014-06-23,38.2,25.8,31.7,39.8,28.9,33.8,0.0,13.1,34.6,258,22.22,992.0,loc_madurai,9.9252,78.1198,ECMWF_ERA5_Reanalysis
2014-06-24,38.1,25.6,31.8,40.1,28.7,34.0,0.0,11.4,31.7,261,22.56,989.6,loc_madurai,9.9252,78.1198,ECMWF_ERA5_Reanalysis
2014-06-25,39.6,26.3,32.1,42.0,29.2,34.0,0.2,13.8,37.4,265,23.33,989.5,loc_madurai,9.9252,78.1198,ECMWF_ERA5_Reanalysis
2014-06-26,39.0,25.6,32.4,41.3,28.5,34.6,0.0,9.7,25.2,262,20.54,990.7,loc_madurai,9.9252,78.1198,ECMWF_ERA5_Reanalysis
2014-06-27,39.5,26.7,32.6,42.9,29.9,35.2,0.0,16.0,34.6,179,22.42,991.4,loc_madurai,9.9252,78.1198,ECMWF_ERA5_Reanalysis
2014-06-28,38.2,28.2,32.7,41.6,32.3,35.8,0.1,10.7,32.0,210,21.35,991.6,loc_madurai,9.9252,78.1198,ECMWF_ERA5_Reanalysis
2014-06-29,38.7,27.2,32.6,41.9,30.8,35.2,0.0,12.1,28.8,239,22.17,990.8,loc_madurai,9.9252,78.1198,ECMWF_ERA5_Reanalysis
2014-06-30,37.1,26.9,31.2,40.3,30.1,34.2,0.0,11.2,34.6,221,19.56,991.0,loc_madurai,9.9252,78.1198,ECMWF_ERA5_Reanalysis
2014-07-01,38.4,27.1,30.5,41.4,30.6,33.9,4.6,13.8,34.9,254,17.85,991.7,loc_madurai,9.9252,78.1198,ECMWF_ERA5_Reanalysis
2014-07-02,37.6,26.9,30.7,40.8,30.7,33.8,2.5,11.0,31.3,258,16.79,991.7,loc_madurai,9.9252,78.1198,ECMWF_ERA5_Reanalysis
2014-07-03,38.7,26.2,32.2,40.7,29.3,34.3,0.0,12.2,29.5,272,23.41,989.8,loc_madurai,9.9252,78.1198,ECMWF_ERA5_Reanalysis
2014-07-04,37.8,24.9,31.4,40.3,27.7,33.7,0.0,12.4,31.0,269,21.56,988.9,loc_madurai,9.9252,78.1198,ECMWF_ERA5_Reanalysis
2014-07-05,37.6,26.8,31.0,40.8,29.9,33.9,4.3,12.8,37.4,261,19.62,989.3,loc_madurai,9.9252,78.1198,ECMWF_ERA5_Reanalysis
2014-07-06,35.8,27.0,30.3,38.8,30.6,33.8,2.1,9.7,25.9,248,16.04,991.0,loc_madurai,9.9252,78.1198,ECMWF_ERA5_Reanalysis
2014-07-07,36.3,26.1,30.4,38.9,29.8,33.1,1.3,12.6,33.5,258,18.31,991.0,loc_madurai,9.9252,78.1198,ECMWF_ERA5_Reanalysis
2014-07-08,35.9,26.9,30.8,38.0,30.1,33.1,0.2,11.2,31.0,250,16.41,990.4,loc_madurai,9.9252,78.1198,ECMWF_ERA5_Reanalysis
2014-07-09,36.9,25.9,30.6,39.0,29.0,32.8,0.0,12.6,29.9,256,16.17,990.3,loc_madurai,9.9252,78.1198,ECMWF_ERA5_Reanalysis
2014-07-10,34.5,27.1,30.1,35.7,30.0,32.1,0.1,13.1,34.9,250,14.91,992.0,loc_madurai,9.9252,78.1198,ECMWF_ERA5_Reanalysis
2014-07-11,34.6,26.6,29.6,34.7,28.8,31.1,0.0,16.4,40.0,235,12.77,992.5,loc_madurai,9.9252,78.1198,ECMWF_ERA5_Reanalysis
2014-07-12,34.9,25.3,29.6,36.1,28.7,31.7,0.0,14.5,39.6,232,15.72,991.1,loc_madurai,9.9252,78.1198,ECMWF_ERA5_Reanalysis
2014-07-13,34.2,25.8,29.1,35.5,28.9,31.4,1.1,15.5,41.0,226,13.18,990.7,loc_madurai,9.9252,78.1198,ECMWF_ERA5_Reanalysis
2014-07-14,30.0,25.8,27.3,33.1,29.2,30.5,8.7,11.2,31.3,219,7.77,990.4,loc_madurai,9.9252,78.1198,ECMWF_ERA5_Reanalysis
2014-07-15,33.5,23.9,28.1,35.4,28.2,31.1,4.3,12.4,33.8,224,13.08,990.2,loc_madurai,9.9252,78.1198,ECMWF_ERA5_Reanalysis
2014-07-16,36.5,25.5,30.1,38.7,29.2,32.4,0.0,11.3,30.6,237,19.66,990.8,loc_madurai,9.9252,78.1198,ECMWF_ERA5_Reanalysis
2014-07-17,37.6,25.1,30.7,39.8,28.6,32.9,0.0,11.9,29.2,249,23.01,990.8,loc_madurai,9.9252,78.1198,ECMWF_ERA5_Reanalysis
2014-07-18,37.6,24.1,30.5,40.8,26.5,32.3,0.2,13.3,33.8,252,21.85,990.8,loc_madurai,9.9252,78.1198,ECMWF_ERA5_Reanalysis
2014-07-19,37.6,25.9,30.8,38.7,29.1,32.7,0.2,17.7,42.1,246,20.37,991.5,loc_madurai,9.9252,78.1198,ECMWF_ERA5_Reanalysis
2014-07-20,35.6,26.4,30.3,36.0,29.6,32.1,0.0,14.6,35.3,235,14.15,991.9,loc_madurai,9.9252,78.1198,ECMWF_ERA5_Reanalysis
2014-07-21,36.2,25.6,30.3,37.3,28.7,31.9,0.0,14.1,35.6,236,17.09,991.3,loc_madurai,9.9252,78.1198,ECMWF_ERA5_Reanalysis
2014-07-22,36.9,25.6,30.6,38.1,28.7,32.3,0.2,15.5,40.0,239,19.54,991.4,loc_madurai,9.9252,78.1198,ECMWF_ERA5_Reanalysis
2014-07-23,36.1,26.5,30.3,38.3,29.6,32.2,0.0,14.4,36.7,245,15.86,991.6,loc_madurai,9.9252,78.1198,ECMWF_ERA5_Reanalysis
2014-07-24,37.4,25.9,31.1,39.6,28.9,32.9,0.0,14.0,33.1,248,20.63,991.9,loc_madurai,9.9252,78.1198,ECMWF_ERA5_Reanalysis
2014-07-25,37.8,25.6,31.1,40.2,28.6,33.0,0.0,14.1,33.8,256,20.79,992.7,loc_madurai,9.9252,78.1198,ECMWF_ERA5_Reanalysis
2014-07-26,37.0,25.9,30.8,39.5,29.0,33.3,1.5,11.7,33.1,258,19.45,992.8,loc_madurai,9.9252,78.1198,ECMWF_ERA5_Reanalysis
2014-07-27,37.4,26.3,30.6,39.9,29.1,32.9,1.2,12.9,35.3,252,19.11,993.0,loc_madurai,9.9252,78.1198,ECMWF_ERA5_Reanalysis
2014-07-28,35.8,26.4,30.5,36.8,29.7,32.4,0.0,14.0,31.0,235,16.11,991.8,loc_madurai,9.9252,78.1198,ECMWF_ERA5_Reanalysis
2014-07-29,37.5,26.4,31.0,38.1,29.4,32.6,0.0,13.8,34.2,245,18.03,991.1,loc_madurai,9.9252,78.1198,ECMWF_ERA5_Reanalysis
2014-07-30,37.3,25.4,30.9,39.0,28.1,32.5,0.0,15.2,35.3,249,21.0,991.4,loc_madurai,9.9252,78.1198,ECMWF_ERA5_Reanalysis
2014-07-31,37.6,25.9,31.0,40.2,28.6,33.1,0.6,12.6,32.8,239,19.24,990.9,loc_madurai,9.9252,78.1198,ECMWF_ERA5_Reanalysis
2014-08-01,34.9,25.1,28.3,37.0,30.1,31.9,9.1,15.7,40.7,231,13.44,991.5,loc_madurai,9.9252,78.1198,ECMWF_ERA5_Reanalysis
2014-08-02,33.2,24.1,28.3,35.9,29.4,32.1,4.2,9.0,32.0,239,15.55,991.8,loc_madurai,9.9252,78.1198,ECMWF_ERA5_Reanalysis
2014-08-03,35.5,25.1,29.7,37.8,28.2,32.1,1.3,12.8,29.2,240,18.56,991.1,loc_madurai,9.9252,78.1198,ECMWF_ERA5_Reanalysis
2014-08-04,35.7,25.0,30.0,37.9,28.6,32.2,0.0,12.8,31.7,238,18.41,990.3,loc_madurai,9.9252,78.1198,ECMWF_ERA5_Reanalysis
2014-08-05,36.4,25.2,30.3,38.5,28.4,32.4,0.2,14.5,35.3,245,20.67,990.9,loc_madurai,9.9252,78.1198,ECMWF_ERA5_Reanalysis
2014-08-06,36.9,25.5,30.4,40.1,28.4,33.0,1.0,12.8,32.4,252,20.93,991.8,loc_madurai,9.9252,78.1198,ECMWF_ERA5_Reanalysis
2014-08-07,33.1,26.0,29.2,35.6,28.9,32.1,1.7,6.8,20.5,272,11.19,991.6,loc_madurai,9.9252,78.1198,ECMWF_ERA5_Reanalysis
2014-08-08,32.9,24.4,27.8,35.7,28.9,31.7,9.0,10.5,27.7,256,14.32,991.7,loc_madurai,9.9252,78.1198,ECMWF_ERA5_Reanalysis
2014-08-09,33.8,25.2,28.5,37.4,29.6,32.1,0.2,8.8,25.2,254,14.27,992.6,loc_madurai,9.9252,78.1198,ECMWF_ERA5_Reanalysis
2014-08-10,35.1,24.7,28.5,38.5,28.6,32.3,4.0,9.7,28.1,278,16.14,993.1,loc_madurai,9.9252,78.1198,ECMWF_ERA5_Reanalysis
2014-08-11,33.8,24.8,28.2,37.0,29.7,32.1,2.0,10.8,28.1,257,17.01,992.4,loc_madurai,9.9252,78.1198,ECMWF_ERA5_Reanalysis
2014-08-12,34.8,24.6,27.7,39.3,29.6,32.2,6.2,9.2,31.0,261,15.58,991.9,loc_madurai,9.9252,78.1198,ECMWF_ERA5_Reanalysis
2014-08-13,34.3,24.1,29.0,37.0,27.2,31.8,0.1,9.7,25.9,284,18.7,992.8,loc_madurai,9.9252,78.1198,ECMWF_ERA5_Reanalysis
2014-08-14,35.6,24.8,28.8,39.9,28.4,32.4,5.0,10.1,26.6,260,19.18,993.0,loc_madurai,9.9252,78.1198,ECMWF_ERA5_Reanalysis
2014-08-15,35.2,25.4,28.7,39.7,29.4,32.7,3.7,10.5,31.7,254,18.14,993.3,loc_madurai,9.9252,78.1198,ECMWF_ERA5_Reanalysis
2014-08-16,35.2,24.5,29.5,38.6,28.8,33.2,1.1,9.0,25.9,257,21.25,993.2,loc_madurai,9.9252,78.1198,ECMWF_ERA5_Reanalysis
2014-08-17,33.3,25.1,29.1,37.2,29.5,32.6,0.0,11.2,21.2,213,15.57,992.9,loc_madurai,9.9252,78.1198,ECMWF_ERA5_Reanalysis
2014-08-18,35.1,24.8,28.0,39.3,29.8,32.7,14.9,9.2,28.8,221,19.08,993.2,loc_madurai,9.9252,78.1198,ECMWF_ERA5_Reanalysis
2014-08-19,32.5,24.4,27.8,36.4,29.4,32.4,1.3,10.7,24.5,189,19.83,993.3,loc_madurai,9.9252,78.1198,ECMWF_ERA5_Reanalysis
2014-08-20,33.3,25.3,28.9,38.6,30.3,33.7,0.0,5.4,21.2,182,22.44,991.7,loc_madurai,9.9252,78.1198,ECMWF_ERA5_Reanalysis
2014-08-21,33.3,25.3,28.2,38.2,30.6,33.2,12.0,10.0,23.4,90,20.66,989.6,loc_madurai,9.9252,78.1198,ECMWF_ERA5_Reanalysis
2014-08-22,32.7,24.4,27.1,37.9,29.8,32.5,16.0,9.2,22.0,134,18.69,989.3,loc_madurai,9.9252,78.1198,ECMWF_ERA5_Reanalysis
2014-08-23,32.0,24.3,26.7,36.2,29.2,31.1,4.9,13.2,42.5,206,15.5,991.0,loc_madurai,9.9252,78.1198,ECMWF_ERA5_Reanalysis
2014-08-24,33.4,23.2,28.0,37.5,27.5,31.9,0.1,9.3,26.6,224,19.56,992.1,loc_madurai,9.9252,78.1198,ECMWF_ERA5_Reanalysis
2014-08-25,33.9,24.7,28.8,37.2,28.5,32.3,0.0,8.3,25.2,253,20.2,992.9,loc_madurai,9.9252,78.1198,ECMWF_ERA5_Reanalysis
2014-08-26,35.0,23.5,29.1,37.9,27.2,31.8,0.0,10.7,26.6,244,22.42,992.9,loc_madurai,9.9252,78.1198,ECMWF_ERA5_Reanalysis
2014-08-27,34.8,23.7,29.1,37.3,27.3,31.8,0.0,9.8,25.2,249,21.11,991.6,loc_madurai,9.9252,78.1198,ECMWF_ERA5_Reanalysis
2014-08-28,34.4,24.3,28.9,35.7,27.6,31.0,0.0,13.5,32.4,236,18.12,990.7,loc_madurai,9.9252,78.1198,ECMWF_ERA5_Reanalysis
2014-08-29,33.6,24.8,28.6,35.1,27.8,30.7,0.2,15.0,37.4,225,14.75,990.0,loc_madurai,9.9252,78.1198,ECMWF_ERA5_Reanalysis
2014-08-30,33.9,25.3,28.8,35.4,28.6,31.1,0.4,16.3,41.0,226,14.11,990.3,loc_madurai,9.9252,78.1198,ECMWF_ERA5_Reanalysis
2014-08-31,35.3,25.4,29.2,37.1,28.4,31.4,0.3,15.0,37.8,230,14.82,989.6,loc_madurai,9.9252,78.1198,ECMWF_ERA5_Reanalysis
2014-09-01,34.8,25.1,29.2,36.2,28.2,31.2,0.0,16.1,40.3,225,15.71,989.7,loc_madurai,9.9252,78.1198,ECMWF_ERA5_Reanalysis
2014-09-02,35.0,25.0,28.6,38.2,28.5,31.7,1.4,12.8,34.2,218,16.33,991.1,loc_madurai,9.9252,78.1198,ECMWF_ERA5_Reanalysis
2014-09-03,33.3,24.9,28.1,36.4,28.3,31.2,3.3,11.6,38.2,237,14.36,992.9,loc_madurai,9.9252,78.1198,ECMWF_ERA5_Reanalysis
2014-09-04,33.2,25.2,28.6,35.5,28.9,31.8,0.1,10.3,26.3,211,14.06,993.6,loc_madurai,9.9252,78.1198,ECMWF_ERA5_Reanalysis
2014-09-05,35.9,24.4,28.9,39.5,28.4,32.2,2.2,11.7,33.8,251,18.71,993.1,loc_madurai,9.9252,78.1198,ECMWF_ERA5_Reanalysis
2014-09-06,34.7,24.5,29.0,37.1,28.7,31.7,1.1,11.3,31.7,251,17.01,992.2,loc_madurai,9.9252,78.1198,ECMWF_ERA5_Reanalysis
2014-09-07,34.9,24.8,29.2,36.1,27.9,31.2,0.0,12.4,31.7,238,16.41,992.4,loc_madurai,9.9252,78.1198,ECMWF_ERA5_Reanalysis
2014-09-08,37.0,23.6,29.9,39.0,26.8,31.9,0.0,14.9,35.6,248,24.0,993.2,loc_madurai,9.9252,78.1198,ECMWF_ERA5_Reanalysis
2014-09-09,36.4,23.5,29.5,39.8,26.9,32.1,1.8,11.4,31.3,260,22.43,993.6,loc_madurai,9.9252,78.1198,ECMWF_ERA5_Reanalysis
2014-09-10,37.1,23.4,30.5,39.6,26.4,32.5,0.0,9.4,24.8,285,23.23,992.7,loc_madurai,9.9252,78.1198,ECMWF_ERA5_Reanalysis
2014-09-11,37.9,23.9,30.9,41.1,26.6,33.1,0.0,6.8,22.3,278,23.29,993.0,loc_madurai,9.9252,78.1198,ECMWF_ERA5_Reanalysis
2014-09-12,37.3,24.9,30.9,39.7,28.1,33.4,0.0,10.3,23.0,248,22.14,993.6,loc_madurai,9.9252,78.1198,ECMWF_ERA5_Reanalysis
2014-09-13,37.1,24.8,31.2,40.1,28.1,33.4,0.0,11.8,27.4,281,22.62,993.1,loc_madurai,9.9252,78.1198,ECMWF_ERA5_Reanalysis
2014-09-14,37.4,24.8,30.0,40.6,27.6,32.5,3.3,14.1,40.7,255,21.11,992.4,loc_madurai,9.9252,78.1198,ECMWF_ERA5_Reanalysis
2014-09-15,37.0,25.0,30.0,39.8,28.2,32.4,2.8,14.1,36.0,253,19.37,991.4,loc_madurai,9.9252,78.1198,ECMWF_ERA5_Reanalysis
2014-09-16,36.1,25.6,30.2,37.9,28.8,32.0,0.0,14.6,34.9,245,19.16,990.5,loc_madurai,9.9252,78.1198,ECMWF_ERA5_Reanalysis
2014-09-17,37.6,24.2,30.7,39.6,27.4,32.7,0.0,11.2,29.9,258,21.48,989.9,loc_madurai,9.9252,78.1198,ECMWF_ERA5_Reanalysis
2014-09-18,36.0,24.3,30.5,37.9,27.3,32.1,0.0,12.8,29.5,262,18.89,991.0,loc_madurai,9.9252,78.1198,ECMWF_ERA5_Reanalysis
2014-09-19,37.9,24.8,31.1,39.4,27.9,32.8,0.0,13.3,32.4,268,21.91,991.5,loc_madurai,9.9252,78.1198,ECMWF_ERA5_Reanalysis
2014-09-20,37.9,24.4,31.5,39.7,27.4,33.5,0.0,10.2,27.7,284,22.41,990.8,loc_madurai,9.9252,78.1198,ECMWF_ERA5_Reanalysis
2014-09-21,38.6,26.8,32.2,41.5,29.9,34.7,0.0,9.4,23.0,269,20.62,991.2,loc_madurai,9.9252,78.1198,ECMWF_ERA5_Reanalysis
2014-09-22,37.0,26.0,30.1,41.2,30.1,34.0,10.8,8.6,29.2,27,18.98,992.4,loc_madurai,9.9252,78.1198,ECMWF_ERA5_Reanalysis
2014-09-23,36.2,26.4,29.9,41.3,31.4,34.5,2.9,9.0,25.9,357,20.86,992.0,loc_madurai,9.9252,78.1198,ECMWF_ERA5_Reanalysis
2014-09-24,35.9,25.7,29.2,41.5,30.7,34.3,7.6,11.5,24.1,18,21.6,992.3,loc_madurai,9.9252,78.1198,ECMWF_ERA5_Reanalysis
2014-09-25,35.0,24.2,28.6,39.4,29.2,33.1,1.7,14.3,28.4,88,22.18,992.8,loc_madurai,9.9252,78.1198,ECMWF_ERA5_Reanalysis
2014-09-26,33.9,24.5,27.3,39.0,29.5,32.1,22.7,10.9,31.3,111,18.61,994.1,loc_madurai,9.9252,78.1198,ECMWF_ERA5_Reanalysis
2014-09-27,31.6,24.3,26.8,35.9,29.2,31.6,8.5,8.6,24.1,55,17.7,994.8,loc_madurai,9.9252,78.1198,ECMWF_ERA5_Reanalysis
2014-09-28,31.6,23.6,26.3,36.5,28.7,31.3,9.2,11.6,24.1,146,17.4,995.0,loc_madurai,9.9252,78.1198,ECMWF_ERA5_Reanalysis
2014-09-29,31.3,23.6,26.3,36.6,28.4,31.3,15.2,6.6,22.0,108,16.33,995.1,loc_madurai,9.9252,78.1198,ECMWF_ERA5_Reanalysis
2014-09-30,29.3,23.7,25.6,34.3,28.4,30.5,13.4,9.0,22.3,213,13.27,994.9,loc_madurai,9.9252,78.1198,ECMWF_ERA5_Reanalysis
2014-10-01,31.7,23.4,26.8,37.4,28.3,31.8,3.5,5.9,19.8,68,19.12,995.0,loc_madurai,9.9252,78.1198,ECMWF_ERA5_Reanalysis
2014-10-02,32.5,22.9,27.5,37.1,27.4,31.9,0.0,8.4,24.1,71,23.06,994.5,loc_madurai,9.9252,78.1198,ECMWF_ERA5_Reanalysis
2014-10-03,31.4,24.9,27.9,37.3,30.2,32.8,0.1,7.4,17.6,148,20.18,994.2,loc_madurai,9.9252,78.1198,ECMWF_ERA5_Reanalysis
2014-10-04,32.6,24.9,27.9,38.5,30.2,32.8,0.9,7.2,18.0,190,20.3,994.5,loc_madurai,9.9252,78.1198,ECMWF_ERA5_Reanalysis
2014-10-05,34.0,25.1,28.3,40.0,30.3,33.5,10.4,6.5,21.6,242,22.07,994.8,loc_madurai,9.9252,78.1198,ECMWF_ERA5_Reanalysis
2014-10-06,33.2,24.8,28.0,38.9,30.0,33.1,4.6,7.5,25.9,238,21.06,994.3,loc_madurai,9.9252,78.1198,ECMWF_ERA5_Reanalysis
2014-10-07,31.3,25.6,27.7,36.2,30.1,32.4,1.0,7.0,22.0,230,15.52,992.9,loc_madurai,9.9252,78.1198,ECMWF_ERA5_Reanalysis
2014-10-08,32.1,24.5,27.4,37.5,29.2,32.2,2.5,8.1,21.6,213,16.52,992.6,loc_madurai,9.9252,78.1198,ECMWF_ERA5_Reanalysis
2014-10-09,31.9,24.9,27.3,38.2,30.8,33.0,6.2,6.5,25.2,201,18.75,992.6,loc_madurai,9.9252,78.1198,ECMWF_ERA5_Reanalysis
2014-10-10,33.3,25.0,28.3,39.4,30.4,33.7,3.0,5.8,24.8,234,20.44,991.8,loc_madurai,9.9252,78.1198,ECMWF_ERA5_Reanalysis
2014-10-11,33.5,24.5,28.3,37.7,29.2,32.6,1.5,10.5,27.0,244,18.42,990.8,loc_madurai,9.9252,78.1198,ECMWF_ERA5_Reanalysis
2014-10-12,33.8,23.8,27.8,38.3,28.0,32.0,2.6,7.3,25.6,243,18.28,990.6,loc_madurai,9.9252,78.1198,ECMWF_ERA5_Reanalysis
2014-10-13,34.0,23.9,27.8,38.7,28.0,32.4,6.6,8.4,23.8,232,19.21,991.3,loc_madurai,9.9252,78.1198,ECMWF_ERA5_Reanalysis
2014-10-14,33.5,24.1,27.3,39.5,29.0,32.7,10.4,8.0,25.2,216,19.75,993.0,loc_madurai,9.9252,78.1198,ECMWF_ERA5_Reanalysis
2014-10-15,31.2,23.7,26.7,37.0,28.8,31.6,9.9,9.4,26.3,42,16.95,994.9,loc_madurai,9.9252,78.1198,ECMWF_ERA5_Reanalysis
2014-10-16,29.6,23.6,26.0,35.0,28.3,30.5,3.1,10.5,28.4,35,14.52,995.0,loc_madurai,9.9252,78.1198,ECMWF_ERA5_Reanalysis
2014-10-17,29.1,23.5,25.6,33.7,28.4,30.2,8.6,9.6,24.8,37,10.65,995.2,loc_madurai,9.9252,78.1198,ECMWF_ERA5_Reanalysis
2014-10-18,24.7,23.4,24.0,29.6,27.9,28.9,213.3,5.8,19.1,1,1.77,994.8,loc_madurai,9.9252,78.1198,ECMWF_ERA5_Reanalysis
2014-10-19,24.6,22.9,23.5,29.0,27.3,27.9,46.5,9.2,22.3,24,3.06,994.0,loc_madurai,9.9252,78.1198,ECMWF_ERA5_Reanalysis
2014-10-20,25.4,22.9,23.6,29.7,27.4,28.1,75.4,9.7,21.6,22,3.88,994.4,loc_madurai,9.9252,78.1198,ECMWF_ERA5_Reanalysis
2014-10-21,25.6,22.8,23.7,30.4,27.4,28.4,15.8,7.1,19.1,18,5.17,996.1,loc_madurai,9.9252,78.1198,ECMWF_ERA5_Reanalysis
2014-10-22,29.2,22.4,25.0,34.1,26.3,29.4,6.5,11.7,26.6,36,15.04,996.4,loc_madurai,9.9252,78.1198,ECMWF_ERA5_Reanalysis
2014-10-23,27.6,22.8,24.1,32.5,27.2,28.9,29.6,7.1,21.6,352,9.2,996.1,loc_madurai,9.9252,78.1198,ECMWF_ERA5_Reanalysis
2014-10-24,29.2,22.3,25.2,34.6,26.6,30.1,7.5,6.3,18.7,306,15.97,995.1,loc_madurai,9.9252,78.1198,ECMWF_ERA5_Reanalysis
2014-10-25,29.7,23.0,25.4,35.5,27.8,30.4,4.9,6.0,20.9,223,16.12,995.2,loc_madurai,9.9252,78.1198,ECMWF_ERA5_Reanalysis
2014-10-26,30.3,22.4,25.4,37.0,26.8,30.6,5.5,5.4,19.4,22,17.51,996.3,loc_madurai,9.9252,78.1198,ECMWF_ERA5_Reanalysis
2014-10-27,29.6,23.0,25.6,35.7,28.0,30.8,8.6,5.2,16.9,108,15.2,996.5,loc_madurai,9.9252,78.1198,ECMWF_ERA5_Reanalysis
2014-10-28,29.8,22.6,25.9,34.6,27.0,30.8,5.2,5.0,15.1,337,17.52,995.5,loc_madurai,9.9252,78.1198,ECMWF_ERA5_Reanalysis
2014-10-29,29.4,22.8,25.7,33.8,27.4,30.6,10.0,7.4,21.2,358,15.27,995.3,loc_madurai,9.9252,78.1198,ECMWF_ERA5_Reanalysis
2014-10-30,29.6,22.8,26.1,33.1,27.2,30.2,3.3,10.3,24.8,10,16.75,994.8,loc_madurai,9.9252,78.1198,ECMWF_ERA5_Reanalysis
2014-10-31,28.9,23.1,25.2,33.4,27.6,29.8,2.1,5.4,19.1,251,15.35,994.6,loc_madurai,9.9252,78.1198,ECMWF_ERA5_Reanalysis
2014-11-01,29.7,23.0,26.1,35.3,27.5,30.3,0.1,6.0,18.4,205,19.99,994.5,loc_madurai,9.9252,78.1198,ECMWF_ERA5_Reanalysis
2014-11-02,28.8,23.0,25.3,33.6,26.9,29.4,4.5,5.7,17.3,351,13.72,995.3,loc_madurai,9.9252,78.1198,ECMWF_ERA5_Reanalysis
2014-11-03,27.5,23.4,24.8,31.8,27.4,29.0,1.5,8.1,22.3,335,8.83,995.5,loc_madurai,9.9252,78.1198,ECMWF_ERA5_Reanalysis
2014-11-04,28.6,22.5,25.0,35.2,26.7,29.8,4.6,6.5,24.8,225,13.78,995.7,loc_madurai,9.9252,78.1198,ECMWF_ERA5_Reanalysis
2014-11-05,30.3,22.4,26.0,34.8,26.7,30.5,0.7,6.5,15.8,285,14.95,995.9,loc_madurai,9.9252,78.1198,ECMWF_ERA5_Reanalysis
2014-11-06,31.5,21.9,26.6,35.8,25.3,30.0,0.0,9.7,23.4,340,21.22,994.9,loc_madurai,9.9252,78.1198,ECMWF_ERA5_Reanalysis
2014-11-07,30.6,20.2,25.9,35.7,22.9,29.8,0.0,5.9,13.3,279,21.41,994.7,loc_madurai,9.9252,78.1198,ECMWF_ERA5_Reanalysis
2014-11-08,30.2,21.1,26.0,35.0,24.4,30.0,0.0,7.1,15.1,235,20.19,995.1,loc_madurai,9.9252,78.1198,ECMWF_ERA5_Reanalysis
2014-11-09,30.9,22.1,26.6,36.2,25.5,30.8,0.0,6.9,15.8,203,20.96,995.0,loc_madurai,9.9252,78.1198,ECMWF_ERA5_Reanalysis
2014-11-10,30.6,21.9,26.0,35.3,25.7,30.5,4.6,6.2,15.8,35,17.53,994.7,loc_madurai,9.9252,78.1198,ECMWF_ERA5_Reanalysis
2014-11-11,29.9,22.8,25.9,34.0,27.3,30.5,2.1,9.1,22.3,24,17.21,994.5,loc_madurai,9.9252,78.1198,ECMWF_ERA5_Reanalysis
2014-11-12,29.2,23.2,25.2,32.9,27.7,29.4,9.6,12.0,28.8,10,13.72,993.7,loc_madurai,9.9252,78.1198,ECMWF_ERA5_Reanalysis
2014-11-13,28.0,23.5,25.1,32.0,27.9,29.4,5.9,9.6,23.0,26,9.64,994.3,loc_madurai,9.9252,78.1198,ECMWF_ERA5_Reanalysis
2014-11-14,28.9,23.0,24.8,33.9,27.4,29.4,9.3,9.4,28.1,40,10.33,996.5,loc_madurai,9.9252,78.1198,ECMWF_ERA5_Reanalysis
2014-11-15,28.5,22.9,24.7,33.2,26.9,29.0,1.3,9.4,29.9,32,11.52,996.1,loc_madurai,9.9252,78.1198,ECMWF_ERA5_Reanalysis
2014-11-16,29.0,22.0,25.3,33.9,25.6,29.3,0.5,12.3,32.0,25,17.41,995.5,loc_madurai,9.9252,78.1198,ECMWF_ERA5_Reanalysis
2014-11-17,28.7,22.5,25.1,32.2,26.3,28.8,1.0,14.0,32.8,31,15.95,995.7,loc_madurai,9.9252,78.1198,ECMWF_ERA5_Reanalysis
2014-11-18,27.1,21.7,24.1,29.3,24.6,27.3,1.0,13.7,30.2,21,10.41,996.8,loc_madurai,9.9252,78.1198,ECMWF_ERA5_Reanalysis
2014-11-19,29.0,23.0,25.5,31.6,26.5,28.7,0.2,16.1,37.1,35,16.05,996.6,loc_madurai,9.9252,78.1198,ECMWF_ERA5_Reanalysis
2014-11-20,27.9,22.3,24.7,30.3,25.4,28.0,3.4,16.6,32.4,23,12.79,995.5,loc_madurai,9.9252,78.1198,ECMWF_ERA5_Reanalysis
2014-11-21,26.1,22.7,24.0,29.7,26.4,27.9,13.9,9.5,22.7,16,7.4,996.1,loc_madurai,9.9252,78.1198,ECMWF_ERA5_Reanalysis
2014-11-22,26.6,22.4,24.3,30.2,26.4,28.5,3.5,8.9,22.0,26,7.2,995.5,loc_madurai,9.9252,78.1198,ECMWF_ERA5_Reanalysis
2014-11-23,26.2,22.6,24.0,30.2,26.2,28.1,4.6,8.9,24.1,29,6.87,995.3,loc_madurai,9.9252,78.1198,ECMWF_ERA5_Reanalysis
2014-11-24,27.5,22.3,24.5,29.9,25.8,27.8,0.1,13.6,31.3,30,12.54,995.4,loc_madurai,9.9252,78.1198,ECMWF_ERA5_Reanalysis
2014-11-25,26.6,21.7,23.8,28.1,24.1,26.0,0.0,13.7,32.8,19,11.55,995.4,loc_madurai,9.9252,78.1198,ECMWF_ERA5_Reanalysis
2014-11-26,27.5,21.3,24.3,29.3,23.0,26.2,0.0,14.2,32.4,24,15.33,993.6,loc_madurai,9.9252,78.1198,ECMWF_ERA5_Reanalysis
2014-11-27,25.3,22.4,23.6,28.6,24.2,26.4,3.8,11.2,25.2,1,7.67,993.4,loc_madurai,9.9252,78.1198,ECMWF_ERA5_Reanalysis
2014-11-28,26.2,20.4,22.9,29.0,22.7,26.1,13.6,7.6,22.3,11,6.34,994.4,loc_madurai,9.9252,78.1198,ECMWF_ERA5_Reanalysis
2014-11-29,25.5,18.9,21.8,27.8,20.0,23.7,11.6,13.7,30.6,353,8.11,994.7,loc_madurai,9.9252,78.1198,ECMWF_ERA5_Reanalysis
2014-11-30,25.4,19.7,22.5,25.5,21.1,23.2,1.9,16.4,34.9,347,9.68,994.1,loc_madurai,9.9252,78.1198,ECMWF_ERA5_Reanalysis
2014-12-01,24.4,21.4,22.7,25.5,21.5,23.7,12.3,16.3,33.5,348,7.56,994.3,loc_madurai,9.9252,78.1198,ECMWF_ERA5_Reanalysis
2014-12-02,26.4,21.8,23.6,28.1,24.1,26.2,3.8,13.1,27.4,0,9.67,995.8,loc_madurai,9.9252,78.1198,ECMWF_ERA5_Reanalysis
2014-12-03,28.5,19.2,23.7,31.8,21.3,26.2,0.0,10.7,25.6,31,21.49,995.9,loc_madurai,9.9252,78.1198,ECMWF_ERA5_Reanalysis
2014-12-04,27.8,17.5,22.6,30.4,18.8,24.5,0.0,11.5,27.4,31,21.23,996.6,loc_madurai,9.9252,78.1198,ECMWF_ERA5_Reanalysis
2014-12-05,27.2,17.3,22.2,29.3,18.7,23.8,0.0,10.9,26.6,24,21.0,996.9,loc_madurai,9.9252,78.1198,ECMWF_ERA5_Reanalysis
2014-12-06,27.5,17.2,22.8,30.3,18.3,24.9,0.0,10.8,26.3,21,20.09,996.4,loc_madurai,9.9252,78.1198,ECMWF_ERA5_Reanalysis
2014-12-07,28.7,21.2,24.8,32.9,24.0,28.3,0.0,7.1,20.5,36,15.35,995.7,loc_madurai,9.9252,78.1198,ECMWF_ERA5_Reanalysis
2014-12-08,28.9,22.3,24.9,33.3,26.2,29.1,8.5,9.7,24.1,32,14.44,996.0,loc_madurai,9.9252,78.1198,ECMWF_ERA5_Reanalysis
2014-12-09,29.0,21.7,24.6,34.3,25.5,29.1,6.8,9.2,23.0,35,13.99,996.7,loc_madurai,9.9252,78.1198,ECMWF_ERA5_Reanalysis
2014-12-10,27.5,22.5,24.1,31.5,27.0,28.6,11.8,7.6,22.3,31,7.62,996.5,loc_madurai,9.9252,78.1198,ECMWF_ERA5_Reanalysis
2014-12-11,28.5,21.8,24.5,33.5,25.7,28.9,2.3,5.9,23.8,30,13.8,996.2,loc_madurai,9.9252,78.1198,ECMWF_ERA5_Reanalysis
2014-12-12,27.9,21.8,24.2,32.2,25.6,28.3,3.1,9.2,22.7,31,10.72,996.7,loc_madurai,9.9252,78.1198,ECMWF_ERA5_Reanalysis
2014-12-13,27.9,22.8,24.7,31.6,26.8,28.5,2.8,10.1,24.8,40,13.46,997.0,loc_madurai,9.9252,78.1198,ECMWF_ERA5_Reanalysis
2014-12-14,28.5,22.3,25.0,33.3,26.3,29.2,1.6,7.1,24.5,24,15.23,997.0,loc_madurai,9.9252,78.1198,ECMWF_ERA5_Reanalysis
2014-12-15,29.5,21.1,25.1,32.9,24.4,28.4,0.0,9.8,24.8,25,20.69,996.5,loc_madurai,9.9252,78.1198,ECMWF_ERA5_Reanalysis
2014-12-16,27.9,21.8,24.3,32.0,25.1,28.2,6.9,10.8,32.0,20,10.06,996.2,loc_madurai,9.9252,78.1198,ECMWF_ERA5_Reanalysis
2014-12-17,26.7,22.6,24.2,29.2,25.4,27.2,6.4,18.5,37.4,20,8.56,996.2,loc_madurai,9.9252,78.1198,ECMWF_ERA5_Reanalysis
2014-12-18,27.0,22.5,24.3,29.8,25.2,27.3,2.1,15.1,40.0,29,10.54,996.7,loc_madurai,9.9252,78.1198,ECMWF_ERA5_Reanalysis
2014-12-19,25.2,23.0,23.9,27.9,25.4,26.6,0.4,15.5,38.2,23,5.41,998.2,loc_madurai,9.9252,78.1198,ECMWF_ERA5_Reanalysis
2014-12-20,25.8,21.5,23.3,27.4,23.9,25.5,0.5,12.8,27.0,33,8.51,997.5,loc_madurai,9.9252,78.1198,ECMWF_ERA5_Reanalysis
2014-12-21,27.9,20.2,23.8,30.7,22.9,26.3,0.4,10.8,27.4,29,16.56,995.3,loc_madurai,9.9252,78.1198,ECMWF_ERA5_Reanalysis
2014-12-22,27.3,22.0,24.0,29.2,24.1,26.4,0.0,11.5,29.9,37,11.82,995.2,loc_madurai,9.9252,78.1198,ECMWF_ERA5_Reanalysis
2014-12-23,28.3,19.7,24.1,30.7,22.1,26.6,0.0,10.6,26.6,27,16.78,995.5,loc_madurai,9.9252,78.1198,ECMWF_ERA5_Reanalysis
2014-12-24,27.3,22.5,24.6,29.8,25.6,27.5,0.3,12.9,27.7,24,9.97,996.8,loc_madurai,9.9252,78.1198,ECMWF_ERA5_Reanalysis
2014-12-25,28.7,20.8,24.6,31.0,23.8,27.4,0.0,11.6,29.5,23,17.04,996.5,loc_madurai,9.9252,78.1198,ECMWF_ERA5_Reanalysis
2014-12-26,26.9,19.4,23.4,28.4,21.6,25.4,0.6,10.0,26.3,33,13.84,995.1,loc_madurai,9.9252,78.1198,ECMWF_ERA5_Reanalysis
2014-12-27,26.0,18.7,22.6,26.6,19.3,23.8,4.0,12.4,28.1,23,9.79,995.1,loc_madurai,9.9252,78.1198,ECMWF_ERA5_Reanalysis
2014-12-28,22.9,19.9,21.0,25.8,21.0,23.1,36.2,11.3,27.7,352,4.65,995.3,loc_madurai,9.9252,78.1198,ECMWF_ERA5_Reanalysis
2014-12-29,28.9,20.1,24.2,32.2,22.6,27.2,0.0,13.1,29.9,360,15.83,993.1,loc_madurai,9.9252,78.1198,ECMWF_ERA5_Reanalysis
2014-12-30,29.2,21.4,25.1,34.4,25.0,29.4,1.2,6.5,20.9,240,17.33,992.0,loc_madurai,9.9252,78.1198,ECMWF_ERA5_Reanalysis
2014-12-31,28.5,22.4,24.8,33.6,26.9,29.6,3.8,7.7,19.8,160,14.82,992.4,loc_madurai,9.9252,78.1198,ECMWF_ERA5_Reanalysis
2015-01-01,29.1,22.2,25.1,33.1,26.5,29.1,0.1,10.5,22.7,184,15.39,993.3,loc_madurai,9.9252,78.1198,ECMWF_ERA5_Reanalysis
2015-01-02,29.5,21.7,25.0,34.6,25.5,29.2,1.4,8.2,18.4,117,18.22,995.4,loc_madurai,9.9252,78.1198,ECMWF_ERA5_Reanalysis
2015-01-03,29.2,19.7,24.4,34.3,22.8,28.3,0.0,6.6,14.4,84,20.0,996.6,loc_madurai,9.9252,78.1198,ECMWF_ERA5_Reanalysis
2015-01-04,29.1,19.9,24.7,33.1,23.2,28.5,0.0,6.4,14.0,82,17.52,996.5,loc_madurai,9.9252,78.1198,ECMWF_ERA5_Reanalysis
2015-01-05,29.2,21.0,24.6,33.2,23.6,28.1,0.0,7.9,20.5,36,19.65,996.3,loc_madurai,9.9252,78.1198,ECMWF_ERA5_Reanalysis
2015-01-06,28.8,19.2,23.9,32.4,21.7,26.5,0.0,10.0,23.4,23,19.87,996.7,loc_madurai,9.9252,78.1198,ECMWF_ERA5_Reanalysis
2015-01-07,29.5,19.1,24.5,33.0,21.3,27.3,0.0,10.9,21.2,48,19.71,996.6,loc_madurai,9.9252,78.1198,ECMWF_ERA5_Reanalysis
2015-01-08,29.1,20.7,25.0,32.5,23.9,28.3,0.1,7.7,17.6,88,17.11,996.9,loc_madurai,9.9252,78.1198,ECMWF_ERA5_Reanalysis
2015-01-09,29.1,20.9,24.9,31.8,24.3,28.1,0.0,8.0,20.2,76,17.63,997.9,loc_madurai,9.9252,78.1198,ECMWF_ERA5_Reanalysis
2015-01-10,28.7,20.7,24.2,30.6,21.8,26.3,0.1,11.7,28.4,41,17.33,997.9,loc_madurai,9.9252,78.1198,ECMWF_ERA5_Reanalysis
2015-01-11,27.9,16.8,22.4,28.3,17.5,23.0,0.0,17.2,38.5,25,23.06,997.9,loc_madurai,9.9252,78.1198,ECMWF_ERA5_Reanalysis
2015-01-12,27.3,16.0,21.9,28.0,16.5,22.4,0.0,14.3,33.8,27,22.79,997.7,loc_madurai,9.9252,78.1198,ECMWF_ERA5_Reanalysis
2015-01-13,27.8,15.7,21.8,28.1,16.1,22.0,0.0,14.8,35.3,17,23.16,996.9,loc_madurai,9.9252,78.1198,ECMWF_ERA5_Reanalysis
2015-01-14,28.7,15.1,22.3,31.5,15.5,23.6,0.0,8.2,20.5,20,22.78,996.5,loc_madurai,9.9252,78.1198,ECMWF_ERA5_Reanalysis
2015-01-15,28.9,16.8,23.0,30.8,17.6,24.2,0.0,11.1,28.4,33,22.68,996.8,loc_madurai,9.9252,78.1198,ECMWF_ERA5_Reanalysis
2015-01-16,29.5,16.7,23.5,31.7,17.7,25.2,0.0,8.9,25.2,28,20.02,997.0,loc_madurai,9.9252,78.1198,ECMWF_ERA5_Reanalysis
2015-01-17,29.1,19.8,24.5,31.2,22.4,26.9,0.0,10.7,28.4,40,14.72,997.4,loc_madurai,9.9252,78.1198,ECMWF_ERA5_Reanalysis
2015-01-18,29.1,19.4,24.4,30.1,21.4,26.1,0.0,11.6,28.4,39,16.05,998.0,loc_madurai,9.9252,78.1198,ECMWF_ERA5_Reanalysis
2015-01-19,30.1,18.3,24.3,31.8,19.7,25.8,0.0,13.0,31.7,40,22.0,997.7,loc_madurai,9.9252,78.1198,ECMWF_ERA5_Reanalysis
2015-01-20,30.0,18.4,24.1,31.6,19.9,25.8,0.0,10.4,26.6,43,19.13,999.2,loc_madurai,9.9252,78.1198,ECMWF_ERA5_Reanalysis
2015-01-21,29.0,18.7,23.9,29.8,20.4,25.2,0.0,11.7,29.9,35,17.8,1000.4,loc_madurai,9.9252,78.1198,ECMWF_ERA5_Reanalysis
2015-01-22,30.3,17.3,24.1,32.5,18.5,25.6,0.0,9.9,27.0,31,22.48,1000.0,loc_madurai,9.9252,78.1198,ECMWF_ERA5_Reanalysis
2015-01-23,29.5,21.1,24.7,31.7,24.2,27.4,0.6,10.8,27.0,40,16.75,997.9,loc_madurai,9.9252,78.1198,ECMWF_ERA5_Reanalysis
2015-01-24,29.4,20.6,25.1,31.3,23.6,27.7,0.0,10.9,27.0,37,16.96,997.8,loc_madurai,9.9252,78.1198,ECMWF_ERA5_Reanalysis
2015-01-25,30.0,22.0,25.3,31.4,22.9,27.3,0.1,12.7,32.4,38,17.32,998.8,loc_madurai,9.9252,78.1198,ECMWF_ERA5_Reanalysis
2015-01-26,28.8,17.4,23.8,29.8,18.7,24.9,0.0,13.0,29.9,37,17.7,998.4,loc_madurai,9.9252,78.1198,ECMWF_ERA5_Reanalysis
2015-01-27,29.2,18.3,24.3,29.8,19.8,25.8,0.0,12.8,31.0,32,17.24,997.0,loc_madurai,9.9252,78.1198,ECMWF_ERA5_Reanalysis
2015-01-28,28.7,22.3,25.4,30.9,25.4,27.8,0.0,10.7,28.1,51,13.18,995.7,loc_madurai,9.9252,78.1198,ECMWF_ERA5_Reanalysis
2015-01-29,29.3,20.6,25.1,30.6,23.2,27.1,0.0,12.1,28.8,46,14.31,996.3,loc_madurai,9.9252,78.1198,ECMWF_ERA5_Reanalysis
2015-01-30,28.9,21.6,24.9,30.5,24.2,27.0,0.0,12.5,28.8,51,12.57,998.1,loc_madurai,9.9252,78.1198,ECMWF_ERA5_Reanalysis
2015-01-31,30.1,21.2,25.0,31.4,23.1,26.2,0.0,14.3,35.6,41,21.97,998.3,loc_madurai,9.9252,78.1198,ECMWF_ERA5_Reanalysis
2015-02-01,30.5,18.7,24.7,31.8,20.2,25.9,0.0,14.3,35.3,38,22.78,998.1,loc_madurai,9.9252,78.1198,ECMWF_ERA5_Reanalysis
2015-02-02,30.6,18.8,24.7,31.4,20.7,25.7,0.0,16.1,37.1,37,21.67,998.9,loc_madurai,9.9252,78.1198,ECMWF_ERA5_Reanalysis
2015-02-03,30.0,19.7,24.8,30.0,21.0,25.6,0.0,16.4,37.8,34,17.84,1000.3,loc_madurai,9.9252,78.1198,ECMWF_ERA5_Reanalysis
2015-02-04,28.6,21.9,25.1,29.4,23.5,26.6,0.0,15.6,38.5,32,14.44,999.8,loc_madurai,9.9252,78.1198,ECMWF_ERA5_Reanalysis
2015-02-05,29.0,21.4,25.2,30.9,23.8,27.1,0.0,12.5,32.8,41,12.85,998.2,loc_madurai,9.9252,78.1198,ECMWF_ERA5_Reanalysis
2015-02-06,31.2,19.5,25.4,33.0,21.5,27.2,0.0,11.3,30.6,43,22.13,998.1,loc_madurai,9.9252,78.1198,ECMWF_ERA5_Reanalysis
2015-02-07,31.6,19.1,25.5,32.9,21.2,27.1,0.0,11.7,30.2,46,23.34,997.7,loc_madurai,9.9252,78.1198,ECMWF_ERA5_Reanalysis
2015-02-08,31.8,18.6,25.2,33.1,20.4,26.7,0.0,12.5,32.0,42,23.55,997.1,loc_madurai,9.9252,78.1198,ECMWF_ERA5_Reanalysis
2015-02-09,31.2,19.0,25.3,33.6,20.9,27.1,0.0,10.4,27.7,44,20.46,997.1,loc_madurai,9.9252,78.1198,ECMWF_ERA5_Reanalysis
2015-02-10,29.5,21.3,25.5,32.1,23.3,27.5,0.9,9.7,28.1,28,13.46,997.8,loc_madurai,9.9252,78.1198,ECMWF_ERA5_Reanalysis
2015-02-11,32.2,21.1,26.5,33.2,23.7,28.4,0.0,12.0,30.2,40,18.96,996.7,loc_madurai,9.9252,78.1198,ECMWF_ERA5_Reanalysis
2015-02-12,32.2,22.6,26.8,34.3,26.1,29.3,0.5,12.4,30.6,47,18.15,996.3,loc_madurai,9.9252,78.1198,ECMWF_ERA5_Reanalysis
2015-02-13,32.7,21.6,26.7,35.1,24.8,29.4,0.0,9.8,25.2,59,20.48,996.5,loc_madurai,9.9252,78.1198,ECMWF_ERA5_Reanalysis
2015-02-14,33.6,22.8,27.2,36.4,26.9,30.2,0.0,11.8,25.2,77,22.15,995.7,loc_madurai,9.9252,78.1198,ECMWF_ERA5_Reanalysis
2015-02-15,33.8,21.2,27.0,34.7,24.4,28.6,0.0,12.7,28.1,67,25.1,995.7,loc_madurai,9.9252,78.1198,ECMWF_ERA5_Reanalysis
2015-02-16,33.4,20.6,26.5,34.3,23.0,28.0,0.0,12.8,33.1,57,25.05,996.9,loc_madurai,9.9252,78.1198,ECMWF_ERA5_Reanalysis
2015-02-17,33.4,20.7,26.2,33.7,23.3,27.8,0.0,12.1,31.3,65,25.42,996.8,loc_madurai,9.9252,78.1198,ECMWF_ERA5_Reanalysis
2015-02-18,32.6,21.0,26.0,34.1,23.9,27.9,0.0,8.8,23.4,104,24.4,996.3,loc_madurai,9.9252,78.1198,ECMWF_ERA5_Reanalysis
2015-02-19,34.0,19.8,26.3,34.3,21.8,27.6,0.0,11.2,28.4,72,25.74,995.6,loc_madurai,9.9252,78.1198,ECMWF_ERA5_Reanalysis
2015-02-20,33.0,17.8,25.7,33.8,19.4,27.0,0.0,13.2,33.8,56,25.64,996.0,loc_madurai,9.9252,78.1198,ECMWF_ERA5_Reanalysis
2015-02-21,32.8,17.9,25.6,33.9,19.2,26.8,0.0,12.0,30.6,52,24.75,996.3,loc_madurai,9.9252,78.1198,ECMWF_ERA5_Reanalysis
2015-02-22,33.7,18.5,26.2,33.6,20.2,27.2,0.0,13.3,34.2,48,25.9,996.7,loc_madurai,9.9252,78.1198,ECMWF_ERA5_Reanalysis
2015-02-23,33.5,18.3,25.9,34.9,19.9,27.3,0.0,9.7,25.9,48,25.69,997.1,loc_madurai,9.9252,78.1198,ECMWF_ERA5_Reanalysis
2015-02-24,33.3,19.1,26.6,34.1,21.0,28.0,0.0,11.3,31.7,62,23.53,996.0,loc_madurai,9.9252,78.1198,ECMWF_ERA5_Reanalysis
2015-02-25,32.0,24.0,26.8,35.7,26.7,29.6,0.0,14.2,32.8,96,15.71,994.8,loc_madurai,9.9252,78.1198,ECMWF_ERA5_Reanalysis
2015-02-26,31.7,23.7,27.1,35.7,27.9,31.1,0.8,10.7,22.7,137,17.43,993.8,loc_madurai,9.9252,78.1198,ECMWF_ERA5_Reanalysis
2015-02-27,33.6,22.9,26.8,38.8,27.2,31.3,5.9,6.2,22.3,180,18.79,994.1,loc_madurai,9.9252,78.1198,ECMWF_ERA5_Reanalysis
2015-02-28,33.0,23.1,27.3,37.8,27.4,31.3,0.6,11.6,24.8,156,18.83,994.4,loc_madurai,9.9252,78.1198,ECMWF_ERA5_Reanalysis
2015-03-01,33.5,22.7,27.6,37.3,26.7,31.2,0.3,12.6,25.9,131,22.6,994.7,loc_madurai,9.9252,78.1198,ECMWF_ERA5_Reanalysis
2015-03-02,33.4,23.0,27.7,37.1,27.6,31.7,0.5,14.2,28.1,115,21.27,995.8,loc_madurai,9.9252,78.1198,ECMWF_ERA5_Reanalysis
2015-03-03,32.9,24.4,27.7,36.3,29.0,31.7,0.5,7.3,24.5,147,16.27,995.6,loc_madurai,9.9252,78.1198,ECMWF_ERA5_Reanalysis
2015-03-04,34.4,24.5,28.9,37.9,28.9,32.3,0.3,9.6,25.6,157,19.61,995.3,loc_madurai,9.9252,78.1198,ECMWF_ERA5_Reanalysis
2015-03-05,34.2,24.0,28.0,38.2,28.3,32.0,0.2,12.8,29.2,119,21.72,995.7,loc_madurai,9.9252,78.1198,ECMWF_ERA5_Reanalysis
2015-03-06,34.9,23.7,28.6,38.2,28.4,32.4,0.0,10.0,28.1,87,22.58,996.8,loc_madurai,9.9252,78.1198,ECMWF_ERA5_Reanalysis
2015-03-07,34.2,23.5,28.4,37.4,28.4,32.0,0.8,12.8,25.9,86,19.35,996.6,loc_madurai,9.9252,78.1198,ECMWF_ERA5_Reanalysis
2015-03-08,33.8,23.7,28.1,36.6,28.0,31.3,0.0,11.2,29.2,106,22.23,997.5,loc_madurai,9.9252,78.1198,ECMWF_ERA5_Reanalysis
2015-03-09,34.0,23.1,28.1,35.8,26.9,31.0,0.0,11.7,27.7,85,21.62,998.0,loc_madurai,9.9252,78.1198,ECMWF_ERA5_Reanalysis
2015-03-10,34.8,22.6,28.1,36.1,26.2,30.2,0.0,14.2,32.4,63,25.02,997.6,loc_madurai,9.9252,78.1198,ECMWF_ERA5_Reanalysis
2015-03-11,34.9,21.1,27.8,36.5,23.2,29.5,0.0,15.3,35.3,65,26.39,997.3,loc_madurai,9.9252,78.1198,ECMWF_ERA5_Reanalysis
2015-03-12,33.3,21.6,27.9,33.9,23.8,29.5,0.0,13.7,33.5,51,17.75,997.2,loc_madurai,9.9252,78.1198,ECMWF_ERA5_Reanalysis
2015-03-13,35.3,22.9,28.3,37.4,26.2,30.6,0.0,16.5,35.3,70,22.08,996.8,loc_madurai,9.9252,78.1198,ECMWF_ERA5_Reanalysis
2015-03-14,31.5,23.8,26.4,34.4,27.5,29.9,10.5,11.2,29.5,86,15.16,998.4,loc_madurai,9.9252,78.1198,ECMWF_ERA5_Reanalysis
2015-03-15,31.6,23.2,26.1,36.5,27.6,30.6,5.3,7.6,26.3,133,15.88,998.2,loc_madurai,9.9252,78.1198,ECMWF_ERA5_Reanalysis
2015-03-16,31.7,23.3,26.5,36.2,27.6,31.0,6.4,8.0,24.5,99,16.65,998.2,loc_madurai,9.9252,78.1198,ECMWF_ERA5_Reanalysis
2015-03-17,33.7,22.0,27.2,36.6,26.0,30.4,0.0,9.1,23.8,71,24.16,996.8,loc_madurai,9.9252,78.1198,ECMWF_ERA5_Reanalysis
2015-03-18,35.1,22.0,27.8,37.2,25.4,30.1,0.0,9.7,20.5,164,27.23,995.4,loc_madurai,9.9252,78.1198,ECMWF_ERA5_Reanalysis
2015-03-19,35.8,21.7,28.2,37.8,24.0,30.2,0.0,10.0,21.6,127,27.34,995.3,loc_madurai,9.9252,78.1198,ECMWF_ERA5_Reanalysis
2015-03-20,35.7,22.3,28.2,37.7,25.3,30.8,0.0,10.2,24.8,86,26.77,996.4,loc_madurai,9.9252,78.1198,ECMWF_ERA5_Reanalysis
2015-03-21,36.2,21.9,28.5,38.3,25.2,31.1,0.0,10.7,28.4,74,26.75,997.4,loc_madurai,9.9252,78.1198,ECMWF_ERA5_Reanalysis
2015-03-22,37.6,22.5,29.5,38.7,25.3,31.3,0.0,10.3,29.2,97,27.53,996.3,loc_madurai,9.9252,78.1198,ECMWF_ERA5_Reanalysis
2015-03-23,37.6,23.8,30.1,39.8,26.8,32.2,0.0,12.9,25.2,143,26.77,994.8,loc_madurai,9.9252,78.1198,ECMWF_ERA5_Reanalysis
2015-03-24,38.0,24.7,30.4,39.8,28.8,33.0,0.0,13.6,31.0,122,26.82,994.0,loc_madurai,9.9252,78.1198,ECMWF_ERA5_Reanalysis
2015-03-25,36.9,24.3,29.8,39.2,27.6,32.3,0.0,10.5,29.5,123,26.14,994.7,loc_madurai,9.9252,78.1198,ECMWF_ERA5_Reanalysis
2015-03-26,36.2,23.0,29.0,38.7,26.5,31.8,0.0,10.4,28.1,99,25.11,996.4,loc_madurai,9.9252,78.1198,ECMWF_ERA5_Reanalysis
2015-03-27,36.8,22.4,29.1,38.4,25.6,31.9,0.0,15.9,33.5,74,26.37,996.6,loc_madurai,9.9252,78.1198,ECMWF_ERA5_Reanalysis
2015-03-28,35.6,23.9,29.3,38.5,28.2,32.7,0.2,13.0,29.9,85,22.57,995.7,loc_madurai,9.9252,78.1198,ECMWF_ERA5_Reanalysis
2015-03-29,35.5,24.3,29.3,39.5,29.2,33.4,1.4,13.6,28.8,102,22.0,994.5,loc_madurai,9.9252,78.1198,ECMWF_ERA5_Reanalysis
2015-03-30,35.6,24.3,29.3,38.6,29.5,33.3,0.8,15.2,33.8,126,22.57,994.3,loc_madurai,9.9252,78.1198,ECMWF_ERA5_Reanalysis
2015-03-31,34.8,24.8,29.0,39.0,30.2,33.5,2.0,13.0,25.6,128,21.47,994.5,loc_madurai,9.9252,78.1198,ECMWF_ERA5_Reanalysis
2015-04-01,34.3,24.7,28.5,38.8,29.6,32.9,2.8,8.7,26.6,169,19.77,994.6,loc_madurai,9.9252,78.1198,ECMWF_ERA5_Reanalysis
2015-04-02,35.8,24.1,28.8,39.9,28.7,33.2,0.7,12.1,33.8,175,20.78,993.9,loc_madurai,9.9252,78.1198,ECMWF_ERA5_Reanalysis
2015-04-03,38.3,25.1,30.8,42.5,30.1,35.0,0.0,18.0,36.7,151,24.23,991.6,loc_madurai,9.9252,78.1198,ECMWF_ERA5_Reanalysis
2015-04-04,38.8,26.3,31.7,42.6,32.2,35.9,0.0,13.2,25.2,128,23.4,989.9,loc_madurai,9.9252,78.1198,ECMWF_ERA5_Reanalysis
2015-04-05,39.0,26.0,31.4,41.7,31.5,35.3,0.0,17.6,36.7,135,24.43,990.7,loc_madurai,9.9252,78.1198,ECMWF_ERA5_Reanalysis
2015-04-06,38.3,25.5,31.0,41.0,30.8,34.6,0.0,18.2,36.7,154,25.11,991.4,loc_madurai,9.9252,78.1198,ECMWF_ERA5_Reanalysis
2015-04-07,39.1,26.2,31.1,41.6,31.2,34.6,0.0,18.1,40.7,136,23.71,992.0,loc_madurai,9.9252,78.1198,ECMWF_ERA5_Reanalysis
2015-04-08,35.5,25.4,29.6,38.9,30.8,33.7,1.4,11.0,27.7,155,19.9,993.9,loc_madurai,9.9252,78.1198,ECMWF_ERA5_Reanalysis
2015-04-09,35.9,25.4,29.9,40.3,30.6,34.3,4.5,12.0,29.9,148,22.05,994.2,loc_madurai,9.9252,78.1198,ECMWF_ERA5_Reanalysis
2015-04-10,35.2,25.0,29.2,39.7,30.4,33.6,1.5,12.5,31.3,148,21.6,994.9,loc_madurai,9.9252,78.1198,ECMWF_ERA5_Reanalysis
2015-04-11,37.4,24.6,30.1,39.9,29.6,33.9,0.0,15.8,38.9,160,24.4,994.9,loc_madurai,9.9252,78.1198,ECMWF_ERA5_Reanalysis
2015-04-12,36.0,25.7,30.0,40.5,31.3,34.3,0.8,9.2,23.4,146,19.41,995.8,loc_madurai,9.9252,78.1198,ECMWF_ERA5_Reanalysis
2015-04-13,30.7,23.8,25.5,36.1,28.5,30.3,36.6,11.2,23.4,81,13.4,996.7,loc_madurai,9.9252,78.1198,ECMWF_ERA5_Reanalysis
2015-04-14,32.2,22.9,26.7,37.2,27.1,31.3,6.3,9.0,26.3,217,21.29,995.0,loc_madurai,9.9252,78.1198,ECMWF_ERA5_Reanalysis
2015-04-15,31.9,23.6,26.5,37.2,28.3,31.3,6.8,6.9,22.7,101,20.4,994.7,loc_madurai,9.9252,78.1198,ECMWF_ERA5_Reanalysis
2015-04-16,31.2,23.4,26.6,37.4,28.0,31.5,4.9,7.6,23.0,239,19.48,996.2,loc_madurai,9.9252,78.1198,ECMWF_ERA5_Reanalysis
2015-04-17,33.4,23.7,28.0,39.4,28.6,33.0,3.2,7.6,22.7,230,23.27,994.7,loc_madurai,9.9252,78.1198,ECMWF_ERA5_Reanalysis
2015-04-18,34.0,23.5,28.0,40.1,28.3,32.8,10.0,6.9,20.9,158,24.17,992.7,loc_madurai,9.9252,78.1198,ECMWF_ERA5_Reanalysis
2015-04-19,32.6,24.0,27.4,39.2,29.0,32.9,11.1,5.2,20.5,205,21.91,992.9,loc_madurai,9.9252,78.1198,ECMWF_ERA5_Reanalysis
2015-04-20,32.9,24.3,27.8,38.4,29.8,33.2,9.7,6.8,22.7,161,20.96,994.0,loc_madurai,9.9252,78.1198,ECMWF_ERA5_Reanalysis
2015-04-21,30.2,23.9,26.2,35.2,28.4,31.2,16.9,9.7,22.3,184,16.71,994.8,loc_madurai,9.9252,78.1198,ECMWF_ERA5_Reanalysis
2015-04-22,31.5,23.4,27.4,37.4,28.3,32.1,1.0,7.0,16.6,183,18.98,994.0,loc_madurai,9.9252,78.1198,ECMWF_ERA5_Reanalysis
2015-04-23,33.3,25.1,28.9,39.5,30.3,34.2,0.2,8.0,22.7,190,23.24,993.8,loc_madurai,9.9252,78.1198,ECMWF_ERA5_Reanalysis
2015-04-24,33.5,25.9,29.0,40.3,31.8,34.7,3.3,5.2,20.2,338,20.54,994.1,loc_madurai,9.9252,78.1198,ECMWF_ERA5_Reanalysis
2015-04-25,30.1,23.7,26.7,34.9,28.5,31.4,20.0,7.2,19.8,181,14.27,994.0,loc_madurai,9.9252,78.1198,ECMWF_ERA5_Reanalysis
2015-04-26,31.9,24.6,27.7,38.7,29.4,32.9,0.2,7.7,22.7,174,20.71,994.0,loc_madurai,9.9252,78.1198,ECMWF_ERA5_Reanalysis
2015-04-27,32.0,24.8,27.3,37.8,29.8,32.8,3.3,7.5,21.2,164,21.32,995.0,loc_madurai,9.9252,78.1198,ECMWF_ERA5_Reanalysis
2015-04-28,32.2,23.7,27.6,37.9,28.7,32.8,0.5,6.7,19.4,209,21.56,994.7,loc_madurai,9.9252,78.1198,ECMWF_ERA5_Reanalysis
2015-04-29,33.1,23.7,28.6,39.7,28.7,33.8,0.0,8.0,22.0,179,24.66,994.1,loc_madurai,9.9252,78.1198,ECMWF_ERA5_Reanalysis
2015-04-30,34.3,24.9,29.2,39.9,30.3,34.3,0.0,9.4,22.7,167,25.44,994.3,loc_madurai,9.9252,78.1198,ECMWF_ERA5_Reanalysis
2015-05-01,35.6,25.4,29.9,41.4,31.0,35.0,0.0,11.4,22.3,153,24.96,993.4,loc_madurai,9.9252,78.1198,ECMWF_ERA5_Reanalysis
2015-05-02,36.1,25.3,30.3,41.5,30.6,35.3,0.2,7.7,21.6,176,25.2,992.8,loc_madurai,9.9252,78.1198,ECMWF_ERA5_Reanalysis
2015-05-03,35.7,25.6,30.1,41.2,30.6,35.2,5.3,8.4,20.9,199,23.64,992.6,loc_madurai,9.9252,78.1198,ECMWF_ERA5_Reanalysis
2015-05-04,34.8,26.0,29.7,41.3,31.3,35.0,1.5,6.3,20.5,112,23.01,993.1,loc_madurai,9.9252,78.1198,ECMWF_ERA5_Reanalysis
2015-05-05,34.4,25.3,29.1,39.7,30.2,33.9,1.0,8.0,21.6,103,22.23,992.7,loc_madurai,9.9252,78.1198,ECMWF_ERA5_Reanalysis
2015-05-06,34.4,25.7,29.0,40.1,30.5,34.2,3.1,6.6,23.0,234,21.25,991.9,loc_madurai,9.9252,78.1198,ECMWF_ERA5_Reanalysis
2015-05-07,34.1,26.0,29.2,39.9,31.4,34.4,0.5,6.9,19.4,262,19.12,992.8,loc_madurai,9.9252,78.1198,ECMWF_ERA5_Reanalysis
2015-05-08,35.4,26.5,29.7,41.1,31.4,34.8,3.7,7.6,24.1,302,21.5,992.2,loc_madurai,9.9252,78.1198,ECMWF_ERA5_Reanalysis
2015-05-09,34.7,25.1,28.6,40.7,30.1,34.0,5.9,6.3,21.2,221,19.82,990.7,loc_madurai,9.9252,78.1198,ECMWF_ERA5_Reanalysis
2015-05-10,34.3,25.2,29.1,40.1,30.9,34.6,4.8,4.7,26.6,351,20.31,991.0,loc_madurai,9.9252,78.1198,ECMWF_ERA5_Reanalysis
2015-05-11,29.9,25.0,26.8,34.8,30.8,32.1,3.4,9.0,29.2,273,10.88,992.8,loc_madurai,9.9252,78.1198,ECMWF_ERA5_Reanalysis
2015-05-12,30.3,23.8,26.4,34.8,28.5,31.3,10.3,8.3,30.2,52,13.08,992.7,loc_madurai,9.9252,78.1198,ECMWF_ERA5_Reanalysis
2015-05-13,28.3,24.0,25.3,33.7,28.9,30.6,17.5,7.9,21.6,180,10.35,991.8,loc_madurai,9.9252,78.1198,ECMWF_ERA5_Reanalysis
2015-05-14,30.3,24.0,26.3,36.0,29.2,31.7,8.1,6.5,21.6,43,13.36,991.6,loc_madurai,9.9252,78.1198,ECMWF_ERA5_Reanalysis
2015-05-15,30.7,24.4,27.1,36.3,29.6,32.8,1.2,6.0,23.0,191,14.81,992.3,loc_madurai,9.9252,78.1198,ECMWF_ERA5_Reanalysis
2015-05-16,30.5,24.7,26.7,35.7,30.2,32.4,12.5,7.7,26.6,219,10.54,991.3,loc_madurai,9.9252,78.1198,ECMWF_ERA5_Reanalysis
2015-05-17,29.9,23.9,26.2,34.9,29.2,31.3,2.5,10.3,34.9,195,10.53,990.7,loc_madurai,9.9252,78.1198,ECMWF_ERA5_Reanalysis
2015-05-18,32.6,23.5,27.1,39.8,28.4,32.7,7.5,9.4,25.9,211,20.47,991.0,loc_madurai,9.9252,78.1198,ECMWF_ERA5_Reanalysis
2015-05-19,32.9,24.2,27.7,38.6,28.9,32.9,4.9,12.7,29.5,203,19.95,991.6,loc_madurai,9.9252,78.1198,ECMWF_ERA5_Reanalysis
2015-05-20,34.3,23.3,28.6,40.7,27.9,33.9,0.0,9.9,25.9,200,25.08,991.7,loc_madurai,9.9252,78.1198,ECMWF_ERA5_Reanalysis
2015-05-21,34.2,24.7,29.4,41.0,29.7,34.6,0.2,9.5,25.6,203,23.3,992.1,loc_madurai,9.9252,78.1198,ECMWF_ERA5_Reanalysis
2015-05-22,34.8,24.0,29.4,41.1,28.8,34.3,0.0,12.6,29.5,206,24.51,992.2,loc_madurai,9.9252,78.1198,ECMWF_ERA5_Reanalysis
2015-05-23,35.1,24.4,29.5,40.4,29.3,34.3,0.2,10.1,25.9,226,23.78,992.1,loc_madurai,9.9252,78.1198,ECMWF_ERA5_Reanalysis
2015-05-24,35.8,24.1,29.9,42.0,28.4,34.7,0.0,8.2,24.1,229,25.12,992.2,loc_madurai,9.9252,78.1198,ECMWF_ERA5_Reanalysis
2015-05-25,37.5,24.6,31.0,43.1,29.2,35.7,0.0,6.6,22.7,233,25.76,991.8,loc_madurai,9.9252,78.1198,ECMWF_ERA5_Reanalysis
2015-05-26,37.4,26.0,31.3,43.1,30.3,35.8,0.0,8.5,26.3,231,24.93,991.9,loc_madurai,9.9252,78.1198,ECMWF_ERA5_Reanalysis
2015-05-27,37.8,25.6,31.3,42.9,30.0,35.5,0.2,7.8,22.7,256,25.12,991.3,loc_madurai,9.9252,78.1198,ECMWF_ERA5_Reanalysis
2015-05-28,36.9,26.3,30.6,41.3,30.5,34.5,0.9,12.3,29.9,321,19.74,990.5,loc_madurai,9.9252,78.1198,ECMWF_ERA5_Reanalysis
2015-05-29,37.4,25.9,30.6,42.1,30.2,34.8,2.0,9.3,32.4,255,23.16,990.2,loc_madurai,9.9252,78.1198,ECMWF_ERA5_Reanalysis
2015-05-30,36.5,26.6,29.9,42.1,30.7,34.5,9.1,14.4,28.8,222,22.49,990.8,loc_madurai,9.9252,78.1198,ECMWF_ERA5_Reanalysis
2015-05-31,35.3,25.7,30.0,39.7,30.2,34.0,0.7,16.9,37.1,222,21.22,990.4,loc_madurai,9.9252,78.1198,ECMWF_ERA5_Reanalysis
2015-06-01,35.7,24.8,29.9,40.0,29.2,34.2,1.0,12.5,31.7,209,22.79,990.3,loc_madurai,9.9252,78.1198,ECMWF_ERA5_Reanalysis
2015-06-02,36.0,25.7,30.1,40.6,30.3,34.5,2.1,8.8,31.3,225,21.22,991.2,loc_madurai,9.9252,78.1198,ECMWF_ERA5_Reanalysis
2015-06-03,36.1,26.0,29.9,40.8,30.9,34.7,1.9,9.7,25.2,220,21.18,990.6,loc_madurai,9.9252,78.1198,ECMWF_ERA5_Reanalysis
2015-06-04,33.4,24.8,28.1,39.2,30.3,33.5,8.4,10.1,29.9,198,18.75,990.9,loc_madurai,9.9252,78.1198,ECMWF_ERA5_Reanalysis
2015-06-05,34.5,25.4,29.5,38.8,31.4,34.2,0.2,11.4,34.9,228,22.08,991.9,loc_madurai,9.9252,78.1198,ECMWF_ERA5_Reanalysis
2015-06-06,35.4,25.6,30.3,39.4,30.3,34.4,0.0,6.7,24.5,186,20.91,991.1,loc_madurai,9.9252,78.1198,ECMWF_ERA5_Reanalysis
2015-06-07,35.7,25.4,30.3,38.5,30.2,34.2,0.0,13.8,34.9,203,22.86,990.9,loc_madurai,9.9252,78.1198,ECMWF_ERA5_Reanalysis
2015-06-08,35.0,25.4,29.4,39.7,29.1,32.8,1.4,14.8,37.4,219,21.27,991.8,loc_madurai,9.9252,78.1198,ECMWF_ERA5_Reanalysis
2015-06-09,35.7,24.5,29.7,40.2,28.6,33.8,0.9,6.4,25.2,224,23.17,992.2,loc_madurai,9.9252,78.1198,ECMWF_ERA5_Reanalysis
2015-06-10,35.7,25.3,30.3,41.3,30.3,34.9,0.4,7.9,21.2,216,22.16,991.3,loc_madurai,9.9252,78.1198,ECMWF_ERA5_Reanalysis
2015-06-11,34.5,25.3,29.2,38.4,30.4,33.6,9.0,12.3,30.2,258,18.27,991.2,loc_madurai,9.9252,78.1198,ECMWF_ERA5_Reanalysis
2015-06-12,32.9,25.3,28.8,36.1,29.3,32.0,0.0,10.5,27.7,238,14.34,991.7,loc_madurai,9.9252,78.1198,ECMWF_ERA5_Reanalysis
2015-06-13,36.2,24.0,29.8,39.9,27.5,33.1,0.3,10.1,26.3,257,21.45,990.7,loc_madurai,9.9252,78.1198,ECMWF_ERA5_Reanalysis
2015-06-14,36.8,24.6,30.4,41.1,28.0,33.5,0.0,9.8,25.2,260,22.19,990.1,loc_madurai,9.9252,78.1198,ECMWF_ERA5_Reanalysis
2015-06-15,36.1,25.0,30.1,40.6,28.6,33.5,0.9,9.8,30.2,259,20.02,990.0,loc_madurai,9.9252,78.1198,ECMWF_ERA5_Reanalysis
2015-06-16,35.9,25.2,29.5,40.0,29.1,33.2,2.8,9.8,29.2,257,18.58,989.7,loc_madurai,9.9252,78.1198,ECMWF_ERA5_Reanalysis
2015-06-17,33.3,25.4,29.2,35.6,29.4,32.1,0.3,8.8,27.4,237,10.45,988.9,loc_madurai,9.9252,78.1198,ECMWF_ERA5_Reanalysis
2015-06-18,34.2,24.9,29.0,36.6,28.7,32.1,0.6,10.2,34.2,250,13.21,988.9,loc_madurai,9.9252,78.1198,ECMWF_ERA5_Reanalysis
2015-06-19,34.3,25.8,29.6,36.9,29.5,32.3,0.0,14.7,44.6,233,17.37,989.5,loc_madurai,9.9252,78.1198,ECMWF_ERA5_Reanalysis
2015-06-20,35.4,25.3,30.1,36.5,28.9,32.3,0.0,16.8,43.2,229,19.05,989.4,loc_madurai,9.9252,78.1198,ECMWF_ERA5_Reanalysis
2015-06-21,34.3,26.0,29.5,33.9,29.9,31.6,0.0,23.3,51.8,228,16.14,990.2,loc_madurai,9.9252,78.1198,ECMWF_ERA5_Reanalysis
2015-06-22,35.8,25.4,30.0,37.5,29.1,32.3,0.0,19.1,45.7,223,19.83,990.9,loc_madurai,9.9252,78.1198,ECMWF_ERA5_Reanalysis
2015-06-23,36.2,25.3,30.3,37.8,29.0,32.4,0.0,20.1,49.3,226,20.62,991.8,loc_madurai,9.9252,78.1198,ECMWF_ERA5_Reanalysis
2015-06-24,36.0,25.6,30.3,37.8,29.2,32.5,0.1,16.9,44.6,226,20.47,992.9,loc_madurai,9.9252,78.1198,ECMWF_ERA5_Reanalysis
2015-06-25,36.4,25.8,30.6,39.5,29.9,33.2,0.2,15.5,40.3,230,20.34,992.5,loc_madurai,9.9252,78.1198,ECMWF_ERA5_Reanalysis
2015-06-26,35.1,26.5,29.6,36.3,29.9,32.5,1.7,15.7,43.6,216,14.67,991.5,loc_madurai,9.9252,78.1198,ECMWF_ERA5_Reanalysis
2015-06-27,35.8,25.3,29.6,38.2,29.1,32.5,0.0,13.7,35.3,225,15.86,991.5,loc_madurai,9.9252,78.1198,ECMWF_ERA5_Reanalysis
2015-06-28,36.8,26.0,30.9,40.7,29.7,33.9,0.0,10.2,28.4,239,18.95,992.5,loc_madurai,9.9252,78.1198,ECMWF_ERA5_Reanalysis
2015-06-29,35.7,25.2,30.2,39.0,29.1,33.2,2.2,11.3,37.8,247,20.04,993.8,loc_madurai,9.9252,78.1198,ECMWF_ERA5_Reanalysis
2015-06-30,36.3,25.5,30.0,40.2,29.6,33.9,1.2,9.7,27.7,232,19.95,993.7,loc_madurai,9.9252,78.1198,ECMWF_ERA5_Reanalysis
2015-07-01,37.4,25.0,31.4,40.2,28.5,34.7,0.0,7.0,27.4,261,22.9,993.7,loc_madurai,9.9252,78.1198,ECMWF_ERA5_Reanalysis
2015-07-02,37.7,25.6,31.7,40.3,29.2,34.6,0.0,8.2,25.9,271,22.2,993.9,loc_madurai,9.9252,78.1198,ECMWF_ERA5_Reanalysis
2015-07-03,38.4,24.9,31.6,41.5,28.4,34.3,0.0,10.1,29.9,266,23.02,993.8,loc_madurai,9.9252,78.1198,ECMWF_ERA5_Reanalysis
2015-07-04,38.0,25.8,31.9,41.9,29.2,34.7,0.5,9.1,27.7,267,23.61,993.3,loc_madurai,9.9252,78.1198,ECMWF_ERA5_Reanalysis
2015-07-05,37.9,25.7,31.6,40.9,29.1,34.1,0.0,11.3,30.6,267,22.75,991.8,loc_madurai,9.9252,78.1198,ECMWF_ERA5_Reanalysis
2015-07-06,38.8,25.2,31.5,40.6,28.1,33.2,0.0,15.0,38.5,267,24.23,991.1,loc_madurai,9.9252,78.1198,ECMWF_ERA5_Reanalysis
2015-07-07,38.5,23.7,31.0,39.3,26.1,32.2,0.0,15.5,36.7,267,24.35,990.7,loc_madurai,9.9252,78.1198,ECMWF_ERA5_Reanalysis
2015-07-08,38.5,25.3,31.4,41.0,28.4,33.5,0.0,11.6,32.8,261,23.72,991.3,loc_madurai,9.9252,78.1198,ECMWF_ERA5_Reanalysis
2015-07-09,37.0,25.6,31.0,40.3,28.9,33.4,0.2,12.3,32.8,255,20.53,992.2,loc_madurai,9.9252,78.1198,ECMWF_ERA5_Reanalysis
2015-07-10,35.2,26.8,30.6,39.0,30.2,33.4,0.2,11.6,33.5,239,17.26,991.0,loc_madurai,9.9252,78.1198,ECMWF_ERA5_Reanalysis
2015-07-11,37.0,26.3,31.0,40.4,30.3,34.0,0.0,12.0,28.4,243,19.81,990.9,loc_madurai,9.9252,78.1198,ECMWF_ERA5_Reanalysis
2015-07-12,37.7,26.0,31.5,40.5,29.7,34.0,0.0,9.7,27.4,257,21.61,990.8,loc_madurai,9.9252,78.1198,ECMWF_ERA5_Reanalysis
2015-07-13,38.7,25.9,32.2,41.2,28.9,34.4,0.0,9.9,28.8,277,23.32,990.1,loc_madurai,9.9252,78.1198,ECMWF_ERA5_Reanalysis
2015-07-14,38.7,26.3,32.2,41.6,28.9,34.6,0.0,10.5,33.5,267,22.63,989.2,loc_madurai,9.9252,78.1198,ECMWF_ERA5_Reanalysis
2015-07-15,36.3,27.0,30.6,39.8,29.9,33.1,0.7,11.3,32.0,262,15.44,988.7,loc_madurai,9.9252,78.1198,ECMWF_ERA5_Reanalysis
2015-07-16,36.2,26.9,30.4,39.0,30.2,32.9,0.4,13.4,34.9,244,13.29,988.1,loc_madurai,9.9252,78.1198,ECMWF_ERA5_Reanalysis
2015-07-17,35.3,26.1,30.1,38.5,29.6,32.6,1.9,13.9,38.5,242,16.41,989.1,loc_madurai,9.9252,78.1198,ECMWF_ERA5_Reanalysis
2015-07-18,31.3,25.3,27.7,33.7,29.9,31.1,8.3,11.9,39.2,232,10.12,990.7,loc_madurai,9.9252,78.1198,ECMWF_ERA5_Reanalysis
2015-07-19,35.1,25.4,28.1,38.6,29.1,31.9,6.7,12.3,34.9,243,15.25,990.7,loc_madurai,9.9252,78.1198,ECMWF_ERA5_Reanalysis
2015-07-20,34.2,23.9,28.1,37.5,27.2,31.1,2.3,7.8,23.8,240,14.5,990.0,loc_madurai,9.9252,78.1198,ECMWF_ERA5_Reanalysis
2015-07-21,34.9,25.5,28.9,40.1,29.3,32.8,3.2,8.0,25.2,234,16.36,990.2,loc_madurai,9.9252,78.1198,ECMWF_ERA5_Reanalysis
2015-07-22,32.9,24.4,27.9,37.8,29.1,32.2,4.4,7.3,24.8,236,14.75,990.9,loc_madurai,9.9252,78.1198,ECMWF_ERA5_Reanalysis
2015-07-23,34.6,25.0,28.8,37.7,29.0,32.0,0.7,12.1,31.0,233,17.02,991.9,loc_madurai,9.9252,78.1198,ECMWF_ERA5_Reanalysis
2015-07-24,32.9,24.1,28.0,36.3,29.2,32.1,8.4,8.0,23.8,236,14.77,993.1,loc_madurai,9.9252,78.1198,ECMWF_ERA5_Reanalysis
2015-07-25,35.7,25.0,29.1,40.2,28.9,32.9,3.6,10.7,31.7,268,19.16,992.5,loc_madurai,9.9252,78.1198,ECMWF_ERA5_Reanalysis
2015-07-26,35.0,24.9,29.4,37.8,28.3,32.4,0.2,11.0,27.4,259,18.07,993.1,loc_madurai,9.9252,78.1198,ECMWF_ERA5_Reanalysis
2015-07-27,36.1,25.9,29.8,40.5,29.4,33.6,2.0,8.7,28.8,279,19.67,993.3,loc_madurai,9.9252,78.1198,ECMWF_ERA5_Reanalysis
2015-07-28,36.1,26.7,29.7,39.5,31.3,33.7,0.5,8.7,25.9,246,19.3,994.0,loc_madurai,9.9252,78.1198,ECMWF_ERA5_Reanalysis
2015-07-29,37.2,24.8,30.7,40.1,29.4,34.3,0.0,9.2,22.0,253,23.52,993.4,loc_madurai,9.9252,78.1198,ECMWF_ERA5_Reanalysis
2015-07-30,36.8,24.8,30.6,39.7,28.7,33.8,0.0,6.9,21.2,296,23.05,993.1,loc_madurai,9.9252,78.1198,ECMWF_ERA5_Reanalysis
2015-07-31,36.8,25.4,30.5,40.9,29.3,33.8,0.0,8.4,21.6,250,21.86,992.6,loc_madurai,9.9252,78.1198,ECMWF_ERA5_Reanalysis
2015-08-01,36.5,25.7,30.1,40.3,29.9,33.7,1.9,10.0,25.6,301,21.03,993.5,loc_madurai,9.9252,78.1198,ECMWF_ERA5_Reanalysis
2015-08-02,35.5,25.4,28.8,39.6,29.8,32.9,8.5,13.4,28.4,293,16.51,994.0,loc_madurai,9.9252,78.1198,ECMWF_ERA5_Reanalysis
2015-08-03,34.7,24.3,28.3,39.4,28.5,32.2,8.3,12.2,31.3,261,19.68,993.1,loc_madurai,9.9252,78.1198,ECMWF_ERA5_Reanalysis
2015-08-04,34.6,23.5,29.0,38.0,27.0,31.9,0.0,10.9,27.4,243,20.82,992.6,loc_madurai,9.9252,78.1198,ECMWF_ERA5_Reanalysis
2015-08-05,34.8,24.3,29.3,38.3,28.0,32.1,0.2,11.9,30.6,246,19.05,992.5,loc_madurai,9.9252,78.1198,ECMWF_ERA5_Reanalysis
2015-08-06,36.9,24.5,29.9,40.6,28.2,33.1,0.7,9.4,28.1,256,22.63,991.2,loc_madurai,9.9252,78.1198,ECMWF_ERA5_Reanalysis
2015-08-07,37.3,24.4,30.5,40.4,27.8,32.8,0.0,12.3,29.9,261,22.27,990.9,loc_madurai,9.9252,78.1198,ECMWF_ERA5_Reanalysis
2015-08-08,38.2,24.4,31.3,40.6,28.0,33.5,0.0,10.2,29.2,268,23.64,990.6,loc_madurai,9.9252,78.1198,ECMWF_ERA5_Reanalysis
2015-08-09,36.8,25.6,30.9,40.3,29.3,33.6,0.8,12.0,31.7,259,19.48,989.2,loc_madurai,9.9252,78.1198,ECMWF_ERA5_Reanalysis
2015-08-10,35.4,26.4,30.4,38.2,30.5,33.1,0.5,10.4,28.1,248,12.98,989.0,loc_madurai,9.9252,78.1198,ECMWF_ERA5_Reanalysis
2015-08-11,37.1,25.9,31.0,41.1,29.4,33.5,0.2,10.9,29.9,254,18.83,990.3,loc_madurai,9.9252,78.1198,ECMWF_ERA5_Reanalysis
2015-08-12,36.0,25.4,30.7,38.3,29.0,33.1,0.0,10.7,27.0,257,17.42,991.6,loc_madurai,9.9252,78.1198,ECMWF_ERA5_Reanalysis
2015-08-13,37.2,26.1,31.4,39.8,29.4,33.9,0.0,10.0,28.1,260,20.56,991.4,loc_madurai,9.9252,78.1198,ECMWF_ERA5_Reanalysis
2015-08-14,37.9,25.9,31.7,40.9,28.6,34.2,0.0,9.7,29.2,281,21.72,991.3,loc_madurai,9.9252,78.1198,ECMWF_ERA5_Reanalysis
2015-08-15,37.7,26.6,30.5,41.2,29.8,34.1,3.4,8.6,30.6,267,19.42,991.9,loc_madurai,9.9252,78.1198,ECMWF_ERA5_Reanalysis
2015-08-16,36.2,24.7,28.9,39.6,29.6,33.3,4.9,8.8,27.0,282,17.9,993.4,loc_madurai,9.9252,78.1198,ECMWF_ERA5_Reanalysis
2015-08-17,32.7,24.2,27.1,37.9,29.2,32.1,25.7,7.5,27.4,267,17.26,992.4,loc_madurai,9.9252,78.1198,ECMWF_ERA5_Reanalysis
2015-08-18,32.4,24.6,27.9,38.5,29.9,33.0,0.5,8.6,22.7,152,22.0,992.8,loc_madurai,9.9252,78.1198,ECMWF_ERA5_Reanalysis
2015-08-19,33.7,24.5,28.3,38.5,29.8,33.0,0.3,14.1,30.6,171,23.13,994.0,loc_madurai,9.9252,78.1198,ECMWF_ERA5_Reanalysis
2015-08-20,34.4,25.4,29.2,38.3,30.4,33.4,0.0,10.8,28.4,198,23.12,994.2,loc_madurai,9.9252,78.1198,ECMWF_ERA5_Reanalysis
2015-08-21,34.7,24.3,29.1,39.4,28.7,33.2,1.8,9.2,27.7,225,21.33,994.0,loc_madurai,9.9252,78.1198,ECMWF_ERA5_Reanalysis
2015-08-22,31.8,25.4,28.2,36.0,29.5,32.7,1.6,4.3,21.6,249,13.32,993.4,loc_madurai,9.9252,78.1198,ECMWF_ERA5_Reanalysis
2015-08-23,33.8,24.9,28.5,38.1,29.9,32.7,1.4,7.2,27.0,250,15.75,993.3,loc_madurai,9.9252,78.1198,ECMWF_ERA5_Reanalysis
2015-08-24,35.4,25.0,29.2,39.6,28.4,32.8,1.3,7.6,22.7,277,20.22,993.3,loc_madurai,9.9252,78.1198,ECMWF_ERA5_Reanalysis
2015-08-25,35.9,23.6,29.9,39.6,27.2,33.1,0.0,6.6,23.8,283,24.03,992.3,loc_madurai,9.9252,78.1198,ECMWF_ERA5_Reanalysis
2015-08-26,36.7,23.6,30.2,39.4,27.0,33.1,0.0,7.9,21.2,280,22.78,991.0,loc_madurai,9.9252,78.1198,ECMWF_ERA5_Reanalysis
2015-08-27,35.5,24.8,29.8,36.7,28.0,32.0,0.0,11.6,30.6,262,18.25,991.2,loc_madurai,9.9252,78.1198,ECMWF_ERA5_Reanalysis
2015-08-28,37.2,23.3,30.2,40.3,26.3,32.8,0.0,5.9,23.4,262,23.59,991.8,loc_madurai,9.9252,78.1198,ECMWF_ERA5_Reanalysis
2015-08-29,37.7,25.2,31.3,40.8,28.1,33.9,0.0,6.7,22.3,273,24.34,991.5,loc_madurai,9.9252,78.1198,ECMWF_ERA5_Reanalysis
2015-08-30,38.5,26.1,31.9,40.4,29.5,34.6,0.0,6.6,24.5,253,24.84,992.1,loc_madurai,9.9252,78.1198,ECMWF_ERA5_Reanalysis
2015-08-31,37.9,24.8,31.2,41.1,28.2,34.2,0.0,10.0,21.2,226,22.89,992.8,loc_madurai,9.9252,78.1198,ECMWF_ERA5_Reanalysis
2015-09-01,38.1,27.1,32.0,41.5,31.8,35.5,0.0,10.4,24.1,151,23.45,992.0,loc_madurai,9.9252,78.1198,ECMWF_ERA5_Reanalysis
2015-09-02,37.9,27.4,31.7,42.2,32.2,35.6,0.1,14.5,30.2,154,22.37,991.5,loc_madurai,9.9252,78.1198,ECMWF_ERA5_Reanalysis
2015-09-03,34.8,26.0,30.0,38.9,30.8,33.9,1.8,8.4,23.4,241,16.75,992.9,loc_madurai,9.9252,78.1198,ECMWF_ERA5_Reanalysis
2015-09-04,36.4,25.1,29.2,40.4,29.6,33.5,2.8,11.7,34.2,184,21.59,994.5,loc_madurai,9.9252,78.1198,ECMWF_ERA5_Reanalysis
2015-09-05,33.3,24.0,28.2,36.8,29.1,32.5,7.0,10.6,27.7,167,18.85,995.7,loc_madurai,9.9252,78.1198,ECMWF_ERA5_Reanalysis
2015-09-06,33.7,24.9,27.6,37.6,29.9,32.1,6.9,16.9,38.9,187,18.44,995.5,loc_madurai,9.9252,78.1198,ECMWF_ERA5_Reanalysis
2015-09-07,31.6,24.7,27.5,34.2,29.3,31.0,1.0,14.9,34.2,198,13.42,995.6,loc_madurai,9.9252,78.1198,ECMWF_ERA5_Reanalysis
2015-09-08,33.4,24.1,28.4,36.3,28.2,31.4,0.1,13.6,42.1,218,18.6,994.9,loc_madurai,9.9252,78.1198,ECMWF_ERA5_Reanalysis
2015-09-09,34.5,25.3,28.8,36.8,28.7,31.4,0.7,18.2,47.2,223,19.91,994.4,loc_madurai,9.9252,78.1198,ECMWF_ERA5_Reanalysis
2015-09-10,34.3,24.5,29.0,38.0,28.9,32.5,0.5,8.9,33.5,233,18.36,994.0,loc_madurai,9.9252,78.1198,ECMWF_ERA5_Reanalysis
2015-09-11,35.3,24.7,29.4,38.6,28.0,32.1,0.2,14.7,34.9,228,19.55,993.3,loc_madurai,9.9252,78.1198,ECMWF_ERA5_Reanalysis
2015-09-12,36.1,24.8,29.8,39.3,28.5,33.0,0.4,11.2,31.3,235,19.86,993.2,loc_madurai,9.9252,78.1198,ECMWF_ERA5_Reanalysis
2015-09-13,37.8,25.1,31.0,40.5,28.7,33.5,0.3,12.2,30.6,248,23.14,993.6,loc_madurai,9.9252,78.1198,ECMWF_ERA5_Reanalysis
2015-09-14,37.7,23.7,30.6,38.9,26.6,32.1,0.0,14.8,37.8,247,23.32,993.0,loc_madurai,9.9252,78.1198,ECMWF_ERA5_Reanalysis
2015-09-15,36.8,25.3,30.3,38.3,28.3,32.2,0.0,17.9,43.2,237,21.64,992.0,loc_madurai,9.9252,78.1198,ECMWF_ERA5_Reanalysis
2015-09-16,36.9,24.5,30.4,39.1,28.5,32.8,0.0,14.0,34.2,238,21.52,990.1,loc_madurai,9.9252,78.1198,ECMWF_ERA5_Reanalysis
2015-09-17,36.4,26.7,30.8,38.6,30.0,33.4,0.5,13.1,32.4,237,16.67,989.4,loc_madurai,9.9252,78.1198,ECMWF_ERA5_Reanalysis
2015-09-18,38.3,26.0,31.8,41.3,29.4,34.3,0.0,11.6,26.6,253,21.47,989.6,loc_madurai,9.9252,78.1198,ECMWF_ERA5_Reanalysis
2015-09-19,37.2,25.7,31.0,39.4,28.9,33.5,0.4,10.9,27.7,250,18.31,990.6,loc_madurai,9.9252,78.1198,ECMWF_ERA5_Reanalysis
2015-09-20,37.6,26.5,30.9,40.5,29.9,33.7,2.1,11.6,41.4,253,19.05,990.6,loc_madurai,9.9252,78.1198,ECMWF_ERA5_Reanalysis
2015-09-21,37.6,25.4,31.3,40.6,28.7,33.8,0.0,13.0,29.2,157,23.71,991.5,loc_madurai,9.9252,78.1198,ECMWF_ERA5_Reanalysis
2015-09-22,38.6,26.8,31.8,42.2,30.9,35.1,0.0,15.4,28.1,141,22.85,991.8,loc_madurai,9.9252,78.1198,ECMWF_ERA5_Reanalysis
2015-09-23,36.4,27.1,30.2,41.0,31.4,34.5,3.3,10.2,24.8,63,17.98,993.4,loc_madurai,9.9252,78.1198,ECMWF_ERA5_Reanalysis
2015-09-24,35.9,25.8,29.2,41.5,30.9,34.0,5.2,12.1,33.1,224,19.4,993.2,loc_madurai,9.9252,78.1198,ECMWF_ERA5_Reanalysis
2015-09-25,35.5,24.5,28.8,41.4,29.9,34.1,8.0,10.1,23.0,195,22.82,992.2,loc_madurai,9.9252,78.1198,ECMWF_ERA5_Reanalysis
2015-09-26,35.4,25.6,29.3,41.4,31.2,34.5,3.9,6.7,22.0,230,22.56,992.0,loc_madurai,9.9252,78.1198,ECMWF_ERA5_Reanalysis
2015-09-27,33.8,25.1,28.6,40.5,30.5,33.6,9.1,10.1,25.6,228,19.91,992.4,loc_madurai,9.9252,78.1198,ECMWF_ERA5_Reanalysis
2015-09-28,31.1,24.5,26.8,36.3,30.1,32.0,5.1,8.4,22.0,221,12.99,991.7,loc_madurai,9.9252,78.1198,ECMWF_ERA5_Reanalysis
2015-09-29,31.9,23.6,26.4,37.0,28.8,31.6,20.5,9.2,29.2,170,17.85,991.8,loc_madurai,9.9252,78.1198,ECMWF_ERA5_Reanalysis
2015-09-30,27.4,23.4,25.0,32.5,28.2,29.9,7.3,10.9,25.9,152,9.76,993.4,loc_madurai,9.9252,78.1198,ECMWF_ERA5_Reanalysis
2015-10-01,28.8,23.6,25.7,32.4,28.8,30.5,3.8,10.4,31.3,191,13.52,994.8,loc_madurai,9.9252,78.1198,ECMWF_ERA5_Reanalysis
2015-10-02,32.0,23.4,27.4,36.8,28.4,32.1,0.2,10.2,31.7,217,19.93,995.9,loc_madurai,9.9252,78.1198,ECMWF_ERA5_Reanalysis
2015-10-03,33.2,24.0,27.7,38.8,28.3,32.7,4.6,9.3,23.8,255,18.64,995.9,loc_madurai,9.9252,78.1198,ECMWF_ERA5_Reanalysis
2015-10-04,32.0,24.0,27.9,37.0,29.0,32.8,3.0,7.9,24.5,255,17.25,995.3,loc_madurai,9.9252,78.1198,ECMWF_ERA5_Reanalysis
2015-10-05,29.4,24.7,26.6,34.2,30.4,31.8,6.5,7.6,24.1,220,12.0,994.7,loc_madurai,9.9252,78.1198,ECMWF_ERA5_Reanalysis
2015-10-06,31.8,24.4,27.2,37.5,29.9,32.4,4.0,9.1,26.6,193,16.5,993.4,loc_madurai,9.9252,78.1198,ECMWF_ERA5_Reanalysis
2015-10-07,33.5,24.7,28.7,37.7,29.5,33.2,0.0,9.7,27.7,227,22.94,993.2,loc_madurai,9.9252,78.1198,ECMWF_ERA5_Reanalysis
2015-10-08,33.3,24.4,28.5,37.8,28.8,32.5,0.2,12.9,31.7,221,21.47,993.8,loc_madurai,9.9252,78.1198,ECMWF_ERA5_Reanalysis
2015-10-09,33.4,24.6,28.7,36.5,28.4,32.2,0.3,13.8,39.2,233,21.2,993.9,loc_madurai,9.9252,78.1198,ECMWF_ERA5_Reanalysis
2015-10-10,33.9,24.3,28.3,38.3,28.0,32.6,2.4,10.4,31.7,228,19.23,994.5,loc_madurai,9.9252,78.1198,ECMWF_ERA5_Reanalysis
2015-10-11,34.4,25.1,28.4,40.2,30.2,33.6,5.5,6.1,22.0,198,21.04,995.1,loc_madurai,9.9252,78.1198,ECMWF_ERA5_Reanalysis
2015-10-12,31.3,24.4,27.2,36.6,29.7,32.5,4.5,5.6,19.8,8,15.27,995.9,loc_madurai,9.9252,78.1198,ECMWF_ERA5_Reanalysis
2015-10-13,32.0,23.4,26.8,38.3,28.3,32.3,8.6,7.2,23.8,165,20.08,995.8,loc_madurai,9.9252,78.1198,ECMWF_ERA5_Reanalysis
2015-10-14,30.5,23.8,26.2,36.1,29.1,31.1,2.5,10.0,25.2,137,16.26,996.1,loc_madurai,9.9252,78.1198,ECMWF_ERA5_Reanalysis
2015-10-15,31.9,24.3,27.8,36.4,29.5,32.2,0.0,6.8,21.2,133,21.15,995.8,loc_madurai,9.9252,78.1198,ECMWF_ERA5_Reanalysis
2015-10-16,32.5,24.2,27.9,36.9,28.9,32.2,0.0,9.5,27.7,80,22.58,995.6,loc_madurai,9.9252,78.1198,ECMWF_ERA5_Reanalysis
2015-10-17,32.7,23.3,28.0,36.2,27.7,32.1,0.4,10.1,27.4,63,22.65,996.1,loc_madurai,9.9252,78.1198,ECMWF_ERA5_Reanalysis
2015-10-18,30.7,24.1,26.4,36.5,29.1,31.6,9.8,7.1,27.7,64,13.5,996.8,loc_madurai,9.9252,78.1198,ECMWF_ERA5_Reanalysis
2015-10-19,31.5,24.1,26.7,36.5,29.1,31.5,3.4,9.7,27.4,43,16.47,996.5,loc_madurai,9.9252,78.1198,ECMWF_ERA5_Reanalysis
2015-10-20,31.0,23.5,26.7,37.4,28.3,31.8,3.0,6.6,27.7,129,19.36,995.1,loc_madurai,9.9252,78.1198,ECMWF_ERA5_Reanalysis
2015-10-21,31.6,23.4,27.6,35.7,28.2,32.1,0.4,7.9,23.4,79,19.1,994.6,loc_madurai,9.9252,78.1198,ECMWF_ERA5_Reanalysis
2015-10-22,32.9,23.2,27.8,37.4,27.6,31.8,0.6,10.5,25.6,68,21.84,995.1,loc_madurai,9.9252,78.1198,ECMWF_ERA5_Reanalysis
2015-10-23,33.5,24.4,28.3,36.6,29.1,31.8,0.2,7.9,22.7,61,23.32,994.7,loc_madurai,9.9252,78.1198,ECMWF_ERA5_Reanalysis
2015-10-24,30.6,24.3,26.5,35.0,28.6,31.1,10.3,11.6,30.6,42,13.98,994.7,loc_madurai,9.9252,78.1198,ECMWF_ERA5_Reanalysis
2015-10-25,31.9,23.5,27.2,35.0,27.9,30.6,0.7,11.1,29.2,51,22.64,995.6,loc_madurai,9.9252,78.1198,ECMWF_ERA5_Reanalysis
2015-10-26,30.2,23.0,26.4,32.9,26.4,29.9,0.1,10.3,31.3,31,13.75,996.2,loc_madurai,9.9252,78.1198,ECMWF_ERA5_Reanalysis
2015-10-27,32.0,24.1,27.6,34.4,29.0,31.1,0.0,10.5,28.1,65,17.04,995.9,loc_madurai,9.9252,78.1198,ECMWF_ERA5_Reanalysis
2015-10-28,31.7,24.1,26.0,36.5,29.3,30.8,8.6,8.7,31.0,22,13.26,995.8,loc_madurai,9.9252,78.1198,ECMWF_ERA5_Reanalysis
2015-10-29,31.3,23.0,26.4,35.7,27.7,30.9,3.5,12.7,30.2,30,17.91,994.9,loc_madurai,9.9252,78.1198,ECMWF_ERA5_Reanalysis
2015-10-30,30.8,23.5,26.1,35.5,27.7,30.8,9.3,9.6,30.6,33,15.43,993.8,loc_madurai,9.9252,78.1198,ECMWF_ERA5_Reanalysis
2015-10-31,30.3,23.7,25.8,36.3,28.3,30.6,5.4,8.3,25.2,74,11.94,994.2,loc_madurai,9.9252,78.1198,ECMWF_ERA5_Reanalysis
2015-11-01,28.4,23.1,24.7,32.7,27.7,29.2,16.8,12.3,35.3,160,11.2,995.4,loc_madurai,9.9252,78.1198,ECMWF_ERA5_Reanalysis
2015-11-02,28.9,23.1,25.1,34.2,28.2,30.2,7.7,8.0,31.0,181,13.82,996.4,loc_madurai,9.9252,78.1198,ECMWF_ERA5_Reanalysis
2015-11-03,30.0,22.8,25.7,35.0,27.7,30.7,5.2,6.5,18.4,171,16.26,996.2,loc_madurai,9.9252,78.1198,ECMWF_ERA5_Reanalysis
2015-11-04,30.7,23.4,26.1,36.2,28.4,31.4,19.2,5.1,18.7,216,17.41,995.8,loc_madurai,9.9252,78.1198,ECMWF_ERA5_Reanalysis
2015-11-05,29.7,23.3,25.9,36.2,28.0,30.8,5.4,5.9,17.6,335,14.01,995.5,loc_madurai,9.9252,78.1198,ECMWF_ERA5_Reanalysis
2015-11-06,30.5,22.6,26.1,34.2,27.2,30.5,5.5,11.0,27.7,36,18.2,994.3,loc_madurai,9.9252,78.1198,ECMWF_ERA5_Reanalysis
2015-11-07,29.5,23.1,25.6,33.6,27.8,30.0,4.9,13.3,31.0,20,14.81,994.7,loc_madurai,9.9252,78.1198,ECMWF_ERA5_Reanalysis
2015-11-08,28.1,23.3,24.9,31.9,27.9,29.7,13.4,7.6,28.4,328,7.37,994.5,loc_madurai,9.9252,78.1198,ECMWF_ERA5_Reanalysis
2015-11-09,28.9,23.4,25.5,33.7,27.9,30.5,9.3,6.2,20.2,249,7.27,992.5,loc_madurai,9.9252,78.1198,ECMWF_ERA5_Reanalysis
2015-11-10,26.1,22.5,24.1,29.9,26.7,28.3,32.3,6.9,31.3,346,6.03,991.6,loc_madurai,9.9252,78.1198,ECMWF_ERA5_Reanalysis
2015-11-11,29.2,22.2,26.0,33.9,26.0,30.3,0.1,6.5,18.0,169,14.81,993.1,loc_madurai,9.9252,78.1198,ECMWF_ERA5_Reanalysis
2015-11-12,30.1,23.1,26.4,34.3,27.6,31.0,4.3,7.1,20.9,16,17.75,995.5,loc_madurai,9.9252,78.1198,ECMWF_ERA5_Reanalysis
2015-11-13,28.0,23.3,25.0,32.0,26.6,29.3,7.9,12.0,36.7,7,11.06,996.2,loc_madurai,9.9252,78.1198,ECMWF_ERA5_Reanalysis
2015-11-14,26.1,21.8,23.0,28.1,24.4,25.8,12.3,10.4,25.2,353,5.14,994.4,loc_madurai,9.9252,78.1198,ECMWF_ERA5_Reanalysis
2015-11-15,23.4,21.2,21.9,26.8,23.4,24.5,69.5,9.8,25.6,342,3.25,992.6,loc_madurai,9.9252,78.1198,ECMWF_ERA5_Reanalysis
2015-11-16,28.8,21.2,24.9,34.5,24.2,29.3,1.7,4.7,16.9,265,15.32,991.8,loc_madurai,9.9252,78.1198,ECMWF_ERA5_Reanalysis
2015-11-17,29.8,22.1,25.7,35.5,25.9,30.5,3.5,7.2,18.7,285,17.1,991.9,loc_madurai,9.9252,78.1198,ECMWF_ERA5_Reanalysis
2015-11-18,28.5,23.5,25.5,32.9,28.6,30.4,4.0,6.6,18.0,42,13.11,993.1,loc_madurai,9.9252,78.1198,ECMWF_ERA5_Reanalysis
2015-11-19,28.0,23.3,24.9,33.4,28.3,30.1,8.5,4.7,18.7,77,9.03,994.2,loc_madurai,9.9252,78.1198,ECMWF_ERA5_Reanalysis
2015-11-20,28.7,22.9,24.7,33.8,27.6,29.6,6.0,6.5,25.6,46,10.1,994.4,loc_madurai,9.9252,78.1198,ECMWF_ERA5_Reanalysis
2015-11-21,28.9,23.0,25.4,34.0,27.6,29.7,2.0,12.3,34.2,29,14.58,994.4,loc_madurai,9.9252,78.1198,ECMWF_ERA5_Reanalysis
2015-11-22,24.4,23.1,23.5,29.1,26.6,27.6,24.3,12.6,28.4,21,1.85,994.3,loc_madurai,9.9252,78.1198,ECMWF_ERA5_Reanalysis
2015-11-23,28.0,23.0,24.9,32.9,27.4,29.4,8.5,9.7,27.7,37,11.25,995.5,loc_madurai,9.9252,78.1198,ECMWF_ERA5_Reanalysis
2015-11-24,28.7,22.9,25.4,33.3,27.0,29.6,2.4,8.5,24.1,32,14.81,995.8,loc_madurai,9.9252,78.1198,ECMWF_ERA5_Reanalysis
2015-11-25,29.3,21.7,25.2,32.7,24.1,28.4,0.0,12.0,28.1,21,20.76,995.6,loc_madurai,9.9252,78.1198,ECMWF_ERA5_Reanalysis
2015-11-26,30.1,18.9,24.8,33.4,21.0,27.9,0.0,11.9,31.3,13,20.46,995.4,loc_madurai,9.9252,78.1198,ECMWF_ERA5_Reanalysis
2015-11-27,29.0,22.0,25.4,32.5,25.6,29.1,0.0,10.9,26.3,32,17.39,994.9,loc_madurai,9.9252,78.1198,ECMWF_ERA5_Reanalysis
2015-11-28,28.9,22.7,25.4,32.3,25.5,28.6,0.0,11.1,26.3,36,16.17,996.0,loc_madurai,9.9252,78.1198,ECMWF_ERA5_Reanalysis
2015-11-29,28.7,20.7,24.7,31.9,23.4,28.0,6.5,12.4,27.7,24,13.94,996.8,loc_madurai,9.9252,78.1198,ECMWF_ERA5_Reanalysis
2015-11-30,27.9,22.9,24.3,32.2,27.3,28.7,16.1,10.9,25.6,6,7.71,996.8,loc_madurai,9.9252,78.1198,ECMWF_ERA5_Reanalysis
2015-12-01,27.0,23.0,24.4,30.1,26.8,28.4,9.7,14.5,32.0,3,5.97,995.0,loc_madurai,9.9252,78.1198,ECMWF_ERA5_Reanalysis
2015-12-02,27.7,23.2,25.0,32.9,27.5,29.8,3.5,6.9,21.2,37,10.81,995.1,loc_madurai,9.9252,78.1198,ECMWF_ERA5_Reanalysis
2015-12-03,26.7,22.3,24.4,30.5,26.4,28.6,4.0,11.6,24.5,349,7.88,995.4,loc_madurai,9.9252,78.1198,ECMWF_ERA5_Reanalysis
2015-12-04,27.6,22.9,24.9,29.6,26.2,27.9,13.9,18.4,40.3,13,10.08,994.5,loc_madurai,9.9252,78.1198,ECMWF_ERA5_Reanalysis
2015-12-05,24.2,22.8,23.3,27.4,25.6,26.7,19.4,11.9,28.1,7,2.92,994.7,loc_madurai,9.9252,78.1198,ECMWF_ERA5_Reanalysis
2015-12-06,25.9,22.5,23.8,29.4,26.3,27.7,12.1,14.8,33.1,26,4.45,995.3,loc_madurai,9.9252,78.1198,ECMWF_ERA5_Reanalysis
2015-12-07,25.2,22.7,23.6,28.6,26.5,27.2,8.8,11.9,28.8,23,3.41,996.2,loc_madurai,9.9252,78.1198,ECMWF_ERA5_Reanalysis
2015-12-08,26.0,23.2,24.3,28.8,25.9,27.3,3.6,14.7,32.8,10,6.38,996.7,loc_madurai,9.9252,78.1198,ECMWF_ERA5_Reanalysis
2015-12-09,27.0,23.0,24.7,30.5,25.8,28.2,1.3,12.4,27.0,20,7.86,997.0,loc_madurai,9.9252,78.1198,ECMWF_ERA5_Reanalysis
2015-12-10,28.5,23.5,25.4,33.8,27.8,29.9,2.1,9.2,31.3,42,14.04,996.9,loc_madurai,9.9252,78.1198,ECMWF_ERA5_Reanalysis
2015-12-11,27.7,23.2,24.8,33.6,27.9,29.9,6.2,5.4,24.5,54,9.04,996.2,loc_madurai,9.9252,78.1198,ECMWF_ERA5_Reanalysis
2015-12-12,27.3,23.5,24.8,32.6,28.2,29.8,10.1,6.1,19.4,46,7.14,995.4,loc_madurai,9.9252,78.1198,ECMWF_ERA5_Reanalysis
2015-12-13,29.0,21.9,25.6,33.7,26.0,30.3,0.2,6.0,17.3,152,15.4,995.5,loc_madurai,9.9252,78.1198,ECMWF_ERA5_Reanalysis
2015-12-14,29.1,23.2,25.6,33.9,27.6,30.3,1.2,7.0,20.2,72,14.7,996.0,loc_madurai,9.9252,78.1198,ECMWF_ERA5_Reanalysis
2015-12-15,28.4,23.2,25.3,34.0,27.9,30.1,4.8,6.9,18.7,41,13.33,996.0,loc_madurai,9.9252,78.1198,ECMWF_ERA5_Reanalysis
2015-12-16,28.3,21.6,24.9,31.9,24.4,28.6,0.9,10.6,26.3,65,14.43,996.6,loc_madurai,9.9252,78.1198,ECMWF_ERA5_Reanalysis
2015-12-17,28.3,18.8,23.8,31.4,20.9,26.8,0.0,10.3,24.5,28,15.82,996.4,loc_madurai,9.9252,78.1198,ECMWF_ERA5_Reanalysis
2015-12-18,27.2,22.3,24.3,31.6,26.0,28.3,1.6,9.2,25.6,30,11.44,997.1,loc_madurai,9.9252,78.1198,ECMWF_ERA5_Reanalysis
2015-12-19,27.2,22.4,24.1,31.0,26.5,28.1,3.8,10.5,29.5,47,10.79,999.0,loc_madurai,9.9252,78.1198,ECMWF_ERA5_Reanalysis
2015-12-20,28.5,21.6,24.8,32.2,25.3,28.7,1.1,11.0,25.6,45,15.85,998.5,loc_madurai,9.9252,78.1198,ECMWF_ERA5_Reanalysis
2015-12-21,29.2,20.3,24.1,32.6,22.9,27.3,0.0,8.7,23.8,24,21.09,998.5,loc_madurai,9.9252,78.1198,ECMWF_ERA5_Reanalysis
2015-12-22,28.7,17.9,23.4,32.1,19.6,26.2,0.0,9.2,22.3,26,21.93,998.9,loc_madurai,9.9252,78.1198,ECMWF_ERA5_Reanalysis
2015-12-23,29.0,18.7,24.0,32.0,20.8,26.8,0.0,11.0,25.2,27,18.59,999.0,loc_madurai,9.9252,78.1198,ECMWF_ERA5_Reanalysis
2015-12-24,28.7,18.7,24.0,31.7,20.9,26.8,0.0,11.5,25.6,28,17.83,998.2,loc_madurai,9.9252,78.1198,ECMWF_ERA5_Reanalysis
2015-12-25,28.9,18.0,23.8,31.1,20.2,26.3,0.0,17.0,35.6,19,18.12,997.8,loc_madurai,9.9252,78.1198,ECMWF_ERA5_Reanalysis
2015-12-26,28.9,19.8,24.3,30.7,21.9,26.5,0.0,16.9,36.7,24,17.66,998.1,loc_madurai,9.9252,78.1198,ECMWF_ERA5_Reanalysis
2015-12-27,27.6,22.0,24.8,29.7,24.4,27.1,0.1,18.7,36.4,27,11.53,998.9,loc_madurai,9.9252,78.1198,ECMWF_ERA5_Reanalysis
2015-12-28,26.7,23.5,25.0,29.1,25.2,27.1,0.0,18.1,38.5,25,8.58,1000.3,loc_madurai,9.9252,78.1198,ECMWF_ERA5_Reanalysis
2015-12-29,28.0,22.0,24.9,31.1,23.9,27.7,0.5,14.6,31.0,35,11.77,999.3,loc_madurai,9.9252,78.1198,ECMWF_ERA5_Reanalysis
2015-12-30,28.8,21.7,25.0,31.3,23.9,27.4,0.0,13.3,30.6,29,19.13,998.1,loc_madurai,9.9252,78.1198,ECMWF_ERA5_Reanalysis
2015-12-31,28.8,18.8,23.7,30.0,20.7,25.4,0.0,15.5,33.8,31,19.58,998.9,loc_madurai,9.9252,78.1198,ECMWF_ERA5_Reanalysis
2016-01-01,28.4,20.0,24.0,29.6,21.8,25.4,0.0,16.6,37.4,23,18.98,1000.1,loc_madurai,9.9252,78.1198,ECMWF_ERA5_Reanalysis
2016-01-02,28.8,19.5,23.9,30.8,20.9,25.4,0.0,15.1,34.2,14,21.11,1000.6,loc_madurai,9.9252,78.1198,ECMWF_ERA5_Reanalysis
2016-01-03,29.4,16.5,23.0,30.0,17.4,23.9,0.0,15.1,33.1,14,22.85,999.5,loc_madurai,9.9252,78.1198,ECMWF_ERA5_Reanalysis
2016-01-04,29.4,16.9,23.4,31.8,17.7,24.9,0.0,12.4,29.9,22,21.57,999.4,loc_madurai,9.9252,78.1198,ECMWF_ERA5_Reanalysis
2016-01-05,29.1,18.5,24.0,31.4,20.4,26.2,0.0,11.1,28.1,27,17.65,998.8,loc_madurai,9.9252,78.1198,ECMWF_ERA5_Reanalysis
2016-01-06,28.9,23.1,25.4,30.5,25.7,27.7,0.0,12.3,29.5,32,15.02,998.5,loc_madurai,9.9252,78.1198,ECMWF_ERA5_Reanalysis
2016-01-07,28.8,22.1,25.0,31.0,24.7,27.3,0.0,13.4,31.0,28,14.65,999.3,loc_madurai,9.9252,78.1198,ECMWF_ERA5_Reanalysis
2016-01-08,29.6,20.5,24.7,30.8,22.9,26.7,0.0,14.3,32.4,31,17.28,999.3,loc_madurai,9.9252,78.1198,ECMWF_ERA5_Reanalysis
2016-01-09,29.2,19.5,24.4,31.0,21.9,26.4,0.0,11.8,28.4,32,19.65,997.8,loc_madurai,9.9252,78.1198,ECMWF_ERA5_Reanalysis
2016-01-10,29.2,18.5,24.2,31.2,20.2,26.0,0.0,11.7,28.1,37,20.77,998.6,loc_madurai,9.9252,78.1198,ECMWF_ERA5_Reanalysis
2016-01-11,29.4,19.1,24.3,31.1,21.0,26.0,0.0,12.4,30.6,33,21.46,998.8,loc_madurai,9.9252,78.1198,ECMWF_ERA5_Reanalysis
2016-01-12,29.6,18.0,24.1,31.4,19.5,25.6,0.0,11.2,28.4,31,22.21,997.4,loc_madurai,9.9252,78.1198,ECMWF_ERA5_Reanalysis
2016-01-13,29.2,17.7,23.8,31.4,19.1,25.7,0.0,8.3,22.3,27,19.4,997.2,loc_madurai,9.9252,78.1198,ECMWF_ERA5_Reanalysis
2016-01-14,29.8,17.9,24.0,31.3,19.5,25.4,0.0,12.6,31.3,34,22.19,997.0,loc_madurai,9.9252,78.1198,ECMWF_ERA5_Reanalysis
2016-01-15,29.3,17.5,23.6,31.2,19.0,25.0,0.0,10.6,28.1,29,21.87,996.6,loc_madurai,9.9252,78.1198,ECMWF_ERA5_Reanalysis
2016-01-16,29.7,18.2,24.1,32.7,19.5,25.9,0.0,7.4,21.6,44,18.59,995.9,loc_madurai,9.9252,78.1198,ECMWF_ERA5_Reanalysis
2016-01-17,29.7,19.3,24.8,31.8,21.5,27.1,0.0,8.1,19.4,63,17.65,995.8,loc_madurai,9.9252,78.1198,ECMWF_ERA5_Reanalysis
2016-01-18,30.3,19.7,25.2,33.2,22.3,27.9,0.0,8.8,22.0,70,19.97,995.2,loc_madurai,9.9252,78.1198,ECMWF_ERA5_Reanalysis
2016-01-19,30.4,20.6,25.5,32.5,23.4,28.3,0.0,8.6,20.2,75,16.94,995.1,loc_madurai,9.9252,78.1198,ECMWF_ERA5_Reanalysis
2016-01-20,29.9,22.1,26.1,32.7,26.0,29.4,0.0,6.8,18.7,59,13.06,996.0,loc_madurai,9.9252,78.1198,ECMWF_ERA5_Reanalysis
2016-01-21,29.6,24.1,26.6,32.3,28.0,29.9,0.3,9.3,24.1,51,11.3,996.7,loc_madurai,9.9252,78.1198,ECMWF_ERA5_Reanalysis
2016-01-22,30.8,23.4,26.4,32.7,26.3,28.8,0.0,11.6,28.4,52,14.4,997.4,loc_madurai,9.9252,78.1198,ECMWF_ERA5_Reanalysis
2016-01-23,31.4,21.0,26.0,33.4,23.8,28.2,0.0,12.3,33.8,36,18.45,998.0,loc_madurai,9.9252,78.1198,ECMWF_ERA5_Reanalysis
2016-01-24,30.7,22.5,26.2,33.4,25.5,29.0,0.0,11.5,29.9,39,15.84,998.5,loc_madurai,9.9252,78.1198,ECMWF_ERA5_Reanalysis
2016-01-25,29.4,23.3,26.2,31.9,26.8,29.1,0.0,10.7,26.3,41,12.23,997.7,loc_madurai,9.9252,78.1198,ECMWF_ERA5_Reanalysis
2016-01-26,31.1,20.9,26.1,33.8,23.7,28.7,0.0,10.5,27.7,58,18.87,997.2,loc_madurai,9.9252,78.1198,ECMWF_ERA5_Reanalysis
2016-01-27,31.7,21.3,26.2,33.5,24.7,28.8,0.0,11.3,27.0,53,18.61,997.2,loc_madurai,9.9252,78.1198,ECMWF_ERA5_Reanalysis
2016-01-28,32.1,19.7,25.8,34.3,22.0,28.1,0.0,11.0,27.7,45,23.56,997.4,loc_madurai,9.9252,78.1198,ECMWF_ERA5_Reanalysis
2016-01-29,32.2,19.2,25.8,33.5,21.5,27.8,0.0,13.5,31.0,49,24.0,997.9,loc_madurai,9.9252,78.1198,ECMWF_ERA5_Reanalysis
2016-01-30,31.3,18.5,25.1,31.9,20.3,26.4,0.0,15.3,35.6,37,23.9,998.1,loc_madurai,9.9252,78.1198,ECMWF_ERA5_Reanalysis
2016-01-31,31.2,18.2,25.0,32.9,19.7,26.5,0.0,11.5,29.5,39,23.02,997.7,loc_madurai,9.9252,78.1198,ECMWF_ERA5_Reanalysis
2016-02-01,31.2,17.4,24.5,32.5,18.6,25.8,0.0,13.0,32.0,45,21.91,997.6,loc_madurai,9.9252,78.1198,ECMWF_ERA5_Reanalysis
2016-02-02,32.2,16.9,24.8,32.3,17.8,25.4,0.0,11.7,29.9,32,24.57,998.0,loc_madurai,9.9252,78.1198,ECMWF_ERA5_Reanalysis
2016-02-03,32.5,17.4,24.9,32.9,18.5,25.8,0.0,13.2,31.3,36,24.29,997.3,loc_madurai,9.9252,78.1198,ECMWF_ERA5_Reanalysis
2016-02-04,32.2,17.1,24.8,32.3,17.6,25.2,0.0,16.7,37.8,42,24.5,997.2,loc_madurai,9.9252,78.1198,ECMWF_ERA5_Reanalysis
2016-02-05,31.0,17.4,24.9,32.8,18.5,26.3,0.0,10.7,28.4,38,21.93,997.0,loc_madurai,9.9252,78.1198,ECMWF_ERA5_Reanalysis
2016-02-06,31.2,19.3,25.6,33.1,21.1,27.6,0.0,8.0,22.3,54,20.07,996.1,loc_madurai,9.9252,78.1198,ECMWF_ERA5_Reanalysis
2016-02-07,32.4,21.1,26.8,34.2,24.1,29.5,0.0,8.9,22.7,61,18.43,996.8,loc_madurai,9.9252,78.1198,ECMWF_ERA5_Reanalysis
2016-02-08,33.3,23.6,27.5,35.6,27.8,30.6,0.0,11.7,28.8,65,18.37,996.5,loc_madurai,9.9252,78.1198,ECMWF_ERA5_Reanalysis
2016-02-09,33.1,21.9,27.3,35.6,25.3,30.2,0.0,10.3,26.6,58,22.45,996.5,loc_madurai,9.9252,78.1198,ECMWF_ERA5_Reanalysis
2016-02-10,33.5,21.8,27.5,35.7,25.6,30.3,0.0,9.5,25.2,70,22.46,996.1,loc_madurai,9.9252,78.1198,ECMWF_ERA5_Reanalysis
2016-02-11,33.7,23.0,27.6,35.3,27.3,30.3,0.0,9.2,22.3,86,21.39,995.7,loc_madurai,9.9252,78.1198,ECMWF_ERA5_Reanalysis
2016-02-12,34.1,22.5,27.8,36.1,25.8,30.2,0.0,8.8,21.2,86,22.93,995.5,loc_madurai,9.9252,78.1198,ECMWF_ERA5_Reanalysis
2016-02-13,34.2,22.3,27.5,36.4,25.5,30.1,0.0,11.3,28.1,83,24.4,995.7,loc_madurai,9.9252,78.1198,ECMWF_ERA5_Reanalysis
2016-02-14,32.6,21.6,26.7,33.9,25.1,28.9,0.0,12.3,32.0,62,22.99,996.1,loc_madurai,9.9252,78.1198,ECMWF_ERA5_Reanalysis
2016-02-15,33.0,20.0,26.6,34.9,22.1,28.8,0.0,10.0,28.1,56,23.52,997.0,loc_madurai,9.9252,78.1198,ECMWF_ERA5_Reanalysis
2016-02-16,33.3,22.5,27.5,34.5,26.0,29.6,0.0,12.6,29.9,54,18.38,997.4,loc_madurai,9.9252,78.1198,ECMWF_ERA5_Reanalysis
2016-02-17,32.7,23.7,27.5,33.7,26.0,29.3,0.0,16.2,37.1,46,15.88,997.1,loc_madurai,9.9252,78.1198,ECMWF_ERA5_Reanalysis
2016-02-18,32.7,24.6,27.9,33.5,27.5,29.8,0.1,17.9,37.1,53,12.99,997.1,loc_madurai,9.9252,78.1198,ECMWF_ERA5_Reanalysis
2016-02-19,32.5,22.8,27.7,34.3,25.8,30.2,0.0,11.8,29.5,52,15.97,998.1,loc_madurai,9.9252,78.1198,ECMWF_ERA5_Reanalysis
2016-02-20,34.0,23.6,28.5,37.6,27.3,31.9,0.0,12.2,25.9,93,21.02,998.4,loc_madurai,9.9252,78.1198,ECMWF_ERA5_Reanalysis
2016-02-21,35.6,24.4,29.1,39.6,29.4,33.0,0.0,12.9,27.0,119,23.86,997.1,loc_madurai,9.9252,78.1198,ECMWF_ERA5_Reanalysis
2016-02-22,36.0,24.1,29.0,39.2,28.0,32.2,0.0,13.8,28.4,89,24.66,997.4,loc_madurai,9.9252,78.1198,ECMWF_ERA5_Reanalysis
2016-02-23,34.3,22.6,27.5,36.9,26.6,30.3,0.0,12.0,26.3,105,25.04,997.1,loc_madurai,9.9252,78.1198,ECMWF_ERA5_Reanalysis
2016-02-24,35.0,20.5,27.6,38.3,23.1,29.9,0.0,8.7,21.2,144,25.72,996.2,loc_madurai,9.9252,78.1198,ECMWF_ERA5_Reanalysis
2016-02-25,35.6,23.1,28.8,39.1,24.8,31.6,0.0,14.1,28.1,97,23.89,996.3,loc_madurai,9.9252,78.1198,ECMWF_ERA5_Reanalysis
2016-02-26,33.5,24.9,28.1,36.9,27.9,31.6,0.7,15.0,31.3,76,20.52,997.5,loc_madurai,9.9252,78.1198,ECMWF_ERA5_Reanalysis
2016-02-27,32.9,21.6,27.4,35.7,24.4,30.3,1.2,11.5,29.5,57,19.19,998.6,loc_madurai,9.9252,78.1198,ECMWF_ERA5_Reanalysis
2016-02-28,33.0,24.5,28.0,35.7,28.9,31.7,1.6,13.1,36.0,52,18.0,999.3,loc_madurai,9.9252,78.1198,ECMWF_ERA5_Reanalysis
2016-02-29,34.6,24.0,28.6,37.2,28.4,31.8,0.0,11.3,31.0,51,21.36,999.0,loc_madurai,9.9252,78.1198,ECMWF_ERA5_Reanalysis
2016-03-01,34.2,23.1,28.0,36.4,27.0,30.8,0.0,14.5,35.3,58,19.45,997.5,loc_madurai,9.9252,78.1198,ECMWF_ERA5_Reanalysis
2016-03-02,34.2,23.0,28.1,35.1,27.2,30.8,0.0,11.4,29.2,59,20.55,997.6,loc_madurai,9.9252,78.1198,ECMWF_ERA5_Reanalysis
2016-03-03,34.4,21.8,27.9,36.2,25.1,30.2,0.0,13.1,34.2,58,24.76,998.1,loc_madurai,9.9252,78.1198,ECMWF_ERA5_Reanalysis
2016-03-04,34.8,21.7,28.0,35.8,24.6,30.0,0.0,10.1,28.4,51,22.61,996.8,loc_madurai,9.9252,78.1198,ECMWF_ERA5_Reanalysis
2016-03-05,35.1,21.8,28.2,37.1,24.7,30.7,0.0,14.5,29.5,54,24.84,995.9,loc_madurai,9.9252,78.1198,ECMWF_ERA5_Reanalysis
2016-03-06,34.8,23.3,28.1,37.5,27.2,31.1,0.0,13.0,24.8,75,24.34,995.4,loc_madurai,9.9252,78.1198,ECMWF_ERA5_Reanalysis
2016-03-07,35.3,23.0,28.3,37.7,26.6,31.0,0.0,12.8,26.6,62,24.1,995.0,loc_madurai,9.9252,78.1198,ECMWF_ERA5_Reanalysis
2016-03-08,35.3,22.4,28.5,38.0,26.1,31.5,0.0,11.2,24.5,76,24.44,994.8,loc_madurai,9.9252,78.1198,ECMWF_ERA5_Reanalysis
2016-03-09,35.8,23.8,29.4,39.8,27.7,32.7,0.0,10.7,26.3,126,25.42,995.1,loc_madurai,9.9252,78.1198,ECMWF_ERA5_Reanalysis
2016-03-10,34.7,24.9,29.5,37.7,29.4,33.3,0.0,8.8,20.5,119,19.5,995.8,loc_madurai,9.9252,78.1198,ECMWF_ERA5_Reanalysis
2016-03-11,35.9,25.2,29.7,41.5,30.9,34.5,0.2,13.5,27.0,123,21.07,996.1,loc_madurai,9.9252,78.1198,ECMWF_ERA5_Reanalysis
2016-03-12,36.4,25.4,30.1,40.1,30.7,34.1,0.0,13.6,30.6,154,22.08,995.6,loc_madurai,9.9252,78.1198,ECMWF_ERA5_Reanalysis
2016-03-13,36.9,24.3,30.3,41.4,28.8,34.3,0.0,14.6,25.9,130,22.05,995.5,loc_madurai,9.9252,78.1198,ECMWF_ERA5_Reanalysis
2016-03-14,37.5,25.9,30.6,41.3,31.0,34.6,0.0,13.5,29.9,144,23.34,995.5,loc_madurai,9.9252,78.1198,ECMWF_ERA5_Reanalysis
2016-03-15,37.9,25.4,30.6,40.2,30.8,34.1,0.0,17.3,34.9,151,25.1,995.4,loc_madurai,9.9252,78.1198,ECMWF_ERA5_Reanalysis
2016-03-16,37.7,24.4,30.4,41.5,29.6,34.4,0.0,18.1,35.6,118,22.94,994.8,loc_madurai,9.9252,78.1198,ECMWF_ERA5_Reanalysis
2016-03-17,38.4,25.7,31.1,41.6,30.3,34.8,0.0,13.9,32.0,119,25.57,995.0,loc_madurai,9.9252,78.1198,ECMWF_ERA5_Reanalysis
2016-03-18,37.8,24.5,30.5,40.6,29.3,33.8,0.0,12.6,30.6,110,25.64,994.7,loc_madurai,9.9252,78.1198,ECMWF_ERA5_Reanalysis
2016-03-19,39.0,24.2,30.7,40.8,27.6,33.2,0.0,11.3,25.2,139,26.92,994.8,loc_madurai,9.9252,78.1198,ECMWF_ERA5_Reanalysis
2016-03-20,39.3,24.9,31.3,41.2,29.8,34.2,0.0,14.8,28.8,130,26.98,995.1,loc_madurai,9.9252,78.1198,ECMWF_ERA5_Reanalysis
2016-03-21,39.3,25.6,31.7,42.0,28.7,34.4,0.0,15.5,31.0,150,26.47,994.2,loc_madurai,9.9252,78.1198,ECMWF_ERA5_Reanalysis
2016-03-22,39.5,26.1,31.9,42.6,30.7,35.3,0.0,19.5,40.3,158,24.4,992.7,loc_madurai,9.9252,78.1198,ECMWF_ERA5_Reanalysis
2016-03-23,39.6,26.7,32.1,42.2,32.1,35.8,0.0,17.9,38.9,131,24.73,993.3,loc_madurai,9.9252,78.1198,ECMWF_ERA5_Reanalysis
2016-03-24,38.7,26.0,31.4,41.2,31.0,34.8,0.0,17.1,34.9,106,24.96,995.2,loc_madurai,9.9252,78.1198,ECMWF_ERA5_Reanalysis
2016-03-25,37.5,24.6,30.1,39.3,29.2,32.9,0.0,14.2,30.2,102,26.63,997.3,loc_madurai,9.9252,78.1198,ECMWF_ERA5_Reanalysis
2016-03-26,37.6,23.5,29.8,38.5,26.7,32.0,0.0,13.2,28.8,81,27.63,996.5,loc_madurai,9.9252,78.1198,ECMWF_ERA5_Reanalysis
2016-03-27,37.0,24.4,30.0,40.3,27.6,32.8,0.0,13.7,29.9,116,26.57,996.1,loc_madurai,9.9252,78.1198,ECMWF_ERA5_Reanalysis
2016-03-28,37.3,24.6,30.0,40.9,28.2,33.7,0.3,15.8,38.9,110,24.39,996.3,loc_madurai,9.9252,78.1198,ECMWF_ERA5_Reanalysis
2016-03-29,35.6,25.5,29.3,39.7,31.0,34.1,2.6,8.8,27.0,114,18.81,996.6,loc_madurai,9.9252,78.1198,ECMWF_ERA5_Reanalysis
2016-03-30,37.2,25.2,30.3,40.4,30.9,34.4,0.4,13.6,26.3,120,23.88,996.5,loc_madurai,9.9252,78.1198,ECMWF_ERA5_Reanalysis
2016-03-31,37.1,25.3,30.4,40.6,30.7,34.5,0.0,14.8,32.0,124,24.07,995.6,loc_madurai,9.9252,78.1198,ECMWF_ERA5_Reanalysis
2016-04-01,37.8,24.8,30.6,41.2,29.9,34.4,0.0,12.7,31.7,132,25.04,994.0,loc_madurai,9.9252,78.1198,ECMWF_ERA5_Reanalysis
2016-04-02,38.2,25.7,31.2,41.7,31.0,35.1,0.0,12.8,31.3,132,24.88,994.3,loc_madurai,9.9252,78.1198,ECMWF_ERA5_Reanalysis
2016-04-03,39.3,26.1,31.7,42.1,31.8,35.6,0.0,16.0,31.3,135,25.38,995.3,loc_madurai,9.9252,78.1198,ECMWF_ERA5_Reanalysis
2016-04-04,39.4,26.1,31.9,41.6,31.4,35.3,0.0,16.3,36.0,138,27.12,994.3,loc_madurai,9.9252,78.1198,ECMWF_ERA5_Reanalysis
2016-04-05,39.3,26.2,31.7,41.2,31.6,35.0,0.0,20.9,43.2,153,26.16,993.5,loc_madurai,9.9252,78.1198,ECMWF_ERA5_Reanalysis
2016-04-06,39.2,26.5,32.0,42.2,31.7,35.5,0.0,19.7,42.8,135,23.67,993.9,loc_madurai,9.9252,78.1198,ECMWF_ERA5_Reanalysis
2016-04-07,39.2,26.3,31.8,42.9,32.3,36.1,0.3,15.7,35.6,131,23.21,993.5,loc_madurai,9.9252,78.1198,ECMWF_ERA5_Reanalysis
2016-04-08,38.0,27.8,31.8,42.3,33.2,36.2,0.8,11.9,28.1,146,22.58,993.3,loc_madurai,9.9252,78.1198,ECMWF_ERA5_Reanalysis
2016-04-09,37.4,26.5,30.3,41.6,32.1,35.2,0.9,11.0,23.8,184,19.74,994.4,loc_madurai,9.9252,78.1198,ECMWF_ERA5_Reanalysis
2016-04-10,35.7,26.0,30.4,40.7,31.2,35.2,0.5,10.3,20.5,146,20.76,995.2,loc_madurai,9.9252,78.1198,ECMWF_ERA5_Reanalysis
2016-04-11,38.3,26.7,31.8,42.2,32.9,36.3,0.0,16.8,34.9,139,23.71,994.1,loc_madurai,9.9252,78.1198,ECMWF_ERA5_Reanalysis
2016-04-12,39.2,27.3,32.5,43.5,33.2,36.8,0.0,20.6,40.3,143,24.15,992.6,loc_madurai,9.9252,78.1198,ECMWF_ERA5_Reanalysis
2016-04-13,40.8,28.4,33.5,44.9,33.5,37.6,0.0,18.3,37.1,148,24.52,990.8,loc_madurai,9.9252,78.1198,ECMWF_ERA5_Reanalysis
2016-04-14,41.0,27.6,33.1,44.3,33.7,37.6,0.0,18.9,38.9,132,24.67,991.1,loc_madurai,9.9252,78.1198,ECMWF_ERA5_Reanalysis
2016-04-15,39.4,26.2,32.2,42.3,32.2,36.3,0.0,15.7,33.8,137,23.01,992.7,loc_madurai,9.9252,78.1198,ECMWF_ERA5_Reanalysis
2016-04-16,39.8,27.1,32.3,43.4,33.4,36.7,0.0,17.3,39.2,145,25.41,992.9,loc_madurai,9.9252,78.1198,ECMWF_ERA5_Reanalysis
2016-04-17,39.7,26.6,32.2,42.7,32.6,36.5,0.0,18.9,36.0,126,24.35,991.9,loc_madurai,9.9252,78.1198,ECMWF_ERA5_Reanalysis
2016-04-18,39.2,26.5,31.9,42.3,32.7,36.1,0.2,15.8,35.6,146,24.9,992.4,loc_madurai,9.9252,78.1198,ECMWF_ERA5_Reanalysis
2016-04-19,38.5,27.1,31.5,43.2,33.1,36.3,1.3,16.0,35.6,145,23.31,993.3,loc_madurai,9.9252,78.1198,ECMWF_ERA5_Reanalysis
2016-04-20,37.8,26.7,31.5,42.7,31.9,36.2,0.2,15.8,30.6,169,22.17,994.5,loc_madurai,9.9252,78.1198,ECMWF_ERA5_Reanalysis
2016-04-21,39.2,26.8,32.3,43.2,32.4,36.7,0.0,15.9,32.8,163,23.5,993.7,loc_madurai,9.9252,78.1198,ECMWF_ERA5_Reanalysis
2016-04-22,40.5,27.7,33.3,44.1,33.1,37.4,0.0,15.6,28.4,158,24.71,992.5,loc_madurai,9.9252,78.1198,ECMWF_ERA5_Reanalysis
2016-04-23,41.2,27.5,33.9,45.1,32.8,37.8,0.0,13.4,22.7,151,23.35,990.6,loc_madurai,9.9252,78.1198,ECMWF_ERA5_Reanalysis
2016-04-24,41.8,29.2,34.3,45.1,34.8,38.4,0.2,15.9,32.4,137,22.79,989.3,loc_madurai,9.9252,78.1198,ECMWF_ERA5_Reanalysis
2016-04-25,40.3,27.6,33.4,43.6,34.3,37.7,0.0,15.0,29.5,125,23.26,990.5,loc_madurai,9.9252,78.1198,ECMWF_ERA5_Reanalysis
2016-04-26,39.8,26.1,32.3,42.6,31.9,36.2,0.1,14.3,39.2,114,24.83,992.6,loc_madurai,9.9252,78.1198,ECMWF_ERA5_Reanalysis
2016-04-27,37.6,26.5,31.5,42.1,32.3,36.3,0.2,12.3,26.3,155,22.53,992.7,loc_madurai,9.9252,78.1198,ECMWF_ERA5_Reanalysis
2016-04-28,39.6,27.2,32.3,42.6,32.5,36.2,0.0,16.4,36.7,150,25.23,992.4,loc_madurai,9.9252,78.1198,ECMWF_ERA5_Reanalysis
2016-04-29,38.7,26.8,32.1,41.4,32.4,36.0,0.0,15.2,33.1,155,24.63,992.9,loc_madurai,9.9252,78.1198,ECMWF_ERA5_Reanalysis
2016-04-30,38.6,27.2,32.2,41.3,32.7,35.9,0.0,15.3,29.2,141,23.34,993.1,loc_madurai,9.9252,78.1198,ECMWF_ERA5_Reanalysis
2016-05-01,39.5,27.1,32.3,42.2,32.7,36.3,0.0,18.1,41.0,154,24.11,992.7,loc_madurai,9.9252,78.1198,ECMWF_ERA5_Reanalysis
2016-05-02,40.6,27.7,33.0,43.5,33.1,37.0,0.0,18.8,42.5,149,26.03,992.3,loc_madurai,9.9252,78.1198,ECMWF_ERA5_Reanalysis
2016-05-03,40.6,27.0,32.8,43.7,33.1,36.8,0.0,16.1,38.9,142,25.61,992.0,loc_madurai,9.9252,78.1198,ECMWF_ERA5_Reanalysis
2016-05-04,39.2,27.5,32.3,42.9,34.0,36.9,0.1,14.6,39.6,133,23.38,992.2,loc_madurai,9.9252,78.1198,ECMWF_ERA5_Reanalysis
2016-05-05,38.1,27.2,32.1,41.6,33.5,36.5,0.0,13.4,30.6,140,22.93,992.6,loc_madurai,9.9252,78.1198,ECMWF_ERA5_Reanalysis
2016-05-06,38.8,27.2,32.0,41.9,32.7,36.1,3.3,13.2,29.9,132,22.45,992.5,loc_madurai,9.9252,78.1198,ECMWF_ERA5_Reanalysis
2016-05-07,37.6,26.6,30.7,41.3,32.2,35.3,2.5,15.6,39.6,142,22.02,992.7,loc_madurai,9.9252,78.1198,ECMWF_ERA5_Reanalysis
2016-05-08,39.2,27.7,31.9,43.3,33.7,36.8,1.9,7.6,22.3,83,21.39,993.1,loc_madurai,9.9252,78.1198,ECMWF_ERA5_Reanalysis
2016-05-09,37.4,26.6,31.1,41.9,31.9,35.7,2.0,12.0,28.1,139,23.07,993.1,loc_madurai,9.9252,78.1198,ECMWF_ERA5_Reanalysis
2016-05-10,36.4,26.7,29.8,41.4,32.3,35.1,12.2,13.5,42.1,193,18.87,993.3,loc_madurai,9.9252,78.1198,ECMWF_ERA5_Reanalysis
2016-05-11,34.2,25.1,28.2,40.6,30.7,34.0,15.1,12.7,32.0,193,19.04,992.9,loc_madurai,9.9252,78.1198,ECMWF_ERA5_Reanalysis
2016-05-12,32.4,25.5,28.1,37.4,30.4,32.9,1.2,10.6,24.1,190,13.73,991.6,loc_madurai,9.9252,78.1198,ECMWF_ERA5_Reanalysis
2016-05-13,35.5,26.2,30.4,41.5,30.8,35.2,0.0,8.2,23.0,147,24.02,990.7,loc_madurai,9.9252,78.1198,ECMWF_ERA5_Reanalysis
2016-05-14,35.5,26.7,30.6,39.8,32.7,35.6,0.3,9.1,27.4,84,20.67,991.8,loc_madurai,9.9252,78.1198,ECMWF_ERA5_Reanalysis
2016-05-15,31.6,26.1,28.1,36.5,31.6,33.7,3.1,13.2,24.5,185,12.2,992.0,loc_madurai,9.9252,78.1198,ECMWF_ERA5_Reanalysis
2016-05-16,27.3,24.4,25.8,32.9,29.2,31.2,17.2,7.6,18.0,328,3.3,989.2,loc_madurai,9.9252,78.1198,ECMWF_ERA5_Reanalysis
2016-05-17,31.2,24.4,27.3,33.6,28.2,30.9,3.3,13.9,48.2,284,12.52,987.2,loc_madurai,9.9252,78.1198,ECMWF_ERA5_Reanalysis
2016-05-18,34.5,24.5,28.5,38.4,29.7,32.7,0.4,12.2,33.1,234,16.5,987.1,loc_madurai,9.9252,78.1198,ECMWF_ERA5_Reanalysis
2016-05-19,35.4,25.5,29.2,40.7,30.1,34.1,1.2,12.7,33.1,209,19.36,988.2,loc_madurai,9.9252,78.1198,ECMWF_ERA5_Reanalysis
2016-05-20,34.3,26.0,29.5,38.9,31.2,33.8,0.0,10.7,25.2,225,14.72,989.4,loc_madurai,9.9252,78.1198,ECMWF_ERA5_Reanalysis
2016-05-21,36.1,25.9,30.7,41.4,30.8,35.6,0.0,8.0,24.8,211,24.05,990.1,loc_madurai,9.9252,78.1198,ECMWF_ERA5_Reanalysis
2016-05-22,37.5,25.5,31.3,42.3,30.5,35.8,0.0,9.1,25.9,241,24.69,991.4,loc_madurai,9.9252,78.1198,ECMWF_ERA5_Reanalysis
2016-05-23,38.5,26.7,31.7,43.2,31.4,36.4,1.1,7.6,24.8,238,22.4,991.5,loc_madurai,9.9252,78.1198,ECMWF_ERA5_Reanalysis
2016-05-24,38.7,26.9,31.3,43.9,31.6,35.7,1.7,9.7,27.0,224,23.19,991.3,loc_madurai,9.9252,78.1198,ECMWF_ERA5_Reanalysis
2016-05-25,38.6,26.7,31.4,42.8,31.1,35.5,1.4,11.6,33.1,241,22.82,990.8,loc_madurai,9.9252,78.1198,ECMWF_ERA5_Reanalysis
2016-05-26,38.5,26.5,31.7,42.6,30.8,35.6,0.6,7.6,23.4,246,22.4,990.9,loc_madurai,9.9252,78.1198,ECMWF_ERA5_Reanalysis
2016-05-27,37.6,27.9,31.4,42.8,32.1,35.8,3.7,14.7,43.2,225,22.17,992.1,loc_madurai,9.9252,78.1198,ECMWF_ERA5_Reanalysis
2016-05-28,36.5,26.8,30.0,41.1,31.0,34.5,4.8,12.9,32.8,224,20.63,992.2,loc_madurai,9.9252,78.1198,ECMWF_ERA5_Reanalysis
2016-05-29,37.0,25.5,29.8,42.5,29.9,34.5,1.4,8.6,26.6,260,22.23,991.4,loc_madurai,9.9252,78.1198,ECMWF_ERA5_Reanalysis
2016-05-30,36.7,25.9,30.5,41.7,29.4,33.9,1.3,11.2,32.0,253,21.5,991.0,loc_madurai,9.9252,78.1198,ECMWF_ERA5_Reanalysis
2016-05-31,36.0,27.0,29.8,40.9,31.4,34.2,6.6,12.0,32.0,241,18.14,991.7,loc_madurai,9.9252,78.1198,ECMWF_ERA5_Reanalysis
2016-06-01,36.5,25.8,30.4,40.6,30.5,34.1,1.1,9.5,28.4,245,21.63,992.0,loc_madurai,9.9252,78.1198,ECMWF_ERA5_Reanalysis
2016-06-02,36.4,25.8,30.8,39.9,29.9,34.4,0.4,12.1,29.9,256,22.13,991.2,loc_madurai,9.9252,78.1198,ECMWF_ERA5_Reanalysis
2016-06-03,36.3,25.6,30.5,39.4,29.6,34.0,2.1,10.0,26.3,242,20.83,990.8,loc_madurai,9.9252,78.1198,ECMWF_ERA5_Reanalysis
2016-06-04,37.5,26.1,31.1,41.2,30.0,34.4,2.0,12.2,33.8,259,20.79,990.4,loc_madurai,9.9252,78.1198,ECMWF_ERA5_Reanalysis
2016-06-05,37.3,26.4,31.2,41.1,30.6,34.4,1.1,9.8,34.2,243,18.72,991.0,loc_madurai,9.9252,78.1198,ECMWF_ERA5_Reanalysis
2016-06-06,37.3,26.7,31.3,40.7,30.2,34.0,0.1,13.1,36.0,228,19.7,991.3,loc_madurai,9.9252,78.1198,ECMWF_ERA5_Reanalysis
2016-06-07,36.1,26.7,30.3,39.5,30.4,33.6,2.7,15.0,38.5,213,18.33,991.3,loc_madurai,9.9252,78.1198,ECMWF_ERA5_Reanalysis
2016-06-08,33.3,25.1,28.0,35.3,29.4,31.5,2.0,20.5,52.2,207,14.18,991.4,loc_madurai,9.9252,78.1198,ECMWF_ERA5_Reanalysis
2016-06-09,34.9,24.6,28.6,37.8,29.0,31.9,1.2,18.4,46.1,211,17.46,992.1,loc_madurai,9.9252,78.1198,ECMWF_ERA5_Reanalysis
2016-06-10,34.9,25.2,29.4,37.5,29.1,32.2,0.2,18.9,45.4,214,18.64,992.5,loc_madurai,9.9252,78.1198,ECMWF_ERA5_Reanalysis
2016-06-11,35.6,25.2,29.9,38.7,29.5,33.2,0.3,11.9,32.4,221,18.1,992.9,loc_madurai,9.9252,78.1198,ECMWF_ERA5_Reanalysis
2016-06-12,36.3,25.2,29.5,41.0,29.5,33.9,5.1,8.2,27.4,230,20.09,992.5,loc_madurai,9.9252,78.1198,ECMWF_ERA5_Reanalysis
2016-06-13,36.5,24.9,30.1,40.1,28.9,33.3,0.8,13.3,34.2,251,21.98,992.8,loc_madurai,9.9252,78.1198,ECMWF_ERA5_Reanalysis
2016-06-14,37.2,24.6,30.7,41.0,28.6,33.4,0.0,12.4,30.2,250,23.25,991.9,loc_madurai,9.9252,78.1198,ECMWF_ERA5_Reanalysis
2016-06-15,38.0,24.2,30.8,39.2,27.9,32.6,0.0,15.6,38.5,254,25.91,990.6,loc_madurai,9.9252,78.1198,ECMWF_ERA5_Reanalysis
2016-06-16,35.4,25.2,30.1,37.3,28.4,32.1,0.3,14.6,38.9,247,19.79,989.8,loc_madurai,9.9252,78.1198,ECMWF_ERA5_Reanalysis
2016-06-17,36.1,25.4,29.7,39.6,29.0,32.7,2.7,12.6,34.2,246,19.53,989.0,loc_madurai,9.9252,78.1198,ECMWF_ERA5_Reanalysis
2016-06-18,34.1,25.3,28.7,36.3,28.6,31.8,0.2,14.1,30.6,256,11.29,989.5,loc_madurai,9.9252,78.1198,ECMWF_ERA5_Reanalysis
2016-06-19,34.2,25.4,29.1,37.4,29.9,32.6,1.4,10.8,29.2,240,15.0,989.2,loc_madurai,9.9252,78.1198,ECMWF_ERA5_Reanalysis
2016-06-20,34.8,25.6,29.8,36.4,28.6,31.9,1.1,10.9,31.3,254,14.21,988.8,loc_madurai,9.9252,78.1198,ECMWF_ERA5_Reanalysis
2016-06-21,35.1,25.6,29.6,36.9,27.9,32.0,1.4,9.5,29.9,248,14.39,989.4,loc_madurai,9.9252,78.1198,ECMWF_ERA5_Reanalysis
2016-06-22,35.5,25.0,29.0,37.9,29.5,32.1,4.6,10.8,34.9,249,13.57,991.0,loc_madurai,9.9252,78.1198,ECMWF_ERA5_Reanalysis
2016-06-23,31.4,24.4,27.3,33.4,29.4,31.1,2.9,7.8,24.8,230,6.89,991.5,loc_madurai,9.9252,78.1198,ECMWF_ERA5_Reanalysis
2016-06-24,33.0,24.3,27.4,35.8,28.3,31.0,1.2,8.0,27.0,230,11.7,990.5,loc_madurai,9.9252,78.1198,ECMWF_ERA5_Reanalysis
2016-06-25,34.0,25.1,28.7,36.2,28.5,31.6,0.6,11.2,31.3,260,14.22,991.0,loc_madurai,9.9252,78.1198,ECMWF_ERA5_Reanalysis
2016-06-26,35.4,25.5,29.9,37.0,29.0,32.2,0.0,10.7,28.8,243,16.72,991.4,loc_madurai,9.9252,78.1198,ECMWF_ERA5_Reanalysis
2016-06-27,35.6,24.9,29.9,38.4,28.3,32.5,0.0,11.6,28.8,240,17.0,990.0,loc_madurai,9.9252,78.1198,ECMWF_ERA5_Reanalysis
2016-06-28,31.9,25.8,28.5,34.3,29.7,31.5,6.4,11.8,44.3,221,11.56,990.7,loc_madurai,9.9252,78.1198,ECMWF_ERA5_Reanalysis
2016-06-29,34.9,25.5,29.4,36.7,29.2,32.0,0.0,13.5,39.6,226,16.15,991.2,loc_madurai,9.9252,78.1198,ECMWF_ERA5_Reanalysis
2016-06-30,34.9,25.3,29.6,36.8,29.2,32.3,0.0,11.7,29.9,227,16.69,991.0,loc_madurai,9.9252,78.1198,ECMWF_ERA5_Reanalysis
2016-07-01,37.8,24.7,30.6,39.5,28.1,32.8,0.0,16.6,41.8,247,23.27,990.3,loc_madurai,9.9252,78.1198,ECMWF_ERA5_Reanalysis
2016-07-02,38.0,25.1,31.1,38.8,28.2,33.0,0.0,15.9,38.5,241,21.0,990.3,loc_madurai,9.9252,78.1198,ECMWF_ERA5_Reanalysis
2016-07-03,38.6,25.0,31.8,40.7,28.2,34.4,0.0,11.4,32.4,264,22.05,991.1,loc_madurai,9.9252,78.1198,ECMWF_ERA5_Reanalysis
2016-07-04,35.4,27.3,30.9,38.8,30.6,33.7,0.0,10.8,25.9,258,13.49,991.9,loc_madurai,9.9252,78.1198,ECMWF_ERA5_Reanalysis
2016-07-05,37.0,26.2,31.2,39.3,29.5,33.7,0.2,10.8,33.5,244,19.92,991.4,loc_madurai,9.9252,78.1198,ECMWF_ERA5_Reanalysis
2016-07-06,36.7,26.5,30.9,40.3,29.9,33.7,0.7,13.7,38.2,247,19.1,991.2,loc_madurai,9.9252,78.1198,ECMWF_ERA5_Reanalysis
2016-07-07,37.2,26.0,31.2,40.2,29.3,33.7,0.1,10.7,29.2,244,18.9,990.9,loc_madurai,9.9252,78.1198,ECMWF_ERA5_Reanalysis
2016-07-08,35.2,26.9,30.5,36.9,30.2,32.8,0.4,15.6,38.9,237,15.17,990.9,loc_madurai,9.9252,78.1198,ECMWF_ERA5_Reanalysis
2016-07-09,35.2,26.5,30.2,35.8,29.8,32.2,0.0,15.0,35.6,231,15.95,990.7,loc_madurai,9.9252,78.1198,ECMWF_ERA5_Reanalysis
2016-07-10,35.4,26.1,30.4,36.4,29.8,32.4,0.0,19.9,52.2,230,18.05,990.5,loc_madurai,9.9252,78.1198,ECMWF_ERA5_Reanalysis
2016-07-11,36.2,26.6,30.6,37.5,29.7,32.6,0.0,14.8,41.4,231,18.39,990.2,loc_madurai,9.9252,78.1198,ECMWF_ERA5_Reanalysis
2016-07-12,34.6,26.2,30.2,35.6,29.6,32.3,0.0,9.9,26.3,226,12.79,991.2,loc_madurai,9.9252,78.1198,ECMWF_ERA5_Reanalysis
2016-07-13,37.0,25.7,31.2,39.8,29.3,33.4,0.1,11.8,32.4,248,21.0,991.2,loc_madurai,9.9252,78.1198,ECMWF_ERA5_Reanalysis
2016-07-14,37.5,26.0,31.1,40.4,29.0,33.8,0.5,9.4,27.7,255,20.99,990.1,loc_madurai,9.9252,78.1198,ECMWF_ERA5_Reanalysis
2016-07-15,36.8,26.5,29.8,41.8,30.1,33.7,5.8,8.8,25.2,265,19.37,990.6,loc_madurai,9.9252,78.1198,ECMWF_ERA5_Reanalysis
2016-07-16,34.9,25.9,29.1,39.3,30.6,33.5,4.4,7.4,24.1,235,18.45,991.7,loc_madurai,9.9252,78.1198,ECMWF_ERA5_Reanalysis
2016-07-17,32.7,25.8,29.2,35.4,30.2,32.6,0.2,8.0,20.9,224,14.97,993.8,loc_madurai,9.9252,78.1198,ECMWF_ERA5_Reanalysis
2016-07-18,34.2,25.4,29.3,36.9,29.7,32.8,0.8,7.6,26.6,247,16.8,993.6,loc_madurai,9.9252,78.1198,ECMWF_ERA5_Reanalysis
2016-07-19,35.3,25.3,29.7,37.7,29.2,32.9,0.2,7.6,23.4,266,17.63,992.8,loc_madurai,9.9252,78.1198,ECMWF_ERA5_Reanalysis
2016-07-20,35.4,25.6,30.1,38.2,28.9,33.1,0.2,10.0,27.7,264,17.31,991.9,loc_madurai,9.9252,78.1198,ECMWF_ERA5_Reanalysis
2016-07-21,34.7,25.6,29.7,38.0,28.8,32.5,0.1,8.7,23.0,262,16.19,991.2,loc_madurai,9.9252,78.1198,ECMWF_ERA5_Reanalysis
2016-07-22,35.9,25.0,30.1,37.6,28.0,32.4,0.0,8.6,24.1,255,17.66,990.6,loc_madurai,9.9252,78.1198,ECMWF_ERA5_Reanalysis
2016-07-23,33.2,25.8,29.1,35.8,29.0,32.0,0.0,6.5,21.6,262,9.64,990.5,loc_madurai,9.9252,78.1198,ECMWF_ERA5_Reanalysis
2016-07-24,34.6,25.8,28.5,39.2,29.1,32.4,4.2,7.7,25.2,259,14.93,990.3,loc_madurai,9.9252,78.1198,ECMWF_ERA5_Reanalysis
2016-07-25,35.6,25.4,28.3,39.5,30.0,32.9,9.4,6.8,22.7,224,17.37,990.6,loc_madurai,9.9252,78.1198,ECMWF_ERA5_Reanalysis
2016-07-26,32.7,24.3,26.9,38.7,29.4,32.1,34.5,8.9,25.2,254,17.51,990.9,loc_madurai,9.9252,78.1198,ECMWF_ERA5_Reanalysis
2016-07-27,32.1,23.7,26.6,37.1,28.7,31.8,9.4,8.7,24.1,187,18.05,991.1,loc_madurai,9.9252,78.1198,ECMWF_ERA5_Reanalysis
2016-07-28,31.1,24.3,26.5,37.4,29.5,31.9,6.9,7.6,22.3,216,16.73,991.1,loc_madurai,9.9252,78.1198,ECMWF_ERA5_Reanalysis
2016-07-29,30.8,24.6,27.5,35.6,29.1,32.2,0.3,6.3,24.5,241,14.62,991.1,loc_madurai,9.9252,78.1198,ECMWF_ERA5_Reanalysis
2016-07-30,31.7,24.0,27.7,34.7,28.6,31.6,0.5,6.9,23.0,260,14.52,991.6,loc_madurai,9.9252,78.1198,ECMWF_ERA5_Reanalysis
2016-07-31,33.3,23.3,28.0,36.6,26.6,31.4,0.0,7.4,24.1,246,20.17,992.5,loc_madurai,9.9252,78.1198,ECMWF_ERA5_Reanalysis
2016-08-01,34.0,23.4,28.5,36.5,27.0,31.2,0.0,12.6,30.6,242,21.3,992.0,loc_madurai,9.9252,78.1198,ECMWF_ERA5_Reanalysis
2016-08-02,34.5,23.4,28.6,36.4,26.7,30.7,0.0,15.8,35.6,237,21.28,990.6,loc_madurai,9.9252,78.1198,ECMWF_ERA5_Reanalysis
2016-08-03,34.3,23.9,28.7,36.1,27.2,30.7,0.0,14.2,32.8,234,19.5,989.8,loc_madurai,9.9252,78.1198,ECMWF_ERA5_Reanalysis
2016-08-04,33.8,24.1,28.7,35.1,27.5,30.8,0.0,11.4,28.4,235,16.9,990.7,loc_madurai,9.9252,78.1198,ECMWF_ERA5_Reanalysis
2016-08-05,34.3,23.6,29.0,36.7,27.0,31.5,0.0,9.8,23.4,233,17.53,991.5,loc_madurai,9.9252,78.1198,ECMWF_ERA5_Reanalysis
2016-08-06,36.9,24.1,30.1,40.3,27.7,33.0,0.2,7.6,27.7,255,23.74,991.3,loc_madurai,9.9252,78.1198,ECMWF_ERA5_Reanalysis
2016-08-07,36.0,24.4,29.8,40.1,27.4,32.8,0.2,9.8,28.1,273,20.73,992.2,loc_madurai,9.9252,78.1198,ECMWF_ERA5_Reanalysis
2016-08-08,37.4,24.3,30.6,41.6,27.4,33.7,0.2,8.0,26.3,274,23.81,992.6,loc_madurai,9.9252,78.1198,ECMWF_ERA5_Reanalysis
2016-08-09,36.7,25.4,30.8,40.1,28.6,33.8,0.3,7.9,25.6,277,21.38,992.4,loc_madurai,9.9252,78.1198,ECMWF_ERA5_Reanalysis
2016-08-10,36.7,24.8,30.6,39.7,27.9,33.6,0.2,6.6,25.9,279,21.05,992.6,loc_madurai,9.9252,78.1198,ECMWF_ERA5_Reanalysis
2016-08-11,37.4,24.6,31.1,40.9,28.1,34.2,0.0,9.3,25.2,285,22.83,993.3,loc_madurai,9.9252,78.1198,ECMWF_ERA5_Reanalysis
2016-08-12,37.0,25.3,31.3,39.8,28.7,34.0,0.0,8.8,27.4,276,21.82,993.2,loc_madurai,9.9252,78.1198,ECMWF_ERA5_Reanalysis
2016-08-13,36.7,26.5,30.4,40.1,29.5,33.5,1.9,7.9,27.0,257,19.22,992.3,loc_madurai,9.9252,78.1198,ECMWF_ERA5_Reanalysis
2016-08-14,35.8,25.7,30.4,39.6,28.8,32.8,0.1,12.2,34.6,262,19.68,991.9,loc_madurai,9.9252,78.1198,ECMWF_ERA5_Reanalysis
2016-08-15,36.1,25.1,30.4,39.8,28.0,32.6,0.0,12.2,31.0,250,20.96,991.4,loc_madurai,9.9252,78.1198,ECMWF_ERA5_Reanalysis
2016-08-16,37.6,24.3,30.6,39.6,27.7,32.7,0.0,12.3,32.0,253,22.18,990.4,loc_madurai,9.9252,78.1198,ECMWF_ERA5_Reanalysis
2016-08-17,37.4,25.0,30.6,39.5,28.0,32.4,0.0,11.2,32.8,254,21.36,989.8,loc_madurai,9.9252,78.1198,ECMWF_ERA5_Reanalysis
2016-08-18,37.3,25.2,30.7,41.0,28.2,33.1,0.8,12.1,33.5,266,21.64,990.1,loc_madurai,9.9252,78.1198,ECMWF_ERA5_Reanalysis
2016-08-19,38.1,25.9,31.8,41.5,28.8,34.3,0.0,8.0,24.8,270,23.57,990.1,loc_madurai,9.9252,78.1198,ECMWF_ERA5_Reanalysis
2016-08-20,37.3,25.8,31.1,41.4,28.7,34.3,0.9,7.2,25.2,265,22.49,990.0,loc_madurai,9.9252,78.1198,ECMWF_ERA5_Reanalysis
2016-08-21,37.6,25.9,31.9,40.5,29.8,35.2,0.0,6.0,24.1,271,22.6,990.5,loc_madurai,9.9252,78.1198,ECMWF_ERA5_Reanalysis
2016-08-22,37.6,26.2,30.4,41.9,29.8,34.3,6.8,8.1,31.7,263,21.72,991.4,loc_madurai,9.9252,78.1198,ECMWF_ERA5_Reanalysis
2016-08-23,36.4,26.0,29.7,39.7,30.6,33.7,4.0,8.6,30.6,239,20.13,991.5,loc_madurai,9.9252,78.1198,ECMWF_ERA5_Reanalysis
2016-08-24,36.5,24.6,29.8,40.1,28.2,33.3,1.4,6.9,27.4,263,21.33,990.7,loc_madurai,9.9252,78.1198,ECMWF_ERA5_Reanalysis
2016-08-25,36.0,25.7,30.6,40.7,29.2,33.6,2.6,10.4,29.5,271,19.8,991.1,loc_madurai,9.9252,78.1198,ECMWF_ERA5_Reanalysis
2016-08-26,35.4,26.0,29.9,39.3,29.3,33.3,0.5,7.2,22.3,249,16.24,991.1,loc_madurai,9.9252,78.1198,ECMWF_ERA5_Reanalysis
2016-08-27,35.6,25.5,29.8,37.8,29.0,32.8,0.3,8.6,27.0,253,16.57,991.5,loc_madurai,9.9252,78.1198,ECMWF_ERA5_Reanalysis
2016-08-28,35.9,25.5,29.9,39.5,28.7,33.2,0.7,7.2,25.6,249,18.76,991.6,loc_madurai,9.9252,78.1198,ECMWF_ERA5_Reanalysis
2016-08-29,37.1,25.4,30.5,41.4,28.7,34.0,0.7,8.5,28.8,268,21.59,990.8,loc_madurai,9.9252,78.1198,ECMWF_ERA5_Reanalysis
2016-08-30,33.8,26.1,29.2,37.6,29.8,33.1,5.3,6.2,22.7,259,16.71,990.4,loc_madurai,9.9252,78.1198,ECMWF_ERA5_Reanalysis
2016-08-31,31.6,24.9,27.8,34.5,30.4,32.1,3.3,5.4,22.0,220,10.16,991.6,loc_madurai,9.9252,78.1198,ECMWF_ERA5_Reanalysis
2016-09-01,34.1,25.0,28.0,37.1,29.5,32.1,3.5,9.0,24.1,246,13.94,992.3,loc_madurai,9.9252,78.1198,ECMWF_ERA5_Reanalysis
2016-09-02,34.6,24.5,29.0,37.2,27.8,31.9,1.7,10.9,27.7,253,16.68,992.7,loc_madurai,9.9252,78.1198,ECMWF_ERA5_Reanalysis
2016-09-03,35.7,24.9,29.3,40.6,28.3,32.9,1.3,6.8,25.9,240,19.98,992.2,loc_madurai,9.9252,78.1198,ECMWF_ERA5_Reanalysis
2016-09-04,35.4,24.9,29.3,38.7,28.7,32.9,2.7,10.5,28.1,264,18.14,993.7,loc_madurai,9.9252,78.1198,ECMWF_ERA5_Reanalysis
2016-09-05,36.8,25.4,30.4,39.5,28.5,33.1,0.0,9.2,25.6,268,20.99,994.2,loc_madurai,9.9252,78.1198,ECMWF_ERA5_Reanalysis
2016-09-06,36.1,24.0,30.2,38.8,27.0,32.2,0.0,11.0,29.5,271,21.57,994.3,loc_madurai,9.9252,78.1198,ECMWF_ERA5_Reanalysis
2016-09-07,37.8,22.7,30.0,39.5,25.1,31.7,0.0,11.9,29.2,272,22.81,993.1,loc_madurai,9.9252,78.1198,ECMWF_ERA5_Reanalysis
2016-09-08,37.7,22.6,30.3,40.2,24.7,32.1,0.0,10.0,27.7,288,23.43,992.4,loc_madurai,9.9252,78.1198,ECMWF_ERA5_Reanalysis
2016-09-09,37.1,23.8,30.7,39.8,26.3,33.0,0.0,6.5,21.6,290,21.6,992.8,loc_madurai,9.9252,78.1198,ECMWF_ERA5_Reanalysis
2016-09-10,37.1,26.6,31.4,40.2,29.7,34.2,0.0,6.8,25.2,272,20.61,992.2,loc_madurai,9.9252,78.1198,ECMWF_ERA5_Reanalysis
2016-09-11,36.7,24.6,31.0,39.0,27.7,32.9,0.0,10.2,26.6,273,19.7,991.4,loc_madurai,9.9252,78.1198,ECMWF_ERA5_Reanalysis
2016-09-12,37.4,24.4,31.1,39.9,26.9,33.4,0.0,7.9,26.3,279,22.44,990.5,loc_madurai,9.9252,78.1198,ECMWF_ERA5_Reanalysis
2016-09-13,37.3,25.5,31.4,40.4,28.1,33.9,0.0,8.4,24.5,278,21.3,991.0,loc_madurai,9.9252,78.1198,ECMWF_ERA5_Reanalysis
2016-09-14,37.1,26.7,30.0,40.6,29.3,33.4,4.5,12.1,30.6,258,17.72,991.2,loc_madurai,9.9252,78.1198,ECMWF_ERA5_Reanalysis
2016-09-15,37.0,26.4,30.4,41.4,29.7,33.9,2.5,8.9,28.8,252,20.1,990.9,loc_madurai,9.9252,78.1198,ECMWF_ERA5_Reanalysis
2016-09-16,37.3,25.5,31.2,41.2,29.0,33.9,0.3,9.4,27.7,260,21.76,990.7,loc_madurai,9.9252,78.1198,ECMWF_ERA5_Reanalysis
2016-09-17,37.7,24.7,31.3,41.4,28.2,33.7,0.0,9.8,27.4,258,23.04,991.3,loc_madurai,9.9252,78.1198,ECMWF_ERA5_Reanalysis
2016-09-18,37.3,25.3,30.7,40.5,28.2,32.8,0.3,13.0,36.0,265,20.13,992.4,loc_madurai,9.9252,78.1198,ECMWF_ERA5_Reanalysis
2016-09-19,38.6,24.6,31.2,41.7,27.6,33.8,0.3,7.2,24.5,274,22.93,992.1,loc_madurai,9.9252,78.1198,ECMWF_ERA5_Reanalysis
2016-09-20,37.9,25.7,31.5,40.5,28.2,33.5,0.5,11.9,32.8,280,21.71,991.3,loc_madurai,9.9252,78.1198,ECMWF_ERA5_Reanalysis
2016-09-21,36.1,25.8,31.0,37.5,28.5,32.7,0.0,10.1,25.2,272,16.48,991.5,loc_madurai,9.9252,78.1198,ECMWF_ERA5_Reanalysis
2016-09-22,37.6,25.8,31.5,40.2,28.7,33.5,0.0,12.3,27.4,268,20.46,991.4,loc_madurai,9.9252,78.1198,ECMWF_ERA5_Reanalysis
2016-09-23,38.3,25.1,31.5,40.9,27.9,33.2,0.0,13.7,33.1,266,24.0,990.1,loc_madurai,9.9252,78.1198,ECMWF_ERA5_Reanalysis
2016-09-24,38.6,25.3,31.5,40.8,28.1,33.3,0.0,12.5,31.0,262,24.37,989.1,loc_madurai,9.9252,78.1198,ECMWF_ERA5_Reanalysis
2016-09-25,37.8,24.2,31.2,40.3,26.9,33.1,0.0,11.6,28.4,266,22.17,989.6,loc_madurai,9.9252,78.1198,ECMWF_ERA5_Reanalysis
2016-09-26,38.2,25.9,32.0,41.1,28.1,34.5,0.0,8.5,24.5,272,21.96,990.8,loc_madurai,9.9252,78.1198,ECMWF_ERA5_Reanalysis
2016-09-27,38.3,27.5,31.1,42.3,30.8,34.7,0.9,8.6,27.0,243,19.89,991.4,loc_madurai,9.9252,78.1198,ECMWF_ERA5_Reanalysis
2016-09-28,36.9,26.9,30.9,41.3,30.6,34.7,0.0,8.3,25.9,239,19.5,991.0,loc_madurai,9.9252,78.1198,ECMWF_ERA5_Reanalysis
2016-09-29,36.2,26.4,30.3,39.4,29.9,34.0,1.3,7.6,27.0,239,17.4,990.5,loc_madurai,9.9252,78.1198,ECMWF_ERA5_Reanalysis
2016-09-30,35.9,26.6,30.7,39.3,29.8,33.6,0.0,8.2,23.4,255,17.14,990.1,loc_madurai,9.9252,78.1198,ECMWF_ERA5_Reanalysis
2016-10-01,37.7,24.4,31.0,40.8,27.4,33.5,0.0,10.7,22.3,207,22.8,990.5,loc_madurai,9.9252,78.1198,ECMWF_ERA5_Reanalysis
2016-10-02,37.6,26.0,30.9,41.6,30.0,34.0,0.0,17.7,35.6,152,22.68,992.3,loc_madurai,9.9252,78.1198,ECMWF_ERA5_Reanalysis
2016-10-03,35.9,26.4,30.7,39.0,30.8,34.2,0.0,12.9,23.4,154,20.47,992.3,loc_madurai,9.9252,78.1198,ECMWF_ERA5_Reanalysis
2016-10-04,36.7,27.5,31.6,39.7,31.4,34.9,0.0,9.0,20.5,173,19.02,992.1,loc_madurai,9.9252,78.1198,ECMWF_ERA5_Reanalysis
2016-10-05,37.5,26.8,31.8,39.9,30.7,34.4,0.0,9.6,23.8,265,21.93,992.2,loc_madurai,9.9252,78.1198,ECMWF_ERA5_Reanalysis
2016-10-06,38.1,25.7,31.8,40.3,28.5,34.1,0.0,9.6,24.8,271,21.32,992.0,loc_madurai,9.9252,78.1198,ECMWF_ERA5_Reanalysis
2016-10-07,37.4,26.5,31.6,39.4,29.9,33.8,0.0,14.1,23.8,217,20.0,992.4,loc_madurai,9.9252,78.1198,ECMWF_ERA5_Reanalysis
2016-10-08,38.7,25.3,32.0,40.9,28.3,33.9,0.0,9.1,30.6,234,24.05,992.8,loc_madurai,9.9252,78.1198,ECMWF_ERA5_Reanalysis
2016-10-09,37.9,24.8,31.6,39.6,27.6,33.3,0.0,11.9,29.2,265,21.87,993.1,loc_madurai,9.9252,78.1198,ECMWF_ERA5_Reanalysis
2016-10-10,38.9,24.9,31.8,41.1,27.3,33.7,0.0,8.4,27.7,272,23.27,992.3,loc_madurai,9.9252,78.1198,ECMWF_ERA5_Reanalysis
2016-10-11,38.2,25.0,31.7,41.1,27.6,33.9,0.0,7.2,24.8,261,21.49,992.2,loc_madurai,9.9252,78.1198,ECMWF_ERA5_Reanalysis
2016-10-12,37.3,26.2,31.4,40.3,29.4,34.3,0.2,8.0,23.8,227,20.3,992.2,loc_madurai,9.9252,78.1198,ECMWF_ERA5_Reanalysis
2016-10-13,35.5,24.6,28.7,39.4,29.7,33.2,53.9,6.5,21.2,59,14.91,992.9,loc_madurai,9.9252,78.1198,ECMWF_ERA5_Reanalysis
2016-10-14,31.9,24.4,27.5,36.8,29.3,32.0,12.7,6.8,18.0,296,16.3,993.5,loc_madurai,9.9252,78.1198,ECMWF_ERA5_Reanalysis
2016-10-15,31.3,25.2,27.7,36.8,29.5,32.0,0.5,9.4,18.7,203,17.44,994.0,loc_madurai,9.9252,78.1198,ECMWF_ERA5_Reanalysis
2016-10-16,31.7,24.5,27.9,36.1,28.6,31.9,0.0,7.2,18.0,278,16.17,994.2,loc_madurai,9.9252,78.1198,ECMWF_ERA5_Reanalysis
2016-10-17,31.0,24.3,27.5,36.1,29.1,32.0,0.1,5.4,16.2,220,17.68,993.7,loc_madurai,9.9252,78.1198,ECMWF_ERA5_Reanalysis
2016-10-18,32.9,24.1,28.2,37.5,28.5,32.5,1.0,7.3,21.2,240,20.42,992.5,loc_madurai,9.9252,78.1198,ECMWF_ERA5_Reanalysis
2016-10-19,32.9,24.5,28.5,37.6,28.8,32.9,0.2,9.3,20.2,224,20.91,991.8,loc_madurai,9.9252,78.1198,ECMWF_ERA5_Reanalysis
2016-10-20,31.7,25.2,27.5,36.5,30.5,32.5,9.0,7.5,20.9,219,16.13,991.4,loc_madurai,9.9252,78.1198,ECMWF_ERA5_Reanalysis
2016-10-21,29.3,24.4,26.2,33.6,29.7,31.2,5.3,6.6,22.3,236,10.5,992.6,loc_madurai,9.9252,78.1198,ECMWF_ERA5_Reanalysis
2016-10-22,31.5,23.8,26.6,37.0,29.1,31.7,6.5,6.0,21.2,219,15.53,993.7,loc_madurai,9.9252,78.1198,ECMWF_ERA5_Reanalysis
2016-10-23,31.3,23.6,26.9,36.7,28.1,31.6,1.4,6.9,21.2,242,16.99,994.2,loc_madurai,9.9252,78.1198,ECMWF_ERA5_Reanalysis
2016-10-24,32.0,23.2,27.2,38.1,27.3,31.5,0.2,6.9,22.0,248,18.83,993.8,loc_madurai,9.9252,78.1198,ECMWF_ERA5_Reanalysis
2016-10-25,31.6,23.6,27.2,37.1,28.0,31.4,0.0,11.2,25.9,280,18.68,993.1,loc_madurai,9.9252,78.1198,ECMWF_ERA5_Reanalysis
2016-10-26,31.8,23.0,26.4,37.3,27.3,31.0,1.9,8.7,23.4,246,19.44,993.3,loc_madurai,9.9252,78.1198,ECMWF_ERA5_Reanalysis
2016-10-27,31.3,23.2,27.1,36.5,27.4,31.4,0.2,6.6,20.2,244,18.67,994.4,loc_madurai,9.9252,78.1198,ECMWF_ERA5_Reanalysis
2016-10-28,32.9,23.6,28.2,37.2,27.3,31.9,0.0,10.4,23.4,215,19.94,993.6,loc_madurai,9.9252,78.1198,ECMWF_ERA5_Reanalysis
2016-10-29,33.5,23.8,28.6,38.5,27.8,32.6,0.0,6.6,21.6,248,20.64,993.0,loc_madurai,9.9252,78.1198,ECMWF_ERA5_Reanalysis
2016-10-30,32.2,23.8,27.3,38.2,28.8,32.0,10.2,7.1,20.5,35,15.31,994.0,loc_madurai,9.9252,78.1198,ECMWF_ERA5_Reanalysis
2016-10-31,28.4,23.3,24.8,33.3,27.9,29.6,18.8,5.9,23.8,2,9.44,996.1,loc_madurai,9.9252,78.1198,ECMWF_ERA5_Reanalysis
2016-11-01,30.8,23.9,26.5,33.6,28.5,30.7,1.0,10.2,27.0,54,16.57,995.2,loc_madurai,9.9252,78.1198,ECMWF_ERA5_Reanalysis
2016-11-02,30.7,23.3,26.6,34.1,27.4,30.8,1.8,12.3,31.3,8,16.05,994.6,loc_madurai,9.9252,78.1198,ECMWF_ERA5_Reanalysis
2016-11-03,29.3,23.5,25.5,33.2,28.4,30.7,3.5,5.5,28.8,233,10.75,994.5,loc_madurai,9.9252,78.1198,ECMWF_ERA5_Reanalysis
2016-11-04,30.2,23.7,25.8,36.4,28.8,30.9,33.2,8.2,23.0,210,14.43,994.0,loc_madurai,9.9252,78.1198,ECMWF_ERA5_Reanalysis
2016-11-05,31.7,23.3,26.9,37.7,28.1,31.9,0.0,6.9,27.0,261,19.71,992.8,loc_madurai,9.9252,78.1198,ECMWF_ERA5_Reanalysis
2016-11-06,32.2,23.0,27.3,37.6,27.2,31.9,0.0,11.5,21.2,229,21.3,993.8,loc_madurai,9.9252,78.1198,ECMWF_ERA5_Reanalysis
2016-11-07,32.0,23.1,27.3,36.4,27.6,31.5,0.0,9.2,18.7,50,21.57,995.1,loc_madurai,9.9252,78.1198,ECMWF_ERA5_Reanalysis
2016-11-08,29.7,22.6,25.5,34.3,26.4,29.8,12.9,7.3,20.2,350,17.14,996.0,loc_madurai,9.9252,78.1198,ECMWF_ERA5_Reanalysis
2016-11-09,29.6,22.2,25.8,33.3,26.2,29.4,0.0,8.7,22.7,0,17.11,996.9,loc_madurai,9.9252,78.1198,ECMWF_ERA5_Reanalysis
2016-11-10,30.5,22.4,26.2,33.1,26.0,29.3,0.0,7.7,22.0,37,18.44,996.2,loc_madurai,9.9252,78.1198,ECMWF_ERA5_Reanalysis
2016-11-11,30.5,21.5,26.2,34.4,24.6,29.6,0.0,7.2,16.9,84,18.04,995.5,loc_madurai,9.9252,78.1198,ECMWF_ERA5_Reanalysis
2016-11-12,31.2,21.8,26.7,34.3,25.3,30.4,0.0,7.6,20.9,49,17.23,995.8,loc_madurai,9.9252,78.1198,ECMWF_ERA5_Reanalysis
2016-11-13,29.4,23.6,26.0,34.4,27.9,30.4,3.3,8.7,28.1,23,13.35,996.7,loc_madurai,9.9252,78.1198,ECMWF_ERA5_Reanalysis
2016-11-14,30.8,23.0,25.8,36.0,27.3,30.4,7.7,8.2,25.2,52,14.73,996.6,loc_madurai,9.9252,78.1198,ECMWF_ERA5_Reanalysis
2016-11-15,29.9,23.4,26.3,34.8,28.1,30.9,0.9,9.8,29.5,46,16.17,995.8,loc_madurai,9.9252,78.1198,ECMWF_ERA5_Reanalysis
2016-11-16,30.7,21.3,25.9,34.6,24.6,29.8,2.5,14.8,40.0,35,18.3,995.4,loc_madurai,9.9252,78.1198,ECMWF_ERA5_Reanalysis
2016-11-17,30.8,24.0,26.5,33.5,27.9,30.0,0.4,15.6,36.7,44,17.07,995.5,loc_madurai,9.9252,78.1198,ECMWF_ERA5_Reanalysis
2016-11-18,31.1,24.3,27.1,34.2,27.6,29.9,0.0,15.1,35.3,39,16.44,994.5,loc_madurai,9.9252,78.1198,ECMWF_ERA5_Reanalysis
2016-11-19,28.0,23.0,25.4,30.5,25.7,28.1,1.2,11.8,28.8,25,12.21,994.1,loc_madurai,9.9252,78.1198,ECMWF_ERA5_Reanalysis
2016-11-20,29.6,23.4,25.7,31.8,26.9,29.2,2.1,8.5,23.0,35,10.51,994.6,loc_madurai,9.9252,78.1198,ECMWF_ERA5_Reanalysis
2016-11-21,29.4,23.5,26.0,31.5,27.3,29.5,0.0,11.6,28.1,44,11.1,994.7,loc_madurai,9.9252,78.1198,ECMWF_ERA5_Reanalysis
2016-11-22,31.0,22.7,26.2,34.1,25.9,29.5,0.0,11.4,26.3,51,16.48,994.5,loc_madurai,9.9252,78.1198,ECMWF_ERA5_Reanalysis
2016-11-23,31.8,22.9,26.8,34.3,26.1,29.6,0.0,10.5,29.2,56,20.84,994.4,loc_madurai,9.9252,78.1198,ECMWF_ERA5_Reanalysis
2016-11-24,31.6,20.3,25.7,33.3,22.8,27.5,0.0,10.7,29.9,46,22.41,994.9,loc_madurai,9.9252,78.1198,ECMWF_ERA5_Reanalysis
2016-11-25,31.8,19.5,25.8,33.4,21.2,27.5,0.0,11.6,31.0,41,22.69,994.6,loc_madurai,9.9252,78.1198,ECMWF_ERA5_Reanalysis
2016-11-26,32.5,19.6,26.0,34.6,21.7,28.0,0.0,8.7,29.5,43,21.76,995.4,loc_madurai,9.9252,78.1198,ECMWF_ERA5_Reanalysis
2016-11-27,34.1,20.3,26.6,34.9,22.3,28.0,0.0,11.6,31.3,36,22.68,995.2,loc_madurai,9.9252,78.1198,ECMWF_ERA5_Reanalysis
2016-11-28,33.4,19.0,25.9,33.5,20.9,27.2,0.0,11.0,29.2,57,21.11,995.5,loc_madurai,9.9252,78.1198,ECMWF_ERA5_Reanalysis
2016-11-29,33.1,20.9,26.1,33.9,23.7,27.7,0.0,10.9,28.4,27,19.42,996.3,loc_madurai,9.9252,78.1198,ECMWF_ERA5_Reanalysis
2016-11-30,32.0,21.4,26.1,31.7,24.6,27.9,0.0,9.5,26.6,333,13.51,996.3,loc_madurai,9.9252,78.1198,ECMWF_ERA5_Reanalysis
2016-12-01,24.1,21.1,22.1,27.1,23.4,24.9,12.4,6.5,28.8,289,2.81,994.9,loc_madurai,9.9252,78.1198,ECMWF_ERA5_Reanalysis
2016-12-02,28.2,21.1,24.3,31.7,24.2,27.7,7.6,5.2,17.6,219,11.02,994.7,loc_madurai,9.9252,78.1198,ECMWF_ERA5_Reanalysis
2016-12-03,29.1,22.3,24.9,33.3,26.5,29.1,3.3,11.2,26.3,118,15.46,996.9,loc_madurai,9.9252,78.1198,ECMWF_ERA5_Reanalysis
2016-12-04,30.9,20.6,25.9,34.2,24.2,29.4,0.0,8.1,20.2,49,18.45,997.9,loc_madurai,9.9252,78.1198,ECMWF_ERA5_Reanalysis
2016-12-05,31.0,22.3,26.6,34.0,26.1,29.9,0.0,11.8,31.3,34,17.75,996.6,loc_madurai,9.9252,78.1198,ECMWF_ERA5_Reanalysis
2016-12-06,30.9,23.5,26.4,32.3,24.5,28.4,0.0,15.5,36.4,33,17.46,995.7,loc_madurai,9.9252,78.1198,ECMWF_ERA5_Reanalysis
2016-12-07,31.6,18.6,25.8,33.8,19.6,27.3,0.0,8.7,27.0,20,21.84,996.0,loc_madurai,9.9252,78.1198,ECMWF_ERA5_Reanalysis
2016-12-08,30.9,22.8,26.6,34.9,26.0,29.8,0.0,9.1,24.8,19,15.31,995.7,loc_madurai,9.9252,78.1198,ECMWF_ERA5_Reanalysis
2016-12-09,31.3,22.3,26.7,34.6,26.4,30.2,0.0,9.3,20.2,174,15.13,994.4,loc_madurai,9.9252,78.1198,ECMWF_ERA5_Reanalysis
2016-12-10,32.8,23.2,27.4,35.8,27.8,30.9,0.0,10.5,23.4,74,17.77,993.4,loc_madurai,9.9252,78.1198,ECMWF_ERA5_Reanalysis
2016-12-11,32.5,23.0,27.3,36.5,27.6,31.1,0.4,8.0,19.4,194,18.42,992.3,loc_madurai,9.9252,78.1198,ECMWF_ERA5_Reanalysis
2016-12-12,34.8,22.1,28.1,36.0,25.0,29.9,0.0,10.5,26.3,259,19.18,990.7,loc_madurai,9.9252,78.1198,ECMWF_ERA5_Reanalysis
2016-12-13,33.6,23.0,28.0,35.6,25.9,30.3,0.0,9.6,22.7,111,17.56,991.3,loc_madurai,9.9252,78.1198,ECMWF_ERA5_Reanalysis
2016-12-14,30.9,24.3,27.1,34.8,27.9,30.4,0.5,10.1,24.1,50,16.44,994.2,loc_madurai,9.9252,78.1198,ECMWF_ERA5_Reanalysis
2016-12-15,32.1,22.1,26.9,33.5,25.8,29.4,0.0,10.8,25.9,74,17.09,995.9,loc_madurai,9.9252,78.1198,ECMWF_ERA5_Reanalysis
2016-12-16,32.1,21.6,26.7,32.9,24.5,29.0,0.0,14.4,32.4,41,17.04,997.0,loc_madurai,9.9252,78.1198,ECMWF_ERA5_Reanalysis
2016-12-17,33.6,22.6,27.7,33.8,25.7,29.1,0.0,15.8,36.7,32,20.33,997.4,loc_madurai,9.9252,78.1198,ECMWF_ERA5_Reanalysis
2016-12-18,33.2,20.9,27.1,33.7,23.5,28.5,0.0,14.4,35.6,36,21.09,997.1,loc_madurai,9.9252,78.1198,ECMWF_ERA5_Reanalysis
2016-12-19,33.3,21.8,27.6,33.4,24.6,28.8,0.0,15.9,37.4,38,18.93,996.6,loc_madurai,9.9252,78.1198,ECMWF_ERA5_Reanalysis
2016-12-20,29.6,23.2,26.2,31.1,25.2,28.3,2.3,16.0,37.4,37,9.67,996.6,loc_madurai,9.9252,78.1198,ECMWF_ERA5_Reanalysis
2016-12-21,30.8,23.9,26.9,33.1,27.7,30.2,1.4,13.4,33.1,60,14.2,997.3,loc_madurai,9.9252,78.1198,ECMWF_ERA5_Reanalysis
2016-12-22,33.7,22.6,27.4,35.1,26.6,29.9,0.0,9.9,28.4,45,20.23,996.7,loc_madurai,9.9252,78.1198,ECMWF_ERA5_Reanalysis
2016-12-23,33.8,21.7,26.7,35.3,24.7,28.9,0.0,12.0,25.9,82,21.15,995.6,loc_madurai,9.9252,78.1198,ECMWF_ERA5_Reanalysis
2016-12-24,33.4,20.7,26.1,34.0,23.2,27.6,0.0,14.5,32.4,74,22.36,994.5,loc_madurai,9.9252,78.1198,ECMWF_ERA5_Reanalysis
2016-12-25,33.1,19.2,25.8,34.2,21.2,27.3,0.0,9.4,23.4,44,22.3,995.6,loc_madurai,9.9252,78.1198,ECMWF_ERA5_Reanalysis
2016-12-26,32.9,19.9,26.5,32.5,21.9,27.6,0.0,10.4,29.5,30,18.28,995.5,loc_madurai,9.9252,78.1198,ECMWF_ERA5_Reanalysis
2016-12-27,32.5,21.8,27.3,32.4,24.0,28.8,0.2,20.1,45.0,41,14.86,994.9,loc_madurai,9.9252,78.1198,ECMWF_ERA5_Reanalysis
2016-12-28,27.9,24.2,25.9,30.2,26.5,28.5,0.8,15.2,34.2,33,6.96,996.0,loc_madurai,9.9252,78.1198,ECMWF_ERA5_Reanalysis
2016-12-29,31.7,23.6,26.9,31.6,25.1,28.0,0.0,17.3,38.5,45,14.54,996.3,loc_madurai,9.9252,78.1198,ECMWF_ERA5_Reanalysis
2016-12-30,32.7,20.2,26.1,33.2,22.2,26.9,0.0,11.9,31.7,35,21.94,997.0,loc_madurai,9.9252,78.1198,ECMWF_ERA5_Reanalysis
2016-12-31,32.7,19.2,25.7,32.3,20.7,25.9,0.0,11.5,33.8,37,22.54,996.4,loc_madurai,9.9252,78.1198,ECMWF_ERA5_Reanalysis
2017-01-01,33.8,19.3,26.6,34.9,20.6,27.9,0.0,16.2,32.8,51,18.49,996.3,loc_madurai,9.9252,78.1198,ECMWF_ERA5_Reanalysis
2017-01-02,34.3,23.6,27.9,34.7,26.5,29.4,0.2,19.8,37.4,42,18.62,996.7,loc_madurai,9.9252,78.1198,ECMWF_ERA5_Reanalysis
2017-01-03,34.5,22.7,27.9,35.3,25.3,29.2,0.0,17.0,34.6,46,20.95,996.4,loc_madurai,9.9252,78.1198,ECMWF_ERA5_Reanalysis
2017-01-04,34.2,21.1,27.2,33.9,22.5,27.5,0.0,18.4,37.4,52,22.29,996.3,loc_madurai,9.9252,78.1198,ECMWF_ERA5_Reanalysis
2017-01-05,33.2,21.5,26.7,33.4,23.3,27.6,0.0,15.8,35.3,48,20.35,996.0,loc_madurai,9.9252,78.1198,ECMWF_ERA5_Reanalysis
2017-01-06,33.2,21.5,26.6,33.8,23.2,27.5,0.0,17.0,36.4,54,19.57,995.6,loc_madurai,9.9252,78.1198,ECMWF_ERA5_Reanalysis
2017-01-07,32.8,21.3,26.3,32.4,23.5,27.5,0.0,16.8,34.2,60,19.96,994.6,loc_madurai,9.9252,78.1198,ECMWF_ERA5_Reanalysis
2017-01-08,32.7,20.6,26.0,33.4,22.2,26.8,0.0,19.9,36.4,55,21.43,994.0,loc_madurai,9.9252,78.1198,ECMWF_ERA5_Reanalysis
2017-01-09,33.6,19.8,26.1,34.1,21.1,26.7,0.0,18.4,37.8,51,22.58,994.3,loc_madurai,9.9252,78.1198,ECMWF_ERA5_Reanalysis
2017-01-10,33.3,20.1,26.6,35.1,21.9,27.8,0.0,17.9,35.3,82,19.6,995.0,loc_madurai,9.9252,78.1198,ECMWF_ERA5_Reanalysis
2017-01-11,34.1,22.9,27.6,34.4,25.0,28.3,0.0,22.1,43.2,83,17.46,995.1,loc_madurai,9.9252,78.1198,ECMWF_ERA5_Reanalysis
2017-01-12,32.6,22.0,26.9,34.1,23.6,28.4,0.0,20.1,37.4,86,16.74,995.0,loc_madurai,9.9252,78.1198,ECMWF_ERA5_Reanalysis
2017-01-13,32.2,23.1,27.0,33.7,25.6,28.3,0.1,20.5,38.5,56,15.61,994.8,loc_madurai,9.9252,78.1198,ECMWF_ERA5_Reanalysis
2017-01-14,33.2,23.2,26.9,33.0,24.9,27.9,0.7,20.9,43.2,66,17.33,995.9,loc_madurai,9.9252,78.1198,ECMWF_ERA5_Reanalysis
2017-01-15,32.4,21.5,26.3,32.0,24.2,27.3,0.0,19.6,37.4,58,16.5,997.6,loc_madurai,9.9252,78.1198,ECMWF_ERA5_Reanalysis
2017-01-16,33.1,22.5,26.7,34.2,24.5,27.9,1.1,19.0,36.0,55,17.96,997.4,loc_madurai,9.9252,78.1198,ECMWF_ERA5_Reanalysis
2017-01-17,33.1,20.5,26.2,32.2,21.4,25.8,0.0,17.7,39.2,42,21.23,997.4,loc_madurai,9.9252,78.1198,ECMWF_ERA5_Reanalysis
2017-01-18,32.3,19.3,25.6,31.4,20.7,25.2,0.0,19.6,41.8,44,22.22,998.1,loc_madurai,9.9252,78.1198,ECMWF_ERA5_Reanalysis
2017-01-19,32.6,21.6,26.3,31.4,22.4,25.9,0.0,19.6,40.3,41,15.56,998.1,loc_madurai,9.9252,78.1198,ECMWF_ERA5_Reanalysis
2017-01-20,33.7,22.6,27.1,34.3,23.4,27.8,0.6,21.2,43.9,44,16.61,997.2,loc_madurai,9.9252,78.1198,ECMWF_ERA5_Reanalysis
2017-01-21,30.4,23.8,25.6,31.7,25.7,27.5,4.4,22.1,48.2,44,10.56,997.7,loc_madurai,9.9252,78.1198,ECMWF_ERA5_Reanalysis
2017-01-22,30.6,23.1,26.2,31.3,24.2,27.9,0.3,22.5,45.0,44,12.3,998.8,loc_madurai,9.9252,78.1198,ECMWF_ERA5_Reanalysis
2017-01-23,31.8,20.8,26.1,31.7,22.8,26.8,0.0,19.9,42.1,40,16.62,998.6,loc_madurai,9.9252,78.1198,ECMWF_ERA5_Reanalysis
2017-01-24,32.3,22.1,26.6,32.4,23.3,26.8,0.0,20.9,43.9,41,20.02,997.6,loc_madurai,9.9252,78.1198,ECMWF_ERA5_Reanalysis
2017-01-25,29.3,23.3,26.2,30.3,24.9,27.4,0.6,23.3,46.4,35,9.28,997.7,loc_madurai,9.9252,78.1198,ECMWF_ERA5_Reanalysis
2017-01-26,27.9,23.7,25.8,29.7,25.6,27.8,1.4,16.8,37.1,37,8.65,997.6,loc_madurai,9.9252,78.1198,ECMWF_ERA5_Reanalysis
2017-01-27,30.0,23.0,25.1,32.1,26.0,28.0,12.7,19.6,39.6,41,11.92,996.6,loc_madurai,9.9252,78.1198,ECMWF_ERA5_Reanalysis
2017-01-28,27.7,22.8,25.0,31.0,25.7,28.1,4.7,18.7,36.7,43,12.38,996.3,loc_madurai,9.9252,78.1198,ECMWF_ERA5_Reanalysis
2017-01-29,30.7,23.3,26.5,33.6,26.7,29.7,0.7,15.2,35.6,55,16.43,996.9,loc_madurai,9.9252,78.1198,ECMWF_ERA5_Reanalysis
2017-01-30,31.2,22.9,26.7,32.9,24.8,28.9,0.1,16.8,36.0,46,19.23,996.9,loc_madurai,9.9252,78.1198,ECMWF_ERA5_Reanalysis
2017-01-31,32.6,19.8,25.4,34.4,22.0,27.4,0.0,16.4,34.2,66,21.89,996.6,loc_madurai,9.9252,78.1198,ECMWF_ERA5_Reanalysis
2017-02-01,31.4,19.6,25.1,32.8,21.8,26.7,0.0,14.5,32.8,53,23.01,997.4,loc_madurai,9.9252,78.1198,ECMWF_ERA5_Reanalysis
2017-02-02,31.8,19.1,24.9,32.1,20.9,25.9,0.0,15.5,34.6,53,23.89,998.7,loc_madurai,9.9252,78.1198,ECMWF_ERA5_Reanalysis
2017-02-03,32.6,19.2,25.7,31.8,21.0,25.9,0.0,20.5,44.3,37,23.72,998.3,loc_madurai,9.9252,78.1198,ECMWF_ERA5_Reanalysis
2017-02-04,32.1,19.6,25.7,31.4,21.3,25.5,0.0,18.2,41.4,41,23.44,997.3,loc_madurai,9.9252,78.1198,ECMWF_ERA5_Reanalysis
2017-02-05,32.6,19.2,25.8,32.6,20.7,26.3,0.0,15.9,34.6,58,24.3,997.0,loc_madurai,9.9252,78.1198,ECMWF_ERA5_Reanalysis
2017-02-06,34.5,21.1,26.8,35.8,23.4,28.4,0.0,18.3,33.5,71,23.78,996.9,loc_madurai,9.9252,78.1198,ECMWF_ERA5_Reanalysis
2017-02-07,35.6,21.2,27.7,35.6,23.6,28.6,0.0,17.7,37.1,56,24.5,996.2,loc_madurai,9.9252,78.1198,ECMWF_ERA5_Reanalysis
2017-02-08,35.1,19.8,27.1,33.7,21.4,27.0,0.0,18.7,38.2,56,24.85,996.7,loc_madurai,9.9252,78.1198,ECMWF_ERA5_Reanalysis
2017-02-09,35.0,18.8,26.4,34.3,20.2,26.6,0.0,20.7,38.5,62,24.67,996.3,loc_madurai,9.9252,78.1198,ECMWF_ERA5_Reanalysis
2017-02-10,34.7,20.0,26.6,34.9,21.4,27.2,0.0,20.2,37.4,57,24.61,995.7,loc_madurai,9.9252,78.1198,ECMWF_ERA5_Reanalysis
2017-02-11,34.2,21.0,26.9,34.2,22.5,27.2,0.0,22.0,40.3,56,24.93,996.3,loc_madurai,9.9252,78.1198,ECMWF_ERA5_Reanalysis
2017-02-12,32.6,20.4,26.3,33.3,22.1,26.7,0.0,17.8,40.3,56,23.75,997.9,loc_madurai,9.9252,78.1198,ECMWF_ERA5_Reanalysis
2017-02-13,34.7,20.4,27.5,34.8,21.7,27.9,0.0,18.5,41.0,63,24.01,998.8,loc_madurai,9.9252,78.1198,ECMWF_ERA5_Reanalysis
2017-02-14,31.8,24.5,27.2,33.1,26.3,28.5,1.6,23.7,47.2,49,12.7,999.8,loc_madurai,9.9252,78.1198,ECMWF_ERA5_Reanalysis
2017-02-15,34.4,23.9,28.2,33.8,25.0,28.6,0.0,23.4,49.0,46,19.13,999.9,loc_madurai,9.9252,78.1198,ECMWF_ERA5_Reanalysis
2017-02-16,34.2,21.9,27.4,33.6,22.8,26.9,0.0,22.3,45.0,45,23.38,998.4,loc_madurai,9.9252,78.1198,ECMWF_ERA5_Reanalysis
2017-02-17,33.6,19.6,26.2,32.9,21.3,26.2,0.0,20.6,41.8,55,24.11,997.7,loc_madurai,9.9252,78.1198,ECMWF_ERA5_Reanalysis
2017-02-18,34.8,19.7,26.7,34.8,20.5,27.0,0.0,16.9,33.8,56,25.33,998.1,loc_madurai,9.9252,78.1198,ECMWF_ERA5_Reanalysis
2017-02-19,36.3,20.8,27.6,34.9,22.8,28.1,0.0,18.1,36.7,68,25.72,997.5,loc_madurai,9.9252,78.1198,ECMWF_ERA5_Reanalysis
2017-02-20,38.0,21.7,28.7,40.1,24.0,30.6,0.0,18.7,44.3,121,24.91,994.9,loc_madurai,9.9252,78.1198,ECMWF_ERA5_Reanalysis
2017-02-21,37.8,23.1,29.7,38.9,25.5,31.2,0.0,19.7,37.8,96,23.6,994.0,loc_madurai,9.9252,78.1198,ECMWF_ERA5_Reanalysis
2017-02-22,38.7,22.3,29.7,38.1,23.7,30.7,0.0,19.8,39.6,91,25.66,994.1,loc_madurai,9.9252,78.1198,ECMWF_ERA5_Reanalysis
2017-02-23,36.9,22.6,28.8,36.8,25.6,30.2,0.0,16.6,37.1,75,25.4,995.6,loc_madurai,9.9252,78.1198,ECMWF_ERA5_Reanalysis
2017-02-24,36.2,22.3,28.5,36.3,25.0,29.7,0.0,18.2,36.0,78,25.2,996.4,loc_madurai,9.9252,78.1198,ECMWF_ERA5_Reanalysis
2017-02-25,37.2,20.8,28.0,36.6,23.2,29.2,0.0,16.3,36.4,80,25.95,996.2,loc_madurai,9.9252,78.1198,ECMWF_ERA5_Reanalysis
2017-02-26,36.2,22.6,28.2,36.1,25.5,29.5,0.0,18.4,38.9,72,23.4,994.7,loc_madurai,9.9252,78.1198,ECMWF_ERA5_Reanalysis
2017-02-27,34.2,23.0,28.2,34.9,26.0,29.4,0.0,17.5,38.5,58,20.17,995.2,loc_madurai,9.9252,78.1198,ECMWF_ERA5_Reanalysis
2017-02-28,35.1,23.8,28.6,36.1,26.0,29.6,0.2,20.5,45.7,46,19.35,995.3,loc_madurai,9.9252,78.1198,ECMWF_ERA5_Reanalysis
2017-03-01,35.3,22.2,27.9,35.1,25.1,29.0,0.0,18.4,40.3,63,24.58,995.3,loc_madurai,9.9252,78.1198,ECMWF_ERA5_Reanalysis
2017-03-02,34.3,24.1,28.2,34.9,26.1,29.8,0.2,22.1,46.1,64,17.88,994.1,loc_madurai,9.9252,78.1198,ECMWF_ERA5_Reanalysis
2017-03-03,30.0,23.5,26.7,32.7,25.0,29.4,9.7,15.6,35.6,64,13.53,992.7,loc_madurai,9.9252,78.1198,ECMWF_ERA5_Reanalysis
2017-03-04,32.9,24.1,27.1,37.0,28.4,31.5,6.5,16.9,33.8,86,14.33,992.4,loc_madurai,9.9252,78.1198,ECMWF_ERA5_Reanalysis
2017-03-05,33.6,24.1,28.3,39.3,29.2,32.9,10.9,14.8,30.2,182,20.5,992.2,loc_madurai,9.9252,78.1198,ECMWF_ERA5_Reanalysis
2017-03-06,33.3,24.6,27.9,39.6,29.4,33.0,17.1,11.1,26.6,180,18.72,991.9,loc_madurai,9.9252,78.1198,ECMWF_ERA5_Reanalysis
2017-03-07,34.2,24.7,28.7,39.4,30.3,33.4,7.6,14.1,39.6,151,20.22,992.0,loc_madurai,9.9252,78.1198,ECMWF_ERA5_Reanalysis
2017-03-08,33.4,23.9,28.1,38.5,28.2,33.0,7.0,10.6,26.3,171,19.34,992.2,loc_madurai,9.9252,78.1198,ECMWF_ERA5_Reanalysis
2017-03-09,32.6,24.9,28.2,38.7,30.2,33.1,10.6,12.6,33.5,142,20.96,992.1,loc_madurai,9.9252,78.1198,ECMWF_ERA5_Reanalysis
2017-03-10,33.3,24.7,27.6,39.1,29.7,32.6,14.9,13.8,31.0,204,20.88,992.6,loc_madurai,9.9252,78.1198,ECMWF_ERA5_Reanalysis
2017-03-11,33.3,25.0,28.2,40.1,30.5,33.3,4.4,14.8,36.4,142,20.56,993.9,loc_madurai,9.9252,78.1198,ECMWF_ERA5_Reanalysis
2017-03-12,33.9,25.5,28.5,40.0,31.3,33.8,15.0,15.8,36.7,138,20.52,994.1,loc_madurai,9.9252,78.1198,ECMWF_ERA5_Reanalysis
2017-03-13,34.1,25.2,29.2,39.3,30.9,33.8,3.4,15.1,33.8,119,21.31,994.0,loc_madurai,9.9252,78.1198,ECMWF_ERA5_Reanalysis
2017-03-14,32.6,24.2,28.3,37.7,29.7,32.8,10.3,16.3,35.6,95,17.34,994.8,loc_madurai,9.9252,78.1198,ECMWF_ERA5_Reanalysis
2017-03-15,31.6,24.1,27.2,35.9,28.9,31.7,9.3,12.4,33.1,52,16.77,995.6,loc_madurai,9.9252,78.1198,ECMWF_ERA5_Reanalysis
2017-03-16,32.9,24.1,27.8,37.5,28.8,32.4,0.8,12.3,26.3,111,18.36,995.4,loc_madurai,9.9252,78.1198,ECMWF_ERA5_Reanalysis
2017-03-17,34.0,23.6,28.6,38.3,28.7,33.1,0.4,10.3,20.9,126,21.36,994.6,loc_madurai,9.9252,78.1198,ECMWF_ERA5_Reanalysis
2017-03-18,35.6,24.9,29.6,39.3,30.3,33.5,0.0,16.2,30.6,163,23.4,995.2,loc_madurai,9.9252,78.1198,ECMWF_ERA5_Reanalysis
2017-03-19,36.5,25.3,30.4,39.6,30.2,34.3,0.1,12.5,27.4,141,21.38,995.2,loc_madurai,9.9252,78.1198,ECMWF_ERA5_Reanalysis
2017-03-20,37.1,26.3,31.0,41.5,32.1,35.3,0.3,21.1,38.2,137,22.14,994.5,loc_madurai,9.9252,78.1198,ECMWF_ERA5_Reanalysis
2017-03-21,39.3,26.2,31.4,40.6,30.6,34.3,0.1,20.9,48.2,90,24.07,995.0,loc_madurai,9.9252,78.1198,ECMWF_ERA5_Reanalysis
2017-03-22,36.7,24.8,30.3,37.7,29.0,32.9,0.1,20.6,42.5,90,21.93,995.1,loc_madurai,9.9252,78.1198,ECMWF_ERA5_Reanalysis
2017-03-23,38.3,25.6,30.3,38.8,29.0,32.8,0.0,17.8,34.9,72,25.37,995.0,loc_madurai,9.9252,78.1198,ECMWF_ERA5_Reanalysis
2017-03-24,37.7,22.7,30.0,39.0,26.0,31.7,0.0,16.4,32.4,81,27.18,994.6,loc_madurai,9.9252,78.1198,ECMWF_ERA5_Reanalysis
2017-03-25,39.1,22.3,30.1,38.2,24.3,31.4,0.0,18.4,39.6,82,27.53,994.9,loc_madurai,9.9252,78.1198,ECMWF_ERA5_Reanalysis
2017-03-26,39.0,22.6,30.1,38.6,26.1,31.5,0.0,20.9,42.5,76,27.4,994.6,loc_madurai,9.9252,78.1198,ECMWF_ERA5_Reanalysis
2017-03-27,37.8,21.3,29.4,40.3,24.1,31.3,0.0,15.6,28.4,110,27.22,995.8,loc_madurai,9.9252,78.1198,ECMWF_ERA5_Reanalysis
2017-03-28,37.8,24.9,30.9,39.1,27.4,33.1,0.0,18.5,37.4,120,23.4,995.7,loc_madurai,9.9252,78.1198,ECMWF_ERA5_Reanalysis
2017-03-29,39.2,25.6,31.4,41.1,30.3,34.4,0.0,17.6,39.6,122,25.3,994.9,loc_madurai,9.9252,78.1198,ECMWF_ERA5_Reanalysis
2017-03-30,37.9,25.0,31.2,40.4,30.0,34.6,0.2,16.6,33.5,99,23.11,994.9,loc_madurai,9.9252,78.1198,ECMWF_ERA5_Reanalysis
2017-03-31,35.9,26.2,30.9,38.9,32.0,34.5,4.9,22.5,48.2,100,22.0,995.7,loc_madurai,9.9252,78.1198,ECMWF_ERA5_Reanalysis
2017-04-01,40.3,24.2,31.6,41.9,29.1,34.7,0.0,16.6,34.2,106,27.07,994.7,loc_madurai,9.9252,78.1198,ECMWF_ERA5_Reanalysis
2017-04-02,39.6,25.2,31.5,40.8,30.6,34.6,0.0,20.9,38.2,121,25.92,993.7,loc_madurai,9.9252,78.1198,ECMWF_ERA5_Reanalysis
2017-04-03,40.7,24.8,31.9,41.9,29.7,35.1,0.0,19.1,42.1,106,27.29,993.5,loc_madurai,9.9252,78.1198,ECMWF_ERA5_Reanalysis
2017-04-04,39.7,26.9,32.1,40.8,32.8,35.6,0.6,20.0,37.8,109,23.73,994.0,loc_madurai,9.9252,78.1198,ECMWF_ERA5_Reanalysis
2017-04-05,40.4,26.7,32.6,41.8,32.5,36.1,0.0,19.1,34.9,107,25.5,993.2,loc_madurai,9.9252,78.1198,ECMWF_ERA5_Reanalysis
2017-04-06,40.5,26.8,32.7,41.7,32.3,35.8,0.0,21.7,42.1,111,24.65,992.4,loc_madurai,9.9252,78.1198,ECMWF_ERA5_Reanalysis
2017-04-07,41.0,26.8,33.3,42.1,30.3,35.3,0.0,17.7,39.2,91,25.96,992.1,loc_madurai,9.9252,78.1198,ECMWF_ERA5_Reanalysis
2017-04-08,38.6,26.6,32.2,41.0,30.8,34.8,0.1,17.7,36.7,115,22.98,992.3,loc_madurai,9.9252,78.1198,ECMWF_ERA5_Reanalysis
2017-04-09,39.5,25.7,32.1,41.4,30.1,34.8,0.0,21.6,44.6,136,23.93,992.4,loc_madurai,9.9252,78.1198,ECMWF_ERA5_Reanalysis
2017-04-10,40.4,25.8,32.3,42.9,31.0,35.7,0.0,21.9,43.6,132,26.23,991.7,loc_madurai,9.9252,78.1198,ECMWF_ERA5_Reanalysis
2017-04-11,40.6,27.0,33.0,42.1,32.4,36.3,0.0,21.1,43.2,98,23.52,991.0,loc_madurai,9.9252,78.1198,ECMWF_ERA5_Reanalysis
2017-04-12,41.5,27.6,33.7,42.5,31.5,36.1,0.0,20.2,41.8,75,25.89,991.4,loc_madurai,9.9252,78.1198,ECMWF_ERA5_Reanalysis
2017-04-13,39.5,27.5,33.2,40.4,32.3,35.9,0.1,18.1,36.7,82,22.72,992.2,loc_madurai,9.9252,78.1198,ECMWF_ERA5_Reanalysis
2017-04-14,41.6,27.3,33.3,41.3,32.9,35.9,0.0,20.1,40.3,80,24.91,991.4,loc_madurai,9.9252,78.1198,ECMWF_ERA5_Reanalysis
2017-04-15,42.6,26.9,33.4,42.6,29.7,35.7,0.0,27.7,59.4,124,23.85,990.0,loc_madurai,9.9252,78.1198,ECMWF_ERA5_Reanalysis
2017-04-16,41.3,28.3,34.3,43.5,31.3,36.5,0.0,19.4,38.5,206,23.71,990.2,loc_madurai,9.9252,78.1198,ECMWF_ERA5_Reanalysis
2017-04-17,42.2,28.0,34.4,43.3,31.4,36.6,0.0,20.3,45.7,224,24.65,991.1,loc_madurai,9.9252,78.1198,ECMWF_ERA5_Reanalysis
2017-04-18,42.5,28.4,34.7,44.1,32.0,36.4,0.0,24.5,47.9,158,25.18,991.1,loc_madurai,9.9252,78.1198,ECMWF_ERA5_Reanalysis
2017-04-19,41.1,27.9,33.7,45.0,31.9,36.9,0.0,17.0,38.5,127,24.44,991.5,loc_madurai,9.9252,78.1198,ECMWF_ERA5_Reanalysis
2017-04-20,39.8,27.7,33.3,42.4,33.4,36.8,0.0,22.3,46.1,160,22.91,991.5,loc_madurai,9.9252,78.1198,ECMWF_ERA5_Reanalysis
2017-04-21,41.0,28.2,33.6,44.0,31.8,36.8,0.0,17.6,43.6,194,25.17,992.0,loc_madurai,9.9252,78.1198,ECMWF_ERA5_Reanalysis
2017-04-22,41.1,28.1,34.0,43.8,31.3,36.6,0.0,16.3,34.6,255,23.71,991.6,loc_madurai,9.9252,78.1198,ECMWF_ERA5_Reanalysis
2017-04-23,41.3,28.4,34.1,44.2,31.5,36.6,0.1,14.3,31.7,280,22.77,991.6,loc_madurai,9.9252,78.1198,ECMWF_ERA5_Reanalysis
2017-04-24,41.5,28.9,34.0,43.8,32.8,37.0,0.0,20.2,37.1,277,22.17,991.6,loc_madurai,9.9252,78.1198,ECMWF_ERA5_Reanalysis
2017-04-25,41.2,28.4,34.2,44.5,31.8,36.8,0.0,13.3,33.1,314,22.65,991.9,loc_madurai,9.9252,78.1198,ECMWF_ERA5_Reanalysis
2017-04-26,41.5,28.7,33.9,44.9,32.9,36.9,0.0,19.0,42.8,143,24.24,991.9,loc_madurai,9.9252,78.1198,ECMWF_ERA5_Reanalysis
2017-04-27,41.2,27.5,33.2,43.0,33.3,36.7,0.7,20.1,39.6,126,25.16,992.6,loc_madurai,9.9252,78.1198,ECMWF_ERA5_Reanalysis
2017-04-28,41.1,26.2,32.9,42.9,32.0,36.1,0.0,19.9,41.4,133,25.26,992.6,loc_madurai,9.9252,78.1198,ECMWF_ERA5_Reanalysis
2017-04-29,40.9,26.3,32.8,42.7,31.7,35.8,1.1,18.7,38.5,116,25.16,992.8,loc_madurai,9.9252,78.1198,ECMWF_ERA5_Reanalysis
2017-04-30,40.8,26.4,33.0,42.4,30.5,35.4,0.3,18.9,42.1,125,26.17,992.7,loc_madurai,9.9252,78.1198,ECMWF_ERA5_Reanalysis
2017-05-01,39.1,26.5,32.0,42.3,31.7,35.5,0.1,15.8,39.6,139,24.0,993.4,loc_madurai,9.9252,78.1198,ECMWF_ERA5_Reanalysis
2017-05-02,38.7,27.1,31.4,41.6,32.5,35.3,1.2,19.3,44.3,134,23.48,994.3,loc_madurai,9.9252,78.1198,ECMWF_ERA5_Reanalysis
2017-05-03,36.9,26.5,30.8,40.6,31.8,34.8,1.0,16.6,49.0,138,20.66,994.5,loc_madurai,9.9252,78.1198,ECMWF_ERA5_Reanalysis
2017-05-04,38.7,26.4,31.9,41.9,31.9,35.5,0.5,19.1,42.8,144,23.75,994.0,loc_madurai,9.9252,78.1198,ECMWF_ERA5_Reanalysis
2017-05-05,38.8,27.0,32.1,42.0,31.9,35.6,1.1,16.6,42.1,152,24.13,993.9,loc_madurai,9.9252,78.1198,ECMWF_ERA5_Reanalysis
2017-05-06,39.6,27.6,32.2,43.4,32.5,35.8,0.1,23.5,51.1,159,23.96,994.3,loc_madurai,9.9252,78.1198,ECMWF_ERA5_Reanalysis
2017-05-07,35.9,27.8,31.2,41.1,32.7,35.0,1.1,15.3,37.1,157,19.74,994.7,loc_madurai,9.9252,78.1198,ECMWF_ERA5_Reanalysis
2017-05-08,39.4,27.1,32.2,44.2,32.0,36.2,0.1,15.1,37.8,166,22.07,993.4,loc_madurai,9.9252,78.1198,ECMWF_ERA5_Reanalysis
2017-05-09,39.2,28.3,32.1,44.4,33.8,36.8,3.6,11.7,28.4,203,21.68,992.0,loc_madurai,9.9252,78.1198,ECMWF_ERA5_Reanalysis
2017-05-10,37.0,27.8,31.5,41.7,32.3,35.8,5.9,14.9,39.2,125,19.66,992.1,loc_madurai,9.9252,78.1198,ECMWF_ERA5_Reanalysis
2017-05-11,38.6,27.9,31.2,43.1,33.1,35.8,5.9,11.9,29.9,96,19.75,992.2,loc_madurai,9.9252,78.1198,ECMWF_ERA5_Reanalysis
2017-05-12,35.2,25.9,30.4,40.8,30.8,35.2,9.7,14.8,34.6,141,19.88,992.6,loc_madurai,9.9252,78.1198,ECMWF_ERA5_Reanalysis
2017-05-13,36.9,27.5,31.5,41.8,33.6,36.8,0.7,9.2,31.0,152,22.7,991.7,loc_madurai,9.9252,78.1198,ECMWF_ERA5_Reanalysis
2017-05-14,38.7,28.2,32.4,42.8,32.4,36.3,1.6,20.7,41.8,261,22.57,990.6,loc_madurai,9.9252,78.1198,ECMWF_ERA5_Reanalysis
2017-05-15,40.6,27.9,33.5,44.6,31.1,36.2,0.5,17.5,38.5,282,24.09,989.6,loc_madurai,9.9252,78.1198,ECMWF_ERA5_Reanalysis
2017-05-16,40.3,28.2,33.8,44.3,31.4,36.5,0.3,18.7,39.2,251,22.23,989.0,loc_madurai,9.9252,78.1198,ECMWF_ERA5_Reanalysis
2017-05-17,41.0,28.7,34.2,45.3,31.8,37.2,0.8,16.5,34.6,277,23.64,988.9,loc_madurai,9.9252,78.1198,ECMWF_ERA5_Reanalysis
2017-05-18,41.0,28.7,32.9,45.3,32.5,35.9,0.3,21.8,49.0,262,20.98,990.6,loc_madurai,9.9252,78.1198,ECMWF_ERA5_Reanalysis
2017-05-19,42.1,28.1,34.2,45.4,31.4,36.9,0.2,13.1,29.9,263,23.6,991.0,loc_madurai,9.9252,78.1198,ECMWF_ERA5_Reanalysis
2017-05-20,40.5,29.2,33.3,44.2,32.3,36.4,1.8,17.8,45.4,277,21.66,990.2,loc_madurai,9.9252,78.1198,ECMWF_ERA5_Reanalysis
2017-05-21,40.2,28.6,31.9,44.7,31.7,35.5,2.9,17.1,36.0,278,20.34,989.1,loc_madurai,9.9252,78.1198,ECMWF_ERA5_Reanalysis
2017-05-22,37.9,28.1,31.8,43.5,31.5,35.9,2.8,15.5,39.2,274,19.42,989.7,loc_madurai,9.9252,78.1198,ECMWF_ERA5_Reanalysis
2017-05-23,40.1,28.2,32.2,44.0,31.5,35.7,0.9,17.7,36.0,259,21.52,989.8,loc_madurai,9.9252,78.1198,ECMWF_ERA5_Reanalysis
2017-05-24,39.4,28.5,32.7,43.9,32.5,36.2,0.2,13.9,29.9,276,20.08,989.1,loc_madurai,9.9252,78.1198,ECMWF_ERA5_Reanalysis
2017-05-25,38.6,27.7,31.3,44.4,31.1,35.2,4.0,22.8,47.2,275,18.75,988.7,loc_madurai,9.9252,78.1198,ECMWF_ERA5_Reanalysis
2017-05-26,37.0,27.5,31.9,40.7,31.1,35.2,2.6,15.8,37.1,282,18.28,988.6,loc_madurai,9.9252,78.1198,ECMWF_ERA5_Reanalysis
2017-05-27,38.6,27.6,32.1,42.5,30.1,34.8,2.8,17.9,44.3,277,19.16,989.0,loc_madurai,9.9252,78.1198,ECMWF_ERA5_Reanalysis
2017-05-28,38.1,28.5,32.0,42.1,31.0,34.8,0.9,19.1,49.3,283,18.36,989.0,loc_madurai,9.9252,78.1198,ECMWF_ERA5_Reanalysis
2017-05-29,38.2,27.4,31.7,41.7,30.1,34.5,0.2,18.4,39.6,269,21.59,988.8,loc_madurai,9.9252,78.1198,ECMWF_ERA5_Reanalysis
2017-05-30,36.2,27.0,31.2,37.1,29.5,33.1,1.6,30.1,65.9,272,22.91,989.1,loc_madurai,9.9252,78.1198,ECMWF_ERA5_Reanalysis
2017-05-31,38.3,26.9,31.8,40.5,30.7,34.6,0.1,19.5,40.3,268,21.79,989.2,loc_madurai,9.9252,78.1198,ECMWF_ERA5_Reanalysis
2017-06-01,38.2,27.4,31.2,40.2,29.9,33.5,0.9,25.9,52.2,268,19.73,989.0,loc_madurai,9.9252,78.1198,ECMWF_ERA5_Reanalysis
2017-06-02,36.7,27.5,31.3,38.7,30.6,33.4,0.4,24.4,51.1,255,21.04,989.5,loc_madurai,9.9252,78.1198,ECMWF_ERA5_Reanalysis
2017-06-03,35.2,28.1,31.0,36.8,31.5,33.6,2.4,25.9,55.4,258,18.23,990.9,loc_madurai,9.9252,78.1198,ECMWF_ERA5_Reanalysis
2017-06-04,38.7,27.0,31.0,43.1,30.5,34.6,0.6,25.4,52.2,268,19.74,990.6,loc_madurai,9.9252,78.1198,ECMWF_ERA5_Reanalysis
2017-06-05,38.4,27.0,31.4,42.5,30.7,34.5,0.4,18.7,41.0,276,22.05,990.7,loc_madurai,9.9252,78.1198,ECMWF_ERA5_Reanalysis
2017-06-06,37.9,26.9,31.3,41.9,30.1,34.2,0.3,18.7,39.6,284,20.92,991.1,loc_madurai,9.9252,78.1198,ECMWF_ERA5_Reanalysis
2017-06-07,37.3,26.9,30.1,41.9,30.0,33.8,3.2,12.4,29.2,278,18.32,992.1,loc_madurai,9.9252,78.1198,ECMWF_ERA5_Reanalysis
2017-06-08,38.6,26.5,31.3,43.2,29.9,34.8,0.9,13.2,31.3,263,21.88,990.9,loc_madurai,9.9252,78.1198,ECMWF_ERA5_Reanalysis
2017-06-09,35.6,27.3,30.9,37.8,29.7,33.2,0.0,20.1,40.0,277,13.27,990.1,loc_madurai,9.9252,78.1198,ECMWF_ERA5_Reanalysis
2017-06-10,36.2,26.8,30.3,39.3,29.6,32.9,0.5,25.4,50.0,264,19.82,990.1,loc_madurai,9.9252,78.1198,ECMWF_ERA5_Reanalysis
2017-06-11,32.1,25.4,28.9,32.4,28.5,30.4,0.2,24.8,49.7,258,9.71,990.5,loc_madurai,9.9252,78.1198,ECMWF_ERA5_Reanalysis
2017-06-12,36.4,26.9,31.0,38.6,29.8,33.5,0.2,21.3,42.1,265,16.28,990.1,loc_madurai,9.9252,78.1198,ECMWF_ERA5_Reanalysis
2017-06-13,38.9,26.8,31.6,43.2,30.6,34.9,3.1,15.8,35.6,264,20.32,989.8,loc_madurai,9.9252,78.1198,ECMWF_ERA5_Reanalysis
2017-06-14,36.9,27.8,31.6,40.9,31.6,35.2,3.0,16.9,37.1,266,19.25,991.0,loc_madurai,9.9252,78.1198,ECMWF_ERA5_Reanalysis
2017-06-15,37.6,27.3,31.8,41.5,31.2,35.2,1.3,17.6,38.9,260,19.32,991.1,loc_madurai,9.9252,78.1198,ECMWF_ERA5_Reanalysis
2017-06-16,36.9,28.0,30.8,40.4,31.8,35.0,5.8,14.0,37.8,259,17.19,991.2,loc_madurai,9.9252,78.1198,ECMWF_ERA5_Reanalysis
2017-06-17,37.2,27.0,31.3,43.3,30.4,35.2,2.3,17.6,42.8,268,20.68,990.8,loc_madurai,9.9252,78.1198,ECMWF_ERA5_Reanalysis
2017-06-18,38.3,27.1,32.0,42.6,30.8,35.0,0.4,16.9,34.9,259,22.08,989.9,loc_madurai,9.9252,78.1198,ECMWF_ERA5_Reanalysis
2017-06-19,39.1,27.7,31.7,42.3,30.8,34.7,0.7,22.3,47.9,271,20.23,989.7,loc_madurai,9.9252,78.1198,ECMWF_ERA5_Reanalysis
2017-06-20,37.7,27.5,31.5,41.1,30.5,34.3,0.3,12.4,29.5,280,17.47,990.5,loc_madurai,9.9252,78.1198,ECMWF_ERA5_Reanalysis
2017-06-21,36.4,27.6,31.2,40.7,30.8,33.8,1.1,19.7,49.0,266,18.87,991.0,loc_madurai,9.9252,78.1198,ECMWF_ERA5_Reanalysis
2017-06-22,36.9,27.2,31.7,40.2,30.6,34.7,0.7,12.3,39.6,263,20.2,991.2,loc_madurai,9.9252,78.1198,ECMWF_ERA5_Reanalysis
2017-06-23,36.9,27.3,31.2,40.8,30.3,33.7,0.9,19.5,49.3,267,20.47,990.9,loc_madurai,9.9252,78.1198,ECMWF_ERA5_Reanalysis
2017-06-24,35.8,27.0,30.1,39.5,29.6,32.8,3.9,18.4,38.2,266,16.24,989.7,loc_madurai,9.9252,78.1198,ECMWF_ERA5_Reanalysis
2017-06-25,32.8,25.9,28.4,33.7,28.8,30.6,5.2,26.5,50.0,261,10.95,989.3,loc_madurai,9.9252,78.1198,ECMWF_ERA5_Reanalysis
2017-06-26,34.6,26.2,29.8,34.7,29.4,31.3,0.9,30.7,71.6,246,16.51,990.3,loc_madurai,9.9252,78.1198,ECMWF_ERA5_Reanalysis
2017-06-27,33.5,25.3,28.9,33.6,28.2,30.7,1.6,32.5,63.0,255,14.28,991.6,loc_madurai,9.9252,78.1198,ECMWF_ERA5_Reanalysis
2017-06-28,33.4,25.3,29.0,33.3,27.8,30.5,0.4,27.1,65.9,264,13.41,991.6,loc_madurai,9.9252,78.1198,ECMWF_ERA5_Reanalysis
2017-06-29,37.1,26.1,31.4,41.0,29.4,33.9,0.1,16.0,37.1,270,21.47,990.8,loc_madurai,9.9252,78.1198,ECMWF_ERA5_Reanalysis
2017-06-30,37.5,26.9,31.3,40.9,29.6,34.2,1.5,11.5,36.0,291,18.61,989.9,loc_madurai,9.9252,78.1198,ECMWF_ERA5_Reanalysis
2017-07-01,38.3,27.2,31.1,42.4,29.6,33.8,2.6,15.4,36.7,293,18.17,989.9,loc_madurai,9.9252,78.1198,ECMWF_ERA5_Reanalysis
2017-07-02,35.8,27.0,30.9,39.3,29.8,33.5,0.3,18.5,40.3,292,17.07,990.3,loc_madurai,9.9252,78.1198,ECMWF_ERA5_Reanalysis
2017-07-03,34.8,27.2,30.6,37.4,29.9,33.2,1.8,15.7,37.4,281,16.57,991.4,loc_madurai,9.9252,78.1198,ECMWF_ERA5_Reanalysis
2017-07-04,38.8,27.1,32.0,41.9,29.7,34.4,2.2,15.7,36.4,276,21.64,991.2,loc_madurai,9.9252,78.1198,ECMWF_ERA5_Reanalysis
2017-07-05,38.9,26.7,31.9,42.7,29.3,34.4,0.0,14.3,37.1,277,20.07,991.5,loc_madurai,9.9252,78.1198,ECMWF_ERA5_Reanalysis
2017-07-06,38.7,27.2,31.3,42.8,29.7,34.1,2.6,16.4,29.9,271,18.19,991.3,loc_madurai,9.9252,78.1198,ECMWF_ERA5_Reanalysis
2017-07-07,36.3,26.9,30.8,40.0,29.9,33.7,1.9,13.2,35.3,257,17.51,991.2,loc_madurai,9.9252,78.1198,ECMWF_ERA5_Reanalysis
2017-07-08,38.1,26.6,30.5,42.6,29.5,33.7,2.3,17.3,40.7,261,18.37,991.2,loc_madurai,9.9252,78.1198,ECMWF_ERA5_Reanalysis
2017-07-09,36.3,26.6,30.8,39.9,29.4,33.2,2.3,17.6,42.5,268,18.04,991.2,loc_madurai,9.9252,78.1198,ECMWF_ERA5_Reanalysis
2017-07-10,35.8,26.3,30.7,37.0,29.1,32.5,0.4,22.8,45.7,269,19.25,991.7,loc_madurai,9.9252,78.1198,ECMWF_ERA5_Reanalysis
2017-07-11,36.6,26.6,31.0,39.8,29.7,33.5,0.4,17.2,37.1,277,18.3,991.4,loc_madurai,9.9252,78.1198,ECMWF_ERA5_Reanalysis
2017-07-12,36.9,27.1,31.3,38.5,29.3,33.3,0.0,15.5,35.6,245,16.11,991.4,loc_madurai,9.9252,78.1198,ECMWF_ERA5_Reanalysis
2017-07-13,37.4,26.9,31.2,40.4,30.1,33.7,0.0,16.5,36.7,262,17.57,991.2,loc_madurai,9.9252,78.1198,ECMWF_ERA5_Reanalysis
2017-07-14,35.4,26.8,30.6,37.1,29.3,32.5,0.1,14.6,29.2,262,13.46,991.3,loc_madurai,9.9252,78.1198,ECMWF_ERA5_Reanalysis
2017-07-15,38.4,26.8,31.7,40.6,29.3,33.6,0.3,20.0,41.8,271,20.26,991.2,loc_madurai,9.9252,78.1198,ECMWF_ERA5_Reanalysis
2017-07-16,36.3,26.8,31.2,39.1,29.9,33.4,0.3,15.5,37.1,268,18.06,990.7,loc_madurai,9.9252,78.1198,ECMWF_ERA5_Reanalysis
2017-07-17,37.4,27.3,31.3,38.2,30.3,32.8,0.4,24.2,49.3,253,19.74,989.8,loc_madurai,9.9252,78.1198,ECMWF_ERA5_Reanalysis
2017-07-18,36.3,27.0,30.8,36.6,29.5,32.1,0.9,24.0,49.3,259,17.33,989.9,loc_madurai,9.9252,78.1198,ECMWF_ERA5_Reanalysis
2017-07-19,36.0,27.1,30.6,36.0,29.5,32.1,0.0,26.6,53.6,246,17.98,990.2,loc_madurai,9.9252,78.1198,ECMWF_ERA5_Reanalysis
2017-07-20,36.9,26.7,31.1,38.1,29.5,33.1,0.7,22.9,46.4,245,19.53,990.0,loc_madurai,9.9252,78.1198,ECMWF_ERA5_Reanalysis
2017-07-21,37.7,27.0,31.9,41.0,30.8,34.3,0.1,20.4,41.4,260,19.25,990.5,loc_madurai,9.9252,78.1198,ECMWF_ERA5_Reanalysis
2017-07-22,39.7,27.6,32.7,43.7,30.3,35.2,0.0,16.4,37.8,263,21.25,990.4,loc_madurai,9.9252,78.1198,ECMWF_ERA5_Reanalysis
2017-07-23,39.3,28.0,32.9,41.4,30.3,34.9,0.0,18.2,37.8,272,20.56,990.2,loc_madurai,9.9252,78.1198,ECMWF_ERA5_Reanalysis
2017-07-24,40.1,27.9,32.9,44.4,30.2,35.4,0.0,17.9,40.7,284,22.5,990.3,loc_madurai,9.9252,78.1198,ECMWF_ERA5_Reanalysis
2017-07-25,40.7,28.1,33.5,44.1,30.0,35.8,0.0,13.6,25.2,240,23.1,989.3,loc_madurai,9.9252,78.1198,ECMWF_ERA5_Reanalysis
2017-07-26,40.1,28.3,33.0,43.2,30.7,35.2,0.0,15.8,36.0,269,21.08,989.4,loc_madurai,9.9252,78.1198,ECMWF_ERA5_Reanalysis
2017-07-27,38.9,27.7,32.4,41.4,29.5,34.3,0.0,18.1,41.8,267,21.14,990.5,loc_madurai,9.9252,78.1198,ECMWF_ERA5_Reanalysis
2017-07-28,39.5,27.3,31.9,43.7,29.6,34.4,0.3,20.5,46.1,280,20.89,991.3,loc_madurai,9.9252,78.1198,ECMWF_ERA5_Reanalysis
2017-07-29,39.5,26.9,31.9,43.4,29.9,34.7,2.1,15.0,34.9,248,21.67,992.1,loc_madurai,9.9252,78.1198,ECMWF_ERA5_Reanalysis
2017-07-30,38.1,27.0,30.5,41.0,31.6,34.2,3.6,11.8,31.3,258,17.34,991.7,loc_madurai,9.9252,78.1198,ECMWF_ERA5_Reanalysis
2017-07-31,37.0,26.8,30.0,41.1,31.3,34.2,3.6,13.7,45.7,217,18.01,991.9,loc_madurai,9.9252,78.1198,ECMWF_ERA5_Reanalysis
2017-08-01,36.6,26.9,30.4,40.5,30.9,34.4,1.9,14.0,37.4,255,19.15,992.2,loc_madurai,9.9252,78.1198,ECMWF_ERA5_Reanalysis
2017-08-02,36.7,26.8,30.8,41.8,30.5,34.3,2.1,14.6,31.3,248,19.5,992.1,loc_madurai,9.9252,78.1198,ECMWF_ERA5_Reanalysis
2017-08-03,36.8,27.0,31.0,41.3,29.7,33.6,0.1,19.7,41.8,277,20.88,991.3,loc_madurai,9.9252,78.1198,ECMWF_ERA5_Reanalysis
2017-08-04,38.0,26.7,31.3,41.6,29.1,34.3,0.0,10.5,28.4,296,19.75,989.2,loc_madurai,9.9252,78.1198,ECMWF_ERA5_Reanalysis
2017-08-05,35.9,27.0,30.6,39.4,30.1,33.5,0.4,12.4,35.3,288,15.56,988.6,loc_madurai,9.9252,78.1198,ECMWF_ERA5_Reanalysis
2017-08-06,36.9,26.4,30.6,41.5,29.7,34.0,1.6,13.1,33.5,287,18.99,988.6,loc_madurai,9.9252,78.1198,ECMWF_ERA5_Reanalysis
2017-08-07,37.3,27.0,30.7,42.1,29.9,33.8,0.7,12.7,29.2,273,17.83,989.3,loc_madurai,9.9252,78.1198,ECMWF_ERA5_Reanalysis
2017-08-08,37.7,26.6,30.6,41.7,29.6,34.0,1.0,18.0,40.3,259,19.17,990.3,loc_madurai,9.9252,78.1198,ECMWF_ERA5_Reanalysis
2017-08-09,35.2,26.3,29.4,38.7,30.9,33.7,6.4,10.5,24.8,259,14.91,990.8,loc_madurai,9.9252,78.1198,ECMWF_ERA5_Reanalysis
2017-08-10,34.4,25.1,28.0,38.9,30.5,32.7,8.8,13.0,33.1,237,14.06,991.3,loc_madurai,9.9252,78.1198,ECMWF_ERA5_Reanalysis
2017-08-11,34.1,25.4,29.0,37.4,30.1,32.5,5.9,20.2,40.7,275,18.22,991.7,loc_madurai,9.9252,78.1198,ECMWF_ERA5_Reanalysis
2017-08-12,35.7,25.8,30.3,39.6,28.7,33.5,0.5,10.2,22.7,244,18.97,992.2,loc_madurai,9.9252,78.1198,ECMWF_ERA5_Reanalysis
2017-08-13,33.4,24.8,28.9,36.5,30.0,33.0,1.8,7.6,21.6,195,14.61,993.1,loc_madurai,9.9252,78.1198,ECMWF_ERA5_Reanalysis
2017-08-14,35.5,25.2,28.5,40.7,30.6,33.4,14.0,11.2,30.2,133,17.24,993.8,loc_madurai,9.9252,78.1198,ECMWF_ERA5_Reanalysis
2017-08-15,32.1,25.1,27.5,36.6,30.9,32.6,3.9,8.0,19.4,26,13.51,993.2,loc_madurai,9.9252,78.1198,ECMWF_ERA5_Reanalysis
2017-08-16,33.9,25.0,28.5,38.1,28.4,32.6,3.5,16.2,40.0,265,18.39,991.5,loc_madurai,9.9252,78.1198,ECMWF_ERA5_Reanalysis
2017-08-17,34.3,25.1,29.1,39.2,28.7,32.5,0.6,20.0,36.0,262,19.94,989.8,loc_madurai,9.9252,78.1198,ECMWF_ERA5_Reanalysis
2017-08-18,34.5,25.7,29.0,39.0,29.8,32.2,3.7,21.3,43.9,258,16.16,988.8,loc_madurai,9.9252,78.1198,ECMWF_ERA5_Reanalysis
2017-08-19,32.5,24.8,28.4,33.9,28.9,31.0,0.0,22.0,44.3,255,10.96,989.1,loc_madurai,9.9252,78.1198,ECMWF_ERA5_Reanalysis
2017-08-20,33.8,24.8,27.5,37.4,28.8,31.3,4.9,22.0,45.4,257,15.87,989.3,loc_madurai,9.9252,78.1198,ECMWF_ERA5_Reanalysis
2017-08-21,32.9,24.4,27.2,37.5,28.0,31.1,2.9,13.3,32.4,277,13.77,989.2,loc_madurai,9.9252,78.1198,ECMWF_ERA5_Reanalysis
2017-08-22,32.0,23.9,27.5,36.0,26.8,30.9,1.6,12.8,25.2,291,10.79,989.4,loc_madurai,9.9252,78.1198,ECMWF_ERA5_Reanalysis
2017-08-23,34.9,25.9,28.9,40.8,29.1,33.0,4.6,12.0,27.0,292,19.11,990.2,loc_madurai,9.9252,78.1198,ECMWF_ERA5_Reanalysis
2017-08-24,34.3,25.3,29.2,38.5,28.7,32.8,0.2,12.6,28.8,275,16.36,989.9,loc_madurai,9.9252,78.1198,ECMWF_ERA5_Reanalysis
2017-08-25,34.7,25.9,29.8,39.1,29.4,33.4,0.2,8.9,22.3,268,17.02,989.4,loc_madurai,9.9252,78.1198,ECMWF_ERA5_Reanalysis
2017-08-26,36.1,25.6,30.2,40.7,29.3,33.4,1.1,15.4,33.8,268,22.5,987.9,loc_madurai,9.9252,78.1198,ECMWF_ERA5_Reanalysis
2017-08-27,36.4,26.0,30.2,38.5,29.7,32.8,0.0,23.0,47.2,263,18.76,987.6,loc_madurai,9.9252,78.1198,ECMWF_ERA5_Reanalysis
2017-08-28,30.5,25.3,28.2,33.2,29.2,31.3,1.4,16.6,33.5,280,8.88,987.7,loc_madurai,9.9252,78.1198,ECMWF_ERA5_Reanalysis
2017-08-29,31.1,25.5,27.4,32.8,29.0,30.9,10.1,25.2,51.5,276,12.07,988.8,loc_madurai,9.9252,78.1198,ECMWF_ERA5_Reanalysis
2017-08-30,35.3,24.3,29.3,40.1,27.9,33.5,1.7,10.2,26.6,293,19.38,990.3,loc_madurai,9.9252,78.1198,ECMWF_ERA5_Reanalysis
2017-08-31,36.9,26.1,30.8,40.9,29.6,34.5,0.1,10.6,28.1,284,22.22,991.4,loc_madurai,9.9252,78.1198,ECMWF_ERA5_Reanalysis
2017-09-01,36.1,25.6,28.4,42.4,30.9,33.7,26.3,9.8,25.2,247,16.84,992.3,loc_madurai,9.9252,78.1198,ECMWF_ERA5_Reanalysis
2017-09-02,33.5,24.5,28.4,40.4,30.0,34.1,7.7,7.0,23.4,256,22.06,991.7,loc_madurai,9.9252,78.1198,ECMWF_ERA5_Reanalysis
2017-09-03,33.6,25.0,28.4,40.8,30.5,34.1,9.5,8.9,23.0,255,20.87,991.9,loc_madurai,9.9252,78.1198,ECMWF_ERA5_Reanalysis
2017-09-04,33.5,26.0,28.8,40.3,31.2,34.4,1.3,13.3,39.2,328,21.05,991.9,loc_madurai,9.9252,78.1198,ECMWF_ERA5_Reanalysis
2017-09-05,34.2,24.7,28.2,41.0,29.2,34.0,7.4,9.0,27.0,325,21.39,991.7,loc_madurai,9.9252,78.1198,ECMWF_ERA5_Reanalysis
2017-09-06,33.7,24.7,28.0,41.2,29.2,33.3,5.9,12.2,22.7,275,22.58,991.1,loc_madurai,9.9252,78.1198,ECMWF_ERA5_Reanalysis
2017-09-07,31.8,25.3,27.5,38.3,30.9,33.3,15.6,10.7,32.0,196,16.71,990.5,loc_madurai,9.9252,78.1198,ECMWF_ERA5_Reanalysis
2017-09-08,30.6,25.2,26.9,37.4,30.4,32.7,9.6,8.7,25.2,303,13.31,990.8,loc_madurai,9.9252,78.1198,ECMWF_ERA5_Reanalysis
2017-09-09,30.1,24.6,26.6,36.5,29.3,32.0,5.6,8.4,18.7,8,11.01,990.5,loc_madurai,9.9252,78.1198,ECMWF_ERA5_Reanalysis
2017-09-10,32.2,24.9,27.6,38.5,30.2,33.1,5.9,9.9,27.0,102,18.65,990.2,loc_madurai,9.9252,78.1198,ECMWF_ERA5_Reanalysis
2017-09-11,30.4,24.6,27.4,37.3,30.0,32.4,4.1,14.4,28.4,146,17.63,991.1,loc_madurai,9.9252,78.1198,ECMWF_ERA5_Reanalysis
2017-09-12,31.7,25.1,27.6,37.4,29.9,32.4,14.6,15.0,33.1,154,18.46,992.5,loc_madurai,9.9252,78.1198,ECMWF_ERA5_Reanalysis
2017-09-13,31.4,24.6,26.8,36.8,29.1,31.8,19.4,15.8,36.0,170,15.34,993.0,loc_madurai,9.9252,78.1198,ECMWF_ERA5_Reanalysis
2017-09-14,32.8,24.1,27.7,37.3,29.0,32.1,2.1,16.3,38.9,231,15.81,992.3,loc_madurai,9.9252,78.1198,ECMWF_ERA5_Reanalysis
2017-09-15,33.1,24.3,28.1,37.5,28.5,32.3,2.9,11.8,29.5,246,17.98,991.5,loc_madurai,9.9252,78.1198,ECMWF_ERA5_Reanalysis
2017-09-16,33.3,24.1,28.3,37.9,28.5,32.1,1.9,15.1,44.3,228,19.94,991.3,loc_madurai,9.9252,78.1198,ECMWF_ERA5_Reanalysis
2017-09-17,31.8,24.1,27.0,36.5,28.6,30.8,5.8,19.0,55.4,218,15.43,993.0,loc_madurai,9.9252,78.1198,ECMWF_ERA5_Reanalysis
2017-09-18,32.3,23.5,27.4,35.0,27.4,30.5,6.3,21.9,60.8,243,17.34,993.8,loc_madurai,9.9252,78.1198,ECMWF_ERA5_Reanalysis
2017-09-19,33.4,23.9,28.3,36.1,27.5,31.4,0.0,22.7,45.4,260,22.01,992.6,loc_madurai,9.9252,78.1198,ECMWF_ERA5_Reanalysis
2017-09-20,33.4,23.5,27.9,37.0,27.3,31.1,0.0,19.2,37.4,260,22.55,991.9,loc_madurai,9.9252,78.1198,ECMWF_ERA5_Reanalysis
2017-09-21,34.0,22.6,28.3,36.8,25.6,31.0,0.0,20.2,42.1,264,23.17,991.1,loc_madurai,9.9252,78.1198,ECMWF_ERA5_Reanalysis
2017-09-22,34.0,24.8,29.2,39.7,27.6,32.8,0.0,10.5,20.9,301,22.28,991.5,loc_madurai,9.9252,78.1198,ECMWF_ERA5_Reanalysis
2017-09-23,34.9,24.9,29.7,38.9,28.3,33.5,0.5,15.3,28.8,292,21.69,992.7,loc_madurai,9.9252,78.1198,ECMWF_ERA5_Reanalysis
2017-09-24,34.8,26.2,29.7,38.4,30.2,33.6,1.4,14.9,33.8,264,18.58,992.5,loc_madurai,9.9252,78.1198,ECMWF_ERA5_Reanalysis
2017-09-25,35.3,25.4,29.4,40.4,28.8,33.1,0.5,10.5,24.5,262,18.76,991.4,loc_madurai,9.9252,78.1198,ECMWF_ERA5_Reanalysis
2017-09-26,35.3,25.8,29.7,39.5,28.9,33.2,0.2,12.0,27.7,252,17.32,990.6,loc_madurai,9.9252,78.1198,ECMWF_ERA5_Reanalysis
2017-09-27,35.0,26.4,29.4,37.5,29.6,32.8,0.6,20.0,38.2,280,14.69,991.0,loc_madurai,9.9252,78.1198,ECMWF_ERA5_Reanalysis
2017-09-28,34.9,25.7,29.5,35.4,29.5,31.9,1.7,25.0,52.9,253,16.76,990.9,loc_madurai,9.9252,78.1198,ECMWF_ERA5_Reanalysis
2017-09-29,36.6,25.2,30.3,39.7,28.9,32.8,0.1,18.6,39.6,257,21.32,990.7,loc_madurai,9.9252,78.1198,ECMWF_ERA5_Reanalysis
2017-09-30,37.6,25.8,30.9,40.8,29.5,34.6,0.1,13.5,27.7,245,21.03,991.5,loc_madurai,9.9252,78.1198,ECMWF_ERA5_Reanalysis
2017-10-01,37.7,26.5,31.1,41.4,30.2,34.2,1.4,11.9,32.0,268,20.37,991.7,loc_madurai,9.9252,78.1198,ECMWF_ERA5_Reanalysis
2017-10-02,38.4,26.1,31.2,41.8,29.3,33.8,0.4,16.7,40.7,259,21.6,990.6,loc_madurai,9.9252,78.1198,ECMWF_ERA5_Reanalysis
2017-10-03,38.7,26.9,31.7,41.9,29.7,34.2,0.5,25.0,51.1,226,22.52,990.5,loc_madurai,9.9252,78.1198,ECMWF_ERA5_Reanalysis
2017-10-04,39.7,27.2,31.4,43.5,29.8,34.7,0.6,17.5,38.9,286,21.19,990.7,loc_madurai,9.9252,78.1198,ECMWF_ERA5_Reanalysis
2017-10-05,37.7,24.9,29.7,42.6,30.2,33.8,28.7,16.1,38.5,272,18.83,989.9,loc_madurai,9.9252,78.1198,ECMWF_ERA5_Reanalysis
2017-10-06,32.8,24.7,28.0,39.0,29.7,33.3,9.2,10.9,31.7,295,17.36,989.7,loc_madurai,9.9252,78.1198,ECMWF_ERA5_Reanalysis
2017-10-07,33.5,26.0,28.9,39.5,30.5,33.8,2.1,9.1,22.3,286,18.71,990.1,loc_madurai,9.9252,78.1198,ECMWF_ERA5_Reanalysis
2017-10-08,34.2,25.6,29.3,39.9,30.0,34.3,4.8,10.8,24.8,323,21.1,989.7,loc_madurai,9.9252,78.1198,ECMWF_ERA5_Reanalysis
2017-10-09,34.3,25.5,28.9,40.2,30.2,33.5,6.4,11.3,26.3,308,17.61,989.9,loc_madurai,9.9252,78.1198,ECMWF_ERA5_Reanalysis
2017-10-10,34.5,25.6,29.3,40.3,29.8,33.8,2.9,15.0,33.5,33,20.61,989.2,loc_madurai,9.9252,78.1198,ECMWF_ERA5_Reanalysis
2017-10-11,35.1,24.8,28.8,40.3,29.1,33.3,4.5,13.7,36.7,67,17.84,989.9,loc_madurai,9.9252,78.1198,ECMWF_ERA5_Reanalysis
2017-10-12,32.7,25.7,27.5,39.3,29.6,32.5,8.8,11.5,29.5,313,12.2,990.6,loc_madurai,9.9252,78.1198,ECMWF_ERA5_Reanalysis
2017-10-13,32.5,25.1,27.9,37.8,29.1,32.7,2.0,10.9,22.7,286,13.54,990.0,loc_madurai,9.9252,78.1198,ECMWF_ERA5_Reanalysis
2017-10-14,30.2,25.4,27.3,35.0,29.2,31.7,11.9,9.0,31.7,274,10.07,990.4,loc_madurai,9.9252,78.1198,ECMWF_ERA5_Reanalysis
2017-10-15,30.9,24.8,27.6,33.9,28.7,30.9,0.2,14.1,29.2,276,10.48,991.2,loc_madurai,9.9252,78.1198,ECMWF_ERA5_Reanalysis
2017-10-16,33.8,25.0,28.5,37.4,28.1,32.0,0.7,12.9,23.8,308,14.97,991.3,loc_madurai,9.9252,78.1198,ECMWF_ERA5_Reanalysis
2017-10-17,26.2,24.3,25.4,30.9,27.9,29.7,9.4,9.7,27.0,285,4.83,991.3,loc_madurai,9.9252,78.1198,ECMWF_ERA5_Reanalysis
2017-10-18,33.6,23.7,27.5,38.7,28.4,31.8,0.2,20.2,42.8,266,17.63,990.6,loc_madurai,9.9252,78.1198,ECMWF_ERA5_Reanalysis
2017-10-19,35.2,25.0,29.6,39.2,27.4,33.0,0.1,13.9,29.9,281,22.11,990.3,loc_madurai,9.9252,78.1198,ECMWF_ERA5_Reanalysis
2017-10-20,34.0,25.8,29.6,39.5,29.0,33.8,1.0,11.9,24.8,247,18.92,991.7,loc_madurai,9.9252,78.1198,ECMWF_ERA5_Reanalysis
2017-10-21,33.7,25.9,28.3,37.7,30.4,32.8,4.0,17.3,41.8,221,15.47,993.3,loc_madurai,9.9252,78.1198,ECMWF_ERA5_Reanalysis
2017-10-22,35.3,25.1,29.0,41.2,30.0,33.6,3.0,14.8,33.5,223,19.34,993.4,loc_madurai,9.9252,78.1198,ECMWF_ERA5_Reanalysis
2017-10-23,36.4,25.9,30.6,39.8,29.4,34.1,0.2,12.9,25.2,29,20.26,993.3,loc_madurai,9.9252,78.1198,ECMWF_ERA5_Reanalysis
2017-10-24,35.7,25.8,29.8,39.0,30.2,33.9,0.5,9.4,31.3,51,17.8,994.6,loc_madurai,9.9252,78.1198,ECMWF_ERA5_Reanalysis
2017-10-25,34.2,25.4,29.1,37.8,30.5,33.5,3.5,15.2,33.1,71,18.18,995.7,loc_madurai,9.9252,78.1198,ECMWF_ERA5_Reanalysis
2017-10-26,32.1,24.5,27.5,36.8,29.0,31.9,6.6,11.9,27.0,101,14.36,996.3,loc_madurai,9.9252,78.1198,ECMWF_ERA5_Reanalysis
2017-10-27,32.7,24.0,27.1,36.8,28.3,31.7,11.1,14.7,30.6,112,16.74,995.3,loc_madurai,9.9252,78.1198,ECMWF_ERA5_Reanalysis
2017-10-28,28.8,23.7,25.9,33.0,28.2,30.4,9.7,10.5,29.9,35,9.98,995.1,loc_madurai,9.9252,78.1198,ECMWF_ERA5_Reanalysis
2017-10-29,31.7,24.3,27.3,34.2,28.1,30.8,0.1,15.9,31.7,45,16.05,994.8,loc_madurai,9.9252,78.1198,ECMWF_ERA5_Reanalysis
2017-10-30,32.0,23.9,27.0,34.2,27.4,30.1,28.9,16.3,33.5,24,15.08,993.9,loc_madurai,9.9252,78.1198,ECMWF_ERA5_Reanalysis
2017-10-31,27.5,24.0,25.2,30.2,27.7,28.7,3.9,21.6,42.5,33,9.61,993.5,loc_madurai,9.9252,78.1198,ECMWF_ERA5_Reanalysis
2017-11-01,29.3,23.6,26.1,33.1,27.4,29.6,4.3,16.5,32.0,40,14.15,993.9,loc_madurai,9.9252,78.1198,ECMWF_ERA5_Reanalysis
2017-11-02,29.6,23.7,26.2,32.6,27.5,29.7,6.3,18.3,40.7,28,12.02,993.2,loc_madurai,9.9252,78.1198,ECMWF_ERA5_Reanalysis
2017-11-03,30.8,24.0,26.8,32.9,27.6,29.6,1.4,22.7,45.4,28,17.06,992.1,loc_madurai,9.9252,78.1198,ECMWF_ERA5_Reanalysis
2017-11-04,26.8,23.5,24.5,29.3,26.6,27.9,17.4,19.1,36.7,29,6.75,992.3,loc_madurai,9.9252,78.1198,ECMWF_ERA5_Reanalysis
2017-11-05,29.1,22.9,25.1,33.8,26.6,29.1,17.1,14.7,34.2,40,10.49,993.3,loc_madurai,9.9252,78.1198,ECMWF_ERA5_Reanalysis
2017-11-06,28.1,23.4,25.2,31.1,27.6,29.2,10.9,16.1,34.6,43,10.89,994.1,loc_madurai,9.9252,78.1198,ECMWF_ERA5_Reanalysis
2017-11-07,28.5,23.8,25.7,32.7,27.5,29.6,5.7,15.8,32.8,39,12.58,994.7,loc_madurai,9.9252,78.1198,ECMWF_ERA5_Reanalysis
2017-11-08,28.1,23.4,25.3,31.8,27.0,29.4,3.3,12.1,29.2,36,9.85,995.0,loc_madurai,9.9252,78.1198,ECMWF_ERA5_Reanalysis
2017-11-09,31.3,21.8,26.2,33.8,25.3,29.3,0.1,16.7,34.9,33,20.35,993.5,loc_madurai,9.9252,78.1198,ECMWF_ERA5_Reanalysis
2017-11-10,31.6,21.8,26.0,33.7,24.7,28.8,1.5,18.4,38.5,25,13.78,993.2,loc_madurai,9.9252,78.1198,ECMWF_ERA5_Reanalysis
2017-11-11,30.4,24.1,26.8,32.6,27.6,30.1,0.0,14.6,30.6,25,13.04,993.0,loc_madurai,9.9252,78.1198,ECMWF_ERA5_Reanalysis
2017-11-12,33.0,23.0,27.3,36.6,27.0,30.9,0.0,8.7,22.0,336,20.38,991.9,loc_madurai,9.9252,78.1198,ECMWF_ERA5_Reanalysis
2017-11-13,32.2,22.7,27.3,37.0,26.7,31.3,0.1,10.6,22.7,289,18.59,991.2,loc_madurai,9.9252,78.1198,ECMWF_ERA5_Reanalysis
2017-11-14,31.9,23.1,27.0,36.1,27.2,31.2,0.2,10.6,25.6,244,17.09,990.9,loc_madurai,9.9252,78.1198,ECMWF_ERA5_Reanalysis
2017-11-15,33.1,23.6,28.0,37.8,28.2,32.3,0.0,9.4,22.3,271,19.49,991.1,loc_madurai,9.9252,78.1198,ECMWF_ERA5_Reanalysis
2017-11-16,33.9,23.0,28.1,38.1,26.1,31.5,0.0,10.7,21.2,239,22.34,991.6,loc_madurai,9.9252,78.1198,ECMWF_ERA5_Reanalysis
2017-11-17,33.7,23.3,28.1,37.5,27.9,32.0,0.0,14.2,28.8,91,19.97,992.1,loc_madurai,9.9252,78.1198,ECMWF_ERA5_Reanalysis
2017-11-18,32.0,23.5,27.7,35.1,28.1,31.7,1.1,11.4,26.6,106,15.67,993.4,loc_madurai,9.9252,78.1198,ECMWF_ERA5_Reanalysis
2017-11-19,32.4,24.0,27.3,36.1,28.8,31.6,8.8,18.1,38.2,72,16.05,994.5,loc_madurai,9.9252,78.1198,ECMWF_ERA5_Reanalysis
2017-11-20,31.4,23.6,26.9,35.8,28.5,31.4,8.8,15.2,37.1,57,14.86,994.9,loc_madurai,9.9252,78.1198,ECMWF_ERA5_Reanalysis
2017-11-21,31.8,23.7,27.1,35.4,28.5,31.3,3.3,17.0,35.3,60,15.64,994.2,loc_madurai,9.9252,78.1198,ECMWF_ERA5_Reanalysis
2017-11-22,32.1,23.9,27.3,35.6,27.9,30.9,2.9,14.7,37.4,53,15.91,993.6,loc_madurai,9.9252,78.1198,ECMWF_ERA5_Reanalysis
2017-11-23,33.4,23.1,27.8,34.8,26.8,30.2,0.0,19.1,40.3,51,18.63,993.7,loc_madurai,9.9252,78.1198,ECMWF_ERA5_Reanalysis
2017-11-24,33.0,22.4,27.7,34.5,25.9,30.3,0.0,16.9,40.3,52,17.95,994.8,loc_madurai,9.9252,78.1198,ECMWF_ERA5_Reanalysis
2017-11-25,33.4,24.7,28.1,34.5,28.7,30.5,0.2,20.5,42.1,43,16.55,995.2,loc_madurai,9.9252,78.1198,ECMWF_ERA5_Reanalysis
2017-11-26,32.1,23.4,26.6,33.2,26.7,29.2,18.9,19.2,41.4,43,12.33,995.8,loc_madurai,9.9252,78.1198,ECMWF_ERA5_Reanalysis
2017-11-27,30.1,23.2,26.0,31.9,26.3,28.9,6.7,20.6,47.2,39,10.5,994.6,loc_madurai,9.9252,78.1198,ECMWF_ERA5_Reanalysis
2017-11-28,30.5,23.7,26.5,32.9,27.1,29.0,1.5,23.0,47.5,37,13.04,994.2,loc_madurai,9.9252,78.1198,ECMWF_ERA5_Reanalysis
2017-11-29,28.8,24.2,25.9,29.0,26.2,27.6,3.6,30.1,61.9,31,9.14,993.9,loc_madurai,9.9252,78.1198,ECMWF_ERA5_Reanalysis
2017-11-30,25.0,22.9,24.0,28.2,24.3,26.8,81.4,26.6,55.8,59,4.19,992.2,loc_madurai,9.9252,78.1198,ECMWF_ERA5_Reanalysis
2017-12-01,27.7,22.6,24.2,31.8,25.8,28.2,20.2,16.6,35.6,106,6.81,992.5,loc_madurai,9.9252,78.1198,ECMWF_ERA5_Reanalysis
2017-12-02,29.1,22.7,24.7,34.4,26.7,28.9,19.8,16.4,29.2,53,11.87,994.4,loc_madurai,9.9252,78.1198,ECMWF_ERA5_Reanalysis
2017-12-03,28.5,22.8,25.6,31.7,26.0,28.8,0.3,17.3,34.9,43,12.48,995.5,loc_madurai,9.9252,78.1198,ECMWF_ERA5_Reanalysis
2017-12-04,29.3,23.1,26.1,32.4,26.3,29.4,0.3,13.3,29.2,49,14.72,994.8,loc_madurai,9.9252,78.1198,ECMWF_ERA5_Reanalysis
2017-12-05,29.9,23.3,26.0,32.8,26.8,29.6,0.2,11.3,24.5,50,14.27,993.9,loc_madurai,9.9252,78.1198,ECMWF_ERA5_Reanalysis
2017-12-06,29.6,22.9,25.9,33.4,26.9,29.8,1.0,11.6,25.6,47,14.82,993.7,loc_madurai,9.9252,78.1198,ECMWF_ERA5_Reanalysis
2017-12-07,29.6,23.1,26.0,35.6,27.1,30.7,3.8,8.0,25.6,117,15.81,993.4,loc_madurai,9.9252,78.1198,ECMWF_ERA5_Reanalysis
2017-12-08,30.7,23.5,26.3,33.4,27.7,30.1,0.9,8.0,20.5,119,16.63,993.8,loc_madurai,9.9252,78.1198,ECMWF_ERA5_Reanalysis
2017-12-09,30.3,21.9,25.8,34.5,26.1,30.0,0.3,7.6,14.4,124,17.5,994.6,loc_madurai,9.9252,78.1198,ECMWF_ERA5_Reanalysis
2017-12-10,31.5,21.9,26.5,34.5,25.8,30.0,0.0,10.8,25.9,53,18.86,995.5,loc_madurai,9.9252,78.1198,ECMWF_ERA5_Reanalysis
2017-12-11,31.5,21.9,26.4,35.3,25.7,30.2,0.0,10.9,22.7,63,19.0,996.8,loc_madurai,9.9252,78.1198,ECMWF_ERA5_Reanalysis
2017-12-12,30.4,23.0,26.5,34.0,27.9,30.8,0.3,13.0,29.5,88,15.27,997.0,loc_madurai,9.9252,78.1198,ECMWF_ERA5_Reanalysis
2017-12-13,31.8,23.9,27.4,34.9,28.6,31.4,0.2,7.9,23.8,96,16.96,996.8,loc_madurai,9.9252,78.1198,ECMWF_ERA5_Reanalysis
2017-12-14,32.1,23.6,27.3,34.6,27.6,30.3,0.0,13.4,28.8,58,20.1,996.9,loc_madurai,9.9252,78.1198,ECMWF_ERA5_Reanalysis
2017-12-15,30.1,23.4,26.0,32.9,27.0,28.9,8.2,18.8,39.6,43,12.81,997.3,loc_madurai,9.9252,78.1198,ECMWF_ERA5_Reanalysis
2017-12-16,30.4,23.1,26.5,31.4,25.4,28.0,0.6,22.5,44.3,40,15.24,997.9,loc_madurai,9.9252,78.1198,ECMWF_ERA5_Reanalysis
2017-12-17,30.9,22.7,26.2,30.5,24.4,27.0,0.0,24.1,48.6,35,16.85,998.5,loc_madurai,9.9252,78.1198,ECMWF_ERA5_Reanalysis
2017-12-18,30.7,22.9,25.9,29.9,23.9,26.2,0.0,22.2,45.4,32,18.22,999.1,loc_madurai,9.9252,78.1198,ECMWF_ERA5_Reanalysis
2017-12-19,29.8,22.0,26.0,30.4,22.9,27.0,0.0,19.0,39.6,38,13.12,998.0,loc_madurai,9.9252,78.1198,ECMWF_ERA5_Reanalysis
2017-12-20,30.5,23.1,26.6,30.1,24.8,27.8,2.0,24.7,49.7,45,12.84,998.2,loc_madurai,9.9252,78.1198,ECMWF_ERA5_Reanalysis
2017-12-21,27.7,21.2,24.6,28.6,23.2,26.5,2.8,21.0,47.9,35,9.62,998.5,loc_madurai,9.9252,78.1198,ECMWF_ERA5_Reanalysis
2017-12-22,30.4,22.6,25.6,31.0,24.9,27.5,0.5,18.9,38.9,35,15.96,997.4,loc_madurai,9.9252,78.1198,ECMWF_ERA5_Reanalysis
2017-12-23,30.2,22.2,25.7,30.3,24.4,27.0,0.5,20.4,41.0,44,14.35,995.6,loc_madurai,9.9252,78.1198,ECMWF_ERA5_Reanalysis
2017-12-24,31.1,19.5,25.3,32.1,21.6,26.9,0.0,15.8,33.8,45,17.51,995.4,loc_madurai,9.9252,78.1198,ECMWF_ERA5_Reanalysis
2017-12-25,32.4,21.0,26.1,33.3,23.8,28.0,0.0,18.2,35.3,48,16.47,995.7,loc_madurai,9.9252,78.1198,ECMWF_ERA5_Reanalysis
2017-12-26,31.8,23.5,26.9,32.1,25.2,27.9,0.1,21.7,44.6,42,18.13,995.9,loc_madurai,9.9252,78.1198,ECMWF_ERA5_Reanalysis
2017-12-27,32.8,22.1,26.0,32.6,23.5,26.9,0.0,24.4,48.6,45,19.34,996.2,loc_madurai,9.9252,78.1198,ECMWF_ERA5_Reanalysis
2017-12-28,30.5,20.1,25.0,30.1,22.0,25.4,0.0,18.8,41.0,41,21.37,996.1,loc_madurai,9.9252,78.1198,ECMWF_ERA5_Reanalysis
2017-12-29,30.7,19.5,25.1,30.7,20.9,25.6,0.0,16.1,36.0,38,19.71,996.5,loc_madurai,9.9252,78.1198,ECMWF_ERA5_Reanalysis
2017-12-30,32.3,20.4,26.1,32.6,22.9,27.4,0.0,16.0,37.4,52,17.96,995.7,loc_madurai,9.9252,78.1198,ECMWF_ERA5_Reanalysis
2017-12-31,33.0,21.9,26.9,34.4,24.7,28.7,0.0,13.0,32.0,55,19.83,994.5,loc_madurai,9.9252,78.1198,ECMWF_ERA5_Reanalysis
2018-01-01,33.8,21.2,27.2,36.4,24.3,29.6,0.0,17.9,33.8,126,18.98,993.1,loc_madurai,9.9252,78.1198,ECMWF_ERA5_Reanalysis
2018-01-02,33.6,22.5,27.6,36.2,25.8,30.1,0.1,16.4,33.1,129,17.04,993.2,loc_madurai,9.9252,78.1198,ECMWF_ERA5_Reanalysis
2018-01-03,32.5,23.5,27.8,34.1,27.0,30.0,0.3,18.1,34.2,68,17.33,994.4,loc_madurai,9.9252,78.1198,ECMWF_ERA5_Reanalysis
2018-01-04,32.0,23.4,26.9,32.2,24.2,28.2,1.2,19.1,40.0,49,13.81,995.6,loc_madurai,9.9252,78.1198,ECMWF_ERA5_Reanalysis
2018-01-05,30.4,21.3,25.7,30.2,22.5,25.9,0.0,17.6,38.5,46,16.68,995.0,loc_madurai,9.9252,78.1198,ECMWF_ERA5_Reanalysis
2018-01-06,32.4,19.6,25.6,31.8,20.9,25.8,0.0,16.9,34.9,42,19.53,994.6,loc_madurai,9.9252,78.1198,ECMWF_ERA5_Reanalysis
2018-01-07,33.6,19.7,26.0,32.9,20.5,26.1,0.0,15.3,32.8,48,20.52,994.8,loc_madurai,9.9252,78.1198,ECMWF_ERA5_Reanalysis
2018-01-08,32.2,19.9,25.5,32.0,20.5,25.3,0.0,19.6,38.9,39,21.26,995.7,loc_madurai,9.9252,78.1198,ECMWF_ERA5_Reanalysis
2018-01-09,30.8,20.5,25.0,30.9,22.3,26.3,4.8,16.2,34.6,23,13.04,996.8,loc_madurai,9.9252,78.1198,ECMWF_ERA5_Reanalysis
2018-01-10,30.1,22.9,25.7,31.1,25.5,28.0,4.5,21.3,45.7,41,13.97,997.4,loc_madurai,9.9252,78.1198,ECMWF_ERA5_Reanalysis
2018-01-11,32.5,23.1,27.1,33.4,26.1,29.4,0.0,16.5,33.1,50,15.83,997.4,loc_madurai,9.9252,78.1198,ECMWF_ERA5_Reanalysis
2018-01-12,31.0,23.6,26.4,33.2,27.1,29.5,7.5,14.9,33.8,65,15.27,996.9,loc_madurai,9.9252,78.1198,ECMWF_ERA5_Reanalysis
2018-01-13,32.1,22.3,26.3,33.8,26.0,29.0,0.0,15.3,33.5,64,18.78,996.3,loc_madurai,9.9252,78.1198,ECMWF_ERA5_Reanalysis
2018-01-14,33.3,19.1,25.8,33.4,21.5,27.5,0.0,17.0,37.4,54,21.97,996.5,loc_madurai,9.9252,78.1198,ECMWF_ERA5_Reanalysis
2018-01-15,32.5,22.2,26.4,34.0,24.9,28.2,0.0,16.9,36.4,54,21.19,997.0,loc_madurai,9.9252,78.1198,ECMWF_ERA5_Reanalysis
2018-01-16,33.4,21.0,26.4,34.0,23.7,28.1,0.0,16.8,35.6,53,20.15,995.8,loc_madurai,9.9252,78.1198,ECMWF_ERA5_Reanalysis
2018-01-17,33.0,22.5,26.5,32.6,23.3,27.8,0.0,18.6,40.0,46,19.36,995.8,loc_madurai,9.9252,78.1198,ECMWF_ERA5_Reanalysis
2018-01-18,31.6,19.9,25.4,31.2,21.0,25.3,0.0,19.3,42.1,42,22.04,996.0,loc_madurai,9.9252,78.1198,ECMWF_ERA5_Reanalysis
2018-01-19,31.5,18.9,24.8,30.9,20.3,25.0,0.0,18.2,40.7,40,21.91,996.7,loc_madurai,9.9252,78.1198,ECMWF_ERA5_Reanalysis
2018-01-20,32.0,19.5,25.1,31.4,20.5,25.2,0.0,17.8,36.7,44,22.44,996.2,loc_madurai,9.9252,78.1198,ECMWF_ERA5_Reanalysis
2018-01-21,32.0,19.3,25.1,32.0,20.2,25.3,0.0,17.5,36.7,46,21.56,995.2,loc_madurai,9.9252,78.1198,ECMWF_ERA5_Reanalysis
2018-01-22,32.0,19.5,25.4,32.7,20.8,26.2,0.0,16.8,36.4,51,21.87,994.4,loc_madurai,9.9252,78.1198,ECMWF_ERA5_Reanalysis
2018-01-23,32.7,21.2,26.3,33.0,22.9,27.6,0.0,13.8,33.8,67,16.77,994.1,loc_madurai,9.9252,78.1198,ECMWF_ERA5_Reanalysis
2018-01-24,32.8,21.7,26.6,33.1,24.0,28.4,0.0,17.0,31.7,63,14.35,993.5,loc_madurai,9.9252,78.1198,ECMWF_ERA5_Reanalysis
2018-01-25,33.6,21.4,27.2,33.8,23.9,28.1,0.0,17.2,38.5,56,18.46,992.9,loc_madurai,9.9252,78.1198,ECMWF_ERA5_Reanalysis
2018-01-26,33.2,20.7,26.4,34.0,21.7,27.2,0.0,18.7,36.7,54,21.48,993.8,loc_madurai,9.9252,78.1198,ECMWF_ERA5_Reanalysis
2018-01-27,33.6,19.5,26.3,34.2,20.4,27.0,0.0,20.3,38.5,56,21.72,994.3,loc_madurai,9.9252,78.1198,ECMWF_ERA5_Reanalysis
2018-01-28,32.4,21.9,26.8,32.2,23.0,26.9,0.0,20.7,38.5,43,18.18,994.9,loc_madurai,9.9252,78.1198,ECMWF_ERA5_Reanalysis
2018-01-29,32.5,21.6,26.7,32.6,23.0,27.0,0.0,23.3,42.5,47,21.45,996.0,loc_madurai,9.9252,78.1198,ECMWF_ERA5_Reanalysis
2018-01-30,33.3,21.8,27.1,33.5,22.3,27.0,0.0,19.6,42.8,42,22.76,996.0,loc_madurai,9.9252,78.1198,ECMWF_ERA5_Reanalysis
2018-01-31,33.4,20.4,26.4,32.2,21.3,25.5,0.0,18.9,40.7,43,22.85,996.6,loc_madurai,9.9252,78.1198,ECMWF_ERA5_Reanalysis
2018-02-01,33.8,19.9,26.2,31.8,20.0,25.4,0.0,16.6,37.8,47,23.18,996.9,loc_madurai,9.9252,78.1198,ECMWF_ERA5_Reanalysis
2018-02-02,33.7,18.0,25.4,32.5,16.6,24.6,0.0,17.6,38.2,54,23.83,995.9,loc_madurai,9.9252,78.1198,ECMWF_ERA5_Reanalysis
2018-02-03,32.4,17.4,24.8,32.0,16.9,24.6,0.0,16.0,36.7,54,23.44,996.2,loc_madurai,9.9252,78.1198,ECMWF_ERA5_Reanalysis
2018-02-04,32.9,19.5,25.6,33.1,20.6,26.1,0.0,18.9,40.3,56,23.34,996.4,loc_madurai,9.9252,78.1198,ECMWF_ERA5_Reanalysis
2018-02-05,33.6,20.5,26.5,34.4,21.8,27.6,0.0,15.9,37.1,57,20.8,997.4,loc_madurai,9.9252,78.1198,ECMWF_ERA5_Reanalysis
2018-02-06,33.1,23.3,27.4,35.5,25.3,29.5,0.8,17.3,37.1,69,17.7,997.3,loc_madurai,9.9252,78.1198,ECMWF_ERA5_Reanalysis
2018-02-07,33.6,24.2,27.8,37.1,27.7,31.2,13.0,11.9,33.5,86,17.25,996.3,loc_madurai,9.9252,78.1198,ECMWF_ERA5_Reanalysis
2018-02-08,33.5,23.0,27.7,36.7,27.1,31.0,2.0,14.2,32.8,55,19.16,995.6,loc_madurai,9.9252,78.1198,ECMWF_ERA5_Reanalysis
2018-02-09,34.9,23.1,28.2,37.4,26.7,31.0,0.6,15.6,32.0,92,20.52,994.8,loc_madurai,9.9252,78.1198,ECMWF_ERA5_Reanalysis
2018-02-10,34.4,23.3,28.0,35.9,26.3,29.9,0.0,18.1,35.6,80,23.15,996.2,loc_madurai,9.9252,78.1198,ECMWF_ERA5_Reanalysis
2018-02-11,34.0,22.2,27.5,35.7,25.4,29.6,0.0,16.0,31.3,71,22.22,997.1,loc_madurai,9.9252,78.1198,ECMWF_ERA5_Reanalysis
2018-02-12,34.8,23.0,27.7,35.8,26.2,29.7,0.0,18.3,33.5,60,21.45,998.2,loc_madurai,9.9252,78.1198,ECMWF_ERA5_Reanalysis
2018-02-13,33.4,22.3,27.2,34.0,25.1,28.4,0.0,17.3,37.4,50,21.59,999.5,loc_madurai,9.9252,78.1198,ECMWF_ERA5_Reanalysis
2018-02-14,34.1,21.8,27.3,34.2,24.7,28.6,0.1,18.5,40.3,56,21.33,999.7,loc_madurai,9.9252,78.1198,ECMWF_ERA5_Reanalysis
2018-02-15,33.3,23.0,28.1,33.7,25.6,29.0,0.0,21.6,45.0,48,18.15,999.5,loc_madurai,9.9252,78.1198,ECMWF_ERA5_Reanalysis
2018-02-16,35.1,23.2,28.3,35.9,23.1,29.2,0.0,16.9,36.4,53,22.26,998.6,loc_madurai,9.9252,78.1198,ECMWF_ERA5_Reanalysis
2018-02-17,34.7,20.7,27.2,35.4,21.5,27.8,0.0,21.0,39.2,59,22.98,996.1,loc_madurai,9.9252,78.1198,ECMWF_ERA5_Reanalysis
2018-02-18,35.2,20.7,27.2,35.7,22.5,28.1,0.0,21.0,38.9,57,24.13,995.0,loc_madurai,9.9252,78.1198,ECMWF_ERA5_Reanalysis
2018-02-19,34.1,19.5,26.2,34.0,21.1,27.0,0.0,18.4,38.9,56,24.25,995.4,loc_madurai,9.9252,78.1198,ECMWF_ERA5_Reanalysis
2018-02-20,34.6,19.7,26.6,34.8,21.4,27.4,0.0,19.1,38.2,52,23.95,995.1,loc_madurai,9.9252,78.1198,ECMWF_ERA5_Reanalysis
2018-02-21,34.4,20.6,26.8,34.1,22.6,27.5,0.0,16.8,38.9,52,23.86,994.2,loc_madurai,9.9252,78.1198,ECMWF_ERA5_Reanalysis
2018-02-22,35.6,20.0,26.9,34.1,21.1,26.9,0.0,20.4,40.3,57,24.84,993.8,loc_madurai,9.9252,78.1198,ECMWF_ERA5_Reanalysis
2018-02-23,34.4,20.5,26.8,34.3,21.8,27.6,0.0,18.1,36.7,56,24.13,994.4,loc_madurai,9.9252,78.1198,ECMWF_ERA5_Reanalysis
2018-02-24,35.6,21.8,27.8,36.5,24.7,29.3,0.0,22.6,49.3,63,21.62,995.6,loc_madurai,9.9252,78.1198,ECMWF_ERA5_Reanalysis
2018-02-25,35.5,22.1,28.2,36.0,25.1,29.2,0.0,20.7,40.3,57,22.94,995.7,loc_madurai,9.9252,78.1198,ECMWF_ERA5_Reanalysis
2018-02-26,35.9,22.4,28.5,37.2,25.2,30.0,0.0,19.9,36.4,59,24.22,995.0,loc_madurai,9.9252,78.1198,ECMWF_ERA5_Reanalysis
2018-02-27,35.7,22.8,28.6,36.6,24.9,30.1,0.0,20.3,43.6,65,21.79,994.5,loc_madurai,9.9252,78.1198,ECMWF_ERA5_Reanalysis
2018-02-28,35.6,23.1,28.7,36.9,26.1,30.7,1.1,19.1,40.7,72,22.08,994.4,loc_madurai,9.9252,78.1198,ECMWF_ERA5_Reanalysis
2018-03-01,34.6,23.6,28.7,36.3,27.1,31.2,0.3,17.2,35.6,66,19.53,994.0,loc_madurai,9.9252,78.1198,ECMWF_ERA5_Reanalysis
2018-03-02,36.4,22.8,28.9,36.9,25.7,30.2,0.0,17.4,37.4,67,24.56,993.8,loc_madurai,9.9252,78.1198,ECMWF_ERA5_Reanalysis
2018-03-03,36.5,20.1,28.0,36.9,20.8,28.8,0.0,19.4,38.5,79,25.53,993.5,loc_madurai,9.9252,78.1198,ECMWF_ERA5_Reanalysis
2018-03-04,37.4,21.8,28.9,37.0,23.1,29.5,0.0,20.4,39.6,79,25.76,993.3,loc_madurai,9.9252,78.1198,ECMWF_ERA5_Reanalysis
2018-03-05,37.1,21.8,28.6,36.7,23.6,29.5,0.0,18.5,36.0,72,25.65,993.8,loc_madurai,9.9252,78.1198,ECMWF_ERA5_Reanalysis
2018-03-06,36.6,21.9,28.2,35.7,24.2,29.2,0.0,18.9,37.4,77,26.01,994.6,loc_madurai,9.9252,78.1198,ECMWF_ERA5_Reanalysis
2018-03-07,35.6,22.1,28.1,36.7,24.6,29.6,0.0,20.9,38.2,60,23.27,994.6,loc_madurai,9.9252,78.1198,ECMWF_ERA5_Reanalysis
2018-03-08,35.5,22.5,28.6,36.9,24.9,30.4,0.0,15.9,34.6,68,23.23,994.8,loc_madurai,9.9252,78.1198,ECMWF_ERA5_Reanalysis
2018-03-09,36.4,21.2,28.7,36.3,24.2,29.9,0.0,19.2,41.4,68,24.54,994.4,loc_madurai,9.9252,78.1198,ECMWF_ERA5_Reanalysis
2018-03-10,36.4,22.8,29.0,36.3,26.0,30.1,0.1,19.9,42.8,59,21.98,994.4,loc_madurai,9.9252,78.1198,ECMWF_ERA5_Reanalysis
2018-03-11,36.7,21.9,28.7,37.7,23.5,29.8,0.0,18.7,41.8,62,22.26,994.6,loc_madurai,9.9252,78.1198,ECMWF_ERA5_Reanalysis
2018-03-12,33.2,24.5,28.0,35.1,27.2,30.2,2.7,26.4,55.4,60,18.9,995.3,loc_madurai,9.9252,78.1198,ECMWF_ERA5_Reanalysis
2018-03-13,28.9,23.9,25.2,32.3,27.2,29.4,29.8,22.5,43.6,63,8.1,995.0,loc_madurai,9.9252,78.1198,ECMWF_ERA5_Reanalysis
2018-03-14,30.6,23.0,26.4,34.9,27.3,31.1,8.3,8.4,35.3,150,13.6,994.7,loc_madurai,9.9252,78.1198,ECMWF_ERA5_Reanalysis
2018-03-15,34.5,23.5,28.4,37.7,28.1,32.2,1.3,14.1,37.8,152,21.36,994.1,loc_madurai,9.9252,78.1198,ECMWF_ERA5_Reanalysis
2018-03-16,35.0,24.5,29.3,38.3,29.2,32.9,0.1,14.8,30.6,158,22.5,992.9,loc_madurai,9.9252,78.1198,ECMWF_ERA5_Reanalysis
2018-03-17,31.2,25.1,27.8,34.2,29.3,31.8,5.7,14.6,33.1,56,12.84,993.8,loc_madurai,9.9252,78.1198,ECMWF_ERA5_Reanalysis
2018-03-18,35.5,24.4,28.7,38.7,29.1,32.4,1.1,17.7,39.2,85,22.6,994.4,loc_madurai,9.9252,78.1198,ECMWF_ERA5_Reanalysis
2018-03-19,34.7,24.5,28.7,36.8,27.4,31.1,0.0,15.6,31.3,67,24.18,995.8,loc_madurai,9.9252,78.1198,ECMWF_ERA5_Reanalysis
2018-03-20,35.9,21.9,28.4,38.2,24.4,30.8,0.0,15.0,26.6,91,25.63,995.0,loc_madurai,9.9252,78.1198,ECMWF_ERA5_Reanalysis
2018-03-21,37.6,23.4,30.0,40.2,27.0,32.9,0.0,19.1,37.4,130,23.85,994.3,loc_madurai,9.9252,78.1198,ECMWF_ERA5_Reanalysis
2018-03-22,38.8,25.2,31.1,40.2,28.0,33.4,0.1,22.3,41.0,140,22.9,992.2,loc_madurai,9.9252,78.1198,ECMWF_ERA5_Reanalysis
2018-03-23,39.7,25.7,32.3,41.8,28.3,34.5,0.3,16.8,33.5,116,22.04,991.6,loc_madurai,9.9252,78.1198,ECMWF_ERA5_Reanalysis
2018-03-24,37.7,25.6,31.1,39.2,28.5,33.4,0.0,16.6,37.8,92,22.35,993.4,loc_madurai,9.9252,78.1198,ECMWF_ERA5_Reanalysis
2018-03-25,36.8,23.9,29.7,38.8,27.5,31.8,0.3,15.9,34.2,84,21.46,995.5,loc_madurai,9.9252,78.1198,ECMWF_ERA5_Reanalysis
2018-03-26,37.5,23.5,29.8,39.6,27.1,32.4,0.0,16.5,36.7,75,24.08,995.9,loc_madurai,9.9252,78.1198,ECMWF_ERA5_Reanalysis
2018-03-27,35.5,25.7,30.4,39.3,30.6,34.2,0.5,13.7,28.4,112,19.4,994.9,loc_madurai,9.9252,78.1198,ECMWF_ERA5_Reanalysis
2018-03-28,38.3,25.4,30.8,40.4,30.5,34.4,0.6,22.8,50.8,149,22.29,994.1,loc_madurai,9.9252,78.1198,ECMWF_ERA5_Reanalysis
2018-03-29,39.8,26.0,31.7,41.6,30.8,35.0,0.0,18.9,43.2,139,25.42,993.4,loc_madurai,9.9252,78.1198,ECMWF_ERA5_Reanalysis
2018-03-30,40.3,25.9,31.9,42.0,31.4,35.5,0.0,22.0,42.1,115,24.54,992.7,loc_madurai,9.9252,78.1198,ECMWF_ERA5_Reanalysis
2018-03-31,39.9,26.2,32.1,41.8,31.8,35.7,0.0,20.4,40.0,118,22.74,991.9,loc_madurai,9.9252,78.1198,ECMWF_ERA5_Reanalysis
2018-04-01,39.3,26.4,31.8,40.4,31.9,34.8,0.0,19.4,41.8,110,23.96,992.0,loc_madurai,9.9252,78.1198,ECMWF_ERA5_Reanalysis
2018-04-02,38.3,25.7,30.9,39.9,31.0,34.5,0.4,19.0,41.4,125,21.87,993.0,loc_madurai,9.9252,78.1198,ECMWF_ERA5_Reanalysis
2018-04-03,38.3,26.6,31.2,40.4,32.3,34.7,0.0,19.1,45.7,120,21.44,992.7,loc_madurai,9.9252,78.1198,ECMWF_ERA5_Reanalysis
2018-04-04,39.3,25.9,31.4,41.1,29.2,34.2,0.0,21.3,42.5,109,23.48,991.5,loc_madurai,9.9252,78.1198,ECMWF_ERA5_Reanalysis
2018-04-05,38.2,25.0,31.1,39.6,28.5,33.2,0.0,17.9,37.8,101,23.99,991.1,loc_madurai,9.9252,78.1198,ECMWF_ERA5_Reanalysis
2018-04-06,38.3,26.2,31.3,40.3,30.6,34.2,0.0,20.5,46.4,128,23.82,991.8,loc_madurai,9.9252,78.1198,ECMWF_ERA5_Reanalysis
2018-04-07,38.5,26.1,31.3,41.3,31.3,34.5,0.6,23.2,42.8,108,23.67,992.8,loc_madurai,9.9252,78.1198,ECMWF_ERA5_Reanalysis
2018-04-08,37.6,25.3,30.2,39.3,30.7,33.4,2.6,21.5,47.9,93,22.04,993.4,loc_madurai,9.9252,78.1198,ECMWF_ERA5_Reanalysis
2018-04-09,36.1,24.7,29.1,39.6,29.4,32.8,5.1,15.4,44.3,66,19.56,993.9,loc_madurai,9.9252,78.1198,ECMWF_ERA5_Reanalysis
2018-04-10,35.0,25.4,29.4,39.1,30.2,33.5,2.5,15.7,46.8,79,19.56,992.9,loc_madurai,9.9252,78.1198,ECMWF_ERA5_Reanalysis
2018-04-11,35.5,24.8,29.6,39.5,29.9,33.7,2.1,17.2,37.8,113,20.11,992.9,loc_madurai,9.9252,78.1198,ECMWF_ERA5_Reanalysis
2018-04-12,36.4,25.3,29.8,39.7,29.7,33.7,0.3,18.6,38.9,92,20.66,992.3,loc_madurai,9.9252,78.1198,ECMWF_ERA5_Reanalysis
2018-04-13,33.4,25.0,28.6,37.6,29.6,33.2,11.7,14.2,41.4,130,19.7,993.2,loc_madurai,9.9252,78.1198,ECMWF_ERA5_Reanalysis
2018-04-14,34.4,24.9,29.0,39.0,29.2,33.2,0.7,14.0,36.7,139,17.75,993.0,loc_madurai,9.9252,78.1198,ECMWF_ERA5_Reanalysis
2018-04-15,32.9,25.5,28.9,38.2,31.0,33.8,2.3,11.0,29.9,148,19.08,993.2,loc_madurai,9.9252,78.1198,ECMWF_ERA5_Reanalysis
2018-04-16,35.9,25.4,30.0,40.4,31.4,34.7,0.0,15.5,32.0,121,22.17,993.5,loc_madurai,9.9252,78.1198,ECMWF_ERA5_Reanalysis
2018-04-17,36.3,25.6,30.4,40.2,30.6,34.6,2.0,14.1,27.4,130,22.87,994.3,loc_madurai,9.9252,78.1198,ECMWF_ERA5_Reanalysis
2018-04-18,36.4,25.0,30.4,41.3,29.1,34.3,0.0,18.5,36.0,143,22.84,994.1,loc_madurai,9.9252,78.1198,ECMWF_ERA5_Reanalysis
2018-04-19,38.4,25.4,30.5,42.0,30.5,34.8,0.0,18.3,38.9,160,21.66,992.5,loc_madurai,9.9252,78.1198,ECMWF_ERA5_Reanalysis
2018-04-20,39.1,25.9,31.6,42.3,31.7,35.7,0.0,20.3,40.3,136,23.93,991.9,loc_madurai,9.9252,78.1198,ECMWF_ERA5_Reanalysis
2018-04-21,38.7,26.2,31.4,41.3,31.9,35.2,0.3,18.4,43.2,143,22.85,991.9,loc_madurai,9.9252,78.1198,ECMWF_ERA5_Reanalysis
2018-04-22,39.3,25.1,31.6,41.4,30.4,35.0,0.0,20.1,41.8,144,23.56,992.3,loc_madurai,9.9252,78.1198,ECMWF_ERA5_Reanalysis
2018-04-23,40.3,25.9,32.0,43.1,31.4,35.5,0.2,21.2,44.3,132,24.95,992.2,loc_madurai,9.9252,78.1198,ECMWF_ERA5_Reanalysis
2018-04-24,40.8,25.9,32.5,41.1,31.0,35.3,0.0,21.4,45.7,109,25.92,992.2,loc_madurai,9.9252,78.1198,ECMWF_ERA5_Reanalysis
2018-04-25,40.2,25.4,32.0,42.7,31.0,35.5,0.0,20.1,43.6,123,23.76,991.6,loc_madurai,9.9252,78.1198,ECMWF_ERA5_Reanalysis
2018-04-26,40.3,26.9,32.4,43.0,32.4,36.1,0.4,20.0,42.5,114,23.39,990.9,loc_madurai,9.9252,78.1198,ECMWF_ERA5_Reanalysis
2018-04-27,39.5,27.1,32.0,42.6,32.6,36.0,0.1,17.4,43.6,122,22.79,992.0,loc_madurai,9.9252,78.1198,ECMWF_ERA5_Reanalysis
2018-04-28,36.7,26.0,30.9,40.2,31.7,35.4,2.6,13.7,37.8,136,20.51,993.2,loc_madurai,9.9252,78.1198,ECMWF_ERA5_Reanalysis
2018-04-29,38.6,26.3,31.8,41.5,32.0,35.9,0.0,20.7,40.3,161,22.89,992.3,loc_madurai,9.9252,78.1198,ECMWF_ERA5_Reanalysis
2018-04-30,40.2,26.9,32.5,44.2,32.1,36.5,0.5,18.4,41.0,139,24.34,990.8,loc_madurai,9.9252,78.1198,ECMWF_ERA5_Reanalysis
2018-05-01,40.1,28.0,33.3,44.4,34.4,37.8,0.5,14.1,34.9,126,22.41,991.2,loc_madurai,9.9252,78.1198,ECMWF_ERA5_Reanalysis
2018-05-02,40.9,28.7,33.4,44.9,32.1,37.0,1.1,15.1,42.8,22,22.19,991.0,loc_madurai,9.9252,78.1198,ECMWF_ERA5_Reanalysis
2018-05-03,40.0,28.5,32.9,44.3,32.5,36.7,3.7,22.2,45.4,98,21.84,991.3,loc_madurai,9.9252,78.1198,ECMWF_ERA5_Reanalysis
2018-05-04,37.6,25.7,30.3,42.3,30.2,34.7,12.1,16.8,42.8,108,20.55,992.4,loc_madurai,9.9252,78.1198,ECMWF_ERA5_Reanalysis
2018-05-05,36.0,25.5,29.8,40.1,31.2,34.3,0.7,15.5,34.6,151,18.75,993.5,loc_madurai,9.9252,78.1198,ECMWF_ERA5_Reanalysis
2018-05-06,37.3,26.5,30.9,41.5,32.4,34.9,1.1,16.2,40.7,175,21.92,993.8,loc_madurai,9.9252,78.1198,ECMWF_ERA5_Reanalysis
2018-05-07,37.3,26.8,30.5,41.7,32.3,35.5,9.9,15.5,32.4,168,18.56,992.8,loc_madurai,9.9252,78.1198,ECMWF_ERA5_Reanalysis
2018-05-08,36.5,24.8,30.2,41.5,28.6,34.8,3.9,22.0,46.1,159,19.94,991.5,loc_madurai,9.9252,78.1198,ECMWF_ERA5_Reanalysis
2018-05-09,35.1,24.6,28.7,39.4,29.2,33.1,8.2,14.8,40.3,164,17.46,992.1,loc_madurai,9.9252,78.1198,ECMWF_ERA5_Reanalysis
2018-05-10,35.2,25.3,29.1,39.1,30.2,33.8,3.9,13.3,34.9,179,17.68,993.5,loc_madurai,9.9252,78.1198,ECMWF_ERA5_Reanalysis
2018-05-11,36.8,25.6,30.4,41.8,30.3,34.8,0.3,15.5,43.6,169,23.08,992.5,loc_madurai,9.9252,78.1198,ECMWF_ERA5_Reanalysis
2018-05-12,37.7,26.0,30.2,41.3,32.0,34.9,0.9,15.5,40.3,232,20.93,992.0,loc_madurai,9.9252,78.1198,ECMWF_ERA5_Reanalysis
2018-05-13,36.8,26.3,30.8,40.6,31.0,35.0,0.9,16.9,37.1,133,21.46,991.6,loc_madurai,9.9252,78.1198,ECMWF_ERA5_Reanalysis
2018-05-14,37.5,26.3,30.9,41.1,32.1,35.3,0.4,16.6,40.0,96,19.75,991.7,loc_madurai,9.9252,78.1198,ECMWF_ERA5_Reanalysis
2018-05-15,37.0,26.3,30.7,40.3,31.4,34.8,0.8,15.2,31.0,105,21.32,991.1,loc_madurai,9.9252,78.1198,ECMWF_ERA5_Reanalysis
2018-05-16,35.4,26.0,29.4,40.9,31.3,34.7,19.5,9.3,27.7,193,20.42,990.6,loc_madurai,9.9252,78.1198,ECMWF_ERA5_Reanalysis
2018-05-17,34.1,26.1,29.3,39.9,31.9,34.4,1.9,12.1,30.2,167,20.31,990.9,loc_madurai,9.9252,78.1198,ECMWF_ERA5_Reanalysis
2018-05-18,34.7,25.7,29.3,39.8,31.1,34.1,1.6,14.0,31.7,192,18.65,990.6,loc_madurai,9.9252,78.1198,ECMWF_ERA5_Reanalysis
2018-05-19,36.5,26.2,30.8,41.2,31.1,35.4,0.1,13.9,25.6,195,19.53,989.7,loc_madurai,9.9252,78.1198,ECMWF_ERA5_Reanalysis
2018-05-20,38.0,26.6,31.8,42.6,30.3,35.7,0.3,11.0,25.9,287,23.31,989.4,loc_madurai,9.9252,78.1198,ECMWF_ERA5_Reanalysis
2018-05-21,37.7,26.8,31.0,42.0,29.9,34.4,4.5,12.5,43.2,291,20.61,989.8,loc_madurai,9.9252,78.1198,ECMWF_ERA5_Reanalysis
2018-05-22,37.0,26.4,31.0,42.4,31.0,35.1,1.3,10.1,28.1,187,18.79,989.8,loc_madurai,9.9252,78.1198,ECMWF_ERA5_Reanalysis
2018-05-23,37.2,27.0,30.2,43.1,32.0,35.3,3.5,15.3,37.1,82,18.58,989.5,loc_madurai,9.9252,78.1198,ECMWF_ERA5_Reanalysis
2018-05-24,35.3,26.7,29.0,41.0,32.1,34.6,9.9,10.9,30.2,214,17.17,988.9,loc_madurai,9.9252,78.1198,ECMWF_ERA5_Reanalysis
2018-05-25,30.7,25.7,27.4,35.3,30.9,32.7,3.9,10.5,23.4,183,10.35,988.4,loc_madurai,9.9252,78.1198,ECMWF_ERA5_Reanalysis
2018-05-26,33.7,24.7,28.7,38.6,30.0,33.5,1.0,15.6,32.0,167,20.03,988.3,loc_madurai,9.9252,78.1198,ECMWF_ERA5_Reanalysis
2018-05-27,33.5,25.2,29.1,37.8,30.3,33.7,0.1,14.7,29.5,190,18.98,988.1,loc_madurai,9.9252,78.1198,ECMWF_ERA5_Reanalysis
2018-05-28,35.6,25.0,29.8,40.5,29.6,33.0,0.4,21.6,44.3,233,20.5,987.7,loc_madurai,9.9252,78.1198,ECMWF_ERA5_Reanalysis
2018-05-29,35.8,26.7,30.6,38.5,29.2,33.2,0.0,28.0,55.4,256,22.51,987.3,loc_madurai,9.9252,78.1198,ECMWF_ERA5_Reanalysis
2018-05-30,37.2,26.1,30.8,41.7,29.7,34.2,0.0,19.4,38.5,279,21.13,987.5,loc_madurai,9.9252,78.1198,ECMWF_ERA5_Reanalysis
2018-05-31,38.0,27.2,31.5,42.6,30.6,34.8,0.0,17.0,35.6,279,21.52,988.7,loc_madurai,9.9252,78.1198,ECMWF_ERA5_Reanalysis
2018-06-01,37.8,26.5,31.3,43.0,30.7,35.4,0.0,15.9,37.4,242,23.63,989.4,loc_madurai,9.9252,78.1198,ECMWF_ERA5_Reanalysis
2018-06-02,35.8,27.0,30.6,39.6,30.7,34.4,0.5,17.7,38.2,264,18.15,989.8,loc_madurai,9.9252,78.1198,ECMWF_ERA5_Reanalysis
2018-06-03,35.0,27.4,30.6,37.8,30.7,33.9,4.5,16.3,39.2,274,15.58,989.5,loc_madurai,9.9252,78.1198,ECMWF_ERA5_Reanalysis
2018-06-04,36.3,26.4,30.3,41.3,29.9,34.2,4.6,21.8,45.7,268,17.97,988.5,loc_madurai,9.9252,78.1198,ECMWF_ERA5_Reanalysis
2018-06-05,36.3,26.9,30.5,41.0,30.9,34.0,0.7,18.7,34.9,281,17.07,988.9,loc_madurai,9.9252,78.1198,ECMWF_ERA5_Reanalysis
2018-06-06,39.3,26.9,31.9,43.0,30.4,35.0,1.1,17.2,44.6,256,20.07,990.6,loc_madurai,9.9252,78.1198,ECMWF_ERA5_Reanalysis
2018-06-07,38.9,27.0,31.5,41.5,29.9,33.7,0.4,24.5,48.6,255,19.46,990.3,loc_madurai,9.9252,78.1198,ECMWF_ERA5_Reanalysis
2018-06-08,37.7,27.4,31.6,38.6,29.7,33.0,0.0,32.0,63.7,242,21.14,989.0,loc_madurai,9.9252,78.1198,ECMWF_ERA5_Reanalysis
2018-06-09,35.5,27.7,30.9,34.7,30.3,32.1,1.7,36.3,73.1,249,20.02,988.5,loc_madurai,9.9252,78.1198,ECMWF_ERA5_Reanalysis
2018-06-10,35.9,26.9,31.2,37.4,30.5,33.1,1.6,29.3,57.2,251,21.13,989.4,loc_madurai,9.9252,78.1198,ECMWF_ERA5_Reanalysis
2018-06-11,35.0,27.1,30.9,35.7,30.4,32.4,1.3,30.6,59.8,244,19.12,990.2,loc_madurai,9.9252,78.1198,ECMWF_ERA5_Reanalysis
2018-06-12,37.3,26.7,31.2,38.2,29.9,33.2,0.9,26.9,53.6,249,20.67,990.1,loc_madurai,9.9252,78.1198,ECMWF_ERA5_Reanalysis
2018-06-13,38.2,26.4,31.4,40.7,29.7,34.0,0.0,23.8,49.0,259,21.07,990.2,loc_madurai,9.9252,78.1198,ECMWF_ERA5_Reanalysis
2018-06-14,34.7,27.3,30.5,37.6,31.4,33.5,0.1,15.1,32.4,264,15.78,990.9,loc_madurai,9.9252,78.1198,ECMWF_ERA5_Reanalysis
2018-06-15,37.7,26.8,31.6,40.2,30.3,33.9,0.4,22.5,46.1,270,19.59,991.1,loc_madurai,9.9252,78.1198,ECMWF_ERA5_Reanalysis
2018-06-16,38.4,26.8,31.3,40.7,29.7,34.2,0.4,20.7,47.9,269,20.47,992.1,loc_madurai,9.9252,78.1198,ECMWF_ERA5_Reanalysis
2018-06-17,38.5,26.4,32.1,41.2,29.2,34.7,0.1,21.9,46.8,271,21.66,991.7,loc_madurai,9.9252,78.1198,ECMWF_ERA5_Reanalysis
2018-06-18,37.7,27.2,31.8,38.6,30.0,33.1,0.0,29.3,58.3,256,22.31,991.4,loc_madurai,9.9252,78.1198,ECMWF_ERA5_Reanalysis
2018-06-19,37.5,26.4,31.3,37.6,29.4,32.5,0.0,27.1,55.4,244,23.18,990.9,loc_madurai,9.9252,78.1198,ECMWF_ERA5_Reanalysis
2018-06-20,37.7,26.7,31.1,38.6,29.8,32.4,0.2,29.2,57.6,241,22.34,990.6,loc_madurai,9.9252,78.1198,ECMWF_ERA5_Reanalysis
2018-06-21,35.4,26.6,31.0,35.9,30.4,32.8,0.4,28.5,60.1,248,20.42,990.0,loc_madurai,9.9252,78.1198,ECMWF_ERA5_Reanalysis
2018-06-22,36.7,27.4,30.9,38.3,30.4,32.9,0.4,25.2,50.8,256,17.94,989.9,loc_madurai,9.9252,78.1198,ECMWF_ERA5_Reanalysis
2018-06-23,37.2,26.6,30.7,39.7,29.7,33.0,0.2,19.5,43.6,255,18.05,989.9,loc_madurai,9.9252,78.1198,ECMWF_ERA5_Reanalysis
2018-06-24,38.1,26.5,31.6,40.7,30.4,34.2,0.9,16.2,41.4,263,20.56,990.4,loc_madurai,9.9252,78.1198,ECMWF_ERA5_Reanalysis
2018-06-25,37.5,26.8,31.3,39.4,30.4,33.3,0.0,26.1,54.0,265,19.58,990.1,loc_madurai,9.9252,78.1198,ECMWF_ERA5_Reanalysis
2018-06-26,38.6,26.3,31.6,42.8,29.5,33.9,0.0,21.3,45.7,270,21.29,989.2,loc_madurai,9.9252,78.1198,ECMWF_ERA5_Reanalysis
2018-06-27,37.6,26.1,31.3,40.3,29.1,33.4,0.0,22.5,48.6,266,19.4,988.5,loc_madurai,9.9252,78.1198,ECMWF_ERA5_Reanalysis
2018-06-28,37.5,26.5,31.4,40.3,29.5,33.9,0.1,21.7,45.0,277,21.06,989.2,loc_madurai,9.9252,78.1198,ECMWF_ERA5_Reanalysis
2018-06-29,37.4,26.8,30.7,40.6,29.6,33.7,2.1,18.5,46.1,289,20.59,989.7,loc_madurai,9.9252,78.1198,ECMWF_ERA5_Reanalysis
2018-06-30,36.9,26.1,29.5,41.0,28.8,33.2,4.4,18.8,41.0,273,19.22,990.4,loc_madurai,9.9252,78.1198,ECMWF_ERA5_Reanalysis
2018-07-01,34.1,25.3,28.5,38.5,30.0,33.0,2.8,10.6,32.4,271,18.51,991.0,loc_madurai,9.9252,78.1198,ECMWF_ERA5_Reanalysis
2018-07-02,34.9,25.1,28.9,39.2,29.8,33.1,6.9,15.4,40.3,241,20.05,990.8,loc_madurai,9.9252,78.1198,ECMWF_ERA5_Reanalysis
2018-07-03,34.2,24.4,29.2,39.4,28.2,32.8,0.3,10.8,24.5,247,21.6,991.1,loc_madurai,9.9252,78.1198,ECMWF_ERA5_Reanalysis
2018-07-04,35.8,25.4,30.3,40.5,28.4,33.7,0.0,11.8,27.7,287,22.69,991.7,loc_madurai,9.9252,78.1198,ECMWF_ERA5_Reanalysis
2018-07-05,36.4,25.2,30.7,39.8,28.2,33.5,0.0,11.7,24.8,231,23.42,991.3,loc_madurai,9.9252,78.1198,ECMWF_ERA5_Reanalysis
2018-07-06,38.0,25.1,30.9,42.0,27.6,33.1,0.0,15.9,33.8,274,23.06,990.2,loc_madurai,9.9252,78.1198,ECMWF_ERA5_Reanalysis
2018-07-07,34.8,25.8,30.0,35.7,28.1,31.4,0.0,22.0,45.0,277,14.71,989.3,loc_madurai,9.9252,78.1198,ECMWF_ERA5_Reanalysis
2018-07-08,36.5,26.3,30.3,39.1,29.5,32.9,0.0,19.8,42.1,263,17.31,988.8,loc_madurai,9.9252,78.1198,ECMWF_ERA5_Reanalysis
2018-07-09,33.7,27.1,29.4,36.4,30.7,31.9,0.8,27.1,55.1,256,14.84,989.3,loc_madurai,9.9252,78.1198,ECMWF_ERA5_Reanalysis
2018-07-10,35.3,24.9,30.0,36.3,29.7,32.2,0.1,23.7,49.0,253,18.77,990.4,loc_madurai,9.9252,78.1198,ECMWF_ERA5_Reanalysis
2018-07-11,33.5,26.8,29.6,34.8,29.7,32.0,0.3,17.7,33.5,259,12.31,990.8,loc_madurai,9.9252,78.1198,ECMWF_ERA5_Reanalysis
2018-07-12,36.7,25.6,30.5,37.4,28.9,32.3,0.0,25.3,52.2,264,22.43,989.8,loc_madurai,9.9252,78.1198,ECMWF_ERA5_Reanalysis
2018-07-13,34.9,25.9,29.8,35.0,29.2,31.4,0.4,30.7,60.1,258,17.41,989.5,loc_madurai,9.9252,78.1198,ECMWF_ERA5_Reanalysis
2018-07-14,37.2,26.1,30.6,39.9,29.2,33.0,0.4,21.4,43.2,259,19.03,988.7,loc_madurai,9.9252,78.1198,ECMWF_ERA5_Reanalysis
2018-07-15,35.0,26.1,29.9,37.1,29.7,32.6,0.7,20.7,41.0,250,14.94,988.8,loc_madurai,9.9252,78.1198,ECMWF_ERA5_Reanalysis
2018-07-16,33.4,25.2,27.6,34.6,29.2,31.3,6.1,20.6,41.0,254,9.44,989.5,loc_madurai,9.9252,78.1198,ECMWF_ERA5_Reanalysis
2018-07-17,35.3,23.9,28.9,39.6,27.8,31.9,4.9,18.3,35.6,271,19.22,989.6,loc_madurai,9.9252,78.1198,ECMWF_ERA5_Reanalysis
2018-07-18,32.2,25.8,28.7,33.5,28.6,31.0,0.0,19.0,34.6,275,8.48,990.0,loc_madurai,9.9252,78.1198,ECMWF_ERA5_Reanalysis
2018-07-19,33.3,25.3,28.5,35.4,28.0,30.7,0.1,21.3,42.1,278,10.38,990.2,loc_madurai,9.9252,78.1198,ECMWF_ERA5_Reanalysis
2018-07-20,36.0,25.7,29.8,37.5,28.5,31.9,0.0,19.1,37.1,267,17.56,990.1,loc_madurai,9.9252,78.1198,ECMWF_ERA5_Reanalysis
2018-07-21,36.9,25.7,30.4,39.9,28.8,32.7,0.1,21.2,44.6,284,20.12,991.0,loc_madurai,9.9252,78.1198,ECMWF_ERA5_Reanalysis
2018-07-22,38.2,25.7,31.2,40.2,28.0,33.3,0.0,15.3,35.3,285,22.23,990.6,loc_madurai,9.9252,78.1198,ECMWF_ERA5_Reanalysis
2018-07-23,38.2,25.9,31.1,41.7,28.1,33.6,0.3,17.6,40.0,281,22.23,990.0,loc_madurai,9.9252,78.1198,ECMWF_ERA5_Reanalysis
2018-07-24,37.5,26.7,30.1,41.7,29.5,32.9,3.4,17.1,49.0,317,17.54,991.4,loc_madurai,9.9252,78.1198,ECMWF_ERA5_Reanalysis
2018-07-25,37.7,26.6,31.2,40.5,28.8,33.9,0.3,13.3,32.0,285,19.11,991.4,loc_madurai,9.9252,78.1198,ECMWF_ERA5_Reanalysis
2018-07-26,37.3,26.9,30.7,41.6,29.3,33.5,1.7,16.0,37.4,284,20.23,991.9,loc_madurai,9.9252,78.1198,ECMWF_ERA5_Reanalysis
2018-07-27,37.9,26.1,31.3,41.0,29.0,34.0,0.1,19.4,42.1,282,21.3,991.5,loc_madurai,9.9252,78.1198,ECMWF_ERA5_Reanalysis
2018-07-28,37.9,25.9,31.1,41.7,28.8,33.8,0.0,18.5,39.2,283,20.33,990.9,loc_madurai,9.9252,78.1198,ECMWF_ERA5_Reanalysis
2018-07-29,38.1,26.5,31.1,41.3,29.2,33.7,1.1,20.2,43.2,280,19.63,990.1,loc_madurai,9.9252,78.1198,ECMWF_ERA5_Reanalysis
2018-07-30,37.7,26.7,30.6,41.2,29.6,33.5,6.1,17.2,37.4,273,18.62,990.2,loc_madurai,9.9252,78.1198,ECMWF_ERA5_Reanalysis
2018-07-31,35.8,27.2,30.6,38.2,30.4,32.8,0.1,22.5,45.4,272,16.21,991.1,loc_madurai,9.9252,78.1198,ECMWF_ERA5_Reanalysis
2018-08-01,39.4,25.5,31.3,42.0,27.9,33.4,0.0,15.8,40.3,284,22.17,991.6,loc_madurai,9.9252,78.1198,ECMWF_ERA5_Reanalysis
2018-08-02,37.6,26.3,31.1,42.1,29.2,33.7,0.4,19.1,46.4,268,20.69,992.3,loc_madurai,9.9252,78.1198,ECMWF_ERA5_Reanalysis
2018-08-03,37.2,26.5,31.2,38.8,29.7,33.4,0.0,20.0,36.4,285,18.42,992.8,loc_madurai,9.9252,78.1198,ECMWF_ERA5_Reanalysis
2018-08-04,37.5,27.1,31.4,39.7,29.0,33.1,0.0,18.7,34.9,275,18.08,992.3,loc_madurai,9.9252,78.1198,ECMWF_ERA5_Reanalysis
2018-08-05,38.4,26.7,31.7,40.7,28.8,33.3,0.0,18.2,37.4,268,20.15,992.1,loc_madurai,9.9252,78.1198,ECMWF_ERA5_Reanalysis
2018-08-06,38.3,26.3,31.3,40.4,28.7,32.8,0.0,22.6,46.4,265,23.65,991.0,loc_madurai,9.9252,78.1198,ECMWF_ERA5_Reanalysis
2018-08-07,37.2,25.0,30.4,39.8,27.5,32.1,0.0,22.9,46.1,263,19.97,990.0,loc_madurai,9.9252,78.1198,ECMWF_ERA5_Reanalysis
2018-08-08,34.0,26.0,29.3,33.9,28.8,31.0,0.1,24.7,47.2,255,11.72,990.0,loc_madurai,9.9252,78.1198,ECMWF_ERA5_Reanalysis
2018-08-09,37.4,25.6,30.3,40.0,29.1,32.7,0.7,17.3,37.8,273,18.09,991.6,loc_madurai,9.9252,78.1198,ECMWF_ERA5_Reanalysis
2018-08-10,36.4,26.1,30.2,38.2,28.9,32.5,0.1,16.1,34.6,280,14.02,992.6,loc_madurai,9.9252,78.1198,ECMWF_ERA5_Reanalysis
2018-08-11,35.7,26.1,30.4,37.7,28.2,32.4,0.0,14.2,27.7,284,15.3,991.4,loc_madurai,9.9252,78.1198,ECMWF_ERA5_Reanalysis
2018-08-12,34.9,26.3,29.8,38.3,28.6,32.1,0.8,16.5,33.8,272,13.11,990.5,loc_madurai,9.9252,78.1198,ECMWF_ERA5_Reanalysis
2018-08-13,37.1,26.6,30.9,38.4,29.5,32.5,0.0,26.4,52.9,261,21.08,990.3,loc_madurai,9.9252,78.1198,ECMWF_ERA5_Reanalysis
2018-08-14,35.2,25.3,29.3,37.1,29.4,31.9,4.8,33.6,64.8,260,18.52,990.0,loc_madurai,9.9252,78.1198,ECMWF_ERA5_Reanalysis
2018-08-15,27.4,24.2,25.7,31.4,27.2,29.7,31.3,19.1,50.0,243,8.38,990.0,loc_madurai,9.9252,78.1198,ECMWF_ERA5_Reanalysis
2018-08-16,29.6,23.7,25.4,31.6,25.4,28.6,38.0,22.7,52.2,273,10.7,990.1,loc_madurai,9.9252,78.1198,ECMWF_ERA5_Reanalysis
2018-08-17,30.1,23.7,26.3,33.6,27.4,30.1,7.2,16.4,31.3,262,9.12,989.4,loc_madurai,9.9252,78.1198,ECMWF_ERA5_Reanalysis
2018-08-18,32.6,23.7,27.8,36.6,27.7,31.1,0.5,16.5,34.9,272,19.66,989.1,loc_madurai,9.9252,78.1198,ECMWF_ERA5_Reanalysis
2018-08-19,32.6,23.6,27.9,37.8,26.7,31.4,0.4,12.8,27.4,290,22.49,989.2,loc_madurai,9.9252,78.1198,ECMWF_ERA5_Reanalysis
2018-08-20,33.4,24.4,28.3,39.3,26.6,31.4,0.2,12.5,25.2,287,22.13,990.2,loc_madurai,9.9252,78.1198,ECMWF_ERA5_Reanalysis
2018-08-21,33.4,23.8,28.4,39.1,27.1,31.4,0.0,17.8,36.4,278,23.61,991.2,loc_madurai,9.9252,78.1198,ECMWF_ERA5_Reanalysis
2018-08-22,34.4,24.5,29.3,39.1,26.8,32.3,0.0,13.3,24.1,285,23.62,991.3,loc_madurai,9.9252,78.1198,ECMWF_ERA5_Reanalysis
2018-08-23,35.7,25.7,29.8,40.4,28.3,33.0,0.0,17.3,41.0,280,22.78,991.7,loc_madurai,9.9252,78.1198,ECMWF_ERA5_Reanalysis
2018-08-24,33.0,25.7,29.3,35.4,27.9,31.8,0.0,10.5,23.8,269,13.6,991.7,loc_madurai,9.9252,78.1198,ECMWF_ERA5_Reanalysis
2018-08-25,35.0,25.5,29.9,39.3,28.7,32.9,0.0,14.8,28.1,264,20.38,990.9,loc_madurai,9.9252,78.1198,ECMWF_ERA5_Reanalysis
2018-08-26,35.7,25.6,29.9,39.0,27.9,32.7,0.0,14.4,32.8,284,20.61,990.0,loc_madurai,9.9252,78.1198,ECMWF_ERA5_Reanalysis
2018-08-27,35.3,25.6,29.6,39.0,27.9,32.7,0.4,16.2,36.0,281,19.35,990.5,loc_madurai,9.9252,78.1198,ECMWF_ERA5_Reanalysis
2018-08-28,35.8,24.9,29.5,39.9,27.3,32.4,0.0,11.2,35.3,283,19.29,991.0,loc_madurai,9.9252,78.1198,ECMWF_ERA5_Reanalysis
2018-08-29,36.5,25.1,29.9,42.0,28.1,32.9,0.2,15.0,41.8,266,21.91,991.8,loc_madurai,9.9252,78.1198,ECMWF_ERA5_Reanalysis
2018-08-30,37.6,25.6,30.5,40.8,28.0,33.1,0.0,21.0,54.0,275,21.5,991.0,loc_madurai,9.9252,78.1198,ECMWF_ERA5_Reanalysis
2018-08-31,36.3,26.1,29.6,41.0,28.6,33.2,0.8,13.4,32.0,281,18.31,991.8,loc_madurai,9.9252,78.1198,ECMWF_ERA5_Reanalysis
2018-09-01,36.6,25.4,30.2,41.1,28.1,33.2,0.3,11.3,25.6,271,20.32,992.5,loc_madurai,9.9252,78.1198,ECMWF_ERA5_Reanalysis
2018-09-02,37.3,25.9,30.8,40.2,28.6,33.7,0.3,13.4,30.2,268,21.55,992.4,loc_madurai,9.9252,78.1198,ECMWF_ERA5_Reanalysis
2018-09-03,36.2,25.6,30.7,39.3,28.3,33.3,0.3,18.0,32.0,245,19.79,992.4,loc_madurai,9.9252,78.1198,ECMWF_ERA5_Reanalysis
2018-09-04,38.1,26.1,31.3,41.2,28.6,34.3,0.0,17.6,36.7,246,24.0,992.6,loc_madurai,9.9252,78.1198,ECMWF_ERA5_Reanalysis
2018-09-05,38.8,24.8,31.3,41.0,26.2,33.0,0.0,13.5,31.7,266,25.28,992.1,loc_madurai,9.9252,78.1198,ECMWF_ERA5_Reanalysis
2018-09-06,38.8,24.5,31.0,41.0,26.0,32.1,0.0,17.3,38.5,272,25.43,990.8,loc_madurai,9.9252,78.1198,ECMWF_ERA5_Reanalysis
2018-09-07,39.4,24.4,30.9,40.7,26.4,31.9,0.0,25.1,49.3,269,26.12,991.5,loc_madurai,9.9252,78.1198,ECMWF_ERA5_Reanalysis
2018-09-08,39.4,25.0,31.5,41.4,26.3,32.9,0.0,21.4,44.3,279,24.09,991.4,loc_madurai,9.9252,78.1198,ECMWF_ERA5_Reanalysis
2018-09-09,38.7,26.2,31.8,42.2,28.8,34.5,0.3,13.8,28.1,145,22.55,992.1,loc_madurai,9.9252,78.1198,ECMWF_ERA5_Reanalysis
2018-09-10,36.4,24.8,29.5,39.8,29.0,33.2,2.8,15.3,41.0,261,20.04,994.3,loc_madurai,9.9252,78.1198,ECMWF_ERA5_Reanalysis
2018-09-11,37.2,25.8,30.4,42.0,30.2,34.5,0.7,20.8,45.7,207,22.64,994.7,loc_madurai,9.9252,78.1198,ECMWF_ERA5_Reanalysis
2018-09-12,37.6,26.2,31.3,41.9,31.4,35.4,0.3,12.9,28.1,189,23.39,993.2,loc_madurai,9.9252,78.1198,ECMWF_ERA5_Reanalysis
2018-09-13,37.6,27.0,30.6,41.6,31.3,34.7,0.8,14.7,27.0,159,20.84,992.2,loc_madurai,9.9252,78.1198,ECMWF_ERA5_Reanalysis
2018-09-14,37.1,25.8,30.1,41.6,29.8,34.2,3.2,14.1,35.3,126,21.75,992.7,loc_madurai,9.9252,78.1198,ECMWF_ERA5_Reanalysis
2018-09-15,36.1,24.6,29.5,41.1,27.9,33.3,3.9,13.5,37.8,288,21.89,993.0,loc_madurai,9.9252,78.1198,ECMWF_ERA5_Reanalysis
2018-09-16,36.3,25.2,29.6,37.2,28.4,31.6,0.0,17.9,35.3,283,16.96,991.9,loc_madurai,9.9252,78.1198,ECMWF_ERA5_Reanalysis
2018-09-17,35.9,25.9,29.9,38.0,28.0,32.0,0.0,17.2,36.0,267,15.23,991.2,loc_madurai,9.9252,78.1198,ECMWF_ERA5_Reanalysis
2018-09-18,36.5,25.5,30.2,40.1,28.3,32.6,0.0,19.5,38.2,265,19.61,991.1,loc_madurai,9.9252,78.1198,ECMWF_ERA5_Reanalysis
2018-09-19,37.5,25.2,30.1,40.9,27.4,32.7,0.0,14.8,33.8,265,20.51,990.8,loc_madurai,9.9252,78.1198,ECMWF_ERA5_Reanalysis
2018-09-20,37.9,25.7,30.4,41.4,27.8,32.3,0.5,24.7,49.7,256,19.1,989.0,loc_madurai,9.9252,78.1198,ECMWF_ERA5_Reanalysis
2018-09-21,39.2,24.0,31.2,40.6,24.5,31.9,0.0,20.4,44.3,263,24.66,989.7,loc_madurai,9.9252,78.1198,ECMWF_ERA5_Reanalysis
2018-09-22,38.5,25.0,31.4,42.8,26.4,33.8,0.3,19.5,37.1,271,22.98,992.2,loc_madurai,9.9252,78.1198,ECMWF_ERA5_Reanalysis
2018-09-23,37.9,24.7,29.7,42.9,29.9,34.0,18.4,14.3,33.5,19,20.37,994.4,loc_madurai,9.9252,78.1198,ECMWF_ERA5_Reanalysis
2018-09-24,34.1,24.3,28.1,39.3,28.0,32.6,4.0,14.4,31.7,262,19.56,994.7,loc_madurai,9.9252,78.1198,ECMWF_ERA5_Reanalysis
2018-09-25,34.9,24.7,28.2,40.6,29.4,33.3,4.7,9.4,25.9,215,20.2,993.6,loc_madurai,9.9252,78.1198,ECMWF_ERA5_Reanalysis
2018-09-26,33.8,24.4,28.4,40.8,29.1,33.7,3.6,14.1,27.0,222,21.46,992.3,loc_madurai,9.9252,78.1198,ECMWF_ERA5_Reanalysis
2018-09-27,34.6,24.2,28.1,40.2,28.9,33.3,15.8,12.8,25.9,90,23.11,992.2,loc_madurai,9.9252,78.1198,ECMWF_ERA5_Reanalysis
2018-09-28,32.8,24.2,26.9,38.6,29.1,31.7,8.8,18.4,40.7,43,19.48,992.5,loc_madurai,9.9252,78.1198,ECMWF_ERA5_Reanalysis
2018-09-29,30.5,23.8,26.4,36.7,28.8,31.8,29.1,13.0,25.2,81,13.71,993.1,loc_madurai,9.9252,78.1198,ECMWF_ERA5_Reanalysis
2018-09-30,32.3,24.3,27.1,37.6,29.3,32.5,14.6,13.7,29.2,66,18.59,992.8,loc_madurai,9.9252,78.1198,ECMWF_ERA5_Reanalysis
2018-10-01,30.8,23.7,26.8,37.3,27.6,32.2,13.7,11.6,31.7,84,18.38,993.0,loc_madurai,9.9252,78.1198,ECMWF_ERA5_Reanalysis
2018-10-02,29.4,24.3,26.5,35.3,29.3,31.8,11.7,11.2,31.0,87,12.81,993.6,loc_madurai,9.9252,78.1198,ECMWF_ERA5_Reanalysis
2018-10-03,30.4,23.7,26.3,37.2,28.4,31.4,18.9,13.7,31.0,56,15.07,993.1,loc_madurai,9.9252,78.1198,ECMWF_ERA5_Reanalysis
2018-10-04,28.2,23.1,25.0,33.1,28.0,30.0,26.6,13.8,31.3,48,9.21,992.9,loc_madurai,9.9252,78.1198,ECMWF_ERA5_Reanalysis
2018-10-05,28.5,23.4,25.2,33.6,27.7,30.0,30.9,13.7,33.1,50,10.04,993.2,loc_madurai,9.9252,78.1198,ECMWF_ERA5_Reanalysis
2018-10-06,28.6,23.6,25.4,34.6,27.5,30.1,24.0,14.5,34.9,79,12.82,993.3,loc_madurai,9.9252,78.1198,ECMWF_ERA5_Reanalysis
2018-10-07,30.0,23.5,26.3,36.1,28.2,31.6,13.3,10.5,23.0,79,15.79,993.0,loc_madurai,9.9252,78.1198,ECMWF_ERA5_Reanalysis
2018-10-08,29.4,23.7,26.1,36.0,28.6,31.5,4.6,7.7,19.8,276,12.54,992.8,loc_madurai,9.9252,78.1198,ECMWF_ERA5_Reanalysis
2018-10-09,30.4,23.7,26.4,36.1,28.6,31.5,8.4,8.7,34.2,249,13.67,992.1,loc_madurai,9.9252,78.1198,ECMWF_ERA5_Reanalysis
2018-10-10,32.1,23.5,27.4,38.3,27.8,32.4,0.4,10.9,26.3,261,20.52,991.4,loc_madurai,9.9252,78.1198,ECMWF_ERA5_Reanalysis
2018-10-11,34.1,23.7,28.3,38.9,27.0,32.7,0.0,10.6,24.1,242,22.97,991.5,loc_madurai,9.9252,78.1198,ECMWF_ERA5_Reanalysis
2018-10-12,32.8,23.5,28.0,38.6,28.4,33.1,0.0,11.8,20.9,158,19.3,992.8,loc_madurai,9.9252,78.1198,ECMWF_ERA5_Reanalysis
2018-10-13,32.4,24.9,28.1,38.1,30.4,33.0,0.0,12.9,24.1,176,21.23,994.6,loc_madurai,9.9252,78.1198,ECMWF_ERA5_Reanalysis
2018-10-14,32.2,24.0,27.4,37.4,28.8,32.6,5.1,9.3,23.0,181,18.19,995.5,loc_madurai,9.9252,78.1198,ECMWF_ERA5_Reanalysis
2018-10-15,31.5,24.0,27.3,37.9,28.9,32.8,17.0,8.9,23.4,76,19.02,995.4,loc_madurai,9.9252,78.1198,ECMWF_ERA5_Reanalysis
2018-10-16,30.2,23.0,25.9,36.9,27.2,31.0,14.7,10.5,26.6,212,16.33,996.3,loc_madurai,9.9252,78.1198,ECMWF_ERA5_Reanalysis
2018-10-17,30.7,23.0,26.1,37.1,27.6,31.3,3.7,13.6,32.0,125,18.77,995.8,loc_madurai,9.9252,78.1198,ECMWF_ERA5_Reanalysis
2018-10-18,32.2,23.2,26.8,37.1,27.0,31.9,14.2,15.2,29.2,64,17.64,994.9,loc_madurai,9.9252,78.1198,ECMWF_ERA5_Reanalysis
2018-10-19,30.9,22.6,26.0,37.7,26.7,31.1,19.6,9.0,24.1,38,19.14,995.1,loc_madurai,9.9252,78.1198,ECMWF_ERA5_Reanalysis
2018-10-20,28.4,22.6,25.4,34.1,26.9,30.3,20.5,8.6,24.1,33,12.4,996.0,loc_madurai,9.9252,78.1198,ECMWF_ERA5_Reanalysis
2018-10-21,31.6,22.9,26.5,35.9,27.3,30.6,2.2,14.7,30.2,47,19.09,995.9,loc_madurai,9.9252,78.1198,ECMWF_ERA5_Reanalysis
2018-10-22,29.3,22.6,25.6,33.4,26.7,30.1,14.0,14.7,31.0,58,13.89,996.1,loc_madurai,9.9252,78.1198,ECMWF_ERA5_Reanalysis
2018-10-23,31.3,22.7,26.2,34.1,26.9,29.7,1.0,12.0,27.4,26,21.36,995.9,loc_madurai,9.9252,78.1198,ECMWF_ERA5_Reanalysis
2018-10-24,30.5,22.3,26.1,35.8,26.1,30.4,4.4,10.4,30.2,49,18.05,995.4,loc_madurai,9.9252,78.1198,ECMWF_ERA5_Reanalysis
2018-10-25,29.7,23.4,26.0,32.9,27.7,30.2,2.3,15.1,33.5,61,14.52,996.2,loc_madurai,9.9252,78.1198,ECMWF_ERA5_Reanalysis
2018-10-26,31.2,24.1,26.9,32.6,27.3,29.6,0.3,21.2,46.8,36,17.83,996.4,loc_madurai,9.9252,78.1198,ECMWF_ERA5_Reanalysis
2018-10-27,31.1,23.2,26.8,34.1,26.1,30.1,0.8,19.6,40.7,37,17.85,995.8,loc_madurai,9.9252,78.1198,ECMWF_ERA5_Reanalysis
2018-10-28,32.3,22.5,27.0,33.0,24.9,29.1,0.0,19.2,38.2,36,22.32,994.8,loc_madurai,9.9252,78.1198,ECMWF_ERA5_Reanalysis
2018-10-29,33.2,21.8,26.9,35.2,25.0,29.6,0.0,13.6,29.2,344,21.12,993.4,loc_madurai,9.9252,78.1198,ECMWF_ERA5_Reanalysis
2018-10-30,32.9,21.1,27.1,37.2,23.1,30.6,0.2,13.5,23.8,158,21.43,993.0,loc_madurai,9.9252,78.1198,ECMWF_ERA5_Reanalysis
2018-10-31,33.5,24.0,27.7,38.6,28.7,32.5,15.4,9.5,20.5,46,17.19,993.0,loc_madurai,9.9252,78.1198,ECMWF_ERA5_Reanalysis
2018-11-01,28.3,23.9,25.7,34.3,28.4,30.8,21.2,9.0,29.2,0,9.19,993.4,loc_madurai,9.9252,78.1198,ECMWF_ERA5_Reanalysis
2018-11-02,27.5,23.6,25.1,31.5,27.4,29.3,21.7,14.6,32.8,44,8.52,994.1,loc_madurai,9.9252,78.1198,ECMWF_ERA5_Reanalysis
2018-11-03,28.0,23.3,25.0,32.9,27.3,29.4,22.1,12.5,34.9,60,10.2,995.0,loc_madurai,9.9252,78.1198,ECMWF_ERA5_Reanalysis
2018-11-04,30.6,23.3,26.2,33.6,27.9,30.2,3.9,16.6,33.1,50,18.09,995.3,loc_madurai,9.9252,78.1198,ECMWF_ERA5_Reanalysis
2018-11-05,29.8,22.0,25.9,34.4,25.9,30.2,0.7,12.4,28.8,48,16.69,995.2,loc_madurai,9.9252,78.1198,ECMWF_ERA5_Reanalysis
2018-11-06,26.6,23.7,24.9,30.1,27.4,29.0,9.3,13.0,25.2,357,5.64,995.9,loc_madurai,9.9252,78.1198,ECMWF_ERA5_Reanalysis
2018-11-07,30.7,23.1,26.4,34.5,26.8,30.0,1.1,14.3,31.0,35,17.65,995.6,loc_madurai,9.9252,78.1198,ECMWF_ERA5_Reanalysis
2018-11-08,27.8,23.3,24.8,31.2,27.0,28.6,17.0,13.2,31.3,30,6.12,995.0,loc_madurai,9.9252,78.1198,ECMWF_ERA5_Reanalysis
2018-11-09,28.7,22.9,25.3,31.9,26.6,29.1,5.8,16.8,36.0,52,9.52,994.2,loc_madurai,9.9252,78.1198,ECMWF_ERA5_Reanalysis
2018-11-10,30.6,22.0,25.8,33.9,25.4,29.1,0.0,15.0,31.7,37,20.37,994.6,loc_madurai,9.9252,78.1198,ECMWF_ERA5_Reanalysis
2018-11-11,31.4,20.5,25.6,34.0,23.5,28.1,0.0,13.5,27.4,36,20.84,995.5,loc_madurai,9.9252,78.1198,ECMWF_ERA5_Reanalysis
2018-11-12,29.7,21.0,25.3,33.8,23.4,28.9,0.2,7.2,18.7,228,17.93,994.7,loc_madurai,9.9252,78.1198,ECMWF_ERA5_Reanalysis
2018-11-13,30.5,21.8,26.2,35.6,25.9,30.6,0.0,9.0,20.5,154,19.37,993.4,loc_madurai,9.9252,78.1198,ECMWF_ERA5_Reanalysis
2018-11-14,30.8,23.0,26.7,35.0,27.3,31.3,0.8,6.9,16.9,69,17.34,993.0,loc_madurai,9.9252,78.1198,ECMWF_ERA5_Reanalysis
2018-11-15,34.0,22.2,27.4,38.5,26.5,31.5,1.3,12.6,28.1,14,21.03,992.7,loc_madurai,9.9252,78.1198,ECMWF_ERA5_Reanalysis
2018-11-16,24.4,22.3,23.7,28.5,25.0,26.9,55.8,31.0,61.9,208,1.82,992.3,loc_madurai,9.9252,78.1198,ECMWF_ERA5_Reanalysis
2018-11-17,30.3,21.5,25.7,35.2,25.0,30.0,0.5,9.9,16.6,88,18.9,995.0,loc_madurai,9.9252,78.1198,ECMWF_ERA5_Reanalysis
2018-11-18,29.2,23.2,25.6,34.3,27.6,30.6,17.8,11.0,31.7,80,13.89,995.5,loc_madurai,9.9252,78.1198,ECMWF_ERA5_Reanalysis
2018-11-19,29.4,23.6,25.7,34.9,28.1,30.4,6.6,14.0,28.4,59,13.73,996.1,loc_madurai,9.9252,78.1198,ECMWF_ERA5_Reanalysis
2018-11-20,28.8,23.1,25.7,33.1,27.7,30.1,2.5,11.5,34.6,18,10.56,996.0,loc_madurai,9.9252,78.1198,ECMWF_ERA5_Reanalysis
2018-11-21,32.1,22.5,26.6,36.7,26.0,30.9,0.3,10.8,24.5,278,18.81,994.6,loc_madurai,9.9252,78.1198,ECMWF_ERA5_Reanalysis
2018-11-22,29.4,23.5,25.9,34.5,28.4,30.8,16.3,10.0,25.6,170,13.15,995.2,loc_madurai,9.9252,78.1198,ECMWF_ERA5_Reanalysis
2018-11-23,26.7,23.1,24.6,31.8,27.2,29.3,18.0,8.5,29.5,47,8.51,997.6,loc_madurai,9.9252,78.1198,ECMWF_ERA5_Reanalysis
2018-11-24,28.3,22.9,25.0,32.5,26.4,29.1,15.2,18.0,36.7,43,11.17,998.7,loc_madurai,9.9252,78.1198,ECMWF_ERA5_Reanalysis
2018-11-25,29.6,22.2,25.5,33.6,26.0,29.1,0.0,15.5,29.9,46,17.52,997.8,loc_madurai,9.9252,78.1198,ECMWF_ERA5_Reanalysis
2018-11-26,29.0,22.6,25.4,31.2,25.6,28.1,0.0,16.6,32.4,49,15.4,996.7,loc_madurai,9.9252,78.1198,ECMWF_ERA5_Reanalysis
2018-11-27,29.0,20.3,24.6,31.3,22.3,26.7,0.0,15.3,32.8,35,21.9,996.8,loc_madurai,9.9252,78.1198,ECMWF_ERA5_Reanalysis
2018-11-28,30.1,22.8,25.9,33.0,24.4,28.2,0.0,16.8,34.9,41,16.74,996.8,loc_madurai,9.9252,78.1198,ECMWF_ERA5_Reanalysis
2018-11-29,27.4,23.2,24.4,31.6,26.8,28.1,33.4,14.2,29.9,49,8.18,997.7,loc_madurai,9.9252,78.1198,ECMWF_ERA5_Reanalysis
2018-11-30,29.4,23.1,25.5,33.1,26.7,29.0,4.7,17.3,36.0,50,16.85,997.9,loc_madurai,9.9252,78.1198,ECMWF_ERA5_Reanalysis
2018-12-01,29.2,22.4,25.3,32.1,25.7,28.3,0.0,14.8,29.5,47,16.24,996.2,loc_madurai,9.9252,78.1198,ECMWF_ERA5_Reanalysis
2018-12-02,29.3,20.4,24.6,31.2,22.9,27.2,0.0,15.3,31.0,38,17.15,994.5,loc_madurai,9.9252,78.1198,ECMWF_ERA5_Reanalysis
2018-12-03,30.5,21.3,25.7,32.5,24.6,28.4,0.2,19.9,38.9,42,16.43,994.7,loc_madurai,9.9252,78.1198,ECMWF_ERA5_Reanalysis
2018-12-04,27.7,23.0,24.9,31.8,26.7,29.2,18.3,12.3,32.8,41,8.44,995.6,loc_madurai,9.9252,78.1198,ECMWF_ERA5_Reanalysis
2018-12-05,28.8,23.2,25.7,33.3,27.6,30.0,5.7,13.7,31.3,45,13.65,995.3,loc_madurai,9.9252,78.1198,ECMWF_ERA5_Reanalysis
2018-12-06,29.7,23.6,26.2,33.8,27.8,30.3,1.3,12.7,29.9,47,17.83,994.4,loc_madurai,9.9252,78.1198,ECMWF_ERA5_Reanalysis
2018-12-07,29.8,22.4,25.9,33.1,26.2,29.6,1.2,15.2,32.0,47,16.23,994.8,loc_madurai,9.9252,78.1198,ECMWF_ERA5_Reanalysis
2018-12-08,30.4,23.3,26.2,33.0,26.9,29.4,0.0,16.9,34.2,37,18.0,995.8,loc_madurai,9.9252,78.1198,ECMWF_ERA5_Reanalysis
2018-12-09,30.0,22.2,25.5,32.1,25.4,28.5,0.0,17.0,35.3,40,16.99,995.8,loc_madurai,9.9252,78.1198,ECMWF_ERA5_Reanalysis
2018-12-10,30.2,20.5,25.0,33.2,23.4,27.9,0.0,13.4,28.1,36,19.86,995.5,loc_madurai,9.9252,78.1198,ECMWF_ERA5_Reanalysis
2018-12-11,29.6,20.7,24.6,32.4,23.0,27.2,0.0,12.7,28.8,55,19.08,995.8,loc_madurai,9.9252,78.1198,ECMWF_ERA5_Reanalysis
2018-12-12,30.8,20.0,25.1,34.1,22.7,28.3,0.0,12.4,26.6,45,20.14,996.4,loc_madurai,9.9252,78.1198,ECMWF_ERA5_Reanalysis
2018-12-13,30.8,20.9,25.3,33.7,24.1,28.6,0.0,12.3,26.6,54,17.27,996.9,loc_madurai,9.9252,78.1198,ECMWF_ERA5_Reanalysis
2018-12-14,31.7,21.1,25.8,34.4,24.7,28.4,0.0,15.0,29.9,49,21.01,996.3,loc_madurai,9.9252,78.1198,ECMWF_ERA5_Reanalysis
2018-12-15,31.2,20.4,25.6,32.4,23.0,27.8,0.0,19.9,40.3,21,17.43,995.7,loc_madurai,9.9252,78.1198,ECMWF_ERA5_Reanalysis
2018-12-16,30.4,20.7,25.3,30.8,23.3,27.1,0.0,13.0,27.7,356,14.05,995.2,loc_madurai,9.9252,78.1198,ECMWF_ERA5_Reanalysis
2018-12-17,31.4,20.0,25.5,35.8,22.2,28.7,0.0,11.8,23.8,214,19.8,995.5,loc_madurai,9.9252,78.1198,ECMWF_ERA5_Reanalysis
2018-12-18,31.9,21.8,26.5,36.2,25.6,30.4,0.0,14.7,26.6,124,18.45,995.9,loc_madurai,9.9252,78.1198,ECMWF_ERA5_Reanalysis
2018-12-19,29.9,23.1,25.9,32.6,26.5,28.7,0.6,15.6,30.6,74,14.51,996.8,loc_madurai,9.9252,78.1198,ECMWF_ERA5_Reanalysis
2018-12-20,30.6,21.5,25.4,32.5,23.7,27.3,0.0,12.7,28.4,44,17.63,997.0,loc_madurai,9.9252,78.1198,ECMWF_ERA5_Reanalysis
2018-12-21,31.7,20.8,26.3,33.7,23.3,28.4,0.0,13.1,29.5,47,17.27,996.1,loc_madurai,9.9252,78.1198,ECMWF_ERA5_Reanalysis
2018-12-22,26.3,23.0,24.5,29.7,26.5,28.0,7.9,12.8,25.9,22,6.39,996.0,loc_madurai,9.9252,78.1198,ECMWF_ERA5_Reanalysis
2018-12-23,27.3,22.7,24.9,30.8,26.4,28.0,3.9,23.2,45.0,42,11.68,996.3,loc_madurai,9.9252,78.1198,ECMWF_ERA5_Reanalysis
2018-12-24,28.6,23.2,25.1,31.9,26.3,28.6,7.1,18.9,37.4,50,14.37,996.9,loc_madurai,9.9252,78.1198,ECMWF_ERA5_Reanalysis
2018-12-25,29.9,22.3,25.4,31.7,25.0,28.2,0.0,14.0,29.9,45,17.24,996.9,loc_madurai,9.9252,78.1198,ECMWF_ERA5_Reanalysis
2018-12-26,29.6,19.9,24.5,33.6,22.3,27.8,0.0,10.2,23.8,55,20.17,996.8,loc_madurai,9.9252,78.1198,ECMWF_ERA5_Reanalysis
2018-12-27,29.8,21.2,25.0,34.6,24.7,28.9,0.0,7.1,16.6,76,19.7,996.1,loc_madurai,9.9252,78.1198,ECMWF_ERA5_Reanalysis
2018-12-28,29.3,20.8,24.9,33.1,24.0,28.4,0.0,9.7,21.6,89,18.03,995.6,loc_madurai,9.9252,78.1198,ECMWF_ERA5_Reanalysis
2018-12-29,28.6,22.3,24.9,32.1,26.0,28.2,4.8,16.6,32.4,63,16.68,997.2,loc_madurai,9.9252,78.1198,ECMWF_ERA5_Reanalysis
2018-12-30,28.0,22.1,24.6,30.4,24.3,27.0,0.7,15.9,38.9,44,16.08,999.0,loc_madurai,9.9252,78.1198,ECMWF_ERA5_Reanalysis
2018-12-31,28.2,20.7,24.2,29.0,23.4,25.9,0.0,19.5,38.9,42,15.67,1000.0,loc_madurai,9.9252,78.1198,ECMWF_ERA5_Reanalysis
2019-01-01,27.9,19.4,23.4,28.3,21.3,24.7,0.0,18.2,37.8,38,17.47,1000.4,loc_madurai,9.9252,78.1198,ECMWF_ERA5_Reanalysis
2019-01-02,27.2,17.9,22.6,27.9,19.0,23.5,0.0,18.0,37.4,27,19.5,1000.7,loc_madurai,9.9252,78.1198,ECMWF_ERA5_Reanalysis
2019-01-03,28.6,19.4,23.9,30.1,21.0,25.2,0.0,16.1,34.9,34,20.86,1000.9,loc_madurai,9.9252,78.1198,ECMWF_ERA5_Reanalysis
2019-01-04,28.1,18.1,23.2,28.0,19.4,23.9,0.0,18.6,38.5,34,16.95,1000.3,loc_madurai,9.9252,78.1198,ECMWF_ERA5_Reanalysis
2019-01-05,29.6,17.7,23.9,31.0,18.8,25.3,0.0,13.8,31.3,36,19.73,998.7,loc_madurai,9.9252,78.1198,ECMWF_ERA5_Reanalysis
2019-01-06,28.7,18.3,23.5,29.4,19.7,24.7,0.0,15.1,33.1,40,18.99,997.7,loc_madurai,9.9252,78.1198,ECMWF_ERA5_Reanalysis
2019-01-07,29.6,17.6,23.8,31.6,18.5,25.4,0.0,14.9,33.1,41,20.25,996.7,loc_madurai,9.9252,78.1198,ECMWF_ERA5_Reanalysis
2019-01-08,30.3,18.6,24.3,31.0,20.4,25.8,0.0,15.8,34.6,39,19.9,997.0,loc_madurai,9.9252,78.1198,ECMWF_ERA5_Reanalysis
2019-01-09,30.5,16.2,23.2,30.6,15.4,23.4,0.0,14.6,33.1,40,22.2,997.1,loc_madurai,9.9252,78.1198,ECMWF_ERA5_Reanalysis
2019-01-10,30.0,15.7,23.3,31.4,15.9,24.5,0.0,15.3,32.8,42,20.87,997.1,loc_madurai,9.9252,78.1198,ECMWF_ERA5_Reanalysis
2019-01-11,30.8,18.9,24.6,32.0,20.9,25.9,0.0,16.6,35.3,42,21.04,997.8,loc_madurai,9.9252,78.1198,ECMWF_ERA5_Reanalysis
2019-01-12,31.0,20.0,24.8,32.1,21.5,25.9,0.0,16.9,36.7,41,21.36,997.7,loc_madurai,9.9252,78.1198,ECMWF_ERA5_Reanalysis
2019-01-13,30.6,18.5,24.7,32.3,20.1,26.2,0.0,15.1,32.4,45,15.35,997.6,loc_madurai,9.9252,78.1198,ECMWF_ERA5_Reanalysis
2019-01-14,31.2,20.6,25.3,32.2,23.1,26.6,0.0,17.7,35.3,42,18.07,997.0,loc_madurai,9.9252,78.1198,ECMWF_ERA5_Reanalysis
2019-01-15,31.5,19.5,25.1,32.7,21.3,25.8,0.0,16.5,31.7,45,21.63,997.2,loc_madurai,9.9252,78.1198,ECMWF_ERA5_Reanalysis
2019-01-16,31.7,18.9,24.9,31.8,20.3,25.5,0.0,17.2,36.0,41,21.41,997.5,loc_madurai,9.9252,78.1198,ECMWF_ERA5_Reanalysis
2019-01-17,30.8,20.0,24.9,31.3,21.9,25.8,0.0,18.6,40.3,44,20.47,997.0,loc_madurai,9.9252,78.1198,ECMWF_ERA5_Reanalysis
2019-01-18,30.3,19.8,24.5,30.4,21.8,25.4,0.1,18.3,38.2,46,18.53,996.8,loc_madurai,9.9252,78.1198,ECMWF_ERA5_Reanalysis
2019-01-19,30.0,18.6,24.0,30.7,20.3,25.0,0.0,15.0,34.9,43,20.76,997.7,loc_madurai,9.9252,78.1198,ECMWF_ERA5_Reanalysis
2019-01-20,30.7,19.4,24.2,30.6,19.2,24.6,0.0,18.9,39.2,38,20.48,998.6,loc_madurai,9.9252,78.1198,ECMWF_ERA5_Reanalysis
2019-01-21,30.2,16.9,23.5,30.9,16.9,24.2,0.0,12.2,28.4,55,20.51,998.0,loc_madurai,9.9252,78.1198,ECMWF_ERA5_Reanalysis
2019-01-22,31.3,18.3,24.7,32.9,20.3,26.4,0.0,10.6,23.0,50,21.76,997.5,loc_madurai,9.9252,78.1198,ECMWF_ERA5_Reanalysis
2019-01-23,31.9,19.5,25.3,33.3,21.8,27.3,0.0,14.1,32.0,57,21.19,997.0,loc_madurai,9.9252,78.1198,ECMWF_ERA5_Reanalysis
2019-01-24,32.7,20.2,26.2,34.8,23.1,28.3,0.0,18.5,36.0,73,20.96,997.5,loc_madurai,9.9252,78.1198,ECMWF_ERA5_Reanalysis
2019-01-25,32.8,22.5,27.1,34.9,26.0,29.9,0.7,15.3,31.0,86,18.63,997.1,loc_madurai,9.9252,78.1198,ECMWF_ERA5_Reanalysis
2019-01-26,32.3,23.3,27.0,35.0,27.7,30.3,1.3,16.7,35.3,89,17.14,997.0,loc_madurai,9.9252,78.1198,ECMWF_ERA5_Reanalysis
2019-01-27,30.9,23.9,27.0,34.1,27.7,30.2,0.7,13.4,29.2,89,14.54,997.6,loc_madurai,9.9252,78.1198,ECMWF_ERA5_Reanalysis
2019-01-28,31.8,22.6,26.7,35.5,26.5,29.6,2.0,16.0,28.8,61,17.6,997.6,loc_madurai,9.9252,78.1198,ECMWF_ERA5_Reanalysis
2019-01-29,31.1,22.9,26.4,32.8,24.4,27.6,0.6,17.6,36.7,52,13.45,998.0,loc_madurai,9.9252,78.1198,ECMWF_ERA5_Reanalysis
2019-01-30,31.6,22.1,26.5,32.0,24.8,27.6,0.4,19.8,38.5,51,18.06,998.4,loc_madurai,9.9252,78.1198,ECMWF_ERA5_Reanalysis
2019-01-31,31.2,21.6,26.3,31.4,23.9,27.2,0.0,18.4,40.3,52,18.27,997.9,loc_madurai,9.9252,78.1198,ECMWF_ERA5_Reanalysis
2019-02-01,32.7,20.6,26.5,34.1,23.0,27.9,0.1,19.6,36.0,60,19.17,997.6,loc_madurai,9.9252,78.1198,ECMWF_ERA5_Reanalysis
2019-02-02,33.2,22.2,27.0,33.7,25.1,28.3,0.0,17.4,33.1,53,20.83,996.8,loc_madurai,9.9252,78.1198,ECMWF_ERA5_Reanalysis
2019-02-03,34.2,21.1,27.6,35.6,23.5,29.0,0.0,17.8,33.5,54,21.68,997.4,loc_madurai,9.9252,78.1198,ECMWF_ERA5_Reanalysis
2019-02-04,31.4,22.7,27.0,32.2,24.8,28.8,0.0,17.3,37.1,50,12.76,999.2,loc_madurai,9.9252,78.1198,ECMWF_ERA5_Reanalysis
2019-02-05,33.1,23.6,27.5,34.6,26.6,29.8,0.5,17.1,37.1,53,15.44,998.6,loc_madurai,9.9252,78.1198,ECMWF_ERA5_Reanalysis
2019-02-06,33.0,22.4,27.6,34.3,25.5,29.2,0.0,18.4,33.8,58,15.05,996.8,loc_madurai,9.9252,78.1198,ECMWF_ERA5_Reanalysis
2019-02-07,34.3,22.5,27.8,36.2,25.7,29.8,0.0,17.3,34.6,73,21.25,996.6,loc_madurai,9.9252,78.1198,ECMWF_ERA5_Reanalysis
2019-02-08,35.0,22.3,28.1,37.9,25.4,30.6,0.0,16.9,36.4,99,18.04,996.9,loc_madurai,9.9252,78.1198,ECMWF_ERA5_Reanalysis
2019-02-09,32.8,23.8,27.6,36.8,28.4,31.6,5.5,16.3,35.3,118,16.32,997.0,loc_madurai,9.9252,78.1198,ECMWF_ERA5_Reanalysis
2019-02-10,33.8,24.1,27.9,36.8,28.7,31.7,1.4,14.8,29.5,85,18.24,997.9,loc_madurai,9.9252,78.1198,ECMWF_ERA5_Reanalysis
2019-02-11,34.5,23.6,28.4,35.2,26.9,30.0,0.0,18.8,39.6,63,19.95,998.3,loc_madurai,9.9252,78.1198,ECMWF_ERA5_Reanalysis
2019-02-12,34.1,23.5,28.1,33.2,26.1,28.9,0.0,24.2,50.0,54,19.83,999.0,loc_madurai,9.9252,78.1198,ECMWF_ERA5_Reanalysis
2019-02-13,34.5,23.0,28.0,34.8,25.2,28.9,0.0,20.2,43.9,51,22.96,999.6,loc_madurai,9.9252,78.1198,ECMWF_ERA5_Reanalysis
2019-02-14,35.0,22.0,28.0,36.0,24.9,29.9,0.0,18.4,39.6,69,19.68,997.5,loc_madurai,9.9252,78.1198,ECMWF_ERA5_Reanalysis
2019-02-15,34.7,24.2,28.4,38.0,28.0,31.9,2.7,15.8,36.7,68,19.27,997.5,loc_madurai,9.9252,78.1198,ECMWF_ERA5_Reanalysis
2019-02-16,36.3,23.6,29.1,40.2,28.0,33.1,2.5,12.8,31.3,126,21.72,997.1,loc_madurai,9.9252,78.1198,ECMWF_ERA5_Reanalysis
2019-02-17,35.2,23.8,29.2,40.4,28.1,33.2,0.2,17.0,33.1,211,20.86,995.7,loc_madurai,9.9252,78.1198,ECMWF_ERA5_Reanalysis
2019-02-18,36.2,25.2,29.7,41.0,30.4,34.1,0.3,13.4,30.6,159,20.93,994.3,loc_madurai,9.9252,78.1198,ECMWF_ERA5_Reanalysis
2019-02-19,34.4,25.5,29.4,37.9,30.2,33.2,0.9,18.5,33.1,110,19.45,995.1,loc_madurai,9.9252,78.1198,ECMWF_ERA5_Reanalysis
2019-02-20,35.2,25.1,28.9,35.8,27.9,31.4,0.8,23.5,47.9,73,21.43,997.9,loc_madurai,9.9252,78.1198,ECMWF_ERA5_Reanalysis
2019-02-21,35.3,22.7,28.6,36.1,25.9,30.0,0.0,20.0,41.8,55,23.1,999.0,loc_madurai,9.9252,78.1198,ECMWF_ERA5_Reanalysis
2019-02-22,35.4,21.5,27.9,35.8,24.5,29.2,0.0,17.8,38.9,57,23.51,997.5,loc_madurai,9.9252,78.1198,ECMWF_ERA5_Reanalysis
2019-02-23,36.3,18.8,27.4,35.9,19.9,28.0,0.0,19.1,41.8,70,25.14,995.7,loc_madurai,9.9252,78.1198,ECMWF_ERA5_Reanalysis
2019-02-24,37.0,19.3,28.0,37.1,21.1,28.9,0.0,16.8,37.1,72,25.37,994.5,loc_madurai,9.9252,78.1198,ECMWF_ERA5_Reanalysis
2019-02-25,36.6,20.0,28.1,38.3,22.5,30.1,0.0,17.8,35.3,90,25.06,994.2,loc_madurai,9.9252,78.1198,ECMWF_ERA5_Reanalysis
2019-02-26,37.4,23.2,29.7,39.7,27.0,32.6,0.0,20.0,43.9,143,22.97,993.4,loc_madurai,9.9252,78.1198,ECMWF_ERA5_Reanalysis
2019-02-27,37.6,23.6,30.2,40.8,27.9,33.3,0.3,21.4,40.3,160,21.96,992.6,loc_madurai,9.9252,78.1198,ECMWF_ERA5_Reanalysis
2019-02-28,36.1,25.3,30.1,39.1,29.5,33.4,0.3,16.9,35.3,76,18.02,993.0,loc_madurai,9.9252,78.1198,ECMWF_ERA5_Reanalysis
2019-03-01,36.5,26.0,30.0,39.4,30.8,33.9,0.2,20.0,40.7,96,22.25,993.3,loc_madurai,9.9252,78.1198,ECMWF_ERA5_Reanalysis
2019-03-02,35.4,25.5,29.4,38.0,27.8,32.0,0.9,19.8,35.6,75,21.28,994.5,loc_madurai,9.9252,78.1198,ECMWF_ERA5_Reanalysis
2019-03-03,36.1,23.2,28.9,38.3,26.5,31.5,0.1,17.7,35.3,58,23.0,994.5,loc_madurai,9.9252,78.1198,ECMWF_ERA5_Reanalysis
2019-03-04,36.2,24.8,29.7,38.4,29.3,32.8,0.0,17.1,34.9,112,23.37,993.6,loc_madurai,9.9252,78.1198,ECMWF_ERA5_Reanalysis
2019-03-05,38.5,23.9,30.7,41.0,26.2,32.7,0.0,19.0,35.3,157,24.74,993.0,loc_madurai,9.9252,78.1198,ECMWF_ERA5_Reanalysis
2019-03-06,39.1,24.6,31.1,42.1,29.5,34.6,0.0,21.9,41.8,122,23.38,992.8,loc_madurai,9.9252,78.1198,ECMWF_ERA5_Reanalysis
2019-03-07,40.4,25.2,31.4,42.1,30.9,35.0,0.0,20.7,42.1,131,24.22,992.5,loc_madurai,9.9252,78.1198,ECMWF_ERA5_Reanalysis
2019-03-08,38.4,25.2,31.0,40.8,30.4,34.4,0.1,21.4,40.7,150,22.71,993.9,loc_madurai,9.9252,78.1198,ECMWF_ERA5_Reanalysis
2019-03-09,37.3,25.5,30.4,40.5,29.8,34.2,1.0,15.5,33.8,100,21.01,995.8,loc_madurai,9.9252,78.1198,ECMWF_ERA5_Reanalysis
2019-03-10,37.4,25.2,30.5,40.2,29.5,33.4,0.5,20.1,36.7,117,22.19,996.2,loc_madurai,9.9252,78.1198,ECMWF_ERA5_Reanalysis
2019-03-11,37.2,24.5,30.2,39.0,28.1,32.2,0.0,15.5,33.1,93,23.7,997.0,loc_madurai,9.9252,78.1198,ECMWF_ERA5_Reanalysis
2019-03-12,37.7,22.9,29.6,37.9,26.3,30.9,0.0,18.5,38.9,87,25.14,997.1,loc_madurai,9.9252,78.1198,ECMWF_ERA5_Reanalysis
2019-03-13,36.8,21.4,29.1,37.8,23.1,30.6,0.0,17.1,34.2,78,23.45,997.0,loc_madurai,9.9252,78.1198,ECMWF_ERA5_Reanalysis
2019-03-14,37.4,23.0,29.1,37.3,24.5,29.9,0.0,20.1,41.4,72,21.81,997.0,loc_madurai,9.9252,78.1198,ECMWF_ERA5_Reanalysis
2019-03-15,36.5,21.1,28.8,38.5,22.3,29.7,0.0,19.2,40.0,82,24.36,996.6,loc_madurai,9.9252,78.1198,ECMWF_ERA5_Reanalysis
2019-03-16,36.4,22.3,29.2,37.9,25.1,30.7,0.0,16.5,32.8,67,22.13,996.4,loc_madurai,9.9252,78.1198,ECMWF_ERA5_Reanalysis
2019-03-17,36.9,23.6,29.4,38.8,26.5,31.7,0.0,21.8,41.8,75,24.16,996.3,loc_madurai,9.9252,78.1198,ECMWF_ERA5_Reanalysis
2019-03-18,37.9,24.9,30.4,39.9,29.2,33.4,0.0,20.2,41.4,78,24.41,995.9,loc_madurai,9.9252,78.1198,ECMWF_ERA5_Reanalysis
2019-03-19,37.7,25.4,30.5,39.9,30.1,33.5,0.8,20.6,41.0,99,23.58,994.5,loc_madurai,9.9252,78.1198,ECMWF_ERA5_Reanalysis
2019-03-20,37.6,24.7,30.3,39.3,28.6,32.4,0.0,21.4,41.0,114,24.94,994.4,loc_madurai,9.9252,78.1198,ECMWF_ERA5_Reanalysis
2019-03-21,38.1,24.4,30.6,39.9,27.9,32.9,0.0,17.7,37.8,100,24.28,995.2,loc_madurai,9.9252,78.1198,ECMWF_ERA5_Reanalysis
2019-03-22,38.1,25.9,30.8,41.2,29.9,34.1,1.1,17.4,33.8,107,22.64,995.7,loc_madurai,9.9252,78.1198,ECMWF_ERA5_Reanalysis
2019-03-23,39.0,26.2,31.4,41.0,31.2,34.7,0.3,20.0,36.4,112,23.94,995.1,loc_madurai,9.9252,78.1198,ECMWF_ERA5_Reanalysis
2019-03-24,39.4,24.4,31.3,41.4,29.5,34.2,0.0,18.8,40.3,120,25.62,994.3,loc_madurai,9.9252,78.1198,ECMWF_ERA5_Reanalysis
2019-03-25,39.3,24.0,31.0,40.0,28.0,32.8,0.0,18.9,38.9,86,24.8,994.1,loc_madurai,9.9252,78.1198,ECMWF_ERA5_Reanalysis
2019-03-26,38.1,23.2,30.1,39.5,25.7,31.3,0.0,19.5,37.1,80,25.51,995.8,loc_madurai,9.9252,78.1198,ECMWF_ERA5_Reanalysis
2019-03-27,38.7,22.4,29.9,39.5,23.9,31.0,0.0,15.1,34.9,85,26.49,996.9,loc_madurai,9.9252,78.1198,ECMWF_ERA5_Reanalysis
2019-03-28,39.7,22.9,30.8,40.5,23.9,31.7,0.0,20.9,38.2,101,26.24,996.1,loc_madurai,9.9252,78.1198,ECMWF_ERA5_Reanalysis
2019-03-29,39.8,23.4,31.6,40.7,24.6,32.4,0.0,21.0,42.8,141,26.35,994.1,loc_madurai,9.9252,78.1198,ECMWF_ERA5_Reanalysis
2019-03-30,39.4,23.7,31.2,40.8,25.9,32.5,0.0,20.6,46.4,150,26.17,994.1,loc_madurai,9.9252,78.1198,ECMWF_ERA5_Reanalysis
2019-03-31,40.3,25.8,32.2,42.3,28.3,34.0,0.0,20.2,49.7,151,25.75,994.3,loc_madurai,9.9252,78.1198,ECMWF_ERA5_Reanalysis
2019-04-01,40.4,25.9,32.0,42.2,28.3,34.5,0.0,20.2,37.4,122,25.84,994.2,loc_madurai,9.9252,78.1198,ECMWF_ERA5_Reanalysis
2019-04-02,39.3,24.6,31.2,41.5,29.9,34.8,0.0,18.4,36.0,113,24.11,993.9,loc_madurai,9.9252,78.1198,ECMWF_ERA5_Reanalysis
2019-04-03,38.2,24.6,31.0,39.7,30.0,34.0,0.2,17.6,36.7,114,23.11,994.1,loc_madurai,9.9252,78.1198,ECMWF_ERA5_Reanalysis
2019-04-04,38.5,25.2,31.2,40.8,29.2,34.1,0.0,18.1,35.3,144,24.61,995.6,loc_madurai,9.9252,78.1198,ECMWF_ERA5_Reanalysis
2019-04-05,37.8,25.2,31.3,40.5,29.5,34.3,0.0,17.9,33.1,132,22.29,995.4,loc_madurai,9.9252,78.1198,ECMWF_ERA5_Reanalysis
2019-04-06,39.8,25.1,31.7,40.1,29.7,34.4,0.0,18.9,39.2,110,25.01,994.6,loc_madurai,9.9252,78.1198,ECMWF_ERA5_Reanalysis
2019-04-07,40.6,24.5,32.0,41.5,28.5,34.8,0.0,19.9,38.5,118,26.41,993.7,loc_madurai,9.9252,78.1198,ECMWF_ERA5_Reanalysis
2019-04-08,37.8,25.3,31.4,41.2,31.2,35.2,0.0,18.3,33.8,140,22.65,993.1,loc_madurai,9.9252,78.1198,ECMWF_ERA5_Reanalysis
2019-04-09,39.8,26.7,32.2,42.4,32.2,36.1,0.0,17.8,36.4,128,23.31,993.1,loc_madurai,9.9252,78.1198,ECMWF_ERA5_Reanalysis
2019-04-10,39.1,26.8,32.5,41.2,32.9,36.1,0.0,18.4,34.6,127,23.9,993.7,loc_madurai,9.9252,78.1198,ECMWF_ERA5_Reanalysis
2019-04-11,40.2,26.0,32.5,42.7,32.0,36.0,0.0,17.7,34.2,131,25.34,993.3,loc_madurai,9.9252,78.1198,ECMWF_ERA5_Reanalysis
2019-04-12,40.3,25.3,32.5,42.4,30.9,35.7,0.0,19.3,37.8,115,26.01,992.6,loc_madurai,9.9252,78.1198,ECMWF_ERA5_Reanalysis
2019-04-13,40.2,26.2,32.7,42.4,30.5,35.5,0.0,19.1,35.6,110,25.46,993.0,loc_madurai,9.9252,78.1198,ECMWF_ERA5_Reanalysis
2019-04-14,39.2,26.2,32.4,41.6,31.5,35.3,0.2,20.5,38.5,113,23.95,993.4,loc_madurai,9.9252,78.1198,ECMWF_ERA5_Reanalysis
2019-04-15,39.3,26.9,32.7,41.6,31.3,35.6,0.0,18.4,48.6,147,24.65,993.4,loc_madurai,9.9252,78.1198,ECMWF_ERA5_Reanalysis
2019-04-16,40.8,25.9,32.4,42.7,31.1,35.8,0.0,23.4,50.0,146,24.53,992.9,loc_madurai,9.9252,78.1198,ECMWF_ERA5_Reanalysis
2019-04-17,38.5,27.7,32.2,41.3,33.4,36.3,0.1,13.8,37.4,145,20.34,993.6,loc_madurai,9.9252,78.1198,ECMWF_ERA5_Reanalysis
2019-04-18,40.0,27.8,32.3,43.5,32.9,36.6,0.4,16.8,51.5,144,21.74,993.0,loc_madurai,9.9252,78.1198,ECMWF_ERA5_Reanalysis
2019-04-19,38.8,27.1,31.6,42.8,31.8,36.0,1.9,13.0,32.8,151,22.57,992.5,loc_madurai,9.9252,78.1198,ECMWF_ERA5_Reanalysis
2019-04-20,37.7,26.1,29.9,43.0,31.4,34.8,15.0,11.8,43.9,157,20.88,991.4,loc_madurai,9.9252,78.1198,ECMWF_ERA5_Reanalysis
2019-04-21,34.6,25.8,29.5,38.1,31.5,34.4,0.2,16.3,28.8,176,10.38,991.0,loc_madurai,9.9252,78.1198,ECMWF_ERA5_Reanalysis
2019-04-22,38.6,25.5,31.3,42.1,29.9,35.8,13.7,18.9,40.7,77,22.17,990.4,loc_madurai,9.9252,78.1198,ECMWF_ERA5_Reanalysis
2019-04-23,34.4,25.7,29.0,38.4,30.9,33.7,0.0,10.7,34.6,294,13.05,992.2,loc_madurai,9.9252,78.1198,ECMWF_ERA5_Reanalysis
2019-04-24,37.7,26.7,31.1,40.9,32.2,35.3,0.0,14.6,37.8,103,23.71,992.8,loc_madurai,9.9252,78.1198,ECMWF_ERA5_Reanalysis
2019-04-25,37.8,26.1,31.7,41.7,30.9,35.5,0.0,13.3,26.3,97,23.84,992.7,loc_madurai,9.9252,78.1198,ECMWF_ERA5_Reanalysis
2019-04-26,39.4,26.8,32.6,42.5,32.7,36.6,0.0,17.9,34.2,125,23.82,991.5,loc_madurai,9.9252,78.1198,ECMWF_ERA5_Reanalysis
2019-04-27,40.4,26.7,32.8,42.2,33.0,36.8,0.0,16.6,29.9,114,22.19,990.8,loc_madurai,9.9252,78.1198,ECMWF_ERA5_Reanalysis
2019-04-28,40.5,27.2,33.1,43.3,33.5,37.2,0.0,14.7,34.9,116,23.08,990.9,loc_madurai,9.9252,78.1198,ECMWF_ERA5_Reanalysis
2019-04-29,39.9,28.2,33.5,42.7,34.5,37.3,0.0,18.1,36.4,97,19.29,990.8,loc_madurai,9.9252,78.1198,ECMWF_ERA5_Reanalysis
2019-04-30,40.0,29.9,33.8,42.6,33.6,36.9,0.2,21.4,46.1,261,19.7,989.9,loc_madurai,9.9252,78.1198,ECMWF_ERA5_Reanalysis
2019-05-01,40.4,28.8,33.6,43.4,32.5,36.3,0.4,23.7,54.7,279,18.93,988.9,loc_madurai,9.9252,78.1198,ECMWF_ERA5_Reanalysis
2019-05-02,42.1,28.7,34.6,45.6,32.3,37.4,1.0,15.4,32.8,269,21.28,988.7,loc_madurai,9.9252,78.1198,ECMWF_ERA5_Reanalysis
2019-05-03,41.5,28.0,34.1,43.9,31.0,36.2,0.1,22.0,44.6,271,21.7,990.0,loc_madurai,9.9252,78.1198,ECMWF_ERA5_Reanalysis
2019-05-04,40.2,27.5,33.5,44.1,29.4,35.5,0.0,14.8,31.0,269,20.99,992.0,loc_madurai,9.9252,78.1198,ECMWF_ERA5_Reanalysis
2019-05-05,40.4,27.9,33.7,44.7,30.1,36.2,0.0,20.1,47.9,189,20.79,993.1,loc_madurai,9.9252,78.1198,ECMWF_ERA5_Reanalysis
2019-05-06,40.9,28.7,34.0,45.0,32.8,37.4,0.0,21.5,41.8,159,20.86,991.8,loc_madurai,9.9252,78.1198,ECMWF_ERA5_Reanalysis
2019-05-07,41.0,29.2,32.9,45.2,32.4,36.6,9.3,17.7,38.2,284,21.93,991.8,loc_madurai,9.9252,78.1198,ECMWF_ERA5_Reanalysis
2019-05-08,39.0,28.1,32.6,42.3,31.5,35.2,0.0,14.3,27.4,288,16.11,992.0,loc_madurai,9.9252,78.1198,ECMWF_ERA5_Reanalysis
2019-05-09,39.8,27.2,32.2,44.7,31.0,35.9,1.9,12.8,29.2,293,22.62,990.9,loc_madurai,9.9252,78.1198,ECMWF_ERA5_Reanalysis
2019-05-10,40.6,27.7,33.2,44.9,31.7,36.8,0.9,21.5,42.8,172,22.73,990.8,loc_madurai,9.9252,78.1198,ECMWF_ERA5_Reanalysis
2019-05-11,41.1,28.1,33.5,45.1,33.6,37.8,0.1,19.1,41.8,119,23.65,991.9,loc_madurai,9.9252,78.1198,ECMWF_ERA5_Reanalysis
2019-05-12,40.4,28.1,33.4,44.2,34.2,37.5,0.1,24.9,50.4,125,22.81,991.3,loc_madurai,9.9252,78.1198,ECMWF_ERA5_Reanalysis
2019-05-13,40.9,28.1,34.1,44.1,32.2,37.2,0.0,17.2,34.2,285,22.68,990.7,loc_madurai,9.9252,78.1198,ECMWF_ERA5_Reanalysis
2019-05-14,40.1,28.2,33.5,43.7,31.3,36.5,0.5,18.3,40.3,301,20.96,990.7,loc_madurai,9.9252,78.1198,ECMWF_ERA5_Reanalysis
2019-05-15,40.7,28.8,33.4,45.0,32.2,36.8,0.1,16.9,41.4,285,20.65,991.4,loc_madurai,9.9252,78.1198,ECMWF_ERA5_Reanalysis
2019-05-16,41.0,28.1,33.6,45.4,32.3,37.5,0.2,15.1,38.9,247,22.78,992.2,loc_madurai,9.9252,78.1198,ECMWF_ERA5_Reanalysis
2019-05-17,40.7,28.0,33.3,43.8,32.4,37.2,0.1,13.9,44.3,314,22.05,992.1,loc_madurai,9.9252,78.1198,ECMWF_ERA5_Reanalysis
2019-05-18,41.1,27.7,33.5,44.1,32.2,37.0,0.0,19.0,38.5,116,23.09,991.2,loc_madurai,9.9252,78.1198,ECMWF_ERA5_Reanalysis
2019-05-19,41.1,27.9,33.0,44.2,34.0,37.1,0.0,19.9,44.3,122,23.16,991.4,loc_madurai,9.9252,78.1198,ECMWF_ERA5_Reanalysis
2019-05-20,40.9,26.4,32.6,43.1,32.5,36.3,0.0,19.2,37.1,123,23.93,992.1,loc_madurai,9.9252,78.1198,ECMWF_ERA5_Reanalysis
2019-05-21,40.4,26.6,32.2,43.2,32.6,36.4,0.0,22.8,45.0,132,22.76,992.2,loc_madurai,9.9252,78.1198,ECMWF_ERA5_Reanalysis
2019-05-22,40.7,27.3,32.7,44.0,33.4,37.2,0.2,19.3,43.9,124,22.73,991.5,loc_madurai,9.9252,78.1198,ECMWF_ERA5_Reanalysis
2019-05-23,40.0,27.7,32.5,44.0,33.9,37.3,0.1,22.1,49.0,144,21.87,991.4,loc_madurai,9.9252,78.1198,ECMWF_ERA5_Reanalysis
2019-05-24,39.6,27.6,32.1,43.6,33.5,36.8,0.3,18.3,45.4,158,19.94,991.9,loc_madurai,9.9252,78.1198,ECMWF_ERA5_Reanalysis
2019-05-25,38.8,28.1,33.2,42.3,32.1,37.0,0.0,16.7,40.3,247,17.38,990.9,loc_madurai,9.9252,78.1198,ECMWF_ERA5_Reanalysis
2019-05-26,41.4,28.2,33.7,45.3,32.2,37.4,0.1,18.9,38.5,175,23.74,989.5,loc_madurai,9.9252,78.1198,ECMWF_ERA5_Reanalysis
2019-05-27,40.7,28.4,34.0,45.8,32.2,38.0,0.0,16.9,32.8,191,22.76,989.1,loc_madurai,9.9252,78.1198,ECMWF_ERA5_Reanalysis
2019-05-28,41.6,28.5,34.4,46.4,33.6,38.7,0.8,19.9,41.8,102,22.97,988.7,loc_madurai,9.9252,78.1198,ECMWF_ERA5_Reanalysis
2019-05-29,41.6,28.7,32.8,45.7,33.3,37.7,11.9,16.1,36.0,264,21.57,988.9,loc_madurai,9.9252,78.1198,ECMWF_ERA5_Reanalysis
2019-05-30,40.0,28.3,32.9,45.6,32.2,37.2,2.7,17.6,37.1,291,23.1,988.6,loc_madurai,9.9252,78.1198,ECMWF_ERA5_Reanalysis
2019-05-31,37.8,27.6,31.7,40.7,33.0,36.2,0.2,15.9,33.1,224,19.16,989.6,loc_madurai,9.9252,78.1198,ECMWF_ERA5_Reanalysis
2019-06-01,38.9,26.5,32.0,42.9,31.3,36.1,0.1,19.1,40.0,207,23.35,990.1,loc_madurai,9.9252,78.1198,ECMWF_ERA5_Reanalysis
2019-06-02,39.1,27.5,32.4,43.2,32.8,36.4,0.0,17.4,37.4,247,21.17,990.0,loc_madurai,9.9252,78.1198,ECMWF_ERA5_Reanalysis
2019-06-03,39.2,28.5,32.5,43.2,32.0,35.5,1.9,20.7,48.2,286,18.61,989.8,loc_madurai,9.9252,78.1198,ECMWF_ERA5_Reanalysis
2019-06-04,37.0,26.0,31.0,42.2,30.3,35.1,12.0,12.7,27.4,274,21.52,989.5,loc_madurai,9.9252,78.1198,ECMWF_ERA5_Reanalysis
2019-06-05,35.0,25.7,28.6,41.9,29.5,34.1,16.1,12.5,35.3,299,21.33,989.8,loc_madurai,9.9252,78.1198,ECMWF_ERA5_Reanalysis
2019-06-06,34.7,25.8,30.0,41.0,31.5,35.3,0.3,10.5,25.9,229,22.13,989.5,loc_madurai,9.9252,78.1198,ECMWF_ERA5_Reanalysis
2019-06-07,37.2,26.6,31.2,42.6,31.4,35.7,0.0,16.0,28.4,266,23.36,989.7,loc_madurai,9.9252,78.1198,ECMWF_ERA5_Reanalysis
2019-06-08,37.4,26.9,31.5,42.6,31.2,35.7,0.0,19.2,38.2,235,23.59,989.9,loc_madurai,9.9252,78.1198,ECMWF_ERA5_Reanalysis
2019-06-09,37.4,27.4,31.2,39.4,31.3,34.0,0.2,27.2,49.3,214,19.94,990.3,loc_madurai,9.9252,78.1198,ECMWF_ERA5_Reanalysis
2019-06-10,34.7,25.9,29.6,37.5,29.6,32.7,0.5,20.9,52.6,214,16.4,990.1,loc_madurai,9.9252,78.1198,ECMWF_ERA5_Reanalysis
2019-06-11,36.3,26.4,30.7,37.4,30.0,32.7,0.7,31.5,62.6,234,22.26,989.9,loc_madurai,9.9252,78.1198,ECMWF_ERA5_Reanalysis
2019-06-12,35.7,27.1,30.6,36.8,30.8,32.6,0.0,30.2,57.6,242,15.27,990.1,loc_madurai,9.9252,78.1198,ECMWF_ERA5_Reanalysis
2019-06-13,38.1,27.0,31.6,39.4,30.4,34.1,2.3,27.2,56.5,269,21.06,990.6,loc_madurai,9.9252,78.1198,ECMWF_ERA5_Reanalysis
2019-06-14,35.8,25.5,31.3,39.9,29.6,34.2,0.0,20.7,40.0,250,18.83,990.7,loc_madurai,9.9252,78.1198,ECMWF_ERA5_Reanalysis
2019-06-15,39.8,27.2,32.8,44.2,31.1,36.1,0.3,15.3,35.3,278,22.1,990.6,loc_madurai,9.9252,78.1198,ECMWF_ERA5_Reanalysis
2019-06-16,40.3,27.7,33.4,42.6,30.8,36.0,0.0,18.0,38.9,271,22.6,990.9,loc_madurai,9.9252,78.1198,ECMWF_ERA5_Reanalysis
2019-06-17,40.8,28.0,33.5,43.2,30.9,35.9,0.0,17.9,42.5,266,21.92,991.0,loc_madurai,9.9252,78.1198,ECMWF_ERA5_Reanalysis
2019-06-18,39.0,28.1,32.8,40.8,30.5,34.8,0.1,20.1,40.0,273,16.63,990.3,loc_madurai,9.9252,78.1198,ECMWF_ERA5_Reanalysis
2019-06-19,39.5,27.6,32.9,42.8,30.7,35.5,0.0,22.4,49.3,272,23.21,989.0,loc_madurai,9.9252,78.1198,ECMWF_ERA5_Reanalysis
2019-06-20,39.1,28.4,33.2,40.9,31.5,35.4,0.0,21.5,45.7,275,23.29,989.2,loc_madurai,9.9252,78.1198,ECMWF_ERA5_Reanalysis
2019-06-21,38.1,28.0,32.3,41.3,31.2,34.6,0.0,20.2,43.2,270,19.07,989.0,loc_madurai,9.9252,78.1198,ECMWF_ERA5_Reanalysis
2019-06-22,36.9,26.8,30.8,38.3,30.4,33.1,0.6,25.1,46.8,270,16.29,989.0,loc_madurai,9.9252,78.1198,ECMWF_ERA5_Reanalysis
2019-06-23,37.1,25.8,31.0,39.3,29.9,33.9,0.5,21.4,47.9,253,21.14,988.2,loc_madurai,9.9252,78.1198,ECMWF_ERA5_Reanalysis
2019-06-24,39.0,27.6,32.3,43.4,31.5,35.9,0.6,14.0,38.2,281,20.39,988.8,loc_madurai,9.9252,78.1198,ECMWF_ERA5_Reanalysis
2019-06-25,38.9,27.5,32.5,41.9,30.8,35.3,0.0,18.6,42.8,261,19.95,989.9,loc_madurai,9.9252,78.1198,ECMWF_ERA5_Reanalysis
2019-06-26,35.8,28.8,31.8,38.7,32.0,34.4,0.1,15.4,31.7,260,12.8,990.8,loc_madurai,9.9252,78.1198,ECMWF_ERA5_Reanalysis
2019-06-27,39.7,26.5,32.3,41.6,30.3,34.8,0.0,18.2,38.5,264,22.96,989.9,loc_madurai,9.9252,78.1198,ECMWF_ERA5_Reanalysis
2019-06-28,39.9,26.3,32.2,41.4,29.1,33.9,0.0,19.7,41.0,269,22.37,989.9,loc_madurai,9.9252,78.1198,ECMWF_ERA5_Reanalysis
2019-06-29,40.1,26.1,32.5,41.7,28.7,34.1,0.0,19.2,41.8,270,24.22,989.7,loc_madurai,9.9252,78.1198,ECMWF_ERA5_Reanalysis
2019-06-30,38.2,26.6,31.8,40.4,29.6,33.8,0.0,19.7,40.7,276,17.73,989.6,loc_madurai,9.9252,78.1198,ECMWF_ERA5_Reanalysis
2019-07-01,39.4,25.9,31.7,40.1,29.2,34.0,0.0,23.4,47.9,245,19.09,988.7,loc_madurai,9.9252,78.1198,ECMWF_ERA5_Reanalysis
2019-07-02,36.3,27.1,31.2,37.8,30.8,33.4,0.4,28.0,58.0,241,18.1,989.4,loc_madurai,9.9252,78.1198,ECMWF_ERA5_Reanalysis
2019-07-03,38.4,26.3,32.1,38.6,29.9,34.2,0.0,25.7,52.6,249,22.04,990.2,loc_madurai,9.9252,78.1198,ECMWF_ERA5_Reanalysis
2019-07-04,39.1,27.1,32.1,40.4,30.8,34.7,0.0,23.8,52.6,246,22.33,990.5,loc_madurai,9.9252,78.1198,ECMWF_ERA5_Reanalysis
2019-07-05,38.2,27.4,31.6,38.7,30.4,33.0,0.0,29.2,58.3,241,21.44,989.8,loc_madurai,9.9252,78.1198,ECMWF_ERA5_Reanalysis
2019-07-06,36.2,27.0,31.2,35.5,30.0,32.5,0.0,26.4,52.9,243,18.15,990.1,loc_madurai,9.9252,78.1198,ECMWF_ERA5_Reanalysis
2019-07-07,38.0,26.9,31.8,38.4,29.8,33.2,0.0,27.1,55.1,249,20.84,990.8,loc_madurai,9.9252,78.1198,ECMWF_ERA5_Reanalysis
2019-07-08,40.6,25.8,32.4,43.8,28.9,35.0,0.0,14.5,33.8,275,21.93,991.3,loc_madurai,9.9252,78.1198,ECMWF_ERA5_Reanalysis
2019-07-09,38.8,27.3,30.9,42.1,30.4,34.3,1.0,13.1,34.6,257,19.11,991.5,loc_madurai,9.9252,78.1198,ECMWF_ERA5_Reanalysis
2019-07-10,37.1,26.1,30.4,38.8,30.3,33.7,1.7,22.9,50.0,278,17.85,991.5,loc_madurai,9.9252,78.1198,ECMWF_ERA5_Reanalysis
2019-07-11,38.0,26.9,31.7,40.9,29.8,34.6,0.3,14.0,27.0,164,18.86,992.3,loc_madurai,9.9252,78.1198,ECMWF_ERA5_Reanalysis
2019-07-12,38.3,26.5,32.1,42.1,31.1,35.7,0.0,16.4,42.1,176,21.41,992.9,loc_madurai,9.9252,78.1198,ECMWF_ERA5_Reanalysis
2019-07-13,38.3,27.7,31.3,41.3,31.4,34.7,1.7,16.0,36.0,178,18.88,993.3,loc_madurai,9.9252,78.1198,ECMWF_ERA5_Reanalysis
2019-07-14,37.3,26.3,30.0,41.2,29.8,33.6,2.6,22.2,47.2,253,20.17,992.8,loc_madurai,9.9252,78.1198,ECMWF_ERA5_Reanalysis
2019-07-15,37.4,24.8,30.9,40.4,28.1,33.6,0.8,20.9,42.8,271,21.5,990.9,loc_madurai,9.9252,78.1198,ECMWF_ERA5_Reanalysis
2019-07-16,38.7,26.6,31.9,42.7,29.2,34.7,1.7,10.2,29.9,289,20.94,990.5,loc_madurai,9.9252,78.1198,ECMWF_ERA5_Reanalysis
2019-07-17,37.8,27.7,32.1,41.0,30.4,34.8,0.2,15.9,37.8,265,19.4,989.4,loc_madurai,9.9252,78.1198,ECMWF_ERA5_Reanalysis
2019-07-18,37.7,27.2,30.9,42.4,29.8,33.5,0.2,24.3,46.8,266,17.2,988.1,loc_madurai,9.9252,78.1198,ECMWF_ERA5_Reanalysis
2019-07-19,32.8,25.5,28.7,35.3,28.8,31.3,3.5,24.6,49.3,277,11.11,987.7,loc_madurai,9.9252,78.1198,ECMWF_ERA5_Reanalysis
2019-07-20,35.4,26.5,30.2,38.4,29.2,32.1,2.6,23.6,52.9,266,19.12,988.3,loc_madurai,9.9252,78.1198,ECMWF_ERA5_Reanalysis
2019-07-21,36.0,26.0,30.3,36.8,28.3,32.3,1.7,18.6,42.5,274,16.96,988.5,loc_madurai,9.9252,78.1198,ECMWF_ERA5_Reanalysis
2019-07-22,33.9,25.0,28.7,36.8,28.1,31.8,1.2,10.8,26.6,303,12.16,989.0,loc_madurai,9.9252,78.1198,ECMWF_ERA5_Reanalysis
2019-07-23,36.6,25.0,30.0,39.3,27.7,32.5,0.0,10.9,25.9,285,18.14,989.5,loc_madurai,9.9252,78.1198,ECMWF_ERA5_Reanalysis
2019-07-24,38.0,26.6,30.9,41.7,29.0,33.9,1.7,15.2,41.0,265,20.79,990.4,loc_madurai,9.9252,78.1198,ECMWF_ERA5_Reanalysis
2019-07-25,36.5,26.1,30.1,40.3,29.5,34.1,3.2,15.5,48.2,262,19.11,992.0,loc_madurai,9.9252,78.1198,ECMWF_ERA5_Reanalysis
2019-07-26,35.8,25.7,30.4,36.4,28.7,32.8,0.0,17.3,36.0,280,13.23,991.6,loc_madurai,9.9252,78.1198,ECMWF_ERA5_Reanalysis
2019-07-27,37.4,26.0,31.2,41.0,28.8,33.9,0.3,14.5,35.6,281,17.76,991.1,loc_madurai,9.9252,78.1198,ECMWF_ERA5_Reanalysis
2019-07-28,38.8,26.8,32.1,41.2,29.0,34.2,0.0,14.0,33.5,279,20.96,990.6,loc_madurai,9.9252,78.1198,ECMWF_ERA5_Reanalysis
2019-07-29,38.6,26.3,31.7,41.4,28.9,33.9,0.0,17.7,36.0,269,20.86,990.9,loc_madurai,9.9252,78.1198,ECMWF_ERA5_Reanalysis
2019-07-30,38.5,26.6,32.0,41.7,29.4,34.7,0.1,16.4,30.2,219,21.1,992.0,loc_madurai,9.9252,78.1198,ECMWF_ERA5_Reanalysis
2019-07-31,38.6,26.9,32.4,42.0,29.6,35.4,0.0,11.4,25.9,234,21.32,992.5,loc_madurai,9.9252,78.1198,ECMWF_ERA5_Reanalysis
2019-08-01,39.1,27.4,32.9,42.3,29.9,35.2,0.0,15.1,29.2,249,22.59,992.1,loc_madurai,9.9252,78.1198,ECMWF_ERA5_Reanalysis
2019-08-02,38.1,27.1,31.9,40.8,29.6,33.6,0.0,24.4,47.5,249,19.2,991.9,loc_madurai,9.9252,78.1198,ECMWF_ERA5_Reanalysis
2019-08-03,38.3,27.3,31.6,38.6,30.3,33.0,0.0,23.9,49.3,242,20.35,992.3,loc_madurai,9.9252,78.1198,ECMWF_ERA5_Reanalysis
2019-08-04,37.9,26.0,31.2,38.8,29.6,33.0,0.0,24.9,51.1,239,19.99,991.8,loc_madurai,9.9252,78.1198,ECMWF_ERA5_Reanalysis
2019-08-05,33.7,27.1,30.2,33.2,30.5,31.5,0.0,31.1,59.4,241,11.96,991.2,loc_madurai,9.9252,78.1198,ECMWF_ERA5_Reanalysis
2019-08-06,35.5,26.2,30.4,34.6,29.5,31.6,0.0,31.1,65.2,244,16.62,990.6,loc_madurai,9.9252,78.1198,ECMWF_ERA5_Reanalysis
2019-08-07,35.6,26.7,30.6,35.1,29.7,32.3,0.2,32.2,69.8,243,16.01,990.0,loc_madurai,9.9252,78.1198,ECMWF_ERA5_Reanalysis
2019-08-08,28.8,25.2,26.9,32.5,29.6,31.2,24.2,15.4,68.0,215,7.75,990.4,loc_madurai,9.9252,78.1198,ECMWF_ERA5_Reanalysis
2019-08-09,30.3,24.1,25.8,32.6,28.2,30.0,10.7,20.0,43.9,237,9.99,991.2,loc_madurai,9.9252,78.1198,ECMWF_ERA5_Reanalysis
2019-08-10,30.9,23.1,26.4,32.7,26.8,30.3,3.8,20.3,40.7,275,9.34,991.2,loc_madurai,9.9252,78.1198,ECMWF_ERA5_Reanalysis
2019-08-11,36.9,23.6,29.8,41.8,27.1,33.4,0.0,14.6,33.5,269,20.74,990.0,loc_madurai,9.9252,78.1198,ECMWF_ERA5_Reanalysis
2019-08-12,37.5,24.5,30.4,41.6,27.4,32.9,0.2,20.6,43.6,269,19.77,990.0,loc_madurai,9.9252,78.1198,ECMWF_ERA5_Reanalysis
2019-08-13,37.4,25.4,29.4,40.5,28.5,32.8,4.4,17.2,45.0,270,19.07,990.6,loc_madurai,9.9252,78.1198,ECMWF_ERA5_Reanalysis
2019-08-14,34.4,24.2,28.7,37.5,27.3,32.1,4.5,21.6,46.4,280,20.79,991.9,loc_madurai,9.9252,78.1198,ECMWF_ERA5_Reanalysis
2019-08-15,34.7,24.7,29.2,39.6,28.6,33.5,0.0,10.6,23.4,284,21.74,992.3,loc_madurai,9.9252,78.1198,ECMWF_ERA5_Reanalysis
2019-08-16,34.2,25.7,29.2,38.6,28.5,32.7,1.1,14.5,32.8,282,16.67,991.7,loc_madurai,9.9252,78.1198,ECMWF_ERA5_Reanalysis
2019-08-17,30.1,24.6,27.1,35.0,29.1,32.1,8.7,11.4,28.4,273,11.83,991.6,loc_madurai,9.9252,78.1198,ECMWF_ERA5_Reanalysis
2019-08-18,32.3,24.6,27.5,37.1,29.6,32.5,2.5,10.2,22.3,276,15.3,992.4,loc_madurai,9.9252,78.1198,ECMWF_ERA5_Reanalysis
2019-08-19,34.2,24.3,28.2,39.7,29.6,33.5,5.5,9.7,31.0,247,21.95,992.7,loc_madurai,9.9252,78.1198,ECMWF_ERA5_Reanalysis
2019-08-20,34.5,25.1,28.5,40.5,28.8,33.2,3.9,19.9,40.7,292,20.5,992.3,loc_madurai,9.9252,78.1198,ECMWF_ERA5_Reanalysis
2019-08-21,32.0,25.2,27.7,35.4,28.5,31.6,3.0,19.5,40.0,284,16.89,991.9,loc_madurai,9.9252,78.1198,ECMWF_ERA5_Reanalysis
2019-08-22,30.7,24.5,27.1,33.7,27.8,30.4,0.5,15.9,32.4,284,14.27,992.0,loc_madurai,9.9252,78.1198,ECMWF_ERA5_Reanalysis
2019-08-23,32.1,24.2,27.7,35.8,27.2,30.9,0.0,16.4,33.8,275,15.7,992.4,loc_madurai,9.9252,78.1198,ECMWF_ERA5_Reanalysis
2019-08-24,33.8,24.0,28.5,37.9,27.7,31.9,0.1,16.9,36.4,277,20.41,992.4,loc_madurai,9.9252,78.1198,ECMWF_ERA5_Reanalysis
2019-08-25,33.4,24.9,28.9,35.3,28.0,31.2,0.4,24.9,48.6,263,18.87,991.9,loc_madurai,9.9252,78.1198,ECMWF_ERA5_Reanalysis
2019-08-26,34.0,24.7,28.4,36.0,28.8,31.4,2.5,29.3,62.6,245,20.62,992.1,loc_madurai,9.9252,78.1198,ECMWF_ERA5_Reanalysis
2019-08-27,33.1,24.3,28.2,33.7,27.8,30.5,0.0,23.1,44.6,250,12.68,991.3,loc_madurai,9.9252,78.1198,ECMWF_ERA5_Reanalysis
2019-08-28,35.3,24.2,29.3,40.2,27.9,32.7,0.4,17.1,37.8,268,20.28,991.3,loc_madurai,9.9252,78.1198,ECMWF_ERA5_Reanalysis
2019-08-29,35.3,25.6,29.7,39.7,29.2,33.3,2.6,19.5,41.8,273,19.85,991.2,loc_madurai,9.9252,78.1198,ECMWF_ERA5_Reanalysis
2019-08-30,34.8,25.7,30.4,37.2,29.2,32.8,0.0,16.3,37.1,275,19.25,989.5,loc_madurai,9.9252,78.1198,ECMWF_ERA5_Reanalysis
2019-08-31,37.1,26.5,30.9,39.2,30.1,33.3,0.1,19.9,50.4,253,19.54,988.8,loc_madurai,9.9252,78.1198,ECMWF_ERA5_Reanalysis
2019-09-01,35.7,26.2,30.4,37.4,29.8,32.2,0.0,25.2,52.2,252,18.31,990.5,loc_madurai,9.9252,78.1198,ECMWF_ERA5_Reanalysis
2019-09-02,36.5,25.8,30.5,37.8,29.4,32.9,0.6,23.8,49.7,250,19.85,991.8,loc_madurai,9.9252,78.1198,ECMWF_ERA5_Reanalysis
2019-09-03,35.5,26.3,30.4,35.6,30.2,32.5,0.0,23.9,47.9,252,15.62,991.0,loc_madurai,9.9252,78.1198,ECMWF_ERA5_Reanalysis
2019-09-04,35.9,26.5,30.6,36.2,30.0,32.3,0.0,31.0,61.2,248,19.56,990.6,loc_madurai,9.9252,78.1198,ECMWF_ERA5_Reanalysis
2019-09-05,38.1,26.2,31.1,40.8,30.0,33.9,0.0,18.1,37.4,261,19.3,990.4,loc_madurai,9.9252,78.1198,ECMWF_ERA5_Reanalysis
2019-09-06,37.8,26.4,31.4,40.4,30.3,33.8,0.0,21.4,46.1,259,20.34,990.0,loc_madurai,9.9252,78.1198,ECMWF_ERA5_Reanalysis
2019-09-07,37.8,26.3,31.3,40.7,29.9,33.4,0.0,24.5,47.5,259,20.69,991.0,loc_madurai,9.9252,78.1198,ECMWF_ERA5_Reanalysis
2019-09-08,40.1,26.1,32.3,43.5,29.3,34.8,0.0,17.3,37.1,269,23.09,991.7,loc_madurai,9.9252,78.1198,ECMWF_ERA5_Reanalysis
2019-09-09,39.4,27.0,32.3,42.9,28.9,34.4,0.3,17.3,33.5,278,21.26,991.3,loc_madurai,9.9252,78.1198,ECMWF_ERA5_Reanalysis
2019-09-10,39.2,27.3,32.2,42.0,29.8,34.8,2.2,14.8,36.7,273,21.43,991.1,loc_madurai,9.9252,78.1198,ECMWF_ERA5_Reanalysis
2019-09-11,38.5,26.1,30.2,41.5,31.9,34.6,1.2,18.2,47.9,249,19.22,992.5,loc_madurai,9.9252,78.1198,ECMWF_ERA5_Reanalysis
2019-09-12,34.1,25.4,29.1,38.3,29.9,33.2,1.8,14.2,33.1,260,15.21,993.8,loc_madurai,9.9252,78.1198,ECMWF_ERA5_Reanalysis
2019-09-13,34.4,25.6,28.2,39.9,29.4,33.1,7.0,14.8,36.7,201,15.54,994.5,loc_madurai,9.9252,78.1198,ECMWF_ERA5_Reanalysis
2019-09-14,36.3,24.4,28.6,41.8,29.4,33.9,1.5,17.9,40.7,192,20.68,993.8,loc_madurai,9.9252,78.1198,ECMWF_ERA5_Reanalysis
2019-09-15,35.1,25.2,28.1,40.8,30.3,33.4,17.6,10.1,25.9,223,16.65,993.1,loc_madurai,9.9252,78.1198,ECMWF_ERA5_Reanalysis
2019-09-16,33.5,24.9,28.3,38.5,28.7,32.7,0.0,16.5,36.7,252,18.3,991.7,loc_madurai,9.9252,78.1198,ECMWF_ERA5_Reanalysis
2019-09-17,34.9,24.4,28.5,39.4,28.2,32.7,0.2,13.0,32.8,233,19.57,990.6,loc_madurai,9.9252,78.1198,ECMWF_ERA5_Reanalysis
2019-09-18,34.9,25.5,28.4,39.9,28.9,33.1,3.0,14.5,32.8,265,17.64,991.0,loc_madurai,9.9252,78.1198,ECMWF_ERA5_Reanalysis
2019-09-19,33.4,24.6,27.8,38.4,29.4,32.6,6.3,14.2,38.5,245,17.72,991.8,loc_madurai,9.9252,78.1198,ECMWF_ERA5_Reanalysis
2019-09-20,34.4,24.3,28.5,40.9,29.5,33.3,2.7,12.2,30.6,160,18.26,991.9,loc_madurai,9.9252,78.1198,ECMWF_ERA5_Reanalysis
2019-09-21,35.9,24.9,29.7,40.5,30.3,34.6,4.0,16.3,29.2,150,22.97,991.2,loc_madurai,9.9252,78.1198,ECMWF_ERA5_Reanalysis
2019-09-22,34.3,25.1,28.0,38.8,30.8,33.4,22.2,12.5,32.4,168,18.4,991.8,loc_madurai,9.9252,78.1198,ECMWF_ERA5_Reanalysis
2019-09-23,32.0,24.7,27.4,38.1,30.0,32.8,21.6,9.1,27.0,265,16.28,992.2,loc_madurai,9.9252,78.1198,ECMWF_ERA5_Reanalysis
2019-09-24,30.6,24.3,26.7,35.9,28.6,31.7,18.2,10.2,25.2,237,16.92,992.0,loc_madurai,9.9252,78.1198,ECMWF_ERA5_Reanalysis
2019-09-25,31.8,24.2,27.3,36.3,29.0,31.8,1.2,15.2,37.1,195,14.24,992.8,loc_madurai,9.9252,78.1198,ECMWF_ERA5_Reanalysis
2019-09-26,30.5,24.0,27.0,35.8,27.4,30.5,1.0,18.5,35.3,193,12.13,996.2,loc_madurai,9.9252,78.1198,ECMWF_ERA5_Reanalysis
2019-09-27,31.6,23.6,27.2,37.4,28.7,32.2,4.6,10.5,24.5,152,19.01,997.5,loc_madurai,9.9252,78.1198,ECMWF_ERA5_Reanalysis
2019-09-28,32.2,23.2,27.6,37.0,27.9,32.1,1.2,13.0,31.3,80,20.89,996.4,loc_madurai,9.9252,78.1198,ECMWF_ERA5_Reanalysis
2019-09-29,31.0,23.6,27.1,36.5,28.4,31.7,8.6,14.8,34.6,82,18.88,996.4,loc_madurai,9.9252,78.1198,ECMWF_ERA5_Reanalysis
2019-09-30,30.1,22.9,25.7,36.5,26.7,30.5,19.2,8.9,23.4,147,16.99,996.3,loc_madurai,9.9252,78.1198,ECMWF_ERA5_Reanalysis
2019-10-01,32.1,23.0,26.9,38.6,27.5,32.3,6.0,12.3,25.6,207,21.79,995.6,loc_madurai,9.9252,78.1198,ECMWF_ERA5_Reanalysis
2019-10-02,31.8,23.8,27.6,38.7,28.8,33.1,4.0,10.8,22.3,106,20.65,995.2,loc_madurai,9.9252,78.1198,ECMWF_ERA5_Reanalysis
2019-10-03,32.1,24.1,27.7,37.5,29.2,32.7,0.5,11.0,23.0,163,21.83,994.7,loc_madurai,9.9252,78.1198,ECMWF_ERA5_Reanalysis
2019-10-04,32.6,23.6,28.0,38.8,28.1,33.1,1.0,11.8,21.6,179,20.96,994.3,loc_madurai,9.9252,78.1198,ECMWF_ERA5_Reanalysis
2019-10-05,32.3,24.4,27.8,38.4,28.4,32.3,2.4,18.4,37.1,123,20.89,993.7,loc_madurai,9.9252,78.1198,ECMWF_ERA5_Reanalysis
2019-10-06,32.2,23.8,27.3,37.2,28.4,32.2,0.3,13.2,24.1,116,19.82,994.2,loc_madurai,9.9252,78.1198,ECMWF_ERA5_Reanalysis
2019-10-07,32.3,23.6,27.9,37.9,28.7,33.1,1.3,10.4,22.7,166,20.39,994.1,loc_madurai,9.9252,78.1198,ECMWF_ERA5_Reanalysis
2019-10-08,33.1,24.3,28.3,38.2,29.0,33.1,2.3,10.3,17.6,119,21.68,993.5,loc_madurai,9.9252,78.1198,ECMWF_ERA5_Reanalysis
2019-10-09,33.6,23.6,28.3,38.4,28.1,32.8,1.8,14.8,29.9,116,22.32,993.4,loc_madurai,9.9252,78.1198,ECMWF_ERA5_Reanalysis
2019-10-10,32.2,24.2,27.6,36.7,29.5,32.5,3.1,11.8,24.1,151,18.51,994.0,loc_madurai,9.9252,78.1198,ECMWF_ERA5_Reanalysis
2019-10-11,33.9,23.7,28.2,38.0,29.0,32.7,0.1,15.8,37.4,124,20.81,993.6,loc_madurai,9.9252,78.1198,ECMWF_ERA5_Reanalysis
2019-10-12,32.4,24.6,27.8,36.3,29.3,32.8,4.6,13.6,35.6,150,17.16,993.8,loc_madurai,9.9252,78.1198,ECMWF_ERA5_Reanalysis
2019-10-13,32.3,24.1,27.4,38.0,29.3,32.6,17.6,10.9,26.3,129,18.36,994.3,loc_madurai,9.9252,78.1198,ECMWF_ERA5_Reanalysis
2019-10-14,33.7,24.0,28.1,37.6,29.1,32.8,5.8,12.4,31.0,61,20.55,994.3,loc_madurai,9.9252,78.1198,ECMWF_ERA5_Reanalysis
2019-10-15,31.4,24.1,26.2,37.5,29.0,31.3,13.4,14.1,32.4,68,16.15,994.0,loc_madurai,9.9252,78.1198,ECMWF_ERA5_Reanalysis
2019-10-16,30.7,23.6,25.8,34.5,28.2,30.4,23.4,14.6,33.1,57,12.78,993.8,loc_madurai,9.9252,78.1198,ECMWF_ERA5_Reanalysis
2019-10-17,30.3,23.7,25.3,36.1,27.1,30.1,22.6,14.9,29.9,82,11.92,994.1,loc_madurai,9.9252,78.1198,ECMWF_ERA5_Reanalysis
2019-10-18,29.3,23.6,25.9,34.4,28.3,31.0,10.7,10.3,23.8,112,13.77,994.3,loc_madurai,9.9252,78.1198,ECMWF_ERA5_Reanalysis
2019-10-19,31.5,23.1,26.5,36.5,27.9,31.3,7.2,14.5,31.0,55,18.33,994.4,loc_madurai,9.9252,78.1198,ECMWF_ERA5_Reanalysis
2019-10-20,29.3,23.5,25.6,34.4,28.2,30.8,18.0,11.4,28.4,68,12.97,994.2,loc_madurai,9.9252,78.1198,ECMWF_ERA5_Reanalysis
2019-10-21,28.7,23.9,25.6,33.5,28.5,30.5,5.7,7.9,34.9,278,9.12,993.4,loc_madurai,9.9252,78.1198,ECMWF_ERA5_Reanalysis
2019-10-22,29.6,23.0,25.5,33.9,27.2,30.1,1.1,8.4,22.7,275,14.24,992.7,loc_madurai,9.9252,78.1198,ECMWF_ERA5_Reanalysis
2019-10-23,31.8,22.7,26.7,38.9,26.4,31.7,5.6,9.4,23.4,255,16.27,991.9,loc_madurai,9.9252,78.1198,ECMWF_ERA5_Reanalysis
2019-10-24,28.4,24.0,25.5,32.5,28.0,30.2,10.9,10.1,19.4,223,7.12,993.4,loc_madurai,9.9252,78.1198,ECMWF_ERA5_Reanalysis
2019-10-25,31.1,23.9,27.1,35.9,27.7,31.2,0.2,9.4,32.0,200,18.95,993.4,loc_madurai,9.9252,78.1198,ECMWF_ERA5_Reanalysis
2019-10-26,31.0,22.7,26.7,36.9,26.7,31.5,4.8,8.7,24.5,196,15.98,994.1,loc_madurai,9.9252,78.1198,ECMWF_ERA5_Reanalysis
2019-10-27,30.9,24.4,27.1,35.8,29.6,32.4,3.7,11.4,34.9,79,14.79,994.2,loc_madurai,9.9252,78.1198,ECMWF_ERA5_Reanalysis
2019-10-28,29.3,23.7,26.0,31.9,28.0,30.1,7.5,18.6,41.8,37,11.53,994.1,loc_madurai,9.9252,78.1198,ECMWF_ERA5_Reanalysis
2019-10-29,28.6,23.4,24.9,32.5,27.3,28.8,16.9,19.9,43.6,48,10.18,993.8,loc_madurai,9.9252,78.1198,ECMWF_ERA5_Reanalysis
2019-10-30,26.8,23.0,24.3,31.4,26.9,28.5,31.3,15.2,43.6,122,7.23,993.9,loc_madurai,9.9252,78.1198,ECMWF_ERA5_Reanalysis
2019-10-31,27.4,23.4,25.2,31.6,27.5,29.6,3.4,12.4,27.0,194,8.31,994.4,loc_madurai,9.9252,78.1198,ECMWF_ERA5_Reanalysis
2019-11-01,31.0,22.7,26.4,36.4,27.1,31.2,3.0,10.7,22.7,52,19.28,994.4,loc_madurai,9.9252,78.1198,ECMWF_ERA5_Reanalysis
2019-11-02,30.6,23.5,26.6,37.5,28.3,32.1,15.4,7.9,23.8,31,18.73,994.9,loc_madurai,9.9252,78.1198,ECMWF_ERA5_Reanalysis
2019-11-03,30.7,23.1,26.2,35.7,27.3,31.0,11.4,14.4,30.2,62,18.82,996.3,loc_madurai,9.9252,78.1198,ECMWF_ERA5_Reanalysis
2019-11-04,31.9,22.8,26.8,35.7,27.1,31.2,0.3,10.4,23.4,58,20.73,996.4,loc_madurai,9.9252,78.1198,ECMWF_ERA5_Reanalysis
2019-11-05,32.7,22.6,27.2,37.1,26.9,31.8,0.0,8.7,20.2,82,21.22,994.6,loc_madurai,9.9252,78.1198,ECMWF_ERA5_Reanalysis
2019-11-06,31.8,23.4,27.5,37.1,27.7,32.2,1.1,6.5,18.4,228,19.37,993.1,loc_madurai,9.9252,78.1198,ECMWF_ERA5_Reanalysis
2019-11-07,32.0,23.9,27.0,38.4,28.2,32.2,10.7,8.8,22.7,102,19.64,993.1,loc_madurai,9.9252,78.1198,ECMWF_ERA5_Reanalysis
2019-11-08,31.2,23.3,26.4,38.1,27.9,31.8,9.1,7.9,20.2,283,18.27,993.8,loc_madurai,9.9252,78.1198,ECMWF_ERA5_Reanalysis
2019-11-09,31.2,24.1,26.8,38.0,29.4,32.5,11.2,8.0,25.2,286,17.23,994.1,loc_madurai,9.9252,78.1198,ECMWF_ERA5_Reanalysis
2019-11-10,31.6,23.8,27.0,38.1,28.8,32.5,2.4,12.3,28.8,117,19.61,993.9,loc_madurai,9.9252,78.1198,ECMWF_ERA5_Reanalysis
2019-11-11,30.6,23.3,26.4,36.0,28.1,31.4,6.0,8.7,22.0,98,16.74,994.0,loc_madurai,9.9252,78.1198,ECMWF_ERA5_Reanalysis
2019-11-12,30.9,23.2,26.6,34.6,28.0,30.7,1.9,13.0,28.4,49,17.83,994.8,loc_madurai,9.9252,78.1198,ECMWF_ERA5_Reanalysis
2019-11-13,31.7,23.1,27.1,34.3,27.2,30.3,0.0,16.5,34.6,42,19.9,995.2,loc_madurai,9.9252,78.1198,ECMWF_ERA5_Reanalysis
2019-11-14,30.3,23.5,26.8,33.9,27.6,30.5,2.4,17.7,37.8,52,16.89,995.0,loc_madurai,9.9252,78.1198,ECMWF_ERA5_Reanalysis
2019-11-15,30.9,24.1,26.5,34.6,28.8,30.9,11.8,15.5,32.8,64,16.6,995.1,loc_madurai,9.9252,78.1198,ECMWF_ERA5_Reanalysis
2019-11-16,29.6,23.5,26.1,33.9,28.6,30.9,6.9,12.7,32.0,61,14.03,995.4,loc_madurai,9.9252,78.1198,ECMWF_ERA5_Reanalysis
2019-11-17,31.5,23.6,27.1,35.6,28.3,31.5,2.2,13.2,28.8,59,18.92,995.1,loc_madurai,9.9252,78.1198,ECMWF_ERA5_Reanalysis
2019-11-18,30.6,22.6,26.5,35.0,27.1,30.6,2.9,16.8,34.6,43,15.69,995.3,loc_madurai,9.9252,78.1198,ECMWF_ERA5_Reanalysis
2019-11-19,30.7,22.3,26.1,36.2,26.3,30.7,11.4,16.4,33.8,61,16.89,995.1,loc_madurai,9.9252,78.1198,ECMWF_ERA5_Reanalysis
2019-11-20,31.0,24.1,26.5,35.7,28.4,31.2,7.0,12.8,33.1,59,16.97,994.4,loc_madurai,9.9252,78.1198,ECMWF_ERA5_Reanalysis
2019-11-21,30.6,23.9,26.8,34.4,27.9,30.2,1.9,16.1,37.1,47,17.69,995.1,loc_madurai,9.9252,78.1198,ECMWF_ERA5_Reanalysis
2019-11-22,29.9,24.1,25.9,33.0,27.5,29.5,6.6,20.6,45.7,47,14.57,996.2,loc_madurai,9.9252,78.1198,ECMWF_ERA5_Reanalysis
2019-11-23,30.1,23.9,26.5,33.8,26.9,29.5,0.7,20.9,41.4,44,15.19,996.1,loc_madurai,9.9252,78.1198,ECMWF_ERA5_Reanalysis
2019-11-24,30.6,23.9,26.4,32.8,27.3,29.4,1.3,18.8,38.2,45,14.91,995.4,loc_madurai,9.9252,78.1198,ECMWF_ERA5_Reanalysis
2019-11-25,29.9,23.8,26.0,33.4,27.0,29.2,4.6,19.4,43.2,49,12.82,995.2,loc_madurai,9.9252,78.1198,ECMWF_ERA5_Reanalysis
2019-11-26,30.3,23.8,26.7,31.8,26.8,29.3,1.3,20.7,41.8,45,15.67,994.2,loc_madurai,9.9252,78.1198,ECMWF_ERA5_Reanalysis
2019-11-27,31.7,24.0,27.1,34.4,27.9,30.3,2.2,17.4,37.1,54,17.47,993.9,loc_madurai,9.9252,78.1198,ECMWF_ERA5_Reanalysis
2019-11-28,29.1,23.4,26.0,31.9,27.1,29.5,3.2,17.8,42.1,46,10.62,994.7,loc_madurai,9.9252,78.1198,ECMWF_ERA5_Reanalysis
2019-11-29,30.2,24.4,26.3,32.9,27.8,29.7,12.7,23.1,48.2,47,13.5,994.6,loc_madurai,9.9252,78.1198,ECMWF_ERA5_Reanalysis
2019-11-30,27.9,23.7,24.8,32.1,27.2,28.8,40.5,16.2,33.8,54,7.87,994.5,loc_madurai,9.9252,78.1198,ECMWF_ERA5_Reanalysis
2019-12-01,26.6,23.5,24.6,31.5,27.4,29.5,75.9,10.7,33.1,102,5.88,994.7,loc_madurai,9.9252,78.1198,ECMWF_ERA5_Reanalysis
2019-12-02,29.5,21.9,25.1,34.0,25.3,29.5,8.5,15.9,32.4,41,12.16,995.6,loc_madurai,9.9252,78.1198,ECMWF_ERA5_Reanalysis
2019-12-03,27.8,23.4,24.8,32.3,27.6,28.9,14.0,18.5,36.7,45,9.81,995.5,loc_madurai,9.9252,78.1198,ECMWF_ERA5_Reanalysis
2019-12-04,29.7,23.8,26.1,32.1,26.8,29.0,0.8,20.9,41.0,37,16.28,996.1,loc_madurai,9.9252,78.1198,ECMWF_ERA5_Reanalysis
2019-12-05,28.8,23.4,25.7,30.1,25.6,27.7,1.3,22.9,43.9,36,14.89,997.3,loc_madurai,9.9252,78.1198,ECMWF_ERA5_Reanalysis
2019-12-06,29.2,23.5,25.7,30.7,25.1,27.5,0.5,25.5,48.6,35,14.74,997.0,loc_madurai,9.9252,78.1198,ECMWF_ERA5_Reanalysis
2019-12-07,28.0,24.0,25.4,30.8,25.9,28.5,4.8,18.6,37.4,36,10.11,996.3,loc_madurai,9.9252,78.1198,ECMWF_ERA5_Reanalysis
2019-12-08,28.9,22.9,25.3,31.7,26.0,28.6,1.7,17.9,36.7,47,15.41,996.9,loc_madurai,9.9252,78.1198,ECMWF_ERA5_Reanalysis
2019-12-09,29.4,21.6,25.5,31.0,24.6,27.9,0.1,19.3,38.5,38,15.57,996.8,loc_madurai,9.9252,78.1198,ECMWF_ERA5_Reanalysis
2019-12-10,29.3,21.5,25.4,31.1,24.5,27.9,0.0,18.2,36.7,42,15.35,995.8,loc_madurai,9.9252,78.1198,ECMWF_ERA5_Reanalysis
2019-12-11,30.1,22.4,25.9,32.5,25.8,28.5,0.0,15.9,34.6,43,17.34,994.8,loc_madurai,9.9252,78.1198,ECMWF_ERA5_Reanalysis
2019-12-12,31.1,22.3,26.1,33.2,25.4,28.5,0.0,17.7,36.4,44,18.68,995.0,loc_madurai,9.9252,78.1198,ECMWF_ERA5_Reanalysis
2019-12-13,29.8,22.2,25.2,33.1,25.7,28.7,12.9,17.7,32.8,44,13.81,995.8,loc_madurai,9.9252,78.1198,ECMWF_ERA5_Reanalysis
2019-12-14,29.8,22.7,25.0,33.7,26.7,29.0,12.3,15.5,41.8,54,12.55,997.1,loc_madurai,9.9252,78.1198,ECMWF_ERA5_Reanalysis
2019-12-15,29.4,22.7,25.4,31.3,24.7,28.1,1.7,18.6,37.8,41,16.98,996.4,loc_madurai,9.9252,78.1198,ECMWF_ERA5_Reanalysis
2019-12-16,29.8,20.8,25.3,32.3,23.4,28.0,0.2,15.8,33.8,41,17.51,996.0,loc_madurai,9.9252,78.1198,ECMWF_ERA5_Reanalysis
2019-12-17,28.9,23.1,25.4,30.4,25.1,27.6,1.4,23.7,46.4,43,16.16,996.5,loc_madurai,9.9252,78.1198,ECMWF_ERA5_Reanalysis
2019-12-18,29.4,22.3,25.7,31.2,24.9,27.8,0.8,23.2,45.0,39,14.09,996.7,loc_madurai,9.9252,78.1198,ECMWF_ERA5_Reanalysis
2019-12-19,29.7,23.5,25.9,31.5,25.6,28.3,1.8,23.9,46.4,43,16.15,996.1,loc_madurai,9.9252,78.1198,ECMWF_ERA5_Reanalysis
2019-12-20,28.7,22.1,25.2,30.6,25.2,27.9,3.6,22.8,44.3,40,13.26,995.7,loc_madurai,9.9252,78.1198,ECMWF_ERA5_Reanalysis
2019-12-21,29.1,22.4,25.5,31.2,25.5,28.2,0.2,16.4,34.6,48,11.91,996.0,loc_madurai,9.9252,78.1198,ECMWF_ERA5_Reanalysis
2019-12-22,28.9,21.8,25.7,31.1,24.9,28.3,0.0,16.1,33.8,38,12.82,995.8,loc_madurai,9.9252,78.1198,ECMWF_ERA5_Reanalysis
2019-12-23,28.7,22.6,25.3,31.0,24.5,27.7,1.0,14.8,30.2,36,12.61,996.3,loc_madurai,9.9252,78.1198,ECMWF_ERA5_Reanalysis
2019-12-24,29.4,23.2,26.0,32.1,27.2,29.3,10.6,15.3,30.6,47,10.31,996.7,loc_madurai,9.9252,78.1198,ECMWF_ERA5_Reanalysis
2019-12-25,29.7,23.2,25.4,31.4,26.7,28.4,1.3,22.3,44.6,36,14.22,996.8,loc_madurai,9.9252,78.1198,ECMWF_ERA5_Reanalysis
2019-12-26,29.3,21.8,25.5,31.7,25.2,28.6,0.0,14.1,30.6,50,13.58,996.5,loc_madurai,9.9252,78.1198,ECMWF_ERA5_Reanalysis
2019-12-27,30.0,22.4,25.5,32.0,25.2,28.1,0.0,15.0,31.7,51,13.3,995.3,loc_madurai,9.9252,78.1198,ECMWF_ERA5_Reanalysis
2019-12-28,30.3,21.1,25.5,31.7,23.5,27.6,0.0,15.3,33.5,49,18.04,995.7,loc_madurai,9.9252,78.1198,ECMWF_ERA5_Reanalysis
2019-12-29,29.9,21.9,25.6,31.7,25.5,28.3,1.1,17.8,36.4,43,13.8,996.1,loc_madurai,9.9252,78.1198,ECMWF_ERA5_Reanalysis
2019-12-30,30.1,22.1,25.7,32.5,25.1,28.2,0.2,15.1,32.0,46,15.62,996.5,loc_madurai,9.9252,78.1198,ECMWF_ERA5_Reanalysis
2019-12-31,30.9,22.5,26.0,32.7,26.1,28.7,0.0,14.0,29.5,48,15.53,996.9,loc_madurai,9.9252,78.1198,ECMWF_ERA5_Reanalysis
2020-01-01,29.7,22.8,26.0,32.9,26.7,29.5,1.1,12.7,27.4,59,13.86,997.4,loc_madurai,9.9252,78.1198,ECMWF_ERA5_Reanalysis
2020-01-02,30.5,22.7,26.4,33.7,26.9,30.0,0.7,12.7,25.9,53,14.7,998.4,loc_madurai,9.9252,78.1198,ECMWF_ERA5_Reanalysis
2020-01-03,31.7,22.5,26.8,35.3,26.4,30.7,1.2,13.1,27.7,70,16.57,997.2,loc_madurai,9.9252,78.1198,ECMWF_ERA5_Reanalysis
2020-01-04,31.9,22.4,26.9,36.0,26.5,31.0,0.1,14.1,26.3,79,17.75,995.7,loc_madurai,9.9252,78.1198,ECMWF_ERA5_Reanalysis
2020-01-05,31.3,23.5,26.9,36.0,28.7,31.3,0.4,12.4,25.6,82,16.68,995.4,loc_madurai,9.9252,78.1198,ECMWF_ERA5_Reanalysis
2020-01-06,31.9,23.2,27.1,34.0,27.4,30.0,0.4,16.8,34.6,56,18.32,997.2,loc_madurai,9.9252,78.1198,ECMWF_ERA5_Reanalysis
2020-01-07,31.2,23.1,26.7,32.6,27.0,29.3,0.7,16.8,37.1,47,17.34,997.1,loc_madurai,9.9252,78.1198,ECMWF_ERA5_Reanalysis
2020-01-08,32.1,23.1,26.7,34.0,26.1,29.1,0.0,15.2,31.3,44,18.86,996.6,loc_madurai,9.9252,78.1198,ECMWF_ERA5_Reanalysis
2020-01-09,31.9,21.0,26.0,33.3,23.9,27.9,0.0,14.6,32.4,47,19.5,996.5,loc_madurai,9.9252,78.1198,ECMWF_ERA5_Reanalysis
2020-01-10,31.3,20.0,25.5,31.2,22.4,26.9,0.0,15.7,33.8,53,16.7,996.7,loc_madurai,9.9252,78.1198,ECMWF_ERA5_Reanalysis
2020-01-11,31.9,19.9,25.8,33.2,21.8,27.0,0.0,15.6,34.9,37,21.75,997.1,loc_madurai,9.9252,78.1198,ECMWF_ERA5_Reanalysis
2020-01-12,31.2,20.7,25.9,30.8,22.5,26.8,0.0,20.4,41.0,47,17.75,996.6,loc_madurai,9.9252,78.1198,ECMWF_ERA5_Reanalysis
2020-01-13,31.5,21.1,25.8,32.6,23.9,27.6,0.0,14.7,29.9,51,16.46,995.6,loc_madurai,9.9252,78.1198,ECMWF_ERA5_Reanalysis
2020-01-14,31.8,21.1,25.5,32.7,23.0,26.8,0.0,15.9,31.3,55,16.38,995.5,loc_madurai,9.9252,78.1198,ECMWF_ERA5_Reanalysis
2020-01-15,30.8,19.0,24.8,31.5,20.7,25.7,0.0,14.5,33.8,44,20.61,996.0,loc_madurai,9.9252,78.1198,ECMWF_ERA5_Reanalysis
2020-01-16,31.5,19.6,25.4,32.6,21.3,26.9,0.0,14.1,27.7,60,19.95,996.1,loc_madurai,9.9252,78.1198,ECMWF_ERA5_Reanalysis
2020-01-17,31.1,20.6,26.1,33.3,23.5,28.8,0.6,12.7,26.3,65,15.78,996.0,loc_madurai,9.9252,78.1198,ECMWF_ERA5_Reanalysis
2020-01-18,31.1,23.5,26.7,34.0,27.4,29.9,1.4,14.8,34.9,63,15.04,995.8,loc_madurai,9.9252,78.1198,ECMWF_ERA5_Reanalysis
2020-01-19,31.4,23.5,26.4,32.3,26.7,29.2,2.3,16.9,36.0,54,12.58,996.4,loc_madurai,9.9252,78.1198,ECMWF_ERA5_Reanalysis
2020-01-20,32.1,21.6,26.6,33.6,24.8,28.9,0.1,15.5,32.4,54,15.89,997.3,loc_madurai,9.9252,78.1198,ECMWF_ERA5_Reanalysis
2020-01-21,32.8,21.6,26.4,34.1,24.8,28.3,0.0,19.8,39.6,53,19.16,998.2,loc_madurai,9.9252,78.1198,ECMWF_ERA5_Reanalysis
2020-01-22,31.9,22.9,27.0,33.1,25.2,28.7,0.0,20.1,41.0,48,16.52,998.3,loc_madurai,9.9252,78.1198,ECMWF_ERA5_Reanalysis
2020-01-23,31.5,23.4,27.0,32.7,26.1,29.0,0.0,20.4,41.0,44,14.53,997.3,loc_madurai,9.9252,78.1198,ECMWF_ERA5_Reanalysis
2020-01-24,33.1,22.7,27.0,34.3,25.0,28.9,0.0,17.4,38.2,50,20.73,997.1,loc_madurai,9.9252,78.1198,ECMWF_ERA5_Reanalysis
2020-01-25,32.8,20.3,25.8,33.3,22.7,27.5,0.0,16.0,31.0,56,22.53,997.2,loc_madurai,9.9252,78.1198,ECMWF_ERA5_Reanalysis
2020-01-26,33.0,19.6,25.7,33.7,21.9,27.4,0.0,16.1,33.1,55,22.31,996.5,loc_madurai,9.9252,78.1198,ECMWF_ERA5_Reanalysis
2020-01-27,32.9,19.5,25.7,34.7,22.0,27.9,0.0,17.4,31.0,84,22.9,996.4,loc_madurai,9.9252,78.1198,ECMWF_ERA5_Reanalysis
2020-01-28,33.7,19.7,26.5,36.8,21.7,28.9,0.0,16.9,33.8,103,22.78,996.6,loc_madurai,9.9252,78.1198,ECMWF_ERA5_Reanalysis
2020-01-29,33.8,21.2,27.0,36.8,24.2,29.9,0.0,13.1,25.2,86,21.72,997.1,loc_madurai,9.9252,78.1198,ECMWF_ERA5_Reanalysis
2020-01-30,34.7,21.7,27.1,36.4,25.4,29.8,0.0,15.7,27.7,85,22.38,996.4,loc_madurai,9.9252,78.1198,ECMWF_ERA5_Reanalysis
2020-01-31,34.4,20.7,27.1,36.1,24.1,29.4,0.0,15.6,28.8,83,22.83,995.3,loc_madurai,9.9252,78.1198,ECMWF_ERA5_Reanalysis
2020-02-01,33.3,21.4,26.8,35.4,24.4,29.2,0.1,16.9,30.6,76,17.96,996.0,loc_madurai,9.9252,78.1198,ECMWF_ERA5_Reanalysis
2020-02-02,33.8,22.4,27.2,34.4,25.6,28.9,0.2,16.2,34.9,62,20.79,997.8,loc_madurai,9.9252,78.1198,ECMWF_ERA5_Reanalysis
2020-02-03,33.2,20.5,26.8,34.1,23.0,28.4,0.0,15.9,30.2,57,21.96,997.9,loc_madurai,9.9252,78.1198,ECMWF_ERA5_Reanalysis
2020-02-04,33.3,22.4,27.1,34.8,24.9,29.0,0.0,17.4,37.1,63,18.3,996.5,loc_madurai,9.9252,78.1198,ECMWF_ERA5_Reanalysis
2020-02-05,32.9,22.9,27.3,34.8,26.4,29.5,0.2,16.2,29.9,59,17.85,996.5,loc_madurai,9.9252,78.1198,ECMWF_ERA5_Reanalysis
2020-02-06,34.3,22.4,27.5,35.3,25.6,29.7,0.0,17.9,41.4,66,19.36,996.6,loc_madurai,9.9252,78.1198,ECMWF_ERA5_Reanalysis
2020-02-07,33.8,23.2,27.7,34.2,26.5,29.6,0.0,16.9,34.9,71,17.94,997.3,loc_madurai,9.9252,78.1198,ECMWF_ERA5_Reanalysis
2020-02-08,34.4,22.9,27.9,35.5,26.2,29.9,0.0,16.6,32.4,82,16.46,997.4,loc_madurai,9.9252,78.1198,ECMWF_ERA5_Reanalysis
2020-02-09,33.8,23.9,27.9,35.8,26.5,29.6,0.2,19.3,37.8,69,16.67,997.2,loc_madurai,9.9252,78.1198,ECMWF_ERA5_Reanalysis
2020-02-10,34.2,22.8,27.6,33.7,25.4,28.4,0.0,21.8,43.6,56,17.96,997.0,loc_madurai,9.9252,78.1198,ECMWF_ERA5_Reanalysis
2020-02-11,34.0,22.2,27.5,35.2,24.6,28.8,0.8,20.9,41.4,57,20.2,997.1,loc_madurai,9.9252,78.1198,ECMWF_ERA5_Reanalysis
2020-02-12,33.0,22.7,27.8,34.2,25.8,29.5,0.1,18.4,38.5,54,17.04,998.2,loc_madurai,9.9252,78.1198,ECMWF_ERA5_Reanalysis
2020-02-13,34.5,23.7,27.9,35.3,26.8,29.7,0.0,18.0,38.9,52,21.22,998.0,loc_madurai,9.9252,78.1198,ECMWF_ERA5_Reanalysis
2020-02-14,34.9,19.9,27.2,37.3,22.0,29.2,0.0,19.5,35.6,67,23.72,996.3,loc_madurai,9.9252,78.1198,ECMWF_ERA5_Reanalysis
2020-02-15,35.5,21.7,28.0,38.0,24.5,30.0,0.0,16.3,38.5,61,23.59,995.8,loc_madurai,9.9252,78.1198,ECMWF_ERA5_Reanalysis
2020-02-16,35.1,20.7,27.3,35.5,22.1,28.2,0.0,15.9,33.8,57,24.13,997.1,loc_madurai,9.9252,78.1198,ECMWF_ERA5_Reanalysis
2020-02-17,34.7,20.9,27.3,35.6,23.0,28.6,0.0,18.0,37.1,51,23.68,997.8,loc_madurai,9.9252,78.1198,ECMWF_ERA5_Reanalysis
2020-02-18,33.7,20.8,26.7,34.2,23.1,27.6,0.0,14.9,36.0,53,24.54,997.9,loc_madurai,9.9252,78.1198,ECMWF_ERA5_Reanalysis
2020-02-19,34.5,20.3,26.9,34.8,21.4,27.5,0.0,19.9,37.4,53,24.79,997.2,loc_madurai,9.9252,78.1198,ECMWF_ERA5_Reanalysis
2020-02-20,34.1,21.0,27.0,35.1,22.8,28.2,0.0,16.7,38.2,53,23.77,996.9,loc_madurai,9.9252,78.1198,ECMWF_ERA5_Reanalysis
2020-02-21,32.2,22.6,27.2,33.5,24.4,29.0,0.4,17.6,37.8,51,14.39,997.7,loc_madurai,9.9252,78.1198,ECMWF_ERA5_Reanalysis
2020-02-22,33.6,24.5,28.1,34.5,27.2,29.8,0.4,23.5,47.5,57,18.3,998.5,loc_madurai,9.9252,78.1198,ECMWF_ERA5_Reanalysis
2020-02-23,34.9,22.8,28.2,35.5,26.2,29.9,0.0,20.0,39.6,56,20.4,997.9,loc_madurai,9.9252,78.1198,ECMWF_ERA5_Reanalysis
2020-02-24,34.9,23.3,28.2,36.1,26.5,30.2,0.0,16.4,34.6,58,22.83,995.8,loc_madurai,9.9252,78.1198,ECMWF_ERA5_Reanalysis
2020-02-25,35.8,21.6,28.3,37.6,24.9,30.7,0.0,18.9,35.6,63,23.52,994.7,loc_madurai,9.9252,78.1198,ECMWF_ERA5_Reanalysis
2020-02-26,35.4,23.9,28.8,37.4,27.8,31.3,0.1,18.0,34.2,63,22.45,995.0,loc_madurai,9.9252,78.1198,ECMWF_ERA5_Reanalysis
2020-02-27,35.6,23.1,28.5,37.2,26.8,30.7,0.1,20.4,39.6,63,21.22,995.3,loc_madurai,9.9252,78.1198,ECMWF_ERA5_Reanalysis
2020-02-28,35.6,24.5,28.6,36.8,27.3,30.4,0.2,22.0,43.9,62,20.06,994.6,loc_madurai,9.9252,78.1198,ECMWF_ERA5_Reanalysis
2020-02-29,34.0,24.0,28.2,35.3,27.2,30.3,0.3,19.5,39.6,65,18.18,994.7,loc_madurai,9.9252,78.1198,ECMWF_ERA5_Reanalysis
2020-03-01,35.5,24.0,28.5,37.1,27.9,30.9,0.0,22.6,41.8,78,20.31,994.9,loc_madurai,9.9252,78.1198,ECMWF_ERA5_Reanalysis
2020-03-02,36.0,23.6,28.9,39.5,27.0,31.6,0.0,16.1,30.6,78,22.37,995.4,loc_madurai,9.9252,78.1198,ECMWF_ERA5_Reanalysis
2020-03-03,36.3,24.5,29.8,38.9,28.2,32.6,0.4,18.0,32.4,98,21.75,995.2,loc_madurai,9.9252,78.1198,ECMWF_ERA5_Reanalysis
2020-03-04,35.2,26.0,29.9,39.3,28.5,32.8,0.7,17.2,37.4,143,18.9,994.5,loc_madurai,9.9252,78.1198,ECMWF_ERA5_Reanalysis
2020-03-05,34.8,25.8,29.4,38.8,29.0,32.8,1.4,16.0,34.2,165,19.08,994.1,loc_madurai,9.9252,78.1198,ECMWF_ERA5_Reanalysis
2020-03-06,36.6,25.5,30.1,39.4,30.2,33.7,0.2,17.3,32.4,147,21.28,994.1,loc_madurai,9.9252,78.1198,ECMWF_ERA5_Reanalysis
2020-03-07,35.5,24.8,29.5,39.0,30.2,33.3,1.3,17.4,38.5,146,20.6,995.5,loc_madurai,9.9252,78.1198,ECMWF_ERA5_Reanalysis
2020-03-08,34.9,24.8,29.3,38.4,29.9,33.1,0.3,17.0,32.4,113,21.02,995.1,loc_madurai,9.9252,78.1198,ECMWF_ERA5_Reanalysis
2020-03-09,36.5,24.8,29.7,39.2,28.9,32.6,0.0,18.3,38.5,91,18.97,994.0,loc_madurai,9.9252,78.1198,ECMWF_ERA5_Reanalysis
2020-03-10,37.3,24.4,29.6,39.5,28.1,32.2,0.0,19.8,37.1,87,24.48,994.5,loc_madurai,9.9252,78.1198,ECMWF_ERA5_Reanalysis
2020-03-11,36.9,23.5,29.4,39.3,27.3,32.1,0.0,16.8,36.0,110,21.83,995.0,loc_madurai,9.9252,78.1198,ECMWF_ERA5_Reanalysis
2020-03-12,37.5,23.1,29.6,39.8,26.0,31.7,0.0,15.4,31.7,101,22.53,995.9,loc_madurai,9.9252,78.1198,ECMWF_ERA5_Reanalysis
2020-03-13,36.9,22.4,29.1,38.8,25.4,30.9,0.0,19.1,39.2,79,23.3,995.8,loc_madurai,9.9252,78.1198,ECMWF_ERA5_Reanalysis
2020-03-14,37.4,22.9,29.4,39.1,26.1,31.6,0.0,18.7,39.2,72,24.7,994.8,loc_madurai,9.9252,78.1198,ECMWF_ERA5_Reanalysis
2020-03-15,37.3,24.0,29.6,38.1,26.8,31.7,0.0,18.1,39.2,65,23.72,994.5,loc_madurai,9.9252,78.1198,ECMWF_ERA5_Reanalysis
2020-03-16,37.5,25.4,30.2,39.4,28.7,32.6,0.0,18.7,39.6,60,23.52,995.5,loc_madurai,9.9252,78.1198,ECMWF_ERA5_Reanalysis
2020-03-17,37.3,25.3,30.0,38.9,28.9,31.9,0.9,19.1,39.6,72,22.42,996.9,loc_madurai,9.9252,78.1198,ECMWF_ERA5_Reanalysis
2020-03-18,37.7,24.1,30.2,40.3,27.8,32.7,0.0,16.2,34.2,77,23.34,996.2,loc_madurai,9.9252,78.1198,ECMWF_ERA5_Reanalysis
2020-03-19,37.1,25.0,30.4,39.7,29.6,33.5,0.0,17.5,31.7,98,22.95,995.6,loc_madurai,9.9252,78.1198,ECMWF_ERA5_Reanalysis
2020-03-20,38.2,24.4,30.9,40.7,28.1,33.8,0.0,19.4,37.1,126,22.99,995.2,loc_madurai,9.9252,78.1198,ECMWF_ERA5_Reanalysis
2020-03-21,37.7,25.0,30.3,40.3,30.4,34.0,1.7,18.9,47.2,111,22.33,995.0,loc_madurai,9.9252,78.1198,ECMWF_ERA5_Reanalysis
2020-03-22,38.0,24.8,30.7,41.9,30.2,34.6,0.1,20.9,43.9,140,23.14,994.7,loc_madurai,9.9252,78.1198,ECMWF_ERA5_Reanalysis
2020-03-23,37.8,26.2,31.2,39.7,31.4,34.5,0.0,16.3,33.5,116,23.13,994.4,loc_madurai,9.9252,78.1198,ECMWF_ERA5_Reanalysis
2020-03-24,38.1,25.7,30.7,40.4,30.2,33.6,0.0,19.9,40.0,92,23.95,993.1,loc_madurai,9.9252,78.1198,ECMWF_ERA5_Reanalysis
2020-03-25,36.5,24.3,30.3,39.0,27.9,32.7,0.0,18.1,34.6,98,23.03,993.5,loc_madurai,9.9252,78.1198,ECMWF_ERA5_Reanalysis
2020-03-26,37.6,25.1,30.2,39.3,28.5,32.3,0.0,21.0,45.7,80,23.54,993.8,loc_madurai,9.9252,78.1198,ECMWF_ERA5_Reanalysis
2020-03-27,37.0,25.1,30.1,37.8,28.7,32.1,0.0,21.0,39.6,65,22.14,995.5,loc_madurai,9.9252,78.1198,ECMWF_ERA5_Reanalysis
2020-03-28,38.5,23.8,30.3,38.9,27.4,32.2,0.0,19.6,37.1,68,26.02,994.5,loc_madurai,9.9252,78.1198,ECMWF_ERA5_Reanalysis
2020-03-29,38.7,24.2,30.6,38.5,27.0,31.9,0.0,19.7,38.2,97,26.51,993.9,loc_madurai,9.9252,78.1198,ECMWF_ERA5_Reanalysis
2020-03-30,39.0,23.6,30.8,39.6,25.4,32.0,0.0,17.4,38.2,76,26.39,993.9,loc_madurai,9.9252,78.1198,ECMWF_ERA5_Reanalysis
2020-03-31,38.4,23.1,30.1,38.1,26.2,31.5,0.0,19.9,37.8,72,26.57,994.7,loc_madurai,9.9252,78.1198,ECMWF_ERA5_Reanalysis
2020-04-01,38.7,22.9,29.9,39.8,24.9,31.3,0.0,17.0,36.0,80,25.54,994.5,loc_madurai,9.9252,78.1198,ECMWF_ERA5_Reanalysis
2020-04-02,38.7,22.8,30.5,40.3,25.4,32.6,0.0,15.9,31.0,87,24.92,993.5,loc_madurai,9.9252,78.1198,ECMWF_ERA5_Reanalysis
2020-04-03,38.4,24.9,30.7,40.4,29.9,33.7,0.1,18.3,40.3,98,24.72,994.0,loc_madurai,9.9252,78.1198,ECMWF_ERA5_Reanalysis
2020-04-04,38.7,24.6,30.8,40.9,28.5,34.1,1.1,21.3,41.4,97,24.19,994.8,loc_madurai,9.9252,78.1198,ECMWF_ERA5_Reanalysis
2020-04-05,35.7,25.8,29.8,41.0,31.2,34.7,4.9,13.9,33.8,150,18.75,995.9,loc_madurai,9.9252,78.1198,ECMWF_ERA5_Reanalysis
2020-04-06,37.4,25.1,30.9,41.3,31.2,35.3,0.1,16.4,34.2,134,23.12,995.1,loc_madurai,9.9252,78.1198,ECMWF_ERA5_Reanalysis
2020-04-07,37.5,26.0,31.3,40.7,31.7,35.4,0.0,15.3,29.9,141,21.5,994.2,loc_madurai,9.9252,78.1198,ECMWF_ERA5_Reanalysis
2020-04-08,38.8,27.2,31.8,41.5,33.1,35.8,0.3,16.3,36.4,116,21.16,994.4,loc_madurai,9.9252,78.1198,ECMWF_ERA5_Reanalysis
2020-04-09,39.1,25.5,30.9,42.0,30.5,35.0,12.8,13.8,38.9,87,22.01,994.3,loc_madurai,9.9252,78.1198,ECMWF_ERA5_Reanalysis
2020-04-10,36.4,24.9,29.9,40.4,30.3,34.1,4.0,17.3,32.0,107,20.79,995.1,loc_madurai,9.9252,78.1198,ECMWF_ERA5_Reanalysis
2020-04-11,37.6,25.9,31.0,39.4,31.3,34.1,4.2,16.6,31.3,84,22.96,995.9,loc_madurai,9.9252,78.1198,ECMWF_ERA5_Reanalysis
2020-04-12,37.2,26.0,31.1,40.2,30.3,34.4,0.0,14.0,29.2,74,22.54,995.3,loc_madurai,9.9252,78.1198,ECMWF_ERA5_Reanalysis
2020-04-13,38.5,25.8,31.4,41.2,31.2,34.9,0.0,19.6,36.0,110,24.38,993.8,loc_madurai,9.9252,78.1198,ECMWF_ERA5_Reanalysis
2020-04-14,39.1,26.4,31.9,41.1,30.9,34.8,0.0,19.7,38.9,110,23.95,993.8,loc_madurai,9.9252,78.1198,ECMWF_ERA5_Reanalysis
2020-04-15,38.3,25.9,31.4,40.8,31.0,34.9,1.3,18.1,35.3,112,21.77,995.1,loc_madurai,9.9252,78.1198,ECMWF_ERA5_Reanalysis
2020-04-16,38.6,26.5,31.7,41.2,31.0,35.1,0.2,20.5,43.6,141,23.02,994.1,loc_madurai,9.9252,78.1198,ECMWF_ERA5_Reanalysis
2020-04-17,38.8,25.8,31.8,41.8,31.5,35.6,0.0,17.9,37.1,145,23.92,993.4,loc_madurai,9.9252,78.1198,ECMWF_ERA5_Reanalysis
2020-04-18,38.5,26.8,32.1,41.6,32.1,35.8,0.0,19.0,35.6,163,22.46,993.6,loc_madurai,9.9252,78.1198,ECMWF_ERA5_Reanalysis
2020-04-19,37.5,26.9,31.8,41.6,32.7,35.7,0.2,16.5,32.4,122,20.84,993.4,loc_madurai,9.9252,78.1198,ECMWF_ERA5_Reanalysis
2020-04-20,35.7,26.1,30.7,38.9,31.1,34.4,1.6,14.5,36.0,97,19.21,993.6,loc_madurai,9.9252,78.1198,ECMWF_ERA5_Reanalysis
2020-04-21,39.0,25.6,31.8,42.2,30.6,35.2,0.3,17.7,38.5,101,23.61,993.5,loc_madurai,9.9252,78.1198,ECMWF_ERA5_Reanalysis
2020-04-22,39.1,26.3,31.6,41.7,30.9,35.2,0.1,22.4,50.8,159,22.56,993.5,loc_madurai,9.9252,78.1198,ECMWF_ERA5_Reanalysis
2020-04-23,40.3,26.1,32.3,43.0,31.6,36.3,0.4,21.1,47.2,127,24.61,992.7,loc_madurai,9.9252,78.1198,ECMWF_ERA5_Reanalysis
2020-04-24,38.0,27.0,31.5,41.7,33.0,36.1,0.6,17.6,35.6,139,21.21,992.9,loc_madurai,9.9252,78.1198,ECMWF_ERA5_Reanalysis
2020-04-25,40.4,27.1,33.4,43.9,32.7,37.1,0.1,16.0,35.3,118,23.26,991.9,loc_madurai,9.9252,78.1198,ECMWF_ERA5_Reanalysis
2020-04-26,38.9,26.6,32.0,42.6,33.0,36.6,2.5,17.7,42.8,151,19.8,993.3,loc_madurai,9.9252,78.1198,ECMWF_ERA5_Reanalysis
2020-04-27,39.6,26.6,32.9,44.3,32.9,37.5,0.6,15.0,29.2,100,22.43,993.6,loc_madurai,9.9252,78.1198,ECMWF_ERA5_Reanalysis
2020-04-28,37.7,27.4,31.8,42.7,33.3,36.6,2.0,16.6,41.0,142,20.55,993.5,loc_madurai,9.9252,78.1198,ECMWF_ERA5_Reanalysis
2020-04-29,35.7,25.6,30.0,41.2,30.0,35.0,13.3,10.9,41.4,24,17.8,993.3,loc_madurai,9.9252,78.1198,ECMWF_ERA5_Reanalysis
2020-04-30,33.7,26.8,29.8,39.5,32.5,35.3,18.8,9.7,26.3,160,16.21,994.0,loc_madurai,9.9252,78.1198,ECMWF_ERA5_Reanalysis
2020-05-01,37.8,25.5,31.5,41.6,30.8,36.0,0.0,16.1,33.1,102,23.12,993.1,loc_madurai,9.9252,78.1198,ECMWF_ERA5_Reanalysis
2020-05-02,39.1,26.6,32.6,42.7,32.3,37.2,0.0,10.5,25.9,70,22.98,991.6,loc_madurai,9.9252,78.1198,ECMWF_ERA5_Reanalysis
2020-05-03,38.4,27.3,32.9,41.4,32.9,36.8,0.0,16.9,31.0,102,22.06,991.7,loc_madurai,9.9252,78.1198,ECMWF_ERA5_Reanalysis
2020-05-04,40.4,26.6,33.1,42.7,32.4,36.4,0.0,14.5,42.5,93,22.74,992.6,loc_madurai,9.9252,78.1198,ECMWF_ERA5_Reanalysis
2020-05-05,40.1,27.0,32.6,42.5,33.1,36.6,0.0,16.3,35.3,116,23.79,992.5,loc_madurai,9.9252,78.1198,ECMWF_ERA5_Reanalysis
2020-05-06,39.8,27.0,32.0,42.0,33.4,36.3,0.0,18.3,41.8,138,21.78,992.2,loc_madurai,9.9252,78.1198,ECMWF_ERA5_Reanalysis
2020-05-07,39.2,26.9,31.7,42.6,32.8,36.0,0.0,19.7,40.7,146,19.03,992.4,loc_madurai,9.9252,78.1198,ECMWF_ERA5_Reanalysis
2020-05-08,38.8,25.8,31.2,43.1,31.5,35.8,0.1,20.9,42.5,144,21.3,992.5,loc_madurai,9.9252,78.1198,ECMWF_ERA5_Reanalysis
2020-05-09,39.4,26.5,31.5,43.5,32.5,36.3,0.3,19.1,46.1,146,22.57,992.4,loc_madurai,9.9252,78.1198,ECMWF_ERA5_Reanalysis
2020-05-10,38.5,26.1,31.9,41.7,32.2,36.3,0.7,15.9,40.3,134,21.89,992.1,loc_madurai,9.9252,78.1198,ECMWF_ERA5_Reanalysis
2020-05-11,36.9,26.3,30.9,40.4,32.2,35.6,1.7,16.0,37.4,123,19.5,992.5,loc_madurai,9.9252,78.1198,ECMWF_ERA5_Reanalysis
2020-05-12,35.4,27.0,30.8,39.5,32.6,35.1,1.2,16.7,36.7,100,19.61,992.1,loc_madurai,9.9252,78.1198,ECMWF_ERA5_Reanalysis
2020-05-13,36.2,26.3,30.6,41.7,31.9,35.4,3.7,18.3,43.2,132,19.83,991.5,loc_madurai,9.9252,78.1198,ECMWF_ERA5_Reanalysis
2020-05-14,38.6,26.3,31.3,43.0,32.1,36.2,3.4,19.0,35.3,116,21.81,990.6,loc_madurai,9.9252,78.1198,ECMWF_ERA5_Reanalysis
2020-05-15,38.0,26.0,31.4,42.7,31.8,36.0,0.0,17.0,38.2,52,22.15,989.4,loc_madurai,9.9252,78.1198,ECMWF_ERA5_Reanalysis
2020-05-16,41.1,27.2,33.4,43.8,32.0,36.6,0.0,12.6,31.0,324,20.37,988.6,loc_madurai,9.9252,78.1198,ECMWF_ERA5_Reanalysis
2020-05-17,40.6,28.4,33.0,45.7,33.0,37.4,0.4,23.3,49.3,277,19.18,987.6,loc_madurai,9.9252,78.1198,ECMWF_ERA5_Reanalysis
2020-05-18,37.8,27.8,31.8,41.0,31.5,35.4,0.7,15.2,39.6,282,16.59,986.8,loc_madurai,9.9252,78.1198,ECMWF_ERA5_Reanalysis
2020-05-19,39.2,27.4,32.4,42.6,30.5,35.0,0.1,18.4,41.4,284,18.98,986.6,loc_madurai,9.9252,78.1198,ECMWF_ERA5_Reanalysis
2020-05-20,40.5,27.0,33.0,43.3,29.9,35.1,0.0,20.9,46.4,284,20.49,987.6,loc_madurai,9.9252,78.1198,ECMWF_ERA5_Reanalysis
2020-05-21,39.4,27.2,32.5,41.5,30.6,35.1,0.0,19.8,41.8,242,20.02,989.7,loc_madurai,9.9252,78.1198,ECMWF_ERA5_Reanalysis
2020-05-22,37.4,29.0,32.4,40.0,32.4,35.3,0.0,17.8,41.8,280,10.85,990.0,loc_madurai,9.9252,78.1198,ECMWF_ERA5_Reanalysis
2020-05-23,41.5,28.8,34.3,44.1,32.4,37.2,0.8,11.9,30.2,286,19.72,989.5,loc_madurai,9.9252,78.1198,ECMWF_ERA5_Reanalysis
2020-05-24,41.9,28.1,34.3,44.5,32.0,37.3,0.2,17.7,40.0,306,21.42,990.2,loc_madurai,9.9252,78.1198,ECMWF_ERA5_Reanalysis
2020-05-25,40.3,27.8,33.4,43.9,32.0,37.1,0.2,19.4,47.2,244,21.6,991.5,loc_madurai,9.9252,78.1198,ECMWF_ERA5_Reanalysis
2020-05-26,40.1,28.3,33.9,43.0,32.8,37.5,0.0,20.4,39.2,143,21.93,991.3,loc_madurai,9.9252,78.1198,ECMWF_ERA5_Reanalysis
2020-05-27,39.5,29.0,32.6,44.0,33.2,36.9,2.3,12.8,32.8,288,19.39,991.3,loc_madurai,9.9252,78.1198,ECMWF_ERA5_Reanalysis
2020-05-28,35.2,27.9,31.1,38.6,31.9,35.1,0.4,12.7,24.1,292,10.29,990.9,loc_madurai,9.9252,78.1198,ECMWF_ERA5_Reanalysis
2020-05-29,38.3,26.9,31.5,42.0,31.3,35.5,0.1,20.0,40.7,228,18.4,990.9,loc_madurai,9.9252,78.1198,ECMWF_ERA5_Reanalysis
2020-05-30,39.2,27.4,31.9,42.9,32.4,36.1,1.1,18.7,36.0,162,20.79,991.2,loc_madurai,9.9252,78.1198,ECMWF_ERA5_Reanalysis
2020-05-31,40.0,27.6,32.7,43.4,31.7,35.9,0.0,20.8,44.3,207,22.22,992.1,loc_madurai,9.9252,78.1198,ECMWF_ERA5_Reanalysis
2020-06-01,38.7,28.0,31.3,42.4,32.1,35.1,1.5,22.0,44.3,239,19.41,993.0,loc_madurai,9.9252,78.1198,ECMWF_ERA5_Reanalysis
2020-06-02,36.1,26.7,30.8,38.4,30.5,33.5,0.9,19.4,41.8,249,19.0,992.7,loc_madurai,9.9252,78.1198,ECMWF_ERA5_Reanalysis
2020-06-03,38.4,25.5,31.6,41.3,29.3,34.2,0.1,16.0,36.0,237,21.01,992.0,loc_madurai,9.9252,78.1198,ECMWF_ERA5_Reanalysis
2020-06-04,39.3,26.2,31.7,42.3,29.9,34.7,0.9,20.9,48.6,226,21.37,992.0,loc_madurai,9.9252,78.1198,ECMWF_ERA5_Reanalysis
2020-06-05,38.6,26.9,32.0,41.7,31.4,35.3,0.4,17.6,46.4,237,20.18,991.8,loc_madurai,9.9252,78.1198,ECMWF_ERA5_Reanalysis
2020-06-06,37.6,27.3,30.7,40.4,31.3,33.6,2.3,24.2,51.1,241,18.37,991.8,loc_madurai,9.9252,78.1198,ECMWF_ERA5_Reanalysis
2020-06-07,37.2,26.9,31.4,39.1,30.7,34.2,0.2,27.7,57.6,261,18.46,991.2,loc_madurai,9.9252,78.1198,ECMWF_ERA5_Reanalysis
2020-06-08,38.1,26.9,32.3,39.5,29.3,34.2,0.0,15.1,29.2,264,16.2,990.1,loc_madurai,9.9252,78.1198,ECMWF_ERA5_Reanalysis
2020-06-09,40.6,26.8,32.4,42.8,28.8,34.6,0.3,23.4,48.2,284,21.73,989.6,loc_madurai,9.9252,78.1198,ECMWF_ERA5_Reanalysis
2020-06-10,39.4,27.0,31.1,43.4,29.7,34.0,13.2,23.4,51.8,288,18.44,989.0,loc_madurai,9.9252,78.1198,ECMWF_ERA5_Reanalysis
2020-06-11,37.0,27.0,31.0,39.9,30.2,33.9,1.3,18.9,38.5,265,15.14,988.4,loc_madurai,9.9252,78.1198,ECMWF_ERA5_Reanalysis
2020-06-12,35.9,28.3,31.1,37.0,30.8,33.1,0.0,20.8,41.8,256,12.47,988.2,loc_madurai,9.9252,78.1198,ECMWF_ERA5_Reanalysis
2020-06-13,39.7,26.4,32.2,40.9,29.8,34.1,1.7,26.1,52.9,256,22.82,988.3,loc_madurai,9.9252,78.1198,ECMWF_ERA5_Reanalysis
2020-06-14,39.3,27.1,32.4,42.5,30.2,34.9,0.0,18.4,39.2,273,21.78,989.6,loc_madurai,9.9252,78.1198,ECMWF_ERA5_Reanalysis
2020-06-15,40.0,28.2,33.3,42.8,31.0,35.6,0.0,19.0,43.6,271,20.59,989.3,loc_madurai,9.9252,78.1198,ECMWF_ERA5_Reanalysis
2020-06-16,39.2,28.4,33.3,41.3,31.8,35.5,0.0,28.2,56.9,258,22.5,988.7,loc_madurai,9.9252,78.1198,ECMWF_ERA5_Reanalysis
2020-06-17,39.3,27.7,32.5,40.3,31.6,34.9,0.0,27.2,55.8,259,21.94,989.4,loc_madurai,9.9252,78.1198,ECMWF_ERA5_Reanalysis
2020-06-18,40.1,27.1,32.6,43.8,30.3,35.6,0.1,19.9,45.0,277,21.04,990.6,loc_madurai,9.9252,78.1198,ECMWF_ERA5_Reanalysis
2020-06-19,39.6,27.5,32.5,42.5,30.0,35.1,0.0,16.8,38.5,269,22.37,991.1,loc_madurai,9.9252,78.1198,ECMWF_ERA5_Reanalysis
2020-06-20,40.5,27.5,32.6,43.9,30.4,35.4,0.2,17.3,40.0,282,21.53,990.6,loc_madurai,9.9252,78.1198,ECMWF_ERA5_Reanalysis
2020-06-21,36.9,27.9,31.2,39.7,30.4,34.0,0.9,20.1,46.8,277,17.97,990.1,loc_madurai,9.9252,78.1198,ECMWF_ERA5_Reanalysis
2020-06-22,36.8,26.7,31.2,39.1,29.9,33.6,0.0,17.3,32.4,272,13.91,988.8,loc_madurai,9.9252,78.1198,ECMWF_ERA5_Reanalysis
2020-06-23,36.1,28.2,31.4,37.9,30.7,33.8,0.0,16.2,32.8,262,10.73,989.9,loc_madurai,9.9252,78.1198,ECMWF_ERA5_Reanalysis
2020-06-24,38.7,27.3,30.6,40.9,32.1,34.4,9.6,15.8,33.1,264,16.14,990.2,loc_madurai,9.9252,78.1198,ECMWF_ERA5_Reanalysis
2020-06-25,35.3,25.2,28.5,40.0,30.4,33.4,31.0,12.4,24.1,258,19.16,989.3,loc_madurai,9.9252,78.1198,ECMWF_ERA5_Reanalysis
2020-06-26,34.5,24.9,29.0,38.1,30.4,33.2,4.4,16.7,40.7,247,19.37,988.9,loc_madurai,9.9252,78.1198,ECMWF_ERA5_Reanalysis
2020-06-27,36.2,25.3,30.0,37.5,29.2,32.2,0.4,26.6,51.1,256,19.34,989.1,loc_madurai,9.9252,78.1198,ECMWF_ERA5_Reanalysis
2020-06-28,37.1,26.2,30.5,40.7,28.5,34.0,1.8,11.7,40.0,295,20.42,988.8,loc_madurai,9.9252,78.1198,ECMWF_ERA5_Reanalysis
2020-06-29,36.9,26.5,30.1,41.0,29.4,33.5,3.8,20.8,44.6,266,18.68,988.6,loc_madurai,9.9252,78.1198,ECMWF_ERA5_Reanalysis
2020-06-30,38.1,26.0,30.9,40.8,29.6,34.2,0.8,16.9,36.4,270,20.88,988.3,loc_madurai,9.9252,78.1198,ECMWF_ERA5_Reanalysis
2020-07-01,37.1,26.5,31.2,40.0,29.4,34.1,0.1,19.8,40.7,271,19.59,989.1,loc_madurai,9.9252,78.1198,ECMWF_ERA5_Reanalysis
2020-07-02,36.8,27.1,31.0,40.8,30.1,34.3,0.0,12.9,31.3,285,18.28,989.2,loc_madurai,9.9252,78.1198,ECMWF_ERA5_Reanalysis
2020-07-03,35.1,26.2,29.9,36.3,30.2,32.6,0.6,18.3,38.2,269,15.04,989.5,loc_madurai,9.9252,78.1198,ECMWF_ERA5_Reanalysis
2020-07-04,35.4,24.9,29.7,38.3,29.8,32.9,0.2,15.9,36.4,261,15.97,989.2,loc_madurai,9.9252,78.1198,ECMWF_ERA5_Reanalysis
2020-07-05,36.1,26.7,30.7,37.4,30.0,32.9,0.0,21.6,44.6,251,18.0,988.9,loc_madurai,9.9252,78.1198,ECMWF_ERA5_Reanalysis
2020-07-06,37.3,26.0,30.8,41.0,29.8,34.1,0.7,16.9,37.1,279,19.74,988.8,loc_madurai,9.9252,78.1198,ECMWF_ERA5_Reanalysis
2020-07-07,38.8,26.8,30.8,43.5,29.6,34.3,2.5,12.2,35.6,301,20.84,990.3,loc_madurai,9.9252,78.1198,ECMWF_ERA5_Reanalysis
2020-07-08,36.9,26.6,30.8,40.0,29.7,33.9,0.1,12.9,30.2,266,16.28,991.1,loc_madurai,9.9252,78.1198,ECMWF_ERA5_Reanalysis
2020-07-09,34.2,25.5,29.0,37.3,29.1,32.4,7.7,14.0,29.2,247,15.57,991.0,loc_madurai,9.9252,78.1198,ECMWF_ERA5_Reanalysis
2020-07-10,34.6,24.8,28.4,39.2,28.9,33.0,6.1,13.8,35.6,269,20.22,991.2,loc_madurai,9.9252,78.1198,ECMWF_ERA5_Reanalysis
2020-07-11,35.2,24.9,29.0,39.6,28.2,33.2,2.2,15.2,31.3,273,21.56,990.7,loc_madurai,9.9252,78.1198,ECMWF_ERA5_Reanalysis
2020-07-12,36.0,25.0,29.7,40.0,28.2,33.6,0.1,10.6,31.0,300,21.46,989.8,loc_madurai,9.9252,78.1198,ECMWF_ERA5_Reanalysis
2020-07-13,35.5,25.7,30.2,38.0,28.9,33.2,0.1,9.9,28.1,280,17.16,989.3,loc_madurai,9.9252,78.1198,ECMWF_ERA5_Reanalysis
2020-07-14,37.4,26.1,31.1,40.8,29.7,34.6,1.3,12.8,26.6,249,21.21,989.0,loc_madurai,9.9252,78.1198,ECMWF_ERA5_Reanalysis
2020-07-15,34.4,25.9,29.5,37.9,31.2,33.8,0.9,15.9,39.2,284,14.32,989.1,loc_madurai,9.9252,78.1198,ECMWF_ERA5_Reanalysis
2020-07-16,34.3,26.4,29.1,37.4,29.9,32.1,0.0,16.9,33.8,265,10.78,988.9,loc_madurai,9.9252,78.1198,ECMWF_ERA5_Reanalysis
2020-07-17,31.8,24.2,27.8,35.3,27.3,31.1,4.0,15.5,28.4,285,7.17,989.1,loc_madurai,9.9252,78.1198,ECMWF_ERA5_Reanalysis
2020-07-18,35.5,25.0,29.3,39.7,28.5,33.1,2.8,13.9,33.8,260,16.58,989.8,loc_madurai,9.9252,78.1198,ECMWF_ERA5_Reanalysis
2020-07-19,36.0,25.6,30.2,40.6,29.6,33.9,0.6,15.5,30.6,209,19.61,990.3,loc_madurai,9.9252,78.1198,ECMWF_ERA5_Reanalysis
2020-07-20,36.3,25.4,28.8,39.9,29.7,33.2,11.7,20.0,38.9,190,20.91,989.7,loc_madurai,9.9252,78.1198,ECMWF_ERA5_Reanalysis
2020-07-21,34.9,24.0,28.9,40.3,28.6,33.6,0.6,14.2,25.9,236,22.67,990.4,loc_madurai,9.9252,78.1198,ECMWF_ERA5_Reanalysis
2020-07-22,36.1,24.9,29.2,40.4,30.2,33.7,0.1,18.6,37.4,168,21.1,990.6,loc_madurai,9.9252,78.1198,ECMWF_ERA5_Reanalysis
2020-07-23,35.4,25.1,28.7,39.4,30.0,33.4,6.7,20.9,42.1,194,18.82,990.4,loc_madurai,9.9252,78.1198,ECMWF_ERA5_Reanalysis
2020-07-24,35.8,25.3,29.0,39.1,29.1,32.7,1.1,23.1,48.2,231,19.88,991.0,loc_madurai,9.9252,78.1198,ECMWF_ERA5_Reanalysis
2020-07-25,35.8,24.3,29.4,38.5,28.0,32.6,0.2,20.3,41.4,283,18.88,991.7,loc_madurai,9.9252,78.1198,ECMWF_ERA5_Reanalysis
2020-07-26,36.5,25.0,29.7,39.7,28.1,32.9,0.7,11.3,26.3,277,17.26,992.9,loc_madurai,9.9252,78.1198,ECMWF_ERA5_Reanalysis
2020-07-27,37.4,26.1,30.8,40.9,29.0,33.5,0.0,23.8,48.2,289,18.42,991.6,loc_madurai,9.9252,78.1198,ECMWF_ERA5_Reanalysis
2020-07-28,35.9,26.8,30.3,38.5,29.3,32.8,0.0,22.3,48.6,269,14.12,990.0,loc_madurai,9.9252,78.1198,ECMWF_ERA5_Reanalysis
2020-07-29,33.1,25.3,28.1,36.8,29.0,31.6,3.9,17.3,34.6,277,13.91,989.7,loc_madurai,9.9252,78.1198,ECMWF_ERA5_Reanalysis
2020-07-30,36.7,24.9,29.7,40.6,27.8,32.5,0.2,22.5,45.7,296,21.86,989.4,loc_madurai,9.9252,78.1198,ECMWF_ERA5_Reanalysis
2020-07-31,36.8,25.9,30.1,40.4,29.0,33.0,2.0,19.9,43.9,272,16.97,989.2,loc_madurai,9.9252,78.1198,ECMWF_ERA5_Reanalysis
2020-08-01,37.0,25.7,30.4,40.9,29.1,33.4,0.1,20.3,43.6,298,19.97,989.6,loc_madurai,9.9252,78.1198,ECMWF_ERA5_Reanalysis
2020-08-02,33.1,25.0,28.7,34.3,29.1,31.4,0.5,23.1,45.7,278,11.71,990.6,loc_madurai,9.9252,78.1198,ECMWF_ERA5_Reanalysis
2020-08-03,36.8,25.8,30.3,37.2,29.8,32.1,0.1,31.4,62.3,261,19.56,989.3,loc_madurai,9.9252,78.1198,ECMWF_ERA5_Reanalysis
2020-08-04,36.2,27.1,30.6,35.6,28.6,31.3,0.0,31.1,61.9,250,20.76,988.0,loc_madurai,9.9252,78.1198,ECMWF_ERA5_Reanalysis
2020-08-05,34.6,25.8,29.7,33.7,28.4,30.4,0.0,36.1,69.1,243,15.27,987.0,loc_madurai,9.9252,78.1198,ECMWF_ERA5_Reanalysis
2020-08-06,33.6,25.9,29.4,34.9,28.9,32.1,1.0,21.5,43.2,242,9.77,988.2,loc_madurai,9.9252,78.1198,ECMWF_ERA5_Reanalysis
2020-08-07,36.7,24.3,30.1,40.8,29.2,33.7,0.9,16.9,38.9,264,21.28,990.3,loc_madurai,9.9252,78.1198,ECMWF_ERA5_Reanalysis
2020-08-08,32.3,24.8,27.9,35.3,28.6,31.3,12.4,14.4,32.4,283,8.74,991.0,loc_madurai,9.9252,78.1198,ECMWF_ERA5_Reanalysis
2020-08-09,27.3,24.0,25.5,31.8,27.8,29.9,13.4,11.0,25.9,275,6.96,991.0,loc_madurai,9.9252,78.1198,ECMWF_ERA5_Reanalysis
2020-08-10,31.7,23.3,26.8,34.5,26.5,30.0,1.6,18.8,36.0,283,10.73,990.8,loc_madurai,9.9252,78.1198,ECMWF_ERA5_Reanalysis
2020-08-11,34.6,24.3,28.9,38.0,28.0,31.8,0.0,18.4,39.2,273,20.24,991.6,loc_madurai,9.9252,78.1198,ECMWF_ERA5_Reanalysis
2020-08-12,35.5,23.9,29.2,40.4,27.5,32.7,0.1,15.3,32.8,278,22.18,992.4,loc_madurai,9.9252,78.1198,ECMWF_ERA5_Reanalysis
2020-08-13,36.9,25.1,30.2,40.3,27.6,33.3,0.0,15.0,29.9,284,23.17,990.6,loc_madurai,9.9252,78.1198,ECMWF_ERA5_Reanalysis
2020-08-14,37.3,25.5,30.6,39.9,28.0,32.9,0.0,18.8,38.5,275,21.6,989.4,loc_madurai,9.9252,78.1198,ECMWF_ERA5_Reanalysis
2020-08-15,36.3,25.3,30.2,38.2,28.6,32.2,0.0,22.9,45.4,262,20.06,990.1,loc_madurai,9.9252,78.1198,ECMWF_ERA5_Reanalysis
2020-08-16,38.0,24.6,30.8,40.6,27.5,33.0,0.0,19.8,41.4,266,22.76,990.4,loc_madurai,9.9252,78.1198,ECMWF_ERA5_Reanalysis
2020-08-17,37.2,26.7,30.9,39.4,29.1,32.9,0.0,20.9,42.8,264,16.65,990.1,loc_madurai,9.9252,78.1198,ECMWF_ERA5_Reanalysis
2020-08-18,37.9,25.9,31.6,41.1,28.7,34.2,0.0,15.6,29.9,273,22.5,990.1,loc_madurai,9.9252,78.1198,ECMWF_ERA5_Reanalysis
2020-08-19,38.3,27.0,31.9,42.8,29.9,34.6,0.1,15.9,36.7,276,20.19,989.3,loc_madurai,9.9252,78.1198,ECMWF_ERA5_Reanalysis
2020-08-20,37.7,26.8,31.9,41.0,29.8,34.8,0.0,9.9,25.9,261,18.65,989.3,loc_madurai,9.9252,78.1198,ECMWF_ERA5_Reanalysis
2020-08-21,39.2,27.4,32.3,42.8,30.3,35.9,1.1,11.9,27.7,241,22.44,991.1,loc_madurai,9.9252,78.1198,ECMWF_ERA5_Reanalysis
2020-08-22,38.1,27.5,31.6,42.8,31.5,35.7,3.0,14.3,34.6,132,20.98,991.9,loc_madurai,9.9252,78.1198,ECMWF_ERA5_Reanalysis
2020-08-23,38.2,25.7,30.0,41.4,31.6,34.6,5.7,11.6,33.8,336,17.72,992.0,loc_madurai,9.9252,78.1198,ECMWF_ERA5_Reanalysis
2020-08-24,37.4,25.8,31.0,41.9,31.7,35.4,0.6,14.2,38.2,206,21.8,992.2,loc_madurai,9.9252,78.1198,ECMWF_ERA5_Reanalysis
2020-08-25,38.1,27.2,30.8,42.8,32.1,35.2,3.6,20.5,51.1,204,20.17,992.8,loc_madurai,9.9252,78.1198,ECMWF_ERA5_Reanalysis
2020-08-26,36.9,26.5,29.9,40.8,31.9,34.5,6.3,14.7,33.8,198,16.93,992.9,loc_madurai,9.9252,78.1198,ECMWF_ERA5_Reanalysis
2020-08-27,39.0,24.8,30.3,43.7,30.0,34.6,0.5,14.9,35.3,181,21.94,991.7,loc_madurai,9.9252,78.1198,ECMWF_ERA5_Reanalysis
2020-08-28,39.0,25.7,30.7,42.7,28.3,34.1,0.7,17.5,36.0,228,22.59,990.8,loc_madurai,9.9252,78.1198,ECMWF_ERA5_Reanalysis
2020-08-29,37.5,26.7,31.2,40.2,29.4,33.9,0.0,16.9,34.9,239,19.99,990.8,loc_madurai,9.9252,78.1198,ECMWF_ERA5_Reanalysis
2020-08-30,39.2,26.9,31.7,43.2,29.8,34.9,1.0,11.7,32.0,245,22.31,991.1,loc_madurai,9.9252,78.1198,ECMWF_ERA5_Reanalysis
2020-08-31,38.2,26.5,30.4,42.8,31.1,34.2,3.9,13.0,30.6,256,18.36,991.8,loc_madurai,9.9252,78.1198,ECMWF_ERA5_Reanalysis
2020-09-01,37.5,25.4,29.3,41.9,29.8,33.8,15.9,14.7,39.2,332,20.67,991.7,loc_madurai,9.9252,78.1198,ECMWF_ERA5_Reanalysis
2020-09-02,28.7,24.5,25.8,32.8,29.6,30.8,16.9,9.7,22.3,227,8.96,991.7,loc_madurai,9.9252,78.1198,ECMWF_ERA5_Reanalysis
2020-09-03,34.5,23.7,28.1,40.0,28.6,33.0,10.4,14.1,33.8,209,21.28,990.8,loc_madurai,9.9252,78.1198,ECMWF_ERA5_Reanalysis
2020-09-04,34.0,24.2,27.9,40.1,29.6,33.6,6.2,11.6,33.8,50,21.52,990.7,loc_madurai,9.9252,78.1198,ECMWF_ERA5_Reanalysis
2020-09-05,33.5,24.6,27.1,39.7,30.5,33.0,16.6,10.3,24.5,94,17.49,990.2,loc_madurai,9.9252,78.1198,ECMWF_ERA5_Reanalysis
2020-09-06,32.7,24.4,27.3,39.7,28.4,32.4,7.9,11.8,30.6,228,20.14,990.3,loc_madurai,9.9252,78.1198,ECMWF_ERA5_Reanalysis
2020-09-07,32.8,23.5,27.6,36.2,27.0,31.3,0.3,14.0,32.4,258,17.1,991.2,loc_madurai,9.9252,78.1198,ECMWF_ERA5_Reanalysis
2020-09-08,34.6,25.3,28.9,40.6,28.2,33.6,3.7,13.7,32.4,290,22.38,991.2,loc_madurai,9.9252,78.1198,ECMWF_ERA5_Reanalysis
2020-09-09,31.5,25.6,27.6,36.7,30.9,33.1,8.0,10.5,38.5,238,15.49,990.6,loc_madurai,9.9252,78.1198,ECMWF_ERA5_Reanalysis
2020-09-10,31.4,24.8,27.7,33.3,28.8,31.0,0.0,22.9,44.6,240,11.63,989.8,loc_madurai,9.9252,78.1198,ECMWF_ERA5_Reanalysis
2020-09-11,33.6,24.7,28.9,35.9,28.6,31.2,0.0,22.1,41.4,240,17.58,990.3,loc_madurai,9.9252,78.1198,ECMWF_ERA5_Reanalysis
2020-09-12,35.3,25.4,29.5,36.4,28.8,31.6,0.0,26.9,57.2,251,20.42,992.0,loc_madurai,9.9252,78.1198,ECMWF_ERA5_Reanalysis
2020-09-13,32.2,24.7,27.6,35.7,28.5,31.3,1.0,11.3,26.3,290,11.37,992.5,loc_madurai,9.9252,78.1198,ECMWF_ERA5_Reanalysis
2020-09-14,34.7,23.5,28.0,39.7,27.4,31.7,0.4,13.2,31.3,286,17.42,991.2,loc_madurai,9.9252,78.1198,ECMWF_ERA5_Reanalysis
2020-09-15,35.3,24.4,29.4,39.2,27.6,32.8,0.2,12.3,32.4,279,20.09,990.7,loc_madurai,9.9252,78.1198,ECMWF_ERA5_Reanalysis
2020-09-16,37.1,25.1,30.2,41.0,28.1,33.6,0.5,13.7,38.2,286,21.84,990.8,loc_madurai,9.9252,78.1198,ECMWF_ERA5_Reanalysis
2020-09-17,37.9,25.8,30.0,42.0,29.1,33.2,2.6,20.1,42.5,280,20.97,991.2,loc_madurai,9.9252,78.1198,ECMWF_ERA5_Reanalysis
2020-09-18,37.9,25.4,30.1,43.4,28.3,33.2,4.2,18.0,47.2,268,19.83,990.0,loc_madurai,9.9252,78.1198,ECMWF_ERA5_Reanalysis
2020-09-19,31.9,24.8,28.0,32.9,28.8,30.6,7.3,23.8,45.0,256,8.0,988.7,loc_madurai,9.9252,78.1198,ECMWF_ERA5_Reanalysis
2020-09-20,29.2,24.1,25.4,31.8,27.6,29.2,18.3,22.8,42.5,250,6.9,989.2,loc_madurai,9.9252,78.1198,ECMWF_ERA5_Reanalysis
2020-09-21,29.6,23.6,26.1,32.6,27.1,29.6,6.8,16.3,60.1,226,7.0,989.7,loc_madurai,9.9252,78.1198,ECMWF_ERA5_Reanalysis
2020-09-22,33.2,23.3,27.7,34.7,27.8,30.9,1.1,26.6,53.6,245,21.52,990.2,loc_madurai,9.9252,78.1198,ECMWF_ERA5_Reanalysis
2020-09-23,34.6,23.4,28.7,38.9,27.5,32.2,0.0,13.8,29.5,259,22.55,991.2,loc_madurai,9.9252,78.1198,ECMWF_ERA5_Reanalysis
2020-09-24,35.6,24.7,29.0,39.8,28.0,32.9,2.6,16.6,32.0,270,21.25,992.7,loc_madurai,9.9252,78.1198,ECMWF_ERA5_Reanalysis
2020-09-25,31.2,25.8,28.3,34.5,29.5,32.2,1.3,10.9,29.5,243,11.84,993.0,loc_madurai,9.9252,78.1198,ECMWF_ERA5_Reanalysis
2020-09-26,33.6,25.1,27.6,38.1,29.9,32.5,9.3,16.2,32.0,268,15.27,992.7,loc_madurai,9.9252,78.1198,ECMWF_ERA5_Reanalysis
2020-09-27,35.1,23.9,28.9,39.8,27.9,33.0,0.1,17.9,37.8,293,22.1,992.5,loc_madurai,9.9252,78.1198,ECMWF_ERA5_Reanalysis
2020-09-28,35.4,25.2,28.2,40.7,29.1,32.9,10.2,14.9,33.5,257,18.17,992.1,loc_madurai,9.9252,78.1198,ECMWF_ERA5_Reanalysis
2020-09-29,35.0,24.5,28.6,39.1,28.1,32.3,0.1,19.5,39.6,261,18.41,991.4,loc_madurai,9.9252,78.1198,ECMWF_ERA5_Reanalysis
2020-09-30,35.4,24.8,28.7,39.6,28.2,31.8,0.1,17.6,37.1,266,20.76,990.8,loc_madurai,9.9252,78.1198,ECMWF_ERA5_Reanalysis
2020-10-01,35.3,23.4,29.3,39.6,26.6,32.4,0.0,15.1,26.3,261,22.19,990.6,loc_madurai,9.9252,78.1198,ECMWF_ERA5_Reanalysis
2020-10-02,37.1,24.9,30.2,39.0,26.6,32.0,0.0,16.1,34.6,270,19.54,990.8,loc_madurai,9.9252,78.1198,ECMWF_ERA5_Reanalysis
2020-10-03,38.1,25.0,30.8,40.2,27.1,32.5,0.2,20.5,39.6,289,22.47,991.3,loc_madurai,9.9252,78.1198,ECMWF_ERA5_Reanalysis
2020-10-04,38.9,25.7,31.1,40.7,27.1,32.5,0.0,18.6,38.5,278,23.1,992.1,loc_madurai,9.9252,78.1198,ECMWF_ERA5_Reanalysis
2020-10-05,39.4,24.0,31.0,40.8,25.1,32.2,0.0,14.2,28.4,277,25.33,991.3,loc_madurai,9.9252,78.1198,ECMWF_ERA5_Reanalysis
2020-10-06,38.6,25.6,30.5,42.9,28.1,33.8,22.6,10.6,25.9,302,21.34,991.3,loc_madurai,9.9252,78.1198,ECMWF_ERA5_Reanalysis
2020-10-07,34.3,24.8,28.7,40.3,29.6,33.9,30.7,10.2,27.4,255,21.75,991.8,loc_madurai,9.9252,78.1198,ECMWF_ERA5_Reanalysis
2020-10-08,34.0,24.4,27.9,39.5,29.0,33.3,13.4,11.3,28.1,181,19.8,992.1,loc_madurai,9.9252,78.1198,ECMWF_ERA5_Reanalysis
2020-10-09,33.9,24.6,27.5,38.9,29.0,32.5,17.7,12.3,29.2,283,19.74,991.9,loc_madurai,9.9252,78.1198,ECMWF_ERA5_Reanalysis
2020-10-10,32.6,24.5,27.3,38.4,28.8,32.2,13.8,15.7,40.0,273,18.16,991.2,loc_madurai,9.9252,78.1198,ECMWF_ERA5_Reanalysis
2020-10-11,31.9,24.6,27.5,34.2,27.6,30.5,0.2,17.0,39.6,282,14.3,989.7,loc_madurai,9.9252,78.1198,ECMWF_ERA5_Reanalysis
2020-10-12,34.2,23.2,28.4,35.8,26.7,30.7,0.0,27.3,56.5,254,21.58,988.0,loc_madurai,9.9252,78.1198,ECMWF_ERA5_Reanalysis
2020-10-13,34.0,25.0,28.6,35.4,28.9,31.2,0.0,26.6,52.6,246,16.56,987.6,loc_madurai,9.9252,78.1198,ECMWF_ERA5_Reanalysis
2020-10-14,33.9,24.2,28.5,34.2,27.6,30.6,0.0,29.9,62.3,244,17.9,989.0,loc_madurai,9.9252,78.1198,ECMWF_ERA5_Reanalysis
2020-10-15,34.9,24.2,29.1,35.1,28.6,31.3,0.0,28.4,55.4,247,20.98,989.4,loc_madurai,9.9252,78.1198,ECMWF_ERA5_Reanalysis
2020-10-16,35.4,24.6,29.6,38.1,28.3,32.3,0.0,16.6,37.1,278,19.64,989.1,loc_madurai,9.9252,78.1198,ECMWF_ERA5_Reanalysis
2020-10-17,34.5,25.7,28.8,38.2,28.1,31.9,4.4,13.6,31.3,277,15.62,990.2,loc_madurai,9.9252,78.1198,ECMWF_ERA5_Reanalysis
2020-10-18,32.2,24.5,27.7,36.0,29.1,32.1,5.7,9.4,20.5,272,13.96,991.2,loc_madurai,9.9252,78.1198,ECMWF_ERA5_Reanalysis
2020-10-19,34.1,24.9,28.6,39.2,29.5,33.3,1.8,13.9,25.2,264,20.25,990.7,loc_madurai,9.9252,78.1198,ECMWF_ERA5_Reanalysis
2020-10-20,33.6,25.1,27.9,39.2,29.1,32.7,5.7,10.5,28.1,251,18.98,990.4,loc_madurai,9.9252,78.1198,ECMWF_ERA5_Reanalysis
2020-10-21,34.5,24.7,28.6,39.4,28.0,32.3,0.4,12.3,28.1,283,17.96,990.9,loc_madurai,9.9252,78.1198,ECMWF_ERA5_Reanalysis
2020-10-22,35.7,24.1,28.9,37.7,27.0,31.1,0.1,22.0,42.5,272,19.16,990.6,loc_madurai,9.9252,78.1198,ECMWF_ERA5_Reanalysis
2020-10-23,37.1,22.8,29.3,40.0,25.8,31.3,0.0,20.3,41.0,278,21.12,990.8,loc_madurai,9.9252,78.1198,ECMWF_ERA5_Reanalysis
2020-10-24,37.0,24.3,29.8,40.8,26.0,32.3,0.1,15.9,31.0,321,22.5,992.2,loc_madurai,9.9252,78.1198,ECMWF_ERA5_Reanalysis
2020-10-25,36.4,24.2,30.0,39.0,28.2,33.1,0.3,15.5,28.8,348,20.59,993.2,loc_madurai,9.9252,78.1198,ECMWF_ERA5_Reanalysis
2020-10-26,36.4,25.6,29.8,39.5,30.0,33.4,0.9,14.5,32.0,38,14.86,993.6,loc_madurai,9.9252,78.1198,ECMWF_ERA5_Reanalysis
2020-10-27,35.4,24.0,29.3,37.9,29.0,32.8,3.7,13.0,32.4,60,21.55,993.4,loc_madurai,9.9252,78.1198,ECMWF_ERA5_Reanalysis
2020-10-28,35.9,24.0,28.8,39.3,28.4,32.9,10.3,14.0,29.5,82,18.67,993.9,loc_madurai,9.9252,78.1198,ECMWF_ERA5_Reanalysis
2020-10-29,33.9,22.9,27.9,38.3,26.7,32.0,23.7,10.2,24.8,66,20.24,994.2,loc_madurai,9.9252,78.1198,ECMWF_ERA5_Reanalysis
2020-10-30,32.2,23.9,27.4,36.5,28.7,31.8,14.6,8.7,27.7,332,16.92,994.2,loc_madurai,9.9252,78.1198,ECMWF_ERA5_Reanalysis
2020-10-31,33.6,23.3,27.9,37.7,27.8,31.8,0.3,11.4,23.4,162,21.69,994.2,loc_madurai,9.9252,78.1198,ECMWF_ERA5_Reanalysis
2020-11-01,33.6,24.8,28.7,38.2,29.6,32.5,0.2,9.2,22.7,138,19.97,994.8,loc_madurai,9.9252,78.1198,ECMWF_ERA5_Reanalysis
2020-11-02,34.4,24.5,29.2,38.5,29.0,33.1,0.0,12.4,29.5,98,21.22,995.2,loc_madurai,9.9252,78.1198,ECMWF_ERA5_Reanalysis
2020-11-03,34.5,24.9,29.2,37.9,28.9,33.0,6.9,11.8,30.2,82,20.49,995.3,loc_madurai,9.9252,78.1198,ECMWF_ERA5_Reanalysis
2020-11-04,33.6,23.6,27.7,38.3,28.1,32.3,10.8,17.3,37.4,66,19.0,995.0,loc_madurai,9.9252,78.1198,ECMWF_ERA5_Reanalysis
2020-11-05,31.2,23.5,26.5,36.5,28.3,31.5,13.6,13.0,35.3,51,15.65,995.3,loc_madurai,9.9252,78.1198,ECMWF_ERA5_Reanalysis
2020-11-06,30.3,23.9,26.2,34.4,28.2,30.7,9.2,16.6,38.5,53,13.09,996.4,loc_madurai,9.9252,78.1198,ECMWF_ERA5_Reanalysis
2020-11-07,31.4,23.0,27.0,35.2,27.2,31.0,3.9,16.4,38.2,56,17.97,996.7,loc_madurai,9.9252,78.1198,ECMWF_ERA5_Reanalysis
2020-11-08,30.7,24.1,26.2,34.0,28.4,30.3,10.8,16.6,41.4,43,15.31,997.1,loc_madurai,9.9252,78.1198,ECMWF_ERA5_Reanalysis
2020-11-09,33.1,23.6,27.8,34.9,26.9,30.1,0.0,18.4,38.2,40,22.26,995.5,loc_madurai,9.9252,78.1198,ECMWF_ERA5_Reanalysis
2020-11-10,32.4,22.6,26.9,33.1,25.3,28.4,0.0,17.2,36.7,36,21.85,994.1,loc_madurai,9.9252,78.1198,ECMWF_ERA5_Reanalysis
2020-11-11,32.5,21.9,27.1,34.5,24.5,29.7,0.0,18.9,38.9,40,17.3,993.8,loc_madurai,9.9252,78.1198,ECMWF_ERA5_Reanalysis
2020-11-12,32.9,24.0,27.4,36.3,28.4,31.2,6.2,19.4,40.3,58,16.96,994.4,loc_madurai,9.9252,78.1198,ECMWF_ERA5_Reanalysis
2020-11-13,28.7,24.1,25.6,33.3,28.6,30.0,16.7,18.6,37.1,51,11.61,994.7,loc_madurai,9.9252,78.1198,ECMWF_ERA5_Reanalysis
2020-11-14,31.5,22.9,27.3,33.9,26.7,30.4,1.0,21.0,41.8,43,18.06,993.3,loc_madurai,9.9252,78.1198,ECMWF_ERA5_Reanalysis
2020-11-15,29.3,24.1,26.1,32.6,28.1,30.0,8.3,15.8,34.6,43,11.15,992.9,loc_madurai,9.9252,78.1198,ECMWF_ERA5_Reanalysis
2020-11-16,28.9,23.9,25.2,33.4,27.8,29.8,25.0,11.6,29.9,52,8.42,994.1,loc_madurai,9.9252,78.1198,ECMWF_ERA5_Reanalysis
2020-11-17,27.2,23.1,24.9,31.9,27.0,29.3,21.7,15.5,40.0,54,7.46,994.1,loc_madurai,9.9252,78.1198,ECMWF_ERA5_Reanalysis
2020-11-18,28.3,22.7,25.2,33.1,26.9,29.8,13.4,11.1,30.6,64,12.37,994.3,loc_madurai,9.9252,78.1198,ECMWF_ERA5_Reanalysis
2020-11-19,29.5,23.0,25.6,34.6,27.6,30.1,8.6,14.8,33.5,61,15.33,995.0,loc_madurai,9.9252,78.1198,ECMWF_ERA5_Reanalysis
2020-11-20,30.0,21.8,25.4,34.6,25.7,29.6,1.3,12.3,31.0,49,17.18,995.3,loc_madurai,9.9252,78.1198,ECMWF_ERA5_Reanalysis
2020-11-21,31.0,20.9,25.6,33.5,24.0,28.2,0.0,14.0,30.2,37,21.78,995.6,loc_madurai,9.9252,78.1198,ECMWF_ERA5_Reanalysis
2020-11-22,30.3,20.0,25.2,31.6,22.3,26.8,0.0,15.0,32.0,30,20.41,996.0,loc_madurai,9.9252,78.1198,ECMWF_ERA5_Reanalysis
2020-11-23,30.7,20.5,25.4,32.3,22.4,27.6,0.0,15.1,32.0,13,15.11,995.5,loc_madurai,9.9252,78.1198,ECMWF_ERA5_Reanalysis
2020-11-24,30.2,22.1,26.1,31.9,24.3,29.0,0.1,15.5,31.3,1,10.13,993.7,loc_madurai,9.9252,78.1198,ECMWF_ERA5_Reanalysis
2020-11-25,30.4,23.2,26.3,33.2,26.5,29.4,0.0,15.6,29.9,312,7.46,991.6,loc_madurai,9.9252,78.1198,ECMWF_ERA5_Reanalysis
2020-11-26,31.7,24.0,26.8,35.2,27.4,31.1,2.1,8.6,31.0,275,12.72,991.9,loc_madurai,9.9252,78.1198,ECMWF_ERA5_Reanalysis
2020-11-27,31.7,23.1,26.2,37.2,27.4,31.0,7.5,10.5,25.9,328,18.34,994.1,loc_madurai,9.9252,78.1198,ECMWF_ERA5_Reanalysis
2020-11-28,29.9,22.4,25.6,35.1,26.7,30.0,4.9,13.0,30.2,51,17.06,995.8,loc_madurai,9.9252,78.1198,ECMWF_ERA5_Reanalysis
2020-11-29,30.6,22.5,26.2,34.4,26.5,29.6,1.4,15.5,34.9,45,17.28,996.0,loc_madurai,9.9252,78.1198,ECMWF_ERA5_Reanalysis
2020-11-30,31.3,23.9,26.7,33.7,27.0,29.5,1.0,19.9,40.3,38,17.51,996.0,loc_madurai,9.9252,78.1198,ECMWF_ERA5_Reanalysis
2020-12-01,31.0,23.1,26.5,32.5,25.4,28.1,0.0,18.1,37.8,31,20.75,996.1,loc_madurai,9.9252,78.1198,ECMWF_ERA5_Reanalysis
2020-12-02,30.0,23.1,25.8,30.7,25.2,27.9,12.2,18.5,37.8,6,9.11,994.1,loc_madurai,9.9252,78.1198,ECMWF_ERA5_Reanalysis
2020-12-03,24.5,22.9,23.5,27.2,24.1,26.0,67.2,18.9,35.6,300,2.91,991.6,loc_madurai,9.9252,78.1198,ECMWF_ERA5_Reanalysis
2020-12-04,26.1,23.4,24.5,30.4,25.8,28.3,44.5,18.3,42.1,322,5.89,991.2,loc_madurai,9.9252,78.1198,ECMWF_ERA5_Reanalysis
2020-12-05,26.6,23.3,24.6,32.3,27.0,29.1,24.2,10.0,20.2,327,5.79,992.6,loc_madurai,9.9252,78.1198,ECMWF_ERA5_Reanalysis
2020-12-06,28.3,23.3,24.9,32.5,26.0,28.7,54.1,16.3,34.6,43,11.54,993.9,loc_madurai,9.9252,78.1198,ECMWF_ERA5_Reanalysis
2020-12-07,27.2,23.1,24.4,33.2,25.7,28.5,21.6,15.1,29.5,50,6.34,995.7,loc_madurai,9.9252,78.1198,ECMWF_ERA5_Reanalysis
2020-12-08,28.4,22.9,25.0,33.4,27.1,29.3,10.3,13.1,36.0,55,14.1,996.8,loc_madurai,9.9252,78.1198,ECMWF_ERA5_Reanalysis
2020-12-09,29.5,22.5,25.3,32.9,26.2,29.0,2.2,14.9,30.6,49,16.37,996.3,loc_madurai,9.9252,78.1198,ECMWF_ERA5_Reanalysis
2020-12-10,29.0,21.4,25.4,32.3,24.7,28.7,0.7,14.5,29.5,44,16.14,996.6,loc_madurai,9.9252,78.1198,ECMWF_ERA5_Reanalysis
2020-12-11,29.4,21.6,24.8,32.0,24.4,27.2,0.0,17.2,35.3,44,18.12,996.5,loc_madurai,9.9252,78.1198,ECMWF_ERA5_Reanalysis
2020-12-12,29.5,20.0,24.4,32.8,22.6,27.2,0.0,11.8,23.4,40,19.95,996.2,loc_madurai,9.9252,78.1198,ECMWF_ERA5_Reanalysis
2020-12-13,29.4,19.0,24.1,32.1,21.5,26.6,0.0,12.9,27.0,39,19.19,995.5,loc_madurai,9.9252,78.1198,ECMWF_ERA5_Reanalysis
2020-12-14,29.5,20.4,24.3,30.9,23.3,26.5,0.0,16.6,32.8,35,17.77,995.5,loc_madurai,9.9252,78.1198,ECMWF_ERA5_Reanalysis
2020-12-15,28.7,20.1,24.4,30.2,21.9,26.7,3.5,15.8,32.4,37,14.26,996.0,loc_madurai,9.9252,78.1198,ECMWF_ERA5_Reanalysis
2020-12-16,27.5,22.7,24.3,30.4,25.6,27.4,11.7,18.6,39.2,39,11.4,996.7,loc_madurai,9.9252,78.1198,ECMWF_ERA5_Reanalysis
2020-12-17,25.8,22.2,24.0,29.4,25.4,27.3,4.2,15.1,30.6,39,7.89,996.6,loc_madurai,9.9252,78.1198,ECMWF_ERA5_Reanalysis
2020-12-18,25.6,22.9,24.1,29.3,26.0,27.3,5.7,17.6,34.9,38,7.14,996.5,loc_madurai,9.9252,78.1198,ECMWF_ERA5_Reanalysis
2020-12-19,27.8,22.9,24.7,28.9,24.4,26.6,0.1,21.9,42.1,34,9.56,996.9,loc_madurai,9.9252,78.1198,ECMWF_ERA5_Reanalysis
2020-12-20,28.7,21.3,24.6,29.9,23.2,26.0,0.0,22.3,43.9,33,17.36,997.2,loc_madurai,9.9252,78.1198,ECMWF_ERA5_Reanalysis
2020-12-21,27.5,20.5,24.1,27.8,21.5,24.9,0.0,24.1,47.5,31,17.02,996.6,loc_madurai,9.9252,78.1198,ECMWF_ERA5_Reanalysis
2020-12-22,25.1,22.0,23.5,28.7,23.0,25.9,5.1,15.3,29.9,20,5.05,996.1,loc_madurai,9.9252,78.1198,ECMWF_ERA5_Reanalysis
2020-12-23,27.3,21.9,24.0,29.9,24.4,27.0,0.9,14.8,30.2,32,8.26,995.4,loc_madurai,9.9252,78.1198,ECMWF_ERA5_Reanalysis
2020-12-24,28.5,20.6,24.4,30.2,23.1,26.6,0.0,15.6,30.6,46,14.36,994.4,loc_madurai,9.9252,78.1198,ECMWF_ERA5_Reanalysis
2020-12-25,29.3,21.3,24.5,32.0,23.4,26.8,0.0,14.4,30.6,45,18.3,995.2,loc_madurai,9.9252,78.1198,ECMWF_ERA5_Reanalysis
2020-12-26,29.2,20.4,24.2,31.0,22.8,25.6,0.0,14.8,30.6,39,21.38,996.0,loc_madurai,9.9252,78.1198,ECMWF_ERA5_Reanalysis
2020-12-27,29.7,19.4,24.3,31.7,21.3,26.3,0.0,15.1,30.2,38,17.55,995.3,loc_madurai,9.9252,78.1198,ECMWF_ERA5_Reanalysis
2020-12-28,29.3,20.0,24.5,30.7,22.5,26.5,0.0,15.5,31.7,29,17.54,994.9,loc_madurai,9.9252,78.1198,ECMWF_ERA5_Reanalysis
2020-12-29,29.4,22.3,25.1,31.9,25.0,27.7,2.9,18.6,38.5,38,14.27,994.7,loc_madurai,9.9252,78.1198,ECMWF_ERA5_Reanalysis
2020-12-30,29.5,22.9,25.9,31.5,25.7,28.4,0.6,20.1,40.0,41,15.33,994.6,loc_madurai,9.9252,78.1198,ECMWF_ERA5_Reanalysis
2020-12-31,28.2,23.1,24.7,31.0,25.7,27.5,6.5,23.1,49.0,44,13.64,995.3,loc_madurai,9.9252,78.1198,ECMWF_ERA5_Reanalysis
2021-01-01,28.6,21.0,24.2,29.3,23.5,26.0,0.0,19.5,38.9,34,17.19,996.0,loc_madurai,9.9252,78.1198,ECMWF_ERA5_Reanalysis
2021-01-02,28.7,19.5,24.3,30.3,21.1,26.4,0.0,20.2,41.0,28,15.47,995.5,loc_madurai,9.9252,78.1198,ECMWF_ERA5_Reanalysis
2021-01-03,28.5,22.5,24.6,32.5,25.6,28.0,7.2,16.3,35.3,37,12.7,994.5,loc_madurai,9.9252,78.1198,ECMWF_ERA5_Reanalysis
2021-01-04,27.4,22.9,24.5,30.4,26.3,28.0,4.1,15.6,31.0,41,7.54,994.6,loc_madurai,9.9252,78.1198,ECMWF_ERA5_Reanalysis
2021-01-05,28.0,22.4,24.4,30.9,25.0,27.5,6.0,22.5,43.6,40,10.71,994.9,loc_madurai,9.9252,78.1198,ECMWF_ERA5_Reanalysis
2021-01-06,29.3,22.2,24.9,33.9,26.2,29.2,9.8,13.0,29.9,52,13.86,994.4,loc_madurai,9.9252,78.1198,ECMWF_ERA5_Reanalysis
2021-01-07,29.7,22.7,25.6,32.6,27.0,29.4,0.9,14.8,31.0,58,13.9,993.1,loc_madurai,9.9252,78.1198,ECMWF_ERA5_Reanalysis
2021-01-08,28.1,23.0,25.0,32.6,26.8,29.5,7.7,10.4,24.5,56,12.43,992.7,loc_madurai,9.9252,78.1198,ECMWF_ERA5_Reanalysis
2021-01-09,29.5,23.1,25.2,32.7,27.0,29.1,3.5,13.8,29.2,50,14.0,993.4,loc_madurai,9.9252,78.1198,ECMWF_ERA5_Reanalysis
2021-01-10,28.3,23.2,24.7,32.4,27.3,28.8,8.2,13.6,34.2,29,11.44,993.8,loc_madurai,9.9252,78.1198,ECMWF_ERA5_Reanalysis
2021-01-11,27.3,23.1,24.7,30.6,26.7,28.3,16.9,15.3,29.9,21,7.64,994.2,loc_madurai,9.9252,78.1198,ECMWF_ERA5_Reanalysis
2021-01-12,25.0,22.9,23.6,27.5,24.5,26.3,42.8,24.4,50.4,35,4.86,993.5,loc_madurai,9.9252,78.1198,ECMWF_ERA5_Reanalysis
2021-01-13,26.8,22.6,24.0,30.6,24.7,27.0,15.6,23.1,46.1,46,10.37,994.3,loc_madurai,9.9252,78.1198,ECMWF_ERA5_Reanalysis
2021-01-14,27.6,22.5,24.5,30.7,25.3,27.9,5.9,16.8,37.8,41,10.61,994.4,loc_madurai,9.9252,78.1198,ECMWF_ERA5_Reanalysis
2021-01-15,28.4,22.2,24.5,31.8,26.1,28.1,9.0,16.3,33.1,50,12.92,994.3,loc_madurai,9.9252,78.1198,ECMWF_ERA5_Reanalysis
2021-01-16,28.3,21.9,24.3,33.0,25.5,28.2,30.1,14.5,29.9,49,14.03,993.9,loc_madurai,9.9252,78.1198,ECMWF_ERA5_Reanalysis
2021-01-17,29.4,21.6,24.7,33.5,24.0,27.9,0.0,14.8,29.2,50,20.66,994.6,loc_madurai,9.9252,78.1198,ECMWF_ERA5_Reanalysis
2021-01-18,27.9,18.0,23.2,29.4,19.2,24.9,0.0,18.4,37.8,37,21.14,995.9,loc_madurai,9.9252,78.1198,ECMWF_ERA5_Reanalysis
2021-01-19,28.3,18.2,23.4,29.6,19.7,25.2,0.0,15.8,31.0,35,16.61,995.5,loc_madurai,9.9252,78.1198,ECMWF_ERA5_Reanalysis
2021-01-20,28.9,20.5,24.9,31.3,23.0,27.6,0.0,15.6,32.8,36,16.21,995.7,loc_madurai,9.9252,78.1198,ECMWF_ERA5_Reanalysis
2021-01-21,29.4,22.3,25.8,34.1,25.9,29.9,0.6,12.6,27.4,57,16.16,995.4,loc_madurai,9.9252,78.1198,ECMWF_ERA5_Reanalysis
2021-01-22,29.1,22.0,25.4,33.7,25.8,29.5,0.7,11.7,25.9,63,17.06,995.3,loc_madurai,9.9252,78.1198,ECMWF_ERA5_Reanalysis
2021-01-23,29.9,22.0,25.4,32.5,25.6,28.5,0.0,14.8,29.9,55,18.9,995.7,loc_madurai,9.9252,78.1198,ECMWF_ERA5_Reanalysis
2021-01-24,29.2,19.9,24.2,31.6,22.7,26.6,0.0,14.6,30.6,41,21.25,996.5,loc_madurai,9.9252,78.1198,ECMWF_ERA5_Reanalysis
2021-01-25,30.0,19.1,23.9,32.0,21.2,26.2,0.0,13.2,29.5,54,20.88,996.9,loc_madurai,9.9252,78.1198,ECMWF_ERA5_Reanalysis
2021-01-26,29.4,19.3,23.8,31.3,21.1,25.7,0.1,13.8,31.0,49,21.26,996.3,loc_madurai,9.9252,78.1198,ECMWF_ERA5_Reanalysis
2021-01-27,28.7,18.9,23.6,30.0,20.3,25.1,0.0,16.1,34.2,37,22.54,996.6,loc_madurai,9.9252,78.1198,ECMWF_ERA5_Reanalysis
2021-01-28,28.9,18.1,24.1,29.7,19.2,25.5,0.0,18.3,37.8,36,18.08,996.6,loc_madurai,9.9252,78.1198,ECMWF_ERA5_Reanalysis
2021-01-29,29.2,19.6,24.4,30.5,21.8,26.5,0.0,15.1,32.0,31,14.77,996.9,loc_madurai,9.9252,78.1198,ECMWF_ERA5_Reanalysis
2021-01-30,30.0,20.9,25.4,31.5,24.1,27.9,0.0,16.3,33.1,36,16.46,996.3,loc_madurai,9.9252,78.1198,ECMWF_ERA5_Reanalysis
2021-01-31,30.8,20.8,25.7,32.9,23.3,27.9,0.0,15.8,33.5,39,19.84,996.4,loc_madurai,9.9252,78.1198,ECMWF_ERA5_Reanalysis
2021-02-01,30.5,21.2,25.5,32.8,23.4,27.2,0.0,16.6,34.6,40,21.93,998.0,loc_madurai,9.9252,78.1198,ECMWF_ERA5_Reanalysis
2021-02-02,30.9,20.9,25.9,32.8,23.4,27.4,0.0,17.9,38.2,39,21.77,998.3,loc_madurai,9.9252,78.1198,ECMWF_ERA5_Reanalysis
2021-02-03,30.7,21.4,25.8,31.9,24.3,27.5,0.0,18.6,37.8,47,18.29,997.9,loc_madurai,9.9252,78.1198,ECMWF_ERA5_Reanalysis
2021-02-04,30.7,20.1,25.2,31.8,22.4,26.5,0.0,17.1,37.1,47,21.45,997.9,loc_madurai,9.9252,78.1198,ECMWF_ERA5_Reanalysis
2021-02-05,30.4,19.6,24.8,32.3,21.4,26.3,0.0,15.1,33.1,47,23.01,997.0,loc_madurai,9.9252,78.1198,ECMWF_ERA5_Reanalysis
2021-02-06,31.3,20.2,25.3,32.1,22.3,26.5,0.0,16.8,36.0,40,23.32,995.9,loc_madurai,9.9252,78.1198,ECMWF_ERA5_Reanalysis
2021-02-07,31.6,18.9,25.1,30.9,19.3,24.9,0.0,19.2,40.3,38,23.98,996.1,loc_madurai,9.9252,78.1198,ECMWF_ERA5_Reanalysis
2021-02-08,31.6,20.0,25.2,30.1,21.6,25.4,0.0,22.5,46.1,40,24.08,997.2,loc_madurai,9.9252,78.1198,ECMWF_ERA5_Reanalysis
2021-02-09,31.4,20.9,25.3,32.0,20.5,25.5,0.0,20.4,43.2,39,23.15,996.4,loc_madurai,9.9252,78.1198,ECMWF_ERA5_Reanalysis
2021-02-10,30.1,17.5,23.7,30.9,18.5,24.2,0.0,15.0,34.6,43,24.29,996.2,loc_madurai,9.9252,78.1198,ECMWF_ERA5_Reanalysis
2021-02-11,31.0,17.1,24.0,31.5,17.6,24.6,0.0,16.8,37.4,48,24.37,995.5,loc_madurai,9.9252,78.1198,ECMWF_ERA5_Reanalysis
2021-02-12,30.8,17.4,24.0,32.0,18.0,24.6,0.0,13.5,30.2,43,24.34,996.0,loc_madurai,9.9252,78.1198,ECMWF_ERA5_Reanalysis
2021-02-13,32.3,18.8,25.1,34.4,20.1,26.3,0.0,12.7,25.9,52,24.49,996.8,loc_madurai,9.9252,78.1198,ECMWF_ERA5_Reanalysis
2021-02-14,32.3,19.5,25.6,35.3,21.7,27.9,0.0,13.8,29.5,64,23.64,996.8,loc_madurai,9.9252,78.1198,ECMWF_ERA5_Reanalysis
2021-02-15,34.0,20.3,26.5,36.7,22.6,28.8,0.0,18.3,34.2,64,23.68,995.6,loc_madurai,9.9252,78.1198,ECMWF_ERA5_Reanalysis
2021-02-16,33.6,22.4,27.1,35.3,25.5,29.5,0.0,10.3,29.2,63,19.31,995.5,loc_madurai,9.9252,78.1198,ECMWF_ERA5_Reanalysis
2021-02-17,33.1,22.0,26.8,35.5,25.1,28.8,0.0,19.5,36.0,66,23.05,994.9,loc_madurai,9.9252,78.1198,ECMWF_ERA5_Reanalysis
2021-02-18,32.0,22.4,26.6,33.0,24.8,28.3,0.0,16.3,33.5,55,16.68,996.1,loc_madurai,9.9252,78.1198,ECMWF_ERA5_Reanalysis
2021-02-19,33.4,22.0,27.3,35.6,24.1,29.2,0.0,17.7,33.8,55,21.92,996.1,loc_madurai,9.9252,78.1198,ECMWF_ERA5_Reanalysis
2021-02-20,30.2,23.0,26.1,32.5,26.3,28.6,2.0,16.6,34.2,46,14.93,995.7,loc_madurai,9.9252,78.1198,ECMWF_ERA5_Reanalysis
2021-02-21,30.5,22.9,26.1,33.1,25.8,28.7,2.3,17.4,34.9,46,16.71,996.5,loc_madurai,9.9252,78.1198,ECMWF_ERA5_Reanalysis
2021-02-22,32.4,22.9,27.4,34.8,26.3,29.9,1.3,15.5,36.0,45,18.85,997.0,loc_madurai,9.9252,78.1198,ECMWF_ERA5_Reanalysis
2021-02-23,34.9,23.3,28.2,36.6,26.3,30.2,0.0,17.0,35.6,56,23.79,995.9,loc_madurai,9.9252,78.1198,ECMWF_ERA5_Reanalysis
2021-02-24,34.7,21.8,27.7,36.5,25.1,29.7,0.0,13.7,31.3,54,24.44,995.3,loc_madurai,9.9252,78.1198,ECMWF_ERA5_Reanalysis
2021-02-25,35.3,21.1,27.6,36.5,24.5,29.5,0.0,13.5,30.2,73,24.55,995.2,loc_madurai,9.9252,78.1198,ECMWF_ERA5_Reanalysis
2021-02-26,37.4,22.0,28.9,39.0,25.8,31.0,0.0,16.2,34.6,69,24.24,993.8,loc_madurai,9.9252,78.1198,ECMWF_ERA5_Reanalysis
2021-02-27,37.4,22.1,29.0,37.9,25.4,30.4,0.0,17.9,32.0,80,25.15,992.9,loc_madurai,9.9252,78.1198,ECMWF_ERA5_Reanalysis
2021-02-28,36.1,20.4,27.9,36.8,21.8,28.4,0.0,15.5,33.5,83,25.71,993.6,loc_madurai,9.9252,78.1198,ECMWF_ERA5_Reanalysis
2021-03-01,35.3,19.7,27.0,37.0,21.8,28.5,0.0,14.5,31.0,83,24.69,996.6,loc_madurai,9.9252,78.1198,ECMWF_ERA5_Reanalysis
2021-03-02,36.4,19.8,27.8,36.3,21.4,28.7,0.0,18.6,40.0,65,25.49,996.6,loc_madurai,9.9252,78.1198,ECMWF_ERA5_Reanalysis
2021-03-03,35.3,19.3,27.0,35.0,21.3,27.9,0.0,18.1,40.0,71,25.64,995.5,loc_madurai,9.9252,78.1198,ECMWF_ERA5_Reanalysis
2021-03-04,34.0,20.3,26.9,34.7,22.7,28.3,0.0,15.3,33.5,63,22.96,995.7,loc_madurai,9.9252,78.1198,ECMWF_ERA5_Reanalysis
2021-03-05,35.2,20.7,27.6,36.0,23.2,29.0,0.0,17.7,34.2,56,25.71,996.6,loc_madurai,9.9252,78.1198,ECMWF_ERA5_Reanalysis
2021-03-06,36.9,21.7,28.8,37.6,24.7,30.4,0.0,15.0,30.6,70,25.2,996.4,loc_madurai,9.9252,78.1198,ECMWF_ERA5_Reanalysis
2021-03-07,37.2,22.9,29.3,38.0,25.6,31.1,0.0,16.7,34.2,70,25.69,995.4,loc_madurai,9.9252,78.1198,ECMWF_ERA5_Reanalysis
2021-03-08,34.0,24.4,28.7,36.4,28.6,31.8,0.6,15.9,39.2,64,19.89,995.9,loc_madurai,9.9252,78.1198,ECMWF_ERA5_Reanalysis
2021-03-09,34.9,24.7,29.1,36.7,28.3,31.3,0.1,16.1,38.5,64,21.77,996.3,loc_madurai,9.9252,78.1198,ECMWF_ERA5_Reanalysis
2021-03-10,34.5,24.5,28.6,37.5,28.4,31.6,3.0,19.9,40.0,66,19.58,996.4,loc_madurai,9.9252,78.1198,ECMWF_ERA5_Reanalysis
2021-03-11,36.3,23.7,28.8,38.5,28.3,31.7,1.1,17.7,33.5,92,22.64,996.4,loc_madurai,9.9252,78.1198,ECMWF_ERA5_Reanalysis
2021-03-12,35.9,22.9,28.8,36.9,27.2,30.9,0.0,15.5,32.4,76,24.01,997.3,loc_madurai,9.9252,78.1198,ECMWF_ERA5_Reanalysis
2021-03-13,34.8,21.2,28.2,36.2,23.7,30.2,0.1,14.8,34.2,65,20.25,996.7,loc_madurai,9.9252,78.1198,ECMWF_ERA5_Reanalysis
2021-03-14,36.4,22.9,28.9,37.5,25.9,30.5,0.0,16.2,39.6,66,24.17,995.4,loc_madurai,9.9252,78.1198,ECMWF_ERA5_Reanalysis
2021-03-15,36.9,20.6,28.9,37.9,22.4,29.9,0.0,16.8,35.3,73,25.52,994.6,loc_madurai,9.9252,78.1198,ECMWF_ERA5_Reanalysis
2021-03-16,36.9,20.8,28.6,37.5,22.7,30.1,0.0,16.9,38.2,73,24.75,994.7,loc_madurai,9.9252,78.1198,ECMWF_ERA5_Reanalysis
2021-03-17,36.6,21.0,28.6,38.3,24.1,30.7,0.0,14.6,31.3,81,24.83,993.9,loc_madurai,9.9252,78.1198,ECMWF_ERA5_Reanalysis
2021-03-18,36.8,22.1,28.8,37.2,25.8,30.5,0.0,15.3,33.5,64,25.08,994.0,loc_madurai,9.9252,78.1198,ECMWF_ERA5_Reanalysis
2021-03-19,36.2,22.6,28.6,37.0,25.5,30.3,0.0,12.0,28.4,75,25.77,994.0,loc_madurai,9.9252,78.1198,ECMWF_ERA5_Reanalysis
2021-03-20,37.3,22.7,29.4,39.4,25.8,32.0,0.0,19.2,42.5,100,24.31,992.9,loc_madurai,9.9252,78.1198,ECMWF_ERA5_Reanalysis
2021-03-21,37.4,24.1,30.3,39.6,27.7,32.8,0.0,19.5,39.6,104,24.41,992.4,loc_madurai,9.9252,78.1198,ECMWF_ERA5_Reanalysis
2021-03-22,37.8,25.1,30.6,39.3,29.8,33.2,0.0,16.0,33.8,88,24.68,993.8,loc_madurai,9.9252,78.1198,ECMWF_ERA5_Reanalysis
2021-03-23,37.3,24.2,29.9,39.7,28.1,32.5,0.0,16.3,34.9,81,23.9,994.6,loc_madurai,9.9252,78.1198,ECMWF_ERA5_Reanalysis
2021-03-24,37.1,24.5,30.2,38.1,28.1,32.5,0.0,15.9,37.1,64,23.23,994.4,loc_madurai,9.9252,78.1198,ECMWF_ERA5_Reanalysis
2021-03-25,38.0,25.0,30.7,39.7,28.9,33.0,0.0,19.6,40.0,88,24.07,993.5,loc_madurai,9.9252,78.1198,ECMWF_ERA5_Reanalysis
2021-03-26,36.6,24.7,30.5,38.5,27.1,32.8,0.0,15.7,35.3,78,20.87,992.9,loc_madurai,9.9252,78.1198,ECMWF_ERA5_Reanalysis
2021-03-27,36.1,25.2,30.3,38.7,30.2,33.8,0.2,17.3,36.4,99,19.82,992.9,loc_madurai,9.9252,78.1198,ECMWF_ERA5_Reanalysis
2021-03-28,38.3,25.8,31.1,41.0,31.0,34.5,0.3,16.9,35.6,126,22.21,992.6,loc_madurai,9.9252,78.1198,ECMWF_ERA5_Reanalysis
2021-03-29,37.6,25.2,30.6,41.0,29.7,33.9,0.0,24.1,47.5,159,22.82,992.8,loc_madurai,9.9252,78.1198,ECMWF_ERA5_Reanalysis
2021-03-30,40.8,24.8,32.2,42.1,29.2,34.5,0.0,20.1,36.4,273,25.28,991.2,loc_madurai,9.9252,78.1198,ECMWF_ERA5_Reanalysis
2021-03-31,40.9,25.2,32.1,44.1,29.7,35.4,0.0,20.8,39.6,169,25.29,989.7,loc_madurai,9.9252,78.1198,ECMWF_ERA5_Reanalysis
2021-04-01,40.4,26.7,32.8,42.9,30.9,35.8,0.0,24.2,44.6,206,22.41,989.7,loc_madurai,9.9252,78.1198,ECMWF_ERA5_Reanalysis
2021-04-02,41.7,26.1,33.1,43.4,28.5,34.5,0.0,21.7,46.4,182,25.65,989.6,loc_madurai,9.9252,78.1198,ECMWF_ERA5_Reanalysis
2021-04-03,41.4,27.0,33.4,42.2,29.7,35.4,0.0,19.8,36.4,264,24.6,990.3,loc_madurai,9.9252,78.1198,ECMWF_ERA5_Reanalysis
2021-04-04,41.1,27.0,33.4,41.8,29.7,35.4,0.0,20.6,38.2,73,22.45,991.3,loc_madurai,9.9252,78.1198,ECMWF_ERA5_Reanalysis
2021-04-05,40.1,27.6,33.2,41.5,30.8,35.5,0.0,20.6,42.1,81,22.5,992.0,loc_madurai,9.9252,78.1198,ECMWF_ERA5_Reanalysis
2021-04-06,39.1,26.7,31.8,40.2,31.6,34.6,0.0,16.3,40.0,80,24.35,993.6,loc_madurai,9.9252,78.1198,ECMWF_ERA5_Reanalysis
2021-04-07,38.3,23.8,30.7,39.7,27.4,32.9,0.0,18.1,34.6,97,24.51,994.7,loc_madurai,9.9252,78.1198,ECMWF_ERA5_Reanalysis
2021-04-08,38.8,24.0,31.0,40.7,26.6,33.2,0.0,18.1,36.4,144,26.42,993.1,loc_madurai,9.9252,78.1198,ECMWF_ERA5_Reanalysis
2021-04-09,39.1,24.7,31.2,39.9,28.7,33.6,0.0,17.3,39.2,96,26.1,992.3,loc_madurai,9.9252,78.1198,ECMWF_ERA5_Reanalysis
2021-04-10,36.2,25.3,30.3,39.1,30.5,33.5,0.7,18.9,40.0,110,22.03,993.9,loc_madurai,9.9252,78.1198,ECMWF_ERA5_Reanalysis
2021-04-11,38.1,25.9,31.0,40.6,30.2,34.0,0.2,16.9,35.6,111,22.53,995.0,loc_madurai,9.9252,78.1198,ECMWF_ERA5_Reanalysis
2021-04-12,36.1,25.5,29.3,40.5,30.3,33.7,4.6,19.7,41.8,106,20.54,995.6,loc_madurai,9.9252,78.1198,ECMWF_ERA5_Reanalysis
2021-04-13,34.3,24.8,29.0,38.5,29.2,33.3,2.9,16.3,35.3,137,19.58,995.4,loc_madurai,9.9252,78.1198,ECMWF_ERA5_Reanalysis
2021-04-14,34.8,25.3,28.3,39.0,30.4,33.1,18.7,17.6,37.8,198,19.36,994.7,loc_madurai,9.9252,78.1198,ECMWF_ERA5_Reanalysis
2021-04-15,34.5,24.2,26.9,39.9,29.8,32.4,16.8,7.6,25.2,197,18.36,994.5,loc_madurai,9.9252,78.1198,ECMWF_ERA5_Reanalysis
2021-04-16,33.7,24.0,28.2,39.6,28.5,33.3,6.7,13.0,31.7,193,20.06,993.9,loc_madurai,9.9252,78.1198,ECMWF_ERA5_Reanalysis
2021-04-17,36.6,24.5,30.5,41.9,29.9,35.3,0.0,14.7,33.5,117,24.26,994.1,loc_madurai,9.9252,78.1198,ECMWF_ERA5_Reanalysis
2021-04-18,36.4,26.6,29.7,41.1,32.2,34.9,2.7,13.3,34.6,204,20.11,995.2,loc_madurai,9.9252,78.1198,ECMWF_ERA5_Reanalysis
2021-04-19,38.3,25.4,31.4,42.0,29.2,35.1,0.0,16.3,33.5,202,23.6,993.2,loc_madurai,9.9252,78.1198,ECMWF_ERA5_Reanalysis
2021-04-20,38.4,26.5,31.9,41.7,30.6,35.6,0.0,10.9,23.4,91,20.6,992.2,loc_madurai,9.9252,78.1198,ECMWF_ERA5_Reanalysis
2021-04-21,39.0,26.0,31.8,42.1,31.3,35.7,0.0,17.7,32.8,110,23.67,993.2,loc_madurai,9.9252,78.1198,ECMWF_ERA5_Reanalysis
2021-04-22,38.8,26.2,31.7,41.9,31.6,35.5,0.1,18.7,35.3,101,22.72,993.6,loc_madurai,9.9252,78.1198,ECMWF_ERA5_Reanalysis
2021-04-23,39.5,26.5,32.2,43.0,31.7,36.1,0.2,18.3,38.5,100,23.44,993.1,loc_madurai,9.9252,78.1198,ECMWF_ERA5_Reanalysis
2021-04-24,39.9,26.9,32.0,42.7,31.1,35.6,0.8,13.9,33.1,100,23.6,992.7,loc_madurai,9.9252,78.1198,ECMWF_ERA5_Reanalysis
2021-04-25,38.2,25.6,31.3,42.6,30.3,35.4,0.3,18.8,41.0,129,22.88,992.8,loc_madurai,9.9252,78.1198,ECMWF_ERA5_Reanalysis
2021-04-26,39.2,26.4,31.8,42.6,31.8,36.0,0.1,16.1,34.6,128,23.4,992.3,loc_madurai,9.9252,78.1198,ECMWF_ERA5_Reanalysis
2021-04-27,37.7,27.2,31.6,40.6,33.1,36.0,0.2,18.2,39.6,130,20.75,992.9,loc_madurai,9.9252,78.1198,ECMWF_ERA5_Reanalysis
2021-04-28,39.4,27.0,32.5,42.2,33.2,36.7,0.0,16.1,33.5,107,22.15,993.2,loc_madurai,9.9252,78.1198,ECMWF_ERA5_Reanalysis
2021-04-29,40.4,27.2,32.8,42.5,32.9,36.8,0.0,16.7,33.1,101,22.32,992.3,loc_madurai,9.9252,78.1198,ECMWF_ERA5_Reanalysis
2021-04-30,39.4,27.2,32.4,41.5,32.9,36.0,0.0,17.8,39.6,89,22.95,991.8,loc_madurai,9.9252,78.1198,ECMWF_ERA5_Reanalysis
2021-05-01,35.4,26.7,29.9,40.7,32.1,34.6,2.4,16.1,35.6,130,18.39,992.5,loc_madurai,9.9252,78.1198,ECMWF_ERA5_Reanalysis
2021-05-02,36.1,26.0,29.5,40.7,31.7,34.6,11.0,17.6,37.1,118,19.13,992.6,loc_madurai,9.9252,78.1198,ECMWF_ERA5_Reanalysis
2021-05-03,33.4,24.7,28.7,38.6,29.6,33.5,7.0,15.5,29.2,164,17.88,992.5,loc_madurai,9.9252,78.1198,ECMWF_ERA5_Reanalysis
2021-05-04,35.0,24.7,28.7,40.4,29.1,34.1,5.8,10.7,34.2,160,20.09,992.3,loc_madurai,9.9252,78.1198,ECMWF_ERA5_Reanalysis
2021-05-05,35.9,24.4,29.2,40.5,29.8,34.6,1.5,15.5,37.1,106,22.04,992.1,loc_madurai,9.9252,78.1198,ECMWF_ERA5_Reanalysis
2021-05-06,35.2,25.1,29.3,39.7,30.5,34.4,3.5,11.5,32.0,142,19.24,993.0,loc_madurai,9.9252,78.1198,ECMWF_ERA5_Reanalysis
2021-05-07,34.9,25.4,28.8,40.0,31.3,34.0,4.8,14.7,33.1,136,20.09,993.7,loc_madurai,9.9252,78.1198,ECMWF_ERA5_Reanalysis
2021-05-08,35.0,24.4,29.5,39.2,29.7,34.1,0.7,11.1,27.7,90,21.49,992.7,loc_madurai,9.9252,78.1198,ECMWF_ERA5_Reanalysis
2021-05-09,34.6,25.6,29.1,39.3,31.5,34.4,5.2,12.1,25.6,157,18.78,991.7,loc_madurai,9.9252,78.1198,ECMWF_ERA5_Reanalysis
2021-05-10,35.5,25.2,29.6,41.0,31.1,34.8,1.3,13.8,31.0,162,21.0,991.4,loc_madurai,9.9252,78.1198,ECMWF_ERA5_Reanalysis
2021-05-11,36.8,24.7,30.1,42.3,30.1,35.1,1.2,20.8,41.0,168,21.5,991.3,loc_madurai,9.9252,78.1198,ECMWF_ERA5_Reanalysis
2021-05-12,36.2,26.3,30.5,40.7,32.1,35.5,0.4,14.8,31.7,177,18.39,990.3,loc_madurai,9.9252,78.1198,ECMWF_ERA5_Reanalysis
2021-05-13,36.1,26.0,29.7,41.0,31.3,34.8,2.9,14.2,28.4,216,16.15,989.7,loc_madurai,9.9252,78.1198,ECMWF_ERA5_Reanalysis
2021-05-14,36.9,25.3,29.6,40.1,30.3,33.7,3.4,21.3,42.5,222,19.81,989.3,loc_madurai,9.9252,78.1198,ECMWF_ERA5_Reanalysis
2021-05-15,31.0,24.5,26.9,35.2,29.2,31.1,15.2,16.8,45.7,218,10.03,988.9,loc_madurai,9.9252,78.1198,ECMWF_ERA5_Reanalysis
2021-05-16,35.2,24.6,28.3,38.5,29.1,32.6,0.9,15.3,50.0,243,19.8,989.9,loc_madurai,9.9252,78.1198,ECMWF_ERA5_Reanalysis
2021-05-17,36.0,24.2,29.6,41.5,29.1,33.8,1.7,16.4,35.3,256,22.62,990.9,loc_madurai,9.9252,78.1198,ECMWF_ERA5_Reanalysis
2021-05-18,37.4,25.3,30.9,41.5,29.2,34.3,0.2,15.3,38.5,263,23.62,991.1,loc_madurai,9.9252,78.1198,ECMWF_ERA5_Reanalysis
2021-05-19,39.0,26.8,31.1,42.8,30.7,35.1,0.8,15.3,43.9,236,23.12,990.7,loc_madurai,9.9252,78.1198,ECMWF_ERA5_Reanalysis
2021-05-20,36.5,26.3,30.0,41.3,31.1,34.6,5.4,14.3,38.9,209,18.52,991.3,loc_madurai,9.9252,78.1198,ECMWF_ERA5_Reanalysis
2021-05-21,35.1,26.7,29.6,38.2,30.5,33.3,3.2,14.7,39.6,261,12.97,991.8,loc_madurai,9.9252,78.1198,ECMWF_ERA5_Reanalysis
2021-05-22,35.8,25.8,29.8,40.1,30.6,34.0,5.8,14.6,32.0,248,16.3,991.2,loc_madurai,9.9252,78.1198,ECMWF_ERA5_Reanalysis
2021-05-23,36.3,25.1,30.7,40.0,29.5,34.3,0.1,13.6,32.0,254,17.64,991.1,loc_madurai,9.9252,78.1198,ECMWF_ERA5_Reanalysis
2021-05-24,39.7,26.7,31.8,43.1,29.6,34.7,0.8,19.1,42.8,271,20.8,990.8,loc_madurai,9.9252,78.1198,ECMWF_ERA5_Reanalysis
2021-05-25,39.3,26.3,31.7,40.9,29.9,34.0,0.4,26.2,54.0,250,21.17,989.9,loc_madurai,9.9252,78.1198,ECMWF_ERA5_Reanalysis
2021-05-26,35.7,25.9,30.1,36.7,29.8,32.3,1.9,29.5,59.4,249,19.85,989.9,loc_madurai,9.9252,78.1198,ECMWF_ERA5_Reanalysis
2021-05-27,38.9,26.3,31.5,41.8,29.8,33.9,0.0,16.9,37.8,272,22.48,989.8,loc_madurai,9.9252,78.1198,ECMWF_ERA5_Reanalysis
2021-05-28,39.4,25.7,32.1,42.6,27.5,33.7,0.0,18.7,35.3,282,22.76,990.5,loc_madurai,9.9252,78.1198,ECMWF_ERA5_Reanalysis
2021-05-29,39.0,26.1,32.0,41.3,28.7,34.0,0.0,21.7,45.4,283,20.95,991.4,loc_madurai,9.9252,78.1198,ECMWF_ERA5_Reanalysis
2021-05-30,40.2,26.9,32.6,42.5,29.2,34.4,0.0,20.6,42.8,275,22.8,990.9,loc_madurai,9.9252,78.1198,ECMWF_ERA5_Reanalysis
2021-05-31,40.0,26.9,32.6,41.9,29.0,34.4,0.0,19.4,43.2,276,23.28,989.6,loc_madurai,9.9252,78.1198,ECMWF_ERA5_Reanalysis
2021-06-01,40.3,27.3,32.8,43.8,30.4,35.5,0.2,14.5,36.7,282,22.94,989.9,loc_madurai,9.9252,78.1198,ECMWF_ERA5_Reanalysis
2021-06-02,40.2,27.5,33.1,44.3,30.4,36.3,1.1,11.5,25.2,278,22.72,990.1,loc_madurai,9.9252,78.1198,ECMWF_ERA5_Reanalysis
2021-06-03,39.3,26.9,31.4,43.8,31.5,35.9,4.4,10.3,29.2,277,20.98,991.3,loc_madurai,9.9252,78.1198,ECMWF_ERA5_Reanalysis
2021-06-04,35.2,25.7,28.5,40.2,30.6,33.7,41.3,12.5,39.6,260,18.73,992.4,loc_madurai,9.9252,78.1198,ECMWF_ERA5_Reanalysis
2021-06-05,33.1,25.1,27.6,38.7,29.8,32.9,17.5,10.2,23.4,281,14.23,992.4,loc_madurai,9.9252,78.1198,ECMWF_ERA5_Reanalysis
2021-06-06,34.0,24.8,28.9,39.4,30.2,33.8,2.0,11.3,28.1,276,20.51,992.4,loc_madurai,9.9252,78.1198,ECMWF_ERA5_Reanalysis
2021-06-07,36.1,25.7,30.2,40.1,29.3,34.2,0.5,11.6,28.4,303,19.1,992.0,loc_madurai,9.9252,78.1198,ECMWF_ERA5_Reanalysis
2021-06-08,37.5,25.9,29.6,42.0,29.7,34.1,9.1,11.4,39.6,270,20.42,991.6,loc_madurai,9.9252,78.1198,ECMWF_ERA5_Reanalysis
2021-06-09,35.9,24.6,29.9,40.0,28.0,32.9,0.0,20.8,39.2,274,21.41,990.6,loc_madurai,9.9252,78.1198,ECMWF_ERA5_Reanalysis
2021-06-10,37.3,25.8,30.9,39.9,28.3,33.1,0.0,26.2,48.2,271,20.71,989.5,loc_madurai,9.9252,78.1198,ECMWF_ERA5_Reanalysis
2021-06-11,38.1,25.9,31.4,39.9,28.4,33.2,0.0,22.6,44.6,268,22.36,989.8,loc_madurai,9.9252,78.1198,ECMWF_ERA5_Reanalysis
2021-06-12,38.5,26.2,31.4,40.7,29.6,33.7,0.0,23.5,49.3,262,21.37,990.1,loc_madurai,9.9252,78.1198,ECMWF_ERA5_Reanalysis
2021-06-13,33.4,26.1,28.3,35.8,29.0,31.7,12.9,24.1,47.9,281,9.98,990.6,loc_madurai,9.9252,78.1198,ECMWF_ERA5_Reanalysis
2021-06-14,30.6,24.0,26.7,32.5,26.8,29.5,9.3,16.5,41.0,269,7.7,990.7,loc_madurai,9.9252,78.1198,ECMWF_ERA5_Reanalysis
2021-06-15,34.9,24.6,29.5,35.2,28.2,31.4,0.2,29.4,62.6,253,21.98,989.8,loc_madurai,9.9252,78.1198,ECMWF_ERA5_Reanalysis
2021-06-16,36.0,24.5,29.8,36.0,28.0,31.8,0.1,30.3,63.4,261,23.6,990.7,loc_madurai,9.9252,78.1198,ECMWF_ERA5_Reanalysis
2021-06-17,36.5,25.3,30.5,36.5,28.6,32.1,0.0,28.0,56.5,266,22.39,991.5,loc_madurai,9.9252,78.1198,ECMWF_ERA5_Reanalysis
2021-06-18,37.1,26.2,31.0,37.0,29.0,31.9,0.0,28.9,57.2,257,22.66,992.4,loc_madurai,9.9252,78.1198,ECMWF_ERA5_Reanalysis
2021-06-19,38.0,24.9,31.2,40.0,27.4,32.8,0.0,22.7,46.4,263,22.02,993.4,loc_madurai,9.9252,78.1198,ECMWF_ERA5_Reanalysis
2021-06-20,37.9,25.6,31.8,40.6,28.6,34.1,0.0,10.2,34.6,269,21.34,993.4,loc_madurai,9.9252,78.1198,ECMWF_ERA5_Reanalysis
2021-06-21,38.0,25.7,31.9,39.7,28.3,34.2,0.0,15.5,31.0,254,20.47,992.4,loc_madurai,9.9252,78.1198,ECMWF_ERA5_Reanalysis
2021-06-22,38.1,26.7,31.1,41.5,28.9,33.9,0.5,12.6,27.7,250,18.33,991.8,loc_madurai,9.9252,78.1198,ECMWF_ERA5_Reanalysis
2021-06-23,39.1,27.1,30.7,41.5,30.2,34.2,4.7,13.0,44.3,242,21.19,991.7,loc_madurai,9.9252,78.1198,ECMWF_ERA5_Reanalysis
2021-06-24,35.8,26.0,30.6,38.3,28.7,33.0,0.1,10.8,25.2,277,16.62,992.1,loc_madurai,9.9252,78.1198,ECMWF_ERA5_Reanalysis
2021-06-25,39.0,24.7,31.5,40.9,26.9,33.0,0.0,18.1,38.2,255,23.21,990.8,loc_madurai,9.9252,78.1198,ECMWF_ERA5_Reanalysis
2021-06-26,38.1,24.9,31.2,40.2,27.0,32.7,0.0,21.3,40.3,278,21.23,990.4,loc_madurai,9.9252,78.1198,ECMWF_ERA5_Reanalysis
2021-06-27,34.3,26.6,29.7,36.2,28.9,32.0,0.5,15.0,28.1,266,10.08,991.8,loc_madurai,9.9252,78.1198,ECMWF_ERA5_Reanalysis
2021-06-28,37.7,25.7,30.8,41.4,29.1,33.8,0.1,22.6,46.8,265,20.14,991.3,loc_madurai,9.9252,78.1198,ECMWF_ERA5_Reanalysis
2021-06-29,37.5,26.3,31.0,41.5,31.0,35.0,0.5,18.9,41.8,122,21.74,991.1,loc_madurai,9.9252,78.1198,ECMWF_ERA5_Reanalysis
2021-06-30,39.1,26.5,31.8,42.4,31.3,35.9,0.8,14.3,30.6,192,22.4,990.6,loc_madurai,9.9252,78.1198,ECMWF_ERA5_Reanalysis
2021-07-01,35.8,27.4,29.7,38.4,30.8,33.9,3.6,16.3,36.0,264,15.74,990.3,loc_madurai,9.9252,78.1198,ECMWF_ERA5_Reanalysis
2021-07-02,37.9,25.4,30.3,41.1,29.2,33.7,0.8,13.6,36.7,266,19.54,990.6,loc_madurai,9.9252,78.1198,ECMWF_ERA5_Reanalysis
2021-07-03,37.6,26.4,30.3,41.6,29.6,34.1,5.1,20.1,40.3,245,19.58,991.2,loc_madurai,9.9252,78.1198,ECMWF_ERA5_Reanalysis
2021-07-04,37.3,25.4,29.3,41.6,30.4,33.9,11.6,8.7,36.0,285,19.4,991.3,loc_madurai,9.9252,78.1198,ECMWF_ERA5_Reanalysis
2021-07-05,36.2,24.3,29.6,41.3,29.0,34.2,0.0,10.9,29.5,255,23.16,989.9,loc_madurai,9.9252,78.1198,ECMWF_ERA5_Reanalysis
2021-07-06,35.6,25.8,29.9,41.2,30.2,34.6,3.6,12.0,31.3,182,22.45,989.4,loc_madurai,9.9252,78.1198,ECMWF_ERA5_Reanalysis
2021-07-07,36.6,25.7,29.2,42.3,30.7,34.1,1.2,14.6,37.8,267,20.93,989.5,loc_madurai,9.9252,78.1198,ECMWF_ERA5_Reanalysis
2021-07-08,37.8,25.6,31.0,42.3,29.2,35.0,0.2,15.1,31.3,246,23.0,989.8,loc_madurai,9.9252,78.1198,ECMWF_ERA5_Reanalysis
2021-07-09,35.6,26.3,29.4,40.9,30.0,33.7,6.8,17.6,38.2,268,16.73,988.7,loc_madurai,9.9252,78.1198,ECMWF_ERA5_Reanalysis
2021-07-10,31.0,24.4,27.3,32.3,28.1,30.4,0.0,23.7,52.9,283,8.78,988.7,loc_madurai,9.9252,78.1198,ECMWF_ERA5_Reanalysis
2021-07-11,28.9,23.3,25.2,32.2,25.6,29.4,7.7,11.0,27.7,311,8.03,988.6,loc_madurai,9.9252,78.1198,ECMWF_ERA5_Reanalysis
2021-07-12,34.2,23.2,28.3,39.3,26.7,32.0,1.8,9.7,25.9,281,18.74,988.4,loc_madurai,9.9252,78.1198,ECMWF_ERA5_Reanalysis
2021-07-13,36.1,23.8,29.3,39.6,27.4,32.6,0.3,10.7,28.1,264,20.05,988.9,loc_madurai,9.9252,78.1198,ECMWF_ERA5_Reanalysis
2021-07-14,35.8,24.1,29.7,40.1,27.0,32.6,0.1,13.7,41.4,269,19.97,989.6,loc_madurai,9.9252,78.1198,ECMWF_ERA5_Reanalysis
2021-07-15,35.2,25.9,29.8,38.8,29.0,33.1,0.0,14.2,26.6,24,17.73,989.6,loc_madurai,9.9252,78.1198,ECMWF_ERA5_Reanalysis
2021-07-16,33.9,25.9,29.2,38.2,28.5,32.7,4.0,10.9,26.3,280,16.03,991.3,loc_madurai,9.9252,78.1198,ECMWF_ERA5_Reanalysis
2021-07-17,35.7,25.7,30.2,39.8,28.6,33.5,0.2,9.7,33.8,256,17.99,991.1,loc_madurai,9.9252,78.1198,ECMWF_ERA5_Reanalysis
2021-07-18,34.6,26.1,29.1,37.5,27.8,31.8,0.0,20.0,37.1,290,16.8,990.6,loc_madurai,9.9252,78.1198,ECMWF_ERA5_Reanalysis
2021-07-19,37.1,24.8,30.3,41.5,28.0,33.1,0.0,17.7,37.4,265,20.72,990.8,loc_madurai,9.9252,78.1198,ECMWF_ERA5_Reanalysis
2021-07-20,38.3,25.3,30.8,40.7,28.5,33.1,0.0,21.8,45.4,268,22.99,992.0,loc_madurai,9.9252,78.1198,ECMWF_ERA5_Reanalysis
2021-07-21,37.7,25.2,30.8,40.5,27.9,32.8,0.4,21.4,43.2,264,18.77,991.7,loc_madurai,9.9252,78.1198,ECMWF_ERA5_Reanalysis
2021-07-22,37.3,27.3,30.9,38.1,29.6,31.9,0.1,26.5,53.3,266,19.41,989.5,loc_madurai,9.9252,78.1198,ECMWF_ERA5_Reanalysis
2021-07-23,36.2,27.3,30.5,37.6,29.6,32.4,0.0,25.0,51.1,258,15.83,988.9,loc_madurai,9.9252,78.1198,ECMWF_ERA5_Reanalysis
2021-07-24,35.9,26.9,30.6,38.3,30.1,33.0,0.1,24.9,50.4,249,19.49,990.1,loc_madurai,9.9252,78.1198,ECMWF_ERA5_Reanalysis
2021-07-25,37.7,26.2,30.4,39.5,29.8,33.1,0.7,27.2,55.1,271,19.11,991.0,loc_madurai,9.9252,78.1198,ECMWF_ERA5_Reanalysis
2021-07-26,34.6,25.3,29.6,38.2,28.8,32.8,0.4,9.0,26.3,284,13.73,991.6,loc_madurai,9.9252,78.1198,ECMWF_ERA5_Reanalysis
2021-07-27,38.3,26.4,31.3,40.3,29.6,33.6,0.2,24.4,51.5,264,20.34,990.8,loc_madurai,9.9252,78.1198,ECMWF_ERA5_Reanalysis
2021-07-28,38.3,26.7,31.5,41.6,29.7,34.0,0.0,14.7,37.1,259,20.0,991.3,loc_madurai,9.9252,78.1198,ECMWF_ERA5_Reanalysis
2021-07-29,38.6,26.3,31.9,41.6,29.1,34.1,0.1,13.3,29.2,274,20.29,991.7,loc_madurai,9.9252,78.1198,ECMWF_ERA5_Reanalysis
2021-07-30,37.9,26.1,31.8,41.3,28.0,33.8,0.1,13.2,26.3,274,21.48,992.5,loc_madurai,9.9252,78.1198,ECMWF_ERA5_Reanalysis
2021-07-31,39.0,25.6,32.0,42.9,27.7,34.4,0.2,12.0,26.3,279,22.65,992.8,loc_madurai,9.9252,78.1198,ECMWF_ERA5_Reanalysis
2021-08-01,38.9,26.3,32.0,42.2,28.4,34.1,0.1,13.4,30.6,269,21.29,991.9,loc_madurai,9.9252,78.1198,ECMWF_ERA5_Reanalysis
2021-08-02,38.8,27.0,31.8,41.4,28.6,33.2,0.1,18.2,38.2,266,21.84,992.1,loc_madurai,9.9252,78.1198,ECMWF_ERA5_Reanalysis
2021-08-03,38.6,26.5,31.8,42.4,29.1,34.3,0.0,14.8,33.1,274,20.54,993.2,loc_madurai,9.9252,78.1198,ECMWF_ERA5_Reanalysis
2021-08-04,39.0,26.9,32.0,43.9,29.3,34.5,0.0,16.9,37.8,279,21.48,993.5,loc_madurai,9.9252,78.1198,ECMWF_ERA5_Reanalysis
2021-08-05,37.4,27.4,31.6,40.7,29.7,33.8,0.2,18.7,40.3,266,20.5,992.0,loc_madurai,9.9252,78.1198,ECMWF_ERA5_Reanalysis
2021-08-06,39.0,26.8,31.4,42.7,29.6,34.2,0.0,20.2,48.6,279,19.81,990.9,loc_madurai,9.9252,78.1198,ECMWF_ERA5_Reanalysis
2021-08-07,38.0,27.0,30.9,41.9,29.7,34.1,0.9,14.9,36.4,291,20.02,991.5,loc_madurai,9.9252,78.1198,ECMWF_ERA5_Reanalysis
2021-08-08,38.0,26.5,30.4,42.0,29.6,33.5,6.2,17.5,41.0,263,19.35,992.1,loc_madurai,9.9252,78.1198,ECMWF_ERA5_Reanalysis
2021-08-09,37.8,26.2,30.5,41.1,29.0,33.6,1.6,15.8,36.4,271,20.31,992.4,loc_madurai,9.9252,78.1198,ECMWF_ERA5_Reanalysis
2021-08-10,37.6,25.9,30.9,42.6,28.9,34.0,1.5,12.2,30.6,283,20.56,991.9,loc_madurai,9.9252,78.1198,ECMWF_ERA5_Reanalysis
2021-08-11,36.8,26.6,30.3,40.4,29.1,33.2,0.9,11.8,32.8,272,17.83,992.1,loc_madurai,9.9252,78.1198,ECMWF_ERA5_Reanalysis
2021-08-12,36.1,26.1,29.5,39.2,28.8,32.9,0.8,15.0,37.1,276,18.08,992.7,loc_madurai,9.9252,78.1198,ECMWF_ERA5_Reanalysis
2021-08-13,37.5,25.9,30.3,40.0,28.2,32.7,0.1,20.3,44.3,275,18.57,991.5,loc_madurai,9.9252,78.1198,ECMWF_ERA5_Reanalysis
2021-08-14,36.4,25.7,29.6,39.9,28.2,32.1,0.4,14.1,38.9,278,17.49,990.3,loc_madurai,9.9252,78.1198,ECMWF_ERA5_Reanalysis
2021-08-15,35.7,24.4,29.6,37.8,27.8,32.1,0.1,15.1,31.3,274,16.96,990.9,loc_madurai,9.9252,78.1198,ECMWF_ERA5_Reanalysis
2021-08-16,37.2,25.2,30.4,40.8,27.7,33.2,0.6,17.4,32.0,298,18.68,991.6,loc_madurai,9.9252,78.1198,ECMWF_ERA5_Reanalysis
2021-08-17,37.8,26.2,30.7,40.2,29.1,33.6,0.8,22.4,47.2,272,20.14,991.9,loc_madurai,9.9252,78.1198,ECMWF_ERA5_Reanalysis
2021-08-18,36.2,26.2,30.2,38.9,29.2,32.4,0.9,20.7,40.7,268,15.44,991.3,loc_madurai,9.9252,78.1198,ECMWF_ERA5_Reanalysis
2021-08-19,37.5,25.9,31.0,41.0,29.2,33.7,0.4,18.4,36.0,268,21.52,990.4,loc_madurai,9.9252,78.1198,ECMWF_ERA5_Reanalysis
2021-08-20,38.1,25.9,31.2,42.1,29.0,34.3,1.0,18.7,36.7,224,21.8,990.6,loc_madurai,9.9252,78.1198,ECMWF_ERA5_Reanalysis
2021-08-21,35.4,25.3,28.7,39.2,30.2,32.8,10.5,15.1,33.1,52,14.83,992.7,loc_madurai,9.9252,78.1198,ECMWF_ERA5_Reanalysis
2021-08-22,32.9,24.4,27.5,36.2,29.9,32.1,9.0,9.8,25.9,150,15.12,992.9,loc_madurai,9.9252,78.1198,ECMWF_ERA5_Reanalysis
2021-08-23,34.7,24.4,27.6,38.6,29.7,32.4,3.3,19.8,44.3,205,18.13,992.6,loc_madurai,9.9252,78.1198,ECMWF_ERA5_Reanalysis
2021-08-24,36.5,24.6,29.5,40.0,30.0,33.3,0.3,19.5,40.0,188,23.54,992.1,loc_madurai,9.9252,78.1198,ECMWF_ERA5_Reanalysis
2021-08-25,38.1,24.5,30.0,40.8,28.3,33.8,2.4,19.0,40.0,179,23.77,991.1,loc_madurai,9.9252,78.1198,ECMWF_ERA5_Reanalysis
2021-08-26,38.3,25.8,30.9,41.7,28.8,33.6,0.4,16.2,41.4,260,23.18,989.6,loc_madurai,9.9252,78.1198,ECMWF_ERA5_Reanalysis
2021-08-27,36.9,26.4,30.3,37.8,29.7,32.4,0.0,27.0,52.2,265,16.32,989.3,loc_madurai,9.9252,78.1198,ECMWF_ERA5_Reanalysis
2021-08-28,32.1,25.2,27.9,34.8,28.9,31.0,3.4,15.9,35.3,279,8.87,988.9,loc_madurai,9.9252,78.1198,ECMWF_ERA5_Reanalysis
2021-08-29,30.4,24.2,26.5,32.7,27.6,30.2,17.9,19.5,41.4,264,11.96,988.8,loc_madurai,9.9252,78.1198,ECMWF_ERA5_Reanalysis
2021-08-30,30.1,23.2,26.7,32.6,26.7,29.7,5.0,16.8,33.1,269,8.59,989.6,loc_madurai,9.9252,78.1198,ECMWF_ERA5_Reanalysis
2021-08-31,35.8,23.4,29.2,40.6,26.7,33.0,0.6,16.8,40.3,247,21.97,990.1,loc_madurai,9.9252,78.1198,ECMWF_ERA5_Reanalysis
2021-09-01,36.1,25.0,29.9,40.3,28.4,33.6,0.4,10.5,26.3,269,19.89,991.2,loc_madurai,9.9252,78.1198,ECMWF_ERA5_Reanalysis
2021-09-02,35.7,25.6,28.9,40.5,29.2,33.1,8.8,10.2,32.0,257,18.58,991.2,loc_madurai,9.9252,78.1198,ECMWF_ERA5_Reanalysis
2021-09-03,30.6,24.2,26.6,34.9,28.8,31.4,8.6,14.0,28.4,267,12.78,991.1,loc_madurai,9.9252,78.1198,ECMWF_ERA5_Reanalysis
2021-09-04,34.9,24.0,27.7,39.6,27.1,31.7,3.3,21.5,45.0,275,17.58,991.0,loc_madurai,9.9252,78.1198,ECMWF_ERA5_Reanalysis
2021-09-05,36.5,23.6,29.0,39.3,27.2,32.4,0.7,22.7,49.0,274,19.45,990.9,loc_madurai,9.9252,78.1198,ECMWF_ERA5_Reanalysis
2021-09-06,34.5,25.1,28.9,37.3,28.3,31.5,0.0,17.6,35.3,273,10.49,990.7,loc_madurai,9.9252,78.1198,ECMWF_ERA5_Reanalysis
2021-09-07,36.8,25.9,30.0,39.1,28.6,32.1,0.0,23.7,49.3,259,18.53,991.0,loc_madurai,9.9252,78.1198,ECMWF_ERA5_Reanalysis
2021-09-08,37.4,24.4,30.6,38.1,27.6,32.4,0.0,25.8,52.9,254,23.97,992.0,loc_madurai,9.9252,78.1198,ECMWF_ERA5_Reanalysis
2021-09-09,38.6,25.1,31.4,41.9,27.0,33.9,0.0,17.2,40.0,247,23.4,992.5,loc_madurai,9.9252,78.1198,ECMWF_ERA5_Reanalysis
2021-09-10,37.9,26.6,32.0,41.7,29.2,34.8,0.0,13.5,29.9,251,20.25,991.9,loc_madurai,9.9252,78.1198,ECMWF_ERA5_Reanalysis
2021-09-11,37.7,26.5,31.4,40.0,28.8,33.4,0.1,21.5,42.8,265,19.14,991.1,loc_madurai,9.9252,78.1198,ECMWF_ERA5_Reanalysis
2021-09-12,38.4,26.8,31.3,39.1,29.7,33.1,0.0,28.1,59.0,251,22.43,990.2,loc_madurai,9.9252,78.1198,ECMWF_ERA5_Reanalysis
2021-09-13,36.8,26.8,31.1,37.6,30.2,33.2,0.2,24.3,50.8,249,18.31,989.7,loc_madurai,9.9252,78.1198,ECMWF_ERA5_Reanalysis
2021-09-14,38.6,27.1,32.0,43.6,30.5,35.4,0.9,12.8,37.4,273,20.95,989.9,loc_madurai,9.9252,78.1198,ECMWF_ERA5_Reanalysis
2021-09-15,38.8,27.2,31.6,42.6,30.2,34.7,1.3,23.6,47.9,275,19.41,990.7,loc_madurai,9.9252,78.1198,ECMWF_ERA5_Reanalysis
2021-09-16,38.3,26.9,30.7,41.6,30.1,34.1,1.1,12.6,41.8,305,18.22,990.7,loc_madurai,9.9252,78.1198,ECMWF_ERA5_Reanalysis
2021-09-17,38.3,27.1,30.7,40.6,31.5,34.7,2.4,15.6,44.3,189,18.21,990.5,loc_madurai,9.9252,78.1198,ECMWF_ERA5_Reanalysis
2021-09-18,35.2,25.4,29.1,39.8,31.3,34.2,10.3,12.7,25.9,169,16.65,992.0,loc_madurai,9.9252,78.1198,ECMWF_ERA5_Reanalysis
2021-09-19,35.0,25.0,28.7,40.7,29.9,33.9,9.8,9.4,27.7,263,18.04,993.2,loc_madurai,9.9252,78.1198,ECMWF_ERA5_Reanalysis
2021-09-20,34.4,24.8,28.4,40.5,29.9,33.5,10.5,13.2,29.2,254,20.6,992.8,loc_madurai,9.9252,78.1198,ECMWF_ERA5_Reanalysis
2021-09-21,36.2,25.2,30.0,40.8,30.8,34.3,0.1,12.4,27.7,252,22.25,991.7,loc_madurai,9.9252,78.1198,ECMWF_ERA5_Reanalysis
2021-09-22,37.7,24.3,30.4,42.0,27.9,33.8,0.0,16.1,34.9,230,22.93,990.1,loc_madurai,9.9252,78.1198,ECMWF_ERA5_Reanalysis
2021-09-23,37.6,26.1,30.2,41.8,30.5,34.5,1.1,10.2,36.0,245,21.24,990.3,loc_madurai,9.9252,78.1198,ECMWF_ERA5_Reanalysis
2021-09-24,38.3,24.7,29.8,42.9,29.1,34.3,3.1,20.9,38.9,262,21.46,991.0,loc_madurai,9.9252,78.1198,ECMWF_ERA5_Reanalysis
2021-09-25,36.2,25.2,29.7,40.5,30.5,34.1,0.6,11.7,27.7,263,21.12,990.6,loc_madurai,9.9252,78.1198,ECMWF_ERA5_Reanalysis
2021-09-26,37.1,25.9,29.5,41.8,29.7,33.5,10.0,16.8,36.4,232,19.93,989.1,loc_madurai,9.9252,78.1198,ECMWF_ERA5_Reanalysis
2021-09-27,33.9,25.1,28.5,34.3,28.4,31.1,1.3,27.6,57.6,264,16.05,988.3,loc_madurai,9.9252,78.1198,ECMWF_ERA5_Reanalysis
2021-09-28,35.2,23.9,28.6,37.1,26.7,30.4,0.0,28.5,57.2,252,17.87,990.4,loc_madurai,9.9252,78.1198,ECMWF_ERA5_Reanalysis
2021-09-29,37.0,24.2,30.3,40.5,27.1,33.2,0.0,17.3,31.7,319,20.54,991.4,loc_madurai,9.9252,78.1198,ECMWF_ERA5_Reanalysis
2021-09-30,37.6,26.1,29.9,40.8,29.0,33.3,9.7,14.6,39.2,322,17.68,992.1,loc_madurai,9.9252,78.1198,ECMWF_ERA5_Reanalysis
2021-10-01,31.7,24.9,27.6,36.5,29.8,32.3,9.9,9.0,34.9,119,13.6,992.0,loc_madurai,9.9252,78.1198,ECMWF_ERA5_Reanalysis
2021-10-02,33.1,23.2,26.7,39.0,27.3,31.7,19.1,11.9,26.6,114,17.6,991.6,loc_madurai,9.9252,78.1198,ECMWF_ERA5_Reanalysis
2021-10-03,31.9,23.8,27.0,38.8,28.9,32.3,8.3,10.3,24.8,118,18.37,991.4,loc_madurai,9.9252,78.1198,ECMWF_ERA5_Reanalysis
2021-10-04,31.0,24.4,27.0,36.1,29.4,32.3,12.1,8.0,28.1,110,15.17,990.9,loc_madurai,9.9252,78.1198,ECMWF_ERA5_Reanalysis
2021-10-05,32.4,24.4,27.0,38.1,29.7,32.3,7.7,15.6,32.8,95,17.38,990.5,loc_madurai,9.9252,78.1198,ECMWF_ERA5_Reanalysis
2021-10-06,30.4,23.9,26.2,35.8,28.4,31.1,12.8,12.2,23.8,233,12.1,990.1,loc_madurai,9.9252,78.1198,ECMWF_ERA5_Reanalysis
2021-10-07,33.7,24.0,28.3,38.9,29.4,33.5,2.1,13.0,25.6,182,21.42,990.3,loc_madurai,9.9252,78.1198,ECMWF_ERA5_Reanalysis
2021-10-08,34.4,24.7,28.6,39.8,29.2,33.3,6.7,11.9,30.6,219,19.91,991.3,loc_madurai,9.9252,78.1198,ECMWF_ERA5_Reanalysis
2021-10-09,31.3,25.0,27.2,35.2,29.3,31.7,0.9,10.0,34.2,235,9.07,992.8,loc_madurai,9.9252,78.1198,ECMWF_ERA5_Reanalysis
2021-10-10,33.7,24.3,28.1,39.2,28.7,32.7,5.6,12.9,27.7,292,17.94,991.9,loc_madurai,9.9252,78.1198,ECMWF_ERA5_Reanalysis
2021-10-11,31.0,24.4,27.0,35.8,28.4,31.6,12.8,9.7,24.8,273,11.45,991.0,loc_madurai,9.9252,78.1198,ECMWF_ERA5_Reanalysis
2021-10-12,32.0,24.6,27.1,33.8,28.2,30.7,1.3,19.8,37.4,265,11.52,990.6,loc_madurai,9.9252,78.1198,ECMWF_ERA5_Reanalysis
2021-10-13,33.7,23.7,28.1,38.7,27.1,32.1,0.0,9.7,26.6,291,22.47,989.8,loc_madurai,9.9252,78.1198,ECMWF_ERA5_Reanalysis
2021-10-14,35.6,24.7,28.9,40.7,28.1,32.8,0.5,16.2,33.1,284,19.75,989.2,loc_madurai,9.9252,78.1198,ECMWF_ERA5_Reanalysis
2021-10-15,34.6,24.2,28.6,39.5,28.2,33.5,2.0,11.5,25.9,201,22.05,987.0,loc_madurai,9.9252,78.1198,ECMWF_ERA5_Reanalysis
2021-10-16,33.4,25.4,28.2,37.1,29.5,32.7,7.2,16.1,33.8,197,15.67,986.6,loc_madurai,9.9252,78.1198,ECMWF_ERA5_Reanalysis
2021-10-17,31.9,24.7,27.8,37.8,29.9,32.7,3.5,12.2,33.5,259,15.79,988.8,loc_madurai,9.9252,78.1198,ECMWF_ERA5_Reanalysis
2021-10-18,34.9,24.3,28.1,41.0,28.6,32.8,3.4,13.4,30.2,267,19.22,991.5,loc_madurai,9.9252,78.1198,ECMWF_ERA5_Reanalysis
2021-10-19,34.6,24.5,28.4,40.2,28.0,32.8,3.3,16.9,34.9,302,17.86,993.4,loc_madurai,9.9252,78.1198,ECMWF_ERA5_Reanalysis
2021-10-20,33.6,23.8,27.6,39.1,28.8,32.6,26.5,16.3,33.1,124,15.45,995.0,loc_madurai,9.9252,78.1198,ECMWF_ERA5_Reanalysis
2021-10-21,32.3,23.1,26.3,37.7,27.5,31.2,12.6,15.1,31.7,77,17.46,995.5,loc_madurai,9.9252,78.1198,ECMWF_ERA5_Reanalysis
2021-10-22,32.1,23.3,26.8,37.8,27.8,31.7,12.7,13.5,28.4,152,17.74,995.9,loc_madurai,9.9252,78.1198,ECMWF_ERA5_Reanalysis
2021-10-23,31.6,23.1,26.2,38.1,27.7,31.1,8.8,11.6,28.8,200,16.02,996.6,loc_madurai,9.9252,78.1198,ECMWF_ERA5_Reanalysis
2021-10-24,32.2,23.0,26.5,38.8,27.4,31.3,3.5,16.0,34.9,319,20.41,995.9,loc_madurai,9.9252,78.1198,ECMWF_ERA5_Reanalysis
2021-10-25,32.7,23.2,26.9,37.2,28.0,31.5,8.8,13.9,28.8,57,19.85,994.5,loc_madurai,9.9252,78.1198,ECMWF_ERA5_Reanalysis
2021-10-26,31.8,23.0,26.4,37.0,27.5,31.2,13.9,16.6,32.4,66,17.93,993.8,loc_madurai,9.9252,78.1198,ECMWF_ERA5_Reanalysis
2021-10-27,31.8,22.8,26.0,36.2,27.3,30.5,17.2,15.1,30.6,55,18.09,994.0,loc_madurai,9.9252,78.1198,ECMWF_ERA5_Reanalysis
2021-10-28,32.3,22.7,27.0,35.9,26.8,30.6,0.0,15.1,33.1,26,21.35,993.5,loc_madurai,9.9252,78.1198,ECMWF_ERA5_Reanalysis
2021-10-29,29.5,22.7,25.5,33.1,26.9,29.2,14.7,16.0,33.8,48,13.49,994.2,loc_madurai,9.9252,78.1198,ECMWF_ERA5_Reanalysis
2021-10-30,28.5,23.2,25.0,31.9,27.6,29.4,26.5,14.3,32.8,61,11.52,995.6,loc_madurai,9.9252,78.1198,ECMWF_ERA5_Reanalysis
2021-10-31,29.4,22.7,25.2,33.1,26.7,29.5,6.3,14.3,32.0,38,9.84,994.7,loc_madurai,9.9252,78.1198,ECMWF_ERA5_Reanalysis
2021-11-01,29.4,23.2,25.2,34.0,27.5,29.5,24.3,18.9,35.3,53,13.17,993.7,loc_madurai,9.9252,78.1198,ECMWF_ERA5_Reanalysis
2021-11-02,29.2,23.1,25.2,33.8,27.1,29.2,19.6,15.5,30.2,47,12.54,993.5,loc_madurai,9.9252,78.1198,ECMWF_ERA5_Reanalysis
2021-11-03,29.3,22.9,25.2,33.3,27.4,29.7,17.0,11.9,24.8,68,12.72,994.1,loc_madurai,9.9252,78.1198,ECMWF_ERA5_Reanalysis
2021-11-04,27.8,23.0,24.5,32.6,27.3,29.4,23.2,10.8,21.2,14,8.56,994.3,loc_madurai,9.9252,78.1198,ECMWF_ERA5_Reanalysis
2021-11-05,29.8,22.5,24.9,36.7,26.7,29.9,30.2,14.8,32.4,190,13.06,994.0,loc_madurai,9.9252,78.1198,ECMWF_ERA5_Reanalysis
2021-11-06,30.9,23.2,25.9,37.2,28.0,31.2,19.9,13.6,30.6,266,17.09,992.6,loc_madurai,9.9252,78.1198,ECMWF_ERA5_Reanalysis
2021-11-07,28.7,23.3,25.4,33.4,28.5,30.4,16.7,10.0,25.6,273,8.5,992.3,loc_madurai,9.9252,78.1198,ECMWF_ERA5_Reanalysis
2021-11-08,25.5,23.5,24.3,30.9,28.1,29.3,54.1,7.7,24.8,301,4.06,993.2,loc_madurai,9.9252,78.1198,ECMWF_ERA5_Reanalysis
2021-11-09,25.8,21.8,23.4,29.8,24.7,27.4,51.4,11.6,23.4,360,4.71,993.7,loc_madurai,9.9252,78.1198,ECMWF_ERA5_Reanalysis
2021-11-10,28.0,21.8,24.3,32.6,24.7,27.5,15.0,11.7,24.5,330,13.62,992.3,loc_madurai,9.9252,78.1198,ECMWF_ERA5_Reanalysis
2021-11-11,30.5,22.5,26.0,35.8,26.1,30.4,14.7,12.9,28.8,264,19.97,990.0,loc_madurai,9.9252,78.1198,ECMWF_ERA5_Reanalysis
2021-11-12,30.0,23.6,25.7,35.5,28.7,31.2,4.5,8.9,29.5,44,14.91,990.2,loc_madurai,9.9252,78.1198,ECMWF_ERA5_Reanalysis
2021-11-13,29.9,23.5,25.7,36.4,28.5,31.1,9.6,12.2,28.4,200,13.67,991.7,loc_madurai,9.9252,78.1198,ECMWF_ERA5_Reanalysis
2021-11-14,29.7,23.4,26.3,34.8,28.4,31.3,0.4,10.0,30.6,156,12.24,991.7,loc_madurai,9.9252,78.1198,ECMWF_ERA5_Reanalysis
2021-11-15,29.6,23.6,25.7,35.6,28.1,30.7,13.8,10.7,28.8,306,14.25,990.7,loc_madurai,9.9252,78.1198,ECMWF_ERA5_Reanalysis
2021-11-16,29.6,23.2,25.4,35.8,27.8,30.5,16.5,10.2,22.7,51,15.09,991.0,loc_madurai,9.9252,78.1198,ECMWF_ERA5_Reanalysis
2021-11-17,30.3,23.7,25.6,37.3,28.8,31.1,32.9,6.0,15.1,316,14.13,992.4,loc_madurai,9.9252,78.1198,ECMWF_ERA5_Reanalysis
2021-11-18,27.2,23.4,24.9,32.2,28.0,29.8,3.1,10.4,20.5,255,6.92,990.4,loc_madurai,9.9252,78.1198,ECMWF_ERA5_Reanalysis
2021-11-19,30.6,22.0,25.4,37.2,25.5,30.3,14.3,9.0,28.1,270,19.48,988.3,loc_madurai,9.9252,78.1198,ECMWF_ERA5_Reanalysis
2021-11-20,29.6,22.9,25.9,36.0,26.7,31.0,12.9,11.5,29.9,327,14.19,989.8,loc_madurai,9.9252,78.1198,ECMWF_ERA5_Reanalysis
2021-11-21,31.0,21.1,26.3,36.4,24.0,30.4,0.0,12.5,21.2,313,20.61,992.6,loc_madurai,9.9252,78.1198,ECMWF_ERA5_Reanalysis
2021-11-22,31.6,22.2,26.1,36.5,25.4,30.4,7.6,22.5,41.8,33,19.31,993.7,loc_madurai,9.9252,78.1198,ECMWF_ERA5_Reanalysis
2021-11-23,29.7,23.7,25.6,34.4,28.2,30.3,23.1,13.0,32.0,41,13.33,993.6,loc_madurai,9.9252,78.1198,ECMWF_ERA5_Reanalysis
2021-11-24,29.2,22.7,25.3,33.7,26.8,29.5,0.9,14.5,28.8,18,10.41,993.6,loc_madurai,9.9252,78.1198,ECMWF_ERA5_Reanalysis
2021-11-25,27.6,22.5,24.7,30.5,25.2,28.0,27.1,23.3,44.3,36,9.74,993.1,loc_madurai,9.9252,78.1198,ECMWF_ERA5_Reanalysis
2021-11-26,27.4,22.9,24.7,30.9,27.0,28.6,19.6,18.2,33.8,32,9.69,993.6,loc_madurai,9.9252,78.1198,ECMWF_ERA5_Reanalysis
2021-11-27,28.0,22.7,24.9,31.2,26.7,28.6,24.5,21.4,40.3,32,14.41,993.6,loc_madurai,9.9252,78.1198,ECMWF_ERA5_Reanalysis
2021-11-28,27.0,22.7,24.2,31.3,26.2,28.2,23.5,16.9,32.8,47,9.49,994.1,loc_madurai,9.9252,78.1198,ECMWF_ERA5_Reanalysis
2021-11-29,28.4,22.0,24.1,32.3,25.2,27.8,34.4,14.6,31.3,65,11.6,995.2,loc_madurai,9.9252,78.1198,ECMWF_ERA5_Reanalysis
2021-11-30,28.4,21.7,24.2,32.6,25.2,28.2,15.7,10.8,27.7,48,13.41,995.6,loc_madurai,9.9252,78.1198,ECMWF_ERA5_Reanalysis
2021-12-01,29.6,21.9,25.1,34.0,25.4,29.1,5.0,16.1,31.7,41,17.26,995.1,loc_madurai,9.9252,78.1198,ECMWF_ERA5_Reanalysis
2021-12-02,30.1,21.8,25.5,34.3,25.4,29.9,9.2,10.0,22.7,39,17.85,994.8,loc_madurai,9.9252,78.1198,ECMWF_ERA5_Reanalysis
2021-12-03,30.2,22.7,25.7,34.9,26.8,30.2,0.8,6.0,15.8,356,16.96,995.2,loc_madurai,9.9252,78.1198,ECMWF_ERA5_Reanalysis
2021-12-04,28.5,23.1,25.0,33.6,27.5,29.8,4.4,10.9,19.1,189,11.48,995.7,loc_madurai,9.9252,78.1198,ECMWF_ERA5_Reanalysis
2021-12-05,30.4,22.5,25.5,37.2,26.8,30.8,3.9,10.6,28.1,344,17.84,995.3,loc_madurai,9.9252,78.1198,ECMWF_ERA5_Reanalysis
2021-12-06,29.5,22.8,25.5,34.7,27.1,30.4,10.7,7.9,23.0,17,14.25,995.1,loc_madurai,9.9252,78.1198,ECMWF_ERA5_Reanalysis
2021-12-07,30.5,22.9,26.4,35.3,27.4,31.0,3.9,12.6,25.9,40,19.76,995.2,loc_madurai,9.9252,78.1198,ECMWF_ERA5_Reanalysis
2021-12-08,30.0,22.5,25.9,33.5,26.4,29.7,0.3,15.0,29.9,42,18.59,995.4,loc_madurai,9.9252,78.1198,ECMWF_ERA5_Reanalysis
2021-12-09,29.3,22.5,25.2,32.9,26.1,29.1,22.3,20.7,39.6,39,14.95,996.7,loc_madurai,9.9252,78.1198,ECMWF_ERA5_Reanalysis
2021-12-10,29.7,21.8,25.3,32.4,25.2,28.5,0.2,18.1,35.3,36,18.58,997.2,loc_madurai,9.9252,78.1198,ECMWF_ERA5_Reanalysis
2021-12-11,29.4,22.4,25.7,32.8,26.2,28.9,0.2,16.7,35.6,41,17.38,996.7,loc_madurai,9.9252,78.1198,ECMWF_ERA5_Reanalysis
2021-12-12,29.3,23.3,25.5,32.1,26.0,28.4,1.6,19.6,40.3,39,17.58,996.8,loc_madurai,9.9252,78.1198,ECMWF_ERA5_Reanalysis
2021-12-13,29.7,23.2,25.6,32.6,26.5,28.6,0.1,17.8,35.6,36,17.85,995.8,loc_madurai,9.9252,78.1198,ECMWF_ERA5_Reanalysis
2021-12-14,29.1,23.2,25.5,31.5,26.0,28.3,2.7,19.4,38.5,39,17.69,995.5,loc_madurai,9.9252,78.1198,ECMWF_ERA5_Reanalysis
2021-12-15,29.3,22.9,25.5,31.2,25.4,27.9,1.4,20.5,39.6,37,16.38,996.1,loc_madurai,9.9252,78.1198,ECMWF_ERA5_Reanalysis
2021-12-16,29.8,22.4,25.9,32.0,24.6,28.0,0.1,18.4,36.4,34,17.59,997.0,loc_madurai,9.9252,78.1198,ECMWF_ERA5_Reanalysis
2021-12-17,29.9,22.3,25.7,31.9,24.4,27.7,0.0,15.1,31.3,38,20.7,997.5,loc_madurai,9.9252,78.1198,ECMWF_ERA5_Reanalysis
2021-12-18,29.8,20.3,24.6,30.8,22.0,26.1,0.0,17.1,32.0,30,21.12,996.9,loc_madurai,9.9252,78.1198,ECMWF_ERA5_Reanalysis
2021-12-19,28.9,20.4,24.4,30.8,22.8,25.9,0.0,16.1,33.1,32,20.77,998.1,loc_madurai,9.9252,78.1198,ECMWF_ERA5_Reanalysis
2021-12-20,29.0,20.7,24.4,30.5,22.0,25.5,0.0,20.0,39.2,30,21.09,998.2,loc_madurai,9.9252,78.1198,ECMWF_ERA5_Reanalysis
2021-12-21,29.8,18.5,24.1,31.6,20.2,25.8,0.0,12.8,28.1,27,21.5,998.2,loc_madurai,9.9252,78.1198,ECMWF_ERA5_Reanalysis
2021-12-22,30.1,19.1,24.3,32.1,21.2,26.3,0.0,12.1,26.6,43,18.93,997.1,loc_madurai,9.9252,78.1198,ECMWF_ERA5_Reanalysis
2021-12-23,29.8,18.4,23.7,32.8,20.1,25.8,0.0,14.8,27.7,45,20.74,996.6,loc_madurai,9.9252,78.1198,ECMWF_ERA5_Reanalysis
2021-12-24,29.6,17.2,23.2,31.1,18.4,24.6,0.0,12.6,28.1,40,21.62,996.9,loc_madurai,9.9252,78.1198,ECMWF_ERA5_Reanalysis
2021-12-25,29.8,17.7,23.4,31.1,18.9,24.9,0.0,12.6,27.0,49,21.8,997.3,loc_madurai,9.9252,78.1198,ECMWF_ERA5_Reanalysis
2021-12-26,29.9,17.5,23.7,32.1,18.8,25.6,0.0,13.3,29.5,36,21.11,998.3,loc_madurai,9.9252,78.1198,ECMWF_ERA5_Reanalysis
2021-12-27,30.9,19.0,24.6,31.9,20.5,26.3,0.0,13.7,29.9,46,20.33,998.6,loc_madurai,9.9252,78.1198,ECMWF_ERA5_Reanalysis
2021-12-28,30.5,19.3,25.0,31.4,21.1,26.7,0.0,14.9,30.6,48,17.24,997.7,loc_madurai,9.9252,78.1198,ECMWF_ERA5_Reanalysis
2021-12-29,30.9,21.0,25.3,32.9,23.7,27.4,0.0,14.4,30.6,37,20.7,996.8,loc_madurai,9.9252,78.1198,ECMWF_ERA5_Reanalysis
2021-12-30,29.8,20.0,24.7,31.8,22.0,26.8,3.9,19.7,38.9,44,16.2,997.5,loc_madurai,9.9252,78.1198,ECMWF_ERA5_Reanalysis
2021-12-31,29.0,22.8,25.2,30.2,25.3,27.3,1.6,23.2,45.7,39,15.33,998.3,loc_madurai,9.9252,78.1198,ECMWF_ERA5_Reanalysis
2022-01-01,29.9,22.8,24.8,32.6,25.4,27.4,2.2,21.7,42.1,32,16.48,998.8,loc_madurai,9.9252,78.1198,ECMWF_ERA5_Reanalysis
2022-01-02,29.3,22.5,25.0,30.8,25.1,27.3,1.1,19.4,38.2,39,12.58,997.9,loc_madurai,9.9252,78.1198,ECMWF_ERA5_Reanalysis
2022-01-03,30.3,22.3,25.6,31.8,25.1,27.5,0.0,18.9,38.2,36,17.42,997.5,loc_madurai,9.9252,78.1198,ECMWF_ERA5_Reanalysis
2022-01-04,29.1,20.9,25.0,29.8,23.7,26.7,0.0,18.7,37.4,38,15.77,997.9,loc_madurai,9.9252,78.1198,ECMWF_ERA5_Reanalysis
2022-01-05,30.4,20.0,24.9,33.5,22.2,26.9,0.0,13.1,25.9,37,20.94,997.7,loc_madurai,9.9252,78.1198,ECMWF_ERA5_Reanalysis
2022-01-06,30.2,19.9,25.1,32.0,22.1,27.3,0.0,18.4,37.1,39,16.51,996.7,loc_madurai,9.9252,78.1198,ECMWF_ERA5_Reanalysis
2022-01-07,31.3,20.9,25.6,33.9,23.8,28.4,0.0,12.8,26.6,51,16.78,997.0,loc_madurai,9.9252,78.1198,ECMWF_ERA5_Reanalysis
2022-01-08,30.4,21.7,25.8,32.2,25.1,28.3,0.0,14.8,31.7,44,15.98,997.4,loc_madurai,9.9252,78.1198,ECMWF_ERA5_Reanalysis
2022-01-09,30.5,21.2,25.6,32.4,24.5,28.1,0.0,13.3,29.5,43,17.05,996.4,loc_madurai,9.9252,78.1198,ECMWF_ERA5_Reanalysis
2022-01-10,31.7,20.7,26.1,34.2,23.8,28.5,0.0,13.8,25.9,60,21.5,996.1,loc_madurai,9.9252,78.1198,ECMWF_ERA5_Reanalysis
2022-01-11,32.1,21.9,26.4,35.6,25.2,29.5,0.2,12.5,26.6,52,20.05,996.0,loc_madurai,9.9252,78.1198,ECMWF_ERA5_Reanalysis
2022-01-12,32.1,21.4,26.6,35.4,25.1,30.0,0.0,10.0,24.1,62,19.92,995.6,loc_madurai,9.9252,78.1198,ECMWF_ERA5_Reanalysis
2022-01-13,32.5,22.3,27.0,36.9,25.8,30.9,0.6,13.1,22.3,95,20.26,995.1,loc_madurai,9.9252,78.1198,ECMWF_ERA5_Reanalysis
2022-01-14,31.7,22.5,26.9,35.6,26.3,30.8,1.1,7.4,17.3,96,19.03,995.0,loc_madurai,9.9252,78.1198,ECMWF_ERA5_Reanalysis
2022-01-15,32.8,22.5,27.2,35.7,26.3,30.4,0.0,12.6,23.4,70,20.76,995.3,loc_madurai,9.9252,78.1198,ECMWF_ERA5_Reanalysis
2022-01-16,32.3,22.8,27.1,35.0,26.8,29.7,0.0,16.8,33.1,48,20.55,996.6,loc_madurai,9.9252,78.1198,ECMWF_ERA5_Reanalysis
2022-01-17,31.4,22.3,26.3,33.0,25.6,28.5,0.4,19.9,40.7,39,19.73,998.3,loc_madurai,9.9252,78.1198,ECMWF_ERA5_Reanalysis
2022-01-18,31.4,21.5,26.0,32.2,24.3,27.6,0.0,17.6,37.1,42,18.36,997.9,loc_madurai,9.9252,78.1198,ECMWF_ERA5_Reanalysis
2022-01-19,32.5,20.8,26.3,34.1,23.5,27.8,0.0,14.3,32.4,36,20.47,996.3,loc_madurai,9.9252,78.1198,ECMWF_ERA5_Reanalysis
2022-01-20,32.9,19.5,25.8,35.4,21.6,27.7,0.0,12.2,21.2,53,22.31,995.1,loc_madurai,9.9252,78.1198,ECMWF_ERA5_Reanalysis
2022-01-21,33.5,20.0,26.1,36.6,22.8,28.7,0.0,13.0,22.3,88,21.92,995.3,loc_madurai,9.9252,78.1198,ECMWF_ERA5_Reanalysis
2022-01-22,35.2,21.2,27.6,37.6,24.1,29.8,0.0,11.9,24.8,262,21.94,993.4,loc_madurai,9.9252,78.1198,ECMWF_ERA5_Reanalysis
2022-01-23,34.8,21.1,27.9,37.4,23.5,29.9,0.0,16.6,32.8,277,22.48,993.3,loc_madurai,9.9252,78.1198,ECMWF_ERA5_Reanalysis
2022-01-24,33.0,22.1,27.3,36.5,25.4,30.3,0.3,11.4,31.7,107,19.4,992.8,loc_madurai,9.9252,78.1198,ECMWF_ERA5_Reanalysis
2022-01-25,33.9,23.5,27.7,36.4,27.2,30.6,1.0,15.3,29.9,108,19.75,993.2,loc_madurai,9.9252,78.1198,ECMWF_ERA5_Reanalysis
2022-01-26,31.2,22.5,26.4,34.3,26.2,29.2,1.6,11.8,23.4,102,19.03,994.2,loc_madurai,9.9252,78.1198,ECMWF_ERA5_Reanalysis
2022-01-27,33.4,21.3,27.0,34.9,23.7,28.4,0.1,18.8,34.9,56,20.77,994.0,loc_madurai,9.9252,78.1198,ECMWF_ERA5_Reanalysis
2022-01-28,33.1,21.5,26.6,33.9,24.3,28.2,0.0,18.1,36.7,48,20.61,995.4,loc_madurai,9.9252,78.1198,ECMWF_ERA5_Reanalysis
2022-01-29,30.7,23.1,26.4,31.0,25.2,28.1,1.6,22.4,44.3,40,12.92,996.4,loc_madurai,9.9252,78.1198,ECMWF_ERA5_Reanalysis
2022-01-30,31.7,23.2,26.8,33.8,26.9,29.5,4.0,19.2,37.1,50,16.35,995.9,loc_madurai,9.9252,78.1198,ECMWF_ERA5_Reanalysis
2022-01-31,33.1,21.7,27.2,34.8,25.4,29.9,0.0,15.9,28.4,59,16.04,995.1,loc_madurai,9.9252,78.1198,ECMWF_ERA5_Reanalysis
2022-02-01,33.6,22.8,27.2,34.8,26.0,29.3,0.0,17.3,32.0,57,19.92,994.7,loc_madurai,9.9252,78.1198,ECMWF_ERA5_Reanalysis
2022-02-02,33.9,20.3,26.4,35.9,23.6,28.5,0.0,14.4,30.6,59,23.31,995.4,loc_madurai,9.9252,78.1198,ECMWF_ERA5_Reanalysis
2022-02-03,34.0,20.0,26.6,35.8,22.2,28.4,0.0,11.6,22.0,76,23.58,995.3,loc_madurai,9.9252,78.1198,ECMWF_ERA5_Reanalysis
2022-02-04,35.6,21.6,28.0,38.5,23.4,30.2,0.0,17.4,33.8,259,23.3,993.5,loc_madurai,9.9252,78.1198,ECMWF_ERA5_Reanalysis
2022-02-05,34.9,22.4,28.3,37.8,26.4,31.0,0.0,16.2,29.9,89,21.99,993.9,loc_madurai,9.9252,78.1198,ECMWF_ERA5_Reanalysis
2022-02-06,34.1,23.1,27.7,36.3,27.0,30.2,0.7,22.7,41.0,70,20.91,996.5,loc_madurai,9.9252,78.1198,ECMWF_ERA5_Reanalysis
2022-02-07,34.4,22.5,27.6,35.4,25.2,29.2,0.0,18.6,33.8,50,22.16,996.9,loc_madurai,9.9252,78.1198,ECMWF_ERA5_Reanalysis
2022-02-08,34.1,21.9,27.3,34.9,24.4,28.6,0.0,17.3,33.8,49,22.16,995.9,loc_madurai,9.9252,78.1198,ECMWF_ERA5_Reanalysis
2022-02-09,33.3,21.6,26.8,33.6,23.2,27.4,0.0,19.4,38.9,47,20.87,995.8,loc_madurai,9.9252,78.1198,ECMWF_ERA5_Reanalysis
2022-02-10,34.2,21.3,27.2,33.3,23.4,28.0,0.0,15.6,34.9,39,23.7,995.1,loc_madurai,9.9252,78.1198,ECMWF_ERA5_Reanalysis
2022-02-11,30.5,23.6,26.4,31.7,26.4,28.4,0.8,19.9,41.0,40,12.66,994.8,loc_madurai,9.9252,78.1198,ECMWF_ERA5_Reanalysis
2022-02-12,32.0,23.4,26.1,34.3,26.5,28.5,2.4,20.2,40.0,41,14.12,994.6,loc_madurai,9.9252,78.1198,ECMWF_ERA5_Reanalysis
2022-02-13,30.2,23.6,26.4,31.2,26.0,28.2,0.0,16.8,35.6,51,12.93,994.2,loc_madurai,9.9252,78.1198,ECMWF_ERA5_Reanalysis
2022-02-14,32.6,21.3,26.1,33.7,23.9,27.9,0.0,20.6,36.7,46,17.03,994.0,loc_madurai,9.9252,78.1198,ECMWF_ERA5_Reanalysis
2022-02-15,32.1,22.1,26.6,32.5,24.6,27.9,0.0,18.4,37.4,44,16.69,994.1,loc_madurai,9.9252,78.1198,ECMWF_ERA5_Reanalysis
2022-02-16,33.4,21.2,26.8,35.2,23.4,28.1,0.0,18.2,34.6,47,21.58,992.4,loc_madurai,9.9252,78.1198,ECMWF_ERA5_Reanalysis
2022-02-17,34.0,21.4,27.0,34.5,22.9,28.1,0.0,17.2,34.9,53,23.66,991.4,loc_madurai,9.9252,78.1198,ECMWF_ERA5_Reanalysis
2022-02-18,34.0,21.7,27.3,34.8,23.6,28.8,0.0,18.8,37.8,50,22.23,992.9,loc_madurai,9.9252,78.1198,ECMWF_ERA5_Reanalysis
2022-02-19,33.6,22.3,27.3,35.8,25.3,29.6,0.2,15.7,34.6,48,20.12,994.8,loc_madurai,9.9252,78.1198,ECMWF_ERA5_Reanalysis
2022-02-20,35.1,22.2,28.4,38.2,25.4,31.1,0.0,13.4,24.5,63,23.64,994.4,loc_madurai,9.9252,78.1198,ECMWF_ERA5_Reanalysis
2022-02-21,35.6,22.9,28.9,38.9,27.3,32.3,0.0,16.2,30.2,82,21.66,993.4,loc_madurai,9.9252,78.1198,ECMWF_ERA5_Reanalysis
2022-02-22,36.5,24.0,29.4,37.4,26.4,31.3,0.0,19.1,36.7,80,22.81,994.6,loc_madurai,9.9252,78.1198,ECMWF_ERA5_Reanalysis
2022-02-23,35.2,21.9,28.2,35.7,24.5,29.4,0.0,18.4,37.8,59,23.64,996.9,loc_madurai,9.9252,78.1198,ECMWF_ERA5_Reanalysis
2022-02-24,32.9,24.7,28.0,34.3,27.0,29.5,1.1,18.8,35.6,55,18.16,998.1,loc_madurai,9.9252,78.1198,ECMWF_ERA5_Reanalysis
2022-02-25,34.5,23.1,28.0,35.1,25.4,29.1,0.0,18.4,36.0,52,24.44,997.3,loc_madurai,9.9252,78.1198,ECMWF_ERA5_Reanalysis
2022-02-26,34.3,21.6,27.8,34.8,23.7,29.0,0.0,16.1,32.8,51,20.77,997.0,loc_madurai,9.9252,78.1198,ECMWF_ERA5_Reanalysis
2022-02-27,35.1,23.6,28.6,36.1,26.9,30.1,0.1,18.4,36.4,55,23.23,996.9,loc_madurai,9.9252,78.1198,ECMWF_ERA5_Reanalysis
2022-02-28,35.2,21.7,28.2,36.2,24.9,29.4,0.0,16.7,36.7,54,23.54,996.6,loc_madurai,9.9252,78.1198,ECMWF_ERA5_Reanalysis
2022-03-01,36.1,21.6,28.8,35.1,23.5,28.6,0.0,18.7,40.3,49,25.39,996.3,loc_madurai,9.9252,78.1198,ECMWF_ERA5_Reanalysis
2022-03-02,35.5,20.7,28.2,33.8,20.7,27.1,0.0,23.4,47.2,46,24.68,995.7,loc_madurai,9.9252,78.1198,ECMWF_ERA5_Reanalysis
2022-03-03,35.1,21.6,28.1,34.7,21.9,27.8,0.0,21.9,45.0,41,22.64,995.1,loc_madurai,9.9252,78.1198,ECMWF_ERA5_Reanalysis
2022-03-04,36.0,22.5,28.4,37.2,24.0,29.4,0.1,22.7,42.8,28,22.47,994.5,loc_madurai,9.9252,78.1198,ECMWF_ERA5_Reanalysis
2022-03-05,36.6,22.1,29.1,37.6,25.0,30.5,0.0,20.3,36.7,30,24.66,994.0,loc_madurai,9.9252,78.1198,ECMWF_ERA5_Reanalysis
2022-03-06,36.4,22.9,29.0,37.4,25.4,30.3,0.0,21.4,43.2,38,23.52,993.6,loc_madurai,9.9252,78.1198,ECMWF_ERA5_Reanalysis
2022-03-07,32.0,23.7,27.4,33.4,24.9,29.1,0.0,17.3,36.0,34,14.22,994.2,loc_madurai,9.9252,78.1198,ECMWF_ERA5_Reanalysis
2022-03-08,35.2,23.3,28.8,37.8,27.1,31.3,0.0,17.9,33.8,57,22.73,994.6,loc_madurai,9.9252,78.1198,ECMWF_ERA5_Reanalysis
2022-03-09,36.2,23.6,29.4,37.6,26.8,31.2,0.0,15.3,33.5,60,25.15,994.0,loc_madurai,9.9252,78.1198,ECMWF_ERA5_Reanalysis
2022-03-10,36.9,20.4,28.6,36.6,23.2,29.5,0.0,15.7,33.8,55,25.94,994.0,loc_madurai,9.9252,78.1198,ECMWF_ERA5_Reanalysis
2022-03-11,37.2,20.9,28.7,37.2,24.1,29.9,0.0,19.3,38.9,60,25.57,993.4,loc_madurai,9.9252,78.1198,ECMWF_ERA5_Reanalysis
2022-03-12,37.6,20.8,28.9,36.1,23.8,29.4,0.0,20.5,40.3,56,26.17,993.0,loc_madurai,9.9252,78.1198,ECMWF_ERA5_Reanalysis
2022-03-13,37.5,19.7,28.9,35.5,21.4,29.0,0.0,22.6,46.4,53,26.0,993.3,loc_madurai,9.9252,78.1198,ECMWF_ERA5_Reanalysis
2022-03-14,37.7,22.3,29.9,36.7,22.1,29.7,0.0,21.1,43.9,54,25.82,993.4,loc_madurai,9.9252,78.1198,ECMWF_ERA5_Reanalysis
2022-03-15,38.8,21.7,30.0,38.6,22.8,30.5,0.0,17.1,36.7,59,25.51,992.6,loc_madurai,9.9252,78.1198,ECMWF_ERA5_Reanalysis
2022-03-16,39.8,24.4,31.1,40.1,26.9,32.6,0.0,20.4,39.2,98,22.33,991.6,loc_madurai,9.9252,78.1198,ECMWF_ERA5_Reanalysis
2022-03-17,40.1,24.8,31.8,40.5,27.3,33.3,0.0,19.6,38.5,72,22.77,990.8,loc_madurai,9.9252,78.1198,ECMWF_ERA5_Reanalysis
2022-03-18,39.7,24.0,31.7,39.6,26.5,32.7,0.0,19.0,37.4,67,25.95,990.6,loc_madurai,9.9252,78.1198,ECMWF_ERA5_Reanalysis
2022-03-19,40.0,24.3,31.8,41.7,26.5,33.5,0.0,18.1,36.0,68,23.11,990.3,loc_madurai,9.9252,78.1198,ECMWF_ERA5_Reanalysis
2022-03-20,39.4,26.4,31.8,41.0,28.4,33.7,0.1,10.5,43.9,297,22.91,990.6,loc_madurai,9.9252,78.1198,ECMWF_ERA5_Reanalysis
2022-03-21,39.5,26.2,32.3,42.5,28.8,34.7,0.1,21.3,38.2,250,23.49,990.7,loc_madurai,9.9252,78.1198,ECMWF_ERA5_Reanalysis
2022-03-22,40.7,26.9,32.3,44.4,29.8,34.8,0.0,28.7,52.9,239,22.69,990.8,loc_madurai,9.9252,78.1198,ECMWF_ERA5_Reanalysis
2022-03-23,39.3,26.9,31.7,42.6,31.3,35.5,0.8,15.6,34.9,101,23.37,990.8,loc_madurai,9.9252,78.1198,ECMWF_ERA5_Reanalysis
2022-03-24,37.3,25.8,30.0,40.4,30.6,33.8,0.6,23.5,45.4,79,22.13,991.5,loc_madurai,9.9252,78.1198,ECMWF_ERA5_Reanalysis
2022-03-25,38.2,25.8,30.5,42.6,30.8,34.4,2.1,19.7,42.8,125,21.86,992.5,loc_madurai,9.9252,78.1198,ECMWF_ERA5_Reanalysis
2022-03-26,38.5,25.5,30.8,41.8,29.8,34.3,0.6,20.9,47.2,134,23.54,994.4,loc_madurai,9.9252,78.1198,ECMWF_ERA5_Reanalysis
2022-03-27,37.8,25.6,31.2,41.4,30.6,34.7,0.1,14.1,29.9,134,23.86,994.6,loc_madurai,9.9252,78.1198,ECMWF_ERA5_Reanalysis
2022-03-28,38.5,25.4,31.3,41.5,30.7,35.0,0.0,15.2,29.5,137,24.25,994.2,loc_madurai,9.9252,78.1198,ECMWF_ERA5_Reanalysis
2022-03-29,38.2,25.4,31.1,41.6,30.5,34.8,0.2,18.7,41.4,150,23.53,993.2,loc_madurai,9.9252,78.1198,ECMWF_ERA5_Reanalysis
2022-03-30,40.4,25.9,31.4,41.6,30.9,34.9,0.0,24.7,48.6,139,24.46,992.8,loc_madurai,9.9252,78.1198,ECMWF_ERA5_Reanalysis
2022-03-31,40.0,25.2,31.6,41.1,30.1,34.6,0.0,17.1,34.9,126,24.06,992.9,loc_madurai,9.9252,78.1198,ECMWF_ERA5_Reanalysis
2022-04-01,38.5,24.5,30.7,40.7,29.9,34.1,0.0,19.9,38.5,138,20.9,993.3,loc_madurai,9.9252,78.1198,ECMWF_ERA5_Reanalysis
2022-04-02,40.2,25.0,31.3,41.8,30.2,34.6,0.0,18.7,44.6,123,24.46,994.0,loc_madurai,9.9252,78.1198,ECMWF_ERA5_Reanalysis
2022-04-03,38.4,25.9,30.5,41.7,30.8,34.5,1.6,18.1,39.6,122,23.36,993.6,loc_madurai,9.9252,78.1198,ECMWF_ERA5_Reanalysis
2022-04-04,38.3,24.5,30.8,41.6,29.5,34.3,0.0,16.9,33.5,100,24.47,994.1,loc_madurai,9.9252,78.1198,ECMWF_ERA5_Reanalysis
2022-04-05,36.6,25.1,30.2,40.0,29.6,33.6,1.2,14.1,27.7,133,23.65,996.0,loc_madurai,9.9252,78.1198,ECMWF_ERA5_Reanalysis
2022-04-06,36.8,24.4,29.2,41.3,29.2,33.0,3.4,24.0,46.8,179,23.16,996.1,loc_madurai,9.9252,78.1198,ECMWF_ERA5_Reanalysis
2022-04-07,38.7,24.1,30.7,41.2,28.4,33.9,0.0,17.0,34.2,105,24.21,994.4,loc_madurai,9.9252,78.1198,ECMWF_ERA5_Reanalysis
2022-04-08,36.4,25.6,28.9,40.1,31.1,33.3,7.8,16.6,49.7,134,19.98,994.1,loc_madurai,9.9252,78.1198,ECMWF_ERA5_Reanalysis
2022-04-09,34.8,24.1,27.9,40.6,29.5,32.9,1.6,12.7,29.9,160,19.88,993.1,loc_madurai,9.9252,78.1198,ECMWF_ERA5_Reanalysis
2022-04-10,33.9,23.9,26.8,39.4,29.2,32.0,10.5,21.0,41.8,176,13.78,992.3,loc_madurai,9.9252,78.1198,ECMWF_ERA5_Reanalysis
2022-04-11,32.9,24.1,26.9,38.3,29.0,31.9,29.8,12.3,31.3,18,14.11,991.7,loc_madurai,9.9252,78.1198,ECMWF_ERA5_Reanalysis
2022-04-12,31.1,23.0,25.8,37.0,27.2,30.8,28.3,12.5,30.2,200,13.93,991.3,loc_madurai,9.9252,78.1198,ECMWF_ERA5_Reanalysis
2022-04-13,31.6,23.6,25.6,38.2,28.5,30.7,26.1,12.5,27.7,163,14.59,991.2,loc_madurai,9.9252,78.1198,ECMWF_ERA5_Reanalysis
2022-04-14,32.2,22.9,27.1,38.6,27.7,32.2,0.5,10.4,21.6,207,19.8,991.8,loc_madurai,9.9252,78.1198,ECMWF_ERA5_Reanalysis
2022-04-15,33.9,24.1,28.6,40.9,29.2,34.2,1.0,8.6,21.2,199,24.41,991.3,loc_madurai,9.9252,78.1198,ECMWF_ERA5_Reanalysis
2022-04-16,34.3,25.2,28.8,41.8,30.3,34.7,10.4,9.4,22.7,181,23.54,990.3,loc_madurai,9.9252,78.1198,ECMWF_ERA5_Reanalysis
2022-04-17,33.3,25.1,28.1,41.1,30.2,33.7,8.0,18.1,40.3,212,20.98,991.1,loc_madurai,9.9252,78.1198,ECMWF_ERA5_Reanalysis
2022-04-18,33.6,24.0,27.9,40.7,28.4,32.7,15.0,10.8,23.4,297,20.6,992.6,loc_madurai,9.9252,78.1198,ECMWF_ERA5_Reanalysis
2022-04-19,34.1,24.6,27.8,41.3,28.8,32.9,10.6,11.8,36.4,288,20.83,993.5,loc_madurai,9.9252,78.1198,ECMWF_ERA5_Reanalysis
2022-04-20,34.8,24.9,29.3,40.8,30.3,34.9,0.1,9.8,20.2,82,24.19,991.9,loc_madurai,9.9252,78.1198,ECMWF_ERA5_Reanalysis
2022-04-21,34.2,24.5,29.0,40.4,30.2,34.4,1.7,12.2,23.8,98,23.8,991.4,loc_madurai,9.9252,78.1198,ECMWF_ERA5_Reanalysis
2022-04-22,34.4,24.3,28.2,39.9,29.3,33.4,3.6,17.7,35.3,100,23.36,992.6,loc_madurai,9.9252,78.1198,ECMWF_ERA5_Reanalysis
2022-04-23,32.9,23.4,27.2,39.9,28.3,32.3,2.4,11.9,27.7,227,19.12,993.5,loc_madurai,9.9252,78.1198,ECMWF_ERA5_Reanalysis
2022-04-24,34.4,24.3,28.7,39.8,29.5,33.8,0.4,11.5,20.9,145,22.6,991.9,loc_madurai,9.9252,78.1198,ECMWF_ERA5_Reanalysis
2022-04-25,34.7,25.1,29.6,40.5,30.2,34.8,0.0,12.1,20.9,159,23.85,991.5,loc_madurai,9.9252,78.1198,ECMWF_ERA5_Reanalysis
2022-04-26,35.9,24.6,29.9,40.9,30.4,34.9,0.0,11.5,25.6,110,24.78,991.7,loc_madurai,9.9252,78.1198,ECMWF_ERA5_Reanalysis
2022-04-27,37.1,24.2,30.2,41.5,30.0,35.0,0.0,15.6,27.0,119,24.48,991.3,loc_madurai,9.9252,78.1198,ECMWF_ERA5_Reanalysis
2022-04-28,37.2,25.3,30.5,41.5,30.6,35.1,0.0,16.6,30.6,162,24.66,992.3,loc_madurai,9.9252,78.1198,ECMWF_ERA5_Reanalysis
2022-04-29,38.7,25.6,31.3,42.8,31.5,36.0,2.8,19.1,38.5,130,24.18,992.0,loc_madurai,9.9252,78.1198,ECMWF_ERA5_Reanalysis
2022-04-30,40.7,25.7,32.2,43.9,30.0,36.0,0.0,20.1,36.0,330,24.2,990.2,loc_madurai,9.9252,78.1198,ECMWF_ERA5_Reanalysis
2022-05-01,40.7,26.8,32.1,44.3,31.2,35.9,0.2,13.8,45.4,312,22.98,989.2,loc_madurai,9.9252,78.1198,ECMWF_ERA5_Reanalysis
2022-05-02,40.0,26.7,32.5,43.8,30.0,35.9,0.1,19.6,40.7,245,22.62,988.9,loc_madurai,9.9252,78.1198,ECMWF_ERA5_Reanalysis
2022-05-03,41.1,27.1,33.1,43.7,30.6,36.6,0.0,16.1,31.0,96,23.79,989.6,loc_madurai,9.9252,78.1198,ECMWF_ERA5_Reanalysis
2022-05-04,39.3,26.8,31.6,43.5,30.4,36.2,1.8,17.7,39.6,37,23.32,991.0,loc_madurai,9.9252,78.1198,ECMWF_ERA5_Reanalysis
2022-05-05,38.3,25.8,31.3,43.3,30.3,35.8,0.5,16.1,38.9,313,23.56,990.5,loc_madurai,9.9252,78.1198,ECMWF_ERA5_Reanalysis
2022-05-06,39.2,27.0,32.4,43.8,33.2,37.1,0.1,11.4,21.6,159,24.01,990.0,loc_madurai,9.9252,78.1198,ECMWF_ERA5_Reanalysis
2022-05-07,39.0,26.4,32.4,41.9,31.8,36.3,0.0,11.4,23.0,328,20.45,989.3,loc_madurai,9.9252,78.1198,ECMWF_ERA5_Reanalysis
2022-05-08,40.6,26.8,33.3,44.4,30.5,36.4,0.0,10.9,23.4,332,20.37,987.3,loc_madurai,9.9252,78.1198,ECMWF_ERA5_Reanalysis
2022-05-09,39.2,28.3,32.7,41.3,31.3,35.5,0.0,13.5,28.1,294,15.29,986.3,loc_madurai,9.9252,78.1198,ECMWF_ERA5_Reanalysis
2022-05-10,38.8,25.8,31.3,41.0,29.4,34.2,8.7,18.7,41.8,274,16.39,986.6,loc_madurai,9.9252,78.1198,ECMWF_ERA5_Reanalysis
2022-05-11,37.8,26.5,31.3,39.8,29.7,33.3,0.0,23.2,47.2,270,17.09,987.4,loc_madurai,9.9252,78.1198,ECMWF_ERA5_Reanalysis
2022-05-12,36.8,26.0,30.6,38.8,29.6,32.9,0.9,20.8,46.4,266,20.05,989.0,loc_madurai,9.9252,78.1198,ECMWF_ERA5_Reanalysis
2022-05-13,37.3,26.1,30.9,40.6,29.4,33.9,0.0,14.0,30.6,268,20.12,988.8,loc_madurai,9.9252,78.1198,ECMWF_ERA5_Reanalysis
2022-05-14,39.6,26.8,30.7,41.8,29.9,33.3,0.4,21.5,52.2,259,17.66,989.0,loc_madurai,9.9252,78.1198,ECMWF_ERA5_Reanalysis
2022-05-15,37.1,25.2,30.5,40.0,29.1,33.4,1.3,24.2,47.9,264,21.85,989.8,loc_madurai,9.9252,78.1198,ECMWF_ERA5_Reanalysis
2022-05-16,36.1,26.0,29.4,41.2,29.8,33.3,6.6,20.6,43.2,281,16.77,989.2,loc_madurai,9.9252,78.1198,ECMWF_ERA5_Reanalysis
2022-05-17,36.5,25.7,29.3,40.7,30.3,33.8,4.9,19.3,38.9,214,19.57,987.8,loc_madurai,9.9252,78.1198,ECMWF_ERA5_Reanalysis
2022-05-18,35.7,25.2,28.4,39.5,29.1,32.6,4.4,20.3,40.3,216,17.1,988.5,loc_madurai,9.9252,78.1198,ECMWF_ERA5_Reanalysis
2022-05-19,35.5,24.6,28.8,39.5,29.1,32.7,0.6,19.6,41.0,239,21.06,990.4,loc_madurai,9.9252,78.1198,ECMWF_ERA5_Reanalysis
2022-05-20,35.1,24.1,29.1,39.4,28.3,32.5,0.2,22.3,39.6,238,19.65,991.3,loc_madurai,9.9252,78.1198,ECMWF_ERA5_Reanalysis
2022-05-21,36.3,24.8,30.0,38.8,29.1,32.9,0.1,27.8,51.1,249,22.07,990.6,loc_madurai,9.9252,78.1198,ECMWF_ERA5_Reanalysis
2022-05-22,36.2,25.1,30.0,40.4,29.3,33.4,0.9,14.5,35.6,268,22.18,989.2,loc_madurai,9.9252,78.1198,ECMWF_ERA5_Reanalysis
2022-05-23,37.4,25.2,30.4,41.8,28.9,34.1,0.3,18.5,39.2,283,21.19,988.4,loc_madurai,9.9252,78.1198,ECMWF_ERA5_Reanalysis
2022-05-24,38.4,25.6,31.0,41.9,29.3,34.5,0.2,12.6,27.4,283,23.29,990.4,loc_madurai,9.9252,78.1198,ECMWF_ERA5_Reanalysis
2022-05-25,39.1,26.0,31.4,43.5,29.3,35.0,0.5,17.3,45.0,267,22.36,991.7,loc_madurai,9.9252,78.1198,ECMWF_ERA5_Reanalysis
2022-05-26,38.3,26.0,29.9,42.6,29.9,34.0,21.1,26.2,51.5,276,20.87,992.2,loc_madurai,9.9252,78.1198,ECMWF_ERA5_Reanalysis
2022-05-27,38.1,25.5,29.7,42.7,28.0,33.4,6.7,30.7,56.2,274,21.71,991.7,loc_madurai,9.9252,78.1198,ECMWF_ERA5_Reanalysis
2022-05-28,37.0,25.4,29.9,41.9,28.4,33.4,0.7,18.6,41.8,280,22.09,991.1,loc_madurai,9.9252,78.1198,ECMWF_ERA5_Reanalysis
2022-05-29,37.7,25.4,29.3,41.4,28.9,33.1,13.0,12.1,49.3,265,19.25,990.9,loc_madurai,9.9252,78.1198,ECMWF_ERA5_Reanalysis
2022-05-30,36.7,25.1,29.3,41.0,28.6,33.1,0.6,19.0,38.9,281,22.67,990.2,loc_madurai,9.9252,78.1198,ECMWF_ERA5_Reanalysis
2022-05-31,36.3,25.4,29.3,40.5,28.3,32.5,6.6,13.7,28.8,293,20.98,989.5,loc_madurai,9.9252,78.1198,ECMWF_ERA5_Reanalysis
2022-06-01,36.8,24.7,30.0,41.1,27.7,33.4,2.0,12.9,28.4,275,23.09,989.2,loc_madurai,9.9252,78.1198,ECMWF_ERA5_Reanalysis
2022-06-02,37.8,26.2,30.9,41.3,29.1,33.9,0.4,18.7,38.5,278,23.31,989.3,loc_madurai,9.9252,78.1198,ECMWF_ERA5_Reanalysis
2022-06-03,39.4,25.9,31.5,43.1,28.8,34.4,0.5,19.4,42.8,276,24.09,988.7,loc_madurai,9.9252,78.1198,ECMWF_ERA5_Reanalysis
2022-06-04,40.1,26.2,31.7,44.6,29.4,34.9,0.4,21.4,54.7,252,23.35,988.5,loc_madurai,9.9252,78.1198,ECMWF_ERA5_Reanalysis
2022-06-05,39.7,26.8,31.6,43.3,30.4,35.0,2.4,20.7,46.1,275,23.2,988.9,loc_madurai,9.9252,78.1198,ECMWF_ERA5_Reanalysis
2022-06-06,37.9,25.8,30.9,42.9,30.1,34.6,3.2,15.8,40.0,263,21.02,989.6,loc_madurai,9.9252,78.1198,ECMWF_ERA5_Reanalysis
2022-06-07,33.5,25.2,29.1,37.4,29.9,32.9,0.0,14.2,24.5,247,11.14,990.5,loc_madurai,9.9252,78.1198,ECMWF_ERA5_Reanalysis
2022-06-08,36.6,26.0,30.2,40.6,30.0,33.9,0.4,14.1,42.8,280,21.86,989.9,loc_madurai,9.9252,78.1198,ECMWF_ERA5_Reanalysis
2022-06-09,38.9,25.5,29.6,43.4,28.4,33.4,4.2,28.8,54.0,302,22.81,989.5,loc_madurai,9.9252,78.1198,ECMWF_ERA5_Reanalysis
2022-06-10,37.8,26.5,29.9,42.2,29.6,33.8,9.8,20.7,40.7,257,18.67,990.5,loc_madurai,9.9252,78.1198,ECMWF_ERA5_Reanalysis
2022-06-11,37.5,24.9,30.1,40.3,29.1,33.7,5.5,17.7,40.0,265,21.34,991.2,loc_madurai,9.9252,78.1198,ECMWF_ERA5_Reanalysis
2022-06-12,37.2,25.9,28.9,42.5,29.1,32.8,19.0,28.0,54.4,263,19.47,991.2,loc_madurai,9.9252,78.1198,ECMWF_ERA5_Reanalysis
2022-06-13,33.8,25.0,28.8,40.0,28.1,33.1,0.2,11.3,35.3,280,22.04,991.4,loc_madurai,9.9252,78.1198,ECMWF_ERA5_Reanalysis
2022-06-14,35.5,25.3,29.6,41.4,28.7,33.6,0.0,17.3,34.2,270,21.99,990.9,loc_madurai,9.9252,78.1198,ECMWF_ERA5_Reanalysis
2022-06-15,34.8,25.3,28.5,40.5,29.1,32.8,6.4,25.2,45.4,275,20.51,990.6,loc_madurai,9.9252,78.1198,ECMWF_ERA5_Reanalysis
2022-06-16,34.0,24.2,27.6,39.8,28.4,32.7,7.9,14.0,26.3,277,20.47,990.7,loc_madurai,9.9252,78.1198,ECMWF_ERA5_Reanalysis
2022-06-17,33.7,24.4,27.7,39.0,29.9,32.7,6.9,7.9,22.0,246,18.49,990.6,loc_madurai,9.9252,78.1198,ECMWF_ERA5_Reanalysis
2022-06-18,31.7,24.1,27.4,37.8,29.3,32.4,10.9,12.8,33.1,192,17.65,990.8,loc_madurai,9.9252,78.1198,ECMWF_ERA5_Reanalysis
2022-06-19,33.4,24.9,27.7,39.6,28.5,32.5,12.6,11.9,32.8,252,19.39,991.1,loc_madurai,9.9252,78.1198,ECMWF_ERA5_Reanalysis
2022-06-20,34.6,24.4,28.6,40.2,27.6,32.8,1.5,15.4,38.2,254,21.85,990.3,loc_madurai,9.9252,78.1198,ECMWF_ERA5_Reanalysis
2022-06-21,34.6,24.9,29.0,39.0,28.2,33.3,0.8,8.8,28.4,293,19.81,989.1,loc_madurai,9.9252,78.1198,ECMWF_ERA5_Reanalysis
2022-06-22,35.4,25.1,29.2,40.4,28.0,32.9,2.5,12.7,27.7,302,20.41,990.3,loc_madurai,9.9252,78.1198,ECMWF_ERA5_Reanalysis
2022-06-23,35.8,25.0,29.3,39.4,28.4,32.9,1.2,13.0,43.6,276,19.76,991.2,loc_madurai,9.9252,78.1198,ECMWF_ERA5_Reanalysis
2022-06-24,35.2,25.2,29.4,40.1,28.9,33.2,2.2,16.6,30.2,285,20.64,990.5,loc_madurai,9.9252,78.1198,ECMWF_ERA5_Reanalysis
2022-06-25,34.2,25.1,29.4,38.3,28.8,32.5,0.1,14.0,27.7,259,15.26,989.0,loc_madurai,9.9252,78.1198,ECMWF_ERA5_Reanalysis
2022-06-26,36.7,25.3,30.6,40.0,28.5,33.4,0.0,17.8,40.3,272,23.05,989.1,loc_madurai,9.9252,78.1198,ECMWF_ERA5_Reanalysis
2022-06-27,37.3,25.0,30.7,40.1,28.2,33.3,0.2,14.8,31.3,260,20.54,990.3,loc_madurai,9.9252,78.1198,ECMWF_ERA5_Reanalysis
2022-06-28,37.0,26.1,30.4,41.7,29.3,33.5,0.1,14.0,37.4,323,20.05,990.3,loc_madurai,9.9252,78.1198,ECMWF_ERA5_Reanalysis
2022-06-29,37.6,26.1,30.8,41.2,29.0,33.9,1.8,23.3,48.6,285,18.31,988.9,loc_madurai,9.9252,78.1198,ECMWF_ERA5_Reanalysis
2022-06-30,37.7,26.1,29.5,42.1,28.3,32.8,5.8,29.5,55.8,294,19.21,988.7,loc_madurai,9.9252,78.1198,ECMWF_ERA5_Reanalysis
2022-07-01,36.1,24.5,29.6,40.6,28.4,33.5,0.0,11.3,25.2,299,22.38,988.5,loc_madurai,9.9252,78.1198,ECMWF_ERA5_Reanalysis
2022-07-02,35.7,25.5,29.1,42.1,27.3,33.1,1.4,14.3,32.4,291,21.63,988.1,loc_madurai,9.9252,78.1198,ECMWF_ERA5_Reanalysis
2022-07-03,35.1,25.2,29.1,39.7,29.1,32.7,2.5,19.2,37.1,271,20.45,988.6,loc_madurai,9.9252,78.1198,ECMWF_ERA5_Reanalysis
2022-07-04,35.5,25.8,30.2,38.7,27.5,32.9,0.0,13.3,27.0,299,20.32,988.5,loc_madurai,9.9252,78.1198,ECMWF_ERA5_Reanalysis
2022-07-05,30.1,24.1,27.3,32.4,28.3,30.5,6.3,16.9,33.1,278,8.86,988.8,loc_madurai,9.9252,78.1198,ECMWF_ERA5_Reanalysis
2022-07-06,32.2,23.8,27.3,35.6,27.5,30.9,0.5,13.1,23.4,284,9.67,989.9,loc_madurai,9.9252,78.1198,ECMWF_ERA5_Reanalysis
2022-07-07,29.9,24.2,26.6,32.2,27.0,29.5,0.0,17.0,34.2,283,9.51,991.9,loc_madurai,9.9252,78.1198,ECMWF_ERA5_Reanalysis
2022-07-08,34.7,23.6,28.9,38.7,26.8,31.8,0.0,17.1,32.8,281,19.87,990.4,loc_madurai,9.9252,78.1198,ECMWF_ERA5_Reanalysis
2022-07-09,33.1,25.5,28.1,35.2,28.2,30.6,0.5,16.1,30.6,277,8.78,989.4,loc_madurai,9.9252,78.1198,ECMWF_ERA5_Reanalysis
2022-07-10,35.8,25.6,29.5,39.4,28.4,32.0,0.4,18.5,37.8,262,17.24,989.6,loc_madurai,9.9252,78.1198,ECMWF_ERA5_Reanalysis
2022-07-11,33.3,26.0,28.8,33.9,28.5,30.8,0.0,21.5,40.0,262,9.26,991.9,loc_madurai,9.9252,78.1198,ECMWF_ERA5_Reanalysis
2022-07-12,35.9,26.1,29.8,36.7,28.7,31.2,0.0,28.2,53.3,253,17.69,991.5,loc_madurai,9.9252,78.1198,ECMWF_ERA5_Reanalysis
2022-07-13,35.1,26.0,29.9,34.4,28.6,30.7,0.1,33.0,62.6,257,21.28,989.6,loc_madurai,9.9252,78.1198,ECMWF_ERA5_Reanalysis
2022-07-14,35.1,26.8,29.8,34.0,28.2,30.3,0.0,35.4,73.1,253,20.22,988.5,loc_madurai,9.9252,78.1198,ECMWF_ERA5_Reanalysis
2022-07-15,37.2,25.5,30.5,38.1,28.2,32.0,0.6,24.1,49.3,256,22.68,989.1,loc_madurai,9.9252,78.1198,ECMWF_ERA5_Reanalysis
2022-07-16,36.2,25.4,30.4,40.1,28.8,33.5,0.2,18.1,40.3,272,20.02,989.8,loc_madurai,9.9252,78.1198,ECMWF_ERA5_Reanalysis
2022-07-17,38.2,26.0,29.8,42.7,29.1,33.7,4.2,14.9,42.8,286,19.19,990.4,loc_madurai,9.9252,78.1198,ECMWF_ERA5_Reanalysis
2022-07-18,35.4,25.1,29.5,38.8,29.5,33.1,0.0,12.0,24.5,285,16.31,990.9,loc_madurai,9.9252,78.1198,ECMWF_ERA5_Reanalysis
2022-07-19,38.2,25.1,30.2,42.4,28.1,33.5,1.1,24.4,46.4,279,21.81,990.6,loc_madurai,9.9252,78.1198,ECMWF_ERA5_Reanalysis
2022-07-20,37.2,25.0,29.6,41.5,30.3,34.4,2.8,14.2,33.1,270,20.05,990.7,loc_madurai,9.9252,78.1198,ECMWF_ERA5_Reanalysis
2022-07-21,37.4,25.2,29.7,41.5,29.3,33.9,2.6,15.7,37.1,269,22.31,990.4,loc_madurai,9.9252,78.1198,ECMWF_ERA5_Reanalysis
2022-07-22,35.5,25.1,28.6,41.2,30.5,33.4,0.4,19.8,48.6,254,21.42,991.0,loc_madurai,9.9252,78.1198,ECMWF_ERA5_Reanalysis
2022-07-23,35.7,24.6,28.0,41.3,28.9,32.4,10.1,15.3,40.3,259,17.77,990.6,loc_madurai,9.9252,78.1198,ECMWF_ERA5_Reanalysis
2022-07-24,35.1,24.2,28.1,39.5,27.0,32.2,0.2,9.4,22.0,322,18.98,990.7,loc_madurai,9.9252,78.1198,ECMWF_ERA5_Reanalysis
2022-07-25,36.0,24.3,29.2,40.7,28.1,33.5,3.0,14.4,29.5,247,23.59,991.2,loc_madurai,9.9252,78.1198,ECMWF_ERA5_Reanalysis
2022-07-26,34.7,23.8,27.4,39.8,28.9,32.1,1.8,16.4,34.2,304,18.86,992.0,loc_madurai,9.9252,78.1198,ECMWF_ERA5_Reanalysis
2022-07-27,33.6,23.9,27.0,38.9,28.6,31.8,18.4,15.7,31.0,168,18.6,991.8,loc_madurai,9.9252,78.1198,ECMWF_ERA5_Reanalysis
2022-07-28,32.8,23.7,27.4,38.9,28.6,32.7,10.0,9.5,18.4,52,21.45,991.8,loc_madurai,9.9252,78.1198,ECMWF_ERA5_Reanalysis
2022-07-29,31.7,24.2,27.9,36.2,29.7,32.8,0.2,9.0,18.7,130,16.13,991.7,loc_madurai,9.9252,78.1198,ECMWF_ERA5_Reanalysis
2022-07-30,34.5,24.6,28.0,40.1,29.9,33.0,7.8,10.2,24.1,141,22.0,990.9,loc_madurai,9.9252,78.1198,ECMWF_ERA5_Reanalysis
2022-07-31,33.4,24.0,27.5,38.6,29.0,32.5,19.4,10.7,34.9,243,19.94,989.1,loc_madurai,9.9252,78.1198,ECMWF_ERA5_Reanalysis
2022-08-01,33.1,24.2,27.0,39.0,27.9,31.6,6.3,22.7,43.6,273,19.11,988.7,loc_madurai,9.9252,78.1198,ECMWF_ERA5_Reanalysis
2022-08-02,32.8,23.4,26.8,38.7,27.3,31.5,4.1,11.5,25.9,310,18.76,987.5,loc_madurai,9.9252,78.1198,ECMWF_ERA5_Reanalysis
2022-08-03,31.1,23.5,26.9,35.4,26.6,31.0,24.0,14.3,29.9,288,15.3,987.4,loc_madurai,9.9252,78.1198,ECMWF_ERA5_Reanalysis
2022-08-04,29.4,24.1,25.7,32.6,29.0,30.6,22.0,17.1,31.3,242,8.5,988.4,loc_madurai,9.9252,78.1198,ECMWF_ERA5_Reanalysis
2022-08-05,28.4,23.4,25.5,32.8,27.2,29.2,6.4,18.9,33.1,258,7.34,989.7,loc_madurai,9.9252,78.1198,ECMWF_ERA5_Reanalysis
2022-08-06,32.5,22.9,27.3,35.4,27.0,30.7,0.7,23.3,44.6,258,22.82,989.1,loc_madurai,9.9252,78.1198,ECMWF_ERA5_Reanalysis
2022-08-07,32.6,23.3,27.8,34.2,27.5,30.4,0.5,30.7,59.4,259,21.1,988.5,loc_madurai,9.9252,78.1198,ECMWF_ERA5_Reanalysis
2022-08-08,33.1,24.0,28.1,34.1,27.8,30.8,0.1,27.6,53.3,258,19.11,988.3,loc_madurai,9.9252,78.1198,ECMWF_ERA5_Reanalysis
2022-08-09,32.8,24.6,28.3,33.0,26.9,29.5,0.0,29.4,54.4,256,19.4,988.7,loc_madurai,9.9252,78.1198,ECMWF_ERA5_Reanalysis
2022-08-10,33.7,23.3,28.0,35.8,26.4,30.1,0.0,24.4,46.4,259,22.49,988.8,loc_madurai,9.9252,78.1198,ECMWF_ERA5_Reanalysis
2022-08-11,36.4,23.7,29.3,40.6,25.6,32.0,0.0,17.1,34.6,270,24.07,989.5,loc_madurai,9.9252,78.1198,ECMWF_ERA5_Reanalysis
2022-08-12,35.3,24.1,29.7,39.0,27.4,33.1,0.0,7.0,29.9,277,21.79,990.4,loc_madurai,9.9252,78.1198,ECMWF_ERA5_Reanalysis
2022-08-13,35.7,24.7,30.1,38.9,27.7,33.0,0.6,13.7,29.5,237,20.31,990.4,loc_madurai,9.9252,78.1198,ECMWF_ERA5_Reanalysis
2022-08-14,36.8,25.3,30.6,41.0,27.1,33.2,0.0,16.3,32.4,281,22.6,991.0,loc_madurai,9.9252,78.1198,ECMWF_ERA5_Reanalysis
2022-08-15,36.2,25.6,30.6,40.2,28.8,33.9,0.0,15.0,27.0,181,23.17,991.9,loc_madurai,9.9252,78.1198,ECMWF_ERA5_Reanalysis
2022-08-16,37.2,25.9,30.9,41.2,29.8,34.2,0.0,16.0,28.4,153,22.72,991.8,loc_madurai,9.9252,78.1198,ECMWF_ERA5_Reanalysis
2022-08-17,37.7,25.6,29.5,43.5,30.3,34.2,5.6,16.7,37.4,119,20.14,992.0,loc_madurai,9.9252,78.1198,ECMWF_ERA5_Reanalysis
2022-08-18,36.0,26.0,28.8,41.9,30.1,33.8,12.4,17.3,33.8,259,17.3,991.5,loc_madurai,9.9252,78.1198,ECMWF_ERA5_Reanalysis
2022-08-19,35.0,24.8,28.1,39.3,29.1,32.7,3.2,14.9,37.4,281,19.78,991.5,loc_madurai,9.9252,78.1198,ECMWF_ERA5_Reanalysis
2022-08-20,36.4,24.9,29.6,40.6,29.4,33.5,0.0,13.9,34.2,268,21.6,991.4,loc_madurai,9.9252,78.1198,ECMWF_ERA5_Reanalysis
2022-08-21,36.8,24.7,29.4,41.5,28.2,33.3,1.2,22.4,42.8,275,23.01,990.9,loc_madurai,9.9252,78.1198,ECMWF_ERA5_Reanalysis
2022-08-22,34.1,24.6,28.3,38.2,28.0,31.3,6.4,22.7,45.7,260,18.54,990.7,loc_madurai,9.9252,78.1198,ECMWF_ERA5_Reanalysis
2022-08-23,33.7,24.5,28.2,38.8,28.6,32.0,0.1,16.2,35.3,283,22.04,990.9,loc_madurai,9.9252,78.1198,ECMWF_ERA5_Reanalysis
2022-08-24,30.4,24.6,27.0,34.0,27.9,30.2,0.0,12.5,22.7,293,8.83,992.4,loc_madurai,9.9252,78.1198,ECMWF_ERA5_Reanalysis
2022-08-25,35.2,23.9,27.0,40.4,27.4,31.0,14.1,14.2,34.2,291,18.28,991.0,loc_madurai,9.9252,78.1198,ECMWF_ERA5_Reanalysis
2022-08-26,31.9,23.2,26.3,36.4,27.0,30.8,14.9,11.8,27.0,280,16.95,990.5,loc_madurai,9.9252,78.1198,ECMWF_ERA5_Reanalysis
2022-08-27,32.2,23.5,26.4,38.3,28.2,31.3,10.6,13.0,27.0,249,19.67,990.6,loc_madurai,9.9252,78.1198,ECMWF_ERA5_Reanalysis
2022-08-28,32.1,23.1,26.6,38.7,26.8,31.6,1.0,13.6,37.4,328,20.18,990.1,loc_madurai,9.9252,78.1198,ECMWF_ERA5_Reanalysis
2022-08-29,31.8,23.9,26.7,39.3,28.8,32.1,25.2,11.2,26.6,306,19.58,990.7,loc_madurai,9.9252,78.1198,ECMWF_ERA5_Reanalysis
2022-08-30,32.6,23.7,26.7,38.6,28.3,32.2,11.6,16.3,31.3,123,20.49,991.1,loc_madurai,9.9252,78.1198,ECMWF_ERA5_Reanalysis
2022-08-31,31.1,23.2,26.0,35.6,27.5,30.9,3.8,11.4,29.2,54,18.43,990.9,loc_madurai,9.9252,78.1198,ECMWF_ERA5_Reanalysis
2022-09-01,27.4,23.1,25.0,32.0,27.7,30.0,8.2,7.6,18.0,187,7.15,991.3,loc_madurai,9.9252,78.1198,ECMWF_ERA5_Reanalysis
2022-09-02,31.7,22.8,26.4,37.6,27.5,31.6,9.4,17.4,32.4,204,21.59,991.7,loc_madurai,9.9252,78.1198,ECMWF_ERA5_Reanalysis
2022-09-03,32.1,23.1,27.3,39.6,27.7,32.7,1.8,13.1,25.6,200,23.37,991.5,loc_madurai,9.9252,78.1198,ECMWF_ERA5_Reanalysis
2022-09-04,32.8,24.2,27.2,40.3,28.7,32.6,5.9,9.2,32.0,314,23.29,991.1,loc_madurai,9.9252,78.1198,ECMWF_ERA5_Reanalysis
2022-09-05,32.8,23.8,27.1,39.9,28.6,32.6,16.2,17.3,36.0,188,20.92,990.8,loc_madurai,9.9252,78.1198,ECMWF_ERA5_Reanalysis
2022-09-06,32.7,23.7,27.3,38.0,28.9,32.0,2.3,14.1,32.0,237,19.96,990.4,loc_madurai,9.9252,78.1198,ECMWF_ERA5_Reanalysis
2022-09-07,31.5,23.7,27.3,34.7,27.3,30.7,0.1,18.4,35.3,273,15.66,990.9,loc_madurai,9.9252,78.1198,ECMWF_ERA5_Reanalysis
2022-09-08,33.4,23.7,28.0,36.5,27.9,31.4,0.6,19.5,36.0,267,20.74,990.6,loc_madurai,9.9252,78.1198,ECMWF_ERA5_Reanalysis
2022-09-09,34.5,23.9,28.4,37.1,27.6,31.6,0.6,23.8,47.5,266,22.87,990.1,loc_madurai,9.9252,78.1198,ECMWF_ERA5_Reanalysis
2022-09-10,33.9,24.1,28.4,36.1,27.8,31.1,0.1,25.1,49.3,262,20.08,990.6,loc_madurai,9.9252,78.1198,ECMWF_ERA5_Reanalysis
2022-09-11,34.9,23.8,28.7,37.1,27.3,31.3,0.0,24.6,46.4,261,23.71,990.4,loc_madurai,9.9252,78.1198,ECMWF_ERA5_Reanalysis
2022-09-12,35.8,23.2,29.3,40.5,26.4,32.4,0.0,17.3,34.6,267,24.0,990.1,loc_madurai,9.9252,78.1198,ECMWF_ERA5_Reanalysis
2022-09-13,35.8,24.0,29.4,41.5,27.6,33.7,0.0,9.6,17.6,306,23.99,992.0,loc_madurai,9.9252,78.1198,ECMWF_ERA5_Reanalysis
2022-09-14,36.3,24.5,28.7,41.4,28.0,33.3,1.5,16.9,33.1,351,22.98,993.9,loc_madurai,9.9252,78.1198,ECMWF_ERA5_Reanalysis
2022-09-15,36.3,24.5,28.9,41.8,28.3,33.6,3.8,9.3,24.1,325,23.82,994.3,loc_madurai,9.9252,78.1198,ECMWF_ERA5_Reanalysis
2022-09-16,36.2,23.5,29.5,41.5,27.1,33.4,0.1,13.5,23.8,277,24.17,992.5,loc_madurai,9.9252,78.1198,ECMWF_ERA5_Reanalysis
2022-09-17,36.9,24.5,30.2,41.2,28.9,34.2,0.6,14.1,28.8,128,22.04,992.2,loc_madurai,9.9252,78.1198,ECMWF_ERA5_Reanalysis
2022-09-18,37.3,24.8,30.2,41.7,28.2,33.9,2.2,14.8,36.7,304,23.77,992.6,loc_madurai,9.9252,78.1198,ECMWF_ERA5_Reanalysis
2022-09-19,37.3,25.9,30.7,40.5,28.6,33.5,0.2,16.8,34.6,271,19.6,992.3,loc_madurai,9.9252,78.1198,ECMWF_ERA5_Reanalysis
2022-09-20,37.6,25.3,30.8,41.9,28.4,34.0,0.0,14.3,29.2,240,22.38,991.8,loc_madurai,9.9252,78.1198,ECMWF_ERA5_Reanalysis
2022-09-21,38.9,25.2,31.1,42.3,27.6,33.8,0.2,22.1,39.6,280,23.78,991.7,loc_madurai,9.9252,78.1198,ECMWF_ERA5_Reanalysis
2022-09-22,39.5,25.3,31.4,41.4,28.1,33.7,0.0,17.6,36.4,291,23.62,992.0,loc_madurai,9.9252,78.1198,ECMWF_ERA5_Reanalysis
2022-09-23,39.3,25.3,31.6,41.4,27.4,33.4,0.2,16.9,34.2,282,23.31,992.5,loc_madurai,9.9252,78.1198,ECMWF_ERA5_Reanalysis
2022-09-24,38.9,25.0,31.4,41.8,26.9,33.4,0.1,16.6,31.3,310,23.58,992.0,loc_madurai,9.9252,78.1198,ECMWF_ERA5_Reanalysis
2022-09-25,39.1,25.5,30.9,42.1,28.9,33.8,3.3,20.9,39.2,300,23.91,990.9,loc_madurai,9.9252,78.1198,ECMWF_ERA5_Reanalysis
2022-09-26,34.8,24.8,28.9,37.7,28.8,32.2,2.3,19.5,43.2,28,11.57,992.4,loc_madurai,9.9252,78.1198,ECMWF_ERA5_Reanalysis
2022-09-27,39.6,26.1,31.3,42.9,29.7,34.7,0.4,20.9,40.3,254,24.09,990.9,loc_madurai,9.9252,78.1198,ECMWF_ERA5_Reanalysis
2022-09-28,38.3,26.2,30.9,42.4,29.0,34.5,0.8,9.2,24.8,286,21.72,990.3,loc_madurai,9.9252,78.1198,ECMWF_ERA5_Reanalysis
2022-09-29,38.5,25.8,30.9,41.6,28.1,33.4,0.3,16.3,44.6,256,21.39,989.9,loc_madurai,9.9252,78.1198,ECMWF_ERA5_Reanalysis
2022-09-30,38.2,25.4,31.0,41.2,27.9,33.0,0.1,15.8,31.3,273,22.16,990.8,loc_madurai,9.9252,78.1198,ECMWF_ERA5_Reanalysis
2022-10-01,36.4,25.3,30.1,40.1,27.6,32.1,0.8,21.6,39.6,268,18.72,991.3,loc_madurai,9.9252,78.1198,ECMWF_ERA5_Reanalysis
2022-10-02,37.9,26.6,29.6,41.3,28.0,32.0,2.5,25.1,49.3,265,17.25,990.9,loc_madurai,9.9252,78.1198,ECMWF_ERA5_Reanalysis
2022-10-03,38.1,25.8,30.7,40.3,29.0,33.1,1.0,15.9,32.4,304,20.8,990.4,loc_madurai,9.9252,78.1198,ECMWF_ERA5_Reanalysis
2022-10-04,39.6,25.8,31.7,41.3,28.2,33.8,0.1,14.5,34.9,308,21.83,990.0,loc_madurai,9.9252,78.1198,ECMWF_ERA5_Reanalysis
2022-10-05,36.9,27.0,30.3,40.2,29.6,32.9,1.1,13.1,49.3,274,15.06,990.5,loc_madurai,9.9252,78.1198,ECMWF_ERA5_Reanalysis
2022-10-06,36.3,26.2,29.6,40.1,28.9,32.7,1.1,12.8,29.5,335,16.37,990.3,loc_madurai,9.9252,78.1198,ECMWF_ERA5_Reanalysis
2022-10-07,36.8,24.9,29.8,38.8,28.1,32.8,1.1,18.1,35.3,211,19.38,991.0,loc_madurai,9.9252,78.1198,ECMWF_ERA5_Reanalysis
2022-10-08,37.6,25.0,30.4,40.6,27.5,33.2,1.3,13.5,31.7,356,22.38,991.6,loc_madurai,9.9252,78.1198,ECMWF_ERA5_Reanalysis
2022-10-09,31.2,23.9,26.4,35.1,28.0,31.1,34.9,8.0,16.2,93,10.76,992.8,loc_madurai,9.9252,78.1198,ECMWF_ERA5_Reanalysis
2022-10-10,32.2,23.7,26.6,38.7,28.4,31.7,16.4,11.7,26.6,93,18.76,993.6,loc_madurai,9.9252,78.1198,ECMWF_ERA5_Reanalysis
2022-10-11,32.2,23.2,26.5,38.2,27.7,31.6,25.3,13.9,28.4,75,19.53,993.4,loc_madurai,9.9252,78.1198,ECMWF_ERA5_Reanalysis
2022-10-12,31.9,23.2,26.5,37.7,27.0,31.4,20.3,13.4,26.6,70,19.81,993.6,loc_madurai,9.9252,78.1198,ECMWF_ERA5_Reanalysis
2022-10-13,32.5,22.7,26.4,38.2,26.9,31.3,17.3,15.6,32.0,63,21.79,993.4,loc_madurai,9.9252,78.1198,ECMWF_ERA5_Reanalysis
2022-10-14,32.6,22.5,26.3,38.4,26.4,31.3,18.0,9.4,16.9,7,21.22,992.4,loc_madurai,9.9252,78.1198,ECMWF_ERA5_Reanalysis
2022-10-15,31.1,23.5,26.0,38.2,27.9,31.6,26.8,6.3,23.0,277,18.18,991.8,loc_madurai,9.9252,78.1198,ECMWF_ERA5_Reanalysis
2022-10-16,29.7,22.9,25.6,35.4,27.3,30.5,26.2,15.6,32.4,129,14.74,993.5,loc_madurai,9.9252,78.1198,ECMWF_ERA5_Reanalysis
2022-10-17,29.9,23.0,25.4,35.1,27.0,30.4,23.4,11.3,29.9,163,12.63,995.3,loc_madurai,9.9252,78.1198,ECMWF_ERA5_Reanalysis
2022-10-18,27.5,23.2,25.2,33.0,27.7,30.2,8.2,9.2,22.3,229,7.52,994.9,loc_madurai,9.9252,78.1198,ECMWF_ERA5_Reanalysis
2022-10-19,31.7,23.1,26.1,39.1,27.4,31.4,27.9,14.8,30.2,352,18.1,993.9,loc_madurai,9.9252,78.1198,ECMWF_ERA5_Reanalysis
2022-10-20,30.9,23.3,25.8,37.3,27.4,31.0,13.1,12.3,27.0,358,17.61,994.5,loc_madurai,9.9252,78.1198,ECMWF_ERA5_Reanalysis
2022-10-21,30.3,23.3,25.1,35.6,28.0,30.2,14.9,11.0,25.2,25,13.35,995.7,loc_madurai,9.9252,78.1198,ECMWF_ERA5_Reanalysis
2022-10-22,31.8,22.6,26.4,36.7,26.9,31.2,7.3,13.3,28.8,14,20.4,995.6,loc_madurai,9.9252,78.1198,ECMWF_ERA5_Reanalysis
2022-10-23,31.5,22.1,25.8,37.9,26.1,30.8,13.2,6.8,25.6,269,21.0,995.4,loc_madurai,9.9252,78.1198,ECMWF_ERA5_Reanalysis
2022-10-24,31.9,22.5,26.1,38.6,26.3,31.1,2.4,11.4,35.3,255,21.27,993.9,loc_madurai,9.9252,78.1198,ECMWF_ERA5_Reanalysis
2022-10-25,32.2,23.1,27.1,37.7,26.8,31.5,0.2,8.9,17.3,354,21.46,994.1,loc_madurai,9.9252,78.1198,ECMWF_ERA5_Reanalysis
2022-10-26,31.3,22.4,26.9,35.2,26.7,31.0,1.2,11.0,25.2,59,20.78,995.5,loc_madurai,9.9252,78.1198,ECMWF_ERA5_Reanalysis
2022-10-27,32.1,22.0,27.2,33.9,23.9,29.9,0.0,12.2,25.6,41,18.12,995.1,loc_madurai,9.9252,78.1198,ECMWF_ERA5_Reanalysis
2022-10-28,32.0,20.7,26.4,34.7,23.1,29.3,1.4,18.4,36.7,39,20.47,993.9,loc_madurai,9.9252,78.1198,ECMWF_ERA5_Reanalysis
2022-10-29,31.8,21.7,25.6,35.7,25.3,28.9,4.5,19.8,40.7,33,17.16,994.0,loc_madurai,9.9252,78.1198,ECMWF_ERA5_Reanalysis
2022-10-30,30.9,23.1,26.0,34.5,26.8,30.0,3.7,17.4,36.7,43,17.08,994.2,loc_madurai,9.9252,78.1198,ECMWF_ERA5_Reanalysis
2022-10-31,31.8,22.3,27.0,34.3,26.7,29.9,0.0,17.1,32.8,32,19.15,993.5,loc_madurai,9.9252,78.1198,ECMWF_ERA5_Reanalysis
2022-11-01,31.5,23.5,26.5,36.6,27.6,30.5,0.6,14.2,26.6,75,13.95,994.3,loc_madurai,9.9252,78.1198,ECMWF_ERA5_Reanalysis
2022-11-02,32.0,22.9,26.2,36.2,27.6,30.6,25.6,9.7,23.0,23,19.01,994.1,loc_madurai,9.9252,78.1198,ECMWF_ERA5_Reanalysis
2022-11-03,28.3,22.8,24.6,32.5,27.5,29.1,87.8,9.7,22.0,46,10.2,994.0,loc_madurai,9.9252,78.1198,ECMWF_ERA5_Reanalysis
2022-11-04,29.7,22.6,24.9,33.6,27.1,29.2,31.5,17.0,33.1,39,14.95,995.2,loc_madurai,9.9252,78.1198,ECMWF_ERA5_Reanalysis
2022-11-05,29.0,22.8,25.3,32.9,26.9,29.3,6.3,15.1,32.8,49,12.83,996.7,loc_madurai,9.9252,78.1198,ECMWF_ERA5_Reanalysis
2022-11-06,28.9,22.1,24.7,32.8,25.8,28.2,19.3,21.3,39.6,36,14.75,997.1,loc_madurai,9.9252,78.1198,ECMWF_ERA5_Reanalysis
2022-11-07,30.4,21.4,25.9,34.5,24.3,29.5,3.1,14.3,30.6,40,20.35,996.3,loc_madurai,9.9252,78.1198,ECMWF_ERA5_Reanalysis
2022-11-08,29.5,21.9,25.4,31.8,25.5,28.8,1.9,20.8,38.2,36,12.72,995.8,loc_madurai,9.9252,78.1198,ECMWF_ERA5_Reanalysis
2022-11-09,30.3,22.8,26.0,33.8,26.5,29.5,1.3,16.2,34.6,35,17.55,995.3,loc_madurai,9.9252,78.1198,ECMWF_ERA5_Reanalysis
2022-11-10,31.1,22.3,26.4,34.2,25.5,29.4,0.1,17.1,36.0,34,20.49,994.7,loc_madurai,9.9252,78.1198,ECMWF_ERA5_Reanalysis
2022-11-11,25.2,23.0,24.1,28.5,26.0,27.3,68.8,12.7,24.5,326,6.18,994.3,loc_madurai,9.9252,78.1198,ECMWF_ERA5_Reanalysis
2022-11-12,29.5,22.2,25.2,35.6,25.3,29.3,54.3,10.8,18.7,280,17.06,994.0,loc_madurai,9.9252,78.1198,ECMWF_ERA5_Reanalysis
2022-11-13,28.0,23.1,24.8,31.8,27.0,28.9,15.4,15.6,31.0,59,11.89,995.1,loc_madurai,9.9252,78.1198,ECMWF_ERA5_Reanalysis
2022-11-14,28.6,22.3,24.8,32.9,26.6,29.2,18.6,16.1,34.6,35,16.23,996.0,loc_madurai,9.9252,78.1198,ECMWF_ERA5_Reanalysis
2022-11-15,29.8,21.9,25.3,34.8,25.6,29.2,2.8,13.0,27.7,51,16.01,996.5,loc_madurai,9.9252,78.1198,ECMWF_ERA5_Reanalysis
2022-11-16,29.8,21.2,25.5,33.6,25.1,29.5,0.7,9.2,22.3,36,18.44,995.3,loc_madurai,9.9252,78.1198,ECMWF_ERA5_Reanalysis
2022-11-17,30.3,21.8,25.7,34.1,24.5,28.7,0.2,13.6,28.8,40,19.84,994.7,loc_madurai,9.9252,78.1198,ECMWF_ERA5_Reanalysis
2022-11-18,29.9,19.0,24.4,31.5,21.5,26.4,0.0,14.8,29.9,37,22.04,994.9,loc_madurai,9.9252,78.1198,ECMWF_ERA5_Reanalysis
2022-11-19,28.8,20.4,24.3,30.3,22.9,26.0,0.0,12.0,25.2,30,17.22,994.7,loc_madurai,9.9252,78.1198,ECMWF_ERA5_Reanalysis
2022-11-20,29.6,18.9,23.8,33.8,20.9,26.5,0.0,14.0,26.3,37,16.33,993.3,loc_madurai,9.9252,78.1198,ECMWF_ERA5_Reanalysis
2022-11-21,29.3,20.0,24.7,33.3,22.1,27.7,0.0,7.3,18.0,244,20.42,993.1,loc_madurai,9.9252,78.1198,ECMWF_ERA5_Reanalysis
2022-11-22,30.7,20.0,25.4,35.4,23.3,29.0,0.0,10.0,18.4,275,21.3,993.2,loc_madurai,9.9252,78.1198,ECMWF_ERA5_Reanalysis
2022-11-23,32.0,21.6,26.0,35.5,25.0,29.4,0.0,10.5,22.3,316,22.35,993.7,loc_madurai,9.9252,78.1198,ECMWF_ERA5_Reanalysis
2022-11-24,31.4,21.5,26.1,36.6,24.4,29.5,0.0,10.6,18.4,24,21.75,994.2,loc_madurai,9.9252,78.1198,ECMWF_ERA5_Reanalysis
2022-11-25,30.5,21.3,25.8,34.3,24.2,29.5,0.8,8.4,21.6,69,18.75,995.3,loc_madurai,9.9252,78.1198,ECMWF_ERA5_Reanalysis
2022-11-26,30.1,21.4,25.7,34.3,25.1,29.5,0.9,11.8,24.5,54,19.2,994.6,loc_madurai,9.9252,78.1198,ECMWF_ERA5_Reanalysis
2022-11-27,29.8,22.5,25.4,34.9,26.9,29.8,3.4,13.5,33.1,67,15.63,993.3,loc_madurai,9.9252,78.1198,ECMWF_ERA5_Reanalysis
2022-11-28,30.0,22.1,25.8,34.2,25.9,30.1,1.8,9.5,22.7,61,17.0,993.6,loc_madurai,9.9252,78.1198,ECMWF_ERA5_Reanalysis
2022-11-29,30.4,22.0,25.7,34.9,26.2,29.9,1.1,9.4,21.2,47,14.8,994.5,loc_madurai,9.9252,78.1198,ECMWF_ERA5_Reanalysis
2022-11-30,30.4,21.4,25.3,32.7,24.1,27.4,0.0,15.0,32.0,46,21.0,995.1,loc_madurai,9.9252,78.1198,ECMWF_ERA5_Reanalysis
2022-12-01,30.6,20.9,25.8,33.9,23.0,29.1,2.6,14.3,30.6,50,17.08,994.7,loc_madurai,9.9252,78.1198,ECMWF_ERA5_Reanalysis
2022-12-02,31.0,21.9,26.0,35.5,25.8,29.9,9.8,12.2,28.1,48,18.3,994.1,loc_madurai,9.9252,78.1198,ECMWF_ERA5_Reanalysis
2022-12-03,30.6,22.2,25.4,34.7,25.9,29.3,1.9,15.3,34.6,39,15.69,994.5,loc_madurai,9.9252,78.1198,ECMWF_ERA5_Reanalysis
2022-12-04,29.6,22.6,25.2,33.2,25.9,28.6,15.8,18.3,37.4,39,15.47,995.1,loc_madurai,9.9252,78.1198,ECMWF_ERA5_Reanalysis
2022-12-05,31.0,22.5,25.8,32.8,25.8,28.7,1.3,18.6,36.7,44,18.81,995.6,loc_madurai,9.9252,78.1198,ECMWF_ERA5_Reanalysis
2022-12-06,30.7,20.6,25.5,33.5,23.2,28.2,0.0,14.8,30.2,32,18.7,994.8,loc_madurai,9.9252,78.1198,ECMWF_ERA5_Reanalysis
2022-12-07,29.1,21.6,24.5,32.0,24.8,27.9,0.0,7.2,16.2,6,9.09,993.7,loc_madurai,9.9252,78.1198,ECMWF_ERA5_Reanalysis
2022-12-08,28.6,20.4,23.9,30.7,22.2,26.3,0.9,7.6,16.2,278,6.81,992.2,loc_madurai,9.9252,78.1198,ECMWF_ERA5_Reanalysis
2022-12-09,27.4,20.5,22.7,29.6,22.9,25.4,14.9,10.7,22.0,283,7.66,990.5,loc_madurai,9.9252,78.1198,ECMWF_ERA5_Reanalysis
2022-12-10,30.4,19.5,24.0,35.4,21.2,27.4,5.8,11.1,24.8,290,17.29,989.8,loc_madurai,9.9252,78.1198,ECMWF_ERA5_Reanalysis
2022-12-11,28.1,21.8,24.8,32.9,25.0,28.9,1.3,10.0,26.3,297,13.29,991.8,loc_madurai,9.9252,78.1198,ECMWF_ERA5_Reanalysis
2022-12-12,29.3,22.4,24.7,35.3,25.7,29.1,8.1,9.9,29.2,296,14.44,992.9,loc_madurai,9.9252,78.1198,ECMWF_ERA5_Reanalysis
2022-12-13,29.7,21.6,25.1,35.2,25.4,29.4,4.4,14.4,25.9,49,16.89,994.3,loc_madurai,9.9252,78.1198,ECMWF_ERA5_Reanalysis
2022-12-14,29.5,21.7,25.0,33.3,25.5,28.9,6.3,13.0,27.7,77,16.34,995.5,loc_madurai,9.9252,78.1198,ECMWF_ERA5_Reanalysis
2022-12-15,29.9,20.3,24.5,32.9,22.5,27.2,0.0,13.5,28.4,41,20.64,994.8,loc_madurai,9.9252,78.1198,ECMWF_ERA5_Reanalysis
2022-12-16,29.7,18.5,24.1,32.3,20.3,26.5,0.0,13.7,29.2,39,19.52,994.4,loc_madurai,9.9252,78.1198,ECMWF_ERA5_Reanalysis
2022-12-17,30.3,20.9,25.1,31.9,23.4,27.3,0.0,21.4,40.0,40,19.97,994.6,loc_madurai,9.9252,78.1198,ECMWF_ERA5_Reanalysis
2022-12-18,29.4,21.4,25.3,30.9,23.8,27.3,1.3,22.4,42.8,38,18.08,993.9,loc_madurai,9.9252,78.1198,ECMWF_ERA5_Reanalysis
2022-12-19,29.8,21.8,25.2,31.4,24.5,27.1,2.4,16.7,32.4,34,15.53,993.4,loc_madurai,9.9252,78.1198,ECMWF_ERA5_Reanalysis
2022-12-20,29.9,22.9,25.9,31.9,25.2,28.1,0.6,22.5,42.1,39,14.88,992.7,loc_madurai,9.9252,78.1198,ECMWF_ERA5_Reanalysis
2022-12-21,30.6,21.7,26.0,32.6,24.2,28.2,0.6,20.1,39.6,38,18.08,993.0,loc_madurai,9.9252,78.1198,ECMWF_ERA5_Reanalysis
2022-12-22,30.3,22.7,25.9,31.5,24.5,27.5,0.0,19.4,38.9,31,20.77,993.2,loc_madurai,9.9252,78.1198,ECMWF_ERA5_Reanalysis
2022-12-23,31.9,20.2,25.9,34.9,22.8,28.2,0.0,12.3,26.3,32,20.98,993.0,loc_madurai,9.9252,78.1198,ECMWF_ERA5_Reanalysis
2022-12-24,32.4,20.5,26.4,33.4,23.6,28.5,0.0,15.9,31.3,22,21.3,993.5,loc_madurai,9.9252,78.1198,ECMWF_ERA5_Reanalysis
2022-12-25,30.9,23.9,26.7,32.5,26.5,29.0,1.6,21.6,43.9,30,16.04,993.7,loc_madurai,9.9252,78.1198,ECMWF_ERA5_Reanalysis
2022-12-26,29.4,23.1,25.7,31.9,25.9,28.7,8.1,21.1,41.0,51,15.04,995.8,loc_madurai,9.9252,78.1198,ECMWF_ERA5_Reanalysis
2022-12-27,29.9,23.1,25.6,34.1,26.6,29.1,5.8,13.8,26.6,73,12.49,997.5,loc_madurai,9.9252,78.1198,ECMWF_ERA5_Reanalysis
2022-12-28,31.2,22.4,26.1,34.1,25.4,29.3,0.6,16.9,32.0,54,18.94,998.6,loc_madurai,9.9252,78.1198,ECMWF_ERA5_Reanalysis
2022-12-29,31.1,20.3,25.5,34.5,23.2,28.4,0.0,12.2,26.3,50,20.46,999.8,loc_madurai,9.9252,78.1198,ECMWF_ERA5_Reanalysis
2022-12-30,31.3,19.4,25.1,33.2,21.6,27.5,0.0,15.0,31.0,53,20.47,1000.5,loc_madurai,9.9252,78.1198,ECMWF_ERA5_Reanalysis
2022-12-31,31.1,19.0,24.9,33.2,21.5,27.2,0.0,11.3,26.3,46,21.31,1000.1,loc_madurai,9.9252,78.1198,ECMWF_ERA5_Reanalysis
2023-01-01,31.7,19.1,24.9,32.7,21.5,26.7,0.0,14.2,29.2,46,21.68,999.1,loc_madurai,9.9252,78.1198,ECMWF_ERA5_Reanalysis
2023-01-02,30.9,19.3,24.6,31.9,21.5,26.2,0.0,16.0,33.5,50,20.01,999.2,loc_madurai,9.9252,78.1198,ECMWF_ERA5_Reanalysis
2023-01-03,30.8,19.6,24.9,31.1,21.4,26.2,0.0,16.8,35.3,47,17.76,999.0,loc_madurai,9.9252,78.1198,ECMWF_ERA5_Reanalysis
2023-01-04,31.0,19.4,25.1,31.5,21.6,26.4,0.0,18.8,38.2,39,19.06,998.2,loc_madurai,9.9252,78.1198,ECMWF_ERA5_Reanalysis
2023-01-05,31.8,20.0,25.6,32.5,22.4,27.2,0.0,17.3,37.4,35,18.37,998.1,loc_madurai,9.9252,78.1198,ECMWF_ERA5_Reanalysis
2023-01-06,31.1,22.2,26.3,31.3,24.5,27.3,0.1,23.1,44.3,34,14.53,999.0,loc_madurai,9.9252,78.1198,ECMWF_ERA5_Reanalysis
2023-01-07,31.9,23.0,26.7,32.0,24.6,27.5,0.0,21.9,44.3,34,19.56,998.4,loc_madurai,9.9252,78.1198,ECMWF_ERA5_Reanalysis
2023-01-08,31.4,21.9,26.1,32.0,24.8,27.5,0.0,19.2,39.6,44,16.41,997.9,loc_madurai,9.9252,78.1198,ECMWF_ERA5_Reanalysis
2023-01-09,31.1,21.7,25.6,31.4,22.0,26.2,0.0,17.9,36.7,45,18.72,999.0,loc_madurai,9.9252,78.1198,ECMWF_ERA5_Reanalysis
2023-01-10,30.0,19.0,24.2,30.9,20.2,24.6,0.0,18.1,37.4,41,22.2,998.7,loc_madurai,9.9252,78.1198,ECMWF_ERA5_Reanalysis
2023-01-11,31.1,19.2,24.7,31.4,20.1,25.2,0.0,15.1,32.4,49,22.53,997.1,loc_madurai,9.9252,78.1198,ECMWF_ERA5_Reanalysis
2023-01-12,31.2,19.1,24.4,31.9,20.5,25.5,0.0,15.5,33.1,53,22.18,996.3,loc_madurai,9.9252,78.1198,ECMWF_ERA5_Reanalysis
2023-01-13,31.5,18.1,24.5,32.0,19.2,25.5,0.0,14.7,32.8,53,22.18,996.5,loc_madurai,9.9252,78.1198,ECMWF_ERA5_Reanalysis
2023-01-14,31.6,18.2,24.5,31.8,19.5,25.2,0.0,13.3,30.6,52,21.69,996.5,loc_madurai,9.9252,78.1198,ECMWF_ERA5_Reanalysis
2023-01-15,31.4,18.0,24.5,32.1,19.6,25.6,0.0,13.6,31.3,60,21.74,995.8,loc_madurai,9.9252,78.1198,ECMWF_ERA5_Reanalysis
2023-01-16,32.0,18.1,24.9,32.1,19.4,25.9,0.0,15.0,32.8,52,21.9,996.1,loc_madurai,9.9252,78.1198,ECMWF_ERA5_Reanalysis
2023-01-17,32.2,19.9,25.3,33.3,21.7,26.4,0.0,16.2,33.5,52,19.7,997.0,loc_madurai,9.9252,78.1198,ECMWF_ERA5_Reanalysis
2023-01-18,31.5,19.7,25.2,32.4,21.1,26.0,0.0,17.6,36.7,54,21.88,998.1,loc_madurai,9.9252,78.1198,ECMWF_ERA5_Reanalysis
2023-01-19,30.8,18.5,24.7,30.8,20.0,25.2,0.0,18.6,39.2,43,21.83,998.2,loc_madurai,9.9252,78.1198,ECMWF_ERA5_Reanalysis
2023-01-20,31.3,19.0,25.3,30.7,20.0,25.4,0.0,18.8,39.2,47,18.26,997.7,loc_madurai,9.9252,78.1198,ECMWF_ERA5_Reanalysis
2023-01-21,33.3,20.6,26.5,33.4,21.9,27.1,0.0,18.6,35.6,41,21.17,996.6,loc_madurai,9.9252,78.1198,ECMWF_ERA5_Reanalysis
2023-01-22,29.4,21.7,25.2,29.2,23.9,26.6,0.2,18.8,38.9,41,9.46,996.1,loc_madurai,9.9252,78.1198,ECMWF_ERA5_Reanalysis
2023-01-23,31.4,22.0,25.9,33.3,24.5,28.0,2.4,17.9,42.5,47,16.83,995.2,loc_madurai,9.9252,78.1198,ECMWF_ERA5_Reanalysis
2023-01-24,32.5,22.8,26.5,34.4,25.6,28.8,0.2,16.5,34.2,58,18.45,995.4,loc_madurai,9.9252,78.1198,ECMWF_ERA5_Reanalysis
2023-01-25,31.5,20.8,25.6,32.2,23.1,26.9,0.0,16.1,35.6,55,22.13,995.7,loc_madurai,9.9252,78.1198,ECMWF_ERA5_Reanalysis
2023-01-26,32.1,20.1,25.6,33.1,22.0,27.0,0.0,15.8,33.1,49,20.83,995.6,loc_madurai,9.9252,78.1198,ECMWF_ERA5_Reanalysis
2023-01-27,31.9,19.7,25.6,32.8,21.7,26.7,0.0,15.6,35.3,44,22.67,995.6,loc_madurai,9.9252,78.1198,ECMWF_ERA5_Reanalysis
2023-01-28,31.9,19.9,25.5,32.0,22.0,26.1,0.0,18.2,36.4,45,23.37,994.9,loc_madurai,9.9252,78.1198,ECMWF_ERA5_Reanalysis
2023-01-29,33.2,20.2,26.1,33.9,21.5,26.7,0.0,22.3,41.0,47,20.4,993.8,loc_madurai,9.9252,78.1198,ECMWF_ERA5_Reanalysis
2023-01-30,31.7,21.4,26.0,33.8,24.5,28.4,1.7,18.4,40.0,33,15.91,994.7,loc_madurai,9.9252,78.1198,ECMWF_ERA5_Reanalysis
2023-01-31,33.6,22.4,27.5,34.3,25.6,28.9,0.0,21.7,39.6,34,19.92,994.1,loc_madurai,9.9252,78.1198,ECMWF_ERA5_Reanalysis
2023-02-01,33.1,23.0,27.6,33.0,25.2,28.7,0.0,21.6,43.6,27,15.24,993.4,loc_madurai,9.9252,78.1198,ECMWF_ERA5_Reanalysis
2023-02-02,26.8,23.3,24.8,28.9,25.2,26.8,14.9,17.7,32.0,23,5.91,994.2,loc_madurai,9.9252,78.1198,ECMWF_ERA5_Reanalysis
2023-02-03,30.1,22.5,25.2,33.1,23.7,27.4,7.0,23.0,42.5,40,15.41,994.9,loc_madurai,9.9252,78.1198,ECMWF_ERA5_Reanalysis
2023-02-04,30.8,22.7,25.7,34.0,24.0,28.2,1.6,21.1,41.8,42,15.91,994.8,loc_madurai,9.9252,78.1198,ECMWF_ERA5_Reanalysis
2023-02-05,32.1,18.8,25.2,33.1,19.4,26.3,0.0,16.1,33.5,44,23.15,994.6,loc_madurai,9.9252,78.1198,ECMWF_ERA5_Reanalysis
2023-02-06,32.1,17.2,24.5,34.0,17.7,26.0,0.0,13.5,30.2,50,22.86,995.2,loc_madurai,9.9252,78.1198,ECMWF_ERA5_Reanalysis
2023-02-07,33.0,18.8,25.9,34.9,20.7,27.8,0.0,13.0,29.2,63,23.64,995.0,loc_madurai,9.9252,78.1198,ECMWF_ERA5_Reanalysis
2023-02-08,33.1,20.3,25.9,34.0,23.7,28.0,0.0,16.5,35.3,58,23.8,995.1,loc_madurai,9.9252,78.1198,ECMWF_ERA5_Reanalysis
2023-02-09,33.1,19.3,25.7,34.6,22.0,27.5,0.0,15.3,34.2,57,23.62,995.9,loc_madurai,9.9252,78.1198,ECMWF_ERA5_Reanalysis
2023-02-10,33.3,18.7,25.6,33.3,20.9,26.2,0.0,16.5,34.9,51,24.27,996.7,loc_madurai,9.9252,78.1198,ECMWF_ERA5_Reanalysis
2023-02-11,33.3,17.2,25.3,32.6,17.4,25.2,0.0,16.4,36.4,48,22.78,996.9,loc_madurai,9.9252,78.1198,ECMWF_ERA5_Reanalysis
2023-02-12,34.2,17.2,25.5,33.2,18.3,25.5,0.0,16.6,34.9,51,24.94,997.0,loc_madurai,9.9252,78.1198,ECMWF_ERA5_Reanalysis
2023-02-13,34.2,18.2,25.5,33.1,20.1,26.3,0.0,18.5,40.0,60,24.99,997.2,loc_madurai,9.9252,78.1198,ECMWF_ERA5_Reanalysis
2023-02-14,33.6,17.0,25.3,33.3,17.4,26.1,0.0,15.9,36.4,65,24.82,997.0,loc_madurai,9.9252,78.1198,ECMWF_ERA5_Reanalysis
2023-02-15,34.5,17.7,26.1,34.2,18.5,26.4,0.0,18.5,38.5,52,25.12,995.4,loc_madurai,9.9252,78.1198,ECMWF_ERA5_Reanalysis
2023-02-16,34.3,18.6,25.9,33.8,19.4,26.7,0.0,19.9,41.4,60,25.08,995.6,loc_madurai,9.9252,78.1198,ECMWF_ERA5_Reanalysis
2023-02-17,33.9,19.0,26.2,34.8,20.9,27.4,0.0,14.7,34.2,53,24.69,996.3,loc_madurai,9.9252,78.1198,ECMWF_ERA5_Reanalysis
2023-02-18,34.4,18.3,26.4,35.3,19.6,27.8,0.0,13.5,31.7,62,24.67,996.4,loc_madurai,9.9252,78.1198,ECMWF_ERA5_Reanalysis
2023-02-19,34.9,21.5,27.4,35.1,24.8,29.0,0.0,15.2,32.4,56,23.91,996.6,loc_madurai,9.9252,78.1198,ECMWF_ERA5_Reanalysis
2023-02-20,35.2,21.2,27.8,36.0,24.4,29.4,0.0,17.2,31.7,59,24.54,996.6,loc_madurai,9.9252,78.1198,ECMWF_ERA5_Reanalysis
2023-02-21,35.6,21.8,28.1,35.4,24.7,28.9,0.0,19.4,39.2,53,25.11,996.8,loc_madurai,9.9252,78.1198,ECMWF_ERA5_Reanalysis
2023-02-22,34.9,19.8,27.0,33.5,19.5,26.5,0.0,20.5,43.6,49,25.6,996.3,loc_madurai,9.9252,78.1198,ECMWF_ERA5_Reanalysis
2023-02-23,33.4,19.9,26.5,34.0,21.2,27.2,0.0,13.9,32.4,55,24.42,996.3,loc_madurai,9.9252,78.1198,ECMWF_ERA5_Reanalysis
2023-02-24,34.5,19.8,27.1,35.9,21.9,28.7,0.0,14.9,29.9,64,24.56,996.8,loc_madurai,9.9252,78.1198,ECMWF_ERA5_Reanalysis
2023-02-25,36.7,20.7,28.0,34.3,23.4,28.3,0.0,20.7,42.1,47,25.82,998.1,loc_madurai,9.9252,78.1198,ECMWF_ERA5_Reanalysis
2023-02-26,34.9,18.7,26.5,33.2,18.7,26.3,0.0,22.0,45.4,52,25.74,999.2,loc_madurai,9.9252,78.1198,ECMWF_ERA5_Reanalysis
2023-02-27,34.8,20.2,27.4,35.3,21.7,28.1,0.0,14.2,30.6,46,24.63,999.4,loc_madurai,9.9252,78.1198,ECMWF_ERA5_Reanalysis
2023-02-28,34.2,23.5,27.3,36.7,24.8,29.1,1.3,24.0,50.4,45,19.18,998.9,loc_madurai,9.9252,78.1198,ECMWF_ERA5_Reanalysis
2023-03-01,34.8,23.3,28.4,35.9,25.6,29.5,0.4,20.6,41.0,57,20.2,998.8,loc_madurai,9.9252,78.1198,ECMWF_ERA5_Reanalysis
2023-03-02,34.9,21.5,27.7,35.4,24.4,28.8,0.0,15.8,35.3,51,24.84,999.3,loc_madurai,9.9252,78.1198,ECMWF_ERA5_Reanalysis
2023-03-03,35.4,20.0,27.5,34.9,20.5,27.6,0.0,18.3,38.5,48,25.48,999.7,loc_madurai,9.9252,78.1198,ECMWF_ERA5_Reanalysis
2023-03-04,35.6,22.2,28.4,36.3,24.3,29.6,0.0,18.4,40.0,55,24.47,999.5,loc_madurai,9.9252,78.1198,ECMWF_ERA5_Reanalysis
2023-03-05,36.3,24.0,29.3,37.8,25.5,30.9,0.0,17.6,38.9,61,24.04,998.8,loc_madurai,9.9252,78.1198,ECMWF_ERA5_Reanalysis
2023-03-06,35.8,22.4,28.6,36.2,24.7,30.0,0.0,14.7,31.7,56,25.34,997.7,loc_madurai,9.9252,78.1198,ECMWF_ERA5_Reanalysis
2023-03-07,35.4,21.4,28.3,36.8,23.6,29.9,0.0,15.2,34.6,62,24.45,997.0,loc_madurai,9.9252,78.1198,ECMWF_ERA5_Reanalysis
2023-03-08,35.2,23.1,28.3,35.8,25.8,29.8,0.2,21.7,40.0,55,20.73,996.9,loc_madurai,9.9252,78.1198,ECMWF_ERA5_Reanalysis
2023-03-09,34.5,23.4,28.9,35.7,26.3,30.3,0.2,18.4,39.6,50,22.73,996.3,loc_madurai,9.9252,78.1198,ECMWF_ERA5_Reanalysis
2023-03-10,35.7,22.7,28.7,36.6,24.8,30.2,0.0,15.9,34.2,58,20.66,995.8,loc_madurai,9.9252,78.1198,ECMWF_ERA5_Reanalysis
2023-03-11,35.7,22.9,28.9,36.5,26.1,30.6,0.0,17.8,34.9,52,25.05,996.0,loc_madurai,9.9252,78.1198,ECMWF_ERA5_Reanalysis
2023-03-12,36.1,23.2,28.9,37.6,26.7,30.9,0.2,19.5,41.4,59,23.31,995.8,loc_madurai,9.9252,78.1198,ECMWF_ERA5_Reanalysis
2023-03-13,36.8,23.9,29.4,37.7,27.0,30.9,0.0,19.2,39.2,66,24.32,995.1,loc_madurai,9.9252,78.1198,ECMWF_ERA5_Reanalysis
2023-03-14,37.1,22.2,29.3,37.7,23.1,30.5,0.0,16.8,35.6,67,25.07,993.7,loc_madurai,9.9252,78.1198,ECMWF_ERA5_Reanalysis
2023-03-15,37.0,22.6,29.3,40.0,26.6,32.1,0.2,17.8,31.7,91,23.86,993.3,loc_madurai,9.9252,78.1198,ECMWF_ERA5_Reanalysis
2023-03-16,36.3,24.1,28.2,40.1,28.2,32.1,8.2,18.0,40.0,86,20.59,994.2,loc_madurai,9.9252,78.1198,ECMWF_ERA5_Reanalysis
2023-03-17,34.5,22.7,27.9,39.1,26.1,31.8,8.0,15.6,31.7,76,23.07,994.2,loc_madurai,9.9252,78.1198,ECMWF_ERA5_Reanalysis
2023-03-18,33.8,24.3,28.0,38.4,27.8,31.8,3.6,11.7,27.4,145,19.84,993.8,loc_madurai,9.9252,78.1198,ECMWF_ERA5_Reanalysis
2023-03-19,35.2,23.5,28.1,40.5,28.1,32.7,6.1,12.2,42.5,259,22.76,992.5,loc_madurai,9.9252,78.1198,ECMWF_ERA5_Reanalysis
2023-03-20,34.7,23.4,26.7,40.8,27.5,31.1,4.8,16.2,30.2,72,21.4,992.5,loc_madurai,9.9252,78.1198,ECMWF_ERA5_Reanalysis
2023-03-21,35.4,23.1,28.0,41.0,27.9,33.0,0.8,11.3,35.3,93,23.58,992.2,loc_madurai,9.9252,78.1198,ECMWF_ERA5_Reanalysis
2023-03-22,35.5,24.0,29.5,40.6,28.4,34.1,1.9,12.5,23.8,164,23.65,992.7,loc_madurai,9.9252,78.1198,ECMWF_ERA5_Reanalysis
2023-03-23,37.0,24.7,28.8,41.4,29.1,33.7,1.9,24.2,44.3,107,22.81,993.0,loc_madurai,9.9252,78.1198,ECMWF_ERA5_Reanalysis
2023-03-24,35.1,25.2,28.6,41.1,29.8,33.5,1.2,14.7,28.1,157,19.53,993.6,loc_madurai,9.9252,78.1198,ECMWF_ERA5_Reanalysis
2023-03-25,35.1,23.6,28.7,40.1,27.9,33.0,1.1,17.8,39.6,115,21.48,994.4,loc_madurai,9.9252,78.1198,ECMWF_ERA5_Reanalysis
2023-03-26,35.3,24.4,29.2,40.1,29.5,33.7,0.8,14.3,31.7,117,23.18,993.9,loc_madurai,9.9252,78.1198,ECMWF_ERA5_Reanalysis
2023-03-27,37.5,24.9,30.3,41.7,29.8,34.7,0.1,14.6,34.9,106,22.78,993.1,loc_madurai,9.9252,78.1198,ECMWF_ERA5_Reanalysis
2023-03-28,37.3,25.2,29.9,41.5,30.6,34.4,2.3,20.5,40.7,97,23.71,993.4,loc_madurai,9.9252,78.1198,ECMWF_ERA5_Reanalysis
2023-03-29,37.0,24.5,30.4,40.5,28.8,34.4,0.0,15.9,29.2,105,23.67,994.2,loc_madurai,9.9252,78.1198,ECMWF_ERA5_Reanalysis
2023-03-30,38.1,25.2,30.7,40.2,30.8,34.2,0.0,19.2,35.3,104,24.6,993.7,loc_madurai,9.9252,78.1198,ECMWF_ERA5_Reanalysis
2023-03-31,38.7,24.7,31.1,41.2,30.4,34.7,0.0,15.5,29.2,134,25.92,992.7,loc_madurai,9.9252,78.1198,ECMWF_ERA5_Reanalysis
2023-04-01,38.5,25.3,31.0,41.1,29.8,34.7,0.0,17.3,42.1,135,24.58,993.1,loc_madurai,9.9252,78.1198,ECMWF_ERA5_Reanalysis
2023-04-02,38.2,25.7,31.2,42.1,29.8,34.6,0.2,15.8,29.2,117,22.62,992.8,loc_madurai,9.9252,78.1198,ECMWF_ERA5_Reanalysis
2023-04-03,37.5,26.5,30.9,40.6,31.7,34.7,0.7,20.0,42.8,132,21.99,992.6,loc_madurai,9.9252,78.1198,ECMWF_ERA5_Reanalysis
2023-04-04,35.8,25.2,29.0,40.2,29.4,33.4,1.4,15.3,41.4,173,20.56,994.0,loc_madurai,9.9252,78.1198,ECMWF_ERA5_Reanalysis
2023-04-05,38.5,24.0,30.2,41.8,28.4,33.9,0.2,19.6,42.5,147,24.51,993.3,loc_madurai,9.9252,78.1198,ECMWF_ERA5_Reanalysis
2023-04-06,37.7,25.0,31.2,39.9,30.2,34.6,0.0,13.3,29.5,114,24.57,993.6,loc_madurai,9.9252,78.1198,ECMWF_ERA5_Reanalysis
2023-04-07,38.0,25.1,30.6,40.6,28.1,33.3,0.6,18.8,37.8,101,24.16,994.9,loc_madurai,9.9252,78.1198,ECMWF_ERA5_Reanalysis
2023-04-08,36.8,23.6,29.5,38.0,27.2,31.9,1.6,18.4,38.5,77,22.24,996.8,loc_madurai,9.9252,78.1198,ECMWF_ERA5_Reanalysis
2023-04-09,35.9,25.1,29.1,39.3,29.4,32.8,3.3,14.6,37.1,69,19.57,996.8,loc_madurai,9.9252,78.1198,ECMWF_ERA5_Reanalysis
2023-04-10,37.7,24.5,30.5,39.9,28.7,33.2,0.0,18.1,33.1,71,23.31,995.4,loc_madurai,9.9252,78.1198,ECMWF_ERA5_Reanalysis
2023-04-11,37.9,24.0,30.8,39.3,28.3,33.2,0.0,16.6,34.6,74,23.26,995.4,loc_madurai,9.9252,78.1198,ECMWF_ERA5_Reanalysis
2023-04-12,39.4,23.9,31.2,40.4,28.3,33.6,0.0,18.7,34.9,85,25.45,994.9,loc_madurai,9.9252,78.1198,ECMWF_ERA5_Reanalysis
2023-04-13,40.4,24.7,31.7,41.4,27.4,33.7,0.0,18.0,34.2,106,26.09,994.5,loc_madurai,9.9252,78.1198,ECMWF_ERA5_Reanalysis
2023-04-14,40.3,24.6,31.9,41.2,27.7,33.5,0.0,13.2,26.3,94,26.79,994.3,loc_madurai,9.9252,78.1198,ECMWF_ERA5_Reanalysis
2023-04-15,40.2,25.0,32.2,40.7,29.4,34.3,0.0,14.8,30.2,87,25.35,993.4,loc_madurai,9.9252,78.1198,ECMWF_ERA5_Reanalysis
2023-04-16,40.2,25.6,32.4,42.0,30.5,35.3,0.0,16.1,28.1,106,26.25,992.5,loc_madurai,9.9252,78.1198,ECMWF_ERA5_Reanalysis
2023-04-17,40.4,25.3,32.3,41.1,30.8,34.9,0.0,19.8,43.6,124,26.29,992.6,loc_madurai,9.9252,78.1198,ECMWF_ERA5_Reanalysis
2023-04-18,40.5,25.7,32.5,43.1,30.0,35.4,0.0,17.3,32.4,115,24.15,993.6,loc_madurai,9.9252,78.1198,ECMWF_ERA5_Reanalysis
2023-04-19,40.7,25.4,32.4,42.8,29.8,35.6,0.1,17.4,34.2,144,25.73,992.0,loc_madurai,9.9252,78.1198,ECMWF_ERA5_Reanalysis
2023-04-20,40.5,26.2,32.5,43.1,31.4,36.2,0.0,20.9,42.8,124,25.13,990.0,loc_madurai,9.9252,78.1198,ECMWF_ERA5_Reanalysis
2023-04-21,40.6,26.6,32.5,43.9,32.5,36.8,0.1,23.6,48.2,123,23.98,989.7,loc_madurai,9.9252,78.1198,ECMWF_ERA5_Reanalysis
2023-04-22,40.1,27.4,32.1,43.3,32.0,36.6,2.8,14.8,41.4,70,22.01,989.9,loc_madurai,9.9252,78.1198,ECMWF_ERA5_Reanalysis
2023-04-23,38.9,26.4,30.4,43.8,30.0,35.2,13.3,20.9,40.0,21,21.19,990.5,loc_madurai,9.9252,78.1198,ECMWF_ERA5_Reanalysis
2023-04-24,36.7,24.5,29.1,42.3,28.6,33.9,24.3,18.6,38.9,117,20.61,992.3,loc_madurai,9.9252,78.1198,ECMWF_ERA5_Reanalysis
2023-04-25,33.6,23.6,28.4,39.7,27.9,33.4,5.4,9.4,21.2,155,17.17,993.3,loc_madurai,9.9252,78.1198,ECMWF_ERA5_Reanalysis
2023-04-26,33.5,24.3,28.6,38.4,29.5,33.8,5.9,11.3,31.3,80,18.54,992.8,loc_madurai,9.9252,78.1198,ECMWF_ERA5_Reanalysis
2023-04-27,33.9,24.8,28.7,39.0,29.7,33.4,5.0,11.3,28.1,81,18.59,992.8,loc_madurai,9.9252,78.1198,ECMWF_ERA5_Reanalysis
2023-04-28,35.4,24.7,29.3,40.2,29.1,34.0,1.9,14.8,34.6,106,23.38,993.3,loc_madurai,9.9252,78.1198,ECMWF_ERA5_Reanalysis
2023-04-29,34.0,23.8,27.2,39.9,27.6,32.1,18.4,16.2,45.4,141,20.02,992.9,loc_madurai,9.9252,78.1198,ECMWF_ERA5_Reanalysis
2023-04-30,33.6,23.7,27.9,38.9,28.9,32.8,0.7,17.6,39.6,138,21.36,991.6,loc_madurai,9.9252,78.1198,ECMWF_ERA5_Reanalysis
2023-05-01,34.3,24.0,27.1,39.6,28.3,32.3,29.5,17.2,47.9,172,19.26,991.5,loc_madurai,9.9252,78.1198,ECMWF_ERA5_Reanalysis
2023-05-02,31.2,23.8,27.0,36.4,28.7,32.0,18.4,10.0,20.9,122,16.64,992.3,loc_madurai,9.9252,78.1198,ECMWF_ERA5_Reanalysis
2023-05-03,31.5,23.9,26.9,37.7,28.5,32.6,12.6,7.6,23.4,299,16.1,992.9,loc_madurai,9.9252,78.1198,ECMWF_ERA5_Reanalysis
2023-05-04,33.0,24.1,27.3,39.2,28.2,33.1,23.4,11.5,29.9,311,17.79,992.4,loc_madurai,9.9252,78.1198,ECMWF_ERA5_Reanalysis
2023-05-05,30.2,24.3,27.4,35.7,29.9,32.6,0.4,8.4,19.8,214,12.53,991.8,loc_madurai,9.9252,78.1198,ECMWF_ERA5_Reanalysis
2023-05-06,32.3,25.7,28.7,38.1,29.0,32.9,0.9,9.6,21.6,290,17.0,991.3,loc_madurai,9.9252,78.1198,ECMWF_ERA5_Reanalysis
2023-05-07,27.3,24.8,26.0,33.1,29.3,30.8,3.0,8.8,17.6,289,5.02,991.6,loc_madurai,9.9252,78.1198,ECMWF_ERA5_Reanalysis
2023-05-08,31.9,24.3,27.4,37.4,28.7,32.2,0.3,12.7,25.9,284,15.01,990.8,loc_madurai,9.9252,78.1198,ECMWF_ERA5_Reanalysis
2023-05-09,35.3,24.4,27.7,42.2,29.2,33.0,18.0,20.5,39.2,288,21.91,990.8,loc_madurai,9.9252,78.1198,ECMWF_ERA5_Reanalysis
2023-05-10,34.9,24.1,29.1,41.6,28.2,34.6,0.4,10.3,18.7,287,21.7,990.1,loc_madurai,9.9252,78.1198,ECMWF_ERA5_Reanalysis
2023-05-11,35.2,25.5,29.7,42.5,31.2,35.2,0.1,18.2,31.7,264,23.11,991.1,loc_madurai,9.9252,78.1198,ECMWF_ERA5_Reanalysis
2023-05-12,35.7,26.2,30.1,42.4,30.2,35.0,0.8,17.8,39.6,271,22.55,991.9,loc_madurai,9.9252,78.1198,ECMWF_ERA5_Reanalysis
2023-05-13,36.5,25.5,30.4,41.7,30.5,35.8,0.0,14.5,24.8,212,21.3,992.4,loc_madurai,9.9252,78.1198,ECMWF_ERA5_Reanalysis
2023-05-14,37.6,26.2,31.2,43.9,30.3,36.0,0.0,15.5,28.4,269,23.49,991.2,loc_madurai,9.9252,78.1198,ECMWF_ERA5_Reanalysis
2023-05-15,39.0,26.0,31.7,43.7,30.4,35.8,0.0,16.2,27.4,232,24.43,991.5,loc_madurai,9.9252,78.1198,ECMWF_ERA5_Reanalysis
2023-05-16,39.4,26.2,31.9,45.4,30.2,36.0,0.0,18.5,31.0,291,24.71,992.4,loc_madurai,9.9252,78.1198,ECMWF_ERA5_Reanalysis
2023-05-17,39.4,25.8,32.1,43.1,31.1,36.4,0.0,10.3,18.4,92,23.75,993.0,loc_madurai,9.9252,78.1198,ECMWF_ERA5_Reanalysis
2023-05-18,38.8,26.1,31.9,44.2,31.6,36.9,0.0,20.0,37.4,103,23.64,994.1,loc_madurai,9.9252,78.1198,ECMWF_ERA5_Reanalysis
2023-05-19,39.0,26.9,31.2,43.8,32.0,36.3,0.5,19.1,39.6,236,23.42,993.5,loc_madurai,9.9252,78.1198,ECMWF_ERA5_Reanalysis
2023-05-20,38.8,25.7,31.8,42.4,30.0,35.8,0.0,20.2,41.4,147,23.8,992.5,loc_madurai,9.9252,78.1198,ECMWF_ERA5_Reanalysis
2023-05-21,39.2,26.7,31.8,43.3,32.3,36.5,0.1,21.6,43.2,128,23.24,993.1,loc_madurai,9.9252,78.1198,ECMWF_ERA5_Reanalysis
2023-05-22,39.5,26.1,30.8,43.1,31.2,35.2,2.2,17.6,45.0,106,23.36,994.2,loc_madurai,9.9252,78.1198,ECMWF_ERA5_Reanalysis
2023-05-23,39.7,25.3,31.3,43.0,30.0,35.6,0.3,22.7,45.4,131,24.39,994.5,loc_madurai,9.9252,78.1198,ECMWF_ERA5_Reanalysis
2023-05-24,40.3,26.8,32.2,44.4,32.6,36.7,0.2,21.8,42.5,170,23.53,994.0,loc_madurai,9.9252,78.1198,ECMWF_ERA5_Reanalysis
2023-05-25,39.9,27.6,32.5,44.3,31.2,36.1,2.6,22.6,46.8,270,22.53,994.3,loc_madurai,9.9252,78.1198,ECMWF_ERA5_Reanalysis
2023-05-26,39.8,27.5,32.1,43.8,30.7,35.4,0.2,23.3,48.2,300,21.72,994.5,loc_madurai,9.9252,78.1198,ECMWF_ERA5_Reanalysis
2023-05-27,39.7,27.2,32.1,44.1,29.9,35.5,5.0,19.0,41.8,283,22.45,992.6,loc_madurai,9.9252,78.1198,ECMWF_ERA5_Reanalysis
2023-05-28,40.5,27.6,32.0,44.5,31.2,36.3,11.7,11.6,32.4,301,21.9,991.8,loc_madurai,9.9252,78.1198,ECMWF_ERA5_Reanalysis
2023-05-29,39.9,26.8,31.8,43.9,31.3,36.2,14.3,17.0,37.1,332,23.1,992.0,loc_madurai,9.9252,78.1198,ECMWF_ERA5_Reanalysis
2023-05-30,39.6,26.4,32.1,44.2,32.1,36.9,0.2,17.9,32.0,182,24.08,992.4,loc_madurai,9.9252,78.1198,ECMWF_ERA5_Reanalysis
2023-05-31,39.1,25.6,31.0,44.7,30.9,35.9,8.5,12.7,35.3,285,24.01,992.2,loc_madurai,9.9252,78.1198,ECMWF_ERA5_Reanalysis
2023-06-01,36.8,26.1,31.0,41.4,31.3,35.1,0.0,14.3,32.0,260,22.62,991.6,loc_madurai,9.9252,78.1198,ECMWF_ERA5_Reanalysis
2023-06-02,39.1,26.6,31.8,43.5,29.8,35.3,4.3,15.1,26.6,284,22.34,991.5,loc_madurai,9.9252,78.1198,ECMWF_ERA5_Reanalysis
2023-06-03,39.8,27.5,32.1,43.7,31.3,36.1,0.7,12.2,45.7,284,22.14,991.4,loc_madurai,9.9252,78.1198,ECMWF_ERA5_Reanalysis
2023-06-04,40.0,27.3,32.6,44.2,31.2,36.2,0.3,13.8,36.4,289,23.14,991.4,loc_madurai,9.9252,78.1198,ECMWF_ERA5_Reanalysis
2023-06-05,39.9,27.3,32.2,43.8,30.7,35.5,10.0,19.4,36.7,266,22.32,991.1,loc_madurai,9.9252,78.1198,ECMWF_ERA5_Reanalysis
2023-06-06,40.4,27.0,32.6,45.0,30.5,35.9,0.2,14.3,29.9,266,22.46,990.6,loc_madurai,9.9252,78.1198,ECMWF_ERA5_Reanalysis
2023-06-07,41.2,27.6,32.6,43.8,30.6,35.6,0.5,16.1,40.7,287,21.71,990.6,loc_madurai,9.9252,78.1198,ECMWF_ERA5_Reanalysis
2023-06-08,40.5,27.4,32.5,44.7,30.4,35.3,0.3,18.9,41.8,272,22.73,990.9,loc_madurai,9.9252,78.1198,ECMWF_ERA5_Reanalysis
2023-06-09,39.7,26.5,31.9,42.5,29.8,34.8,0.4,18.9,45.4,275,20.68,989.8,loc_madurai,9.9252,78.1198,ECMWF_ERA5_Reanalysis
2023-06-10,39.3,26.6,32.0,42.5,29.6,34.6,0.1,15.5,32.0,275,21.63,989.5,loc_madurai,9.9252,78.1198,ECMWF_ERA5_Reanalysis
2023-06-11,38.7,26.7,31.9,43.5,29.1,34.7,1.3,15.5,38.9,268,22.37,989.5,loc_madurai,9.9252,78.1198,ECMWF_ERA5_Reanalysis
2023-06-12,38.7,27.3,32.1,41.3,30.5,34.7,0.6,24.4,49.7,268,21.9,989.7,loc_madurai,9.9252,78.1198,ECMWF_ERA5_Reanalysis
2023-06-13,38.0,27.3,31.5,41.3,30.9,35.0,1.6,19.9,44.3,275,21.46,990.4,loc_madurai,9.9252,78.1198,ECMWF_ERA5_Reanalysis
2023-06-14,39.4,26.5,32.0,42.5,30.4,35.3,1.8,17.3,45.0,273,21.39,991.6,loc_madurai,9.9252,78.1198,ECMWF_ERA5_Reanalysis
2023-06-15,41.1,27.1,33.2,44.0,30.0,36.2,0.1,12.8,29.9,286,22.96,991.2,loc_madurai,9.9252,78.1198,ECMWF_ERA5_Reanalysis
2023-06-16,41.1,27.8,33.6,43.6,29.9,35.8,0.0,23.4,41.0,276,23.1,990.3,loc_madurai,9.9252,78.1198,ECMWF_ERA5_Reanalysis
2023-06-17,39.6,27.4,32.5,41.3,29.8,34.5,0.3,18.1,35.3,269,17.8,990.9,loc_madurai,9.9252,78.1198,ECMWF_ERA5_Reanalysis
2023-06-18,35.3,26.3,30.2,37.7,31.1,33.6,0.9,10.2,22.7,288,9.98,991.4,loc_madurai,9.9252,78.1198,ECMWF_ERA5_Reanalysis
2023-06-19,37.2,25.6,30.1,41.5,30.5,34.2,0.7,20.6,42.1,237,15.05,990.3,loc_madurai,9.9252,78.1198,ECMWF_ERA5_Reanalysis
2023-06-20,37.6,26.9,29.9,41.3,30.6,34.4,14.7,8.4,23.8,49,15.44,989.5,loc_madurai,9.9252,78.1198,ECMWF_ERA5_Reanalysis
2023-06-21,34.1,26.3,29.5,39.0,31.5,34.3,0.4,9.7,25.2,354,14.21,990.3,loc_madurai,9.9252,78.1198,ECMWF_ERA5_Reanalysis
2023-06-22,36.1,25.7,30.4,40.6,31.1,34.9,3.9,12.8,33.1,255,18.48,990.3,loc_madurai,9.9252,78.1198,ECMWF_ERA5_Reanalysis
2023-06-23,37.8,26.3,30.7,40.0,30.7,34.9,0.7,17.8,35.3,288,19.22,990.5,loc_madurai,9.9252,78.1198,ECMWF_ERA5_Reanalysis
2023-06-24,38.2,26.4,31.5,41.5,29.8,34.7,0.0,19.2,42.1,269,21.51,990.1,loc_madurai,9.9252,78.1198,ECMWF_ERA5_Reanalysis
2023-06-25,39.3,26.3,30.9,43.0,29.1,33.9,2.0,18.7,45.4,263,22.18,990.1,loc_madurai,9.9252,78.1198,ECMWF_ERA5_Reanalysis
2023-06-26,38.0,26.0,30.9,40.6,29.0,34.0,0.4,13.9,29.9,276,20.67,990.7,loc_madurai,9.9252,78.1198,ECMWF_ERA5_Reanalysis
2023-06-27,38.1,26.3,30.4,40.3,28.9,32.3,1.3,30.4,58.3,258,19.21,991.6,loc_madurai,9.9252,78.1198,ECMWF_ERA5_Reanalysis
2023-06-28,38.0,25.0,30.9,41.0,28.0,33.6,0.4,18.3,38.2,243,22.62,992.1,loc_madurai,9.9252,78.1198,ECMWF_ERA5_Reanalysis
2023-06-29,37.8,26.9,31.2,40.1,30.1,33.7,4.9,26.7,54.0,265,22.08,992.8,loc_madurai,9.9252,78.1198,ECMWF_ERA5_Reanalysis
2023-06-30,39.6,26.2,31.8,43.0,30.3,35.1,0.2,10.4,31.7,275,21.75,992.2,loc_madurai,9.9252,78.1198,ECMWF_ERA5_Reanalysis
2023-07-01,37.8,27.2,31.0,42.3,30.4,34.6,3.5,16.1,51.1,264,17.9,992.4,loc_madurai,9.9252,78.1198,ECMWF_ERA5_Reanalysis
2023-07-02,37.6,26.1,29.5,41.8,30.4,34.1,13.5,10.9,25.2,318,16.97,991.7,loc_madurai,9.9252,78.1198,ECMWF_ERA5_Reanalysis
2023-07-03,36.5,25.1,29.2,41.0,29.1,32.9,0.6,16.5,36.0,288,17.94,990.6,loc_madurai,9.9252,78.1198,ECMWF_ERA5_Reanalysis
2023-07-04,32.4,25.2,28.1,33.4,28.5,30.4,3.0,33.1,62.3,267,11.1,989.5,loc_madurai,9.9252,78.1198,ECMWF_ERA5_Reanalysis
2023-07-05,29.0,24.2,26.0,32.1,28.1,30.0,21.6,19.3,41.0,267,7.96,988.9,loc_madurai,9.9252,78.1198,ECMWF_ERA5_Reanalysis
2023-07-06,30.1,24.1,26.8,33.1,28.8,30.8,12.7,16.9,34.9,270,11.26,991.0,loc_madurai,9.9252,78.1198,ECMWF_ERA5_Reanalysis
2023-07-07,30.9,24.1,27.6,33.6,28.0,30.8,0.3,19.5,37.1,264,10.8,992.9,loc_madurai,9.9252,78.1198,ECMWF_ERA5_Reanalysis
2023-07-08,34.4,24.7,28.8,39.2,28.0,32.6,0.1,16.6,36.4,280,20.21,993.2,loc_madurai,9.9252,78.1198,ECMWF_ERA5_Reanalysis
2023-07-09,35.9,25.3,30.2,40.8,28.5,34.2,0.0,11.2,24.8,278,22.21,992.1,loc_madurai,9.9252,78.1198,ECMWF_ERA5_Reanalysis
2023-07-10,34.4,25.6,28.9,39.4,28.4,33.0,0.4,16.3,30.2,339,15.35,991.9,loc_madurai,9.9252,78.1198,ECMWF_ERA5_Reanalysis
2023-07-11,32.9,25.6,28.0,36.3,29.9,32.7,7.7,9.3,26.3,276,10.03,991.8,loc_madurai,9.9252,78.1198,ECMWF_ERA5_Reanalysis
2023-07-12,36.3,25.2,29.6,40.9,29.0,33.8,0.3,13.9,33.5,300,20.92,991.3,loc_madurai,9.9252,78.1198,ECMWF_ERA5_Reanalysis
2023-07-13,35.4,25.5,28.8,40.0,29.0,33.4,14.2,10.2,28.4,307,20.25,991.8,loc_madurai,9.9252,78.1198,ECMWF_ERA5_Reanalysis
2023-07-14,36.4,24.5,29.9,41.6,28.6,34.2,0.1,12.8,23.0,279,22.24,992.5,loc_madurai,9.9252,78.1198,ECMWF_ERA5_Reanalysis
2023-07-15,37.0,25.8,31.0,41.0,28.7,34.7,0.4,10.5,26.3,284,22.62,992.1,loc_madurai,9.9252,78.1198,ECMWF_ERA5_Reanalysis
2023-07-16,38.3,26.3,30.8,41.8,29.8,34.3,0.5,16.3,42.5,269,20.87,991.6,loc_madurai,9.9252,78.1198,ECMWF_ERA5_Reanalysis
2023-07-17,37.3,25.8,31.1,41.4,28.7,33.9,0.1,20.0,45.4,265,22.01,991.1,loc_madurai,9.9252,78.1198,ECMWF_ERA5_Reanalysis
2023-07-18,37.1,25.9,30.6,38.7,29.1,32.4,0.2,27.8,54.0,262,20.87,990.8,loc_madurai,9.9252,78.1198,ECMWF_ERA5_Reanalysis
2023-07-19,36.6,26.8,30.7,38.3,28.9,32.4,0.2,28.1,55.4,262,22.41,990.0,loc_madurai,9.9252,78.1198,ECMWF_ERA5_Reanalysis
2023-07-20,39.2,26.2,31.2,41.3,28.9,33.2,0.0,29.8,57.2,258,23.52,989.5,loc_madurai,9.9252,78.1198,ECMWF_ERA5_Reanalysis
2023-07-21,39.0,25.3,31.0,42.4,28.3,33.2,0.0,26.1,49.0,264,21.82,990.2,loc_madurai,9.9252,78.1198,ECMWF_ERA5_Reanalysis
2023-07-22,37.3,25.9,31.0,40.4,29.0,33.3,0.9,15.6,38.2,264,16.73,991.7,loc_madurai,9.9252,78.1198,ECMWF_ERA5_Reanalysis
2023-07-23,35.9,26.5,31.0,38.0,29.6,33.6,0.1,16.4,34.9,268,14.89,991.9,loc_madurai,9.9252,78.1198,ECMWF_ERA5_Reanalysis
2023-07-24,35.6,26.0,29.7,37.3,30.0,32.7,0.9,18.5,40.3,276,13.58,991.6,loc_madurai,9.9252,78.1198,ECMWF_ERA5_Reanalysis
2023-07-25,36.2,25.0,28.9,38.5,28.9,32.6,0.5,15.1,32.0,344,13.96,991.6,loc_madurai,9.9252,78.1198,ECMWF_ERA5_Reanalysis
2023-07-26,36.4,25.4,30.3,39.2,29.1,33.4,0.2,12.1,25.6,267,16.71,992.5,loc_madurai,9.9252,78.1198,ECMWF_ERA5_Reanalysis
2023-07-27,38.2,26.3,31.6,41.5,29.6,34.5,0.0,13.0,31.7,272,19.31,992.8,loc_madurai,9.9252,78.1198,ECMWF_ERA5_Reanalysis
2023-07-28,39.5,26.4,32.3,44.1,29.4,35.0,0.2,19.7,40.0,244,20.91,992.1,loc_madurai,9.9252,78.1198,ECMWF_ERA5_Reanalysis
2023-07-29,40.2,26.4,32.7,44.0,28.4,35.0,0.3,15.3,30.2,263,23.96,991.6,loc_madurai,9.9252,78.1198,ECMWF_ERA5_Reanalysis
2023-07-30,39.7,26.3,32.4,42.6,28.1,34.4,0.1,21.6,41.0,268,23.2,991.2,loc_madurai,9.9252,78.1198,ECMWF_ERA5_Reanalysis
2023-07-31,39.9,26.5,32.5,43.0,28.7,34.5,0.0,23.0,42.1,273,22.69,991.0,loc_madurai,9.9252,78.1198,ECMWF_ERA5_Reanalysis
2023-08-01,40.3,26.5,32.6,43.7,29.0,34.6,0.2,22.9,43.6,274,22.43,991.2,loc_madurai,9.9252,78.1198,ECMWF_ERA5_Reanalysis
2023-08-02,40.1,26.4,32.5,41.8,28.8,33.8,0.0,22.1,46.1,253,23.14,992.1,loc_madurai,9.9252,78.1198,ECMWF_ERA5_Reanalysis
2023-08-03,41.0,25.4,32.2,44.4,28.1,34.7,0.0,20.1,37.1,258,24.7,991.7,loc_madurai,9.9252,78.1198,ECMWF_ERA5_Reanalysis
2023-08-04,39.9,26.5,31.9,43.5,29.2,34.1,1.4,23.9,51.1,270,20.85,993.4,loc_madurai,9.9252,78.1198,ECMWF_ERA5_Reanalysis
2023-08-05,40.2,27.0,33.0,43.6,29.3,35.1,0.0,23.5,48.2,263,23.93,994.2,loc_madurai,9.9252,78.1198,ECMWF_ERA5_Reanalysis
2023-08-06,40.8,27.6,33.3,43.0,30.1,35.4,0.6,19.5,37.4,267,23.29,993.3,loc_madurai,9.9252,78.1198,ECMWF_ERA5_Reanalysis
2023-08-07,40.1,27.3,32.7,42.9,29.8,35.2,0.6,14.7,29.9,256,22.27,991.7,loc_madurai,9.9252,78.1198,ECMWF_ERA5_Reanalysis
2023-08-08,40.2,27.3,32.1,43.5,30.3,35.1,0.3,24.7,50.0,277,22.28,992.1,loc_madurai,9.9252,78.1198,ECMWF_ERA5_Reanalysis
2023-08-09,40.0,26.7,32.4,43.3,29.7,35.8,2.9,14.0,40.0,258,23.18,993.1,loc_madurai,9.9252,78.1198,ECMWF_ERA5_Reanalysis
2023-08-10,38.4,27.0,31.2,43.0,30.3,35.7,24.3,15.3,33.8,75,21.71,993.9,loc_madurai,9.9252,78.1198,ECMWF_ERA5_Reanalysis
2023-08-11,37.2,24.4,29.0,42.9,29.5,33.7,22.7,23.1,47.5,67,17.76,993.7,loc_madurai,9.9252,78.1198,ECMWF_ERA5_Reanalysis
2023-08-12,35.5,24.4,28.7,40.8,29.3,33.9,5.7,11.2,37.4,259,20.99,993.1,loc_madurai,9.9252,78.1198,ECMWF_ERA5_Reanalysis
2023-08-13,37.2,24.8,30.1,42.2,28.7,34.2,0.0,19.7,35.3,240,23.92,992.3,loc_madurai,9.9252,78.1198,ECMWF_ERA5_Reanalysis
2023-08-14,36.8,25.5,29.9,41.7,28.7,33.8,18.7,14.3,38.2,284,22.81,992.8,loc_madurai,9.9252,78.1198,ECMWF_ERA5_Reanalysis
2023-08-15,36.7,25.0,30.1,41.7,28.7,34.0,1.4,14.9,38.9,235,23.69,993.0,loc_madurai,9.9252,78.1198,ECMWF_ERA5_Reanalysis
2023-08-16,37.2,25.0,30.6,41.5,27.2,33.7,0.0,22.0,45.0,241,25.13,993.3,loc_madurai,9.9252,78.1198,ECMWF_ERA5_Reanalysis
2023-08-17,40.4,25.8,32.0,42.4,28.3,34.3,0.0,18.2,38.9,269,25.1,992.6,loc_madurai,9.9252,78.1198,ECMWF_ERA5_Reanalysis
2023-08-18,39.1,26.0,31.5,41.3,28.7,33.3,0.1,26.6,51.8,263,23.28,991.9,loc_madurai,9.9252,78.1198,ECMWF_ERA5_Reanalysis
2023-08-19,39.6,25.8,31.7,41.7,29.2,33.6,0.3,25.4,51.1,256,24.0,991.2,loc_madurai,9.9252,78.1198,ECMWF_ERA5_Reanalysis
2023-08-20,39.9,26.4,32.2,43.7,28.7,34.6,0.3,18.7,37.1,229,24.55,991.1,loc_madurai,9.9252,78.1198,ECMWF_ERA5_Reanalysis
2023-08-21,40.0,26.8,32.3,43.7,30.4,35.4,2.6,16.6,31.3,234,21.79,990.6,loc_madurai,9.9252,78.1198,ECMWF_ERA5_Reanalysis
2023-08-22,39.2,27.2,31.5,44.1,32.0,36.2,28.6,14.6,36.7,299,23.03,991.0,loc_madurai,9.9252,78.1198,ECMWF_ERA5_Reanalysis
2023-08-23,36.6,25.5,30.1,42.6,30.8,35.3,1.4,13.8,27.7,227,23.5,991.5,loc_madurai,9.9252,78.1198,ECMWF_ERA5_Reanalysis
2023-08-24,38.2,26.3,31.3,42.2,29.5,35.0,0.0,13.2,38.5,268,24.4,991.0,loc_madurai,9.9252,78.1198,ECMWF_ERA5_Reanalysis
2023-08-25,39.2,25.6,31.6,42.5,28.2,34.3,0.0,23.7,44.6,222,25.36,991.3,loc_madurai,9.9252,78.1198,ECMWF_ERA5_Reanalysis
2023-08-26,39.3,26.1,31.9,43.2,29.1,35.0,0.0,18.9,43.2,183,25.2,992.0,loc_madurai,9.9252,78.1198,ECMWF_ERA5_Reanalysis
2023-08-27,40.3,26.6,32.2,43.3,30.9,36.0,0.0,16.7,38.5,128,24.31,992.6,loc_madurai,9.9252,78.1198,ECMWF_ERA5_Reanalysis
2023-08-28,40.5,27.4,32.5,43.6,30.6,35.9,1.0,20.0,53.6,213,24.27,992.1,loc_madurai,9.9252,78.1198,ECMWF_ERA5_Reanalysis
2023-08-29,37.7,25.7,29.5,42.1,30.8,33.8,33.1,12.6,37.1,302,17.41,991.9,loc_madurai,9.9252,78.1198,ECMWF_ERA5_Reanalysis
2023-08-30,36.0,24.4,28.6,42.1,27.8,33.5,4.2,12.4,40.3,277,21.46,992.3,loc_madurai,9.9252,78.1198,ECMWF_ERA5_Reanalysis
2023-08-31,35.3,24.8,28.4,42.5,29.8,33.7,18.9,16.9,35.6,273,21.45,992.2,loc_madurai,9.9252,78.1198,ECMWF_ERA5_Reanalysis
2023-09-01,34.2,24.3,28.4,40.8,29.1,33.8,1.3,15.7,35.3,206,22.97,992.4,loc_madurai,9.9252,78.1198,ECMWF_ERA5_Reanalysis
2023-09-02,33.6,24.9,27.4,40.1,29.7,33.1,14.7,11.5,27.4,235,17.63,992.2,loc_madurai,9.9252,78.1198,ECMWF_ERA5_Reanalysis
2023-09-03,32.6,24.5,27.4,38.7,29.3,32.8,1.2,18.3,36.0,250,18.81,991.3,loc_madurai,9.9252,78.1198,ECMWF_ERA5_Reanalysis
2023-09-04,33.0,24.5,28.1,36.8,27.9,32.2,0.2,16.1,31.0,273,18.23,989.5,loc_madurai,9.9252,78.1198,ECMWF_ERA5_Reanalysis
2023-09-05,33.1,24.4,28.7,35.7,28.6,31.8,0.2,21.9,41.0,256,16.93,989.8,loc_madurai,9.9252,78.1198,ECMWF_ERA5_Reanalysis
2023-09-06,33.5,25.4,28.8,36.2,29.7,31.9,0.0,22.8,44.3,248,16.57,990.8,loc_madurai,9.9252,78.1198,ECMWF_ERA5_Reanalysis
2023-09-07,31.4,25.1,28.1,34.5,29.5,31.5,2.4,15.7,38.2,245,13.2,991.8,loc_madurai,9.9252,78.1198,ECMWF_ERA5_Reanalysis
2023-09-08,34.8,25.2,29.3,38.9,29.5,32.2,0.4,26.9,51.1,249,20.1,992.6,loc_madurai,9.9252,78.1198,ECMWF_ERA5_Reanalysis
2023-09-09,35.8,25.8,29.2,41.7,30.0,33.7,1.0,16.6,41.0,235,20.89,991.7,loc_madurai,9.9252,78.1198,ECMWF_ERA5_Reanalysis
2023-09-10,35.5,25.4,29.8,39.0,28.9,33.0,1.5,16.9,43.6,260,20.57,991.1,loc_madurai,9.9252,78.1198,ECMWF_ERA5_Reanalysis
2023-09-11,34.7,25.7,29.3,38.0,29.1,32.3,0.3,15.6,34.2,269,19.64,991.5,loc_madurai,9.9252,78.1198,ECMWF_ERA5_Reanalysis
2023-09-12,36.7,25.2,30.1,41.7,27.9,33.7,0.0,15.0,26.3,303,20.07,991.4,loc_madurai,9.9252,78.1198,ECMWF_ERA5_Reanalysis
2023-09-13,35.3,26.3,30.8,39.6,29.3,33.7,0.2,17.1,41.0,273,17.97,991.6,loc_madurai,9.9252,78.1198,ECMWF_ERA5_Reanalysis
2023-09-14,37.0,26.2,30.2,41.0,29.4,33.4,0.8,21.7,44.6,283,19.98,991.8,loc_madurai,9.9252,78.1198,ECMWF_ERA5_Reanalysis
2023-09-15,36.2,25.6,29.4,40.7,29.3,33.0,1.6,22.0,50.8,230,20.12,992.7,loc_madurai,9.9252,78.1198,ECMWF_ERA5_Reanalysis
2023-09-16,34.3,25.0,28.9,40.3,29.4,33.4,4.2,12.7,31.3,241,22.4,992.7,loc_madurai,9.9252,78.1198,ECMWF_ERA5_Reanalysis
2023-09-17,34.3,25.1,28.2,41.3,29.0,33.0,5.5,19.2,41.0,264,20.33,992.1,loc_madurai,9.9252,78.1198,ECMWF_ERA5_Reanalysis
2023-09-18,33.7,24.9,27.2,38.5,29.2,32.0,16.6,18.8,39.2,256,18.58,992.4,loc_madurai,9.9252,78.1198,ECMWF_ERA5_Reanalysis
2023-09-19,33.3,23.9,27.2,39.8,29.0,32.4,4.1,11.9,30.6,253,19.74,993.3,loc_madurai,9.9252,78.1198,ECMWF_ERA5_Reanalysis
2023-09-20,33.5,24.2,28.1,39.5,29.1,33.0,1.3,16.2,30.2,253,22.31,993.2,loc_madurai,9.9252,78.1198,ECMWF_ERA5_Reanalysis
2023-09-21,34.5,24.7,28.0,40.6,28.6,32.9,3.6,16.1,36.0,230,22.26,993.1,loc_madurai,9.9252,78.1198,ECMWF_ERA5_Reanalysis
2023-09-22,33.6,24.5,27.5,40.9,29.5,33.1,1.7,17.7,42.5,248,21.78,993.1,loc_madurai,9.9252,78.1198,ECMWF_ERA5_Reanalysis
2023-09-23,33.6,24.1,28.1,40.5,28.6,33.2,1.3,17.4,34.9,266,21.7,993.0,loc_madurai,9.9252,78.1198,ECMWF_ERA5_Reanalysis
2023-09-24,34.3,24.4,28.0,40.3,28.6,32.8,9.5,14.4,32.4,284,23.17,993.0,loc_madurai,9.9252,78.1198,ECMWF_ERA5_Reanalysis
2023-09-25,33.7,24.1,28.5,38.3,27.8,32.8,0.1,11.8,32.8,264,20.86,992.0,loc_madurai,9.9252,78.1198,ECMWF_ERA5_Reanalysis
2023-09-26,34.1,24.8,28.6,39.1,28.3,32.7,0.1,18.3,40.3,272,18.58,991.7,loc_madurai,9.9252,78.1198,ECMWF_ERA5_Reanalysis
2023-09-27,34.2,24.7,28.4,40.1,28.7,33.1,1.2,14.9,37.1,254,22.85,991.7,loc_madurai,9.9252,78.1198,ECMWF_ERA5_Reanalysis
2023-09-28,34.3,23.9,28.5,39.0,27.7,32.1,2.4,19.2,40.3,257,22.2,991.7,loc_madurai,9.9252,78.1198,ECMWF_ERA5_Reanalysis
2023-09-29,32.8,24.1,27.8,36.9,28.4,31.7,1.0,16.4,40.3,232,19.13,992.5,loc_madurai,9.9252,78.1198,ECMWF_ERA5_Reanalysis
2023-09-30,33.7,23.9,28.3,37.3,28.7,32.0,3.1,24.2,49.7,235,20.58,993.1,loc_madurai,9.9252,78.1198,ECMWF_ERA5_Reanalysis
2023-10-01,33.2,24.4,28.6,35.5,28.9,31.9,1.4,24.6,52.9,236,17.74,992.9,loc_madurai,9.9252,78.1198,ECMWF_ERA5_Reanalysis
2023-10-02,34.3,24.3,28.4,39.4,28.8,32.9,0.7,20.2,40.3,216,19.07,993.4,loc_madurai,9.9252,78.1198,ECMWF_ERA5_Reanalysis
2023-10-03,35.6,24.6,29.0,41.1,29.5,34.0,0.6,12.9,28.8,208,22.9,993.5,loc_madurai,9.9252,78.1198,ECMWF_ERA5_Reanalysis
2023-10-04,35.5,24.2,29.1,40.6,29.5,34.3,2.0,14.5,27.0,193,24.01,993.7,loc_madurai,9.9252,78.1198,ECMWF_ERA5_Reanalysis
2023-10-05,35.9,24.8,29.3,41.9,30.2,34.3,0.5,17.7,40.0,218,23.45,993.1,loc_madurai,9.9252,78.1198,ECMWF_ERA5_Reanalysis
2023-10-06,36.9,24.5,30.2,41.5,28.1,34.4,0.0,17.1,35.3,231,23.94,992.2,loc_madurai,9.9252,78.1198,ECMWF_ERA5_Reanalysis
2023-10-07,37.0,24.7,29.6,42.0,30.0,34.6,1.8,12.5,40.0,81,22.28,992.5,loc_madurai,9.9252,78.1198,ECMWF_ERA5_Reanalysis
2023-10-08,36.7,25.3,29.5,41.5,31.2,34.6,8.2,15.5,34.6,124,22.48,994.1,loc_madurai,9.9252,78.1198,ECMWF_ERA5_Reanalysis
2023-10-09,34.9,24.4,28.5,41.8,29.5,33.9,14.3,14.6,31.0,115,20.76,995.6,loc_madurai,9.9252,78.1198,ECMWF_ERA5_Reanalysis
2023-10-10,34.3,24.6,28.5,40.9,30.6,34.0,0.2,12.8,28.4,204,22.76,995.0,loc_madurai,9.9252,78.1198,ECMWF_ERA5_Reanalysis
2023-10-11,33.8,24.0,27.8,40.8,29.3,33.4,8.7,8.5,26.6,122,22.52,994.7,loc_madurai,9.9252,78.1198,ECMWF_ERA5_Reanalysis
2023-10-12,32.5,24.0,27.2,40.1,28.8,32.8,16.9,9.0,21.6,1,20.33,995.4,loc_madurai,9.9252,78.1198,ECMWF_ERA5_Reanalysis
2023-10-13,32.7,23.6,27.4,38.0,28.7,32.1,0.8,14.0,27.4,89,22.36,996.0,loc_madurai,9.9252,78.1198,ECMWF_ERA5_Reanalysis
2023-10-14,29.0,23.8,26.2,33.8,28.9,31.2,1.1,11.2,19.4,183,6.6,996.3,loc_madurai,9.9252,78.1198,ECMWF_ERA5_Reanalysis
2023-10-15,32.2,23.7,27.7,36.3,28.8,32.3,14.5,7.6,17.6,239,18.35,994.8,loc_madurai,9.9252,78.1198,ECMWF_ERA5_Reanalysis
2023-10-16,30.4,24.2,26.4,35.3,28.7,31.6,36.0,10.5,23.0,322,13.92,995.0,loc_madurai,9.9252,78.1198,ECMWF_ERA5_Reanalysis
2023-10-17,32.4,23.6,26.7,37.6,28.2,31.6,22.2,15.8,38.9,45,17.6,995.4,loc_madurai,9.9252,78.1198,ECMWF_ERA5_Reanalysis
2023-10-18,32.3,22.6,27.3,36.0,27.0,31.4,1.4,14.1,29.9,37,20.99,996.1,loc_madurai,9.9252,78.1198,ECMWF_ERA5_Reanalysis
2023-10-19,32.8,23.1,27.5,36.6,27.4,31.6,0.0,16.8,33.8,69,21.79,996.1,loc_madurai,9.9252,78.1198,ECMWF_ERA5_Reanalysis
2023-10-20,33.2,23.2,28.0,36.4,27.8,31.8,0.0,13.0,28.4,55,23.21,996.0,loc_madurai,9.9252,78.1198,ECMWF_ERA5_Reanalysis
2023-10-21,33.5,23.7,28.3,37.2,28.8,32.4,0.1,11.3,26.3,69,21.27,996.1,loc_madurai,9.9252,78.1198,ECMWF_ERA5_Reanalysis
2023-10-22,33.6,23.6,28.0,37.4,27.9,32.0,9.1,15.6,39.6,73,21.22,996.3,loc_madurai,9.9252,78.1198,ECMWF_ERA5_Reanalysis
2023-10-23,31.4,23.3,26.1,36.8,27.4,30.6,3.7,23.4,45.7,235,17.59,996.2,loc_madurai,9.9252,78.1198,ECMWF_ERA5_Reanalysis
2023-10-24,31.9,22.6,26.5,37.2,26.8,31.0,11.1,14.3,34.6,247,19.94,995.7,loc_madurai,9.9252,78.1198,ECMWF_ERA5_Reanalysis
2023-10-25,31.7,23.3,26.4,38.3,27.6,31.5,7.2,10.1,20.5,286,19.84,996.7,loc_madurai,9.9252,78.1198,ECMWF_ERA5_Reanalysis
2023-10-26,33.3,23.2,28.0,37.5,27.8,32.0,0.4,11.8,25.2,55,20.66,996.2,loc_madurai,9.9252,78.1198,ECMWF_ERA5_Reanalysis
2023-10-27,33.4,23.1,27.6,37.0,27.1,31.4,2.7,17.9,36.0,70,21.58,995.1,loc_madurai,9.9252,78.1198,ECMWF_ERA5_Reanalysis
2023-10-28,32.3,22.7,27.2,37.1,27.0,31.5,18.4,15.0,33.5,76,20.53,995.2,loc_madurai,9.9252,78.1198,ECMWF_ERA5_Reanalysis
2023-10-29,31.0,22.8,25.9,35.2,26.8,30.6,25.2,15.8,32.8,78,16.53,995.2,loc_madurai,9.9252,78.1198,ECMWF_ERA5_Reanalysis
2023-10-30,30.9,23.2,25.6,35.7,27.7,30.3,11.3,14.8,33.1,67,15.32,995.3,loc_madurai,9.9252,78.1198,ECMWF_ERA5_Reanalysis
2023-10-31,31.9,22.2,26.2,36.4,26.6,30.6,2.5,18.9,36.0,40,19.12,995.4,loc_madurai,9.9252,78.1198,ECMWF_ERA5_Reanalysis
2023-11-01,31.8,22.3,26.3,36.7,26.0,30.8,31.4,16.7,33.8,36,20.94,995.5,loc_madurai,9.9252,78.1198,ECMWF_ERA5_Reanalysis
2023-11-02,31.3,23.0,26.0,36.6,27.4,30.6,17.6,13.0,29.2,42,16.38,994.8,loc_madurai,9.9252,78.1198,ECMWF_ERA5_Reanalysis
2023-11-03,30.7,22.9,25.4,35.5,27.7,30.3,30.1,11.7,26.3,50,13.69,993.8,loc_madurai,9.9252,78.1198,ECMWF_ERA5_Reanalysis
2023-11-04,26.2,22.9,24.4,31.4,27.4,29.4,22.4,7.3,15.1,266,6.99,994.0,loc_madurai,9.9252,78.1198,ECMWF_ERA5_Reanalysis
2023-11-05,30.2,22.4,25.5,36.4,27.2,30.5,10.5,9.7,20.2,124,15.17,995.2,loc_madurai,9.9252,78.1198,ECMWF_ERA5_Reanalysis
2023-11-06,31.6,22.6,26.2,37.4,26.9,31.4,16.1,12.1,24.1,48,20.11,996.0,loc_madurai,9.9252,78.1198,ECMWF_ERA5_Reanalysis
2023-11-07,31.1,23.2,25.7,36.4,27.8,30.8,20.6,12.1,27.4,64,17.59,996.2,loc_madurai,9.9252,78.1198,ECMWF_ERA5_Reanalysis
2023-11-08,30.6,23.0,25.7,35.8,27.6,30.8,15.0,11.3,25.9,51,16.53,995.9,loc_madurai,9.9252,78.1198,ECMWF_ERA5_Reanalysis
2023-11-09,30.2,22.4,25.6,35.9,27.0,30.6,12.9,12.5,25.9,57,15.62,996.2,loc_madurai,9.9252,78.1198,ECMWF_ERA5_Reanalysis
2023-11-10,30.3,23.1,25.5,35.6,27.1,29.7,17.4,13.8,28.1,54,14.37,997.3,loc_madurai,9.9252,78.1198,ECMWF_ERA5_Reanalysis
2023-11-11,29.6,22.6,25.6,33.8,27.0,29.9,13.2,18.3,38.2,54,16.63,997.2,loc_madurai,9.9252,78.1198,ECMWF_ERA5_Reanalysis
2023-11-12,31.0,21.4,26.4,34.4,23.9,28.8,0.0,17.2,36.0,30,21.03,996.8,loc_madurai,9.9252,78.1198,ECMWF_ERA5_Reanalysis
2023-11-13,31.2,22.4,26.5,35.2,24.7,29.3,0.4,17.2,34.2,37,19.54,996.1,loc_madurai,9.9252,78.1198,ECMWF_ERA5_Reanalysis
2023-11-14,29.3,24.2,25.8,32.2,28.1,29.6,10.3,13.8,29.5,18,11.82,995.5,loc_madurai,9.9252,78.1198,ECMWF_ERA5_Reanalysis
2023-11-15,31.5,23.3,26.8,35.6,27.3,30.3,7.6,13.5,23.8,32,15.87,995.3,loc_madurai,9.9252,78.1198,ECMWF_ERA5_Reanalysis
2023-11-16,31.6,23.4,26.7,36.4,27.7,31.4,7.2,12.2,28.1,48,17.44,995.8,loc_madurai,9.9252,78.1198,ECMWF_ERA5_Reanalysis
2023-11-17,31.8,23.4,27.3,35.6,28.0,31.3,1.3,15.6,33.5,52,20.22,995.9,loc_madurai,9.9252,78.1198,ECMWF_ERA5_Reanalysis
2023-11-18,30.4,23.8,26.5,35.6,28.6,30.8,10.1,17.8,40.7,51,14.8,995.5,loc_madurai,9.9252,78.1198,ECMWF_ERA5_Reanalysis
2023-11-19,30.6,23.9,26.9,34.4,26.9,30.5,1.2,21.3,41.4,45,16.92,995.9,loc_madurai,9.9252,78.1198,ECMWF_ERA5_Reanalysis
2023-11-20,32.2,23.0,26.7,36.3,27.1,30.4,0.0,19.9,36.7,50,15.59,995.4,loc_madurai,9.9252,78.1198,ECMWF_ERA5_Reanalysis
2023-11-21,32.5,23.5,27.1,38.4,28.5,32.2,11.7,9.1,21.6,58,18.5,994.5,loc_madurai,9.9252,78.1198,ECMWF_ERA5_Reanalysis
2023-11-22,30.4,23.9,25.9,35.8,28.9,31.2,11.1,13.0,25.2,113,13.45,994.5,loc_madurai,9.9252,78.1198,ECMWF_ERA5_Reanalysis
2023-11-23,29.6,23.5,25.8,34.9,27.4,30.6,7.7,9.2,22.0,100,15.37,994.0,loc_madurai,9.9252,78.1198,ECMWF_ERA5_Reanalysis
2023-11-24,30.2,22.9,26.2,36.2,26.8,30.6,2.1,16.5,32.4,58,18.98,994.2,loc_madurai,9.9252,78.1198,ECMWF_ERA5_Reanalysis
2023-11-25,29.8,22.8,25.7,34.3,26.7,29.6,8.5,14.8,34.2,47,15.62,995.5,loc_madurai,9.9252,78.1198,ECMWF_ERA5_Reanalysis
2023-11-26,29.9,22.5,25.7,34.2,26.3,29.4,10.3,19.6,41.8,43,17.52,996.4,loc_madurai,9.9252,78.1198,ECMWF_ERA5_Reanalysis
2023-11-27,30.1,22.5,25.8,34.6,26.3,29.8,1.0,15.9,34.2,44,15.64,995.1,loc_madurai,9.9252,78.1198,ECMWF_ERA5_Reanalysis
2023-11-28,30.6,22.6,26.1,35.2,26.3,30.2,1.3,16.5,34.6,41,18.33,994.2,loc_madurai,9.9252,78.1198,ECMWF_ERA5_Reanalysis
2023-11-29,30.2,22.6,26.0,33.2,26.5,29.7,0.7,17.1,35.3,49,14.8,994.4,loc_madurai,9.9252,78.1198,ECMWF_ERA5_Reanalysis
2023-11-30,29.7,22.7,25.7,34.2,27.3,29.7,3.6,15.3,32.8,38,15.81,995.2,loc_madurai,9.9252,78.1198,ECMWF_ERA5_Reanalysis
2023-12-01,30.5,22.3,26.5,33.7,26.5,30.2,0.6,13.2,28.4,44,14.72,994.0,loc_madurai,9.9252,78.1198,ECMWF_ERA5_Reanalysis
2023-12-02,31.8,22.9,27.1,35.6,27.5,31.4,0.5,15.2,28.1,11,14.1,992.5,loc_madurai,9.9252,78.1198,ECMWF_ERA5_Reanalysis
2023-12-03,32.1,23.9,27.3,36.3,27.9,31.8,0.1,9.7,20.5,257,15.59,991.9,loc_madurai,9.9252,78.1198,ECMWF_ERA5_Reanalysis
2023-12-04,31.9,23.1,27.3,37.1,27.2,32.2,0.1,10.5,24.1,241,16.59,991.1,loc_madurai,9.9252,78.1198,ECMWF_ERA5_Reanalysis
2023-12-05,33.4,23.1,28.2,38.8,27.3,33.2,5.9,9.3,21.2,277,19.55,991.3,loc_madurai,9.9252,78.1198,ECMWF_ERA5_Reanalysis
2023-12-06,32.4,23.2,27.6,37.7,27.6,32.8,1.0,11.1,18.7,108,19.24,993.0,loc_madurai,9.9252,78.1198,ECMWF_ERA5_Reanalysis
2023-12-07,32.8,23.6,27.8,38.1,28.7,32.9,1.4,11.6,21.6,96,20.46,993.9,loc_madurai,9.9252,78.1198,ECMWF_ERA5_Reanalysis
2023-12-08,31.7,24.0,27.1,36.8,29.3,31.9,6.9,14.4,29.9,82,18.57,995.0,loc_madurai,9.9252,78.1198,ECMWF_ERA5_Reanalysis
2023-12-09,30.9,23.4,26.5,36.0,28.5,31.0,6.5,11.4,25.9,62,14.68,996.0,loc_madurai,9.9252,78.1198,ECMWF_ERA5_Reanalysis
2023-12-10,31.5,23.7,26.8,34.5,28.1,30.4,2.9,17.4,35.3,51,17.54,995.2,loc_madurai,9.9252,78.1198,ECMWF_ERA5_Reanalysis
2023-12-11,31.0,23.7,26.8,33.6,27.7,30.0,0.2,16.8,33.5,50,14.89,995.6,loc_madurai,9.9252,78.1198,ECMWF_ERA5_Reanalysis
2023-12-12,30.3,23.3,26.3,32.8,26.3,29.0,0.7,17.8,34.6,43,14.53,995.2,loc_madurai,9.9252,78.1198,ECMWF_ERA5_Reanalysis
2023-12-13,29.8,21.4,25.6,30.7,24.0,27.4,0.0,21.2,41.0,37,17.09,995.7,loc_madurai,9.9252,78.1198,ECMWF_ERA5_Reanalysis
2023-12-14,30.9,21.2,26.1,32.0,24.3,27.9,0.0,18.6,38.2,35,18.24,996.6,loc_madurai,9.9252,78.1198,ECMWF_ERA5_Reanalysis
2023-12-15,29.8,24.2,26.7,31.1,26.0,28.6,0.1,23.5,45.4,37,14.12,996.5,loc_madurai,9.9252,78.1198,ECMWF_ERA5_Reanalysis
2023-12-16,28.8,23.6,25.4,31.4,26.8,28.5,3.3,15.8,29.2,38,8.59,996.0,loc_madurai,9.9252,78.1198,ECMWF_ERA5_Reanalysis
2023-12-17,27.9,23.9,25.1,30.9,26.7,27.9,18.0,25.8,49.0,39,8.51,995.3,loc_madurai,9.9252,78.1198,ECMWF_ERA5_Reanalysis
2023-12-18,26.9,23.6,24.6,28.7,25.8,27.3,8.9,20.0,38.2,39,7.29,996.6,loc_madurai,9.9252,78.1198,ECMWF_ERA5_Reanalysis
2023-12-19,29.3,23.6,26.0,30.7,25.2,28.1,0.5,21.9,43.6,38,14.04,997.1,loc_madurai,9.9252,78.1198,ECMWF_ERA5_Reanalysis
2023-12-20,28.9,24.3,26.0,31.1,25.9,28.1,0.1,20.0,39.6,36,12.87,997.2,loc_madurai,9.9252,78.1198,ECMWF_ERA5_Reanalysis
2023-12-21,29.0,24.0,25.8,31.9,26.5,28.8,0.7,21.6,42.1,40,14.12,996.9,loc_madurai,9.9252,78.1198,ECMWF_ERA5_Reanalysis
2023-12-22,30.0,21.5,25.5,32.4,24.8,28.3,0.0,14.5,30.6,46,18.04,997.2,loc_madurai,9.9252,78.1198,ECMWF_ERA5_Reanalysis
2023-12-23,30.0,21.5,24.9,32.3,24.7,27.4,0.0,14.0,30.2,39,20.17,998.0,loc_madurai,9.9252,78.1198,ECMWF_ERA5_Reanalysis
2023-12-24,29.7,22.1,25.3,31.5,24.2,27.4,0.0,17.7,33.8,42,12.22,998.8,loc_madurai,9.9252,78.1198,ECMWF_ERA5_Reanalysis
2023-12-25,30.8,23.6,26.4,33.3,26.1,29.0,0.9,20.1,40.7,45,18.81,998.0,loc_madurai,9.9252,78.1198,ECMWF_ERA5_Reanalysis
2023-12-26,30.0,22.0,25.8,31.7,25.0,27.8,0.0,20.1,40.3,39,18.27,998.2,loc_madurai,9.9252,78.1198,ECMWF_ERA5_Reanalysis
2023-12-27,30.3,22.3,26.3,31.2,25.0,28.3,0.8,24.2,47.2,39,17.56,998.1,loc_madurai,9.9252,78.1198,ECMWF_ERA5_Reanalysis
2023-12-28,30.4,24.6,26.8,32.1,26.6,28.8,0.6,25.7,49.7,44,17.02,997.1,loc_madurai,9.9252,78.1198,ECMWF_ERA5_Reanalysis
2023-12-29,29.5,24.1,26.4,31.8,26.8,29.1,1.1,21.2,41.8,44,16.27,997.5,loc_madurai,9.9252,78.1198,ECMWF_ERA5_Reanalysis
2023-12-30,30.4,23.8,26.5,32.3,26.8,28.8,0.8,19.4,38.9,42,16.69,997.2,loc_madurai,9.9252,78.1198,ECMWF_ERA5_Reanalysis
2023-12-31,30.3,22.8,26.1,32.5,25.7,28.4,0.0,16.6,34.2,49,16.04,997.0,loc_madurai,9.9252,78.1198,ECMWF_ERA5_Reanalysis
2024-01-01,31.0,22.2,26.1,33.1,25.5,28.7,0.0,12.1,27.0,53,18.13,997.3,loc_madurai,9.9252,78.1198,ECMWF_ERA5_Reanalysis
2024-01-02,30.6,22.7,26.2,33.4,25.6,29.0,0.0,17.1,34.6,47,13.55,996.5,loc_madurai,9.9252,78.1198,ECMWF_ERA5_Reanalysis
2024-01-03,30.4,22.7,26.3,32.6,26.1,29.0,0.0,14.6,31.0,47,14.13,996.1,loc_madurai,9.9252,78.1198,ECMWF_ERA5_Reanalysis
2024-01-04,30.9,22.7,26.4,33.8,25.7,29.3,0.3,17.5,32.8,52,14.09,996.0,loc_madurai,9.9252,78.1198,ECMWF_ERA5_Reanalysis
2024-01-05,31.0,23.9,26.4,34.5,27.8,30.1,5.2,13.9,29.9,51,16.4,995.9,loc_madurai,9.9252,78.1198,ECMWF_ERA5_Reanalysis
2024-01-06,31.6,23.8,26.5,35.3,26.7,30.2,3.2,15.1,33.1,39,15.91,995.8,loc_madurai,9.9252,78.1198,ECMWF_ERA5_Reanalysis
2024-01-07,30.0,23.5,26.1,32.9,26.3,28.9,1.5,21.6,43.2,43,17.49,995.9,loc_madurai,9.9252,78.1198,ECMWF_ERA5_Reanalysis
2024-01-08,29.2,23.5,25.3,34.7,27.0,29.4,36.2,17.2,33.8,49,12.82,996.5,loc_madurai,9.9252,78.1198,ECMWF_ERA5_Reanalysis
2024-01-09,26.9,23.4,24.5,30.1,26.2,27.9,23.1,18.0,35.6,44,6.89,996.7,loc_madurai,9.9252,78.1198,ECMWF_ERA5_Reanalysis
2024-01-10,29.9,22.3,25.8,32.1,25.5,28.2,0.9,21.2,41.4,36,14.23,996.5,loc_madurai,9.9252,78.1198,ECMWF_ERA5_Reanalysis
2024-01-11,30.2,23.8,26.6,31.8,26.2,28.4,0.2,20.4,40.3,36,17.85,996.9,loc_madurai,9.9252,78.1198,ECMWF_ERA5_Reanalysis
2024-01-12,30.5,22.8,26.2,31.5,25.4,28.0,0.1,21.8,41.8,42,17.32,997.2,loc_madurai,9.9252,78.1198,ECMWF_ERA5_Reanalysis
2024-01-13,28.5,22.6,25.2,30.9,25.6,28.1,0.4,14.1,27.7,36,10.95,997.9,loc_madurai,9.9252,78.1198,ECMWF_ERA5_Reanalysis
2024-01-14,31.8,19.7,25.8,33.5,21.9,28.0,0.0,18.8,37.8,40,19.9,997.2,loc_madurai,9.9252,78.1198,ECMWF_ERA5_Reanalysis
2024-01-15,31.3,20.0,25.5,32.7,22.5,27.7,0.0,15.2,31.7,48,22.13,997.0,loc_madurai,9.9252,78.1198,ECMWF_ERA5_Reanalysis
2024-01-16,31.0,19.6,25.1,33.1,22.3,27.1,0.0,14.7,30.6,46,20.84,996.1,loc_madurai,9.9252,78.1198,ECMWF_ERA5_Reanalysis
2024-01-17,31.5,19.2,25.0,33.1,21.5,27.0,0.0,11.1,26.6,58,22.52,995.5,loc_madurai,9.9252,78.1198,ECMWF_ERA5_Reanalysis
2024-01-18,31.6,20.0,25.8,34.9,22.6,29.1,0.7,11.1,22.0,61,18.76,995.8,loc_madurai,9.9252,78.1198,ECMWF_ERA5_Reanalysis
2024-01-19,30.8,23.1,26.6,33.8,27.0,30.2,2.3,19.2,40.7,62,16.03,996.1,loc_madurai,9.9252,78.1198,ECMWF_ERA5_Reanalysis
2024-01-20,29.6,23.8,26.4,31.4,28.1,29.4,1.0,13.4,29.2,50,10.92,997.3,loc_madurai,9.9252,78.1198,ECMWF_ERA5_Reanalysis
2024-01-21,32.1,23.4,27.5,35.4,26.3,30.8,0.4,15.3,33.5,56,19.45,997.1,loc_madurai,9.9252,78.1198,ECMWF_ERA5_Reanalysis
2024-01-22,32.7,22.4,27.0,35.6,26.6,29.9,0.0,15.8,31.3,46,21.55,998.1,loc_madurai,9.9252,78.1198,ECMWF_ERA5_Reanalysis
2024-01-23,32.5,21.9,26.6,35.0,24.7,29.0,0.0,14.0,29.2,53,20.8,998.0,loc_madurai,9.9252,78.1198,ECMWF_ERA5_Reanalysis
2024-01-24,32.3,21.1,26.5,35.2,24.1,29.1,0.0,9.4,22.7,56,17.2,997.7,loc_madurai,9.9252,78.1198,ECMWF_ERA5_Reanalysis
2024-01-25,33.2,20.6,26.7,35.7,23.6,29.1,0.0,15.0,29.2,50,21.22,998.3,loc_madurai,9.9252,78.1198,ECMWF_ERA5_Reanalysis
2024-01-26,32.5,20.0,26.7,33.2,22.1,27.9,0.0,18.7,39.6,38,19.87,999.4,loc_madurai,9.9252,78.1198,ECMWF_ERA5_Reanalysis
2024-01-27,32.3,21.9,26.8,32.9,24.6,28.0,0.0,19.9,41.4,40,19.98,999.6,loc_madurai,9.9252,78.1198,ECMWF_ERA5_Reanalysis
2024-01-28,33.1,19.9,26.9,34.1,22.1,28.3,0.0,17.1,37.4,41,19.58,999.1,loc_madurai,9.9252,78.1198,ECMWF_ERA5_Reanalysis
2024-01-29,33.1,22.0,27.1,34.5,25.1,28.8,0.0,16.1,35.6,47,19.62,998.6,loc_madurai,9.9252,78.1198,ECMWF_ERA5_Reanalysis
2024-01-30,34.2,21.9,27.7,37.4,24.3,30.0,0.0,12.3,27.0,54,20.38,997.9,loc_madurai,9.9252,78.1198,ECMWF_ERA5_Reanalysis
2024-01-31,35.2,23.0,28.4,37.7,26.6,31.1,0.0,12.6,25.6,54,19.88,997.9,loc_madurai,9.9252,78.1198,ECMWF_ERA5_Reanalysis
2024-02-01,35.5,24.1,28.9,38.9,28.1,32.6,0.5,11.8,28.1,60,21.15,997.9,loc_madurai,9.9252,78.1198,ECMWF_ERA5_Reanalysis
2024-02-02,34.1,24.5,28.7,38.4,29.8,32.8,0.9,15.8,28.1,92,20.09,997.7,loc_madurai,9.9252,78.1198,ECMWF_ERA5_Reanalysis
2024-02-03,35.7,24.3,29.0,37.8,28.0,32.1,0.1,19.0,37.8,61,20.85,998.0,loc_madurai,9.9252,78.1198,ECMWF_ERA5_Reanalysis
2024-02-04,34.9,21.8,28.3,36.2,25.1,30.3,0.0,16.4,37.1,43,22.94,999.5,loc_madurai,9.9252,78.1198,ECMWF_ERA5_Reanalysis
2024-02-05,34.4,22.5,27.8,35.5,26.1,29.5,0.0,15.5,35.6,42,23.62,999.8,loc_madurai,9.9252,78.1198,ECMWF_ERA5_Reanalysis
2024-02-06,34.8,19.9,27.8,35.3,22.2,29.3,0.0,19.0,40.0,59,20.9,999.1,loc_madurai,9.9252,78.1198,ECMWF_ERA5_Reanalysis
2024-02-07,35.0,20.1,27.7,35.8,22.8,29.8,0.0,15.9,36.0,54,23.65,998.9,loc_madurai,9.9252,78.1198,ECMWF_ERA5_Reanalysis
2024-02-08,35.7,19.4,27.7,37.1,22.0,30.1,0.0,15.0,33.5,60,23.62,997.9,loc_madurai,9.9252,78.1198,ECMWF_ERA5_Reanalysis
2024-02-09,34.7,19.6,27.5,36.1,22.4,29.9,0.0,17.6,37.1,61,22.89,998.3,loc_madurai,9.9252,78.1198,ECMWF_ERA5_Reanalysis
2024-02-10,35.1,23.4,28.6,36.1,27.0,30.6,0.0,20.8,43.6,54,22.06,999.3,loc_madurai,9.9252,78.1198,ECMWF_ERA5_Reanalysis
2024-02-11,34.4,23.0,28.4,35.4,26.6,30.1,0.1,19.5,41.0,51,20.82,999.7,loc_madurai,9.9252,78.1198,ECMWF_ERA5_Reanalysis
2024-02-12,34.1,21.5,27.8,34.8,24.0,29.1,0.0,19.8,41.8,51,21.68,999.2,loc_madurai,9.9252,78.1198,ECMWF_ERA5_Reanalysis
2024-02-13,34.6,23.5,28.6,36.3,25.7,30.5,1.7,22.1,45.7,50,21.1,998.3,loc_madurai,9.9252,78.1198,ECMWF_ERA5_Reanalysis
2024-02-14,35.2,24.1,29.0,37.0,27.8,31.2,0.2,20.4,43.2,49,21.85,997.7,loc_madurai,9.9252,78.1198,ECMWF_ERA5_Reanalysis
2024-02-15,35.5,23.5,28.8,36.6,26.8,30.5,0.0,20.1,41.4,46,22.02,997.5,loc_madurai,9.9252,78.1198,ECMWF_ERA5_Reanalysis
2024-02-16,34.7,23.3,28.8,36.0,26.4,30.6,0.2,19.1,41.0,50,21.33,997.9,loc_madurai,9.9252,78.1198,ECMWF_ERA5_Reanalysis
2024-02-17,35.6,23.1,29.0,37.0,26.2,31.1,0.0,20.2,39.6,63,22.36,996.8,loc_madurai,9.9252,78.1198,ECMWF_ERA5_Reanalysis
2024-02-18,35.8,24.6,29.3,37.6,28.3,31.9,0.0,14.8,32.4,63,23.18,996.2,loc_madurai,9.9252,78.1198,ECMWF_ERA5_Reanalysis
2024-02-19,34.9,23.3,29.1,37.3,27.7,31.9,0.1,16.0,33.1,75,22.37,996.8,loc_madurai,9.9252,78.1198,ECMWF_ERA5_Reanalysis
2024-02-20,36.6,23.9,29.5,39.2,28.1,32.3,0.0,17.3,32.0,73,21.5,996.6,loc_madurai,9.9252,78.1198,ECMWF_ERA5_Reanalysis
2024-02-21,36.9,23.8,29.8,39.2,28.1,32.8,0.0,16.0,29.9,108,23.17,995.8,loc_madurai,9.9252,78.1198,ECMWF_ERA5_Reanalysis
2024-02-22,37.3,24.4,30.4,40.4,27.2,33.0,0.3,18.6,33.5,177,23.23,995.7,loc_madurai,9.9252,78.1198,ECMWF_ERA5_Reanalysis
2024-02-23,37.0,24.9,30.6,42.1,30.3,34.9,0.3,15.6,30.2,153,21.95,995.0,loc_madurai,9.9252,78.1198,ECMWF_ERA5_Reanalysis
2024-02-24,36.2,25.0,30.2,39.7,29.7,33.8,0.2,16.2,34.6,108,21.84,995.0,loc_madurai,9.9252,78.1198,ECMWF_ERA5_Reanalysis
2024-02-25,36.2,24.4,29.7,38.0,28.9,32.5,0.0,20.3,38.2,63,21.73,994.8,loc_madurai,9.9252,78.1198,ECMWF_ERA5_Reanalysis
2024-02-26,35.6,24.9,29.5,37.6,28.2,31.5,0.1,20.9,41.8,54,21.44,995.2,loc_madurai,9.9252,78.1198,ECMWF_ERA5_Reanalysis
2024-02-27,35.4,24.8,29.3,37.6,27.9,31.3,0.5,26.0,51.1,52,21.15,995.9,loc_madurai,9.9252,78.1198,ECMWF_ERA5_Reanalysis
2024-02-28,35.9,23.9,29.5,37.2,27.2,31.2,0.0,18.5,37.8,52,24.18,995.5,loc_madurai,9.9252,78.1198,ECMWF_ERA5_Reanalysis
2024-02-29,36.1,21.8,29.1,37.4,23.2,30.4,0.0,18.4,35.6,59,24.08,995.8,loc_madurai,9.9252,78.1198,ECMWF_ERA5_Reanalysis
2024-03-01,36.0,23.3,29.3,37.2,26.8,31.1,0.0,19.0,40.0,64,21.41,996.9,loc_madurai,9.9252,78.1198,ECMWF_ERA5_Reanalysis
2024-03-02,36.6,21.7,29.1,38.7,24.5,31.0,0.0,10.8,25.6,76,25.31,996.5,loc_madurai,9.9252,78.1198,ECMWF_ERA5_Reanalysis
2024-03-03,36.2,22.4,28.8,38.9,24.2,31.0,0.0,15.0,27.0,69,25.14,995.8,loc_madurai,9.9252,78.1198,ECMWF_ERA5_Reanalysis
2024-03-04,36.6,22.1,29.0,38.6,25.2,31.7,0.0,13.1,27.0,86,25.35,995.5,loc_madurai,9.9252,78.1198,ECMWF_ERA5_Reanalysis
2024-03-05,37.2,22.3,29.3,38.1,26.0,31.9,0.0,13.4,29.2,84,25.28,995.6,loc_madurai,9.9252,78.1198,ECMWF_ERA5_Reanalysis
2024-03-06,37.1,22.9,29.5,40.3,25.2,32.1,0.0,15.3,31.3,91,23.12,995.7,loc_madurai,9.9252,78.1198,ECMWF_ERA5_Reanalysis
2024-03-07,37.1,22.6,29.7,38.8,25.1,31.8,0.0,16.3,33.5,87,24.5,994.9,loc_madurai,9.9252,78.1198,ECMWF_ERA5_Reanalysis
2024-03-08,37.6,22.3,30.0,40.7,25.0,32.3,0.0,14.2,28.8,101,25.39,995.3,loc_madurai,9.9252,78.1198,ECMWF_ERA5_Reanalysis
2024-03-09,37.2,22.8,30.3,40.5,26.8,33.3,0.0,13.7,27.0,117,24.62,995.3,loc_madurai,9.9252,78.1198,ECMWF_ERA5_Reanalysis
2024-03-10,37.8,24.4,30.6,40.3,27.8,33.2,0.0,14.5,25.2,108,24.89,997.0,loc_madurai,9.9252,78.1198,ECMWF_ERA5_Reanalysis
2024-03-11,36.8,24.4,30.4,39.4,28.2,33.0,0.0,16.3,31.7,69,23.43,998.2,loc_madurai,9.9252,78.1198,ECMWF_ERA5_Reanalysis
2024-03-12,37.7,22.6,30.3,40.2,25.8,32.5,0.0,14.4,30.6,73,25.34,997.6,loc_madurai,9.9252,78.1198,ECMWF_ERA5_Reanalysis
2024-03-13,37.6,23.4,30.1,40.5,26.6,32.4,0.0,15.2,28.1,110,25.65,996.7,loc_madurai,9.9252,78.1198,ECMWF_ERA5_Reanalysis
2024-03-14,38.8,22.9,30.9,40.5,22.6,32.0,0.0,16.3,29.9,115,26.0,995.8,loc_madurai,9.9252,78.1198,ECMWF_ERA5_Reanalysis
2024-03-15,39.0,23.9,30.8,41.4,28.1,34.0,0.0,18.2,32.8,112,25.78,995.0,loc_madurai,9.9252,78.1198,ECMWF_ERA5_Reanalysis
2024-03-16,38.5,23.6,30.7,41.5,28.0,34.0,0.0,13.1,27.0,104,25.08,995.5,loc_madurai,9.9252,78.1198,ECMWF_ERA5_Reanalysis
2024-03-17,38.0,24.9,30.6,40.5,26.2,33.0,0.0,14.0,29.2,92,25.61,995.8,loc_madurai,9.9252,78.1198,ECMWF_ERA5_Reanalysis
2024-03-18,37.4,22.1,29.7,39.6,24.7,31.6,0.0,12.8,27.7,78,25.97,995.6,loc_madurai,9.9252,78.1198,ECMWF_ERA5_Reanalysis
2024-03-19,37.6,23.6,30.3,39.9,26.1,32.4,0.0,15.4,27.4,91,25.26,995.0,loc_madurai,9.9252,78.1198,ECMWF_ERA5_Reanalysis
2024-03-20,37.8,22.9,30.3,38.7,25.9,32.4,0.0,15.1,32.0,78,26.13,994.9,loc_madurai,9.9252,78.1198,ECMWF_ERA5_Reanalysis
2024-03-21,35.8,25.1,29.5,38.7,30.0,33.2,1.8,20.3,42.5,65,21.59,994.9,loc_madurai,9.9252,78.1198,ECMWF_ERA5_Reanalysis
2024-03-22,37.5,24.9,30.4,40.2,30.0,33.7,0.1,15.8,33.8,65,24.57,993.5,loc_madurai,9.9252,78.1198,ECMWF_ERA5_Reanalysis
2024-03-23,38.4,24.8,31.0,39.8,30.0,33.9,0.0,18.4,32.4,61,25.72,993.4,loc_madurai,9.9252,78.1198,ECMWF_ERA5_Reanalysis
2024-03-24,38.1,23.7,30.6,40.7,27.4,33.4,0.1,12.1,27.7,72,25.02,995.1,loc_madurai,9.9252,78.1198,ECMWF_ERA5_Reanalysis
2024-03-25,38.3,23.9,30.7,39.9,28.0,33.3,0.0,14.2,32.4,69,26.18,995.3,loc_madurai,9.9252,78.1198,ECMWF_ERA5_Reanalysis
2024-03-26,37.8,23.5,30.3,39.2,27.3,32.6,0.0,17.7,32.8,73,26.07,995.9,loc_madurai,9.9252,78.1198,ECMWF_ERA5_Reanalysis
2024-03-27,39.0,24.6,30.3,41.0,29.0,33.5,0.3,20.3,42.8,76,24.4,997.3,loc_madurai,9.9252,78.1198,ECMWF_ERA5_Reanalysis
2024-03-28,38.2,25.2,31.6,42.0,29.6,35.2,0.2,13.4,28.8,92,23.26,995.6,loc_madurai,9.9252,78.1198,ECMWF_ERA5_Reanalysis
2024-03-29,39.5,25.2,31.9,42.0,30.0,35.0,0.5,12.6,30.2,98,24.38,994.9,loc_madurai,9.9252,78.1198,ECMWF_ERA5_Reanalysis
2024-03-30,39.2,24.7,31.5,40.4,28.1,33.4,0.0,13.4,28.8,91,26.25,995.7,loc_madurai,9.9252,78.1198,ECMWF_ERA5_Reanalysis
2024-03-31,39.3,26.3,32.1,42.5,27.6,34.3,0.0,18.2,32.8,108,25.18,996.2,loc_madurai,9.9252,78.1198,ECMWF_ERA5_Reanalysis
2024-04-01,39.5,26.3,31.9,43.8,31.0,36.1,4.0,17.8,32.8,127,24.11,994.3,loc_madurai,9.9252,78.1198,ECMWF_ERA5_Reanalysis
2024-04-02,41.1,25.1,32.7,44.2,30.3,36.4,0.0,22.1,41.0,151,25.5,992.5,loc_madurai,9.9252,78.1198,ECMWF_ERA5_Reanalysis
2024-04-03,40.3,26.9,32.7,43.6,32.5,36.6,0.0,21.9,40.7,142,25.22,993.1,loc_madurai,9.9252,78.1198,ECMWF_ERA5_Reanalysis
2024-04-04,39.7,26.4,32.7,42.6,32.1,36.7,0.0,14.8,34.2,122,24.39,993.5,loc_madurai,9.9252,78.1198,ECMWF_ERA5_Reanalysis
2024-04-05,41.4,27.0,33.5,43.4,32.8,37.1,0.0,24.1,46.1,125,25.56,992.8,loc_madurai,9.9252,78.1198,ECMWF_ERA5_Reanalysis
2024-04-06,41.4,25.6,33.1,43.5,31.0,36.3,0.0,16.0,32.4,123,26.22,992.1,loc_madurai,9.9252,78.1198,ECMWF_ERA5_Reanalysis
2024-04-07,40.4,26.0,32.8,42.7,31.0,35.9,0.0,15.2,35.3,147,26.51,991.8,loc_madurai,9.9252,78.1198,ECMWF_ERA5_Reanalysis
2024-04-08,41.2,25.8,33.2,43.4,31.3,36.4,0.0,20.0,40.0,110,25.39,992.4,loc_madurai,9.9252,78.1198,ECMWF_ERA5_Reanalysis
2024-04-09,39.4,27.0,32.3,41.6,31.7,35.2,0.2,17.7,34.6,78,26.06,993.3,loc_madurai,9.9252,78.1198,ECMWF_ERA5_Reanalysis
2024-04-10,39.4,26.0,32.0,41.4,30.9,34.8,0.0,21.4,39.2,73,25.17,993.6,loc_madurai,9.9252,78.1198,ECMWF_ERA5_Reanalysis
2024-04-11,39.3,25.5,31.9,43.1,28.5,35.4,1.3,19.9,37.4,74,24.3,993.7,loc_madurai,9.9252,78.1198,ECMWF_ERA5_Reanalysis
2024-04-12,34.8,24.9,29.0,38.1,29.7,33.4,6.3,20.3,42.8,76,21.03,994.3,loc_madurai,9.9252,78.1198,ECMWF_ERA5_Reanalysis
2024-04-13,35.3,24.6,29.3,40.6,29.5,34.0,1.6,17.0,35.6,85,21.87,994.3,loc_madurai,9.9252,78.1198,ECMWF_ERA5_Reanalysis
2024-04-14,36.3,25.6,30.7,39.1,30.8,34.2,0.6,17.7,38.2,53,23.54,994.2,loc_madurai,9.9252,78.1198,ECMWF_ERA5_Reanalysis
2024-04-15,34.8,24.6,29.2,39.5,29.7,33.8,3.1,20.9,43.2,59,21.66,994.9,loc_madurai,9.9252,78.1198,ECMWF_ERA5_Reanalysis
2024-04-16,36.9,25.2,30.6,41.2,30.9,35.1,1.2,13.0,29.9,123,23.18,994.2,loc_madurai,9.9252,78.1198,ECMWF_ERA5_Reanalysis
2024-04-17,39.2,25.9,31.9,43.5,30.5,35.9,0.0,13.5,28.4,156,25.73,993.3,loc_madurai,9.9252,78.1198,ECMWF_ERA5_Reanalysis
2024-04-18,40.5,25.8,32.7,44.5,31.8,37.2,0.0,22.9,42.5,125,24.54,991.9,loc_madurai,9.9252,78.1198,ECMWF_ERA5_Reanalysis
2024-04-19,41.4,26.7,33.5,45.1,32.6,37.9,0.0,17.9,35.6,108,24.84,990.2,loc_madurai,9.9252,78.1198,ECMWF_ERA5_Reanalysis
2024-04-20,42.2,26.9,34.1,44.0,31.7,37.8,0.0,22.6,45.4,102,25.86,989.8,loc_madurai,9.9252,78.1198,ECMWF_ERA5_Reanalysis
2024-04-21,40.8,26.9,33.9,43.6,32.2,37.1,0.0,16.1,34.2,102,24.98,990.8,loc_madurai,9.9252,78.1198,ECMWF_ERA5_Reanalysis
2024-04-22,42.1,26.1,33.9,43.6,31.5,37.3,0.0,23.9,44.3,114,25.57,991.5,loc_madurai,9.9252,78.1198,ECMWF_ERA5_Reanalysis
2024-04-23,41.5,26.2,33.8,43.4,31.7,37.1,0.0,22.8,43.2,120,25.8,990.8,loc_madurai,9.9252,78.1198,ECMWF_ERA5_Reanalysis
2024-04-24,40.8,26.1,33.4,42.3,31.9,36.3,0.0,21.8,41.0,129,25.23,990.8,loc_madurai,9.9252,78.1198,ECMWF_ERA5_Reanalysis
2024-04-25,41.0,26.1,33.3,42.3,30.8,36.2,0.0,20.2,38.9,129,24.85,990.9,loc_madurai,9.9252,78.1198,ECMWF_ERA5_Reanalysis
2024-04-26,40.9,25.5,33.3,43.2,29.9,35.5,0.0,17.7,32.4,126,25.84,990.7,loc_madurai,9.9252,78.1198,ECMWF_ERA5_Reanalysis
2024-04-27,40.8,26.5,33.5,42.6,27.7,35.3,0.0,17.7,33.8,96,25.42,990.9,loc_madurai,9.9252,78.1198,ECMWF_ERA5_Reanalysis
2024-04-28,40.5,28.3,33.8,43.6,32.1,37.2,0.0,16.6,32.4,111,21.17,991.4,loc_madurai,9.9252,78.1198,ECMWF_ERA5_Reanalysis
2024-04-29,41.4,28.4,34.4,44.5,33.2,38.2,0.0,18.1,32.4,118,24.64,992.4,loc_madurai,9.9252,78.1198,ECMWF_ERA5_Reanalysis
2024-04-30,41.3,27.7,33.8,45.6,32.7,38.0,0.0,21.5,42.8,168,24.03,991.7,loc_madurai,9.9252,78.1198,ECMWF_ERA5_Reanalysis
2024-05-01,42.5,27.6,34.2,45.9,32.8,38.6,0.0,19.2,38.5,151,24.99,989.3,loc_madurai,9.9252,78.1198,ECMWF_ERA5_Reanalysis
2024-05-02,43.5,28.8,34.9,45.5,36.0,39.4,0.0,25.0,46.4,132,24.2,989.5,loc_madurai,9.9252,78.1198,ECMWF_ERA5_Reanalysis
2024-05-03,42.7,27.3,34.0,45.3,33.9,38.7,0.0,21.9,42.1,149,24.68,990.5,loc_madurai,9.9252,78.1198,ECMWF_ERA5_Reanalysis
2024-05-04,43.0,27.7,34.5,47.6,34.2,39.4,0.3,23.0,42.5,124,24.3,990.8,loc_madurai,9.9252,78.1198,ECMWF_ERA5_Reanalysis
2024-05-05,42.9,29.1,34.7,46.7,35.8,39.5,0.5,13.0,36.4,227,24.27,989.9,loc_madurai,9.9252,78.1198,ECMWF_ERA5_Reanalysis
2024-05-06,42.2,29.3,33.5,47.3,33.8,37.7,10.8,16.1,41.8,266,20.45,990.5,loc_madurai,9.9252,78.1198,ECMWF_ERA5_Reanalysis
2024-05-07,40.8,29.1,34.1,45.4,33.0,38.4,0.0,19.7,40.7,107,24.43,991.3,loc_madurai,9.9252,78.1198,ECMWF_ERA5_Reanalysis
2024-05-08,38.8,26.3,32.6,42.5,30.2,36.6,10.3,17.3,38.2,60,22.45,991.7,loc_madurai,9.9252,78.1198,ECMWF_ERA5_Reanalysis
2024-05-09,36.9,26.4,30.6,42.4,30.2,35.6,4.6,14.7,43.6,90,22.68,991.2,loc_madurai,9.9252,78.1198,ECMWF_ERA5_Reanalysis
2024-05-10,36.3,25.0,29.5,42.6,29.3,35.3,8.3,12.8,30.2,87,23.28,992.5,loc_madurai,9.9252,78.1198,ECMWF_ERA5_Reanalysis
2024-05-11,33.5,26.1,29.7,39.5,32.8,35.7,3.3,9.7,29.9,139,16.07,993.1,loc_madurai,9.9252,78.1198,ECMWF_ERA5_Reanalysis
2024-05-12,35.3,26.2,29.4,41.9,31.8,35.2,16.2,19.0,41.4,143,20.47,993.0,loc_madurai,9.9252,78.1198,ECMWF_ERA5_Reanalysis
2024-05-13,36.1,25.1,29.3,42.0,30.1,35.4,5.8,14.7,33.1,177,21.51,992.0,loc_madurai,9.9252,78.1198,ECMWF_ERA5_Reanalysis
2024-05-14,34.2,24.4,28.5,41.3,30.0,34.1,40.6,13.7,24.8,285,17.95,992.4,loc_madurai,9.9252,78.1198,ECMWF_ERA5_Reanalysis
2024-05-15,34.7,25.4,28.1,42.1,30.4,34.3,16.1,12.0,32.0,324,17.34,992.5,loc_madurai,9.9252,78.1198,ECMWF_ERA5_Reanalysis
2024-05-16,29.6,25.3,27.3,35.0,31.2,32.6,3.2,11.2,23.4,57,10.55,993.1,loc_madurai,9.9252,78.1198,ECMWF_ERA5_Reanalysis
2024-05-17,33.9,25.2,27.8,41.0,30.7,33.8,15.3,19.3,37.4,43,19.45,991.9,loc_madurai,9.9252,78.1198,ECMWF_ERA5_Reanalysis
2024-05-18,32.9,25.0,27.7,41.2,31.1,34.3,13.2,9.9,25.2,108,18.53,990.1,loc_madurai,9.9252,78.1198,ECMWF_ERA5_Reanalysis
2024-05-19,30.0,25.4,27.6,35.5,31.3,33.7,10.4,5.6,15.5,269,10.31,988.7,loc_madurai,9.9252,78.1198,ECMWF_ERA5_Reanalysis
2024-05-20,29.2,24.8,26.6,33.8,29.5,31.9,5.5,11.2,24.5,279,8.8,988.7,loc_madurai,9.9252,78.1198,ECMWF_ERA5_Reanalysis
2024-05-21,32.4,24.6,27.8,38.3,29.7,33.8,12.1,8.2,19.4,284,16.41,988.2,loc_madurai,9.9252,78.1198,ECMWF_ERA5_Reanalysis
2024-05-22,30.7,25.7,27.1,36.9,31.5,33.4,36.8,10.2,26.3,250,11.38,987.2,loc_madurai,9.9252,78.1198,ECMWF_ERA5_Reanalysis
2024-05-23,31.2,25.2,27.3,37.2,31.1,33.3,15.8,14.2,31.3,241,11.65,986.6,loc_madurai,9.9252,78.1198,ECMWF_ERA5_Reanalysis
2024-05-24,31.0,25.3,27.3,37.6,31.3,33.3,19.6,9.8,24.1,236,12.17,986.4,loc_madurai,9.9252,78.1198,ECMWF_ERA5_Reanalysis
2024-05-25,34.0,25.2,28.5,40.0,29.9,33.7,0.4,13.9,30.6,275,15.72,986.9,loc_madurai,9.9252,78.1198,ECMWF_ERA5_Reanalysis
2024-05-26,35.1,25.2,29.6,40.7,28.9,34.2,0.0,16.9,34.6,270,21.51,987.7,loc_madurai,9.9252,78.1198,ECMWF_ERA5_Reanalysis
2024-05-27,35.1,25.2,30.1,40.6,30.1,35.0,0.0,15.8,32.4,260,22.0,988.0,loc_madurai,9.9252,78.1198,ECMWF_ERA5_Reanalysis
2024-05-28,35.6,25.8,30.3,40.5,30.7,34.5,0.3,23.8,47.9,268,22.44,988.4,loc_madurai,9.9252,78.1198,ECMWF_ERA5_Reanalysis
2024-05-29,37.2,25.9,30.2,43.0,30.2,34.7,0.6,20.3,37.1,274,23.49,988.2,loc_madurai,9.9252,78.1198,ECMWF_ERA5_Reanalysis
2024-05-30,36.5,25.4,30.9,42.7,30.0,35.4,0.3,15.9,32.0,277,22.84,988.5,loc_madurai,9.9252,78.1198,ECMWF_ERA5_Reanalysis
2024-05-31,36.9,26.6,30.7,43.6,30.0,35.8,17.3,22.5,40.0,279,20.98,988.8,loc_madurai,9.9252,78.1198,ECMWF_ERA5_Reanalysis
2024-06-01,33.3,25.8,28.8,40.8,30.5,34.6,5.6,16.7,40.7,277,14.53,989.7,loc_madurai,9.9252,78.1198,ECMWF_ERA5_Reanalysis
2024-06-02,33.2,25.9,28.9,39.6,31.8,34.5,0.3,14.7,29.2,248,15.4,990.6,loc_madurai,9.9252,78.1198,ECMWF_ERA5_Reanalysis
2024-06-03,33.8,26.0,28.7,42.1,31.2,35.0,0.9,12.0,27.7,89,18.36,991.2,loc_madurai,9.9252,78.1198,ECMWF_ERA5_Reanalysis
2024-06-04,33.6,25.6,29.1,41.5,31.6,35.4,3.1,12.3,28.8,205,18.75,991.9,loc_madurai,9.9252,78.1198,ECMWF_ERA5_Reanalysis
2024-06-05,33.7,25.7,28.3,40.0,31.3,34.3,6.6,13.0,25.9,192,16.85,992.7,loc_madurai,9.9252,78.1198,ECMWF_ERA5_Reanalysis
2024-06-06,32.6,25.4,27.4,39.3,31.1,33.4,13.6,18.5,37.1,200,14.77,993.2,loc_madurai,9.9252,78.1198,ECMWF_ERA5_Reanalysis
2024-06-07,31.8,24.9,27.4,37.2,30.9,33.1,8.5,16.6,34.9,223,12.78,992.0,loc_madurai,9.9252,78.1198,ECMWF_ERA5_Reanalysis
2024-06-08,32.9,25.1,27.6,38.4,29.6,33.0,10.8,13.7,32.0,219,18.23,991.8,loc_madurai,9.9252,78.1198,ECMWF_ERA5_Reanalysis
2024-06-09,33.9,24.1,28.7,38.6,29.2,33.0,1.0,21.7,38.5,242,20.77,991.3,loc_madurai,9.9252,78.1198,ECMWF_ERA5_Reanalysis
2024-06-10,35.6,24.2,29.7,38.6,28.2,33.0,0.3,23.7,46.4,251,23.18,991.5,loc_madurai,9.9252,78.1198,ECMWF_ERA5_Reanalysis
2024-06-11,35.3,25.2,29.9,39.7,29.7,33.5,0.1,22.8,44.3,254,22.9,991.5,loc_madurai,9.9252,78.1198,ECMWF_ERA5_Reanalysis
2024-06-12,34.4,25.9,29.8,37.5,29.8,33.3,0.9,15.5,34.2,262,16.2,992.8,loc_madurai,9.9252,78.1198,ECMWF_ERA5_Reanalysis
2024-06-13,36.7,25.7,30.6,40.5,29.5,34.1,0.0,20.6,40.0,272,23.52,992.4,loc_madurai,9.9252,78.1198,ECMWF_ERA5_Reanalysis
2024-06-14,36.7,26.1,30.9,40.9,29.6,34.6,0.0,15.2,31.7,287,22.82,991.0,loc_madurai,9.9252,78.1198,ECMWF_ERA5_Reanalysis
2024-06-15,37.3,25.8,31.2,39.6,28.9,33.9,0.0,19.5,37.4,279,22.39,990.4,loc_madurai,9.9252,78.1198,ECMWF_ERA5_Reanalysis
2024-06-16,38.1,25.4,31.5,41.3,28.6,34.4,0.4,19.8,46.4,266,23.2,990.5,loc_madurai,9.9252,78.1198,ECMWF_ERA5_Reanalysis
2024-06-17,37.6,26.9,31.8,41.7,30.2,35.1,0.8,19.4,41.4,261,23.01,990.9,loc_madurai,9.9252,78.1198,ECMWF_ERA5_Reanalysis
2024-06-18,36.8,26.8,30.2,39.5,31.0,34.4,2.1,20.2,41.8,267,16.43,991.2,loc_madurai,9.9252,78.1198,ECMWF_ERA5_Reanalysis
2024-06-19,37.2,26.9,29.9,41.5,29.4,34.1,2.2,28.5,58.3,231,20.16,990.2,loc_madurai,9.9252,78.1198,ECMWF_ERA5_Reanalysis
2024-06-20,34.9,26.7,30.2,36.5,31.2,33.0,0.0,21.4,46.1,256,15.65,990.3,loc_madurai,9.9252,78.1198,ECMWF_ERA5_Reanalysis
2024-06-21,36.0,26.2,30.3,39.0,30.2,33.4,0.4,21.6,46.8,260,20.42,990.0,loc_madurai,9.9252,78.1198,ECMWF_ERA5_Reanalysis
2024-06-22,38.7,25.3,30.6,43.1,28.9,34.0,0.6,22.2,44.6,273,22.36,988.3,loc_madurai,9.9252,78.1198,ECMWF_ERA5_Reanalysis
2024-06-23,34.3,26.3,29.6,34.7,29.9,31.7,1.6,27.7,53.6,255,14.81,988.1,loc_madurai,9.9252,78.1198,ECMWF_ERA5_Reanalysis
2024-06-24,34.7,25.0,28.0,38.7,30.2,32.3,10.8,29.3,59.0,261,18.83,988.1,loc_madurai,9.9252,78.1198,ECMWF_ERA5_Reanalysis
2024-06-25,34.1,24.7,28.2,36.1,29.0,32.0,8.7,26.3,52.2,262,16.79,988.0,loc_madurai,9.9252,78.1198,ECMWF_ERA5_Reanalysis
2024-06-26,28.7,25.0,26.3,33.4,28.3,30.9,13.9,15.5,27.7,250,6.72,988.5,loc_madurai,9.9252,78.1198,ECMWF_ERA5_Reanalysis
2024-06-27,31.9,24.2,27.6,34.5,28.6,31.5,2.8,18.5,36.7,255,10.4,989.8,loc_madurai,9.9252,78.1198,ECMWF_ERA5_Reanalysis
2024-06-28,36.5,24.5,29.9,39.2,28.7,33.1,0.0,20.2,39.6,264,23.65,990.3,loc_madurai,9.9252,78.1198,ECMWF_ERA5_Reanalysis
2024-06-29,36.8,25.1,30.3,42.7,29.4,34.2,1.0,18.9,33.5,257,23.45,990.8,loc_madurai,9.9252,78.1198,ECMWF_ERA5_Reanalysis
2024-06-30,36.8,26.2,30.1,41.3,30.3,34.5,0.3,14.7,36.4,275,19.56,991.7,loc_madurai,9.9252,78.1198,ECMWF_ERA5_Reanalysis
2024-07-01,35.0,25.6,29.8,39.1,29.8,33.9,0.3,17.1,34.9,259,15.95,991.7,loc_madurai,9.9252,78.1198,ECMWF_ERA5_Reanalysis
2024-07-02,36.1,26.3,30.5,40.4,29.4,34.1,0.0,15.3,27.4,300,17.49,990.6,loc_madurai,9.9252,78.1198,ECMWF_ERA5_Reanalysis
2024-07-03,37.8,26.7,31.4,43.1,30.2,35.5,0.5,13.3,31.7,299,21.52,990.6,loc_madurai,9.9252,78.1198,ECMWF_ERA5_Reanalysis
2024-07-04,38.0,26.4,30.1,42.2,30.0,34.2,4.8,14.0,39.2,295,17.22,991.6,loc_madurai,9.9252,78.1198,ECMWF_ERA5_Reanalysis
2024-07-05,37.9,26.3,30.2,42.1,30.2,34.1,11.8,22.1,51.5,256,19.7,990.5,loc_madurai,9.9252,78.1198,ECMWF_ERA5_Reanalysis
2024-07-06,33.4,25.7,29.5,35.7,28.8,32.0,0.0,14.3,28.1,266,11.22,990.0,loc_madurai,9.9252,78.1198,ECMWF_ERA5_Reanalysis
2024-07-07,39.2,25.9,31.4,43.3,29.1,34.6,1.3,13.9,33.1,274,23.44,989.3,loc_madurai,9.9252,78.1198,ECMWF_ERA5_Reanalysis
2024-07-08,34.6,26.1,29.4,37.4,28.7,31.8,0.1,20.9,45.4,276,13.42,989.4,loc_madurai,9.9252,78.1198,ECMWF_ERA5_Reanalysis
2024-07-09,38.0,25.7,30.9,41.9,29.3,34.1,0.6,12.1,31.0,287,20.83,990.1,loc_madurai,9.9252,78.1198,ECMWF_ERA5_Reanalysis
2024-07-10,38.1,26.8,31.0,42.5,29.5,34.4,0.8,24.1,47.2,289,21.36,992.3,loc_madurai,9.9252,78.1198,ECMWF_ERA5_Reanalysis
2024-07-11,38.3,26.0,31.7,42.4,29.3,35.2,0.1,16.2,29.9,235,22.09,991.4,loc_madurai,9.9252,78.1198,ECMWF_ERA5_Reanalysis
2024-07-12,37.0,25.6,29.8,40.4,30.3,33.8,14.7,17.1,52.6,265,19.32,990.4,loc_madurai,9.9252,78.1198,ECMWF_ERA5_Reanalysis
2024-07-13,36.1,24.7,29.2,40.8,29.2,32.8,1.6,18.8,37.4,266,19.22,990.0,loc_madurai,9.9252,78.1198,ECMWF_ERA5_Reanalysis
2024-07-14,34.8,24.4,28.8,38.0,28.3,32.8,5.1,11.3,27.4,288,15.96,988.6,loc_madurai,9.9252,78.1198,ECMWF_ERA5_Reanalysis
2024-07-15,33.4,24.8,27.9,37.3,28.7,31.6,5.0,20.4,41.0,263,13.34,988.8,loc_madurai,9.9252,78.1198,ECMWF_ERA5_Reanalysis
2024-07-16,33.5,24.4,27.7,34.6,29.2,31.0,7.0,28.3,55.8,261,13.3,989.1,loc_madurai,9.9252,78.1198,ECMWF_ERA5_Reanalysis
2024-07-17,34.4,24.8,28.3,36.9,29.0,31.9,5.8,22.7,44.6,257,13.98,990.0,loc_madurai,9.9252,78.1198,ECMWF_ERA5_Reanalysis
2024-07-18,29.1,24.2,26.2,33.1,28.4,30.5,7.0,16.2,30.2,263,7.82,990.2,loc_madurai,9.9252,78.1198,ECMWF_ERA5_Reanalysis
2024-07-19,34.8,23.3,28.5,37.6,27.2,31.3,0.0,18.7,36.0,256,17.57,988.9,loc_madurai,9.9252,78.1198,ECMWF_ERA5_Reanalysis
2024-07-20,35.5,26.1,30.0,37.5,28.6,32.0,0.0,23.5,46.8,267,20.08,989.2,loc_madurai,9.9252,78.1198,ECMWF_ERA5_Reanalysis
2024-07-21,36.8,25.0,30.1,38.5,27.5,31.9,0.0,23.9,48.2,266,21.15,990.0,loc_madurai,9.9252,78.1198,ECMWF_ERA5_Reanalysis
2024-07-22,36.0,24.3,29.9,38.0,26.6,32.0,0.0,17.9,34.9,250,18.04,991.8,loc_madurai,9.9252,78.1198,ECMWF_ERA5_Reanalysis
2024-07-23,38.2,24.8,30.8,42.4,28.5,34.0,0.0,15.6,28.8,250,22.56,992.0,loc_madurai,9.9252,78.1198,ECMWF_ERA5_Reanalysis
2024-07-24,39.1,25.9,31.5,42.6,29.3,34.6,0.7,14.3,31.7,258,22.13,990.2,loc_madurai,9.9252,78.1198,ECMWF_ERA5_Reanalysis
2024-07-25,37.9,26.4,30.7,40.1,29.6,32.9,0.6,28.4,54.4,260,17.28,989.3,loc_madurai,9.9252,78.1198,ECMWF_ERA5_Reanalysis
2024-07-26,38.2,27.1,31.1,40.9,30.0,33.4,1.4,26.0,52.2,264,21.49,989.3,loc_madurai,9.9252,78.1198,ECMWF_ERA5_Reanalysis
2024-07-27,39.2,26.1,31.9,42.5,29.7,34.8,0.9,13.6,25.6,251,20.3,989.5,loc_madurai,9.9252,78.1198,ECMWF_ERA5_Reanalysis
2024-07-28,39.5,26.7,31.8,42.3,28.9,34.1,0.2,21.9,46.8,260,20.81,988.3,loc_madurai,9.9252,78.1198,ECMWF_ERA5_Reanalysis
2024-07-29,36.3,27.0,30.7,37.3,30.1,33.0,2.2,25.9,52.2,265,17.23,988.0,loc_madurai,9.9252,78.1198,ECMWF_ERA5_Reanalysis
2024-07-30,33.9,25.5,28.7,36.3,30.2,32.5,3.4,16.1,35.3,274,12.29,990.6,loc_madurai,9.9252,78.1198,ECMWF_ERA5_Reanalysis
2024-07-31,37.5,25.5,29.9,41.1,28.7,33.3,1.8,21.4,45.4,272,20.01,991.9,loc_madurai,9.9252,78.1198,ECMWF_ERA5_Reanalysis
2024-08-01,36.9,25.4,30.5,40.3,28.9,33.4,0.5,22.3,45.7,267,22.98,991.5,loc_madurai,9.9252,78.1198,ECMWF_ERA5_Reanalysis
2024-08-02,37.9,26.3,30.6,40.4,29.8,34.2,0.5,16.5,42.8,273,21.41,991.4,loc_madurai,9.9252,78.1198,ECMWF_ERA5_Reanalysis
2024-08-03,38.6,25.8,30.4,43.3,28.7,33.7,2.3,20.2,47.9,277,21.32,992.2,loc_madurai,9.9252,78.1198,ECMWF_ERA5_Reanalysis
2024-08-04,37.4,26.1,30.6,41.0,29.4,33.5,0.6,24.0,47.5,249,18.55,992.3,loc_madurai,9.9252,78.1198,ECMWF_ERA5_Reanalysis
2024-08-05,38.5,24.7,28.5,42.2,29.0,33.2,28.9,27.8,54.0,189,21.29,992.7,loc_madurai,9.9252,78.1198,ECMWF_ERA5_Reanalysis
2024-08-06,35.1,24.6,28.0,40.1,28.4,32.9,10.6,13.3,28.1,282,20.66,991.5,loc_madurai,9.9252,78.1198,ECMWF_ERA5_Reanalysis
2024-08-07,34.1,24.6,28.0,38.5,29.5,32.9,1.5,13.6,32.0,258,19.9,991.7,loc_madurai,9.9252,78.1198,ECMWF_ERA5_Reanalysis
2024-08-08,34.0,24.1,28.3,39.4,28.6,32.9,0.3,14.8,35.3,240,20.43,992.5,loc_madurai,9.9252,78.1198,ECMWF_ERA5_Reanalysis
2024-08-09,35.4,24.3,28.6,40.8,29.2,33.5,9.0,11.7,29.5,228,23.41,992.6,loc_madurai,9.9252,78.1198,ECMWF_ERA5_Reanalysis
2024-08-10,33.7,24.4,28.6,39.4,30.0,33.4,3.5,10.9,26.6,253,19.62,992.4,loc_madurai,9.9252,78.1198,ECMWF_ERA5_Reanalysis
2024-08-11,35.5,25.2,28.4,41.1,30.1,33.6,23.2,18.9,34.9,205,17.78,990.4,loc_madurai,9.9252,78.1198,ECMWF_ERA5_Reanalysis
2024-08-12,33.7,24.6,27.7,41.1,29.6,33.5,37.4,11.9,25.9,210,20.82,989.8,loc_madurai,9.9252,78.1198,ECMWF_ERA5_Reanalysis
2024-08-13,33.1,23.4,27.9,39.6,28.4,33.2,8.1,11.6,25.9,135,22.1,990.2,loc_madurai,9.9252,78.1198,ECMWF_ERA5_Reanalysis
2024-08-14,31.7,24.1,26.9,37.8,29.6,32.7,13.2,15.6,33.8,297,18.25,989.7,loc_madurai,9.9252,78.1198,ECMWF_ERA5_Reanalysis
2024-08-15,33.7,24.9,28.6,39.9,30.6,34.1,0.6,13.9,27.7,130,23.17,988.8,loc_madurai,9.9252,78.1198,ECMWF_ERA5_Reanalysis
2024-08-16,34.7,25.1,28.2,41.4,31.1,34.2,9.6,14.4,33.8,44,21.08,988.2,loc_madurai,9.9252,78.1198,ECMWF_ERA5_Reanalysis
2024-08-17,34.4,25.0,28.4,41.0,30.1,34.1,8.0,9.6,23.8,290,22.13,989.1,loc_madurai,9.9252,78.1198,ECMWF_ERA5_Reanalysis
2024-08-18,33.6,24.6,28.6,41.2,29.8,34.3,3.5,8.2,20.2,217,23.94,990.0,loc_madurai,9.9252,78.1198,ECMWF_ERA5_Reanalysis
2024-08-19,32.1,24.5,27.4,39.9,29.4,33.3,19.0,12.4,24.5,280,16.82,990.0,loc_madurai,9.9252,78.1198,ECMWF_ERA5_Reanalysis
2024-08-20,32.8,24.7,27.4,39.0,30.3,33.1,12.7,12.7,33.8,163,19.89,990.3,loc_madurai,9.9252,78.1198,ECMWF_ERA5_Reanalysis
2024-08-21,33.2,24.1,27.9,37.4,28.3,32.1,0.2,16.7,41.4,212,20.71,991.9,loc_madurai,9.9252,78.1198,ECMWF_ERA5_Reanalysis
2024-08-22,32.4,24.5,27.7,36.9,28.4,31.8,0.2,14.8,27.7,200,13.91,992.9,loc_madurai,9.9252,78.1198,ECMWF_ERA5_Reanalysis
2024-08-23,34.2,23.8,28.6,39.8,29.2,33.9,0.1,12.9,25.6,171,22.38,993.3,loc_madurai,9.9252,78.1198,ECMWF_ERA5_Reanalysis
2024-08-24,34.3,24.1,28.9,39.0,28.4,32.4,0.4,18.0,32.4,246,22.36,993.9,loc_madurai,9.9252,78.1198,ECMWF_ERA5_Reanalysis
2024-08-25,35.9,23.8,29.0,37.9,27.4,31.4,0.0,23.6,44.6,260,22.98,993.2,loc_madurai,9.9252,78.1198,ECMWF_ERA5_Reanalysis
2024-08-26,35.6,24.0,29.6,37.2,27.4,31.5,0.0,23.0,45.4,257,23.47,992.3,loc_madurai,9.9252,78.1198,ECMWF_ERA5_Reanalysis
2024-08-27,36.0,24.5,29.6,38.8,28.2,32.9,0.2,23.9,51.8,271,22.15,992.8,loc_madurai,9.9252,78.1198,ECMWF_ERA5_Reanalysis
2024-08-28,34.9,25.4,29.6,37.9,28.8,33.0,0.0,11.3,28.1,281,17.06,992.9,loc_madurai,9.9252,78.1198,ECMWF_ERA5_Reanalysis
2024-08-29,35.8,25.7,29.5,39.8,29.8,33.1,0.3,23.8,47.2,279,20.11,991.5,loc_madurai,9.9252,78.1198,ECMWF_ERA5_Reanalysis
2024-08-30,34.2,24.8,28.6,37.9,29.2,32.0,3.7,20.6,42.5,278,17.32,991.3,loc_madurai,9.9252,78.1198,ECMWF_ERA5_Reanalysis
2024-08-31,35.9,24.9,29.1,40.6,28.8,33.0,0.6,12.0,29.9,313,19.39,991.0,loc_madurai,9.9252,78.1198,ECMWF_ERA5_Reanalysis
2024-09-01,35.6,25.0,29.8,40.9,28.9,33.4,0.4,16.9,37.4,271,20.44,990.3,loc_madurai,9.9252,78.1198,ECMWF_ERA5_Reanalysis
2024-09-02,37.0,25.4,30.5,40.7,28.9,33.7,0.8,14.8,29.5,274,21.89,990.4,loc_madurai,9.9252,78.1198,ECMWF_ERA5_Reanalysis
2024-09-03,35.5,25.5,30.3,38.4,29.5,33.2,1.9,18.1,33.8,273,18.3,991.7,loc_madurai,9.9252,78.1198,ECMWF_ERA5_Reanalysis
2024-09-04,37.5,25.6,31.0,41.0,27.9,34.0,0.0,12.4,25.9,291,22.13,991.7,loc_madurai,9.9252,78.1198,ECMWF_ERA5_Reanalysis
2024-09-05,39.2,25.4,31.3,42.5,28.2,34.3,0.0,15.3,33.1,271,23.05,990.5,loc_madurai,9.9252,78.1198,ECMWF_ERA5_Reanalysis
2024-09-06,38.6,25.8,31.2,42.3,28.4,34.4,0.0,14.1,29.2,295,22.11,990.7,loc_madurai,9.9252,78.1198,ECMWF_ERA5_Reanalysis
2024-09-07,39.2,25.8,31.4,42.9,28.4,34.1,0.7,19.1,39.6,276,22.35,991.5,loc_madurai,9.9252,78.1198,ECMWF_ERA5_Reanalysis
2024-09-08,38.4,26.1,31.2,40.4,29.2,33.3,0.1,24.1,52.9,267,19.84,992.1,loc_madurai,9.9252,78.1198,ECMWF_ERA5_Reanalysis
2024-09-09,38.6,26.9,31.4,39.4,30.6,33.6,0.6,26.9,63.7,259,21.48,990.5,loc_madurai,9.9252,78.1198,ECMWF_ERA5_Reanalysis
2024-09-10,38.1,27.1,31.6,38.9,30.0,33.3,0.1,30.1,62.3,252,24.22,990.4,loc_madurai,9.9252,78.1198,ECMWF_ERA5_Reanalysis
2024-09-11,38.1,26.5,31.6,39.9,29.9,33.5,0.8,26.5,54.7,256,20.76,991.6,loc_madurai,9.9252,78.1198,ECMWF_ERA5_Reanalysis
2024-09-12,39.4,26.6,32.2,41.8,30.2,35.1,0.6,17.1,41.4,254,21.38,992.2,loc_madurai,9.9252,78.1198,ECMWF_ERA5_Reanalysis
2024-09-13,40.5,26.7,32.6,43.5,29.4,35.2,0.7,22.6,42.1,278,24.18,991.5,loc_madurai,9.9252,78.1198,ECMWF_ERA5_Reanalysis
2024-09-14,39.2,26.6,31.9,42.5,29.3,34.8,0.6,12.9,38.9,272,23.01,991.2,loc_madurai,9.9252,78.1198,ECMWF_ERA5_Reanalysis
2024-09-15,39.3,26.4,32.2,42.5,28.8,34.7,0.7,21.9,56.5,273,22.23,991.1,loc_madurai,9.9252,78.1198,ECMWF_ERA5_Reanalysis
2024-09-16,40.0,26.7,32.8,42.6,29.0,35.0,0.0,20.2,38.2,257,24.31,991.2,loc_madurai,9.9252,78.1198,ECMWF_ERA5_Reanalysis
2024-09-17,40.4,26.5,32.6,42.5,28.6,34.6,0.0,21.4,44.6,271,23.81,990.8,loc_madurai,9.9252,78.1198,ECMWF_ERA5_Reanalysis
2024-09-18,40.1,26.3,32.3,41.6,28.4,34.4,0.2,25.4,46.1,250,23.92,989.8,loc_madurai,9.9252,78.1198,ECMWF_ERA5_Reanalysis
2024-09-19,39.9,25.6,32.4,41.9,28.0,34.1,0.0,17.3,32.8,270,24.45,990.0,loc_madurai,9.9252,78.1198,ECMWF_ERA5_Reanalysis
2024-09-20,40.2,25.9,32.1,40.7,28.0,33.3,0.0,22.0,40.7,278,21.26,990.0,loc_madurai,9.9252,78.1198,ECMWF_ERA5_Reanalysis
2024-09-21,38.9,25.7,31.7,41.7,27.2,33.5,0.6,17.4,40.7,276,21.28,990.4,loc_madurai,9.9252,78.1198,ECMWF_ERA5_Reanalysis
2024-09-22,39.8,25.9,32.3,42.0,28.0,34.3,0.0,16.1,30.6,277,23.71,989.5,loc_madurai,9.9252,78.1198,ECMWF_ERA5_Reanalysis
2024-09-23,39.3,26.8,31.9,43.4,29.4,34.2,0.9,20.0,48.6,264,22.41,989.2,loc_madurai,9.9252,78.1198,ECMWF_ERA5_Reanalysis
2024-09-24,39.5,27.0,32.1,41.8,30.1,34.2,0.0,23.2,43.6,261,21.78,988.7,loc_madurai,9.9252,78.1198,ECMWF_ERA5_Reanalysis
2024-09-25,39.7,26.5,32.1,42.6,28.5,34.3,0.3,24.0,43.9,266,23.5,989.0,loc_madurai,9.9252,78.1198,ECMWF_ERA5_Reanalysis
2024-09-26,39.5,27.2,32.3,43.1,29.9,35.2,0.6,17.4,39.6,235,21.94,989.5,loc_madurai,9.9252,78.1198,ECMWF_ERA5_Reanalysis
2024-09-27,39.4,26.2,31.5,42.6,30.2,34.9,5.7,17.6,35.3,287,20.78,991.6,loc_madurai,9.9252,78.1198,ECMWF_ERA5_Reanalysis
2024-09-28,36.6,25.2,29.5,41.7,30.0,33.6,15.1,16.4,51.1,47,18.17,992.9,loc_madurai,9.9252,78.1198,ECMWF_ERA5_Reanalysis
2024-09-29,34.0,24.2,28.7,39.4,27.3,33.2,4.3,15.5,29.5,78,23.11,993.8,loc_madurai,9.9252,78.1198,ECMWF_ERA5_Reanalysis
2024-09-30,33.8,24.2,28.0,39.0,29.1,32.8,2.6,13.8,42.8,88,21.51,993.8,loc_madurai,9.9252,78.1198,ECMWF_ERA5_Reanalysis
2024-10-01,33.7,24.6,28.7,39.5,30.0,33.5,1.4,14.9,26.6,135,21.42,992.7,loc_madurai,9.9252,78.1198,ECMWF_ERA5_Reanalysis
2024-10-02,34.8,25.4,28.8,39.8,29.8,33.2,3.7,15.6,41.8,193,20.12,993.4,loc_madurai,9.9252,78.1198,ECMWF_ERA5_Reanalysis
2024-10-03,36.3,24.8,29.2,42.0,29.3,34.0,0.6,19.7,40.7,224,22.18,993.0,loc_madurai,9.9252,78.1198,ECMWF_ERA5_Reanalysis
2024-10-04,36.2,25.5,28.7,42.9,30.2,34.4,20.7,12.6,43.2,263,20.84,992.8,loc_madurai,9.9252,78.1198,ECMWF_ERA5_Reanalysis
2024-10-05,34.8,24.4,28.4,41.2,29.8,33.4,3.2,16.6,29.2,233,19.0,993.1,loc_madurai,9.9252,78.1198,ECMWF_ERA5_Reanalysis
2024-10-06,31.1,24.8,27.4,35.5,30.1,32.7,3.5,7.1,13.7,196,10.7,993.0,loc_madurai,9.9252,78.1198,ECMWF_ERA5_Reanalysis
2024-10-07,33.0,23.6,26.4,39.1,28.5,31.4,29.3,14.1,30.2,122,16.77,994.1,loc_madurai,9.9252,78.1198,ECMWF_ERA5_Reanalysis
2024-10-08,32.0,23.8,27.3,37.0,29.0,32.2,4.6,13.2,25.6,103,16.92,994.3,loc_madurai,9.9252,78.1198,ECMWF_ERA5_Reanalysis
2024-10-09,32.3,23.8,26.8,38.3,28.8,32.0,16.5,13.2,25.9,312,18.08,993.0,loc_madurai,9.9252,78.1198,ECMWF_ERA5_Reanalysis
2024-10-10,30.7,23.7,26.3,37.3,28.5,31.5,16.1,10.7,27.4,134,18.28,991.8,loc_madurai,9.9252,78.1198,ECMWF_ERA5_Reanalysis
2024-10-11,31.1,24.1,26.0,37.2,29.2,31.4,39.9,8.5,20.9,93,14.64,991.7,loc_madurai,9.9252,78.1198,ECMWF_ERA5_Reanalysis
2024-10-12,31.5,24.0,26.4,37.9,28.4,31.5,14.2,12.6,25.6,50,19.19,992.3,loc_madurai,9.9252,78.1198,ECMWF_ERA5_Reanalysis
2024-10-13,30.3,23.3,25.6,35.8,27.5,30.7,23.2,13.6,29.2,11,14.48,992.9,loc_madurai,9.9252,78.1198,ECMWF_ERA5_Reanalysis
2024-10-14,26.1,23.7,24.7,31.2,27.8,29.8,10.1,7.2,14.0,261,4.95,992.8,loc_madurai,9.9252,78.1198,ECMWF_ERA5_Reanalysis
2024-10-15,29.1,22.8,25.5,33.7,26.9,30.2,2.8,8.4,20.9,287,13.18,992.3,loc_madurai,9.9252,78.1198,ECMWF_ERA5_Reanalysis
2024-10-16,31.2,23.7,26.5,37.8,28.5,31.3,4.7,12.8,44.3,272,18.43,991.8,loc_madurai,9.9252,78.1198,ECMWF_ERA5_Reanalysis
2024-10-17,33.5,23.7,27.8,38.9,27.4,32.2,0.3,15.2,31.3,279,22.17,991.5,loc_madurai,9.9252,78.1198,ECMWF_ERA5_Reanalysis
2024-10-18,33.0,24.0,28.0,40.2,27.6,32.7,3.6,12.7,24.5,298,21.3,992.1,loc_madurai,9.9252,78.1198,ECMWF_ERA5_Reanalysis
2024-10-19,30.4,24.1,26.9,34.9,28.9,31.7,2.5,8.2,18.0,321,12.65,993.6,loc_madurai,9.9252,78.1198,ECMWF_ERA5_Reanalysis
2024-10-20,31.5,23.6,27.0,37.3,28.6,32.3,5.2,9.5,23.0,312,15.72,994.2,loc_madurai,9.9252,78.1198,ECMWF_ERA5_Reanalysis
2024-10-21,30.9,23.9,26.8,37.9,28.5,32.2,15.5,8.8,20.5,72,17.09,994.4,loc_madurai,9.9252,78.1198,ECMWF_ERA5_Reanalysis
2024-10-22,31.1,23.9,26.3,37.0,28.4,31.5,18.7,8.6,19.4,60,13.31,994.6,loc_madurai,9.9252,78.1198,ECMWF_ERA5_Reanalysis
2024-10-23,32.4,23.1,26.5,38.6,27.9,31.9,16.3,14.1,27.7,224,21.32,994.0,loc_madurai,9.9252,78.1198,ECMWF_ERA5_Reanalysis
2024-10-24,30.8,23.3,26.2,34.8,27.8,31.1,3.7,13.5,32.4,259,17.36,993.9,loc_madurai,9.9252,78.1198,ECMWF_ERA5_Reanalysis
2024-10-25,31.9,23.3,26.0,39.0,28.1,31.5,22.0,10.3,23.0,218,17.61,994.2,loc_madurai,9.9252,78.1198,ECMWF_ERA5_Reanalysis
2024-10-26,31.9,23.5,26.3,38.8,28.5,31.7,15.5,7.0,23.8,266,19.81,993.7,loc_madurai,9.9252,78.1198,ECMWF_ERA5_Reanalysis
2024-10-27,32.4,24.0,27.2,38.4,27.4,31.5,3.8,16.7,34.9,271,20.77,992.5,loc_madurai,9.9252,78.1198,ECMWF_ERA5_Reanalysis
2024-10-28,32.2,24.1,27.8,37.4,28.0,32.4,0.1,7.8,14.4,228,18.6,992.0,loc_madurai,9.9252,78.1198,ECMWF_ERA5_Reanalysis
2024-10-29,32.7,24.3,27.6,38.5,27.4,32.5,1.7,9.0,18.0,345,20.25,992.8,loc_madurai,9.9252,78.1198,ECMWF_ERA5_Reanalysis
2024-10-30,33.2,23.8,28.0,39.9,28.3,33.2,2.1,10.8,22.0,326,20.43,993.5,loc_madurai,9.9252,78.1198,ECMWF_ERA5_Reanalysis
2024-10-31,32.7,23.8,27.2,39.8,28.2,32.8,6.9,9.2,27.7,58,19.71,994.5,loc_madurai,9.9252,78.1198,ECMWF_ERA5_Reanalysis
2024-11-01,31.5,23.3,26.3,36.9,28.0,31.3,9.2,10.2,23.0,43,16.01,995.4,loc_madurai,9.9252,78.1198,ECMWF_ERA5_Reanalysis
2024-11-02,31.1,22.3,25.3,36.1,26.6,30.0,28.6,17.7,36.0,60,18.1,996.1,loc_madurai,9.9252,78.1198,ECMWF_ERA5_Reanalysis
2024-11-03,29.5,22.4,25.2,35.8,27.0,30.1,7.1,9.9,28.1,126,15.6,995.6,loc_madurai,9.9252,78.1198,ECMWF_ERA5_Reanalysis
2024-11-04,30.8,22.8,25.3,36.4,26.7,30.0,15.2,13.1,42.8,39,18.47,995.0,loc_madurai,9.9252,78.1198,ECMWF_ERA5_Reanalysis
2024-11-05,31.1,21.7,26.2,35.2,25.3,29.7,0.1,11.8,23.8,36,21.78,995.1,loc_madurai,9.9252,78.1198,ECMWF_ERA5_Reanalysis
2024-11-06,32.4,21.6,27.1,37.1,25.6,31.0,0.0,15.3,26.6,27,21.76,994.8,loc_madurai,9.9252,78.1198,ECMWF_ERA5_Reanalysis
2024-11-07,30.8,22.4,26.6,34.3,25.7,30.4,0.7,12.7,29.5,40,14.32,994.8,loc_madurai,9.9252,78.1198,ECMWF_ERA5_Reanalysis
2024-11-08,30.2,23.8,26.5,34.0,28.3,30.8,3.5,15.2,33.5,29,11.73,994.7,loc_madurai,9.9252,78.1198,ECMWF_ERA5_Reanalysis
2024-11-09,31.9,22.8,27.0,35.5,26.7,30.4,0.0,15.8,32.8,35,21.1,994.6,loc_madurai,9.9252,78.1198,ECMWF_ERA5_Reanalysis
2024-11-10,32.0,21.8,26.8,33.8,25.3,29.1,0.0,18.1,37.1,28,22.8,994.6,loc_madurai,9.9252,78.1198,ECMWF_ERA5_Reanalysis
2024-11-11,32.8,21.7,27.2,36.0,24.7,30.1,0.0,13.3,34.6,30,21.81,993.6,loc_madurai,9.9252,78.1198,ECMWF_ERA5_Reanalysis
2024-11-12,33.3,22.5,28.0,38.3,25.9,31.9,2.1,16.3,37.4,46,20.75,992.6,loc_madurai,9.9252,78.1198,ECMWF_ERA5_Reanalysis
2024-11-13,32.6,22.4,27.2,38.1,25.9,31.5,12.1,17.8,40.0,45,18.27,992.2,loc_madurai,9.9252,78.1198,ECMWF_ERA5_Reanalysis
2024-11-14,30.6,23.5,26.1,36.7,28.0,30.8,20.5,14.6,33.8,52,11.43,993.9,loc_madurai,9.9252,78.1198,ECMWF_ERA5_Reanalysis
2024-11-15,28.6,23.5,25.6,32.5,27.2,29.8,13.1,17.1,39.2,42,9.73,994.6,loc_madurai,9.9252,78.1198,ECMWF_ERA5_Reanalysis
2024-11-16,29.3,22.7,25.7,33.0,26.7,29.8,13.2,17.5,37.8,46,13.89,994.1,loc_madurai,9.9252,78.1198,ECMWF_ERA5_Reanalysis
2024-11-17,30.3,24.1,26.3,35.0,28.5,30.4,10.3,17.6,37.8,43,17.79,994.0,loc_madurai,9.9252,78.1198,ECMWF_ERA5_Reanalysis
2024-11-18,30.1,23.8,26.1,32.3,27.4,29.4,3.9,18.3,41.0,34,12.69,994.6,loc_madurai,9.9252,78.1198,ECMWF_ERA5_Reanalysis
2024-11-19,29.7,23.9,25.8,31.7,27.2,28.8,4.0,18.1,38.9,32,9.39,995.2,loc_madurai,9.9252,78.1198,ECMWF_ERA5_Reanalysis
2024-11-20,25.4,23.2,23.9,29.2,25.9,27.5,23.6,15.2,29.9,21,3.11,995.3,loc_madurai,9.9252,78.1198,ECMWF_ERA5_Reanalysis
2024-11-21,29.5,22.9,25.5,31.9,27.2,29.1,1.3,18.1,41.0,36,11.9,994.9,loc_madurai,9.9252,78.1198,ECMWF_ERA5_Reanalysis
2024-11-22,31.0,22.9,26.4,34.2,25.9,29.2,0.0,15.3,35.6,40,18.29,994.5,loc_madurai,9.9252,78.1198,ECMWF_ERA5_Reanalysis
2024-11-23,29.0,22.2,25.8,32.2,26.3,29.0,1.4,19.5,41.0,38,13.35,995.3,loc_madurai,9.9252,78.1198,ECMWF_ERA5_Reanalysis
2024-11-24,31.1,22.4,26.3,34.1,26.3,29.6,0.1,17.0,37.4,36,13.94,995.1,loc_madurai,9.9252,78.1198,ECMWF_ERA5_Reanalysis
2024-11-25,30.5,23.1,26.6,32.9,27.0,29.7,0.0,16.4,32.8,36,13.71,993.9,loc_madurai,9.9252,78.1198,ECMWF_ERA5_Reanalysis
2024-11-26,26.3,23.1,24.4,31.1,27.5,29.0,33.7,8.0,16.2,344,4.14,992.6,loc_madurai,9.9252,78.1198,ECMWF_ERA5_Reanalysis
2024-11-27,25.8,22.8,24.0,29.9,26.2,28.1,22.3,10.8,23.4,316,4.86,991.6,loc_madurai,9.9252,78.1198,ECMWF_ERA5_Reanalysis
2024-11-28,29.8,22.3,25.2,33.1,25.9,29.5,0.3,7.6,19.4,208,8.14,991.2,loc_madurai,9.9252,78.1198,ECMWF_ERA5_Reanalysis
2024-11-29,29.7,22.1,25.4,33.3,26.6,29.3,1.0,9.6,23.4,286,10.06,991.0,loc_madurai,9.9252,78.1198,ECMWF_ERA5_Reanalysis
2024-11-30,31.3,23.0,26.7,35.1,26.1,30.5,0.0,14.6,27.7,280,15.54,989.5,loc_madurai,9.9252,78.1198,ECMWF_ERA5_Reanalysis
2024-12-01,31.1,23.4,26.1,37.9,27.0,30.8,8.6,12.2,25.9,291,10.85,988.1,loc_madurai,9.9252,78.1198,ECMWF_ERA5_Reanalysis
2024-12-02,31.7,23.1,26.2,37.6,27.6,31.0,17.2,10.7,28.8,234,17.56,989.2,loc_madurai,9.9252,78.1198,ECMWF_ERA5_Reanalysis
2024-12-03,31.6,23.0,26.6,38.3,27.6,31.8,1.5,10.8,28.8,31,18.42,992.2,loc_madurai,9.9252,78.1198,ECMWF_ERA5_Reanalysis
2024-12-04,31.5,23.4,26.9,36.5,28.1,31.6,1.3,9.1,23.0,74,20.25,994.1,loc_madurai,9.9252,78.1198,ECMWF_ERA5_Reanalysis
2024-12-05,30.6,23.2,26.5,36.1,28.3,31.5,3.0,10.4,27.0,79,19.01,994.7,loc_madurai,9.9252,78.1198,ECMWF_ERA5_Reanalysis
2024-12-06,31.5,21.8,26.8,35.4,26.0,30.9,0.1,13.2,32.8,53,20.13,994.8,loc_madurai,9.9252,78.1198,ECMWF_ERA5_Reanalysis
2024-12-07,31.3,22.2,26.3,35.3,26.6,30.5,0.1,17.0,40.0,51,18.93,994.7,loc_madurai,9.9252,78.1198,ECMWF_ERA5_Reanalysis
2024-12-08,31.3,22.0,26.4,34.7,26.0,30.2,0.9,12.8,30.6,49,19.22,994.7,loc_madurai,9.9252,78.1198,ECMWF_ERA5_Reanalysis
2024-12-09,32.0,21.6,27.0,35.0,25.6,30.5,0.2,14.0,33.1,51,19.42,994.2,loc_madurai,9.9252,78.1198,ECMWF_ERA5_Reanalysis
2024-12-10,32.7,22.7,27.6,35.5,27.2,30.7,0.0,16.3,38.5,37,18.82,993.9,loc_madurai,9.9252,78.1198,ECMWF_ERA5_Reanalysis
2024-12-11,28.7,22.7,26.0,31.7,27.0,29.1,0.5,17.9,42.5,12,8.26,993.5,loc_madurai,9.9252,78.1198,ECMWF_ERA5_Reanalysis
2024-12-12,27.4,23.2,24.4,31.6,25.5,28.2,81.4,20.6,37.8,23,5.37,992.5,loc_madurai,9.9252,78.1198,ECMWF_ERA5_Reanalysis
2024-12-13,27.5,22.9,24.3,30.7,25.1,27.5,37.2,21.2,47.5,50,8.52,993.9,loc_madurai,9.9252,78.1198,ECMWF_ERA5_Reanalysis
2024-12-14,28.0,23.2,24.8,30.5,25.2,27.7,5.5,20.3,42.5,37,9.72,995.7,loc_madurai,9.9252,78.1198,ECMWF_ERA5_Reanalysis
2024-12-15,29.1,21.6,25.2,30.9,24.0,27.0,0.0,18.9,42.5,32,20.32,996.4,loc_madurai,9.9252,78.1198,ECMWF_ERA5_Reanalysis
2024-12-16,29.1,21.3,25.1,31.3,23.3,27.1,0.0,16.4,37.1,36,16.3,995.3,loc_madurai,9.9252,78.1198,ECMWF_ERA5_Reanalysis
2024-12-17,29.7,21.6,26.1,33.9,24.2,29.8,0.0,9.2,19.1,51,14.17,993.7,loc_madurai,9.9252,78.1198,ECMWF_ERA5_Reanalysis
2024-12-18,31.7,22.4,26.7,37.0,26.8,31.6,0.0,5.7,18.4,246,19.05,993.1,loc_madurai,9.9252,78.1198,ECMWF_ERA5_Reanalysis
2024-12-19,31.0,23.0,26.9,36.5,27.7,32.0,0.6,11.9,24.5,215,16.89,993.1,loc_madurai,9.9252,78.1198,ECMWF_ERA5_Reanalysis
2024-12-20,32.4,23.4,27.5,38.6,27.9,32.5,0.0,12.7,24.1,138,19.62,992.9,loc_madurai,9.9252,78.1198,ECMWF_ERA5_Reanalysis
2024-12-21,32.2,22.9,27.1,38.6,27.9,32.4,1.4,9.2,22.7,149,19.4,993.3,loc_madurai,9.9252,78.1198,ECMWF_ERA5_Reanalysis
2024-12-22,31.9,23.1,26.9,37.0,27.7,31.5,1.2,9.5,23.8,57,18.38,994.4,loc_madurai,9.9252,78.1198,ECMWF_ERA5_Reanalysis
2024-12-23,29.6,22.3,25.7,34.7,26.4,30.3,1.9,8.1,16.9,8,17.73,994.8,loc_madurai,9.9252,78.1198,ECMWF_ERA5_Reanalysis
2024-12-24,30.9,22.1,26.0,35.1,26.1,30.1,0.3,10.2,20.9,253,19.79,994.4,loc_madurai,9.9252,78.1198,ECMWF_ERA5_Reanalysis
2024-12-25,30.9,22.2,26.1,36.1,26.3,30.6,0.9,11.6,21.2,331,19.15,995.3,loc_madurai,9.9252,78.1198,ECMWF_ERA5_Reanalysis
2024-12-26,30.7,22.7,26.4,36.3,27.2,30.9,6.6,12.1,24.5,70,17.97,996.7,loc_madurai,9.9252,78.1198,ECMWF_ERA5_Reanalysis
2024-12-27,30.5,23.2,25.6,34.3,27.3,29.6,12.6,16.9,42.5,44,17.49,998.0,loc_madurai,9.9252,78.1198,ECMWF_ERA5_Reanalysis
2024-12-28,30.6,22.9,26.2,32.9,26.0,29.2,0.0,16.6,37.8,33,17.67,997.8,loc_madurai,9.9252,78.1198,ECMWF_ERA5_Reanalysis
2024-12-29,31.0,22.4,26.6,33.5,25.7,29.0,0.0,17.3,38.2,37,20.04,997.2,loc_madurai,9.9252,78.1198,ECMWF_ERA5_Reanalysis
2024-12-30,29.6,23.7,26.2,31.8,26.4,28.8,2.3,22.7,50.8,40,15.23,996.9,loc_madurai,9.9252,78.1198,ECMWF_ERA5_Reanalysis
2024-12-31,30.0,24.2,26.3,32.0,26.1,28.4,1.3,24.3,54.0,36,16.95,997.0,loc_madurai,9.9252,78.1198,ECMWF_ERA5_Reanalysis
