time,temperature_2m_max,temperature_2m_min,temperature_2m_mean,apparent_temperature_max,apparent_temperature_min,apparent_temperature_mean,precipitation_sum,wind_speed_10m_max,wind_gusts_10m_max,wind_direction_10m_dominant,shortwave_radiation_sum,surface_pressure_mean,location_id,latitude,longitude,data_source
2014-01-01,30.1,19.6,24.2,29.6,21.4,24.9,0.0,15.3,39.2,66,13.97,982.2,loc_salem,11.6643,78.146,ECMWF_ERA5_Reanalysis
2014-01-02,30.3,18.4,24.3,30.5,20.0,24.8,0.0,14.2,39.6,58,18.59,982.4,loc_salem,11.6643,78.146,ECMWF_ERA5_Reanalysis
2014-01-03,30.6,18.3,24.4,30.6,19.4,25.2,0.0,15.3,40.3,60,14.47,982.5,loc_salem,11.6643,78.146,ECMWF_ERA5_Reanalysis
2014-01-04,26.9,18.9,22.9,25.9,20.8,23.6,0.2,11.5,31.0,48,8.53,981.6,loc_salem,11.6643,78.146,ECMWF_ERA5_Reanalysis
2014-01-05,32.0,17.8,24.8,31.4,19.0,25.2,0.0,10.5,30.2,53,20.3,980.0,loc_salem,11.6643,78.146,ECMWF_ERA5_Reanalysis
2014-01-06,32.0,18.6,25.1,32.2,20.3,26.1,0.0,14.7,37.8,63,16.98,979.6,loc_salem,11.6643,78.146,ECMWF_ERA5_Reanalysis
2014-01-07,31.6,19.0,25.2,31.5,20.9,26.1,0.0,14.0,39.2,65,16.74,980.5,loc_salem,11.6643,78.146,ECMWF_ERA5_Reanalysis
2014-01-08,29.1,21.1,24.8,29.4,22.4,25.5,0.0,15.3,39.2,67,10.53,981.9,loc_salem,11.6643,78.146,ECMWF_ERA5_Reanalysis
2014-01-09,29.5,20.4,25.0,30.0,22.2,26.2,0.0,12.7,34.2,70,11.21,981.7,loc_salem,11.6643,78.146,ECMWF_ERA5_Reanalysis
2014-01-10,31.8,19.6,25.3,33.2,22.1,26.7,0.0,8.4,25.2,74,20.58,981.6,loc_salem,11.6643,78.146,ECMWF_ERA5_Reanalysis
2014-01-11,31.1,20.3,24.9,32.4,22.3,26.1,0.0,8.1,23.4,81,19.2,982.2,loc_salem,11.6643,78.146,ECMWF_ERA5_Reanalysis
2014-01-12,32.4,18.7,25.3,33.4,20.2,26.2,0.0,9.7,27.0,71,21.7,982.9,loc_salem,11.6643,78.146,ECMWF_ERA5_Reanalysis
2014-01-13,30.4,18.7,23.8,29.5,20.6,24.8,1.7,14.8,37.8,72,14.39,982.8,loc_salem,11.6643,78.146,ECMWF_ERA5_Reanalysis
2014-01-14,30.4,21.1,25.0,30.0,23.6,26.0,0.1,10.1,28.4,80,13.5,982.3,loc_salem,11.6643,78.146,ECMWF_ERA5_Reanalysis
2014-01-15,32.1,20.2,25.9,33.6,22.3,27.1,0.0,10.1,30.2,87,20.44,982.9,loc_salem,11.6643,78.146,ECMWF_ERA5_Reanalysis
2014-01-16,31.4,21.1,26.0,33.3,23.3,27.5,0.0,7.6,27.7,86,16.47,983.5,loc_salem,11.6643,78.146,ECMWF_ERA5_Reanalysis
2014-01-17,30.9,20.5,25.3,32.7,23.0,26.6,0.0,12.4,32.8,73,14.83,983.1,loc_salem,11.6643,78.146,ECMWF_ERA5_Reanalysis
2014-01-18,31.6,19.3,25.2,32.0,21.4,26.1,0.0,10.9,32.0,74,20.71,982.8,loc_salem,11.6643,78.146,ECMWF_ERA5_Reanalysis
2014-01-19,31.8,18.8,24.9,31.3,20.5,25.8,0.0,15.2,39.6,70,17.99,984.4,loc_salem,11.6643,78.146,ECMWF_ERA5_Reanalysis
2014-01-20,31.0,20.3,25.2,29.9,22.7,26.1,0.0,16.2,43.2,73,16.68,984.6,loc_salem,11.6643,78.146,ECMWF_ERA5_Reanalysis
2014-01-21,31.1,19.0,24.8,30.8,21.0,25.3,0.0,13.7,38.2,70,20.31,984.0,loc_salem,11.6643,78.146,ECMWF_ERA5_Reanalysis
2014-01-22,30.9,19.5,24.9,30.1,20.9,25.1,0.0,13.9,38.9,75,18.22,983.1,loc_salem,11.6643,78.146,ECMWF_ERA5_Reanalysis
2014-01-23,31.4,17.9,24.7,31.8,19.2,25.4,0.0,11.4,30.2,82,21.86,983.1,loc_salem,11.6643,78.146,ECMWF_ERA5_Reanalysis
2014-01-24,32.4,20.8,26.0,34.1,23.1,27.3,0.0,12.1,36.7,75,21.29,981.6,loc_salem,11.6643,78.146,ECMWF_ERA5_Reanalysis
2014-01-25,31.3,20.2,25.4,31.6,21.6,25.8,0.0,13.7,36.0,66,20.69,981.4,loc_salem,11.6643,78.146,ECMWF_ERA5_Reanalysis
2014-01-26,30.4,18.6,24.6,29.4,19.9,24.6,0.0,16.1,43.2,60,19.37,981.8,loc_salem,11.6643,78.146,ECMWF_ERA5_Reanalysis
2014-01-27,29.9,18.9,24.3,28.9,20.1,24.1,0.0,16.6,43.9,59,17.61,981.9,loc_salem,11.6643,78.146,ECMWF_ERA5_Reanalysis
2014-01-28,31.8,18.3,24.8,31.2,19.3,24.5,0.0,12.2,36.7,61,22.38,981.8,loc_salem,11.6643,78.146,ECMWF_ERA5_Reanalysis
2014-01-29,32.2,18.8,25.3,31.6,20.2,25.3,0.0,11.9,38.5,63,23.14,982.0,loc_salem,11.6643,78.146,ECMWF_ERA5_Reanalysis
2014-01-30,32.3,18.4,25.3,32.1,19.8,25.3,0.0,12.9,37.1,52,22.9,982.3,loc_salem,11.6643,78.146,ECMWF_ERA5_Reanalysis
2014-01-31,32.6,18.7,25.5,32.6,19.7,25.7,0.0,11.7,35.3,64,23.09,982.1,loc_salem,11.6643,78.146,ECMWF_ERA5_Reanalysis
2014-02-01,32.6,20.6,25.7,32.5,22.5,26.5,0.0,13.4,37.1,72,16.07,981.9,loc_salem,11.6643,78.146,ECMWF_ERA5_Reanalysis
2014-02-02,32.3,22.0,26.3,32.5,24.1,27.2,0.0,13.2,36.4,74,17.76,981.3,loc_salem,11.6643,78.146,ECMWF_ERA5_Reanalysis
2014-02-03,33.0,19.1,25.8,32.7,20.7,26.0,0.0,10.2,29.5,79,23.62,980.0,loc_salem,11.6643,78.146,ECMWF_ERA5_Reanalysis
2014-02-04,34.0,18.6,26.1,34.4,19.4,26.3,0.0,8.6,24.8,67,23.66,978.4,loc_salem,11.6643,78.146,ECMWF_ERA5_Reanalysis
2014-02-05,34.8,19.9,26.6,34.1,20.7,26.0,0.0,9.7,29.5,62,24.01,978.0,loc_salem,11.6643,78.146,ECMWF_ERA5_Reanalysis
2014-02-06,35.0,18.4,26.3,33.3,18.4,25.0,0.0,11.5,31.7,66,24.67,978.5,loc_salem,11.6643,78.146,ECMWF_ERA5_Reanalysis
2014-02-07,33.9,18.9,26.1,32.2,19.3,24.9,0.0,12.1,33.1,70,24.64,979.0,loc_salem,11.6643,78.146,ECMWF_ERA5_Reanalysis
2014-02-08,34.1,18.8,26.0,32.8,18.8,24.9,0.0,9.4,28.1,80,24.63,978.5,loc_salem,11.6643,78.146,ECMWF_ERA5_Reanalysis
2014-02-09,34.0,19.2,26.2,33.8,18.6,25.2,0.0,9.4,22.3,98,24.5,977.6,loc_salem,11.6643,78.146,ECMWF_ERA5_Reanalysis
2014-02-10,34.4,20.4,27.2,35.6,20.3,26.9,0.0,8.2,25.9,102,24.29,977.7,loc_salem,11.6643,78.146,ECMWF_ERA5_Reanalysis
2014-02-11,33.4,20.0,26.6,34.6,21.1,27.1,0.0,8.7,27.0,116,23.99,977.2,loc_salem,11.6643,78.146,ECMWF_ERA5_Reanalysis
2014-02-12,33.0,20.6,26.6,34.7,22.1,27.5,0.0,9.8,28.8,114,22.98,977.5,loc_salem,11.6643,78.146,ECMWF_ERA5_Reanalysis
2014-02-13,33.5,21.6,27.2,35.4,23.1,28.3,0.0,10.5,34.2,117,23.49,979.3,loc_salem,11.6643,78.146,ECMWF_ERA5_Reanalysis
2014-02-14,33.5,22.0,27.3,34.9,24.1,28.6,0.0,12.3,30.6,115,18.85,979.8,loc_salem,11.6643,78.146,ECMWF_ERA5_Reanalysis
2014-02-15,31.9,22.2,27.2,32.7,24.6,28.9,0.0,8.0,23.8,163,14.37,978.4,loc_salem,11.6643,78.146,ECMWF_ERA5_Reanalysis
2014-02-16,32.2,23.7,27.6,34.9,26.7,30.3,1.0,6.4,24.1,172,16.48,978.5,loc_salem,11.6643,78.146,ECMWF_ERA5_Reanalysis
2014-02-17,33.9,23.1,27.7,36.5,27.2,30.5,1.3,16.5,41.0,71,17.63,980.1,loc_salem,11.6643,78.146,ECMWF_ERA5_Reanalysis
2014-02-18,31.6,23.3,26.8,32.5,26.5,28.8,0.2,13.8,36.7,74,14.08,982.2,loc_salem,11.6643,78.146,ECMWF_ERA5_Reanalysis
2014-02-19,31.9,23.2,26.8,33.5,25.9,28.7,0.1,13.0,35.6,82,15.5,981.5,loc_salem,11.6643,78.146,ECMWF_ERA5_Reanalysis
2014-02-20,29.7,22.6,25.8,30.9,24.9,27.6,0.0,9.4,27.0,90,10.62,981.3,loc_salem,11.6643,78.146,ECMWF_ERA5_Reanalysis
2014-02-21,32.4,21.1,26.9,35.0,23.8,28.6,0.0,13.0,31.3,75,18.45,981.7,loc_salem,11.6643,78.146,ECMWF_ERA5_Reanalysis
2014-02-22,34.1,22.6,27.7,36.6,25.1,29.3,0.0,10.1,31.0,75,21.84,981.7,loc_salem,11.6643,78.146,ECMWF_ERA5_Reanalysis
2014-02-23,33.8,20.2,26.7,34.0,21.9,27.0,0.0,10.5,31.3,76,24.57,981.5,loc_salem,11.6643,78.146,ECMWF_ERA5_Reanalysis
2014-02-24,29.2,19.2,24.8,30.7,21.3,26.6,1.2,13.0,36.4,79,13.94,982.3,loc_salem,11.6643,78.146,ECMWF_ERA5_Reanalysis
2014-02-25,33.5,23.1,27.3,35.1,26.3,29.3,0.2,12.4,35.3,89,20.44,982.3,loc_salem,11.6643,78.146,ECMWF_ERA5_Reanalysis
2014-02-26,34.1,21.0,27.0,35.0,23.8,28.4,0.0,10.4,28.1,95,24.35,981.6,loc_salem,11.6643,78.146,ECMWF_ERA5_Reanalysis
2014-02-27,34.2,20.7,27.1,36.3,22.5,28.2,0.0,9.3,27.0,106,25.5,981.3,loc_salem,11.6643,78.146,ECMWF_ERA5_Reanalysis
2014-02-28,33.9,22.7,27.7,35.4,25.7,29.7,0.0,10.9,28.1,117,19.03,980.6,loc_salem,11.6643,78.146,ECMWF_ERA5_Reanalysis
2014-03-01,32.6,22.8,27.2,35.9,25.9,29.8,0.6,8.6,24.8,101,16.79,980.3,loc_salem,11.6643,78.146,ECMWF_ERA5_Reanalysis
2014-03-02,32.5,23.4,27.4,35.6,26.4,30.1,0.9,10.1,23.8,101,16.55,979.9,loc_salem,11.6643,78.146,ECMWF_ERA5_Reanalysis
2014-03-03,31.6,23.9,26.9,34.0,26.6,29.2,0.7,12.8,29.5,106,15.3,980.1,loc_salem,11.6643,78.146,ECMWF_ERA5_Reanalysis
2014-03-04,32.4,23.5,27.3,34.8,26.9,29.6,0.3,12.0,29.9,106,17.99,980.9,loc_salem,11.6643,78.146,ECMWF_ERA5_Reanalysis
2014-03-05,33.5,22.9,27.6,36.0,25.7,29.6,0.2,13.4,32.0,89,18.94,981.1,loc_salem,11.6643,78.146,ECMWF_ERA5_Reanalysis
2014-03-06,33.4,23.0,28.0,37.0,25.9,30.3,0.1,9.4,27.4,80,20.85,980.8,loc_salem,11.6643,78.146,ECMWF_ERA5_Reanalysis
2014-03-07,33.9,23.6,28.2,34.9,26.1,29.5,0.0,14.8,36.4,84,20.0,981.4,loc_salem,11.6643,78.146,ECMWF_ERA5_Reanalysis
2014-03-08,35.4,21.7,28.0,36.2,24.6,29.2,0.0,14.1,40.3,80,24.69,982.1,loc_salem,11.6643,78.146,ECMWF_ERA5_Reanalysis
2014-03-09,33.7,21.0,27.3,34.7,23.4,28.5,0.0,14.1,34.6,77,21.98,981.9,loc_salem,11.6643,78.146,ECMWF_ERA5_Reanalysis
2014-03-10,33.8,22.6,27.9,34.3,25.4,29.1,0.2,13.4,35.6,92,20.88,981.6,loc_salem,11.6643,78.146,ECMWF_ERA5_Reanalysis
2014-03-11,34.5,22.7,27.9,35.0,25.3,28.9,0.0,13.0,37.1,87,24.29,981.6,loc_salem,11.6643,78.146,ECMWF_ERA5_Reanalysis
2014-03-12,35.0,20.6,27.3,34.7,22.7,27.7,0.0,14.2,39.6,91,25.54,982.2,loc_salem,11.6643,78.146,ECMWF_ERA5_Reanalysis
2014-03-13,34.8,19.3,27.2,34.4,19.6,26.9,0.0,12.4,35.6,76,26.47,981.3,loc_salem,11.6643,78.146,ECMWF_ERA5_Reanalysis
2014-03-14,36.3,21.2,28.5,35.3,22.1,28.0,0.0,14.1,39.6,79,26.82,981.4,loc_salem,11.6643,78.146,ECMWF_ERA5_Reanalysis
2014-03-15,36.7,20.9,28.4,34.8,21.2,27.6,0.0,15.5,42.1,72,26.74,982.3,loc_salem,11.6643,78.146,ECMWF_ERA5_Reanalysis
2014-03-16,37.3,20.4,28.6,35.3,21.7,28.0,0.0,17.2,47.2,69,27.1,983.0,loc_salem,11.6643,78.146,ECMWF_ERA5_Reanalysis
2014-03-17,37.7,21.0,29.4,36.6,22.0,28.9,0.0,15.1,38.5,78,27.01,982.2,loc_salem,11.6643,78.146,ECMWF_ERA5_Reanalysis
2014-03-18,38.5,21.8,29.9,37.7,22.4,29.5,0.0,13.7,36.7,79,26.84,981.6,loc_salem,11.6643,78.146,ECMWF_ERA5_Reanalysis
2014-03-19,37.3,23.0,30.1,38.4,24.1,30.9,0.0,12.7,34.6,101,25.71,981.0,loc_salem,11.6643,78.146,ECMWF_ERA5_Reanalysis
2014-03-20,38.3,25.1,31.3,39.9,28.7,33.5,0.0,13.7,37.4,110,24.52,979.7,loc_salem,11.6643,78.146,ECMWF_ERA5_Reanalysis
2014-03-21,39.1,25.9,32.2,40.6,30.1,34.2,0.0,8.7,25.6,129,25.26,978.3,loc_salem,11.6643,78.146,ECMWF_ERA5_Reanalysis
2014-03-22,38.9,25.7,32.1,41.1,28.3,33.5,0.0,10.7,31.0,142,25.69,977.0,loc_salem,11.6643,78.146,ECMWF_ERA5_Reanalysis
2014-03-23,38.6,24.6,31.5,39.6,27.3,32.3,0.0,13.3,37.1,120,25.66,978.1,loc_salem,11.6643,78.146,ECMWF_ERA5_Reanalysis
2014-03-24,38.2,23.5,30.8,38.0,24.6,30.7,0.0,11.2,33.5,113,27.37,979.5,loc_salem,11.6643,78.146,ECMWF_ERA5_Reanalysis
2014-03-25,38.5,23.8,30.6,38.0,26.4,31.1,0.0,13.0,37.8,104,27.34,979.1,loc_salem,11.6643,78.146,ECMWF_ERA5_Reanalysis
2014-03-26,38.0,22.6,29.9,36.5,23.8,29.6,0.0,16.2,43.9,85,26.86,978.9,loc_salem,11.6643,78.146,ECMWF_ERA5_Reanalysis
2014-03-27,37.6,22.3,29.8,37.4,23.1,29.5,0.0,11.9,33.1,85,27.44,979.8,loc_salem,11.6643,78.146,ECMWF_ERA5_Reanalysis
2014-03-28,38.5,22.8,30.6,37.7,23.6,29.7,0.0,11.2,33.8,81,26.19,979.6,loc_salem,11.6643,78.146,ECMWF_ERA5_Reanalysis
2014-03-29,39.4,24.2,31.7,38.4,24.1,30.7,0.0,14.9,42.5,83,27.5,978.8,loc_salem,11.6643,78.146,ECMWF_ERA5_Reanalysis
2014-03-30,39.9,25.2,32.4,39.4,25.1,31.4,0.0,14.1,35.6,107,27.58,978.1,loc_salem,11.6643,78.146,ECMWF_ERA5_Reanalysis
2014-03-31,39.9,25.8,32.6,40.1,25.7,31.9,0.0,10.1,31.3,126,27.44,977.9,loc_salem,11.6643,78.146,ECMWF_ERA5_Reanalysis
2014-04-01,40.3,25.5,32.6,41.0,25.5,32.2,0.0,11.6,31.0,130,27.39,976.7,loc_salem,11.6643,78.146,ECMWF_ERA5_Reanalysis
2014-04-02,40.2,26.7,32.9,40.7,28.0,33.3,0.0,15.3,37.4,112,26.41,976.2,loc_salem,11.6643,78.146,ECMWF_ERA5_Reanalysis
2014-04-03,39.5,25.6,32.1,39.3,28.0,32.8,0.0,13.7,38.2,103,26.34,977.3,loc_salem,11.6643,78.146,ECMWF_ERA5_Reanalysis
2014-04-04,38.6,24.7,31.2,39.5,29.2,33.2,0.0,10.5,36.0,128,26.63,978.7,loc_salem,11.6643,78.146,ECMWF_ERA5_Reanalysis
2014-04-05,39.2,25.5,31.8,40.1,28.2,33.2,0.0,12.6,37.4,113,26.09,979.2,loc_salem,11.6643,78.146,ECMWF_ERA5_Reanalysis
2014-04-06,37.9,25.4,31.5,38.4,29.5,33.5,0.0,12.9,34.9,119,22.71,980.0,loc_salem,11.6643,78.146,ECMWF_ERA5_Reanalysis
2014-04-07,38.5,25.6,31.9,39.6,29.5,34.0,0.0,12.2,33.5,140,24.31,980.4,loc_salem,11.6643,78.146,ECMWF_ERA5_Reanalysis
2014-04-08,39.8,26.8,32.9,40.6,30.5,34.6,0.0,9.9,29.9,170,25.82,979.4,loc_salem,11.6643,78.146,ECMWF_ERA5_Reanalysis
2014-04-09,38.9,26.2,32.8,40.3,30.4,34.8,0.0,8.4,27.0,187,21.91,979.1,loc_salem,11.6643,78.146,ECMWF_ERA5_Reanalysis
2014-04-10,38.9,27.0,32.7,40.7,28.6,33.8,0.2,11.4,31.3,61,21.82,979.6,loc_salem,11.6643,78.146,ECMWF_ERA5_Reanalysis
2014-04-11,39.3,27.6,33.3,42.3,29.2,34.4,0.0,8.1,24.1,152,24.79,978.7,loc_salem,11.6643,78.146,ECMWF_ERA5_Reanalysis
2014-04-12,37.3,27.1,32.6,40.0,30.8,34.7,0.0,6.5,22.7,194,20.24,977.9,loc_salem,11.6643,78.146,ECMWF_ERA5_Reanalysis
2014-04-13,38.3,27.5,32.6,41.1,30.7,34.6,0.6,11.0,30.2,139,23.37,978.3,loc_salem,11.6643,78.146,ECMWF_ERA5_Reanalysis
2014-04-14,37.4,26.5,31.9,39.6,30.7,34.4,0.0,11.2,32.0,121,23.84,979.3,loc_salem,11.6643,78.146,ECMWF_ERA5_Reanalysis
2014-04-15,37.9,26.7,32.2,40.5,31.0,34.5,0.0,11.3,29.2,130,23.45,979.5,loc_salem,11.6643,78.146,ECMWF_ERA5_Reanalysis
2014-04-16,38.9,26.2,32.6,41.4,29.7,34.6,0.0,9.2,31.7,146,25.75,978.4,loc_salem,11.6643,78.146,ECMWF_ERA5_Reanalysis
2014-04-17,37.8,26.2,32.3,39.8,29.6,34.2,0.0,8.4,24.5,187,22.98,977.1,loc_salem,11.6643,78.146,ECMWF_ERA5_Reanalysis
2014-04-18,38.6,26.4,32.8,40.8,30.6,35.1,0.0,9.0,27.7,151,22.43,978.5,loc_salem,11.6643,78.146,ECMWF_ERA5_Reanalysis
2014-04-19,39.3,27.9,33.5,41.8,31.0,35.3,0.0,12.6,34.9,114,25.39,978.2,loc_salem,11.6643,78.146,ECMWF_ERA5_Reanalysis
2014-04-20,40.0,26.7,32.9,40.1,30.3,33.9,0.0,14.8,36.4,104,27.32,977.5,loc_salem,11.6643,78.146,ECMWF_ERA5_Reanalysis
2014-04-21,39.3,25.9,32.4,39.9,28.0,33.1,0.0,13.1,36.0,106,27.56,977.7,loc_salem,11.6643,78.146,ECMWF_ERA5_Reanalysis
2014-04-22,39.1,25.3,32.1,39.4,27.8,32.9,0.0,13.0,35.6,94,27.14,979.3,loc_salem,11.6643,78.146,ECMWF_ERA5_Reanalysis
2014-04-23,39.5,25.7,32.4,40.6,28.3,33.8,0.0,10.8,30.6,103,25.24,978.8,loc_salem,11.6643,78.146,ECMWF_ERA5_Reanalysis
2014-04-24,39.1,27.0,32.5,42.6,31.9,35.6,0.0,12.8,35.3,149,23.9,977.3,loc_salem,11.6643,78.146,ECMWF_ERA5_Reanalysis
2014-04-25,40.8,27.1,33.7,43.5,31.2,36.2,0.0,13.2,38.2,142,25.58,977.1,loc_salem,11.6643,78.146,ECMWF_ERA5_Reanalysis
2014-04-26,39.5,27.5,33.8,42.2,31.0,36.0,0.0,11.6,28.8,143,23.35,977.0,loc_salem,11.6643,78.146,ECMWF_ERA5_Reanalysis
2014-04-27,40.0,27.8,33.9,41.7,32.0,36.3,0.0,12.7,35.3,130,25.12,977.6,loc_salem,11.6643,78.146,ECMWF_ERA5_Reanalysis
2014-04-28,39.9,27.4,33.2,42.1,32.0,36.0,0.0,11.8,36.7,130,24.24,977.7,loc_salem,11.6643,78.146,ECMWF_ERA5_Reanalysis
2014-04-29,39.7,27.1,32.6,41.1,31.7,35.3,0.0,16.1,41.4,137,25.2,977.2,loc_salem,11.6643,78.146,ECMWF_ERA5_Reanalysis
2014-04-30,39.5,27.2,32.8,41.2,31.9,35.2,0.0,15.0,34.6,134,23.18,977.3,loc_salem,11.6643,78.146,ECMWF_ERA5_Reanalysis
2014-05-01,37.7,27.7,32.4,40.4,32.3,35.4,0.0,10.7,25.9,171,21.57,977.0,loc_salem,11.6643,78.146,ECMWF_ERA5_Reanalysis
2014-05-02,38.9,27.7,32.8,41.6,31.6,35.5,0.0,13.2,34.2,149,22.3,976.4,loc_salem,11.6643,78.146,ECMWF_ERA5_Reanalysis
2014-05-03,38.5,27.2,32.0,41.7,31.8,35.3,0.0,16.4,39.6,129,22.86,976.5,loc_salem,11.6643,78.146,ECMWF_ERA5_Reanalysis
2014-05-04,37.2,27.0,30.8,39.3,31.0,34.1,1.8,14.6,36.0,101,22.69,975.8,loc_salem,11.6643,78.146,ECMWF_ERA5_Reanalysis
2014-05-05,33.9,26.5,29.2,37.9,30.7,32.7,3.4,13.7,41.8,100,19.19,976.8,loc_salem,11.6643,78.146,ECMWF_ERA5_Reanalysis
2014-05-06,33.3,24.5,27.6,35.7,28.7,31.4,5.4,13.4,39.6,96,12.74,977.6,loc_salem,11.6643,78.146,ECMWF_ERA5_Reanalysis
2014-05-07,29.7,23.9,25.6,33.1,28.3,29.9,8.8,11.9,45.4,94,11.29,976.8,loc_salem,11.6643,78.146,ECMWF_ERA5_Reanalysis
2014-05-08,28.4,23.6,24.9,31.1,27.7,29.4,9.6,16.8,57.2,142,7.83,976.1,loc_salem,11.6643,78.146,ECMWF_ERA5_Reanalysis
2014-05-09,31.7,23.4,27.2,35.0,28.1,31.1,0.1,17.3,51.1,223,18.64,975.9,loc_salem,11.6643,78.146,ECMWF_ERA5_Reanalysis
2014-05-10,34.3,24.1,28.7,39.3,28.9,33.2,0.1,10.1,40.7,249,23.34,975.9,loc_salem,11.6643,78.146,ECMWF_ERA5_Reanalysis
2014-05-11,35.3,25.5,29.9,39.8,30.7,34.5,0.2,9.0,27.7,248,22.82,977.6,loc_salem,11.6643,78.146,ECMWF_ERA5_Reanalysis
2014-05-12,36.6,26.1,31.1,40.3,31.6,34.9,0.0,12.2,33.5,228,23.85,977.6,loc_salem,11.6643,78.146,ECMWF_ERA5_Reanalysis
2014-05-13,37.0,26.2,30.3,40.9,31.3,34.5,2.7,12.4,33.5,219,22.78,977.7,loc_salem,11.6643,78.146,ECMWF_ERA5_Reanalysis
2014-05-14,36.8,26.4,31.0,39.8,31.3,34.2,1.0,10.9,34.2,250,21.01,976.8,loc_salem,11.6643,78.146,ECMWF_ERA5_Reanalysis
2014-05-15,37.2,26.2,31.4,39.5,30.9,34.3,0.0,13.8,37.1,252,21.91,975.7,loc_salem,11.6643,78.146,ECMWF_ERA5_Reanalysis
2014-05-16,37.5,25.2,31.1,38.8,29.3,32.9,0.0,13.6,36.7,240,22.27,975.5,loc_salem,11.6643,78.146,ECMWF_ERA5_Reanalysis
2014-05-17,37.9,25.6,31.7,40.3,28.2,33.5,0.0,9.1,31.7,247,22.45,976.5,loc_salem,11.6643,78.146,ECMWF_ERA5_Reanalysis
2014-05-18,39.4,28.2,33.2,43.4,31.2,36.0,1.0,9.6,25.2,204,24.83,976.2,loc_salem,11.6643,78.146,ECMWF_ERA5_Reanalysis
2014-05-19,38.6,27.2,32.3,42.6,31.1,35.6,1.4,10.3,33.8,212,24.83,976.5,loc_salem,11.6643,78.146,ECMWF_ERA5_Reanalysis
2014-05-20,37.9,27.1,31.4,41.2,31.8,35.0,4.4,10.6,32.4,242,22.28,976.7,loc_salem,11.6643,78.146,ECMWF_ERA5_Reanalysis
2014-05-21,36.0,25.3,30.0,37.0,29.9,33.0,1.2,15.1,39.2,248,18.01,976.3,loc_salem,11.6643,78.146,ECMWF_ERA5_Reanalysis
2014-05-22,38.9,25.6,31.7,41.2,30.2,35.0,1.4,11.6,40.7,254,23.82,974.9,loc_salem,11.6643,78.146,ECMWF_ERA5_Reanalysis
2014-05-23,39.6,27.0,32.0,44.3,31.2,35.6,1.8,12.7,34.6,240,22.59,974.2,loc_salem,11.6643,78.146,ECMWF_ERA5_Reanalysis
2014-05-24,38.7,26.0,30.3,42.8,31.2,34.9,19.5,10.0,34.2,248,22.32,974.5,loc_salem,11.6643,78.146,ECMWF_ERA5_Reanalysis
2014-05-25,35.6,25.5,30.3,40.0,30.5,34.0,0.1,13.3,37.1,242,21.54,975.2,loc_salem,11.6643,78.146,ECMWF_ERA5_Reanalysis
2014-05-26,37.1,26.5,31.5,41.3,30.7,34.9,0.0,9.5,32.8,231,23.03,975.2,loc_salem,11.6643,78.146,ECMWF_ERA5_Reanalysis
2014-05-27,36.9,26.5,31.2,41.8,31.1,35.4,2.0,11.0,34.9,228,24.01,975.7,loc_salem,11.6643,78.146,ECMWF_ERA5_Reanalysis
2014-05-28,36.4,25.0,29.6,42.0,30.7,34.7,16.9,7.8,25.2,223,24.48,976.5,loc_salem,11.6643,78.146,ECMWF_ERA5_Reanalysis
2014-05-29,34.9,24.5,29.5,39.5,30.1,34.2,2.3,7.9,32.4,237,22.96,977.1,loc_salem,11.6643,78.146,ECMWF_ERA5_Reanalysis
2014-05-30,36.9,25.7,30.9,41.4,31.1,35.2,0.1,8.9,31.0,255,24.66,975.7,loc_salem,11.6643,78.146,ECMWF_ERA5_Reanalysis
2014-05-31,37.9,26.4,31.6,42.8,31.2,35.6,0.9,7.6,31.0,273,24.2,974.1,loc_salem,11.6643,78.146,ECMWF_ERA5_Reanalysis
2014-06-01,37.1,26.9,30.6,43.6,31.5,35.5,14.8,9.9,33.8,284,23.72,973.8,loc_salem,11.6643,78.146,ECMWF_ERA5_Reanalysis
2014-06-02,37.5,26.0,29.6,43.1,31.8,35.1,24.0,7.8,31.3,269,23.32,974.4,loc_salem,11.6643,78.146,ECMWF_ERA5_Reanalysis
2014-06-03,33.4,25.3,28.2,37.9,31.2,33.4,11.1,11.8,34.9,265,21.34,974.1,loc_salem,11.6643,78.146,ECMWF_ERA5_Reanalysis
2014-06-04,34.3,25.4,29.3,39.0,30.5,33.7,0.0,11.5,32.4,245,24.15,973.5,loc_salem,11.6643,78.146,ECMWF_ERA5_Reanalysis
2014-06-05,35.2,25.0,29.7,40.5,29.6,34.2,0.8,8.3,31.7,266,24.63,973.0,loc_salem,11.6643,78.146,ECMWF_ERA5_Reanalysis
2014-06-06,35.8,25.4,29.2,40.5,30.7,34.1,2.4,14.6,40.0,252,23.28,972.7,loc_salem,11.6643,78.146,ECMWF_ERA5_Reanalysis
2014-06-07,36.3,25.5,29.8,40.6,30.8,34.3,1.2,14.0,43.6,257,23.63,971.8,loc_salem,11.6643,78.146,ECMWF_ERA5_Reanalysis
2014-06-08,36.0,25.3,30.1,39.6,30.0,33.9,0.0,14.6,45.4,250,24.22,971.5,loc_salem,11.6643,78.146,ECMWF_ERA5_Reanalysis
2014-06-09,34.5,25.0,28.1,38.9,28.9,32.7,9.0,15.0,43.6,251,19.43,972.9,loc_salem,11.6643,78.146,ECMWF_ERA5_Reanalysis
2014-06-10,34.2,24.8,28.4,37.1,29.7,32.2,0.7,17.1,43.6,241,15.9,973.6,loc_salem,11.6643,78.146,ECMWF_ERA5_Reanalysis
2014-06-11,36.0,25.2,29.3,39.9,29.7,33.0,1.2,17.0,48.2,264,22.58,973.9,loc_salem,11.6643,78.146,ECMWF_ERA5_Reanalysis
2014-06-12,35.5,25.2,28.9,39.4,29.1,32.5,1.8,17.6,49.3,268,20.92,974.0,loc_salem,11.6643,78.146,ECMWF_ERA5_Reanalysis
2014-06-13,34.8,24.7,29.3,37.6,28.5,32.0,0.8,21.1,52.9,278,20.58,974.6,loc_salem,11.6643,78.146,ECMWF_ERA5_Reanalysis
2014-06-14,36.0,24.9,30.1,38.0,28.2,32.4,0.0,16.7,48.6,280,21.99,975.3,loc_salem,11.6643,78.146,ECMWF_ERA5_Reanalysis
2014-06-15,34.8,25.2,29.8,36.7,28.2,31.8,0.2,22.4,60.1,283,23.17,975.8,loc_salem,11.6643,78.146,ECMWF_ERA5_Reanalysis
2014-06-16,36.7,24.5,30.5,38.0,27.9,32.4,0.0,18.0,50.8,270,23.37,975.2,loc_salem,11.6643,78.146,ECMWF_ERA5_Reanalysis
2014-06-17,36.0,24.8,29.6,37.2,27.8,31.4,1.0,21.4,57.2,272,19.0,974.7,loc_salem,11.6643,78.146,ECMWF_ERA5_Reanalysis
2014-06-18,34.7,25.0,29.2,35.9,28.4,31.2,0.8,18.4,50.4,262,15.44,974.5,loc_salem,11.6643,78.146,ECMWF_ERA5_Reanalysis
2014-06-19,34.5,24.4,29.4,35.5,27.7,31.1,0.0,18.1,54.4,261,16.42,974.3,loc_salem,11.6643,78.146,ECMWF_ERA5_Reanalysis
2014-06-20,35.8,24.1,29.6,37.9,27.3,31.4,0.1,20.2,56.2,266,19.74,974.8,loc_salem,11.6643,78.146,ECMWF_ERA5_Reanalysis
2014-06-21,35.5,24.8,29.6,36.4,27.6,31.1,0.0,19.8,56.5,268,17.56,976.8,loc_salem,11.6643,78.146,ECMWF_ERA5_Reanalysis
2014-06-22,34.4,25.9,29.9,34.1,28.8,31.2,0.0,20.7,56.2,273,15.2,977.9,loc_salem,11.6643,78.146,ECMWF_ERA5_Reanalysis
2014-06-23,37.2,24.6,30.6,38.2,27.3,32.0,0.1,20.1,56.2,281,22.35,977.0,loc_salem,11.6643,78.146,ECMWF_ERA5_Reanalysis
2014-06-24,38.2,24.8,31.2,39.1,27.6,32.6,0.0,17.4,53.3,283,24.39,974.6,loc_salem,11.6643,78.146,ECMWF_ERA5_Reanalysis
2014-06-25,36.9,25.5,31.3,37.6,28.3,32.5,0.0,16.2,47.5,280,20.84,974.6,loc_salem,11.6643,78.146,ECMWF_ERA5_Reanalysis
2014-06-26,38.1,25.0,31.6,39.4,28.0,33.3,0.0,13.7,43.9,272,23.4,975.8,loc_salem,11.6643,78.146,ECMWF_ERA5_Reanalysis
2014-06-27,37.8,26.2,32.0,40.3,30.4,34.9,0.0,9.1,31.0,252,21.65,976.5,loc_salem,11.6643,78.146,ECMWF_ERA5_Reanalysis
2014-06-28,38.0,26.4,31.8,40.2,30.8,35.0,1.1,10.8,30.2,235,21.33,976.6,loc_salem,11.6643,78.146,ECMWF_ERA5_Reanalysis
2014-06-29,37.8,27.0,30.5,40.6,30.8,34.3,5.0,15.2,43.6,256,22.43,975.8,loc_salem,11.6643,78.146,ECMWF_ERA5_Reanalysis
2014-06-30,35.0,25.3,28.8,37.6,30.6,33.1,3.5,12.8,39.2,253,17.7,976.0,loc_salem,11.6643,78.146,ECMWF_ERA5_Reanalysis
2014-07-01,35.8,25.3,28.6,38.3,30.4,33.1,6.9,13.9,41.8,276,20.24,976.6,loc_salem,11.6643,78.146,ECMWF_ERA5_Reanalysis
2014-07-02,35.2,25.1,29.3,38.7,29.8,32.8,1.1,13.7,46.8,279,20.61,976.6,loc_salem,11.6643,78.146,ECMWF_ERA5_Reanalysis
2014-07-03,35.8,24.7,30.4,37.5,28.4,32.5,0.0,15.6,54.0,279,23.08,975.0,loc_salem,11.6643,78.146,ECMWF_ERA5_Reanalysis
2014-07-04,35.2,24.9,29.5,37.2,28.1,31.9,1.9,18.5,50.4,281,20.98,974.0,loc_salem,11.6643,78.146,ECMWF_ERA5_Reanalysis
2014-07-05,35.6,25.1,28.7,38.8,28.9,32.1,4.3,14.2,51.1,275,19.29,974.3,loc_salem,11.6643,78.146,ECMWF_ERA5_Reanalysis
2014-07-06,33.4,24.6,27.7,36.9,29.3,31.8,6.6,14.2,54.7,286,16.69,976.0,loc_salem,11.6643,78.146,ECMWF_ERA5_Reanalysis
2014-07-07,32.6,23.9,27.5,35.1,28.5,31.2,3.7,15.6,46.8,276,18.14,975.9,loc_salem,11.6643,78.146,ECMWF_ERA5_Reanalysis
2014-07-08,32.3,24.8,27.6,34.9,28.0,30.4,4.8,18.2,54.4,276,17.77,975.2,loc_salem,11.6643,78.146,ECMWF_ERA5_Reanalysis
2014-07-09,30.8,23.8,27.2,32.3,27.2,29.5,0.8,16.7,54.7,263,10.52,975.2,loc_salem,11.6643,78.146,ECMWF_ERA5_Reanalysis
2014-07-10,29.4,23.5,25.6,31.1,27.3,28.9,5.5,17.4,55.4,255,7.6,976.6,loc_salem,11.6643,78.146,ECMWF_ERA5_Reanalysis
2014-07-11,31.3,22.8,26.2,32.3,26.8,28.6,3.6,18.4,68.4,260,10.98,976.9,loc_salem,11.6643,78.146,ECMWF_ERA5_Reanalysis
2014-07-12,32.2,22.8,27.3,32.3,25.9,28.7,0.1,23.0,70.6,273,17.37,975.5,loc_salem,11.6643,78.146,ECMWF_ERA5_Reanalysis
2014-07-13,29.1,23.8,25.7,30.7,27.1,28.7,0.7,17.5,61.6,253,7.44,975.1,loc_salem,11.6643,78.146,ECMWF_ERA5_Reanalysis
2014-07-14,26.9,23.3,24.4,30.9,27.5,28.7,11.7,15.5,58.3,244,6.38,974.5,loc_salem,11.6643,78.146,ECMWF_ERA5_Reanalysis
2014-07-15,29.1,23.0,25.0,31.0,27.0,28.7,8.6,16.6,53.3,248,8.87,974.5,loc_salem,11.6643,78.146,ECMWF_ERA5_Reanalysis
2014-07-16,31.6,23.0,26.6,32.6,27.2,29.5,0.0,17.6,50.8,254,14.41,975.4,loc_salem,11.6643,78.146,ECMWF_ERA5_Reanalysis
2014-07-17,33.3,22.5,27.6,34.4,26.3,30.1,0.0,18.0,50.4,261,19.63,975.6,loc_salem,11.6643,78.146,ECMWF_ERA5_Reanalysis
2014-07-18,33.1,22.8,27.3,35.4,26.2,30.3,2.1,17.7,50.8,255,20.47,975.6,loc_salem,11.6643,78.146,ECMWF_ERA5_Reanalysis
2014-07-19,32.4,23.2,27.6,33.9,26.7,30.0,0.0,20.6,57.6,258,18.23,976.2,loc_salem,11.6643,78.146,ECMWF_ERA5_Reanalysis
2014-07-20,32.6,23.8,27.9,32.7,27.4,29.7,0.0,20.2,54.4,264,14.89,976.5,loc_salem,11.6643,78.146,ECMWF_ERA5_Reanalysis
2014-07-21,32.1,23.4,27.5,32.4,26.6,29.1,0.1,20.9,54.0,264,14.13,975.8,loc_salem,11.6643,78.146,ECMWF_ERA5_Reanalysis
2014-07-22,32.8,22.6,27.6,32.8,25.5,28.9,0.1,21.3,66.2,266,15.99,975.9,loc_salem,11.6643,78.146,ECMWF_ERA5_Reanalysis
2014-07-23,32.9,23.2,27.1,33.9,26.2,29.4,3.0,21.6,68.0,259,19.03,976.3,loc_salem,11.6643,78.146,ECMWF_ERA5_Reanalysis
2014-07-24,33.5,22.9,27.9,34.3,26.8,30.0,0.0,20.2,58.0,270,16.47,976.9,loc_salem,11.6643,78.146,ECMWF_ERA5_Reanalysis
2014-07-25,33.4,23.3,28.4,33.8,26.4,30.0,0.0,20.3,52.9,270,17.51,977.7,loc_salem,11.6643,78.146,ECMWF_ERA5_Reanalysis
2014-07-26,33.2,23.4,28.0,34.0,26.2,29.9,0.3,20.3,55.8,275,15.5,977.7,loc_salem,11.6643,78.146,ECMWF_ERA5_Reanalysis
2014-07-27,33.6,23.3,28.1,35.0,26.3,29.7,1.1,21.3,56.9,277,17.69,978.0,loc_salem,11.6643,78.146,ECMWF_ERA5_Reanalysis
2014-07-28,33.4,24.4,28.5,33.3,27.2,29.8,0.0,22.1,59.8,270,14.58,976.4,loc_salem,11.6643,78.146,ECMWF_ERA5_Reanalysis
2014-07-29,35.0,23.9,29.0,35.2,26.8,30.3,0.0,22.0,60.1,268,19.14,976.0,loc_salem,11.6643,78.146,ECMWF_ERA5_Reanalysis
2014-07-30,35.3,23.1,29.0,35.7,26.0,30.4,0.0,20.9,55.4,265,19.96,976.1,loc_salem,11.6643,78.146,ECMWF_ERA5_Reanalysis
2014-07-31,33.3,24.6,27.3,35.0,27.3,30.1,5.9,16.2,47.2,252,12.47,975.7,loc_salem,11.6643,78.146,ECMWF_ERA5_Reanalysis
2014-08-01,30.7,24.0,25.9,33.5,27.9,29.6,7.7,16.6,60.5,247,12.77,976.0,loc_salem,11.6643,78.146,ECMWF_ERA5_Reanalysis
2014-08-02,30.1,23.7,26.5,31.8,27.9,29.6,0.3,17.0,48.6,254,10.99,976.5,loc_salem,11.6643,78.146,ECMWF_ERA5_Reanalysis
2014-08-03,33.2,22.8,27.1,35.2,26.5,30.1,2.6,18.7,52.2,260,17.2,975.7,loc_salem,11.6643,78.146,ECMWF_ERA5_Reanalysis
2014-08-04,33.7,22.8,27.8,34.9,26.5,30.1,0.5,20.2,51.8,262,17.52,974.9,loc_salem,11.6643,78.146,ECMWF_ERA5_Reanalysis
2014-08-05,31.8,23.3,27.7,32.4,26.4,29.5,0.2,22.1,65.5,264,16.38,975.7,loc_salem,11.6643,78.146,ECMWF_ERA5_Reanalysis
2014-08-06,32.8,22.6,26.8,33.9,26.2,29.7,4.7,18.8,54.4,260,17.42,976.6,loc_salem,11.6643,78.146,ECMWF_ERA5_Reanalysis
2014-08-07,31.7,23.3,26.3,33.6,27.2,29.6,3.6,17.0,46.4,259,14.54,976.2,loc_salem,11.6643,78.146,ECMWF_ERA5_Reanalysis
2014-08-08,31.1,23.6,25.8,34.1,28.5,29.9,4.5,15.2,47.9,260,14.83,976.4,loc_salem,11.6643,78.146,ECMWF_ERA5_Reanalysis
2014-08-09,31.0,23.2,26.3,33.2,27.9,29.9,1.9,14.8,42.8,257,14.84,977.2,loc_salem,11.6643,78.146,ECMWF_ERA5_Reanalysis
2014-08-10,30.3,23.0,25.2,33.1,27.5,29.3,11.8,13.0,43.9,252,10.09,977.8,loc_salem,11.6643,78.146,ECMWF_ERA5_Reanalysis
2014-08-11,30.9,23.5,26.0,33.5,28.1,29.9,4.4,14.0,41.4,255,12.92,976.9,loc_salem,11.6643,78.146,ECMWF_ERA5_Reanalysis
2014-08-12,31.8,23.5,26.5,34.7,27.5,29.7,2.1,16.9,52.6,264,14.68,976.8,loc_salem,11.6643,78.146,ECMWF_ERA5_Reanalysis
2014-08-13,32.1,23.0,26.6,35.0,26.2,29.8,5.3,15.3,46.4,265,18.22,977.7,loc_salem,11.6643,78.146,ECMWF_ERA5_Reanalysis
2014-08-14,32.8,22.9,27.3,36.1,26.8,30.6,2.7,14.5,43.9,273,19.63,977.8,loc_salem,11.6643,78.146,ECMWF_ERA5_Reanalysis
2014-08-15,33.5,23.1,27.6,36.5,27.7,31.1,1.3,14.6,42.8,268,20.51,978.0,loc_salem,11.6643,78.146,ECMWF_ERA5_Reanalysis
2014-08-16,33.9,24.2,28.5,36.2,28.3,31.6,0.0,13.0,40.7,276,19.65,978.1,loc_salem,11.6643,78.146,ECMWF_ERA5_Reanalysis
2014-08-17,33.9,24.1,28.0,36.6,28.2,31.7,5.9,10.6,36.4,271,19.58,977.6,loc_salem,11.6643,78.146,ECMWF_ERA5_Reanalysis
2014-08-18,33.5,23.4,27.0,38.1,28.3,31.8,26.2,6.7,28.1,250,20.25,977.9,loc_salem,11.6643,78.146,ECMWF_ERA5_Reanalysis
2014-08-19,31.4,23.4,26.6,36.2,28.4,31.3,6.1,8.8,24.1,218,19.84,977.9,loc_salem,11.6643,78.146,ECMWF_ERA5_Reanalysis
2014-08-20,31.5,24.0,27.3,36.7,28.6,32.0,1.4,6.3,21.2,215,20.02,976.4,loc_salem,11.6643,78.146,ECMWF_ERA5_Reanalysis
2014-08-21,32.1,24.0,27.1,37.5,28.8,32.0,13.4,8.9,21.2,198,21.22,974.4,loc_salem,11.6643,78.146,ECMWF_ERA5_Reanalysis
2014-08-22,31.6,23.6,27.0,37.0,28.7,31.8,3.5,10.5,28.1,109,21.17,973.9,loc_salem,11.6643,78.146,ECMWF_ERA5_Reanalysis
2014-08-23,30.1,23.4,26.1,33.6,27.8,30.1,0.8,12.3,43.9,216,15.21,975.4,loc_salem,11.6643,78.146,ECMWF_ERA5_Reanalysis
2014-08-24,31.1,22.2,26.4,34.4,26.2,29.8,2.1,13.1,36.0,230,18.37,976.7,loc_salem,11.6643,78.146,ECMWF_ERA5_Reanalysis
2014-08-25,31.3,22.9,26.6,35.2,27.3,30.6,0.4,12.0,37.1,240,18.45,977.7,loc_salem,11.6643,78.146,ECMWF_ERA5_Reanalysis
2014-08-26,31.3,23.5,26.5,35.4,27.8,30.5,3.6,12.4,40.3,252,16.81,977.6,loc_salem,11.6643,78.146,ECMWF_ERA5_Reanalysis
2014-08-27,30.3,23.2,26.3,31.7,27.5,29.5,0.0,14.4,39.2,257,13.27,976.4,loc_salem,11.6643,78.146,ECMWF_ERA5_Reanalysis
2014-08-28,31.2,23.1,26.1,36.2,27.1,30.1,8.3,12.9,50.8,250,19.76,975.3,loc_salem,11.6643,78.146,ECMWF_ERA5_Reanalysis
2014-08-29,30.4,23.0,25.7,34.1,27.0,29.2,2.7,16.7,51.1,244,14.98,974.3,loc_salem,11.6643,78.146,ECMWF_ERA5_Reanalysis
2014-08-30,30.3,23.0,25.7,34.2,26.9,29.3,4.2,17.9,55.4,233,16.23,974.5,loc_salem,11.6643,78.146,ECMWF_ERA5_Reanalysis
2014-08-31,30.9,23.1,26.4,33.0,27.0,29.4,0.2,19.5,56.2,243,17.35,973.7,loc_salem,11.6643,78.146,ECMWF_ERA5_Reanalysis
2014-09-01,30.0,22.9,25.6,32.8,26.4,28.9,5.3,16.6,47.2,231,15.81,974.0,loc_salem,11.6643,78.146,ECMWF_ERA5_Reanalysis
2014-09-02,30.0,22.9,25.8,33.5,26.9,29.5,5.9,12.8,37.8,229,16.4,975.5,loc_salem,11.6643,78.146,ECMWF_ERA5_Reanalysis
2014-09-03,28.9,22.7,25.2,32.2,26.8,29.1,2.1,14.9,39.6,228,15.0,977.4,loc_salem,11.6643,78.146,ECMWF_ERA5_Reanalysis
2014-09-04,28.8,22.8,25.2,32.6,27.3,29.5,7.5,9.5,32.8,231,14.11,978.3,loc_salem,11.6643,78.146,ECMWF_ERA5_Reanalysis
2014-09-05,28.7,22.4,24.9,32.0,26.8,28.9,0.1,13.9,42.1,246,10.3,977.8,loc_salem,11.6643,78.146,ECMWF_ERA5_Reanalysis
2014-09-06,31.1,22.8,26.1,33.2,26.8,29.2,0.4,16.3,47.9,260,16.3,976.8,loc_salem,11.6643,78.146,ECMWF_ERA5_Reanalysis
2014-09-07,31.1,22.9,26.3,33.2,26.6,29.3,0.0,16.6,47.2,254,17.22,976.7,loc_salem,11.6643,78.146,ECMWF_ERA5_Reanalysis
2014-09-08,31.9,21.9,26.6,35.8,25.5,29.9,0.1,15.1,46.1,250,21.37,977.8,loc_salem,11.6643,78.146,ECMWF_ERA5_Reanalysis
2014-09-09,32.2,22.2,26.7,36.1,25.9,29.9,0.5,14.5,46.1,252,21.86,978.3,loc_salem,11.6643,78.146,ECMWF_ERA5_Reanalysis
2014-09-10,33.0,22.9,27.6,35.4,26.7,30.3,0.0,14.2,43.2,268,23.33,977.7,loc_salem,11.6643,78.146,ECMWF_ERA5_Reanalysis
2014-09-11,33.4,23.0,27.9,36.5,26.2,30.8,0.0,11.2,34.2,266,24.37,978.1,loc_salem,11.6643,78.146,ECMWF_ERA5_Reanalysis
2014-09-12,34.1,23.4,28.8,37.0,27.3,31.7,0.0,11.0,35.3,261,24.21,978.7,loc_salem,11.6643,78.146,ECMWF_ERA5_Reanalysis
2014-09-13,33.8,24.0,28.8,36.3,27.9,31.6,0.1,12.9,38.5,263,22.65,978.1,loc_salem,11.6643,78.146,ECMWF_ERA5_Reanalysis
2014-09-14,34.8,23.5,27.9,38.0,27.2,31.3,2.3,15.9,43.9,258,22.62,977.0,loc_salem,11.6643,78.146,ECMWF_ERA5_Reanalysis
2014-09-15,34.2,23.2,27.9,37.0,27.4,31.3,0.7,16.3,47.5,265,20.92,976.0,loc_salem,11.6643,78.146,ECMWF_ERA5_Reanalysis
2014-09-16,33.4,23.9,28.2,35.5,27.9,30.9,0.2,16.2,53.6,266,19.23,975.1,loc_salem,11.6643,78.146,ECMWF_ERA5_Reanalysis
2014-09-17,34.4,23.5,28.9,36.0,27.0,30.8,0.0,16.4,47.9,273,21.29,974.7,loc_salem,11.6643,78.146,ECMWF_ERA5_Reanalysis
2014-09-18,33.6,24.3,28.6,34.6,27.3,30.4,0.0,14.8,42.1,284,15.56,976.0,loc_salem,11.6643,78.146,ECMWF_ERA5_Reanalysis
2014-09-19,35.1,23.9,29.1,37.0,26.9,31.1,0.2,14.6,44.6,269,20.25,976.5,loc_salem,11.6643,78.146,ECMWF_ERA5_Reanalysis
2014-09-20,34.7,24.5,29.3,36.2,27.9,31.3,0.0,16.5,48.6,279,19.62,976.0,loc_salem,11.6643,78.146,ECMWF_ERA5_Reanalysis
2014-09-21,34.1,25.1,30.0,37.2,28.5,32.4,0.0,11.0,36.4,286,19.53,976.6,loc_salem,11.6643,78.146,ECMWF_ERA5_Reanalysis
2014-09-22,34.7,25.6,29.3,39.1,30.6,33.2,9.7,7.9,27.0,304,16.46,977.7,loc_salem,11.6643,78.146,ECMWF_ERA5_Reanalysis
2014-09-23,34.0,24.4,28.1,38.7,29.4,33.0,20.9,6.9,25.2,286,21.61,977.0,loc_salem,11.6643,78.146,ECMWF_ERA5_Reanalysis
2014-09-24,31.8,23.8,26.7,38.9,29.1,32.4,29.5,5.0,22.7,290,21.72,977.4,loc_salem,11.6643,78.146,ECMWF_ERA5_Reanalysis
2014-09-25,31.4,22.9,26.7,37.8,27.9,32.0,13.3,7.4,24.5,122,22.01,977.7,loc_salem,11.6643,78.146,ECMWF_ERA5_Reanalysis
2014-09-26,31.2,23.3,26.7,36.5,28.2,31.5,0.8,7.1,20.5,142,21.27,978.8,loc_salem,11.6643,78.146,ECMWF_ERA5_Reanalysis
2014-09-27,31.0,23.0,26.8,35.6,27.9,31.3,1.6,7.4,26.3,124,20.36,979.4,loc_salem,11.6643,78.146,ECMWF_ERA5_Reanalysis
2014-09-28,30.6,23.9,26.5,36.3,29.0,31.2,15.3,7.6,26.6,110,19.2,979.7,loc_salem,11.6643,78.146,ECMWF_ERA5_Reanalysis
2014-09-29,30.5,23.2,26.1,36.1,28.1,31.1,4.9,7.4,25.9,119,19.49,979.6,loc_salem,11.6643,78.146,ECMWF_ERA5_Reanalysis
2014-09-30,29.1,23.1,25.5,35.4,28.2,30.5,26.8,6.1,27.4,131,16.49,979.5,loc_salem,11.6643,78.146,ECMWF_ERA5_Reanalysis
2014-10-01,30.7,22.7,26.4,35.2,27.7,31.1,1.0,6.2,20.2,88,18.9,979.5,loc_salem,11.6643,78.146,ECMWF_ERA5_Reanalysis
2014-10-02,32.3,23.6,27.4,37.0,28.1,31.6,0.0,6.6,22.0,91,23.45,979.2,loc_salem,11.6643,78.146,ECMWF_ERA5_Reanalysis
2014-10-03,30.9,23.7,27.3,36.6,27.3,31.7,0.2,5.8,19.8,191,22.15,978.8,loc_salem,11.6643,78.146,ECMWF_ERA5_Reanalysis
2014-10-04,31.7,23.9,27.1,37.9,29.0,32.1,18.6,5.6,24.8,207,21.52,979.2,loc_salem,11.6643,78.146,ECMWF_ERA5_Reanalysis
2014-10-05,31.8,24.4,27.4,37.9,29.5,32.6,12.8,5.1,18.4,262,21.1,979.5,loc_salem,11.6643,78.146,ECMWF_ERA5_Reanalysis
2014-10-06,31.4,23.2,26.3,37.6,28.1,31.5,21.2,8.2,25.9,294,21.51,979.2,loc_salem,11.6643,78.146,ECMWF_ERA5_Reanalysis
2014-10-07,30.2,23.2,26.1,36.6,28.1,31.1,8.4,8.7,25.6,278,18.44,977.6,loc_salem,11.6643,78.146,ECMWF_ERA5_Reanalysis
2014-10-08,29.7,22.9,26.0,34.1,27.8,30.7,3.2,5.9,22.7,282,15.68,977.4,loc_salem,11.6643,78.146,ECMWF_ERA5_Reanalysis
2014-10-09,30.9,23.4,26.5,36.9,28.6,31.8,8.5,5.5,21.6,312,20.07,977.3,loc_salem,11.6643,78.146,ECMWF_ERA5_Reanalysis
2014-10-10,30.2,23.5,26.6,37.0,28.3,32.0,5.5,10.2,29.9,258,19.11,976.5,loc_salem,11.6643,78.146,ECMWF_ERA5_Reanalysis
2014-10-11,31.3,23.7,26.6,36.3,28.4,31.3,3.3,12.0,36.7,264,18.66,975.5,loc_salem,11.6643,78.146,ECMWF_ERA5_Reanalysis
2014-10-12,30.6,24.2,26.2,37.8,29.2,31.3,9.5,10.5,37.1,247,16.28,975.2,loc_salem,11.6643,78.146,ECMWF_ERA5_Reanalysis
2014-10-13,31.6,23.6,26.9,36.6,28.2,31.2,0.0,7.9,23.0,231,18.82,975.9,loc_salem,11.6643,78.146,ECMWF_ERA5_Reanalysis
2014-10-14,31.9,24.1,27.0,38.4,28.7,32.1,1.5,7.2,23.8,176,21.24,977.7,loc_salem,11.6643,78.146,ECMWF_ERA5_Reanalysis
2014-10-15,30.8,23.2,26.3,36.5,28.3,31.4,3.5,9.0,29.9,86,18.21,979.7,loc_salem,11.6643,78.146,ECMWF_ERA5_Reanalysis
2014-10-16,30.1,23.2,25.7,34.8,27.8,30.1,1.2,10.2,33.1,74,13.67,979.8,loc_salem,11.6643,78.146,ECMWF_ERA5_Reanalysis
2014-10-17,29.3,23.2,25.7,32.9,27.3,29.8,2.6,10.0,32.8,65,14.49,980.0,loc_salem,11.6643,78.146,ECMWF_ERA5_Reanalysis
2014-10-18,24.9,22.9,23.8,29.3,27.6,28.3,15.6,9.5,30.2,52,5.16,979.6,loc_salem,11.6643,78.146,ECMWF_ERA5_Reanalysis
2014-10-19,24.3,22.5,23.3,29.0,26.5,27.6,26.0,7.8,28.1,52,3.23,979.1,loc_salem,11.6643,78.146,ECMWF_ERA5_Reanalysis
2014-10-20,25.0,22.2,23.2,29.6,26.2,27.4,15.6,9.0,28.1,50,4.65,979.4,loc_salem,11.6643,78.146,ECMWF_ERA5_Reanalysis
2014-10-21,26.6,22.2,24.0,30.9,26.3,28.2,12.3,8.4,32.4,71,10.95,980.7,loc_salem,11.6643,78.146,ECMWF_ERA5_Reanalysis
2014-10-22,29.6,21.8,24.5,33.7,25.7,28.4,6.0,13.6,38.5,63,14.87,981.2,loc_salem,11.6643,78.146,ECMWF_ERA5_Reanalysis
2014-10-23,27.8,21.5,24.1,32.6,25.4,28.3,21.8,9.7,28.4,50,12.91,980.7,loc_salem,11.6643,78.146,ECMWF_ERA5_Reanalysis
2014-10-24,29.0,22.1,24.5,35.4,26.3,29.3,17.1,4.7,20.9,70,15.64,979.7,loc_salem,11.6643,78.146,ECMWF_ERA5_Reanalysis
2014-10-25,29.2,22.9,25.0,34.2,27.5,29.8,8.5,6.9,26.3,173,16.51,979.8,loc_salem,11.6643,78.146,ECMWF_ERA5_Reanalysis
2014-10-26,29.1,22.6,25.0,35.4,27.2,29.8,11.2,6.9,19.4,16,14.83,981.1,loc_salem,11.6643,78.146,ECMWF_ERA5_Reanalysis
2014-10-27,28.3,23.1,24.8,35.1,27.7,30.0,16.0,4.2,20.5,32,15.42,981.2,loc_salem,11.6643,78.146,ECMWF_ERA5_Reanalysis
2014-10-28,29.0,22.4,25.2,34.0,27.1,29.9,11.4,4.3,17.3,9,16.9,980.2,loc_salem,11.6643,78.146,ECMWF_ERA5_Reanalysis
2014-10-29,28.4,22.6,25.0,33.0,26.9,29.6,9.2,5.6,21.6,44,14.95,980.0,loc_salem,11.6643,78.146,ECMWF_ERA5_Reanalysis
2014-10-30,29.8,22.2,25.9,33.1,26.5,29.6,0.2,11.7,30.2,56,19.68,979.4,loc_salem,11.6643,78.146,ECMWF_ERA5_Reanalysis
2014-10-31,28.8,21.5,25.2,31.4,24.8,27.8,0.0,7.3,21.6,32,18.6,979.1,loc_salem,11.6643,78.146,ECMWF_ERA5_Reanalysis
2014-11-01,29.3,21.3,25.1,32.3,24.6,28.1,1.2,7.4,31.3,41,15.27,979.1,loc_salem,11.6643,78.146,ECMWF_ERA5_Reanalysis
2014-11-02,26.2,22.8,24.1,30.0,26.7,28.2,5.4,4.0,21.6,351,6.68,980.2,loc_salem,11.6643,78.146,ECMWF_ERA5_Reanalysis
2014-11-03,28.2,21.5,24.4,30.6,25.6,27.6,0.2,12.0,32.0,23,13.51,980.3,loc_salem,11.6643,78.146,ECMWF_ERA5_Reanalysis
2014-11-04,29.1,22.5,25.2,32.5,25.5,28.5,0.0,7.4,20.9,279,14.51,980.1,loc_salem,11.6643,78.146,ECMWF_ERA5_Reanalysis
2014-11-05,29.3,22.8,25.8,32.5,26.9,29.1,0.0,7.9,23.0,308,15.87,980.6,loc_salem,11.6643,78.146,ECMWF_ERA5_Reanalysis
2014-11-06,30.6,20.4,26.0,32.6,22.6,28.2,0.0,10.1,27.7,18,20.87,979.6,loc_salem,11.6643,78.146,ECMWF_ERA5_Reanalysis
2014-11-07,29.9,20.0,25.6,34.2,22.0,28.4,0.0,6.1,15.8,38,19.29,979.2,loc_salem,11.6643,78.146,ECMWF_ERA5_Reanalysis
2014-11-08,30.4,21.8,26.2,34.8,24.8,29.6,0.0,5.4,18.4,102,20.85,979.5,loc_salem,11.6643,78.146,ECMWF_ERA5_Reanalysis
2014-11-09,30.3,22.7,26.5,34.5,26.3,30.5,0.0,8.3,24.8,232,19.9,979.7,loc_salem,11.6643,78.146,ECMWF_ERA5_Reanalysis
2014-11-10,29.7,22.3,25.7,35.4,26.8,30.5,4.6,6.0,22.0,92,16.96,979.4,loc_salem,11.6643,78.146,ECMWF_ERA5_Reanalysis
2014-11-11,30.2,22.8,25.9,33.8,27.6,29.8,0.9,10.7,27.7,72,17.03,979.3,loc_salem,11.6643,78.146,ECMWF_ERA5_Reanalysis
2014-11-12,28.2,22.5,24.4,31.6,26.5,28.2,13.4,10.6,37.1,41,11.61,978.9,loc_salem,11.6643,78.146,ECMWF_ERA5_Reanalysis
2014-11-13,24.6,22.6,23.2,29.0,26.6,27.4,17.3,7.9,36.0,63,3.06,979.3,loc_salem,11.6643,78.146,ECMWF_ERA5_Reanalysis
2014-11-14,27.4,22.4,24.1,31.3,26.7,28.2,8.7,9.4,33.8,80,9.98,981.3,loc_salem,11.6643,78.146,ECMWF_ERA5_Reanalysis
2014-11-15,28.9,22.4,25.1,33.4,26.5,29.1,0.8,10.2,30.6,69,16.74,980.9,loc_salem,11.6643,78.146,ECMWF_ERA5_Reanalysis
2014-11-16,28.3,21.9,24.7,31.2,25.5,28.1,0.5,10.6,31.3,59,17.58,980.5,loc_salem,11.6643,78.146,ECMWF_ERA5_Reanalysis
2014-11-17,29.3,21.2,24.5,32.2,23.5,27.3,0.0,11.7,30.6,55,19.79,980.7,loc_salem,11.6643,78.146,ECMWF_ERA5_Reanalysis
2014-11-18,27.8,18.9,23.4,30.1,21.1,26.0,0.7,13.0,35.3,56,15.11,981.8,loc_salem,11.6643,78.146,ECMWF_ERA5_Reanalysis
2014-11-19,29.3,20.9,24.6,32.2,24.2,27.3,0.0,13.0,35.6,57,18.88,981.6,loc_salem,11.6643,78.146,ECMWF_ERA5_Reanalysis
2014-11-20,29.1,18.4,24.0,31.3,20.5,26.4,0.0,13.7,34.9,49,19.63,980.6,loc_salem,11.6643,78.146,ECMWF_ERA5_Reanalysis
2014-11-21,28.9,19.6,24.1,31.2,22.2,26.8,0.0,10.0,27.7,60,17.2,980.8,loc_salem,11.6643,78.146,ECMWF_ERA5_Reanalysis
2014-11-22,27.5,21.0,24.4,30.5,24.2,27.8,2.2,7.6,24.5,62,11.8,980.3,loc_salem,11.6643,78.146,ECMWF_ERA5_Reanalysis
2014-11-23,29.1,21.0,24.8,31.6,24.5,27.8,0.0,11.4,29.5,66,16.79,980.1,loc_salem,11.6643,78.146,ECMWF_ERA5_Reanalysis
2014-11-24,29.0,20.0,24.1,30.9,22.7,26.4,0.0,10.2,29.2,61,19.71,980.3,loc_salem,11.6643,78.146,ECMWF_ERA5_Reanalysis
2014-11-25,28.0,19.5,23.3,29.4,21.8,25.1,0.0,11.8,34.9,49,18.86,980.2,loc_salem,11.6643,78.146,ECMWF_ERA5_Reanalysis
2014-11-26,28.1,19.2,23.1,29.8,21.2,24.8,0.0,12.0,32.0,51,19.16,978.6,loc_salem,11.6643,78.146,ECMWF_ERA5_Reanalysis
2014-11-27,28.2,18.7,23.6,29.8,20.6,25.6,0.0,11.2,29.9,49,14.52,978.3,loc_salem,11.6643,78.146,ECMWF_ERA5_Reanalysis
2014-11-28,27.1,19.9,23.4,28.5,22.3,25.1,0.0,9.4,25.2,28,9.95,979.3,loc_salem,11.6643,78.146,ECMWF_ERA5_Reanalysis
2014-11-29,23.5,18.3,20.8,24.4,19.9,22.3,8.0,12.3,31.3,13,5.87,979.8,loc_salem,11.6643,78.146,ECMWF_ERA5_Reanalysis
2014-11-30,23.9,19.8,21.5,24.3,20.5,22.4,3.9,15.9,44.3,10,10.16,979.4,loc_salem,11.6643,78.146,ECMWF_ERA5_Reanalysis
2014-12-01,25.5,20.3,22.5,27.1,21.8,24.3,0.8,14.1,36.4,45,6.52,979.4,loc_salem,11.6643,78.146,ECMWF_ERA5_Reanalysis
2014-12-02,27.8,19.9,23.8,30.2,22.3,26.2,0.0,10.5,31.3,61,15.56,980.6,loc_salem,11.6643,78.146,ECMWF_ERA5_Reanalysis
2014-12-03,29.2,17.6,23.2,31.3,18.9,24.8,0.0,9.0,25.2,48,21.48,980.6,loc_salem,11.6643,78.146,ECMWF_ERA5_Reanalysis
2014-12-04,28.4,18.4,22.8,30.4,19.9,24.3,0.0,9.9,25.2,65,21.5,981.1,loc_salem,11.6643,78.146,ECMWF_ERA5_Reanalysis
2014-12-05,28.0,17.5,22.2,29.5,18.8,23.4,0.0,9.1,24.1,62,21.45,981.4,loc_salem,11.6643,78.146,ECMWF_ERA5_Reanalysis
2014-12-06,28.0,17.4,22.5,30.0,18.6,24.0,0.0,9.1,25.6,60,20.29,981.0,loc_salem,11.6643,78.146,ECMWF_ERA5_Reanalysis
2014-12-07,29.2,19.7,24.2,32.4,21.6,26.8,0.0,7.6,20.9,68,15.98,980.4,loc_salem,11.6643,78.146,ECMWF_ERA5_Reanalysis
2014-12-08,29.1,21.5,25.2,32.0,25.0,28.4,0.3,8.3,24.5,67,13.03,980.6,loc_salem,11.6643,78.146,ECMWF_ERA5_Reanalysis
2014-12-09,29.9,22.2,25.7,33.2,26.1,29.1,0.0,7.2,25.6,73,16.25,981.3,loc_salem,11.6643,78.146,ECMWF_ERA5_Reanalysis
2014-12-10,28.8,23.3,25.1,32.0,27.2,28.9,3.5,10.7,30.6,72,11.13,981.1,loc_salem,11.6643,78.146,ECMWF_ERA5_Reanalysis
2014-12-11,28.9,22.2,25.2,31.7,26.1,28.7,0.5,7.6,26.3,90,14.23,980.9,loc_salem,11.6643,78.146,ECMWF_ERA5_Reanalysis
2014-12-12,28.3,22.4,24.6,31.0,26.2,28.0,2.2,9.7,29.9,70,10.72,981.5,loc_salem,11.6643,78.146,ECMWF_ERA5_Reanalysis
2014-12-13,27.7,21.5,24.0,30.7,24.9,27.2,2.1,9.6,26.6,61,9.71,981.9,loc_salem,11.6643,78.146,ECMWF_ERA5_Reanalysis
2014-12-14,28.4,21.8,24.6,31.5,25.5,28.2,2.1,8.3,29.2,77,14.05,981.7,loc_salem,11.6643,78.146,ECMWF_ERA5_Reanalysis
2014-12-15,30.5,21.9,25.5,33.4,24.6,28.5,0.0,9.6,28.4,65,18.59,981.3,loc_salem,11.6643,78.146,ECMWF_ERA5_Reanalysis
2014-12-16,29.0,22.0,24.7,32.0,25.0,27.9,1.7,12.8,36.0,53,11.16,981.2,loc_salem,11.6643,78.146,ECMWF_ERA5_Reanalysis
2014-12-17,27.8,22.4,24.5,28.0,25.2,26.6,1.8,16.9,42.8,48,8.22,981.4,loc_salem,11.6643,78.146,ECMWF_ERA5_Reanalysis
2014-12-18,27.4,22.0,24.7,28.5,24.5,26.5,0.0,16.5,46.1,61,10.13,981.9,loc_salem,11.6643,78.146,ECMWF_ERA5_Reanalysis
2014-12-19,26.4,22.2,24.0,27.2,24.4,25.8,0.5,16.8,46.8,56,7.47,983.1,loc_salem,11.6643,78.146,ECMWF_ERA5_Reanalysis
2014-12-20,29.4,20.0,24.1,30.5,22.3,25.7,0.0,12.0,32.4,57,15.61,982.1,loc_salem,11.6643,78.146,ECMWF_ERA5_Reanalysis
2014-12-21,29.9,19.9,24.4,31.6,22.3,26.3,0.0,10.1,28.8,57,16.49,980.0,loc_salem,11.6643,78.146,ECMWF_ERA5_Reanalysis
2014-12-22,29.3,20.3,24.3,31.2,22.3,25.9,0.0,11.0,32.0,59,16.48,980.0,loc_salem,11.6643,78.146,ECMWF_ERA5_Reanalysis
2014-12-23,29.6,18.2,23.9,31.7,19.9,25.6,0.0,9.1,28.1,57,18.6,980.5,loc_salem,11.6643,78.146,ECMWF_ERA5_Reanalysis
2014-12-24,28.7,20.9,24.4,30.4,23.4,26.5,0.0,11.5,31.7,62,10.93,981.6,loc_salem,11.6643,78.146,ECMWF_ERA5_Reanalysis
2014-12-25,30.4,19.2,24.4,32.5,21.2,26.2,0.0,9.7,28.4,42,20.82,981.4,loc_salem,11.6643,78.146,ECMWF_ERA5_Reanalysis
2014-12-26,29.2,18.4,23.4,29.3,20.2,24.2,0.0,12.4,34.6,48,20.46,979.9,loc_salem,11.6643,78.146,ECMWF_ERA5_Reanalysis
2014-12-27,27.0,19.6,22.0,26.6,21.4,23.3,9.2,10.7,30.2,50,9.95,980.0,loc_salem,11.6643,78.146,ECMWF_ERA5_Reanalysis
2014-12-28,23.6,20.3,21.4,25.9,23.3,24.3,27.1,9.0,41.4,21,6.06,980.2,loc_salem,11.6643,78.146,ECMWF_ERA5_Reanalysis
2014-12-29,27.2,20.4,22.9,29.1,23.4,25.6,4.4,14.1,36.0,15,9.86,978.4,loc_salem,11.6643,78.146,ECMWF_ERA5_Reanalysis
2014-12-30,29.7,20.6,24.9,33.5,23.6,28.0,0.0,8.4,27.0,11,17.48,976.6,loc_salem,11.6643,78.146,ECMWF_ERA5_Reanalysis
2014-12-31,28.0,22.2,24.7,31.7,26.0,28.6,1.5,5.2,18.4,139,13.76,976.7,loc_salem,11.6643,78.146,ECMWF_ERA5_Reanalysis
2015-01-01,27.7,22.0,24.2,32.6,25.8,28.3,5.9,8.5,28.4,176,13.46,977.8,loc_salem,11.6643,78.146,ECMWF_ERA5_Reanalysis
2015-01-02,27.9,22.0,24.5,30.8,26.0,28.2,1.8,8.3,24.5,156,14.82,980.0,loc_salem,11.6643,78.146,ECMWF_ERA5_Reanalysis
2015-01-03,28.1,20.9,24.3,31.6,24.5,27.6,0.0,6.1,19.4,132,19.27,981.2,loc_salem,11.6643,78.146,ECMWF_ERA5_Reanalysis
2015-01-04,28.8,21.3,24.7,31.6,24.7,27.8,0.0,6.6,17.3,97,15.05,981.0,loc_salem,11.6643,78.146,ECMWF_ERA5_Reanalysis
2015-01-05,28.8,21.7,24.6,31.7,23.9,27.6,0.0,7.9,21.6,78,17.37,980.9,loc_salem,11.6643,78.146,ECMWF_ERA5_Reanalysis
2015-01-06,28.5,20.9,24.2,31.4,23.6,26.8,0.0,7.4,22.7,66,18.05,981.4,loc_salem,11.6643,78.146,ECMWF_ERA5_Reanalysis
2015-01-07,28.8,20.9,24.7,32.0,23.5,27.3,0.0,6.4,19.8,56,16.23,981.1,loc_salem,11.6643,78.146,ECMWF_ERA5_Reanalysis
2015-01-08,28.4,21.1,24.5,31.6,24.4,27.6,0.0,6.2,13.7,89,16.48,981.3,loc_salem,11.6643,78.146,ECMWF_ERA5_Reanalysis
2015-01-09,27.9,21.3,24.0,30.4,24.6,26.9,0.8,6.9,20.9,78,15.49,982.4,loc_salem,11.6643,78.146,ECMWF_ERA5_Reanalysis
2015-01-10,28.5,19.4,23.7,31.2,20.1,25.6,0.0,9.2,29.2,62,21.69,982.5,loc_salem,11.6643,78.146,ECMWF_ERA5_Reanalysis
2015-01-11,27.3,16.5,21.6,28.5,17.0,22.4,0.0,10.0,29.5,57,22.2,982.6,loc_salem,11.6643,78.146,ECMWF_ERA5_Reanalysis
2015-01-12,27.0,16.2,21.4,27.7,16.8,21.9,0.0,9.5,28.4,59,22.37,982.1,loc_salem,11.6643,78.146,ECMWF_ERA5_Reanalysis
2015-01-13,27.5,16.0,21.4,28.0,16.4,21.7,0.0,9.7,29.9,56,22.54,981.4,loc_salem,11.6643,78.146,ECMWF_ERA5_Reanalysis
2015-01-14,27.7,16.1,21.6,29.4,16.5,22.3,0.0,9.1,21.6,66,22.35,981.0,loc_salem,11.6643,78.146,ECMWF_ERA5_Reanalysis
2015-01-15,28.3,16.7,21.9,30.2,17.5,22.9,0.0,9.4,23.4,62,22.2,981.2,loc_salem,11.6643,78.146,ECMWF_ERA5_Reanalysis
2015-01-16,28.7,17.7,22.8,30.2,18.7,24.2,0.0,8.9,23.8,71,16.74,981.7,loc_salem,11.6643,78.146,ECMWF_ERA5_Reanalysis
2015-01-17,29.0,18.7,23.6,31.2,20.8,25.6,0.0,8.7,26.3,74,17.54,982.1,loc_salem,11.6643,78.146,ECMWF_ERA5_Reanalysis
2015-01-18,29.0,19.0,23.4,31.5,20.9,25.2,0.0,9.0,25.9,72,18.29,982.6,loc_salem,11.6643,78.146,ECMWF_ERA5_Reanalysis
2015-01-19,29.3,18.1,23.3,31.0,19.5,24.8,0.0,10.1,28.1,74,20.83,982.3,loc_salem,11.6643,78.146,ECMWF_ERA5_Reanalysis
2015-01-20,28.4,18.2,23.0,30.9,20.0,24.7,0.0,7.6,25.2,81,17.93,983.7,loc_salem,11.6643,78.146,ECMWF_ERA5_Reanalysis
2015-01-21,27.6,18.2,22.6,28.4,19.8,23.9,0.0,10.7,31.0,71,15.31,985.0,loc_salem,11.6643,78.146,ECMWF_ERA5_Reanalysis
2015-01-22,29.4,16.9,22.9,31.3,17.9,24.3,0.0,7.9,20.9,68,22.36,984.7,loc_salem,11.6643,78.146,ECMWF_ERA5_Reanalysis
2015-01-23,27.6,20.3,23.6,29.3,22.5,25.9,0.7,9.2,27.4,72,12.36,982.7,loc_salem,11.6643,78.146,ECMWF_ERA5_Reanalysis
2015-01-24,28.3,21.1,24.4,30.3,24.3,26.8,0.6,10.7,29.9,72,15.38,982.6,loc_salem,11.6643,78.146,ECMWF_ERA5_Reanalysis
2015-01-25,29.3,20.3,24.2,31.4,21.2,25.9,0.0,10.9,28.4,67,17.79,983.6,loc_salem,11.6643,78.146,ECMWF_ERA5_Reanalysis
2015-01-26,28.7,17.4,22.7,29.5,18.7,23.7,0.0,9.6,27.7,68,19.81,983.1,loc_salem,11.6643,78.146,ECMWF_ERA5_Reanalysis
2015-01-27,27.7,17.6,22.9,28.7,18.7,24.3,0.1,11.0,30.6,65,15.6,981.9,loc_salem,11.6643,78.146,ECMWF_ERA5_Reanalysis
2015-01-28,28.4,19.8,23.6,29.4,22.3,25.5,0.0,9.2,27.0,66,13.33,980.4,loc_salem,11.6643,78.146,ECMWF_ERA5_Reanalysis
2015-01-29,29.7,19.0,24.1,30.5,21.2,25.8,0.0,9.4,26.6,62,15.31,981.1,loc_salem,11.6643,78.146,ECMWF_ERA5_Reanalysis
2015-01-30,28.2,20.6,24.1,29.8,23.4,26.2,0.0,11.1,32.4,67,12.36,982.7,loc_salem,11.6643,78.146,ECMWF_ERA5_Reanalysis
2015-01-31,29.6,18.9,24.0,30.9,20.7,25.4,0.0,13.3,36.7,70,22.41,983.1,loc_salem,11.6643,78.146,ECMWF_ERA5_Reanalysis
2015-02-01,29.7,18.1,23.8,31.4,19.8,25.2,0.0,10.8,31.3,72,22.29,982.9,loc_salem,11.6643,78.146,ECMWF_ERA5_Reanalysis
2015-02-02,29.7,18.7,23.8,30.8,20.6,25.0,0.0,12.3,34.2,72,21.4,983.7,loc_salem,11.6643,78.146,ECMWF_ERA5_Reanalysis
2015-02-03,30.1,17.2,23.5,30.2,18.3,24.3,0.0,13.1,33.8,68,18.98,985.1,loc_salem,11.6643,78.146,ECMWF_ERA5_Reanalysis
2015-02-04,28.2,18.3,23.4,29.2,19.9,24.9,1.6,11.7,31.7,70,18.25,984.7,loc_salem,11.6643,78.146,ECMWF_ERA5_Reanalysis
2015-02-05,29.9,18.5,24.2,31.9,20.4,26.0,0.0,9.0,27.7,70,21.31,983.0,loc_salem,11.6643,78.146,ECMWF_ERA5_Reanalysis
2015-02-06,30.1,18.4,24.1,31.2,20.3,25.4,0.0,10.2,27.7,77,22.99,982.9,loc_salem,11.6643,78.146,ECMWF_ERA5_Reanalysis
2015-02-07,30.3,18.6,24.1,31.9,20.6,25.5,0.0,10.5,27.0,76,22.88,982.4,loc_salem,11.6643,78.146,ECMWF_ERA5_Reanalysis
2015-02-08,30.8,18.4,24.1,31.8,20.2,25.3,0.0,9.3,27.0,71,22.87,981.8,loc_salem,11.6643,78.146,ECMWF_ERA5_Reanalysis
2015-02-09,30.0,18.9,23.9,31.5,20.9,25.2,0.0,9.4,26.3,75,21.83,981.9,loc_salem,11.6643,78.146,ECMWF_ERA5_Reanalysis
2015-02-10,30.3,17.4,23.9,32.0,18.8,25.3,0.0,10.2,28.8,71,19.75,982.4,loc_salem,11.6643,78.146,ECMWF_ERA5_Reanalysis
2015-02-11,31.1,18.6,24.9,33.1,20.4,26.6,0.0,9.4,29.5,71,22.45,981.6,loc_salem,11.6643,78.146,ECMWF_ERA5_Reanalysis
2015-02-12,31.4,21.8,25.9,33.4,24.7,27.8,0.0,8.2,23.4,73,19.34,981.2,loc_salem,11.6643,78.146,ECMWF_ERA5_Reanalysis
2015-02-13,32.2,20.2,25.9,36.0,23.0,28.3,0.0,8.7,20.5,86,23.1,981.1,loc_salem,11.6643,78.146,ECMWF_ERA5_Reanalysis
2015-02-14,33.2,21.9,27.0,35.8,24.9,29.3,0.0,8.3,22.0,84,23.13,980.2,loc_salem,11.6643,78.146,ECMWF_ERA5_Reanalysis
2015-02-15,33.3,21.0,26.8,35.0,23.4,27.9,0.0,8.6,24.5,90,24.42,980.3,loc_salem,11.6643,78.146,ECMWF_ERA5_Reanalysis
2015-02-16,32.8,20.3,26.3,33.8,21.6,27.0,0.0,8.8,25.9,87,24.51,981.4,loc_salem,11.6643,78.146,ECMWF_ERA5_Reanalysis
2015-02-17,33.7,20.4,26.6,33.8,21.7,27.0,0.0,10.7,30.2,77,24.94,981.2,loc_salem,11.6643,78.146,ECMWF_ERA5_Reanalysis
2015-02-18,32.3,20.3,26.1,33.9,21.2,26.6,0.0,8.8,25.6,111,24.85,980.4,loc_salem,11.6643,78.146,ECMWF_ERA5_Reanalysis
2015-02-19,32.9,20.1,26.1,34.0,21.6,26.7,0.0,9.1,25.6,100,24.65,980.1,loc_salem,11.6643,78.146,ECMWF_ERA5_Reanalysis
2015-02-20,32.5,19.5,25.4,32.7,20.9,25.9,0.0,11.9,33.5,82,24.61,980.8,loc_salem,11.6643,78.146,ECMWF_ERA5_Reanalysis
2015-02-21,32.0,18.0,24.7,32.4,19.5,25.2,0.0,11.9,33.5,77,24.68,981.1,loc_salem,11.6643,78.146,ECMWF_ERA5_Reanalysis
2015-02-22,32.9,18.3,25.2,31.8,19.6,25.1,0.0,14.1,38.9,70,25.38,981.6,loc_salem,11.6643,78.146,ECMWF_ERA5_Reanalysis
2015-02-23,32.9,18.4,25.2,31.9,19.3,24.5,0.0,11.5,33.1,76,25.88,981.8,loc_salem,11.6643,78.146,ECMWF_ERA5_Reanalysis
2015-02-24,32.8,17.7,25.3,32.9,18.3,25.1,0.0,9.1,25.2,76,25.63,980.6,loc_salem,11.6643,78.146,ECMWF_ERA5_Reanalysis
2015-02-25,33.2,19.7,26.3,34.1,20.5,26.7,0.0,8.2,22.0,100,23.64,979.2,loc_salem,11.6643,78.146,ECMWF_ERA5_Reanalysis
2015-02-26,33.3,21.2,27.3,36.2,23.1,29.3,0.0,8.0,25.6,129,22.1,978.2,loc_salem,11.6643,78.146,ECMWF_ERA5_Reanalysis
2015-02-27,33.2,23.8,27.7,37.1,27.7,31.1,0.2,8.0,25.6,143,20.01,978.7,loc_salem,11.6643,78.146,ECMWF_ERA5_Reanalysis
2015-02-28,33.4,23.5,27.2,38.0,27.8,31.1,7.5,9.6,29.9,150,20.51,979.0,loc_salem,11.6643,78.146,ECMWF_ERA5_Reanalysis
2015-03-01,33.1,23.2,27.7,35.5,27.4,30.4,0.0,10.3,28.4,143,20.66,979.2,loc_salem,11.6643,78.146,ECMWF_ERA5_Reanalysis
2015-03-02,32.7,23.6,28.1,36.4,27.9,31.1,0.0,7.9,20.5,143,19.38,980.4,loc_salem,11.6643,78.146,ECMWF_ERA5_Reanalysis
2015-03-03,31.8,24.3,27.6,35.3,28.3,31.2,0.5,6.1,22.3,125,17.83,980.2,loc_salem,11.6643,78.146,ECMWF_ERA5_Reanalysis
2015-03-04,33.5,23.5,27.2,37.6,28.0,31.3,9.1,7.4,25.6,176,21.75,980.0,loc_salem,11.6643,78.146,ECMWF_ERA5_Reanalysis
2015-03-05,34.0,22.3,27.9,37.1,26.7,31.3,0.0,9.8,28.4,111,23.75,980.4,loc_salem,11.6643,78.146,ECMWF_ERA5_Reanalysis
2015-03-06,33.2,24.2,28.1,38.9,28.8,32.1,1.1,8.0,24.1,96,20.43,981.7,loc_salem,11.6643,78.146,ECMWF_ERA5_Reanalysis
2015-03-07,32.6,23.1,27.2,38.1,27.4,31.3,5.9,7.6,26.3,108,20.59,981.3,loc_salem,11.6643,78.146,ECMWF_ERA5_Reanalysis
2015-03-08,32.5,23.2,27.6,35.4,27.3,30.4,0.0,10.6,29.9,107,22.31,982.1,loc_salem,11.6643,78.146,ECMWF_ERA5_Reanalysis
2015-03-09,32.7,23.2,27.6,35.1,26.9,30.1,0.0,10.1,29.2,91,21.62,982.9,loc_salem,11.6643,78.146,ECMWF_ERA5_Reanalysis
2015-03-10,33.9,22.6,27.6,34.9,25.4,29.1,0.0,12.8,33.5,67,25.12,982.6,loc_salem,11.6643,78.146,ECMWF_ERA5_Reanalysis
2015-03-11,33.6,20.2,26.9,35.2,22.2,28.4,0.0,11.5,32.4,80,25.62,982.2,loc_salem,11.6643,78.146,ECMWF_ERA5_Reanalysis
2015-03-12,33.5,21.4,27.4,34.3,24.2,28.9,0.0,14.0,37.8,79,20.44,982.3,loc_salem,11.6643,78.146,ECMWF_ERA5_Reanalysis
2015-03-13,34.4,21.6,27.5,35.6,24.8,29.2,0.0,13.0,37.4,86,24.77,981.8,loc_salem,11.6643,78.146,ECMWF_ERA5_Reanalysis
2015-03-14,33.2,21.6,26.9,35.7,24.6,29.2,0.0,11.0,33.1,120,20.24,982.7,loc_salem,11.6643,78.146,ECMWF_ERA5_Reanalysis
2015-03-15,33.1,23.2,27.1,36.8,27.1,30.8,3.5,9.7,27.7,135,19.88,982.6,loc_salem,11.6643,78.146,ECMWF_ERA5_Reanalysis
2015-03-16,32.7,23.5,27.7,36.0,28.3,31.2,0.8,10.1,27.7,127,18.85,982.5,loc_salem,11.6643,78.146,ECMWF_ERA5_Reanalysis
2015-03-17,35.0,22.6,28.1,35.8,25.3,29.5,0.0,11.0,29.9,96,25.99,981.5,loc_salem,11.6643,78.146,ECMWF_ERA5_Reanalysis
2015-03-18,35.9,22.1,28.6,36.8,23.5,29.0,0.0,9.7,22.0,141,27.17,979.8,loc_salem,11.6643,78.146,ECMWF_ERA5_Reanalysis
2015-03-19,36.9,22.6,29.4,37.2,23.3,29.4,0.0,12.0,31.3,105,27.03,980.0,loc_salem,11.6643,78.146,ECMWF_ERA5_Reanalysis
2015-03-20,36.6,22.2,28.8,36.3,24.4,29.4,0.0,13.0,35.3,91,26.73,981.1,loc_salem,11.6643,78.146,ECMWF_ERA5_Reanalysis
2015-03-21,37.0,22.3,29.1,36.8,24.5,29.4,0.0,12.3,35.6,91,27.03,982.0,loc_salem,11.6643,78.146,ECMWF_ERA5_Reanalysis
2015-03-22,38.3,22.9,30.5,38.4,23.4,30.2,0.0,12.4,34.6,94,27.14,980.9,loc_salem,11.6643,78.146,ECMWF_ERA5_Reanalysis
2015-03-23,38.0,24.6,31.2,39.9,25.5,32.0,0.0,10.1,29.5,116,25.96,979.3,loc_salem,11.6643,78.146,ECMWF_ERA5_Reanalysis
2015-03-24,38.5,25.5,31.6,39.4,27.6,32.6,0.0,13.7,37.8,107,26.53,978.7,loc_salem,11.6643,78.146,ECMWF_ERA5_Reanalysis
2015-03-25,36.9,24.3,30.4,38.2,27.0,31.8,0.0,12.7,36.4,110,26.02,979.5,loc_salem,11.6643,78.146,ECMWF_ERA5_Reanalysis
2015-03-26,36.0,23.8,29.5,37.9,26.9,31.2,0.0,11.2,32.4,100,25.69,981.1,loc_salem,11.6643,78.146,ECMWF_ERA5_Reanalysis
2015-03-27,36.4,23.1,29.4,37.8,26.2,30.9,0.0,10.5,30.2,87,26.73,981.6,loc_salem,11.6643,78.146,ECMWF_ERA5_Reanalysis
2015-03-28,36.0,23.2,29.4,37.9,26.1,31.3,0.0,11.4,33.8,99,26.49,980.6,loc_salem,11.6643,78.146,ECMWF_ERA5_Reanalysis
2015-03-29,36.7,24.5,30.0,39.1,28.9,32.6,0.0,10.5,31.7,106,25.12,979.2,loc_salem,11.6643,78.146,ECMWF_ERA5_Reanalysis
2015-03-30,36.7,24.6,30.1,39.0,28.8,32.8,0.0,13.7,39.2,120,25.86,979.1,loc_salem,11.6643,78.146,ECMWF_ERA5_Reanalysis
2015-03-31,36.3,25.2,30.3,39.4,29.4,33.2,0.0,13.4,35.3,115,23.19,979.2,loc_salem,11.6643,78.146,ECMWF_ERA5_Reanalysis
2015-04-01,35.1,25.3,30.0,38.2,30.1,33.3,0.4,11.0,29.9,127,20.02,979.1,loc_salem,11.6643,78.146,ECMWF_ERA5_Reanalysis
2015-04-02,36.3,24.0,30.2,40.4,28.8,33.6,1.0,11.0,31.3,168,22.67,978.4,loc_salem,11.6643,78.146,ECMWF_ERA5_Reanalysis
2015-04-03,38.2,25.8,32.0,41.9,30.6,35.0,0.0,8.8,28.8,4,23.77,976.6,loc_salem,11.6643,78.146,ECMWF_ERA5_Reanalysis
2015-04-04,38.7,26.9,32.2,41.5,30.9,35.4,0.2,7.9,29.2,135,22.78,974.8,loc_salem,11.6643,78.146,ECMWF_ERA5_Reanalysis
2015-04-05,39.1,28.0,33.1,41.8,31.2,35.4,0.0,10.6,31.7,144,25.69,975.5,loc_salem,11.6643,78.146,ECMWF_ERA5_Reanalysis
2015-04-06,38.3,26.2,32.1,40.6,30.5,34.8,0.0,10.2,30.2,150,25.06,976.2,loc_salem,11.6643,78.146,ECMWF_ERA5_Reanalysis
2015-04-07,38.7,26.7,32.3,41.2,31.0,34.7,0.0,14.2,38.9,129,24.88,976.7,loc_salem,11.6643,78.146,ECMWF_ERA5_Reanalysis
2015-04-08,37.7,25.7,31.2,39.2,30.3,33.9,0.0,13.7,37.4,135,24.84,978.3,loc_salem,11.6643,78.146,ECMWF_ERA5_Reanalysis
2015-04-09,37.3,26.0,30.9,40.1,30.6,34.1,0.2,12.1,33.8,130,23.28,978.9,loc_salem,11.6643,78.146,ECMWF_ERA5_Reanalysis
2015-04-10,37.2,25.1,30.9,39.9,30.0,33.9,0.3,10.7,31.3,142,24.09,979.3,loc_salem,11.6643,78.146,ECMWF_ERA5_Reanalysis
2015-04-11,37.8,25.4,31.5,40.0,29.9,33.9,0.0,13.0,32.8,156,25.18,979.5,loc_salem,11.6643,78.146,ECMWF_ERA5_Reanalysis
2015-04-12,35.6,25.2,29.8,39.2,29.9,33.5,5.3,8.3,28.8,152,21.01,980.8,loc_salem,11.6643,78.146,ECMWF_ERA5_Reanalysis
2015-04-13,31.9,22.9,25.8,36.6,26.8,29.9,19.9,8.9,31.0,124,17.02,981.3,loc_salem,11.6643,78.146,ECMWF_ERA5_Reanalysis
2015-04-14,32.9,23.5,26.9,36.9,27.5,30.8,17.1,6.8,23.8,172,23.07,979.6,loc_salem,11.6643,78.146,ECMWF_ERA5_Reanalysis
2015-04-15,30.4,22.6,25.9,35.4,26.8,30.2,3.5,5.5,24.8,69,18.43,979.7,loc_salem,11.6643,78.146,ECMWF_ERA5_Reanalysis
2015-04-16,29.9,22.9,26.3,34.6,27.8,30.8,4.1,5.5,22.0,196,17.16,980.8,loc_salem,11.6643,78.146,ECMWF_ERA5_Reanalysis
2015-04-17,33.1,24.4,28.0,38.5,29.1,32.4,2.8,4.8,25.6,35,22.24,979.5,loc_salem,11.6643,78.146,ECMWF_ERA5_Reanalysis
2015-04-18,33.2,23.5,28.5,37.8,27.7,32.4,0.1,6.4,25.9,92,23.84,977.5,loc_salem,11.6643,78.146,ECMWF_ERA5_Reanalysis
2015-04-19,33.6,25.6,29.3,38.5,29.7,33.2,0.0,6.9,19.1,124,22.47,977.4,loc_salem,11.6643,78.146,ECMWF_ERA5_Reanalysis
2015-04-20,33.9,25.1,29.2,39.4,30.0,33.5,0.4,7.6,21.2,113,22.19,978.7,loc_salem,11.6643,78.146,ECMWF_ERA5_Reanalysis
2015-04-21,34.1,25.2,28.6,38.8,29.6,32.8,4.8,10.1,28.8,124,18.84,979.2,loc_salem,11.6643,78.146,ECMWF_ERA5_Reanalysis
2015-04-22,34.2,24.2,29.2,39.1,29.1,33.5,0.1,8.4,27.4,198,23.18,978.3,loc_salem,11.6643,78.146,ECMWF_ERA5_Reanalysis
2015-04-23,36.3,25.2,29.1,42.1,30.2,34.0,13.0,6.0,24.1,207,24.04,978.3,loc_salem,11.6643,78.146,ECMWF_ERA5_Reanalysis
2015-04-24,33.3,24.7,28.7,40.2,30.3,34.2,17.4,6.6,20.9,265,22.04,979.0,loc_salem,11.6643,78.146,ECMWF_ERA5_Reanalysis
2015-04-25,32.8,24.2,28.3,37.8,29.1,32.8,2.2,9.3,26.6,222,20.99,978.5,loc_salem,11.6643,78.146,ECMWF_ERA5_Reanalysis
2015-04-26,33.3,24.9,28.6,38.6,29.4,33.1,2.4,7.4,24.1,152,23.0,978.6,loc_salem,11.6643,78.146,ECMWF_ERA5_Reanalysis
2015-04-27,33.2,25.6,28.5,37.7,30.3,33.0,0.6,8.2,27.7,126,21.27,979.6,loc_salem,11.6643,78.146,ECMWF_ERA5_Reanalysis
2015-04-28,33.9,24.8,29.0,39.5,29.8,33.7,0.0,7.3,22.0,187,23.74,979.2,loc_salem,11.6643,78.146,ECMWF_ERA5_Reanalysis
2015-04-29,36.3,25.8,30.4,40.7,30.1,34.2,0.0,7.0,26.3,169,25.95,978.5,loc_salem,11.6643,78.146,ECMWF_ERA5_Reanalysis
2015-04-30,36.5,25.3,30.1,41.4,29.9,34.3,1.2,7.0,25.2,236,24.72,978.8,loc_salem,11.6643,78.146,ECMWF_ERA5_Reanalysis
2015-05-01,36.6,26.0,30.5,41.8,30.3,34.7,1.2,6.3,24.1,250,24.3,978.0,loc_salem,11.6643,78.146,ECMWF_ERA5_Reanalysis
2015-05-02,37.1,25.6,30.2,42.0,29.9,34.2,2.1,8.3,28.1,248,24.95,977.8,loc_salem,11.6643,78.146,ECMWF_ERA5_Reanalysis
2015-05-03,36.5,25.4,29.2,42.1,30.3,34.3,7.2,5.9,24.8,256,24.75,977.5,loc_salem,11.6643,78.146,ECMWF_ERA5_Reanalysis
2015-05-04,35.4,25.7,30.1,40.8,30.5,34.4,0.3,8.0,22.7,140,24.05,977.8,loc_salem,11.6643,78.146,ECMWF_ERA5_Reanalysis
2015-05-05,35.8,26.2,30.3,39.2,30.6,34.0,0.0,8.4,27.0,119,24.24,977.6,loc_salem,11.6643,78.146,ECMWF_ERA5_Reanalysis
2015-05-06,34.7,24.9,28.1,40.5,30.3,33.1,16.7,4.6,25.6,199,19.61,976.8,loc_salem,11.6643,78.146,ECMWF_ERA5_Reanalysis
2015-05-07,33.8,24.9,28.1,40.6,30.3,33.6,11.3,4.3,23.4,221,22.47,977.9,loc_salem,11.6643,78.146,ECMWF_ERA5_Reanalysis
2015-05-08,34.9,24.8,28.6,40.6,30.2,34.0,5.4,9.1,25.2,272,23.24,977.0,loc_salem,11.6643,78.146,ECMWF_ERA5_Reanalysis
2015-05-09,34.2,25.6,29.0,40.6,30.9,34.5,2.9,6.6,23.8,215,22.15,975.5,loc_salem,11.6643,78.146,ECMWF_ERA5_Reanalysis
2015-05-10,33.8,25.8,29.0,40.4,31.6,34.6,3.9,4.8,28.4,168,19.94,975.9,loc_salem,11.6643,78.146,ECMWF_ERA5_Reanalysis
2015-05-11,31.8,25.9,27.8,36.9,30.7,32.9,1.3,8.5,33.8,175,15.34,977.6,loc_salem,11.6643,78.146,ECMWF_ERA5_Reanalysis
2015-05-12,32.8,24.9,28.4,36.5,30.3,32.8,0.5,9.7,30.6,119,17.86,977.5,loc_salem,11.6643,78.146,ECMWF_ERA5_Reanalysis
2015-05-13,29.6,23.9,26.0,34.4,29.1,30.9,18.5,11.0,33.1,74,11.08,976.7,loc_salem,11.6643,78.146,ECMWF_ERA5_Reanalysis
2015-05-14,27.9,24.0,25.5,32.7,28.9,30.4,16.5,8.4,27.0,65,8.78,976.6,loc_salem,11.6643,78.146,ECMWF_ERA5_Reanalysis
2015-05-15,29.3,23.9,26.1,34.7,29.1,31.5,7.7,4.7,21.6,115,12.71,977.2,loc_salem,11.6643,78.146,ECMWF_ERA5_Reanalysis
2015-05-16,29.5,24.0,25.9,36.5,29.5,31.4,13.8,7.1,23.4,199,13.36,975.9,loc_salem,11.6643,78.146,ECMWF_ERA5_Reanalysis
2015-05-17,30.8,23.6,26.0,36.6,28.4,31.4,9.4,7.6,26.3,229,15.45,975.0,loc_salem,11.6643,78.146,ECMWF_ERA5_Reanalysis
2015-05-18,29.7,23.8,26.6,35.9,29.0,31.7,3.2,10.0,28.4,233,13.88,975.4,loc_salem,11.6643,78.146,ECMWF_ERA5_Reanalysis
2015-05-19,32.5,24.0,27.6,38.6,29.0,32.7,0.7,10.2,31.7,233,20.58,975.9,loc_salem,11.6643,78.146,ECMWF_ERA5_Reanalysis
2015-05-20,34.3,24.1,28.9,40.3,29.2,34.3,0.0,11.1,31.7,239,23.59,976.2,loc_salem,11.6643,78.146,ECMWF_ERA5_Reanalysis
2015-05-21,34.8,24.4,29.2,40.3,29.5,34.1,0.0,11.8,34.2,234,24.69,976.6,loc_salem,11.6643,78.146,ECMWF_ERA5_Reanalysis
2015-05-22,34.6,24.1,29.0,39.7,28.5,33.7,0.0,12.2,31.7,236,25.53,976.7,loc_salem,11.6643,78.146,ECMWF_ERA5_Reanalysis
2015-05-23,34.7,24.5,28.9,40.1,29.4,34.2,2.1,11.4,33.1,244,23.69,976.7,loc_salem,11.6643,78.146,ECMWF_ERA5_Reanalysis
2015-05-24,35.4,24.7,29.1,41.0,29.8,34.3,6.7,11.3,32.4,251,25.53,977.0,loc_salem,11.6643,78.146,ECMWF_ERA5_Reanalysis
2015-05-25,36.1,25.0,29.8,40.4,30.2,34.3,0.0,13.0,36.0,257,25.52,976.7,loc_salem,11.6643,78.146,ECMWF_ERA5_Reanalysis
2015-05-26,36.1,25.4,30.1,39.4,30.1,34.0,0.0,13.0,36.4,248,25.55,976.9,loc_salem,11.6643,78.146,ECMWF_ERA5_Reanalysis
2015-05-27,35.7,24.8,29.7,39.8,29.6,34.0,0.8,13.0,34.9,254,22.38,976.6,loc_salem,11.6643,78.146,ECMWF_ERA5_Reanalysis
2015-05-28,32.9,24.8,28.5,38.8,29.7,33.4,0.5,8.9,31.3,232,17.2,975.9,loc_salem,11.6643,78.146,ECMWF_ERA5_Reanalysis
2015-05-29,34.2,25.0,28.9,40.5,29.5,34.1,3.8,12.2,31.3,243,24.13,975.3,loc_salem,11.6643,78.146,ECMWF_ERA5_Reanalysis
2015-05-30,34.7,24.9,28.6,42.1,30.2,34.2,10.8,7.9,25.6,255,23.54,975.6,loc_salem,11.6643,78.146,ECMWF_ERA5_Reanalysis
2015-05-31,34.6,24.8,28.5,41.3,29.7,33.8,6.4,10.2,28.1,234,24.4,974.9,loc_salem,11.6643,78.146,ECMWF_ERA5_Reanalysis
2015-06-01,31.9,24.8,27.5,38.6,30.0,33.0,11.3,6.8,29.9,254,18.72,975.1,loc_salem,11.6643,78.146,ECMWF_ERA5_Reanalysis
2015-06-02,33.2,24.4,28.0,37.8,29.6,33.3,3.4,8.7,25.9,272,22.21,976.2,loc_salem,11.6643,78.146,ECMWF_ERA5_Reanalysis
2015-06-03,33.6,24.7,29.0,39.2,30.1,34.3,2.6,6.1,23.8,243,23.72,975.4,loc_salem,11.6643,78.146,ECMWF_ERA5_Reanalysis
2015-06-04,32.6,25.0,27.7,39.1,30.6,33.3,11.1,6.9,23.8,214,22.08,975.7,loc_salem,11.6643,78.146,ECMWF_ERA5_Reanalysis
2015-06-05,33.0,24.5,28.3,38.8,30.0,33.5,0.3,11.1,30.2,230,23.98,976.6,loc_salem,11.6643,78.146,ECMWF_ERA5_Reanalysis
2015-06-06,33.0,24.6,28.7,38.6,29.4,33.9,0.2,8.4,32.0,230,23.27,975.8,loc_salem,11.6643,78.146,ECMWF_ERA5_Reanalysis
2015-06-07,34.4,24.8,29.3,38.5,29.2,33.2,0.2,12.0,34.2,218,24.48,975.7,loc_salem,11.6643,78.146,ECMWF_ERA5_Reanalysis
2015-06-08,33.7,24.4,28.5,38.0,28.2,32.2,1.6,12.9,42.1,227,23.6,976.3,loc_salem,11.6643,78.146,ECMWF_ERA5_Reanalysis
2015-06-09,33.4,24.1,27.9,38.7,28.2,32.6,3.1,10.0,27.4,252,23.14,977.0,loc_salem,11.6643,78.146,ECMWF_ERA5_Reanalysis
2015-06-10,32.3,24.8,28.4,36.5,29.8,33.0,0.1,11.2,37.4,255,19.4,976.2,loc_salem,11.6643,78.146,ECMWF_ERA5_Reanalysis
2015-06-11,33.4,24.4,27.8,38.3,29.3,32.4,2.4,11.8,35.3,244,21.63,975.8,loc_salem,11.6643,78.146,ECMWF_ERA5_Reanalysis
2015-06-12,32.1,24.2,27.4,36.9,29.0,31.9,2.7,12.6,46.1,260,20.11,976.3,loc_salem,11.6643,78.146,ECMWF_ERA5_Reanalysis
2015-06-13,32.6,24.5,27.6,37.1,29.2,32.1,2.6,10.6,35.3,243,20.03,975.5,loc_salem,11.6643,78.146,ECMWF_ERA5_Reanalysis
2015-06-14,33.4,24.0,28.2,36.0,28.2,31.7,0.4,16.8,45.7,268,22.82,975.1,loc_salem,11.6643,78.146,ECMWF_ERA5_Reanalysis
2015-06-15,33.1,23.7,27.8,37.8,28.0,31.8,2.5,15.5,50.8,262,20.13,974.8,loc_salem,11.6643,78.146,ECMWF_ERA5_Reanalysis
2015-06-16,30.8,23.1,26.6,33.2,27.5,30.4,0.9,14.6,51.5,259,12.92,974.7,loc_salem,11.6643,78.146,ECMWF_ERA5_Reanalysis
2015-06-17,29.0,23.9,26.2,31.4,28.5,29.9,0.7,14.4,48.2,254,7.58,973.7,loc_salem,11.6643,78.146,ECMWF_ERA5_Reanalysis
2015-06-18,27.7,23.4,25.1,30.6,27.4,28.9,2.0,14.0,41.0,248,5.98,973.9,loc_salem,11.6643,78.146,ECMWF_ERA5_Reanalysis
2015-06-19,30.3,23.4,26.2,32.0,27.8,29.7,0.3,18.5,53.3,251,11.04,973.9,loc_salem,11.6643,78.146,ECMWF_ERA5_Reanalysis
2015-06-20,32.6,23.3,27.5,33.2,27.6,30.0,0.0,20.9,67.3,254,17.11,973.5,loc_salem,11.6643,78.146,ECMWF_ERA5_Reanalysis
2015-06-21,31.1,23.6,26.7,33.2,27.1,29.6,0.6,19.9,68.0,237,14.93,974.0,loc_salem,11.6643,78.146,ECMWF_ERA5_Reanalysis
2015-06-22,31.1,24.0,26.7,33.3,28.1,30.1,1.2,19.1,53.6,233,15.87,975.0,loc_salem,11.6643,78.146,ECMWF_ERA5_Reanalysis
2015-06-23,32.0,23.5,26.9,34.8,27.7,30.2,0.7,19.1,54.4,227,18.48,976.1,loc_salem,11.6643,78.146,ECMWF_ERA5_Reanalysis
2015-06-24,31.9,24.0,27.5,34.6,28.3,30.8,0.8,16.9,45.0,236,17.97,977.1,loc_salem,11.6643,78.146,ECMWF_ERA5_Reanalysis
2015-06-25,33.1,23.6,27.9,35.5,27.8,31.0,0.8,18.7,53.6,243,18.49,976.7,loc_salem,11.6643,78.146,ECMWF_ERA5_Reanalysis
2015-06-26,32.3,24.1,27.4,34.7,27.9,30.6,1.4,18.2,58.0,243,14.67,975.8,loc_salem,11.6643,78.146,ECMWF_ERA5_Reanalysis
2015-06-27,32.3,24.1,27.7,33.5,28.0,30.6,0.0,17.6,52.2,253,13.24,975.9,loc_salem,11.6643,78.146,ECMWF_ERA5_Reanalysis
2015-06-28,34.5,23.1,28.7,36.7,27.2,31.7,0.1,15.1,45.0,254,20.55,977.4,loc_salem,11.6643,78.146,ECMWF_ERA5_Reanalysis
2015-06-29,34.8,24.1,28.0,38.7,28.5,31.9,1.4,14.5,41.8,250,21.73,978.5,loc_salem,11.6643,78.146,ECMWF_ERA5_Reanalysis
2015-06-30,34.0,23.9,28.0,37.6,28.5,31.9,1.1,12.7,44.3,255,21.88,978.4,loc_salem,11.6643,78.146,ECMWF_ERA5_Reanalysis
2015-07-01,34.7,24.0,29.1,38.0,28.5,32.8,0.1,12.1,41.4,251,23.73,978.7,loc_salem,11.6643,78.146,ECMWF_ERA5_Reanalysis
2015-07-02,34.9,24.5,29.8,38.0,28.9,33.0,0.0,13.3,44.6,262,24.2,979.0,loc_salem,11.6643,78.146,ECMWF_ERA5_Reanalysis
2015-07-03,35.4,24.7,29.3,38.8,28.7,32.7,4.5,14.9,46.4,269,23.77,978.8,loc_salem,11.6643,78.146,ECMWF_ERA5_Reanalysis
2015-07-04,35.7,24.4,29.4,37.9,28.3,32.3,0.5,17.7,52.9,271,22.79,978.3,loc_salem,11.6643,78.146,ECMWF_ERA5_Reanalysis
2015-07-05,37.0,23.7,30.1,38.0,27.3,32.2,0.0,17.3,49.7,281,24.43,976.8,loc_salem,11.6643,78.146,ECMWF_ERA5_Reanalysis
2015-07-06,36.7,23.7,30.1,37.3,26.8,31.6,0.0,18.6,51.1,277,25.81,976.1,loc_salem,11.6643,78.146,ECMWF_ERA5_Reanalysis
2015-07-07,35.2,23.5,29.5,35.3,26.1,30.6,0.0,18.7,49.0,274,22.29,975.6,loc_salem,11.6643,78.146,ECMWF_ERA5_Reanalysis
2015-07-08,36.5,24.1,29.9,38.7,27.0,31.7,0.4,18.8,52.6,272,22.58,976.3,loc_salem,11.6643,78.146,ECMWF_ERA5_Reanalysis
2015-07-09,35.3,24.5,29.2,37.3,27.3,31.1,1.2,21.0,54.7,272,20.24,976.9,loc_salem,11.6643,78.146,ECMWF_ERA5_Reanalysis
2015-07-10,33.1,24.6,28.6,35.7,28.1,30.9,3.2,19.1,63.4,263,18.11,975.4,loc_salem,11.6643,78.146,ECMWF_ERA5_Reanalysis
2015-07-11,35.2,24.4,29.1,37.0,28.0,31.1,0.2,21.0,60.1,271,20.93,975.7,loc_salem,11.6643,78.146,ECMWF_ERA5_Reanalysis
2015-07-12,35.9,24.1,29.9,37.1,27.0,31.7,0.0,21.2,54.7,280,21.97,975.8,loc_salem,11.6643,78.146,ECMWF_ERA5_Reanalysis
2015-07-13,36.5,24.1,30.4,38.7,27.6,32.8,0.0,15.3,49.0,279,24.47,975.3,loc_salem,11.6643,78.146,ECMWF_ERA5_Reanalysis
2015-07-14,35.7,25.3,30.1,38.8,28.9,33.0,2.0,14.3,46.8,270,21.75,974.3,loc_salem,11.6643,78.146,ECMWF_ERA5_Reanalysis
2015-07-15,34.1,25.0,28.3,37.4,29.2,31.9,7.2,15.5,55.8,264,16.58,973.5,loc_salem,11.6643,78.146,ECMWF_ERA5_Reanalysis
2015-07-16,34.3,24.6,28.5,36.9,28.6,31.3,0.0,17.8,53.3,269,17.91,972.9,loc_salem,11.6643,78.146,ECMWF_ERA5_Reanalysis
2015-07-17,34.0,24.1,28.2,36.9,27.7,30.9,1.9,18.4,55.8,263,20.0,973.7,loc_salem,11.6643,78.146,ECMWF_ERA5_Reanalysis
2015-07-18,33.4,24.6,27.9,34.6,28.2,30.2,1.0,20.3,65.5,263,13.94,975.0,loc_salem,11.6643,78.146,ECMWF_ERA5_Reanalysis
2015-07-19,31.3,23.4,25.9,32.9,27.7,29.6,5.3,20.6,76.0,262,11.74,975.6,loc_salem,11.6643,78.146,ECMWF_ERA5_Reanalysis
2015-07-20,32.6,23.3,26.5,33.7,27.5,29.7,2.8,21.4,53.3,270,13.38,974.4,loc_salem,11.6643,78.146,ECMWF_ERA5_Reanalysis
2015-07-21,33.0,23.1,26.8,35.7,27.4,30.4,2.2,16.4,47.2,261,16.0,974.6,loc_salem,11.6643,78.146,ECMWF_ERA5_Reanalysis
2015-07-22,33.6,23.0,26.6,37.6,27.3,30.7,7.3,17.3,53.3,259,18.64,975.3,loc_salem,11.6643,78.146,ECMWF_ERA5_Reanalysis
2015-07-23,32.0,23.8,26.5,35.9,28.3,30.6,8.6,14.4,39.6,239,17.42,976.4,loc_salem,11.6643,78.146,ECMWF_ERA5_Reanalysis
2015-07-24,30.2,22.9,25.6,32.9,27.2,29.5,1.2,12.2,39.2,242,9.25,977.8,loc_salem,11.6643,78.146,ECMWF_ERA5_Reanalysis
2015-07-25,31.6,23.0,26.2,34.1,27.5,30.0,0.7,15.2,43.6,264,14.36,977.4,loc_salem,11.6643,78.146,ECMWF_ERA5_Reanalysis
2015-07-26,30.9,23.1,26.2,34.6,27.5,30.2,6.1,14.5,45.4,254,15.94,977.8,loc_salem,11.6643,78.146,ECMWF_ERA5_Reanalysis
2015-07-27,31.8,23.6,26.7,36.2,28.2,30.8,6.0,15.5,42.5,275,18.3,978.5,loc_salem,11.6643,78.146,ECMWF_ERA5_Reanalysis
2015-07-28,33.1,24.2,27.4,37.5,28.3,31.4,1.4,14.0,41.4,265,21.69,978.9,loc_salem,11.6643,78.146,ECMWF_ERA5_Reanalysis
2015-07-29,33.6,24.3,28.5,36.5,29.0,32.0,0.2,13.0,43.2,257,23.69,978.2,loc_salem,11.6643,78.146,ECMWF_ERA5_Reanalysis
2015-07-30,33.2,23.9,28.3,36.2,27.6,31.3,0.0,13.6,39.6,266,23.02,978.0,loc_salem,11.6643,78.146,ECMWF_ERA5_Reanalysis
2015-07-31,33.3,24.4,28.2,36.7,28.3,31.5,1.5,13.8,44.3,274,21.75,977.7,loc_salem,11.6643,78.146,ECMWF_ERA5_Reanalysis
2015-08-01,32.5,24.6,27.5,34.9,28.7,31.0,5.1,11.3,42.8,274,16.66,978.6,loc_salem,11.6643,78.146,ECMWF_ERA5_Reanalysis
2015-08-02,30.9,23.8,26.7,33.7,28.3,30.4,2.8,12.9,44.3,270,14.48,978.6,loc_salem,11.6643,78.146,ECMWF_ERA5_Reanalysis
2015-08-03,31.8,23.4,26.9,35.8,27.6,30.8,1.4,13.7,51.8,261,20.1,977.6,loc_salem,11.6643,78.146,ECMWF_ERA5_Reanalysis
2015-08-04,32.7,22.8,26.8,35.8,27.0,30.5,3.5,15.1,46.1,259,20.4,977.1,loc_salem,11.6643,78.146,ECMWF_ERA5_Reanalysis
2015-08-05,33.0,22.5,26.7,35.9,26.5,30.2,1.9,16.6,50.0,257,19.99,977.0,loc_salem,11.6643,78.146,ECMWF_ERA5_Reanalysis
2015-08-06,33.6,22.5,28.0,35.6,26.3,30.5,0.0,20.3,56.9,266,21.15,975.9,loc_salem,11.6643,78.146,ECMWF_ERA5_Reanalysis
2015-08-07,33.3,23.0,28.2,35.6,26.5,30.8,0.0,17.3,57.2,263,20.45,975.8,loc_salem,11.6643,78.146,ECMWF_ERA5_Reanalysis
2015-08-08,34.9,23.8,28.8,37.2,27.3,31.4,0.0,17.8,54.4,267,21.91,975.7,loc_salem,11.6643,78.146,ECMWF_ERA5_Reanalysis
2015-08-09,34.3,24.0,28.6,36.5,27.9,31.7,1.3,18.2,54.7,264,20.51,974.0,loc_salem,11.6643,78.146,ECMWF_ERA5_Reanalysis
2015-08-10,34.0,24.5,28.0,36.9,28.8,31.2,2.1,17.9,58.7,268,17.2,973.7,loc_salem,11.6643,78.146,ECMWF_ERA5_Reanalysis
2015-08-11,34.2,24.1,28.2,36.7,28.3,31.5,2.3,17.4,50.4,267,17.75,975.2,loc_salem,11.6643,78.146,ECMWF_ERA5_Reanalysis
2015-08-12,31.6,24.0,27.7,33.5,27.8,30.3,0.0,14.8,47.2,268,12.95,976.5,loc_salem,11.6643,78.146,ECMWF_ERA5_Reanalysis
2015-08-13,33.4,23.7,28.2,34.8,27.7,30.9,0.0,17.5,52.6,266,15.94,976.3,loc_salem,11.6643,78.146,ECMWF_ERA5_Reanalysis
2015-08-14,34.7,24.1,29.2,37.0,27.7,31.9,0.5,15.1,51.1,267,21.72,976.4,loc_salem,11.6643,78.146,ECMWF_ERA5_Reanalysis
2015-08-15,35.8,24.5,29.7,38.7,28.6,32.9,0.5,13.4,38.9,268,22.17,977.0,loc_salem,11.6643,78.146,ECMWF_ERA5_Reanalysis
2015-08-16,32.1,24.2,27.8,34.3,29.2,31.7,16.3,11.3,33.1,272,15.69,978.2,loc_salem,11.6643,78.146,ECMWF_ERA5_Reanalysis
2015-08-17,31.8,24.1,26.5,38.1,29.1,31.6,57.2,8.7,25.9,326,18.79,977.1,loc_salem,11.6643,78.146,ECMWF_ERA5_Reanalysis
2015-08-18,30.8,22.8,26.6,35.8,27.7,31.4,6.0,6.8,22.0,134,20.56,977.5,loc_salem,11.6643,78.146,ECMWF_ERA5_Reanalysis
2015-08-19,31.5,23.9,27.1,36.3,29.1,31.9,1.1,11.2,30.6,172,20.76,978.3,loc_salem,11.6643,78.146,ECMWF_ERA5_Reanalysis
2015-08-20,32.5,25.0,28.4,37.2,30.0,32.9,0.0,13.0,31.7,225,23.5,978.7,loc_salem,11.6643,78.146,ECMWF_ERA5_Reanalysis
2015-08-21,30.6,24.0,27.2,35.1,28.5,31.7,1.1,10.0,33.1,244,17.47,978.8,loc_salem,11.6643,78.146,ECMWF_ERA5_Reanalysis
2015-08-22,27.3,23.6,25.2,31.5,28.4,30.0,6.6,8.0,32.4,247,10.38,978.2,loc_salem,11.6643,78.146,ECMWF_ERA5_Reanalysis
2015-08-23,31.1,23.2,25.6,36.2,27.6,30.2,9.5,13.3,47.2,250,16.86,977.9,loc_salem,11.6643,78.146,ECMWF_ERA5_Reanalysis
2015-08-24,31.9,23.4,27.0,35.4,28.2,30.9,0.1,13.0,42.1,266,20.87,978.3,loc_salem,11.6643,78.146,ECMWF_ERA5_Reanalysis
2015-08-25,33.0,23.6,27.8,35.6,28.0,31.2,0.0,14.5,40.7,272,24.07,977.3,loc_salem,11.6643,78.146,ECMWF_ERA5_Reanalysis
2015-08-26,32.4,23.7,27.6,35.1,27.5,30.6,0.0,14.1,39.2,268,20.84,976.2,loc_salem,11.6643,78.146,ECMWF_ERA5_Reanalysis
2015-08-27,32.1,23.3,27.0,36.0,27.3,30.9,1.2,13.4,47.9,258,20.16,975.9,loc_salem,11.6643,78.146,ECMWF_ERA5_Reanalysis
2015-08-28,32.7,23.5,27.6,35.6,27.7,30.9,0.0,12.0,33.1,254,23.23,976.8,loc_salem,11.6643,78.146,ECMWF_ERA5_Reanalysis
2015-08-29,33.2,23.4,28.2,36.1,27.3,31.5,0.0,13.3,37.8,253,24.41,976.6,loc_salem,11.6643,78.146,ECMWF_ERA5_Reanalysis
2015-08-30,33.7,24.0,28.6,37.0,28.1,32.0,0.0,11.3,36.0,255,24.68,977.3,loc_salem,11.6643,78.146,ECMWF_ERA5_Reanalysis
2015-08-31,33.8,24.1,28.7,37.3,28.0,32.1,0.0,10.9,37.8,261,24.52,978.0,loc_salem,11.6643,78.146,ECMWF_ERA5_Reanalysis
2015-09-01,34.7,25.0,29.6,37.9,29.1,33.0,0.0,10.5,29.9,250,23.64,976.9,loc_salem,11.6643,78.146,ECMWF_ERA5_Reanalysis
2015-09-02,35.2,25.2,29.8,38.2,29.5,33.2,0.0,8.4,28.1,244,23.97,976.4,loc_salem,11.6643,78.146,ECMWF_ERA5_Reanalysis
2015-09-03,33.2,24.9,28.4,39.0,29.8,33.1,10.9,5.6,19.8,194,18.3,977.5,loc_salem,11.6643,78.146,ECMWF_ERA5_Reanalysis
2015-09-04,33.7,23.6,27.6,39.7,28.9,32.9,9.7,5.8,19.4,182,22.73,979.4,loc_salem,11.6643,78.146,ECMWF_ERA5_Reanalysis
2015-09-05,31.7,23.7,26.7,38.2,28.7,31.9,22.3,7.8,25.6,205,19.64,980.2,loc_salem,11.6643,78.146,ECMWF_ERA5_Reanalysis
2015-09-06,31.9,23.5,26.8,37.1,28.5,31.6,3.9,10.7,31.0,218,22.05,979.8,loc_salem,11.6643,78.146,ECMWF_ERA5_Reanalysis
2015-09-07,30.1,24.0,26.4,34.3,28.5,30.4,2.1,14.8,41.8,220,16.05,979.9,loc_salem,11.6643,78.146,ECMWF_ERA5_Reanalysis
2015-09-08,30.6,23.3,26.1,33.7,26.4,29.2,0.4,15.5,51.1,228,15.6,979.4,loc_salem,11.6643,78.146,ECMWF_ERA5_Reanalysis
2015-09-09,30.9,22.7,26.8,35.4,26.4,30.2,1.0,14.5,44.6,229,21.34,978.9,loc_salem,11.6643,78.146,ECMWF_ERA5_Reanalysis
2015-09-10,31.7,23.7,26.9,35.1,27.8,30.8,1.7,11.4,39.6,243,19.45,978.6,loc_salem,11.6643,78.146,ECMWF_ERA5_Reanalysis
2015-09-11,32.8,23.8,27.9,36.1,28.0,31.2,0.0,12.3,35.6,251,22.07,977.9,loc_salem,11.6643,78.146,ECMWF_ERA5_Reanalysis
2015-09-12,33.8,23.7,27.3,37.7,27.5,31.2,3.0,12.0,39.6,251,21.91,977.9,loc_salem,11.6643,78.146,ECMWF_ERA5_Reanalysis
2015-09-13,34.0,23.5,28.2,36.4,28.0,31.4,0.0,13.7,38.9,258,22.39,978.4,loc_salem,11.6643,78.146,ECMWF_ERA5_Reanalysis
2015-09-14,33.6,23.2,28.1,34.5,26.7,30.6,0.0,15.5,40.7,257,20.58,977.8,loc_salem,11.6643,78.146,ECMWF_ERA5_Reanalysis
2015-09-15,33.6,23.6,28.3,34.8,26.2,29.9,0.1,17.3,43.6,258,18.31,976.4,loc_salem,11.6643,78.146,ECMWF_ERA5_Reanalysis
2015-09-16,34.2,23.7,28.7,35.7,26.5,30.5,0.1,19.6,56.2,271,17.25,974.7,loc_salem,11.6643,78.146,ECMWF_ERA5_Reanalysis
2015-09-17,34.1,23.8,29.0,35.7,27.5,31.6,0.0,17.3,46.4,263,17.77,974.0,loc_salem,11.6643,78.146,ECMWF_ERA5_Reanalysis
2015-09-18,35.0,24.1,29.4,37.1,28.2,32.3,0.0,14.5,44.6,257,21.56,974.7,loc_salem,11.6643,78.146,ECMWF_ERA5_Reanalysis
2015-09-19,32.7,24.9,28.7,35.8,29.1,31.9,0.0,11.4,34.6,245,16.44,975.5,loc_salem,11.6643,78.146,ECMWF_ERA5_Reanalysis
2015-09-20,34.2,24.2,27.8,37.5,28.2,31.9,5.6,10.2,33.1,244,18.86,975.7,loc_salem,11.6643,78.146,ECMWF_ERA5_Reanalysis
2015-09-21,34.2,24.1,28.7,36.9,29.0,32.2,0.0,7.6,25.6,246,22.17,976.5,loc_salem,11.6643,78.146,ECMWF_ERA5_Reanalysis
2015-09-22,34.9,24.8,29.6,38.4,28.7,32.8,0.0,6.0,19.1,209,21.16,976.9,loc_salem,11.6643,78.146,ECMWF_ERA5_Reanalysis
2015-09-23,35.3,25.5,29.3,40.7,30.1,33.7,6.4,6.9,20.9,158,22.95,978.5,loc_salem,11.6643,78.146,ECMWF_ERA5_Reanalysis
2015-09-24,34.3,24.2,28.1,39.4,29.2,33.0,15.8,6.8,20.2,203,20.82,978.2,loc_salem,11.6643,78.146,ECMWF_ERA5_Reanalysis
2015-09-25,33.5,23.4,28.0,39.0,28.3,32.6,6.4,6.8,23.8,275,22.29,977.0,loc_salem,11.6643,78.146,ECMWF_ERA5_Reanalysis
2015-09-26,34.0,23.9,27.8,39.5,29.3,32.9,24.4,7.9,25.6,316,23.81,977.0,loc_salem,11.6643,78.146,ECMWF_ERA5_Reanalysis
2015-09-27,32.9,23.9,27.1,38.8,29.0,32.4,11.0,5.9,25.9,317,22.39,977.3,loc_salem,11.6643,78.146,ECMWF_ERA5_Reanalysis
2015-09-28,31.7,23.6,26.3,37.6,28.2,31.5,32.3,5.2,21.6,359,19.16,976.5,loc_salem,11.6643,78.146,ECMWF_ERA5_Reanalysis
2015-09-29,30.8,23.0,25.7,37.4,28.1,31.1,16.7,8.8,24.5,95,18.75,976.4,loc_salem,11.6643,78.146,ECMWF_ERA5_Reanalysis
2015-09-30,29.7,23.5,25.7,35.6,28.5,30.8,6.4,7.7,26.6,128,18.42,977.9,loc_salem,11.6643,78.146,ECMWF_ERA5_Reanalysis
2015-10-01,29.0,23.3,26.0,33.2,28.4,30.5,1.5,9.1,26.6,182,17.29,979.0,loc_salem,11.6643,78.146,ECMWF_ERA5_Reanalysis
2015-10-02,31.2,23.6,27.1,34.9,28.4,31.5,0.4,11.3,33.5,230,20.6,980.3,loc_salem,11.6643,78.146,ECMWF_ERA5_Reanalysis
2015-10-03,30.8,24.4,27.1,34.2,29.1,31.4,0.4,10.7,32.8,257,17.4,980.5,loc_salem,11.6643,78.146,ECMWF_ERA5_Reanalysis
2015-10-04,30.7,24.3,26.7,35.4,29.1,31.5,5.3,12.6,38.5,273,15.51,980.0,loc_salem,11.6643,78.146,ECMWF_ERA5_Reanalysis
2015-10-05,28.6,23.5,24.8,33.4,28.3,29.8,14.0,6.9,25.9,243,11.22,979.2,loc_salem,11.6643,78.146,ECMWF_ERA5_Reanalysis
2015-10-06,30.1,22.8,26.1,36.1,27.6,31.0,2.4,7.6,24.5,237,20.32,978.0,loc_salem,11.6643,78.146,ECMWF_ERA5_Reanalysis
2015-10-07,31.3,22.9,26.9,35.6,27.6,31.3,0.2,11.5,33.5,231,22.13,978.0,loc_salem,11.6643,78.146,ECMWF_ERA5_Reanalysis
2015-10-08,31.4,23.3,27.0,36.0,27.3,31.1,0.7,13.2,40.0,226,21.78,978.5,loc_salem,11.6643,78.146,ECMWF_ERA5_Reanalysis
2015-10-09,30.8,22.8,26.6,36.1,26.8,30.6,1.2,13.7,44.6,230,20.36,978.5,loc_salem,11.6643,78.146,ECMWF_ERA5_Reanalysis
2015-10-10,31.7,23.2,26.7,37.0,27.4,31.2,5.9,11.8,37.1,232,21.75,979.2,loc_salem,11.6643,78.146,ECMWF_ERA5_Reanalysis
2015-10-11,31.0,23.7,26.5,37.2,28.9,32.0,20.0,4.7,19.1,269,18.66,980.1,loc_salem,11.6643,78.146,ECMWF_ERA5_Reanalysis
2015-10-12,29.2,23.6,26.1,34.2,28.4,30.9,5.5,5.8,23.8,57,12.38,980.7,loc_salem,11.6643,78.146,ECMWF_ERA5_Reanalysis
2015-10-13,31.9,23.1,27.2,36.6,27.8,31.5,0.0,7.6,21.2,116,22.34,980.3,loc_salem,11.6643,78.146,ECMWF_ERA5_Reanalysis
2015-10-14,31.6,23.3,27.2,36.0,27.1,30.8,0.0,6.9,21.6,91,22.69,980.7,loc_salem,11.6643,78.146,ECMWF_ERA5_Reanalysis
2015-10-15,31.9,22.9,27.5,36.5,26.3,30.9,0.0,6.9,16.2,102,23.68,980.4,loc_salem,11.6643,78.146,ECMWF_ERA5_Reanalysis
2015-10-16,32.2,23.4,27.6,36.4,26.6,31.1,0.0,7.8,22.0,73,22.95,980.4,loc_salem,11.6643,78.146,ECMWF_ERA5_Reanalysis
2015-10-17,32.0,23.7,27.3,36.3,27.5,30.9,0.0,9.0,23.4,77,23.36,980.9,loc_salem,11.6643,78.146,ECMWF_ERA5_Reanalysis
2015-10-18,32.3,22.7,27.3,36.6,26.3,31.1,0.1,7.7,27.7,72,21.59,981.5,loc_salem,11.6643,78.146,ECMWF_ERA5_Reanalysis
2015-10-19,32.2,24.6,27.3,36.5,29.3,31.7,1.1,9.4,29.2,75,19.07,981.2,loc_salem,11.6643,78.146,ECMWF_ERA5_Reanalysis
2015-10-20,31.3,23.7,27.2,35.8,28.9,31.5,0.0,6.9,25.6,95,20.12,979.7,loc_salem,11.6643,78.146,ECMWF_ERA5_Reanalysis
2015-10-21,32.6,24.4,28.0,36.3,28.8,31.6,0.2,9.8,25.9,87,21.93,979.2,loc_salem,11.6643,78.146,ECMWF_ERA5_Reanalysis
2015-10-22,33.4,23.9,28.0,36.2,26.6,30.8,0.0,10.3,26.3,68,23.19,979.9,loc_salem,11.6643,78.146,ECMWF_ERA5_Reanalysis
2015-10-23,33.2,22.6,27.4,35.8,25.5,29.7,0.0,8.7,23.4,58,24.29,979.6,loc_salem,11.6643,78.146,ECMWF_ERA5_Reanalysis
2015-10-24,32.5,24.0,27.4,36.1,27.7,31.0,0.0,11.3,33.8,78,18.33,979.4,loc_salem,11.6643,78.146,ECMWF_ERA5_Reanalysis
2015-10-25,32.8,22.0,27.4,34.3,25.5,29.7,0.0,13.4,31.3,71,23.23,980.5,loc_salem,11.6643,78.146,ECMWF_ERA5_Reanalysis
2015-10-26,31.8,22.5,27.3,34.4,26.5,30.0,0.0,12.4,35.6,56,19.45,981.0,loc_salem,11.6643,78.146,ECMWF_ERA5_Reanalysis
2015-10-27,31.6,24.2,27.0,33.7,28.2,30.2,3.6,8.0,25.9,49,13.55,980.7,loc_salem,11.6643,78.146,ECMWF_ERA5_Reanalysis
2015-10-28,31.8,23.7,26.2,36.2,28.5,30.4,3.8,10.2,31.0,70,14.37,980.6,loc_salem,11.6643,78.146,ECMWF_ERA5_Reanalysis
2015-10-29,31.5,22.8,26.7,34.7,27.3,30.4,0.5,11.3,29.9,59,18.08,979.8,loc_salem,11.6643,78.146,ECMWF_ERA5_Reanalysis
2015-10-30,31.9,23.0,27.0,35.0,27.3,30.8,0.9,11.0,35.6,56,18.03,978.8,loc_salem,11.6643,78.146,ECMWF_ERA5_Reanalysis
2015-10-31,29.7,23.3,25.5,33.3,28.1,29.9,6.5,8.0,25.6,76,8.31,978.8,loc_salem,11.6643,78.146,ECMWF_ERA5_Reanalysis
2015-11-01,28.8,22.8,25.0,32.8,27.2,29.4,11.7,9.6,33.5,133,13.05,979.8,loc_salem,11.6643,78.146,ECMWF_ERA5_Reanalysis
2015-11-02,28.5,23.1,25.1,32.9,27.5,29.6,4.4,6.6,32.4,154,11.77,980.9,loc_salem,11.6643,78.146,ECMWF_ERA5_Reanalysis
2015-11-03,29.3,22.8,25.4,34.1,27.7,30.1,18.6,4.9,19.1,200,14.0,981.0,loc_salem,11.6643,78.146,ECMWF_ERA5_Reanalysis
2015-11-04,29.2,22.9,25.5,35.2,28.0,30.6,30.2,5.2,17.6,49,16.29,980.5,loc_salem,11.6643,78.146,ECMWF_ERA5_Reanalysis
2015-11-05,29.5,23.0,25.2,35.5,27.4,30.1,8.2,4.7,26.6,32,16.21,980.2,loc_salem,11.6643,78.146,ECMWF_ERA5_Reanalysis
2015-11-06,30.3,22.4,26.0,33.8,26.8,29.8,0.0,10.2,28.4,47,18.21,979.2,loc_salem,11.6643,78.146,ECMWF_ERA5_Reanalysis
2015-11-07,28.9,23.1,26.0,32.5,27.3,29.8,0.0,12.2,36.4,51,14.35,979.7,loc_salem,11.6643,78.146,ECMWF_ERA5_Reanalysis
2015-11-08,28.2,22.5,24.4,31.4,26.6,28.5,23.8,9.0,39.2,11,8.33,979.5,loc_salem,11.6643,78.146,ECMWF_ERA5_Reanalysis
2015-11-09,24.3,22.4,23.2,27.4,24.3,25.9,107.9,18.8,68.4,286,2.26,976.0,loc_salem,11.6643,78.146,ECMWF_ERA5_Reanalysis
2015-11-10,23.3,19.9,21.7,26.5,21.1,24.1,66.2,18.8,66.2,256,4.18,975.2,loc_salem,11.6643,78.146,ECMWF_ERA5_Reanalysis
2015-11-11,26.0,22.5,24.0,30.3,26.8,28.5,0.0,4.7,19.4,71,8.25,977.9,loc_salem,11.6643,78.146,ECMWF_ERA5_Reanalysis
2015-11-12,28.9,22.1,25.0,34.8,26.1,29.5,4.3,8.4,24.8,51,15.61,980.4,loc_salem,11.6643,78.146,ECMWF_ERA5_Reanalysis
2015-11-13,26.1,21.5,23.2,29.5,24.3,26.9,18.8,12.7,35.3,16,6.01,981.3,loc_salem,11.6643,78.146,ECMWF_ERA5_Reanalysis
2015-11-14,25.5,20.4,22.8,27.7,23.3,25.5,4.9,5.6,29.2,11,6.53,979.4,loc_salem,11.6643,78.146,ECMWF_ERA5_Reanalysis
2015-11-15,23.5,20.2,20.9,25.9,22.3,23.4,48.6,9.0,37.1,338,4.31,977.8,loc_salem,11.6643,78.146,ECMWF_ERA5_Reanalysis
2015-11-16,25.5,19.8,22.3,29.0,22.4,25.6,58.3,6.4,23.8,326,6.51,976.4,loc_salem,11.6643,78.146,ECMWF_ERA5_Reanalysis
2015-11-17,26.4,20.6,23.3,28.9,23.7,26.4,0.0,10.9,26.3,326,9.93,976.8,loc_salem,11.6643,78.146,ECMWF_ERA5_Reanalysis
2015-11-18,26.2,21.2,23.8,29.8,24.9,27.6,0.8,6.6,18.4,13,8.05,977.9,loc_salem,11.6643,78.146,ECMWF_ERA5_Reanalysis
2015-11-19,28.1,22.8,24.4,32.8,27.3,28.8,8.3,6.1,21.2,68,10.59,978.9,loc_salem,11.6643,78.146,ECMWF_ERA5_Reanalysis
2015-11-20,27.8,22.5,24.3,32.1,26.6,28.5,2.6,9.9,32.0,79,10.02,979.2,loc_salem,11.6643,78.146,ECMWF_ERA5_Reanalysis
2015-11-21,28.8,22.5,24.8,33.0,26.7,28.7,2.4,13.0,39.2,62,15.93,979.3,loc_salem,11.6643,78.146,ECMWF_ERA5_Reanalysis
2015-11-22,26.8,22.8,23.8,30.4,26.8,27.9,10.8,11.5,43.2,60,5.97,979.5,loc_salem,11.6643,78.146,ECMWF_ERA5_Reanalysis
2015-11-23,25.8,22.3,23.7,30.0,26.1,27.8,3.9,9.2,26.3,65,5.57,980.5,loc_salem,11.6643,78.146,ECMWF_ERA5_Reanalysis
2015-11-24,28.3,22.0,24.6,32.0,26.0,28.5,3.5,9.9,30.6,63,15.07,980.8,loc_salem,11.6643,78.146,ECMWF_ERA5_Reanalysis
2015-11-25,28.6,21.3,24.4,31.5,23.5,27.2,0.0,9.4,25.6,48,21.18,980.6,loc_salem,11.6643,78.146,ECMWF_ERA5_Reanalysis
2015-11-26,28.9,19.7,24.3,31.8,22.0,27.3,0.0,10.5,31.7,41,17.04,980.5,loc_salem,11.6643,78.146,ECMWF_ERA5_Reanalysis
2015-11-27,29.3,21.9,25.1,33.1,24.9,28.5,0.0,7.2,20.9,69,19.4,979.6,loc_salem,11.6643,78.146,ECMWF_ERA5_Reanalysis
2015-11-28,28.3,19.6,23.7,31.8,22.0,26.3,0.0,7.9,22.3,44,20.54,981.0,loc_salem,11.6643,78.146,ECMWF_ERA5_Reanalysis
2015-11-29,26.9,20.3,23.4,30.6,22.9,26.8,13.0,8.5,37.8,50,8.65,981.7,loc_salem,11.6643,78.146,ECMWF_ERA5_Reanalysis
2015-11-30,27.5,22.4,24.2,31.3,26.7,28.2,18.2,11.0,31.7,46,10.05,981.9,loc_salem,11.6643,78.146,ECMWF_ERA5_Reanalysis
2015-12-01,26.2,22.6,23.5,30.3,26.7,27.6,27.6,11.0,36.7,22,5.37,980.2,loc_salem,11.6643,78.146,ECMWF_ERA5_Reanalysis
2015-12-02,25.3,22.6,23.4,29.7,26.8,27.9,41.9,5.5,24.5,38,3.68,980.1,loc_salem,11.6643,78.146,ECMWF_ERA5_Reanalysis
2015-12-03,25.1,22.5,23.5,29.0,26.5,27.4,5.1,8.7,28.1,16,4.88,980.5,loc_salem,11.6643,78.146,ECMWF_ERA5_Reanalysis
2015-12-04,27.5,20.9,24.2,29.5,24.0,26.9,0.4,16.5,42.1,38,10.81,980.0,loc_salem,11.6643,78.146,ECMWF_ERA5_Reanalysis
2015-12-05,26.4,22.3,23.9,29.1,24.7,26.6,4.3,19.5,49.3,46,7.68,980.0,loc_salem,11.6643,78.146,ECMWF_ERA5_Reanalysis
2015-12-06,25.0,22.8,23.6,28.3,26.0,27.0,1.6,11.5,38.9,42,4.55,980.6,loc_salem,11.6643,78.146,ECMWF_ERA5_Reanalysis
2015-12-07,26.1,21.7,23.8,28.1,24.9,26.6,1.5,14.8,41.8,43,8.71,981.2,loc_salem,11.6643,78.146,ECMWF_ERA5_Reanalysis
2015-12-08,26.0,21.1,23.4,28.4,24.0,26.2,4.3,11.5,41.8,33,9.72,981.8,loc_salem,11.6643,78.146,ECMWF_ERA5_Reanalysis
2015-12-09,26.4,21.5,24.0,30.1,23.9,27.3,0.0,9.9,26.3,44,8.38,982.0,loc_salem,11.6643,78.146,ECMWF_ERA5_Reanalysis
2015-12-10,28.4,22.6,25.1,31.8,26.7,29.1,1.4,11.4,32.8,67,13.44,981.8,loc_salem,11.6643,78.146,ECMWF_ERA5_Reanalysis
2015-12-11,28.2,22.8,24.8,32.5,27.1,29.2,1.3,5.4,19.8,74,11.87,980.8,loc_salem,11.6643,78.146,ECMWF_ERA5_Reanalysis
2015-12-12,27.6,22.5,24.6,31.6,26.5,29.0,1.2,6.8,20.9,84,10.59,979.9,loc_salem,11.6643,78.146,ECMWF_ERA5_Reanalysis
2015-12-13,28.7,22.8,25.4,32.3,27.6,29.6,0.0,5.6,16.6,117,13.29,980.0,loc_salem,11.6643,78.146,ECMWF_ERA5_Reanalysis
2015-12-14,28.6,22.6,25.4,32.9,26.5,29.5,0.6,6.5,19.8,84,14.82,980.6,loc_salem,11.6643,78.146,ECMWF_ERA5_Reanalysis
2015-12-15,28.6,22.8,25.1,32.6,27.3,29.5,1.5,5.1,17.3,104,12.96,980.6,loc_salem,11.6643,78.146,ECMWF_ERA5_Reanalysis
2015-12-16,28.6,20.6,24.8,32.5,22.8,28.5,0.0,7.9,23.4,76,16.62,981.2,loc_salem,11.6643,78.146,ECMWF_ERA5_Reanalysis
2015-12-17,28.1,18.8,23.2,30.5,20.8,25.7,0.0,7.1,22.7,75,18.02,981.2,loc_salem,11.6643,78.146,ECMWF_ERA5_Reanalysis
2015-12-18,27.7,19.7,24.0,31.1,22.6,27.4,0.4,7.0,22.3,84,13.73,981.8,loc_salem,11.6643,78.146,ECMWF_ERA5_Reanalysis
2015-12-19,28.7,21.2,24.8,31.5,24.8,28.3,0.5,9.5,25.9,78,15.58,983.5,loc_salem,11.6643,78.146,ECMWF_ERA5_Reanalysis
2015-12-20,28.6,21.7,24.8,31.4,25.6,28.1,0.0,9.0,25.9,77,14.1,983.3,loc_salem,11.6643,78.146,ECMWF_ERA5_Reanalysis
2015-12-21,29.0,22.0,24.8,32.6,23.9,27.8,0.0,6.9,16.2,79,19.36,983.1,loc_salem,11.6643,78.146,ECMWF_ERA5_Reanalysis
2015-12-22,28.9,19.6,23.9,32.2,21.8,26.5,0.0,7.0,20.9,73,20.82,983.5,loc_salem,11.6643,78.146,ECMWF_ERA5_Reanalysis
2015-12-23,28.3,19.2,23.6,31.1,21.4,26.0,0.0,7.4,20.9,64,17.15,983.7,loc_salem,11.6643,78.146,ECMWF_ERA5_Reanalysis
2015-12-24,28.7,19.4,23.8,31.8,21.9,26.3,0.0,8.4,23.0,56,19.12,982.8,loc_salem,11.6643,78.146,ECMWF_ERA5_Reanalysis
2015-12-25,28.4,19.6,23.5,30.6,22.1,25.6,0.0,12.6,32.0,50,18.09,982.7,loc_salem,11.6643,78.146,ECMWF_ERA5_Reanalysis
2015-12-26,28.8,18.6,23.5,30.3,20.5,25.4,0.0,14.5,38.5,52,18.2,983.0,loc_salem,11.6643,78.146,ECMWF_ERA5_Reanalysis
2015-12-27,27.8,19.6,23.7,29.0,21.6,25.6,0.0,18.6,45.4,55,11.09,984.0,loc_salem,11.6643,78.146,ECMWF_ERA5_Reanalysis
2015-12-28,28.8,20.0,23.8,29.9,21.7,25.4,0.0,15.0,38.2,56,18.01,985.4,loc_salem,11.6643,78.146,ECMWF_ERA5_Reanalysis
2015-12-29,28.2,17.6,22.8,30.4,19.0,24.7,0.0,12.4,32.8,60,15.41,984.2,loc_salem,11.6643,78.146,ECMWF_ERA5_Reanalysis
2015-12-30,28.7,16.9,22.5,30.0,18.1,23.9,0.0,11.8,32.0,52,21.05,983.1,loc_salem,11.6643,78.146,ECMWF_ERA5_Reanalysis
2015-12-31,28.2,16.4,22.1,29.6,17.3,23.5,0.0,12.5,34.9,59,20.64,983.7,loc_salem,11.6643,78.146,ECMWF_ERA5_Reanalysis
2016-01-01,28.0,17.2,22.3,29.1,18.7,23.5,0.0,13.9,38.5,51,18.81,985.1,loc_salem,11.6643,78.146,ECMWF_ERA5_Reanalysis
2016-01-02,28.3,17.4,22.2,29.2,18.7,23.2,0.0,13.0,34.6,47,20.55,985.5,loc_salem,11.6643,78.146,ECMWF_ERA5_Reanalysis
2016-01-03,29.5,15.9,22.5,29.7,16.4,22.9,0.0,11.8,32.0,54,21.9,984.2,loc_salem,11.6643,78.146,ECMWF_ERA5_Reanalysis
2016-01-04,29.4,16.0,22.6,29.9,16.5,23.2,0.0,11.0,31.3,60,21.91,984.2,loc_salem,11.6643,78.146,ECMWF_ERA5_Reanalysis
2016-01-05,28.9,16.5,22.5,30.6,17.3,23.9,0.0,8.6,25.9,61,20.27,983.5,loc_salem,11.6643,78.146,ECMWF_ERA5_Reanalysis
2016-01-06,29.2,19.2,24.1,31.5,21.5,26.1,0.0,9.4,25.6,60,17.77,983.3,loc_salem,11.6643,78.146,ECMWF_ERA5_Reanalysis
2016-01-07,28.5,18.6,23.2,29.9,20.7,25.1,0.0,11.3,29.2,66,14.9,984.1,loc_salem,11.6643,78.146,ECMWF_ERA5_Reanalysis
2016-01-08,29.3,18.6,23.6,31.5,20.5,25.3,0.0,8.9,27.4,51,20.27,984.1,loc_salem,11.6643,78.146,ECMWF_ERA5_Reanalysis
2016-01-09,29.1,18.3,23.2,29.7,19.7,24.2,0.0,9.5,27.4,61,21.07,982.4,loc_salem,11.6643,78.146,ECMWF_ERA5_Reanalysis
2016-01-10,28.6,17.5,22.8,30.2,18.9,24.0,0.0,8.6,24.1,67,21.29,983.3,loc_salem,11.6643,78.146,ECMWF_ERA5_Reanalysis
2016-01-11,28.7,16.9,22.5,29.8,17.9,23.4,0.0,9.0,26.3,63,21.47,983.5,loc_salem,11.6643,78.146,ECMWF_ERA5_Reanalysis
2016-01-12,29.3,17.1,22.9,30.5,18.2,24.0,0.0,8.2,25.9,59,21.72,982.1,loc_salem,11.6643,78.146,ECMWF_ERA5_Reanalysis
2016-01-13,28.4,17.7,22.8,29.4,19.0,23.9,0.0,8.0,19.4,71,18.72,981.6,loc_salem,11.6643,78.146,ECMWF_ERA5_Reanalysis
2016-01-14,29.5,17.4,23.0,30.4,18.5,23.9,0.0,9.4,27.7,63,21.88,981.6,loc_salem,11.6643,78.146,ECMWF_ERA5_Reanalysis
2016-01-15,28.8,18.3,22.9,30.8,19.7,24.3,0.0,7.6,21.6,64,21.37,981.1,loc_salem,11.6643,78.146,ECMWF_ERA5_Reanalysis
2016-01-16,29.0,18.2,23.6,32.6,19.7,25.5,0.0,7.0,18.7,63,19.32,980.4,loc_salem,11.6643,78.146,ECMWF_ERA5_Reanalysis
2016-01-17,28.6,19.2,23.9,32.0,21.1,26.0,0.0,6.7,18.7,77,17.34,980.3,loc_salem,11.6643,78.146,ECMWF_ERA5_Reanalysis
2016-01-18,28.9,20.1,24.4,31.3,22.1,26.3,0.0,7.5,20.5,87,16.73,979.6,loc_salem,11.6643,78.146,ECMWF_ERA5_Reanalysis
2016-01-19,29.2,21.0,24.9,31.2,23.7,27.3,0.0,6.8,20.2,96,14.14,979.7,loc_salem,11.6643,78.146,ECMWF_ERA5_Reanalysis
2016-01-20,27.3,22.2,24.2,30.1,25.0,27.1,0.0,4.8,16.9,63,7.46,980.8,loc_salem,11.6643,78.146,ECMWF_ERA5_Reanalysis
2016-01-21,29.6,22.9,25.4,33.1,26.6,29.0,0.9,8.4,20.9,71,13.61,981.4,loc_salem,11.6643,78.146,ECMWF_ERA5_Reanalysis
2016-01-22,29.4,22.5,25.4,30.5,25.4,27.6,0.0,10.5,31.3,74,12.91,982.3,loc_salem,11.6643,78.146,ECMWF_ERA5_Reanalysis
2016-01-23,29.2,21.5,25.2,31.3,24.8,27.9,1.3,11.9,33.8,62,14.75,983.0,loc_salem,11.6643,78.146,ECMWF_ERA5_Reanalysis
2016-01-24,30.3,21.2,25.6,31.9,24.1,27.9,0.0,10.5,29.2,65,13.77,983.4,loc_salem,11.6643,78.146,ECMWF_ERA5_Reanalysis
2016-01-25,29.8,20.9,25.1,31.6,24.1,27.6,0.0,8.3,26.3,75,14.83,982.4,loc_salem,11.6643,78.146,ECMWF_ERA5_Reanalysis
2016-01-26,30.0,20.2,24.9,31.9,23.0,27.4,0.0,7.6,23.4,82,15.69,981.9,loc_salem,11.6643,78.146,ECMWF_ERA5_Reanalysis
2016-01-27,31.3,20.8,25.6,34.2,23.8,28.2,0.0,6.9,20.2,70,17.39,981.7,loc_salem,11.6643,78.146,ECMWF_ERA5_Reanalysis
2016-01-28,32.1,20.5,25.9,34.5,23.1,27.9,0.0,8.4,23.8,73,22.68,981.9,loc_salem,11.6643,78.146,ECMWF_ERA5_Reanalysis
2016-01-29,32.4,19.9,25.9,34.1,21.9,27.4,0.0,12.3,33.1,66,22.81,982.6,loc_salem,11.6643,78.146,ECMWF_ERA5_Reanalysis
2016-01-30,31.1,19.8,24.8,31.8,21.7,26.0,0.0,12.1,34.2,69,22.99,982.7,loc_salem,11.6643,78.146,ECMWF_ERA5_Reanalysis
2016-01-31,32.0,19.1,24.8,32.4,21.1,25.8,0.0,11.2,33.8,68,22.69,982.2,loc_salem,11.6643,78.146,ECMWF_ERA5_Reanalysis
2016-02-01,32.3,18.8,25.0,31.6,20.3,25.1,0.0,12.3,34.6,67,23.3,982.2,loc_salem,11.6643,78.146,ECMWF_ERA5_Reanalysis
2016-02-02,33.0,18.7,25.1,32.3,19.4,24.8,0.0,11.1,32.0,65,23.94,982.5,loc_salem,11.6643,78.146,ECMWF_ERA5_Reanalysis
2016-02-03,32.8,19.1,25.3,33.0,19.5,25.3,0.0,11.6,33.5,73,23.15,981.8,loc_salem,11.6643,78.146,ECMWF_ERA5_Reanalysis
2016-02-04,32.8,18.2,25.6,32.1,18.8,25.6,0.0,14.8,39.6,74,23.77,981.8,loc_salem,11.6643,78.146,ECMWF_ERA5_Reanalysis
2016-02-05,30.9,19.3,25.0,32.1,20.5,25.9,0.0,8.4,24.1,75,22.72,981.7,loc_salem,11.6643,78.146,ECMWF_ERA5_Reanalysis
2016-02-06,31.2,20.2,25.3,33.3,21.9,26.9,0.0,8.7,21.6,94,21.53,980.5,loc_salem,11.6643,78.146,ECMWF_ERA5_Reanalysis
2016-02-07,32.5,21.7,26.8,36.4,24.2,29.4,0.0,7.3,20.5,65,21.76,981.4,loc_salem,11.6643,78.146,ECMWF_ERA5_Reanalysis
2016-02-08,32.8,22.9,27.2,35.4,26.0,29.8,0.0,9.0,27.0,78,18.84,981.3,loc_salem,11.6643,78.146,ECMWF_ERA5_Reanalysis
2016-02-09,33.0,22.0,26.9,35.1,24.9,29.0,0.0,8.6,25.2,75,22.85,981.2,loc_salem,11.6643,78.146,ECMWF_ERA5_Reanalysis
2016-02-10,32.8,21.7,27.1,36.1,24.2,29.1,0.0,7.6,25.9,80,23.18,980.8,loc_salem,11.6643,78.146,ECMWF_ERA5_Reanalysis
2016-02-11,33.1,21.8,27.3,35.5,23.7,28.7,0.0,7.3,22.0,116,23.23,980.3,loc_salem,11.6643,78.146,ECMWF_ERA5_Reanalysis
2016-02-12,33.4,22.5,27.7,36.3,24.5,29.3,0.0,7.7,20.5,111,23.04,980.2,loc_salem,11.6643,78.146,ECMWF_ERA5_Reanalysis
2016-02-13,33.5,22.1,27.5,36.1,24.0,29.2,0.0,8.6,24.1,87,21.61,980.3,loc_salem,11.6643,78.146,ECMWF_ERA5_Reanalysis
2016-02-14,32.6,21.3,26.4,33.8,23.9,28.0,0.0,10.4,30.6,81,23.21,980.8,loc_salem,11.6643,78.146,ECMWF_ERA5_Reanalysis
2016-02-15,32.3,19.5,26.0,33.7,21.0,27.3,0.0,10.8,31.3,92,22.44,981.8,loc_salem,11.6643,78.146,ECMWF_ERA5_Reanalysis
2016-02-16,32.7,21.4,26.6,34.8,24.6,28.7,0.0,11.2,31.0,81,21.93,982.4,loc_salem,11.6643,78.146,ECMWF_ERA5_Reanalysis
2016-02-17,31.7,21.1,26.2,31.8,23.9,27.5,0.0,14.8,38.9,74,17.49,982.3,loc_salem,11.6643,78.146,ECMWF_ERA5_Reanalysis
2016-02-18,32.4,22.3,26.9,33.3,25.2,28.3,0.0,17.3,44.6,79,17.87,982.3,loc_salem,11.6643,78.146,ECMWF_ERA5_Reanalysis
2016-02-19,33.7,20.0,26.9,34.7,22.0,28.5,0.0,11.9,33.5,86,22.54,983.0,loc_salem,11.6643,78.146,ECMWF_ERA5_Reanalysis
2016-02-20,34.2,21.5,28.0,37.4,24.5,30.6,0.0,7.4,23.8,93,24.04,983.0,loc_salem,11.6643,78.146,ECMWF_ERA5_Reanalysis
2016-02-21,35.3,23.5,29.0,39.7,27.1,32.3,0.0,7.7,23.0,121,24.16,981.7,loc_salem,11.6643,78.146,ECMWF_ERA5_Reanalysis
2016-02-22,35.7,24.0,29.3,39.7,27.9,32.5,0.0,8.7,26.3,100,24.2,982.1,loc_salem,11.6643,78.146,ECMWF_ERA5_Reanalysis
2016-02-23,33.9,22.4,27.6,36.4,25.4,29.7,0.0,8.6,20.9,118,24.67,981.5,loc_salem,11.6643,78.146,ECMWF_ERA5_Reanalysis
2016-02-24,33.9,21.6,27.1,36.5,24.3,29.0,0.0,7.3,22.7,146,25.05,980.7,loc_salem,11.6643,78.146,ECMWF_ERA5_Reanalysis
2016-02-25,34.2,22.3,28.1,37.3,24.3,30.1,0.0,8.9,23.0,122,23.5,981.0,loc_salem,11.6643,78.146,ECMWF_ERA5_Reanalysis
2016-02-26,34.1,23.4,28.1,35.7,27.4,30.6,0.0,11.9,30.2,103,21.16,982.3,loc_salem,11.6643,78.146,ECMWF_ERA5_Reanalysis
2016-02-27,34.2,21.1,27.5,35.6,24.3,29.9,0.0,12.3,36.0,91,21.75,983.5,loc_salem,11.6643,78.146,ECMWF_ERA5_Reanalysis
2016-02-28,34.1,23.3,28.2,36.5,27.3,30.9,0.0,12.3,35.3,85,19.56,984.2,loc_salem,11.6643,78.146,ECMWF_ERA5_Reanalysis
2016-02-29,33.4,22.3,27.8,35.3,26.1,30.2,0.0,10.9,31.0,79,20.87,984.0,loc_salem,11.6643,78.146,ECMWF_ERA5_Reanalysis
2016-03-01,34.3,21.6,27.7,35.6,24.9,29.8,0.0,13.0,36.0,81,22.22,982.5,loc_salem,11.6643,78.146,ECMWF_ERA5_Reanalysis
2016-03-02,33.2,21.9,27.5,35.1,25.3,29.8,0.0,10.2,28.4,80,22.15,982.5,loc_salem,11.6643,78.146,ECMWF_ERA5_Reanalysis
2016-03-03,34.1,21.3,27.7,35.4,24.4,29.5,0.0,12.7,36.0,73,24.94,983.0,loc_salem,11.6643,78.146,ECMWF_ERA5_Reanalysis
2016-03-04,34.6,21.2,27.7,35.6,24.1,29.4,0.0,10.9,29.2,72,24.22,981.7,loc_salem,11.6643,78.146,ECMWF_ERA5_Reanalysis
2016-03-05,34.6,21.8,27.9,36.4,24.9,29.8,0.0,9.4,25.2,77,24.38,980.8,loc_salem,11.6643,78.146,ECMWF_ERA5_Reanalysis
2016-03-06,34.4,22.9,28.0,36.9,26.3,30.3,0.0,8.7,25.9,98,24.79,980.2,loc_salem,11.6643,78.146,ECMWF_ERA5_Reanalysis
2016-03-07,34.1,22.4,27.8,36.9,25.7,30.0,0.0,8.6,24.1,93,23.66,980.0,loc_salem,11.6643,78.146,ECMWF_ERA5_Reanalysis
2016-03-08,34.4,22.6,28.0,37.5,25.4,30.3,0.0,6.9,20.9,91,25.18,979.5,loc_salem,11.6643,78.146,ECMWF_ERA5_Reanalysis
2016-03-09,34.9,23.0,28.7,39.0,26.1,31.3,0.0,7.4,20.5,116,25.38,979.9,loc_salem,11.6643,78.146,ECMWF_ERA5_Reanalysis
2016-03-10,35.4,24.0,29.1,38.9,27.2,31.9,0.0,8.3,23.4,115,23.82,980.5,loc_salem,11.6643,78.146,ECMWF_ERA5_Reanalysis
2016-03-11,35.8,24.4,29.9,40.3,28.0,32.9,0.0,7.7,20.5,119,24.63,980.9,loc_salem,11.6643,78.146,ECMWF_ERA5_Reanalysis
2016-03-12,36.0,24.4,29.9,39.3,28.8,33.0,0.0,8.2,23.8,156,22.15,980.1,loc_salem,11.6643,78.146,ECMWF_ERA5_Reanalysis
2016-03-13,37.0,25.6,31.0,41.0,29.2,34.2,0.0,6.8,20.5,146,23.93,980.2,loc_salem,11.6643,78.146,ECMWF_ERA5_Reanalysis
2016-03-14,35.5,26.1,30.9,40.1,30.7,34.3,0.6,9.7,25.6,143,22.62,980.1,loc_salem,11.6643,78.146,ECMWF_ERA5_Reanalysis
2016-03-15,36.0,24.7,30.5,39.8,29.1,33.7,0.0,7.2,25.9,168,22.94,980.0,loc_salem,11.6643,78.146,ECMWF_ERA5_Reanalysis
2016-03-16,35.6,25.5,30.7,39.5,30.1,34.3,0.0,6.6,22.0,122,22.09,979.7,loc_salem,11.6643,78.146,ECMWF_ERA5_Reanalysis
2016-03-17,37.3,25.6,31.3,41.5,30.7,34.9,0.0,8.2,23.4,129,23.82,980.0,loc_salem,11.6643,78.146,ECMWF_ERA5_Reanalysis
2016-03-18,37.7,25.2,31.1,40.1,29.8,34.1,0.1,11.7,34.2,106,24.15,979.5,loc_salem,11.6643,78.146,ECMWF_ERA5_Reanalysis
2016-03-19,37.7,25.3,31.3,40.6,27.9,33.3,0.0,6.6,22.0,158,26.26,979.5,loc_salem,11.6643,78.146,ECMWF_ERA5_Reanalysis
2016-03-20,38.5,25.5,31.8,40.4,26.4,33.0,0.0,8.5,25.9,134,26.4,979.7,loc_salem,11.6643,78.146,ECMWF_ERA5_Reanalysis
2016-03-21,38.6,26.5,32.6,41.4,29.7,34.7,0.0,6.2,23.8,154,25.86,978.9,loc_salem,11.6643,78.146,ECMWF_ERA5_Reanalysis
2016-03-22,38.6,27.3,32.9,42.2,30.0,35.3,0.0,8.7,24.1,189,24.1,977.4,loc_salem,11.6643,78.146,ECMWF_ERA5_Reanalysis
2016-03-23,38.5,27.2,32.6,41.2,31.5,35.3,0.0,11.3,31.0,158,23.37,978.2,loc_salem,11.6643,78.146,ECMWF_ERA5_Reanalysis
2016-03-24,38.0,26.4,31.9,40.1,29.7,33.9,0.0,11.9,34.2,115,25.17,980.2,loc_salem,11.6643,78.146,ECMWF_ERA5_Reanalysis
2016-03-25,37.3,24.0,30.4,38.5,28.0,32.2,0.0,10.6,33.1,116,26.82,982.0,loc_salem,11.6643,78.146,ECMWF_ERA5_Reanalysis
2016-03-26,37.6,24.2,30.4,38.2,26.8,31.4,0.0,11.3,33.8,96,27.3,981.3,loc_salem,11.6643,78.146,ECMWF_ERA5_Reanalysis
2016-03-27,36.4,23.3,29.8,38.5,25.0,31.1,0.0,8.4,22.7,120,27.14,980.9,loc_salem,11.6643,78.146,ECMWF_ERA5_Reanalysis
2016-03-28,36.9,24.5,30.1,40.0,27.9,32.8,0.0,11.7,35.6,113,26.2,981.1,loc_salem,11.6643,78.146,ECMWF_ERA5_Reanalysis
2016-03-29,36.7,24.9,30.4,39.4,29.4,33.4,0.0,10.3,30.2,116,24.15,981.4,loc_salem,11.6643,78.146,ECMWF_ERA5_Reanalysis
2016-03-30,37.2,25.1,30.8,40.0,29.9,33.7,0.0,9.9,28.4,122,24.39,981.3,loc_salem,11.6643,78.146,ECMWF_ERA5_Reanalysis
2016-03-31,36.6,24.9,30.6,39.5,29.4,33.3,0.0,9.2,23.0,128,24.36,980.4,loc_salem,11.6643,78.146,ECMWF_ERA5_Reanalysis
2016-04-01,36.7,24.4,30.6,39.7,28.8,33.1,0.0,8.7,23.8,132,24.71,978.7,loc_salem,11.6643,78.146,ECMWF_ERA5_Reanalysis
2016-04-02,37.5,24.9,31.0,40.2,29.6,33.6,0.0,8.5,27.0,130,24.07,979.1,loc_salem,11.6643,78.146,ECMWF_ERA5_Reanalysis
2016-04-03,38.0,25.2,31.5,41.4,29.6,34.1,0.0,9.7,24.5,129,25.14,980.1,loc_salem,11.6643,78.146,ECMWF_ERA5_Reanalysis
2016-04-04,38.2,26.1,31.8,40.5,29.1,33.6,0.0,11.0,27.4,126,26.69,979.0,loc_salem,11.6643,78.146,ECMWF_ERA5_Reanalysis
2016-04-05,37.8,25.8,31.6,41.1,28.7,33.6,0.0,9.5,25.9,138,26.68,978.3,loc_salem,11.6643,78.146,ECMWF_ERA5_Reanalysis
2016-04-06,37.1,26.9,31.9,40.1,31.1,34.6,0.0,9.7,24.5,159,23.36,978.9,loc_salem,11.6643,78.146,ECMWF_ERA5_Reanalysis
2016-04-07,37.9,27.2,32.0,41.6,31.8,35.4,0.3,12.8,33.8,132,23.9,978.4,loc_salem,11.6643,78.146,ECMWF_ERA5_Reanalysis
2016-04-08,37.2,27.2,31.8,41.7,32.4,35.7,0.1,11.7,26.3,128,22.57,978.3,loc_salem,11.6643,78.146,ECMWF_ERA5_Reanalysis
2016-04-09,34.5,24.7,29.7,39.2,30.1,34.3,3.6,7.4,21.6,144,19.18,979.4,loc_salem,11.6643,78.146,ECMWF_ERA5_Reanalysis
2016-04-10,36.7,26.5,31.7,40.6,31.3,35.3,0.0,11.5,29.5,136,23.39,980.0,loc_salem,11.6643,78.146,ECMWF_ERA5_Reanalysis
2016-04-11,37.5,26.6,32.0,41.4,31.7,35.8,0.1,8.8,22.0,149,22.7,978.9,loc_salem,11.6643,78.146,ECMWF_ERA5_Reanalysis
2016-04-12,38.9,26.8,33.0,43.4,31.6,36.5,0.0,10.4,29.2,169,25.87,977.5,loc_salem,11.6643,78.146,ECMWF_ERA5_Reanalysis
2016-04-13,39.9,27.4,33.8,43.0,31.9,36.9,0.0,9.1,29.2,214,25.28,975.8,loc_salem,11.6643,78.146,ECMWF_ERA5_Reanalysis
2016-04-14,40.1,29.4,34.2,43.8,33.5,37.2,0.0,10.6,28.8,149,24.26,976.1,loc_salem,11.6643,78.146,ECMWF_ERA5_Reanalysis
2016-04-15,39.8,27.9,33.6,42.3,32.7,36.8,0.0,13.7,32.4,128,26.27,977.7,loc_salem,11.6643,78.146,ECMWF_ERA5_Reanalysis
2016-04-16,38.9,27.0,33.1,41.7,31.4,35.9,0.0,9.7,25.6,148,25.79,977.7,loc_salem,11.6643,78.146,ECMWF_ERA5_Reanalysis
2016-04-17,39.5,27.8,33.4,42.4,32.6,36.5,0.0,10.1,28.1,122,25.87,976.8,loc_salem,11.6643,78.146,ECMWF_ERA5_Reanalysis
2016-04-18,39.0,26.7,32.8,41.8,31.4,35.8,0.0,12.2,34.2,142,26.65,977.3,loc_salem,11.6643,78.146,ECMWF_ERA5_Reanalysis
2016-04-19,39.2,27.1,32.9,42.7,32.1,36.3,0.0,13.6,37.4,136,25.35,978.0,loc_salem,11.6643,78.146,ECMWF_ERA5_Reanalysis
2016-04-20,38.3,27.8,32.8,43.2,32.9,36.4,0.0,12.1,31.0,161,22.17,979.1,loc_salem,11.6643,78.146,ECMWF_ERA5_Reanalysis
2016-04-21,39.5,27.6,33.6,42.7,32.8,36.8,0.0,10.4,32.0,182,25.61,978.2,loc_salem,11.6643,78.146,ECMWF_ERA5_Reanalysis
2016-04-22,39.6,27.3,33.7,43.0,32.3,36.6,0.0,9.9,29.5,241,24.56,977.4,loc_salem,11.6643,78.146,ECMWF_ERA5_Reanalysis
2016-04-23,39.3,27.6,33.8,43.5,31.1,36.7,0.0,8.6,31.0,222,23.2,975.6,loc_salem,11.6643,78.146,ECMWF_ERA5_Reanalysis
2016-04-24,40.7,28.0,34.4,44.8,32.7,37.4,0.0,10.9,27.4,194,22.87,974.3,loc_salem,11.6643,78.146,ECMWF_ERA5_Reanalysis
2016-04-25,39.3,29.4,34.4,43.4,33.8,37.6,0.0,9.0,29.9,173,22.84,975.7,loc_salem,11.6643,78.146,ECMWF_ERA5_Reanalysis
2016-04-26,39.4,28.3,33.6,41.1,32.5,35.9,0.0,12.6,36.4,126,25.04,977.6,loc_salem,11.6643,78.146,ECMWF_ERA5_Reanalysis
2016-04-27,38.9,26.2,32.6,41.2,30.8,35.5,0.0,8.9,29.5,124,25.88,977.5,loc_salem,11.6643,78.146,ECMWF_ERA5_Reanalysis
2016-04-28,39.6,27.6,33.4,42.1,32.8,36.4,0.0,9.7,27.7,145,26.24,977.2,loc_salem,11.6643,78.146,ECMWF_ERA5_Reanalysis
2016-04-29,39.6,26.9,33.3,41.0,31.6,35.8,0.0,9.9,29.2,145,26.88,977.7,loc_salem,11.6643,78.146,ECMWF_ERA5_Reanalysis
2016-04-30,39.7,27.1,33.3,41.8,31.5,35.8,0.0,10.5,30.6,144,26.5,977.9,loc_salem,11.6643,78.146,ECMWF_ERA5_Reanalysis
2016-05-01,40.2,27.3,33.5,42.8,32.2,36.3,0.0,12.7,33.1,162,27.3,977.3,loc_salem,11.6643,78.146,ECMWF_ERA5_Reanalysis
2016-05-02,40.5,27.4,34.0,44.2,31.6,36.9,0.0,10.2,31.0,167,26.34,977.1,loc_salem,11.6643,78.146,ECMWF_ERA5_Reanalysis
2016-05-03,39.6,28.0,34.0,42.0,31.6,36.2,0.0,10.3,25.6,159,26.09,976.9,loc_salem,11.6643,78.146,ECMWF_ERA5_Reanalysis
2016-05-04,39.3,27.9,33.4,42.0,32.2,36.2,0.1,10.9,28.8,146,26.5,977.2,loc_salem,11.6643,78.146,ECMWF_ERA5_Reanalysis
2016-05-05,39.4,28.2,33.4,42.8,33.4,36.8,0.3,10.7,31.3,141,25.41,977.6,loc_salem,11.6643,78.146,ECMWF_ERA5_Reanalysis
2016-05-06,38.5,28.1,32.5,42.7,32.1,36.0,2.9,13.5,30.2,124,24.45,977.7,loc_salem,11.6643,78.146,ECMWF_ERA5_Reanalysis
2016-05-07,37.5,26.2,30.3,42.1,30.6,34.8,3.9,10.6,29.5,162,24.19,977.4,loc_salem,11.6643,78.146,ECMWF_ERA5_Reanalysis
2016-05-08,37.7,26.8,30.6,43.3,32.2,35.6,4.1,8.9,27.7,218,24.39,978.5,loc_salem,11.6643,78.146,ECMWF_ERA5_Reanalysis
2016-05-09,36.6,26.2,30.3,42.8,32.5,35.7,1.9,7.4,25.9,106,23.3,977.9,loc_salem,11.6643,78.146,ECMWF_ERA5_Reanalysis
2016-05-10,37.6,27.6,31.3,42.1,32.4,35.4,0.0,14.9,38.9,150,23.91,978.0,loc_salem,11.6643,78.146,ECMWF_ERA5_Reanalysis
2016-05-11,36.6,26.6,30.6,41.1,31.7,34.7,0.2,11.7,33.1,161,20.79,977.5,loc_salem,11.6643,78.146,ECMWF_ERA5_Reanalysis
2016-05-12,36.2,26.5,31.0,39.7,32.1,34.9,0.2,10.9,25.6,189,19.02,976.1,loc_salem,11.6643,78.146,ECMWF_ERA5_Reanalysis
2016-05-13,39.3,27.5,33.1,43.6,31.4,36.3,0.1,8.7,26.6,146,25.63,975.4,loc_salem,11.6643,78.146,ECMWF_ERA5_Reanalysis
2016-05-14,38.8,28.0,32.8,42.4,32.5,36.2,0.1,13.0,35.6,125,22.36,976.5,loc_salem,11.6643,78.146,ECMWF_ERA5_Reanalysis
2016-05-15,37.8,27.4,32.3,40.9,32.4,35.7,0.0,10.8,31.0,124,20.39,976.7,loc_salem,11.6643,78.146,ECMWF_ERA5_Reanalysis
2016-05-16,31.6,26.5,28.2,35.8,31.7,33.4,8.1,5.2,28.8,270,7.62,974.7,loc_salem,11.6643,78.146,ECMWF_ERA5_Reanalysis
2016-05-17,28.4,25.1,26.4,34.2,30.6,32.2,27.8,6.5,40.3,312,4.8,972.2,loc_salem,11.6643,78.146,ECMWF_ERA5_Reanalysis
2016-05-18,30.8,24.9,27.4,34.7,30.0,32.4,3.9,15.8,53.3,254,10.39,971.6,loc_salem,11.6643,78.146,ECMWF_ERA5_Reanalysis
2016-05-19,33.2,24.5,28.4,38.8,29.5,33.3,0.6,11.0,40.3,241,16.4,973.1,loc_salem,11.6643,78.146,ECMWF_ERA5_Reanalysis
2016-05-20,32.6,24.5,28.2,35.0,30.0,32.4,8.5,14.8,44.3,253,13.26,974.2,loc_salem,11.6643,78.146,ECMWF_ERA5_Reanalysis
2016-05-21,36.8,25.3,30.4,40.3,30.0,34.5,0.0,13.3,36.4,259,25.18,975.0,loc_salem,11.6643,78.146,ECMWF_ERA5_Reanalysis
2016-05-22,37.5,25.9,31.0,41.5,30.3,35.1,0.0,12.3,34.6,255,25.99,976.3,loc_salem,11.6643,78.146,ECMWF_ERA5_Reanalysis
2016-05-23,38.3,26.0,31.7,42.0,30.9,35.7,0.3,13.1,36.7,266,25.26,976.6,loc_salem,11.6643,78.146,ECMWF_ERA5_Reanalysis
2016-05-24,38.5,26.5,32.0,42.1,31.3,35.6,0.0,12.3,37.1,259,24.61,976.2,loc_salem,11.6643,78.146,ECMWF_ERA5_Reanalysis
2016-05-25,38.8,26.1,31.6,41.8,30.5,35.1,0.0,14.5,43.6,264,24.0,975.6,loc_salem,11.6643,78.146,ECMWF_ERA5_Reanalysis
2016-05-26,38.2,26.1,32.0,41.1,30.2,35.0,0.0,11.7,34.2,262,23.54,975.9,loc_salem,11.6643,78.146,ECMWF_ERA5_Reanalysis
2016-05-27,38.1,26.7,30.7,41.6,31.4,34.8,5.0,10.5,33.1,261,22.42,976.8,loc_salem,11.6643,78.146,ECMWF_ERA5_Reanalysis
2016-05-28,37.0,25.6,29.2,41.9,30.7,34.0,12.0,11.5,35.3,268,23.02,977.0,loc_salem,11.6643,78.146,ECMWF_ERA5_Reanalysis
2016-05-29,34.9,24.6,28.6,39.3,29.8,33.1,1.7,13.8,39.6,282,21.52,976.5,loc_salem,11.6643,78.146,ECMWF_ERA5_Reanalysis
2016-05-30,35.3,25.8,29.5,39.5,30.8,33.7,1.8,11.2,33.8,265,23.19,975.9,loc_salem,11.6643,78.146,ECMWF_ERA5_Reanalysis
2016-05-31,35.4,25.5,28.6,40.6,30.3,33.8,22.1,9.4,28.4,265,22.54,976.5,loc_salem,11.6643,78.146,ECMWF_ERA5_Reanalysis
2016-06-01,34.7,25.2,28.8,40.2,30.9,33.8,4.5,10.1,30.2,264,22.3,977.0,loc_salem,11.6643,78.146,ECMWF_ERA5_Reanalysis
2016-06-02,32.8,25.1,28.2,37.5,30.4,33.2,5.0,10.8,31.3,265,19.88,976.1,loc_salem,11.6643,78.146,ECMWF_ERA5_Reanalysis
2016-06-03,33.8,25.1,28.7,39.0,30.0,33.6,3.6,10.7,29.2,258,23.14,975.5,loc_salem,11.6643,78.146,ECMWF_ERA5_Reanalysis
2016-06-04,34.3,25.0,28.5,38.9,29.9,33.4,7.7,14.0,36.7,262,21.14,975.4,loc_salem,11.6643,78.146,ECMWF_ERA5_Reanalysis
2016-06-05,32.1,24.4,27.5,37.9,29.7,32.4,9.6,11.2,40.3,247,19.65,975.9,loc_salem,11.6643,78.146,ECMWF_ERA5_Reanalysis
2016-06-06,32.9,24.7,28.1,38.9,29.6,32.7,3.1,13.1,34.9,241,20.29,975.8,loc_salem,11.6643,78.146,ECMWF_ERA5_Reanalysis
2016-06-07,31.9,25.2,27.9,36.1,29.4,32.2,4.1,11.8,41.0,230,17.25,975.9,loc_salem,11.6643,78.146,ECMWF_ERA5_Reanalysis
2016-06-08,31.4,25.3,27.5,36.4,30.0,32.0,9.8,12.8,40.7,229,15.22,975.6,loc_salem,11.6643,78.146,ECMWF_ERA5_Reanalysis
2016-06-09,32.4,24.6,27.6,36.5,29.0,31.2,1.1,16.1,45.4,225,16.25,976.3,loc_salem,11.6643,78.146,ECMWF_ERA5_Reanalysis
2016-06-10,31.7,24.3,27.6,34.1,28.7,30.9,0.3,18.3,46.1,229,16.56,976.7,loc_salem,11.6643,78.146,ECMWF_ERA5_Reanalysis
2016-06-11,32.4,23.8,28.2,35.9,28.1,31.7,0.1,15.5,42.5,253,19.71,977.3,loc_salem,11.6643,78.146,ECMWF_ERA5_Reanalysis
2016-06-12,34.1,24.1,28.6,36.6,28.5,32.0,0.1,18.9,49.0,269,20.25,977.1,loc_salem,11.6643,78.146,ECMWF_ERA5_Reanalysis
2016-06-13,34.0,24.3,28.9,37.2,28.8,32.0,0.6,18.5,56.2,271,21.55,977.6,loc_salem,11.6643,78.146,ECMWF_ERA5_Reanalysis
2016-06-14,35.3,23.9,29.5,37.6,27.4,31.7,0.1,20.7,57.2,278,23.78,976.7,loc_salem,11.6643,78.146,ECMWF_ERA5_Reanalysis
2016-06-15,35.5,24.0,29.7,36.0,27.5,31.6,0.0,21.0,56.9,276,23.15,975.5,loc_salem,11.6643,78.146,ECMWF_ERA5_Reanalysis
2016-06-16,33.8,24.3,28.9,36.0,27.8,31.3,0.2,16.2,49.7,266,19.77,974.6,loc_salem,11.6643,78.146,ECMWF_ERA5_Reanalysis
2016-06-17,34.5,24.0,28.0,37.2,27.9,31.4,3.9,16.1,44.3,277,19.67,973.7,loc_salem,11.6643,78.146,ECMWF_ERA5_Reanalysis
2016-06-18,33.9,24.6,27.6,36.4,28.7,31.2,7.2,18.0,44.3,278,16.45,974.0,loc_salem,11.6643,78.146,ECMWF_ERA5_Reanalysis
2016-06-19,33.5,23.3,27.1,38.1,28.0,31.3,2.5,13.0,57.6,263,18.77,973.8,loc_salem,11.6643,78.146,ECMWF_ERA5_Reanalysis
2016-06-20,32.8,24.1,27.2,37.3,28.7,31.5,3.4,10.1,37.1,246,16.96,973.7,loc_salem,11.6643,78.146,ECMWF_ERA5_Reanalysis
2016-06-21,30.8,24.4,26.3,35.1,28.7,30.5,18.6,13.2,47.9,247,15.75,974.3,loc_salem,11.6643,78.146,ECMWF_ERA5_Reanalysis
2016-06-22,31.2,23.8,25.9,34.6,28.4,30.3,16.9,15.0,52.6,268,14.63,975.6,loc_salem,11.6643,78.146,ECMWF_ERA5_Reanalysis
2016-06-23,27.3,23.5,24.8,31.1,27.1,28.9,10.5,11.0,49.3,266,7.3,976.4,loc_salem,11.6643,78.146,ECMWF_ERA5_Reanalysis
2016-06-24,30.5,22.7,25.5,31.9,26.6,28.8,5.7,21.6,56.9,278,12.61,975.3,loc_salem,11.6643,78.146,ECMWF_ERA5_Reanalysis
2016-06-25,29.9,23.4,26.0,31.6,26.7,28.8,2.8,21.4,58.7,279,14.37,976.2,loc_salem,11.6643,78.146,ECMWF_ERA5_Reanalysis
2016-06-26,30.9,23.1,26.7,32.7,27.0,29.5,0.1,17.6,46.1,270,14.58,976.1,loc_salem,11.6643,78.146,ECMWF_ERA5_Reanalysis
2016-06-27,29.1,23.3,25.9,32.2,27.1,29.7,3.4,18.4,60.1,260,11.64,974.8,loc_salem,11.6643,78.146,ECMWF_ERA5_Reanalysis
2016-06-28,26.9,23.4,24.4,30.4,27.9,29.0,16.2,13.4,54.0,236,8.03,975.0,loc_salem,11.6643,78.146,ECMWF_ERA5_Reanalysis
2016-06-29,29.2,23.2,25.1,31.8,27.4,29.0,5.7,16.2,61.9,249,11.37,975.6,loc_salem,11.6643,78.146,ECMWF_ERA5_Reanalysis
2016-06-30,31.6,22.7,26.9,33.5,26.6,29.6,0.0,20.5,53.6,261,16.67,975.4,loc_salem,11.6643,78.146,ECMWF_ERA5_Reanalysis
2016-07-01,32.3,22.5,27.2,33.6,25.7,29.3,0.0,22.1,57.6,267,19.36,974.9,loc_salem,11.6643,78.146,ECMWF_ERA5_Reanalysis
2016-07-02,33.0,22.8,27.7,34.3,25.5,29.7,0.0,21.3,53.3,267,19.3,975.0,loc_salem,11.6643,78.146,ECMWF_ERA5_Reanalysis
2016-07-03,33.1,23.3,27.9,33.8,26.3,30.4,0.0,21.7,52.9,270,17.15,976.0,loc_salem,11.6643,78.146,ECMWF_ERA5_Reanalysis
2016-07-04,30.5,24.0,26.4,34.2,28.4,30.6,4.0,12.8,49.3,242,13.61,976.8,loc_salem,11.6643,78.146,ECMWF_ERA5_Reanalysis
2016-07-05,29.9,23.7,26.2,33.7,28.8,30.6,1.8,12.8,46.4,247,12.42,976.2,loc_salem,11.6643,78.146,ECMWF_ERA5_Reanalysis
2016-07-06,30.2,23.7,25.8,35.2,28.3,30.4,20.0,13.4,49.0,242,14.45,976.0,loc_salem,11.6643,78.146,ECMWF_ERA5_Reanalysis
2016-07-07,29.1,24.1,26.4,32.7,29.1,30.8,0.5,12.3,38.5,251,11.58,975.9,loc_salem,11.6643,78.146,ECMWF_ERA5_Reanalysis
2016-07-08,30.7,23.5,26.4,34.7,28.1,30.5,2.0,16.8,56.5,247,15.85,975.5,loc_salem,11.6643,78.146,ECMWF_ERA5_Reanalysis
2016-07-09,31.4,23.5,26.6,33.2,27.6,29.7,0.0,18.0,45.7,252,15.06,975.2,loc_salem,11.6643,78.146,ECMWF_ERA5_Reanalysis
2016-07-10,31.4,23.1,26.7,33.1,26.9,29.5,0.4,18.4,54.0,250,16.51,974.9,loc_salem,11.6643,78.146,ECMWF_ERA5_Reanalysis
2016-07-11,32.3,23.1,27.1,33.7,26.5,29.5,0.0,22.0,61.2,257,17.68,974.7,loc_salem,11.6643,78.146,ECMWF_ERA5_Reanalysis
2016-07-12,31.6,22.8,27.0,33.1,26.3,29.7,0.0,17.3,45.7,260,14.54,975.8,loc_salem,11.6643,78.146,ECMWF_ERA5_Reanalysis
2016-07-13,31.8,23.3,27.3,34.1,27.2,30.4,0.0,16.3,42.5,257,16.78,976.0,loc_salem,11.6643,78.146,ECMWF_ERA5_Reanalysis
2016-07-14,32.6,23.8,27.6,37.2,27.8,31.6,0.1,13.3,41.8,257,22.13,975.2,loc_salem,11.6643,78.146,ECMWF_ERA5_Reanalysis
2016-07-15,32.7,24.4,27.5,37.8,29.1,32.1,5.3,9.1,32.0,253,20.12,975.5,loc_salem,11.6643,78.146,ECMWF_ERA5_Reanalysis
2016-07-16,31.7,23.6,26.9,36.1,28.6,31.7,7.9,9.7,29.9,252,19.58,976.6,loc_salem,11.6643,78.146,ECMWF_ERA5_Reanalysis
2016-07-17,30.5,23.8,26.5,35.4,28.5,31.2,3.2,7.7,27.4,242,16.01,978.4,loc_salem,11.6643,78.146,ECMWF_ERA5_Reanalysis
2016-07-18,31.7,23.6,26.3,36.7,28.2,30.8,8.7,11.8,35.3,271,18.39,978.3,loc_salem,11.6643,78.146,ECMWF_ERA5_Reanalysis
2016-07-19,29.8,23.7,26.5,31.6,28.2,29.8,0.0,15.3,41.4,281,14.53,977.9,loc_salem,11.6643,78.146,ECMWF_ERA5_Reanalysis
2016-07-20,31.7,23.9,27.1,35.7,28.0,30.9,2.6,15.1,51.5,281,18.54,976.9,loc_salem,11.6643,78.146,ECMWF_ERA5_Reanalysis
2016-07-21,28.9,23.3,25.8,31.3,27.5,29.5,3.3,15.6,52.6,271,13.71,976.1,loc_salem,11.6643,78.146,ECMWF_ERA5_Reanalysis
2016-07-22,31.1,23.3,26.6,32.5,27.3,29.5,0.1,16.6,48.6,270,13.46,975.4,loc_salem,11.6643,78.146,ECMWF_ERA5_Reanalysis
2016-07-23,30.7,23.5,25.9,34.1,27.3,29.5,6.3,15.5,53.6,252,15.31,975.2,loc_salem,11.6643,78.146,ECMWF_ERA5_Reanalysis
2016-07-24,31.2,23.2,26.0,36.1,27.8,30.4,15.4,12.6,40.7,256,16.42,975.1,loc_salem,11.6643,78.146,ECMWF_ERA5_Reanalysis
2016-07-25,30.8,23.2,26.3,36.2,28.1,31.2,10.1,9.2,31.3,242,20.41,975.4,loc_salem,11.6643,78.146,ECMWF_ERA5_Reanalysis
2016-07-26,30.8,23.1,26.0,36.7,27.8,30.9,15.6,7.7,25.9,221,18.72,975.5,loc_salem,11.6643,78.146,ECMWF_ERA5_Reanalysis
2016-07-27,31.7,22.9,26.1,38.3,27.6,31.4,10.0,8.5,22.0,223,20.81,975.8,loc_salem,11.6643,78.146,ECMWF_ERA5_Reanalysis
2016-07-28,30.7,23.2,26.4,35.8,28.1,31.4,4.9,8.4,23.4,269,19.88,975.8,loc_salem,11.6643,78.146,ECMWF_ERA5_Reanalysis
2016-07-29,29.6,23.4,25.6,34.5,28.5,30.3,3.0,11.4,49.0,264,15.59,975.9,loc_salem,11.6643,78.146,ECMWF_ERA5_Reanalysis
2016-07-30,29.0,23.2,25.6,32.8,27.7,30.1,5.9,10.6,42.8,250,14.73,976.3,loc_salem,11.6643,78.146,ECMWF_ERA5_Reanalysis
2016-07-31,31.6,23.2,26.6,33.6,27.6,30.1,0.0,17.8,45.7,263,19.54,977.2,loc_salem,11.6643,78.146,ECMWF_ERA5_Reanalysis
2016-08-01,31.3,22.5,26.7,33.1,26.0,29.2,0.0,18.0,54.0,263,17.33,976.7,loc_salem,11.6643,78.146,ECMWF_ERA5_Reanalysis
2016-08-02,31.6,21.8,26.5,33.0,24.5,28.8,0.0,21.6,55.4,258,21.15,974.9,loc_salem,11.6643,78.146,ECMWF_ERA5_Reanalysis
2016-08-03,31.8,22.1,26.6,32.9,25.4,28.8,0.0,19.5,50.4,260,17.11,974.2,loc_salem,11.6643,78.146,ECMWF_ERA5_Reanalysis
2016-08-04,31.9,22.3,27.0,32.5,25.3,28.9,0.0,20.9,51.5,264,17.4,975.2,loc_salem,11.6643,78.146,ECMWF_ERA5_Reanalysis
2016-08-05,31.0,22.9,26.9,32.6,26.3,29.3,0.0,18.7,51.5,256,12.86,976.1,loc_salem,11.6643,78.146,ECMWF_ERA5_Reanalysis
2016-08-06,33.5,22.4,27.8,34.4,25.7,30.1,0.0,22.3,58.0,270,21.47,976.2,loc_salem,11.6643,78.146,ECMWF_ERA5_Reanalysis
2016-08-07,33.1,23.0,27.9,36.2,26.3,30.3,0.0,18.8,51.1,266,20.74,977.2,loc_salem,11.6643,78.146,ECMWF_ERA5_Reanalysis
2016-08-08,33.5,23.2,28.2,35.7,26.7,31.0,0.0,18.1,49.0,272,23.12,977.8,loc_salem,11.6643,78.146,ECMWF_ERA5_Reanalysis
2016-08-09,33.6,23.7,28.3,36.3,28.0,31.5,0.0,15.2,42.8,267,21.02,977.4,loc_salem,11.6643,78.146,ECMWF_ERA5_Reanalysis
2016-08-10,34.2,23.8,28.5,36.8,27.8,31.5,0.0,17.1,46.4,272,23.01,977.6,loc_salem,11.6643,78.146,ECMWF_ERA5_Reanalysis
2016-08-11,34.3,23.4,28.7,36.7,27.2,31.6,0.0,14.4,41.0,273,22.38,978.3,loc_salem,11.6643,78.146,ECMWF_ERA5_Reanalysis
2016-08-12,33.7,23.9,28.4,36.6,27.6,31.4,0.2,14.4,42.8,271,21.36,978.2,loc_salem,11.6643,78.146,ECMWF_ERA5_Reanalysis
2016-08-13,33.8,24.4,28.3,36.0,28.7,31.6,0.0,15.6,46.1,270,19.51,977.1,loc_salem,11.6643,78.146,ECMWF_ERA5_Reanalysis
2016-08-14,33.3,23.8,28.4,35.6,28.2,31.3,0.0,16.2,54.7,265,20.99,976.8,loc_salem,11.6643,78.146,ECMWF_ERA5_Reanalysis
2016-08-15,34.0,23.1,28.4,35.7,26.5,30.3,0.0,19.3,56.9,276,21.19,976.2,loc_salem,11.6643,78.146,ECMWF_ERA5_Reanalysis
2016-08-16,33.6,23.3,28.5,32.9,25.7,29.5,0.0,23.9,61.6,280,17.4,975.4,loc_salem,11.6643,78.146,ECMWF_ERA5_Reanalysis
2016-08-17,34.0,23.2,28.3,34.8,26.3,29.8,0.1,21.0,57.6,272,18.09,974.8,loc_salem,11.6643,78.146,ECMWF_ERA5_Reanalysis
2016-08-18,34.2,23.1,28.6,36.0,26.3,30.7,0.1,19.3,53.6,275,21.59,975.0,loc_salem,11.6643,78.146,ECMWF_ERA5_Reanalysis
2016-08-19,34.8,24.2,29.6,36.9,27.2,31.6,0.0,17.9,50.8,279,23.54,975.3,loc_salem,11.6643,78.146,ECMWF_ERA5_Reanalysis
2016-08-20,35.1,24.0,29.7,38.0,27.9,32.6,0.0,12.2,42.1,270,24.16,975.0,loc_salem,11.6643,78.146,ECMWF_ERA5_Reanalysis
2016-08-21,35.4,24.8,30.2,38.2,29.2,33.0,0.0,10.5,32.0,266,23.62,975.6,loc_salem,11.6643,78.146,ECMWF_ERA5_Reanalysis
2016-08-22,34.6,25.2,29.8,37.6,29.1,32.7,0.0,12.4,38.2,270,21.3,976.5,loc_salem,11.6643,78.146,ECMWF_ERA5_Reanalysis
2016-08-23,35.1,24.9,29.6,38.5,29.3,32.7,1.1,13.0,45.7,261,21.95,976.4,loc_salem,11.6643,78.146,ECMWF_ERA5_Reanalysis
2016-08-24,35.4,24.2,28.7,37.9,27.9,31.8,2.9,15.7,44.6,272,21.7,975.7,loc_salem,11.6643,78.146,ECMWF_ERA5_Reanalysis
2016-08-25,34.1,24.5,28.7,37.4,28.4,32.2,1.8,13.3,48.2,268,20.77,976.0,loc_salem,11.6643,78.146,ECMWF_ERA5_Reanalysis
2016-08-26,33.6,24.5,27.9,36.9,28.4,31.6,4.3,13.7,40.0,275,15.79,976.0,loc_salem,11.6643,78.146,ECMWF_ERA5_Reanalysis
2016-08-27,32.2,24.0,27.1,34.6,28.6,30.7,0.1,13.7,39.2,266,13.87,976.2,loc_salem,11.6643,78.146,ECMWF_ERA5_Reanalysis
2016-08-28,34.1,23.4,27.8,36.8,28.2,31.2,1.4,17.2,45.0,273,18.26,976.5,loc_salem,11.6643,78.146,ECMWF_ERA5_Reanalysis
2016-08-29,32.8,24.7,28.2,34.4,29.0,31.7,0.3,12.6,47.2,268,16.57,975.8,loc_salem,11.6643,78.146,ECMWF_ERA5_Reanalysis
2016-08-30,31.3,23.5,26.3,35.7,28.3,30.7,16.2,12.4,41.8,257,16.18,974.9,loc_salem,11.6643,78.146,ECMWF_ERA5_Reanalysis
2016-08-31,31.3,23.2,26.0,35.9,27.9,30.5,8.3,10.1,38.2,244,15.71,975.9,loc_salem,11.6643,78.146,ECMWF_ERA5_Reanalysis
2016-09-01,31.5,23.8,26.4,35.1,28.1,30.6,6.2,11.4,43.9,257,14.99,976.9,loc_salem,11.6643,78.146,ECMWF_ERA5_Reanalysis
2016-09-02,31.1,23.3,26.1,35.4,28.0,30.5,4.9,12.4,38.9,244,17.0,977.3,loc_salem,11.6643,78.146,ECMWF_ERA5_Reanalysis
2016-09-03,32.4,23.3,27.0,35.6,27.7,30.6,0.0,14.0,42.5,261,18.19,977.1,loc_salem,11.6643,78.146,ECMWF_ERA5_Reanalysis
2016-09-04,32.4,23.5,26.8,35.7,27.9,30.9,4.0,13.5,41.8,257,17.23,978.4,loc_salem,11.6643,78.146,ECMWF_ERA5_Reanalysis
2016-09-05,32.4,23.6,27.4,35.0,27.9,30.6,0.0,14.6,43.2,269,18.81,979.1,loc_salem,11.6643,78.146,ECMWF_ERA5_Reanalysis
2016-09-06,32.8,23.1,27.8,34.6,26.8,30.2,0.0,16.5,49.0,274,21.76,979.3,loc_salem,11.6643,78.146,ECMWF_ERA5_Reanalysis
2016-09-07,33.6,22.9,28.0,35.0,26.0,30.0,0.0,15.2,41.8,278,23.98,978.1,loc_salem,11.6643,78.146,ECMWF_ERA5_Reanalysis
2016-09-08,33.8,23.1,28.2,35.5,26.1,30.3,0.0,13.6,37.1,266,23.09,977.5,loc_salem,11.6643,78.146,ECMWF_ERA5_Reanalysis
2016-09-09,33.6,23.8,28.6,36.6,27.0,31.3,0.0,9.2,27.4,272,21.53,977.7,loc_salem,11.6643,78.146,ECMWF_ERA5_Reanalysis
2016-09-10,33.7,24.6,28.7,37.0,29.0,32.1,0.1,11.5,34.9,262,21.78,977.2,loc_salem,11.6643,78.146,ECMWF_ERA5_Reanalysis
2016-09-11,33.9,23.8,28.5,35.3,27.4,30.6,0.0,14.0,39.6,278,19.58,976.4,loc_salem,11.6643,78.146,ECMWF_ERA5_Reanalysis
2016-09-12,34.9,24.0,29.2,37.0,27.5,31.5,0.0,14.3,44.3,280,22.05,975.6,loc_salem,11.6643,78.146,ECMWF_ERA5_Reanalysis
2016-09-13,33.4,24.2,28.8,34.8,27.7,31.1,0.0,14.1,40.0,275,17.6,976.1,loc_salem,11.6643,78.146,ECMWF_ERA5_Reanalysis
2016-09-14,33.3,24.2,28.5,34.5,27.8,30.9,0.0,15.5,42.5,274,16.43,976.0,loc_salem,11.6643,78.146,ECMWF_ERA5_Reanalysis
2016-09-15,34.6,24.1,28.4,38.2,28.4,31.8,0.6,14.4,44.6,253,19.43,975.6,loc_salem,11.6643,78.146,ECMWF_ERA5_Reanalysis
2016-09-16,34.2,23.7,28.6,36.9,27.9,31.8,0.0,16.6,49.3,256,21.64,975.7,loc_salem,11.6643,78.146,ECMWF_ERA5_Reanalysis
2016-09-17,34.0,23.6,28.6,36.1,27.4,31.3,0.0,15.2,43.6,253,19.73,976.2,loc_salem,11.6643,78.146,ECMWF_ERA5_Reanalysis
2016-09-18,34.6,23.6,28.9,36.4,27.4,31.3,0.1,15.2,45.0,268,22.45,977.3,loc_salem,11.6643,78.146,ECMWF_ERA5_Reanalysis
2016-09-19,35.9,24.0,29.7,37.4,27.2,31.4,0.0,16.4,46.1,285,22.92,977.2,loc_salem,11.6643,78.146,ECMWF_ERA5_Reanalysis
2016-09-20,34.8,24.0,29.7,35.8,26.6,31.1,0.0,16.2,45.0,287,20.15,976.4,loc_salem,11.6643,78.146,ECMWF_ERA5_Reanalysis
2016-09-21,33.5,24.8,29.2,33.7,27.4,30.5,0.0,18.3,48.6,281,15.36,976.5,loc_salem,11.6643,78.146,ECMWF_ERA5_Reanalysis
2016-09-22,35.3,25.5,29.7,36.1,28.3,31.2,0.0,20.2,56.5,284,18.58,976.6,loc_salem,11.6643,78.146,ECMWF_ERA5_Reanalysis
2016-09-23,35.4,23.9,29.9,34.9,26.9,30.9,0.0,20.7,54.0,277,19.66,975.1,loc_salem,11.6643,78.146,ECMWF_ERA5_Reanalysis
2016-09-24,35.0,24.2,29.5,34.8,26.9,30.5,0.0,21.4,56.2,274,16.94,974.1,loc_salem,11.6643,78.146,ECMWF_ERA5_Reanalysis
2016-09-25,35.1,24.0,29.6,36.6,26.6,31.1,0.0,18.7,51.1,269,20.31,974.6,loc_salem,11.6643,78.146,ECMWF_ERA5_Reanalysis
2016-09-26,35.5,24.4,30.0,37.4,27.5,32.4,0.0,13.6,40.3,270,21.12,975.7,loc_salem,11.6643,78.146,ECMWF_ERA5_Reanalysis
2016-09-27,35.9,25.8,29.3,39.0,29.6,33.0,4.5,11.4,36.4,268,19.95,976.3,loc_salem,11.6643,78.146,ECMWF_ERA5_Reanalysis
2016-09-28,33.2,24.7,28.4,37.0,30.0,32.4,9.8,9.0,37.8,268,16.85,975.9,loc_salem,11.6643,78.146,ECMWF_ERA5_Reanalysis
2016-09-29,32.0,24.9,27.5,36.1,29.7,32.0,4.7,10.5,34.6,260,16.24,975.4,loc_salem,11.6643,78.146,ECMWF_ERA5_Reanalysis
2016-09-30,33.1,24.0,28.1,36.0,28.9,31.8,0.4,13.3,42.5,262,19.74,974.9,loc_salem,11.6643,78.146,ECMWF_ERA5_Reanalysis
2016-10-01,33.6,23.5,28.3,36.0,27.6,31.2,0.0,9.9,29.9,252,20.73,975.6,loc_salem,11.6643,78.146,ECMWF_ERA5_Reanalysis
2016-10-02,34.3,24.1,28.9,37.0,28.0,31.7,0.0,8.4,27.0,230,22.36,977.3,loc_salem,11.6643,78.146,ECMWF_ERA5_Reanalysis
2016-10-03,34.1,24.3,29.1,38.1,27.6,32.0,0.0,7.2,20.9,217,22.16,977.1,loc_salem,11.6643,78.146,ECMWF_ERA5_Reanalysis
2016-10-04,34.9,24.7,29.7,37.3,28.5,32.3,0.0,8.3,27.4,254,22.0,977.2,loc_salem,11.6643,78.146,ECMWF_ERA5_Reanalysis
2016-10-05,35.9,25.0,30.3,37.3,28.7,32.4,0.0,9.8,29.9,269,22.53,977.2,loc_salem,11.6643,78.146,ECMWF_ERA5_Reanalysis
2016-10-06,35.4,24.6,29.9,38.0,28.4,32.3,0.0,9.4,31.0,259,20.96,977.2,loc_salem,11.6643,78.146,ECMWF_ERA5_Reanalysis
2016-10-07,35.6,24.3,29.7,36.8,27.9,31.6,0.0,10.7,33.5,247,21.52,977.4,loc_salem,11.6643,78.146,ECMWF_ERA5_Reanalysis
2016-10-08,35.9,24.3,29.6,37.7,27.6,31.7,0.0,12.8,36.7,248,22.88,977.9,loc_salem,11.6643,78.146,ECMWF_ERA5_Reanalysis
2016-10-09,36.8,24.5,30.2,38.0,27.3,31.9,0.0,13.8,40.0,264,23.0,978.0,loc_salem,11.6643,78.146,ECMWF_ERA5_Reanalysis
2016-10-10,36.0,24.2,30.1,38.5,27.0,31.9,0.0,13.6,40.7,276,22.6,977.5,loc_salem,11.6643,78.146,ECMWF_ERA5_Reanalysis
2016-10-11,34.9,24.8,30.0,37.3,27.6,32.3,0.0,9.8,31.7,277,20.31,977.6,loc_salem,11.6643,78.146,ECMWF_ERA5_Reanalysis
2016-10-12,34.5,25.8,29.2,37.5,29.4,32.6,4.9,7.4,27.4,285,16.34,977.4,loc_salem,11.6643,78.146,ECMWF_ERA5_Reanalysis
2016-10-13,32.0,25.1,27.4,36.3,29.8,31.8,6.7,5.6,24.5,316,11.6,977.8,loc_salem,11.6643,78.146,ECMWF_ERA5_Reanalysis
2016-10-14,33.2,24.4,28.4,35.5,29.2,31.9,0.0,8.1,25.9,84,18.29,978.1,loc_salem,11.6643,78.146,ECMWF_ERA5_Reanalysis
2016-10-15,33.8,24.7,29.0,34.9,28.6,31.5,0.0,8.6,25.9,70,17.22,978.5,loc_salem,11.6643,78.146,ECMWF_ERA5_Reanalysis
2016-10-16,34.2,24.0,29.1,36.2,27.4,31.2,0.0,7.3,23.0,55,20.48,978.9,loc_salem,11.6643,78.146,ECMWF_ERA5_Reanalysis
2016-10-17,32.6,23.5,28.4,34.7,26.8,30.9,0.0,6.0,20.2,152,15.66,978.1,loc_salem,11.6643,78.146,ECMWF_ERA5_Reanalysis
2016-10-18,35.2,24.1,29.8,36.6,28.0,32.1,0.0,7.4,25.9,41,20.28,977.2,loc_salem,11.6643,78.146,ECMWF_ERA5_Reanalysis
2016-10-19,36.0,25.3,30.1,38.9,28.4,32.7,0.1,8.0,22.7,93,21.08,976.6,loc_salem,11.6643,78.146,ECMWF_ERA5_Reanalysis
2016-10-20,34.1,25.6,29.0,37.5,29.5,32.5,0.8,7.2,23.4,127,20.4,976.0,loc_salem,11.6643,78.146,ECMWF_ERA5_Reanalysis
2016-10-21,33.3,25.2,27.9,37.7,29.3,31.5,2.3,8.1,24.1,169,14.8,977.1,loc_salem,11.6643,78.146,ECMWF_ERA5_Reanalysis
2016-10-22,34.8,24.4,29.0,36.8,28.8,31.8,0.0,6.9,25.6,220,17.94,978.1,loc_salem,11.6643,78.146,ECMWF_ERA5_Reanalysis
2016-10-23,34.2,24.0,28.7,36.1,27.9,31.4,0.0,8.2,27.0,197,17.04,978.8,loc_salem,11.6643,78.146,ECMWF_ERA5_Reanalysis
2016-10-24,35.7,24.2,29.4,36.9,28.0,31.3,0.0,8.1,25.6,289,18.8,978.3,loc_salem,11.6643,78.146,ECMWF_ERA5_Reanalysis
2016-10-25,34.4,24.8,29.3,35.9,27.9,31.4,0.0,6.3,22.7,82,18.27,977.6,loc_salem,11.6643,78.146,ECMWF_ERA5_Reanalysis
2016-10-26,34.6,24.5,29.2,37.1,27.8,31.5,0.2,6.9,23.0,90,20.13,977.8,loc_salem,11.6643,78.146,ECMWF_ERA5_Reanalysis
2016-10-27,31.9,23.8,28.1,35.0,26.9,30.6,0.0,5.5,22.0,84,14.53,979.0,loc_salem,11.6643,78.146,ECMWF_ERA5_Reanalysis
2016-10-28,36.3,25.1,30.5,38.2,28.0,32.7,0.0,6.8,21.6,123,20.15,978.2,loc_salem,11.6643,78.146,ECMWF_ERA5_Reanalysis
2016-10-29,37.3,24.8,30.7,38.3,28.9,32.9,1.8,9.0,29.2,279,20.58,977.8,loc_salem,11.6643,78.146,ECMWF_ERA5_Reanalysis
2016-10-30,33.6,23.5,27.4,37.5,27.9,31.1,8.2,10.2,32.0,58,15.95,978.9,loc_salem,11.6643,78.146,ECMWF_ERA5_Reanalysis
2016-10-31,30.7,23.3,26.1,34.0,27.5,30.1,6.3,11.6,35.3,72,14.51,980.7,loc_salem,11.6643,78.146,ECMWF_ERA5_Reanalysis
2016-11-01,32.0,23.7,27.4,34.2,28.2,30.5,0.6,12.2,35.6,66,17.67,980.2,loc_salem,11.6643,78.146,ECMWF_ERA5_Reanalysis
2016-11-02,31.3,23.4,27.0,33.5,27.4,30.2,1.0,10.9,37.4,50,13.68,979.5,loc_salem,11.6643,78.146,ECMWF_ERA5_Reanalysis
2016-11-03,33.4,24.3,28.2,36.1,28.7,31.6,0.3,9.2,32.4,49,16.69,979.0,loc_salem,11.6643,78.146,ECMWF_ERA5_Reanalysis
2016-11-04,33.0,23.7,27.8,36.8,27.8,31.3,0.2,11.4,30.2,238,18.9,978.1,loc_salem,11.6643,78.146,ECMWF_ERA5_Reanalysis
2016-11-05,35.0,23.8,28.8,36.3,28.1,31.5,0.0,9.0,30.2,269,19.63,977.2,loc_salem,11.6643,78.146,ECMWF_ERA5_Reanalysis
2016-11-06,35.3,24.4,29.2,36.7,26.1,31.1,0.0,7.8,27.0,202,20.85,978.5,loc_salem,11.6643,78.146,ECMWF_ERA5_Reanalysis
2016-11-07,34.6,24.2,28.8,36.0,25.8,30.3,0.0,10.4,31.7,80,18.9,979.9,loc_salem,11.6643,78.146,ECMWF_ERA5_Reanalysis
2016-11-08,33.3,23.3,28.0,35.2,27.3,30.2,0.0,9.4,27.4,73,19.09,980.4,loc_salem,11.6643,78.146,ECMWF_ERA5_Reanalysis
2016-11-09,33.3,22.5,27.5,35.2,24.9,28.8,0.2,11.7,31.7,67,21.76,981.5,loc_salem,11.6643,78.146,ECMWF_ERA5_Reanalysis
2016-11-10,33.6,21.3,27.4,34.7,23.1,28.1,0.0,10.1,25.2,60,22.23,980.8,loc_salem,11.6643,78.146,ECMWF_ERA5_Reanalysis
2016-11-11,34.0,22.6,27.9,35.9,24.9,29.5,0.0,8.7,27.4,81,21.96,980.1,loc_salem,11.6643,78.146,ECMWF_ERA5_Reanalysis
2016-11-12,34.4,22.7,28.3,35.8,25.4,29.9,0.0,10.8,28.4,78,19.09,980.5,loc_salem,11.6643,78.146,ECMWF_ERA5_Reanalysis
2016-11-13,32.5,25.1,27.6,35.0,28.6,30.6,4.1,11.3,31.3,65,15.75,981.5,loc_salem,11.6643,78.146,ECMWF_ERA5_Reanalysis
2016-11-14,32.4,24.2,27.0,34.8,28.1,30.6,4.5,9.7,30.2,81,16.15,981.4,loc_salem,11.6643,78.146,ECMWF_ERA5_Reanalysis
2016-11-15,33.1,23.8,27.9,35.2,27.8,30.8,0.0,11.4,33.1,73,19.72,980.7,loc_salem,11.6643,78.146,ECMWF_ERA5_Reanalysis
2016-11-16,32.5,22.8,27.4,33.9,26.3,29.8,0.4,15.1,42.8,67,17.23,980.4,loc_salem,11.6643,78.146,ECMWF_ERA5_Reanalysis
2016-11-17,33.5,22.5,27.6,34.5,26.2,29.6,0.1,17.3,45.7,63,18.01,980.6,loc_salem,11.6643,78.146,ECMWF_ERA5_Reanalysis
2016-11-18,33.8,21.4,27.4,34.2,23.8,28.6,0.0,13.5,40.0,54,21.68,979.8,loc_salem,11.6643,78.146,ECMWF_ERA5_Reanalysis
2016-11-19,31.5,20.7,26.1,32.2,23.4,27.4,0.0,12.1,34.2,59,15.78,979.1,loc_salem,11.6643,78.146,ECMWF_ERA5_Reanalysis
2016-11-20,33.6,22.0,27.1,33.7,24.9,28.5,0.0,10.9,32.4,64,19.69,979.4,loc_salem,11.6643,78.146,ECMWF_ERA5_Reanalysis
2016-11-21,32.1,21.0,26.7,31.7,23.5,27.7,0.0,11.5,31.3,61,17.38,979.6,loc_salem,11.6643,78.146,ECMWF_ERA5_Reanalysis
2016-11-22,34.0,19.7,26.8,34.4,21.3,27.4,0.0,9.6,28.1,58,21.44,979.3,loc_salem,11.6643,78.146,ECMWF_ERA5_Reanalysis
2016-11-23,34.1,19.6,26.6,33.3,21.4,26.9,0.0,11.4,34.9,70,21.91,979.3,loc_salem,11.6643,78.146,ECMWF_ERA5_Reanalysis
2016-11-24,33.5,19.2,26.0,32.9,20.9,26.4,0.0,10.7,32.0,59,22.13,979.8,loc_salem,11.6643,78.146,ECMWF_ERA5_Reanalysis
2016-11-25,33.4,18.3,25.9,32.9,19.6,26.3,0.0,12.1,33.8,62,22.38,979.4,loc_salem,11.6643,78.146,ECMWF_ERA5_Reanalysis
2016-11-26,34.1,18.9,26.2,32.6,20.7,26.3,0.0,11.1,33.1,55,21.58,980.2,loc_salem,11.6643,78.146,ECMWF_ERA5_Reanalysis
2016-11-27,35.3,19.3,26.8,33.9,21.1,26.5,0.0,10.2,29.2,48,21.64,979.9,loc_salem,11.6643,78.146,ECMWF_ERA5_Reanalysis
2016-11-28,34.6,20.4,26.8,33.7,20.7,26.3,0.0,10.5,29.5,63,20.29,980.0,loc_salem,11.6643,78.146,ECMWF_ERA5_Reanalysis
2016-11-29,32.2,21.2,26.1,32.0,22.2,26.0,0.0,9.0,23.0,58,15.56,980.9,loc_salem,11.6643,78.146,ECMWF_ERA5_Reanalysis
2016-11-30,31.7,20.2,25.5,31.9,21.7,25.9,0.0,11.1,31.0,38,14.89,981.0,loc_salem,11.6643,78.146,ECMWF_ERA5_Reanalysis
2016-12-01,24.0,20.1,21.7,25.1,22.1,23.2,19.4,11.0,45.4,315,4.92,979.4,loc_salem,11.6643,78.146,ECMWF_ERA5_Reanalysis
2016-12-02,27.2,20.6,23.6,29.0,23.5,26.6,3.3,13.3,38.5,34,9.51,979.3,loc_salem,11.6643,78.146,ECMWF_ERA5_Reanalysis
2016-12-03,28.1,22.2,24.4,30.8,25.7,27.8,1.8,10.2,31.7,95,10.31,981.6,loc_salem,11.6643,78.146,ECMWF_ERA5_Reanalysis
2016-12-04,30.5,21.6,25.7,32.4,25.2,28.7,0.0,8.1,26.3,71,15.18,982.8,loc_salem,11.6643,78.146,ECMWF_ERA5_Reanalysis
2016-12-05,30.2,22.2,26.0,32.3,26.0,29.0,0.2,11.7,32.4,53,17.1,981.6,loc_salem,11.6643,78.146,ECMWF_ERA5_Reanalysis
2016-12-06,30.1,22.1,25.5,31.4,23.3,27.2,0.0,12.7,34.9,47,18.22,980.9,loc_salem,11.6643,78.146,ECMWF_ERA5_Reanalysis
2016-12-07,30.3,18.1,24.5,32.2,19.3,26.4,0.0,9.8,27.4,55,18.23,980.9,loc_salem,11.6643,78.146,ECMWF_ERA5_Reanalysis
2016-12-08,30.9,23.4,26.8,32.6,27.5,29.6,0.0,9.9,28.8,53,16.1,980.5,loc_salem,11.6643,78.146,ECMWF_ERA5_Reanalysis
2016-12-09,32.2,22.9,27.1,34.4,26.2,29.6,0.0,6.9,24.1,13,18.64,978.9,loc_salem,11.6643,78.146,ECMWF_ERA5_Reanalysis
2016-12-10,32.9,23.1,27.3,32.4,23.8,28.2,0.0,9.7,28.8,7,20.04,978.2,loc_salem,11.6643,78.146,ECMWF_ERA5_Reanalysis
2016-12-11,32.2,21.8,26.9,31.1,22.9,26.9,0.0,8.5,24.8,329,18.65,977.0,loc_salem,11.6643,78.146,ECMWF_ERA5_Reanalysis
2016-12-12,31.2,21.9,26.7,30.6,23.9,27.3,5.4,16.9,40.0,285,10.99,975.4,loc_salem,11.6643,78.146,ECMWF_ERA5_Reanalysis
2016-12-13,24.6,21.4,22.7,28.3,22.8,25.7,33.0,17.6,62.6,201,3.63,975.8,loc_salem,11.6643,78.146,ECMWF_ERA5_Reanalysis
2016-12-14,28.6,21.7,24.8,30.4,25.4,27.9,0.1,10.6,30.6,87,14.75,979.3,loc_salem,11.6643,78.146,ECMWF_ERA5_Reanalysis
2016-12-15,28.5,21.0,24.6,31.1,23.3,27.4,0.6,10.5,28.8,71,15.22,980.7,loc_salem,11.6643,78.146,ECMWF_ERA5_Reanalysis
2016-12-16,27.8,20.0,23.6,30.8,22.7,26.4,1.5,10.5,33.8,57,12.87,982.1,loc_salem,11.6643,78.146,ECMWF_ERA5_Reanalysis
2016-12-17,30.0,19.6,24.3,32.3,22.2,26.7,0.0,11.7,31.7,50,18.91,982.5,loc_salem,11.6643,78.146,ECMWF_ERA5_Reanalysis
2016-12-18,29.6,19.6,24.1,31.6,22.0,26.2,0.0,10.2,29.2,49,19.68,982.2,loc_salem,11.6643,78.146,ECMWF_ERA5_Reanalysis
2016-12-19,30.0,19.4,24.2,31.3,21.5,25.9,0.0,10.7,29.5,47,20.65,981.8,loc_salem,11.6643,78.146,ECMWF_ERA5_Reanalysis
2016-12-20,29.5,19.1,24.5,31.7,21.1,26.9,0.0,14.0,36.0,60,14.12,981.6,loc_salem,11.6643,78.146,ECMWF_ERA5_Reanalysis
2016-12-21,30.6,22.2,25.9,32.6,24.7,28.7,0.0,9.1,25.6,69,14.5,982.2,loc_salem,11.6643,78.146,ECMWF_ERA5_Reanalysis
2016-12-22,31.6,20.7,25.5,33.3,21.7,27.5,0.0,8.7,25.2,42,20.33,981.4,loc_salem,11.6643,78.146,ECMWF_ERA5_Reanalysis
2016-12-23,31.4,20.1,24.8,32.6,20.6,25.9,0.0,9.3,21.6,49,21.39,980.1,loc_salem,11.6643,78.146,ECMWF_ERA5_Reanalysis
2016-12-24,31.2,19.1,24.4,31.9,20.3,25.0,0.0,8.8,23.8,52,21.38,979.0,loc_salem,11.6643,78.146,ECMWF_ERA5_Reanalysis
2016-12-25,30.4,18.4,23.6,32.1,20.0,24.8,0.0,8.2,19.8,46,21.08,980.2,loc_salem,11.6643,78.146,ECMWF_ERA5_Reanalysis
2016-12-26,32.0,18.2,24.3,32.3,19.2,24.9,0.0,10.1,25.9,43,20.92,980.2,loc_salem,11.6643,78.146,ECMWF_ERA5_Reanalysis
2016-12-27,32.3,17.9,25.0,32.5,19.1,25.3,0.0,13.0,38.5,50,20.82,980.1,loc_salem,11.6643,78.146,ECMWF_ERA5_Reanalysis
2016-12-28,29.4,22.0,25.5,30.8,23.9,27.1,0.0,14.0,37.8,62,12.32,980.9,loc_salem,11.6643,78.146,ECMWF_ERA5_Reanalysis
2016-12-29,31.2,19.1,24.8,32.2,20.8,26.0,0.0,10.9,32.4,56,21.07,981.5,loc_salem,11.6643,78.146,ECMWF_ERA5_Reanalysis
2016-12-30,30.6,17.3,23.9,30.8,18.5,24.5,0.0,10.0,31.3,53,21.63,982.1,loc_salem,11.6643,78.146,ECMWF_ERA5_Reanalysis
2016-12-31,30.7,17.2,23.6,30.4,18.2,24.0,0.0,10.8,33.1,54,21.59,981.4,loc_salem,11.6643,78.146,ECMWF_ERA5_Reanalysis
2017-01-01,32.6,17.7,25.1,33.4,18.8,26.0,0.0,17.7,40.3,91,20.38,980.7,loc_salem,11.6643,78.146,ECMWF_ERA5_Reanalysis
2017-01-02,32.6,20.0,26.0,33.7,23.1,27.3,0.0,22.3,49.3,46,20.47,981.0,loc_salem,11.6643,78.146,ECMWF_ERA5_Reanalysis
2017-01-03,33.2,19.3,25.7,34.4,21.7,26.8,0.0,20.5,48.6,62,21.53,980.7,loc_salem,11.6643,78.146,ECMWF_ERA5_Reanalysis
2017-01-04,32.4,19.7,25.6,33.7,20.9,26.2,0.0,25.1,56.9,80,21.65,980.4,loc_salem,11.6643,78.146,ECMWF_ERA5_Reanalysis
2017-01-05,32.6,19.1,25.6,34.7,20.6,26.4,0.0,21.2,49.0,91,21.6,979.9,loc_salem,11.6643,78.146,ECMWF_ERA5_Reanalysis
2017-01-06,32.0,19.5,25.7,33.7,21.6,26.7,0.0,21.6,48.2,92,21.64,979.6,loc_salem,11.6643,78.146,ECMWF_ERA5_Reanalysis
2017-01-07,31.4,19.5,25.2,32.9,20.9,26.0,0.0,21.3,47.2,100,21.3,978.6,loc_salem,11.6643,78.146,ECMWF_ERA5_Reanalysis
2017-01-08,32.1,19.5,25.2,33.2,20.6,25.7,0.0,21.3,49.3,100,21.23,978.0,loc_salem,11.6643,78.146,ECMWF_ERA5_Reanalysis
2017-01-09,31.7,19.2,25.0,33.6,19.9,25.3,0.0,20.5,45.0,79,21.9,978.3,loc_salem,11.6643,78.146,ECMWF_ERA5_Reanalysis
2017-01-10,32.0,19.2,25.3,33.5,20.4,25.6,0.0,20.6,45.0,69,21.1,978.9,loc_salem,11.6643,78.146,ECMWF_ERA5_Reanalysis
2017-01-11,31.6,20.1,26.3,33.1,21.6,26.6,0.0,22.0,50.8,95,17.19,979.3,loc_salem,11.6643,78.146,ECMWF_ERA5_Reanalysis
2017-01-12,30.9,20.2,26.1,32.3,21.1,26.4,0.0,21.6,49.7,98,16.67,978.8,loc_salem,11.6643,78.146,ECMWF_ERA5_Reanalysis
2017-01-13,29.9,21.5,25.6,31.0,22.4,26.4,0.1,21.5,50.4,89,14.08,979.1,loc_salem,11.6643,78.146,ECMWF_ERA5_Reanalysis
2017-01-14,30.8,20.1,25.4,30.4,21.3,25.3,0.0,21.6,49.3,84,16.96,980.1,loc_salem,11.6643,78.146,ECMWF_ERA5_Reanalysis
2017-01-15,32.3,18.9,25.3,31.8,20.4,25.4,0.0,22.7,52.9,93,22.45,981.7,loc_salem,11.6643,78.146,ECMWF_ERA5_Reanalysis
2017-01-16,31.5,20.1,25.4,32.5,21.3,26.5,0.0,19.6,45.7,63,19.96,981.7,loc_salem,11.6643,78.146,ECMWF_ERA5_Reanalysis
2017-01-17,32.1,18.5,24.8,31.7,20.1,24.8,0.0,20.5,49.0,84,22.72,981.5,loc_salem,11.6643,78.146,ECMWF_ERA5_Reanalysis
2017-01-18,31.5,17.8,24.1,31.2,18.6,24.4,0.0,14.8,44.3,79,22.96,982.4,loc_salem,11.6643,78.146,ECMWF_ERA5_Reanalysis
2017-01-19,30.9,17.5,24.1,31.1,18.7,24.1,0.0,19.1,44.6,81,18.86,982.5,loc_salem,11.6643,78.146,ECMWF_ERA5_Reanalysis
2017-01-20,30.8,18.6,24.9,31.5,20.2,26.2,0.0,16.5,40.0,64,14.46,981.8,loc_salem,11.6643,78.146,ECMWF_ERA5_Reanalysis
2017-01-21,29.8,22.7,25.6,31.0,25.3,27.7,1.2,14.8,35.6,74,9.7,982.3,loc_salem,11.6643,78.146,ECMWF_ERA5_Reanalysis
2017-01-22,32.5,21.2,26.1,33.6,23.1,27.7,0.0,14.5,36.4,85,18.42,983.3,loc_salem,11.6643,78.146,ECMWF_ERA5_Reanalysis
2017-01-23,32.8,17.7,24.7,33.4,19.3,25.5,0.0,13.4,34.2,75,21.84,983.0,loc_salem,11.6643,78.146,ECMWF_ERA5_Reanalysis
2017-01-24,32.5,18.8,25.4,32.8,19.9,25.9,0.0,16.4,41.0,80,22.49,982.1,loc_salem,11.6643,78.146,ECMWF_ERA5_Reanalysis
2017-01-25,31.8,20.4,25.9,31.8,22.0,26.8,0.0,15.5,34.9,73,15.51,982.2,loc_salem,11.6643,78.146,ECMWF_ERA5_Reanalysis
2017-01-26,26.1,22.1,23.7,29.3,24.6,27.0,46.2,8.0,29.5,338,6.15,982.2,loc_salem,11.6643,78.146,ECMWF_ERA5_Reanalysis
2017-01-27,24.6,22.3,23.4,29.1,26.3,27.5,18.8,13.8,32.4,115,4.88,981.0,loc_salem,11.6643,78.146,ECMWF_ERA5_Reanalysis
2017-01-28,29.1,22.2,24.9,32.2,26.3,28.4,0.7,15.4,36.0,99,14.21,980.7,loc_salem,11.6643,78.146,ECMWF_ERA5_Reanalysis
2017-01-29,30.1,21.7,25.7,33.3,25.8,28.8,0.6,13.2,31.7,103,17.13,981.2,loc_salem,11.6643,78.146,ECMWF_ERA5_Reanalysis
2017-01-30,30.4,22.3,25.5,33.1,23.5,27.9,0.0,19.0,42.1,107,21.97,981.2,loc_salem,11.6643,78.146,ECMWF_ERA5_Reanalysis
2017-01-31,31.3,19.9,24.8,34.9,22.2,27.0,0.0,17.7,39.6,97,22.76,980.7,loc_salem,11.6643,78.146,ECMWF_ERA5_Reanalysis
2017-02-01,29.8,19.3,24.0,31.9,21.3,25.5,0.0,14.0,33.8,102,22.7,981.4,loc_salem,11.6643,78.146,ECMWF_ERA5_Reanalysis
2017-02-02,30.7,17.8,23.7,33.4,19.6,24.8,0.0,16.2,37.4,103,23.86,982.7,loc_salem,11.6643,78.146,ECMWF_ERA5_Reanalysis
2017-02-03,31.2,18.0,24.0,33.8,19.5,25.3,0.0,16.6,37.8,97,23.43,982.5,loc_salem,11.6643,78.146,ECMWF_ERA5_Reanalysis
2017-02-04,30.8,18.5,24.2,31.7,20.4,25.0,0.0,19.2,44.3,96,23.69,981.4,loc_salem,11.6643,78.146,ECMWF_ERA5_Reanalysis
2017-02-05,30.2,18.4,24.3,32.6,18.7,24.7,0.0,18.3,41.4,98,24.15,981.0,loc_salem,11.6643,78.146,ECMWF_ERA5_Reanalysis
2017-02-06,32.3,18.7,25.0,33.7,20.1,25.7,0.0,21.7,47.5,80,23.72,980.9,loc_salem,11.6643,78.146,ECMWF_ERA5_Reanalysis
2017-02-07,33.4,19.2,25.9,36.2,20.6,26.5,0.0,21.6,47.9,91,23.99,980.4,loc_salem,11.6643,78.146,ECMWF_ERA5_Reanalysis
2017-02-08,34.1,19.6,26.1,34.8,20.7,26.0,0.0,24.1,53.3,93,24.5,980.7,loc_salem,11.6643,78.146,ECMWF_ERA5_Reanalysis
2017-02-09,34.2,18.2,25.5,35.6,18.4,25.6,0.0,22.7,50.4,84,24.55,980.3,loc_salem,11.6643,78.146,ECMWF_ERA5_Reanalysis
2017-02-10,32.9,18.7,25.2,35.1,20.2,25.8,0.0,23.1,50.4,98,24.57,979.7,loc_salem,11.6643,78.146,ECMWF_ERA5_Reanalysis
2017-02-11,32.4,18.7,25.0,33.3,19.7,25.0,0.0,23.1,50.8,96,24.64,980.5,loc_salem,11.6643,78.146,ECMWF_ERA5_Reanalysis
2017-02-12,31.4,18.5,24.6,32.2,19.7,24.7,0.0,21.0,47.5,97,24.34,982.0,loc_salem,11.6643,78.146,ECMWF_ERA5_Reanalysis
2017-02-13,32.6,18.6,25.4,32.9,19.2,25.6,0.0,19.9,47.2,94,24.38,983.4,loc_salem,11.6643,78.146,ECMWF_ERA5_Reanalysis
2017-02-14,30.1,21.8,25.9,31.0,23.6,27.5,0.7,15.8,37.1,87,12.22,984.3,loc_salem,11.6643,78.146,ECMWF_ERA5_Reanalysis
2017-02-15,34.5,19.6,26.4,34.4,22.2,27.2,0.0,19.1,47.9,84,22.73,984.4,loc_salem,11.6643,78.146,ECMWF_ERA5_Reanalysis
2017-02-16,33.1,18.0,25.2,32.0,19.7,25.2,0.0,16.7,41.8,87,25.22,982.9,loc_salem,11.6643,78.146,ECMWF_ERA5_Reanalysis
2017-02-17,33.2,16.6,24.5,32.0,17.0,24.1,0.0,17.7,44.3,90,25.41,981.9,loc_salem,11.6643,78.146,ECMWF_ERA5_Reanalysis
2017-02-18,34.4,17.6,25.2,33.5,18.5,24.7,0.0,14.8,36.0,95,25.57,982.3,loc_salem,11.6643,78.146,ECMWF_ERA5_Reanalysis
2017-02-19,35.3,18.1,26.3,36.2,19.7,26.4,0.0,18.4,41.4,105,23.55,981.4,loc_salem,11.6643,78.146,ECMWF_ERA5_Reanalysis
2017-02-20,36.0,20.5,28.1,37.8,21.2,28.6,0.0,17.4,41.0,152,24.3,979.0,loc_salem,11.6643,78.146,ECMWF_ERA5_Reanalysis
2017-02-21,36.8,22.3,29.4,39.8,23.3,29.9,0.0,19.2,45.4,128,24.49,978.1,loc_salem,11.6643,78.146,ECMWF_ERA5_Reanalysis
2017-02-22,37.6,21.9,29.7,38.4,24.3,30.3,0.0,23.1,52.6,109,25.23,978.2,loc_salem,11.6643,78.146,ECMWF_ERA5_Reanalysis
2017-02-23,37.2,21.6,28.6,38.1,24.1,28.9,0.0,17.6,39.2,100,25.41,979.9,loc_salem,11.6643,78.146,ECMWF_ERA5_Reanalysis
2017-02-24,37.0,21.3,28.3,37.6,22.3,28.5,0.0,19.1,46.1,100,25.46,980.4,loc_salem,11.6643,78.146,ECMWF_ERA5_Reanalysis
2017-02-25,37.5,20.0,28.0,36.4,22.0,28.0,0.0,19.8,45.7,101,25.66,980.2,loc_salem,11.6643,78.146,ECMWF_ERA5_Reanalysis
2017-02-26,36.9,20.7,27.7,39.2,22.8,29.0,0.0,25.6,59.0,95,24.9,978.5,loc_salem,11.6643,78.146,ECMWF_ERA5_Reanalysis
2017-02-27,34.3,21.5,27.2,34.8,24.5,28.0,0.0,17.3,38.9,104,22.73,979.6,loc_salem,11.6643,78.146,ECMWF_ERA5_Reanalysis
2017-02-28,35.4,20.2,27.0,36.2,22.6,27.9,0.0,14.8,36.4,89,25.46,979.9,loc_salem,11.6643,78.146,ECMWF_ERA5_Reanalysis
2017-03-01,35.6,18.8,26.7,34.5,21.3,26.5,0.0,18.4,43.9,100,25.91,979.7,loc_salem,11.6643,78.146,ECMWF_ERA5_Reanalysis
2017-03-02,34.5,19.0,26.9,35.1,20.3,27.1,0.0,22.3,53.6,98,21.41,978.6,loc_salem,11.6643,78.146,ECMWF_ERA5_Reanalysis
2017-03-03,33.9,22.5,27.2,35.6,24.2,28.5,0.1,22.5,50.8,104,20.91,976.8,loc_salem,11.6643,78.146,ECMWF_ERA5_Reanalysis
2017-03-04,32.9,24.5,27.6,37.4,27.0,30.5,2.5,16.4,39.6,101,16.9,976.5,loc_salem,11.6643,78.146,ECMWF_ERA5_Reanalysis
2017-03-05,35.0,24.1,29.0,39.5,28.5,32.6,2.1,16.6,38.2,106,20.17,976.2,loc_salem,11.6643,78.146,ECMWF_ERA5_Reanalysis
2017-03-06,33.9,24.3,28.1,39.1,28.8,32.1,11.9,14.6,38.9,144,17.21,976.1,loc_salem,11.6643,78.146,ECMWF_ERA5_Reanalysis
2017-03-07,33.2,25.5,28.6,35.4,29.4,32.3,4.7,10.5,29.5,138,13.86,976.2,loc_salem,11.6643,78.146,ECMWF_ERA5_Reanalysis
2017-03-08,33.3,24.1,27.8,37.8,28.3,31.5,6.7,12.5,31.7,148,16.12,976.5,loc_salem,11.6643,78.146,ECMWF_ERA5_Reanalysis
2017-03-09,31.7,24.1,27.5,35.7,28.3,31.3,11.0,14.5,40.7,146,19.05,976.2,loc_salem,11.6643,78.146,ECMWF_ERA5_Reanalysis
2017-03-10,32.2,23.6,27.5,38.4,28.3,31.7,10.3,18.8,43.2,169,17.68,976.7,loc_salem,11.6643,78.146,ECMWF_ERA5_Reanalysis
2017-03-11,33.7,24.3,28.2,38.6,28.1,31.7,2.5,16.1,38.2,155,18.9,977.9,loc_salem,11.6643,78.146,ECMWF_ERA5_Reanalysis
2017-03-12,35.0,24.0,29.3,38.7,27.7,32.4,0.2,14.1,36.7,149,23.13,978.0,loc_salem,11.6643,78.146,ECMWF_ERA5_Reanalysis
2017-03-13,34.1,24.8,29.3,38.1,28.9,32.7,3.2,15.7,40.0,118,20.03,978.2,loc_salem,11.6643,78.146,ECMWF_ERA5_Reanalysis
2017-03-14,31.2,24.3,27.6,34.6,28.3,30.9,12.0,17.1,42.1,103,16.7,979.2,loc_salem,11.6643,78.146,ECMWF_ERA5_Reanalysis
2017-03-15,33.4,24.5,28.2,36.1,27.5,30.6,0.1,17.7,41.0,105,20.25,979.6,loc_salem,11.6643,78.146,ECMWF_ERA5_Reanalysis
2017-03-16,33.8,23.7,28.4,36.4,27.4,30.8,0.2,16.5,37.4,106,20.63,979.5,loc_salem,11.6643,78.146,ECMWF_ERA5_Reanalysis
2017-03-17,34.9,23.4,29.3,38.7,27.8,32.3,0.1,11.2,30.6,115,22.26,978.7,loc_salem,11.6643,78.146,ECMWF_ERA5_Reanalysis
2017-03-18,35.3,24.7,30.0,40.6,28.3,33.1,0.1,13.5,32.0,154,22.06,979.2,loc_salem,11.6643,78.146,ECMWF_ERA5_Reanalysis
2017-03-19,37.2,25.1,30.8,40.1,28.6,33.5,0.1,14.7,34.6,131,21.84,979.4,loc_salem,11.6643,78.146,ECMWF_ERA5_Reanalysis
2017-03-20,36.4,25.5,31.0,39.2,28.7,33.3,0.4,15.0,34.9,156,20.72,978.9,loc_salem,11.6643,78.146,ECMWF_ERA5_Reanalysis
2017-03-21,37.7,26.2,31.1,39.9,29.2,33.2,0.7,22.1,50.0,114,21.42,979.5,loc_salem,11.6643,78.146,ECMWF_ERA5_Reanalysis
2017-03-22,37.6,24.5,30.8,39.1,27.6,32.0,0.0,20.2,49.3,97,22.55,979.2,loc_salem,11.6643,78.146,ECMWF_ERA5_Reanalysis
2017-03-23,38.9,24.0,30.4,40.1,25.5,31.2,0.0,22.2,51.1,107,26.85,979.1,loc_salem,11.6643,78.146,ECMWF_ERA5_Reanalysis
2017-03-24,38.4,23.1,30.3,39.1,24.0,30.2,0.0,19.5,47.2,103,27.22,978.9,loc_salem,11.6643,78.146,ECMWF_ERA5_Reanalysis
2017-03-25,39.6,22.8,30.9,39.2,22.9,29.9,0.0,23.1,52.6,92,27.56,979.0,loc_salem,11.6643,78.146,ECMWF_ERA5_Reanalysis
2017-03-26,40.1,23.1,30.6,39.8,25.0,31.0,0.0,19.4,48.2,85,27.36,979.0,loc_salem,11.6643,78.146,ECMWF_ERA5_Reanalysis
2017-03-27,38.7,21.6,29.5,38.4,23.6,29.7,0.0,20.2,45.0,110,27.66,979.7,loc_salem,11.6643,78.146,ECMWF_ERA5_Reanalysis
2017-03-28,38.9,24.0,30.9,39.7,26.8,31.7,0.0,21.2,48.6,111,26.88,979.8,loc_salem,11.6643,78.146,ECMWF_ERA5_Reanalysis
2017-03-29,39.9,24.2,31.4,40.2,27.9,32.7,0.0,18.6,44.6,105,27.13,979.0,loc_salem,11.6643,78.146,ECMWF_ERA5_Reanalysis
2017-03-30,39.2,24.3,31.4,39.4,27.1,32.5,0.0,18.4,42.5,102,27.54,979.2,loc_salem,11.6643,78.146,ECMWF_ERA5_Reanalysis
2017-03-31,38.5,24.4,31.0,38.5,28.0,32.4,0.0,18.8,48.2,102,26.53,980.0,loc_salem,11.6643,78.146,ECMWF_ERA5_Reanalysis
2017-04-01,40.4,24.0,32.2,40.6,26.7,32.6,0.0,17.3,44.3,116,27.42,978.8,loc_salem,11.6643,78.146,ECMWF_ERA5_Reanalysis
2017-04-02,40.1,25.6,32.5,40.1,28.4,33.2,0.0,17.8,46.1,116,27.24,977.6,loc_salem,11.6643,78.146,ECMWF_ERA5_Reanalysis
2017-04-03,39.9,24.7,32.4,41.2,26.6,33.3,0.0,20.6,50.4,110,26.33,977.8,loc_salem,11.6643,78.146,ECMWF_ERA5_Reanalysis
2017-04-04,38.3,26.1,32.3,40.4,29.1,33.9,0.3,13.7,36.4,117,23.72,978.4,loc_salem,11.6643,78.146,ECMWF_ERA5_Reanalysis
2017-04-05,39.6,27.2,32.9,41.4,30.6,34.8,0.0,12.7,38.2,147,24.7,977.7,loc_salem,11.6643,78.146,ECMWF_ERA5_Reanalysis
2017-04-06,38.8,27.7,33.3,42.2,31.4,35.1,0.7,16.6,41.4,129,23.39,976.8,loc_salem,11.6643,78.146,ECMWF_ERA5_Reanalysis
2017-04-07,40.1,28.1,33.7,42.1,31.5,35.3,0.2,21.3,51.8,125,24.36,976.7,loc_salem,11.6643,78.146,ECMWF_ERA5_Reanalysis
2017-04-08,40.3,27.5,33.5,41.8,30.5,34.5,0.0,19.6,45.4,118,26.1,976.5,loc_salem,11.6643,78.146,ECMWF_ERA5_Reanalysis
2017-04-09,39.5,26.6,33.0,40.4,29.5,34.1,0.0,16.8,43.9,117,24.08,976.6,loc_salem,11.6643,78.146,ECMWF_ERA5_Reanalysis
2017-04-10,39.9,27.3,33.4,41.7,29.5,34.7,0.0,16.8,40.0,127,23.95,975.9,loc_salem,11.6643,78.146,ECMWF_ERA5_Reanalysis
2017-04-11,40.2,28.1,33.8,42.6,30.9,35.6,0.0,21.1,47.5,111,21.75,975.6,loc_salem,11.6643,78.146,ECMWF_ERA5_Reanalysis
2017-04-12,41.2,27.4,33.7,41.8,30.9,35.3,0.0,19.6,46.1,98,23.94,976.1,loc_salem,11.6643,78.146,ECMWF_ERA5_Reanalysis
2017-04-13,40.6,26.7,33.2,41.7,30.2,34.4,0.0,19.1,45.0,103,26.22,976.7,loc_salem,11.6643,78.146,ECMWF_ERA5_Reanalysis
2017-04-14,40.8,25.3,32.6,41.5,28.6,33.8,0.0,15.6,38.2,100,24.06,976.0,loc_salem,11.6643,78.146,ECMWF_ERA5_Reanalysis
2017-04-15,41.4,26.6,33.6,41.6,30.0,34.7,0.0,19.5,47.2,81,25.14,974.6,loc_salem,11.6643,78.146,ECMWF_ERA5_Reanalysis
2017-04-16,40.0,27.3,33.3,42.9,31.8,35.9,0.2,13.7,33.1,184,23.17,975.0,loc_salem,11.6643,78.146,ECMWF_ERA5_Reanalysis
2017-04-17,40.2,27.3,33.7,42.3,31.6,36.0,0.0,15.6,35.6,195,22.92,975.9,loc_salem,11.6643,78.146,ECMWF_ERA5_Reanalysis
2017-04-18,39.6,27.6,33.7,43.6,30.9,36.2,0.1,13.6,33.8,195,21.07,975.9,loc_salem,11.6643,78.146,ECMWF_ERA5_Reanalysis
2017-04-19,40.1,27.7,33.7,43.4,31.9,36.4,0.0,13.0,30.6,178,23.04,976.0,loc_salem,11.6643,78.146,ECMWF_ERA5_Reanalysis
2017-04-20,38.4,27.5,32.1,42.3,31.7,35.5,5.1,15.0,40.3,209,20.96,976.1,loc_salem,11.6643,78.146,ECMWF_ERA5_Reanalysis
2017-04-21,38.0,28.3,31.6,41.7,32.3,35.3,3.5,13.0,37.4,228,18.91,976.8,loc_salem,11.6643,78.146,ECMWF_ERA5_Reanalysis
2017-04-22,38.4,27.1,31.7,42.1,31.2,35.0,2.4,15.7,54.7,205,20.98,976.5,loc_salem,11.6643,78.146,ECMWF_ERA5_Reanalysis
2017-04-23,39.7,27.3,32.8,42.1,32.0,35.6,1.9,13.1,32.4,226,21.88,976.4,loc_salem,11.6643,78.146,ECMWF_ERA5_Reanalysis
2017-04-24,38.8,27.5,32.8,41.8,33.0,36.2,0.2,12.7,36.7,200,20.97,976.4,loc_salem,11.6643,78.146,ECMWF_ERA5_Reanalysis
2017-04-25,40.0,27.1,31.9,43.6,31.1,35.0,3.8,13.7,43.2,319,20.94,976.9,loc_salem,11.6643,78.146,ECMWF_ERA5_Reanalysis
2017-04-26,40.7,27.0,33.5,43.5,31.4,35.5,0.0,11.9,34.2,142,24.05,976.5,loc_salem,11.6643,78.146,ECMWF_ERA5_Reanalysis
2017-04-27,39.1,27.4,33.5,42.0,30.8,35.4,0.0,15.5,39.6,168,23.05,977.0,loc_salem,11.6643,78.146,ECMWF_ERA5_Reanalysis
2017-04-28,40.2,26.8,33.2,41.9,31.2,35.1,0.6,13.0,44.3,157,25.19,977.1,loc_salem,11.6643,78.146,ECMWF_ERA5_Reanalysis
2017-04-29,40.3,27.6,33.4,43.4,31.3,35.6,0.2,10.6,32.0,154,23.98,977.3,loc_salem,11.6643,78.146,ECMWF_ERA5_Reanalysis
2017-04-30,39.2,28.6,33.5,42.3,29.9,34.8,0.2,15.8,45.4,119,23.32,977.1,loc_salem,11.6643,78.146,ECMWF_ERA5_Reanalysis
2017-05-01,38.1,27.5,32.5,40.2,29.9,34.1,0.6,15.5,39.2,153,21.4,977.8,loc_salem,11.6643,78.146,ECMWF_ERA5_Reanalysis
2017-05-02,38.8,27.4,32.4,41.6,30.8,34.7,0.3,18.8,46.8,105,23.22,978.5,loc_salem,11.6643,78.146,ECMWF_ERA5_Reanalysis
2017-05-03,38.5,27.6,32.7,41.2,30.9,34.6,0.3,16.2,40.7,118,23.3,978.5,loc_salem,11.6643,78.146,ECMWF_ERA5_Reanalysis
2017-05-04,39.4,27.5,33.1,41.8,30.9,35.3,0.0,15.3,38.5,102,23.91,978.0,loc_salem,11.6643,78.146,ECMWF_ERA5_Reanalysis
2017-05-05,40.1,28.4,33.5,43.7,31.1,35.5,0.0,20.6,46.1,142,24.96,977.8,loc_salem,11.6643,78.146,ECMWF_ERA5_Reanalysis
2017-05-06,39.0,28.5,33.3,43.8,32.1,36.3,4.4,16.5,38.5,167,23.15,978.3,loc_salem,11.6643,78.146,ECMWF_ERA5_Reanalysis
2017-05-07,39.6,28.3,32.4,44.7,30.4,35.6,3.0,18.7,47.2,128,22.86,978.8,loc_salem,11.6643,78.146,ECMWF_ERA5_Reanalysis
2017-05-08,39.2,27.0,32.4,42.9,31.0,35.5,0.2,11.4,46.4,142,23.82,977.6,loc_salem,11.6643,78.146,ECMWF_ERA5_Reanalysis
2017-05-09,38.4,27.8,31.8,42.9,31.9,34.9,1.4,15.1,43.9,224,22.55,976.6,loc_salem,11.6643,78.146,ECMWF_ERA5_Reanalysis
2017-05-10,37.9,27.9,31.8,42.3,30.9,34.5,3.3,20.5,57.6,95,21.96,976.5,loc_salem,11.6643,78.146,ECMWF_ERA5_Reanalysis
2017-05-11,36.9,26.6,30.8,42.1,29.8,34.3,8.2,14.8,38.2,131,18.73,976.8,loc_salem,11.6643,78.146,ECMWF_ERA5_Reanalysis
2017-05-12,35.5,25.6,31.0,40.3,30.5,34.8,3.9,16.2,37.1,121,19.81,976.9,loc_salem,11.6643,78.146,ECMWF_ERA5_Reanalysis
2017-05-13,37.5,25.5,32.0,41.5,30.6,35.7,0.0,13.1,35.3,178,23.46,976.0,loc_salem,11.6643,78.146,ECMWF_ERA5_Reanalysis
2017-05-14,39.6,27.4,32.8,44.1,32.0,36.5,1.1,15.7,40.0,245,24.31,975.1,loc_salem,11.6643,78.146,ECMWF_ERA5_Reanalysis
2017-05-15,39.7,27.1,32.5,42.9,30.1,35.7,0.5,13.6,39.2,316,24.81,974.7,loc_salem,11.6643,78.146,ECMWF_ERA5_Reanalysis
2017-05-16,39.1,27.4,33.1,43.3,31.2,36.4,0.2,15.5,45.4,286,23.01,973.7,loc_salem,11.6643,78.146,ECMWF_ERA5_Reanalysis
2017-05-17,40.6,27.6,32.9,45.2,32.2,36.4,0.7,17.3,46.8,272,22.27,973.9,loc_salem,11.6643,78.146,ECMWF_ERA5_Reanalysis
2017-05-18,39.0,26.7,30.9,43.7,30.1,35.1,16.2,17.8,43.9,288,21.8,975.4,loc_salem,11.6643,78.146,ECMWF_ERA5_Reanalysis
2017-05-19,37.2,25.4,30.3,40.3,30.3,34.1,7.0,17.0,40.0,329,19.03,976.2,loc_salem,11.6643,78.146,ECMWF_ERA5_Reanalysis
2017-05-20,37.0,27.1,29.9,43.4,31.1,34.4,3.8,9.7,28.4,290,16.48,975.2,loc_salem,11.6643,78.146,ECMWF_ERA5_Reanalysis
2017-05-21,36.7,26.2,30.3,41.3,31.0,34.0,4.2,16.6,47.2,333,17.57,974.0,loc_salem,11.6643,78.146,ECMWF_ERA5_Reanalysis
2017-05-22,36.9,26.3,29.6,40.8,29.9,33.6,6.5,16.7,40.7,302,19.07,974.7,loc_salem,11.6643,78.146,ECMWF_ERA5_Reanalysis
2017-05-23,38.8,26.8,30.8,43.6,29.8,34.2,5.0,26.3,59.4,338,22.9,974.4,loc_salem,11.6643,78.146,ECMWF_ERA5_Reanalysis
2017-05-24,39.1,26.9,31.3,42.8,31.7,35.2,2.9,12.2,36.4,274,20.49,973.8,loc_salem,11.6643,78.146,ECMWF_ERA5_Reanalysis
2017-05-25,37.8,26.9,29.4,42.9,32.0,34.3,8.1,13.6,54.0,306,18.12,973.5,loc_salem,11.6643,78.146,ECMWF_ERA5_Reanalysis
2017-05-26,36.6,25.8,30.6,41.1,31.5,35.1,2.0,13.3,49.3,273,22.08,973.6,loc_salem,11.6643,78.146,ECMWF_ERA5_Reanalysis
2017-05-27,35.8,25.9,29.4,41.6,30.5,34.3,6.6,11.0,34.6,294,20.92,973.8,loc_salem,11.6643,78.146,ECMWF_ERA5_Reanalysis
2017-05-28,32.7,26.1,28.7,37.9,31.7,33.9,2.2,12.2,34.9,268,16.12,973.9,loc_salem,11.6643,78.146,ECMWF_ERA5_Reanalysis
2017-05-29,36.3,25.4,30.2,39.3,28.1,33.3,0.9,18.7,46.4,294,24.32,973.6,loc_salem,11.6643,78.146,ECMWF_ERA5_Reanalysis
2017-05-30,34.4,24.4,29.2,38.6,29.1,32.8,1.6,18.8,45.4,253,22.44,973.8,loc_salem,11.6643,78.146,ECMWF_ERA5_Reanalysis
2017-05-31,34.5,24.2,29.2,39.2,28.9,33.2,0.0,16.2,40.0,241,22.54,973.8,loc_salem,11.6643,78.146,ECMWF_ERA5_Reanalysis
2017-06-01,35.9,24.9,29.9,39.3,29.2,33.5,0.0,16.4,39.6,213,23.91,973.5,loc_salem,11.6643,78.146,ECMWF_ERA5_Reanalysis
2017-06-02,36.1,25.5,30.0,39.0,29.6,33.0,0.7,20.9,49.7,225,21.05,974.0,loc_salem,11.6643,78.146,ECMWF_ERA5_Reanalysis
2017-06-03,34.6,25.7,29.5,38.5,29.8,32.9,9.0,17.1,50.8,232,18.32,975.4,loc_salem,11.6643,78.146,ECMWF_ERA5_Reanalysis
2017-06-04,37.4,24.7,30.1,42.0,29.5,34.0,1.8,18.1,43.9,249,23.37,975.1,loc_salem,11.6643,78.146,ECMWF_ERA5_Reanalysis
2017-06-05,36.1,25.2,30.0,40.7,30.3,34.2,3.6,17.7,48.2,260,22.03,975.3,loc_salem,11.6643,78.146,ECMWF_ERA5_Reanalysis
2017-06-06,35.7,25.4,29.1,39.1,30.0,33.2,5.2,15.8,47.5,270,19.81,976.0,loc_salem,11.6643,78.146,ECMWF_ERA5_Reanalysis
2017-06-07,34.3,25.2,28.0,36.6,30.1,32.1,2.0,18.8,53.3,302,15.19,976.9,loc_salem,11.6643,78.146,ECMWF_ERA5_Reanalysis
2017-06-08,32.5,23.5,28.1,34.8,28.6,31.4,0.0,19.9,49.0,301,15.94,975.7,loc_salem,11.6643,78.146,ECMWF_ERA5_Reanalysis
2017-06-09,33.0,25.6,28.8,36.2,29.9,32.2,0.0,19.2,49.3,288,15.81,974.8,loc_salem,11.6643,78.146,ECMWF_ERA5_Reanalysis
2017-06-10,33.4,24.2,27.4,37.1,28.1,31.0,5.6,20.0,50.0,246,17.42,974.8,loc_salem,11.6643,78.146,ECMWF_ERA5_Reanalysis
2017-06-11,32.3,23.4,27.1,33.9,27.4,30.0,1.3,18.2,40.7,223,17.86,974.8,loc_salem,11.6643,78.146,ECMWF_ERA5_Reanalysis
2017-06-12,32.9,24.2,28.1,35.6,27.8,31.3,0.0,16.8,40.0,221,15.7,974.6,loc_salem,11.6643,78.146,ECMWF_ERA5_Reanalysis
2017-06-13,34.1,24.1,28.6,37.8,28.5,32.4,0.0,14.3,37.8,226,18.03,974.5,loc_salem,11.6643,78.146,ECMWF_ERA5_Reanalysis
2017-06-14,35.3,24.2,28.9,39.9,29.2,33.3,2.7,12.2,35.3,215,20.37,975.6,loc_salem,11.6643,78.146,ECMWF_ERA5_Reanalysis
2017-06-15,34.2,24.9,29.4,37.4,29.7,33.5,0.4,11.9,29.2,235,18.19,975.7,loc_salem,11.6643,78.146,ECMWF_ERA5_Reanalysis
2017-06-16,33.7,25.6,29.1,38.1,30.6,33.3,2.5,13.8,35.3,250,17.15,975.6,loc_salem,11.6643,78.146,ECMWF_ERA5_Reanalysis
2017-06-17,35.8,24.7,29.5,40.1,29.7,33.4,1.7,16.2,41.8,260,21.91,975.4,loc_salem,11.6643,78.146,ECMWF_ERA5_Reanalysis
2017-06-18,35.2,24.6,30.0,39.9,28.2,33.2,0.3,19.4,45.7,273,22.85,974.6,loc_salem,11.6643,78.146,ECMWF_ERA5_Reanalysis
2017-06-19,36.4,25.4,30.4,39.9,29.9,33.9,4.7,13.8,47.2,246,21.69,974.3,loc_salem,11.6643,78.146,ECMWF_ERA5_Reanalysis
2017-06-20,33.3,25.9,29.0,35.6,30.7,32.8,0.8,11.2,32.0,221,13.1,975.2,loc_salem,11.6643,78.146,ECMWF_ERA5_Reanalysis
2017-06-21,35.3,24.4,28.3,38.4,29.0,32.1,4.4,24.6,58.7,257,19.0,975.6,loc_salem,11.6643,78.146,ECMWF_ERA5_Reanalysis
2017-06-22,34.2,24.2,28.7,38.5,28.7,32.4,2.5,12.1,40.3,267,20.71,976.0,loc_salem,11.6643,78.146,ECMWF_ERA5_Reanalysis
2017-06-23,33.5,24.1,28.0,38.8,28.6,32.1,5.0,14.0,42.1,248,20.08,975.5,loc_salem,11.6643,78.146,ECMWF_ERA5_Reanalysis
2017-06-24,32.2,23.8,27.6,34.4,28.3,31.0,0.2,18.6,46.8,247,15.77,974.1,loc_salem,11.6643,78.146,ECMWF_ERA5_Reanalysis
2017-06-25,32.5,23.7,27.3,35.1,27.4,30.5,1.2,16.2,50.0,222,15.12,973.2,loc_salem,11.6643,78.146,ECMWF_ERA5_Reanalysis
2017-06-26,33.4,23.7,27.6,37.1,27.3,30.8,6.7,14.8,48.6,224,18.02,974.7,loc_salem,11.6643,78.146,ECMWF_ERA5_Reanalysis
2017-06-27,31.0,23.3,25.9,34.1,26.8,29.4,11.8,14.3,40.3,218,11.55,975.9,loc_salem,11.6643,78.146,ECMWF_ERA5_Reanalysis
2017-06-28,30.8,22.9,26.6,33.0,26.2,29.4,0.0,16.0,49.7,227,12.74,976.0,loc_salem,11.6643,78.146,ECMWF_ERA5_Reanalysis
2017-06-29,33.4,23.2,28.0,37.2,27.4,31.5,0.8,13.5,34.6,232,20.83,975.6,loc_salem,11.6643,78.146,ECMWF_ERA5_Reanalysis
2017-06-30,33.3,23.6,28.3,37.1,27.9,31.7,2.7,15.5,45.7,245,17.19,974.7,loc_salem,11.6643,78.146,ECMWF_ERA5_Reanalysis
2017-07-01,34.8,24.3,28.9,37.7,28.6,32.2,0.1,14.6,42.8,255,18.63,974.8,loc_salem,11.6643,78.146,ECMWF_ERA5_Reanalysis
2017-07-02,33.3,23.8,28.1,37.1,28.2,31.7,0.0,17.6,45.4,238,16.44,975.1,loc_salem,11.6643,78.146,ECMWF_ERA5_Reanalysis
2017-07-03,32.6,24.1,27.9,36.1,28.7,31.5,6.3,15.6,45.4,268,18.91,976.3,loc_salem,11.6643,78.146,ECMWF_ERA5_Reanalysis
2017-07-04,35.1,25.5,28.9,37.9,28.8,31.7,0.4,19.1,45.0,288,16.64,976.2,loc_salem,11.6643,78.146,ECMWF_ERA5_Reanalysis
2017-07-05,34.6,24.3,28.3,39.2,28.9,32.5,6.3,12.4,45.0,249,18.59,976.3,loc_salem,11.6643,78.146,ECMWF_ERA5_Reanalysis
2017-07-06,33.3,24.4,28.4,37.2,28.5,31.8,3.8,20.4,49.7,281,19.18,976.2,loc_salem,11.6643,78.146,ECMWF_ERA5_Reanalysis
2017-07-07,33.6,23.9,28.4,36.6,28.7,31.9,0.7,15.2,42.1,274,17.81,975.9,loc_salem,11.6643,78.146,ECMWF_ERA5_Reanalysis
2017-07-08,33.8,24.2,28.1,36.2,28.9,31.6,2.1,16.0,46.8,265,16.93,975.8,loc_salem,11.6643,78.146,ECMWF_ERA5_Reanalysis
2017-07-09,32.9,24.6,27.8,37.2,29.0,31.7,0.1,12.2,37.4,222,13.31,975.7,loc_salem,11.6643,78.146,ECMWF_ERA5_Reanalysis
2017-07-10,34.8,23.9,28.8,38.2,28.1,32.2,0.3,14.1,34.2,233,21.79,976.3,loc_salem,11.6643,78.146,ECMWF_ERA5_Reanalysis
2017-07-11,34.8,24.0,28.6,38.7,28.2,31.7,2.5,18.7,49.7,282,16.62,976.4,loc_salem,11.6643,78.146,ECMWF_ERA5_Reanalysis
2017-07-12,34.1,26.5,29.5,35.7,28.3,31.4,0.0,16.9,39.2,305,12.98,976.1,loc_salem,11.6643,78.146,ECMWF_ERA5_Reanalysis
2017-07-13,34.7,24.6,29.1,37.4,28.6,31.5,0.0,17.4,49.0,288,15.75,975.9,loc_salem,11.6643,78.146,ECMWF_ERA5_Reanalysis
2017-07-14,33.7,24.3,28.3,34.6,27.9,30.5,1.4,19.0,48.2,270,11.24,976.0,loc_salem,11.6643,78.146,ECMWF_ERA5_Reanalysis
2017-07-15,33.7,23.9,28.3,36.3,27.6,31.1,4.3,16.6,47.9,273,16.8,976.2,loc_salem,11.6643,78.146,ECMWF_ERA5_Reanalysis
2017-07-16,34.6,24.1,29.0,34.9,27.2,31.0,1.9,17.5,48.2,273,16.28,975.4,loc_salem,11.6643,78.146,ECMWF_ERA5_Reanalysis
2017-07-17,35.0,24.1,29.1,34.3,27.8,31.1,0.2,22.3,53.3,254,17.2,974.3,loc_salem,11.6643,78.146,ECMWF_ERA5_Reanalysis
2017-07-18,33.1,24.1,28.1,35.4,27.8,30.9,4.7,16.5,51.1,239,14.05,974.5,loc_salem,11.6643,78.146,ECMWF_ERA5_Reanalysis
2017-07-19,34.3,24.1,27.9,36.0,27.4,30.8,1.6,21.7,53.3,218,17.78,974.4,loc_salem,11.6643,78.146,ECMWF_ERA5_Reanalysis
2017-07-20,35.3,24.0,28.9,35.8,27.5,31.0,0.7,19.0,52.2,249,16.77,974.4,loc_salem,11.6643,78.146,ECMWF_ERA5_Reanalysis
2017-07-21,36.4,23.5,28.9,36.8,27.6,31.7,1.2,18.6,57.2,256,17.9,975.3,loc_salem,11.6643,78.146,ECMWF_ERA5_Reanalysis
2017-07-22,37.2,24.3,30.0,40.1,28.8,33.2,0.4,18.2,46.8,275,20.19,975.3,loc_salem,11.6643,78.146,ECMWF_ERA5_Reanalysis
2017-07-23,36.5,25.6,31.2,39.2,28.9,33.4,0.0,15.2,38.9,284,20.27,975.2,loc_salem,11.6643,78.146,ECMWF_ERA5_Reanalysis
2017-07-24,38.4,26.3,31.5,41.8,28.4,33.1,0.2,18.1,46.8,308,22.46,975.3,loc_salem,11.6643,78.146,ECMWF_ERA5_Reanalysis
2017-07-25,38.0,26.2,31.7,40.2,27.9,32.9,0.2,21.3,56.5,313,23.1,974.4,loc_salem,11.6643,78.146,ECMWF_ERA5_Reanalysis
2017-07-26,37.0,26.9,31.4,38.5,28.5,32.9,1.3,17.4,41.8,314,20.25,974.6,loc_salem,11.6643,78.146,ECMWF_ERA5_Reanalysis
2017-07-27,37.0,26.3,30.6,38.6,28.1,32.4,1.6,17.3,50.8,317,21.86,975.5,loc_salem,11.6643,78.146,ECMWF_ERA5_Reanalysis
2017-07-28,37.8,24.5,30.2,40.9,28.7,33.0,4.3,18.5,48.2,291,20.88,976.3,loc_salem,11.6643,78.146,ECMWF_ERA5_Reanalysis
2017-07-29,36.3,24.8,30.4,38.3,30.0,33.4,0.9,17.7,54.0,307,22.11,976.8,loc_salem,11.6643,78.146,ECMWF_ERA5_Reanalysis
2017-07-30,36.7,24.7,29.1,40.4,29.6,32.8,8.5,24.5,55.1,286,18.5,976.3,loc_salem,11.6643,78.146,ECMWF_ERA5_Reanalysis
2017-07-31,35.4,24.3,28.3,39.4,29.2,32.3,12.0,18.1,54.4,309,20.15,976.4,loc_salem,11.6643,78.146,ECMWF_ERA5_Reanalysis
2017-08-01,33.9,23.9,28.5,39.8,28.7,32.7,9.9,13.0,33.8,269,21.6,976.7,loc_salem,11.6643,78.146,ECMWF_ERA5_Reanalysis
2017-08-02,34.1,23.8,28.4,37.5,28.7,32.3,1.6,10.2,31.3,231,17.15,976.8,loc_salem,11.6643,78.146,ECMWF_ERA5_Reanalysis
2017-08-03,34.6,24.5,28.6,37.4,29.1,32.1,0.5,16.6,41.0,269,20.62,976.1,loc_salem,11.6643,78.146,ECMWF_ERA5_Reanalysis
2017-08-04,34.0,23.8,28.0,38.2,27.9,31.8,6.8,13.3,46.8,273,17.16,974.2,loc_salem,11.6643,78.146,ECMWF_ERA5_Reanalysis
2017-08-05,32.0,24.4,27.8,35.9,28.4,31.5,1.0,13.7,47.5,246,17.68,973.5,loc_salem,11.6643,78.146,ECMWF_ERA5_Reanalysis
2017-08-06,34.1,23.7,28.1,39.3,28.0,32.1,5.4,12.8,46.8,279,19.14,973.4,loc_salem,11.6643,78.146,ECMWF_ERA5_Reanalysis
2017-08-07,33.5,24.4,28.3,38.1,29.2,32.4,4.4,13.7,39.2,269,19.71,974.0,loc_salem,11.6643,78.146,ECMWF_ERA5_Reanalysis
2017-08-08,34.7,24.3,28.7,38.4,29.7,32.7,5.2,12.9,37.4,272,21.0,975.0,loc_salem,11.6643,78.146,ECMWF_ERA5_Reanalysis
2017-08-09,31.3,23.4,27.0,35.5,27.8,31.4,20.6,10.4,27.0,249,12.92,975.4,loc_salem,11.6643,78.146,ECMWF_ERA5_Reanalysis
2017-08-10,30.8,23.4,26.9,35.0,28.0,31.2,16.0,12.1,32.4,302,14.9,975.7,loc_salem,11.6643,78.146,ECMWF_ERA5_Reanalysis
2017-08-11,30.9,23.2,26.5,35.9,28.2,31.1,5.9,9.7,28.1,252,17.13,976.4,loc_salem,11.6643,78.146,ECMWF_ERA5_Reanalysis
2017-08-12,32.4,23.3,27.2,35.7,28.0,31.1,4.0,14.6,40.7,306,19.53,976.8,loc_salem,11.6643,78.146,ECMWF_ERA5_Reanalysis
2017-08-13,30.5,22.9,25.9,33.7,26.7,30.3,9.5,12.2,32.4,265,14.45,977.8,loc_salem,11.6643,78.146,ECMWF_ERA5_Reanalysis
2017-08-14,31.3,23.7,27.1,35.3,28.4,31.3,22.2,10.7,28.4,286,17.36,978.0,loc_salem,11.6643,78.146,ECMWF_ERA5_Reanalysis
2017-08-15,29.7,23.2,26.2,34.0,26.5,30.2,10.8,10.0,27.0,326,14.71,977.5,loc_salem,11.6643,78.146,ECMWF_ERA5_Reanalysis
2017-08-16,31.5,23.4,26.8,36.5,28.1,31.1,2.0,10.2,36.4,252,19.37,975.9,loc_salem,11.6643,78.146,ECMWF_ERA5_Reanalysis
2017-08-17,30.9,23.1,26.7,36.4,27.5,31.1,6.0,12.7,36.4,239,20.65,974.2,loc_salem,11.6643,78.146,ECMWF_ERA5_Reanalysis
2017-08-18,30.8,23.6,26.4,37.0,27.9,31.0,2.3,10.4,38.9,228,17.18,973.2,loc_salem,11.6643,78.146,ECMWF_ERA5_Reanalysis
2017-08-19,30.7,23.1,25.8,34.8,27.4,30.2,8.9,10.2,48.6,253,12.41,973.5,loc_salem,11.6643,78.146,ECMWF_ERA5_Reanalysis
2017-08-20,30.1,22.6,26.1,34.9,26.9,30.5,7.5,8.9,41.4,226,18.11,973.5,loc_salem,11.6643,78.146,ECMWF_ERA5_Reanalysis
2017-08-21,29.8,22.8,25.7,34.0,27.0,29.9,6.0,12.9,45.4,230,13.47,973.6,loc_salem,11.6643,78.146,ECMWF_ERA5_Reanalysis
2017-08-22,30.1,23.3,26.2,35.0,27.6,30.6,11.7,10.5,37.4,228,12.64,974.1,loc_salem,11.6643,78.146,ECMWF_ERA5_Reanalysis
2017-08-23,30.5,23.2,27.0,34.9,27.2,31.2,0.6,13.1,33.1,291,16.36,974.8,loc_salem,11.6643,78.146,ECMWF_ERA5_Reanalysis
2017-08-24,30.6,24.3,27.0,34.5,27.8,30.9,3.9,14.3,36.0,316,13.72,974.6,loc_salem,11.6643,78.146,ECMWF_ERA5_Reanalysis
2017-08-25,30.5,23.7,26.6,34.7,28.6,31.1,2.2,10.0,38.5,257,14.21,974.0,loc_salem,11.6643,78.146,ECMWF_ERA5_Reanalysis
2017-08-26,32.2,22.9,27.1,37.5,27.5,31.7,6.4,12.9,38.5,252,21.54,972.7,loc_salem,11.6643,78.146,ECMWF_ERA5_Reanalysis
2017-08-27,30.0,23.7,25.7,34.2,28.0,30.1,13.1,13.0,45.7,257,9.54,972.3,loc_salem,11.6643,78.146,ECMWF_ERA5_Reanalysis
2017-08-28,27.2,23.2,24.3,31.0,27.3,28.7,17.7,10.9,37.8,210,5.01,972.1,loc_salem,11.6643,78.146,ECMWF_ERA5_Reanalysis
2017-08-29,28.8,22.8,25.1,32.5,26.8,28.8,5.8,15.1,39.2,207,9.59,973.1,loc_salem,11.6643,78.146,ECMWF_ERA5_Reanalysis
2017-08-30,31.2,22.6,26.6,37.2,26.8,31.2,6.5,9.0,34.9,216,19.57,975.0,loc_salem,11.6643,78.146,ECMWF_ERA5_Reanalysis
2017-08-31,32.1,23.3,27.5,37.7,28.0,32.0,0.1,9.5,27.4,300,21.19,976.2,loc_salem,11.6643,78.146,ECMWF_ERA5_Reanalysis
2017-09-01,31.4,23.9,27.4,35.5,28.4,31.9,13.2,15.3,37.8,335,17.54,976.7,loc_salem,11.6643,78.146,ECMWF_ERA5_Reanalysis
2017-09-02,32.2,23.5,26.7,38.7,28.3,31.9,11.8,11.6,30.2,356,20.87,976.3,loc_salem,11.6643,78.146,ECMWF_ERA5_Reanalysis
2017-09-03,31.8,23.5,26.5,37.7,27.5,31.3,18.3,11.2,24.5,327,18.82,976.4,loc_salem,11.6643,78.146,ECMWF_ERA5_Reanalysis
2017-09-04,30.5,23.6,27.4,36.3,28.4,32.4,4.4,10.0,27.0,324,20.18,976.3,loc_salem,11.6643,78.146,ECMWF_ERA5_Reanalysis
2017-09-05,31.9,23.5,27.1,37.8,27.6,32.2,28.9,11.5,30.2,333,22.27,976.2,loc_salem,11.6643,78.146,ECMWF_ERA5_Reanalysis
2017-09-06,31.0,23.0,26.8,37.9,28.1,32.0,9.7,8.0,23.4,250,19.74,975.5,loc_salem,11.6643,78.146,ECMWF_ERA5_Reanalysis
2017-09-07,31.0,23.9,26.4,38.3,28.6,31.4,9.2,11.5,27.4,140,16.94,974.9,loc_salem,11.6643,78.146,ECMWF_ERA5_Reanalysis
2017-09-08,30.8,23.9,26.7,37.5,28.7,31.7,12.1,11.7,26.6,119,19.31,975.1,loc_salem,11.6643,78.146,ECMWF_ERA5_Reanalysis
2017-09-09,28.9,23.1,25.5,35.5,27.9,30.5,27.5,6.9,20.2,136,10.88,974.9,loc_salem,11.6643,78.146,ECMWF_ERA5_Reanalysis
2017-09-10,30.4,23.2,26.5,36.4,27.8,31.1,9.2,15.2,34.2,113,19.79,974.5,loc_salem,11.6643,78.146,ECMWF_ERA5_Reanalysis
2017-09-11,30.9,23.8,26.9,35.9,28.0,31.2,5.8,14.8,36.0,108,18.51,975.4,loc_salem,11.6643,78.146,ECMWF_ERA5_Reanalysis
2017-09-12,30.3,24.5,27.1,35.9,28.4,31.1,4.3,16.0,37.8,111,18.88,976.7,loc_salem,11.6643,78.146,ECMWF_ERA5_Reanalysis
2017-09-13,31.3,24.2,27.2,36.9,29.1,31.8,2.8,15.9,42.5,126,19.76,976.9,loc_salem,11.6643,78.146,ECMWF_ERA5_Reanalysis
2017-09-14,31.7,23.9,27.2,35.8,28.5,31.2,0.3,19.2,44.6,228,20.88,976.6,loc_salem,11.6643,78.146,ECMWF_ERA5_Reanalysis
2017-09-15,30.5,23.6,27.0,34.3,28.0,30.9,0.3,12.0,32.0,207,16.56,975.8,loc_salem,11.6643,78.146,ECMWF_ERA5_Reanalysis
2017-09-16,30.2,24.2,26.4,34.7,27.9,30.1,5.9,21.3,50.8,228,15.98,975.7,loc_salem,11.6643,78.146,ECMWF_ERA5_Reanalysis
2017-09-17,29.5,23.5,25.2,32.6,26.9,29.0,14.8,15.8,46.1,221,12.36,977.0,loc_salem,11.6643,78.146,ECMWF_ERA5_Reanalysis
2017-09-18,28.6,22.6,25.4,32.8,26.2,29.0,2.8,13.0,34.6,230,10.98,977.9,loc_salem,11.6643,78.146,ECMWF_ERA5_Reanalysis
2017-09-19,30.5,22.7,26.4,35.5,26.8,30.5,0.6,12.5,45.0,237,19.86,976.9,loc_salem,11.6643,78.146,ECMWF_ERA5_Reanalysis
2017-09-20,31.1,22.2,26.4,34.4,26.2,30.0,0.5,11.4,36.7,215,19.96,976.2,loc_salem,11.6643,78.146,ECMWF_ERA5_Reanalysis
2017-09-21,31.3,22.1,26.7,36.2,25.7,30.7,0.0,7.6,23.0,256,23.37,975.7,loc_salem,11.6643,78.146,ECMWF_ERA5_Reanalysis
2017-09-22,32.3,23.8,27.7,36.6,26.9,31.5,0.3,11.5,34.6,305,20.95,976.3,loc_salem,11.6643,78.146,ECMWF_ERA5_Reanalysis
2017-09-23,31.7,24.1,28.1,36.1,27.2,31.8,0.2,10.3,27.4,318,20.1,977.2,loc_salem,11.6643,78.146,ECMWF_ERA5_Reanalysis
2017-09-24,31.5,24.1,27.5,37.8,28.9,32.0,13.6,7.3,22.7,185,17.96,977.0,loc_salem,11.6643,78.146,ECMWF_ERA5_Reanalysis
2017-09-25,28.7,23.2,25.3,33.3,27.1,29.8,11.9,7.3,22.3,303,9.65,976.1,loc_salem,11.6643,78.146,ECMWF_ERA5_Reanalysis
2017-09-26,30.7,24.0,26.3,35.5,27.8,30.9,4.7,10.7,27.0,277,15.26,975.1,loc_salem,11.6643,78.146,ECMWF_ERA5_Reanalysis
2017-09-27,29.6,23.2,25.8,34.9,27.0,30.5,16.1,10.5,34.2,292,14.48,975.6,loc_salem,11.6643,78.146,ECMWF_ERA5_Reanalysis
2017-09-28,29.3,22.6,25.3,35.3,27.3,29.9,12.8,14.5,36.7,230,13.81,975.3,loc_salem,11.6643,78.146,ECMWF_ERA5_Reanalysis
2017-09-29,30.9,22.6,26.4,35.2,26.8,30.6,0.9,10.8,26.6,232,17.06,975.2,loc_salem,11.6643,78.146,ECMWF_ERA5_Reanalysis
2017-09-30,31.3,23.6,27.2,35.8,28.1,31.8,0.1,8.9,24.5,267,18.3,976.2,loc_salem,11.6643,78.146,ECMWF_ERA5_Reanalysis
2017-10-01,31.6,23.4,27.1,36.4,27.4,31.4,3.4,12.3,42.8,237,18.21,976.5,loc_salem,11.6643,78.146,ECMWF_ERA5_Reanalysis
2017-10-02,31.1,23.4,27.3,36.3,27.5,31.5,0.7,13.3,37.1,218,18.68,975.3,loc_salem,11.6643,78.146,ECMWF_ERA5_Reanalysis
2017-10-03,32.0,23.9,27.7,37.4,28.6,32.1,6.5,15.5,34.9,235,20.13,975.3,loc_salem,11.6643,78.146,ECMWF_ERA5_Reanalysis
2017-10-04,32.2,24.1,27.9,37.5,28.4,32.4,2.4,13.4,31.7,287,21.33,975.5,loc_salem,11.6643,78.146,ECMWF_ERA5_Reanalysis
2017-10-05,30.7,23.8,26.8,35.9,28.1,31.4,5.8,11.5,29.5,315,17.01,974.5,loc_salem,11.6643,78.146,ECMWF_ERA5_Reanalysis
2017-10-06,29.6,23.1,26.4,35.0,27.8,31.3,4.4,6.0,23.0,232,16.87,974.2,loc_salem,11.6643,78.146,ECMWF_ERA5_Reanalysis
2017-10-07,31.2,23.9,27.2,36.9,28.3,32.0,8.1,10.5,25.2,141,17.98,974.5,loc_salem,11.6643,78.146,ECMWF_ERA5_Reanalysis
2017-10-08,31.4,23.6,27.5,36.8,27.4,32.3,1.5,10.7,22.7,154,18.83,974.4,loc_salem,11.6643,78.146,ECMWF_ERA5_Reanalysis
2017-10-09,31.3,23.7,27.0,37.8,28.3,32.2,13.0,10.6,27.0,18,19.82,974.4,loc_salem,11.6643,78.146,ECMWF_ERA5_Reanalysis
2017-10-10,31.4,23.3,27.6,37.0,27.8,32.2,0.8,10.5,27.7,357,20.66,973.7,loc_salem,11.6643,78.146,ECMWF_ERA5_Reanalysis
2017-10-11,30.9,23.8,27.1,37.4,28.7,31.9,2.1,11.7,27.0,176,19.5,974.5,loc_salem,11.6643,78.146,ECMWF_ERA5_Reanalysis
2017-10-12,29.2,24.1,26.4,33.7,28.0,31.1,9.3,7.4,23.4,196,11.42,975.0,loc_salem,11.6643,78.146,ECMWF_ERA5_Reanalysis
2017-10-13,30.0,23.7,26.4,35.7,28.3,31.1,2.2,9.0,20.2,107,13.27,974.4,loc_salem,11.6643,78.146,ECMWF_ERA5_Reanalysis
2017-10-14,29.6,24.2,25.8,36.6,29.4,31.0,27.3,11.0,38.2,196,11.25,974.7,loc_salem,11.6643,78.146,ECMWF_ERA5_Reanalysis
2017-10-15,28.2,23.6,25.3,33.6,28.5,29.9,5.0,7.2,31.0,247,7.35,975.7,loc_salem,11.6643,78.146,ECMWF_ERA5_Reanalysis
2017-10-16,29.8,22.7,25.5,33.4,26.6,29.6,2.5,14.2,36.7,313,13.74,976.0,loc_salem,11.6643,78.146,ECMWF_ERA5_Reanalysis
2017-10-17,28.3,23.2,25.5,33.0,28.2,30.2,3.9,10.8,26.6,296,9.56,975.6,loc_salem,11.6643,78.146,ECMWF_ERA5_Reanalysis
2017-10-18,28.1,22.6,25.9,33.0,27.1,30.6,0.0,8.2,21.2,331,6.83,975.0,loc_salem,11.6643,78.146,ECMWF_ERA5_Reanalysis
2017-10-19,31.7,22.4,27.3,35.4,26.1,31.2,0.0,7.9,22.3,300,19.22,974.8,loc_salem,11.6643,78.146,ECMWF_ERA5_Reanalysis
2017-10-20,31.7,24.1,27.7,36.4,27.8,31.7,0.0,9.7,25.2,225,20.49,976.2,loc_salem,11.6643,78.146,ECMWF_ERA5_Reanalysis
2017-10-21,31.7,24.1,26.6,38.3,28.4,31.3,13.3,10.9,30.6,149,17.51,977.4,loc_salem,11.6643,78.146,ECMWF_ERA5_Reanalysis
2017-10-22,31.4,24.0,27.6,36.3,29.2,32.1,4.4,8.7,24.1,251,18.95,977.8,loc_salem,11.6643,78.146,ECMWF_ERA5_Reanalysis
2017-10-23,32.4,24.2,27.9,35.6,25.3,30.6,0.1,13.0,32.4,358,20.82,978.0,loc_salem,11.6643,78.146,ECMWF_ERA5_Reanalysis
2017-10-24,31.5,22.4,27.6,36.4,26.4,31.6,0.0,17.3,39.2,79,20.02,979.1,loc_salem,11.6643,78.146,ECMWF_ERA5_Reanalysis
2017-10-25,31.6,23.5,27.1,36.9,28.0,31.1,1.3,12.0,27.7,95,17.21,980.1,loc_salem,11.6643,78.146,ECMWF_ERA5_Reanalysis
2017-10-26,31.4,23.5,27.3,34.2,28.2,30.9,0.7,10.8,32.4,100,16.92,980.5,loc_salem,11.6643,78.146,ECMWF_ERA5_Reanalysis
2017-10-27,31.2,23.4,26.7,35.1,27.7,30.8,3.0,7.6,26.6,72,17.02,979.6,loc_salem,11.6643,78.146,ECMWF_ERA5_Reanalysis
2017-10-28,31.7,22.4,26.4,35.1,27.3,30.1,0.7,11.3,28.4,81,16.59,979.5,loc_salem,11.6643,78.146,ECMWF_ERA5_Reanalysis
2017-10-29,32.9,22.1,27.2,35.1,26.2,30.2,0.0,10.4,25.6,43,21.73,979.4,loc_salem,11.6643,78.146,ECMWF_ERA5_Reanalysis
2017-10-30,30.9,22.3,25.5,34.7,25.6,29.1,31.5,11.9,33.8,7,13.41,978.9,loc_salem,11.6643,78.146,ECMWF_ERA5_Reanalysis
2017-10-31,26.9,22.5,24.2,31.2,25.5,28.5,12.6,9.6,20.5,321,6.84,978.2,loc_salem,11.6643,78.146,ECMWF_ERA5_Reanalysis
2017-11-01,28.9,21.9,24.3,33.8,25.2,28.3,13.3,9.8,29.5,324,10.18,978.7,loc_salem,11.6643,78.146,ECMWF_ERA5_Reanalysis
2017-11-02,29.7,22.2,25.5,33.0,24.8,28.9,1.4,10.7,26.3,4,14.0,977.9,loc_salem,11.6643,78.146,ECMWF_ERA5_Reanalysis
2017-11-03,28.4,22.7,25.1,30.8,26.5,28.4,0.5,11.2,27.7,20,11.38,976.9,loc_salem,11.6643,78.146,ECMWF_ERA5_Reanalysis
2017-11-04,26.6,22.3,23.9,30.5,25.6,28.2,11.9,6.6,22.3,356,7.27,977.1,loc_salem,11.6643,78.146,ECMWF_ERA5_Reanalysis
2017-11-05,29.1,22.1,24.6,33.1,26.6,28.8,6.0,9.2,34.9,100,14.34,977.8,loc_salem,11.6643,78.146,ECMWF_ERA5_Reanalysis
2017-11-06,27.7,22.3,24.2,31.5,27.0,28.7,5.0,8.1,23.8,90,8.85,978.7,loc_salem,11.6643,78.146,ECMWF_ERA5_Reanalysis
2017-11-07,28.6,21.2,24.4,34.5,25.4,28.8,5.1,12.1,29.9,101,14.43,979.2,loc_salem,11.6643,78.146,ECMWF_ERA5_Reanalysis
2017-11-08,28.8,21.5,24.9,33.0,25.7,29.0,2.1,5.9,30.6,102,14.85,979.2,loc_salem,11.6643,78.146,ECMWF_ERA5_Reanalysis
2017-11-09,30.6,20.6,25.2,34.0,23.9,28.5,0.1,10.4,25.6,14,21.78,978.1,loc_salem,11.6643,78.146,ECMWF_ERA5_Reanalysis
2017-11-10,30.6,20.1,24.9,34.1,22.9,27.9,0.5,13.6,36.0,33,17.56,977.7,loc_salem,11.6643,78.146,ECMWF_ERA5_Reanalysis
2017-11-11,29.9,21.8,25.2,32.2,25.2,28.4,0.0,9.7,23.8,357,14.22,977.6,loc_salem,11.6643,78.146,ECMWF_ERA5_Reanalysis
2017-11-12,30.1,20.7,25.4,33.0,22.6,27.5,0.0,16.7,40.0,352,17.33,976.3,loc_salem,11.6643,78.146,ECMWF_ERA5_Reanalysis
2017-11-13,30.3,21.5,25.9,32.5,23.9,28.9,0.0,13.9,34.2,355,15.81,975.6,loc_salem,11.6643,78.146,ECMWF_ERA5_Reanalysis
2017-11-14,28.1,23.1,25.6,32.7,26.6,29.3,7.6,9.7,24.8,335,9.05,975.4,loc_salem,11.6643,78.146,ECMWF_ERA5_Reanalysis
2017-11-15,29.8,23.3,25.8,34.6,27.8,30.2,24.3,12.7,31.7,320,14.39,975.7,loc_salem,11.6643,78.146,ECMWF_ERA5_Reanalysis
2017-11-16,30.0,23.1,26.1,34.7,27.5,30.1,1.5,10.0,28.8,13,16.83,976.2,loc_salem,11.6643,78.146,ECMWF_ERA5_Reanalysis
2017-11-17,31.1,23.1,26.7,35.0,27.4,30.6,0.6,13.6,32.0,115,17.74,976.6,loc_salem,11.6643,78.146,ECMWF_ERA5_Reanalysis
2017-11-18,30.9,23.0,26.6,34.3,27.5,30.2,0.1,14.1,32.4,93,17.19,977.7,loc_salem,11.6643,78.146,ECMWF_ERA5_Reanalysis
2017-11-19,30.8,23.1,26.8,34.9,27.5,30.3,0.2,14.9,38.5,95,18.37,978.7,loc_salem,11.6643,78.146,ECMWF_ERA5_Reanalysis
2017-11-20,30.9,23.5,26.8,34.8,27.7,30.6,0.4,10.4,26.3,85,16.64,979.2,loc_salem,11.6643,78.146,ECMWF_ERA5_Reanalysis
2017-11-21,31.2,22.7,26.6,34.9,26.9,30.4,0.3,10.6,30.6,85,16.78,978.6,loc_salem,11.6643,78.146,ECMWF_ERA5_Reanalysis
2017-11-22,31.1,21.9,26.2,34.3,26.2,29.8,0.5,11.7,31.7,69,16.45,978.0,loc_salem,11.6643,78.146,ECMWF_ERA5_Reanalysis
2017-11-23,32.2,20.2,26.0,35.1,23.8,28.8,0.0,12.7,32.4,88,18.95,978.2,loc_salem,11.6643,78.146,ECMWF_ERA5_Reanalysis
2017-11-24,32.5,21.6,26.7,35.4,24.9,29.6,0.1,11.9,28.1,61,19.1,979.2,loc_salem,11.6643,78.146,ECMWF_ERA5_Reanalysis
2017-11-25,32.1,22.3,26.5,33.5,25.5,29.2,0.3,11.5,27.4,67,16.37,979.8,loc_salem,11.6643,78.146,ECMWF_ERA5_Reanalysis
2017-11-26,30.1,21.5,25.4,32.5,24.3,28.7,1.8,8.6,23.4,41,11.38,980.2,loc_salem,11.6643,78.146,ECMWF_ERA5_Reanalysis
2017-11-27,30.3,22.9,25.8,33.5,27.7,29.6,6.2,13.1,36.7,85,13.16,979.2,loc_salem,11.6643,78.146,ECMWF_ERA5_Reanalysis
2017-11-28,30.1,21.8,25.7,32.2,25.9,28.8,2.9,12.3,32.4,56,13.51,979.0,loc_salem,11.6643,78.146,ECMWF_ERA5_Reanalysis
2017-11-29,29.6,20.9,25.3,31.4,24.5,28.0,0.4,15.1,36.4,37,9.41,979.1,loc_salem,11.6643,78.146,ECMWF_ERA5_Reanalysis
2017-11-30,28.1,23.3,25.2,30.1,25.8,27.9,1.1,22.3,58.7,69,8.13,977.4,loc_salem,11.6643,78.146,ECMWF_ERA5_Reanalysis
2017-12-01,27.8,22.9,24.6,28.9,26.4,27.5,10.4,24.6,58.3,97,9.15,976.8,loc_salem,11.6643,78.146,ECMWF_ERA5_Reanalysis
2017-12-02,26.6,22.5,24.2,28.7,26.2,27.4,3.9,15.2,37.8,81,8.16,978.8,loc_salem,11.6643,78.146,ECMWF_ERA5_Reanalysis
2017-12-03,27.8,21.4,24.4,30.8,24.8,27.7,0.4,11.9,28.1,101,10.72,979.8,loc_salem,11.6643,78.146,ECMWF_ERA5_Reanalysis
2017-12-04,28.3,23.0,25.0,32.1,25.5,28.2,0.6,15.2,33.5,96,10.23,979.0,loc_salem,11.6643,78.146,ECMWF_ERA5_Reanalysis
2017-12-05,29.2,22.1,25.3,32.0,25.1,28.3,0.0,13.7,33.5,90,13.33,978.1,loc_salem,11.6643,78.146,ECMWF_ERA5_Reanalysis
2017-12-06,28.8,22.5,25.3,32.4,25.6,28.5,0.8,14.1,30.6,86,13.3,977.8,loc_salem,11.6643,78.146,ECMWF_ERA5_Reanalysis
2017-12-07,30.4,23.1,26.0,33.2,25.9,29.0,0.1,12.4,27.4,61,15.25,977.5,loc_salem,11.6643,78.146,ECMWF_ERA5_Reanalysis
2017-12-08,31.3,20.5,25.0,34.5,22.6,27.2,0.0,12.6,26.3,62,21.16,977.8,loc_salem,11.6643,78.146,ECMWF_ERA5_Reanalysis
2017-12-09,31.2,19.5,25.3,34.2,20.3,26.9,0.0,12.6,28.4,72,20.13,978.6,loc_salem,11.6643,78.146,ECMWF_ERA5_Reanalysis
2017-12-10,32.1,22.0,26.4,34.6,24.9,28.6,0.0,15.5,35.6,85,18.58,979.7,loc_salem,11.6643,78.146,ECMWF_ERA5_Reanalysis
2017-12-11,32.3,20.7,26.3,35.3,23.5,28.5,0.0,15.9,36.0,102,19.89,980.9,loc_salem,11.6643,78.146,ECMWF_ERA5_Reanalysis
2017-12-12,31.8,22.2,26.7,33.5,25.0,29.0,0.0,13.7,36.0,86,14.18,981.1,loc_salem,11.6643,78.146,ECMWF_ERA5_Reanalysis
2017-12-13,30.9,22.5,26.7,34.0,26.2,29.3,0.4,13.3,30.6,90,15.63,981.1,loc_salem,11.6643,78.146,ECMWF_ERA5_Reanalysis
2017-12-14,32.5,22.7,26.7,35.0,25.0,29.0,0.0,13.7,32.8,88,17.51,981.2,loc_salem,11.6643,78.146,ECMWF_ERA5_Reanalysis
2017-12-15,29.4,20.4,25.1,31.6,23.3,27.7,0.9,11.2,28.1,80,12.48,981.7,loc_salem,11.6643,78.146,ECMWF_ERA5_Reanalysis
2017-12-16,30.5,20.4,24.9,31.2,23.6,27.1,0.2,15.6,37.8,66,11.65,982.4,loc_salem,11.6643,78.146,ECMWF_ERA5_Reanalysis
2017-12-17,30.9,18.7,23.8,31.3,21.0,25.2,0.0,16.8,41.0,50,14.72,983.3,loc_salem,11.6643,78.146,ECMWF_ERA5_Reanalysis
2017-12-18,30.3,17.4,23.4,30.6,19.4,24.6,0.0,15.6,37.1,59,19.31,983.5,loc_salem,11.6643,78.146,ECMWF_ERA5_Reanalysis
2017-12-19,30.4,18.4,24.5,30.4,20.9,26.0,0.0,16.4,42.1,91,13.62,982.4,loc_salem,11.6643,78.146,ECMWF_ERA5_Reanalysis
2017-12-20,32.1,20.4,25.6,32.9,22.6,26.9,0.0,14.3,34.6,72,20.37,982.7,loc_salem,11.6643,78.146,ECMWF_ERA5_Reanalysis
2017-12-21,29.1,18.0,23.7,30.5,20.0,25.7,0.9,14.7,36.4,77,12.46,982.9,loc_salem,11.6643,78.146,ECMWF_ERA5_Reanalysis
2017-12-22,29.6,18.8,24.5,29.8,21.5,26.4,0.3,14.1,33.1,78,13.23,981.7,loc_salem,11.6643,78.146,ECMWF_ERA5_Reanalysis
2017-12-23,29.8,19.0,24.3,30.3,21.5,25.7,0.1,12.3,31.7,75,12.06,979.9,loc_salem,11.6643,78.146,ECMWF_ERA5_Reanalysis
2017-12-24,30.9,17.0,23.8,32.2,18.6,25.1,0.0,14.4,34.9,78,16.99,979.6,loc_salem,11.6643,78.146,ECMWF_ERA5_Reanalysis
2017-12-25,31.0,18.7,24.8,31.8,20.8,26.6,0.1,13.7,34.2,79,13.97,980.1,loc_salem,11.6643,78.146,ECMWF_ERA5_Reanalysis
2017-12-26,31.7,20.3,25.6,32.0,23.6,27.3,0.0,13.7,33.1,70,20.5,980.5,loc_salem,11.6643,78.146,ECMWF_ERA5_Reanalysis
2017-12-27,31.1,18.1,24.3,31.9,20.4,25.5,0.0,16.9,39.2,72,20.79,980.5,loc_salem,11.6643,78.146,ECMWF_ERA5_Reanalysis
2017-12-28,29.5,17.2,23.1,30.2,19.2,24.1,0.0,11.6,33.8,73,20.88,980.5,loc_salem,11.6643,78.146,ECMWF_ERA5_Reanalysis
2017-12-29,30.0,16.9,23.5,30.2,18.2,24.0,0.0,14.6,34.2,73,17.88,980.7,loc_salem,11.6643,78.146,ECMWF_ERA5_Reanalysis
2017-12-30,31.3,18.5,24.9,33.1,20.8,26.3,0.0,15.8,37.4,69,19.74,979.9,loc_salem,11.6643,78.146,ECMWF_ERA5_Reanalysis
2017-12-31,31.7,19.1,25.2,33.6,21.4,26.6,0.0,15.7,38.9,71,20.23,978.7,loc_salem,11.6643,78.146,ECMWF_ERA5_Reanalysis
2018-01-01,32.5,20.1,26.0,33.5,21.1,26.7,0.0,21.4,47.2,60,20.19,977.2,loc_salem,11.6643,78.146,ECMWF_ERA5_Reanalysis
2018-01-02,31.9,20.5,26.2,32.7,23.0,27.3,0.0,24.2,54.0,89,17.87,977.3,loc_salem,11.6643,78.146,ECMWF_ERA5_Reanalysis
2018-01-03,32.7,21.5,26.6,34.2,24.1,28.1,0.0,17.2,41.4,75,17.65,978.6,loc_salem,11.6643,78.146,ECMWF_ERA5_Reanalysis
2018-01-04,31.0,21.2,26.0,31.3,21.9,26.7,0.0,20.7,49.0,67,14.92,979.7,loc_salem,11.6643,78.146,ECMWF_ERA5_Reanalysis
2018-01-05,31.5,18.5,24.7,32.4,19.6,25.0,0.0,22.0,48.6,73,20.41,978.9,loc_salem,11.6643,78.146,ECMWF_ERA5_Reanalysis
2018-01-06,31.0,18.3,24.4,31.5,19.4,24.5,0.0,20.9,48.2,71,19.68,978.6,loc_salem,11.6643,78.146,ECMWF_ERA5_Reanalysis
2018-01-07,31.8,18.2,24.4,31.7,19.3,24.4,0.0,20.5,46.1,58,20.53,979.0,loc_salem,11.6643,78.146,ECMWF_ERA5_Reanalysis
2018-01-08,31.0,17.4,23.9,31.0,17.9,23.8,0.0,20.4,46.8,80,21.14,979.8,loc_salem,11.6643,78.146,ECMWF_ERA5_Reanalysis
2018-01-09,30.4,18.8,23.9,30.8,20.8,25.3,0.4,14.5,41.4,80,10.59,981.1,loc_salem,11.6643,78.146,ECMWF_ERA5_Reanalysis
2018-01-10,28.8,21.9,24.7,29.7,25.1,27.3,1.0,14.1,33.5,83,8.45,982.1,loc_salem,11.6643,78.146,ECMWF_ERA5_Reanalysis
2018-01-11,30.4,20.7,25.6,32.3,23.8,28.1,0.0,12.9,29.2,92,13.48,981.8,loc_salem,11.6643,78.146,ECMWF_ERA5_Reanalysis
2018-01-12,33.1,21.7,26.5,35.2,25.2,28.7,0.0,13.9,38.5,95,16.41,980.9,loc_salem,11.6643,78.146,ECMWF_ERA5_Reanalysis
2018-01-13,33.7,20.4,26.0,35.3,23.1,27.5,0.0,17.3,41.0,100,21.13,980.4,loc_salem,11.6643,78.146,ECMWF_ERA5_Reanalysis
2018-01-14,33.9,18.3,25.5,35.0,20.7,26.5,0.0,13.8,34.6,88,21.54,980.8,loc_salem,11.6643,78.146,ECMWF_ERA5_Reanalysis
2018-01-15,33.0,19.6,25.5,34.8,22.6,27.3,0.0,16.9,40.0,105,21.11,981.1,loc_salem,11.6643,78.146,ECMWF_ERA5_Reanalysis
2018-01-16,33.3,19.9,25.8,35.8,22.1,27.3,0.0,19.9,44.6,80,18.78,979.9,loc_salem,11.6643,78.146,ECMWF_ERA5_Reanalysis
2018-01-17,32.9,20.8,25.8,33.7,22.0,26.8,0.0,18.5,43.9,78,19.75,979.9,loc_salem,11.6643,78.146,ECMWF_ERA5_Reanalysis
2018-01-18,31.6,18.7,24.4,31.5,19.6,24.4,0.0,16.6,38.2,79,21.91,980.2,loc_salem,11.6643,78.146,ECMWF_ERA5_Reanalysis
2018-01-19,31.1,16.7,23.4,31.1,18.0,23.8,0.0,12.5,34.2,81,22.17,980.9,loc_salem,11.6643,78.146,ECMWF_ERA5_Reanalysis
2018-01-20,31.0,17.2,23.6,31.8,18.5,23.8,0.0,19.6,43.9,81,21.67,980.4,loc_salem,11.6643,78.146,ECMWF_ERA5_Reanalysis
2018-01-21,31.3,17.3,23.7,33.3,18.5,24.2,0.0,20.2,46.1,87,21.92,979.3,loc_salem,11.6643,78.146,ECMWF_ERA5_Reanalysis
2018-01-22,31.2,17.5,23.8,33.2,18.9,24.8,0.0,19.6,44.3,97,21.92,978.5,loc_salem,11.6643,78.146,ECMWF_ERA5_Reanalysis
2018-01-23,31.8,19.3,25.1,32.3,21.2,25.8,0.0,20.9,46.8,94,16.73,978.2,loc_salem,11.6643,78.146,ECMWF_ERA5_Reanalysis
2018-01-24,31.8,19.7,25.2,32.9,21.9,26.7,0.0,18.4,45.4,85,17.52,977.6,loc_salem,11.6643,78.146,ECMWF_ERA5_Reanalysis
2018-01-25,33.7,21.0,26.3,35.7,21.9,27.3,0.0,23.8,52.9,69,20.96,977.1,loc_salem,11.6643,78.146,ECMWF_ERA5_Reanalysis
2018-01-26,32.7,19.5,25.5,34.1,20.4,25.8,0.0,23.4,52.2,74,22.33,977.8,loc_salem,11.6643,78.146,ECMWF_ERA5_Reanalysis
2018-01-27,32.3,19.2,25.3,33.5,20.2,25.9,0.0,22.6,51.5,87,22.1,978.5,loc_salem,11.6643,78.146,ECMWF_ERA5_Reanalysis
2018-01-28,32.1,19.3,25.4,33.2,20.5,25.8,0.0,19.5,46.4,79,21.86,979.2,loc_salem,11.6643,78.146,ECMWF_ERA5_Reanalysis
2018-01-29,31.9,19.0,25.1,33.1,20.6,25.8,0.0,18.8,42.8,94,22.32,980.2,loc_salem,11.6643,78.146,ECMWF_ERA5_Reanalysis
2018-01-30,32.4,18.1,24.9,33.4,20.0,25.8,0.0,14.4,37.4,81,22.83,980.5,loc_salem,11.6643,78.146,ECMWF_ERA5_Reanalysis
2018-01-31,32.4,18.0,24.6,32.2,19.2,24.6,0.0,14.1,33.5,81,23.37,981.0,loc_salem,11.6643,78.146,ECMWF_ERA5_Reanalysis
2018-02-01,33.2,16.2,24.2,31.9,16.9,23.5,0.0,12.6,30.2,97,23.81,980.9,loc_salem,11.6643,78.146,ECMWF_ERA5_Reanalysis
2018-02-02,33.2,17.3,24.7,33.0,17.5,23.8,0.0,15.9,38.5,93,23.66,979.9,loc_salem,11.6643,78.146,ECMWF_ERA5_Reanalysis
2018-02-03,31.4,17.1,24.1,31.3,16.1,23.1,0.0,19.4,43.6,96,23.79,980.2,loc_salem,11.6643,78.146,ECMWF_ERA5_Reanalysis
2018-02-04,31.8,17.1,24.0,32.8,18.2,24.4,0.0,16.2,37.8,92,22.9,980.4,loc_salem,11.6643,78.146,ECMWF_ERA5_Reanalysis
2018-02-05,31.6,17.9,24.5,31.6,18.7,25.1,0.0,15.6,38.5,100,22.75,981.6,loc_salem,11.6643,78.146,ECMWF_ERA5_Reanalysis
2018-02-06,33.7,20.8,26.4,35.7,22.4,27.7,0.3,20.7,46.8,101,20.38,981.4,loc_salem,11.6643,78.146,ECMWF_ERA5_Reanalysis
2018-02-07,33.1,23.3,27.3,37.0,25.8,30.1,5.5,14.9,39.6,109,16.46,980.4,loc_salem,11.6643,78.146,ECMWF_ERA5_Reanalysis
2018-02-08,31.5,22.1,26.0,35.8,25.3,29.5,1.0,9.7,28.4,94,14.76,980.0,loc_salem,11.6643,78.146,ECMWF_ERA5_Reanalysis
2018-02-09,33.6,22.8,26.9,38.0,25.2,29.4,2.2,22.9,50.0,84,18.69,979.0,loc_salem,11.6643,78.146,ECMWF_ERA5_Reanalysis
2018-02-10,33.8,21.9,27.1,35.5,24.6,28.6,0.0,20.4,47.2,103,20.85,980.3,loc_salem,11.6643,78.146,ECMWF_ERA5_Reanalysis
2018-02-11,32.6,21.4,26.4,33.3,23.9,27.6,0.0,18.9,43.6,102,22.54,981.3,loc_salem,11.6643,78.146,ECMWF_ERA5_Reanalysis
2018-02-12,33.0,21.3,26.5,34.8,23.6,27.8,0.0,21.0,47.2,100,21.97,982.6,loc_salem,11.6643,78.146,ECMWF_ERA5_Reanalysis
2018-02-13,32.5,20.8,26.1,33.7,22.7,26.9,0.0,20.4,47.2,101,22.7,983.7,loc_salem,11.6643,78.146,ECMWF_ERA5_Reanalysis
2018-02-14,33.5,20.1,26.3,34.9,22.3,27.5,0.0,18.8,42.8,96,22.19,983.9,loc_salem,11.6643,78.146,ECMWF_ERA5_Reanalysis
2018-02-15,34.4,19.9,26.7,35.2,22.9,28.1,0.0,20.1,46.1,88,22.63,983.8,loc_salem,11.6643,78.146,ECMWF_ERA5_Reanalysis
2018-02-16,34.8,20.1,26.7,36.0,21.7,27.4,0.0,22.4,50.4,85,24.2,983.0,loc_salem,11.6643,78.146,ECMWF_ERA5_Reanalysis
2018-02-17,34.1,19.1,26.1,35.7,19.9,26.6,0.0,22.2,50.8,102,23.36,980.1,loc_salem,11.6643,78.146,ECMWF_ERA5_Reanalysis
2018-02-18,34.7,20.7,26.6,36.8,22.0,27.3,0.0,20.0,45.0,90,24.42,979.1,loc_salem,11.6643,78.146,ECMWF_ERA5_Reanalysis
2018-02-19,34.1,19.0,25.8,35.1,20.5,26.3,0.0,19.1,43.6,100,24.6,979.4,loc_salem,11.6643,78.146,ECMWF_ERA5_Reanalysis
2018-02-20,35.1,19.6,26.4,36.5,21.4,27.2,0.0,18.1,42.5,83,24.5,979.3,loc_salem,11.6643,78.146,ECMWF_ERA5_Reanalysis
2018-02-21,34.4,19.3,26.3,34.3,21.3,26.6,0.0,16.2,37.4,91,24.77,978.3,loc_salem,11.6643,78.146,ECMWF_ERA5_Reanalysis
2018-02-22,35.2,19.0,26.7,34.0,20.5,26.3,0.0,22.4,51.8,85,25.04,977.9,loc_salem,11.6643,78.146,ECMWF_ERA5_Reanalysis
2018-02-23,34.5,19.5,26.2,35.0,20.2,26.0,0.0,18.1,41.4,95,25.11,978.6,loc_salem,11.6643,78.146,ECMWF_ERA5_Reanalysis
2018-02-24,33.0,20.0,26.1,33.6,21.4,26.9,0.0,20.2,45.7,99,21.9,980.1,loc_salem,11.6643,78.146,ECMWF_ERA5_Reanalysis
2018-02-25,34.3,19.6,26.5,35.7,22.0,27.6,0.0,21.0,47.9,99,24.55,980.1,loc_salem,11.6643,78.146,ECMWF_ERA5_Reanalysis
2018-02-26,35.4,19.6,27.2,37.3,21.7,28.1,0.0,24.9,57.2,107,24.56,979.3,loc_salem,11.6643,78.146,ECMWF_ERA5_Reanalysis
2018-02-27,35.6,20.7,27.9,35.9,21.0,27.7,0.0,18.4,49.7,101,24.64,978.7,loc_salem,11.6643,78.146,ECMWF_ERA5_Reanalysis
2018-02-28,35.3,19.9,27.4,35.7,20.9,28.0,0.0,20.1,46.8,104,24.42,978.7,loc_salem,11.6643,78.146,ECMWF_ERA5_Reanalysis
2018-03-01,35.8,21.1,28.0,36.0,23.7,28.5,0.0,16.8,39.6,97,24.74,978.4,loc_salem,11.6643,78.146,ECMWF_ERA5_Reanalysis
2018-03-02,36.6,20.5,27.9,35.7,21.3,27.2,0.0,16.9,40.3,94,25.41,978.2,loc_salem,11.6643,78.146,ECMWF_ERA5_Reanalysis
2018-03-03,36.4,19.4,27.9,35.8,18.9,26.7,0.0,21.7,49.0,106,26.24,977.7,loc_salem,11.6643,78.146,ECMWF_ERA5_Reanalysis
2018-03-04,37.2,20.2,28.2,37.0,20.3,27.8,0.0,19.2,44.6,101,25.82,977.5,loc_salem,11.6643,78.146,ECMWF_ERA5_Reanalysis
2018-03-05,36.6,19.6,27.4,37.4,19.2,27.0,0.0,22.4,50.0,100,25.86,978.1,loc_salem,11.6643,78.146,ECMWF_ERA5_Reanalysis
2018-03-06,36.7,19.9,27.5,36.0,20.1,27.0,0.0,23.1,53.3,99,26.1,978.7,loc_salem,11.6643,78.146,ECMWF_ERA5_Reanalysis
2018-03-07,35.1,20.4,27.1,35.6,22.1,27.9,0.0,19.1,43.2,100,25.48,978.8,loc_salem,11.6643,78.146,ECMWF_ERA5_Reanalysis
2018-03-08,36.0,20.4,28.2,34.7,21.2,27.7,0.0,17.2,43.2,104,25.39,978.9,loc_salem,11.6643,78.146,ECMWF_ERA5_Reanalysis
2018-03-09,36.7,20.2,28.5,35.7,19.9,27.6,0.0,17.2,42.8,99,25.67,978.8,loc_salem,11.6643,78.146,ECMWF_ERA5_Reanalysis
2018-03-10,36.3,20.2,28.1,35.4,23.0,28.6,0.0,18.7,46.1,98,25.45,979.0,loc_salem,11.6643,78.146,ECMWF_ERA5_Reanalysis
2018-03-11,36.1,20.8,28.3,36.1,22.3,28.7,0.0,17.5,41.4,103,25.59,979.1,loc_salem,11.6643,78.146,ECMWF_ERA5_Reanalysis
2018-03-12,34.8,21.8,27.9,34.9,23.7,29.2,0.5,21.3,51.8,99,21.35,979.8,loc_salem,11.6643,78.146,ECMWF_ERA5_Reanalysis
2018-03-13,32.5,24.2,27.4,34.6,28.0,29.9,1.2,21.4,52.6,106,15.72,979.3,loc_salem,11.6643,78.146,ECMWF_ERA5_Reanalysis
2018-03-14,34.5,23.5,28.3,36.8,26.5,30.9,0.5,15.0,41.4,111,17.24,978.7,loc_salem,11.6643,78.146,ECMWF_ERA5_Reanalysis
2018-03-15,35.2,24.5,28.7,40.0,28.3,31.7,4.9,20.5,49.3,114,20.02,978.3,loc_salem,11.6643,78.146,ECMWF_ERA5_Reanalysis
2018-03-16,34.9,24.8,29.2,38.0,28.6,32.3,5.9,14.6,39.2,143,17.82,977.1,loc_salem,11.6643,78.146,ECMWF_ERA5_Reanalysis
2018-03-17,30.1,23.2,26.2,33.7,27.6,30.1,23.2,12.8,36.7,85,12.78,978.4,loc_salem,11.6643,78.146,ECMWF_ERA5_Reanalysis
2018-03-18,33.0,23.4,28.1,35.8,26.3,30.8,0.1,20.8,48.2,95,19.27,978.7,loc_salem,11.6643,78.146,ECMWF_ERA5_Reanalysis
2018-03-19,33.7,22.9,27.9,35.2,25.1,29.2,0.0,17.2,39.6,105,24.5,980.1,loc_salem,11.6643,78.146,ECMWF_ERA5_Reanalysis
2018-03-20,36.1,21.1,28.7,37.1,23.0,29.4,0.0,18.5,41.8,104,25.93,979.0,loc_salem,11.6643,78.146,ECMWF_ERA5_Reanalysis
2018-03-21,37.8,22.1,29.9,40.6,24.3,31.3,0.0,14.9,35.3,113,25.61,978.4,loc_salem,11.6643,78.146,ECMWF_ERA5_Reanalysis
2018-03-22,35.4,24.6,30.3,38.0,27.4,32.4,1.3,17.6,53.3,329,20.01,976.8,loc_salem,11.6643,78.146,ECMWF_ERA5_Reanalysis
2018-03-23,37.8,26.9,31.7,40.0,29.6,33.9,0.2,21.0,48.6,115,20.19,976.3,loc_salem,11.6643,78.146,ECMWF_ERA5_Reanalysis
2018-03-24,37.7,26.6,31.6,38.7,28.1,33.0,0.0,21.3,49.7,107,22.09,977.8,loc_salem,11.6643,78.146,ECMWF_ERA5_Reanalysis
2018-03-25,37.1,24.4,30.4,37.8,25.1,30.8,0.0,18.9,45.7,100,25.41,979.8,loc_salem,11.6643,78.146,ECMWF_ERA5_Reanalysis
2018-03-26,38.2,22.3,29.8,38.6,25.3,31.1,0.0,20.6,46.8,98,25.77,980.1,loc_salem,11.6643,78.146,ECMWF_ERA5_Reanalysis
2018-03-27,38.2,22.8,30.4,40.2,25.9,32.1,0.0,18.4,45.7,108,24.92,979.0,loc_salem,11.6643,78.146,ECMWF_ERA5_Reanalysis
2018-03-28,38.4,25.3,31.7,40.5,29.2,33.8,0.0,14.8,37.1,118,22.95,978.0,loc_salem,11.6643,78.146,ECMWF_ERA5_Reanalysis
2018-03-29,38.4,26.7,32.2,41.1,30.1,34.3,0.0,11.9,29.2,140,21.56,977.5,loc_salem,11.6643,78.146,ECMWF_ERA5_Reanalysis
2018-03-30,39.1,27.0,32.6,41.4,28.8,34.2,0.4,12.2,32.4,143,22.39,977.0,loc_salem,11.6643,78.146,ECMWF_ERA5_Reanalysis
2018-03-31,36.2,27.2,30.8,40.2,29.8,33.6,2.7,12.6,35.6,147,18.68,976.7,loc_salem,11.6643,78.146,ECMWF_ERA5_Reanalysis
2018-04-01,38.2,26.6,31.9,39.5,30.2,33.4,0.2,19.1,45.4,107,22.21,976.3,loc_salem,11.6643,78.146,ECMWF_ERA5_Reanalysis
2018-04-02,38.1,25.6,31.3,39.9,29.0,33.0,0.0,20.1,49.3,108,22.57,977.3,loc_salem,11.6643,78.146,ECMWF_ERA5_Reanalysis
2018-04-03,36.5,25.9,30.9,39.9,30.2,33.4,0.4,15.0,50.0,111,20.89,977.2,loc_salem,11.6643,78.146,ECMWF_ERA5_Reanalysis
2018-04-04,38.7,25.3,31.5,40.3,28.8,33.2,0.0,18.7,43.6,100,24.58,975.7,loc_salem,11.6643,78.146,ECMWF_ERA5_Reanalysis
2018-04-05,37.7,24.5,31.0,38.0,27.4,32.2,0.0,20.2,47.5,109,24.17,975.3,loc_salem,11.6643,78.146,ECMWF_ERA5_Reanalysis
2018-04-06,38.3,25.1,31.2,38.9,28.1,32.3,0.0,18.9,44.3,107,23.88,976.0,loc_salem,11.6643,78.146,ECMWF_ERA5_Reanalysis
2018-04-07,37.3,25.1,31.0,38.5,27.1,32.1,0.0,21.8,50.0,103,24.37,977.1,loc_salem,11.6643,78.146,ECMWF_ERA5_Reanalysis
2018-04-08,37.4,24.9,30.5,38.1,28.7,32.1,0.0,22.4,58.0,96,24.98,977.7,loc_salem,11.6643,78.146,ECMWF_ERA5_Reanalysis
2018-04-09,36.3,25.2,29.8,38.3,28.6,32.1,0.4,21.1,47.5,102,21.22,978.2,loc_salem,11.6643,78.146,ECMWF_ERA5_Reanalysis
2018-04-10,37.1,24.5,29.8,38.6,28.4,31.9,0.0,21.5,54.4,103,22.61,977.1,loc_salem,11.6643,78.146,ECMWF_ERA5_Reanalysis
2018-04-11,37.3,25.2,30.6,39.3,29.2,32.7,0.0,23.3,52.6,102,23.08,977.1,loc_salem,11.6643,78.146,ECMWF_ERA5_Reanalysis
2018-04-12,38.4,26.1,30.9,40.6,29.6,33.4,1.0,22.8,54.0,103,22.67,976.4,loc_salem,11.6643,78.146,ECMWF_ERA5_Reanalysis
2018-04-13,37.1,25.4,30.4,39.6,29.5,32.9,0.3,20.7,51.1,105,22.15,977.1,loc_salem,11.6643,78.146,ECMWF_ERA5_Reanalysis
2018-04-14,38.0,24.4,30.7,40.5,28.3,33.7,1.9,19.8,54.0,123,22.22,976.9,loc_salem,11.6643,78.146,ECMWF_ERA5_Reanalysis
2018-04-15,36.5,25.3,30.4,39.7,30.3,33.8,2.0,15.6,41.4,120,20.56,977.3,loc_salem,11.6643,78.146,ECMWF_ERA5_Reanalysis
2018-04-16,37.2,26.1,31.4,41.0,30.7,34.5,0.0,18.3,44.6,105,21.16,977.7,loc_salem,11.6643,78.146,ECMWF_ERA5_Reanalysis
2018-04-17,39.0,26.3,32.0,40.8,30.7,34.4,0.0,17.5,40.3,111,24.04,978.4,loc_salem,11.6643,78.146,ECMWF_ERA5_Reanalysis
2018-04-18,39.0,26.1,32.4,41.6,30.0,34.8,0.0,14.7,33.8,133,23.31,978.0,loc_salem,11.6643,78.146,ECMWF_ERA5_Reanalysis
2018-04-19,39.7,26.9,32.7,41.9,29.2,34.3,0.0,15.9,37.4,163,22.82,976.4,loc_salem,11.6643,78.146,ECMWF_ERA5_Reanalysis
2018-04-20,39.6,27.3,32.9,42.6,31.3,35.7,0.2,15.5,38.9,161,21.91,976.1,loc_salem,11.6643,78.146,ECMWF_ERA5_Reanalysis
2018-04-21,39.2,27.9,33.4,42.1,31.3,35.4,0.0,14.8,43.6,126,21.52,975.8,loc_salem,11.6643,78.146,ECMWF_ERA5_Reanalysis
2018-04-22,38.4,28.0,33.1,41.3,29.8,34.8,0.6,13.4,33.8,153,20.99,976.5,loc_salem,11.6643,78.146,ECMWF_ERA5_Reanalysis
2018-04-23,40.5,27.9,33.5,43.3,31.8,35.8,0.0,19.9,45.7,128,23.64,976.4,loc_salem,11.6643,78.146,ECMWF_ERA5_Reanalysis
2018-04-24,39.9,27.9,33.2,41.7,30.8,35.0,0.0,14.9,43.2,123,23.61,976.5,loc_salem,11.6643,78.146,ECMWF_ERA5_Reanalysis
2018-04-25,39.7,27.3,33.6,41.6,29.9,34.8,0.0,13.4,34.9,133,23.65,975.9,loc_salem,11.6643,78.146,ECMWF_ERA5_Reanalysis
2018-04-26,38.7,28.7,32.9,43.2,32.0,35.7,1.3,11.1,32.0,158,21.19,975.5,loc_salem,11.6643,78.146,ECMWF_ERA5_Reanalysis
2018-04-27,39.7,26.8,33.0,42.0,30.8,35.1,0.5,20.9,49.0,110,23.25,976.2,loc_salem,11.6643,78.146,ECMWF_ERA5_Reanalysis
2018-04-28,38.7,26.5,32.3,39.8,30.6,34.0,0.0,14.8,38.5,96,23.84,977.4,loc_salem,11.6643,78.146,ECMWF_ERA5_Reanalysis
2018-04-29,39.7,26.4,32.5,41.7,30.6,34.8,0.0,14.0,35.6,135,22.89,976.3,loc_salem,11.6643,78.146,ECMWF_ERA5_Reanalysis
2018-04-30,39.2,27.6,32.7,43.6,31.6,35.8,2.8,13.8,46.8,177,22.26,975.1,loc_salem,11.6643,78.146,ECMWF_ERA5_Reanalysis
2018-05-01,39.1,28.0,32.1,43.8,32.7,36.0,0.9,18.1,46.8,177,20.74,975.9,loc_salem,11.6643,78.146,ECMWF_ERA5_Reanalysis
2018-05-02,38.9,28.0,32.4,43.9,32.8,36.2,0.3,14.7,38.9,185,21.4,975.8,loc_salem,11.6643,78.146,ECMWF_ERA5_Reanalysis
2018-05-03,37.3,25.3,31.6,43.0,29.9,35.4,9.9,16.5,41.4,145,22.34,976.2,loc_salem,11.6643,78.146,ECMWF_ERA5_Reanalysis
2018-05-04,35.5,25.2,29.8,40.2,29.4,33.5,0.9,11.7,31.3,126,20.55,976.9,loc_salem,11.6643,78.146,ECMWF_ERA5_Reanalysis
2018-05-05,35.3,26.4,30.7,39.1,30.6,34.2,0.3,10.5,27.0,116,20.78,977.5,loc_salem,11.6643,78.146,ECMWF_ERA5_Reanalysis
2018-05-06,37.8,26.2,31.4,41.5,30.3,34.6,0.0,12.6,28.8,146,23.34,977.8,loc_salem,11.6643,78.146,ECMWF_ERA5_Reanalysis
2018-05-07,38.3,26.0,31.9,42.1,30.2,34.7,0.1,14.8,34.9,161,22.85,976.7,loc_salem,11.6643,78.146,ECMWF_ERA5_Reanalysis
2018-05-08,36.9,24.3,29.3,41.6,28.3,33.4,6.1,13.7,37.4,255,18.13,975.9,loc_salem,11.6643,78.146,ECMWF_ERA5_Reanalysis
2018-05-09,36.7,24.4,29.3,41.0,28.5,33.0,7.2,14.2,50.4,146,18.04,975.9,loc_salem,11.6643,78.146,ECMWF_ERA5_Reanalysis
2018-05-10,35.8,26.7,30.0,40.3,31.2,34.1,3.3,12.2,36.0,154,16.72,977.5,loc_salem,11.6643,78.146,ECMWF_ERA5_Reanalysis
2018-05-11,35.4,26.2,30.0,39.6,30.3,33.9,1.4,16.0,42.5,143,21.46,976.7,loc_salem,11.6643,78.146,ECMWF_ERA5_Reanalysis
2018-05-12,37.6,26.1,31.0,42.0,30.1,34.7,3.1,14.8,42.1,160,22.54,976.2,loc_salem,11.6643,78.146,ECMWF_ERA5_Reanalysis
2018-05-13,37.3,26.3,31.2,40.0,30.6,34.2,0.5,16.0,39.2,148,20.73,975.8,loc_salem,11.6643,78.146,ECMWF_ERA5_Reanalysis
2018-05-14,37.1,26.4,31.3,41.7,30.9,34.9,1.9,9.8,28.8,160,20.91,976.1,loc_salem,11.6643,78.146,ECMWF_ERA5_Reanalysis
2018-05-15,35.6,25.9,30.4,37.8,30.2,33.6,1.0,11.4,26.6,107,17.84,975.5,loc_salem,11.6643,78.146,ECMWF_ERA5_Reanalysis
2018-05-16,35.8,26.7,30.5,38.9,31.0,34.1,0.4,11.0,28.4,181,19.29,974.8,loc_salem,11.6643,78.146,ECMWF_ERA5_Reanalysis
2018-05-17,36.4,27.4,30.5,40.6,31.0,33.6,0.3,13.3,34.6,166,16.79,974.9,loc_salem,11.6643,78.146,ECMWF_ERA5_Reanalysis
2018-05-18,37.0,26.4,31.1,41.3,30.5,34.5,0.1,13.0,47.2,176,20.3,974.7,loc_salem,11.6643,78.146,ECMWF_ERA5_Reanalysis
2018-05-19,38.2,26.7,31.7,42.4,30.5,35.1,0.1,14.9,36.4,257,21.58,974.0,loc_salem,11.6643,78.146,ECMWF_ERA5_Reanalysis
2018-05-20,38.0,26.9,31.4,43.1,31.1,34.8,2.2,13.3,51.8,195,21.09,974.1,loc_salem,11.6643,78.146,ECMWF_ERA5_Reanalysis
2018-05-21,37.7,26.3,30.5,41.6,30.1,34.0,6.9,16.2,38.2,322,19.64,974.5,loc_salem,11.6643,78.146,ECMWF_ERA5_Reanalysis
2018-05-22,37.3,25.9,31.4,41.1,29.4,34.5,0.2,10.4,28.4,5,22.17,974.2,loc_salem,11.6643,78.146,ECMWF_ERA5_Reanalysis
2018-05-23,37.9,26.4,30.8,42.5,31.3,34.7,5.4,17.1,40.3,344,20.89,974.1,loc_salem,11.6643,78.146,ECMWF_ERA5_Reanalysis
2018-05-24,37.9,25.5,30.8,41.3,29.9,33.8,0.2,15.3,36.0,293,21.03,973.1,loc_salem,11.6643,78.146,ECMWF_ERA5_Reanalysis
2018-05-25,34.9,24.9,28.4,38.0,29.7,32.4,12.9,11.4,34.6,283,14.47,973.0,loc_salem,11.6643,78.146,ECMWF_ERA5_Reanalysis
2018-05-26,33.6,24.7,28.3,37.7,28.7,32.8,8.4,11.8,39.2,86,17.83,972.6,loc_salem,11.6643,78.146,ECMWF_ERA5_Reanalysis
2018-05-27,35.1,25.3,29.4,40.0,30.7,33.8,0.8,16.2,35.3,151,21.26,972.4,loc_salem,11.6643,78.146,ECMWF_ERA5_Reanalysis
2018-05-28,36.6,26.0,30.3,40.8,29.2,34.2,2.2,16.9,40.7,216,20.25,971.7,loc_salem,11.6643,78.146,ECMWF_ERA5_Reanalysis
2018-05-29,35.4,24.1,28.9,39.9,28.5,32.5,1.2,15.8,43.6,216,21.7,972.0,loc_salem,11.6643,78.146,ECMWF_ERA5_Reanalysis
2018-05-30,33.0,25.1,27.6,36.5,29.2,31.8,8.2,16.0,38.2,242,11.14,972.5,loc_salem,11.6643,78.146,ECMWF_ERA5_Reanalysis
2018-05-31,36.9,24.7,30.0,41.3,30.0,34.4,0.1,12.8,33.1,228,21.82,973.5,loc_salem,11.6643,78.146,ECMWF_ERA5_Reanalysis
2018-06-01,37.5,25.6,30.6,42.0,30.4,34.9,1.8,10.4,28.1,267,21.46,974.1,loc_salem,11.6643,78.146,ECMWF_ERA5_Reanalysis
2018-06-02,36.3,26.2,29.2,42.0,30.8,34.1,13.8,9.5,34.9,320,19.31,974.4,loc_salem,11.6643,78.146,ECMWF_ERA5_Reanalysis
2018-06-03,32.9,25.4,28.3,38.5,30.6,33.0,2.9,14.6,34.9,250,13.2,974.1,loc_salem,11.6643,78.146,ECMWF_ERA5_Reanalysis
2018-06-04,35.1,25.4,28.8,39.8,30.2,33.3,5.1,13.9,35.6,242,18.35,973.1,loc_salem,11.6643,78.146,ECMWF_ERA5_Reanalysis
2018-06-05,33.9,24.7,28.5,37.6,29.4,33.0,8.1,10.1,27.7,246,17.42,973.5,loc_salem,11.6643,78.146,ECMWF_ERA5_Reanalysis
2018-06-06,34.8,24.8,29.0,40.5,29.7,33.7,1.9,16.9,41.0,261,20.83,975.3,loc_salem,11.6643,78.146,ECMWF_ERA5_Reanalysis
2018-06-07,33.5,25.2,28.3,37.9,29.1,32.3,1.2,16.3,38.9,227,17.6,974.8,loc_salem,11.6643,78.146,ECMWF_ERA5_Reanalysis
2018-06-08,33.6,24.4,28.2,35.8,28.0,31.5,0.4,19.4,44.6,223,15.38,973.3,loc_salem,11.6643,78.146,ECMWF_ERA5_Reanalysis
2018-06-09,33.7,24.6,28.6,36.6,28.5,31.8,0.8,22.4,55.4,243,19.03,972.3,loc_salem,11.6643,78.146,ECMWF_ERA5_Reanalysis
2018-06-10,34.5,24.5,28.8,37.4,28.8,32.3,0.7,18.5,52.2,236,19.11,973.6,loc_salem,11.6643,78.146,ECMWF_ERA5_Reanalysis
2018-06-11,34.3,24.4,28.2,37.6,28.5,31.9,3.8,15.3,49.3,233,17.59,974.3,loc_salem,11.6643,78.146,ECMWF_ERA5_Reanalysis
2018-06-12,33.9,24.1,28.1,37.4,28.6,31.8,1.5,15.3,42.1,230,17.5,974.4,loc_salem,11.6643,78.146,ECMWF_ERA5_Reanalysis
2018-06-13,34.4,23.8,28.4,38.6,28.3,32.1,0.0,15.0,38.2,237,16.97,974.8,loc_salem,11.6643,78.146,ECMWF_ERA5_Reanalysis
2018-06-14,29.0,23.9,26.0,33.1,28.6,30.7,2.8,13.6,32.4,216,8.57,975.6,loc_salem,11.6643,78.146,ECMWF_ERA5_Reanalysis
2018-06-15,34.4,23.4,27.9,38.5,28.4,32.1,1.7,16.3,38.5,255,19.95,975.8,loc_salem,11.6643,78.146,ECMWF_ERA5_Reanalysis
2018-06-16,34.2,23.6,28.4,39.2,28.2,32.4,1.2,16.9,41.8,263,21.0,976.8,loc_salem,11.6643,78.146,ECMWF_ERA5_Reanalysis
2018-06-17,36.2,23.6,29.1,39.9,28.2,32.3,0.7,18.8,50.0,282,20.97,976.6,loc_salem,11.6643,78.146,ECMWF_ERA5_Reanalysis
2018-06-18,35.1,23.5,28.1,39.0,27.8,32.0,4.0,10.7,41.4,242,20.51,976.1,loc_salem,11.6643,78.146,ECMWF_ERA5_Reanalysis
2018-06-19,34.7,23.5,27.9,38.2,27.2,31.2,1.6,15.7,41.8,220,21.82,975.2,loc_salem,11.6643,78.146,ECMWF_ERA5_Reanalysis
2018-06-20,34.4,24.0,28.1,36.3,27.2,30.8,1.4,20.8,50.0,227,17.73,974.9,loc_salem,11.6643,78.146,ECMWF_ERA5_Reanalysis
2018-06-21,32.9,23.6,26.7,37.7,27.6,31.0,21.2,15.5,38.5,225,15.79,974.6,loc_salem,11.6643,78.146,ECMWF_ERA5_Reanalysis
2018-06-22,32.8,23.6,27.4,37.9,28.8,31.5,2.9,18.4,43.6,245,20.75,974.5,loc_salem,11.6643,78.146,ECMWF_ERA5_Reanalysis
2018-06-23,32.8,24.0,26.9,37.7,28.5,31.2,4.5,17.3,41.0,243,19.7,974.5,loc_salem,11.6643,78.146,ECMWF_ERA5_Reanalysis
2018-06-24,33.1,23.3,27.1,37.5,28.0,31.3,5.0,15.8,37.1,259,19.72,975.2,loc_salem,11.6643,78.146,ECMWF_ERA5_Reanalysis
2018-06-25,33.7,23.6,27.4,38.0,28.0,31.5,1.5,11.8,31.0,250,19.53,974.9,loc_salem,11.6643,78.146,ECMWF_ERA5_Reanalysis
2018-06-26,34.1,22.9,28.0,37.0,27.1,31.3,0.3,16.1,43.6,275,19.08,974.0,loc_salem,11.6643,78.146,ECMWF_ERA5_Reanalysis
2018-06-27,32.8,23.4,27.5,34.4,27.5,30.7,1.0,12.4,38.9,255,12.61,973.3,loc_salem,11.6643,78.146,ECMWF_ERA5_Reanalysis
2018-06-28,33.7,23.2,27.4,36.5,27.1,30.8,4.5,14.7,38.5,228,16.35,974.0,loc_salem,11.6643,78.146,ECMWF_ERA5_Reanalysis
2018-06-29,34.0,23.7,28.1,37.7,27.5,31.5,1.9,15.0,43.2,223,18.62,974.3,loc_salem,11.6643,78.146,ECMWF_ERA5_Reanalysis
2018-06-30,34.6,23.9,27.8,38.6,28.4,31.7,13.9,19.1,43.2,263,18.5,975.0,loc_salem,11.6643,78.146,ECMWF_ERA5_Reanalysis
2018-07-01,34.7,24.0,28.3,38.8,28.7,32.3,4.2,9.1,23.8,218,18.54,975.3,loc_salem,11.6643,78.146,ECMWF_ERA5_Reanalysis
2018-07-02,34.3,23.7,27.9,37.5,28.3,31.7,4.9,13.8,34.9,224,19.95,975.1,loc_salem,11.6643,78.146,ECMWF_ERA5_Reanalysis
2018-07-03,33.5,23.4,28.2,36.0,27.2,31.6,0.1,13.8,33.5,290,17.99,975.6,loc_salem,11.6643,78.146,ECMWF_ERA5_Reanalysis
2018-07-04,36.0,23.4,28.9,38.3,27.6,32.1,0.0,14.3,41.0,275,22.38,976.3,loc_salem,11.6643,78.146,ECMWF_ERA5_Reanalysis
2018-07-05,36.2,23.8,29.8,37.4,26.5,31.5,0.0,17.9,45.7,294,21.64,975.9,loc_salem,11.6643,78.146,ECMWF_ERA5_Reanalysis
2018-07-06,36.1,23.6,29.4,38.7,26.4,31.5,0.3,19.1,52.2,283,19.72,974.9,loc_salem,11.6643,78.146,ECMWF_ERA5_Reanalysis
2018-07-07,33.8,24.7,28.2,35.7,28.1,31.2,2.6,14.8,49.7,253,12.76,974.0,loc_salem,11.6643,78.146,ECMWF_ERA5_Reanalysis
2018-07-08,34.2,23.9,28.0,35.8,27.9,31.1,0.9,14.1,50.0,245,15.25,973.5,loc_salem,11.6643,78.146,ECMWF_ERA5_Reanalysis
2018-07-09,33.8,24.0,27.4,36.8,28.1,31.0,11.3,13.9,48.2,216,15.51,973.4,loc_salem,11.6643,78.146,ECMWF_ERA5_Reanalysis
2018-07-10,34.2,23.2,27.1,37.0,26.8,30.9,4.0,18.1,45.0,225,17.97,974.7,loc_salem,11.6643,78.146,ECMWF_ERA5_Reanalysis
2018-07-11,32.7,23.2,26.9,34.6,27.3,30.0,0.7,20.3,55.8,260,13.22,975.1,loc_salem,11.6643,78.146,ECMWF_ERA5_Reanalysis
2018-07-12,33.9,22.9,27.6,34.4,26.8,30.0,0.7,25.6,64.4,269,17.87,974.2,loc_salem,11.6643,78.146,ECMWF_ERA5_Reanalysis
2018-07-13,32.5,23.0,27.2,35.1,26.9,30.2,6.7,16.6,50.0,257,15.59,973.9,loc_salem,11.6643,78.146,ECMWF_ERA5_Reanalysis
2018-07-14,33.8,23.3,28.2,34.2,27.0,30.5,0.9,25.4,66.2,277,18.09,973.1,loc_salem,11.6643,78.146,ECMWF_ERA5_Reanalysis
2018-07-15,33.6,23.5,28.2,33.0,27.3,30.4,0.1,26.0,70.6,272,14.52,973.0,loc_salem,11.6643,78.146,ECMWF_ERA5_Reanalysis
2018-07-16,33.9,23.7,28.4,35.0,27.3,30.5,1.2,24.3,74.9,277,18.73,973.6,loc_salem,11.6643,78.146,ECMWF_ERA5_Reanalysis
2018-07-17,33.9,23.3,28.2,33.8,27.3,30.4,1.3,21.7,60.5,287,14.76,974.0,loc_salem,11.6643,78.146,ECMWF_ERA5_Reanalysis
2018-07-18,34.5,23.4,28.6,35.4,27.5,31.1,1.2,23.4,54.4,259,18.47,974.3,loc_salem,11.6643,78.146,ECMWF_ERA5_Reanalysis
2018-07-19,32.8,24.0,27.6,36.1,27.7,30.5,1.3,18.7,59.4,250,14.18,974.7,loc_salem,11.6643,78.146,ECMWF_ERA5_Reanalysis
2018-07-20,34.2,23.5,28.0,37.1,26.7,30.4,0.0,22.0,50.8,273,15.5,974.6,loc_salem,11.6643,78.146,ECMWF_ERA5_Reanalysis
2018-07-21,34.5,23.9,28.6,34.3,27.5,30.8,1.0,24.1,56.9,282,15.01,975.5,loc_salem,11.6643,78.146,ECMWF_ERA5_Reanalysis
2018-07-22,35.7,23.0,29.2,35.3,27.0,30.8,0.0,26.5,62.3,288,18.86,975.3,loc_salem,11.6643,78.146,ECMWF_ERA5_Reanalysis
2018-07-23,34.9,23.5,29.2,36.3,27.0,31.4,0.5,22.1,50.8,283,18.3,974.8,loc_salem,11.6643,78.146,ECMWF_ERA5_Reanalysis
2018-07-24,33.0,23.8,28.4,36.5,28.0,31.6,1.4,13.3,48.6,266,16.67,976.2,loc_salem,11.6643,78.146,ECMWF_ERA5_Reanalysis
2018-07-25,34.9,24.1,29.3,38.8,28.1,32.4,1.6,15.7,41.8,277,19.72,976.1,loc_salem,11.6643,78.146,ECMWF_ERA5_Reanalysis
2018-07-26,35.1,24.4,28.3,39.2,28.3,31.9,3.1,15.9,44.3,244,18.62,976.6,loc_salem,11.6643,78.146,ECMWF_ERA5_Reanalysis
2018-07-27,34.0,23.2,28.2,37.4,27.5,31.8,0.8,18.1,44.3,259,20.42,976.3,loc_salem,11.6643,78.146,ECMWF_ERA5_Reanalysis
2018-07-28,34.7,23.5,28.7,38.4,27.8,32.2,1.0,13.0,34.9,262,21.69,975.5,loc_salem,11.6643,78.146,ECMWF_ERA5_Reanalysis
2018-07-29,35.5,23.2,28.7,38.4,27.5,32.4,2.0,14.0,39.2,243,21.02,974.8,loc_salem,11.6643,78.146,ECMWF_ERA5_Reanalysis
2018-07-30,35.7,24.2,28.8,40.3,28.7,32.5,1.9,18.9,45.0,245,20.09,974.7,loc_salem,11.6643,78.146,ECMWF_ERA5_Reanalysis
2018-07-31,32.6,24.0,27.3,36.3,28.4,31.2,2.1,11.8,36.0,244,15.26,975.7,loc_salem,11.6643,78.146,ECMWF_ERA5_Reanalysis
2018-08-01,34.4,23.1,28.2,37.7,27.4,31.4,0.3,17.7,47.5,274,20.35,976.4,loc_salem,11.6643,78.146,ECMWF_ERA5_Reanalysis
2018-08-02,35.9,23.5,28.9,40.7,27.5,32.4,1.2,10.0,40.7,262,21.21,976.8,loc_salem,11.6643,78.146,ECMWF_ERA5_Reanalysis
2018-08-03,33.9,23.7,28.5,37.1,28.2,31.6,0.6,14.0,45.4,266,16.79,977.5,loc_salem,11.6643,78.146,ECMWF_ERA5_Reanalysis
2018-08-04,35.1,24.8,29.0,38.2,27.0,31.5,1.2,12.2,43.6,287,19.89,977.1,loc_salem,11.6643,78.146,ECMWF_ERA5_Reanalysis
2018-08-05,35.9,25.3,29.9,36.8,27.3,31.4,0.0,18.3,46.4,295,18.47,977.0,loc_salem,11.6643,78.146,ECMWF_ERA5_Reanalysis
2018-08-06,35.0,23.4,29.2,37.0,26.9,30.8,0.2,20.6,50.4,284,19.67,975.8,loc_salem,11.6643,78.146,ECMWF_ERA5_Reanalysis
2018-08-07,33.3,23.1,27.9,35.6,26.6,30.0,0.4,22.1,58.3,270,17.06,974.6,loc_salem,11.6643,78.146,ECMWF_ERA5_Reanalysis
2018-08-08,32.4,22.9,27.1,35.8,26.2,30.3,1.1,15.1,44.6,237,15.95,974.4,loc_salem,11.6643,78.146,ECMWF_ERA5_Reanalysis
2018-08-09,33.6,22.8,27.7,38.4,27.1,31.0,3.3,15.8,45.7,262,18.63,976.2,loc_salem,11.6643,78.146,ECMWF_ERA5_Reanalysis
2018-08-10,33.4,23.4,27.2,34.2,27.4,30.4,1.8,19.1,46.1,265,13.11,977.3,loc_salem,11.6643,78.146,ECMWF_ERA5_Reanalysis
2018-08-11,32.5,24.0,27.4,33.0,28.2,30.0,0.5,18.5,55.1,286,11.07,976.4,loc_salem,11.6643,78.146,ECMWF_ERA5_Reanalysis
2018-08-12,30.7,23.5,26.0,32.4,26.7,29.4,5.8,19.1,70.2,280,11.66,975.3,loc_salem,11.6643,78.146,ECMWF_ERA5_Reanalysis
2018-08-13,34.8,22.7,27.3,36.0,26.5,30.3,2.3,19.3,56.5,266,18.86,974.9,loc_salem,11.6643,78.146,ECMWF_ERA5_Reanalysis
2018-08-14,31.6,23.3,26.4,35.2,27.2,30.0,3.9,19.2,63.0,245,14.7,974.3,loc_salem,11.6643,78.146,ECMWF_ERA5_Reanalysis
2018-08-15,30.4,22.9,25.8,34.0,26.6,29.8,34.6,14.9,51.1,248,13.85,973.7,loc_salem,11.6643,78.146,ECMWF_ERA5_Reanalysis
2018-08-16,29.0,22.8,25.1,31.7,25.8,28.3,4.2,16.7,65.2,238,12.02,974.3,loc_salem,11.6643,78.146,ECMWF_ERA5_Reanalysis
2018-08-17,32.3,21.9,26.8,34.3,25.3,29.6,2.1,20.2,58.0,266,19.65,973.5,loc_salem,11.6643,78.146,ECMWF_ERA5_Reanalysis
2018-08-18,32.9,22.3,27.6,33.2,26.7,29.9,0.0,23.5,54.4,285,16.65,973.6,loc_salem,11.6643,78.146,ECMWF_ERA5_Reanalysis
2018-08-19,33.1,22.6,27.7,34.1,26.4,29.9,0.0,23.5,58.0,288,18.13,973.9,loc_salem,11.6643,78.146,ECMWF_ERA5_Reanalysis
2018-08-20,33.7,23.2,27.2,34.7,26.4,29.9,0.4,17.4,47.5,263,17.29,974.7,loc_salem,11.6643,78.146,ECMWF_ERA5_Reanalysis
2018-08-21,33.9,21.7,27.4,36.8,25.6,30.6,0.1,15.4,40.7,241,21.9,975.7,loc_salem,11.6643,78.146,ECMWF_ERA5_Reanalysis
2018-08-22,35.5,22.4,28.9,38.0,26.0,31.3,0.1,15.9,43.2,285,22.31,976.0,loc_salem,11.6643,78.146,ECMWF_ERA5_Reanalysis
2018-08-23,35.8,25.4,29.6,38.2,26.9,31.5,0.1,18.0,45.7,305,21.64,976.4,loc_salem,11.6643,78.146,ECMWF_ERA5_Reanalysis
2018-08-24,34.7,25.7,28.5,37.6,27.2,30.9,3.7,20.2,46.8,304,17.45,976.3,loc_salem,11.6643,78.146,ECMWF_ERA5_Reanalysis
2018-08-25,35.4,25.0,29.4,37.9,27.5,32.0,0.6,15.8,36.7,295,20.98,975.5,loc_salem,11.6643,78.146,ECMWF_ERA5_Reanalysis
2018-08-26,35.7,25.1,28.8,39.5,28.0,31.7,0.9,17.8,42.8,301,20.84,974.7,loc_salem,11.6643,78.146,ECMWF_ERA5_Reanalysis
2018-08-27,34.9,24.3,28.2,37.4,27.2,31.0,1.7,21.1,49.3,284,17.96,975.2,loc_salem,11.6643,78.146,ECMWF_ERA5_Reanalysis
2018-08-28,34.7,23.5,27.9,37.9,27.4,31.0,0.4,17.0,41.0,250,18.53,975.5,loc_salem,11.6643,78.146,ECMWF_ERA5_Reanalysis
2018-08-29,36.0,22.9,27.9,40.3,27.3,31.8,7.1,20.3,46.8,252,21.53,976.3,loc_salem,11.6643,78.146,ECMWF_ERA5_Reanalysis
2018-08-30,35.1,23.9,28.7,37.1,27.7,31.6,0.0,16.9,44.3,288,19.79,975.7,loc_salem,11.6643,78.146,ECMWF_ERA5_Reanalysis
2018-08-31,33.1,24.2,27.8,36.5,28.3,31.4,5.0,12.5,36.0,287,15.26,976.4,loc_salem,11.6643,78.146,ECMWF_ERA5_Reanalysis
2018-09-01,32.3,23.7,27.5,34.9,29.0,31.4,0.2,9.7,33.8,224,15.62,976.9,loc_salem,11.6643,78.146,ECMWF_ERA5_Reanalysis
2018-09-02,33.6,24.4,28.7,37.1,28.9,31.9,0.0,11.2,34.2,238,19.59,977.0,loc_salem,11.6643,78.146,ECMWF_ERA5_Reanalysis
2018-09-03,35.5,23.9,29.4,38.0,28.2,31.9,0.0,13.2,35.3,269,23.58,976.9,loc_salem,11.6643,78.146,ECMWF_ERA5_Reanalysis
2018-09-04,36.1,23.8,29.9,38.5,27.7,31.9,0.0,15.8,37.4,232,23.79,977.2,loc_salem,11.6643,78.146,ECMWF_ERA5_Reanalysis
2018-09-05,37.0,23.6,29.8,38.3,27.1,31.9,0.0,14.2,41.4,241,23.64,976.8,loc_salem,11.6643,78.146,ECMWF_ERA5_Reanalysis
2018-09-06,37.8,24.5,29.7,39.3,28.0,32.1,0.0,17.7,45.0,243,23.47,975.5,loc_salem,11.6643,78.146,ECMWF_ERA5_Reanalysis
2018-09-07,36.5,22.8,29.3,37.9,26.4,31.5,0.0,15.2,47.5,243,23.88,976.4,loc_salem,11.6643,78.146,ECMWF_ERA5_Reanalysis
2018-09-08,37.5,24.1,30.6,39.4,26.7,32.3,0.1,13.8,37.1,282,24.03,976.3,loc_salem,11.6643,78.146,ECMWF_ERA5_Reanalysis
2018-09-09,35.6,25.2,30.7,38.9,28.6,33.1,0.3,11.7,34.6,192,20.81,976.8,loc_salem,11.6643,78.146,ECMWF_ERA5_Reanalysis
2018-09-10,35.9,24.1,28.7,39.6,28.9,32.0,11.7,17.8,43.6,146,17.63,978.8,loc_salem,11.6643,78.146,ECMWF_ERA5_Reanalysis
2018-09-11,35.0,23.4,28.1,40.2,28.2,31.9,1.6,14.2,37.1,231,21.18,979.4,loc_salem,11.6643,78.146,ECMWF_ERA5_Reanalysis
2018-09-12,35.6,24.8,29.7,39.1,28.3,33.0,0.0,11.1,29.5,301,21.82,977.7,loc_salem,11.6643,78.146,ECMWF_ERA5_Reanalysis
2018-09-13,35.8,24.8,29.4,39.0,28.5,32.5,5.8,15.9,40.3,201,20.21,976.8,loc_salem,11.6643,78.146,ECMWF_ERA5_Reanalysis
2018-09-14,36.7,24.4,29.2,39.8,28.4,32.4,0.1,13.0,31.3,138,21.16,977.1,loc_salem,11.6643,78.146,ECMWF_ERA5_Reanalysis
2018-09-15,35.1,24.7,29.3,39.2,29.2,32.8,1.4,13.0,29.9,328,20.64,977.5,loc_salem,11.6643,78.146,ECMWF_ERA5_Reanalysis
2018-09-16,31.4,23.6,26.5,34.5,27.3,30.3,19.6,13.0,29.5,314,11.15,976.6,loc_salem,11.6643,78.146,ECMWF_ERA5_Reanalysis
2018-09-17,30.7,23.7,26.4,34.1,28.7,30.6,7.0,8.3,34.6,286,11.73,975.9,loc_salem,11.6643,78.146,ECMWF_ERA5_Reanalysis
2018-09-18,32.2,22.7,27.4,35.2,27.1,30.7,0.0,14.0,36.7,258,18.07,975.8,loc_salem,11.6643,78.146,ECMWF_ERA5_Reanalysis
2018-09-19,31.1,23.1,27.0,35.3,26.7,29.8,0.0,12.0,31.7,297,10.8,975.6,loc_salem,11.6643,78.146,ECMWF_ERA5_Reanalysis
2018-09-20,34.2,22.1,27.8,35.6,26.1,29.9,0.0,13.8,36.7,274,24.53,973.6,loc_salem,11.6643,78.146,ECMWF_ERA5_Reanalysis
2018-09-21,34.0,23.4,28.3,38.2,25.6,30.7,0.0,11.6,37.1,245,20.68,974.4,loc_salem,11.6643,78.146,ECMWF_ERA5_Reanalysis
2018-09-22,35.2,23.0,29.1,38.0,25.6,30.8,0.1,15.3,36.4,322,23.84,977.0,loc_salem,11.6643,78.146,ECMWF_ERA5_Reanalysis
2018-09-23,36.4,24.6,29.1,40.1,28.8,32.7,12.4,18.7,43.2,121,22.48,978.9,loc_salem,11.6643,78.146,ECMWF_ERA5_Reanalysis
2018-09-24,33.6,22.9,27.8,38.1,27.1,31.6,4.6,14.2,33.1,171,20.23,979.3,loc_salem,11.6643,78.146,ECMWF_ERA5_Reanalysis
2018-09-25,33.8,23.8,28.0,38.8,28.5,32.4,9.8,10.4,33.5,136,20.4,977.9,loc_salem,11.6643,78.146,ECMWF_ERA5_Reanalysis
2018-09-26,33.5,23.5,27.9,39.9,27.9,32.2,7.6,12.6,33.8,10,21.69,976.8,loc_salem,11.6643,78.146,ECMWF_ERA5_Reanalysis
2018-09-27,34.5,23.2,27.8,38.8,28.0,31.9,19.6,15.6,36.4,111,22.69,976.7,loc_salem,11.6643,78.146,ECMWF_ERA5_Reanalysis
2018-09-28,32.5,22.9,26.9,36.9,27.2,31.2,12.1,14.0,38.5,125,18.75,977.0,loc_salem,11.6643,78.146,ECMWF_ERA5_Reanalysis
2018-09-29,32.3,22.8,27.3,37.1,26.9,31.8,8.4,9.4,24.5,66,19.76,977.4,loc_salem,11.6643,78.146,ECMWF_ERA5_Reanalysis
2018-09-30,32.2,23.4,27.5,37.0,28.2,31.9,4.5,13.6,32.8,96,20.58,977.1,loc_salem,11.6643,78.146,ECMWF_ERA5_Reanalysis
2018-10-01,32.4,23.1,27.4,36.0,27.6,31.4,5.9,19.2,46.1,103,20.29,977.3,loc_salem,11.6643,78.146,ECMWF_ERA5_Reanalysis
2018-10-02,31.4,23.2,27.0,36.2,28.0,31.3,4.1,15.0,36.0,103,18.5,977.9,loc_salem,11.6643,78.146,ECMWF_ERA5_Reanalysis
2018-10-03,32.2,23.8,26.9,37.7,28.6,31.4,4.9,16.4,37.4,100,19.41,977.5,loc_salem,11.6643,78.146,ECMWF_ERA5_Reanalysis
2018-10-04,27.5,23.0,24.6,32.4,27.2,29.2,14.5,10.0,32.4,102,9.41,977.4,loc_salem,11.6643,78.146,ECMWF_ERA5_Reanalysis
2018-10-05,28.3,22.7,25.1,31.0,26.5,28.9,7.8,19.3,45.7,100,11.41,977.6,loc_salem,11.6643,78.146,ECMWF_ERA5_Reanalysis
2018-10-06,28.0,23.3,25.2,31.2,27.1,29.2,2.5,16.0,45.4,102,12.64,977.6,loc_salem,11.6643,78.146,ECMWF_ERA5_Reanalysis
2018-10-07,31.4,22.5,26.4,36.9,27.1,31.0,1.3,10.0,29.9,101,19.56,977.2,loc_salem,11.6643,78.146,ECMWF_ERA5_Reanalysis
2018-10-08,29.0,22.8,25.6,34.6,27.5,30.5,19.8,10.2,27.7,196,15.76,977.1,loc_salem,11.6643,78.146,ECMWF_ERA5_Reanalysis
2018-10-09,32.1,23.1,26.9,37.3,27.0,30.6,0.4,13.3,32.4,305,20.27,976.4,loc_salem,11.6643,78.146,ECMWF_ERA5_Reanalysis
2018-10-10,31.4,22.7,27.0,35.1,26.5,30.4,0.0,13.4,32.0,317,21.72,975.7,loc_salem,11.6643,78.146,ECMWF_ERA5_Reanalysis
2018-10-11,33.0,21.8,27.3,36.7,25.1,30.8,0.0,8.4,23.0,248,23.22,975.8,loc_salem,11.6643,78.146,ECMWF_ERA5_Reanalysis
2018-10-12,32.6,22.4,27.8,37.7,26.2,31.2,0.0,10.8,26.3,179,21.35,976.9,loc_salem,11.6643,78.146,ECMWF_ERA5_Reanalysis
2018-10-13,32.1,23.6,27.9,37.4,27.9,31.9,0.4,10.1,26.3,168,19.95,978.6,loc_salem,11.6643,78.146,ECMWF_ERA5_Reanalysis
2018-10-14,30.5,24.0,27.0,35.6,28.4,31.4,3.5,13.0,29.2,166,15.44,979.7,loc_salem,11.6643,78.146,ECMWF_ERA5_Reanalysis
2018-10-15,30.7,23.3,26.7,36.6,27.8,31.0,8.6,13.8,33.5,115,16.3,979.8,loc_salem,11.6643,78.146,ECMWF_ERA5_Reanalysis
2018-10-16,29.2,23.0,25.6,33.9,25.8,29.9,17.6,13.8,29.9,138,14.99,980.5,loc_salem,11.6643,78.146,ECMWF_ERA5_Reanalysis
2018-10-17,29.9,21.9,25.2,34.9,25.9,29.5,11.0,8.9,23.8,46,16.57,980.0,loc_salem,11.6643,78.146,ECMWF_ERA5_Reanalysis
2018-10-18,30.7,22.5,26.4,35.2,26.8,30.4,0.9,12.4,27.7,68,18.78,979.2,loc_salem,11.6643,78.146,ECMWF_ERA5_Reanalysis
2018-10-19,29.9,22.4,25.7,35.1,26.8,30.3,6.8,9.7,23.8,103,16.15,979.4,loc_salem,11.6643,78.146,ECMWF_ERA5_Reanalysis
2018-10-20,31.0,22.6,26.3,35.6,27.2,30.6,1.0,10.2,23.4,190,21.08,980.0,loc_salem,11.6643,78.146,ECMWF_ERA5_Reanalysis
2018-10-21,29.5,21.9,25.3,33.7,25.4,29.3,6.1,8.6,28.1,70,17.4,980.3,loc_salem,11.6643,78.146,ECMWF_ERA5_Reanalysis
2018-10-22,30.1,22.2,25.6,36.2,25.6,29.9,3.5,11.9,28.8,118,18.68,980.2,loc_salem,11.6643,78.146,ECMWF_ERA5_Reanalysis
2018-10-23,32.2,21.1,25.8,36.1,23.5,28.5,0.0,7.6,19.4,55,22.14,980.1,loc_salem,11.6643,78.146,ECMWF_ERA5_Reanalysis
2018-10-24,32.0,19.1,25.5,34.7,21.9,28.2,0.0,11.8,30.6,97,21.83,979.6,loc_salem,11.6643,78.146,ECMWF_ERA5_Reanalysis
2018-10-25,32.4,20.5,25.9,35.1,24.0,28.8,0.0,13.9,33.5,87,22.66,980.6,loc_salem,11.6643,78.146,ECMWF_ERA5_Reanalysis
2018-10-26,32.5,20.0,26.0,34.2,23.2,28.5,0.0,14.4,35.6,73,20.53,980.9,loc_salem,11.6643,78.146,ECMWF_ERA5_Reanalysis
2018-10-27,33.2,19.3,26.2,35.0,22.4,28.3,0.0,14.8,36.0,53,22.25,980.4,loc_salem,11.6643,78.146,ECMWF_ERA5_Reanalysis
2018-10-28,33.6,19.4,26.6,34.8,21.6,28.0,0.0,10.3,29.9,42,23.53,979.1,loc_salem,11.6643,78.146,ECMWF_ERA5_Reanalysis
2018-10-29,34.2,21.3,27.2,34.3,23.5,27.9,0.0,15.5,38.2,9,20.7,977.8,loc_salem,11.6643,78.146,ECMWF_ERA5_Reanalysis
2018-10-30,35.1,21.4,28.7,37.3,22.3,30.2,0.0,14.4,33.5,50,22.93,977.1,loc_salem,11.6643,78.146,ECMWF_ERA5_Reanalysis
2018-10-31,35.7,24.1,29.5,38.5,27.0,32.4,1.0,13.7,34.6,47,20.68,977.2,loc_salem,11.6643,78.146,ECMWF_ERA5_Reanalysis
2018-11-01,28.2,23.7,25.4,32.4,28.4,30.0,8.9,12.1,32.8,109,8.32,977.9,loc_salem,11.6643,78.146,ECMWF_ERA5_Reanalysis
2018-11-02,28.7,22.8,25.3,31.8,27.7,29.4,5.8,12.7,35.6,101,10.73,978.5,loc_salem,11.6643,78.146,ECMWF_ERA5_Reanalysis
2018-11-03,29.8,22.7,25.5,32.3,26.8,28.8,1.0,18.1,45.7,99,15.4,979.3,loc_salem,11.6643,78.146,ECMWF_ERA5_Reanalysis
2018-11-04,31.6,22.4,26.5,34.5,26.8,29.9,0.7,14.0,37.4,94,18.3,979.7,loc_salem,11.6643,78.146,ECMWF_ERA5_Reanalysis
2018-11-05,32.6,22.6,27.0,35.5,26.1,29.9,0.0,12.5,30.2,94,19.17,979.5,loc_salem,11.6643,78.146,ECMWF_ERA5_Reanalysis
2018-11-06,31.0,22.1,26.6,32.5,25.5,29.2,1.2,13.2,31.0,110,13.29,980.1,loc_salem,11.6643,78.146,ECMWF_ERA5_Reanalysis
2018-11-07,32.0,23.5,27.1,34.7,26.7,29.9,0.1,11.5,26.3,77,19.01,980.1,loc_salem,11.6643,78.146,ECMWF_ERA5_Reanalysis
2018-11-08,31.8,20.1,25.3,34.5,23.5,28.2,2.3,18.0,40.7,97,15.79,979.3,loc_salem,11.6643,78.146,ECMWF_ERA5_Reanalysis
2018-11-09,33.9,22.1,27.1,35.5,25.8,29.8,0.2,16.0,40.0,86,19.97,978.5,loc_salem,11.6643,78.146,ECMWF_ERA5_Reanalysis
2018-11-10,34.4,20.4,27.3,36.0,23.7,29.4,0.0,18.8,44.6,72,21.29,978.9,loc_salem,11.6643,78.146,ECMWF_ERA5_Reanalysis
2018-11-11,34.4,21.5,27.6,34.6,24.4,28.9,0.0,12.5,29.2,82,21.68,979.8,loc_salem,11.6643,78.146,ECMWF_ERA5_Reanalysis
2018-11-12,34.9,21.6,28.2,34.9,23.9,29.6,0.0,14.8,33.1,46,19.56,978.7,loc_salem,11.6643,78.146,ECMWF_ERA5_Reanalysis
2018-11-13,34.7,22.2,28.4,36.0,25.6,30.2,0.0,14.8,34.2,95,20.18,977.4,loc_salem,11.6643,78.146,ECMWF_ERA5_Reanalysis
2018-11-14,35.9,23.0,29.0,37.5,25.7,30.0,0.0,15.9,36.0,57,22.4,977.1,loc_salem,11.6643,78.146,ECMWF_ERA5_Reanalysis
2018-11-15,35.2,21.3,27.9,36.1,22.1,29.6,1.5,15.8,42.1,12,18.45,977.4,loc_salem,11.6643,78.146,ECMWF_ERA5_Reanalysis
2018-11-16,26.3,23.3,24.9,28.7,26.6,27.5,10.3,29.6,69.1,64,7.59,977.7,loc_salem,11.6643,78.146,ECMWF_ERA5_Reanalysis
2018-11-17,31.3,22.5,26.5,34.6,26.0,29.6,1.7,14.2,34.2,101,17.72,979.2,loc_salem,11.6643,78.146,ECMWF_ERA5_Reanalysis
2018-11-18,32.5,23.4,27.1,35.1,27.4,30.4,3.2,16.5,39.2,101,18.9,979.5,loc_salem,11.6643,78.146,ECMWF_ERA5_Reanalysis
2018-11-19,31.0,22.3,26.5,33.9,26.8,30.1,3.4,15.5,40.0,94,15.84,980.4,loc_salem,11.6643,78.146,ECMWF_ERA5_Reanalysis
2018-11-20,31.2,22.5,26.7,33.2,26.6,29.8,0.1,11.4,38.5,47,13.54,980.4,loc_salem,11.6643,78.146,ECMWF_ERA5_Reanalysis
2018-11-21,31.8,22.9,26.1,32.6,24.7,27.8,7.0,18.8,58.3,347,13.42,979.2,loc_salem,11.6643,78.146,ECMWF_ERA5_Reanalysis
2018-11-22,29.3,22.5,24.7,31.7,25.5,28.1,6.3,16.3,40.0,68,11.77,979.4,loc_salem,11.6643,78.146,ECMWF_ERA5_Reanalysis
2018-11-23,28.5,22.4,24.6,31.6,26.8,28.3,3.2,18.4,42.8,91,12.28,981.9,loc_salem,11.6643,78.146,ECMWF_ERA5_Reanalysis
2018-11-24,30.6,22.2,25.5,34.3,26.4,29.4,2.2,12.4,28.8,116,13.27,982.8,loc_salem,11.6643,78.146,ECMWF_ERA5_Reanalysis
2018-11-25,29.4,21.5,25.3,32.6,25.0,28.5,1.1,12.7,29.2,104,15.18,982.0,loc_salem,11.6643,78.146,ECMWF_ERA5_Reanalysis
2018-11-26,31.2,20.5,25.0,33.1,23.4,27.0,0.0,17.1,39.6,104,17.31,980.7,loc_salem,11.6643,78.146,ECMWF_ERA5_Reanalysis
2018-11-27,29.5,19.1,24.1,31.2,21.0,25.5,0.0,11.4,28.1,91,21.01,981.2,loc_salem,11.6643,78.146,ECMWF_ERA5_Reanalysis
2018-11-28,30.4,17.4,24.4,32.1,19.1,26.1,0.0,16.1,37.1,96,18.1,981.1,loc_salem,11.6643,78.146,ECMWF_ERA5_Reanalysis
2018-11-29,28.2,22.6,24.2,30.8,26.2,28.1,4.1,13.2,37.4,87,7.46,982.1,loc_salem,11.6643,78.146,ECMWF_ERA5_Reanalysis
2018-11-30,30.8,21.6,25.6,33.8,25.5,28.6,0.0,14.4,33.8,106,14.62,982.1,loc_salem,11.6643,78.146,ECMWF_ERA5_Reanalysis
2018-12-01,29.7,21.9,25.5,32.5,24.0,27.5,0.0,13.4,32.0,97,13.32,980.4,loc_salem,11.6643,78.146,ECMWF_ERA5_Reanalysis
2018-12-02,32.0,18.6,24.7,33.6,20.9,26.6,0.0,16.8,38.5,111,19.56,978.7,loc_salem,11.6643,78.146,ECMWF_ERA5_Reanalysis
2018-12-03,32.7,20.6,26.1,34.6,23.8,28.3,0.0,16.4,41.8,99,17.89,979.1,loc_salem,11.6643,78.146,ECMWF_ERA5_Reanalysis
2018-12-04,28.5,23.2,25.1,32.8,26.8,28.8,4.4,12.7,39.6,114,10.13,980.0,loc_salem,11.6643,78.146,ECMWF_ERA5_Reanalysis
2018-12-05,30.5,22.4,25.6,33.9,26.9,29.3,5.4,14.9,36.7,101,15.51,979.7,loc_salem,11.6643,78.146,ECMWF_ERA5_Reanalysis
2018-12-06,30.9,22.3,26.1,33.9,26.5,29.4,2.7,12.6,33.1,100,16.71,978.8,loc_salem,11.6643,78.146,ECMWF_ERA5_Reanalysis
2018-12-07,32.2,21.0,26.1,34.0,24.9,28.9,0.2,15.5,37.4,97,16.87,979.2,loc_salem,11.6643,78.146,ECMWF_ERA5_Reanalysis
2018-12-08,32.3,21.0,26.1,33.5,24.5,28.7,0.1,14.4,32.8,90,16.06,980.2,loc_salem,11.6643,78.146,ECMWF_ERA5_Reanalysis
2018-12-09,32.2,20.7,25.9,33.8,23.9,28.1,0.0,16.7,39.6,103,19.09,980.0,loc_salem,11.6643,78.146,ECMWF_ERA5_Reanalysis
2018-12-10,32.7,20.4,25.6,34.5,23.4,27.8,0.0,13.4,33.5,95,19.27,979.7,loc_salem,11.6643,78.146,ECMWF_ERA5_Reanalysis
2018-12-11,33.4,20.3,26.3,35.3,23.0,28.4,0.0,16.7,37.8,99,18.9,979.8,loc_salem,11.6643,78.146,ECMWF_ERA5_Reanalysis
2018-12-12,33.2,21.0,26.6,35.4,24.5,28.8,0.1,15.3,37.8,100,16.78,980.5,loc_salem,11.6643,78.146,ECMWF_ERA5_Reanalysis
2018-12-13,32.2,22.6,26.8,33.6,25.4,29.1,0.0,15.7,38.2,98,14.9,981.0,loc_salem,11.6643,78.146,ECMWF_ERA5_Reanalysis
2018-12-14,33.6,21.0,26.7,35.1,24.4,28.5,0.0,16.3,38.2,80,20.5,980.4,loc_salem,11.6643,78.146,ECMWF_ERA5_Reanalysis
2018-12-15,32.7,19.8,26.2,34.0,22.2,27.7,0.0,13.4,33.8,44,17.93,980.3,loc_salem,11.6643,78.146,ECMWF_ERA5_Reanalysis
2018-12-16,29.5,20.8,25.2,28.8,21.1,25.2,0.0,18.1,45.0,352,9.93,979.7,loc_salem,11.6643,78.146,ECMWF_ERA5_Reanalysis
2018-12-17,33.9,20.0,26.8,34.9,20.7,26.8,0.0,14.5,36.7,352,20.22,979.2,loc_salem,11.6643,78.146,ECMWF_ERA5_Reanalysis
2018-12-18,34.4,20.5,27.1,35.0,22.3,28.0,0.0,25.4,60.5,73,20.55,980.0,loc_salem,11.6643,78.146,ECMWF_ERA5_Reanalysis
2018-12-19,29.7,22.2,25.6,30.6,23.1,27.3,0.4,20.4,47.5,104,10.42,980.9,loc_salem,11.6643,78.146,ECMWF_ERA5_Reanalysis
2018-12-20,33.8,19.3,25.6,34.0,21.8,26.8,0.0,20.3,45.7,103,18.19,981.0,loc_salem,11.6643,78.146,ECMWF_ERA5_Reanalysis
2018-12-21,33.9,20.3,26.7,35.4,22.8,28.4,0.0,16.3,38.5,88,16.99,980.1,loc_salem,11.6643,78.146,ECMWF_ERA5_Reanalysis
2018-12-22,32.0,21.4,25.7,34.1,24.3,28.1,0.4,19.0,51.1,104,11.24,980.2,loc_salem,11.6643,78.146,ECMWF_ERA5_Reanalysis
2018-12-23,30.3,22.7,25.2,33.1,26.6,28.5,1.5,13.2,34.6,92,11.71,980.8,loc_salem,11.6643,78.146,ECMWF_ERA5_Reanalysis
2018-12-24,30.1,21.4,25.1,33.0,25.1,28.4,0.6,14.3,32.4,102,12.79,981.1,loc_salem,11.6643,78.146,ECMWF_ERA5_Reanalysis
2018-12-25,31.1,20.5,25.2,33.7,23.7,27.6,0.0,13.7,33.8,101,19.67,981.0,loc_salem,11.6643,78.146,ECMWF_ERA5_Reanalysis
2018-12-26,31.4,19.9,25.2,33.9,22.8,27.2,0.0,13.8,33.5,100,20.38,980.9,loc_salem,11.6643,78.146,ECMWF_ERA5_Reanalysis
2018-12-27,32.5,20.2,26.1,34.8,22.4,27.9,0.0,14.4,33.5,71,19.41,980.0,loc_salem,11.6643,78.146,ECMWF_ERA5_Reanalysis
2018-12-28,29.3,22.2,25.1,30.8,24.6,27.0,0.2,18.6,42.1,97,11.53,979.6,loc_salem,11.6643,78.146,ECMWF_ERA5_Reanalysis
2018-12-29,28.7,22.0,23.9,29.8,24.6,26.2,3.4,17.0,42.8,89,6.52,981.4,loc_salem,11.6643,78.146,ECMWF_ERA5_Reanalysis
2018-12-30,29.2,21.6,25.0,29.5,22.6,26.3,0.9,19.3,43.9,84,14.1,983.1,loc_salem,11.6643,78.146,ECMWF_ERA5_Reanalysis
2018-12-31,30.0,18.7,24.3,31.2,20.5,25.3,0.0,21.6,49.7,75,17.78,984.1,loc_salem,11.6643,78.146,ECMWF_ERA5_Reanalysis
2019-01-01,30.6,16.8,23.3,31.2,18.0,23.6,0.0,17.3,41.0,76,21.39,984.4,loc_salem,11.6643,78.146,ECMWF_ERA5_Reanalysis
2019-01-02,28.9,15.0,21.9,29.6,15.8,22.5,0.0,12.3,34.6,75,20.87,984.8,loc_salem,11.6643,78.146,ECMWF_ERA5_Reanalysis
2019-01-03,31.1,16.2,23.4,31.1,17.4,23.9,0.0,12.4,28.8,86,21.45,985.1,loc_salem,11.6643,78.146,ECMWF_ERA5_Reanalysis
2019-01-04,30.5,16.1,22.8,30.7,17.2,23.4,0.0,13.8,34.2,86,21.15,984.5,loc_salem,11.6643,78.146,ECMWF_ERA5_Reanalysis
2019-01-05,30.4,15.3,22.9,31.4,16.2,23.6,0.0,14.5,32.8,85,20.97,983.1,loc_salem,11.6643,78.146,ECMWF_ERA5_Reanalysis
2019-01-06,31.2,17.0,23.9,32.2,18.5,24.6,0.0,18.0,40.7,86,21.41,981.6,loc_salem,11.6643,78.146,ECMWF_ERA5_Reanalysis
2019-01-07,31.4,16.8,24.1,32.4,18.3,24.9,0.0,14.4,37.1,82,21.43,980.8,loc_salem,11.6643,78.146,ECMWF_ERA5_Reanalysis
2019-01-08,32.5,18.3,25.0,31.6,19.8,25.3,0.0,17.4,40.7,77,21.58,981.1,loc_salem,11.6643,78.146,ECMWF_ERA5_Reanalysis
2019-01-09,32.7,17.3,24.5,31.9,18.2,24.0,0.0,17.7,40.7,86,22.04,981.1,loc_salem,11.6643,78.146,ECMWF_ERA5_Reanalysis
2019-01-10,32.6,17.3,24.3,32.1,17.6,24.0,0.0,19.2,43.6,84,21.93,981.0,loc_salem,11.6643,78.146,ECMWF_ERA5_Reanalysis
2019-01-11,32.5,16.8,24.5,34.2,18.7,25.2,0.0,22.0,49.0,81,21.55,981.8,loc_salem,11.6643,78.146,ECMWF_ERA5_Reanalysis
2019-01-12,32.1,18.4,24.6,33.4,19.5,25.5,0.0,20.5,47.5,82,21.06,981.8,loc_salem,11.6643,78.146,ECMWF_ERA5_Reanalysis
2019-01-13,32.3,17.8,24.4,32.9,19.2,25.1,0.0,16.7,39.6,93,20.44,981.9,loc_salem,11.6643,78.146,ECMWF_ERA5_Reanalysis
2019-01-14,32.4,17.7,24.6,34.6,19.6,25.5,0.0,22.7,51.1,85,21.27,981.0,loc_salem,11.6643,78.146,ECMWF_ERA5_Reanalysis
2019-01-15,33.0,16.9,24.4,32.9,18.5,24.6,0.0,13.0,43.6,74,21.84,981.5,loc_salem,11.6643,78.146,ECMWF_ERA5_Reanalysis
2019-01-16,33.0,16.0,24.1,32.0,17.1,24.1,0.0,18.4,43.2,83,22.3,981.7,loc_salem,11.6643,78.146,ECMWF_ERA5_Reanalysis
2019-01-17,32.1,17.3,24.3,33.0,18.3,25.0,0.0,20.6,46.1,87,21.84,980.9,loc_salem,11.6643,78.146,ECMWF_ERA5_Reanalysis
2019-01-18,32.0,18.8,24.9,33.2,21.0,25.8,0.0,18.6,45.0,86,20.65,980.8,loc_salem,11.6643,78.146,ECMWF_ERA5_Reanalysis
2019-01-19,32.3,17.2,24.4,32.7,18.9,25.2,0.0,17.2,40.7,89,22.21,981.7,loc_salem,11.6643,78.146,ECMWF_ERA5_Reanalysis
2019-01-20,32.2,16.6,23.9,31.8,18.1,24.2,0.0,12.5,32.4,90,21.41,982.7,loc_salem,11.6643,78.146,ECMWF_ERA5_Reanalysis
2019-01-21,32.1,16.8,24.0,31.0,18.7,24.1,0.0,17.1,38.2,102,21.38,981.7,loc_salem,11.6643,78.146,ECMWF_ERA5_Reanalysis
2019-01-22,32.1,17.8,24.5,34.0,19.4,25.4,0.0,21.0,46.8,91,22.16,981.5,loc_salem,11.6643,78.146,ECMWF_ERA5_Reanalysis
2019-01-23,32.9,19.3,25.5,35.2,21.5,26.6,0.0,20.5,48.2,93,21.95,980.9,loc_salem,11.6643,78.146,ECMWF_ERA5_Reanalysis
2019-01-24,33.8,20.4,26.3,35.1,22.5,27.4,0.0,25.8,58.0,93,21.6,981.4,loc_salem,11.6643,78.146,ECMWF_ERA5_Reanalysis
2019-01-25,33.0,21.4,26.8,33.1,23.0,27.7,0.0,19.9,55.4,115,17.02,981.1,loc_salem,11.6643,78.146,ECMWF_ERA5_Reanalysis
2019-01-26,32.4,22.4,27.1,33.6,25.1,28.7,0.2,22.0,50.4,101,16.55,980.9,loc_salem,11.6643,78.146,ECMWF_ERA5_Reanalysis
2019-01-27,30.4,23.2,26.2,32.0,24.6,28.0,1.5,20.3,47.5,104,14.3,981.5,loc_salem,11.6643,78.146,ECMWF_ERA5_Reanalysis
2019-01-28,31.5,22.4,26.2,32.5,24.7,27.9,2.6,19.9,48.2,99,15.46,981.8,loc_salem,11.6643,78.146,ECMWF_ERA5_Reanalysis
2019-01-29,30.3,21.4,25.2,32.6,24.3,27.2,4.0,17.3,41.4,87,16.21,982.3,loc_salem,11.6643,78.146,ECMWF_ERA5_Reanalysis
2019-01-30,31.4,19.6,25.3,33.0,21.9,26.4,0.0,20.3,47.2,91,18.26,982.4,loc_salem,11.6643,78.146,ECMWF_ERA5_Reanalysis
2019-01-31,30.9,19.8,25.2,30.9,21.7,25.8,0.0,22.0,50.0,93,17.01,982.0,loc_salem,11.6643,78.146,ECMWF_ERA5_Reanalysis
2019-02-01,31.3,20.0,25.4,32.6,21.8,26.2,0.0,22.9,53.3,85,17.78,981.7,loc_salem,11.6643,78.146,ECMWF_ERA5_Reanalysis
2019-02-02,32.3,19.1,25.5,34.2,21.3,26.6,0.0,24.5,56.5,86,19.89,980.9,loc_salem,11.6643,78.146,ECMWF_ERA5_Reanalysis
2019-02-03,33.8,19.6,26.4,35.1,21.8,27.2,0.0,23.2,54.4,95,22.01,981.6,loc_salem,11.6643,78.146,ECMWF_ERA5_Reanalysis
2019-02-04,34.6,19.9,26.3,36.0,21.9,27.7,0.0,24.5,56.2,97,20.93,983.1,loc_salem,11.6643,78.146,ECMWF_ERA5_Reanalysis
2019-02-05,34.8,22.0,27.6,36.2,24.9,29.4,0.0,19.5,44.6,86,20.6,982.7,loc_salem,11.6643,78.146,ECMWF_ERA5_Reanalysis
2019-02-06,34.8,21.8,27.6,35.6,24.1,28.3,0.0,21.8,49.3,101,22.54,980.9,loc_salem,11.6643,78.146,ECMWF_ERA5_Reanalysis
2019-02-07,34.3,22.0,27.9,35.4,23.6,28.6,0.0,21.1,47.9,100,22.58,980.6,loc_salem,11.6643,78.146,ECMWF_ERA5_Reanalysis
2019-02-08,35.7,22.2,28.6,37.9,24.2,30.3,0.0,17.0,42.8,114,21.84,980.7,loc_salem,11.6643,78.146,ECMWF_ERA5_Reanalysis
2019-02-09,35.5,23.6,28.9,37.3,27.5,31.0,0.0,19.1,45.0,108,20.07,980.8,loc_salem,11.6643,78.146,ECMWF_ERA5_Reanalysis
2019-02-10,35.5,23.9,28.8,36.6,26.8,30.8,2.3,19.9,47.5,100,20.03,982.0,loc_salem,11.6643,78.146,ECMWF_ERA5_Reanalysis
2019-02-11,34.1,23.0,27.9,34.6,25.8,29.2,0.1,17.0,43.2,98,20.64,982.7,loc_salem,11.6643,78.146,ECMWF_ERA5_Reanalysis
2019-02-12,35.4,20.9,27.1,34.4,23.6,27.9,0.0,24.1,58.0,91,21.81,983.5,loc_salem,11.6643,78.146,ECMWF_ERA5_Reanalysis
2019-02-13,34.1,19.7,27.0,34.7,22.1,27.9,0.0,19.4,44.3,92,23.09,984.0,loc_salem,11.6643,78.146,ECMWF_ERA5_Reanalysis
2019-02-14,34.7,20.5,27.2,34.4,22.8,28.1,0.0,21.4,49.7,102,20.03,981.6,loc_salem,11.6643,78.146,ECMWF_ERA5_Reanalysis
2019-02-15,34.0,22.7,27.9,36.6,25.3,30.0,0.3,20.5,45.7,103,20.07,981.6,loc_salem,11.6643,78.146,ECMWF_ERA5_Reanalysis
2019-02-16,35.8,23.6,29.3,39.4,26.2,31.7,0.6,14.8,39.6,101,21.44,981.1,loc_salem,11.6643,78.146,ECMWF_ERA5_Reanalysis
2019-02-17,36.4,24.8,30.4,38.0,28.5,32.7,0.1,12.7,31.7,185,20.37,979.7,loc_salem,11.6643,78.146,ECMWF_ERA5_Reanalysis
2019-02-18,37.0,24.9,30.4,39.1,29.2,33.1,0.0,21.0,55.1,120,21.23,978.2,loc_salem,11.6643,78.146,ECMWF_ERA5_Reanalysis
2019-02-19,35.2,25.5,29.9,37.1,27.3,32.1,1.4,23.9,54.4,104,20.3,979.4,loc_salem,11.6643,78.146,ECMWF_ERA5_Reanalysis
2019-02-20,35.4,23.7,28.8,36.3,26.0,30.2,0.0,20.2,49.3,98,22.28,982.2,loc_salem,11.6643,78.146,ECMWF_ERA5_Reanalysis
2019-02-21,35.7,20.8,28.0,35.1,24.0,28.9,0.0,18.9,47.2,87,24.02,983.6,loc_salem,11.6643,78.146,ECMWF_ERA5_Reanalysis
2019-02-22,36.2,18.9,27.3,34.2,21.2,27.0,0.0,18.0,45.0,94,25.22,981.9,loc_salem,11.6643,78.146,ECMWF_ERA5_Reanalysis
2019-02-23,37.5,18.7,28.0,35.1,17.7,26.1,0.0,20.2,49.0,96,25.38,980.0,loc_salem,11.6643,78.146,ECMWF_ERA5_Reanalysis
2019-02-24,37.8,19.8,28.8,35.8,19.1,27.5,0.0,18.4,45.4,94,25.34,978.9,loc_salem,11.6643,78.146,ECMWF_ERA5_Reanalysis
2019-02-25,38.0,20.2,28.6,36.5,21.8,28.7,0.0,23.2,52.2,97,25.35,978.1,loc_salem,11.6643,78.146,ECMWF_ERA5_Reanalysis
2019-02-26,37.7,22.0,29.7,39.1,24.8,31.1,0.0,20.4,46.4,121,23.85,977.1,loc_salem,11.6643,78.146,ECMWF_ERA5_Reanalysis
2019-02-27,36.6,24.8,30.3,38.7,27.0,32.2,0.1,16.8,40.0,165,20.84,976.7,loc_salem,11.6643,78.146,ECMWF_ERA5_Reanalysis
2019-02-28,36.9,25.4,30.6,38.2,28.1,32.3,0.1,16.7,39.2,153,20.16,977.2,loc_salem,11.6643,78.146,ECMWF_ERA5_Reanalysis
2019-03-01,37.4,24.4,30.0,39.1,27.8,32.3,0.1,28.7,65.5,113,21.56,977.4,loc_salem,11.6643,78.146,ECMWF_ERA5_Reanalysis
2019-03-02,36.3,24.4,29.2,36.4,26.2,30.6,0.0,23.3,53.6,105,20.82,978.7,loc_salem,11.6643,78.146,ECMWF_ERA5_Reanalysis
2019-03-03,37.5,23.1,29.3,39.4,25.1,30.8,0.0,23.7,52.9,95,22.67,978.5,loc_salem,11.6643,78.146,ECMWF_ERA5_Reanalysis
2019-03-04,36.7,23.3,29.9,39.3,25.9,31.9,0.0,13.7,41.0,116,22.62,977.6,loc_salem,11.6643,78.146,ECMWF_ERA5_Reanalysis
2019-03-05,37.5,25.4,31.6,39.9,27.4,33.4,0.1,10.8,29.9,165,22.99,977.0,loc_salem,11.6643,78.146,ECMWF_ERA5_Reanalysis
2019-03-06,38.8,26.0,32.7,41.5,28.3,34.6,0.0,12.2,33.5,167,21.6,976.8,loc_salem,11.6643,78.146,ECMWF_ERA5_Reanalysis
2019-03-07,39.9,27.5,33.2,42.0,29.4,34.7,0.0,14.8,34.9,176,23.74,976.5,loc_salem,11.6643,78.146,ECMWF_ERA5_Reanalysis
2019-03-08,38.4,26.4,32.4,40.5,28.2,33.8,0.0,17.6,42.1,161,22.64,977.9,loc_salem,11.6643,78.146,ECMWF_ERA5_Reanalysis
2019-03-09,35.5,26.0,30.7,38.0,28.7,33.1,1.6,18.9,42.1,142,19.79,980.1,loc_salem,11.6643,78.146,ECMWF_ERA5_Reanalysis
2019-03-10,37.2,24.6,30.7,39.4,29.2,33.0,1.7,24.3,54.7,122,22.14,980.4,loc_salem,11.6643,78.146,ECMWF_ERA5_Reanalysis
2019-03-11,37.4,24.7,30.6,38.2,27.3,31.5,0.0,19.2,45.0,107,25.13,981.0,loc_salem,11.6643,78.146,ECMWF_ERA5_Reanalysis
2019-03-12,37.7,22.8,30.2,37.1,25.0,30.1,0.0,19.9,49.7,105,25.77,981.2,loc_salem,11.6643,78.146,ECMWF_ERA5_Reanalysis
2019-03-13,37.2,22.1,30.0,36.4,21.9,29.1,0.0,18.8,44.6,97,25.82,981.4,loc_salem,11.6643,78.146,ECMWF_ERA5_Reanalysis
2019-03-14,37.3,20.8,29.6,35.8,23.1,29.0,0.0,19.8,49.3,100,24.78,981.2,loc_salem,11.6643,78.146,ECMWF_ERA5_Reanalysis
2019-03-15,37.1,23.9,30.4,35.8,23.2,28.7,0.0,19.4,45.0,99,25.75,980.8,loc_salem,11.6643,78.146,ECMWF_ERA5_Reanalysis
2019-03-16,36.1,21.5,28.7,35.7,23.0,28.6,0.0,19.8,44.3,100,25.62,980.7,loc_salem,11.6643,78.146,ECMWF_ERA5_Reanalysis
2019-03-17,36.4,21.6,28.7,37.6,22.4,29.0,0.0,24.2,55.1,105,25.7,980.4,loc_salem,11.6643,78.146,ECMWF_ERA5_Reanalysis
2019-03-18,37.1,22.0,29.3,39.7,25.2,30.9,0.0,29.5,64.4,111,25.57,980.1,loc_salem,11.6643,78.146,ECMWF_ERA5_Reanalysis
2019-03-19,37.8,23.9,30.2,40.0,26.0,31.8,0.0,24.3,58.3,116,25.04,978.6,loc_salem,11.6643,78.146,ECMWF_ERA5_Reanalysis
2019-03-20,38.3,24.0,30.4,40.1,26.1,31.1,0.0,27.9,62.6,116,24.85,978.4,loc_salem,11.6643,78.146,ECMWF_ERA5_Reanalysis
2019-03-21,38.5,23.2,30.4,39.4,24.7,31.0,0.0,26.1,60.1,116,25.97,979.3,loc_salem,11.6643,78.146,ECMWF_ERA5_Reanalysis
2019-03-22,38.6,24.1,30.9,40.7,26.9,32.6,0.0,20.3,46.8,117,25.29,979.9,loc_salem,11.6643,78.146,ECMWF_ERA5_Reanalysis
2019-03-23,38.9,25.1,31.7,40.9,28.7,33.7,0.0,19.1,44.6,123,23.73,979.3,loc_salem,11.6643,78.146,ECMWF_ERA5_Reanalysis
2019-03-24,39.9,25.9,32.3,40.9,28.1,33.2,0.0,19.8,48.6,117,24.9,978.4,loc_salem,11.6643,78.146,ECMWF_ERA5_Reanalysis
2019-03-25,39.0,24.9,31.5,38.6,27.7,32.4,0.0,22.2,50.4,105,25.78,978.4,loc_salem,11.6643,78.146,ECMWF_ERA5_Reanalysis
2019-03-26,38.0,23.6,30.9,38.1,25.1,31.0,0.0,21.5,49.3,110,26.13,979.8,loc_salem,11.6643,78.146,ECMWF_ERA5_Reanalysis
2019-03-27,39.1,23.2,30.9,38.6,23.3,30.4,0.0,15.4,36.4,118,25.75,980.9,loc_salem,11.6643,78.146,ECMWF_ERA5_Reanalysis
2019-03-28,40.6,23.6,31.7,41.7,26.3,32.1,0.0,17.8,43.9,108,26.37,979.9,loc_salem,11.6643,78.146,ECMWF_ERA5_Reanalysis
2019-03-29,40.4,23.9,32.3,41.5,24.8,32.1,0.0,21.6,51.1,129,25.95,978.1,loc_salem,11.6643,78.146,ECMWF_ERA5_Reanalysis
2019-03-30,40.0,24.9,32.3,41.0,24.4,31.9,0.0,17.2,43.9,135,26.09,978.0,loc_salem,11.6643,78.146,ECMWF_ERA5_Reanalysis
2019-03-31,40.3,25.8,32.5,41.1,25.6,32.3,0.0,22.2,51.5,136,24.97,978.4,loc_salem,11.6643,78.146,ECMWF_ERA5_Reanalysis
2019-04-01,40.8,25.9,32.8,40.8,27.2,33.1,0.0,19.5,47.2,130,25.14,978.4,loc_salem,11.6643,78.146,ECMWF_ERA5_Reanalysis
2019-04-02,39.5,25.3,32.3,39.6,27.0,33.2,0.0,18.6,43.9,126,23.03,978.1,loc_salem,11.6643,78.146,ECMWF_ERA5_Reanalysis
2019-04-03,39.1,26.0,31.9,40.3,28.1,32.7,0.0,19.1,47.2,114,24.3,978.2,loc_salem,11.6643,78.146,ECMWF_ERA5_Reanalysis
2019-04-04,38.5,24.5,31.2,40.1,26.5,32.0,0.0,19.6,47.2,111,25.27,979.7,loc_salem,11.6643,78.146,ECMWF_ERA5_Reanalysis
2019-04-05,39.7,24.0,31.7,40.5,26.4,32.7,0.0,21.7,50.0,111,26.1,979.5,loc_salem,11.6643,78.146,ECMWF_ERA5_Reanalysis
2019-04-06,40.0,24.2,32.1,40.6,27.9,33.0,0.0,20.0,49.3,108,25.33,978.8,loc_salem,11.6643,78.146,ECMWF_ERA5_Reanalysis
2019-04-07,40.0,24.2,32.4,40.4,26.9,33.3,0.0,22.0,51.1,125,25.28,977.8,loc_salem,11.6643,78.146,ECMWF_ERA5_Reanalysis
2019-04-08,39.4,26.0,32.7,40.6,28.2,34.0,0.0,19.2,42.8,122,24.19,977.2,loc_salem,11.6643,78.146,ECMWF_ERA5_Reanalysis
2019-04-09,39.9,27.9,33.3,42.4,30.9,35.4,0.0,18.3,45.4,138,21.43,977.4,loc_salem,11.6643,78.146,ECMWF_ERA5_Reanalysis
2019-04-10,40.0,28.0,33.5,41.4,31.2,34.8,0.0,20.9,47.2,114,24.69,977.9,loc_salem,11.6643,78.146,ECMWF_ERA5_Reanalysis
2019-04-11,40.4,26.4,33.0,41.8,29.7,34.4,0.0,19.4,44.3,115,24.52,977.5,loc_salem,11.6643,78.146,ECMWF_ERA5_Reanalysis
2019-04-12,40.4,26.6,33.3,40.4,29.6,34.2,0.0,22.4,52.6,115,24.42,976.8,loc_salem,11.6643,78.146,ECMWF_ERA5_Reanalysis
2019-04-13,40.1,25.8,32.9,40.8,28.7,33.7,0.0,23.1,51.5,109,26.22,977.3,loc_salem,11.6643,78.146,ECMWF_ERA5_Reanalysis
2019-04-14,40.2,25.4,32.4,40.8,28.5,33.2,0.0,21.3,51.1,112,26.35,977.6,loc_salem,11.6643,78.146,ECMWF_ERA5_Reanalysis
2019-04-15,39.5,25.5,32.4,41.3,28.2,33.7,0.0,25.2,56.9,140,26.18,977.6,loc_salem,11.6643,78.146,ECMWF_ERA5_Reanalysis
2019-04-16,40.4,25.5,33.0,42.4,28.5,34.8,0.0,20.7,52.2,146,25.89,977.0,loc_salem,11.6643,78.146,ECMWF_ERA5_Reanalysis
2019-04-17,40.3,28.1,33.2,43.2,32.1,35.9,0.0,18.4,42.8,167,22.29,977.8,loc_salem,11.6643,78.146,ECMWF_ERA5_Reanalysis
2019-04-18,39.9,27.4,32.7,41.6,30.9,35.2,1.4,17.1,47.5,118,22.4,977.2,loc_salem,11.6643,78.146,ECMWF_ERA5_Reanalysis
2019-04-19,37.9,24.9,30.5,41.3,28.7,34.1,10.5,19.2,44.3,147,20.84,977.0,loc_salem,11.6643,78.146,ECMWF_ERA5_Reanalysis
2019-04-20,36.2,24.6,29.3,40.1,29.5,33.5,9.6,13.3,41.0,139,21.81,975.8,loc_salem,11.6643,78.146,ECMWF_ERA5_Reanalysis
2019-04-21,34.5,23.7,28.5,38.5,28.3,32.4,4.5,11.8,26.3,184,16.98,975.4,loc_salem,11.6643,78.146,ECMWF_ERA5_Reanalysis
2019-04-22,35.8,25.7,29.8,41.0,28.6,33.3,1.3,20.5,49.3,108,22.33,975.1,loc_salem,11.6643,78.146,ECMWF_ERA5_Reanalysis
2019-04-23,34.9,24.3,29.3,39.7,28.2,33.3,0.2,12.2,27.4,118,21.99,976.6,loc_salem,11.6643,78.146,ECMWF_ERA5_Reanalysis
2019-04-24,37.5,26.1,31.2,41.4,29.3,34.1,0.0,19.6,44.3,117,23.02,977.2,loc_salem,11.6643,78.146,ECMWF_ERA5_Reanalysis
2019-04-25,38.0,24.2,31.1,40.5,28.2,33.4,0.0,15.5,39.6,115,24.53,977.1,loc_salem,11.6643,78.146,ECMWF_ERA5_Reanalysis
2019-04-26,40.6,25.4,32.4,41.6,29.7,34.7,0.0,21.3,49.0,114,22.96,975.9,loc_salem,11.6643,78.146,ECMWF_ERA5_Reanalysis
2019-04-27,41.1,26.8,33.1,41.6,31.2,35.2,0.0,21.2,46.8,113,22.36,975.2,loc_salem,11.6643,78.146,ECMWF_ERA5_Reanalysis
2019-04-28,40.0,26.6,33.1,42.3,30.3,35.0,0.0,18.9,45.4,113,23.16,975.4,loc_salem,11.6643,78.146,ECMWF_ERA5_Reanalysis
2019-04-29,37.7,27.3,32.5,41.4,30.9,35.3,0.0,11.3,39.6,132,16.25,975.5,loc_salem,11.6643,78.146,ECMWF_ERA5_Reanalysis
2019-04-30,40.2,26.4,33.4,43.0,31.1,36.4,1.0,12.0,32.8,297,21.12,974.4,loc_salem,11.6643,78.146,ECMWF_ERA5_Reanalysis
2019-05-01,37.0,28.4,31.6,39.4,32.7,34.7,2.8,20.2,49.7,268,15.07,973.9,loc_salem,11.6643,78.146,ECMWF_ERA5_Reanalysis
2019-05-02,40.8,26.3,32.7,42.5,31.4,35.5,0.0,18.9,43.6,243,21.62,973.4,loc_salem,11.6643,78.146,ECMWF_ERA5_Reanalysis
2019-05-03,40.4,26.4,32.7,43.2,30.4,35.1,0.0,17.6,45.7,233,22.74,974.9,loc_salem,11.6643,78.146,ECMWF_ERA5_Reanalysis
2019-05-04,39.7,26.4,32.6,43.1,30.2,35.2,0.0,15.5,36.0,217,20.2,976.8,loc_salem,11.6643,78.146,ECMWF_ERA5_Reanalysis
2019-05-05,39.9,26.9,33.3,43.9,31.1,35.9,0.0,13.7,34.2,201,21.24,977.7,loc_salem,11.6643,78.146,ECMWF_ERA5_Reanalysis
2019-05-06,40.2,28.7,34.1,43.7,32.2,36.4,0.0,18.5,43.6,203,21.1,976.3,loc_salem,11.6643,78.146,ECMWF_ERA5_Reanalysis
2019-05-07,40.5,28.4,32.1,43.4,32.4,35.6,2.5,28.4,65.2,215,19.96,976.5,loc_salem,11.6643,78.146,ECMWF_ERA5_Reanalysis
2019-05-08,36.0,26.5,31.3,38.1,30.6,34.3,0.1,16.6,41.8,323,17.54,976.9,loc_salem,11.6643,78.146,ECMWF_ERA5_Reanalysis
2019-05-09,39.2,26.1,31.2,42.1,30.7,35.0,7.0,12.2,34.9,284,21.23,975.6,loc_salem,11.6643,78.146,ECMWF_ERA5_Reanalysis
2019-05-10,40.0,26.5,33.3,43.2,30.6,35.8,0.0,17.7,40.7,196,20.24,975.2,loc_salem,11.6643,78.146,ECMWF_ERA5_Reanalysis
2019-05-11,39.3,27.4,33.1,42.8,32.1,36.6,0.3,11.9,27.0,200,21.23,976.6,loc_salem,11.6643,78.146,ECMWF_ERA5_Reanalysis
2019-05-12,38.6,28.1,32.8,42.7,32.6,35.8,0.6,25.1,56.9,304,20.1,975.9,loc_salem,11.6643,78.146,ECMWF_ERA5_Reanalysis
2019-05-13,38.9,27.3,30.7,43.0,30.9,34.8,5.6,26.1,57.2,180,19.22,975.6,loc_salem,11.6643,78.146,ECMWF_ERA5_Reanalysis
2019-05-14,38.5,27.5,31.6,41.4,31.8,35.4,0.2,10.2,46.8,332,17.83,975.6,loc_salem,11.6643,78.146,ECMWF_ERA5_Reanalysis
2019-05-15,39.4,27.5,31.1,42.5,32.1,35.1,0.5,25.0,58.0,306,19.92,976.4,loc_salem,11.6643,78.146,ECMWF_ERA5_Reanalysis
2019-05-16,38.5,25.8,32.1,43.0,30.3,36.1,0.3,9.2,27.4,339,23.1,976.9,loc_salem,11.6643,78.146,ECMWF_ERA5_Reanalysis
2019-05-17,38.4,27.6,32.2,42.7,32.1,36.2,0.6,14.5,36.4,331,21.51,976.9,loc_salem,11.6643,78.146,ECMWF_ERA5_Reanalysis
2019-05-18,39.3,26.6,32.8,43.7,30.6,36.0,0.0,11.9,27.7,122,22.97,975.7,loc_salem,11.6643,78.146,ECMWF_ERA5_Reanalysis
2019-05-19,40.4,27.7,33.7,43.4,32.3,36.2,0.0,14.8,33.8,137,23.47,975.7,loc_salem,11.6643,78.146,ECMWF_ERA5_Reanalysis
2019-05-20,40.5,28.0,33.6,42.1,31.5,35.8,0.0,14.1,34.6,123,23.34,976.3,loc_salem,11.6643,78.146,ECMWF_ERA5_Reanalysis
2019-05-21,40.4,27.6,33.7,42.1,30.5,35.5,0.0,13.6,32.8,139,23.25,976.3,loc_salem,11.6643,78.146,ECMWF_ERA5_Reanalysis
2019-05-22,39.5,28.0,33.8,43.0,32.3,36.6,0.0,12.3,31.7,127,22.26,975.8,loc_salem,11.6643,78.146,ECMWF_ERA5_Reanalysis
2019-05-23,39.7,28.8,33.7,43.1,32.8,36.8,0.0,12.5,44.3,153,21.93,975.6,loc_salem,11.6643,78.146,ECMWF_ERA5_Reanalysis
2019-05-24,40.1,27.8,33.4,43.7,31.8,36.9,0.1,12.0,31.0,197,22.28,975.9,loc_salem,11.6643,78.146,ECMWF_ERA5_Reanalysis
2019-05-25,40.3,27.7,32.8,45.2,31.7,36.1,0.2,15.7,41.0,288,22.52,975.5,loc_salem,11.6643,78.146,ECMWF_ERA5_Reanalysis
2019-05-26,39.9,27.0,33.0,44.3,31.0,36.8,0.2,14.7,35.3,229,23.35,974.3,loc_salem,11.6643,78.146,ECMWF_ERA5_Reanalysis
2019-05-27,41.1,26.9,34.1,44.6,30.5,37.1,0.0,13.0,32.0,353,23.26,973.6,loc_salem,11.6643,78.146,ECMWF_ERA5_Reanalysis
2019-05-28,39.3,28.3,32.9,44.5,31.2,36.5,2.0,21.3,50.4,348,21.84,973.9,loc_salem,11.6643,78.146,ECMWF_ERA5_Reanalysis
2019-05-29,39.2,27.4,32.2,43.4,30.8,35.8,3.3,14.0,36.0,336,21.88,973.5,loc_salem,11.6643,78.146,ECMWF_ERA5_Reanalysis
2019-05-30,38.5,26.3,31.6,43.0,31.7,36.2,6.8,15.0,33.5,243,21.03,973.5,loc_salem,11.6643,78.146,ECMWF_ERA5_Reanalysis
2019-05-31,36.7,25.6,30.6,40.5,31.1,34.9,0.2,16.4,44.6,239,22.41,974.1,loc_salem,11.6643,78.146,ECMWF_ERA5_Reanalysis
2019-06-01,37.6,26.3,31.4,41.4,30.8,35.1,0.1,15.9,35.6,317,23.39,974.5,loc_salem,11.6643,78.146,ECMWF_ERA5_Reanalysis
2019-06-02,37.0,26.9,31.1,41.3,30.8,35.1,0.8,15.2,36.4,242,20.89,974.6,loc_salem,11.6643,78.146,ECMWF_ERA5_Reanalysis
2019-06-03,35.1,26.0,30.1,39.6,32.0,34.7,3.1,13.6,38.2,306,19.44,974.7,loc_salem,11.6643,78.146,ECMWF_ERA5_Reanalysis
2019-06-04,36.9,26.1,30.7,42.5,30.9,35.4,3.2,12.7,27.7,249,21.65,974.1,loc_salem,11.6643,78.146,ECMWF_ERA5_Reanalysis
2019-06-05,33.8,24.2,28.1,39.8,29.2,33.2,22.2,16.3,41.8,182,20.03,974.4,loc_salem,11.6643,78.146,ECMWF_ERA5_Reanalysis
2019-06-06,35.0,25.4,29.9,40.4,31.1,34.9,0.1,10.8,28.1,209,21.62,973.9,loc_salem,11.6643,78.146,ECMWF_ERA5_Reanalysis
2019-06-07,36.5,26.4,30.9,42.3,31.3,35.5,1.0,13.5,35.3,172,23.02,974.3,loc_salem,11.6643,78.146,ECMWF_ERA5_Reanalysis
2019-06-08,37.1,25.8,31.4,41.8,30.2,35.4,0.0,11.8,38.2,281,21.96,974.3,loc_salem,11.6643,78.146,ECMWF_ERA5_Reanalysis
2019-06-09,37.8,25.9,30.5,41.7,29.7,34.0,6.0,16.1,40.7,206,22.6,974.2,loc_salem,11.6643,78.146,ECMWF_ERA5_Reanalysis
2019-06-10,33.5,25.5,28.9,35.0,29.2,31.5,0.7,25.8,58.7,230,17.83,974.1,loc_salem,11.6643,78.146,ECMWF_ERA5_Reanalysis
2019-06-11,34.2,25.2,28.9,36.2,29.1,31.7,0.4,25.9,63.4,219,20.72,974.0,loc_salem,11.6643,78.146,ECMWF_ERA5_Reanalysis
2019-06-12,33.1,25.6,28.7,34.9,29.7,31.8,0.4,18.9,44.3,224,12.6,974.5,loc_salem,11.6643,78.146,ECMWF_ERA5_Reanalysis
2019-06-13,33.6,24.6,28.4,37.0,29.0,32.4,2.3,12.5,36.4,204,15.79,975.3,loc_salem,11.6643,78.146,ECMWF_ERA5_Reanalysis
2019-06-14,34.1,24.3,28.2,38.9,28.9,32.3,0.3,15.9,39.6,202,14.36,975.4,loc_salem,11.6643,78.146,ECMWF_ERA5_Reanalysis
2019-06-15,36.9,24.4,30.4,41.4,29.0,34.4,0.0,12.2,31.7,224,23.46,975.3,loc_salem,11.6643,78.146,ECMWF_ERA5_Reanalysis
2019-06-16,37.8,24.8,31.0,41.3,29.7,34.8,0.0,14.9,33.1,248,23.13,975.8,loc_salem,11.6643,78.146,ECMWF_ERA5_Reanalysis
2019-06-17,38.8,25.6,31.5,40.6,30.2,34.4,0.0,15.2,40.7,269,22.58,976.0,loc_salem,11.6643,78.146,ECMWF_ERA5_Reanalysis
2019-06-18,36.6,26.0,30.9,38.8,31.1,33.8,0.2,13.5,38.9,230,18.46,975.2,loc_salem,11.6643,78.146,ECMWF_ERA5_Reanalysis
2019-06-19,37.6,25.0,30.1,41.6,29.5,33.8,2.0,19.5,45.0,237,22.22,973.9,loc_salem,11.6643,78.146,ECMWF_ERA5_Reanalysis
2019-06-20,38.2,25.1,30.3,40.6,29.8,33.7,0.6,17.1,57.6,267,22.24,974.2,loc_salem,11.6643,78.146,ECMWF_ERA5_Reanalysis
2019-06-21,36.2,24.5,29.1,39.0,29.3,32.9,4.1,14.5,38.9,240,18.27,974.0,loc_salem,11.6643,78.146,ECMWF_ERA5_Reanalysis
2019-06-22,36.3,24.5,29.1,38.4,29.0,32.4,2.7,19.1,52.9,238,17.76,973.5,loc_salem,11.6643,78.146,ECMWF_ERA5_Reanalysis
2019-06-23,35.5,24.3,28.9,38.7,28.7,32.5,0.2,15.9,39.2,211,14.31,972.7,loc_salem,11.6643,78.146,ECMWF_ERA5_Reanalysis
2019-06-24,37.5,25.1,30.1,40.7,30.1,34.2,0.8,12.1,33.8,210,20.48,973.5,loc_salem,11.6643,78.146,ECMWF_ERA5_Reanalysis
2019-06-25,37.2,25.4,30.4,40.5,30.2,34.1,0.7,15.3,48.6,230,19.98,974.7,loc_salem,11.6643,78.146,ECMWF_ERA5_Reanalysis
2019-06-26,33.8,25.8,29.4,35.9,30.0,32.7,0.0,15.2,44.3,225,14.34,975.4,loc_salem,11.6643,78.146,ECMWF_ERA5_Reanalysis
2019-06-27,37.5,24.7,30.6,40.2,29.3,33.5,0.1,20.3,52.9,237,20.39,974.6,loc_salem,11.6643,78.146,ECMWF_ERA5_Reanalysis
2019-06-28,39.0,24.4,31.2,39.0,28.2,33.0,0.0,22.0,53.3,274,21.21,974.5,loc_salem,11.6643,78.146,ECMWF_ERA5_Reanalysis
2019-06-29,40.1,25.1,31.2,39.4,28.1,33.2,0.0,21.1,50.4,247,23.12,974.5,loc_salem,11.6643,78.146,ECMWF_ERA5_Reanalysis
2019-06-30,36.0,25.1,29.9,36.0,29.0,32.3,0.5,19.3,45.4,251,14.67,974.5,loc_salem,11.6643,78.146,ECMWF_ERA5_Reanalysis
2019-07-01,36.9,25.3,30.7,39.2,29.5,33.4,0.0,17.8,43.2,235,21.36,973.3,loc_salem,11.6643,78.146,ECMWF_ERA5_Reanalysis
2019-07-02,37.0,25.3,30.0,39.3,29.7,33.0,0.6,21.1,50.8,220,19.41,973.6,loc_salem,11.6643,78.146,ECMWF_ERA5_Reanalysis
2019-07-03,37.2,24.7,30.4,39.7,28.5,33.3,0.2,16.8,42.5,221,20.97,974.7,loc_salem,11.6643,78.146,ECMWF_ERA5_Reanalysis
2019-07-04,37.4,25.2,29.9,40.1,29.2,33.1,0.7,15.5,47.9,218,20.06,975.0,loc_salem,11.6643,78.146,ECMWF_ERA5_Reanalysis
2019-07-05,35.4,24.6,29.2,38.0,29.0,32.3,2.1,19.0,46.1,227,17.67,974.1,loc_salem,11.6643,78.146,ECMWF_ERA5_Reanalysis
2019-07-06,36.8,24.3,29.7,39.0,27.9,32.4,0.3,16.2,41.4,218,19.53,974.4,loc_salem,11.6643,78.146,ECMWF_ERA5_Reanalysis
2019-07-07,35.7,25.1,29.2,36.6,28.9,31.7,1.0,18.1,43.6,213,15.23,975.3,loc_salem,11.6643,78.146,ECMWF_ERA5_Reanalysis
2019-07-08,37.8,23.3,30.4,39.7,27.1,32.8,0.2,17.1,44.3,246,20.43,976.0,loc_salem,11.6643,78.146,ECMWF_ERA5_Reanalysis
2019-07-09,36.6,24.9,28.8,40.4,28.8,32.4,2.2,20.2,47.2,222,16.92,975.9,loc_salem,11.6643,78.146,ECMWF_ERA5_Reanalysis
2019-07-10,32.8,23.7,27.7,35.2,27.7,30.9,0.6,16.2,38.9,256,13.52,976.2,loc_salem,11.6643,78.146,ECMWF_ERA5_Reanalysis
2019-07-11,33.2,23.6,28.3,37.2,27.0,31.5,0.4,13.9,43.6,302,16.26,976.9,loc_salem,11.6643,78.146,ECMWF_ERA5_Reanalysis
2019-07-12,35.7,24.7,30.2,38.3,28.4,33.0,0.1,15.3,37.8,283,22.08,977.4,loc_salem,11.6643,78.146,ECMWF_ERA5_Reanalysis
2019-07-13,36.4,25.4,30.3,40.0,29.8,33.7,0.2,12.7,37.1,266,21.65,977.6,loc_salem,11.6643,78.146,ECMWF_ERA5_Reanalysis
2019-07-14,35.9,24.4,28.3,39.0,29.2,32.5,5.6,16.2,41.8,247,21.46,977.1,loc_salem,11.6643,78.146,ECMWF_ERA5_Reanalysis
2019-07-15,35.5,23.5,27.6,40.9,28.4,32.4,5.9,18.7,43.9,249,20.22,975.6,loc_salem,11.6643,78.146,ECMWF_ERA5_Reanalysis
2019-07-16,34.5,23.4,28.4,38.3,27.8,32.3,0.5,17.6,40.3,253,20.23,975.4,loc_salem,11.6643,78.146,ECMWF_ERA5_Reanalysis
2019-07-17,34.3,24.8,28.9,37.7,29.1,32.3,4.9,13.5,36.0,298,20.8,974.4,loc_salem,11.6643,78.146,ECMWF_ERA5_Reanalysis
2019-07-18,35.2,23.5,28.2,38.6,28.6,32.4,2.8,13.2,40.0,252,20.06,972.8,loc_salem,11.6643,78.146,ECMWF_ERA5_Reanalysis
2019-07-19,30.4,23.6,26.6,33.5,28.4,30.6,5.8,12.6,45.7,257,11.08,972.4,loc_salem,11.6643,78.146,ECMWF_ERA5_Reanalysis
2019-07-20,31.8,22.7,26.8,34.8,27.1,30.2,1.7,15.9,45.7,238,16.38,972.8,loc_salem,11.6643,78.146,ECMWF_ERA5_Reanalysis
2019-07-21,32.3,23.3,26.7,36.1,27.5,30.7,3.4,11.2,34.9,211,14.41,973.2,loc_salem,11.6643,78.146,ECMWF_ERA5_Reanalysis
2019-07-22,28.9,23.3,25.5,33.2,27.5,29.8,3.1,9.6,44.3,218,9.31,973.6,loc_salem,11.6643,78.146,ECMWF_ERA5_Reanalysis
2019-07-23,30.4,22.1,25.5,33.6,26.3,29.8,3.2,8.1,20.9,234,11.14,974.2,loc_salem,11.6643,78.146,ECMWF_ERA5_Reanalysis
2019-07-24,33.8,23.1,27.3,37.8,27.3,31.6,3.7,18.4,42.5,231,21.09,975.1,loc_salem,11.6643,78.146,ECMWF_ERA5_Reanalysis
2019-07-25,32.3,23.1,27.0,36.3,27.9,31.5,6.2,14.8,39.6,245,16.08,976.5,loc_salem,11.6643,78.146,ECMWF_ERA5_Reanalysis
2019-07-26,31.7,23.5,26.8,35.3,28.2,30.9,0.3,7.7,37.1,270,13.03,976.3,loc_salem,11.6643,78.146,ECMWF_ERA5_Reanalysis
2019-07-27,32.0,23.3,27.4,34.8,27.8,31.3,0.2,10.1,41.0,260,14.21,975.7,loc_salem,11.6643,78.146,ECMWF_ERA5_Reanalysis
2019-07-28,33.9,22.6,27.9,37.3,26.8,31.4,0.5,11.6,35.3,244,18.93,975.4,loc_salem,11.6643,78.146,ECMWF_ERA5_Reanalysis
2019-07-29,34.6,23.4,28.7,36.5,27.5,31.7,0.0,15.9,43.6,253,19.07,975.7,loc_salem,11.6643,78.146,ECMWF_ERA5_Reanalysis
2019-07-30,36.2,23.6,29.4,38.0,27.6,31.8,0.0,16.9,41.8,285,20.02,976.7,loc_salem,11.6643,78.146,ECMWF_ERA5_Reanalysis
2019-07-31,35.6,24.2,30.1,40.4,27.6,32.5,0.1,14.7,34.9,279,19.64,977.1,loc_salem,11.6643,78.146,ECMWF_ERA5_Reanalysis
2019-08-01,37.0,24.7,30.5,39.5,27.6,32.5,0.0,16.2,39.6,266,21.29,976.8,loc_salem,11.6643,78.146,ECMWF_ERA5_Reanalysis
2019-08-02,35.1,24.3,29.3,35.7,27.8,31.1,0.1,18.1,45.7,252,14.54,976.5,loc_salem,11.6643,78.146,ECMWF_ERA5_Reanalysis
2019-08-03,34.3,24.6,28.9,35.6,28.5,31.1,0.2,16.3,43.9,227,15.74,976.6,loc_salem,11.6643,78.146,ECMWF_ERA5_Reanalysis
2019-08-04,36.8,24.2,29.3,38.8,28.0,31.8,0.3,18.4,42.5,230,21.32,976.0,loc_salem,11.6643,78.146,ECMWF_ERA5_Reanalysis
2019-08-05,34.3,24.8,28.2,35.9,28.0,30.7,0.5,19.3,52.2,232,13.81,975.2,loc_salem,11.6643,78.146,ECMWF_ERA5_Reanalysis
2019-08-06,33.4,24.3,28.0,35.2,27.4,30.4,1.5,16.6,49.7,237,14.57,974.7,loc_salem,11.6643,78.146,ECMWF_ERA5_Reanalysis
2019-08-07,33.4,23.8,27.2,35.5,27.7,30.7,2.3,20.5,55.8,226,17.64,974.0,loc_salem,11.6643,78.146,ECMWF_ERA5_Reanalysis
2019-08-08,33.5,23.1,26.6,36.1,26.4,30.3,12.4,17.6,58.3,217,16.87,973.7,loc_salem,11.6643,78.146,ECMWF_ERA5_Reanalysis
2019-08-09,31.4,22.8,25.6,33.5,26.6,29.1,3.4,19.4,47.2,222,10.02,975.0,loc_salem,11.6643,78.146,ECMWF_ERA5_Reanalysis
2019-08-10,29.3,22.6,25.4,32.3,26.6,29.5,7.0,13.1,60.1,231,8.96,975.6,loc_salem,11.6643,78.146,ECMWF_ERA5_Reanalysis
2019-08-11,35.5,23.3,28.2,35.9,28.2,31.1,3.5,24.3,59.0,295,20.77,974.9,loc_salem,11.6643,78.146,ECMWF_ERA5_Reanalysis
2019-08-12,34.8,24.0,28.7,37.0,27.4,31.5,0.5,20.2,52.2,298,19.96,974.7,loc_salem,11.6643,78.146,ECMWF_ERA5_Reanalysis
2019-08-13,33.7,23.5,26.8,39.7,28.0,31.3,7.5,19.2,45.0,289,18.99,975.1,loc_salem,11.6643,78.146,ECMWF_ERA5_Reanalysis
2019-08-14,32.4,23.7,26.4,37.1,28.7,31.1,4.2,15.6,39.2,244,14.44,976.4,loc_salem,11.6643,78.146,ECMWF_ERA5_Reanalysis
2019-08-15,33.0,23.4,27.2,38.0,28.1,31.7,2.7,13.7,43.2,275,16.4,976.9,loc_salem,11.6643,78.146,ECMWF_ERA5_Reanalysis
2019-08-16,32.4,23.7,27.5,36.1,28.3,31.7,14.0,14.3,39.6,286,14.55,976.4,loc_salem,11.6643,78.146,ECMWF_ERA5_Reanalysis
2019-08-17,26.6,23.7,24.9,31.7,27.9,29.7,22.2,13.1,31.7,344,6.39,976.0,loc_salem,11.6643,78.146,ECMWF_ERA5_Reanalysis
2019-08-18,28.4,23.0,25.0,33.1,27.5,30.1,23.2,6.0,30.2,310,10.18,976.8,loc_salem,11.6643,78.146,ECMWF_ERA5_Reanalysis
2019-08-19,31.4,23.0,26.4,35.7,27.8,31.1,18.0,9.3,24.8,273,19.05,977.0,loc_salem,11.6643,78.146,ECMWF_ERA5_Reanalysis
2019-08-20,31.0,23.0,26.4,37.7,27.6,31.6,14.9,9.2,32.4,277,18.14,976.8,loc_salem,11.6643,78.146,ECMWF_ERA5_Reanalysis
2019-08-21,30.1,23.3,26.1,35.8,27.8,31.0,14.2,12.3,33.8,241,18.01,976.3,loc_salem,11.6643,78.146,ECMWF_ERA5_Reanalysis
2019-08-22,27.3,23.4,25.1,31.9,28.2,29.8,0.9,6.5,24.1,226,7.28,976.2,loc_salem,11.6643,78.146,ECMWF_ERA5_Reanalysis
2019-08-23,30.2,22.5,25.6,36.2,26.8,30.0,1.9,12.1,31.3,241,14.32,976.6,loc_salem,11.6643,78.146,ECMWF_ERA5_Reanalysis
2019-08-24,31.4,21.8,25.9,37.8,25.7,30.4,0.6,10.3,35.6,226,19.69,976.7,loc_salem,11.6643,78.146,ECMWF_ERA5_Reanalysis
2019-08-25,31.5,22.5,26.1,36.3,26.8,30.2,2.0,14.5,36.0,218,16.66,976.3,loc_salem,11.6643,78.146,ECMWF_ERA5_Reanalysis
2019-08-26,31.4,23.0,26.3,36.7,26.6,30.1,3.3,14.3,33.5,211,17.36,976.1,loc_salem,11.6643,78.146,ECMWF_ERA5_Reanalysis
2019-08-27,29.9,23.3,26.1,32.8,26.9,29.0,0.2,21.1,48.6,215,11.53,975.5,loc_salem,11.6643,78.146,ECMWF_ERA5_Reanalysis
2019-08-28,31.4,22.5,27.0,35.7,26.5,30.9,0.0,12.0,36.4,196,18.22,975.8,loc_salem,11.6643,78.146,ECMWF_ERA5_Reanalysis
2019-08-29,32.3,23.0,26.7,38.2,27.4,31.5,12.1,9.9,29.9,208,18.81,975.7,loc_salem,11.6643,78.146,ECMWF_ERA5_Reanalysis
2019-08-30,33.0,22.6,27.3,39.0,26.9,31.7,0.3,9.9,41.8,226,21.8,974.1,loc_salem,11.6643,78.146,ECMWF_ERA5_Reanalysis
2019-08-31,32.4,23.0,27.3,37.4,27.5,31.4,1.3,10.9,39.2,230,18.46,973.4,loc_salem,11.6643,78.146,ECMWF_ERA5_Reanalysis
2019-09-01,33.3,23.4,26.6,37.9,27.4,30.8,2.5,8.3,32.8,207,14.63,974.8,loc_salem,11.6643,78.146,ECMWF_ERA5_Reanalysis
2019-09-02,32.8,23.5,26.8,36.9,28.1,31.3,5.9,14.3,39.2,223,19.39,976.1,loc_salem,11.6643,78.146,ECMWF_ERA5_Reanalysis
2019-09-03,32.3,23.0,26.4,37.3,27.3,31.0,2.6,6.7,42.8,209,17.59,975.5,loc_salem,11.6643,78.146,ECMWF_ERA5_Reanalysis
2019-09-04,32.0,23.0,26.7,36.2,27.4,30.5,1.0,12.2,40.3,211,16.23,974.9,loc_salem,11.6643,78.146,ECMWF_ERA5_Reanalysis
2019-09-05,32.9,22.9,27.2,36.5,27.1,31.0,0.5,17.8,46.1,226,20.13,974.9,loc_salem,11.6643,78.146,ECMWF_ERA5_Reanalysis
2019-09-06,34.0,22.7,28.0,36.9,26.8,31.3,2.3,17.0,43.6,267,21.28,974.6,loc_salem,11.6643,78.146,ECMWF_ERA5_Reanalysis
2019-09-07,33.4,23.0,27.7,36.3,27.2,31.0,0.9,15.2,41.8,252,20.25,975.6,loc_salem,11.6643,78.146,ECMWF_ERA5_Reanalysis
2019-09-08,35.4,22.8,28.0,38.4,26.7,31.5,1.4,19.5,45.4,265,19.72,976.5,loc_salem,11.6643,78.146,ECMWF_ERA5_Reanalysis
2019-09-09,35.7,23.3,28.4,38.5,27.8,32.5,0.4,14.1,37.8,258,20.89,976.1,loc_salem,11.6643,78.146,ECMWF_ERA5_Reanalysis
2019-09-10,34.9,24.4,28.9,39.1,28.9,32.8,3.3,11.1,34.9,238,20.81,975.8,loc_salem,11.6643,78.146,ECMWF_ERA5_Reanalysis
2019-09-11,33.0,23.5,27.1,37.3,28.3,31.7,6.8,8.4,29.2,216,16.48,977.0,loc_salem,11.6643,78.146,ECMWF_ERA5_Reanalysis
2019-09-12,31.0,24.0,26.3,35.7,29.1,31.3,12.5,9.7,32.0,208,13.99,978.1,loc_salem,11.6643,78.146,ECMWF_ERA5_Reanalysis
2019-09-13,31.1,23.1,26.7,35.1,27.8,31.1,3.8,13.8,34.2,213,14.52,978.6,loc_salem,11.6643,78.146,ECMWF_ERA5_Reanalysis
2019-09-14,33.1,23.2,27.6,38.2,27.7,32.1,4.8,12.6,31.3,236,19.8,977.9,loc_salem,11.6643,78.146,ECMWF_ERA5_Reanalysis
2019-09-15,31.8,22.9,26.9,37.6,27.0,31.3,11.3,14.0,37.4,296,19.41,977.4,loc_salem,11.6643,78.146,ECMWF_ERA5_Reanalysis
2019-09-16,29.8,23.2,26.2,35.8,28.1,31.1,3.3,8.7,32.8,301,14.49,976.2,loc_salem,11.6643,78.146,ECMWF_ERA5_Reanalysis
2019-09-17,28.9,23.1,25.1,32.8,28.0,29.9,13.6,6.6,20.2,297,6.68,975.2,loc_salem,11.6643,78.146,ECMWF_ERA5_Reanalysis
2019-09-18,30.0,23.4,26.2,35.2,28.3,31.0,14.3,12.5,28.4,204,14.67,975.3,loc_salem,11.6643,78.146,ECMWF_ERA5_Reanalysis
2019-09-19,28.8,23.8,25.5,34.6,28.6,30.6,15.9,8.4,26.3,149,12.04,976.1,loc_salem,11.6643,78.146,ECMWF_ERA5_Reanalysis
2019-09-20,30.0,23.4,26.5,36.5,28.1,31.3,1.2,7.9,21.2,154,14.31,976.3,loc_salem,11.6643,78.146,ECMWF_ERA5_Reanalysis
2019-09-21,32.5,23.6,27.6,37.8,28.3,32.5,3.8,8.7,22.7,124,23.36,975.6,loc_salem,11.6643,78.146,ECMWF_ERA5_Reanalysis
2019-09-22,30.7,23.9,27.0,35.9,28.0,31.6,13.2,13.8,35.6,325,18.28,976.1,loc_salem,11.6643,78.146,ECMWF_ERA5_Reanalysis
2019-09-23,30.4,23.5,26.4,35.9,27.7,31.4,15.3,8.7,25.2,311,15.18,976.6,loc_salem,11.6643,78.146,ECMWF_ERA5_Reanalysis
2019-09-24,29.4,23.3,26.0,34.5,27.9,30.6,32.6,9.9,27.0,245,16.1,976.0,loc_salem,11.6643,78.146,ECMWF_ERA5_Reanalysis
2019-09-25,30.5,23.4,25.9,36.3,28.1,30.6,10.0,13.0,36.4,130,17.41,976.8,loc_salem,11.6643,78.146,ECMWF_ERA5_Reanalysis
2019-09-26,29.5,23.3,25.9,34.1,27.4,29.9,2.2,13.2,32.4,148,10.41,980.0,loc_salem,11.6643,78.146,ECMWF_ERA5_Reanalysis
2019-09-27,30.4,23.4,26.6,35.7,27.9,31.1,4.0,13.9,31.7,116,20.54,981.6,loc_salem,11.6643,78.146,ECMWF_ERA5_Reanalysis
2019-09-28,31.7,22.3,27.1,36.1,26.8,30.9,0.4,17.6,40.3,105,21.53,980.6,loc_salem,11.6643,78.146,ECMWF_ERA5_Reanalysis
2019-09-29,31.1,23.2,27.0,35.0,27.6,30.6,0.1,16.8,38.9,107,21.13,980.6,loc_salem,11.6643,78.146,ECMWF_ERA5_Reanalysis
2019-09-30,31.1,23.2,26.2,36.1,27.1,30.1,2.1,15.7,38.9,116,18.27,980.2,loc_salem,11.6643,78.146,ECMWF_ERA5_Reanalysis
2019-10-01,30.8,23.2,26.6,36.5,27.5,31.3,4.4,11.5,23.8,144,19.76,979.7,loc_salem,11.6643,78.146,ECMWF_ERA5_Reanalysis
2019-10-02,32.8,22.5,27.6,38.6,26.1,31.9,0.7,21.3,48.2,81,23.69,979.3,loc_salem,11.6643,78.146,ECMWF_ERA5_Reanalysis
2019-10-03,32.4,23.8,27.8,37.2,28.7,32.0,2.2,11.9,40.7,141,21.91,978.8,loc_salem,11.6643,78.146,ECMWF_ERA5_Reanalysis
2019-10-04,32.3,23.7,27.6,37.9,27.9,31.8,3.7,12.9,27.0,84,21.48,978.5,loc_salem,11.6643,78.146,ECMWF_ERA5_Reanalysis
2019-10-05,32.0,23.2,27.4,36.5,27.7,31.7,3.2,9.7,29.2,130,21.01,977.9,loc_salem,11.6643,78.146,ECMWF_ERA5_Reanalysis
2019-10-06,31.5,22.8,27.0,36.5,27.4,31.2,2.6,6.6,19.4,97,19.4,978.3,loc_salem,11.6643,78.146,ECMWF_ERA5_Reanalysis
2019-10-07,31.1,23.7,27.0,35.9,27.8,31.2,4.5,12.6,26.3,54,19.14,978.4,loc_salem,11.6643,78.146,ECMWF_ERA5_Reanalysis
2019-10-08,32.2,22.8,27.3,37.0,26.9,31.6,3.0,8.4,24.5,332,21.02,978.0,loc_salem,11.6643,78.146,ECMWF_ERA5_Reanalysis
2019-10-09,32.6,23.2,27.9,37.2,27.1,31.8,0.9,12.8,33.5,138,20.36,977.7,loc_salem,11.6643,78.146,ECMWF_ERA5_Reanalysis
2019-10-10,31.4,23.4,27.5,35.9,28.1,31.6,1.5,7.7,25.6,147,19.43,978.1,loc_salem,11.6643,78.146,ECMWF_ERA5_Reanalysis
2019-10-11,33.4,23.9,28.6,36.7,27.4,32.1,0.4,9.8,27.0,115,20.73,977.7,loc_salem,11.6643,78.146,ECMWF_ERA5_Reanalysis
2019-10-12,32.5,24.1,27.7,37.8,28.3,31.9,7.9,12.7,32.8,116,19.58,978.1,loc_salem,11.6643,78.146,ECMWF_ERA5_Reanalysis
2019-10-13,32.6,22.8,27.0,37.0,27.7,31.5,5.6,10.8,28.4,111,19.31,978.6,loc_salem,11.6643,78.146,ECMWF_ERA5_Reanalysis
2019-10-14,32.1,22.5,27.1,37.6,27.0,31.3,2.2,11.8,28.1,101,18.76,978.8,loc_salem,11.6643,78.146,ECMWF_ERA5_Reanalysis
2019-10-15,30.0,22.8,25.8,35.7,27.4,30.6,5.9,9.2,34.6,70,15.34,978.4,loc_salem,11.6643,78.146,ECMWF_ERA5_Reanalysis
2019-10-16,30.1,23.2,25.4,33.8,27.9,29.9,15.1,15.0,35.3,111,12.42,978.0,loc_salem,11.6643,78.146,ECMWF_ERA5_Reanalysis
2019-10-17,28.4,22.5,24.7,32.6,25.7,28.8,10.8,15.1,35.6,101,9.14,978.5,loc_salem,11.6643,78.146,ECMWF_ERA5_Reanalysis
2019-10-18,30.3,23.0,25.9,36.0,27.2,29.9,5.3,15.3,41.8,111,17.88,978.4,loc_salem,11.6643,78.146,ECMWF_ERA5_Reanalysis
2019-10-19,30.4,22.7,26.0,35.0,27.0,30.1,0.6,14.7,37.8,102,17.44,978.9,loc_salem,11.6643,78.146,ECMWF_ERA5_Reanalysis
2019-10-20,29.5,22.7,25.8,34.9,27.7,30.3,6.0,15.2,38.2,96,16.74,978.4,loc_salem,11.6643,78.146,ECMWF_ERA5_Reanalysis
2019-10-21,27.1,22.7,24.6,32.6,27.2,29.6,9.1,5.4,18.0,45,8.54,977.7,loc_salem,11.6643,78.146,ECMWF_ERA5_Reanalysis
2019-10-22,28.4,22.5,24.9,32.7,26.6,29.2,5.9,12.5,39.2,300,10.7,976.9,loc_salem,11.6643,78.146,ECMWF_ERA5_Reanalysis
2019-10-23,29.0,22.4,25.5,34.0,26.9,30.4,8.4,7.1,23.0,195,11.25,976.3,loc_salem,11.6643,78.146,ECMWF_ERA5_Reanalysis
2019-10-24,28.3,22.8,25.1,31.3,27.2,29.1,0.3,13.2,32.0,177,9.42,977.4,loc_salem,11.6643,78.146,ECMWF_ERA5_Reanalysis
2019-10-25,29.1,21.6,24.8,32.6,24.0,28.0,0.8,10.0,38.9,170,8.86,977.8,loc_salem,11.6643,78.146,ECMWF_ERA5_Reanalysis
2019-10-26,30.3,22.0,25.6,35.2,25.3,29.6,3.3,10.5,41.0,183,16.68,978.5,loc_salem,11.6643,78.146,ECMWF_ERA5_Reanalysis
2019-10-27,31.1,22.9,25.6,37.0,26.4,29.8,11.0,11.5,27.4,99,15.41,978.6,loc_salem,11.6643,78.146,ECMWF_ERA5_Reanalysis
2019-10-28,30.1,21.8,25.7,36.3,25.9,30.0,1.3,13.8,40.0,105,18.43,978.7,loc_salem,11.6643,78.146,ECMWF_ERA5_Reanalysis
2019-10-29,29.1,21.6,24.5,33.9,25.8,28.6,6.7,13.7,40.7,100,11.97,978.3,loc_salem,11.6643,78.146,ECMWF_ERA5_Reanalysis
2019-10-30,26.4,22.5,24.0,29.3,25.6,27.1,28.2,19.7,46.8,98,10.41,978.1,loc_salem,11.6643,78.146,ECMWF_ERA5_Reanalysis
2019-10-31,28.1,22.7,24.4,30.9,25.5,27.8,8.1,15.6,41.8,139,9.75,978.5,loc_salem,11.6643,78.146,ECMWF_ERA5_Reanalysis
2019-11-01,30.2,21.6,25.9,35.4,25.2,29.7,0.0,16.2,35.6,108,21.65,978.6,loc_salem,11.6643,78.146,ECMWF_ERA5_Reanalysis
2019-11-02,30.8,22.7,26.3,35.6,27.0,30.4,0.9,12.6,32.8,84,19.32,979.2,loc_salem,11.6643,78.146,ECMWF_ERA5_Reanalysis
2019-11-03,30.2,22.6,26.3,35.4,26.7,30.5,3.6,12.4,28.4,79,19.24,980.6,loc_salem,11.6643,78.146,ECMWF_ERA5_Reanalysis
2019-11-04,31.6,21.7,26.2,36.3,24.0,30.1,2.4,9.7,29.2,129,20.83,980.7,loc_salem,11.6643,78.146,ECMWF_ERA5_Reanalysis
2019-11-05,32.8,21.0,26.9,37.3,23.1,29.7,0.1,11.9,32.4,61,21.16,978.8,loc_salem,11.6643,78.146,ECMWF_ERA5_Reanalysis
2019-11-06,31.4,23.1,27.0,36.4,27.2,31.0,3.1,13.4,29.2,35,19.39,977.4,loc_salem,11.6643,78.146,ECMWF_ERA5_Reanalysis
2019-11-07,31.0,22.7,26.3,36.7,26.5,31.0,17.6,7.2,20.9,338,19.65,977.4,loc_salem,11.6643,78.146,ECMWF_ERA5_Reanalysis
2019-11-08,29.8,22.4,25.7,34.2,27.0,30.3,14.5,9.7,25.6,333,16.03,978.1,loc_salem,11.6643,78.146,ECMWF_ERA5_Reanalysis
2019-11-09,29.8,22.7,25.7,35.8,26.0,30.0,23.9,15.0,35.6,13,18.35,978.4,loc_salem,11.6643,78.146,ECMWF_ERA5_Reanalysis
2019-11-10,28.9,22.2,25.5,34.6,26.5,30.4,9.2,9.9,32.8,359,16.1,978.3,loc_salem,11.6643,78.146,ECMWF_ERA5_Reanalysis
2019-11-11,28.2,22.6,25.2,34.1,27.0,29.7,8.1,13.0,32.8,71,15.28,978.4,loc_salem,11.6643,78.146,ECMWF_ERA5_Reanalysis
2019-11-12,30.5,21.3,25.8,34.7,24.9,29.3,0.2,13.3,31.3,93,18.03,979.1,loc_salem,11.6643,78.146,ECMWF_ERA5_Reanalysis
2019-11-13,30.9,20.4,25.4,34.0,23.9,28.5,0.1,13.0,31.7,88,19.12,979.8,loc_salem,11.6643,78.146,ECMWF_ERA5_Reanalysis
2019-11-14,29.8,20.3,25.2,33.1,23.7,28.7,0.8,13.6,32.4,95,16.41,979.5,loc_salem,11.6643,78.146,ECMWF_ERA5_Reanalysis
2019-11-15,30.7,22.4,25.9,34.5,26.8,29.8,1.3,16.7,38.5,97,17.25,979.4,loc_salem,11.6643,78.146,ECMWF_ERA5_Reanalysis
2019-11-16,28.4,22.2,25.4,32.7,26.4,29.8,3.7,9.5,25.6,103,14.96,979.6,loc_salem,11.6643,78.146,ECMWF_ERA5_Reanalysis
2019-11-17,30.8,22.1,26.2,35.4,26.4,30.4,0.5,11.6,26.6,77,17.85,979.6,loc_salem,11.6643,78.146,ECMWF_ERA5_Reanalysis
2019-11-18,30.2,21.8,25.9,33.6,25.4,29.5,0.8,13.8,36.0,99,16.62,979.6,loc_salem,11.6643,78.146,ECMWF_ERA5_Reanalysis
2019-11-19,30.8,22.5,26.5,35.1,26.9,30.4,0.9,13.6,33.1,94,17.27,979.4,loc_salem,11.6643,78.146,ECMWF_ERA5_Reanalysis
2019-11-20,29.1,23.0,25.7,33.1,27.2,30.0,3.8,10.4,32.0,83,13.22,978.8,loc_salem,11.6643,78.146,ECMWF_ERA5_Reanalysis
2019-11-21,30.3,22.2,25.4,34.4,26.2,29.4,4.9,13.7,36.0,91,16.3,979.7,loc_salem,11.6643,78.146,ECMWF_ERA5_Reanalysis
2019-11-22,29.7,21.2,24.8,32.8,25.2,28.5,2.5,13.8,40.3,83,14.86,980.7,loc_salem,11.6643,78.146,ECMWF_ERA5_Reanalysis
2019-11-23,30.3,21.0,25.2,33.2,24.7,28.5,0.7,15.8,38.2,81,17.12,980.6,loc_salem,11.6643,78.146,ECMWF_ERA5_Reanalysis
2019-11-24,31.0,19.7,25.2,33.0,22.9,28.2,0.4,13.3,30.6,88,14.88,979.9,loc_salem,11.6643,78.146,ECMWF_ERA5_Reanalysis
2019-11-25,30.3,21.4,25.3,32.7,25.2,28.4,0.5,19.1,44.3,87,16.37,979.6,loc_salem,11.6643,78.146,ECMWF_ERA5_Reanalysis
2019-11-26,30.9,19.4,25.1,31.7,22.2,27.6,0.0,15.5,37.4,84,14.86,978.8,loc_salem,11.6643,78.146,ECMWF_ERA5_Reanalysis
2019-11-27,31.3,21.9,25.9,33.5,26.2,29.6,1.4,17.0,40.7,91,16.92,978.6,loc_salem,11.6643,78.146,ECMWF_ERA5_Reanalysis
2019-11-28,28.2,22.3,24.8,30.8,26.9,28.8,1.9,13.3,35.3,103,7.55,979.4,loc_salem,11.6643,78.146,ECMWF_ERA5_Reanalysis
2019-11-29,29.7,22.1,25.7,32.9,26.4,29.7,4.0,13.4,41.8,91,13.62,979.3,loc_salem,11.6643,78.146,ECMWF_ERA5_Reanalysis
2019-11-30,29.5,21.5,24.7,34.2,25.4,29.0,7.7,16.2,41.8,85,10.95,979.1,loc_salem,11.6643,78.146,ECMWF_ERA5_Reanalysis
2019-12-01,25.9,22.8,23.8,29.7,26.2,28.0,27.7,16.7,39.6,99,4.83,978.9,loc_salem,11.6643,78.146,ECMWF_ERA5_Reanalysis
2019-12-02,28.2,22.0,24.6,32.2,26.1,28.7,2.4,13.3,33.1,95,13.63,979.8,loc_salem,11.6643,78.146,ECMWF_ERA5_Reanalysis
2019-12-03,27.4,21.3,24.1,31.8,25.1,28.5,14.0,10.6,31.3,91,9.9,979.9,loc_salem,11.6643,78.146,ECMWF_ERA5_Reanalysis
2019-12-04,29.1,20.7,24.4,31.5,24.6,27.8,0.8,16.2,42.8,69,14.71,980.7,loc_salem,11.6643,78.146,ECMWF_ERA5_Reanalysis
2019-12-05,28.7,19.3,23.7,30.7,22.0,26.4,0.3,10.2,25.2,52,14.65,982.0,loc_salem,11.6643,78.146,ECMWF_ERA5_Reanalysis
2019-12-06,29.1,19.1,23.5,30.6,21.7,26.0,0.0,10.2,24.8,49,14.26,981.6,loc_salem,11.6643,78.146,ECMWF_ERA5_Reanalysis
2019-12-07,28.6,18.9,23.5,31.2,20.8,26.2,0.8,18.5,42.1,94,14.87,980.9,loc_salem,11.6643,78.146,ECMWF_ERA5_Reanalysis
2019-12-08,28.9,20.8,24.3,31.0,23.9,27.5,0.7,15.0,36.7,93,16.24,981.4,loc_salem,11.6643,78.146,ECMWF_ERA5_Reanalysis
2019-12-09,29.4,19.2,24.0,30.5,22.0,26.3,0.0,13.6,32.4,90,15.19,981.2,loc_salem,11.6643,78.146,ECMWF_ERA5_Reanalysis
2019-12-10,29.2,18.0,23.9,31.4,20.5,26.3,0.0,13.8,32.0,93,16.07,980.1,loc_salem,11.6643,78.146,ECMWF_ERA5_Reanalysis
2019-12-11,30.8,19.4,24.7,34.2,22.1,27.2,0.0,13.7,31.7,86,19.63,979.1,loc_salem,11.6643,78.146,ECMWF_ERA5_Reanalysis
2019-12-12,30.3,19.3,24.6,33.0,21.9,26.9,0.0,18.1,41.4,96,17.41,979.3,loc_salem,11.6643,78.146,ECMWF_ERA5_Reanalysis
2019-12-13,29.4,19.7,24.3,32.7,22.6,27.3,1.2,14.1,35.3,91,13.81,980.2,loc_salem,11.6643,78.146,ECMWF_ERA5_Reanalysis
2019-12-14,27.5,21.9,24.2,30.5,25.7,27.9,4.6,18.4,44.3,94,11.55,981.5,loc_salem,11.6643,78.146,ECMWF_ERA5_Reanalysis
2019-12-15,30.8,19.7,24.7,33.1,22.7,27.3,0.0,14.2,33.1,95,17.15,980.8,loc_salem,11.6643,78.146,ECMWF_ERA5_Reanalysis
2019-12-16,30.4,19.8,24.6,32.4,22.6,27.4,0.0,11.9,28.1,97,15.8,980.4,loc_salem,11.6643,78.146,ECMWF_ERA5_Reanalysis
2019-12-17,29.9,20.8,24.5,31.6,23.9,27.4,0.1,14.3,35.3,64,14.41,981.1,loc_salem,11.6643,78.146,ECMWF_ERA5_Reanalysis
2019-12-18,30.0,18.6,24.2,32.0,20.8,26.9,0.1,9.4,24.1,67,12.74,981.4,loc_salem,11.6643,78.146,ECMWF_ERA5_Reanalysis
2019-12-19,29.3,19.6,24.6,30.9,22.7,27.2,0.2,13.5,33.5,68,12.49,980.6,loc_salem,11.6643,78.146,ECMWF_ERA5_Reanalysis
2019-12-20,29.1,18.3,24.1,31.6,21.0,26.8,0.0,11.8,28.4,84,12.71,980.1,loc_salem,11.6643,78.146,ECMWF_ERA5_Reanalysis
2019-12-21,31.0,19.6,24.8,32.1,22.4,26.7,0.0,18.8,46.1,99,17.02,980.1,loc_salem,11.6643,78.146,ECMWF_ERA5_Reanalysis
2019-12-22,30.8,19.6,25.0,32.7,22.3,26.8,0.0,16.9,40.3,95,18.43,980.1,loc_salem,11.6643,78.146,ECMWF_ERA5_Reanalysis
2019-12-23,31.2,19.9,24.9,33.9,22.5,27.0,0.0,18.3,42.1,94,17.3,980.4,loc_salem,11.6643,78.146,ECMWF_ERA5_Reanalysis
2019-12-24,28.5,21.5,24.8,31.1,24.4,27.8,0.4,10.9,28.1,89,8.8,981.1,loc_salem,11.6643,78.146,ECMWF_ERA5_Reanalysis
2019-12-25,26.0,21.7,23.5,28.7,25.0,27.1,12.4,10.0,23.8,119,5.73,981.3,loc_salem,11.6643,78.146,ECMWF_ERA5_Reanalysis
2019-12-26,29.1,21.7,24.9,32.0,24.3,27.6,0.0,15.1,34.2,88,12.39,980.6,loc_salem,11.6643,78.146,ECMWF_ERA5_Reanalysis
2019-12-27,29.8,21.1,24.7,33.0,24.2,27.3,0.0,16.0,36.4,94,13.45,979.6,loc_salem,11.6643,78.146,ECMWF_ERA5_Reanalysis
2019-12-28,31.0,20.2,24.8,33.0,22.7,26.6,0.0,19.0,43.2,97,15.85,979.9,loc_salem,11.6643,78.146,ECMWF_ERA5_Reanalysis
2019-12-29,30.3,19.8,24.8,31.8,22.6,27.0,0.0,15.6,35.3,80,15.22,980.4,loc_salem,11.6643,78.146,ECMWF_ERA5_Reanalysis
2019-12-30,30.5,19.4,24.2,32.3,22.1,26.3,0.1,17.7,40.7,92,14.41,980.7,loc_salem,11.6643,78.146,ECMWF_ERA5_Reanalysis
2019-12-31,30.0,21.1,25.1,32.2,24.3,27.6,0.1,15.6,35.3,88,14.86,981.2,loc_salem,11.6643,78.146,ECMWF_ERA5_Reanalysis
2020-01-01,30.5,21.3,25.4,32.4,24.7,28.0,0.8,18.1,41.0,95,16.27,981.7,loc_salem,11.6643,78.146,ECMWF_ERA5_Reanalysis
2020-01-02,31.6,21.7,26.2,34.1,25.4,28.9,0.4,17.1,38.9,99,16.74,982.6,loc_salem,11.6643,78.146,ECMWF_ERA5_Reanalysis
2020-01-03,32.7,22.3,26.8,35.7,26.0,29.6,0.1,17.7,40.0,100,18.37,981.4,loc_salem,11.6643,78.146,ECMWF_ERA5_Reanalysis
2020-01-04,31.8,23.2,27.3,34.6,27.1,30.2,0.7,19.5,44.6,99,16.41,979.9,loc_salem,11.6643,78.146,ECMWF_ERA5_Reanalysis
2020-01-05,32.1,24.0,27.0,34.4,26.9,29.6,0.2,17.9,41.4,103,14.52,979.7,loc_salem,11.6643,78.146,ECMWF_ERA5_Reanalysis
2020-01-06,31.1,22.2,26.1,32.4,25.7,28.6,0.9,18.1,43.9,97,16.84,981.6,loc_salem,11.6643,78.146,ECMWF_ERA5_Reanalysis
2020-01-07,31.5,21.4,25.8,32.3,24.9,28.1,0.0,14.3,36.0,96,16.78,981.5,loc_salem,11.6643,78.146,ECMWF_ERA5_Reanalysis
2020-01-08,32.6,20.3,25.6,34.3,23.3,27.6,0.0,20.2,50.0,93,18.82,980.8,loc_salem,11.6643,78.146,ECMWF_ERA5_Reanalysis
2020-01-09,33.6,20.5,26.0,34.8,23.4,27.9,0.0,17.9,40.3,93,18.72,980.5,loc_salem,11.6643,78.146,ECMWF_ERA5_Reanalysis
2020-01-10,31.7,20.3,25.3,33.3,22.8,26.4,0.0,15.2,39.2,94,20.06,980.7,loc_salem,11.6643,78.146,ECMWF_ERA5_Reanalysis
2020-01-11,31.3,17.4,24.3,32.6,19.3,25.4,0.0,12.4,28.1,82,21.33,981.7,loc_salem,11.6643,78.146,ECMWF_ERA5_Reanalysis
2020-01-12,32.1,16.5,24.0,32.6,18.0,25.2,0.0,18.1,41.4,98,18.09,980.8,loc_salem,11.6643,78.146,ECMWF_ERA5_Reanalysis
2020-01-13,32.8,20.1,25.6,33.9,22.9,27.3,0.0,22.3,49.3,92,18.12,979.6,loc_salem,11.6643,78.146,ECMWF_ERA5_Reanalysis
2020-01-14,32.5,20.3,25.2,35.0,21.4,26.5,0.0,22.1,50.0,96,19.03,979.5,loc_salem,11.6643,78.146,ECMWF_ERA5_Reanalysis
2020-01-15,30.8,18.3,24.2,32.0,20.0,24.8,0.0,22.7,50.0,92,21.86,980.1,loc_salem,11.6643,78.146,ECMWF_ERA5_Reanalysis
2020-01-16,31.3,18.6,24.7,33.1,19.8,25.6,0.0,20.4,46.4,93,20.97,980.2,loc_salem,11.6643,78.146,ECMWF_ERA5_Reanalysis
2020-01-17,33.1,18.9,25.8,34.4,21.2,27.0,0.0,22.3,52.2,99,19.7,980.1,loc_salem,11.6643,78.146,ECMWF_ERA5_Reanalysis
2020-01-18,30.8,21.7,25.6,32.7,24.7,28.0,1.7,18.0,41.4,93,14.58,980.1,loc_salem,11.6643,78.146,ECMWF_ERA5_Reanalysis
2020-01-19,32.9,23.0,26.8,35.4,26.1,29.0,0.0,17.7,41.8,93,16.57,980.6,loc_salem,11.6643,78.146,ECMWF_ERA5_Reanalysis
2020-01-20,33.8,20.4,26.4,36.2,23.5,28.3,0.0,19.8,46.8,101,20.02,981.3,loc_salem,11.6643,78.146,ECMWF_ERA5_Reanalysis
2020-01-21,32.7,19.9,25.6,33.7,22.5,27.2,0.0,18.3,43.2,95,21.25,982.5,loc_salem,11.6643,78.146,ECMWF_ERA5_Reanalysis
2020-01-22,32.6,19.4,25.7,34.3,22.1,27.6,0.0,15.0,37.4,89,21.17,982.8,loc_salem,11.6643,78.146,ECMWF_ERA5_Reanalysis
2020-01-23,33.9,19.9,26.1,34.4,22.9,27.6,0.0,17.9,40.7,94,17.98,981.8,loc_salem,11.6643,78.146,ECMWF_ERA5_Reanalysis
2020-01-24,33.7,19.3,25.7,34.0,21.8,26.9,0.0,16.1,37.4,91,22.16,981.5,loc_salem,11.6643,78.146,ECMWF_ERA5_Reanalysis
2020-01-25,33.5,18.2,25.1,34.3,20.4,25.7,0.0,16.9,38.9,97,22.67,981.3,loc_salem,11.6643,78.146,ECMWF_ERA5_Reanalysis
2020-01-26,33.9,18.6,25.3,35.2,20.7,26.2,0.0,17.9,40.7,102,22.43,980.5,loc_salem,11.6643,78.146,ECMWF_ERA5_Reanalysis
2020-01-27,33.9,18.8,25.9,34.3,20.1,26.5,0.0,19.2,42.5,107,22.51,980.2,loc_salem,11.6643,78.146,ECMWF_ERA5_Reanalysis
2020-01-28,34.2,19.9,26.7,36.1,22.2,28.1,0.0,20.3,46.4,114,22.33,980.4,loc_salem,11.6643,78.146,ECMWF_ERA5_Reanalysis
2020-01-29,35.1,20.8,27.2,37.0,23.5,28.7,0.0,18.3,43.9,104,22.45,981.1,loc_salem,11.6643,78.146,ECMWF_ERA5_Reanalysis
2020-01-30,35.1,21.2,27.3,36.4,24.1,28.7,0.0,19.9,43.6,104,22.23,980.3,loc_salem,11.6643,78.146,ECMWF_ERA5_Reanalysis
2020-01-31,35.0,21.3,27.3,36.3,24.0,28.7,0.0,22.1,50.8,102,22.29,979.3,loc_salem,11.6643,78.146,ECMWF_ERA5_Reanalysis
2020-02-01,33.7,21.8,26.8,35.3,23.6,27.8,0.2,24.3,55.1,103,18.81,980.0,loc_salem,11.6643,78.146,ECMWF_ERA5_Reanalysis
2020-02-02,32.3,22.1,26.6,33.2,23.8,27.3,0.0,19.1,52.6,102,18.89,981.9,loc_salem,11.6643,78.146,ECMWF_ERA5_Reanalysis
2020-02-03,32.5,19.4,26.0,33.8,20.8,26.7,0.0,21.3,49.0,94,22.41,982.1,loc_salem,11.6643,78.146,ECMWF_ERA5_Reanalysis
2020-02-04,32.8,19.2,26.0,33.2,21.1,27.1,0.0,21.0,47.5,94,21.54,980.7,loc_salem,11.6643,78.146,ECMWF_ERA5_Reanalysis
2020-02-05,32.2,22.3,26.5,33.8,23.3,27.9,0.0,21.3,47.9,95,16.72,980.8,loc_salem,11.6643,78.146,ECMWF_ERA5_Reanalysis
2020-02-06,33.9,20.3,26.6,37.0,22.4,27.7,0.0,25.3,57.2,96,21.72,980.6,loc_salem,11.6643,78.146,ECMWF_ERA5_Reanalysis
2020-02-07,33.2,21.0,26.6,35.0,23.0,27.4,0.0,25.5,56.9,103,19.24,981.3,loc_salem,11.6643,78.146,ECMWF_ERA5_Reanalysis
2020-02-08,33.8,21.6,27.1,34.4,23.7,28.2,0.0,25.7,58.0,114,18.08,981.3,loc_salem,11.6643,78.146,ECMWF_ERA5_Reanalysis
2020-02-09,32.5,22.6,26.9,33.3,24.1,27.7,0.0,25.7,58.3,97,17.29,981.4,loc_salem,11.6643,78.146,ECMWF_ERA5_Reanalysis
2020-02-10,33.2,21.5,26.7,34.6,22.8,27.6,0.0,23.0,52.9,91,20.3,981.2,loc_salem,11.6643,78.146,ECMWF_ERA5_Reanalysis
2020-02-11,32.9,19.5,26.0,33.2,20.9,26.8,0.0,19.8,45.0,89,19.12,981.6,loc_salem,11.6643,78.146,ECMWF_ERA5_Reanalysis
2020-02-12,32.3,19.8,26.2,32.4,22.4,27.6,0.0,19.2,43.9,96,16.45,982.6,loc_salem,11.6643,78.146,ECMWF_ERA5_Reanalysis
2020-02-13,34.4,20.8,27.0,36.3,23.5,28.6,0.0,21.6,52.2,90,23.31,982.2,loc_salem,11.6643,78.146,ECMWF_ERA5_Reanalysis
2020-02-14,34.9,20.0,27.2,37.1,21.9,28.3,0.0,24.3,54.7,97,23.59,980.3,loc_salem,11.6643,78.146,ECMWF_ERA5_Reanalysis
2020-02-15,35.5,21.5,27.8,38.5,23.4,29.0,0.0,20.9,48.2,96,23.76,980.0,loc_salem,11.6643,78.146,ECMWF_ERA5_Reanalysis
2020-02-16,35.2,20.7,27.2,36.1,21.9,27.5,0.0,21.4,48.6,98,24.5,981.2,loc_salem,11.6643,78.146,ECMWF_ERA5_Reanalysis
2020-02-17,34.5,19.3,26.3,35.6,20.9,26.7,0.0,20.9,48.2,96,24.5,982.1,loc_salem,11.6643,78.146,ECMWF_ERA5_Reanalysis
2020-02-18,34.2,19.3,26.4,34.7,20.1,26.3,0.0,21.1,48.6,97,24.79,981.8,loc_salem,11.6643,78.146,ECMWF_ERA5_Reanalysis
2020-02-19,34.5,19.8,26.6,36.0,20.9,26.8,0.0,22.1,50.0,96,24.25,981.3,loc_salem,11.6643,78.146,ECMWF_ERA5_Reanalysis
2020-02-20,33.9,19.5,26.2,34.4,20.8,26.6,0.0,21.8,50.0,100,24.37,981.1,loc_salem,11.6643,78.146,ECMWF_ERA5_Reanalysis
2020-02-21,34.0,19.4,26.6,34.8,20.3,27.4,0.0,19.3,46.1,93,23.98,982.1,loc_salem,11.6643,78.146,ECMWF_ERA5_Reanalysis
2020-02-22,34.5,21.1,27.0,35.0,24.3,28.8,0.0,21.6,50.0,90,18.35,982.9,loc_salem,11.6643,78.146,ECMWF_ERA5_Reanalysis
2020-02-23,34.2,20.3,27.1,34.8,23.1,28.3,0.0,20.9,48.2,94,21.6,982.3,loc_salem,11.6643,78.146,ECMWF_ERA5_Reanalysis
2020-02-24,34.2,21.2,27.4,35.1,24.2,28.6,0.0,20.1,45.7,98,23.53,980.2,loc_salem,11.6643,78.146,ECMWF_ERA5_Reanalysis
2020-02-25,35.6,21.9,27.9,37.3,24.3,29.2,0.0,24.4,56.5,102,24.24,979.0,loc_salem,11.6643,78.146,ECMWF_ERA5_Reanalysis
2020-02-26,34.6,22.7,28.0,35.7,25.1,29.3,0.0,21.3,48.2,103,22.8,979.2,loc_salem,11.6643,78.146,ECMWF_ERA5_Reanalysis
2020-02-27,35.6,22.6,28.2,37.9,24.9,29.4,0.0,22.5,53.3,99,20.92,979.4,loc_salem,11.6643,78.146,ECMWF_ERA5_Reanalysis
2020-02-28,36.3,22.8,28.0,37.7,25.1,29.4,0.0,24.0,55.1,104,20.92,978.7,loc_salem,11.6643,78.146,ECMWF_ERA5_Reanalysis
2020-02-29,35.5,22.8,28.0,38.0,25.4,29.3,0.0,24.9,56.9,104,20.67,978.7,loc_salem,11.6643,78.146,ECMWF_ERA5_Reanalysis
2020-03-01,34.1,23.2,28.0,35.1,24.6,29.2,0.0,25.1,57.6,104,19.05,979.0,loc_salem,11.6643,78.146,ECMWF_ERA5_Reanalysis
2020-03-02,35.2,22.6,28.3,37.3,24.9,30.1,0.3,18.0,50.8,99,20.33,979.5,loc_salem,11.6643,78.146,ECMWF_ERA5_Reanalysis
2020-03-03,35.3,23.5,29.2,38.6,25.3,31.1,0.0,17.6,40.0,99,20.99,979.2,loc_salem,11.6643,78.146,ECMWF_ERA5_Reanalysis
2020-03-04,34.4,24.9,29.8,37.9,26.1,31.8,0.6,16.1,36.4,121,18.91,978.8,loc_salem,11.6643,78.146,ECMWF_ERA5_Reanalysis
2020-03-05,34.6,24.8,29.5,36.4,27.5,31.6,0.5,12.6,32.8,131,19.26,978.0,loc_salem,11.6643,78.146,ECMWF_ERA5_Reanalysis
2020-03-06,35.2,25.4,29.8,38.4,27.8,31.9,0.0,19.1,43.2,132,19.46,978.3,loc_salem,11.6643,78.146,ECMWF_ERA5_Reanalysis
2020-03-07,34.6,24.3,29.3,36.8,28.3,31.9,0.8,15.5,40.0,132,21.07,979.6,loc_salem,11.6643,78.146,ECMWF_ERA5_Reanalysis
2020-03-08,34.7,24.2,29.0,37.6,26.6,31.4,1.2,22.7,53.3,107,20.71,979.2,loc_salem,11.6643,78.146,ECMWF_ERA5_Reanalysis
2020-03-09,37.1,23.3,29.2,39.6,25.0,30.7,0.1,22.5,52.2,111,21.34,978.1,loc_salem,11.6643,78.146,ECMWF_ERA5_Reanalysis
2020-03-10,37.4,22.8,29.3,38.4,24.6,30.2,0.0,24.5,55.8,105,25.17,978.5,loc_salem,11.6643,78.146,ECMWF_ERA5_Reanalysis
2020-03-11,37.2,22.8,29.3,38.9,25.6,31.0,0.0,20.5,48.2,116,25.2,979.0,loc_salem,11.6643,78.146,ECMWF_ERA5_Reanalysis
2020-03-12,37.6,22.6,29.4,39.5,25.4,30.6,0.0,20.7,47.5,109,25.46,980.0,loc_salem,11.6643,78.146,ECMWF_ERA5_Reanalysis
2020-03-13,36.4,21.7,28.8,36.7,24.5,29.6,0.0,20.7,47.9,99,25.64,980.0,loc_salem,11.6643,78.146,ECMWF_ERA5_Reanalysis
2020-03-14,36.8,22.0,28.9,37.0,24.3,29.8,0.0,22.4,51.1,102,25.56,979.0,loc_salem,11.6643,78.146,ECMWF_ERA5_Reanalysis
2020-03-15,37.0,22.9,28.9,39.1,25.6,30.4,0.0,23.5,52.6,111,24.41,978.7,loc_salem,11.6643,78.146,ECMWF_ERA5_Reanalysis
2020-03-16,36.8,23.3,29.0,38.7,25.6,30.7,0.0,20.3,47.2,100,23.58,979.9,loc_salem,11.6643,78.146,ECMWF_ERA5_Reanalysis
2020-03-17,36.1,22.7,29.1,36.6,26.0,30.3,0.0,20.0,46.4,103,23.85,981.3,loc_salem,11.6643,78.146,ECMWF_ERA5_Reanalysis
2020-03-18,37.4,21.7,29.6,37.6,24.5,30.5,0.0,20.6,47.9,98,25.9,980.5,loc_salem,11.6643,78.146,ECMWF_ERA5_Reanalysis
2020-03-19,38.1,23.2,30.4,39.5,25.7,31.4,0.0,15.7,41.0,109,25.32,979.6,loc_salem,11.6643,78.146,ECMWF_ERA5_Reanalysis
2020-03-20,37.6,24.1,30.9,39.0,26.5,32.5,0.0,20.0,45.4,129,22.19,979.3,loc_salem,11.6643,78.146,ECMWF_ERA5_Reanalysis
2020-03-21,35.8,25.0,30.7,39.7,28.5,33.1,0.6,19.6,49.3,125,20.51,979.1,loc_salem,11.6643,78.146,ECMWF_ERA5_Reanalysis
2020-03-22,36.7,25.3,30.8,38.3,27.7,32.4,0.2,24.5,55.8,116,21.91,979.0,loc_salem,11.6643,78.146,ECMWF_ERA5_Reanalysis
2020-03-23,35.7,25.2,30.4,38.7,28.4,32.7,0.1,20.6,47.5,107,20.19,978.9,loc_salem,11.6643,78.146,ECMWF_ERA5_Reanalysis
2020-03-24,37.6,24.7,30.3,38.5,26.9,31.9,0.0,25.1,55.8,107,23.63,977.3,loc_salem,11.6643,78.146,ECMWF_ERA5_Reanalysis
2020-03-25,37.0,23.6,29.7,38.7,26.1,30.8,0.0,20.2,46.1,103,23.2,977.6,loc_salem,11.6643,78.146,ECMWF_ERA5_Reanalysis
2020-03-26,37.0,23.5,29.6,38.4,26.8,31.1,0.0,24.4,55.1,104,24.85,978.0,loc_salem,11.6643,78.146,ECMWF_ERA5_Reanalysis
2020-03-27,36.8,23.1,29.6,37.5,25.7,30.5,0.0,20.7,47.2,101,25.85,979.8,loc_salem,11.6643,78.146,ECMWF_ERA5_Reanalysis
2020-03-28,38.2,22.4,30.0,39.0,24.3,30.4,0.0,18.5,45.0,104,26.64,978.8,loc_salem,11.6643,78.146,ECMWF_ERA5_Reanalysis
2020-03-29,38.3,22.0,30.1,38.1,24.4,30.5,0.0,19.9,45.7,108,26.75,978.0,loc_salem,11.6643,78.146,ECMWF_ERA5_Reanalysis
2020-03-30,38.8,23.4,30.6,40.1,25.6,31.1,0.0,18.8,44.6,105,26.41,978.4,loc_salem,11.6643,78.146,ECMWF_ERA5_Reanalysis
2020-03-31,38.0,21.7,29.8,37.7,22.5,29.8,0.0,17.9,41.8,98,26.59,979.1,loc_salem,11.6643,78.146,ECMWF_ERA5_Reanalysis
2020-04-01,38.4,22.3,30.4,37.8,23.1,30.4,0.0,19.1,48.2,97,26.59,978.6,loc_salem,11.6643,78.146,ECMWF_ERA5_Reanalysis
2020-04-02,39.4,23.9,31.3,39.5,26.6,32.3,0.0,19.9,48.2,112,26.3,977.6,loc_salem,11.6643,78.146,ECMWF_ERA5_Reanalysis
2020-04-03,38.9,24.1,31.0,39.9,27.0,32.2,0.0,23.4,53.3,106,26.24,978.1,loc_salem,11.6643,78.146,ECMWF_ERA5_Reanalysis
2020-04-04,38.2,23.5,30.7,38.9,25.6,31.7,0.0,27.5,61.9,106,26.11,978.9,loc_salem,11.6643,78.146,ECMWF_ERA5_Reanalysis
2020-04-05,38.1,26.2,31.6,41.1,28.9,34.7,0.1,20.0,51.1,134,22.5,979.7,loc_salem,11.6643,78.146,ECMWF_ERA5_Reanalysis
2020-04-06,38.2,26.0,31.8,42.2,31.0,35.3,1.2,21.2,47.9,102,21.16,979.4,loc_salem,11.6643,78.146,ECMWF_ERA5_Reanalysis
2020-04-07,35.5,25.0,30.1,39.4,29.7,34.2,5.4,9.6,29.9,177,16.66,978.7,loc_salem,11.6643,78.146,ECMWF_ERA5_Reanalysis
2020-04-08,36.6,27.5,31.1,41.4,31.5,34.5,0.4,10.6,27.7,170,20.92,978.9,loc_salem,11.6643,78.146,ECMWF_ERA5_Reanalysis
2020-04-09,38.0,24.4,30.6,41.5,29.4,33.8,5.2,25.3,58.0,139,20.59,978.8,loc_salem,11.6643,78.146,ECMWF_ERA5_Reanalysis
2020-04-10,35.6,23.6,28.5,39.1,28.3,31.9,0.2,18.5,42.8,165,22.14,979.6,loc_salem,11.6643,78.146,ECMWF_ERA5_Reanalysis
2020-04-11,36.3,24.3,29.8,37.7,28.1,31.7,0.0,18.5,42.5,100,24.27,980.5,loc_salem,11.6643,78.146,ECMWF_ERA5_Reanalysis
2020-04-12,37.7,22.7,30.2,38.5,26.2,31.4,0.0,16.9,40.0,104,25.46,979.6,loc_salem,11.6643,78.146,ECMWF_ERA5_Reanalysis
2020-04-13,38.8,23.6,31.0,39.3,25.4,31.5,0.0,19.3,43.9,111,26.37,978.1,loc_salem,11.6643,78.146,ECMWF_ERA5_Reanalysis
2020-04-14,38.5,23.5,31.2,37.8,24.8,31.4,0.0,19.8,46.1,101,26.59,978.1,loc_salem,11.6643,78.146,ECMWF_ERA5_Reanalysis
2020-04-15,38.6,24.4,31.2,40.6,27.9,32.9,0.0,20.8,47.9,103,25.52,979.2,loc_salem,11.6643,78.146,ECMWF_ERA5_Reanalysis
2020-04-16,38.7,25.3,31.7,40.0,28.5,33.3,0.0,20.3,46.4,110,25.56,978.2,loc_salem,11.6643,78.146,ECMWF_ERA5_Reanalysis
2020-04-17,38.8,25.9,32.4,41.3,29.4,34.4,0.0,14.8,37.8,114,24.59,977.5,loc_salem,11.6643,78.146,ECMWF_ERA5_Reanalysis
2020-04-18,38.6,26.7,32.4,41.1,30.5,34.3,0.0,22.5,57.6,109,23.2,977.7,loc_salem,11.6643,78.146,ECMWF_ERA5_Reanalysis
2020-04-19,37.3,26.6,31.9,39.7,30.5,34.1,0.5,20.6,47.2,103,22.5,977.7,loc_salem,11.6643,78.146,ECMWF_ERA5_Reanalysis
2020-04-20,38.1,25.6,31.6,38.9,29.2,33.1,0.0,22.9,51.1,101,24.66,977.7,loc_salem,11.6643,78.146,ECMWF_ERA5_Reanalysis
2020-04-21,38.8,25.0,31.8,41.5,28.0,33.8,0.0,19.5,44.3,115,25.19,977.7,loc_salem,11.6643,78.146,ECMWF_ERA5_Reanalysis
2020-04-22,39.3,26.2,32.5,41.3,28.7,34.2,0.0,15.2,38.9,128,23.81,977.5,loc_salem,11.6643,78.146,ECMWF_ERA5_Reanalysis
2020-04-23,40.2,26.7,33.4,42.4,30.3,35.6,0.0,16.8,40.3,124,24.31,976.9,loc_salem,11.6643,78.146,ECMWF_ERA5_Reanalysis
2020-04-24,37.7,26.2,32.0,41.6,31.1,35.4,2.4,12.7,38.2,173,20.34,977.1,loc_salem,11.6643,78.146,ECMWF_ERA5_Reanalysis
2020-04-25,38.7,27.4,32.9,43.2,31.5,36.1,0.0,12.0,43.9,166,22.09,976.7,loc_salem,11.6643,78.146,ECMWF_ERA5_Reanalysis
2020-04-26,38.3,27.1,31.8,41.5,31.3,35.2,0.3,13.8,31.3,125,20.24,977.8,loc_salem,11.6643,78.146,ECMWF_ERA5_Reanalysis
2020-04-27,38.4,27.5,32.1,43.0,31.0,35.6,1.5,12.7,38.9,121,21.6,978.3,loc_salem,11.6643,78.146,ECMWF_ERA5_Reanalysis
2020-04-28,37.3,25.1,30.2,42.0,30.0,34.5,11.6,14.4,45.7,116,19.63,978.0,loc_salem,11.6643,78.146,ECMWF_ERA5_Reanalysis
2020-04-29,34.5,24.5,28.5,37.2,29.7,32.5,1.9,14.0,36.4,317,19.52,978.2,loc_salem,11.6643,78.146,ECMWF_ERA5_Reanalysis
2020-04-30,34.9,25.2,30.2,39.8,28.4,33.9,2.0,13.0,29.2,149,20.26,978.1,loc_salem,11.6643,78.146,ECMWF_ERA5_Reanalysis
2020-05-01,38.1,26.5,31.9,42.1,31.0,35.4,0.0,10.2,28.4,175,24.09,977.6,loc_salem,11.6643,78.146,ECMWF_ERA5_Reanalysis
2020-05-02,37.7,26.9,32.1,42.1,31.4,35.8,0.4,16.3,41.0,151,21.58,976.4,loc_salem,11.6643,78.146,ECMWF_ERA5_Reanalysis
2020-05-03,39.0,27.1,32.7,41.8,31.6,35.3,0.0,17.3,39.2,109,22.6,976.2,loc_salem,11.6643,78.146,ECMWF_ERA5_Reanalysis
2020-05-04,39.7,26.4,32.7,43.2,31.0,35.2,0.0,16.7,39.6,111,23.49,977.1,loc_salem,11.6643,78.146,ECMWF_ERA5_Reanalysis
2020-05-05,39.5,26.4,32.5,41.3,29.6,34.5,0.0,18.0,41.8,107,24.83,976.9,loc_salem,11.6643,78.146,ECMWF_ERA5_Reanalysis
2020-05-06,39.4,26.2,32.8,41.3,30.0,34.8,0.0,16.5,40.7,107,22.62,976.4,loc_salem,11.6643,78.146,ECMWF_ERA5_Reanalysis
2020-05-07,38.9,27.4,32.9,41.9,32.2,35.8,0.0,17.0,41.4,98,19.9,976.5,loc_salem,11.6643,78.146,ECMWF_ERA5_Reanalysis
2020-05-08,38.8,26.3,32.4,42.7,31.8,35.6,0.1,14.0,35.6,119,23.07,976.7,loc_salem,11.6643,78.146,ECMWF_ERA5_Reanalysis
2020-05-09,39.3,27.2,33.2,42.0,31.7,36.0,0.0,15.2,36.4,101,23.59,976.6,loc_salem,11.6643,78.146,ECMWF_ERA5_Reanalysis
2020-05-10,39.7,26.7,33.1,41.0,31.3,35.4,0.0,20.6,47.5,97,25.14,976.5,loc_salem,11.6643,78.146,ECMWF_ERA5_Reanalysis
2020-05-11,38.1,27.0,32.3,39.4,31.8,34.6,0.2,18.8,43.2,95,21.96,976.8,loc_salem,11.6643,78.146,ECMWF_ERA5_Reanalysis
2020-05-12,38.1,26.5,31.3,39.7,30.6,34.2,0.0,21.0,49.7,102,22.68,976.5,loc_salem,11.6643,78.146,ECMWF_ERA5_Reanalysis
2020-05-13,38.0,26.3,31.9,40.7,31.2,35.3,0.2,14.1,40.0,111,22.24,975.8,loc_salem,11.6643,78.146,ECMWF_ERA5_Reanalysis
2020-05-14,39.7,26.7,33.0,43.4,31.0,36.0,0.0,22.1,52.6,104,22.92,974.8,loc_salem,11.6643,78.146,ECMWF_ERA5_Reanalysis
2020-05-15,39.5,26.9,32.7,42.0,32.2,36.0,0.0,13.4,33.8,124,22.13,973.9,loc_salem,11.6643,78.146,ECMWF_ERA5_Reanalysis
2020-05-16,40.0,26.5,33.3,41.9,30.8,35.8,0.1,12.6,36.4,329,22.58,973.7,loc_salem,11.6643,78.146,ECMWF_ERA5_Reanalysis
2020-05-17,40.4,28.4,33.3,43.2,32.2,36.1,0.0,20.2,47.9,314,20.93,972.7,loc_salem,11.6643,78.146,ECMWF_ERA5_Reanalysis
2020-05-18,35.5,25.6,30.3,36.7,30.7,33.7,1.1,27.5,67.3,301,16.05,972.0,loc_salem,11.6643,78.146,ECMWF_ERA5_Reanalysis
2020-05-19,38.4,26.1,31.5,40.5,30.8,34.7,0.3,24.3,64.8,296,21.9,971.7,loc_salem,11.6643,78.146,ECMWF_ERA5_Reanalysis
2020-05-20,39.7,25.6,31.9,41.5,30.3,34.5,0.0,17.8,46.8,265,21.96,972.6,loc_salem,11.6643,78.146,ECMWF_ERA5_Reanalysis
2020-05-21,39.6,26.3,32.6,42.7,30.5,35.4,0.0,17.4,41.0,223,22.24,974.1,loc_salem,11.6643,78.146,ECMWF_ERA5_Reanalysis
2020-05-22,39.1,27.5,32.8,42.2,31.5,35.8,0.0,14.1,33.5,254,19.77,974.5,loc_salem,11.6643,78.146,ECMWF_ERA5_Reanalysis
2020-05-23,40.0,27.7,33.5,43.3,31.7,36.5,0.0,11.9,27.7,238,20.12,974.4,loc_salem,11.6643,78.146,ECMWF_ERA5_Reanalysis
2020-05-24,39.6,27.0,33.7,42.7,32.2,36.5,0.0,12.5,34.9,317,22.33,975.1,loc_salem,11.6643,78.146,ECMWF_ERA5_Reanalysis
2020-05-25,39.3,27.4,33.4,41.5,32.9,36.5,0.0,13.4,36.7,83,22.3,976.2,loc_salem,11.6643,78.146,ECMWF_ERA5_Reanalysis
2020-05-26,39.6,27.8,33.6,43.7,32.7,37.3,0.0,9.7,27.4,205,22.68,976.0,loc_salem,11.6643,78.146,ECMWF_ERA5_Reanalysis
2020-05-27,39.1,27.8,32.6,42.8,32.3,36.6,2.0,15.9,47.9,299,20.98,975.8,loc_salem,11.6643,78.146,ECMWF_ERA5_Reanalysis
2020-05-28,38.1,26.2,30.3,42.7,31.2,35.1,16.5,21.4,61.2,240,19.15,975.4,loc_salem,11.6643,78.146,ECMWF_ERA5_Reanalysis
2020-05-29,37.6,25.3,30.3,42.0,30.6,35.0,0.1,12.0,33.8,289,20.06,975.4,loc_salem,11.6643,78.146,ECMWF_ERA5_Reanalysis
2020-05-30,36.8,27.2,31.1,41.6,31.2,35.5,0.1,8.3,26.3,333,18.99,975.6,loc_salem,11.6643,78.146,ECMWF_ERA5_Reanalysis
2020-05-31,36.7,26.5,30.7,41.7,31.1,34.8,4.5,17.2,44.3,184,20.52,976.6,loc_salem,11.6643,78.146,ECMWF_ERA5_Reanalysis
2020-06-01,37.0,24.7,28.8,40.9,29.8,33.1,15.1,21.4,50.8,195,20.31,977.5,loc_salem,11.6643,78.146,ECMWF_ERA5_Reanalysis
2020-06-02,34.8,24.6,28.7,38.3,28.7,31.6,2.9,22.9,54.4,215,19.15,977.2,loc_salem,11.6643,78.146,ECMWF_ERA5_Reanalysis
2020-06-03,36.4,25.2,29.9,38.4,28.6,32.1,0.0,23.7,56.5,225,21.69,976.4,loc_salem,11.6643,78.146,ECMWF_ERA5_Reanalysis
2020-06-04,36.6,25.1,30.3,38.3,28.6,32.8,0.0,20.0,56.9,228,20.79,976.5,loc_salem,11.6643,78.146,ECMWF_ERA5_Reanalysis
2020-06-05,35.6,25.5,29.6,40.1,30.0,33.5,1.6,14.3,37.1,237,20.57,976.5,loc_salem,11.6643,78.146,ECMWF_ERA5_Reanalysis
2020-06-06,35.9,24.7,29.2,40.3,29.6,33.2,4.5,12.6,35.3,232,20.48,976.1,loc_salem,11.6643,78.146,ECMWF_ERA5_Reanalysis
2020-06-07,32.6,25.0,27.8,36.3,29.8,32.1,10.7,12.0,39.2,267,15.77,975.9,loc_salem,11.6643,78.146,ECMWF_ERA5_Reanalysis
2020-06-08,35.6,24.6,29.7,37.8,29.2,32.4,0.0,13.8,38.9,307,20.03,975.0,loc_salem,11.6643,78.146,ECMWF_ERA5_Reanalysis
2020-06-09,35.8,25.3,30.4,38.6,29.7,33.6,0.0,15.1,45.4,307,22.92,974.6,loc_salem,11.6643,78.146,ECMWF_ERA5_Reanalysis
2020-06-10,35.1,25.5,29.5,37.1,30.0,32.9,2.7,17.9,50.4,305,18.02,973.9,loc_salem,11.6643,78.146,ECMWF_ERA5_Reanalysis
2020-06-11,33.1,24.4,28.0,35.2,27.8,31.3,0.7,17.2,56.5,270,12.16,973.1,loc_salem,11.6643,78.146,ECMWF_ERA5_Reanalysis
2020-06-12,33.2,24.2,27.7,36.0,28.3,31.0,0.1,14.1,51.8,229,11.59,972.9,loc_salem,11.6643,78.146,ECMWF_ERA5_Reanalysis
2020-06-13,35.9,23.4,28.8,39.3,27.3,32.3,0.4,15.8,41.8,217,23.36,973.1,loc_salem,11.6643,78.146,ECMWF_ERA5_Reanalysis
2020-06-14,35.9,24.9,29.3,40.3,28.8,32.8,1.6,17.6,49.7,255,16.44,974.4,loc_salem,11.6643,78.146,ECMWF_ERA5_Reanalysis
2020-06-15,36.9,25.2,29.7,39.5,29.2,33.5,1.2,18.2,45.4,217,21.04,974.3,loc_salem,11.6643,78.146,ECMWF_ERA5_Reanalysis
2020-06-16,36.5,25.3,29.4,40.7,29.5,33.2,0.9,17.0,47.9,212,20.13,973.6,loc_salem,11.6643,78.146,ECMWF_ERA5_Reanalysis
2020-06-17,36.9,25.0,30.1,41.0,29.5,33.8,0.9,17.0,38.2,230,19.92,974.1,loc_salem,11.6643,78.146,ECMWF_ERA5_Reanalysis
2020-06-18,37.1,25.1,29.6,39.4,29.6,33.1,0.0,14.1,43.2,236,18.64,975.5,loc_salem,11.6643,78.146,ECMWF_ERA5_Reanalysis
2020-06-19,38.1,24.4,30.8,40.5,28.9,33.6,0.5,16.3,47.2,284,21.07,975.8,loc_salem,11.6643,78.146,ECMWF_ERA5_Reanalysis
2020-06-20,38.6,25.2,30.3,42.1,29.6,33.7,0.7,18.4,50.8,248,20.37,975.5,loc_salem,11.6643,78.146,ECMWF_ERA5_Reanalysis
2020-06-21,36.1,25.3,29.6,39.1,29.3,33.2,2.7,13.2,44.6,257,20.13,974.9,loc_salem,11.6643,78.146,ECMWF_ERA5_Reanalysis
2020-06-22,34.9,24.2,28.6,37.1,28.9,32.3,5.2,14.6,42.5,253,14.72,973.7,loc_salem,11.6643,78.146,ECMWF_ERA5_Reanalysis
2020-06-23,35.5,24.7,29.8,37.3,29.0,32.6,0.1,13.3,31.3,273,16.53,974.6,loc_salem,11.6643,78.146,ECMWF_ERA5_Reanalysis
2020-06-24,36.8,25.2,29.1,41.0,29.9,33.0,9.0,13.2,35.3,203,19.48,974.8,loc_salem,11.6643,78.146,ECMWF_ERA5_Reanalysis
2020-06-25,34.6,23.8,27.7,39.5,28.6,32.0,21.4,14.3,33.5,115,20.78,973.6,loc_salem,11.6643,78.146,ECMWF_ERA5_Reanalysis
2020-06-26,33.6,24.0,27.9,38.5,28.3,32.0,19.9,13.5,34.9,202,18.83,973.3,loc_salem,11.6643,78.146,ECMWF_ERA5_Reanalysis
2020-06-27,34.6,24.2,29.0,37.4,28.4,32.3,0.6,16.1,42.5,227,20.72,973.7,loc_salem,11.6643,78.146,ECMWF_ERA5_Reanalysis
2020-06-28,33.2,24.8,28.1,37.5,29.5,32.4,5.5,16.1,39.6,304,17.79,973.7,loc_salem,11.6643,78.146,ECMWF_ERA5_Reanalysis
2020-06-29,34.7,24.5,28.2,38.9,29.4,32.7,18.4,14.3,41.4,294,19.81,973.1,loc_salem,11.6643,78.146,ECMWF_ERA5_Reanalysis
2020-06-30,33.1,23.9,28.1,38.5,29.2,32.9,1.8,7.4,36.7,263,20.64,973.0,loc_salem,11.6643,78.146,ECMWF_ERA5_Reanalysis
2020-07-01,34.9,24.6,29.1,38.1,29.0,32.9,0.1,16.6,38.9,248,17.96,973.9,loc_salem,11.6643,78.146,ECMWF_ERA5_Reanalysis
2020-07-02,32.8,25.2,28.1,35.1,29.5,32.1,4.0,12.0,44.3,275,12.74,974.0,loc_salem,11.6643,78.146,ECMWF_ERA5_Reanalysis
2020-07-03,30.7,23.8,26.0,33.1,28.3,30.3,11.1,15.1,41.4,226,10.55,974.2,loc_salem,11.6643,78.146,ECMWF_ERA5_Reanalysis
2020-07-04,34.0,23.3,27.2,37.2,28.1,31.4,2.0,14.2,36.0,218,17.11,973.6,loc_salem,11.6643,78.146,ECMWF_ERA5_Reanalysis
2020-07-05,33.3,24.0,28.1,37.4,28.4,31.7,0.3,13.0,32.8,218,16.26,973.4,loc_salem,11.6643,78.146,ECMWF_ERA5_Reanalysis
2020-07-06,34.1,23.6,27.3,37.4,27.9,31.8,3.4,11.4,38.2,235,17.59,973.5,loc_salem,11.6643,78.146,ECMWF_ERA5_Reanalysis
2020-07-07,35.5,23.3,28.4,39.7,27.8,32.5,0.5,14.8,41.4,242,22.76,975.0,loc_salem,11.6643,78.146,ECMWF_ERA5_Reanalysis
2020-07-08,32.9,24.2,27.5,36.2,29.2,31.7,3.5,11.4,37.4,274,15.95,975.9,loc_salem,11.6643,78.146,ECMWF_ERA5_Reanalysis
2020-07-09,31.1,23.8,27.0,34.3,27.1,30.9,4.6,9.7,31.3,287,15.24,975.3,loc_salem,11.6643,78.146,ECMWF_ERA5_Reanalysis
2020-07-10,29.2,23.5,25.6,32.9,28.5,30.4,13.3,8.7,32.0,275,10.81,975.9,loc_salem,11.6643,78.146,ECMWF_ERA5_Reanalysis
2020-07-11,33.2,23.1,27.3,38.2,27.5,31.7,1.8,12.3,26.6,187,21.59,975.1,loc_salem,11.6643,78.146,ECMWF_ERA5_Reanalysis
2020-07-12,31.8,23.4,27.6,37.8,28.5,32.3,3.8,6.8,30.6,230,20.39,974.5,loc_salem,11.6643,78.146,ECMWF_ERA5_Reanalysis
2020-07-13,33.0,23.7,27.3,37.1,28.3,31.7,1.1,10.6,34.6,278,20.79,974.0,loc_salem,11.6643,78.146,ECMWF_ERA5_Reanalysis
2020-07-14,33.2,23.3,27.8,37.5,28.2,32.4,0.5,13.8,41.8,299,19.26,973.7,loc_salem,11.6643,78.146,ECMWF_ERA5_Reanalysis
2020-07-15,31.7,24.2,27.1,36.0,29.3,32.0,1.0,11.5,35.3,243,14.71,973.6,loc_salem,11.6643,78.146,ECMWF_ERA5_Reanalysis
2020-07-16,29.6,23.3,25.9,33.4,27.7,30.4,2.6,8.9,32.0,207,10.07,973.4,loc_salem,11.6643,78.146,ECMWF_ERA5_Reanalysis
2020-07-17,30.6,22.6,25.9,33.5,27.1,29.9,0.2,12.1,48.6,252,11.07,973.7,loc_salem,11.6643,78.146,ECMWF_ERA5_Reanalysis
2020-07-18,32.6,23.3,27.2,39.1,28.2,32.0,7.6,12.0,33.5,276,19.47,974.4,loc_salem,11.6643,78.146,ECMWF_ERA5_Reanalysis
2020-07-19,31.5,23.8,27.4,37.0,27.9,32.0,6.4,10.5,27.7,287,16.88,974.8,loc_salem,11.6643,78.146,ECMWF_ERA5_Reanalysis
2020-07-20,32.4,23.3,27.2,36.4,28.4,31.2,3.4,15.8,41.8,187,19.03,974.3,loc_salem,11.6643,78.146,ECMWF_ERA5_Reanalysis
2020-07-21,32.3,23.3,27.9,37.8,27.2,32.2,0.0,7.9,19.1,161,22.68,974.6,loc_salem,11.6643,78.146,ECMWF_ERA5_Reanalysis
2020-07-22,33.5,24.6,29.0,37.9,29.6,33.0,0.0,12.6,31.3,161,22.15,974.8,loc_salem,11.6643,78.146,ECMWF_ERA5_Reanalysis
2020-07-23,32.1,24.7,28.0,36.9,29.3,32.4,12.9,9.2,25.6,189,17.18,974.6,loc_salem,11.6643,78.146,ECMWF_ERA5_Reanalysis
2020-07-24,33.1,23.7,27.3,38.2,28.4,31.6,4.8,12.8,36.4,197,19.58,975.4,loc_salem,11.6643,78.146,ECMWF_ERA5_Reanalysis
2020-07-25,31.9,23.1,26.8,36.7,26.8,30.8,11.2,14.1,36.7,197,18.78,976.4,loc_salem,11.6643,78.146,ECMWF_ERA5_Reanalysis
2020-07-26,32.0,23.5,26.9,37.3,27.9,31.2,0.3,8.7,27.0,268,17.53,977.5,loc_salem,11.6643,78.146,ECMWF_ERA5_Reanalysis
2020-07-27,33.0,23.7,27.9,36.7,27.9,31.8,0.4,13.5,38.2,314,22.0,976.5,loc_salem,11.6643,78.146,ECMWF_ERA5_Reanalysis
2020-07-28,32.9,24.9,27.8,35.3,27.7,31.3,2.3,14.9,43.2,315,18.72,974.8,loc_salem,11.6643,78.146,ECMWF_ERA5_Reanalysis
2020-07-29,27.0,23.6,24.9,31.0,28.0,29.5,10.1,12.8,33.1,229,8.17,974.2,loc_salem,11.6643,78.146,ECMWF_ERA5_Reanalysis
2020-07-30,31.5,23.1,26.7,38.1,27.7,31.6,2.4,10.5,35.6,240,21.5,973.9,loc_salem,11.6643,78.146,ECMWF_ERA5_Reanalysis
2020-07-31,32.6,23.2,26.7,37.8,28.0,31.7,11.8,14.0,36.7,208,19.72,973.8,loc_salem,11.6643,78.146,ECMWF_ERA5_Reanalysis
2020-08-01,30.9,22.6,26.3,34.6,27.4,30.8,0.7,8.1,30.2,238,13.72,974.3,loc_salem,11.6643,78.146,ECMWF_ERA5_Reanalysis
2020-08-02,28.2,23.6,25.3,31.1,28.2,29.4,6.5,13.0,40.7,231,8.46,975.0,loc_salem,11.6643,78.146,ECMWF_ERA5_Reanalysis
2020-08-03,30.6,22.8,25.9,34.5,27.1,30.2,5.9,12.6,41.0,211,13.79,973.8,loc_salem,11.6643,78.146,ECMWF_ERA5_Reanalysis
2020-08-04,31.7,23.0,26.6,35.0,26.8,30.0,0.7,17.3,60.1,236,18.56,972.1,loc_salem,11.6643,78.146,ECMWF_ERA5_Reanalysis
2020-08-05,30.5,23.5,26.2,33.9,27.4,29.6,4.9,16.1,48.6,227,13.89,970.8,loc_salem,11.6643,78.146,ECMWF_ERA5_Reanalysis
2020-08-06,32.2,23.3,27.2,35.7,27.9,31.4,1.6,17.3,52.2,228,18.07,972.2,loc_salem,11.6643,78.146,ECMWF_ERA5_Reanalysis
2020-08-07,31.7,23.0,27.1,35.4,27.0,31.3,0.8,14.4,51.1,237,18.24,974.8,loc_salem,11.6643,78.146,ECMWF_ERA5_Reanalysis
2020-08-08,30.5,23.5,26.1,34.6,28.1,30.7,4.8,10.5,47.2,268,12.02,975.5,loc_salem,11.6643,78.146,ECMWF_ERA5_Reanalysis
2020-08-09,27.1,23.2,25.1,31.6,28.0,29.5,22.9,11.7,46.8,243,8.76,975.1,loc_salem,11.6643,78.146,ECMWF_ERA5_Reanalysis
2020-08-10,28.4,23.1,25.2,33.0,27.3,29.7,2.6,10.5,40.7,250,10.88,975.3,loc_salem,11.6643,78.146,ECMWF_ERA5_Reanalysis
2020-08-11,30.6,22.8,26.1,36.1,27.6,31.0,2.3,11.6,36.0,229,19.09,976.2,loc_salem,11.6643,78.146,ECMWF_ERA5_Reanalysis
2020-08-12,30.3,22.5,26.1,35.0,26.9,30.6,0.7,8.1,34.2,237,15.52,977.0,loc_salem,11.6643,78.146,ECMWF_ERA5_Reanalysis
2020-08-13,31.3,22.3,26.8,35.2,26.7,31.0,0.3,10.8,32.0,250,17.87,975.3,loc_salem,11.6643,78.146,ECMWF_ERA5_Reanalysis
2020-08-14,30.9,22.2,26.6,34.9,26.2,30.7,0.1,8.1,33.1,233,16.88,974.3,loc_salem,11.6643,78.146,ECMWF_ERA5_Reanalysis
2020-08-15,31.3,22.7,26.6,35.7,26.8,30.3,0.0,10.5,24.8,216,16.26,974.7,loc_salem,11.6643,78.146,ECMWF_ERA5_Reanalysis
2020-08-16,31.4,21.6,26.4,34.3,25.2,30.0,0.0,11.3,27.0,242,15.81,975.3,loc_salem,11.6643,78.146,ECMWF_ERA5_Reanalysis
2020-08-17,32.3,23.3,26.8,37.4,27.5,31.3,4.3,9.1,38.9,239,20.33,974.9,loc_salem,11.6643,78.146,ECMWF_ERA5_Reanalysis
2020-08-18,32.0,23.1,26.7,36.9,28.0,31.5,6.4,9.5,33.1,254,17.04,975.1,loc_salem,11.6643,78.146,ECMWF_ERA5_Reanalysis
2020-08-19,33.7,22.6,27.8,37.2,27.1,31.7,0.0,12.6,37.4,287,20.77,974.1,loc_salem,11.6643,78.146,ECMWF_ERA5_Reanalysis
2020-08-20,32.8,24.4,28.0,36.9,28.8,32.1,0.0,10.1,32.0,270,17.7,974.1,loc_salem,11.6643,78.146,ECMWF_ERA5_Reanalysis
2020-08-21,34.5,23.5,28.7,38.8,28.1,33.1,0.0,10.8,27.0,263,22.68,975.8,loc_salem,11.6643,78.146,ECMWF_ERA5_Reanalysis
2020-08-22,34.4,24.5,29.5,39.3,28.5,33.4,0.6,10.3,27.0,320,23.64,976.5,loc_salem,11.6643,78.146,ECMWF_ERA5_Reanalysis
2020-08-23,31.9,23.8,27.8,37.0,28.7,32.2,19.4,8.8,32.4,253,15.77,976.7,loc_salem,11.6643,78.146,ECMWF_ERA5_Reanalysis
2020-08-24,33.4,23.9,28.0,38.2,29.0,32.6,2.4,9.2,24.5,303,21.01,976.8,loc_salem,11.6643,78.146,ECMWF_ERA5_Reanalysis
2020-08-25,33.5,23.9,28.5,36.6,29.3,32.4,0.0,10.5,28.8,335,19.19,977.3,loc_salem,11.6643,78.146,ECMWF_ERA5_Reanalysis
2020-08-26,33.2,24.5,28.5,37.2,29.4,32.6,1.5,13.5,39.6,249,18.68,977.3,loc_salem,11.6643,78.146,ECMWF_ERA5_Reanalysis
2020-08-27,33.9,23.9,28.5,38.4,28.6,32.6,0.2,11.4,31.7,258,21.5,976.2,loc_salem,11.6643,78.146,ECMWF_ERA5_Reanalysis
2020-08-28,34.8,23.4,29.3,38.9,27.5,32.5,0.2,12.4,33.1,281,24.79,975.3,loc_salem,11.6643,78.146,ECMWF_ERA5_Reanalysis
2020-08-29,36.5,24.0,30.0,39.6,27.9,32.7,0.1,14.8,36.4,254,25.11,975.3,loc_salem,11.6643,78.146,ECMWF_ERA5_Reanalysis
2020-08-30,36.5,24.6,29.8,40.0,29.5,33.3,5.1,13.4,40.7,292,23.26,975.8,loc_salem,11.6643,78.146,ECMWF_ERA5_Reanalysis
2020-08-31,34.3,24.1,28.4,38.0,27.1,32.1,21.0,13.0,34.6,336,21.45,976.4,loc_salem,11.6643,78.146,ECMWF_ERA5_Reanalysis
2020-09-01,33.1,23.3,27.0,37.2,27.6,31.5,21.1,14.9,41.4,335,19.99,976.3,loc_salem,11.6643,78.146,ECMWF_ERA5_Reanalysis
2020-09-02,28.3,23.1,25.2,32.8,27.9,29.9,54.0,10.8,31.3,335,11.47,975.7,loc_salem,11.6643,78.146,ECMWF_ERA5_Reanalysis
2020-09-03,30.5,22.6,26.3,35.5,27.1,30.9,4.6,10.3,23.8,99,18.38,975.2,loc_salem,11.6643,78.146,ECMWF_ERA5_Reanalysis
2020-09-04,30.7,23.1,26.7,36.6,27.4,31.8,12.3,9.1,29.9,112,20.82,975.2,loc_salem,11.6643,78.146,ECMWF_ERA5_Reanalysis
2020-09-05,30.5,23.3,26.7,37.6,27.9,31.8,7.7,10.6,29.5,105,20.3,974.5,loc_salem,11.6643,78.146,ECMWF_ERA5_Reanalysis
2020-09-06,30.0,23.5,26.1,35.7,27.9,31.1,14.8,12.6,28.1,165,17.0,974.7,loc_salem,11.6643,78.146,ECMWF_ERA5_Reanalysis
2020-09-07,30.8,22.1,26.1,34.7,25.3,29.9,1.5,15.3,37.8,214,16.9,975.7,loc_salem,11.6643,78.146,ECMWF_ERA5_Reanalysis
2020-09-08,32.3,23.0,27.0,38.0,27.6,31.9,1.0,11.3,28.8,202,21.93,975.7,loc_salem,11.6643,78.146,ECMWF_ERA5_Reanalysis
2020-09-09,30.9,23.7,26.4,36.9,28.7,31.3,13.1,10.4,28.4,195,16.1,975.1,loc_salem,11.6643,78.146,ECMWF_ERA5_Reanalysis
2020-09-10,29.5,23.4,25.3,34.6,27.1,29.4,15.7,16.4,42.5,201,14.63,974.1,loc_salem,11.6643,78.146,ECMWF_ERA5_Reanalysis
2020-09-11,28.1,22.8,24.8,31.0,26.2,28.5,4.2,14.5,33.5,201,8.18,974.8,loc_salem,11.6643,78.146,ECMWF_ERA5_Reanalysis
2020-09-12,27.9,22.7,25.0,31.6,26.7,29.2,13.8,14.5,34.2,213,9.98,976.6,loc_salem,11.6643,78.146,ECMWF_ERA5_Reanalysis
2020-09-13,27.4,22.8,24.6,31.8,27.5,29.3,9.1,7.9,38.2,229,9.39,976.9,loc_salem,11.6643,78.146,ECMWF_ERA5_Reanalysis
2020-09-14,29.8,22.8,25.5,35.9,27.6,30.2,1.5,7.6,38.2,255,16.47,975.6,loc_salem,11.6643,78.146,ECMWF_ERA5_Reanalysis
2020-09-15,30.4,22.2,25.8,36.7,26.5,30.4,1.6,9.7,37.8,232,19.4,975.3,loc_salem,11.6643,78.146,ECMWF_ERA5_Reanalysis
2020-09-16,29.9,22.3,26.1,35.0,26.8,30.7,0.2,7.1,31.0,234,17.2,975.4,loc_salem,11.6643,78.146,ECMWF_ERA5_Reanalysis
2020-09-17,31.4,22.3,26.6,36.2,26.5,31.0,0.2,12.7,31.7,247,21.42,975.8,loc_salem,11.6643,78.146,ECMWF_ERA5_Reanalysis
2020-09-18,30.2,22.7,26.4,34.9,27.3,30.5,9.9,10.3,40.7,253,16.68,974.7,loc_salem,11.6643,78.146,ECMWF_ERA5_Reanalysis
2020-09-19,28.6,22.7,25.0,32.1,26.9,29.1,10.9,12.2,49.7,236,10.38,973.1,loc_salem,11.6643,78.146,ECMWF_ERA5_Reanalysis
2020-09-20,26.9,22.5,24.1,29.4,26.4,27.7,5.3,18.3,48.6,222,9.5,973.0,loc_salem,11.6643,78.146,ECMWF_ERA5_Reanalysis
2020-09-21,28.0,22.6,24.7,30.5,26.4,28.2,3.8,17.0,39.6,222,7.95,973.4,loc_salem,11.6643,78.146,ECMWF_ERA5_Reanalysis
2020-09-22,32.1,22.4,26.4,35.6,26.3,30.1,0.7,15.0,38.5,223,20.89,974.1,loc_salem,11.6643,78.146,ECMWF_ERA5_Reanalysis
2020-09-23,31.8,21.3,26.4,37.3,25.0,30.6,0.1,6.4,18.7,197,22.71,975.8,loc_salem,11.6643,78.146,ECMWF_ERA5_Reanalysis
2020-09-24,32.7,22.6,27.3,38.1,26.6,31.6,0.0,8.0,20.5,246,23.39,977.2,loc_salem,11.6643,78.146,ECMWF_ERA5_Reanalysis
2020-09-25,31.9,24.2,27.0,36.4,29.0,31.3,3.9,10.8,27.0,211,16.75,977.1,loc_salem,11.6643,78.146,ECMWF_ERA5_Reanalysis
2020-09-26,28.0,23.8,25.8,32.1,28.3,30.0,0.9,8.7,22.7,278,8.31,977.0,loc_salem,11.6643,78.146,ECMWF_ERA5_Reanalysis
2020-09-27,31.4,23.9,27.6,35.2,28.4,31.2,0.0,12.0,40.0,319,18.82,977.0,loc_salem,11.6643,78.146,ECMWF_ERA5_Reanalysis
2020-09-28,32.4,23.7,27.6,37.2,28.2,32.0,3.2,10.0,30.2,250,19.83,976.5,loc_salem,11.6643,78.146,ECMWF_ERA5_Reanalysis
2020-09-29,31.8,22.9,26.0,38.3,26.8,30.2,25.9,11.3,32.4,311,18.46,976.0,loc_salem,11.6643,78.146,ECMWF_ERA5_Reanalysis
2020-09-30,28.7,23.1,25.6,34.3,27.6,30.0,2.2,9.8,34.9,297,14.26,975.4,loc_salem,11.6643,78.146,ECMWF_ERA5_Reanalysis
2020-10-01,32.3,21.8,26.8,35.3,25.8,29.7,0.0,16.5,40.3,326,22.52,975.3,loc_salem,11.6643,78.146,ECMWF_ERA5_Reanalysis
2020-10-02,31.8,22.3,27.2,35.9,26.3,30.8,0.6,11.0,29.9,269,22.34,975.6,loc_salem,11.6643,78.146,ECMWF_ERA5_Reanalysis
2020-10-03,32.5,23.8,27.7,37.5,27.1,31.4,0.7,11.8,33.5,292,21.38,976.2,loc_salem,11.6643,78.146,ECMWF_ERA5_Reanalysis
2020-10-04,31.4,23.0,26.7,35.3,25.9,30.0,0.0,8.7,26.3,295,16.53,977.3,loc_salem,11.6643,78.146,ECMWF_ERA5_Reanalysis
2020-10-05,32.9,22.2,27.6,36.2,25.7,30.5,0.0,15.3,38.9,329,23.59,976.4,loc_salem,11.6643,78.146,ECMWF_ERA5_Reanalysis
2020-10-06,34.0,24.3,28.8,37.3,27.7,32.0,0.1,12.8,32.8,319,22.56,975.7,loc_salem,11.6643,78.146,ECMWF_ERA5_Reanalysis
2020-10-07,34.4,23.8,28.7,38.0,28.4,32.6,0.3,14.0,35.6,300,22.73,976.2,loc_salem,11.6643,78.146,ECMWF_ERA5_Reanalysis
2020-10-08,33.4,23.2,28.1,38.3,27.9,32.3,4.8,11.2,34.2,180,20.98,976.2,loc_salem,11.6643,78.146,ECMWF_ERA5_Reanalysis
2020-10-09,31.9,23.7,27.3,37.2,28.5,31.9,19.0,7.1,23.8,304,19.46,976.3,loc_salem,11.6643,78.146,ECMWF_ERA5_Reanalysis
2020-10-10,30.7,23.8,26.7,35.6,26.9,31.0,1.3,13.0,30.2,306,15.58,975.6,loc_salem,11.6643,78.146,ECMWF_ERA5_Reanalysis
2020-10-11,28.5,23.1,25.2,32.6,27.9,29.8,4.2,8.7,37.1,238,10.27,974.3,loc_salem,11.6643,78.146,ECMWF_ERA5_Reanalysis
2020-10-12,30.8,22.0,25.5,34.3,26.3,29.4,1.7,16.6,38.9,198,14.49,972.5,loc_salem,11.6643,78.146,ECMWF_ERA5_Reanalysis
2020-10-13,30.5,23.0,25.8,35.6,26.9,30.0,5.2,11.7,46.8,242,17.74,971.8,loc_salem,11.6643,78.146,ECMWF_ERA5_Reanalysis
2020-10-14,32.5,21.4,26.3,35.6,25.0,29.5,0.0,12.9,31.3,229,22.42,973.0,loc_salem,11.6643,78.146,ECMWF_ERA5_Reanalysis
2020-10-15,33.2,21.8,26.7,35.6,25.4,29.7,0.0,17.4,43.2,214,22.65,973.8,loc_salem,11.6643,78.146,ECMWF_ERA5_Reanalysis
2020-10-16,32.4,22.2,26.9,37.5,26.1,31.1,0.1,9.8,29.9,215,21.62,973.7,loc_salem,11.6643,78.146,ECMWF_ERA5_Reanalysis
2020-10-17,32.8,23.0,27.6,36.3,26.9,30.9,0.6,13.5,39.6,299,21.55,974.7,loc_salem,11.6643,78.146,ECMWF_ERA5_Reanalysis
2020-10-18,27.8,23.9,25.4,31.7,28.9,29.9,4.9,7.2,20.5,302,8.35,975.7,loc_salem,11.6643,78.146,ECMWF_ERA5_Reanalysis
2020-10-19,31.0,22.8,26.4,34.9,26.3,30.5,5.2,16.3,40.3,332,18.57,975.3,loc_salem,11.6643,78.146,ECMWF_ERA5_Reanalysis
2020-10-20,28.7,23.1,25.8,33.4,27.5,30.4,14.2,10.6,31.7,301,13.56,974.9,loc_salem,11.6643,78.146,ECMWF_ERA5_Reanalysis
2020-10-21,27.8,23.0,25.3,33.1,27.4,29.9,6.2,9.5,38.9,328,10.33,975.5,loc_salem,11.6643,78.146,ECMWF_ERA5_Reanalysis
2020-10-22,30.2,23.3,26.0,34.1,26.9,30.2,4.0,11.2,33.1,304,16.75,975.3,loc_salem,11.6643,78.146,ECMWF_ERA5_Reanalysis
2020-10-23,30.4,22.2,26.2,33.8,26.5,30.3,0.5,8.3,30.2,288,15.11,975.7,loc_salem,11.6643,78.146,ECMWF_ERA5_Reanalysis
2020-10-24,29.8,22.9,26.0,32.1,23.0,27.9,1.2,13.9,34.2,349,17.11,977.2,loc_salem,11.6643,78.146,ECMWF_ERA5_Reanalysis
2020-10-25,29.3,22.2,25.8,33.6,25.2,29.5,1.0,9.3,21.6,18,11.21,978.0,loc_salem,11.6643,78.146,ECMWF_ERA5_Reanalysis
2020-10-26,32.3,23.4,27.5,37.7,26.9,31.5,2.5,7.8,26.3,56,19.82,978.2,loc_salem,11.6643,78.146,ECMWF_ERA5_Reanalysis
2020-10-27,33.0,22.9,27.3,36.1,26.2,30.5,0.8,8.7,24.1,36,21.15,977.8,loc_salem,11.6643,78.146,ECMWF_ERA5_Reanalysis
2020-10-28,33.7,22.8,27.6,35.0,26.0,29.9,0.1,15.3,34.2,16,21.51,978.1,loc_salem,11.6643,78.146,ECMWF_ERA5_Reanalysis
2020-10-29,33.0,21.9,26.9,34.9,25.4,29.5,0.0,12.3,33.1,352,22.23,978.5,loc_salem,11.6643,78.146,ECMWF_ERA5_Reanalysis
2020-10-30,32.1,21.7,26.4,36.9,24.1,29.3,0.4,13.1,31.3,74,18.69,978.4,loc_salem,11.6643,78.146,ECMWF_ERA5_Reanalysis
2020-10-31,33.0,23.1,28.2,37.1,27.1,31.3,0.7,13.4,31.7,69,20.69,978.4,loc_salem,11.6643,78.146,ECMWF_ERA5_Reanalysis
2020-11-01,33.4,24.0,28.7,37.2,28.1,31.9,0.6,17.0,37.8,75,20.13,979.1,loc_salem,11.6643,78.146,ECMWF_ERA5_Reanalysis
2020-11-02,33.8,24.5,29.1,37.3,28.6,32.3,1.1,12.2,32.0,83,18.45,979.7,loc_salem,11.6643,78.146,ECMWF_ERA5_Reanalysis
2020-11-03,34.7,24.2,29.2,38.3,28.5,32.5,0.9,15.3,35.6,91,20.35,979.6,loc_salem,11.6643,78.146,ECMWF_ERA5_Reanalysis
2020-11-04,34.2,24.5,28.3,38.5,29.0,32.3,9.2,13.7,36.4,98,18.83,979.2,loc_salem,11.6643,78.146,ECMWF_ERA5_Reanalysis
2020-11-05,31.9,22.9,26.5,36.8,27.5,30.8,9.5,12.0,34.6,103,15.47,979.7,loc_salem,11.6643,78.146,ECMWF_ERA5_Reanalysis
2020-11-06,31.5,23.1,26.8,34.7,27.9,30.7,0.9,13.3,34.6,100,17.76,980.8,loc_salem,11.6643,78.146,ECMWF_ERA5_Reanalysis
2020-11-07,32.8,22.2,27.2,35.5,26.7,30.7,0.5,13.8,32.4,78,18.6,981.2,loc_salem,11.6643,78.146,ECMWF_ERA5_Reanalysis
2020-11-08,32.6,22.4,26.7,34.6,26.9,30.1,0.6,14.8,38.2,86,18.29,981.4,loc_salem,11.6643,78.146,ECMWF_ERA5_Reanalysis
2020-11-09,33.3,22.5,27.3,34.9,26.0,30.1,0.0,14.4,33.1,39,20.06,980.3,loc_salem,11.6643,78.146,ECMWF_ERA5_Reanalysis
2020-11-10,32.5,19.4,25.8,34.5,22.0,27.7,0.0,11.5,27.0,63,22.55,978.6,loc_salem,11.6643,78.146,ECMWF_ERA5_Reanalysis
2020-11-11,34.1,18.2,26.3,36.2,20.1,28.5,0.0,16.3,38.2,61,20.56,978.3,loc_salem,11.6643,78.146,ECMWF_ERA5_Reanalysis
2020-11-12,33.6,23.1,27.6,37.2,27.7,31.3,1.6,17.3,41.4,93,18.0,978.9,loc_salem,11.6643,78.146,ECMWF_ERA5_Reanalysis
2020-11-13,29.8,23.7,26.1,33.8,28.4,30.3,9.3,13.4,38.9,94,13.72,979.2,loc_salem,11.6643,78.146,ECMWF_ERA5_Reanalysis
2020-11-14,33.4,22.5,27.1,35.6,27.0,30.4,0.3,16.4,41.8,67,18.97,978.1,loc_salem,11.6643,78.146,ECMWF_ERA5_Reanalysis
2020-11-15,29.6,21.9,24.6,32.5,25.5,28.8,18.2,9.1,36.7,67,6.18,977.4,loc_salem,11.6643,78.146,ECMWF_ERA5_Reanalysis
2020-11-16,29.4,23.0,24.8,33.7,27.8,29.4,11.8,15.0,37.1,98,10.82,978.7,loc_salem,11.6643,78.146,ECMWF_ERA5_Reanalysis
2020-11-17,28.9,22.2,25.0,30.9,26.7,28.7,6.5,17.8,50.4,107,14.36,978.4,loc_salem,11.6643,78.146,ECMWF_ERA5_Reanalysis
2020-11-18,29.2,22.6,25.5,32.2,26.8,29.1,5.2,16.3,42.8,93,15.75,978.6,loc_salem,11.6643,78.146,ECMWF_ERA5_Reanalysis
2020-11-19,30.6,20.9,25.4,33.4,24.5,28.6,0.0,14.7,34.2,104,18.51,979.2,loc_salem,11.6643,78.146,ECMWF_ERA5_Reanalysis
2020-11-20,30.7,21.3,25.6,33.6,25.2,28.5,0.0,16.3,37.8,107,20.23,979.7,loc_salem,11.6643,78.146,ECMWF_ERA5_Reanalysis
2020-11-21,31.4,19.2,24.6,34.8,20.9,26.6,0.0,11.6,27.4,82,21.87,980.0,loc_salem,11.6643,78.146,ECMWF_ERA5_Reanalysis
2020-11-22,31.9,17.5,23.9,33.0,18.8,24.9,0.0,11.1,27.4,57,21.86,980.4,loc_salem,11.6643,78.146,ECMWF_ERA5_Reanalysis
2020-11-23,30.9,18.3,24.6,33.0,19.7,26.6,0.0,7.7,24.5,55,18.42,980.0,loc_salem,11.6643,78.146,ECMWF_ERA5_Reanalysis
2020-11-24,30.6,21.3,25.7,32.0,24.2,28.2,0.8,12.6,31.0,9,12.98,978.5,loc_salem,11.6643,78.146,ECMWF_ERA5_Reanalysis
2020-11-25,30.5,22.8,25.3,29.9,23.8,26.6,4.9,23.8,54.7,340,9.18,976.2,loc_salem,11.6643,78.146,ECMWF_ERA5_Reanalysis
2020-11-26,24.6,21.8,23.0,29.1,24.9,26.5,56.9,13.4,36.0,289,4.33,976.0,loc_salem,11.6643,78.146,ECMWF_ERA5_Reanalysis
2020-11-27,29.7,20.9,25.1,32.9,24.3,28.0,1.9,16.2,37.4,344,20.01,978.3,loc_salem,11.6643,78.146,ECMWF_ERA5_Reanalysis
2020-11-28,28.3,20.9,24.5,31.3,24.6,27.8,1.8,14.1,34.9,96,15.7,980.3,loc_salem,11.6643,78.146,ECMWF_ERA5_Reanalysis
2020-11-29,29.9,21.1,25.0,32.7,24.7,28.5,0.7,12.3,30.2,89,16.2,980.5,loc_salem,11.6643,78.146,ECMWF_ERA5_Reanalysis
2020-11-30,30.2,21.1,25.1,33.1,25.2,28.8,1.7,9.0,24.1,62,15.79,980.6,loc_salem,11.6643,78.146,ECMWF_ERA5_Reanalysis
2020-12-01,29.8,19.3,24.0,31.6,22.3,26.6,0.0,8.8,22.3,44,20.33,980.8,loc_salem,11.6643,78.146,ECMWF_ERA5_Reanalysis
2020-12-02,30.3,21.7,25.0,32.2,23.2,27.3,1.0,11.7,29.9,1,14.28,979.1,loc_salem,11.6643,78.146,ECMWF_ERA5_Reanalysis
2020-12-03,24.3,20.3,22.3,27.3,20.7,24.6,33.1,18.2,50.8,331,4.0,977.2,loc_salem,11.6643,78.146,ECMWF_ERA5_Reanalysis
2020-12-04,24.3,22.1,23.0,28.8,24.8,26.8,73.1,12.5,52.2,316,2.91,976.3,loc_salem,11.6643,78.146,ECMWF_ERA5_Reanalysis
2020-12-05,29.3,21.9,24.6,33.3,25.2,28.7,4.4,8.4,28.1,348,13.42,977.3,loc_salem,11.6643,78.146,ECMWF_ERA5_Reanalysis
2020-12-06,27.9,22.0,24.1,32.5,25.4,28.3,11.6,9.7,35.6,109,9.65,978.6,loc_salem,11.6643,78.146,ECMWF_ERA5_Reanalysis
2020-12-07,25.3,22.0,23.5,29.6,26.4,27.6,16.9,15.6,37.1,94,5.12,980.2,loc_salem,11.6643,78.146,ECMWF_ERA5_Reanalysis
2020-12-08,28.1,21.3,23.9,31.0,25.0,27.5,1.7,17.2,41.8,94,14.27,981.1,loc_salem,11.6643,78.146,ECMWF_ERA5_Reanalysis
2020-12-09,28.3,20.6,24.1,31.2,24.1,27.3,0.0,14.2,35.6,101,15.81,980.7,loc_salem,11.6643,78.146,ECMWF_ERA5_Reanalysis
2020-12-10,28.3,20.1,23.8,30.9,22.9,26.4,0.0,12.3,27.0,103,18.68,980.9,loc_salem,11.6643,78.146,ECMWF_ERA5_Reanalysis
2020-12-11,28.7,18.7,23.5,32.6,21.1,26.1,0.0,14.3,33.1,98,20.58,980.8,loc_salem,11.6643,78.146,ECMWF_ERA5_Reanalysis
2020-12-12,28.2,19.3,23.2,31.3,21.9,25.6,0.0,10.1,23.4,83,19.88,980.6,loc_salem,11.6643,78.146,ECMWF_ERA5_Reanalysis
2020-12-13,28.1,18.6,23.4,30.9,21.1,25.9,0.0,10.9,24.8,95,18.75,979.7,loc_salem,11.6643,78.146,ECMWF_ERA5_Reanalysis
2020-12-14,28.3,19.5,23.4,30.5,21.9,25.5,0.0,10.0,24.5,104,17.99,979.7,loc_salem,11.6643,78.146,ECMWF_ERA5_Reanalysis
2020-12-15,29.1,17.8,23.7,31.4,19.8,26.1,0.0,10.6,27.4,83,17.11,980.4,loc_salem,11.6643,78.146,ECMWF_ERA5_Reanalysis
2020-12-16,28.2,20.9,24.0,30.8,24.1,27.2,1.4,10.1,28.8,87,10.72,981.0,loc_salem,11.6643,78.146,ECMWF_ERA5_Reanalysis
2020-12-17,25.4,21.4,23.0,29.9,25.6,27.3,13.1,7.1,31.7,136,5.95,981.1,loc_salem,11.6643,78.146,ECMWF_ERA5_Reanalysis
2020-12-18,28.6,20.8,24.1,31.2,24.8,27.7,0.4,8.7,22.3,95,13.95,980.8,loc_salem,11.6643,78.146,ECMWF_ERA5_Reanalysis
2020-12-19,29.2,20.3,23.9,29.8,23.3,26.6,0.0,12.3,31.0,80,14.3,981.5,loc_salem,11.6643,78.146,ECMWF_ERA5_Reanalysis
2020-12-20,29.4,18.0,22.8,30.8,20.4,24.9,0.2,12.0,31.0,73,16.71,981.6,loc_salem,11.6643,78.146,ECMWF_ERA5_Reanalysis
2020-12-21,28.6,17.1,22.3,30.1,18.4,23.8,0.0,10.2,27.7,80,19.72,980.9,loc_salem,11.6643,78.146,ECMWF_ERA5_Reanalysis
2020-12-22,28.0,17.3,22.6,29.7,18.9,24.3,0.0,14.1,33.5,103,15.1,980.3,loc_salem,11.6643,78.146,ECMWF_ERA5_Reanalysis
2020-12-23,28.5,20.7,24.4,30.8,22.9,26.7,0.0,12.1,27.7,112,15.54,979.5,loc_salem,11.6643,78.146,ECMWF_ERA5_Reanalysis
2020-12-24,28.2,20.1,23.9,31.3,22.2,25.8,0.0,18.1,41.0,96,15.27,978.6,loc_salem,11.6643,78.146,ECMWF_ERA5_Reanalysis
2020-12-25,29.4,20.4,24.1,31.9,22.2,25.8,0.0,14.1,34.2,99,19.99,979.5,loc_salem,11.6643,78.146,ECMWF_ERA5_Reanalysis
2020-12-26,29.0,18.0,23.0,32.2,19.8,24.8,0.0,12.0,26.6,87,21.07,980.4,loc_salem,11.6643,78.146,ECMWF_ERA5_Reanalysis
2020-12-27,30.6,16.0,23.1,34.1,17.2,25.1,0.0,14.1,32.4,96,21.2,979.6,loc_salem,11.6643,78.146,ECMWF_ERA5_Reanalysis
2020-12-28,29.3,17.3,23.2,31.9,19.3,25.3,0.0,9.5,24.5,82,17.07,979.4,loc_salem,11.6643,78.146,ECMWF_ERA5_Reanalysis
2020-12-29,30.1,20.2,24.5,32.8,22.5,27.1,1.1,16.4,38.2,108,15.33,979.1,loc_salem,11.6643,78.146,ECMWF_ERA5_Reanalysis
2020-12-30,30.5,21.3,25.1,32.6,24.8,28.1,0.6,16.2,38.2,96,15.39,979.1,loc_salem,11.6643,78.146,ECMWF_ERA5_Reanalysis
2020-12-31,26.7,20.5,23.5,29.7,23.6,27.1,5.5,9.5,39.6,87,8.63,979.7,loc_salem,11.6643,78.146,ECMWF_ERA5_Reanalysis
2021-01-01,29.7,19.3,23.2,30.9,21.7,25.7,0.0,14.7,36.4,85,17.38,980.5,loc_salem,11.6643,78.146,ECMWF_ERA5_Reanalysis
2021-01-02,28.8,17.1,23.0,30.4,19.1,25.4,1.3,11.7,30.2,77,14.73,980.0,loc_salem,11.6643,78.146,ECMWF_ERA5_Reanalysis
2021-01-03,27.5,20.9,23.9,30.5,24.3,27.1,3.1,13.9,37.8,114,10.71,978.8,loc_salem,11.6643,78.146,ECMWF_ERA5_Reanalysis
2021-01-04,29.0,21.5,24.6,30.7,25.3,27.6,0.7,13.8,34.9,109,13.12,979.0,loc_salem,11.6643,78.146,ECMWF_ERA5_Reanalysis
2021-01-05,29.4,21.1,24.4,32.4,24.8,27.9,3.2,10.5,30.2,92,10.71,979.4,loc_salem,11.6643,78.146,ECMWF_ERA5_Reanalysis
2021-01-06,29.0,22.0,24.4,32.1,26.4,28.2,3.3,16.1,37.8,103,13.31,978.7,loc_salem,11.6643,78.146,ECMWF_ERA5_Reanalysis
2021-01-07,28.0,22.0,24.3,31.3,26.2,27.9,2.9,14.7,33.8,100,9.42,977.6,loc_salem,11.6643,78.146,ECMWF_ERA5_Reanalysis
2021-01-08,29.8,21.7,24.8,33.8,25.8,28.4,4.0,15.6,36.4,102,14.92,977.0,loc_salem,11.6643,78.146,ECMWF_ERA5_Reanalysis
2021-01-09,29.4,21.8,25.0,32.0,25.6,28.3,0.5,14.2,33.1,93,13.08,977.7,loc_salem,11.6643,78.146,ECMWF_ERA5_Reanalysis
2021-01-10,29.8,22.2,24.9,34.2,26.2,29.1,3.2,9.0,27.4,101,13.94,978.3,loc_salem,11.6643,78.146,ECMWF_ERA5_Reanalysis
2021-01-11,27.0,22.2,24.0,30.4,26.4,28.4,7.5,5.8,20.9,288,6.13,979.1,loc_salem,11.6643,78.146,ECMWF_ERA5_Reanalysis
2021-01-12,27.2,21.1,23.5,30.1,24.8,27.3,2.7,9.3,40.3,15,6.25,978.8,loc_salem,11.6643,78.146,ECMWF_ERA5_Reanalysis
2021-01-13,28.9,21.8,24.4,30.6,25.2,27.3,0.8,15.5,37.4,95,14.26,978.9,loc_salem,11.6643,78.146,ECMWF_ERA5_Reanalysis
2021-01-14,27.3,20.1,23.4,30.3,23.4,26.8,1.8,10.3,33.8,102,12.67,978.9,loc_salem,11.6643,78.146,ECMWF_ERA5_Reanalysis
2021-01-15,28.8,21.4,24.4,31.3,25.0,27.7,0.2,11.5,30.6,101,13.03,978.7,loc_salem,11.6643,78.146,ECMWF_ERA5_Reanalysis
2021-01-16,28.9,21.1,24.6,31.5,24.7,27.3,0.2,16.7,38.2,100,15.05,978.1,loc_salem,11.6643,78.146,ECMWF_ERA5_Reanalysis
2021-01-17,29.8,19.9,24.0,33.0,22.4,26.6,0.0,17.1,40.0,93,19.36,979.0,loc_salem,11.6643,78.146,ECMWF_ERA5_Reanalysis
2021-01-18,28.7,16.5,22.4,31.2,18.0,24.3,0.0,10.2,24.8,101,21.42,980.1,loc_salem,11.6643,78.146,ECMWF_ERA5_Reanalysis
2021-01-19,30.0,17.3,23.3,32.6,19.2,25.3,0.0,9.9,23.4,67,19.68,979.7,loc_salem,11.6643,78.146,ECMWF_ERA5_Reanalysis
2021-01-20,31.2,18.2,24.2,34.9,20.2,26.5,0.0,12.0,31.0,101,18.91,980.0,loc_salem,11.6643,78.146,ECMWF_ERA5_Reanalysis
2021-01-21,31.2,21.3,25.7,34.2,24.5,28.8,0.0,13.0,30.2,96,16.02,979.7,loc_salem,11.6643,78.146,ECMWF_ERA5_Reanalysis
2021-01-22,28.9,22.6,25.6,32.3,26.1,28.7,1.5,13.4,31.3,92,15.77,979.6,loc_salem,11.6643,78.146,ECMWF_ERA5_Reanalysis
2021-01-23,31.6,20.9,25.3,34.7,24.5,27.7,0.0,18.8,43.2,96,19.34,979.8,loc_salem,11.6643,78.146,ECMWF_ERA5_Reanalysis
2021-01-24,30.0,19.8,24.3,32.7,22.7,26.2,0.0,16.3,36.4,99,21.47,980.6,loc_salem,11.6643,78.146,ECMWF_ERA5_Reanalysis
2021-01-25,29.7,18.6,24.0,31.4,20.8,25.5,0.0,14.5,36.0,99,21.39,981.1,loc_salem,11.6643,78.146,ECMWF_ERA5_Reanalysis
2021-01-26,30.7,17.6,23.5,33.2,19.5,25.2,0.0,16.3,37.1,107,21.79,980.4,loc_salem,11.6643,78.146,ECMWF_ERA5_Reanalysis
2021-01-27,31.2,17.4,23.7,32.6,19.4,24.9,0.0,15.6,35.6,102,22.79,980.7,loc_salem,11.6643,78.146,ECMWF_ERA5_Reanalysis
2021-01-28,30.9,16.9,23.9,31.3,18.5,25.0,0.0,17.9,41.8,97,20.04,980.9,loc_salem,11.6643,78.146,ECMWF_ERA5_Reanalysis
2021-01-29,30.5,19.0,24.2,32.3,21.7,26.4,0.4,15.4,36.4,94,15.81,981.2,loc_salem,11.6643,78.146,ECMWF_ERA5_Reanalysis
2021-01-30,31.3,20.9,25.5,33.7,24.1,27.6,0.0,15.4,36.7,103,17.77,980.5,loc_salem,11.6643,78.146,ECMWF_ERA5_Reanalysis
2021-01-31,32.2,20.6,25.8,34.5,23.2,27.3,0.0,20.4,46.4,100,20.51,980.7,loc_salem,11.6643,78.146,ECMWF_ERA5_Reanalysis
2021-02-01,32.3,19.1,25.4,33.5,21.1,26.6,0.0,20.7,47.9,94,22.54,982.2,loc_salem,11.6643,78.146,ECMWF_ERA5_Reanalysis
2021-02-02,32.3,18.4,25.3,33.1,20.7,26.7,0.0,16.6,42.1,92,22.89,982.6,loc_salem,11.6643,78.146,ECMWF_ERA5_Reanalysis
2021-02-03,31.1,20.3,25.0,31.8,23.0,26.5,0.0,15.9,37.1,90,14.66,982.2,loc_salem,11.6643,78.146,ECMWF_ERA5_Reanalysis
2021-02-04,31.7,19.4,25.0,33.1,21.3,25.9,0.0,21.0,49.0,96,22.45,982.0,loc_salem,11.6643,78.146,ECMWF_ERA5_Reanalysis
2021-02-05,32.7,18.5,24.8,34.6,19.9,25.9,0.0,23.8,54.0,77,23.19,981.1,loc_salem,11.6643,78.146,ECMWF_ERA5_Reanalysis
2021-02-06,33.2,18.4,25.0,34.4,20.4,26.0,0.0,20.1,45.7,72,23.42,980.1,loc_salem,11.6643,78.146,ECMWF_ERA5_Reanalysis
2021-02-07,33.0,16.9,24.7,31.7,18.6,24.6,0.0,13.4,33.5,73,24.14,980.5,loc_salem,11.6643,78.146,ECMWF_ERA5_Reanalysis
2021-02-08,32.5,16.9,24.5,32.1,17.6,24.3,0.0,18.2,43.2,85,24.07,981.4,loc_salem,11.6643,78.146,ECMWF_ERA5_Reanalysis
2021-02-09,31.8,18.0,24.4,33.6,19.3,25.1,0.0,12.8,33.8,80,23.08,980.9,loc_salem,11.6643,78.146,ECMWF_ERA5_Reanalysis
2021-02-10,32.3,16.2,23.9,32.7,16.9,24.0,0.0,17.4,39.6,103,24.47,980.1,loc_salem,11.6643,78.146,ECMWF_ERA5_Reanalysis
2021-02-11,32.9,17.7,24.5,34.6,18.5,24.7,0.0,22.4,49.7,93,24.29,979.5,loc_salem,11.6643,78.146,ECMWF_ERA5_Reanalysis
2021-02-12,32.3,16.5,24.0,32.9,16.9,24.0,0.0,18.4,41.8,103,24.84,980.1,loc_salem,11.6643,78.146,ECMWF_ERA5_Reanalysis
2021-02-13,33.3,17.7,24.8,35.2,18.8,25.5,0.0,18.9,43.9,96,24.47,981.0,loc_salem,11.6643,78.146,ECMWF_ERA5_Reanalysis
2021-02-14,34.0,18.2,25.5,36.0,20.0,26.6,0.0,21.8,49.3,101,24.22,980.8,loc_salem,11.6643,78.146,ECMWF_ERA5_Reanalysis
2021-02-15,34.9,20.3,27.0,36.4,22.2,28.0,0.0,23.4,55.1,89,23.39,979.7,loc_salem,11.6643,78.146,ECMWF_ERA5_Reanalysis
2021-02-16,33.7,21.9,27.0,35.5,23.3,28.5,0.0,20.8,50.8,99,21.13,979.5,loc_salem,11.6643,78.146,ECMWF_ERA5_Reanalysis
2021-02-17,35.0,21.2,26.6,37.1,22.7,27.5,0.0,23.1,54.7,103,23.25,978.9,loc_salem,11.6643,78.146,ECMWF_ERA5_Reanalysis
2021-02-18,33.0,21.1,26.1,35.0,22.9,27.1,0.0,18.5,42.8,99,20.33,980.2,loc_salem,11.6643,78.146,ECMWF_ERA5_Reanalysis
2021-02-19,32.9,20.4,26.5,33.6,22.0,27.5,0.0,18.4,43.2,97,23.27,980.5,loc_salem,11.6643,78.146,ECMWF_ERA5_Reanalysis
2021-02-20,30.5,22.0,25.1,32.2,25.3,27.7,4.7,13.0,32.4,84,13.16,980.2,loc_salem,11.6643,78.146,ECMWF_ERA5_Reanalysis
2021-02-21,29.9,20.7,24.6,31.9,24.1,26.9,0.9,20.3,46.4,99,16.06,980.9,loc_salem,11.6643,78.146,ECMWF_ERA5_Reanalysis
2021-02-22,32.9,20.2,26.1,35.9,23.6,28.6,0.5,16.0,40.0,100,18.97,981.4,loc_salem,11.6643,78.146,ECMWF_ERA5_Reanalysis
2021-02-23,34.6,21.8,27.3,37.4,24.9,29.4,0.0,18.3,42.8,108,22.14,980.2,loc_salem,11.6643,78.146,ECMWF_ERA5_Reanalysis
2021-02-24,35.2,21.7,27.4,37.4,24.8,29.1,0.0,19.2,45.4,104,23.47,979.5,loc_salem,11.6643,78.146,ECMWF_ERA5_Reanalysis
2021-02-25,36.8,20.8,27.9,38.7,22.8,28.9,0.0,19.4,43.2,93,23.98,979.2,loc_salem,11.6643,78.146,ECMWF_ERA5_Reanalysis
2021-02-26,37.8,21.7,28.9,38.9,23.8,29.7,0.0,17.7,41.0,78,23.94,978.0,loc_salem,11.6643,78.146,ECMWF_ERA5_Reanalysis
2021-02-27,38.4,22.7,29.5,40.1,23.8,30.1,0.0,18.3,42.5,105,24.67,977.1,loc_salem,11.6643,78.146,ECMWF_ERA5_Reanalysis
2021-02-28,36.6,21.0,28.5,35.0,22.2,28.2,0.0,20.6,49.0,105,25.57,977.8,loc_salem,11.6643,78.146,ECMWF_ERA5_Reanalysis
2021-03-01,36.2,19.8,28.0,34.7,20.6,27.4,0.0,20.3,48.6,107,25.68,980.5,loc_salem,11.6643,78.146,ECMWF_ERA5_Reanalysis
2021-03-02,37.0,20.7,28.5,36.1,22.0,28.1,0.0,18.8,45.7,95,25.55,980.8,loc_salem,11.6643,78.146,ECMWF_ERA5_Reanalysis
2021-03-03,36.5,19.9,28.0,35.2,20.0,26.9,0.0,19.2,46.8,93,25.79,979.7,loc_salem,11.6643,78.146,ECMWF_ERA5_Reanalysis
2021-03-04,34.0,19.2,26.5,33.1,20.1,26.1,0.0,19.2,46.1,101,25.82,979.9,loc_salem,11.6643,78.146,ECMWF_ERA5_Reanalysis
2021-03-05,35.1,19.1,26.7,35.8,20.7,27.4,0.0,19.3,43.6,103,25.89,980.8,loc_salem,11.6643,78.146,ECMWF_ERA5_Reanalysis
2021-03-06,37.3,20.8,28.5,39.8,22.8,29.7,0.0,19.6,44.3,103,24.97,980.5,loc_salem,11.6643,78.146,ECMWF_ERA5_Reanalysis
2021-03-07,37.7,21.8,28.9,38.9,24.2,29.9,0.0,22.2,50.0,105,25.8,979.6,loc_salem,11.6643,78.146,ECMWF_ERA5_Reanalysis
2021-03-08,36.1,22.3,28.3,35.7,24.9,29.3,0.0,22.0,50.0,103,25.35,980.2,loc_salem,11.6643,78.146,ECMWF_ERA5_Reanalysis
2021-03-09,35.9,21.7,28.0,37.4,24.0,29.3,0.1,19.2,47.9,107,24.32,980.7,loc_salem,11.6643,78.146,ECMWF_ERA5_Reanalysis
2021-03-10,35.5,22.5,28.3,37.0,24.9,29.9,0.0,21.5,49.7,103,21.64,980.5,loc_salem,11.6643,78.146,ECMWF_ERA5_Reanalysis
2021-03-11,34.9,23.8,28.5,36.7,25.8,30.0,0.0,20.0,44.6,103,22.35,980.8,loc_salem,11.6643,78.146,ECMWF_ERA5_Reanalysis
2021-03-12,35.2,20.8,27.9,34.1,22.3,27.8,0.0,20.8,46.8,103,26.15,981.6,loc_salem,11.6643,78.146,ECMWF_ERA5_Reanalysis
2021-03-13,35.1,20.6,27.8,34.9,21.0,28.0,0.0,18.4,44.6,101,25.89,981.0,loc_salem,11.6643,78.146,ECMWF_ERA5_Reanalysis
2021-03-14,35.9,20.7,28.3,36.1,22.0,28.0,0.0,21.0,48.6,102,25.63,979.7,loc_salem,11.6643,78.146,ECMWF_ERA5_Reanalysis
2021-03-15,36.4,21.4,29.0,36.1,20.3,28.1,0.0,18.9,43.6,105,26.02,978.9,loc_salem,11.6643,78.146,ECMWF_ERA5_Reanalysis
2021-03-16,37.3,22.1,29.3,37.1,22.3,28.8,0.0,22.5,53.6,109,25.86,978.8,loc_salem,11.6643,78.146,ECMWF_ERA5_Reanalysis
2021-03-17,37.1,21.7,29.2,36.2,21.9,29.0,0.0,18.4,45.4,108,26.14,978.1,loc_salem,11.6643,78.146,ECMWF_ERA5_Reanalysis
2021-03-18,37.3,21.4,28.9,37.4,24.1,29.5,0.0,15.9,39.6,94,24.6,978.3,loc_salem,11.6643,78.146,ECMWF_ERA5_Reanalysis
2021-03-19,35.9,21.6,28.2,36.3,22.5,28.5,0.0,17.6,42.5,101,26.07,978.1,loc_salem,11.6643,78.146,ECMWF_ERA5_Reanalysis
2021-03-20,36.9,21.3,29.0,37.5,23.2,29.7,0.0,17.4,40.7,106,26.12,977.0,loc_salem,11.6643,78.146,ECMWF_ERA5_Reanalysis
2021-03-21,37.5,22.4,29.9,38.0,25.4,30.5,0.0,18.1,42.8,108,25.82,976.7,loc_salem,11.6643,78.146,ECMWF_ERA5_Reanalysis
2021-03-22,37.5,22.3,29.7,38.0,24.9,30.5,0.0,19.5,44.6,104,25.83,978.1,loc_salem,11.6643,78.146,ECMWF_ERA5_Reanalysis
2021-03-23,37.6,23.1,29.9,37.1,24.4,30.3,0.0,20.0,47.2,101,25.98,978.8,loc_salem,11.6643,78.146,ECMWF_ERA5_Reanalysis
2021-03-24,37.7,22.3,29.6,38.1,24.6,30.9,0.0,19.9,48.2,101,25.22,978.8,loc_salem,11.6643,78.146,ECMWF_ERA5_Reanalysis
2021-03-25,37.8,23.8,30.7,37.8,27.0,31.4,0.0,20.6,50.0,103,23.25,977.8,loc_salem,11.6643,78.146,ECMWF_ERA5_Reanalysis
2021-03-26,37.4,23.5,30.3,37.6,25.3,31.0,0.0,20.6,49.0,104,23.59,977.3,loc_salem,11.6643,78.146,ECMWF_ERA5_Reanalysis
2021-03-27,37.9,23.2,30.6,37.8,25.9,31.2,0.0,21.9,51.1,104,25.54,977.1,loc_salem,11.6643,78.146,ECMWF_ERA5_Reanalysis
2021-03-28,38.5,23.8,31.1,39.7,26.2,32.3,0.0,17.9,44.6,111,23.31,976.7,loc_salem,11.6643,78.146,ECMWF_ERA5_Reanalysis
2021-03-29,39.5,24.8,31.6,40.3,28.7,33.1,0.0,18.6,48.2,133,24.71,976.5,loc_salem,11.6643,78.146,ECMWF_ERA5_Reanalysis
2021-03-30,38.5,25.6,31.7,39.3,28.8,33.3,0.0,11.4,31.3,193,23.67,975.6,loc_salem,11.6643,78.146,ECMWF_ERA5_Reanalysis
2021-03-31,42.0,25.4,33.4,43.0,26.2,34.3,0.0,14.8,37.4,182,25.64,973.6,loc_salem,11.6643,78.146,ECMWF_ERA5_Reanalysis
2021-04-01,41.0,26.6,33.0,42.3,30.8,35.2,0.0,27.0,61.9,236,24.08,974.0,loc_salem,11.6643,78.146,ECMWF_ERA5_Reanalysis
2021-04-02,41.0,25.5,33.0,42.0,29.6,34.4,0.0,15.3,36.0,249,26.09,974.3,loc_salem,11.6643,78.146,ECMWF_ERA5_Reanalysis
2021-04-03,39.1,26.3,32.4,41.4,29.6,34.8,0.0,14.1,35.3,207,22.19,975.2,loc_salem,11.6643,78.146,ECMWF_ERA5_Reanalysis
2021-04-04,38.5,26.8,32.9,40.3,30.4,34.8,0.0,12.5,34.9,224,20.61,976.1,loc_salem,11.6643,78.146,ECMWF_ERA5_Reanalysis
2021-04-05,38.3,27.3,32.3,41.9,30.8,34.7,2.0,17.3,40.3,117,20.78,976.9,loc_salem,11.6643,78.146,ECMWF_ERA5_Reanalysis
2021-04-06,37.7,25.4,31.0,38.9,28.9,32.7,0.0,21.8,51.1,106,23.89,978.0,loc_salem,11.6643,78.146,ECMWF_ERA5_Reanalysis
2021-04-07,38.5,23.9,31.0,38.0,25.8,31.4,0.0,18.9,46.4,105,26.66,978.7,loc_salem,11.6643,78.146,ECMWF_ERA5_Reanalysis
2021-04-08,38.8,23.3,30.8,39.5,26.2,31.5,0.0,20.6,47.5,117,25.97,977.2,loc_salem,11.6643,78.146,ECMWF_ERA5_Reanalysis
2021-04-09,38.2,24.1,30.9,38.4,26.6,31.5,0.0,20.4,47.9,108,26.25,976.7,loc_salem,11.6643,78.146,ECMWF_ERA5_Reanalysis
2021-04-10,37.2,24.4,30.1,37.6,27.3,31.3,0.0,19.1,44.3,106,24.47,978.1,loc_salem,11.6643,78.146,ECMWF_ERA5_Reanalysis
2021-04-11,37.3,24.4,30.2,37.7,27.3,31.8,0.0,18.7,46.4,104,24.08,979.3,loc_salem,11.6643,78.146,ECMWF_ERA5_Reanalysis
2021-04-12,35.5,25.3,29.6,39.1,28.7,32.4,0.5,17.3,43.2,103,21.18,979.8,loc_salem,11.6643,78.146,ECMWF_ERA5_Reanalysis
2021-04-13,36.4,25.4,30.3,39.2,29.3,33.3,0.0,17.6,40.3,126,22.26,979.4,loc_salem,11.6643,78.146,ECMWF_ERA5_Reanalysis
2021-04-14,34.8,24.2,28.8,38.3,28.6,32.4,21.2,17.1,39.6,152,20.44,979.0,loc_salem,11.6643,78.146,ECMWF_ERA5_Reanalysis
2021-04-15,31.8,23.5,27.0,37.6,28.2,31.5,14.3,9.1,28.8,41,17.19,978.7,loc_salem,11.6643,78.146,ECMWF_ERA5_Reanalysis
2021-04-16,34.7,23.2,28.4,39.3,27.9,32.3,1.0,16.9,39.2,215,21.78,978.0,loc_salem,11.6643,78.146,ECMWF_ERA5_Reanalysis
2021-04-17,36.1,24.0,30.3,40.5,28.2,34.0,0.0,11.6,28.4,168,23.54,978.4,loc_salem,11.6643,78.146,ECMWF_ERA5_Reanalysis
2021-04-18,36.6,25.9,31.1,40.3,30.1,34.3,0.0,12.6,35.3,164,21.79,979.3,loc_salem,11.6643,78.146,ECMWF_ERA5_Reanalysis
2021-04-19,38.0,25.2,31.6,42.0,29.7,35.0,0.1,14.8,35.3,217,23.23,977.6,loc_salem,11.6643,78.146,ECMWF_ERA5_Reanalysis
2021-04-20,37.8,27.0,31.4,42.2,31.5,34.7,0.5,11.6,32.8,260,19.88,976.8,loc_salem,11.6643,78.146,ECMWF_ERA5_Reanalysis
2021-04-21,38.2,26.4,32.4,42.6,30.6,35.1,0.0,12.3,29.2,174,21.36,977.6,loc_salem,11.6643,78.146,ECMWF_ERA5_Reanalysis
2021-04-22,38.4,26.6,32.5,42.2,30.6,35.4,0.0,15.8,37.1,166,22.39,977.9,loc_salem,11.6643,78.146,ECMWF_ERA5_Reanalysis
2021-04-23,38.0,26.4,31.2,42.1,31.3,34.8,0.7,11.4,31.0,179,21.27,978.0,loc_salem,11.6643,78.146,ECMWF_ERA5_Reanalysis
2021-04-24,37.0,25.2,30.0,41.9,29.8,34.0,2.8,19.2,46.8,335,21.46,977.5,loc_salem,11.6643,78.146,ECMWF_ERA5_Reanalysis
2021-04-25,37.2,25.8,31.2,41.0,30.6,34.8,0.2,10.1,23.4,144,21.84,977.1,loc_salem,11.6643,78.146,ECMWF_ERA5_Reanalysis
2021-04-26,38.8,26.6,32.2,42.5,30.9,35.2,0.1,11.6,27.0,141,23.32,976.5,loc_salem,11.6643,78.146,ECMWF_ERA5_Reanalysis
2021-04-27,38.7,26.9,32.5,43.3,31.5,35.7,0.1,12.6,31.3,138,22.96,977.1,loc_salem,11.6643,78.146,ECMWF_ERA5_Reanalysis
2021-04-28,39.8,26.9,33.2,43.3,30.7,35.2,0.0,15.3,40.0,111,22.63,977.6,loc_salem,11.6643,78.146,ECMWF_ERA5_Reanalysis
2021-04-29,40.1,27.4,33.4,42.1,31.6,35.8,0.0,10.4,28.4,130,23.26,976.9,loc_salem,11.6643,78.146,ECMWF_ERA5_Reanalysis
2021-04-30,38.1,26.8,32.0,41.6,31.5,35.3,1.7,12.4,35.3,102,20.74,976.4,loc_salem,11.6643,78.146,ECMWF_ERA5_Reanalysis
2021-05-01,38.0,26.9,32.0,39.6,31.2,34.5,0.1,16.0,38.9,104,23.67,976.6,loc_salem,11.6643,78.146,ECMWF_ERA5_Reanalysis
2021-05-02,37.8,25.7,31.3,40.7,31.1,34.4,1.0,19.5,44.3,112,22.3,976.7,loc_salem,11.6643,78.146,ECMWF_ERA5_Reanalysis
2021-05-03,35.5,24.8,29.9,39.0,29.5,33.7,2.3,10.2,33.1,175,17.92,976.7,loc_salem,11.6643,78.146,ECMWF_ERA5_Reanalysis
2021-05-04,35.3,25.2,29.4,39.6,30.1,33.6,5.3,6.9,25.6,166,18.89,976.6,loc_salem,11.6643,78.146,ECMWF_ERA5_Reanalysis
2021-05-05,38.7,24.0,31.0,41.3,29.2,34.1,0.0,15.6,37.1,126,25.16,976.1,loc_salem,11.6643,78.146,ECMWF_ERA5_Reanalysis
2021-05-06,37.9,26.1,31.4,41.2,30.8,34.8,0.0,15.4,34.9,127,22.24,977.1,loc_salem,11.6643,78.146,ECMWF_ERA5_Reanalysis
2021-05-07,36.0,25.0,29.9,39.7,30.6,33.7,1.4,20.4,48.2,121,20.74,977.9,loc_salem,11.6643,78.146,ECMWF_ERA5_Reanalysis
2021-05-08,37.0,25.2,30.5,40.2,30.5,33.9,0.1,17.8,42.1,106,22.79,977.1,loc_salem,11.6643,78.146,ECMWF_ERA5_Reanalysis
2021-05-09,37.8,25.7,31.0,41.9,29.9,34.6,0.3,15.6,38.5,135,22.21,975.8,loc_salem,11.6643,78.146,ECMWF_ERA5_Reanalysis
2021-05-10,36.6,25.8,30.9,40.9,31.2,35.0,1.4,16.1,36.0,191,20.29,975.6,loc_salem,11.6643,78.146,ECMWF_ERA5_Reanalysis
2021-05-11,38.0,25.7,31.6,42.2,30.6,35.6,1.4,12.1,33.5,181,21.89,975.4,loc_salem,11.6643,78.146,ECMWF_ERA5_Reanalysis
2021-05-12,37.2,26.2,30.7,41.6,31.1,35.0,0.6,11.5,34.2,237,20.03,974.6,loc_salem,11.6643,78.146,ECMWF_ERA5_Reanalysis
2021-05-13,37.4,26.2,30.9,41.4,30.7,34.7,0.1,21.6,50.0,192,19.78,973.9,loc_salem,11.6643,78.146,ECMWF_ERA5_Reanalysis
2021-05-14,37.9,26.3,30.2,40.4,30.5,33.5,1.0,17.5,42.8,217,19.65,973.4,loc_salem,11.6643,78.146,ECMWF_ERA5_Reanalysis
2021-05-15,26.9,23.9,25.3,31.2,29.1,29.9,13.3,12.6,58.3,168,6.22,972.7,loc_salem,11.6643,78.146,ECMWF_ERA5_Reanalysis
2021-05-16,31.0,23.9,26.9,33.3,29.3,30.8,1.6,16.1,45.7,211,10.63,974.3,loc_salem,11.6643,78.146,ECMWF_ERA5_Reanalysis
2021-05-17,34.8,24.1,28.8,38.8,28.3,32.6,0.5,18.7,47.5,218,21.39,975.4,loc_salem,11.6643,78.146,ECMWF_ERA5_Reanalysis
2021-05-18,36.5,24.2,29.8,40.8,28.2,33.2,0.0,18.3,48.2,217,23.59,975.8,loc_salem,11.6643,78.146,ECMWF_ERA5_Reanalysis
2021-05-19,37.0,24.8,30.0,41.0,28.5,33.5,0.3,15.1,37.4,200,23.66,975.2,loc_salem,11.6643,78.146,ECMWF_ERA5_Reanalysis
2021-05-20,35.1,25.3,29.5,39.5,30.1,33.7,4.0,13.8,36.7,242,20.12,975.7,loc_salem,11.6643,78.146,ECMWF_ERA5_Reanalysis
2021-05-21,33.5,24.9,27.6,37.1,29.6,32.1,6.6,12.0,38.9,214,15.07,976.3,loc_salem,11.6643,78.146,ECMWF_ERA5_Reanalysis
2021-05-22,31.3,24.2,27.3,34.4,28.8,31.4,0.6,12.4,28.8,229,10.92,975.6,loc_salem,11.6643,78.146,ECMWF_ERA5_Reanalysis
2021-05-23,33.2,24.6,28.8,37.8,29.1,32.8,0.1,10.7,31.3,252,16.72,975.6,loc_salem,11.6643,78.146,ECMWF_ERA5_Reanalysis
2021-05-24,37.3,24.5,30.4,38.6,29.3,33.1,0.0,17.8,45.0,276,22.36,975.5,loc_salem,11.6643,78.146,ECMWF_ERA5_Reanalysis
2021-05-25,35.8,25.4,29.4,39.6,29.6,32.9,0.8,16.6,49.0,256,21.35,974.4,loc_salem,11.6643,78.146,ECMWF_ERA5_Reanalysis
2021-05-26,33.1,24.2,27.8,36.7,28.2,31.1,0.2,16.9,45.4,239,14.5,974.4,loc_salem,11.6643,78.146,ECMWF_ERA5_Reanalysis
2021-05-27,37.9,22.8,29.9,39.3,27.5,32.5,0.0,17.6,46.1,282,23.8,974.6,loc_salem,11.6643,78.146,ECMWF_ERA5_Reanalysis
2021-05-28,38.0,23.1,30.4,39.0,27.0,32.5,0.0,16.3,38.2,273,24.16,975.5,loc_salem,11.6643,78.146,ECMWF_ERA5_Reanalysis
2021-05-29,37.6,24.5,30.4,39.4,29.2,33.4,0.0,14.6,46.8,245,22.83,976.1,loc_salem,11.6643,78.146,ECMWF_ERA5_Reanalysis
2021-05-30,38.8,25.0,31.2,41.7,28.9,33.8,0.1,16.3,44.6,254,22.51,975.8,loc_salem,11.6643,78.146,ECMWF_ERA5_Reanalysis
2021-05-31,38.9,25.7,31.4,40.8,29.6,34.3,0.4,14.4,47.5,243,24.58,974.5,loc_salem,11.6643,78.146,ECMWF_ERA5_Reanalysis
2021-06-01,38.5,25.8,31.0,42.3,30.0,34.5,0.2,19.5,46.4,242,22.6,974.8,loc_salem,11.6643,78.146,ECMWF_ERA5_Reanalysis
2021-06-02,38.2,25.5,30.7,42.9,30.5,34.8,7.2,10.4,31.0,276,22.42,975.1,loc_salem,11.6643,78.146,ECMWF_ERA5_Reanalysis
2021-06-03,33.3,25.0,28.5,38.0,29.5,33.3,20.1,11.4,27.4,309,20.84,976.0,loc_salem,11.6643,78.146,ECMWF_ERA5_Reanalysis
2021-06-04,32.0,24.5,27.0,37.4,29.5,32.3,37.7,9.5,26.3,282,18.06,977.0,loc_salem,11.6643,78.146,ECMWF_ERA5_Reanalysis
2021-06-05,30.3,23.9,26.2,35.0,29.0,31.4,16.9,9.3,27.7,216,15.57,976.7,loc_salem,11.6643,78.146,ECMWF_ERA5_Reanalysis
2021-06-06,30.3,23.4,26.6,35.2,28.4,31.2,2.7,8.7,22.3,222,16.77,976.8,loc_salem,11.6643,78.146,ECMWF_ERA5_Reanalysis
2021-06-07,32.6,24.0,28.2,38.2,28.6,33.0,0.1,9.7,27.4,284,23.7,976.5,loc_salem,11.6643,78.146,ECMWF_ERA5_Reanalysis
2021-06-08,33.3,24.7,28.7,38.5,29.9,33.0,0.0,10.5,27.7,266,23.52,975.9,loc_salem,11.6643,78.146,ECMWF_ERA5_Reanalysis
2021-06-09,33.2,23.2,28.1,37.9,27.7,32.2,0.1,12.1,41.0,255,23.76,975.4,loc_salem,11.6643,78.146,ECMWF_ERA5_Reanalysis
2021-06-10,33.0,24.0,28.2,36.7,28.4,32.0,0.2,10.0,31.0,257,20.63,974.5,loc_salem,11.6643,78.146,ECMWF_ERA5_Reanalysis
2021-06-11,32.8,23.5,27.9,35.3,27.7,31.2,0.0,9.3,25.9,242,16.03,974.6,loc_salem,11.6643,78.146,ECMWF_ERA5_Reanalysis
2021-06-12,34.8,23.5,28.4,37.5,27.9,31.5,0.4,17.0,52.6,283,19.74,974.9,loc_salem,11.6643,78.146,ECMWF_ERA5_Reanalysis
2021-06-13,32.0,23.9,26.4,36.2,27.6,30.5,3.5,15.9,53.3,261,12.38,974.8,loc_salem,11.6643,78.146,ECMWF_ERA5_Reanalysis
2021-06-14,30.0,23.0,25.7,32.7,26.9,29.4,2.5,13.5,56.5,246,12.07,974.9,loc_salem,11.6643,78.146,ECMWF_ERA5_Reanalysis
2021-06-15,33.3,23.1,27.3,36.8,27.4,30.8,1.8,14.7,39.2,233,18.8,973.9,loc_salem,11.6643,78.146,ECMWF_ERA5_Reanalysis
2021-06-16,33.6,22.6,27.3,36.8,26.4,30.6,0.3,17.4,41.4,234,17.86,975.3,loc_salem,11.6643,78.146,ECMWF_ERA5_Reanalysis
2021-06-17,33.1,23.1,27.6,36.3,27.3,31.1,1.8,14.6,38.2,216,19.78,975.9,loc_salem,11.6643,78.146,ECMWF_ERA5_Reanalysis
2021-06-18,33.6,22.8,27.9,35.9,26.7,30.9,0.1,17.4,41.0,208,18.19,977.0,loc_salem,11.6643,78.146,ECMWF_ERA5_Reanalysis
2021-06-19,35.8,23.1,28.6,38.9,26.7,31.6,0.0,17.3,40.7,223,22.0,978.1,loc_salem,11.6643,78.146,ECMWF_ERA5_Reanalysis
2021-06-20,36.7,23.6,29.6,39.0,27.5,32.5,0.0,14.8,36.0,266,22.43,978.1,loc_salem,11.6643,78.146,ECMWF_ERA5_Reanalysis
2021-06-21,36.8,23.5,29.6,39.9,27.7,32.7,0.4,20.4,44.3,271,22.07,977.2,loc_salem,11.6643,78.146,ECMWF_ERA5_Reanalysis
2021-06-22,36.0,24.6,29.5,37.5,29.0,32.3,1.4,20.1,44.6,257,17.6,976.3,loc_salem,11.6643,78.146,ECMWF_ERA5_Reanalysis
2021-06-23,36.6,24.7,29.0,40.0,29.3,32.8,1.5,16.1,40.7,211,19.81,976.1,loc_salem,11.6643,78.146,ECMWF_ERA5_Reanalysis
2021-06-24,34.3,24.1,28.5,37.4,29.2,32.0,0.0,17.9,45.4,252,20.51,976.5,loc_salem,11.6643,78.146,ECMWF_ERA5_Reanalysis
2021-06-25,36.4,22.7,29.1,38.8,25.9,31.5,0.0,12.8,30.6,283,22.87,975.5,loc_salem,11.6643,78.146,ECMWF_ERA5_Reanalysis
2021-06-26,34.7,23.2,28.5,38.1,27.1,31.4,0.0,16.0,45.0,275,19.02,975.3,loc_salem,11.6643,78.146,ECMWF_ERA5_Reanalysis
2021-06-27,33.8,24.4,28.3,34.3,27.8,30.7,0.1,17.6,47.2,304,13.88,976.3,loc_salem,11.6643,78.146,ECMWF_ERA5_Reanalysis
2021-06-28,35.0,24.0,29.1,38.9,28.3,32.5,0.0,12.3,33.8,202,19.9,975.8,loc_salem,11.6643,78.146,ECMWF_ERA5_Reanalysis
2021-06-29,36.9,25.0,30.4,40.3,28.6,33.6,1.4,17.7,40.7,176,22.99,975.4,loc_salem,11.6643,78.146,ECMWF_ERA5_Reanalysis
2021-06-30,37.0,25.7,31.2,41.0,30.2,34.8,0.3,14.3,32.0,202,21.74,975.1,loc_salem,11.6643,78.146,ECMWF_ERA5_Reanalysis
2021-07-01,36.2,25.1,28.8,40.0,30.0,33.4,19.0,13.5,43.2,212,19.14,974.6,loc_salem,11.6643,78.146,ECMWF_ERA5_Reanalysis
2021-07-02,32.9,24.1,27.3,37.4,29.2,32.5,11.3,9.4,27.7,278,19.84,975.3,loc_salem,11.6643,78.146,ECMWF_ERA5_Reanalysis
2021-07-03,32.7,24.3,28.2,36.7,29.4,32.5,0.1,10.5,27.7,319,20.4,975.7,loc_salem,11.6643,78.146,ECMWF_ERA5_Reanalysis
2021-07-04,31.9,24.1,27.5,35.5,27.7,31.3,11.3,12.5,31.3,319,16.55,975.9,loc_salem,11.6643,78.146,ECMWF_ERA5_Reanalysis
2021-07-05,32.3,23.2,27.9,37.0,27.0,32.0,0.9,15.5,38.5,318,23.74,974.6,loc_salem,11.6643,78.146,ECMWF_ERA5_Reanalysis
2021-07-06,32.9,24.0,28.3,38.1,28.2,32.5,0.4,11.9,29.2,292,23.19,973.9,loc_salem,11.6643,78.146,ECMWF_ERA5_Reanalysis
2021-07-07,32.5,24.6,28.2,38.5,29.0,33.2,2.6,9.7,28.8,259,21.23,974.0,loc_salem,11.6643,78.146,ECMWF_ERA5_Reanalysis
2021-07-08,33.3,24.6,28.8,38.1,29.4,33.2,1.6,10.1,30.6,283,20.69,974.3,loc_salem,11.6643,78.146,ECMWF_ERA5_Reanalysis
2021-07-09,30.3,24.4,26.6,35.2,29.3,31.5,12.4,13.8,33.8,270,16.24,973.3,loc_salem,11.6643,78.146,ECMWF_ERA5_Reanalysis
2021-07-10,28.0,23.3,25.2,31.6,27.1,29.2,5.8,13.8,39.2,236,9.79,973.2,loc_salem,11.6643,78.146,ECMWF_ERA5_Reanalysis
2021-07-11,31.1,22.4,25.9,31.9,26.1,29.0,0.4,18.4,48.2,258,13.13,972.7,loc_salem,11.6643,78.146,ECMWF_ERA5_Reanalysis
2021-07-12,31.4,22.8,26.5,35.0,27.1,30.2,0.8,16.9,46.4,266,13.8,972.9,loc_salem,11.6643,78.146,ECMWF_ERA5_Reanalysis
2021-07-13,33.1,23.4,27.1,34.8,27.6,30.3,0.6,25.1,62.3,285,18.75,973.5,loc_salem,11.6643,78.146,ECMWF_ERA5_Reanalysis
2021-07-14,30.7,22.7,26.4,35.0,26.9,30.0,3.8,17.0,51.5,275,15.78,974.4,loc_salem,11.6643,78.146,ECMWF_ERA5_Reanalysis
2021-07-15,30.3,23.6,25.7,32.5,28.2,30.1,5.0,12.6,49.0,240,12.54,974.2,loc_salem,11.6643,78.146,ECMWF_ERA5_Reanalysis
2021-07-16,28.7,22.9,25.3,32.5,27.2,29.8,12.9,8.1,40.0,234,9.89,975.8,loc_salem,11.6643,78.146,ECMWF_ERA5_Reanalysis
2021-07-17,30.2,22.9,26.6,33.6,27.7,30.7,5.1,11.3,38.2,268,14.65,975.8,loc_salem,11.6643,78.146,ECMWF_ERA5_Reanalysis
2021-07-18,25.7,23.0,24.2,29.6,27.6,28.7,10.8,8.7,34.6,234,6.76,975.4,loc_salem,11.6643,78.146,ECMWF_ERA5_Reanalysis
2021-07-19,31.7,22.4,26.1,35.7,26.6,30.4,2.3,13.8,45.7,239,19.72,975.4,loc_salem,11.6643,78.146,ECMWF_ERA5_Reanalysis
2021-07-20,32.4,21.2,26.8,36.1,24.9,30.5,0.5,13.0,47.2,281,22.59,976.8,loc_salem,11.6643,78.146,ECMWF_ERA5_Reanalysis
2021-07-21,31.9,22.2,26.8,33.5,26.0,30.1,0.5,20.8,54.7,274,16.52,976.3,loc_salem,11.6643,78.146,ECMWF_ERA5_Reanalysis
2021-07-22,29.9,23.1,25.7,31.7,27.2,29.0,4.8,16.1,38.9,250,10.96,974.0,loc_salem,11.6643,78.146,ECMWF_ERA5_Reanalysis
2021-07-23,31.6,22.6,26.0,36.0,26.4,30.0,1.1,12.4,53.6,242,16.62,973.4,loc_salem,11.6643,78.146,ECMWF_ERA5_Reanalysis
2021-07-24,33.5,23.3,27.3,37.5,27.4,31.3,0.4,12.1,47.9,243,20.43,974.5,loc_salem,11.6643,78.146,ECMWF_ERA5_Reanalysis
2021-07-25,34.4,23.0,27.1,39.2,27.5,31.6,4.2,15.9,46.4,247,21.67,975.6,loc_salem,11.6643,78.146,ECMWF_ERA5_Reanalysis
2021-07-26,30.6,23.4,26.0,35.0,28.1,30.3,0.2,12.7,40.7,244,11.73,976.2,loc_salem,11.6643,78.146,ECMWF_ERA5_Reanalysis
2021-07-27,33.9,22.5,27.3,37.3,27.0,31.1,0.5,13.8,38.2,247,20.22,975.5,loc_salem,11.6643,78.146,ECMWF_ERA5_Reanalysis
2021-07-28,34.2,22.6,27.7,37.0,26.6,31.1,0.1,12.4,42.1,253,21.4,976.0,loc_salem,11.6643,78.146,ECMWF_ERA5_Reanalysis
2021-07-29,35.4,22.3,28.3,37.5,26.2,31.1,0.0,18.0,45.0,290,21.3,976.6,loc_salem,11.6643,78.146,ECMWF_ERA5_Reanalysis
2021-07-30,35.8,22.8,28.5,37.5,26.3,31.1,0.1,17.3,40.7,273,19.8,977.4,loc_salem,11.6643,78.146,ECMWF_ERA5_Reanalysis
2021-07-31,36.1,22.4,29.0,37.2,26.3,31.3,0.1,20.5,51.8,292,21.96,977.6,loc_salem,11.6643,78.146,ECMWF_ERA5_Reanalysis
2021-08-01,36.0,23.9,29.2,37.6,27.2,31.5,0.8,19.1,47.5,285,20.37,976.7,loc_salem,11.6643,78.146,ECMWF_ERA5_Reanalysis
2021-08-02,36.8,22.9,29.0,38.9,26.2,31.5,0.1,16.0,46.4,258,22.17,976.7,loc_salem,11.6643,78.146,ECMWF_ERA5_Reanalysis
2021-08-03,36.4,23.0,29.1,38.5,26.9,31.7,0.1,19.2,46.4,275,20.84,978.0,loc_salem,11.6643,78.146,ECMWF_ERA5_Reanalysis
2021-08-04,35.4,24.0,28.8,37.2,27.6,31.3,1.3,17.1,47.9,290,16.94,978.5,loc_salem,11.6643,78.146,ECMWF_ERA5_Reanalysis
2021-08-05,36.3,23.2,28.2,38.0,27.7,31.9,1.1,21.6,53.6,265,20.55,976.6,loc_salem,11.6643,78.146,ECMWF_ERA5_Reanalysis
2021-08-06,35.9,23.0,28.6,39.0,27.3,32.1,1.5,18.0,47.2,254,20.52,975.5,loc_salem,11.6643,78.146,ECMWF_ERA5_Reanalysis
2021-08-07,35.5,23.7,28.3,40.1,27.8,32.4,1.7,17.7,41.4,247,21.54,976.1,loc_salem,11.6643,78.146,ECMWF_ERA5_Reanalysis
2021-08-08,35.9,23.8,28.8,39.8,28.6,32.5,1.1,19.1,44.3,238,20.52,976.5,loc_salem,11.6643,78.146,ECMWF_ERA5_Reanalysis
2021-08-09,35.9,24.0,28.7,40.8,28.8,33.0,7.6,11.8,30.6,262,21.32,976.8,loc_salem,11.6643,78.146,ECMWF_ERA5_Reanalysis
2021-08-10,35.5,23.5,28.0,39.7,28.5,32.1,5.1,16.6,46.8,287,20.84,976.7,loc_salem,11.6643,78.146,ECMWF_ERA5_Reanalysis
2021-08-11,34.6,24.2,28.4,36.4,27.7,31.7,5.5,22.4,51.8,304,19.33,976.7,loc_salem,11.6643,78.146,ECMWF_ERA5_Reanalysis
2021-08-12,33.2,23.8,27.6,36.7,28.8,31.5,6.6,15.7,44.6,294,17.68,977.5,loc_salem,11.6643,78.146,ECMWF_ERA5_Reanalysis
2021-08-13,33.6,23.7,27.4,35.7,27.1,30.6,3.5,16.4,41.0,306,16.52,976.3,loc_salem,11.6643,78.146,ECMWF_ERA5_Reanalysis
2021-08-14,33.7,23.2,26.7,37.9,28.2,31.4,4.3,11.4,45.0,268,19.66,975.0,loc_salem,11.6643,78.146,ECMWF_ERA5_Reanalysis
2021-08-15,33.3,22.2,27.1,36.2,26.6,30.8,0.0,11.0,39.2,277,16.51,975.4,loc_salem,11.6643,78.146,ECMWF_ERA5_Reanalysis
2021-08-16,30.6,23.9,26.9,34.0,28.6,30.9,0.3,8.8,34.9,266,11.03,976.3,loc_salem,11.6643,78.146,ECMWF_ERA5_Reanalysis
2021-08-17,33.3,23.3,26.8,39.2,27.7,31.5,3.6,11.7,31.7,222,20.42,976.6,loc_salem,11.6643,78.146,ECMWF_ERA5_Reanalysis
2021-08-18,33.6,23.5,27.1,36.5,27.4,30.6,0.0,16.2,39.2,226,17.14,975.7,loc_salem,11.6643,78.146,ECMWF_ERA5_Reanalysis
2021-08-19,31.6,23.2,26.7,34.7,27.2,30.1,0.5,13.8,38.2,219,15.51,975.2,loc_salem,11.6643,78.146,ECMWF_ERA5_Reanalysis
2021-08-20,34.7,23.7,28.4,38.5,27.9,32.1,0.0,13.7,32.8,246,22.13,975.2,loc_salem,11.6643,78.146,ECMWF_ERA5_Reanalysis
2021-08-21,30.5,23.4,26.5,34.5,28.0,30.9,5.5,8.7,25.9,273,15.73,977.2,loc_salem,11.6643,78.146,ECMWF_ERA5_Reanalysis
2021-08-22,31.7,23.7,26.8,36.8,28.5,31.3,2.9,12.7,29.2,173,17.74,976.9,loc_salem,11.6643,78.146,ECMWF_ERA5_Reanalysis
2021-08-23,30.5,23.0,25.9,35.9,27.6,30.4,9.4,12.7,30.2,170,16.34,976.8,loc_salem,11.6643,78.146,ECMWF_ERA5_Reanalysis
2021-08-24,32.6,23.1,27.6,37.6,27.2,31.6,0.0,9.7,27.0,202,22.78,976.4,loc_salem,11.6643,78.146,ECMWF_ERA5_Reanalysis
2021-08-25,33.7,23.7,28.4,38.2,27.4,31.9,0.1,12.3,33.5,225,23.53,975.5,loc_salem,11.6643,78.146,ECMWF_ERA5_Reanalysis
2021-08-26,35.1,23.8,28.8,39.1,27.9,32.1,0.2,15.3,43.6,225,23.21,974.1,loc_salem,11.6643,78.146,ECMWF_ERA5_Reanalysis
2021-08-27,33.2,23.9,27.0,37.6,27.8,31.0,8.1,16.3,43.2,222,15.87,974.0,loc_salem,11.6643,78.146,ECMWF_ERA5_Reanalysis
2021-08-28,28.1,23.4,25.1,31.4,27.8,29.2,6.4,11.4,35.6,217,9.53,973.3,loc_salem,11.6643,78.146,ECMWF_ERA5_Reanalysis
2021-08-29,29.6,22.6,25.2,33.5,26.9,29.3,26.3,15.6,45.0,231,12.3,972.9,loc_salem,11.6643,78.146,ECMWF_ERA5_Reanalysis
2021-08-30,31.2,22.4,26.0,36.3,26.4,30.3,5.0,8.0,50.0,226,18.38,973.8,loc_salem,11.6643,78.146,ECMWF_ERA5_Reanalysis
2021-08-31,32.4,22.4,27.0,37.9,26.6,31.4,0.8,9.0,40.0,269,22.53,974.7,loc_salem,11.6643,78.146,ECMWF_ERA5_Reanalysis
2021-09-01,32.7,23.8,27.7,37.5,28.6,32.1,0.5,8.1,27.4,247,20.91,975.7,loc_salem,11.6643,78.146,ECMWF_ERA5_Reanalysis
2021-09-02,32.2,23.5,26.5,36.0,28.3,31.0,29.3,10.7,34.2,281,19.58,975.7,loc_salem,11.6643,78.146,ECMWF_ERA5_Reanalysis
2021-09-03,28.5,23.0,25.0,32.8,27.5,29.4,15.1,9.5,38.2,278,11.89,975.3,loc_salem,11.6643,78.146,ECMWF_ERA5_Reanalysis
2021-09-04,28.6,22.7,25.1,32.6,27.2,29.6,6.8,10.7,38.2,237,13.29,975.5,loc_salem,11.6643,78.146,ECMWF_ERA5_Reanalysis
2021-09-05,30.6,22.3,25.3,35.7,26.8,29.7,8.7,18.5,43.9,240,16.64,975.4,loc_salem,11.6643,78.146,ECMWF_ERA5_Reanalysis
2021-09-06,28.4,22.8,24.9,32.6,27.1,29.3,8.1,10.5,45.0,254,13.24,975.3,loc_salem,11.6643,78.146,ECMWF_ERA5_Reanalysis
2021-09-07,31.0,22.2,26.0,34.6,26.3,29.8,1.4,13.8,35.6,225,20.11,975.4,loc_salem,11.6643,78.146,ECMWF_ERA5_Reanalysis
2021-09-08,31.7,22.6,26.4,36.5,26.1,30.3,1.5,11.6,29.5,206,21.03,976.5,loc_salem,11.6643,78.146,ECMWF_ERA5_Reanalysis
2021-09-09,32.3,22.3,27.1,37.9,26.1,31.5,0.5,8.0,30.6,262,23.73,977.3,loc_salem,11.6643,78.146,ECMWF_ERA5_Reanalysis
2021-09-10,32.8,23.1,27.7,36.6,27.2,31.6,0.7,12.1,31.7,285,21.9,976.7,loc_salem,11.6643,78.146,ECMWF_ERA5_Reanalysis
2021-09-11,32.0,23.3,27.4,36.4,27.8,31.2,0.1,12.0,34.9,254,17.36,975.8,loc_salem,11.6643,78.146,ECMWF_ERA5_Reanalysis
2021-09-12,31.4,23.3,26.4,35.2,27.2,30.3,2.8,14.9,37.4,223,15.98,974.9,loc_salem,11.6643,78.146,ECMWF_ERA5_Reanalysis
2021-09-13,32.6,23.0,27.2,35.7,27.1,30.8,0.0,12.6,40.7,233,17.61,974.2,loc_salem,11.6643,78.146,ECMWF_ERA5_Reanalysis
2021-09-14,33.8,23.0,27.9,37.7,27.2,31.9,0.3,9.2,32.8,229,21.45,974.6,loc_salem,11.6643,78.146,ECMWF_ERA5_Reanalysis
2021-09-15,34.5,23.1,28.3,39.1,27.6,32.6,0.6,18.4,41.4,256,23.28,975.3,loc_salem,11.6643,78.146,ECMWF_ERA5_Reanalysis
2021-09-16,33.7,23.6,28.2,38.5,28.1,32.4,3.2,12.1,33.1,268,21.57,975.4,loc_salem,11.6643,78.146,ECMWF_ERA5_Reanalysis
2021-09-17,34.5,24.2,29.3,38.3,29.0,32.8,0.2,13.0,29.5,259,22.52,975.0,loc_salem,11.6643,78.146,ECMWF_ERA5_Reanalysis
2021-09-18,34.1,25.3,29.1,37.9,29.7,32.9,0.5,10.2,27.4,248,19.56,976.3,loc_salem,11.6643,78.146,ECMWF_ERA5_Reanalysis
2021-09-19,35.4,24.3,29.0,40.3,28.7,33.2,1.5,15.9,39.2,164,22.08,977.5,loc_salem,11.6643,78.146,ECMWF_ERA5_Reanalysis
2021-09-20,34.1,23.9,28.3,38.1,28.6,32.7,3.9,12.7,31.7,240,20.37,977.1,loc_salem,11.6643,78.146,ECMWF_ERA5_Reanalysis
2021-09-21,33.3,23.6,28.0,38.6,28.6,32.4,1.6,11.6,32.0,250,21.4,976.1,loc_salem,11.6643,78.146,ECMWF_ERA5_Reanalysis
2021-09-22,34.6,23.5,28.8,37.5,27.7,32.1,0.1,15.5,45.7,281,22.38,974.7,loc_salem,11.6643,78.146,ECMWF_ERA5_Reanalysis
2021-09-23,33.4,23.7,27.9,39.6,28.0,32.3,6.0,11.2,32.0,210,20.37,974.9,loc_salem,11.6643,78.146,ECMWF_ERA5_Reanalysis
2021-09-24,33.7,23.6,28.1,37.9,28.0,32.1,1.6,14.4,37.4,306,22.89,975.6,loc_salem,11.6643,78.146,ECMWF_ERA5_Reanalysis
2021-09-25,32.8,23.1,27.3,37.4,27.6,32.0,7.1,11.3,33.5,282,20.28,975.3,loc_salem,11.6643,78.146,ECMWF_ERA5_Reanalysis
2021-09-26,32.7,24.1,27.7,34.9,27.5,31.0,0.1,11.3,30.2,305,17.14,973.5,loc_salem,11.6643,78.146,ECMWF_ERA5_Reanalysis
2021-09-27,31.1,23.1,26.2,35.0,27.3,30.1,6.5,15.3,46.1,240,16.83,972.8,loc_salem,11.6643,78.146,ECMWF_ERA5_Reanalysis
2021-09-28,32.4,22.4,26.6,36.8,26.6,30.2,0.5,14.9,38.5,221,18.96,974.8,loc_salem,11.6643,78.146,ECMWF_ERA5_Reanalysis
2021-09-29,33.4,21.8,27.5,38.5,25.7,31.2,0.3,10.6,34.2,260,21.07,976.1,loc_salem,11.6643,78.146,ECMWF_ERA5_Reanalysis
2021-09-30,33.7,23.6,28.3,37.9,27.5,32.1,2.6,12.8,31.0,313,21.09,976.8,loc_salem,11.6643,78.146,ECMWF_ERA5_Reanalysis
2021-10-01,31.5,23.5,27.0,36.2,28.2,31.3,4.2,13.5,40.0,76,18.15,976.3,loc_salem,11.6643,78.146,ECMWF_ERA5_Reanalysis
2021-10-02,31.0,23.0,26.3,36.7,26.9,30.6,16.7,14.3,33.1,94,18.87,976.0,loc_salem,11.6643,78.146,ECMWF_ERA5_Reanalysis
2021-10-03,30.6,23.1,26.2,36.2,27.4,31.0,3.6,11.0,27.7,102,16.13,975.7,loc_salem,11.6643,78.146,ECMWF_ERA5_Reanalysis
2021-10-04,31.5,23.5,26.7,37.9,28.2,31.6,9.6,12.7,32.8,117,18.18,975.2,loc_salem,11.6643,78.146,ECMWF_ERA5_Reanalysis
2021-10-05,29.8,23.3,25.8,34.1,28.4,30.6,13.0,8.2,24.1,290,11.05,975.0,loc_salem,11.6643,78.146,ECMWF_ERA5_Reanalysis
2021-10-06,29.6,23.0,25.8,34.9,27.2,30.4,12.5,7.5,29.2,203,16.39,974.2,loc_salem,11.6643,78.146,ECMWF_ERA5_Reanalysis
2021-10-07,31.8,23.0,27.4,38.2,27.2,32.1,2.0,9.3,22.0,190,21.16,974.6,loc_salem,11.6643,78.146,ECMWF_ERA5_Reanalysis
2021-10-08,30.6,24.0,26.7,35.8,28.7,31.7,12.7,10.5,32.4,228,16.23,975.7,loc_salem,11.6643,78.146,ECMWF_ERA5_Reanalysis
2021-10-09,27.3,23.6,25.0,31.9,28.4,29.8,9.9,10.3,29.5,236,7.63,977.2,loc_salem,11.6643,78.146,ECMWF_ERA5_Reanalysis
2021-10-10,30.4,22.4,25.8,36.4,26.9,30.5,14.6,13.7,34.9,318,17.5,976.5,loc_salem,11.6643,78.146,ECMWF_ERA5_Reanalysis
2021-10-11,30.0,22.8,25.4,36.8,26.2,30.0,33.3,12.2,28.4,302,16.32,975.3,loc_salem,11.6643,78.146,ECMWF_ERA5_Reanalysis
2021-10-12,29.5,22.6,25.2,34.8,27.3,30.0,26.3,10.6,32.4,245,16.29,975.1,loc_salem,11.6643,78.146,ECMWF_ERA5_Reanalysis
2021-10-13,30.6,22.6,25.8,36.9,27.3,30.6,3.2,9.8,30.6,292,19.24,974.5,loc_salem,11.6643,78.146,ECMWF_ERA5_Reanalysis
2021-10-14,31.9,22.3,26.5,37.9,26.7,31.6,1.1,7.4,22.0,272,20.05,973.8,loc_salem,11.6643,78.146,ECMWF_ERA5_Reanalysis
2021-10-15,31.6,23.2,26.7,37.4,28.1,31.8,0.6,9.0,23.8,324,18.2,971.5,loc_salem,11.6643,78.146,ECMWF_ERA5_Reanalysis
2021-10-16,32.1,24.0,26.7,38.3,29.0,32.1,3.9,13.0,31.0,198,18.05,971.0,loc_salem,11.6643,78.146,ECMWF_ERA5_Reanalysis
2021-10-17,29.6,23.4,25.9,35.2,28.3,30.9,5.1,12.1,29.5,238,15.47,973.3,loc_salem,11.6643,78.146,ECMWF_ERA5_Reanalysis
2021-10-18,29.8,23.1,26.1,35.9,27.6,30.9,2.6,16.3,38.2,263,17.54,976.0,loc_salem,11.6643,78.146,ECMWF_ERA5_Reanalysis
2021-10-19,30.0,23.3,26.4,34.3,28.1,30.9,0.8,12.7,30.2,345,14.46,978.0,loc_salem,11.6643,78.146,ECMWF_ERA5_Reanalysis
2021-10-20,29.5,23.6,26.3,35.6,28.1,31.3,5.1,10.9,28.1,92,15.75,979.5,loc_salem,11.6643,78.146,ECMWF_ERA5_Reanalysis
2021-10-21,31.7,23.0,26.1,38.4,27.1,30.8,10.3,8.8,28.1,91,17.56,979.8,loc_salem,11.6643,78.146,ECMWF_ERA5_Reanalysis
2021-10-22,30.7,22.1,26.0,36.7,26.4,30.4,2.6,14.3,31.0,130,17.74,980.0,loc_salem,11.6643,78.146,ECMWF_ERA5_Reanalysis
2021-10-23,29.9,22.9,25.6,36.7,26.8,30.1,24.5,16.4,36.7,150,16.11,980.8,loc_salem,11.6643,78.146,ECMWF_ERA5_Reanalysis
2021-10-24,30.8,22.4,25.6,35.7,25.1,29.3,1.4,13.6,31.7,339,19.53,980.4,loc_salem,11.6643,78.146,ECMWF_ERA5_Reanalysis
2021-10-25,31.4,22.2,26.0,37.4,26.5,30.4,5.5,9.1,22.0,22,19.46,978.9,loc_salem,11.6643,78.146,ECMWF_ERA5_Reanalysis
2021-10-26,30.6,21.9,25.4,36.7,25.8,29.9,1.6,11.1,24.8,59,20.13,978.1,loc_salem,11.6643,78.146,ECMWF_ERA5_Reanalysis
2021-10-27,31.1,21.7,26.0,36.3,25.8,30.0,4.3,14.0,29.9,79,20.5,978.2,loc_salem,11.6643,78.146,ECMWF_ERA5_Reanalysis
2021-10-28,31.1,22.2,26.0,34.9,26.4,29.8,0.3,9.3,23.8,2,18.03,978.2,loc_salem,11.6643,78.146,ECMWF_ERA5_Reanalysis
2021-10-29,28.9,21.9,24.7,34.1,25.4,28.6,2.4,12.4,31.0,101,12.28,978.7,loc_salem,11.6643,78.146,ECMWF_ERA5_Reanalysis
2021-10-30,28.6,22.7,25.1,33.0,27.4,29.6,7.0,15.6,34.6,104,15.2,979.8,loc_salem,11.6643,78.146,ECMWF_ERA5_Reanalysis
2021-10-31,30.6,21.9,25.3,35.6,26.4,29.8,4.7,13.6,34.2,88,14.78,979.2,loc_salem,11.6643,78.146,ECMWF_ERA5_Reanalysis
2021-11-01,27.8,22.4,24.5,32.1,26.8,29.1,8.4,12.4,31.7,98,10.71,978.3,loc_salem,11.6643,78.146,ECMWF_ERA5_Reanalysis
2021-11-02,28.6,22.1,24.8,31.1,26.2,28.4,0.3,15.1,41.4,101,10.65,978.0,loc_salem,11.6643,78.146,ECMWF_ERA5_Reanalysis
2021-11-03,28.4,22.2,24.4,31.9,26.4,28.6,7.7,12.5,29.2,99,12.76,978.5,loc_salem,11.6643,78.146,ECMWF_ERA5_Reanalysis
2021-11-04,29.4,22.2,24.9,34.6,26.4,29.3,21.6,11.7,28.8,116,14.32,978.4,loc_salem,11.6643,78.146,ECMWF_ERA5_Reanalysis
2021-11-05,28.1,22.2,24.6,33.1,26.6,29.1,9.5,8.6,20.9,338,12.0,978.2,loc_salem,11.6643,78.146,ECMWF_ERA5_Reanalysis
2021-11-06,29.7,22.5,25.2,34.6,26.5,29.6,14.6,9.7,24.5,306,15.44,976.8,loc_salem,11.6643,78.146,ECMWF_ERA5_Reanalysis
2021-11-07,27.2,21.3,24.2,31.0,25.0,28.1,9.3,15.0,33.5,335,8.97,976.8,loc_salem,11.6643,78.146,ECMWF_ERA5_Reanalysis
2021-11-08,25.1,22.2,23.5,29.3,25.4,27.7,18.3,9.2,26.6,322,6.19,977.8,loc_salem,11.6643,78.146,ECMWF_ERA5_Reanalysis
2021-11-09,28.0,21.3,23.6,31.6,24.9,27.2,12.0,9.4,24.1,261,10.12,978.1,loc_salem,11.6643,78.146,ECMWF_ERA5_Reanalysis
2021-11-10,23.8,20.7,22.1,26.9,22.9,24.8,20.8,15.3,35.3,328,4.48,977.2,loc_salem,11.6643,78.146,ECMWF_ERA5_Reanalysis
2021-11-11,26.2,21.1,23.1,27.6,23.5,25.5,7.9,17.2,39.6,318,8.9,974.4,loc_salem,11.6643,78.146,ECMWF_ERA5_Reanalysis
2021-11-12,26.2,21.2,23.2,29.3,23.9,26.7,2.2,11.0,26.3,342,7.08,974.6,loc_salem,11.6643,78.146,ECMWF_ERA5_Reanalysis
2021-11-13,29.9,21.7,24.7,34.6,25.1,28.8,17.6,8.4,22.3,177,16.66,975.8,loc_salem,11.6643,78.146,ECMWF_ERA5_Reanalysis
2021-11-14,27.6,22.5,25.0,32.0,26.5,29.4,5.5,10.0,32.8,214,10.47,976.1,loc_salem,11.6643,78.146,ECMWF_ERA5_Reanalysis
2021-11-15,29.3,22.4,24.8,34.1,26.8,29.4,8.6,7.9,19.8,239,13.94,975.0,loc_salem,11.6643,78.146,ECMWF_ERA5_Reanalysis
2021-11-16,28.4,22.9,24.8,33.1,27.6,29.4,26.5,11.2,23.8,134,12.76,975.3,loc_salem,11.6643,78.146,ECMWF_ERA5_Reanalysis
2021-11-17,29.4,22.2,24.9,35.5,26.5,29.8,25.8,9.4,26.6,23,14.44,976.8,loc_salem,11.6643,78.146,ECMWF_ERA5_Reanalysis
2021-11-18,24.8,22.6,23.5,28.7,26.0,27.3,22.2,13.0,33.1,321,3.64,974.9,loc_salem,11.6643,78.146,ECMWF_ERA5_Reanalysis
2021-11-19,28.9,22.2,24.6,33.4,26.2,28.8,29.3,10.6,30.2,253,14.72,972.2,loc_salem,11.6643,78.146,ECMWF_ERA5_Reanalysis
2021-11-20,27.2,22.4,24.5,31.1,26.5,28.7,4.8,11.4,29.5,172,11.16,974.2,loc_salem,11.6643,78.146,ECMWF_ERA5_Reanalysis
2021-11-21,29.9,21.4,25.3,35.3,24.9,29.3,0.0,8.5,19.4,132,19.3,976.9,loc_salem,11.6643,78.146,ECMWF_ERA5_Reanalysis
2021-11-22,29.8,22.6,25.3,34.8,26.5,29.5,3.7,11.8,26.6,85,16.04,978.3,loc_salem,11.6643,78.146,ECMWF_ERA5_Reanalysis
2021-11-23,29.6,22.1,25.1,35.4,26.5,29.8,3.7,9.7,22.0,136,16.3,977.9,loc_salem,11.6643,78.146,ECMWF_ERA5_Reanalysis
2021-11-24,30.4,21.7,25.1,34.2,26.0,29.3,0.1,9.3,22.0,108,18.07,978.2,loc_salem,11.6643,78.146,ECMWF_ERA5_Reanalysis
2021-11-25,28.7,21.2,24.6,32.3,24.8,28.6,6.3,10.6,31.7,75,11.49,977.9,loc_salem,11.6643,78.146,ECMWF_ERA5_Reanalysis
2021-11-26,27.1,22.0,24.1,31.7,26.4,28.7,11.8,6.1,27.0,318,7.66,978.4,loc_salem,11.6643,78.146,ECMWF_ERA5_Reanalysis
2021-11-27,24.7,21.8,23.3,29.2,24.4,27.1,14.8,9.4,30.6,310,6.74,978.3,loc_salem,11.6643,78.146,ECMWF_ERA5_Reanalysis
2021-11-28,27.6,21.8,23.7,31.9,26.3,28.1,10.5,12.8,29.9,117,9.42,978.6,loc_salem,11.6643,78.146,ECMWF_ERA5_Reanalysis
2021-11-29,26.7,21.5,23.6,29.8,25.7,27.3,5.2,15.0,38.9,104,10.81,979.5,loc_salem,11.6643,78.146,ECMWF_ERA5_Reanalysis
2021-11-30,28.0,21.3,24.1,31.6,25.2,27.4,1.4,17.5,42.5,105,15.24,979.7,loc_salem,11.6643,78.146,ECMWF_ERA5_Reanalysis
2021-12-01,28.7,21.2,24.4,32.4,24.8,28.0,2.0,13.1,31.0,95,15.81,979.4,loc_salem,11.6643,78.146,ECMWF_ERA5_Reanalysis
2021-12-02,28.5,21.7,24.9,33.7,25.8,29.0,0.8,12.4,25.2,80,17.89,979.3,loc_salem,11.6643,78.146,ECMWF_ERA5_Reanalysis
2021-12-03,29.2,21.9,25.1,33.8,25.4,29.1,3.0,11.6,28.1,61,16.88,979.5,loc_salem,11.6643,78.146,ECMWF_ERA5_Reanalysis
2021-12-04,28.2,21.9,24.6,32.6,25.7,28.9,7.8,10.0,19.1,237,13.38,979.9,loc_salem,11.6643,78.146,ECMWF_ERA5_Reanalysis
2021-12-05,29.6,21.9,25.3,34.1,26.1,29.7,1.6,10.2,24.8,347,18.07,979.5,loc_salem,11.6643,78.146,ECMWF_ERA5_Reanalysis
2021-12-06,27.1,22.4,24.2,31.8,26.2,28.7,6.1,6.5,20.2,100,9.85,979.5,loc_salem,11.6643,78.146,ECMWF_ERA5_Reanalysis
2021-12-07,29.1,21.5,25.2,34.5,24.9,29.2,0.2,9.7,22.7,90,17.03,979.6,loc_salem,11.6643,78.146,ECMWF_ERA5_Reanalysis
2021-12-08,30.3,21.0,25.2,35.0,24.4,29.0,0.4,9.4,22.0,108,19.03,979.8,loc_salem,11.6643,78.146,ECMWF_ERA5_Reanalysis
2021-12-09,29.4,21.7,24.6,34.5,25.6,28.5,1.7,13.1,29.5,100,15.99,981.1,loc_salem,11.6643,78.146,ECMWF_ERA5_Reanalysis
2021-12-10,30.4,19.9,24.8,33.9,22.7,28.0,0.1,9.0,21.6,94,18.76,981.7,loc_salem,11.6643,78.146,ECMWF_ERA5_Reanalysis
2021-12-11,29.0,20.7,24.5,32.5,24.1,28.1,1.1,13.0,31.7,82,16.54,981.2,loc_salem,11.6643,78.146,ECMWF_ERA5_Reanalysis
2021-12-12,29.3,21.0,24.6,32.8,24.8,28.3,1.2,12.6,31.7,70,15.43,981.4,loc_salem,11.6643,78.146,ECMWF_ERA5_Reanalysis
2021-12-13,28.6,21.7,24.4,31.9,25.6,28.2,2.2,12.9,29.5,78,13.77,980.4,loc_salem,11.6643,78.146,ECMWF_ERA5_Reanalysis
2021-12-14,28.3,21.0,24.5,32.0,24.5,28.1,2.3,11.8,32.0,70,14.05,980.1,loc_salem,11.6643,78.146,ECMWF_ERA5_Reanalysis
2021-12-15,29.7,20.9,24.5,32.4,24.7,27.6,0.1,8.5,20.9,59,17.41,980.6,loc_salem,11.6643,78.146,ECMWF_ERA5_Reanalysis
2021-12-16,29.5,20.6,24.8,32.8,23.5,27.5,0.0,11.9,25.9,86,15.67,981.4,loc_salem,11.6643,78.146,ECMWF_ERA5_Reanalysis
2021-12-17,29.9,20.4,24.5,33.9,23.1,27.1,0.0,16.0,35.3,87,19.98,981.9,loc_salem,11.6643,78.146,ECMWF_ERA5_Reanalysis
2021-12-18,29.6,17.8,23.4,32.7,19.7,25.8,0.0,9.4,22.3,86,20.42,981.2,loc_salem,11.6643,78.146,ECMWF_ERA5_Reanalysis
2021-12-19,28.4,18.6,22.7,31.1,20.7,24.8,0.0,6.1,17.3,77,20.53,982.3,loc_salem,11.6643,78.146,ECMWF_ERA5_Reanalysis
2021-12-20,28.7,16.2,22.5,31.8,17.5,24.1,0.0,12.0,27.4,88,20.44,982.4,loc_salem,11.6643,78.146,ECMWF_ERA5_Reanalysis
2021-12-21,28.1,18.1,23.0,31.4,19.9,25.0,0.0,10.2,25.6,86,20.76,982.5,loc_salem,11.6643,78.146,ECMWF_ERA5_Reanalysis
2021-12-22,28.0,17.8,23.2,31.2,19.6,25.0,0.0,13.4,28.8,94,19.35,981.3,loc_salem,11.6643,78.146,ECMWF_ERA5_Reanalysis
2021-12-23,29.3,17.9,23.2,32.2,19.6,25.0,0.0,14.4,29.5,91,20.29,980.8,loc_salem,11.6643,78.146,ECMWF_ERA5_Reanalysis
2021-12-24,28.9,17.6,22.7,31.8,18.8,24.3,0.0,16.2,33.8,100,20.73,980.9,loc_salem,11.6643,78.146,ECMWF_ERA5_Reanalysis
2021-12-25,29.3,16.8,22.9,32.0,17.6,24.2,0.0,15.5,34.9,96,20.97,981.3,loc_salem,11.6643,78.146,ECMWF_ERA5_Reanalysis
2021-12-26,29.4,17.4,23.1,32.2,18.9,24.8,0.0,15.6,33.5,98,20.42,982.4,loc_salem,11.6643,78.146,ECMWF_ERA5_Reanalysis
2021-12-27,29.4,18.2,23.4,30.9,19.8,24.7,0.0,17.3,37.1,90,18.99,982.8,loc_salem,11.6643,78.146,ECMWF_ERA5_Reanalysis
2021-12-28,30.1,17.6,23.8,31.1,19.6,25.2,0.0,14.7,32.8,95,17.47,981.8,loc_salem,11.6643,78.146,ECMWF_ERA5_Reanalysis
2021-12-29,30.2,19.0,24.2,31.9,21.4,25.9,0.0,17.5,36.4,95,20.24,981.1,loc_salem,11.6643,78.146,ECMWF_ERA5_Reanalysis
2021-12-30,29.5,17.6,23.1,31.9,19.6,25.7,2.7,16.3,38.5,80,15.71,982.0,loc_salem,11.6643,78.146,ECMWF_ERA5_Reanalysis
2021-12-31,29.0,20.3,24.3,30.9,23.5,27.0,0.7,15.1,41.0,78,15.29,982.9,loc_salem,11.6643,78.146,ECMWF_ERA5_Reanalysis
2022-01-01,29.6,21.0,23.9,33.0,24.5,27.0,3.5,12.3,31.7,79,15.22,983.3,loc_salem,11.6643,78.146,ECMWF_ERA5_Reanalysis
2022-01-02,29.9,20.3,24.4,30.9,23.6,26.9,0.0,13.7,32.4,93,15.21,982.3,loc_salem,11.6643,78.146,ECMWF_ERA5_Reanalysis
2022-01-03,30.6,19.0,24.2,32.3,21.6,26.3,0.0,14.6,31.7,97,16.7,981.7,loc_salem,11.6643,78.146,ECMWF_ERA5_Reanalysis
2022-01-04,30.5,18.9,23.9,33.0,21.3,25.8,0.0,15.2,34.2,99,19.3,982.0,loc_salem,11.6643,78.146,ECMWF_ERA5_Reanalysis
2022-01-05,29.0,17.4,23.3,32.0,19.5,25.4,0.0,14.8,32.0,98,20.79,982.0,loc_salem,11.6643,78.146,ECMWF_ERA5_Reanalysis
2022-01-06,30.0,18.6,24.1,32.0,21.0,25.9,0.0,19.4,41.8,96,18.81,980.9,loc_salem,11.6643,78.146,ECMWF_ERA5_Reanalysis
2022-01-07,30.8,19.7,24.9,32.6,22.1,26.6,0.0,18.5,39.6,96,19.39,981.2,loc_salem,11.6643,78.146,ECMWF_ERA5_Reanalysis
2022-01-08,30.5,19.6,24.8,32.8,22.5,27.0,0.0,15.7,38.2,94,17.24,981.6,loc_salem,11.6643,78.146,ECMWF_ERA5_Reanalysis
2022-01-09,30.4,20.6,24.9,33.2,23.4,27.3,0.0,15.3,33.1,82,18.45,980.5,loc_salem,11.6643,78.146,ECMWF_ERA5_Reanalysis
2022-01-10,31.1,20.0,25.0,32.8,22.8,26.9,0.0,16.4,35.3,88,19.69,980.3,loc_salem,11.6643,78.146,ECMWF_ERA5_Reanalysis
2022-01-11,30.9,19.1,24.9,34.3,21.5,27.4,0.0,17.1,36.7,93,19.79,980.2,loc_salem,11.6643,78.146,ECMWF_ERA5_Reanalysis
2022-01-12,31.0,20.8,25.5,34.0,23.8,27.9,0.0,18.0,38.9,103,18.09,979.8,loc_salem,11.6643,78.146,ECMWF_ERA5_Reanalysis
2022-01-13,32.0,21.9,26.3,35.0,24.6,28.8,0.2,20.2,43.2,116,19.5,979.3,loc_salem,11.6643,78.146,ECMWF_ERA5_Reanalysis
2022-01-14,31.1,22.4,26.2,34.1,25.3,28.9,0.3,17.3,40.0,116,18.06,979.2,loc_salem,11.6643,78.146,ECMWF_ERA5_Reanalysis
2022-01-15,32.2,21.3,26.3,35.1,24.5,28.8,0.1,18.3,40.0,93,19.28,979.5,loc_salem,11.6643,78.146,ECMWF_ERA5_Reanalysis
2022-01-16,31.3,21.3,26.0,33.9,24.7,28.5,0.5,15.6,38.9,88,19.22,981.0,loc_salem,11.6643,78.146,ECMWF_ERA5_Reanalysis
2022-01-17,30.5,20.9,25.2,32.4,24.0,27.6,0.3,14.0,31.7,80,19.0,982.8,loc_salem,11.6643,78.146,ECMWF_ERA5_Reanalysis
2022-01-18,31.3,19.1,24.7,32.7,21.8,26.4,0.0,18.4,40.3,96,17.78,982.1,loc_salem,11.6643,78.146,ECMWF_ERA5_Reanalysis
2022-01-19,31.7,19.6,24.9,32.9,22.3,26.1,0.0,15.5,32.4,47,21.34,980.7,loc_salem,11.6643,78.146,ECMWF_ERA5_Reanalysis
2022-01-20,31.2,19.1,24.8,32.5,20.6,26.0,0.0,13.4,33.8,56,21.5,979.2,loc_salem,11.6643,78.146,ECMWF_ERA5_Reanalysis
2022-01-21,32.5,18.7,25.3,34.5,20.3,26.7,0.0,9.9,24.8,140,21.93,979.2,loc_salem,11.6643,78.146,ECMWF_ERA5_Reanalysis
2022-01-22,33.7,20.5,26.8,34.9,22.0,27.9,0.0,13.1,27.7,194,21.72,977.5,loc_salem,11.6643,78.146,ECMWF_ERA5_Reanalysis
2022-01-23,33.3,21.3,27.1,35.3,23.5,28.7,0.0,11.5,24.5,182,21.26,977.4,loc_salem,11.6643,78.146,ECMWF_ERA5_Reanalysis
2022-01-24,32.6,21.1,26.7,34.3,23.0,28.1,0.0,12.8,28.8,142,19.62,977.0,loc_salem,11.6643,78.146,ECMWF_ERA5_Reanalysis
2022-01-25,31.1,21.3,25.6,33.1,22.8,27.4,0.0,13.6,31.3,129,18.04,977.5,loc_salem,11.6643,78.146,ECMWF_ERA5_Reanalysis
2022-01-26,31.4,20.6,25.6,33.5,22.5,27.2,0.0,13.0,27.7,116,19.21,978.1,loc_salem,11.6643,78.146,ECMWF_ERA5_Reanalysis
2022-01-27,31.8,20.6,25.6,32.5,23.4,27.2,0.1,18.9,41.4,96,17.96,978.5,loc_salem,11.6643,78.146,ECMWF_ERA5_Reanalysis
2022-01-28,30.9,20.8,25.1,31.8,23.9,27.0,0.8,17.1,40.0,78,18.17,980.0,loc_salem,11.6643,78.146,ECMWF_ERA5_Reanalysis
2022-01-29,29.8,19.5,24.8,30.7,22.0,26.9,0.0,14.5,33.1,79,11.83,980.9,loc_salem,11.6643,78.146,ECMWF_ERA5_Reanalysis
2022-01-30,31.0,22.2,25.9,33.7,25.7,28.6,0.5,14.0,30.2,96,15.33,980.3,loc_salem,11.6643,78.146,ECMWF_ERA5_Reanalysis
2022-01-31,32.7,20.7,26.3,35.9,23.9,28.8,0.0,21.3,45.7,96,20.17,979.2,loc_salem,11.6643,78.146,ECMWF_ERA5_Reanalysis
2022-02-01,33.5,21.8,26.6,36.1,23.8,28.7,0.0,20.2,45.0,101,18.71,978.8,loc_salem,11.6643,78.146,ECMWF_ERA5_Reanalysis
2022-02-02,32.6,19.8,25.8,35.1,22.7,27.6,0.0,17.7,37.1,104,21.82,979.5,loc_salem,11.6643,78.146,ECMWF_ERA5_Reanalysis
2022-02-03,32.3,19.8,25.9,35.1,22.0,27.6,0.0,15.4,37.1,114,22.44,979.2,loc_salem,11.6643,78.146,ECMWF_ERA5_Reanalysis
2022-02-04,33.3,20.6,26.9,36.5,22.9,28.9,0.0,15.5,31.7,115,22.99,977.6,loc_salem,11.6643,78.146,ECMWF_ERA5_Reanalysis
2022-02-05,33.4,21.0,27.0,36.3,23.8,29.2,0.0,22.1,46.8,111,22.49,978.2,loc_salem,11.6643,78.146,ECMWF_ERA5_Reanalysis
2022-02-06,32.0,22.3,26.5,34.4,23.9,28.1,0.1,22.5,48.2,95,18.93,980.7,loc_salem,11.6643,78.146,ECMWF_ERA5_Reanalysis
2022-02-07,34.1,21.5,26.7,36.4,24.1,28.6,0.0,20.5,44.3,90,20.77,981.1,loc_salem,11.6643,78.146,ECMWF_ERA5_Reanalysis
2022-02-08,34.2,20.6,26.4,36.2,22.3,28.0,0.0,23.0,49.3,76,21.37,980.1,loc_salem,11.6643,78.146,ECMWF_ERA5_Reanalysis
2022-02-09,32.1,19.8,25.4,35.6,21.4,26.7,0.0,19.8,42.8,90,21.82,979.9,loc_salem,11.6643,78.146,ECMWF_ERA5_Reanalysis
2022-02-10,33.1,18.9,25.3,34.7,21.0,26.6,0.0,11.5,37.4,86,23.72,979.5,loc_salem,11.6643,78.146,ECMWF_ERA5_Reanalysis
2022-02-11,33.1,19.8,25.3,34.7,21.9,27.1,0.0,17.7,38.2,91,22.19,979.2,loc_salem,11.6643,78.146,ECMWF_ERA5_Reanalysis
2022-02-12,33.2,22.3,26.6,34.1,24.2,28.5,0.0,18.4,43.9,98,19.35,978.9,loc_salem,11.6643,78.146,ECMWF_ERA5_Reanalysis
2022-02-13,33.3,20.3,26.2,34.9,21.9,27.4,0.0,16.1,34.9,101,21.24,978.2,loc_salem,11.6643,78.146,ECMWF_ERA5_Reanalysis
2022-02-14,33.5,20.3,26.0,35.1,22.2,27.3,0.0,22.6,49.3,81,20.34,978.0,loc_salem,11.6643,78.146,ECMWF_ERA5_Reanalysis
2022-02-15,32.8,20.3,25.9,34.0,22.7,27.3,0.0,22.3,49.3,82,19.85,978.2,loc_salem,11.6643,78.146,ECMWF_ERA5_Reanalysis
2022-02-16,33.9,20.2,26.1,36.0,22.4,27.5,0.0,21.9,48.2,97,23.08,976.5,loc_salem,11.6643,78.146,ECMWF_ERA5_Reanalysis
2022-02-17,34.6,20.5,26.6,35.9,22.4,27.7,0.0,17.0,38.2,95,22.8,975.5,loc_salem,11.6643,78.146,ECMWF_ERA5_Reanalysis
2022-02-18,33.9,19.6,26.1,36.4,21.6,27.6,0.0,15.9,37.8,99,23.16,977.2,loc_salem,11.6643,78.146,ECMWF_ERA5_Reanalysis
2022-02-19,33.8,19.7,26.1,35.9,22.0,27.6,0.0,19.4,43.9,101,23.34,979.1,loc_salem,11.6643,78.146,ECMWF_ERA5_Reanalysis
2022-02-20,33.9,20.5,27.0,36.0,23.0,28.6,0.0,16.6,34.2,87,23.91,978.7,loc_salem,11.6643,78.146,ECMWF_ERA5_Reanalysis
2022-02-21,35.5,20.9,28.1,37.8,23.7,29.6,0.0,16.9,37.1,108,23.77,977.5,loc_salem,11.6643,78.146,ECMWF_ERA5_Reanalysis
2022-02-22,35.5,23.0,28.6,36.5,25.8,29.7,0.0,20.4,53.3,111,23.28,978.9,loc_salem,11.6643,78.146,ECMWF_ERA5_Reanalysis
2022-02-23,34.2,22.1,27.4,35.5,23.8,28.0,0.0,17.9,42.5,95,23.92,981.3,loc_salem,11.6643,78.146,ECMWF_ERA5_Reanalysis
2022-02-24,32.7,19.3,26.2,34.1,20.7,26.9,0.0,18.1,43.9,100,24.3,982.4,loc_salem,11.6643,78.146,ECMWF_ERA5_Reanalysis
2022-02-25,34.1,20.3,26.3,35.4,21.5,27.0,0.0,20.2,43.9,106,24.94,981.5,loc_salem,11.6643,78.146,ECMWF_ERA5_Reanalysis
2022-02-26,32.4,19.7,26.0,33.7,21.5,26.7,0.0,17.7,40.7,97,24.23,981.4,loc_salem,11.6643,78.146,ECMWF_ERA5_Reanalysis
2022-02-27,35.2,21.0,27.3,36.9,23.5,28.8,0.0,21.7,46.4,105,23.75,981.2,loc_salem,11.6643,78.146,ECMWF_ERA5_Reanalysis
2022-02-28,34.3,20.6,27.2,35.0,22.4,27.7,0.0,18.1,43.9,103,25.01,980.9,loc_salem,11.6643,78.146,ECMWF_ERA5_Reanalysis
2022-03-01,35.2,20.7,27.6,35.3,21.4,27.3,0.0,18.3,41.0,100,25.05,980.8,loc_salem,11.6643,78.146,ECMWF_ERA5_Reanalysis
2022-03-02,34.9,18.3,26.7,32.8,17.1,25.2,0.0,15.8,39.2,91,24.69,980.3,loc_salem,11.6643,78.146,ECMWF_ERA5_Reanalysis
2022-03-03,35.2,19.4,26.7,34.0,19.1,26.4,0.0,17.9,41.8,81,24.45,979.7,loc_salem,11.6643,78.146,ECMWF_ERA5_Reanalysis
2022-03-04,35.5,18.7,27.2,34.9,20.2,27.7,0.0,15.5,33.5,54,24.81,979.2,loc_salem,11.6643,78.146,ECMWF_ERA5_Reanalysis
2022-03-05,35.6,20.2,27.8,37.6,22.5,29.2,0.0,16.6,39.2,41,24.76,978.6,loc_salem,11.6643,78.146,ECMWF_ERA5_Reanalysis
2022-03-06,35.0,20.7,27.5,35.8,22.9,28.8,0.0,14.8,36.4,58,20.66,978.3,loc_salem,11.6643,78.146,ECMWF_ERA5_Reanalysis
2022-03-07,30.8,21.5,25.1,32.9,22.8,27.1,4.3,17.7,43.6,77,11.74,979.0,loc_salem,11.6643,78.146,ECMWF_ERA5_Reanalysis
2022-03-08,33.6,20.7,27.0,34.4,24.0,28.6,0.0,17.7,43.9,98,24.14,979.1,loc_salem,11.6643,78.146,ECMWF_ERA5_Reanalysis
2022-03-09,35.5,21.0,27.8,37.2,22.8,28.7,0.0,19.2,45.7,102,25.2,978.4,loc_salem,11.6643,78.146,ECMWF_ERA5_Reanalysis
2022-03-10,36.4,20.6,27.9,37.0,22.2,28.4,0.0,20.9,47.2,105,25.43,978.2,loc_salem,11.6643,78.146,ECMWF_ERA5_Reanalysis
2022-03-11,37.3,20.8,28.2,38.2,22.5,28.7,0.0,18.4,41.8,93,25.91,977.7,loc_salem,11.6643,78.146,ECMWF_ERA5_Reanalysis
2022-03-12,37.4,20.3,28.4,38.3,22.8,28.9,0.0,17.4,41.8,88,25.96,977.4,loc_salem,11.6643,78.146,ECMWF_ERA5_Reanalysis
2022-03-13,36.9,20.7,28.4,36.4,21.6,28.3,0.0,18.1,41.4,96,23.97,977.8,loc_salem,11.6643,78.146,ECMWF_ERA5_Reanalysis
2022-03-14,37.8,21.6,29.2,37.8,22.2,29.0,0.0,18.4,41.0,95,25.65,977.9,loc_salem,11.6643,78.146,ECMWF_ERA5_Reanalysis
2022-03-15,38.5,22.0,29.5,38.9,23.3,29.8,0.0,17.8,39.6,77,24.31,976.9,loc_salem,11.6643,78.146,ECMWF_ERA5_Reanalysis
2022-03-16,38.7,22.6,30.3,39.2,23.3,30.2,0.0,18.8,40.7,56,23.55,975.8,loc_salem,11.6643,78.146,ECMWF_ERA5_Reanalysis
2022-03-17,39.8,23.6,31.2,41.2,25.1,31.3,0.0,18.2,41.4,104,25.02,975.2,loc_salem,11.6643,78.146,ECMWF_ERA5_Reanalysis
2022-03-18,39.4,23.4,30.7,39.9,24.1,30.7,0.0,16.8,36.4,132,23.22,975.0,loc_salem,11.6643,78.146,ECMWF_ERA5_Reanalysis
2022-03-19,37.7,24.5,30.7,40.0,24.1,31.4,0.0,9.9,26.3,167,23.06,974.9,loc_salem,11.6643,78.146,ECMWF_ERA5_Reanalysis
2022-03-20,37.3,25.4,29.6,39.6,28.5,31.7,0.0,17.2,58.0,255,18.08,975.3,loc_salem,11.6643,78.146,ECMWF_ERA5_Reanalysis
2022-03-21,38.3,24.3,30.6,41.1,26.7,32.9,0.0,14.3,31.0,173,23.59,975.3,loc_salem,11.6643,78.146,ECMWF_ERA5_Reanalysis
2022-03-22,32.9,24.1,28.2,34.9,28.1,31.2,0.3,10.1,23.4,295,7.52,976.0,loc_salem,11.6643,78.146,ECMWF_ERA5_Reanalysis
2022-03-23,37.9,25.4,30.9,41.8,28.1,33.4,0.3,17.6,42.5,128,21.58,975.2,loc_salem,11.6643,78.146,ECMWF_ERA5_Reanalysis
2022-03-24,37.5,25.8,30.9,40.4,29.4,33.4,0.0,14.5,32.4,115,21.16,975.8,loc_salem,11.6643,78.146,ECMWF_ERA5_Reanalysis
2022-03-25,38.1,24.9,30.4,40.7,28.7,33.2,0.2,18.1,37.4,122,23.16,976.9,loc_salem,11.6643,78.146,ECMWF_ERA5_Reanalysis
2022-03-26,37.8,25.3,30.9,41.8,29.4,34.0,0.1,16.3,39.2,106,22.05,978.4,loc_salem,11.6643,78.146,ECMWF_ERA5_Reanalysis
2022-03-27,37.0,25.4,31.0,40.6,29.4,33.8,0.0,14.5,31.7,105,23.1,978.9,loc_salem,11.6643,78.146,ECMWF_ERA5_Reanalysis
2022-03-28,38.1,25.4,31.4,40.3,28.7,33.5,0.0,15.9,39.2,109,24.71,978.3,loc_salem,11.6643,78.146,ECMWF_ERA5_Reanalysis
2022-03-29,39.1,25.7,32.0,41.2,28.7,33.7,0.0,15.9,34.2,127,24.27,977.1,loc_salem,11.6643,78.146,ECMWF_ERA5_Reanalysis
2022-03-30,39.0,26.6,32.2,41.6,29.6,33.9,0.0,16.1,36.0,132,23.58,976.8,loc_salem,11.6643,78.146,ECMWF_ERA5_Reanalysis
2022-03-31,38.8,26.4,32.2,40.4,29.4,33.8,0.0,13.7,31.0,137,23.59,977.0,loc_salem,11.6643,78.146,ECMWF_ERA5_Reanalysis
2022-04-01,38.2,25.5,31.5,39.2,27.5,32.7,0.0,17.1,40.3,123,22.71,977.3,loc_salem,11.6643,78.146,ECMWF_ERA5_Reanalysis
2022-04-02,38.1,25.5,31.3,41.0,28.7,33.3,0.1,16.0,35.3,116,23.59,978.3,loc_salem,11.6643,78.146,ECMWF_ERA5_Reanalysis
2022-04-03,37.5,25.3,31.1,38.9,28.6,32.8,0.0,17.7,42.5,104,24.77,977.7,loc_salem,11.6643,78.146,ECMWF_ERA5_Reanalysis
2022-04-04,38.2,25.0,30.9,38.7,28.5,32.4,0.0,21.4,47.2,102,25.56,978.5,loc_salem,11.6643,78.146,ECMWF_ERA5_Reanalysis
2022-04-05,37.4,24.1,30.3,37.6,27.8,31.9,0.0,20.5,46.4,106,24.41,980.1,loc_salem,11.6643,78.146,ECMWF_ERA5_Reanalysis
2022-04-06,37.7,24.2,30.5,39.8,27.9,32.6,0.0,17.0,41.4,110,23.67,980.1,loc_salem,11.6643,78.146,ECMWF_ERA5_Reanalysis
2022-04-07,39.9,24.8,31.5,41.5,28.6,33.3,0.0,17.9,40.3,106,24.62,978.6,loc_salem,11.6643,78.146,ECMWF_ERA5_Reanalysis
2022-04-08,37.9,25.4,30.0,41.9,28.0,32.8,1.5,15.6,40.7,120,23.1,978.1,loc_salem,11.6643,78.146,ECMWF_ERA5_Reanalysis
2022-04-09,37.1,24.6,29.9,41.8,28.8,33.2,1.2,17.3,38.5,121,23.26,977.3,loc_salem,11.6643,78.146,ECMWF_ERA5_Reanalysis
2022-04-10,37.2,24.0,29.3,41.1,28.3,32.7,0.9,15.3,41.4,98,19.5,976.5,loc_salem,11.6643,78.146,ECMWF_ERA5_Reanalysis
2022-04-11,35.3,24.5,28.8,39.5,29.2,32.5,1.9,14.2,33.8,114,16.05,976.0,loc_salem,11.6643,78.146,ECMWF_ERA5_Reanalysis
2022-04-12,34.7,24.9,28.1,39.0,30.0,32.3,3.6,13.8,38.2,135,17.03,975.5,loc_salem,11.6643,78.146,ECMWF_ERA5_Reanalysis
2022-04-13,34.5,24.6,27.9,38.8,29.6,32.0,2.7,18.4,43.2,132,17.34,975.2,loc_salem,11.6643,78.146,ECMWF_ERA5_Reanalysis
2022-04-14,34.2,22.9,28.4,38.8,27.6,32.6,3.9,13.5,29.2,167,20.26,975.8,loc_salem,11.6643,78.146,ECMWF_ERA5_Reanalysis
2022-04-15,35.6,23.8,29.4,40.5,28.8,33.4,1.5,14.7,31.3,190,21.8,975.5,loc_salem,11.6643,78.146,ECMWF_ERA5_Reanalysis
2022-04-16,37.6,25.0,29.8,42.0,29.2,33.6,3.2,28.1,53.3,186,23.53,974.5,loc_salem,11.6643,78.146,ECMWF_ERA5_Reanalysis
2022-04-17,37.3,24.3,28.9,41.9,28.3,32.6,11.8,13.6,46.8,277,21.27,975.2,loc_salem,11.6643,78.146,ECMWF_ERA5_Reanalysis
2022-04-18,37.4,24.6,28.8,41.1,26.5,32.0,12.1,22.9,49.0,344,22.94,976.9,loc_salem,11.6643,78.146,ECMWF_ERA5_Reanalysis
2022-04-19,35.5,24.1,29.4,40.8,26.9,33.3,0.3,11.7,27.7,334,23.17,977.8,loc_salem,11.6643,78.146,ECMWF_ERA5_Reanalysis
2022-04-20,37.2,25.3,31.2,41.4,29.1,34.7,0.0,11.8,33.1,119,24.43,976.2,loc_salem,11.6643,78.146,ECMWF_ERA5_Reanalysis
2022-04-21,37.3,25.6,30.8,40.4,29.7,33.6,0.0,17.7,41.8,102,24.88,975.7,loc_salem,11.6643,78.146,ECMWF_ERA5_Reanalysis
2022-04-22,36.8,24.8,30.5,39.7,29.1,33.4,0.0,13.8,33.8,94,23.79,976.7,loc_salem,11.6643,78.146,ECMWF_ERA5_Reanalysis
2022-04-23,36.4,25.2,29.3,39.5,27.4,32.9,2.2,21.0,44.6,138,19.99,977.7,loc_salem,11.6643,78.146,ECMWF_ERA5_Reanalysis
2022-04-24,37.0,24.6,30.2,40.6,28.9,33.7,0.4,13.3,32.0,234,21.31,976.2,loc_salem,11.6643,78.146,ECMWF_ERA5_Reanalysis
2022-04-25,39.3,24.6,31.5,41.0,28.0,33.6,0.0,16.5,40.3,123,24.94,975.6,loc_salem,11.6643,78.146,ECMWF_ERA5_Reanalysis
2022-04-26,39.4,25.5,32.0,42.7,27.7,34.2,0.0,15.6,37.4,105,24.4,975.8,loc_salem,11.6643,78.146,ECMWF_ERA5_Reanalysis
2022-04-27,39.2,25.8,32.1,41.9,30.1,34.7,0.0,16.9,41.0,105,25.71,975.4,loc_salem,11.6643,78.146,ECMWF_ERA5_Reanalysis
2022-04-28,39.9,25.9,32.4,42.5,29.6,34.6,0.0,20.2,45.0,118,25.48,976.2,loc_salem,11.6643,78.146,ECMWF_ERA5_Reanalysis
2022-04-29,41.2,26.6,33.5,44.2,31.4,35.9,0.0,16.2,41.0,116,25.22,976.0,loc_salem,11.6643,78.146,ECMWF_ERA5_Reanalysis
2022-04-30,40.0,27.3,33.5,42.6,32.0,36.7,0.0,15.5,34.6,185,24.32,974.9,loc_salem,11.6643,78.146,ECMWF_ERA5_Reanalysis
2022-05-01,40.3,27.8,32.9,43.6,31.7,36.1,0.1,17.8,49.3,234,23.3,973.8,loc_salem,11.6643,78.146,ECMWF_ERA5_Reanalysis
2022-05-02,39.4,25.6,32.2,42.9,30.4,35.4,0.0,14.5,42.8,244,24.29,973.7,loc_salem,11.6643,78.146,ECMWF_ERA5_Reanalysis
2022-05-03,39.6,26.3,32.1,43.5,30.7,35.6,0.0,14.6,33.5,357,24.48,974.4,loc_salem,11.6643,78.146,ECMWF_ERA5_Reanalysis
2022-05-04,37.9,24.6,30.6,43.4,28.1,34.7,9.0,14.2,48.6,72,23.71,975.8,loc_salem,11.6643,78.146,ECMWF_ERA5_Reanalysis
2022-05-05,36.0,24.4,30.4,40.4,28.6,34.6,0.4,10.1,28.1,328,22.73,975.4,loc_salem,11.6643,78.146,ECMWF_ERA5_Reanalysis
2022-05-06,37.6,25.8,31.3,41.7,29.9,35.0,0.0,18.2,34.9,328,23.92,974.7,loc_salem,11.6643,78.146,ECMWF_ERA5_Reanalysis
2022-05-07,38.6,26.6,31.1,41.5,29.1,33.9,0.0,24.7,57.6,325,23.13,974.2,loc_salem,11.6643,78.146,ECMWF_ERA5_Reanalysis
2022-05-08,38.5,24.8,31.6,40.6,28.3,34.0,0.1,14.6,44.6,337,21.22,972.4,loc_salem,11.6643,78.146,ECMWF_ERA5_Reanalysis
2022-05-09,36.8,25.4,30.9,38.3,28.5,33.7,0.6,12.6,42.5,329,15.95,971.4,loc_salem,11.6643,78.146,ECMWF_ERA5_Reanalysis
2022-05-10,33.3,26.0,29.0,36.1,30.4,32.7,0.2,16.9,39.6,277,12.23,971.5,loc_salem,11.6643,78.146,ECMWF_ERA5_Reanalysis
2022-05-11,32.0,24.8,28.0,34.4,28.8,31.2,0.2,16.3,37.1,256,6.57,972.2,loc_salem,11.6643,78.146,ECMWF_ERA5_Reanalysis
2022-05-12,31.5,23.9,26.3,33.7,27.8,30.0,19.0,14.9,34.9,241,10.29,973.6,loc_salem,11.6643,78.146,ECMWF_ERA5_Reanalysis
2022-05-13,31.3,23.5,26.9,34.9,28.3,31.1,5.5,15.3,39.2,280,16.27,973.4,loc_salem,11.6643,78.146,ECMWF_ERA5_Reanalysis
2022-05-14,33.6,23.9,27.6,39.7,28.6,32.3,14.5,16.8,38.5,264,20.48,973.5,loc_salem,11.6643,78.146,ECMWF_ERA5_Reanalysis
2022-05-15,32.2,23.7,26.9,37.3,28.4,31.6,15.3,10.7,27.7,250,19.34,974.6,loc_salem,11.6643,78.146,ECMWF_ERA5_Reanalysis
2022-05-16,30.4,23.9,26.0,36.4,28.4,31.1,13.4,9.8,23.8,254,14.37,974.0,loc_salem,11.6643,78.146,ECMWF_ERA5_Reanalysis
2022-05-17,31.6,23.5,27.0,38.6,28.8,32.3,4.4,9.9,23.4,183,18.49,972.3,loc_salem,11.6643,78.146,ECMWF_ERA5_Reanalysis
2022-05-18,30.8,23.8,26.3,35.4,28.9,30.9,4.9,14.7,36.4,194,15.71,972.7,loc_salem,11.6643,78.146,ECMWF_ERA5_Reanalysis
2022-05-19,31.6,22.8,26.8,35.3,25.3,30.2,1.3,15.9,37.8,223,20.39,974.5,loc_salem,11.6643,78.146,ECMWF_ERA5_Reanalysis
2022-05-20,32.2,22.4,26.7,37.0,26.1,30.5,9.6,18.8,45.0,224,20.23,975.8,loc_salem,11.6643,78.146,ECMWF_ERA5_Reanalysis
2022-05-21,33.3,23.0,26.7,37.9,27.4,31.3,12.3,11.8,40.3,238,19.4,975.1,loc_salem,11.6643,78.146,ECMWF_ERA5_Reanalysis
2022-05-22,32.1,22.5,26.3,37.1,26.6,30.6,15.5,12.6,39.2,251,19.53,974.0,loc_salem,11.6643,78.146,ECMWF_ERA5_Reanalysis
2022-05-23,33.9,22.4,27.9,39.0,26.4,31.8,0.0,16.1,37.1,286,22.96,973.1,loc_salem,11.6643,78.146,ECMWF_ERA5_Reanalysis
2022-05-24,33.9,22.9,28.2,38.7,27.4,32.7,0.0,10.3,30.2,300,24.7,975.0,loc_salem,11.6643,78.146,ECMWF_ERA5_Reanalysis
2022-05-25,33.7,23.6,28.6,38.2,28.4,33.1,1.0,17.2,38.9,282,22.4,976.4,loc_salem,11.6643,78.146,ECMWF_ERA5_Reanalysis
2022-05-26,34.1,23.8,27.7,40.6,27.8,32.6,10.2,15.5,35.3,221,21.09,976.8,loc_salem,11.6643,78.146,ECMWF_ERA5_Reanalysis
2022-05-27,34.3,23.0,27.5,39.1,27.8,31.9,0.7,22.5,48.6,269,23.08,976.3,loc_salem,11.6643,78.146,ECMWF_ERA5_Reanalysis
2022-05-28,34.3,23.1,28.4,38.6,27.6,32.3,0.3,12.6,33.1,249,23.07,975.5,loc_salem,11.6643,78.146,ECMWF_ERA5_Reanalysis
2022-05-29,34.7,23.9,28.8,38.9,28.3,32.5,0.7,13.8,34.9,253,23.58,975.3,loc_salem,11.6643,78.146,ECMWF_ERA5_Reanalysis
2022-05-30,35.5,24.1,29.0,40.0,28.4,32.8,0.9,12.4,28.1,263,22.99,974.6,loc_salem,11.6643,78.146,ECMWF_ERA5_Reanalysis
2022-05-31,34.4,23.9,27.7,38.9,27.7,31.6,0.5,15.4,36.7,298,22.5,974.1,loc_salem,11.6643,78.146,ECMWF_ERA5_Reanalysis
2022-06-01,34.9,23.0,28.8,39.5,27.9,32.7,0.5,17.1,39.6,290,22.83,973.9,loc_salem,11.6643,78.146,ECMWF_ERA5_Reanalysis
2022-06-02,36.5,24.1,29.4,40.5,28.4,33.3,0.2,16.1,41.0,275,23.84,974.1,loc_salem,11.6643,78.146,ECMWF_ERA5_Reanalysis
2022-06-03,36.9,24.6,29.9,40.8,28.2,33.3,0.7,17.8,38.2,280,24.11,973.6,loc_salem,11.6643,78.146,ECMWF_ERA5_Reanalysis
2022-06-04,37.9,24.6,30.8,41.6,28.2,34.4,0.1,11.4,35.3,310,24.56,973.2,loc_salem,11.6643,78.146,ECMWF_ERA5_Reanalysis
2022-06-05,38.0,25.0,30.2,42.9,29.8,34.4,0.3,22.4,51.1,220,23.12,973.4,loc_salem,11.6643,78.146,ECMWF_ERA5_Reanalysis
2022-06-06,36.4,24.3,29.3,39.7,28.6,32.8,2.3,13.3,53.3,309,19.92,974.3,loc_salem,11.6643,78.146,ECMWF_ERA5_Reanalysis
2022-06-07,35.7,23.9,28.9,39.1,28.0,32.4,0.6,15.6,36.4,224,15.34,974.8,loc_salem,11.6643,78.146,ECMWF_ERA5_Reanalysis
2022-06-08,35.6,24.1,28.7,40.2,28.2,32.6,0.0,14.0,34.9,283,23.82,974.6,loc_salem,11.6643,78.146,ECMWF_ERA5_Reanalysis
2022-06-09,37.2,23.7,28.9,40.8,28.2,33.0,14.5,9.0,48.2,279,24.23,974.1,loc_salem,11.6643,78.146,ECMWF_ERA5_Reanalysis
2022-06-10,35.6,24.2,29.1,39.5,28.7,33.1,0.1,15.0,37.1,216,22.09,974.9,loc_salem,11.6643,78.146,ECMWF_ERA5_Reanalysis
2022-06-11,36.1,24.3,29.0,39.2,28.5,32.6,0.3,20.4,44.6,233,21.72,975.7,loc_salem,11.6643,78.146,ECMWF_ERA5_Reanalysis
2022-06-12,36.9,24.4,28.6,40.6,28.2,32.5,25.8,13.0,51.1,233,20.89,975.6,loc_salem,11.6643,78.146,ECMWF_ERA5_Reanalysis
2022-06-13,35.0,23.9,29.0,39.3,27.7,32.4,0.2,13.7,33.5,299,22.13,976.0,loc_salem,11.6643,78.146,ECMWF_ERA5_Reanalysis
2022-06-14,36.7,24.4,29.1,38.8,28.8,32.5,1.0,17.7,49.0,307,24.32,975.6,loc_salem,11.6643,78.146,ECMWF_ERA5_Reanalysis
2022-06-15,36.0,24.4,28.5,39.2,28.4,32.3,20.6,13.6,34.2,311,22.65,975.1,loc_salem,11.6643,78.146,ECMWF_ERA5_Reanalysis
2022-06-16,33.2,23.2,27.3,38.1,28.3,31.8,19.0,14.0,29.5,291,21.82,975.1,loc_salem,11.6643,78.146,ECMWF_ERA5_Reanalysis
2022-06-17,30.5,22.8,26.7,35.3,26.0,30.7,1.3,11.7,28.1,314,17.54,974.8,loc_salem,11.6643,78.146,ECMWF_ERA5_Reanalysis
2022-06-18,30.3,23.6,26.1,36.4,28.2,30.9,15.1,9.2,23.8,158,16.63,975.1,loc_salem,11.6643,78.146,ECMWF_ERA5_Reanalysis
2022-06-19,32.1,22.4,26.5,38.2,26.9,31.5,5.2,10.7,26.6,253,21.35,975.5,loc_salem,11.6643,78.146,ECMWF_ERA5_Reanalysis
2022-06-20,31.8,23.6,27.3,37.4,27.2,31.9,6.7,9.8,27.0,304,22.34,974.6,loc_salem,11.6643,78.146,ECMWF_ERA5_Reanalysis
2022-06-21,31.0,23.0,26.3,36.9,27.4,30.9,12.8,12.0,46.4,258,16.44,973.8,loc_salem,11.6643,78.146,ECMWF_ERA5_Reanalysis
2022-06-22,32.4,23.5,26.5,37.3,27.6,31.0,2.3,10.2,32.0,223,19.46,974.9,loc_salem,11.6643,78.146,ECMWF_ERA5_Reanalysis
2022-06-23,30.9,23.0,26.9,34.8,27.5,31.0,0.7,8.7,23.8,210,14.68,975.7,loc_salem,11.6643,78.146,ECMWF_ERA5_Reanalysis
2022-06-24,32.1,23.6,27.6,36.6,27.8,31.8,0.2,9.5,30.6,229,18.23,975.0,loc_salem,11.6643,78.146,ECMWF_ERA5_Reanalysis
2022-06-25,30.6,23.5,26.7,33.7,27.4,30.2,0.5,18.4,49.3,240,18.74,973.7,loc_salem,11.6643,78.146,ECMWF_ERA5_Reanalysis
2022-06-26,33.9,23.9,28.0,37.5,28.1,31.4,0.2,15.0,37.8,241,21.62,973.7,loc_salem,11.6643,78.146,ECMWF_ERA5_Reanalysis
2022-06-27,33.5,22.8,27.8,36.5,26.7,31.3,0.5,13.2,33.5,269,22.36,975.1,loc_salem,11.6643,78.146,ECMWF_ERA5_Reanalysis
2022-06-28,33.5,23.4,27.6,37.2,27.5,31.4,4.3,11.2,46.8,277,20.75,975.1,loc_salem,11.6643,78.146,ECMWF_ERA5_Reanalysis
2022-06-29,33.5,23.1,27.8,37.0,27.6,31.6,0.2,17.8,43.6,271,20.34,973.8,loc_salem,11.6643,78.146,ECMWF_ERA5_Reanalysis
2022-06-30,33.8,23.1,26.9,37.9,27.6,31.1,0.8,14.8,43.2,279,20.74,973.6,loc_salem,11.6643,78.146,ECMWF_ERA5_Reanalysis
2022-07-01,34.0,22.7,27.4,37.2,27.6,31.7,2.0,17.4,46.8,298,20.47,973.5,loc_salem,11.6643,78.146,ECMWF_ERA5_Reanalysis
2022-07-02,33.5,23.1,27.6,36.0,26.9,31.2,1.4,19.1,47.5,293,18.62,972.7,loc_salem,11.6643,78.146,ECMWF_ERA5_Reanalysis
2022-07-03,33.2,24.0,27.1,36.9,27.7,31.3,1.4,14.5,49.0,255,18.46,973.2,loc_salem,11.6643,78.146,ECMWF_ERA5_Reanalysis
2022-07-04,31.5,23.5,27.1,33.5,27.6,30.3,0.4,17.2,45.7,281,16.41,973.5,loc_salem,11.6643,78.146,ECMWF_ERA5_Reanalysis
2022-07-05,31.3,23.3,25.8,34.8,27.1,29.5,4.6,16.6,47.9,235,13.99,973.2,loc_salem,11.6643,78.146,ECMWF_ERA5_Reanalysis
2022-07-06,29.8,22.3,25.6,33.0,26.5,29.7,5.2,12.5,39.6,255,14.66,974.3,loc_salem,11.6643,78.146,ECMWF_ERA5_Reanalysis
2022-07-07,27.1,22.7,24.5,31.2,26.9,28.8,3.8,10.5,28.4,245,6.96,976.4,loc_salem,11.6643,78.146,ECMWF_ERA5_Reanalysis
2022-07-08,32.2,22.1,26.3,34.9,26.5,29.7,0.5,18.2,45.0,280,18.04,975.1,loc_salem,11.6643,78.146,ECMWF_ERA5_Reanalysis
2022-07-09,28.6,22.6,24.7,31.3,26.7,28.7,15.5,13.0,38.2,243,10.37,974.0,loc_salem,11.6643,78.146,ECMWF_ERA5_Reanalysis
2022-07-10,31.7,22.0,25.7,35.5,26.4,29.6,6.0,15.0,43.6,252,18.17,974.1,loc_salem,11.6643,78.146,ECMWF_ERA5_Reanalysis
2022-07-11,30.5,21.2,24.9,35.0,24.7,28.8,11.3,13.2,42.1,250,17.27,976.2,loc_salem,11.6643,78.146,ECMWF_ERA5_Reanalysis
2022-07-12,31.8,21.9,26.2,35.2,26.0,29.6,0.9,18.0,42.8,248,21.35,975.7,loc_salem,11.6643,78.146,ECMWF_ERA5_Reanalysis
2022-07-13,31.8,22.4,26.3,34.1,25.6,29.3,1.9,19.2,49.0,241,21.45,973.7,loc_salem,11.6643,78.146,ECMWF_ERA5_Reanalysis
2022-07-14,30.8,22.2,25.9,33.9,25.4,28.9,1.8,18.9,43.9,232,17.29,972.7,loc_salem,11.6643,78.146,ECMWF_ERA5_Reanalysis
2022-07-15,31.7,21.9,26.2,36.2,25.0,29.9,4.2,17.0,37.8,240,21.34,973.5,loc_salem,11.6643,78.146,ECMWF_ERA5_Reanalysis
2022-07-16,32.1,22.3,26.1,36.7,26.2,30.3,1.1,14.0,38.5,258,21.46,974.5,loc_salem,11.6643,78.146,ECMWF_ERA5_Reanalysis
2022-07-17,31.4,22.7,26.2,36.9,27.0,31.0,1.5,10.9,32.0,226,19.3,974.8,loc_salem,11.6643,78.146,ECMWF_ERA5_Reanalysis
2022-07-18,30.1,22.8,25.7,36.0,27.4,30.5,10.0,7.9,28.8,228,16.68,975.5,loc_salem,11.6643,78.146,ECMWF_ERA5_Reanalysis
2022-07-19,31.6,22.3,26.6,37.0,26.6,31.0,1.6,10.7,27.0,282,19.7,975.4,loc_salem,11.6643,78.146,ECMWF_ERA5_Reanalysis
2022-07-20,32.0,22.6,26.7,38.3,27.2,31.6,12.2,12.7,29.5,288,21.17,975.3,loc_salem,11.6643,78.146,ECMWF_ERA5_Reanalysis
2022-07-21,32.6,23.5,27.2,38.3,26.5,31.4,8.0,13.4,31.0,324,22.19,975.1,loc_salem,11.6643,78.146,ECMWF_ERA5_Reanalysis
2022-07-22,31.9,22.7,26.2,36.9,27.4,30.9,2.1,12.8,32.4,306,19.86,975.5,loc_salem,11.6643,78.146,ECMWF_ERA5_Reanalysis
2022-07-23,30.9,22.9,26.0,36.6,27.6,30.7,6.6,10.3,26.3,276,19.31,975.0,loc_salem,11.6643,78.146,ECMWF_ERA5_Reanalysis
2022-07-24,31.7,22.1,26.1,38.2,26.4,30.6,2.1,12.7,35.3,262,19.77,975.2,loc_salem,11.6643,78.146,ECMWF_ERA5_Reanalysis
2022-07-25,32.6,22.7,27.5,36.6,26.5,30.9,0.0,14.0,37.4,325,23.2,975.7,loc_salem,11.6643,78.146,ECMWF_ERA5_Reanalysis
2022-07-26,30.7,23.1,26.0,34.4,27.4,29.9,1.0,13.2,34.6,297,14.98,976.6,loc_salem,11.6643,78.146,ECMWF_ERA5_Reanalysis
2022-07-27,32.0,23.0,26.6,38.2,26.5,30.8,15.3,10.8,28.8,347,21.51,976.0,loc_salem,11.6643,78.146,ECMWF_ERA5_Reanalysis
2022-07-28,31.8,22.1,26.6,37.9,26.1,31.5,3.2,7.4,25.9,34,22.34,976.2,loc_salem,11.6643,78.146,ECMWF_ERA5_Reanalysis
2022-07-29,31.8,23.3,27.4,38.5,27.9,32.4,0.8,7.2,18.7,116,20.42,975.9,loc_salem,11.6643,78.146,ECMWF_ERA5_Reanalysis
2022-07-30,32.5,23.4,26.9,38.4,27.1,31.6,7.5,12.0,34.6,345,22.76,975.1,loc_salem,11.6643,78.146,ECMWF_ERA5_Reanalysis
2022-07-31,32.2,23.0,26.5,38.2,26.7,31.0,33.7,15.1,37.4,337,22.06,973.5,loc_salem,11.6643,78.146,ECMWF_ERA5_Reanalysis
2022-08-01,31.6,22.9,25.8,38.4,27.0,30.7,33.8,11.4,25.6,321,21.3,973.2,loc_salem,11.6643,78.146,ECMWF_ERA5_Reanalysis
2022-08-02,30.6,23.0,25.9,35.0,26.0,30.2,5.7,14.6,33.8,308,16.4,971.9,loc_salem,11.6643,78.146,ECMWF_ERA5_Reanalysis
2022-08-03,29.8,23.1,25.6,35.2,27.7,30.4,15.7,9.7,24.1,291,14.32,971.8,loc_salem,11.6643,78.146,ECMWF_ERA5_Reanalysis
2022-08-04,27.5,22.7,24.6,32.1,26.8,29.0,15.9,13.3,30.6,201,10.79,972.5,loc_salem,11.6643,78.146,ECMWF_ERA5_Reanalysis
2022-08-05,28.3,22.3,24.4,31.3,26.2,28.1,15.1,17.8,45.0,221,14.71,973.8,loc_salem,11.6643,78.146,ECMWF_ERA5_Reanalysis
2022-08-06,28.8,21.9,24.6,33.8,26.0,28.8,1.4,12.2,34.2,235,13.83,973.3,loc_salem,11.6643,78.146,ECMWF_ERA5_Reanalysis
2022-08-07,30.6,22.1,25.1,35.2,26.0,29.3,13.5,13.0,38.2,211,17.16,972.6,loc_salem,11.6643,78.146,ECMWF_ERA5_Reanalysis
2022-08-08,30.7,21.9,25.7,34.9,25.5,29.4,3.6,15.1,42.1,224,20.17,972.3,loc_salem,11.6643,78.146,ECMWF_ERA5_Reanalysis
2022-08-09,31.0,21.9,26.0,34.1,25.3,29.1,0.5,20.1,46.8,220,21.1,972.7,loc_salem,11.6643,78.146,ECMWF_ERA5_Reanalysis
2022-08-10,31.7,21.6,26.0,34.7,25.2,29.2,0.5,16.8,45.4,225,22.81,972.8,loc_salem,11.6643,78.146,ECMWF_ERA5_Reanalysis
2022-08-11,32.5,20.9,26.3,35.9,23.9,30.1,0.9,14.7,34.6,249,23.4,974.0,loc_salem,11.6643,78.146,ECMWF_ERA5_Reanalysis
2022-08-12,31.9,22.2,26.9,37.3,26.0,30.8,0.4,11.3,29.5,246,21.73,975.1,loc_salem,11.6643,78.146,ECMWF_ERA5_Reanalysis
2022-08-13,32.7,22.4,27.5,36.0,25.9,30.7,0.4,12.2,31.3,302,21.39,975.3,loc_salem,11.6643,78.146,ECMWF_ERA5_Reanalysis
2022-08-14,33.6,23.7,27.9,35.3,24.8,29.9,0.0,16.0,35.6,329,21.3,975.9,loc_salem,11.6643,78.146,ECMWF_ERA5_Reanalysis
2022-08-15,32.6,22.6,27.7,38.1,26.2,31.6,0.0,10.2,23.8,330,23.62,976.4,loc_salem,11.6643,78.146,ECMWF_ERA5_Reanalysis
2022-08-16,33.8,24.6,28.4,38.3,28.0,32.6,3.1,9.0,20.5,207,22.23,976.3,loc_salem,11.6643,78.146,ECMWF_ERA5_Reanalysis
2022-08-17,33.0,23.4,28.1,39.8,28.2,32.7,0.0,8.0,29.2,251,20.65,976.3,loc_salem,11.6643,78.146,ECMWF_ERA5_Reanalysis
2022-08-18,34.7,23.9,28.2,38.4,28.2,32.0,3.6,15.0,36.4,320,23.58,975.9,loc_salem,11.6643,78.146,ECMWF_ERA5_Reanalysis
2022-08-19,32.8,23.3,27.1,36.4,27.7,31.2,1.2,13.4,38.2,296,20.98,975.9,loc_salem,11.6643,78.146,ECMWF_ERA5_Reanalysis
2022-08-20,32.6,23.4,27.7,36.9,28.3,31.8,0.0,10.6,31.3,276,20.49,975.8,loc_salem,11.6643,78.146,ECMWF_ERA5_Reanalysis
2022-08-21,32.6,23.2,27.4,38.3,27.7,31.8,1.8,12.3,34.9,270,23.05,975.4,loc_salem,11.6643,78.146,ECMWF_ERA5_Reanalysis
2022-08-22,31.4,22.9,26.1,37.0,27.6,30.6,7.7,13.7,38.2,250,20.3,975.1,loc_salem,11.6643,78.146,ECMWF_ERA5_Reanalysis
2022-08-23,31.6,21.9,25.6,37.5,25.9,29.9,6.0,17.8,40.0,258,18.7,975.5,loc_salem,11.6643,78.146,ECMWF_ERA5_Reanalysis
2022-08-24,27.9,22.6,24.7,32.2,27.0,29.0,15.9,11.7,32.4,290,11.44,977.0,loc_salem,11.6643,78.146,ECMWF_ERA5_Reanalysis
2022-08-25,31.3,22.2,25.3,36.3,25.6,29.0,16.4,15.2,37.1,334,18.05,975.6,loc_salem,11.6643,78.146,ECMWF_ERA5_Reanalysis
2022-08-26,30.2,22.4,25.2,34.4,25.1,29.0,36.6,16.8,41.0,327,18.41,975.0,loc_salem,11.6643,78.146,ECMWF_ERA5_Reanalysis
2022-08-27,30.4,22.2,25.5,35.8,26.6,29.9,14.4,13.5,30.6,301,18.97,975.0,loc_salem,11.6643,78.146,ECMWF_ERA5_Reanalysis
2022-08-28,30.2,22.3,25.4,35.7,25.7,29.4,14.0,15.1,34.9,332,19.83,974.6,loc_salem,11.6643,78.146,ECMWF_ERA5_Reanalysis
2022-08-29,30.1,22.3,25.3,35.6,26.2,30.0,18.4,13.0,33.8,335,18.55,975.2,loc_salem,11.6643,78.146,ECMWF_ERA5_Reanalysis
2022-08-30,31.2,22.3,26.5,37.0,26.8,31.2,0.4,12.1,27.7,104,22.71,975.4,loc_salem,11.6643,78.146,ECMWF_ERA5_Reanalysis
2022-08-31,29.3,22.7,25.3,36.4,27.1,29.9,8.4,11.3,28.8,59,19.32,975.4,loc_salem,11.6643,78.146,ECMWF_ERA5_Reanalysis
2022-09-01,27.8,22.8,24.7,33.6,27.3,29.5,10.6,8.2,22.0,223,10.31,975.5,loc_salem,11.6643,78.146,ECMWF_ERA5_Reanalysis
2022-09-02,30.2,22.3,25.7,35.0,26.8,30.1,5.0,9.4,22.3,131,20.01,976.0,loc_salem,11.6643,78.146,ECMWF_ERA5_Reanalysis
2022-09-03,31.0,22.6,26.6,38.0,26.8,31.8,0.0,7.3,18.7,171,22.92,975.7,loc_salem,11.6643,78.146,ECMWF_ERA5_Reanalysis
2022-09-04,31.2,23.1,26.2,38.5,27.6,31.1,12.5,13.5,30.2,111,19.82,975.5,loc_salem,11.6643,78.146,ECMWF_ERA5_Reanalysis
2022-09-05,31.5,22.6,26.1,38.2,26.3,30.6,3.8,11.7,32.0,354,23.16,975.1,loc_salem,11.6643,78.146,ECMWF_ERA5_Reanalysis
2022-09-06,29.8,23.1,25.7,35.8,28.0,30.5,6.8,12.4,28.1,230,18.04,974.7,loc_salem,11.6643,78.146,ECMWF_ERA5_Reanalysis
2022-09-07,29.4,22.9,25.4,33.4,27.3,29.8,2.8,7.4,28.4,227,14.49,975.3,loc_salem,11.6643,78.146,ECMWF_ERA5_Reanalysis
2022-09-08,29.0,22.6,25.4,33.5,26.9,29.6,2.4,8.4,23.8,220,16.27,975.1,loc_salem,11.6643,78.146,ECMWF_ERA5_Reanalysis
2022-09-09,30.5,22.6,25.9,36.9,26.6,30.2,1.2,13.0,32.8,213,19.85,974.7,loc_salem,11.6643,78.146,ECMWF_ERA5_Reanalysis
2022-09-10,30.0,22.8,25.6,35.2,27.2,29.9,1.6,11.0,31.3,218,16.52,975.0,loc_salem,11.6643,78.146,ECMWF_ERA5_Reanalysis
2022-09-11,31.1,22.3,26.0,35.4,26.2,29.7,0.4,15.2,35.6,214,18.79,974.7,loc_salem,11.6643,78.146,ECMWF_ERA5_Reanalysis
2022-09-12,32.1,22.4,26.4,37.4,26.0,30.3,0.8,11.8,31.3,209,21.45,974.6,loc_salem,11.6643,78.146,ECMWF_ERA5_Reanalysis
2022-09-13,32.2,22.0,26.5,37.9,25.8,30.7,0.2,8.0,20.2,207,23.12,976.4,loc_salem,11.6643,78.146,ECMWF_ERA5_Reanalysis
2022-09-14,31.6,22.5,26.4,38.6,26.2,31.1,0.2,8.7,22.3,177,23.41,978.3,loc_salem,11.6643,78.146,ECMWF_ERA5_Reanalysis
2022-09-15,32.2,22.5,26.9,38.3,27.0,31.4,0.1,8.2,20.9,285,22.38,978.8,loc_salem,11.6643,78.146,ECMWF_ERA5_Reanalysis
2022-09-16,32.2,22.5,27.3,36.8,25.8,31.0,0.0,11.4,26.3,310,22.82,977.0,loc_salem,11.6643,78.146,ECMWF_ERA5_Reanalysis
2022-09-17,32.5,23.5,27.5,36.5,27.8,31.5,0.0,9.4,25.2,268,23.12,976.7,loc_salem,11.6643,78.146,ECMWF_ERA5_Reanalysis
2022-09-18,32.7,22.8,27.6,37.4,27.0,31.5,0.0,9.3,26.3,297,23.26,977.2,loc_salem,11.6643,78.146,ECMWF_ERA5_Reanalysis
2022-09-19,32.2,23.0,27.6,36.8,27.4,31.6,0.1,9.8,29.9,287,21.85,976.9,loc_salem,11.6643,78.146,ECMWF_ERA5_Reanalysis
2022-09-20,32.2,22.2,27.4,37.0,25.9,30.9,0.1,11.3,29.9,307,21.93,976.5,loc_salem,11.6643,78.146,ECMWF_ERA5_Reanalysis
2022-09-21,33.0,21.7,27.3,36.4,25.4,30.7,0.1,11.5,32.4,296,24.06,976.4,loc_salem,11.6643,78.146,ECMWF_ERA5_Reanalysis
2022-09-22,32.7,22.7,27.5,36.6,26.6,31.0,0.0,9.2,27.4,276,23.94,976.9,loc_salem,11.6643,78.146,ECMWF_ERA5_Reanalysis
2022-09-23,33.5,23.1,27.8,37.1,26.6,30.7,0.0,10.0,26.3,319,24.22,977.4,loc_salem,11.6643,78.146,ECMWF_ERA5_Reanalysis
2022-09-24,33.9,23.6,27.9,37.1,25.6,30.5,0.3,14.6,40.3,330,23.55,977.0,loc_salem,11.6643,78.146,ECMWF_ERA5_Reanalysis
2022-09-25,33.5,23.8,28.6,37.1,26.7,31.3,0.8,14.5,36.4,349,23.99,975.8,loc_salem,11.6643,78.146,ECMWF_ERA5_Reanalysis
2022-09-26,32.5,23.6,26.8,36.5,26.6,30.8,3.0,10.2,25.2,183,16.39,976.7,loc_salem,11.6643,78.146,ECMWF_ERA5_Reanalysis
2022-09-27,33.7,23.2,28.2,36.1,27.5,31.3,0.7,15.2,37.4,326,21.72,975.7,loc_salem,11.6643,78.146,ECMWF_ERA5_Reanalysis
2022-09-28,33.7,23.7,27.8,37.9,28.0,31.8,4.0,9.6,27.0,261,20.63,974.9,loc_salem,11.6643,78.146,ECMWF_ERA5_Reanalysis
2022-09-29,33.5,23.1,27.7,36.0,27.8,30.7,2.5,15.9,38.5,317,21.73,974.6,loc_salem,11.6643,78.146,ECMWF_ERA5_Reanalysis
2022-09-30,32.4,23.8,27.5,35.7,26.1,30.1,0.2,14.7,34.9,312,17.94,975.5,loc_salem,11.6643,78.146,ECMWF_ERA5_Reanalysis
2022-10-01,28.7,23.3,25.4,31.7,27.3,29.1,0.7,12.2,31.0,304,8.56,976.3,loc_salem,11.6643,78.146,ECMWF_ERA5_Reanalysis
2022-10-02,32.9,22.3,26.5,35.0,26.3,29.8,3.1,18.9,45.4,313,20.22,975.7,loc_salem,11.6643,78.146,ECMWF_ERA5_Reanalysis
2022-10-03,32.3,22.4,26.9,34.1,26.5,30.2,0.0,18.9,48.2,316,17.92,975.3,loc_salem,11.6643,78.146,ECMWF_ERA5_Reanalysis
2022-10-04,33.8,22.2,27.0,36.4,25.7,30.2,0.2,17.3,42.5,327,22.61,975.0,loc_salem,11.6643,78.146,ECMWF_ERA5_Reanalysis
2022-10-05,33.0,22.2,27.1,35.7,25.8,30.5,3.9,15.6,37.8,326,20.33,975.0,loc_salem,11.6643,78.146,ECMWF_ERA5_Reanalysis
2022-10-06,31.8,22.3,25.7,37.0,26.6,30.3,6.4,8.7,35.6,205,16.89,974.9,loc_salem,11.6643,78.146,ECMWF_ERA5_Reanalysis
2022-10-07,30.7,22.2,26.7,34.2,26.3,30.1,0.0,9.3,22.3,238,17.14,975.6,loc_salem,11.6643,78.146,ECMWF_ERA5_Reanalysis
2022-10-08,31.9,23.0,27.4,35.1,25.6,30.0,0.0,14.9,34.6,352,18.4,976.3,loc_salem,11.6643,78.146,ECMWF_ERA5_Reanalysis
2022-10-09,30.1,23.5,25.5,34.3,27.6,29.8,26.0,12.8,33.8,50,15.04,977.0,loc_salem,11.6643,78.146,ECMWF_ERA5_Reanalysis
2022-10-10,30.2,22.3,25.5,36.2,26.8,30.0,4.5,8.6,28.1,133,15.89,977.8,loc_salem,11.6643,78.146,ECMWF_ERA5_Reanalysis
2022-10-11,29.7,22.8,25.4,34.4,26.8,29.8,13.7,11.2,31.0,126,17.46,977.8,loc_salem,11.6643,78.146,ECMWF_ERA5_Reanalysis
2022-10-12,30.8,21.9,25.8,36.4,25.9,30.2,23.4,8.9,29.5,95,19.74,977.9,loc_salem,11.6643,78.146,ECMWF_ERA5_Reanalysis
2022-10-13,31.0,21.9,25.8,37.0,26.1,30.5,26.1,8.6,26.3,67,21.74,977.8,loc_salem,11.6643,78.146,ECMWF_ERA5_Reanalysis
2022-10-14,30.2,22.0,25.4,36.3,26.1,29.7,1.2,12.3,29.9,351,17.46,977.0,loc_salem,11.6643,78.146,ECMWF_ERA5_Reanalysis
2022-10-15,30.4,22.4,25.3,37.4,26.2,29.8,29.2,13.8,31.3,33,19.97,975.9,loc_salem,11.6643,78.146,ECMWF_ERA5_Reanalysis
2022-10-16,29.4,22.4,25.0,36.0,27.1,29.6,22.0,12.7,36.0,166,16.75,977.9,loc_salem,11.6643,78.146,ECMWF_ERA5_Reanalysis
2022-10-17,29.8,21.9,25.2,34.2,26.2,29.8,8.3,9.7,23.8,114,16.42,979.4,loc_salem,11.6643,78.146,ECMWF_ERA5_Reanalysis
2022-10-18,29.7,21.8,25.2,36.0,25.9,29.8,4.8,13.4,31.0,194,19.45,979.2,loc_salem,11.6643,78.146,ECMWF_ERA5_Reanalysis
2022-10-19,29.8,22.4,25.3,35.8,26.3,29.9,26.9,10.4,23.0,344,20.48,978.4,loc_salem,11.6643,78.146,ECMWF_ERA5_Reanalysis
2022-10-20,29.2,21.8,24.9,35.8,26.1,29.6,13.6,10.5,32.4,10,18.72,978.9,loc_salem,11.6643,78.146,ECMWF_ERA5_Reanalysis
2022-10-21,27.8,21.3,24.2,34.1,25.5,28.7,20.5,8.7,29.2,99,13.95,980.0,loc_salem,11.6643,78.146,ECMWF_ERA5_Reanalysis
2022-10-22,30.2,21.0,25.5,35.9,24.5,29.6,0.7,14.5,29.9,38,20.16,980.1,loc_salem,11.6643,78.146,ECMWF_ERA5_Reanalysis
2022-10-23,30.3,21.6,25.6,34.6,25.5,29.4,0.2,10.0,24.5,337,21.66,979.3,loc_salem,11.6643,78.146,ECMWF_ERA5_Reanalysis
2022-10-24,29.7,20.4,25.1,32.1,22.9,27.1,0.0,13.2,31.7,335,23.73,978.1,loc_salem,11.6643,78.146,ECMWF_ERA5_Reanalysis
2022-10-25,29.7,19.9,24.7,31.8,21.3,26.1,0.0,11.8,28.4,347,23.98,978.6,loc_salem,11.6643,78.146,ECMWF_ERA5_Reanalysis
2022-10-26,29.5,18.5,24.4,34.0,19.8,26.8,0.0,9.8,21.2,55,22.6,979.8,loc_salem,11.6643,78.146,ECMWF_ERA5_Reanalysis
2022-10-27,31.3,18.8,24.8,34.0,21.0,27.1,0.0,12.3,26.3,80,23.81,979.5,loc_salem,11.6643,78.146,ECMWF_ERA5_Reanalysis
2022-10-28,30.5,21.7,25.6,35.0,24.8,29.2,0.3,8.4,21.2,72,19.92,978.4,loc_salem,11.6643,78.146,ECMWF_ERA5_Reanalysis
2022-10-29,29.3,20.9,24.3,33.6,24.2,28.3,8.1,12.0,41.8,24,13.67,978.6,loc_salem,11.6643,78.146,ECMWF_ERA5_Reanalysis
2022-10-30,29.7,22.1,24.6,34.4,26.1,29.1,5.8,8.9,21.6,353,14.62,978.7,loc_salem,11.6643,78.146,ECMWF_ERA5_Reanalysis
2022-10-31,30.0,20.8,24.8,32.9,24.6,28.2,0.0,9.7,23.0,28,18.73,978.2,loc_salem,11.6643,78.146,ECMWF_ERA5_Reanalysis
2022-11-01,27.6,21.2,23.7,30.2,24.6,27.6,19.4,11.9,31.7,359,9.64,978.8,loc_salem,11.6643,78.146,ECMWF_ERA5_Reanalysis
2022-11-02,27.7,22.0,24.0,32.6,26.1,28.2,7.2,5.6,18.7,326,12.43,978.6,loc_salem,11.6643,78.146,ECMWF_ERA5_Reanalysis
2022-11-03,27.4,22.0,23.7,32.4,26.0,28.0,11.7,12.3,31.0,104,11.15,978.3,loc_salem,11.6643,78.146,ECMWF_ERA5_Reanalysis
2022-11-04,29.0,21.4,24.4,34.4,25.3,28.5,14.2,10.3,25.6,102,16.27,979.6,loc_salem,11.6643,78.146,ECMWF_ERA5_Reanalysis
2022-11-05,28.8,21.5,24.6,32.3,25.6,28.6,0.5,11.1,27.7,97,13.34,981.1,loc_salem,11.6643,78.146,ECMWF_ERA5_Reanalysis
2022-11-06,29.2,21.0,24.9,33.6,25.0,28.8,1.2,10.9,24.1,100,17.1,981.4,loc_salem,11.6643,78.146,ECMWF_ERA5_Reanalysis
2022-11-07,29.2,20.9,24.0,34.6,24.7,28.1,9.1,7.3,28.8,49,19.04,980.9,loc_salem,11.6643,78.146,ECMWF_ERA5_Reanalysis
2022-11-08,29.0,20.5,24.3,32.9,24.0,28.2,6.1,8.3,23.4,81,15.65,980.3,loc_salem,11.6643,78.146,ECMWF_ERA5_Reanalysis
2022-11-09,30.4,20.2,24.9,34.4,23.7,28.6,0.4,12.0,26.3,61,20.7,979.8,loc_salem,11.6643,78.146,ECMWF_ERA5_Reanalysis
2022-11-10,30.2,19.6,24.5,34.8,22.6,28.4,1.0,8.4,21.2,6,20.3,979.3,loc_salem,11.6643,78.146,ECMWF_ERA5_Reanalysis
2022-11-11,23.5,21.6,22.5,26.6,24.3,25.5,46.1,15.1,37.8,321,2.65,978.9,loc_salem,11.6643,78.146,ECMWF_ERA5_Reanalysis
2022-11-12,26.9,21.3,23.4,31.1,24.1,27.2,12.4,10.6,34.6,10,9.16,978.5,loc_salem,11.6643,78.146,ECMWF_ERA5_Reanalysis
2022-11-13,27.4,21.5,24.1,30.2,25.2,27.9,0.1,14.6,34.6,98,13.41,979.5,loc_salem,11.6643,78.146,ECMWF_ERA5_Reanalysis
2022-11-14,29.1,20.6,24.4,34.7,24.5,28.5,0.5,9.6,27.4,97,19.03,980.3,loc_salem,11.6643,78.146,ECMWF_ERA5_Reanalysis
2022-11-15,28.6,20.8,24.0,34.3,24.2,27.9,3.2,11.3,28.4,85,17.74,980.8,loc_salem,11.6643,78.146,ECMWF_ERA5_Reanalysis
2022-11-16,28.5,21.2,24.4,33.5,24.7,28.1,0.7,11.4,25.6,67,19.09,979.6,loc_salem,11.6643,78.146,ECMWF_ERA5_Reanalysis
2022-11-17,29.5,19.6,24.1,31.8,21.8,26.6,0.0,13.3,28.1,27,21.43,979.0,loc_salem,11.6643,78.146,ECMWF_ERA5_Reanalysis
2022-11-18,29.0,17.1,22.6,32.3,18.5,24.8,0.0,8.4,17.6,67,22.22,979.1,loc_salem,11.6643,78.146,ECMWF_ERA5_Reanalysis
2022-11-19,28.5,17.1,22.6,32.1,18.9,24.8,0.0,9.8,21.2,74,21.52,978.9,loc_salem,11.6643,78.146,ECMWF_ERA5_Reanalysis
2022-11-20,28.2,16.7,22.2,29.3,18.4,23.9,0.0,11.8,28.8,360,21.06,977.5,loc_salem,11.6643,78.146,ECMWF_ERA5_Reanalysis
2022-11-21,28.5,17.4,22.7,29.8,17.2,23.9,0.0,13.2,31.3,328,20.57,977.2,loc_salem,11.6643,78.146,ECMWF_ERA5_Reanalysis
2022-11-22,29.2,19.2,24.1,32.4,21.4,27.0,0.0,9.2,24.5,332,17.65,977.3,loc_salem,11.6643,78.146,ECMWF_ERA5_Reanalysis
2022-11-23,29.8,21.3,25.1,34.4,25.3,28.9,1.7,10.2,24.8,313,17.83,977.9,loc_salem,11.6643,78.146,ECMWF_ERA5_Reanalysis
2022-11-24,29.3,22.9,25.4,33.4,26.5,28.8,0.1,12.3,27.4,119,14.93,978.6,loc_salem,11.6643,78.146,ECMWF_ERA5_Reanalysis
2022-11-25,30.0,21.4,25.3,33.6,25.0,28.4,0.8,12.8,28.4,94,18.72,979.6,loc_salem,11.6643,78.146,ECMWF_ERA5_Reanalysis
2022-11-26,29.8,20.9,25.0,34.4,24.4,28.5,0.3,15.4,32.8,90,19.27,978.8,loc_salem,11.6643,78.146,ECMWF_ERA5_Reanalysis
2022-11-27,30.0,21.6,24.9,34.9,25.2,28.7,4.9,18.1,38.5,85,17.6,977.4,loc_salem,11.6643,78.146,ECMWF_ERA5_Reanalysis
2022-11-28,29.1,21.5,24.8,33.9,25.4,29.0,3.0,12.0,25.9,97,17.33,977.9,loc_salem,11.6643,78.146,ECMWF_ERA5_Reanalysis
2022-11-29,29.9,22.2,25.2,34.1,24.1,28.9,2.6,12.4,27.7,101,18.33,978.7,loc_salem,11.6643,78.146,ECMWF_ERA5_Reanalysis
2022-11-30,29.9,19.8,24.1,33.6,22.5,26.6,0.0,10.5,26.6,80,20.16,979.4,loc_salem,11.6643,78.146,ECMWF_ERA5_Reanalysis
2022-12-01,29.2,20.0,24.3,32.6,22.4,27.5,1.1,9.8,23.0,101,16.06,979.2,loc_salem,11.6643,78.146,ECMWF_ERA5_Reanalysis
2022-12-02,30.0,21.2,25.2,34.4,24.7,29.0,0.6,10.5,25.6,80,17.47,978.4,loc_salem,11.6643,78.146,ECMWF_ERA5_Reanalysis
2022-12-03,29.8,21.2,25.0,34.3,25.0,28.9,1.7,12.0,27.7,99,16.98,978.8,loc_salem,11.6643,78.146,ECMWF_ERA5_Reanalysis
2022-12-04,29.8,22.1,24.6,33.9,26.2,28.7,10.3,9.7,30.2,100,13.86,979.6,loc_salem,11.6643,78.146,ECMWF_ERA5_Reanalysis
2022-12-05,30.5,21.1,24.9,32.9,25.0,28.2,0.0,10.4,24.5,90,15.55,980.2,loc_salem,11.6643,78.146,ECMWF_ERA5_Reanalysis
2022-12-06,29.9,20.4,24.5,32.5,23.8,27.7,0.2,9.1,19.8,80,14.72,979.3,loc_salem,11.6643,78.146,ECMWF_ERA5_Reanalysis
2022-12-07,28.3,19.3,23.6,29.1,21.8,25.5,0.0,10.2,25.6,358,11.61,978.1,loc_salem,11.6643,78.146,ECMWF_ERA5_Reanalysis
2022-12-08,27.1,19.8,23.3,29.8,19.4,23.7,0.6,16.6,38.2,335,9.7,976.8,loc_salem,11.6643,78.146,ECMWF_ERA5_Reanalysis
2022-12-09,23.1,19.4,21.5,23.5,19.7,21.7,8.0,21.0,47.2,320,7.29,975.0,loc_salem,11.6643,78.146,ECMWF_ERA5_Reanalysis
2022-12-10,24.1,19.1,21.7,27.2,21.5,24.5,6.7,10.6,27.7,268,6.95,974.1,loc_salem,11.6643,78.146,ECMWF_ERA5_Reanalysis
2022-12-11,26.3,20.9,22.8,30.4,24.1,26.4,10.0,8.6,23.0,150,8.2,976.0,loc_salem,11.6643,78.146,ECMWF_ERA5_Reanalysis
2022-12-12,27.6,21.4,23.6,32.5,25.1,27.6,21.1,11.9,31.0,131,13.49,977.2,loc_salem,11.6643,78.146,ECMWF_ERA5_Reanalysis
2022-12-13,25.9,20.6,23.3,29.3,23.9,26.8,25.5,12.7,30.2,99,10.47,978.8,loc_salem,11.6643,78.146,ECMWF_ERA5_Reanalysis
2022-12-14,28.4,20.8,24.0,30.7,24.2,26.8,0.0,15.2,34.2,95,16.63,979.7,loc_salem,11.6643,78.146,ECMWF_ERA5_Reanalysis
2022-12-15,28.9,18.4,23.2,31.9,20.5,25.8,0.0,11.3,25.9,98,20.59,979.3,loc_salem,11.6643,78.146,ECMWF_ERA5_Reanalysis
2022-12-16,28.5,16.6,22.5,32.6,18.3,25.0,0.0,8.1,20.2,112,20.51,978.6,loc_salem,11.6643,78.146,ECMWF_ERA5_Reanalysis
2022-12-17,30.2,18.2,23.7,33.9,20.7,26.6,0.0,10.8,25.9,82,19.3,979.1,loc_salem,11.6643,78.146,ECMWF_ERA5_Reanalysis
2022-12-18,29.0,18.9,23.8,31.3,21.9,26.7,0.9,12.8,28.1,78,16.24,978.4,loc_salem,11.6643,78.146,ECMWF_ERA5_Reanalysis
2022-12-19,28.8,19.0,23.5,31.2,21.8,26.2,0.0,10.3,23.8,72,20.19,978.0,loc_salem,11.6643,78.146,ECMWF_ERA5_Reanalysis
2022-12-20,30.5,19.6,24.4,33.5,22.4,27.3,0.0,9.8,24.5,70,16.92,977.3,loc_salem,11.6643,78.146,ECMWF_ERA5_Reanalysis
2022-12-21,29.8,17.9,23.4,32.8,20.1,26.2,0.6,8.9,21.2,22,18.96,977.6,loc_salem,11.6643,78.146,ECMWF_ERA5_Reanalysis
2022-12-22,29.6,16.9,22.8,31.2,18.5,24.7,0.0,7.3,20.9,30,20.89,977.8,loc_salem,11.6643,78.146,ECMWF_ERA5_Reanalysis
2022-12-23,30.9,19.2,24.0,33.2,21.0,25.8,0.0,10.5,24.8,3,20.6,977.6,loc_salem,11.6643,78.146,ECMWF_ERA5_Reanalysis
2022-12-24,31.1,16.9,23.5,33.4,17.8,25.0,0.0,11.6,28.8,1,20.48,978.2,loc_salem,11.6643,78.146,ECMWF_ERA5_Reanalysis
2022-12-25,29.7,20.8,24.4,32.5,23.2,27.5,3.7,12.1,30.2,11,12.77,978.7,loc_salem,11.6643,78.146,ECMWF_ERA5_Reanalysis
2022-12-26,29.4,21.8,25.0,32.1,26.0,28.3,1.1,18.9,43.2,95,12.79,980.4,loc_salem,11.6643,78.146,ECMWF_ERA5_Reanalysis
2022-12-27,29.4,22.0,24.8,32.6,26.0,28.2,0.8,17.6,40.0,100,15.16,981.9,loc_salem,11.6643,78.146,ECMWF_ERA5_Reanalysis
2022-12-28,30.7,21.2,25.3,33.3,24.6,28.1,0.0,11.7,26.3,101,18.19,982.9,loc_salem,11.6643,78.146,ECMWF_ERA5_Reanalysis
2022-12-29,31.7,19.5,25.0,34.7,22.0,27.4,0.0,14.4,32.4,97,19.62,983.9,loc_salem,11.6643,78.146,ECMWF_ERA5_Reanalysis
2022-12-30,31.2,20.0,24.7,33.9,22.4,26.8,0.0,14.2,31.0,96,19.58,984.8,loc_salem,11.6643,78.146,ECMWF_ERA5_Reanalysis
2022-12-31,30.8,18.8,24.5,33.3,21.0,26.4,0.0,15.2,31.0,79,19.89,984.2,loc_salem,11.6643,78.146,ECMWF_ERA5_Reanalysis
2023-01-01,31.8,18.4,24.6,33.6,19.5,25.7,0.0,11.9,26.6,53,20.79,983.3,loc_salem,11.6643,78.146,ECMWF_ERA5_Reanalysis
2023-01-02,30.8,18.1,24.1,31.7,19.6,25.2,0.0,14.8,33.8,100,19.91,983.3,loc_salem,11.6643,78.146,ECMWF_ERA5_Reanalysis
2023-01-03,30.9,18.7,24.2,32.8,20.8,25.8,0.0,14.3,33.8,90,17.34,983.3,loc_salem,11.6643,78.146,ECMWF_ERA5_Reanalysis
2023-01-04,30.3,18.9,24.2,32.0,21.4,25.9,0.0,16.2,36.0,87,16.3,982.5,loc_salem,11.6643,78.146,ECMWF_ERA5_Reanalysis
2023-01-05,30.0,18.6,23.9,30.6,21.0,25.8,0.1,13.0,30.2,70,14.58,982.7,loc_salem,11.6643,78.146,ECMWF_ERA5_Reanalysis
2023-01-06,31.1,17.7,23.8,31.6,20.1,25.7,0.0,15.7,37.4,54,15.32,983.6,loc_salem,11.6643,78.146,ECMWF_ERA5_Reanalysis
2023-01-07,30.0,19.6,24.4,30.3,22.6,26.0,0.0,11.6,28.1,54,12.78,983.1,loc_salem,11.6643,78.146,ECMWF_ERA5_Reanalysis
2023-01-08,30.4,18.8,24.3,31.8,21.1,26.0,0.0,17.0,37.1,76,15.87,982.2,loc_salem,11.6643,78.146,ECMWF_ERA5_Reanalysis
2023-01-09,30.3,19.0,23.8,32.3,20.8,25.2,0.0,12.3,31.3,65,21.36,983.2,loc_salem,11.6643,78.146,ECMWF_ERA5_Reanalysis
2023-01-10,29.4,15.9,22.3,31.2,17.1,23.6,0.0,11.8,25.2,101,21.6,982.9,loc_salem,11.6643,78.146,ECMWF_ERA5_Reanalysis
2023-01-11,30.3,15.5,22.4,31.7,16.7,23.6,0.0,11.5,25.2,102,21.99,981.2,loc_salem,11.6643,78.146,ECMWF_ERA5_Reanalysis
2023-01-12,30.9,16.6,23.1,32.8,18.2,24.3,0.0,16.2,34.2,111,21.83,980.3,loc_salem,11.6643,78.146,ECMWF_ERA5_Reanalysis
2023-01-13,30.8,16.9,23.4,32.4,18.2,24.8,0.0,16.2,34.6,92,21.41,980.6,loc_salem,11.6643,78.146,ECMWF_ERA5_Reanalysis
2023-01-14,31.6,17.2,23.5,32.9,18.9,24.7,0.0,15.6,33.5,99,22.13,980.5,loc_salem,11.6643,78.146,ECMWF_ERA5_Reanalysis
2023-01-15,31.2,17.1,23.1,33.1,18.1,23.9,0.0,17.0,35.6,93,22.05,979.8,loc_salem,11.6643,78.146,ECMWF_ERA5_Reanalysis
2023-01-16,31.7,16.7,23.6,33.4,17.8,24.4,0.0,18.8,42.5,94,22.09,980.2,loc_salem,11.6643,78.146,ECMWF_ERA5_Reanalysis
2023-01-17,30.6,17.9,23.4,32.5,19.7,24.5,0.0,15.3,34.2,96,21.16,981.2,loc_salem,11.6643,78.146,ECMWF_ERA5_Reanalysis
2023-01-18,30.7,16.8,23.6,32.3,18.3,24.4,0.0,16.9,36.0,100,21.61,982.3,loc_salem,11.6643,78.146,ECMWF_ERA5_Reanalysis
2023-01-19,30.5,16.6,23.3,32.5,17.9,24.4,0.0,13.8,33.1,91,21.84,982.4,loc_salem,11.6643,78.146,ECMWF_ERA5_Reanalysis
2023-01-20,30.7,16.6,23.6,30.4,17.9,24.4,0.0,15.3,33.8,87,16.19,981.9,loc_salem,11.6643,78.146,ECMWF_ERA5_Reanalysis
2023-01-21,31.9,18.3,24.7,33.1,20.8,26.5,0.0,11.2,28.4,64,18.15,981.1,loc_salem,11.6643,78.146,ECMWF_ERA5_Reanalysis
2023-01-22,30.6,19.6,25.0,32.1,21.6,26.2,0.0,15.6,34.6,84,18.59,980.2,loc_salem,11.6643,78.146,ECMWF_ERA5_Reanalysis
2023-01-23,29.7,19.2,24.5,31.5,21.3,26.5,0.7,10.6,33.1,87,13.7,979.5,loc_salem,11.6643,78.146,ECMWF_ERA5_Reanalysis
2023-01-24,31.5,21.2,25.6,33.2,23.2,27.2,0.0,16.7,37.1,100,17.43,979.6,loc_salem,11.6643,78.146,ECMWF_ERA5_Reanalysis
2023-01-25,30.8,19.4,24.6,32.4,21.1,25.8,0.0,18.5,41.0,97,21.38,979.8,loc_salem,11.6643,78.146,ECMWF_ERA5_Reanalysis
2023-01-26,30.1,17.8,23.8,31.9,19.8,25.1,0.0,15.5,35.6,97,20.25,979.9,loc_salem,11.6643,78.146,ECMWF_ERA5_Reanalysis
2023-01-27,31.3,18.3,24.3,33.6,20.3,25.9,0.0,14.1,33.5,100,22.14,979.9,loc_salem,11.6643,78.146,ECMWF_ERA5_Reanalysis
2023-01-28,31.4,17.2,23.6,33.1,18.8,24.9,0.0,13.4,32.4,99,22.52,979.2,loc_salem,11.6643,78.146,ECMWF_ERA5_Reanalysis
2023-01-29,32.0,17.0,24.6,33.0,18.4,25.5,0.0,20.2,43.6,91,20.14,978.1,loc_salem,11.6643,78.146,ECMWF_ERA5_Reanalysis
2023-01-30,31.2,19.5,24.6,33.8,22.2,27.4,4.0,10.4,29.2,72,14.88,979.2,loc_salem,11.6643,78.146,ECMWF_ERA5_Reanalysis
2023-01-31,32.4,20.8,25.6,33.8,23.7,27.9,0.1,11.0,25.2,45,19.57,978.8,loc_salem,11.6643,78.146,ECMWF_ERA5_Reanalysis
2023-02-01,32.9,19.0,25.2,33.8,20.9,26.6,0.0,15.6,38.5,37,18.63,978.3,loc_salem,11.6643,78.146,ECMWF_ERA5_Reanalysis
2023-02-02,30.6,22.1,25.6,31.6,24.3,27.0,0.0,13.4,31.0,42,10.75,978.8,loc_salem,11.6643,78.146,ECMWF_ERA5_Reanalysis
2023-02-03,29.7,20.3,24.0,32.9,22.4,26.9,23.1,13.4,32.0,92,11.32,979.6,loc_salem,11.6643,78.146,ECMWF_ERA5_Reanalysis
2023-02-04,32.5,20.4,25.5,34.2,23.5,27.9,0.0,13.7,31.7,97,21.53,979.2,loc_salem,11.6643,78.146,ECMWF_ERA5_Reanalysis
2023-02-05,33.2,18.8,24.9,33.8,20.7,25.9,0.0,14.1,32.0,102,23.09,979.0,loc_salem,11.6643,78.146,ECMWF_ERA5_Reanalysis
2023-02-06,33.2,17.7,25.0,35.1,19.5,26.3,0.0,15.5,33.1,112,23.36,979.3,loc_salem,11.6643,78.146,ECMWF_ERA5_Reanalysis
2023-02-07,33.1,18.9,25.9,36.0,20.9,27.5,0.0,16.5,35.6,84,23.4,979.3,loc_salem,11.6643,78.146,ECMWF_ERA5_Reanalysis
2023-02-08,34.5,19.3,26.3,37.2,21.1,27.8,0.0,15.5,34.6,86,23.28,979.1,loc_salem,11.6643,78.146,ECMWF_ERA5_Reanalysis
2023-02-09,34.1,19.5,26.1,35.9,21.8,27.3,0.0,15.1,33.8,95,23.43,979.9,loc_salem,11.6643,78.146,ECMWF_ERA5_Reanalysis
2023-02-10,34.2,18.5,26.2,34.0,20.5,26.5,0.0,17.1,37.8,84,23.9,980.8,loc_salem,11.6643,78.146,ECMWF_ERA5_Reanalysis
2023-02-11,34.3,18.2,25.8,36.1,19.4,25.8,0.0,13.7,34.2,79,22.45,981.1,loc_salem,11.6643,78.146,ECMWF_ERA5_Reanalysis
2023-02-12,34.9,18.6,25.9,35.7,19.3,25.8,0.0,15.0,36.0,75,24.21,981.2,loc_salem,11.6643,78.146,ECMWF_ERA5_Reanalysis
2023-02-13,35.0,17.7,25.9,34.9,18.3,25.4,0.0,15.8,38.2,100,24.44,981.1,loc_salem,11.6643,78.146,ECMWF_ERA5_Reanalysis
2023-02-14,34.0,18.7,26.1,34.6,19.3,26.1,0.0,17.1,37.4,111,24.61,980.9,loc_salem,11.6643,78.146,ECMWF_ERA5_Reanalysis
2023-02-15,35.4,18.6,26.5,36.4,18.7,26.2,0.0,14.9,33.5,81,24.62,979.6,loc_salem,11.6643,78.146,ECMWF_ERA5_Reanalysis
2023-02-16,34.9,18.7,26.0,35.6,19.7,26.3,0.0,16.7,38.2,88,24.65,979.8,loc_salem,11.6643,78.146,ECMWF_ERA5_Reanalysis
2023-02-17,33.9,18.2,25.9,35.3,19.7,26.4,0.0,15.1,33.1,111,24.42,980.3,loc_salem,11.6643,78.146,ECMWF_ERA5_Reanalysis
2023-02-18,33.7,18.9,26.1,33.4,19.5,25.9,0.0,16.6,36.7,97,24.88,980.5,loc_salem,11.6643,78.146,ECMWF_ERA5_Reanalysis
2023-02-19,34.9,20.1,26.7,36.7,22.7,28.2,0.0,21.6,45.7,95,23.47,980.7,loc_salem,11.6643,78.146,ECMWF_ERA5_Reanalysis
2023-02-20,35.1,20.7,27.2,37.0,22.9,28.6,0.0,22.0,47.5,92,23.94,980.8,loc_salem,11.6643,78.146,ECMWF_ERA5_Reanalysis
2023-02-21,35.3,20.4,27.3,36.6,22.3,27.8,0.0,19.5,42.5,88,24.71,981.0,loc_salem,11.6643,78.146,ECMWF_ERA5_Reanalysis
2023-02-22,35.0,19.8,27.2,35.3,20.3,26.7,0.0,21.0,45.0,85,25.08,980.4,loc_salem,11.6643,78.146,ECMWF_ERA5_Reanalysis
2023-02-23,34.5,18.9,26.3,35.4,19.4,26.2,0.0,19.5,43.2,96,25.21,980.4,loc_salem,11.6643,78.146,ECMWF_ERA5_Reanalysis
2023-02-24,34.4,19.2,26.5,36.5,21.8,27.9,0.0,15.5,37.1,101,24.89,981.0,loc_salem,11.6643,78.146,ECMWF_ERA5_Reanalysis
2023-02-25,36.2,19.8,27.4,35.5,21.8,27.4,0.0,16.6,38.9,93,25.44,982.4,loc_salem,11.6643,78.146,ECMWF_ERA5_Reanalysis
2023-02-26,34.9,18.6,26.4,33.3,18.0,25.3,0.0,17.9,42.5,91,25.83,983.4,loc_salem,11.6643,78.146,ECMWF_ERA5_Reanalysis
2023-02-27,34.2,17.3,25.7,33.5,18.5,25.3,0.0,16.3,36.0,95,25.5,983.7,loc_salem,11.6643,78.146,ECMWF_ERA5_Reanalysis
2023-02-28,33.8,18.6,25.1,35.4,18.3,25.8,0.4,21.1,46.4,90,18.34,983.3,loc_salem,11.6643,78.146,ECMWF_ERA5_Reanalysis
2023-03-01,33.9,20.4,27.0,34.9,22.8,28.1,0.0,17.9,40.0,92,22.33,983.3,loc_salem,11.6643,78.146,ECMWF_ERA5_Reanalysis
2023-03-02,34.5,18.8,26.2,34.0,20.1,26.1,0.0,16.2,38.5,93,25.46,983.8,loc_salem,11.6643,78.146,ECMWF_ERA5_Reanalysis
2023-03-03,35.6,16.0,25.5,34.9,14.7,24.3,0.0,18.4,42.5,91,26.0,984.0,loc_salem,11.6643,78.146,ECMWF_ERA5_Reanalysis
2023-03-04,35.4,17.6,26.3,35.6,17.4,25.9,0.0,18.8,43.6,99,25.11,984.0,loc_salem,11.6643,78.146,ECMWF_ERA5_Reanalysis
2023-03-05,35.8,19.1,27.4,36.3,19.4,27.1,0.0,16.7,39.6,93,24.68,983.2,loc_salem,11.6643,78.146,ECMWF_ERA5_Reanalysis
2023-03-06,35.9,18.6,26.8,35.8,18.5,26.1,0.0,18.1,40.7,101,25.68,982.0,loc_salem,11.6643,78.146,ECMWF_ERA5_Reanalysis
2023-03-07,34.8,19.1,26.7,34.4,19.5,26.5,0.0,17.5,41.4,98,23.98,981.4,loc_salem,11.6643,78.146,ECMWF_ERA5_Reanalysis
2023-03-08,34.7,19.7,26.9,36.1,22.2,27.8,0.0,18.9,42.5,97,25.47,981.3,loc_salem,11.6643,78.146,ECMWF_ERA5_Reanalysis
2023-03-09,34.8,19.4,27.1,35.8,20.1,27.4,0.0,18.2,41.0,97,24.11,980.7,loc_salem,11.6643,78.146,ECMWF_ERA5_Reanalysis
2023-03-10,33.8,20.0,27.2,34.6,21.2,27.6,0.0,17.7,40.0,97,22.53,980.2,loc_salem,11.6643,78.146,ECMWF_ERA5_Reanalysis
2023-03-11,35.2,20.5,27.4,36.5,22.6,28.5,0.0,19.2,48.2,101,25.6,980.3,loc_salem,11.6643,78.146,ECMWF_ERA5_Reanalysis
2023-03-12,35.0,21.7,27.8,36.7,24.8,29.5,0.0,18.0,40.0,98,23.62,980.2,loc_salem,11.6643,78.146,ECMWF_ERA5_Reanalysis
2023-03-13,34.7,21.3,28.1,35.4,23.7,29.1,0.0,16.9,40.0,101,24.88,979.5,loc_salem,11.6643,78.146,ECMWF_ERA5_Reanalysis
2023-03-14,36.6,22.0,29.2,37.3,22.9,29.1,0.0,19.5,43.6,109,24.41,977.9,loc_salem,11.6643,78.146,ECMWF_ERA5_Reanalysis
2023-03-15,35.7,22.9,28.7,38.2,25.0,30.5,0.0,18.2,43.2,96,23.45,977.4,loc_salem,11.6643,78.146,ECMWF_ERA5_Reanalysis
2023-03-16,35.7,24.0,29.1,39.5,27.0,31.7,0.2,18.7,40.7,115,21.88,978.2,loc_salem,11.6643,78.146,ECMWF_ERA5_Reanalysis
2023-03-17,34.4,22.7,28.2,38.3,26.8,31.3,8.7,19.4,41.4,127,21.33,978.5,loc_salem,11.6643,78.146,ECMWF_ERA5_Reanalysis
2023-03-18,33.5,23.2,27.5,37.6,27.0,30.9,4.0,15.5,40.7,160,22.29,977.9,loc_salem,11.6643,78.146,ECMWF_ERA5_Reanalysis
2023-03-19,32.5,20.9,26.3,37.7,24.5,29.8,16.1,15.8,45.0,95,21.82,977.0,loc_salem,11.6643,78.146,ECMWF_ERA5_Reanalysis
2023-03-20,33.0,22.7,27.0,37.4,26.4,30.1,0.2,16.2,41.4,137,22.5,976.6,loc_salem,11.6643,78.146,ECMWF_ERA5_Reanalysis
2023-03-21,34.6,21.9,28.2,39.3,25.4,31.6,0.1,14.3,32.4,122,24.19,976.3,loc_salem,11.6643,78.146,ECMWF_ERA5_Reanalysis
2023-03-22,35.1,22.7,28.6,38.0,27.0,31.7,0.0,12.0,26.3,122,25.35,976.9,loc_salem,11.6643,78.146,ECMWF_ERA5_Reanalysis
2023-03-23,35.1,23.1,28.5,39.3,27.3,32.1,7.5,15.2,38.5,144,23.69,977.3,loc_salem,11.6643,78.146,ECMWF_ERA5_Reanalysis
2023-03-24,34.8,22.7,27.8,39.2,26.9,31.4,1.3,12.8,34.9,180,22.87,977.7,loc_salem,11.6643,78.146,ECMWF_ERA5_Reanalysis
2023-03-25,35.0,23.8,28.8,39.1,27.8,32.2,1.5,14.8,37.4,159,20.98,978.8,loc_salem,11.6643,78.146,ECMWF_ERA5_Reanalysis
2023-03-26,35.5,24.2,29.6,40.4,27.9,32.9,6.8,13.3,30.2,127,22.45,978.0,loc_salem,11.6643,78.146,ECMWF_ERA5_Reanalysis
2023-03-27,37.2,23.7,29.4,40.1,28.3,32.7,0.7,14.3,27.7,77,23.11,977.5,loc_salem,11.6643,78.146,ECMWF_ERA5_Reanalysis
2023-03-28,36.3,24.9,30.0,40.1,29.7,33.8,0.7,17.2,38.5,121,21.84,977.6,loc_salem,11.6643,78.146,ECMWF_ERA5_Reanalysis
2023-03-29,36.8,23.3,30.0,40.1,27.4,33.1,3.1,13.3,28.8,115,23.35,978.6,loc_salem,11.6643,78.146,ECMWF_ERA5_Reanalysis
2023-03-30,36.5,23.9,29.5,40.2,28.3,32.8,0.1,16.6,37.4,104,23.26,978.0,loc_salem,11.6643,78.146,ECMWF_ERA5_Reanalysis
2023-03-31,37.9,23.9,30.7,40.1,27.5,32.7,0.0,21.3,42.8,144,24.85,976.9,loc_salem,11.6643,78.146,ECMWF_ERA5_Reanalysis
2023-04-01,36.3,24.9,30.1,38.6,29.0,32.7,0.0,14.1,44.3,140,21.29,977.4,loc_salem,11.6643,78.146,ECMWF_ERA5_Reanalysis
2023-04-02,36.3,24.8,29.5,39.6,28.2,32.6,4.9,11.2,36.0,173,20.92,977.3,loc_salem,11.6643,78.146,ECMWF_ERA5_Reanalysis
2023-04-03,36.4,24.9,30.0,40.6,28.4,33.1,0.0,17.3,44.3,148,22.63,976.9,loc_salem,11.6643,78.146,ECMWF_ERA5_Reanalysis
2023-04-04,33.7,22.3,28.2,36.4,25.5,31.1,0.2,15.5,32.4,173,20.91,978.3,loc_salem,11.6643,78.146,ECMWF_ERA5_Reanalysis
2023-04-05,37.3,24.3,29.8,40.9,27.4,33.0,0.0,8.9,23.4,154,24.18,977.4,loc_salem,11.6643,78.146,ECMWF_ERA5_Reanalysis
2023-04-06,36.8,24.2,30.3,40.0,28.3,33.0,0.0,16.6,36.7,112,24.04,977.9,loc_salem,11.6643,78.146,ECMWF_ERA5_Reanalysis
2023-04-07,36.2,23.8,29.8,37.6,27.4,31.5,0.0,17.7,39.6,110,23.83,979.3,loc_salem,11.6643,78.146,ECMWF_ERA5_Reanalysis
2023-04-08,36.8,22.1,29.3,36.4,24.5,29.8,0.0,20.9,47.5,101,24.2,980.8,loc_salem,11.6643,78.146,ECMWF_ERA5_Reanalysis
2023-04-09,36.7,22.4,29.4,38.6,24.1,30.7,0.0,20.6,45.0,98,25.77,981.0,loc_salem,11.6643,78.146,ECMWF_ERA5_Reanalysis
2023-04-10,36.6,24.0,30.0,37.9,27.1,32.0,0.0,15.1,38.5,95,23.89,980.0,loc_salem,11.6643,78.146,ECMWF_ERA5_Reanalysis
2023-04-11,37.3,23.2,30.0,38.4,26.6,31.6,0.0,17.7,41.4,99,25.04,979.9,loc_salem,11.6643,78.146,ECMWF_ERA5_Reanalysis
2023-04-12,38.5,23.1,30.6,39.6,24.6,30.7,0.0,18.2,42.5,99,26.61,979.3,loc_salem,11.6643,78.146,ECMWF_ERA5_Reanalysis
2023-04-13,39.3,21.9,30.9,39.1,21.7,30.3,0.0,19.6,47.2,97,26.91,978.8,loc_salem,11.6643,78.146,ECMWF_ERA5_Reanalysis
2023-04-14,39.1,23.6,30.9,39.7,24.4,30.9,0.0,19.6,43.9,119,26.83,978.6,loc_salem,11.6643,78.146,ECMWF_ERA5_Reanalysis
2023-04-15,39.0,23.7,31.0,38.8,23.4,30.4,0.0,16.1,40.3,105,23.31,977.9,loc_salem,11.6643,78.146,ECMWF_ERA5_Reanalysis
2023-04-16,38.7,23.3,31.2,39.6,23.9,31.3,0.0,16.6,43.2,116,26.64,976.9,loc_salem,11.6643,78.146,ECMWF_ERA5_Reanalysis
2023-04-17,38.9,23.6,31.4,39.6,24.7,31.2,0.0,18.6,44.3,111,26.65,977.0,loc_salem,11.6643,78.146,ECMWF_ERA5_Reanalysis
2023-04-18,39.8,25.0,32.2,40.5,26.8,32.6,0.0,19.6,43.6,104,26.39,977.9,loc_salem,11.6643,78.146,ECMWF_ERA5_Reanalysis
2023-04-19,40.0,25.3,32.5,41.6,28.1,33.5,0.0,13.2,35.6,111,25.75,976.3,loc_salem,11.6643,78.146,ECMWF_ERA5_Reanalysis
2023-04-20,39.3,25.9,32.2,42.7,27.7,34.0,0.0,8.5,21.2,132,24.53,974.3,loc_salem,11.6643,78.146,ECMWF_ERA5_Reanalysis
2023-04-21,38.7,26.8,32.3,43.0,30.0,35.3,0.0,13.8,31.0,184,23.64,974.3,loc_salem,11.6643,78.146,ECMWF_ERA5_Reanalysis
2023-04-22,39.2,26.9,31.2,42.9,30.3,34.5,0.9,20.3,37.4,129,21.33,974.6,loc_salem,11.6643,78.146,ECMWF_ERA5_Reanalysis
2023-04-23,37.3,25.7,29.7,42.1,29.7,33.8,3.2,15.2,38.5,138,20.58,975.2,loc_salem,11.6643,78.146,ECMWF_ERA5_Reanalysis
2023-04-24,35.2,25.0,29.5,40.1,28.4,33.2,0.5,16.6,45.4,119,23.79,976.4,loc_salem,11.6643,78.146,ECMWF_ERA5_Reanalysis
2023-04-25,34.5,23.5,28.5,39.9,28.4,33.1,2.6,11.5,33.5,153,21.67,977.5,loc_salem,11.6643,78.146,ECMWF_ERA5_Reanalysis
2023-04-26,33.0,24.3,28.8,38.8,29.4,32.9,0.5,12.8,34.2,127,20.81,977.2,loc_salem,11.6643,78.146,ECMWF_ERA5_Reanalysis
2023-04-27,34.9,25.2,29.4,38.7,29.2,32.7,1.1,15.5,40.3,104,22.42,977.2,loc_salem,11.6643,78.146,ECMWF_ERA5_Reanalysis
2023-04-28,35.5,24.9,30.0,39.5,29.3,33.5,0.2,13.4,31.7,119,23.64,977.6,loc_salem,11.6643,78.146,ECMWF_ERA5_Reanalysis
2023-04-29,32.5,23.0,27.7,37.0,27.3,31.5,13.2,17.1,41.4,106,18.08,977.3,loc_salem,11.6643,78.146,ECMWF_ERA5_Reanalysis
2023-04-30,33.1,23.4,28.1,37.8,28.0,32.2,5.7,11.8,29.9,123,18.82,975.8,loc_salem,11.6643,78.146,ECMWF_ERA5_Reanalysis
2023-05-01,33.0,23.5,27.0,38.0,27.8,31.4,16.8,12.0,31.3,125,18.28,975.8,loc_salem,11.6643,78.146,ECMWF_ERA5_Reanalysis
2023-05-02,31.0,23.2,26.3,36.7,28.1,30.8,7.5,13.0,30.2,100,16.79,976.5,loc_salem,11.6643,78.146,ECMWF_ERA5_Reanalysis
2023-05-03,31.3,23.4,26.6,35.1,27.8,30.9,6.7,15.3,38.2,329,18.25,977.3,loc_salem,11.6643,78.146,ECMWF_ERA5_Reanalysis
2023-05-04,31.4,23.6,26.5,36.3,28.2,31.4,14.8,16.1,37.1,333,16.68,976.9,loc_salem,11.6643,78.146,ECMWF_ERA5_Reanalysis
2023-05-05,31.6,23.3,26.7,34.8,27.4,31.0,2.9,8.2,21.2,343,10.6,976.2,loc_salem,11.6643,78.146,ECMWF_ERA5_Reanalysis
2023-05-06,31.5,24.5,27.6,35.3,29.3,32.1,9.7,12.4,30.2,343,16.97,975.9,loc_salem,11.6643,78.146,ECMWF_ERA5_Reanalysis
2023-05-07,30.9,23.7,26.7,35.0,27.5,31.2,16.1,13.7,32.8,329,13.18,975.9,loc_salem,11.6643,78.146,ECMWF_ERA5_Reanalysis
2023-05-08,30.7,23.7,27.1,36.8,28.8,32.4,15.3,11.4,27.7,311,19.55,975.2,loc_salem,11.6643,78.146,ECMWF_ERA5_Reanalysis
2023-05-09,33.6,23.4,27.4,39.7,27.3,32.2,9.6,17.7,45.7,335,23.82,975.4,loc_salem,11.6643,78.146,ECMWF_ERA5_Reanalysis
2023-05-10,33.6,23.8,28.5,39.0,26.9,32.8,0.0,13.7,29.2,337,20.92,974.7,loc_salem,11.6643,78.146,ECMWF_ERA5_Reanalysis
2023-05-11,34.5,23.6,28.6,40.5,27.9,33.4,0.6,11.8,32.4,303,24.33,975.8,loc_salem,11.6643,78.146,ECMWF_ERA5_Reanalysis
2023-05-12,35.0,23.6,29.2,41.1,27.9,33.5,0.0,11.4,26.6,305,23.75,976.3,loc_salem,11.6643,78.146,ECMWF_ERA5_Reanalysis
2023-05-13,35.5,24.9,29.5,40.7,29.8,34.3,0.0,11.2,29.2,229,23.62,977.0,loc_salem,11.6643,78.146,ECMWF_ERA5_Reanalysis
2023-05-14,36.2,24.6,30.3,41.7,29.1,34.7,0.0,16.8,39.6,296,25.08,975.8,loc_salem,11.6643,78.146,ECMWF_ERA5_Reanalysis
2023-05-15,36.6,25.1,30.0,42.1,30.0,34.8,0.0,6.7,19.1,259,25.51,976.2,loc_salem,11.6643,78.146,ECMWF_ERA5_Reanalysis
2023-05-16,36.8,24.6,30.5,42.4,28.6,34.7,0.0,6.2,20.2,196,24.73,977.1,loc_salem,11.6643,78.146,ECMWF_ERA5_Reanalysis
2023-05-17,35.1,26.0,30.6,41.6,28.9,34.8,2.1,8.0,25.2,164,21.52,977.7,loc_salem,11.6643,78.146,ECMWF_ERA5_Reanalysis
2023-05-18,35.7,25.8,30.4,41.3,30.1,35.0,0.2,15.3,32.0,124,23.58,978.7,loc_salem,11.6643,78.146,ECMWF_ERA5_Reanalysis
2023-05-19,36.2,25.9,30.6,41.8,29.6,34.6,0.0,9.7,31.3,195,23.7,977.7,loc_salem,11.6643,78.146,ECMWF_ERA5_Reanalysis
2023-05-20,37.0,25.1,30.9,41.8,30.0,35.1,0.0,10.4,26.6,309,23.89,976.9,loc_salem,11.6643,78.146,ECMWF_ERA5_Reanalysis
2023-05-21,36.7,25.9,30.3,43.0,29.4,34.7,0.3,12.7,38.2,216,23.41,977.7,loc_salem,11.6643,78.146,ECMWF_ERA5_Reanalysis
2023-05-22,36.0,24.3,29.3,41.8,28.5,33.7,0.6,20.8,52.9,168,22.09,978.6,loc_salem,11.6643,78.146,ECMWF_ERA5_Reanalysis
2023-05-23,36.3,24.6,30.5,41.3,28.7,34.3,0.0,12.9,29.2,186,24.09,978.8,loc_salem,11.6643,78.146,ECMWF_ERA5_Reanalysis
2023-05-24,36.8,25.5,30.0,40.6,30.2,34.2,3.2,18.5,42.1,214,23.71,978.6,loc_salem,11.6643,78.146,ECMWF_ERA5_Reanalysis
2023-05-25,36.2,25.0,29.9,40.8,29.7,34.3,0.2,17.2,39.6,272,23.46,978.9,loc_salem,11.6643,78.146,ECMWF_ERA5_Reanalysis
2023-05-26,36.0,25.0,29.1,39.9,29.5,33.6,1.0,12.0,32.8,305,23.17,979.3,loc_salem,11.6643,78.146,ECMWF_ERA5_Reanalysis
2023-05-27,36.8,24.8,30.7,40.8,29.9,34.7,0.9,13.5,34.2,321,23.91,977.4,loc_salem,11.6643,78.146,ECMWF_ERA5_Reanalysis
2023-05-28,37.1,26.3,30.4,41.5,30.9,34.7,0.6,8.8,29.2,292,21.17,976.6,loc_salem,11.6643,78.146,ECMWF_ERA5_Reanalysis
2023-05-29,36.7,25.0,30.1,41.5,29.2,34.3,0.0,8.2,22.3,277,20.46,976.6,loc_salem,11.6643,78.146,ECMWF_ERA5_Reanalysis
2023-05-30,37.2,25.7,31.0,42.2,28.7,34.6,1.2,19.0,48.2,310,23.49,977.1,loc_salem,11.6643,78.146,ECMWF_ERA5_Reanalysis
2023-05-31,36.8,25.3,30.1,40.6,28.8,33.8,0.2,14.6,33.8,275,23.38,976.7,loc_salem,11.6643,78.146,ECMWF_ERA5_Reanalysis
2023-06-01,37.9,25.4,30.8,42.6,30.1,34.9,6.5,15.1,50.4,227,23.32,976.2,loc_salem,11.6643,78.146,ECMWF_ERA5_Reanalysis
2023-06-02,35.4,25.8,29.8,40.6,30.2,33.9,1.4,11.4,31.7,295,18.55,976.6,loc_salem,11.6643,78.146,ECMWF_ERA5_Reanalysis
2023-06-03,38.3,25.8,31.0,42.0,31.3,35.3,1.4,11.4,30.6,306,24.03,976.1,loc_salem,11.6643,78.146,ECMWF_ERA5_Reanalysis
2023-06-04,37.7,25.5,30.5,40.6,30.4,34.5,2.4,12.3,43.6,274,22.78,976.4,loc_salem,11.6643,78.146,ECMWF_ERA5_Reanalysis
2023-06-05,38.0,25.3,30.7,42.1,30.1,34.7,1.2,13.5,31.7,247,23.83,975.7,loc_salem,11.6643,78.146,ECMWF_ERA5_Reanalysis
2023-06-06,38.1,25.0,31.2,41.6,30.1,35.0,0.0,15.9,33.8,269,24.53,975.2,loc_salem,11.6643,78.146,ECMWF_ERA5_Reanalysis
2023-06-07,37.6,25.9,31.1,41.7,30.9,35.2,0.2,11.2,29.9,234,21.96,975.3,loc_salem,11.6643,78.146,ECMWF_ERA5_Reanalysis
2023-06-08,37.4,25.1,30.9,40.9,29.7,34.4,0.0,14.8,36.0,260,23.43,975.7,loc_salem,11.6643,78.146,ECMWF_ERA5_Reanalysis
2023-06-09,37.4,25.0,30.1,41.2,29.3,33.8,0.1,15.2,51.1,270,21.53,974.7,loc_salem,11.6643,78.146,ECMWF_ERA5_Reanalysis
2023-06-10,36.4,24.5,29.5,39.3,28.6,33.2,0.1,13.4,33.8,275,21.31,974.5,loc_salem,11.6643,78.146,ECMWF_ERA5_Reanalysis
2023-06-11,36.4,24.4,29.6,40.8,28.2,33.6,0.4,20.7,46.1,292,23.59,974.3,loc_salem,11.6643,78.146,ECMWF_ERA5_Reanalysis
2023-06-12,36.2,25.0,29.2,41.8,29.7,33.7,4.7,14.8,42.1,246,21.93,974.5,loc_salem,11.6643,78.146,ECMWF_ERA5_Reanalysis
2023-06-13,35.7,24.4,28.2,39.5,29.9,33.0,5.6,11.5,40.3,298,22.22,975.2,loc_salem,11.6643,78.146,ECMWF_ERA5_Reanalysis
2023-06-14,34.0,24.7,29.1,39.5,29.0,33.4,0.1,12.4,38.2,297,22.0,976.6,loc_salem,11.6643,78.146,ECMWF_ERA5_Reanalysis
2023-06-15,36.3,24.9,30.3,40.5,27.9,33.7,0.0,14.8,35.3,307,24.07,976.3,loc_salem,11.6643,78.146,ECMWF_ERA5_Reanalysis
2023-06-16,36.8,25.7,31.0,39.4,29.9,34.1,0.0,15.8,39.2,263,24.24,975.4,loc_salem,11.6643,78.146,ECMWF_ERA5_Reanalysis
2023-06-17,36.5,24.7,30.4,38.2,28.9,33.7,0.4,10.4,30.6,272,19.35,975.7,loc_salem,11.6643,78.146,ECMWF_ERA5_Reanalysis
2023-06-18,33.5,25.5,29.1,36.7,30.5,32.8,3.4,13.0,30.2,274,10.26,975.9,loc_salem,11.6643,78.146,ECMWF_ERA5_Reanalysis
2023-06-19,28.0,24.0,25.7,33.3,27.7,31.0,12.8,14.5,34.9,228,5.69,975.0,loc_salem,11.6643,78.146,ECMWF_ERA5_Reanalysis
2023-06-20,31.8,23.7,27.7,35.7,28.7,32.2,0.9,12.1,31.0,307,15.28,974.2,loc_salem,11.6643,78.146,ECMWF_ERA5_Reanalysis
2023-06-21,33.6,25.0,27.8,38.6,29.1,32.9,10.0,13.4,38.9,260,16.31,974.8,loc_salem,11.6643,78.146,ECMWF_ERA5_Reanalysis
2023-06-22,33.1,23.1,27.8,36.6,27.9,32.1,1.7,14.2,31.0,300,14.88,975.0,loc_salem,11.6643,78.146,ECMWF_ERA5_Reanalysis
2023-06-23,33.0,23.8,28.2,37.9,29.1,33.0,1.2,9.9,30.6,265,19.81,975.2,loc_salem,11.6643,78.146,ECMWF_ERA5_Reanalysis
2023-06-24,34.0,24.1,28.0,39.0,28.4,32.4,0.1,14.7,41.4,237,21.58,975.0,loc_salem,11.6643,78.146,ECMWF_ERA5_Reanalysis
2023-06-25,34.0,23.3,28.3,38.1,27.8,32.3,0.0,21.5,48.6,225,20.65,974.7,loc_salem,11.6643,78.146,ECMWF_ERA5_Reanalysis
2023-06-26,33.8,24.1,28.2,37.9,28.6,32.3,0.4,11.1,33.1,262,19.99,975.6,loc_salem,11.6643,78.146,ECMWF_ERA5_Reanalysis
2023-06-27,35.1,23.9,28.0,39.4,28.3,31.5,2.9,20.6,51.1,226,21.23,976.1,loc_salem,11.6643,78.146,ECMWF_ERA5_Reanalysis
2023-06-28,34.8,23.4,28.2,39.3,27.0,32.1,6.6,14.3,32.4,237,22.82,976.6,loc_salem,11.6643,78.146,ECMWF_ERA5_Reanalysis
2023-06-29,34.3,23.7,27.7,39.2,28.2,32.1,4.1,14.2,39.2,227,18.49,977.4,loc_salem,11.6643,78.146,ECMWF_ERA5_Reanalysis
2023-06-30,34.8,24.5,28.6,39.8,28.8,32.6,0.3,9.6,30.2,248,19.41,977.0,loc_salem,11.6643,78.146,ECMWF_ERA5_Reanalysis
2023-07-01,35.1,24.7,29.3,39.3,28.3,33.0,1.1,12.0,36.4,283,18.88,977.0,loc_salem,11.6643,78.146,ECMWF_ERA5_Reanalysis
2023-07-02,34.2,23.9,28.5,37.8,27.5,32.5,7.4,15.4,38.9,275,14.24,976.2,loc_salem,11.6643,78.146,ECMWF_ERA5_Reanalysis
2023-07-03,34.3,23.5,27.6,37.6,28.2,31.6,9.2,17.5,38.9,260,15.79,975.2,loc_salem,11.6643,78.146,ECMWF_ERA5_Reanalysis
2023-07-04,32.5,22.8,25.8,36.6,27.1,29.8,12.7,16.8,39.2,222,14.91,973.8,loc_salem,11.6643,78.146,ECMWF_ERA5_Reanalysis
2023-07-05,29.6,22.6,25.4,32.4,26.9,28.9,7.5,17.7,47.2,222,9.97,973.2,loc_salem,11.6643,78.146,ECMWF_ERA5_Reanalysis
2023-07-06,28.6,22.9,25.3,32.8,26.9,29.3,10.5,13.9,32.4,225,9.83,975.4,loc_salem,11.6643,78.146,ECMWF_ERA5_Reanalysis
2023-07-07,31.1,22.6,26.0,34.9,26.7,30.1,5.1,12.8,31.3,197,15.8,977.1,loc_salem,11.6643,78.146,ECMWF_ERA5_Reanalysis
2023-07-08,32.4,23.1,26.1,37.9,27.1,30.6,9.8,14.6,46.8,194,17.3,977.9,loc_salem,11.6643,78.146,ECMWF_ERA5_Reanalysis
2023-07-09,33.2,23.4,27.9,38.4,28.3,32.5,0.4,10.0,31.7,282,21.79,976.8,loc_salem,11.6643,78.146,ECMWF_ERA5_Reanalysis
2023-07-10,31.8,23.9,27.4,35.6,28.5,32.2,6.8,9.2,29.2,292,15.02,976.4,loc_salem,11.6643,78.146,ECMWF_ERA5_Reanalysis
2023-07-11,30.6,24.5,26.5,36.6,29.9,31.9,3.2,6.0,22.3,278,12.23,975.9,loc_salem,11.6643,78.146,ECMWF_ERA5_Reanalysis
2023-07-12,32.0,24.1,27.1,38.3,29.1,32.2,0.6,16.6,36.7,222,20.34,975.8,loc_salem,11.6643,78.146,ECMWF_ERA5_Reanalysis
2023-07-13,31.1,23.2,26.7,35.6,27.7,31.2,3.5,11.7,30.6,256,15.38,976.2,loc_salem,11.6643,78.146,ECMWF_ERA5_Reanalysis
2023-07-14,31.9,23.6,27.5,37.7,28.1,31.9,2.6,10.7,33.1,266,20.06,977.1,loc_salem,11.6643,78.146,ECMWF_ERA5_Reanalysis
2023-07-15,33.4,23.0,28.3,39.2,27.6,32.5,0.8,14.6,33.5,271,21.58,976.9,loc_salem,11.6643,78.146,ECMWF_ERA5_Reanalysis
2023-07-16,34.5,24.5,28.5,39.7,29.1,32.9,0.2,14.0,37.1,270,20.87,976.2,loc_salem,11.6643,78.146,ECMWF_ERA5_Reanalysis
2023-07-17,34.7,24.0,29.0,39.3,28.7,32.9,0.1,13.8,33.5,252,23.25,975.7,loc_salem,11.6643,78.146,ECMWF_ERA5_Reanalysis
2023-07-18,34.8,24.0,28.4,37.6,28.0,31.5,0.1,18.0,38.9,233,21.16,975.2,loc_salem,11.6643,78.146,ECMWF_ERA5_Reanalysis
2023-07-19,35.2,23.5,28.4,35.9,27.0,30.7,0.5,22.7,50.4,251,17.87,974.2,loc_salem,11.6643,78.146,ECMWF_ERA5_Reanalysis
2023-07-20,35.9,23.1,29.3,36.0,26.6,31.0,0.2,30.7,66.2,276,21.5,973.9,loc_salem,11.6643,78.146,ECMWF_ERA5_Reanalysis
2023-07-21,36.6,23.2,29.1,36.5,27.0,31.3,1.4,24.9,59.4,269,19.26,974.8,loc_salem,11.6643,78.146,ECMWF_ERA5_Reanalysis
2023-07-22,35.0,24.2,28.6,35.0,27.5,31.0,2.7,25.6,65.2,266,17.71,976.3,loc_salem,11.6643,78.146,ECMWF_ERA5_Reanalysis
2023-07-23,33.7,24.0,27.2,35.9,27.7,30.9,2.2,21.5,54.7,263,16.17,976.6,loc_salem,11.6643,78.146,ECMWF_ERA5_Reanalysis
2023-07-24,32.1,22.8,26.4,35.4,27.3,30.6,8.8,18.1,41.0,243,13.03,976.1,loc_salem,11.6643,78.146,ECMWF_ERA5_Reanalysis
2023-07-25,27.9,22.9,25.1,32.0,27.5,29.9,14.9,8.2,35.6,260,10.17,976.4,loc_salem,11.6643,78.146,ECMWF_ERA5_Reanalysis
2023-07-26,29.8,22.1,25.5,34.2,26.4,30.2,3.3,13.8,42.8,262,13.17,977.3,loc_salem,11.6643,78.146,ECMWF_ERA5_Reanalysis
2023-07-27,33.2,21.9,26.9,36.6,26.1,30.7,0.2,15.2,40.3,287,21.63,977.5,loc_salem,11.6643,78.146,ECMWF_ERA5_Reanalysis
2023-07-28,34.9,23.2,28.1,37.2,26.7,31.2,0.3,20.3,45.4,293,22.68,977.0,loc_salem,11.6643,78.146,ECMWF_ERA5_Reanalysis
2023-07-29,34.8,22.9,28.9,35.4,26.4,30.9,0.0,25.4,55.1,309,22.23,976.8,loc_salem,11.6643,78.146,ECMWF_ERA5_Reanalysis
2023-07-30,36.0,23.3,29.3,38.0,26.2,31.5,0.0,20.0,47.2,307,23.81,976.3,loc_salem,11.6643,78.146,ECMWF_ERA5_Reanalysis
2023-07-31,36.6,23.7,29.7,39.0,27.7,32.5,0.0,16.4,39.2,294,23.73,975.9,loc_salem,11.6643,78.146,ECMWF_ERA5_Reanalysis
2023-08-01,36.3,23.7,29.6,38.0,28.0,32.2,0.0,20.2,46.1,291,21.75,976.3,loc_salem,11.6643,78.146,ECMWF_ERA5_Reanalysis
2023-08-02,37.2,22.8,29.5,37.8,26.7,31.5,0.0,23.0,47.2,284,21.93,977.0,loc_salem,11.6643,78.146,ECMWF_ERA5_Reanalysis
2023-08-03,37.3,22.8,29.8,38.4,26.8,31.9,0.0,20.5,47.9,292,22.91,976.6,loc_salem,11.6643,78.146,ECMWF_ERA5_Reanalysis
2023-08-04,37.4,24.6,30.2,39.8,27.3,32.7,0.7,15.8,46.8,291,21.66,978.2,loc_salem,11.6643,78.146,ECMWF_ERA5_Reanalysis
2023-08-05,37.5,24.7,30.6,40.3,27.9,33.3,0.5,15.4,36.4,285,21.67,979.1,loc_salem,11.6643,78.146,ECMWF_ERA5_Reanalysis
2023-08-06,37.8,25.8,30.8,41.2,29.9,34.1,0.5,16.9,40.0,243,21.51,978.1,loc_salem,11.6643,78.146,ECMWF_ERA5_Reanalysis
2023-08-07,37.5,25.4,31.0,40.4,29.1,34.2,0.7,11.2,30.2,275,22.34,976.4,loc_salem,11.6643,78.146,ECMWF_ERA5_Reanalysis
2023-08-08,37.4,25.3,30.4,40.8,29.5,33.7,0.3,25.6,55.4,280,23.19,976.7,loc_salem,11.6643,78.146,ECMWF_ERA5_Reanalysis
2023-08-09,37.8,25.2,30.8,41.1,28.8,33.7,1.6,19.1,66.6,304,22.98,977.9,loc_salem,11.6643,78.146,ECMWF_ERA5_Reanalysis
2023-08-10,34.5,24.6,28.3,39.4,28.3,32.3,10.7,18.6,47.9,323,20.4,978.8,loc_salem,11.6643,78.146,ECMWF_ERA5_Reanalysis
2023-08-11,33.9,23.8,27.5,37.1,28.5,32.0,17.1,11.9,31.3,322,20.59,978.0,loc_salem,11.6643,78.146,ECMWF_ERA5_Reanalysis
2023-08-12,33.4,23.4,28.0,38.5,28.1,32.6,2.8,11.2,27.7,258,19.83,977.5,loc_salem,11.6643,78.146,ECMWF_ERA5_Reanalysis
2023-08-13,34.5,24.0,29.2,38.5,28.3,33.0,0.1,10.8,28.1,247,23.97,976.8,loc_salem,11.6643,78.146,ECMWF_ERA5_Reanalysis
2023-08-14,34.4,24.6,29.2,37.7,28.9,32.7,0.0,13.0,26.3,230,20.31,977.2,loc_salem,11.6643,78.146,ECMWF_ERA5_Reanalysis
2023-08-15,35.1,24.5,29.6,39.0,28.4,32.8,0.0,17.1,35.3,218,23.15,977.5,loc_salem,11.6643,78.146,ECMWF_ERA5_Reanalysis
2023-08-16,36.6,24.2,30.2,39.3,27.1,32.6,0.0,12.9,34.6,217,25.09,977.6,loc_salem,11.6643,78.146,ECMWF_ERA5_Reanalysis
2023-08-17,37.2,25.4,30.7,39.1,29.2,33.4,0.2,19.2,43.2,245,24.2,977.3,loc_salem,11.6643,78.146,ECMWF_ERA5_Reanalysis
2023-08-18,36.6,25.4,30.0,38.6,29.2,32.7,0.7,20.9,45.0,253,22.29,976.4,loc_salem,11.6643,78.146,ECMWF_ERA5_Reanalysis
2023-08-19,36.3,24.1,29.0,39.1,27.8,32.0,0.1,18.3,41.4,281,22.85,976.0,loc_salem,11.6643,78.146,ECMWF_ERA5_Reanalysis
2023-08-20,36.7,24.3,29.9,40.0,28.7,33.1,1.0,16.3,36.7,285,23.5,975.9,loc_salem,11.6643,78.146,ECMWF_ERA5_Reanalysis
2023-08-21,36.4,23.7,30.2,40.6,27.7,33.6,0.2,12.6,31.7,286,24.5,975.4,loc_salem,11.6643,78.146,ECMWF_ERA5_Reanalysis
2023-08-22,36.0,26.3,30.1,40.1,29.2,34.1,9.1,13.7,42.5,228,20.99,975.6,loc_salem,11.6643,78.146,ECMWF_ERA5_Reanalysis
2023-08-23,35.0,24.0,29.3,39.0,28.6,33.5,4.3,10.4,29.5,299,22.76,975.9,loc_salem,11.6643,78.146,ECMWF_ERA5_Reanalysis
2023-08-24,35.4,25.7,30.0,39.3,28.8,33.1,0.0,10.5,29.9,215,21.7,975.6,loc_salem,11.6643,78.146,ECMWF_ERA5_Reanalysis
2023-08-25,36.8,24.4,30.2,39.4,27.8,33.1,0.0,8.6,22.3,221,24.92,975.8,loc_salem,11.6643,78.146,ECMWF_ERA5_Reanalysis
2023-08-26,37.1,25.2,30.9,40.0,28.8,33.9,0.0,10.0,23.0,214,23.81,976.6,loc_salem,11.6643,78.146,ECMWF_ERA5_Reanalysis
2023-08-27,37.4,25.8,30.6,41.4,29.6,33.8,0.0,18.8,41.0,309,22.78,977.3,loc_salem,11.6643,78.146,ECMWF_ERA5_Reanalysis
2023-08-28,35.5,26.0,29.8,39.8,30.2,33.6,3.7,11.5,30.6,305,18.0,976.9,loc_salem,11.6643,78.146,ECMWF_ERA5_Reanalysis
2023-08-29,36.7,25.6,29.3,39.9,29.7,32.8,3.1,15.8,41.4,279,22.94,976.3,loc_salem,11.6643,78.146,ECMWF_ERA5_Reanalysis
2023-08-30,34.9,23.3,28.7,40.0,27.9,32.9,1.7,12.3,33.1,206,24.09,976.6,loc_salem,11.6643,78.146,ECMWF_ERA5_Reanalysis
2023-08-31,33.9,24.0,27.6,39.0,28.6,32.3,9.4,15.4,34.6,324,21.46,976.6,loc_salem,11.6643,78.146,ECMWF_ERA5_Reanalysis
2023-09-01,33.9,24.2,28.2,39.0,26.8,32.4,9.6,15.1,33.1,316,22.77,976.6,loc_salem,11.6643,78.146,ECMWF_ERA5_Reanalysis
2023-09-02,33.9,23.6,27.7,38.8,28.5,32.5,13.0,15.7,30.6,264,21.72,976.4,loc_salem,11.6643,78.146,ECMWF_ERA5_Reanalysis
2023-09-03,32.9,23.5,27.4,37.8,28.0,31.5,4.6,16.1,33.1,283,22.47,975.3,loc_salem,11.6643,78.146,ECMWF_ERA5_Reanalysis
2023-09-04,32.4,23.1,27.2,34.2,27.8,30.9,0.1,14.8,34.2,259,17.77,974.0,loc_salem,11.6643,78.146,ECMWF_ERA5_Reanalysis
2023-09-05,31.5,23.6,26.6,36.7,28.1,31.0,3.8,13.2,31.3,242,15.99,974.2,loc_salem,11.6643,78.146,ECMWF_ERA5_Reanalysis
2023-09-06,31.0,23.3,25.9,35.9,27.7,30.4,6.0,13.0,35.3,192,13.85,975.1,loc_salem,11.6643,78.146,ECMWF_ERA5_Reanalysis
2023-09-07,31.0,23.3,26.2,36.5,27.0,30.5,9.7,13.7,32.4,187,15.13,975.8,loc_salem,11.6643,78.146,ECMWF_ERA5_Reanalysis
2023-09-08,31.8,23.7,27.2,37.5,27.6,31.2,0.8,13.3,33.1,195,20.04,976.7,loc_salem,11.6643,78.146,ECMWF_ERA5_Reanalysis
2023-09-09,34.3,22.9,27.7,39.4,27.1,32.2,0.1,17.6,40.0,253,22.84,975.9,loc_salem,11.6643,78.146,ECMWF_ERA5_Reanalysis
2023-09-10,32.5,23.7,27.5,37.5,28.2,32.0,3.7,11.8,29.9,229,18.71,975.5,loc_salem,11.6643,78.146,ECMWF_ERA5_Reanalysis
2023-09-11,32.7,22.7,27.3,38.3,27.2,32.2,2.1,10.8,32.4,236,21.38,975.8,loc_salem,11.6643,78.146,ECMWF_ERA5_Reanalysis
2023-09-12,33.1,23.8,26.9,38.6,27.5,31.2,16.6,16.5,35.3,299,20.16,976.2,loc_salem,11.6643,78.146,ECMWF_ERA5_Reanalysis
2023-09-13,32.9,23.7,27.7,39.0,28.8,32.6,2.6,10.6,30.2,244,21.01,976.0,loc_salem,11.6643,78.146,ECMWF_ERA5_Reanalysis
2023-09-14,32.6,23.7,27.3,39.2,27.7,31.9,4.4,12.5,28.1,203,21.59,976.2,loc_salem,11.6643,78.146,ECMWF_ERA5_Reanalysis
2023-09-15,33.7,23.2,27.4,38.4,26.7,31.4,3.7,16.7,36.0,194,22.91,976.7,loc_salem,11.6643,78.146,ECMWF_ERA5_Reanalysis
2023-09-16,33.0,23.9,27.1,38.6,27.9,31.7,6.1,11.5,29.9,187,18.75,976.8,loc_salem,11.6643,78.146,ECMWF_ERA5_Reanalysis
2023-09-17,32.1,23.6,26.9,37.8,28.4,31.6,11.3,12.6,31.3,294,18.78,976.3,loc_salem,11.6643,78.146,ECMWF_ERA5_Reanalysis
2023-09-18,32.9,22.7,26.3,38.1,27.4,31.1,9.1,14.8,32.8,212,18.68,976.3,loc_salem,11.6643,78.146,ECMWF_ERA5_Reanalysis
2023-09-19,32.5,22.8,26.6,38.6,27.2,31.5,1.2,12.6,28.1,184,19.34,977.3,loc_salem,11.6643,78.146,ECMWF_ERA5_Reanalysis
2023-09-20,32.9,23.0,27.7,38.1,27.7,32.4,0.5,6.9,21.2,272,22.02,977.3,loc_salem,11.6643,78.146,ECMWF_ERA5_Reanalysis
2023-09-21,32.0,23.5,28.0,37.1,27.7,32.0,0.1,17.9,38.9,258,17.49,977.3,loc_salem,11.6643,78.146,ECMWF_ERA5_Reanalysis
2023-09-22,32.9,24.0,27.6,37.6,28.7,32.3,4.4,15.1,31.0,320,21.62,977.3,loc_salem,11.6643,78.146,ECMWF_ERA5_Reanalysis
2023-09-23,33.2,23.7,27.7,39.4,28.6,32.9,16.3,13.0,35.3,253,22.36,977.3,loc_salem,11.6643,78.146,ECMWF_ERA5_Reanalysis
2023-09-24,32.4,23.2,27.0,36.9,27.6,31.5,2.9,11.7,31.0,304,19.09,977.4,loc_salem,11.6643,78.146,ECMWF_ERA5_Reanalysis
2023-09-25,31.9,23.5,27.0,37.7,27.6,31.4,5.3,13.8,32.0,307,19.26,976.5,loc_salem,11.6643,78.146,ECMWF_ERA5_Reanalysis
2023-09-26,32.0,22.7,27.3,37.3,27.0,31.9,0.2,8.3,25.2,233,19.53,976.0,loc_salem,11.6643,78.146,ECMWF_ERA5_Reanalysis
2023-09-27,33.1,23.7,27.1,38.7,28.4,32.1,8.8,15.3,36.0,265,22.06,976.0,loc_salem,11.6643,78.146,ECMWF_ERA5_Reanalysis
2023-09-28,32.2,22.8,26.3,39.1,27.0,31.4,8.6,14.3,34.2,202,21.01,976.0,loc_salem,11.6643,78.146,ECMWF_ERA5_Reanalysis
2023-09-29,31.1,22.7,26.0,36.0,26.5,30.0,3.3,14.5,32.8,187,18.4,976.6,loc_salem,11.6643,78.146,ECMWF_ERA5_Reanalysis
2023-09-30,31.9,23.4,26.8,36.2,26.9,30.4,2.2,18.3,38.2,209,20.1,977.1,loc_salem,11.6643,78.146,ECMWF_ERA5_Reanalysis
2023-10-01,30.3,23.4,26.6,33.7,26.7,30.1,1.9,13.7,32.4,195,14.52,976.9,loc_salem,11.6643,78.146,ECMWF_ERA5_Reanalysis
2023-10-02,32.6,23.0,27.1,38.7,27.0,31.6,0.7,11.4,31.7,186,22.26,977.3,loc_salem,11.6643,78.146,ECMWF_ERA5_Reanalysis
2023-10-03,32.4,22.9,27.5,37.8,27.4,32.1,0.1,10.1,27.7,179,23.38,977.6,loc_salem,11.6643,78.146,ECMWF_ERA5_Reanalysis
2023-10-04,32.9,23.7,28.2,38.1,27.8,32.3,0.0,10.8,25.6,189,23.42,977.8,loc_salem,11.6643,78.146,ECMWF_ERA5_Reanalysis
2023-10-05,34.2,23.5,28.7,37.9,27.3,31.6,0.0,13.4,30.6,344,24.12,977.3,loc_salem,11.6643,78.146,ECMWF_ERA5_Reanalysis
2023-10-06,33.5,23.5,28.6,38.2,27.5,32.4,0.1,9.2,23.4,311,22.77,976.8,loc_salem,11.6643,78.146,ECMWF_ERA5_Reanalysis
2023-10-07,34.5,24.1,29.2,39.1,27.9,32.9,0.5,9.8,26.6,212,23.1,977.0,loc_salem,11.6643,78.146,ECMWF_ERA5_Reanalysis
2023-10-08,33.3,23.7,27.5,38.2,28.5,32.3,3.1,13.8,32.0,155,20.92,978.6,loc_salem,11.6643,78.146,ECMWF_ERA5_Reanalysis
2023-10-09,32.6,23.4,27.1,38.3,27.7,32.0,13.7,13.8,33.1,35,20.6,980.0,loc_salem,11.6643,78.146,ECMWF_ERA5_Reanalysis
2023-10-10,33.0,23.3,27.5,40.3,28.2,32.6,0.6,14.5,40.7,75,21.62,979.3,loc_salem,11.6643,78.146,ECMWF_ERA5_Reanalysis
2023-10-11,32.7,23.0,27.0,38.5,25.1,31.9,10.0,18.5,42.8,37,21.76,978.8,loc_salem,11.6643,78.146,ECMWF_ERA5_Reanalysis
2023-10-12,32.5,22.6,26.8,39.3,27.2,31.8,0.1,7.9,23.0,271,20.83,979.8,loc_salem,11.6643,78.146,ECMWF_ERA5_Reanalysis
2023-10-13,33.0,22.4,27.3,37.7,26.4,31.2,0.0,10.2,21.6,112,23.75,980.3,loc_salem,11.6643,78.146,ECMWF_ERA5_Reanalysis
2023-10-14,30.8,23.5,26.5,36.7,27.8,31.0,21.4,15.3,34.6,88,16.67,980.5,loc_salem,11.6643,78.146,ECMWF_ERA5_Reanalysis
2023-10-15,30.5,23.2,26.0,36.1,27.9,30.9,5.9,7.2,21.2,85,16.23,979.2,loc_salem,11.6643,78.146,ECMWF_ERA5_Reanalysis
2023-10-16,29.9,23.1,25.8,35.8,27.4,30.4,18.0,10.1,27.0,117,15.44,979.2,loc_salem,11.6643,78.146,ECMWF_ERA5_Reanalysis
2023-10-17,30.2,22.2,26.0,36.9,26.5,30.7,3.1,13.6,31.7,88,19.87,979.8,loc_salem,11.6643,78.146,ECMWF_ERA5_Reanalysis
2023-10-18,31.3,22.7,26.4,36.7,27.0,30.8,1.7,13.3,27.7,128,21.57,980.5,loc_salem,11.6643,78.146,ECMWF_ERA5_Reanalysis
2023-10-19,32.6,21.2,26.9,37.0,24.2,30.3,0.0,13.7,27.7,115,22.49,980.2,loc_salem,11.6643,78.146,ECMWF_ERA5_Reanalysis
2023-10-20,32.3,22.3,27.0,36.4,25.6,30.4,0.0,12.5,25.9,129,22.42,980.2,loc_salem,11.6643,78.146,ECMWF_ERA5_Reanalysis
2023-10-21,31.4,22.3,27.0,37.4,26.0,30.9,1.3,14.1,38.5,93,20.94,980.4,loc_salem,11.6643,78.146,ECMWF_ERA5_Reanalysis
2023-10-22,32.3,23.1,27.5,37.4,27.4,31.6,0.3,12.8,27.0,139,22.07,980.4,loc_salem,11.6643,78.146,ECMWF_ERA5_Reanalysis
2023-10-23,32.3,22.8,27.2,36.5,26.6,30.8,0.4,15.5,32.8,203,22.18,979.9,loc_salem,11.6643,78.146,ECMWF_ERA5_Reanalysis
2023-10-24,32.9,22.1,27.5,35.9,25.6,30.5,0.5,13.7,28.8,16,23.12,979.5,loc_salem,11.6643,78.146,ECMWF_ERA5_Reanalysis
2023-10-25,32.9,22.4,27.7,36.7,25.9,30.5,0.1,12.6,27.0,92,21.28,980.6,loc_salem,11.6643,78.146,ECMWF_ERA5_Reanalysis
2023-10-26,34.1,22.5,28.3,37.9,25.5,30.7,0.0,21.9,44.6,80,22.5,980.5,loc_salem,11.6643,78.146,ECMWF_ERA5_Reanalysis
2023-10-27,34.8,22.6,27.9,38.5,25.7,30.7,0.0,20.9,50.0,97,21.09,979.2,loc_salem,11.6643,78.146,ECMWF_ERA5_Reanalysis
2023-10-28,33.6,23.5,28.2,37.4,27.2,31.1,0.1,18.5,42.5,100,21.05,979.3,loc_salem,11.6643,78.146,ECMWF_ERA5_Reanalysis
2023-10-29,33.0,23.0,27.2,36.1,27.5,30.5,0.3,16.3,38.9,96,18.29,979.4,loc_salem,11.6643,78.146,ECMWF_ERA5_Reanalysis
2023-10-30,31.8,22.7,26.4,35.0,26.9,30.1,2.7,13.0,34.6,88,17.04,979.6,loc_salem,11.6643,78.146,ECMWF_ERA5_Reanalysis
2023-10-31,31.3,22.4,25.8,35.6,26.8,30.1,13.9,20.1,44.6,89,15.0,979.9,loc_salem,11.6643,78.146,ECMWF_ERA5_Reanalysis
2023-11-01,32.8,22.0,26.2,37.7,26.4,30.6,8.3,14.8,35.3,90,19.36,979.9,loc_salem,11.6643,78.146,ECMWF_ERA5_Reanalysis
2023-11-02,31.9,22.5,26.4,37.5,27.0,30.9,3.6,15.1,37.8,95,17.26,979.1,loc_salem,11.6643,78.146,ECMWF_ERA5_Reanalysis
2023-11-03,30.9,22.0,25.8,36.8,26.3,30.1,18.1,14.0,31.0,110,15.87,977.9,loc_salem,11.6643,78.146,ECMWF_ERA5_Reanalysis
2023-11-04,28.5,23.0,24.7,34.1,27.5,29.3,21.2,13.3,28.8,86,12.23,978.1,loc_salem,11.6643,78.146,ECMWF_ERA5_Reanalysis
2023-11-05,29.7,23.0,25.8,33.9,27.8,30.2,2.3,11.2,25.6,147,16.18,979.3,loc_salem,11.6643,78.146,ECMWF_ERA5_Reanalysis
2023-11-06,31.5,22.2,26.6,37.2,26.5,31.3,6.7,10.8,23.8,46,19.7,980.3,loc_salem,11.6643,78.146,ECMWF_ERA5_Reanalysis
2023-11-07,30.6,22.0,25.3,37.2,26.3,29.9,17.8,12.6,35.6,73,16.65,980.5,loc_salem,11.6643,78.146,ECMWF_ERA5_Reanalysis
2023-11-08,30.0,22.5,25.2,36.1,26.6,29.4,11.4,17.3,35.6,75,14.14,980.2,loc_salem,11.6643,78.146,ECMWF_ERA5_Reanalysis
2023-11-09,29.8,21.7,24.8,35.1,25.9,29.1,8.2,13.1,31.0,78,14.94,980.5,loc_salem,11.6643,78.146,ECMWF_ERA5_Reanalysis
2023-11-10,30.5,22.0,25.6,34.1,26.3,29.6,1.9,12.8,31.0,95,16.12,981.5,loc_salem,11.6643,78.146,ECMWF_ERA5_Reanalysis
2023-11-11,31.7,21.7,26.0,35.9,23.8,29.6,0.2,8.7,20.2,83,18.9,981.5,loc_salem,11.6643,78.146,ECMWF_ERA5_Reanalysis
2023-11-12,31.6,18.4,24.6,34.7,21.0,27.2,0.0,8.0,20.5,67,20.75,981.5,loc_salem,11.6643,78.146,ECMWF_ERA5_Reanalysis
2023-11-13,32.4,17.8,24.8,35.0,20.1,27.6,0.0,11.8,27.7,79,18.94,980.7,loc_salem,11.6643,78.146,ECMWF_ERA5_Reanalysis
2023-11-14,26.8,21.6,23.9,29.8,25.3,27.0,8.8,12.0,26.3,336,8.04,980.3,loc_salem,11.6643,78.146,ECMWF_ERA5_Reanalysis
2023-11-15,30.2,21.4,25.3,33.3,24.4,28.7,0.0,10.5,23.8,56,15.48,979.9,loc_salem,11.6643,78.146,ECMWF_ERA5_Reanalysis
2023-11-16,31.6,21.5,26.0,36.2,25.9,30.1,0.5,19.1,38.5,96,18.34,980.1,loc_salem,11.6643,78.146,ECMWF_ERA5_Reanalysis
2023-11-17,32.3,22.3,27.0,36.8,27.0,30.9,0.1,14.5,29.2,88,18.87,980.3,loc_salem,11.6643,78.146,ECMWF_ERA5_Reanalysis
2023-11-18,32.9,22.5,27.2,37.1,26.4,30.6,0.3,12.0,25.6,74,20.62,979.8,loc_salem,11.6643,78.146,ECMWF_ERA5_Reanalysis
2023-11-19,33.2,21.3,26.8,35.4,25.1,29.6,0.0,15.7,33.1,75,19.64,980.3,loc_salem,11.6643,78.146,ECMWF_ERA5_Reanalysis
2023-11-20,31.9,20.2,26.0,35.1,22.9,29.3,2.1,12.5,25.2,51,17.57,979.8,loc_salem,11.6643,78.146,ECMWF_ERA5_Reanalysis
2023-11-21,33.8,22.8,27.0,37.3,27.3,31.2,7.7,16.3,35.6,63,17.42,978.9,loc_salem,11.6643,78.146,ECMWF_ERA5_Reanalysis
2023-11-22,31.3,22.6,25.4,37.0,27.4,29.9,16.4,16.6,36.4,83,13.93,978.8,loc_salem,11.6643,78.146,ECMWF_ERA5_Reanalysis
2023-11-23,28.5,22.6,24.8,31.8,26.9,28.9,21.2,15.4,35.3,98,11.67,978.5,loc_salem,11.6643,78.146,ECMWF_ERA5_Reanalysis
2023-11-24,30.7,21.8,25.6,34.4,26.2,29.0,1.8,16.6,36.7,90,17.22,978.6,loc_salem,11.6643,78.146,ECMWF_ERA5_Reanalysis
2023-11-25,30.6,22.1,25.6,34.3,26.5,29.4,1.5,19.7,42.1,98,17.12,980.0,loc_salem,11.6643,78.146,ECMWF_ERA5_Reanalysis
2023-11-26,30.4,21.9,25.5,33.4,25.6,28.7,2.4,16.2,38.9,103,18.13,980.9,loc_salem,11.6643,78.146,ECMWF_ERA5_Reanalysis
2023-11-27,31.7,20.6,26.0,34.0,24.2,29.1,0.0,16.3,34.9,99,18.2,979.5,loc_salem,11.6643,78.146,ECMWF_ERA5_Reanalysis
2023-11-28,31.6,21.4,25.9,35.4,25.5,29.6,0.6,15.2,34.9,90,19.01,978.8,loc_salem,11.6643,78.146,ECMWF_ERA5_Reanalysis
2023-11-29,32.1,22.3,25.9,36.2,26.6,29.9,2.2,15.5,38.2,89,16.85,978.9,loc_salem,11.6643,78.146,ECMWF_ERA5_Reanalysis
2023-11-30,31.3,21.8,25.4,35.3,26.0,29.2,0.5,17.2,40.3,84,16.23,979.6,loc_salem,11.6643,78.146,ECMWF_ERA5_Reanalysis
2023-12-01,31.2,21.5,25.7,35.1,25.4,29.5,2.6,13.6,32.4,71,14.56,978.8,loc_salem,11.6643,78.146,ECMWF_ERA5_Reanalysis
2023-12-02,33.0,21.1,26.1,35.1,24.6,29.3,3.4,13.0,27.7,352,16.98,977.2,loc_salem,11.6643,78.146,ECMWF_ERA5_Reanalysis
2023-12-03,29.4,23.9,26.3,31.3,26.4,28.6,1.3,19.8,42.5,347,10.07,976.7,loc_salem,11.6643,78.146,ECMWF_ERA5_Reanalysis
2023-12-04,29.5,23.8,26.4,31.6,25.9,28.2,0.0,19.7,42.5,322,6.61,975.5,loc_salem,11.6643,78.146,ECMWF_ERA5_Reanalysis
2023-12-05,31.2,22.7,26.9,33.9,25.7,29.7,0.0,13.4,32.4,335,13.83,975.7,loc_salem,11.6643,78.146,ECMWF_ERA5_Reanalysis
2023-12-06,34.3,22.8,28.1,37.4,26.0,31.1,0.3,15.9,32.0,99,18.91,977.3,loc_salem,11.6643,78.146,ECMWF_ERA5_Reanalysis
2023-12-07,33.6,23.2,28.0,37.6,27.1,31.3,0.7,18.0,36.4,89,18.46,978.3,loc_salem,11.6643,78.146,ECMWF_ERA5_Reanalysis
2023-12-08,31.6,22.9,26.9,34.7,27.0,30.5,4.9,15.2,31.3,92,13.14,979.4,loc_salem,11.6643,78.146,ECMWF_ERA5_Reanalysis
2023-12-09,31.8,23.3,26.6,35.5,27.7,30.4,2.1,14.8,31.0,98,15.72,980.2,loc_salem,11.6643,78.146,ECMWF_ERA5_Reanalysis
2023-12-10,31.9,22.2,26.8,34.1,26.5,29.9,0.3,16.8,36.0,93,15.6,979.6,loc_salem,11.6643,78.146,ECMWF_ERA5_Reanalysis
2023-12-11,30.9,22.5,26.6,33.3,26.1,29.2,0.0,18.3,38.2,90,12.64,980.0,loc_salem,11.6643,78.146,ECMWF_ERA5_Reanalysis
2023-12-12,31.9,21.7,26.2,33.9,24.7,28.9,0.0,18.0,37.4,90,15.45,979.4,loc_salem,11.6643,78.146,ECMWF_ERA5_Reanalysis
2023-12-13,30.7,19.3,25.2,31.4,22.0,26.9,0.0,20.0,41.0,76,15.29,980.0,loc_salem,11.6643,78.146,ECMWF_ERA5_Reanalysis
2023-12-14,31.8,20.3,25.8,33.9,23.1,27.7,0.0,16.6,34.2,73,19.36,981.1,loc_salem,11.6643,78.146,ECMWF_ERA5_Reanalysis
2023-12-15,29.9,19.9,25.1,32.2,22.5,28.0,0.6,9.7,23.4,55,11.46,981.3,loc_salem,11.6643,78.146,ECMWF_ERA5_Reanalysis
2023-12-16,30.3,22.3,25.1,33.0,26.5,28.9,1.5,13.4,28.4,96,12.32,980.7,loc_salem,11.6643,78.146,ECMWF_ERA5_Reanalysis
2023-12-17,30.5,22.1,25.9,32.0,26.6,28.9,0.7,16.0,35.3,78,12.62,980.0,loc_salem,11.6643,78.146,ECMWF_ERA5_Reanalysis
2023-12-18,30.0,22.8,25.7,30.6,26.6,28.2,0.0,15.3,33.5,82,10.21,981.0,loc_salem,11.6643,78.146,ECMWF_ERA5_Reanalysis
2023-12-19,32.6,21.3,26.2,33.3,24.4,28.2,0.1,14.8,31.3,89,15.31,981.5,loc_salem,11.6643,78.146,ECMWF_ERA5_Reanalysis
2023-12-20,30.1,21.7,25.5,32.0,24.6,28.0,0.0,11.6,28.8,76,13.17,981.7,loc_salem,11.6643,78.146,ECMWF_ERA5_Reanalysis
2023-12-21,30.6,20.5,25.4,32.4,23.5,28.0,0.0,14.3,32.4,90,12.37,981.3,loc_salem,11.6643,78.146,ECMWF_ERA5_Reanalysis
2023-12-22,33.0,20.4,25.9,36.0,23.6,28.4,0.0,18.6,37.1,95,19.72,981.4,loc_salem,11.6643,78.146,ECMWF_ERA5_Reanalysis
2023-12-23,29.7,20.4,24.6,30.1,21.9,25.8,0.0,16.3,33.5,92,13.37,982.3,loc_salem,11.6643,78.146,ECMWF_ERA5_Reanalysis
2023-12-24,33.1,17.3,24.8,36.4,19.1,26.8,0.4,19.1,40.7,95,17.57,983.0,loc_salem,11.6643,78.146,ECMWF_ERA5_Reanalysis
2023-12-25,32.2,23.7,26.7,33.8,26.7,29.2,0.5,16.0,36.7,90,15.16,982.6,loc_salem,11.6643,78.146,ECMWF_ERA5_Reanalysis
2023-12-26,32.8,19.6,25.7,34.2,22.3,27.6,0.0,14.9,34.6,83,20.66,982.8,loc_salem,11.6643,78.146,ECMWF_ERA5_Reanalysis
2023-12-27,33.0,18.6,25.8,34.4,20.9,27.6,0.0,14.2,32.4,70,20.28,982.9,loc_salem,11.6643,78.146,ECMWF_ERA5_Reanalysis
2023-12-28,33.2,23.4,27.2,33.4,25.8,28.8,0.0,16.3,38.5,76,14.21,981.8,loc_salem,11.6643,78.146,ECMWF_ERA5_Reanalysis
2023-12-29,31.7,22.2,26.5,32.5,25.5,28.7,0.0,17.7,41.4,89,14.46,981.9,loc_salem,11.6643,78.146,ECMWF_ERA5_Reanalysis
2023-12-30,32.5,21.2,26.3,32.8,24.4,27.9,0.0,21.0,43.2,95,14.06,981.5,loc_salem,11.6643,78.146,ECMWF_ERA5_Reanalysis
2023-12-31,32.3,20.0,25.9,33.6,22.6,27.2,0.0,18.4,41.4,93,19.82,981.1,loc_salem,11.6643,78.146,ECMWF_ERA5_Reanalysis
2024-01-01,32.8,20.0,26.0,33.9,22.7,27.2,0.0,19.6,40.0,93,19.22,981.4,loc_salem,11.6643,78.146,ECMWF_ERA5_Reanalysis
2024-01-02,31.8,22.0,26.2,32.1,24.3,27.5,0.0,19.6,40.3,99,13.74,980.8,loc_salem,11.6643,78.146,ECMWF_ERA5_Reanalysis
2024-01-03,32.9,22.0,26.4,35.3,23.9,27.9,0.0,21.3,47.9,90,16.09,980.2,loc_salem,11.6643,78.146,ECMWF_ERA5_Reanalysis
2024-01-04,31.2,22.5,26.2,32.7,24.8,28.2,0.6,17.1,38.9,98,13.56,980.1,loc_salem,11.6643,78.146,ECMWF_ERA5_Reanalysis
2024-01-05,30.7,23.0,25.9,32.7,25.7,28.4,0.1,15.8,32.8,100,12.05,980.2,loc_salem,11.6643,78.146,ECMWF_ERA5_Reanalysis
2024-01-06,34.1,23.2,26.9,36.2,26.4,29.8,0.7,20.5,42.5,98,15.24,980.0,loc_salem,11.6643,78.146,ECMWF_ERA5_Reanalysis
2024-01-07,30.9,22.9,26.2,33.2,27.4,29.3,1.6,14.2,34.6,88,13.73,980.5,loc_salem,11.6643,78.146,ECMWF_ERA5_Reanalysis
2024-01-08,27.2,22.8,23.9,31.0,27.1,28.2,43.3,9.0,24.8,115,5.38,981.1,loc_salem,11.6643,78.146,ECMWF_ERA5_Reanalysis
2024-01-09,28.6,21.9,24.7,31.1,25.8,28.3,1.4,14.1,32.8,96,11.89,981.1,loc_salem,11.6643,78.146,ECMWF_ERA5_Reanalysis
2024-01-10,30.1,21.0,25.2,31.6,24.6,27.8,1.1,15.5,32.0,104,12.81,981.1,loc_salem,11.6643,78.146,ECMWF_ERA5_Reanalysis
2024-01-11,30.7,20.5,25.2,33.9,23.2,27.6,0.0,12.6,27.4,104,20.13,981.5,loc_salem,11.6643,78.146,ECMWF_ERA5_Reanalysis
2024-01-12,30.2,18.5,24.1,31.1,20.6,26.0,0.0,16.0,35.6,103,19.63,981.6,loc_salem,11.6643,78.146,ECMWF_ERA5_Reanalysis
2024-01-13,30.9,18.2,24.5,33.0,20.6,26.7,0.0,14.5,31.3,106,17.28,982.1,loc_salem,11.6643,78.146,ECMWF_ERA5_Reanalysis
2024-01-14,32.1,19.8,25.5,35.8,22.8,28.0,0.0,17.8,37.1,92,20.46,981.4,loc_salem,11.6643,78.146,ECMWF_ERA5_Reanalysis
2024-01-15,31.5,18.3,24.7,34.8,20.6,26.7,0.0,16.2,34.2,103,20.82,981.1,loc_salem,11.6643,78.146,ECMWF_ERA5_Reanalysis
2024-01-16,30.7,19.2,24.8,33.8,21.3,26.7,0.0,20.5,41.4,104,21.16,980.1,loc_salem,11.6643,78.146,ECMWF_ERA5_Reanalysis
2024-01-17,31.8,20.1,25.5,33.5,21.9,26.3,0.0,17.4,38.9,95,21.8,979.6,loc_salem,11.6643,78.146,ECMWF_ERA5_Reanalysis
2024-01-18,31.9,18.8,25.3,33.9,21.0,27.2,0.0,21.7,43.9,98,21.28,980.0,loc_salem,11.6643,78.146,ECMWF_ERA5_Reanalysis
2024-01-19,32.1,21.2,25.9,35.1,24.2,28.3,0.0,20.2,41.4,96,19.39,980.1,loc_salem,11.6643,78.146,ECMWF_ERA5_Reanalysis
2024-01-20,32.4,21.6,26.4,34.8,24.6,28.2,0.0,13.9,30.6,109,17.65,981.4,loc_salem,11.6643,78.146,ECMWF_ERA5_Reanalysis
2024-01-21,32.5,20.3,26.6,34.6,22.4,28.1,0.0,18.4,36.7,101,21.2,981.3,loc_salem,11.6643,78.146,ECMWF_ERA5_Reanalysis
2024-01-22,32.4,20.2,26.3,33.8,23.0,27.8,0.0,16.6,35.6,105,21.21,982.3,loc_salem,11.6643,78.146,ECMWF_ERA5_Reanalysis
2024-01-23,33.1,20.1,26.1,34.9,22.0,27.1,0.0,21.3,43.9,100,19.93,981.9,loc_salem,11.6643,78.146,ECMWF_ERA5_Reanalysis
2024-01-24,33.1,20.1,26.6,35.1,22.9,28.1,0.0,21.4,43.9,105,18.9,981.6,loc_salem,11.6643,78.146,ECMWF_ERA5_Reanalysis
2024-01-25,33.9,20.4,26.7,34.8,23.2,28.1,0.0,19.5,42.1,108,19.96,982.3,loc_salem,11.6643,78.146,ECMWF_ERA5_Reanalysis
2024-01-26,33.0,21.0,26.5,33.4,23.0,27.3,0.0,17.3,38.9,97,22.1,983.7,loc_salem,11.6643,78.146,ECMWF_ERA5_Reanalysis
2024-01-27,33.2,20.0,26.3,33.3,21.9,27.2,0.0,18.4,42.1,91,19.34,983.8,loc_salem,11.6643,78.146,ECMWF_ERA5_Reanalysis
2024-01-28,32.9,18.9,26.1,33.8,21.1,27.5,0.0,17.7,37.1,96,17.34,983.5,loc_salem,11.6643,78.146,ECMWF_ERA5_Reanalysis
2024-01-29,32.6,20.2,26.4,34.4,22.2,27.5,0.0,22.8,46.4,99,21.83,982.8,loc_salem,11.6643,78.146,ECMWF_ERA5_Reanalysis
2024-01-30,34.1,19.6,26.4,36.7,21.4,27.8,0.0,22.4,46.1,97,22.31,982.2,loc_salem,11.6643,78.146,ECMWF_ERA5_Reanalysis
2024-01-31,34.2,21.4,27.4,37.3,24.5,29.4,0.0,20.2,44.6,86,21.62,982.1,loc_salem,11.6643,78.146,ECMWF_ERA5_Reanalysis
2024-02-01,35.6,23.0,28.5,38.2,26.3,30.9,0.0,20.2,41.4,88,21.48,982.0,loc_salem,11.6643,78.146,ECMWF_ERA5_Reanalysis
2024-02-02,34.1,23.9,28.5,36.9,27.0,31.0,0.4,22.0,45.4,110,18.92,981.8,loc_salem,11.6643,78.146,ECMWF_ERA5_Reanalysis
2024-02-03,35.1,24.0,28.7,35.7,26.2,29.7,0.0,23.1,47.2,96,19.61,982.1,loc_salem,11.6643,78.146,ECMWF_ERA5_Reanalysis
2024-02-04,35.1,21.9,27.7,36.0,24.2,28.9,0.0,18.2,37.8,96,22.35,983.8,loc_salem,11.6643,78.146,ECMWF_ERA5_Reanalysis
2024-02-05,34.2,20.1,26.8,35.6,22.4,27.9,0.0,17.4,36.7,104,23.15,984.0,loc_salem,11.6643,78.146,ECMWF_ERA5_Reanalysis
2024-02-06,34.9,19.2,26.8,35.8,21.9,28.3,0.0,19.6,41.8,107,23.27,983.4,loc_salem,11.6643,78.146,ECMWF_ERA5_Reanalysis
2024-02-07,36.8,19.7,27.6,37.6,22.7,29.0,0.0,17.7,38.2,103,23.45,983.1,loc_salem,11.6643,78.146,ECMWF_ERA5_Reanalysis
2024-02-08,38.1,20.1,28.3,37.8,22.1,28.9,0.0,18.1,40.7,92,23.45,982.0,loc_salem,11.6643,78.146,ECMWF_ERA5_Reanalysis
2024-02-09,35.1,19.9,27.7,35.5,21.4,28.6,0.0,20.1,43.9,103,23.67,982.4,loc_salem,11.6643,78.146,ECMWF_ERA5_Reanalysis
2024-02-10,34.6,21.3,27.6,35.7,23.9,28.9,0.0,17.1,40.7,99,22.27,983.8,loc_salem,11.6643,78.146,ECMWF_ERA5_Reanalysis
2024-02-11,34.4,20.8,27.3,35.5,22.9,28.6,0.0,16.1,39.2,98,22.69,984.1,loc_salem,11.6643,78.146,ECMWF_ERA5_Reanalysis
2024-02-12,34.0,18.9,26.3,35.0,21.2,27.4,0.0,18.5,39.2,101,23.2,983.6,loc_salem,11.6643,78.146,ECMWF_ERA5_Reanalysis
2024-02-13,36.1,20.1,27.6,36.8,22.1,28.9,0.0,24.4,51.8,100,22.87,982.8,loc_salem,11.6643,78.146,ECMWF_ERA5_Reanalysis
2024-02-14,35.1,22.3,28.3,35.2,25.0,29.5,0.0,18.6,41.4,99,19.97,982.1,loc_salem,11.6643,78.146,ECMWF_ERA5_Reanalysis
2024-02-15,35.9,20.5,27.5,36.5,21.7,28.1,0.0,23.7,50.0,100,22.5,981.9,loc_salem,11.6643,78.146,ECMWF_ERA5_Reanalysis
2024-02-16,34.3,20.2,27.4,35.2,22.8,28.4,0.0,21.0,46.4,103,21.42,982.4,loc_salem,11.6643,78.146,ECMWF_ERA5_Reanalysis
2024-02-17,36.1,20.2,28.2,36.5,20.4,28.2,0.0,20.6,42.8,100,24.08,981.2,loc_salem,11.6643,78.146,ECMWF_ERA5_Reanalysis
2024-02-18,36.3,21.4,28.5,37.4,22.2,29.0,0.0,26.7,54.7,102,24.02,980.4,loc_salem,11.6643,78.146,ECMWF_ERA5_Reanalysis
2024-02-19,35.6,22.2,28.4,36.9,24.6,29.6,0.0,23.2,52.6,99,22.36,981.0,loc_salem,11.6643,78.146,ECMWF_ERA5_Reanalysis
2024-02-20,36.1,23.0,29.4,36.9,24.9,30.0,0.0,23.0,47.2,100,23.49,980.7,loc_salem,11.6643,78.146,ECMWF_ERA5_Reanalysis
2024-02-21,36.1,23.6,29.7,38.1,27.5,31.9,0.0,16.9,43.2,119,19.25,979.7,loc_salem,11.6643,78.146,ECMWF_ERA5_Reanalysis
2024-02-22,36.7,24.7,30.5,38.5,27.0,32.4,0.1,10.2,29.5,173,21.64,979.5,loc_salem,11.6643,78.146,ECMWF_ERA5_Reanalysis
2024-02-23,37.7,24.4,31.2,40.4,27.6,33.4,0.0,17.8,38.2,143,20.84,978.9,loc_salem,11.6643,78.146,ECMWF_ERA5_Reanalysis
2024-02-24,36.6,25.3,30.0,38.1,27.4,32.5,0.0,21.6,46.1,111,18.4,979.2,loc_salem,11.6643,78.146,ECMWF_ERA5_Reanalysis
2024-02-25,36.0,24.4,29.2,37.1,26.6,30.3,0.0,25.9,54.0,106,22.85,979.0,loc_salem,11.6643,78.146,ECMWF_ERA5_Reanalysis
2024-02-26,34.3,22.7,28.3,35.7,25.3,29.7,0.4,21.3,47.5,101,19.87,979.8,loc_salem,11.6643,78.146,ECMWF_ERA5_Reanalysis
2024-02-27,35.6,22.0,28.5,36.1,24.9,29.6,0.0,21.3,44.6,96,21.53,980.4,loc_salem,11.6643,78.146,ECMWF_ERA5_Reanalysis
2024-02-28,36.6,20.6,28.5,37.6,21.9,29.0,0.0,20.7,43.9,102,24.83,979.8,loc_salem,11.6643,78.146,ECMWF_ERA5_Reanalysis
2024-02-29,36.2,20.4,28.6,36.0,22.0,29.1,0.0,19.8,43.9,107,24.89,980.3,loc_salem,11.6643,78.146,ECMWF_ERA5_Reanalysis
2024-03-01,36.3,21.5,28.9,36.3,22.7,29.0,0.0,19.8,44.6,104,24.2,981.3,loc_salem,11.6643,78.146,ECMWF_ERA5_Reanalysis
2024-03-02,37.1,20.6,29.0,36.8,21.8,29.1,0.0,18.1,37.8,103,22.59,980.9,loc_salem,11.6643,78.146,ECMWF_ERA5_Reanalysis
2024-03-03,37.2,22.3,29.5,37.7,25.0,30.4,0.0,18.1,37.1,101,24.58,979.9,loc_salem,11.6643,78.146,ECMWF_ERA5_Reanalysis
2024-03-04,38.2,21.9,29.4,39.8,24.2,30.5,0.0,21.4,43.6,108,25.11,979.5,loc_salem,11.6643,78.146,ECMWF_ERA5_Reanalysis
2024-03-05,38.8,21.8,29.6,39.4,25.2,30.5,0.0,21.4,46.8,106,24.78,979.7,loc_salem,11.6643,78.146,ECMWF_ERA5_Reanalysis
2024-03-06,38.1,22.5,30.2,40.2,25.1,31.4,0.0,21.6,44.3,112,23.86,979.8,loc_salem,11.6643,78.146,ECMWF_ERA5_Reanalysis
2024-03-07,39.0,23.0,30.5,39.1,27.1,31.7,0.0,22.3,45.0,109,24.67,979.0,loc_salem,11.6643,78.146,ECMWF_ERA5_Reanalysis
2024-03-08,38.5,24.3,31.1,39.8,27.0,32.3,0.0,13.6,34.6,145,22.43,979.3,loc_salem,11.6643,78.146,ECMWF_ERA5_Reanalysis
2024-03-09,39.3,23.1,31.4,40.7,25.4,32.3,0.0,23.9,49.0,119,23.04,979.3,loc_salem,11.6643,78.146,ECMWF_ERA5_Reanalysis
2024-03-10,38.6,25.6,31.3,39.9,27.0,33.0,0.0,24.0,50.0,117,20.96,981.0,loc_salem,11.6643,78.146,ECMWF_ERA5_Reanalysis
2024-03-11,37.6,24.4,30.6,38.4,25.9,31.6,0.0,24.9,51.1,102,22.48,982.3,loc_salem,11.6643,78.146,ECMWF_ERA5_Reanalysis
2024-03-12,39.6,23.5,31.3,39.9,25.3,32.0,0.0,21.1,44.3,117,25.49,981.6,loc_salem,11.6643,78.146,ECMWF_ERA5_Reanalysis
2024-03-13,39.0,24.0,31.1,39.6,26.9,32.2,0.0,13.8,36.0,169,24.43,980.5,loc_salem,11.6643,78.146,ECMWF_ERA5_Reanalysis
2024-03-14,38.8,24.3,31.8,40.7,26.7,32.9,0.0,22.3,43.6,137,24.88,979.8,loc_salem,11.6643,78.146,ECMWF_ERA5_Reanalysis
2024-03-15,40.0,24.4,31.8,41.5,27.3,33.0,0.0,22.0,48.2,117,24.84,979.0,loc_salem,11.6643,78.146,ECMWF_ERA5_Reanalysis
2024-03-16,38.3,24.6,31.4,39.7,26.3,32.7,0.0,23.5,48.2,109,24.31,979.8,loc_salem,11.6643,78.146,ECMWF_ERA5_Reanalysis
2024-03-17,38.4,24.7,30.8,39.6,27.4,32.1,0.0,22.3,45.4,102,23.97,979.9,loc_salem,11.6643,78.146,ECMWF_ERA5_Reanalysis
2024-03-18,38.2,23.5,30.3,39.0,27.0,31.4,0.0,18.7,38.5,108,24.87,979.8,loc_salem,11.6643,78.146,ECMWF_ERA5_Reanalysis
2024-03-19,38.6,23.4,30.6,38.2,25.5,31.1,0.0,21.3,43.9,102,25.89,979.1,loc_salem,11.6643,78.146,ECMWF_ERA5_Reanalysis
2024-03-20,39.0,23.2,30.4,39.6,25.7,31.1,0.0,27.2,54.7,106,26.01,978.9,loc_salem,11.6643,78.146,ECMWF_ERA5_Reanalysis
2024-03-21,37.5,24.4,29.8,37.9,26.6,31.2,0.0,23.4,51.5,101,24.16,979.0,loc_salem,11.6643,78.146,ECMWF_ERA5_Reanalysis
2024-03-22,37.9,24.1,30.6,40.8,27.9,32.7,0.0,24.3,50.4,103,24.28,977.8,loc_salem,11.6643,78.146,ECMWF_ERA5_Reanalysis
2024-03-23,40.3,23.7,31.1,41.7,26.7,32.0,0.0,23.7,47.5,101,25.84,977.7,loc_salem,11.6643,78.146,ECMWF_ERA5_Reanalysis
2024-03-24,38.9,22.8,30.5,38.3,26.0,31.1,0.0,20.7,47.5,110,25.27,979.4,loc_salem,11.6643,78.146,ECMWF_ERA5_Reanalysis
2024-03-25,39.2,21.8,30.4,38.4,24.7,31.2,0.0,22.6,48.2,104,25.65,979.5,loc_salem,11.6643,78.146,ECMWF_ERA5_Reanalysis
2024-03-26,39.4,22.9,30.3,39.5,25.6,31.6,0.0,23.8,46.8,109,25.7,980.1,loc_salem,11.6643,78.146,ECMWF_ERA5_Reanalysis
2024-03-27,38.1,22.3,29.9,39.4,24.7,31.2,0.0,24.3,50.0,99,26.05,981.5,loc_salem,11.6643,78.146,ECMWF_ERA5_Reanalysis
2024-03-28,39.8,24.5,31.5,41.0,28.9,33.4,0.0,18.3,40.0,111,25.2,979.8,loc_salem,11.6643,78.146,ECMWF_ERA5_Reanalysis
2024-03-29,39.6,24.4,31.6,39.7,27.9,32.9,0.0,21.6,49.0,112,24.89,979.1,loc_salem,11.6643,78.146,ECMWF_ERA5_Reanalysis
2024-03-30,39.7,24.7,31.7,40.6,28.0,32.9,0.0,21.1,47.5,114,25.98,979.8,loc_salem,11.6643,78.146,ECMWF_ERA5_Reanalysis
2024-03-31,39.3,24.6,31.8,40.9,26.6,33.2,0.0,21.3,45.0,115,25.93,980.4,loc_salem,11.6643,78.146,ECMWF_ERA5_Reanalysis
2024-04-01,40.1,25.6,32.5,42.8,29.8,35.2,0.0,19.2,44.3,132,25.15,978.3,loc_salem,11.6643,78.146,ECMWF_ERA5_Reanalysis
2024-04-02,40.9,26.5,33.4,43.2,30.8,35.6,0.0,25.2,53.3,108,25.2,976.6,loc_salem,11.6643,78.146,ECMWF_ERA5_Reanalysis
2024-04-03,41.4,25.9,33.1,42.3,29.8,34.6,0.0,20.0,43.6,116,25.85,977.4,loc_salem,11.6643,78.146,ECMWF_ERA5_Reanalysis
2024-04-04,40.6,26.2,33.3,41.2,30.1,34.5,0.0,18.8,41.0,104,24.92,977.7,loc_salem,11.6643,78.146,ECMWF_ERA5_Reanalysis
2024-04-05,41.4,26.4,33.5,41.9,30.8,35.1,0.0,20.4,45.0,110,26.23,977.1,loc_salem,11.6643,78.146,ECMWF_ERA5_Reanalysis
2024-04-06,41.9,25.5,33.4,42.2,30.2,34.3,0.0,23.2,51.8,109,25.8,976.3,loc_salem,11.6643,78.146,ECMWF_ERA5_Reanalysis
2024-04-07,41.6,24.6,33.2,41.4,25.5,32.8,0.0,20.2,46.4,115,26.67,976.0,loc_salem,11.6643,78.146,ECMWF_ERA5_Reanalysis
2024-04-08,41.1,25.1,33.1,40.8,25.4,32.8,0.0,24.9,51.8,108,26.51,976.8,loc_salem,11.6643,78.146,ECMWF_ERA5_Reanalysis
2024-04-09,38.9,25.4,32.0,38.9,27.8,32.8,0.0,22.5,46.1,105,26.41,977.8,loc_salem,11.6643,78.146,ECMWF_ERA5_Reanalysis
2024-04-10,38.9,24.3,31.3,39.6,27.8,32.8,0.0,24.6,51.1,102,26.03,978.0,loc_salem,11.6643,78.146,ECMWF_ERA5_Reanalysis
2024-04-11,38.9,24.9,31.4,41.1,27.1,33.2,0.0,30.6,67.3,98,24.9,978.1,loc_salem,11.6643,78.146,ECMWF_ERA5_Reanalysis
2024-04-12,35.9,25.6,30.3,37.7,28.6,32.8,1.5,22.2,54.0,107,21.79,978.3,loc_salem,11.6643,78.146,ECMWF_ERA5_Reanalysis
2024-04-13,37.6,24.9,31.0,39.5,29.7,33.9,1.3,21.9,50.4,121,23.39,978.6,loc_salem,11.6643,78.146,ECMWF_ERA5_Reanalysis
2024-04-14,39.2,25.4,31.6,40.1,28.1,33.0,0.0,22.4,49.7,104,24.76,978.5,loc_salem,11.6643,78.146,ECMWF_ERA5_Reanalysis
2024-04-15,38.6,23.6,31.2,40.1,26.2,32.7,0.0,22.4,49.0,103,25.06,979.0,loc_salem,11.6643,78.146,ECMWF_ERA5_Reanalysis
2024-04-16,40.1,24.2,31.9,40.5,28.7,33.3,0.0,18.9,42.5,103,26.25,978.2,loc_salem,11.6643,78.146,ECMWF_ERA5_Reanalysis
2024-04-17,40.9,25.3,32.9,43.0,29.2,34.6,0.0,15.8,34.6,119,25.34,977.4,loc_salem,11.6643,78.146,ECMWF_ERA5_Reanalysis
2024-04-18,41.2,26.9,34.1,43.6,30.1,36.0,0.0,17.6,37.4,139,24.21,976.1,loc_salem,11.6643,78.146,ECMWF_ERA5_Reanalysis
2024-04-19,42.1,28.1,34.6,44.1,32.4,36.4,0.0,19.7,43.9,133,24.77,974.6,loc_salem,11.6643,78.146,ECMWF_ERA5_Reanalysis
2024-04-20,42.7,27.7,34.6,43.7,31.4,36.2,0.0,24.6,53.3,123,25.5,974.5,loc_salem,11.6643,78.146,ECMWF_ERA5_Reanalysis
2024-04-21,41.3,28.5,34.5,42.8,33.4,37.0,0.0,21.9,48.6,103,25.1,975.3,loc_salem,11.6643,78.146,ECMWF_ERA5_Reanalysis
2024-04-22,42.4,27.0,34.4,43.6,31.2,35.9,0.0,21.1,42.8,112,24.79,975.9,loc_salem,11.6643,78.146,ECMWF_ERA5_Reanalysis
2024-04-23,41.6,26.4,33.9,41.1,31.0,34.9,0.0,22.4,48.6,104,26.2,975.3,loc_salem,11.6643,78.146,ECMWF_ERA5_Reanalysis
2024-04-24,42.5,25.3,33.8,43.9,29.1,35.1,0.0,23.9,55.1,103,24.88,975.1,loc_salem,11.6643,78.146,ECMWF_ERA5_Reanalysis
2024-04-25,41.0,26.0,33.9,40.6,28.8,34.8,0.0,24.0,51.1,106,25.51,975.2,loc_salem,11.6643,78.146,ECMWF_ERA5_Reanalysis
2024-04-26,40.9,26.5,34.0,41.1,30.5,35.2,0.0,19.9,44.6,98,25.33,975.0,loc_salem,11.6643,78.146,ECMWF_ERA5_Reanalysis
2024-04-27,41.3,26.5,33.9,40.5,30.9,35.0,0.0,21.9,48.6,109,26.2,975.2,loc_salem,11.6643,78.146,ECMWF_ERA5_Reanalysis
2024-04-28,42.1,26.3,33.9,43.0,30.6,35.7,0.0,23.0,49.7,107,25.88,975.8,loc_salem,11.6643,78.146,ECMWF_ERA5_Reanalysis
2024-04-29,41.5,27.5,34.2,43.2,32.8,36.6,0.0,19.5,43.2,113,25.32,976.8,loc_salem,11.6643,78.146,ECMWF_ERA5_Reanalysis
2024-04-30,42.4,28.2,34.5,43.6,33.4,37.5,0.1,22.1,46.8,149,24.94,975.7,loc_salem,11.6643,78.146,ECMWF_ERA5_Reanalysis
2024-05-01,42.7,28.8,35.1,45.3,32.8,37.7,0.0,20.9,45.7,176,24.81,973.7,loc_salem,11.6643,78.146,ECMWF_ERA5_Reanalysis
2024-05-02,43.4,29.0,35.9,46.6,33.4,39.0,0.0,17.1,45.4,168,24.55,973.9,loc_salem,11.6643,78.146,ECMWF_ERA5_Reanalysis
2024-05-03,42.9,29.0,34.9,46.4,32.2,37.7,0.0,21.5,46.4,173,22.38,974.7,loc_salem,11.6643,78.146,ECMWF_ERA5_Reanalysis
2024-05-04,40.8,28.9,34.0,46.0,33.2,37.6,0.4,18.1,38.9,180,22.9,975.5,loc_salem,11.6643,78.146,ECMWF_ERA5_Reanalysis
2024-05-05,41.5,29.0,33.2,45.4,32.4,36.7,1.0,22.9,53.3,197,22.24,974.7,loc_salem,11.6643,78.146,ECMWF_ERA5_Reanalysis
2024-05-06,42.2,27.5,34.6,44.9,31.8,37.5,0.0,15.3,32.8,201,24.38,974.9,loc_salem,11.6643,78.146,ECMWF_ERA5_Reanalysis
2024-05-07,41.4,28.8,34.8,45.3,31.6,37.6,0.0,9.7,24.1,176,24.29,976.1,loc_salem,11.6643,78.146,ECMWF_ERA5_Reanalysis
2024-05-08,37.3,26.5,32.4,40.6,28.5,35.2,0.5,20.9,45.7,105,22.7,976.4,loc_salem,11.6643,78.146,ECMWF_ERA5_Reanalysis
2024-05-09,38.8,24.2,31.6,42.0,26.7,34.6,4.4,19.6,44.6,111,22.12,975.7,loc_salem,11.6643,78.146,ECMWF_ERA5_Reanalysis
2024-05-10,37.0,24.7,29.0,42.5,29.1,33.9,25.2,13.9,42.5,135,19.78,977.0,loc_salem,11.6643,78.146,ECMWF_ERA5_Reanalysis
2024-05-11,35.1,24.6,29.8,39.6,30.2,34.4,14.8,13.5,34.9,144,19.4,977.5,loc_salem,11.6643,78.146,ECMWF_ERA5_Reanalysis
2024-05-12,36.2,23.9,30.0,40.0,27.9,34.9,4.7,13.4,36.0,101,20.58,977.4,loc_salem,11.6643,78.146,ECMWF_ERA5_Reanalysis
2024-05-13,36.6,24.9,29.9,42.7,29.7,34.2,9.3,17.4,40.7,40,22.12,976.7,loc_salem,11.6643,78.146,ECMWF_ERA5_Reanalysis
2024-05-14,34.1,24.9,29.3,39.2,30.7,34.3,2.0,13.8,32.0,139,20.11,976.7,loc_salem,11.6643,78.146,ECMWF_ERA5_Reanalysis
2024-05-15,36.5,24.4,29.1,41.9,29.4,33.6,8.3,22.5,46.8,104,17.21,977.0,loc_salem,11.6643,78.146,ECMWF_ERA5_Reanalysis
2024-05-16,28.1,25.0,26.2,32.1,29.2,30.9,11.1,12.7,25.6,285,7.42,977.8,loc_salem,11.6643,78.146,ECMWF_ERA5_Reanalysis
2024-05-17,31.9,24.9,28.0,36.8,30.5,33.2,9.1,13.3,37.8,110,16.26,976.3,loc_salem,11.6643,78.146,ECMWF_ERA5_Reanalysis
2024-05-18,33.7,24.4,28.1,39.8,29.8,33.2,16.0,12.7,39.6,148,17.64,974.6,loc_salem,11.6643,78.146,ECMWF_ERA5_Reanalysis
2024-05-19,33.4,24.9,28.3,38.7,30.2,33.4,10.9,12.9,29.9,102,18.29,973.2,loc_salem,11.6643,78.146,ECMWF_ERA5_Reanalysis
2024-05-20,28.6,24.8,25.8,34.6,29.7,31.4,24.4,8.7,19.4,168,6.78,973.3,loc_salem,11.6643,78.146,ECMWF_ERA5_Reanalysis
2024-05-21,30.8,24.0,26.4,36.1,28.6,31.8,18.6,7.7,20.5,330,11.46,972.9,loc_salem,11.6643,78.146,ECMWF_ERA5_Reanalysis
2024-05-22,31.6,24.3,27.2,36.9,30.0,32.5,25.4,14.0,31.0,9,15.03,971.6,loc_salem,11.6643,78.146,ECMWF_ERA5_Reanalysis
2024-05-23,29.4,24.3,26.8,34.3,29.5,32.1,8.7,12.7,28.1,189,11.75,971.1,loc_salem,11.6643,78.146,ECMWF_ERA5_Reanalysis
2024-05-24,30.1,24.0,27.2,34.8,29.2,32.5,5.8,10.7,26.3,230,10.47,971.0,loc_salem,11.6643,78.146,ECMWF_ERA5_Reanalysis
2024-05-25,32.2,24.9,28.4,36.6,30.7,33.3,0.0,16.5,37.1,289,15.26,971.6,loc_salem,11.6643,78.146,ECMWF_ERA5_Reanalysis
2024-05-26,34.8,24.0,29.3,38.6,29.1,33.8,0.2,16.3,41.4,259,19.76,972.3,loc_salem,11.6643,78.146,ECMWF_ERA5_Reanalysis
2024-05-27,35.6,24.2,29.7,41.8,29.6,34.9,0.0,11.8,27.4,238,23.44,972.6,loc_salem,11.6643,78.146,ECMWF_ERA5_Reanalysis
2024-05-28,36.0,25.0,29.6,41.5,30.5,34.5,0.2,13.7,41.8,246,23.07,973.2,loc_salem,11.6643,78.146,ECMWF_ERA5_Reanalysis
2024-05-29,35.7,24.4,29.6,42.0,29.2,34.7,0.0,13.5,32.8,221,23.44,973.0,loc_salem,11.6643,78.146,ECMWF_ERA5_Reanalysis
2024-05-30,37.3,25.0,30.7,42.7,31.2,35.7,0.4,15.6,31.7,286,24.47,973.4,loc_salem,11.6643,78.146,ECMWF_ERA5_Reanalysis
2024-05-31,37.8,26.8,30.4,43.2,30.9,35.1,10.1,15.7,47.2,328,20.55,973.7,loc_salem,11.6643,78.146,ECMWF_ERA5_Reanalysis
2024-06-01,36.6,25.3,29.2,43.4,31.0,34.9,7.4,10.8,30.6,271,19.95,974.3,loc_salem,11.6643,78.146,ECMWF_ERA5_Reanalysis
2024-06-02,34.3,26.1,28.7,40.9,30.3,34.1,7.7,12.7,32.4,332,18.13,975.1,loc_salem,11.6643,78.146,ECMWF_ERA5_Reanalysis
2024-06-03,32.4,25.2,28.1,38.5,31.5,34.1,7.5,9.2,23.4,213,16.06,975.7,loc_salem,11.6643,78.146,ECMWF_ERA5_Reanalysis
2024-06-04,33.6,24.4,28.6,40.4,27.9,34.4,14.5,16.2,39.2,177,20.47,976.2,loc_salem,11.6643,78.146,ECMWF_ERA5_Reanalysis
2024-06-05,32.3,24.3,27.3,39.4,29.3,32.7,14.9,21.0,43.2,172,16.07,976.8,loc_salem,11.6643,78.146,ECMWF_ERA5_Reanalysis
2024-06-06,31.7,24.5,26.7,37.8,29.9,32.5,19.0,10.5,32.4,163,13.19,977.4,loc_salem,11.6643,78.146,ECMWF_ERA5_Reanalysis
2024-06-07,32.0,24.4,26.6,37.2,28.8,31.5,7.6,13.3,42.1,184,16.64,976.1,loc_salem,11.6643,78.146,ECMWF_ERA5_Reanalysis
2024-06-08,32.0,24.0,26.7,36.5,27.7,31.0,7.6,19.1,43.6,196,18.99,975.9,loc_salem,11.6643,78.146,ECMWF_ERA5_Reanalysis
2024-06-09,32.9,23.8,27.5,37.6,27.9,31.6,2.3,14.4,37.8,201,21.0,975.5,loc_salem,11.6643,78.146,ECMWF_ERA5_Reanalysis
2024-06-10,33.2,23.1,27.7,38.8,27.2,32.2,2.9,13.5,32.0,215,22.15,975.8,loc_salem,11.6643,78.146,ECMWF_ERA5_Reanalysis
2024-06-11,32.6,23.0,27.5,38.1,27.3,32.1,1.9,13.6,32.8,237,21.21,976.0,loc_salem,11.6643,78.146,ECMWF_ERA5_Reanalysis
2024-06-12,30.3,23.6,26.9,35.2,28.3,31.5,3.8,10.9,32.0,217,14.24,977.4,loc_salem,11.6643,78.146,ECMWF_ERA5_Reanalysis
2024-06-13,32.8,23.5,27.3,38.4,28.5,32.3,1.8,12.1,34.2,234,20.55,977.1,loc_salem,11.6643,78.146,ECMWF_ERA5_Reanalysis
2024-06-14,34.1,23.6,28.6,38.4,28.3,33.0,0.0,8.2,22.7,243,21.29,975.6,loc_salem,11.6643,78.146,ECMWF_ERA5_Reanalysis
2024-06-15,34.1,23.7,29.0,38.7,28.3,33.4,0.0,4.6,16.6,228,23.34,975.1,loc_salem,11.6643,78.146,ECMWF_ERA5_Reanalysis
2024-06-16,34.7,24.4,29.0,39.3,28.3,33.0,0.1,13.3,36.0,210,24.36,975.2,loc_salem,11.6643,78.146,ECMWF_ERA5_Reanalysis
2024-06-17,35.2,24.2,29.3,40.6,28.8,33.6,0.2,16.3,40.0,218,23.49,975.4,loc_salem,11.6643,78.146,ECMWF_ERA5_Reanalysis
2024-06-18,34.4,25.4,28.7,39.0,29.8,33.2,1.6,11.7,35.3,192,20.38,975.6,loc_salem,11.6643,78.146,ECMWF_ERA5_Reanalysis
2024-06-19,33.7,24.6,27.2,39.0,29.3,32.1,32.2,13.6,38.9,183,17.99,974.6,loc_salem,11.6643,78.146,ECMWF_ERA5_Reanalysis
2024-06-20,32.6,23.8,26.7,38.4,28.5,31.5,17.2,11.4,29.5,173,18.45,974.8,loc_salem,11.6643,78.146,ECMWF_ERA5_Reanalysis
2024-06-21,33.1,23.1,27.3,38.3,27.5,31.6,0.9,15.2,42.5,246,22.48,974.6,loc_salem,11.6643,78.146,ECMWF_ERA5_Reanalysis
2024-06-22,33.8,24.0,27.9,39.9,28.1,32.2,1.2,13.0,33.1,213,21.97,972.9,loc_salem,11.6643,78.146,ECMWF_ERA5_Reanalysis
2024-06-23,33.5,23.9,27.6,38.7,28.3,31.6,1.5,14.1,44.6,212,21.45,972.5,loc_salem,11.6643,78.146,ECMWF_ERA5_Reanalysis
2024-06-24,33.5,23.8,27.6,36.9,28.0,31.2,3.4,18.4,42.1,215,20.12,972.3,loc_salem,11.6643,78.146,ECMWF_ERA5_Reanalysis
2024-06-25,31.7,23.8,26.7,34.3,27.2,30.4,4.7,14.8,39.2,206,12.7,972.4,loc_salem,11.6643,78.146,ECMWF_ERA5_Reanalysis
2024-06-26,30.2,23.8,25.9,33.5,27.9,29.6,1.8,16.3,35.6,203,8.93,972.8,loc_salem,11.6643,78.146,ECMWF_ERA5_Reanalysis
2024-06-27,32.0,24.0,26.6,35.4,28.1,30.6,0.3,14.5,32.4,213,11.0,974.1,loc_salem,11.6643,78.146,ECMWF_ERA5_Reanalysis
2024-06-28,35.1,23.5,28.3,38.5,27.3,32.0,0.1,14.6,34.2,203,21.79,974.8,loc_salem,11.6643,78.146,ECMWF_ERA5_Reanalysis
2024-06-29,35.6,23.5,29.0,39.9,27.4,32.9,0.3,12.9,33.8,196,22.16,975.3,loc_salem,11.6643,78.146,ECMWF_ERA5_Reanalysis
2024-06-30,34.1,24.3,28.2,37.8,29.0,32.5,3.4,12.2,31.7,198,16.41,976.2,loc_salem,11.6643,78.146,ECMWF_ERA5_Reanalysis
2024-07-01,32.7,24.2,27.5,36.0,29.3,32.2,0.9,11.7,32.4,210,14.33,976.3,loc_salem,11.6643,78.146,ECMWF_ERA5_Reanalysis
2024-07-02,32.9,23.5,27.9,36.7,28.1,31.9,0.0,10.0,24.8,277,15.08,975.2,loc_salem,11.6643,78.146,ECMWF_ERA5_Reanalysis
2024-07-03,35.6,23.4,28.4,40.3,28.3,32.9,14.6,19.2,40.7,248,22.01,975.3,loc_salem,11.6643,78.146,ECMWF_ERA5_Reanalysis
2024-07-04,33.9,23.9,27.9,39.0,28.7,32.6,9.1,17.8,43.9,262,18.05,976.1,loc_salem,11.6643,78.146,ECMWF_ERA5_Reanalysis
2024-07-05,34.8,24.6,28.2,40.1,29.4,32.8,0.9,10.8,35.6,205,20.74,974.9,loc_salem,11.6643,78.146,ECMWF_ERA5_Reanalysis
2024-07-06,29.7,23.8,26.3,33.0,27.9,30.3,2.0,10.0,24.1,182,10.12,974.5,loc_salem,11.6643,78.146,ECMWF_ERA5_Reanalysis
2024-07-07,33.0,23.0,28.1,36.6,27.5,31.8,1.4,10.9,27.0,224,19.05,974.0,loc_salem,11.6643,78.146,ECMWF_ERA5_Reanalysis
2024-07-08,32.8,23.9,27.4,36.6,28.1,30.9,1.1,13.5,35.3,219,14.82,973.9,loc_salem,11.6643,78.146,ECMWF_ERA5_Reanalysis
2024-07-09,34.1,23.2,27.6,39.3,27.2,31.8,0.3,11.9,29.5,208,20.96,974.8,loc_salem,11.6643,78.146,ECMWF_ERA5_Reanalysis
2024-07-10,35.5,23.9,28.7,39.4,27.9,32.7,1.1,16.5,37.4,241,23.37,976.7,loc_salem,11.6643,78.146,ECMWF_ERA5_Reanalysis
2024-07-11,32.5,23.9,28.7,36.1,28.3,32.4,0.2,12.1,28.8,278,16.8,976.1,loc_salem,11.6643,78.146,ECMWF_ERA5_Reanalysis
2024-07-12,34.2,24.2,27.8,38.8,28.9,32.1,13.0,16.3,36.7,226,19.97,974.9,loc_salem,11.6643,78.146,ECMWF_ERA5_Reanalysis
2024-07-13,31.3,23.4,26.4,36.4,27.8,30.8,5.2,14.8,35.3,262,16.08,974.5,loc_salem,11.6643,78.146,ECMWF_ERA5_Reanalysis
2024-07-14,31.3,23.1,26.1,35.5,27.4,30.5,1.7,14.8,31.0,198,11.96,973.2,loc_salem,11.6643,78.146,ECMWF_ERA5_Reanalysis
2024-07-15,31.2,23.0,26.0,34.7,27.1,30.1,18.2,15.2,46.1,220,17.81,973.0,loc_salem,11.6643,78.146,ECMWF_ERA5_Reanalysis
2024-07-16,28.7,23.0,25.1,32.4,26.8,29.1,4.2,11.2,33.5,210,10.2,973.3,loc_salem,11.6643,78.146,ECMWF_ERA5_Reanalysis
2024-07-17,30.2,22.1,25.5,33.3,26.2,29.4,3.2,14.4,38.9,222,12.36,974.4,loc_salem,11.6643,78.146,ECMWF_ERA5_Reanalysis
2024-07-18,30.6,22.7,25.4,35.1,27.2,29.8,5.5,16.6,46.4,219,14.81,974.5,loc_salem,11.6643,78.146,ECMWF_ERA5_Reanalysis
2024-07-19,26.7,22.6,24.5,31.8,26.8,29.1,6.3,7.8,21.2,251,6.08,973.6,loc_salem,11.6643,78.146,ECMWF_ERA5_Reanalysis
2024-07-20,31.7,22.2,26.4,34.2,26.3,30.2,0.0,14.3,32.4,237,16.43,973.6,loc_salem,11.6643,78.146,ECMWF_ERA5_Reanalysis
2024-07-21,32.8,22.0,27.3,36.6,25.8,31.0,0.6,17.0,41.4,237,22.58,974.3,loc_salem,11.6643,78.146,ECMWF_ERA5_Reanalysis
2024-07-22,31.6,21.9,26.6,34.7,25.6,30.3,1.3,13.7,32.4,237,17.95,976.3,loc_salem,11.6643,78.146,ECMWF_ERA5_Reanalysis
2024-07-23,33.5,22.7,27.2,36.7,27.0,31.2,1.4,18.6,45.4,264,22.38,976.7,loc_salem,11.6643,78.146,ECMWF_ERA5_Reanalysis
2024-07-24,33.9,22.8,27.4,36.5,27.0,31.1,0.9,20.0,45.0,277,22.58,975.1,loc_salem,11.6643,78.146,ECMWF_ERA5_Reanalysis
2024-07-25,32.6,23.8,26.9,36.3,27.7,30.9,10.1,17.1,42.8,237,17.84,973.8,loc_salem,11.6643,78.146,ECMWF_ERA5_Reanalysis
2024-07-26,32.3,23.0,27.2,33.9,27.5,30.7,1.2,22.2,48.6,277,15.93,974.0,loc_salem,11.6643,78.146,ECMWF_ERA5_Reanalysis
2024-07-27,33.4,23.4,27.7,34.7,27.4,30.5,0.0,23.5,54.0,298,17.75,974.4,loc_salem,11.6643,78.146,ECMWF_ERA5_Reanalysis
2024-07-28,34.2,23.3,27.9,34.8,25.7,30.4,0.1,23.1,49.7,286,16.24,972.9,loc_salem,11.6643,78.146,ECMWF_ERA5_Reanalysis
2024-07-29,33.5,23.1,27.1,37.6,26.9,30.6,6.2,15.3,33.1,214,15.48,972.5,loc_salem,11.6643,78.146,ECMWF_ERA5_Reanalysis
2024-07-30,29.2,23.4,25.7,32.7,27.7,29.8,4.1,12.3,29.5,231,11.82,975.3,loc_salem,11.6643,78.146,ECMWF_ERA5_Reanalysis
2024-07-31,32.6,22.7,25.9,37.7,27.0,30.4,20.0,13.4,42.5,243,18.08,976.7,loc_salem,11.6643,78.146,ECMWF_ERA5_Reanalysis
2024-08-01,31.8,23.3,26.4,38.2,27.8,31.1,3.3,15.9,35.3,269,19.38,976.3,loc_salem,11.6643,78.146,ECMWF_ERA5_Reanalysis
2024-08-02,32.3,23.0,26.9,38.3,27.6,31.7,7.0,8.7,29.9,251,18.48,976.2,loc_salem,11.6643,78.146,ECMWF_ERA5_Reanalysis
2024-08-03,33.3,22.3,27.3,38.7,26.6,31.7,0.1,12.7,33.1,270,21.78,976.8,loc_salem,11.6643,78.146,ECMWF_ERA5_Reanalysis
2024-08-04,32.2,24.1,27.4,38.4,28.5,32.5,4.3,9.3,26.6,247,21.36,977.0,loc_salem,11.6643,78.146,ECMWF_ERA5_Reanalysis
2024-08-05,30.9,23.5,27.0,36.2,28.3,31.8,4.1,9.4,23.8,268,17.58,977.0,loc_salem,11.6643,78.146,ECMWF_ERA5_Reanalysis
2024-08-06,30.5,23.2,26.7,34.1,28.3,31.2,1.5,12.9,30.6,321,16.06,976.0,loc_salem,11.6643,78.146,ECMWF_ERA5_Reanalysis
2024-08-07,31.7,23.9,26.0,38.1,29.2,31.3,14.3,10.0,40.3,302,17.92,976.2,loc_salem,11.6643,78.146,ECMWF_ERA5_Reanalysis
2024-08-08,31.1,22.4,26.5,37.2,26.8,31.1,5.1,10.5,28.8,296,20.48,976.8,loc_salem,11.6643,78.146,ECMWF_ERA5_Reanalysis
2024-08-09,32.8,22.9,27.0,36.7,27.4,31.1,12.8,15.3,34.6,292,22.47,977.0,loc_salem,11.6643,78.146,ECMWF_ERA5_Reanalysis
2024-08-10,31.7,23.2,26.8,37.5,27.9,31.8,7.3,13.0,31.0,315,21.44,976.9,loc_salem,11.6643,78.146,ECMWF_ERA5_Reanalysis
2024-08-11,32.8,23.7,28.0,37.6,26.6,32.5,1.9,14.7,32.0,324,22.05,974.8,loc_salem,11.6643,78.146,ECMWF_ERA5_Reanalysis
2024-08-12,32.9,23.3,27.3,39.6,28.0,32.5,23.8,16.3,31.3,34,23.33,974.1,loc_salem,11.6643,78.146,ECMWF_ERA5_Reanalysis
2024-08-13,31.5,22.5,26.9,38.8,26.6,32.1,8.9,9.8,32.0,43,22.99,974.7,loc_salem,11.6643,78.146,ECMWF_ERA5_Reanalysis
2024-08-14,31.5,23.7,27.1,39.2,29.0,32.4,18.2,10.4,24.5,72,22.04,974.1,loc_salem,11.6643,78.146,ECMWF_ERA5_Reanalysis
2024-08-15,31.9,23.4,27.4,38.1,28.6,32.6,1.5,7.6,17.3,166,19.77,973.4,loc_salem,11.6643,78.146,ECMWF_ERA5_Reanalysis
2024-08-16,32.3,24.4,27.5,39.5,29.5,32.9,16.1,17.9,36.4,147,20.79,972.7,loc_salem,11.6643,78.146,ECMWF_ERA5_Reanalysis
2024-08-17,33.1,24.0,27.7,39.5,28.3,32.9,7.0,14.8,31.0,157,21.71,973.6,loc_salem,11.6643,78.146,ECMWF_ERA5_Reanalysis
2024-08-18,32.6,24.0,28.0,40.4,28.9,33.2,0.5,9.1,20.9,147,22.13,974.4,loc_salem,11.6643,78.146,ECMWF_ERA5_Reanalysis
2024-08-19,31.8,24.0,27.1,38.2,28.3,32.0,14.4,15.6,35.6,154,17.79,974.4,loc_salem,11.6643,78.146,ECMWF_ERA5_Reanalysis
2024-08-20,32.2,23.7,26.9,37.4,28.3,31.5,3.9,20.8,44.6,150,21.21,974.4,loc_salem,11.6643,78.146,ECMWF_ERA5_Reanalysis
2024-08-21,30.7,23.6,26.4,36.3,26.8,30.2,6.3,16.1,36.4,203,17.27,976.0,loc_salem,11.6643,78.146,ECMWF_ERA5_Reanalysis
2024-08-22,31.7,23.3,27.1,35.3,27.0,30.2,0.0,13.8,30.2,208,14.58,977.0,loc_salem,11.6643,78.146,ECMWF_ERA5_Reanalysis
2024-08-23,33.4,23.5,27.9,37.3,27.8,31.5,0.0,13.8,30.2,207,21.02,977.5,loc_salem,11.6643,78.146,ECMWF_ERA5_Reanalysis
2024-08-24,33.1,23.7,27.6,36.9,27.4,30.5,0.8,22.7,49.7,217,21.34,978.2,loc_salem,11.6643,78.146,ECMWF_ERA5_Reanalysis
2024-08-25,33.0,23.0,27.2,37.0,26.8,30.7,0.2,13.2,28.8,207,21.91,977.6,loc_salem,11.6643,78.146,ECMWF_ERA5_Reanalysis
2024-08-26,33.1,22.9,27.3,37.3,26.3,30.7,0.0,12.3,26.6,198,20.98,976.8,loc_salem,11.6643,78.146,ECMWF_ERA5_Reanalysis
2024-08-27,33.0,23.4,27.4,37.8,27.0,31.3,2.2,12.2,29.5,201,19.03,977.5,loc_salem,11.6643,78.146,ECMWF_ERA5_Reanalysis
2024-08-28,32.9,24.1,27.3,37.1,28.3,31.6,0.5,10.7,26.3,218,16.51,977.5,loc_salem,11.6643,78.146,ECMWF_ERA5_Reanalysis
2024-08-29,32.5,23.3,26.6,36.4,27.6,30.9,12.2,13.8,34.6,241,15.9,976.1,loc_salem,11.6643,78.146,ECMWF_ERA5_Reanalysis
2024-08-30,32.5,22.7,26.1,36.1,27.0,30.6,5.7,9.8,33.8,233,17.79,975.8,loc_salem,11.6643,78.146,ECMWF_ERA5_Reanalysis
2024-08-31,31.2,22.5,26.4,34.6,27.1,30.6,0.2,13.7,34.9,246,17.29,975.5,loc_salem,11.6643,78.146,ECMWF_ERA5_Reanalysis
2024-09-01,32.0,22.8,26.4,37.2,27.0,30.8,4.2,13.8,36.7,229,18.19,974.9,loc_salem,11.6643,78.146,ECMWF_ERA5_Reanalysis
2024-09-02,32.9,22.5,27.1,38.2,26.9,31.5,0.6,13.8,35.3,241,20.75,975.0,loc_salem,11.6643,78.146,ECMWF_ERA5_Reanalysis
2024-09-03,34.0,22.9,27.4,39.0,27.4,31.7,0.7,18.9,40.7,230,21.55,976.2,loc_salem,11.6643,78.146,ECMWF_ERA5_Reanalysis
2024-09-04,32.3,22.7,27.6,36.8,26.8,31.5,0.0,10.2,32.0,237,17.82,976.5,loc_salem,11.6643,78.146,ECMWF_ERA5_Reanalysis
2024-09-05,35.1,22.9,28.8,39.1,27.3,32.6,0.0,12.3,35.3,268,23.13,975.2,loc_salem,11.6643,78.146,ECMWF_ERA5_Reanalysis
2024-09-06,34.0,23.5,28.3,38.0,27.9,32.0,0.7,14.2,37.1,269,17.44,975.6,loc_salem,11.6643,78.146,ECMWF_ERA5_Reanalysis
2024-09-07,34.5,22.9,27.9,38.8,27.2,32.1,0.3,14.8,42.8,280,20.55,976.3,loc_salem,11.6643,78.146,ECMWF_ERA5_Reanalysis
2024-09-08,35.0,22.9,27.2,40.1,27.1,31.4,6.1,17.1,38.5,235,20.87,976.9,loc_salem,11.6643,78.146,ECMWF_ERA5_Reanalysis
2024-09-09,34.4,22.9,27.4,38.8,27.0,31.3,1.1,13.3,40.0,208,19.7,975.1,loc_salem,11.6643,78.146,ECMWF_ERA5_Reanalysis
2024-09-10,35.5,23.4,28.2,39.2,27.3,31.8,0.5,15.6,35.3,217,22.31,974.9,loc_salem,11.6643,78.146,ECMWF_ERA5_Reanalysis
2024-09-11,35.1,23.1,28.2,40.2,27.0,31.9,0.5,14.0,37.1,205,21.3,976.2,loc_salem,11.6643,78.146,ECMWF_ERA5_Reanalysis
2024-09-12,35.2,23.0,28.9,39.6,26.9,32.4,0.3,11.9,27.7,259,23.74,977.0,loc_salem,11.6643,78.146,ECMWF_ERA5_Reanalysis
2024-09-13,35.7,22.9,29.4,39.5,26.9,32.7,0.1,13.3,33.8,266,24.22,976.4,loc_salem,11.6643,78.146,ECMWF_ERA5_Reanalysis
2024-09-14,35.8,24.2,28.7,39.8,27.7,31.9,0.9,19.9,42.8,287,22.38,976.2,loc_salem,11.6643,78.146,ECMWF_ERA5_Reanalysis
2024-09-15,36.3,23.0,29.2,40.1,27.8,32.7,1.6,16.1,35.6,266,21.96,976.1,loc_salem,11.6643,78.146,ECMWF_ERA5_Reanalysis
2024-09-16,38.0,23.4,30.3,39.9,27.1,32.8,0.0,17.6,37.8,292,24.77,976.1,loc_salem,11.6643,78.146,ECMWF_ERA5_Reanalysis
2024-09-17,37.2,24.1,30.3,39.7,27.6,32.7,0.7,19.1,44.3,299,23.81,975.8,loc_salem,11.6643,78.146,ECMWF_ERA5_Reanalysis
2024-09-18,38.0,23.9,30.2,38.0,26.8,31.6,0.0,18.7,43.6,313,25.33,974.7,loc_salem,11.6643,78.146,ECMWF_ERA5_Reanalysis
2024-09-19,36.6,23.3,30.2,38.8,26.2,32.1,0.9,15.6,34.2,286,24.31,974.9,loc_salem,11.6643,78.146,ECMWF_ERA5_Reanalysis
2024-09-20,36.0,24.0,29.9,38.9,27.8,32.5,1.3,16.1,38.5,263,23.1,974.9,loc_salem,11.6643,78.146,ECMWF_ERA5_Reanalysis
2024-09-21,35.8,24.3,29.6,38.1,28.2,32.2,0.2,17.7,37.1,263,20.69,975.2,loc_salem,11.6643,78.146,ECMWF_ERA5_Reanalysis
2024-09-22,36.0,24.1,29.9,38.2,28.2,32.5,0.0,15.9,34.6,262,19.37,974.4,loc_salem,11.6643,78.146,ECMWF_ERA5_Reanalysis
2024-09-23,36.3,24.8,29.2,40.3,29.1,32.4,1.3,13.4,50.8,254,17.19,974.0,loc_salem,11.6643,78.146,ECMWF_ERA5_Reanalysis
2024-09-24,36.1,24.3,28.2,40.6,28.7,32.5,7.2,15.0,43.2,255,20.4,973.6,loc_salem,11.6643,78.146,ECMWF_ERA5_Reanalysis
2024-09-25,35.0,23.7,28.8,39.3,27.6,32.4,0.0,10.9,26.6,215,21.45,973.8,loc_salem,11.6643,78.146,ECMWF_ERA5_Reanalysis
2024-09-26,35.2,23.8,29.4,39.0,28.2,33.1,0.0,10.7,29.5,240,21.68,974.3,loc_salem,11.6643,78.146,ECMWF_ERA5_Reanalysis
2024-09-27,34.0,24.9,28.5,40.1,29.8,33.1,7.9,10.1,20.5,282,22.59,976.4,loc_salem,11.6643,78.146,ECMWF_ERA5_Reanalysis
2024-09-28,32.6,23.6,27.7,38.7,27.6,31.9,4.4,12.2,39.2,33,21.09,977.5,loc_salem,11.6643,78.146,ECMWF_ERA5_Reanalysis
2024-09-29,32.4,22.7,27.6,36.9,27.2,31.4,4.6,17.2,36.7,99,21.43,978.3,loc_salem,11.6643,78.146,ECMWF_ERA5_Reanalysis
2024-09-30,33.8,23.1,28.1,38.1,28.3,32.3,0.3,12.3,29.5,114,21.99,978.1,loc_salem,11.6643,78.146,ECMWF_ERA5_Reanalysis
2024-10-01,33.6,24.3,28.7,37.6,28.7,32.6,2.2,19.6,43.2,143,22.43,976.9,loc_salem,11.6643,78.146,ECMWF_ERA5_Reanalysis
2024-10-02,35.2,24.4,29.3,39.4,29.1,32.9,6.1,14.3,33.8,175,23.56,977.3,loc_salem,11.6643,78.146,ECMWF_ERA5_Reanalysis
2024-10-03,35.0,24.7,29.6,39.5,29.0,33.4,0.9,14.4,29.2,260,20.6,977.2,loc_salem,11.6643,78.146,ECMWF_ERA5_Reanalysis
2024-10-04,34.9,24.2,28.1,40.1,28.6,32.5,26.7,14.6,34.6,219,19.93,977.3,loc_salem,11.6643,78.146,ECMWF_ERA5_Reanalysis
2024-10-05,29.0,23.2,25.8,33.2,27.7,30.3,8.6,8.2,21.2,308,9.92,977.8,loc_salem,11.6643,78.146,ECMWF_ERA5_Reanalysis
2024-10-06,31.2,23.6,26.9,37.3,28.7,31.8,0.2,9.7,22.7,264,18.9,977.3,loc_salem,11.6643,78.146,ECMWF_ERA5_Reanalysis
2024-10-07,32.0,23.4,26.4,36.6,27.4,30.6,12.6,15.2,34.6,116,18.11,978.4,loc_salem,11.6643,78.146,ECMWF_ERA5_Reanalysis
2024-10-08,30.1,23.0,25.9,34.8,27.5,30.2,3.7,13.2,33.5,104,14.08,978.7,loc_salem,11.6643,78.146,ECMWF_ERA5_Reanalysis
2024-10-09,31.2,23.2,25.8,37.5,27.4,30.6,14.2,13.7,32.0,122,18.36,977.4,loc_salem,11.6643,78.146,ECMWF_ERA5_Reanalysis
2024-10-10,30.8,22.8,25.4,37.1,27.2,30.0,14.4,10.9,34.6,122,15.99,976.2,loc_salem,11.6643,78.146,ECMWF_ERA5_Reanalysis
2024-10-11,29.8,22.5,25.3,36.0,26.8,29.8,20.4,13.0,26.6,130,15.97,976.0,loc_salem,11.6643,78.146,ECMWF_ERA5_Reanalysis
2024-10-12,28.9,23.4,25.3,33.8,28.3,30.0,9.5,11.4,32.0,119,13.85,976.9,loc_salem,11.6643,78.146,ECMWF_ERA5_Reanalysis
2024-10-13,28.8,22.7,24.8,33.3,27.0,29.4,3.9,12.0,28.1,143,11.69,977.3,loc_salem,11.6643,78.146,ECMWF_ERA5_Reanalysis
2024-10-14,25.8,22.7,24.1,30.1,27.2,28.6,23.6,11.8,26.6,321,6.03,977.0,loc_salem,11.6643,78.146,ECMWF_ERA5_Reanalysis
2024-10-15,26.5,22.4,24.0,31.3,26.5,28.7,31.7,8.4,21.6,289,8.86,976.6,loc_salem,11.6643,78.146,ECMWF_ERA5_Reanalysis
2024-10-16,30.0,22.5,25.5,34.8,27.1,30.1,1.3,8.4,23.8,262,18.01,976.1,loc_salem,11.6643,78.146,ECMWF_ERA5_Reanalysis
2024-10-17,30.5,21.9,26.0,35.6,26.1,30.7,0.7,7.2,20.2,235,19.47,975.9,loc_salem,11.6643,78.146,ECMWF_ERA5_Reanalysis
2024-10-18,29.6,22.4,26.0,35.0,27.0,30.9,1.0,7.9,15.8,158,13.99,976.6,loc_salem,11.6643,78.146,ECMWF_ERA5_Reanalysis
2024-10-19,27.9,23.0,25.3,32.5,27.3,29.6,0.8,12.8,29.2,338,12.0,978.0,loc_salem,11.6643,78.146,ECMWF_ERA5_Reanalysis
2024-10-20,30.5,22.7,26.0,36.1,27.3,30.5,5.6,12.8,28.4,5,18.07,978.6,loc_salem,11.6643,78.146,ECMWF_ERA5_Reanalysis
2024-10-21,29.7,23.2,25.7,35.9,28.1,30.6,6.2,8.1,20.9,52,15.84,978.9,loc_salem,11.6643,78.146,ECMWF_ERA5_Reanalysis
2024-10-22,30.2,22.1,25.5,37.0,26.3,30.4,29.3,9.1,23.0,49,17.85,979.0,loc_salem,11.6643,78.146,ECMWF_ERA5_Reanalysis
2024-10-23,31.2,22.3,26.4,37.5,26.8,31.1,0.4,8.3,21.2,106,21.01,978.1,loc_salem,11.6643,78.146,ECMWF_ERA5_Reanalysis
2024-10-24,28.7,22.6,25.7,32.8,25.9,29.8,0.0,9.7,24.1,326,14.2,978.1,loc_salem,11.6643,78.146,ECMWF_ERA5_Reanalysis
2024-10-25,30.7,22.5,26.1,35.9,26.3,30.4,0.3,8.5,22.0,296,21.0,978.2,loc_salem,11.6643,78.146,ECMWF_ERA5_Reanalysis
2024-10-26,31.1,22.0,26.3,34.7,25.9,30.1,0.1,11.0,26.6,290,21.82,977.8,loc_salem,11.6643,78.146,ECMWF_ERA5_Reanalysis
2024-10-27,31.0,22.9,26.9,34.5,26.1,30.2,0.0,9.1,23.8,268,22.19,976.9,loc_salem,11.6643,78.146,ECMWF_ERA5_Reanalysis
2024-10-28,31.4,22.4,26.8,36.5,25.3,30.5,0.2,7.2,16.6,199,21.11,976.3,loc_salem,11.6643,78.146,ECMWF_ERA5_Reanalysis
2024-10-29,31.8,22.7,27.1,36.4,26.4,31.1,0.1,9.2,24.5,355,21.35,977.2,loc_salem,11.6643,78.146,ECMWF_ERA5_Reanalysis
2024-10-30,31.8,22.7,27.1,37.7,26.5,31.5,0.1,16.4,33.1,106,20.67,977.9,loc_salem,11.6643,78.146,ECMWF_ERA5_Reanalysis
2024-10-31,31.6,23.2,26.7,37.5,28.0,31.1,1.4,15.7,31.3,85,19.55,978.8,loc_salem,11.6643,78.146,ECMWF_ERA5_Reanalysis
2024-11-01,30.3,22.6,25.9,36.3,27.0,30.2,7.0,15.3,32.4,96,17.36,979.9,loc_salem,11.6643,78.146,ECMWF_ERA5_Reanalysis
2024-11-02,29.2,22.3,24.7,35.1,26.7,29.2,13.0,14.1,37.4,62,16.35,980.4,loc_salem,11.6643,78.146,ECMWF_ERA5_Reanalysis
2024-11-03,30.8,21.4,25.2,35.6,25.2,29.3,3.2,17.2,34.9,67,18.67,979.9,loc_salem,11.6643,78.146,ECMWF_ERA5_Reanalysis
2024-11-04,29.5,21.4,25.1,35.0,25.5,29.4,4.8,12.9,32.4,60,18.89,979.4,loc_salem,11.6643,78.146,ECMWF_ERA5_Reanalysis
2024-11-05,30.6,21.4,25.7,35.1,25.1,29.5,0.8,8.4,17.3,44,20.75,979.6,loc_salem,11.6643,78.146,ECMWF_ERA5_Reanalysis
2024-11-06,31.6,21.7,26.3,34.1,25.0,29.4,0.0,12.8,30.6,353,22.65,979.4,loc_salem,11.6643,78.146,ECMWF_ERA5_Reanalysis
2024-11-07,30.6,23.3,26.2,36.1,27.7,30.6,3.5,12.1,28.4,90,15.83,979.3,loc_salem,11.6643,78.146,ECMWF_ERA5_Reanalysis
2024-11-08,32.4,20.9,26.6,36.3,25.0,30.5,0.3,12.7,25.6,81,20.11,979.0,loc_salem,11.6643,78.146,ECMWF_ERA5_Reanalysis
2024-11-09,31.7,19.7,25.7,36.5,23.3,29.4,0.1,13.2,26.6,78,21.16,979.3,loc_salem,11.6643,78.146,ECMWF_ERA5_Reanalysis
2024-11-10,32.2,19.5,25.7,34.8,22.6,28.4,0.1,13.1,27.0,46,21.74,979.2,loc_salem,11.6643,78.146,ECMWF_ERA5_Reanalysis
2024-11-11,32.2,20.8,26.3,35.6,23.8,29.3,0.0,9.8,24.5,12,20.69,978.1,loc_salem,11.6643,78.146,ECMWF_ERA5_Reanalysis
2024-11-12,31.8,22.7,27.1,35.3,26.2,30.8,0.1,11.7,33.5,9,18.41,977.2,loc_salem,11.6643,78.146,ECMWF_ERA5_Reanalysis
2024-11-13,30.9,23.4,26.0,34.5,28.0,30.4,1.8,13.5,31.7,86,9.41,976.9,loc_salem,11.6643,78.146,ECMWF_ERA5_Reanalysis
2024-11-14,29.4,23.1,25.5,33.0,28.0,29.9,3.6,11.9,29.9,91,12.83,978.4,loc_salem,11.6643,78.146,ECMWF_ERA5_Reanalysis
2024-11-15,29.4,22.1,25.2,33.0,26.9,29.6,0.5,10.7,24.1,95,9.97,979.1,loc_salem,11.6643,78.146,ECMWF_ERA5_Reanalysis
2024-11-16,27.8,22.6,24.9,31.6,27.5,29.3,1.7,17.1,37.4,99,11.35,978.7,loc_salem,11.6643,78.146,ECMWF_ERA5_Reanalysis
2024-11-17,31.7,22.7,25.7,35.6,27.1,29.8,3.7,18.0,38.9,93,16.45,978.4,loc_salem,11.6643,78.146,ECMWF_ERA5_Reanalysis
2024-11-18,32.2,21.1,26.0,35.0,25.2,29.4,0.1,14.3,29.5,93,17.49,979.0,loc_salem,11.6643,78.146,ECMWF_ERA5_Reanalysis
2024-11-19,32.1,21.4,26.3,35.5,25.5,29.8,0.0,13.0,27.4,77,17.75,979.5,loc_salem,11.6643,78.146,ECMWF_ERA5_Reanalysis
2024-11-20,31.5,20.8,25.4,35.1,24.2,28.8,0.0,13.1,29.9,108,16.19,979.4,loc_salem,11.6643,78.146,ECMWF_ERA5_Reanalysis
2024-11-21,30.0,22.3,25.9,32.8,26.1,29.2,0.0,14.7,30.2,76,13.68,979.3,loc_salem,11.6643,78.146,ECMWF_ERA5_Reanalysis
2024-11-22,32.7,20.1,25.9,36.3,23.6,28.8,0.0,15.8,37.8,104,18.45,978.9,loc_salem,11.6643,78.146,ECMWF_ERA5_Reanalysis
2024-11-23,31.0,20.3,25.6,34.7,23.4,28.7,0.2,16.4,34.2,88,16.46,979.6,loc_salem,11.6643,78.146,ECMWF_ERA5_Reanalysis
2024-11-24,32.0,21.3,26.0,35.8,25.3,29.5,0.2,15.2,31.7,93,15.74,979.5,loc_salem,11.6643,78.146,ECMWF_ERA5_Reanalysis
2024-11-25,32.4,20.9,26.1,36.6,24.7,29.5,0.0,6.8,20.9,54,17.57,978.4,loc_salem,11.6643,78.146,ECMWF_ERA5_Reanalysis
2024-11-26,28.9,21.9,24.1,31.2,24.8,27.9,15.5,11.5,29.9,348,8.22,977.4,loc_salem,11.6643,78.146,ECMWF_ERA5_Reanalysis
2024-11-27,28.1,22.4,24.8,30.2,25.0,27.4,0.8,12.8,34.2,349,8.04,976.6,loc_salem,11.6643,78.146,ECMWF_ERA5_Reanalysis
2024-11-28,30.5,22.5,26.1,30.8,22.9,26.7,0.0,18.6,42.5,346,16.02,975.9,loc_salem,11.6643,78.146,ECMWF_ERA5_Reanalysis
2024-11-29,29.0,21.7,25.1,30.6,21.8,26.3,1.5,17.2,41.0,344,10.61,975.7,loc_salem,11.6643,78.146,ECMWF_ERA5_Reanalysis
2024-11-30,26.4,22.7,24.4,29.0,24.3,26.4,13.2,17.9,39.2,331,4.3,974.2,loc_salem,11.6643,78.146,ECMWF_ERA5_Reanalysis
2024-12-01,27.3,22.0,23.8,30.8,24.8,27.3,72.6,17.8,42.1,303,6.42,972.4,loc_salem,11.6643,78.146,ECMWF_ERA5_Reanalysis
2024-12-02,29.2,22.2,24.3,33.9,24.9,28.4,94.2,18.3,42.8,243,12.97,973.2,loc_salem,11.6643,78.146,ECMWF_ERA5_Reanalysis
2024-12-03,28.9,22.5,25.4,34.2,26.8,29.8,1.9,14.6,31.0,96,14.88,976.9,loc_salem,11.6643,78.146,ECMWF_ERA5_Reanalysis
2024-12-04,30.5,23.1,26.3,34.6,26.2,29.7,0.0,11.4,25.9,89,18.72,978.5,loc_salem,11.6643,78.146,ECMWF_ERA5_Reanalysis
2024-12-05,30.1,22.0,25.7,33.9,26.3,29.6,0.7,11.7,26.3,94,17.7,979.1,loc_salem,11.6643,78.146,ECMWF_ERA5_Reanalysis
2024-12-06,30.5,21.5,25.9,36.0,25.2,29.7,0.0,14.4,29.5,87,19.52,979.3,loc_salem,11.6643,78.146,ECMWF_ERA5_Reanalysis
2024-12-07,30.4,21.7,25.4,35.9,26.1,29.4,1.0,12.4,29.9,90,17.65,979.0,loc_salem,11.6643,78.146,ECMWF_ERA5_Reanalysis
2024-12-08,30.6,20.5,25.4,33.1,24.0,28.2,0.0,11.8,25.9,94,19.53,979.1,loc_salem,11.6643,78.146,ECMWF_ERA5_Reanalysis
2024-12-09,30.0,20.8,25.4,35.4,24.0,29.4,0.7,10.5,22.0,91,19.03,978.7,loc_salem,11.6643,78.146,ECMWF_ERA5_Reanalysis
2024-12-10,31.1,21.2,25.6,34.5,25.2,29.5,0.5,7.7,19.4,67,17.31,978.4,loc_salem,11.6643,78.146,ECMWF_ERA5_Reanalysis
2024-12-11,29.1,20.7,24.5,31.8,24.3,28.3,5.0,9.4,21.6,9,8.98,978.2,loc_salem,11.6643,78.146,ECMWF_ERA5_Reanalysis
2024-12-12,26.4,22.4,23.6,31.5,26.7,28.5,26.3,5.3,22.0,339,5.8,977.6,loc_salem,11.6643,78.146,ECMWF_ERA5_Reanalysis
2024-12-13,27.1,22.0,23.7,31.3,26.5,28.2,8.0,11.5,26.3,108,8.4,978.6,loc_salem,11.6643,78.146,ECMWF_ERA5_Reanalysis
2024-12-14,29.9,21.3,24.5,33.2,23.8,28.0,0.6,8.3,19.8,94,16.42,980.1,loc_salem,11.6643,78.146,ECMWF_ERA5_Reanalysis
2024-12-15,29.4,17.1,23.0,32.0,19.2,25.5,0.0,9.3,22.7,56,19.37,980.8,loc_salem,11.6643,78.146,ECMWF_ERA5_Reanalysis
2024-12-16,28.3,16.5,22.4,31.8,18.1,25.2,0.0,4.8,16.6,72,19.43,979.8,loc_salem,11.6643,78.146,ECMWF_ERA5_Reanalysis
2024-12-17,30.0,17.8,23.9,33.4,20.0,26.8,0.0,12.0,25.2,0,18.11,978.2,loc_salem,11.6643,78.146,ECMWF_ERA5_Reanalysis
2024-12-18,30.7,21.4,25.6,34.3,24.7,29.3,0.0,10.4,25.9,356,16.95,977.4,loc_salem,11.6643,78.146,ECMWF_ERA5_Reanalysis
2024-12-19,31.3,23.0,26.6,35.1,26.0,30.4,0.3,8.6,20.9,346,17.47,977.2,loc_salem,11.6643,78.146,ECMWF_ERA5_Reanalysis
2024-12-20,31.8,22.5,26.7,35.1,27.0,30.7,0.4,14.9,34.9,330,18.61,977.2,loc_salem,11.6643,78.146,ECMWF_ERA5_Reanalysis
2024-12-21,31.6,21.4,26.4,35.1,25.5,30.2,0.0,10.8,27.0,356,19.27,977.7,loc_salem,11.6643,78.146,ECMWF_ERA5_Reanalysis
2024-12-22,30.6,21.5,25.6,35.1,25.2,29.3,0.3,12.4,25.9,91,16.73,978.6,loc_salem,11.6643,78.146,ECMWF_ERA5_Reanalysis
2024-12-23,27.4,21.0,24.0,30.6,23.9,27.6,4.4,8.3,22.0,302,11.31,979.0,loc_salem,11.6643,78.146,ECMWF_ERA5_Reanalysis
2024-12-24,29.5,20.7,24.8,33.3,23.9,28.2,0.1,9.9,20.9,109,17.46,978.6,loc_salem,11.6643,78.146,ECMWF_ERA5_Reanalysis
2024-12-25,31.0,20.6,25.1,34.3,23.9,28.7,0.0,6.9,18.0,0,16.87,979.5,loc_salem,11.6643,78.146,ECMWF_ERA5_Reanalysis
2024-12-26,30.6,21.3,25.5,34.7,25.2,29.6,1.4,11.4,27.7,64,16.02,980.7,loc_salem,11.6643,78.146,ECMWF_ERA5_Reanalysis
2024-12-27,28.4,21.3,24.4,31.9,24.9,28.0,4.0,19.4,42.1,93,15.49,982.3,loc_salem,11.6643,78.146,ECMWF_ERA5_Reanalysis
2024-12-28,30.5,20.7,24.9,33.4,24.3,28.3,0.3,13.4,29.5,94,16.25,982.2,loc_salem,11.6643,78.146,ECMWF_ERA5_Reanalysis
2024-12-29,31.1,20.2,25.5,34.7,23.4,28.6,0.0,6.8,16.6,71,17.6,981.8,loc_salem,11.6643,78.146,ECMWF_ERA5_Reanalysis
2024-12-30,30.4,20.9,25.1,33.8,24.6,28.8,0.2,13.0,31.7,70,16.93,981.6,loc_salem,11.6643,78.146,ECMWF_ERA5_Reanalysis
2024-12-31,31.3,20.4,24.8,33.5,23.3,27.7,0.0,13.9,30.2,68,16.72,981.7,loc_salem,11.6643,78.146,ECMWF_ERA5_Reanalysis
