time,temperature_2m_max,temperature_2m_min,temperature_2m_mean,apparent_temperature_max,apparent_temperature_min,apparent_temperature_mean,precipitation_sum,wind_speed_10m_max,wind_gusts_10m_max,wind_direction_10m_dominant,shortwave_radiation_sum,surface_pressure_mean,location_id,latitude,longitude,data_source
2014-01-01,26.9,23.0,24.7,26.9,23.5,25.0,0.0,22.7,39.2,50,14.61,1012.9,ward_06_thiruvika_nagar,13.111,80.245,ECMWF_ERA5_Reanalysis
2014-01-02,27.6,22.8,25.0,27.6,23.6,25.1,0.0,22.2,40.3,38,16.09,1013.2,ward_06_thiruvika_nagar,13.111,80.245,ECMWF_ERA5_Reanalysis
2014-01-03,27.6,23.3,25.2,28.6,24.6,25.9,0.0,24.4,41.8,37,14.88,1013.1,ward_06_thiruvika_nagar,13.111,80.245,ECMWF_ERA5_Reanalysis
2014-01-04,26.5,22.2,24.2,26.4,23.7,25.2,0.0,21.8,38.2,33,7.84,1012.1,ward_06_thiruvika_nagar,13.111,80.245,ECMWF_ERA5_Reanalysis
2014-01-05,27.8,22.6,24.6,29.5,24.6,26.2,0.0,18.8,35.6,37,13.86,1010.6,ward_06_thiruvika_nagar,13.111,80.245,ECMWF_ERA5_Reanalysis
2014-01-06,27.5,22.1,24.4,29.0,24.3,25.9,0.0,18.8,34.2,41,17.47,1010.7,ward_06_thiruvika_nagar,13.111,80.245,ECMWF_ERA5_Reanalysis
2014-01-07,27.6,22.4,24.8,28.7,24.3,25.9,0.0,20.9,37.1,44,17.66,1011.5,ward_06_thiruvika_nagar,13.111,80.245,ECMWF_ERA5_Reanalysis
2014-01-08,27.9,23.4,25.2,28.0,24.3,25.8,0.0,21.0,36.4,58,15.63,1012.7,ward_06_thiruvika_nagar,13.111,80.245,ECMWF_ERA5_Reanalysis
2014-01-09,27.8,22.3,24.8,29.1,24.5,26.3,0.0,17.9,32.4,56,15.97,1012.4,ward_06_thiruvika_nagar,13.111,80.245,ECMWF_ERA5_Reanalysis
2014-01-10,28.0,21.3,24.1,30.5,23.6,26.1,0.0,15.5,29.2,65,19.46,1012.4,ward_06_thiruvika_nagar,13.111,80.245,ECMWF_ERA5_Reanalysis
2014-01-11,28.0,21.0,24.0,30.2,22.7,25.9,0.0,11.8,25.6,80,18.84,1013.0,ward_06_thiruvika_nagar,13.111,80.245,ECMWF_ERA5_Reanalysis
2014-01-12,28.2,19.3,23.6,30.7,21.4,25.4,0.0,14.6,28.8,47,18.77,1013.9,ward_06_thiruvika_nagar,13.111,80.245,ECMWF_ERA5_Reanalysis
2014-01-13,28.2,21.6,24.5,29.3,24.0,26.1,0.0,19.6,34.9,41,17.53,1013.6,ward_06_thiruvika_nagar,13.111,80.245,ECMWF_ERA5_Reanalysis
2014-01-14,28.0,21.7,24.5,29.8,24.4,26.3,0.0,16.3,30.6,56,18.02,1013.1,ward_06_thiruvika_nagar,13.111,80.245,ECMWF_ERA5_Reanalysis
2014-01-15,28.7,21.4,24.7,30.9,23.5,26.7,0.0,14.4,28.4,77,18.45,1013.7,ward_06_thiruvika_nagar,13.111,80.245,ECMWF_ERA5_Reanalysis
2014-01-16,28.4,22.2,25.0,30.4,24.4,26.9,0.0,15.9,27.4,87,16.58,1014.1,ward_06_thiruvika_nagar,13.111,80.245,ECMWF_ERA5_Reanalysis
2014-01-17,28.1,21.5,24.6,29.5,23.9,26.3,0.0,17.8,33.8,66,17.72,1014.0,ward_06_thiruvika_nagar,13.111,80.245,ECMWF_ERA5_Reanalysis
2014-01-18,28.0,21.8,24.5,28.9,23.4,25.5,0.0,15.7,32.0,63,18.02,1013.7,ward_06_thiruvika_nagar,13.111,80.245,ECMWF_ERA5_Reanalysis
2014-01-19,27.1,22.1,24.3,29.2,24.4,26.5,1.5,18.8,34.6,56,14.73,1015.3,ward_06_thiruvika_nagar,13.111,80.245,ECMWF_ERA5_Reanalysis
2014-01-20,28.4,22.3,25.0,29.6,24.6,26.6,0.0,21.7,38.9,58,19.26,1015.5,ward_06_thiruvika_nagar,13.111,80.245,ECMWF_ERA5_Reanalysis
2014-01-21,28.0,22.8,25.1,28.5,24.3,25.8,0.0,22.0,38.2,57,16.63,1015.1,ward_06_thiruvika_nagar,13.111,80.245,ECMWF_ERA5_Reanalysis
2014-01-22,28.2,22.8,25.1,28.5,23.9,25.5,0.0,19.7,35.6,71,17.31,1014.0,ward_06_thiruvika_nagar,13.111,80.245,ECMWF_ERA5_Reanalysis
2014-01-23,28.4,21.3,24.5,29.3,22.6,25.6,0.0,17.4,31.7,51,17.73,1014.0,ward_06_thiruvika_nagar,13.111,80.245,ECMWF_ERA5_Reanalysis
2014-01-24,28.5,18.9,23.9,30.5,21.0,25.5,0.0,16.0,30.2,53,19.58,1012.6,ward_06_thiruvika_nagar,13.111,80.245,ECMWF_ERA5_Reanalysis
2014-01-25,28.7,21.6,24.8,30.0,23.4,25.8,0.0,18.2,32.4,58,19.34,1012.2,ward_06_thiruvika_nagar,13.111,80.245,ECMWF_ERA5_Reanalysis
2014-01-26,27.8,21.4,24.8,27.3,23.1,25.2,0.0,23.4,41.0,41,16.23,1012.6,ward_06_thiruvika_nagar,13.111,80.245,ECMWF_ERA5_Reanalysis
2014-01-27,28.8,23.7,25.7,29.3,24.0,25.5,0.0,21.7,39.2,55,18.43,1012.7,ward_06_thiruvika_nagar,13.111,80.245,ECMWF_ERA5_Reanalysis
2014-01-28,28.8,22.4,25.2,29.3,23.2,25.4,0.0,22.5,40.3,51,21.07,1012.6,ward_06_thiruvika_nagar,13.111,80.245,ECMWF_ERA5_Reanalysis
2014-01-29,28.3,21.4,24.6,28.8,23.0,25.2,0.0,22.7,40.7,41,21.75,1012.9,ward_06_thiruvika_nagar,13.111,80.245,ECMWF_ERA5_Reanalysis
2014-01-30,28.6,20.8,24.5,29.2,22.1,25.1,0.0,22.6,40.3,31,21.66,1013.3,ward_06_thiruvika_nagar,13.111,80.245,ECMWF_ERA5_Reanalysis
2014-01-31,28.9,20.7,24.5,30.4,23.0,26.0,0.0,19.6,35.3,37,18.75,1013.0,ward_06_thiruvika_nagar,13.111,80.245,ECMWF_ERA5_Reanalysis
2014-02-01,27.6,22.2,24.6,29.8,24.7,26.5,1.3,19.7,36.4,52,16.85,1012.9,ward_06_thiruvika_nagar,13.111,80.245,ECMWF_ERA5_Reanalysis
2014-02-02,28.5,22.4,24.9,30.7,24.2,26.7,0.0,18.4,34.2,51,20.33,1012.3,ward_06_thiruvika_nagar,13.111,80.245,ECMWF_ERA5_Reanalysis
2014-02-03,29.0,19.3,24.1,31.5,21.5,26.0,0.0,12.6,25.6,54,22.01,1010.7,ward_06_thiruvika_nagar,13.111,80.245,ECMWF_ERA5_Reanalysis
2014-02-04,29.5,18.7,23.9,32.1,20.9,26.0,0.0,12.6,25.9,68,22.73,1009.0,ward_06_thiruvika_nagar,13.111,80.245,ECMWF_ERA5_Reanalysis
2014-02-05,30.0,18.4,23.8,32.0,20.8,25.5,0.0,11.8,23.8,80,23.09,1008.8,ward_06_thiruvika_nagar,13.111,80.245,ECMWF_ERA5_Reanalysis
2014-02-06,29.7,17.4,23.4,32.2,19.2,25.6,0.0,12.6,26.3,82,22.75,1009.3,ward_06_thiruvika_nagar,13.111,80.245,ECMWF_ERA5_Reanalysis
2014-02-07,30.3,18.1,23.4,32.4,20.2,25.7,0.0,11.6,24.1,70,22.25,1009.5,ward_06_thiruvika_nagar,13.111,80.245,ECMWF_ERA5_Reanalysis
2014-02-08,30.5,17.9,23.7,32.4,20.0,25.4,0.0,13.2,24.1,165,22.38,1009.0,ward_06_thiruvika_nagar,13.111,80.245,ECMWF_ERA5_Reanalysis
2014-02-09,30.7,16.7,23.7,31.8,17.9,24.9,0.0,17.8,32.4,177,23.39,1008.0,ward_06_thiruvika_nagar,13.111,80.245,ECMWF_ERA5_Reanalysis
2014-02-10,30.7,19.3,24.5,33.0,21.4,26.5,0.0,14.3,28.4,167,23.14,1008.2,ward_06_thiruvika_nagar,13.111,80.245,ECMWF_ERA5_Reanalysis
2014-02-11,30.3,20.6,24.8,32.2,22.9,26.6,0.0,17.4,31.0,159,21.5,1007.7,ward_06_thiruvika_nagar,13.111,80.245,ECMWF_ERA5_Reanalysis
2014-02-12,30.1,20.0,24.8,32.2,22.8,26.8,0.0,15.6,31.3,143,22.36,1008.0,ward_06_thiruvika_nagar,13.111,80.245,ECMWF_ERA5_Reanalysis
2014-02-13,29.6,21.1,25.1,31.4,22.6,26.4,0.0,16.6,31.7,121,21.12,1010.2,ward_06_thiruvika_nagar,13.111,80.245,ECMWF_ERA5_Reanalysis
2014-02-14,29.9,21.9,25.6,32.0,23.6,27.0,0.0,18.4,33.5,122,17.76,1010.4,ward_06_thiruvika_nagar,13.111,80.245,ECMWF_ERA5_Reanalysis
2014-02-15,30.4,21.6,26.0,32.6,24.3,28.1,0.0,18.1,32.8,143,17.18,1008.6,ward_06_thiruvika_nagar,13.111,80.245,ECMWF_ERA5_Reanalysis
2014-02-16,30.1,23.8,26.6,33.2,26.9,29.3,0.1,18.4,32.4,154,17.01,1008.5,ward_06_thiruvika_nagar,13.111,80.245,ECMWF_ERA5_Reanalysis
2014-02-17,29.6,23.9,25.9,33.8,28.1,29.5,2.6,12.3,22.7,85,11.01,1011.0,ward_06_thiruvika_nagar,13.111,80.245,ECMWF_ERA5_Reanalysis
2014-02-18,29.2,24.0,26.2,31.9,26.5,28.9,0.5,19.8,34.9,60,17.21,1012.9,ward_06_thiruvika_nagar,13.111,80.245,ECMWF_ERA5_Reanalysis
2014-02-19,28.5,23.1,25.5,31.1,26.1,27.8,0.9,18.2,33.8,69,17.67,1012.4,ward_06_thiruvika_nagar,13.111,80.245,ECMWF_ERA5_Reanalysis
2014-02-20,29.0,22.5,25.3,31.4,24.5,26.9,0.0,15.2,29.9,76,20.73,1012.0,ward_06_thiruvika_nagar,13.111,80.245,ECMWF_ERA5_Reanalysis
2014-02-21,29.5,21.1,24.9,32.2,23.8,26.9,0.0,17.8,31.7,74,22.75,1012.5,ward_06_thiruvika_nagar,13.111,80.245,ECMWF_ERA5_Reanalysis
2014-02-22,29.5,20.4,24.4,31.9,22.3,26.0,0.0,15.5,30.2,80,23.33,1012.5,ward_06_thiruvika_nagar,13.111,80.245,ECMWF_ERA5_Reanalysis
2014-02-23,29.0,20.7,24.5,30.9,22.5,26.1,0.0,15.1,29.9,60,22.09,1012.6,ward_06_thiruvika_nagar,13.111,80.245,ECMWF_ERA5_Reanalysis
2014-02-24,27.2,21.8,24.8,28.8,24.5,26.9,1.7,20.3,34.2,65,10.2,1012.9,ward_06_thiruvika_nagar,13.111,80.245,ECMWF_ERA5_Reanalysis
2014-02-25,29.7,23.1,25.8,31.6,25.8,28.0,0.0,17.8,31.0,76,17.8,1013.2,ward_06_thiruvika_nagar,13.111,80.245,ECMWF_ERA5_Reanalysis
2014-02-26,30.0,22.1,25.2,33.3,24.3,27.5,0.0,16.2,30.2,90,22.09,1012.3,ward_06_thiruvika_nagar,13.111,80.245,ECMWF_ERA5_Reanalysis
2014-02-27,30.5,21.1,25.3,33.9,23.0,27.6,0.0,16.8,32.0,109,22.45,1012.0,ward_06_thiruvika_nagar,13.111,80.245,ECMWF_ERA5_Reanalysis
2014-02-28,30.6,22.4,26.0,33.8,24.6,28.0,0.0,20.0,33.8,116,18.36,1011.2,ward_06_thiruvika_nagar,13.111,80.245,ECMWF_ERA5_Reanalysis
2014-03-01,29.3,23.4,26.0,30.9,25.8,27.7,0.0,18.0,33.1,112,17.51,1010.8,ward_06_thiruvika_nagar,13.111,80.245,ECMWF_ERA5_Reanalysis
2014-03-02,30.0,22.6,26.4,32.5,25.8,28.4,0.0,16.6,29.2,113,16.93,1010.4,ward_06_thiruvika_nagar,13.111,80.245,ECMWF_ERA5_Reanalysis
2014-03-03,30.7,23.4,26.7,33.1,26.0,28.4,0.0,18.5,31.0,105,19.27,1010.6,ward_06_thiruvika_nagar,13.111,80.245,ECMWF_ERA5_Reanalysis
2014-03-04,30.1,23.4,26.5,32.1,26.4,28.5,0.0,19.4,35.3,101,17.74,1011.7,ward_06_thiruvika_nagar,13.111,80.245,ECMWF_ERA5_Reanalysis
2014-03-05,30.1,23.5,26.5,32.1,26.1,28.3,0.0,18.8,33.5,96,18.5,1011.8,ward_06_thiruvika_nagar,13.111,80.245,ECMWF_ERA5_Reanalysis
2014-03-06,29.8,23.2,26.3,31.5,26.0,28.2,0.0,18.9,34.9,83,17.18,1011.4,ward_06_thiruvika_nagar,13.111,80.245,ECMWF_ERA5_Reanalysis
2014-03-07,30.3,22.8,26.4,32.2,25.3,28.2,0.0,18.2,32.0,77,21.32,1012.2,ward_06_thiruvika_nagar,13.111,80.245,ECMWF_ERA5_Reanalysis
2014-03-08,30.3,23.0,26.4,32.9,25.6,28.3,0.0,19.2,35.6,71,22.42,1013.0,ward_06_thiruvika_nagar,13.111,80.245,ECMWF_ERA5_Reanalysis
2014-03-09,30.6,23.7,26.9,32.7,26.0,28.7,0.0,17.7,32.8,72,21.15,1012.6,ward_06_thiruvika_nagar,13.111,80.245,ECMWF_ERA5_Reanalysis
2014-03-10,30.5,23.6,26.6,32.2,26.8,28.9,0.7,18.3,32.8,75,16.68,1012.3,ward_06_thiruvika_nagar,13.111,80.245,ECMWF_ERA5_Reanalysis
2014-03-11,30.8,23.6,26.7,33.3,26.2,28.9,0.0,16.0,31.3,90,21.99,1012.3,ward_06_thiruvika_nagar,13.111,80.245,ECMWF_ERA5_Reanalysis
2014-03-12,31.2,22.8,26.3,34.4,25.7,29.0,0.0,14.3,29.2,91,23.99,1012.7,ward_06_thiruvika_nagar,13.111,80.245,ECMWF_ERA5_Reanalysis
2014-03-13,31.0,20.6,25.7,33.8,23.7,28.3,0.0,14.5,29.2,68,23.19,1011.9,ward_06_thiruvika_nagar,13.111,80.245,ECMWF_ERA5_Reanalysis
2014-03-14,31.9,21.2,25.9,34.5,24.7,28.7,0.0,13.9,29.2,72,25.44,1011.9,ward_06_thiruvika_nagar,13.111,80.245,ECMWF_ERA5_Reanalysis
2014-03-15,31.6,19.5,25.5,34.4,22.2,28.2,0.0,14.8,30.2,58,25.61,1012.9,ward_06_thiruvika_nagar,13.111,80.245,ECMWF_ERA5_Reanalysis
2014-03-16,32.3,19.7,25.9,35.3,22.4,28.8,0.0,15.8,31.3,50,25.61,1013.5,ward_06_thiruvika_nagar,13.111,80.245,ECMWF_ERA5_Reanalysis
2014-03-17,32.7,21.3,26.3,36.0,25.1,29.6,0.0,17.0,32.0,71,24.84,1012.7,ward_06_thiruvika_nagar,13.111,80.245,ECMWF_ERA5_Reanalysis
2014-03-18,33.8,21.0,26.3,36.1,24.7,29.6,0.0,17.1,33.1,83,25.04,1012.1,ward_06_thiruvika_nagar,13.111,80.245,ECMWF_ERA5_Reanalysis
2014-03-19,33.2,21.8,27.0,36.9,26.1,30.8,0.0,16.0,30.6,140,24.5,1011.2,ward_06_thiruvika_nagar,13.111,80.245,ECMWF_ERA5_Reanalysis
2014-03-20,34.5,22.7,28.0,39.5,26.8,32.2,0.0,17.4,31.3,153,23.43,1009.6,ward_06_thiruvika_nagar,13.111,80.245,ECMWF_ERA5_Reanalysis
2014-03-21,35.3,24.3,28.7,39.4,29.1,32.9,0.0,16.9,31.3,167,24.08,1007.9,ward_06_thiruvika_nagar,13.111,80.245,ECMWF_ERA5_Reanalysis
2014-03-22,34.9,24.5,28.5,37.9,28.6,31.9,0.0,19.5,34.9,171,24.68,1006.7,ward_06_thiruvika_nagar,13.111,80.245,ECMWF_ERA5_Reanalysis
2014-03-23,34.1,24.8,28.4,36.9,29.0,31.7,0.0,20.1,36.7,165,25.05,1008.1,ward_06_thiruvika_nagar,13.111,80.245,ECMWF_ERA5_Reanalysis
2014-03-24,33.4,22.5,27.5,36.9,26.3,31.0,0.0,19.6,35.6,152,25.65,1009.6,ward_06_thiruvika_nagar,13.111,80.245,ECMWF_ERA5_Reanalysis
2014-03-25,33.9,22.8,27.5,37.2,27.0,31.0,0.0,18.3,34.6,148,25.22,1009.3,ward_06_thiruvika_nagar,13.111,80.245,ECMWF_ERA5_Reanalysis
2014-03-26,32.9,22.0,26.8,36.9,26.4,30.7,0.0,14.6,29.2,105,24.35,1009.2,ward_06_thiruvika_nagar,13.111,80.245,ECMWF_ERA5_Reanalysis
2014-03-27,33.6,22.4,27.2,37.4,27.0,31.0,0.0,13.2,28.1,135,25.25,1009.8,ward_06_thiruvika_nagar,13.111,80.245,ECMWF_ERA5_Reanalysis
2014-03-28,35.0,21.4,27.5,37.8,25.1,30.8,0.0,14.4,26.6,158,25.6,1009.4,ward_06_thiruvika_nagar,13.111,80.245,ECMWF_ERA5_Reanalysis
2014-03-29,36.1,22.4,28.5,39.0,25.9,31.7,0.0,16.1,26.6,177,26.57,1008.2,ward_06_thiruvika_nagar,13.111,80.245,ECMWF_ERA5_Reanalysis
2014-03-30,36.7,23.0,29.0,38.6,26.0,31.6,0.0,18.9,31.7,184,26.6,1007.4,ward_06_thiruvika_nagar,13.111,80.245,ECMWF_ERA5_Reanalysis
2014-03-31,36.7,23.1,29.3,38.1,25.8,31.7,0.0,20.2,36.4,182,26.86,1007.0,ward_06_thiruvika_nagar,13.111,80.245,ECMWF_ERA5_Reanalysis
2014-04-01,36.7,24.0,29.3,38.4,27.6,32.1,0.0,19.5,33.8,180,26.55,1005.9,ward_06_thiruvika_nagar,13.111,80.245,ECMWF_ERA5_Reanalysis
2014-04-02,35.1,24.7,29.0,38.9,29.1,32.8,0.0,18.6,33.8,162,25.81,1006.2,ward_06_thiruvika_nagar,13.111,80.245,ECMWF_ERA5_Reanalysis
2014-04-03,33.9,24.9,28.5,38.2,29.6,32.7,0.0,14.8,29.5,147,24.54,1007.3,ward_06_thiruvika_nagar,13.111,80.245,ECMWF_ERA5_Reanalysis
2014-04-04,34.3,24.1,28.3,38.1,28.5,31.9,0.0,19.2,35.3,158,24.78,1008.6,ward_06_thiruvika_nagar,13.111,80.245,ECMWF_ERA5_Reanalysis
2014-04-05,35.0,24.2,28.7,39.1,28.7,32.5,0.0,18.2,32.8,163,24.71,1008.9,ward_06_thiruvika_nagar,13.111,80.245,ECMWF_ERA5_Reanalysis
2014-04-06,35.2,25.9,29.5,39.3,30.4,33.7,0.0,20.9,36.7,169,25.55,1009.5,ward_06_thiruvika_nagar,13.111,80.245,ECMWF_ERA5_Reanalysis
2014-04-07,35.6,26.0,29.6,39.4,30.8,33.7,0.0,20.4,36.7,180,24.88,1009.9,ward_06_thiruvika_nagar,13.111,80.245,ECMWF_ERA5_Reanalysis
2014-04-08,36.1,25.4,29.8,39.0,29.4,33.1,0.0,23.2,40.3,181,26.28,1008.6,ward_06_thiruvika_nagar,13.111,80.245,ECMWF_ERA5_Reanalysis
2014-04-09,37.3,26.8,30.7,41.3,30.6,34.7,0.0,23.1,36.0,180,25.07,1008.0,ward_06_thiruvika_nagar,13.111,80.245,ECMWF_ERA5_Reanalysis
2014-04-10,35.6,25.8,29.9,40.4,31.8,34.9,0.0,19.3,33.5,161,23.47,1009.0,ward_06_thiruvika_nagar,13.111,80.245,ECMWF_ERA5_Reanalysis
2014-04-11,36.9,26.3,30.6,41.3,31.9,35.0,0.0,16.8,31.3,169,24.85,1008.0,ward_06_thiruvika_nagar,13.111,80.245,ECMWF_ERA5_Reanalysis
2014-04-12,35.5,27.1,30.3,40.1,32.6,35.1,0.2,19.4,35.6,161,24.43,1007.3,ward_06_thiruvika_nagar,13.111,80.245,ECMWF_ERA5_Reanalysis
2014-04-13,34.7,27.1,29.8,39.7,32.5,34.6,0.0,19.9,35.6,146,23.47,1008.3,ward_06_thiruvika_nagar,13.111,80.245,ECMWF_ERA5_Reanalysis
2014-04-14,34.1,26.0,29.4,38.4,31.8,34.2,0.0,18.6,35.3,141,24.06,1009.3,ward_06_thiruvika_nagar,13.111,80.245,ECMWF_ERA5_Reanalysis
2014-04-15,34.0,26.5,29.4,38.5,31.1,34.0,0.0,17.1,33.1,147,23.71,1009.4,ward_06_thiruvika_nagar,13.111,80.245,ECMWF_ERA5_Reanalysis
2014-04-16,34.9,25.4,29.1,39.1,30.4,33.1,0.0,19.7,35.3,164,24.83,1008.1,ward_06_thiruvika_nagar,13.111,80.245,ECMWF_ERA5_Reanalysis
2014-04-17,36.1,25.5,29.8,39.2,29.5,33.1,0.0,22.2,39.2,174,26.24,1006.4,ward_06_thiruvika_nagar,13.111,80.245,ECMWF_ERA5_Reanalysis
2014-04-18,35.5,26.8,30.1,39.9,31.5,34.4,0.0,20.1,37.1,154,25.72,1008.2,ward_06_thiruvika_nagar,13.111,80.245,ECMWF_ERA5_Reanalysis
2014-04-19,35.4,24.5,29.0,39.7,29.5,33.1,0.0,19.0,33.8,148,26.41,1008.1,ward_06_thiruvika_nagar,13.111,80.245,ECMWF_ERA5_Reanalysis
2014-04-20,34.8,23.3,28.4,39.4,28.1,32.7,0.0,14.7,29.9,141,25.63,1007.4,ward_06_thiruvika_nagar,13.111,80.245,ECMWF_ERA5_Reanalysis
2014-04-21,34.5,23.0,28.2,38.1,27.5,32.2,0.0,16.1,31.7,154,25.61,1007.6,ward_06_thiruvika_nagar,13.111,80.245,ECMWF_ERA5_Reanalysis
2014-04-22,34.2,23.7,28.6,38.6,29.1,33.0,0.0,13.6,28.1,113,25.14,1009.3,ward_06_thiruvika_nagar,13.111,80.245,ECMWF_ERA5_Reanalysis
2014-04-23,34.7,24.3,29.0,39.3,29.7,33.6,0.0,13.7,26.6,132,23.85,1008.5,ward_06_thiruvika_nagar,13.111,80.245,ECMWF_ERA5_Reanalysis
2014-04-24,35.8,24.9,29.7,40.1,29.7,34.0,0.0,18.3,33.5,173,25.72,1006.8,ward_06_thiruvika_nagar,13.111,80.245,ECMWF_ERA5_Reanalysis
2014-04-25,36.9,26.7,30.7,41.0,32.0,35.1,0.0,20.4,38.2,173,25.85,1006.7,ward_06_thiruvika_nagar,13.111,80.245,ECMWF_ERA5_Reanalysis
2014-04-26,36.5,27.4,30.8,41.0,32.3,35.2,0.0,21.9,39.6,174,24.39,1006.3,ward_06_thiruvika_nagar,13.111,80.245,ECMWF_ERA5_Reanalysis
2014-04-27,35.5,27.3,30.5,39.9,32.5,35.0,0.0,21.4,38.5,167,24.54,1007.2,ward_06_thiruvika_nagar,13.111,80.245,ECMWF_ERA5_Reanalysis
2014-04-28,35.8,27.7,30.6,40.3,32.6,35.1,0.0,18.7,35.3,166,24.36,1007.4,ward_06_thiruvika_nagar,13.111,80.245,ECMWF_ERA5_Reanalysis
2014-04-29,35.5,26.7,30.3,39.8,31.8,34.6,0.0,23.4,38.9,165,24.37,1006.9,ward_06_thiruvika_nagar,13.111,80.245,ECMWF_ERA5_Reanalysis
2014-04-30,34.8,27.5,30.5,39.9,32.7,35.3,0.0,16.9,30.6,160,21.66,1006.9,ward_06_thiruvika_nagar,13.111,80.245,ECMWF_ERA5_Reanalysis
2014-05-01,35.7,27.5,30.8,39.9,32.7,35.1,0.0,22.7,39.6,171,24.8,1006.3,ward_06_thiruvika_nagar,13.111,80.245,ECMWF_ERA5_Reanalysis
2014-05-02,35.1,28.1,30.7,39.0,33.3,34.9,0.2,22.2,40.0,168,21.72,1006.0,ward_06_thiruvika_nagar,13.111,80.245,ECMWF_ERA5_Reanalysis
2014-05-03,35.2,27.6,30.4,39.6,32.6,34.9,0.7,23.2,41.0,162,23.45,1006.3,ward_06_thiruvika_nagar,13.111,80.245,ECMWF_ERA5_Reanalysis
2014-05-04,33.2,27.2,29.3,37.9,32.0,34.1,1.1,23.2,39.2,140,20.86,1005.7,ward_06_thiruvika_nagar,13.111,80.245,ECMWF_ERA5_Reanalysis
2014-05-05,29.9,25.9,27.6,35.1,30.4,32.4,12.0,17.1,32.0,130,10.14,1006.8,ward_06_thiruvika_nagar,13.111,80.245,ECMWF_ERA5_Reanalysis
2014-05-06,30.2,24.9,27.6,34.2,29.3,32.2,14.5,16.6,32.8,117,15.17,1007.7,ward_06_thiruvika_nagar,13.111,80.245,ECMWF_ERA5_Reanalysis
2014-05-07,29.5,25.6,27.3,34.4,29.3,31.9,16.5,18.9,33.8,150,11.74,1007.3,ward_06_thiruvika_nagar,13.111,80.245,ECMWF_ERA5_Reanalysis
2014-05-08,31.3,25.2,27.7,35.9,29.0,31.8,6.4,22.6,44.3,177,19.13,1006.3,ward_06_thiruvika_nagar,13.111,80.245,ECMWF_ERA5_Reanalysis
2014-05-09,32.4,25.6,28.7,36.2,28.8,32.3,8.4,25.6,43.9,187,21.02,1004.6,ward_06_thiruvika_nagar,13.111,80.245,ECMWF_ERA5_Reanalysis
2014-05-10,34.3,27.6,30.1,40.5,32.0,34.7,0.4,22.5,37.4,193,22.0,1004.3,ward_06_thiruvika_nagar,13.111,80.245,ECMWF_ERA5_Reanalysis
2014-05-11,35.5,27.8,30.9,43.2,33.1,36.4,0.0,18.7,29.9,185,23.17,1005.7,ward_06_thiruvika_nagar,13.111,80.245,ECMWF_ERA5_Reanalysis
2014-05-12,36.6,28.1,31.4,42.6,33.2,36.5,0.0,20.6,31.0,186,25.11,1005.6,ward_06_thiruvika_nagar,13.111,80.245,ECMWF_ERA5_Reanalysis
2014-05-13,36.9,28.6,31.5,42.6,33.5,36.4,0.3,21.3,33.1,185,23.22,1005.7,ward_06_thiruvika_nagar,13.111,80.245,ECMWF_ERA5_Reanalysis
2014-05-14,38.0,28.1,31.8,42.8,31.5,35.9,0.0,18.8,33.1,181,22.06,1004.5,ward_06_thiruvika_nagar,13.111,80.245,ECMWF_ERA5_Reanalysis
2014-05-15,38.4,27.9,32.1,43.0,33.1,36.5,0.0,17.2,32.0,181,24.97,1003.1,ward_06_thiruvika_nagar,13.111,80.245,ECMWF_ERA5_Reanalysis
2014-05-16,38.3,27.3,32.1,42.2,32.6,36.2,0.0,15.0,28.4,146,23.88,1003.0,ward_06_thiruvika_nagar,13.111,80.245,ECMWF_ERA5_Reanalysis
2014-05-17,37.1,27.4,31.5,42.8,33.8,37.0,0.4,14.9,27.7,157,23.82,1004.6,ward_06_thiruvika_nagar,13.111,80.245,ECMWF_ERA5_Reanalysis
2014-05-18,35.8,26.9,30.7,42.1,33.4,36.5,0.0,14.9,31.3,138,24.6,1005.3,ward_06_thiruvika_nagar,13.111,80.245,ECMWF_ERA5_Reanalysis
2014-05-19,36.3,27.2,30.7,40.3,33.1,35.3,0.0,21.0,36.7,172,25.97,1005.5,ward_06_thiruvika_nagar,13.111,80.245,ECMWF_ERA5_Reanalysis
2014-05-20,36.9,27.1,30.9,41.8,33.3,36.3,0.2,18.8,36.0,178,24.35,1005.0,ward_06_thiruvika_nagar,13.111,80.245,ECMWF_ERA5_Reanalysis
2014-05-21,38.0,27.9,31.9,43.0,31.2,35.8,0.1,20.6,37.8,204,24.78,1003.7,ward_06_thiruvika_nagar,13.111,80.245,ECMWF_ERA5_Reanalysis
2014-05-22,39.6,29.1,33.2,44.9,31.9,36.9,0.2,18.5,33.5,223,25.15,1002.0,ward_06_thiruvika_nagar,13.111,80.245,ECMWF_ERA5_Reanalysis
2014-05-23,40.2,29.8,33.4,44.9,32.1,36.8,0.0,22.0,36.4,204,23.32,1000.9,ward_06_thiruvika_nagar,13.111,80.245,ECMWF_ERA5_Reanalysis
2014-05-24,39.4,29.7,33.2,44.8,32.7,36.9,0.0,22.3,37.4,179,22.99,1001.6,ward_06_thiruvika_nagar,13.111,80.245,ECMWF_ERA5_Reanalysis
2014-05-25,40.3,29.6,33.1,44.7,33.3,36.8,0.2,23.2,38.2,177,23.45,1001.9,ward_06_thiruvika_nagar,13.111,80.245,ECMWF_ERA5_Reanalysis
2014-05-26,37.7,29.3,32.4,42.7,32.6,36.2,0.3,19.8,35.3,178,24.71,1003.3,ward_06_thiruvika_nagar,13.111,80.245,ECMWF_ERA5_Reanalysis
2014-05-27,37.3,28.7,31.9,42.3,33.2,36.4,0.0,21.8,39.2,176,24.0,1003.9,ward_06_thiruvika_nagar,13.111,80.245,ECMWF_ERA5_Reanalysis
2014-05-28,36.6,28.8,31.6,41.8,33.6,36.0,0.2,23.0,42.8,177,24.59,1004.9,ward_06_thiruvika_nagar,13.111,80.245,ECMWF_ERA5_Reanalysis
2014-05-29,37.2,28.6,31.7,42.0,32.5,35.6,0.0,21.4,37.4,178,23.1,1005.1,ward_06_thiruvika_nagar,13.111,80.245,ECMWF_ERA5_Reanalysis
2014-05-30,38.5,28.8,32.2,42.9,33.0,36.3,0.2,20.0,37.8,178,24.89,1003.5,ward_06_thiruvika_nagar,13.111,80.245,ECMWF_ERA5_Reanalysis
2014-05-31,38.9,28.1,32.4,45.1,33.6,37.4,0.0,19.2,36.0,170,25.79,1001.7,ward_06_thiruvika_nagar,13.111,80.245,ECMWF_ERA5_Reanalysis
2014-06-01,38.0,28.7,32.7,44.1,33.4,37.5,0.0,20.1,34.6,170,25.62,1001.6,ward_06_thiruvika_nagar,13.111,80.245,ECMWF_ERA5_Reanalysis
2014-06-02,36.9,28.0,31.8,42.7,31.4,36.7,3.4,22.7,35.6,172,23.72,1002.5,ward_06_thiruvika_nagar,13.111,80.245,ECMWF_ERA5_Reanalysis
2014-06-03,36.1,27.1,30.1,43.2,32.0,35.6,8.5,15.3,36.7,230,22.67,1002.1,ward_06_thiruvika_nagar,13.111,80.245,ECMWF_ERA5_Reanalysis
2014-06-04,35.6,28.0,31.2,42.2,33.5,36.4,0.0,19.5,31.0,186,23.77,1001.5,ward_06_thiruvika_nagar,13.111,80.245,ECMWF_ERA5_Reanalysis
2014-06-05,36.4,28.4,31.7,43.2,33.1,37.0,0.6,22.0,32.0,188,22.09,1000.6,ward_06_thiruvika_nagar,13.111,80.245,ECMWF_ERA5_Reanalysis
2014-06-06,37.4,28.1,31.9,43.9,32.7,36.7,1.3,25.3,38.9,221,22.8,1000.0,ward_06_thiruvika_nagar,13.111,80.245,ECMWF_ERA5_Reanalysis
2014-06-07,38.1,28.9,32.8,45.6,32.4,37.2,0.0,19.9,37.4,214,23.33,998.5,ward_06_thiruvika_nagar,13.111,80.245,ECMWF_ERA5_Reanalysis
2014-06-08,39.1,28.0,33.4,44.3,33.1,37.2,4.7,17.3,31.3,223,21.99,998.1,ward_06_thiruvika_nagar,13.111,80.245,ECMWF_ERA5_Reanalysis
2014-06-09,34.4,27.8,29.8,37.8,32.4,34.4,4.7,18.4,35.3,249,9.08,1000.7,ward_06_thiruvika_nagar,13.111,80.245,ECMWF_ERA5_Reanalysis
2014-06-10,37.1,29.0,32.2,41.2,31.2,35.5,0.0,21.9,33.8,214,23.94,1000.4,ward_06_thiruvika_nagar,13.111,80.245,ECMWF_ERA5_Reanalysis
2014-06-11,38.1,28.9,32.7,44.2,30.8,36.1,0.3,22.4,37.4,245,23.89,1000.6,ward_06_thiruvika_nagar,13.111,80.245,ECMWF_ERA5_Reanalysis
2014-06-12,38.4,28.6,32.9,44.8,32.1,36.1,1.5,19.8,35.6,249,23.7,1000.6,ward_06_thiruvika_nagar,13.111,80.245,ECMWF_ERA5_Reanalysis
2014-06-13,36.9,29.5,32.5,41.4,31.6,35.3,0.3,22.6,37.1,255,20.57,1001.2,ward_06_thiruvika_nagar,13.111,80.245,ECMWF_ERA5_Reanalysis
2014-06-14,36.9,30.0,32.5,40.3,32.4,35.5,0.0,17.8,29.2,261,17.04,1002.6,ward_06_thiruvika_nagar,13.111,80.245,ECMWF_ERA5_Reanalysis
2014-06-15,37.7,30.1,33.3,40.8,32.1,36.0,0.0,20.0,38.5,257,23.19,1002.8,ward_06_thiruvika_nagar,13.111,80.245,ECMWF_ERA5_Reanalysis
2014-06-16,38.8,30.0,33.8,42.8,31.4,36.3,0.0,21.6,35.6,236,23.23,1002.0,ward_06_thiruvika_nagar,13.111,80.245,ECMWF_ERA5_Reanalysis
2014-06-17,39.7,30.0,32.9,44.9,30.8,35.7,2.2,22.5,40.0,255,21.26,1001.2,ward_06_thiruvika_nagar,13.111,80.245,ECMWF_ERA5_Reanalysis
2014-06-18,37.4,29.9,33.6,40.1,31.3,35.3,0.0,20.5,37.8,252,19.8,1001.3,ward_06_thiruvika_nagar,13.111,80.245,ECMWF_ERA5_Reanalysis
2014-06-19,37.8,29.9,33.7,40.4,31.7,35.1,0.0,21.8,39.6,238,21.65,1001.2,ward_06_thiruvika_nagar,13.111,80.245,ECMWF_ERA5_Reanalysis
2014-06-20,38.1,29.6,33.1,41.6,30.9,35.0,0.1,23.8,41.4,228,20.78,1001.8,ward_06_thiruvika_nagar,13.111,80.245,ECMWF_ERA5_Reanalysis
2014-06-21,38.3,29.9,33.4,42.1,31.3,35.7,0.4,20.9,36.0,232,20.86,1003.6,ward_06_thiruvika_nagar,13.111,80.245,ECMWF_ERA5_Reanalysis
2014-06-22,37.8,29.9,33.6,41.8,31.6,35.6,0.0,20.0,34.2,229,20.6,1004.8,ward_06_thiruvika_nagar,13.111,80.245,ECMWF_ERA5_Reanalysis
2014-06-23,38.6,30.3,33.8,41.7,31.5,36.0,0.0,22.6,39.6,247,22.87,1003.7,ward_06_thiruvika_nagar,13.111,80.245,ECMWF_ERA5_Reanalysis
2014-06-24,39.2,29.6,33.3,43.1,30.9,35.6,0.0,20.2,38.2,226,22.04,1001.2,ward_06_thiruvika_nagar,13.111,80.245,ECMWF_ERA5_Reanalysis
2014-06-25,39.3,29.7,33.3,43.9,32.0,36.2,0.0,19.5,34.6,207,22.24,1001.2,ward_06_thiruvika_nagar,13.111,80.245,ECMWF_ERA5_Reanalysis
2014-06-26,37.9,30.0,33.2,40.9,32.2,35.8,0.0,19.5,32.0,211,21.11,1003.3,ward_06_thiruvika_nagar,13.111,80.245,ECMWF_ERA5_Reanalysis
2014-06-27,37.6,29.2,32.1,42.1,31.9,36.0,0.8,21.5,34.9,185,20.74,1004.8,ward_06_thiruvika_nagar,13.111,80.245,ECMWF_ERA5_Reanalysis
2014-06-28,36.3,28.7,31.5,41.1,33.1,35.8,1.0,17.7,31.7,196,18.63,1005.1,ward_06_thiruvika_nagar,13.111,80.245,ECMWF_ERA5_Reanalysis
2014-06-29,37.5,27.7,31.5,43.6,32.2,36.2,3.6,19.1,36.4,217,23.54,1003.9,ward_06_thiruvika_nagar,13.111,80.245,ECMWF_ERA5_Reanalysis
2014-06-30,35.9,26.5,30.3,40.5,31.4,34.6,3.6,25.2,38.2,208,16.58,1003.5,ward_06_thiruvika_nagar,13.111,80.245,ECMWF_ERA5_Reanalysis
2014-07-01,36.2,28.3,31.6,42.3,31.3,35.6,0.0,22.1,40.0,223,21.36,1003.9,ward_06_thiruvika_nagar,13.111,80.245,ECMWF_ERA5_Reanalysis
2014-07-02,36.3,28.5,31.7,41.5,30.9,35.0,0.2,20.6,33.5,239,17.91,1003.8,ward_06_thiruvika_nagar,13.111,80.245,ECMWF_ERA5_Reanalysis
2014-07-03,37.0,29.5,32.7,41.1,31.3,35.5,0.0,20.2,35.6,234,21.59,1001.9,ward_06_thiruvika_nagar,13.111,80.245,ECMWF_ERA5_Reanalysis
2014-07-04,37.1,28.3,32.3,42.6,31.1,35.5,1.4,20.6,33.8,225,22.11,1001.0,ward_06_thiruvika_nagar,13.111,80.245,ECMWF_ERA5_Reanalysis
2014-07-05,37.0,27.0,31.4,42.3,31.0,35.1,4.9,21.9,38.9,214,19.92,1001.6,ward_06_thiruvika_nagar,13.111,80.245,ECMWF_ERA5_Reanalysis
2014-07-06,34.3,27.4,29.6,39.2,31.8,34.4,7.4,18.0,32.8,248,18.12,1004.0,ward_06_thiruvika_nagar,13.111,80.245,ECMWF_ERA5_Reanalysis
2014-07-07,33.3,26.5,29.1,38.9,31.2,33.7,8.3,15.5,28.4,220,18.08,1003.8,ward_06_thiruvika_nagar,13.111,80.245,ECMWF_ERA5_Reanalysis
2014-07-08,33.8,26.4,29.4,37.0,30.0,33.2,6.9,16.5,32.8,245,17.8,1002.6,ward_06_thiruvika_nagar,13.111,80.245,ECMWF_ERA5_Reanalysis
2014-07-09,31.9,26.1,28.3,35.3,29.9,31.9,7.7,17.6,39.6,238,11.91,1002.7,ward_06_thiruvika_nagar,13.111,80.245,ECMWF_ERA5_Reanalysis
2014-07-10,30.2,26.0,28.1,33.2,29.6,31.2,2.1,21.3,39.6,249,8.34,1003.8,ward_06_thiruvika_nagar,13.111,80.245,ECMWF_ERA5_Reanalysis
2014-07-11,31.3,26.7,29.0,34.3,28.9,31.0,0.0,20.7,33.1,248,6.38,1004.2,ward_06_thiruvika_nagar,13.111,80.245,ECMWF_ERA5_Reanalysis
2014-07-12,34.0,27.6,30.4,35.9,28.9,31.9,0.0,20.6,38.9,255,13.64,1002.4,ward_06_thiruvika_nagar,13.111,80.245,ECMWF_ERA5_Reanalysis
2014-07-13,34.1,28.1,30.5,36.6,30.0,32.6,0.2,26.4,49.7,258,15.92,1001.8,ward_06_thiruvika_nagar,13.111,80.245,ECMWF_ERA5_Reanalysis
2014-07-14,31.8,28.2,30.1,34.9,30.3,32.1,0.0,23.0,38.5,239,5.67,1001.2,ward_06_thiruvika_nagar,13.111,80.245,ECMWF_ERA5_Reanalysis
2014-07-15,33.2,28.2,30.1,35.3,29.9,32.2,0.1,21.1,41.8,247,13.42,1002.0,ward_06_thiruvika_nagar,13.111,80.245,ECMWF_ERA5_Reanalysis
2014-07-16,36.0,28.0,30.9,38.7,29.9,33.3,0.0,21.3,37.4,219,17.83,1002.9,ward_06_thiruvika_nagar,13.111,80.245,ECMWF_ERA5_Reanalysis
2014-07-17,36.6,27.9,31.8,40.0,29.4,33.6,0.0,20.8,40.7,228,22.13,1003.0,ward_06_thiruvika_nagar,13.111,80.245,ECMWF_ERA5_Reanalysis
2014-07-18,36.3,28.4,31.5,40.7,29.9,33.6,0.2,19.7,36.7,226,21.27,1002.9,ward_06_thiruvika_nagar,13.111,80.245,ECMWF_ERA5_Reanalysis
2014-07-19,35.3,28.9,31.4,37.5,30.3,33.0,0.9,21.3,40.0,246,15.06,1003.3,ward_06_thiruvika_nagar,13.111,80.245,ECMWF_ERA5_Reanalysis
2014-07-20,35.3,29.1,32.1,36.0,30.6,32.9,0.0,27.8,47.5,259,10.96,1003.6,ward_06_thiruvika_nagar,13.111,80.245,ECMWF_ERA5_Reanalysis
2014-07-21,36.7,28.6,32.2,37.5,29.6,33.1,0.0,25.6,45.4,254,14.82,1002.6,ward_06_thiruvika_nagar,13.111,80.245,ECMWF_ERA5_Reanalysis
2014-07-22,36.1,28.3,32.0,37.2,29.3,33.0,0.4,24.1,48.2,252,15.94,1002.8,ward_06_thiruvika_nagar,13.111,80.245,ECMWF_ERA5_Reanalysis
2014-07-23,37.1,28.0,31.5,37.1,29.3,32.4,1.3,26.3,46.4,258,18.14,1003.1,ward_06_thiruvika_nagar,13.111,80.245,ECMWF_ERA5_Reanalysis
2014-07-24,36.2,28.9,31.6,38.5,30.4,33.5,0.0,21.2,39.2,249,14.09,1004.3,ward_06_thiruvika_nagar,13.111,80.245,ECMWF_ERA5_Reanalysis
2014-07-25,37.2,28.6,32.5,40.6,29.5,34.4,0.7,21.6,38.2,273,20.9,1004.7,ward_06_thiruvika_nagar,13.111,80.245,ECMWF_ERA5_Reanalysis
2014-07-26,35.2,28.5,31.6,38.3,30.0,33.9,1.2,17.6,32.0,261,16.6,1005.2,ward_06_thiruvika_nagar,13.111,80.245,ECMWF_ERA5_Reanalysis
2014-07-27,34.9,25.7,30.6,36.9,30.3,33.2,1.8,17.1,37.8,267,13.61,1005.1,ward_06_thiruvika_nagar,13.111,80.245,ECMWF_ERA5_Reanalysis
2014-07-28,32.9,26.7,29.7,35.5,29.6,32.1,1.3,16.9,29.2,245,7.47,1003.7,ward_06_thiruvika_nagar,13.111,80.245,ECMWF_ERA5_Reanalysis
2014-07-29,35.3,28.4,31.3,38.4,30.3,33.6,0.0,18.0,30.6,250,14.61,1003.0,ward_06_thiruvika_nagar,13.111,80.245,ECMWF_ERA5_Reanalysis
2014-07-30,35.3,28.9,31.6,37.4,29.8,33.5,0.0,21.3,36.4,252,13.24,1003.3,ward_06_thiruvika_nagar,13.111,80.245,ECMWF_ERA5_Reanalysis
2014-07-31,37.2,28.9,31.6,39.3,30.6,33.5,0.2,20.6,42.1,237,16.43,1003.0,ward_06_thiruvika_nagar,13.111,80.245,ECMWF_ERA5_Reanalysis
2014-08-01,36.1,28.9,31.6,40.3,31.1,34.3,0.7,21.7,35.3,224,18.01,1003.1,ward_06_thiruvika_nagar,13.111,80.245,ECMWF_ERA5_Reanalysis
2014-08-02,33.8,26.9,30.1,35.9,29.6,32.3,1.5,22.8,41.4,246,10.94,1003.9,ward_06_thiruvika_nagar,13.111,80.245,ECMWF_ERA5_Reanalysis
2014-08-03,35.7,28.4,31.6,37.9,30.3,33.6,1.2,19.3,37.4,237,14.78,1003.0,ward_06_thiruvika_nagar,13.111,80.245,ECMWF_ERA5_Reanalysis
2014-08-04,37.7,28.4,32.5,39.3,30.1,34.1,0.3,24.2,41.4,252,18.94,1001.6,ward_06_thiruvika_nagar,13.111,80.245,ECMWF_ERA5_Reanalysis
2014-08-05,36.1,28.1,31.7,38.1,30.9,33.7,0.2,21.6,41.8,249,15.34,1002.8,ward_06_thiruvika_nagar,13.111,80.245,ECMWF_ERA5_Reanalysis
2014-08-06,36.1,27.3,30.9,38.6,29.5,33.2,0.9,21.3,38.2,225,15.48,1003.9,ward_06_thiruvika_nagar,13.111,80.245,ECMWF_ERA5_Reanalysis
2014-08-07,34.4,27.0,30.7,37.0,30.6,33.1,2.9,19.5,31.0,222,14.58,1003.9,ward_06_thiruvika_nagar,13.111,80.245,ECMWF_ERA5_Reanalysis
2014-08-08,35.0,26.5,29.1,37.6,30.2,32.6,8.3,17.1,30.6,213,13.55,1004.2,ward_06_thiruvika_nagar,13.111,80.245,ECMWF_ERA5_Reanalysis
2014-08-09,31.1,25.2,27.4,34.5,29.1,31.1,13.4,20.8,33.1,217,8.41,1005.5,ward_06_thiruvika_nagar,13.111,80.245,ECMWF_ERA5_Reanalysis
2014-08-10,32.6,24.5,27.5,36.0,28.0,31.0,10.2,18.2,28.4,205,10.5,1005.9,ward_06_thiruvika_nagar,13.111,80.245,ECMWF_ERA5_Reanalysis
2014-08-11,32.9,25.3,28.1,37.9,29.0,32.0,4.6,18.7,32.4,201,16.76,1005.0,ward_06_thiruvika_nagar,13.111,80.245,ECMWF_ERA5_Reanalysis
2014-08-12,32.3,24.7,27.8,37.6,28.8,31.9,16.7,17.6,29.9,219,15.6,1004.7,ward_06_thiruvika_nagar,13.111,80.245,ECMWF_ERA5_Reanalysis
2014-08-13,32.0,26.8,29.1,35.5,29.2,31.9,0.0,19.0,34.6,259,18.62,1005.3,ward_06_thiruvika_nagar,13.111,80.245,ECMWF_ERA5_Reanalysis
2014-08-14,33.2,26.8,29.5,39.2,29.8,33.1,1.6,22.2,28.1,225,20.77,1005.8,ward_06_thiruvika_nagar,13.111,80.245,ECMWF_ERA5_Reanalysis
2014-08-15,33.7,26.1,29.2,40.2,29.5,33.5,6.4,17.9,33.1,223,20.39,1006.2,ward_06_thiruvika_nagar,13.111,80.245,ECMWF_ERA5_Reanalysis
2014-08-16,32.5,25.8,28.6,38.1,29.6,33.1,3.2,15.3,28.8,219,19.83,1006.7,ward_06_thiruvika_nagar,13.111,80.245,ECMWF_ERA5_Reanalysis
2014-08-17,33.0,26.0,28.7,38.9,29.8,33.2,8.4,17.6,27.4,193,20.4,1006.1,ward_06_thiruvika_nagar,13.111,80.245,ECMWF_ERA5_Reanalysis
2014-08-18,31.9,25.6,28.4,39.0,30.1,33.2,1.4,17.2,29.5,198,20.58,1006.6,ward_06_thiruvika_nagar,13.111,80.245,ECMWF_ERA5_Reanalysis
2014-08-19,31.9,25.2,28.0,37.2,29.1,32.5,11.8,18.7,32.8,189,21.9,1007.0,ward_06_thiruvika_nagar,13.111,80.245,ECMWF_ERA5_Reanalysis
2014-08-20,31.9,26.5,28.6,36.9,31.1,33.1,0.4,18.5,33.1,181,21.83,1005.6,ward_06_thiruvika_nagar,13.111,80.245,ECMWF_ERA5_Reanalysis
2014-08-21,31.2,26.3,28.4,35.9,31.0,32.8,0.2,20.2,34.2,174,21.33,1003.7,ward_06_thiruvika_nagar,13.111,80.245,ECMWF_ERA5_Reanalysis
2014-08-22,31.0,26.1,28.3,36.5,30.5,32.6,0.8,18.2,33.5,150,21.12,1003.7,ward_06_thiruvika_nagar,13.111,80.245,ECMWF_ERA5_Reanalysis
2014-08-23,31.1,25.5,27.7,37.5,29.9,32.3,6.8,17.4,29.5,165,18.92,1004.8,ward_06_thiruvika_nagar,13.111,80.245,ECMWF_ERA5_Reanalysis
2014-08-24,32.6,26.5,28.9,37.9,30.9,33.5,0.5,19.9,32.4,191,20.79,1005.1,ward_06_thiruvika_nagar,13.111,80.245,ECMWF_ERA5_Reanalysis
2014-08-25,32.1,25.5,28.4,36.6,30.1,32.9,15.9,19.4,28.8,208,15.44,1006.0,ward_06_thiruvika_nagar,13.111,80.245,ECMWF_ERA5_Reanalysis
2014-08-26,31.6,25.6,28.3,35.6,31.0,33.0,1.8,14.6,24.8,209,11.89,1005.8,ward_06_thiruvika_nagar,13.111,80.245,ECMWF_ERA5_Reanalysis
2014-08-27,30.0,26.6,28.0,33.7,29.0,31.4,0.4,16.7,30.6,264,9.27,1004.4,ward_06_thiruvika_nagar,13.111,80.245,ECMWF_ERA5_Reanalysis
2014-08-28,31.1,25.4,27.6,33.7,27.5,30.5,2.0,20.8,48.2,244,13.46,1003.2,ward_06_thiruvika_nagar,13.111,80.245,ECMWF_ERA5_Reanalysis
2014-08-29,32.5,26.7,28.9,34.1,27.7,30.7,0.6,25.0,42.8,224,15.8,1001.6,ward_06_thiruvika_nagar,13.111,80.245,ECMWF_ERA5_Reanalysis
2014-08-30,33.5,27.6,29.5,37.0,29.2,31.8,0.0,24.3,45.4,214,17.08,1001.6,ward_06_thiruvika_nagar,13.111,80.245,ECMWF_ERA5_Reanalysis
2014-08-31,35.0,27.6,30.1,37.0,29.0,32.2,0.0,26.4,45.4,217,16.96,1000.6,ward_06_thiruvika_nagar,13.111,80.245,ECMWF_ERA5_Reanalysis
2014-09-01,33.8,27.3,29.7,36.0,29.4,32.1,0.2,20.8,36.4,224,14.32,1001.4,ward_06_thiruvika_nagar,13.111,80.245,ECMWF_ERA5_Reanalysis
2014-09-02,33.5,25.7,29.2,37.7,30.2,32.8,6.7,21.6,35.6,201,17.73,1003.6,ward_06_thiruvika_nagar,13.111,80.245,ECMWF_ERA5_Reanalysis
2014-09-03,32.4,26.0,28.7,36.3,30.5,32.7,5.1,17.9,33.1,195,16.26,1006.0,ward_06_thiruvika_nagar,13.111,80.245,ECMWF_ERA5_Reanalysis
2014-09-04,29.6,25.3,27.2,33.1,30.2,31.5,6.8,19.2,31.7,193,9.69,1006.8,ward_06_thiruvika_nagar,13.111,80.245,ECMWF_ERA5_Reanalysis
2014-09-05,32.4,25.9,28.5,36.6,30.1,32.7,0.8,16.3,31.0,210,16.32,1005.7,ward_06_thiruvika_nagar,13.111,80.245,ECMWF_ERA5_Reanalysis
2014-09-06,32.8,26.7,29.1,36.5,28.6,32.1,0.0,16.6,33.5,235,14.59,1004.4,ward_06_thiruvika_nagar,13.111,80.245,ECMWF_ERA5_Reanalysis
2014-09-07,32.8,26.3,28.4,35.9,29.4,31.7,2.5,17.3,36.7,214,13.7,1004.6,ward_06_thiruvika_nagar,13.111,80.245,ECMWF_ERA5_Reanalysis
2014-09-08,33.9,26.1,29.2,37.9,28.6,32.6,0.0,19.0,31.0,209,23.02,1005.6,ward_06_thiruvika_nagar,13.111,80.245,ECMWF_ERA5_Reanalysis
2014-09-09,34.3,26.6,29.4,40.1,28.2,32.7,0.0,19.8,33.1,225,22.67,1006.3,ward_06_thiruvika_nagar,13.111,80.245,ECMWF_ERA5_Reanalysis
2014-09-10,34.4,26.6,29.7,39.1,29.1,33.1,0.0,17.8,28.1,206,22.68,1005.7,ward_06_thiruvika_nagar,13.111,80.245,ECMWF_ERA5_Reanalysis
2014-09-11,34.6,26.1,29.9,39.6,30.8,33.9,0.1,14.9,28.1,131,24.23,1006.5,ward_06_thiruvika_nagar,13.111,80.245,ECMWF_ERA5_Reanalysis
2014-09-12,34.6,27.2,29.9,40.8,31.1,34.3,1.0,15.0,29.5,187,22.63,1007.1,ward_06_thiruvika_nagar,13.111,80.245,ECMWF_ERA5_Reanalysis
2014-09-13,33.0,26.2,28.5,38.3,31.6,33.7,4.1,13.1,32.0,181,17.67,1006.6,ward_06_thiruvika_nagar,13.111,80.245,ECMWF_ERA5_Reanalysis
2014-09-14,33.5,26.3,29.3,38.6,29.8,33.4,5.2,21.5,28.4,198,20.12,1005.3,ward_06_thiruvika_nagar,13.111,80.245,ECMWF_ERA5_Reanalysis
2014-09-15,33.8,25.8,28.3,40.1,29.7,33.1,13.9,15.0,29.9,235,19.97,1004.2,ward_06_thiruvika_nagar,13.111,80.245,ECMWF_ERA5_Reanalysis
2014-09-16,30.8,25.5,27.6,34.5,29.1,31.4,9.0,19.5,34.6,257,11.19,1002.9,ward_06_thiruvika_nagar,13.111,80.245,ECMWF_ERA5_Reanalysis
2014-09-17,32.9,26.5,28.3,37.4,29.1,31.8,3.3,18.1,36.7,265,15.55,1002.4,ward_06_thiruvika_nagar,13.111,80.245,ECMWF_ERA5_Reanalysis
2014-09-18,27.6,25.1,26.3,31.6,27.4,29.4,11.4,20.0,36.0,263,5.12,1004.2,ward_06_thiruvika_nagar,13.111,80.245,ECMWF_ERA5_Reanalysis
2014-09-19,33.7,26.0,28.4,40.0,28.1,32.3,3.6,18.3,37.8,240,19.07,1004.4,ward_06_thiruvika_nagar,13.111,80.245,ECMWF_ERA5_Reanalysis
2014-09-20,32.9,26.7,28.8,38.8,29.7,33.1,3.2,17.1,30.6,251,20.47,1003.9,ward_06_thiruvika_nagar,13.111,80.245,ECMWF_ERA5_Reanalysis
2014-09-21,32.6,26.4,29.0,38.8,30.7,33.9,1.1,15.3,30.6,200,19.94,1005.0,ward_06_thiruvika_nagar,13.111,80.245,ECMWF_ERA5_Reanalysis
2014-09-22,32.2,25.4,28.6,39.1,28.8,33.6,8.9,17.3,28.4,193,21.29,1006.4,ward_06_thiruvika_nagar,13.111,80.245,ECMWF_ERA5_Reanalysis
2014-09-23,32.4,26.0,28.9,39.4,30.7,34.2,0.9,13.4,22.3,185,22.66,1005.8,ward_06_thiruvika_nagar,13.111,80.245,ECMWF_ERA5_Reanalysis
2014-09-24,32.0,26.0,28.7,37.9,30.9,33.9,0.0,13.8,23.8,179,21.29,1006.3,ward_06_thiruvika_nagar,13.111,80.245,ECMWF_ERA5_Reanalysis
2014-09-25,31.3,26.4,28.3,37.2,31.8,33.4,0.8,14.6,27.7,153,19.59,1007.3,ward_06_thiruvika_nagar,13.111,80.245,ECMWF_ERA5_Reanalysis
2014-09-26,31.1,25.5,28.0,37.2,31.2,33.1,0.2,14.8,26.6,114,20.02,1008.6,ward_06_thiruvika_nagar,13.111,80.245,ECMWF_ERA5_Reanalysis
2014-09-27,30.6,25.2,27.6,37.0,30.8,32.9,3.3,16.1,29.2,104,18.93,1009.3,ward_06_thiruvika_nagar,13.111,80.245,ECMWF_ERA5_Reanalysis
2014-09-28,30.8,25.6,27.7,36.6,30.9,32.9,3.4,15.8,27.7,116,20.1,1009.5,ward_06_thiruvika_nagar,13.111,80.245,ECMWF_ERA5_Reanalysis
2014-09-29,31.0,25.7,28.2,36.5,31.7,33.4,0.3,13.0,28.4,112,19.99,1009.4,ward_06_thiruvika_nagar,13.111,80.245,ECMWF_ERA5_Reanalysis
2014-09-30,31.4,25.5,28.2,36.9,31.5,33.5,0.2,15.4,28.8,112,21.16,1009.0,ward_06_thiruvika_nagar,13.111,80.245,ECMWF_ERA5_Reanalysis
2014-10-01,31.8,24.7,27.9,37.5,30.5,33.2,0.9,15.3,30.2,86,21.39,1009.1,ward_06_thiruvika_nagar,13.111,80.245,ECMWF_ERA5_Reanalysis
2014-10-02,32.1,22.9,27.5,37.5,27.5,32.1,0.0,13.0,27.4,89,23.33,1009.0,ward_06_thiruvika_nagar,13.111,80.245,ECMWF_ERA5_Reanalysis
2014-10-03,31.4,24.2,28.0,36.4,29.3,32.5,0.0,12.5,23.8,138,21.21,1008.3,ward_06_thiruvika_nagar,13.111,80.245,ECMWF_ERA5_Reanalysis
2014-10-04,32.9,24.0,28.4,38.7,28.7,32.9,0.0,14.1,29.2,128,22.0,1008.5,ward_06_thiruvika_nagar,13.111,80.245,ECMWF_ERA5_Reanalysis
2014-10-05,33.6,24.5,28.9,39.1,29.4,33.7,0.2,16.5,28.4,149,21.91,1008.6,ward_06_thiruvika_nagar,13.111,80.245,ECMWF_ERA5_Reanalysis
2014-10-06,34.4,25.1,29.3,39.7,29.3,34.1,7.3,16.0,32.0,95,21.72,1007.9,ward_06_thiruvika_nagar,13.111,80.245,ECMWF_ERA5_Reanalysis
2014-10-07,31.1,24.4,27.5,36.7,29.1,32.4,2.7,11.6,26.3,53,19.34,1006.9,ward_06_thiruvika_nagar,13.111,80.245,ECMWF_ERA5_Reanalysis
2014-10-08,31.7,24.6,27.8,37.6,28.3,32.4,1.5,12.6,25.6,360,19.61,1006.6,ward_06_thiruvika_nagar,13.111,80.245,ECMWF_ERA5_Reanalysis
2014-10-09,32.1,25.4,28.3,37.3,30.2,33.4,0.2,11.5,22.7,23,18.87,1006.3,ward_06_thiruvika_nagar,13.111,80.245,ECMWF_ERA5_Reanalysis
2014-10-10,33.1,25.5,29.1,37.4,30.8,33.8,0.5,17.3,31.7,222,15.99,1004.7,ward_06_thiruvika_nagar,13.111,80.245,ECMWF_ERA5_Reanalysis
2014-10-11,33.7,27.0,30.2,37.5,30.2,33.5,0.0,17.3,30.6,247,12.73,1002.6,ward_06_thiruvika_nagar,13.111,80.245,ECMWF_ERA5_Reanalysis
2014-10-12,34.4,28.2,30.8,37.8,31.0,33.6,0.0,20.5,34.6,232,13.86,1002.2,ward_06_thiruvika_nagar,13.111,80.245,ECMWF_ERA5_Reanalysis
2014-10-13,36.1,26.0,30.2,39.8,29.3,33.5,0.0,23.1,35.6,191,22.25,1004.1,ward_06_thiruvika_nagar,13.111,80.245,ECMWF_ERA5_Reanalysis
2014-10-14,34.1,26.5,29.7,38.9,30.7,33.9,0.5,21.4,35.3,162,21.86,1007.2,ward_06_thiruvika_nagar,13.111,80.245,ECMWF_ERA5_Reanalysis
2014-10-15,31.5,25.5,28.2,36.1,29.9,32.6,4.6,17.8,33.1,89,18.69,1009.7,ward_06_thiruvika_nagar,13.111,80.245,ECMWF_ERA5_Reanalysis
2014-10-16,31.0,25.0,27.4,35.0,29.8,31.9,3.4,15.6,29.5,71,17.53,1009.7,ward_06_thiruvika_nagar,13.111,80.245,ECMWF_ERA5_Reanalysis
2014-10-17,28.6,24.9,26.2,33.2,29.1,30.7,18.3,15.5,33.5,73,9.09,1009.9,ward_06_thiruvika_nagar,13.111,80.245,ECMWF_ERA5_Reanalysis
2014-10-18,27.2,24.3,25.8,31.7,28.6,30.3,19.2,13.8,28.1,66,7.48,1009.6,ward_06_thiruvika_nagar,13.111,80.245,ECMWF_ERA5_Reanalysis
2014-10-19,26.0,24.3,25.2,31.3,28.7,29.8,23.5,13.4,27.4,58,4.83,1009.2,ward_06_thiruvika_nagar,13.111,80.245,ECMWF_ERA5_Reanalysis
2014-10-20,26.8,24.4,25.4,31.8,29.0,30.2,20.3,14.9,25.2,61,5.17,1009.5,ward_06_thiruvika_nagar,13.111,80.245,ECMWF_ERA5_Reanalysis
2014-10-21,28.9,24.5,26.1,33.7,29.3,30.9,5.8,14.5,32.0,65,15.11,1010.8,ward_06_thiruvika_nagar,13.111,80.245,ECMWF_ERA5_Reanalysis
2014-10-22,29.2,24.6,26.5,33.8,29.0,30.6,3.6,18.4,34.6,49,16.12,1011.1,ward_06_thiruvika_nagar,13.111,80.245,ECMWF_ERA5_Reanalysis
2014-10-23,27.6,24.5,25.7,31.7,29.3,30.4,14.9,12.6,28.8,65,10.85,1010.7,ward_06_thiruvika_nagar,13.111,80.245,ECMWF_ERA5_Reanalysis
2014-10-24,29.0,24.1,25.9,34.6,28.9,30.9,9.6,13.2,24.1,88,14.3,1009.8,ward_06_thiruvika_nagar,13.111,80.245,ECMWF_ERA5_Reanalysis
2014-10-25,29.3,24.2,26.4,35.8,29.3,31.3,10.5,13.2,27.0,144,17.12,1009.6,ward_06_thiruvika_nagar,13.111,80.245,ECMWF_ERA5_Reanalysis
2014-10-26,28.7,24.2,26.1,35.1,29.1,31.0,7.3,10.4,20.9,119,12.19,1011.1,ward_06_thiruvika_nagar,13.111,80.245,ECMWF_ERA5_Reanalysis
2014-10-27,29.8,23.9,26.0,36.3,28.8,31.1,14.8,9.6,24.1,18,15.32,1011.0,ward_06_thiruvika_nagar,13.111,80.245,ECMWF_ERA5_Reanalysis
2014-10-28,29.3,24.1,26.7,33.8,28.0,30.7,3.0,14.4,23.4,2,16.19,1009.8,ward_06_thiruvika_nagar,13.111,80.245,ECMWF_ERA5_Reanalysis
2014-10-29,28.9,25.0,26.7,31.6,28.5,29.8,1.5,22.9,38.9,12,16.62,1009.6,ward_06_thiruvika_nagar,13.111,80.245,ECMWF_ERA5_Reanalysis
2014-10-30,29.8,24.9,26.9,31.8,27.5,29.1,0.0,25.6,45.0,14,20.69,1009.1,ward_06_thiruvika_nagar,13.111,80.245,ECMWF_ERA5_Reanalysis
2014-10-31,27.8,24.1,25.5,30.1,26.3,27.9,17.6,25.7,42.1,0,12.02,1008.8,ward_06_thiruvika_nagar,13.111,80.245,ECMWF_ERA5_Reanalysis
2014-11-01,27.1,21.3,24.2,30.1,21.3,26.3,36.6,23.8,39.6,356,8.13,1008.6,ward_06_thiruvika_nagar,13.111,80.245,ECMWF_ERA5_Reanalysis
2014-11-02,27.3,23.9,25.3,31.0,27.3,29.2,32.2,20.5,36.0,18,10.22,1009.6,ward_06_thiruvika_nagar,13.111,80.245,ECMWF_ERA5_Reanalysis
2014-11-03,28.4,24.5,26.3,31.9,28.1,29.8,6.0,16.4,33.5,20,7.73,1009.6,ward_06_thiruvika_nagar,13.111,80.245,ECMWF_ERA5_Reanalysis
2014-11-04,29.8,23.5,26.3,32.8,27.4,30.0,0.1,17.3,31.3,355,12.68,1009.0,ward_06_thiruvika_nagar,13.111,80.245,ECMWF_ERA5_Reanalysis
2014-11-05,30.3,22.7,25.8,32.3,25.9,28.7,0.0,14.8,26.6,323,15.21,1009.5,ward_06_thiruvika_nagar,13.111,80.245,ECMWF_ERA5_Reanalysis
2014-11-06,31.3,21.4,25.9,33.7,22.6,27.9,0.0,19.5,32.8,345,21.59,1008.6,ward_06_thiruvika_nagar,13.111,80.245,ECMWF_ERA5_Reanalysis
2014-11-07,31.0,21.1,25.9,33.9,22.6,28.3,0.0,16.7,29.9,350,19.54,1008.5,ward_06_thiruvika_nagar,13.111,80.245,ECMWF_ERA5_Reanalysis
2014-11-08,30.3,22.8,26.2,33.4,26.4,29.3,0.5,13.0,25.6,4,15.63,1008.9,ward_06_thiruvika_nagar,13.111,80.245,ECMWF_ERA5_Reanalysis
2014-11-09,30.4,24.0,26.0,34.3,27.5,29.6,1.6,11.8,25.2,330,14.33,1009.5,ward_06_thiruvika_nagar,13.111,80.245,ECMWF_ERA5_Reanalysis
2014-11-10,29.6,22.7,26.1,34.3,26.3,30.0,0.0,12.6,23.8,40,17.29,1009.5,ward_06_thiruvika_nagar,13.111,80.245,ECMWF_ERA5_Reanalysis
2014-11-11,29.8,23.6,26.5,34.3,28.4,30.8,1.2,17.4,31.7,54,17.55,1009.3,ward_06_thiruvika_nagar,13.111,80.245,ECMWF_ERA5_Reanalysis
2014-11-12,25.8,24.3,24.9,30.1,27.0,28.3,35.3,23.0,40.3,56,5.08,1009.0,ward_06_thiruvika_nagar,13.111,80.245,ECMWF_ERA5_Reanalysis
2014-11-13,26.2,24.0,25.0,29.9,27.1,28.7,37.9,16.9,38.9,104,6.6,1010.2,ward_06_thiruvika_nagar,13.111,80.245,ECMWF_ERA5_Reanalysis
2014-11-14,28.2,24.0,25.7,33.3,28.3,30.2,6.4,13.6,29.2,79,13.75,1011.7,ward_06_thiruvika_nagar,13.111,80.245,ECMWF_ERA5_Reanalysis
2014-11-15,28.8,24.0,25.9,34.4,27.8,30.1,1.0,16.3,30.2,30,15.18,1011.1,ward_06_thiruvika_nagar,13.111,80.245,ECMWF_ERA5_Reanalysis
2014-11-16,28.4,23.8,25.8,32.1,26.8,29.0,0.8,17.3,30.2,36,15.97,1010.6,ward_06_thiruvika_nagar,13.111,80.245,ECMWF_ERA5_Reanalysis
2014-11-17,28.7,23.6,25.7,31.9,27.0,28.6,0.0,19.2,34.2,36,18.8,1011.0,ward_06_thiruvika_nagar,13.111,80.245,ECMWF_ERA5_Reanalysis
2014-11-18,28.9,24.4,26.4,31.6,26.9,29.0,0.2,21.4,37.4,41,17.69,1011.9,ward_06_thiruvika_nagar,13.111,80.245,ECMWF_ERA5_Reanalysis
2014-11-19,29.0,24.4,26.3,32.3,27.2,28.9,0.0,19.0,33.5,37,18.96,1011.9,ward_06_thiruvika_nagar,13.111,80.245,ECMWF_ERA5_Reanalysis
2014-11-20,28.8,23.4,25.9,31.4,26.5,28.3,0.0,21.3,37.1,34,18.48,1010.9,ward_06_thiruvika_nagar,13.111,80.245,ECMWF_ERA5_Reanalysis
2014-11-21,29.0,22.9,25.8,32.0,25.6,28.4,0.0,17.6,31.7,29,17.49,1011.0,ward_06_thiruvika_nagar,13.111,80.245,ECMWF_ERA5_Reanalysis
2014-11-22,27.8,23.6,25.6,30.9,26.5,28.8,1.4,16.6,30.6,31,13.12,1010.4,ward_06_thiruvika_nagar,13.111,80.245,ECMWF_ERA5_Reanalysis
2014-11-23,28.7,22.8,25.4,31.6,26.0,28.0,0.0,16.5,30.2,37,17.94,1010.5,ward_06_thiruvika_nagar,13.111,80.245,ECMWF_ERA5_Reanalysis
2014-11-24,28.4,23.5,25.5,30.2,25.6,27.3,0.0,21.8,38.5,35,18.27,1010.7,ward_06_thiruvika_nagar,13.111,80.245,ECMWF_ERA5_Reanalysis
2014-11-25,27.9,23.3,25.2,28.3,24.5,26.0,0.0,26.5,46.4,29,17.34,1010.6,ward_06_thiruvika_nagar,13.111,80.245,ECMWF_ERA5_Reanalysis
2014-11-26,27.8,23.5,25.4,27.5,24.5,25.9,0.0,25.9,43.9,31,16.03,1008.9,ward_06_thiruvika_nagar,13.111,80.245,ECMWF_ERA5_Reanalysis
2014-11-27,27.9,23.3,25.4,28.3,24.3,26.1,0.0,23.2,40.0,26,15.03,1008.7,ward_06_thiruvika_nagar,13.111,80.245,ECMWF_ERA5_Reanalysis
2014-11-28,27.8,23.7,25.5,28.0,25.4,26.5,0.0,28.6,46.8,16,12.65,1009.5,ward_06_thiruvika_nagar,13.111,80.245,ECMWF_ERA5_Reanalysis
2014-11-29,26.6,24.3,25.4,27.5,25.2,26.3,4.5,26.5,45.4,12,7.41,1009.3,ward_06_thiruvika_nagar,13.111,80.245,ECMWF_ERA5_Reanalysis
2014-11-30,27.7,24.8,25.7,27.9,25.3,26.5,2.8,27.7,50.8,25,8.6,1009.1,ward_06_thiruvika_nagar,13.111,80.245,ECMWF_ERA5_Reanalysis
2014-12-01,28.3,24.1,26.3,28.6,25.9,27.0,0.0,23.9,40.0,42,12.07,1009.4,ward_06_thiruvika_nagar,13.111,80.245,ECMWF_ERA5_Reanalysis
2014-12-02,28.3,21.9,24.9,30.4,24.0,26.5,0.0,19.9,37.4,35,19.35,1011.0,ward_06_thiruvika_nagar,13.111,80.245,ECMWF_ERA5_Reanalysis
2014-12-03,28.0,19.2,23.7,30.3,21.0,25.7,0.0,14.4,28.4,25,19.53,1011.1,ward_06_thiruvika_nagar,13.111,80.245,ECMWF_ERA5_Reanalysis
2014-12-04,28.0,20.0,23.7,30.3,21.6,25.5,0.0,13.4,26.3,46,20.02,1011.6,ward_06_thiruvika_nagar,13.111,80.245,ECMWF_ERA5_Reanalysis
2014-12-05,27.5,18.8,23.5,29.4,20.9,24.9,0.0,14.2,27.0,48,18.61,1012.1,ward_06_thiruvika_nagar,13.111,80.245,ECMWF_ERA5_Reanalysis
2014-12-06,27.8,22.3,24.7,29.0,23.5,26.0,0.0,15.3,28.1,32,13.9,1011.5,ward_06_thiruvika_nagar,13.111,80.245,ECMWF_ERA5_Reanalysis
2014-12-07,28.1,22.0,25.2,30.2,25.0,27.7,0.0,16.8,29.2,35,11.01,1010.7,ward_06_thiruvika_nagar,13.111,80.245,ECMWF_ERA5_Reanalysis
2014-12-08,28.7,23.4,25.7,31.3,27.0,28.6,0.0,17.1,30.2,38,14.44,1010.8,ward_06_thiruvika_nagar,13.111,80.245,ECMWF_ERA5_Reanalysis
2014-12-09,27.7,23.4,25.4,31.3,27.5,29.2,5.4,14.2,27.0,44,11.89,1011.5,ward_06_thiruvika_nagar,13.111,80.245,ECMWF_ERA5_Reanalysis
2014-12-10,27.2,23.6,25.1,31.0,27.6,29.0,14.2,13.8,27.0,68,10.79,1011.3,ward_06_thiruvika_nagar,13.111,80.245,ECMWF_ERA5_Reanalysis
2014-12-11,28.3,23.2,25.3,32.6,27.9,29.7,3.0,14.0,27.7,60,14.67,1011.3,ward_06_thiruvika_nagar,13.111,80.245,ECMWF_ERA5_Reanalysis
2014-12-12,27.9,23.7,25.5,31.9,27.4,28.8,2.6,20.0,34.9,56,12.51,1011.8,ward_06_thiruvika_nagar,13.111,80.245,ECMWF_ERA5_Reanalysis
2014-12-13,26.8,23.6,24.8,29.1,26.8,27.9,12.6,17.9,32.4,62,9.66,1012.1,ward_06_thiruvika_nagar,13.111,80.245,ECMWF_ERA5_Reanalysis
2014-12-14,28.5,23.8,25.7,31.6,26.7,28.5,0.4,16.0,28.8,63,17.5,1012.0,ward_06_thiruvika_nagar,13.111,80.245,ECMWF_ERA5_Reanalysis
2014-12-15,27.7,22.5,25.0,31.1,25.5,28.1,1.9,16.7,30.6,40,14.62,1011.6,ward_06_thiruvika_nagar,13.111,80.245,ECMWF_ERA5_Reanalysis
2014-12-16,27.5,23.5,25.2,31.1,26.7,28.4,8.1,19.7,34.9,38,11.82,1011.6,ward_06_thiruvika_nagar,13.111,80.245,ECMWF_ERA5_Reanalysis
2014-12-17,28.2,24.7,26.0,29.5,27.0,27.8,1.0,24.9,42.8,36,12.05,1011.7,ward_06_thiruvika_nagar,13.111,80.245,ECMWF_ERA5_Reanalysis
2014-12-18,28.1,24.9,26.1,29.5,25.9,27.4,0.0,25.9,42.8,55,16.3,1012.5,ward_06_thiruvika_nagar,13.111,80.245,ECMWF_ERA5_Reanalysis
2014-12-19,27.4,24.2,25.4,28.1,24.6,26.0,0.0,28.5,49.3,42,15.9,1013.9,ward_06_thiruvika_nagar,13.111,80.245,ECMWF_ERA5_Reanalysis
2014-12-20,26.8,23.0,24.6,26.9,23.6,24.9,0.0,23.7,40.3,30,15.39,1012.9,ward_06_thiruvika_nagar,13.111,80.245,ECMWF_ERA5_Reanalysis
2014-12-21,27.0,22.6,24.4,27.8,23.3,24.9,0.0,20.9,36.7,30,15.4,1010.7,ward_06_thiruvika_nagar,13.111,80.245,ECMWF_ERA5_Reanalysis
2014-12-22,27.1,23.0,24.6,27.8,24.2,25.5,0.0,23.5,40.0,26,16.43,1010.6,ward_06_thiruvika_nagar,13.111,80.245,ECMWF_ERA5_Reanalysis
2014-12-23,27.6,21.8,24.5,28.4,24.0,26.0,0.0,21.2,36.4,33,13.17,1011.0,ward_06_thiruvika_nagar,13.111,80.245,ECMWF_ERA5_Reanalysis
2014-12-24,27.9,23.2,25.1,29.2,24.7,26.4,0.0,21.9,37.8,23,17.85,1012.3,ward_06_thiruvika_nagar,13.111,80.245,ECMWF_ERA5_Reanalysis
2014-12-25,27.6,21.8,24.3,28.6,23.0,25.0,0.0,26.0,43.6,12,15.42,1012.2,ward_06_thiruvika_nagar,13.111,80.245,ECMWF_ERA5_Reanalysis
2014-12-26,26.9,21.4,24.1,26.2,22.3,24.3,0.0,27.4,46.4,23,14.94,1010.6,ward_06_thiruvika_nagar,13.111,80.245,ECMWF_ERA5_Reanalysis
2014-12-27,26.8,21.7,24.4,25.8,22.6,24.4,0.0,26.8,46.4,20,11.17,1010.4,ward_06_thiruvika_nagar,13.111,80.245,ECMWF_ERA5_Reanalysis
2014-12-28,26.7,23.3,24.7,27.3,24.6,25.9,15.8,26.9,46.8,24,5.93,1010.2,ward_06_thiruvika_nagar,13.111,80.245,ECMWF_ERA5_Reanalysis
2014-12-29,24.0,22.0,23.1,26.6,21.9,24.4,83.4,32.1,49.7,1,1.79,1008.1,ward_06_thiruvika_nagar,13.111,80.245,ECMWF_ERA5_Reanalysis
2014-12-30,25.9,21.8,23.5,27.5,22.8,24.7,50.1,29.7,50.4,348,6.31,1006.0,ward_06_thiruvika_nagar,13.111,80.245,ECMWF_ERA5_Reanalysis
2014-12-31,28.3,23.3,25.1,30.4,26.1,27.7,0.0,22.0,37.8,4,13.97,1006.3,ward_06_thiruvika_nagar,13.111,80.245,ECMWF_ERA5_Reanalysis
2015-01-01,28.7,22.0,25.1,34.1,26.0,29.5,0.0,10.2,22.0,132,14.14,1007.8,ward_06_thiruvika_nagar,13.111,80.245,ECMWF_ERA5_Reanalysis
2015-01-02,28.6,23.3,25.5,34.0,27.0,29.7,0.3,13.2,25.6,159,16.47,1010.1,ward_06_thiruvika_nagar,13.111,80.245,ECMWF_ERA5_Reanalysis
2015-01-03,28.4,23.3,25.2,33.8,27.7,29.9,2.0,9.7,24.8,153,13.69,1011.4,ward_06_thiruvika_nagar,13.111,80.245,ECMWF_ERA5_Reanalysis
2015-01-04,28.3,23.0,25.2,33.5,27.0,29.5,1.2,10.7,20.5,87,14.78,1011.4,ward_06_thiruvika_nagar,13.111,80.245,ECMWF_ERA5_Reanalysis
2015-01-05,28.4,21.6,24.8,31.9,25.2,28.2,0.1,14.4,25.9,38,17.95,1011.1,ward_06_thiruvika_nagar,13.111,80.245,ECMWF_ERA5_Reanalysis
2015-01-06,27.7,21.5,24.5,31.6,25.4,28.3,0.3,10.1,23.0,49,16.72,1011.5,ward_06_thiruvika_nagar,13.111,80.245,ECMWF_ERA5_Reanalysis
2015-01-07,28.0,20.8,24.4,32.3,24.3,28.0,0.1,12.1,20.5,41,16.84,1011.3,ward_06_thiruvika_nagar,13.111,80.245,ECMWF_ERA5_Reanalysis
2015-01-08,27.6,21.5,24.5,31.5,25.2,28.2,0.8,10.9,17.6,117,14.39,1011.6,ward_06_thiruvika_nagar,13.111,80.245,ECMWF_ERA5_Reanalysis
2015-01-09,26.8,21.3,24.0,29.7,24.0,26.7,0.4,15.6,29.2,39,14.84,1013.0,ward_06_thiruvika_nagar,13.111,80.245,ECMWF_ERA5_Reanalysis
2015-01-10,27.0,18.1,23.0,28.4,19.7,24.2,0.0,18.5,33.1,21,20.41,1013.4,ward_06_thiruvika_nagar,13.111,80.245,ECMWF_ERA5_Reanalysis
2015-01-11,26.4,19.8,23.2,26.1,21.2,23.7,0.0,16.3,30.2,33,15.37,1013.5,ward_06_thiruvika_nagar,13.111,80.245,ECMWF_ERA5_Reanalysis
2015-01-12,26.7,20.8,23.3,26.7,21.4,23.3,0.0,19.6,34.6,33,15.89,1012.9,ward_06_thiruvika_nagar,13.111,80.245,ECMWF_ERA5_Reanalysis
2015-01-13,27.2,19.0,23.0,28.0,19.3,23.4,0.0,17.1,31.0,25,21.03,1012.0,ward_06_thiruvika_nagar,13.111,80.245,ECMWF_ERA5_Reanalysis
2015-01-14,26.7,19.8,23.0,27.9,20.7,23.6,0.0,18.2,32.4,42,18.76,1011.9,ward_06_thiruvika_nagar,13.111,80.245,ECMWF_ERA5_Reanalysis
2015-01-15,27.7,18.9,23.2,30.4,20.5,25.0,0.0,17.6,32.0,33,17.22,1011.9,ward_06_thiruvika_nagar,13.111,80.245,ECMWF_ERA5_Reanalysis
2015-01-16,27.6,21.6,24.4,29.4,24.4,26.4,0.1,19.0,33.5,38,16.58,1012.2,ward_06_thiruvika_nagar,13.111,80.245,ECMWF_ERA5_Reanalysis
2015-01-17,28.1,21.0,24.4,29.6,23.4,26.0,0.0,18.2,32.8,47,20.55,1012.8,ward_06_thiruvika_nagar,13.111,80.245,ECMWF_ERA5_Reanalysis
2015-01-18,27.7,21.2,24.0,29.4,22.9,25.3,0.0,15.7,29.5,57,20.95,1013.4,ward_06_thiruvika_nagar,13.111,80.245,ECMWF_ERA5_Reanalysis
2015-01-19,27.5,21.1,23.9,28.7,22.2,25.1,0.0,17.2,31.7,65,20.47,1013.1,ward_06_thiruvika_nagar,13.111,80.245,ECMWF_ERA5_Reanalysis
2015-01-20,27.5,20.3,23.7,28.7,21.0,24.3,0.0,18.4,33.1,57,21.27,1014.6,ward_06_thiruvika_nagar,13.111,80.245,ECMWF_ERA5_Reanalysis
2015-01-21,27.2,20.5,23.5,28.4,21.1,24.0,0.0,19.2,33.8,48,21.63,1016.0,ward_06_thiruvika_nagar,13.111,80.245,ECMWF_ERA5_Reanalysis
2015-01-22,27.0,21.1,23.7,29.8,22.4,25.7,1.1,16.4,30.2,52,13.79,1015.5,ward_06_thiruvika_nagar,13.111,80.245,ECMWF_ERA5_Reanalysis
2015-01-23,27.3,22.3,24.4,30.4,25.2,27.1,1.0,16.6,29.5,60,14.63,1013.3,ward_06_thiruvika_nagar,13.111,80.245,ECMWF_ERA5_Reanalysis
2015-01-24,27.3,22.3,24.5,30.2,24.6,26.8,1.1,17.1,30.2,54,14.87,1013.3,ward_06_thiruvika_nagar,13.111,80.245,ECMWF_ERA5_Reanalysis
2015-01-25,26.9,21.1,23.8,28.0,22.8,24.8,0.0,17.7,32.4,46,19.41,1014.7,ward_06_thiruvika_nagar,13.111,80.245,ECMWF_ERA5_Reanalysis
2015-01-26,27.2,21.3,24.3,27.2,22.5,25.1,0.0,15.9,29.2,55,14.55,1014.0,ward_06_thiruvika_nagar,13.111,80.245,ECMWF_ERA5_Reanalysis
2015-01-27,26.8,21.8,24.1,26.7,23.1,24.8,0.0,20.5,36.0,57,12.1,1012.4,ward_06_thiruvika_nagar,13.111,80.245,ECMWF_ERA5_Reanalysis
2015-01-28,27.2,21.4,24.2,27.8,23.2,25.5,0.0,14.7,26.6,56,13.14,1011.1,ward_06_thiruvika_nagar,13.111,80.245,ECMWF_ERA5_Reanalysis
2015-01-29,27.7,21.6,24.5,29.5,23.9,26.2,0.0,16.6,31.0,58,16.3,1011.8,ward_06_thiruvika_nagar,13.111,80.245,ECMWF_ERA5_Reanalysis
2015-01-30,28.2,22.2,24.8,30.2,24.2,26.4,0.0,15.1,30.2,57,19.2,1013.4,ward_06_thiruvika_nagar,13.111,80.245,ECMWF_ERA5_Reanalysis
2015-01-31,28.2,21.0,24.6,30.6,22.7,26.1,0.0,17.5,32.4,46,20.81,1013.8,ward_06_thiruvika_nagar,13.111,80.245,ECMWF_ERA5_Reanalysis
2015-02-01,28.0,21.1,24.5,29.1,23.2,26.2,0.0,16.5,31.0,58,17.19,1013.6,ward_06_thiruvika_nagar,13.111,80.245,ECMWF_ERA5_Reanalysis
2015-02-02,28.1,21.6,24.7,30.1,23.9,26.1,0.0,20.4,36.4,60,20.26,1014.7,ward_06_thiruvika_nagar,13.111,80.245,ECMWF_ERA5_Reanalysis
2015-02-03,28.3,22.3,24.9,29.1,23.4,25.5,0.0,21.4,37.8,42,18.41,1016.1,ward_06_thiruvika_nagar,13.111,80.245,ECMWF_ERA5_Reanalysis
2015-02-04,28.2,22.5,24.7,29.4,23.9,25.7,0.0,21.0,37.4,38,19.08,1015.5,ward_06_thiruvika_nagar,13.111,80.245,ECMWF_ERA5_Reanalysis
2015-02-05,28.6,21.2,24.4,30.6,23.4,26.1,0.0,17.8,33.8,42,20.81,1013.8,ward_06_thiruvika_nagar,13.111,80.245,ECMWF_ERA5_Reanalysis
2015-02-06,28.7,21.5,24.7,31.4,24.2,26.8,0.0,14.8,28.4,53,20.2,1013.6,ward_06_thiruvika_nagar,13.111,80.245,ECMWF_ERA5_Reanalysis
2015-02-07,28.7,20.1,24.3,30.8,22.5,26.2,0.0,16.9,30.6,53,21.24,1013.2,ward_06_thiruvika_nagar,13.111,80.245,ECMWF_ERA5_Reanalysis
2015-02-08,28.7,20.9,24.6,31.0,23.7,26.4,0.0,18.0,32.0,64,21.15,1012.6,ward_06_thiruvika_nagar,13.111,80.245,ECMWF_ERA5_Reanalysis
2015-02-09,28.4,22.1,24.6,30.0,23.7,25.7,0.0,17.4,33.5,62,19.22,1012.8,ward_06_thiruvika_nagar,13.111,80.245,ECMWF_ERA5_Reanalysis
2015-02-10,28.4,21.8,24.6,29.0,23.0,25.3,0.0,19.9,35.6,48,15.56,1013.4,ward_06_thiruvika_nagar,13.111,80.245,ECMWF_ERA5_Reanalysis
2015-02-11,27.5,21.4,24.6,29.6,23.9,26.7,1.1,20.1,34.2,45,16.95,1012.3,ward_06_thiruvika_nagar,13.111,80.245,ECMWF_ERA5_Reanalysis
2015-02-12,29.5,22.5,25.5,32.1,25.2,27.7,0.0,19.2,34.6,59,19.53,1011.7,ward_06_thiruvika_nagar,13.111,80.245,ECMWF_ERA5_Reanalysis
2015-02-13,30.3,20.7,25.3,34.2,24.0,28.1,0.0,15.2,27.4,89,22.16,1011.4,ward_06_thiruvika_nagar,13.111,80.245,ECMWF_ERA5_Reanalysis
2015-02-14,30.9,19.3,24.8,34.7,21.8,27.7,0.0,16.3,29.9,151,23.32,1010.5,ward_06_thiruvika_nagar,13.111,80.245,ECMWF_ERA5_Reanalysis
2015-02-15,31.6,20.5,25.2,34.7,23.1,27.9,0.0,13.1,23.8,159,23.14,1010.6,ward_06_thiruvika_nagar,13.111,80.245,ECMWF_ERA5_Reanalysis
2015-02-16,30.7,21.4,25.2,34.2,24.7,28.1,0.0,14.0,26.3,146,22.32,1011.8,ward_06_thiruvika_nagar,13.111,80.245,ECMWF_ERA5_Reanalysis
2015-02-17,30.8,20.0,24.7,34.4,23.1,27.6,0.0,14.5,27.0,147,22.12,1011.5,ward_06_thiruvika_nagar,13.111,80.245,ECMWF_ERA5_Reanalysis
2015-02-18,30.2,19.2,24.5,32.4,21.5,26.7,0.0,18.8,34.2,171,23.33,1010.8,ward_06_thiruvika_nagar,13.111,80.245,ECMWF_ERA5_Reanalysis
2015-02-19,30.3,19.6,24.7,32.9,21.6,26.8,0.0,14.6,31.0,153,24.0,1010.7,ward_06_thiruvika_nagar,13.111,80.245,ECMWF_ERA5_Reanalysis
2015-02-20,29.6,21.1,24.7,32.6,23.3,27.0,0.0,14.1,28.4,106,23.29,1011.5,ward_06_thiruvika_nagar,13.111,80.245,ECMWF_ERA5_Reanalysis
2015-02-21,29.8,20.4,24.6,32.5,23.2,26.9,0.0,13.7,26.6,62,23.47,1011.7,ward_06_thiruvika_nagar,13.111,80.245,ECMWF_ERA5_Reanalysis
2015-02-22,30.5,20.1,24.8,32.9,23.2,27.1,0.0,16.3,29.9,59,23.86,1012.2,ward_06_thiruvika_nagar,13.111,80.245,ECMWF_ERA5_Reanalysis
2015-02-23,30.4,19.7,24.5,33.2,22.9,27.1,0.0,12.1,24.5,66,23.75,1012.3,ward_06_thiruvika_nagar,13.111,80.245,ECMWF_ERA5_Reanalysis
2015-02-24,30.9,19.4,24.6,33.7,22.2,27.1,0.0,14.0,25.2,76,24.49,1011.3,ward_06_thiruvika_nagar,13.111,80.245,ECMWF_ERA5_Reanalysis
2015-02-25,30.8,18.9,24.6,32.8,21.7,26.9,0.0,13.4,24.8,108,23.98,1009.9,ward_06_thiruvika_nagar,13.111,80.245,ECMWF_ERA5_Reanalysis
2015-02-26,30.9,20.1,25.6,34.6,23.3,28.5,0.0,16.9,30.6,108,22.37,1008.6,ward_06_thiruvika_nagar,13.111,80.245,ECMWF_ERA5_Reanalysis
2015-02-27,30.5,23.2,26.7,33.9,27.3,30.0,0.5,18.1,32.8,138,18.2,1008.8,ward_06_thiruvika_nagar,13.111,80.245,ECMWF_ERA5_Reanalysis
2015-02-28,29.5,24.1,26.7,32.3,28.1,29.7,1.0,20.5,37.8,138,16.83,1009.2,ward_06_thiruvika_nagar,13.111,80.245,ECMWF_ERA5_Reanalysis
2015-03-01,30.0,24.6,27.0,32.8,27.7,29.4,0.1,20.9,37.8,142,18.62,1009.5,ward_06_thiruvika_nagar,13.111,80.245,ECMWF_ERA5_Reanalysis
2015-03-02,30.0,24.3,26.7,33.1,28.0,29.7,0.9,16.8,31.7,134,18.13,1010.7,ward_06_thiruvika_nagar,13.111,80.245,ECMWF_ERA5_Reanalysis
2015-03-03,31.7,23.9,27.1,36.6,28.4,31.0,0.1,14.6,27.7,135,20.03,1010.1,ward_06_thiruvika_nagar,13.111,80.245,ECMWF_ERA5_Reanalysis
2015-03-04,32.3,24.1,27.7,36.6,28.3,31.2,0.0,17.2,32.4,166,20.67,1009.6,ward_06_thiruvika_nagar,13.111,80.245,ECMWF_ERA5_Reanalysis
2015-03-05,32.0,24.4,27.8,36.9,29.4,31.9,0.6,16.8,32.4,143,20.41,1010.6,ward_06_thiruvika_nagar,13.111,80.245,ECMWF_ERA5_Reanalysis
2015-03-06,31.9,25.2,27.8,36.9,30.0,32.1,0.6,16.6,30.2,104,18.83,1011.7,ward_06_thiruvika_nagar,13.111,80.245,ECMWF_ERA5_Reanalysis
2015-03-07,31.5,25.0,27.4,35.7,29.2,31.6,0.5,17.6,32.8,110,20.3,1011.6,ward_06_thiruvika_nagar,13.111,80.245,ECMWF_ERA5_Reanalysis
2015-03-08,31.4,24.2,27.2,35.6,28.5,31.0,0.7,16.6,32.0,130,20.39,1012.2,ward_06_thiruvika_nagar,13.111,80.245,ECMWF_ERA5_Reanalysis
2015-03-09,30.9,23.5,27.1,34.7,28.6,30.9,0.0,16.2,29.9,94,22.58,1013.1,ward_06_thiruvika_nagar,13.111,80.245,ECMWF_ERA5_Reanalysis
2015-03-10,30.9,22.8,26.5,33.1,26.8,29.3,0.0,16.1,31.3,53,22.8,1013.0,ward_06_thiruvika_nagar,13.111,80.245,ECMWF_ERA5_Reanalysis
2015-03-11,31.0,22.3,26.5,34.0,25.7,28.9,0.0,17.2,32.8,57,21.82,1012.7,ward_06_thiruvika_nagar,13.111,80.245,ECMWF_ERA5_Reanalysis
2015-03-12,31.4,24.8,27.6,34.3,27.6,30.2,0.0,17.7,33.8,66,20.95,1012.6,ward_06_thiruvika_nagar,13.111,80.245,ECMWF_ERA5_Reanalysis
2015-03-13,31.9,23.7,27.2,35.5,27.5,30.6,0.0,15.2,30.2,88,23.39,1012.2,ward_06_thiruvika_nagar,13.111,80.245,ECMWF_ERA5_Reanalysis
2015-03-14,31.7,23.8,27.1,34.9,27.5,29.8,0.0,18.8,33.1,123,24.21,1013.0,ward_06_thiruvika_nagar,13.111,80.245,ECMWF_ERA5_Reanalysis
2015-03-15,31.5,24.5,27.2,35.1,28.0,30.5,0.3,18.1,33.8,127,19.76,1012.9,ward_06_thiruvika_nagar,13.111,80.245,ECMWF_ERA5_Reanalysis
2015-03-16,32.0,22.4,26.7,35.5,26.3,30.0,0.0,16.9,32.0,139,23.9,1012.9,ward_06_thiruvika_nagar,13.111,80.245,ECMWF_ERA5_Reanalysis
2015-03-17,32.2,21.9,26.2,35.9,26.0,29.9,0.0,14.7,29.9,133,24.72,1011.7,ward_06_thiruvika_nagar,13.111,80.245,ECMWF_ERA5_Reanalysis
2015-03-18,34.4,21.2,26.8,36.9,24.6,29.6,0.0,14.6,29.2,173,24.94,1009.6,ward_06_thiruvika_nagar,13.111,80.245,ECMWF_ERA5_Reanalysis
2015-03-19,33.8,21.9,27.2,37.4,25.0,30.6,0.0,15.8,30.2,151,25.21,1010.1,ward_06_thiruvika_nagar,13.111,80.245,ECMWF_ERA5_Reanalysis
2015-03-20,32.4,22.4,26.9,36.5,26.6,30.6,0.0,14.2,28.4,118,24.92,1011.4,ward_06_thiruvika_nagar,13.111,80.245,ECMWF_ERA5_Reanalysis
2015-03-21,33.9,22.0,27.3,37.4,26.2,31.0,0.0,12.4,26.3,141,25.93,1011.9,ward_06_thiruvika_nagar,13.111,80.245,ECMWF_ERA5_Reanalysis
2015-03-22,35.2,21.5,27.6,38.2,24.7,31.0,0.0,15.6,30.2,170,25.97,1010.6,ward_06_thiruvika_nagar,13.111,80.245,ECMWF_ERA5_Reanalysis
2015-03-23,34.2,24.0,28.3,38.3,28.1,32.2,0.0,18.1,33.8,175,25.46,1009.0,ward_06_thiruvika_nagar,13.111,80.245,ECMWF_ERA5_Reanalysis
2015-03-24,33.9,23.5,27.8,38.2,27.5,31.7,0.0,20.1,36.7,173,24.48,1008.5,ward_06_thiruvika_nagar,13.111,80.245,ECMWF_ERA5_Reanalysis
2015-03-25,32.8,24.0,27.8,36.5,28.2,31.4,0.0,18.0,36.4,156,23.9,1009.6,ward_06_thiruvika_nagar,13.111,80.245,ECMWF_ERA5_Reanalysis
2015-03-26,32.1,24.4,27.8,35.8,28.5,31.4,0.0,14.8,29.5,122,23.64,1011.5,ward_06_thiruvika_nagar,13.111,80.245,ECMWF_ERA5_Reanalysis
2015-03-27,32.4,24.9,28.0,36.4,28.6,31.7,0.0,14.0,28.4,90,24.48,1011.8,ward_06_thiruvika_nagar,13.111,80.245,ECMWF_ERA5_Reanalysis
2015-03-28,33.6,24.1,28.5,38.0,28.9,32.5,0.0,17.9,32.8,114,24.88,1010.5,ward_06_thiruvika_nagar,13.111,80.245,ECMWF_ERA5_Reanalysis
2015-03-29,33.3,25.1,28.6,37.6,30.1,32.6,0.0,16.0,31.3,135,25.21,1009.2,ward_06_thiruvika_nagar,13.111,80.245,ECMWF_ERA5_Reanalysis
2015-03-30,33.2,25.9,29.1,37.3,30.6,33.0,0.0,16.8,32.4,142,23.38,1009.0,ward_06_thiruvika_nagar,13.111,80.245,ECMWF_ERA5_Reanalysis
2015-03-31,33.1,26.0,29.0,37.7,31.2,33.4,0.3,17.9,34.6,131,21.47,1009.2,ward_06_thiruvika_nagar,13.111,80.245,ECMWF_ERA5_Reanalysis
2015-04-01,33.1,26.1,29.1,37.3,31.5,33.4,0.8,18.5,37.1,145,20.95,1008.9,ward_06_thiruvika_nagar,13.111,80.245,ECMWF_ERA5_Reanalysis
2015-04-02,34.6,26.5,29.6,38.5,30.9,33.5,0.0,20.5,35.3,174,22.79,1007.7,ward_06_thiruvika_nagar,13.111,80.245,ECMWF_ERA5_Reanalysis
2015-04-03,36.8,26.4,30.3,41.3,30.3,34.3,0.0,20.4,35.6,179,25.1,1005.5,ward_06_thiruvika_nagar,13.111,80.245,ECMWF_ERA5_Reanalysis
2015-04-04,36.6,27.5,30.7,41.2,31.7,34.7,0.0,21.6,37.1,178,24.2,1003.7,ward_06_thiruvika_nagar,13.111,80.245,ECMWF_ERA5_Reanalysis
2015-04-05,35.5,27.3,30.2,39.7,31.6,34.3,0.0,22.8,38.5,172,24.35,1005.0,ward_06_thiruvika_nagar,13.111,80.245,ECMWF_ERA5_Reanalysis
2015-04-06,34.8,26.9,29.8,38.0,30.8,33.1,0.0,22.8,40.7,170,23.88,1005.7,ward_06_thiruvika_nagar,13.111,80.245,ECMWF_ERA5_Reanalysis
2015-04-07,34.7,26.7,29.8,38.9,30.7,33.6,0.0,21.7,38.9,165,24.04,1006.6,ward_06_thiruvika_nagar,13.111,80.245,ECMWF_ERA5_Reanalysis
2015-04-08,32.7,26.6,29.2,36.7,31.5,33.4,0.5,22.1,38.2,159,22.58,1008.3,ward_06_thiruvika_nagar,13.111,80.245,ECMWF_ERA5_Reanalysis
2015-04-09,33.2,26.2,29.1,38.0,31.4,33.5,1.2,19.6,36.4,145,21.33,1008.8,ward_06_thiruvika_nagar,13.111,80.245,ECMWF_ERA5_Reanalysis
2015-04-10,34.2,26.5,29.4,38.7,30.3,33.3,0.0,18.7,34.9,157,24.73,1009.1,ward_06_thiruvika_nagar,13.111,80.245,ECMWF_ERA5_Reanalysis
2015-04-11,34.8,25.7,29.2,38.1,29.8,32.4,0.0,20.6,37.1,164,24.61,1009.3,ward_06_thiruvika_nagar,13.111,80.245,ECMWF_ERA5_Reanalysis
2015-04-12,33.7,25.4,29.0,37.8,29.7,32.5,0.0,18.7,36.0,149,23.19,1010.8,ward_06_thiruvika_nagar,13.111,80.245,ECMWF_ERA5_Reanalysis
2015-04-13,32.2,26.5,28.4,34.6,30.1,31.7,0.3,15.1,28.4,147,12.54,1010.8,ward_06_thiruvika_nagar,13.111,80.245,ECMWF_ERA5_Reanalysis
2015-04-14,33.6,24.6,28.4,37.1,28.2,31.7,0.0,18.4,32.0,128,24.71,1009.2,ward_06_thiruvika_nagar,13.111,80.245,ECMWF_ERA5_Reanalysis
2015-04-15,29.2,22.8,25.8,33.7,26.5,29.7,19.9,16.4,32.0,115,15.26,1009.8,ward_06_thiruvika_nagar,13.111,80.245,ECMWF_ERA5_Reanalysis
2015-04-16,31.5,24.4,27.3,38.5,30.0,32.4,2.2,13.0,27.4,79,20.19,1010.4,ward_06_thiruvika_nagar,13.111,80.245,ECMWF_ERA5_Reanalysis
2015-04-17,32.0,25.1,28.3,38.3,30.5,33.2,0.8,14.1,28.4,47,21.53,1008.8,ward_06_thiruvika_nagar,13.111,80.245,ECMWF_ERA5_Reanalysis
2015-04-18,33.2,25.1,28.6,39.3,29.6,33.3,0.0,13.3,25.9,128,24.66,1006.8,ward_06_thiruvika_nagar,13.111,80.245,ECMWF_ERA5_Reanalysis
2015-04-19,33.3,24.5,28.8,38.2,29.9,33.4,0.0,15.1,28.8,147,24.33,1007.0,ward_06_thiruvika_nagar,13.111,80.245,ECMWF_ERA5_Reanalysis
2015-04-20,33.0,25.8,29.0,38.1,31.0,33.6,0.5,16.1,26.3,143,20.58,1008.5,ward_06_thiruvika_nagar,13.111,80.245,ECMWF_ERA5_Reanalysis
2015-04-21,33.0,25.4,28.9,38.5,29.8,33.4,5.3,20.0,34.2,165,19.84,1008.5,ward_06_thiruvika_nagar,13.111,80.245,ECMWF_ERA5_Reanalysis
2015-04-22,34.2,26.5,29.8,39.1,31.2,34.0,0.0,22.2,37.8,185,24.57,1007.4,ward_06_thiruvika_nagar,13.111,80.245,ECMWF_ERA5_Reanalysis
2015-04-23,35.8,27.7,30.7,41.0,31.8,34.9,0.0,22.0,40.3,183,25.0,1007.1,ward_06_thiruvika_nagar,13.111,80.245,ECMWF_ERA5_Reanalysis
2015-04-24,35.5,28.0,30.8,40.5,32.5,35.6,0.4,20.2,33.5,188,23.33,1007.9,ward_06_thiruvika_nagar,13.111,80.245,ECMWF_ERA5_Reanalysis
2015-04-25,33.7,25.5,28.8,38.5,29.0,32.9,5.9,20.0,37.1,185,20.96,1007.5,ward_06_thiruvika_nagar,13.111,80.245,ECMWF_ERA5_Reanalysis
2015-04-26,33.0,27.1,29.4,37.7,31.8,33.8,0.4,16.0,31.7,158,22.76,1008.1,ward_06_thiruvika_nagar,13.111,80.245,ECMWF_ERA5_Reanalysis
2015-04-27,33.0,26.8,29.0,38.2,32.1,33.9,1.7,19.4,34.9,160,21.25,1009.0,ward_06_thiruvika_nagar,13.111,80.245,ECMWF_ERA5_Reanalysis
2015-04-28,34.8,26.1,29.7,38.9,31.2,33.9,0.0,20.4,37.1,182,25.55,1008.3,ward_06_thiruvika_nagar,13.111,80.245,ECMWF_ERA5_Reanalysis
2015-04-29,35.5,26.8,30.1,39.7,31.0,33.9,0.4,22.8,40.0,179,24.33,1007.5,ward_06_thiruvika_nagar,13.111,80.245,ECMWF_ERA5_Reanalysis
2015-04-30,35.9,27.1,30.5,41.0,31.1,34.5,0.0,24.2,42.5,183,25.93,1007.6,ward_06_thiruvika_nagar,13.111,80.245,ECMWF_ERA5_Reanalysis
2015-05-01,36.8,27.6,30.8,41.7,31.5,35.1,0.0,23.7,41.0,180,25.74,1006.7,ward_06_thiruvika_nagar,13.111,80.245,ECMWF_ERA5_Reanalysis
2015-05-02,36.3,27.7,30.8,40.9,31.5,34.8,0.0,24.6,43.2,181,25.77,1006.3,ward_06_thiruvika_nagar,13.111,80.245,ECMWF_ERA5_Reanalysis
2015-05-03,35.3,27.7,30.6,40.3,32.4,35.1,0.0,22.6,39.6,169,25.28,1006.6,ward_06_thiruvika_nagar,13.111,80.245,ECMWF_ERA5_Reanalysis
2015-05-04,34.0,27.3,29.9,38.1,32.4,34.3,0.7,21.1,37.8,151,22.5,1007.4,ward_06_thiruvika_nagar,13.111,80.245,ECMWF_ERA5_Reanalysis
2015-05-05,33.4,26.9,29.7,38.5,33.1,34.8,0.5,15.6,30.2,153,21.79,1007.1,ward_06_thiruvika_nagar,13.111,80.245,ECMWF_ERA5_Reanalysis
2015-05-06,34.2,26.6,29.8,38.9,32.5,34.5,0.9,17.4,33.8,164,21.79,1006.1,ward_06_thiruvika_nagar,13.111,80.245,ECMWF_ERA5_Reanalysis
2015-05-07,35.2,27.4,30.3,40.7,33.2,35.4,0.7,17.0,32.4,164,23.54,1006.7,ward_06_thiruvika_nagar,13.111,80.245,ECMWF_ERA5_Reanalysis
2015-05-08,36.3,27.4,31.0,41.8,33.2,36.0,0.0,21.5,40.0,174,24.87,1005.7,ward_06_thiruvika_nagar,13.111,80.245,ECMWF_ERA5_Reanalysis
2015-05-09,36.0,28.0,31.1,40.3,33.5,35.7,0.0,21.0,38.5,172,23.94,1004.3,ward_06_thiruvika_nagar,13.111,80.245,ECMWF_ERA5_Reanalysis
2015-05-10,34.7,28.4,30.9,39.0,34.0,35.7,0.0,17.6,32.8,164,19.02,1004.7,ward_06_thiruvika_nagar,13.111,80.245,ECMWF_ERA5_Reanalysis
2015-05-11,32.7,28.5,30.0,36.7,33.2,34.6,0.4,16.6,28.4,170,10.36,1006.3,ward_06_thiruvika_nagar,13.111,80.245,ECMWF_ERA5_Reanalysis
2015-05-12,34.9,27.8,30.7,41.0,33.1,35.8,0.1,15.9,29.5,153,22.76,1006.3,ward_06_thiruvika_nagar,13.111,80.245,ECMWF_ERA5_Reanalysis
2015-05-13,32.1,26.6,28.0,37.7,31.7,33.1,8.1,14.5,25.2,159,9.18,1006.1,ward_06_thiruvika_nagar,13.111,80.245,ECMWF_ERA5_Reanalysis
2015-05-14,29.9,25.8,27.2,33.9,30.8,32.3,15.9,15.5,30.6,124,11.55,1006.5,ward_06_thiruvika_nagar,13.111,80.245,ECMWF_ERA5_Reanalysis
2015-05-15,31.4,26.0,28.2,37.4,31.0,33.8,4.5,12.7,25.9,159,16.29,1006.6,ward_06_thiruvika_nagar,13.111,80.245,ECMWF_ERA5_Reanalysis
2015-05-16,31.5,26.4,27.8,37.0,31.8,33.0,7.7,14.2,27.0,169,12.54,1005.2,ward_06_thiruvika_nagar,13.111,80.245,ECMWF_ERA5_Reanalysis
2015-05-17,31.5,26.1,28.0,37.3,30.8,32.7,10.5,19.2,28.8,200,12.74,1003.6,ward_06_thiruvika_nagar,13.111,80.245,ECMWF_ERA5_Reanalysis
2015-05-18,33.8,26.0,29.7,39.2,30.6,34.3,0.2,18.7,30.6,201,19.66,1003.4,ward_06_thiruvika_nagar,13.111,80.245,ECMWF_ERA5_Reanalysis
2015-05-19,35.8,27.2,31.1,41.4,31.1,35.5,0.0,21.8,35.6,201,24.64,1003.4,ward_06_thiruvika_nagar,13.111,80.245,ECMWF_ERA5_Reanalysis
2015-05-20,36.4,27.5,31.4,42.8,31.4,35.9,0.0,26.3,40.7,198,25.86,1003.4,ward_06_thiruvika_nagar,13.111,80.245,ECMWF_ERA5_Reanalysis
2015-05-21,37.9,28.7,32.7,42.8,32.0,36.6,0.0,26.6,41.0,201,25.22,1003.1,ward_06_thiruvika_nagar,13.111,80.245,ECMWF_ERA5_Reanalysis
2015-05-22,37.7,29.5,32.9,42.3,32.1,36.4,0.0,27.1,42.5,200,23.18,1003.2,ward_06_thiruvika_nagar,13.111,80.245,ECMWF_ERA5_Reanalysis
2015-05-23,38.4,29.7,33.2,43.5,32.7,36.7,0.0,25.0,40.3,202,24.56,1003.1,ward_06_thiruvika_nagar,13.111,80.245,ECMWF_ERA5_Reanalysis
2015-05-24,39.3,29.8,33.5,44.4,32.8,37.1,0.0,24.5,39.2,204,25.38,1003.4,ward_06_thiruvika_nagar,13.111,80.245,ECMWF_ERA5_Reanalysis
2015-05-25,40.1,30.3,33.9,44.9,32.8,37.2,0.0,23.0,37.4,210,25.31,1003.1,ward_06_thiruvika_nagar,13.111,80.245,ECMWF_ERA5_Reanalysis
2015-05-26,39.3,29.7,33.4,43.3,31.9,36.7,0.0,22.1,34.2,202,24.43,1003.6,ward_06_thiruvika_nagar,13.111,80.245,ECMWF_ERA5_Reanalysis
2015-05-27,39.1,29.5,32.9,43.7,31.5,35.7,0.6,26.5,38.5,207,22.61,1003.6,ward_06_thiruvika_nagar,13.111,80.245,ECMWF_ERA5_Reanalysis
2015-05-28,37.5,27.1,31.9,43.0,29.4,35.7,0.0,25.1,42.1,217,24.52,1002.4,ward_06_thiruvika_nagar,13.111,80.245,ECMWF_ERA5_Reanalysis
2015-05-29,37.7,28.5,32.3,43.1,31.5,36.4,0.0,21.6,34.9,197,25.19,1002.7,ward_06_thiruvika_nagar,13.111,80.245,ECMWF_ERA5_Reanalysis
2015-05-30,36.9,28.5,31.6,43.1,32.7,36.2,0.0,18.6,34.6,190,25.33,1003.7,ward_06_thiruvika_nagar,13.111,80.245,ECMWF_ERA5_Reanalysis
2015-05-31,36.9,28.6,31.6,42.2,33.1,36.0,0.0,24.2,44.3,186,24.96,1002.8,ward_06_thiruvika_nagar,13.111,80.245,ECMWF_ERA5_Reanalysis
2015-06-01,34.0,27.7,30.0,39.6,32.6,35.1,5.2,16.6,34.6,190,15.76,1003.3,ward_06_thiruvika_nagar,13.111,80.245,ECMWF_ERA5_Reanalysis
2015-06-02,35.2,27.8,30.4,42.2,33.3,36.0,2.9,14.0,24.1,219,20.12,1004.2,ward_06_thiruvika_nagar,13.111,80.245,ECMWF_ERA5_Reanalysis
2015-06-03,33.8,27.8,30.3,40.2,32.8,35.0,0.0,16.2,26.6,195,16.22,1003.8,ward_06_thiruvika_nagar,13.111,80.245,ECMWF_ERA5_Reanalysis
2015-06-04,34.5,27.8,30.4,40.0,32.4,34.9,0.0,20.8,33.8,181,23.7,1004.3,ward_06_thiruvika_nagar,13.111,80.245,ECMWF_ERA5_Reanalysis
2015-06-05,35.9,27.8,30.8,41.4,31.9,35.3,0.7,19.8,37.1,186,23.18,1004.9,ward_06_thiruvika_nagar,13.111,80.245,ECMWF_ERA5_Reanalysis
2015-06-06,34.9,27.6,30.6,40.4,32.3,35.5,0.7,16.4,29.5,190,19.21,1004.3,ward_06_thiruvika_nagar,13.111,80.245,ECMWF_ERA5_Reanalysis
2015-06-07,36.0,28.1,31.1,40.5,32.1,35.4,1.1,22.3,38.2,188,23.41,1003.8,ward_06_thiruvika_nagar,13.111,80.245,ECMWF_ERA5_Reanalysis
2015-06-08,36.0,28.4,31.2,41.6,32.0,35.4,0.6,23.9,37.1,194,22.18,1004.4,ward_06_thiruvika_nagar,13.111,80.245,ECMWF_ERA5_Reanalysis
2015-06-09,35.2,28.3,30.8,41.3,32.1,35.4,0.9,14.9,27.7,204,21.13,1005.1,ward_06_thiruvika_nagar,13.111,80.245,ECMWF_ERA5_Reanalysis
2015-06-10,36.1,26.8,30.6,42.6,31.9,35.2,2.0,19.5,33.1,195,22.84,1004.1,ward_06_thiruvika_nagar,13.111,80.245,ECMWF_ERA5_Reanalysis
2015-06-11,37.2,28.1,31.8,42.6,31.7,35.6,2.4,25.3,41.0,207,23.44,1003.2,ward_06_thiruvika_nagar,13.111,80.245,ECMWF_ERA5_Reanalysis
2015-06-12,34.5,26.9,29.6,40.4,30.8,34.3,3.2,15.9,27.4,221,19.07,1004.3,ward_06_thiruvika_nagar,13.111,80.245,ECMWF_ERA5_Reanalysis
2015-06-13,35.7,27.6,30.9,40.0,32.6,35.0,0.4,21.3,34.9,203,20.16,1003.3,ward_06_thiruvika_nagar,13.111,80.245,ECMWF_ERA5_Reanalysis
2015-06-14,35.6,27.5,31.1,40.6,31.3,34.8,3.7,17.1,29.2,231,21.06,1002.7,ward_06_thiruvika_nagar,13.111,80.245,ECMWF_ERA5_Reanalysis
2015-06-15,36.1,27.5,31.2,39.8,29.4,34.0,0.0,19.8,34.9,242,21.16,1002.1,ward_06_thiruvika_nagar,13.111,80.245,ECMWF_ERA5_Reanalysis
2015-06-16,34.3,26.1,30.5,36.0,29.6,32.9,2.2,19.2,38.2,262,12.14,1001.9,ward_06_thiruvika_nagar,13.111,80.245,ECMWF_ERA5_Reanalysis
2015-06-17,29.0,26.2,27.2,32.7,29.4,30.5,5.8,21.6,31.0,232,5.03,1001.2,ward_06_thiruvika_nagar,13.111,80.245,ECMWF_ERA5_Reanalysis
2015-06-18,29.0,25.2,26.8,32.4,28.8,30.3,4.5,17.4,31.7,252,4.83,1001.6,ward_06_thiruvika_nagar,13.111,80.245,ECMWF_ERA5_Reanalysis
2015-06-19,31.4,26.2,28.5,34.0,28.8,31.2,0.4,18.7,34.9,248,7.14,1001.3,ward_06_thiruvika_nagar,13.111,80.245,ECMWF_ERA5_Reanalysis
2015-06-20,33.4,27.2,29.6,35.0,28.6,31.0,0.0,23.8,42.8,249,9.61,1000.7,ward_06_thiruvika_nagar,13.111,80.245,ECMWF_ERA5_Reanalysis
2015-06-21,35.2,28.3,31.2,35.9,29.7,32.2,0.0,27.5,50.8,233,13.55,1001.0,ward_06_thiruvika_nagar,13.111,80.245,ECMWF_ERA5_Reanalysis
2015-06-22,36.0,28.3,31.7,36.9,30.3,33.0,0.0,27.7,47.2,223,16.54,1002.3,ward_06_thiruvika_nagar,13.111,80.245,ECMWF_ERA5_Reanalysis
2015-06-23,36.0,28.3,31.8,37.0,30.7,33.9,0.0,25.6,46.4,218,20.32,1003.5,ward_06_thiruvika_nagar,13.111,80.245,ECMWF_ERA5_Reanalysis
2015-06-24,37.1,28.1,32.2,38.7,30.5,34.3,0.0,23.6,43.6,214,21.61,1004.3,ward_06_thiruvika_nagar,13.111,80.245,ECMWF_ERA5_Reanalysis
2015-06-25,37.0,28.9,32.6,37.5,30.4,34.0,0.0,24.8,47.5,229,17.77,1003.6,ward_06_thiruvika_nagar,13.111,80.245,ECMWF_ERA5_Reanalysis
2015-06-26,36.9,28.5,31.8,38.2,31.3,33.6,0.9,22.8,42.8,244,15.62,1002.9,ward_06_thiruvika_nagar,13.111,80.245,ECMWF_ERA5_Reanalysis
2015-06-27,36.2,28.7,32.0,37.6,30.9,33.5,0.3,26.3,44.6,234,16.11,1003.2,ward_06_thiruvika_nagar,13.111,80.245,ECMWF_ERA5_Reanalysis
2015-06-28,37.2,28.2,31.5,41.6,29.7,34.3,0.1,21.3,33.8,221,20.52,1005.0,ward_06_thiruvika_nagar,13.111,80.245,ECMWF_ERA5_Reanalysis
2015-06-29,36.4,28.4,31.3,40.0,31.7,34.6,0.2,23.7,40.7,194,21.38,1006.4,ward_06_thiruvika_nagar,13.111,80.245,ECMWF_ERA5_Reanalysis
2015-06-30,36.4,28.4,31.5,41.2,32.3,35.2,0.0,22.8,34.9,196,20.3,1006.2,ward_06_thiruvika_nagar,13.111,80.245,ECMWF_ERA5_Reanalysis
2015-07-01,37.2,28.7,32.0,41.7,31.9,35.3,0.0,21.1,34.9,194,22.39,1006.5,ward_06_thiruvika_nagar,13.111,80.245,ECMWF_ERA5_Reanalysis
2015-07-02,37.7,29.0,32.5,42.4,32.2,35.9,0.0,20.7,32.8,201,22.92,1006.6,ward_06_thiruvika_nagar,13.111,80.245,ECMWF_ERA5_Reanalysis
2015-07-03,36.7,27.4,31.4,41.8,31.9,35.2,6.6,17.6,30.2,210,19.81,1006.3,ward_06_thiruvika_nagar,13.111,80.245,ECMWF_ERA5_Reanalysis
2015-07-04,37.4,29.4,32.5,42.3,31.7,35.6,0.0,22.0,36.7,216,23.31,1005.3,ward_06_thiruvika_nagar,13.111,80.245,ECMWF_ERA5_Reanalysis
2015-07-05,38.2,29.1,32.8,43.2,30.2,35.3,0.0,21.3,36.4,228,23.43,1003.3,ward_06_thiruvika_nagar,13.111,80.245,ECMWF_ERA5_Reanalysis
2015-07-06,38.8,29.2,33.1,42.7,30.5,35.1,0.0,21.2,35.3,239,25.41,1002.5,ward_06_thiruvika_nagar,13.111,80.245,ECMWF_ERA5_Reanalysis
2015-07-07,38.2,28.3,32.7,41.8,28.2,33.8,0.0,22.6,40.0,242,23.32,1002.3,ward_06_thiruvika_nagar,13.111,80.245,ECMWF_ERA5_Reanalysis
2015-07-08,37.8,29.2,32.6,43.0,30.6,35.3,0.2,19.8,37.1,233,20.71,1003.0,ward_06_thiruvika_nagar,13.111,80.245,ECMWF_ERA5_Reanalysis
2015-07-09,37.4,29.5,33.0,41.1,31.1,35.0,0.1,19.8,35.6,238,19.5,1003.6,ward_06_thiruvika_nagar,13.111,80.245,ECMWF_ERA5_Reanalysis
2015-07-10,36.5,28.5,31.6,39.2,31.7,34.4,3.1,19.8,39.6,241,17.37,1002.0,ward_06_thiruvika_nagar,13.111,80.245,ECMWF_ERA5_Reanalysis
2015-07-11,35.6,29.0,32.1,38.4,30.8,34.2,0.0,19.8,40.3,229,16.9,1002.9,ward_06_thiruvika_nagar,13.111,80.245,ECMWF_ERA5_Reanalysis
2015-07-12,36.6,29.1,32.1,41.9,30.7,35.1,0.0,18.8,34.6,227,21.95,1003.3,ward_06_thiruvika_nagar,13.111,80.245,ECMWF_ERA5_Reanalysis
2015-07-13,37.4,28.1,31.4,43.4,31.8,35.2,4.0,19.1,33.1,203,22.35,1002.6,ward_06_thiruvika_nagar,13.111,80.245,ECMWF_ERA5_Reanalysis
2015-07-14,35.3,27.4,30.9,40.1,31.9,35.2,8.9,17.7,28.4,215,18.68,1001.9,ward_06_thiruvika_nagar,13.111,80.245,ECMWF_ERA5_Reanalysis
2015-07-15,33.7,27.1,30.1,38.3,30.9,34.3,0.9,20.0,37.4,226,14.37,1001.1,ward_06_thiruvika_nagar,13.111,80.245,ECMWF_ERA5_Reanalysis
2015-07-16,35.6,27.9,30.9,41.2,30.7,34.2,0.1,22.5,34.9,213,18.95,1000.1,ward_06_thiruvika_nagar,13.111,80.245,ECMWF_ERA5_Reanalysis
2015-07-17,35.7,27.4,31.2,38.3,30.8,33.9,0.2,25.2,48.2,225,17.72,1000.8,ward_06_thiruvika_nagar,13.111,80.245,ECMWF_ERA5_Reanalysis
2015-07-18,35.8,27.8,31.2,40.0,30.4,34.1,0.4,19.1,39.2,234,18.46,1002.1,ward_06_thiruvika_nagar,13.111,80.245,ECMWF_ERA5_Reanalysis
2015-07-19,36.6,28.1,31.0,40.8,30.7,33.2,3.0,24.6,42.8,248,16.23,1002.4,ward_06_thiruvika_nagar,13.111,80.245,ECMWF_ERA5_Reanalysis
2015-07-20,35.1,27.3,30.7,36.5,30.4,32.6,0.6,20.8,51.5,244,14.72,1001.8,ward_06_thiruvika_nagar,13.111,80.245,ECMWF_ERA5_Reanalysis
2015-07-21,36.0,26.7,30.3,40.6,29.9,33.3,4.5,25.4,34.2,216,18.99,1002.1,ward_06_thiruvika_nagar,13.111,80.245,ECMWF_ERA5_Reanalysis
2015-07-22,35.1,26.9,29.6,39.8,30.2,33.3,3.0,23.1,38.9,202,21.03,1003.2,ward_06_thiruvika_nagar,13.111,80.245,ECMWF_ERA5_Reanalysis
2015-07-23,34.7,27.3,29.7,39.4,30.9,33.3,3.0,21.6,37.8,196,21.69,1004.6,ward_06_thiruvika_nagar,13.111,80.245,ECMWF_ERA5_Reanalysis
2015-07-24,33.9,26.1,29.4,38.8,30.0,33.6,1.7,18.9,32.8,208,21.24,1005.6,ward_06_thiruvika_nagar,13.111,80.245,ECMWF_ERA5_Reanalysis
2015-07-25,34.9,27.6,30.1,39.6,30.0,33.5,0.7,18.3,34.6,221,19.46,1005.2,ward_06_thiruvika_nagar,13.111,80.245,ECMWF_ERA5_Reanalysis
2015-07-26,33.7,26.6,29.2,36.5,29.3,32.3,1.8,19.6,31.0,216,14.37,1005.6,ward_06_thiruvika_nagar,13.111,80.245,ECMWF_ERA5_Reanalysis
2015-07-27,34.4,26.1,29.1,37.8,29.9,32.8,2.5,15.7,29.9,225,12.64,1006.6,ward_06_thiruvika_nagar,13.111,80.245,ECMWF_ERA5_Reanalysis
2015-07-28,35.1,26.5,29.9,40.3,29.3,33.5,1.4,18.2,30.6,219,20.62,1006.8,ward_06_thiruvika_nagar,13.111,80.245,ECMWF_ERA5_Reanalysis
2015-07-29,35.4,27.1,30.4,40.0,30.0,33.6,0.0,22.7,32.8,202,21.67,1006.1,ward_06_thiruvika_nagar,13.111,80.245,ECMWF_ERA5_Reanalysis
2015-07-30,35.1,27.8,30.8,40.0,30.5,33.9,0.0,22.5,35.6,205,21.96,1005.9,ward_06_thiruvika_nagar,13.111,80.245,ECMWF_ERA5_Reanalysis
2015-07-31,34.3,27.1,30.0,39.1,30.7,33.3,1.6,19.5,30.6,208,16.8,1005.7,ward_06_thiruvika_nagar,13.111,80.245,ECMWF_ERA5_Reanalysis
2015-08-01,33.5,27.3,30.1,37.6,31.1,33.7,0.9,16.6,28.8,244,17.07,1006.5,ward_06_thiruvika_nagar,13.111,80.245,ECMWF_ERA5_Reanalysis
2015-08-02,29.8,26.3,27.7,33.0,29.8,31.4,5.6,19.6,32.8,218,9.39,1006.7,ward_06_thiruvika_nagar,13.111,80.245,ECMWF_ERA5_Reanalysis
2015-08-03,34.3,26.6,29.9,38.7,29.1,32.8,3.0,20.8,32.8,216,20.42,1005.2,ward_06_thiruvika_nagar,13.111,80.245,ECMWF_ERA5_Reanalysis
2015-08-04,34.2,27.5,29.8,37.8,30.3,33.0,1.0,21.8,34.2,220,18.55,1004.9,ward_06_thiruvika_nagar,13.111,80.245,ECMWF_ERA5_Reanalysis
2015-08-05,34.5,26.4,29.4,38.7,29.4,32.8,1.2,21.1,32.0,212,18.76,1004.5,ward_06_thiruvika_nagar,13.111,80.245,ECMWF_ERA5_Reanalysis
2015-08-06,34.8,27.4,30.6,38.5,29.2,33.2,0.2,20.7,38.5,237,18.64,1003.4,ward_06_thiruvika_nagar,13.111,80.245,ECMWF_ERA5_Reanalysis
2015-08-07,34.3,27.9,30.6,38.1,29.8,33.7,0.0,17.0,34.6,227,16.94,1003.1,ward_06_thiruvika_nagar,13.111,80.245,ECMWF_ERA5_Reanalysis
2015-08-08,35.4,26.5,30.6,39.2,31.9,34.6,0.9,17.5,33.8,231,18.56,1003.0,ward_06_thiruvika_nagar,13.111,80.245,ECMWF_ERA5_Reanalysis
2015-08-09,34.7,26.9,30.5,39.3,30.9,34.4,3.0,14.9,33.5,242,17.54,1001.4,ward_06_thiruvika_nagar,13.111,80.245,ECMWF_ERA5_Reanalysis
2015-08-10,33.9,26.7,29.9,37.6,31.7,34.0,5.6,18.1,36.4,237,16.96,1001.2,ward_06_thiruvika_nagar,13.111,80.245,ECMWF_ERA5_Reanalysis
2015-08-11,34.2,26.7,30.0,38.1,30.8,33.8,2.5,15.8,34.9,246,16.75,1003.0,ward_06_thiruvika_nagar,13.111,80.245,ECMWF_ERA5_Reanalysis
2015-08-12,33.3,27.0,29.5,37.2,31.4,33.6,0.3,12.6,33.8,243,14.3,1004.2,ward_06_thiruvika_nagar,13.111,80.245,ECMWF_ERA5_Reanalysis
2015-08-13,34.8,27.7,30.5,39.7,30.5,34.3,0.1,15.8,33.5,227,18.4,1004.0,ward_06_thiruvika_nagar,13.111,80.245,ECMWF_ERA5_Reanalysis
2015-08-14,34.5,27.8,30.5,40.9,31.9,35.1,0.6,16.5,30.2,193,22.75,1004.3,ward_06_thiruvika_nagar,13.111,80.245,ECMWF_ERA5_Reanalysis
2015-08-15,35.1,27.3,30.4,41.3,31.0,34.7,2.2,20.0,28.8,200,20.78,1005.2,ward_06_thiruvika_nagar,13.111,80.245,ECMWF_ERA5_Reanalysis
2015-08-16,33.2,26.0,29.0,38.7,29.9,33.5,11.2,19.3,32.4,230,19.2,1006.7,ward_06_thiruvika_nagar,13.111,80.245,ECMWF_ERA5_Reanalysis
2015-08-17,32.5,24.8,28.2,38.5,29.4,33.0,15.6,19.5,29.5,178,21.19,1006.1,ward_06_thiruvika_nagar,13.111,80.245,ECMWF_ERA5_Reanalysis
2015-08-18,31.9,26.1,28.7,36.5,31.4,33.2,0.1,18.8,33.8,175,20.73,1006.9,ward_06_thiruvika_nagar,13.111,80.245,ECMWF_ERA5_Reanalysis
2015-08-19,32.8,26.6,29.2,36.3,30.9,33.1,0.4,21.7,36.4,178,20.72,1007.6,ward_06_thiruvika_nagar,13.111,80.245,ECMWF_ERA5_Reanalysis
2015-08-20,34.0,27.2,29.8,39.2,30.5,34.1,3.0,22.1,34.2,194,22.66,1007.3,ward_06_thiruvika_nagar,13.111,80.245,ECMWF_ERA5_Reanalysis
2015-08-21,32.6,25.8,28.8,39.0,29.8,34.3,20.2,15.5,25.9,227,21.33,1007.4,ward_06_thiruvika_nagar,13.111,80.245,ECMWF_ERA5_Reanalysis
2015-08-22,29.6,25.4,27.3,34.5,29.6,31.5,5.5,19.9,26.6,241,8.64,1006.2,ward_06_thiruvika_nagar,13.111,80.245,ECMWF_ERA5_Reanalysis
2015-08-23,31.9,25.0,27.8,37.1,28.3,31.7,7.5,19.7,32.4,228,13.52,1005.6,ward_06_thiruvika_nagar,13.111,80.245,ECMWF_ERA5_Reanalysis
2015-08-24,33.0,25.7,29.1,37.4,28.9,33.0,0.0,18.4,29.5,244,20.29,1006.0,ward_06_thiruvika_nagar,13.111,80.245,ECMWF_ERA5_Reanalysis
2015-08-25,33.9,26.8,30.0,39.1,29.1,33.8,0.0,17.2,29.9,242,22.94,1005.0,ward_06_thiruvika_nagar,13.111,80.245,ECMWF_ERA5_Reanalysis
2015-08-26,33.6,26.7,29.6,38.2,30.4,33.5,1.2,16.6,31.0,222,15.94,1003.8,ward_06_thiruvika_nagar,13.111,80.245,ECMWF_ERA5_Reanalysis
2015-08-27,31.6,26.1,28.6,35.7,29.6,32.9,5.3,20.2,36.4,237,15.53,1004.0,ward_06_thiruvika_nagar,13.111,80.245,ECMWF_ERA5_Reanalysis
2015-08-28,32.7,26.7,29.2,36.6,30.0,32.7,0.0,18.4,31.3,222,17.69,1004.9,ward_06_thiruvika_nagar,13.111,80.245,ECMWF_ERA5_Reanalysis
2015-08-29,34.3,25.7,29.6,39.5,29.7,33.7,0.0,19.2,29.2,211,24.06,1004.6,ward_06_thiruvika_nagar,13.111,80.245,ECMWF_ERA5_Reanalysis
2015-08-30,34.4,27.1,30.1,40.0,31.6,34.6,0.3,17.8,28.4,201,22.49,1005.5,ward_06_thiruvika_nagar,13.111,80.245,ECMWF_ERA5_Reanalysis
2015-08-31,34.1,27.1,30.1,40.3,32.2,35.1,1.3,15.8,28.1,188,21.74,1006.3,ward_06_thiruvika_nagar,13.111,80.245,ECMWF_ERA5_Reanalysis
2015-09-01,34.9,27.6,30.4,40.2,31.0,34.6,0.0,18.8,30.2,192,22.78,1005.3,ward_06_thiruvika_nagar,13.111,80.245,ECMWF_ERA5_Reanalysis
2015-09-02,34.0,27.9,30.4,40.7,31.4,34.8,0.0,20.7,29.9,182,21.36,1005.0,ward_06_thiruvika_nagar,13.111,80.245,ECMWF_ERA5_Reanalysis
2015-09-03,32.8,27.3,29.5,37.8,31.9,34.2,1.9,20.3,33.5,181,19.84,1006.7,ward_06_thiruvika_nagar,13.111,80.245,ECMWF_ERA5_Reanalysis
2015-09-04,33.6,26.8,29.5,39.9,31.4,34.4,0.3,16.1,28.4,173,22.56,1008.5,ward_06_thiruvika_nagar,13.111,80.245,ECMWF_ERA5_Reanalysis
2015-09-05,33.0,26.6,29.4,38.4,31.5,34.0,0.1,19.1,33.8,188,20.89,1009.3,ward_06_thiruvika_nagar,13.111,80.245,ECMWF_ERA5_Reanalysis
2015-09-06,34.7,27.3,30.0,38.8,30.4,33.5,0.8,22.5,40.3,197,21.65,1008.3,ward_06_thiruvika_nagar,13.111,80.245,ECMWF_ERA5_Reanalysis
2015-09-07,31.7,25.7,27.8,36.8,29.7,32.3,17.7,18.4,29.2,223,13.87,1008.6,ward_06_thiruvika_nagar,13.111,80.245,ECMWF_ERA5_Reanalysis
2015-09-08,33.0,25.8,28.9,37.2,29.7,32.7,0.1,15.2,28.1,212,17.89,1007.9,ward_06_thiruvika_nagar,13.111,80.245,ECMWF_ERA5_Reanalysis
2015-09-09,32.8,25.8,29.0,37.1,30.3,32.9,4.0,17.4,28.8,201,17.13,1007.4,ward_06_thiruvika_nagar,13.111,80.245,ECMWF_ERA5_Reanalysis
2015-09-10,32.3,25.9,28.2,37.2,31.3,33.3,25.2,13.3,23.8,228,17.66,1007.1,ward_06_thiruvika_nagar,13.111,80.245,ECMWF_ERA5_Reanalysis
2015-09-11,30.1,26.1,27.9,34.3,30.3,32.1,0.1,15.5,27.4,236,10.89,1006.3,ward_06_thiruvika_nagar,13.111,80.245,ECMWF_ERA5_Reanalysis
2015-09-12,31.1,26.1,28.4,35.2,31.1,32.7,0.5,16.9,29.2,245,13.74,1006.2,ward_06_thiruvika_nagar,13.111,80.245,ECMWF_ERA5_Reanalysis
2015-09-13,33.7,26.0,29.4,38.5,29.2,33.1,0.0,18.1,31.0,230,20.8,1006.3,ward_06_thiruvika_nagar,13.111,80.245,ECMWF_ERA5_Reanalysis
2015-09-14,32.3,27.3,29.4,36.7,29.3,32.9,0.0,18.0,32.0,235,15.7,1005.3,ward_06_thiruvika_nagar,13.111,80.245,ECMWF_ERA5_Reanalysis
2015-09-15,33.5,27.7,29.6,36.0,28.7,31.9,0.4,19.3,36.7,233,13.69,1003.8,ward_06_thiruvika_nagar,13.111,80.245,ECMWF_ERA5_Reanalysis
2015-09-16,34.5,27.8,30.7,36.8,29.0,33.0,0.0,22.0,42.1,257,21.97,1002.0,ward_06_thiruvika_nagar,13.111,80.245,ECMWF_ERA5_Reanalysis
2015-09-17,34.4,28.0,30.5,38.4,30.0,33.6,0.0,18.4,33.1,232,20.1,1001.6,ward_06_thiruvika_nagar,13.111,80.245,ECMWF_ERA5_Reanalysis
2015-09-18,34.1,27.4,30.4,38.1,31.2,34.4,0.0,16.2,26.3,218,18.43,1002.5,ward_06_thiruvika_nagar,13.111,80.245,ECMWF_ERA5_Reanalysis
2015-09-19,32.3,26.3,28.5,37.2,31.6,33.7,6.9,17.6,27.0,165,12.7,1003.9,ward_06_thiruvika_nagar,13.111,80.245,ECMWF_ERA5_Reanalysis
2015-09-20,33.9,27.1,30.0,39.3,32.4,35.3,1.0,14.9,26.3,194,18.87,1004.0,ward_06_thiruvika_nagar,13.111,80.245,ECMWF_ERA5_Reanalysis
2015-09-21,33.7,26.6,29.5,40.6,31.6,34.5,0.5,15.4,24.1,170,22.22,1005.3,ward_06_thiruvika_nagar,13.111,80.245,ECMWF_ERA5_Reanalysis
2015-09-22,32.9,27.1,29.8,37.5,32.1,34.4,0.0,14.8,28.4,170,21.15,1006.1,ward_06_thiruvika_nagar,13.111,80.245,ECMWF_ERA5_Reanalysis
2015-09-23,33.7,27.2,29.9,39.3,32.5,34.9,0.0,15.5,28.8,174,22.89,1007.5,ward_06_thiruvika_nagar,13.111,80.245,ECMWF_ERA5_Reanalysis
2015-09-24,34.5,26.9,29.9,39.3,32.2,34.6,0.0,19.1,32.4,185,23.46,1006.9,ward_06_thiruvika_nagar,13.111,80.245,ECMWF_ERA5_Reanalysis
2015-09-25,35.1,26.7,29.9,41.3,31.3,34.8,1.1,17.5,32.8,182,23.05,1005.5,ward_06_thiruvika_nagar,13.111,80.245,ECMWF_ERA5_Reanalysis
2015-09-26,34.4,25.4,29.2,41.5,30.7,34.7,22.8,17.0,28.1,215,22.68,1005.7,ward_06_thiruvika_nagar,13.111,80.245,ECMWF_ERA5_Reanalysis
2015-09-27,32.4,25.9,28.7,39.2,31.1,34.4,0.6,10.4,24.1,208,20.07,1006.0,ward_06_thiruvika_nagar,13.111,80.245,ECMWF_ERA5_Reanalysis
2015-09-28,32.5,24.9,28.0,38.1,28.4,32.8,2.2,17.4,29.2,233,20.27,1005.6,ward_06_thiruvika_nagar,13.111,80.245,ECMWF_ERA5_Reanalysis
2015-09-29,30.7,25.3,27.7,35.5,30.8,32.8,1.7,8.7,19.4,154,10.38,1006.0,ward_06_thiruvika_nagar,13.111,80.245,ECMWF_ERA5_Reanalysis
2015-09-30,30.7,25.0,27.3,36.9,30.3,32.6,6.1,9.5,21.6,143,18.75,1007.7,ward_06_thiruvika_nagar,13.111,80.245,ECMWF_ERA5_Reanalysis
2015-10-01,30.4,25.0,27.6,35.9,30.5,32.3,2.4,17.1,30.6,179,16.75,1008.7,ward_06_thiruvika_nagar,13.111,80.245,ECMWF_ERA5_Reanalysis
2015-10-02,33.2,25.9,28.9,38.1,30.2,33.5,14.0,15.3,29.2,203,19.25,1009.2,ward_06_thiruvika_nagar,13.111,80.245,ECMWF_ERA5_Reanalysis
2015-10-03,31.6,25.1,28.0,36.2,29.4,33.2,4.5,14.4,32.8,277,14.5,1009.2,ward_06_thiruvika_nagar,13.111,80.245,ECMWF_ERA5_Reanalysis
2015-10-04,31.5,25.7,27.9,37.2,29.5,32.8,8.5,13.7,27.7,257,15.18,1008.4,ward_06_thiruvika_nagar,13.111,80.245,ECMWF_ERA5_Reanalysis
2015-10-05,30.7,25.4,27.4,36.5,29.9,32.4,4.0,13.4,21.2,253,13.74,1007.9,ward_06_thiruvika_nagar,13.111,80.245,ECMWF_ERA5_Reanalysis
2015-10-06,32.0,24.5,27.7,39.3,29.0,32.8,1.4,12.8,20.5,232,20.71,1006.8,ward_06_thiruvika_nagar,13.111,80.245,ECMWF_ERA5_Reanalysis
2015-10-07,32.3,25.3,28.3,38.0,30.0,33.7,5.5,11.5,25.9,212,20.58,1006.9,ward_06_thiruvika_nagar,13.111,80.245,ECMWF_ERA5_Reanalysis
2015-10-08,33.2,25.8,28.5,39.2,30.7,33.6,5.9,14.6,24.5,206,19.35,1007.2,ward_06_thiruvika_nagar,13.111,80.245,ECMWF_ERA5_Reanalysis
2015-10-09,32.7,26.5,28.7,38.1,30.8,33.7,2.9,14.2,25.2,205,17.34,1007.0,ward_06_thiruvika_nagar,13.111,80.245,ECMWF_ERA5_Reanalysis
2015-10-10,32.9,25.6,28.9,38.6,30.2,34.2,12.9,17.8,29.9,221,18.44,1007.7,ward_06_thiruvika_nagar,13.111,80.245,ECMWF_ERA5_Reanalysis
2015-10-11,32.0,25.7,28.4,39.1,30.3,34.0,3.6,10.9,19.1,228,18.39,1009.0,ward_06_thiruvika_nagar,13.111,80.245,ECMWF_ERA5_Reanalysis
2015-10-12,33.0,25.6,28.5,39.5,30.5,34.0,1.2,12.3,23.8,182,21.7,1009.7,ward_06_thiruvika_nagar,13.111,80.245,ECMWF_ERA5_Reanalysis
2015-10-13,32.5,25.2,28.1,38.0,30.3,33.2,0.0,11.6,22.7,182,21.83,1009.7,ward_06_thiruvika_nagar,13.111,80.245,ECMWF_ERA5_Reanalysis
2015-10-14,32.7,23.6,27.7,38.6,28.5,32.5,0.0,10.8,20.9,173,22.12,1010.2,ward_06_thiruvika_nagar,13.111,80.245,ECMWF_ERA5_Reanalysis
2015-10-15,31.8,23.2,27.6,37.4,27.6,32.1,0.0,10.8,22.3,169,21.91,1010.0,ward_06_thiruvika_nagar,13.111,80.245,ECMWF_ERA5_Reanalysis
2015-10-16,31.3,24.4,27.7,36.6,29.5,32.3,0.0,13.2,25.6,114,20.77,1010.3,ward_06_thiruvika_nagar,13.111,80.245,ECMWF_ERA5_Reanalysis
2015-10-17,31.1,24.0,27.7,35.6,28.9,32.4,0.4,14.2,27.0,76,18.42,1010.6,ward_06_thiruvika_nagar,13.111,80.245,ECMWF_ERA5_Reanalysis
2015-10-18,31.9,24.6,28.2,36.6,29.7,32.9,0.9,15.5,29.5,65,18.76,1011.2,ward_06_thiruvika_nagar,13.111,80.245,ECMWF_ERA5_Reanalysis
2015-10-19,31.9,25.3,28.3,37.1,31.4,33.6,0.4,15.3,28.4,74,20.02,1010.7,ward_06_thiruvika_nagar,13.111,80.245,ECMWF_ERA5_Reanalysis
2015-10-20,31.9,24.9,28.4,37.7,30.6,33.6,0.3,12.3,23.0,86,19.5,1009.2,ward_06_thiruvika_nagar,13.111,80.245,ECMWF_ERA5_Reanalysis
2015-10-21,32.5,25.0,28.3,37.1,30.2,33.1,0.0,12.6,24.1,89,20.8,1008.8,ward_06_thiruvika_nagar,13.111,80.245,ECMWF_ERA5_Reanalysis
2015-10-22,32.5,23.2,27.7,36.7,27.6,31.8,0.0,13.8,27.0,59,23.07,1009.7,ward_06_thiruvika_nagar,13.111,80.245,ECMWF_ERA5_Reanalysis
2015-10-23,31.0,23.1,27.2,36.3,27.1,31.5,1.3,15.7,30.2,43,16.46,1009.5,ward_06_thiruvika_nagar,13.111,80.245,ECMWF_ERA5_Reanalysis
2015-10-24,32.1,24.9,28.1,35.3,29.2,31.4,0.0,15.7,30.2,54,21.91,1009.2,ward_06_thiruvika_nagar,13.111,80.245,ECMWF_ERA5_Reanalysis
2015-10-25,30.8,24.8,27.7,33.7,28.5,30.9,0.8,17.9,33.1,56,16.85,1010.2,ward_06_thiruvika_nagar,13.111,80.245,ECMWF_ERA5_Reanalysis
2015-10-26,31.9,25.0,28.0,35.1,28.9,31.2,0.1,19.0,35.6,47,20.39,1010.6,ward_06_thiruvika_nagar,13.111,80.245,ECMWF_ERA5_Reanalysis
2015-10-27,30.4,24.9,27.3,33.4,29.0,30.8,3.1,18.8,34.6,35,14.09,1010.3,ward_06_thiruvika_nagar,13.111,80.245,ECMWF_ERA5_Reanalysis
2015-10-28,29.8,24.0,26.4,34.1,28.5,30.9,12.3,12.7,27.7,80,13.15,1010.5,ward_06_thiruvika_nagar,13.111,80.245,ECMWF_ERA5_Reanalysis
2015-10-29,28.6,24.3,26.4,32.8,28.6,30.5,3.8,18.1,33.8,39,13.36,1009.8,ward_06_thiruvika_nagar,13.111,80.245,ECMWF_ERA5_Reanalysis
2015-10-30,27.7,24.8,25.9,32.7,29.5,31.0,14.3,11.3,22.7,51,7.96,1008.8,ward_06_thiruvika_nagar,13.111,80.245,ECMWF_ERA5_Reanalysis
2015-10-31,27.8,24.1,25.5,33.3,28.8,30.8,13.7,7.6,15.1,325,6.03,1008.5,ward_06_thiruvika_nagar,13.111,80.245,ECMWF_ERA5_Reanalysis
2015-11-01,29.9,24.4,26.0,35.5,28.6,30.7,18.8,14.0,26.3,192,9.31,1009.8,ward_06_thiruvika_nagar,13.111,80.245,ECMWF_ERA5_Reanalysis
2015-11-02,28.5,23.9,25.9,33.4,28.2,30.7,5.8,10.5,18.4,212,9.68,1010.9,ward_06_thiruvika_nagar,13.111,80.245,ECMWF_ERA5_Reanalysis
2015-11-03,30.3,24.0,26.7,36.2,29.1,32.0,10.3,10.5,18.4,174,16.62,1010.7,ward_06_thiruvika_nagar,13.111,80.245,ECMWF_ERA5_Reanalysis
2015-11-04,30.6,24.9,27.0,35.6,30.1,32.1,6.9,13.3,25.9,11,17.58,1009.9,ward_06_thiruvika_nagar,13.111,80.245,ECMWF_ERA5_Reanalysis
2015-11-05,29.5,24.1,26.6,34.9,28.5,31.3,2.7,11.4,25.9,44,16.54,1009.6,ward_06_thiruvika_nagar,13.111,80.245,ECMWF_ERA5_Reanalysis
2015-11-06,29.7,24.3,26.6,34.7,28.9,30.9,2.4,19.8,34.9,29,17.47,1008.9,ward_06_thiruvika_nagar,13.111,80.245,ECMWF_ERA5_Reanalysis
2015-11-07,28.4,24.4,26.3,32.6,28.6,30.3,7.3,18.9,32.8,37,13.72,1009.5,ward_06_thiruvika_nagar,13.111,80.245,ECMWF_ERA5_Reanalysis
2015-11-08,26.0,24.5,25.0,29.1,25.6,27.2,51.8,37.1,54.7,23,4.54,1008.4,ward_06_thiruvika_nagar,13.111,80.245,ECMWF_ERA5_Reanalysis
2015-11-09,26.1,24.9,25.4,28.5,25.0,26.7,80.8,46.5,76.0,68,3.71,1002.9,ward_06_thiruvika_nagar,13.111,80.245,ECMWF_ERA5_Reanalysis
2015-11-10,27.0,24.4,25.5,28.0,25.2,26.8,1.8,31.8,58.0,153,12.43,1004.1,ward_06_thiruvika_nagar,13.111,80.245,ECMWF_ERA5_Reanalysis
2015-11-11,28.2,24.4,25.6,32.5,27.4,29.7,14.0,18.6,32.0,106,11.32,1008.2,ward_06_thiruvika_nagar,13.111,80.245,ECMWF_ERA5_Reanalysis
2015-11-12,28.0,24.3,25.8,32.4,27.7,30.0,16.0,15.5,29.9,26,13.02,1010.3,ward_06_thiruvika_nagar,13.111,80.245,ECMWF_ERA5_Reanalysis
2015-11-13,27.9,24.4,25.7,30.5,27.0,28.4,22.6,21.9,40.3,15,5.28,1010.8,ward_06_thiruvika_nagar,13.111,80.245,ECMWF_ERA5_Reanalysis
2015-11-14,29.2,24.7,26.5,30.7,27.8,28.8,5.1,25.3,41.0,27,11.63,1008.9,ward_06_thiruvika_nagar,13.111,80.245,ECMWF_ERA5_Reanalysis
2015-11-15,25.8,24.7,25.2,29.5,26.5,28.1,47.1,29.3,38.9,44,3.88,1007.1,ward_06_thiruvika_nagar,13.111,80.245,ECMWF_ERA5_Reanalysis
2015-11-16,25.7,24.8,25.1,30.5,26.8,28.5,115.7,29.9,47.2,64,1.83,1005.1,ward_06_thiruvika_nagar,13.111,80.245,ECMWF_ERA5_Reanalysis
2015-11-17,26.3,22.4,24.1,29.4,25.2,27.0,0.0,14.4,22.0,273,8.7,1006.0,ward_06_thiruvika_nagar,13.111,80.245,ECMWF_ERA5_Reanalysis
2015-11-18,28.5,23.0,25.2,33.9,25.8,29.6,10.4,9.8,17.6,341,13.71,1007.6,ward_06_thiruvika_nagar,13.111,80.245,ECMWF_ERA5_Reanalysis
2015-11-19,27.6,24.0,25.1,32.5,29.2,30.1,30.8,14.1,24.1,97,7.01,1009.1,ward_06_thiruvika_nagar,13.111,80.245,ECMWF_ERA5_Reanalysis
2015-11-20,28.0,24.0,25.4,32.5,28.7,29.9,13.6,13.8,27.7,73,12.06,1009.6,ward_06_thiruvika_nagar,13.111,80.245,ECMWF_ERA5_Reanalysis
2015-11-21,28.3,23.9,25.7,32.8,28.0,29.7,6.7,16.9,34.9,54,15.31,1009.5,ward_06_thiruvika_nagar,13.111,80.245,ECMWF_ERA5_Reanalysis
2015-11-22,27.3,24.4,25.4,31.3,27.8,29.3,19.2,17.8,31.7,67,9.86,1009.6,ward_06_thiruvika_nagar,13.111,80.245,ECMWF_ERA5_Reanalysis
2015-11-23,28.5,24.1,25.5,33.1,28.1,29.8,14.6,14.7,30.2,64,12.28,1010.7,ward_06_thiruvika_nagar,13.111,80.245,ECMWF_ERA5_Reanalysis
2015-11-24,28.9,23.4,25.9,33.5,27.4,30.1,1.4,17.8,32.0,35,15.8,1011.0,ward_06_thiruvika_nagar,13.111,80.245,ECMWF_ERA5_Reanalysis
2015-11-25,28.9,23.2,25.9,31.7,27.0,29.0,0.9,19.2,32.8,29,16.99,1010.6,ward_06_thiruvika_nagar,13.111,80.245,ECMWF_ERA5_Reanalysis
2015-11-26,28.5,24.0,26.0,30.9,27.6,28.9,2.8,19.2,33.8,33,14.16,1010.4,ward_06_thiruvika_nagar,13.111,80.245,ECMWF_ERA5_Reanalysis
2015-11-27,28.7,22.9,25.9,33.7,26.0,29.4,0.0,13.3,23.8,39,18.85,1009.6,ward_06_thiruvika_nagar,13.111,80.245,ECMWF_ERA5_Reanalysis
2015-11-28,28.5,21.7,25.2,30.9,25.0,28.0,0.4,19.0,32.0,29,15.18,1011.3,ward_06_thiruvika_nagar,13.111,80.245,ECMWF_ERA5_Reanalysis
2015-11-29,27.5,24.3,25.4,31.9,27.9,29.2,17.5,16.1,31.3,57,12.17,1011.7,ward_06_thiruvika_nagar,13.111,80.245,ECMWF_ERA5_Reanalysis
2015-11-30,26.6,24.3,25.0,30.1,26.7,28.5,12.5,24.5,34.9,43,7.31,1012.1,ward_06_thiruvika_nagar,13.111,80.245,ECMWF_ERA5_Reanalysis
2015-12-01,25.5,24.1,24.7,28.6,26.2,27.7,48.8,27.5,44.3,65,3.07,1010.4,ward_06_thiruvika_nagar,13.111,80.245,ECMWF_ERA5_Reanalysis
2015-12-02,24.8,24.0,24.3,28.7,27.0,28.0,57.9,17.4,28.1,58,2.08,1010.7,ward_06_thiruvika_nagar,13.111,80.245,ECMWF_ERA5_Reanalysis
2015-12-03,26.4,24.1,25.1,28.8,26.8,27.7,22.9,23.7,38.2,42,3.81,1010.4,ward_06_thiruvika_nagar,13.111,80.245,ECMWF_ERA5_Reanalysis
2015-12-04,27.9,23.5,25.4,29.9,26.0,28.0,9.3,26.2,49.0,33,9.1,1010.3,ward_06_thiruvika_nagar,13.111,80.245,ECMWF_ERA5_Reanalysis
2015-12-05,28.2,24.4,25.6,30.2,27.1,28.2,10.2,24.5,41.0,44,8.25,1010.5,ward_06_thiruvika_nagar,13.111,80.245,ECMWF_ERA5_Reanalysis
2015-12-06,26.6,24.2,25.3,29.9,26.9,28.5,19.8,19.7,34.6,46,7.44,1011.1,ward_06_thiruvika_nagar,13.111,80.245,ECMWF_ERA5_Reanalysis
2015-12-07,28.2,24.9,26.1,29.8,26.8,27.9,0.0,25.6,43.6,30,15.94,1011.5,ward_06_thiruvika_nagar,13.111,80.245,ECMWF_ERA5_Reanalysis
2015-12-08,28.1,24.3,25.9,29.9,26.6,27.7,1.9,26.1,45.7,26,16.25,1012.0,ward_06_thiruvika_nagar,13.111,80.245,ECMWF_ERA5_Reanalysis
2015-12-09,27.1,23.8,25.1,30.6,26.9,28.7,17.8,17.4,28.8,56,8.13,1012.1,ward_06_thiruvika_nagar,13.111,80.245,ECMWF_ERA5_Reanalysis
2015-12-10,28.2,23.5,25.5,30.8,26.8,28.6,1.6,20.6,35.3,34,13.0,1012.1,ward_06_thiruvika_nagar,13.111,80.245,ECMWF_ERA5_Reanalysis
2015-12-11,28.3,24.0,25.7,33.7,28.1,30.2,1.6,10.1,19.1,78,12.41,1010.8,ward_06_thiruvika_nagar,13.111,80.245,ECMWF_ERA5_Reanalysis
2015-12-12,29.1,23.3,25.9,33.4,27.1,29.7,0.0,11.2,20.2,121,15.98,1009.9,ward_06_thiruvika_nagar,13.111,80.245,ECMWF_ERA5_Reanalysis
2015-12-13,28.9,22.0,25.3,32.6,25.9,28.8,0.0,9.5,17.6,100,18.62,1010.2,ward_06_thiruvika_nagar,13.111,80.245,ECMWF_ERA5_Reanalysis
2015-12-14,28.4,21.8,25.1,32.1,25.3,28.6,0.0,11.3,21.2,63,14.23,1010.9,ward_06_thiruvika_nagar,13.111,80.245,ECMWF_ERA5_Reanalysis
2015-12-15,27.9,21.5,24.4,31.3,24.1,27.4,0.0,9.8,20.5,55,16.89,1011.1,ward_06_thiruvika_nagar,13.111,80.245,ECMWF_ERA5_Reanalysis
2015-12-16,28.4,19.7,24.3,31.6,22.6,27.1,0.0,10.0,19.4,68,16.74,1011.8,ward_06_thiruvika_nagar,13.111,80.245,ECMWF_ERA5_Reanalysis
2015-12-17,28.3,21.0,24.9,31.2,24.1,27.8,0.0,11.9,23.4,72,14.99,1011.5,ward_06_thiruvika_nagar,13.111,80.245,ECMWF_ERA5_Reanalysis
2015-12-18,29.0,21.0,25.4,32.6,23.9,28.5,0.0,11.2,23.8,76,17.23,1012.0,ward_06_thiruvika_nagar,13.111,80.245,ECMWF_ERA5_Reanalysis
2015-12-19,28.8,22.8,25.6,32.5,26.2,29.0,0.3,15.3,28.4,83,16.84,1013.8,ward_06_thiruvika_nagar,13.111,80.245,ECMWF_ERA5_Reanalysis
2015-12-20,28.5,22.0,25.1,32.4,25.6,28.4,0.0,14.2,24.5,62,17.29,1013.7,ward_06_thiruvika_nagar,13.111,80.245,ECMWF_ERA5_Reanalysis
2015-12-21,28.5,20.7,24.6,33.1,24.4,28.1,0.0,10.4,15.1,106,18.64,1013.4,ward_06_thiruvika_nagar,13.111,80.245,ECMWF_ERA5_Reanalysis
2015-12-22,28.8,21.1,25.1,33.1,24.6,28.8,0.0,10.8,20.9,99,17.53,1013.9,ward_06_thiruvika_nagar,13.111,80.245,ECMWF_ERA5_Reanalysis
2015-12-23,28.8,23.0,25.5,32.4,26.4,28.9,0.0,11.4,21.2,68,17.29,1013.9,ward_06_thiruvika_nagar,13.111,80.245,ECMWF_ERA5_Reanalysis
2015-12-24,28.8,21.8,25.3,32.7,25.3,28.8,0.0,12.7,23.4,49,17.99,1013.1,ward_06_thiruvika_nagar,13.111,80.245,ECMWF_ERA5_Reanalysis
2015-12-25,28.7,21.7,25.2,31.8,25.4,28.3,0.0,15.6,28.8,31,18.45,1013.1,ward_06_thiruvika_nagar,13.111,80.245,ECMWF_ERA5_Reanalysis
2015-12-26,27.4,22.9,24.8,28.5,25.9,27.0,1.6,25.1,42.8,17,15.65,1013.6,ward_06_thiruvika_nagar,13.111,80.245,ECMWF_ERA5_Reanalysis
2015-12-27,28.0,24.2,25.6,29.0,25.8,27.0,0.7,29.6,49.3,39,17.34,1014.7,ward_06_thiruvika_nagar,13.111,80.245,ECMWF_ERA5_Reanalysis
2015-12-28,27.9,23.1,25.1,29.0,24.5,26.3,0.0,21.3,37.4,32,16.92,1016.3,ward_06_thiruvika_nagar,13.111,80.245,ECMWF_ERA5_Reanalysis
2015-12-29,28.1,22.4,24.7,30.1,24.4,26.5,0.0,19.8,35.3,32,18.69,1015.0,ward_06_thiruvika_nagar,13.111,80.245,ECMWF_ERA5_Reanalysis
2015-12-30,28.0,22.2,24.6,30.5,24.9,26.8,0.0,16.3,30.2,41,18.6,1013.9,ward_06_thiruvika_nagar,13.111,80.245,ECMWF_ERA5_Reanalysis
2015-12-31,28.2,20.8,24.4,30.0,23.1,26.2,0.0,20.1,35.6,43,18.07,1014.5,ward_06_thiruvika_nagar,13.111,80.245,ECMWF_ERA5_Reanalysis
2016-01-01,28.2,23.0,25.1,28.9,24.7,26.2,0.0,23.2,40.3,40,16.85,1015.8,ward_06_thiruvika_nagar,13.111,80.245,ECMWF_ERA5_Reanalysis
2016-01-02,28.2,22.1,24.6,30.5,24.1,26.4,0.0,18.7,33.8,34,18.57,1016.0,ward_06_thiruvika_nagar,13.111,80.245,ECMWF_ERA5_Reanalysis
2016-01-03,28.9,19.2,24.0,31.8,21.5,26.6,0.0,11.9,23.4,41,20.34,1014.7,ward_06_thiruvika_nagar,13.111,80.245,ECMWF_ERA5_Reanalysis
2016-01-04,28.9,19.9,24.5,31.4,22.7,27.0,0.0,15.3,28.8,40,20.68,1014.8,ward_06_thiruvika_nagar,13.111,80.245,ECMWF_ERA5_Reanalysis
2016-01-05,28.1,21.7,24.6,30.5,24.2,26.8,0.0,15.4,29.9,44,18.79,1014.3,ward_06_thiruvika_nagar,13.111,80.245,ECMWF_ERA5_Reanalysis
2016-01-06,28.1,22.3,24.8,29.9,24.7,26.6,0.0,18.7,33.1,42,17.24,1014.1,ward_06_thiruvika_nagar,13.111,80.245,ECMWF_ERA5_Reanalysis
2016-01-07,28.0,21.8,24.8,29.8,23.7,26.3,0.0,18.8,33.8,47,18.88,1014.9,ward_06_thiruvika_nagar,13.111,80.245,ECMWF_ERA5_Reanalysis
2016-01-08,27.9,21.6,24.5,29.5,23.6,25.9,0.0,18.7,34.2,33,18.54,1014.8,ward_06_thiruvika_nagar,13.111,80.245,ECMWF_ERA5_Reanalysis
2016-01-09,28.0,19.4,23.5,30.3,21.6,25.5,0.0,12.2,24.1,53,19.37,1013.2,ward_06_thiruvika_nagar,13.111,80.245,ECMWF_ERA5_Reanalysis
2016-01-10,27.9,18.8,23.2,29.8,20.7,24.9,0.0,11.8,23.4,64,20.07,1014.2,ward_06_thiruvika_nagar,13.111,80.245,ECMWF_ERA5_Reanalysis
2016-01-11,28.0,18.3,23.2,29.9,19.9,25.0,0.0,12.3,25.2,56,19.99,1014.4,ward_06_thiruvika_nagar,13.111,80.245,ECMWF_ERA5_Reanalysis
2016-01-12,28.3,19.1,23.5,30.3,20.9,25.4,0.0,12.1,24.5,46,20.25,1012.8,ward_06_thiruvika_nagar,13.111,80.245,ECMWF_ERA5_Reanalysis
2016-01-13,28.3,19.2,23.9,30.7,21.6,26.0,0.0,11.3,22.0,80,19.22,1012.1,ward_06_thiruvika_nagar,13.111,80.245,ECMWF_ERA5_Reanalysis
2016-01-14,28.2,20.4,24.2,30.6,23.0,26.0,0.0,14.6,28.1,65,20.39,1012.4,ward_06_thiruvika_nagar,13.111,80.245,ECMWF_ERA5_Reanalysis
2016-01-15,27.8,21.1,24.0,28.7,22.0,25.0,0.0,15.6,26.3,67,17.19,1011.8,ward_06_thiruvika_nagar,13.111,80.245,ECMWF_ERA5_Reanalysis
2016-01-16,27.6,18.8,23.2,29.8,20.1,24.5,0.0,12.8,24.5,61,20.26,1011.2,ward_06_thiruvika_nagar,13.111,80.245,ECMWF_ERA5_Reanalysis
2016-01-17,28.1,21.0,24.1,30.8,22.5,26.0,0.0,12.3,24.5,87,19.63,1010.9,ward_06_thiruvika_nagar,13.111,80.245,ECMWF_ERA5_Reanalysis
2016-01-18,28.1,20.3,24.6,29.8,23.1,26.4,0.0,14.1,25.9,96,16.35,1010.2,ward_06_thiruvika_nagar,13.111,80.245,ECMWF_ERA5_Reanalysis
2016-01-19,29.1,22.1,25.6,31.1,25.0,27.7,0.0,14.6,28.1,119,16.74,1010.1,ward_06_thiruvika_nagar,13.111,80.245,ECMWF_ERA5_Reanalysis
2016-01-20,27.5,23.3,25.4,30.6,26.5,28.3,0.0,11.9,16.9,99,6.14,1011.0,ward_06_thiruvika_nagar,13.111,80.245,ECMWF_ERA5_Reanalysis
2016-01-21,29.0,24.2,25.8,31.4,26.8,28.7,0.0,14.7,28.4,64,12.39,1011.9,ward_06_thiruvika_nagar,13.111,80.245,ECMWF_ERA5_Reanalysis
2016-01-22,28.3,23.2,25.4,31.3,26.6,28.2,1.0,15.9,28.4,56,14.22,1012.6,ward_06_thiruvika_nagar,13.111,80.245,ECMWF_ERA5_Reanalysis
2016-01-23,27.9,22.9,24.9,31.3,25.6,27.7,3.3,18.8,33.5,41,15.99,1013.7,ward_06_thiruvika_nagar,13.111,80.245,ECMWF_ERA5_Reanalysis
2016-01-24,28.5,23.3,25.6,31.3,26.2,28.1,1.1,20.3,37.8,59,17.19,1014.0,ward_06_thiruvika_nagar,13.111,80.245,ECMWF_ERA5_Reanalysis
2016-01-25,29.0,22.8,25.6,32.1,26.1,28.3,0.0,13.6,26.6,70,18.7,1012.9,ward_06_thiruvika_nagar,13.111,80.245,ECMWF_ERA5_Reanalysis
2016-01-26,29.3,22.6,25.4,32.5,25.6,28.1,0.0,14.4,25.2,88,18.84,1012.4,ward_06_thiruvika_nagar,13.111,80.245,ECMWF_ERA5_Reanalysis
2016-01-27,29.5,22.2,25.3,32.9,25.3,28.2,0.0,12.6,23.8,95,21.13,1012.3,ward_06_thiruvika_nagar,13.111,80.245,ECMWF_ERA5_Reanalysis
2016-01-28,30.1,20.7,25.0,34.2,23.9,28.1,0.0,12.2,23.0,116,21.68,1012.2,ward_06_thiruvika_nagar,13.111,80.245,ECMWF_ERA5_Reanalysis
2016-01-29,30.1,20.8,24.9,33.9,24.6,28.3,0.0,11.3,23.4,82,20.96,1013.2,ward_06_thiruvika_nagar,13.111,80.245,ECMWF_ERA5_Reanalysis
2016-01-30,29.8,20.0,24.6,33.4,23.3,27.7,0.0,12.4,22.0,58,20.62,1013.2,ward_06_thiruvika_nagar,13.111,80.245,ECMWF_ERA5_Reanalysis
2016-01-31,29.6,20.6,24.4,32.8,23.8,27.4,0.0,10.5,22.3,66,20.19,1012.7,ward_06_thiruvika_nagar,13.111,80.245,ECMWF_ERA5_Reanalysis
2016-02-01,29.8,19.5,23.9,33.2,22.5,26.9,0.0,10.5,23.0,68,21.66,1012.7,ward_06_thiruvika_nagar,13.111,80.245,ECMWF_ERA5_Reanalysis
2016-02-02,30.1,18.6,23.8,33.3,20.8,26.6,0.0,9.1,19.8,101,21.81,1013.0,ward_06_thiruvika_nagar,13.111,80.245,ECMWF_ERA5_Reanalysis
2016-02-03,30.0,19.4,24.3,34.3,22.0,27.4,0.0,8.4,19.8,112,20.93,1012.3,ward_06_thiruvika_nagar,13.111,80.245,ECMWF_ERA5_Reanalysis
2016-02-04,30.0,19.1,24.4,33.5,21.5,27.4,0.0,13.0,25.6,95,21.91,1012.3,ward_06_thiruvika_nagar,13.111,80.245,ECMWF_ERA5_Reanalysis
2016-02-05,29.8,22.5,25.5,33.4,25.7,28.6,0.0,12.7,24.8,83,21.11,1012.1,ward_06_thiruvika_nagar,13.111,80.245,ECMWF_ERA5_Reanalysis
2016-02-06,29.2,22.2,25.4,32.9,24.6,28.0,0.0,13.4,26.6,96,18.02,1011.0,ward_06_thiruvika_nagar,13.111,80.245,ECMWF_ERA5_Reanalysis
2016-02-07,30.1,22.2,26.1,33.2,26.0,28.7,0.0,16.7,28.8,75,19.97,1012.0,ward_06_thiruvika_nagar,13.111,80.245,ECMWF_ERA5_Reanalysis
2016-02-08,30.1,22.4,25.9,33.6,26.2,28.9,0.0,14.4,27.7,74,21.08,1011.7,ward_06_thiruvika_nagar,13.111,80.245,ECMWF_ERA5_Reanalysis
2016-02-09,30.5,21.3,25.4,34.6,24.2,28.7,0.0,13.7,25.2,77,22.36,1011.6,ward_06_thiruvika_nagar,13.111,80.245,ECMWF_ERA5_Reanalysis
2016-02-10,31.1,20.3,25.2,34.6,23.7,28.4,0.0,15.1,27.7,124,22.1,1011.1,ward_06_thiruvika_nagar,13.111,80.245,ECMWF_ERA5_Reanalysis
2016-02-11,31.1,20.6,25.7,33.5,23.7,28.3,0.0,16.4,31.0,158,21.78,1010.5,ward_06_thiruvika_nagar,13.111,80.245,ECMWF_ERA5_Reanalysis
2016-02-12,30.8,21.2,25.7,33.8,24.3,28.6,0.0,13.8,27.7,151,21.17,1010.5,ward_06_thiruvika_nagar,13.111,80.245,ECMWF_ERA5_Reanalysis
2016-02-13,30.8,21.7,25.8,34.6,25.6,29.2,0.0,14.9,28.8,123,21.59,1010.8,ward_06_thiruvika_nagar,13.111,80.245,ECMWF_ERA5_Reanalysis
2016-02-14,29.5,22.3,25.4,32.5,25.3,28.0,0.0,13.7,28.4,101,21.77,1011.4,ward_06_thiruvika_nagar,13.111,80.245,ECMWF_ERA5_Reanalysis
2016-02-15,29.8,21.6,25.7,31.9,24.6,28.0,0.0,16.0,30.6,78,17.43,1012.6,ward_06_thiruvika_nagar,13.111,80.245,ECMWF_ERA5_Reanalysis
2016-02-16,30.4,22.9,26.1,33.7,25.9,28.7,0.0,18.4,34.6,68,21.87,1012.9,ward_06_thiruvika_nagar,13.111,80.245,ECMWF_ERA5_Reanalysis
2016-02-17,29.7,23.9,26.6,31.3,26.3,28.6,0.0,18.8,34.9,56,14.86,1013.0,ward_06_thiruvika_nagar,13.111,80.245,ECMWF_ERA5_Reanalysis
2016-02-18,31.0,24.0,27.1,33.7,27.3,29.6,0.0,16.8,33.1,59,22.12,1012.8,ward_06_thiruvika_nagar,13.111,80.245,ECMWF_ERA5_Reanalysis
2016-02-19,31.0,21.9,26.4,34.3,25.3,29.7,0.0,14.5,28.8,57,22.73,1013.5,ward_06_thiruvika_nagar,13.111,80.245,ECMWF_ERA5_Reanalysis
2016-02-20,32.1,22.9,27.2,36.9,27.6,31.3,0.0,14.9,28.1,107,22.89,1013.1,ward_06_thiruvika_nagar,13.111,80.245,ECMWF_ERA5_Reanalysis
2016-02-21,32.6,23.5,27.2,37.6,27.9,31.3,0.0,17.8,30.6,154,22.24,1011.8,ward_06_thiruvika_nagar,13.111,80.245,ECMWF_ERA5_Reanalysis
2016-02-22,32.4,23.4,26.9,36.3,27.1,30.4,0.0,18.4,32.0,158,22.91,1012.4,ward_06_thiruvika_nagar,13.111,80.245,ECMWF_ERA5_Reanalysis
2016-02-23,31.4,22.4,26.3,34.3,25.5,28.7,0.0,18.1,32.0,159,22.78,1011.8,ward_06_thiruvika_nagar,13.111,80.245,ECMWF_ERA5_Reanalysis
2016-02-24,31.7,22.5,26.6,33.9,24.8,28.5,0.0,17.9,32.8,164,23.45,1011.0,ward_06_thiruvika_nagar,13.111,80.245,ECMWF_ERA5_Reanalysis
2016-02-25,31.6,22.8,27.1,34.2,26.2,29.9,0.0,19.2,32.8,148,18.91,1011.2,ward_06_thiruvika_nagar,13.111,80.245,ECMWF_ERA5_Reanalysis
2016-02-26,30.5,24.7,27.0,33.5,27.1,30.0,0.0,19.3,36.0,115,19.52,1012.9,ward_06_thiruvika_nagar,13.111,80.245,ECMWF_ERA5_Reanalysis
2016-02-27,31.1,23.3,27.2,34.2,26.3,30.3,0.0,15.8,30.6,88,18.19,1013.7,ward_06_thiruvika_nagar,13.111,80.245,ECMWF_ERA5_Reanalysis
2016-02-28,31.5,25.1,27.8,35.7,29.4,31.5,0.1,16.3,31.7,87,20.12,1014.5,ward_06_thiruvika_nagar,13.111,80.245,ECMWF_ERA5_Reanalysis
2016-02-29,31.1,24.8,27.6,34.5,29.1,31.0,0.0,16.6,30.6,86,17.99,1014.4,ward_06_thiruvika_nagar,13.111,80.245,ECMWF_ERA5_Reanalysis
2016-03-01,31.5,23.8,27.5,35.2,28.4,30.9,0.0,16.2,29.5,93,20.36,1012.8,ward_06_thiruvika_nagar,13.111,80.245,ECMWF_ERA5_Reanalysis
2016-03-02,31.0,23.9,27.0,34.8,27.9,30.3,0.0,14.4,28.4,89,20.01,1012.8,ward_06_thiruvika_nagar,13.111,80.245,ECMWF_ERA5_Reanalysis
2016-03-03,30.6,23.0,26.6,33.9,26.7,29.6,0.0,16.7,32.4,67,22.03,1013.6,ward_06_thiruvika_nagar,13.111,80.245,ECMWF_ERA5_Reanalysis
2016-03-04,31.4,21.2,26.6,35.3,24.4,29.9,0.0,13.7,27.0,71,21.68,1012.1,ward_06_thiruvika_nagar,13.111,80.245,ECMWF_ERA5_Reanalysis
2016-03-05,31.8,22.8,27.0,35.7,27.0,30.5,0.0,15.2,28.4,106,22.25,1011.0,ward_06_thiruvika_nagar,13.111,80.245,ECMWF_ERA5_Reanalysis
2016-03-06,31.3,23.5,26.9,35.7,27.1,30.1,0.0,17.0,30.6,119,23.05,1010.6,ward_06_thiruvika_nagar,13.111,80.245,ECMWF_ERA5_Reanalysis
2016-03-07,31.5,23.7,27.0,35.5,26.9,30.0,0.0,14.1,28.1,115,22.3,1010.3,ward_06_thiruvika_nagar,13.111,80.245,ECMWF_ERA5_Reanalysis
2016-03-08,31.6,23.7,27.1,34.8,27.6,30.2,0.0,16.1,29.9,117,22.27,1009.8,ward_06_thiruvika_nagar,13.111,80.245,ECMWF_ERA5_Reanalysis
2016-03-09,32.0,22.0,26.9,35.9,26.0,30.2,0.0,15.9,29.2,132,22.99,1010.0,ward_06_thiruvika_nagar,13.111,80.245,ECMWF_ERA5_Reanalysis
2016-03-10,32.5,23.1,27.7,36.4,27.2,31.2,0.0,15.5,27.4,137,20.11,1010.5,ward_06_thiruvika_nagar,13.111,80.245,ECMWF_ERA5_Reanalysis
2016-03-11,33.4,23.2,28.2,38.2,27.6,32.1,0.0,17.1,29.9,135,23.38,1010.8,ward_06_thiruvika_nagar,13.111,80.245,ECMWF_ERA5_Reanalysis
2016-03-12,33.1,22.8,27.8,37.2,27.1,31.5,0.0,19.4,32.8,155,22.76,1010.0,ward_06_thiruvika_nagar,13.111,80.245,ECMWF_ERA5_Reanalysis
2016-03-13,34.2,24.9,28.8,37.9,29.2,32.3,0.0,22.8,39.2,166,22.55,1009.9,ward_06_thiruvika_nagar,13.111,80.245,ECMWF_ERA5_Reanalysis
2016-03-14,33.1,25.9,28.6,36.7,29.7,31.7,0.0,24.5,40.3,159,22.71,1010.1,ward_06_thiruvika_nagar,13.111,80.245,ECMWF_ERA5_Reanalysis
2016-03-15,32.8,25.3,28.5,36.4,29.0,31.5,0.0,21.5,36.4,154,22.58,1010.0,ward_06_thiruvika_nagar,13.111,80.245,ECMWF_ERA5_Reanalysis
2016-03-16,33.7,25.3,28.8,37.5,29.4,32.3,0.0,22.1,38.9,152,22.14,1009.6,ward_06_thiruvika_nagar,13.111,80.245,ECMWF_ERA5_Reanalysis
2016-03-17,33.0,26.0,28.8,37.5,30.4,32.8,0.0,18.6,34.9,149,19.09,1009.8,ward_06_thiruvika_nagar,13.111,80.245,ECMWF_ERA5_Reanalysis
2016-03-18,33.3,24.1,28.1,37.9,28.7,32.1,0.0,18.9,35.6,152,24.44,1009.4,ward_06_thiruvika_nagar,13.111,80.245,ECMWF_ERA5_Reanalysis
2016-03-19,34.6,23.6,28.3,38.3,27.5,31.8,0.0,20.5,34.9,172,25.24,1009.0,ward_06_thiruvika_nagar,13.111,80.245,ECMWF_ERA5_Reanalysis
2016-03-20,35.6,24.8,29.1,39.3,28.8,32.8,0.0,19.9,33.5,176,24.67,1009.1,ward_06_thiruvika_nagar,13.111,80.245,ECMWF_ERA5_Reanalysis
2016-03-21,35.8,24.9,29.8,38.9,29.4,33.0,0.0,20.9,37.8,181,25.57,1008.0,ward_06_thiruvika_nagar,13.111,80.245,ECMWF_ERA5_Reanalysis
2016-03-22,36.3,26.4,30.1,40.0,30.3,33.8,0.0,20.8,37.4,178,23.48,1006.5,ward_06_thiruvika_nagar,13.111,80.245,ECMWF_ERA5_Reanalysis
2016-03-23,36.3,26.9,30.3,40.3,31.0,34.4,0.0,20.4,35.6,171,24.54,1007.6,ward_06_thiruvika_nagar,13.111,80.245,ECMWF_ERA5_Reanalysis
2016-03-24,34.8,26.1,29.3,39.4,30.3,33.7,0.0,17.8,33.1,154,25.1,1010.1,ward_06_thiruvika_nagar,13.111,80.245,ECMWF_ERA5_Reanalysis
2016-03-25,33.8,24.8,28.5,37.6,29.0,32.1,0.0,19.7,35.3,166,25.55,1011.9,ward_06_thiruvika_nagar,13.111,80.245,ECMWF_ERA5_Reanalysis
2016-03-26,34.1,25.1,28.5,38.3,29.1,32.3,0.0,16.6,32.0,162,25.48,1011.2,ward_06_thiruvika_nagar,13.111,80.245,ECMWF_ERA5_Reanalysis
2016-03-27,33.0,24.0,28.0,36.1,28.1,31.1,0.0,19.1,34.9,157,24.64,1011.0,ward_06_thiruvika_nagar,13.111,80.245,ECMWF_ERA5_Reanalysis
2016-03-28,33.0,24.3,28.3,37.7,28.6,32.0,0.0,15.5,31.3,123,23.57,1011.2,ward_06_thiruvika_nagar,13.111,80.245,ECMWF_ERA5_Reanalysis
2016-03-29,33.2,24.5,28.8,37.7,29.4,33.1,0.2,17.2,33.1,150,21.74,1011.2,ward_06_thiruvika_nagar,13.111,80.245,ECMWF_ERA5_Reanalysis
2016-03-30,34.0,25.7,29.2,38.2,30.6,33.2,0.0,17.7,32.8,157,23.62,1011.1,ward_06_thiruvika_nagar,13.111,80.245,ECMWF_ERA5_Reanalysis
2016-03-31,34.0,26.0,29.3,37.7,30.7,33.1,0.0,18.6,34.2,158,23.94,1010.1,ward_06_thiruvika_nagar,13.111,80.245,ECMWF_ERA5_Reanalysis
2016-04-01,34.7,25.9,29.4,38.6,30.4,33.0,0.0,20.1,34.9,164,24.37,1008.3,ward_06_thiruvika_nagar,13.111,80.245,ECMWF_ERA5_Reanalysis
2016-04-02,34.7,25.9,29.4,38.7,30.8,33.2,0.0,20.4,35.6,165,25.07,1008.7,ward_06_thiruvika_nagar,13.111,80.245,ECMWF_ERA5_Reanalysis
2016-04-03,35.3,26.3,29.7,39.3,31.2,33.7,0.0,19.2,34.6,167,24.87,1009.6,ward_06_thiruvika_nagar,13.111,80.245,ECMWF_ERA5_Reanalysis
2016-04-04,35.0,25.8,29.5,39.1,30.7,33.6,0.0,19.9,34.9,169,25.43,1008.5,ward_06_thiruvika_nagar,13.111,80.245,ECMWF_ERA5_Reanalysis
2016-04-05,35.4,26.1,29.6,38.5,30.1,33.0,0.0,18.9,33.8,168,26.02,1007.9,ward_06_thiruvika_nagar,13.111,80.245,ECMWF_ERA5_Reanalysis
2016-04-06,34.4,25.9,29.6,38.3,30.3,33.7,1.0,19.0,34.6,164,22.33,1008.7,ward_06_thiruvika_nagar,13.111,80.245,ECMWF_ERA5_Reanalysis
2016-04-07,34.3,26.7,30.0,40.3,32.5,34.9,1.0,20.7,36.0,157,21.82,1008.1,ward_06_thiruvika_nagar,13.111,80.245,ECMWF_ERA5_Reanalysis
2016-04-08,33.0,27.6,29.8,38.1,32.2,34.2,0.9,17.6,33.1,155,20.7,1008.1,ward_06_thiruvika_nagar,13.111,80.245,ECMWF_ERA5_Reanalysis
2016-04-09,33.9,26.5,29.5,38.4,31.3,33.7,0.0,17.8,33.8,150,23.84,1008.9,ward_06_thiruvika_nagar,13.111,80.245,ECMWF_ERA5_Reanalysis
2016-04-10,35.0,25.9,29.5,39.3,30.7,33.7,0.0,18.2,33.8,163,25.55,1009.8,ward_06_thiruvika_nagar,13.111,80.245,ECMWF_ERA5_Reanalysis
2016-04-11,35.5,25.4,29.5,40.2,30.3,33.9,0.0,21.4,36.4,173,25.65,1008.4,ward_06_thiruvika_nagar,13.111,80.245,ECMWF_ERA5_Reanalysis
2016-04-12,35.8,26.5,30.5,40.6,31.6,35.1,0.0,24.2,40.0,177,24.42,1006.7,ward_06_thiruvika_nagar,13.111,80.245,ECMWF_ERA5_Reanalysis
2016-04-13,37.3,28.3,31.5,42.8,33.1,36.4,0.0,21.9,37.4,177,26.03,1004.6,ward_06_thiruvika_nagar,13.111,80.245,ECMWF_ERA5_Reanalysis
2016-04-14,37.0,28.5,31.5,41.5,33.1,35.8,0.0,25.1,41.4,176,25.33,1005.2,ward_06_thiruvika_nagar,13.111,80.245,ECMWF_ERA5_Reanalysis
2016-04-15,35.6,28.4,31.0,40.8,33.4,35.8,0.0,20.0,36.0,164,23.27,1007.2,ward_06_thiruvika_nagar,13.111,80.245,ECMWF_ERA5_Reanalysis
2016-04-16,35.5,27.9,30.7,39.5,33.2,35.2,0.0,24.3,42.5,175,23.79,1007.0,ward_06_thiruvika_nagar,13.111,80.245,ECMWF_ERA5_Reanalysis
2016-04-17,35.3,27.9,30.6,40.0,32.6,35.2,0.0,22.6,40.0,172,24.06,1006.3,ward_06_thiruvika_nagar,13.111,80.245,ECMWF_ERA5_Reanalysis
2016-04-18,35.2,27.7,30.5,39.8,32.6,34.8,0.0,21.9,36.0,164,23.09,1006.9,ward_06_thiruvika_nagar,13.111,80.245,ECMWF_ERA5_Reanalysis
2016-04-19,34.8,27.9,30.5,38.7,32.6,34.7,0.0,22.5,36.7,159,20.2,1007.7,ward_06_thiruvika_nagar,13.111,80.245,ECMWF_ERA5_Reanalysis
2016-04-20,36.1,27.5,30.9,40.8,32.6,35.2,0.0,21.9,37.1,168,23.58,1008.4,ward_06_thiruvika_nagar,13.111,80.245,ECMWF_ERA5_Reanalysis
2016-04-21,36.8,28.5,31.4,41.3,33.1,35.9,0.0,24.5,42.1,182,25.98,1007.0,ward_06_thiruvika_nagar,13.111,80.245,ECMWF_ERA5_Reanalysis
2016-04-22,38.6,28.4,32.2,42.1,32.3,36.1,0.0,23.8,41.4,184,26.4,1005.5,ward_06_thiruvika_nagar,13.111,80.245,ECMWF_ERA5_Reanalysis
2016-04-23,38.5,29.1,32.6,43.4,32.6,36.8,0.0,23.3,39.2,185,25.13,1003.7,ward_06_thiruvika_nagar,13.111,80.245,ECMWF_ERA5_Reanalysis
2016-04-24,38.1,29.4,32.5,43.8,33.3,37.0,0.0,25.6,41.8,177,25.68,1002.7,ward_06_thiruvika_nagar,13.111,80.245,ECMWF_ERA5_Reanalysis
2016-04-25,36.7,29.2,31.9,41.3,33.9,36.2,0.0,23.1,40.3,177,25.75,1004.6,ward_06_thiruvika_nagar,13.111,80.245,ECMWF_ERA5_Reanalysis
2016-04-26,35.0,28.4,31.0,39.8,33.3,35.5,0.0,21.3,38.5,166,23.81,1007.0,ward_06_thiruvika_nagar,13.111,80.245,ECMWF_ERA5_Reanalysis
2016-04-27,34.8,27.5,30.6,39.3,33.5,35.6,0.0,17.9,33.5,165,21.89,1006.9,ward_06_thiruvika_nagar,13.111,80.245,ECMWF_ERA5_Reanalysis
2016-04-28,36.2,27.9,30.9,40.8,33.1,35.7,0.0,20.8,37.4,174,25.01,1006.4,ward_06_thiruvika_nagar,13.111,80.245,ECMWF_ERA5_Reanalysis
2016-04-29,36.7,27.7,31.0,41.0,33.2,35.7,0.0,19.1,35.3,176,25.22,1006.9,ward_06_thiruvika_nagar,13.111,80.245,ECMWF_ERA5_Reanalysis
2016-04-30,36.5,27.5,30.8,40.9,32.8,35.3,0.0,21.7,39.2,177,25.29,1007.1,ward_06_thiruvika_nagar,13.111,80.245,ECMWF_ERA5_Reanalysis
2016-05-01,37.3,27.6,31.0,40.5,32.6,35.1,0.0,22.5,37.8,180,24.87,1006.3,ward_06_thiruvika_nagar,13.111,80.245,ECMWF_ERA5_Reanalysis
2016-05-02,37.5,27.5,31.5,41.2,31.8,35.5,0.0,24.0,39.2,181,26.08,1006.1,ward_06_thiruvika_nagar,13.111,80.245,ECMWF_ERA5_Reanalysis
2016-05-03,36.6,28.6,31.4,41.1,33.3,35.9,0.0,22.6,38.2,176,25.39,1006.0,ward_06_thiruvika_nagar,13.111,80.245,ECMWF_ERA5_Reanalysis
2016-05-04,36.0,28.7,31.4,40.5,33.4,35.8,0.0,22.4,37.4,169,24.09,1006.5,ward_06_thiruvika_nagar,13.111,80.245,ECMWF_ERA5_Reanalysis
2016-05-05,35.9,28.3,31.2,40.7,33.6,35.9,0.0,21.8,36.7,165,24.58,1007.0,ward_06_thiruvika_nagar,13.111,80.245,ECMWF_ERA5_Reanalysis
2016-05-06,35.3,28.1,30.8,41.0,33.4,36.0,0.4,16.1,31.3,161,22.18,1007.2,ward_06_thiruvika_nagar,13.111,80.245,ECMWF_ERA5_Reanalysis
2016-05-07,35.2,28.2,31.0,40.3,33.3,35.5,0.0,19.1,35.6,162,22.91,1006.7,ward_06_thiruvika_nagar,13.111,80.245,ECMWF_ERA5_Reanalysis
2016-05-08,36.2,28.5,31.4,42.0,33.4,36.4,0.0,18.2,33.5,157,23.79,1007.4,ward_06_thiruvika_nagar,13.111,80.245,ECMWF_ERA5_Reanalysis
2016-05-09,35.4,28.4,31.3,41.3,34.6,36.6,0.0,17.1,32.0,157,23.58,1007.1,ward_06_thiruvika_nagar,13.111,80.245,ECMWF_ERA5_Reanalysis
2016-05-10,35.6,27.5,31.0,41.2,34.1,36.3,0.0,17.3,31.7,150,22.09,1007.2,ward_06_thiruvika_nagar,13.111,80.245,ECMWF_ERA5_Reanalysis
2016-05-11,34.9,28.6,30.9,40.0,34.4,36.2,0.8,16.0,29.9,165,21.16,1006.6,ward_06_thiruvika_nagar,13.111,80.245,ECMWF_ERA5_Reanalysis
2016-05-12,36.7,27.9,31.2,41.1,33.5,35.5,0.5,24.2,45.4,179,23.39,1004.7,ward_06_thiruvika_nagar,13.111,80.245,ECMWF_ERA5_Reanalysis
2016-05-13,37.4,28.1,31.8,41.9,33.2,36.0,0.0,21.3,40.3,172,25.46,1004.4,ward_06_thiruvika_nagar,13.111,80.245,ECMWF_ERA5_Reanalysis
2016-05-14,36.3,28.2,31.5,41.4,33.9,36.4,0.0,23.2,37.4,160,25.15,1005.8,ward_06_thiruvika_nagar,13.111,80.245,ECMWF_ERA5_Reanalysis
2016-05-15,35.1,28.4,31.1,40.5,35.0,36.5,0.2,16.1,34.2,126,23.64,1006.0,ward_06_thiruvika_nagar,13.111,80.245,ECMWF_ERA5_Reanalysis
2016-05-16,31.5,26.1,29.0,36.5,29.8,33.9,14.0,23.5,37.8,62,12.92,1003.5,ward_06_thiruvika_nagar,13.111,80.245,ECMWF_ERA5_Reanalysis
2016-05-17,27.2,26.0,26.3,31.4,28.4,29.7,136.4,33.8,44.3,12,3.18,1000.2,ward_06_thiruvika_nagar,13.111,80.245,ECMWF_ERA5_Reanalysis
2016-05-18,27.4,25.7,26.5,31.3,27.3,28.8,123.1,34.1,64.4,290,3.12,996.8,ward_06_thiruvika_nagar,13.111,80.245,ECMWF_ERA5_Reanalysis
2016-05-19,32.7,25.5,27.6,36.3,27.2,30.2,13.9,29.1,45.4,243,9.49,999.4,ward_06_thiruvika_nagar,13.111,80.245,ECMWF_ERA5_Reanalysis
2016-05-20,33.8,27.3,30.3,38.6,29.0,33.7,0.0,26.4,40.3,228,17.92,1000.7,ward_06_thiruvika_nagar,13.111,80.245,ECMWF_ERA5_Reanalysis
2016-05-21,35.4,28.2,30.8,41.8,31.2,35.2,0.0,21.5,34.2,209,22.89,1002.1,ward_06_thiruvika_nagar,13.111,80.245,ECMWF_ERA5_Reanalysis
2016-05-22,35.9,28.4,31.4,42.1,31.7,35.9,0.0,21.4,34.6,211,25.43,1003.4,ward_06_thiruvika_nagar,13.111,80.245,ECMWF_ERA5_Reanalysis
2016-05-23,36.2,28.7,31.4,43.3,31.9,36.3,0.0,22.4,34.9,213,25.08,1003.7,ward_06_thiruvika_nagar,13.111,80.245,ECMWF_ERA5_Reanalysis
2016-05-24,36.1,28.3,31.4,42.9,32.6,36.4,0.0,26.0,39.2,207,25.51,1003.5,ward_06_thiruvika_nagar,13.111,80.245,ECMWF_ERA5_Reanalysis
2016-05-25,36.5,28.7,31.6,44.3,32.3,36.6,0.0,23.5,40.7,212,25.08,1002.6,ward_06_thiruvika_nagar,13.111,80.245,ECMWF_ERA5_Reanalysis
2016-05-26,36.3,28.9,31.6,44.5,31.9,36.8,0.0,19.2,31.0,216,25.51,1003.1,ward_06_thiruvika_nagar,13.111,80.245,ECMWF_ERA5_Reanalysis
2016-05-27,35.2,28.4,31.2,42.4,32.5,36.7,0.7,24.2,33.1,213,22.39,1004.2,ward_06_thiruvika_nagar,13.111,80.245,ECMWF_ERA5_Reanalysis
2016-05-28,36.2,27.8,31.4,45.0,31.2,36.3,0.0,21.3,35.3,217,25.36,1004.3,ward_06_thiruvika_nagar,13.111,80.245,ECMWF_ERA5_Reanalysis
2016-05-29,34.9,27.6,30.9,41.5,31.5,35.9,0.0,17.3,28.8,230,24.09,1003.9,ward_06_thiruvika_nagar,13.111,80.245,ECMWF_ERA5_Reanalysis
2016-05-30,35.7,28.3,31.4,43.2,31.9,36.2,0.0,20.7,30.2,203,24.65,1003.1,ward_06_thiruvika_nagar,13.111,80.245,ECMWF_ERA5_Reanalysis
2016-05-31,35.1,28.3,31.4,43.2,32.5,36.5,0.0,19.7,32.4,204,25.1,1004.1,ward_06_thiruvika_nagar,13.111,80.245,ECMWF_ERA5_Reanalysis
2016-06-01,36.1,28.4,31.3,44.2,32.1,36.4,0.4,19.7,31.3,219,24.45,1004.4,ward_06_thiruvika_nagar,13.111,80.245,ECMWF_ERA5_Reanalysis
2016-06-02,34.9,27.9,30.5,41.7,32.4,35.7,1.1,15.0,31.0,226,22.64,1004.0,ward_06_thiruvika_nagar,13.111,80.245,ECMWF_ERA5_Reanalysis
2016-06-03,34.8,28.1,30.8,42.7,33.7,36.3,0.6,19.3,31.0,213,22.56,1003.6,ward_06_thiruvika_nagar,13.111,80.245,ECMWF_ERA5_Reanalysis
2016-06-04,33.4,27.7,29.7,39.3,32.0,34.8,0.9,17.7,33.5,215,16.25,1003.3,ward_06_thiruvika_nagar,13.111,80.245,ECMWF_ERA5_Reanalysis
2016-06-05,34.5,25.9,29.4,41.0,31.1,35.1,19.8,14.7,28.1,210,21.03,1003.8,ward_06_thiruvika_nagar,13.111,80.245,ECMWF_ERA5_Reanalysis
2016-06-06,32.6,26.8,29.3,37.8,32.3,34.4,2.5,17.7,30.6,200,14.63,1004.0,ward_06_thiruvika_nagar,13.111,80.245,ECMWF_ERA5_Reanalysis
2016-06-07,32.0,26.2,28.9,37.0,31.7,34.2,22.5,17.4,28.8,216,15.66,1004.3,ward_06_thiruvika_nagar,13.111,80.245,ECMWF_ERA5_Reanalysis
2016-06-08,31.4,26.1,28.3,37.0,31.4,33.8,14.9,16.8,33.1,219,14.08,1003.8,ward_06_thiruvika_nagar,13.111,80.245,ECMWF_ERA5_Reanalysis
2016-06-09,32.8,27.5,29.5,37.4,31.8,33.8,0.0,23.6,34.2,203,16.8,1004.3,ward_06_thiruvika_nagar,13.111,80.245,ECMWF_ERA5_Reanalysis
2016-06-10,33.1,27.7,30.1,37.6,30.8,34.0,0.0,21.2,35.6,205,22.1,1004.4,ward_06_thiruvika_nagar,13.111,80.245,ECMWF_ERA5_Reanalysis
2016-06-11,34.2,27.9,30.7,38.9,30.6,34.4,0.0,19.5,29.5,220,23.45,1004.5,ward_06_thiruvika_nagar,13.111,80.245,ECMWF_ERA5_Reanalysis
2016-06-12,34.9,27.7,30.7,39.9,30.4,34.5,1.1,21.3,36.4,231,24.02,1004.5,ward_06_thiruvika_nagar,13.111,80.245,ECMWF_ERA5_Reanalysis
2016-06-13,34.6,27.4,30.3,39.3,31.8,34.3,3.7,19.5,35.6,239,20.33,1004.9,ward_06_thiruvika_nagar,13.111,80.245,ECMWF_ERA5_Reanalysis
2016-06-14,34.9,27.6,30.1,40.4,30.0,33.8,2.2,15.9,30.6,245,22.3,1003.9,ward_06_thiruvika_nagar,13.111,80.245,ECMWF_ERA5_Reanalysis
2016-06-15,34.5,28.3,30.8,39.7,30.2,34.1,0.0,18.7,31.0,244,17.7,1002.5,ward_06_thiruvika_nagar,13.111,80.245,ECMWF_ERA5_Reanalysis
2016-06-16,35.0,28.5,31.2,40.1,30.6,34.8,0.0,18.3,30.6,231,22.79,1001.5,ward_06_thiruvika_nagar,13.111,80.245,ECMWF_ERA5_Reanalysis
2016-06-17,33.7,27.5,30.2,38.7,30.5,33.7,0.3,16.4,30.2,235,18.71,1000.9,ward_06_thiruvika_nagar,13.111,80.245,ECMWF_ERA5_Reanalysis
2016-06-18,33.3,27.2,29.6,38.8,31.3,33.8,1.6,15.8,23.8,228,16.7,1001.6,ward_06_thiruvika_nagar,13.111,80.245,ECMWF_ERA5_Reanalysis
2016-06-19,33.4,26.0,28.8,40.9,30.0,33.5,11.2,16.6,28.4,205,22.53,1002.0,ward_06_thiruvika_nagar,13.111,80.245,ECMWF_ERA5_Reanalysis
2016-06-20,31.4,26.1,28.3,36.5,31.2,33.5,9.9,15.3,25.9,196,15.44,1002.4,ward_06_thiruvika_nagar,13.111,80.245,ECMWF_ERA5_Reanalysis
2016-06-21,31.8,25.8,27.9,38.6,30.1,33.1,10.9,17.9,28.4,211,16.62,1002.7,ward_06_thiruvika_nagar,13.111,80.245,ECMWF_ERA5_Reanalysis
2016-06-22,31.3,25.1,27.7,36.5,30.1,32.4,10.7,16.7,28.8,228,14.76,1004.0,ward_06_thiruvika_nagar,13.111,80.245,ECMWF_ERA5_Reanalysis
2016-06-23,30.0,25.9,27.5,34.1,29.2,31.2,2.6,19.4,40.7,240,11.59,1003.8,ward_06_thiruvika_nagar,13.111,80.245,ECMWF_ERA5_Reanalysis
2016-06-24,31.7,25.9,27.6,36.5,28.3,31.4,3.4,14.5,32.8,240,9.09,1002.5,ward_06_thiruvika_nagar,13.111,80.245,ECMWF_ERA5_Reanalysis
2016-06-25,32.9,26.1,28.8,37.0,28.3,31.8,1.1,19.1,38.9,269,15.34,1003.4,ward_06_thiruvika_nagar,13.111,80.245,ECMWF_ERA5_Reanalysis
2016-06-26,30.5,26.7,28.3,35.1,28.9,31.7,0.0,15.5,28.8,246,10.55,1004.0,ward_06_thiruvika_nagar,13.111,80.245,ECMWF_ERA5_Reanalysis
2016-06-27,31.9,26.4,28.2,36.4,29.9,32.7,2.3,13.4,34.6,241,13.24,1002.3,ward_06_thiruvika_nagar,13.111,80.245,ECMWF_ERA5_Reanalysis
2016-06-28,28.5,26.1,27.4,33.3,29.2,31.0,11.9,18.6,37.8,234,6.03,1002.6,ward_06_thiruvika_nagar,13.111,80.245,ECMWF_ERA5_Reanalysis
2016-06-29,29.0,25.3,26.6,32.0,27.9,29.8,8.0,21.4,41.0,233,9.02,1003.4,ward_06_thiruvika_nagar,13.111,80.245,ECMWF_ERA5_Reanalysis
2016-06-30,31.8,25.0,28.3,35.4,27.7,31.4,1.8,20.4,42.1,225,16.12,1003.0,ward_06_thiruvika_nagar,13.111,80.245,ECMWF_ERA5_Reanalysis
2016-07-01,33.4,26.6,29.7,37.5,28.7,32.3,0.0,22.8,39.6,239,16.96,1002.0,ward_06_thiruvika_nagar,13.111,80.245,ECMWF_ERA5_Reanalysis
2016-07-02,33.3,27.2,30.0,37.3,28.7,32.5,0.0,20.6,36.0,227,17.39,1002.5,ward_06_thiruvika_nagar,13.111,80.245,ECMWF_ERA5_Reanalysis
2016-07-03,33.4,27.0,29.8,37.4,29.3,33.0,0.0,18.8,33.1,210,16.18,1003.7,ward_06_thiruvika_nagar,13.111,80.245,ECMWF_ERA5_Reanalysis
2016-07-04,33.7,26.5,29.5,38.9,30.0,33.3,2.9,18.8,35.3,218,14.89,1004.2,ward_06_thiruvika_nagar,13.111,80.245,ECMWF_ERA5_Reanalysis
2016-07-05,31.6,26.6,28.8,36.3,29.8,32.6,1.3,16.6,32.4,212,13.69,1004.0,ward_06_thiruvika_nagar,13.111,80.245,ECMWF_ERA5_Reanalysis
2016-07-06,33.0,27.3,29.4,37.1,30.6,33.2,0.5,18.7,32.0,231,16.87,1003.6,ward_06_thiruvika_nagar,13.111,80.245,ECMWF_ERA5_Reanalysis
2016-07-07,32.1,26.3,28.8,35.8,29.3,32.4,0.9,17.7,30.2,235,12.07,1003.6,ward_06_thiruvika_nagar,13.111,80.245,ECMWF_ERA5_Reanalysis
2016-07-08,33.7,27.3,29.5,37.6,30.0,32.7,0.8,20.5,34.9,232,18.13,1002.6,ward_06_thiruvika_nagar,13.111,80.245,ECMWF_ERA5_Reanalysis
2016-07-09,34.1,27.5,30.3,35.8,28.9,32.0,0.0,25.3,43.9,240,18.45,1002.2,ward_06_thiruvika_nagar,13.111,80.245,ECMWF_ERA5_Reanalysis
2016-07-10,34.3,27.5,30.7,36.2,29.2,32.3,0.0,23.0,42.5,237,17.17,1001.9,ward_06_thiruvika_nagar,13.111,80.245,ECMWF_ERA5_Reanalysis
2016-07-11,34.6,27.9,30.9,36.9,29.9,32.4,0.0,23.7,42.5,242,19.46,1001.9,ward_06_thiruvika_nagar,13.111,80.245,ECMWF_ERA5_Reanalysis
2016-07-12,34.3,27.8,30.8,36.8,29.7,32.9,0.0,20.5,36.0,236,18.55,1003.2,ward_06_thiruvika_nagar,13.111,80.245,ECMWF_ERA5_Reanalysis
2016-07-13,35.3,27.2,31.0,38.9,29.4,33.6,0.0,18.4,30.6,230,22.17,1003.6,ward_06_thiruvika_nagar,13.111,80.245,ECMWF_ERA5_Reanalysis
2016-07-14,34.9,28.0,30.6,40.5,30.8,34.6,0.0,19.2,32.4,204,23.32,1003.2,ward_06_thiruvika_nagar,13.111,80.245,ECMWF_ERA5_Reanalysis
2016-07-15,33.4,26.8,29.5,39.8,30.6,34.3,5.2,21.4,36.4,187,21.03,1003.8,ward_06_thiruvika_nagar,13.111,80.245,ECMWF_ERA5_Reanalysis
2016-07-16,33.2,26.5,29.0,39.9,30.3,33.8,3.8,17.1,33.1,195,23.01,1005.3,ward_06_thiruvika_nagar,13.111,80.245,ECMWF_ERA5_Reanalysis
2016-07-17,32.4,25.9,28.4,38.4,31.0,33.4,6.6,16.9,29.5,190,19.59,1006.9,ward_06_thiruvika_nagar,13.111,80.245,ECMWF_ERA5_Reanalysis
2016-07-18,33.2,25.6,28.7,39.3,29.5,33.7,11.7,17.2,27.4,229,19.44,1006.4,ward_06_thiruvika_nagar,13.111,80.245,ECMWF_ERA5_Reanalysis
2016-07-19,28.8,25.3,26.6,33.3,29.6,31.4,10.1,13.4,22.7,259,7.21,1006.3,ward_06_thiruvika_nagar,13.111,80.245,ECMWF_ERA5_Reanalysis
2016-07-20,30.5,25.6,27.5,34.3,30.3,32.0,4.9,14.0,30.6,244,12.03,1005.0,ward_06_thiruvika_nagar,13.111,80.245,ECMWF_ERA5_Reanalysis
2016-07-21,31.3,25.2,27.8,35.1,28.1,31.6,5.3,17.4,42.1,251,16.42,1003.9,ward_06_thiruvika_nagar,13.111,80.245,ECMWF_ERA5_Reanalysis
2016-07-22,30.4,24.7,26.9,33.9,27.9,30.5,37.3,17.9,37.8,238,11.48,1003.3,ward_06_thiruvika_nagar,13.111,80.245,ECMWF_ERA5_Reanalysis
2016-07-23,30.0,25.1,27.2,34.5,28.9,31.3,3.6,14.8,33.1,217,11.17,1003.5,ward_06_thiruvika_nagar,13.111,80.245,ECMWF_ERA5_Reanalysis
2016-07-24,31.4,25.2,28.0,37.2,29.0,32.6,18.7,16.9,26.3,207,16.49,1003.5,ward_06_thiruvika_nagar,13.111,80.245,ECMWF_ERA5_Reanalysis
2016-07-25,31.0,25.2,27.6,38.0,29.2,32.4,8.4,16.9,27.0,190,19.17,1004.3,ward_06_thiruvika_nagar,13.111,80.245,ECMWF_ERA5_Reanalysis
2016-07-26,30.4,24.9,27.4,35.1,29.5,31.8,6.4,17.1,28.8,191,15.47,1004.6,ward_06_thiruvika_nagar,13.111,80.245,ECMWF_ERA5_Reanalysis
2016-07-27,31.3,25.8,28.0,37.4,30.6,32.7,0.3,16.6,28.4,177,20.69,1005.0,ward_06_thiruvika_nagar,13.111,80.245,ECMWF_ERA5_Reanalysis
2016-07-28,31.2,24.7,27.6,37.6,29.3,32.5,6.7,15.9,28.8,188,20.65,1004.9,ward_06_thiruvika_nagar,13.111,80.245,ECMWF_ERA5_Reanalysis
2016-07-29,30.7,25.3,27.4,36.6,29.5,32.2,15.7,15.0,27.0,233,18.7,1004.2,ward_06_thiruvika_nagar,13.111,80.245,ECMWF_ERA5_Reanalysis
2016-07-30,30.2,26.2,27.8,34.3,29.6,31.7,1.9,16.3,31.0,229,13.22,1004.4,ward_06_thiruvika_nagar,13.111,80.245,ECMWF_ERA5_Reanalysis
2016-07-31,32.0,24.9,27.7,36.3,28.2,31.6,6.0,15.6,28.8,243,15.76,1005.2,ward_06_thiruvika_nagar,13.111,80.245,ECMWF_ERA5_Reanalysis
2016-08-01,31.1,26.5,28.3,34.5,28.4,31.1,0.0,24.5,42.5,251,10.71,1004.2,ward_06_thiruvika_nagar,13.111,80.245,ECMWF_ERA5_Reanalysis
2016-08-02,32.1,26.0,28.9,33.6,27.4,30.4,0.0,25.8,42.5,247,16.73,1002.2,ward_06_thiruvika_nagar,13.111,80.245,ECMWF_ERA5_Reanalysis
2016-08-03,33.2,26.7,29.6,35.7,27.7,31.3,0.0,26.0,42.5,246,18.45,1001.7,ward_06_thiruvika_nagar,13.111,80.245,ECMWF_ERA5_Reanalysis
2016-08-04,33.2,27.0,29.5,36.7,28.6,32.0,0.0,21.8,36.4,247,14.04,1002.6,ward_06_thiruvika_nagar,13.111,80.245,ECMWF_ERA5_Reanalysis
2016-08-05,31.8,27.0,28.9,34.4,29.9,31.5,0.4,19.5,34.6,232,12.94,1003.6,ward_06_thiruvika_nagar,13.111,80.245,ECMWF_ERA5_Reanalysis
2016-08-06,33.9,27.1,29.8,37.7,29.2,32.6,0.0,19.5,34.9,227,19.27,1003.9,ward_06_thiruvika_nagar,13.111,80.245,ECMWF_ERA5_Reanalysis
2016-08-07,34.5,27.1,29.7,38.9,29.2,33.0,0.2,16.4,31.7,237,21.28,1004.9,ward_06_thiruvika_nagar,13.111,80.245,ECMWF_ERA5_Reanalysis
2016-08-08,34.2,26.7,29.9,39.5,29.5,33.8,0.0,17.3,28.1,226,22.06,1005.5,ward_06_thiruvika_nagar,13.111,80.245,ECMWF_ERA5_Reanalysis
2016-08-09,34.1,27.6,30.1,39.6,30.8,34.0,0.0,20.4,35.3,208,21.12,1005.2,ward_06_thiruvika_nagar,13.111,80.245,ECMWF_ERA5_Reanalysis
2016-08-10,34.3,27.5,30.3,40.6,30.4,34.0,0.0,21.2,33.5,212,22.58,1005.4,ward_06_thiruvika_nagar,13.111,80.245,ECMWF_ERA5_Reanalysis
2016-08-11,34.4,27.5,30.2,39.8,30.5,34.1,0.0,20.3,32.8,202,22.94,1006.2,ward_06_thiruvika_nagar,13.111,80.245,ECMWF_ERA5_Reanalysis
2016-08-12,34.7,26.8,30.1,40.6,30.5,34.5,1.7,17.0,27.7,207,23.12,1006.0,ward_06_thiruvika_nagar,13.111,80.245,ECMWF_ERA5_Reanalysis
2016-08-13,34.1,27.6,30.0,40.2,30.6,34.0,1.0,20.7,29.5,210,19.77,1005.0,ward_06_thiruvika_nagar,13.111,80.245,ECMWF_ERA5_Reanalysis
2016-08-14,34.6,27.4,30.5,38.7,30.7,33.9,0.0,18.5,32.4,227,21.73,1004.1,ward_06_thiruvika_nagar,13.111,80.245,ECMWF_ERA5_Reanalysis
2016-08-15,35.3,27.7,31.1,38.3,29.6,33.5,0.0,19.1,35.3,252,22.19,1003.3,ward_06_thiruvika_nagar,13.111,80.245,ECMWF_ERA5_Reanalysis
2016-08-16,35.6,27.9,31.5,37.4,29.1,32.9,0.0,22.2,40.3,271,19.48,1002.1,ward_06_thiruvika_nagar,13.111,80.245,ECMWF_ERA5_Reanalysis
2016-08-17,35.2,27.7,31.3,38.1,29.0,33.1,0.0,21.9,40.0,263,21.24,1001.9,ward_06_thiruvika_nagar,13.111,80.245,ECMWF_ERA5_Reanalysis
2016-08-18,35.2,28.1,31.1,40.7,29.8,34.0,0.0,19.1,37.1,234,22.56,1002.4,ward_06_thiruvika_nagar,13.111,80.245,ECMWF_ERA5_Reanalysis
2016-08-19,35.2,27.9,30.8,39.9,30.3,34.3,0.0,16.7,30.6,209,22.91,1003.1,ward_06_thiruvika_nagar,13.111,80.245,ECMWF_ERA5_Reanalysis
2016-08-20,34.2,27.9,30.5,40.5,31.8,34.6,0.0,19.6,30.2,179,21.5,1003.2,ward_06_thiruvika_nagar,13.111,80.245,ECMWF_ERA5_Reanalysis
2016-08-21,34.7,28.0,30.8,40.9,32.0,35.4,0.0,17.8,27.7,187,22.27,1003.8,ward_06_thiruvika_nagar,13.111,80.245,ECMWF_ERA5_Reanalysis
2016-08-22,34.9,27.6,30.6,40.8,33.0,35.5,0.4,18.4,32.4,180,21.66,1004.5,ward_06_thiruvika_nagar,13.111,80.245,ECMWF_ERA5_Reanalysis
2016-08-23,34.4,27.9,30.8,39.8,32.5,35.1,0.1,18.4,40.0,191,21.41,1004.5,ward_06_thiruvika_nagar,13.111,80.245,ECMWF_ERA5_Reanalysis
2016-08-24,35.3,27.7,30.8,40.9,31.1,34.9,2.0,22.6,29.5,190,22.28,1003.4,ward_06_thiruvika_nagar,13.111,80.245,ECMWF_ERA5_Reanalysis
2016-08-25,32.4,27.2,29.5,37.3,31.8,34.0,4.1,23.1,36.7,215,15.36,1004.1,ward_06_thiruvika_nagar,13.111,80.245,ECMWF_ERA5_Reanalysis
2016-08-26,31.0,26.1,28.3,35.3,31.5,33.5,6.1,14.7,28.4,251,11.4,1004.3,ward_06_thiruvika_nagar,13.111,80.245,ECMWF_ERA5_Reanalysis
2016-08-27,29.4,25.9,27.3,35.1,29.4,32.0,7.9,17.9,24.5,210,7.31,1004.2,ward_06_thiruvika_nagar,13.111,80.245,ECMWF_ERA5_Reanalysis
2016-08-28,32.2,25.9,28.3,37.1,29.9,32.6,0.4,18.9,33.5,232,12.74,1004.7,ward_06_thiruvika_nagar,13.111,80.245,ECMWF_ERA5_Reanalysis
2016-08-29,32.4,26.9,28.9,37.5,30.4,33.2,2.5,19.6,30.6,219,15.77,1003.6,ward_06_thiruvika_nagar,13.111,80.245,ECMWF_ERA5_Reanalysis
2016-08-30,31.8,26.3,28.2,36.6,29.7,32.4,4.8,20.1,32.4,219,10.82,1003.0,ward_06_thiruvika_nagar,13.111,80.245,ECMWF_ERA5_Reanalysis
2016-08-31,30.2,25.0,27.3,35.5,29.2,31.9,7.1,17.3,29.5,219,10.19,1004.3,ward_06_thiruvika_nagar,13.111,80.245,ECMWF_ERA5_Reanalysis
2016-09-01,32.7,25.9,28.6,38.3,30.4,33.3,6.9,16.1,25.9,219,19.13,1005.2,ward_06_thiruvika_nagar,13.111,80.245,ECMWF_ERA5_Reanalysis
2016-09-02,32.8,25.2,28.2,38.8,29.7,32.9,5.1,16.5,29.5,206,17.74,1005.5,ward_06_thiruvika_nagar,13.111,80.245,ECMWF_ERA5_Reanalysis
2016-09-03,32.9,26.7,28.8,38.8,29.9,33.0,1.8,17.5,27.7,233,19.35,1005.4,ward_06_thiruvika_nagar,13.111,80.245,ECMWF_ERA5_Reanalysis
2016-09-04,32.3,26.0,28.6,36.2,30.1,33.1,0.5,17.7,26.3,212,13.47,1006.6,ward_06_thiruvika_nagar,13.111,80.245,ECMWF_ERA5_Reanalysis
2016-09-05,33.6,27.0,29.6,37.5,29.4,33.3,0.0,16.1,28.8,247,19.72,1006.9,ward_06_thiruvika_nagar,13.111,80.245,ECMWF_ERA5_Reanalysis
2016-09-06,33.6,27.2,29.7,38.1,29.0,33.0,0.0,17.3,29.2,232,22.22,1006.9,ward_06_thiruvika_nagar,13.111,80.245,ECMWF_ERA5_Reanalysis
2016-09-07,33.6,27.2,29.8,37.8,29.1,32.9,0.0,16.9,30.2,251,22.37,1006.0,ward_06_thiruvika_nagar,13.111,80.245,ECMWF_ERA5_Reanalysis
2016-09-08,33.1,26.4,29.5,36.7,30.5,33.2,0.0,15.0,29.5,208,20.52,1005.8,ward_06_thiruvika_nagar,13.111,80.245,ECMWF_ERA5_Reanalysis
2016-09-09,34.2,26.7,29.9,40.6,30.9,34.4,0.0,16.8,25.2,194,21.65,1006.1,ward_06_thiruvika_nagar,13.111,80.245,ECMWF_ERA5_Reanalysis
2016-09-10,34.6,26.0,29.6,40.3,31.3,34.0,5.9,18.1,29.5,218,20.19,1005.1,ward_06_thiruvika_nagar,13.111,80.245,ECMWF_ERA5_Reanalysis
2016-09-11,31.9,26.1,28.3,35.8,31.7,33.3,1.4,11.3,24.8,257,13.59,1004.6,ward_06_thiruvika_nagar,13.111,80.245,ECMWF_ERA5_Reanalysis
2016-09-12,32.3,25.7,28.3,36.1,29.1,32.2,1.5,12.8,33.5,247,15.24,1004.0,ward_06_thiruvika_nagar,13.111,80.245,ECMWF_ERA5_Reanalysis
2016-09-13,31.8,26.2,28.5,36.3,30.3,32.9,1.1,12.3,24.8,236,14.14,1004.4,ward_06_thiruvika_nagar,13.111,80.245,ECMWF_ERA5_Reanalysis
2016-09-14,31.0,26.8,28.4,35.6,31.0,32.8,0.9,15.0,27.0,197,12.74,1004.3,ward_06_thiruvika_nagar,13.111,80.245,ECMWF_ERA5_Reanalysis
2016-09-15,33.4,26.6,29.1,38.7,30.4,33.0,2.9,24.2,33.5,203,19.38,1003.6,ward_06_thiruvika_nagar,13.111,80.245,ECMWF_ERA5_Reanalysis
2016-09-16,33.4,26.5,29.0,39.9,30.6,33.5,2.5,18.7,28.4,203,20.5,1003.9,ward_06_thiruvika_nagar,13.111,80.245,ECMWF_ERA5_Reanalysis
2016-09-17,33.0,26.7,29.2,38.1,32.0,33.8,1.4,18.9,28.8,197,18.17,1004.5,ward_06_thiruvika_nagar,13.111,80.245,ECMWF_ERA5_Reanalysis
2016-09-18,33.1,26.8,29.4,38.2,30.8,33.4,0.0,15.8,28.1,191,21.5,1005.6,ward_06_thiruvika_nagar,13.111,80.245,ECMWF_ERA5_Reanalysis
2016-09-19,33.7,26.7,29.7,39.1,32.4,34.4,0.5,12.7,23.8,202,19.94,1005.4,ward_06_thiruvika_nagar,13.111,80.245,ECMWF_ERA5_Reanalysis
2016-09-20,31.3,27.3,29.1,35.5,31.0,33.2,0.0,13.8,25.2,250,10.74,1004.4,ward_06_thiruvika_nagar,13.111,80.245,ECMWF_ERA5_Reanalysis
2016-09-21,29.9,24.9,27.4,32.5,27.8,30.5,4.8,18.0,33.1,267,9.76,1004.6,ward_06_thiruvika_nagar,13.111,80.245,ECMWF_ERA5_Reanalysis
2016-09-22,34.1,25.0,28.8,37.0,27.8,32.1,4.9,20.8,38.9,245,18.56,1004.4,ward_06_thiruvika_nagar,13.111,80.245,ECMWF_ERA5_Reanalysis
2016-09-23,33.6,26.7,29.7,36.7,29.1,32.9,0.3,17.3,37.1,234,18.04,1002.8,ward_06_thiruvika_nagar,13.111,80.245,ECMWF_ERA5_Reanalysis
2016-09-24,34.6,26.6,29.3,39.5,31.2,33.6,1.9,19.4,41.4,230,17.64,1001.6,ward_06_thiruvika_nagar,13.111,80.245,ECMWF_ERA5_Reanalysis
2016-09-25,33.6,27.2,29.9,38.0,29.4,33.2,0.1,16.9,33.5,212,17.54,1002.4,ward_06_thiruvika_nagar,13.111,80.245,ECMWF_ERA5_Reanalysis
2016-09-26,33.0,27.5,29.8,39.2,30.9,34.1,0.0,14.8,28.8,197,18.82,1003.9,ward_06_thiruvika_nagar,13.111,80.245,ECMWF_ERA5_Reanalysis
2016-09-27,32.0,26.8,28.9,39.2,30.9,34.0,14.8,18.0,32.4,187,17.89,1005.0,ward_06_thiruvika_nagar,13.111,80.245,ECMWF_ERA5_Reanalysis
2016-09-28,31.7,25.6,28.3,37.2,29.5,33.2,15.8,18.2,28.1,200,17.64,1004.3,ward_06_thiruvika_nagar,13.111,80.245,ECMWF_ERA5_Reanalysis
2016-09-29,33.0,26.1,28.4,39.7,30.5,33.3,9.8,21.3,34.9,212,17.95,1003.5,ward_06_thiruvika_nagar,13.111,80.245,ECMWF_ERA5_Reanalysis
2016-09-30,33.0,26.0,28.9,39.3,29.7,33.6,0.4,17.2,25.2,209,17.28,1002.8,ward_06_thiruvika_nagar,13.111,80.245,ECMWF_ERA5_Reanalysis
2016-10-01,32.1,26.7,29.1,38.4,31.9,34.1,0.0,14.0,22.0,193,20.06,1004.2,ward_06_thiruvika_nagar,13.111,80.245,ECMWF_ERA5_Reanalysis
2016-10-02,32.1,26.6,28.8,39.0,31.0,33.9,0.3,16.9,26.3,175,21.8,1006.3,ward_06_thiruvika_nagar,13.111,80.245,ECMWF_ERA5_Reanalysis
2016-10-03,31.7,26.1,28.5,37.2,31.0,33.4,0.4,15.2,28.1,177,21.07,1006.4,ward_06_thiruvika_nagar,13.111,80.245,ECMWF_ERA5_Reanalysis
2016-10-04,31.8,26.3,28.5,38.4,31.4,34.3,4.1,13.9,22.0,173,18.42,1006.3,ward_06_thiruvika_nagar,13.111,80.245,ECMWF_ERA5_Reanalysis
2016-10-05,33.6,26.3,29.4,40.1,30.7,34.4,0.8,14.7,23.4,201,20.72,1005.8,ward_06_thiruvika_nagar,13.111,80.245,ECMWF_ERA5_Reanalysis
2016-10-06,33.5,27.1,29.6,38.9,31.3,34.3,0.1,13.9,24.1,195,19.98,1005.8,ward_06_thiruvika_nagar,13.111,80.245,ECMWF_ERA5_Reanalysis
2016-10-07,33.1,26.5,29.3,38.5,30.7,34.0,2.0,15.8,26.6,198,17.5,1006.0,ward_06_thiruvika_nagar,13.111,80.245,ECMWF_ERA5_Reanalysis
2016-10-08,34.0,27.6,29.9,40.2,31.4,34.1,0.0,18.4,27.0,194,20.31,1006.1,ward_06_thiruvika_nagar,13.111,80.245,ECMWF_ERA5_Reanalysis
2016-10-09,33.7,26.5,29.8,39.0,31.1,34.0,0.0,17.8,30.2,201,21.14,1006.4,ward_06_thiruvika_nagar,13.111,80.245,ECMWF_ERA5_Reanalysis
2016-10-10,34.5,27.3,29.7,40.9,31.4,34.1,1.3,16.3,27.7,210,19.45,1005.7,ward_06_thiruvika_nagar,13.111,80.245,ECMWF_ERA5_Reanalysis
2016-10-11,33.7,26.9,29.8,39.3,31.4,34.7,4.1,16.1,23.4,213,19.77,1005.7,ward_06_thiruvika_nagar,13.111,80.245,ECMWF_ERA5_Reanalysis
2016-10-12,34.0,26.9,29.6,39.9,30.5,34.5,0.7,15.3,25.2,202,20.19,1005.8,ward_06_thiruvika_nagar,13.111,80.245,ECMWF_ERA5_Reanalysis
2016-10-13,33.1,26.5,29.2,38.9,31.9,34.3,0.0,10.5,19.1,69,18.86,1006.7,ward_06_thiruvika_nagar,13.111,80.245,ECMWF_ERA5_Reanalysis
2016-10-14,32.6,24.9,28.7,37.2,30.3,33.4,0.0,12.2,23.0,50,21.05,1007.4,ward_06_thiruvika_nagar,13.111,80.245,ECMWF_ERA5_Reanalysis
2016-10-15,32.2,24.7,28.2,35.7,29.4,32.3,0.2,15.3,27.7,41,21.2,1008.1,ward_06_thiruvika_nagar,13.111,80.245,ECMWF_ERA5_Reanalysis
2016-10-16,32.7,23.9,28.0,36.7,27.9,31.8,0.0,14.7,26.3,38,22.7,1008.5,ward_06_thiruvika_nagar,13.111,80.245,ECMWF_ERA5_Reanalysis
2016-10-17,32.5,23.4,27.9,37.6,27.5,31.9,0.0,13.8,26.6,62,21.69,1007.6,ward_06_thiruvika_nagar,13.111,80.245,ECMWF_ERA5_Reanalysis
2016-10-18,33.1,23.3,27.9,36.5,27.1,31.5,0.0,14.3,28.1,37,23.21,1006.7,ward_06_thiruvika_nagar,13.111,80.245,ECMWF_ERA5_Reanalysis
2016-10-19,33.4,23.8,28.1,38.1,27.0,31.9,0.0,15.5,32.4,43,22.54,1005.8,ward_06_thiruvika_nagar,13.111,80.245,ECMWF_ERA5_Reanalysis
2016-10-20,33.0,24.6,28.3,37.0,29.0,32.5,0.0,13.5,27.0,53,20.38,1005.1,ward_06_thiruvika_nagar,13.111,80.245,ECMWF_ERA5_Reanalysis
2016-10-21,33.3,24.3,28.3,36.5,28.4,31.8,0.0,13.9,31.0,125,19.29,1006.3,ward_06_thiruvika_nagar,13.111,80.245,ECMWF_ERA5_Reanalysis
2016-10-22,33.3,25.1,28.6,37.3,29.9,32.3,0.0,14.1,28.4,107,19.37,1007.6,ward_06_thiruvika_nagar,13.111,80.245,ECMWF_ERA5_Reanalysis
2016-10-23,33.3,23.9,28.0,36.4,27.7,31.4,0.0,13.4,31.0,111,19.86,1008.2,ward_06_thiruvika_nagar,13.111,80.245,ECMWF_ERA5_Reanalysis
2016-10-24,34.0,23.4,28.1,36.4,26.5,30.5,0.0,16.4,29.9,29,22.69,1007.8,ward_06_thiruvika_nagar,13.111,80.245,ECMWF_ERA5_Reanalysis
2016-10-25,34.2,23.4,27.9,36.7,25.2,30.2,0.0,14.7,31.3,10,21.41,1006.9,ward_06_thiruvika_nagar,13.111,80.245,ECMWF_ERA5_Reanalysis
2016-10-26,33.6,22.9,27.8,36.2,24.7,30.2,0.0,15.3,29.2,10,21.21,1007.2,ward_06_thiruvika_nagar,13.111,80.245,ECMWF_ERA5_Reanalysis
2016-10-27,33.2,23.4,28.1,35.5,26.1,30.4,0.0,16.0,29.2,345,20.42,1008.1,ward_06_thiruvika_nagar,13.111,80.245,ECMWF_ERA5_Reanalysis
2016-10-28,32.2,25.1,27.7,34.3,28.2,30.3,3.2,13.3,29.5,320,10.21,1007.8,ward_06_thiruvika_nagar,13.111,80.245,ECMWF_ERA5_Reanalysis
2016-10-29,30.7,23.4,26.6,35.6,27.7,30.9,14.5,13.9,30.6,345,15.19,1007.7,ward_06_thiruvika_nagar,13.111,80.245,ECMWF_ERA5_Reanalysis
2016-10-30,28.5,24.8,26.3,32.5,29.2,30.8,9.5,14.1,29.5,55,12.02,1008.8,ward_06_thiruvika_nagar,13.111,80.245,ECMWF_ERA5_Reanalysis
2016-10-31,28.9,24.3,26.4,32.4,29.1,30.7,4.9,14.9,29.5,59,13.34,1010.6,ward_06_thiruvika_nagar,13.111,80.245,ECMWF_ERA5_Reanalysis
2016-11-01,29.7,24.7,26.7,34.1,29.3,30.7,3.4,20.0,34.6,29,16.62,1010.0,ward_06_thiruvika_nagar,13.111,80.245,ECMWF_ERA5_Reanalysis
2016-11-02,28.8,24.5,26.4,32.6,28.4,30.2,4.1,18.8,33.8,27,13.62,1009.3,ward_06_thiruvika_nagar,13.111,80.245,ECMWF_ERA5_Reanalysis
2016-11-03,30.6,24.5,26.9,34.3,28.0,30.5,5.5,24.4,42.8,7,16.05,1008.2,ward_06_thiruvika_nagar,13.111,80.245,ECMWF_ERA5_Reanalysis
2016-11-04,32.8,24.8,28.2,36.3,28.9,32.2,0.0,15.5,30.6,339,20.37,1006.5,ward_06_thiruvika_nagar,13.111,80.245,ECMWF_ERA5_Reanalysis
2016-11-05,32.2,24.3,27.9,36.8,29.1,32.1,0.0,13.7,25.2,97,20.59,1006.3,ward_06_thiruvika_nagar,13.111,80.245,ECMWF_ERA5_Reanalysis
2016-11-06,31.4,23.6,27.3,35.9,27.3,31.2,0.0,10.6,20.2,36,18.24,1008.1,ward_06_thiruvika_nagar,13.111,80.245,ECMWF_ERA5_Reanalysis
2016-11-07,31.3,24.0,27.3,35.9,29.0,31.6,0.7,14.8,25.9,45,18.44,1009.7,ward_06_thiruvika_nagar,13.111,80.245,ECMWF_ERA5_Reanalysis
2016-11-08,30.7,23.7,26.9,33.0,27.0,29.5,0.4,17.9,32.8,40,19.6,1010.5,ward_06_thiruvika_nagar,13.111,80.245,ECMWF_ERA5_Reanalysis
2016-11-09,30.3,21.3,26.0,30.7,23.1,26.9,0.0,19.3,34.2,36,22.32,1011.6,ward_06_thiruvika_nagar,13.111,80.245,ECMWF_ERA5_Reanalysis
2016-11-10,30.1,21.2,25.7,31.9,23.6,27.3,0.0,15.1,28.1,40,21.3,1011.0,ward_06_thiruvika_nagar,13.111,80.245,ECMWF_ERA5_Reanalysis
2016-11-11,29.9,22.1,26.0,33.1,25.3,28.2,0.0,14.5,27.0,50,19.43,1010.4,ward_06_thiruvika_nagar,13.111,80.245,ECMWF_ERA5_Reanalysis
2016-11-12,30.7,22.5,26.5,33.9,26.0,29.4,0.0,19.0,33.5,48,16.94,1010.7,ward_06_thiruvika_nagar,13.111,80.245,ECMWF_ERA5_Reanalysis
2016-11-13,29.1,24.3,26.2,33.4,28.4,30.3,12.4,16.4,29.5,65,13.97,1011.6,ward_06_thiruvika_nagar,13.111,80.245,ECMWF_ERA5_Reanalysis
2016-11-14,30.5,24.4,27.1,35.1,29.1,31.5,0.9,15.4,28.8,66,18.4,1011.3,ward_06_thiruvika_nagar,13.111,80.245,ECMWF_ERA5_Reanalysis
2016-11-15,30.7,24.0,27.1,35.4,29.0,31.5,0.2,14.0,26.3,61,18.91,1010.7,ward_06_thiruvika_nagar,13.111,80.245,ECMWF_ERA5_Reanalysis
2016-11-16,30.3,25.4,27.5,33.2,29.3,30.7,0.7,21.8,38.5,49,18.51,1010.4,ward_06_thiruvika_nagar,13.111,80.245,ECMWF_ERA5_Reanalysis
2016-11-17,30.1,25.3,27.2,32.3,28.2,29.6,0.9,24.8,42.8,46,18.86,1010.7,ward_06_thiruvika_nagar,13.111,80.245,ECMWF_ERA5_Reanalysis
2016-11-18,29.9,24.9,27.0,31.2,26.9,28.5,0.0,27.2,47.9,28,18.66,1010.1,ward_06_thiruvika_nagar,13.111,80.245,ECMWF_ERA5_Reanalysis
2016-11-19,29.3,23.5,26.2,29.7,25.7,27.6,0.0,23.8,44.3,36,14.17,1009.2,ward_06_thiruvika_nagar,13.111,80.245,ECMWF_ERA5_Reanalysis
2016-11-20,29.4,24.2,26.3,30.7,26.5,28.0,0.0,22.5,38.5,26,14.77,1009.7,ward_06_thiruvika_nagar,13.111,80.245,ECMWF_ERA5_Reanalysis
2016-11-21,29.8,24.0,26.2,31.7,25.7,27.7,0.0,20.5,36.7,29,17.91,1010.0,ward_06_thiruvika_nagar,13.111,80.245,ECMWF_ERA5_Reanalysis
2016-11-22,29.5,22.5,25.4,31.0,24.6,27.0,0.0,19.6,35.6,29,18.22,1009.8,ward_06_thiruvika_nagar,13.111,80.245,ECMWF_ERA5_Reanalysis
2016-11-23,30.1,21.6,25.4,31.5,24.1,27.1,0.0,17.6,32.8,45,20.77,1009.9,ward_06_thiruvika_nagar,13.111,80.245,ECMWF_ERA5_Reanalysis
2016-11-24,29.2,22.1,25.3,29.8,23.8,26.3,0.0,20.2,37.1,38,18.5,1010.4,ward_06_thiruvika_nagar,13.111,80.245,ECMWF_ERA5_Reanalysis
2016-11-25,29.3,22.2,25.4,29.8,23.6,26.6,0.0,23.3,41.8,31,19.85,1009.8,ward_06_thiruvika_nagar,13.111,80.245,ECMWF_ERA5_Reanalysis
2016-11-26,30.0,22.4,25.7,31.0,24.6,27.5,0.0,18.2,33.5,29,19.86,1010.6,ward_06_thiruvika_nagar,13.111,80.245,ECMWF_ERA5_Reanalysis
2016-11-27,30.7,17.8,24.3,32.5,19.3,26.4,0.0,15.3,29.5,35,21.11,1010.2,ward_06_thiruvika_nagar,13.111,80.245,ECMWF_ERA5_Reanalysis
2016-11-28,30.3,18.7,24.1,33.4,21.0,26.7,0.0,10.7,22.3,60,18.77,1010.3,ward_06_thiruvika_nagar,13.111,80.245,ECMWF_ERA5_Reanalysis
2016-11-29,29.9,19.1,24.3,33.1,21.8,26.9,0.0,12.9,25.6,44,18.59,1011.2,ward_06_thiruvika_nagar,13.111,80.245,ECMWF_ERA5_Reanalysis
2016-11-30,29.7,19.9,24.9,30.1,22.3,26.2,0.0,26.3,45.4,14,15.78,1011.0,ward_06_thiruvika_nagar,13.111,80.245,ECMWF_ERA5_Reanalysis
2016-12-01,25.1,24.4,24.8,28.2,25.2,26.5,30.4,31.0,51.1,30,4.27,1008.5,ward_06_thiruvika_nagar,13.111,80.245,ECMWF_ERA5_Reanalysis
2016-12-02,26.9,24.0,25.0,28.9,26.4,27.7,10.3,23.0,44.3,118,9.67,1010.2,ward_06_thiruvika_nagar,13.111,80.245,ECMWF_ERA5_Reanalysis
2016-12-03,29.1,23.6,25.8,33.6,27.5,29.7,2.8,13.7,27.4,102,14.6,1012.2,ward_06_thiruvika_nagar,13.111,80.245,ECMWF_ERA5_Reanalysis
2016-12-04,27.9,23.8,25.3,32.6,28.0,29.6,4.1,15.1,27.7,44,12.81,1013.1,ward_06_thiruvika_nagar,13.111,80.245,ECMWF_ERA5_Reanalysis
2016-12-05,28.9,23.6,25.8,31.2,26.5,28.6,0.3,22.3,38.2,30,17.18,1011.7,ward_06_thiruvika_nagar,13.111,80.245,ECMWF_ERA5_Reanalysis
2016-12-06,28.7,23.0,25.6,29.1,23.9,26.4,0.0,24.2,41.8,30,19.3,1011.2,ward_06_thiruvika_nagar,13.111,80.245,ECMWF_ERA5_Reanalysis
2016-12-07,28.1,23.1,25.4,30.5,24.9,27.6,0.6,19.5,35.6,18,13.15,1010.7,ward_06_thiruvika_nagar,13.111,80.245,ECMWF_ERA5_Reanalysis
2016-12-08,29.1,23.6,25.9,31.0,26.5,28.4,0.0,21.3,37.1,26,18.24,1010.4,ward_06_thiruvika_nagar,13.111,80.245,ECMWF_ERA5_Reanalysis
2016-12-09,29.5,20.9,24.8,31.1,23.7,26.8,0.0,17.2,31.3,17,19.9,1008.9,ward_06_thiruvika_nagar,13.111,80.245,ECMWF_ERA5_Reanalysis
2016-12-10,29.3,19.8,24.4,29.4,21.8,25.6,0.0,20.2,35.3,354,18.96,1007.9,ward_06_thiruvika_nagar,13.111,80.245,ECMWF_ERA5_Reanalysis
2016-12-11,29.5,22.5,25.1,28.3,22.8,24.9,6.7,28.1,43.9,332,11.86,1005.7,ward_06_thiruvika_nagar,13.111,80.245,ECMWF_ERA5_Reanalysis
2016-12-12,24.4,21.5,23.1,25.8,16.2,21.2,146.3,65.2,114.8,276,1.05,997.1,ward_06_thiruvika_nagar,13.111,80.245,ECMWF_ERA5_Reanalysis
2016-12-13,28.4,24.1,25.8,31.7,24.9,28.7,8.9,36.2,66.6,135,13.13,1007.0,ward_06_thiruvika_nagar,13.111,80.245,ECMWF_ERA5_Reanalysis
2016-12-14,28.7,22.9,25.5,32.8,26.0,29.1,0.0,12.5,24.1,107,17.54,1009.8,ward_06_thiruvika_nagar,13.111,80.245,ECMWF_ERA5_Reanalysis
2016-12-15,28.3,21.7,25.1,32.1,25.1,28.7,0.7,13.1,24.5,45,16.17,1011.1,ward_06_thiruvika_nagar,13.111,80.245,ECMWF_ERA5_Reanalysis
2016-12-16,28.2,23.5,25.4,31.0,26.1,28.1,1.1,19.2,34.6,50,17.37,1012.6,ward_06_thiruvika_nagar,13.111,80.245,ECMWF_ERA5_Reanalysis
2016-12-17,28.0,22.0,24.7,30.6,25.2,27.3,0.0,17.8,31.7,35,16.5,1012.9,ward_06_thiruvika_nagar,13.111,80.245,ECMWF_ERA5_Reanalysis
2016-12-18,27.6,20.4,24.0,29.9,23.3,26.2,0.0,19.2,33.1,30,16.48,1012.6,ward_06_thiruvika_nagar,13.111,80.245,ECMWF_ERA5_Reanalysis
2016-12-19,27.4,21.3,24.2,28.7,23.1,25.6,0.0,24.2,41.4,22,19.21,1012.5,ward_06_thiruvika_nagar,13.111,80.245,ECMWF_ERA5_Reanalysis
2016-12-20,27.8,22.0,24.8,29.5,24.0,26.8,0.0,19.8,34.9,16,15.3,1012.0,ward_06_thiruvika_nagar,13.111,80.245,ECMWF_ERA5_Reanalysis
2016-12-21,28.4,22.4,24.8,31.5,25.1,27.4,0.0,15.5,28.4,21,17.51,1012.5,ward_06_thiruvika_nagar,13.111,80.245,ECMWF_ERA5_Reanalysis
2016-12-22,28.8,18.9,23.6,30.9,21.0,25.6,0.0,14.3,25.9,15,19.99,1011.8,ward_06_thiruvika_nagar,13.111,80.245,ECMWF_ERA5_Reanalysis
2016-12-23,28.3,17.6,23.0,31.1,19.6,25.1,0.0,9.8,19.8,49,20.27,1010.6,ward_06_thiruvika_nagar,13.111,80.245,ECMWF_ERA5_Reanalysis
2016-12-24,27.2,16.7,22.5,30.4,18.2,24.6,0.0,10.8,22.0,64,19.82,1009.7,ward_06_thiruvika_nagar,13.111,80.245,ECMWF_ERA5_Reanalysis
2016-12-25,26.8,19.9,23.0,29.1,21.6,24.9,0.0,11.5,20.9,43,16.62,1010.9,ward_06_thiruvika_nagar,13.111,80.245,ECMWF_ERA5_Reanalysis
2016-12-26,27.3,19.0,23.3,29.0,20.4,24.7,0.0,18.7,33.1,15,17.41,1010.9,ward_06_thiruvika_nagar,13.111,80.245,ECMWF_ERA5_Reanalysis
2016-12-27,28.4,21.7,24.9,30.2,23.9,26.6,0.0,21.1,37.4,19,18.13,1010.8,ward_06_thiruvika_nagar,13.111,80.245,ECMWF_ERA5_Reanalysis
2016-12-28,28.3,24.0,25.7,29.7,25.6,27.1,0.0,21.6,38.5,37,17.97,1011.5,ward_06_thiruvika_nagar,13.111,80.245,ECMWF_ERA5_Reanalysis
2016-12-29,28.0,22.4,24.7,29.0,23.8,25.9,0.0,20.6,36.7,33,19.16,1012.3,ward_06_thiruvika_nagar,13.111,80.245,ECMWF_ERA5_Reanalysis
2016-12-30,28.2,21.4,24.5,29.1,23.4,25.6,0.0,16.4,31.3,39,16.87,1012.8,ward_06_thiruvika_nagar,13.111,80.245,ECMWF_ERA5_Reanalysis
2016-12-31,28.0,20.8,24.0,29.8,22.6,25.6,0.0,16.0,29.5,32,19.59,1012.1,ward_06_thiruvika_nagar,13.111,80.245,ECMWF_ERA5_Reanalysis
2017-01-01,28.2,21.7,24.9,30.7,23.8,27.2,2.1,18.4,38.9,28,17.16,1012.0,ward_06_thiruvika_nagar,13.111,80.245,ECMWF_ERA5_Reanalysis
2017-01-02,28.6,22.7,25.4,31.2,26.0,28.1,0.1,16.4,36.4,31,18.78,1012.2,ward_06_thiruvika_nagar,13.111,80.245,ECMWF_ERA5_Reanalysis
2017-01-03,28.2,21.2,24.6,31.0,24.1,27.1,0.0,16.1,35.3,31,20.08,1012.0,ward_06_thiruvika_nagar,13.111,80.245,ECMWF_ERA5_Reanalysis
2017-01-04,28.3,20.3,24.5,31.2,22.8,26.9,0.0,16.2,29.5,47,18.66,1011.6,ward_06_thiruvika_nagar,13.111,80.245,ECMWF_ERA5_Reanalysis
2017-01-05,28.3,21.4,25.0,30.7,24.1,27.3,0.0,16.6,36.7,47,19.65,1011.2,ward_06_thiruvika_nagar,13.111,80.245,ECMWF_ERA5_Reanalysis
2017-01-06,28.0,20.9,24.8,30.9,23.7,27.0,0.3,15.9,32.8,60,18.27,1010.8,ward_06_thiruvika_nagar,13.111,80.245,ECMWF_ERA5_Reanalysis
2017-01-07,28.2,21.4,25.0,30.5,23.4,26.4,0.0,15.6,29.5,81,20.93,1009.7,ward_06_thiruvika_nagar,13.111,80.245,ECMWF_ERA5_Reanalysis
2017-01-08,27.7,21.2,24.6,29.3,22.7,25.8,0.0,13.9,32.0,72,21.19,1009.4,ward_06_thiruvika_nagar,13.111,80.245,ECMWF_ERA5_Reanalysis
2017-01-09,27.6,20.4,23.8,30.1,21.7,25.4,0.0,13.0,30.6,66,20.6,1009.6,ward_06_thiruvika_nagar,13.111,80.245,ECMWF_ERA5_Reanalysis
2017-01-10,28.0,20.1,24.5,30.7,22.4,26.3,0.0,13.8,26.6,89,20.95,1009.8,ward_06_thiruvika_nagar,13.111,80.245,ECMWF_ERA5_Reanalysis
2017-01-11,28.9,20.2,24.7,32.3,22.9,27.4,0.0,12.0,30.2,85,19.44,1010.3,ward_06_thiruvika_nagar,13.111,80.245,ECMWF_ERA5_Reanalysis
2017-01-12,27.7,21.0,24.7,30.7,24.1,27.4,0.1,13.0,29.2,86,18.23,1010.0,ward_06_thiruvika_nagar,13.111,80.245,ECMWF_ERA5_Reanalysis
2017-01-13,27.9,21.8,25.2,30.5,25.1,27.5,0.0,14.3,33.1,82,18.82,1010.4,ward_06_thiruvika_nagar,13.111,80.245,ECMWF_ERA5_Reanalysis
2017-01-14,28.2,23.7,25.6,30.4,26.0,27.4,0.0,15.2,34.9,71,20.09,1011.5,ward_06_thiruvika_nagar,13.111,80.245,ECMWF_ERA5_Reanalysis
2017-01-15,28.1,22.7,25.6,30.3,25.5,27.1,0.0,17.3,38.9,65,19.23,1013.3,ward_06_thiruvika_nagar,13.111,80.245,ECMWF_ERA5_Reanalysis
2017-01-16,27.9,22.2,25.0,29.7,24.5,26.5,0.0,15.8,35.6,62,19.78,1013.2,ward_06_thiruvika_nagar,13.111,80.245,ECMWF_ERA5_Reanalysis
2017-01-17,28.0,19.7,24.3,29.4,21.7,25.6,0.0,16.4,37.1,48,21.61,1013.0,ward_06_thiruvika_nagar,13.111,80.245,ECMWF_ERA5_Reanalysis
2017-01-18,27.7,22.1,25.2,28.4,24.0,25.6,0.0,19.4,41.4,54,19.0,1014.0,ward_06_thiruvika_nagar,13.111,80.245,ECMWF_ERA5_Reanalysis
2017-01-19,27.9,24.5,25.8,27.4,24.6,25.5,0.3,22.9,45.7,47,14.74,1014.0,ward_06_thiruvika_nagar,13.111,80.245,ECMWF_ERA5_Reanalysis
2017-01-20,28.5,24.3,26.0,28.8,25.0,27.0,0.5,25.5,51.8,32,13.32,1013.2,ward_06_thiruvika_nagar,13.111,80.245,ECMWF_ERA5_Reanalysis
2017-01-21,29.1,24.9,26.6,31.6,27.2,28.6,0.6,23.0,53.6,48,19.13,1013.6,ward_06_thiruvika_nagar,13.111,80.245,ECMWF_ERA5_Reanalysis
2017-01-22,29.0,24.1,26.2,30.8,26.6,28.1,0.0,19.9,42.8,38,19.65,1014.8,ward_06_thiruvika_nagar,13.111,80.245,ECMWF_ERA5_Reanalysis
2017-01-23,29.0,22.5,25.5,30.4,25.4,27.5,0.0,21.7,43.9,33,19.49,1014.4,ward_06_thiruvika_nagar,13.111,80.245,ECMWF_ERA5_Reanalysis
2017-01-24,28.6,22.5,25.8,30.6,25.8,27.6,0.0,22.0,45.7,43,20.08,1013.7,ward_06_thiruvika_nagar,13.111,80.245,ECMWF_ERA5_Reanalysis
2017-01-25,28.8,24.8,26.4,30.3,25.9,27.5,0.0,21.2,43.9,51,19.8,1013.8,ward_06_thiruvika_nagar,13.111,80.245,ECMWF_ERA5_Reanalysis
2017-01-26,28.2,24.8,26.0,29.7,26.3,28.3,2.7,20.8,41.8,50,9.36,1013.0,ward_06_thiruvika_nagar,13.111,80.245,ECMWF_ERA5_Reanalysis
2017-01-27,27.2,24.3,25.4,30.7,28.0,29.0,4.9,15.1,32.4,60,10.69,1012.0,ward_06_thiruvika_nagar,13.111,80.245,ECMWF_ERA5_Reanalysis
2017-01-28,28.7,23.6,26.0,31.7,28.0,29.7,2.7,20.1,41.8,58,17.18,1011.8,ward_06_thiruvika_nagar,13.111,80.245,ECMWF_ERA5_Reanalysis
2017-01-29,28.8,23.7,25.9,32.9,26.9,29.6,0.3,20.4,40.3,56,18.14,1012.4,ward_06_thiruvika_nagar,13.111,80.245,ECMWF_ERA5_Reanalysis
2017-01-30,28.3,22.4,25.2,32.0,25.6,28.3,0.0,12.4,30.6,61,19.88,1012.3,ward_06_thiruvika_nagar,13.111,80.245,ECMWF_ERA5_Reanalysis
2017-01-31,28.3,22.2,24.7,32.0,24.8,27.5,0.0,13.7,31.0,95,21.3,1011.9,ward_06_thiruvika_nagar,13.111,80.245,ECMWF_ERA5_Reanalysis
2017-02-01,28.1,21.0,24.3,31.9,23.2,27.0,0.0,12.4,28.4,98,22.14,1012.6,ward_06_thiruvika_nagar,13.111,80.245,ECMWF_ERA5_Reanalysis
2017-02-02,27.9,20.7,24.4,31.5,22.8,27.0,0.0,12.8,29.9,72,21.57,1014.1,ward_06_thiruvika_nagar,13.111,80.245,ECMWF_ERA5_Reanalysis
2017-02-03,28.2,21.6,24.8,30.9,24.4,27.2,0.0,15.6,35.6,53,21.13,1013.7,ward_06_thiruvika_nagar,13.111,80.245,ECMWF_ERA5_Reanalysis
2017-02-04,28.2,21.5,24.8,30.9,23.9,27.1,0.2,13.3,29.9,91,21.74,1012.5,ward_06_thiruvika_nagar,13.111,80.245,ECMWF_ERA5_Reanalysis
2017-02-05,28.0,21.7,24.6,30.2,23.5,26.1,0.0,11.9,29.5,96,22.76,1012.3,ward_06_thiruvika_nagar,13.111,80.245,ECMWF_ERA5_Reanalysis
2017-02-06,29.5,19.0,24.5,32.2,21.0,26.0,0.0,12.2,30.6,130,23.45,1011.8,ward_06_thiruvika_nagar,13.111,80.245,ECMWF_ERA5_Reanalysis
2017-02-07,29.1,19.4,24.0,32.3,21.5,26.3,0.0,14.0,33.5,138,23.4,1011.4,ward_06_thiruvika_nagar,13.111,80.245,ECMWF_ERA5_Reanalysis
2017-02-08,29.7,18.5,24.2,31.7,20.7,26.3,0.0,13.0,31.7,118,23.47,1011.9,ward_06_thiruvika_nagar,13.111,80.245,ECMWF_ERA5_Reanalysis
2017-02-09,29.2,19.7,23.9,30.9,21.9,25.9,0.0,13.4,33.1,125,23.47,1011.6,ward_06_thiruvika_nagar,13.111,80.245,ECMWF_ERA5_Reanalysis
2017-02-10,28.5,19.1,23.7,30.6,20.9,25.3,0.0,13.8,33.1,126,23.44,1011.1,ward_06_thiruvika_nagar,13.111,80.245,ECMWF_ERA5_Reanalysis
2017-02-11,28.0,20.1,24.4,30.4,22.0,26.1,0.0,13.7,29.5,100,22.59,1012.2,ward_06_thiruvika_nagar,13.111,80.245,ECMWF_ERA5_Reanalysis
2017-02-12,27.8,20.5,24.8,28.9,21.6,25.9,0.2,16.6,38.5,79,18.26,1013.7,ward_06_thiruvika_nagar,13.111,80.245,ECMWF_ERA5_Reanalysis
2017-02-13,29.5,23.4,26.4,31.6,25.9,27.9,0.0,20.9,44.6,55,22.58,1015.0,ward_06_thiruvika_nagar,13.111,80.245,ECMWF_ERA5_Reanalysis
2017-02-14,29.6,25.1,26.9,32.0,27.4,28.9,0.0,21.3,47.2,56,20.65,1015.9,ward_06_thiruvika_nagar,13.111,80.245,ECMWF_ERA5_Reanalysis
2017-02-15,29.4,22.6,25.9,31.4,26.2,28.0,0.0,19.6,43.2,43,22.71,1016.1,ward_06_thiruvika_nagar,13.111,80.245,ECMWF_ERA5_Reanalysis
2017-02-16,29.1,22.9,25.7,30.9,24.8,27.2,0.0,16.8,38.9,55,23.69,1014.5,ward_06_thiruvika_nagar,13.111,80.245,ECMWF_ERA5_Reanalysis
2017-02-17,29.0,21.3,25.0,30.8,23.5,27.0,0.0,14.7,35.6,58,23.89,1013.3,ward_06_thiruvika_nagar,13.111,80.245,ECMWF_ERA5_Reanalysis
2017-02-18,28.8,20.2,24.5,31.8,22.2,26.6,0.0,13.8,32.8,63,23.72,1013.6,ward_06_thiruvika_nagar,13.111,80.245,ECMWF_ERA5_Reanalysis
2017-02-19,29.2,19.9,24.6,32.8,22.5,27.4,0.0,13.5,34.2,121,23.61,1012.5,ward_06_thiruvika_nagar,13.111,80.245,ECMWF_ERA5_Reanalysis
2017-02-20,31.0,20.6,25.6,35.2,22.9,28.7,0.0,16.4,37.8,173,24.02,1009.1,ward_06_thiruvika_nagar,13.111,80.245,ECMWF_ERA5_Reanalysis
2017-02-21,31.3,21.9,26.2,35.2,25.4,29.3,0.0,20.3,43.9,168,23.53,1008.5,ward_06_thiruvika_nagar,13.111,80.245,ECMWF_ERA5_Reanalysis
2017-02-22,30.5,21.5,25.7,34.8,25.2,29.1,0.0,19.0,40.0,157,23.85,1009.2,ward_06_thiruvika_nagar,13.111,80.245,ECMWF_ERA5_Reanalysis
2017-02-23,30.5,23.5,26.3,34.7,27.5,29.7,0.0,17.3,39.2,155,23.77,1010.7,ward_06_thiruvika_nagar,13.111,80.245,ECMWF_ERA5_Reanalysis
2017-02-24,29.7,22.6,25.7,33.7,26.1,29.4,0.0,15.1,36.4,136,23.66,1011.6,ward_06_thiruvika_nagar,13.111,80.245,ECMWF_ERA5_Reanalysis
2017-02-25,29.3,21.5,25.0,33.5,24.7,28.5,0.0,14.4,35.3,97,24.32,1011.5,ward_06_thiruvika_nagar,13.111,80.245,ECMWF_ERA5_Reanalysis
2017-02-26,29.8,22.4,25.7,34.1,25.8,29.4,0.0,16.0,37.4,98,22.4,1009.8,ward_06_thiruvika_nagar,13.111,80.245,ECMWF_ERA5_Reanalysis
2017-02-27,29.5,22.5,25.9,33.0,26.0,29.1,0.0,14.4,34.9,81,23.83,1010.9,ward_06_thiruvika_nagar,13.111,80.245,ECMWF_ERA5_Reanalysis
2017-02-28,30.0,21.9,25.7,33.3,25.5,28.7,0.0,15.7,36.7,50,23.79,1011.1,ward_06_thiruvika_nagar,13.111,80.245,ECMWF_ERA5_Reanalysis
2017-03-01,29.8,21.1,25.4,33.3,24.7,28.6,0.0,15.4,33.5,64,24.61,1010.9,ward_06_thiruvika_nagar,13.111,80.245,ECMWF_ERA5_Reanalysis
2017-03-02,30.0,21.2,25.4,33.8,24.8,28.6,0.0,15.2,35.6,64,23.04,1010.0,ward_06_thiruvika_nagar,13.111,80.245,ECMWF_ERA5_Reanalysis
2017-03-03,30.1,22.4,26.6,34.0,25.6,29.7,0.0,15.1,35.3,85,23.6,1007.6,ward_06_thiruvika_nagar,13.111,80.245,ECMWF_ERA5_Reanalysis
2017-03-04,29.6,25.7,27.3,33.7,30.0,30.9,1.1,19.9,45.0,134,18.91,1007.1,ward_06_thiruvika_nagar,13.111,80.245,ECMWF_ERA5_Reanalysis
2017-03-05,30.7,25.3,27.6,35.6,30.0,31.6,0.3,18.9,41.8,159,20.03,1006.6,ward_06_thiruvika_nagar,13.111,80.245,ECMWF_ERA5_Reanalysis
2017-03-06,31.2,25.7,27.9,35.6,30.6,31.9,1.3,23.2,48.6,165,21.16,1006.2,ward_06_thiruvika_nagar,13.111,80.245,ECMWF_ERA5_Reanalysis
2017-03-07,30.6,25.7,27.9,34.6,30.5,31.8,0.9,25.5,50.8,159,20.26,1006.5,ward_06_thiruvika_nagar,13.111,80.245,ECMWF_ERA5_Reanalysis
2017-03-08,30.8,25.8,28.0,35.2,29.8,31.9,1.1,23.7,50.4,162,19.22,1006.5,ward_06_thiruvika_nagar,13.111,80.245,ECMWF_ERA5_Reanalysis
2017-03-09,30.6,26.3,27.9,35.3,30.6,31.7,4.6,24.7,50.8,166,19.6,1006.1,ward_06_thiruvika_nagar,13.111,80.245,ECMWF_ERA5_Reanalysis
2017-03-10,31.5,26.5,28.3,35.6,30.6,31.9,0.6,24.1,50.0,174,19.65,1006.3,ward_06_thiruvika_nagar,13.111,80.245,ECMWF_ERA5_Reanalysis
2017-03-11,31.5,26.6,28.3,37.1,30.7,32.4,7.0,23.4,46.4,176,19.62,1007.7,ward_06_thiruvika_nagar,13.111,80.245,ECMWF_ERA5_Reanalysis
2017-03-12,31.9,26.5,28.5,36.5,31.1,32.7,0.3,21.9,46.1,170,21.38,1008.2,ward_06_thiruvika_nagar,13.111,80.245,ECMWF_ERA5_Reanalysis
2017-03-13,31.1,26.2,28.3,35.5,31.3,32.8,0.7,21.0,45.0,151,20.75,1008.9,ward_06_thiruvika_nagar,13.111,80.245,ECMWF_ERA5_Reanalysis
2017-03-14,29.6,25.9,27.6,33.7,30.4,32.0,2.1,18.2,41.8,147,18.42,1009.9,ward_06_thiruvika_nagar,13.111,80.245,ECMWF_ERA5_Reanalysis
2017-03-15,31.2,26.1,28.0,36.1,30.9,32.5,1.0,17.7,39.2,112,24.35,1010.2,ward_06_thiruvika_nagar,13.111,80.245,ECMWF_ERA5_Reanalysis
2017-03-16,30.7,25.5,27.8,35.7,29.6,31.9,0.3,17.0,38.9,140,22.96,1010.0,ward_06_thiruvika_nagar,13.111,80.245,ECMWF_ERA5_Reanalysis
2017-03-17,31.7,24.6,27.9,36.5,28.7,31.4,0.0,22.0,47.5,161,23.93,1008.8,ward_06_thiruvika_nagar,13.111,80.245,ECMWF_ERA5_Reanalysis
2017-03-18,31.6,25.1,28.0,35.9,29.5,31.6,0.0,24.7,54.0,170,23.5,1009.4,ward_06_thiruvika_nagar,13.111,80.245,ECMWF_ERA5_Reanalysis
2017-03-19,32.2,25.0,28.3,37.0,29.7,32.2,0.0,25.0,51.5,168,23.52,1009.7,ward_06_thiruvika_nagar,13.111,80.245,ECMWF_ERA5_Reanalysis
2017-03-20,32.9,26.1,28.8,37.5,30.6,33.1,0.6,25.8,54.7,168,23.83,1009.0,ward_06_thiruvika_nagar,13.111,80.245,ECMWF_ERA5_Reanalysis
2017-03-21,32.8,26.4,28.8,38.2,31.8,33.6,0.0,21.2,44.3,148,24.1,1010.2,ward_06_thiruvika_nagar,13.111,80.245,ECMWF_ERA5_Reanalysis
2017-03-22,31.9,25.5,28.1,35.9,30.4,32.7,0.0,15.6,36.7,105,24.67,1010.3,ward_06_thiruvika_nagar,13.111,80.245,ECMWF_ERA5_Reanalysis
2017-03-23,31.9,24.3,27.7,35.6,28.9,31.4,0.0,17.6,40.3,144,25.97,1009.7,ward_06_thiruvika_nagar,13.111,80.245,ECMWF_ERA5_Reanalysis
2017-03-24,31.9,23.7,27.5,34.3,28.2,30.9,0.0,17.4,41.0,157,26.33,1009.4,ward_06_thiruvika_nagar,13.111,80.245,ECMWF_ERA5_Reanalysis
2017-03-25,31.7,23.1,27.3,35.4,27.0,30.9,0.0,17.8,41.0,159,26.62,1009.7,ward_06_thiruvika_nagar,13.111,80.245,ECMWF_ERA5_Reanalysis
2017-03-26,31.4,23.7,27.3,36.1,28.2,31.3,0.0,17.6,40.7,140,26.5,1009.9,ward_06_thiruvika_nagar,13.111,80.245,ECMWF_ERA5_Reanalysis
2017-03-27,32.2,23.0,27.6,35.3,26.4,30.8,0.0,22.9,49.3,166,26.09,1010.3,ward_06_thiruvika_nagar,13.111,80.245,ECMWF_ERA5_Reanalysis
2017-03-28,32.4,25.3,28.7,37.1,30.0,32.6,0.0,20.3,45.4,160,25.99,1010.3,ward_06_thiruvika_nagar,13.111,80.245,ECMWF_ERA5_Reanalysis
2017-03-29,32.6,24.6,28.5,37.4,29.2,32.4,0.0,21.5,46.8,162,25.96,1009.3,ward_06_thiruvika_nagar,13.111,80.245,ECMWF_ERA5_Reanalysis
2017-03-30,33.2,25.9,29.0,38.2,30.5,33.4,0.0,19.9,43.9,157,25.46,1009.6,ward_06_thiruvika_nagar,13.111,80.245,ECMWF_ERA5_Reanalysis
2017-03-31,32.7,26.8,29.0,37.1,31.2,33.2,0.0,21.9,47.5,164,25.07,1010.2,ward_06_thiruvika_nagar,13.111,80.245,ECMWF_ERA5_Reanalysis
2017-04-01,33.6,24.8,28.8,38.6,29.8,33.2,0.0,25.3,53.3,172,26.06,1008.8,ward_06_thiruvika_nagar,13.111,80.245,ECMWF_ERA5_Reanalysis
2017-04-02,33.8,25.9,29.2,38.1,30.5,33.1,0.0,26.2,54.0,173,25.05,1007.7,ward_06_thiruvika_nagar,13.111,80.245,ECMWF_ERA5_Reanalysis
2017-04-03,33.3,27.1,29.6,37.8,31.2,33.9,0.0,25.3,53.6,161,25.41,1008.2,ward_06_thiruvika_nagar,13.111,80.245,ECMWF_ERA5_Reanalysis
2017-04-04,32.3,27.3,29.3,36.8,32.2,33.6,0.5,25.0,53.3,162,22.94,1008.7,ward_06_thiruvika_nagar,13.111,80.245,ECMWF_ERA5_Reanalysis
2017-04-05,33.2,27.5,29.6,38.5,32.2,34.3,0.7,24.5,51.8,167,24.1,1007.7,ward_06_thiruvika_nagar,13.111,80.245,ECMWF_ERA5_Reanalysis
2017-04-06,33.4,27.1,29.7,37.9,32.5,34.2,0.0,25.1,53.6,166,25.17,1006.9,ward_06_thiruvika_nagar,13.111,80.245,ECMWF_ERA5_Reanalysis
2017-04-07,34.1,26.4,29.7,40.1,31.9,34.7,0.0,24.2,52.2,169,26.02,1006.7,ward_06_thiruvika_nagar,13.111,80.245,ECMWF_ERA5_Reanalysis
2017-04-08,33.0,26.4,29.3,37.8,32.3,34.0,0.0,26.1,54.4,170,25.77,1006.9,ward_06_thiruvika_nagar,13.111,80.245,ECMWF_ERA5_Reanalysis
2017-04-09,33.1,26.3,29.3,38.2,32.0,34.1,0.1,25.6,55.1,167,25.16,1006.9,ward_06_thiruvika_nagar,13.111,80.245,ECMWF_ERA5_Reanalysis
2017-04-10,34.7,26.7,29.9,39.7,32.1,34.7,0.0,26.3,55.1,170,24.84,1005.9,ward_06_thiruvika_nagar,13.111,80.245,ECMWF_ERA5_Reanalysis
2017-04-11,33.9,27.3,30.0,39.8,33.4,35.4,0.0,21.2,45.4,159,25.65,1005.8,ward_06_thiruvika_nagar,13.111,80.245,ECMWF_ERA5_Reanalysis
2017-04-12,33.4,26.9,29.5,39.8,32.7,35.2,0.0,17.7,41.4,149,25.82,1006.5,ward_06_thiruvika_nagar,13.111,80.245,ECMWF_ERA5_Reanalysis
2017-04-13,32.9,26.3,29.1,38.4,32.2,34.3,0.0,17.6,39.6,145,26.14,1007.1,ward_06_thiruvika_nagar,13.111,80.245,ECMWF_ERA5_Reanalysis
2017-04-14,33.0,25.3,28.8,39.0,31.0,34.0,0.0,16.9,39.6,150,24.48,1006.1,ward_06_thiruvika_nagar,13.111,80.245,ECMWF_ERA5_Reanalysis
2017-04-15,33.4,24.0,28.5,39.9,29.1,33.4,0.0,16.8,37.8,145,26.39,1004.6,ward_06_thiruvika_nagar,13.111,80.245,ECMWF_ERA5_Reanalysis
2017-04-16,36.4,25.9,30.2,42.5,30.7,35.3,0.0,24.1,50.4,176,25.63,1003.7,ward_06_thiruvika_nagar,13.111,80.245,ECMWF_ERA5_Reanalysis
2017-04-17,36.3,27.1,30.9,42.9,29.8,35.9,0.0,25.8,53.3,167,26.28,1004.5,ward_06_thiruvika_nagar,13.111,80.245,ECMWF_ERA5_Reanalysis
2017-04-18,35.0,28.3,30.7,41.7,30.6,35.4,0.0,27.9,58.0,171,26.03,1004.8,ward_06_thiruvika_nagar,13.111,80.245,ECMWF_ERA5_Reanalysis
2017-04-19,34.7,27.5,30.4,40.0,31.0,34.6,0.0,28.1,57.6,172,25.77,1005.2,ward_06_thiruvika_nagar,13.111,80.245,ECMWF_ERA5_Reanalysis
2017-04-20,34.5,27.5,30.5,39.2,31.2,34.4,0.0,30.6,62.3,176,24.92,1005.0,ward_06_thiruvika_nagar,13.111,80.245,ECMWF_ERA5_Reanalysis
2017-04-21,35.1,28.1,31.0,40.9,31.3,35.2,0.0,25.8,54.0,176,24.25,1005.2,ward_06_thiruvika_nagar,13.111,80.245,ECMWF_ERA5_Reanalysis
2017-04-22,35.1,27.9,30.9,42.5,32.6,36.1,0.0,23.7,51.1,170,25.71,1004.9,ward_06_thiruvika_nagar,13.111,80.245,ECMWF_ERA5_Reanalysis
2017-04-23,35.0,28.4,30.9,42.6,33.3,36.2,0.0,22.1,47.5,171,25.32,1004.9,ward_06_thiruvika_nagar,13.111,80.245,ECMWF_ERA5_Reanalysis
2017-04-24,34.4,28.3,30.7,40.8,32.9,36.1,0.0,25.0,52.9,167,25.85,1005.3,ward_06_thiruvika_nagar,13.111,80.245,ECMWF_ERA5_Reanalysis
2017-04-25,34.1,28.2,30.5,40.8,33.0,36.1,0.0,23.6,50.0,167,26.1,1006.0,ward_06_thiruvika_nagar,13.111,80.245,ECMWF_ERA5_Reanalysis
2017-04-26,34.5,27.8,30.3,40.9,33.6,35.8,0.0,24.3,50.8,167,26.33,1006.0,ward_06_thiruvika_nagar,13.111,80.245,ECMWF_ERA5_Reanalysis
2017-04-27,34.7,27.2,30.2,40.1,32.5,35.0,0.0,25.0,53.6,170,26.23,1006.6,ward_06_thiruvika_nagar,13.111,80.245,ECMWF_ERA5_Reanalysis
2017-04-28,34.1,27.6,30.3,39.4,32.8,35.2,0.0,26.4,54.4,169,25.95,1006.8,ward_06_thiruvika_nagar,13.111,80.245,ECMWF_ERA5_Reanalysis
2017-04-29,33.9,27.6,30.2,39.1,32.6,34.9,0.0,26.1,55.1,169,26.2,1007.0,ward_06_thiruvika_nagar,13.111,80.245,ECMWF_ERA5_Reanalysis
2017-04-30,33.9,27.2,30.0,39.3,33.1,34.9,0.0,24.3,50.4,168,24.04,1007.2,ward_06_thiruvika_nagar,13.111,80.245,ECMWF_ERA5_Reanalysis
2017-05-01,33.2,27.7,29.9,37.8,32.7,34.1,0.9,24.1,50.4,165,22.27,1007.9,ward_06_thiruvika_nagar,13.111,80.245,ECMWF_ERA5_Reanalysis
2017-05-02,32.9,27.4,29.7,37.7,33.2,34.4,0.1,21.0,46.8,160,23.66,1008.9,ward_06_thiruvika_nagar,13.111,80.245,ECMWF_ERA5_Reanalysis
2017-05-03,32.5,27.0,29.5,37.6,32.7,34.4,0.7,23.8,50.8,163,25.07,1008.8,ward_06_thiruvika_nagar,13.111,80.245,ECMWF_ERA5_Reanalysis
2017-05-04,33.7,27.1,29.9,38.9,33.1,34.8,0.2,26.2,55.8,164,25.29,1008.3,ward_06_thiruvika_nagar,13.111,80.245,ECMWF_ERA5_Reanalysis
2017-05-05,33.7,27.3,30.2,38.1,33.3,34.9,0.0,27.4,57.2,169,25.43,1007.8,ward_06_thiruvika_nagar,13.111,80.245,ECMWF_ERA5_Reanalysis
2017-05-06,34.0,28.3,30.6,39.1,33.6,35.2,0.2,27.9,57.2,167,26.2,1008.1,ward_06_thiruvika_nagar,13.111,80.245,ECMWF_ERA5_Reanalysis
2017-05-07,33.9,28.6,30.6,38.2,33.6,35.6,0.3,24.4,52.9,165,24.63,1008.8,ward_06_thiruvika_nagar,13.111,80.245,ECMWF_ERA5_Reanalysis
2017-05-08,34.6,27.9,30.8,40.6,33.8,35.8,0.0,24.2,51.5,170,24.97,1007.0,ward_06_thiruvika_nagar,13.111,80.245,ECMWF_ERA5_Reanalysis
2017-05-09,34.8,28.6,31.1,40.0,33.9,36.0,0.0,26.6,56.2,172,24.73,1005.6,ward_06_thiruvika_nagar,13.111,80.245,ECMWF_ERA5_Reanalysis
2017-05-10,31.9,28.0,30.0,36.7,34.6,35.3,0.5,20.6,45.7,158,21.26,1006.4,ward_06_thiruvika_nagar,13.111,80.245,ECMWF_ERA5_Reanalysis
2017-05-11,33.1,27.5,30.0,38.7,33.3,35.1,1.4,21.0,45.7,153,21.81,1006.8,ward_06_thiruvika_nagar,13.111,80.245,ECMWF_ERA5_Reanalysis
2017-05-12,32.3,28.2,30.0,37.9,33.9,35.2,1.4,19.1,41.8,145,22.96,1006.9,ward_06_thiruvika_nagar,13.111,80.245,ECMWF_ERA5_Reanalysis
2017-05-13,33.8,27.4,30.2,39.2,33.8,35.4,0.5,23.0,47.9,163,24.87,1005.7,ward_06_thiruvika_nagar,13.111,80.245,ECMWF_ERA5_Reanalysis
2017-05-14,35.4,28.1,31.0,42.4,33.6,36.6,0.0,22.9,49.0,171,26.23,1004.0,ward_06_thiruvika_nagar,13.111,80.245,ECMWF_ERA5_Reanalysis
2017-05-15,36.9,28.7,32.2,43.2,34.1,37.6,0.0,19.4,40.0,165,26.34,1002.4,ward_06_thiruvika_nagar,13.111,80.245,ECMWF_ERA5_Reanalysis
2017-05-16,37.6,28.7,32.9,43.4,35.0,38.2,0.0,23.1,42.1,168,26.33,1001.2,ward_06_thiruvika_nagar,13.111,80.245,ECMWF_ERA5_Reanalysis
2017-05-17,40.3,30.1,33.6,45.9,33.6,38.0,0.0,26.9,55.1,184,25.07,1000.9,ward_06_thiruvika_nagar,13.111,80.245,ECMWF_ERA5_Reanalysis
2017-05-18,41.2,30.5,34.3,44.9,33.8,38.3,0.0,20.3,42.5,205,24.03,1002.0,ward_06_thiruvika_nagar,13.111,80.245,ECMWF_ERA5_Reanalysis
2017-05-19,39.3,30.0,33.1,45.3,31.9,36.7,0.1,20.5,44.6,201,24.64,1003.3,ward_06_thiruvika_nagar,13.111,80.245,ECMWF_ERA5_Reanalysis
2017-05-20,38.2,29.1,32.8,43.6,33.4,37.5,0.0,21.6,48.6,184,25.38,1002.5,ward_06_thiruvika_nagar,13.111,80.245,ECMWF_ERA5_Reanalysis
2017-05-21,35.5,29.4,32.1,40.5,32.7,36.6,0.0,19.1,43.2,170,23.25,1001.8,ward_06_thiruvika_nagar,13.111,80.245,ECMWF_ERA5_Reanalysis
2017-05-22,35.5,28.9,31.5,42.4,34.6,37.4,0.0,21.7,46.8,164,25.88,1002.6,ward_06_thiruvika_nagar,13.111,80.245,ECMWF_ERA5_Reanalysis
2017-05-23,36.2,28.1,31.6,43.0,33.1,37.3,0.0,17.1,40.0,153,25.04,1003.0,ward_06_thiruvika_nagar,13.111,80.245,ECMWF_ERA5_Reanalysis
2017-05-24,36.9,29.3,31.6,43.3,35.0,37.3,0.0,21.1,45.0,172,17.37,1002.0,ward_06_thiruvika_nagar,13.111,80.245,ECMWF_ERA5_Reanalysis
2017-05-25,35.7,29.0,31.7,43.1,35.4,37.9,0.0,17.5,40.3,158,23.03,1001.4,ward_06_thiruvika_nagar,13.111,80.245,ECMWF_ERA5_Reanalysis
2017-05-26,37.9,29.1,32.3,44.8,35.7,38.6,0.9,19.7,41.4,162,24.43,1001.0,ward_06_thiruvika_nagar,13.111,80.245,ECMWF_ERA5_Reanalysis
2017-05-27,37.4,28.4,31.8,44.3,33.1,37.0,0.0,17.7,42.5,187,22.57,1001.1,ward_06_thiruvika_nagar,13.111,80.245,ECMWF_ERA5_Reanalysis
2017-05-28,39.2,28.5,32.9,43.9,33.0,37.6,0.4,22.4,46.8,238,21.84,1000.7,ward_06_thiruvika_nagar,13.111,80.245,ECMWF_ERA5_Reanalysis
2017-05-29,39.5,30.7,34.1,44.2,32.7,37.0,0.2,22.6,46.4,250,24.84,1000.0,ward_06_thiruvika_nagar,13.111,80.245,ECMWF_ERA5_Reanalysis
2017-05-30,40.2,30.3,33.5,42.8,32.5,36.1,0.0,22.5,44.6,231,24.48,1000.1,ward_06_thiruvika_nagar,13.111,80.245,ECMWF_ERA5_Reanalysis
2017-05-31,37.3,29.9,32.2,42.0,32.3,35.7,0.0,22.9,47.5,193,22.9,1001.3,ward_06_thiruvika_nagar,13.111,80.245,ECMWF_ERA5_Reanalysis
2017-06-01,36.4,28.5,31.7,41.6,33.7,36.2,0.0,22.0,40.7,175,23.54,1001.8,ward_06_thiruvika_nagar,13.111,80.245,ECMWF_ERA5_Reanalysis
2017-06-02,34.0,28.4,30.7,39.3,34.0,35.6,0.0,22.6,49.7,161,24.14,1002.5,ward_06_thiruvika_nagar,13.111,80.245,ECMWF_ERA5_Reanalysis
2017-06-03,36.6,28.7,31.7,43.0,34.3,36.9,0.5,25.0,50.8,171,23.48,1003.2,ward_06_thiruvika_nagar,13.111,80.245,ECMWF_ERA5_Reanalysis
2017-06-04,38.2,30.1,32.8,44.5,33.5,37.1,0.0,19.9,41.0,211,24.3,1003.1,ward_06_thiruvika_nagar,13.111,80.245,ECMWF_ERA5_Reanalysis
2017-06-05,38.4,29.2,33.0,44.5,34.5,37.8,0.6,21.9,43.6,206,24.08,1002.7,ward_06_thiruvika_nagar,13.111,80.245,ECMWF_ERA5_Reanalysis
2017-06-06,37.0,28.5,31.3,43.6,32.4,36.0,10.5,18.8,45.0,237,22.68,1003.7,ward_06_thiruvika_nagar,13.111,80.245,ECMWF_ERA5_Reanalysis
2017-06-07,32.5,26.8,29.7,35.3,30.7,33.0,0.0,19.7,40.7,273,13.53,1004.8,ward_06_thiruvika_nagar,13.111,80.245,ECMWF_ERA5_Reanalysis
2017-06-08,32.6,28.0,29.7,34.5,29.6,32.1,0.3,18.7,37.4,277,11.17,1003.6,ward_06_thiruvika_nagar,13.111,80.245,ECMWF_ERA5_Reanalysis
2017-06-09,35.6,28.4,31.4,38.8,30.1,33.7,0.0,22.3,45.4,264,19.67,1002.0,ward_06_thiruvika_nagar,13.111,80.245,ECMWF_ERA5_Reanalysis
2017-06-10,36.0,29.2,31.6,39.8,30.8,34.2,1.0,23.7,48.2,245,19.38,1001.8,ward_06_thiruvika_nagar,13.111,80.245,ECMWF_ERA5_Reanalysis
2017-06-11,35.9,29.1,31.4,37.6,30.7,33.7,0.2,26.2,58.3,228,17.79,1001.9,ward_06_thiruvika_nagar,13.111,80.245,ECMWF_ERA5_Reanalysis
2017-06-12,36.4,28.8,31.8,39.3,31.1,35.0,0.1,23.5,48.6,215,20.35,1002.1,ward_06_thiruvika_nagar,13.111,80.245,ECMWF_ERA5_Reanalysis
2017-06-13,35.3,28.6,31.1,40.0,32.8,35.5,0.6,24.0,50.8,191,20.83,1002.4,ward_06_thiruvika_nagar,13.111,80.245,ECMWF_ERA5_Reanalysis
2017-06-14,36.4,28.7,31.4,41.7,34.0,36.2,0.3,25.8,52.2,189,22.54,1003.4,ward_06_thiruvika_nagar,13.111,80.245,ECMWF_ERA5_Reanalysis
2017-06-15,34.2,28.2,30.5,39.7,33.3,35.7,0.5,21.6,44.6,177,16.08,1004.2,ward_06_thiruvika_nagar,13.111,80.245,ECMWF_ERA5_Reanalysis
2017-06-16,32.3,27.9,29.9,37.8,33.0,35.1,1.9,16.6,37.4,189,11.07,1004.3,ward_06_thiruvika_nagar,13.111,80.245,ECMWF_ERA5_Reanalysis
2017-06-17,34.5,27.2,30.3,40.1,33.8,35.8,0.6,21.1,44.3,186,23.07,1003.8,ward_06_thiruvika_nagar,13.111,80.245,ECMWF_ERA5_Reanalysis
2017-06-18,34.6,28.0,30.4,40.3,34.2,35.9,0.3,22.0,44.6,183,20.85,1002.9,ward_06_thiruvika_nagar,13.111,80.245,ECMWF_ERA5_Reanalysis
2017-06-19,34.9,27.0,29.9,40.4,31.7,35.1,6.0,16.2,41.8,211,16.91,1003.1,ward_06_thiruvika_nagar,13.111,80.245,ECMWF_ERA5_Reanalysis
2017-06-20,31.2,25.9,28.5,35.1,31.3,33.2,5.4,16.2,29.9,214,9.03,1004.1,ward_06_thiruvika_nagar,13.111,80.245,ECMWF_ERA5_Reanalysis
2017-06-21,34.6,27.3,30.3,40.3,32.5,35.0,0.3,18.4,38.5,211,21.97,1003.7,ward_06_thiruvika_nagar,13.111,80.245,ECMWF_ERA5_Reanalysis
2017-06-22,34.4,27.7,30.3,39.2,30.9,34.3,0.0,17.7,36.4,213,18.09,1003.9,ward_06_thiruvika_nagar,13.111,80.245,ECMWF_ERA5_Reanalysis
2017-06-23,35.0,28.1,30.8,40.3,31.5,35.2,6.1,19.2,38.9,222,21.55,1003.1,ward_06_thiruvika_nagar,13.111,80.245,ECMWF_ERA5_Reanalysis
2017-06-24,32.0,26.1,29.1,35.8,31.6,33.6,0.8,20.4,38.5,221,10.02,1001.8,ward_06_thiruvika_nagar,13.111,80.245,ECMWF_ERA5_Reanalysis
2017-06-25,33.7,27.3,30.3,36.4,30.6,34.0,0.2,20.4,40.3,233,13.82,1000.6,ward_06_thiruvika_nagar,13.111,80.245,ECMWF_ERA5_Reanalysis
2017-06-26,34.6,28.5,31.1,36.9,30.2,33.8,0.9,21.0,49.3,232,18.84,1002.0,ward_06_thiruvika_nagar,13.111,80.245,ECMWF_ERA5_Reanalysis
2017-06-27,34.4,28.6,30.9,36.2,30.5,32.9,0.0,25.4,51.1,238,17.82,1003.0,ward_06_thiruvika_nagar,13.111,80.245,ECMWF_ERA5_Reanalysis
2017-06-28,34.3,28.4,31.0,36.5,29.9,33.2,0.1,27.0,52.9,241,18.82,1003.5,ward_06_thiruvika_nagar,13.111,80.245,ECMWF_ERA5_Reanalysis
2017-06-29,36.4,29.1,31.7,39.5,30.5,34.3,0.0,20.9,46.1,251,23.58,1003.3,ward_06_thiruvika_nagar,13.111,80.245,ECMWF_ERA5_Reanalysis
2017-06-30,36.5,28.6,31.4,38.9,31.4,34.7,1.2,18.4,37.8,239,17.67,1002.3,ward_06_thiruvika_nagar,13.111,80.245,ECMWF_ERA5_Reanalysis
2017-07-01,35.4,26.7,30.5,37.4,31.0,33.9,2.1,21.3,38.5,215,14.83,1002.7,ward_06_thiruvika_nagar,13.111,80.245,ECMWF_ERA5_Reanalysis
2017-07-02,36.0,28.5,31.0,41.0,32.5,35.1,0.0,20.7,41.4,201,21.84,1002.8,ward_06_thiruvika_nagar,13.111,80.245,ECMWF_ERA5_Reanalysis
2017-07-03,35.9,28.7,31.6,41.5,33.9,36.1,1.4,16.3,34.9,216,19.95,1003.7,ward_06_thiruvika_nagar,13.111,80.245,ECMWF_ERA5_Reanalysis
2017-07-04,35.8,28.3,31.2,41.2,31.8,35.4,0.0,16.6,41.4,216,21.84,1003.9,ward_06_thiruvika_nagar,13.111,80.245,ECMWF_ERA5_Reanalysis
2017-07-05,37.1,28.0,31.6,42.1,30.6,35.1,0.0,17.7,41.4,232,22.76,1004.0,ward_06_thiruvika_nagar,13.111,80.245,ECMWF_ERA5_Reanalysis
2017-07-06,36.4,28.9,31.4,39.5,31.3,34.8,0.1,15.9,38.2,243,20.02,1003.8,ward_06_thiruvika_nagar,13.111,80.245,ECMWF_ERA5_Reanalysis
2017-07-07,33.6,25.9,29.8,36.3,30.3,33.6,0.0,19.2,40.3,281,17.54,1004.4,ward_06_thiruvika_nagar,13.111,80.245,ECMWF_ERA5_Reanalysis
2017-07-08,33.2,27.1,29.3,38.8,31.4,34.1,1.0,16.0,34.6,182,13.71,1004.2,ward_06_thiruvika_nagar,13.111,80.245,ECMWF_ERA5_Reanalysis
2017-07-09,35.1,27.3,30.0,41.5,30.7,34.4,5.5,19.1,39.2,195,20.02,1004.1,ward_06_thiruvika_nagar,13.111,80.245,ECMWF_ERA5_Reanalysis
2017-07-10,33.7,26.1,29.8,39.8,31.6,34.9,0.1,17.6,38.5,195,21.71,1004.6,ward_06_thiruvika_nagar,13.111,80.245,ECMWF_ERA5_Reanalysis
2017-07-11,35.0,27.8,30.7,41.5,31.8,35.9,0.9,18.6,37.8,264,20.09,1004.3,ward_06_thiruvika_nagar,13.111,80.245,ECMWF_ERA5_Reanalysis
2017-07-12,29.7,25.0,27.5,34.6,28.8,31.7,11.3,17.9,32.4,256,7.87,1004.9,ward_06_thiruvika_nagar,13.111,80.245,ECMWF_ERA5_Reanalysis
2017-07-13,32.0,26.2,29.0,35.6,30.0,32.8,0.1,14.5,32.0,235,11.28,1004.1,ward_06_thiruvika_nagar,13.111,80.245,ECMWF_ERA5_Reanalysis
2017-07-14,33.1,27.1,29.8,36.6,30.3,32.5,0.0,20.0,36.7,243,11.38,1003.9,ward_06_thiruvika_nagar,13.111,80.245,ECMWF_ERA5_Reanalysis
2017-07-15,34.4,27.6,30.1,36.4,29.5,33.2,0.0,20.8,44.3,241,16.51,1004.1,ward_06_thiruvika_nagar,13.111,80.245,ECMWF_ERA5_Reanalysis
2017-07-16,34.8,27.1,29.8,37.4,30.1,32.8,0.0,18.6,42.8,239,13.75,1003.1,ward_06_thiruvika_nagar,13.111,80.245,ECMWF_ERA5_Reanalysis
2017-07-17,35.2,28.2,30.6,36.5,29.9,33.2,0.5,22.3,49.3,250,16.08,1001.7,ward_06_thiruvika_nagar,13.111,80.245,ECMWF_ERA5_Reanalysis
2017-07-18,34.0,28.2,30.2,37.2,30.3,32.9,0.7,18.5,43.2,240,12.03,1001.7,ward_06_thiruvika_nagar,13.111,80.245,ECMWF_ERA5_Reanalysis
2017-07-19,35.2,28.0,30.6,37.3,29.9,33.4,0.7,22.7,52.2,218,19.47,1001.9,ward_06_thiruvika_nagar,13.111,80.245,ECMWF_ERA5_Reanalysis
2017-07-20,35.3,27.9,30.8,37.9,30.4,33.8,0.0,24.4,49.0,210,19.36,1001.9,ward_06_thiruvika_nagar,13.111,80.245,ECMWF_ERA5_Reanalysis
2017-07-21,36.5,28.2,31.0,39.9,27.9,33.2,0.0,24.6,48.2,220,22.03,1003.0,ward_06_thiruvika_nagar,13.111,80.245,ECMWF_ERA5_Reanalysis
2017-07-22,35.9,28.6,30.9,40.7,31.1,34.5,0.0,19.9,39.2,207,22.61,1003.2,ward_06_thiruvika_nagar,13.111,80.245,ECMWF_ERA5_Reanalysis
2017-07-23,36.5,28.6,31.2,41.3,33.5,35.6,0.2,19.1,41.4,192,22.78,1003.1,ward_06_thiruvika_nagar,13.111,80.245,ECMWF_ERA5_Reanalysis
2017-07-24,35.5,28.4,31.2,41.1,33.3,35.3,0.1,18.8,40.7,192,22.35,1003.3,ward_06_thiruvika_nagar,13.111,80.245,ECMWF_ERA5_Reanalysis
2017-07-25,36.2,28.3,31.1,41.0,32.9,35.2,0.1,18.4,39.6,205,22.65,1002.5,ward_06_thiruvika_nagar,13.111,80.245,ECMWF_ERA5_Reanalysis
2017-07-26,35.0,28.0,30.7,40.4,31.0,35.1,1.1,21.1,44.6,183,22.87,1002.6,ward_06_thiruvika_nagar,13.111,80.245,ECMWF_ERA5_Reanalysis
2017-07-27,35.0,27.1,30.5,41.0,31.8,35.1,1.1,20.9,42.5,179,23.66,1003.6,ward_06_thiruvika_nagar,13.111,80.245,ECMWF_ERA5_Reanalysis
2017-07-28,35.4,26.4,29.9,41.4,29.0,33.9,8.5,20.5,43.9,206,23.54,1004.8,ward_06_thiruvika_nagar,13.111,80.245,ECMWF_ERA5_Reanalysis
2017-07-29,32.4,25.0,28.8,38.1,30.0,34.0,12.8,13.3,27.4,169,15.56,1005.8,ward_06_thiruvika_nagar,13.111,80.245,ECMWF_ERA5_Reanalysis
2017-07-30,34.4,26.2,29.5,41.6,30.6,34.9,7.8,16.2,35.6,210,20.5,1004.9,ward_06_thiruvika_nagar,13.111,80.245,ECMWF_ERA5_Reanalysis
2017-07-31,32.2,25.2,28.8,39.9,29.3,34.2,9.7,19.9,35.6,220,19.98,1005.1,ward_06_thiruvika_nagar,13.111,80.245,ECMWF_ERA5_Reanalysis
2017-08-01,34.4,26.1,30.0,41.5,31.1,35.5,11.2,19.5,34.9,215,23.2,1005.1,ward_06_thiruvika_nagar,13.111,80.245,ECMWF_ERA5_Reanalysis
2017-08-02,34.0,25.6,29.7,41.0,30.0,35.4,0.9,15.5,32.0,222,23.67,1005.1,ward_06_thiruvika_nagar,13.111,80.245,ECMWF_ERA5_Reanalysis
2017-08-03,35.4,27.1,30.4,40.5,32.9,35.1,2.8,16.8,37.4,223,23.59,1003.8,ward_06_thiruvika_nagar,13.111,80.245,ECMWF_ERA5_Reanalysis
2017-08-04,35.5,27.8,30.6,39.1,31.4,34.3,0.8,21.3,43.6,261,19.31,1002.0,ward_06_thiruvika_nagar,13.111,80.245,ECMWF_ERA5_Reanalysis
2017-08-05,34.8,27.3,29.9,38.3,31.5,34.1,2.7,19.6,41.8,243,15.26,1001.1,ward_06_thiruvika_nagar,13.111,80.245,ECMWF_ERA5_Reanalysis
2017-08-06,34.0,26.6,30.2,39.2,30.7,34.6,3.5,16.4,32.8,229,20.0,1001.3,ward_06_thiruvika_nagar,13.111,80.245,ECMWF_ERA5_Reanalysis
2017-08-07,31.7,27.1,29.5,36.7,31.7,34.4,4.5,16.7,31.7,193,16.05,1002.6,ward_06_thiruvika_nagar,13.111,80.245,ECMWF_ERA5_Reanalysis
2017-08-08,33.6,25.4,29.0,40.6,29.6,34.2,10.8,14.2,31.7,179,20.01,1003.8,ward_06_thiruvika_nagar,13.111,80.245,ECMWF_ERA5_Reanalysis
2017-08-09,32.2,25.5,28.7,39.8,30.1,34.4,11.7,15.6,37.1,187,20.64,1004.3,ward_06_thiruvika_nagar,13.111,80.245,ECMWF_ERA5_Reanalysis
2017-08-10,31.1,25.2,27.9,39.4,29.7,33.4,14.7,16.1,30.2,187,20.29,1005.0,ward_06_thiruvika_nagar,13.111,80.245,ECMWF_ERA5_Reanalysis
2017-08-11,31.7,26.0,28.6,38.3,30.4,34.3,5.5,13.6,34.9,208,21.6,1005.3,ward_06_thiruvika_nagar,13.111,80.245,ECMWF_ERA5_Reanalysis
2017-08-12,32.2,25.9,28.5,39.4,31.1,34.3,16.3,13.8,28.1,215,19.3,1005.7,ward_06_thiruvika_nagar,13.111,80.245,ECMWF_ERA5_Reanalysis
2017-08-13,32.3,25.1,27.7,39.6,28.5,33.2,21.9,18.7,35.6,242,21.22,1006.7,ward_06_thiruvika_nagar,13.111,80.245,ECMWF_ERA5_Reanalysis
2017-08-14,31.4,25.1,28.2,39.2,29.6,34.0,4.9,12.8,31.7,188,21.64,1007.3,ward_06_thiruvika_nagar,13.111,80.245,ECMWF_ERA5_Reanalysis
2017-08-15,31.0,25.0,28.0,37.4,29.1,33.0,11.9,16.3,31.3,201,18.12,1006.5,ward_06_thiruvika_nagar,13.111,80.245,ECMWF_ERA5_Reanalysis
2017-08-16,33.0,26.0,28.9,40.6,30.3,34.2,0.8,18.0,38.2,218,24.3,1004.4,ward_06_thiruvika_nagar,13.111,80.245,ECMWF_ERA5_Reanalysis
2017-08-17,31.8,25.8,28.3,36.7,30.4,33.2,10.2,15.0,33.8,240,17.78,1002.5,ward_06_thiruvika_nagar,13.111,80.245,ECMWF_ERA5_Reanalysis
2017-08-18,29.1,25.4,27.1,33.9,29.3,31.8,25.6,17.9,35.3,237,8.58,1001.3,ward_06_thiruvika_nagar,13.111,80.245,ECMWF_ERA5_Reanalysis
2017-08-19,32.4,25.5,28.5,37.2,29.3,32.7,1.7,17.9,43.2,230,17.69,1001.2,ward_06_thiruvika_nagar,13.111,80.245,ECMWF_ERA5_Reanalysis
2017-08-20,31.8,25.7,28.6,36.1,29.4,32.6,0.0,17.8,37.4,224,18.03,1001.7,ward_06_thiruvika_nagar,13.111,80.245,ECMWF_ERA5_Reanalysis
2017-08-21,32.0,25.7,28.7,37.2,30.4,33.4,9.7,15.6,34.6,219,19.38,1002.0,ward_06_thiruvika_nagar,13.111,80.245,ECMWF_ERA5_Reanalysis
2017-08-22,31.4,25.4,28.5,36.9,30.0,33.8,5.7,15.9,32.4,238,15.86,1002.5,ward_06_thiruvika_nagar,13.111,80.245,ECMWF_ERA5_Reanalysis
2017-08-23,32.3,26.3,29.0,39.2,30.4,34.3,9.4,13.3,24.8,246,19.12,1003.4,ward_06_thiruvika_nagar,13.111,80.245,ECMWF_ERA5_Reanalysis
2017-08-24,31.5,25.8,28.1,39.4,30.6,33.6,12.0,9.5,24.8,236,18.02,1003.2,ward_06_thiruvika_nagar,13.111,80.245,ECMWF_ERA5_Reanalysis
2017-08-25,30.1,24.9,27.3,34.4,29.6,32.2,15.8,13.7,31.3,231,11.46,1002.5,ward_06_thiruvika_nagar,13.111,80.245,ECMWF_ERA5_Reanalysis
2017-08-26,33.2,26.2,29.0,38.9,30.4,33.8,4.8,18.6,41.4,235,20.9,1000.7,ward_06_thiruvika_nagar,13.111,80.245,ECMWF_ERA5_Reanalysis
2017-08-27,30.2,25.8,27.5,36.3,29.7,32.3,17.4,16.4,39.2,214,9.75,1000.1,ward_06_thiruvika_nagar,13.111,80.245,ECMWF_ERA5_Reanalysis
2017-08-28,30.9,26.0,28.4,34.4,29.9,32.2,1.0,19.3,43.9,221,11.73,999.7,ward_06_thiruvika_nagar,13.111,80.245,ECMWF_ERA5_Reanalysis
2017-08-29,32.2,27.1,29.2,36.3,30.2,32.9,1.1,22.1,45.4,213,19.15,1000.9,ward_06_thiruvika_nagar,13.111,80.245,ECMWF_ERA5_Reanalysis
2017-08-30,33.8,27.0,29.5,39.7,30.4,34.3,2.4,14.6,31.0,221,22.89,1003.7,ward_06_thiruvika_nagar,13.111,80.245,ECMWF_ERA5_Reanalysis
2017-08-31,32.3,25.2,28.7,40.2,30.3,34.7,8.8,13.6,24.1,190,22.3,1005.5,ward_06_thiruvika_nagar,13.111,80.245,ECMWF_ERA5_Reanalysis
2017-09-01,31.7,26.7,28.8,39.7,32.4,35.3,8.1,9.7,29.9,197,20.66,1005.7,ward_06_thiruvika_nagar,13.111,80.245,ECMWF_ERA5_Reanalysis
2017-09-02,32.1,25.1,28.4,40.9,29.4,34.8,15.4,14.2,33.5,207,22.53,1005.5,ward_06_thiruvika_nagar,13.111,80.245,ECMWF_ERA5_Reanalysis
2017-09-03,31.3,25.3,28.1,39.8,29.6,34.0,3.2,13.7,31.0,204,24.07,1005.8,ward_06_thiruvika_nagar,13.111,80.245,ECMWF_ERA5_Reanalysis
2017-09-04,32.4,25.9,28.8,41.0,31.1,35.0,2.1,12.7,36.7,182,22.45,1005.6,ward_06_thiruvika_nagar,13.111,80.245,ECMWF_ERA5_Reanalysis
2017-09-05,32.7,26.6,29.1,41.9,31.1,35.8,11.8,19.4,34.2,191,22.92,1005.3,ward_06_thiruvika_nagar,13.111,80.245,ECMWF_ERA5_Reanalysis
2017-09-06,31.6,25.3,28.2,39.1,29.3,33.8,11.0,18.4,37.8,214,22.36,1004.6,ward_06_thiruvika_nagar,13.111,80.245,ECMWF_ERA5_Reanalysis
2017-09-07,29.9,25.3,27.8,37.0,30.2,33.2,3.6,16.6,35.3,175,20.63,1004.6,ward_06_thiruvika_nagar,13.111,80.245,ECMWF_ERA5_Reanalysis
2017-09-08,30.2,25.7,27.8,36.3,31.1,33.3,7.8,18.7,36.4,158,19.07,1005.2,ward_06_thiruvika_nagar,13.111,80.245,ECMWF_ERA5_Reanalysis
2017-09-09,30.4,25.7,27.9,36.9,31.1,33.6,1.7,14.6,32.0,149,22.04,1004.6,ward_06_thiruvika_nagar,13.111,80.245,ECMWF_ERA5_Reanalysis
2017-09-10,30.1,25.1,28.0,36.5,30.3,33.6,6.7,13.3,31.0,111,22.28,1004.6,ward_06_thiruvika_nagar,13.111,80.245,ECMWF_ERA5_Reanalysis
2017-09-11,30.2,26.6,28.4,37.0,32.5,34.0,1.4,18.2,37.4,150,22.29,1005.7,ward_06_thiruvika_nagar,13.111,80.245,ECMWF_ERA5_Reanalysis
2017-09-12,30.9,25.9,28.4,37.9,30.4,33.6,5.6,17.7,38.9,168,21.67,1007.0,ward_06_thiruvika_nagar,13.111,80.245,ECMWF_ERA5_Reanalysis
2017-09-13,30.4,26.3,28.6,36.3,31.8,33.7,1.6,18.4,39.2,172,21.52,1006.9,ward_06_thiruvika_nagar,13.111,80.245,ECMWF_ERA5_Reanalysis
2017-09-14,31.3,26.3,28.6,37.4,30.5,33.6,1.1,17.3,35.3,187,19.97,1005.7,ward_06_thiruvika_nagar,13.111,80.245,ECMWF_ERA5_Reanalysis
2017-09-15,31.5,26.5,28.8,39.0,31.7,34.6,3.1,12.8,29.2,184,18.6,1004.6,ward_06_thiruvika_nagar,13.111,80.245,ECMWF_ERA5_Reanalysis
2017-09-16,31.7,26.5,28.7,40.1,32.2,34.9,11.3,14.1,31.3,196,17.94,1004.3,ward_06_thiruvika_nagar,13.111,80.245,ECMWF_ERA5_Reanalysis
2017-09-17,29.1,25.5,26.8,33.7,29.5,31.1,14.8,16.8,37.1,220,5.71,1005.1,ward_06_thiruvika_nagar,13.111,80.245,ECMWF_ERA5_Reanalysis
2017-09-18,31.0,25.9,28.2,35.8,28.7,31.5,0.2,20.0,40.0,236,14.66,1005.9,ward_06_thiruvika_nagar,13.111,80.245,ECMWF_ERA5_Reanalysis
2017-09-19,32.5,26.6,29.3,35.9,28.8,32.4,0.0,23.4,45.7,230,20.68,1004.9,ward_06_thiruvika_nagar,13.111,80.245,ECMWF_ERA5_Reanalysis
2017-09-20,33.1,26.1,29.0,36.9,27.2,32.3,0.0,18.4,37.4,227,23.09,1004.3,ward_06_thiruvika_nagar,13.111,80.245,ECMWF_ERA5_Reanalysis
2017-09-21,32.8,26.5,29.0,38.5,28.1,32.8,3.7,17.9,34.2,218,22.37,1004.1,ward_06_thiruvika_nagar,13.111,80.245,ECMWF_ERA5_Reanalysis
2017-09-22,31.3,25.9,28.3,38.1,30.9,34.4,4.5,9.9,31.3,136,18.77,1005.3,ward_06_thiruvika_nagar,13.111,80.245,ECMWF_ERA5_Reanalysis
2017-09-23,31.8,26.7,28.8,38.9,32.5,34.9,3.7,13.4,29.9,194,20.49,1006.5,ward_06_thiruvika_nagar,13.111,80.245,ECMWF_ERA5_Reanalysis
2017-09-24,30.8,25.5,28.2,38.1,30.3,34.6,25.7,10.8,29.2,190,20.05,1006.4,ward_06_thiruvika_nagar,13.111,80.245,ECMWF_ERA5_Reanalysis
2017-09-25,30.8,24.7,27.4,37.2,29.1,32.8,31.3,14.3,27.7,270,15.67,1004.6,ward_06_thiruvika_nagar,13.111,80.245,ECMWF_ERA5_Reanalysis
2017-09-26,29.8,24.8,27.2,36.2,29.6,33.0,16.6,10.2,23.8,200,14.54,1004.3,ward_06_thiruvika_nagar,13.111,80.245,ECMWF_ERA5_Reanalysis
2017-09-27,30.6,24.8,27.6,38.9,29.6,33.4,8.1,12.1,27.4,219,18.08,1004.4,ward_06_thiruvika_nagar,13.111,80.245,ECMWF_ERA5_Reanalysis
2017-09-28,30.3,25.0,27.2,37.6,29.3,32.5,10.6,13.7,29.5,215,15.65,1003.9,ward_06_thiruvika_nagar,13.111,80.245,ECMWF_ERA5_Reanalysis
2017-09-29,31.1,25.8,28.0,36.1,29.8,33.2,7.3,12.7,28.8,232,15.25,1003.9,ward_06_thiruvika_nagar,13.111,80.245,ECMWF_ERA5_Reanalysis
2017-09-30,31.1,24.9,27.9,38.4,30.4,34.0,14.6,10.8,25.9,184,16.6,1005.4,ward_06_thiruvika_nagar,13.111,80.245,ECMWF_ERA5_Reanalysis
2017-10-01,31.7,24.8,27.7,40.0,29.5,33.5,13.4,18.0,32.8,211,19.19,1005.6,ward_06_thiruvika_nagar,13.111,80.245,ECMWF_ERA5_Reanalysis
2017-10-02,31.4,24.9,27.6,39.0,29.1,33.3,16.2,13.8,34.9,193,21.39,1004.6,ward_06_thiruvika_nagar,13.111,80.245,ECMWF_ERA5_Reanalysis
2017-10-03,31.6,25.5,27.9,39.9,30.3,33.8,18.1,12.7,30.6,187,21.65,1004.9,ward_06_thiruvika_nagar,13.111,80.245,ECMWF_ERA5_Reanalysis
2017-10-04,31.8,24.6,27.6,40.0,29.1,33.2,13.2,11.2,32.8,230,20.93,1005.2,ward_06_thiruvika_nagar,13.111,80.245,ECMWF_ERA5_Reanalysis
2017-10-05,30.3,24.8,27.2,37.4,29.6,32.8,3.8,12.7,28.1,248,20.99,1004.3,ward_06_thiruvika_nagar,13.111,80.245,ECMWF_ERA5_Reanalysis
2017-10-06,29.8,24.5,27.5,35.8,28.9,32.7,16.6,17.4,35.3,164,21.24,1004.1,ward_06_thiruvika_nagar,13.111,80.245,ECMWF_ERA5_Reanalysis
2017-10-07,30.3,25.1,28.0,35.7,29.7,33.0,3.5,18.7,38.9,172,19.21,1004.4,ward_06_thiruvika_nagar,13.111,80.245,ECMWF_ERA5_Reanalysis
2017-10-08,30.8,25.5,28.4,37.0,30.2,33.5,1.8,15.9,33.5,163,20.11,1004.1,ward_06_thiruvika_nagar,13.111,80.245,ECMWF_ERA5_Reanalysis
2017-10-09,30.4,24.7,28.1,36.1,28.6,33.4,10.4,16.7,34.9,162,20.02,1004.1,ward_06_thiruvika_nagar,13.111,80.245,ECMWF_ERA5_Reanalysis
2017-10-10,30.4,24.8,27.9,38.2,29.5,33.6,3.7,13.0,30.2,108,21.56,1003.7,ward_06_thiruvika_nagar,13.111,80.245,ECMWF_ERA5_Reanalysis
2017-10-11,30.7,24.6,27.9,37.3,29.4,33.5,8.3,10.7,27.4,163,19.3,1004.1,ward_06_thiruvika_nagar,13.111,80.245,ECMWF_ERA5_Reanalysis
2017-10-12,30.3,25.1,27.6,37.5,30.6,33.6,7.2,12.9,28.1,131,19.13,1004.5,ward_06_thiruvika_nagar,13.111,80.245,ECMWF_ERA5_Reanalysis
2017-10-13,28.4,26.0,27.1,34.4,30.5,32.7,3.1,8.9,26.3,182,8.63,1003.9,ward_06_thiruvika_nagar,13.111,80.245,ECMWF_ERA5_Reanalysis
2017-10-14,28.9,24.9,27.1,35.3,29.1,32.6,8.9,10.7,23.8,211,11.65,1003.9,ward_06_thiruvika_nagar,13.111,80.245,ECMWF_ERA5_Reanalysis
2017-10-15,30.6,25.3,27.5,37.2,29.8,33.1,7.6,11.8,26.6,246,13.65,1004.3,ward_06_thiruvika_nagar,13.111,80.245,ECMWF_ERA5_Reanalysis
2017-10-16,29.7,25.6,26.8,34.7,30.2,32.1,17.2,11.2,28.8,291,7.45,1004.7,ward_06_thiruvika_nagar,13.111,80.245,ECMWF_ERA5_Reanalysis
2017-10-17,30.5,25.2,27.4,35.9,28.1,32.6,0.6,13.3,23.8,256,7.65,1004.0,ward_06_thiruvika_nagar,13.111,80.245,ECMWF_ERA5_Reanalysis
2017-10-18,31.9,25.9,28.2,36.9,30.4,33.5,2.3,13.7,36.4,227,9.99,1003.5,ward_06_thiruvika_nagar,13.111,80.245,ECMWF_ERA5_Reanalysis
2017-10-19,32.3,25.0,28.4,36.9,29.6,33.6,0.0,11.2,21.6,214,14.76,1003.7,ward_06_thiruvika_nagar,13.111,80.245,ECMWF_ERA5_Reanalysis
2017-10-20,32.1,26.5,28.6,39.6,31.5,34.5,1.8,15.1,41.0,195,19.83,1005.6,ward_06_thiruvika_nagar,13.111,80.245,ECMWF_ERA5_Reanalysis
2017-10-21,31.8,26.8,28.7,39.9,32.9,35.0,6.5,12.9,34.2,197,19.11,1006.6,ward_06_thiruvika_nagar,13.111,80.245,ECMWF_ERA5_Reanalysis
2017-10-22,31.5,26.4,28.6,39.1,30.9,34.7,0.8,12.2,28.1,193,20.63,1007.0,ward_06_thiruvika_nagar,13.111,80.245,ECMWF_ERA5_Reanalysis
2017-10-23,32.0,26.1,28.6,39.9,32.0,34.9,0.2,11.9,21.2,161,20.46,1007.6,ward_06_thiruvika_nagar,13.111,80.245,ECMWF_ERA5_Reanalysis
2017-10-24,30.7,25.1,28.1,37.5,30.6,34.0,0.1,10.1,25.6,139,20.4,1009.2,ward_06_thiruvika_nagar,13.111,80.245,ECMWF_ERA5_Reanalysis
2017-10-25,29.7,25.9,27.7,35.8,31.9,33.1,2.6,13.1,29.9,77,17.69,1010.6,ward_06_thiruvika_nagar,13.111,80.245,ECMWF_ERA5_Reanalysis
2017-10-26,28.4,25.3,26.7,33.7,30.0,31.8,10.2,10.5,33.8,55,15.16,1011.1,ward_06_thiruvika_nagar,13.111,80.245,ECMWF_ERA5_Reanalysis
2017-10-27,27.6,24.8,26.5,31.8,29.0,30.6,9.9,14.0,36.0,53,13.13,1010.1,ward_06_thiruvika_nagar,13.111,80.245,ECMWF_ERA5_Reanalysis
2017-10-28,30.1,25.3,27.6,33.8,29.6,31.4,1.3,19.1,40.3,38,17.69,1009.6,ward_06_thiruvika_nagar,13.111,80.245,ECMWF_ERA5_Reanalysis
2017-10-29,30.0,24.7,27.4,32.3,27.4,30.4,6.1,26.0,49.7,31,17.68,1009.7,ward_06_thiruvika_nagar,13.111,80.245,ECMWF_ERA5_Reanalysis
2017-10-30,26.4,24.5,25.0,29.9,27.4,28.6,43.9,19.1,38.2,48,7.74,1009.8,ward_06_thiruvika_nagar,13.111,80.245,ECMWF_ERA5_Reanalysis
2017-10-31,26.1,24.0,24.7,30.2,27.4,28.8,40.0,14.6,29.9,27,3.85,1009.0,ward_06_thiruvika_nagar,13.111,80.245,ECMWF_ERA5_Reanalysis
2017-11-01,26.3,24.1,24.9,29.9,27.2,28.8,35.9,17.5,37.1,29,7.68,1009.4,ward_06_thiruvika_nagar,13.111,80.245,ECMWF_ERA5_Reanalysis
2017-11-02,27.6,24.3,25.2,30.9,27.2,28.6,44.6,18.6,41.4,30,7.48,1008.5,ward_06_thiruvika_nagar,13.111,80.245,ECMWF_ERA5_Reanalysis
2017-11-03,26.8,22.6,25.2,28.9,23.9,27.1,77.3,25.2,49.0,42,5.38,1007.7,ward_06_thiruvika_nagar,13.111,80.245,ECMWF_ERA5_Reanalysis
2017-11-04,26.5,23.5,24.8,30.9,27.0,28.9,22.2,14.8,30.2,38,4.75,1007.8,ward_06_thiruvika_nagar,13.111,80.245,ECMWF_ERA5_Reanalysis
2017-11-05,27.7,24.1,25.6,32.2,28.2,29.6,20.0,19.9,42.5,47,14.34,1008.6,ward_06_thiruvika_nagar,13.111,80.245,ECMWF_ERA5_Reanalysis
2017-11-06,27.2,24.3,25.6,30.6,28.3,29.7,20.4,19.8,41.4,47,9.13,1009.4,ward_06_thiruvika_nagar,13.111,80.245,ECMWF_ERA5_Reanalysis
2017-11-07,27.6,23.7,25.7,32.5,27.8,30.2,10.2,14.3,36.4,26,14.48,1009.7,ward_06_thiruvika_nagar,13.111,80.245,ECMWF_ERA5_Reanalysis
2017-11-08,29.5,23.6,26.7,33.1,27.9,30.5,2.2,19.9,40.7,32,19.83,1009.5,ward_06_thiruvika_nagar,13.111,80.245,ECMWF_ERA5_Reanalysis
2017-11-09,29.6,25.0,27.1,32.6,28.5,29.9,0.1,22.8,45.0,21,20.25,1008.4,ward_06_thiruvika_nagar,13.111,80.245,ECMWF_ERA5_Reanalysis
2017-11-10,27.9,25.7,26.8,30.4,27.9,29.3,7.8,24.3,52.2,25,8.74,1007.9,ward_06_thiruvika_nagar,13.111,80.245,ECMWF_ERA5_Reanalysis
2017-11-11,28.7,24.6,26.8,29.9,27.3,28.8,0.6,28.8,55.4,9,12.05,1007.8,ward_06_thiruvika_nagar,13.111,80.245,ECMWF_ERA5_Reanalysis
2017-11-12,25.2,24.2,24.7,28.6,27.1,27.8,28.7,24.4,46.1,357,2.35,1006.1,ward_06_thiruvika_nagar,13.111,80.245,ECMWF_ERA5_Reanalysis
2017-11-13,24.7,22.6,23.9,29.0,24.2,26.9,20.7,19.9,41.4,336,4.08,1005.4,ward_06_thiruvika_nagar,13.111,80.245,ECMWF_ERA5_Reanalysis
2017-11-14,25.4,23.0,24.2,28.7,24.3,26.8,12.2,22.2,42.1,323,4.22,1004.3,ward_06_thiruvika_nagar,13.111,80.245,ECMWF_ERA5_Reanalysis
2017-11-15,31.2,23.8,26.9,37.8,27.1,31.5,4.2,12.8,36.7,278,16.1,1004.6,ward_06_thiruvika_nagar,13.111,80.245,ECMWF_ERA5_Reanalysis
2017-11-16,30.1,25.0,27.4,36.8,29.6,32.8,0.1,10.6,28.1,59,16.19,1005.6,ward_06_thiruvika_nagar,13.111,80.245,ECMWF_ERA5_Reanalysis
2017-11-17,30.3,24.6,27.2,36.7,30.0,32.8,1.7,10.9,26.6,60,17.23,1006.8,ward_06_thiruvika_nagar,13.111,80.245,ECMWF_ERA5_Reanalysis
2017-11-18,29.2,24.5,26.9,35.7,29.6,32.4,0.3,11.3,26.3,82,17.88,1007.9,ward_06_thiruvika_nagar,13.111,80.245,ECMWF_ERA5_Reanalysis
2017-11-19,29.2,24.6,26.9,34.8,29.9,32.2,2.9,12.7,28.8,65,15.94,1009.3,ward_06_thiruvika_nagar,13.111,80.245,ECMWF_ERA5_Reanalysis
2017-11-20,29.1,24.6,26.8,35.0,29.7,31.9,4.1,12.3,31.3,52,15.89,1009.8,ward_06_thiruvika_nagar,13.111,80.245,ECMWF_ERA5_Reanalysis
2017-11-21,28.7,24.4,26.8,34.4,29.6,31.7,2.7,15.8,34.2,39,15.94,1009.1,ward_06_thiruvika_nagar,13.111,80.245,ECMWF_ERA5_Reanalysis
2017-11-22,29.4,25.3,27.2,32.6,30.0,30.9,1.5,20.9,42.5,40,19.58,1008.7,ward_06_thiruvika_nagar,13.111,80.245,ECMWF_ERA5_Reanalysis
2017-11-23,29.3,24.6,26.8,34.6,29.3,31.2,0.1,13.0,28.1,45,18.6,1008.6,ward_06_thiruvika_nagar,13.111,80.245,ECMWF_ERA5_Reanalysis
2017-11-24,28.6,23.9,26.3,32.5,28.4,30.3,1.7,16.0,33.5,36,17.15,1009.8,ward_06_thiruvika_nagar,13.111,80.245,ECMWF_ERA5_Reanalysis
2017-11-25,28.5,25.1,26.6,30.4,27.7,28.9,0.1,23.1,46.4,32,15.58,1010.5,ward_06_thiruvika_nagar,13.111,80.245,ECMWF_ERA5_Reanalysis
2017-11-26,27.4,24.6,25.9,31.4,28.3,29.5,9.7,19.4,37.4,42,12.24,1011.0,ward_06_thiruvika_nagar,13.111,80.245,ECMWF_ERA5_Reanalysis
2017-11-27,28.1,24.8,26.4,31.5,28.4,29.8,3.0,23.0,45.4,39,15.14,1010.0,ward_06_thiruvika_nagar,13.111,80.245,ECMWF_ERA5_Reanalysis
2017-11-28,28.5,25.2,26.8,31.0,28.6,29.6,0.9,22.7,45.4,38,15.75,1009.9,ward_06_thiruvika_nagar,13.111,80.245,ECMWF_ERA5_Reanalysis
2017-11-29,28.3,24.4,26.3,30.6,27.3,28.6,9.2,24.8,49.0,53,13.66,1010.4,ward_06_thiruvika_nagar,13.111,80.245,ECMWF_ERA5_Reanalysis
2017-11-30,27.0,24.5,25.3,29.9,27.1,28.4,20.5,22.0,44.6,80,11.47,1009.6,ward_06_thiruvika_nagar,13.111,80.245,ECMWF_ERA5_Reanalysis
2017-12-01,26.3,24.4,25.6,29.2,27.1,27.9,39.2,25.4,51.8,74,9.62,1008.9,ward_06_thiruvika_nagar,13.111,80.245,ECMWF_ERA5_Reanalysis
2017-12-02,28.2,25.2,26.3,29.8,26.3,27.8,0.0,22.5,44.3,59,16.69,1010.3,ward_06_thiruvika_nagar,13.111,80.245,ECMWF_ERA5_Reanalysis
2017-12-03,27.7,24.8,25.9,28.9,26.6,27.7,0.4,21.7,45.0,42,15.08,1010.8,ward_06_thiruvika_nagar,13.111,80.245,ECMWF_ERA5_Reanalysis
2017-12-04,27.2,23.4,25.4,28.9,26.7,28.0,0.5,18.6,37.8,35,11.11,1009.9,ward_06_thiruvika_nagar,13.111,80.245,ECMWF_ERA5_Reanalysis
2017-12-05,28.1,24.4,25.9,31.2,27.6,28.7,0.4,16.3,34.6,51,14.56,1009.0,ward_06_thiruvika_nagar,13.111,80.245,ECMWF_ERA5_Reanalysis
2017-12-06,27.5,24.4,25.8,30.0,26.6,28.0,0.0,17.2,35.6,45,14.74,1008.7,ward_06_thiruvika_nagar,13.111,80.245,ECMWF_ERA5_Reanalysis
2017-12-07,28.4,22.8,25.3,30.5,25.3,27.6,0.0,17.5,36.7,16,14.73,1008.1,ward_06_thiruvika_nagar,13.111,80.245,ECMWF_ERA5_Reanalysis
2017-12-08,28.8,20.6,24.6,31.8,22.9,27.3,0.0,13.5,29.9,8,19.31,1008.0,ward_06_thiruvika_nagar,13.111,80.245,ECMWF_ERA5_Reanalysis
2017-12-09,30.2,21.6,25.3,34.8,25.3,29.1,0.0,12.8,26.3,258,18.06,1008.8,ward_06_thiruvika_nagar,13.111,80.245,ECMWF_ERA5_Reanalysis
2017-12-10,28.6,21.8,25.2,33.6,25.4,29.3,0.0,11.1,25.6,58,18.39,1010.3,ward_06_thiruvika_nagar,13.111,80.245,ECMWF_ERA5_Reanalysis
2017-12-11,28.4,21.5,25.2,33.3,25.0,29.3,0.0,12.0,28.1,123,18.28,1011.6,ward_06_thiruvika_nagar,13.111,80.245,ECMWF_ERA5_Reanalysis
2017-12-12,27.9,22.8,25.4,32.4,27.2,29.8,0.4,11.7,28.1,128,15.51,1011.8,ward_06_thiruvika_nagar,13.111,80.245,ECMWF_ERA5_Reanalysis
2017-12-13,27.9,23.4,25.5,31.6,27.9,29.6,1.1,12.3,28.8,67,16.17,1012.0,ward_06_thiruvika_nagar,13.111,80.245,ECMWF_ERA5_Reanalysis
2017-12-14,28.3,22.5,25.4,31.7,26.3,28.9,0.2,15.5,31.7,35,16.46,1012.4,ward_06_thiruvika_nagar,13.111,80.245,ECMWF_ERA5_Reanalysis
2017-12-15,28.3,24.3,26.1,30.8,27.9,29.0,1.4,21.7,43.2,45,16.05,1012.7,ward_06_thiruvika_nagar,13.111,80.245,ECMWF_ERA5_Reanalysis
2017-12-16,28.3,24.9,26.3,30.2,26.7,28.2,0.1,22.2,43.9,52,16.75,1013.8,ward_06_thiruvika_nagar,13.111,80.245,ECMWF_ERA5_Reanalysis
2017-12-17,28.2,25.0,26.3,29.4,26.6,27.5,0.0,21.3,43.9,50,18.25,1014.6,ward_06_thiruvika_nagar,13.111,80.245,ECMWF_ERA5_Reanalysis
2017-12-18,27.7,23.3,25.8,28.1,25.7,26.7,0.0,23.0,46.1,46,16.87,1014.6,ward_06_thiruvika_nagar,13.111,80.245,ECMWF_ERA5_Reanalysis
2017-12-19,28.0,23.7,25.6,29.3,24.7,26.4,0.0,21.6,44.3,34,17.95,1013.7,ward_06_thiruvika_nagar,13.111,80.245,ECMWF_ERA5_Reanalysis
2017-12-20,27.4,22.7,25.1,28.8,24.4,26.5,0.0,22.1,45.0,22,18.85,1014.4,ward_06_thiruvika_nagar,13.111,80.245,ECMWF_ERA5_Reanalysis
2017-12-21,26.5,24.1,24.9,28.4,26.1,27.3,4.5,21.1,43.9,39,12.03,1014.2,ward_06_thiruvika_nagar,13.111,80.245,ECMWF_ERA5_Reanalysis
2017-12-22,28.0,22.9,25.2,29.7,26.1,27.4,0.9,21.2,43.9,38,17.32,1012.9,ward_06_thiruvika_nagar,13.111,80.245,ECMWF_ERA5_Reanalysis
2017-12-23,27.7,23.5,25.2,30.4,25.6,27.5,0.2,17.1,36.0,51,17.45,1011.2,ward_06_thiruvika_nagar,13.111,80.245,ECMWF_ERA5_Reanalysis
2017-12-24,27.5,21.6,24.8,28.6,24.1,26.8,0.5,18.5,38.5,22,15.66,1010.9,ward_06_thiruvika_nagar,13.111,80.245,ECMWF_ERA5_Reanalysis
2017-12-25,27.6,22.8,25.1,29.0,25.4,27.4,2.1,23.8,46.8,31,15.49,1011.2,ward_06_thiruvika_nagar,13.111,80.245,ECMWF_ERA5_Reanalysis
2017-12-26,27.8,22.4,25.2,29.5,24.9,27.0,0.0,22.7,46.4,32,18.54,1011.9,ward_06_thiruvika_nagar,13.111,80.245,ECMWF_ERA5_Reanalysis
2017-12-27,27.4,22.9,24.8,28.9,24.8,26.4,0.0,18.3,38.9,41,18.44,1011.9,ward_06_thiruvika_nagar,13.111,80.245,ECMWF_ERA5_Reanalysis
2017-12-28,27.0,22.7,25.0,26.8,23.7,25.2,0.0,18.3,37.8,48,15.31,1011.7,ward_06_thiruvika_nagar,13.111,80.245,ECMWF_ERA5_Reanalysis
2017-12-29,27.8,23.1,25.1,28.9,24.6,26.4,0.0,19.2,38.9,48,15.31,1011.8,ward_06_thiruvika_nagar,13.111,80.245,ECMWF_ERA5_Reanalysis
2017-12-30,27.6,21.5,24.6,29.8,23.9,27.1,0.7,15.1,33.1,32,16.26,1011.2,ward_06_thiruvika_nagar,13.111,80.245,ECMWF_ERA5_Reanalysis
2017-12-31,28.0,22.3,24.9,30.2,25.4,27.6,0.3,17.7,37.8,12,16.76,1009.6,ward_06_thiruvika_nagar,13.111,80.245,ECMWF_ERA5_Reanalysis
2018-01-01,29.4,21.8,25.0,32.7,24.7,28.0,0.1,18.8,39.6,10,18.58,1007.6,ward_06_thiruvika_nagar,13.111,80.245,ECMWF_ERA5_Reanalysis
2018-01-02,28.4,20.9,24.5,31.6,23.7,27.7,1.5,14.9,32.8,15,15.31,1007.9,ward_06_thiruvika_nagar,13.111,80.245,ECMWF_ERA5_Reanalysis
2018-01-03,28.1,22.5,25.2,31.1,26.0,28.1,0.0,18.7,34.9,48,18.25,1009.7,ward_06_thiruvika_nagar,13.111,80.245,ECMWF_ERA5_Reanalysis
2018-01-04,28.2,22.0,25.2,29.2,24.5,26.6,0.0,17.3,37.4,56,19.7,1011.0,ward_06_thiruvika_nagar,13.111,80.245,ECMWF_ERA5_Reanalysis
2018-01-05,27.2,20.2,24.2,28.5,21.5,25.0,0.0,15.0,33.5,62,19.74,1010.3,ward_06_thiruvika_nagar,13.111,80.245,ECMWF_ERA5_Reanalysis
2018-01-06,27.1,20.5,23.8,29.0,21.8,24.8,0.0,13.6,30.2,68,19.91,1009.8,ward_06_thiruvika_nagar,13.111,80.245,ECMWF_ERA5_Reanalysis
2018-01-07,27.2,19.5,23.6,28.4,20.7,24.4,0.0,15.6,33.8,50,20.61,1010.5,ward_06_thiruvika_nagar,13.111,80.245,ECMWF_ERA5_Reanalysis
2018-01-08,27.5,19.4,24.3,28.3,20.6,25.2,0.0,20.5,42.8,39,18.91,1011.1,ward_06_thiruvika_nagar,13.111,80.245,ECMWF_ERA5_Reanalysis
2018-01-09,27.8,23.9,25.1,28.0,25.4,26.3,1.9,24.9,50.0,34,9.14,1012.4,ward_06_thiruvika_nagar,13.111,80.245,ECMWF_ERA5_Reanalysis
2018-01-10,26.6,23.7,24.8,29.5,26.2,27.6,22.8,18.3,36.7,48,9.34,1013.2,ward_06_thiruvika_nagar,13.111,80.245,ECMWF_ERA5_Reanalysis
2018-01-11,27.9,23.5,25.3,31.2,27.2,28.6,0.0,17.1,37.1,43,16.52,1012.8,ward_06_thiruvika_nagar,13.111,80.245,ECMWF_ERA5_Reanalysis
2018-01-12,28.1,21.7,24.8,32.5,25.7,28.6,0.0,11.4,27.7,69,19.8,1012.0,ward_06_thiruvika_nagar,13.111,80.245,ECMWF_ERA5_Reanalysis
2018-01-13,27.9,21.3,24.3,32.9,25.3,28.3,0.0,12.7,29.5,76,19.12,1011.6,ward_06_thiruvika_nagar,13.111,80.245,ECMWF_ERA5_Reanalysis
2018-01-14,27.8,21.3,24.5,31.7,24.7,28.0,0.0,14.7,33.5,47,18.93,1012.0,ward_06_thiruvika_nagar,13.111,80.245,ECMWF_ERA5_Reanalysis
2018-01-15,27.9,21.2,24.4,32.1,24.6,28.0,0.0,11.2,25.9,63,19.53,1012.1,ward_06_thiruvika_nagar,13.111,80.245,ECMWF_ERA5_Reanalysis
2018-01-16,27.7,22.1,24.9,31.7,25.1,28.1,0.0,15.2,29.5,80,18.48,1010.9,ward_06_thiruvika_nagar,13.111,80.245,ECMWF_ERA5_Reanalysis
2018-01-17,27.2,20.5,23.9,30.8,23.4,26.6,0.0,12.9,29.9,75,20.14,1011.2,ward_06_thiruvika_nagar,13.111,80.245,ECMWF_ERA5_Reanalysis
2018-01-18,27.1,19.7,24.0,29.2,22.0,25.7,0.0,13.4,31.0,57,20.8,1011.7,ward_06_thiruvika_nagar,13.111,80.245,ECMWF_ERA5_Reanalysis
2018-01-19,27.1,19.6,23.6,28.7,20.3,24.7,0.0,14.9,33.1,51,21.09,1012.2,ward_06_thiruvika_nagar,13.111,80.245,ECMWF_ERA5_Reanalysis
2018-01-20,26.9,20.1,23.7,28.9,21.8,25.2,0.0,14.0,31.7,47,20.8,1011.8,ward_06_thiruvika_nagar,13.111,80.245,ECMWF_ERA5_Reanalysis
2018-01-21,27.0,19.9,23.7,27.8,21.3,24.6,0.0,18.2,39.2,50,19.21,1010.7,ward_06_thiruvika_nagar,13.111,80.245,ECMWF_ERA5_Reanalysis
2018-01-22,26.9,20.6,24.2,28.0,21.9,25.2,0.4,16.8,36.7,60,16.7,1009.9,ward_06_thiruvika_nagar,13.111,80.245,ECMWF_ERA5_Reanalysis
2018-01-23,27.4,21.4,24.1,30.2,22.7,25.7,0.0,16.8,36.4,79,19.95,1009.4,ward_06_thiruvika_nagar,13.111,80.245,ECMWF_ERA5_Reanalysis
2018-01-24,27.7,20.0,23.9,30.6,22.2,26.3,0.0,13.5,32.4,63,20.7,1008.7,ward_06_thiruvika_nagar,13.111,80.245,ECMWF_ERA5_Reanalysis
2018-01-25,28.4,19.9,24.0,31.4,22.4,26.7,0.0,14.1,31.3,47,21.21,1008.2,ward_06_thiruvika_nagar,13.111,80.245,ECMWF_ERA5_Reanalysis
2018-01-26,28.4,20.3,24.3,31.5,23.5,27.2,0.0,13.1,28.8,76,20.6,1009.0,ward_06_thiruvika_nagar,13.111,80.245,ECMWF_ERA5_Reanalysis
2018-01-27,27.8,20.4,24.4,30.4,22.9,26.7,0.0,14.5,31.7,62,20.82,1009.8,ward_06_thiruvika_nagar,13.111,80.245,ECMWF_ERA5_Reanalysis
2018-01-28,27.5,21.0,24.4,29.3,23.1,26.0,0.0,17.7,39.2,55,21.31,1010.6,ward_06_thiruvika_nagar,13.111,80.245,ECMWF_ERA5_Reanalysis
2018-01-29,27.5,22.0,24.6,29.6,24.2,26.3,0.0,18.0,38.5,49,20.92,1011.9,ward_06_thiruvika_nagar,13.111,80.245,ECMWF_ERA5_Reanalysis
2018-01-30,27.7,20.5,24.0,29.3,22.7,25.7,0.0,17.8,38.9,37,21.94,1012.2,ward_06_thiruvika_nagar,13.111,80.245,ECMWF_ERA5_Reanalysis
2018-01-31,28.3,19.5,23.3,30.0,21.6,25.1,0.0,14.2,33.1,36,22.24,1012.4,ward_06_thiruvika_nagar,13.111,80.245,ECMWF_ERA5_Reanalysis
2018-02-01,28.0,17.3,22.5,30.2,18.9,24.2,0.0,10.9,28.4,82,22.63,1012.1,ward_06_thiruvika_nagar,13.111,80.245,ECMWF_ERA5_Reanalysis
2018-02-02,28.7,17.4,23.1,31.1,18.9,25.0,0.0,13.1,30.2,129,22.69,1011.1,ward_06_thiruvika_nagar,13.111,80.245,ECMWF_ERA5_Reanalysis
2018-02-03,27.5,17.5,23.1,28.9,18.7,24.5,0.0,13.8,32.4,77,22.42,1012.0,ward_06_thiruvika_nagar,13.111,80.245,ECMWF_ERA5_Reanalysis
2018-02-04,26.9,19.6,23.4,28.5,20.2,24.3,0.0,13.6,31.3,60,21.24,1012.1,ward_06_thiruvika_nagar,13.111,80.245,ECMWF_ERA5_Reanalysis
2018-02-05,28.2,22.4,24.8,30.3,23.5,26.0,0.0,15.2,34.2,57,19.69,1013.2,ward_06_thiruvika_nagar,13.111,80.245,ECMWF_ERA5_Reanalysis
2018-02-06,28.3,21.0,24.9,30.7,23.1,27.3,0.0,19.1,38.2,61,14.78,1012.8,ward_06_thiruvika_nagar,13.111,80.245,ECMWF_ERA5_Reanalysis
2018-02-07,28.8,22.3,25.7,33.2,25.9,29.5,0.0,16.5,35.3,108,18.98,1011.2,ward_06_thiruvika_nagar,13.111,80.245,ECMWF_ERA5_Reanalysis
2018-02-08,29.7,23.1,25.9,34.6,27.5,29.6,0.0,15.4,33.5,115,19.84,1010.3,ward_06_thiruvika_nagar,13.111,80.245,ECMWF_ERA5_Reanalysis
2018-02-09,28.8,21.6,25.1,33.4,25.2,28.6,0.0,17.1,37.1,133,20.96,1009.9,ward_06_thiruvika_nagar,13.111,80.245,ECMWF_ERA5_Reanalysis
2018-02-10,28.6,22.7,25.7,31.8,27.1,29.0,0.0,14.3,33.8,120,19.95,1011.6,ward_06_thiruvika_nagar,13.111,80.245,ECMWF_ERA5_Reanalysis
2018-02-11,28.8,23.4,26.1,32.1,26.8,29.0,0.0,14.8,34.9,116,21.21,1012.5,ward_06_thiruvika_nagar,13.111,80.245,ECMWF_ERA5_Reanalysis
2018-02-12,29.0,24.3,26.0,32.0,27.1,28.3,0.4,16.6,36.7,77,20.6,1014.1,ward_06_thiruvika_nagar,13.111,80.245,ECMWF_ERA5_Reanalysis
2018-02-13,28.6,23.0,25.7,31.2,26.1,28.2,0.1,16.1,36.7,65,19.58,1015.3,ward_06_thiruvika_nagar,13.111,80.245,ECMWF_ERA5_Reanalysis
2018-02-14,28.8,24.1,26.3,31.7,27.3,28.9,0.2,17.4,38.5,59,19.94,1015.3,ward_06_thiruvika_nagar,13.111,80.245,ECMWF_ERA5_Reanalysis
2018-02-15,29.4,23.7,26.3,32.5,27.4,29.1,0.1,18.9,41.8,44,22.0,1015.4,ward_06_thiruvika_nagar,13.111,80.245,ECMWF_ERA5_Reanalysis
2018-02-16,29.5,22.0,25.5,32.5,25.7,28.6,0.0,15.3,35.3,61,23.06,1014.3,ward_06_thiruvika_nagar,13.111,80.245,ECMWF_ERA5_Reanalysis
2018-02-17,29.1,21.4,25.0,33.1,24.7,28.1,0.0,15.0,35.6,124,21.82,1011.1,ward_06_thiruvika_nagar,13.111,80.245,ECMWF_ERA5_Reanalysis
2018-02-18,28.9,20.6,24.9,32.4,24.1,27.7,0.0,15.2,34.6,112,23.06,1010.3,ward_06_thiruvika_nagar,13.111,80.245,ECMWF_ERA5_Reanalysis
2018-02-19,28.2,21.6,24.8,31.4,24.2,27.5,0.0,14.6,34.9,97,23.0,1010.9,ward_06_thiruvika_nagar,13.111,80.245,ECMWF_ERA5_Reanalysis
2018-02-20,28.5,20.8,24.7,31.9,23.9,27.7,0.0,13.8,33.5,75,23.29,1010.6,ward_06_thiruvika_nagar,13.111,80.245,ECMWF_ERA5_Reanalysis
2018-02-21,28.8,21.1,24.7,32.2,24.3,27.7,0.0,13.1,32.4,71,23.51,1009.4,ward_06_thiruvika_nagar,13.111,80.245,ECMWF_ERA5_Reanalysis
2018-02-22,29.1,20.0,24.6,32.8,23.1,27.5,0.0,13.3,32.4,80,23.47,1009.3,ward_06_thiruvika_nagar,13.111,80.245,ECMWF_ERA5_Reanalysis
2018-02-23,28.6,19.8,24.7,31.7,22.6,27.4,0.0,11.6,30.2,90,22.97,1010.0,ward_06_thiruvika_nagar,13.111,80.245,ECMWF_ERA5_Reanalysis
2018-02-24,28.8,22.1,25.7,32.0,24.9,28.2,0.0,16.4,36.0,75,23.04,1011.5,ward_06_thiruvika_nagar,13.111,80.245,ECMWF_ERA5_Reanalysis
2018-02-25,30.4,22.6,26.0,33.0,25.8,28.7,0.0,17.8,40.0,47,23.98,1011.5,ward_06_thiruvika_nagar,13.111,80.245,ECMWF_ERA5_Reanalysis
2018-02-26,30.8,21.3,25.9,33.6,25.0,28.7,0.0,17.8,39.2,55,24.18,1010.4,ward_06_thiruvika_nagar,13.111,80.245,ECMWF_ERA5_Reanalysis
2018-02-27,30.5,20.7,25.7,34.0,24.0,28.9,0.0,14.9,35.3,73,24.51,1009.9,ward_06_thiruvika_nagar,13.111,80.245,ECMWF_ERA5_Reanalysis
2018-02-28,29.9,21.0,25.4,34.5,24.0,29.1,0.0,14.0,34.2,89,23.99,1009.7,ward_06_thiruvika_nagar,13.111,80.245,ECMWF_ERA5_Reanalysis
2018-03-01,31.1,22.0,25.9,34.8,25.9,29.7,0.0,13.6,33.5,112,23.98,1009.3,ward_06_thiruvika_nagar,13.111,80.245,ECMWF_ERA5_Reanalysis
2018-03-02,31.3,22.2,26.0,34.0,25.8,29.3,0.0,11.8,30.6,118,24.87,1009.0,ward_06_thiruvika_nagar,13.111,80.245,ECMWF_ERA5_Reanalysis
2018-03-03,31.0,21.0,25.3,33.6,24.2,27.9,0.0,14.3,34.2,160,24.68,1008.4,ward_06_thiruvika_nagar,13.111,80.245,ECMWF_ERA5_Reanalysis
2018-03-04,30.9,20.3,25.2,33.6,22.7,27.8,0.0,17.6,38.9,164,25.21,1008.3,ward_06_thiruvika_nagar,13.111,80.245,ECMWF_ERA5_Reanalysis
2018-03-05,29.4,19.9,24.4,32.7,22.6,27.4,0.0,14.6,34.6,139,24.77,1009.3,ward_06_thiruvika_nagar,13.111,80.245,ECMWF_ERA5_Reanalysis
2018-03-06,29.6,21.7,25.6,33.6,25.3,29.0,0.0,14.4,33.1,128,24.15,1010.1,ward_06_thiruvika_nagar,13.111,80.245,ECMWF_ERA5_Reanalysis
2018-03-07,30.5,21.4,25.6,34.0,25.1,29.0,0.0,12.6,30.2,122,24.83,1009.8,ward_06_thiruvika_nagar,13.111,80.245,ECMWF_ERA5_Reanalysis
2018-03-08,31.1,20.1,25.2,34.2,23.0,28.5,0.0,12.4,30.6,90,24.72,1009.8,ward_06_thiruvika_nagar,13.111,80.245,ECMWF_ERA5_Reanalysis
2018-03-09,30.3,22.0,26.5,34.4,25.9,30.3,0.0,15.3,36.4,70,23.95,1010.0,ward_06_thiruvika_nagar,13.111,80.245,ECMWF_ERA5_Reanalysis
2018-03-10,30.8,22.5,26.6,35.1,26.7,30.8,0.0,13.0,32.0,84,23.76,1009.9,ward_06_thiruvika_nagar,13.111,80.245,ECMWF_ERA5_Reanalysis
2018-03-11,29.7,23.2,26.4,33.9,27.9,30.7,0.0,13.0,32.0,92,23.88,1010.3,ward_06_thiruvika_nagar,13.111,80.245,ECMWF_ERA5_Reanalysis
2018-03-12,30.7,24.2,27.3,35.8,28.5,31.6,0.1,15.2,35.3,94,23.73,1010.8,ward_06_thiruvika_nagar,13.111,80.245,ECMWF_ERA5_Reanalysis
2018-03-13,30.9,25.8,27.9,36.0,30.5,32.2,0.6,17.0,38.5,87,20.07,1010.0,ward_06_thiruvika_nagar,13.111,80.245,ECMWF_ERA5_Reanalysis
2018-03-14,31.3,25.3,28.0,35.9,30.7,32.6,0.2,16.8,38.5,138,22.79,1009.2,ward_06_thiruvika_nagar,13.111,80.245,ECMWF_ERA5_Reanalysis
2018-03-15,31.4,24.6,27.9,35.3,30.1,32.1,0.0,22.5,47.5,159,23.54,1008.6,ward_06_thiruvika_nagar,13.111,80.245,ECMWF_ERA5_Reanalysis
2018-03-16,31.1,25.8,28.1,35.1,30.8,32.4,2.3,21.9,45.7,159,19.97,1007.5,ward_06_thiruvika_nagar,13.111,80.245,ECMWF_ERA5_Reanalysis
2018-03-17,28.5,25.4,27.0,31.9,29.6,30.9,5.0,17.7,32.4,109,8.69,1009.0,ward_06_thiruvika_nagar,13.111,80.245,ECMWF_ERA5_Reanalysis
2018-03-18,30.7,25.0,27.6,34.4,29.3,30.9,0.0,16.1,36.7,106,23.03,1009.7,ward_06_thiruvika_nagar,13.111,80.245,ECMWF_ERA5_Reanalysis
2018-03-19,30.6,24.8,27.4,34.4,28.6,30.8,0.0,14.3,34.6,128,24.8,1011.0,ward_06_thiruvika_nagar,13.111,80.245,ECMWF_ERA5_Reanalysis
2018-03-20,31.1,22.7,26.7,34.8,26.6,30.5,0.0,16.0,35.6,144,25.1,1009.8,ward_06_thiruvika_nagar,13.111,80.245,ECMWF_ERA5_Reanalysis
2018-03-21,32.6,23.4,27.5,37.4,27.4,31.3,0.0,21.3,45.7,173,24.72,1008.4,ward_06_thiruvika_nagar,13.111,80.245,ECMWF_ERA5_Reanalysis
2018-03-22,33.2,23.9,28.1,38.9,28.1,32.3,0.0,22.4,47.9,173,22.76,1006.3,ward_06_thiruvika_nagar,13.111,80.245,ECMWF_ERA5_Reanalysis
2018-03-23,33.0,24.8,28.5,38.5,29.5,33.1,0.0,23.7,50.0,167,23.07,1006.3,ward_06_thiruvika_nagar,13.111,80.245,ECMWF_ERA5_Reanalysis
2018-03-24,32.1,25.4,28.3,37.1,30.9,32.7,0.0,22.9,49.3,160,22.62,1008.4,ward_06_thiruvika_nagar,13.111,80.245,ECMWF_ERA5_Reanalysis
2018-03-25,31.0,25.4,27.8,35.6,30.4,32.0,0.0,15.3,36.0,136,24.89,1010.7,ward_06_thiruvika_nagar,13.111,80.245,ECMWF_ERA5_Reanalysis
2018-03-26,31.2,24.5,27.5,35.7,28.9,31.7,0.0,15.8,36.0,129,24.89,1011.0,ward_06_thiruvika_nagar,13.111,80.245,ECMWF_ERA5_Reanalysis
2018-03-27,32.0,24.8,28.1,37.0,29.8,32.4,0.0,22.6,47.9,160,24.42,1009.3,ward_06_thiruvika_nagar,13.111,80.245,ECMWF_ERA5_Reanalysis
2018-03-28,32.8,26.0,28.8,37.7,31.0,33.1,0.6,26.8,54.7,168,23.92,1008.1,ward_06_thiruvika_nagar,13.111,80.245,ECMWF_ERA5_Reanalysis
2018-03-29,33.5,26.4,29.0,38.4,31.2,33.2,0.0,27.1,55.4,171,24.72,1007.5,ward_06_thiruvika_nagar,13.111,80.245,ECMWF_ERA5_Reanalysis
2018-03-30,33.1,25.9,28.8,38.0,31.1,33.1,0.4,27.1,55.4,169,23.28,1007.1,ward_06_thiruvika_nagar,13.111,80.245,ECMWF_ERA5_Reanalysis
2018-03-31,32.9,26.2,28.8,37.5,30.9,33.2,1.5,24.9,54.4,168,21.79,1006.7,ward_06_thiruvika_nagar,13.111,80.245,ECMWF_ERA5_Reanalysis
2018-04-01,31.5,26.4,28.6,36.4,32.1,33.4,1.4,23.8,49.0,157,23.74,1006.9,ward_06_thiruvika_nagar,13.111,80.245,ECMWF_ERA5_Reanalysis
2018-04-02,31.6,26.5,28.6,36.8,32.1,33.3,0.7,22.9,48.2,156,22.29,1007.9,ward_06_thiruvika_nagar,13.111,80.245,ECMWF_ERA5_Reanalysis
2018-04-03,31.4,26.2,28.3,36.5,31.6,33.1,0.1,20.4,44.6,154,23.06,1007.5,ward_06_thiruvika_nagar,13.111,80.245,ECMWF_ERA5_Reanalysis
2018-04-04,31.7,25.5,28.2,35.7,30.8,32.6,0.0,21.4,45.7,161,25.23,1006.2,ward_06_thiruvika_nagar,13.111,80.245,ECMWF_ERA5_Reanalysis
2018-04-05,31.7,25.0,28.3,35.4,30.5,32.2,0.0,21.7,46.1,154,25.01,1005.8,ward_06_thiruvika_nagar,13.111,80.245,ECMWF_ERA5_Reanalysis
2018-04-06,31.7,25.5,28.4,35.4,30.4,32.5,0.0,21.3,44.6,161,24.77,1006.4,ward_06_thiruvika_nagar,13.111,80.245,ECMWF_ERA5_Reanalysis
2018-04-07,31.9,26.0,28.7,36.9,31.3,33.3,0.1,18.4,41.4,150,24.76,1007.7,ward_06_thiruvika_nagar,13.111,80.245,ECMWF_ERA5_Reanalysis
2018-04-08,30.8,25.8,28.4,35.8,31.7,33.0,0.9,19.2,40.3,106,22.01,1008.7,ward_06_thiruvika_nagar,13.111,80.245,ECMWF_ERA5_Reanalysis
2018-04-09,31.8,26.6,28.9,36.3,31.4,33.0,0.2,16.6,37.1,97,25.37,1008.8,ward_06_thiruvika_nagar,13.111,80.245,ECMWF_ERA5_Reanalysis
2018-04-10,32.1,25.5,29.0,36.7,30.4,33.3,0.2,19.5,41.8,97,24.34,1007.8,ward_06_thiruvika_nagar,13.111,80.245,ECMWF_ERA5_Reanalysis
2018-04-11,32.0,26.2,28.9,37.5,32.2,34.0,1.8,18.0,40.7,111,22.95,1007.7,ward_06_thiruvika_nagar,13.111,80.245,ECMWF_ERA5_Reanalysis
2018-04-12,32.5,26.5,29.3,38.0,32.4,34.2,0.4,19.2,42.5,129,24.7,1006.8,ward_06_thiruvika_nagar,13.111,80.245,ECMWF_ERA5_Reanalysis
2018-04-13,32.0,26.8,29.3,36.9,32.6,34.0,0.8,20.4,43.9,138,22.59,1007.5,ward_06_thiruvika_nagar,13.111,80.245,ECMWF_ERA5_Reanalysis
2018-04-14,32.6,26.7,29.3,38.3,31.4,34.1,0.5,20.6,45.4,151,22.52,1007.2,ward_06_thiruvika_nagar,13.111,80.245,ECMWF_ERA5_Reanalysis
2018-04-15,32.1,27.3,29.6,37.4,33.1,34.4,1.3,19.3,42.1,154,22.29,1007.5,ward_06_thiruvika_nagar,13.111,80.245,ECMWF_ERA5_Reanalysis
2018-04-16,32.9,27.5,29.8,38.3,33.6,35.1,0.9,18.1,40.3,149,23.23,1008.0,ward_06_thiruvika_nagar,13.111,80.245,ECMWF_ERA5_Reanalysis
2018-04-17,33.2,27.3,29.7,38.4,33.2,34.8,0.2,19.3,42.1,153,24.5,1008.7,ward_06_thiruvika_nagar,13.111,80.245,ECMWF_ERA5_Reanalysis
2018-04-18,33.6,26.2,29.7,38.7,31.5,34.1,0.0,26.1,54.0,169,25.1,1007.9,ward_06_thiruvika_nagar,13.111,80.245,ECMWF_ERA5_Reanalysis
2018-04-19,34.8,27.9,30.3,39.8,32.6,34.5,0.0,28.7,58.7,178,23.87,1006.0,ward_06_thiruvika_nagar,13.111,80.245,ECMWF_ERA5_Reanalysis
2018-04-20,34.7,27.9,30.6,39.0,32.7,34.9,0.0,27.9,56.9,174,24.67,1005.7,ward_06_thiruvika_nagar,13.111,80.245,ECMWF_ERA5_Reanalysis
2018-04-21,33.7,28.4,30.4,38.7,32.6,34.7,0.1,27.9,57.2,169,23.46,1005.9,ward_06_thiruvika_nagar,13.111,80.245,ECMWF_ERA5_Reanalysis
2018-04-22,34.1,27.2,30.0,38.6,32.1,34.5,0.0,26.3,56.2,171,24.06,1006.3,ward_06_thiruvika_nagar,13.111,80.245,ECMWF_ERA5_Reanalysis
2018-04-23,33.5,27.4,30.0,38.8,32.8,34.8,0.1,24.8,51.8,167,25.32,1006.4,ward_06_thiruvika_nagar,13.111,80.245,ECMWF_ERA5_Reanalysis
2018-04-24,33.7,27.1,29.9,38.3,32.4,34.1,0.0,26.1,55.1,170,24.35,1006.6,ward_06_thiruvika_nagar,13.111,80.245,ECMWF_ERA5_Reanalysis
2018-04-25,34.2,27.9,30.1,38.8,32.4,34.2,0.1,25.7,54.7,170,23.16,1005.9,ward_06_thiruvika_nagar,13.111,80.245,ECMWF_ERA5_Reanalysis
2018-04-26,34.1,27.6,30.2,39.0,32.6,34.7,0.1,25.8,54.0,167,24.97,1005.2,ward_06_thiruvika_nagar,13.111,80.245,ECMWF_ERA5_Reanalysis
2018-04-27,33.5,27.7,30.2,39.0,33.2,35.0,0.0,22.2,46.4,155,25.13,1006.7,ward_06_thiruvika_nagar,13.111,80.245,ECMWF_ERA5_Reanalysis
2018-04-28,33.1,27.5,29.9,37.9,33.4,34.8,0.3,21.3,46.1,156,25.22,1007.6,ward_06_thiruvika_nagar,13.111,80.245,ECMWF_ERA5_Reanalysis
2018-04-29,33.6,27.3,30.0,38.2,32.8,34.4,0.1,27.5,57.6,168,24.1,1006.0,ward_06_thiruvika_nagar,13.111,80.245,ECMWF_ERA5_Reanalysis
2018-04-30,34.9,28.1,30.7,39.7,32.9,34.9,0.0,29.2,59.8,174,24.83,1004.3,ward_06_thiruvika_nagar,13.111,80.245,ECMWF_ERA5_Reanalysis
2018-05-01,35.6,28.9,31.1,40.8,33.3,35.5,0.0,29.0,59.0,168,24.81,1005.2,ward_06_thiruvika_nagar,13.111,80.245,ECMWF_ERA5_Reanalysis
2018-05-02,34.9,28.8,30.9,41.0,33.6,35.7,0.1,26.4,56.9,165,24.31,1005.2,ward_06_thiruvika_nagar,13.111,80.245,ECMWF_ERA5_Reanalysis
2018-05-03,33.9,26.2,30.4,40.1,30.3,35.0,1.0,25.3,52.2,154,24.36,1006.3,ward_06_thiruvika_nagar,13.111,80.245,ECMWF_ERA5_Reanalysis
2018-05-04,33.0,27.3,29.9,37.9,33.1,34.9,1.0,20.0,43.9,155,22.15,1006.8,ward_06_thiruvika_nagar,13.111,80.245,ECMWF_ERA5_Reanalysis
2018-05-05,32.7,27.6,30.0,37.7,33.7,34.8,0.6,23.0,47.2,154,24.34,1007.5,ward_06_thiruvika_nagar,13.111,80.245,ECMWF_ERA5_Reanalysis
2018-05-06,33.4,27.6,30.1,38.7,33.1,35.0,0.4,21.7,46.8,167,24.22,1007.7,ward_06_thiruvika_nagar,13.111,80.245,ECMWF_ERA5_Reanalysis
2018-05-07,34.9,27.8,30.6,40.0,33.6,35.5,0.0,24.7,51.8,170,24.0,1006.1,ward_06_thiruvika_nagar,13.111,80.245,ECMWF_ERA5_Reanalysis
2018-05-08,34.5,28.6,30.6,39.4,32.8,35.1,0.0,25.5,51.8,176,18.7,1004.8,ward_06_thiruvika_nagar,13.111,80.245,ECMWF_ERA5_Reanalysis
2018-05-09,33.4,28.3,30.5,37.9,32.3,34.7,0.2,24.4,50.4,174,21.78,1005.5,ward_06_thiruvika_nagar,13.111,80.245,ECMWF_ERA5_Reanalysis
2018-05-10,32.8,28.0,30.2,37.9,32.6,34.6,0.6,22.7,50.0,173,21.84,1007.2,ward_06_thiruvika_nagar,13.111,80.245,ECMWF_ERA5_Reanalysis
2018-05-11,34.5,28.0,30.8,38.6,32.6,35.3,0.0,24.7,52.2,173,23.53,1006.0,ward_06_thiruvika_nagar,13.111,80.245,ECMWF_ERA5_Reanalysis
2018-05-12,34.2,28.4,30.8,39.7,33.0,35.5,0.1,23.8,50.8,169,24.11,1005.5,ward_06_thiruvika_nagar,13.111,80.245,ECMWF_ERA5_Reanalysis
2018-05-13,34.3,28.5,30.7,39.0,33.9,35.1,0.0,25.8,53.3,169,23.58,1005.5,ward_06_thiruvika_nagar,13.111,80.245,ECMWF_ERA5_Reanalysis
2018-05-14,33.8,27.7,30.2,38.8,33.4,35.0,0.0,23.4,49.0,160,23.71,1006.0,ward_06_thiruvika_nagar,13.111,80.245,ECMWF_ERA5_Reanalysis
2018-05-15,33.3,27.0,29.9,38.3,32.5,34.9,0.9,19.9,43.9,156,22.43,1005.4,ward_06_thiruvika_nagar,13.111,80.245,ECMWF_ERA5_Reanalysis
2018-05-16,33.3,27.6,30.0,38.5,33.5,34.9,0.0,22.1,46.1,160,22.33,1004.3,ward_06_thiruvika_nagar,13.111,80.245,ECMWF_ERA5_Reanalysis
2018-05-17,33.8,28.0,30.4,38.3,33.6,35.0,0.0,23.5,49.7,163,23.95,1004.4,ward_06_thiruvika_nagar,13.111,80.245,ECMWF_ERA5_Reanalysis
2018-05-18,34.2,27.5,30.4,39.1,31.9,35.0,0.0,22.7,49.0,172,22.27,1003.8,ward_06_thiruvika_nagar,13.111,80.245,ECMWF_ERA5_Reanalysis
2018-05-19,35.4,27.9,30.9,41.1,33.2,35.9,0.0,24.3,50.8,166,24.81,1003.2,ward_06_thiruvika_nagar,13.111,80.245,ECMWF_ERA5_Reanalysis
2018-05-20,34.7,28.1,30.9,40.5,32.8,35.6,0.0,22.2,47.9,162,24.68,1003.4,ward_06_thiruvika_nagar,13.111,80.245,ECMWF_ERA5_Reanalysis
2018-05-21,34.1,28.4,30.5,39.9,33.9,35.6,0.2,24.3,51.5,157,23.93,1003.9,ward_06_thiruvika_nagar,13.111,80.245,ECMWF_ERA5_Reanalysis
2018-05-22,33.6,28.1,30.3,39.8,33.8,35.9,0.3,19.7,42.5,140,22.99,1003.9,ward_06_thiruvika_nagar,13.111,80.245,ECMWF_ERA5_Reanalysis
2018-05-23,32.9,27.6,29.9,38.4,33.6,35.1,0.7,18.9,42.8,151,22.8,1003.6,ward_06_thiruvika_nagar,13.111,80.245,ECMWF_ERA5_Reanalysis
2018-05-24,33.1,27.1,30.0,38.3,32.5,35.0,0.3,17.7,36.4,134,22.68,1002.8,ward_06_thiruvika_nagar,13.111,80.245,ECMWF_ERA5_Reanalysis
2018-05-25,32.7,26.7,29.7,37.9,32.0,35.2,2.0,15.9,36.4,145,20.19,1002.4,ward_06_thiruvika_nagar,13.111,80.245,ECMWF_ERA5_Reanalysis
2018-05-26,32.7,27.0,30.0,37.9,33.0,35.3,0.0,19.9,42.5,150,22.89,1002.3,ward_06_thiruvika_nagar,13.111,80.245,ECMWF_ERA5_Reanalysis
2018-05-27,32.9,27.2,30.1,38.3,32.8,35.2,0.9,21.3,43.6,157,22.22,1002.1,ward_06_thiruvika_nagar,13.111,80.245,ECMWF_ERA5_Reanalysis
2018-05-28,33.7,28.2,30.6,38.4,34.0,35.3,0.0,23.0,46.8,172,17.29,1000.4,ward_06_thiruvika_nagar,13.111,80.245,ECMWF_ERA5_Reanalysis
2018-05-29,37.3,28.8,32.5,42.8,33.5,37.4,0.0,24.5,49.3,184,23.72,998.7,ward_06_thiruvika_nagar,13.111,80.245,ECMWF_ERA5_Reanalysis
2018-05-30,37.6,29.6,32.4,43.9,33.1,36.7,0.0,23.6,47.5,184,24.13,999.7,ward_06_thiruvika_nagar,13.111,80.245,ECMWF_ERA5_Reanalysis
2018-05-31,37.2,28.5,32.0,42.7,34.5,37.4,0.0,19.1,42.8,156,24.53,1001.5,ward_06_thiruvika_nagar,13.111,80.245,ECMWF_ERA5_Reanalysis
2018-06-01,35.2,28.7,31.3,42.1,35.1,37.3,0.0,18.4,41.8,154,23.86,1002.8,ward_06_thiruvika_nagar,13.111,80.245,ECMWF_ERA5_Reanalysis
2018-06-02,34.7,27.3,30.4,40.7,31.6,36.1,1.6,15.8,40.7,179,22.91,1003.3,ward_06_thiruvika_nagar,13.111,80.245,ECMWF_ERA5_Reanalysis
2018-06-03,34.3,27.3,30.2,40.8,32.3,35.4,4.1,16.2,38.2,184,22.11,1002.3,ward_06_thiruvika_nagar,13.111,80.245,ECMWF_ERA5_Reanalysis
2018-06-04,34.4,28.5,31.2,40.2,32.2,35.9,0.0,18.6,38.9,180,22.66,1001.2,ward_06_thiruvika_nagar,13.111,80.245,ECMWF_ERA5_Reanalysis
2018-06-05,36.4,28.9,31.3,42.4,33.1,36.1,0.6,22.0,44.6,184,21.24,1001.8,ward_06_thiruvika_nagar,13.111,80.245,ECMWF_ERA5_Reanalysis
2018-06-06,35.7,28.0,31.1,42.0,32.4,36.2,3.8,22.1,46.4,195,21.16,1003.5,ward_06_thiruvika_nagar,13.111,80.245,ECMWF_ERA5_Reanalysis
2018-06-07,36.9,27.2,31.0,40.3,32.4,35.3,1.4,23.4,43.9,212,17.98,1002.4,ward_06_thiruvika_nagar,13.111,80.245,ECMWF_ERA5_Reanalysis
2018-06-08,37.6,28.8,32.3,38.5,31.3,34.3,0.0,33.2,60.5,241,15.71,1000.6,ward_06_thiruvika_nagar,13.111,80.245,ECMWF_ERA5_Reanalysis
2018-06-09,37.7,29.3,32.7,38.6,31.1,33.9,0.4,34.1,67.0,242,20.03,999.3,ward_06_thiruvika_nagar,13.111,80.245,ECMWF_ERA5_Reanalysis
2018-06-10,36.8,28.8,33.0,38.9,30.6,34.6,0.0,24.6,64.4,243,18.98,1000.5,ward_06_thiruvika_nagar,13.111,80.245,ECMWF_ERA5_Reanalysis
2018-06-11,36.3,29.4,32.0,38.4,31.4,34.5,3.6,25.4,52.2,239,17.52,1001.4,ward_06_thiruvika_nagar,13.111,80.245,ECMWF_ERA5_Reanalysis
2018-06-12,36.4,29.5,32.4,38.6,31.0,34.9,1.8,22.6,48.6,237,16.8,1001.5,ward_06_thiruvika_nagar,13.111,80.245,ECMWF_ERA5_Reanalysis
2018-06-13,36.4,29.1,31.8,38.3,30.9,34.9,0.0,19.7,44.6,221,17.66,1002.2,ward_06_thiruvika_nagar,13.111,80.245,ECMWF_ERA5_Reanalysis
2018-06-14,37.1,29.2,32.3,40.4,31.7,35.3,1.9,18.9,42.8,233,21.44,1002.7,ward_06_thiruvika_nagar,13.111,80.245,ECMWF_ERA5_Reanalysis
2018-06-15,36.8,29.5,32.0,42.2,31.9,35.8,1.6,21.7,45.0,216,22.26,1003.2,ward_06_thiruvika_nagar,13.111,80.245,ECMWF_ERA5_Reanalysis
2018-06-16,36.0,28.0,30.9,41.7,31.7,35.0,1.1,23.4,42.1,204,20.75,1004.3,ward_06_thiruvika_nagar,13.111,80.245,ECMWF_ERA5_Reanalysis
2018-06-17,38.6,28.5,32.1,42.9,31.0,34.7,0.1,21.7,42.8,235,21.73,1003.9,ward_06_thiruvika_nagar,13.111,80.245,ECMWF_ERA5_Reanalysis
2018-06-18,37.7,29.0,32.2,40.0,31.3,34.8,0.0,24.4,46.4,230,22.64,1003.4,ward_06_thiruvika_nagar,13.111,80.245,ECMWF_ERA5_Reanalysis
2018-06-19,36.3,29.1,31.3,39.1,30.7,33.8,0.5,30.5,59.4,204,23.42,1002.8,ward_06_thiruvika_nagar,13.111,80.245,ECMWF_ERA5_Reanalysis
2018-06-20,36.2,28.7,31.3,40.4,31.2,34.6,0.0,27.6,55.4,198,23.3,1002.5,ward_06_thiruvika_nagar,13.111,80.245,ECMWF_ERA5_Reanalysis
2018-06-21,35.5,28.8,31.4,40.1,31.3,34.7,0.7,28.1,56.2,205,22.79,1002.2,ward_06_thiruvika_nagar,13.111,80.245,ECMWF_ERA5_Reanalysis
2018-06-22,36.6,28.9,31.2,39.3,30.3,33.8,0.1,27.2,54.0,209,18.01,1002.0,ward_06_thiruvika_nagar,13.111,80.245,ECMWF_ERA5_Reanalysis
2018-06-23,35.5,26.1,30.6,39.1,31.6,34.1,16.1,24.6,46.4,207,19.88,1002.3,ward_06_thiruvika_nagar,13.111,80.245,ECMWF_ERA5_Reanalysis
2018-06-24,34.8,26.4,29.7,38.5,31.0,33.6,4.4,26.6,54.4,201,18.29,1003.3,ward_06_thiruvika_nagar,13.111,80.245,ECMWF_ERA5_Reanalysis
2018-06-25,35.2,26.2,29.9,38.4,31.9,34.2,2.6,22.4,44.6,207,17.31,1002.6,ward_06_thiruvika_nagar,13.111,80.245,ECMWF_ERA5_Reanalysis
2018-06-26,37.7,28.2,31.5,40.0,30.5,34.1,0.1,26.3,47.9,238,21.55,1001.5,ward_06_thiruvika_nagar,13.111,80.245,ECMWF_ERA5_Reanalysis
2018-06-27,36.4,28.1,30.5,39.1,30.3,33.5,6.7,18.3,44.3,225,16.34,1001.1,ward_06_thiruvika_nagar,13.111,80.245,ECMWF_ERA5_Reanalysis
2018-06-28,34.2,27.5,30.2,36.2,30.8,33.4,0.7,22.0,41.0,221,16.55,1002.4,ward_06_thiruvika_nagar,13.111,80.245,ECMWF_ERA5_Reanalysis
2018-06-29,33.9,27.2,29.8,38.4,31.1,34.1,3.1,19.0,39.6,178,19.0,1002.9,ward_06_thiruvika_nagar,13.111,80.245,ECMWF_ERA5_Reanalysis
2018-06-30,31.7,26.4,29.0,36.5,30.2,33.5,0.2,15.6,30.6,163,15.6,1004.0,ward_06_thiruvika_nagar,13.111,80.245,ECMWF_ERA5_Reanalysis
2018-07-01,31.8,26.1,28.9,37.5,31.3,34.1,5.1,14.0,32.4,178,18.04,1004.5,ward_06_thiruvika_nagar,13.111,80.245,ECMWF_ERA5_Reanalysis
2018-07-02,32.2,24.8,28.0,38.6,29.6,33.0,37.3,22.2,44.6,189,20.5,1004.1,ward_06_thiruvika_nagar,13.111,80.245,ECMWF_ERA5_Reanalysis
2018-07-03,33.4,24.9,28.6,37.8,28.2,32.7,1.9,17.4,36.4,235,23.84,1004.3,ward_06_thiruvika_nagar,13.111,80.245,ECMWF_ERA5_Reanalysis
2018-07-04,34.6,26.9,29.9,39.6,31.5,34.3,0.5,19.1,38.9,218,21.5,1004.6,ward_06_thiruvika_nagar,13.111,80.245,ECMWF_ERA5_Reanalysis
2018-07-05,34.7,27.4,30.2,40.0,30.8,34.1,0.3,20.2,38.9,216,23.51,1004.0,ward_06_thiruvika_nagar,13.111,80.245,ECMWF_ERA5_Reanalysis
2018-07-06,35.2,26.8,30.1,37.2,29.5,33.2,3.6,21.1,42.8,256,16.28,1002.8,ward_06_thiruvika_nagar,13.111,80.245,ECMWF_ERA5_Reanalysis
2018-07-07,30.9,27.3,29.2,33.4,30.5,31.8,0.4,21.3,41.0,246,8.43,1001.5,ward_06_thiruvika_nagar,13.111,80.245,ECMWF_ERA5_Reanalysis
2018-07-08,34.8,28.1,30.9,37.3,30.1,33.0,0.3,21.3,47.5,256,13.61,1000.9,ward_06_thiruvika_nagar,13.111,80.245,ECMWF_ERA5_Reanalysis
2018-07-09,34.6,27.5,30.3,36.9,30.5,33.3,0.3,19.8,48.6,229,16.11,1000.8,ward_06_thiruvika_nagar,13.111,80.245,ECMWF_ERA5_Reanalysis
2018-07-10,35.2,27.5,30.2,37.9,30.1,33.2,0.1,21.6,49.7,231,18.79,1002.3,ward_06_thiruvika_nagar,13.111,80.245,ECMWF_ERA5_Reanalysis
2018-07-11,34.9,27.6,29.9,37.5,29.9,32.6,3.5,21.8,45.4,246,15.27,1002.6,ward_06_thiruvika_nagar,13.111,80.245,ECMWF_ERA5_Reanalysis
2018-07-12,35.2,27.6,30.5,36.5,29.0,32.6,0.1,26.8,51.8,251,16.09,1001.8,ward_06_thiruvika_nagar,13.111,80.245,ECMWF_ERA5_Reanalysis
2018-07-13,36.5,28.2,30.4,39.0,30.1,33.1,1.1,23.8,51.1,261,16.17,1001.4,ward_06_thiruvika_nagar,13.111,80.245,ECMWF_ERA5_Reanalysis
2018-07-14,35.4,28.2,31.0,37.1,29.3,32.9,0.1,22.6,47.2,253,16.01,1000.5,ward_06_thiruvika_nagar,13.111,80.245,ECMWF_ERA5_Reanalysis
2018-07-15,35.2,28.9,31.5,35.7,30.3,33.0,0.0,26.0,50.0,244,12.56,999.7,ward_06_thiruvika_nagar,13.111,80.245,ECMWF_ERA5_Reanalysis
2018-07-16,37.0,28.6,32.3,37.3,29.5,33.3,0.1,28.2,62.6,249,18.32,1000.3,ward_06_thiruvika_nagar,13.111,80.245,ECMWF_ERA5_Reanalysis
2018-07-17,37.5,28.8,32.1,38.1,29.7,33.4,0.1,26.2,55.8,249,20.63,1001.0,ward_06_thiruvika_nagar,13.111,80.245,ECMWF_ERA5_Reanalysis
2018-07-18,37.7,28.8,32.4,39.0,30.4,33.9,0.0,23.1,53.6,259,18.49,1001.4,ward_06_thiruvika_nagar,13.111,80.245,ECMWF_ERA5_Reanalysis
2018-07-19,36.4,29.3,32.2,38.9,31.0,34.0,0.4,25.3,54.0,257,21.49,1001.5,ward_06_thiruvika_nagar,13.111,80.245,ECMWF_ERA5_Reanalysis
2018-07-20,35.9,28.9,31.8,36.7,30.3,33.4,0.0,24.8,49.0,251,13.31,1001.8,ward_06_thiruvika_nagar,13.111,80.245,ECMWF_ERA5_Reanalysis
2018-07-21,36.7,29.4,31.9,37.2,30.9,33.4,0.0,25.9,51.5,248,14.63,1002.8,ward_06_thiruvika_nagar,13.111,80.245,ECMWF_ERA5_Reanalysis
2018-07-22,36.8,28.7,31.5,37.5,30.1,33.5,0.0,23.5,47.5,248,16.86,1002.5,ward_06_thiruvika_nagar,13.111,80.245,ECMWF_ERA5_Reanalysis
2018-07-23,37.1,28.7,31.7,39.5,30.4,34.3,0.2,21.2,49.7,246,21.35,1002.5,ward_06_thiruvika_nagar,13.111,80.245,ECMWF_ERA5_Reanalysis
2018-07-24,35.9,28.1,31.1,40.1,31.3,34.6,1.0,18.4,42.8,220,20.6,1003.8,ward_06_thiruvika_nagar,13.111,80.245,ECMWF_ERA5_Reanalysis
2018-07-25,36.0,27.9,30.6,40.0,31.2,34.1,0.5,17.4,38.5,219,18.1,1004.0,ward_06_thiruvika_nagar,13.111,80.245,ECMWF_ERA5_Reanalysis
2018-07-26,35.2,26.1,29.9,40.7,30.3,34.3,7.5,17.8,48.6,200,19.68,1004.6,ward_06_thiruvika_nagar,13.111,80.245,ECMWF_ERA5_Reanalysis
2018-07-27,34.5,26.1,29.4,39.3,30.3,33.4,3.9,20.3,40.3,203,19.29,1004.5,ward_06_thiruvika_nagar,13.111,80.245,ECMWF_ERA5_Reanalysis
2018-07-28,35.1,27.1,30.0,39.1,30.4,33.5,0.6,23.8,46.1,206,21.77,1003.6,ward_06_thiruvika_nagar,13.111,80.245,ECMWF_ERA5_Reanalysis
2018-07-29,35.9,24.5,30.1,39.9,27.7,33.8,3.9,21.1,41.4,204,21.54,1002.5,ward_06_thiruvika_nagar,13.111,80.245,ECMWF_ERA5_Reanalysis
2018-07-30,35.3,27.5,30.6,40.1,29.7,34.5,0.4,23.8,43.6,203,19.54,1002.3,ward_06_thiruvika_nagar,13.111,80.245,ECMWF_ERA5_Reanalysis
2018-07-31,35.0,27.7,30.3,38.3,31.0,33.9,1.4,19.9,44.6,225,20.64,1003.2,ward_06_thiruvika_nagar,13.111,80.245,ECMWF_ERA5_Reanalysis
2018-08-01,35.5,28.0,30.2,40.1,29.8,33.8,2.0,18.5,47.9,226,20.63,1004.3,ward_06_thiruvika_nagar,13.111,80.245,ECMWF_ERA5_Reanalysis
2018-08-02,35.7,28.1,30.3,40.2,30.7,33.7,0.4,21.3,46.4,212,19.88,1005.1,ward_06_thiruvika_nagar,13.111,80.245,ECMWF_ERA5_Reanalysis
2018-08-03,36.2,26.6,30.2,38.6,29.9,33.6,0.7,18.4,44.6,234,17.76,1005.4,ward_06_thiruvika_nagar,13.111,80.245,ECMWF_ERA5_Reanalysis
2018-08-04,35.9,26.1,29.9,40.5,30.3,33.4,2.0,19.9,46.1,220,19.5,1004.9,ward_06_thiruvika_nagar,13.111,80.245,ECMWF_ERA5_Reanalysis
2018-08-05,35.5,26.1,29.7,38.9,30.2,33.3,0.9,21.5,44.3,235,20.71,1005.0,ward_06_thiruvika_nagar,13.111,80.245,ECMWF_ERA5_Reanalysis
2018-08-06,36.7,27.6,30.7,38.0,29.8,33.1,0.0,25.2,52.2,256,17.52,1003.0,ward_06_thiruvika_nagar,13.111,80.245,ECMWF_ERA5_Reanalysis
2018-08-07,34.4,27.7,30.3,35.7,29.4,32.1,0.7,22.5,44.6,250,13.46,1002.1,ward_06_thiruvika_nagar,13.111,80.245,ECMWF_ERA5_Reanalysis
2018-08-08,35.6,26.9,30.2,38.0,29.4,32.8,0.5,20.2,48.2,242,18.06,1002.1,ward_06_thiruvika_nagar,13.111,80.245,ECMWF_ERA5_Reanalysis
2018-08-09,35.6,25.9,29.4,40.4,29.7,33.7,4.2,14.6,47.9,223,20.57,1004.2,ward_06_thiruvika_nagar,13.111,80.245,ECMWF_ERA5_Reanalysis
2018-08-10,34.2,25.7,28.6,36.8,29.8,32.1,6.0,17.5,40.0,250,11.85,1005.3,ward_06_thiruvika_nagar,13.111,80.245,ECMWF_ERA5_Reanalysis
2018-08-11,27.8,24.7,25.9,32.1,27.6,29.3,14.2,20.6,37.1,253,5.09,1004.2,ward_06_thiruvika_nagar,13.111,80.245,ECMWF_ERA5_Reanalysis
2018-08-12,32.2,26.4,28.9,33.4,27.9,30.8,0.0,26.5,60.1,265,12.01,1002.6,ward_06_thiruvika_nagar,13.111,80.245,ECMWF_ERA5_Reanalysis
2018-08-13,34.1,25.7,28.9,35.1,28.1,31.3,0.0,25.2,49.3,246,13.0,1002.6,ward_06_thiruvika_nagar,13.111,80.245,ECMWF_ERA5_Reanalysis
2018-08-14,28.5,25.6,27.0,31.9,28.4,30.0,19.6,20.3,53.6,231,7.86,1002.0,ward_06_thiruvika_nagar,13.111,80.245,ECMWF_ERA5_Reanalysis
2018-08-15,29.3,24.9,26.2,33.8,28.1,30.0,20.2,19.1,53.3,222,6.28,1001.3,ward_06_thiruvika_nagar,13.111,80.245,ECMWF_ERA5_Reanalysis
2018-08-16,33.6,26.4,29.2,35.9,28.5,31.8,0.5,26.6,63.0,241,19.71,1000.9,ward_06_thiruvika_nagar,13.111,80.245,ECMWF_ERA5_Reanalysis
2018-08-17,34.7,26.4,29.4,38.8,28.4,32.9,0.8,23.3,51.8,226,19.62,1000.7,ward_06_thiruvika_nagar,13.111,80.245,ECMWF_ERA5_Reanalysis
2018-08-18,35.2,27.1,30.2,37.5,28.5,32.6,0.8,24.6,50.8,265,18.06,1000.8,ward_06_thiruvika_nagar,13.111,80.245,ECMWF_ERA5_Reanalysis
2018-08-19,34.2,27.9,30.1,37.3,29.2,32.6,0.2,25.0,51.8,274,17.33,1000.9,ward_06_thiruvika_nagar,13.111,80.245,ECMWF_ERA5_Reanalysis
2018-08-20,34.6,28.0,30.4,37.2,29.1,32.6,0.3,26.4,51.1,260,15.59,1001.9,ward_06_thiruvika_nagar,13.111,80.245,ECMWF_ERA5_Reanalysis
2018-08-21,35.5,27.3,30.1,40.2,29.1,33.2,0.0,18.7,44.6,228,22.19,1003.4,ward_06_thiruvika_nagar,13.111,80.245,ECMWF_ERA5_Reanalysis
2018-08-22,35.0,27.8,30.0,40.1,30.0,33.6,1.3,17.6,36.0,239,22.18,1004.3,ward_06_thiruvika_nagar,13.111,80.245,ECMWF_ERA5_Reanalysis
2018-08-23,34.8,25.9,29.7,39.7,29.7,33.7,7.0,17.6,43.9,223,21.96,1004.7,ward_06_thiruvika_nagar,13.111,80.245,ECMWF_ERA5_Reanalysis
2018-08-24,33.0,24.6,28.5,35.9,28.3,32.5,3.2,19.4,34.9,228,13.85,1004.8,ward_06_thiruvika_nagar,13.111,80.245,ECMWF_ERA5_Reanalysis
2018-08-25,31.2,25.5,28.6,35.4,29.2,32.5,0.1,17.8,34.9,212,8.72,1004.0,ward_06_thiruvika_nagar,13.111,80.245,ECMWF_ERA5_Reanalysis
2018-08-26,34.3,25.6,29.2,39.3,30.0,33.2,1.1,16.5,31.3,224,17.83,1003.0,ward_06_thiruvika_nagar,13.111,80.245,ECMWF_ERA5_Reanalysis
2018-08-27,33.7,25.3,28.7,37.5,28.6,32.4,11.9,19.5,39.2,251,15.3,1003.5,ward_06_thiruvika_nagar,13.111,80.245,ECMWF_ERA5_Reanalysis
2018-08-28,33.1,25.1,28.5,38.2,29.8,32.5,0.5,20.4,39.6,209,18.66,1003.8,ward_06_thiruvika_nagar,13.111,80.245,ECMWF_ERA5_Reanalysis
2018-08-29,33.3,25.4,28.7,40.3,29.2,33.1,1.5,16.6,34.9,201,23.12,1004.9,ward_06_thiruvika_nagar,13.111,80.245,ECMWF_ERA5_Reanalysis
2018-08-30,33.9,26.6,29.4,39.2,31.2,33.6,3.7,19.9,40.0,222,21.3,1004.0,ward_06_thiruvika_nagar,13.111,80.245,ECMWF_ERA5_Reanalysis
2018-08-31,31.7,24.7,27.5,35.6,29.0,31.8,8.2,14.9,40.7,224,15.39,1005.1,ward_06_thiruvika_nagar,13.111,80.245,ECMWF_ERA5_Reanalysis
2018-09-01,32.0,24.8,28.1,36.3,28.5,32.3,0.3,15.8,32.0,214,14.11,1005.6,ward_06_thiruvika_nagar,13.111,80.245,ECMWF_ERA5_Reanalysis
2018-09-02,33.0,26.7,28.8,40.3,31.7,34.4,2.8,13.2,32.4,186,21.88,1005.9,ward_06_thiruvika_nagar,13.111,80.245,ECMWF_ERA5_Reanalysis
2018-09-03,32.0,26.5,28.7,39.1,31.6,34.0,0.7,14.3,40.0,174,20.57,1005.9,ward_06_thiruvika_nagar,13.111,80.245,ECMWF_ERA5_Reanalysis
2018-09-04,32.7,26.7,29.1,40.7,31.3,34.4,2.7,15.3,28.4,194,21.94,1006.2,ward_06_thiruvika_nagar,13.111,80.245,ECMWF_ERA5_Reanalysis
2018-09-05,32.3,25.6,28.8,38.8,30.5,34.2,2.5,15.0,37.4,184,19.52,1005.6,ward_06_thiruvika_nagar,13.111,80.245,ECMWF_ERA5_Reanalysis
2018-09-06,34.2,26.4,29.5,39.1,31.4,34.0,0.3,21.3,41.4,185,22.33,1003.8,ward_06_thiruvika_nagar,13.111,80.245,ECMWF_ERA5_Reanalysis
2018-09-07,35.2,26.6,29.7,40.1,30.4,33.6,0.4,20.7,42.5,202,24.2,1004.4,ward_06_thiruvika_nagar,13.111,80.245,ECMWF_ERA5_Reanalysis
2018-09-08,32.8,27.1,29.5,38.0,31.2,33.8,0.3,14.8,36.7,152,22.28,1005.3,ward_06_thiruvika_nagar,13.111,80.245,ECMWF_ERA5_Reanalysis
2018-09-09,32.8,26.2,29.2,37.9,31.3,33.7,0.4,17.3,36.7,183,21.47,1006.3,ward_06_thiruvika_nagar,13.111,80.245,ECMWF_ERA5_Reanalysis
2018-09-10,32.1,26.7,28.8,38.0,31.7,33.9,3.6,18.8,39.6,175,20.02,1008.5,ward_06_thiruvika_nagar,13.111,80.245,ECMWF_ERA5_Reanalysis
2018-09-11,32.2,26.5,28.9,38.3,31.0,33.8,0.2,21.9,45.7,176,23.85,1008.8,ward_06_thiruvika_nagar,13.111,80.245,ECMWF_ERA5_Reanalysis
2018-09-12,31.7,26.1,28.7,38.2,31.6,33.9,2.0,20.0,41.4,177,22.64,1007.4,ward_06_thiruvika_nagar,13.111,80.245,ECMWF_ERA5_Reanalysis
2018-09-13,33.6,26.0,29.1,38.8,30.1,33.8,5.8,19.1,41.0,189,23.72,1006.1,ward_06_thiruvika_nagar,13.111,80.245,ECMWF_ERA5_Reanalysis
2018-09-14,34.0,26.1,29.1,39.9,31.0,34.2,1.4,16.8,34.9,196,22.24,1006.3,ward_06_thiruvika_nagar,13.111,80.245,ECMWF_ERA5_Reanalysis
2018-09-15,33.9,25.2,29.0,40.8,29.7,34.2,2.6,16.4,37.1,197,24.27,1006.3,ward_06_thiruvika_nagar,13.111,80.245,ECMWF_ERA5_Reanalysis
2018-09-16,34.5,25.1,28.0,40.1,28.0,32.3,13.1,19.4,36.0,272,14.5,1005.1,ward_06_thiruvika_nagar,13.111,80.245,ECMWF_ERA5_Reanalysis
2018-09-17,30.6,24.6,26.9,35.9,28.5,31.3,19.6,18.2,37.4,283,9.94,1004.4,ward_06_thiruvika_nagar,13.111,80.245,ECMWF_ERA5_Reanalysis
2018-09-18,31.3,25.1,26.8,37.1,28.3,31.5,16.2,14.2,36.4,255,12.0,1004.4,ward_06_thiruvika_nagar,13.111,80.245,ECMWF_ERA5_Reanalysis
2018-09-19,29.2,24.7,26.7,32.6,28.9,30.2,9.3,17.1,34.2,277,7.69,1004.1,ward_06_thiruvika_nagar,13.111,80.245,ECMWF_ERA5_Reanalysis
2018-09-20,31.4,25.4,28.0,36.1,29.1,32.2,0.4,14.0,34.2,254,14.97,1001.9,ward_06_thiruvika_nagar,13.111,80.245,ECMWF_ERA5_Reanalysis
2018-09-21,32.8,25.9,28.3,39.3,28.9,32.7,7.1,16.7,35.6,227,20.67,1003.1,ward_06_thiruvika_nagar,13.111,80.245,ECMWF_ERA5_Reanalysis
2018-09-22,30.8,25.4,28.1,38.3,29.7,33.4,0.0,15.5,36.0,159,22.05,1007.0,ward_06_thiruvika_nagar,13.111,80.245,ECMWF_ERA5_Reanalysis
2018-09-23,30.8,26.5,28.4,36.7,31.2,33.5,1.1,16.1,35.6,149,22.17,1009.2,ward_06_thiruvika_nagar,13.111,80.245,ECMWF_ERA5_Reanalysis
2018-09-24,30.3,25.2,27.8,36.3,31.2,33.4,1.4,14.5,32.8,151,22.06,1009.1,ward_06_thiruvika_nagar,13.111,80.245,ECMWF_ERA5_Reanalysis
2018-09-25,30.5,25.5,28.1,37.0,30.9,33.5,0.9,13.8,32.0,156,22.55,1007.8,ward_06_thiruvika_nagar,13.111,80.245,ECMWF_ERA5_Reanalysis
2018-09-26,30.6,25.4,28.0,36.9,30.7,33.3,1.1,14.8,33.5,151,21.9,1006.8,ward_06_thiruvika_nagar,13.111,80.245,ECMWF_ERA5_Reanalysis
2018-09-27,30.3,26.1,28.0,36.7,32.1,33.5,1.6,15.5,33.8,141,21.1,1006.9,ward_06_thiruvika_nagar,13.111,80.245,ECMWF_ERA5_Reanalysis
2018-09-28,29.9,26.1,28.0,35.6,31.4,33.3,0.8,15.2,34.9,132,21.02,1007.2,ward_06_thiruvika_nagar,13.111,80.245,ECMWF_ERA5_Reanalysis
2018-09-29,30.4,26.0,28.2,36.9,32.0,33.9,1.2,11.9,28.1,100,21.37,1007.4,ward_06_thiruvika_nagar,13.111,80.245,ECMWF_ERA5_Reanalysis
2018-09-30,31.1,26.2,28.7,37.3,32.4,34.3,0.3,13.9,32.8,91,21.97,1007.1,ward_06_thiruvika_nagar,13.111,80.245,ECMWF_ERA5_Reanalysis
2018-10-01,31.2,26.6,28.6,37.9,32.4,34.1,1.3,15.6,33.8,114,21.27,1007.3,ward_06_thiruvika_nagar,13.111,80.245,ECMWF_ERA5_Reanalysis
2018-10-02,31.2,26.2,28.5,37.6,31.6,33.9,1.5,18.6,37.4,109,20.94,1008.2,ward_06_thiruvika_nagar,13.111,80.245,ECMWF_ERA5_Reanalysis
2018-10-03,31.1,26.0,28.1,36.3,31.0,33.3,4.3,20.6,40.7,88,20.79,1007.8,ward_06_thiruvika_nagar,13.111,80.245,ECMWF_ERA5_Reanalysis
2018-10-04,27.9,25.6,26.7,32.8,30.4,31.5,19.6,16.6,33.8,74,9.12,1008.0,ward_06_thiruvika_nagar,13.111,80.245,ECMWF_ERA5_Reanalysis
2018-10-05,28.9,25.4,26.6,33.4,29.6,31.6,18.1,13.2,31.7,98,10.71,1008.5,ward_06_thiruvika_nagar,13.111,80.245,ECMWF_ERA5_Reanalysis
2018-10-06,30.0,25.3,27.4,35.8,30.4,32.8,5.0,15.0,35.6,77,19.7,1008.1,ward_06_thiruvika_nagar,13.111,80.245,ECMWF_ERA5_Reanalysis
2018-10-07,29.9,25.1,27.4,36.3,30.9,32.9,1.8,14.4,32.0,45,19.22,1007.5,ward_06_thiruvika_nagar,13.111,80.245,ECMWF_ERA5_Reanalysis
2018-10-08,29.9,25.6,27.5,36.8,30.6,32.8,4.3,15.3,34.9,29,17.45,1006.7,ward_06_thiruvika_nagar,13.111,80.245,ECMWF_ERA5_Reanalysis
2018-10-09,32.1,24.7,28.0,36.9,29.7,32.8,0.0,15.3,32.8,351,21.93,1005.6,ward_06_thiruvika_nagar,13.111,80.245,ECMWF_ERA5_Reanalysis
2018-10-10,33.6,24.6,28.3,37.1,27.7,31.7,0.0,14.9,32.0,258,19.43,1004.1,ward_06_thiruvika_nagar,13.111,80.245,ECMWF_ERA5_Reanalysis
2018-10-11,33.9,24.8,28.9,38.8,27.3,32.8,0.1,21.1,41.4,197,23.26,1004.2,ward_06_thiruvika_nagar,13.111,80.245,ECMWF_ERA5_Reanalysis
2018-10-12,33.7,25.3,28.9,39.8,29.3,33.9,0.4,18.6,35.3,191,22.09,1006.0,ward_06_thiruvika_nagar,13.111,80.245,ECMWF_ERA5_Reanalysis
2018-10-13,32.0,26.6,29.0,37.1,30.8,33.5,0.0,20.0,41.4,180,22.17,1008.1,ward_06_thiruvika_nagar,13.111,80.245,ECMWF_ERA5_Reanalysis
2018-10-14,31.3,26.5,28.8,37.1,31.2,33.8,0.3,18.8,38.9,178,21.09,1009.3,ward_06_thiruvika_nagar,13.111,80.245,ECMWF_ERA5_Reanalysis
2018-10-15,30.5,26.7,28.4,36.0,32.0,33.5,1.6,14.8,33.1,149,18.59,1010.0,ward_06_thiruvika_nagar,13.111,80.245,ECMWF_ERA5_Reanalysis
2018-10-16,30.1,25.3,27.7,36.4,30.5,33.0,8.3,13.0,29.9,143,18.97,1010.6,ward_06_thiruvika_nagar,13.111,80.245,ECMWF_ERA5_Reanalysis
2018-10-17,29.3,23.9,26.9,35.6,27.8,32.0,15.7,12.8,28.8,141,17.08,1010.3,ward_06_thiruvika_nagar,13.111,80.245,ECMWF_ERA5_Reanalysis
2018-10-18,29.1,23.3,26.3,34.7,27.1,31.2,9.4,10.1,27.0,87,11.68,1009.8,ward_06_thiruvika_nagar,13.111,80.245,ECMWF_ERA5_Reanalysis
2018-10-19,29.3,24.8,26.9,34.9,29.5,31.9,0.7,12.0,28.4,59,18.4,1009.6,ward_06_thiruvika_nagar,13.111,80.245,ECMWF_ERA5_Reanalysis
2018-10-20,30.4,24.2,27.2,34.3,28.1,30.7,5.4,17.7,37.4,41,19.6,1010.5,ward_06_thiruvika_nagar,13.111,80.245,ECMWF_ERA5_Reanalysis
2018-10-21,28.1,25.3,26.5,32.3,29.0,30.7,16.6,18.0,39.6,51,10.93,1010.8,ward_06_thiruvika_nagar,13.111,80.245,ECMWF_ERA5_Reanalysis
2018-10-22,30.1,24.9,27.1,35.0,29.3,31.3,0.0,15.7,33.5,41,21.83,1010.5,ward_06_thiruvika_nagar,13.111,80.245,ECMWF_ERA5_Reanalysis
2018-10-23,29.8,22.8,26.2,35.0,26.7,30.4,0.0,10.9,27.0,46,22.18,1010.5,ward_06_thiruvika_nagar,13.111,80.245,ECMWF_ERA5_Reanalysis
2018-10-24,29.9,22.6,26.8,35.1,26.5,30.9,0.0,11.1,27.4,47,22.18,1010.3,ward_06_thiruvika_nagar,13.111,80.245,ECMWF_ERA5_Reanalysis
2018-10-25,30.5,25.5,27.9,34.9,30.0,31.6,0.0,16.6,36.4,54,21.5,1011.3,ward_06_thiruvika_nagar,13.111,80.245,ECMWF_ERA5_Reanalysis
2018-10-26,30.3,26.0,28.1,33.6,29.3,30.9,0.0,20.1,41.8,42,20.65,1011.7,ward_06_thiruvika_nagar,13.111,80.245,ECMWF_ERA5_Reanalysis
2018-10-27,30.9,25.7,28.0,32.5,28.3,30.1,0.0,24.0,49.0,29,21.97,1011.2,ward_06_thiruvika_nagar,13.111,80.245,ECMWF_ERA5_Reanalysis
2018-10-28,30.5,25.2,27.5,32.9,28.2,29.8,0.4,24.7,49.7,22,20.4,1009.5,ward_06_thiruvika_nagar,13.111,80.245,ECMWF_ERA5_Reanalysis
2018-10-29,31.1,24.6,27.4,32.9,27.2,29.7,0.0,30.4,60.5,8,19.56,1007.7,ward_06_thiruvika_nagar,13.111,80.245,ECMWF_ERA5_Reanalysis
2018-10-30,28.9,25.1,26.7,31.9,28.8,30.3,11.9,22.3,45.0,19,14.62,1007.5,ward_06_thiruvika_nagar,13.111,80.245,ECMWF_ERA5_Reanalysis
2018-10-31,28.0,24.7,26.0,32.0,29.2,30.5,13.6,16.4,36.7,48,12.08,1008.0,ward_06_thiruvika_nagar,13.111,80.245,ECMWF_ERA5_Reanalysis
2018-11-01,26.9,24.5,25.4,31.5,29.1,30.3,25.6,13.1,32.4,82,6.16,1008.8,ward_06_thiruvika_nagar,13.111,80.245,ECMWF_ERA5_Reanalysis
2018-11-02,28.9,24.9,26.8,33.0,29.5,31.2,13.0,14.5,32.0,64,12.71,1009.2,ward_06_thiruvika_nagar,13.111,80.245,ECMWF_ERA5_Reanalysis
2018-11-03,30.0,25.2,27.4,34.5,30.0,31.7,3.5,19.1,39.6,75,17.88,1009.9,ward_06_thiruvika_nagar,13.111,80.245,ECMWF_ERA5_Reanalysis
2018-11-04,29.2,25.1,27.2,33.8,29.5,31.5,3.5,17.4,40.3,66,16.72,1010.5,ward_06_thiruvika_nagar,13.111,80.245,ECMWF_ERA5_Reanalysis
2018-11-05,29.8,26.2,27.8,34.6,30.6,32.1,0.7,16.2,35.3,70,19.39,1010.2,ward_06_thiruvika_nagar,13.111,80.245,ECMWF_ERA5_Reanalysis
2018-11-06,29.4,25.1,27.2,34.9,29.8,31.7,1.9,12.2,33.8,56,18.11,1010.7,ward_06_thiruvika_nagar,13.111,80.245,ECMWF_ERA5_Reanalysis
2018-11-07,29.5,25.1,27.1,33.4,28.9,30.6,0.0,14.3,29.9,45,18.49,1010.7,ward_06_thiruvika_nagar,13.111,80.245,ECMWF_ERA5_Reanalysis
2018-11-08,29.7,24.6,26.9,32.9,28.1,29.9,0.1,19.4,40.3,32,18.54,1010.0,ward_06_thiruvika_nagar,13.111,80.245,ECMWF_ERA5_Reanalysis
2018-11-09,30.0,25.7,27.4,33.4,28.9,30.4,0.1,18.5,38.9,46,19.48,1009.3,ward_06_thiruvika_nagar,13.111,80.245,ECMWF_ERA5_Reanalysis
2018-11-10,29.9,23.8,26.8,33.7,28.3,30.6,0.0,16.1,35.3,34,20.25,1009.7,ward_06_thiruvika_nagar,13.111,80.245,ECMWF_ERA5_Reanalysis
2018-11-11,29.9,23.1,26.4,33.2,27.2,29.9,0.1,16.0,34.9,24,20.2,1010.2,ward_06_thiruvika_nagar,13.111,80.245,ECMWF_ERA5_Reanalysis
2018-11-12,29.8,22.7,26.0,32.5,25.8,28.7,0.0,19.8,41.0,1,19.98,1009.0,ward_06_thiruvika_nagar,13.111,80.245,ECMWF_ERA5_Reanalysis
2018-11-13,30.6,21.8,26.3,33.1,24.1,28.5,0.0,19.6,41.0,4,20.86,1007.4,ward_06_thiruvika_nagar,13.111,80.245,ECMWF_ERA5_Reanalysis
2018-11-14,31.3,22.6,26.9,33.8,24.7,29.4,0.0,22.0,45.0,2,21.01,1007.2,ward_06_thiruvika_nagar,13.111,80.245,ECMWF_ERA5_Reanalysis
2018-11-15,28.7,25.1,26.6,31.7,28.4,29.7,13.4,25.4,55.8,24,10.44,1007.6,ward_06_thiruvika_nagar,13.111,80.245,ECMWF_ERA5_Reanalysis
2018-11-16,29.0,25.2,26.9,32.9,28.7,30.8,2.9,21.6,44.3,95,13.63,1009.5,ward_06_thiruvika_nagar,13.111,80.245,ECMWF_ERA5_Reanalysis
2018-11-17,29.9,24.1,26.9,36.0,29.4,32.0,1.0,11.3,27.4,77,17.8,1009.8,ward_06_thiruvika_nagar,13.111,80.245,ECMWF_ERA5_Reanalysis
2018-11-18,29.6,25.6,27.4,34.3,30.8,32.2,2.4,16.5,35.3,83,17.41,1010.1,ward_06_thiruvika_nagar,13.111,80.245,ECMWF_ERA5_Reanalysis
2018-11-19,29.9,25.3,27.5,34.3,30.2,31.6,2.1,17.8,38.5,63,18.77,1011.1,ward_06_thiruvika_nagar,13.111,80.245,ECMWF_ERA5_Reanalysis
2018-11-20,28.9,24.4,26.2,31.2,26.7,29.0,26.5,24.8,50.8,45,9.03,1010.9,ward_06_thiruvika_nagar,13.111,80.245,ECMWF_ERA5_Reanalysis
2018-11-21,25.9,24.2,24.9,29.5,26.1,27.7,76.7,26.6,49.3,74,4.65,1010.0,ward_06_thiruvika_nagar,13.111,80.245,ECMWF_ERA5_Reanalysis
2018-11-22,26.0,24.4,25.0,29.7,26.8,28.4,62.9,24.9,44.3,97,5.82,1011.4,ward_06_thiruvika_nagar,13.111,80.245,ECMWF_ERA5_Reanalysis
2018-11-23,26.7,24.5,25.7,30.9,28.4,29.7,21.2,16.1,33.5,69,10.6,1013.1,ward_06_thiruvika_nagar,13.111,80.245,ECMWF_ERA5_Reanalysis
2018-11-24,28.9,25.1,26.7,32.8,28.6,30.2,0.0,14.7,32.4,52,19.22,1013.7,ward_06_thiruvika_nagar,13.111,80.245,ECMWF_ERA5_Reanalysis
2018-11-25,28.4,23.6,25.9,32.1,27.2,29.2,0.3,15.3,33.8,45,19.41,1013.0,ward_06_thiruvika_nagar,13.111,80.245,ECMWF_ERA5_Reanalysis
2018-11-26,28.1,22.8,25.4,30.4,25.6,27.6,0.0,15.4,33.5,47,20.57,1011.8,ward_06_thiruvika_nagar,13.111,80.245,ECMWF_ERA5_Reanalysis
2018-11-27,28.1,23.3,25.8,29.6,25.5,27.3,0.0,18.4,37.8,46,18.48,1012.4,ward_06_thiruvika_nagar,13.111,80.245,ECMWF_ERA5_Reanalysis
2018-11-28,28.6,22.3,25.7,31.2,25.2,28.4,0.2,17.2,36.4,37,19.22,1012.3,ward_06_thiruvika_nagar,13.111,80.245,ECMWF_ERA5_Reanalysis
2018-11-29,28.1,25.1,26.4,30.6,28.0,29.0,1.6,19.9,40.7,49,14.6,1013.2,ward_06_thiruvika_nagar,13.111,80.245,ECMWF_ERA5_Reanalysis
2018-11-30,28.5,24.9,26.3,31.2,27.4,28.9,0.0,17.6,37.1,46,18.09,1013.2,ward_06_thiruvika_nagar,13.111,80.245,ECMWF_ERA5_Reanalysis
2018-12-01,28.1,22.2,25.4,31.1,25.4,28.2,0.1,16.3,34.2,43,18.67,1011.6,ward_06_thiruvika_nagar,13.111,80.245,ECMWF_ERA5_Reanalysis
2018-12-02,27.5,22.6,25.3,30.4,26.3,28.1,3.4,17.1,35.3,48,15.91,1009.8,ward_06_thiruvika_nagar,13.111,80.245,ECMWF_ERA5_Reanalysis
2018-12-03,28.3,24.2,26.2,30.6,27.1,28.9,2.5,21.9,43.9,38,15.31,1010.2,ward_06_thiruvika_nagar,13.111,80.245,ECMWF_ERA5_Reanalysis
2018-12-04,28.5,23.5,26.1,32.8,27.2,30.2,5.8,17.2,36.0,54,14.3,1010.8,ward_06_thiruvika_nagar,13.111,80.245,ECMWF_ERA5_Reanalysis
2018-12-05,27.4,24.5,25.7,32.5,28.7,30.1,6.9,14.5,31.0,47,13.7,1010.5,ward_06_thiruvika_nagar,13.111,80.245,ECMWF_ERA5_Reanalysis
2018-12-06,28.8,24.1,26.4,32.6,28.8,30.3,1.4,15.9,32.4,57,17.2,1009.6,ward_06_thiruvika_nagar,13.111,80.245,ECMWF_ERA5_Reanalysis
2018-12-07,28.6,24.7,26.5,32.3,28.9,30.1,0.8,16.7,34.9,63,17.18,1010.0,ward_06_thiruvika_nagar,13.111,80.245,ECMWF_ERA5_Reanalysis
2018-12-08,28.6,25.0,26.6,32.5,28.7,30.1,0.1,15.5,33.8,60,18.5,1011.0,ward_06_thiruvika_nagar,13.111,80.245,ECMWF_ERA5_Reanalysis
2018-12-09,28.5,23.9,26.0,31.4,28.0,29.2,0.2,15.6,33.5,53,17.54,1010.9,ward_06_thiruvika_nagar,13.111,80.245,ECMWF_ERA5_Reanalysis
2018-12-10,28.2,22.0,25.1,31.9,25.4,28.4,0.0,11.3,26.6,40,19.02,1010.6,ward_06_thiruvika_nagar,13.111,80.245,ECMWF_ERA5_Reanalysis
2018-12-11,28.2,23.2,25.4,32.2,26.4,28.8,0.0,12.3,27.4,44,18.77,1010.7,ward_06_thiruvika_nagar,13.111,80.245,ECMWF_ERA5_Reanalysis
2018-12-12,29.0,22.5,25.4,32.7,26.1,29.0,0.0,15.0,32.8,32,18.91,1011.3,ward_06_thiruvika_nagar,13.111,80.245,ECMWF_ERA5_Reanalysis
2018-12-13,28.9,22.9,25.9,32.8,27.2,29.5,0.0,13.5,29.9,36,18.35,1011.9,ward_06_thiruvika_nagar,13.111,80.245,ECMWF_ERA5_Reanalysis
2018-12-14,28.6,23.8,25.8,30.0,26.6,28.1,1.4,24.2,48.2,24,16.45,1011.7,ward_06_thiruvika_nagar,13.111,80.245,ECMWF_ERA5_Reanalysis
2018-12-15,27.8,24.5,26.1,27.8,25.6,26.6,1.1,32.1,60.8,23,9.85,1011.0,ward_06_thiruvika_nagar,13.111,80.245,ECMWF_ERA5_Reanalysis
2018-12-16,25.5,20.5,23.1,25.5,18.9,22.5,12.8,32.3,60.8,350,2.49,1009.5,ward_06_thiruvika_nagar,13.111,80.245,ECMWF_ERA5_Reanalysis
2018-12-17,29.0,21.8,24.4,33.8,20.7,26.2,0.0,24.1,44.3,298,18.32,1009.2,ward_06_thiruvika_nagar,13.111,80.245,ECMWF_ERA5_Reanalysis
2018-12-18,27.3,20.5,23.8,30.9,23.0,26.3,0.0,18.6,39.2,23,16.86,1011.5,ward_06_thiruvika_nagar,13.111,80.245,ECMWF_ERA5_Reanalysis
2018-12-19,26.2,20.0,23.2,28.3,19.9,24.4,0.0,18.3,38.5,4,19.17,1012.5,ward_06_thiruvika_nagar,13.111,80.245,ECMWF_ERA5_Reanalysis
2018-12-20,28.2,20.3,24.3,31.3,21.7,26.7,0.0,16.3,31.7,12,18.34,1012.5,ward_06_thiruvika_nagar,13.111,80.245,ECMWF_ERA5_Reanalysis
2018-12-21,27.9,23.7,25.6,30.0,26.9,28.0,1.6,22.6,45.0,33,15.71,1011.5,ward_06_thiruvika_nagar,13.111,80.245,ECMWF_ERA5_Reanalysis
2018-12-22,27.9,24.0,25.9,30.2,26.8,28.3,1.3,21.1,43.2,42,12.94,1011.3,ward_06_thiruvika_nagar,13.111,80.245,ECMWF_ERA5_Reanalysis
2018-12-23,27.8,24.3,25.9,29.3,27.3,28.2,0.3,20.5,41.8,40,13.57,1012.0,ward_06_thiruvika_nagar,13.111,80.245,ECMWF_ERA5_Reanalysis
2018-12-24,27.7,23.9,25.5,30.1,26.9,27.9,0.0,18.3,38.5,39,15.92,1012.3,ward_06_thiruvika_nagar,13.111,80.245,ECMWF_ERA5_Reanalysis
2018-12-25,27.7,22.8,24.8,30.9,26.2,27.9,0.0,15.1,32.4,39,18.47,1012.1,ward_06_thiruvika_nagar,13.111,80.245,ECMWF_ERA5_Reanalysis
2018-12-26,27.7,21.9,24.4,31.8,24.8,27.8,0.0,10.1,25.6,77,18.5,1011.8,ward_06_thiruvika_nagar,13.111,80.245,ECMWF_ERA5_Reanalysis
2018-12-27,27.8,21.6,24.6,31.9,25.0,28.1,0.0,12.9,28.8,122,18.1,1010.9,ward_06_thiruvika_nagar,13.111,80.245,ECMWF_ERA5_Reanalysis
2018-12-28,27.5,23.1,25.2,31.6,27.0,28.9,0.3,11.8,27.7,106,15.45,1010.6,ward_06_thiruvika_nagar,13.111,80.245,ECMWF_ERA5_Reanalysis
2018-12-29,26.7,23.7,25.0,28.7,25.7,27.0,0.7,18.3,37.4,50,14.59,1012.9,ward_06_thiruvika_nagar,13.111,80.245,ECMWF_ERA5_Reanalysis
2018-12-30,26.9,23.0,24.9,28.1,24.3,26.0,1.5,21.4,43.9,46,16.58,1014.7,ward_06_thiruvika_nagar,13.111,80.245,ECMWF_ERA5_Reanalysis
2018-12-31,26.5,22.4,24.3,26.6,22.9,24.3,0.0,19.6,40.7,38,19.05,1016.0,ward_06_thiruvika_nagar,13.111,80.245,ECMWF_ERA5_Reanalysis
2019-01-01,26.1,21.4,23.3,26.7,22.0,23.6,0.0,17.1,37.1,37,19.84,1016.3,ward_06_thiruvika_nagar,13.111,80.245,ECMWF_ERA5_Reanalysis
2019-01-02,26.4,22.4,24.1,28.1,22.9,24.9,0.0,17.3,36.0,42,19.08,1016.1,ward_06_thiruvika_nagar,13.111,80.245,ECMWF_ERA5_Reanalysis
2019-01-03,27.1,22.0,24.1,28.9,23.9,25.5,0.0,16.3,33.8,36,19.85,1016.5,ward_06_thiruvika_nagar,13.111,80.245,ECMWF_ERA5_Reanalysis
2019-01-04,26.9,21.9,24.0,28.7,24.0,25.7,0.0,16.4,36.0,42,19.12,1015.9,ward_06_thiruvika_nagar,13.111,80.245,ECMWF_ERA5_Reanalysis
2019-01-05,27.3,21.5,24.3,28.2,23.6,25.6,0.0,17.3,37.4,40,16.6,1014.4,ward_06_thiruvika_nagar,13.111,80.245,ECMWF_ERA5_Reanalysis
2019-01-06,27.2,19.4,24.0,28.6,20.7,25.2,0.0,18.0,38.9,40,19.45,1013.1,ward_06_thiruvika_nagar,13.111,80.245,ECMWF_ERA5_Reanalysis
2019-01-07,28.1,21.9,24.3,30.0,24.0,26.1,0.5,18.6,38.2,20,16.22,1012.0,ward_06_thiruvika_nagar,13.111,80.245,ECMWF_ERA5_Reanalysis
2019-01-08,28.7,19.9,23.6,30.1,22.3,25.7,0.0,16.5,36.0,16,20.62,1012.4,ward_06_thiruvika_nagar,13.111,80.245,ECMWF_ERA5_Reanalysis
2019-01-09,27.6,18.6,23.2,30.3,20.6,25.6,0.0,14.5,30.6,41,19.86,1012.5,ward_06_thiruvika_nagar,13.111,80.245,ECMWF_ERA5_Reanalysis
2019-01-10,27.3,20.9,24.2,29.2,23.3,26.0,0.0,15.0,33.5,54,18.68,1012.6,ward_06_thiruvika_nagar,13.111,80.245,ECMWF_ERA5_Reanalysis
2019-01-11,27.8,22.0,24.9,28.7,24.2,26.0,0.1,16.6,34.6,58,16.84,1013.4,ward_06_thiruvika_nagar,13.111,80.245,ECMWF_ERA5_Reanalysis
2019-01-12,27.4,20.7,24.3,29.1,22.7,25.7,0.0,16.8,36.4,49,19.41,1013.4,ward_06_thiruvika_nagar,13.111,80.245,ECMWF_ERA5_Reanalysis
2019-01-13,27.8,21.5,24.6,29.2,24.0,26.0,0.1,18.9,40.7,46,16.65,1013.4,ward_06_thiruvika_nagar,13.111,80.245,ECMWF_ERA5_Reanalysis
2019-01-14,27.2,22.0,24.3,28.8,23.6,25.4,0.0,17.2,36.7,35,19.04,1012.9,ward_06_thiruvika_nagar,13.111,80.245,ECMWF_ERA5_Reanalysis
2019-01-15,27.3,20.7,23.8,28.8,22.4,25.4,0.0,18.7,40.0,21,19.52,1013.1,ward_06_thiruvika_nagar,13.111,80.245,ECMWF_ERA5_Reanalysis
2019-01-16,27.6,20.2,24.2,29.8,22.6,26.3,0.0,16.4,35.6,41,19.28,1013.2,ward_06_thiruvika_nagar,13.111,80.245,ECMWF_ERA5_Reanalysis
2019-01-17,27.8,20.6,24.3,30.4,23.3,26.5,0.4,14.7,33.1,67,18.51,1012.2,ward_06_thiruvika_nagar,13.111,80.245,ECMWF_ERA5_Reanalysis
2019-01-18,27.3,20.2,24.0,29.4,22.1,25.7,0.0,16.6,34.2,50,20.35,1012.3,ward_06_thiruvika_nagar,13.111,80.245,ECMWF_ERA5_Reanalysis
2019-01-19,27.3,20.1,23.8,29.0,22.3,25.6,0.0,16.2,36.7,36,19.93,1013.2,ward_06_thiruvika_nagar,13.111,80.245,ECMWF_ERA5_Reanalysis
2019-01-20,27.5,19.5,23.4,29.8,21.4,25.5,0.0,14.5,32.0,29,19.39,1014.1,ward_06_thiruvika_nagar,13.111,80.245,ECMWF_ERA5_Reanalysis
2019-01-21,27.1,19.6,23.5,28.9,21.8,25.4,0.0,14.7,34.2,49,19.3,1013.3,ward_06_thiruvika_nagar,13.111,80.245,ECMWF_ERA5_Reanalysis
2019-01-22,27.6,20.1,24.2,30.1,22.2,26.2,0.0,17.5,34.6,69,20.83,1012.9,ward_06_thiruvika_nagar,13.111,80.245,ECMWF_ERA5_Reanalysis
2019-01-23,27.9,20.9,24.6,30.2,23.3,26.9,0.0,16.1,34.9,66,18.79,1012.3,ward_06_thiruvika_nagar,13.111,80.245,ECMWF_ERA5_Reanalysis
2019-01-24,28.1,21.0,24.6,32.0,24.4,27.5,0.0,16.3,34.6,78,20.58,1012.9,ward_06_thiruvika_nagar,13.111,80.245,ECMWF_ERA5_Reanalysis
2019-01-25,28.1,22.9,25.4,31.4,26.4,28.6,0.6,17.7,36.7,119,17.22,1012.2,ward_06_thiruvika_nagar,13.111,80.245,ECMWF_ERA5_Reanalysis
2019-01-26,28.3,22.8,25.7,31.6,26.9,29.0,0.5,16.4,36.4,117,18.57,1012.2,ward_06_thiruvika_nagar,13.111,80.245,ECMWF_ERA5_Reanalysis
2019-01-27,28.1,23.5,25.5,30.5,27.1,28.3,0.2,17.2,37.8,94,17.47,1012.8,ward_06_thiruvika_nagar,13.111,80.245,ECMWF_ERA5_Reanalysis
2019-01-28,28.0,23.8,25.5,30.0,25.2,27.2,0.0,16.4,36.4,56,15.21,1013.4,ward_06_thiruvika_nagar,13.111,80.245,ECMWF_ERA5_Reanalysis
2019-01-29,28.3,22.3,25.2,29.5,24.3,26.6,0.2,21.5,43.9,27,17.56,1013.8,ward_06_thiruvika_nagar,13.111,80.245,ECMWF_ERA5_Reanalysis
2019-01-30,27.7,23.2,25.1,28.8,25.4,26.7,0.5,20.9,44.3,40,18.42,1014.2,ward_06_thiruvika_nagar,13.111,80.245,ECMWF_ERA5_Reanalysis
2019-01-31,27.6,23.5,25.2,29.0,24.5,26.1,1.0,19.1,40.0,69,18.99,1013.8,ward_06_thiruvika_nagar,13.111,80.245,ECMWF_ERA5_Reanalysis
2019-02-01,27.9,22.4,25.0,29.8,24.4,26.3,0.0,19.7,41.0,65,19.44,1013.4,ward_06_thiruvika_nagar,13.111,80.245,ECMWF_ERA5_Reanalysis
2019-02-02,28.3,21.2,24.9,31.1,23.9,26.9,0.0,16.4,33.8,57,20.18,1012.4,ward_06_thiruvika_nagar,13.111,80.245,ECMWF_ERA5_Reanalysis
2019-02-03,28.5,21.0,25.2,31.1,23.9,27.4,0.0,18.6,40.0,46,20.79,1013.4,ward_06_thiruvika_nagar,13.111,80.245,ECMWF_ERA5_Reanalysis
2019-02-04,28.0,23.7,25.7,29.6,26.1,27.9,1.7,21.2,43.9,43,15.71,1015.0,ward_06_thiruvika_nagar,13.111,80.245,ECMWF_ERA5_Reanalysis
2019-02-05,28.8,23.3,25.6,31.6,26.6,28.3,0.0,17.8,38.2,45,20.66,1014.4,ward_06_thiruvika_nagar,13.111,80.245,ECMWF_ERA5_Reanalysis
2019-02-06,29.1,21.5,25.0,32.6,24.5,28.4,0.0,13.7,33.1,66,21.36,1012.2,ward_06_thiruvika_nagar,13.111,80.245,ECMWF_ERA5_Reanalysis
2019-02-07,28.9,21.2,25.4,32.4,24.7,28.8,0.0,13.6,32.8,114,20.66,1011.9,ward_06_thiruvika_nagar,13.111,80.245,ECMWF_ERA5_Reanalysis
2019-02-08,29.8,23.6,26.5,33.5,28.1,30.1,0.0,17.8,41.4,136,20.8,1011.6,ward_06_thiruvika_nagar,13.111,80.245,ECMWF_ERA5_Reanalysis
2019-02-09,29.8,23.7,26.5,34.0,28.1,30.7,0.3,16.1,35.3,117,20.01,1011.9,ward_06_thiruvika_nagar,13.111,80.245,ECMWF_ERA5_Reanalysis
2019-02-10,29.6,23.9,26.4,33.7,28.7,30.3,1.1,17.7,37.8,67,20.17,1013.4,ward_06_thiruvika_nagar,13.111,80.245,ECMWF_ERA5_Reanalysis
2019-02-11,29.3,24.9,26.6,32.6,27.8,29.3,0.8,19.4,45.0,67,19.4,1014.3,ward_06_thiruvika_nagar,13.111,80.245,ECMWF_ERA5_Reanalysis
2019-02-12,28.9,24.3,26.3,31.5,27.3,28.6,0.0,20.4,41.4,54,20.35,1015.3,ward_06_thiruvika_nagar,13.111,80.245,ECMWF_ERA5_Reanalysis
2019-02-13,29.0,23.2,25.8,30.9,26.5,28.0,0.0,19.3,42.1,41,20.78,1015.6,ward_06_thiruvika_nagar,13.111,80.245,ECMWF_ERA5_Reanalysis
2019-02-14,29.1,22.0,25.6,32.8,25.4,28.8,0.0,14.8,35.3,60,22.21,1013.1,ward_06_thiruvika_nagar,13.111,80.245,ECMWF_ERA5_Reanalysis
2019-02-15,29.7,22.1,25.8,34.0,26.2,29.6,0.0,14.4,34.2,104,22.55,1012.7,ward_06_thiruvika_nagar,13.111,80.245,ECMWF_ERA5_Reanalysis
2019-02-16,30.0,23.2,26.5,34.1,27.7,30.0,0.0,20.2,42.8,142,20.87,1011.8,ward_06_thiruvika_nagar,13.111,80.245,ECMWF_ERA5_Reanalysis
2019-02-17,30.2,24.2,27.2,35.0,28.8,31.3,1.0,18.4,37.8,153,19.58,1010.5,ward_06_thiruvika_nagar,13.111,80.245,ECMWF_ERA5_Reanalysis
2019-02-18,30.9,24.8,27.5,35.7,29.8,32.1,0.2,19.9,43.2,153,20.25,1009.2,ward_06_thiruvika_nagar,13.111,80.245,ECMWF_ERA5_Reanalysis
2019-02-19,30.0,25.2,27.4,34.5,29.8,31.7,0.6,18.3,40.7,133,20.75,1010.6,ward_06_thiruvika_nagar,13.111,80.245,ECMWF_ERA5_Reanalysis
2019-02-20,30.0,24.3,27.2,34.3,28.2,31.1,0.0,15.7,37.1,101,22.29,1013.5,ward_06_thiruvika_nagar,13.111,80.245,ECMWF_ERA5_Reanalysis
2019-02-21,30.3,23.7,26.4,33.5,28.0,29.8,0.0,17.2,38.9,59,22.26,1014.9,ward_06_thiruvika_nagar,13.111,80.245,ECMWF_ERA5_Reanalysis
2019-02-22,31.3,21.9,25.8,34.0,25.6,28.9,0.0,11.9,30.6,67,24.11,1012.8,ward_06_thiruvika_nagar,13.111,80.245,ECMWF_ERA5_Reanalysis
2019-02-23,32.2,19.6,25.3,33.5,22.2,27.8,0.0,12.9,31.0,139,24.11,1010.7,ward_06_thiruvika_nagar,13.111,80.245,ECMWF_ERA5_Reanalysis
2019-02-24,32.0,21.0,25.8,34.8,24.2,29.3,0.0,13.5,32.8,158,23.76,1009.7,ward_06_thiruvika_nagar,13.111,80.245,ECMWF_ERA5_Reanalysis
2019-02-25,30.4,22.2,26.0,33.0,26.0,29.1,0.0,18.3,40.7,162,24.38,1009.0,ward_06_thiruvika_nagar,13.111,80.245,ECMWF_ERA5_Reanalysis
2019-02-26,31.2,23.6,27.1,35.0,27.5,30.1,0.0,25.8,53.3,165,22.58,1007.7,ward_06_thiruvika_nagar,13.111,80.245,ECMWF_ERA5_Reanalysis
2019-02-27,31.0,24.7,27.6,34.8,28.7,30.8,0.4,25.1,51.5,164,21.7,1007.1,ward_06_thiruvika_nagar,13.111,80.245,ECMWF_ERA5_Reanalysis
2019-02-28,30.4,25.5,27.6,33.9,29.5,31.2,0.8,22.7,47.9,160,18.22,1007.8,ward_06_thiruvika_nagar,13.111,80.245,ECMWF_ERA5_Reanalysis
2019-03-01,30.5,25.7,27.9,34.6,29.6,31.6,1.1,21.1,42.8,127,19.44,1008.9,ward_06_thiruvika_nagar,13.111,80.245,ECMWF_ERA5_Reanalysis
2019-03-02,30.3,26.1,27.9,33.4,29.2,30.7,0.0,15.0,36.4,109,21.37,1010.1,ward_06_thiruvika_nagar,13.111,80.245,ECMWF_ERA5_Reanalysis
2019-03-03,30.5,24.8,27.4,34.6,28.5,31.0,0.5,14.3,34.9,115,20.76,1009.4,ward_06_thiruvika_nagar,13.111,80.245,ECMWF_ERA5_Reanalysis
2019-03-04,30.9,24.6,27.5,34.5,28.8,30.6,0.0,23.9,50.0,161,23.25,1007.8,ward_06_thiruvika_nagar,13.111,80.245,ECMWF_ERA5_Reanalysis
2019-03-05,32.8,25.0,28.3,36.3,28.7,31.6,0.0,27.7,56.2,176,23.1,1006.7,ward_06_thiruvika_nagar,13.111,80.245,ECMWF_ERA5_Reanalysis
2019-03-06,33.7,25.7,28.7,37.6,29.7,32.4,0.0,28.3,58.0,176,23.52,1006.6,ward_06_thiruvika_nagar,13.111,80.245,ECMWF_ERA5_Reanalysis
2019-03-07,32.9,26.4,28.9,36.4,30.1,32.4,0.0,27.0,55.8,168,24.13,1006.6,ward_06_thiruvika_nagar,13.111,80.245,ECMWF_ERA5_Reanalysis
2019-03-08,31.6,26.5,28.5,35.5,30.9,32.8,0.0,22.6,48.2,156,21.01,1008.9,ward_06_thiruvika_nagar,13.111,80.245,ECMWF_ERA5_Reanalysis
2019-03-09,30.8,25.6,28.0,35.1,31.1,32.6,1.2,19.0,41.0,155,20.33,1010.8,ward_06_thiruvika_nagar,13.111,80.245,ECMWF_ERA5_Reanalysis
2019-03-10,31.5,25.2,28.1,35.7,30.2,32.1,0.2,24.2,50.4,162,23.41,1011.0,ward_06_thiruvika_nagar,13.111,80.245,ECMWF_ERA5_Reanalysis
2019-03-11,31.3,24.8,27.7,34.8,29.8,31.5,0.0,20.8,45.4,161,24.14,1011.7,ward_06_thiruvika_nagar,13.111,80.245,ECMWF_ERA5_Reanalysis
2019-03-12,31.5,23.6,27.3,35.0,27.8,30.8,0.0,23.5,49.0,162,24.92,1011.8,ward_06_thiruvika_nagar,13.111,80.245,ECMWF_ERA5_Reanalysis
2019-03-13,31.3,22.7,26.9,35.1,26.7,30.9,0.0,14.8,35.3,151,24.75,1012.3,ward_06_thiruvika_nagar,13.111,80.245,ECMWF_ERA5_Reanalysis
2019-03-14,32.0,22.6,26.9,34.4,26.3,30.4,0.0,15.7,37.1,167,25.09,1011.9,ward_06_thiruvika_nagar,13.111,80.245,ECMWF_ERA5_Reanalysis
2019-03-15,31.9,22.3,27.1,35.6,26.3,31.1,0.0,12.9,32.8,139,25.17,1011.8,ward_06_thiruvika_nagar,13.111,80.245,ECMWF_ERA5_Reanalysis
2019-03-16,31.4,23.3,27.2,35.6,27.8,31.3,0.0,12.3,32.0,126,24.41,1011.7,ward_06_thiruvika_nagar,13.111,80.245,ECMWF_ERA5_Reanalysis
2019-03-17,31.0,23.9,27.1,33.9,28.0,30.1,1.0,17.6,39.2,112,23.94,1011.5,ward_06_thiruvika_nagar,13.111,80.245,ECMWF_ERA5_Reanalysis
2019-03-18,31.1,23.1,27.3,34.6,27.4,30.6,0.0,20.3,40.7,129,25.22,1011.2,ward_06_thiruvika_nagar,13.111,80.245,ECMWF_ERA5_Reanalysis
2019-03-19,31.6,24.0,27.8,34.8,28.9,31.1,0.0,23.7,49.7,151,24.6,1009.1,ward_06_thiruvika_nagar,13.111,80.245,ECMWF_ERA5_Reanalysis
2019-03-20,31.6,24.8,27.9,34.8,29.2,31.3,0.0,24.3,51.5,163,24.2,1009.1,ward_06_thiruvika_nagar,13.111,80.245,ECMWF_ERA5_Reanalysis
2019-03-21,31.8,23.7,27.7,35.0,28.0,31.1,0.0,21.0,44.6,152,24.44,1010.1,ward_06_thiruvika_nagar,13.111,80.245,ECMWF_ERA5_Reanalysis
2019-03-22,32.0,25.1,28.3,35.5,29.9,31.8,0.0,23.5,50.4,150,23.83,1010.4,ward_06_thiruvika_nagar,13.111,80.245,ECMWF_ERA5_Reanalysis
2019-03-23,32.3,25.1,28.4,37.4,30.4,32.5,0.0,22.4,48.2,157,24.46,1009.6,ward_06_thiruvika_nagar,13.111,80.245,ECMWF_ERA5_Reanalysis
2019-03-24,32.7,24.6,28.2,37.5,29.5,32.1,0.0,24.5,51.5,164,24.44,1009.0,ward_06_thiruvika_nagar,13.111,80.245,ECMWF_ERA5_Reanalysis
2019-03-25,32.3,24.3,28.0,36.8,29.2,32.4,0.0,16.9,38.9,149,25.06,1009.2,ward_06_thiruvika_nagar,13.111,80.245,ECMWF_ERA5_Reanalysis
2019-03-26,32.6,25.4,28.2,36.3,30.1,32.1,0.0,19.1,42.5,157,25.18,1010.4,ward_06_thiruvika_nagar,13.111,80.245,ECMWF_ERA5_Reanalysis
2019-03-27,31.9,24.0,27.6,36.0,28.4,31.1,0.0,21.1,46.1,163,25.67,1011.4,ward_06_thiruvika_nagar,13.111,80.245,ECMWF_ERA5_Reanalysis
2019-03-28,34.1,23.5,28.2,39.0,27.7,32.0,0.0,22.9,48.2,165,25.59,1010.3,ward_06_thiruvika_nagar,13.111,80.245,ECMWF_ERA5_Reanalysis
2019-03-29,33.0,24.7,28.6,38.3,29.9,32.9,0.0,24.0,50.4,165,24.84,1008.4,ward_06_thiruvika_nagar,13.111,80.245,ECMWF_ERA5_Reanalysis
2019-03-30,33.2,24.4,28.7,37.7,29.2,32.5,0.0,25.5,52.9,171,24.94,1008.2,ward_06_thiruvika_nagar,13.111,80.245,ECMWF_ERA5_Reanalysis
2019-03-31,34.3,24.8,29.2,39.5,29.4,33.3,0.0,26.4,54.7,175,25.48,1008.2,ward_06_thiruvika_nagar,13.111,80.245,ECMWF_ERA5_Reanalysis
2019-04-01,34.0,26.0,29.2,38.1,30.1,32.9,0.0,26.7,55.4,167,25.86,1008.6,ward_06_thiruvika_nagar,13.111,80.245,ECMWF_ERA5_Reanalysis
2019-04-02,33.2,25.0,28.8,37.3,29.6,32.7,0.0,28.3,58.0,171,24.71,1008.3,ward_06_thiruvika_nagar,13.111,80.245,ECMWF_ERA5_Reanalysis
2019-04-03,32.3,25.0,28.5,35.6,30.5,32.1,0.0,24.9,52.6,168,24.31,1008.8,ward_06_thiruvika_nagar,13.111,80.245,ECMWF_ERA5_Reanalysis
2019-04-04,32.7,25.7,28.9,36.6,30.3,32.6,0.0,25.8,53.3,165,24.72,1010.1,ward_06_thiruvika_nagar,13.111,80.245,ECMWF_ERA5_Reanalysis
2019-04-05,33.0,25.2,28.7,38.4,30.3,33.4,0.1,24.3,51.1,164,25.26,1009.9,ward_06_thiruvika_nagar,13.111,80.245,ECMWF_ERA5_Reanalysis
2019-04-06,33.6,26.1,29.1,39.9,31.9,34.0,0.0,20.6,45.0,169,25.13,1009.0,ward_06_thiruvika_nagar,13.111,80.245,ECMWF_ERA5_Reanalysis
2019-04-07,34.0,26.0,29.3,38.5,31.0,33.3,0.0,27.2,56.5,165,24.75,1008.2,ward_06_thiruvika_nagar,13.111,80.245,ECMWF_ERA5_Reanalysis
2019-04-08,33.1,26.7,29.6,37.4,31.7,33.8,0.1,27.3,55.8,164,24.16,1007.4,ward_06_thiruvika_nagar,13.111,80.245,ECMWF_ERA5_Reanalysis
2019-04-09,32.8,27.3,29.6,37.6,32.6,34.3,0.2,24.1,51.5,163,24.7,1007.8,ward_06_thiruvika_nagar,13.111,80.245,ECMWF_ERA5_Reanalysis
2019-04-10,33.1,27.1,29.7,38.2,32.9,34.4,0.0,25.4,52.9,161,24.88,1008.4,ward_06_thiruvika_nagar,13.111,80.245,ECMWF_ERA5_Reanalysis
2019-04-11,33.4,26.1,29.4,39.0,32.5,34.3,0.0,24.0,50.0,165,24.82,1007.5,ward_06_thiruvika_nagar,13.111,80.245,ECMWF_ERA5_Reanalysis
2019-04-12,33.9,25.8,29.6,39.4,31.5,34.3,0.0,24.5,52.2,170,24.89,1007.0,ward_06_thiruvika_nagar,13.111,80.245,ECMWF_ERA5_Reanalysis
2019-04-13,34.0,25.0,29.4,38.7,30.2,33.9,0.0,23.8,50.4,166,25.82,1007.5,ward_06_thiruvika_nagar,13.111,80.245,ECMWF_ERA5_Reanalysis
2019-04-14,33.7,25.2,29.3,37.8,30.5,33.6,0.0,23.8,50.8,166,25.49,1007.9,ward_06_thiruvika_nagar,13.111,80.245,ECMWF_ERA5_Reanalysis
2019-04-15,33.8,25.0,29.1,38.5,30.0,33.3,0.0,24.5,51.1,166,26.32,1007.8,ward_06_thiruvika_nagar,13.111,80.245,ECMWF_ERA5_Reanalysis
2019-04-16,34.6,24.8,29.4,39.6,29.9,33.4,0.0,25.5,51.5,158,25.33,1007.3,ward_06_thiruvika_nagar,13.111,80.245,ECMWF_ERA5_Reanalysis
2019-04-17,33.8,26.5,30.1,38.7,31.8,34.3,0.0,23.9,50.4,162,24.99,1007.8,ward_06_thiruvika_nagar,13.111,80.245,ECMWF_ERA5_Reanalysis
2019-04-18,33.4,27.0,30.3,38.4,33.4,35.3,0.0,23.1,49.0,155,24.48,1007.5,ward_06_thiruvika_nagar,13.111,80.245,ECMWF_ERA5_Reanalysis
2019-04-19,33.0,27.7,30.1,38.4,33.5,35.0,1.8,22.6,48.2,161,22.65,1006.6,ward_06_thiruvika_nagar,13.111,80.245,ECMWF_ERA5_Reanalysis
2019-04-20,33.4,27.5,30.3,38.4,32.4,35.0,0.1,24.0,50.8,162,22.65,1005.4,ward_06_thiruvika_nagar,13.111,80.245,ECMWF_ERA5_Reanalysis
2019-04-21,34.0,27.5,30.4,39.3,32.6,35.0,0.5,24.6,50.4,165,23.91,1004.7,ward_06_thiruvika_nagar,13.111,80.245,ECMWF_ERA5_Reanalysis
2019-04-22,33.6,27.8,30.4,39.5,34.3,36.1,0.0,19.4,42.8,145,23.19,1005.0,ward_06_thiruvika_nagar,13.111,80.245,ECMWF_ERA5_Reanalysis
2019-04-23,33.8,27.5,30.3,39.8,34.1,36.0,0.0,16.4,38.5,140,23.55,1006.4,ward_06_thiruvika_nagar,13.111,80.245,ECMWF_ERA5_Reanalysis
2019-04-24,33.6,25.9,29.7,38.2,32.2,34.7,0.0,17.8,40.3,140,25.49,1007.4,ward_06_thiruvika_nagar,13.111,80.245,ECMWF_ERA5_Reanalysis
2019-04-25,33.8,26.2,29.8,38.1,32.1,34.4,0.0,17.7,40.7,148,25.59,1007.1,ward_06_thiruvika_nagar,13.111,80.245,ECMWF_ERA5_Reanalysis
2019-04-26,34.3,26.3,30.2,39.5,31.6,34.8,0.0,22.2,48.2,163,24.86,1005.7,ward_06_thiruvika_nagar,13.111,80.245,ECMWF_ERA5_Reanalysis
2019-04-27,34.5,27.2,30.5,39.6,33.3,35.4,0.0,23.3,47.2,163,24.85,1005.3,ward_06_thiruvika_nagar,13.111,80.245,ECMWF_ERA5_Reanalysis
2019-04-28,33.7,26.4,30.2,38.5,32.3,35.1,0.0,22.2,47.5,159,21.37,1005.5,ward_06_thiruvika_nagar,13.111,80.245,ECMWF_ERA5_Reanalysis
2019-04-29,33.9,28.1,30.5,38.9,34.6,35.8,0.2,22.1,45.7,158,17.77,1005.2,ward_06_thiruvika_nagar,13.111,80.245,ECMWF_ERA5_Reanalysis
2019-04-30,35.2,27.9,30.8,41.8,34.3,37.1,0.0,20.1,43.2,135,20.0,1003.3,ward_06_thiruvika_nagar,13.111,80.245,ECMWF_ERA5_Reanalysis
2019-05-01,36.7,28.7,31.5,39.8,34.3,36.2,0.7,17.4,40.3,189,12.73,1001.6,ward_06_thiruvika_nagar,13.111,80.245,ECMWF_ERA5_Reanalysis
2019-05-02,40.1,28.7,32.5,42.4,34.4,36.9,0.0,27.2,54.0,189,19.91,1000.7,ward_06_thiruvika_nagar,13.111,80.245,ECMWF_ERA5_Reanalysis
2019-05-03,38.0,29.0,32.4,42.1,33.7,36.2,0.0,28.2,50.8,189,23.5,1002.6,ward_06_thiruvika_nagar,13.111,80.245,ECMWF_ERA5_Reanalysis
2019-05-04,36.6,28.8,32.0,43.5,33.5,37.3,0.0,19.0,43.9,170,24.07,1005.4,ward_06_thiruvika_nagar,13.111,80.245,ECMWF_ERA5_Reanalysis
2019-05-05,35.3,28.3,31.3,42.4,34.3,36.9,0.0,24.3,51.8,171,24.42,1006.6,ward_06_thiruvika_nagar,13.111,80.245,ECMWF_ERA5_Reanalysis
2019-05-06,35.7,28.7,31.5,42.3,33.7,36.6,0.0,24.6,51.5,171,24.31,1005.1,ward_06_thiruvika_nagar,13.111,80.245,ECMWF_ERA5_Reanalysis
2019-05-07,37.2,28.7,31.8,43.4,33.0,36.5,0.0,26.1,53.3,179,22.06,1004.2,ward_06_thiruvika_nagar,13.111,80.245,ECMWF_ERA5_Reanalysis
2019-05-08,39.1,29.7,32.5,44.3,32.7,36.9,0.0,23.8,47.9,188,23.17,1004.1,ward_06_thiruvika_nagar,13.111,80.245,ECMWF_ERA5_Reanalysis
2019-05-09,38.8,29.6,32.7,44.4,32.1,36.7,0.0,20.2,41.8,186,24.57,1003.2,ward_06_thiruvika_nagar,13.111,80.245,ECMWF_ERA5_Reanalysis
2019-05-10,36.4,29.1,31.8,43.2,33.4,36.4,0.0,24.5,50.8,172,24.12,1003.7,ward_06_thiruvika_nagar,13.111,80.245,ECMWF_ERA5_Reanalysis
2019-05-11,34.8,28.3,30.9,40.5,32.4,35.4,0.0,26.3,54.7,171,24.9,1005.4,ward_06_thiruvika_nagar,13.111,80.245,ECMWF_ERA5_Reanalysis
2019-05-12,33.7,27.1,30.3,38.9,32.3,35.1,0.0,26.6,55.4,165,24.53,1005.3,ward_06_thiruvika_nagar,13.111,80.245,ECMWF_ERA5_Reanalysis
2019-05-13,33.8,27.4,30.2,39.1,32.4,35.1,0.0,23.0,49.3,169,24.69,1004.8,ward_06_thiruvika_nagar,13.111,80.245,ECMWF_ERA5_Reanalysis
2019-05-14,33.9,27.6,30.4,40.2,33.3,36.1,0.0,23.2,49.3,161,24.56,1004.5,ward_06_thiruvika_nagar,13.111,80.245,ECMWF_ERA5_Reanalysis
2019-05-15,34.6,28.2,30.8,41.2,33.9,36.4,0.0,22.3,48.2,161,24.26,1005.4,ward_06_thiruvika_nagar,13.111,80.245,ECMWF_ERA5_Reanalysis
2019-05-16,34.2,28.2,30.7,40.4,34.0,36.2,0.0,22.9,49.0,159,24.2,1006.5,ward_06_thiruvika_nagar,13.111,80.245,ECMWF_ERA5_Reanalysis
2019-05-17,34.4,28.5,30.8,39.7,33.8,35.9,0.0,25.2,53.3,171,24.95,1006.1,ward_06_thiruvika_nagar,13.111,80.245,ECMWF_ERA5_Reanalysis
2019-05-18,34.1,27.6,30.5,39.9,33.9,35.9,0.0,25.5,52.9,169,24.84,1005.2,ward_06_thiruvika_nagar,13.111,80.245,ECMWF_ERA5_Reanalysis
2019-05-19,34.6,27.4,30.4,40.0,32.2,35.0,0.0,26.8,55.1,175,25.28,1005.3,ward_06_thiruvika_nagar,13.111,80.245,ECMWF_ERA5_Reanalysis
2019-05-20,35.3,27.1,30.4,39.4,31.3,34.5,0.0,25.4,52.6,173,25.29,1006.1,ward_06_thiruvika_nagar,13.111,80.245,ECMWF_ERA5_Reanalysis
2019-05-21,34.9,27.7,30.5,38.7,33.0,34.7,0.0,27.5,56.5,173,25.15,1006.1,ward_06_thiruvika_nagar,13.111,80.245,ECMWF_ERA5_Reanalysis
2019-05-22,34.4,27.7,30.4,38.3,33.0,34.9,0.0,26.3,54.7,171,25.18,1005.7,ward_06_thiruvika_nagar,13.111,80.245,ECMWF_ERA5_Reanalysis
2019-05-23,34.4,28.3,30.7,39.4,33.2,35.0,0.0,27.4,56.5,173,25.03,1005.4,ward_06_thiruvika_nagar,13.111,80.245,ECMWF_ERA5_Reanalysis
2019-05-24,34.3,27.6,30.6,40.0,32.7,35.4,0.1,25.8,52.6,171,24.87,1005.4,ward_06_thiruvika_nagar,13.111,80.245,ECMWF_ERA5_Reanalysis
2019-05-25,35.5,28.0,31.1,42.5,32.8,36.1,0.0,26.4,55.1,174,24.62,1003.9,ward_06_thiruvika_nagar,13.111,80.245,ECMWF_ERA5_Reanalysis
2019-05-26,35.6,28.5,31.5,41.9,33.2,36.4,0.0,25.9,54.0,173,25.04,1002.6,ward_06_thiruvika_nagar,13.111,80.245,ECMWF_ERA5_Reanalysis
2019-05-27,35.1,28.5,31.2,41.8,33.1,36.4,0.0,24.0,51.1,169,25.08,1002.7,ward_06_thiruvika_nagar,13.111,80.245,ECMWF_ERA5_Reanalysis
2019-05-28,35.9,28.3,31.4,41.9,33.1,36.6,0.0,23.7,50.8,175,23.36,1002.5,ward_06_thiruvika_nagar,13.111,80.245,ECMWF_ERA5_Reanalysis
2019-05-29,35.7,29.3,31.6,41.3,33.2,36.0,0.0,26.6,54.7,173,24.6,1002.0,ward_06_thiruvika_nagar,13.111,80.245,ECMWF_ERA5_Reanalysis
2019-05-30,35.8,28.8,31.2,42.9,33.1,36.5,0.1,24.1,49.7,169,23.53,1001.9,ward_06_thiruvika_nagar,13.111,80.245,ECMWF_ERA5_Reanalysis
2019-05-31,34.2,26.9,30.7,40.4,29.6,34.8,2.0,28.7,54.0,178,24.49,1002.3,ward_06_thiruvika_nagar,13.111,80.245,ECMWF_ERA5_Reanalysis
2019-06-01,37.7,29.1,31.9,43.8,32.8,36.3,0.0,21.6,46.1,185,22.25,1002.8,ward_06_thiruvika_nagar,13.111,80.245,ECMWF_ERA5_Reanalysis
2019-06-02,37.6,28.8,32.2,44.2,33.1,37.2,0.0,26.6,53.3,183,23.56,1002.4,ward_06_thiruvika_nagar,13.111,80.245,ECMWF_ERA5_Reanalysis
2019-06-03,36.1,28.9,31.7,42.1,33.2,36.5,0.0,19.0,42.5,172,24.26,1002.7,ward_06_thiruvika_nagar,13.111,80.245,ECMWF_ERA5_Reanalysis
2019-06-04,35.2,28.6,31.3,42.9,34.6,37.5,0.0,16.6,37.4,160,23.3,1002.6,ward_06_thiruvika_nagar,13.111,80.245,ECMWF_ERA5_Reanalysis
2019-06-05,34.7,27.5,30.6,41.6,31.9,35.5,0.3,24.7,49.3,177,23.86,1002.7,ward_06_thiruvika_nagar,13.111,80.245,ECMWF_ERA5_Reanalysis
2019-06-06,34.6,27.7,30.7,40.0,32.1,35.1,0.0,27.7,56.5,173,25.0,1002.9,ward_06_thiruvika_nagar,13.111,80.245,ECMWF_ERA5_Reanalysis
2019-06-07,34.8,28.3,30.9,40.1,32.9,35.8,0.0,23.8,49.7,177,23.1,1003.0,ward_06_thiruvika_nagar,13.111,80.245,ECMWF_ERA5_Reanalysis
2019-06-08,36.0,28.7,31.7,42.3,33.5,36.7,0.1,22.3,42.8,168,23.6,1002.7,ward_06_thiruvika_nagar,13.111,80.245,ECMWF_ERA5_Reanalysis
2019-06-09,38.5,28.9,32.8,43.0,33.9,36.5,0.0,28.4,55.4,187,23.86,1001.6,ward_06_thiruvika_nagar,13.111,80.245,ECMWF_ERA5_Reanalysis
2019-06-10,38.4,30.0,33.2,41.7,32.8,35.7,0.0,28.8,58.3,199,24.7,1001.1,ward_06_thiruvika_nagar,13.111,80.245,ECMWF_ERA5_Reanalysis
2019-06-11,35.9,30.2,32.0,38.9,32.0,34.6,0.0,28.6,52.6,192,13.35,1001.3,ward_06_thiruvika_nagar,13.111,80.245,ECMWF_ERA5_Reanalysis
2019-06-12,37.2,30.2,32.9,41.6,32.6,36.2,0.0,24.9,46.8,198,23.36,1001.7,ward_06_thiruvika_nagar,13.111,80.245,ECMWF_ERA5_Reanalysis
2019-06-13,38.3,30.4,33.0,42.6,32.6,36.0,0.3,22.5,50.4,221,23.23,1003.0,ward_06_thiruvika_nagar,13.111,80.245,ECMWF_ERA5_Reanalysis
2019-06-14,38.0,29.9,32.9,41.7,31.9,35.6,0.1,27.7,52.6,207,23.1,1002.7,ward_06_thiruvika_nagar,13.111,80.245,ECMWF_ERA5_Reanalysis
2019-06-15,38.2,30.0,32.5,42.6,33.3,36.0,0.0,23.7,49.0,189,23.79,1002.9,ward_06_thiruvika_nagar,13.111,80.245,ECMWF_ERA5_Reanalysis
2019-06-16,39.5,30.0,32.8,43.3,33.9,36.3,0.1,21.4,45.4,197,23.59,1003.2,ward_06_thiruvika_nagar,13.111,80.245,ECMWF_ERA5_Reanalysis
2019-06-17,39.8,29.8,32.9,40.6,33.5,35.5,0.0,23.1,46.8,201,17.42,1003.6,ward_06_thiruvika_nagar,13.111,80.245,ECMWF_ERA5_Reanalysis
2019-06-18,36.0,28.8,31.7,40.0,34.3,36.2,0.0,19.1,39.2,164,15.25,1002.8,ward_06_thiruvika_nagar,13.111,80.245,ECMWF_ERA5_Reanalysis
2019-06-19,38.6,29.9,32.5,43.3,32.4,35.6,0.1,20.8,46.4,194,22.2,1001.5,ward_06_thiruvika_nagar,13.111,80.245,ECMWF_ERA5_Reanalysis
2019-06-20,38.6,28.1,32.2,42.4,33.5,36.0,1.2,22.0,46.4,198,17.97,1001.9,ward_06_thiruvika_nagar,13.111,80.245,ECMWF_ERA5_Reanalysis
2019-06-21,35.3,27.3,30.9,39.0,33.1,35.5,1.0,17.3,38.9,139,16.75,1001.8,ward_06_thiruvika_nagar,13.111,80.245,ECMWF_ERA5_Reanalysis
2019-06-22,37.3,28.5,31.5,41.0,33.3,35.8,1.7,18.5,44.6,210,17.52,1001.4,ward_06_thiruvika_nagar,13.111,80.245,ECMWF_ERA5_Reanalysis
2019-06-23,35.7,27.1,30.2,41.0,33.4,35.9,1.1,21.9,47.9,161,20.8,1001.2,ward_06_thiruvika_nagar,13.111,80.245,ECMWF_ERA5_Reanalysis
2019-06-24,32.4,26.8,29.7,38.8,33.6,35.4,1.1,16.8,39.2,159,17.79,1002.4,ward_06_thiruvika_nagar,13.111,80.245,ECMWF_ERA5_Reanalysis
2019-06-25,32.3,27.2,29.5,38.7,32.6,35.1,7.9,18.2,40.3,166,20.17,1003.6,ward_06_thiruvika_nagar,13.111,80.245,ECMWF_ERA5_Reanalysis
2019-06-26,31.9,26.4,28.2,36.6,31.2,33.6,27.0,18.5,36.7,196,11.28,1004.4,ward_06_thiruvika_nagar,13.111,80.245,ECMWF_ERA5_Reanalysis
2019-06-27,34.7,26.5,29.6,40.1,31.9,34.6,5.5,22.7,46.4,203,19.06,1002.9,ward_06_thiruvika_nagar,13.111,80.245,ECMWF_ERA5_Reanalysis
2019-06-28,35.2,26.7,30.2,39.7,31.7,34.1,4.1,22.2,44.6,195,21.51,1002.6,ward_06_thiruvika_nagar,13.111,80.245,ECMWF_ERA5_Reanalysis
2019-06-29,37.1,28.4,31.8,40.2,31.6,35.3,0.1,17.3,38.2,232,21.87,1002.3,ward_06_thiruvika_nagar,13.111,80.245,ECMWF_ERA5_Reanalysis
2019-06-30,36.2,28.5,31.6,37.8,32.4,35.0,0.1,25.1,54.0,252,17.14,1002.0,ward_06_thiruvika_nagar,13.111,80.245,ECMWF_ERA5_Reanalysis
2019-07-01,36.8,28.1,30.9,41.0,32.2,35.1,0.2,28.4,58.0,198,19.79,1001.1,ward_06_thiruvika_nagar,13.111,80.245,ECMWF_ERA5_Reanalysis
2019-07-02,35.6,28.2,31.1,38.0,32.8,34.7,0.7,26.0,51.8,204,14.43,1001.1,ward_06_thiruvika_nagar,13.111,80.245,ECMWF_ERA5_Reanalysis
2019-07-03,35.9,28.7,31.1,40.4,31.4,34.7,1.0,27.6,60.8,195,21.28,1002.3,ward_06_thiruvika_nagar,13.111,80.245,ECMWF_ERA5_Reanalysis
2019-07-04,36.3,28.9,31.6,40.7,31.9,34.8,0.5,29.8,57.2,197,20.92,1002.1,ward_06_thiruvika_nagar,13.111,80.245,ECMWF_ERA5_Reanalysis
2019-07-05,35.1,29.4,31.2,37.2,31.7,34.1,1.0,23.2,55.1,205,13.81,1001.5,ward_06_thiruvika_nagar,13.111,80.245,ECMWF_ERA5_Reanalysis
2019-07-06,35.3,29.3,31.3,37.3,31.4,34.1,0.0,23.4,43.2,207,12.59,1001.8,ward_06_thiruvika_nagar,13.111,80.245,ECMWF_ERA5_Reanalysis
2019-07-07,37.1,29.4,31.7,41.2,31.3,34.3,0.0,31.6,61.6,200,22.82,1002.6,ward_06_thiruvika_nagar,13.111,80.245,ECMWF_ERA5_Reanalysis
2019-07-08,37.7,29.4,31.6,40.6,30.7,33.9,0.0,25.0,54.7,213,20.45,1003.7,ward_06_thiruvika_nagar,13.111,80.245,ECMWF_ERA5_Reanalysis
2019-07-09,36.8,27.8,31.5,39.5,31.2,33.9,1.2,26.1,49.0,207,19.23,1003.8,ward_06_thiruvika_nagar,13.111,80.245,ECMWF_ERA5_Reanalysis
2019-07-10,34.9,25.4,29.8,39.3,29.6,33.8,0.1,28.2,55.4,190,20.5,1003.9,ward_06_thiruvika_nagar,13.111,80.245,ECMWF_ERA5_Reanalysis
2019-07-11,34.3,26.9,30.0,37.3,30.1,32.7,0.3,23.2,47.2,203,15.78,1005.4,ward_06_thiruvika_nagar,13.111,80.245,ECMWF_ERA5_Reanalysis
2019-07-12,33.7,26.2,29.4,38.7,29.7,33.6,1.9,23.3,47.5,177,23.08,1006.5,ward_06_thiruvika_nagar,13.111,80.245,ECMWF_ERA5_Reanalysis
2019-07-13,33.2,26.7,29.6,39.2,31.7,34.0,0.8,23.5,46.4,184,21.63,1006.7,ward_06_thiruvika_nagar,13.111,80.245,ECMWF_ERA5_Reanalysis
2019-07-14,33.5,26.7,29.5,40.4,30.6,34.3,0.3,19.1,38.5,187,22.42,1005.7,ward_06_thiruvika_nagar,13.111,80.245,ECMWF_ERA5_Reanalysis
2019-07-15,33.9,26.4,29.5,40.7,30.4,34.2,1.7,18.6,38.5,195,22.27,1004.1,ward_06_thiruvika_nagar,13.111,80.245,ECMWF_ERA5_Reanalysis
2019-07-16,34.0,26.5,29.6,41.3,31.9,35.2,0.0,17.1,36.0,191,22.78,1003.6,ward_06_thiruvika_nagar,13.111,80.245,ECMWF_ERA5_Reanalysis
2019-07-17,33.0,27.2,29.9,41.1,32.3,35.4,0.5,14.2,25.2,212,19.45,1002.5,ward_06_thiruvika_nagar,13.111,80.245,ECMWF_ERA5_Reanalysis
2019-07-18,34.3,26.3,29.6,41.8,31.1,35.1,10.0,16.6,35.6,193,22.28,1000.9,ward_06_thiruvika_nagar,13.111,80.245,ECMWF_ERA5_Reanalysis
2019-07-19,32.1,26.0,28.5,37.6,30.6,33.9,2.0,16.1,31.0,208,13.92,1000.4,ward_06_thiruvika_nagar,13.111,80.245,ECMWF_ERA5_Reanalysis
2019-07-20,32.2,27.0,29.4,38.0,30.4,33.9,2.4,15.8,34.6,180,22.53,1000.8,ward_06_thiruvika_nagar,13.111,80.245,ECMWF_ERA5_Reanalysis
2019-07-21,33.9,26.6,29.8,40.4,31.4,35.0,3.4,19.1,37.1,199,21.06,1001.4,ward_06_thiruvika_nagar,13.111,80.245,ECMWF_ERA5_Reanalysis
2019-07-22,27.9,25.8,27.0,34.0,30.4,32.5,11.5,14.1,34.9,200,5.05,1002.1,ward_06_thiruvika_nagar,13.111,80.245,ECMWF_ERA5_Reanalysis
2019-07-23,30.8,25.2,27.2,35.7,28.6,31.7,11.0,16.3,34.6,217,12.94,1002.9,ward_06_thiruvika_nagar,13.111,80.245,ECMWF_ERA5_Reanalysis
2019-07-24,33.2,26.0,29.0,39.7,31.1,34.2,4.9,18.6,36.7,192,23.09,1003.5,ward_06_thiruvika_nagar,13.111,80.245,ECMWF_ERA5_Reanalysis
2019-07-25,32.4,25.1,28.7,39.2,29.6,34.0,2.9,14.8,34.2,204,20.81,1004.9,ward_06_thiruvika_nagar,13.111,80.245,ECMWF_ERA5_Reanalysis
2019-07-26,31.7,26.4,28.5,36.3,30.2,33.1,4.8,13.8,27.7,225,11.92,1004.5,ward_06_thiruvika_nagar,13.111,80.245,ECMWF_ERA5_Reanalysis
2019-07-27,31.4,26.6,28.8,35.6,30.5,32.8,0.9,18.1,42.1,216,11.25,1003.9,ward_06_thiruvika_nagar,13.111,80.245,ECMWF_ERA5_Reanalysis
2019-07-28,33.0,26.9,28.9,37.2,29.9,32.9,1.6,15.2,27.7,232,13.36,1003.7,ward_06_thiruvika_nagar,13.111,80.245,ECMWF_ERA5_Reanalysis
2019-07-29,33.1,26.4,29.1,35.8,31.4,33.2,0.0,17.7,34.2,212,13.72,1004.0,ward_06_thiruvika_nagar,13.111,80.245,ECMWF_ERA5_Reanalysis
2019-07-30,33.5,26.6,29.2,38.0,30.6,33.6,0.0,17.1,33.1,203,16.47,1005.2,ward_06_thiruvika_nagar,13.111,80.245,ECMWF_ERA5_Reanalysis
2019-07-31,34.1,27.1,29.6,39.9,31.6,33.9,0.0,21.5,38.2,200,21.56,1005.4,ward_06_thiruvika_nagar,13.111,80.245,ECMWF_ERA5_Reanalysis
2019-08-01,34.0,27.8,29.7,36.7,30.6,33.3,0.0,23.3,42.5,205,12.48,1004.8,ward_06_thiruvika_nagar,13.111,80.245,ECMWF_ERA5_Reanalysis
2019-08-02,32.6,26.8,29.3,34.4,30.9,33.2,0.2,17.8,36.4,212,10.53,1004.5,ward_06_thiruvika_nagar,13.111,80.245,ECMWF_ERA5_Reanalysis
2019-08-03,34.3,27.3,29.9,36.3,30.1,33.4,0.0,22.2,41.4,214,16.39,1004.3,ward_06_thiruvika_nagar,13.111,80.245,ECMWF_ERA5_Reanalysis
2019-08-04,35.3,27.7,30.0,39.8,29.6,33.7,0.3,27.5,54.7,203,21.15,1003.5,ward_06_thiruvika_nagar,13.111,80.245,ECMWF_ERA5_Reanalysis
2019-08-05,31.7,26.4,28.8,34.1,28.9,31.5,6.8,29.2,52.2,244,9.3,1002.8,ward_06_thiruvika_nagar,13.111,80.245,ECMWF_ERA5_Reanalysis
2019-08-06,35.3,27.1,30.1,38.2,29.1,31.7,0.6,27.3,61.9,251,15.67,1001.9,ward_06_thiruvika_nagar,13.111,80.245,ECMWF_ERA5_Reanalysis
2019-08-07,35.6,27.7,30.1,37.5,29.9,32.6,3.2,25.0,60.5,225,15.9,1001.0,ward_06_thiruvika_nagar,13.111,80.245,ECMWF_ERA5_Reanalysis
2019-08-08,33.7,27.7,30.2,35.6,29.7,32.7,2.0,26.1,61.6,216,19.06,1000.7,ward_06_thiruvika_nagar,13.111,80.245,ECMWF_ERA5_Reanalysis
2019-08-09,34.6,27.2,30.7,37.6,30.3,33.6,0.0,24.3,48.2,227,20.8,1002.2,ward_06_thiruvika_nagar,13.111,80.245,ECMWF_ERA5_Reanalysis
2019-08-10,34.8,27.4,30.8,39.5,30.3,33.7,1.0,21.1,41.8,238,19.9,1003.0,ward_06_thiruvika_nagar,13.111,80.245,ECMWF_ERA5_Reanalysis
2019-08-11,35.5,27.4,30.0,38.6,30.9,33.4,0.3,21.3,44.3,229,22.27,1002.7,ward_06_thiruvika_nagar,13.111,80.245,ECMWF_ERA5_Reanalysis
2019-08-12,35.4,27.2,30.4,41.3,30.2,33.6,0.1,20.0,38.2,231,21.75,1002.3,ward_06_thiruvika_nagar,13.111,80.245,ECMWF_ERA5_Reanalysis
2019-08-13,34.7,26.6,29.7,40.2,30.8,33.9,13.1,16.5,40.3,214,17.66,1003.0,ward_06_thiruvika_nagar,13.111,80.245,ECMWF_ERA5_Reanalysis
2019-08-14,34.6,25.6,29.2,40.7,29.9,33.9,5.1,18.0,36.7,206,22.83,1004.3,ward_06_thiruvika_nagar,13.111,80.245,ECMWF_ERA5_Reanalysis
2019-08-15,33.4,26.3,29.0,40.9,30.6,34.2,1.8,18.9,43.9,205,22.7,1005.3,ward_06_thiruvika_nagar,13.111,80.245,ECMWF_ERA5_Reanalysis
2019-08-16,33.4,26.1,29.4,40.7,31.7,34.9,5.4,14.3,28.4,190,22.67,1004.5,ward_06_thiruvika_nagar,13.111,80.245,ECMWF_ERA5_Reanalysis
2019-08-17,32.8,25.0,27.9,38.9,29.0,32.8,25.5,17.4,40.7,255,21.15,1004.3,ward_06_thiruvika_nagar,13.111,80.245,ECMWF_ERA5_Reanalysis
2019-08-18,31.4,24.9,27.5,37.6,28.9,32.3,21.0,16.6,36.0,221,16.17,1005.5,ward_06_thiruvika_nagar,13.111,80.245,ECMWF_ERA5_Reanalysis
2019-08-19,31.8,24.5,27.7,39.5,28.3,33.0,12.3,18.4,38.2,191,23.88,1005.9,ward_06_thiruvika_nagar,13.111,80.245,ECMWF_ERA5_Reanalysis
2019-08-20,32.8,25.3,28.2,39.6,29.3,33.8,10.4,14.3,29.9,231,21.97,1005.2,ward_06_thiruvika_nagar,13.111,80.245,ECMWF_ERA5_Reanalysis
2019-08-21,32.5,25.7,28.7,38.4,29.5,33.4,6.3,16.4,34.6,242,18.64,1004.1,ward_06_thiruvika_nagar,13.111,80.245,ECMWF_ERA5_Reanalysis
2019-08-22,31.5,25.3,28.1,35.0,29.4,31.9,0.1,20.2,42.5,247,16.52,1004.1,ward_06_thiruvika_nagar,13.111,80.245,ECMWF_ERA5_Reanalysis
2019-08-23,32.6,25.5,28.6,37.7,29.8,32.6,1.2,22.0,44.6,243,22.14,1004.6,ward_06_thiruvika_nagar,13.111,80.245,ECMWF_ERA5_Reanalysis
2019-08-24,33.1,25.6,28.5,38.3,28.9,32.6,1.9,17.2,43.6,230,20.88,1004.8,ward_06_thiruvika_nagar,13.111,80.245,ECMWF_ERA5_Reanalysis
2019-08-25,33.1,25.8,29.0,37.5,30.3,33.1,0.1,18.2,42.1,215,21.84,1004.2,ward_06_thiruvika_nagar,13.111,80.245,ECMWF_ERA5_Reanalysis
2019-08-26,32.5,27.2,29.2,38.9,30.4,33.3,1.0,20.6,48.6,201,21.99,1004.0,ward_06_thiruvika_nagar,13.111,80.245,ECMWF_ERA5_Reanalysis
2019-08-27,32.9,26.9,29.2,39.1,30.0,33.3,0.3,21.3,43.6,199,22.55,1003.5,ward_06_thiruvika_nagar,13.111,80.245,ECMWF_ERA5_Reanalysis
2019-08-28,32.6,26.8,29.0,38.6,30.1,33.2,0.0,18.6,37.4,197,19.88,1004.3,ward_06_thiruvika_nagar,13.111,80.245,ECMWF_ERA5_Reanalysis
2019-08-29,33.8,26.7,29.5,40.7,32.0,34.5,3.4,20.5,38.2,200,23.1,1004.0,ward_06_thiruvika_nagar,13.111,80.245,ECMWF_ERA5_Reanalysis
2019-08-30,35.0,26.2,29.3,39.5,30.3,33.4,2.5,15.6,41.0,235,18.86,1002.3,ward_06_thiruvika_nagar,13.111,80.245,ECMWF_ERA5_Reanalysis
2019-08-31,32.8,26.0,28.8,36.9,30.0,32.9,0.6,17.2,37.8,219,14.11,1001.5,ward_06_thiruvika_nagar,13.111,80.245,ECMWF_ERA5_Reanalysis
2019-09-01,31.0,25.9,28.1,36.4,31.4,33.3,3.3,13.6,41.0,207,13.07,1003.4,ward_06_thiruvika_nagar,13.111,80.245,ECMWF_ERA5_Reanalysis
2019-09-02,31.2,26.2,28.2,36.0,29.8,32.6,2.4,17.9,34.9,209,10.61,1004.4,ward_06_thiruvika_nagar,13.111,80.245,ECMWF_ERA5_Reanalysis
2019-09-03,31.9,26.0,28.6,35.1,30.0,32.4,0.8,20.2,40.7,220,13.29,1003.7,ward_06_thiruvika_nagar,13.111,80.245,ECMWF_ERA5_Reanalysis
2019-09-04,31.0,26.2,28.3,35.3,30.4,32.9,2.7,17.0,47.5,213,12.28,1002.9,ward_06_thiruvika_nagar,13.111,80.245,ECMWF_ERA5_Reanalysis
2019-09-05,33.7,26.4,29.3,37.5,30.1,32.9,0.0,24.0,47.9,217,19.11,1002.5,ward_06_thiruvika_nagar,13.111,80.245,ECMWF_ERA5_Reanalysis
2019-09-06,35.2,26.9,29.8,37.6,29.8,33.2,2.5,25.6,51.1,214,18.61,1002.4,ward_06_thiruvika_nagar,13.111,80.245,ECMWF_ERA5_Reanalysis
2019-09-07,35.6,26.6,29.8,37.8,30.0,33.5,0.4,24.5,52.6,215,19.46,1003.3,ward_06_thiruvika_nagar,13.111,80.245,ECMWF_ERA5_Reanalysis
2019-09-08,35.4,27.4,30.1,38.7,29.9,33.4,0.5,20.0,43.9,210,20.28,1004.4,ward_06_thiruvika_nagar,13.111,80.245,ECMWF_ERA5_Reanalysis
2019-09-09,34.7,26.3,29.4,39.3,29.9,33.4,5.7,21.3,39.2,195,18.77,1004.5,ward_06_thiruvika_nagar,13.111,80.245,ECMWF_ERA5_Reanalysis
2019-09-10,32.4,25.0,28.6,39.0,28.8,33.4,12.9,21.2,42.1,175,21.47,1004.7,ward_06_thiruvika_nagar,13.111,80.245,ECMWF_ERA5_Reanalysis
2019-09-11,31.8,25.9,28.3,39.0,30.2,33.3,4.1,18.0,36.0,185,19.16,1005.9,ward_06_thiruvika_nagar,13.111,80.245,ECMWF_ERA5_Reanalysis
2019-09-12,32.7,25.2,28.2,39.9,29.6,33.3,7.0,19.2,40.3,193,23.31,1007.0,ward_06_thiruvika_nagar,13.111,80.245,ECMWF_ERA5_Reanalysis
2019-09-13,31.7,25.9,28.1,38.6,29.6,33.0,2.8,20.2,36.7,194,17.04,1007.5,ward_06_thiruvika_nagar,13.111,80.245,ECMWF_ERA5_Reanalysis
2019-09-14,31.8,25.3,28.2,38.4,30.4,33.2,3.5,19.4,35.6,190,22.55,1006.9,ward_06_thiruvika_nagar,13.111,80.245,ECMWF_ERA5_Reanalysis
2019-09-15,31.7,25.5,28.2,40.2,29.5,33.5,2.8,21.1,38.2,200,22.87,1006.2,ward_06_thiruvika_nagar,13.111,80.245,ECMWF_ERA5_Reanalysis
2019-09-16,32.1,25.4,28.2,40.4,29.2,33.6,21.3,14.8,32.8,236,21.84,1004.4,ward_06_thiruvika_nagar,13.111,80.245,ECMWF_ERA5_Reanalysis
2019-09-17,29.0,25.5,26.9,34.8,30.0,32.1,6.8,14.8,28.8,244,9.96,1003.9,ward_06_thiruvika_nagar,13.111,80.245,ECMWF_ERA5_Reanalysis
2019-09-18,30.0,24.5,26.9,34.8,29.1,31.8,27.4,15.0,33.1,211,15.22,1004.4,ward_06_thiruvika_nagar,13.111,80.245,ECMWF_ERA5_Reanalysis
2019-09-19,30.1,24.4,26.5,35.7,29.0,31.6,31.9,13.1,28.8,213,13.51,1005.6,ward_06_thiruvika_nagar,13.111,80.245,ECMWF_ERA5_Reanalysis
2019-09-20,30.5,24.3,27.3,37.8,28.9,33.0,10.2,13.7,30.2,196,18.89,1005.9,ward_06_thiruvika_nagar,13.111,80.245,ECMWF_ERA5_Reanalysis
2019-09-21,31.1,25.4,28.0,38.9,30.1,34.1,4.1,13.5,28.4,193,22.09,1005.3,ward_06_thiruvika_nagar,13.111,80.245,ECMWF_ERA5_Reanalysis
2019-09-22,30.7,25.8,27.8,39.6,31.4,34.5,8.4,11.3,24.5,177,20.33,1005.7,ward_06_thiruvika_nagar,13.111,80.245,ECMWF_ERA5_Reanalysis
2019-09-23,30.2,25.0,27.6,38.4,29.9,33.7,2.3,11.6,32.4,154,20.93,1006.2,ward_06_thiruvika_nagar,13.111,80.245,ECMWF_ERA5_Reanalysis
2019-09-24,30.1,25.0,27.4,37.1,30.0,32.5,4.4,18.5,38.2,177,17.44,1005.9,ward_06_thiruvika_nagar,13.111,80.245,ECMWF_ERA5_Reanalysis
2019-09-25,28.9,25.2,27.0,32.8,28.3,30.3,11.6,27.7,52.6,173,17.28,1007.4,ward_06_thiruvika_nagar,13.111,80.245,ECMWF_ERA5_Reanalysis
2019-09-26,29.5,25.7,27.8,32.6,28.5,31.1,2.3,25.1,51.1,173,19.72,1010.6,ward_06_thiruvika_nagar,13.111,80.245,ECMWF_ERA5_Reanalysis
2019-09-27,30.0,25.3,27.7,36.6,31.3,33.3,0.8,13.3,31.3,161,21.98,1012.1,ward_06_thiruvika_nagar,13.111,80.245,ECMWF_ERA5_Reanalysis
2019-09-28,29.6,25.1,27.5,35.5,30.5,32.8,0.3,14.0,31.7,148,22.24,1011.0,ward_06_thiruvika_nagar,13.111,80.245,ECMWF_ERA5_Reanalysis
2019-09-29,29.2,25.6,27.4,35.0,31.3,32.5,3.5,12.8,29.9,133,19.85,1011.3,ward_06_thiruvika_nagar,13.111,80.245,ECMWF_ERA5_Reanalysis
2019-09-30,29.0,25.4,27.2,34.6,30.3,31.9,3.1,18.5,37.4,157,21.44,1010.5,ward_06_thiruvika_nagar,13.111,80.245,ECMWF_ERA5_Reanalysis
2019-10-01,30.2,25.5,27.8,36.5,30.3,32.7,0.9,17.4,36.4,172,21.2,1009.7,ward_06_thiruvika_nagar,13.111,80.245,ECMWF_ERA5_Reanalysis
2019-10-02,30.9,24.9,27.9,37.6,29.7,33.2,1.4,17.1,36.0,168,22.95,1009.6,ward_06_thiruvika_nagar,13.111,80.245,ECMWF_ERA5_Reanalysis
2019-10-03,30.4,25.9,28.1,36.2,31.7,33.1,0.9,19.3,40.0,170,21.74,1009.0,ward_06_thiruvika_nagar,13.111,80.245,ECMWF_ERA5_Reanalysis
2019-10-04,30.5,25.4,27.8,37.3,30.6,33.1,1.6,17.1,36.0,172,20.85,1008.6,ward_06_thiruvika_nagar,13.111,80.245,ECMWF_ERA5_Reanalysis
2019-10-05,30.0,25.2,27.7,35.3,30.6,32.7,1.1,17.9,38.5,174,20.76,1008.0,ward_06_thiruvika_nagar,13.111,80.245,ECMWF_ERA5_Reanalysis
2019-10-06,30.3,25.7,27.9,36.4,30.8,32.7,1.5,18.2,37.8,170,20.4,1008.5,ward_06_thiruvika_nagar,13.111,80.245,ECMWF_ERA5_Reanalysis
2019-10-07,30.9,25.7,28.1,37.4,30.7,33.3,1.6,15.1,33.1,169,21.59,1008.4,ward_06_thiruvika_nagar,13.111,80.245,ECMWF_ERA5_Reanalysis
2019-10-08,30.6,24.7,27.7,36.7,29.7,32.7,2.5,16.3,35.3,177,22.2,1008.0,ward_06_thiruvika_nagar,13.111,80.245,ECMWF_ERA5_Reanalysis
2019-10-09,30.3,25.2,27.9,35.3,30.7,32.8,0.3,17.9,38.5,164,20.56,1007.9,ward_06_thiruvika_nagar,13.111,80.245,ECMWF_ERA5_Reanalysis
2019-10-10,30.7,25.8,28.3,36.2,30.8,33.3,0.2,17.6,37.8,164,21.91,1008.2,ward_06_thiruvika_nagar,13.111,80.245,ECMWF_ERA5_Reanalysis
2019-10-11,30.3,25.8,28.0,35.8,31.6,33.1,0.8,15.3,34.2,154,20.85,1008.2,ward_06_thiruvika_nagar,13.111,80.245,ECMWF_ERA5_Reanalysis
2019-10-12,30.2,26.2,28.3,36.2,31.2,33.6,1.2,13.8,32.0,133,20.14,1008.3,ward_06_thiruvika_nagar,13.111,80.245,ECMWF_ERA5_Reanalysis
2019-10-13,30.6,26.0,28.3,36.8,31.7,33.8,1.4,13.6,31.0,111,21.37,1008.7,ward_06_thiruvika_nagar,13.111,80.245,ECMWF_ERA5_Reanalysis
2019-10-14,30.4,25.7,28.1,36.3,30.7,33.3,3.9,17.5,35.6,64,20.45,1009.2,ward_06_thiruvika_nagar,13.111,80.245,ECMWF_ERA5_Reanalysis
2019-10-15,29.9,25.2,27.0,35.7,29.8,32.0,17.5,15.6,34.2,48,18.0,1008.7,ward_06_thiruvika_nagar,13.111,80.245,ECMWF_ERA5_Reanalysis
2019-10-16,28.3,24.9,26.6,32.2,30.2,31.2,10.1,19.1,38.5,71,9.99,1008.7,ward_06_thiruvika_nagar,13.111,80.245,ECMWF_ERA5_Reanalysis
2019-10-17,28.6,24.9,26.4,34.2,29.8,31.5,12.6,13.0,29.2,96,13.68,1009.2,ward_06_thiruvika_nagar,13.111,80.245,ECMWF_ERA5_Reanalysis
2019-10-18,29.2,25.1,26.8,34.8,29.8,31.8,7.2,13.9,32.0,94,18.06,1009.1,ward_06_thiruvika_nagar,13.111,80.245,ECMWF_ERA5_Reanalysis
2019-10-19,28.6,25.3,26.7,34.5,30.2,31.7,5.8,12.8,29.2,69,14.75,1009.6,ward_06_thiruvika_nagar,13.111,80.245,ECMWF_ERA5_Reanalysis
2019-10-20,27.9,25.4,26.4,32.7,30.3,31.6,15.5,12.6,32.0,93,13.01,1009.1,ward_06_thiruvika_nagar,13.111,80.245,ECMWF_ERA5_Reanalysis
2019-10-21,28.6,23.9,25.7,33.9,28.2,31.0,20.9,14.1,30.6,30,8.85,1008.0,ward_06_thiruvika_nagar,13.111,80.245,ECMWF_ERA5_Reanalysis
2019-10-22,26.3,23.6,24.8,30.6,27.6,29.0,17.7,15.8,31.0,311,5.41,1006.3,ward_06_thiruvika_nagar,13.111,80.245,ECMWF_ERA5_Reanalysis
2019-10-23,31.1,24.0,27.2,36.1,27.9,31.7,3.6,13.3,24.8,235,19.85,1005.5,ward_06_thiruvika_nagar,13.111,80.245,ECMWF_ERA5_Reanalysis
2019-10-24,27.6,24.0,25.9,32.6,27.9,30.8,17.0,14.9,29.2,215,6.49,1007.1,ward_06_thiruvika_nagar,13.111,80.245,ECMWF_ERA5_Reanalysis
2019-10-25,30.4,24.6,27.5,36.5,29.7,32.5,1.3,16.7,33.8,178,18.28,1007.5,ward_06_thiruvika_nagar,13.111,80.245,ECMWF_ERA5_Reanalysis
2019-10-26,29.7,25.0,27.4,34.9,29.8,32.4,9.4,16.1,33.8,180,16.68,1008.6,ward_06_thiruvika_nagar,13.111,80.245,ECMWF_ERA5_Reanalysis
2019-10-27,29.7,24.7,27.4,36.1,30.4,32.9,0.5,12.7,29.9,82,19.28,1009.0,ward_06_thiruvika_nagar,13.111,80.245,ECMWF_ERA5_Reanalysis
2019-10-28,29.0,24.9,27.1,34.2,29.6,31.9,7.4,15.1,39.2,51,16.5,1009.3,ward_06_thiruvika_nagar,13.111,80.245,ECMWF_ERA5_Reanalysis
2019-10-29,27.6,25.2,26.2,31.7,28.6,30.3,21.5,17.8,46.1,74,8.29,1009.4,ward_06_thiruvika_nagar,13.111,80.245,ECMWF_ERA5_Reanalysis
2019-10-30,26.9,24.9,25.6,31.1,29.2,29.8,33.6,17.7,34.9,120,6.69,1009.6,ward_06_thiruvika_nagar,13.111,80.245,ECMWF_ERA5_Reanalysis
2019-10-31,28.3,24.5,26.2,32.7,29.2,31.0,7.7,18.4,39.2,169,14.99,1009.3,ward_06_thiruvika_nagar,13.111,80.245,ECMWF_ERA5_Reanalysis
2019-11-01,29.6,24.2,26.9,35.7,29.0,32.1,2.2,12.6,29.2,106,20.67,1009.1,ward_06_thiruvika_nagar,13.111,80.245,ECMWF_ERA5_Reanalysis
2019-11-02,29.4,24.5,27.3,35.6,29.8,32.8,1.0,13.0,29.2,59,19.07,1009.5,ward_06_thiruvika_nagar,13.111,80.245,ECMWF_ERA5_Reanalysis
2019-11-03,30.0,24.6,27.2,35.1,29.6,32.3,1.0,14.8,32.8,35,20.19,1010.7,ward_06_thiruvika_nagar,13.111,80.245,ECMWF_ERA5_Reanalysis
2019-11-04,30.3,24.8,27.1,36.3,29.7,32.2,0.0,11.9,27.4,26,21.34,1010.9,ward_06_thiruvika_nagar,13.111,80.245,ECMWF_ERA5_Reanalysis
2019-11-05,30.8,23.5,26.9,35.5,28.1,31.8,0.0,14.0,31.3,18,21.76,1008.8,ward_06_thiruvika_nagar,13.111,80.245,ECMWF_ERA5_Reanalysis
2019-11-06,31.1,23.7,27.2,36.8,28.1,32.2,0.0,12.6,28.1,37,20.69,1007.1,ward_06_thiruvika_nagar,13.111,80.245,ECMWF_ERA5_Reanalysis
2019-11-07,30.3,24.0,27.0,36.6,28.4,32.2,0.5,8.8,24.1,158,18.27,1007.0,ward_06_thiruvika_nagar,13.111,80.245,ECMWF_ERA5_Reanalysis
2019-11-08,31.6,24.6,27.8,37.2,28.9,33.0,0.3,10.5,24.1,205,20.19,1007.5,ward_06_thiruvika_nagar,13.111,80.245,ECMWF_ERA5_Reanalysis
2019-11-09,31.5,24.9,27.7,39.0,28.9,33.2,1.4,11.8,23.8,227,19.14,1008.1,ward_06_thiruvika_nagar,13.111,80.245,ECMWF_ERA5_Reanalysis
2019-11-10,30.4,24.7,27.2,36.6,29.4,32.5,1.1,10.8,29.2,69,19.3,1008.2,ward_06_thiruvika_nagar,13.111,80.245,ECMWF_ERA5_Reanalysis
2019-11-11,29.9,23.3,26.8,35.0,27.8,31.3,0.0,12.1,28.4,40,20.78,1008.7,ward_06_thiruvika_nagar,13.111,80.245,ECMWF_ERA5_Reanalysis
2019-11-12,29.9,25.4,27.5,34.0,30.0,31.4,0.5,17.2,36.7,49,19.83,1009.8,ward_06_thiruvika_nagar,13.111,80.245,ECMWF_ERA5_Reanalysis
2019-11-13,29.6,25.5,27.6,32.6,28.5,30.7,2.0,20.0,40.7,55,16.93,1010.5,ward_06_thiruvika_nagar,13.111,80.245,ECMWF_ERA5_Reanalysis
2019-11-14,28.2,24.5,26.1,33.5,28.0,30.7,12.1,14.8,33.5,63,15.29,1010.5,ward_06_thiruvika_nagar,13.111,80.245,ECMWF_ERA5_Reanalysis
2019-11-15,28.1,24.4,25.9,32.6,29.2,30.5,8.5,14.2,32.0,54,13.62,1010.4,ward_06_thiruvika_nagar,13.111,80.245,ECMWF_ERA5_Reanalysis
2019-11-16,29.0,24.7,26.7,33.7,29.9,31.3,4.2,15.1,31.0,44,15.52,1010.2,ward_06_thiruvika_nagar,13.111,80.245,ECMWF_ERA5_Reanalysis
2019-11-17,29.1,24.1,26.4,32.4,28.6,30.5,5.0,16.9,38.5,12,14.32,1010.2,ward_06_thiruvika_nagar,13.111,80.245,ECMWF_ERA5_Reanalysis
2019-11-18,28.7,25.6,26.9,34.6,30.8,32.1,4.1,11.5,32.4,54,14.61,1010.3,ward_06_thiruvika_nagar,13.111,80.245,ECMWF_ERA5_Reanalysis
2019-11-19,29.0,24.4,26.6,34.4,29.6,31.5,1.4,14.4,32.0,30,16.08,1010.1,ward_06_thiruvika_nagar,13.111,80.245,ECMWF_ERA5_Reanalysis
2019-11-20,27.8,24.4,25.8,32.9,28.7,30.3,20.5,15.6,33.1,51,11.88,1009.8,ward_06_thiruvika_nagar,13.111,80.245,ECMWF_ERA5_Reanalysis
2019-11-21,28.7,25.0,26.4,32.5,28.7,30.0,7.8,20.1,41.0,58,13.79,1010.8,ward_06_thiruvika_nagar,13.111,80.245,ECMWF_ERA5_Reanalysis
2019-11-22,28.7,24.6,26.3,31.6,28.3,29.6,6.0,20.8,44.3,54,15.08,1011.8,ward_06_thiruvika_nagar,13.111,80.245,ECMWF_ERA5_Reanalysis
2019-11-23,27.6,24.0,25.8,31.9,27.9,29.2,6.5,19.5,41.4,40,15.11,1011.9,ward_06_thiruvika_nagar,13.111,80.245,ECMWF_ERA5_Reanalysis
2019-11-24,29.2,24.7,26.7,32.6,28.1,29.6,0.2,17.0,34.9,29,17.43,1010.9,ward_06_thiruvika_nagar,13.111,80.245,ECMWF_ERA5_Reanalysis
2019-11-25,28.5,24.1,26.1,32.6,27.9,29.4,10.9,21.4,44.3,44,15.46,1010.9,ward_06_thiruvika_nagar,13.111,80.245,ECMWF_ERA5_Reanalysis
2019-11-26,28.7,24.6,26.3,31.5,27.3,29.2,3.5,21.0,42.5,51,15.14,1009.9,ward_06_thiruvika_nagar,13.111,80.245,ECMWF_ERA5_Reanalysis
2019-11-27,27.8,25.2,26.4,31.8,28.7,30.2,4.9,18.8,38.5,57,13.11,1009.7,ward_06_thiruvika_nagar,13.111,80.245,ECMWF_ERA5_Reanalysis
2019-11-28,27.8,24.7,25.9,31.2,28.4,29.7,10.6,18.3,34.9,59,6.69,1010.3,ward_06_thiruvika_nagar,13.111,80.245,ECMWF_ERA5_Reanalysis
2019-11-29,28.8,24.8,26.7,32.4,28.6,30.4,4.8,23.1,46.1,48,13.53,1010.2,ward_06_thiruvika_nagar,13.111,80.245,ECMWF_ERA5_Reanalysis
2019-11-30,27.1,24.8,25.7,30.4,27.9,29.4,24.8,19.5,41.0,71,7.6,1010.4,ward_06_thiruvika_nagar,13.111,80.245,ECMWF_ERA5_Reanalysis
2019-12-01,26.3,24.7,25.2,30.1,27.6,28.7,43.5,28.8,51.8,94,5.26,1010.6,ward_06_thiruvika_nagar,13.111,80.245,ECMWF_ERA5_Reanalysis
2019-12-02,28.3,24.4,26.5,32.9,28.8,30.5,10.9,17.6,33.8,68,7.29,1010.9,ward_06_thiruvika_nagar,13.111,80.245,ECMWF_ERA5_Reanalysis
2019-12-03,28.6,25.7,27.2,30.6,28.8,29.6,0.3,21.4,43.2,55,13.72,1010.9,ward_06_thiruvika_nagar,13.111,80.245,ECMWF_ERA5_Reanalysis
2019-12-04,28.6,25.4,26.9,30.0,27.7,28.7,1.1,29.2,57.2,53,17.1,1011.9,ward_06_thiruvika_nagar,13.111,80.245,ECMWF_ERA5_Reanalysis
2019-12-05,28.2,25.5,26.7,29.3,27.1,27.9,0.1,25.0,49.3,49,16.64,1013.3,ward_06_thiruvika_nagar,13.111,80.245,ECMWF_ERA5_Reanalysis
2019-12-06,28.0,25.0,26.3,29.6,26.2,27.6,0.2,21.4,42.8,42,18.65,1012.9,ward_06_thiruvika_nagar,13.111,80.245,ECMWF_ERA5_Reanalysis
2019-12-07,26.9,23.7,25.2,30.5,26.4,28.6,7.6,19.9,40.0,56,11.94,1011.9,ward_06_thiruvika_nagar,13.111,80.245,ECMWF_ERA5_Reanalysis
2019-12-08,28.5,24.0,26.0,31.0,27.7,28.9,2.5,18.1,37.4,68,15.65,1012.5,ward_06_thiruvika_nagar,13.111,80.245,ECMWF_ERA5_Reanalysis
2019-12-09,28.3,24.2,26.0,31.0,27.2,28.5,0.4,17.4,36.7,55,18.12,1012.3,ward_06_thiruvika_nagar,13.111,80.245,ECMWF_ERA5_Reanalysis
2019-12-10,27.7,23.9,25.8,30.1,27.0,28.2,0.7,18.0,37.4,53,16.13,1011.2,ward_06_thiruvika_nagar,13.111,80.245,ECMWF_ERA5_Reanalysis
2019-12-11,27.9,22.4,25.4,30.8,25.2,28.0,0.2,15.9,33.5,38,18.49,1010.2,ward_06_thiruvika_nagar,13.111,80.245,ECMWF_ERA5_Reanalysis
2019-12-12,28.5,23.5,26.1,31.5,27.1,28.9,0.2,16.9,35.6,55,17.83,1010.3,ward_06_thiruvika_nagar,13.111,80.245,ECMWF_ERA5_Reanalysis
2019-12-13,28.3,25.0,26.1,31.4,28.4,29.6,3.7,16.1,34.9,73,14.45,1011.2,ward_06_thiruvika_nagar,13.111,80.245,ECMWF_ERA5_Reanalysis
2019-12-14,27.5,24.3,25.8,30.4,28.3,29.1,5.0,21.6,42.8,63,11.75,1012.7,ward_06_thiruvika_nagar,13.111,80.245,ECMWF_ERA5_Reanalysis
2019-12-15,28.4,24.3,26.0,32.0,27.2,28.9,1.1,18.2,36.7,56,17.5,1012.0,ward_06_thiruvika_nagar,13.111,80.245,ECMWF_ERA5_Reanalysis
2019-12-16,27.3,23.7,25.5,31.5,26.8,28.8,4.1,16.4,34.2,57,14.35,1011.6,ward_06_thiruvika_nagar,13.111,80.245,ECMWF_ERA5_Reanalysis
2019-12-17,28.3,24.8,26.2,29.2,26.7,27.8,0.3,23.7,47.5,45,16.04,1012.4,ward_06_thiruvika_nagar,13.111,80.245,ECMWF_ERA5_Reanalysis
2019-12-18,28.4,23.9,26.1,31.4,26.6,28.6,1.2,23.2,46.1,49,17.16,1012.7,ward_06_thiruvika_nagar,13.111,80.245,ECMWF_ERA5_Reanalysis
2019-12-19,28.2,25.1,26.4,30.6,27.2,28.4,0.3,20.2,41.0,53,15.77,1012.0,ward_06_thiruvika_nagar,13.111,80.245,ECMWF_ERA5_Reanalysis
2019-12-20,28.2,24.5,26.2,30.0,27.2,28.4,0.0,19.6,39.6,59,15.63,1011.2,ward_06_thiruvika_nagar,13.111,80.245,ECMWF_ERA5_Reanalysis
2019-12-21,28.3,23.8,25.9,31.3,27.2,28.6,0.0,18.4,36.7,66,16.76,1011.5,ward_06_thiruvika_nagar,13.111,80.245,ECMWF_ERA5_Reanalysis
2019-12-22,27.9,24.1,25.8,29.6,26.4,27.7,0.1,17.4,36.0,53,16.95,1011.6,ward_06_thiruvika_nagar,13.111,80.245,ECMWF_ERA5_Reanalysis
2019-12-23,27.9,22.2,25.4,30.0,25.2,27.5,0.0,17.4,36.7,48,16.83,1011.8,ward_06_thiruvika_nagar,13.111,80.245,ECMWF_ERA5_Reanalysis
2019-12-24,25.8,24.4,25.3,28.9,27.8,28.3,8.8,18.4,36.7,49,5.59,1012.2,ward_06_thiruvika_nagar,13.111,80.245,ECMWF_ERA5_Reanalysis
2019-12-25,28.1,24.2,26.1,30.7,27.0,28.5,1.4,17.9,36.0,53,15.47,1012.1,ward_06_thiruvika_nagar,13.111,80.245,ECMWF_ERA5_Reanalysis
2019-12-26,27.7,21.2,25.1,30.3,24.1,27.7,0.0,12.7,27.7,69,15.64,1011.6,ward_06_thiruvika_nagar,13.111,80.245,ECMWF_ERA5_Reanalysis
2019-12-27,28.0,22.1,25.1,30.7,24.8,27.7,0.0,12.4,25.9,60,16.33,1010.7,ward_06_thiruvika_nagar,13.111,80.245,ECMWF_ERA5_Reanalysis
2019-12-28,28.4,22.7,25.8,31.7,24.9,28.2,0.2,14.8,32.4,64,17.25,1010.9,ward_06_thiruvika_nagar,13.111,80.245,ECMWF_ERA5_Reanalysis
2019-12-29,27.8,23.7,25.3,30.1,26.7,27.9,1.4,18.9,38.9,50,17.04,1011.7,ward_06_thiruvika_nagar,13.111,80.245,ECMWF_ERA5_Reanalysis
2019-12-30,27.0,23.3,25.0,29.0,25.9,27.6,2.9,16.9,34.9,72,12.1,1012.1,ward_06_thiruvika_nagar,13.111,80.245,ECMWF_ERA5_Reanalysis
2019-12-31,27.0,23.0,25.1,31.1,26.6,28.4,4.9,13.9,31.7,77,14.46,1012.5,ward_06_thiruvika_nagar,13.111,80.245,ECMWF_ERA5_Reanalysis
2020-01-01,26.9,23.8,25.0,31.4,27.7,29.2,6.6,13.7,32.8,93,13.35,1012.9,ward_06_thiruvika_nagar,13.111,80.245,ECMWF_ERA5_Reanalysis
2020-01-02,27.3,23.7,25.5,32.1,28.3,30.1,2.3,11.6,30.2,68,14.26,1013.8,ward_06_thiruvika_nagar,13.111,80.245,ECMWF_ERA5_Reanalysis
2020-01-03,28.7,23.6,26.1,33.6,28.5,30.9,1.6,11.8,27.0,106,16.43,1012.2,ward_06_thiruvika_nagar,13.111,80.245,ECMWF_ERA5_Reanalysis
2020-01-04,28.8,23.7,26.4,34.3,28.6,31.1,0.4,12.8,28.1,134,16.93,1010.5,ward_06_thiruvika_nagar,13.111,80.245,ECMWF_ERA5_Reanalysis
2020-01-05,27.6,24.7,26.1,32.5,29.1,30.6,5.3,11.6,25.2,91,12.7,1010.8,ward_06_thiruvika_nagar,13.111,80.245,ECMWF_ERA5_Reanalysis
2020-01-06,26.9,23.9,25.6,30.8,27.4,29.2,4.0,17.9,35.6,62,13.17,1012.9,ward_06_thiruvika_nagar,13.111,80.245,ECMWF_ERA5_Reanalysis
2020-01-07,27.9,24.3,26.0,30.5,26.9,28.6,2.2,22.0,44.6,72,16.64,1012.6,ward_06_thiruvika_nagar,13.111,80.245,ECMWF_ERA5_Reanalysis
2020-01-08,27.8,23.8,25.4,31.1,25.8,28.1,0.1,14.7,32.4,63,18.27,1012.1,ward_06_thiruvika_nagar,13.111,80.245,ECMWF_ERA5_Reanalysis
2020-01-09,27.5,21.5,24.6,31.3,23.4,27.4,0.0,10.5,23.0,86,19.59,1011.7,ward_06_thiruvika_nagar,13.111,80.245,ECMWF_ERA5_Reanalysis
2020-01-10,27.9,22.6,25.1,30.4,25.4,27.1,0.0,14.6,31.7,62,18.35,1012.1,ward_06_thiruvika_nagar,13.111,80.245,ECMWF_ERA5_Reanalysis
2020-01-11,27.6,21.8,25.2,29.7,24.4,27.3,0.0,16.1,34.9,47,18.04,1013.0,ward_06_thiruvika_nagar,13.111,80.245,ECMWF_ERA5_Reanalysis
2020-01-12,26.8,22.5,25.0,29.1,25.8,27.8,2.0,18.1,37.1,46,14.04,1011.9,ward_06_thiruvika_nagar,13.111,80.245,ECMWF_ERA5_Reanalysis
2020-01-13,27.6,21.4,24.3,30.6,25.0,27.3,0.1,13.4,29.5,47,18.37,1010.8,ward_06_thiruvika_nagar,13.111,80.245,ECMWF_ERA5_Reanalysis
2020-01-14,27.2,19.5,23.9,30.0,21.8,25.9,0.0,12.7,29.2,64,20.13,1011.0,ward_06_thiruvika_nagar,13.111,80.245,ECMWF_ERA5_Reanalysis
2020-01-15,27.9,22.3,25.2,29.2,24.0,26.7,0.0,14.8,32.8,79,16.87,1011.3,ward_06_thiruvika_nagar,13.111,80.245,ECMWF_ERA5_Reanalysis
2020-01-16,28.0,22.5,25.4,31.1,25.1,27.6,0.0,15.6,34.9,98,18.88,1011.4,ward_06_thiruvika_nagar,13.111,80.245,ECMWF_ERA5_Reanalysis
2020-01-17,27.5,22.9,25.3,31.4,25.9,28.6,2.2,15.8,34.2,88,15.89,1011.5,ward_06_thiruvika_nagar,13.111,80.245,ECMWF_ERA5_Reanalysis
2020-01-18,27.8,24.3,25.9,30.4,27.6,29.1,10.7,16.2,33.8,85,13.08,1011.4,ward_06_thiruvika_nagar,13.111,80.245,ECMWF_ERA5_Reanalysis
2020-01-19,28.5,24.7,26.2,32.5,27.8,29.4,0.0,13.0,31.3,73,17.18,1011.9,ward_06_thiruvika_nagar,13.111,80.245,ECMWF_ERA5_Reanalysis
2020-01-20,28.5,22.8,25.7,32.9,26.3,29.1,0.0,13.5,29.5,66,20.1,1012.6,ward_06_thiruvika_nagar,13.111,80.245,ECMWF_ERA5_Reanalysis
2020-01-21,28.4,22.8,25.7,30.5,26.3,27.9,0.0,16.3,34.6,63,18.89,1014.1,ward_06_thiruvika_nagar,13.111,80.245,ECMWF_ERA5_Reanalysis
2020-01-22,28.3,23.4,26.1,30.1,26.0,28.0,0.0,19.7,41.4,55,17.1,1014.4,ward_06_thiruvika_nagar,13.111,80.245,ECMWF_ERA5_Reanalysis
2020-01-23,28.3,23.4,25.9,31.4,26.4,28.5,0.1,16.8,36.0,50,19.24,1013.3,ward_06_thiruvika_nagar,13.111,80.245,ECMWF_ERA5_Reanalysis
2020-01-24,28.2,20.9,24.1,31.8,23.0,27.1,0.0,12.8,29.2,38,21.35,1012.8,ward_06_thiruvika_nagar,13.111,80.245,ECMWF_ERA5_Reanalysis
2020-01-25,28.0,19.5,23.3,32.6,21.5,26.2,0.0,12.9,29.2,44,20.9,1012.6,ward_06_thiruvika_nagar,13.111,80.245,ECMWF_ERA5_Reanalysis
2020-01-26,28.1,20.0,23.5,32.7,22.3,26.6,0.0,11.6,27.0,159,20.96,1011.4,ward_06_thiruvika_nagar,13.111,80.245,ECMWF_ERA5_Reanalysis
2020-01-27,28.4,20.7,24.5,31.8,23.4,27.3,0.0,17.6,37.8,181,20.84,1011.0,ward_06_thiruvika_nagar,13.111,80.245,ECMWF_ERA5_Reanalysis
2020-01-28,29.0,21.8,25.7,33.2,25.1,28.6,0.0,18.7,37.8,164,20.61,1011.2,ward_06_thiruvika_nagar,13.111,80.245,ECMWF_ERA5_Reanalysis
2020-01-29,29.1,23.0,25.8,33.3,27.0,29.0,0.0,17.9,37.4,158,21.01,1012.0,ward_06_thiruvika_nagar,13.111,80.245,ECMWF_ERA5_Reanalysis
2020-01-30,29.2,22.0,25.3,33.2,25.4,28.6,0.0,17.1,37.4,160,20.98,1011.1,ward_06_thiruvika_nagar,13.111,80.245,ECMWF_ERA5_Reanalysis
2020-01-31,29.0,22.8,25.7,33.2,26.8,29.1,0.0,14.8,34.2,143,20.67,1010.4,ward_06_thiruvika_nagar,13.111,80.245,ECMWF_ERA5_Reanalysis
2020-02-01,29.3,23.8,26.6,32.5,28.0,29.6,0.0,15.6,35.3,133,20.13,1011.1,ward_06_thiruvika_nagar,13.111,80.245,ECMWF_ERA5_Reanalysis
2020-02-02,29.0,24.3,26.4,32.5,27.6,29.3,0.0,16.9,36.4,110,20.76,1013.1,ward_06_thiruvika_nagar,13.111,80.245,ECMWF_ERA5_Reanalysis
2020-02-03,28.6,23.3,26.0,32.3,26.8,28.9,0.0,14.7,33.1,85,21.12,1013.4,ward_06_thiruvika_nagar,13.111,80.245,ECMWF_ERA5_Reanalysis
2020-02-04,28.7,22.9,26.0,32.5,26.2,29.1,1.0,13.7,31.3,95,19.27,1011.9,ward_06_thiruvika_nagar,13.111,80.245,ECMWF_ERA5_Reanalysis
2020-02-05,29.0,22.8,25.9,32.4,26.0,28.6,0.0,12.0,28.8,108,21.57,1011.9,ward_06_thiruvika_nagar,13.111,80.245,ECMWF_ERA5_Reanalysis
2020-02-06,29.0,22.3,25.6,32.2,25.9,28.5,0.0,16.1,36.0,143,21.2,1011.9,ward_06_thiruvika_nagar,13.111,80.245,ECMWF_ERA5_Reanalysis
2020-02-07,29.0,24.0,26.5,31.4,26.3,28.2,0.0,22.2,42.1,145,20.33,1012.3,ward_06_thiruvika_nagar,13.111,80.245,ECMWF_ERA5_Reanalysis
2020-02-08,29.2,23.7,26.5,31.3,26.8,28.5,0.0,20.5,40.7,149,21.0,1012.5,ward_06_thiruvika_nagar,13.111,80.245,ECMWF_ERA5_Reanalysis
2020-02-09,28.3,25.7,26.7,31.2,27.6,28.7,0.8,17.1,34.6,105,16.62,1012.9,ward_06_thiruvika_nagar,13.111,80.245,ECMWF_ERA5_Reanalysis
2020-02-10,29.2,25.0,26.8,31.3,26.9,28.2,0.0,16.9,37.8,78,21.8,1013.0,ward_06_thiruvika_nagar,13.111,80.245,ECMWF_ERA5_Reanalysis
2020-02-11,29.0,24.4,26.4,31.7,26.9,28.7,0.2,19.1,41.8,73,19.0,1013.2,ward_06_thiruvika_nagar,13.111,80.245,ECMWF_ERA5_Reanalysis
2020-02-12,29.2,24.7,26.7,31.6,27.5,29.1,0.5,18.7,40.7,55,18.93,1014.2,ward_06_thiruvika_nagar,13.111,80.245,ECMWF_ERA5_Reanalysis
2020-02-13,29.7,23.8,26.3,32.9,27.5,29.3,0.0,17.3,38.2,49,22.23,1013.4,ward_06_thiruvika_nagar,13.111,80.245,ECMWF_ERA5_Reanalysis
2020-02-14,30.6,21.4,25.5,34.3,24.7,28.6,0.0,15.5,35.3,100,23.21,1011.2,ward_06_thiruvika_nagar,13.111,80.245,ECMWF_ERA5_Reanalysis
2020-02-15,29.8,20.5,24.9,32.9,23.4,27.5,0.0,11.9,29.5,127,23.76,1011.2,ward_06_thiruvika_nagar,13.111,80.245,ECMWF_ERA5_Reanalysis
2020-02-16,28.7,21.3,25.1,32.1,23.4,27.7,0.0,12.4,31.7,115,23.5,1012.7,ward_06_thiruvika_nagar,13.111,80.245,ECMWF_ERA5_Reanalysis
2020-02-17,29.1,22.2,25.3,32.0,24.3,27.7,0.0,12.1,31.0,103,23.64,1013.6,ward_06_thiruvika_nagar,13.111,80.245,ECMWF_ERA5_Reanalysis
2020-02-18,29.1,21.0,25.2,31.9,23.1,27.3,0.0,13.8,32.8,128,23.39,1013.1,ward_06_thiruvika_nagar,13.111,80.245,ECMWF_ERA5_Reanalysis
2020-02-19,29.0,22.5,25.7,31.7,25.0,27.7,0.0,14.2,33.5,97,22.62,1012.9,ward_06_thiruvika_nagar,13.111,80.245,ECMWF_ERA5_Reanalysis
2020-02-20,29.5,22.6,25.9,32.1,24.4,27.6,0.0,14.8,33.1,94,22.68,1012.6,ward_06_thiruvika_nagar,13.111,80.245,ECMWF_ERA5_Reanalysis
2020-02-21,30.0,21.7,26.4,32.8,23.5,28.7,0.0,18.8,39.6,60,22.3,1013.8,ward_06_thiruvika_nagar,13.111,80.245,ECMWF_ERA5_Reanalysis
2020-02-22,29.8,25.1,27.0,32.5,28.3,29.6,0.3,21.1,45.0,63,20.59,1014.6,ward_06_thiruvika_nagar,13.111,80.245,ECMWF_ERA5_Reanalysis
2020-02-23,29.5,24.6,26.8,32.6,28.3,29.8,0.8,18.0,40.0,78,20.13,1013.9,ward_06_thiruvika_nagar,13.111,80.245,ECMWF_ERA5_Reanalysis
2020-02-24,29.8,23.0,26.5,33.7,26.2,30.1,0.0,14.1,33.8,98,21.23,1011.3,ward_06_thiruvika_nagar,13.111,80.245,ECMWF_ERA5_Reanalysis
2020-02-25,30.2,25.0,27.1,33.9,28.9,30.6,0.1,17.1,38.9,130,22.22,1009.9,ward_06_thiruvika_nagar,13.111,80.245,ECMWF_ERA5_Reanalysis
2020-02-26,30.0,24.9,27.2,34.2,29.3,31.0,0.4,15.8,37.1,120,21.15,1010.3,ward_06_thiruvika_nagar,13.111,80.245,ECMWF_ERA5_Reanalysis
2020-02-27,30.0,24.7,27.2,34.2,29.0,30.7,0.2,16.6,37.4,90,21.98,1010.7,ward_06_thiruvika_nagar,13.111,80.245,ECMWF_ERA5_Reanalysis
2020-02-28,29.7,25.2,27.0,33.4,28.1,30.2,0.3,17.4,38.5,101,21.27,1010.1,ward_06_thiruvika_nagar,13.111,80.245,ECMWF_ERA5_Reanalysis
2020-02-29,29.6,24.2,26.8,33.4,28.2,30.1,0.5,16.3,36.4,108,21.57,1010.0,ward_06_thiruvika_nagar,13.111,80.245,ECMWF_ERA5_Reanalysis
2020-03-01,29.7,24.7,26.8,33.3,27.5,29.9,0.2,15.1,35.3,111,23.12,1010.2,ward_06_thiruvika_nagar,13.111,80.245,ECMWF_ERA5_Reanalysis
2020-03-02,29.5,23.3,26.4,33.1,26.8,29.2,0.0,15.6,36.0,111,20.71,1010.5,ward_06_thiruvika_nagar,13.111,80.245,ECMWF_ERA5_Reanalysis
2020-03-03,31.0,23.5,27.0,35.6,27.0,30.2,0.0,15.7,35.6,115,23.64,1009.8,ward_06_thiruvika_nagar,13.111,80.245,ECMWF_ERA5_Reanalysis
2020-03-04,30.9,23.1,26.8,36.0,27.4,30.5,0.0,20.2,39.6,145,22.68,1009.2,ward_06_thiruvika_nagar,13.111,80.245,ECMWF_ERA5_Reanalysis
2020-03-05,30.5,23.8,27.2,33.1,28.4,30.2,0.0,24.7,51.5,164,20.98,1008.5,ward_06_thiruvika_nagar,13.111,80.245,ECMWF_ERA5_Reanalysis
2020-03-06,30.0,25.2,27.5,32.2,28.6,30.3,0.6,22.5,47.2,158,17.63,1009.3,ward_06_thiruvika_nagar,13.111,80.245,ECMWF_ERA5_Reanalysis
2020-03-07,29.6,26.3,27.6,31.8,29.1,30.4,0.7,23.8,49.3,153,18.22,1010.6,ward_06_thiruvika_nagar,13.111,80.245,ECMWF_ERA5_Reanalysis
2020-03-08,29.8,25.1,27.3,33.5,29.1,30.6,0.2,19.4,42.8,129,22.54,1010.4,ward_06_thiruvika_nagar,13.111,80.245,ECMWF_ERA5_Reanalysis
2020-03-09,30.4,23.8,26.9,33.7,28.4,30.2,0.0,17.1,38.5,139,22.87,1009.3,ward_06_thiruvika_nagar,13.111,80.245,ECMWF_ERA5_Reanalysis
2020-03-10,30.5,24.9,27.3,34.4,28.6,30.5,0.0,17.9,39.2,141,23.99,1009.5,ward_06_thiruvika_nagar,13.111,80.245,ECMWF_ERA5_Reanalysis
2020-03-11,30.2,24.2,26.9,33.3,28.1,29.9,0.0,22.6,47.2,153,22.48,1010.0,ward_06_thiruvika_nagar,13.111,80.245,ECMWF_ERA5_Reanalysis
2020-03-12,31.0,24.1,27.4,34.4,28.2,30.7,0.0,20.0,43.9,151,22.5,1011.0,ward_06_thiruvika_nagar,13.111,80.245,ECMWF_ERA5_Reanalysis
2020-03-13,30.7,24.2,27.5,35.2,28.6,31.2,0.0,16.9,38.2,127,23.17,1011.1,ward_06_thiruvika_nagar,13.111,80.245,ECMWF_ERA5_Reanalysis
2020-03-14,30.9,24.3,27.5,35.3,29.0,31.3,0.0,16.4,37.8,110,23.12,1010.1,ward_06_thiruvika_nagar,13.111,80.245,ECMWF_ERA5_Reanalysis
2020-03-15,30.7,24.4,27.7,34.9,28.5,31.3,0.0,15.2,36.7,99,24.51,1009.9,ward_06_thiruvika_nagar,13.111,80.245,ECMWF_ERA5_Reanalysis
2020-03-16,31.2,26.2,28.2,35.6,30.4,31.9,0.0,16.0,37.1,85,23.45,1010.9,ward_06_thiruvika_nagar,13.111,80.245,ECMWF_ERA5_Reanalysis
2020-03-17,31.4,24.8,27.8,35.8,29.6,32.1,0.0,15.3,37.1,123,24.19,1012.3,ward_06_thiruvika_nagar,13.111,80.245,ECMWF_ERA5_Reanalysis
2020-03-18,31.5,24.4,27.7,35.7,29.2,32.2,0.0,16.3,37.4,134,24.4,1011.4,ward_06_thiruvika_nagar,13.111,80.245,ECMWF_ERA5_Reanalysis
2020-03-19,32.3,25.2,28.1,36.7,30.1,32.2,0.0,21.6,45.4,156,24.47,1010.1,ward_06_thiruvika_nagar,13.111,80.245,ECMWF_ERA5_Reanalysis
2020-03-20,31.6,24.2,27.8,36.6,28.9,31.6,0.0,23.2,47.9,153,23.99,1009.8,ward_06_thiruvika_nagar,13.111,80.245,ECMWF_ERA5_Reanalysis
2020-03-21,31.7,25.3,28.1,35.2,30.0,31.6,0.0,25.4,52.6,164,22.94,1009.7,ward_06_thiruvika_nagar,13.111,80.245,ECMWF_ERA5_Reanalysis
2020-03-22,31.5,25.7,28.2,35.3,29.8,31.8,0.0,21.0,46.1,154,22.15,1009.6,ward_06_thiruvika_nagar,13.111,80.245,ECMWF_ERA5_Reanalysis
2020-03-23,31.3,25.4,28.0,34.4,29.4,31.3,0.0,20.0,44.6,148,24.08,1009.7,ward_06_thiruvika_nagar,13.111,80.245,ECMWF_ERA5_Reanalysis
2020-03-24,31.2,24.7,27.9,35.4,29.5,31.7,0.0,16.5,37.1,130,24.32,1008.4,ward_06_thiruvika_nagar,13.111,80.245,ECMWF_ERA5_Reanalysis
2020-03-25,31.4,24.1,27.8,35.0,28.4,31.6,0.0,16.8,38.9,142,24.53,1008.4,ward_06_thiruvika_nagar,13.111,80.245,ECMWF_ERA5_Reanalysis
2020-03-26,31.6,24.4,28.1,36.3,28.9,32.1,0.0,15.7,37.1,114,24.37,1009.0,ward_06_thiruvika_nagar,13.111,80.245,ECMWF_ERA5_Reanalysis
2020-03-27,31.8,24.8,27.8,35.7,29.1,31.8,0.0,16.5,37.8,134,25.25,1010.7,ward_06_thiruvika_nagar,13.111,80.245,ECMWF_ERA5_Reanalysis
2020-03-28,32.1,23.2,27.3,36.0,27.4,31.0,0.0,16.5,37.4,147,25.91,1009.5,ward_06_thiruvika_nagar,13.111,80.245,ECMWF_ERA5_Reanalysis
2020-03-29,32.4,23.2,27.6,36.8,27.5,31.3,0.0,18.9,42.5,160,25.35,1008.6,ward_06_thiruvika_nagar,13.111,80.245,ECMWF_ERA5_Reanalysis
2020-03-30,31.5,22.8,27.1,35.9,26.5,31.3,0.0,17.3,38.5,156,25.9,1009.3,ward_06_thiruvika_nagar,13.111,80.245,ECMWF_ERA5_Reanalysis
2020-03-31,32.0,23.0,27.5,36.4,27.6,31.9,0.0,15.8,37.4,151,25.55,1009.8,ward_06_thiruvika_nagar,13.111,80.245,ECMWF_ERA5_Reanalysis
2020-04-01,32.7,23.7,28.0,37.6,28.4,32.4,0.0,18.2,41.4,158,25.39,1009.1,ward_06_thiruvika_nagar,13.111,80.245,ECMWF_ERA5_Reanalysis
2020-04-02,33.1,24.9,28.5,37.5,29.6,32.8,0.0,21.0,45.7,168,25.34,1008.0,ward_06_thiruvika_nagar,13.111,80.245,ECMWF_ERA5_Reanalysis
2020-04-03,32.4,25.7,28.8,37.1,30.9,32.7,0.0,22.0,46.1,152,25.15,1008.7,ward_06_thiruvika_nagar,13.111,80.245,ECMWF_ERA5_Reanalysis
2020-04-04,32.1,25.0,28.6,36.4,30.7,32.7,0.0,18.6,38.9,137,25.0,1009.7,ward_06_thiruvika_nagar,13.111,80.245,ECMWF_ERA5_Reanalysis
2020-04-05,32.3,26.8,29.3,37.5,31.6,33.9,1.0,19.7,42.8,156,22.5,1010.1,ward_06_thiruvika_nagar,13.111,80.245,ECMWF_ERA5_Reanalysis
2020-04-06,32.8,27.0,29.4,37.6,32.3,34.2,1.3,22.5,48.2,158,23.09,1009.7,ward_06_thiruvika_nagar,13.111,80.245,ECMWF_ERA5_Reanalysis
2020-04-07,32.4,27.1,29.3,36.9,32.4,33.7,0.6,24.6,51.5,166,21.5,1008.5,ward_06_thiruvika_nagar,13.111,80.245,ECMWF_ERA5_Reanalysis
2020-04-08,33.2,27.1,29.6,37.9,32.5,34.4,0.8,24.9,53.3,171,23.25,1008.7,ward_06_thiruvika_nagar,13.111,80.245,ECMWF_ERA5_Reanalysis
2020-04-09,32.1,27.3,29.3,37.1,32.4,34.1,1.5,20.0,43.6,159,20.18,1009.1,ward_06_thiruvika_nagar,13.111,80.245,ECMWF_ERA5_Reanalysis
2020-04-10,32.6,25.8,29.0,37.1,31.1,33.2,0.1,20.2,44.3,149,24.27,1009.9,ward_06_thiruvika_nagar,13.111,80.245,ECMWF_ERA5_Reanalysis
2020-04-11,32.1,26.9,29.0,37.3,31.9,33.7,0.3,15.7,37.4,131,24.61,1011.0,ward_06_thiruvika_nagar,13.111,80.245,ECMWF_ERA5_Reanalysis
2020-04-12,32.3,25.2,28.3,38.3,30.4,33.0,0.0,17.8,41.4,152,24.98,1010.0,ward_06_thiruvika_nagar,13.111,80.245,ECMWF_ERA5_Reanalysis
2020-04-13,32.3,24.6,28.2,37.6,29.9,32.8,0.0,19.3,42.8,160,25.97,1008.5,ward_06_thiruvika_nagar,13.111,80.245,ECMWF_ERA5_Reanalysis
2020-04-14,32.4,24.4,28.2,36.7,29.6,32.6,0.0,17.2,38.2,143,25.66,1008.8,ward_06_thiruvika_nagar,13.111,80.245,ECMWF_ERA5_Reanalysis
2020-04-15,32.4,25.4,28.7,36.9,30.9,33.0,0.0,19.3,42.8,150,25.87,1009.8,ward_06_thiruvika_nagar,13.111,80.245,ECMWF_ERA5_Reanalysis
2020-04-16,32.8,25.1,28.9,37.8,30.3,33.4,0.0,23.6,50.8,163,25.56,1008.6,ward_06_thiruvika_nagar,13.111,80.245,ECMWF_ERA5_Reanalysis
2020-04-17,33.2,26.9,29.6,38.2,31.7,33.8,0.0,25.3,53.6,162,24.69,1007.9,ward_06_thiruvika_nagar,13.111,80.245,ECMWF_ERA5_Reanalysis
2020-04-18,32.8,26.7,29.5,37.8,32.3,33.9,0.2,23.2,48.6,161,24.81,1008.2,ward_06_thiruvika_nagar,13.111,80.245,ECMWF_ERA5_Reanalysis
2020-04-19,32.8,27.2,29.7,37.9,32.8,34.3,0.2,20.5,45.0,149,25.02,1008.2,ward_06_thiruvika_nagar,13.111,80.245,ECMWF_ERA5_Reanalysis
2020-04-20,33.0,27.0,29.6,37.8,32.7,34.4,0.2,19.9,43.6,148,25.42,1008.2,ward_06_thiruvika_nagar,13.111,80.245,ECMWF_ERA5_Reanalysis
2020-04-21,32.8,26.2,29.5,37.7,32.2,34.0,0.0,19.0,42.8,153,25.01,1008.1,ward_06_thiruvika_nagar,13.111,80.245,ECMWF_ERA5_Reanalysis
2020-04-22,33.4,26.3,29.6,37.9,31.9,34.0,0.2,27.1,56.2,165,24.3,1007.6,ward_06_thiruvika_nagar,13.111,80.245,ECMWF_ERA5_Reanalysis
2020-04-23,33.5,27.0,29.8,38.9,32.7,34.4,0.0,24.5,51.8,164,24.49,1007.2,ward_06_thiruvika_nagar,13.111,80.245,ECMWF_ERA5_Reanalysis
2020-04-24,33.6,27.2,30.1,38.2,32.6,34.4,0.2,26.9,56.2,172,24.18,1006.6,ward_06_thiruvika_nagar,13.111,80.245,ECMWF_ERA5_Reanalysis
2020-04-25,34.6,28.3,30.6,40.7,33.0,35.4,0.0,26.3,55.4,168,23.77,1006.3,ward_06_thiruvika_nagar,13.111,80.245,ECMWF_ERA5_Reanalysis
2020-04-26,33.6,26.7,30.0,38.6,32.3,34.3,0.5,25.7,52.2,167,20.7,1007.5,ward_06_thiruvika_nagar,13.111,80.245,ECMWF_ERA5_Reanalysis
2020-04-27,32.9,28.3,30.1,38.5,32.8,34.8,2.9,19.4,42.1,158,19.95,1008.3,ward_06_thiruvika_nagar,13.111,80.245,ECMWF_ERA5_Reanalysis
2020-04-28,32.8,27.9,30.0,38.3,33.7,34.9,0.9,19.2,41.4,158,21.64,1007.9,ward_06_thiruvika_nagar,13.111,80.245,ECMWF_ERA5_Reanalysis
2020-04-29,34.2,27.4,29.8,39.9,31.4,34.7,0.0,14.8,31.7,189,16.37,1007.6,ward_06_thiruvika_nagar,13.111,80.245,ECMWF_ERA5_Reanalysis
2020-04-30,33.1,27.0,29.9,38.8,33.5,35.2,0.3,21.4,44.3,157,23.05,1007.9,ward_06_thiruvika_nagar,13.111,80.245,ECMWF_ERA5_Reanalysis
2020-05-01,34.0,27.3,30.3,40.5,33.8,35.7,0.0,21.0,46.8,163,24.12,1007.3,ward_06_thiruvika_nagar,13.111,80.245,ECMWF_ERA5_Reanalysis
2020-05-02,33.7,27.3,30.4,40.0,33.5,35.9,0.0,20.9,45.4,160,23.43,1006.1,ward_06_thiruvika_nagar,13.111,80.245,ECMWF_ERA5_Reanalysis
2020-05-03,33.8,27.6,30.3,39.5,33.7,35.6,0.0,23.2,49.0,163,24.95,1006.0,ward_06_thiruvika_nagar,13.111,80.245,ECMWF_ERA5_Reanalysis
2020-05-04,33.5,26.5,29.9,38.7,32.6,34.6,0.0,23.7,50.0,161,25.03,1007.1,ward_06_thiruvika_nagar,13.111,80.245,ECMWF_ERA5_Reanalysis
2020-05-05,33.6,27.5,30.1,38.6,33.3,35.1,0.0,23.5,49.7,163,24.54,1006.8,ward_06_thiruvika_nagar,13.111,80.245,ECMWF_ERA5_Reanalysis
2020-05-06,33.4,27.2,30.2,39.0,33.4,34.9,0.0,23.7,50.4,165,24.92,1006.5,ward_06_thiruvika_nagar,13.111,80.245,ECMWF_ERA5_Reanalysis
2020-05-07,33.8,27.3,30.3,39.0,33.3,35.6,0.2,25.0,51.5,159,24.12,1006.7,ward_06_thiruvika_nagar,13.111,80.245,ECMWF_ERA5_Reanalysis
2020-05-08,33.9,27.6,30.4,39.4,33.5,35.7,0.2,21.2,45.7,160,24.2,1006.7,ward_06_thiruvika_nagar,13.111,80.245,ECMWF_ERA5_Reanalysis
2020-05-09,33.8,27.7,30.5,40.4,34.1,35.9,0.0,20.5,43.9,155,24.9,1006.8,ward_06_thiruvika_nagar,13.111,80.245,ECMWF_ERA5_Reanalysis
2020-05-10,33.5,27.2,30.2,39.5,33.7,35.8,0.0,17.3,39.2,144,24.74,1006.6,ward_06_thiruvika_nagar,13.111,80.245,ECMWF_ERA5_Reanalysis
2020-05-11,33.4,27.2,30.3,39.3,34.3,35.9,0.3,14.8,36.0,129,23.78,1007.1,ward_06_thiruvika_nagar,13.111,80.245,ECMWF_ERA5_Reanalysis
2020-05-12,31.2,27.8,29.3,37.3,34.2,35.1,1.0,16.5,37.8,130,14.3,1006.8,ward_06_thiruvika_nagar,13.111,80.245,ECMWF_ERA5_Reanalysis
2020-05-13,33.3,27.0,30.0,39.4,32.9,35.6,0.0,15.8,37.1,136,23.09,1005.8,ward_06_thiruvika_nagar,13.111,80.245,ECMWF_ERA5_Reanalysis
2020-05-14,33.3,27.4,30.2,39.0,34.3,35.9,0.2,16.7,38.5,99,23.4,1005.1,ward_06_thiruvika_nagar,13.111,80.245,ECMWF_ERA5_Reanalysis
2020-05-15,33.9,26.9,30.4,39.1,32.6,35.7,0.7,20.0,44.3,40,22.71,1003.6,ward_06_thiruvika_nagar,13.111,80.245,ECMWF_ERA5_Reanalysis
2020-05-16,35.5,27.4,30.9,39.6,34.3,36.1,0.1,21.9,46.1,29,23.19,1002.8,ward_06_thiruvika_nagar,13.111,80.245,ECMWF_ERA5_Reanalysis
2020-05-17,34.9,27.3,30.7,38.4,33.3,36.0,0.0,20.1,41.8,12,15.87,1001.3,ward_06_thiruvika_nagar,13.111,80.245,ECMWF_ERA5_Reanalysis
2020-05-18,38.7,28.6,32.1,41.7,33.6,36.7,0.4,18.5,48.6,315,18.05,998.9,ward_06_thiruvika_nagar,13.111,80.245,ECMWF_ERA5_Reanalysis
2020-05-19,42.0,28.8,34.1,43.4,31.6,37.0,0.1,25.1,50.8,263,20.35,997.3,ward_06_thiruvika_nagar,13.111,80.245,ECMWF_ERA5_Reanalysis
2020-05-20,41.6,30.5,34.1,44.5,32.9,36.9,0.0,23.8,47.9,233,21.64,998.9,ward_06_thiruvika_nagar,13.111,80.245,ECMWF_ERA5_Reanalysis
2020-05-21,38.9,30.1,32.9,43.3,31.1,36.3,0.0,29.7,58.0,197,22.53,1001.3,ward_06_thiruvika_nagar,13.111,80.245,ECMWF_ERA5_Reanalysis
2020-05-22,38.2,28.9,32.3,43.1,33.3,36.9,0.0,21.2,46.4,181,24.3,1002.5,ward_06_thiruvika_nagar,13.111,80.245,ECMWF_ERA5_Reanalysis
2020-05-23,35.4,28.7,31.3,42.2,33.8,36.7,0.0,24.4,49.7,167,25.36,1003.3,ward_06_thiruvika_nagar,13.111,80.245,ECMWF_ERA5_Reanalysis
2020-05-24,34.3,28.6,30.9,40.9,34.5,36.5,0.2,23.4,50.4,159,23.84,1004.4,ward_06_thiruvika_nagar,13.111,80.245,ECMWF_ERA5_Reanalysis
2020-05-25,34.1,28.6,30.7,39.9,34.3,36.2,0.1,21.7,45.7,155,24.46,1005.8,ward_06_thiruvika_nagar,13.111,80.245,ECMWF_ERA5_Reanalysis
2020-05-26,33.9,28.6,30.7,39.4,34.5,36.0,1.1,25.3,52.6,159,23.49,1005.6,ward_06_thiruvika_nagar,13.111,80.245,ECMWF_ERA5_Reanalysis
2020-05-27,34.7,29.0,31.2,40.5,35.0,36.5,0.2,26.4,52.2,168,23.53,1004.7,ward_06_thiruvika_nagar,13.111,80.245,ECMWF_ERA5_Reanalysis
2020-05-28,35.5,29.0,31.7,42.5,34.9,37.1,0.0,26.9,54.4,176,24.65,1003.2,ward_06_thiruvika_nagar,13.111,80.245,ECMWF_ERA5_Reanalysis
2020-05-29,35.8,29.0,31.7,42.0,33.1,36.2,0.0,24.2,46.4,177,24.51,1003.4,ward_06_thiruvika_nagar,13.111,80.245,ECMWF_ERA5_Reanalysis
2020-05-30,33.5,29.2,31.0,38.0,34.0,35.9,0.0,21.6,45.4,168,18.16,1004.7,ward_06_thiruvika_nagar,13.111,80.245,ECMWF_ERA5_Reanalysis
2020-05-31,33.9,28.7,30.8,38.7,33.0,35.2,0.0,25.7,53.6,171,24.24,1005.7,ward_06_thiruvika_nagar,13.111,80.245,ECMWF_ERA5_Reanalysis
2020-06-01,35.0,28.9,31.1,40.5,33.6,36.0,0.0,23.0,47.9,177,21.54,1006.1,ward_06_thiruvika_nagar,13.111,80.245,ECMWF_ERA5_Reanalysis
2020-06-02,34.6,28.6,30.9,39.3,33.4,35.8,0.7,22.8,48.2,182,21.56,1005.6,ward_06_thiruvika_nagar,13.111,80.245,ECMWF_ERA5_Reanalysis
2020-06-03,35.8,28.5,31.3,40.3,31.7,34.7,0.0,26.1,53.3,183,23.6,1004.6,ward_06_thiruvika_nagar,13.111,80.245,ECMWF_ERA5_Reanalysis
2020-06-04,35.8,28.8,31.6,41.0,32.7,35.6,0.0,25.1,53.3,181,23.81,1004.6,ward_06_thiruvika_nagar,13.111,80.245,ECMWF_ERA5_Reanalysis
2020-06-05,36.3,29.9,31.9,40.7,33.5,36.1,0.7,21.9,46.1,190,21.72,1004.6,ward_06_thiruvika_nagar,13.111,80.245,ECMWF_ERA5_Reanalysis
2020-06-06,36.5,27.9,31.3,41.6,32.3,35.2,2.2,21.7,44.3,194,21.9,1004.0,ward_06_thiruvika_nagar,13.111,80.245,ECMWF_ERA5_Reanalysis
2020-06-07,36.8,29.3,31.9,39.6,31.8,34.8,0.0,25.2,45.7,230,17.3,1003.2,ward_06_thiruvika_nagar,13.111,80.245,ECMWF_ERA5_Reanalysis
2020-06-08,37.1,28.8,32.0,41.9,31.1,35.2,0.1,18.0,39.6,203,22.85,1002.8,ward_06_thiruvika_nagar,13.111,80.245,ECMWF_ERA5_Reanalysis
2020-06-09,36.9,28.6,31.4,39.5,33.3,35.5,0.0,19.1,37.1,190,14.1,1002.1,ward_06_thiruvika_nagar,13.111,80.245,ECMWF_ERA5_Reanalysis
2020-06-10,33.6,27.3,30.8,38.1,31.6,34.7,0.8,17.7,38.9,236,11.1,1001.5,ward_06_thiruvika_nagar,13.111,80.245,ECMWF_ERA5_Reanalysis
2020-06-11,34.9,26.8,30.0,36.0,31.0,33.1,1.2,24.5,62.6,274,14.71,1000.8,ward_06_thiruvika_nagar,13.111,80.245,ECMWF_ERA5_Reanalysis
2020-06-12,36.3,27.7,31.4,37.9,30.0,33.5,0.0,27.8,55.4,244,16.81,1000.2,ward_06_thiruvika_nagar,13.111,80.245,ECMWF_ERA5_Reanalysis
2020-06-13,36.1,28.8,31.2,39.9,30.5,34.0,0.7,26.8,52.6,204,23.44,1000.9,ward_06_thiruvika_nagar,13.111,80.245,ECMWF_ERA5_Reanalysis
2020-06-14,36.9,29.0,31.6,42.0,31.5,35.8,0.7,22.1,45.7,209,21.81,1001.9,ward_06_thiruvika_nagar,13.111,80.245,ECMWF_ERA5_Reanalysis
2020-06-15,38.4,30.1,32.4,43.2,32.0,35.6,1.9,22.0,55.4,225,20.43,1001.9,ward_06_thiruvika_nagar,13.111,80.245,ECMWF_ERA5_Reanalysis
2020-06-16,37.1,29.0,31.9,41.9,32.4,35.8,0.0,24.0,51.8,192,21.59,1001.2,ward_06_thiruvika_nagar,13.111,80.245,ECMWF_ERA5_Reanalysis
2020-06-17,36.9,28.3,31.7,41.4,33.8,35.9,0.5,23.8,57.2,194,21.97,1001.9,ward_06_thiruvika_nagar,13.111,80.245,ECMWF_ERA5_Reanalysis
2020-06-18,36.7,29.7,32.0,39.5,32.1,35.9,0.3,17.2,46.1,212,17.78,1003.4,ward_06_thiruvika_nagar,13.111,80.245,ECMWF_ERA5_Reanalysis
2020-06-19,37.2,29.3,31.9,42.7,32.3,35.6,0.3,20.7,43.6,196,22.58,1003.7,ward_06_thiruvika_nagar,13.111,80.245,ECMWF_ERA5_Reanalysis
2020-06-20,37.0,28.6,31.5,41.0,32.7,35.5,0.4,22.1,40.3,217,18.81,1003.5,ward_06_thiruvika_nagar,13.111,80.245,ECMWF_ERA5_Reanalysis
2020-06-21,36.7,27.9,31.0,39.0,31.9,35.3,0.4,14.6,36.0,220,13.73,1002.8,ward_06_thiruvika_nagar,13.111,80.245,ECMWF_ERA5_Reanalysis
2020-06-22,36.3,26.6,30.4,41.6,31.5,34.9,7.1,18.2,39.2,218,21.75,1001.5,ward_06_thiruvika_nagar,13.111,80.245,ECMWF_ERA5_Reanalysis
2020-06-23,33.5,25.9,29.2,40.7,30.6,34.2,8.1,16.5,33.5,201,22.32,1003.5,ward_06_thiruvika_nagar,13.111,80.245,ECMWF_ERA5_Reanalysis
2020-06-24,32.6,25.9,28.9,40.7,29.8,34.3,2.5,13.2,29.5,196,23.31,1003.8,ward_06_thiruvika_nagar,13.111,80.245,ECMWF_ERA5_Reanalysis
2020-06-25,30.8,26.2,28.4,37.0,31.0,33.6,1.3,15.8,33.8,154,22.46,1003.2,ward_06_thiruvika_nagar,13.111,80.245,ECMWF_ERA5_Reanalysis
2020-06-26,31.3,25.7,28.6,37.4,30.5,33.6,3.3,20.6,42.8,171,23.03,1002.7,ward_06_thiruvika_nagar,13.111,80.245,ECMWF_ERA5_Reanalysis
2020-06-27,32.8,27.0,29.8,40.6,32.0,35.7,2.1,15.3,34.2,171,23.62,1002.6,ward_06_thiruvika_nagar,13.111,80.245,ECMWF_ERA5_Reanalysis
2020-06-28,32.4,27.1,29.5,40.5,32.6,35.5,2.8,15.6,28.4,195,21.86,1002.5,ward_06_thiruvika_nagar,13.111,80.245,ECMWF_ERA5_Reanalysis
2020-06-29,31.4,26.7,29.0,39.1,32.1,34.8,5.7,13.7,31.7,180,22.57,1002.0,ward_06_thiruvika_nagar,13.111,80.245,ECMWF_ERA5_Reanalysis
2020-06-30,31.7,26.0,28.4,40.2,31.6,34.3,10.3,15.9,33.8,203,22.42,1002.0,ward_06_thiruvika_nagar,13.111,80.245,ECMWF_ERA5_Reanalysis
2020-07-01,32.8,25.8,29.0,39.1,31.0,35.0,7.1,13.6,30.2,201,17.31,1002.6,ward_06_thiruvika_nagar,13.111,80.245,ECMWF_ERA5_Reanalysis
2020-07-02,31.1,26.6,28.8,36.3,31.2,33.7,4.9,18.5,37.8,235,11.21,1002.2,ward_06_thiruvika_nagar,13.111,80.245,ECMWF_ERA5_Reanalysis
2020-07-03,32.7,25.8,28.8,36.9,29.8,32.9,1.8,17.1,41.4,218,16.77,1001.7,ward_06_thiruvika_nagar,13.111,80.245,ECMWF_ERA5_Reanalysis
2020-07-04,31.7,25.6,28.5,35.7,29.2,32.4,1.7,19.9,42.1,217,14.4,1001.9,ward_06_thiruvika_nagar,13.111,80.245,ECMWF_ERA5_Reanalysis
2020-07-05,32.4,26.8,29.0,36.5,31.0,33.6,0.0,17.7,33.1,208,13.34,1001.6,ward_06_thiruvika_nagar,13.111,80.245,ECMWF_ERA5_Reanalysis
2020-07-06,33.5,26.9,29.4,38.0,31.9,34.2,1.4,18.2,42.1,210,16.97,1001.7,ward_06_thiruvika_nagar,13.111,80.245,ECMWF_ERA5_Reanalysis
2020-07-07,34.6,26.8,29.7,41.1,32.0,34.8,2.6,17.4,35.6,206,22.38,1003.4,ward_06_thiruvika_nagar,13.111,80.245,ECMWF_ERA5_Reanalysis
2020-07-08,31.9,26.0,28.6,38.5,31.5,34.5,5.8,15.9,34.9,182,20.01,1004.7,ward_06_thiruvika_nagar,13.111,80.245,ECMWF_ERA5_Reanalysis
2020-07-09,31.3,25.6,28.1,39.5,30.3,34.0,17.0,13.8,36.0,186,21.47,1004.3,ward_06_thiruvika_nagar,13.111,80.245,ECMWF_ERA5_Reanalysis
2020-07-10,32.3,25.0,28.2,37.3,29.9,33.1,22.2,15.8,34.6,241,20.93,1004.7,ward_06_thiruvika_nagar,13.111,80.245,ECMWF_ERA5_Reanalysis
2020-07-11,30.1,25.5,27.8,35.4,29.2,32.7,5.4,15.5,30.2,204,13.8,1004.3,ward_06_thiruvika_nagar,13.111,80.245,ECMWF_ERA5_Reanalysis
2020-07-12,33.6,26.5,29.2,41.5,31.1,35.1,5.7,14.1,33.1,220,24.08,1003.2,ward_06_thiruvika_nagar,13.111,80.245,ECMWF_ERA5_Reanalysis
2020-07-13,32.0,24.9,28.4,39.2,29.0,33.8,5.8,13.7,34.9,203,21.28,1002.7,ward_06_thiruvika_nagar,13.111,80.245,ECMWF_ERA5_Reanalysis
2020-07-14,31.8,26.8,28.9,37.1,31.9,34.1,0.8,12.1,27.4,225,14.81,1002.4,ward_06_thiruvika_nagar,13.111,80.245,ECMWF_ERA5_Reanalysis
2020-07-15,32.5,26.2,28.8,37.4,30.6,33.6,4.0,15.6,38.2,219,18.68,1002.1,ward_06_thiruvika_nagar,13.111,80.245,ECMWF_ERA5_Reanalysis
2020-07-16,31.8,26.2,28.3,35.8,30.7,32.8,0.8,17.0,32.8,211,13.52,1001.8,ward_06_thiruvika_nagar,13.111,80.245,ECMWF_ERA5_Reanalysis
2020-07-17,32.7,25.9,29.0,38.9,30.4,34.2,1.1,15.4,36.4,213,21.09,1001.9,ward_06_thiruvika_nagar,13.111,80.245,ECMWF_ERA5_Reanalysis
2020-07-18,32.0,26.6,28.8,37.2,30.2,33.8,0.0,15.3,33.5,204,17.15,1003.3,ward_06_thiruvika_nagar,13.111,80.245,ECMWF_ERA5_Reanalysis
2020-07-19,30.5,26.1,28.3,36.6,31.5,33.8,3.9,15.8,34.2,183,18.55,1004.1,ward_06_thiruvika_nagar,13.111,80.245,ECMWF_ERA5_Reanalysis
2020-07-20,30.6,25.9,28.4,36.2,30.4,33.0,6.6,22.9,45.7,186,21.52,1003.6,ward_06_thiruvika_nagar,13.111,80.245,ECMWF_ERA5_Reanalysis
2020-07-21,30.7,26.8,28.9,36.4,31.8,34.0,0.5,18.9,38.9,166,22.12,1004.4,ward_06_thiruvika_nagar,13.111,80.245,ECMWF_ERA5_Reanalysis
2020-07-22,31.4,26.9,28.8,36.8,32.1,33.6,0.7,21.2,43.6,181,22.52,1004.8,ward_06_thiruvika_nagar,13.111,80.245,ECMWF_ERA5_Reanalysis
2020-07-23,31.8,25.9,28.7,37.1,30.7,33.4,11.9,18.8,38.9,185,19.89,1004.2,ward_06_thiruvika_nagar,13.111,80.245,ECMWF_ERA5_Reanalysis
2020-07-24,31.7,25.2,28.2,37.9,30.3,33.5,9.7,19.6,42.1,187,21.54,1004.7,ward_06_thiruvika_nagar,13.111,80.245,ECMWF_ERA5_Reanalysis
2020-07-25,31.9,25.3,28.4,38.7,29.1,34.1,2.3,13.8,30.2,233,21.54,1005.7,ward_06_thiruvika_nagar,13.111,80.245,ECMWF_ERA5_Reanalysis
2020-07-26,32.1,25.2,28.3,39.3,28.8,33.5,0.3,13.6,36.4,244,23.34,1006.5,ward_06_thiruvika_nagar,13.111,80.245,ECMWF_ERA5_Reanalysis
2020-07-27,32.6,26.6,29.0,40.1,31.6,35.0,5.5,8.6,30.2,221,20.88,1005.2,ward_06_thiruvika_nagar,13.111,80.245,ECMWF_ERA5_Reanalysis
2020-07-28,33.3,25.4,28.7,40.5,30.4,34.1,13.2,13.3,36.0,239,21.35,1003.3,ward_06_thiruvika_nagar,13.111,80.245,ECMWF_ERA5_Reanalysis
2020-07-29,31.2,25.2,27.3,38.1,29.8,32.8,25.1,13.2,25.9,241,15.49,1002.7,ward_06_thiruvika_nagar,13.111,80.245,ECMWF_ERA5_Reanalysis
2020-07-30,32.4,26.0,28.5,41.3,31.1,34.2,8.9,13.6,31.7,195,23.04,1002.9,ward_06_thiruvika_nagar,13.111,80.245,ECMWF_ERA5_Reanalysis
2020-07-31,32.2,25.6,28.6,40.5,30.8,34.4,5.2,17.3,33.1,201,23.7,1002.6,ward_06_thiruvika_nagar,13.111,80.245,ECMWF_ERA5_Reanalysis
2020-08-01,32.6,25.9,28.7,39.9,31.8,34.3,0.6,17.7,32.8,223,21.7,1002.7,ward_06_thiruvika_nagar,13.111,80.245,ECMWF_ERA5_Reanalysis
2020-08-02,32.7,26.5,29.0,38.2,31.2,34.0,8.2,15.8,43.9,244,19.7,1002.7,ward_06_thiruvika_nagar,13.111,80.245,ECMWF_ERA5_Reanalysis
2020-08-03,31.2,25.5,28.0,34.9,29.3,31.6,1.5,18.9,34.6,229,8.59,1001.4,ward_06_thiruvika_nagar,13.111,80.245,ECMWF_ERA5_Reanalysis
2020-08-04,31.5,27.2,28.7,35.9,29.8,32.2,0.7,15.8,50.0,243,11.26,999.7,ward_06_thiruvika_nagar,13.111,80.245,ECMWF_ERA5_Reanalysis
2020-08-05,29.5,25.3,27.6,32.8,28.1,30.5,3.5,23.7,44.3,216,7.21,998.4,ward_06_thiruvika_nagar,13.111,80.245,ECMWF_ERA5_Reanalysis
2020-08-06,33.0,26.6,29.3,37.1,29.2,32.9,0.0,21.3,41.8,203,20.01,1000.1,ward_06_thiruvika_nagar,13.111,80.245,ECMWF_ERA5_Reanalysis
2020-08-07,34.2,26.7,29.9,38.4,30.3,34.4,1.3,18.9,44.6,236,21.04,1002.9,ward_06_thiruvika_nagar,13.111,80.245,ECMWF_ERA5_Reanalysis
2020-08-08,33.4,27.8,30.0,38.1,31.4,34.4,0.8,22.1,54.7,257,20.46,1003.2,ward_06_thiruvika_nagar,13.111,80.245,ECMWF_ERA5_Reanalysis
2020-08-09,30.3,25.6,28.0,33.9,29.4,31.7,5.4,20.6,43.2,230,12.29,1002.8,ward_06_thiruvika_nagar,13.111,80.245,ECMWF_ERA5_Reanalysis
2020-08-10,32.3,25.3,28.0,38.2,28.7,33.0,9.9,17.8,48.2,240,19.37,1003.4,ward_06_thiruvika_nagar,13.111,80.245,ECMWF_ERA5_Reanalysis
2020-08-11,34.0,26.1,29.1,38.4,29.8,34.0,4.7,20.0,41.8,243,22.77,1004.4,ward_06_thiruvika_nagar,13.111,80.245,ECMWF_ERA5_Reanalysis
2020-08-12,32.5,25.9,28.4,36.9,30.4,33.0,0.5,16.6,34.6,228,13.19,1005.2,ward_06_thiruvika_nagar,13.111,80.245,ECMWF_ERA5_Reanalysis
2020-08-13,32.7,26.7,29.1,37.5,30.1,33.5,0.1,17.0,39.6,246,15.69,1003.4,ward_06_thiruvika_nagar,13.111,80.245,ECMWF_ERA5_Reanalysis
2020-08-14,31.9,26.6,28.6,36.2,30.7,33.3,0.3,15.1,34.9,225,12.59,1002.5,ward_06_thiruvika_nagar,13.111,80.245,ECMWF_ERA5_Reanalysis
2020-08-15,32.2,26.7,28.7,36.7,29.8,32.8,0.0,16.3,32.8,230,14.1,1003.1,ward_06_thiruvika_nagar,13.111,80.245,ECMWF_ERA5_Reanalysis
2020-08-16,31.8,25.9,28.3,35.5,28.8,32.0,1.4,13.0,37.4,245,15.74,1003.8,ward_06_thiruvika_nagar,13.111,80.245,ECMWF_ERA5_Reanalysis
2020-08-17,31.9,25.2,28.1,36.2,29.1,32.3,2.8,14.9,31.3,214,12.97,1003.4,ward_06_thiruvika_nagar,13.111,80.245,ECMWF_ERA5_Reanalysis
2020-08-18,33.3,26.6,28.9,38.4,30.6,33.6,3.3,13.9,32.4,236,15.4,1003.5,ward_06_thiruvika_nagar,13.111,80.245,ECMWF_ERA5_Reanalysis
2020-08-19,33.4,26.7,29.3,37.8,30.5,33.7,0.0,15.8,33.5,241,17.4,1002.5,ward_06_thiruvika_nagar,13.111,80.245,ECMWF_ERA5_Reanalysis
2020-08-20,31.5,27.7,29.0,36.0,31.6,33.5,0.0,14.5,25.9,206,11.29,1002.5,ward_06_thiruvika_nagar,13.111,80.245,ECMWF_ERA5_Reanalysis
2020-08-21,32.5,27.0,29.2,38.8,32.3,34.7,0.9,16.9,42.5,187,21.63,1004.8,ward_06_thiruvika_nagar,13.111,80.245,ECMWF_ERA5_Reanalysis
2020-08-22,32.0,26.3,28.9,39.1,33.0,34.7,6.3,16.8,41.8,178,21.88,1005.9,ward_06_thiruvika_nagar,13.111,80.245,ECMWF_ERA5_Reanalysis
2020-08-23,32.5,25.5,28.5,40.2,30.0,34.2,7.1,19.9,36.4,198,22.64,1005.8,ward_06_thiruvika_nagar,13.111,80.245,ECMWF_ERA5_Reanalysis
2020-08-24,31.2,25.0,27.7,39.1,29.1,33.3,9.7,14.3,26.3,177,21.23,1006.3,ward_06_thiruvika_nagar,13.111,80.245,ECMWF_ERA5_Reanalysis
2020-08-25,30.4,26.4,28.2,37.0,31.9,33.9,3.3,10.9,25.6,177,17.01,1006.8,ward_06_thiruvika_nagar,13.111,80.245,ECMWF_ERA5_Reanalysis
2020-08-26,32.0,26.3,28.5,39.1,31.9,34.5,3.7,12.7,29.5,204,18.54,1006.4,ward_06_thiruvika_nagar,13.111,80.245,ECMWF_ERA5_Reanalysis
2020-08-27,32.9,25.4,28.7,40.3,29.6,34.3,1.5,13.7,27.7,200,21.55,1005.3,ward_06_thiruvika_nagar,13.111,80.245,ECMWF_ERA5_Reanalysis
2020-08-28,32.8,26.0,28.7,39.7,30.4,34.1,2.3,14.6,36.4,185,23.63,1004.4,ward_06_thiruvika_nagar,13.111,80.245,ECMWF_ERA5_Reanalysis
2020-08-29,31.6,26.3,28.7,38.8,32.3,34.6,2.0,13.6,34.9,173,22.15,1004.5,ward_06_thiruvika_nagar,13.111,80.245,ECMWF_ERA5_Reanalysis
2020-08-30,31.3,25.3,28.6,39.3,30.7,34.7,6.8,12.8,29.9,99,22.85,1005.1,ward_06_thiruvika_nagar,13.111,80.245,ECMWF_ERA5_Reanalysis
2020-08-31,32.5,24.9,28.5,39.8,28.8,34.3,7.2,16.3,30.2,9,23.3,1005.6,ward_06_thiruvika_nagar,13.111,80.245,ECMWF_ERA5_Reanalysis
2020-09-01,31.7,25.5,27.9,40.0,30.0,33.7,12.4,13.7,35.6,239,20.14,1005.4,ward_06_thiruvika_nagar,13.111,80.245,ECMWF_ERA5_Reanalysis
2020-09-02,30.1,25.6,27.7,37.0,30.9,33.6,17.0,13.2,37.8,135,20.74,1005.0,ward_06_thiruvika_nagar,13.111,80.245,ECMWF_ERA5_Reanalysis
2020-09-03,30.4,25.2,27.8,37.5,30.7,33.4,0.3,13.2,29.9,130,23.34,1005.4,ward_06_thiruvika_nagar,13.111,80.245,ECMWF_ERA5_Reanalysis
2020-09-04,29.7,25.4,27.7,36.4,30.8,33.3,3.2,15.1,33.5,120,23.37,1005.4,ward_06_thiruvika_nagar,13.111,80.245,ECMWF_ERA5_Reanalysis
2020-09-05,30.5,25.7,28.1,37.6,31.9,34.0,0.9,15.3,33.1,128,23.21,1004.7,ward_06_thiruvika_nagar,13.111,80.245,ECMWF_ERA5_Reanalysis
2020-09-06,30.5,26.0,28.3,37.4,31.7,33.6,4.3,23.4,45.0,157,23.05,1004.4,ward_06_thiruvika_nagar,13.111,80.245,ECMWF_ERA5_Reanalysis
2020-09-07,31.2,25.5,28.0,38.5,31.5,33.9,1.9,11.8,36.4,177,21.81,1004.8,ward_06_thiruvika_nagar,13.111,80.245,ECMWF_ERA5_Reanalysis
2020-09-08,32.3,26.1,28.8,39.6,31.7,34.7,5.3,10.5,27.7,182,22.95,1005.1,ward_06_thiruvika_nagar,13.111,80.245,ECMWF_ERA5_Reanalysis
2020-09-09,30.9,25.9,28.1,37.8,31.0,33.7,5.3,14.6,34.2,186,20.42,1004.3,ward_06_thiruvika_nagar,13.111,80.245,ECMWF_ERA5_Reanalysis
2020-09-10,30.4,25.6,28.0,35.6,31.2,33.1,2.2,17.2,35.3,205,12.7,1002.6,ward_06_thiruvika_nagar,13.111,80.245,ECMWF_ERA5_Reanalysis
2020-09-11,31.2,26.4,28.5,35.0,29.8,32.7,1.1,15.5,36.0,226,12.77,1003.1,ward_06_thiruvika_nagar,13.111,80.245,ECMWF_ERA5_Reanalysis
2020-09-12,29.1,25.2,26.8,33.3,29.7,31.3,7.0,14.1,34.2,218,9.73,1005.4,ward_06_thiruvika_nagar,13.111,80.245,ECMWF_ERA5_Reanalysis
2020-09-13,27.6,25.3,26.1,31.8,29.3,30.3,24.6,18.1,35.6,231,6.54,1005.3,ward_06_thiruvika_nagar,13.111,80.245,ECMWF_ERA5_Reanalysis
2020-09-14,30.2,24.6,26.9,33.6,27.6,30.6,4.4,16.6,32.8,240,12.04,1003.9,ward_06_thiruvika_nagar,13.111,80.245,ECMWF_ERA5_Reanalysis
2020-09-15,31.2,26.0,28.1,34.9,28.7,31.9,3.8,16.7,39.2,231,15.22,1003.8,ward_06_thiruvika_nagar,13.111,80.245,ECMWF_ERA5_Reanalysis
2020-09-16,32.2,25.4,28.2,37.5,30.7,33.6,4.6,15.7,35.6,228,21.75,1003.9,ward_06_thiruvika_nagar,13.111,80.245,ECMWF_ERA5_Reanalysis
2020-09-17,32.4,26.2,28.7,38.6,31.3,34.3,1.5,13.2,34.6,242,20.89,1004.1,ward_06_thiruvika_nagar,13.111,80.245,ECMWF_ERA5_Reanalysis
2020-09-18,31.9,26.0,28.4,36.9,30.2,33.3,11.3,15.3,41.8,248,17.29,1002.6,ward_06_thiruvika_nagar,13.111,80.245,ECMWF_ERA5_Reanalysis
2020-09-19,27.9,24.4,26.3,33.5,28.6,30.9,13.9,16.4,35.3,239,8.12,1001.0,ward_06_thiruvika_nagar,13.111,80.245,ECMWF_ERA5_Reanalysis
2020-09-20,30.2,25.5,27.3,33.2,28.1,30.1,0.9,24.7,55.4,235,11.79,1000.4,ward_06_thiruvika_nagar,13.111,80.245,ECMWF_ERA5_Reanalysis
2020-09-21,29.8,25.7,27.6,33.3,28.2,30.6,0.0,17.9,48.6,212,7.51,1001.2,ward_06_thiruvika_nagar,13.111,80.245,ECMWF_ERA5_Reanalysis
2020-09-22,32.8,25.8,28.8,36.6,28.8,32.4,0.1,22.9,42.8,199,21.33,1002.3,ward_06_thiruvika_nagar,13.111,80.245,ECMWF_ERA5_Reanalysis
2020-09-23,33.3,25.6,28.6,38.5,28.1,32.3,0.2,18.0,37.1,206,23.68,1004.4,ward_06_thiruvika_nagar,13.111,80.245,ECMWF_ERA5_Reanalysis
2020-09-24,33.4,26.2,29.2,40.7,31.2,34.6,0.0,13.8,30.2,182,23.98,1006.2,ward_06_thiruvika_nagar,13.111,80.245,ECMWF_ERA5_Reanalysis
2020-09-25,31.3,26.8,28.6,37.4,31.6,33.7,5.3,20.9,40.0,191,20.46,1006.1,ward_06_thiruvika_nagar,13.111,80.245,ECMWF_ERA5_Reanalysis
2020-09-26,31.8,26.0,28.1,36.4,30.7,33.1,2.4,12.2,36.4,228,18.64,1006.1,ward_06_thiruvika_nagar,13.111,80.245,ECMWF_ERA5_Reanalysis
2020-09-27,32.0,25.5,27.9,38.4,31.4,33.8,2.4,10.9,43.2,192,18.55,1006.1,ward_06_thiruvika_nagar,13.111,80.245,ECMWF_ERA5_Reanalysis
2020-09-28,32.3,26.0,28.3,38.2,30.6,33.5,1.6,12.6,27.7,225,20.75,1005.5,ward_06_thiruvika_nagar,13.111,80.245,ECMWF_ERA5_Reanalysis
2020-09-29,33.2,24.1,27.6,40.1,28.0,32.6,24.1,15.3,28.4,245,22.34,1004.4,ward_06_thiruvika_nagar,13.111,80.245,ECMWF_ERA5_Reanalysis
2020-09-30,29.9,24.4,27.1,33.8,28.4,31.5,3.6,13.7,29.9,266,13.39,1003.6,ward_06_thiruvika_nagar,13.111,80.245,ECMWF_ERA5_Reanalysis
2020-10-01,31.5,24.5,28.0,35.5,27.8,31.6,11.3,17.0,35.6,286,17.3,1003.8,ward_06_thiruvika_nagar,13.111,80.245,ECMWF_ERA5_Reanalysis
2020-10-02,32.8,25.7,29.1,39.2,28.7,33.6,0.5,13.4,28.1,235,22.31,1003.7,ward_06_thiruvika_nagar,13.111,80.245,ECMWF_ERA5_Reanalysis
2020-10-03,33.6,26.6,29.6,38.7,29.8,33.8,0.1,16.6,31.3,254,16.43,1003.9,ward_06_thiruvika_nagar,13.111,80.245,ECMWF_ERA5_Reanalysis
2020-10-04,33.6,27.1,29.4,37.2,29.6,32.9,0.3,17.1,31.7,272,15.4,1005.0,ward_06_thiruvika_nagar,13.111,80.245,ECMWF_ERA5_Reanalysis
2020-10-05,33.9,26.5,29.4,39.1,28.8,33.7,0.0,17.4,31.7,284,21.5,1004.4,ward_06_thiruvika_nagar,13.111,80.245,ECMWF_ERA5_Reanalysis
2020-10-06,33.5,26.1,29.2,39.4,29.0,34.0,0.4,15.8,32.4,210,21.49,1004.3,ward_06_thiruvika_nagar,13.111,80.245,ECMWF_ERA5_Reanalysis
2020-10-07,33.8,26.8,29.4,40.3,30.8,34.9,0.5,14.3,28.1,193,22.12,1005.1,ward_06_thiruvika_nagar,13.111,80.245,ECMWF_ERA5_Reanalysis
2020-10-08,32.7,26.0,28.8,39.2,30.6,34.3,2.6,16.0,32.0,175,22.26,1005.4,ward_06_thiruvika_nagar,13.111,80.245,ECMWF_ERA5_Reanalysis
2020-10-09,31.3,26.1,28.4,38.7,31.6,34.3,5.4,15.1,34.6,172,21.23,1005.6,ward_06_thiruvika_nagar,13.111,80.245,ECMWF_ERA5_Reanalysis
2020-10-10,28.7,25.4,27.0,34.4,30.5,32.8,28.5,10.5,23.4,30,9.4,1004.9,ward_06_thiruvika_nagar,13.111,80.245,ECMWF_ERA5_Reanalysis
2020-10-11,29.8,24.4,26.7,34.2,28.6,31.5,21.6,13.7,28.8,288,11.52,1002.8,ward_06_thiruvika_nagar,13.111,80.245,ECMWF_ERA5_Reanalysis
2020-10-12,31.1,25.2,27.5,35.5,30.1,32.4,1.5,13.6,35.6,258,13.37,1000.9,ward_06_thiruvika_nagar,13.111,80.245,ECMWF_ERA5_Reanalysis
2020-10-13,31.8,25.6,28.4,36.1,29.2,32.5,1.7,21.9,45.4,239,18.19,999.2,ward_06_thiruvika_nagar,13.111,80.245,ECMWF_ERA5_Reanalysis
2020-10-14,32.9,26.2,29.2,36.6,28.6,32.1,0.2,18.2,38.5,223,20.01,1000.9,ward_06_thiruvika_nagar,13.111,80.245,ECMWF_ERA5_Reanalysis
2020-10-15,32.4,26.4,28.8,37.6,28.0,32.3,0.0,14.9,31.7,201,21.18,1002.5,ward_06_thiruvika_nagar,13.111,80.245,ECMWF_ERA5_Reanalysis
2020-10-16,32.1,26.2,28.7,38.4,32.6,35.1,3.8,11.3,33.1,78,20.78,1002.8,ward_06_thiruvika_nagar,13.111,80.245,ECMWF_ERA5_Reanalysis
2020-10-17,30.5,25.5,27.4,38.4,31.0,33.6,24.8,12.4,29.9,344,16.63,1004.3,ward_06_thiruvika_nagar,13.111,80.245,ECMWF_ERA5_Reanalysis
2020-10-18,29.3,25.0,26.8,35.2,29.6,32.3,12.1,11.5,36.7,294,13.36,1005.0,ward_06_thiruvika_nagar,13.111,80.245,ECMWF_ERA5_Reanalysis
2020-10-19,30.6,24.9,27.5,36.1,29.2,33.0,6.1,12.7,34.2,287,18.14,1004.4,ward_06_thiruvika_nagar,13.111,80.245,ECMWF_ERA5_Reanalysis
2020-10-20,28.4,25.0,26.4,34.1,30.7,32.0,26.2,12.6,31.7,302,9.68,1003.8,ward_06_thiruvika_nagar,13.111,80.245,ECMWF_ERA5_Reanalysis
2020-10-21,30.4,24.7,26.6,37.4,29.3,32.1,10.4,10.8,28.1,294,15.21,1004.4,ward_06_thiruvika_nagar,13.111,80.245,ECMWF_ERA5_Reanalysis
2020-10-22,31.9,25.0,27.7,38.8,30.3,33.3,18.6,10.6,28.8,220,20.19,1004.1,ward_06_thiruvika_nagar,13.111,80.245,ECMWF_ERA5_Reanalysis
2020-10-23,31.8,24.4,27.4,38.6,28.0,32.2,22.5,15.3,28.8,244,17.04,1004.6,ward_06_thiruvika_nagar,13.111,80.245,ECMWF_ERA5_Reanalysis
2020-10-24,32.1,25.3,28.0,39.2,28.5,32.9,2.1,13.7,27.4,251,18.56,1006.0,ward_06_thiruvika_nagar,13.111,80.245,ECMWF_ERA5_Reanalysis
2020-10-25,31.0,25.1,27.8,36.7,30.5,33.2,0.0,13.7,30.2,46,19.29,1007.6,ward_06_thiruvika_nagar,13.111,80.245,ECMWF_ERA5_Reanalysis
2020-10-26,30.8,25.1,27.4,36.3,30.7,32.8,0.0,16.1,33.5,18,20.71,1008.4,ward_06_thiruvika_nagar,13.111,80.245,ECMWF_ERA5_Reanalysis
2020-10-27,29.0,24.7,26.7,34.0,29.8,31.5,1.9,15.6,37.1,7,16.44,1008.0,ward_06_thiruvika_nagar,13.111,80.245,ECMWF_ERA5_Reanalysis
2020-10-28,28.0,24.6,26.2,32.7,28.2,29.6,9.4,21.8,45.0,13,14.4,1008.7,ward_06_thiruvika_nagar,13.111,80.245,ECMWF_ERA5_Reanalysis
2020-10-29,27.0,23.7,25.0,31.0,26.3,28.6,16.0,16.6,38.2,359,10.56,1009.0,ward_06_thiruvika_nagar,13.111,80.245,ECMWF_ERA5_Reanalysis
2020-10-30,30.4,23.7,26.9,34.0,27.2,30.6,0.3,17.8,37.4,16,20.59,1008.4,ward_06_thiruvika_nagar,13.111,80.245,ECMWF_ERA5_Reanalysis
2020-10-31,31.0,23.4,26.9,36.4,27.3,31.3,0.0,14.8,31.7,15,22.0,1008.3,ward_06_thiruvika_nagar,13.111,80.245,ECMWF_ERA5_Reanalysis
2020-11-01,30.8,23.2,27.0,37.3,27.3,32.1,0.0,12.7,28.1,49,21.19,1009.2,ward_06_thiruvika_nagar,13.111,80.245,ECMWF_ERA5_Reanalysis
2020-11-02,30.8,24.2,27.4,37.6,29.1,32.9,0.2,12.4,35.3,44,20.3,1009.8,ward_06_thiruvika_nagar,13.111,80.245,ECMWF_ERA5_Reanalysis
2020-11-03,30.4,24.7,27.5,36.0,30.3,32.7,0.5,16.4,34.9,32,19.07,1009.8,ward_06_thiruvika_nagar,13.111,80.245,ECMWF_ERA5_Reanalysis
2020-11-04,28.8,25.7,26.9,33.7,30.7,32.0,9.2,16.6,33.8,27,12.22,1009.6,ward_06_thiruvika_nagar,13.111,80.245,ECMWF_ERA5_Reanalysis
2020-11-05,29.8,24.9,27.3,35.1,30.5,32.4,7.5,14.4,32.4,56,18.48,1010.1,ward_06_thiruvika_nagar,13.111,80.245,ECMWF_ERA5_Reanalysis
2020-11-06,28.8,25.3,27.0,34.0,30.0,32.0,5.0,14.6,31.7,50,16.47,1011.6,ward_06_thiruvika_nagar,13.111,80.245,ECMWF_ERA5_Reanalysis
2020-11-07,28.6,25.5,26.8,32.9,30.3,31.4,5.7,17.7,36.4,37,15.18,1012.2,ward_06_thiruvika_nagar,13.111,80.245,ECMWF_ERA5_Reanalysis
2020-11-08,29.8,25.7,27.8,32.5,29.2,30.7,1.0,25.0,49.7,47,18.54,1012.2,ward_06_thiruvika_nagar,13.111,80.245,ECMWF_ERA5_Reanalysis
2020-11-09,29.4,25.2,27.1,31.4,26.9,29.1,0.0,23.3,46.8,25,21.13,1011.2,ward_06_thiruvika_nagar,13.111,80.245,ECMWF_ERA5_Reanalysis
2020-11-10,29.1,23.6,26.5,30.9,25.5,28.3,0.1,20.6,42.1,15,21.08,1009.3,ward_06_thiruvika_nagar,13.111,80.245,ECMWF_ERA5_Reanalysis
2020-11-11,27.8,23.8,25.6,31.6,26.0,29.1,6.4,20.6,42.1,7,13.72,1009.0,ward_06_thiruvika_nagar,13.111,80.245,ECMWF_ERA5_Reanalysis
2020-11-12,27.9,24.4,25.8,32.5,29.2,30.3,19.5,18.4,35.6,60,10.62,1010.1,ward_06_thiruvika_nagar,13.111,80.245,ECMWF_ERA5_Reanalysis
2020-11-13,28.6,25.0,26.8,33.0,29.4,31.2,8.4,17.9,42.5,51,13.11,1010.0,ward_06_thiruvika_nagar,13.111,80.245,ECMWF_ERA5_Reanalysis
2020-11-14,29.9,25.3,27.5,33.9,29.9,31.1,2.0,23.5,47.2,37,19.63,1008.8,ward_06_thiruvika_nagar,13.111,80.245,ECMWF_ERA5_Reanalysis
2020-11-15,27.0,25.4,26.0,30.8,29.3,29.8,25.4,19.3,38.5,72,5.76,1008.3,ward_06_thiruvika_nagar,13.111,80.245,ECMWF_ERA5_Reanalysis
2020-11-16,26.1,24.8,25.2,30.9,28.1,29.7,53.5,16.4,37.1,90,3.2,1009.7,ward_06_thiruvika_nagar,13.111,80.245,ECMWF_ERA5_Reanalysis
2020-11-17,28.7,24.3,26.3,32.6,29.1,30.7,10.2,22.2,45.0,58,17.35,1009.3,ward_06_thiruvika_nagar,13.111,80.245,ECMWF_ERA5_Reanalysis
2020-11-18,28.3,24.5,26.5,33.7,29.6,31.3,3.5,17.2,35.6,65,16.47,1009.6,ward_06_thiruvika_nagar,13.111,80.245,ECMWF_ERA5_Reanalysis
2020-11-19,29.3,25.4,27.2,33.8,30.0,31.6,1.1,15.9,34.6,72,18.5,1009.8,ward_06_thiruvika_nagar,13.111,80.245,ECMWF_ERA5_Reanalysis
2020-11-20,29.2,24.0,26.3,33.5,28.4,30.5,0.1,15.7,33.8,45,20.33,1010.5,ward_06_thiruvika_nagar,13.111,80.245,ECMWF_ERA5_Reanalysis
2020-11-21,28.4,22.6,25.1,32.7,25.8,28.7,0.0,14.3,32.0,22,21.13,1010.9,ward_06_thiruvika_nagar,13.111,80.245,ECMWF_ERA5_Reanalysis
2020-11-22,28.5,20.8,24.7,31.9,23.7,28.0,0.0,16.3,34.9,5,19.72,1011.2,ward_06_thiruvika_nagar,13.111,80.245,ECMWF_ERA5_Reanalysis
2020-11-23,29.2,24.5,26.5,31.7,27.6,29.2,1.7,24.5,47.2,24,15.92,1010.5,ward_06_thiruvika_nagar,13.111,80.245,ECMWF_ERA5_Reanalysis
2020-11-24,26.6,24.3,25.0,29.5,26.3,27.6,20.0,26.4,52.2,20,9.06,1009.0,ward_06_thiruvika_nagar,13.111,80.245,ECMWF_ERA5_Reanalysis
2020-11-25,26.4,24.3,25.1,26.9,23.9,25.8,97.3,46.1,89.6,34,2.51,1004.7,ward_06_thiruvika_nagar,13.111,80.245,ECMWF_ERA5_Reanalysis
2020-11-26,28.0,24.2,26.1,26.7,24.1,25.6,11.4,50.2,96.1,152,10.89,1000.7,ward_06_thiruvika_nagar,13.111,80.245,ECMWF_ERA5_Reanalysis
2020-11-27,28.1,22.1,25.0,30.6,22.8,27.1,2.1,25.6,48.2,237,14.86,1008.1,ward_06_thiruvika_nagar,13.111,80.245,ECMWF_ERA5_Reanalysis
2020-11-28,28.1,22.4,25.3,33.4,25.4,29.3,3.0,11.8,30.2,39,16.38,1011.3,ward_06_thiruvika_nagar,13.111,80.245,ECMWF_ERA5_Reanalysis
2020-11-29,27.7,23.8,25.6,31.6,28.0,29.7,4.1,16.8,37.1,37,14.95,1011.7,ward_06_thiruvika_nagar,13.111,80.245,ECMWF_ERA5_Reanalysis
2020-11-30,28.7,24.7,26.3,31.1,27.5,29.1,2.0,22.2,45.0,33,15.3,1011.5,ward_06_thiruvika_nagar,13.111,80.245,ECMWF_ERA5_Reanalysis
2020-12-01,28.8,24.1,26.4,30.3,26.6,27.9,0.0,24.4,47.9,26,16.58,1011.6,ward_06_thiruvika_nagar,13.111,80.245,ECMWF_ERA5_Reanalysis
2020-12-02,27.6,24.5,25.6,29.2,26.3,27.6,10.1,26.4,54.4,24,9.86,1009.7,ward_06_thiruvika_nagar,13.111,80.245,ECMWF_ERA5_Reanalysis
2020-12-03,25.4,24.3,24.8,28.1,26.4,27.3,57.0,26.1,50.4,49,4.26,1008.1,ward_06_thiruvika_nagar,13.111,80.245,ECMWF_ERA5_Reanalysis
2020-12-04,25.4,24.3,24.8,28.9,26.9,27.6,46.5,26.2,47.9,49,2.86,1007.8,ward_06_thiruvika_nagar,13.111,80.245,ECMWF_ERA5_Reanalysis
2020-12-05,26.7,24.4,25.1,29.7,27.6,28.3,18.9,26.0,51.1,40,8.04,1008.2,ward_06_thiruvika_nagar,13.111,80.245,ECMWF_ERA5_Reanalysis
2020-12-06,26.8,24.5,25.4,30.3,27.4,29.0,21.5,19.9,38.9,66,9.2,1010.1,ward_06_thiruvika_nagar,13.111,80.245,ECMWF_ERA5_Reanalysis
2020-12-07,26.4,24.4,25.2,30.1,28.2,29.1,29.7,19.1,38.2,70,9.28,1011.8,ward_06_thiruvika_nagar,13.111,80.245,ECMWF_ERA5_Reanalysis
2020-12-08,28.6,24.5,25.9,32.5,28.2,30.1,13.6,20.0,41.8,69,15.32,1012.2,ward_06_thiruvika_nagar,13.111,80.245,ECMWF_ERA5_Reanalysis
2020-12-09,28.4,24.0,25.7,31.2,27.5,29.1,5.9,16.7,35.6,55,14.61,1011.9,ward_06_thiruvika_nagar,13.111,80.245,ECMWF_ERA5_Reanalysis
2020-12-10,28.0,22.6,25.1,31.5,25.9,28.3,0.0,12.2,27.0,52,18.92,1011.9,ward_06_thiruvika_nagar,13.111,80.245,ECMWF_ERA5_Reanalysis
2020-12-11,28.0,21.8,24.7,30.8,24.9,27.5,0.1,16.6,35.6,22,18.28,1011.8,ward_06_thiruvika_nagar,13.111,80.245,ECMWF_ERA5_Reanalysis
2020-12-12,27.9,22.1,24.9,30.8,25.0,27.5,0.0,14.1,29.5,23,19.46,1011.4,ward_06_thiruvika_nagar,13.111,80.245,ECMWF_ERA5_Reanalysis
2020-12-13,27.7,21.2,24.4,30.9,23.5,27.4,0.0,13.3,30.2,23,17.42,1010.5,ward_06_thiruvika_nagar,13.111,80.245,ECMWF_ERA5_Reanalysis
2020-12-14,27.9,22.8,25.3,30.5,25.8,27.7,0.0,12.2,28.1,50,16.3,1010.6,ward_06_thiruvika_nagar,13.111,80.245,ECMWF_ERA5_Reanalysis
2020-12-15,28.0,23.0,25.8,30.0,25.6,28.1,1.2,22.3,45.0,42,16.89,1011.4,ward_06_thiruvika_nagar,13.111,80.245,ECMWF_ERA5_Reanalysis
2020-12-16,28.2,24.5,26.2,30.6,27.6,28.7,4.4,20.1,40.0,55,12.41,1012.0,ward_06_thiruvika_nagar,13.111,80.245,ECMWF_ERA5_Reanalysis
2020-12-17,28.0,25.2,26.3,29.9,27.7,28.7,1.1,20.9,41.0,49,12.34,1011.9,ward_06_thiruvika_nagar,13.111,80.245,ECMWF_ERA5_Reanalysis
2020-12-18,28.1,24.5,26.1,30.1,27.3,28.3,1.0,23.2,46.8,35,16.45,1011.8,ward_06_thiruvika_nagar,13.111,80.245,ECMWF_ERA5_Reanalysis
2020-12-19,28.1,24.8,26.2,30.8,27.0,28.3,0.2,19.7,39.2,53,17.78,1012.6,ward_06_thiruvika_nagar,13.111,80.245,ECMWF_ERA5_Reanalysis
2020-12-20,27.6,24.6,25.9,28.7,25.1,26.7,0.0,24.4,49.3,46,18.21,1013.0,ward_06_thiruvika_nagar,13.111,80.245,ECMWF_ERA5_Reanalysis
2020-12-21,27.0,23.7,25.4,27.7,24.3,25.7,0.0,24.1,46.8,37,18.06,1012.3,ward_06_thiruvika_nagar,13.111,80.245,ECMWF_ERA5_Reanalysis
2020-12-22,26.9,22.2,24.8,28.2,23.7,25.8,0.0,17.6,37.8,33,17.56,1011.6,ward_06_thiruvika_nagar,13.111,80.245,ECMWF_ERA5_Reanalysis
2020-12-23,26.9,22.3,24.5,27.9,24.2,25.6,0.0,19.4,40.0,34,17.93,1010.8,ward_06_thiruvika_nagar,13.111,80.245,ECMWF_ERA5_Reanalysis
2020-12-24,27.2,20.2,24.0,27.8,21.9,25.3,0.0,19.5,41.0,28,16.94,1009.9,ward_06_thiruvika_nagar,13.111,80.245,ECMWF_ERA5_Reanalysis
2020-12-25,27.3,22.7,24.6,28.8,24.4,25.9,0.0,17.7,36.0,27,19.57,1010.8,ward_06_thiruvika_nagar,13.111,80.245,ECMWF_ERA5_Reanalysis
2020-12-26,27.5,22.3,25.2,28.2,24.3,26.3,0.0,19.8,40.3,32,17.62,1011.4,ward_06_thiruvika_nagar,13.111,80.245,ECMWF_ERA5_Reanalysis
2020-12-27,28.1,23.2,25.3,29.2,25.3,26.8,0.0,20.6,42.5,24,17.6,1010.8,ward_06_thiruvika_nagar,13.111,80.245,ECMWF_ERA5_Reanalysis
2020-12-28,27.7,22.6,25.1,28.7,24.8,26.6,0.0,21.1,43.2,26,17.72,1010.5,ward_06_thiruvika_nagar,13.111,80.245,ECMWF_ERA5_Reanalysis
2020-12-29,28.2,24.0,25.9,30.0,26.8,27.8,0.3,20.4,42.1,36,11.93,1010.2,ward_06_thiruvika_nagar,13.111,80.245,ECMWF_ERA5_Reanalysis
2020-12-30,26.4,24.1,24.8,28.9,26.4,27.6,43.3,23.6,43.2,33,8.15,1010.4,ward_06_thiruvika_nagar,13.111,80.245,ECMWF_ERA5_Reanalysis
2020-12-31,27.8,24.9,25.9,29.2,25.9,27.2,0.9,25.7,50.8,49,15.51,1011.0,ward_06_thiruvika_nagar,13.111,80.245,ECMWF_ERA5_Reanalysis
2021-01-01,27.0,24.1,25.5,27.4,25.2,26.5,0.1,22.0,43.6,44,14.62,1011.7,ward_06_thiruvika_nagar,13.111,80.245,ECMWF_ERA5_Reanalysis
2021-01-02,25.5,23.9,24.5,27.8,26.2,26.7,15.7,21.1,39.2,37,5.59,1011.3,ward_06_thiruvika_nagar,13.111,80.245,ECMWF_ERA5_Reanalysis
2021-01-03,27.0,23.7,25.2,29.9,26.5,27.8,3.5,19.5,39.6,44,13.74,1009.8,ward_06_thiruvika_nagar,13.111,80.245,ECMWF_ERA5_Reanalysis
2021-01-04,26.7,23.7,25.1,29.3,26.8,27.8,4.5,19.5,39.6,49,14.47,1010.2,ward_06_thiruvika_nagar,13.111,80.245,ECMWF_ERA5_Reanalysis
2021-01-05,26.0,23.8,24.7,29.4,26.8,28.3,17.6,16.6,34.6,65,7.18,1010.6,ward_06_thiruvika_nagar,13.111,80.245,ECMWF_ERA5_Reanalysis
2021-01-06,26.9,23.4,25.0,30.8,27.8,29.4,16.1,15.5,36.4,85,12.0,1009.7,ward_06_thiruvika_nagar,13.111,80.245,ECMWF_ERA5_Reanalysis
2021-01-07,27.2,23.5,25.1,30.2,28.4,29.3,3.4,17.2,35.6,45,9.1,1008.5,ward_06_thiruvika_nagar,13.111,80.245,ECMWF_ERA5_Reanalysis
2021-01-08,27.9,23.8,25.4,32.6,28.3,29.7,4.2,13.5,31.0,56,14.42,1008.0,ward_06_thiruvika_nagar,13.111,80.245,ECMWF_ERA5_Reanalysis
2021-01-09,28.0,23.6,25.6,31.4,28.1,29.3,2.0,18.2,38.5,48,16.68,1008.8,ward_06_thiruvika_nagar,13.111,80.245,ECMWF_ERA5_Reanalysis
2021-01-10,28.0,24.0,25.8,30.7,28.1,29.3,0.9,19.1,39.2,35,12.95,1009.0,ward_06_thiruvika_nagar,13.111,80.245,ECMWF_ERA5_Reanalysis
2021-01-11,28.1,24.1,25.7,30.8,27.6,29.0,3.0,22.1,44.6,27,15.27,1009.9,ward_06_thiruvika_nagar,13.111,80.245,ECMWF_ERA5_Reanalysis
2021-01-12,28.1,24.4,25.9,30.5,27.6,28.7,0.9,22.7,46.1,33,15.88,1010.2,ward_06_thiruvika_nagar,13.111,80.245,ECMWF_ERA5_Reanalysis
2021-01-13,27.9,23.9,25.6,30.3,27.2,28.6,0.7,21.7,44.6,32,17.2,1010.2,ward_06_thiruvika_nagar,13.111,80.245,ECMWF_ERA5_Reanalysis
2021-01-14,27.2,23.8,25.4,30.4,27.6,28.6,1.6,21.9,43.9,42,14.98,1009.9,ward_06_thiruvika_nagar,13.111,80.245,ECMWF_ERA5_Reanalysis
2021-01-15,28.1,23.0,25.2,31.9,26.7,28.7,0.0,14.3,31.7,48,19.12,1009.7,ward_06_thiruvika_nagar,13.111,80.245,ECMWF_ERA5_Reanalysis
2021-01-16,27.7,21.8,24.6,31.5,24.8,27.8,0.0,12.7,28.8,53,20.41,1009.2,ward_06_thiruvika_nagar,13.111,80.245,ECMWF_ERA5_Reanalysis
2021-01-17,27.3,20.5,24.4,30.5,23.2,27.0,0.0,14.0,30.6,51,20.34,1010.4,ward_06_thiruvika_nagar,13.111,80.245,ECMWF_ERA5_Reanalysis
2021-01-18,27.8,23.0,25.3,29.1,25.2,27.1,0.0,18.9,38.2,45,16.68,1011.2,ward_06_thiruvika_nagar,13.111,80.245,ECMWF_ERA5_Reanalysis
2021-01-19,28.0,22.5,25.3,30.5,25.6,27.5,0.0,17.6,36.7,29,20.29,1010.6,ward_06_thiruvika_nagar,13.111,80.245,ECMWF_ERA5_Reanalysis
2021-01-20,27.9,22.5,25.4,30.5,25.6,28.4,0.0,14.6,31.7,26,13.3,1010.9,ward_06_thiruvika_nagar,13.111,80.245,ECMWF_ERA5_Reanalysis
2021-01-21,28.3,23.1,25.6,33.4,27.6,30.3,0.2,9.7,24.8,72,17.34,1010.3,ward_06_thiruvika_nagar,13.111,80.245,ECMWF_ERA5_Reanalysis
2021-01-22,28.5,22.9,25.6,33.6,28.1,30.1,1.1,11.6,27.4,92,18.49,1010.4,ward_06_thiruvika_nagar,13.111,80.245,ECMWF_ERA5_Reanalysis
2021-01-23,28.2,22.4,25.0,32.8,25.8,28.9,0.4,10.8,25.9,82,20.0,1010.8,ward_06_thiruvika_nagar,13.111,80.245,ECMWF_ERA5_Reanalysis
2021-01-24,28.1,21.7,24.8,32.0,25.8,28.5,0.3,12.6,29.5,73,17.91,1011.5,ward_06_thiruvika_nagar,13.111,80.245,ECMWF_ERA5_Reanalysis
2021-01-25,28.1,21.9,24.8,31.9,24.8,28.0,0.8,12.8,29.2,70,17.83,1011.9,ward_06_thiruvika_nagar,13.111,80.245,ECMWF_ERA5_Reanalysis
2021-01-26,27.9,20.1,24.2,31.0,22.0,26.8,0.0,13.4,31.0,50,21.27,1011.4,ward_06_thiruvika_nagar,13.111,80.245,ECMWF_ERA5_Reanalysis
2021-01-27,27.6,21.1,24.7,30.9,23.7,27.5,0.0,12.2,25.9,62,19.26,1011.8,ward_06_thiruvika_nagar,13.111,80.245,ECMWF_ERA5_Reanalysis
2021-01-28,28.2,22.6,25.7,30.0,25.8,28.1,0.8,18.4,39.2,57,17.6,1011.9,ward_06_thiruvika_nagar,13.111,80.245,ECMWF_ERA5_Reanalysis
2021-01-29,28.5,24.0,26.1,31.4,26.2,28.5,0.7,17.9,38.5,57,19.38,1012.1,ward_06_thiruvika_nagar,13.111,80.245,ECMWF_ERA5_Reanalysis
2021-01-30,28.4,23.6,25.9,31.8,27.0,29.0,0.0,15.3,34.6,53,20.64,1011.6,ward_06_thiruvika_nagar,13.111,80.245,ECMWF_ERA5_Reanalysis
2021-01-31,28.6,23.2,25.8,32.8,26.9,29.0,0.0,16.1,33.8,61,21.37,1012.0,ward_06_thiruvika_nagar,13.111,80.245,ECMWF_ERA5_Reanalysis
2021-02-01,28.6,23.3,26.0,31.3,26.5,28.3,0.0,20.2,42.5,48,20.81,1013.8,ward_06_thiruvika_nagar,13.111,80.245,ECMWF_ERA5_Reanalysis
2021-02-02,28.2,22.3,25.5,31.2,25.7,28.2,0.5,19.5,40.0,56,19.78,1014.0,ward_06_thiruvika_nagar,13.111,80.245,ECMWF_ERA5_Reanalysis
2021-02-03,27.9,22.9,25.3,30.5,25.9,27.5,0.0,18.6,39.6,51,20.7,1013.6,ward_06_thiruvika_nagar,13.111,80.245,ECMWF_ERA5_Reanalysis
2021-02-04,28.2,21.3,25.0,29.8,23.7,26.6,0.0,18.5,40.0,54,22.05,1013.5,ward_06_thiruvika_nagar,13.111,80.245,ECMWF_ERA5_Reanalysis
2021-02-05,27.9,21.0,24.5,29.9,23.1,26.0,0.0,16.1,36.0,42,21.42,1012.6,ward_06_thiruvika_nagar,13.111,80.245,ECMWF_ERA5_Reanalysis
2021-02-06,28.0,20.5,24.5,30.2,22.3,26.3,0.0,18.4,39.2,45,22.69,1011.4,ward_06_thiruvika_nagar,13.111,80.245,ECMWF_ERA5_Reanalysis
2021-02-07,28.7,19.6,24.3,30.8,21.7,26.3,0.0,19.1,41.0,24,22.46,1011.9,ward_06_thiruvika_nagar,13.111,80.245,ECMWF_ERA5_Reanalysis
2021-02-08,28.3,20.4,25.1,30.5,22.0,27.0,0.0,20.4,42.8,45,22.07,1012.8,ward_06_thiruvika_nagar,13.111,80.245,ECMWF_ERA5_Reanalysis
2021-02-09,28.4,23.7,25.6,29.9,24.7,26.5,0.0,17.9,39.2,56,22.71,1012.2,ward_06_thiruvika_nagar,13.111,80.245,ECMWF_ERA5_Reanalysis
2021-02-10,28.0,19.6,24.2,30.5,21.3,26.0,0.0,13.1,32.4,59,23.16,1011.2,ward_06_thiruvika_nagar,13.111,80.245,ECMWF_ERA5_Reanalysis
2021-02-11,28.2,20.1,24.1,30.7,21.1,25.6,0.0,12.6,30.6,77,23.04,1010.8,ward_06_thiruvika_nagar,13.111,80.245,ECMWF_ERA5_Reanalysis
2021-02-12,28.2,20.7,24.4,30.2,22.2,25.6,0.0,13.8,33.1,39,22.57,1011.4,ward_06_thiruvika_nagar,13.111,80.245,ECMWF_ERA5_Reanalysis
2021-02-13,28.6,21.1,24.6,31.3,22.8,26.6,0.0,15.5,35.6,59,21.75,1012.2,ward_06_thiruvika_nagar,13.111,80.245,ECMWF_ERA5_Reanalysis
2021-02-14,28.4,20.6,24.3,31.0,23.3,26.6,0.0,17.2,38.9,64,22.05,1012.1,ward_06_thiruvika_nagar,13.111,80.245,ECMWF_ERA5_Reanalysis
2021-02-15,28.6,19.9,24.5,33.3,22.3,27.2,0.0,15.6,34.9,74,23.32,1010.9,ward_06_thiruvika_nagar,13.111,80.245,ECMWF_ERA5_Reanalysis
2021-02-16,28.9,20.5,24.6,33.0,23.4,27.6,0.0,14.1,32.8,102,23.66,1010.7,ward_06_thiruvika_nagar,13.111,80.245,ECMWF_ERA5_Reanalysis
2021-02-17,28.4,21.3,25.1,31.1,23.6,27.6,0.0,14.4,32.8,92,22.02,1010.6,ward_06_thiruvika_nagar,13.111,80.245,ECMWF_ERA5_Reanalysis
2021-02-18,28.7,24.1,26.1,31.0,25.3,27.5,0.0,16.9,37.1,74,22.91,1011.7,ward_06_thiruvika_nagar,13.111,80.245,ECMWF_ERA5_Reanalysis
2021-02-19,28.0,23.0,25.3,30.2,25.8,27.8,4.8,20.2,43.2,48,17.39,1012.1,ward_06_thiruvika_nagar,13.111,80.245,ECMWF_ERA5_Reanalysis
2021-02-20,27.1,22.4,24.6,29.4,25.4,27.3,4.6,18.3,35.6,34,14.82,1011.6,ward_06_thiruvika_nagar,13.111,80.245,ECMWF_ERA5_Reanalysis
2021-02-21,26.5,22.1,24.1,29.0,25.5,27.0,11.3,17.4,38.9,65,11.89,1012.5,ward_06_thiruvika_nagar,13.111,80.245,ECMWF_ERA5_Reanalysis
2021-02-22,28.5,23.4,25.8,32.0,27.2,29.1,0.6,16.8,36.7,40,20.37,1012.4,ward_06_thiruvika_nagar,13.111,80.245,ECMWF_ERA5_Reanalysis
2021-02-23,28.9,22.0,25.3,33.6,25.9,29.1,0.0,15.6,34.6,44,21.9,1011.2,ward_06_thiruvika_nagar,13.111,80.245,ECMWF_ERA5_Reanalysis
2021-02-24,29.0,20.8,24.9,33.8,24.0,28.6,0.0,11.6,28.8,112,23.67,1010.4,ward_06_thiruvika_nagar,13.111,80.245,ECMWF_ERA5_Reanalysis
2021-02-25,28.9,20.7,24.5,34.9,23.6,28.3,0.0,13.4,31.0,132,23.63,1010.1,ward_06_thiruvika_nagar,13.111,80.245,ECMWF_ERA5_Reanalysis
2021-02-26,30.3,21.0,25.1,36.0,24.1,28.8,0.0,12.5,29.5,170,24.31,1008.5,ward_06_thiruvika_nagar,13.111,80.245,ECMWF_ERA5_Reanalysis
2021-02-27,30.5,21.6,25.4,35.7,24.9,29.1,0.0,16.7,36.0,175,23.91,1007.7,ward_06_thiruvika_nagar,13.111,80.245,ECMWF_ERA5_Reanalysis
2021-02-28,29.5,20.7,24.8,33.7,23.9,28.4,0.0,15.2,34.2,169,23.89,1008.6,ward_06_thiruvika_nagar,13.111,80.245,ECMWF_ERA5_Reanalysis
2021-03-01,30.4,21.3,25.5,35.7,24.6,29.1,0.0,17.6,38.2,170,24.26,1011.2,ward_06_thiruvika_nagar,13.111,80.245,ECMWF_ERA5_Reanalysis
2021-03-02,30.5,22.2,25.8,36.1,25.7,29.7,0.0,14.8,33.5,173,24.01,1011.6,ward_06_thiruvika_nagar,13.111,80.245,ECMWF_ERA5_Reanalysis
2021-03-03,29.4,21.4,25.0,34.3,24.7,28.7,0.0,12.7,31.0,163,24.45,1010.6,ward_06_thiruvika_nagar,13.111,80.245,ECMWF_ERA5_Reanalysis
2021-03-04,28.7,20.7,24.7,33.1,23.8,28.2,0.0,12.7,31.3,147,24.26,1011.2,ward_06_thiruvika_nagar,13.111,80.245,ECMWF_ERA5_Reanalysis
2021-03-05,29.8,20.7,25.3,34.0,23.8,28.8,0.0,12.7,29.9,96,24.85,1011.9,ward_06_thiruvika_nagar,13.111,80.245,ECMWF_ERA5_Reanalysis
2021-03-06,29.7,21.9,25.8,35.3,25.7,29.8,0.0,15.1,34.2,142,24.7,1011.5,ward_06_thiruvika_nagar,13.111,80.245,ECMWF_ERA5_Reanalysis
2021-03-07,30.4,22.8,26.4,35.8,26.8,30.6,0.0,13.0,31.7,148,23.99,1010.6,ward_06_thiruvika_nagar,13.111,80.245,ECMWF_ERA5_Reanalysis
2021-03-08,29.7,23.2,26.6,34.7,27.6,30.7,0.0,14.1,32.8,109,23.88,1011.3,ward_06_thiruvika_nagar,13.111,80.245,ECMWF_ERA5_Reanalysis
2021-03-09,30.4,23.2,26.8,34.9,27.5,30.9,0.1,15.3,34.9,84,24.17,1011.8,ward_06_thiruvika_nagar,13.111,80.245,ECMWF_ERA5_Reanalysis
2021-03-10,30.4,24.5,27.4,35.8,29.1,31.9,0.5,14.8,34.9,104,23.79,1011.5,ward_06_thiruvika_nagar,13.111,80.245,ECMWF_ERA5_Reanalysis
2021-03-11,30.4,24.4,27.1,34.9,28.5,30.9,0.0,15.1,34.6,139,24.59,1011.5,ward_06_thiruvika_nagar,13.111,80.245,ECMWF_ERA5_Reanalysis
2021-03-12,29.6,21.6,25.8,33.9,25.1,29.5,0.0,13.2,32.4,133,24.7,1012.8,ward_06_thiruvika_nagar,13.111,80.245,ECMWF_ERA5_Reanalysis
2021-03-13,30.2,21.5,26.0,34.6,25.0,29.6,0.0,14.0,33.8,75,24.78,1012.1,ward_06_thiruvika_nagar,13.111,80.245,ECMWF_ERA5_Reanalysis
2021-03-14,31.4,22.0,26.5,35.2,25.9,30.3,0.0,13.2,31.7,117,25.35,1010.5,ward_06_thiruvika_nagar,13.111,80.245,ECMWF_ERA5_Reanalysis
2021-03-15,31.6,22.5,26.7,36.0,26.5,30.8,0.0,16.4,37.4,108,25.3,1009.6,ward_06_thiruvika_nagar,13.111,80.245,ECMWF_ERA5_Reanalysis
2021-03-16,30.9,23.0,26.7,36.4,27.5,31.3,0.0,15.7,33.8,117,24.73,1009.6,ward_06_thiruvika_nagar,13.111,80.245,ECMWF_ERA5_Reanalysis
2021-03-17,30.5,22.4,26.3,35.2,26.2,30.6,0.0,14.8,35.3,152,24.34,1008.8,ward_06_thiruvika_nagar,13.111,80.245,ECMWF_ERA5_Reanalysis
2021-03-18,30.6,23.3,26.6,35.2,27.5,30.6,0.0,13.7,33.1,124,23.84,1009.1,ward_06_thiruvika_nagar,13.111,80.245,ECMWF_ERA5_Reanalysis
2021-03-19,30.4,23.1,26.4,35.2,26.2,30.1,0.0,16.6,34.9,131,24.7,1008.9,ward_06_thiruvika_nagar,13.111,80.245,ECMWF_ERA5_Reanalysis
2021-03-20,30.7,22.0,26.1,36.0,25.5,30.0,0.0,16.6,38.2,145,25.12,1007.7,ward_06_thiruvika_nagar,13.111,80.245,ECMWF_ERA5_Reanalysis
2021-03-21,31.2,22.7,26.5,35.9,26.8,30.4,0.0,13.1,30.6,137,18.73,1007.3,ward_06_thiruvika_nagar,13.111,80.245,ECMWF_ERA5_Reanalysis
2021-03-22,30.8,22.6,26.7,35.7,26.9,31.0,0.0,13.6,33.1,142,25.07,1008.9,ward_06_thiruvika_nagar,13.111,80.245,ECMWF_ERA5_Reanalysis
2021-03-23,30.7,22.5,27.0,35.5,26.7,31.4,0.0,14.3,33.1,103,24.16,1009.9,ward_06_thiruvika_nagar,13.111,80.245,ECMWF_ERA5_Reanalysis
2021-03-24,31.3,23.5,27.2,36.8,28.2,32.0,0.0,14.8,33.8,95,24.74,1009.5,ward_06_thiruvika_nagar,13.111,80.245,ECMWF_ERA5_Reanalysis
2021-03-25,31.6,23.5,27.4,37.2,28.6,32.3,0.0,13.9,33.8,125,25.44,1008.5,ward_06_thiruvika_nagar,13.111,80.245,ECMWF_ERA5_Reanalysis
2021-03-26,32.0,23.8,27.9,38.1,29.2,33.1,0.0,14.5,34.9,121,23.85,1007.9,ward_06_thiruvika_nagar,13.111,80.245,ECMWF_ERA5_Reanalysis
2021-03-27,32.4,24.0,28.0,38.6,29.0,32.9,0.0,16.5,37.4,144,25.13,1007.5,ward_06_thiruvika_nagar,13.111,80.245,ECMWF_ERA5_Reanalysis
2021-03-28,32.0,23.8,28.0,38.2,28.6,32.7,0.0,19.7,42.8,161,24.82,1006.9,ward_06_thiruvika_nagar,13.111,80.245,ECMWF_ERA5_Reanalysis
2021-03-29,32.9,25.5,28.7,38.5,30.7,33.3,0.0,22.3,47.5,174,25.43,1006.5,ward_06_thiruvika_nagar,13.111,80.245,ECMWF_ERA5_Reanalysis
2021-03-30,35.5,25.2,29.3,41.5,29.5,33.8,0.0,21.0,43.9,184,26.06,1004.7,ward_06_thiruvika_nagar,13.111,80.245,ECMWF_ERA5_Reanalysis
2021-03-31,35.5,24.8,29.6,41.1,29.2,33.9,0.0,25.0,51.1,182,25.53,1002.7,ward_06_thiruvika_nagar,13.111,80.245,ECMWF_ERA5_Reanalysis
2021-04-01,36.0,26.5,30.2,41.8,29.8,34.5,0.0,24.8,51.8,179,25.16,1002.4,ward_06_thiruvika_nagar,13.111,80.245,ECMWF_ERA5_Reanalysis
2021-04-02,37.7,27.7,31.2,42.0,30.8,35.0,0.0,19.3,40.7,187,25.16,1002.8,ward_06_thiruvika_nagar,13.111,80.245,ECMWF_ERA5_Reanalysis
2021-04-03,36.0,26.8,30.0,41.4,30.2,34.6,0.0,25.0,51.8,172,24.87,1003.9,ward_06_thiruvika_nagar,13.111,80.245,ECMWF_ERA5_Reanalysis
2021-04-04,33.2,26.7,29.6,40.4,32.4,35.4,0.0,15.6,37.4,141,24.14,1005.9,ward_06_thiruvika_nagar,13.111,80.245,ECMWF_ERA5_Reanalysis
2021-04-05,32.7,27.1,29.3,39.7,32.5,34.7,0.0,15.8,37.8,123,25.08,1007.4,ward_06_thiruvika_nagar,13.111,80.245,ECMWF_ERA5_Reanalysis
2021-04-06,32.4,25.8,28.6,37.7,31.6,34.0,0.1,18.9,40.7,141,25.01,1008.6,ward_06_thiruvika_nagar,13.111,80.245,ECMWF_ERA5_Reanalysis
2021-04-07,32.0,24.8,28.3,37.3,30.1,32.7,0.0,20.6,43.6,156,25.47,1009.2,ward_06_thiruvika_nagar,13.111,80.245,ECMWF_ERA5_Reanalysis
2021-04-08,32.3,24.9,28.3,36.7,29.7,32.2,0.0,22.7,48.6,167,25.44,1007.6,ward_06_thiruvika_nagar,13.111,80.245,ECMWF_ERA5_Reanalysis
2021-04-09,32.2,24.2,28.2,35.5,28.9,31.8,0.0,20.2,44.6,159,25.8,1007.3,ward_06_thiruvika_nagar,13.111,80.245,ECMWF_ERA5_Reanalysis
2021-04-10,31.7,25.2,28.5,36.7,30.7,33.2,0.8,19.1,42.1,140,24.61,1008.8,ward_06_thiruvika_nagar,13.111,80.245,ECMWF_ERA5_Reanalysis
2021-04-11,31.5,25.4,28.5,36.8,31.1,33.5,0.6,16.6,38.5,131,23.53,1010.0,ward_06_thiruvika_nagar,13.111,80.245,ECMWF_ERA5_Reanalysis
2021-04-12,32.0,26.4,29.1,37.1,32.3,33.9,0.2,18.6,42.1,140,24.27,1010.1,ward_06_thiruvika_nagar,13.111,80.245,ECMWF_ERA5_Reanalysis
2021-04-13,31.9,25.9,28.8,37.0,32.1,33.8,0.0,19.1,41.8,151,23.28,1009.7,ward_06_thiruvika_nagar,13.111,80.245,ECMWF_ERA5_Reanalysis
2021-04-14,31.7,26.6,28.6,36.8,32.2,33.5,2.1,19.1,41.4,149,19.75,1009.0,ward_06_thiruvika_nagar,13.111,80.245,ECMWF_ERA5_Reanalysis
2021-04-15,30.5,25.5,27.5,36.3,30.7,32.5,3.7,12.6,27.4,136,14.5,1008.7,ward_06_thiruvika_nagar,13.111,80.245,ECMWF_ERA5_Reanalysis
2021-04-16,32.4,25.0,28.5,38.7,29.9,33.5,0.6,18.1,41.0,157,23.83,1007.8,ward_06_thiruvika_nagar,13.111,80.245,ECMWF_ERA5_Reanalysis
2021-04-17,32.6,26.3,29.2,39.0,32.1,34.6,0.0,18.9,40.7,152,23.82,1008.3,ward_06_thiruvika_nagar,13.111,80.245,ECMWF_ERA5_Reanalysis
2021-04-18,33.3,26.7,29.6,39.1,33.0,34.9,0.0,22.5,47.9,166,25.69,1009.1,ward_06_thiruvika_nagar,13.111,80.245,ECMWF_ERA5_Reanalysis
2021-04-19,33.8,26.8,30.0,40.7,32.6,35.4,0.0,21.3,45.7,164,24.88,1006.8,ward_06_thiruvika_nagar,13.111,80.245,ECMWF_ERA5_Reanalysis
2021-04-20,33.5,27.2,29.8,38.9,32.3,34.7,0.0,24.8,52.2,166,25.37,1006.2,ward_06_thiruvika_nagar,13.111,80.245,ECMWF_ERA5_Reanalysis
2021-04-21,33.5,27.0,29.8,39.4,33.0,34.7,0.0,26.1,54.0,166,25.05,1007.5,ward_06_thiruvika_nagar,13.111,80.245,ECMWF_ERA5_Reanalysis
2021-04-22,32.8,26.9,29.5,38.2,32.3,34.4,0.2,23.0,48.6,165,24.77,1008.0,ward_06_thiruvika_nagar,13.111,80.245,ECMWF_ERA5_Reanalysis
2021-04-23,33.4,27.1,29.8,38.5,32.9,34.9,0.6,22.3,47.5,163,23.78,1007.7,ward_06_thiruvika_nagar,13.111,80.245,ECMWF_ERA5_Reanalysis
2021-04-24,33.1,27.3,29.8,38.4,33.5,35.1,0.1,20.0,42.8,156,23.15,1007.2,ward_06_thiruvika_nagar,13.111,80.245,ECMWF_ERA5_Reanalysis
2021-04-25,33.0,27.1,29.6,38.3,32.8,34.7,0.2,21.7,47.2,157,25.07,1007.1,ward_06_thiruvika_nagar,13.111,80.245,ECMWF_ERA5_Reanalysis
2021-04-26,32.6,26.5,29.4,37.4,32.4,34.1,0.4,24.6,51.8,158,24.9,1006.8,ward_06_thiruvika_nagar,13.111,80.245,ECMWF_ERA5_Reanalysis
2021-04-27,32.6,26.9,29.3,38.0,32.7,34.5,0.2,21.3,46.4,158,25.62,1007.5,ward_06_thiruvika_nagar,13.111,80.245,ECMWF_ERA5_Reanalysis
2021-04-28,33.7,26.8,29.8,39.8,32.7,35.2,0.0,21.3,46.4,154,25.6,1007.7,ward_06_thiruvika_nagar,13.111,80.245,ECMWF_ERA5_Reanalysis
2021-04-29,33.7,27.6,30.1,39.4,33.5,35.5,0.0,20.9,45.0,147,25.15,1007.1,ward_06_thiruvika_nagar,13.111,80.245,ECMWF_ERA5_Reanalysis
2021-04-30,32.5,27.2,29.7,38.4,34.0,35.2,0.3,18.6,42.1,138,24.49,1006.8,ward_06_thiruvika_nagar,13.111,80.245,ECMWF_ERA5_Reanalysis
2021-05-01,32.6,27.0,29.8,38.3,33.7,35.0,0.2,17.8,39.2,131,24.99,1007.1,ward_06_thiruvika_nagar,13.111,80.245,ECMWF_ERA5_Reanalysis
2021-05-02,32.5,26.6,29.6,38.0,33.5,34.9,0.2,18.0,40.0,125,23.72,1007.2,ward_06_thiruvika_nagar,13.111,80.245,ECMWF_ERA5_Reanalysis
2021-05-03,32.4,26.9,29.6,38.0,33.1,34.7,0.5,16.8,39.2,132,23.3,1006.7,ward_06_thiruvika_nagar,13.111,80.245,ECMWF_ERA5_Reanalysis
2021-05-04,32.6,26.6,29.6,37.9,32.5,34.4,0.9,19.1,42.1,151,22.29,1006.5,ward_06_thiruvika_nagar,13.111,80.245,ECMWF_ERA5_Reanalysis
2021-05-05,32.8,26.6,29.7,38.3,33.1,34.8,0.7,19.9,41.0,144,24.08,1006.4,ward_06_thiruvika_nagar,13.111,80.245,ECMWF_ERA5_Reanalysis
2021-05-06,33.2,27.5,30.1,38.5,33.9,35.1,0.1,20.2,43.6,139,24.32,1007.4,ward_06_thiruvika_nagar,13.111,80.245,ECMWF_ERA5_Reanalysis
2021-05-07,32.1,27.9,29.6,37.4,32.8,34.5,1.3,19.3,41.0,140,20.76,1008.2,ward_06_thiruvika_nagar,13.111,80.245,ECMWF_ERA5_Reanalysis
2021-05-08,31.9,27.0,29.5,37.8,33.3,34.8,0.4,17.6,39.6,124,22.69,1007.4,ward_06_thiruvika_nagar,13.111,80.245,ECMWF_ERA5_Reanalysis
2021-05-09,32.5,27.3,29.8,38.3,33.7,35.3,0.7,17.7,37.8,138,22.53,1005.9,ward_06_thiruvika_nagar,13.111,80.245,ECMWF_ERA5_Reanalysis
2021-05-10,33.3,27.7,30.2,38.8,33.8,35.3,0.0,20.5,44.3,163,23.45,1005.4,ward_06_thiruvika_nagar,13.111,80.245,ECMWF_ERA5_Reanalysis
2021-05-11,34.9,27.7,30.7,40.2,33.4,35.2,0.0,25.5,51.8,170,24.03,1004.8,ward_06_thiruvika_nagar,13.111,80.245,ECMWF_ERA5_Reanalysis
2021-05-12,33.5,28.0,30.6,38.7,33.0,35.2,1.2,25.0,53.3,173,23.84,1003.7,ward_06_thiruvika_nagar,13.111,80.245,ECMWF_ERA5_Reanalysis
2021-05-13,33.9,28.4,30.7,38.7,33.1,35.4,0.1,25.1,52.6,169,22.9,1003.3,ward_06_thiruvika_nagar,13.111,80.245,ECMWF_ERA5_Reanalysis
2021-05-14,33.2,27.8,30.5,38.3,32.8,35.0,0.5,25.0,51.5,162,22.03,1002.7,ward_06_thiruvika_nagar,13.111,80.245,ECMWF_ERA5_Reanalysis
2021-05-15,34.1,29.2,31.0,37.0,32.7,34.3,0.0,29.7,59.8,171,21.63,1001.7,ward_06_thiruvika_nagar,13.111,80.245,ECMWF_ERA5_Reanalysis
2021-05-16,34.3,28.7,30.9,38.0,33.2,34.8,0.3,29.0,59.0,173,22.67,1003.1,ward_06_thiruvika_nagar,13.111,80.245,ECMWF_ERA5_Reanalysis
2021-05-17,34.0,28.5,30.9,38.5,34.0,35.4,0.1,23.4,48.6,163,23.21,1004.4,ward_06_thiruvika_nagar,13.111,80.245,ECMWF_ERA5_Reanalysis
2021-05-18,33.1,28.8,30.6,38.0,33.5,34.9,0.0,24.5,51.1,168,21.77,1004.8,ward_06_thiruvika_nagar,13.111,80.245,ECMWF_ERA5_Reanalysis
2021-05-19,34.2,27.4,30.6,39.5,32.4,35.2,0.8,26.6,54.4,170,22.0,1004.1,ward_06_thiruvika_nagar,13.111,80.245,ECMWF_ERA5_Reanalysis
2021-05-20,34.2,26.3,29.4,40.0,31.9,34.7,30.0,20.1,45.7,192,22.85,1004.7,ward_06_thiruvika_nagar,13.111,80.245,ECMWF_ERA5_Reanalysis
2021-05-21,36.0,26.7,29.8,40.5,31.7,34.7,7.7,18.7,40.0,212,17.88,1004.6,ward_06_thiruvika_nagar,13.111,80.245,ECMWF_ERA5_Reanalysis
2021-05-22,33.4,26.3,28.9,36.2,31.3,33.5,2.6,20.4,44.3,229,14.14,1004.0,ward_06_thiruvika_nagar,13.111,80.245,ECMWF_ERA5_Reanalysis
2021-05-23,35.7,27.1,30.4,41.2,30.7,34.6,0.0,20.3,45.0,193,19.94,1003.3,ward_06_thiruvika_nagar,13.111,80.245,ECMWF_ERA5_Reanalysis
2021-05-24,37.7,28.5,32.0,41.6,32.6,36.3,0.0,19.5,40.3,239,17.29,1002.6,ward_06_thiruvika_nagar,13.111,80.245,ECMWF_ERA5_Reanalysis
2021-05-25,38.4,29.3,32.3,41.6,32.0,34.9,0.7,19.6,43.6,242,17.13,1001.1,ward_06_thiruvika_nagar,13.111,80.245,ECMWF_ERA5_Reanalysis
2021-05-26,39.7,28.4,33.0,41.0,30.5,35.0,0.0,22.7,45.4,231,21.64,1000.2,ward_06_thiruvika_nagar,13.111,80.245,ECMWF_ERA5_Reanalysis
2021-05-27,38.5,29.0,32.1,42.3,30.5,34.9,0.0,23.0,42.5,235,22.91,1001.3,ward_06_thiruvika_nagar,13.111,80.245,ECMWF_ERA5_Reanalysis
2021-05-28,36.8,28.0,31.1,40.8,30.3,34.4,0.0,20.9,41.0,187,24.29,1003.1,ward_06_thiruvika_nagar,13.111,80.245,ECMWF_ERA5_Reanalysis
2021-05-29,36.3,27.8,31.0,42.3,31.5,35.3,0.0,18.5,40.0,174,23.72,1004.0,ward_06_thiruvika_nagar,13.111,80.245,ECMWF_ERA5_Reanalysis
2021-05-30,37.6,28.3,31.7,43.4,31.9,35.9,0.1,18.9,37.1,187,23.88,1003.6,ward_06_thiruvika_nagar,13.111,80.245,ECMWF_ERA5_Reanalysis
2021-05-31,37.5,27.1,31.3,43.8,30.8,35.8,0.1,17.1,38.2,214,24.38,1002.5,ward_06_thiruvika_nagar,13.111,80.245,ECMWF_ERA5_Reanalysis
2021-06-01,36.0,28.4,31.3,42.4,32.2,36.2,0.0,16.1,41.4,177,23.49,1003.1,ward_06_thiruvika_nagar,13.111,80.245,ECMWF_ERA5_Reanalysis
2021-06-02,34.3,28.0,30.7,40.2,33.1,36.1,0.1,15.5,34.9,154,24.17,1003.9,ward_06_thiruvika_nagar,13.111,80.245,ECMWF_ERA5_Reanalysis
2021-06-03,33.9,27.7,30.3,39.3,33.1,35.4,0.1,20.4,43.9,162,24.17,1005.4,ward_06_thiruvika_nagar,13.111,80.245,ECMWF_ERA5_Reanalysis
2021-06-04,31.8,27.5,29.4,37.2,32.7,34.5,1.6,18.6,41.8,161,22.82,1006.5,ward_06_thiruvika_nagar,13.111,80.245,ECMWF_ERA5_Reanalysis
2021-06-05,32.0,26.1,28.9,37.5,31.5,34.3,3.9,19.4,37.8,159,22.67,1005.9,ward_06_thiruvika_nagar,13.111,80.245,ECMWF_ERA5_Reanalysis
2021-06-06,32.8,25.9,29.2,39.1,31.5,34.4,0.4,16.5,32.4,157,22.52,1005.6,ward_06_thiruvika_nagar,13.111,80.245,ECMWF_ERA5_Reanalysis
2021-06-07,35.8,28.0,30.8,41.3,31.8,35.6,4.7,17.4,43.9,182,22.43,1005.0,ward_06_thiruvika_nagar,13.111,80.245,ECMWF_ERA5_Reanalysis
2021-06-08,34.4,28.1,30.7,40.7,32.9,35.7,1.0,20.9,44.3,180,22.31,1004.3,ward_06_thiruvika_nagar,13.111,80.245,ECMWF_ERA5_Reanalysis
2021-06-09,37.6,27.8,31.6,41.1,31.9,35.2,0.2,20.3,42.1,216,23.69,1003.0,ward_06_thiruvika_nagar,13.111,80.245,ECMWF_ERA5_Reanalysis
2021-06-10,37.0,28.7,31.5,40.1,31.3,33.9,0.9,22.7,40.7,221,19.78,1002.0,ward_06_thiruvika_nagar,13.111,80.245,ECMWF_ERA5_Reanalysis
2021-06-11,37.2,28.7,31.4,37.8,30.7,34.0,0.0,23.0,45.7,227,17.55,1002.1,ward_06_thiruvika_nagar,13.111,80.245,ECMWF_ERA5_Reanalysis
2021-06-12,38.4,29.2,32.0,40.4,30.4,34.2,0.9,20.5,45.7,234,20.47,1001.9,ward_06_thiruvika_nagar,13.111,80.245,ECMWF_ERA5_Reanalysis
2021-06-13,37.1,28.5,32.6,38.4,30.2,33.4,0.1,30.5,56.9,253,17.1,1001.4,ward_06_thiruvika_nagar,13.111,80.245,ECMWF_ERA5_Reanalysis
2021-06-14,35.8,29.7,31.9,36.2,30.8,32.4,0.0,29.7,58.7,248,13.23,1001.6,ward_06_thiruvika_nagar,13.111,80.245,ECMWF_ERA5_Reanalysis
2021-06-15,36.5,27.8,30.6,39.1,29.5,33.2,0.1,22.9,44.3,214,13.41,1001.3,ward_06_thiruvika_nagar,13.111,80.245,ECMWF_ERA5_Reanalysis
2021-06-16,38.6,28.6,32.8,39.6,29.6,34.1,0.1,27.1,52.9,244,20.57,1002.4,ward_06_thiruvika_nagar,13.111,80.245,ECMWF_ERA5_Reanalysis
2021-06-17,37.6,29.2,31.9,39.4,30.9,34.3,0.6,24.8,60.5,220,20.16,1003.3,ward_06_thiruvika_nagar,13.111,80.245,ECMWF_ERA5_Reanalysis
2021-06-18,37.0,28.9,31.7,38.2,30.2,33.9,0.0,21.8,46.1,224,18.06,1004.6,ward_06_thiruvika_nagar,13.111,80.245,ECMWF_ERA5_Reanalysis
2021-06-19,37.5,29.0,31.7,39.8,29.8,33.5,0.0,24.3,46.4,224,19.68,1006.1,ward_06_thiruvika_nagar,13.111,80.245,ECMWF_ERA5_Reanalysis
2021-06-20,37.6,28.3,31.4,41.2,30.3,34.3,0.6,21.9,51.5,207,22.03,1006.1,ward_06_thiruvika_nagar,13.111,80.245,ECMWF_ERA5_Reanalysis
2021-06-21,36.6,28.0,31.1,40.8,31.1,34.4,0.3,21.3,45.0,195,23.26,1005.2,ward_06_thiruvika_nagar,13.111,80.245,ECMWF_ERA5_Reanalysis
2021-06-22,35.0,26.7,30.1,40.0,30.2,33.7,2.8,20.2,42.8,189,19.95,1004.6,ward_06_thiruvika_nagar,13.111,80.245,ECMWF_ERA5_Reanalysis
2021-06-23,35.7,27.2,30.5,42.1,29.3,34.5,4.0,23.9,43.6,191,21.16,1004.5,ward_06_thiruvika_nagar,13.111,80.245,ECMWF_ERA5_Reanalysis
2021-06-24,31.7,26.5,28.9,36.1,29.5,32.6,1.1,16.3,34.2,221,13.58,1005.0,ward_06_thiruvika_nagar,13.111,80.245,ECMWF_ERA5_Reanalysis
2021-06-25,33.6,27.4,29.7,37.3,32.3,34.0,0.0,16.9,30.6,185,14.95,1003.7,ward_06_thiruvika_nagar,13.111,80.245,ECMWF_ERA5_Reanalysis
2021-06-26,33.9,27.1,30.0,38.3,31.1,33.6,0.8,17.4,36.4,206,17.55,1003.2,ward_06_thiruvika_nagar,13.111,80.245,ECMWF_ERA5_Reanalysis
2021-06-27,31.7,26.9,28.8,36.6,30.5,33.1,2.6,15.0,37.8,213,15.49,1004.7,ward_06_thiruvika_nagar,13.111,80.245,ECMWF_ERA5_Reanalysis
2021-06-28,32.5,25.7,28.5,38.7,30.3,33.3,5.4,17.8,38.5,175,23.19,1004.9,ward_06_thiruvika_nagar,13.111,80.245,ECMWF_ERA5_Reanalysis
2021-06-29,32.0,27.8,29.4,37.0,32.8,33.9,0.8,23.2,47.9,179,22.85,1005.0,ward_06_thiruvika_nagar,13.111,80.245,ECMWF_ERA5_Reanalysis
2021-06-30,33.4,27.3,29.7,39.7,31.6,34.7,1.4,18.9,40.7,179,22.65,1004.2,ward_06_thiruvika_nagar,13.111,80.245,ECMWF_ERA5_Reanalysis
2021-07-01,33.1,26.5,29.3,39.7,30.3,34.1,3.6,24.3,47.9,187,23.82,1003.3,ward_06_thiruvika_nagar,13.111,80.245,ECMWF_ERA5_Reanalysis
2021-07-02,32.8,25.9,28.5,40.1,31.0,34.0,18.3,15.9,36.4,194,22.61,1004.3,ward_06_thiruvika_nagar,13.111,80.245,ECMWF_ERA5_Reanalysis
2021-07-03,32.5,25.6,28.7,39.4,31.3,34.3,1.7,14.7,28.4,185,20.71,1004.8,ward_06_thiruvika_nagar,13.111,80.245,ECMWF_ERA5_Reanalysis
2021-07-04,32.9,26.5,29.2,40.1,31.3,34.8,10.7,19.1,32.4,209,21.68,1004.5,ward_06_thiruvika_nagar,13.111,80.245,ECMWF_ERA5_Reanalysis
2021-07-05,33.9,25.6,29.2,40.5,29.5,34.4,2.6,15.5,34.2,185,23.87,1003.5,ward_06_thiruvika_nagar,13.111,80.245,ECMWF_ERA5_Reanalysis
2021-07-06,32.9,26.2,29.3,40.1,31.5,34.5,8.2,17.2,35.3,188,23.84,1003.0,ward_06_thiruvika_nagar,13.111,80.245,ECMWF_ERA5_Reanalysis
2021-07-07,32.7,26.4,29.6,39.1,31.1,34.8,7.6,19.2,40.7,188,22.45,1002.9,ward_06_thiruvika_nagar,13.111,80.245,ECMWF_ERA5_Reanalysis
2021-07-08,33.4,27.4,29.6,41.1,31.7,35.1,3.9,13.6,34.9,181,22.15,1003.1,ward_06_thiruvika_nagar,13.111,80.245,ECMWF_ERA5_Reanalysis
2021-07-09,33.8,25.1,29.1,40.1,29.7,34.0,4.9,16.4,33.5,220,22.08,1001.6,ward_06_thiruvika_nagar,13.111,80.245,ECMWF_ERA5_Reanalysis
2021-07-10,32.1,26.3,28.9,35.6,31.0,32.9,6.3,16.3,42.5,236,14.33,1000.6,ward_06_thiruvika_nagar,13.111,80.245,ECMWF_ERA5_Reanalysis
2021-07-11,33.9,27.1,29.2,36.1,29.7,32.2,1.4,20.3,44.3,255,14.3,1000.5,ward_06_thiruvika_nagar,13.111,80.245,ECMWF_ERA5_Reanalysis
2021-07-12,32.1,26.2,29.1,35.6,29.5,32.4,0.4,19.7,39.6,245,13.54,1000.9,ward_06_thiruvika_nagar,13.111,80.245,ECMWF_ERA5_Reanalysis
2021-07-13,33.3,26.7,29.5,37.4,29.9,33.3,4.1,16.2,44.6,252,17.09,1001.7,ward_06_thiruvika_nagar,13.111,80.245,ECMWF_ERA5_Reanalysis
2021-07-14,32.4,26.0,28.7,34.9,29.3,32.0,5.3,18.4,39.2,237,15.46,1002.5,ward_06_thiruvika_nagar,13.111,80.245,ECMWF_ERA5_Reanalysis
2021-07-15,32.9,25.1,28.5,37.5,28.6,32.0,5.2,18.8,46.8,218,21.37,1002.6,ward_06_thiruvika_nagar,13.111,80.245,ECMWF_ERA5_Reanalysis
2021-07-16,32.2,26.2,28.4,37.0,30.5,33.3,20.1,15.5,34.9,206,19.51,1004.5,ward_06_thiruvika_nagar,13.111,80.245,ECMWF_ERA5_Reanalysis
2021-07-17,31.8,25.6,27.9,38.4,29.9,33.3,26.8,14.2,34.2,220,17.74,1004.4,ward_06_thiruvika_nagar,13.111,80.245,ECMWF_ERA5_Reanalysis
2021-07-18,31.2,25.0,27.9,35.2,29.4,32.4,13.1,19.2,47.9,232,17.78,1003.3,ward_06_thiruvika_nagar,13.111,80.245,ECMWF_ERA5_Reanalysis
2021-07-19,33.5,26.1,29.3,37.2,28.9,33.0,0.9,21.3,51.1,232,21.88,1002.9,ward_06_thiruvika_nagar,13.111,80.245,ECMWF_ERA5_Reanalysis
2021-07-20,34.2,26.4,30.0,37.1,29.0,32.7,0.0,23.0,47.9,265,18.22,1004.2,ward_06_thiruvika_nagar,13.111,80.245,ECMWF_ERA5_Reanalysis
2021-07-21,32.0,26.6,29.4,35.4,29.6,32.2,0.6,19.3,38.5,263,11.12,1003.9,ward_06_thiruvika_nagar,13.111,80.245,ECMWF_ERA5_Reanalysis
2021-07-22,32.4,26.1,28.6,33.0,28.9,30.9,1.7,29.7,58.3,249,11.13,1001.1,ward_06_thiruvika_nagar,13.111,80.245,ECMWF_ERA5_Reanalysis
2021-07-23,33.4,26.0,28.9,37.6,27.9,31.9,3.9,20.2,63.7,231,18.17,1000.8,ward_06_thiruvika_nagar,13.111,80.245,ECMWF_ERA5_Reanalysis
2021-07-24,35.1,25.9,30.0,40.2,30.0,33.7,0.0,21.7,44.3,226,22.2,1002.0,ward_06_thiruvika_nagar,13.111,80.245,ECMWF_ERA5_Reanalysis
2021-07-25,34.8,27.7,30.4,39.3,31.0,34.3,0.4,20.7,45.7,228,22.68,1003.2,ward_06_thiruvika_nagar,13.111,80.245,ECMWF_ERA5_Reanalysis
2021-07-26,35.0,27.3,30.1,40.7,30.4,34.2,1.3,16.5,45.0,232,21.91,1003.8,ward_06_thiruvika_nagar,13.111,80.245,ECMWF_ERA5_Reanalysis
2021-07-27,35.7,27.9,30.4,40.2,29.6,34.0,0.2,18.8,46.4,228,23.39,1003.0,ward_06_thiruvika_nagar,13.111,80.245,ECMWF_ERA5_Reanalysis
2021-07-28,35.8,27.6,30.6,39.1,29.0,33.5,0.0,18.9,41.8,237,22.32,1003.5,ward_06_thiruvika_nagar,13.111,80.245,ECMWF_ERA5_Reanalysis
2021-07-29,35.9,28.3,30.8,38.1,29.4,33.5,0.1,19.8,43.9,259,19.68,1004.2,ward_06_thiruvika_nagar,13.111,80.245,ECMWF_ERA5_Reanalysis
2021-07-30,36.3,27.7,31.4,37.9,29.9,33.6,0.0,20.5,45.0,263,19.81,1005.1,ward_06_thiruvika_nagar,13.111,80.245,ECMWF_ERA5_Reanalysis
2021-07-31,36.2,28.2,30.8,39.4,30.1,33.6,0.6,21.9,55.1,244,20.75,1005.6,ward_06_thiruvika_nagar,13.111,80.245,ECMWF_ERA5_Reanalysis
2021-08-01,35.9,26.2,30.4,37.3,30.6,33.6,0.5,21.5,46.1,235,21.18,1004.6,ward_06_thiruvika_nagar,13.111,80.245,ECMWF_ERA5_Reanalysis
2021-08-02,35.4,27.8,30.4,38.5,29.5,33.5,1.1,18.5,37.1,225,23.37,1004.7,ward_06_thiruvika_nagar,13.111,80.245,ECMWF_ERA5_Reanalysis
2021-08-03,35.3,28.0,30.4,38.5,30.0,33.6,0.6,19.5,39.6,225,22.88,1006.0,ward_06_thiruvika_nagar,13.111,80.245,ECMWF_ERA5_Reanalysis
2021-08-04,37.3,28.1,31.2,40.5,30.2,34.9,0.9,18.4,42.5,253,22.61,1005.9,ward_06_thiruvika_nagar,13.111,80.245,ECMWF_ERA5_Reanalysis
2021-08-05,36.2,28.5,30.7,40.1,30.8,33.8,1.5,21.2,51.5,235,21.83,1004.4,ward_06_thiruvika_nagar,13.111,80.245,ECMWF_ERA5_Reanalysis
2021-08-06,36.0,27.6,30.3,40.4,31.0,33.9,1.7,19.6,45.0,222,21.79,1003.5,ward_06_thiruvika_nagar,13.111,80.245,ECMWF_ERA5_Reanalysis
2021-08-07,34.4,27.5,30.1,40.2,31.1,34.5,2.0,15.8,36.0,200,22.19,1004.4,ward_06_thiruvika_nagar,13.111,80.245,ECMWF_ERA5_Reanalysis
2021-08-08,33.4,26.5,29.6,40.4,31.3,34.9,3.7,17.7,36.4,176,23.24,1005.2,ward_06_thiruvika_nagar,13.111,80.245,ECMWF_ERA5_Reanalysis
2021-08-09,34.0,27.4,30.1,40.9,32.9,35.9,3.6,14.8,34.6,175,23.85,1005.4,ward_06_thiruvika_nagar,13.111,80.245,ECMWF_ERA5_Reanalysis
2021-08-10,34.3,26.2,29.7,40.8,30.7,35.1,6.5,20.7,41.4,260,23.46,1005.0,ward_06_thiruvika_nagar,13.111,80.245,ECMWF_ERA5_Reanalysis
2021-08-11,34.2,26.7,30.2,41.0,31.3,35.1,4.0,15.2,35.6,215,22.78,1004.8,ward_06_thiruvika_nagar,13.111,80.245,ECMWF_ERA5_Reanalysis
2021-08-12,32.8,26.4,29.3,38.4,31.3,34.4,5.6,13.8,28.8,252,17.1,1005.7,ward_06_thiruvika_nagar,13.111,80.245,ECMWF_ERA5_Reanalysis
2021-08-13,32.3,26.1,28.3,39.5,31.1,34.0,10.2,10.9,31.7,268,17.88,1004.6,ward_06_thiruvika_nagar,13.111,80.245,ECMWF_ERA5_Reanalysis
2021-08-14,33.6,26.6,29.3,39.4,29.9,33.5,1.5,15.1,40.0,254,19.34,1002.9,ward_06_thiruvika_nagar,13.111,80.245,ECMWF_ERA5_Reanalysis
2021-08-15,32.9,26.0,29.0,37.2,29.6,32.5,1.4,15.0,29.5,273,16.61,1003.7,ward_06_thiruvika_nagar,13.111,80.245,ECMWF_ERA5_Reanalysis
2021-08-16,33.0,25.8,28.6,37.0,29.6,32.9,0.9,13.1,33.5,236,15.07,1004.8,ward_06_thiruvika_nagar,13.111,80.245,ECMWF_ERA5_Reanalysis
2021-08-17,32.8,26.1,29.0,36.6,30.2,33.4,0.8,15.5,33.5,205,18.08,1005.3,ward_06_thiruvika_nagar,13.111,80.245,ECMWF_ERA5_Reanalysis
2021-08-18,33.5,26.8,29.4,39.0,30.5,33.8,2.3,23.1,48.6,201,21.39,1003.7,ward_06_thiruvika_nagar,13.111,80.245,ECMWF_ERA5_Reanalysis
2021-08-19,33.4,27.5,29.7,38.4,29.9,33.6,5.2,15.2,32.8,216,18.26,1003.3,ward_06_thiruvika_nagar,13.111,80.245,ECMWF_ERA5_Reanalysis
2021-08-20,31.9,25.2,28.4,38.6,28.8,33.5,4.7,18.1,36.0,181,22.4,1004.5,ward_06_thiruvika_nagar,13.111,80.245,ECMWF_ERA5_Reanalysis
2021-08-21,30.2,25.6,27.8,35.3,29.0,32.3,3.4,17.8,37.4,193,19.13,1006.6,ward_06_thiruvika_nagar,13.111,80.245,ECMWF_ERA5_Reanalysis
2021-08-22,30.6,24.8,27.8,36.2,29.5,32.4,0.2,20.4,41.8,175,23.87,1006.5,ward_06_thiruvika_nagar,13.111,80.245,ECMWF_ERA5_Reanalysis
2021-08-23,30.8,25.6,28.0,36.5,30.5,32.5,0.0,22.6,45.4,182,23.07,1006.2,ward_06_thiruvika_nagar,13.111,80.245,ECMWF_ERA5_Reanalysis
2021-08-24,32.1,26.2,28.7,38.1,30.8,33.5,0.6,19.6,42.5,185,22.44,1005.4,ward_06_thiruvika_nagar,13.111,80.245,ECMWF_ERA5_Reanalysis
2021-08-25,33.5,26.4,29.0,40.7,30.1,33.7,6.6,17.3,35.6,203,22.97,1004.3,ward_06_thiruvika_nagar,13.111,80.245,ECMWF_ERA5_Reanalysis
2021-08-26,32.3,25.5,28.6,40.1,30.3,34.2,10.7,12.1,33.1,198,22.74,1003.1,ward_06_thiruvika_nagar,13.111,80.245,ECMWF_ERA5_Reanalysis
2021-08-27,32.7,25.7,28.2,40.9,30.7,34.1,11.8,13.7,29.5,226,21.66,1002.5,ward_06_thiruvika_nagar,13.111,80.245,ECMWF_ERA5_Reanalysis
2021-08-28,29.7,25.2,27.1,35.4,29.8,32.3,27.4,14.8,31.3,243,12.46,1001.5,ward_06_thiruvika_nagar,13.111,80.245,ECMWF_ERA5_Reanalysis
2021-08-29,29.5,25.1,26.8,34.5,29.4,31.6,35.1,16.0,40.3,234,10.83,1001.0,ward_06_thiruvika_nagar,13.111,80.245,ECMWF_ERA5_Reanalysis
2021-08-30,32.4,25.5,28.3,37.4,29.5,32.9,0.6,14.0,38.9,238,18.7,1002.0,ward_06_thiruvika_nagar,13.111,80.245,ECMWF_ERA5_Reanalysis
2021-08-31,31.5,25.5,28.5,37.9,30.7,33.6,1.8,11.5,25.9,191,19.69,1003.7,ward_06_thiruvika_nagar,13.111,80.245,ECMWF_ERA5_Reanalysis
2021-09-01,30.4,26.6,28.2,38.1,32.5,34.3,0.4,10.7,28.4,176,17.12,1005.0,ward_06_thiruvika_nagar,13.111,80.245,ECMWF_ERA5_Reanalysis
2021-09-02,30.7,25.5,27.6,37.4,29.8,33.1,26.7,13.3,26.6,209,19.22,1004.7,ward_06_thiruvika_nagar,13.111,80.245,ECMWF_ERA5_Reanalysis
2021-09-03,30.4,24.6,27.4,37.2,28.3,32.3,19.8,18.8,34.9,231,17.78,1003.6,ward_06_thiruvika_nagar,13.111,80.245,ECMWF_ERA5_Reanalysis
2021-09-04,29.2,25.0,26.6,34.4,29.2,31.4,12.5,13.8,29.9,228,8.73,1003.8,ward_06_thiruvika_nagar,13.111,80.245,ECMWF_ERA5_Reanalysis
2021-09-05,31.1,25.1,27.6,36.7,28.7,32.3,10.4,14.8,43.9,230,18.23,1003.2,ward_06_thiruvika_nagar,13.111,80.245,ECMWF_ERA5_Reanalysis
2021-09-06,30.1,25.6,27.7,35.0,28.7,31.4,1.9,18.3,35.6,241,10.69,1002.9,ward_06_thiruvika_nagar,13.111,80.245,ECMWF_ERA5_Reanalysis
2021-09-07,32.5,26.9,29.0,36.8,29.0,32.6,0.0,19.5,43.2,219,21.51,1003.2,ward_06_thiruvika_nagar,13.111,80.245,ECMWF_ERA5_Reanalysis
2021-09-08,32.9,25.9,28.8,38.4,30.1,33.4,0.2,18.2,35.6,200,22.01,1005.0,ward_06_thiruvika_nagar,13.111,80.245,ECMWF_ERA5_Reanalysis
2021-09-09,33.9,26.8,29.5,39.2,29.0,34.0,0.3,16.2,35.6,241,23.11,1005.6,ward_06_thiruvika_nagar,13.111,80.245,ECMWF_ERA5_Reanalysis
2021-09-10,33.2,26.9,29.2,38.1,30.8,33.9,0.1,14.3,30.2,232,18.7,1004.9,ward_06_thiruvika_nagar,13.111,80.245,ECMWF_ERA5_Reanalysis
2021-09-11,33.0,26.8,29.2,38.8,31.0,34.1,1.5,14.7,33.1,223,19.12,1003.7,ward_06_thiruvika_nagar,13.111,80.245,ECMWF_ERA5_Reanalysis
2021-09-12,33.6,26.8,29.3,37.2,29.9,33.2,0.8,18.9,37.8,228,17.17,1002.5,ward_06_thiruvika_nagar,13.111,80.245,ECMWF_ERA5_Reanalysis
2021-09-13,35.1,27.5,29.9,37.7,29.3,33.1,0.0,23.9,46.8,223,20.06,1001.7,ward_06_thiruvika_nagar,13.111,80.245,ECMWF_ERA5_Reanalysis
2021-09-14,34.4,27.8,29.9,39.0,30.3,33.6,0.0,22.1,42.5,212,22.28,1002.7,ward_06_thiruvika_nagar,13.111,80.245,ECMWF_ERA5_Reanalysis
2021-09-15,33.7,27.1,29.5,40.5,31.9,34.6,0.7,17.7,39.6,186,23.72,1004.0,ward_06_thiruvika_nagar,13.111,80.245,ECMWF_ERA5_Reanalysis
2021-09-16,32.0,27.1,29.2,38.6,31.3,34.7,1.3,17.7,38.9,190,18.6,1004.1,ward_06_thiruvika_nagar,13.111,80.245,ECMWF_ERA5_Reanalysis
2021-09-17,32.3,26.9,29.1,40.2,32.4,35.3,3.3,14.8,32.4,177,20.39,1004.0,ward_06_thiruvika_nagar,13.111,80.245,ECMWF_ERA5_Reanalysis
2021-09-18,32.3,26.4,28.9,39.9,32.2,34.6,2.5,15.5,33.5,184,21.86,1005.6,ward_06_thiruvika_nagar,13.111,80.245,ECMWF_ERA5_Reanalysis
2021-09-19,31.3,26.4,28.9,38.2,32.8,34.9,1.4,14.1,33.5,174,21.65,1007.0,ward_06_thiruvika_nagar,13.111,80.245,ECMWF_ERA5_Reanalysis
2021-09-20,32.3,25.6,28.6,39.7,30.7,34.1,3.7,16.5,36.4,191,23.66,1006.1,ward_06_thiruvika_nagar,13.111,80.245,ECMWF_ERA5_Reanalysis
2021-09-21,33.5,25.7,28.9,41.0,30.0,34.4,7.5,15.3,42.1,199,23.23,1004.8,ward_06_thiruvika_nagar,13.111,80.245,ECMWF_ERA5_Reanalysis
2021-09-22,32.3,25.6,28.5,38.7,30.8,34.1,2.9,13.6,31.7,209,19.0,1003.6,ward_06_thiruvika_nagar,13.111,80.245,ECMWF_ERA5_Reanalysis
2021-09-23,32.4,25.5,28.4,39.4,30.0,33.8,5.4,15.9,34.9,201,19.06,1003.7,ward_06_thiruvika_nagar,13.111,80.245,ECMWF_ERA5_Reanalysis
2021-09-24,31.3,26.0,28.4,39.0,31.0,34.2,4.9,13.4,29.9,137,22.17,1004.7,ward_06_thiruvika_nagar,13.111,80.245,ECMWF_ERA5_Reanalysis
2021-09-25,32.9,25.8,28.9,41.1,30.2,35.0,9.4,13.2,31.3,210,22.77,1004.0,ward_06_thiruvika_nagar,13.111,80.245,ECMWF_ERA5_Reanalysis
2021-09-26,31.0,25.2,28.2,37.0,29.8,33.3,4.6,19.5,33.8,225,14.69,1002.0,ward_06_thiruvika_nagar,13.111,80.245,ECMWF_ERA5_Reanalysis
2021-09-27,33.7,26.6,29.0,38.9,29.3,33.2,1.4,21.3,39.2,223,20.81,1000.3,ward_06_thiruvika_nagar,13.111,80.245,ECMWF_ERA5_Reanalysis
2021-09-28,32.7,26.7,29.0,39.4,28.8,33.1,1.0,19.3,43.9,223,23.34,1003.1,ward_06_thiruvika_nagar,13.111,80.245,ECMWF_ERA5_Reanalysis
2021-09-29,31.8,26.3,28.6,38.2,30.5,33.7,0.0,12.0,27.0,145,19.76,1005.2,ward_06_thiruvika_nagar,13.111,80.245,ECMWF_ERA5_Reanalysis
2021-09-30,30.3,25.5,28.0,37.6,31.3,34.2,11.4,10.2,30.2,192,19.34,1006.4,ward_06_thiruvika_nagar,13.111,80.245,ECMWF_ERA5_Reanalysis
2021-10-01,30.5,25.3,28.0,36.0,30.1,33.5,10.1,17.1,39.2,72,20.23,1006.0,ward_06_thiruvika_nagar,13.111,80.245,ECMWF_ERA5_Reanalysis
2021-10-02,29.5,25.7,27.6,35.7,30.9,33.1,11.0,15.1,32.4,74,18.97,1006.2,ward_06_thiruvika_nagar,13.111,80.245,ECMWF_ERA5_Reanalysis
2021-10-03,30.1,25.7,27.7,36.5,30.7,33.6,3.6,15.3,34.6,101,20.74,1005.7,ward_06_thiruvika_nagar,13.111,80.245,ECMWF_ERA5_Reanalysis
2021-10-04,30.2,25.9,27.8,36.5,32.2,33.8,0.9,14.1,37.1,75,18.67,1005.0,ward_06_thiruvika_nagar,13.111,80.245,ECMWF_ERA5_Reanalysis
2021-10-05,27.4,25.4,26.4,33.7,29.7,31.3,30.7,20.4,45.0,36,9.36,1004.6,ward_06_thiruvika_nagar,13.111,80.245,ECMWF_ERA5_Reanalysis
2021-10-06,31.1,25.3,27.8,37.0,29.2,32.5,6.8,19.7,40.7,156,20.26,1003.4,ward_06_thiruvika_nagar,13.111,80.245,ECMWF_ERA5_Reanalysis
2021-10-07,30.6,26.2,28.3,38.0,31.4,33.8,2.8,15.0,32.4,173,20.65,1004.3,ward_06_thiruvika_nagar,13.111,80.245,ECMWF_ERA5_Reanalysis
2021-10-08,31.2,25.6,28.2,38.2,30.6,34.1,9.2,13.6,29.9,218,16.74,1004.6,ward_06_thiruvika_nagar,13.111,80.245,ECMWF_ERA5_Reanalysis
2021-10-09,31.6,25.7,28.1,38.7,29.3,33.5,13.5,16.9,30.6,242,17.89,1005.3,ward_06_thiruvika_nagar,13.111,80.245,ECMWF_ERA5_Reanalysis
2021-10-10,31.1,26.4,28.3,37.4,30.5,33.9,3.2,10.8,29.5,265,14.28,1005.0,ward_06_thiruvika_nagar,13.111,80.245,ECMWF_ERA5_Reanalysis
2021-10-11,30.8,25.4,27.6,37.0,30.0,33.2,14.7,14.5,32.4,252,15.44,1003.9,ward_06_thiruvika_nagar,13.111,80.245,ECMWF_ERA5_Reanalysis
2021-10-12,32.5,24.9,27.6,39.8,29.2,33.1,13.1,13.4,33.8,254,19.84,1003.8,ward_06_thiruvika_nagar,13.111,80.245,ECMWF_ERA5_Reanalysis
2021-10-13,31.6,24.6,27.7,37.7,28.5,32.9,0.0,13.9,29.2,313,22.2,1003.3,ward_06_thiruvika_nagar,13.111,80.245,ECMWF_ERA5_Reanalysis
2021-10-14,32.6,25.3,28.3,40.8,29.2,33.9,4.7,13.3,25.6,239,21.69,1002.7,ward_06_thiruvika_nagar,13.111,80.245,ECMWF_ERA5_Reanalysis
2021-10-15,32.6,25.3,28.2,41.0,30.0,34.1,5.8,11.0,27.4,223,21.68,1000.5,ward_06_thiruvika_nagar,13.111,80.245,ECMWF_ERA5_Reanalysis
2021-10-16,31.5,25.6,28.4,38.1,30.0,33.5,2.5,18.0,32.8,195,20.27,1000.4,ward_06_thiruvika_nagar,13.111,80.245,ECMWF_ERA5_Reanalysis
2021-10-17,31.4,25.5,28.4,38.5,30.7,34.5,2.1,14.7,28.8,196,20.21,1001.6,ward_06_thiruvika_nagar,13.111,80.245,ECMWF_ERA5_Reanalysis
2021-10-18,32.0,26.7,29.1,39.5,31.2,34.6,1.8,14.1,25.6,236,17.18,1004.2,ward_06_thiruvika_nagar,13.111,80.245,ECMWF_ERA5_Reanalysis
2021-10-19,32.7,26.2,29.0,40.4,30.4,35.0,2.4,12.5,22.7,197,20.13,1007.0,ward_06_thiruvika_nagar,13.111,80.245,ECMWF_ERA5_Reanalysis
2021-10-20,31.9,26.4,28.4,40.1,32.7,35.2,9.1,10.2,28.1,195,19.67,1009.2,ward_06_thiruvika_nagar,13.111,80.245,ECMWF_ERA5_Reanalysis
2021-10-21,30.5,25.6,28.2,38.2,31.2,34.1,2.5,11.5,25.2,163,20.49,1009.6,ward_06_thiruvika_nagar,13.111,80.245,ECMWF_ERA5_Reanalysis
2021-10-22,31.0,24.2,27.7,38.1,28.1,33.2,10.0,16.4,30.6,183,20.66,1010.2,ward_06_thiruvika_nagar,13.111,80.245,ECMWF_ERA5_Reanalysis
2021-10-23,30.6,23.8,27.4,37.2,27.9,32.8,6.1,11.2,30.6,176,20.46,1010.6,ward_06_thiruvika_nagar,13.111,80.245,ECMWF_ERA5_Reanalysis
2021-10-24,29.6,24.3,26.6,35.0,28.8,31.5,4.6,14.3,31.0,3,16.24,1010.5,ward_06_thiruvika_nagar,13.111,80.245,ECMWF_ERA5_Reanalysis
2021-10-25,30.2,23.7,27.2,34.1,27.6,31.3,2.1,20.0,39.6,16,20.16,1009.1,ward_06_thiruvika_nagar,13.111,80.245,ECMWF_ERA5_Reanalysis
2021-10-26,29.9,25.1,27.5,34.9,30.1,31.7,0.6,17.4,34.6,25,19.52,1008.2,ward_06_thiruvika_nagar,13.111,80.245,ECMWF_ERA5_Reanalysis
2021-10-27,30.4,24.9,27.7,33.6,28.8,31.1,0.7,21.2,40.3,21,20.25,1008.3,ward_06_thiruvika_nagar,13.111,80.245,ECMWF_ERA5_Reanalysis
2021-10-28,28.6,25.1,26.3,31.2,28.4,30.1,16.6,21.7,41.8,17,10.57,1008.4,ward_06_thiruvika_nagar,13.111,80.245,ECMWF_ERA5_Reanalysis
2021-10-29,28.0,24.4,25.9,33.3,29.7,30.9,16.1,15.7,32.0,66,11.98,1009.4,ward_06_thiruvika_nagar,13.111,80.245,ECMWF_ERA5_Reanalysis
2021-10-30,29.4,24.0,26.4,34.2,28.2,30.8,5.6,17.6,37.4,22,17.37,1010.4,ward_06_thiruvika_nagar,13.111,80.245,ECMWF_ERA5_Reanalysis
2021-10-31,29.9,24.0,26.7,34.3,28.6,31.0,20.6,21.0,40.7,41,17.76,1009.8,ward_06_thiruvika_nagar,13.111,80.245,ECMWF_ERA5_Reanalysis
2021-11-01,27.3,25.1,25.7,31.5,29.2,30.2,23.6,13.0,28.8,71,7.22,1009.2,ward_06_thiruvika_nagar,13.111,80.245,ECMWF_ERA5_Reanalysis
2021-11-02,27.6,24.7,26.2,32.0,28.5,30.6,9.4,17.4,33.5,72,9.81,1009.2,ward_06_thiruvika_nagar,13.111,80.245,ECMWF_ERA5_Reanalysis
2021-11-03,27.3,24.0,25.3,31.9,29.1,30.2,14.2,11.2,23.0,27,9.53,1009.1,ward_06_thiruvika_nagar,13.111,80.245,ECMWF_ERA5_Reanalysis
2021-11-04,26.8,23.6,24.7,30.7,27.7,29.4,28.4,12.6,24.8,350,4.86,1008.7,ward_06_thiruvika_nagar,13.111,80.245,ECMWF_ERA5_Reanalysis
2021-11-05,27.8,23.5,25.0,32.3,27.4,29.2,26.0,12.9,27.7,342,10.84,1008.2,ward_06_thiruvika_nagar,13.111,80.245,ECMWF_ERA5_Reanalysis
2021-11-06,28.0,23.4,25.4,32.0,27.2,29.5,17.9,15.5,30.6,1,13.86,1006.7,ward_06_thiruvika_nagar,13.111,80.245,ECMWF_ERA5_Reanalysis
2021-11-07,25.7,23.3,24.5,29.2,26.7,27.9,58.3,21.9,39.6,25,4.2,1006.8,ward_06_thiruvika_nagar,13.111,80.245,ECMWF_ERA5_Reanalysis
2021-11-08,28.4,24.2,25.8,31.0,26.6,28.9,12.8,22.4,41.8,25,7.92,1008.0,ward_06_thiruvika_nagar,13.111,80.245,ECMWF_ERA5_Reanalysis
2021-11-09,27.4,24.0,25.2,29.2,26.9,28.2,12.6,25.3,47.5,5,7.35,1008.1,ward_06_thiruvika_nagar,13.111,80.245,ECMWF_ERA5_Reanalysis
2021-11-10,25.0,22.8,23.8,29.1,24.3,26.7,76.4,27.9,50.4,342,5.68,1006.8,ward_06_thiruvika_nagar,13.111,80.245,ECMWF_ERA5_Reanalysis
2021-11-11,27.3,21.9,24.1,31.5,20.7,25.0,186.3,38.6,70.6,341,3.37,1000.1,ward_06_thiruvika_nagar,13.111,80.245,ECMWF_ERA5_Reanalysis
2021-11-12,28.6,24.3,26.3,33.4,28.0,30.2,1.6,14.5,29.9,150,16.19,1004.4,ward_06_thiruvika_nagar,13.111,80.245,ECMWF_ERA5_Reanalysis
2021-11-13,29.4,24.6,26.6,35.5,29.6,31.6,0.8,13.1,26.6,161,16.28,1005.9,ward_06_thiruvika_nagar,13.111,80.245,ECMWF_ERA5_Reanalysis
2021-11-14,29.3,24.5,26.3,36.0,29.5,31.8,11.6,11.5,25.9,120,15.47,1006.1,ward_06_thiruvika_nagar,13.111,80.245,ECMWF_ERA5_Reanalysis
2021-11-15,27.7,23.9,25.6,33.0,28.7,30.7,7.0,10.1,21.2,116,10.26,1005.1,ward_06_thiruvika_nagar,13.111,80.245,ECMWF_ERA5_Reanalysis
2021-11-16,29.0,23.5,26.4,34.6,28.5,31.3,10.4,15.2,29.2,82,17.98,1005.7,ward_06_thiruvika_nagar,13.111,80.245,ECMWF_ERA5_Reanalysis
2021-11-17,28.5,24.1,25.8,32.2,28.0,30.0,13.9,19.1,35.3,19,9.8,1006.9,ward_06_thiruvika_nagar,13.111,80.245,ECMWF_ERA5_Reanalysis
2021-11-18,26.6,23.4,25.4,29.3,25.5,27.7,62.2,30.5,55.8,36,3.7,1003.3,ward_06_thiruvika_nagar,13.111,80.245,ECMWF_ERA5_Reanalysis
2021-11-19,28.5,25.1,26.6,31.1,27.9,29.3,8.0,28.9,51.5,145,14.25,1001.7,ward_06_thiruvika_nagar,13.111,80.245,ECMWF_ERA5_Reanalysis
2021-11-20,28.3,24.7,26.2,32.7,28.0,30.2,12.6,17.5,33.1,158,12.9,1004.4,ward_06_thiruvika_nagar,13.111,80.245,ECMWF_ERA5_Reanalysis
2021-11-21,29.2,23.5,26.3,35.3,27.8,31.5,5.8,13.1,26.6,106,18.48,1007.3,ward_06_thiruvika_nagar,13.111,80.245,ECMWF_ERA5_Reanalysis
2021-11-22,28.4,24.2,26.3,32.4,29.1,30.8,11.8,15.3,31.7,55,14.71,1009.0,ward_06_thiruvika_nagar,13.111,80.245,ECMWF_ERA5_Reanalysis
2021-11-23,29.7,23.9,26.9,34.5,28.4,31.3,1.3,18.6,37.1,33,18.81,1008.2,ward_06_thiruvika_nagar,13.111,80.245,ECMWF_ERA5_Reanalysis
2021-11-24,29.7,24.5,27.1,34.2,29.6,31.5,0.6,18.3,36.4,44,19.13,1008.6,ward_06_thiruvika_nagar,13.111,80.245,ECMWF_ERA5_Reanalysis
2021-11-25,28.6,23.8,25.5,31.7,27.1,29.3,34.3,22.3,45.7,32,10.33,1008.8,ward_06_thiruvika_nagar,13.111,80.245,ECMWF_ERA5_Reanalysis
2021-11-26,26.6,24.5,25.3,29.6,27.3,28.5,40.3,23.0,45.0,41,7.27,1009.0,ward_06_thiruvika_nagar,13.111,80.245,ECMWF_ERA5_Reanalysis
2021-11-27,26.4,23.9,24.8,29.7,27.2,28.6,29.7,17.6,33.5,36,6.17,1009.1,ward_06_thiruvika_nagar,13.111,80.245,ECMWF_ERA5_Reanalysis
2021-11-28,26.5,23.8,24.7,30.3,27.5,28.8,30.2,18.8,33.8,62,6.76,1009.9,ward_06_thiruvika_nagar,13.111,80.245,ECMWF_ERA5_Reanalysis
2021-11-29,27.5,23.8,24.9,31.5,27.3,29.1,27.5,14.8,30.6,78,12.14,1010.8,ward_06_thiruvika_nagar,13.111,80.245,ECMWF_ERA5_Reanalysis
2021-11-30,27.0,24.0,25.0,30.0,28.0,28.8,6.6,17.6,39.6,46,11.76,1010.8,ward_06_thiruvika_nagar,13.111,80.245,ECMWF_ERA5_Reanalysis
2021-12-01,28.8,22.8,26.1,32.4,26.5,29.7,3.9,19.8,38.5,42,18.5,1010.0,ward_06_thiruvika_nagar,13.111,80.245,ECMWF_ERA5_Reanalysis
2021-12-02,28.9,24.4,26.6,31.4,27.6,28.9,0.3,18.2,36.4,26,19.77,1009.8,ward_06_thiruvika_nagar,13.111,80.245,ECMWF_ERA5_Reanalysis
2021-12-03,29.5,22.5,25.7,33.0,25.2,28.9,0.0,16.1,31.3,358,16.15,1009.6,ward_06_thiruvika_nagar,13.111,80.245,ECMWF_ERA5_Reanalysis
2021-12-04,30.1,21.6,25.6,35.6,24.7,29.6,0.0,9.4,19.8,280,19.96,1009.6,ward_06_thiruvika_nagar,13.111,80.245,ECMWF_ERA5_Reanalysis
2021-12-05,30.5,23.0,26.2,36.7,27.1,31.0,0.7,12.2,25.9,191,18.77,1009.4,ward_06_thiruvika_nagar,13.111,80.245,ECMWF_ERA5_Reanalysis
2021-12-06,29.5,23.8,26.5,36.0,29.0,32.0,0.6,10.6,24.1,123,17.34,1009.5,ward_06_thiruvika_nagar,13.111,80.245,ECMWF_ERA5_Reanalysis
2021-12-07,29.5,23.5,26.2,34.3,28.4,30.9,0.2,15.5,31.7,28,18.38,1010.2,ward_06_thiruvika_nagar,13.111,80.245,ECMWF_ERA5_Reanalysis
2021-12-08,29.3,24.3,26.7,33.3,28.6,30.7,1.2,16.9,36.4,36,16.81,1010.4,ward_06_thiruvika_nagar,13.111,80.245,ECMWF_ERA5_Reanalysis
2021-12-09,28.8,25.1,26.4,32.8,28.6,30.4,1.4,14.1,30.6,64,15.92,1012.0,ward_06_thiruvika_nagar,13.111,80.245,ECMWF_ERA5_Reanalysis
2021-12-10,29.2,24.8,26.3,31.6,28.1,29.5,3.1,22.1,43.2,41,17.19,1012.7,ward_06_thiruvika_nagar,13.111,80.245,ECMWF_ERA5_Reanalysis
2021-12-11,28.6,23.6,25.9,32.1,27.3,29.2,7.2,21.2,40.3,33,15.48,1012.3,ward_06_thiruvika_nagar,13.111,80.245,ECMWF_ERA5_Reanalysis
2021-12-12,28.0,22.7,25.5,31.0,26.9,28.8,10.1,23.2,45.0,36,15.71,1012.5,ward_06_thiruvika_nagar,13.111,80.245,ECMWF_ERA5_Reanalysis
2021-12-13,27.6,22.4,25.4,30.0,25.4,28.4,4.5,21.0,41.0,28,14.77,1011.5,ward_06_thiruvika_nagar,13.111,80.245,ECMWF_ERA5_Reanalysis
2021-12-14,28.2,23.7,26.2,30.4,27.3,28.7,6.1,24.5,46.4,46,14.5,1011.0,ward_06_thiruvika_nagar,13.111,80.245,ECMWF_ERA5_Reanalysis
2021-12-15,28.3,25.0,26.3,29.9,26.8,27.9,0.0,24.2,46.4,32,17.31,1011.6,ward_06_thiruvika_nagar,13.111,80.245,ECMWF_ERA5_Reanalysis
2021-12-16,28.3,24.4,25.9,29.7,26.2,27.3,0.0,23.5,45.4,24,18.38,1012.5,ward_06_thiruvika_nagar,13.111,80.245,ECMWF_ERA5_Reanalysis
2021-12-17,28.1,22.5,25.5,29.4,24.6,27.0,0.0,21.9,42.8,17,18.7,1012.9,ward_06_thiruvika_nagar,13.111,80.245,ECMWF_ERA5_Reanalysis
2021-12-18,27.8,21.7,25.2,28.9,24.3,26.6,0.0,21.4,41.4,20,17.37,1012.5,ward_06_thiruvika_nagar,13.111,80.245,ECMWF_ERA5_Reanalysis
2021-12-19,27.9,21.4,24.9,27.7,22.4,25.4,0.0,21.1,41.4,21,16.1,1013.4,ward_06_thiruvika_nagar,13.111,80.245,ECMWF_ERA5_Reanalysis
2021-12-20,27.9,23.0,25.2,28.8,24.5,26.3,0.0,22.1,42.5,20,16.66,1013.4,ward_06_thiruvika_nagar,13.111,80.245,ECMWF_ERA5_Reanalysis
2021-12-21,28.3,20.9,24.3,30.8,22.7,26.3,0.0,13.8,27.0,9,19.69,1013.4,ward_06_thiruvika_nagar,13.111,80.245,ECMWF_ERA5_Reanalysis
2021-12-22,27.8,19.8,23.4,30.7,21.7,25.2,0.0,14.3,29.2,32,19.81,1012.2,ward_06_thiruvika_nagar,13.111,80.245,ECMWF_ERA5_Reanalysis
2021-12-23,27.6,18.3,23.0,30.5,19.9,24.6,0.0,11.8,25.6,56,20.1,1011.8,ward_06_thiruvika_nagar,13.111,80.245,ECMWF_ERA5_Reanalysis
2021-12-24,27.6,18.4,23.5,31.3,20.3,25.9,0.0,9.8,23.4,95,19.35,1011.8,ward_06_thiruvika_nagar,13.111,80.245,ECMWF_ERA5_Reanalysis
2021-12-25,27.5,19.4,23.6,31.7,21.6,26.4,0.0,11.9,27.0,90,19.57,1012.3,ward_06_thiruvika_nagar,13.111,80.245,ECMWF_ERA5_Reanalysis
2021-12-26,27.9,20.0,24.0,31.4,22.5,26.7,0.0,11.4,25.6,74,18.71,1013.4,ward_06_thiruvika_nagar,13.111,80.245,ECMWF_ERA5_Reanalysis
2021-12-27,29.1,20.9,25.1,31.6,23.5,28.0,0.0,13.0,28.4,61,17.86,1013.8,ward_06_thiruvika_nagar,13.111,80.245,ECMWF_ERA5_Reanalysis
2021-12-28,27.1,22.0,24.9,30.0,25.0,27.9,1.0,17.7,35.3,61,14.66,1012.9,ward_06_thiruvika_nagar,13.111,80.245,ECMWF_ERA5_Reanalysis
2021-12-29,28.3,21.9,25.2,31.3,25.7,28.4,0.8,16.6,34.9,66,18.34,1012.1,ward_06_thiruvika_nagar,13.111,80.245,ECMWF_ERA5_Reanalysis
2021-12-30,26.7,22.3,24.3,28.8,25.0,27.0,11.7,19.3,41.0,43,13.11,1013.5,ward_06_thiruvika_nagar,13.111,80.245,ECMWF_ERA5_Reanalysis
2021-12-31,26.2,22.5,23.9,28.6,25.4,26.7,17.3,22.0,44.3,53,13.34,1014.5,ward_06_thiruvika_nagar,13.111,80.245,ECMWF_ERA5_Reanalysis
2022-01-01,27.0,22.8,25.2,28.2,25.6,27.3,8.6,25.3,48.6,45,13.98,1014.5,ward_06_thiruvika_nagar,13.111,80.245,ECMWF_ERA5_Reanalysis
2022-01-02,27.9,23.9,25.8,30.6,26.8,27.9,0.9,20.9,40.3,48,16.68,1013.5,ward_06_thiruvika_nagar,13.111,80.245,ECMWF_ERA5_Reanalysis
2022-01-03,27.7,23.8,25.5,30.2,26.4,27.7,0.0,19.7,38.9,48,18.76,1012.9,ward_06_thiruvika_nagar,13.111,80.245,ECMWF_ERA5_Reanalysis
2022-01-04,27.3,22.5,24.8,29.2,25.2,26.6,0.0,21.0,40.7,34,18.71,1013.4,ward_06_thiruvika_nagar,13.111,80.245,ECMWF_ERA5_Reanalysis
2022-01-05,28.0,21.6,24.7,30.5,23.2,26.7,0.1,14.5,31.0,13,17.94,1013.0,ward_06_thiruvika_nagar,13.111,80.245,ECMWF_ERA5_Reanalysis
2022-01-06,28.2,21.5,25.0,31.4,24.1,27.7,0.1,15.6,32.4,47,17.87,1012.1,ward_06_thiruvika_nagar,13.111,80.245,ECMWF_ERA5_Reanalysis
2022-01-07,27.3,22.2,25.1,30.3,24.7,27.8,2.5,16.6,34.6,62,17.36,1012.3,ward_06_thiruvika_nagar,13.111,80.245,ECMWF_ERA5_Reanalysis
2022-01-08,27.8,22.5,25.4,30.5,25.4,28.3,0.4,17.4,35.6,61,18.4,1012.7,ward_06_thiruvika_nagar,13.111,80.245,ECMWF_ERA5_Reanalysis
2022-01-09,28.1,22.3,25.3,31.9,25.5,28.5,0.0,12.7,28.1,71,18.78,1011.4,ward_06_thiruvika_nagar,13.111,80.245,ECMWF_ERA5_Reanalysis
2022-01-10,28.5,21.9,25.6,32.7,25.0,29.0,0.0,12.5,26.3,110,19.31,1011.2,ward_06_thiruvika_nagar,13.111,80.245,ECMWF_ERA5_Reanalysis
2022-01-11,28.7,23.2,25.9,32.8,27.1,29.3,0.2,15.6,32.0,85,18.9,1011.0,ward_06_thiruvika_nagar,13.111,80.245,ECMWF_ERA5_Reanalysis
2022-01-12,28.9,22.7,25.7,32.2,25.8,29.5,2.3,13.0,28.8,126,17.4,1010.5,ward_06_thiruvika_nagar,13.111,80.245,ECMWF_ERA5_Reanalysis
2022-01-13,28.5,23.0,25.6,32.8,27.0,29.6,1.3,13.0,29.2,119,15.76,1010.0,ward_06_thiruvika_nagar,13.111,80.245,ECMWF_ERA5_Reanalysis
2022-01-14,27.2,22.8,25.2,32.4,26.5,29.4,1.9,9.7,24.8,92,15.26,1009.8,ward_06_thiruvika_nagar,13.111,80.245,ECMWF_ERA5_Reanalysis
2022-01-15,27.5,23.0,25.1,32.4,27.2,28.8,3.6,17.7,35.3,38,16.07,1010.8,ward_06_thiruvika_nagar,13.111,80.245,ECMWF_ERA5_Reanalysis
2022-01-16,28.0,22.2,25.3,31.5,25.5,27.8,1.4,21.2,40.7,35,17.46,1012.4,ward_06_thiruvika_nagar,13.111,80.245,ECMWF_ERA5_Reanalysis
2022-01-17,27.7,22.7,25.1,29.1,25.6,27.3,3.2,18.9,37.8,40,15.26,1014.1,ward_06_thiruvika_nagar,13.111,80.245,ECMWF_ERA5_Reanalysis
2022-01-18,27.1,23.1,25.2,29.5,25.6,27.2,0.9,18.0,36.4,39,17.97,1013.3,ward_06_thiruvika_nagar,13.111,80.245,ECMWF_ERA5_Reanalysis
2022-01-19,28.4,20.9,24.5,31.1,23.9,26.8,0.0,13.8,29.5,38,20.5,1011.6,ward_06_thiruvika_nagar,13.111,80.245,ECMWF_ERA5_Reanalysis
2022-01-20,28.7,20.1,24.4,32.4,21.9,26.6,0.0,15.4,32.4,121,20.14,1009.8,ward_06_thiruvika_nagar,13.111,80.245,ECMWF_ERA5_Reanalysis
2022-01-21,28.9,20.5,24.7,32.9,22.8,27.5,0.0,18.6,37.8,174,21.05,1009.3,ward_06_thiruvika_nagar,13.111,80.245,ECMWF_ERA5_Reanalysis
2022-01-22,28.9,21.9,25.4,34.2,25.2,29.0,0.0,18.2,37.4,166,20.71,1007.7,ward_06_thiruvika_nagar,13.111,80.245,ECMWF_ERA5_Reanalysis
2022-01-23,30.6,24.0,26.4,34.3,28.4,30.0,0.5,22.2,42.8,170,19.4,1007.7,ward_06_thiruvika_nagar,13.111,80.245,ECMWF_ERA5_Reanalysis
2022-01-24,29.7,24.6,26.4,33.6,28.2,30.1,2.1,19.4,39.2,175,18.7,1007.5,ward_06_thiruvika_nagar,13.111,80.245,ECMWF_ERA5_Reanalysis
2022-01-25,28.7,22.5,25.7,33.0,26.7,29.5,1.2,17.6,36.0,160,18.93,1008.1,ward_06_thiruvika_nagar,13.111,80.245,ECMWF_ERA5_Reanalysis
2022-01-26,28.1,22.3,25.3,30.7,26.3,28.7,0.1,13.3,28.4,145,16.37,1009.1,ward_06_thiruvika_nagar,13.111,80.245,ECMWF_ERA5_Reanalysis
2022-01-27,28.0,23.5,25.5,31.3,26.6,28.3,0.8,17.3,33.8,48,18.08,1009.8,ward_06_thiruvika_nagar,13.111,80.245,ECMWF_ERA5_Reanalysis
2022-01-28,28.2,22.5,25.4,29.4,25.3,27.4,0.8,22.0,43.2,32,18.37,1011.2,ward_06_thiruvika_nagar,13.111,80.245,ECMWF_ERA5_Reanalysis
2022-01-29,27.6,24.7,25.8,28.1,26.2,27.3,0.5,23.5,44.6,38,10.65,1012.1,ward_06_thiruvika_nagar,13.111,80.245,ECMWF_ERA5_Reanalysis
2022-01-30,28.6,24.2,26.1,32.0,27.0,28.9,0.2,16.2,34.2,57,18.17,1011.1,ward_06_thiruvika_nagar,13.111,80.245,ECMWF_ERA5_Reanalysis
2022-01-31,28.9,21.8,25.4,33.1,25.7,28.8,0.0,15.9,32.4,82,19.02,1010.3,ward_06_thiruvika_nagar,13.111,80.245,ECMWF_ERA5_Reanalysis
2022-02-01,28.1,21.1,24.7,32.1,24.3,27.9,0.0,13.1,29.2,107,21.29,1009.7,ward_06_thiruvika_nagar,13.111,80.245,ECMWF_ERA5_Reanalysis
2022-02-02,27.9,19.5,23.9,31.4,21.8,26.7,0.0,13.0,30.2,136,21.76,1010.6,ward_06_thiruvika_nagar,13.111,80.245,ECMWF_ERA5_Reanalysis
2022-02-03,28.2,20.3,24.4,31.1,22.2,26.6,0.0,16.1,34.2,150,21.92,1010.0,ward_06_thiruvika_nagar,13.111,80.245,ECMWF_ERA5_Reanalysis
2022-02-04,30.5,22.0,25.9,35.5,25.3,29.1,0.0,17.3,36.0,154,21.63,1008.1,ward_06_thiruvika_nagar,13.111,80.245,ECMWF_ERA5_Reanalysis
2022-02-05,29.1,22.9,26.1,33.3,26.9,29.7,0.5,13.6,29.2,120,19.57,1009.2,ward_06_thiruvika_nagar,13.111,80.245,ECMWF_ERA5_Reanalysis
2022-02-06,28.4,24.2,26.1,31.9,27.1,28.9,0.9,16.2,34.2,93,20.08,1011.9,ward_06_thiruvika_nagar,13.111,80.245,ECMWF_ERA5_Reanalysis
2022-02-07,28.8,22.0,25.7,31.2,24.3,27.9,0.0,16.1,34.9,61,21.99,1012.4,ward_06_thiruvika_nagar,13.111,80.245,ECMWF_ERA5_Reanalysis
2022-02-08,28.5,21.4,25.3,31.5,24.6,27.7,0.0,15.5,33.8,69,22.74,1011.3,ward_06_thiruvika_nagar,13.111,80.245,ECMWF_ERA5_Reanalysis
2022-02-09,28.6,23.5,25.7,31.5,25.4,27.8,0.0,17.7,37.1,74,22.42,1011.3,ward_06_thiruvika_nagar,13.111,80.245,ECMWF_ERA5_Reanalysis
2022-02-10,29.5,22.7,25.8,31.9,25.0,27.8,0.0,19.1,40.3,38,22.13,1010.7,ward_06_thiruvika_nagar,13.111,80.245,ECMWF_ERA5_Reanalysis
2022-02-11,29.5,22.9,26.0,31.4,26.0,28.3,0.0,21.9,43.9,38,20.2,1010.5,ward_06_thiruvika_nagar,13.111,80.245,ECMWF_ERA5_Reanalysis
2022-02-12,29.2,23.0,26.2,31.6,26.5,28.8,0.0,19.5,41.0,52,22.35,1010.2,ward_06_thiruvika_nagar,13.111,80.245,ECMWF_ERA5_Reanalysis
2022-02-13,29.2,23.4,26.1,32.1,27.0,28.6,0.1,16.6,36.0,64,21.33,1009.3,ward_06_thiruvika_nagar,13.111,80.245,ECMWF_ERA5_Reanalysis
2022-02-14,28.1,23.2,25.7,30.2,26.4,27.8,2.0,20.3,40.3,67,20.24,1009.4,ward_06_thiruvika_nagar,13.111,80.245,ECMWF_ERA5_Reanalysis
2022-02-15,28.7,22.8,25.8,31.2,25.4,27.7,0.0,15.5,34.6,67,22.69,1009.5,ward_06_thiruvika_nagar,13.111,80.245,ECMWF_ERA5_Reanalysis
2022-02-16,28.7,21.3,25.2,31.5,24.1,27.8,0.0,16.0,34.9,58,23.04,1007.6,ward_06_thiruvika_nagar,13.111,80.245,ECMWF_ERA5_Reanalysis
2022-02-17,28.9,21.7,25.6,32.2,24.9,28.1,0.1,14.6,32.4,57,22.3,1006.7,ward_06_thiruvika_nagar,13.111,80.245,ECMWF_ERA5_Reanalysis
2022-02-18,29.5,24.4,26.6,32.4,26.3,28.8,0.0,17.8,38.2,69,22.85,1008.3,ward_06_thiruvika_nagar,13.111,80.245,ECMWF_ERA5_Reanalysis
2022-02-19,29.3,22.7,26.2,32.7,26.0,29.1,0.0,17.3,37.1,60,22.99,1010.4,ward_06_thiruvika_nagar,13.111,80.245,ECMWF_ERA5_Reanalysis
2022-02-20,29.7,21.6,25.7,33.8,24.9,29.0,0.0,16.1,34.9,128,23.35,1009.2,ward_06_thiruvika_nagar,13.111,80.245,ECMWF_ERA5_Reanalysis
2022-02-21,31.6,22.0,26.4,36.1,25.1,29.9,0.0,22.6,44.6,169,23.06,1007.7,ward_06_thiruvika_nagar,13.111,80.245,ECMWF_ERA5_Reanalysis
2022-02-22,30.2,23.1,26.7,35.4,27.6,31.2,0.0,13.6,32.0,124,22.77,1010.0,ward_06_thiruvika_nagar,13.111,80.245,ECMWF_ERA5_Reanalysis
2022-02-23,30.0,24.9,27.0,33.9,28.4,30.2,0.0,16.5,36.0,88,23.85,1012.7,ward_06_thiruvika_nagar,13.111,80.245,ECMWF_ERA5_Reanalysis
2022-02-24,29.9,23.0,26.2,33.2,26.4,29.1,0.1,14.8,33.5,73,23.94,1013.7,ward_06_thiruvika_nagar,13.111,80.245,ECMWF_ERA5_Reanalysis
2022-02-25,29.5,21.3,25.5,32.6,23.5,27.9,0.0,16.0,35.3,72,23.86,1012.8,ward_06_thiruvika_nagar,13.111,80.245,ECMWF_ERA5_Reanalysis
2022-02-26,30.0,22.1,26.2,33.4,24.6,28.9,0.1,19.0,37.1,76,21.56,1012.7,ward_06_thiruvika_nagar,13.111,80.245,ECMWF_ERA5_Reanalysis
2022-02-27,29.9,23.3,26.6,33.5,26.9,29.5,0.0,15.8,34.9,58,23.26,1012.7,ward_06_thiruvika_nagar,13.111,80.245,ECMWF_ERA5_Reanalysis
2022-02-28,30.3,22.5,26.4,34.4,25.8,29.8,0.0,16.5,36.4,57,23.61,1011.9,ward_06_thiruvika_nagar,13.111,80.245,ECMWF_ERA5_Reanalysis
2022-03-01,32.3,22.2,26.4,33.8,25.8,29.3,0.0,15.9,33.8,45,24.73,1011.9,ward_06_thiruvika_nagar,13.111,80.245,ECMWF_ERA5_Reanalysis
2022-03-02,30.7,20.3,25.9,33.6,22.9,28.8,0.0,16.8,35.6,40,24.26,1011.2,ward_06_thiruvika_nagar,13.111,80.245,ECMWF_ERA5_Reanalysis
2022-03-03,30.4,22.3,26.5,33.2,26.1,29.4,0.1,21.5,44.3,29,20.66,1010.7,ward_06_thiruvika_nagar,13.111,80.245,ECMWF_ERA5_Reanalysis
2022-03-04,30.5,24.1,27.1,31.9,27.3,28.8,0.3,29.4,55.8,27,20.32,1010.1,ward_06_thiruvika_nagar,13.111,80.245,ECMWF_ERA5_Reanalysis
2022-03-05,30.8,24.9,27.7,32.2,26.6,28.8,0.0,26.0,51.5,29,23.37,1009.4,ward_06_thiruvika_nagar,13.111,80.245,ECMWF_ERA5_Reanalysis
2022-03-06,28.9,25.3,26.9,30.6,25.1,27.5,0.2,27.1,52.9,52,21.3,1009.6,ward_06_thiruvika_nagar,13.111,80.245,ECMWF_ERA5_Reanalysis
2022-03-07,30.1,25.2,27.6,33.6,25.8,30.0,0.0,21.1,42.5,72,22.19,1009.9,ward_06_thiruvika_nagar,13.111,80.245,ECMWF_ERA5_Reanalysis
2022-03-08,30.9,22.2,26.4,34.9,26.1,30.2,0.0,15.2,34.2,75,24.57,1009.8,ward_06_thiruvika_nagar,13.111,80.245,ECMWF_ERA5_Reanalysis
2022-03-09,31.2,21.7,26.4,34.2,25.4,30.0,0.0,14.8,33.8,81,24.53,1009.2,ward_06_thiruvika_nagar,13.111,80.245,ECMWF_ERA5_Reanalysis
2022-03-10,30.7,21.9,26.0,34.8,26.4,30.1,0.0,13.4,30.6,61,24.38,1009.0,ward_06_thiruvika_nagar,13.111,80.245,ECMWF_ERA5_Reanalysis
2022-03-11,30.6,22.0,26.0,35.1,26.1,29.9,0.0,15.5,34.2,57,24.8,1008.6,ward_06_thiruvika_nagar,13.111,80.245,ECMWF_ERA5_Reanalysis
2022-03-12,31.5,22.3,26.2,35.1,26.5,30.0,0.0,15.0,33.1,47,24.41,1008.1,ward_06_thiruvika_nagar,13.111,80.245,ECMWF_ERA5_Reanalysis
2022-03-13,31.9,21.9,26.7,35.0,26.2,30.4,0.0,15.9,35.6,60,24.45,1008.4,ward_06_thiruvika_nagar,13.111,80.245,ECMWF_ERA5_Reanalysis
2022-03-14,32.6,22.2,26.9,35.3,26.6,30.8,0.0,15.5,35.3,71,24.7,1008.5,ward_06_thiruvika_nagar,13.111,80.245,ECMWF_ERA5_Reanalysis
2022-03-15,32.9,22.7,27.0,36.1,27.1,30.6,0.0,17.1,37.8,110,24.49,1007.2,ward_06_thiruvika_nagar,13.111,80.245,ECMWF_ERA5_Reanalysis
2022-03-16,32.6,22.8,27.0,37.0,26.5,30.8,0.0,18.1,38.5,174,25.07,1005.8,ward_06_thiruvika_nagar,13.111,80.245,ECMWF_ERA5_Reanalysis
2022-03-17,32.6,22.7,27.3,37.4,26.6,31.1,0.0,19.6,41.0,165,25.37,1005.2,ward_06_thiruvika_nagar,13.111,80.245,ECMWF_ERA5_Reanalysis
2022-03-18,32.2,23.7,27.6,37.1,28.0,31.7,0.0,23.3,47.2,163,25.32,1005.1,ward_06_thiruvika_nagar,13.111,80.245,ECMWF_ERA5_Reanalysis
2022-03-19,33.0,25.5,28.3,38.1,29.8,32.5,0.0,21.1,44.3,150,23.34,1005.0,ward_06_thiruvika_nagar,13.111,80.245,ECMWF_ERA5_Reanalysis
2022-03-20,33.7,26.1,28.7,40.1,31.1,34.1,4.8,15.2,37.8,165,21.65,1004.5,ward_06_thiruvika_nagar,13.111,80.245,ECMWF_ERA5_Reanalysis
2022-03-21,33.3,26.3,29.4,40.5,32.1,35.3,0.0,17.1,37.4,154,22.27,1004.5,ward_06_thiruvika_nagar,13.111,80.245,ECMWF_ERA5_Reanalysis
2022-03-22,33.2,27.2,29.6,40.2,33.6,35.6,0.0,14.7,34.9,125,22.55,1005.1,ward_06_thiruvika_nagar,13.111,80.245,ECMWF_ERA5_Reanalysis
2022-03-23,32.6,27.0,29.2,37.6,33.2,34.6,0.2,22.1,45.4,158,22.95,1005.3,ward_06_thiruvika_nagar,13.111,80.245,ECMWF_ERA5_Reanalysis
2022-03-24,32.0,26.5,28.8,37.0,31.9,33.5,0.8,23.2,47.5,162,22.46,1006.0,ward_06_thiruvika_nagar,13.111,80.245,ECMWF_ERA5_Reanalysis
2022-03-25,31.7,26.2,28.7,36.4,31.6,33.1,0.5,21.1,43.9,163,23.77,1007.2,ward_06_thiruvika_nagar,13.111,80.245,ECMWF_ERA5_Reanalysis
2022-03-26,32.0,26.2,28.8,37.4,31.5,33.3,0.6,21.8,43.2,169,22.35,1008.9,ward_06_thiruvika_nagar,13.111,80.245,ECMWF_ERA5_Reanalysis
2022-03-27,32.4,26.1,28.9,37.0,31.3,33.3,0.1,25.3,49.7,172,24.43,1009.0,ward_06_thiruvika_nagar,13.111,80.245,ECMWF_ERA5_Reanalysis
2022-03-28,33.3,25.9,29.0,38.2,31.3,33.4,0.0,26.9,52.9,173,24.63,1008.3,ward_06_thiruvika_nagar,13.111,80.245,ECMWF_ERA5_Reanalysis
2022-03-29,33.9,26.4,29.2,38.4,31.0,33.4,0.0,28.0,55.4,176,24.9,1006.9,ward_06_thiruvika_nagar,13.111,80.245,ECMWF_ERA5_Reanalysis
2022-03-30,34.2,27.1,29.6,39.7,32.0,34.2,0.1,26.9,53.3,178,24.8,1006.4,ward_06_thiruvika_nagar,13.111,80.245,ECMWF_ERA5_Reanalysis
2022-03-31,34.3,26.8,29.7,39.3,30.9,33.6,0.0,26.0,51.1,173,25.23,1006.6,ward_06_thiruvika_nagar,13.111,80.245,ECMWF_ERA5_Reanalysis
2022-04-01,32.3,26.8,29.1,37.3,32.2,33.5,0.7,27.3,53.6,171,24.16,1007.4,ward_06_thiruvika_nagar,13.111,80.245,ECMWF_ERA5_Reanalysis
2022-04-02,32.6,26.7,28.9,37.5,31.4,33.1,0.6,25.3,50.0,166,25.02,1008.5,ward_06_thiruvika_nagar,13.111,80.245,ECMWF_ERA5_Reanalysis
2022-04-03,32.3,25.7,28.7,37.3,31.2,33.3,0.0,22.3,45.7,161,25.45,1008.1,ward_06_thiruvika_nagar,13.111,80.245,ECMWF_ERA5_Reanalysis
2022-04-04,31.8,26.4,28.8,37.4,31.5,33.4,0.1,19.5,40.7,153,25.33,1009.0,ward_06_thiruvika_nagar,13.111,80.245,ECMWF_ERA5_Reanalysis
2022-04-05,31.9,25.7,28.6,37.2,31.4,33.4,0.2,20.2,41.8,148,25.55,1010.6,ward_06_thiruvika_nagar,13.111,80.245,ECMWF_ERA5_Reanalysis
2022-04-06,31.9,25.4,28.5,37.7,30.9,33.5,0.0,19.1,40.7,145,25.16,1010.4,ward_06_thiruvika_nagar,13.111,80.245,ECMWF_ERA5_Reanalysis
2022-04-07,32.3,25.8,28.8,38.1,31.7,33.9,0.0,19.5,41.4,134,25.2,1009.2,ward_06_thiruvika_nagar,13.111,80.245,ECMWF_ERA5_Reanalysis
2022-04-08,32.1,26.5,29.2,37.7,32.4,34.1,0.1,15.6,35.3,125,24.13,1008.4,ward_06_thiruvika_nagar,13.111,80.245,ECMWF_ERA5_Reanalysis
2022-04-09,31.4,26.4,28.8,37.0,31.4,33.8,0.5,17.0,35.3,120,21.96,1007.4,ward_06_thiruvika_nagar,13.111,80.245,ECMWF_ERA5_Reanalysis
2022-04-10,31.9,25.7,28.9,37.2,31.7,34.0,0.5,16.3,37.1,95,23.38,1006.7,ward_06_thiruvika_nagar,13.111,80.245,ECMWF_ERA5_Reanalysis
2022-04-11,30.6,26.8,28.8,35.6,32.4,33.8,1.2,15.5,34.9,99,19.88,1006.1,ward_06_thiruvika_nagar,13.111,80.245,ECMWF_ERA5_Reanalysis
2022-04-12,31.6,26.5,28.9,37.4,32.4,34.2,0.8,18.0,38.5,111,23.04,1005.4,ward_06_thiruvika_nagar,13.111,80.245,ECMWF_ERA5_Reanalysis
2022-04-13,31.4,26.4,28.6,37.1,31.7,33.8,1.1,18.6,36.4,147,20.29,1005.1,ward_06_thiruvika_nagar,13.111,80.245,ECMWF_ERA5_Reanalysis
2022-04-14,33.1,26.5,29.4,38.5,31.9,34.1,1.2,23.5,47.5,172,23.55,1005.3,ward_06_thiruvika_nagar,13.111,80.245,ECMWF_ERA5_Reanalysis
2022-04-15,33.6,27.2,30.1,39.4,31.4,34.5,0.0,24.5,48.2,172,22.65,1004.5,ward_06_thiruvika_nagar,13.111,80.245,ECMWF_ERA5_Reanalysis
2022-04-16,35.0,27.8,30.5,40.2,32.4,35.4,0.0,25.8,51.5,171,24.59,1003.3,ward_06_thiruvika_nagar,13.111,80.245,ECMWF_ERA5_Reanalysis
2022-04-17,33.3,28.0,30.3,39.4,33.8,35.6,0.5,19.6,40.0,164,23.26,1004.3,ward_06_thiruvika_nagar,13.111,80.245,ECMWF_ERA5_Reanalysis
2022-04-18,32.8,26.9,29.7,39.3,33.6,35.3,0.2,17.2,36.0,148,22.64,1006.2,ward_06_thiruvika_nagar,13.111,80.245,ECMWF_ERA5_Reanalysis
2022-04-19,33.6,27.3,30.1,39.5,33.5,35.6,0.0,20.9,43.9,158,24.87,1007.4,ward_06_thiruvika_nagar,13.111,80.245,ECMWF_ERA5_Reanalysis
2022-04-20,33.0,27.1,29.8,39.1,33.3,35.0,0.1,23.2,47.2,160,25.25,1006.1,ward_06_thiruvika_nagar,13.111,80.245,ECMWF_ERA5_Reanalysis
2022-04-21,32.8,27.6,29.8,37.6,32.1,34.1,0.1,22.4,46.4,158,25.27,1005.9,ward_06_thiruvika_nagar,13.111,80.245,ECMWF_ERA5_Reanalysis
2022-04-22,33.1,26.9,29.8,37.5,31.8,34.1,0.0,18.6,40.3,147,25.64,1007.1,ward_06_thiruvika_nagar,13.111,80.245,ECMWF_ERA5_Reanalysis
2022-04-23,33.4,26.7,29.9,38.5,32.2,34.6,0.0,22.8,46.4,155,25.29,1007.4,ward_06_thiruvika_nagar,13.111,80.245,ECMWF_ERA5_Reanalysis
2022-04-24,33.5,26.8,29.9,39.5,33.1,35.4,0.0,19.6,40.3,150,25.11,1006.0,ward_06_thiruvika_nagar,13.111,80.245,ECMWF_ERA5_Reanalysis
2022-04-25,34.4,26.3,29.9,39.4,31.3,34.3,0.0,26.1,52.2,173,24.86,1005.3,ward_06_thiruvika_nagar,13.111,80.245,ECMWF_ERA5_Reanalysis
2022-04-26,34.0,26.5,29.9,39.3,32.1,34.6,0.0,26.1,51.8,168,25.47,1005.7,ward_06_thiruvika_nagar,13.111,80.245,ECMWF_ERA5_Reanalysis
2022-04-27,33.7,26.6,29.8,39.5,32.6,34.6,0.0,23.9,49.0,165,25.42,1005.4,ward_06_thiruvika_nagar,13.111,80.245,ECMWF_ERA5_Reanalysis
2022-04-28,34.1,27.0,29.9,39.5,32.0,34.6,0.0,27.4,54.0,173,25.27,1006.1,ward_06_thiruvika_nagar,13.111,80.245,ECMWF_ERA5_Reanalysis
2022-04-29,34.0,27.4,30.2,40.0,32.5,35.4,0.0,24.0,48.2,170,25.77,1005.7,ward_06_thiruvika_nagar,13.111,80.245,ECMWF_ERA5_Reanalysis
2022-04-30,34.9,27.3,30.5,41.1,32.1,35.7,0.0,22.6,45.4,170,25.57,1003.9,ward_06_thiruvika_nagar,13.111,80.245,ECMWF_ERA5_Reanalysis
2022-05-01,35.2,28.0,30.7,40.8,33.8,36.0,0.0,24.3,48.2,167,25.11,1002.6,ward_06_thiruvika_nagar,13.111,80.245,ECMWF_ERA5_Reanalysis
2022-05-02,34.5,28.3,30.8,41.6,34.2,36.8,0.0,20.5,42.8,156,25.58,1002.8,ward_06_thiruvika_nagar,13.111,80.245,ECMWF_ERA5_Reanalysis
2022-05-03,34.3,28.6,30.8,40.5,34.7,36.3,0.0,23.7,47.9,161,24.52,1004.0,ward_06_thiruvika_nagar,13.111,80.245,ECMWF_ERA5_Reanalysis
2022-05-04,33.4,27.9,30.4,39.1,34.1,36.1,0.1,21.5,45.0,160,24.41,1005.3,ward_06_thiruvika_nagar,13.111,80.245,ECMWF_ERA5_Reanalysis
2022-05-05,33.4,27.3,30.1,39.9,34.1,36.0,0.2,18.6,40.0,155,23.57,1004.8,ward_06_thiruvika_nagar,13.111,80.245,ECMWF_ERA5_Reanalysis
2022-05-06,34.9,27.9,30.8,40.7,34.3,36.6,0.0,23.2,47.2,159,24.19,1004.0,ward_06_thiruvika_nagar,13.111,80.245,ECMWF_ERA5_Reanalysis
2022-05-07,34.7,27.3,30.5,41.6,33.8,36.8,0.0,16.5,38.5,143,23.8,1003.2,ward_06_thiruvika_nagar,13.111,80.245,ECMWF_ERA5_Reanalysis
2022-05-08,35.1,27.8,30.6,42.1,34.6,37.2,0.0,13.7,35.6,120,20.35,1001.4,ward_06_thiruvika_nagar,13.111,80.245,ECMWF_ERA5_Reanalysis
2022-05-09,35.8,27.9,30.8,38.6,34.1,36.1,0.3,14.7,29.9,251,10.03,999.0,ward_06_thiruvika_nagar,13.111,80.245,ECMWF_ERA5_Reanalysis
2022-05-10,30.9,26.4,28.2,33.5,28.8,31.8,22.3,31.4,59.4,250,3.26,997.8,ward_06_thiruvika_nagar,13.111,80.245,ECMWF_ERA5_Reanalysis
2022-05-11,34.1,25.4,30.3,34.7,26.7,31.9,4.0,25.5,49.7,249,7.12,999.0,ward_06_thiruvika_nagar,13.111,80.245,ECMWF_ERA5_Reanalysis
2022-05-12,32.2,25.0,28.2,33.6,27.3,30.4,13.8,21.3,45.0,239,11.89,1001.4,ward_06_thiruvika_nagar,13.111,80.245,ECMWF_ERA5_Reanalysis
2022-05-13,33.6,24.9,28.7,39.0,28.3,32.9,6.5,18.4,34.9,211,19.43,1001.3,ward_06_thiruvika_nagar,13.111,80.245,ECMWF_ERA5_Reanalysis
2022-05-14,34.6,26.0,29.1,42.8,30.2,34.0,16.8,19.4,37.1,201,20.62,1001.8,ward_06_thiruvika_nagar,13.111,80.245,ECMWF_ERA5_Reanalysis
2022-05-15,34.0,25.7,28.9,41.3,30.2,34.5,16.3,17.7,38.2,195,22.68,1002.7,ward_06_thiruvika_nagar,13.111,80.245,ECMWF_ERA5_Reanalysis
2022-05-16,32.9,26.3,28.8,40.5,31.9,34.6,0.3,16.6,35.3,198,20.51,1002.4,ward_06_thiruvika_nagar,13.111,80.245,ECMWF_ERA5_Reanalysis
2022-05-17,32.1,26.3,28.9,38.4,31.2,34.2,4.6,19.7,40.0,174,22.27,1001.7,ward_06_thiruvika_nagar,13.111,80.245,ECMWF_ERA5_Reanalysis
2022-05-18,32.3,26.2,29.1,37.8,31.6,34.1,2.3,23.3,47.9,181,22.9,1002.0,ward_06_thiruvika_nagar,13.111,80.245,ECMWF_ERA5_Reanalysis
2022-05-19,33.9,27.4,30.0,37.0,31.5,33.8,0.9,22.7,44.3,196,23.62,1002.8,ward_06_thiruvika_nagar,13.111,80.245,ECMWF_ERA5_Reanalysis
2022-05-20,34.7,26.2,29.9,38.4,28.4,33.6,7.3,16.8,39.6,217,23.62,1003.8,ward_06_thiruvika_nagar,13.111,80.245,ECMWF_ERA5_Reanalysis
2022-05-21,35.9,27.2,31.0,37.5,29.6,33.2,0.6,24.3,50.0,259,23.63,1002.7,ward_06_thiruvika_nagar,13.111,80.245,ECMWF_ERA5_Reanalysis
2022-05-22,37.5,28.2,31.9,40.9,29.6,34.2,0.0,21.0,40.7,248,22.1,1000.7,ward_06_thiruvika_nagar,13.111,80.245,ECMWF_ERA5_Reanalysis
2022-05-23,36.5,28.3,31.0,42.9,30.5,35.0,0.0,19.4,38.9,209,24.54,1000.6,ward_06_thiruvika_nagar,13.111,80.245,ECMWF_ERA5_Reanalysis
2022-05-24,36.3,27.8,30.9,42.4,32.0,36.0,0.3,19.1,37.8,183,23.61,1003.0,ward_06_thiruvika_nagar,13.111,80.245,ECMWF_ERA5_Reanalysis
2022-05-25,35.8,27.8,30.8,42.3,31.3,36.5,0.0,17.7,32.4,185,23.38,1004.8,ward_06_thiruvika_nagar,13.111,80.245,ECMWF_ERA5_Reanalysis
2022-05-26,35.7,28.0,31.1,40.1,31.7,35.5,4.6,17.6,34.9,210,21.41,1004.8,ward_06_thiruvika_nagar,13.111,80.245,ECMWF_ERA5_Reanalysis
2022-05-27,37.0,27.0,30.7,41.9,29.8,34.7,0.4,19.5,41.8,201,22.83,1004.0,ward_06_thiruvika_nagar,13.111,80.245,ECMWF_ERA5_Reanalysis
2022-05-28,37.3,28.0,31.7,41.8,30.9,35.2,0.0,20.7,37.1,205,22.15,1002.8,ward_06_thiruvika_nagar,13.111,80.245,ECMWF_ERA5_Reanalysis
2022-05-29,37.6,28.5,31.8,42.2,31.6,35.6,0.1,19.6,37.1,203,23.66,1002.8,ward_06_thiruvika_nagar,13.111,80.245,ECMWF_ERA5_Reanalysis
2022-05-30,36.7,28.0,31.4,42.2,30.9,35.6,0.1,18.8,40.0,189,23.56,1002.2,ward_06_thiruvika_nagar,13.111,80.245,ECMWF_ERA5_Reanalysis
2022-05-31,36.4,28.3,31.4,42.6,30.9,35.2,0.0,18.9,41.0,207,23.28,1001.4,ward_06_thiruvika_nagar,13.111,80.245,ECMWF_ERA5_Reanalysis
2022-06-01,37.3,28.0,31.4,42.8,30.4,35.3,0.0,18.7,39.6,209,23.99,1001.3,ward_06_thiruvika_nagar,13.111,80.245,ECMWF_ERA5_Reanalysis
2022-06-02,37.7,28.2,31.9,43.2,30.8,35.8,0.1,17.4,33.8,206,22.99,1001.3,ward_06_thiruvika_nagar,13.111,80.245,ECMWF_ERA5_Reanalysis
2022-06-03,36.9,28.7,31.3,43.5,31.6,35.5,0.0,19.3,42.5,187,24.71,1001.0,ward_06_thiruvika_nagar,13.111,80.245,ECMWF_ERA5_Reanalysis
2022-06-04,35.6,28.8,31.3,41.7,31.4,35.7,0.0,19.9,41.4,185,24.54,1001.3,ward_06_thiruvika_nagar,13.111,80.245,ECMWF_ERA5_Reanalysis
2022-06-05,36.4,28.6,31.3,42.8,31.7,35.6,0.0,24.8,49.7,186,24.24,1001.2,ward_06_thiruvika_nagar,13.111,80.245,ECMWF_ERA5_Reanalysis
2022-06-06,35.3,24.8,29.7,41.0,28.5,34.0,2.3,17.1,34.6,209,21.99,1002.6,ward_06_thiruvika_nagar,13.111,80.245,ECMWF_ERA5_Reanalysis
2022-06-07,36.4,26.4,30.8,41.4,30.2,34.7,0.1,17.2,35.6,215,23.0,1002.5,ward_06_thiruvika_nagar,13.111,80.245,ECMWF_ERA5_Reanalysis
2022-06-08,37.5,28.5,31.7,42.4,31.3,35.4,0.5,18.0,36.0,226,24.39,1001.8,ward_06_thiruvika_nagar,13.111,80.245,ECMWF_ERA5_Reanalysis
2022-06-09,35.4,28.5,30.9,41.4,30.7,34.9,0.0,20.7,42.8,197,24.0,1001.8,ward_06_thiruvika_nagar,13.111,80.245,ECMWF_ERA5_Reanalysis
2022-06-10,36.7,28.4,31.4,42.4,31.9,35.5,0.0,23.0,42.8,194,24.12,1002.6,ward_06_thiruvika_nagar,13.111,80.245,ECMWF_ERA5_Reanalysis
2022-06-11,36.7,28.7,31.3,41.2,32.5,35.3,0.0,24.1,46.8,196,23.18,1003.5,ward_06_thiruvika_nagar,13.111,80.245,ECMWF_ERA5_Reanalysis
2022-06-12,35.2,28.8,30.9,40.5,31.8,34.9,0.0,22.1,44.6,181,24.4,1003.7,ward_06_thiruvika_nagar,13.111,80.245,ECMWF_ERA5_Reanalysis
2022-06-13,34.8,27.4,30.4,39.8,31.1,34.5,0.0,16.6,37.1,178,23.7,1004.5,ward_06_thiruvika_nagar,13.111,80.245,ECMWF_ERA5_Reanalysis
2022-06-14,35.7,26.4,30.5,41.4,29.0,35.3,5.2,26.3,46.1,183,22.56,1003.9,ward_06_thiruvika_nagar,13.111,80.245,ECMWF_ERA5_Reanalysis
2022-06-15,32.7,25.8,28.9,39.3,29.9,34.0,5.6,20.0,34.2,151,23.04,1003.9,ward_06_thiruvika_nagar,13.111,80.245,ECMWF_ERA5_Reanalysis
2022-06-16,32.5,25.4,28.6,39.6,29.5,34.1,4.5,23.2,39.2,170,23.97,1004.1,ward_06_thiruvika_nagar,13.111,80.245,ECMWF_ERA5_Reanalysis
2022-06-17,30.8,24.9,28.1,37.5,29.1,32.8,0.5,19.8,42.1,176,23.25,1004.1,ward_06_thiruvika_nagar,13.111,80.245,ECMWF_ERA5_Reanalysis
2022-06-18,31.2,26.4,28.6,37.3,31.3,33.3,5.3,20.6,41.4,180,22.62,1004.4,ward_06_thiruvika_nagar,13.111,80.245,ECMWF_ERA5_Reanalysis
2022-06-19,32.8,25.8,28.9,39.8,31.0,34.0,7.4,19.0,37.8,185,22.58,1004.4,ward_06_thiruvika_nagar,13.111,80.245,ECMWF_ERA5_Reanalysis
2022-06-20,33.2,25.6,28.9,39.9,30.7,34.4,0.9,18.1,37.8,200,23.23,1003.1,ward_06_thiruvika_nagar,13.111,80.245,ECMWF_ERA5_Reanalysis
2022-06-21,33.2,26.1,28.9,38.8,30.8,33.8,5.6,14.4,30.2,225,20.17,1002.0,ward_06_thiruvika_nagar,13.111,80.245,ECMWF_ERA5_Reanalysis
2022-06-22,33.1,26.4,29.2,38.7,31.7,34.3,1.1,18.6,34.6,205,19.97,1003.2,ward_06_thiruvika_nagar,13.111,80.245,ECMWF_ERA5_Reanalysis
2022-06-23,32.5,26.4,29.1,39.3,31.2,34.2,3.5,16.0,35.6,184,19.22,1004.4,ward_06_thiruvika_nagar,13.111,80.245,ECMWF_ERA5_Reanalysis
2022-06-24,33.5,27.7,29.9,38.9,31.7,34.9,1.6,25.5,40.7,207,21.77,1003.2,ward_06_thiruvika_nagar,13.111,80.245,ECMWF_ERA5_Reanalysis
2022-06-25,34.6,26.2,29.9,38.5,29.9,33.5,0.3,19.6,54.7,245,20.78,1001.0,ward_06_thiruvika_nagar,13.111,80.245,ECMWF_ERA5_Reanalysis
2022-06-26,35.0,27.5,30.3,39.9,30.1,34.0,0.6,18.6,39.2,221,21.79,1001.8,ward_06_thiruvika_nagar,13.111,80.245,ECMWF_ERA5_Reanalysis
2022-06-27,33.5,28.0,29.8,38.4,30.5,33.7,0.2,16.7,32.4,218,16.67,1003.5,ward_06_thiruvika_nagar,13.111,80.245,ECMWF_ERA5_Reanalysis
2022-06-28,33.2,26.9,29.4,38.6,32.0,34.5,0.4,12.8,30.2,165,20.82,1003.6,ward_06_thiruvika_nagar,13.111,80.245,ECMWF_ERA5_Reanalysis
2022-06-29,34.8,27.2,29.7,42.0,31.6,34.6,3.0,16.1,34.2,204,23.11,1001.9,ward_06_thiruvika_nagar,13.111,80.245,ECMWF_ERA5_Reanalysis
2022-06-30,35.1,27.2,30.2,41.4,31.5,35.2,0.3,16.4,33.1,234,23.17,1001.1,ward_06_thiruvika_nagar,13.111,80.245,ECMWF_ERA5_Reanalysis
2022-07-01,35.1,26.3,29.9,40.9,30.8,34.2,5.3,18.4,36.0,265,22.75,1001.3,ward_06_thiruvika_nagar,13.111,80.245,ECMWF_ERA5_Reanalysis
2022-07-02,34.9,26.3,30.0,39.6,30.5,34.4,1.1,16.8,39.6,241,22.46,1000.4,ward_06_thiruvika_nagar,13.111,80.245,ECMWF_ERA5_Reanalysis
2022-07-03,34.4,25.2,29.6,39.7,28.6,34.1,16.1,20.3,37.8,227,21.57,1000.8,ward_06_thiruvika_nagar,13.111,80.245,ECMWF_ERA5_Reanalysis
2022-07-04,34.3,27.0,30.3,37.1,30.2,33.1,6.7,21.5,46.4,268,19.44,1001.0,ward_06_thiruvika_nagar,13.111,80.245,ECMWF_ERA5_Reanalysis
2022-07-05,32.2,26.4,28.9,34.4,29.9,32.0,5.2,22.5,43.2,243,12.52,1000.9,ward_06_thiruvika_nagar,13.111,80.245,ECMWF_ERA5_Reanalysis
2022-07-06,30.8,25.7,27.6,34.3,29.1,31.6,5.1,16.1,37.1,233,10.88,1002.6,ward_06_thiruvika_nagar,13.111,80.245,ECMWF_ERA5_Reanalysis
2022-07-07,33.0,25.3,28.5,37.3,29.8,32.3,5.5,17.8,41.8,242,19.06,1004.2,ward_06_thiruvika_nagar,13.111,80.245,ECMWF_ERA5_Reanalysis
2022-07-08,33.1,26.7,28.9,35.1,29.3,32.2,0.1,18.2,39.2,272,14.18,1003.0,ward_06_thiruvika_nagar,13.111,80.245,ECMWF_ERA5_Reanalysis
2022-07-09,30.9,25.9,28.1,33.4,28.7,30.8,2.7,22.3,42.1,240,10.63,1001.3,ward_06_thiruvika_nagar,13.111,80.245,ECMWF_ERA5_Reanalysis
2022-07-10,34.9,25.7,29.0,37.3,28.2,31.8,1.2,24.5,49.3,244,19.25,1001.5,ward_06_thiruvika_nagar,13.111,80.245,ECMWF_ERA5_Reanalysis
2022-07-11,33.0,27.2,29.4,34.9,29.1,31.3,0.6,28.5,53.3,245,14.6,1003.2,ward_06_thiruvika_nagar,13.111,80.245,ECMWF_ERA5_Reanalysis
2022-07-12,35.1,26.7,30.3,36.7,28.2,32.2,0.5,24.6,49.0,251,19.35,1002.6,ward_06_thiruvika_nagar,13.111,80.245,ECMWF_ERA5_Reanalysis
2022-07-13,35.7,28.0,30.9,36.9,28.6,32.0,0.8,32.3,61.2,251,19.63,1000.5,ward_06_thiruvika_nagar,13.111,80.245,ECMWF_ERA5_Reanalysis
2022-07-14,35.9,27.9,31.3,37.3,28.2,31.9,0.0,30.4,59.4,250,19.62,999.4,ward_06_thiruvika_nagar,13.111,80.245,ECMWF_ERA5_Reanalysis
2022-07-15,36.6,27.6,31.2,38.5,28.6,33.0,0.3,25.0,48.2,239,20.03,1000.8,ward_06_thiruvika_nagar,13.111,80.245,ECMWF_ERA5_Reanalysis
2022-07-16,36.7,27.1,30.5,40.3,30.1,33.0,0.3,23.5,45.4,248,20.44,1002.3,ward_06_thiruvika_nagar,13.111,80.245,ECMWF_ERA5_Reanalysis
2022-07-17,34.3,26.3,29.1,37.9,29.5,32.7,2.2,20.0,40.0,218,13.53,1002.8,ward_06_thiruvika_nagar,13.111,80.245,ECMWF_ERA5_Reanalysis
2022-07-18,31.8,25.8,28.0,36.0,29.4,32.4,3.3,15.8,28.4,229,12.43,1003.9,ward_06_thiruvika_nagar,13.111,80.245,ECMWF_ERA5_Reanalysis
2022-07-19,33.4,26.2,29.0,40.9,30.0,34.1,0.1,14.6,29.5,191,22.59,1004.1,ward_06_thiruvika_nagar,13.111,80.245,ECMWF_ERA5_Reanalysis
2022-07-20,32.2,25.9,28.7,39.1,30.0,33.9,10.8,16.0,33.8,198,23.42,1004.3,ward_06_thiruvika_nagar,13.111,80.245,ECMWF_ERA5_Reanalysis
2022-07-21,32.6,24.7,28.7,41.1,29.1,34.4,19.8,20.0,32.0,205,23.71,1003.8,ward_06_thiruvika_nagar,13.111,80.245,ECMWF_ERA5_Reanalysis
2022-07-22,30.8,25.1,27.8,37.5,29.2,33.3,9.7,12.6,39.2,239,14.35,1004.3,ward_06_thiruvika_nagar,13.111,80.245,ECMWF_ERA5_Reanalysis
2022-07-23,32.2,24.8,27.7,39.8,28.8,33.0,5.5,15.8,36.7,224,21.36,1003.5,ward_06_thiruvika_nagar,13.111,80.245,ECMWF_ERA5_Reanalysis
2022-07-24,31.4,25.0,27.8,37.2,29.8,33.1,2.9,13.6,28.1,247,17.44,1003.9,ward_06_thiruvika_nagar,13.111,80.245,ECMWF_ERA5_Reanalysis
2022-07-25,32.4,25.6,28.5,38.5,30.5,33.9,1.7,11.5,28.1,229,21.46,1004.8,ward_06_thiruvika_nagar,13.111,80.245,ECMWF_ERA5_Reanalysis
2022-07-26,30.9,25.1,27.6,36.6,28.8,32.4,10.3,15.1,29.2,298,17.83,1005.7,ward_06_thiruvika_nagar,13.111,80.245,ECMWF_ERA5_Reanalysis
2022-07-27,30.2,25.2,27.6,36.6,30.7,33.0,1.6,13.3,29.9,76,23.5,1005.7,ward_06_thiruvika_nagar,13.111,80.245,ECMWF_ERA5_Reanalysis
2022-07-28,31.1,25.4,28.3,38.4,31.4,34.1,0.4,12.6,28.4,117,23.25,1006.1,ward_06_thiruvika_nagar,13.111,80.245,ECMWF_ERA5_Reanalysis
2022-07-29,29.6,24.9,27.9,35.5,29.2,33.5,2.1,15.0,30.6,157,21.75,1005.8,ward_06_thiruvika_nagar,13.111,80.245,ECMWF_ERA5_Reanalysis
2022-07-30,31.8,26.3,28.5,39.1,31.2,34.0,0.4,15.9,32.8,174,23.66,1004.5,ward_06_thiruvika_nagar,13.111,80.245,ECMWF_ERA5_Reanalysis
2022-07-31,31.2,25.6,28.7,38.4,30.7,34.2,1.5,14.3,29.2,173,24.08,1002.7,ward_06_thiruvika_nagar,13.111,80.245,ECMWF_ERA5_Reanalysis
2022-08-01,32.4,25.1,28.7,39.9,29.5,34.1,7.2,16.6,33.1,181,23.54,1002.0,ward_06_thiruvika_nagar,13.111,80.245,ECMWF_ERA5_Reanalysis
2022-08-02,31.9,25.1,28.2,37.2,29.9,33.4,19.0,15.4,31.0,13,17.31,1000.7,ward_06_thiruvika_nagar,13.111,80.245,ECMWF_ERA5_Reanalysis
2022-08-03,28.2,24.5,26.3,33.8,29.6,31.6,16.9,11.2,22.0,315,8.89,1001.0,ward_06_thiruvika_nagar,13.111,80.245,ECMWF_ERA5_Reanalysis
2022-08-04,30.4,24.4,26.6,38.0,28.4,31.8,21.2,15.5,33.5,218,13.15,1001.2,ward_06_thiruvika_nagar,13.111,80.245,ECMWF_ERA5_Reanalysis
2022-08-05,30.7,25.0,27.7,34.0,28.6,31.1,0.0,20.2,39.2,236,10.75,1001.6,ward_06_thiruvika_nagar,13.111,80.245,ECMWF_ERA5_Reanalysis
2022-08-06,29.8,26.5,27.9,34.4,28.2,30.8,2.8,20.2,36.0,232,11.6,1001.2,ward_06_thiruvika_nagar,13.111,80.245,ECMWF_ERA5_Reanalysis
2022-08-07,31.8,26.4,28.8,34.8,28.9,31.6,0.4,21.1,47.5,235,14.62,1000.0,ward_06_thiruvika_nagar,13.111,80.245,ECMWF_ERA5_Reanalysis
2022-08-08,33.1,27.1,29.6,35.2,29.1,31.9,0.0,24.5,46.4,238,15.07,999.6,ward_06_thiruvika_nagar,13.111,80.245,ECMWF_ERA5_Reanalysis
2022-08-09,34.5,27.2,30.2,35.4,28.9,32.1,0.0,27.5,55.1,236,21.54,999.9,ward_06_thiruvika_nagar,13.111,80.245,ECMWF_ERA5_Reanalysis
2022-08-10,34.2,26.7,30.0,35.7,27.9,31.9,0.2,25.8,54.0,235,23.39,1000.3,ward_06_thiruvika_nagar,13.111,80.245,ECMWF_ERA5_Reanalysis
2022-08-11,35.7,26.2,30.0,37.0,29.2,32.6,0.0,25.6,49.7,223,22.39,1001.9,ward_06_thiruvika_nagar,13.111,80.245,ECMWF_ERA5_Reanalysis
2022-08-12,35.4,27.6,30.7,38.3,29.7,33.6,0.1,19.3,39.6,246,21.01,1003.2,ward_06_thiruvika_nagar,13.111,80.245,ECMWF_ERA5_Reanalysis
2022-08-13,35.2,27.4,30.2,39.6,29.9,34.2,0.2,14.8,32.0,238,22.23,1003.2,ward_06_thiruvika_nagar,13.111,80.245,ECMWF_ERA5_Reanalysis
2022-08-14,33.9,27.1,29.4,38.7,29.8,33.0,0.0,15.3,32.0,262,17.67,1004.4,ward_06_thiruvika_nagar,13.111,80.245,ECMWF_ERA5_Reanalysis
2022-08-15,33.3,26.5,29.1,38.7,31.2,33.8,0.3,20.6,40.3,189,21.45,1005.4,ward_06_thiruvika_nagar,13.111,80.245,ECMWF_ERA5_Reanalysis
2022-08-16,32.2,27.0,29.1,37.8,32.3,34.2,5.7,18.1,39.6,180,23.09,1005.8,ward_06_thiruvika_nagar,13.111,80.245,ECMWF_ERA5_Reanalysis
2022-08-17,32.8,25.6,28.7,38.7,28.7,33.3,10.0,20.3,42.1,189,24.0,1005.7,ward_06_thiruvika_nagar,13.111,80.245,ECMWF_ERA5_Reanalysis
2022-08-18,33.7,26.7,29.5,40.2,30.3,34.5,1.6,23.1,41.0,184,22.12,1004.3,ward_06_thiruvika_nagar,13.111,80.245,ECMWF_ERA5_Reanalysis
2022-08-19,33.5,25.2,29.0,39.9,27.6,33.5,1.3,22.3,47.2,211,18.87,1004.0,ward_06_thiruvika_nagar,13.111,80.245,ECMWF_ERA5_Reanalysis
2022-08-20,34.7,27.5,30.0,40.3,30.6,34.3,0.0,17.1,35.6,211,21.86,1003.7,ward_06_thiruvika_nagar,13.111,80.245,ECMWF_ERA5_Reanalysis
2022-08-21,33.3,25.6,29.3,39.0,28.9,33.9,1.1,21.0,41.0,215,18.72,1003.5,ward_06_thiruvika_nagar,13.111,80.245,ECMWF_ERA5_Reanalysis
2022-08-22,34.5,25.7,29.0,40.0,29.3,33.3,4.9,19.1,39.6,225,22.99,1002.9,ward_06_thiruvika_nagar,13.111,80.245,ECMWF_ERA5_Reanalysis
2022-08-23,34.0,25.9,28.9,41.0,29.4,33.4,1.9,17.8,33.8,224,23.22,1003.3,ward_06_thiruvika_nagar,13.111,80.245,ECMWF_ERA5_Reanalysis
2022-08-24,31.8,24.7,28.3,38.9,28.3,33.5,12.9,14.8,27.4,253,20.48,1005.2,ward_06_thiruvika_nagar,13.111,80.245,ECMWF_ERA5_Reanalysis
2022-08-25,33.1,25.0,28.2,40.0,28.3,33.1,2.5,14.1,28.8,300,23.69,1004.2,ward_06_thiruvika_nagar,13.111,80.245,ECMWF_ERA5_Reanalysis
2022-08-26,32.5,24.3,27.9,39.3,28.1,32.9,8.2,13.5,27.7,272,22.28,1003.8,ward_06_thiruvika_nagar,13.111,80.245,ECMWF_ERA5_Reanalysis
2022-08-27,31.5,24.5,27.5,38.3,28.0,32.3,15.0,19.4,33.8,224,19.67,1003.8,ward_06_thiruvika_nagar,13.111,80.245,ECMWF_ERA5_Reanalysis
2022-08-28,31.8,24.8,27.6,39.6,28.7,33.2,11.1,11.7,30.6,246,22.94,1003.5,ward_06_thiruvika_nagar,13.111,80.245,ECMWF_ERA5_Reanalysis
2022-08-29,31.2,25.2,27.6,39.0,30.0,33.0,2.9,13.0,28.8,136,20.34,1004.7,ward_06_thiruvika_nagar,13.111,80.245,ECMWF_ERA5_Reanalysis
2022-08-30,30.3,24.3,27.7,36.6,29.7,33.2,5.3,14.1,32.4,118,23.68,1005.7,ward_06_thiruvika_nagar,13.111,80.245,ECMWF_ERA5_Reanalysis
2022-08-31,28.8,25.3,27.1,34.5,30.1,32.4,3.4,13.0,30.2,133,18.46,1005.3,ward_06_thiruvika_nagar,13.111,80.245,ECMWF_ERA5_Reanalysis
2022-09-01,28.2,24.5,26.1,33.8,29.9,31.4,16.8,12.4,31.3,112,13.7,1005.5,ward_06_thiruvika_nagar,13.111,80.245,ECMWF_ERA5_Reanalysis
2022-09-02,30.0,24.5,27.3,36.1,29.5,32.3,2.8,16.3,34.2,163,23.43,1005.9,ward_06_thiruvika_nagar,13.111,80.245,ECMWF_ERA5_Reanalysis
2022-09-03,31.2,25.6,28.3,37.5,31.3,33.5,1.0,15.3,31.0,158,20.85,1005.5,ward_06_thiruvika_nagar,13.111,80.245,ECMWF_ERA5_Reanalysis
2022-09-04,31.4,25.8,28.5,38.6,31.3,34.1,4.5,13.8,29.2,187,23.03,1004.8,ward_06_thiruvika_nagar,13.111,80.245,ECMWF_ERA5_Reanalysis
2022-09-05,31.7,25.3,28.3,39.1,29.8,33.3,0.1,17.7,31.7,179,23.61,1004.6,ward_06_thiruvika_nagar,13.111,80.245,ECMWF_ERA5_Reanalysis
2022-09-06,31.2,25.2,28.0,38.6,30.3,33.5,6.3,14.0,31.7,191,22.93,1004.1,ward_06_thiruvika_nagar,13.111,80.245,ECMWF_ERA5_Reanalysis
2022-09-07,31.1,25.8,27.4,37.0,31.4,33.3,11.4,11.9,31.3,274,15.34,1004.2,ward_06_thiruvika_nagar,13.111,80.245,ECMWF_ERA5_Reanalysis
2022-09-08,29.1,25.0,26.8,33.9,28.8,31.7,5.5,13.9,24.8,263,8.86,1003.9,ward_06_thiruvika_nagar,13.111,80.245,ECMWF_ERA5_Reanalysis
2022-09-09,32.0,25.3,28.1,37.0,29.7,32.9,15.2,14.3,31.0,247,16.32,1003.1,ward_06_thiruvika_nagar,13.111,80.245,ECMWF_ERA5_Reanalysis
2022-09-10,31.4,25.1,28.5,35.3,30.6,32.8,2.1,16.9,35.6,229,12.42,1002.9,ward_06_thiruvika_nagar,13.111,80.245,ECMWF_ERA5_Reanalysis
2022-09-11,32.3,26.8,29.3,35.7,29.8,32.8,0.0,23.8,46.8,222,16.81,1002.5,ward_06_thiruvika_nagar,13.111,80.245,ECMWF_ERA5_Reanalysis
2022-09-12,32.7,26.0,28.9,36.6,29.2,32.5,0.0,24.7,45.4,192,21.61,1002.9,ward_06_thiruvika_nagar,13.111,80.245,ECMWF_ERA5_Reanalysis
2022-09-13,33.0,26.2,28.9,38.7,29.8,33.3,0.2,20.8,40.0,191,24.54,1005.3,ward_06_thiruvika_nagar,13.111,80.245,ECMWF_ERA5_Reanalysis
2022-09-14,32.7,26.6,28.9,39.3,30.2,33.7,2.7,19.2,38.5,194,23.09,1007.3,ward_06_thiruvika_nagar,13.111,80.245,ECMWF_ERA5_Reanalysis
2022-09-15,32.8,25.3,28.7,38.0,29.1,33.6,2.7,15.7,31.0,204,20.64,1007.9,ward_06_thiruvika_nagar,13.111,80.245,ECMWF_ERA5_Reanalysis
2022-09-16,33.5,26.3,29.1,39.7,31.6,34.5,1.2,18.0,34.6,199,23.1,1005.7,ward_06_thiruvika_nagar,13.111,80.245,ECMWF_ERA5_Reanalysis
2022-09-17,33.9,26.7,29.6,40.1,30.7,34.6,0.2,14.6,29.2,207,22.59,1005.3,ward_06_thiruvika_nagar,13.111,80.245,ECMWF_ERA5_Reanalysis
2022-09-18,33.8,27.1,29.5,40.2,31.3,34.5,0.0,16.6,32.0,210,21.23,1005.7,ward_06_thiruvika_nagar,13.111,80.245,ECMWF_ERA5_Reanalysis
2022-09-19,34.0,26.6,29.5,37.6,30.6,33.8,0.7,14.6,29.5,217,18.27,1005.4,ward_06_thiruvika_nagar,13.111,80.245,ECMWF_ERA5_Reanalysis
2022-09-20,34.8,26.8,29.8,38.6,29.6,33.5,0.0,17.4,34.9,226,21.93,1004.7,ward_06_thiruvika_nagar,13.111,80.245,ECMWF_ERA5_Reanalysis
2022-09-21,34.8,25.8,29.5,39.4,28.5,33.2,0.0,19.3,37.1,210,24.14,1004.9,ward_06_thiruvika_nagar,13.111,80.245,ECMWF_ERA5_Reanalysis
2022-09-22,35.5,27.1,30.2,39.3,29.9,34.0,0.0,19.0,36.7,204,23.44,1005.3,ward_06_thiruvika_nagar,13.111,80.245,ECMWF_ERA5_Reanalysis
2022-09-23,34.3,26.4,29.8,39.1,32.1,34.3,0.4,18.3,35.3,189,23.36,1005.9,ward_06_thiruvika_nagar,13.111,80.245,ECMWF_ERA5_Reanalysis
2022-09-24,34.3,27.0,29.9,39.5,29.7,33.9,1.1,14.0,31.3,244,22.68,1005.6,ward_06_thiruvika_nagar,13.111,80.245,ECMWF_ERA5_Reanalysis
2022-09-25,34.1,26.3,29.4,38.7,30.4,34.3,1.4,14.0,34.2,197,22.86,1004.9,ward_06_thiruvika_nagar,13.111,80.245,ECMWF_ERA5_Reanalysis
2022-09-26,33.5,26.3,28.6,39.7,30.3,34.0,3.5,14.9,29.2,236,22.05,1005.7,ward_06_thiruvika_nagar,13.111,80.245,ECMWF_ERA5_Reanalysis
2022-09-27,32.7,25.3,28.7,38.2,30.3,33.9,3.8,13.0,31.7,151,21.08,1004.6,ward_06_thiruvika_nagar,13.111,80.245,ECMWF_ERA5_Reanalysis
2022-09-28,32.1,25.0,28.0,39.6,29.7,33.6,25.6,13.5,26.3,233,21.14,1003.7,ward_06_thiruvika_nagar,13.111,80.245,ECMWF_ERA5_Reanalysis
2022-09-29,32.0,24.1,27.8,36.8,28.1,32.3,11.8,13.4,28.1,276,12.01,1003.5,ward_06_thiruvika_nagar,13.111,80.245,ECMWF_ERA5_Reanalysis
2022-09-30,30.1,25.0,27.2,33.7,28.8,31.3,1.6,14.3,29.5,275,11.28,1004.1,ward_06_thiruvika_nagar,13.111,80.245,ECMWF_ERA5_Reanalysis
2022-10-01,29.4,25.3,27.0,32.5,28.8,30.7,8.4,19.8,42.5,278,9.46,1004.0,ward_06_thiruvika_nagar,13.111,80.245,ECMWF_ERA5_Reanalysis
2022-10-02,32.1,26.5,29.0,35.4,28.8,31.9,0.0,17.5,37.8,292,14.1,1003.2,ward_06_thiruvika_nagar,13.111,80.245,ECMWF_ERA5_Reanalysis
2022-10-03,33.6,26.8,29.5,36.0,29.2,32.3,0.0,21.5,41.0,297,14.99,1002.8,ward_06_thiruvika_nagar,13.111,80.245,ECMWF_ERA5_Reanalysis
2022-10-04,33.9,26.1,29.5,36.4,28.5,33.2,0.0,17.1,33.8,311,16.42,1002.9,ward_06_thiruvika_nagar,13.111,80.245,ECMWF_ERA5_Reanalysis
2022-10-05,28.5,25.5,27.1,35.6,30.2,32.8,10.2,9.4,18.7,201,6.42,1003.8,ward_06_thiruvika_nagar,13.111,80.245,ECMWF_ERA5_Reanalysis
2022-10-06,30.7,24.1,26.5,36.9,27.8,31.4,20.0,16.1,29.9,210,14.2,1004.2,ward_06_thiruvika_nagar,13.111,80.245,ECMWF_ERA5_Reanalysis
2022-10-07,28.2,23.8,26.1,33.3,27.8,31.1,5.4,10.7,24.1,139,12.97,1005.6,ward_06_thiruvika_nagar,13.111,80.245,ECMWF_ERA5_Reanalysis
2022-10-08,29.7,25.3,26.7,35.9,30.5,32.2,51.5,13.0,31.3,13,18.56,1006.3,ward_06_thiruvika_nagar,13.111,80.245,ECMWF_ERA5_Reanalysis
2022-10-09,28.5,24.1,26.1,34.4,28.7,31.1,20.9,11.9,27.4,45,15.69,1006.9,ward_06_thiruvika_nagar,13.111,80.245,ECMWF_ERA5_Reanalysis
2022-10-10,29.0,23.9,26.8,34.2,28.7,31.7,16.1,16.6,28.8,139,18.21,1008.0,ward_06_thiruvika_nagar,13.111,80.245,ECMWF_ERA5_Reanalysis
2022-10-11,29.4,24.8,27.2,35.0,28.8,31.7,1.8,17.6,33.8,157,20.39,1008.2,ward_06_thiruvika_nagar,13.111,80.245,ECMWF_ERA5_Reanalysis
2022-10-12,30.4,25.5,27.5,37.3,30.5,32.8,6.2,10.2,27.0,165,19.46,1008.1,ward_06_thiruvika_nagar,13.111,80.245,ECMWF_ERA5_Reanalysis
2022-10-13,30.0,24.2,27.4,36.3,28.7,32.6,2.9,10.8,24.8,134,21.73,1007.7,ward_06_thiruvika_nagar,13.111,80.245,ECMWF_ERA5_Reanalysis
2022-10-14,29.3,23.9,26.5,35.8,28.6,31.5,6.6,14.3,31.0,18,15.86,1006.9,ward_06_thiruvika_nagar,13.111,80.245,ECMWF_ERA5_Reanalysis
2022-10-15,29.7,23.9,26.9,36.2,28.1,31.9,9.9,12.8,28.1,26,19.7,1005.9,ward_06_thiruvika_nagar,13.111,80.245,ECMWF_ERA5_Reanalysis
2022-10-16,29.6,24.2,27.3,36.1,28.9,32.5,6.8,13.9,27.7,119,20.25,1008.0,ward_06_thiruvika_nagar,13.111,80.245,ECMWF_ERA5_Reanalysis
2022-10-17,29.3,24.0,27.0,35.9,28.5,32.4,3.6,11.7,27.7,115,20.28,1009.7,ward_06_thiruvika_nagar,13.111,80.245,ECMWF_ERA5_Reanalysis
2022-10-18,30.8,24.0,27.2,37.6,27.6,32.6,11.8,15.8,32.8,358,20.74,1008.8,ward_06_thiruvika_nagar,13.111,80.245,ECMWF_ERA5_Reanalysis
2022-10-19,30.6,23.4,27.1,36.6,27.6,31.8,2.7,15.0,31.3,18,20.02,1008.1,ward_06_thiruvika_nagar,13.111,80.245,ECMWF_ERA5_Reanalysis
2022-10-20,30.2,23.9,27.1,35.4,28.2,31.6,6.6,18.2,36.0,35,15.84,1008.8,ward_06_thiruvika_nagar,13.111,80.245,ECMWF_ERA5_Reanalysis
2022-10-21,29.4,23.6,26.7,35.0,27.2,31.1,12.3,15.6,38.9,36,16.82,1010.0,ward_06_thiruvika_nagar,13.111,80.245,ECMWF_ERA5_Reanalysis
2022-10-22,29.9,22.9,26.2,32.0,27.0,29.8,12.2,27.3,51.1,12,17.41,1010.3,ward_06_thiruvika_nagar,13.111,80.245,ECMWF_ERA5_Reanalysis
2022-10-23,31.5,24.2,27.3,33.9,27.2,30.1,0.0,18.5,36.7,347,22.18,1008.7,ward_06_thiruvika_nagar,13.111,80.245,ECMWF_ERA5_Reanalysis
2022-10-24,31.5,21.7,26.3,35.2,22.8,28.6,0.0,12.8,22.7,273,23.34,1007.6,ward_06_thiruvika_nagar,13.111,80.245,ECMWF_ERA5_Reanalysis
2022-10-25,31.5,20.4,25.9,35.6,20.9,27.9,0.0,13.0,25.9,314,23.31,1008.6,ward_06_thiruvika_nagar,13.111,80.245,ECMWF_ERA5_Reanalysis
2022-10-26,30.3,21.8,26.2,34.5,24.4,28.7,0.0,11.2,25.6,6,22.54,1010.3,ward_06_thiruvika_nagar,13.111,80.245,ECMWF_ERA5_Reanalysis
2022-10-27,29.8,23.1,26.4,33.2,25.9,29.2,2.3,20.6,40.3,23,19.4,1009.9,ward_06_thiruvika_nagar,13.111,80.245,ECMWF_ERA5_Reanalysis
2022-10-28,28.5,23.1,26.2,32.2,26.3,29.3,5.7,21.0,42.8,23,18.79,1009.1,ward_06_thiruvika_nagar,13.111,80.245,ECMWF_ERA5_Reanalysis
2022-10-29,30.3,25.5,27.8,32.1,28.7,30.0,0.5,22.3,43.6,42,17.95,1008.8,ward_06_thiruvika_nagar,13.111,80.245,ECMWF_ERA5_Reanalysis
2022-10-30,30.3,26.0,28.0,32.7,28.7,30.1,0.1,24.9,47.5,29,20.93,1009.0,ward_06_thiruvika_nagar,13.111,80.245,ECMWF_ERA5_Reanalysis
2022-10-31,26.2,24.0,25.0,29.3,27.5,28.3,37.3,21.3,38.9,19,4.2,1008.8,ward_06_thiruvika_nagar,13.111,80.245,ECMWF_ERA5_Reanalysis
2022-11-01,25.7,23.3,24.4,30.5,27.1,28.4,80.2,18.4,35.3,43,1.95,1009.5,ward_06_thiruvika_nagar,13.111,80.245,ECMWF_ERA5_Reanalysis
2022-11-02,25.3,23.0,24.0,29.0,26.3,27.9,23.9,15.2,30.2,18,4.94,1009.3,ward_06_thiruvika_nagar,13.111,80.245,ECMWF_ERA5_Reanalysis
2022-11-03,26.9,22.6,24.8,30.9,25.8,28.8,14.6,15.3,29.9,11,10.2,1009.1,ward_06_thiruvika_nagar,13.111,80.245,ECMWF_ERA5_Reanalysis
2022-11-04,28.1,23.3,26.2,32.7,27.4,30.3,5.8,15.3,33.8,45,16.6,1010.3,ward_06_thiruvika_nagar,13.111,80.245,ECMWF_ERA5_Reanalysis
2022-11-05,29.2,24.3,26.9,33.6,28.9,30.7,2.2,17.8,37.1,56,17.9,1011.7,ward_06_thiruvika_nagar,13.111,80.245,ECMWF_ERA5_Reanalysis
2022-11-06,29.6,24.8,27.2,32.5,29.2,30.2,0.2,21.9,42.5,44,21.41,1012.0,ward_06_thiruvika_nagar,13.111,80.245,ECMWF_ERA5_Reanalysis
2022-11-07,27.9,24.0,26.1,31.3,28.2,29.7,3.6,20.5,41.0,35,16.91,1011.5,ward_06_thiruvika_nagar,13.111,80.245,ECMWF_ERA5_Reanalysis
2022-11-08,28.2,23.9,26.3,31.7,28.1,29.6,4.4,20.1,41.4,31,16.02,1011.0,ward_06_thiruvika_nagar,13.111,80.245,ECMWF_ERA5_Reanalysis
2022-11-09,29.3,24.5,26.5,32.0,28.1,29.8,1.9,22.8,44.6,29,19.16,1010.4,ward_06_thiruvika_nagar,13.111,80.245,ECMWF_ERA5_Reanalysis
2022-11-10,29.2,23.5,26.4,31.9,26.7,28.7,4.5,26.3,48.2,25,18.44,1009.9,ward_06_thiruvika_nagar,13.111,80.245,ECMWF_ERA5_Reanalysis
2022-11-11,25.7,23.8,25.0,28.4,25.1,27.2,32.4,26.7,55.1,36,3.65,1008.9,ward_06_thiruvika_nagar,13.111,80.245,ECMWF_ERA5_Reanalysis
2022-11-12,26.2,23.8,25.4,30.1,27.8,28.9,20.4,22.8,42.1,74,6.38,1009.6,ward_06_thiruvika_nagar,13.111,80.245,ECMWF_ERA5_Reanalysis
2022-11-13,26.8,23.0,25.1,30.9,26.9,29.3,16.6,15.6,32.0,47,10.63,1010.6,ward_06_thiruvika_nagar,13.111,80.245,ECMWF_ERA5_Reanalysis
2022-11-14,27.0,23.3,25.4,31.3,27.4,29.3,4.0,16.3,36.4,32,14.82,1011.2,ward_06_thiruvika_nagar,13.111,80.245,ECMWF_ERA5_Reanalysis
2022-11-15,29.0,22.6,25.9,32.4,26.2,29.3,0.5,18.1,35.3,19,17.96,1011.3,ward_06_thiruvika_nagar,13.111,80.245,ECMWF_ERA5_Reanalysis
2022-11-16,28.8,22.6,25.7,31.4,26.0,28.5,0.0,16.1,32.0,26,19.85,1010.1,ward_06_thiruvika_nagar,13.111,80.245,ECMWF_ERA5_Reanalysis
2022-11-17,28.4,21.1,24.9,30.6,23.6,27.1,0.0,19.5,38.5,2,19.66,1009.6,ward_06_thiruvika_nagar,13.111,80.245,ECMWF_ERA5_Reanalysis
2022-11-18,28.6,21.2,25.1,30.4,23.0,26.8,0.0,23.5,45.0,356,17.2,1009.6,ward_06_thiruvika_nagar,13.111,80.245,ECMWF_ERA5_Reanalysis
2022-11-19,28.9,21.3,25.0,29.2,23.2,26.3,0.0,24.7,47.5,355,18.1,1009.4,ward_06_thiruvika_nagar,13.111,80.245,ECMWF_ERA5_Reanalysis
2022-11-20,26.9,21.2,23.8,26.3,21.1,24.3,0.6,23.2,41.0,346,11.51,1008.2,ward_06_thiruvika_nagar,13.111,80.245,ECMWF_ERA5_Reanalysis
2022-11-21,24.4,19.8,21.9,24.5,19.7,22.1,48.3,23.2,44.3,325,8.91,1007.3,ward_06_thiruvika_nagar,13.111,80.245,ECMWF_ERA5_Reanalysis
2022-11-22,24.1,21.4,22.8,27.3,22.0,24.8,67.6,22.1,40.0,320,5.6,1007.0,ward_06_thiruvika_nagar,13.111,80.245,ECMWF_ERA5_Reanalysis
2022-11-23,28.2,22.6,25.2,32.2,25.8,29.0,9.4,15.5,28.8,219,10.77,1007.7,ward_06_thiruvika_nagar,13.111,80.245,ECMWF_ERA5_Reanalysis
2022-11-24,28.2,22.8,25.4,34.6,27.4,30.3,4.3,10.5,25.2,104,17.09,1009.4,ward_06_thiruvika_nagar,13.111,80.245,ECMWF_ERA5_Reanalysis
2022-11-25,28.6,22.9,25.6,34.6,27.5,30.5,1.0,11.2,25.9,66,18.06,1010.3,ward_06_thiruvika_nagar,13.111,80.245,ECMWF_ERA5_Reanalysis
2022-11-26,28.3,23.3,25.6,32.9,28.2,30.2,0.9,13.9,29.2,48,15.68,1009.4,ward_06_thiruvika_nagar,13.111,80.245,ECMWF_ERA5_Reanalysis
2022-11-27,28.7,23.0,25.5,34.4,27.8,30.1,1.6,12.2,25.6,86,17.77,1007.9,ward_06_thiruvika_nagar,13.111,80.245,ECMWF_ERA5_Reanalysis
2022-11-28,28.3,22.7,25.6,32.6,26.5,29.5,1.2,13.1,26.6,63,18.21,1008.4,ward_06_thiruvika_nagar,13.111,80.245,ECMWF_ERA5_Reanalysis
2022-11-29,28.3,21.7,25.0,31.2,25.0,27.5,0.0,15.1,31.7,26,19.81,1009.6,ward_06_thiruvika_nagar,13.111,80.245,ECMWF_ERA5_Reanalysis
2022-11-30,28.3,21.3,25.0,32.2,23.9,28.1,0.5,14.0,27.0,15,17.05,1010.2,ward_06_thiruvika_nagar,13.111,80.245,ECMWF_ERA5_Reanalysis
2022-12-01,27.9,24.1,25.8,32.5,28.2,30.2,2.0,12.9,29.9,42,15.7,1009.8,ward_06_thiruvika_nagar,13.111,80.245,ECMWF_ERA5_Reanalysis
2022-12-02,29.0,23.7,26.3,33.8,28.5,30.7,2.0,15.0,31.0,43,18.37,1009.1,ward_06_thiruvika_nagar,13.111,80.245,ECMWF_ERA5_Reanalysis
2022-12-03,28.1,23.8,25.8,32.2,27.4,29.7,4.8,16.5,34.9,55,15.57,1009.6,ward_06_thiruvika_nagar,13.111,80.245,ECMWF_ERA5_Reanalysis
2022-12-04,29.0,24.2,26.4,32.2,27.9,30.0,2.5,20.1,39.6,45,16.4,1010.1,ward_06_thiruvika_nagar,13.111,80.245,ECMWF_ERA5_Reanalysis
2022-12-05,29.0,24.8,26.7,32.8,28.9,30.1,0.2,19.9,38.5,45,18.96,1010.7,ward_06_thiruvika_nagar,13.111,80.245,ECMWF_ERA5_Reanalysis
2022-12-06,28.7,23.9,26.2,30.8,27.6,28.8,0.0,21.7,41.8,21,17.49,1009.9,ward_06_thiruvika_nagar,13.111,80.245,ECMWF_ERA5_Reanalysis
2022-12-07,27.7,23.3,25.2,28.4,25.9,27.1,0.0,26.5,49.3,353,10.91,1008.3,ward_06_thiruvika_nagar,13.111,80.245,ECMWF_ERA5_Reanalysis
2022-12-08,25.0,21.3,23.1,25.5,19.7,23.3,23.8,35.8,63.0,341,4.32,1006.2,ward_06_thiruvika_nagar,13.111,80.245,ECMWF_ERA5_Reanalysis
2022-12-09,25.2,20.4,23.3,26.8,18.2,23.2,114.0,53.1,92.2,15,4.13,1001.2,ward_06_thiruvika_nagar,13.111,80.245,ECMWF_ERA5_Reanalysis
2022-12-10,26.7,23.2,24.8,28.4,21.3,25.6,13.7,44.0,79.2,139,10.66,1001.0,ward_06_thiruvika_nagar,13.111,80.245,ECMWF_ERA5_Reanalysis
2022-12-11,26.5,23.3,24.9,30.2,26.2,28.4,7.0,14.5,28.8,137,8.5,1007.1,ward_06_thiruvika_nagar,13.111,80.245,ECMWF_ERA5_Reanalysis
2022-12-12,26.0,23.9,24.9,29.2,27.1,28.1,21.6,22.4,43.9,140,8.64,1008.3,ward_06_thiruvika_nagar,13.111,80.245,ECMWF_ERA5_Reanalysis
2022-12-13,28.5,23.4,25.9,32.7,27.7,29.9,1.1,15.5,33.1,118,18.17,1009.8,ward_06_thiruvika_nagar,13.111,80.245,ECMWF_ERA5_Reanalysis
2022-12-14,28.4,22.8,25.6,32.9,26.9,29.8,1.2,17.2,33.1,57,17.96,1010.5,ward_06_thiruvika_nagar,13.111,80.245,ECMWF_ERA5_Reanalysis
2022-12-15,27.6,22.3,24.6,31.8,25.5,28.3,0.0,10.5,24.5,24,18.98,1010.3,ward_06_thiruvika_nagar,13.111,80.245,ECMWF_ERA5_Reanalysis
2022-12-16,28.0,21.3,24.5,32.0,24.2,28.0,0.0,14.3,28.8,9,19.15,1009.4,ward_06_thiruvika_nagar,13.111,80.245,ECMWF_ERA5_Reanalysis
2022-12-17,28.3,22.6,25.5,32.1,26.2,29.1,0.0,15.5,32.4,27,18.91,1010.0,ward_06_thiruvika_nagar,13.111,80.245,ECMWF_ERA5_Reanalysis
2022-12-18,27.8,23.9,25.7,29.7,26.1,27.9,1.5,24.0,46.4,48,17.24,1009.4,ward_06_thiruvika_nagar,13.111,80.245,ECMWF_ERA5_Reanalysis
2022-12-19,28.4,23.5,25.9,29.7,25.4,27.4,0.1,21.4,42.1,23,15.03,1008.8,ward_06_thiruvika_nagar,13.111,80.245,ECMWF_ERA5_Reanalysis
2022-12-20,27.7,22.5,25.4,29.4,25.2,27.5,0.4,24.2,46.4,12,16.43,1008.4,ward_06_thiruvika_nagar,13.111,80.245,ECMWF_ERA5_Reanalysis
2022-12-21,28.2,23.4,25.4,30.2,26.1,27.6,0.7,23.6,45.7,12,17.44,1008.5,ward_06_thiruvika_nagar,13.111,80.245,ECMWF_ERA5_Reanalysis
2022-12-22,27.9,23.4,25.6,29.0,25.9,27.1,0.0,24.0,45.4,19,14.52,1008.5,ward_06_thiruvika_nagar,13.111,80.245,ECMWF_ERA5_Reanalysis
2022-12-23,27.9,22.7,25.2,29.1,24.4,26.6,0.4,26.8,50.8,360,15.85,1008.4,ward_06_thiruvika_nagar,13.111,80.245,ECMWF_ERA5_Reanalysis
2022-12-24,28.2,23.2,25.4,29.6,25.5,27.2,4.1,27.8,51.8,10,15.63,1008.7,ward_06_thiruvika_nagar,13.111,80.245,ECMWF_ERA5_Reanalysis
2022-12-25,27.0,24.1,25.1,30.1,27.1,28.5,13.1,19.0,39.6,54,10.41,1009.6,ward_06_thiruvika_nagar,13.111,80.245,ECMWF_ERA5_Reanalysis
2022-12-26,28.2,23.6,25.8,32.2,27.9,30.0,6.4,17.0,36.0,86,15.61,1011.7,ward_06_thiruvika_nagar,13.111,80.245,ECMWF_ERA5_Reanalysis
2022-12-27,27.5,24.1,25.8,32.5,28.8,30.1,1.4,13.0,30.6,80,15.26,1013.0,ward_06_thiruvika_nagar,13.111,80.245,ECMWF_ERA5_Reanalysis
2022-12-28,28.5,22.7,25.3,33.7,27.2,29.9,0.4,11.9,27.4,89,18.38,1013.8,ward_06_thiruvika_nagar,13.111,80.245,ECMWF_ERA5_Reanalysis
2022-12-29,28.6,22.4,25.1,34.3,26.2,29.6,0.3,10.7,24.5,119,18.46,1014.7,ward_06_thiruvika_nagar,13.111,80.245,ECMWF_ERA5_Reanalysis
2022-12-30,29.1,22.2,25.3,35.1,26.5,29.9,0.0,11.5,26.3,76,18.74,1015.5,ward_06_thiruvika_nagar,13.111,80.245,ECMWF_ERA5_Reanalysis
2022-12-31,28.7,22.3,24.9,33.9,25.8,29.1,0.0,10.0,22.3,120,18.8,1014.8,ward_06_thiruvika_nagar,13.111,80.245,ECMWF_ERA5_Reanalysis
2023-01-01,28.6,21.3,24.6,34.2,24.8,28.6,0.0,13.0,25.9,64,18.5,1014.3,ward_06_thiruvika_nagar,13.111,80.245,ECMWF_ERA5_Reanalysis
2023-01-02,28.2,21.8,25.1,32.6,24.9,28.5,0.1,9.6,23.8,84,19.28,1014.3,ward_06_thiruvika_nagar,13.111,80.245,ECMWF_ERA5_Reanalysis
2023-01-03,27.8,22.0,25.0,30.3,25.3,27.7,0.3,17.7,36.0,53,18.37,1014.4,ward_06_thiruvika_nagar,13.111,80.245,ECMWF_ERA5_Reanalysis
2023-01-04,27.6,22.0,25.4,30.3,24.8,27.8,1.9,16.7,34.2,62,17.9,1013.5,ward_06_thiruvika_nagar,13.111,80.245,ECMWF_ERA5_Reanalysis
2023-01-05,28.5,25.0,26.4,30.3,26.4,27.9,0.0,22.2,43.2,60,19.02,1013.7,ward_06_thiruvika_nagar,13.111,80.245,ECMWF_ERA5_Reanalysis
2023-01-06,28.1,24.4,26.0,29.4,25.9,27.4,0.0,24.5,47.5,42,18.46,1014.9,ward_06_thiruvika_nagar,13.111,80.245,ECMWF_ERA5_Reanalysis
2023-01-07,28.0,23.7,25.6,29.7,26.4,27.5,0.9,22.3,43.2,37,18.26,1014.2,ward_06_thiruvika_nagar,13.111,80.245,ECMWF_ERA5_Reanalysis
2023-01-08,27.2,22.2,24.6,28.9,24.6,26.5,1.4,20.7,41.0,32,16.62,1013.5,ward_06_thiruvika_nagar,13.111,80.245,ECMWF_ERA5_Reanalysis
2023-01-09,27.0,21.8,24.2,28.5,23.2,25.3,0.0,17.4,35.6,31,20.51,1014.6,ward_06_thiruvika_nagar,13.111,80.245,ECMWF_ERA5_Reanalysis
2023-01-10,27.3,20.0,23.7,28.8,21.1,25.0,0.0,18.2,37.1,8,19.8,1014.2,ward_06_thiruvika_nagar,13.111,80.245,ECMWF_ERA5_Reanalysis
2023-01-11,27.6,19.3,23.3,30.5,20.6,25.3,0.0,14.2,29.9,1,20.29,1012.3,ward_06_thiruvika_nagar,13.111,80.245,ECMWF_ERA5_Reanalysis
2023-01-12,27.6,19.9,23.1,30.2,22.2,25.4,0.0,13.2,30.2,28,20.37,1011.5,ward_06_thiruvika_nagar,13.111,80.245,ECMWF_ERA5_Reanalysis
2023-01-13,28.0,18.8,23.7,30.4,20.5,25.9,0.0,10.7,25.2,57,20.55,1011.7,ward_06_thiruvika_nagar,13.111,80.245,ECMWF_ERA5_Reanalysis
2023-01-14,27.6,19.1,23.5,31.6,21.1,25.8,0.0,12.7,27.7,64,20.25,1011.6,ward_06_thiruvika_nagar,13.111,80.245,ECMWF_ERA5_Reanalysis
2023-01-15,27.3,18.6,23.1,30.4,20.5,25.2,0.0,11.2,26.6,82,20.39,1011.1,ward_06_thiruvika_nagar,13.111,80.245,ECMWF_ERA5_Reanalysis
2023-01-16,27.4,18.2,23.5,29.7,20.0,25.2,0.0,15.6,32.8,51,20.94,1011.7,ward_06_thiruvika_nagar,13.111,80.245,ECMWF_ERA5_Reanalysis
2023-01-17,28.1,20.2,24.4,30.3,22.8,26.5,0.2,12.3,28.8,85,19.38,1012.4,ward_06_thiruvika_nagar,13.111,80.245,ECMWF_ERA5_Reanalysis
2023-01-18,28.4,20.0,24.3,29.7,22.3,25.8,0.0,15.4,32.0,73,17.82,1013.8,ward_06_thiruvika_nagar,13.111,80.245,ECMWF_ERA5_Reanalysis
2023-01-19,28.4,19.5,24.5,30.0,21.2,25.8,0.0,14.9,33.1,44,19.8,1013.7,ward_06_thiruvika_nagar,13.111,80.245,ECMWF_ERA5_Reanalysis
2023-01-20,27.4,22.0,25.1,29.8,24.9,27.5,3.2,18.0,37.4,54,17.0,1013.0,ward_06_thiruvika_nagar,13.111,80.245,ECMWF_ERA5_Reanalysis
2023-01-21,29.1,22.8,25.2,30.7,25.7,27.4,1.9,21.3,42.8,45,19.07,1012.3,ward_06_thiruvika_nagar,13.111,80.245,ECMWF_ERA5_Reanalysis
2023-01-22,28.3,22.4,25.4,30.1,25.3,27.3,0.0,17.7,37.1,48,17.28,1011.6,ward_06_thiruvika_nagar,13.111,80.245,ECMWF_ERA5_Reanalysis
2023-01-23,28.7,24.5,26.3,30.9,26.6,28.2,0.2,19.3,39.6,62,15.78,1010.6,ward_06_thiruvika_nagar,13.111,80.245,ECMWF_ERA5_Reanalysis
2023-01-24,28.0,23.3,25.5,31.1,25.3,27.5,0.0,17.1,34.9,70,20.45,1011.1,ward_06_thiruvika_nagar,13.111,80.245,ECMWF_ERA5_Reanalysis
2023-01-25,28.0,22.3,25.4,30.2,24.2,27.2,0.4,16.0,34.9,73,20.44,1011.1,ward_06_thiruvika_nagar,13.111,80.245,ECMWF_ERA5_Reanalysis
2023-01-26,29.3,21.5,25.4,31.4,23.8,27.1,0.0,18.4,36.7,50,19.45,1011.0,ward_06_thiruvika_nagar,13.111,80.245,ECMWF_ERA5_Reanalysis
2023-01-27,28.7,21.2,25.1,30.6,22.9,26.9,0.0,15.8,34.6,50,20.2,1011.1,ward_06_thiruvika_nagar,13.111,80.245,ECMWF_ERA5_Reanalysis
2023-01-28,28.9,21.1,24.9,31.2,23.2,26.9,0.2,18.2,37.8,25,20.13,1010.3,ward_06_thiruvika_nagar,13.111,80.245,ECMWF_ERA5_Reanalysis
2023-01-29,28.5,22.7,25.8,29.7,25.6,27.8,0.6,23.4,46.4,49,17.7,1009.3,ward_06_thiruvika_nagar,13.111,80.245,ECMWF_ERA5_Reanalysis
2023-01-30,29.0,24.1,26.3,31.2,27.3,28.7,1.9,24.3,47.5,53,18.47,1010.1,ward_06_thiruvika_nagar,13.111,80.245,ECMWF_ERA5_Reanalysis
2023-01-31,27.9,24.4,25.8,29.5,27.4,28.1,2.0,23.5,45.0,29,10.25,1009.7,ward_06_thiruvika_nagar,13.111,80.245,ECMWF_ERA5_Reanalysis
2023-02-01,28.7,24.9,26.3,30.0,26.9,28.1,0.9,24.1,46.1,34,13.9,1009.2,ward_06_thiruvika_nagar,13.111,80.245,ECMWF_ERA5_Reanalysis
2023-02-02,29.0,25.6,26.7,30.8,27.4,28.3,0.0,24.6,46.8,40,17.77,1009.8,ward_06_thiruvika_nagar,13.111,80.245,ECMWF_ERA5_Reanalysis
2023-02-03,29.1,25.8,27.0,31.6,27.7,28.9,0.9,22.9,45.7,52,19.79,1010.5,ward_06_thiruvika_nagar,13.111,80.245,ECMWF_ERA5_Reanalysis
2023-02-04,29.0,23.5,26.1,32.0,27.0,28.7,0.0,17.7,37.8,43,21.32,1010.3,ward_06_thiruvika_nagar,13.111,80.245,ECMWF_ERA5_Reanalysis
2023-02-05,28.7,21.0,24.7,31.9,24.2,27.9,0.0,16.5,35.6,40,21.48,1010.0,ward_06_thiruvika_nagar,13.111,80.245,ECMWF_ERA5_Reanalysis
2023-02-06,28.6,20.8,24.5,32.5,24.3,28.0,0.0,15.5,34.6,42,20.88,1010.3,ward_06_thiruvika_nagar,13.111,80.245,ECMWF_ERA5_Reanalysis
2023-02-07,29.4,20.8,24.9,34.1,24.2,28.6,0.0,13.5,30.2,99,21.7,1010.1,ward_06_thiruvika_nagar,13.111,80.245,ECMWF_ERA5_Reanalysis
2023-02-08,29.1,22.1,25.2,33.4,25.8,29.0,0.0,12.0,28.4,90,22.26,1010.2,ward_06_thiruvika_nagar,13.111,80.245,ECMWF_ERA5_Reanalysis
2023-02-09,28.8,21.5,24.8,33.1,24.8,28.5,0.0,12.4,29.9,99,21.57,1010.8,ward_06_thiruvika_nagar,13.111,80.245,ECMWF_ERA5_Reanalysis
2023-02-10,31.3,20.4,25.2,34.1,23.5,28.3,0.0,15.2,33.5,86,22.61,1011.8,ward_06_thiruvika_nagar,13.111,80.245,ECMWF_ERA5_Reanalysis
2023-02-11,30.0,21.2,24.7,33.1,24.5,27.7,0.0,12.8,28.4,119,20.61,1011.9,ward_06_thiruvika_nagar,13.111,80.245,ECMWF_ERA5_Reanalysis
2023-02-12,30.2,19.7,24.5,34.0,22.2,27.4,0.0,14.4,32.0,133,22.96,1012.0,ward_06_thiruvika_nagar,13.111,80.245,ECMWF_ERA5_Reanalysis
2023-02-13,29.4,20.0,24.3,33.3,22.7,27.4,0.0,13.3,30.6,95,22.83,1012.1,ward_06_thiruvika_nagar,13.111,80.245,ECMWF_ERA5_Reanalysis
2023-02-14,29.2,19.6,24.4,33.8,22.2,27.6,0.0,16.3,35.6,87,23.0,1011.9,ward_06_thiruvika_nagar,13.111,80.245,ECMWF_ERA5_Reanalysis
2023-02-15,30.1,20.7,24.7,34.2,23.5,27.8,0.0,16.6,36.0,80,23.47,1010.5,ward_06_thiruvika_nagar,13.111,80.245,ECMWF_ERA5_Reanalysis
2023-02-16,29.2,20.1,24.6,32.6,23.5,27.8,0.0,14.8,33.8,94,22.37,1010.9,ward_06_thiruvika_nagar,13.111,80.245,ECMWF_ERA5_Reanalysis
2023-02-17,29.1,19.4,24.5,32.4,22.2,27.4,0.0,13.9,32.0,126,23.02,1011.5,ward_06_thiruvika_nagar,13.111,80.245,ECMWF_ERA5_Reanalysis
2023-02-18,29.5,20.8,25.5,33.2,22.8,28.4,0.0,14.8,32.8,117,22.56,1011.6,ward_06_thiruvika_nagar,13.111,80.245,ECMWF_ERA5_Reanalysis
2023-02-19,29.6,22.2,25.8,33.6,25.3,29.2,0.1,14.4,32.8,100,22.87,1011.8,ward_06_thiruvika_nagar,13.111,80.245,ECMWF_ERA5_Reanalysis
2023-02-20,30.8,20.4,25.3,33.9,23.6,28.1,0.0,14.4,31.7,104,23.64,1011.8,ward_06_thiruvika_nagar,13.111,80.245,ECMWF_ERA5_Reanalysis
2023-02-21,31.5,20.8,25.5,34.3,23.4,28.1,0.0,16.3,36.0,131,24.03,1011.8,ward_06_thiruvika_nagar,13.111,80.245,ECMWF_ERA5_Reanalysis
2023-02-22,31.0,21.0,25.9,32.4,23.9,28.3,0.0,14.2,33.1,118,24.12,1011.4,ward_06_thiruvika_nagar,13.111,80.245,ECMWF_ERA5_Reanalysis
2023-02-23,30.4,20.7,25.5,33.7,23.4,28.1,0.0,16.9,36.0,128,24.43,1011.3,ward_06_thiruvika_nagar,13.111,80.245,ECMWF_ERA5_Reanalysis
2023-02-24,30.1,20.7,25.2,32.8,23.7,27.9,0.0,13.0,30.6,126,24.55,1012.1,ward_06_thiruvika_nagar,13.111,80.245,ECMWF_ERA5_Reanalysis
2023-02-25,30.8,19.6,24.9,34.0,22.3,27.8,0.0,14.4,33.1,87,24.52,1013.5,ward_06_thiruvika_nagar,13.111,80.245,ECMWF_ERA5_Reanalysis
2023-02-26,29.5,19.9,24.5,33.3,22.7,27.6,0.0,14.1,32.4,52,23.4,1014.8,ward_06_thiruvika_nagar,13.111,80.245,ECMWF_ERA5_Reanalysis
2023-02-27,31.7,20.7,25.7,33.0,23.6,28.0,0.0,16.7,32.8,39,24.71,1014.7,ward_06_thiruvika_nagar,13.111,80.245,ECMWF_ERA5_Reanalysis
2023-02-28,30.2,23.1,26.7,33.8,26.8,30.0,0.2,17.8,38.2,56,22.75,1014.6,ward_06_thiruvika_nagar,13.111,80.245,ECMWF_ERA5_Reanalysis
2023-03-01,30.7,25.0,27.3,34.4,28.6,30.6,0.0,17.3,36.7,57,24.24,1014.6,ward_06_thiruvika_nagar,13.111,80.245,ECMWF_ERA5_Reanalysis
2023-03-02,30.6,21.7,26.4,32.8,24.7,28.8,0.0,14.0,33.1,56,25.1,1014.9,ward_06_thiruvika_nagar,13.111,80.245,ECMWF_ERA5_Reanalysis
2023-03-03,30.7,21.5,25.9,33.0,24.7,28.6,0.0,17.1,37.1,29,24.63,1015.3,ward_06_thiruvika_nagar,13.111,80.245,ECMWF_ERA5_Reanalysis
2023-03-04,31.2,21.3,26.2,34.3,23.9,29.5,0.0,15.9,35.6,45,24.47,1015.1,ward_06_thiruvika_nagar,13.111,80.245,ECMWF_ERA5_Reanalysis
2023-03-05,31.1,22.3,26.3,34.2,26.1,29.9,0.0,15.8,35.3,41,24.35,1014.5,ward_06_thiruvika_nagar,13.111,80.245,ECMWF_ERA5_Reanalysis
2023-03-06,31.0,22.3,26.1,34.3,26.1,29.7,0.0,14.8,33.5,57,24.43,1013.1,ward_06_thiruvika_nagar,13.111,80.245,ECMWF_ERA5_Reanalysis
2023-03-07,30.4,22.0,26.4,34.4,25.6,29.8,0.0,16.7,36.4,78,24.05,1012.6,ward_06_thiruvika_nagar,13.111,80.245,ECMWF_ERA5_Reanalysis
2023-03-08,30.6,23.4,26.6,33.7,27.3,29.8,0.0,16.2,34.6,68,24.03,1012.6,ward_06_thiruvika_nagar,13.111,80.245,ECMWF_ERA5_Reanalysis
2023-03-09,30.6,23.0,26.8,34.3,27.1,30.3,0.0,16.7,36.7,52,23.45,1011.9,ward_06_thiruvika_nagar,13.111,80.245,ECMWF_ERA5_Reanalysis
2023-03-10,30.4,23.4,26.7,33.8,27.8,30.3,0.0,16.1,33.8,50,21.92,1011.3,ward_06_thiruvika_nagar,13.111,80.245,ECMWF_ERA5_Reanalysis
2023-03-11,30.5,22.8,26.9,33.5,26.3,30.2,0.0,18.7,37.4,62,24.26,1011.6,ward_06_thiruvika_nagar,13.111,80.245,ECMWF_ERA5_Reanalysis
2023-03-12,30.8,23.1,27.0,34.7,27.4,30.9,0.0,18.4,39.2,50,24.29,1011.3,ward_06_thiruvika_nagar,13.111,80.245,ECMWF_ERA5_Reanalysis
2023-03-13,31.8,23.8,27.2,36.1,28.5,31.6,0.0,15.0,34.2,52,23.68,1010.2,ward_06_thiruvika_nagar,13.111,80.245,ECMWF_ERA5_Reanalysis
2023-03-14,31.2,23.4,27.1,35.7,27.9,31.6,0.0,14.0,32.0,96,24.29,1008.7,ward_06_thiruvika_nagar,13.111,80.245,ECMWF_ERA5_Reanalysis
2023-03-15,31.0,24.8,27.7,35.3,29.6,31.8,0.0,18.6,40.7,148,22.24,1008.1,ward_06_thiruvika_nagar,13.111,80.245,ECMWF_ERA5_Reanalysis
2023-03-16,30.9,25.9,28.1,35.4,29.3,31.8,0.0,18.6,38.5,146,22.78,1008.9,ward_06_thiruvika_nagar,13.111,80.245,ECMWF_ERA5_Reanalysis
2023-03-17,30.3,24.6,27.2,35.6,27.1,31.3,5.9,18.0,37.1,112,20.22,1009.3,ward_06_thiruvika_nagar,13.111,80.245,ECMWF_ERA5_Reanalysis
2023-03-18,30.4,24.8,27.4,34.0,28.8,31.0,3.3,16.9,40.7,147,17.32,1008.2,ward_06_thiruvika_nagar,13.111,80.245,ECMWF_ERA5_Reanalysis
2023-03-19,29.9,23.3,26.4,34.0,24.9,30.5,21.5,15.9,31.0,200,17.99,1007.4,ward_06_thiruvika_nagar,13.111,80.245,ECMWF_ERA5_Reanalysis
2023-03-20,28.9,23.5,26.5,33.4,26.5,30.0,1.5,20.6,42.5,177,18.62,1006.9,ward_06_thiruvika_nagar,13.111,80.245,ECMWF_ERA5_Reanalysis
2023-03-21,30.5,24.4,27.5,36.4,28.1,32.0,0.3,20.8,40.3,169,22.97,1006.6,ward_06_thiruvika_nagar,13.111,80.245,ECMWF_ERA5_Reanalysis
2023-03-22,31.9,24.7,27.9,39.0,28.7,32.7,1.4,17.7,38.5,173,23.45,1006.9,ward_06_thiruvika_nagar,13.111,80.245,ECMWF_ERA5_Reanalysis
2023-03-23,31.3,25.6,28.1,37.1,30.6,32.7,2.0,20.8,42.1,176,21.76,1007.3,ward_06_thiruvika_nagar,13.111,80.245,ECMWF_ERA5_Reanalysis
2023-03-24,31.9,26.2,28.5,37.8,31.2,33.5,1.5,20.2,41.4,177,22.52,1007.5,ward_06_thiruvika_nagar,13.111,80.245,ECMWF_ERA5_Reanalysis
2023-03-25,31.5,26.2,28.3,37.1,30.6,33.1,0.6,22.2,43.9,172,22.49,1008.8,ward_06_thiruvika_nagar,13.111,80.245,ECMWF_ERA5_Reanalysis
2023-03-26,30.7,26.5,28.3,35.9,31.1,33.1,0.7,20.4,42.1,168,20.22,1008.0,ward_06_thiruvika_nagar,13.111,80.245,ECMWF_ERA5_Reanalysis
2023-03-27,33.0,25.4,28.6,38.7,30.8,33.5,0.2,20.6,42.1,170,23.41,1007.3,ward_06_thiruvika_nagar,13.111,80.245,ECMWF_ERA5_Reanalysis
2023-03-28,32.0,25.9,28.6,37.9,31.4,33.6,0.1,20.6,43.2,163,23.76,1007.9,ward_06_thiruvika_nagar,13.111,80.245,ECMWF_ERA5_Reanalysis
2023-03-29,31.7,26.3,28.4,36.0,30.6,32.4,0.0,22.1,45.0,165,23.53,1008.9,ward_06_thiruvika_nagar,13.111,80.245,ECMWF_ERA5_Reanalysis
2023-03-30,31.6,24.8,28.0,36.0,29.4,31.7,0.0,22.9,45.0,168,24.83,1008.1,ward_06_thiruvika_nagar,13.111,80.245,ECMWF_ERA5_Reanalysis
2023-03-31,32.4,24.7,28.4,37.1,28.5,32.0,0.0,23.7,48.2,169,25.38,1007.1,ward_06_thiruvika_nagar,13.111,80.245,ECMWF_ERA5_Reanalysis
2023-04-01,32.3,26.1,28.8,36.7,30.8,32.9,2.2,23.5,47.2,178,21.33,1007.3,ward_06_thiruvika_nagar,13.111,80.245,ECMWF_ERA5_Reanalysis
2023-04-02,32.9,26.9,28.9,37.7,31.1,33.1,6.1,23.5,46.1,176,21.67,1006.9,ward_06_thiruvika_nagar,13.111,80.245,ECMWF_ERA5_Reanalysis
2023-04-03,31.3,27.2,28.8,36.3,31.2,33.2,0.8,23.0,46.1,172,21.38,1006.9,ward_06_thiruvika_nagar,13.111,80.245,ECMWF_ERA5_Reanalysis
2023-04-04,31.6,27.1,28.8,36.4,31.3,32.8,0.4,23.1,45.7,172,22.34,1008.0,ward_06_thiruvika_nagar,13.111,80.245,ECMWF_ERA5_Reanalysis
2023-04-05,32.7,26.5,29.0,38.4,31.1,33.5,0.1,24.7,48.2,170,24.31,1007.5,ward_06_thiruvika_nagar,13.111,80.245,ECMWF_ERA5_Reanalysis
2023-04-06,32.9,26.5,29.2,38.0,31.0,33.9,0.1,22.0,44.6,166,25.08,1008.1,ward_06_thiruvika_nagar,13.111,80.245,ECMWF_ERA5_Reanalysis
2023-04-07,32.0,25.5,28.6,37.5,31.1,33.6,0.0,16.6,35.6,149,25.41,1009.8,ward_06_thiruvika_nagar,13.111,80.245,ECMWF_ERA5_Reanalysis
2023-04-08,31.5,25.1,28.3,37.2,30.2,33.1,0.0,15.3,34.9,108,25.56,1011.7,ward_06_thiruvika_nagar,13.111,80.245,ECMWF_ERA5_Reanalysis
2023-04-09,32.4,25.3,28.8,37.4,30.0,33.4,0.0,15.0,33.5,93,24.57,1011.7,ward_06_thiruvika_nagar,13.111,80.245,ECMWF_ERA5_Reanalysis
2023-04-10,32.3,25.5,28.7,37.6,30.6,33.8,0.0,14.5,33.8,103,25.92,1010.4,ward_06_thiruvika_nagar,13.111,80.245,ECMWF_ERA5_Reanalysis
2023-04-11,33.1,25.0,28.4,38.2,30.9,33.7,0.0,12.9,31.7,126,26.02,1010.1,ward_06_thiruvika_nagar,13.111,80.245,ECMWF_ERA5_Reanalysis
2023-04-12,33.9,23.9,28.2,38.4,28.9,32.8,0.0,17.0,36.4,163,25.87,1009.6,ward_06_thiruvika_nagar,13.111,80.245,ECMWF_ERA5_Reanalysis
2023-04-13,34.2,24.5,28.7,40.2,29.4,33.6,0.0,19.1,40.3,167,25.91,1008.8,ward_06_thiruvika_nagar,13.111,80.245,ECMWF_ERA5_Reanalysis
2023-04-14,34.8,24.2,28.8,40.6,28.9,33.6,0.0,21.9,43.9,176,25.81,1008.3,ward_06_thiruvika_nagar,13.111,80.245,ECMWF_ERA5_Reanalysis
2023-04-15,35.3,23.9,29.1,40.7,28.0,34.0,0.0,19.6,41.4,170,25.21,1007.8,ward_06_thiruvika_nagar,13.111,80.245,ECMWF_ERA5_Reanalysis
2023-04-16,35.5,25.1,29.4,39.5,30.0,34.0,0.0,21.7,43.6,177,26.12,1006.6,ward_06_thiruvika_nagar,13.111,80.245,ECMWF_ERA5_Reanalysis
2023-04-17,34.4,24.4,29.0,39.2,28.7,33.6,0.0,20.1,41.0,169,26.58,1007.0,ward_06_thiruvika_nagar,13.111,80.245,ECMWF_ERA5_Reanalysis
2023-04-18,34.4,25.0,29.1,40.0,29.8,34.0,0.0,22.7,46.1,169,26.0,1007.9,ward_06_thiruvika_nagar,13.111,80.245,ECMWF_ERA5_Reanalysis
2023-04-19,34.7,25.3,29.5,40.3,30.7,34.6,0.0,25.9,50.8,173,25.86,1005.9,ward_06_thiruvika_nagar,13.111,80.245,ECMWF_ERA5_Reanalysis
2023-04-20,36.0,26.4,30.4,40.7,31.5,35.2,0.0,26.2,51.5,175,25.43,1003.6,ward_06_thiruvika_nagar,13.111,80.245,ECMWF_ERA5_Reanalysis
2023-04-21,35.9,27.6,30.7,40.6,32.4,35.5,0.0,27.4,54.4,172,24.77,1003.7,ward_06_thiruvika_nagar,13.111,80.245,ECMWF_ERA5_Reanalysis
2023-04-22,33.9,28.0,30.4,39.2,34.0,35.7,0.1,23.5,48.2,167,21.6,1004.2,ward_06_thiruvika_nagar,13.111,80.245,ECMWF_ERA5_Reanalysis
2023-04-23,33.5,27.9,30.4,38.5,33.2,35.3,6.3,25.1,51.1,168,21.97,1004.7,ward_06_thiruvika_nagar,13.111,80.245,ECMWF_ERA5_Reanalysis
2023-04-24,32.6,28.2,30.1,37.7,32.7,34.4,0.9,22.1,45.4,161,21.93,1006.5,ward_06_thiruvika_nagar,13.111,80.245,ECMWF_ERA5_Reanalysis
2023-04-25,32.1,27.8,29.9,37.3,32.9,34.6,0.9,20.2,41.8,150,23.0,1007.5,ward_06_thiruvika_nagar,13.111,80.245,ECMWF_ERA5_Reanalysis
2023-04-26,32.8,27.2,29.9,38.4,32.9,34.9,0.1,15.0,33.8,95,23.77,1007.2,ward_06_thiruvika_nagar,13.111,80.245,ECMWF_ERA5_Reanalysis
2023-04-27,33.1,26.9,30.1,39.0,33.0,35.5,0.1,17.0,36.4,137,24.39,1007.2,ward_06_thiruvika_nagar,13.111,80.245,ECMWF_ERA5_Reanalysis
2023-04-28,32.9,27.8,30.2,38.6,33.6,35.4,1.4,18.2,37.8,146,23.17,1007.6,ward_06_thiruvika_nagar,13.111,80.245,ECMWF_ERA5_Reanalysis
2023-04-29,31.5,27.8,29.0,36.5,31.5,33.9,4.5,24.9,50.8,153,21.15,1007.3,ward_06_thiruvika_nagar,13.111,80.245,ECMWF_ERA5_Reanalysis
2023-04-30,32.2,25.0,28.6,37.8,30.1,33.7,5.5,20.5,43.9,155,21.58,1005.8,ward_06_thiruvika_nagar,13.111,80.245,ECMWF_ERA5_Reanalysis
2023-05-01,31.0,24.9,27.8,38.3,30.2,33.0,25.5,16.0,33.1,153,17.26,1005.9,ward_06_thiruvika_nagar,13.111,80.245,ECMWF_ERA5_Reanalysis
2023-05-02,28.8,24.1,26.6,32.8,28.7,31.2,27.8,22.2,43.9,166,15.88,1007.0,ward_06_thiruvika_nagar,13.111,80.245,ECMWF_ERA5_Reanalysis
2023-05-03,29.0,25.1,26.7,35.7,29.7,32.2,9.1,12.0,27.0,162,12.89,1007.2,ward_06_thiruvika_nagar,13.111,80.245,ECMWF_ERA5_Reanalysis
2023-05-04,31.0,25.3,28.4,37.6,30.9,34.0,0.7,14.2,26.3,128,20.63,1006.3,ward_06_thiruvika_nagar,13.111,80.245,ECMWF_ERA5_Reanalysis
2023-05-05,30.3,24.7,27.1,36.7,29.7,32.5,13.0,17.8,36.7,180,18.23,1005.9,ward_06_thiruvika_nagar,13.111,80.245,ECMWF_ERA5_Reanalysis
2023-05-06,31.0,25.3,27.8,38.4,30.2,33.7,5.0,9.8,24.1,202,18.26,1005.2,ward_06_thiruvika_nagar,13.111,80.245,ECMWF_ERA5_Reanalysis
2023-05-07,32.0,25.8,28.8,37.5,30.9,34.5,0.2,11.8,26.3,143,17.94,1004.7,ward_06_thiruvika_nagar,13.111,80.245,ECMWF_ERA5_Reanalysis
2023-05-08,31.9,25.2,28.8,39.2,30.1,34.6,0.0,13.8,31.0,140,23.63,1004.1,ward_06_thiruvika_nagar,13.111,80.245,ECMWF_ERA5_Reanalysis
2023-05-09,32.9,25.6,29.4,40.7,31.3,35.8,0.1,13.5,30.6,139,24.36,1004.4,ward_06_thiruvika_nagar,13.111,80.245,ECMWF_ERA5_Reanalysis
2023-05-10,33.6,26.5,29.7,42.0,33.0,36.1,0.0,16.1,32.0,120,23.57,1003.9,ward_06_thiruvika_nagar,13.111,80.245,ECMWF_ERA5_Reanalysis
2023-05-11,34.4,26.7,29.6,40.6,33.0,35.8,0.0,14.8,32.0,129,20.34,1004.5,ward_06_thiruvika_nagar,13.111,80.245,ECMWF_ERA5_Reanalysis
2023-05-12,37.2,26.8,31.0,43.7,33.1,37.2,0.0,17.0,34.6,178,22.76,1004.0,ward_06_thiruvika_nagar,13.111,80.245,ECMWF_ERA5_Reanalysis
2023-05-13,39.9,28.7,33.3,40.9,31.6,35.7,0.0,20.6,39.6,241,21.57,1003.5,ward_06_thiruvika_nagar,13.111,80.245,ECMWF_ERA5_Reanalysis
2023-05-14,40.3,29.6,32.8,43.7,31.8,36.6,0.0,21.3,40.0,228,22.56,1002.2,ward_06_thiruvika_nagar,13.111,80.245,ECMWF_ERA5_Reanalysis
2023-05-15,37.1,28.4,31.5,44.4,32.3,36.5,0.0,20.6,42.1,181,23.74,1003.5,ward_06_thiruvika_nagar,13.111,80.245,ECMWF_ERA5_Reanalysis
2023-05-16,38.2,28.6,31.9,45.3,32.1,37.6,0.0,20.2,36.0,189,24.11,1004.9,ward_06_thiruvika_nagar,13.111,80.245,ECMWF_ERA5_Reanalysis
2023-05-17,34.1,28.5,31.0,41.2,33.7,36.8,0.0,26.1,51.1,172,24.74,1006.3,ward_06_thiruvika_nagar,13.111,80.245,ECMWF_ERA5_Reanalysis
2023-05-18,35.9,27.7,30.5,43.0,31.3,35.9,0.7,23.5,46.8,178,24.65,1007.6,ward_06_thiruvika_nagar,13.111,80.245,ECMWF_ERA5_Reanalysis
2023-05-19,35.2,28.1,30.7,42.3,32.7,36.2,0.0,24.0,46.1,177,24.6,1006.1,ward_06_thiruvika_nagar,13.111,80.245,ECMWF_ERA5_Reanalysis
2023-05-20,33.8,28.0,30.6,41.1,33.3,36.3,0.0,21.6,43.6,173,24.99,1005.6,ward_06_thiruvika_nagar,13.111,80.245,ECMWF_ERA5_Reanalysis
2023-05-21,34.5,28.1,30.7,40.4,32.9,36.2,0.0,23.9,48.6,174,24.02,1006.6,ward_06_thiruvika_nagar,13.111,80.245,ECMWF_ERA5_Reanalysis
2023-05-22,34.2,27.2,30.0,40.9,32.3,35.6,9.8,21.9,49.7,178,21.19,1007.8,ward_06_thiruvika_nagar,13.111,80.245,ECMWF_ERA5_Reanalysis
2023-05-23,35.3,27.9,30.7,41.6,32.3,35.8,0.0,21.7,44.3,177,24.57,1007.7,ward_06_thiruvika_nagar,13.111,80.245,ECMWF_ERA5_Reanalysis
2023-05-24,36.3,28.3,31.3,42.8,31.7,36.1,0.0,26.0,49.0,184,24.27,1006.7,ward_06_thiruvika_nagar,13.111,80.245,ECMWF_ERA5_Reanalysis
2023-05-25,38.5,29.0,32.7,44.2,33.1,37.0,0.9,21.9,42.5,212,23.5,1006.4,ward_06_thiruvika_nagar,13.111,80.245,ECMWF_ERA5_Reanalysis
2023-05-26,38.3,29.3,32.1,44.7,32.4,36.7,0.3,18.3,35.6,205,24.08,1007.0,ward_06_thiruvika_nagar,13.111,80.245,ECMWF_ERA5_Reanalysis
2023-05-27,37.7,28.2,31.9,43.6,31.9,36.9,0.0,14.9,31.3,208,22.59,1005.3,ward_06_thiruvika_nagar,13.111,80.245,ECMWF_ERA5_Reanalysis
2023-05-28,36.0,28.2,31.0,41.0,32.9,36.5,7.2,16.2,33.1,200,19.08,1004.7,ward_06_thiruvika_nagar,13.111,80.245,ECMWF_ERA5_Reanalysis
2023-05-29,34.6,27.9,31.1,42.9,31.4,37.0,0.0,20.2,42.1,174,24.18,1005.2,ward_06_thiruvika_nagar,13.111,80.245,ECMWF_ERA5_Reanalysis
2023-05-30,35.1,27.2,30.3,41.9,31.2,35.8,0.3,21.0,42.5,186,23.66,1006.4,ward_06_thiruvika_nagar,13.111,80.245,ECMWF_ERA5_Reanalysis
2023-05-31,34.4,26.4,29.9,41.4,31.5,35.4,0.0,18.6,39.2,171,24.29,1005.6,ward_06_thiruvika_nagar,13.111,80.245,ECMWF_ERA5_Reanalysis
2023-06-01,36.7,28.5,31.9,43.1,33.4,36.7,0.0,22.5,45.4,195,24.16,1004.1,ward_06_thiruvika_nagar,13.111,80.245,ECMWF_ERA5_Reanalysis
2023-06-02,38.7,29.3,32.4,44.2,31.9,36.8,0.0,16.6,34.9,196,23.73,1003.9,ward_06_thiruvika_nagar,13.111,80.245,ECMWF_ERA5_Reanalysis
2023-06-03,39.1,29.3,32.5,45.6,32.5,37.2,0.0,18.2,32.4,214,22.28,1003.5,ward_06_thiruvika_nagar,13.111,80.245,ECMWF_ERA5_Reanalysis
2023-06-04,37.9,29.2,32.4,42.9,31.8,36.2,0.6,22.1,39.6,234,21.96,1003.8,ward_06_thiruvika_nagar,13.111,80.245,ECMWF_ERA5_Reanalysis
2023-06-05,37.9,28.7,32.1,44.0,32.4,36.3,0.2,19.4,38.2,207,23.67,1003.3,ward_06_thiruvika_nagar,13.111,80.245,ECMWF_ERA5_Reanalysis
2023-06-06,39.8,28.4,32.6,43.5,31.3,36.4,0.1,20.6,38.9,223,23.04,1002.5,ward_06_thiruvika_nagar,13.111,80.245,ECMWF_ERA5_Reanalysis
2023-06-07,35.1,27.5,31.5,40.6,32.1,35.5,16.8,19.9,34.6,222,15.14,1003.0,ward_06_thiruvika_nagar,13.111,80.245,ECMWF_ERA5_Reanalysis
2023-06-08,37.1,30.2,32.2,43.9,32.0,35.6,0.0,20.4,38.5,226,20.33,1002.9,ward_06_thiruvika_nagar,13.111,80.245,ECMWF_ERA5_Reanalysis
2023-06-09,38.5,28.7,32.1,45.7,31.2,35.9,1.4,31.7,59.8,236,22.57,1001.7,ward_06_thiruvika_nagar,13.111,80.245,ECMWF_ERA5_Reanalysis
2023-06-10,38.7,28.6,32.0,44.2,31.7,36.1,0.8,22.0,43.6,243,22.9,1001.5,ward_06_thiruvika_nagar,13.111,80.245,ECMWF_ERA5_Reanalysis
2023-06-11,38.3,28.6,31.8,43.9,31.2,35.5,5.8,24.3,46.8,249,23.19,1001.9,ward_06_thiruvika_nagar,13.111,80.245,ECMWF_ERA5_Reanalysis
2023-06-12,38.8,28.4,32.5,43.2,32.1,35.8,0.3,20.1,43.2,249,23.68,1001.7,ward_06_thiruvika_nagar,13.111,80.245,ECMWF_ERA5_Reanalysis
2023-06-13,38.0,28.7,32.4,43.2,32.0,36.3,0.0,18.8,39.2,229,24.25,1002.2,ward_06_thiruvika_nagar,13.111,80.245,ECMWF_ERA5_Reanalysis
2023-06-14,39.4,29.6,33.1,43.4,31.5,36.6,0.0,19.1,36.0,242,24.26,1003.4,ward_06_thiruvika_nagar,13.111,80.245,ECMWF_ERA5_Reanalysis
2023-06-15,38.7,30.2,32.8,43.3,31.1,36.2,0.0,19.0,36.7,218,24.51,1003.5,ward_06_thiruvika_nagar,13.111,80.245,ECMWF_ERA5_Reanalysis
2023-06-16,39.6,29.6,33.7,44.0,32.8,37.4,1.2,19.5,38.2,219,24.28,1002.4,ward_06_thiruvika_nagar,13.111,80.245,ECMWF_ERA5_Reanalysis
2023-06-17,37.5,29.2,32.6,41.2,31.9,35.1,0.0,20.9,40.3,233,13.84,1002.9,ward_06_thiruvika_nagar,13.111,80.245,ECMWF_ERA5_Reanalysis
2023-06-18,34.3,27.0,29.9,40.9,30.7,34.1,3.0,22.8,39.6,218,14.25,1003.3,ward_06_thiruvika_nagar,13.111,80.245,ECMWF_ERA5_Reanalysis
2023-06-19,32.0,25.8,27.9,35.8,29.1,31.6,16.8,22.1,42.8,233,14.63,1002.9,ward_06_thiruvika_nagar,13.111,80.245,ECMWF_ERA5_Reanalysis
2023-06-20,34.3,25.7,29.8,38.8,27.9,33.4,2.1,28.2,50.4,232,19.36,1002.0,ward_06_thiruvika_nagar,13.111,80.245,ECMWF_ERA5_Reanalysis
2023-06-21,33.0,26.2,29.4,39.8,30.6,34.6,1.2,17.7,36.4,216,18.72,1003.1,ward_06_thiruvika_nagar,13.111,80.245,ECMWF_ERA5_Reanalysis
2023-06-22,33.2,27.2,29.8,39.9,32.2,35.1,0.5,14.1,29.5,209,18.21,1003.4,ward_06_thiruvika_nagar,13.111,80.245,ECMWF_ERA5_Reanalysis
2023-06-23,34.4,26.8,30.1,41.0,31.0,35.7,0.3,15.5,32.8,210,20.57,1003.5,ward_06_thiruvika_nagar,13.111,80.245,ECMWF_ERA5_Reanalysis
2023-06-24,34.0,27.7,30.5,38.5,31.5,35.1,0.2,14.8,30.6,235,17.4,1003.0,ward_06_thiruvika_nagar,13.111,80.245,ECMWF_ERA5_Reanalysis
2023-06-25,34.1,28.3,30.5,37.8,31.0,34.5,0.0,19.2,33.8,208,17.19,1002.9,ward_06_thiruvika_nagar,13.111,80.245,ECMWF_ERA5_Reanalysis
2023-06-26,34.9,27.9,30.4,40.9,32.1,34.8,0.9,18.2,34.2,232,20.39,1003.6,ward_06_thiruvika_nagar,13.111,80.245,ECMWF_ERA5_Reanalysis
2023-06-27,36.0,27.7,31.2,39.9,31.7,35.3,0.0,22.3,38.5,209,20.26,1003.7,ward_06_thiruvika_nagar,13.111,80.245,ECMWF_ERA5_Reanalysis
2023-06-28,35.7,27.7,30.8,39.8,30.3,34.5,2.8,20.4,36.7,222,23.26,1004.8,ward_06_thiruvika_nagar,13.111,80.245,ECMWF_ERA5_Reanalysis
2023-06-29,36.2,27.5,31.0,40.9,31.0,35.2,0.9,17.3,35.3,241,23.34,1005.1,ward_06_thiruvika_nagar,13.111,80.245,ECMWF_ERA5_Reanalysis
2023-06-30,36.3,26.8,31.2,41.4,30.4,35.0,0.0,17.8,33.1,228,23.99,1004.9,ward_06_thiruvika_nagar,13.111,80.245,ECMWF_ERA5_Reanalysis
2023-07-01,34.9,28.3,30.7,38.8,31.4,34.1,0.6,23.7,45.0,254,17.86,1005.0,ward_06_thiruvika_nagar,13.111,80.245,ECMWF_ERA5_Reanalysis
2023-07-02,33.5,26.5,29.0,37.3,31.6,33.9,3.9,15.5,29.5,232,11.25,1004.2,ward_06_thiruvika_nagar,13.111,80.245,ECMWF_ERA5_Reanalysis
2023-07-03,33.2,25.4,28.4,37.3,29.6,32.8,17.7,21.4,41.8,230,14.31,1003.2,ward_06_thiruvika_nagar,13.111,80.245,ECMWF_ERA5_Reanalysis
2023-07-04,32.2,26.2,28.2,36.1,30.2,32.9,13.2,17.6,36.7,233,14.82,1001.6,ward_06_thiruvika_nagar,13.111,80.245,ECMWF_ERA5_Reanalysis
2023-07-05,34.2,25.8,28.5,38.7,29.2,32.8,18.4,20.9,48.2,240,18.47,1000.2,ward_06_thiruvika_nagar,13.111,80.245,ECMWF_ERA5_Reanalysis
2023-07-06,31.9,27.1,29.0,37.5,29.1,32.8,0.1,21.9,42.5,231,14.06,1002.9,ward_06_thiruvika_nagar,13.111,80.245,ECMWF_ERA5_Reanalysis
2023-07-07,34.1,27.1,30.0,38.5,30.2,33.6,0.4,19.3,38.9,219,20.33,1005.0,ward_06_thiruvika_nagar,13.111,80.245,ECMWF_ERA5_Reanalysis
2023-07-08,34.3,27.2,30.3,39.6,31.0,34.3,0.3,18.1,40.7,239,22.29,1005.8,ward_06_thiruvika_nagar,13.111,80.245,ECMWF_ERA5_Reanalysis
2023-07-09,35.3,26.4,29.9,40.1,30.6,34.2,9.7,16.2,34.2,256,23.12,1005.1,ward_06_thiruvika_nagar,13.111,80.245,ECMWF_ERA5_Reanalysis
2023-07-10,31.3,25.1,27.8,36.5,28.4,33.2,22.4,17.3,33.1,216,12.39,1005.1,ward_06_thiruvika_nagar,13.111,80.245,ECMWF_ERA5_Reanalysis
2023-07-11,31.8,25.7,28.4,36.5,29.8,32.9,10.8,17.6,32.0,239,11.58,1004.2,ward_06_thiruvika_nagar,13.111,80.245,ECMWF_ERA5_Reanalysis
2023-07-12,32.5,24.5,27.6,39.2,28.3,32.9,16.2,15.1,37.1,222,17.75,1004.5,ward_06_thiruvika_nagar,13.111,80.245,ECMWF_ERA5_Reanalysis
2023-07-13,32.7,26.1,28.9,37.3,30.6,33.8,0.6,14.3,31.3,224,18.83,1004.5,ward_06_thiruvika_nagar,13.111,80.245,ECMWF_ERA5_Reanalysis
2023-07-14,33.9,26.9,30.0,39.3,29.9,34.2,0.3,17.0,34.9,227,21.2,1005.0,ward_06_thiruvika_nagar,13.111,80.245,ECMWF_ERA5_Reanalysis
2023-07-15,35.2,27.3,31.0,39.5,30.4,35.0,0.0,18.2,35.6,251,22.28,1004.5,ward_06_thiruvika_nagar,13.111,80.245,ECMWF_ERA5_Reanalysis
2023-07-16,34.1,27.5,30.4,38.8,31.7,34.7,1.0,15.0,32.8,230,16.38,1004.1,ward_06_thiruvika_nagar,13.111,80.245,ECMWF_ERA5_Reanalysis
2023-07-17,35.7,27.7,30.4,40.5,30.4,34.6,1.1,15.9,37.4,234,22.07,1003.4,ward_06_thiruvika_nagar,13.111,80.245,ECMWF_ERA5_Reanalysis
2023-07-18,36.1,27.7,31.1,38.4,30.5,34.5,0.1,23.9,47.5,241,19.3,1002.4,ward_06_thiruvika_nagar,13.111,80.245,ECMWF_ERA5_Reanalysis
2023-07-19,36.3,28.3,31.1,37.0,30.0,32.8,0.4,27.8,54.0,251,19.18,1001.5,ward_06_thiruvika_nagar,13.111,80.245,ECMWF_ERA5_Reanalysis
2023-07-20,36.2,28.3,31.7,36.8,29.2,32.9,0.0,29.2,56.9,259,15.97,1001.1,ward_06_thiruvika_nagar,13.111,80.245,ECMWF_ERA5_Reanalysis
2023-07-21,36.0,29.1,31.9,37.9,30.2,33.2,0.0,27.0,51.8,268,17.96,1002.1,ward_06_thiruvika_nagar,13.111,80.245,ECMWF_ERA5_Reanalysis
2023-07-22,34.6,27.8,30.9,37.1,29.7,33.1,1.1,23.9,47.9,259,14.17,1004.0,ward_06_thiruvika_nagar,13.111,80.245,ECMWF_ERA5_Reanalysis
2023-07-23,29.2,25.7,27.3,34.4,29.2,31.3,11.1,19.6,36.4,227,7.07,1004.7,ward_06_thiruvika_nagar,13.111,80.245,ECMWF_ERA5_Reanalysis
2023-07-24,29.5,25.5,27.0,34.0,29.2,31.4,10.3,15.6,31.3,231,7.82,1004.1,ward_06_thiruvika_nagar,13.111,80.245,ECMWF_ERA5_Reanalysis
2023-07-25,28.6,24.7,26.5,33.0,28.0,30.6,15.8,17.5,32.4,242,7.75,1004.1,ward_06_thiruvika_nagar,13.111,80.245,ECMWF_ERA5_Reanalysis
2023-07-26,28.8,25.0,26.7,32.7,27.9,30.2,5.3,20.5,36.0,241,8.11,1004.8,ward_06_thiruvika_nagar,13.111,80.245,ECMWF_ERA5_Reanalysis
2023-07-27,34.6,25.5,29.6,37.5,27.8,32.5,0.0,24.7,51.5,242,24.08,1004.9,ward_06_thiruvika_nagar,13.111,80.245,ECMWF_ERA5_Reanalysis
2023-07-28,35.3,27.0,30.7,38.3,29.0,33.4,0.5,24.3,46.4,264,24.24,1004.4,ward_06_thiruvika_nagar,13.111,80.245,ECMWF_ERA5_Reanalysis
2023-07-29,35.5,27.5,31.0,38.3,29.6,33.6,0.0,26.3,50.4,278,23.81,1004.2,ward_06_thiruvika_nagar,13.111,80.245,ECMWF_ERA5_Reanalysis
2023-07-30,35.5,28.2,31.0,39.1,30.2,34.1,0.0,22.7,45.7,280,23.36,1003.8,ward_06_thiruvika_nagar,13.111,80.245,ECMWF_ERA5_Reanalysis
2023-07-31,34.8,27.8,30.4,39.2,30.4,34.3,0.7,18.4,42.1,270,21.15,1003.8,ward_06_thiruvika_nagar,13.111,80.245,ECMWF_ERA5_Reanalysis
2023-08-01,35.2,27.4,30.8,38.5,30.3,33.9,1.3,22.4,46.4,265,16.07,1003.7,ward_06_thiruvika_nagar,13.111,80.245,ECMWF_ERA5_Reanalysis
2023-08-02,36.0,28.4,31.7,37.7,29.6,33.4,0.0,22.8,45.0,263,22.12,1004.5,ward_06_thiruvika_nagar,13.111,80.245,ECMWF_ERA5_Reanalysis
2023-08-03,37.0,28.5,31.5,40.3,29.2,33.9,0.7,20.9,45.4,251,23.11,1004.3,ward_06_thiruvika_nagar,13.111,80.245,ECMWF_ERA5_Reanalysis
2023-08-04,36.8,27.6,30.8,41.2,30.7,34.5,0.9,19.5,38.9,219,21.74,1006.4,ward_06_thiruvika_nagar,13.111,80.245,ECMWF_ERA5_Reanalysis
2023-08-05,36.4,28.3,31.2,41.4,31.0,34.9,0.6,18.7,35.6,212,22.45,1007.4,ward_06_thiruvika_nagar,13.111,80.245,ECMWF_ERA5_Reanalysis
2023-08-06,36.0,24.3,30.3,41.4,27.8,34.9,15.4,18.1,36.7,220,22.59,1006.8,ward_06_thiruvika_nagar,13.111,80.245,ECMWF_ERA5_Reanalysis
2023-08-07,35.6,26.2,30.1,40.7,29.3,34.7,0.8,18.7,36.7,187,21.14,1004.9,ward_06_thiruvika_nagar,13.111,80.245,ECMWF_ERA5_Reanalysis
2023-08-08,35.1,24.4,30.0,41.3,27.8,34.9,1.7,18.7,35.6,189,20.02,1005.3,ward_06_thiruvika_nagar,13.111,80.245,ECMWF_ERA5_Reanalysis
2023-08-09,34.4,26.7,30.0,42.0,31.6,35.2,1.9,15.0,28.8,198,21.04,1007.0,ward_06_thiruvika_nagar,13.111,80.245,ECMWF_ERA5_Reanalysis
2023-08-10,35.0,25.3,29.7,40.2,29.6,34.3,0.7,14.6,32.0,230,21.69,1007.4,ward_06_thiruvika_nagar,13.111,80.245,ECMWF_ERA5_Reanalysis
2023-08-11,33.9,26.6,29.0,40.6,29.7,33.6,2.3,17.0,32.0,249,20.31,1006.6,ward_06_thiruvika_nagar,13.111,80.245,ECMWF_ERA5_Reanalysis
2023-08-12,35.3,25.2,28.9,42.7,29.4,34.0,18.3,17.7,33.8,243,23.62,1006.1,ward_06_thiruvika_nagar,13.111,80.245,ECMWF_ERA5_Reanalysis
2023-08-13,34.5,25.2,29.2,41.3,29.8,34.7,8.1,14.8,27.4,224,21.66,1005.5,ward_06_thiruvika_nagar,13.111,80.245,ECMWF_ERA5_Reanalysis
2023-08-14,33.5,25.8,28.4,41.8,30.1,33.6,11.4,18.8,32.4,205,23.0,1006.2,ward_06_thiruvika_nagar,13.111,80.245,ECMWF_ERA5_Reanalysis
2023-08-15,33.5,25.4,29.1,41.2,30.2,34.7,2.7,17.3,28.8,200,22.16,1006.3,ward_06_thiruvika_nagar,13.111,80.245,ECMWF_ERA5_Reanalysis
2023-08-16,34.3,26.5,29.7,42.0,30.7,34.9,0.5,17.2,30.2,197,23.7,1006.3,ward_06_thiruvika_nagar,13.111,80.245,ECMWF_ERA5_Reanalysis
2023-08-17,35.4,24.9,29.6,40.7,27.2,34.0,8.5,21.3,41.8,217,22.42,1005.7,ward_06_thiruvika_nagar,13.111,80.245,ECMWF_ERA5_Reanalysis
2023-08-18,35.4,24.4,29.2,39.0,25.8,33.4,0.8,22.6,39.2,221,19.93,1004.3,ward_06_thiruvika_nagar,13.111,80.245,ECMWF_ERA5_Reanalysis
2023-08-19,35.6,27.1,30.0,40.8,29.6,34.2,0.5,16.5,34.6,242,22.63,1003.8,ward_06_thiruvika_nagar,13.111,80.245,ECMWF_ERA5_Reanalysis
2023-08-20,34.1,26.6,29.6,41.0,29.9,34.0,0.7,17.6,33.5,194,22.03,1004.3,ward_06_thiruvika_nagar,13.111,80.245,ECMWF_ERA5_Reanalysis
2023-08-21,34.3,27.5,30.1,41.8,31.8,35.6,1.8,13.4,28.4,165,23.68,1004.1,ward_06_thiruvika_nagar,13.111,80.245,ECMWF_ERA5_Reanalysis
2023-08-22,32.9,25.5,29.4,39.2,29.9,34.8,8.8,16.9,36.4,192,22.24,1004.6,ward_06_thiruvika_nagar,13.111,80.245,ECMWF_ERA5_Reanalysis
2023-08-23,33.5,26.2,29.2,41.1,30.9,34.8,5.6,17.9,36.0,185,23.58,1004.8,ward_06_thiruvika_nagar,13.111,80.245,ECMWF_ERA5_Reanalysis
2023-08-24,33.7,26.5,29.5,41.4,31.1,35.2,1.2,19.2,33.5,182,22.79,1004.3,ward_06_thiruvika_nagar,13.111,80.245,ECMWF_ERA5_Reanalysis
2023-08-25,35.1,26.9,30.0,41.4,31.0,35.0,0.1,20.1,36.4,184,23.92,1004.5,ward_06_thiruvika_nagar,13.111,80.245,ECMWF_ERA5_Reanalysis
2023-08-26,34.3,27.4,29.8,42.3,31.2,35.2,7.2,20.2,34.9,190,23.13,1005.8,ward_06_thiruvika_nagar,13.111,80.245,ECMWF_ERA5_Reanalysis
2023-08-27,33.0,25.7,29.1,39.1,30.7,34.6,12.4,16.7,28.8,219,18.92,1006.5,ward_06_thiruvika_nagar,13.111,80.245,ECMWF_ERA5_Reanalysis
2023-08-28,34.9,26.7,30.1,40.1,30.9,34.4,18.7,18.9,34.2,217,19.61,1005.4,ward_06_thiruvika_nagar,13.111,80.245,ECMWF_ERA5_Reanalysis
2023-08-29,34.2,25.5,29.2,40.9,30.3,34.4,8.6,17.0,32.8,201,19.27,1005.0,ward_06_thiruvika_nagar,13.111,80.245,ECMWF_ERA5_Reanalysis
2023-08-30,34.3,25.1,29.1,39.5,27.8,34.1,8.3,21.0,49.3,265,23.49,1005.4,ward_06_thiruvika_nagar,13.111,80.245,ECMWF_ERA5_Reanalysis
2023-08-31,34.7,24.7,29.2,41.6,27.9,34.5,3.6,16.9,40.3,242,23.69,1005.3,ward_06_thiruvika_nagar,13.111,80.245,ECMWF_ERA5_Reanalysis
2023-09-01,33.4,25.5,29.1,41.2,29.2,34.4,3.5,21.4,40.0,200,24.15,1005.3,ward_06_thiruvika_nagar,13.111,80.245,ECMWF_ERA5_Reanalysis
2023-09-02,34.1,26.8,30.0,41.5,30.9,35.4,2.3,18.0,40.3,217,24.13,1004.6,ward_06_thiruvika_nagar,13.111,80.245,ECMWF_ERA5_Reanalysis
2023-09-03,34.0,25.9,28.8,39.4,28.6,33.2,1.5,17.7,31.3,246,20.86,1003.5,ward_06_thiruvika_nagar,13.111,80.245,ECMWF_ERA5_Reanalysis
2023-09-04,32.2,25.4,28.7,34.6,28.1,31.8,5.5,24.6,47.2,267,15.61,1001.6,ward_06_thiruvika_nagar,13.111,80.245,ECMWF_ERA5_Reanalysis
2023-09-05,32.3,25.7,27.9,34.9,28.3,30.6,0.1,26.5,52.6,260,13.87,1001.9,ward_06_thiruvika_nagar,13.111,80.245,ECMWF_ERA5_Reanalysis
2023-09-06,33.0,26.0,29.1,37.5,29.1,32.7,6.4,19.3,39.2,221,18.34,1002.7,ward_06_thiruvika_nagar,13.111,80.245,ECMWF_ERA5_Reanalysis
2023-09-07,33.7,26.0,29.0,38.6,29.9,33.2,18.7,18.0,36.4,214,20.78,1003.8,ward_06_thiruvika_nagar,13.111,80.245,ECMWF_ERA5_Reanalysis
2023-09-08,33.8,25.9,29.4,39.2,30.1,33.9,2.3,23.5,40.7,204,22.41,1004.6,ward_06_thiruvika_nagar,13.111,80.245,ECMWF_ERA5_Reanalysis
2023-09-09,34.2,26.4,29.9,40.0,30.1,34.2,0.4,18.6,41.0,207,20.98,1004.0,ward_06_thiruvika_nagar,13.111,80.245,ECMWF_ERA5_Reanalysis
2023-09-10,34.1,27.3,30.1,37.1,30.4,33.9,0.0,15.2,30.2,226,14.41,1003.4,ward_06_thiruvika_nagar,13.111,80.245,ECMWF_ERA5_Reanalysis
2023-09-11,34.9,27.2,30.0,39.3,31.0,34.1,0.0,19.1,38.5,239,19.96,1003.6,ward_06_thiruvika_nagar,13.111,80.245,ECMWF_ERA5_Reanalysis
2023-09-12,35.3,26.8,29.5,40.0,30.3,33.2,5.6,18.9,38.2,243,20.01,1004.1,ward_06_thiruvika_nagar,13.111,80.245,ECMWF_ERA5_Reanalysis
2023-09-13,35.2,26.5,30.1,39.6,30.0,34.0,0.6,20.9,41.0,216,20.04,1004.0,ward_06_thiruvika_nagar,13.111,80.245,ECMWF_ERA5_Reanalysis
2023-09-14,36.1,26.0,29.8,40.5,29.7,33.1,2.5,23.0,39.6,221,20.18,1004.3,ward_06_thiruvika_nagar,13.111,80.245,ECMWF_ERA5_Reanalysis
2023-09-15,34.8,25.7,29.3,39.9,29.2,33.9,0.9,19.1,38.5,223,23.26,1004.9,ward_06_thiruvika_nagar,13.111,80.245,ECMWF_ERA5_Reanalysis
2023-09-16,33.9,26.0,28.8,39.7,29.8,33.8,16.7,23.2,37.1,217,18.92,1005.3,ward_06_thiruvika_nagar,13.111,80.245,ECMWF_ERA5_Reanalysis
2023-09-17,32.6,25.6,27.7,39.3,28.5,32.9,4.9,21.6,45.0,234,18.44,1004.7,ward_06_thiruvika_nagar,13.111,80.245,ECMWF_ERA5_Reanalysis
2023-09-18,33.1,25.0,27.9,40.3,28.5,33.0,4.2,18.4,42.1,215,20.92,1004.6,ward_06_thiruvika_nagar,13.111,80.245,ECMWF_ERA5_Reanalysis
2023-09-19,33.7,25.2,28.9,39.8,28.7,33.5,0.3,15.7,31.0,222,19.23,1005.5,ward_06_thiruvika_nagar,13.111,80.245,ECMWF_ERA5_Reanalysis
2023-09-20,34.0,26.0,29.2,40.6,30.2,34.4,0.2,15.1,28.8,217,20.79,1005.9,ward_06_thiruvika_nagar,13.111,80.245,ECMWF_ERA5_Reanalysis
2023-09-21,32.0,25.6,28.5,38.7,30.1,34.1,5.1,16.1,28.1,196,18.05,1006.5,ward_06_thiruvika_nagar,13.111,80.245,ECMWF_ERA5_Reanalysis
2023-09-22,32.8,25.5,28.9,40.4,30.0,34.2,2.6,17.3,33.1,193,23.0,1006.4,ward_06_thiruvika_nagar,13.111,80.245,ECMWF_ERA5_Reanalysis
2023-09-23,32.1,25.4,28.8,40.3,29.7,34.5,17.3,18.5,33.5,191,22.35,1006.5,ward_06_thiruvika_nagar,13.111,80.245,ECMWF_ERA5_Reanalysis
2023-09-24,33.8,24.6,28.2,40.9,28.5,33.6,18.6,17.1,32.4,246,22.4,1006.1,ward_06_thiruvika_nagar,13.111,80.245,ECMWF_ERA5_Reanalysis
2023-09-25,33.2,25.0,28.6,41.4,29.1,34.4,9.2,14.2,28.8,245,22.76,1004.9,ward_06_thiruvika_nagar,13.111,80.245,ECMWF_ERA5_Reanalysis
2023-09-26,32.8,24.8,27.8,40.3,28.2,32.9,21.7,18.4,40.3,245,21.78,1005.0,ward_06_thiruvika_nagar,13.111,80.245,ECMWF_ERA5_Reanalysis
2023-09-27,33.1,25.0,28.0,41.5,29.0,33.8,5.3,13.0,31.0,236,22.84,1004.9,ward_06_thiruvika_nagar,13.111,80.245,ECMWF_ERA5_Reanalysis
2023-09-28,33.7,25.7,28.8,40.2,29.7,34.1,8.2,16.7,32.8,253,22.79,1004.4,ward_06_thiruvika_nagar,13.111,80.245,ECMWF_ERA5_Reanalysis
2023-09-29,33.0,26.3,28.5,39.9,29.9,33.8,9.8,18.5,35.6,238,22.69,1004.9,ward_06_thiruvika_nagar,13.111,80.245,ECMWF_ERA5_Reanalysis
2023-09-30,32.4,25.7,28.7,38.2,30.1,34.0,2.7,18.6,34.6,208,20.74,1005.5,ward_06_thiruvika_nagar,13.111,80.245,ECMWF_ERA5_Reanalysis
2023-10-01,32.7,26.2,29.1,38.9,29.3,33.5,2.7,17.8,36.4,203,20.96,1005.1,ward_06_thiruvika_nagar,13.111,80.245,ECMWF_ERA5_Reanalysis
2023-10-02,33.4,26.5,29.6,38.6,29.4,33.8,0.3,21.2,38.9,208,22.06,1005.4,ward_06_thiruvika_nagar,13.111,80.245,ECMWF_ERA5_Reanalysis
2023-10-03,34.5,26.7,29.9,39.4,30.0,34.2,0.1,18.8,33.1,213,22.75,1006.1,ward_06_thiruvika_nagar,13.111,80.245,ECMWF_ERA5_Reanalysis
2023-10-04,33.9,26.3,29.1,41.0,30.6,34.6,10.0,14.2,27.7,219,21.14,1006.7,ward_06_thiruvika_nagar,13.111,80.245,ECMWF_ERA5_Reanalysis
2023-10-05,34.4,25.2,28.7,42.1,29.1,34.0,5.5,18.1,36.0,241,21.78,1006.5,ward_06_thiruvika_nagar,13.111,80.245,ECMWF_ERA5_Reanalysis
2023-10-06,34.2,26.1,28.9,41.1,29.2,34.1,3.1,17.8,30.6,223,19.18,1005.7,ward_06_thiruvika_nagar,13.111,80.245,ECMWF_ERA5_Reanalysis
2023-10-07,33.1,26.0,29.1,41.4,31.5,35.5,2.6,15.5,34.6,187,21.79,1006.3,ward_06_thiruvika_nagar,13.111,80.245,ECMWF_ERA5_Reanalysis
2023-10-08,32.7,25.9,29.0,39.7,31.2,34.7,0.0,16.4,33.5,187,22.69,1008.1,ward_06_thiruvika_nagar,13.111,80.245,ECMWF_ERA5_Reanalysis
2023-10-09,32.4,26.2,28.9,39.9,31.5,34.7,1.4,16.3,34.2,190,22.19,1009.4,ward_06_thiruvika_nagar,13.111,80.245,ECMWF_ERA5_Reanalysis
2023-10-10,32.3,25.3,28.5,41.5,29.7,34.8,0.6,13.5,26.6,191,22.14,1008.7,ward_06_thiruvika_nagar,13.111,80.245,ECMWF_ERA5_Reanalysis
2023-10-11,32.0,23.9,28.2,40.0,29.0,34.6,0.2,11.8,25.2,129,22.95,1008.6,ward_06_thiruvika_nagar,13.111,80.245,ECMWF_ERA5_Reanalysis
2023-10-12,31.2,25.4,28.3,38.3,31.3,34.4,0.4,11.6,27.0,95,22.81,1009.8,ward_06_thiruvika_nagar,13.111,80.245,ECMWF_ERA5_Reanalysis
2023-10-13,30.2,24.7,27.6,36.6,30.2,33.3,1.8,10.5,27.0,62,19.08,1010.8,ward_06_thiruvika_nagar,13.111,80.245,ECMWF_ERA5_Reanalysis
2023-10-14,29.2,23.8,26.7,34.7,28.4,32.1,22.5,11.0,24.1,81,14.72,1010.6,ward_06_thiruvika_nagar,13.111,80.245,ECMWF_ERA5_Reanalysis
2023-10-15,29.1,24.9,27.2,35.3,29.8,32.7,2.6,9.8,24.8,97,15.46,1009.2,ward_06_thiruvika_nagar,13.111,80.245,ECMWF_ERA5_Reanalysis
2023-10-16,29.6,24.9,27.1,35.7,29.5,32.8,12.6,10.9,25.2,116,17.77,1009.2,ward_06_thiruvika_nagar,13.111,80.245,ECMWF_ERA5_Reanalysis
2023-10-17,31.5,25.0,28.2,36.6,30.9,33.2,0.2,15.5,31.7,57,22.29,1009.9,ward_06_thiruvika_nagar,13.111,80.245,ECMWF_ERA5_Reanalysis
2023-10-18,31.2,25.0,28.4,36.4,29.6,32.7,0.1,15.6,32.8,58,22.17,1010.5,ward_06_thiruvika_nagar,13.111,80.245,ECMWF_ERA5_Reanalysis
2023-10-19,31.9,24.7,28.1,36.1,30.0,32.5,0.1,18.8,37.4,35,22.35,1010.3,ward_06_thiruvika_nagar,13.111,80.245,ECMWF_ERA5_Reanalysis
2023-10-20,31.6,24.6,28.1,36.9,29.1,32.8,0.2,14.8,31.3,39,22.31,1010.3,ward_06_thiruvika_nagar,13.111,80.245,ECMWF_ERA5_Reanalysis
2023-10-21,31.3,24.3,27.4,36.2,28.8,32.1,4.8,21.5,43.2,27,17.68,1010.7,ward_06_thiruvika_nagar,13.111,80.245,ECMWF_ERA5_Reanalysis
2023-10-22,31.7,25.0,28.1,36.2,29.8,32.7,2.4,18.6,38.9,24,20.69,1010.2,ward_06_thiruvika_nagar,13.111,80.245,ECMWF_ERA5_Reanalysis
2023-10-23,33.7,24.0,27.8,38.1,26.9,31.5,0.3,18.6,37.1,75,22.48,1009.5,ward_06_thiruvika_nagar,13.111,80.245,ECMWF_ERA5_Reanalysis
2023-10-24,33.3,23.2,27.8,37.8,25.6,31.2,0.1,17.9,35.6,161,22.35,1009.6,ward_06_thiruvika_nagar,13.111,80.245,ECMWF_ERA5_Reanalysis
2023-10-25,33.9,23.7,28.0,39.2,27.8,32.4,0.4,15.6,35.6,134,21.96,1010.7,ward_06_thiruvika_nagar,13.111,80.245,ECMWF_ERA5_Reanalysis
2023-10-26,30.6,23.9,27.6,36.2,28.0,32.1,1.4,18.2,31.3,60,19.05,1011.0,ward_06_thiruvika_nagar,13.111,80.245,ECMWF_ERA5_Reanalysis
2023-10-27,30.7,24.6,27.7,35.7,29.0,32.3,1.9,16.3,31.3,70,18.67,1009.9,ward_06_thiruvika_nagar,13.111,80.245,ECMWF_ERA5_Reanalysis
2023-10-28,30.2,24.5,27.4,35.3,29.0,32.0,4.8,14.9,33.1,68,17.7,1010.0,ward_06_thiruvika_nagar,13.111,80.245,ECMWF_ERA5_Reanalysis
2023-10-29,29.8,24.4,27.6,34.6,28.2,31.9,5.7,18.0,36.0,81,17.97,1009.9,ward_06_thiruvika_nagar,13.111,80.245,ECMWF_ERA5_Reanalysis
2023-10-30,30.0,24.3,26.7,34.8,29.2,31.6,8.9,16.4,32.0,23,16.21,1010.0,ward_06_thiruvika_nagar,13.111,80.245,ECMWF_ERA5_Reanalysis
2023-10-31,31.0,25.1,27.9,34.8,29.7,31.7,1.5,20.7,40.3,44,18.64,1010.1,ward_06_thiruvika_nagar,13.111,80.245,ECMWF_ERA5_Reanalysis
2023-11-01,30.4,25.2,27.4,35.2,29.5,31.5,13.4,21.8,43.6,50,17.86,1010.4,ward_06_thiruvika_nagar,13.111,80.245,ECMWF_ERA5_Reanalysis
2023-11-02,29.2,24.2,26.6,34.2,28.8,31.3,10.7,15.8,32.0,52,14.81,1009.7,ward_06_thiruvika_nagar,13.111,80.245,ECMWF_ERA5_Reanalysis
2023-11-03,29.1,24.3,26.3,34.3,28.3,31.0,14.2,16.5,33.1,52,16.03,1008.5,ward_06_thiruvika_nagar,13.111,80.245,ECMWF_ERA5_Reanalysis
2023-11-04,27.7,24.7,25.7,32.6,30.0,30.7,34.6,14.5,28.8,75,10.56,1008.7,ward_06_thiruvika_nagar,13.111,80.245,ECMWF_ERA5_Reanalysis
2023-11-05,28.8,23.9,25.7,35.5,28.4,30.8,22.2,11.1,24.8,96,11.75,1009.9,ward_06_thiruvika_nagar,13.111,80.245,ECMWF_ERA5_Reanalysis
2023-11-06,29.1,23.8,26.1,34.5,28.6,31.1,14.9,15.5,29.2,20,14.01,1010.9,ward_06_thiruvika_nagar,13.111,80.245,ECMWF_ERA5_Reanalysis
2023-11-07,28.9,24.2,26.2,33.3,28.7,30.9,13.8,16.6,33.8,42,16.27,1011.0,ward_06_thiruvika_nagar,13.111,80.245,ECMWF_ERA5_Reanalysis
2023-11-08,28.8,24.3,26.0,34.1,29.2,31.0,13.5,17.2,35.6,43,14.5,1010.7,ward_06_thiruvika_nagar,13.111,80.245,ECMWF_ERA5_Reanalysis
2023-11-09,28.6,23.5,25.7,33.9,27.6,30.5,12.8,15.7,37.1,51,12.97,1011.2,ward_06_thiruvika_nagar,13.111,80.245,ECMWF_ERA5_Reanalysis
2023-11-10,30.0,23.3,27.3,34.5,27.7,31.3,1.6,18.8,36.0,49,19.35,1012.1,ward_06_thiruvika_nagar,13.111,80.245,ECMWF_ERA5_Reanalysis
2023-11-11,30.0,25.3,27.7,33.4,29.2,30.6,0.0,21.9,42.1,43,19.28,1012.3,ward_06_thiruvika_nagar,13.111,80.245,ECMWF_ERA5_Reanalysis
2023-11-12,29.9,25.3,27.7,32.6,28.1,30.2,0.0,21.7,42.5,36,19.88,1012.2,ward_06_thiruvika_nagar,13.111,80.245,ECMWF_ERA5_Reanalysis
2023-11-13,29.9,24.9,27.3,33.3,27.8,30.1,3.8,23.7,45.0,36,18.3,1011.4,ward_06_thiruvika_nagar,13.111,80.245,ECMWF_ERA5_Reanalysis
2023-11-14,27.7,22.6,25.5,31.6,24.2,28.7,51.8,24.3,43.2,30,6.18,1010.7,ward_06_thiruvika_nagar,13.111,80.245,ECMWF_ERA5_Reanalysis
2023-11-15,25.1,23.4,24.2,28.7,25.2,27.1,35.4,22.6,43.2,11,5.13,1010.4,ward_06_thiruvika_nagar,13.111,80.245,ECMWF_ERA5_Reanalysis
2023-11-16,29.4,23.2,26.5,33.1,27.2,30.4,1.0,19.3,37.4,26,15.83,1010.3,ward_06_thiruvika_nagar,13.111,80.245,ECMWF_ERA5_Reanalysis
2023-11-17,29.5,24.3,27.4,33.6,29.2,31.5,2.2,21.2,41.0,42,18.09,1010.6,ward_06_thiruvika_nagar,13.111,80.245,ECMWF_ERA5_Reanalysis
2023-11-18,29.7,25.4,27.5,33.8,30.0,31.4,1.1,21.0,40.3,35,19.62,1010.6,ward_06_thiruvika_nagar,13.111,80.245,ECMWF_ERA5_Reanalysis
2023-11-19,29.7,25.3,27.3,33.9,29.2,31.0,0.2,19.7,38.5,37,19.86,1010.9,ward_06_thiruvika_nagar,13.111,80.245,ECMWF_ERA5_Reanalysis
2023-11-20,27.2,24.8,25.6,30.5,28.2,29.3,16.9,21.2,38.2,15,5.19,1010.1,ward_06_thiruvika_nagar,13.111,80.245,ECMWF_ERA5_Reanalysis
2023-11-21,27.5,24.2,25.5,33.0,28.9,30.6,25.3,14.8,30.2,69,9.29,1009.7,ward_06_thiruvika_nagar,13.111,80.245,ECMWF_ERA5_Reanalysis
2023-11-22,28.2,23.8,26.0,34.7,29.0,31.2,4.3,11.6,25.2,73,14.83,1009.5,ward_06_thiruvika_nagar,13.111,80.245,ECMWF_ERA5_Reanalysis
2023-11-23,26.6,24.7,25.7,31.7,29.7,30.5,10.8,12.1,26.3,69,12.14,1009.4,ward_06_thiruvika_nagar,13.111,80.245,ECMWF_ERA5_Reanalysis
2023-11-24,28.0,24.2,25.8,33.3,28.7,30.5,26.3,16.2,31.7,58,15.6,1009.6,ward_06_thiruvika_nagar,13.111,80.245,ECMWF_ERA5_Reanalysis
2023-11-25,28.6,23.9,26.4,33.3,28.4,30.5,5.1,19.4,41.4,45,15.36,1010.9,ward_06_thiruvika_nagar,13.111,80.245,ECMWF_ERA5_Reanalysis
2023-11-26,29.1,23.4,26.5,33.5,26.5,30.1,15.8,22.7,43.6,58,18.22,1011.7,ward_06_thiruvika_nagar,13.111,80.245,ECMWF_ERA5_Reanalysis
2023-11-27,29.7,24.0,26.8,34.0,28.0,31.1,3.2,16.9,33.8,73,16.66,1010.2,ward_06_thiruvika_nagar,13.111,80.245,ECMWF_ERA5_Reanalysis
2023-11-28,28.9,23.3,25.7,33.2,26.6,29.8,6.4,19.2,37.4,59,15.1,1009.6,ward_06_thiruvika_nagar,13.111,80.245,ECMWF_ERA5_Reanalysis
2023-11-29,27.5,23.1,25.0,31.2,27.0,29.1,13.7,19.2,36.7,48,11.58,1010.1,ward_06_thiruvika_nagar,13.111,80.245,ECMWF_ERA5_Reanalysis
2023-11-30,26.7,23.9,25.1,30.4,28.3,29.4,13.5,15.0,30.2,37,8.54,1010.5,ward_06_thiruvika_nagar,13.111,80.245,ECMWF_ERA5_Reanalysis
2023-12-01,29.4,23.4,26.5,32.8,26.8,29.7,3.3,24.2,45.4,26,17.27,1009.1,ward_06_thiruvika_nagar,13.111,80.245,ECMWF_ERA5_Reanalysis
2023-12-02,27.2,24.4,25.5,29.4,26.9,28.1,25.3,27.5,51.5,26,9.48,1007.2,ward_06_thiruvika_nagar,13.111,80.245,ECMWF_ERA5_Reanalysis
2023-12-03,26.1,24.1,24.9,28.1,24.9,27.0,54.0,34.4,61.2,3,6.28,1005.0,ward_06_thiruvika_nagar,13.111,80.245,ECMWF_ERA5_Reanalysis
2023-12-04,25.2,23.8,24.3,25.4,22.2,23.8,255.8,50.1,89.6,292,1.26,998.3,ward_06_thiruvika_nagar,13.111,80.245,ECMWF_ERA5_Reanalysis
2023-12-05,31.0,23.5,26.6,35.3,24.7,29.6,14.3,26.0,55.4,209,12.86,1004.4,ward_06_thiruvika_nagar,13.111,80.245,ECMWF_ERA5_Reanalysis
2023-12-06,30.1,23.1,26.0,37.3,26.9,31.2,17.1,15.6,28.8,185,15.92,1007.8,ward_06_thiruvika_nagar,13.111,80.245,ECMWF_ERA5_Reanalysis
2023-12-07,28.9,23.5,25.5,35.3,28.0,30.6,5.6,13.4,25.9,12,15.97,1009.1,ward_06_thiruvika_nagar,13.111,80.245,ECMWF_ERA5_Reanalysis
2023-12-08,28.7,23.7,26.2,33.7,28.5,30.7,1.5,14.4,29.9,40,15.85,1010.1,ward_06_thiruvika_nagar,13.111,80.245,ECMWF_ERA5_Reanalysis
2023-12-09,29.5,24.3,26.8,34.4,28.4,31.0,0.3,17.3,34.9,38,18.1,1011.0,ward_06_thiruvika_nagar,13.111,80.245,ECMWF_ERA5_Reanalysis
2023-12-10,29.0,24.6,26.7,32.7,28.8,30.3,0.0,18.9,37.1,37,18.53,1010.5,ward_06_thiruvika_nagar,13.111,80.245,ECMWF_ERA5_Reanalysis
2023-12-11,28.2,25.0,26.4,31.6,27.9,29.4,0.6,17.1,34.2,48,16.42,1011.1,ward_06_thiruvika_nagar,13.111,80.245,ECMWF_ERA5_Reanalysis
2023-12-12,28.1,23.5,25.6,30.9,26.4,28.4,1.4,18.2,36.0,45,17.25,1010.5,ward_06_thiruvika_nagar,13.111,80.245,ECMWF_ERA5_Reanalysis
2023-12-13,27.6,22.4,25.2,29.5,25.0,27.2,0.4,20.0,38.5,40,15.66,1011.2,ward_06_thiruvika_nagar,13.111,80.245,ECMWF_ERA5_Reanalysis
2023-12-14,29.0,23.9,26.2,31.1,25.8,27.9,0.4,22.2,43.6,31,17.82,1012.3,ward_06_thiruvika_nagar,13.111,80.245,ECMWF_ERA5_Reanalysis
2023-12-15,26.4,24.7,25.6,29.4,27.9,28.3,6.1,23.4,43.9,35,5.71,1012.3,ward_06_thiruvika_nagar,13.111,80.245,ECMWF_ERA5_Reanalysis
2023-12-16,28.3,24.3,26.2,31.1,27.9,29.2,3.2,22.6,42.8,53,15.39,1011.5,ward_06_thiruvika_nagar,13.111,80.245,ECMWF_ERA5_Reanalysis
2023-12-17,28.0,24.3,26.2,30.6,27.3,28.7,3.1,23.9,45.0,57,14.89,1011.3,ward_06_thiruvika_nagar,13.111,80.245,ECMWF_ERA5_Reanalysis
2023-12-18,27.5,24.9,26.0,29.0,26.3,27.8,0.3,24.8,46.4,46,15.96,1012.4,ward_06_thiruvika_nagar,13.111,80.245,ECMWF_ERA5_Reanalysis
2023-12-19,27.8,23.8,26.1,29.4,25.2,27.3,0.0,23.0,43.6,30,19.2,1013.0,ward_06_thiruvika_nagar,13.111,80.245,ECMWF_ERA5_Reanalysis
2023-12-20,28.0,24.8,26.2,30.3,26.4,27.9,0.0,21.7,41.8,30,17.02,1012.8,ward_06_thiruvika_nagar,13.111,80.245,ECMWF_ERA5_Reanalysis
2023-12-21,28.1,24.1,25.8,30.6,26.1,27.9,0.0,20.2,39.6,35,17.62,1012.6,ward_06_thiruvika_nagar,13.111,80.245,ECMWF_ERA5_Reanalysis
2023-12-22,27.8,22.8,24.9,30.2,25.4,27.3,0.0,17.9,36.4,28,18.54,1012.9,ward_06_thiruvika_nagar,13.111,80.245,ECMWF_ERA5_Reanalysis
2023-12-23,27.7,20.9,24.3,30.7,23.4,26.7,0.0,14.8,28.8,24,17.03,1013.7,ward_06_thiruvika_nagar,13.111,80.245,ECMWF_ERA5_Reanalysis
2023-12-24,28.4,21.7,25.4,29.7,23.4,27.5,0.4,24.7,46.8,19,14.35,1014.5,ward_06_thiruvika_nagar,13.111,80.245,ECMWF_ERA5_Reanalysis
2023-12-25,28.0,24.0,25.6,30.7,27.4,28.6,3.4,23.4,45.0,40,15.69,1013.9,ward_06_thiruvika_nagar,13.111,80.245,ECMWF_ERA5_Reanalysis
2023-12-26,27.9,21.3,24.9,29.9,23.7,27.4,0.1,23.1,44.3,22,16.92,1014.1,ward_06_thiruvika_nagar,13.111,80.245,ECMWF_ERA5_Reanalysis
2023-12-27,28.2,23.4,25.9,29.9,26.3,27.9,0.3,22.9,43.9,29,18.8,1014.4,ward_06_thiruvika_nagar,13.111,80.245,ECMWF_ERA5_Reanalysis
2023-12-28,28.4,24.3,26.0,31.1,27.5,28.7,2.0,22.7,43.6,35,17.22,1013.1,ward_06_thiruvika_nagar,13.111,80.245,ECMWF_ERA5_Reanalysis
2023-12-29,28.4,24.3,25.9,31.1,27.5,28.6,2.0,23.9,45.4,42,16.38,1013.3,ward_06_thiruvika_nagar,13.111,80.245,ECMWF_ERA5_Reanalysis
2023-12-30,28.3,23.9,25.6,31.4,26.6,28.2,0.9,18.8,36.4,38,18.68,1013.0,ward_06_thiruvika_nagar,13.111,80.245,ECMWF_ERA5_Reanalysis
2023-12-31,28.1,23.3,25.5,30.9,26.0,27.9,0.2,17.6,35.6,44,18.47,1012.6,ward_06_thiruvika_nagar,13.111,80.245,ECMWF_ERA5_Reanalysis
2024-01-01,28.7,22.9,25.5,31.5,25.5,27.7,0.0,17.1,34.6,41,18.68,1012.9,ward_06_thiruvika_nagar,13.111,80.245,ECMWF_ERA5_Reanalysis
2024-01-02,27.8,23.0,25.5,29.6,25.8,27.6,0.0,16.5,32.8,47,10.13,1012.1,ward_06_thiruvika_nagar,13.111,80.245,ECMWF_ERA5_Reanalysis
2024-01-03,28.2,23.7,26.1,29.5,26.4,28.0,0.0,16.9,34.6,63,13.43,1011.4,ward_06_thiruvika_nagar,13.111,80.245,ECMWF_ERA5_Reanalysis
2024-01-04,29.0,24.7,26.3,30.8,27.6,28.7,1.0,19.4,39.6,69,14.64,1011.3,ward_06_thiruvika_nagar,13.111,80.245,ECMWF_ERA5_Reanalysis
2024-01-05,29.0,24.5,26.5,31.4,27.7,29.1,0.3,16.9,33.5,45,13.82,1011.3,ward_06_thiruvika_nagar,13.111,80.245,ECMWF_ERA5_Reanalysis
2024-01-06,28.3,24.1,26.1,30.7,27.6,28.8,2.7,23.4,44.6,46,15.34,1011.3,ward_06_thiruvika_nagar,13.111,80.245,ECMWF_ERA5_Reanalysis
2024-01-07,26.6,24.1,25.4,29.3,26.6,28.0,20.3,23.8,44.3,43,10.0,1011.7,ward_06_thiruvika_nagar,13.111,80.245,ECMWF_ERA5_Reanalysis
2024-01-08,26.8,24.0,25.3,29.4,26.7,28.1,25.5,23.7,41.4,57,3.71,1012.2,ward_06_thiruvika_nagar,13.111,80.245,ECMWF_ERA5_Reanalysis
2024-01-09,28.4,25.4,26.5,31.4,27.8,29.0,0.1,20.7,41.0,55,17.32,1012.5,ward_06_thiruvika_nagar,13.111,80.245,ECMWF_ERA5_Reanalysis
2024-01-10,28.2,24.6,26.1,31.7,27.1,29.2,0.0,18.3,40.3,52,16.34,1012.2,ward_06_thiruvika_nagar,13.111,80.245,ECMWF_ERA5_Reanalysis
2024-01-11,28.2,23.9,25.9,31.9,27.2,29.1,0.0,16.4,33.8,42,19.63,1012.7,ward_06_thiruvika_nagar,13.111,80.245,ECMWF_ERA5_Reanalysis
2024-01-12,28.4,23.4,25.8,32.9,26.9,29.4,0.0,14.5,30.2,54,19.45,1012.7,ward_06_thiruvika_nagar,13.111,80.245,ECMWF_ERA5_Reanalysis
2024-01-13,28.5,22.1,25.2,32.6,25.7,29.1,0.2,14.7,31.0,40,19.09,1013.0,ward_06_thiruvika_nagar,13.111,80.245,ECMWF_ERA5_Reanalysis
2024-01-14,28.4,20.7,24.7,33.5,24.3,28.6,0.3,12.6,27.4,67,19.33,1012.4,ward_06_thiruvika_nagar,13.111,80.245,ECMWF_ERA5_Reanalysis
2024-01-15,28.4,21.5,24.8,32.5,23.4,28.0,0.0,11.7,25.2,76,20.42,1012.0,ward_06_thiruvika_nagar,13.111,80.245,ECMWF_ERA5_Reanalysis
2024-01-16,28.1,20.5,24.3,31.7,22.0,26.7,0.0,10.1,23.0,99,20.86,1010.9,ward_06_thiruvika_nagar,13.111,80.245,ECMWF_ERA5_Reanalysis
2024-01-17,28.1,20.5,24.2,32.6,22.1,27.1,0.0,13.2,27.4,92,20.49,1010.6,ward_06_thiruvika_nagar,13.111,80.245,ECMWF_ERA5_Reanalysis
2024-01-18,28.5,20.6,25.0,32.9,23.7,28.4,0.0,11.6,23.8,79,19.24,1011.0,ward_06_thiruvika_nagar,13.111,80.245,ECMWF_ERA5_Reanalysis
2024-01-19,28.6,22.2,25.3,33.2,25.4,29.0,0.1,13.8,29.9,57,19.02,1011.2,ward_06_thiruvika_nagar,13.111,80.245,ECMWF_ERA5_Reanalysis
2024-01-20,28.7,23.9,26.0,32.6,27.6,29.6,0.0,14.6,31.3,68,20.21,1012.4,ward_06_thiruvika_nagar,13.111,80.245,ECMWF_ERA5_Reanalysis
2024-01-21,29.1,22.2,25.4,33.4,25.1,29.0,0.0,12.6,28.1,97,20.59,1012.4,ward_06_thiruvika_nagar,13.111,80.245,ECMWF_ERA5_Reanalysis
2024-01-22,28.6,22.0,25.0,32.8,24.9,28.6,0.0,12.9,29.2,111,20.27,1013.4,ward_06_thiruvika_nagar,13.111,80.245,ECMWF_ERA5_Reanalysis
2024-01-23,29.0,22.5,25.8,32.7,25.6,29.0,0.0,15.3,32.0,124,20.16,1013.0,ward_06_thiruvika_nagar,13.111,80.245,ECMWF_ERA5_Reanalysis
2024-01-24,29.4,22.3,25.8,32.2,25.8,28.7,0.0,16.9,34.9,157,20.14,1012.4,ward_06_thiruvika_nagar,13.111,80.245,ECMWF_ERA5_Reanalysis
2024-01-25,29.2,21.3,25.5,32.8,24.5,28.9,0.0,15.3,32.0,136,20.3,1013.4,ward_06_thiruvika_nagar,13.111,80.245,ECMWF_ERA5_Reanalysis
2024-01-26,29.1,22.1,25.6,32.8,24.7,28.8,1.0,14.8,28.8,64,18.91,1015.1,ward_06_thiruvika_nagar,13.111,80.245,ECMWF_ERA5_Reanalysis
2024-01-27,29.3,24.0,26.3,32.7,27.1,29.3,0.3,16.6,34.2,53,20.2,1015.1,ward_06_thiruvika_nagar,13.111,80.245,ECMWF_ERA5_Reanalysis
2024-01-28,28.9,23.3,26.1,32.1,26.8,28.9,0.2,17.0,34.9,63,20.17,1014.9,ward_06_thiruvika_nagar,13.111,80.245,ECMWF_ERA5_Reanalysis
2024-01-29,28.7,22.9,25.6,30.8,25.3,27.4,0.0,16.9,35.3,47,21.91,1014.5,ward_06_thiruvika_nagar,13.111,80.245,ECMWF_ERA5_Reanalysis
2024-01-30,29.8,20.5,25.2,33.3,22.7,27.5,0.0,18.8,37.8,48,19.93,1013.4,ward_06_thiruvika_nagar,13.111,80.245,ECMWF_ERA5_Reanalysis
2024-01-31,29.4,22.2,26.2,33.8,25.4,29.5,0.0,13.8,30.6,76,19.61,1013.1,ward_06_thiruvika_nagar,13.111,80.245,ECMWF_ERA5_Reanalysis
2024-02-01,29.2,23.9,26.6,34.0,28.1,31.1,0.6,14.4,31.0,114,18.82,1013.0,ward_06_thiruvika_nagar,13.111,80.245,ECMWF_ERA5_Reanalysis
2024-02-02,29.9,23.5,26.8,34.6,27.9,31.1,0.3,15.0,32.0,131,19.67,1012.6,ward_06_thiruvika_nagar,13.111,80.245,ECMWF_ERA5_Reanalysis
2024-02-03,29.8,23.5,26.3,34.2,27.7,30.5,0.0,12.6,29.2,94,21.25,1013.5,ward_06_thiruvika_nagar,13.111,80.245,ECMWF_ERA5_Reanalysis
2024-02-04,30.0,22.6,26.2,34.2,25.9,30.1,0.0,13.4,30.6,72,21.82,1015.0,ward_06_thiruvika_nagar,13.111,80.245,ECMWF_ERA5_Reanalysis
2024-02-05,29.8,22.1,25.8,33.9,25.7,29.4,0.0,13.6,31.0,72,21.79,1015.1,ward_06_thiruvika_nagar,13.111,80.245,ECMWF_ERA5_Reanalysis
2024-02-06,29.8,21.6,25.7,34.2,25.0,29.4,0.0,13.7,31.3,78,21.83,1014.6,ward_06_thiruvika_nagar,13.111,80.245,ECMWF_ERA5_Reanalysis
2024-02-07,30.3,21.5,25.1,34.9,24.9,28.9,0.0,12.8,29.5,75,21.99,1014.0,ward_06_thiruvika_nagar,13.111,80.245,ECMWF_ERA5_Reanalysis
2024-02-08,31.0,21.0,25.3,35.4,24.1,29.2,0.0,12.3,28.8,127,22.62,1012.9,ward_06_thiruvika_nagar,13.111,80.245,ECMWF_ERA5_Reanalysis
2024-02-09,30.1,22.3,26.2,35.0,26.5,30.3,0.1,14.4,31.3,99,21.72,1013.7,ward_06_thiruvika_nagar,13.111,80.245,ECMWF_ERA5_Reanalysis
2024-02-10,30.9,24.4,27.5,34.7,28.6,31.0,0.1,16.2,34.9,89,21.18,1014.8,ward_06_thiruvika_nagar,13.111,80.245,ECMWF_ERA5_Reanalysis
2024-02-11,30.0,24.0,26.9,32.9,27.4,29.8,0.1,19.2,39.6,69,21.25,1015.4,ward_06_thiruvika_nagar,13.111,80.245,ECMWF_ERA5_Reanalysis
2024-02-12,29.6,22.1,26.3,32.5,25.3,28.8,0.0,17.2,36.7,66,21.03,1015.0,ward_06_thiruvika_nagar,13.111,80.245,ECMWF_ERA5_Reanalysis
2024-02-13,30.2,24.0,27.1,33.8,27.1,30.3,1.1,19.6,40.7,59,20.62,1014.2,ward_06_thiruvika_nagar,13.111,80.245,ECMWF_ERA5_Reanalysis
2024-02-14,30.5,24.6,27.2,34.2,29.0,30.8,0.1,16.8,36.4,63,22.43,1013.4,ward_06_thiruvika_nagar,13.111,80.245,ECMWF_ERA5_Reanalysis
2024-02-15,29.8,22.9,26.4,33.6,27.2,30.0,0.0,15.8,34.2,57,22.64,1013.5,ward_06_thiruvika_nagar,13.111,80.245,ECMWF_ERA5_Reanalysis
2024-02-16,30.5,23.7,26.9,34.1,27.5,30.4,0.0,17.4,36.4,52,22.8,1013.8,ward_06_thiruvika_nagar,13.111,80.245,ECMWF_ERA5_Reanalysis
2024-02-17,31.1,22.4,26.5,34.0,26.3,30.2,0.0,16.1,34.9,43,23.12,1012.4,ward_06_thiruvika_nagar,13.111,80.245,ECMWF_ERA5_Reanalysis
2024-02-18,30.6,21.9,25.8,35.2,25.9,30.0,0.0,15.1,32.8,82,22.74,1011.7,ward_06_thiruvika_nagar,13.111,80.245,ECMWF_ERA5_Reanalysis
2024-02-19,31.7,22.1,26.9,34.8,26.2,30.7,0.0,18.4,37.4,134,22.68,1012.0,ward_06_thiruvika_nagar,13.111,80.245,ECMWF_ERA5_Reanalysis
2024-02-20,30.9,23.3,26.7,34.9,27.4,30.6,0.1,16.8,35.3,143,22.84,1011.6,ward_06_thiruvika_nagar,13.111,80.245,ECMWF_ERA5_Reanalysis
2024-02-21,32.2,23.2,27.3,36.4,27.5,31.2,0.0,20.8,42.1,165,22.86,1010.1,ward_06_thiruvika_nagar,13.111,80.245,ECMWF_ERA5_Reanalysis
2024-02-22,31.9,24.0,27.6,36.9,28.8,31.6,1.2,23.8,47.2,166,21.15,1009.9,ward_06_thiruvika_nagar,13.111,80.245,ECMWF_ERA5_Reanalysis
2024-02-23,33.4,25.6,28.5,37.1,29.7,32.3,0.9,25.6,50.0,165,22.0,1009.5,ward_06_thiruvika_nagar,13.111,80.245,ECMWF_ERA5_Reanalysis
2024-02-24,30.8,26.0,28.1,34.6,29.3,31.4,0.1,21.4,43.6,148,19.22,1010.1,ward_06_thiruvika_nagar,13.111,80.245,ECMWF_ERA5_Reanalysis
2024-02-25,30.7,25.5,28.0,34.6,29.4,31.3,0.0,16.2,35.3,115,22.77,1010.2,ward_06_thiruvika_nagar,13.111,80.245,ECMWF_ERA5_Reanalysis
2024-02-26,30.9,25.8,28.1,33.7,28.2,30.7,1.0,20.5,41.0,82,20.87,1011.1,ward_06_thiruvika_nagar,13.111,80.245,ECMWF_ERA5_Reanalysis
2024-02-27,30.9,25.1,27.6,35.0,28.7,31.5,0.0,19.5,40.0,60,23.36,1011.6,ward_06_thiruvika_nagar,13.111,80.245,ECMWF_ERA5_Reanalysis
2024-02-28,31.5,23.8,26.9,35.1,28.7,30.9,0.0,16.3,34.9,45,24.31,1010.9,ward_06_thiruvika_nagar,13.111,80.245,ECMWF_ERA5_Reanalysis
2024-02-29,32.0,22.1,27.0,36.3,25.9,31.3,0.0,14.2,31.3,61,24.11,1011.1,ward_06_thiruvika_nagar,13.111,80.245,ECMWF_ERA5_Reanalysis
2024-03-01,32.0,23.6,27.5,36.0,28.3,32.3,0.0,14.8,33.8,77,23.83,1012.0,ward_06_thiruvika_nagar,13.111,80.245,ECMWF_ERA5_Reanalysis
2024-03-02,33.0,22.9,27.5,36.6,27.8,31.5,0.0,18.0,35.6,135,23.47,1011.3,ward_06_thiruvika_nagar,13.111,80.245,ECMWF_ERA5_Reanalysis
2024-03-03,31.6,24.0,27.6,35.7,28.5,31.6,0.0,18.6,39.6,130,24.23,1010.6,ward_06_thiruvika_nagar,13.111,80.245,ECMWF_ERA5_Reanalysis
2024-03-04,30.8,22.3,26.8,34.9,26.1,30.7,0.1,17.2,37.1,135,24.01,1010.5,ward_06_thiruvika_nagar,13.111,80.245,ECMWF_ERA5_Reanalysis
2024-03-05,31.3,22.9,27.2,36.1,26.9,31.2,0.0,16.4,36.4,141,24.21,1010.5,ward_06_thiruvika_nagar,13.111,80.245,ECMWF_ERA5_Reanalysis
2024-03-06,32.7,23.2,27.4,38.0,27.4,31.5,0.0,20.8,40.3,148,23.22,1010.3,ward_06_thiruvika_nagar,13.111,80.245,ECMWF_ERA5_Reanalysis
2024-03-07,34.1,23.5,28.3,36.5,27.8,31.6,0.0,21.7,43.6,154,24.64,1009.3,ward_06_thiruvika_nagar,13.111,80.245,ECMWF_ERA5_Reanalysis
2024-03-08,32.1,23.8,28.0,37.3,28.3,32.2,0.0,22.0,45.4,152,23.12,1009.6,ward_06_thiruvika_nagar,13.111,80.245,ECMWF_ERA5_Reanalysis
2024-03-09,32.8,24.3,28.4,38.3,29.4,33.0,0.0,21.3,42.8,133,22.88,1010.1,ward_06_thiruvika_nagar,13.111,80.245,ECMWF_ERA5_Reanalysis
2024-03-10,32.7,24.6,28.5,37.8,29.7,32.8,0.0,18.1,38.9,117,23.99,1011.9,ward_06_thiruvika_nagar,13.111,80.245,ECMWF_ERA5_Reanalysis
2024-03-11,32.7,24.7,28.5,37.1,29.8,32.9,0.0,18.3,36.0,130,24.35,1013.0,ward_06_thiruvika_nagar,13.111,80.245,ECMWF_ERA5_Reanalysis
2024-03-12,33.4,24.2,28.3,38.0,28.5,32.3,0.0,21.8,43.6,159,24.3,1012.0,ward_06_thiruvika_nagar,13.111,80.245,ECMWF_ERA5_Reanalysis
2024-03-13,33.8,24.8,28.7,37.5,29.1,32.4,0.0,25.8,50.8,169,23.9,1010.5,ward_06_thiruvika_nagar,13.111,80.245,ECMWF_ERA5_Reanalysis
2024-03-14,33.6,24.8,28.6,38.2,29.7,32.6,0.0,22.0,45.0,163,23.23,1010.2,ward_06_thiruvika_nagar,13.111,80.245,ECMWF_ERA5_Reanalysis
2024-03-15,32.6,24.6,28.5,36.2,28.8,32.0,0.3,23.3,47.5,159,23.83,1009.7,ward_06_thiruvika_nagar,13.111,80.245,ECMWF_ERA5_Reanalysis
2024-03-16,32.2,25.9,28.9,36.6,29.6,32.6,0.4,24.2,47.2,151,23.32,1010.4,ward_06_thiruvika_nagar,13.111,80.245,ECMWF_ERA5_Reanalysis
2024-03-17,31.9,25.4,28.3,35.6,30.1,32.3,0.3,19.9,41.0,140,24.4,1010.9,ward_06_thiruvika_nagar,13.111,80.245,ECMWF_ERA5_Reanalysis
2024-03-18,32.8,24.8,28.2,37.1,29.1,32.3,0.0,19.9,41.4,144,25.02,1010.4,ward_06_thiruvika_nagar,13.111,80.245,ECMWF_ERA5_Reanalysis
2024-03-19,32.5,24.8,28.2,36.8,29.8,32.5,0.0,16.9,37.1,136,25.15,1009.8,ward_06_thiruvika_nagar,13.111,80.245,ECMWF_ERA5_Reanalysis
2024-03-20,32.2,24.8,28.4,36.4,29.1,32.1,0.0,18.7,39.6,128,24.72,1010.0,ward_06_thiruvika_nagar,13.111,80.245,ECMWF_ERA5_Reanalysis
2024-03-21,30.4,26.2,28.1,35.1,30.0,32.0,3.5,17.4,37.8,87,22.41,1010.3,ward_06_thiruvika_nagar,13.111,80.245,ECMWF_ERA5_Reanalysis
2024-03-22,31.9,24.9,28.3,36.9,29.9,32.8,0.2,15.2,34.6,112,24.3,1008.5,ward_06_thiruvika_nagar,13.111,80.245,ECMWF_ERA5_Reanalysis
2024-03-23,33.1,23.9,28.5,38.2,28.7,32.9,0.0,18.2,38.5,145,24.89,1008.3,ward_06_thiruvika_nagar,13.111,80.245,ECMWF_ERA5_Reanalysis
2024-03-24,32.6,24.3,28.3,37.0,29.3,32.6,0.0,20.6,42.8,148,25.21,1010.0,ward_06_thiruvika_nagar,13.111,80.245,ECMWF_ERA5_Reanalysis
2024-03-25,31.9,23.8,27.7,36.8,28.2,32.3,0.0,16.5,36.0,122,25.26,1010.4,ward_06_thiruvika_nagar,13.111,80.245,ECMWF_ERA5_Reanalysis
2024-03-26,31.9,23.7,27.8,35.5,27.8,31.4,0.0,20.5,42.5,140,25.79,1010.9,ward_06_thiruvika_nagar,13.111,80.245,ECMWF_ERA5_Reanalysis
2024-03-27,32.8,23.8,28.4,37.8,28.4,32.7,0.0,18.2,39.6,141,25.3,1012.3,ward_06_thiruvika_nagar,13.111,80.245,ECMWF_ERA5_Reanalysis
2024-03-28,33.7,23.6,28.5,38.6,28.3,33.0,0.0,20.2,42.1,152,25.55,1010.1,ward_06_thiruvika_nagar,13.111,80.245,ECMWF_ERA5_Reanalysis
2024-03-29,34.1,25.1,29.3,39.9,30.1,33.8,0.0,23.1,46.8,167,25.09,1009.2,ward_06_thiruvika_nagar,13.111,80.245,ECMWF_ERA5_Reanalysis
2024-03-30,34.7,24.6,29.0,38.6,29.7,32.9,0.0,22.3,44.6,167,26.01,1010.1,ward_06_thiruvika_nagar,13.111,80.245,ECMWF_ERA5_Reanalysis
2024-03-31,33.6,24.5,28.9,39.0,29.5,33.5,0.0,22.3,44.3,157,25.23,1010.9,ward_06_thiruvika_nagar,13.111,80.245,ECMWF_ERA5_Reanalysis
2024-04-01,33.7,25.3,29.3,39.2,30.9,34.1,0.1,22.3,45.7,160,24.89,1008.5,ward_06_thiruvika_nagar,13.111,80.245,ECMWF_ERA5_Reanalysis
2024-04-02,34.8,26.0,29.9,40.6,31.2,34.8,0.0,24.9,49.3,167,25.59,1006.7,ward_06_thiruvika_nagar,13.111,80.245,ECMWF_ERA5_Reanalysis
2024-04-03,35.1,26.7,30.1,39.7,32.2,34.8,0.0,25.9,51.5,170,25.42,1007.4,ward_06_thiruvika_nagar,13.111,80.245,ECMWF_ERA5_Reanalysis
2024-04-04,34.9,26.7,30.2,40.6,32.2,35.5,0.0,24.3,49.3,170,25.81,1007.7,ward_06_thiruvika_nagar,13.111,80.245,ECMWF_ERA5_Reanalysis
2024-04-05,35.0,26.3,29.9,41.3,31.9,35.2,0.0,23.4,47.2,171,25.62,1007.1,ward_06_thiruvika_nagar,13.111,80.245,ECMWF_ERA5_Reanalysis
2024-04-06,36.5,26.2,30.4,41.7,31.5,35.3,0.0,23.8,46.8,176,25.7,1006.0,ward_06_thiruvika_nagar,13.111,80.245,ECMWF_ERA5_Reanalysis
2024-04-07,36.9,25.8,30.3,41.8,31.1,35.0,0.0,24.0,47.5,176,26.32,1005.7,ward_06_thiruvika_nagar,13.111,80.245,ECMWF_ERA5_Reanalysis
2024-04-08,36.2,26.5,30.2,39.5,31.8,34.9,0.0,23.3,45.7,160,26.29,1007.3,ward_06_thiruvika_nagar,13.111,80.245,ECMWF_ERA5_Reanalysis
2024-04-09,33.3,25.9,29.5,38.8,31.4,34.5,0.0,16.9,36.0,97,25.92,1008.6,ward_06_thiruvika_nagar,13.111,80.245,ECMWF_ERA5_Reanalysis
2024-04-10,33.7,26.4,30.0,38.9,31.7,34.8,0.0,16.1,36.0,103,24.98,1008.6,ward_06_thiruvika_nagar,13.111,80.245,ECMWF_ERA5_Reanalysis
2024-04-11,33.4,26.5,30.1,38.9,31.4,34.6,0.0,20.0,39.2,105,25.15,1008.9,ward_06_thiruvika_nagar,13.111,80.245,ECMWF_ERA5_Reanalysis
2024-04-12,33.3,28.1,30.3,38.7,33.4,35.1,0.0,18.8,40.3,105,24.65,1008.7,ward_06_thiruvika_nagar,13.111,80.245,ECMWF_ERA5_Reanalysis
2024-04-13,34.0,26.4,30.0,39.1,32.5,35.5,0.5,16.3,36.4,106,25.01,1008.7,ward_06_thiruvika_nagar,13.111,80.245,ECMWF_ERA5_Reanalysis
2024-04-14,33.5,25.7,29.6,39.2,31.9,35.3,0.0,15.6,35.3,103,25.77,1009.2,ward_06_thiruvika_nagar,13.111,80.245,ECMWF_ERA5_Reanalysis
2024-04-15,34.2,25.0,29.4,39.7,30.6,34.8,0.0,16.3,35.6,135,25.97,1009.6,ward_06_thiruvika_nagar,13.111,80.245,ECMWF_ERA5_Reanalysis
2024-04-16,34.8,25.2,29.7,39.3,30.7,34.4,0.0,22.7,45.7,167,26.05,1008.4,ward_06_thiruvika_nagar,13.111,80.245,ECMWF_ERA5_Reanalysis
2024-04-17,36.2,26.0,30.4,40.8,31.0,35.0,0.0,26.9,53.3,174,25.14,1007.1,ward_06_thiruvika_nagar,13.111,80.245,ECMWF_ERA5_Reanalysis
2024-04-18,37.0,26.6,30.8,42.7,31.6,35.9,0.0,24.1,48.6,175,25.24,1005.8,ward_06_thiruvika_nagar,13.111,80.245,ECMWF_ERA5_Reanalysis
2024-04-19,36.1,27.8,31.0,42.0,33.6,36.2,0.0,25.9,51.8,173,25.69,1004.3,ward_06_thiruvika_nagar,13.111,80.245,ECMWF_ERA5_Reanalysis
2024-04-20,35.8,28.1,31.0,42.2,33.8,36.8,0.2,25.5,52.2,165,24.24,1004.3,ward_06_thiruvika_nagar,13.111,80.245,ECMWF_ERA5_Reanalysis
2024-04-21,35.5,27.6,30.8,41.4,34.2,36.3,0.0,27.5,53.3,170,24.63,1005.2,ward_06_thiruvika_nagar,13.111,80.245,ECMWF_ERA5_Reanalysis
2024-04-22,35.6,26.9,30.6,42.5,32.9,36.3,0.0,24.2,47.2,167,25.96,1005.9,ward_06_thiruvika_nagar,13.111,80.245,ECMWF_ERA5_Reanalysis
2024-04-23,34.7,26.3,30.1,39.7,32.3,35.0,0.0,21.4,43.6,161,25.91,1005.5,ward_06_thiruvika_nagar,13.111,80.245,ECMWF_ERA5_Reanalysis
2024-04-24,35.6,25.8,30.3,42.1,31.3,35.8,0.0,22.2,45.4,167,25.7,1005.0,ward_06_thiruvika_nagar,13.111,80.245,ECMWF_ERA5_Reanalysis
2024-04-25,34.8,27.0,30.4,40.3,33.1,35.8,0.0,22.8,45.7,165,25.35,1005.3,ward_06_thiruvika_nagar,13.111,80.245,ECMWF_ERA5_Reanalysis
2024-04-26,34.6,26.5,30.4,39.9,32.4,35.8,0.0,23.5,46.4,163,25.69,1005.2,ward_06_thiruvika_nagar,13.111,80.245,ECMWF_ERA5_Reanalysis
2024-04-27,34.7,26.0,30.1,40.6,32.0,35.4,0.0,22.8,45.0,161,25.93,1005.4,ward_06_thiruvika_nagar,13.111,80.245,ECMWF_ERA5_Reanalysis
2024-04-28,35.6,26.5,30.6,41.7,32.3,36.0,0.0,24.0,47.9,167,25.65,1005.6,ward_06_thiruvika_nagar,13.111,80.245,ECMWF_ERA5_Reanalysis
2024-04-29,35.5,27.6,31.0,42.6,33.9,36.8,0.0,23.4,47.2,162,25.32,1006.6,ward_06_thiruvika_nagar,13.111,80.245,ECMWF_ERA5_Reanalysis
2024-04-30,35.7,28.0,31.3,42.3,34.4,36.9,0.0,27.6,53.6,168,25.47,1005.2,ward_06_thiruvika_nagar,13.111,80.245,ECMWF_ERA5_Reanalysis
2024-05-01,37.8,28.7,32.4,43.8,34.4,37.7,0.0,28.0,55.4,173,25.57,1002.6,ward_06_thiruvika_nagar,13.111,80.245,ECMWF_ERA5_Reanalysis
2024-05-02,38.3,29.8,32.8,44.2,32.9,37.5,0.0,32.8,62.6,179,25.08,1002.7,ward_06_thiruvika_nagar,13.111,80.245,ECMWF_ERA5_Reanalysis
2024-05-03,38.5,28.0,32.2,44.1,30.8,36.9,0.0,29.8,56.2,176,24.23,1003.7,ward_06_thiruvika_nagar,13.111,80.245,ECMWF_ERA5_Reanalysis
2024-05-04,37.4,29.3,32.5,43.5,33.5,37.8,0.0,30.0,58.7,174,24.16,1004.3,ward_06_thiruvika_nagar,13.111,80.245,ECMWF_ERA5_Reanalysis
2024-05-05,36.4,29.5,32.4,42.1,33.7,37.5,0.0,30.2,59.4,173,24.01,1003.1,ward_06_thiruvika_nagar,13.111,80.245,ECMWF_ERA5_Reanalysis
2024-05-06,37.1,29.8,32.6,42.8,34.4,37.9,0.0,32.6,63.0,169,24.11,1003.7,ward_06_thiruvika_nagar,13.111,80.245,ECMWF_ERA5_Reanalysis
2024-05-07,36.9,29.8,32.2,42.8,34.7,37.2,0.1,24.8,49.7,159,23.29,1005.8,ward_06_thiruvika_nagar,13.111,80.245,ECMWF_ERA5_Reanalysis
2024-05-08,33.5,26.8,30.4,39.5,32.2,35.6,2.2,18.9,41.0,139,21.84,1006.4,ward_06_thiruvika_nagar,13.111,80.245,ECMWF_ERA5_Reanalysis
2024-05-09,32.9,27.0,30.3,39.0,33.4,35.9,2.8,21.4,44.3,149,21.77,1005.6,ward_06_thiruvika_nagar,13.111,80.245,ECMWF_ERA5_Reanalysis
2024-05-10,32.7,27.5,30.0,39.3,33.9,35.4,7.0,19.6,40.3,147,21.0,1006.4,ward_06_thiruvika_nagar,13.111,80.245,ECMWF_ERA5_Reanalysis
2024-05-11,34.2,25.6,30.4,39.5,31.1,35.9,0.6,19.9,41.4,165,20.82,1007.2,ward_06_thiruvika_nagar,13.111,80.245,ECMWF_ERA5_Reanalysis
2024-05-12,33.4,29.4,31.2,39.3,34.8,36.7,3.2,19.3,37.4,146,19.45,1006.9,ward_06_thiruvika_nagar,13.111,80.245,ECMWF_ERA5_Reanalysis
2024-05-13,33.1,26.3,30.0,40.2,31.1,35.9,8.4,15.6,33.5,105,21.27,1006.4,ward_06_thiruvika_nagar,13.111,80.245,ECMWF_ERA5_Reanalysis
2024-05-14,33.7,27.6,30.8,39.5,34.9,36.9,0.9,17.1,36.4,139,20.09,1006.1,ward_06_thiruvika_nagar,13.111,80.245,ECMWF_ERA5_Reanalysis
2024-05-15,34.0,27.1,30.3,40.2,34.4,36.1,2.9,20.1,38.2,100,19.82,1006.7,ward_06_thiruvika_nagar,13.111,80.245,ECMWF_ERA5_Reanalysis
2024-05-16,29.6,25.9,28.3,35.3,31.4,33.8,19.4,14.9,31.0,148,12.38,1007.4,ward_06_thiruvika_nagar,13.111,80.245,ECMWF_ERA5_Reanalysis
2024-05-17,30.6,26.5,28.8,35.9,32.2,34.3,1.6,18.9,36.0,161,14.47,1005.9,ward_06_thiruvika_nagar,13.111,80.245,ECMWF_ERA5_Reanalysis
2024-05-18,30.6,26.1,28.8,36.1,32.3,34.6,6.6,14.9,29.5,136,14.37,1004.5,ward_06_thiruvika_nagar,13.111,80.245,ECMWF_ERA5_Reanalysis
2024-05-19,33.1,26.2,29.2,39.8,32.2,35.3,9.5,17.6,37.8,150,20.26,1002.8,ward_06_thiruvika_nagar,13.111,80.245,ECMWF_ERA5_Reanalysis
2024-05-20,31.3,26.7,28.6,36.4,32.3,34.5,13.9,16.6,31.0,144,11.26,1002.6,ward_06_thiruvika_nagar,13.111,80.245,ECMWF_ERA5_Reanalysis
2024-05-21,30.6,26.6,28.4,36.9,32.8,34.5,24.0,14.5,31.7,72,13.15,1002.1,ward_06_thiruvika_nagar,13.111,80.245,ECMWF_ERA5_Reanalysis
2024-05-22,31.3,25.7,28.5,36.3,30.4,34.3,21.3,18.6,36.0,35,10.18,1000.8,ward_06_thiruvika_nagar,13.111,80.245,ECMWF_ERA5_Reanalysis
2024-05-23,32.5,26.6,29.2,40.9,33.0,36.0,24.7,14.1,29.5,156,17.99,999.9,ward_06_thiruvika_nagar,13.111,80.245,ECMWF_ERA5_Reanalysis
2024-05-24,36.1,26.6,31.2,43.6,31.9,37.0,0.0,22.6,41.4,185,17.97,998.6,ward_06_thiruvika_nagar,13.111,80.245,ECMWF_ERA5_Reanalysis
2024-05-25,36.1,27.5,30.8,40.0,31.6,35.5,16.6,18.8,46.1,227,12.73,998.5,ward_06_thiruvika_nagar,13.111,80.245,ECMWF_ERA5_Reanalysis
2024-05-26,39.1,28.1,32.8,42.3,32.1,36.2,0.6,21.6,42.1,254,17.35,998.9,ward_06_thiruvika_nagar,13.111,80.245,ECMWF_ERA5_Reanalysis
2024-05-27,40.9,30.4,34.8,46.4,31.9,37.7,0.1,23.5,44.6,234,24.11,998.9,ward_06_thiruvika_nagar,13.111,80.245,ECMWF_ERA5_Reanalysis
2024-05-28,41.0,30.1,34.3,46.6,32.7,37.6,0.0,23.2,45.0,205,23.51,999.8,ward_06_thiruvika_nagar,13.111,80.245,ECMWF_ERA5_Reanalysis
2024-05-29,40.7,30.3,33.9,46.7,32.4,37.7,0.0,25.2,48.6,194,24.37,999.8,ward_06_thiruvika_nagar,13.111,80.245,ECMWF_ERA5_Reanalysis
2024-05-30,39.3,29.8,33.7,46.0,34.7,39.2,0.0,21.0,42.8,173,24.24,1000.3,ward_06_thiruvika_nagar,13.111,80.245,ECMWF_ERA5_Reanalysis
2024-05-31,40.2,29.0,33.4,47.2,33.0,38.5,21.9,21.1,39.2,208,23.63,1000.8,ward_06_thiruvika_nagar,13.111,80.245,ECMWF_ERA5_Reanalysis
2024-06-01,36.8,27.8,32.7,44.3,31.4,38.5,1.0,27.0,52.6,178,24.22,1001.7,ward_06_thiruvika_nagar,13.111,80.245,ECMWF_ERA5_Reanalysis
2024-06-02,33.5,27.1,29.6,40.9,30.8,35.2,22.0,18.7,40.0,143,21.6,1004.1,ward_06_thiruvika_nagar,13.111,80.245,ECMWF_ERA5_Reanalysis
2024-06-03,30.7,27.1,29.1,36.8,33.1,34.9,9.4,14.4,31.7,331,10.13,1004.8,ward_06_thiruvika_nagar,13.111,80.245,ECMWF_ERA5_Reanalysis
2024-06-04,34.5,26.9,30.0,41.7,33.0,36.4,9.6,11.2,25.9,205,18.49,1005.1,ward_06_thiruvika_nagar,13.111,80.245,ECMWF_ERA5_Reanalysis
2024-06-05,32.5,26.3,28.7,39.7,29.5,34.4,35.5,24.6,42.1,194,13.27,1005.7,ward_06_thiruvika_nagar,13.111,80.245,ECMWF_ERA5_Reanalysis
2024-06-06,32.2,26.1,27.9,38.6,30.3,33.4,28.1,18.9,33.1,225,13.11,1006.3,ward_06_thiruvika_nagar,13.111,80.245,ECMWF_ERA5_Reanalysis
2024-06-07,31.0,25.9,28.1,36.1,30.8,33.1,5.1,16.2,29.5,202,9.83,1005.1,ward_06_thiruvika_nagar,13.111,80.245,ECMWF_ERA5_Reanalysis
2024-06-08,33.7,26.7,29.4,38.9,31.0,33.9,2.1,23.4,42.5,196,18.86,1004.1,ward_06_thiruvika_nagar,13.111,80.245,ECMWF_ERA5_Reanalysis
2024-06-09,34.8,27.0,30.2,39.1,30.6,34.4,0.5,21.3,41.4,199,20.57,1003.6,ward_06_thiruvika_nagar,13.111,80.245,ECMWF_ERA5_Reanalysis
2024-06-10,36.5,27.5,30.4,41.8,31.9,34.7,7.0,25.9,50.4,209,21.42,1003.5,ward_06_thiruvika_nagar,13.111,80.245,ECMWF_ERA5_Reanalysis
2024-06-11,36.2,27.7,30.7,40.6,31.1,34.4,10.4,17.4,43.6,235,19.53,1003.6,ward_06_thiruvika_nagar,13.111,80.245,ECMWF_ERA5_Reanalysis
2024-06-12,33.8,26.8,30.0,36.1,30.4,33.5,0.6,20.5,44.3,249,13.61,1005.0,ward_06_thiruvika_nagar,13.111,80.245,ECMWF_ERA5_Reanalysis
2024-06-13,35.4,27.5,30.8,38.5,30.2,34.2,0.1,20.2,39.6,263,19.43,1004.9,ward_06_thiruvika_nagar,13.111,80.245,ECMWF_ERA5_Reanalysis
2024-06-14,35.9,27.6,30.7,38.3,31.1,34.4,0.1,22.7,42.5,253,17.79,1003.7,ward_06_thiruvika_nagar,13.111,80.245,ECMWF_ERA5_Reanalysis
2024-06-15,35.5,27.2,30.5,38.7,31.3,34.3,2.3,16.4,29.5,223,15.92,1003.1,ward_06_thiruvika_nagar,13.111,80.245,ECMWF_ERA5_Reanalysis
2024-06-16,36.3,27.1,30.9,41.9,32.3,35.7,0.2,17.3,31.3,195,22.12,1003.5,ward_06_thiruvika_nagar,13.111,80.245,ECMWF_ERA5_Reanalysis
2024-06-17,36.4,27.6,31.0,42.0,31.1,35.2,0.3,20.6,40.0,198,23.07,1003.7,ward_06_thiruvika_nagar,13.111,80.245,ECMWF_ERA5_Reanalysis
2024-06-18,37.0,27.3,31.0,42.0,30.6,35.3,0.7,19.1,36.7,218,23.21,1003.5,ward_06_thiruvika_nagar,13.111,80.245,ECMWF_ERA5_Reanalysis
2024-06-19,35.3,25.6,29.3,41.2,29.4,33.6,16.6,23.2,41.0,224,21.08,1002.9,ward_06_thiruvika_nagar,13.111,80.245,ECMWF_ERA5_Reanalysis
2024-06-20,35.6,25.6,29.9,40.4,29.8,33.9,2.1,16.2,35.6,225,21.21,1002.8,ward_06_thiruvika_nagar,13.111,80.245,ECMWF_ERA5_Reanalysis
2024-06-21,36.0,27.4,30.1,40.3,30.4,33.5,5.6,19.1,39.2,235,22.41,1002.4,ward_06_thiruvika_nagar,13.111,80.245,ECMWF_ERA5_Reanalysis
2024-06-22,36.3,27.9,31.3,39.7,30.7,34.5,0.2,19.6,36.4,234,21.5,1000.5,ward_06_thiruvika_nagar,13.111,80.245,ECMWF_ERA5_Reanalysis
2024-06-23,36.5,27.6,31.0,41.9,31.3,34.9,0.9,18.9,38.9,206,22.83,1000.2,ward_06_thiruvika_nagar,13.111,80.245,ECMWF_ERA5_Reanalysis
2024-06-24,36.1,27.9,30.8,40.1,31.0,34.4,0.2,24.3,45.7,216,20.8,999.8,ward_06_thiruvika_nagar,13.111,80.245,ECMWF_ERA5_Reanalysis
2024-06-25,35.2,27.8,31.0,38.8,30.8,34.2,0.6,19.8,38.5,231,18.33,999.8,ward_06_thiruvika_nagar,13.111,80.245,ECMWF_ERA5_Reanalysis
2024-06-26,36.5,28.8,31.5,39.0,31.9,34.2,0.5,21.1,42.1,237,14.4,999.9,ward_06_thiruvika_nagar,13.111,80.245,ECMWF_ERA5_Reanalysis
2024-06-27,34.9,27.1,31.0,36.8,30.5,33.8,1.0,25.9,51.1,236,14.46,1001.9,ward_06_thiruvika_nagar,13.111,80.245,ECMWF_ERA5_Reanalysis
2024-06-28,37.1,28.5,31.5,40.7,31.3,34.7,0.0,24.2,44.3,207,20.58,1002.8,ward_06_thiruvika_nagar,13.111,80.245,ECMWF_ERA5_Reanalysis
2024-06-29,37.8,27.7,31.5,42.2,31.0,35.3,2.1,21.1,43.2,204,21.23,1003.5,ward_06_thiruvika_nagar,13.111,80.245,ECMWF_ERA5_Reanalysis
2024-06-30,34.4,28.2,30.5,37.9,32.3,34.9,0.0,21.6,39.2,188,12.71,1004.5,ward_06_thiruvika_nagar,13.111,80.245,ECMWF_ERA5_Reanalysis
2024-07-01,33.9,26.5,30.0,37.2,31.4,34.3,2.0,18.4,33.8,216,14.03,1004.5,ward_06_thiruvika_nagar,13.111,80.245,ECMWF_ERA5_Reanalysis
2024-07-02,36.0,27.7,30.7,38.6,30.8,34.2,0.0,17.9,33.8,211,16.41,1003.0,ward_06_thiruvika_nagar,13.111,80.245,ECMWF_ERA5_Reanalysis
2024-07-03,37.5,27.4,31.3,42.3,31.0,35.3,4.2,16.9,34.6,210,23.0,1003.3,ward_06_thiruvika_nagar,13.111,80.245,ECMWF_ERA5_Reanalysis
2024-07-04,34.8,26.6,30.0,37.5,30.9,33.6,2.6,15.2,34.2,220,14.43,1004.6,ward_06_thiruvika_nagar,13.111,80.245,ECMWF_ERA5_Reanalysis
2024-07-05,36.1,27.0,30.6,40.6,30.6,34.7,0.0,23.8,43.2,200,21.26,1003.1,ward_06_thiruvika_nagar,13.111,80.245,ECMWF_ERA5_Reanalysis
2024-07-06,32.2,26.1,28.8,36.0,31.1,33.2,2.2,14.5,31.0,207,11.79,1002.9,ward_06_thiruvika_nagar,13.111,80.245,ECMWF_ERA5_Reanalysis
2024-07-07,36.1,26.7,29.8,40.4,30.3,33.8,1.2,18.0,42.1,217,18.08,1002.5,ward_06_thiruvika_nagar,13.111,80.245,ECMWF_ERA5_Reanalysis
2024-07-08,32.7,26.5,28.9,35.6,31.5,33.0,11.6,15.8,34.6,220,12.62,1002.2,ward_06_thiruvika_nagar,13.111,80.245,ECMWF_ERA5_Reanalysis
2024-07-09,33.9,25.8,28.9,37.3,30.2,33.4,5.2,17.6,34.2,192,16.17,1003.5,ward_06_thiruvika_nagar,13.111,80.245,ECMWF_ERA5_Reanalysis
2024-07-10,35.5,27.0,30.3,41.4,31.6,34.8,0.2,15.9,33.5,185,22.8,1005.3,ward_06_thiruvika_nagar,13.111,80.245,ECMWF_ERA5_Reanalysis
2024-07-11,33.3,26.1,29.3,36.5,31.0,33.7,1.0,15.5,29.2,230,15.77,1004.8,ward_06_thiruvika_nagar,13.111,80.245,ECMWF_ERA5_Reanalysis
2024-07-12,35.7,27.3,30.3,40.0,30.6,34.2,2.6,23.4,45.0,217,20.16,1002.7,ward_06_thiruvika_nagar,13.111,80.245,ECMWF_ERA5_Reanalysis
2024-07-13,29.6,25.6,27.9,34.3,29.0,32.2,8.0,17.3,31.7,237,7.6,1002.4,ward_06_thiruvika_nagar,13.111,80.245,ECMWF_ERA5_Reanalysis
2024-07-14,28.5,25.4,27.0,33.5,29.4,31.4,8.9,14.6,26.3,231,7.56,1001.4,ward_06_thiruvika_nagar,13.111,80.245,ECMWF_ERA5_Reanalysis
2024-07-15,30.2,25.2,26.9,33.6,28.6,30.7,8.2,19.5,38.2,217,9.53,1000.5,ward_06_thiruvika_nagar,13.111,80.245,ECMWF_ERA5_Reanalysis
2024-07-16,31.3,25.5,27.3,35.4,28.1,30.8,2.8,21.8,41.0,224,12.49,1000.7,ward_06_thiruvika_nagar,13.111,80.245,ECMWF_ERA5_Reanalysis
2024-07-17,31.4,25.8,28.5,34.8,29.1,31.7,0.1,20.9,44.3,231,9.47,1001.7,ward_06_thiruvika_nagar,13.111,80.245,ECMWF_ERA5_Reanalysis
2024-07-18,31.9,27.1,28.9,34.6,28.9,31.5,1.1,23.4,42.5,242,10.12,1001.5,ward_06_thiruvika_nagar,13.111,80.245,ECMWF_ERA5_Reanalysis
2024-07-19,30.1,26.2,27.7,32.3,29.2,30.3,0.5,22.6,42.5,242,8.19,1000.7,ward_06_thiruvika_nagar,13.111,80.245,ECMWF_ERA5_Reanalysis
2024-07-20,33.0,25.9,28.6,35.6,28.6,31.8,0.1,25.5,51.5,240,13.92,1001.4,ward_06_thiruvika_nagar,13.111,80.245,ECMWF_ERA5_Reanalysis
2024-07-21,35.6,27.0,30.2,37.8,29.4,33.3,2.6,21.9,43.2,238,17.03,1002.2,ward_06_thiruvika_nagar,13.111,80.245,ECMWF_ERA5_Reanalysis
2024-07-22,35.2,27.4,30.9,39.0,29.5,33.3,0.0,24.9,49.7,242,14.42,1003.8,ward_06_thiruvika_nagar,13.111,80.245,ECMWF_ERA5_Reanalysis
2024-07-23,36.6,27.0,31.2,38.9,29.2,33.7,0.1,27.4,55.8,240,23.33,1004.3,ward_06_thiruvika_nagar,13.111,80.245,ECMWF_ERA5_Reanalysis
2024-07-24,36.7,28.0,31.6,37.6,29.9,33.6,0.0,28.9,54.7,252,21.08,1002.5,ward_06_thiruvika_nagar,13.111,80.245,ECMWF_ERA5_Reanalysis
2024-07-25,37.8,27.8,31.5,38.6,29.9,33.2,1.1,30.3,56.9,251,19.83,1001.0,ward_06_thiruvika_nagar,13.111,80.245,ECMWF_ERA5_Reanalysis
2024-07-26,36.5,27.5,31.2,38.1,29.5,33.4,4.6,27.8,59.8,257,18.98,1001.2,ward_06_thiruvika_nagar,13.111,80.245,ECMWF_ERA5_Reanalysis
2024-07-27,34.8,28.4,31.5,36.6,30.3,32.9,0.3,30.4,57.2,267,19.8,1001.6,ward_06_thiruvika_nagar,13.111,80.245,ECMWF_ERA5_Reanalysis
2024-07-28,37.1,28.0,31.5,37.8,28.4,32.5,0.1,26.6,49.7,247,19.21,1000.2,ward_06_thiruvika_nagar,13.111,80.245,ECMWF_ERA5_Reanalysis
2024-07-29,36.7,26.7,30.8,38.9,29.5,33.8,5.8,22.1,45.0,238,19.26,1000.1,ward_06_thiruvika_nagar,13.111,80.245,ECMWF_ERA5_Reanalysis
2024-07-30,36.0,26.9,30.4,40.7,30.4,34.2,1.5,19.5,41.4,256,21.43,1002.8,ward_06_thiruvika_nagar,13.111,80.245,ECMWF_ERA5_Reanalysis
2024-07-31,36.0,27.0,30.4,40.3,30.1,34.0,1.5,17.3,35.3,240,17.94,1004.2,ward_06_thiruvika_nagar,13.111,80.245,ECMWF_ERA5_Reanalysis
2024-08-01,35.8,28.1,30.6,38.9,30.9,33.9,2.6,23.5,45.4,247,16.49,1003.9,ward_06_thiruvika_nagar,13.111,80.245,ECMWF_ERA5_Reanalysis
2024-08-02,35.7,27.4,29.8,40.3,30.3,33.9,4.5,19.8,39.2,253,18.6,1004.2,ward_06_thiruvika_nagar,13.111,80.245,ECMWF_ERA5_Reanalysis
2024-08-03,34.8,26.3,29.6,41.2,30.1,34.5,7.7,15.8,29.9,234,22.94,1005.2,ward_06_thiruvika_nagar,13.111,80.245,ECMWF_ERA5_Reanalysis
2024-08-04,35.3,26.6,29.8,41.5,30.8,35.0,0.2,13.8,29.9,230,23.37,1005.5,ward_06_thiruvika_nagar,13.111,80.245,ECMWF_ERA5_Reanalysis
2024-08-05,32.0,24.7,28.0,38.5,29.1,33.1,0.8,15.0,31.3,200,19.04,1006.0,ward_06_thiruvika_nagar,13.111,80.245,ECMWF_ERA5_Reanalysis
2024-08-06,33.1,25.0,28.4,40.4,29.3,33.5,19.1,18.4,32.0,231,19.4,1004.9,ward_06_thiruvika_nagar,13.111,80.245,ECMWF_ERA5_Reanalysis
2024-08-07,32.3,24.9,27.7,37.4,29.3,32.9,8.8,13.0,27.0,248,17.33,1005.1,ward_06_thiruvika_nagar,13.111,80.245,ECMWF_ERA5_Reanalysis
2024-08-08,32.0,25.5,28.0,39.7,29.3,33.2,10.9,12.6,27.4,227,22.45,1005.6,ward_06_thiruvika_nagar,13.111,80.245,ECMWF_ERA5_Reanalysis
2024-08-09,32.8,24.9,27.9,40.3,28.3,33.4,20.9,19.2,33.5,241,23.82,1006.0,ward_06_thiruvika_nagar,13.111,80.245,ECMWF_ERA5_Reanalysis
2024-08-10,31.8,24.6,27.9,38.7,28.7,33.7,4.1,14.3,25.9,239,22.07,1006.0,ward_06_thiruvika_nagar,13.111,80.245,ECMWF_ERA5_Reanalysis
2024-08-11,33.5,25.0,28.5,41.0,30.2,34.2,16.2,13.8,25.9,209,23.67,1004.1,ward_06_thiruvika_nagar,13.111,80.245,ECMWF_ERA5_Reanalysis
2024-08-12,33.6,24.6,28.4,41.1,29.1,34.0,11.4,15.3,28.1,200,24.34,1003.6,ward_06_thiruvika_nagar,13.111,80.245,ECMWF_ERA5_Reanalysis
2024-08-13,32.1,25.6,28.6,39.6,29.5,33.8,0.5,16.7,33.8,193,24.51,1004.3,ward_06_thiruvika_nagar,13.111,80.245,ECMWF_ERA5_Reanalysis
2024-08-14,30.9,26.0,28.6,37.8,32.2,34.8,1.0,13.5,31.0,148,23.4,1003.8,ward_06_thiruvika_nagar,13.111,80.245,ECMWF_ERA5_Reanalysis
2024-08-15,32.0,26.1,28.8,39.3,31.4,34.3,1.6,18.7,35.6,173,22.35,1003.1,ward_06_thiruvika_nagar,13.111,80.245,ECMWF_ERA5_Reanalysis
2024-08-16,32.0,26.9,29.1,37.8,31.7,34.0,0.9,20.6,40.0,177,23.19,1002.3,ward_06_thiruvika_nagar,13.111,80.245,ECMWF_ERA5_Reanalysis
2024-08-17,32.5,26.0,29.2,39.9,31.5,34.8,0.1,15.0,32.4,154,24.03,1003.3,ward_06_thiruvika_nagar,13.111,80.245,ECMWF_ERA5_Reanalysis
2024-08-18,32.8,26.1,29.1,40.6,31.3,35.0,1.6,15.0,28.8,161,23.89,1004.0,ward_06_thiruvika_nagar,13.111,80.245,ECMWF_ERA5_Reanalysis
2024-08-19,33.1,27.2,29.4,39.7,32.4,34.4,1.7,21.4,42.5,181,23.45,1003.5,ward_06_thiruvika_nagar,13.111,80.245,ECMWF_ERA5_Reanalysis
2024-08-20,32.1,25.7,28.6,39.0,30.8,33.6,4.7,22.3,40.7,183,22.19,1003.9,ward_06_thiruvika_nagar,13.111,80.245,ECMWF_ERA5_Reanalysis
2024-08-21,31.9,26.7,29.0,36.5,30.5,32.8,1.0,24.0,46.8,188,19.34,1005.0,ward_06_thiruvika_nagar,13.111,80.245,ECMWF_ERA5_Reanalysis
2024-08-22,32.8,26.6,29.2,38.0,29.6,32.6,0.0,26.2,47.9,194,20.12,1005.8,ward_06_thiruvika_nagar,13.111,80.245,ECMWF_ERA5_Reanalysis
2024-08-23,34.1,26.6,29.8,40.1,30.4,34.0,0.1,22.7,40.7,191,22.9,1006.1,ward_06_thiruvika_nagar,13.111,80.245,ECMWF_ERA5_Reanalysis
2024-08-24,34.6,27.0,30.2,39.2,29.8,34.1,0.2,22.8,40.3,201,21.38,1006.1,ward_06_thiruvika_nagar,13.111,80.245,ECMWF_ERA5_Reanalysis
2024-08-25,35.2,27.2,30.6,38.5,30.6,33.9,0.4,19.4,40.7,215,22.67,1005.5,ward_06_thiruvika_nagar,13.111,80.245,ECMWF_ERA5_Reanalysis
2024-08-26,35.2,27.9,30.7,39.0,28.7,33.3,1.0,23.3,47.9,232,23.4,1004.7,ward_06_thiruvika_nagar,13.111,80.245,ECMWF_ERA5_Reanalysis
2024-08-27,34.1,26.5,29.6,37.7,30.7,33.5,5.1,16.2,36.4,222,14.79,1005.9,ward_06_thiruvika_nagar,13.111,80.245,ECMWF_ERA5_Reanalysis
2024-08-28,29.2,25.7,27.4,33.4,29.7,31.6,5.1,12.4,22.7,229,6.96,1006.5,ward_06_thiruvika_nagar,13.111,80.245,ECMWF_ERA5_Reanalysis
2024-08-29,33.8,24.8,27.6,37.9,28.4,31.4,8.9,22.6,38.9,237,10.99,1004.2,ward_06_thiruvika_nagar,13.111,80.245,ECMWF_ERA5_Reanalysis
2024-08-30,32.2,25.8,28.0,35.3,29.4,31.9,5.0,22.4,42.5,256,11.27,1003.9,ward_06_thiruvika_nagar,13.111,80.245,ECMWF_ERA5_Reanalysis
2024-08-31,31.6,25.5,28.5,34.4,28.8,31.7,0.3,19.4,37.4,260,12.76,1003.4,ward_06_thiruvika_nagar,13.111,80.245,ECMWF_ERA5_Reanalysis
2024-09-01,34.4,26.6,29.6,37.4,29.6,32.9,0.0,19.8,41.8,235,20.27,1002.6,ward_06_thiruvika_nagar,13.111,80.245,ECMWF_ERA5_Reanalysis
2024-09-02,35.1,25.9,29.6,39.7,29.1,33.8,2.5,19.4,37.1,219,23.18,1003.0,ward_06_thiruvika_nagar,13.111,80.245,ECMWF_ERA5_Reanalysis
2024-09-03,33.3,25.3,28.6,39.3,30.3,34.0,5.1,14.5,31.7,209,19.85,1004.8,ward_06_thiruvika_nagar,13.111,80.245,ECMWF_ERA5_Reanalysis
2024-09-04,33.7,26.1,28.9,36.4,30.4,33.3,0.0,17.2,37.4,246,13.7,1004.6,ward_06_thiruvika_nagar,13.111,80.245,ECMWF_ERA5_Reanalysis
2024-09-05,34.7,26.8,29.5,39.6,30.8,33.8,0.7,18.8,38.9,240,21.36,1003.4,ward_06_thiruvika_nagar,13.111,80.245,ECMWF_ERA5_Reanalysis
2024-09-06,33.7,25.1,28.6,37.1,29.9,33.1,17.3,19.3,38.5,265,12.97,1003.9,ward_06_thiruvika_nagar,13.111,80.245,ECMWF_ERA5_Reanalysis
2024-09-07,32.6,25.7,29.2,37.2,28.4,33.4,2.9,17.6,37.4,255,12.64,1004.4,ward_06_thiruvika_nagar,13.111,80.245,ECMWF_ERA5_Reanalysis
2024-09-08,34.0,27.1,29.8,37.2,30.2,33.1,0.0,21.5,47.5,256,17.52,1004.7,ward_06_thiruvika_nagar,13.111,80.245,ECMWF_ERA5_Reanalysis
2024-09-09,34.2,27.3,29.9,36.6,30.5,33.0,0.0,24.4,48.6,230,18.88,1002.8,ward_06_thiruvika_nagar,13.111,80.245,ECMWF_ERA5_Reanalysis
2024-09-10,36.2,27.6,30.5,40.4,29.2,34.1,1.1,21.6,46.1,217,22.38,1002.6,ward_06_thiruvika_nagar,13.111,80.245,ECMWF_ERA5_Reanalysis
2024-09-11,35.1,27.7,30.2,39.5,29.6,33.8,1.2,23.5,41.0,211,20.12,1004.3,ward_06_thiruvika_nagar,13.111,80.245,ECMWF_ERA5_Reanalysis
2024-09-12,36.4,27.3,30.2,40.5,29.6,34.2,0.8,18.8,38.2,228,24.47,1005.5,ward_06_thiruvika_nagar,13.111,80.245,ECMWF_ERA5_Reanalysis
2024-09-13,35.9,26.8,30.3,40.8,32.4,35.0,0.1,17.4,36.0,183,21.75,1005.1,ward_06_thiruvika_nagar,13.111,80.245,ECMWF_ERA5_Reanalysis
2024-09-14,36.0,26.9,30.7,41.2,32.5,35.2,0.5,20.0,39.6,189,23.13,1004.3,ward_06_thiruvika_nagar,13.111,80.245,ECMWF_ERA5_Reanalysis
2024-09-15,36.5,26.7,30.7,41.2,31.9,35.1,3.6,16.8,36.7,210,23.23,1004.1,ward_06_thiruvika_nagar,13.111,80.245,ECMWF_ERA5_Reanalysis
2024-09-16,35.8,26.9,30.7,40.2,30.7,34.6,0.4,19.2,36.4,222,23.62,1004.3,ward_06_thiruvika_nagar,13.111,80.245,ECMWF_ERA5_Reanalysis
2024-09-17,36.3,27.6,30.8,41.8,30.4,34.7,0.6,17.1,35.3,208,24.06,1004.0,ward_06_thiruvika_nagar,13.111,80.245,ECMWF_ERA5_Reanalysis
2024-09-18,34.8,26.9,30.0,40.9,31.2,35.1,1.5,13.8,34.9,101,22.44,1003.5,ward_06_thiruvika_nagar,13.111,80.245,ECMWF_ERA5_Reanalysis
2024-09-19,33.9,25.3,29.3,40.5,27.9,34.4,2.0,18.3,36.0,159,23.6,1004.0,ward_06_thiruvika_nagar,13.111,80.245,ECMWF_ERA5_Reanalysis
2024-09-20,35.9,26.5,30.5,41.3,31.0,35.2,0.4,14.7,33.5,223,22.95,1003.5,ward_06_thiruvika_nagar,13.111,80.245,ECMWF_ERA5_Reanalysis
2024-09-21,31.0,25.6,28.5,35.6,30.9,33.5,3.9,17.0,34.6,311,9.87,1004.2,ward_06_thiruvika_nagar,13.111,80.245,ECMWF_ERA5_Reanalysis
2024-09-22,33.6,25.1,28.3,38.9,30.0,33.5,12.9,15.7,31.3,281,14.16,1003.2,ward_06_thiruvika_nagar,13.111,80.245,ECMWF_ERA5_Reanalysis
2024-09-23,33.0,24.8,28.5,41.2,28.5,34.2,15.5,13.3,33.8,233,21.77,1002.7,ward_06_thiruvika_nagar,13.111,80.245,ECMWF_ERA5_Reanalysis
2024-09-24,33.4,25.6,28.9,39.0,30.7,33.9,12.4,15.5,31.3,239,20.6,1002.0,ward_06_thiruvika_nagar,13.111,80.245,ECMWF_ERA5_Reanalysis
2024-09-25,33.9,25.7,28.7,40.3,30.8,34.2,11.2,16.3,34.9,234,20.62,1002.4,ward_06_thiruvika_nagar,13.111,80.245,ECMWF_ERA5_Reanalysis
2024-09-26,30.5,26.6,28.2,35.6,31.8,33.7,0.8,14.7,27.7,165,9.99,1003.5,ward_06_thiruvika_nagar,13.111,80.245,ECMWF_ERA5_Reanalysis
2024-09-27,31.4,25.5,28.3,38.8,29.0,33.8,7.8,17.3,34.2,183,20.67,1005.9,ward_06_thiruvika_nagar,13.111,80.245,ECMWF_ERA5_Reanalysis
2024-09-28,30.8,24.3,27.6,39.2,28.3,33.3,14.1,14.6,29.2,162,22.44,1007.6,ward_06_thiruvika_nagar,13.111,80.245,ECMWF_ERA5_Reanalysis
2024-09-29,30.8,24.5,27.7,38.0,29.5,33.1,0.7,16.3,34.2,173,22.28,1008.5,ward_06_thiruvika_nagar,13.111,80.245,ECMWF_ERA5_Reanalysis
2024-09-30,30.1,25.1,27.5,36.5,30.8,33.1,0.9,14.3,30.2,167,22.1,1008.4,ward_06_thiruvika_nagar,13.111,80.245,ECMWF_ERA5_Reanalysis
2024-10-01,31.6,25.6,28.3,37.8,30.7,33.3,0.6,17.3,35.3,175,22.92,1006.7,ward_06_thiruvika_nagar,13.111,80.245,ECMWF_ERA5_Reanalysis
2024-10-02,34.4,25.5,29.5,39.4,29.7,34.2,0.0,19.2,36.0,197,23.87,1006.2,ward_06_thiruvika_nagar,13.111,80.245,ECMWF_ERA5_Reanalysis
2024-10-03,34.0,26.4,29.5,42.2,29.5,34.8,1.6,15.0,29.5,220,22.05,1005.7,ward_06_thiruvika_nagar,13.111,80.245,ECMWF_ERA5_Reanalysis
2024-10-04,32.8,26.5,29.0,40.2,30.7,34.4,2.2,18.3,31.7,213,20.16,1006.0,ward_06_thiruvika_nagar,13.111,80.245,ECMWF_ERA5_Reanalysis
2024-10-05,33.5,25.5,28.9,40.5,29.3,34.2,0.1,14.5,26.3,226,22.1,1006.2,ward_06_thiruvika_nagar,13.111,80.245,ECMWF_ERA5_Reanalysis
2024-10-06,32.2,25.5,28.6,39.2,31.7,34.4,0.0,13.3,27.7,84,22.95,1007.0,ward_06_thiruvika_nagar,13.111,80.245,ECMWF_ERA5_Reanalysis
2024-10-07,30.0,25.6,27.9,36.4,31.3,33.2,1.4,12.3,27.7,113,18.82,1008.5,ward_06_thiruvika_nagar,13.111,80.245,ECMWF_ERA5_Reanalysis
2024-10-08,30.3,24.8,27.7,37.0,29.8,33.1,1.4,13.2,29.2,130,21.23,1009.1,ward_06_thiruvika_nagar,13.111,80.245,ECMWF_ERA5_Reanalysis
2024-10-09,30.0,25.0,27.6,36.5,29.6,33.0,2.0,14.9,31.7,126,20.48,1007.5,ward_06_thiruvika_nagar,13.111,80.245,ECMWF_ERA5_Reanalysis
2024-10-10,29.8,24.3,27.1,36.2,29.1,32.4,16.5,14.8,31.0,128,17.83,1006.3,ward_06_thiruvika_nagar,13.111,80.245,ECMWF_ERA5_Reanalysis
2024-10-11,29.8,24.6,27.4,35.4,29.7,32.6,7.4,14.2,32.4,137,19.25,1006.3,ward_06_thiruvika_nagar,13.111,80.245,ECMWF_ERA5_Reanalysis
2024-10-12,29.6,25.2,27.4,35.6,29.9,32.4,3.3,15.8,33.1,109,20.88,1007.4,ward_06_thiruvika_nagar,13.111,80.245,ECMWF_ERA5_Reanalysis
2024-10-13,29.9,24.1,27.3,36.5,29.2,32.6,2.5,13.8,29.9,101,20.21,1007.5,ward_06_thiruvika_nagar,13.111,80.245,ECMWF_ERA5_Reanalysis
2024-10-14,26.7,24.3,25.6,30.7,28.2,29.7,69.2,24.2,42.5,31,6.14,1006.5,ward_06_thiruvika_nagar,13.111,80.245,ECMWF_ERA5_Reanalysis
2024-10-15,28.2,24.7,26.1,32.4,28.7,30.5,63.4,19.5,34.9,60,8.69,1006.2,ward_06_thiruvika_nagar,13.111,80.245,ECMWF_ERA5_Reanalysis
2024-10-16,28.6,23.9,25.8,33.0,27.9,30.4,39.7,14.5,30.2,326,10.79,1005.3,ward_06_thiruvika_nagar,13.111,80.245,ECMWF_ERA5_Reanalysis
2024-10-17,30.3,23.9,27.2,37.2,29.1,32.7,3.2,10.5,24.5,147,20.75,1005.5,ward_06_thiruvika_nagar,13.111,80.245,ECMWF_ERA5_Reanalysis
2024-10-18,28.8,24.4,26.8,35.4,29.8,32.4,11.6,14.1,31.3,126,14.13,1006.7,ward_06_thiruvika_nagar,13.111,80.245,ECMWF_ERA5_Reanalysis
2024-10-19,29.3,24.1,26.8,35.1,28.9,32.1,8.0,10.8,25.6,36,16.25,1007.8,ward_06_thiruvika_nagar,13.111,80.245,ECMWF_ERA5_Reanalysis
2024-10-20,29.9,24.5,27.1,36.8,29.4,32.5,5.8,13.5,27.7,34,18.81,1008.6,ward_06_thiruvika_nagar,13.111,80.245,ECMWF_ERA5_Reanalysis
2024-10-21,30.1,25.4,27.7,37.4,30.8,33.5,1.6,10.9,24.5,113,19.86,1008.8,ward_06_thiruvika_nagar,13.111,80.245,ECMWF_ERA5_Reanalysis
2024-10-22,30.3,24.3,27.2,36.9,29.1,32.8,1.0,12.6,26.6,14,19.86,1008.8,ward_06_thiruvika_nagar,13.111,80.245,ECMWF_ERA5_Reanalysis
2024-10-23,31.5,24.1,27.5,37.7,28.6,32.8,0.0,12.9,27.7,356,22.1,1007.8,ward_06_thiruvika_nagar,13.111,80.245,ECMWF_ERA5_Reanalysis
2024-10-24,31.2,25.1,27.6,35.5,29.5,32.0,0.0,12.7,26.3,252,14.9,1007.3,ward_06_thiruvika_nagar,13.111,80.245,ECMWF_ERA5_Reanalysis
2024-10-25,32.7,24.0,27.9,37.7,28.0,32.2,0.0,12.9,23.0,225,21.22,1007.2,ward_06_thiruvika_nagar,13.111,80.245,ECMWF_ERA5_Reanalysis
2024-10-26,33.5,24.2,28.3,37.2,27.5,32.2,0.0,13.1,24.8,252,22.11,1006.8,ward_06_thiruvika_nagar,13.111,80.245,ECMWF_ERA5_Reanalysis
2024-10-27,32.3,24.1,28.0,37.9,28.4,32.6,0.6,11.2,24.5,253,20.96,1006.1,ward_06_thiruvika_nagar,13.111,80.245,ECMWF_ERA5_Reanalysis
2024-10-28,32.2,24.3,27.7,38.4,27.4,32.4,1.7,11.8,24.5,207,20.72,1005.8,ward_06_thiruvika_nagar,13.111,80.245,ECMWF_ERA5_Reanalysis
2024-10-29,32.1,24.6,28.3,39.4,29.8,34.0,1.1,12.7,28.4,177,20.94,1006.8,ward_06_thiruvika_nagar,13.111,80.245,ECMWF_ERA5_Reanalysis
2024-10-30,31.5,25.5,27.8,38.8,29.3,33.4,4.8,13.1,25.9,195,19.56,1007.9,ward_06_thiruvika_nagar,13.111,80.245,ECMWF_ERA5_Reanalysis
2024-10-31,30.1,25.1,27.3,36.5,30.5,32.8,1.9,13.9,32.0,119,18.77,1009.1,ward_06_thiruvika_nagar,13.111,80.245,ECMWF_ERA5_Reanalysis
2024-11-01,29.2,24.8,26.7,36.5,30.5,32.2,5.9,11.8,26.3,72,18.02,1010.2,ward_06_thiruvika_nagar,13.111,80.245,ECMWF_ERA5_Reanalysis
2024-11-02,29.2,24.2,26.7,35.8,29.6,32.0,4.4,9.9,28.1,75,18.58,1010.6,ward_06_thiruvika_nagar,13.111,80.245,ECMWF_ERA5_Reanalysis
2024-11-03,29.6,23.7,26.6,34.9,28.6,31.3,3.7,17.3,34.2,44,19.18,1010.4,ward_06_thiruvika_nagar,13.111,80.245,ECMWF_ERA5_Reanalysis
2024-11-04,30.1,23.5,26.9,35.5,28.5,31.5,1.2,14.2,28.1,36,20.55,1009.6,ward_06_thiruvika_nagar,13.111,80.245,ECMWF_ERA5_Reanalysis
2024-11-05,30.5,23.9,27.3,33.5,27.6,30.6,0.1,19.1,37.8,9,20.69,1009.6,ward_06_thiruvika_nagar,13.111,80.245,ECMWF_ERA5_Reanalysis
2024-11-06,28.7,24.6,26.0,32.4,27.4,29.6,14.9,18.8,37.4,9,15.22,1009.8,ward_06_thiruvika_nagar,13.111,80.245,ECMWF_ERA5_Reanalysis
2024-11-07,29.6,24.0,26.9,34.6,27.6,30.8,2.6,20.7,42.5,17,17.83,1009.5,ward_06_thiruvika_nagar,13.111,80.245,ECMWF_ERA5_Reanalysis
2024-11-08,30.4,26.1,28.1,34.9,30.0,31.7,0.2,20.1,40.0,35,20.06,1009.4,ward_06_thiruvika_nagar,13.111,80.245,ECMWF_ERA5_Reanalysis
2024-11-09,30.4,24.7,27.5,33.6,28.7,30.7,1.0,21.8,42.5,27,18.93,1009.7,ward_06_thiruvika_nagar,13.111,80.245,ECMWF_ERA5_Reanalysis
2024-11-10,30.3,24.3,27.3,32.8,28.3,30.4,1.5,23.2,43.9,16,19.86,1009.5,ward_06_thiruvika_nagar,13.111,80.245,ECMWF_ERA5_Reanalysis
2024-11-11,30.2,24.0,26.8,32.2,27.3,29.7,4.4,27.2,51.5,359,17.93,1008.3,ward_06_thiruvika_nagar,13.111,80.245,ECMWF_ERA5_Reanalysis
2024-11-12,27.5,24.0,25.5,32.2,27.9,30.2,42.4,13.1,25.9,29,5.33,1007.8,ward_06_thiruvika_nagar,13.111,80.245,ECMWF_ERA5_Reanalysis
2024-11-13,26.9,24.0,25.6,31.4,28.8,30.5,33.1,13.5,32.0,51,5.82,1007.8,ward_06_thiruvika_nagar,13.111,80.245,ECMWF_ERA5_Reanalysis
2024-11-14,28.9,24.3,26.0,34.9,27.9,30.8,12.6,15.4,37.8,41,14.95,1009.1,ward_06_thiruvika_nagar,13.111,80.245,ECMWF_ERA5_Reanalysis
2024-11-15,28.1,24.1,26.0,33.1,28.7,30.7,16.9,13.5,35.6,33,13.8,1009.7,ward_06_thiruvika_nagar,13.111,80.245,ECMWF_ERA5_Reanalysis
2024-11-16,27.7,24.0,26.1,32.5,28.5,30.9,11.2,13.9,40.0,50,15.62,1009.3,ward_06_thiruvika_nagar,13.111,80.245,ECMWF_ERA5_Reanalysis
2024-11-17,29.5,24.0,27.0,33.7,29.1,31.0,2.5,19.3,46.1,43,20.06,1009.1,ward_06_thiruvika_nagar,13.111,80.245,ECMWF_ERA5_Reanalysis
2024-11-18,29.2,25.8,27.2,32.4,29.1,30.4,0.0,18.6,45.0,44,20.42,1009.8,ward_06_thiruvika_nagar,13.111,80.245,ECMWF_ERA5_Reanalysis
2024-11-19,28.7,25.4,26.8,31.8,28.1,29.5,0.5,19.4,49.7,31,19.17,1010.5,ward_06_thiruvika_nagar,13.111,80.245,ECMWF_ERA5_Reanalysis
2024-11-20,28.9,25.0,26.7,32.1,28.0,29.3,0.0,16.8,42.8,36,20.06,1010.4,ward_06_thiruvika_nagar,13.111,80.245,ECMWF_ERA5_Reanalysis
2024-11-21,29.0,25.2,26.6,32.1,27.4,28.9,0.0,17.3,43.9,34,19.09,1010.1,ward_06_thiruvika_nagar,13.111,80.245,ECMWF_ERA5_Reanalysis
2024-11-22,29.2,23.1,26.3,31.9,25.3,29.0,0.0,18.2,43.9,19,19.47,1009.9,ward_06_thiruvika_nagar,13.111,80.245,ECMWF_ERA5_Reanalysis
2024-11-23,28.9,23.5,26.4,32.1,26.5,29.7,1.1,18.0,43.6,24,16.58,1010.5,ward_06_thiruvika_nagar,13.111,80.245,ECMWF_ERA5_Reanalysis
2024-11-24,29.6,25.5,27.0,32.8,28.9,30.0,0.1,18.1,43.6,30,15.21,1010.4,ward_06_thiruvika_nagar,13.111,80.245,ECMWF_ERA5_Reanalysis
2024-11-25,29.6,24.3,26.6,31.4,27.5,29.0,1.3,23.0,55.4,18,18.33,1009.4,ward_06_thiruvika_nagar,13.111,80.245,ECMWF_ERA5_Reanalysis
2024-11-26,26.8,23.6,25.0,30.7,27.1,28.5,22.5,19.6,42.1,22,7.47,1008.0,ward_06_thiruvika_nagar,13.111,80.245,ECMWF_ERA5_Reanalysis
2024-11-27,27.7,24.5,26.4,28.5,26.8,27.6,5.4,26.8,61.2,19,7.95,1006.8,ward_06_thiruvika_nagar,13.111,80.245,ECMWF_ERA5_Reanalysis
2024-11-28,26.4,23.9,25.2,27.9,25.2,26.7,21.0,27.5,75.2,356,6.4,1005.8,ward_06_thiruvika_nagar,13.111,80.245,ECMWF_ERA5_Reanalysis
2024-11-29,25.1,23.3,24.3,28.3,25.0,26.7,25.6,23.3,48.6,352,6.69,1005.0,ward_06_thiruvika_nagar,13.111,80.245,ECMWF_ERA5_Reanalysis
2024-11-30,26.5,23.9,25.2,27.9,24.3,26.4,158.4,48.7,95.8,20,0.67,1000.3,ward_06_thiruvika_nagar,13.111,80.245,ECMWF_ERA5_Reanalysis
2024-12-01,27.8,24.8,26.1,30.7,27.8,29.0,25.3,28.6,63.0,95,8.22,1000.9,ward_06_thiruvika_nagar,13.111,80.245,ECMWF_ERA5_Reanalysis
2024-12-02,28.9,25.3,26.8,32.8,28.4,30.7,10.2,20.4,47.9,141,16.89,1004.2,ward_06_thiruvika_nagar,13.111,80.245,ECMWF_ERA5_Reanalysis
2024-12-03,29.4,24.6,27.0,35.4,28.9,31.9,4.0,13.9,33.1,129,18.31,1007.8,ward_06_thiruvika_nagar,13.111,80.245,ECMWF_ERA5_Reanalysis
2024-12-04,28.8,24.8,26.8,34.3,30.1,32.2,3.5,10.7,26.3,57,16.24,1009.0,ward_06_thiruvika_nagar,13.111,80.245,ECMWF_ERA5_Reanalysis
2024-12-05,29.1,23.7,26.0,35.1,28.4,31.2,0.8,11.5,28.4,13,17.02,1009.8,ward_06_thiruvika_nagar,13.111,80.245,ECMWF_ERA5_Reanalysis
2024-12-06,28.0,24.2,26.2,34.0,29.3,31.6,1.8,11.4,29.2,37,15.87,1009.7,ward_06_thiruvika_nagar,13.111,80.245,ECMWF_ERA5_Reanalysis
2024-12-07,29.2,24.1,26.6,34.6,29.3,31.7,0.4,10.8,27.7,76,19.06,1009.5,ward_06_thiruvika_nagar,13.111,80.245,ECMWF_ERA5_Reanalysis
2024-12-08,29.4,23.8,26.8,34.7,28.8,31.5,0.0,9.8,26.3,88,19.08,1009.5,ward_06_thiruvika_nagar,13.111,80.245,ECMWF_ERA5_Reanalysis
2024-12-09,29.2,23.3,26.5,34.1,28.3,31.2,1.0,12.2,31.3,33,17.99,1009.2,ward_06_thiruvika_nagar,13.111,80.245,ECMWF_ERA5_Reanalysis
2024-12-10,29.3,24.7,26.9,32.3,29.1,30.5,0.2,17.9,43.6,21,16.68,1008.9,ward_06_thiruvika_nagar,13.111,80.245,ECMWF_ERA5_Reanalysis
2024-12-11,27.2,24.1,25.6,29.8,27.6,28.8,16.1,24.9,51.5,29,5.19,1009.0,ward_06_thiruvika_nagar,13.111,80.245,ECMWF_ERA5_Reanalysis
2024-12-12,26.0,23.8,25.0,29.5,27.6,28.5,47.9,18.8,38.9,56,5.53,1008.9,ward_06_thiruvika_nagar,13.111,80.245,ECMWF_ERA5_Reanalysis
2024-12-13,27.9,25.2,26.3,30.9,27.5,28.9,2.1,20.1,47.5,46,16.5,1009.7,ward_06_thiruvika_nagar,13.111,80.245,ECMWF_ERA5_Reanalysis
2024-12-14,28.4,24.6,26.2,30.3,26.9,28.2,0.0,19.5,46.4,34,16.78,1011.2,ward_06_thiruvika_nagar,13.111,80.245,ECMWF_ERA5_Reanalysis
2024-12-15,27.5,24.3,25.6,28.8,26.1,26.9,0.0,22.4,55.4,28,17.51,1011.9,ward_06_thiruvika_nagar,13.111,80.245,ECMWF_ERA5_Reanalysis
2024-12-16,27.0,22.7,24.8,28.5,24.5,26.0,0.0,20.4,48.2,13,18.44,1010.7,ward_06_thiruvika_nagar,13.111,80.245,ECMWF_ERA5_Reanalysis
2024-12-17,26.3,22.1,23.9,27.7,23.6,25.4,8.2,22.9,54.4,344,6.4,1008.8,ward_06_thiruvika_nagar,13.111,80.245,ECMWF_ERA5_Reanalysis
2024-12-18,26.3,22.0,24.0,29.6,23.8,26.8,24.1,20.5,45.7,353,7.21,1007.7,ward_06_thiruvika_nagar,13.111,80.245,ECMWF_ERA5_Reanalysis
2024-12-19,27.3,23.5,25.2,31.0,26.6,29.0,7.0,17.4,42.5,354,9.66,1007.1,ward_06_thiruvika_nagar,13.111,80.245,ECMWF_ERA5_Reanalysis
2024-12-20,28.8,24.0,25.9,33.1,27.8,29.8,15.9,19.1,43.2,341,13.96,1006.8,ward_06_thiruvika_nagar,13.111,80.245,ECMWF_ERA5_Reanalysis
2024-12-21,28.6,24.1,26.0,33.7,28.4,30.4,1.5,16.0,37.8,354,16.62,1007.9,ward_06_thiruvika_nagar,13.111,80.245,ECMWF_ERA5_Reanalysis
2024-12-22,28.4,24.1,25.8,32.3,27.9,29.6,0.2,16.2,39.6,12,17.82,1009.1,ward_06_thiruvika_nagar,13.111,80.245,ECMWF_ERA5_Reanalysis
2024-12-23,28.6,23.1,25.7,31.7,26.8,29.0,0.0,20.0,49.0,358,16.85,1008.9,ward_06_thiruvika_nagar,13.111,80.245,ECMWF_ERA5_Reanalysis
2024-12-24,27.9,23.5,25.2,31.4,25.2,28.1,7.6,18.4,43.6,344,12.03,1008.4,ward_06_thiruvika_nagar,13.111,80.245,ECMWF_ERA5_Reanalysis
2024-12-25,27.5,23.1,24.8,30.8,24.9,27.5,2.8,19.2,47.9,341,10.36,1009.4,ward_06_thiruvika_nagar,13.111,80.245,ECMWF_ERA5_Reanalysis
2024-12-26,28.2,24.5,26.2,32.9,28.1,30.1,10.1,19.7,45.4,79,16.34,1011.5,ward_06_thiruvika_nagar,13.111,80.245,ECMWF_ERA5_Reanalysis
2024-12-27,28.5,23.7,26.2,30.9,27.0,29.3,4.1,22.2,52.6,62,17.98,1013.5,ward_06_thiruvika_nagar,13.111,80.245,ECMWF_ERA5_Reanalysis
2024-12-28,28.3,24.9,26.4,32.2,28.1,30.0,0.2,15.0,36.7,46,18.62,1013.0,ward_06_thiruvika_nagar,13.111,80.245,ECMWF_ERA5_Reanalysis
2024-12-29,27.9,24.3,26.0,30.4,27.9,28.9,1.0,19.6,44.6,33,15.43,1012.9,ward_06_thiruvika_nagar,13.111,80.245,ECMWF_ERA5_Reanalysis
2024-12-30,28.0,23.8,25.8,31.4,27.4,29.2,3.5,19.9,46.8,30,17.52,1012.8,ward_06_thiruvika_nagar,13.111,80.245,ECMWF_ERA5_Reanalysis
2024-12-31,28.2,24.5,26.1,31.3,28.0,29.3,0.1,18.7,44.6,32,18.16,1013.0,ward_06_thiruvika_nagar,13.111,80.245,ECMWF_ERA5_Reanalysis
