time,temperature_2m_max,temperature_2m_min,temperature_2m_mean,apparent_temperature_max,apparent_temperature_min,apparent_temperature_mean,precipitation_sum,wind_speed_10m_max,wind_gusts_10m_max,wind_direction_10m_dominant,shortwave_radiation_sum,surface_pressure_mean,location_id,latitude,longitude,data_source
2014-01-01,26.8,24.1,25.2,27.0,25.1,25.8,0.5,25.0,40.7,45,13.88,1013.2,loc_cuddalore,11.748,79.7714,ECMWF_ERA5_Reanalysis
2014-01-02,27.1,23.1,25.1,26.4,24.4,25.4,0.0,24.2,41.8,33,14.95,1013.5,loc_cuddalore,11.748,79.7714,ECMWF_ERA5_Reanalysis
2014-01-03,27.0,23.4,25.2,27.4,24.4,25.9,0.0,23.4,37.4,29,12.71,1013.4,loc_cuddalore,11.748,79.7714,ECMWF_ERA5_Reanalysis
2014-01-04,26.1,23.1,24.6,26.5,24.2,25.3,0.1,22.4,35.6,18,6.31,1012.4,loc_cuddalore,11.748,79.7714,ECMWF_ERA5_Reanalysis
2014-01-05,27.8,23.2,25.3,28.1,24.4,26.2,0.0,24.3,41.0,23,15.35,1010.8,loc_cuddalore,11.748,79.7714,ECMWF_ERA5_Reanalysis
2014-01-06,26.7,23.8,25.2,27.1,25.2,26.2,0.0,24.8,39.2,32,10.44,1010.7,loc_cuddalore,11.748,79.7714,ECMWF_ERA5_Reanalysis
2014-01-07,27.1,23.9,25.3,27.7,25.1,26.2,0.0,24.7,41.0,32,15.04,1011.5,loc_cuddalore,11.748,79.7714,ECMWF_ERA5_Reanalysis
2014-01-08,27.3,24.2,25.7,27.3,25.4,26.3,0.0,24.9,38.9,45,13.19,1012.8,loc_cuddalore,11.748,79.7714,ECMWF_ERA5_Reanalysis
2014-01-09,27.4,24.3,25.6,28.5,26.0,26.8,0.0,21.3,34.2,52,15.18,1012.8,loc_cuddalore,11.748,79.7714,ECMWF_ERA5_Reanalysis
2014-01-10,27.4,23.5,25.1,29.6,25.1,26.7,0.0,18.5,31.3,61,20.03,1012.8,loc_cuddalore,11.748,79.7714,ECMWF_ERA5_Reanalysis
2014-01-11,27.6,22.7,25.0,29.6,24.8,26.5,0.0,16.1,29.5,64,18.61,1013.4,loc_cuddalore,11.748,79.7714,ECMWF_ERA5_Reanalysis
2014-01-12,27.8,22.6,25.0,29.9,24.5,26.6,0.0,19.8,33.5,45,19.64,1014.2,loc_cuddalore,11.748,79.7714,ECMWF_ERA5_Reanalysis
2014-01-13,26.9,22.7,24.8,27.6,24.0,25.9,0.9,21.7,34.2,30,8.07,1013.8,loc_cuddalore,11.748,79.7714,ECMWF_ERA5_Reanalysis
2014-01-14,27.6,24.1,25.4,29.2,25.5,26.7,0.0,20.6,33.5,46,17.87,1013.4,loc_cuddalore,11.748,79.7714,ECMWF_ERA5_Reanalysis
2014-01-15,28.0,23.7,25.7,30.0,25.6,27.2,0.0,19.0,32.8,60,19.65,1014.1,loc_cuddalore,11.748,79.7714,ECMWF_ERA5_Reanalysis
2014-01-16,28.4,24.1,25.9,30.6,26.1,27.6,0.0,20.9,31.7,72,17.38,1014.5,loc_cuddalore,11.748,79.7714,ECMWF_ERA5_Reanalysis
2014-01-17,27.0,23.8,25.3,28.2,25.4,26.8,0.0,21.6,35.3,53,17.13,1014.3,loc_cuddalore,11.748,79.7714,ECMWF_ERA5_Reanalysis
2014-01-18,27.8,23.5,25.3,28.5,24.9,26.2,0.0,19.0,32.4,51,17.2,1014.0,loc_cuddalore,11.748,79.7714,ECMWF_ERA5_Reanalysis
2014-01-19,26.7,22.7,24.7,28.5,24.6,26.6,2.4,22.7,36.7,47,16.34,1015.6,loc_cuddalore,11.748,79.7714,ECMWF_ERA5_Reanalysis
2014-01-20,26.8,22.9,24.8,27.7,25.3,26.3,1.7,25.0,40.7,49,16.55,1015.8,loc_cuddalore,11.748,79.7714,ECMWF_ERA5_Reanalysis
2014-01-21,27.1,22.8,25.1,27.8,24.8,25.8,0.0,26.9,43.6,42,17.01,1015.3,loc_cuddalore,11.748,79.7714,ECMWF_ERA5_Reanalysis
2014-01-22,27.6,24.0,25.5,28.2,24.9,26.0,0.0,21.7,36.0,55,16.02,1014.2,loc_cuddalore,11.748,79.7714,ECMWF_ERA5_Reanalysis
2014-01-23,27.2,22.9,24.9,28.1,24.2,26.0,0.0,23.0,36.7,47,16.16,1014.4,loc_cuddalore,11.748,79.7714,ECMWF_ERA5_Reanalysis
2014-01-24,27.7,23.0,25.1,30.5,24.9,26.6,0.3,22.1,35.6,56,19.87,1012.9,loc_cuddalore,11.748,79.7714,ECMWF_ERA5_Reanalysis
2014-01-25,27.9,23.8,25.6,29.1,24.8,26.1,0.0,22.1,34.9,50,19.09,1012.6,loc_cuddalore,11.748,79.7714,ECMWF_ERA5_Reanalysis
2014-01-26,27.3,23.3,25.1,27.2,24.3,25.3,0.3,26.1,43.2,40,16.79,1012.9,loc_cuddalore,11.748,79.7714,ECMWF_ERA5_Reanalysis
2014-01-27,27.5,23.5,25.4,27.6,24.2,25.4,1.6,25.1,41.0,46,17.03,1012.9,loc_cuddalore,11.748,79.7714,ECMWF_ERA5_Reanalysis
2014-01-28,27.9,23.5,25.5,28.7,23.8,25.6,0.0,24.3,40.7,40,22.04,1012.9,loc_cuddalore,11.748,79.7714,ECMWF_ERA5_Reanalysis
2014-01-29,27.9,22.9,25.2,28.8,24.0,25.7,0.0,24.8,41.0,36,22.23,1013.1,loc_cuddalore,11.748,79.7714,ECMWF_ERA5_Reanalysis
2014-01-30,28.2,22.3,25.1,29.4,23.4,25.7,0.0,24.3,40.0,31,22.27,1013.5,loc_cuddalore,11.748,79.7714,ECMWF_ERA5_Reanalysis
2014-01-31,28.2,22.3,25.0,30.5,23.8,26.4,0.0,22.4,37.1,34,19.31,1013.3,loc_cuddalore,11.748,79.7714,ECMWF_ERA5_Reanalysis
2014-02-01,27.3,23.0,25.0,29.2,24.9,26.8,1.0,22.4,36.4,46,17.82,1013.0,loc_cuddalore,11.748,79.7714,ECMWF_ERA5_Reanalysis
2014-02-02,27.8,23.6,25.4,29.9,25.6,26.9,0.1,22.9,37.8,49,20.33,1012.6,loc_cuddalore,11.748,79.7714,ECMWF_ERA5_Reanalysis
2014-02-03,27.8,22.6,24.9,30.3,24.5,26.5,0.0,17.0,27.0,46,21.72,1011.2,loc_cuddalore,11.748,79.7714,ECMWF_ERA5_Reanalysis
2014-02-04,27.5,22.3,24.7,30.5,24.4,26.6,0.0,14.8,25.9,60,22.37,1009.6,loc_cuddalore,11.748,79.7714,ECMWF_ERA5_Reanalysis
2014-02-05,28.0,21.3,24.6,30.1,23.3,25.9,0.0,15.7,27.7,65,23.68,1009.3,loc_cuddalore,11.748,79.7714,ECMWF_ERA5_Reanalysis
2014-02-06,27.5,20.4,24.0,30.2,22.5,25.9,0.0,15.5,28.4,66,23.24,1009.9,loc_cuddalore,11.748,79.7714,ECMWF_ERA5_Reanalysis
2014-02-07,27.9,21.0,24.3,30.7,23.2,26.4,0.0,13.6,25.2,56,23.34,1010.1,loc_cuddalore,11.748,79.7714,ECMWF_ERA5_Reanalysis
2014-02-08,28.1,21.7,24.6,31.2,24.4,26.7,0.0,14.6,25.9,106,23.5,1009.7,loc_cuddalore,11.748,79.7714,ECMWF_ERA5_Reanalysis
2014-02-09,28.3,21.2,24.8,31.1,23.8,26.6,0.0,17.7,29.5,140,23.85,1008.8,loc_cuddalore,11.748,79.7714,ECMWF_ERA5_Reanalysis
2014-02-10,28.4,20.9,24.9,31.8,23.1,27.0,0.0,15.5,27.7,136,23.67,1008.9,loc_cuddalore,11.748,79.7714,ECMWF_ERA5_Reanalysis
2014-02-11,28.5,22.8,25.4,31.4,25.2,27.3,0.0,15.7,28.1,131,22.15,1008.4,loc_cuddalore,11.748,79.7714,ECMWF_ERA5_Reanalysis
2014-02-12,28.8,23.4,26.0,31.5,25.5,27.8,0.0,16.1,29.9,115,21.59,1008.6,loc_cuddalore,11.748,79.7714,ECMWF_ERA5_Reanalysis
2014-02-13,29.1,22.8,26.2,31.6,25.5,27.8,0.0,17.1,30.2,99,21.99,1010.6,loc_cuddalore,11.748,79.7714,ECMWF_ERA5_Reanalysis
2014-02-14,28.2,23.3,26.2,29.6,26.3,27.7,0.0,21.7,34.6,103,16.58,1010.9,loc_cuddalore,11.748,79.7714,ECMWF_ERA5_Reanalysis
2014-02-15,28.9,23.9,26.4,32.1,27.3,28.9,0.0,18.0,28.8,125,17.3,1009.2,loc_cuddalore,11.748,79.7714,ECMWF_ERA5_Reanalysis
2014-02-16,29.3,25.1,26.9,32.8,28.2,29.7,0.0,17.8,29.9,140,17.65,1009.2,loc_cuddalore,11.748,79.7714,ECMWF_ERA5_Reanalysis
2014-02-17,28.1,24.6,26.3,33.0,28.8,30.0,3.5,17.7,31.0,97,15.08,1011.1,loc_cuddalore,11.748,79.7714,ECMWF_ERA5_Reanalysis
2014-02-18,28.3,24.8,26.4,31.4,28.0,29.0,0.9,21.3,35.6,59,19.01,1013.1,loc_cuddalore,11.748,79.7714,ECMWF_ERA5_Reanalysis
2014-02-19,28.0,24.5,26.1,30.6,26.8,28.2,0.2,22.6,37.8,60,19.05,1012.7,loc_cuddalore,11.748,79.7714,ECMWF_ERA5_Reanalysis
2014-02-20,27.7,24.3,25.9,29.7,26.2,27.5,0.0,18.0,30.2,68,18.61,1012.4,loc_cuddalore,11.748,79.7714,ECMWF_ERA5_Reanalysis
2014-02-21,28.5,23.1,25.8,31.4,25.7,27.6,0.0,21.0,35.6,66,22.42,1012.9,loc_cuddalore,11.748,79.7714,ECMWF_ERA5_Reanalysis
2014-02-22,28.4,23.8,25.7,31.4,25.3,27.4,0.0,19.5,34.9,63,23.45,1012.9,loc_cuddalore,11.748,79.7714,ECMWF_ERA5_Reanalysis
2014-02-23,28.7,22.2,25.6,30.9,24.0,27.2,0.0,19.3,32.8,51,23.07,1012.9,loc_cuddalore,11.748,79.7714,ECMWF_ERA5_Reanalysis
2014-02-24,26.2,24.5,25.4,29.5,27.5,28.3,8.1,18.7,30.2,64,11.16,1013.2,loc_cuddalore,11.748,79.7714,ECMWF_ERA5_Reanalysis
2014-02-25,28.4,24.6,26.2,31.4,27.4,28.5,1.1,21.9,37.1,64,21.73,1013.4,loc_cuddalore,11.748,79.7714,ECMWF_ERA5_Reanalysis
2014-02-26,28.1,23.7,25.7,31.9,26.3,28.2,0.0,18.4,31.7,71,22.73,1012.8,loc_cuddalore,11.748,79.7714,ECMWF_ERA5_Reanalysis
2014-02-27,28.6,22.7,26.0,31.4,26.1,28.2,0.0,19.8,34.2,88,20.11,1012.4,loc_cuddalore,11.748,79.7714,ECMWF_ERA5_Reanalysis
2014-02-28,29.1,23.8,26.6,32.1,27.2,28.9,0.0,22.5,33.5,98,19.13,1011.6,loc_cuddalore,11.748,79.7714,ECMWF_ERA5_Reanalysis
2014-03-01,28.2,25.2,26.5,31.2,27.6,28.6,0.4,19.4,33.8,99,18.55,1011.2,loc_cuddalore,11.748,79.7714,ECMWF_ERA5_Reanalysis
2014-03-02,28.8,24.4,26.9,31.0,27.6,29.0,0.0,18.6,29.9,98,16.82,1010.8,loc_cuddalore,11.748,79.7714,ECMWF_ERA5_Reanalysis
2014-03-03,29.2,25.6,27.1,32.3,27.8,29.2,0.0,21.0,32.8,96,19.64,1011.0,loc_cuddalore,11.748,79.7714,ECMWF_ERA5_Reanalysis
2014-03-04,29.2,25.4,27.2,31.9,27.9,29.1,0.0,19.9,34.6,90,20.79,1011.9,loc_cuddalore,11.748,79.7714,ECMWF_ERA5_Reanalysis
2014-03-05,29.1,25.2,27.0,31.4,27.5,28.8,0.1,22.7,37.4,83,20.4,1012.1,loc_cuddalore,11.748,79.7714,ECMWF_ERA5_Reanalysis
2014-03-06,29.4,25.1,27.0,32.0,27.7,29.1,0.0,21.3,38.2,76,20.16,1011.6,loc_cuddalore,11.748,79.7714,ECMWF_ERA5_Reanalysis
2014-03-07,29.5,25.0,27.1,31.8,27.4,28.8,0.0,21.7,34.9,69,21.54,1012.5,loc_cuddalore,11.748,79.7714,ECMWF_ERA5_Reanalysis
2014-03-08,29.5,25.2,27.1,31.8,27.3,28.8,0.0,22.2,37.1,64,23.01,1013.2,loc_cuddalore,11.748,79.7714,ECMWF_ERA5_Reanalysis
2014-03-09,29.4,25.5,27.3,31.0,27.3,28.7,0.0,20.9,34.9,61,19.16,1012.9,loc_cuddalore,11.748,79.7714,ECMWF_ERA5_Reanalysis
2014-03-10,29.8,25.4,27.3,32.2,27.9,29.3,0.2,20.5,35.3,69,19.02,1012.6,loc_cuddalore,11.748,79.7714,ECMWF_ERA5_Reanalysis
2014-03-11,29.6,25.5,27.2,32.4,27.6,29.2,0.0,18.6,33.1,78,23.31,1012.7,loc_cuddalore,11.748,79.7714,ECMWF_ERA5_Reanalysis
2014-03-12,29.8,25.0,26.8,32.5,27.4,29.1,0.0,16.7,30.2,79,24.53,1013.2,loc_cuddalore,11.748,79.7714,ECMWF_ERA5_Reanalysis
2014-03-13,29.1,23.4,26.2,31.6,26.5,28.2,0.0,18.1,33.5,70,23.38,1012.4,loc_cuddalore,11.748,79.7714,ECMWF_ERA5_Reanalysis
2014-03-14,29.6,21.8,26.0,33.0,24.7,28.5,0.0,16.4,29.9,62,25.39,1012.4,loc_cuddalore,11.748,79.7714,ECMWF_ERA5_Reanalysis
2014-03-15,29.5,22.1,25.9,32.4,24.7,28.4,0.0,17.7,31.3,53,25.07,1013.5,loc_cuddalore,11.748,79.7714,ECMWF_ERA5_Reanalysis
2014-03-16,30.0,23.1,26.4,33.3,26.3,29.3,0.0,17.9,32.4,51,25.96,1014.0,loc_cuddalore,11.748,79.7714,ECMWF_ERA5_Reanalysis
2014-03-17,30.0,24.1,26.6,33.9,28.0,29.9,0.0,19.1,32.8,63,25.32,1013.2,loc_cuddalore,11.748,79.7714,ECMWF_ERA5_Reanalysis
2014-03-18,30.6,22.9,26.8,34.6,26.4,30.2,0.0,19.5,33.8,66,25.66,1012.5,loc_cuddalore,11.748,79.7714,ECMWF_ERA5_Reanalysis
2014-03-19,30.7,24.0,27.5,35.0,28.6,31.5,0.0,15.7,29.2,93,23.11,1011.8,loc_cuddalore,11.748,79.7714,ECMWF_ERA5_Reanalysis
2014-03-20,32.0,25.8,28.6,37.5,30.6,33.0,0.2,20.9,34.2,123,22.85,1010.2,loc_cuddalore,11.748,79.7714,ECMWF_ERA5_Reanalysis
2014-03-21,32.3,26.7,28.9,38.1,31.1,33.3,0.0,19.7,32.0,145,23.96,1008.6,loc_cuddalore,11.748,79.7714,ECMWF_ERA5_Reanalysis
2014-03-22,32.2,26.1,28.5,37.2,30.2,32.3,0.0,20.5,34.9,152,24.8,1007.5,loc_cuddalore,11.748,79.7714,ECMWF_ERA5_Reanalysis
2014-03-23,32.0,26.0,28.4,36.7,30.3,32.1,0.0,20.2,34.2,145,24.72,1008.7,loc_cuddalore,11.748,79.7714,ECMWF_ERA5_Reanalysis
2014-03-24,31.2,24.2,27.7,35.7,28.4,31.3,0.0,20.1,34.9,127,25.69,1010.2,loc_cuddalore,11.748,79.7714,ECMWF_ERA5_Reanalysis
2014-03-25,31.2,24.3,27.7,35.8,28.8,31.5,0.0,18.5,32.4,122,25.12,1009.9,loc_cuddalore,11.748,79.7714,ECMWF_ERA5_Reanalysis
2014-03-26,30.9,24.2,27.4,35.0,28.2,31.0,0.0,17.6,31.3,74,25.33,1009.7,loc_cuddalore,11.748,79.7714,ECMWF_ERA5_Reanalysis
2014-03-27,31.1,24.1,27.5,35.7,28.5,31.2,0.0,15.5,28.8,90,25.21,1010.5,loc_cuddalore,11.748,79.7714,ECMWF_ERA5_Reanalysis
2014-03-28,31.7,24.2,27.9,36.7,28.6,31.7,0.0,15.6,28.4,114,26.19,1010.1,loc_cuddalore,11.748,79.7714,ECMWF_ERA5_Reanalysis
2014-03-29,32.0,24.8,28.3,37.1,29.2,32.2,0.0,14.2,26.6,134,26.81,1009.1,loc_cuddalore,11.748,79.7714,ECMWF_ERA5_Reanalysis
2014-03-30,32.7,24.3,28.5,37.0,28.0,32.1,0.0,18.4,31.0,160,26.88,1008.3,loc_cuddalore,11.748,79.7714,ECMWF_ERA5_Reanalysis
2014-03-31,33.0,24.9,28.9,37.1,28.7,32.2,0.0,19.6,33.1,162,27.11,1008.0,loc_cuddalore,11.748,79.7714,ECMWF_ERA5_Reanalysis
2014-04-01,33.2,25.3,29.0,37.9,28.6,32.5,0.0,19.6,34.2,168,26.52,1006.8,loc_cuddalore,11.748,79.7714,ECMWF_ERA5_Reanalysis
2014-04-02,32.6,26.2,29.1,37.2,30.5,33.0,0.0,22.0,34.9,145,26.28,1006.7,loc_cuddalore,11.748,79.7714,ECMWF_ERA5_Reanalysis
2014-04-03,32.1,26.6,28.8,37.6,31.0,33.3,0.0,18.8,31.3,123,24.57,1007.9,loc_cuddalore,11.748,79.7714,ECMWF_ERA5_Reanalysis
2014-04-04,32.1,26.2,28.7,37.0,30.4,32.5,0.0,21.9,37.4,130,25.21,1009.3,loc_cuddalore,11.748,79.7714,ECMWF_ERA5_Reanalysis
2014-04-05,32.7,26.3,29.2,38.1,30.9,33.3,0.0,18.4,32.0,136,25.16,1009.6,loc_cuddalore,11.748,79.7714,ECMWF_ERA5_Reanalysis
2014-04-06,32.6,27.6,29.5,38.1,32.3,34.2,0.1,20.9,34.6,141,23.59,1010.2,loc_cuddalore,11.748,79.7714,ECMWF_ERA5_Reanalysis
2014-04-07,32.5,27.4,29.6,38.1,31.8,33.8,0.0,20.5,32.8,160,24.04,1010.7,loc_cuddalore,11.748,79.7714,ECMWF_ERA5_Reanalysis
2014-04-08,33.8,27.2,30.0,38.5,31.3,33.6,0.0,25.5,41.0,168,26.04,1009.5,loc_cuddalore,11.748,79.7714,ECMWF_ERA5_Reanalysis
2014-04-09,34.2,27.4,30.2,39.5,31.2,34.4,0.0,22.6,36.0,171,26.13,1008.8,loc_cuddalore,11.748,79.7714,ECMWF_ERA5_Reanalysis
2014-04-10,32.9,26.6,29.6,38.7,32.1,34.5,0.0,21.1,33.5,152,24.36,1009.7,loc_cuddalore,11.748,79.7714,ECMWF_ERA5_Reanalysis
2014-04-11,33.6,27.1,30.0,39.0,31.7,34.6,0.0,21.4,34.2,158,25.07,1008.7,loc_cuddalore,11.748,79.7714,ECMWF_ERA5_Reanalysis
2014-04-12,32.9,27.9,30.0,38.0,32.5,34.4,0.0,23.1,38.9,151,23.79,1007.8,loc_cuddalore,11.748,79.7714,ECMWF_ERA5_Reanalysis
2014-04-13,32.4,27.5,29.5,37.9,32.6,34.3,0.7,21.4,35.3,136,23.57,1008.9,loc_cuddalore,11.748,79.7714,ECMWF_ERA5_Reanalysis
2014-04-14,31.9,27.4,29.2,37.6,32.8,34.2,0.0,20.0,35.6,131,23.6,1009.9,loc_cuddalore,11.748,79.7714,ECMWF_ERA5_Reanalysis
2014-04-15,31.8,27.2,29.1,37.1,31.8,33.8,0.7,20.2,34.6,134,24.08,1010.1,loc_cuddalore,11.748,79.7714,ECMWF_ERA5_Reanalysis
2014-04-16,32.4,26.5,29.0,37.9,31.2,33.2,0.0,22.0,37.1,150,25.2,1008.9,loc_cuddalore,11.748,79.7714,ECMWF_ERA5_Reanalysis
2014-04-17,33.4,27.2,29.8,38.1,31.0,33.5,0.0,24.8,40.0,161,25.5,1007.2,loc_cuddalore,11.748,79.7714,ECMWF_ERA5_Reanalysis
2014-04-18,33.6,27.5,29.9,38.5,32.0,34.0,0.0,25.7,42.1,143,25.81,1008.7,loc_cuddalore,11.748,79.7714,ECMWF_ERA5_Reanalysis
2014-04-19,32.8,25.4,29.1,38.0,30.6,33.5,0.0,22.5,36.7,122,26.76,1008.7,loc_cuddalore,11.748,79.7714,ECMWF_ERA5_Reanalysis
2014-04-20,32.4,25.3,28.8,38.0,30.3,33.3,0.0,18.0,32.0,112,26.14,1008.0,loc_cuddalore,11.748,79.7714,ECMWF_ERA5_Reanalysis
2014-04-21,32.5,25.0,28.9,37.3,30.2,33.3,0.0,16.9,30.2,113,25.37,1008.2,loc_cuddalore,11.748,79.7714,ECMWF_ERA5_Reanalysis
2014-04-22,32.4,25.3,29.1,37.1,30.2,33.3,0.0,16.6,29.9,90,25.16,1009.8,loc_cuddalore,11.748,79.7714,ECMWF_ERA5_Reanalysis
2014-04-23,32.8,27.3,29.8,38.2,32.4,34.3,0.0,17.4,30.6,103,25.21,1009.1,loc_cuddalore,11.748,79.7714,ECMWF_ERA5_Reanalysis
2014-04-24,33.2,27.7,30.0,38.9,32.4,34.7,0.0,20.3,36.0,156,24.63,1007.6,loc_cuddalore,11.748,79.7714,ECMWF_ERA5_Reanalysis
2014-04-25,33.7,27.8,30.3,39.4,32.9,35.1,0.0,24.0,40.7,157,25.75,1007.4,loc_cuddalore,11.748,79.7714,ECMWF_ERA5_Reanalysis
2014-04-26,33.4,28.5,30.4,39.3,33.4,35.3,0.0,23.7,39.6,157,24.38,1007.1,loc_cuddalore,11.748,79.7714,ECMWF_ERA5_Reanalysis
2014-04-27,33.0,28.5,30.2,38.8,33.3,35.1,0.0,23.1,38.5,150,24.14,1007.9,loc_cuddalore,11.748,79.7714,ECMWF_ERA5_Reanalysis
2014-04-28,33.3,28.3,30.1,39.5,33.2,34.9,0.0,21.1,38.2,143,24.73,1008.0,loc_cuddalore,11.748,79.7714,ECMWF_ERA5_Reanalysis
2014-04-29,32.2,28.0,29.7,37.4,32.8,34.3,0.0,25.7,41.4,154,22.94,1007.7,loc_cuddalore,11.748,79.7714,ECMWF_ERA5_Reanalysis
2014-04-30,32.4,28.0,29.8,37.5,33.0,34.6,0.0,20.8,33.8,150,20.58,1007.6,loc_cuddalore,11.748,79.7714,ECMWF_ERA5_Reanalysis
2014-05-01,32.9,27.8,30.0,38.0,32.9,34.4,0.0,24.4,39.6,159,24.01,1007.0,loc_cuddalore,11.748,79.7714,ECMWF_ERA5_Reanalysis
2014-05-02,32.8,28.4,30.0,38.1,33.0,34.2,0.0,22.4,37.1,155,20.98,1006.8,loc_cuddalore,11.748,79.7714,ECMWF_ERA5_Reanalysis
2014-05-03,32.2,27.5,29.4,38.2,32.4,34.0,0.5,25.5,39.6,147,22.41,1006.9,loc_cuddalore,11.748,79.7714,ECMWF_ERA5_Reanalysis
2014-05-04,30.3,26.5,28.3,35.5,31.4,33.0,2.6,23.4,39.6,118,20.03,1006.3,loc_cuddalore,11.748,79.7714,ECMWF_ERA5_Reanalysis
2014-05-05,27.9,25.9,26.8,33.9,30.7,32.0,16.1,13.4,27.4,106,7.19,1007.4,loc_cuddalore,11.748,79.7714,ECMWF_ERA5_Reanalysis
2014-05-06,28.9,25.7,27.1,34.1,30.1,31.9,12.7,19.8,34.6,99,16.31,1008.1,loc_cuddalore,11.748,79.7714,ECMWF_ERA5_Reanalysis
2014-05-07,28.5,25.8,26.6,32.6,29.5,30.6,22.1,20.9,37.8,145,10.97,1007.8,loc_cuddalore,11.748,79.7714,ECMWF_ERA5_Reanalysis
2014-05-08,29.5,25.1,27.3,33.9,29.2,31.3,14.9,25.2,43.6,178,16.2,1006.8,loc_cuddalore,11.748,79.7714,ECMWF_ERA5_Reanalysis
2014-05-09,31.5,26.3,28.9,37.4,30.2,33.1,0.4,25.6,39.2,189,23.44,1005.5,loc_cuddalore,11.748,79.7714,ECMWF_ERA5_Reanalysis
2014-05-10,32.1,27.9,29.8,38.5,32.1,34.5,0.0,22.9,34.9,186,21.74,1005.3,loc_cuddalore,11.748,79.7714,ECMWF_ERA5_Reanalysis
2014-05-11,32.9,28.3,30.3,40.9,32.8,35.7,0.0,19.6,30.6,185,23.53,1006.6,loc_cuddalore,11.748,79.7714,ECMWF_ERA5_Reanalysis
2014-05-12,33.4,28.5,30.7,41.1,32.9,35.8,0.0,21.6,34.6,188,24.61,1006.7,loc_cuddalore,11.748,79.7714,ECMWF_ERA5_Reanalysis
2014-05-13,33.5,28.7,30.9,40.4,33.0,35.5,0.0,23.5,37.1,188,23.48,1006.7,loc_cuddalore,11.748,79.7714,ECMWF_ERA5_Reanalysis
2014-05-14,34.2,28.5,30.7,40.9,32.1,35.2,1.1,18.6,37.1,190,21.69,1005.5,loc_cuddalore,11.748,79.7714,ECMWF_ERA5_Reanalysis
2014-05-15,34.4,28.9,31.5,40.9,32.7,35.9,0.0,21.1,32.0,179,24.12,1004.1,loc_cuddalore,11.748,79.7714,ECMWF_ERA5_Reanalysis
2014-05-16,34.5,30.0,32.0,41.4,32.8,35.9,0.0,20.5,32.0,181,23.21,1003.9,loc_cuddalore,11.748,79.7714,ECMWF_ERA5_Reanalysis
2014-05-17,34.9,29.2,31.5,39.5,30.8,35.1,0.0,18.6,31.3,167,23.97,1005.2,loc_cuddalore,11.748,79.7714,ECMWF_ERA5_Reanalysis
2014-05-18,33.8,28.9,30.8,39.7,34.0,35.7,0.0,19.9,34.2,142,23.87,1005.9,loc_cuddalore,11.748,79.7714,ECMWF_ERA5_Reanalysis
2014-05-19,34.2,28.2,30.7,39.9,32.9,35.3,0.0,25.5,38.9,166,24.91,1006.1,loc_cuddalore,11.748,79.7714,ECMWF_ERA5_Reanalysis
2014-05-20,34.3,28.5,31.0,40.7,32.8,36.0,0.0,22.5,35.6,178,23.98,1005.6,loc_cuddalore,11.748,79.7714,ECMWF_ERA5_Reanalysis
2014-05-21,34.9,28.8,31.8,40.7,32.6,35.8,0.0,26.2,43.9,193,24.9,1004.7,loc_cuddalore,11.748,79.7714,ECMWF_ERA5_Reanalysis
2014-05-22,35.2,29.8,32.3,41.5,33.2,36.1,0.0,23.1,40.0,195,24.7,1003.1,loc_cuddalore,11.748,79.7714,ECMWF_ERA5_Reanalysis
2014-05-23,35.4,30.5,32.6,41.3,34.3,36.5,0.3,25.5,38.5,195,23.51,1002.2,loc_cuddalore,11.748,79.7714,ECMWF_ERA5_Reanalysis
2014-05-24,35.3,30.1,32.1,42.2,33.3,36.0,0.7,26.3,37.1,187,23.35,1002.7,loc_cuddalore,11.748,79.7714,ECMWF_ERA5_Reanalysis
2014-05-25,35.3,29.6,32.2,41.8,33.5,36.2,0.0,23.8,42.1,202,23.34,1002.9,loc_cuddalore,11.748,79.7714,ECMWF_ERA5_Reanalysis
2014-05-26,34.3,29.5,31.4,40.7,32.9,35.3,0.4,27.7,42.5,173,24.33,1004.2,loc_cuddalore,11.748,79.7714,ECMWF_ERA5_Reanalysis
2014-05-27,34.5,28.9,31.2,40.6,33.2,35.9,0.1,24.9,40.3,175,24.57,1004.6,loc_cuddalore,11.748,79.7714,ECMWF_ERA5_Reanalysis
2014-05-28,33.5,28.6,30.6,39.9,32.4,35.3,1.8,24.7,43.6,181,23.24,1005.8,loc_cuddalore,11.748,79.7714,ECMWF_ERA5_Reanalysis
2014-05-29,33.8,27.8,30.6,39.9,31.9,34.9,0.0,21.7,35.3,183,23.46,1006.1,loc_cuddalore,11.748,79.7714,ECMWF_ERA5_Reanalysis
2014-05-30,34.2,29.0,31.2,40.1,33.5,35.7,0.0,23.1,37.4,179,24.8,1004.4,loc_cuddalore,11.748,79.7714,ECMWF_ERA5_Reanalysis
2014-05-31,34.8,29.5,31.5,42.1,32.5,35.8,0.0,23.5,37.8,176,24.28,1002.5,loc_cuddalore,11.748,79.7714,ECMWF_ERA5_Reanalysis
2014-06-01,34.5,29.2,31.3,41.6,33.5,36.5,0.0,21.8,34.2,165,24.31,1002.3,loc_cuddalore,11.748,79.7714,ECMWF_ERA5_Reanalysis
2014-06-02,33.8,27.0,30.4,40.6,32.3,35.9,17.3,20.6,34.9,162,24.13,1003.1,loc_cuddalore,11.748,79.7714,ECMWF_ERA5_Reanalysis
2014-06-03,32.1,27.4,29.2,40.1,32.3,35.0,2.5,20.4,37.8,191,22.64,1003.0,loc_cuddalore,11.748,79.7714,ECMWF_ERA5_Reanalysis
2014-06-04,32.4,28.5,30.3,40.1,33.3,35.4,0.0,21.3,33.5,177,24.04,1002.4,loc_cuddalore,11.748,79.7714,ECMWF_ERA5_Reanalysis
2014-06-05,33.0,28.8,30.7,41.3,32.5,35.3,0.0,20.9,32.0,192,23.35,1001.6,loc_cuddalore,11.748,79.7714,ECMWF_ERA5_Reanalysis
2014-06-06,34.1,28.7,30.8,42.7,33.5,36.1,2.5,22.7,36.4,219,23.41,1001.1,loc_cuddalore,11.748,79.7714,ECMWF_ERA5_Reanalysis
2014-06-07,34.5,28.9,31.3,42.7,33.3,36.1,0.2,21.6,37.1,208,24.12,999.7,loc_cuddalore,11.748,79.7714,ECMWF_ERA5_Reanalysis
2014-06-08,35.2,30.0,32.5,41.6,33.2,36.2,0.0,21.2,30.6,207,23.94,999.3,loc_cuddalore,11.748,79.7714,ECMWF_ERA5_Reanalysis
2014-06-09,32.7,27.7,30.6,38.6,32.0,34.9,2.0,21.9,32.8,261,12.69,1001.5,loc_cuddalore,11.748,79.7714,ECMWF_ERA5_Reanalysis
2014-06-10,33.2,28.0,30.9,38.8,31.9,35.0,0.0,20.3,32.4,217,19.01,1001.9,loc_cuddalore,11.748,79.7714,ECMWF_ERA5_Reanalysis
2014-06-11,34.8,28.9,31.9,41.9,31.5,35.7,0.1,20.6,33.8,237,24.62,1001.9,loc_cuddalore,11.748,79.7714,ECMWF_ERA5_Reanalysis
2014-06-12,34.9,29.0,31.7,41.3,32.4,35.5,1.4,18.4,34.9,240,23.79,1002.0,loc_cuddalore,11.748,79.7714,ECMWF_ERA5_Reanalysis
2014-06-13,35.3,29.6,31.5,40.7,32.1,35.1,1.0,21.9,37.8,244,21.69,1002.7,loc_cuddalore,11.748,79.7714,ECMWF_ERA5_Reanalysis
2014-06-14,34.0,29.6,31.6,41.0,32.1,35.6,0.0,16.1,32.4,238,19.24,1003.7,loc_cuddalore,11.748,79.7714,ECMWF_ERA5_Reanalysis
2014-06-15,35.5,30.2,32.5,42.3,32.4,36.2,0.0,18.0,37.4,255,23.18,1003.9,loc_cuddalore,11.748,79.7714,ECMWF_ERA5_Reanalysis
2014-06-16,35.8,29.8,32.7,41.6,31.7,35.6,0.0,22.3,32.8,234,24.41,1003.3,loc_cuddalore,11.748,79.7714,ECMWF_ERA5_Reanalysis
2014-06-17,35.3,30.0,32.5,41.8,31.7,35.5,1.1,21.0,36.0,251,23.06,1002.5,loc_cuddalore,11.748,79.7714,ECMWF_ERA5_Reanalysis
2014-06-18,34.6,29.0,31.6,39.8,32.3,35.0,2.0,19.9,32.4,242,20.12,1002.9,loc_cuddalore,11.748,79.7714,ECMWF_ERA5_Reanalysis
2014-06-19,32.8,28.8,31.0,36.1,31.6,33.8,0.0,18.8,32.4,232,11.11,1002.9,loc_cuddalore,11.748,79.7714,ECMWF_ERA5_Reanalysis
2014-06-20,34.6,28.3,31.3,39.6,30.8,34.1,0.5,25.0,39.6,219,21.96,1003.3,loc_cuddalore,11.748,79.7714,ECMWF_ERA5_Reanalysis
2014-06-21,34.1,29.0,31.5,39.7,31.7,34.8,0.1,17.7,38.5,233,21.66,1005.1,loc_cuddalore,11.748,79.7714,ECMWF_ERA5_Reanalysis
2014-06-22,34.2,29.3,31.7,40.1,32.0,35.0,0.0,19.6,36.7,229,22.91,1006.3,loc_cuddalore,11.748,79.7714,ECMWF_ERA5_Reanalysis
2014-06-23,35.6,29.9,32.4,40.2,31.4,35.2,0.0,21.7,36.0,245,22.38,1005.0,loc_cuddalore,11.748,79.7714,ECMWF_ERA5_Reanalysis
2014-06-24,35.3,29.9,32.5,41.2,31.3,35.1,0.0,23.4,35.6,219,23.59,1002.4,loc_cuddalore,11.748,79.7714,ECMWF_ERA5_Reanalysis
2014-06-25,35.4,30.3,32.4,40.4,31.9,35.2,0.0,21.1,35.3,216,21.25,1002.4,loc_cuddalore,11.748,79.7714,ECMWF_ERA5_Reanalysis
2014-06-26,35.0,29.7,32.0,40.8,32.1,34.9,0.0,21.3,38.5,195,22.99,1004.2,loc_cuddalore,11.748,79.7714,ECMWF_ERA5_Reanalysis
2014-06-27,33.8,28.8,30.9,39.9,32.0,34.9,0.0,22.5,35.3,174,21.4,1005.7,loc_cuddalore,11.748,79.7714,ECMWF_ERA5_Reanalysis
2014-06-28,34.0,28.4,30.7,40.4,32.1,35.2,0.5,25.4,45.0,188,22.02,1005.9,loc_cuddalore,11.748,79.7714,ECMWF_ERA5_Reanalysis
2014-06-29,33.5,27.7,30.2,39.7,32.0,35.1,2.6,25.5,44.3,197,22.32,1004.9,loc_cuddalore,11.748,79.7714,ECMWF_ERA5_Reanalysis
2014-06-30,33.0,27.2,29.7,39.0,32.6,34.6,0.5,25.7,40.0,203,18.69,1004.9,loc_cuddalore,11.748,79.7714,ECMWF_ERA5_Reanalysis
2014-07-01,34.1,27.5,30.0,41.3,31.4,35.1,6.5,19.4,35.6,224,21.65,1005.3,loc_cuddalore,11.748,79.7714,ECMWF_ERA5_Reanalysis
2014-07-02,33.7,27.2,30.2,41.5,31.4,34.9,0.3,17.2,30.6,218,21.55,1005.2,loc_cuddalore,11.748,79.7714,ECMWF_ERA5_Reanalysis
2014-07-03,34.6,29.5,31.6,41.0,31.8,35.3,0.0,20.4,32.4,220,22.41,1003.2,loc_cuddalore,11.748,79.7714,ECMWF_ERA5_Reanalysis
2014-07-04,35.2,28.0,31.6,41.8,31.8,35.1,0.8,20.4,35.3,226,23.62,1002.3,loc_cuddalore,11.748,79.7714,ECMWF_ERA5_Reanalysis
2014-07-05,34.4,27.2,30.7,42.2,32.3,35.1,5.6,21.2,33.8,229,21.61,1002.8,loc_cuddalore,11.748,79.7714,ECMWF_ERA5_Reanalysis
2014-07-06,32.2,26.9,29.4,37.2,31.7,34.0,3.9,17.7,29.5,245,18.25,1005.1,loc_cuddalore,11.748,79.7714,ECMWF_ERA5_Reanalysis
2014-07-07,32.9,27.5,29.3,38.8,32.0,34.1,4.0,14.6,28.1,220,19.96,1004.9,loc_cuddalore,11.748,79.7714,ECMWF_ERA5_Reanalysis
2014-07-08,32.8,26.9,29.0,36.7,31.1,33.4,3.9,13.1,31.0,226,15.02,1004.0,loc_cuddalore,11.748,79.7714,ECMWF_ERA5_Reanalysis
2014-07-09,32.5,28.0,29.9,35.1,29.9,33.0,0.2,19.5,33.1,263,12.17,1003.9,loc_cuddalore,11.748,79.7714,ECMWF_ERA5_Reanalysis
2014-07-10,31.4,27.3,29.0,34.1,30.0,32.0,0.2,18.5,32.8,250,7.88,1005.3,loc_cuddalore,11.748,79.7714,ECMWF_ERA5_Reanalysis
2014-07-11,32.5,25.9,29.0,35.2,28.6,31.5,0.2,22.2,36.7,249,12.15,1005.8,loc_cuddalore,11.748,79.7714,ECMWF_ERA5_Reanalysis
2014-07-12,34.9,27.2,31.0,36.1,29.6,32.5,0.0,22.3,40.3,255,18.57,1004.0,loc_cuddalore,11.748,79.7714,ECMWF_ERA5_Reanalysis
2014-07-13,30.6,27.8,29.2,33.9,29.7,31.3,0.6,20.6,36.0,249,5.39,1003.7,loc_cuddalore,11.748,79.7714,ECMWF_ERA5_Reanalysis
2014-07-14,31.3,27.2,28.9,33.8,29.6,31.4,0.0,22.5,36.4,234,7.23,1003.2,loc_cuddalore,11.748,79.7714,ECMWF_ERA5_Reanalysis
2014-07-15,32.8,26.7,29.5,35.2,29.6,32.4,0.2,19.8,34.2,232,14.1,1003.5,loc_cuddalore,11.748,79.7714,ECMWF_ERA5_Reanalysis
2014-07-16,33.4,27.4,30.3,38.0,30.0,33.2,0.0,18.0,33.1,226,17.51,1004.2,loc_cuddalore,11.748,79.7714,ECMWF_ERA5_Reanalysis
2014-07-17,33.5,27.7,30.8,39.1,30.9,34.1,0.0,19.1,33.1,221,22.54,1004.3,loc_cuddalore,11.748,79.7714,ECMWF_ERA5_Reanalysis
2014-07-18,33.8,27.9,30.7,39.3,30.4,33.7,1.0,17.4,35.3,226,23.5,1004.1,loc_cuddalore,11.748,79.7714,ECMWF_ERA5_Reanalysis
2014-07-19,33.3,28.2,30.5,38.8,31.0,34.1,0.7,17.7,36.0,234,19.66,1004.7,loc_cuddalore,11.748,79.7714,ECMWF_ERA5_Reanalysis
2014-07-20,33.6,28.4,30.8,36.0,31.3,33.4,0.0,18.3,31.0,244,13.2,1005.2,loc_cuddalore,11.748,79.7714,ECMWF_ERA5_Reanalysis
2014-07-21,34.5,27.9,31.2,35.4,30.3,32.8,0.0,22.1,38.5,244,16.05,1004.3,loc_cuddalore,11.748,79.7714,ECMWF_ERA5_Reanalysis
2014-07-22,35.7,27.5,31.4,36.8,29.9,33.1,0.0,20.3,38.5,249,19.59,1004.5,loc_cuddalore,11.748,79.7714,ECMWF_ERA5_Reanalysis
2014-07-23,34.2,28.0,31.0,36.2,30.2,32.8,0.1,22.7,36.4,249,15.42,1004.7,loc_cuddalore,11.748,79.7714,ECMWF_ERA5_Reanalysis
2014-07-24,34.3,28.1,30.6,37.9,31.2,33.6,0.3,19.2,33.8,241,16.56,1005.5,loc_cuddalore,11.748,79.7714,ECMWF_ERA5_Reanalysis
2014-07-25,34.5,28.7,31.5,38.5,29.7,34.1,0.0,20.2,33.5,262,20.76,1006.1,loc_cuddalore,11.748,79.7714,ECMWF_ERA5_Reanalysis
2014-07-26,33.8,29.0,30.8,39.5,30.7,34.1,0.7,18.8,31.7,263,18.13,1006.4,loc_cuddalore,11.748,79.7714,ECMWF_ERA5_Reanalysis
2014-07-27,35.0,28.4,30.6,38.7,30.3,33.7,0.7,20.0,38.5,258,19.59,1006.3,loc_cuddalore,11.748,79.7714,ECMWF_ERA5_Reanalysis
2014-07-28,34.1,29.0,31.2,37.7,31.1,33.9,0.0,19.1,32.8,246,15.63,1004.8,loc_cuddalore,11.748,79.7714,ECMWF_ERA5_Reanalysis
2014-07-29,33.2,28.8,31.3,36.7,30.6,33.8,0.0,19.5,29.9,243,16.03,1004.2,loc_cuddalore,11.748,79.7714,ECMWF_ERA5_Reanalysis
2014-07-30,34.0,28.5,31.6,39.0,30.4,34.2,0.0,19.2,35.3,241,20.67,1004.5,loc_cuddalore,11.748,79.7714,ECMWF_ERA5_Reanalysis
2014-07-31,34.1,28.3,30.6,37.1,31.3,33.2,0.7,21.3,36.0,228,16.05,1004.5,loc_cuddalore,11.748,79.7714,ECMWF_ERA5_Reanalysis
2014-08-01,33.1,27.7,29.9,37.3,31.2,33.1,2.0,19.7,42.8,232,16.4,1004.6,loc_cuddalore,11.748,79.7714,ECMWF_ERA5_Reanalysis
2014-08-02,32.3,26.5,29.1,36.0,30.5,32.6,0.8,20.7,46.1,237,12.11,1005.4,loc_cuddalore,11.748,79.7714,ECMWF_ERA5_Reanalysis
2014-08-03,33.3,27.4,29.9,37.4,30.5,33.2,2.4,20.3,36.0,232,19.43,1004.5,loc_cuddalore,11.748,79.7714,ECMWF_ERA5_Reanalysis
2014-08-04,34.6,27.2,30.5,38.3,30.4,33.8,0.2,20.3,33.5,238,20.55,1003.3,loc_cuddalore,11.748,79.7714,ECMWF_ERA5_Reanalysis
2014-08-05,34.3,27.5,30.5,37.5,30.6,33.4,2.3,19.1,33.5,245,19.76,1004.2,loc_cuddalore,11.748,79.7714,ECMWF_ERA5_Reanalysis
2014-08-06,33.1,26.1,29.5,38.6,30.2,33.0,5.5,18.4,32.8,234,19.38,1005.5,loc_cuddalore,11.748,79.7714,ECMWF_ERA5_Reanalysis
2014-08-07,31.7,26.3,28.9,37.5,30.0,33.0,0.3,15.9,27.0,202,16.5,1005.0,loc_cuddalore,11.748,79.7714,ECMWF_ERA5_Reanalysis
2014-08-08,31.9,27.0,28.7,36.9,31.1,32.8,5.5,14.8,32.8,229,14.32,1005.5,loc_cuddalore,11.748,79.7714,ECMWF_ERA5_Reanalysis
2014-08-09,30.6,25.7,27.5,36.1,30.5,32.6,19.9,17.2,31.7,209,15.83,1006.8,loc_cuddalore,11.748,79.7714,ECMWF_ERA5_Reanalysis
2014-08-10,29.8,25.7,27.3,33.5,30.3,31.6,21.1,17.9,28.4,214,11.03,1007.3,loc_cuddalore,11.748,79.7714,ECMWF_ERA5_Reanalysis
2014-08-11,30.7,25.7,27.7,35.3,29.9,31.9,6.2,19.7,32.4,205,12.44,1006.2,loc_cuddalore,11.748,79.7714,ECMWF_ERA5_Reanalysis
2014-08-12,31.3,25.3,27.6,36.9,29.6,32.1,9.9,18.6,26.6,213,16.99,1005.9,loc_cuddalore,11.748,79.7714,ECMWF_ERA5_Reanalysis
2014-08-13,31.4,26.8,28.8,35.8,30.0,32.5,0.2,15.6,30.2,255,19.23,1006.6,loc_cuddalore,11.748,79.7714,ECMWF_ERA5_Reanalysis
2014-08-14,31.3,26.8,28.7,37.9,30.6,33.1,2.0,17.4,24.5,212,20.83,1007.1,loc_cuddalore,11.748,79.7714,ECMWF_ERA5_Reanalysis
2014-08-15,31.7,25.7,27.8,38.7,29.3,32.7,15.9,14.8,31.7,218,20.16,1007.4,loc_cuddalore,11.748,79.7714,ECMWF_ERA5_Reanalysis
2014-08-16,31.1,25.6,28.0,38.2,30.0,33.1,10.0,13.2,23.4,216,19.21,1007.7,loc_cuddalore,11.748,79.7714,ECMWF_ERA5_Reanalysis
2014-08-17,30.8,26.0,28.0,37.6,30.0,32.7,6.0,17.7,27.4,194,20.73,1007.2,loc_cuddalore,11.748,79.7714,ECMWF_ERA5_Reanalysis
2014-08-18,30.6,25.9,27.8,38.1,30.0,32.6,3.6,18.9,29.9,195,20.48,1007.6,loc_cuddalore,11.748,79.7714,ECMWF_ERA5_Reanalysis
2014-08-19,29.8,25.9,27.7,36.3,30.5,32.5,3.1,18.1,30.6,183,21.96,1007.9,loc_cuddalore,11.748,79.7714,ECMWF_ERA5_Reanalysis
2014-08-20,30.1,26.7,28.2,36.3,30.7,32.5,0.0,19.2,32.4,174,22.0,1006.4,loc_cuddalore,11.748,79.7714,ECMWF_ERA5_Reanalysis
2014-08-21,29.8,26.5,28.1,36.0,30.0,32.4,0.4,21.2,33.5,173,22.42,1004.4,loc_cuddalore,11.748,79.7714,ECMWF_ERA5_Reanalysis
2014-08-22,29.5,26.3,27.9,35.5,30.1,32.3,1.1,19.5,33.5,152,20.95,1004.2,loc_cuddalore,11.748,79.7714,ECMWF_ERA5_Reanalysis
2014-08-23,29.4,26.1,27.7,33.8,30.2,31.9,1.3,21.1,29.9,187,14.75,1005.3,loc_cuddalore,11.748,79.7714,ECMWF_ERA5_Reanalysis
2014-08-24,31.6,26.3,28.7,37.6,29.9,32.6,0.0,23.7,35.6,196,22.13,1006.2,loc_cuddalore,11.748,79.7714,ECMWF_ERA5_Reanalysis
2014-08-25,32.2,27.2,29.2,38.0,31.2,33.5,0.0,22.9,34.9,201,20.17,1006.9,loc_cuddalore,11.748,79.7714,ECMWF_ERA5_Reanalysis
2014-08-26,31.8,27.5,29.4,36.8,30.2,33.2,1.0,21.6,28.1,203,17.33,1006.8,loc_cuddalore,11.748,79.7714,ECMWF_ERA5_Reanalysis
2014-08-27,31.3,27.2,29.0,34.9,29.9,32.3,0.0,22.5,33.5,221,13.05,1005.4,loc_cuddalore,11.748,79.7714,ECMWF_ERA5_Reanalysis
2014-08-28,32.1,27.0,28.8,37.3,30.2,32.6,1.8,17.9,33.8,237,18.75,1004.5,loc_cuddalore,11.748,79.7714,ECMWF_ERA5_Reanalysis
2014-08-29,32.5,26.6,29.0,35.8,28.9,32.1,0.6,19.1,36.4,220,18.06,1003.3,loc_cuddalore,11.748,79.7714,ECMWF_ERA5_Reanalysis
2014-08-30,32.8,27.3,29.7,36.9,28.8,32.1,0.4,22.0,40.7,225,19.79,1003.3,loc_cuddalore,11.748,79.7714,ECMWF_ERA5_Reanalysis
2014-08-31,32.9,27.0,29.7,35.3,28.7,31.7,0.0,24.0,38.9,223,15.3,1002.6,loc_cuddalore,11.748,79.7714,ECMWF_ERA5_Reanalysis
2014-09-01,32.9,27.1,29.8,37.1,28.6,32.4,0.0,21.9,37.1,223,18.01,1002.9,loc_cuddalore,11.748,79.7714,ECMWF_ERA5_Reanalysis
2014-09-02,32.4,27.0,29.4,37.8,29.8,32.5,0.9,21.3,37.1,205,19.56,1004.7,loc_cuddalore,11.748,79.7714,ECMWF_ERA5_Reanalysis
2014-09-03,32.4,27.6,29.3,37.6,30.2,32.7,1.7,19.5,31.0,195,19.05,1006.7,loc_cuddalore,11.748,79.7714,ECMWF_ERA5_Reanalysis
2014-09-04,29.8,26.2,28.2,33.3,30.1,32.2,1.7,15.3,23.8,191,11.84,1007.7,loc_cuddalore,11.748,79.7714,ECMWF_ERA5_Reanalysis
2014-09-05,31.7,27.2,28.9,37.6,30.6,32.7,1.0,22.0,31.3,205,18.65,1006.8,loc_cuddalore,11.748,79.7714,ECMWF_ERA5_Reanalysis
2014-09-06,31.9,27.4,29.6,36.8,30.1,32.6,0.0,17.7,32.8,230,16.19,1005.6,loc_cuddalore,11.748,79.7714,ECMWF_ERA5_Reanalysis
2014-09-07,32.3,27.7,29.5,36.1,30.2,32.4,0.8,19.5,36.4,207,16.6,1005.7,loc_cuddalore,11.748,79.7714,ECMWF_ERA5_Reanalysis
2014-09-08,32.6,26.9,29.8,38.0,29.8,33.0,0.0,19.2,36.4,200,23.18,1006.7,loc_cuddalore,11.748,79.7714,ECMWF_ERA5_Reanalysis
2014-09-09,32.6,27.8,30.2,38.5,30.3,33.2,0.0,20.7,33.5,207,22.75,1007.3,loc_cuddalore,11.748,79.7714,ECMWF_ERA5_Reanalysis
2014-09-10,33.2,28.1,30.3,39.0,30.6,33.3,0.0,22.0,36.7,182,23.5,1006.6,loc_cuddalore,11.748,79.7714,ECMWF_ERA5_Reanalysis
2014-09-11,33.7,28.3,30.1,39.6,30.8,33.6,0.0,19.7,33.5,153,23.53,1007.2,loc_cuddalore,11.748,79.7714,ECMWF_ERA5_Reanalysis
2014-09-12,33.3,28.3,30.2,39.8,31.7,34.0,0.0,18.7,33.5,160,22.54,1007.8,loc_cuddalore,11.748,79.7714,ECMWF_ERA5_Reanalysis
2014-09-13,32.6,28.3,30.1,38.9,32.0,34.0,0.3,18.6,29.9,141,20.91,1007.1,loc_cuddalore,11.748,79.7714,ECMWF_ERA5_Reanalysis
2014-09-14,33.1,27.4,29.7,38.2,31.5,33.8,2.2,16.8,34.9,166,18.68,1006.2,loc_cuddalore,11.748,79.7714,ECMWF_ERA5_Reanalysis
2014-09-15,32.2,26.8,28.7,37.5,30.9,33.2,4.0,18.3,41.8,214,18.22,1005.2,loc_cuddalore,11.748,79.7714,ECMWF_ERA5_Reanalysis
2014-09-16,31.6,25.6,28.6,38.9,30.2,33.5,1.4,18.6,28.4,195,18.31,1003.9,loc_cuddalore,11.748,79.7714,ECMWF_ERA5_Reanalysis
2014-09-17,33.1,28.2,30.1,39.6,30.5,33.7,0.0,17.1,36.7,242,20.85,1003.4,loc_cuddalore,11.748,79.7714,ECMWF_ERA5_Reanalysis
2014-09-18,32.6,28.3,30.2,34.9,31.6,32.8,0.0,18.5,30.6,301,12.38,1005.0,loc_cuddalore,11.748,79.7714,ECMWF_ERA5_Reanalysis
2014-09-19,33.4,27.4,29.8,40.2,32.5,34.4,0.0,19.9,36.4,181,19.8,1005.5,loc_cuddalore,11.748,79.7714,ECMWF_ERA5_Reanalysis
2014-09-20,33.2,28.3,30.1,38.0,31.5,34.3,0.0,16.9,29.9,229,17.09,1005.0,loc_cuddalore,11.748,79.7714,ECMWF_ERA5_Reanalysis
2014-09-21,32.5,27.4,29.6,39.3,31.0,34.4,0.6,16.3,41.4,155,21.17,1005.9,loc_cuddalore,11.748,79.7714,ECMWF_ERA5_Reanalysis
2014-09-22,31.1,26.6,28.6,39.2,30.5,33.3,3.8,17.1,25.9,169,19.29,1007.3,loc_cuddalore,11.748,79.7714,ECMWF_ERA5_Reanalysis
2014-09-23,31.7,27.4,29.1,38.3,31.8,34.3,1.5,17.9,29.5,154,21.65,1006.5,loc_cuddalore,11.748,79.7714,ECMWF_ERA5_Reanalysis
2014-09-24,31.6,26.4,28.8,37.3,31.1,33.6,0.8,19.6,32.8,154,23.49,1007.0,loc_cuddalore,11.748,79.7714,ECMWF_ERA5_Reanalysis
2014-09-25,31.0,26.9,28.7,36.3,31.0,33.1,0.8,19.6,33.5,142,21.73,1007.9,loc_cuddalore,11.748,79.7714,ECMWF_ERA5_Reanalysis
2014-09-26,31.0,26.0,28.3,36.6,30.9,33.0,0.5,19.9,33.1,129,21.98,1009.1,loc_cuddalore,11.748,79.7714,ECMWF_ERA5_Reanalysis
2014-09-27,31.0,26.1,28.3,35.9,30.4,32.7,0.3,19.2,34.6,123,21.65,1009.8,loc_cuddalore,11.748,79.7714,ECMWF_ERA5_Reanalysis
2014-09-28,29.9,25.1,27.6,34.7,30.4,32.4,7.7,19.3,32.0,113,19.49,1010.0,loc_cuddalore,11.748,79.7714,ECMWF_ERA5_Reanalysis
2014-09-29,29.9,26.0,28.0,35.0,31.5,32.8,1.0,16.3,29.5,103,20.18,1009.9,loc_cuddalore,11.748,79.7714,ECMWF_ERA5_Reanalysis
2014-09-30,30.2,25.5,27.6,35.4,30.9,32.5,3.6,18.0,33.5,126,18.65,1009.7,loc_cuddalore,11.748,79.7714,ECMWF_ERA5_Reanalysis
2014-10-01,30.0,25.1,27.7,36.4,30.8,33.0,2.4,17.4,30.6,90,22.32,1009.7,loc_cuddalore,11.748,79.7714,ECMWF_ERA5_Reanalysis
2014-10-02,30.8,25.5,28.2,35.9,30.7,32.6,0.0,16.7,30.2,71,23.02,1009.6,loc_cuddalore,11.748,79.7714,ECMWF_ERA5_Reanalysis
2014-10-03,31.0,25.7,28.6,36.3,30.4,32.8,0.0,16.1,26.6,120,21.42,1009.0,loc_cuddalore,11.748,79.7714,ECMWF_ERA5_Reanalysis
2014-10-04,32.3,26.8,29.4,37.7,31.2,33.7,0.0,16.7,31.7,142,21.63,1009.1,loc_cuddalore,11.748,79.7714,ECMWF_ERA5_Reanalysis
2014-10-05,33.2,27.8,29.9,39.1,32.7,34.8,1.5,18.2,32.0,159,21.81,1009.1,loc_cuddalore,11.748,79.7714,ECMWF_ERA5_Reanalysis
2014-10-06,33.0,26.9,29.1,39.6,32.2,34.3,5.2,17.3,33.1,191,21.71,1008.6,loc_cuddalore,11.748,79.7714,ECMWF_ERA5_Reanalysis
2014-10-07,30.6,25.2,27.7,37.5,29.9,32.8,17.2,13.2,27.7,117,20.42,1007.5,loc_cuddalore,11.748,79.7714,ECMWF_ERA5_Reanalysis
2014-10-08,29.9,24.9,27.0,36.8,29.0,32.0,14.5,13.4,25.9,309,20.18,1007.4,loc_cuddalore,11.748,79.7714,ECMWF_ERA5_Reanalysis
2014-10-09,29.8,25.3,27.4,36.7,29.4,32.8,1.4,10.8,18.7,265,19.84,1007.1,loc_cuddalore,11.748,79.7714,ECMWF_ERA5_Reanalysis
2014-10-10,31.4,26.0,28.3,38.6,30.1,33.3,9.4,15.9,21.6,220,20.58,1005.8,loc_cuddalore,11.748,79.7714,ECMWF_ERA5_Reanalysis
2014-10-11,32.0,27.0,28.7,38.0,31.2,33.4,1.4,17.0,34.6,231,15.67,1004.2,loc_cuddalore,11.748,79.7714,ECMWF_ERA5_Reanalysis
2014-10-12,32.3,26.3,28.8,39.9,29.7,33.3,2.9,19.4,34.9,220,18.98,1003.9,loc_cuddalore,11.748,79.7714,ECMWF_ERA5_Reanalysis
2014-10-13,32.0,27.0,29.0,39.0,30.6,33.2,0.0,22.4,34.9,193,21.37,1005.3,loc_cuddalore,11.748,79.7714,ECMWF_ERA5_Reanalysis
2014-10-14,30.8,26.7,28.5,37.7,30.7,33.4,1.2,19.2,32.8,163,21.39,1007.8,loc_cuddalore,11.748,79.7714,ECMWF_ERA5_Reanalysis
2014-10-15,29.4,25.7,27.4,36.3,30.2,32.4,5.8,17.4,29.5,94,20.06,1010.1,loc_cuddalore,11.748,79.7714,ECMWF_ERA5_Reanalysis
2014-10-16,28.4,25.2,26.7,33.9,29.7,31.4,6.6,15.5,29.5,64,16.92,1010.2,loc_cuddalore,11.748,79.7714,ECMWF_ERA5_Reanalysis
2014-10-17,26.9,25.0,25.8,31.1,28.9,30.0,27.0,18.3,31.3,56,7.19,1010.4,loc_cuddalore,11.748,79.7714,ECMWF_ERA5_Reanalysis
2014-10-18,26.9,24.6,25.5,30.3,28.7,29.3,45.6,18.4,29.2,53,2.61,1010.0,loc_cuddalore,11.748,79.7714,ECMWF_ERA5_Reanalysis
2014-10-19,25.6,24.7,25.0,30.4,28.6,29.2,51.1,15.6,28.4,57,3.52,1009.6,loc_cuddalore,11.748,79.7714,ECMWF_ERA5_Reanalysis
2014-10-20,26.2,24.4,25.1,30.1,28.6,29.1,48.3,20.0,28.8,59,4.15,1009.9,loc_cuddalore,11.748,79.7714,ECMWF_ERA5_Reanalysis
2014-10-21,27.5,24.4,25.7,33.2,28.6,30.2,14.0,14.8,29.2,51,14.49,1011.2,loc_cuddalore,11.748,79.7714,ECMWF_ERA5_Reanalysis
2014-10-22,27.8,24.6,26.0,32.9,29.0,30.5,9.8,16.3,32.0,48,16.03,1011.7,loc_cuddalore,11.748,79.7714,ECMWF_ERA5_Reanalysis
2014-10-23,27.5,24.6,25.6,31.6,29.1,30.1,12.0,14.4,30.2,44,11.43,1011.1,loc_cuddalore,11.748,79.7714,ECMWF_ERA5_Reanalysis
2014-10-24,28.1,24.2,26.0,33.1,28.9,30.8,12.3,11.5,22.3,54,12.89,1010.2,loc_cuddalore,11.748,79.7714,ECMWF_ERA5_Reanalysis
2014-10-25,28.8,24.6,26.3,34.4,29.6,31.4,12.1,10.5,19.4,134,16.25,1010.2,loc_cuddalore,11.748,79.7714,ECMWF_ERA5_Reanalysis
2014-10-26,28.5,24.7,26.5,34.7,29.6,31.4,5.6,11.6,23.0,84,16.25,1011.5,loc_cuddalore,11.748,79.7714,ECMWF_ERA5_Reanalysis
2014-10-27,28.6,24.6,26.4,35.6,29.1,31.7,9.7,9.4,19.4,30,17.24,1011.5,loc_cuddalore,11.748,79.7714,ECMWF_ERA5_Reanalysis
2014-10-28,29.0,24.6,26.8,35.0,28.7,31.3,4.2,14.6,21.2,14,19.33,1010.3,loc_cuddalore,11.748,79.7714,ECMWF_ERA5_Reanalysis
2014-10-29,29.3,24.6,26.7,33.7,28.5,30.2,11.7,21.4,29.9,17,18.82,1010.1,loc_cuddalore,11.748,79.7714,ECMWF_ERA5_Reanalysis
2014-10-30,29.3,25.0,27.2,31.8,28.3,29.8,1.3,24.2,38.5,18,20.92,1009.6,loc_cuddalore,11.748,79.7714,ECMWF_ERA5_Reanalysis
2014-10-31,28.2,24.6,26.2,31.9,26.7,28.8,2.3,24.8,34.2,357,12.14,1009.3,loc_cuddalore,11.748,79.7714,ECMWF_ERA5_Reanalysis
2014-11-01,28.1,22.9,25.2,31.2,22.9,26.9,8.7,29.0,43.6,356,10.44,1009.2,loc_cuddalore,11.748,79.7714,ECMWF_ERA5_Reanalysis
2014-11-02,26.6,24.1,25.1,30.3,26.3,28.3,21.0,22.0,30.2,354,8.41,1010.1,loc_cuddalore,11.748,79.7714,ECMWF_ERA5_Reanalysis
2014-11-03,26.5,24.8,25.4,29.9,27.9,29.0,19.7,19.3,31.7,3,5.65,1010.2,loc_cuddalore,11.748,79.7714,ECMWF_ERA5_Reanalysis
2014-11-04,29.1,24.7,26.5,32.9,27.8,30.1,0.0,14.3,27.7,312,9.53,1009.9,loc_cuddalore,11.748,79.7714,ECMWF_ERA5_Reanalysis
2014-11-05,29.7,24.7,27.3,34.1,28.6,31.1,0.0,10.0,17.6,307,15.26,1010.4,loc_cuddalore,11.748,79.7714,ECMWF_ERA5_Reanalysis
2014-11-06,30.9,23.9,27.0,33.9,27.0,30.2,0.0,11.2,20.2,332,20.26,1009.6,loc_cuddalore,11.748,79.7714,ECMWF_ERA5_Reanalysis
2014-11-07,30.2,23.4,26.7,34.4,26.0,29.9,0.0,12.7,19.4,8,19.51,1009.3,loc_cuddalore,11.748,79.7714,ECMWF_ERA5_Reanalysis
2014-11-08,29.9,24.0,26.8,34.1,27.2,30.3,0.0,11.4,20.9,0,20.8,1009.7,loc_cuddalore,11.748,79.7714,ECMWF_ERA5_Reanalysis
2014-11-09,29.1,24.1,26.9,35.8,28.2,31.7,0.5,16.2,24.5,112,20.69,1010.1,loc_cuddalore,11.748,79.7714,ECMWF_ERA5_Reanalysis
2014-11-10,28.2,25.0,26.6,32.9,29.6,31.0,1.6,13.6,24.8,89,17.18,1010.1,loc_cuddalore,11.748,79.7714,ECMWF_ERA5_Reanalysis
2014-11-11,28.7,24.5,26.6,33.2,29.1,30.7,1.4,17.8,29.9,39,17.45,1009.7,loc_cuddalore,11.748,79.7714,ECMWF_ERA5_Reanalysis
2014-11-12,26.6,24.4,25.0,29.6,27.2,28.2,43.3,21.9,36.4,35,6.85,1009.1,loc_cuddalore,11.748,79.7714,ECMWF_ERA5_Reanalysis
2014-11-13,26.1,24.6,25.2,29.6,27.1,28.5,48.9,21.6,36.0,109,5.51,1010.1,loc_cuddalore,11.748,79.7714,ECMWF_ERA5_Reanalysis
2014-11-14,26.8,24.7,25.5,32.1,28.7,29.8,17.4,13.9,29.9,75,13.02,1012.0,loc_cuddalore,11.748,79.7714,ECMWF_ERA5_Reanalysis
2014-11-15,27.6,24.5,25.8,32.2,28.4,29.9,3.5,15.5,26.3,41,15.19,1011.5,loc_cuddalore,11.748,79.7714,ECMWF_ERA5_Reanalysis
2014-11-16,27.3,24.2,25.5,32.3,27.6,29.2,2.7,17.3,30.2,29,16.05,1011.0,loc_cuddalore,11.748,79.7714,ECMWF_ERA5_Reanalysis
2014-11-17,27.9,24.3,26.0,31.0,27.3,28.5,1.1,23.1,37.1,30,19.34,1011.3,loc_cuddalore,11.748,79.7714,ECMWF_ERA5_Reanalysis
2014-11-18,27.6,24.3,25.9,30.3,26.6,28.6,2.2,22.9,35.3,33,15.06,1012.2,loc_cuddalore,11.748,79.7714,ECMWF_ERA5_Reanalysis
2014-11-19,28.2,24.6,26.3,31.4,27.4,28.9,0.6,24.1,38.5,31,19.03,1012.2,loc_cuddalore,11.748,79.7714,ECMWF_ERA5_Reanalysis
2014-11-20,28.3,24.0,26.2,30.5,26.8,28.4,0.3,26.3,41.4,26,18.38,1011.1,loc_cuddalore,11.748,79.7714,ECMWF_ERA5_Reanalysis
2014-11-21,27.4,23.9,25.7,30.1,26.3,28.3,0.0,18.8,30.2,25,15.71,1011.5,loc_cuddalore,11.748,79.7714,ECMWF_ERA5_Reanalysis
2014-11-22,26.6,24.3,25.4,31.0,27.9,29.1,2.2,16.4,28.4,37,15.16,1010.9,loc_cuddalore,11.748,79.7714,ECMWF_ERA5_Reanalysis
2014-11-23,27.5,24.5,26.0,30.2,27.7,28.7,1.5,19.0,31.7,34,14.8,1010.8,loc_cuddalore,11.748,79.7714,ECMWF_ERA5_Reanalysis
2014-11-24,28.0,24.5,26.2,29.8,26.7,27.8,0.0,23.7,37.4,30,18.71,1010.9,loc_cuddalore,11.748,79.7714,ECMWF_ERA5_Reanalysis
2014-11-25,27.6,24.1,25.7,28.1,25.5,26.7,0.0,24.0,39.6,20,14.86,1010.8,loc_cuddalore,11.748,79.7714,ECMWF_ERA5_Reanalysis
2014-11-26,27.3,23.7,25.5,27.3,24.9,26.1,0.0,25.4,40.0,17,15.15,1009.2,loc_cuddalore,11.748,79.7714,ECMWF_ERA5_Reanalysis
2014-11-27,27.3,23.8,25.6,28.2,24.6,26.6,0.0,26.4,41.4,16,9.17,1008.8,loc_cuddalore,11.748,79.7714,ECMWF_ERA5_Reanalysis
2014-11-28,26.6,24.1,25.2,27.9,25.2,26.5,2.4,23.7,39.2,359,7.62,1009.7,loc_cuddalore,11.748,79.7714,ECMWF_ERA5_Reanalysis
2014-11-29,24.5,23.0,23.9,26.5,23.9,25.2,23.9,25.5,43.6,347,4.86,1009.6,loc_cuddalore,11.748,79.7714,ECMWF_ERA5_Reanalysis
2014-11-30,25.0,23.7,24.3,26.5,22.8,25.0,14.0,31.1,47.5,1,5.04,1009.3,loc_cuddalore,11.748,79.7714,ECMWF_ERA5_Reanalysis
2014-12-01,26.5,24.6,25.7,28.4,25.4,27.3,4.7,26.6,41.8,30,5.92,1009.6,loc_cuddalore,11.748,79.7714,ECMWF_ERA5_Reanalysis
2014-12-02,27.3,23.6,25.3,28.9,25.3,26.8,0.0,23.3,38.2,27,18.03,1011.3,loc_cuddalore,11.748,79.7714,ECMWF_ERA5_Reanalysis
2014-12-03,26.9,22.4,24.7,29.5,24.1,26.3,0.0,17.6,28.8,24,20.35,1011.6,loc_cuddalore,11.748,79.7714,ECMWF_ERA5_Reanalysis
2014-12-04,26.5,22.4,24.4,29.5,24.2,26.2,0.0,14.9,24.8,33,20.02,1012.2,loc_cuddalore,11.748,79.7714,ECMWF_ERA5_Reanalysis
2014-12-05,26.2,22.3,24.3,27.8,23.9,25.4,0.0,15.9,26.3,37,17.49,1012.6,loc_cuddalore,11.748,79.7714,ECMWF_ERA5_Reanalysis
2014-12-06,26.9,22.4,24.8,28.4,24.0,26.3,0.0,18.2,29.5,22,16.19,1011.9,loc_cuddalore,11.748,79.7714,ECMWF_ERA5_Reanalysis
2014-12-07,27.3,23.0,25.3,30.1,25.1,27.9,0.1,18.0,30.2,25,13.68,1011.2,loc_cuddalore,11.748,79.7714,ECMWF_ERA5_Reanalysis
2014-12-08,27.2,24.2,25.7,30.3,27.6,29.1,0.1,17.3,28.8,35,13.22,1011.3,loc_cuddalore,11.748,79.7714,ECMWF_ERA5_Reanalysis
2014-12-09,27.0,24.3,25.5,30.8,27.9,29.3,3.2,14.8,25.2,36,12.71,1012.0,loc_cuddalore,11.748,79.7714,ECMWF_ERA5_Reanalysis
2014-12-10,26.2,24.5,25.3,30.5,28.4,29.4,8.6,13.8,23.8,53,11.27,1011.7,loc_cuddalore,11.748,79.7714,ECMWF_ERA5_Reanalysis
2014-12-11,27.5,23.7,25.5,31.8,27.8,29.4,1.7,16.7,28.4,52,16.65,1011.6,loc_cuddalore,11.748,79.7714,ECMWF_ERA5_Reanalysis
2014-12-12,26.2,24.2,25.0,30.1,28.0,28.8,7.5,15.0,27.0,53,12.76,1012.2,loc_cuddalore,11.748,79.7714,ECMWF_ERA5_Reanalysis
2014-12-13,26.6,23.8,24.8,31.0,27.3,28.4,11.9,14.5,25.9,49,13.73,1012.6,loc_cuddalore,11.748,79.7714,ECMWF_ERA5_Reanalysis
2014-12-14,27.5,24.0,25.6,31.6,27.7,28.9,3.5,19.2,30.2,50,15.19,1012.4,loc_cuddalore,11.748,79.7714,ECMWF_ERA5_Reanalysis
2014-12-15,27.3,23.6,25.5,31.1,26.1,28.5,0.7,18.5,31.3,28,16.62,1012.0,loc_cuddalore,11.748,79.7714,ECMWF_ERA5_Reanalysis
2014-12-16,26.5,24.6,25.5,29.4,27.6,28.4,7.4,24.0,39.6,33,12.08,1011.8,loc_cuddalore,11.748,79.7714,ECMWF_ERA5_Reanalysis
2014-12-17,25.7,24.2,25.0,27.9,26.5,27.3,15.9,24.3,41.4,27,4.76,1012.0,loc_cuddalore,11.748,79.7714,ECMWF_ERA5_Reanalysis
2014-12-18,26.9,25.2,25.8,29.1,26.8,27.7,4.2,27.0,41.0,46,12.12,1012.6,loc_cuddalore,11.748,79.7714,ECMWF_ERA5_Reanalysis
2014-12-19,25.6,24.2,25.0,27.2,25.2,26.3,6.9,28.1,44.6,38,5.86,1014.0,loc_cuddalore,11.748,79.7714,ECMWF_ERA5_Reanalysis
2014-12-20,26.4,23.1,24.7,26.8,24.2,25.4,0.0,24.1,38.2,25,13.09,1013.2,loc_cuddalore,11.748,79.7714,ECMWF_ERA5_Reanalysis
2014-12-21,26.5,23.5,24.9,27.2,24.3,25.5,0.0,23.9,37.1,21,14.37,1010.9,loc_cuddalore,11.748,79.7714,ECMWF_ERA5_Reanalysis
2014-12-22,26.2,23.2,24.9,27.3,24.6,25.7,0.4,25.5,43.2,23,13.59,1010.9,loc_cuddalore,11.748,79.7714,ECMWF_ERA5_Reanalysis
2014-12-23,27.0,22.6,24.7,28.9,23.4,26.1,0.1,21.8,34.6,21,15.26,1011.3,loc_cuddalore,11.748,79.7714,ECMWF_ERA5_Reanalysis
2014-12-24,27.0,24.0,25.4,28.5,26.0,26.9,0.0,23.9,37.1,28,13.0,1012.4,loc_cuddalore,11.748,79.7714,ECMWF_ERA5_Reanalysis
2014-12-25,27.4,23.0,25.0,28.6,24.1,26.0,0.0,25.5,39.6,17,15.49,1012.3,loc_cuddalore,11.748,79.7714,ECMWF_ERA5_Reanalysis
2014-12-26,26.5,22.0,24.4,26.4,22.8,24.7,0.0,26.8,42.1,18,15.36,1010.9,loc_cuddalore,11.748,79.7714,ECMWF_ERA5_Reanalysis
2014-12-27,24.9,22.7,23.7,25.9,23.5,24.6,14.6,23.9,36.7,8,7.99,1010.7,loc_cuddalore,11.748,79.7714,ECMWF_ERA5_Reanalysis
2014-12-28,24.4,23.3,23.7,26.3,24.2,25.4,41.0,23.6,42.1,360,2.4,1010.5,loc_cuddalore,11.748,79.7714,ECMWF_ERA5_Reanalysis
2014-12-29,24.0,22.3,23.3,25.4,21.9,24.1,23.1,29.6,43.9,346,3.23,1008.4,loc_cuddalore,11.748,79.7714,ECMWF_ERA5_Reanalysis
2014-12-30,27.3,22.0,24.3,30.7,22.0,26.0,22.4,28.2,43.6,347,9.24,1006.5,loc_cuddalore,11.748,79.7714,ECMWF_ERA5_Reanalysis
2014-12-31,27.9,22.9,25.3,31.6,25.4,28.5,0.0,18.2,28.4,9,17.34,1007.2,loc_cuddalore,11.748,79.7714,ECMWF_ERA5_Reanalysis
2015-01-01,27.1,23.4,25.3,32.8,27.7,29.9,1.1,11.5,23.8,137,16.0,1008.6,loc_cuddalore,11.748,79.7714,ECMWF_ERA5_Reanalysis
2015-01-02,27.5,24.1,25.7,32.2,28.6,29.9,2.6,14.8,24.5,153,16.1,1010.7,loc_cuddalore,11.748,79.7714,ECMWF_ERA5_Reanalysis
2015-01-03,27.1,24.3,25.5,32.9,28.9,30.2,1.3,10.8,20.9,142,15.12,1012.0,loc_cuddalore,11.748,79.7714,ECMWF_ERA5_Reanalysis
2015-01-04,27.5,23.9,25.7,32.7,28.5,30.1,0.5,11.7,20.5,84,18.15,1011.8,loc_cuddalore,11.748,79.7714,ECMWF_ERA5_Reanalysis
2015-01-05,27.5,24.2,25.6,31.8,27.4,29.1,0.0,15.2,23.4,44,17.41,1011.6,loc_cuddalore,11.748,79.7714,ECMWF_ERA5_Reanalysis
2015-01-06,27.2,23.9,25.3,31.4,27.3,28.7,0.1,14.8,22.3,44,18.47,1012.1,loc_cuddalore,11.748,79.7714,ECMWF_ERA5_Reanalysis
2015-01-07,27.2,23.1,25.1,32.3,26.2,28.5,0.0,12.8,21.2,45,19.04,1011.9,loc_cuddalore,11.748,79.7714,ECMWF_ERA5_Reanalysis
2015-01-08,27.0,23.4,25.2,31.5,27.7,29.2,0.4,12.2,18.7,83,16.92,1012.2,loc_cuddalore,11.748,79.7714,ECMWF_ERA5_Reanalysis
2015-01-09,26.2,22.4,24.7,29.3,26.1,27.6,1.1,17.3,28.8,56,14.97,1013.5,loc_cuddalore,11.748,79.7714,ECMWF_ERA5_Reanalysis
2015-01-10,27.1,22.8,24.8,28.3,23.7,25.8,0.0,20.6,33.5,28,21.49,1013.8,loc_cuddalore,11.748,79.7714,ECMWF_ERA5_Reanalysis
2015-01-11,26.6,22.4,24.4,26.7,23.1,24.5,0.0,20.2,33.1,24,18.19,1013.8,loc_cuddalore,11.748,79.7714,ECMWF_ERA5_Reanalysis
2015-01-12,26.2,22.2,24.2,25.6,22.2,23.8,0.0,20.4,32.4,25,14.89,1013.3,loc_cuddalore,11.748,79.7714,ECMWF_ERA5_Reanalysis
2015-01-13,26.9,22.0,24.4,28.2,21.8,24.6,0.0,19.8,29.9,17,20.27,1012.5,loc_cuddalore,11.748,79.7714,ECMWF_ERA5_Reanalysis
2015-01-14,26.9,21.8,24.3,28.2,22.6,25.0,0.0,18.1,31.0,28,21.88,1012.3,loc_cuddalore,11.748,79.7714,ECMWF_ERA5_Reanalysis
2015-01-15,27.3,21.3,24.4,29.6,22.4,25.9,0.0,16.7,24.8,22,20.87,1012.4,loc_cuddalore,11.748,79.7714,ECMWF_ERA5_Reanalysis
2015-01-16,26.6,22.7,24.7,28.7,25.3,27.0,1.9,19.9,32.8,36,15.27,1012.7,loc_cuddalore,11.748,79.7714,ECMWF_ERA5_Reanalysis
2015-01-17,27.7,23.4,25.3,30.5,25.6,27.2,0.0,19.1,31.7,45,19.25,1013.2,loc_cuddalore,11.748,79.7714,ECMWF_ERA5_Reanalysis
2015-01-18,27.2,23.0,24.9,29.6,24.6,26.4,0.0,18.1,30.2,44,20.5,1013.9,loc_cuddalore,11.748,79.7714,ECMWF_ERA5_Reanalysis
2015-01-19,27.2,22.7,24.9,29.0,24.5,26.0,0.0,19.8,32.8,46,20.37,1013.6,loc_cuddalore,11.748,79.7714,ECMWF_ERA5_Reanalysis
2015-01-20,27.2,22.7,24.8,29.4,24.2,25.9,0.0,18.4,29.5,45,20.45,1015.1,loc_cuddalore,11.748,79.7714,ECMWF_ERA5_Reanalysis
2015-01-21,27.3,22.8,24.8,28.5,24.0,25.5,0.0,18.9,28.8,38,20.58,1016.4,loc_cuddalore,11.748,79.7714,ECMWF_ERA5_Reanalysis
2015-01-22,26.4,22.6,24.4,28.5,23.6,26.0,0.3,19.1,32.0,37,15.65,1015.9,loc_cuddalore,11.748,79.7714,ECMWF_ERA5_Reanalysis
2015-01-23,26.4,23.1,24.7,29.6,26.3,27.5,2.4,18.9,31.0,53,15.27,1013.7,loc_cuddalore,11.748,79.7714,ECMWF_ERA5_Reanalysis
2015-01-24,26.5,23.5,24.8,29.4,26.5,27.5,0.5,22.5,37.1,43,16.85,1013.6,loc_cuddalore,11.748,79.7714,ECMWF_ERA5_Reanalysis
2015-01-25,26.1,23.2,24.5,27.7,24.5,25.7,0.2,21.7,35.6,36,20.58,1015.0,loc_cuddalore,11.748,79.7714,ECMWF_ERA5_Reanalysis
2015-01-26,27.1,22.7,25.0,27.6,24.0,25.6,0.0,20.0,33.8,36,16.48,1014.3,loc_cuddalore,11.748,79.7714,ECMWF_ERA5_Reanalysis
2015-01-27,26.1,22.6,24.6,27.1,24.3,25.9,1.9,21.7,36.0,42,11.66,1012.6,loc_cuddalore,11.748,79.7714,ECMWF_ERA5_Reanalysis
2015-01-28,26.9,23.2,25.1,28.2,25.2,26.4,0.0,18.8,31.0,44,15.84,1011.4,loc_cuddalore,11.748,79.7714,ECMWF_ERA5_Reanalysis
2015-01-29,27.1,23.5,25.2,29.5,25.5,26.9,0.0,18.2,30.6,50,16.07,1012.1,loc_cuddalore,11.748,79.7714,ECMWF_ERA5_Reanalysis
2015-01-30,26.9,23.7,25.2,28.7,24.8,26.7,0.0,18.3,29.5,56,16.86,1013.9,loc_cuddalore,11.748,79.7714,ECMWF_ERA5_Reanalysis
2015-01-31,27.8,23.2,25.4,29.3,24.4,26.4,0.0,19.6,33.1,40,21.46,1014.2,loc_cuddalore,11.748,79.7714,ECMWF_ERA5_Reanalysis
2015-02-01,28.0,23.5,25.6,29.4,25.1,26.7,0.0,19.7,32.8,43,19.24,1014.0,loc_cuddalore,11.748,79.7714,ECMWF_ERA5_Reanalysis
2015-02-02,27.7,23.8,25.4,29.5,24.5,26.2,0.0,21.9,36.7,49,20.53,1015.0,loc_cuddalore,11.748,79.7714,ECMWF_ERA5_Reanalysis
2015-02-03,27.7,23.5,25.5,28.0,24.5,25.9,0.0,24.6,39.2,38,16.89,1016.3,loc_cuddalore,11.748,79.7714,ECMWF_ERA5_Reanalysis
2015-02-04,27.6,23.3,25.5,28.2,24.8,26.2,0.0,23.6,37.8,34,16.51,1015.7,loc_cuddalore,11.748,79.7714,ECMWF_ERA5_Reanalysis
2015-02-05,27.9,23.0,25.3,30.0,24.6,26.6,0.0,20.3,34.9,39,19.31,1014.2,loc_cuddalore,11.748,79.7714,ECMWF_ERA5_Reanalysis
2015-02-06,27.9,23.1,25.3,30.3,25.3,27.1,0.0,18.7,31.0,42,18.82,1014.0,loc_cuddalore,11.748,79.7714,ECMWF_ERA5_Reanalysis
2015-02-07,27.7,23.1,25.2,30.1,25.3,26.9,0.0,18.2,30.2,45,21.79,1013.6,loc_cuddalore,11.748,79.7714,ECMWF_ERA5_Reanalysis
2015-02-08,28.2,22.8,25.4,30.9,24.5,27.1,0.0,20.2,32.8,47,20.76,1013.0,loc_cuddalore,11.748,79.7714,ECMWF_ERA5_Reanalysis
2015-02-09,27.9,23.5,25.4,29.6,25.3,26.6,0.0,21.3,36.0,47,19.68,1013.1,loc_cuddalore,11.748,79.7714,ECMWF_ERA5_Reanalysis
2015-02-10,27.8,23.1,25.4,29.3,24.5,26.4,0.0,21.7,36.0,36,15.15,1013.5,loc_cuddalore,11.748,79.7714,ECMWF_ERA5_Reanalysis
2015-02-11,27.4,23.0,25.4,29.4,24.9,27.3,0.2,23.1,37.1,38,18.5,1012.6,loc_cuddalore,11.748,79.7714,ECMWF_ERA5_Reanalysis
2015-02-12,28.6,24.1,25.9,31.5,26.9,28.2,0.2,21.7,35.6,50,18.27,1012.0,loc_cuddalore,11.748,79.7714,ECMWF_ERA5_Reanalysis
2015-02-13,28.8,23.6,26.0,33.2,26.7,28.9,0.0,17.4,26.6,71,21.72,1011.9,loc_cuddalore,11.748,79.7714,ECMWF_ERA5_Reanalysis
2015-02-14,28.6,22.9,25.7,33.4,26.8,29.1,0.0,15.8,26.6,102,22.24,1011.1,loc_cuddalore,11.748,79.7714,ECMWF_ERA5_Reanalysis
2015-02-15,28.6,21.1,25.1,33.3,23.6,28.2,0.0,13.7,22.7,124,23.88,1011.3,loc_cuddalore,11.748,79.7714,ECMWF_ERA5_Reanalysis
2015-02-16,28.7,22.6,25.4,32.9,26.3,28.6,0.0,13.9,23.8,109,22.86,1012.5,loc_cuddalore,11.748,79.7714,ECMWF_ERA5_Reanalysis
2015-02-17,28.5,22.1,25.2,33.0,25.6,28.3,0.0,14.5,25.9,111,23.07,1012.3,loc_cuddalore,11.748,79.7714,ECMWF_ERA5_Reanalysis
2015-02-18,28.6,22.3,25.4,31.8,25.5,27.8,0.0,16.1,27.4,138,23.14,1011.6,loc_cuddalore,11.748,79.7714,ECMWF_ERA5_Reanalysis
2015-02-19,28.5,21.2,25.1,32.0,23.7,27.3,0.0,15.2,25.2,125,24.29,1011.3,loc_cuddalore,11.748,79.7714,ECMWF_ERA5_Reanalysis
2015-02-20,28.3,23.2,25.4,31.1,25.3,27.3,0.0,15.8,28.1,82,23.52,1012.0,loc_cuddalore,11.748,79.7714,ECMWF_ERA5_Reanalysis
2015-02-21,28.5,23.5,25.5,32.1,25.5,27.5,0.0,17.3,28.8,50,22.55,1012.1,loc_cuddalore,11.748,79.7714,ECMWF_ERA5_Reanalysis
2015-02-22,28.8,23.3,25.5,31.7,25.7,27.4,0.0,18.9,31.3,52,23.73,1012.6,loc_cuddalore,11.748,79.7714,ECMWF_ERA5_Reanalysis
2015-02-23,28.7,22.9,25.5,32.3,25.4,27.9,0.0,15.3,27.0,54,24.23,1012.8,loc_cuddalore,11.748,79.7714,ECMWF_ERA5_Reanalysis
2015-02-24,28.9,22.8,25.5,32.1,25.4,27.9,0.0,15.8,27.0,57,24.19,1011.8,loc_cuddalore,11.748,79.7714,ECMWF_ERA5_Reanalysis
2015-02-25,28.7,22.2,25.7,32.4,25.0,28.4,0.0,16.2,24.8,73,22.13,1010.4,loc_cuddalore,11.748,79.7714,ECMWF_ERA5_Reanalysis
2015-02-26,28.4,24.2,26.2,32.7,28.2,29.9,1.2,20.0,30.6,92,18.8,1009.0,loc_cuddalore,11.748,79.7714,ECMWF_ERA5_Reanalysis
2015-02-27,28.8,24.7,26.7,34.3,29.5,31.1,1.1,17.4,29.5,123,19.68,1009.4,loc_cuddalore,11.748,79.7714,ECMWF_ERA5_Reanalysis
2015-02-28,29.1,24.9,26.9,33.9,29.2,30.7,1.5,20.7,35.3,136,19.44,1009.7,loc_cuddalore,11.748,79.7714,ECMWF_ERA5_Reanalysis
2015-03-01,29.3,25.6,27.2,32.8,28.7,30.2,0.2,20.3,32.8,135,20.22,1010.1,loc_cuddalore,11.748,79.7714,ECMWF_ERA5_Reanalysis
2015-03-02,29.4,25.3,27.1,34.0,29.0,30.4,0.9,20.4,32.8,123,20.77,1011.2,loc_cuddalore,11.748,79.7714,ECMWF_ERA5_Reanalysis
2015-03-03,29.6,24.8,27.3,33.8,29.4,31.0,0.1,15.3,26.3,105,19.44,1010.7,loc_cuddalore,11.748,79.7714,ECMWF_ERA5_Reanalysis
2015-03-04,30.9,24.5,27.8,35.5,28.4,31.5,0.0,21.9,33.8,148,23.55,1010.3,loc_cuddalore,11.748,79.7714,ECMWF_ERA5_Reanalysis
2015-03-05,30.4,25.8,27.8,35.6,30.6,32.1,0.2,18.7,32.8,135,20.98,1011.1,loc_cuddalore,11.748,79.7714,ECMWF_ERA5_Reanalysis
2015-03-06,30.4,26.3,28.1,35.6,31.0,32.2,0.0,18.2,29.5,103,21.4,1012.2,loc_cuddalore,11.748,79.7714,ECMWF_ERA5_Reanalysis
2015-03-07,30.3,26.0,27.8,35.2,29.7,31.7,0.0,21.3,33.8,92,21.61,1012.1,loc_cuddalore,11.748,79.7714,ECMWF_ERA5_Reanalysis
2015-03-08,30.3,25.2,27.6,33.8,29.5,31.0,0.0,18.3,32.0,108,21.14,1012.8,loc_cuddalore,11.748,79.7714,ECMWF_ERA5_Reanalysis
2015-03-09,30.2,25.0,27.4,33.9,29.3,30.7,0.0,18.0,31.7,84,23.85,1013.6,loc_cuddalore,11.748,79.7714,ECMWF_ERA5_Reanalysis
2015-03-10,29.7,24.7,27.0,33.1,27.5,29.4,0.0,19.7,33.5,54,22.81,1013.5,loc_cuddalore,11.748,79.7714,ECMWF_ERA5_Reanalysis
2015-03-11,30.5,24.6,27.5,33.6,27.2,29.5,0.0,19.4,34.6,57,22.08,1013.0,loc_cuddalore,11.748,79.7714,ECMWF_ERA5_Reanalysis
2015-03-12,30.2,26.3,28.1,32.6,28.7,30.1,0.0,19.5,33.8,59,20.12,1012.9,loc_cuddalore,11.748,79.7714,ECMWF_ERA5_Reanalysis
2015-03-13,30.2,26.1,27.9,33.6,29.1,30.5,0.0,18.1,32.0,78,23.78,1012.6,loc_cuddalore,11.748,79.7714,ECMWF_ERA5_Reanalysis
2015-03-14,29.9,26.0,27.8,33.1,28.6,30.3,0.0,19.9,32.8,99,21.12,1013.5,loc_cuddalore,11.748,79.7714,ECMWF_ERA5_Reanalysis
2015-03-15,29.2,24.6,27.0,33.9,29.1,30.9,1.7,18.7,33.5,121,18.28,1013.5,loc_cuddalore,11.748,79.7714,ECMWF_ERA5_Reanalysis
2015-03-16,29.9,25.7,27.5,33.6,29.1,30.8,0.0,20.5,34.6,100,23.64,1013.4,loc_cuddalore,11.748,79.7714,ECMWF_ERA5_Reanalysis
2015-03-17,30.0,24.3,27.0,34.1,28.4,30.5,0.0,16.3,28.8,99,24.87,1012.4,loc_cuddalore,11.748,79.7714,ECMWF_ERA5_Reanalysis
2015-03-18,30.7,21.8,26.7,35.6,25.1,30.2,0.0,15.9,29.2,151,26.37,1010.4,loc_cuddalore,11.748,79.7714,ECMWF_ERA5_Reanalysis
2015-03-19,30.9,22.7,27.2,36.1,26.2,30.9,0.0,17.1,29.2,134,25.89,1010.7,loc_cuddalore,11.748,79.7714,ECMWF_ERA5_Reanalysis
2015-03-20,30.5,24.7,27.4,34.9,28.9,31.1,0.0,15.2,27.4,92,24.64,1012.0,loc_cuddalore,11.748,79.7714,ECMWF_ERA5_Reanalysis
2015-03-21,30.6,23.5,27.1,35.8,27.7,31.1,0.0,13.0,25.2,90,25.59,1012.7,loc_cuddalore,11.748,79.7714,ECMWF_ERA5_Reanalysis
2015-03-22,31.3,24.5,27.7,36.8,28.8,31.9,0.0,15.0,27.0,136,26.32,1011.5,loc_cuddalore,11.748,79.7714,ECMWF_ERA5_Reanalysis
2015-03-23,31.7,25.1,28.2,36.9,29.3,32.2,0.0,18.7,31.7,159,25.52,1009.8,loc_cuddalore,11.748,79.7714,ECMWF_ERA5_Reanalysis
2015-03-24,31.5,24.2,27.8,36.6,28.6,31.8,0.0,19.9,34.2,157,25.68,1009.3,loc_cuddalore,11.748,79.7714,ECMWF_ERA5_Reanalysis
2015-03-25,30.9,24.9,27.8,35.2,29.3,31.4,0.0,18.2,31.0,135,24.11,1010.2,loc_cuddalore,11.748,79.7714,ECMWF_ERA5_Reanalysis
2015-03-26,30.8,25.8,28.0,35.1,29.3,31.3,0.0,15.6,27.4,101,23.9,1012.0,loc_cuddalore,11.748,79.7714,ECMWF_ERA5_Reanalysis
2015-03-27,31.2,24.9,28.3,35.5,28.9,31.6,0.0,16.6,29.5,74,25.2,1012.3,loc_cuddalore,11.748,79.7714,ECMWF_ERA5_Reanalysis
2015-03-28,31.1,25.6,28.4,36.2,30.2,32.6,0.2,17.7,30.2,85,22.72,1011.1,loc_cuddalore,11.748,79.7714,ECMWF_ERA5_Reanalysis
2015-03-29,31.4,26.0,28.6,36.6,31.2,32.9,0.0,18.0,31.3,100,24.49,1009.8,loc_cuddalore,11.748,79.7714,ECMWF_ERA5_Reanalysis
2015-03-30,31.0,26.6,28.5,36.5,31.4,33.1,1.2,16.3,30.2,125,23.07,1009.6,loc_cuddalore,11.748,79.7714,ECMWF_ERA5_Reanalysis
2015-03-31,30.9,26.9,28.7,36.1,31.9,33.4,1.0,18.9,32.4,120,22.06,1009.7,loc_cuddalore,11.748,79.7714,ECMWF_ERA5_Reanalysis
2015-04-01,30.8,26.6,28.5,36.3,31.9,33.2,1.9,18.7,33.5,132,21.0,1009.6,loc_cuddalore,11.748,79.7714,ECMWF_ERA5_Reanalysis
2015-04-02,31.7,26.1,28.9,37.2,30.0,33.1,0.3,20.5,33.8,162,23.18,1008.6,loc_cuddalore,11.748,79.7714,ECMWF_ERA5_Reanalysis
2015-04-03,33.3,26.9,29.6,39.5,31.4,34.1,0.0,23.7,36.7,168,26.12,1006.4,loc_cuddalore,11.748,79.7714,ECMWF_ERA5_Reanalysis
2015-04-04,33.2,27.7,29.9,39.7,31.8,34.5,0.0,22.1,36.4,166,25.04,1004.7,loc_cuddalore,11.748,79.7714,ECMWF_ERA5_Reanalysis
2015-04-05,32.6,27.9,29.7,38.4,32.3,34.2,0.0,23.9,39.2,159,23.67,1005.8,loc_cuddalore,11.748,79.7714,ECMWF_ERA5_Reanalysis
2015-04-06,32.4,27.4,29.5,37.4,31.6,33.6,0.0,22.0,37.8,153,23.97,1006.5,loc_cuddalore,11.748,79.7714,ECMWF_ERA5_Reanalysis
2015-04-07,32.3,27.6,29.5,37.8,32.2,33.8,0.5,23.0,38.2,151,25.51,1007.2,loc_cuddalore,11.748,79.7714,ECMWF_ERA5_Reanalysis
2015-04-08,30.7,26.6,28.5,35.3,31.0,32.8,1.7,21.8,37.1,149,20.43,1009.0,loc_cuddalore,11.748,79.7714,ECMWF_ERA5_Reanalysis
2015-04-09,31.1,27.0,28.8,36.3,32.0,33.5,0.9,20.5,36.4,132,21.56,1009.4,loc_cuddalore,11.748,79.7714,ECMWF_ERA5_Reanalysis
2015-04-10,31.9,27.2,29.1,36.9,31.4,33.3,0.0,17.3,29.9,138,23.97,1009.9,loc_cuddalore,11.748,79.7714,ECMWF_ERA5_Reanalysis
2015-04-11,32.6,26.8,29.2,37.4,30.7,33.0,0.0,21.4,34.9,150,23.92,1010.0,loc_cuddalore,11.748,79.7714,ECMWF_ERA5_Reanalysis
2015-04-12,31.5,27.3,29.2,36.8,31.1,33.1,0.4,19.5,35.3,136,22.76,1011.3,loc_cuddalore,11.748,79.7714,ECMWF_ERA5_Reanalysis
2015-04-13,29.8,25.7,27.8,33.1,29.1,30.9,1.9,16.9,29.5,156,15.67,1011.7,loc_cuddalore,11.748,79.7714,ECMWF_ERA5_Reanalysis
2015-04-14,31.3,25.7,28.2,36.6,29.1,31.8,0.0,20.1,31.7,126,23.52,1009.8,loc_cuddalore,11.748,79.7714,ECMWF_ERA5_Reanalysis
2015-04-15,27.9,23.6,25.8,33.1,28.1,30.3,19.8,15.1,25.6,82,16.81,1010.2,loc_cuddalore,11.748,79.7714,ECMWF_ERA5_Reanalysis
2015-04-16,29.3,24.8,27.0,36.3,30.0,32.3,2.7,11.5,23.8,78,20.62,1011.0,loc_cuddalore,11.748,79.7714,ECMWF_ERA5_Reanalysis
2015-04-17,30.2,25.0,27.7,37.6,30.1,32.9,4.7,13.1,24.1,64,22.63,1009.5,loc_cuddalore,11.748,79.7714,ECMWF_ERA5_Reanalysis
2015-04-18,30.7,25.7,28.0,37.9,29.7,32.7,0.5,16.0,27.7,131,25.09,1007.6,loc_cuddalore,11.748,79.7714,ECMWF_ERA5_Reanalysis
2015-04-19,31.1,26.2,28.7,37.4,31.6,33.5,0.0,16.9,28.8,126,24.44,1007.7,loc_cuddalore,11.748,79.7714,ECMWF_ERA5_Reanalysis
2015-04-20,31.5,26.7,29.1,37.4,31.8,33.7,0.2,16.3,27.4,121,23.08,1009.1,loc_cuddalore,11.748,79.7714,ECMWF_ERA5_Reanalysis
2015-04-21,30.6,25.5,27.8,36.9,29.3,32.4,9.9,19.4,35.6,147,18.67,1009.4,loc_cuddalore,11.748,79.7714,ECMWF_ERA5_Reanalysis
2015-04-22,31.5,26.4,28.8,37.5,31.2,33.4,0.0,23.2,33.5,173,23.15,1008.3,loc_cuddalore,11.748,79.7714,ECMWF_ERA5_Reanalysis
2015-04-23,32.6,27.4,29.8,39.1,31.8,34.3,0.0,23.4,36.4,175,25.05,1008.0,loc_cuddalore,11.748,79.7714,ECMWF_ERA5_Reanalysis
2015-04-24,32.7,26.3,29.9,39.0,30.5,34.6,5.6,21.6,32.4,176,24.5,1008.8,loc_cuddalore,11.748,79.7714,ECMWF_ERA5_Reanalysis
2015-04-25,30.8,24.8,28.1,35.6,28.5,32.2,6.5,18.6,30.2,186,19.44,1008.4,loc_cuddalore,11.748,79.7714,ECMWF_ERA5_Reanalysis
2015-04-26,30.6,27.0,28.7,36.5,31.4,33.3,0.5,17.4,31.3,152,20.92,1008.7,loc_cuddalore,11.748,79.7714,ECMWF_ERA5_Reanalysis
2015-04-27,30.1,26.8,28.3,36.9,31.8,33.6,1.2,16.2,31.0,145,21.0,1009.8,loc_cuddalore,11.748,79.7714,ECMWF_ERA5_Reanalysis
2015-04-28,31.5,26.1,28.9,36.9,31.1,33.6,0.6,17.7,29.5,170,24.06,1009.3,loc_cuddalore,11.748,79.7714,ECMWF_ERA5_Reanalysis
2015-04-29,32.8,27.4,29.8,38.3,31.6,34.1,0.0,23.3,38.5,170,25.93,1008.5,loc_cuddalore,11.748,79.7714,ECMWF_ERA5_Reanalysis
2015-04-30,33.3,26.9,29.9,39.2,31.2,34.2,0.0,23.8,40.7,176,26.22,1008.6,loc_cuddalore,11.748,79.7714,ECMWF_ERA5_Reanalysis
2015-05-01,33.6,27.8,30.2,40.0,32.0,34.6,0.1,23.6,38.2,174,25.75,1007.7,loc_cuddalore,11.748,79.7714,ECMWF_ERA5_Reanalysis
2015-05-02,33.5,27.6,30.1,39.1,31.7,34.5,0.0,25.0,40.0,174,25.31,1007.2,loc_cuddalore,11.748,79.7714,ECMWF_ERA5_Reanalysis
2015-05-03,33.1,28.0,30.0,39.1,32.5,34.9,0.0,22.4,38.2,160,25.25,1007.3,loc_cuddalore,11.748,79.7714,ECMWF_ERA5_Reanalysis
2015-05-04,32.0,27.3,29.5,37.9,32.2,34.4,0.5,21.1,33.8,145,23.94,1008.0,loc_cuddalore,11.748,79.7714,ECMWF_ERA5_Reanalysis
2015-05-05,31.4,27.1,29.3,37.6,33.1,34.4,0.2,16.6,30.2,134,22.75,1007.7,loc_cuddalore,11.748,79.7714,ECMWF_ERA5_Reanalysis
2015-05-06,31.9,26.7,29.4,37.4,31.7,34.1,2.2,18.9,32.8,151,23.82,1006.8,loc_cuddalore,11.748,79.7714,ECMWF_ERA5_Reanalysis
2015-05-07,32.4,28.0,29.9,39.3,33.2,35.0,0.2,18.9,32.4,156,23.84,1007.5,loc_cuddalore,11.748,79.7714,ECMWF_ERA5_Reanalysis
2015-05-08,33.2,28.5,30.4,39.7,33.6,35.5,0.0,21.4,36.4,162,23.87,1006.6,loc_cuddalore,11.748,79.7714,ECMWF_ERA5_Reanalysis
2015-05-09,33.4,28.6,30.7,39.0,33.5,35.5,0.0,20.5,36.4,167,24.45,1005.1,loc_cuddalore,11.748,79.7714,ECMWF_ERA5_Reanalysis
2015-05-10,32.0,28.0,30.0,37.8,32.7,34.9,0.4,18.7,28.4,157,15.15,1005.4,loc_cuddalore,11.748,79.7714,ECMWF_ERA5_Reanalysis
2015-05-11,30.8,26.7,28.9,35.3,31.7,33.8,3.8,17.5,28.8,173,12.99,1007.1,loc_cuddalore,11.748,79.7714,ECMWF_ERA5_Reanalysis
2015-05-12,30.1,27.0,28.6,35.6,31.8,33.6,1.6,15.3,27.0,150,15.19,1007.3,loc_cuddalore,11.748,79.7714,ECMWF_ERA5_Reanalysis
2015-05-13,28.3,25.8,26.8,32.9,30.9,31.6,16.0,17.6,27.7,129,8.96,1006.9,loc_cuddalore,11.748,79.7714,ECMWF_ERA5_Reanalysis
2015-05-14,28.3,25.4,26.9,33.5,30.5,32.1,12.8,14.3,27.0,104,12.66,1006.9,loc_cuddalore,11.748,79.7714,ECMWF_ERA5_Reanalysis
2015-05-15,29.3,26.0,27.4,35.2,30.5,32.8,11.0,13.5,23.8,168,12.77,1007.2,loc_cuddalore,11.748,79.7714,ECMWF_ERA5_Reanalysis
2015-05-16,28.7,26.0,27.2,34.3,31.1,32.1,5.5,15.7,22.7,202,11.43,1006.0,loc_cuddalore,11.748,79.7714,ECMWF_ERA5_Reanalysis
2015-05-17,29.2,26.0,27.6,34.1,29.7,32.0,8.3,18.1,31.3,210,12.19,1004.7,loc_cuddalore,11.748,79.7714,ECMWF_ERA5_Reanalysis
2015-05-18,31.2,26.1,28.4,36.4,30.2,32.9,3.9,18.4,27.7,212,14.44,1004.6,loc_cuddalore,11.748,79.7714,ECMWF_ERA5_Reanalysis
2015-05-19,32.4,27.4,29.5,38.1,30.7,33.7,0.0,21.4,36.7,209,20.99,1004.9,loc_cuddalore,11.748,79.7714,ECMWF_ERA5_Reanalysis
2015-05-20,33.1,27.1,30.0,39.4,30.9,34.4,0.0,26.2,40.7,201,23.41,1004.9,loc_cuddalore,11.748,79.7714,ECMWF_ERA5_Reanalysis
2015-05-21,34.0,27.9,30.8,40.7,30.9,35.0,0.0,27.0,42.1,206,25.55,1005.0,loc_cuddalore,11.748,79.7714,ECMWF_ERA5_Reanalysis
2015-05-22,34.2,28.1,31.0,40.2,30.4,34.6,0.0,25.3,38.2,206,25.06,1005.1,loc_cuddalore,11.748,79.7714,ECMWF_ERA5_Reanalysis
2015-05-23,34.1,28.2,30.8,40.6,31.2,35.1,1.7,24.7,36.7,204,25.13,1005.0,loc_cuddalore,11.748,79.7714,ECMWF_ERA5_Reanalysis
2015-05-24,34.0,28.4,30.9,41.4,31.6,35.3,0.7,25.5,36.0,201,25.66,1005.2,loc_cuddalore,11.748,79.7714,ECMWF_ERA5_Reanalysis
2015-05-25,34.7,28.6,31.3,42.0,32.4,35.7,0.8,26.7,37.1,206,24.87,1004.7,loc_cuddalore,11.748,79.7714,ECMWF_ERA5_Reanalysis
2015-05-26,34.2,28.5,31.1,41.7,31.9,35.6,0.0,25.5,38.2,201,24.98,1005.2,loc_cuddalore,11.748,79.7714,ECMWF_ERA5_Reanalysis
2015-05-27,34.4,28.5,31.0,41.4,31.6,35.8,0.0,25.0,36.7,197,23.22,1005.5,loc_cuddalore,11.748,79.7714,ECMWF_ERA5_Reanalysis
2015-05-28,32.9,26.6,29.5,37.8,29.2,33.5,1.2,27.2,40.0,223,17.34,1004.0,loc_cuddalore,11.748,79.7714,ECMWF_ERA5_Reanalysis
2015-05-29,33.5,28.1,30.5,41.1,32.4,35.6,0.0,21.9,36.7,198,25.07,1003.9,loc_cuddalore,11.748,79.7714,ECMWF_ERA5_Reanalysis
2015-05-30,33.0,28.4,30.3,40.7,33.3,35.8,0.2,18.9,33.1,178,24.37,1004.8,loc_cuddalore,11.748,79.7714,ECMWF_ERA5_Reanalysis
2015-05-31,33.0,28.0,30.4,39.8,32.7,35.1,0.0,25.3,34.9,184,22.11,1003.9,loc_cuddalore,11.748,79.7714,ECMWF_ERA5_Reanalysis
2015-06-01,32.9,27.8,29.6,40.3,32.6,34.8,2.3,18.5,32.8,189,20.8,1004.2,loc_cuddalore,11.748,79.7714,ECMWF_ERA5_Reanalysis
2015-06-02,32.8,27.7,29.8,41.0,32.4,35.3,0.6,15.9,25.2,209,22.82,1005.2,loc_cuddalore,11.748,79.7714,ECMWF_ERA5_Reanalysis
2015-06-03,32.0,27.5,29.7,39.0,32.4,35.0,0.0,21.1,33.1,180,18.88,1004.8,loc_cuddalore,11.748,79.7714,ECMWF_ERA5_Reanalysis
2015-06-04,32.4,27.1,29.3,38.4,31.4,33.8,0.1,23.5,40.3,184,23.43,1005.2,loc_cuddalore,11.748,79.7714,ECMWF_ERA5_Reanalysis
2015-06-05,33.2,27.3,29.9,39.5,30.9,34.9,1.2,18.5,33.8,189,23.98,1005.9,loc_cuddalore,11.748,79.7714,ECMWF_ERA5_Reanalysis
2015-06-06,33.4,27.7,30.3,39.4,32.2,35.2,0.0,20.8,33.8,181,23.71,1005.2,loc_cuddalore,11.748,79.7714,ECMWF_ERA5_Reanalysis
2015-06-07,33.6,28.1,30.6,39.2,32.3,34.9,0.0,27.8,39.2,189,23.3,1004.9,loc_cuddalore,11.748,79.7714,ECMWF_ERA5_Reanalysis
2015-06-08,33.7,28.4,30.7,39.4,31.9,34.4,0.0,26.7,41.4,198,24.36,1005.4,loc_cuddalore,11.748,79.7714,ECMWF_ERA5_Reanalysis
2015-06-09,33.4,28.1,30.5,39.9,31.5,35.0,0.0,21.6,34.2,195,24.2,1006.1,loc_cuddalore,11.748,79.7714,ECMWF_ERA5_Reanalysis
2015-06-10,33.8,27.4,30.2,40.7,32.7,35.4,1.7,21.6,29.9,187,22.99,1005.2,loc_cuddalore,11.748,79.7714,ECMWF_ERA5_Reanalysis
2015-06-11,33.5,27.5,29.9,40.4,30.9,34.5,5.9,23.0,38.5,212,23.96,1004.7,loc_cuddalore,11.748,79.7714,ECMWF_ERA5_Reanalysis
2015-06-12,32.7,27.7,30.0,38.8,31.2,34.6,0.0,15.5,27.7,200,20.97,1005.3,loc_cuddalore,11.748,79.7714,ECMWF_ERA5_Reanalysis
2015-06-13,33.5,27.9,30.3,39.5,31.1,34.2,0.7,19.5,34.6,194,22.36,1004.5,loc_cuddalore,11.748,79.7714,ECMWF_ERA5_Reanalysis
2015-06-14,34.1,28.1,30.6,40.1,31.2,34.5,1.1,19.3,31.3,215,22.98,1003.8,loc_cuddalore,11.748,79.7714,ECMWF_ERA5_Reanalysis
2015-06-15,34.2,28.1,30.2,39.4,31.9,34.4,4.6,17.4,32.4,223,21.9,1003.5,loc_cuddalore,11.748,79.7714,ECMWF_ERA5_Reanalysis
2015-06-16,33.1,27.7,30.0,37.0,31.2,33.5,1.1,21.2,34.6,253,16.88,1003.4,loc_cuddalore,11.748,79.7714,ECMWF_ERA5_Reanalysis
2015-06-17,29.7,26.8,28.2,34.1,30.7,32.5,4.7,17.8,28.8,221,5.9,1002.7,loc_cuddalore,11.748,79.7714,ECMWF_ERA5_Reanalysis
2015-06-18,29.8,27.7,28.8,33.0,30.9,32.0,0.0,19.0,28.8,250,6.23,1002.7,loc_cuddalore,11.748,79.7714,ECMWF_ERA5_Reanalysis
2015-06-19,32.2,26.8,29.7,35.5,30.3,32.8,0.0,19.8,40.0,240,13.81,1002.8,loc_cuddalore,11.748,79.7714,ECMWF_ERA5_Reanalysis
2015-06-20,35.0,27.4,30.8,36.9,30.2,33.2,0.1,23.2,38.9,238,18.56,1002.1,loc_cuddalore,11.748,79.7714,ECMWF_ERA5_Reanalysis
2015-06-21,34.4,28.4,31.0,35.8,30.0,32.4,0.0,26.0,41.0,230,15.22,1002.8,loc_cuddalore,11.748,79.7714,ECMWF_ERA5_Reanalysis
2015-06-22,35.5,28.4,31.5,38.1,30.2,33.4,0.0,23.3,38.5,229,20.19,1003.9,loc_cuddalore,11.748,79.7714,ECMWF_ERA5_Reanalysis
2015-06-23,34.0,28.3,31.0,38.1,30.5,33.9,0.0,20.4,39.6,221,21.33,1005.0,loc_cuddalore,11.748,79.7714,ECMWF_ERA5_Reanalysis
2015-06-24,34.0,28.7,31.4,38.5,30.7,34.2,0.0,20.9,37.1,217,22.1,1005.8,loc_cuddalore,11.748,79.7714,ECMWF_ERA5_Reanalysis
2015-06-25,35.3,28.0,31.1,39.5,30.2,34.1,1.0,21.8,37.8,227,21.79,1005.3,loc_cuddalore,11.748,79.7714,ECMWF_ERA5_Reanalysis
2015-06-26,34.4,28.1,30.6,37.6,30.6,33.4,0.3,21.4,36.7,236,16.46,1004.6,loc_cuddalore,11.748,79.7714,ECMWF_ERA5_Reanalysis
2015-06-27,33.5,27.8,30.6,37.2,31.3,34.0,0.0,20.8,32.4,230,17.9,1004.8,loc_cuddalore,11.748,79.7714,ECMWF_ERA5_Reanalysis
2015-06-28,33.4,27.7,30.4,39.4,30.9,34.2,0.0,20.5,35.6,205,23.08,1006.2,loc_cuddalore,11.748,79.7714,ECMWF_ERA5_Reanalysis
2015-06-29,33.0,28.4,30.4,38.6,31.7,34.0,0.0,26.0,40.0,189,21.73,1007.6,loc_cuddalore,11.748,79.7714,ECMWF_ERA5_Reanalysis
2015-06-30,33.1,28.0,30.1,39.2,31.3,33.9,0.0,24.7,40.0,194,22.07,1007.5,loc_cuddalore,11.748,79.7714,ECMWF_ERA5_Reanalysis
2015-07-01,33.8,27.9,30.5,40.0,31.3,34.3,0.0,23.4,36.0,189,23.18,1007.7,loc_cuddalore,11.748,79.7714,ECMWF_ERA5_Reanalysis
2015-07-02,34.1,28.6,31.1,40.5,32.5,35.2,0.0,22.7,35.3,192,23.97,1007.7,loc_cuddalore,11.748,79.7714,ECMWF_ERA5_Reanalysis
2015-07-03,34.2,28.5,31.1,40.3,32.2,34.9,1.2,22.6,37.1,203,23.34,1007.4,loc_cuddalore,11.748,79.7714,ECMWF_ERA5_Reanalysis
2015-07-04,34.6,29.4,31.9,41.0,32.1,35.4,0.0,20.9,34.9,211,23.57,1006.6,loc_cuddalore,11.748,79.7714,ECMWF_ERA5_Reanalysis
2015-07-05,35.4,29.6,32.2,41.7,31.7,35.2,0.0,20.0,35.3,226,24.27,1004.8,loc_cuddalore,11.748,79.7714,ECMWF_ERA5_Reanalysis
2015-07-06,36.8,29.4,32.3,40.6,30.7,34.6,0.0,22.7,36.0,248,25.36,1003.9,loc_cuddalore,11.748,79.7714,ECMWF_ERA5_Reanalysis
2015-07-07,35.7,28.4,31.8,39.4,29.3,33.6,0.0,20.2,36.0,237,24.33,1003.7,loc_cuddalore,11.748,79.7714,ECMWF_ERA5_Reanalysis
2015-07-08,34.6,29.3,31.8,40.9,30.2,34.4,0.0,20.8,35.6,240,22.33,1004.4,loc_cuddalore,11.748,79.7714,ECMWF_ERA5_Reanalysis
2015-07-09,34.5,29.6,31.4,39.8,31.5,34.5,1.0,17.7,35.3,237,20.44,1005.2,loc_cuddalore,11.748,79.7714,ECMWF_ERA5_Reanalysis
2015-07-10,34.5,28.9,31.2,37.4,31.3,34.0,0.0,20.5,37.1,239,16.34,1003.9,loc_cuddalore,11.748,79.7714,ECMWF_ERA5_Reanalysis
2015-07-11,33.9,28.6,30.8,38.1,31.2,33.9,0.0,20.2,34.6,217,17.24,1004.3,loc_cuddalore,11.748,79.7714,ECMWF_ERA5_Reanalysis
2015-07-12,34.8,28.9,31.3,40.3,31.1,34.7,0.0,20.6,34.2,227,22.39,1004.4,loc_cuddalore,11.748,79.7714,ECMWF_ERA5_Reanalysis
2015-07-13,34.5,29.3,31.6,42.3,33.1,35.8,0.0,22.5,29.2,193,23.53,1003.7,loc_cuddalore,11.748,79.7714,ECMWF_ERA5_Reanalysis
2015-07-14,34.5,29.0,31.4,39.9,33.0,35.3,0.4,23.2,33.5,186,19.41,1003.0,loc_cuddalore,11.748,79.7714,ECMWF_ERA5_Reanalysis
2015-07-15,33.5,26.5,29.4,41.1,31.8,34.2,12.9,23.0,39.6,222,19.97,1002.2,loc_cuddalore,11.748,79.7714,ECMWF_ERA5_Reanalysis
2015-07-16,32.4,27.6,29.4,38.8,31.7,33.9,0.6,19.8,34.6,216,19.89,1001.5,loc_cuddalore,11.748,79.7714,ECMWF_ERA5_Reanalysis
2015-07-17,33.2,27.6,29.5,38.6,31.1,33.6,4.7,21.2,34.6,223,21.72,1002.3,loc_cuddalore,11.748,79.7714,ECMWF_ERA5_Reanalysis
2015-07-18,33.7,27.5,30.1,37.6,30.8,33.7,0.9,18.4,38.2,243,21.16,1003.5,loc_cuddalore,11.748,79.7714,ECMWF_ERA5_Reanalysis
2015-07-19,32.7,27.6,29.6,35.2,30.8,32.5,0.1,24.1,40.7,249,13.32,1004.0,loc_cuddalore,11.748,79.7714,ECMWF_ERA5_Reanalysis
2015-07-20,32.4,27.2,29.3,36.3,28.7,32.3,0.7,17.6,33.8,227,16.75,1003.4,loc_cuddalore,11.748,79.7714,ECMWF_ERA5_Reanalysis
2015-07-21,31.9,26.5,28.6,36.6,30.2,32.3,4.4,20.8,33.1,211,16.85,1003.6,loc_cuddalore,11.748,79.7714,ECMWF_ERA5_Reanalysis
2015-07-22,32.2,26.2,28.6,37.4,29.8,32.9,9.0,21.3,37.4,204,21.6,1004.5,loc_cuddalore,11.748,79.7714,ECMWF_ERA5_Reanalysis
2015-07-23,31.7,26.8,28.9,37.6,30.8,33.1,0.6,25.3,39.2,197,22.75,1005.7,loc_cuddalore,11.748,79.7714,ECMWF_ERA5_Reanalysis
2015-07-24,31.1,26.5,28.9,35.8,29.6,32.8,0.2,19.6,34.6,219,16.43,1006.8,loc_cuddalore,11.748,79.7714,ECMWF_ERA5_Reanalysis
2015-07-25,32.0,26.9,29.2,38.5,31.0,33.6,0.2,19.2,29.9,207,21.34,1006.5,loc_cuddalore,11.748,79.7714,ECMWF_ERA5_Reanalysis
2015-07-26,31.4,27.3,29.0,35.8,31.3,33.2,1.3,13.9,29.2,210,14.71,1006.9,loc_cuddalore,11.748,79.7714,ECMWF_ERA5_Reanalysis
2015-07-27,31.8,26.8,28.9,36.9,31.4,33.3,7.0,15.6,26.3,225,15.7,1007.6,loc_cuddalore,11.748,79.7714,ECMWF_ERA5_Reanalysis
2015-07-28,31.8,26.7,28.9,38.8,30.9,33.7,0.3,20.5,34.2,193,21.36,1008.1,loc_cuddalore,11.748,79.7714,ECMWF_ERA5_Reanalysis
2015-07-29,32.2,27.1,29.5,38.8,31.0,33.6,0.0,25.2,35.3,188,22.73,1007.4,loc_cuddalore,11.748,79.7714,ECMWF_ERA5_Reanalysis
2015-07-30,32.5,27.2,29.7,38.8,30.2,33.2,0.0,25.5,38.2,192,22.39,1007.1,loc_cuddalore,11.748,79.7714,ECMWF_ERA5_Reanalysis
2015-07-31,32.8,27.6,29.7,39.1,30.4,33.3,1.4,24.9,37.8,198,20.35,1006.8,loc_cuddalore,11.748,79.7714,ECMWF_ERA5_Reanalysis
2015-08-01,32.6,26.5,29.5,36.7,29.9,32.9,2.5,18.9,31.7,232,18.61,1007.8,loc_cuddalore,11.748,79.7714,ECMWF_ERA5_Reanalysis
2015-08-02,29.6,26.3,28.0,34.2,30.3,32.2,2.6,22.0,35.6,213,12.28,1008.1,loc_cuddalore,11.748,79.7714,ECMWF_ERA5_Reanalysis
2015-08-03,32.3,27.0,29.1,37.8,29.5,32.6,1.6,22.1,32.8,215,19.75,1006.6,loc_cuddalore,11.748,79.7714,ECMWF_ERA5_Reanalysis
2015-08-04,32.4,27.1,29.3,38.1,30.7,33.0,2.3,19.9,35.6,202,20.4,1006.2,loc_cuddalore,11.748,79.7714,ECMWF_ERA5_Reanalysis
2015-08-05,32.5,26.9,29.1,38.4,30.1,33.0,3.2,20.4,32.4,210,20.97,1005.9,loc_cuddalore,11.748,79.7714,ECMWF_ERA5_Reanalysis
2015-08-06,32.4,26.9,29.5,38.7,29.9,33.1,0.4,21.6,31.3,217,22.03,1004.7,loc_cuddalore,11.748,79.7714,ECMWF_ERA5_Reanalysis
2015-08-07,33.0,27.7,30.1,38.9,30.4,33.8,0.1,20.1,33.1,215,21.0,1004.3,loc_cuddalore,11.748,79.7714,ECMWF_ERA5_Reanalysis
2015-08-08,33.5,28.4,30.6,39.9,31.0,34.0,0.2,21.6,34.9,217,21.72,1004.1,loc_cuddalore,11.748,79.7714,ECMWF_ERA5_Reanalysis
2015-08-09,33.2,27.1,30.0,38.3,31.4,34.0,2.9,18.7,30.2,219,18.13,1002.6,loc_cuddalore,11.748,79.7714,ECMWF_ERA5_Reanalysis
2015-08-10,32.8,26.5,29.4,37.7,30.4,33.4,9.9,18.2,29.9,225,17.71,1002.3,loc_cuddalore,11.748,79.7714,ECMWF_ERA5_Reanalysis
2015-08-11,31.8,27.4,29.2,38.0,31.1,33.8,4.2,20.4,30.2,212,18.2,1003.9,loc_cuddalore,11.748,79.7714,ECMWF_ERA5_Reanalysis
2015-08-12,31.5,28.0,29.6,36.9,31.4,33.9,0.1,16.2,25.9,230,17.11,1005.1,loc_cuddalore,11.748,79.7714,ECMWF_ERA5_Reanalysis
2015-08-13,32.1,27.7,29.7,38.3,31.1,34.0,0.6,18.5,29.5,218,19.1,1005.1,loc_cuddalore,11.748,79.7714,ECMWF_ERA5_Reanalysis
2015-08-14,32.5,27.8,29.9,39.6,31.6,34.5,0.6,16.9,35.3,177,22.46,1005.3,loc_cuddalore,11.748,79.7714,ECMWF_ERA5_Reanalysis
2015-08-15,32.0,27.3,29.5,38.1,32.2,34.4,3.3,16.9,27.0,190,20.17,1006.3,loc_cuddalore,11.748,79.7714,ECMWF_ERA5_Reanalysis
2015-08-16,32.3,26.7,28.8,39.3,31.6,34.0,3.6,13.8,28.4,201,21.1,1007.7,loc_cuddalore,11.748,79.7714,ECMWF_ERA5_Reanalysis
2015-08-17,30.7,25.8,28.1,37.0,30.2,32.8,2.5,16.8,30.2,144,21.88,1007.0,loc_cuddalore,11.748,79.7714,ECMWF_ERA5_Reanalysis
2015-08-18,30.4,26.8,28.4,35.6,31.1,32.9,0.4,18.1,31.7,151,21.68,1007.6,loc_cuddalore,11.748,79.7714,ECMWF_ERA5_Reanalysis
2015-08-19,31.1,26.5,28.6,36.1,30.5,32.6,0.6,23.3,33.8,172,21.11,1008.5,loc_cuddalore,11.748,79.7714,ECMWF_ERA5_Reanalysis
2015-08-20,32.9,27.2,29.9,38.6,30.4,33.5,0.0,24.4,36.4,190,23.22,1008.1,loc_cuddalore,11.748,79.7714,ECMWF_ERA5_Reanalysis
2015-08-21,33.0,27.7,29.7,39.3,31.9,34.1,2.5,21.4,36.0,191,21.12,1008.2,loc_cuddalore,11.748,79.7714,ECMWF_ERA5_Reanalysis
2015-08-22,29.9,26.7,28.0,34.4,31.5,32.5,6.0,18.1,25.9,234,10.66,1007.7,loc_cuddalore,11.748,79.7714,ECMWF_ERA5_Reanalysis
2015-08-23,31.5,25.5,27.7,36.6,29.1,31.9,11.3,16.9,28.4,222,14.09,1007.2,loc_cuddalore,11.748,79.7714,ECMWF_ERA5_Reanalysis
2015-08-24,32.3,26.5,29.0,38.2,30.3,33.4,0.4,14.8,26.3,221,19.44,1007.3,loc_cuddalore,11.748,79.7714,ECMWF_ERA5_Reanalysis
2015-08-25,33.2,27.3,29.9,39.4,30.5,34.1,0.0,19.1,27.4,222,23.98,1006.1,loc_cuddalore,11.748,79.7714,ECMWF_ERA5_Reanalysis
2015-08-26,32.5,27.6,29.7,36.4,30.2,33.0,0.0,20.9,31.3,212,15.87,1005.0,loc_cuddalore,11.748,79.7714,ECMWF_ERA5_Reanalysis
2015-08-27,32.8,27.4,29.4,38.1,30.6,33.5,0.8,20.0,30.6,210,17.27,1005.0,loc_cuddalore,11.748,79.7714,ECMWF_ERA5_Reanalysis
2015-08-28,32.7,27.1,29.5,38.4,31.5,33.7,0.0,20.6,35.3,191,21.77,1006.0,loc_cuddalore,11.748,79.7714,ECMWF_ERA5_Reanalysis
2015-08-29,33.3,27.2,30.0,39.5,30.3,33.7,0.0,24.6,34.9,189,24.89,1005.6,loc_cuddalore,11.748,79.7714,ECMWF_ERA5_Reanalysis
2015-08-30,33.1,27.7,30.1,39.4,31.4,34.1,0.0,23.5,36.0,185,23.4,1006.4,loc_cuddalore,11.748,79.7714,ECMWF_ERA5_Reanalysis
2015-08-31,33.6,28.1,30.4,40.1,31.4,34.4,0.0,20.2,32.0,176,23.61,1007.1,loc_cuddalore,11.748,79.7714,ECMWF_ERA5_Reanalysis
2015-09-01,33.2,27.9,30.3,40.4,31.2,34.4,0.0,21.7,31.7,183,22.65,1006.2,loc_cuddalore,11.748,79.7714,ECMWF_ERA5_Reanalysis
2015-09-02,33.0,27.8,29.8,40.0,30.8,34.0,1.4,23.5,35.3,178,21.87,1005.8,loc_cuddalore,11.748,79.7714,ECMWF_ERA5_Reanalysis
2015-09-03,31.3,27.2,29.0,37.5,31.3,33.9,2.7,19.8,31.0,161,20.25,1007.5,loc_cuddalore,11.748,79.7714,ECMWF_ERA5_Reanalysis
2015-09-04,31.4,25.7,28.5,38.4,30.4,33.4,3.9,19.1,33.1,174,23.01,1009.3,loc_cuddalore,11.748,79.7714,ECMWF_ERA5_Reanalysis
2015-09-05,30.5,26.1,28.2,36.4,30.2,32.7,10.8,22.1,30.2,188,18.93,1010.1,loc_cuddalore,11.748,79.7714,ECMWF_ERA5_Reanalysis
2015-09-06,31.7,26.9,29.0,36.3,29.8,32.2,0.1,24.4,39.2,199,19.56,1009.4,loc_cuddalore,11.748,79.7714,ECMWF_ERA5_Reanalysis
2015-09-07,30.8,26.9,28.4,34.3,30.2,31.6,1.3,23.1,34.9,207,14.09,1009.6,loc_cuddalore,11.748,79.7714,ECMWF_ERA5_Reanalysis
2015-09-08,31.3,26.6,28.7,34.9,29.9,32.4,0.0,18.2,26.3,206,14.74,1008.9,loc_cuddalore,11.748,79.7714,ECMWF_ERA5_Reanalysis
2015-09-09,32.3,26.9,29.5,37.5,30.0,33.4,0.0,19.7,29.2,197,22.73,1008.1,loc_cuddalore,11.748,79.7714,ECMWF_ERA5_Reanalysis
2015-09-10,31.9,27.2,29.2,36.7,30.4,32.9,1.1,18.4,32.0,201,18.1,1007.9,loc_cuddalore,11.748,79.7714,ECMWF_ERA5_Reanalysis
2015-09-11,32.3,27.4,29.5,38.0,30.5,33.2,0.0,23.0,35.6,201,19.88,1007.0,loc_cuddalore,11.748,79.7714,ECMWF_ERA5_Reanalysis
2015-09-12,32.5,27.6,29.5,38.3,30.2,33.1,1.0,21.7,33.8,203,20.42,1007.1,loc_cuddalore,11.748,79.7714,ECMWF_ERA5_Reanalysis
2015-09-13,32.7,27.1,29.7,39.4,30.5,33.6,0.0,20.8,30.6,204,22.75,1007.3,loc_cuddalore,11.748,79.7714,ECMWF_ERA5_Reanalysis
2015-09-14,32.4,27.5,30.1,38.4,29.7,33.5,0.0,18.6,29.5,220,21.05,1006.4,loc_cuddalore,11.748,79.7714,ECMWF_ERA5_Reanalysis
2015-09-15,32.8,27.2,30.2,37.3,28.8,32.9,0.0,17.8,30.6,225,19.74,1005.1,loc_cuddalore,11.748,79.7714,ECMWF_ERA5_Reanalysis
2015-09-16,34.1,28.4,31.0,37.8,29.7,33.9,0.0,16.9,33.8,242,21.67,1003.3,loc_cuddalore,11.748,79.7714,ECMWF_ERA5_Reanalysis
2015-09-17,33.2,28.7,30.7,39.1,31.1,34.2,0.1,21.6,35.6,218,20.08,1002.7,loc_cuddalore,11.748,79.7714,ECMWF_ERA5_Reanalysis
2015-09-18,32.7,28.2,30.5,38.2,31.3,34.2,0.0,19.2,30.2,198,19.43,1003.3,loc_cuddalore,11.748,79.7714,ECMWF_ERA5_Reanalysis
2015-09-19,31.9,29.5,30.5,37.0,32.4,34.1,0.0,20.5,34.9,193,13.32,1004.5,loc_cuddalore,11.748,79.7714,ECMWF_ERA5_Reanalysis
2015-09-20,33.5,27.6,30.1,40.4,32.3,34.7,1.2,17.3,30.6,191,20.55,1004.7,loc_cuddalore,11.748,79.7714,ECMWF_ERA5_Reanalysis
2015-09-21,32.6,27.4,29.8,39.4,33.0,35.1,0.1,20.3,31.7,145,22.42,1006.1,loc_cuddalore,11.748,79.7714,ECMWF_ERA5_Reanalysis
2015-09-22,32.8,27.7,29.8,39.0,32.1,34.5,0.0,17.7,30.2,157,23.35,1006.7,loc_cuddalore,11.748,79.7714,ECMWF_ERA5_Reanalysis
2015-09-23,32.1,27.5,29.5,38.4,33.2,34.7,0.6,19.3,32.0,155,22.0,1008.3,loc_cuddalore,11.748,79.7714,ECMWF_ERA5_Reanalysis
2015-09-24,32.5,27.5,29.6,38.3,32.4,34.3,0.2,24.5,36.7,165,23.32,1007.7,loc_cuddalore,11.748,79.7714,ECMWF_ERA5_Reanalysis
2015-09-25,32.8,26.9,29.5,38.9,31.3,33.9,1.0,21.7,34.2,174,22.74,1006.3,loc_cuddalore,11.748,79.7714,ECMWF_ERA5_Reanalysis
2015-09-26,33.3,26.1,29.6,40.7,31.1,34.6,13.4,17.3,33.1,186,23.02,1006.4,loc_cuddalore,11.748,79.7714,ECMWF_ERA5_Reanalysis
2015-09-27,31.4,25.8,28.7,37.7,30.1,34.1,5.0,12.9,24.8,7,21.51,1006.7,loc_cuddalore,11.748,79.7714,ECMWF_ERA5_Reanalysis
2015-09-28,30.4,25.8,27.7,37.0,29.8,32.6,3.5,14.2,25.6,13,20.97,1006.4,loc_cuddalore,11.748,79.7714,ECMWF_ERA5_Reanalysis
2015-09-29,29.0,25.7,27.2,34.9,30.2,32.1,2.8,13.8,24.5,154,14.13,1006.7,loc_cuddalore,11.748,79.7714,ECMWF_ERA5_Reanalysis
2015-09-30,28.6,24.8,26.8,33.3,29.6,31.5,4.0,12.4,25.2,178,14.52,1008.4,loc_cuddalore,11.748,79.7714,ECMWF_ERA5_Reanalysis
2015-10-01,29.6,25.5,27.3,34.1,29.4,31.2,4.4,18.8,33.1,190,15.2,1009.4,loc_cuddalore,11.748,79.7714,ECMWF_ERA5_Reanalysis
2015-10-02,32.1,26.2,29.0,37.9,29.5,33.1,0.2,20.2,31.7,202,21.9,1009.9,loc_cuddalore,11.748,79.7714,ECMWF_ERA5_Reanalysis
2015-10-03,31.1,26.8,29.0,37.1,31.7,34.1,0.0,13.9,23.8,201,15.88,1010.0,loc_cuddalore,11.748,79.7714,ECMWF_ERA5_Reanalysis
2015-10-04,31.2,26.3,28.6,37.5,31.5,33.8,8.2,13.4,25.6,229,15.54,1009.5,loc_cuddalore,11.748,79.7714,ECMWF_ERA5_Reanalysis
2015-10-05,29.1,26.1,27.2,34.0,30.1,31.7,3.3,17.8,33.5,226,9.76,1008.9,loc_cuddalore,11.748,79.7714,ECMWF_ERA5_Reanalysis
2015-10-06,31.4,25.8,28.0,38.5,29.9,32.7,4.9,14.4,23.8,211,19.04,1007.7,loc_cuddalore,11.748,79.7714,ECMWF_ERA5_Reanalysis
2015-10-07,31.7,26.2,28.8,38.1,31.2,33.7,0.0,17.3,27.0,193,21.23,1007.7,loc_cuddalore,11.748,79.7714,ECMWF_ERA5_Reanalysis
2015-10-08,32.7,27.3,29.6,38.8,32.1,34.3,0.6,20.5,27.0,195,22.67,1008.0,loc_cuddalore,11.748,79.7714,ECMWF_ERA5_Reanalysis
2015-10-09,32.6,27.6,29.5,38.4,30.3,33.6,1.1,21.1,31.3,195,21.21,1007.9,loc_cuddalore,11.748,79.7714,ECMWF_ERA5_Reanalysis
2015-10-10,33.4,27.1,29.6,39.5,30.2,33.9,0.4,21.5,32.4,209,21.46,1008.6,loc_cuddalore,11.748,79.7714,ECMWF_ERA5_Reanalysis
2015-10-11,30.8,26.6,28.4,38.6,31.3,33.8,4.7,11.7,20.2,198,16.28,1009.9,loc_cuddalore,11.748,79.7714,ECMWF_ERA5_Reanalysis
2015-10-12,29.6,25.3,27.5,36.3,29.5,32.6,10.9,11.8,22.3,229,14.5,1010.6,loc_cuddalore,11.748,79.7714,ECMWF_ERA5_Reanalysis
2015-10-13,30.5,26.4,28.3,37.4,31.2,33.4,0.0,12.8,23.8,146,23.03,1010.5,loc_cuddalore,11.748,79.7714,ECMWF_ERA5_Reanalysis
2015-10-14,30.6,25.2,28.0,37.4,30.6,33.0,0.0,11.9,20.9,134,22.77,1010.9,loc_cuddalore,11.748,79.7714,ECMWF_ERA5_Reanalysis
2015-10-15,30.9,24.9,28.2,36.8,29.5,32.6,0.0,11.6,22.3,142,22.24,1010.6,loc_cuddalore,11.748,79.7714,ECMWF_ERA5_Reanalysis
2015-10-16,30.9,25.7,28.4,35.9,31.2,32.6,0.0,15.8,27.7,85,21.94,1010.8,loc_cuddalore,11.748,79.7714,ECMWF_ERA5_Reanalysis
2015-10-17,31.4,24.9,28.4,35.9,29.3,32.5,0.0,16.3,27.4,60,21.15,1011.2,loc_cuddalore,11.748,79.7714,ECMWF_ERA5_Reanalysis
2015-10-18,29.6,25.9,27.5,35.2,30.6,32.3,4.6,15.6,28.4,68,17.12,1011.9,loc_cuddalore,11.748,79.7714,ECMWF_ERA5_Reanalysis
2015-10-19,30.4,25.7,28.0,35.4,31.2,33.0,1.6,17.9,30.2,72,19.5,1011.3,loc_cuddalore,11.748,79.7714,ECMWF_ERA5_Reanalysis
2015-10-20,29.9,25.3,27.8,35.8,30.7,33.2,0.9,12.3,22.7,75,19.76,1009.9,loc_cuddalore,11.748,79.7714,ECMWF_ERA5_Reanalysis
2015-10-21,30.6,25.0,28.2,35.3,30.6,33.1,0.5,14.5,24.5,72,19.65,1009.4,loc_cuddalore,11.748,79.7714,ECMWF_ERA5_Reanalysis
2015-10-22,31.0,25.8,28.3,35.4,30.5,32.3,0.0,16.5,29.5,49,22.15,1010.2,loc_cuddalore,11.748,79.7714,ECMWF_ERA5_Reanalysis
2015-10-23,29.6,25.2,27.5,33.9,28.9,31.6,2.4,17.7,31.7,25,18.15,1010.0,loc_cuddalore,11.748,79.7714,ECMWF_ERA5_Reanalysis
2015-10-24,29.6,26.0,27.7,33.6,29.2,31.0,4.2,21.8,36.7,49,16.37,1009.7,loc_cuddalore,11.748,79.7714,ECMWF_ERA5_Reanalysis
2015-10-25,30.2,26.0,27.9,34.0,29.1,31.2,1.1,21.1,35.3,43,20.5,1010.7,loc_cuddalore,11.748,79.7714,ECMWF_ERA5_Reanalysis
2015-10-26,30.0,25.2,27.7,32.6,28.9,31.0,2.0,21.4,36.4,33,17.59,1011.1,loc_cuddalore,11.748,79.7714,ECMWF_ERA5_Reanalysis
2015-10-27,28.8,25.3,27.2,32.8,28.8,31.0,6.6,18.2,29.9,25,14.03,1010.8,loc_cuddalore,11.748,79.7714,ECMWF_ERA5_Reanalysis
2015-10-28,27.9,24.5,26.1,32.2,28.7,30.7,19.8,13.0,24.1,53,9.63,1011.0,loc_cuddalore,11.748,79.7714,ECMWF_ERA5_Reanalysis
2015-10-29,27.5,25.1,26.4,31.5,29.2,30.1,4.8,22.2,35.6,32,13.49,1010.3,loc_cuddalore,11.748,79.7714,ECMWF_ERA5_Reanalysis
2015-10-30,27.8,24.9,26.0,32.2,29.2,30.3,25.4,14.7,29.9,48,11.54,1009.2,loc_cuddalore,11.748,79.7714,ECMWF_ERA5_Reanalysis
2015-10-31,27.4,24.6,25.8,32.3,29.3,30.6,17.9,14.5,23.8,53,6.74,1009.2,loc_cuddalore,11.748,79.7714,ECMWF_ERA5_Reanalysis
2015-11-01,28.4,24.8,25.9,33.3,28.8,30.3,21.0,15.3,28.8,182,11.32,1010.4,loc_cuddalore,11.748,79.7714,ECMWF_ERA5_Reanalysis
2015-11-02,27.8,24.7,26.2,32.4,29.2,30.8,7.5,12.4,23.4,184,12.22,1011.5,loc_cuddalore,11.748,79.7714,ECMWF_ERA5_Reanalysis
2015-11-03,29.0,24.6,26.9,34.7,29.4,32.0,1.6,12.5,23.0,157,17.87,1011.3,loc_cuddalore,11.748,79.7714,ECMWF_ERA5_Reanalysis
2015-11-04,29.1,25.2,26.8,35.0,30.2,31.9,9.6,15.0,26.3,33,16.86,1010.6,loc_cuddalore,11.748,79.7714,ECMWF_ERA5_Reanalysis
2015-11-05,28.2,24.7,26.3,33.8,29.4,31.4,2.1,12.2,23.4,17,14.91,1010.3,loc_cuddalore,11.748,79.7714,ECMWF_ERA5_Reanalysis
2015-11-06,28.9,24.6,26.3,32.6,29.0,30.5,7.7,19.9,32.4,28,16.24,1009.5,loc_cuddalore,11.748,79.7714,ECMWF_ERA5_Reanalysis
2015-11-07,27.1,24.7,25.9,31.6,28.9,29.9,11.6,20.5,32.8,29,11.98,1009.9,loc_cuddalore,11.748,79.7714,ECMWF_ERA5_Reanalysis
2015-11-08,25.9,24.8,25.2,29.1,25.8,27.4,77.2,36.6,51.8,351,3.97,1008.7,loc_cuddalore,11.748,79.7714,ECMWF_ERA5_Reanalysis
2015-11-09,25.6,23.9,24.9,29.7,22.5,26.3,142.7,42.5,61.9,291,3.64,1001.9,loc_cuddalore,11.748,79.7714,ECMWF_ERA5_Reanalysis
2015-11-10,25.8,23.0,24.4,28.2,21.1,24.6,7.5,41.2,66.2,213,7.28,1004.7,loc_cuddalore,11.748,79.7714,ECMWF_ERA5_Reanalysis
2015-11-11,28.4,25.1,26.5,33.7,28.3,30.8,3.5,11.9,21.2,121,15.92,1008.4,loc_cuddalore,11.748,79.7714,ECMWF_ERA5_Reanalysis
2015-11-12,28.1,24.7,26.2,33.0,28.7,30.6,7.4,14.1,25.2,22,14.99,1010.7,loc_cuddalore,11.748,79.7714,ECMWF_ERA5_Reanalysis
2015-11-13,25.9,20.7,24.2,29.6,19.7,26.1,53.9,25.7,47.2,1,4.89,1011.3,loc_cuddalore,11.748,79.7714,ECMWF_ERA5_Reanalysis
2015-11-14,26.1,24.1,25.2,29.6,25.2,28.2,28.9,22.7,35.6,10,5.62,1009.3,loc_cuddalore,11.748,79.7714,ECMWF_ERA5_Reanalysis
2015-11-15,25.2,24.4,24.8,29.9,26.4,28.0,71.6,21.8,37.4,9,3.53,1007.2,loc_cuddalore,11.748,79.7714,ECMWF_ERA5_Reanalysis
2015-11-16,26.9,23.8,25.2,30.2,27.1,28.6,34.4,22.1,36.0,318,8.38,1006.1,loc_cuddalore,11.748,79.7714,ECMWF_ERA5_Reanalysis
2015-11-17,28.0,24.1,25.9,31.1,26.6,28.7,0.0,14.2,23.4,321,15.01,1006.9,loc_cuddalore,11.748,79.7714,ECMWF_ERA5_Reanalysis
2015-11-18,27.7,24.1,25.9,32.2,26.4,29.6,1.7,14.2,21.2,7,14.4,1008.3,loc_cuddalore,11.748,79.7714,ECMWF_ERA5_Reanalysis
2015-11-19,27.1,24.6,25.7,32.3,29.3,30.7,8.0,10.5,19.8,65,8.32,1009.5,loc_cuddalore,11.748,79.7714,ECMWF_ERA5_Reanalysis
2015-11-20,27.2,24.5,25.8,32.0,28.9,30.4,11.6,15.3,28.8,69,14.45,1009.9,loc_cuddalore,11.748,79.7714,ECMWF_ERA5_Reanalysis
2015-11-21,27.1,24.6,25.7,31.3,28.5,29.4,7.3,20.1,32.8,42,14.56,1009.8,loc_cuddalore,11.748,79.7714,ECMWF_ERA5_Reanalysis
2015-11-22,26.7,24.8,25.5,31.1,27.9,29.2,23.9,20.3,33.8,66,7.37,1009.9,loc_cuddalore,11.748,79.7714,ECMWF_ERA5_Reanalysis
2015-11-23,26.9,24.5,25.4,30.8,28.5,29.5,18.9,16.9,28.8,54,9.7,1011.0,loc_cuddalore,11.748,79.7714,ECMWF_ERA5_Reanalysis
2015-11-24,28.2,24.1,26.3,32.2,28.2,29.9,4.3,18.8,28.8,33,15.05,1011.3,loc_cuddalore,11.748,79.7714,ECMWF_ERA5_Reanalysis
2015-11-25,28.4,24.2,26.1,31.8,27.5,29.1,0.4,20.2,32.0,21,19.05,1010.9,loc_cuddalore,11.748,79.7714,ECMWF_ERA5_Reanalysis
2015-11-26,27.1,24.1,25.7,30.4,27.2,28.9,1.4,21.3,34.2,28,15.12,1010.9,loc_cuddalore,11.748,79.7714,ECMWF_ERA5_Reanalysis
2015-11-27,28.3,24.8,26.2,32.5,28.0,29.4,5.7,17.8,27.0,33,16.48,1010.1,loc_cuddalore,11.748,79.7714,ECMWF_ERA5_Reanalysis
2015-11-28,27.7,23.4,25.9,30.6,26.0,28.3,0.0,19.1,31.7,19,18.36,1011.7,loc_cuddalore,11.748,79.7714,ECMWF_ERA5_Reanalysis
2015-11-29,27.1,24.9,25.7,31.4,27.5,29.1,10.3,19.6,33.5,40,12.04,1012.1,loc_cuddalore,11.748,79.7714,ECMWF_ERA5_Reanalysis
2015-11-30,26.5,24.6,25.3,29.9,27.5,28.6,10.6,21.3,34.9,34,9.26,1012.3,loc_cuddalore,11.748,79.7714,ECMWF_ERA5_Reanalysis
2015-12-01,25.8,24.6,25.1,29.6,27.1,28.5,33.3,22.1,35.3,63,4.2,1010.3,loc_cuddalore,11.748,79.7714,ECMWF_ERA5_Reanalysis
2015-12-02,25.5,24.5,25.0,29.7,27.7,28.9,62.7,20.4,31.7,65,2.89,1010.6,loc_cuddalore,11.748,79.7714,ECMWF_ERA5_Reanalysis
2015-12-03,25.3,24.5,24.9,28.1,26.3,27.2,55.1,29.0,45.0,24,2.85,1010.4,loc_cuddalore,11.748,79.7714,ECMWF_ERA5_Reanalysis
2015-12-04,26.2,24.2,24.9,28.1,25.9,27.0,49.7,30.4,48.2,21,4.98,1010.4,loc_cuddalore,11.748,79.7714,ECMWF_ERA5_Reanalysis
2015-12-05,25.6,24.7,25.1,28.5,27.0,27.7,48.9,24.3,40.3,39,4.24,1010.5,loc_cuddalore,11.748,79.7714,ECMWF_ERA5_Reanalysis
2015-12-06,26.0,24.8,25.4,29.3,27.6,28.3,20.0,22.7,34.6,42,5.26,1011.1,loc_cuddalore,11.748,79.7714,ECMWF_ERA5_Reanalysis
2015-12-07,26.3,24.8,25.4,29.0,26.9,27.8,19.7,24.0,38.2,28,5.63,1011.6,loc_cuddalore,11.748,79.7714,ECMWF_ERA5_Reanalysis
2015-12-08,26.6,24.8,25.5,28.8,26.8,27.7,10.3,26.0,39.6,25,5.78,1012.2,loc_cuddalore,11.748,79.7714,ECMWF_ERA5_Reanalysis
2015-12-09,26.9,24.3,25.5,30.9,26.4,28.8,3.4,19.8,35.6,26,13.26,1012.5,loc_cuddalore,11.748,79.7714,ECMWF_ERA5_Reanalysis
2015-12-10,27.2,24.7,25.9,31.0,28.4,29.4,3.5,24.0,37.4,39,14.5,1012.4,loc_cuddalore,11.748,79.7714,ECMWF_ERA5_Reanalysis
2015-12-11,27.6,24.5,26.0,33.1,28.8,30.6,2.9,13.0,24.5,63,14.8,1011.4,loc_cuddalore,11.748,79.7714,ECMWF_ERA5_Reanalysis
2015-12-12,27.9,25.3,26.3,32.4,29.4,30.4,0.2,11.7,23.8,88,10.59,1010.5,loc_cuddalore,11.748,79.7714,ECMWF_ERA5_Reanalysis
2015-12-13,28.1,23.4,26.3,32.5,27.3,29.9,0.0,11.2,20.5,64,17.41,1010.7,loc_cuddalore,11.748,79.7714,ECMWF_ERA5_Reanalysis
2015-12-14,28.0,24.2,26.3,32.6,28.1,30.3,0.6,13.1,22.0,55,15.05,1011.2,loc_cuddalore,11.748,79.7714,ECMWF_ERA5_Reanalysis
2015-12-15,27.4,24.8,26.0,30.8,27.7,29.4,0.9,20.1,33.5,60,15.21,1011.3,loc_cuddalore,11.748,79.7714,ECMWF_ERA5_Reanalysis
2015-12-16,27.4,23.9,25.6,31.3,26.7,28.3,0.0,10.8,18.7,41,17.8,1012.4,loc_cuddalore,11.748,79.7714,ECMWF_ERA5_Reanalysis
2015-12-17,27.7,24.0,25.9,30.7,26.4,28.5,0.0,14.3,24.5,36,14.67,1011.9,loc_cuddalore,11.748,79.7714,ECMWF_ERA5_Reanalysis
2015-12-18,27.9,24.7,26.3,31.6,27.9,29.6,0.4,14.4,25.6,59,15.76,1012.5,loc_cuddalore,11.748,79.7714,ECMWF_ERA5_Reanalysis
2015-12-19,27.5,24.3,26.1,31.2,28.5,29.9,0.5,15.0,26.6,70,15.49,1014.3,loc_cuddalore,11.748,79.7714,ECMWF_ERA5_Reanalysis
2015-12-20,27.9,24.9,26.2,31.3,28.0,29.4,0.9,17.6,30.6,58,17.33,1014.1,loc_cuddalore,11.748,79.7714,ECMWF_ERA5_Reanalysis
2015-12-21,27.8,23.7,25.5,31.7,26.7,28.8,0.0,11.3,20.5,59,19.3,1014.0,loc_cuddalore,11.748,79.7714,ECMWF_ERA5_Reanalysis
2015-12-22,28.2,22.5,25.7,32.7,25.9,29.2,0.0,13.6,19.8,57,19.11,1014.5,loc_cuddalore,11.748,79.7714,ECMWF_ERA5_Reanalysis
2015-12-23,28.2,24.4,26.3,32.0,27.9,29.4,0.2,15.1,25.6,49,17.89,1014.4,loc_cuddalore,11.748,79.7714,ECMWF_ERA5_Reanalysis
2015-12-24,28.5,24.5,26.2,32.1,27.8,29.2,0.9,17.1,27.0,41,17.95,1013.5,loc_cuddalore,11.748,79.7714,ECMWF_ERA5_Reanalysis
2015-12-25,28.2,23.7,26.0,30.9,26.8,28.5,0.9,21.1,33.8,29,17.08,1013.4,loc_cuddalore,11.748,79.7714,ECMWF_ERA5_Reanalysis
2015-12-26,28.2,23.7,25.8,29.8,26.1,27.7,0.0,25.6,41.0,23,17.36,1013.8,loc_cuddalore,11.748,79.7714,ECMWF_ERA5_Reanalysis
2015-12-27,27.5,24.7,26.0,27.8,26.6,27.2,2.1,33.2,51.5,33,14.53,1014.8,loc_cuddalore,11.748,79.7714,ECMWF_ERA5_Reanalysis
2015-12-28,27.9,24.7,26.1,28.0,25.9,26.8,0.0,27.1,42.5,28,15.38,1016.2,loc_cuddalore,11.748,79.7714,ECMWF_ERA5_Reanalysis
2015-12-29,27.9,23.5,25.7,29.6,24.4,26.9,0.0,23.9,38.9,23,15.99,1015.2,loc_cuddalore,11.748,79.7714,ECMWF_ERA5_Reanalysis
2015-12-30,28.2,23.2,25.6,29.9,25.3,27.2,0.0,20.5,34.6,26,19.71,1014.1,loc_cuddalore,11.748,79.7714,ECMWF_ERA5_Reanalysis
2015-12-31,28.5,23.4,25.9,29.6,25.3,27.0,0.0,23.2,38.9,35,17.66,1014.7,loc_cuddalore,11.748,79.7714,ECMWF_ERA5_Reanalysis
2016-01-01,28.4,24.5,26.3,28.7,25.9,26.8,0.0,26.3,41.8,30,16.21,1015.9,loc_cuddalore,11.748,79.7714,ECMWF_ERA5_Reanalysis
2016-01-02,28.4,23.2,25.6,29.3,25.0,26.7,0.0,23.7,38.5,23,18.49,1016.3,loc_cuddalore,11.748,79.7714,ECMWF_ERA5_Reanalysis
2016-01-03,28.6,21.9,25.2,31.0,24.0,27.1,0.0,16.8,29.2,23,20.67,1015.3,loc_cuddalore,11.748,79.7714,ECMWF_ERA5_Reanalysis
2016-01-04,28.7,23.0,25.7,30.8,25.6,27.8,0.0,19.1,32.8,31,20.2,1015.2,loc_cuddalore,11.748,79.7714,ECMWF_ERA5_Reanalysis
2016-01-05,28.1,23.4,25.7,29.2,25.3,27.1,0.1,19.9,33.1,35,15.35,1014.5,loc_cuddalore,11.748,79.7714,ECMWF_ERA5_Reanalysis
2016-01-06,28.2,24.7,26.2,29.3,26.4,27.5,0.0,21.9,35.6,34,13.56,1014.3,loc_cuddalore,11.748,79.7714,ECMWF_ERA5_Reanalysis
2016-01-07,28.0,24.2,25.9,29.5,25.8,27.1,0.0,19.6,32.8,42,16.86,1015.2,loc_cuddalore,11.748,79.7714,ECMWF_ERA5_Reanalysis
2016-01-08,28.7,23.9,26.0,30.0,25.5,27.1,0.0,21.1,35.6,34,19.23,1015.1,loc_cuddalore,11.748,79.7714,ECMWF_ERA5_Reanalysis
2016-01-09,27.8,23.4,25.5,30.0,25.2,27.1,0.0,16.4,28.8,43,19.11,1013.6,loc_cuddalore,11.748,79.7714,ECMWF_ERA5_Reanalysis
2016-01-10,27.9,23.6,25.6,29.6,25.1,26.9,0.0,16.1,28.4,46,18.0,1014.5,loc_cuddalore,11.748,79.7714,ECMWF_ERA5_Reanalysis
2016-01-11,27.8,23.0,25.3,29.4,24.2,26.5,0.0,16.9,29.5,42,18.78,1014.8,loc_cuddalore,11.748,79.7714,ECMWF_ERA5_Reanalysis
2016-01-12,28.1,22.9,25.4,29.9,24.5,26.8,0.0,16.1,28.8,40,20.25,1013.3,loc_cuddalore,11.748,79.7714,ECMWF_ERA5_Reanalysis
2016-01-13,28.0,23.0,25.4,30.8,24.9,27.2,0.0,13.7,24.8,50,19.23,1012.7,loc_cuddalore,11.748,79.7714,ECMWF_ERA5_Reanalysis
2016-01-14,28.1,23.2,25.5,29.5,24.8,26.5,0.0,18.4,32.4,47,20.55,1012.9,loc_cuddalore,11.748,79.7714,ECMWF_ERA5_Reanalysis
2016-01-15,27.9,23.5,25.5,28.7,24.6,26.0,0.0,18.0,30.2,52,18.14,1012.3,loc_cuddalore,11.748,79.7714,ECMWF_ERA5_Reanalysis
2016-01-16,27.8,22.2,25.0,29.9,23.5,26.2,0.0,18.4,28.4,48,21.17,1011.6,loc_cuddalore,11.748,79.7714,ECMWF_ERA5_Reanalysis
2016-01-17,27.9,22.5,25.3,30.5,24.2,26.9,0.0,15.4,27.0,53,20.16,1011.4,loc_cuddalore,11.748,79.7714,ECMWF_ERA5_Reanalysis
2016-01-18,28.3,22.8,25.8,30.2,25.0,27.5,0.0,16.5,27.7,74,16.1,1010.6,loc_cuddalore,11.748,79.7714,ECMWF_ERA5_Reanalysis
2016-01-19,28.9,24.1,26.7,31.5,27.3,28.7,0.0,16.3,27.7,90,17.12,1010.6,loc_cuddalore,11.748,79.7714,ECMWF_ERA5_Reanalysis
2016-01-20,28.2,24.9,26.6,30.7,28.0,29.3,0.0,13.9,22.0,79,9.25,1011.4,loc_cuddalore,11.748,79.7714,ECMWF_ERA5_Reanalysis
2016-01-21,27.8,25.7,26.5,29.9,27.6,29.0,0.0,18.0,29.5,58,8.15,1012.3,loc_cuddalore,11.748,79.7714,ECMWF_ERA5_Reanalysis
2016-01-22,28.7,24.6,26.5,31.4,27.4,29.0,0.2,16.9,29.2,59,16.87,1013.0,loc_cuddalore,11.748,79.7714,ECMWF_ERA5_Reanalysis
2016-01-23,28.0,24.8,26.2,30.3,27.4,28.5,1.5,20.7,34.6,39,17.12,1013.8,loc_cuddalore,11.748,79.7714,ECMWF_ERA5_Reanalysis
2016-01-24,27.5,24.4,25.9,30.4,26.8,28.2,2.1,21.4,36.7,44,15.27,1014.2,loc_cuddalore,11.748,79.7714,ECMWF_ERA5_Reanalysis
2016-01-25,28.1,24.6,26.2,30.2,27.5,28.7,0.0,17.7,30.2,53,16.11,1013.3,loc_cuddalore,11.748,79.7714,ECMWF_ERA5_Reanalysis
2016-01-26,28.6,24.8,26.4,31.1,27.0,28.7,0.0,18.4,27.0,72,17.61,1012.8,loc_cuddalore,11.748,79.7714,ECMWF_ERA5_Reanalysis
2016-01-27,28.9,24.1,26.2,32.3,26.9,28.6,0.0,15.4,25.9,66,20.85,1012.8,loc_cuddalore,11.748,79.7714,ECMWF_ERA5_Reanalysis
2016-01-28,28.8,23.2,26.0,33.0,26.0,28.8,0.0,13.4,24.5,75,22.27,1012.8,loc_cuddalore,11.748,79.7714,ECMWF_ERA5_Reanalysis
2016-01-29,29.4,22.5,25.9,33.0,25.7,28.7,0.0,17.6,29.2,62,22.54,1013.6,loc_cuddalore,11.748,79.7714,ECMWF_ERA5_Reanalysis
2016-01-30,28.6,23.1,25.8,31.8,26.4,28.4,0.0,14.2,25.2,59,20.96,1013.7,loc_cuddalore,11.748,79.7714,ECMWF_ERA5_Reanalysis
2016-01-31,28.4,23.7,25.7,31.5,26.4,28.1,0.0,15.1,28.1,55,21.05,1013.2,loc_cuddalore,11.748,79.7714,ECMWF_ERA5_Reanalysis
2016-02-01,28.8,22.3,25.4,31.9,25.1,27.8,0.0,14.0,26.6,50,21.83,1013.3,loc_cuddalore,11.748,79.7714,ECMWF_ERA5_Reanalysis
2016-02-02,28.6,21.5,25.1,32.5,23.8,27.9,0.0,11.1,22.0,45,23.08,1013.6,loc_cuddalore,11.748,79.7714,ECMWF_ERA5_Reanalysis
2016-02-03,29.1,21.9,25.6,33.1,25.7,28.7,0.0,11.4,23.0,43,22.95,1012.9,loc_cuddalore,11.748,79.7714,ECMWF_ERA5_Reanalysis
2016-02-04,28.8,21.8,25.4,32.6,24.8,28.4,0.0,14.4,26.6,55,23.02,1012.8,loc_cuddalore,11.748,79.7714,ECMWF_ERA5_Reanalysis
2016-02-05,28.7,23.9,26.2,32.0,27.1,28.8,0.0,14.5,27.4,58,20.93,1012.7,loc_cuddalore,11.748,79.7714,ECMWF_ERA5_Reanalysis
2016-02-06,28.6,24.3,26.5,31.4,27.1,28.6,0.0,14.9,26.6,74,17.81,1011.5,loc_cuddalore,11.748,79.7714,ECMWF_ERA5_Reanalysis
2016-02-07,29.6,24.6,26.9,33.5,27.3,29.3,0.0,19.8,32.0,68,19.55,1012.3,loc_cuddalore,11.748,79.7714,ECMWF_ERA5_Reanalysis
2016-02-08,29.6,24.8,26.9,33.1,28.0,29.7,0.0,17.6,29.9,60,21.0,1012.2,loc_cuddalore,11.748,79.7714,ECMWF_ERA5_Reanalysis
2016-02-09,29.6,24.2,26.6,33.8,27.4,29.7,0.0,16.3,27.4,61,21.79,1012.0,loc_cuddalore,11.748,79.7714,ECMWF_ERA5_Reanalysis
2016-02-10,29.5,23.2,26.3,33.6,27.0,29.4,0.0,13.7,25.2,79,21.98,1011.7,loc_cuddalore,11.748,79.7714,ECMWF_ERA5_Reanalysis
2016-02-11,29.4,23.3,26.3,33.5,27.4,29.5,0.0,14.8,23.4,120,21.95,1011.2,loc_cuddalore,11.748,79.7714,ECMWF_ERA5_Reanalysis
2016-02-12,29.3,23.0,26.1,33.2,26.8,29.2,0.0,14.0,24.8,113,21.93,1011.1,loc_cuddalore,11.748,79.7714,ECMWF_ERA5_Reanalysis
2016-02-13,29.6,23.4,26.5,33.7,27.3,29.6,0.0,15.9,27.4,94,21.5,1011.3,loc_cuddalore,11.748,79.7714,ECMWF_ERA5_Reanalysis
2016-02-14,28.8,24.2,26.2,31.6,26.9,28.5,0.0,16.2,27.0,82,22.67,1011.8,loc_cuddalore,11.748,79.7714,ECMWF_ERA5_Reanalysis
2016-02-15,29.3,24.4,26.8,31.0,27.2,28.9,0.0,19.0,30.6,61,16.75,1012.9,loc_cuddalore,11.748,79.7714,ECMWF_ERA5_Reanalysis
2016-02-16,29.7,25.4,27.2,32.9,27.6,29.6,0.0,20.3,35.3,59,21.49,1013.2,loc_cuddalore,11.748,79.7714,ECMWF_ERA5_Reanalysis
2016-02-17,29.3,25.7,27.4,30.8,27.9,29.1,0.0,23.7,40.3,50,16.29,1013.1,loc_cuddalore,11.748,79.7714,ECMWF_ERA5_Reanalysis
2016-02-18,29.9,26.0,27.6,32.9,28.2,29.8,0.0,22.5,38.5,52,22.21,1013.0,loc_cuddalore,11.748,79.7714,ECMWF_ERA5_Reanalysis
2016-02-19,29.6,24.5,27.1,32.5,27.6,29.9,0.0,17.1,29.5,46,20.11,1013.9,loc_cuddalore,11.748,79.7714,ECMWF_ERA5_Reanalysis
2016-02-20,30.4,24.9,27.5,34.8,29.0,31.4,0.0,15.5,27.7,85,21.92,1013.7,loc_cuddalore,11.748,79.7714,ECMWF_ERA5_Reanalysis
2016-02-21,30.7,25.1,27.5,36.0,29.8,31.6,0.0,17.6,29.2,130,22.39,1012.5,loc_cuddalore,11.748,79.7714,ECMWF_ERA5_Reanalysis
2016-02-22,30.3,24.9,27.2,35.3,28.8,31.1,0.0,18.2,31.0,129,23.15,1013.0,loc_cuddalore,11.748,79.7714,ECMWF_ERA5_Reanalysis
2016-02-23,29.6,24.5,26.8,33.2,26.9,29.4,0.0,18.7,31.0,134,22.76,1012.6,loc_cuddalore,11.748,79.7714,ECMWF_ERA5_Reanalysis
2016-02-24,30.6,23.1,27.3,34.0,25.8,29.4,0.0,17.3,29.9,142,24.68,1011.6,loc_cuddalore,11.748,79.7714,ECMWF_ERA5_Reanalysis
2016-02-25,30.9,25.5,28.1,34.6,29.4,31.5,0.0,19.8,32.0,125,19.56,1011.7,loc_cuddalore,11.748,79.7714,ECMWF_ERA5_Reanalysis
2016-02-26,30.0,26.4,27.8,33.3,28.7,30.8,0.0,22.3,36.7,93,20.62,1013.3,loc_cuddalore,11.748,79.7714,ECMWF_ERA5_Reanalysis
2016-02-27,29.8,25.8,27.7,33.1,28.6,30.7,0.6,21.5,36.7,69,19.66,1014.1,loc_cuddalore,11.748,79.7714,ECMWF_ERA5_Reanalysis
2016-02-28,30.2,26.2,27.9,34.0,30.2,31.5,0.9,20.0,34.2,70,19.69,1014.9,loc_cuddalore,11.748,79.7714,ECMWF_ERA5_Reanalysis
2016-02-29,30.2,26.0,27.8,34.0,29.7,31.1,0.0,19.9,33.5,67,20.2,1014.8,loc_cuddalore,11.748,79.7714,ECMWF_ERA5_Reanalysis
2016-03-01,30.3,26.0,27.8,34.1,29.7,31.0,0.0,18.8,32.4,73,21.88,1013.3,loc_cuddalore,11.748,79.7714,ECMWF_ERA5_Reanalysis
2016-03-02,30.0,25.8,27.5,33.8,29.1,30.6,0.0,18.1,30.6,74,20.53,1013.3,loc_cuddalore,11.748,79.7714,ECMWF_ERA5_Reanalysis
2016-03-03,29.9,25.4,27.4,32.7,28.5,29.9,0.0,19.8,34.2,59,22.25,1013.9,loc_cuddalore,11.748,79.7714,ECMWF_ERA5_Reanalysis
2016-03-04,30.3,24.4,27.4,34.0,27.5,30.3,0.0,17.3,29.9,55,20.68,1012.5,loc_cuddalore,11.748,79.7714,ECMWF_ERA5_Reanalysis
2016-03-05,30.3,25.7,27.8,34.3,28.9,30.8,0.0,18.7,30.2,82,21.64,1011.4,loc_cuddalore,11.748,79.7714,ECMWF_ERA5_Reanalysis
2016-03-06,30.4,25.0,27.6,34.6,28.6,30.6,0.0,19.8,32.0,96,22.78,1011.0,loc_cuddalore,11.748,79.7714,ECMWF_ERA5_Reanalysis
2016-03-07,30.6,25.8,27.8,34.4,28.7,30.4,0.0,17.7,29.9,89,22.46,1010.7,loc_cuddalore,11.748,79.7714,ECMWF_ERA5_Reanalysis
2016-03-08,30.7,24.6,27.8,34.1,28.1,30.4,0.0,18.8,29.9,97,22.25,1010.2,loc_cuddalore,11.748,79.7714,ECMWF_ERA5_Reanalysis
2016-03-09,31.1,24.4,27.9,35.8,28.7,31.1,0.0,18.6,30.6,107,23.3,1010.5,loc_cuddalore,11.748,79.7714,ECMWF_ERA5_Reanalysis
2016-03-10,31.1,25.2,28.5,35.4,29.4,32.0,0.0,16.9,27.0,107,18.49,1011.0,loc_cuddalore,11.748,79.7714,ECMWF_ERA5_Reanalysis
2016-03-11,31.8,26.0,28.7,37.0,30.9,32.8,0.0,21.3,33.8,115,22.26,1011.3,loc_cuddalore,11.748,79.7714,ECMWF_ERA5_Reanalysis
2016-03-12,31.6,25.1,28.3,35.9,29.8,32.1,0.0,22.0,34.6,138,20.46,1010.7,loc_cuddalore,11.748,79.7714,ECMWF_ERA5_Reanalysis
2016-03-13,32.3,26.2,28.8,37.7,30.2,32.7,0.0,21.7,35.3,146,23.34,1010.7,loc_cuddalore,11.748,79.7714,ECMWF_ERA5_Reanalysis
2016-03-14,31.7,26.5,28.6,36.5,29.5,32.0,0.0,23.7,36.7,146,24.07,1010.8,loc_cuddalore,11.748,79.7714,ECMWF_ERA5_Reanalysis
2016-03-15,31.7,25.9,28.5,36.2,29.6,31.7,0.0,22.2,36.0,147,24.24,1010.6,loc_cuddalore,11.748,79.7714,ECMWF_ERA5_Reanalysis
2016-03-16,31.8,26.4,28.8,37.3,30.5,32.5,0.0,23.4,37.4,142,22.62,1010.2,loc_cuddalore,11.748,79.7714,ECMWF_ERA5_Reanalysis
2016-03-17,31.7,26.6,28.8,36.4,31.0,32.9,0.0,18.8,33.1,132,22.25,1010.4,loc_cuddalore,11.748,79.7714,ECMWF_ERA5_Reanalysis
2016-03-18,31.1,25.8,28.2,36.2,30.4,32.2,0.0,18.7,32.0,130,24.44,1010.1,loc_cuddalore,11.748,79.7714,ECMWF_ERA5_Reanalysis
2016-03-19,31.9,24.7,28.2,36.8,29.0,32.0,0.0,19.1,32.4,154,25.7,1009.9,loc_cuddalore,11.748,79.7714,ECMWF_ERA5_Reanalysis
2016-03-20,32.3,25.8,28.9,37.9,29.6,32.6,0.0,19.6,31.0,161,25.43,1010.0,loc_cuddalore,11.748,79.7714,ECMWF_ERA5_Reanalysis
2016-03-21,32.6,25.8,29.2,37.9,30.2,33.4,0.0,19.5,30.2,165,25.77,1009.0,loc_cuddalore,11.748,79.7714,ECMWF_ERA5_Reanalysis
2016-03-22,33.5,27.2,29.9,39.1,31.0,34.2,0.0,21.8,33.8,171,24.92,1007.4,loc_cuddalore,11.748,79.7714,ECMWF_ERA5_Reanalysis
2016-03-23,33.5,27.7,29.9,39.8,32.0,34.4,0.0,23.9,38.5,161,24.38,1008.3,loc_cuddalore,11.748,79.7714,ECMWF_ERA5_Reanalysis
2016-03-24,31.9,27.2,29.0,38.0,31.1,33.6,0.0,18.5,29.2,136,24.04,1010.8,loc_cuddalore,11.748,79.7714,ECMWF_ERA5_Reanalysis
2016-03-25,31.6,26.4,28.4,36.8,30.1,32.3,0.0,18.2,30.6,144,24.54,1012.7,loc_cuddalore,11.748,79.7714,ECMWF_ERA5_Reanalysis
2016-03-26,31.4,25.2,28.2,36.8,29.5,32.1,0.0,16.6,29.2,137,25.68,1012.0,loc_cuddalore,11.748,79.7714,ECMWF_ERA5_Reanalysis
2016-03-27,31.2,25.8,28.3,36.0,29.7,31.6,0.0,18.3,32.0,132,24.29,1011.7,loc_cuddalore,11.748,79.7714,ECMWF_ERA5_Reanalysis
2016-03-28,32.2,26.3,29.2,37.9,30.4,33.0,0.0,19.2,33.5,107,23.67,1011.7,loc_cuddalore,11.748,79.7714,ECMWF_ERA5_Reanalysis
2016-03-29,31.6,26.7,29.0,37.0,32.5,33.9,0.8,17.7,30.2,125,21.94,1011.8,loc_cuddalore,11.748,79.7714,ECMWF_ERA5_Reanalysis
2016-03-30,32.2,27.5,29.3,37.4,31.6,33.9,0.0,17.7,31.7,132,23.88,1011.8,loc_cuddalore,11.748,79.7714,ECMWF_ERA5_Reanalysis
2016-03-31,32.3,27.1,29.3,37.8,31.5,33.5,0.0,19.5,32.0,137,24.43,1010.9,loc_cuddalore,11.748,79.7714,ECMWF_ERA5_Reanalysis
2016-04-01,32.5,27.0,29.3,37.9,31.6,33.4,0.0,20.7,33.1,142,24.08,1009.0,loc_cuddalore,11.748,79.7714,ECMWF_ERA5_Reanalysis
2016-04-02,32.6,27.1,29.4,37.7,31.7,33.6,0.0,20.2,32.4,146,24.25,1009.4,loc_cuddalore,11.748,79.7714,ECMWF_ERA5_Reanalysis
2016-04-03,32.9,27.1,29.6,38.7,31.6,33.9,0.0,20.2,32.0,149,24.77,1010.4,loc_cuddalore,11.748,79.7714,ECMWF_ERA5_Reanalysis
2016-04-04,32.6,26.9,29.4,38.0,31.6,33.6,0.0,18.9,30.2,153,24.34,1009.3,loc_cuddalore,11.748,79.7714,ECMWF_ERA5_Reanalysis
2016-04-05,33.0,27.0,29.6,38.5,31.3,33.7,0.0,21.8,34.2,152,25.24,1008.7,loc_cuddalore,11.748,79.7714,ECMWF_ERA5_Reanalysis
2016-04-06,32.4,27.8,29.8,38.3,32.5,34.3,0.6,21.9,34.2,153,23.23,1009.2,loc_cuddalore,11.748,79.7714,ECMWF_ERA5_Reanalysis
2016-04-07,32.1,27.9,29.9,38.9,33.5,35.1,0.8,22.3,37.4,147,21.55,1008.7,loc_cuddalore,11.748,79.7714,ECMWF_ERA5_Reanalysis
2016-04-08,32.1,27.8,29.7,38.3,33.1,34.6,1.1,20.4,34.6,143,22.03,1008.6,loc_cuddalore,11.748,79.7714,ECMWF_ERA5_Reanalysis
2016-04-09,32.3,27.9,29.8,37.6,32.6,34.3,0.0,19.7,31.3,134,23.28,1009.4,loc_cuddalore,11.748,79.7714,ECMWF_ERA5_Reanalysis
2016-04-10,32.9,27.5,29.8,38.6,32.7,34.5,0.0,22.5,36.0,141,25.61,1010.4,loc_cuddalore,11.748,79.7714,ECMWF_ERA5_Reanalysis
2016-04-11,32.9,27.6,29.8,38.6,32.9,34.7,0.0,22.5,35.6,152,23.34,1009.1,loc_cuddalore,11.748,79.7714,ECMWF_ERA5_Reanalysis
2016-04-12,33.9,28.5,30.7,40.2,33.5,35.6,0.0,25.6,40.3,165,25.42,1007.4,loc_cuddalore,11.748,79.7714,ECMWF_ERA5_Reanalysis
2016-04-13,34.5,28.6,31.0,41.6,33.8,36.3,0.0,23.8,37.1,169,25.1,1005.4,loc_cuddalore,11.748,79.7714,ECMWF_ERA5_Reanalysis
2016-04-14,34.2,29.2,31.1,40.4,33.5,35.7,0.0,26.5,40.7,165,25.78,1006.0,loc_cuddalore,11.748,79.7714,ECMWF_ERA5_Reanalysis
2016-04-15,33.7,28.5,30.7,40.2,33.7,35.9,0.0,21.7,35.3,153,25.2,1007.8,loc_cuddalore,11.748,79.7714,ECMWF_ERA5_Reanalysis
2016-04-16,33.3,28.6,30.4,39.1,33.7,35.5,0.0,25.0,39.2,158,24.62,1007.8,loc_cuddalore,11.748,79.7714,ECMWF_ERA5_Reanalysis
2016-04-17,33.4,28.7,30.4,39.0,33.4,35.3,0.0,23.2,39.2,159,25.51,1007.0,loc_cuddalore,11.748,79.7714,ECMWF_ERA5_Reanalysis
2016-04-18,33.1,28.8,30.3,38.9,33.3,35.0,0.0,24.1,37.8,152,23.57,1007.6,loc_cuddalore,11.748,79.7714,ECMWF_ERA5_Reanalysis
2016-04-19,32.5,28.3,30.1,37.9,33.4,34.8,0.2,20.9,33.5,146,22.59,1008.4,loc_cuddalore,11.748,79.7714,ECMWF_ERA5_Reanalysis
2016-04-20,33.6,28.4,30.5,39.9,33.5,35.5,0.0,23.9,38.2,153,25.0,1009.2,loc_cuddalore,11.748,79.7714,ECMWF_ERA5_Reanalysis
2016-04-21,34.1,28.6,31.0,40.1,33.7,35.7,0.0,25.4,39.6,173,25.51,1007.9,loc_cuddalore,11.748,79.7714,ECMWF_ERA5_Reanalysis
2016-04-22,35.0,28.7,31.4,41.4,33.2,36.0,0.0,23.9,36.0,177,26.43,1006.7,loc_cuddalore,11.748,79.7714,ECMWF_ERA5_Reanalysis
2016-04-23,35.1,29.3,31.7,42.5,33.7,36.5,0.0,25.3,37.1,179,25.14,1004.8,loc_cuddalore,11.748,79.7714,ECMWF_ERA5_Reanalysis
2016-04-24,35.1,29.4,31.6,42.0,34.1,36.7,0.0,27.4,41.8,170,25.73,1003.6,loc_cuddalore,11.748,79.7714,ECMWF_ERA5_Reanalysis
2016-04-25,34.2,29.0,31.1,40.6,34.4,36.2,0.0,23.1,37.8,165,25.52,1005.4,loc_cuddalore,11.748,79.7714,ECMWF_ERA5_Reanalysis
2016-04-26,33.4,28.8,30.7,38.8,34.1,35.5,0.0,19.0,31.7,146,24.29,1007.8,loc_cuddalore,11.748,79.7714,ECMWF_ERA5_Reanalysis
2016-04-27,33.2,28.6,30.3,39.1,33.9,35.6,0.0,20.0,34.6,146,23.49,1007.5,loc_cuddalore,11.748,79.7714,ECMWF_ERA5_Reanalysis
2016-04-28,33.6,28.6,30.5,39.7,33.5,35.5,0.0,21.4,35.6,157,25.07,1007.2,loc_cuddalore,11.748,79.7714,ECMWF_ERA5_Reanalysis
2016-04-29,33.6,28.4,30.5,40.0,33.4,35.6,0.0,19.6,34.2,161,24.64,1007.7,loc_cuddalore,11.748,79.7714,ECMWF_ERA5_Reanalysis
2016-04-30,33.7,28.2,30.4,39.6,33.4,35.2,0.0,21.4,35.6,160,24.93,1008.0,loc_cuddalore,11.748,79.7714,ECMWF_ERA5_Reanalysis
2016-05-01,33.8,27.9,30.5,40.1,32.9,35.3,0.0,23.7,37.4,167,25.81,1007.3,loc_cuddalore,11.748,79.7714,ECMWF_ERA5_Reanalysis
2016-05-02,34.5,28.3,31.0,40.3,33.2,35.7,0.0,24.7,37.4,168,26.68,1006.9,loc_cuddalore,11.748,79.7714,ECMWF_ERA5_Reanalysis
2016-05-03,33.8,29.1,30.9,40.0,33.8,35.8,0.0,24.7,37.8,163,24.87,1006.8,loc_cuddalore,11.748,79.7714,ECMWF_ERA5_Reanalysis
2016-05-04,33.3,29.2,30.7,39.8,33.9,35.7,0.0,23.2,35.6,155,24.4,1007.2,loc_cuddalore,11.748,79.7714,ECMWF_ERA5_Reanalysis
2016-05-05,33.4,28.7,30.5,39.5,33.7,35.3,0.0,23.4,37.4,153,24.15,1007.7,loc_cuddalore,11.748,79.7714,ECMWF_ERA5_Reanalysis
2016-05-06,32.4,28.3,30.2,39.4,33.5,35.3,0.0,19.5,33.8,145,22.63,1007.7,loc_cuddalore,11.748,79.7714,ECMWF_ERA5_Reanalysis
2016-05-07,32.6,28.1,30.2,39.2,33.6,35.3,0.0,20.9,32.8,150,23.73,1007.5,loc_cuddalore,11.748,79.7714,ECMWF_ERA5_Reanalysis
2016-05-08,33.6,28.4,30.6,40.5,33.7,36.1,0.1,21.3,34.2,141,24.99,1008.1,loc_cuddalore,11.748,79.7714,ECMWF_ERA5_Reanalysis
2016-05-09,33.3,28.4,30.4,39.5,34.8,36.1,0.1,19.0,32.8,146,24.22,1007.8,loc_cuddalore,11.748,79.7714,ECMWF_ERA5_Reanalysis
2016-05-10,32.7,27.6,30.1,38.9,34.2,35.9,0.7,18.4,32.0,147,22.17,1007.9,loc_cuddalore,11.748,79.7714,ECMWF_ERA5_Reanalysis
2016-05-11,31.7,28.2,29.7,38.0,34.4,35.4,0.4,15.9,29.9,155,18.48,1007.4,loc_cuddalore,11.748,79.7714,ECMWF_ERA5_Reanalysis
2016-05-12,32.2,28.2,30.0,36.9,32.9,34.4,0.2,21.4,36.0,179,15.73,1005.8,loc_cuddalore,11.748,79.7714,ECMWF_ERA5_Reanalysis
2016-05-13,34.2,28.6,31.0,40.3,32.3,35.2,0.0,22.6,39.2,164,25.26,1005.2,loc_cuddalore,11.748,79.7714,ECMWF_ERA5_Reanalysis
2016-05-14,33.6,29.0,31.0,39.7,34.3,35.9,0.0,24.1,38.2,148,24.32,1006.5,loc_cuddalore,11.748,79.7714,ECMWF_ERA5_Reanalysis
2016-05-15,31.4,28.1,29.7,37.1,34.1,35.1,0.8,15.5,27.7,108,19.01,1006.7,loc_cuddalore,11.748,79.7714,ECMWF_ERA5_Reanalysis
2016-05-16,27.7,26.3,27.1,33.1,29.9,31.7,59.3,22.4,40.0,34,4.4,1004.0,loc_cuddalore,11.748,79.7714,ECMWF_ERA5_Reanalysis
2016-05-17,27.1,25.8,26.5,30.7,28.5,29.5,81.6,33.2,49.7,338,2.25,1000.6,loc_cuddalore,11.748,79.7714,ECMWF_ERA5_Reanalysis
2016-05-18,31.6,24.5,27.9,35.7,26.0,30.7,21.2,30.9,59.4,243,10.35,999.7,loc_cuddalore,11.748,79.7714,ECMWF_ERA5_Reanalysis
2016-05-19,31.7,27.7,29.7,36.8,31.2,34.1,1.1,21.2,42.8,225,16.84,1001.7,loc_cuddalore,11.748,79.7714,ECMWF_ERA5_Reanalysis
2016-05-20,32.4,27.4,29.7,37.7,30.7,33.9,4.2,23.7,37.4,220,16.47,1002.5,loc_cuddalore,11.748,79.7714,ECMWF_ERA5_Reanalysis
2016-05-21,32.8,27.7,30.0,40.5,31.4,35.0,0.0,25.2,36.0,201,23.45,1003.6,loc_cuddalore,11.748,79.7714,ECMWF_ERA5_Reanalysis
2016-05-22,33.4,28.2,30.6,41.4,32.7,36.0,0.0,25.9,39.6,203,25.69,1004.9,loc_cuddalore,11.748,79.7714,ECMWF_ERA5_Reanalysis
2016-05-23,33.4,28.6,30.7,42.3,33.1,36.2,0.0,25.0,36.4,200,23.52,1005.0,loc_cuddalore,11.748,79.7714,ECMWF_ERA5_Reanalysis
2016-05-24,33.5,28.7,30.8,42.7,33.2,36.3,0.0,26.3,38.2,196,25.77,1004.9,loc_cuddalore,11.748,79.7714,ECMWF_ERA5_Reanalysis
2016-05-25,33.7,28.7,31.0,41.7,32.4,36.1,0.0,25.2,42.5,196,25.56,1004.0,loc_cuddalore,11.748,79.7714,ECMWF_ERA5_Reanalysis
2016-05-26,34.1,28.9,31.3,41.9,32.7,36.3,0.0,23.2,33.8,201,24.88,1004.2,loc_cuddalore,11.748,79.7714,ECMWF_ERA5_Reanalysis
2016-05-27,33.8,28.3,30.8,42.2,32.3,36.1,2.7,25.1,33.1,200,25.32,1005.5,loc_cuddalore,11.748,79.7714,ECMWF_ERA5_Reanalysis
2016-05-28,33.4,27.7,30.2,41.7,31.8,35.2,0.5,23.2,36.4,205,24.76,1005.7,loc_cuddalore,11.748,79.7714,ECMWF_ERA5_Reanalysis
2016-05-29,33.5,28.0,30.4,41.7,31.5,35.6,0.1,17.5,32.0,210,24.48,1005.1,loc_cuddalore,11.748,79.7714,ECMWF_ERA5_Reanalysis
2016-05-30,33.6,28.2,30.7,40.5,32.0,35.3,0.2,23.1,33.1,196,23.92,1004.4,loc_cuddalore,11.748,79.7714,ECMWF_ERA5_Reanalysis
2016-05-31,33.8,28.5,30.8,41.4,32.9,35.7,0.2,19.6,29.5,204,23.98,1005.3,loc_cuddalore,11.748,79.7714,ECMWF_ERA5_Reanalysis
2016-06-01,33.7,28.0,30.3,41.6,32.3,35.7,0.8,18.8,34.2,216,23.86,1005.7,loc_cuddalore,11.748,79.7714,ECMWF_ERA5_Reanalysis
2016-06-02,32.9,27.2,29.8,40.8,31.6,35.4,9.2,15.9,23.0,214,23.11,1005.0,loc_cuddalore,11.748,79.7714,ECMWF_ERA5_Reanalysis
2016-06-03,32.9,28.0,29.8,40.5,32.4,35.2,2.1,16.3,27.0,198,23.04,1004.6,loc_cuddalore,11.748,79.7714,ECMWF_ERA5_Reanalysis
2016-06-04,32.8,27.4,29.6,40.2,32.3,35.1,6.7,15.3,25.6,214,21.14,1004.3,loc_cuddalore,11.748,79.7714,ECMWF_ERA5_Reanalysis
2016-06-05,32.5,27.7,29.6,39.7,32.6,34.8,0.7,19.5,31.3,211,21.41,1004.7,loc_cuddalore,11.748,79.7714,ECMWF_ERA5_Reanalysis
2016-06-06,32.6,28.0,29.9,40.0,31.2,34.4,0.1,26.0,32.0,196,19.16,1004.9,loc_cuddalore,11.748,79.7714,ECMWF_ERA5_Reanalysis
2016-06-07,32.3,27.8,29.9,37.6,31.4,33.7,3.8,23.3,35.6,197,18.52,1005.2,loc_cuddalore,11.748,79.7714,ECMWF_ERA5_Reanalysis
2016-06-08,31.7,28.3,29.5,36.1,32.0,33.8,1.9,22.7,36.0,205,15.31,1004.8,loc_cuddalore,11.748,79.7714,ECMWF_ERA5_Reanalysis
2016-06-09,32.2,27.4,29.5,37.2,29.8,32.9,0.1,25.0,37.8,203,16.68,1005.6,loc_cuddalore,11.748,79.7714,ECMWF_ERA5_Reanalysis
2016-06-10,32.8,27.8,30.4,37.1,30.4,33.8,0.0,20.5,37.4,211,19.67,1005.7,loc_cuddalore,11.748,79.7714,ECMWF_ERA5_Reanalysis
2016-06-11,33.5,27.8,30.7,38.9,30.1,34.2,0.0,21.9,33.1,220,22.28,1006.1,loc_cuddalore,11.748,79.7714,ECMWF_ERA5_Reanalysis
2016-06-12,34.0,28.0,30.6,40.4,31.3,34.3,0.5,23.4,37.4,217,22.06,1005.9,loc_cuddalore,11.748,79.7714,ECMWF_ERA5_Reanalysis
2016-06-13,34.2,28.0,30.4,40.6,31.7,35.0,2.4,18.5,33.1,226,22.43,1006.2,loc_cuddalore,11.748,79.7714,ECMWF_ERA5_Reanalysis
2016-06-14,33.9,28.1,30.7,40.4,31.2,35.2,0.0,16.1,31.7,236,23.26,1005.3,loc_cuddalore,11.748,79.7714,ECMWF_ERA5_Reanalysis
2016-06-15,36.7,28.8,32.1,38.7,31.3,34.9,0.0,20.2,32.8,244,22.75,1003.7,loc_cuddalore,11.748,79.7714,ECMWF_ERA5_Reanalysis
2016-06-16,34.4,29.5,31.7,39.4,31.1,34.7,0.0,16.1,31.0,235,18.81,1002.8,loc_cuddalore,11.748,79.7714,ECMWF_ERA5_Reanalysis
2016-06-17,33.9,28.1,30.4,40.3,31.1,34.1,1.5,19.5,30.2,234,18.81,1002.3,loc_cuddalore,11.748,79.7714,ECMWF_ERA5_Reanalysis
2016-06-18,32.3,26.8,29.5,36.6,30.5,33.3,6.6,18.3,32.0,219,15.77,1002.9,loc_cuddalore,11.748,79.7714,ECMWF_ERA5_Reanalysis
2016-06-19,32.0,26.3,28.4,38.1,29.9,32.6,5.4,19.4,32.0,190,18.69,1003.0,loc_cuddalore,11.748,79.7714,ECMWF_ERA5_Reanalysis
2016-06-20,31.8,27.0,28.9,38.3,31.7,33.7,9.6,16.5,29.2,211,19.59,1003.1,loc_cuddalore,11.748,79.7714,ECMWF_ERA5_Reanalysis
2016-06-21,30.6,26.2,27.9,36.4,32.2,33.4,10.6,17.0,25.2,207,13.55,1003.7,loc_cuddalore,11.748,79.7714,ECMWF_ERA5_Reanalysis
2016-06-22,31.1,25.6,27.9,36.2,31.5,33.1,10.4,12.6,37.8,234,16.15,1004.9,loc_cuddalore,11.748,79.7714,ECMWF_ERA5_Reanalysis
2016-06-23,27.1,25.8,26.3,32.0,29.3,30.0,17.2,19.4,49.0,253,4.04,1005.5,loc_cuddalore,11.748,79.7714,ECMWF_ERA5_Reanalysis
2016-06-24,30.8,25.5,27.4,34.8,28.7,30.9,0.6,16.9,43.9,255,10.07,1004.1,loc_cuddalore,11.748,79.7714,ECMWF_ERA5_Reanalysis
2016-06-25,31.6,26.1,28.5,34.6,27.8,31.2,2.1,18.7,48.2,270,11.9,1004.9,loc_cuddalore,11.748,79.7714,ECMWF_ERA5_Reanalysis
2016-06-26,31.7,26.9,28.7,35.4,29.5,32.0,0.0,18.8,32.0,244,14.07,1005.3,loc_cuddalore,11.748,79.7714,ECMWF_ERA5_Reanalysis
2016-06-27,30.8,26.9,28.9,35.2,30.1,32.6,0.4,16.6,33.1,243,14.47,1003.7,loc_cuddalore,11.748,79.7714,ECMWF_ERA5_Reanalysis
2016-06-28,30.4,26.5,28.2,34.3,30.3,32.0,2.9,18.5,37.4,231,12.1,1004.0,loc_cuddalore,11.748,79.7714,ECMWF_ERA5_Reanalysis
2016-06-29,31.5,25.9,28.3,35.9,29.7,32.4,2.1,18.9,31.3,232,14.93,1004.8,loc_cuddalore,11.748,79.7714,ECMWF_ERA5_Reanalysis
2016-06-30,32.1,26.7,29.2,35.8,29.3,32.4,0.0,18.6,32.4,231,16.57,1004.5,loc_cuddalore,11.748,79.7714,ECMWF_ERA5_Reanalysis
2016-07-01,32.6,26.7,29.8,36.3,29.7,32.8,0.0,20.9,32.8,242,16.47,1003.7,loc_cuddalore,11.748,79.7714,ECMWF_ERA5_Reanalysis
2016-07-02,32.8,27.1,29.9,35.9,29.9,33.1,0.0,20.2,27.7,215,19.44,1003.9,loc_cuddalore,11.748,79.7714,ECMWF_ERA5_Reanalysis
2016-07-03,33.0,27.2,30.0,37.5,30.2,34.0,0.0,16.1,26.3,210,20.47,1005.0,loc_cuddalore,11.748,79.7714,ECMWF_ERA5_Reanalysis
2016-07-04,32.7,28.0,29.9,39.4,32.9,35.0,1.3,13.3,31.3,213,19.71,1005.6,loc_cuddalore,11.748,79.7714,ECMWF_ERA5_Reanalysis
2016-07-05,32.1,27.5,29.8,37.6,31.8,34.3,0.0,19.9,22.3,209,18.96,1005.2,loc_cuddalore,11.748,79.7714,ECMWF_ERA5_Reanalysis
2016-07-06,30.9,27.1,28.5,36.0,31.2,32.8,16.4,19.2,29.9,230,12.42,1005.0,loc_cuddalore,11.748,79.7714,ECMWF_ERA5_Reanalysis
2016-07-07,31.7,27.1,29.1,37.5,31.4,34.4,0.0,13.1,20.9,231,16.56,1004.9,loc_cuddalore,11.748,79.7714,ECMWF_ERA5_Reanalysis
2016-07-08,31.7,27.6,29.4,36.9,31.5,33.7,0.2,20.7,32.4,234,16.85,1004.2,loc_cuddalore,11.748,79.7714,ECMWF_ERA5_Reanalysis
2016-07-09,32.9,26.9,29.8,36.8,29.7,32.9,0.0,22.9,38.9,239,18.88,1004.0,loc_cuddalore,11.748,79.7714,ECMWF_ERA5_Reanalysis
2016-07-10,32.4,27.0,29.8,35.0,29.5,32.5,0.0,21.7,37.4,239,17.07,1003.7,loc_cuddalore,11.748,79.7714,ECMWF_ERA5_Reanalysis
2016-07-11,34.2,27.2,30.4,36.5,29.8,33.1,0.0,19.9,32.8,241,20.64,1003.6,loc_cuddalore,11.748,79.7714,ECMWF_ERA5_Reanalysis
2016-07-12,33.5,27.1,30.0,36.5,30.1,33.6,0.0,17.3,29.9,234,21.58,1004.9,loc_cuddalore,11.748,79.7714,ECMWF_ERA5_Reanalysis
2016-07-13,32.9,27.8,30.1,38.6,30.8,33.9,0.0,19.5,27.7,228,22.37,1004.9,loc_cuddalore,11.748,79.7714,ECMWF_ERA5_Reanalysis
2016-07-14,33.1,28.1,30.4,39.2,31.0,34.1,0.0,21.4,34.6,192,23.71,1004.2,loc_cuddalore,11.748,79.7714,ECMWF_ERA5_Reanalysis
2016-07-15,32.3,27.3,29.7,38.1,31.8,34.1,4.0,18.9,29.5,184,19.71,1004.8,loc_cuddalore,11.748,79.7714,ECMWF_ERA5_Reanalysis
2016-07-16,31.8,26.1,28.2,39.0,30.3,33.1,7.6,17.9,31.7,191,22.15,1006.2,loc_cuddalore,11.748,79.7714,ECMWF_ERA5_Reanalysis
2016-07-17,30.9,26.5,28.3,38.0,31.0,33.3,3.6,18.6,29.9,187,19.18,1007.9,loc_cuddalore,11.748,79.7714,ECMWF_ERA5_Reanalysis
2016-07-18,31.8,26.4,28.5,38.5,30.4,33.1,6.5,19.2,32.8,215,18.96,1007.6,loc_cuddalore,11.748,79.7714,ECMWF_ERA5_Reanalysis
2016-07-19,30.2,26.1,28.0,34.2,30.2,32.5,2.0,13.6,25.9,243,15.0,1007.2,loc_cuddalore,11.748,79.7714,ECMWF_ERA5_Reanalysis
2016-07-20,31.1,27.0,28.8,35.4,31.5,33.4,0.6,13.4,27.0,200,16.38,1006.0,loc_cuddalore,11.748,79.7714,ECMWF_ERA5_Reanalysis
2016-07-21,30.5,27.2,28.3,33.5,30.8,32.3,1.5,16.0,29.5,244,11.22,1005.3,loc_cuddalore,11.748,79.7714,ECMWF_ERA5_Reanalysis
2016-07-22,30.1,26.0,27.9,35.1,30.0,32.2,3.8,14.7,28.8,249,8.47,1004.7,loc_cuddalore,11.748,79.7714,ECMWF_ERA5_Reanalysis
2016-07-23,31.2,25.8,27.9,36.8,31.1,32.7,3.9,16.3,33.8,192,17.94,1004.5,loc_cuddalore,11.748,79.7714,ECMWF_ERA5_Reanalysis
2016-07-24,31.1,26.1,28.1,37.7,30.9,32.8,11.7,17.4,27.0,204,16.88,1004.5,loc_cuddalore,11.748,79.7714,ECMWF_ERA5_Reanalysis
2016-07-25,30.6,25.3,27.6,38.1,29.7,32.8,12.6,16.4,25.9,182,21.2,1005.2,loc_cuddalore,11.748,79.7714,ECMWF_ERA5_Reanalysis
2016-07-26,29.7,25.4,27.3,35.7,29.3,31.9,6.0,19.4,31.3,182,18.82,1005.5,loc_cuddalore,11.748,79.7714,ECMWF_ERA5_Reanalysis
2016-07-27,29.9,25.5,27.5,36.3,29.4,32.1,3.4,17.8,30.2,182,19.51,1005.8,loc_cuddalore,11.748,79.7714,ECMWF_ERA5_Reanalysis
2016-07-28,29.8,25.3,27.3,36.5,29.5,32.2,7.8,17.3,27.7,185,22.44,1005.7,loc_cuddalore,11.748,79.7714,ECMWF_ERA5_Reanalysis
2016-07-29,30.0,25.7,27.9,36.7,30.5,32.9,3.7,13.2,24.1,235,18.28,1005.4,loc_cuddalore,11.748,79.7714,ECMWF_ERA5_Reanalysis
2016-07-30,30.5,26.8,28.2,35.2,31.3,33.1,4.2,14.5,24.8,217,14.89,1005.6,loc_cuddalore,11.748,79.7714,ECMWF_ERA5_Reanalysis
2016-07-31,31.8,26.5,28.7,37.5,30.8,33.2,0.0,18.5,29.5,222,20.48,1006.4,loc_cuddalore,11.748,79.7714,ECMWF_ERA5_Reanalysis
2016-08-01,32.1,26.5,29.2,36.2,29.5,32.8,0.0,19.1,31.0,239,18.53,1005.6,loc_cuddalore,11.748,79.7714,ECMWF_ERA5_Reanalysis
2016-08-02,33.3,26.1,29.6,35.6,28.8,32.2,0.0,20.1,32.4,243,21.29,1003.8,loc_cuddalore,11.748,79.7714,ECMWF_ERA5_Reanalysis
2016-08-03,33.5,26.7,29.9,36.2,28.5,32.4,0.0,21.4,33.8,245,20.13,1003.2,loc_cuddalore,11.748,79.7714,ECMWF_ERA5_Reanalysis
2016-08-04,33.7,26.7,30.1,35.8,29.3,32.9,0.0,17.3,31.3,248,19.77,1004.2,loc_cuddalore,11.748,79.7714,ECMWF_ERA5_Reanalysis
2016-08-05,32.6,27.4,29.9,34.7,30.1,32.4,0.0,18.3,28.8,239,13.17,1005.1,loc_cuddalore,11.748,79.7714,ECMWF_ERA5_Reanalysis
2016-08-06,33.3,27.2,30.2,38.7,30.5,33.8,0.0,17.9,28.8,216,22.08,1005.2,loc_cuddalore,11.748,79.7714,ECMWF_ERA5_Reanalysis
2016-08-07,33.8,28.0,30.6,38.3,30.3,34.1,0.0,18.4,28.4,232,22.33,1006.1,loc_cuddalore,11.748,79.7714,ECMWF_ERA5_Reanalysis
2016-08-08,33.9,28.3,30.8,39.6,30.5,34.3,0.0,18.6,30.6,228,22.29,1006.6,loc_cuddalore,11.748,79.7714,ECMWF_ERA5_Reanalysis
2016-08-09,33.4,28.5,30.8,39.2,31.6,34.2,0.0,21.1,31.7,202,20.06,1006.3,loc_cuddalore,11.748,79.7714,ECMWF_ERA5_Reanalysis
2016-08-10,33.5,27.9,30.3,39.3,31.0,34.0,0.0,23.5,36.7,205,22.87,1006.6,loc_cuddalore,11.748,79.7714,ECMWF_ERA5_Reanalysis
2016-08-11,33.2,27.6,30.4,38.2,30.9,34.0,0.0,19.8,31.0,192,21.98,1007.3,loc_cuddalore,11.748,79.7714,ECMWF_ERA5_Reanalysis
2016-08-12,33.8,28.7,31.0,39.5,31.9,34.8,0.0,19.6,28.8,198,21.81,1007.0,loc_cuddalore,11.748,79.7714,ECMWF_ERA5_Reanalysis
2016-08-13,33.2,28.7,30.6,38.5,32.2,34.3,0.0,22.7,37.8,205,19.76,1006.1,loc_cuddalore,11.748,79.7714,ECMWF_ERA5_Reanalysis
2016-08-14,33.5,28.2,30.4,38.9,31.4,34.1,0.3,18.8,33.8,214,19.39,1005.4,loc_cuddalore,11.748,79.7714,ECMWF_ERA5_Reanalysis
2016-08-15,34.0,27.9,30.8,38.1,30.5,34.2,0.0,18.0,33.5,242,22.05,1004.7,loc_cuddalore,11.748,79.7714,ECMWF_ERA5_Reanalysis
2016-08-16,35.5,28.4,31.6,38.3,29.4,34.0,0.0,20.9,36.4,267,22.22,1003.6,loc_cuddalore,11.748,79.7714,ECMWF_ERA5_Reanalysis
2016-08-17,34.0,28.5,31.2,38.3,29.9,33.8,0.0,20.7,35.3,251,20.03,1003.3,loc_cuddalore,11.748,79.7714,ECMWF_ERA5_Reanalysis
2016-08-18,33.9,28.5,31.0,40.1,30.0,34.0,0.0,19.7,36.7,224,23.03,1003.6,loc_cuddalore,11.748,79.7714,ECMWF_ERA5_Reanalysis
2016-08-19,33.7,29.3,31.1,39.4,30.8,34.5,0.0,21.3,30.6,202,21.88,1004.0,loc_cuddalore,11.748,79.7714,ECMWF_ERA5_Reanalysis
2016-08-20,33.7,28.7,30.8,40.2,31.5,34.6,0.0,20.6,31.3,176,22.76,1004.1,loc_cuddalore,11.748,79.7714,ECMWF_ERA5_Reanalysis
2016-08-21,32.8,28.4,30.6,40.1,32.3,35.2,0.0,19.6,28.4,177,21.56,1004.7,loc_cuddalore,11.748,79.7714,ECMWF_ERA5_Reanalysis
2016-08-22,33.7,28.0,30.7,40.9,31.8,35.3,0.4,19.9,38.9,181,21.91,1005.4,loc_cuddalore,11.748,79.7714,ECMWF_ERA5_Reanalysis
2016-08-23,33.4,27.4,30.2,39.1,30.6,33.8,4.6,23.4,34.2,183,19.44,1005.6,loc_cuddalore,11.748,79.7714,ECMWF_ERA5_Reanalysis
2016-08-24,33.5,27.3,30.4,41.1,30.6,34.0,1.0,22.6,34.6,212,22.23,1004.4,loc_cuddalore,11.748,79.7714,ECMWF_ERA5_Reanalysis
2016-08-25,33.2,27.5,29.8,39.5,29.9,33.7,1.9,22.0,36.4,186,20.54,1005.1,loc_cuddalore,11.748,79.7714,ECMWF_ERA5_Reanalysis
2016-08-26,31.9,26.5,29.2,37.0,30.8,33.4,1.5,17.4,32.4,229,11.48,1005.2,loc_cuddalore,11.748,79.7714,ECMWF_ERA5_Reanalysis
2016-08-27,31.6,26.5,28.6,36.6,30.7,32.8,1.9,19.5,28.8,215,13.44,1005.3,loc_cuddalore,11.748,79.7714,ECMWF_ERA5_Reanalysis
2016-08-28,32.1,27.0,28.7,38.0,30.5,32.8,1.5,21.3,32.0,206,16.58,1005.7,loc_cuddalore,11.748,79.7714,ECMWF_ERA5_Reanalysis
2016-08-29,32.6,26.8,29.4,38.1,30.1,33.7,6.6,18.5,29.9,214,19.72,1004.8,loc_cuddalore,11.748,79.7714,ECMWF_ERA5_Reanalysis
2016-08-30,30.8,25.8,27.7,36.9,29.2,32.2,27.9,16.8,35.3,203,16.23,1004.3,loc_cuddalore,11.748,79.7714,ECMWF_ERA5_Reanalysis
2016-08-31,30.5,25.3,27.3,37.2,28.6,32.0,13.3,18.4,29.9,211,17.02,1005.4,loc_cuddalore,11.748,79.7714,ECMWF_ERA5_Reanalysis
2016-09-01,30.9,26.1,28.0,36.2,29.7,32.2,10.9,19.1,30.6,216,16.07,1006.4,loc_cuddalore,11.748,79.7714,ECMWF_ERA5_Reanalysis
2016-09-02,31.0,26.2,28.1,37.0,30.9,32.9,1.0,16.8,27.0,208,17.56,1006.7,loc_cuddalore,11.748,79.7714,ECMWF_ERA5_Reanalysis
2016-09-03,31.1,26.4,28.4,38.0,29.9,32.9,3.9,18.3,29.9,210,20.91,1006.5,loc_cuddalore,11.748,79.7714,ECMWF_ERA5_Reanalysis
2016-09-04,31.0,26.8,28.5,36.3,30.9,33.3,5.1,16.4,25.2,201,17.09,1007.7,loc_cuddalore,11.748,79.7714,ECMWF_ERA5_Reanalysis
2016-09-05,32.2,27.1,29.3,37.3,30.6,33.5,0.0,19.4,30.6,226,19.61,1008.1,loc_cuddalore,11.748,79.7714,ECMWF_ERA5_Reanalysis
2016-09-06,32.9,26.8,29.5,37.1,29.7,33.2,0.0,18.5,28.4,234,22.5,1008.2,loc_cuddalore,11.748,79.7714,ECMWF_ERA5_Reanalysis
2016-09-07,32.9,27.4,29.5,38.7,29.6,32.9,0.0,18.5,27.7,220,23.51,1007.1,loc_cuddalore,11.748,79.7714,ECMWF_ERA5_Reanalysis
2016-09-08,32.7,26.3,29.3,38.1,28.5,32.4,0.0,22.0,33.1,196,23.49,1006.8,loc_cuddalore,11.748,79.7714,ECMWF_ERA5_Reanalysis
2016-09-09,32.3,26.5,29.3,38.8,30.1,33.5,0.0,17.8,27.7,185,21.62,1007.0,loc_cuddalore,11.748,79.7714,ECMWF_ERA5_Reanalysis
2016-09-10,32.6,27.5,29.8,38.9,30.9,34.1,0.4,18.4,31.0,196,21.68,1006.1,loc_cuddalore,11.748,79.7714,ECMWF_ERA5_Reanalysis
2016-09-11,31.8,27.8,29.4,36.5,32.8,34.1,0.0,11.5,25.6,188,16.95,1005.5,loc_cuddalore,11.748,79.7714,ECMWF_ERA5_Reanalysis
2016-09-12,32.4,27.4,29.5,38.1,31.1,34.4,0.0,15.1,22.7,183,20.24,1004.9,loc_cuddalore,11.748,79.7714,ECMWF_ERA5_Reanalysis
2016-09-13,32.2,27.7,29.4,36.9,31.6,33.7,0.0,17.0,25.9,189,14.41,1005.3,loc_cuddalore,11.748,79.7714,ECMWF_ERA5_Reanalysis
2016-09-14,31.0,28.0,29.2,34.7,32.2,33.3,0.0,18.4,23.4,184,12.86,1005.3,loc_cuddalore,11.748,79.7714,ECMWF_ERA5_Reanalysis
2016-09-15,32.7,27.5,29.4,38.6,31.1,33.8,12.9,18.2,31.3,191,22.13,1004.9,loc_cuddalore,11.748,79.7714,ECMWF_ERA5_Reanalysis
2016-09-16,32.0,26.8,29.2,39.0,31.1,33.7,1.3,23.4,38.2,192,23.47,1004.8,loc_cuddalore,11.748,79.7714,ECMWF_ERA5_Reanalysis
2016-09-17,31.4,27.2,29.1,36.6,30.7,32.9,0.0,21.0,31.7,195,18.11,1005.4,loc_cuddalore,11.748,79.7714,ECMWF_ERA5_Reanalysis
2016-09-18,32.3,27.2,29.5,37.6,31.0,33.2,0.0,23.4,35.3,198,20.49,1006.3,loc_cuddalore,11.748,79.7714,ECMWF_ERA5_Reanalysis
2016-09-19,32.5,28.0,29.9,37.8,30.0,33.5,0.0,17.7,28.8,211,19.87,1006.2,loc_cuddalore,11.748,79.7714,ECMWF_ERA5_Reanalysis
2016-09-20,32.4,28.1,29.9,36.7,31.4,33.8,0.0,18.1,29.5,231,15.83,1005.2,loc_cuddalore,11.748,79.7714,ECMWF_ERA5_Reanalysis
2016-09-21,32.5,28.2,29.9,36.7,31.6,33.7,0.0,16.4,26.3,238,13.41,1005.4,loc_cuddalore,11.748,79.7714,ECMWF_ERA5_Reanalysis
2016-09-22,33.4,27.9,30.0,38.1,31.4,33.8,0.2,23.4,38.5,223,19.58,1005.4,loc_cuddalore,11.748,79.7714,ECMWF_ERA5_Reanalysis
2016-09-23,33.4,27.7,30.2,39.1,31.3,34.2,0.0,17.6,31.0,203,22.4,1003.8,loc_cuddalore,11.748,79.7714,ECMWF_ERA5_Reanalysis
2016-09-24,33.6,28.2,30.2,38.8,30.6,34.0,0.2,17.7,31.7,223,20.03,1002.8,loc_cuddalore,11.748,79.7714,ECMWF_ERA5_Reanalysis
2016-09-25,33.0,28.0,30.3,38.9,31.3,33.9,0.0,23.0,32.0,193,22.37,1003.4,loc_cuddalore,11.748,79.7714,ECMWF_ERA5_Reanalysis
2016-09-26,33.1,28.5,30.4,38.8,31.3,34.3,0.0,20.0,30.2,186,22.13,1004.8,loc_cuddalore,11.748,79.7714,ECMWF_ERA5_Reanalysis
2016-09-27,32.2,26.7,29.4,39.8,30.9,34.3,5.1,17.5,28.1,160,20.1,1005.7,loc_cuddalore,11.748,79.7714,ECMWF_ERA5_Reanalysis
2016-09-28,30.7,26.1,28.8,36.6,29.9,33.9,17.6,18.8,27.0,182,18.0,1005.4,loc_cuddalore,11.748,79.7714,ECMWF_ERA5_Reanalysis
2016-09-29,31.2,26.5,28.7,37.5,31.1,33.6,8.4,17.7,32.4,217,18.09,1004.7,loc_cuddalore,11.748,79.7714,ECMWF_ERA5_Reanalysis
2016-09-30,31.4,26.0,28.4,37.3,30.2,33.0,1.9,21.3,29.2,197,16.19,1004.0,loc_cuddalore,11.748,79.7714,ECMWF_ERA5_Reanalysis
2016-10-01,31.5,27.1,28.9,37.8,30.2,32.9,0.0,22.6,33.1,199,20.38,1005.0,loc_cuddalore,11.748,79.7714,ECMWF_ERA5_Reanalysis
2016-10-02,31.6,26.9,28.9,38.4,30.9,33.5,0.0,19.4,29.9,181,22.23,1007.1,loc_cuddalore,11.748,79.7714,ECMWF_ERA5_Reanalysis
2016-10-03,31.0,26.5,28.6,36.9,30.6,33.0,0.0,18.7,28.4,176,21.53,1007.1,loc_cuddalore,11.748,79.7714,ECMWF_ERA5_Reanalysis
2016-10-04,32.3,27.0,29.1,39.4,31.1,34.1,0.2,16.0,24.8,183,21.72,1007.0,loc_cuddalore,11.748,79.7714,ECMWF_ERA5_Reanalysis
2016-10-05,32.4,26.9,29.3,37.5,31.8,34.0,1.2,15.2,23.8,207,19.37,1006.8,loc_cuddalore,11.748,79.7714,ECMWF_ERA5_Reanalysis
2016-10-06,32.8,27.7,29.8,38.9,31.0,34.2,0.0,15.8,24.8,187,22.02,1006.6,loc_cuddalore,11.748,79.7714,ECMWF_ERA5_Reanalysis
2016-10-07,32.5,27.8,29.8,39.0,31.4,34.3,0.0,17.7,31.3,185,20.36,1006.9,loc_cuddalore,11.748,79.7714,ECMWF_ERA5_Reanalysis
2016-10-08,33.0,27.3,29.4,38.5,30.4,32.8,0.0,26.3,39.2,188,20.26,1007.3,loc_cuddalore,11.748,79.7714,ECMWF_ERA5_Reanalysis
2016-10-09,33.1,27.3,29.8,38.2,30.0,33.1,0.0,21.8,34.9,193,22.55,1007.4,loc_cuddalore,11.748,79.7714,ECMWF_ERA5_Reanalysis
2016-10-10,33.3,27.9,30.2,38.6,31.0,33.8,0.0,18.4,28.8,201,21.21,1006.6,loc_cuddalore,11.748,79.7714,ECMWF_ERA5_Reanalysis
2016-10-11,32.5,28.1,30.0,36.7,32.3,34.2,0.8,15.6,37.1,220,16.51,1006.8,loc_cuddalore,11.748,79.7714,ECMWF_ERA5_Reanalysis
2016-10-12,32.4,26.7,29.3,39.0,32.0,34.4,8.4,11.2,22.7,212,17.24,1006.8,loc_cuddalore,11.748,79.7714,ECMWF_ERA5_Reanalysis
2016-10-13,32.0,26.4,28.9,38.2,30.8,33.9,0.0,14.1,20.5,19,21.61,1007.4,loc_cuddalore,11.748,79.7714,ECMWF_ERA5_Reanalysis
2016-10-14,31.2,26.6,28.8,36.4,32.1,33.7,0.0,13.7,23.4,64,21.07,1008.0,loc_cuddalore,11.748,79.7714,ECMWF_ERA5_Reanalysis
2016-10-15,30.7,25.8,28.4,35.4,30.5,32.8,0.0,14.5,21.6,70,20.73,1008.8,loc_cuddalore,11.748,79.7714,ECMWF_ERA5_Reanalysis
2016-10-16,30.5,25.4,28.0,35.7,29.5,32.2,0.3,14.6,20.2,56,20.49,1009.2,loc_cuddalore,11.748,79.7714,ECMWF_ERA5_Reanalysis
2016-10-17,30.8,25.2,28.2,36.9,29.2,32.2,0.2,13.6,19.4,63,20.82,1008.3,loc_cuddalore,11.748,79.7714,ECMWF_ERA5_Reanalysis
2016-10-18,31.9,25.8,28.7,37.3,29.6,32.5,0.0,16.6,25.6,54,21.58,1007.4,loc_cuddalore,11.748,79.7714,ECMWF_ERA5_Reanalysis
2016-10-19,32.2,25.8,29.0,37.6,29.2,32.7,0.0,14.5,25.2,86,22.68,1006.5,loc_cuddalore,11.748,79.7714,ECMWF_ERA5_Reanalysis
2016-10-20,31.5,26.5,29.1,37.2,31.4,33.3,0.0,12.4,19.4,136,19.89,1005.9,loc_cuddalore,11.748,79.7714,ECMWF_ERA5_Reanalysis
2016-10-21,30.7,26.5,28.3,36.2,30.5,32.6,4.9,18.4,33.8,175,16.45,1007.1,loc_cuddalore,11.748,79.7714,ECMWF_ERA5_Reanalysis
2016-10-22,30.1,25.9,27.8,36.1,30.1,32.4,0.3,15.1,23.0,160,18.94,1008.3,loc_cuddalore,11.748,79.7714,ECMWF_ERA5_Reanalysis
2016-10-23,29.2,25.9,27.6,34.5,31.0,32.4,4.1,14.9,25.9,151,16.95,1009.0,loc_cuddalore,11.748,79.7714,ECMWF_ERA5_Reanalysis
2016-10-24,30.1,25.7,27.8,35.8,30.4,32.3,0.1,16.4,25.6,141,18.31,1008.6,loc_cuddalore,11.748,79.7714,ECMWF_ERA5_Reanalysis
2016-10-25,31.3,25.7,28.4,35.9,30.3,32.0,0.0,15.9,27.4,130,21.79,1007.8,loc_cuddalore,11.748,79.7714,ECMWF_ERA5_Reanalysis
2016-10-26,31.9,25.2,28.5,36.0,28.6,31.4,0.0,17.1,27.7,118,22.44,1007.9,loc_cuddalore,11.748,79.7714,ECMWF_ERA5_Reanalysis
2016-10-27,32.3,25.5,28.8,35.9,28.5,31.5,0.0,14.2,23.8,228,20.67,1008.9,loc_cuddalore,11.748,79.7714,ECMWF_ERA5_Reanalysis
2016-10-28,31.8,26.3,29.0,36.9,30.6,33.1,0.0,16.4,27.0,157,19.97,1008.4,loc_cuddalore,11.748,79.7714,ECMWF_ERA5_Reanalysis
2016-10-29,32.0,26.9,29.0,38.2,31.3,33.9,1.0,16.0,31.0,133,19.35,1008.0,loc_cuddalore,11.748,79.7714,ECMWF_ERA5_Reanalysis
2016-10-30,28.9,24.6,26.5,33.5,28.7,30.7,14.2,14.0,28.1,30,13.55,1009.2,loc_cuddalore,11.748,79.7714,ECMWF_ERA5_Reanalysis
2016-10-31,27.9,25.1,26.5,32.9,29.5,31.1,5.7,13.8,26.3,65,14.8,1011.1,loc_cuddalore,11.748,79.7714,ECMWF_ERA5_Reanalysis
2016-11-01,29.5,25.7,27.3,34.0,29.6,31.3,2.8,19.4,30.2,38,20.3,1010.4,loc_cuddalore,11.748,79.7714,ECMWF_ERA5_Reanalysis
2016-11-02,28.2,25.0,26.6,31.4,28.6,29.9,5.2,21.9,35.3,25,14.5,1009.7,loc_cuddalore,11.748,79.7714,ECMWF_ERA5_Reanalysis
2016-11-03,29.1,25.2,27.0,33.9,28.9,31.1,7.7,16.9,32.4,12,14.49,1008.9,loc_cuddalore,11.748,79.7714,ECMWF_ERA5_Reanalysis
2016-11-04,31.2,25.6,28.2,36.7,29.9,32.4,0.0,22.2,35.3,234,20.15,1007.6,loc_cuddalore,11.748,79.7714,ECMWF_ERA5_Reanalysis
2016-11-05,31.3,25.9,28.3,38.1,29.3,32.6,0.0,18.4,28.8,171,21.27,1007.0,loc_cuddalore,11.748,79.7714,ECMWF_ERA5_Reanalysis
2016-11-06,30.2,25.7,28.1,36.4,31.6,33.3,0.1,13.5,19.4,145,19.09,1008.7,loc_cuddalore,11.748,79.7714,ECMWF_ERA5_Reanalysis
2016-11-07,29.8,25.9,27.8,36.1,31.2,32.7,0.9,11.8,17.3,105,19.12,1010.3,loc_cuddalore,11.748,79.7714,ECMWF_ERA5_Reanalysis
2016-11-08,29.3,26.0,27.5,33.6,28.9,30.8,0.3,19.7,29.9,49,18.44,1011.0,loc_cuddalore,11.748,79.7714,ECMWF_ERA5_Reanalysis
2016-11-09,30.1,25.4,27.4,31.2,26.9,28.5,0.0,21.7,36.0,43,22.42,1012.1,loc_cuddalore,11.748,79.7714,ECMWF_ERA5_Reanalysis
2016-11-10,29.8,24.0,27.0,32.6,26.0,28.5,0.0,19.8,31.0,39,21.37,1011.5,loc_cuddalore,11.748,79.7714,ECMWF_ERA5_Reanalysis
2016-11-11,29.7,24.8,27.1,33.0,27.6,29.4,0.0,18.2,29.5,46,19.83,1010.8,loc_cuddalore,11.748,79.7714,ECMWF_ERA5_Reanalysis
2016-11-12,30.0,25.0,27.2,33.7,28.2,30.2,0.0,21.2,34.9,44,18.1,1011.1,loc_cuddalore,11.748,79.7714,ECMWF_ERA5_Reanalysis
2016-11-13,27.8,24.9,26.3,31.7,29.0,30.2,13.3,18.5,29.9,56,14.81,1012.0,loc_cuddalore,11.748,79.7714,ECMWF_ERA5_Reanalysis
2016-11-14,28.8,25.1,26.7,34.3,29.6,31.3,4.4,16.2,29.2,61,16.92,1011.8,loc_cuddalore,11.748,79.7714,ECMWF_ERA5_Reanalysis
2016-11-15,29.1,25.8,27.3,34.0,30.3,31.5,0.1,16.1,28.1,53,20.15,1011.1,loc_cuddalore,11.748,79.7714,ECMWF_ERA5_Reanalysis
2016-11-16,28.6,24.8,26.8,32.7,28.5,30.4,2.9,22.4,36.4,45,16.53,1010.8,loc_cuddalore,11.748,79.7714,ECMWF_ERA5_Reanalysis
2016-11-17,29.4,26.0,27.3,32.4,29.1,30.1,0.7,25.8,41.8,43,19.24,1010.9,loc_cuddalore,11.748,79.7714,ECMWF_ERA5_Reanalysis
2016-11-18,29.2,25.3,26.9,31.2,27.3,28.6,1.4,27.1,45.0,25,16.89,1010.2,loc_cuddalore,11.748,79.7714,ECMWF_ERA5_Reanalysis
2016-11-19,28.2,24.9,26.7,29.1,26.9,28.0,0.0,24.0,38.5,26,12.38,1009.5,loc_cuddalore,11.748,79.7714,ECMWF_ERA5_Reanalysis
2016-11-20,28.5,25.1,26.7,29.9,27.4,28.6,0.0,22.3,36.0,22,10.43,1009.9,loc_cuddalore,11.748,79.7714,ECMWF_ERA5_Reanalysis
2016-11-21,29.1,24.6,26.7,30.3,26.4,28.4,0.0,23.7,36.0,26,16.34,1010.2,loc_cuddalore,11.748,79.7714,ECMWF_ERA5_Reanalysis
2016-11-22,28.9,24.0,26.3,30.6,25.8,28.0,0.0,19.8,33.5,25,15.92,1010.1,loc_cuddalore,11.748,79.7714,ECMWF_ERA5_Reanalysis
2016-11-23,28.8,23.8,26.2,31.1,26.1,28.0,0.0,19.9,33.5,39,20.46,1010.2,loc_cuddalore,11.748,79.7714,ECMWF_ERA5_Reanalysis
2016-11-24,28.8,23.7,26.2,30.0,25.4,27.2,0.0,21.1,36.0,38,20.42,1010.8,loc_cuddalore,11.748,79.7714,ECMWF_ERA5_Reanalysis
2016-11-25,29.0,23.5,26.2,29.8,24.3,26.9,0.0,23.7,37.8,27,17.68,1010.1,loc_cuddalore,11.748,79.7714,ECMWF_ERA5_Reanalysis
2016-11-26,29.1,23.8,26.3,30.9,25.7,27.7,0.0,20.1,33.5,30,19.03,1011.1,loc_cuddalore,11.748,79.7714,ECMWF_ERA5_Reanalysis
2016-11-27,29.3,22.2,25.6,31.2,24.4,27.4,0.0,18.3,30.6,38,21.6,1010.8,loc_cuddalore,11.748,79.7714,ECMWF_ERA5_Reanalysis
2016-11-28,28.4,20.7,25.0,32.2,23.3,27.7,0.0,12.3,22.3,47,19.65,1010.9,loc_cuddalore,11.748,79.7714,ECMWF_ERA5_Reanalysis
2016-11-29,28.4,21.4,25.2,31.7,24.3,27.9,0.0,14.5,24.8,45,18.71,1011.8,loc_cuddalore,11.748,79.7714,ECMWF_ERA5_Reanalysis
2016-11-30,28.9,23.1,26.1,29.7,25.5,27.3,0.0,24.7,38.2,10,15.7,1011.4,loc_cuddalore,11.748,79.7714,ECMWF_ERA5_Reanalysis
2016-12-01,26.3,23.7,25.1,29.7,23.3,26.1,15.5,31.3,52.6,2,7.98,1008.4,loc_cuddalore,11.748,79.7714,ECMWF_ERA5_Reanalysis
2016-12-02,25.8,24.5,25.3,28.4,26.0,27.2,3.9,27.2,43.9,109,7.46,1009.8,loc_cuddalore,11.748,79.7714,ECMWF_ERA5_Reanalysis
2016-12-03,28.1,24.2,26.1,32.3,28.3,30.1,3.9,12.9,23.0,107,16.53,1012.5,loc_cuddalore,11.748,79.7714,ECMWF_ERA5_Reanalysis
2016-12-04,27.6,24.2,25.7,32.6,28.3,29.7,2.4,19.8,31.7,39,15.69,1013.4,loc_cuddalore,11.748,79.7714,ECMWF_ERA5_Reanalysis
2016-12-05,28.2,24.1,26.1,30.8,27.5,28.9,0.4,23.1,37.4,23,16.88,1012.1,loc_cuddalore,11.748,79.7714,ECMWF_ERA5_Reanalysis
2016-12-06,28.4,24.4,26.2,29.3,25.4,27.1,0.0,25.4,41.0,27,18.08,1011.5,loc_cuddalore,11.748,79.7714,ECMWF_ERA5_Reanalysis
2016-12-07,27.4,23.2,25.3,29.8,24.0,27.3,1.2,18.1,30.6,7,12.53,1011.3,loc_cuddalore,11.748,79.7714,ECMWF_ERA5_Reanalysis
2016-12-08,28.4,24.1,26.1,30.9,27.5,28.9,1.6,20.7,33.1,32,15.77,1010.9,loc_cuddalore,11.748,79.7714,ECMWF_ERA5_Reanalysis
2016-12-09,28.8,23.4,26.0,31.7,26.5,28.6,0.0,18.9,29.9,27,18.51,1009.5,loc_cuddalore,11.748,79.7714,ECMWF_ERA5_Reanalysis
2016-12-10,29.5,22.5,26.0,31.7,24.3,27.7,0.0,14.6,23.4,6,19.75,1008.6,loc_cuddalore,11.748,79.7714,ECMWF_ERA5_Reanalysis
2016-12-11,30.8,22.5,26.7,31.2,23.1,27.7,0.0,16.3,27.0,314,16.39,1006.8,loc_cuddalore,11.748,79.7714,ECMWF_ERA5_Reanalysis
2016-12-12,29.2,24.1,25.9,28.2,22.5,25.4,26.3,40.4,57.6,234,6.84,1003.7,loc_cuddalore,11.748,79.7714,ECMWF_ERA5_Reanalysis
2016-12-13,27.7,23.6,25.5,32.4,24.3,28.2,12.5,35.9,60.8,159,13.85,1007.1,loc_cuddalore,11.748,79.7714,ECMWF_ERA5_Reanalysis
2016-12-14,26.8,24.1,25.4,31.1,27.9,29.3,2.6,16.6,28.4,104,16.56,1010.3,loc_cuddalore,11.748,79.7714,ECMWF_ERA5_Reanalysis
2016-12-15,27.8,23.8,25.6,31.3,27.5,29.0,2.0,16.1,27.7,45,18.01,1011.6,loc_cuddalore,11.748,79.7714,ECMWF_ERA5_Reanalysis
2016-12-16,27.2,23.8,25.3,29.9,26.7,28.0,2.9,20.9,34.2,39,14.32,1012.9,loc_cuddalore,11.748,79.7714,ECMWF_ERA5_Reanalysis
2016-12-17,27.5,23.8,25.5,30.0,26.3,27.7,0.0,20.2,32.0,34,18.06,1013.3,loc_cuddalore,11.748,79.7714,ECMWF_ERA5_Reanalysis
2016-12-18,27.5,23.2,25.3,29.5,25.7,27.2,0.0,20.0,32.4,31,17.38,1013.1,loc_cuddalore,11.748,79.7714,ECMWF_ERA5_Reanalysis
2016-12-19,27.4,23.1,25.3,28.9,24.6,26.4,0.0,23.7,40.0,23,18.37,1012.7,loc_cuddalore,11.748,79.7714,ECMWF_ERA5_Reanalysis
2016-12-20,27.4,23.8,25.5,29.3,24.9,27.3,0.1,23.5,36.7,19,10.11,1012.2,loc_cuddalore,11.748,79.7714,ECMWF_ERA5_Reanalysis
2016-12-21,27.8,24.3,25.8,30.8,26.8,28.6,0.1,16.8,27.7,37,14.17,1013.0,loc_cuddalore,11.748,79.7714,ECMWF_ERA5_Reanalysis
2016-12-22,28.5,23.1,25.5,31.7,25.8,28.1,0.0,16.2,24.1,36,20.83,1012.4,loc_cuddalore,11.748,79.7714,ECMWF_ERA5_Reanalysis
2016-12-23,27.5,21.5,24.7,30.7,23.8,26.8,0.0,13.0,22.3,47,21.14,1011.3,loc_cuddalore,11.748,79.7714,ECMWF_ERA5_Reanalysis
2016-12-24,27.2,19.7,24.0,29.7,21.4,25.6,0.0,15.4,26.6,54,20.94,1010.3,loc_cuddalore,11.748,79.7714,ECMWF_ERA5_Reanalysis
2016-12-25,27.3,21.1,24.4,29.3,22.7,25.5,0.0,14.7,23.8,46,19.61,1011.4,loc_cuddalore,11.748,79.7714,ECMWF_ERA5_Reanalysis
2016-12-26,27.9,21.9,25.0,29.2,22.9,26.2,0.0,19.2,30.2,16,18.32,1011.3,loc_cuddalore,11.748,79.7714,ECMWF_ERA5_Reanalysis
2016-12-27,28.8,23.6,26.0,30.5,25.0,27.5,1.0,24.2,40.0,20,16.55,1010.9,loc_cuddalore,11.748,79.7714,ECMWF_ERA5_Reanalysis
2016-12-28,27.5,24.5,25.9,28.7,26.1,27.4,2.7,24.5,38.2,37,11.1,1011.6,loc_cuddalore,11.748,79.7714,ECMWF_ERA5_Reanalysis
2016-12-29,27.8,23.8,25.5,28.9,24.5,26.4,0.0,24.8,39.2,31,19.62,1012.4,loc_cuddalore,11.748,79.7714,ECMWF_ERA5_Reanalysis
2016-12-30,28.2,22.8,25.4,29.6,24.3,26.4,0.0,18.9,31.3,33,20.19,1013.1,loc_cuddalore,11.748,79.7714,ECMWF_ERA5_Reanalysis
2016-12-31,28.0,22.7,25.2,29.5,23.9,26.3,0.0,18.6,31.7,31,20.89,1012.5,loc_cuddalore,11.748,79.7714,ECMWF_ERA5_Reanalysis
2017-01-01,28.2,22.1,25.5,30.8,24.0,27.6,0.5,19.9,41.0,33,17.27,1012.4,loc_cuddalore,11.748,79.7714,ECMWF_ERA5_Reanalysis
2017-01-02,29.0,21.7,25.6,31.7,24.3,28.0,2.2,19.9,40.3,34,17.08,1012.5,loc_cuddalore,11.748,79.7714,ECMWF_ERA5_Reanalysis
2017-01-03,29.8,21.5,25.5,32.1,24.3,27.6,0.0,22.2,43.2,35,20.99,1012.2,loc_cuddalore,11.748,79.7714,ECMWF_ERA5_Reanalysis
2017-01-04,29.0,20.2,25.0,31.1,22.4,27.0,0.0,18.5,36.4,48,21.34,1012.1,loc_cuddalore,11.748,79.7714,ECMWF_ERA5_Reanalysis
2017-01-05,28.6,21.3,25.3,30.9,24.3,27.4,0.0,18.8,38.2,48,20.25,1011.6,loc_cuddalore,11.748,79.7714,ECMWF_ERA5_Reanalysis
2017-01-06,28.8,20.8,25.1,31.2,23.7,27.2,0.4,18.4,38.9,56,19.16,1011.3,loc_cuddalore,11.748,79.7714,ECMWF_ERA5_Reanalysis
2017-01-07,28.2,21.5,25.2,30.7,24.2,26.8,0.0,16.4,32.8,71,18.92,1010.1,loc_cuddalore,11.748,79.7714,ECMWF_ERA5_Reanalysis
2017-01-08,27.8,20.3,24.5,29.5,22.8,25.8,0.0,16.4,35.3,60,19.86,1009.9,loc_cuddalore,11.748,79.7714,ECMWF_ERA5_Reanalysis
2017-01-09,28.2,19.4,24.3,30.7,21.8,25.7,0.0,16.6,33.5,59,21.09,1010.0,loc_cuddalore,11.748,79.7714,ECMWF_ERA5_Reanalysis
2017-01-10,28.5,19.5,24.6,31.5,21.3,26.6,0.0,14.8,31.7,70,21.02,1010.4,loc_cuddalore,11.748,79.7714,ECMWF_ERA5_Reanalysis
2017-01-11,29.7,20.2,25.0,32.5,22.9,27.3,0.0,17.4,32.0,69,19.6,1010.7,loc_cuddalore,11.748,79.7714,ECMWF_ERA5_Reanalysis
2017-01-12,28.0,21.2,25.1,31.1,24.3,27.9,0.5,13.8,30.6,68,18.51,1010.5,loc_cuddalore,11.748,79.7714,ECMWF_ERA5_Reanalysis
2017-01-13,28.2,22.7,25.5,29.8,26.1,27.7,0.6,16.0,32.8,73,15.94,1010.7,loc_cuddalore,11.748,79.7714,ECMWF_ERA5_Reanalysis
2017-01-14,28.8,21.4,25.5,30.6,24.6,27.4,0.3,19.0,40.0,60,20.21,1011.8,loc_cuddalore,11.748,79.7714,ECMWF_ERA5_Reanalysis
2017-01-15,27.4,21.3,25.3,28.2,23.6,26.7,0.7,22.1,45.0,55,16.54,1013.6,loc_cuddalore,11.748,79.7714,ECMWF_ERA5_Reanalysis
2017-01-16,27.8,22.2,25.2,29.3,24.9,26.4,1.1,20.3,40.0,54,17.73,1013.5,loc_cuddalore,11.748,79.7714,ECMWF_ERA5_Reanalysis
2017-01-17,27.9,19.7,24.3,29.3,21.5,25.4,0.0,19.5,40.3,42,22.03,1013.5,loc_cuddalore,11.748,79.7714,ECMWF_ERA5_Reanalysis
2017-01-18,28.3,21.2,25.1,28.2,22.9,25.4,0.0,22.9,43.9,35,19.06,1014.3,loc_cuddalore,11.748,79.7714,ECMWF_ERA5_Reanalysis
2017-01-19,28.1,23.4,25.7,28.2,24.8,26.0,0.1,23.7,46.4,41,16.52,1014.1,loc_cuddalore,11.748,79.7714,ECMWF_ERA5_Reanalysis
2017-01-20,28.5,22.1,25.2,28.4,22.6,26.1,2.2,28.3,54.0,24,13.77,1013.4,loc_cuddalore,11.748,79.7714,ECMWF_ERA5_Reanalysis
2017-01-21,28.0,23.5,25.5,30.8,26.1,28.2,7.7,24.5,48.2,45,14.61,1013.7,loc_cuddalore,11.748,79.7714,ECMWF_ERA5_Reanalysis
2017-01-22,28.8,22.9,25.7,30.5,25.5,27.8,0.0,23.2,45.7,29,19.35,1014.9,loc_cuddalore,11.748,79.7714,ECMWF_ERA5_Reanalysis
2017-01-23,28.8,22.1,25.2,30.1,24.1,27.1,0.0,23.7,46.4,25,19.82,1014.7,loc_cuddalore,11.748,79.7714,ECMWF_ERA5_Reanalysis
2017-01-24,28.7,22.2,25.5,30.1,24.9,27.0,0.0,25.0,48.2,33,17.93,1013.8,loc_cuddalore,11.748,79.7714,ECMWF_ERA5_Reanalysis
2017-01-25,28.5,24.3,26.3,29.7,25.8,27.2,0.2,23.2,45.7,41,19.28,1013.8,loc_cuddalore,11.748,79.7714,ECMWF_ERA5_Reanalysis
2017-01-26,25.7,23.0,24.3,28.8,26.1,27.5,34.2,18.7,37.8,45,4.69,1013.3,loc_cuddalore,11.748,79.7714,ECMWF_ERA5_Reanalysis
2017-01-27,25.5,23.8,24.4,28.9,27.2,28.2,28.7,18.1,34.9,64,4.77,1012.4,loc_cuddalore,11.748,79.7714,ECMWF_ERA5_Reanalysis
2017-01-28,27.1,23.6,25.1,29.9,27.4,28.5,13.5,20.8,41.0,51,13.53,1012.2,loc_cuddalore,11.748,79.7714,ECMWF_ERA5_Reanalysis
2017-01-29,28.1,23.3,25.6,32.8,27.7,29.7,1.2,17.1,34.2,52,20.06,1012.7,loc_cuddalore,11.748,79.7714,ECMWF_ERA5_Reanalysis
2017-01-30,27.6,22.5,25.0,31.3,25.8,28.3,0.1,15.3,32.4,37,20.53,1012.8,loc_cuddalore,11.748,79.7714,ECMWF_ERA5_Reanalysis
2017-01-31,27.2,22.2,24.4,30.7,25.6,27.5,0.0,13.9,30.2,70,20.57,1012.5,loc_cuddalore,11.748,79.7714,ECMWF_ERA5_Reanalysis
2017-02-01,27.2,21.3,24.0,31.0,24.4,27.1,0.0,11.6,27.4,59,22.05,1013.1,loc_cuddalore,11.748,79.7714,ECMWF_ERA5_Reanalysis
2017-02-02,27.3,21.0,23.9,30.6,24.0,26.7,0.0,14.7,29.9,48,22.11,1014.6,loc_cuddalore,11.748,79.7714,ECMWF_ERA5_Reanalysis
2017-02-03,27.6,20.7,24.2,31.0,23.2,26.7,0.0,17.4,34.6,32,22.92,1014.1,loc_cuddalore,11.748,79.7714,ECMWF_ERA5_Reanalysis
2017-02-04,27.5,20.9,24.4,30.2,23.5,26.5,0.0,14.4,31.0,50,22.55,1013.1,loc_cuddalore,11.748,79.7714,ECMWF_ERA5_Reanalysis
2017-02-05,27.5,20.8,24.1,29.9,22.9,26.0,0.0,12.4,27.4,62,21.64,1012.9,loc_cuddalore,11.748,79.7714,ECMWF_ERA5_Reanalysis
2017-02-06,28.0,18.9,23.9,32.1,20.9,26.2,0.0,11.0,25.2,86,23.22,1012.5,loc_cuddalore,11.748,79.7714,ECMWF_ERA5_Reanalysis
2017-02-07,28.0,18.5,23.5,32.7,20.4,26.3,0.0,11.2,26.6,90,23.6,1012.1,loc_cuddalore,11.748,79.7714,ECMWF_ERA5_Reanalysis
2017-02-08,28.4,18.3,23.6,32.2,20.0,26.0,0.0,13.0,28.1,74,24.05,1012.6,loc_cuddalore,11.748,79.7714,ECMWF_ERA5_Reanalysis
2017-02-09,27.6,18.6,23.7,31.4,20.6,26.1,0.0,13.7,30.6,71,23.37,1012.2,loc_cuddalore,11.748,79.7714,ECMWF_ERA5_Reanalysis
2017-02-10,28.0,20.4,24.2,30.3,21.9,26.2,0.0,12.9,25.6,63,20.38,1011.6,loc_cuddalore,11.748,79.7714,ECMWF_ERA5_Reanalysis
2017-02-11,27.9,21.0,24.5,30.2,22.5,26.3,0.0,16.2,31.7,75,20.25,1012.5,loc_cuddalore,11.748,79.7714,ECMWF_ERA5_Reanalysis
2017-02-12,27.2,21.4,24.5,27.8,23.2,25.9,0.0,17.1,35.6,56,15.97,1014.1,loc_cuddalore,11.748,79.7714,ECMWF_ERA5_Reanalysis
2017-02-13,28.9,22.0,25.8,31.4,24.7,27.7,0.1,22.7,43.9,44,20.19,1015.2,loc_cuddalore,11.748,79.7714,ECMWF_ERA5_Reanalysis
2017-02-14,28.9,24.8,26.6,31.0,27.1,28.4,2.7,26.6,52.2,50,19.69,1015.9,loc_cuddalore,11.748,79.7714,ECMWF_ERA5_Reanalysis
2017-02-15,29.0,23.1,25.9,31.1,26.3,28.1,0.0,22.0,44.6,40,22.83,1016.3,loc_cuddalore,11.748,79.7714,ECMWF_ERA5_Reanalysis
2017-02-16,28.3,22.8,25.3,30.5,25.1,27.0,0.0,18.6,38.5,39,23.4,1014.8,loc_cuddalore,11.748,79.7714,ECMWF_ERA5_Reanalysis
2017-02-17,28.1,20.0,24.3,30.1,22.1,26.0,0.0,17.4,38.2,40,22.86,1013.7,loc_cuddalore,11.748,79.7714,ECMWF_ERA5_Reanalysis
2017-02-18,28.5,19.7,23.9,31.3,21.7,26.0,0.0,15.1,34.2,45,23.73,1014.1,loc_cuddalore,11.748,79.7714,ECMWF_ERA5_Reanalysis
2017-02-19,28.5,19.9,24.1,32.7,22.0,26.7,0.0,13.7,32.4,76,23.77,1013.3,loc_cuddalore,11.748,79.7714,ECMWF_ERA5_Reanalysis
2017-02-20,30.7,19.6,25.0,35.2,21.8,27.8,0.0,13.4,29.9,158,23.31,1010.1,loc_cuddalore,11.748,79.7714,ECMWF_ERA5_Reanalysis
2017-02-21,30.7,20.8,25.6,35.7,23.6,28.8,0.0,17.1,34.9,155,24.54,1009.4,loc_cuddalore,11.748,79.7714,ECMWF_ERA5_Reanalysis
2017-02-22,29.8,20.8,25.3,34.3,23.9,28.8,0.0,15.0,32.0,146,24.06,1009.9,loc_cuddalore,11.748,79.7714,ECMWF_ERA5_Reanalysis
2017-02-23,29.5,22.2,25.7,34.0,26.1,29.2,0.0,13.7,31.7,130,23.87,1011.4,loc_cuddalore,11.748,79.7714,ECMWF_ERA5_Reanalysis
2017-02-24,29.3,22.4,25.6,33.8,25.7,29.1,0.0,13.1,31.0,104,23.72,1012.2,loc_cuddalore,11.748,79.7714,ECMWF_ERA5_Reanalysis
2017-02-25,29.2,20.6,24.8,33.6,23.5,28.3,0.0,13.7,29.9,75,24.05,1012.0,loc_cuddalore,11.748,79.7714,ECMWF_ERA5_Reanalysis
2017-02-26,29.3,20.6,25.5,33.7,23.8,29.0,0.0,17.3,36.7,75,23.49,1010.4,loc_cuddalore,11.748,79.7714,ECMWF_ERA5_Reanalysis
2017-02-27,28.9,22.0,25.8,32.5,25.3,28.8,0.1,16.2,33.5,57,20.88,1011.2,loc_cuddalore,11.748,79.7714,ECMWF_ERA5_Reanalysis
2017-02-28,29.9,24.1,26.5,33.5,27.5,29.3,0.3,19.3,40.0,42,22.94,1011.4,loc_cuddalore,11.748,79.7714,ECMWF_ERA5_Reanalysis
2017-03-01,29.3,22.5,25.7,32.9,26.3,28.8,0.0,15.5,34.2,53,24.7,1011.3,loc_cuddalore,11.748,79.7714,ECMWF_ERA5_Reanalysis
2017-03-02,29.3,22.1,25.8,32.2,25.6,28.9,0.0,20.3,41.8,46,20.14,1010.3,loc_cuddalore,11.748,79.7714,ECMWF_ERA5_Reanalysis
2017-03-03,29.2,23.0,26.1,32.7,26.8,29.9,8.0,18.7,39.6,63,17.2,1008.1,loc_cuddalore,11.748,79.7714,ECMWF_ERA5_Reanalysis
2017-03-04,27.5,24.5,25.9,32.2,28.6,30.4,11.0,14.5,31.0,117,12.13,1007.7,loc_cuddalore,11.748,79.7714,ECMWF_ERA5_Reanalysis
2017-03-05,30.0,24.2,26.8,35.5,29.1,31.6,0.6,16.8,34.6,159,18.47,1007.3,loc_cuddalore,11.748,79.7714,ECMWF_ERA5_Reanalysis
2017-03-06,29.9,25.0,27.2,35.7,30.1,32.0,1.3,19.4,37.8,157,18.99,1007.0,loc_cuddalore,11.748,79.7714,ECMWF_ERA5_Reanalysis
2017-03-07,29.2,26.0,27.4,34.4,30.6,31.9,1.6,20.2,40.3,152,17.99,1007.3,loc_cuddalore,11.748,79.7714,ECMWF_ERA5_Reanalysis
2017-03-08,29.8,24.8,27.4,35.2,28.9,32.3,5.4,16.6,34.6,153,19.58,1007.3,loc_cuddalore,11.748,79.7714,ECMWF_ERA5_Reanalysis
2017-03-09,29.7,25.6,27.5,35.7,29.8,32.0,9.6,19.4,34.9,157,17.36,1007.0,loc_cuddalore,11.748,79.7714,ECMWF_ERA5_Reanalysis
2017-03-10,29.0,25.6,27.3,34.6,30.5,32.0,10.8,18.7,34.9,168,17.4,1007.3,loc_cuddalore,11.748,79.7714,ECMWF_ERA5_Reanalysis
2017-03-11,31.0,25.4,28.0,37.3,30.6,32.7,3.6,22.8,46.1,174,20.39,1008.7,loc_cuddalore,11.748,79.7714,ECMWF_ERA5_Reanalysis
2017-03-12,31.4,25.8,28.1,37.4,30.4,32.8,0.3,18.4,37.8,167,20.96,1009.0,loc_cuddalore,11.748,79.7714,ECMWF_ERA5_Reanalysis
2017-03-13,30.5,24.9,27.8,36.4,29.9,32.8,0.1,19.8,39.2,144,22.21,1009.4,loc_cuddalore,11.748,79.7714,ECMWF_ERA5_Reanalysis
2017-03-14,28.7,24.8,26.9,34.6,30.0,31.9,6.0,14.9,30.2,122,16.32,1010.5,loc_cuddalore,11.748,79.7714,ECMWF_ERA5_Reanalysis
2017-03-15,30.4,25.6,27.8,36.3,30.9,32.4,0.4,18.4,36.7,94,23.34,1010.7,loc_cuddalore,11.748,79.7714,ECMWF_ERA5_Reanalysis
2017-03-16,29.7,24.1,27.0,34.9,29.5,31.7,0.6,14.7,31.7,114,20.68,1010.7,loc_cuddalore,11.748,79.7714,ECMWF_ERA5_Reanalysis
2017-03-17,30.4,24.2,27.3,36.4,29.0,31.6,0.2,18.8,37.4,145,22.66,1009.6,loc_cuddalore,11.748,79.7714,ECMWF_ERA5_Reanalysis
2017-03-18,30.6,23.6,27.3,35.5,28.1,31.4,0.0,21.6,42.5,156,24.11,1010.3,loc_cuddalore,11.748,79.7714,ECMWF_ERA5_Reanalysis
2017-03-19,31.8,24.0,27.8,37.7,28.2,32.4,0.0,21.2,42.5,153,24.08,1010.5,loc_cuddalore,11.748,79.7714,ECMWF_ERA5_Reanalysis
2017-03-20,31.9,25.6,28.5,38.2,31.1,33.6,0.4,19.9,40.7,154,21.7,1009.8,loc_cuddalore,11.748,79.7714,ECMWF_ERA5_Reanalysis
2017-03-21,31.9,26.0,28.5,38.4,31.6,33.7,0.1,19.6,40.7,139,24.45,1010.7,loc_cuddalore,11.748,79.7714,ECMWF_ERA5_Reanalysis
2017-03-22,31.1,25.3,28.0,36.6,30.1,32.9,0.0,16.6,35.6,87,24.6,1010.7,loc_cuddalore,11.748,79.7714,ECMWF_ERA5_Reanalysis
2017-03-23,31.4,24.3,27.9,36.4,28.3,31.9,0.0,15.3,33.8,116,26.16,1010.3,loc_cuddalore,11.748,79.7714,ECMWF_ERA5_Reanalysis
2017-03-24,31.4,23.1,27.3,35.0,27.5,30.8,0.0,13.5,32.0,119,26.61,1010.1,loc_cuddalore,11.748,79.7714,ECMWF_ERA5_Reanalysis
2017-03-25,31.2,21.5,26.6,36.1,25.1,30.4,0.0,16.1,34.9,127,26.79,1010.5,loc_cuddalore,11.748,79.7714,ECMWF_ERA5_Reanalysis
2017-03-26,30.6,22.0,26.4,35.2,25.8,30.2,0.0,17.7,38.5,102,25.84,1010.6,loc_cuddalore,11.748,79.7714,ECMWF_ERA5_Reanalysis
2017-03-27,31.5,21.4,27.2,35.9,24.6,30.7,0.0,15.8,36.0,145,26.19,1011.1,loc_cuddalore,11.748,79.7714,ECMWF_ERA5_Reanalysis
2017-03-28,32.0,25.3,28.3,37.5,30.4,32.9,0.0,19.0,39.6,134,24.88,1011.0,loc_cuddalore,11.748,79.7714,ECMWF_ERA5_Reanalysis
2017-03-29,32.2,23.8,28.0,37.3,28.5,32.5,0.0,18.3,37.4,150,23.96,1010.2,loc_cuddalore,11.748,79.7714,ECMWF_ERA5_Reanalysis
2017-03-30,32.3,24.7,28.5,39.0,30.0,33.7,0.3,16.8,36.0,127,25.54,1010.3,loc_cuddalore,11.748,79.7714,ECMWF_ERA5_Reanalysis
2017-03-31,32.3,26.3,28.7,38.1,31.2,33.5,0.3,18.0,38.9,136,25.16,1011.0,loc_cuddalore,11.748,79.7714,ECMWF_ERA5_Reanalysis
2017-04-01,32.8,24.1,28.5,39.0,28.4,33.3,0.0,17.6,38.9,154,26.47,1009.8,loc_cuddalore,11.748,79.7714,ECMWF_ERA5_Reanalysis
2017-04-02,32.9,25.3,28.8,38.2,30.3,33.2,0.0,20.0,42.1,164,25.79,1008.8,loc_cuddalore,11.748,79.7714,ECMWF_ERA5_Reanalysis
2017-04-03,32.8,26.0,29.2,39.2,31.9,34.5,0.0,18.6,39.2,148,24.98,1009.0,loc_cuddalore,11.748,79.7714,ECMWF_ERA5_Reanalysis
2017-04-04,31.9,26.7,29.1,37.0,31.6,33.7,1.9,21.7,44.6,152,23.61,1009.4,loc_cuddalore,11.748,79.7714,ECMWF_ERA5_Reanalysis
2017-04-05,33.0,26.3,29.4,39.8,32.0,34.7,0.0,19.5,41.0,158,26.04,1008.4,loc_cuddalore,11.748,79.7714,ECMWF_ERA5_Reanalysis
2017-04-06,32.5,26.6,29.3,38.2,31.8,34.1,0.0,21.7,44.3,156,26.27,1007.7,loc_cuddalore,11.748,79.7714,ECMWF_ERA5_Reanalysis
2017-04-07,33.6,26.5,29.7,40.5,32.4,35.2,0.0,19.2,40.7,153,26.27,1007.5,loc_cuddalore,11.748,79.7714,ECMWF_ERA5_Reanalysis
2017-04-08,32.2,25.7,29.0,38.0,31.5,34.0,0.0,21.2,43.9,154,24.91,1007.6,loc_cuddalore,11.748,79.7714,ECMWF_ERA5_Reanalysis
2017-04-09,32.6,25.0,29.1,38.6,30.5,34.5,0.0,21.3,45.0,151,25.44,1007.6,loc_cuddalore,11.748,79.7714,ECMWF_ERA5_Reanalysis
2017-04-10,34.8,26.1,29.9,40.2,31.9,35.0,0.0,21.1,42.8,159,26.31,1006.7,loc_cuddalore,11.748,79.7714,ECMWF_ERA5_Reanalysis
2017-04-11,33.3,27.0,29.9,40.0,32.4,35.2,0.0,20.8,43.9,146,25.62,1006.5,loc_cuddalore,11.748,79.7714,ECMWF_ERA5_Reanalysis
2017-04-12,33.7,26.2,29.6,39.7,32.5,35.3,0.0,16.8,36.7,131,25.83,1007.1,loc_cuddalore,11.748,79.7714,ECMWF_ERA5_Reanalysis
2017-04-13,33.3,25.9,29.1,40.1,32.0,34.7,0.1,19.1,40.0,122,24.87,1007.7,loc_cuddalore,11.748,79.7714,ECMWF_ERA5_Reanalysis
2017-04-14,33.8,25.1,29.0,39.8,30.7,34.4,0.0,19.1,41.0,134,26.06,1006.7,loc_cuddalore,11.748,79.7714,ECMWF_ERA5_Reanalysis
2017-04-15,32.9,24.8,28.8,40.4,30.4,34.5,0.0,17.4,39.2,134,26.47,1005.2,loc_cuddalore,11.748,79.7714,ECMWF_ERA5_Reanalysis
2017-04-16,36.2,26.4,30.6,42.8,31.3,35.7,0.0,19.2,38.9,170,26.5,1004.7,loc_cuddalore,11.748,79.7714,ECMWF_ERA5_Reanalysis
2017-04-17,35.8,27.1,31.0,43.7,31.5,35.9,0.0,21.3,42.8,167,26.12,1005.3,loc_cuddalore,11.748,79.7714,ECMWF_ERA5_Reanalysis
2017-04-18,34.2,27.8,30.8,42.1,30.6,35.1,0.0,25.9,49.3,163,26.57,1005.7,loc_cuddalore,11.748,79.7714,ECMWF_ERA5_Reanalysis
2017-04-19,34.1,27.2,30.3,40.9,30.6,35.0,0.0,25.9,51.8,164,26.7,1006.1,loc_cuddalore,11.748,79.7714,ECMWF_ERA5_Reanalysis
2017-04-20,34.9,27.2,30.6,40.3,31.8,34.7,0.0,29.4,56.9,169,25.17,1006.0,loc_cuddalore,11.748,79.7714,ECMWF_ERA5_Reanalysis
2017-04-21,34.9,27.7,30.9,41.6,31.6,35.2,0.0,21.0,43.2,170,24.94,1006.3,loc_cuddalore,11.748,79.7714,ECMWF_ERA5_Reanalysis
2017-04-22,36.2,27.8,31.3,43.5,32.5,36.3,0.0,22.5,46.1,168,25.99,1005.8,loc_cuddalore,11.748,79.7714,ECMWF_ERA5_Reanalysis
2017-04-23,35.6,28.2,31.3,43.0,33.6,36.5,0.0,21.9,45.0,166,26.01,1005.8,loc_cuddalore,11.748,79.7714,ECMWF_ERA5_Reanalysis
2017-04-24,34.6,28.1,31.0,42.5,33.3,36.4,0.0,21.6,43.9,162,26.42,1006.0,loc_cuddalore,11.748,79.7714,ECMWF_ERA5_Reanalysis
2017-04-25,34.1,27.8,30.6,41.8,33.0,36.2,0.0,23.6,46.4,159,26.5,1006.6,loc_cuddalore,11.748,79.7714,ECMWF_ERA5_Reanalysis
2017-04-26,34.1,27.4,30.3,41.8,32.7,36.1,0.0,22.2,45.4,155,26.83,1006.8,loc_cuddalore,11.748,79.7714,ECMWF_ERA5_Reanalysis
2017-04-27,33.5,26.5,30.2,40.6,31.3,35.1,0.0,22.0,45.4,163,25.88,1007.3,loc_cuddalore,11.748,79.7714,ECMWF_ERA5_Reanalysis
2017-04-28,33.5,26.7,30.1,40.4,31.1,35.0,0.0,20.9,43.6,158,26.55,1007.6,loc_cuddalore,11.748,79.7714,ECMWF_ERA5_Reanalysis
2017-04-29,33.4,25.8,29.6,39.3,29.8,34.4,0.0,23.3,47.5,155,26.52,1007.8,loc_cuddalore,11.748,79.7714,ECMWF_ERA5_Reanalysis
2017-04-30,33.4,26.9,29.5,38.6,32.6,34.4,0.0,19.9,42.5,155,25.89,1008.0,loc_cuddalore,11.748,79.7714,ECMWF_ERA5_Reanalysis
2017-05-01,33.1,26.5,29.5,39.5,31.9,34.5,0.4,20.1,41.4,155,24.08,1008.6,loc_cuddalore,11.748,79.7714,ECMWF_ERA5_Reanalysis
2017-05-02,32.5,26.8,29.4,37.8,32.3,34.5,0.1,19.7,43.2,146,25.76,1009.6,loc_cuddalore,11.748,79.7714,ECMWF_ERA5_Reanalysis
2017-05-03,33.3,26.2,29.4,38.3,32.0,34.5,0.0,23.4,47.5,150,25.78,1009.5,loc_cuddalore,11.748,79.7714,ECMWF_ERA5_Reanalysis
2017-05-04,33.2,26.0,29.6,38.7,31.4,34.7,0.0,20.4,41.4,154,24.24,1009.1,loc_cuddalore,11.748,79.7714,ECMWF_ERA5_Reanalysis
2017-05-05,33.0,27.0,29.9,37.6,32.7,34.6,0.4,22.2,45.0,161,24.29,1008.7,loc_cuddalore,11.748,79.7714,ECMWF_ERA5_Reanalysis
2017-05-06,33.9,27.2,30.3,39.7,32.8,35.1,0.2,27.4,52.6,161,25.28,1009.0,loc_cuddalore,11.748,79.7714,ECMWF_ERA5_Reanalysis
2017-05-07,33.4,27.9,30.4,38.6,33.3,35.3,0.7,24.4,47.5,155,24.65,1009.5,loc_cuddalore,11.748,79.7714,ECMWF_ERA5_Reanalysis
2017-05-08,34.1,26.7,30.4,39.5,32.4,35.3,0.0,21.7,45.0,161,24.83,1007.9,loc_cuddalore,11.748,79.7714,ECMWF_ERA5_Reanalysis
2017-05-09,35.5,27.8,31.1,41.0,32.9,35.9,0.0,25.6,52.6,165,24.89,1006.4,loc_cuddalore,11.748,79.7714,ECMWF_ERA5_Reanalysis
2017-05-10,32.4,28.4,30.3,38.6,34.2,35.6,0.8,15.5,34.6,150,18.79,1007.0,loc_cuddalore,11.748,79.7714,ECMWF_ERA5_Reanalysis
2017-05-11,32.4,26.9,29.9,37.6,32.6,35.2,1.0,20.8,43.2,144,20.36,1007.4,loc_cuddalore,11.748,79.7714,ECMWF_ERA5_Reanalysis
2017-05-12,33.2,27.7,30.2,39.3,33.6,35.5,1.9,19.3,37.1,135,23.85,1007.5,loc_cuddalore,11.748,79.7714,ECMWF_ERA5_Reanalysis
2017-05-13,33.2,27.1,30.1,39.0,33.1,35.4,2.5,21.8,43.2,158,22.47,1006.5,loc_cuddalore,11.748,79.7714,ECMWF_ERA5_Reanalysis
2017-05-14,35.7,27.7,31.4,42.5,33.5,36.7,0.0,25.5,50.8,166,25.71,1004.8,loc_cuddalore,11.748,79.7714,ECMWF_ERA5_Reanalysis
2017-05-15,38.2,27.8,32.6,43.8,34.2,37.4,0.0,20.9,41.8,182,25.55,1003.2,loc_cuddalore,11.748,79.7714,ECMWF_ERA5_Reanalysis
2017-05-16,38.3,28.6,33.3,44.4,33.7,37.6,0.0,26.0,45.7,176,26.12,1002.3,loc_cuddalore,11.748,79.7714,ECMWF_ERA5_Reanalysis
2017-05-17,39.0,30.1,33.5,45.0,33.4,38.2,0.0,23.7,47.5,191,25.5,1002.3,loc_cuddalore,11.748,79.7714,ECMWF_ERA5_Reanalysis
2017-05-18,39.3,29.9,33.5,45.0,33.4,38.2,0.2,20.9,44.3,216,24.68,1003.5,loc_cuddalore,11.748,79.7714,ECMWF_ERA5_Reanalysis
2017-05-19,36.9,28.2,32.4,43.0,32.7,37.7,0.0,17.7,40.7,195,24.8,1004.6,loc_cuddalore,11.748,79.7714,ECMWF_ERA5_Reanalysis
2017-05-20,38.3,28.8,32.9,43.9,34.0,38.0,0.0,21.4,46.1,192,24.6,1003.7,loc_cuddalore,11.748,79.7714,ECMWF_ERA5_Reanalysis
2017-05-21,36.1,28.3,32.1,41.6,33.0,37.1,0.0,18.7,38.5,165,24.04,1002.7,loc_cuddalore,11.748,79.7714,ECMWF_ERA5_Reanalysis
2017-05-22,36.2,27.9,31.9,42.8,32.9,37.2,0.0,19.7,40.0,172,25.56,1003.4,loc_cuddalore,11.748,79.7714,ECMWF_ERA5_Reanalysis
2017-05-23,34.4,27.9,30.8,41.4,32.3,36.0,0.0,17.1,35.3,158,20.28,1003.9,loc_cuddalore,11.748,79.7714,ECMWF_ERA5_Reanalysis
2017-05-24,36.0,28.8,31.7,42.8,34.0,37.0,0.0,21.1,44.3,177,16.82,1002.8,loc_cuddalore,11.748,79.7714,ECMWF_ERA5_Reanalysis
2017-05-25,36.4,29.2,32.1,43.4,34.0,37.7,0.0,18.8,40.3,174,23.73,1002.1,loc_cuddalore,11.748,79.7714,ECMWF_ERA5_Reanalysis
2017-05-26,37.9,28.2,32.2,44.4,33.2,37.4,2.9,17.7,41.0,259,22.67,1002.0,loc_cuddalore,11.748,79.7714,ECMWF_ERA5_Reanalysis
2017-05-27,37.3,27.8,31.5,44.1,32.9,37.3,0.0,14.8,32.0,235,24.38,1002.3,loc_cuddalore,11.748,79.7714,ECMWF_ERA5_Reanalysis
2017-05-28,35.7,28.5,32.0,40.5,33.1,36.6,0.3,19.9,38.2,254,20.66,1002.3,loc_cuddalore,11.748,79.7714,ECMWF_ERA5_Reanalysis
2017-05-29,38.0,28.5,32.7,41.1,32.9,36.1,2.0,21.4,45.4,257,23.26,1001.9,loc_cuddalore,11.748,79.7714,ECMWF_ERA5_Reanalysis
2017-05-30,39.2,28.8,33.0,43.1,32.1,36.3,0.0,19.5,39.6,230,24.15,1001.8,loc_cuddalore,11.748,79.7714,ECMWF_ERA5_Reanalysis
2017-05-31,36.7,28.1,31.8,43.3,32.2,36.0,0.0,20.0,41.0,183,22.59,1002.6,loc_cuddalore,11.748,79.7714,ECMWF_ERA5_Reanalysis
2017-06-01,35.1,28.0,31.4,40.6,32.4,35.5,0.6,22.3,41.4,176,22.58,1002.8,loc_cuddalore,11.748,79.7714,ECMWF_ERA5_Reanalysis
2017-06-02,35.4,28.6,31.2,41.6,32.1,35.6,0.2,23.2,42.5,171,24.01,1003.1,loc_cuddalore,11.748,79.7714,ECMWF_ERA5_Reanalysis
2017-06-03,36.2,29.6,32.5,43.2,31.5,36.5,5.8,21.6,38.9,218,22.81,1004.2,loc_cuddalore,11.748,79.7714,ECMWF_ERA5_Reanalysis
2017-06-04,37.2,28.9,32.4,42.6,32.8,36.2,0.0,24.6,48.2,205,24.61,1004.1,loc_cuddalore,11.748,79.7714,ECMWF_ERA5_Reanalysis
2017-06-05,38.1,29.1,32.9,44.0,33.1,37.0,1.8,17.3,40.3,212,23.22,1004.0,loc_cuddalore,11.748,79.7714,ECMWF_ERA5_Reanalysis
2017-06-06,38.0,28.1,31.5,43.1,32.9,35.8,3.5,19.5,40.3,271,22.11,1004.9,loc_cuddalore,11.748,79.7714,ECMWF_ERA5_Reanalysis
2017-06-07,33.3,26.7,29.3,36.4,31.4,33.2,0.9,16.3,31.3,276,12.31,1006.2,loc_cuddalore,11.748,79.7714,ECMWF_ERA5_Reanalysis
2017-06-08,34.7,26.9,30.6,36.7,31.1,33.6,0.0,19.7,35.3,279,16.55,1004.8,loc_cuddalore,11.748,79.7714,ECMWF_ERA5_Reanalysis
2017-06-09,35.3,27.9,31.0,37.4,31.7,33.9,0.3,22.5,43.9,263,12.05,1003.6,loc_cuddalore,11.748,79.7714,ECMWF_ERA5_Reanalysis
2017-06-10,36.5,27.1,31.4,40.6,30.7,34.4,0.1,20.5,42.5,244,19.25,1003.4,loc_cuddalore,11.748,79.7714,ECMWF_ERA5_Reanalysis
2017-06-11,35.8,27.6,31.0,37.6,30.3,33.6,0.0,24.9,44.3,220,17.51,1003.5,loc_cuddalore,11.748,79.7714,ECMWF_ERA5_Reanalysis
2017-06-12,36.3,27.8,31.2,40.7,30.5,35.1,1.6,19.4,41.4,199,20.83,1003.6,loc_cuddalore,11.748,79.7714,ECMWF_ERA5_Reanalysis
2017-06-13,35.6,27.9,31.2,41.8,31.7,35.5,0.2,19.6,49.0,177,22.76,1003.6,loc_cuddalore,11.748,79.7714,ECMWF_ERA5_Reanalysis
2017-06-14,35.6,28.4,31.2,41.5,32.9,35.9,2.9,18.6,43.9,194,22.66,1004.8,loc_cuddalore,11.748,79.7714,ECMWF_ERA5_Reanalysis
2017-06-15,34.9,28.1,30.5,40.2,33.0,35.5,1.6,21.7,47.5,179,17.5,1005.2,loc_cuddalore,11.748,79.7714,ECMWF_ERA5_Reanalysis
2017-06-16,34.2,27.8,30.4,39.1,32.9,35.6,1.4,18.4,38.9,186,16.61,1005.2,loc_cuddalore,11.748,79.7714,ECMWF_ERA5_Reanalysis
2017-06-17,33.7,27.1,30.3,40.4,32.7,35.8,0.3,20.8,42.8,176,22.86,1004.8,loc_cuddalore,11.748,79.7714,ECMWF_ERA5_Reanalysis
2017-06-18,35.4,27.5,30.7,41.1,33.3,35.5,0.0,22.5,44.6,178,23.07,1003.9,loc_cuddalore,11.748,79.7714,ECMWF_ERA5_Reanalysis
2017-06-19,36.9,26.5,30.8,41.1,32.5,35.5,6.3,23.0,43.9,227,21.79,1003.8,loc_cuddalore,11.748,79.7714,ECMWF_ERA5_Reanalysis
2017-06-20,31.3,25.5,28.6,36.7,31.6,34.2,1.3,13.5,28.1,140,13.12,1005.1,loc_cuddalore,11.748,79.7714,ECMWF_ERA5_Reanalysis
2017-06-21,35.0,26.9,30.1,40.0,31.9,34.6,2.1,23.0,53.6,212,21.43,1004.9,loc_cuddalore,11.748,79.7714,ECMWF_ERA5_Reanalysis
2017-06-22,35.1,27.0,30.5,38.7,31.1,34.3,0.0,20.3,38.2,208,17.99,1005.1,loc_cuddalore,11.748,79.7714,ECMWF_ERA5_Reanalysis
2017-06-23,35.3,27.8,31.0,40.9,32.0,35.1,1.8,16.3,36.0,210,20.52,1004.4,loc_cuddalore,11.748,79.7714,ECMWF_ERA5_Reanalysis
2017-06-24,33.4,27.8,29.9,37.6,31.3,33.7,0.2,17.3,44.6,216,11.82,1003.1,loc_cuddalore,11.748,79.7714,ECMWF_ERA5_Reanalysis
2017-06-25,34.6,27.5,30.4,38.6,30.4,33.4,0.4,19.5,37.4,227,14.94,1002.0,loc_cuddalore,11.748,79.7714,ECMWF_ERA5_Reanalysis
2017-06-26,35.9,27.2,30.5,40.3,29.9,34.0,3.6,18.2,44.3,225,21.33,1003.5,loc_cuddalore,11.748,79.7714,ECMWF_ERA5_Reanalysis
2017-06-27,33.0,27.0,29.6,35.6,29.5,32.3,0.8,18.8,43.9,238,13.39,1004.8,loc_cuddalore,11.748,79.7714,ECMWF_ERA5_Reanalysis
2017-06-28,34.9,26.6,30.4,37.4,29.1,33.6,2.4,22.9,45.4,244,21.14,1004.9,loc_cuddalore,11.748,79.7714,ECMWF_ERA5_Reanalysis
2017-06-29,36.9,27.3,31.1,42.1,30.4,34.7,0.0,20.6,39.6,202,21.83,1004.6,loc_cuddalore,11.748,79.7714,ECMWF_ERA5_Reanalysis
2017-06-30,37.2,28.6,31.6,41.3,31.0,34.9,2.5,17.8,45.0,232,20.06,1003.6,loc_cuddalore,11.748,79.7714,ECMWF_ERA5_Reanalysis
2017-07-01,36.6,29.4,31.6,40.9,31.3,34.8,0.6,17.9,43.6,219,18.95,1003.8,loc_cuddalore,11.748,79.7714,ECMWF_ERA5_Reanalysis
2017-07-02,36.1,29.3,31.8,40.7,31.9,35.2,0.0,19.4,45.0,202,21.55,1003.9,loc_cuddalore,11.748,79.7714,ECMWF_ERA5_Reanalysis
2017-07-03,37.6,28.9,31.8,43.0,32.3,35.6,5.8,17.4,38.9,239,20.22,1004.9,loc_cuddalore,11.748,79.7714,ECMWF_ERA5_Reanalysis
2017-07-04,37.0,28.2,31.9,41.7,31.7,35.4,0.7,19.1,35.3,222,20.96,1005.1,loc_cuddalore,11.748,79.7714,ECMWF_ERA5_Reanalysis
2017-07-05,37.0,26.9,31.1,41.5,30.7,34.9,8.4,17.9,45.4,225,21.3,1005.4,loc_cuddalore,11.748,79.7714,ECMWF_ERA5_Reanalysis
2017-07-06,36.9,28.1,31.5,39.9,31.7,34.7,0.1,21.6,43.2,249,20.31,1005.1,loc_cuddalore,11.748,79.7714,ECMWF_ERA5_Reanalysis
2017-07-07,36.0,26.3,30.3,40.2,31.9,35.2,0.9,15.3,38.9,281,19.86,1005.2,loc_cuddalore,11.748,79.7714,ECMWF_ERA5_Reanalysis
2017-07-08,33.7,26.9,29.9,37.8,31.6,34.0,0.1,17.6,33.1,216,15.44,1005.2,loc_cuddalore,11.748,79.7714,ECMWF_ERA5_Reanalysis
2017-07-09,35.2,27.6,30.4,40.4,30.8,34.6,4.2,20.5,41.8,196,19.84,1004.9,loc_cuddalore,11.748,79.7714,ECMWF_ERA5_Reanalysis
2017-07-10,34.8,26.5,30.1,39.2,30.2,34.3,0.6,21.9,41.4,188,21.42,1005.5,loc_cuddalore,11.748,79.7714,ECMWF_ERA5_Reanalysis
2017-07-11,37.1,27.5,31.4,41.2,30.5,35.0,0.8,18.2,35.6,259,21.82,1005.2,loc_cuddalore,11.748,79.7714,ECMWF_ERA5_Reanalysis
2017-07-12,31.3,25.8,28.4,36.1,31.3,33.5,1.0,14.8,29.2,143,11.99,1005.9,loc_cuddalore,11.748,79.7714,ECMWF_ERA5_Reanalysis
2017-07-13,34.4,26.0,29.3,40.1,31.2,34.0,4.8,14.8,39.6,186,18.48,1005.2,loc_cuddalore,11.748,79.7714,ECMWF_ERA5_Reanalysis
2017-07-14,33.2,27.1,29.6,37.8,29.6,32.9,0.2,16.1,30.6,227,9.58,1005.3,loc_cuddalore,11.748,79.7714,ECMWF_ERA5_Reanalysis
2017-07-15,35.6,26.2,30.1,40.2,30.2,34.4,1.6,14.3,37.8,219,18.6,1005.3,loc_cuddalore,11.748,79.7714,ECMWF_ERA5_Reanalysis
2017-07-16,34.5,28.0,30.3,37.2,30.4,33.4,0.0,21.5,40.3,233,17.47,1004.4,loc_cuddalore,11.748,79.7714,ECMWF_ERA5_Reanalysis
2017-07-17,34.7,27.5,30.5,36.9,30.6,33.4,0.1,20.5,40.0,236,14.88,1003.2,loc_cuddalore,11.748,79.7714,ECMWF_ERA5_Reanalysis
2017-07-18,34.1,27.6,30.6,36.3,30.4,33.5,0.7,19.7,52.6,244,13.38,1003.3,loc_cuddalore,11.748,79.7714,ECMWF_ERA5_Reanalysis
2017-07-19,36.0,26.9,31.1,38.4,29.8,33.7,2.9,22.9,49.0,228,18.13,1003.4,loc_cuddalore,11.748,79.7714,ECMWF_ERA5_Reanalysis
2017-07-20,36.4,27.1,31.0,39.3,30.5,34.4,0.0,19.6,45.0,221,21.07,1003.4,loc_cuddalore,11.748,79.7714,ECMWF_ERA5_Reanalysis
2017-07-21,35.3,26.4,30.4,38.9,29.7,33.9,0.0,25.3,48.2,192,20.85,1004.4,loc_cuddalore,11.748,79.7714,ECMWF_ERA5_Reanalysis
2017-07-22,35.5,27.8,31.1,41.8,31.6,35.1,0.0,25.3,49.7,180,23.08,1004.4,loc_cuddalore,11.748,79.7714,ECMWF_ERA5_Reanalysis
2017-07-23,35.9,28.8,31.4,41.0,32.9,35.1,0.0,21.9,41.8,181,20.82,1004.2,loc_cuddalore,11.748,79.7714,ECMWF_ERA5_Reanalysis
2017-07-24,35.0,29.7,31.5,40.7,32.2,35.0,0.0,21.3,41.0,190,22.58,1004.3,loc_cuddalore,11.748,79.7714,ECMWF_ERA5_Reanalysis
2017-07-25,36.4,29.3,31.5,41.0,31.0,35.1,0.0,17.3,32.4,222,22.76,1003.4,loc_cuddalore,11.748,79.7714,ECMWF_ERA5_Reanalysis
2017-07-26,35.0,28.2,30.8,40.6,32.9,35.4,2.1,21.3,41.8,163,21.57,1003.7,loc_cuddalore,11.748,79.7714,ECMWF_ERA5_Reanalysis
2017-07-27,36.6,26.6,31.2,42.5,31.3,34.9,2.0,22.8,42.5,199,22.99,1004.6,loc_cuddalore,11.748,79.7714,ECMWF_ERA5_Reanalysis
2017-07-28,35.2,26.3,30.3,41.6,30.6,34.4,9.0,20.9,40.3,184,22.93,1005.7,loc_cuddalore,11.748,79.7714,ECMWF_ERA5_Reanalysis
2017-07-29,33.2,25.9,29.4,37.6,29.9,34.4,2.7,13.5,27.4,327,15.18,1006.6,loc_cuddalore,11.748,79.7714,ECMWF_ERA5_Reanalysis
2017-07-30,33.0,26.1,29.1,40.1,30.9,35.3,31.7,15.1,36.4,165,20.34,1006.1,loc_cuddalore,11.748,79.7714,ECMWF_ERA5_Reanalysis
2017-07-31,32.7,25.8,28.8,40.8,31.3,34.6,9.8,19.7,37.1,203,21.05,1006.2,loc_cuddalore,11.748,79.7714,ECMWF_ERA5_Reanalysis
2017-08-01,34.3,25.7,29.3,41.9,30.4,34.8,12.0,23.1,41.8,211,22.82,1006.2,loc_cuddalore,11.748,79.7714,ECMWF_ERA5_Reanalysis
2017-08-02,34.4,26.0,29.6,41.0,31.0,35.4,0.5,16.9,29.9,201,23.1,1006.2,loc_cuddalore,11.748,79.7714,ECMWF_ERA5_Reanalysis
2017-08-03,35.6,26.9,30.3,39.8,30.7,34.6,0.1,18.7,35.6,246,22.38,1005.1,loc_cuddalore,11.748,79.7714,ECMWF_ERA5_Reanalysis
2017-08-04,35.5,27.1,30.2,40.1,30.9,34.3,5.6,22.1,46.8,258,19.84,1003.3,loc_cuddalore,11.748,79.7714,ECMWF_ERA5_Reanalysis
2017-08-05,34.9,26.5,29.5,40.2,30.8,34.4,6.8,13.8,39.2,234,18.53,1002.4,loc_cuddalore,11.748,79.7714,ECMWF_ERA5_Reanalysis
2017-08-06,35.1,27.2,30.2,41.2,30.9,34.8,1.0,18.8,35.6,244,20.59,1002.5,loc_cuddalore,11.748,79.7714,ECMWF_ERA5_Reanalysis
2017-08-07,31.2,26.1,28.6,37.2,31.2,34.0,9.3,12.6,32.0,175,15.51,1003.7,loc_cuddalore,11.748,79.7714,ECMWF_ERA5_Reanalysis
2017-08-08,34.1,25.9,29.5,41.1,32.2,35.4,11.9,12.4,27.7,191,21.76,1004.6,loc_cuddalore,11.748,79.7714,ECMWF_ERA5_Reanalysis
2017-08-09,33.0,24.8,28.4,41.2,29.1,34.2,28.3,14.5,32.8,207,21.68,1005.2,loc_cuddalore,11.748,79.7714,ECMWF_ERA5_Reanalysis
2017-08-10,30.6,24.8,27.5,39.6,30.0,33.6,29.0,13.5,28.8,135,19.75,1005.9,loc_cuddalore,11.748,79.7714,ECMWF_ERA5_Reanalysis
2017-08-11,31.9,24.9,28.1,40.1,29.5,34.2,14.7,14.5,28.1,214,21.34,1006.1,loc_cuddalore,11.748,79.7714,ECMWF_ERA5_Reanalysis
2017-08-12,32.9,25.8,28.6,39.3,30.9,34.8,15.7,10.6,24.5,248,21.18,1006.5,loc_cuddalore,11.748,79.7714,ECMWF_ERA5_Reanalysis
2017-08-13,32.1,24.9,27.8,37.5,29.5,33.0,21.7,16.3,35.3,290,21.03,1007.6,loc_cuddalore,11.748,79.7714,ECMWF_ERA5_Reanalysis
2017-08-14,31.2,24.9,27.9,39.3,30.3,34.2,29.1,13.5,34.9,173,21.16,1008.2,loc_cuddalore,11.748,79.7714,ECMWF_ERA5_Reanalysis
2017-08-15,30.7,24.8,27.6,36.7,29.4,32.6,6.9,16.5,28.4,200,15.45,1007.6,loc_cuddalore,11.748,79.7714,ECMWF_ERA5_Reanalysis
2017-08-16,32.5,25.4,28.3,40.4,30.2,33.9,8.8,11.7,28.8,219,19.31,1005.6,loc_cuddalore,11.748,79.7714,ECMWF_ERA5_Reanalysis
2017-08-17,31.9,25.9,28.4,39.2,29.3,33.6,5.0,12.7,29.5,223,19.96,1003.7,loc_cuddalore,11.748,79.7714,ECMWF_ERA5_Reanalysis
2017-08-18,32.3,25.5,28.0,39.6,30.4,33.4,11.4,14.3,35.6,218,18.1,1002.6,loc_cuddalore,11.748,79.7714,ECMWF_ERA5_Reanalysis
2017-08-19,32.0,25.3,28.4,35.9,29.6,32.7,0.3,15.7,41.0,228,15.53,1002.6,loc_cuddalore,11.748,79.7714,ECMWF_ERA5_Reanalysis
2017-08-20,32.7,25.8,28.4,39.3,30.0,33.4,15.9,12.7,42.5,213,20.2,1003.1,loc_cuddalore,11.748,79.7714,ECMWF_ERA5_Reanalysis
2017-08-21,31.5,25.8,28.4,38.7,30.0,33.6,5.1,13.0,38.5,217,18.49,1003.1,loc_cuddalore,11.748,79.7714,ECMWF_ERA5_Reanalysis
2017-08-22,32.2,25.6,28.6,38.4,30.5,34.0,8.6,12.4,34.9,227,17.61,1003.6,loc_cuddalore,11.748,79.7714,ECMWF_ERA5_Reanalysis
2017-08-23,32.4,25.6,28.8,39.3,30.3,34.2,4.6,14.2,31.0,265,21.28,1004.4,loc_cuddalore,11.748,79.7714,ECMWF_ERA5_Reanalysis
2017-08-24,31.7,25.5,28.4,38.8,30.8,34.3,7.4,9.7,25.2,251,17.69,1004.2,loc_cuddalore,11.748,79.7714,ECMWF_ERA5_Reanalysis
2017-08-25,31.1,25.9,28.2,36.2,31.1,33.9,10.3,11.3,32.0,214,12.18,1003.6,loc_cuddalore,11.748,79.7714,ECMWF_ERA5_Reanalysis
2017-08-26,33.6,25.7,28.8,41.7,30.1,34.5,7.7,13.0,33.5,206,22.24,1002.0,loc_cuddalore,11.748,79.7714,ECMWF_ERA5_Reanalysis
2017-08-27,30.3,25.5,28.0,36.1,30.2,32.8,2.4,15.7,38.5,220,8.49,1001.5,loc_cuddalore,11.748,79.7714,ECMWF_ERA5_Reanalysis
2017-08-28,31.5,26.2,28.3,36.6,29.8,32.5,0.5,19.2,36.7,230,16.29,1001.2,loc_cuddalore,11.748,79.7714,ECMWF_ERA5_Reanalysis
2017-08-29,32.6,25.9,28.6,37.5,29.2,32.7,0.6,17.3,36.0,221,17.54,1002.3,loc_cuddalore,11.748,79.7714,ECMWF_ERA5_Reanalysis
2017-08-30,33.2,25.3,29.0,40.7,30.3,34.4,4.5,19.0,33.1,207,23.23,1004.7,loc_cuddalore,11.748,79.7714,ECMWF_ERA5_Reanalysis
2017-08-31,32.2,25.5,28.8,40.2,31.2,35.4,8.0,9.4,24.1,104,21.92,1006.3,loc_cuddalore,11.748,79.7714,ECMWF_ERA5_Reanalysis
2017-09-01,30.4,25.6,28.3,39.3,30.6,35.0,25.5,12.8,28.4,156,19.9,1006.6,loc_cuddalore,11.748,79.7714,ECMWF_ERA5_Reanalysis
2017-09-02,31.5,24.7,27.9,40.0,29.2,34.0,18.1,14.0,32.0,195,22.95,1006.4,loc_cuddalore,11.748,79.7714,ECMWF_ERA5_Reanalysis
2017-09-03,31.0,24.5,27.7,39.8,29.4,34.2,7.5,12.1,28.1,155,24.24,1006.6,loc_cuddalore,11.748,79.7714,ECMWF_ERA5_Reanalysis
2017-09-04,31.6,25.8,28.6,40.3,31.6,35.4,3.8,11.7,28.8,163,22.87,1006.4,loc_cuddalore,11.748,79.7714,ECMWF_ERA5_Reanalysis
2017-09-05,32.5,25.3,28.5,41.4,29.4,34.9,19.9,15.9,35.3,188,23.39,1006.2,loc_cuddalore,11.748,79.7714,ECMWF_ERA5_Reanalysis
2017-09-06,31.7,25.1,27.9,40.5,30.4,34.1,9.0,12.2,28.4,180,23.77,1005.6,loc_cuddalore,11.748,79.7714,ECMWF_ERA5_Reanalysis
2017-09-07,30.2,25.3,27.7,37.6,30.1,33.4,6.5,19.6,38.2,176,20.95,1005.3,loc_cuddalore,11.748,79.7714,ECMWF_ERA5_Reanalysis
2017-09-08,30.2,24.9,27.9,37.4,29.9,33.3,3.1,17.8,34.6,154,18.51,1005.7,loc_cuddalore,11.748,79.7714,ECMWF_ERA5_Reanalysis
2017-09-09,29.2,25.3,27.0,35.5,30.8,32.8,10.6,12.4,23.0,165,13.79,1005.3,loc_cuddalore,11.748,79.7714,ECMWF_ERA5_Reanalysis
2017-09-10,30.0,25.0,27.8,36.8,30.3,33.7,4.6,13.6,28.1,135,22.83,1005.2,loc_cuddalore,11.748,79.7714,ECMWF_ERA5_Reanalysis
2017-09-11,30.2,25.2,27.9,37.7,30.3,33.6,0.9,16.0,33.5,150,23.18,1006.3,loc_cuddalore,11.748,79.7714,ECMWF_ERA5_Reanalysis
2017-09-12,30.2,26.4,28.1,36.6,31.1,33.3,2.5,15.6,32.8,160,21.81,1007.7,loc_cuddalore,11.748,79.7714,ECMWF_ERA5_Reanalysis
2017-09-13,30.0,25.9,28.0,37.6,31.0,33.3,3.6,22.2,42.5,173,22.46,1007.8,loc_cuddalore,11.748,79.7714,ECMWF_ERA5_Reanalysis
2017-09-14,32.8,25.6,28.6,37.3,30.5,33.1,0.0,16.5,31.7,211,15.78,1006.5,loc_cuddalore,11.748,79.7714,ECMWF_ERA5_Reanalysis
2017-09-15,31.8,25.8,28.7,37.9,30.7,33.7,0.0,15.8,28.4,196,19.14,1005.7,loc_cuddalore,11.748,79.7714,ECMWF_ERA5_Reanalysis
2017-09-16,31.5,26.5,28.7,36.4,31.3,33.4,5.2,15.0,32.4,216,16.46,1005.3,loc_cuddalore,11.748,79.7714,ECMWF_ERA5_Reanalysis
2017-09-17,31.1,25.3,27.4,35.0,29.6,31.3,3.1,23.1,55.1,227,13.98,1006.6,loc_cuddalore,11.748,79.7714,ECMWF_ERA5_Reanalysis
2017-09-18,30.5,25.6,27.7,34.3,28.5,31.5,0.0,18.0,35.6,239,11.02,1007.4,loc_cuddalore,11.748,79.7714,ECMWF_ERA5_Reanalysis
2017-09-19,31.8,26.0,28.8,37.7,29.9,33.3,0.1,13.8,30.2,223,18.99,1006.5,loc_cuddalore,11.748,79.7714,ECMWF_ERA5_Reanalysis
2017-09-20,32.8,25.0,28.7,38.6,28.5,33.1,0.0,19.5,37.1,215,22.88,1005.7,loc_cuddalore,11.748,79.7714,ECMWF_ERA5_Reanalysis
2017-09-21,32.9,24.6,28.7,39.2,28.5,32.8,0.0,17.6,32.4,189,23.11,1005.2,loc_cuddalore,11.748,79.7714,ECMWF_ERA5_Reanalysis
2017-09-22,32.1,26.7,29.1,38.0,31.1,34.4,0.0,12.3,25.2,312,18.73,1006.1,loc_cuddalore,11.748,79.7714,ECMWF_ERA5_Reanalysis
2017-09-23,33.1,26.6,29.1,40.0,30.8,34.6,2.9,15.1,28.1,186,20.33,1007.3,loc_cuddalore,11.748,79.7714,ECMWF_ERA5_Reanalysis
2017-09-24,33.3,26.2,28.8,40.7,31.1,34.8,4.0,13.9,28.1,202,20.65,1007.1,loc_cuddalore,11.748,79.7714,ECMWF_ERA5_Reanalysis
2017-09-25,31.4,25.0,27.7,37.0,28.3,32.7,9.3,17.4,36.4,262,17.59,1005.7,loc_cuddalore,11.748,79.7714,ECMWF_ERA5_Reanalysis
2017-09-26,31.0,24.6,27.4,38.7,27.7,33.1,22.8,15.9,33.8,200,17.24,1005.2,loc_cuddalore,11.748,79.7714,ECMWF_ERA5_Reanalysis
2017-09-27,31.2,24.8,27.4,38.4,30.0,33.3,17.1,11.9,25.9,221,17.61,1005.5,loc_cuddalore,11.748,79.7714,ECMWF_ERA5_Reanalysis
2017-09-28,30.2,25.1,27.2,35.9,29.8,32.5,6.6,11.5,32.4,219,12.95,1005.0,loc_cuddalore,11.748,79.7714,ECMWF_ERA5_Reanalysis
2017-09-29,32.0,25.7,28.4,37.3,28.9,33.2,0.2,15.6,33.8,211,18.82,1004.9,loc_cuddalore,11.748,79.7714,ECMWF_ERA5_Reanalysis
2017-09-30,32.4,26.0,28.7,38.2,30.1,33.7,0.0,16.6,30.2,192,19.43,1006.1,loc_cuddalore,11.748,79.7714,ECMWF_ERA5_Reanalysis
2017-10-01,32.1,24.4,28.2,40.8,29.4,34.4,8.0,14.5,36.7,185,20.69,1006.4,loc_cuddalore,11.748,79.7714,ECMWF_ERA5_Reanalysis
2017-10-02,32.0,25.4,28.1,40.5,31.5,34.3,8.2,17.1,32.4,177,20.74,1005.4,loc_cuddalore,11.748,79.7714,ECMWF_ERA5_Reanalysis
2017-10-03,31.5,25.9,28.4,40.7,30.6,34.8,3.6,13.4,31.3,162,21.6,1005.5,loc_cuddalore,11.748,79.7714,ECMWF_ERA5_Reanalysis
2017-10-04,31.3,24.6,27.9,40.1,29.7,34.5,17.1,9.8,27.0,144,21.39,1005.8,loc_cuddalore,11.748,79.7714,ECMWF_ERA5_Reanalysis
2017-10-05,29.6,24.4,27.0,37.0,28.9,32.7,10.7,12.8,27.4,105,21.22,1005.0,loc_cuddalore,11.748,79.7714,ECMWF_ERA5_Reanalysis
2017-10-06,29.9,24.4,27.2,36.5,29.3,33.0,8.3,13.2,29.2,153,20.43,1004.7,loc_cuddalore,11.748,79.7714,ECMWF_ERA5_Reanalysis
2017-10-07,30.7,24.9,27.8,37.6,30.2,33.4,9.8,18.4,36.4,162,20.66,1005.1,loc_cuddalore,11.748,79.7714,ECMWF_ERA5_Reanalysis
2017-10-08,30.7,24.9,28.0,38.0,30.0,34.0,3.5,12.8,25.6,152,19.91,1004.7,loc_cuddalore,11.748,79.7714,ECMWF_ERA5_Reanalysis
2017-10-09,30.3,24.0,27.4,38.2,28.0,33.0,4.8,13.7,27.4,155,21.09,1004.8,loc_cuddalore,11.748,79.7714,ECMWF_ERA5_Reanalysis
2017-10-10,30.2,24.6,27.6,37.9,29.7,33.5,3.0,12.4,27.0,106,22.21,1004.3,loc_cuddalore,11.748,79.7714,ECMWF_ERA5_Reanalysis
2017-10-11,30.8,24.7,27.5,38.1,29.8,33.3,8.1,13.1,26.6,160,19.65,1004.9,loc_cuddalore,11.748,79.7714,ECMWF_ERA5_Reanalysis
2017-10-12,29.0,24.3,26.7,35.0,29.5,32.6,9.7,11.0,24.1,183,10.66,1005.4,loc_cuddalore,11.748,79.7714,ECMWF_ERA5_Reanalysis
2017-10-13,28.4,25.5,27.0,34.5,31.7,33.3,6.2,6.7,22.7,130,7.91,1004.7,loc_cuddalore,11.748,79.7714,ECMWF_ERA5_Reanalysis
2017-10-14,28.4,24.5,26.6,34.7,29.6,32.5,18.8,14.4,27.0,171,6.08,1004.9,loc_cuddalore,11.748,79.7714,ECMWF_ERA5_Reanalysis
2017-10-15,30.0,25.7,27.7,36.2,30.9,33.4,3.6,11.3,38.2,225,10.64,1005.3,loc_cuddalore,11.748,79.7714,ECMWF_ERA5_Reanalysis
2017-10-16,29.7,25.5,27.2,35.3,28.9,32.0,10.6,14.2,28.4,284,9.55,1005.7,loc_cuddalore,11.748,79.7714,ECMWF_ERA5_Reanalysis
2017-10-17,27.9,24.5,26.1,33.1,28.6,31.1,11.0,11.8,28.8,275,4.76,1005.4,loc_cuddalore,11.748,79.7714,ECMWF_ERA5_Reanalysis
2017-10-18,30.4,24.8,27.3,36.1,29.4,32.7,0.3,9.8,19.1,246,7.44,1004.7,loc_cuddalore,11.748,79.7714,ECMWF_ERA5_Reanalysis
2017-10-19,32.6,24.9,28.4,37.4,29.8,33.5,0.3,15.2,26.3,197,16.23,1004.7,loc_cuddalore,11.748,79.7714,ECMWF_ERA5_Reanalysis
2017-10-20,32.3,26.0,28.5,39.6,31.5,34.3,2.4,14.2,31.3,191,19.3,1006.4,loc_cuddalore,11.748,79.7714,ECMWF_ERA5_Reanalysis
2017-10-21,31.8,26.4,28.4,38.6,31.0,33.8,4.3,16.6,34.6,203,19.81,1007.5,loc_cuddalore,11.748,79.7714,ECMWF_ERA5_Reanalysis
2017-10-22,31.8,25.1,28.3,39.6,28.4,34.1,3.6,18.0,31.7,213,19.0,1007.9,loc_cuddalore,11.748,79.7714,ECMWF_ERA5_Reanalysis
2017-10-23,30.3,24.9,27.8,37.7,29.4,34.0,11.0,12.2,25.2,145,16.37,1008.5,loc_cuddalore,11.748,79.7714,ECMWF_ERA5_Reanalysis
2017-10-24,31.0,25.2,27.9,39.0,30.6,34.2,1.0,11.9,25.9,112,20.53,1009.7,loc_cuddalore,11.748,79.7714,ECMWF_ERA5_Reanalysis
2017-10-25,29.8,25.6,27.5,37.0,31.7,33.3,1.3,13.0,29.2,65,18.44,1011.1,loc_cuddalore,11.748,79.7714,ECMWF_ERA5_Reanalysis
2017-10-26,29.5,23.9,26.9,35.0,28.5,31.9,6.3,14.4,29.5,40,19.65,1011.4,loc_cuddalore,11.748,79.7714,ECMWF_ERA5_Reanalysis
2017-10-27,28.4,24.4,26.2,34.5,28.9,31.0,9.0,16.3,33.1,23,17.92,1010.5,loc_cuddalore,11.748,79.7714,ECMWF_ERA5_Reanalysis
2017-10-28,29.5,24.6,26.8,34.0,28.5,31.1,3.1,17.7,36.7,28,17.65,1010.1,loc_cuddalore,11.748,79.7714,ECMWF_ERA5_Reanalysis
2017-10-29,28.5,24.8,26.6,32.1,28.9,30.3,4.3,24.4,46.8,17,16.52,1010.1,loc_cuddalore,11.748,79.7714,ECMWF_ERA5_Reanalysis
2017-10-30,26.2,24.1,25.0,30.3,27.3,28.6,37.4,19.4,36.0,31,6.59,1009.8,loc_cuddalore,11.748,79.7714,ECMWF_ERA5_Reanalysis
2017-10-31,26.0,22.9,24.4,29.8,26.0,28.2,51.0,17.0,32.4,10,4.8,1009.2,loc_cuddalore,11.748,79.7714,ECMWF_ERA5_Reanalysis
2017-11-01,26.1,23.1,24.4,30.4,26.4,28.1,20.1,17.1,30.6,4,6.46,1009.7,loc_cuddalore,11.748,79.7714,ECMWF_ERA5_Reanalysis
2017-11-02,25.8,23.8,24.5,30.1,27.1,28.1,31.4,16.5,31.7,7,5.95,1008.8,loc_cuddalore,11.748,79.7714,ECMWF_ERA5_Reanalysis
2017-11-03,26.6,23.7,25.0,28.9,26.3,27.7,34.6,23.8,43.6,10,6.03,1007.7,loc_cuddalore,11.748,79.7714,ECMWF_ERA5_Reanalysis
2017-11-04,25.7,21.9,24.1,30.6,23.0,27.7,41.5,20.5,40.3,15,3.43,1008.1,loc_cuddalore,11.748,79.7714,ECMWF_ERA5_Reanalysis
2017-11-05,27.7,23.6,25.4,31.0,27.6,29.3,12.9,19.2,40.7,38,11.97,1008.7,loc_cuddalore,11.748,79.7714,ECMWF_ERA5_Reanalysis
2017-11-06,26.8,23.6,25.3,31.2,27.8,29.5,8.4,17.6,31.0,28,6.64,1009.7,loc_cuddalore,11.748,79.7714,ECMWF_ERA5_Reanalysis
2017-11-07,27.0,23.8,25.2,31.4,27.9,29.5,14.7,16.2,32.8,20,12.5,1010.1,loc_cuddalore,11.748,79.7714,ECMWF_ERA5_Reanalysis
2017-11-08,29.2,23.5,26.1,33.0,27.0,30.0,3.3,20.6,41.4,23,16.15,1010.0,loc_cuddalore,11.748,79.7714,ECMWF_ERA5_Reanalysis
2017-11-09,29.6,23.2,26.4,33.0,26.7,29.6,0.4,22.2,41.0,14,20.16,1008.8,loc_cuddalore,11.748,79.7714,ECMWF_ERA5_Reanalysis
2017-11-10,27.5,24.1,25.1,31.2,27.7,28.6,26.4,21.9,43.9,11,9.32,1008.4,loc_cuddalore,11.748,79.7714,ECMWF_ERA5_Reanalysis
2017-11-11,28.1,24.1,25.8,31.5,26.6,28.5,7.1,21.6,41.0,354,8.27,1008.1,loc_cuddalore,11.748,79.7714,ECMWF_ERA5_Reanalysis
2017-11-12,27.7,22.9,25.1,30.4,24.5,27.8,8.0,20.6,41.0,348,7.77,1006.6,loc_cuddalore,11.748,79.7714,ECMWF_ERA5_Reanalysis
2017-11-13,25.4,22.8,24.3,28.8,25.9,27.1,14.2,19.1,34.6,326,4.82,1006.1,loc_cuddalore,11.748,79.7714,ECMWF_ERA5_Reanalysis
2017-11-14,28.5,23.2,25.6,31.5,26.0,29.0,0.0,20.6,39.2,316,11.92,1005.4,loc_cuddalore,11.748,79.7714,ECMWF_ERA5_Reanalysis
2017-11-15,30.7,23.7,26.8,37.5,28.2,32.4,4.8,9.4,29.2,226,16.85,1005.6,loc_cuddalore,11.748,79.7714,ECMWF_ERA5_Reanalysis
2017-11-16,30.9,24.8,27.4,38.4,29.2,33.2,6.6,10.2,23.4,233,19.12,1006.4,loc_cuddalore,11.748,79.7714,ECMWF_ERA5_Reanalysis
2017-11-17,30.0,24.4,26.9,37.0,29.7,32.7,0.2,9.7,28.1,55,19.0,1007.4,loc_cuddalore,11.748,79.7714,ECMWF_ERA5_Reanalysis
2017-11-18,29.4,24.3,26.7,35.9,29.3,32.4,0.5,11.6,25.6,78,20.07,1008.5,loc_cuddalore,11.748,79.7714,ECMWF_ERA5_Reanalysis
2017-11-19,28.4,24.4,26.6,34.5,29.7,32.1,4.3,13.0,27.0,55,16.57,1009.8,loc_cuddalore,11.748,79.7714,ECMWF_ERA5_Reanalysis
2017-11-20,28.8,24.1,26.6,34.5,28.5,31.4,5.8,14.8,32.8,38,16.38,1010.2,loc_cuddalore,11.748,79.7714,ECMWF_ERA5_Reanalysis
2017-11-21,28.4,24.2,26.4,33.8,28.5,31.1,5.8,15.0,33.1,34,15.13,1009.6,loc_cuddalore,11.748,79.7714,ECMWF_ERA5_Reanalysis
2017-11-22,28.6,25.0,26.6,32.4,29.2,30.3,0.8,25.7,48.6,30,15.97,1009.0,loc_cuddalore,11.748,79.7714,ECMWF_ERA5_Reanalysis
2017-11-23,29.2,23.8,26.3,34.3,27.5,30.5,0.0,15.3,31.7,18,20.16,1009.1,loc_cuddalore,11.748,79.7714,ECMWF_ERA5_Reanalysis
2017-11-24,28.4,23.4,26.2,32.9,27.4,30.2,0.5,16.1,34.6,32,17.02,1010.3,loc_cuddalore,11.748,79.7714,ECMWF_ERA5_Reanalysis
2017-11-25,28.6,23.8,26.2,30.7,27.2,28.9,4.0,24.3,46.4,21,17.33,1010.8,loc_cuddalore,11.748,79.7714,ECMWF_ERA5_Reanalysis
2017-11-26,26.9,23.1,25.0,31.5,25.8,28.5,68.3,17.6,36.7,22,8.42,1011.3,loc_cuddalore,11.748,79.7714,ECMWF_ERA5_Reanalysis
2017-11-27,27.9,24.3,25.6,31.4,27.7,29.0,5.4,25.6,49.0,33,14.14,1010.2,loc_cuddalore,11.748,79.7714,ECMWF_ERA5_Reanalysis
2017-11-28,27.7,23.9,25.6,31.1,27.4,28.8,8.2,22.6,46.8,36,13.41,1010.2,loc_cuddalore,11.748,79.7714,ECMWF_ERA5_Reanalysis
2017-11-29,26.7,24.1,25.4,29.6,26.8,28.2,29.7,25.0,51.1,54,10.76,1010.4,loc_cuddalore,11.748,79.7714,ECMWF_ERA5_Reanalysis
2017-11-30,26.7,24.9,25.5,29.8,27.6,28.6,25.1,24.0,46.8,82,7.95,1009.3,loc_cuddalore,11.748,79.7714,ECMWF_ERA5_Reanalysis
2017-12-01,26.6,24.5,25.3,29.8,27.0,28.3,44.0,23.6,45.0,89,10.43,1008.8,loc_cuddalore,11.748,79.7714,ECMWF_ERA5_Reanalysis
2017-12-02,26.1,24.3,24.9,28.6,25.9,27.4,80.8,26.6,48.2,58,2.51,1010.2,loc_cuddalore,11.748,79.7714,ECMWF_ERA5_Reanalysis
2017-12-03,27.2,23.1,25.2,28.8,26.2,27.9,1.6,22.5,42.1,31,9.49,1011.0,loc_cuddalore,11.748,79.7714,ECMWF_ERA5_Reanalysis
2017-12-04,27.3,22.5,25.2,30.1,24.9,28.2,0.6,18.2,36.7,22,14.19,1010.3,loc_cuddalore,11.748,79.7714,ECMWF_ERA5_Reanalysis
2017-12-05,28.0,22.5,25.5,31.8,25.5,28.9,1.1,18.4,36.4,31,16.0,1009.3,loc_cuddalore,11.748,79.7714,ECMWF_ERA5_Reanalysis
2017-12-06,27.7,24.0,25.8,30.9,27.7,28.8,1.5,17.6,33.8,35,14.94,1009.0,loc_cuddalore,11.748,79.7714,ECMWF_ERA5_Reanalysis
2017-12-07,28.3,22.5,25.1,31.9,25.4,28.3,0.0,15.7,32.4,8,17.87,1008.6,loc_cuddalore,11.748,79.7714,ECMWF_ERA5_Reanalysis
2017-12-08,28.9,20.3,24.2,33.4,22.8,27.6,0.0,10.9,22.3,20,20.85,1008.8,loc_cuddalore,11.748,79.7714,ECMWF_ERA5_Reanalysis
2017-12-09,29.4,21.6,25.5,35.7,24.7,30.0,0.4,8.9,23.8,130,18.1,1009.6,loc_cuddalore,11.748,79.7714,ECMWF_ERA5_Reanalysis
2017-12-10,28.5,22.6,25.5,33.7,26.5,30.0,0.0,10.4,24.5,72,19.21,1010.9,loc_cuddalore,11.748,79.7714,ECMWF_ERA5_Reanalysis
2017-12-11,28.4,22.5,25.5,33.5,26.5,29.9,0.0,13.2,25.6,76,18.29,1012.2,loc_cuddalore,11.748,79.7714,ECMWF_ERA5_Reanalysis
2017-12-12,28.7,22.5,25.7,33.7,26.8,30.1,0.3,8.7,20.5,105,16.37,1012.3,loc_cuddalore,11.748,79.7714,ECMWF_ERA5_Reanalysis
2017-12-13,27.8,22.7,25.4,31.7,27.3,29.5,0.7,12.8,27.7,50,15.61,1012.4,loc_cuddalore,11.748,79.7714,ECMWF_ERA5_Reanalysis
2017-12-14,28.0,22.4,25.5,31.9,26.1,29.1,0.8,18.3,35.6,33,17.54,1012.7,loc_cuddalore,11.748,79.7714,ECMWF_ERA5_Reanalysis
2017-12-15,27.7,23.8,25.6,30.8,27.4,28.8,2.6,22.9,43.2,30,14.3,1013.0,loc_cuddalore,11.748,79.7714,ECMWF_ERA5_Reanalysis
2017-12-16,28.1,23.9,25.9,29.6,27.2,28.1,2.6,25.1,47.9,42,15.76,1013.9,loc_cuddalore,11.748,79.7714,ECMWF_ERA5_Reanalysis
2017-12-17,27.8,23.3,25.7,29.1,25.5,27.2,0.6,26.2,50.0,32,17.75,1014.7,loc_cuddalore,11.748,79.7714,ECMWF_ERA5_Reanalysis
2017-12-18,27.7,22.0,25.4,28.9,24.2,26.6,0.0,24.5,46.4,32,19.07,1014.9,loc_cuddalore,11.748,79.7714,ECMWF_ERA5_Reanalysis
2017-12-19,28.1,21.8,25.1,29.3,23.0,26.3,0.0,26.0,49.7,20,13.44,1013.7,loc_cuddalore,11.748,79.7714,ECMWF_ERA5_Reanalysis
2017-12-20,27.8,22.5,24.9,29.3,23.5,26.2,0.1,25.7,48.6,16,18.26,1014.3,loc_cuddalore,11.748,79.7714,ECMWF_ERA5_Reanalysis
2017-12-21,25.9,22.6,24.1,28.9,24.3,26.5,6.3,20.6,41.8,20,13.08,1014.4,loc_cuddalore,11.748,79.7714,ECMWF_ERA5_Reanalysis
2017-12-22,27.4,21.6,24.4,28.8,24.1,26.4,1.3,22.2,42.8,33,14.35,1013.2,loc_cuddalore,11.748,79.7714,ECMWF_ERA5_Reanalysis
2017-12-23,27.9,22.5,24.9,29.9,25.2,27.0,0.8,21.4,42.1,37,17.87,1011.5,loc_cuddalore,11.748,79.7714,ECMWF_ERA5_Reanalysis
2017-12-24,26.9,21.7,24.4,28.8,23.8,26.4,1.6,20.9,40.7,26,15.96,1011.2,loc_cuddalore,11.748,79.7714,ECMWF_ERA5_Reanalysis
2017-12-25,27.6,21.8,24.9,29.6,23.8,27.2,1.3,22.9,44.3,23,14.72,1011.5,loc_cuddalore,11.748,79.7714,ECMWF_ERA5_Reanalysis
2017-12-26,27.8,22.0,24.9,29.2,23.9,26.6,0.0,24.7,46.8,24,18.86,1012.1,loc_cuddalore,11.748,79.7714,ECMWF_ERA5_Reanalysis
2017-12-27,27.7,22.1,24.6,28.8,24.6,26.1,0.3,22.5,43.6,32,17.35,1012.2,loc_cuddalore,11.748,79.7714,ECMWF_ERA5_Reanalysis
2017-12-28,26.7,20.9,24.3,26.5,22.2,25.0,0.0,20.1,38.5,30,14.22,1012.0,loc_cuddalore,11.748,79.7714,ECMWF_ERA5_Reanalysis
2017-12-29,26.7,21.8,24.4,28.4,23.3,26.0,1.9,17.1,34.2,30,14.6,1012.3,loc_cuddalore,11.748,79.7714,ECMWF_ERA5_Reanalysis
2017-12-30,27.3,21.7,24.5,30.0,24.5,27.0,0.2,15.6,33.1,34,17.25,1011.6,loc_cuddalore,11.748,79.7714,ECMWF_ERA5_Reanalysis
2017-12-31,28.9,20.6,24.6,32.0,22.9,27.3,0.0,18.7,37.4,30,19.16,1010.1,loc_cuddalore,11.748,79.7714,ECMWF_ERA5_Reanalysis
2018-01-01,28.9,20.6,24.6,33.8,23.3,28.0,0.0,15.1,29.5,43,20.54,1008.4,loc_cuddalore,11.748,79.7714,ECMWF_ERA5_Reanalysis
2018-01-02,28.8,21.1,24.9,33.1,24.0,28.3,0.5,14.5,27.7,34,17.05,1008.5,loc_cuddalore,11.748,79.7714,ECMWF_ERA5_Reanalysis
2018-01-03,28.8,22.8,25.6,31.5,26.8,28.4,0.5,18.9,37.8,40,16.89,1009.9,loc_cuddalore,11.748,79.7714,ECMWF_ERA5_Reanalysis
2018-01-04,28.8,23.0,25.5,29.2,25.5,27.0,0.0,19.8,40.0,47,20.24,1011.4,loc_cuddalore,11.748,79.7714,ECMWF_ERA5_Reanalysis
2018-01-05,27.4,20.3,24.5,28.5,22.8,25.3,0.0,17.9,37.1,55,19.99,1010.7,loc_cuddalore,11.748,79.7714,ECMWF_ERA5_Reanalysis
2018-01-06,27.5,19.5,24.1,29.4,21.5,25.0,0.0,15.9,33.8,54,19.08,1010.3,loc_cuddalore,11.748,79.7714,ECMWF_ERA5_Reanalysis
2018-01-07,27.6,19.1,23.7,28.9,20.0,24.4,0.0,20.0,40.0,39,21.03,1010.8,loc_cuddalore,11.748,79.7714,ECMWF_ERA5_Reanalysis
2018-01-08,27.8,20.0,24.4,28.5,21.2,25.2,0.0,23.9,45.7,32,19.9,1011.5,loc_cuddalore,11.748,79.7714,ECMWF_ERA5_Reanalysis
2018-01-09,26.5,22.8,24.4,27.0,23.9,25.7,6.1,27.3,50.8,20,7.14,1012.4,loc_cuddalore,11.748,79.7714,ECMWF_ERA5_Reanalysis
2018-01-10,26.9,23.6,25.0,30.9,26.4,28.0,8.2,18.4,36.4,47,15.43,1013.4,loc_cuddalore,11.748,79.7714,ECMWF_ERA5_Reanalysis
2018-01-11,27.7,23.3,25.3,31.4,26.7,28.7,2.4,18.4,36.4,39,14.9,1013.1,loc_cuddalore,11.748,79.7714,ECMWF_ERA5_Reanalysis
2018-01-12,28.3,22.9,25.2,32.5,26.6,29.0,0.0,14.8,32.0,47,19.41,1012.5,loc_cuddalore,11.748,79.7714,ECMWF_ERA5_Reanalysis
2018-01-13,27.6,21.6,24.6,31.5,24.6,28.2,0.0,14.2,31.0,53,19.0,1012.1,loc_cuddalore,11.748,79.7714,ECMWF_ERA5_Reanalysis
2018-01-14,28.4,21.8,24.6,33.2,25.0,27.8,0.0,16.6,34.6,36,19.84,1012.5,loc_cuddalore,11.748,79.7714,ECMWF_ERA5_Reanalysis
2018-01-15,28.1,22.0,24.7,31.7,25.2,28.0,0.1,13.4,29.9,42,19.03,1012.6,loc_cuddalore,11.748,79.7714,ECMWF_ERA5_Reanalysis
2018-01-16,28.3,21.9,24.9,32.0,25.3,28.1,0.1,14.1,30.2,55,17.58,1011.5,loc_cuddalore,11.748,79.7714,ECMWF_ERA5_Reanalysis
2018-01-17,27.6,21.3,24.2,29.8,24.3,26.7,0.3,14.8,32.4,56,20.07,1011.7,loc_cuddalore,11.748,79.7714,ECMWF_ERA5_Reanalysis
2018-01-18,27.1,19.2,23.7,28.5,20.9,24.9,0.0,17.9,37.4,39,21.06,1012.1,loc_cuddalore,11.748,79.7714,ECMWF_ERA5_Reanalysis
2018-01-19,27.3,20.3,24.0,28.0,21.9,24.7,0.0,19.6,39.6,27,18.72,1012.7,loc_cuddalore,11.748,79.7714,ECMWF_ERA5_Reanalysis
2018-01-20,27.3,20.3,24.1,28.0,21.3,24.7,0.0,19.1,38.2,35,18.87,1012.3,loc_cuddalore,11.748,79.7714,ECMWF_ERA5_Reanalysis
2018-01-21,27.3,19.1,23.7,28.2,20.2,24.4,0.0,20.9,42.1,35,19.37,1011.2,loc_cuddalore,11.748,79.7714,ECMWF_ERA5_Reanalysis
2018-01-22,26.7,20.2,23.8,28.2,21.0,25.0,0.6,18.5,37.8,39,13.97,1010.2,loc_cuddalore,11.748,79.7714,ECMWF_ERA5_Reanalysis
2018-01-23,28.1,20.1,24.3,30.3,22.3,26.1,0.0,17.5,37.1,63,19.77,1009.8,loc_cuddalore,11.748,79.7714,ECMWF_ERA5_Reanalysis
2018-01-24,28.1,20.3,24.1,31.4,22.3,26.5,0.0,16.7,36.0,56,21.16,1009.2,loc_cuddalore,11.748,79.7714,ECMWF_ERA5_Reanalysis
2018-01-25,29.3,20.5,24.5,31.8,23.0,27.0,0.0,16.9,34.9,41,21.57,1008.7,loc_cuddalore,11.748,79.7714,ECMWF_ERA5_Reanalysis
2018-01-26,28.5,20.6,24.4,31.3,23.5,26.9,0.0,15.3,33.8,55,21.1,1009.5,loc_cuddalore,11.748,79.7714,ECMWF_ERA5_Reanalysis
2018-01-27,28.1,20.7,24.6,30.1,23.4,26.5,0.0,18.1,37.1,51,21.08,1010.2,loc_cuddalore,11.748,79.7714,ECMWF_ERA5_Reanalysis
2018-01-28,27.9,21.1,24.5,29.7,23.6,26.2,0.0,19.5,40.7,35,20.84,1011.0,loc_cuddalore,11.748,79.7714,ECMWF_ERA5_Reanalysis
2018-01-29,28.0,20.6,24.5,29.2,22.4,25.9,0.0,20.2,41.4,34,20.43,1012.1,loc_cuddalore,11.748,79.7714,ECMWF_ERA5_Reanalysis
2018-01-30,28.1,20.5,24.2,28.7,22.2,25.3,0.0,21.9,43.2,27,22.33,1012.4,loc_cuddalore,11.748,79.7714,ECMWF_ERA5_Reanalysis
2018-01-31,28.0,19.4,23.7,29.5,21.1,25.1,0.0,17.4,37.4,34,22.88,1012.9,loc_cuddalore,11.748,79.7714,ECMWF_ERA5_Reanalysis
2018-02-01,28.0,18.4,22.7,30.4,19.7,24.5,0.0,12.8,29.9,32,22.61,1012.8,loc_cuddalore,11.748,79.7714,ECMWF_ERA5_Reanalysis
2018-02-02,28.6,16.9,22.9,31.1,18.0,24.7,0.0,12.6,29.9,65,23.38,1011.8,loc_cuddalore,11.748,79.7714,ECMWF_ERA5_Reanalysis
2018-02-03,27.4,18.2,23.2,28.9,19.3,24.2,0.0,16.5,34.6,47,20.69,1012.4,loc_cuddalore,11.748,79.7714,ECMWF_ERA5_Reanalysis
2018-02-04,27.6,19.6,23.7,28.5,21.0,24.5,0.0,16.9,36.7,45,20.99,1012.5,loc_cuddalore,11.748,79.7714,ECMWF_ERA5_Reanalysis
2018-02-05,27.9,19.5,24.4,29.7,21.4,25.7,0.0,18.7,37.1,45,18.46,1013.5,loc_cuddalore,11.748,79.7714,ECMWF_ERA5_Reanalysis
2018-02-06,28.1,21.7,25.3,30.3,23.9,27.9,0.5,20.3,41.0,45,14.77,1013.2,loc_cuddalore,11.748,79.7714,ECMWF_ERA5_Reanalysis
2018-02-07,28.9,23.7,26.2,33.7,28.2,30.3,1.4,15.0,31.7,88,16.94,1011.7,loc_cuddalore,11.748,79.7714,ECMWF_ERA5_Reanalysis
2018-02-08,29.2,23.8,26.1,33.3,28.2,30.1,0.0,13.0,30.6,90,19.06,1011.0,loc_cuddalore,11.748,79.7714,ECMWF_ERA5_Reanalysis
2018-02-09,29.1,22.3,25.6,33.6,26.1,29.3,0.0,16.5,36.4,103,21.4,1010.5,loc_cuddalore,11.748,79.7714,ECMWF_ERA5_Reanalysis
2018-02-10,28.9,23.0,26.0,32.8,27.2,29.3,0.2,16.1,33.5,91,20.25,1012.0,loc_cuddalore,11.748,79.7714,ECMWF_ERA5_Reanalysis
2018-02-11,29.2,23.4,26.2,32.7,27.0,29.4,0.5,14.5,32.4,88,20.13,1012.9,loc_cuddalore,11.748,79.7714,ECMWF_ERA5_Reanalysis
2018-02-12,29.3,23.2,26.2,32.2,26.8,28.5,0.4,19.7,40.0,64,21.11,1014.3,loc_cuddalore,11.748,79.7714,ECMWF_ERA5_Reanalysis
2018-02-13,28.8,21.7,25.7,30.9,24.5,27.9,0.1,18.1,38.5,50,20.11,1015.6,loc_cuddalore,11.748,79.7714,ECMWF_ERA5_Reanalysis
2018-02-14,28.6,23.8,25.9,31.3,27.0,28.7,0.9,19.7,40.3,53,18.37,1015.6,loc_cuddalore,11.748,79.7714,ECMWF_ERA5_Reanalysis
2018-02-15,29.2,23.3,26.1,32.3,26.2,28.8,0.3,21.3,44.3,38,21.57,1015.6,loc_cuddalore,11.748,79.7714,ECMWF_ERA5_Reanalysis
2018-02-16,29.8,22.7,25.8,32.8,26.0,28.6,0.0,17.0,36.4,46,23.37,1014.7,loc_cuddalore,11.748,79.7714,ECMWF_ERA5_Reanalysis
2018-02-17,29.1,21.1,25.1,33.7,24.1,28.5,0.0,14.3,32.8,85,23.2,1011.7,loc_cuddalore,11.748,79.7714,ECMWF_ERA5_Reanalysis
2018-02-18,29.0,21.4,25.1,32.2,24.8,27.8,0.0,16.3,33.5,76,23.18,1010.8,loc_cuddalore,11.748,79.7714,ECMWF_ERA5_Reanalysis
2018-02-19,28.4,19.9,24.6,30.7,22.3,27.0,0.0,16.5,36.4,58,22.55,1011.3,loc_cuddalore,11.748,79.7714,ECMWF_ERA5_Reanalysis
2018-02-20,28.9,21.2,24.7,31.8,24.0,27.3,0.0,16.1,33.8,48,22.19,1011.1,loc_cuddalore,11.748,79.7714,ECMWF_ERA5_Reanalysis
2018-02-21,28.8,21.9,25.0,31.5,25.3,27.6,0.0,15.3,34.6,56,22.91,1009.9,loc_cuddalore,11.748,79.7714,ECMWF_ERA5_Reanalysis
2018-02-22,28.8,20.8,24.5,32.0,23.5,27.0,0.0,15.0,34.6,56,23.53,1009.8,loc_cuddalore,11.748,79.7714,ECMWF_ERA5_Reanalysis
2018-02-23,29.1,21.2,25.2,32.2,24.7,27.9,0.0,13.7,30.6,58,23.14,1010.4,loc_cuddalore,11.748,79.7714,ECMWF_ERA5_Reanalysis
2018-02-24,29.1,23.3,25.9,32.4,26.7,28.6,1.7,17.7,38.2,60,20.74,1011.8,loc_cuddalore,11.748,79.7714,ECMWF_ERA5_Reanalysis
2018-02-25,29.8,23.1,26.2,33.0,25.5,28.7,0.0,20.0,41.8,45,23.64,1011.8,loc_cuddalore,11.748,79.7714,ECMWF_ERA5_Reanalysis
2018-02-26,30.6,21.7,25.9,34.7,24.9,29.1,0.1,17.9,36.0,46,23.18,1010.9,loc_cuddalore,11.748,79.7714,ECMWF_ERA5_Reanalysis
2018-02-27,30.9,22.3,26.3,34.6,25.7,29.9,0.0,17.1,35.3,60,24.11,1010.3,loc_cuddalore,11.748,79.7714,ECMWF_ERA5_Reanalysis
2018-02-28,29.8,22.4,26.1,34.8,26.2,30.1,0.0,16.5,35.6,57,23.12,1010.2,loc_cuddalore,11.748,79.7714,ECMWF_ERA5_Reanalysis
2018-03-01,30.8,22.9,26.3,34.8,27.0,30.2,0.0,14.7,32.8,59,23.76,1009.8,loc_cuddalore,11.748,79.7714,ECMWF_ERA5_Reanalysis
2018-03-02,30.6,21.8,25.8,34.7,25.2,29.5,0.0,13.8,32.0,60,24.56,1009.6,loc_cuddalore,11.748,79.7714,ECMWF_ERA5_Reanalysis
2018-03-03,30.0,20.7,25.2,34.5,23.5,28.7,0.0,13.9,32.0,99,24.72,1009.2,loc_cuddalore,11.748,79.7714,ECMWF_ERA5_Reanalysis
2018-03-04,30.3,19.2,24.8,33.9,21.6,27.7,0.0,13.6,32.4,133,24.72,1009.1,loc_cuddalore,11.748,79.7714,ECMWF_ERA5_Reanalysis
2018-03-05,29.5,19.6,24.7,33.9,22.0,27.6,0.0,14.4,33.1,92,24.17,1009.8,loc_cuddalore,11.748,79.7714,ECMWF_ERA5_Reanalysis
2018-03-06,29.3,21.0,25.3,33.2,24.0,28.4,0.0,14.8,33.1,85,22.98,1010.7,loc_cuddalore,11.748,79.7714,ECMWF_ERA5_Reanalysis
2018-03-07,30.0,21.5,26.0,34.4,24.1,29.0,0.4,13.3,31.7,72,22.04,1010.3,loc_cuddalore,11.748,79.7714,ECMWF_ERA5_Reanalysis
2018-03-08,30.3,20.5,25.3,34.1,23.3,28.6,0.0,13.7,32.8,49,24.69,1010.4,loc_cuddalore,11.748,79.7714,ECMWF_ERA5_Reanalysis
2018-03-09,30.4,21.4,26.2,34.6,24.8,29.6,0.0,16.9,37.1,50,23.34,1010.4,loc_cuddalore,11.748,79.7714,ECMWF_ERA5_Reanalysis
2018-03-10,30.5,22.6,26.3,34.7,26.2,30.1,0.0,15.8,35.3,45,23.3,1010.3,loc_cuddalore,11.748,79.7714,ECMWF_ERA5_Reanalysis
2018-03-11,29.8,22.7,26.5,33.5,26.8,30.2,0.0,16.4,34.9,58,20.91,1010.6,loc_cuddalore,11.748,79.7714,ECMWF_ERA5_Reanalysis
2018-03-12,30.4,24.5,27.4,34.3,29.3,31.3,1.4,22.3,46.1,69,22.16,1011.2,loc_cuddalore,11.748,79.7714,ECMWF_ERA5_Reanalysis
2018-03-13,30.5,25.0,27.6,34.4,29.3,31.8,2.2,18.7,40.3,77,16.92,1010.4,loc_cuddalore,11.748,79.7714,ECMWF_ERA5_Reanalysis
2018-03-14,30.8,24.7,27.9,36.0,29.9,32.7,0.0,16.4,37.1,108,22.9,1009.8,loc_cuddalore,11.748,79.7714,ECMWF_ERA5_Reanalysis
2018-03-15,31.4,24.7,28.0,35.7,30.3,32.7,0.0,17.8,39.2,141,23.77,1009.4,loc_cuddalore,11.748,79.7714,ECMWF_ERA5_Reanalysis
2018-03-16,31.1,25.1,28.1,35.9,31.0,32.6,1.6,20.6,41.4,147,20.59,1008.0,loc_cuddalore,11.748,79.7714,ECMWF_ERA5_Reanalysis
2018-03-17,29.1,23.6,26.5,32.8,27.4,30.7,8.0,15.9,28.1,63,11.37,1009.5,loc_cuddalore,11.748,79.7714,ECMWF_ERA5_Reanalysis
2018-03-18,30.3,25.5,27.7,34.4,29.3,31.4,0.1,18.4,38.5,90,21.73,1010.0,loc_cuddalore,11.748,79.7714,ECMWF_ERA5_Reanalysis
2018-03-19,30.9,24.0,27.3,33.8,27.6,30.6,0.0,14.8,33.8,99,23.7,1011.5,loc_cuddalore,11.748,79.7714,ECMWF_ERA5_Reanalysis
2018-03-20,30.7,21.8,26.7,35.0,25.6,30.4,0.0,13.9,33.1,104,24.53,1010.5,loc_cuddalore,11.748,79.7714,ECMWF_ERA5_Reanalysis
2018-03-21,31.7,22.2,27.0,36.9,26.2,30.9,0.0,15.8,35.6,154,25.0,1009.4,loc_cuddalore,11.748,79.7714,ECMWF_ERA5_Reanalysis
2018-03-22,32.7,23.0,28.1,38.4,26.8,32.3,0.0,19.1,39.2,156,24.65,1007.2,loc_cuddalore,11.748,79.7714,ECMWF_ERA5_Reanalysis
2018-03-23,32.7,25.1,28.5,38.5,28.6,33.0,0.0,20.2,42.1,150,24.16,1007.1,loc_cuddalore,11.748,79.7714,ECMWF_ERA5_Reanalysis
2018-03-24,32.3,25.5,28.3,36.4,30.6,32.8,0.0,17.6,38.2,139,21.96,1009.0,loc_cuddalore,11.748,79.7714,ECMWF_ERA5_Reanalysis
2018-03-25,31.0,24.4,27.7,36.0,28.9,32.0,0.0,13.4,32.0,107,23.24,1011.3,loc_cuddalore,11.748,79.7714,ECMWF_ERA5_Reanalysis
2018-03-26,30.9,24.2,27.7,36.3,28.3,31.9,0.0,16.5,36.0,99,24.65,1011.6,loc_cuddalore,11.748,79.7714,ECMWF_ERA5_Reanalysis
2018-03-27,31.8,23.7,27.9,37.1,28.4,32.7,0.0,17.2,36.7,129,24.72,1010.2,loc_cuddalore,11.748,79.7714,ECMWF_ERA5_Reanalysis
2018-03-28,32.3,26.0,28.8,36.7,31.4,33.4,0.0,21.0,44.3,155,24.17,1009.0,loc_cuddalore,11.748,79.7714,ECMWF_ERA5_Reanalysis
2018-03-29,33.0,25.9,29.0,38.5,30.9,33.7,0.0,21.2,44.6,158,25.35,1008.4,loc_cuddalore,11.748,79.7714,ECMWF_ERA5_Reanalysis
2018-03-30,32.7,25.7,29.0,38.6,30.5,33.6,0.0,22.9,45.7,156,25.17,1008.0,loc_cuddalore,11.748,79.7714,ECMWF_ERA5_Reanalysis
2018-03-31,32.7,26.1,29.1,38.3,31.5,34.1,0.1,21.4,44.3,150,21.49,1007.4,loc_cuddalore,11.748,79.7714,ECMWF_ERA5_Reanalysis
2018-04-01,32.2,26.8,29.0,36.7,32.3,33.8,0.5,20.1,41.8,152,22.45,1007.5,loc_cuddalore,11.748,79.7714,ECMWF_ERA5_Reanalysis
2018-04-02,31.8,26.1,28.7,37.3,32.1,33.7,0.6,18.5,39.6,140,23.03,1008.5,loc_cuddalore,11.748,79.7714,ECMWF_ERA5_Reanalysis
2018-04-03,32.2,26.0,28.8,37.3,32.2,33.8,0.1,17.4,37.8,138,23.01,1008.2,loc_cuddalore,11.748,79.7714,ECMWF_ERA5_Reanalysis
2018-04-04,32.1,25.2,28.4,37.3,31.0,33.3,0.0,19.2,40.0,144,24.94,1006.9,loc_cuddalore,11.748,79.7714,ECMWF_ERA5_Reanalysis
2018-04-05,31.6,24.7,28.3,36.8,30.0,32.7,0.2,19.7,40.3,136,24.85,1006.5,loc_cuddalore,11.748,79.7714,ECMWF_ERA5_Reanalysis
2018-04-06,31.9,24.6,28.2,36.5,29.2,32.6,0.1,18.0,38.9,141,22.94,1007.2,loc_cuddalore,11.748,79.7714,ECMWF_ERA5_Reanalysis
2018-04-07,32.4,25.5,28.7,37.6,31.2,33.7,0.4,16.6,37.1,130,24.87,1008.3,loc_cuddalore,11.748,79.7714,ECMWF_ERA5_Reanalysis
2018-04-08,31.8,25.3,28.4,36.8,31.3,33.0,4.3,21.6,44.3,96,21.48,1009.1,loc_cuddalore,11.748,79.7714,ECMWF_ERA5_Reanalysis
2018-04-09,31.7,26.9,28.9,36.5,31.4,33.2,1.1,19.8,41.0,88,23.25,1009.1,loc_cuddalore,11.748,79.7714,ECMWF_ERA5_Reanalysis
2018-04-10,31.5,25.5,28.6,36.4,30.8,33.3,2.1,20.5,39.6,84,21.62,1008.2,loc_cuddalore,11.748,79.7714,ECMWF_ERA5_Reanalysis
2018-04-11,32.0,25.7,29.0,37.8,31.3,34.2,1.4,18.6,39.2,99,23.92,1008.1,loc_cuddalore,11.748,79.7714,ECMWF_ERA5_Reanalysis
2018-04-12,32.3,26.3,29.1,38.1,32.1,34.3,2.8,20.4,41.8,113,23.54,1007.4,loc_cuddalore,11.748,79.7714,ECMWF_ERA5_Reanalysis
2018-04-13,31.3,26.0,28.8,36.8,31.7,33.8,2.8,19.0,40.3,124,21.28,1008.2,loc_cuddalore,11.748,79.7714,ECMWF_ERA5_Reanalysis
2018-04-14,31.6,25.3,28.5,37.5,30.2,33.6,4.4,18.1,37.1,146,21.83,1008.0,loc_cuddalore,11.748,79.7714,ECMWF_ERA5_Reanalysis
2018-04-15,32.1,27.0,29.1,38.2,32.2,34.4,1.8,16.6,36.0,141,22.01,1008.2,loc_cuddalore,11.748,79.7714,ECMWF_ERA5_Reanalysis
2018-04-16,32.3,26.7,29.5,37.8,33.1,34.9,1.5,16.8,36.7,137,21.61,1008.6,loc_cuddalore,11.748,79.7714,ECMWF_ERA5_Reanalysis
2018-04-17,33.1,26.6,29.6,38.8,32.5,34.8,0.9,17.6,37.8,135,24.36,1009.4,loc_cuddalore,11.748,79.7714,ECMWF_ERA5_Reanalysis
2018-04-18,33.3,24.9,29.3,38.8,30.2,33.9,0.0,20.6,42.8,155,24.49,1008.8,loc_cuddalore,11.748,79.7714,ECMWF_ERA5_Reanalysis
2018-04-19,34.0,26.5,29.9,38.9,32.0,34.4,0.0,25.1,50.0,168,23.27,1007.1,loc_cuddalore,11.748,79.7714,ECMWF_ERA5_Reanalysis
2018-04-20,35.3,26.9,30.4,40.0,31.7,34.7,0.0,27.5,53.3,165,25.33,1006.6,loc_cuddalore,11.748,79.7714,ECMWF_ERA5_Reanalysis
2018-04-21,33.2,27.7,30.1,38.5,32.8,34.4,0.0,25.6,51.8,159,24.48,1006.8,loc_cuddalore,11.748,79.7714,ECMWF_ERA5_Reanalysis
2018-04-22,33.9,26.6,29.9,39.1,32.2,34.9,0.0,22.7,46.8,159,24.85,1007.2,loc_cuddalore,11.748,79.7714,ECMWF_ERA5_Reanalysis
2018-04-23,33.4,27.0,29.9,39.6,32.6,34.9,0.1,21.6,45.7,156,25.2,1007.2,loc_cuddalore,11.748,79.7714,ECMWF_ERA5_Reanalysis
2018-04-24,33.5,25.8,29.5,39.4,30.5,34.2,0.0,22.9,46.4,154,25.25,1007.4,loc_cuddalore,11.748,79.7714,ECMWF_ERA5_Reanalysis
2018-04-25,33.2,26.1,29.7,38.8,32.1,34.4,0.1,19.9,41.8,151,22.33,1006.8,loc_cuddalore,11.748,79.7714,ECMWF_ERA5_Reanalysis
2018-04-26,33.3,27.3,30.0,39.1,33.0,35.0,1.1,22.7,45.7,152,23.88,1006.1,loc_cuddalore,11.748,79.7714,ECMWF_ERA5_Reanalysis
2018-04-27,33.3,26.8,30.0,39.0,33.5,35.3,0.4,20.3,41.8,139,25.05,1007.3,loc_cuddalore,11.748,79.7714,ECMWF_ERA5_Reanalysis
2018-04-28,32.9,27.0,29.8,38.9,33.5,35.2,0.6,17.8,37.8,138,24.33,1008.3,loc_cuddalore,11.748,79.7714,ECMWF_ERA5_Reanalysis
2018-04-29,33.1,26.6,29.8,38.1,32.6,34.6,0.0,22.9,47.2,155,23.59,1007.0,loc_cuddalore,11.748,79.7714,ECMWF_ERA5_Reanalysis
2018-04-30,34.8,27.2,30.7,40.2,32.2,34.8,0.0,27.8,54.0,164,25.28,1005.3,loc_cuddalore,11.748,79.7714,ECMWF_ERA5_Reanalysis
2018-05-01,33.8,28.5,30.9,40.2,33.5,35.7,0.0,25.0,49.3,156,24.93,1006.0,loc_cuddalore,11.748,79.7714,ECMWF_ERA5_Reanalysis
2018-05-02,34.5,28.5,30.9,41.0,33.8,36.0,0.0,25.4,51.5,156,23.77,1005.9,loc_cuddalore,11.748,79.7714,ECMWF_ERA5_Reanalysis
2018-05-03,33.8,26.4,30.2,40.4,31.5,35.5,6.0,22.1,45.7,137,24.67,1006.9,loc_cuddalore,11.748,79.7714,ECMWF_ERA5_Reanalysis
2018-05-04,32.5,26.1,29.5,38.1,31.8,34.9,1.5,16.4,36.4,144,23.19,1007.5,loc_cuddalore,11.748,79.7714,ECMWF_ERA5_Reanalysis
2018-05-05,32.7,27.3,29.8,38.3,33.4,35.0,0.2,19.9,41.0,144,23.5,1008.3,loc_cuddalore,11.748,79.7714,ECMWF_ERA5_Reanalysis
2018-05-06,33.6,26.9,30.1,38.8,32.8,35.1,0.1,23.3,46.4,162,22.95,1008.5,loc_cuddalore,11.748,79.7714,ECMWF_ERA5_Reanalysis
2018-05-07,34.3,27.6,30.5,39.4,32.7,35.1,0.3,24.4,47.5,167,22.14,1007.0,loc_cuddalore,11.748,79.7714,ECMWF_ERA5_Reanalysis
2018-05-08,34.1,27.6,30.4,39.3,31.7,35.0,0.4,24.2,49.0,175,20.22,1005.8,loc_cuddalore,11.748,79.7714,ECMWF_ERA5_Reanalysis
2018-05-09,33.0,26.4,29.7,38.2,31.0,34.2,0.8,22.5,46.1,170,19.86,1006.5,loc_cuddalore,11.748,79.7714,ECMWF_ERA5_Reanalysis
2018-05-10,32.7,27.5,29.9,37.6,32.4,34.4,2.6,20.8,43.9,167,20.11,1008.1,loc_cuddalore,11.748,79.7714,ECMWF_ERA5_Reanalysis
2018-05-11,34.3,26.9,30.6,39.8,31.5,35.0,0.0,22.4,44.6,166,24.65,1006.9,loc_cuddalore,11.748,79.7714,ECMWF_ERA5_Reanalysis
2018-05-12,34.0,27.6,30.5,39.6,32.6,35.3,0.3,22.3,45.0,164,23.79,1006.4,loc_cuddalore,11.748,79.7714,ECMWF_ERA5_Reanalysis
2018-05-13,33.5,27.4,30.1,38.6,32.6,34.6,0.0,23.4,46.8,163,20.65,1006.4,loc_cuddalore,11.748,79.7714,ECMWF_ERA5_Reanalysis
2018-05-14,33.0,27.0,29.8,38.6,32.3,34.7,1.2,22.2,43.2,155,22.15,1006.7,loc_cuddalore,11.748,79.7714,ECMWF_ERA5_Reanalysis
2018-05-15,33.3,27.0,30.0,38.4,33.3,35.0,0.0,19.2,40.7,145,22.15,1006.1,loc_cuddalore,11.748,79.7714,ECMWF_ERA5_Reanalysis
2018-05-16,33.5,26.7,30.0,39.4,32.8,35.0,0.7,18.1,40.0,155,22.69,1005.1,loc_cuddalore,11.748,79.7714,ECMWF_ERA5_Reanalysis
2018-05-17,33.8,27.2,30.4,39.4,32.3,34.9,0.5,24.7,48.2,166,22.11,1005.1,loc_cuddalore,11.748,79.7714,ECMWF_ERA5_Reanalysis
2018-05-18,34.4,27.2,30.4,40.0,30.6,34.7,0.0,25.9,49.3,169,23.04,1004.7,loc_cuddalore,11.748,79.7714,ECMWF_ERA5_Reanalysis
2018-05-19,35.8,27.6,30.8,40.5,32.7,35.3,0.0,21.4,42.8,169,19.91,1004.0,loc_cuddalore,11.748,79.7714,ECMWF_ERA5_Reanalysis
2018-05-20,34.7,27.4,30.6,40.9,32.9,35.8,0.0,22.2,45.4,155,24.91,1004.1,loc_cuddalore,11.748,79.7714,ECMWF_ERA5_Reanalysis
2018-05-21,34.0,27.2,30.4,40.0,33.6,36.0,1.0,25.0,49.0,152,22.12,1004.4,loc_cuddalore,11.748,79.7714,ECMWF_ERA5_Reanalysis
2018-05-22,33.7,27.0,30.1,39.8,33.8,35.7,1.7,20.2,43.2,136,22.72,1004.5,loc_cuddalore,11.748,79.7714,ECMWF_ERA5_Reanalysis
2018-05-23,32.8,26.9,29.7,39.2,31.5,35.0,1.9,18.1,34.6,146,19.45,1004.3,loc_cuddalore,11.748,79.7714,ECMWF_ERA5_Reanalysis
2018-05-24,32.0,25.7,29.2,38.4,31.3,34.6,0.9,16.1,31.7,129,22.05,1003.5,loc_cuddalore,11.748,79.7714,ECMWF_ERA5_Reanalysis
2018-05-25,32.4,26.2,28.9,38.3,31.9,34.2,5.7,17.1,34.9,152,19.48,1003.1,loc_cuddalore,11.748,79.7714,ECMWF_ERA5_Reanalysis
2018-05-26,32.4,25.8,29.3,38.2,32.0,34.7,2.0,17.1,36.0,144,19.02,1003.0,loc_cuddalore,11.748,79.7714,ECMWF_ERA5_Reanalysis
2018-05-27,33.7,26.9,30.1,39.0,32.9,35.0,1.4,22.4,45.0,168,22.8,1002.7,loc_cuddalore,11.748,79.7714,ECMWF_ERA5_Reanalysis
2018-05-28,35.7,27.9,31.2,39.6,31.6,35.1,0.0,27.7,51.1,182,19.39,1001.1,loc_cuddalore,11.748,79.7714,ECMWF_ERA5_Reanalysis
2018-05-29,38.0,28.4,32.8,43.1,31.3,35.9,1.8,21.1,43.6,215,21.68,1000.2,loc_cuddalore,11.748,79.7714,ECMWF_ERA5_Reanalysis
2018-05-30,37.3,29.1,32.2,43.2,32.3,36.3,0.0,21.8,44.3,187,23.3,1000.8,loc_cuddalore,11.748,79.7714,ECMWF_ERA5_Reanalysis
2018-05-31,37.3,28.9,32.4,42.9,33.4,36.9,0.0,21.9,43.6,178,23.2,1002.3,loc_cuddalore,11.748,79.7714,ECMWF_ERA5_Reanalysis
2018-06-01,37.1,29.2,32.1,42.3,33.6,36.5,0.2,26.3,51.8,169,23.14,1003.4,loc_cuddalore,11.748,79.7714,ECMWF_ERA5_Reanalysis
2018-06-02,34.9,27.6,30.5,41.8,33.8,36.6,15.0,20.9,43.6,161,23.51,1004.0,loc_cuddalore,11.748,79.7714,ECMWF_ERA5_Reanalysis
2018-06-03,33.0,27.1,29.7,39.3,33.2,36.1,4.4,12.6,25.9,191,18.94,1003.5,loc_cuddalore,11.748,79.7714,ECMWF_ERA5_Reanalysis
2018-06-04,33.8,27.4,29.8,41.6,32.6,35.6,5.0,14.6,28.8,203,20.88,1002.4,loc_cuddalore,11.748,79.7714,ECMWF_ERA5_Reanalysis
2018-06-05,34.2,27.4,30.3,40.8,32.2,35.6,0.3,22.6,44.3,180,21.48,1002.8,loc_cuddalore,11.748,79.7714,ECMWF_ERA5_Reanalysis
2018-06-06,35.7,27.6,30.7,41.1,32.6,35.7,0.2,17.2,36.4,201,20.95,1004.6,loc_cuddalore,11.748,79.7714,ECMWF_ERA5_Reanalysis
2018-06-07,35.2,27.8,30.8,39.2,32.4,35.4,0.2,16.8,36.4,210,16.95,1003.8,loc_cuddalore,11.748,79.7714,ECMWF_ERA5_Reanalysis
2018-06-08,36.7,27.7,31.7,40.4,29.9,34.4,0.0,22.3,48.2,239,19.36,1002.3,loc_cuddalore,11.748,79.7714,ECMWF_ERA5_Reanalysis
2018-06-09,36.9,27.8,31.7,39.9,30.6,34.6,0.2,24.8,55.4,238,21.16,1001.3,loc_cuddalore,11.748,79.7714,ECMWF_ERA5_Reanalysis
2018-06-10,36.7,27.3,31.6,40.2,30.8,35.0,0.4,19.9,50.0,237,20.22,1002.4,loc_cuddalore,11.748,79.7714,ECMWF_ERA5_Reanalysis
2018-06-11,37.1,27.8,31.9,40.4,30.8,34.9,1.0,21.5,52.2,234,19.81,1003.1,loc_cuddalore,11.748,79.7714,ECMWF_ERA5_Reanalysis
2018-06-12,37.3,28.1,31.4,41.2,31.3,35.1,4.2,17.8,51.1,231,20.19,1003.3,loc_cuddalore,11.748,79.7714,ECMWF_ERA5_Reanalysis
2018-06-13,36.7,27.2,31.2,41.1,30.5,35.0,0.0,23.1,40.3,211,20.92,1003.7,loc_cuddalore,11.748,79.7714,ECMWF_ERA5_Reanalysis
2018-06-14,35.3,27.7,31.5,39.9,31.2,34.8,0.6,21.4,41.8,238,17.33,1004.3,loc_cuddalore,11.748,79.7714,ECMWF_ERA5_Reanalysis
2018-06-15,35.7,28.0,31.2,39.7,32.0,35.0,0.0,19.8,40.3,201,19.75,1004.6,loc_cuddalore,11.748,79.7714,ECMWF_ERA5_Reanalysis
2018-06-16,36.2,27.3,31.3,40.8,32.1,35.4,0.1,20.7,54.4,208,20.91,1005.7,loc_cuddalore,11.748,79.7714,ECMWF_ERA5_Reanalysis
2018-06-17,37.7,27.9,31.8,41.1,31.3,35.4,0.0,19.5,48.2,223,22.1,1005.3,loc_cuddalore,11.748,79.7714,ECMWF_ERA5_Reanalysis
2018-06-18,36.6,27.0,31.4,40.2,30.5,34.5,0.0,23.4,46.4,206,22.04,1004.9,loc_cuddalore,11.748,79.7714,ECMWF_ERA5_Reanalysis
2018-06-19,36.4,27.4,31.4,40.2,30.0,34.3,0.4,22.3,44.3,203,22.82,1004.2,loc_cuddalore,11.748,79.7714,ECMWF_ERA5_Reanalysis
2018-06-20,36.4,27.8,32.0,38.5,30.3,34.1,0.6,22.3,44.3,218,19.22,1003.8,loc_cuddalore,11.748,79.7714,ECMWF_ERA5_Reanalysis
2018-06-21,35.5,28.0,31.2,39.8,30.6,34.5,0.8,21.4,40.0,237,20.79,1003.6,loc_cuddalore,11.748,79.7714,ECMWF_ERA5_Reanalysis
2018-06-22,35.6,26.7,30.4,39.7,31.2,34.3,1.3,26.4,49.0,189,19.55,1003.6,loc_cuddalore,11.748,79.7714,ECMWF_ERA5_Reanalysis
2018-06-23,35.1,27.1,30.5,39.1,31.0,34.2,5.0,23.0,43.6,194,20.16,1003.7,loc_cuddalore,11.748,79.7714,ECMWF_ERA5_Reanalysis
2018-06-24,35.2,26.4,30.0,39.6,31.6,34.2,1.3,24.2,47.5,183,21.12,1004.4,loc_cuddalore,11.748,79.7714,ECMWF_ERA5_Reanalysis
2018-06-25,35.3,27.2,30.4,38.9,31.9,34.8,0.9,19.3,38.2,191,19.79,1003.9,loc_cuddalore,11.748,79.7714,ECMWF_ERA5_Reanalysis
2018-06-26,36.5,26.6,30.4,40.6,30.6,34.9,0.0,16.2,34.9,222,21.06,1003.0,loc_cuddalore,11.748,79.7714,ECMWF_ERA5_Reanalysis
2018-06-27,35.1,27.0,30.1,39.8,30.4,34.0,0.2,18.1,36.4,211,16.82,1002.4,loc_cuddalore,11.748,79.7714,ECMWF_ERA5_Reanalysis
2018-06-28,34.8,27.1,29.9,39.5,31.0,34.0,4.1,17.0,41.0,185,18.59,1003.5,loc_cuddalore,11.748,79.7714,ECMWF_ERA5_Reanalysis
2018-06-29,33.7,26.7,29.5,38.9,30.1,33.7,0.9,21.2,41.8,176,20.41,1003.9,loc_cuddalore,11.748,79.7714,ECMWF_ERA5_Reanalysis
2018-06-30,33.3,25.5,28.9,37.8,30.1,33.7,15.1,14.8,27.7,162,17.56,1004.8,loc_cuddalore,11.748,79.7714,ECMWF_ERA5_Reanalysis
2018-07-01,31.6,24.5,28.3,38.6,28.9,34.0,6.4,14.1,28.1,173,22.09,1005.4,loc_cuddalore,11.748,79.7714,ECMWF_ERA5_Reanalysis
2018-07-02,31.5,24.0,27.6,39.1,27.7,32.8,13.4,19.1,38.5,192,22.9,1005.2,loc_cuddalore,11.748,79.7714,ECMWF_ERA5_Reanalysis
2018-07-03,31.9,25.3,28.3,39.0,30.9,33.8,0.6,16.9,37.1,169,22.36,1005.5,loc_cuddalore,11.748,79.7714,ECMWF_ERA5_Reanalysis
2018-07-04,34.7,26.6,30.0,40.4,30.4,34.5,0.2,17.0,40.7,205,23.21,1005.8,loc_cuddalore,11.748,79.7714,ECMWF_ERA5_Reanalysis
2018-07-05,34.6,26.3,30.1,39.7,30.2,33.9,0.0,21.4,37.8,199,23.0,1005.3,loc_cuddalore,11.748,79.7714,ECMWF_ERA5_Reanalysis
2018-07-06,36.1,26.1,30.7,39.3,29.7,34.1,0.4,18.2,37.4,233,20.94,1004.1,loc_cuddalore,11.748,79.7714,ECMWF_ERA5_Reanalysis
2018-07-07,34.6,28.1,30.9,37.6,30.7,33.7,0.6,19.1,42.8,249,13.83,1002.9,loc_cuddalore,11.748,79.7714,ECMWF_ERA5_Reanalysis
2018-07-08,36.9,27.4,31.4,40.9,30.4,34.4,1.9,18.0,40.3,249,18.85,1002.3,loc_cuddalore,11.748,79.7714,ECMWF_ERA5_Reanalysis
2018-07-09,36.6,27.3,31.2,39.5,31.2,34.3,1.0,21.4,47.9,237,18.71,1002.3,loc_cuddalore,11.748,79.7714,ECMWF_ERA5_Reanalysis
2018-07-10,35.9,27.4,30.5,39.5,30.3,34.2,2.3,16.2,43.2,226,19.63,1003.8,loc_cuddalore,11.748,79.7714,ECMWF_ERA5_Reanalysis
2018-07-11,35.2,26.6,30.5,37.9,30.0,33.2,0.1,19.2,41.8,243,16.88,1004.1,loc_cuddalore,11.748,79.7714,ECMWF_ERA5_Reanalysis
2018-07-12,36.9,27.2,31.4,38.8,30.3,33.9,0.0,23.2,47.5,257,21.97,1003.1,loc_cuddalore,11.748,79.7714,ECMWF_ERA5_Reanalysis
2018-07-13,36.2,27.6,30.9,37.9,30.1,33.7,0.5,24.8,50.4,255,19.32,1002.7,loc_cuddalore,11.748,79.7714,ECMWF_ERA5_Reanalysis
2018-07-14,36.5,27.4,31.2,38.7,30.4,33.8,0.3,20.5,43.6,254,15.87,1002.1,loc_cuddalore,11.748,79.7714,ECMWF_ERA5_Reanalysis
2018-07-15,35.3,27.9,31.4,36.3,30.3,33.4,0.3,22.0,45.0,241,13.42,1001.7,loc_cuddalore,11.748,79.7714,ECMWF_ERA5_Reanalysis
2018-07-16,36.7,27.1,31.9,39.0,30.6,33.8,0.2,26.0,52.9,251,20.55,1002.3,loc_cuddalore,11.748,79.7714,ECMWF_ERA5_Reanalysis
2018-07-17,36.4,27.7,31.9,37.8,30.9,34.1,0.0,25.8,52.9,262,21.06,1002.8,loc_cuddalore,11.748,79.7714,ECMWF_ERA5_Reanalysis
2018-07-18,37.1,28.1,32.4,39.7,30.7,34.4,0.0,25.3,50.4,257,20.55,1003.0,loc_cuddalore,11.748,79.7714,ECMWF_ERA5_Reanalysis
2018-07-19,35.1,27.9,31.6,37.7,30.9,34.1,0.1,20.2,52.9,256,19.36,1003.2,loc_cuddalore,11.748,79.7714,ECMWF_ERA5_Reanalysis
2018-07-20,36.3,27.8,31.7,39.4,30.7,34.2,0.0,18.1,38.2,250,18.78,1003.4,loc_cuddalore,11.748,79.7714,ECMWF_ERA5_Reanalysis
2018-07-21,36.4,27.8,31.3,37.7,30.9,33.8,0.0,23.9,46.4,245,17.22,1004.5,loc_cuddalore,11.748,79.7714,ECMWF_ERA5_Reanalysis
2018-07-22,37.0,26.9,31.4,37.7,29.8,34.0,0.0,23.3,46.1,260,17.49,1004.0,loc_cuddalore,11.748,79.7714,ECMWF_ERA5_Reanalysis
2018-07-23,36.5,27.9,31.2,40.9,30.1,34.2,0.6,19.3,35.6,244,21.55,1003.9,loc_cuddalore,11.748,79.7714,ECMWF_ERA5_Reanalysis
2018-07-24,35.1,27.0,30.7,39.9,31.7,35.0,0.2,15.1,38.9,226,20.98,1005.2,loc_cuddalore,11.748,79.7714,ECMWF_ERA5_Reanalysis
2018-07-25,35.5,27.7,30.7,40.2,30.4,34.6,0.3,17.4,41.4,210,19.85,1005.3,loc_cuddalore,11.748,79.7714,ECMWF_ERA5_Reanalysis
2018-07-26,35.3,26.0,29.9,40.8,29.9,34.6,13.4,14.8,38.9,211,20.66,1005.9,loc_cuddalore,11.748,79.7714,ECMWF_ERA5_Reanalysis
2018-07-27,34.1,25.9,29.5,39.0,30.5,34.3,0.7,17.4,37.1,220,20.23,1005.7,loc_cuddalore,11.748,79.7714,ECMWF_ERA5_Reanalysis
2018-07-28,33.9,26.8,29.6,40.0,30.6,34.2,1.9,18.6,37.1,187,21.84,1005.0,loc_cuddalore,11.748,79.7714,ECMWF_ERA5_Reanalysis
2018-07-29,34.5,25.5,29.8,39.9,30.1,34.3,3.0,21.5,42.1,192,21.5,1003.9,loc_cuddalore,11.748,79.7714,ECMWF_ERA5_Reanalysis
2018-07-30,34.2,26.4,29.9,40.3,29.9,34.2,1.0,21.9,38.2,190,20.03,1003.8,loc_cuddalore,11.748,79.7714,ECMWF_ERA5_Reanalysis
2018-07-31,34.6,25.5,29.7,39.6,28.0,34.4,9.0,20.3,36.7,208,19.54,1004.7,loc_cuddalore,11.748,79.7714,ECMWF_ERA5_Reanalysis
2018-08-01,34.2,26.6,29.7,38.9,30.6,33.7,0.0,18.8,35.6,198,19.88,1005.6,loc_cuddalore,11.748,79.7714,ECMWF_ERA5_Reanalysis
2018-08-02,34.3,26.2,29.7,40.7,31.1,34.2,0.2,23.0,46.8,184,22.65,1006.4,loc_cuddalore,11.748,79.7714,ECMWF_ERA5_Reanalysis
2018-08-03,35.5,27.0,30.3,38.2,30.6,33.9,0.0,15.3,40.0,229,16.24,1006.5,loc_cuddalore,11.748,79.7714,ECMWF_ERA5_Reanalysis
2018-08-04,35.4,26.8,30.2,40.7,30.4,33.9,0.4,21.5,39.6,240,20.97,1006.1,loc_cuddalore,11.748,79.7714,ECMWF_ERA5_Reanalysis
2018-08-05,35.2,27.5,30.6,38.4,30.2,33.5,0.2,17.3,37.1,249,17.86,1006.1,loc_cuddalore,11.748,79.7714,ECMWF_ERA5_Reanalysis
2018-08-06,36.6,27.3,31.7,39.4,29.8,33.9,0.0,20.8,42.5,256,20.42,1004.3,loc_cuddalore,11.748,79.7714,ECMWF_ERA5_Reanalysis
2018-08-07,34.6,26.9,30.9,36.3,29.5,32.8,0.0,19.2,39.6,256,15.88,1003.6,loc_cuddalore,11.748,79.7714,ECMWF_ERA5_Reanalysis
2018-08-08,35.6,25.9,29.5,39.6,29.6,33.0,5.2,15.3,42.8,224,19.23,1003.7,loc_cuddalore,11.748,79.7714,ECMWF_ERA5_Reanalysis
2018-08-09,34.2,25.4,29.6,39.5,30.1,34.1,1.0,14.6,41.0,219,20.1,1005.4,loc_cuddalore,11.748,79.7714,ECMWF_ERA5_Reanalysis
2018-08-10,33.3,27.0,29.4,35.8,29.7,32.4,0.4,20.4,41.4,254,14.91,1006.6,loc_cuddalore,11.748,79.7714,ECMWF_ERA5_Reanalysis
2018-08-11,32.2,26.9,29.3,36.1,30.1,32.5,0.3,11.9,26.6,266,10.02,1005.4,loc_cuddalore,11.748,79.7714,ECMWF_ERA5_Reanalysis
2018-08-12,32.7,26.4,29.1,34.9,29.9,31.8,0.5,25.4,46.1,271,14.78,1004.2,loc_cuddalore,11.748,79.7714,ECMWF_ERA5_Reanalysis
2018-08-13,35.2,25.5,29.3,39.1,29.2,33.5,1.5,14.4,34.9,257,18.78,1004.1,loc_cuddalore,11.748,79.7714,ECMWF_ERA5_Reanalysis
2018-08-14,33.1,26.2,28.5,36.1,29.4,32.4,8.0,16.6,49.0,235,12.26,1003.5,loc_cuddalore,11.748,79.7714,ECMWF_ERA5_Reanalysis
2018-08-15,30.1,25.2,27.2,35.9,29.0,31.5,18.0,17.9,49.3,215,12.15,1003.1,loc_cuddalore,11.748,79.7714,ECMWF_ERA5_Reanalysis
2018-08-16,34.5,25.8,29.5,36.4,27.8,32.3,1.1,27.6,55.4,246,21.17,1002.7,loc_cuddalore,11.748,79.7714,ECMWF_ERA5_Reanalysis
2018-08-17,35.7,25.9,30.3,38.1,28.8,32.9,0.0,21.1,40.7,237,16.47,1002.3,loc_cuddalore,11.748,79.7714,ECMWF_ERA5_Reanalysis
2018-08-18,36.8,26.4,31.7,37.5,29.3,33.5,0.0,25.6,50.4,267,20.13,1002.1,loc_cuddalore,11.748,79.7714,ECMWF_ERA5_Reanalysis
2018-08-19,37.5,26.9,31.9,38.9,29.5,33.4,0.0,27.3,55.8,273,18.41,1002.2,loc_cuddalore,11.748,79.7714,ECMWF_ERA5_Reanalysis
2018-08-20,36.7,27.0,31.7,37.2,29.4,33.4,0.0,21.3,45.0,256,17.15,1003.4,loc_cuddalore,11.748,79.7714,ECMWF_ERA5_Reanalysis
2018-08-21,37.1,26.2,30.6,40.0,29.3,34.0,0.3,18.2,41.0,211,23.17,1004.6,loc_cuddalore,11.748,79.7714,ECMWF_ERA5_Reanalysis
2018-08-22,36.0,28.2,30.7,39.0,29.3,33.2,0.8,18.9,40.3,242,21.43,1005.3,loc_cuddalore,11.748,79.7714,ECMWF_ERA5_Reanalysis
2018-08-23,36.9,25.1,30.2,40.8,28.1,33.5,3.0,22.0,49.0,225,20.64,1005.8,loc_cuddalore,11.748,79.7714,ECMWF_ERA5_Reanalysis
2018-08-24,33.7,24.8,28.6,39.9,29.6,33.6,12.1,17.9,37.8,160,19.79,1006.0,loc_cuddalore,11.748,79.7714,ECMWF_ERA5_Reanalysis
2018-08-25,34.0,25.8,29.5,38.7,31.0,33.7,0.2,19.0,34.6,194,18.5,1005.0,loc_cuddalore,11.748,79.7714,ECMWF_ERA5_Reanalysis
2018-08-26,35.2,25.3,29.5,40.3,29.4,33.6,4.7,18.7,46.1,205,19.8,1004.0,loc_cuddalore,11.748,79.7714,ECMWF_ERA5_Reanalysis
2018-08-27,34.9,25.9,29.3,40.3,30.2,33.2,2.7,17.9,47.5,214,18.01,1004.6,loc_cuddalore,11.748,79.7714,ECMWF_ERA5_Reanalysis
2018-08-28,34.1,25.8,29.1,39.4,30.9,33.5,0.8,20.6,40.3,200,20.71,1005.0,loc_cuddalore,11.748,79.7714,ECMWF_ERA5_Reanalysis
2018-08-29,33.4,26.1,29.2,39.8,30.7,33.7,0.3,19.1,37.8,196,23.27,1005.9,loc_cuddalore,11.748,79.7714,ECMWF_ERA5_Reanalysis
2018-08-30,34.4,26.0,29.5,40.3,30.2,33.6,0.8,18.9,36.7,216,21.14,1005.1,loc_cuddalore,11.748,79.7714,ECMWF_ERA5_Reanalysis
2018-08-31,32.8,25.0,28.2,37.4,30.2,33.1,3.2,18.9,34.2,226,15.23,1006.2,loc_cuddalore,11.748,79.7714,ECMWF_ERA5_Reanalysis
2018-09-01,32.5,24.8,28.1,38.5,29.7,33.2,1.3,14.5,27.0,190,18.76,1006.9,loc_cuddalore,11.748,79.7714,ECMWF_ERA5_Reanalysis
2018-09-02,33.0,26.0,28.7,40.1,30.1,33.6,1.5,14.8,39.2,179,20.29,1006.8,loc_cuddalore,11.748,79.7714,ECMWF_ERA5_Reanalysis
2018-09-03,33.7,26.1,29.1,39.8,30.6,33.7,0.2,17.4,33.1,183,22.78,1006.8,loc_cuddalore,11.748,79.7714,ECMWF_ERA5_Reanalysis
2018-09-04,34.0,25.8,29.4,40.0,31.0,33.9,0.3,20.6,37.1,182,22.81,1007.1,loc_cuddalore,11.748,79.7714,ECMWF_ERA5_Reanalysis
2018-09-05,33.6,26.4,29.3,39.6,29.3,33.2,0.3,18.3,35.6,185,21.75,1006.5,loc_cuddalore,11.748,79.7714,ECMWF_ERA5_Reanalysis
2018-09-06,35.3,25.7,29.6,40.1,28.4,32.7,0.0,24.9,47.5,195,23.98,1004.8,loc_cuddalore,11.748,79.7714,ECMWF_ERA5_Reanalysis
2018-09-07,35.7,26.2,29.9,39.5,28.5,32.5,0.0,21.7,41.0,203,23.71,1005.4,loc_cuddalore,11.748,79.7714,ECMWF_ERA5_Reanalysis
2018-09-08,34.6,27.0,30.1,38.9,29.9,33.5,0.3,16.3,32.4,317,22.59,1006.0,loc_cuddalore,11.748,79.7714,ECMWF_ERA5_Reanalysis
2018-09-09,32.7,26.3,29.1,37.6,30.4,33.3,0.0,15.5,33.5,163,20.18,1007.1,loc_cuddalore,11.748,79.7714,ECMWF_ERA5_Reanalysis
2018-09-10,32.4,25.9,28.6,38.4,31.0,33.6,5.4,14.6,35.6,163,18.75,1009.3,loc_cuddalore,11.748,79.7714,ECMWF_ERA5_Reanalysis
2018-09-11,31.2,25.7,28.3,37.0,30.9,33.4,1.3,15.5,32.8,160,23.4,1009.7,loc_cuddalore,11.748,79.7714,ECMWF_ERA5_Reanalysis
2018-09-12,31.9,25.5,28.6,38.1,30.3,33.6,0.4,17.3,35.6,161,23.54,1008.2,loc_cuddalore,11.748,79.7714,ECMWF_ERA5_Reanalysis
2018-09-13,32.3,25.7,28.6,38.4,29.9,33.2,9.6,19.1,34.9,177,21.88,1007.1,loc_cuddalore,11.748,79.7714,ECMWF_ERA5_Reanalysis
2018-09-14,32.6,25.0,28.2,39.9,29.6,33.5,19.5,18.1,37.4,175,22.42,1007.4,loc_cuddalore,11.748,79.7714,ECMWF_ERA5_Reanalysis
2018-09-15,32.5,24.5,28.5,40.7,28.8,34.3,8.1,16.2,31.0,192,23.41,1007.3,loc_cuddalore,11.748,79.7714,ECMWF_ERA5_Reanalysis
2018-09-16,33.9,25.0,28.9,39.2,28.9,33.5,1.3,15.1,31.3,270,23.93,1005.9,loc_cuddalore,11.748,79.7714,ECMWF_ERA5_Reanalysis
2018-09-17,31.2,24.8,27.5,35.1,29.3,31.8,4.6,14.8,28.8,275,11.39,1005.5,loc_cuddalore,11.748,79.7714,ECMWF_ERA5_Reanalysis
2018-09-18,32.9,24.8,28.1,37.0,29.6,32.4,1.0,14.1,31.7,289,14.46,1005.5,loc_cuddalore,11.748,79.7714,ECMWF_ERA5_Reanalysis
2018-09-19,29.1,24.9,27.1,34.1,29.5,31.5,0.1,14.6,28.8,274,8.69,1005.3,loc_cuddalore,11.748,79.7714,ECMWF_ERA5_Reanalysis
2018-09-20,34.1,25.8,29.0,37.7,28.7,32.5,0.0,18.9,36.0,220,19.82,1003.0,loc_cuddalore,11.748,79.7714,ECMWF_ERA5_Reanalysis
2018-09-21,31.8,25.5,28.4,36.5,28.7,32.0,0.1,20.1,37.1,197,16.88,1004.2,loc_cuddalore,11.748,79.7714,ECMWF_ERA5_Reanalysis
2018-09-22,31.8,24.4,28.3,38.6,29.4,33.6,0.6,14.1,30.6,120,22.53,1007.5,loc_cuddalore,11.748,79.7714,ECMWF_ERA5_Reanalysis
2018-09-23,31.2,25.0,28.3,37.0,30.5,33.6,0.2,17.1,36.0,130,23.19,1009.7,loc_cuddalore,11.748,79.7714,ECMWF_ERA5_Reanalysis
2018-09-24,30.5,25.1,27.7,36.3,31.0,33.3,2.0,15.9,34.9,141,22.88,1009.8,loc_cuddalore,11.748,79.7714,ECMWF_ERA5_Reanalysis
2018-09-25,31.5,24.8,28.3,37.1,30.3,33.4,0.4,14.3,32.0,122,22.46,1008.4,loc_cuddalore,11.748,79.7714,ECMWF_ERA5_Reanalysis
2018-09-26,31.5,25.3,28.3,37.2,30.6,33.5,1.4,15.8,33.8,123,22.65,1007.3,loc_cuddalore,11.748,79.7714,ECMWF_ERA5_Reanalysis
2018-09-27,31.0,25.5,28.2,36.3,30.9,33.3,2.0,16.0,35.6,128,22.15,1007.4,loc_cuddalore,11.748,79.7714,ECMWF_ERA5_Reanalysis
2018-09-28,30.3,25.2,27.8,35.8,30.8,33.2,6.0,15.1,33.8,120,21.62,1007.7,loc_cuddalore,11.748,79.7714,ECMWF_ERA5_Reanalysis
2018-09-29,30.2,25.1,27.7,37.1,31.1,33.5,4.5,13.8,31.3,93,22.13,1008.0,loc_cuddalore,11.748,79.7714,ECMWF_ERA5_Reanalysis
2018-09-30,30.9,26.1,28.4,37.7,31.8,34.2,1.0,12.3,30.6,83,21.94,1007.7,loc_cuddalore,11.748,79.7714,ECMWF_ERA5_Reanalysis
2018-10-01,29.9,26.1,28.1,35.6,32.1,33.5,2.4,15.3,34.2,95,20.08,1007.9,loc_cuddalore,11.748,79.7714,ECMWF_ERA5_Reanalysis
2018-10-02,30.1,25.9,27.8,36.4,31.3,33.2,5.1,13.8,33.8,96,19.16,1008.7,loc_cuddalore,11.748,79.7714,ECMWF_ERA5_Reanalysis
2018-10-03,30.9,25.5,27.5,36.4,29.7,32.7,18.3,20.0,41.8,71,19.21,1008.2,loc_cuddalore,11.748,79.7714,ECMWF_ERA5_Reanalysis
2018-10-04,27.6,24.8,25.9,32.0,29.6,30.7,37.5,15.8,33.8,58,6.39,1008.4,loc_cuddalore,11.748,79.7714,ECMWF_ERA5_Reanalysis
2018-10-05,27.5,25.1,26.2,32.3,29.0,31.0,27.9,15.1,35.3,94,8.1,1008.8,loc_cuddalore,11.748,79.7714,ECMWF_ERA5_Reanalysis
2018-10-06,28.6,25.0,26.6,34.0,29.3,31.8,11.2,14.1,35.3,81,15.14,1008.6,loc_cuddalore,11.748,79.7714,ECMWF_ERA5_Reanalysis
2018-10-07,29.7,24.7,27.1,36.4,30.0,32.7,2.7,13.0,28.1,39,21.09,1008.0,loc_cuddalore,11.748,79.7714,ECMWF_ERA5_Reanalysis
2018-10-08,29.7,24.8,26.6,36.7,29.4,32.2,15.7,11.8,30.2,17,15.49,1007.5,loc_cuddalore,11.748,79.7714,ECMWF_ERA5_Reanalysis
2018-10-09,32.1,24.3,27.7,37.8,29.2,32.9,1.6,11.2,23.8,10,22.45,1006.5,loc_cuddalore,11.748,79.7714,ECMWF_ERA5_Reanalysis
2018-10-10,33.3,24.2,28.4,37.5,28.0,32.7,0.0,14.6,24.8,232,19.42,1005.4,loc_cuddalore,11.748,79.7714,ECMWF_ERA5_Reanalysis
2018-10-11,34.2,25.4,28.9,39.7,28.5,33.4,0.0,18.1,32.0,196,23.5,1005.5,loc_cuddalore,11.748,79.7714,ECMWF_ERA5_Reanalysis
2018-10-12,33.9,26.0,29.1,40.2,30.2,33.9,0.1,19.5,34.6,191,21.77,1007.0,loc_cuddalore,11.748,79.7714,ECMWF_ERA5_Reanalysis
2018-10-13,32.7,26.1,28.6,38.7,30.5,33.4,0.1,18.0,33.8,183,21.96,1009.0,loc_cuddalore,11.748,79.7714,ECMWF_ERA5_Reanalysis
2018-10-14,32.0,25.6,28.3,38.4,29.9,33.1,1.1,16.8,33.5,183,20.9,1010.1,loc_cuddalore,11.748,79.7714,ECMWF_ERA5_Reanalysis
2018-10-15,30.3,25.7,27.9,36.2,30.7,33.0,0.4,13.9,29.9,149,17.93,1010.5,loc_cuddalore,11.748,79.7714,ECMWF_ERA5_Reanalysis
2018-10-16,29.3,24.7,27.0,35.4,29.4,32.3,8.8,12.9,28.4,163,19.04,1011.3,loc_cuddalore,11.748,79.7714,ECMWF_ERA5_Reanalysis
2018-10-17,30.0,24.0,27.1,35.8,28.3,32.3,13.0,15.5,29.9,156,20.02,1010.8,loc_cuddalore,11.748,79.7714,ECMWF_ERA5_Reanalysis
2018-10-18,29.0,23.3,26.3,34.7,28.1,31.4,11.2,11.5,26.3,76,15.63,1010.4,loc_cuddalore,11.748,79.7714,ECMWF_ERA5_Reanalysis
2018-10-19,28.9,24.4,26.5,35.0,29.5,31.9,7.9,10.1,24.8,71,15.84,1010.3,loc_cuddalore,11.748,79.7714,ECMWF_ERA5_Reanalysis
2018-10-20,29.0,24.6,26.9,34.5,30.0,31.4,4.5,19.1,34.6,41,18.13,1010.9,loc_cuddalore,11.748,79.7714,ECMWF_ERA5_Reanalysis
2018-10-21,27.8,24.3,26.1,32.4,28.3,30.4,15.2,16.3,32.8,36,14.89,1011.2,loc_cuddalore,11.748,79.7714,ECMWF_ERA5_Reanalysis
2018-10-22,29.4,24.1,26.7,34.1,29.2,31.0,3.1,15.9,31.7,33,16.95,1011.1,loc_cuddalore,11.748,79.7714,ECMWF_ERA5_Reanalysis
2018-10-23,29.6,22.9,26.3,33.9,26.6,30.3,0.0,13.8,29.2,27,20.96,1011.0,loc_cuddalore,11.748,79.7714,ECMWF_ERA5_Reanalysis
2018-10-24,29.5,23.4,26.5,34.6,26.6,30.6,1.5,18.0,36.4,35,19.99,1010.6,loc_cuddalore,11.748,79.7714,ECMWF_ERA5_Reanalysis
2018-10-25,30.1,23.6,27.2,33.9,27.4,30.8,0.3,20.2,40.3,34,21.54,1011.6,loc_cuddalore,11.748,79.7714,ECMWF_ERA5_Reanalysis
2018-10-26,30.1,25.0,27.6,33.5,28.7,30.5,0.3,23.7,45.7,32,19.83,1012.0,loc_cuddalore,11.748,79.7714,ECMWF_ERA5_Reanalysis
2018-10-27,30.2,24.7,27.6,32.6,28.0,30.0,0.2,25.8,49.3,23,19.79,1011.3,loc_cuddalore,11.748,79.7714,ECMWF_ERA5_Reanalysis
2018-10-28,30.7,23.5,27.0,32.9,26.1,29.5,0.0,26.4,49.0,22,20.45,1009.9,loc_cuddalore,11.748,79.7714,ECMWF_ERA5_Reanalysis
2018-10-29,31.9,22.2,27.1,35.3,24.4,29.8,0.0,25.2,50.0,11,19.86,1008.3,loc_cuddalore,11.748,79.7714,ECMWF_ERA5_Reanalysis
2018-10-30,29.7,24.3,27.0,33.0,27.3,30.2,1.7,25.7,49.7,14,15.82,1007.9,loc_cuddalore,11.748,79.7714,ECMWF_ERA5_Reanalysis
2018-10-31,28.9,24.9,26.5,33.5,28.8,30.7,8.4,19.4,41.0,34,15.15,1008.2,loc_cuddalore,11.748,79.7714,ECMWF_ERA5_Reanalysis
2018-11-01,26.4,24.2,25.1,30.8,28.3,29.5,30.6,13.4,26.6,45,4.08,1009.0,loc_cuddalore,11.748,79.7714,ECMWF_ERA5_Reanalysis
2018-11-02,27.7,24.5,25.9,32.3,28.7,30.4,29.1,14.9,35.6,50,9.27,1009.6,loc_cuddalore,11.748,79.7714,ECMWF_ERA5_Reanalysis
2018-11-03,28.4,24.9,26.5,33.8,29.0,31.1,8.7,15.8,36.4,67,15.3,1010.4,loc_cuddalore,11.748,79.7714,ECMWF_ERA5_Reanalysis
2018-11-04,28.3,24.5,26.7,32.9,29.1,31.1,3.6,18.1,39.6,51,16.19,1010.7,loc_cuddalore,11.748,79.7714,ECMWF_ERA5_Reanalysis
2018-11-05,29.4,24.6,27.0,33.6,29.2,31.3,4.0,17.5,34.6,52,18.78,1010.6,loc_cuddalore,11.748,79.7714,ECMWF_ERA5_Reanalysis
2018-11-06,28.9,25.1,27.1,32.6,29.8,31.3,0.2,16.5,31.7,42,13.83,1011.0,loc_cuddalore,11.748,79.7714,ECMWF_ERA5_Reanalysis
2018-11-07,29.5,24.9,26.9,33.7,29.3,30.6,0.2,17.9,33.8,35,18.53,1011.0,loc_cuddalore,11.748,79.7714,ECMWF_ERA5_Reanalysis
2018-11-08,27.7,24.3,25.4,30.8,27.8,29.3,8.1,21.0,41.0,26,10.79,1010.5,loc_cuddalore,11.748,79.7714,ECMWF_ERA5_Reanalysis
2018-11-09,29.5,23.1,26.3,32.1,26.0,29.3,0.6,21.8,41.4,28,19.05,1009.6,loc_cuddalore,11.748,79.7714,ECMWF_ERA5_Reanalysis
2018-11-10,29.1,23.4,26.4,33.5,26.8,30.1,0.1,19.1,36.7,29,20.49,1010.1,loc_cuddalore,11.748,79.7714,ECMWF_ERA5_Reanalysis
2018-11-11,29.8,22.8,26.4,33.8,26.4,29.9,0.0,15.7,31.3,26,20.42,1010.7,loc_cuddalore,11.748,79.7714,ECMWF_ERA5_Reanalysis
2018-11-12,30.0,22.4,26.1,34.2,25.6,29.5,0.0,17.5,31.3,19,18.69,1009.5,loc_cuddalore,11.748,79.7714,ECMWF_ERA5_Reanalysis
2018-11-13,30.9,21.7,26.0,34.7,23.6,29.0,0.0,15.9,28.8,1,21.31,1008.2,loc_cuddalore,11.748,79.7714,ECMWF_ERA5_Reanalysis
2018-11-14,31.8,21.1,26.2,36.4,23.2,29.1,0.0,15.8,32.0,358,22.45,1007.8,loc_cuddalore,11.748,79.7714,ECMWF_ERA5_Reanalysis
2018-11-15,28.5,23.5,25.9,31.0,25.2,28.0,20.5,38.0,69.8,5,10.27,1007.5,loc_cuddalore,11.748,79.7714,ECMWF_ERA5_Reanalysis
2018-11-16,28.4,24.9,26.1,32.9,25.4,29.1,30.7,38.4,74.9,102,11.71,1009.4,loc_cuddalore,11.748,79.7714,ECMWF_ERA5_Reanalysis
2018-11-17,29.0,23.7,26.5,35.2,28.8,31.9,0.8,11.1,24.1,93,19.62,1010.3,loc_cuddalore,11.748,79.7714,ECMWF_ERA5_Reanalysis
2018-11-18,29.4,24.4,26.8,35.4,29.8,31.9,4.6,15.7,32.4,64,18.27,1010.5,loc_cuddalore,11.748,79.7714,ECMWF_ERA5_Reanalysis
2018-11-19,28.7,25.0,26.7,33.8,29.7,31.2,5.1,17.2,37.1,59,16.72,1011.5,loc_cuddalore,11.748,79.7714,ECMWF_ERA5_Reanalysis
2018-11-20,27.1,23.9,25.2,31.7,26.6,28.5,31.1,25.5,51.1,21,7.71,1010.9,loc_cuddalore,11.748,79.7714,ECMWF_ERA5_Reanalysis
2018-11-21,27.3,22.3,24.8,31.5,23.1,27.3,22.2,26.8,50.8,8,8.77,1009.0,loc_cuddalore,11.748,79.7714,ECMWF_ERA5_Reanalysis
2018-11-22,27.1,24.4,25.6,31.9,27.6,29.4,14.9,20.4,36.4,101,11.85,1011.0,loc_cuddalore,11.748,79.7714,ECMWF_ERA5_Reanalysis
2018-11-23,26.9,24.7,25.5,31.2,28.8,29.6,22.0,15.2,34.9,69,10.98,1013.3,loc_cuddalore,11.748,79.7714,ECMWF_ERA5_Reanalysis
2018-11-24,28.7,23.7,26.0,33.0,27.8,29.8,10.3,18.6,36.4,38,19.01,1014.1,loc_cuddalore,11.748,79.7714,ECMWF_ERA5_Reanalysis
2018-11-25,27.7,23.3,25.6,31.0,27.4,28.9,1.3,17.7,34.2,36,16.67,1013.4,loc_cuddalore,11.748,79.7714,ECMWF_ERA5_Reanalysis
2018-11-26,27.9,23.1,25.4,30.5,26.1,27.9,0.0,17.6,34.6,41,20.49,1012.2,loc_cuddalore,11.748,79.7714,ECMWF_ERA5_Reanalysis
2018-11-27,27.7,21.1,24.9,29.5,22.5,26.7,0.0,17.9,34.6,26,18.3,1012.6,loc_cuddalore,11.748,79.7714,ECMWF_ERA5_Reanalysis
2018-11-28,28.2,22.0,25.3,31.1,23.9,27.8,2.8,20.2,38.9,29,19.25,1012.6,loc_cuddalore,11.748,79.7714,ECMWF_ERA5_Reanalysis
2018-11-29,26.3,24.3,25.2,29.7,27.7,28.6,23.6,20.7,38.9,52,9.08,1013.5,loc_cuddalore,11.748,79.7714,ECMWF_ERA5_Reanalysis
2018-11-30,28.1,23.4,25.6,31.1,26.7,28.7,2.4,19.1,37.1,31,17.44,1013.5,loc_cuddalore,11.748,79.7714,ECMWF_ERA5_Reanalysis
2018-12-01,27.9,21.9,25.1,31.3,24.6,27.7,0.0,18.4,34.9,33,20.07,1011.9,loc_cuddalore,11.748,79.7714,ECMWF_ERA5_Reanalysis
2018-12-02,27.6,21.5,25.0,30.7,24.5,28.0,1.4,18.3,35.3,30,16.82,1010.0,loc_cuddalore,11.748,79.7714,ECMWF_ERA5_Reanalysis
2018-12-03,28.0,22.7,25.2,30.7,24.9,28.1,8.2,26.0,49.0,30,16.67,1010.4,loc_cuddalore,11.748,79.7714,ECMWF_ERA5_Reanalysis
2018-12-04,27.5,24.0,25.7,32.1,28.3,30.2,5.0,14.2,32.4,37,10.55,1011.1,loc_cuddalore,11.748,79.7714,ECMWF_ERA5_Reanalysis
2018-12-05,27.5,24.3,25.7,32.9,28.3,30.2,5.5,13.8,28.4,38,13.53,1010.8,loc_cuddalore,11.748,79.7714,ECMWF_ERA5_Reanalysis
2018-12-06,28.3,24.4,26.1,33.0,28.9,30.3,3.4,17.7,36.7,42,16.95,1009.9,loc_cuddalore,11.748,79.7714,ECMWF_ERA5_Reanalysis
2018-12-07,28.5,24.1,26.4,32.4,28.5,30.2,0.4,18.5,37.1,46,18.5,1010.3,loc_cuddalore,11.748,79.7714,ECMWF_ERA5_Reanalysis
2018-12-08,28.5,24.3,26.3,32.4,28.6,29.9,2.0,19.2,37.1,44,17.99,1011.3,loc_cuddalore,11.748,79.7714,ECMWF_ERA5_Reanalysis
2018-12-09,28.3,23.4,25.7,31.8,27.0,29.1,0.5,18.0,35.6,33,18.87,1011.3,loc_cuddalore,11.748,79.7714,ECMWF_ERA5_Reanalysis
2018-12-10,28.3,21.9,25.0,32.3,24.8,28.3,0.0,14.5,29.9,27,19.27,1010.9,loc_cuddalore,11.748,79.7714,ECMWF_ERA5_Reanalysis
2018-12-11,28.4,22.4,25.3,32.5,25.6,28.8,0.0,13.2,28.8,38,19.25,1011.2,loc_cuddalore,11.748,79.7714,ECMWF_ERA5_Reanalysis
2018-12-12,28.4,21.5,25.0,32.9,24.9,28.6,0.0,15.3,31.0,28,18.97,1011.8,loc_cuddalore,11.748,79.7714,ECMWF_ERA5_Reanalysis
2018-12-13,28.8,22.7,25.5,33.4,26.3,29.2,0.1,14.6,28.4,25,18.16,1012.3,loc_cuddalore,11.748,79.7714,ECMWF_ERA5_Reanalysis
2018-12-14,28.4,22.5,25.3,30.6,25.0,27.7,0.0,24.2,45.4,20,17.21,1011.8,loc_cuddalore,11.748,79.7714,ECMWF_ERA5_Reanalysis
2018-12-15,27.9,23.7,25.6,28.6,25.7,27.0,0.2,26.5,49.3,8,9.72,1011.1,loc_cuddalore,11.748,79.7714,ECMWF_ERA5_Reanalysis
2018-12-16,25.8,22.9,24.2,26.0,23.7,25.0,0.0,24.8,47.9,337,6.01,1010.0,loc_cuddalore,11.748,79.7714,ECMWF_ERA5_Reanalysis
2018-12-17,29.5,19.8,24.6,33.7,21.6,26.9,0.0,14.8,28.8,178,19.85,1010.2,loc_cuddalore,11.748,79.7714,ECMWF_ERA5_Reanalysis
2018-12-18,28.1,21.1,24.8,32.7,24.3,28.2,0.6,17.6,31.3,71,16.67,1011.7,loc_cuddalore,11.748,79.7714,ECMWF_ERA5_Reanalysis
2018-12-19,26.3,21.3,24.1,28.7,22.7,25.9,0.1,19.6,37.1,34,19.62,1012.8,loc_cuddalore,11.748,79.7714,ECMWF_ERA5_Reanalysis
2018-12-20,27.7,20.8,24.4,30.3,22.4,26.4,0.0,18.6,35.3,25,18.1,1012.8,loc_cuddalore,11.748,79.7714,ECMWF_ERA5_Reanalysis
2018-12-21,27.9,23.5,25.5,30.2,26.9,28.1,2.9,21.8,39.2,27,12.1,1011.7,loc_cuddalore,11.748,79.7714,ECMWF_ERA5_Reanalysis
2018-12-22,25.3,24.0,24.7,28.4,26.9,27.6,40.4,21.4,40.0,31,4.54,1011.5,loc_cuddalore,11.748,79.7714,ECMWF_ERA5_Reanalysis
2018-12-23,26.7,23.8,25.0,30.2,26.9,28.3,11.6,19.7,37.8,39,11.38,1012.3,loc_cuddalore,11.748,79.7714,ECMWF_ERA5_Reanalysis
2018-12-24,27.4,23.7,25.3,30.3,27.1,28.2,4.8,20.7,38.9,41,15.9,1012.5,loc_cuddalore,11.748,79.7714,ECMWF_ERA5_Reanalysis
2018-12-25,27.5,21.8,24.6,30.5,24.4,27.6,0.0,17.8,35.3,30,18.56,1012.5,loc_cuddalore,11.748,79.7714,ECMWF_ERA5_Reanalysis
2018-12-26,27.6,21.5,24.0,32.2,24.5,27.5,0.0,12.0,25.2,32,18.81,1012.3,loc_cuddalore,11.748,79.7714,ECMWF_ERA5_Reanalysis
2018-12-27,27.3,20.8,24.1,32.5,24.1,27.9,0.0,9.5,22.0,73,18.98,1011.5,loc_cuddalore,11.748,79.7714,ECMWF_ERA5_Reanalysis
2018-12-28,27.0,22.2,24.8,31.5,25.3,28.7,0.7,10.0,22.3,85,13.4,1011.1,loc_cuddalore,11.748,79.7714,ECMWF_ERA5_Reanalysis
2018-12-29,26.5,22.7,24.5,30.1,26.1,27.4,3.2,18.6,36.4,49,15.13,1013.2,loc_cuddalore,11.748,79.7714,ECMWF_ERA5_Reanalysis
2018-12-30,26.7,21.7,24.5,29.0,24.3,26.4,1.2,20.5,40.0,37,17.03,1014.9,loc_cuddalore,11.748,79.7714,ECMWF_ERA5_Reanalysis
2018-12-31,25.9,21.9,24.0,26.1,23.7,24.7,1.0,23.7,45.0,36,16.79,1016.1,loc_cuddalore,11.748,79.7714,ECMWF_ERA5_Reanalysis
2019-01-01,26.1,20.2,22.9,27.4,20.9,23.6,0.0,22.2,41.8,23,20.21,1016.5,loc_cuddalore,11.748,79.7714,ECMWF_ERA5_Reanalysis
2019-01-02,26.5,20.5,23.3,27.7,21.5,24.4,0.0,19.9,39.6,18,17.79,1016.5,loc_cuddalore,11.748,79.7714,ECMWF_ERA5_Reanalysis
2019-01-03,27.2,20.3,23.6,29.4,21.3,25.0,0.0,17.6,33.8,23,20.47,1016.9,loc_cuddalore,11.748,79.7714,ECMWF_ERA5_Reanalysis
2019-01-04,27.0,20.5,23.4,28.5,22.2,24.9,0.0,21.6,42.1,18,19.48,1016.2,loc_cuddalore,11.748,79.7714,ECMWF_ERA5_Reanalysis
2019-01-05,27.2,18.9,23.2,28.9,20.0,24.6,0.0,21.5,42.1,21,18.92,1014.7,loc_cuddalore,11.748,79.7714,ECMWF_ERA5_Reanalysis
2019-01-06,27.0,19.5,23.1,28.3,20.3,24.3,0.0,20.6,41.0,20,17.28,1013.4,loc_cuddalore,11.748,79.7714,ECMWF_ERA5_Reanalysis
2019-01-07,27.6,20.4,24.0,30.6,21.7,26.0,0.0,16.7,34.6,29,19.15,1012.3,loc_cuddalore,11.748,79.7714,ECMWF_ERA5_Reanalysis
2019-01-08,28.0,20.1,23.8,31.1,22.1,26.1,0.0,16.4,32.4,26,20.72,1012.8,loc_cuddalore,11.748,79.7714,ECMWF_ERA5_Reanalysis
2019-01-09,27.0,18.7,23.0,30.6,20.4,25.4,0.0,13.6,29.9,30,21.02,1013.0,loc_cuddalore,11.748,79.7714,ECMWF_ERA5_Reanalysis
2019-01-10,27.2,20.5,23.9,28.9,22.9,25.7,0.0,20.5,40.0,37,19.61,1012.9,loc_cuddalore,11.748,79.7714,ECMWF_ERA5_Reanalysis
2019-01-11,27.5,21.2,24.4,28.5,23.1,25.8,0.2,20.1,39.2,36,17.82,1013.7,loc_cuddalore,11.748,79.7714,ECMWF_ERA5_Reanalysis
2019-01-12,27.5,19.9,23.9,28.9,21.9,25.4,0.0,21.0,41.0,30,18.56,1013.7,loc_cuddalore,11.748,79.7714,ECMWF_ERA5_Reanalysis
2019-01-13,27.4,20.6,24.0,28.7,22.1,25.4,0.0,20.1,38.5,31,16.38,1013.7,loc_cuddalore,11.748,79.7714,ECMWF_ERA5_Reanalysis
2019-01-14,27.1,20.6,23.9,28.9,22.2,25.3,0.0,19.5,38.5,31,20.27,1013.1,loc_cuddalore,11.748,79.7714,ECMWF_ERA5_Reanalysis
2019-01-15,27.2,19.3,23.2,28.8,20.3,24.2,0.0,22.8,42.8,22,19.83,1013.4,loc_cuddalore,11.748,79.7714,ECMWF_ERA5_Reanalysis
2019-01-16,27.4,20.5,23.7,29.4,22.3,25.4,0.0,19.9,39.2,26,20.02,1013.5,loc_cuddalore,11.748,79.7714,ECMWF_ERA5_Reanalysis
2019-01-17,27.4,20.8,24.4,29.6,23.2,26.3,0.1,16.4,34.6,55,18.15,1012.6,loc_cuddalore,11.748,79.7714,ECMWF_ERA5_Reanalysis
2019-01-18,26.9,20.4,24.1,28.6,22.7,25.5,0.0,17.6,35.6,40,20.34,1012.7,loc_cuddalore,11.748,79.7714,ECMWF_ERA5_Reanalysis
2019-01-19,27.0,20.8,24.0,28.8,22.4,25.4,0.0,18.6,37.4,31,19.67,1013.5,loc_cuddalore,11.748,79.7714,ECMWF_ERA5_Reanalysis
2019-01-20,27.4,20.5,23.6,29.1,22.3,25.4,0.0,17.1,34.9,25,20.66,1014.5,loc_cuddalore,11.748,79.7714,ECMWF_ERA5_Reanalysis
2019-01-21,26.9,19.8,23.3,29.0,21.6,25.0,0.0,15.6,33.1,36,18.38,1013.8,loc_cuddalore,11.748,79.7714,ECMWF_ERA5_Reanalysis
2019-01-22,27.7,19.2,23.6,30.8,20.6,25.6,0.0,18.2,36.7,56,19.81,1013.2,loc_cuddalore,11.748,79.7714,ECMWF_ERA5_Reanalysis
2019-01-23,28.0,20.7,24.3,31.0,23.2,26.8,0.0,18.0,36.7,52,20.27,1012.8,loc_cuddalore,11.748,79.7714,ECMWF_ERA5_Reanalysis
2019-01-24,27.9,20.8,24.6,31.3,23.8,27.5,0.0,15.5,33.8,62,21.22,1013.3,loc_cuddalore,11.748,79.7714,ECMWF_ERA5_Reanalysis
2019-01-25,27.8,22.6,25.3,31.9,26.3,28.9,0.8,18.9,33.8,90,17.64,1012.7,loc_cuddalore,11.748,79.7714,ECMWF_ERA5_Reanalysis
2019-01-26,28.3,23.3,25.8,32.3,27.4,29.8,0.7,15.0,32.0,97,17.48,1012.6,loc_cuddalore,11.748,79.7714,ECMWF_ERA5_Reanalysis
2019-01-27,27.7,24.3,25.7,30.5,27.4,28.7,0.2,17.3,36.0,84,16.28,1013.2,loc_cuddalore,11.748,79.7714,ECMWF_ERA5_Reanalysis
2019-01-28,27.9,22.4,25.2,30.5,25.8,27.5,0.0,19.8,36.0,52,18.36,1013.6,loc_cuddalore,11.748,79.7714,ECMWF_ERA5_Reanalysis
2019-01-29,28.0,22.5,25.1,29.5,23.7,26.6,0.5,21.4,43.6,30,18.23,1014.0,loc_cuddalore,11.748,79.7714,ECMWF_ERA5_Reanalysis
2019-01-30,27.2,22.9,24.9,28.7,25.0,26.5,0.9,23.7,47.2,43,17.25,1014.5,loc_cuddalore,11.748,79.7714,ECMWF_ERA5_Reanalysis
2019-01-31,27.5,23.5,25.2,29.3,25.4,26.6,0.5,20.3,40.7,58,19.43,1014.0,loc_cuddalore,11.748,79.7714,ECMWF_ERA5_Reanalysis
2019-02-01,27.5,22.3,25.0,30.5,25.2,26.8,0.6,20.5,37.1,55,18.31,1013.7,loc_cuddalore,11.748,79.7714,ECMWF_ERA5_Reanalysis
2019-02-02,28.2,21.1,24.9,31.2,23.3,27.0,0.0,17.5,36.4,51,20.67,1012.8,loc_cuddalore,11.748,79.7714,ECMWF_ERA5_Reanalysis
2019-02-03,28.6,22.1,25.4,31.6,25.2,27.6,0.0,21.6,40.0,43,21.93,1013.6,loc_cuddalore,11.748,79.7714,ECMWF_ERA5_Reanalysis
2019-02-04,27.9,23.2,25.7,30.6,25.4,28.1,0.2,20.5,43.6,39,15.81,1015.2,loc_cuddalore,11.748,79.7714,ECMWF_ERA5_Reanalysis
2019-02-05,28.7,23.5,26.0,31.8,27.0,28.6,0.0,20.1,41.4,43,20.62,1014.6,loc_cuddalore,11.748,79.7714,ECMWF_ERA5_Reanalysis
2019-02-06,28.9,22.7,25.6,32.9,25.6,28.9,0.0,14.2,31.3,54,22.13,1012.7,loc_cuddalore,11.748,79.7714,ECMWF_ERA5_Reanalysis
2019-02-07,28.9,21.6,25.5,33.0,25.1,29.0,0.0,13.4,29.9,74,20.21,1012.4,loc_cuddalore,11.748,79.7714,ECMWF_ERA5_Reanalysis
2019-02-08,29.8,22.7,26.2,34.8,26.3,30.3,0.0,16.2,33.8,116,20.55,1012.2,loc_cuddalore,11.748,79.7714,ECMWF_ERA5_Reanalysis
2019-02-09,29.1,23.4,26.2,33.7,27.6,30.7,1.4,15.6,34.6,118,19.34,1012.3,loc_cuddalore,11.748,79.7714,ECMWF_ERA5_Reanalysis
2019-02-10,29.3,23.4,26.2,33.9,27.6,30.3,0.8,16.9,35.3,72,19.94,1013.7,loc_cuddalore,11.748,79.7714,ECMWF_ERA5_Reanalysis
2019-02-11,28.8,25.1,26.7,32.1,28.3,29.4,0.7,21.6,41.8,57,19.4,1014.5,loc_cuddalore,11.748,79.7714,ECMWF_ERA5_Reanalysis
2019-02-12,29.1,24.3,26.5,31.9,27.3,28.6,0.1,22.4,43.6,48,20.81,1015.4,loc_cuddalore,11.748,79.7714,ECMWF_ERA5_Reanalysis
2019-02-13,28.9,23.0,25.9,30.9,25.8,28.0,0.1,23.2,47.2,33,21.28,1015.8,loc_cuddalore,11.748,79.7714,ECMWF_ERA5_Reanalysis
2019-02-14,29.3,22.7,26.0,33.4,24.9,29.1,0.0,16.9,36.4,42,22.02,1013.5,loc_cuddalore,11.748,79.7714,ECMWF_ERA5_Reanalysis
2019-02-15,29.4,23.3,26.3,33.9,27.1,30.3,0.3,16.9,36.0,70,20.49,1013.1,loc_cuddalore,11.748,79.7714,ECMWF_ERA5_Reanalysis
2019-02-16,29.6,23.3,26.7,34.8,27.8,30.7,0.4,18.1,36.7,128,19.3,1012.5,loc_cuddalore,11.748,79.7714,ECMWF_ERA5_Reanalysis
2019-02-17,30.9,24.0,27.3,35.9,28.6,31.7,0.0,19.9,38.2,141,19.98,1011.1,loc_cuddalore,11.748,79.7714,ECMWF_ERA5_Reanalysis
2019-02-18,30.2,24.5,27.3,35.3,30.1,32.4,1.0,18.4,40.0,144,20.08,1009.7,loc_cuddalore,11.748,79.7714,ECMWF_ERA5_Reanalysis
2019-02-19,30.2,24.7,27.3,35.5,30.2,32.0,0.4,17.7,37.1,122,20.85,1011.0,loc_cuddalore,11.748,79.7714,ECMWF_ERA5_Reanalysis
2019-02-20,30.1,24.9,27.4,34.1,29.3,31.1,0.7,19.1,40.0,82,20.85,1013.8,loc_cuddalore,11.748,79.7714,ECMWF_ERA5_Reanalysis
2019-02-21,30.0,23.7,26.4,33.3,27.9,29.7,0.9,20.1,42.1,44,22.36,1015.2,loc_cuddalore,11.748,79.7714,ECMWF_ERA5_Reanalysis
2019-02-22,30.5,22.0,25.6,33.1,25.1,28.6,0.0,14.3,33.1,43,24.01,1013.4,loc_cuddalore,11.748,79.7714,ECMWF_ERA5_Reanalysis
2019-02-23,31.0,20.1,25.2,34.4,22.6,28.4,0.0,12.0,29.2,44,24.79,1011.4,loc_cuddalore,11.748,79.7714,ECMWF_ERA5_Reanalysis
2019-02-24,30.8,20.6,25.8,35.3,23.5,29.5,0.0,11.6,28.4,79,24.42,1010.3,loc_cuddalore,11.748,79.7714,ECMWF_ERA5_Reanalysis
2019-02-25,29.7,21.8,26.0,33.8,25.6,29.7,0.0,16.5,32.8,128,23.93,1009.7,loc_cuddalore,11.748,79.7714,ECMWF_ERA5_Reanalysis
2019-02-26,31.1,22.9,27.0,35.8,26.5,30.7,0.0,24.0,43.6,149,23.47,1008.6,loc_cuddalore,11.748,79.7714,ECMWF_ERA5_Reanalysis
2019-02-27,30.7,24.4,27.5,35.3,28.7,31.3,0.3,23.8,46.1,154,20.99,1007.9,loc_cuddalore,11.748,79.7714,ECMWF_ERA5_Reanalysis
2019-02-28,30.6,25.0,27.7,36.0,30.0,31.9,1.8,20.4,40.3,151,19.94,1008.4,loc_cuddalore,11.748,79.7714,ECMWF_ERA5_Reanalysis
2019-03-01,30.0,24.9,27.6,34.7,29.9,31.9,1.8,21.1,41.0,119,18.94,1009.3,loc_cuddalore,11.748,79.7714,ECMWF_ERA5_Reanalysis
2019-03-02,30.1,25.4,27.5,33.4,29.1,30.6,0.5,15.8,33.8,88,18.17,1010.5,loc_cuddalore,11.748,79.7714,ECMWF_ERA5_Reanalysis
2019-03-03,30.2,24.4,27.4,34.1,28.8,30.9,0.1,17.3,37.1,84,20.98,1009.9,loc_cuddalore,11.748,79.7714,ECMWF_ERA5_Reanalysis
2019-03-04,30.7,24.3,27.3,34.5,28.8,30.9,0.3,18.4,36.7,141,21.14,1008.8,loc_cuddalore,11.748,79.7714,ECMWF_ERA5_Reanalysis
2019-03-05,32.8,23.7,28.1,37.9,27.4,32.0,0.0,22.9,44.3,164,23.3,1007.8,loc_cuddalore,11.748,79.7714,ECMWF_ERA5_Reanalysis
2019-03-06,32.5,24.8,28.6,38.0,27.8,32.3,0.0,24.6,48.6,165,24.45,1007.6,loc_cuddalore,11.748,79.7714,ECMWF_ERA5_Reanalysis
2019-03-07,33.0,25.4,28.8,38.5,29.4,32.9,0.0,24.2,46.4,161,23.91,1007.5,loc_cuddalore,11.748,79.7714,ECMWF_ERA5_Reanalysis
2019-03-08,31.8,26.4,28.9,36.8,31.6,33.6,2.9,20.9,40.3,144,21.61,1009.2,loc_cuddalore,11.748,79.7714,ECMWF_ERA5_Reanalysis
2019-03-09,30.9,25.5,27.9,36.4,30.7,33.0,4.1,17.0,37.4,134,21.62,1011.4,loc_cuddalore,11.748,79.7714,ECMWF_ERA5_Reanalysis
2019-03-10,31.4,25.5,28.1,35.9,30.3,32.4,0.3,18.8,40.0,147,23.57,1011.7,loc_cuddalore,11.748,79.7714,ECMWF_ERA5_Reanalysis
2019-03-11,31.3,24.7,27.7,36.0,29.8,32.0,0.1,15.5,34.2,136,23.19,1012.4,loc_cuddalore,11.748,79.7714,ECMWF_ERA5_Reanalysis
2019-03-12,31.4,22.8,26.9,35.6,27.2,30.7,0.0,18.3,37.8,142,24.05,1012.6,loc_cuddalore,11.748,79.7714,ECMWF_ERA5_Reanalysis
2019-03-13,30.8,21.4,26.8,35.4,25.0,30.7,0.0,13.7,32.4,103,24.38,1013.0,loc_cuddalore,11.748,79.7714,ECMWF_ERA5_Reanalysis
2019-03-14,31.0,21.7,27.0,35.8,25.7,31.3,0.0,14.5,33.8,107,25.08,1012.6,loc_cuddalore,11.748,79.7714,ECMWF_ERA5_Reanalysis
2019-03-15,31.1,20.7,26.8,35.7,24.0,30.9,0.0,13.6,32.8,104,25.38,1012.4,loc_cuddalore,11.748,79.7714,ECMWF_ERA5_Reanalysis
2019-03-16,30.8,23.8,27.3,34.7,28.0,31.2,0.0,13.9,32.8,90,24.56,1012.2,loc_cuddalore,11.748,79.7714,ECMWF_ERA5_Reanalysis
2019-03-17,30.6,23.6,27.2,33.9,27.2,30.4,0.2,18.4,35.6,96,23.01,1012.0,loc_cuddalore,11.748,79.7714,ECMWF_ERA5_Reanalysis
2019-03-18,30.9,23.3,27.4,35.5,27.0,31.0,0.0,20.8,41.0,104,23.7,1011.7,loc_cuddalore,11.748,79.7714,ECMWF_ERA5_Reanalysis
2019-03-19,31.6,24.3,27.9,35.7,29.0,31.9,0.0,21.4,44.3,126,24.63,1009.8,loc_cuddalore,11.748,79.7714,ECMWF_ERA5_Reanalysis
2019-03-20,31.6,23.8,27.7,34.8,28.6,31.4,0.2,20.7,43.2,143,23.63,1009.8,loc_cuddalore,11.748,79.7714,ECMWF_ERA5_Reanalysis
2019-03-21,31.9,22.4,27.4,36.1,26.6,31.2,0.0,20.3,41.4,129,24.89,1010.7,loc_cuddalore,11.748,79.7714,ECMWF_ERA5_Reanalysis
2019-03-22,31.9,24.9,28.2,37.3,30.0,32.7,0.3,18.9,38.9,131,23.11,1011.1,loc_cuddalore,11.748,79.7714,ECMWF_ERA5_Reanalysis
2019-03-23,32.4,25.7,28.6,38.1,30.9,33.1,0.1,18.6,40.0,145,24.21,1010.3,loc_cuddalore,11.748,79.7714,ECMWF_ERA5_Reanalysis
2019-03-24,32.2,25.0,28.4,37.7,30.1,32.9,0.0,19.6,40.7,151,24.55,1009.7,loc_cuddalore,11.748,79.7714,ECMWF_ERA5_Reanalysis
2019-03-25,32.0,22.8,27.8,37.3,27.3,32.6,0.0,16.6,36.0,125,25.06,1009.8,loc_cuddalore,11.748,79.7714,ECMWF_ERA5_Reanalysis
2019-03-26,31.9,24.5,28.0,36.5,29.5,32.5,0.0,15.7,34.6,136,25.47,1011.2,loc_cuddalore,11.748,79.7714,ECMWF_ERA5_Reanalysis
2019-03-27,31.7,22.2,27.3,36.8,26.2,31.4,0.0,17.3,36.0,143,24.71,1012.2,loc_cuddalore,11.748,79.7714,ECMWF_ERA5_Reanalysis
2019-03-28,32.5,22.2,27.8,37.9,26.0,31.8,0.0,19.6,39.6,156,25.92,1011.2,loc_cuddalore,11.748,79.7714,ECMWF_ERA5_Reanalysis
2019-03-29,32.9,23.2,28.3,38.8,27.8,32.5,0.0,18.7,40.7,153,25.38,1009.2,loc_cuddalore,11.748,79.7714,ECMWF_ERA5_Reanalysis
2019-03-30,32.6,24.1,28.6,38.5,28.3,33.0,0.0,19.6,40.0,157,24.87,1009.2,loc_cuddalore,11.748,79.7714,ECMWF_ERA5_Reanalysis
2019-03-31,34.3,24.9,29.4,40.6,27.5,33.4,0.0,23.0,45.4,162,25.96,1009.1,loc_cuddalore,11.748,79.7714,ECMWF_ERA5_Reanalysis
2019-04-01,32.7,24.6,28.6,38.7,27.2,32.7,0.0,24.2,47.9,156,26.24,1009.5,loc_cuddalore,11.748,79.7714,ECMWF_ERA5_Reanalysis
2019-04-02,33.7,25.1,29.0,37.2,30.0,32.9,0.0,23.3,48.2,161,25.76,1009.2,loc_cuddalore,11.748,79.7714,ECMWF_ERA5_Reanalysis
2019-04-03,32.2,25.5,28.4,36.0,30.6,32.4,0.0,20.5,42.8,154,23.31,1009.5,loc_cuddalore,11.748,79.7714,ECMWF_ERA5_Reanalysis
2019-04-04,32.3,24.7,28.5,37.0,29.8,32.9,0.0,21.4,42.8,149,24.93,1010.9,loc_cuddalore,11.748,79.7714,ECMWF_ERA5_Reanalysis
2019-04-05,32.5,24.4,28.5,38.0,29.8,33.5,0.0,20.7,42.8,145,25.47,1010.7,loc_cuddalore,11.748,79.7714,ECMWF_ERA5_Reanalysis
2019-04-06,33.1,24.9,28.7,39.3,30.2,34.0,0.0,16.8,37.1,151,25.1,1009.9,loc_cuddalore,11.748,79.7714,ECMWF_ERA5_Reanalysis
2019-04-07,33.0,25.4,29.1,38.4,30.8,33.4,0.0,20.7,42.1,153,25.39,1009.0,loc_cuddalore,11.748,79.7714,ECMWF_ERA5_Reanalysis
2019-04-08,33.0,27.0,29.7,37.9,31.8,34.1,0.9,21.9,43.9,151,24.35,1008.2,loc_cuddalore,11.748,79.7714,ECMWF_ERA5_Reanalysis
2019-04-09,32.9,27.0,29.7,37.8,32.5,34.4,0.4,23.0,46.4,153,24.37,1008.5,loc_cuddalore,11.748,79.7714,ECMWF_ERA5_Reanalysis
2019-04-10,32.9,26.6,29.4,38.3,32.4,34.8,0.3,20.4,42.8,145,24.66,1009.1,loc_cuddalore,11.748,79.7714,ECMWF_ERA5_Reanalysis
2019-04-11,33.4,26.5,29.5,40.0,32.7,35.0,0.0,20.7,42.8,154,25.19,1008.4,loc_cuddalore,11.748,79.7714,ECMWF_ERA5_Reanalysis
2019-04-12,34.0,25.8,29.6,40.2,31.6,34.7,0.0,19.1,38.9,154,25.1,1007.8,loc_cuddalore,11.748,79.7714,ECMWF_ERA5_Reanalysis
2019-04-13,33.8,25.0,29.2,39.2,30.4,34.4,0.1,18.2,37.8,150,24.66,1008.3,loc_cuddalore,11.748,79.7714,ECMWF_ERA5_Reanalysis
2019-04-14,33.4,26.1,29.3,38.8,31.8,34.3,0.0,18.2,38.5,145,25.67,1008.7,loc_cuddalore,11.748,79.7714,ECMWF_ERA5_Reanalysis
2019-04-15,33.4,24.3,29.0,39.1,29.5,33.4,0.0,19.5,40.3,146,25.64,1008.6,loc_cuddalore,11.748,79.7714,ECMWF_ERA5_Reanalysis
2019-04-16,34.0,24.4,29.4,40.6,29.0,34.0,0.0,21.6,44.3,141,24.8,1008.1,loc_cuddalore,11.748,79.7714,ECMWF_ERA5_Reanalysis
2019-04-17,33.7,25.7,30.2,39.1,31.2,34.7,0.0,20.9,39.6,151,24.21,1008.6,loc_cuddalore,11.748,79.7714,ECMWF_ERA5_Reanalysis
2019-04-18,33.4,27.5,30.5,39.0,33.6,35.6,0.1,23.4,47.9,148,24.71,1008.0,loc_cuddalore,11.748,79.7714,ECMWF_ERA5_Reanalysis
2019-04-19,33.0,27.1,30.1,38.9,33.4,35.2,1.0,22.2,44.6,154,22.7,1007.4,loc_cuddalore,11.748,79.7714,ECMWF_ERA5_Reanalysis
2019-04-20,33.2,26.6,30.1,38.3,32.1,34.9,0.9,21.8,43.2,152,22.6,1006.2,loc_cuddalore,11.748,79.7714,ECMWF_ERA5_Reanalysis
2019-04-21,33.5,26.9,30.1,39.6,32.3,35.2,1.0,19.1,41.0,153,20.66,1005.5,loc_cuddalore,11.748,79.7714,ECMWF_ERA5_Reanalysis
2019-04-22,33.4,27.4,30.5,39.0,33.7,36.0,0.2,18.9,40.7,130,22.07,1005.5,loc_cuddalore,11.748,79.7714,ECMWF_ERA5_Reanalysis
2019-04-23,33.6,27.7,30.3,39.7,34.1,35.9,0.5,17.7,38.9,127,21.03,1007.0,loc_cuddalore,11.748,79.7714,ECMWF_ERA5_Reanalysis
2019-04-24,33.6,25.9,29.8,39.0,32.2,34.9,0.0,17.5,38.2,110,23.67,1008.0,loc_cuddalore,11.748,79.7714,ECMWF_ERA5_Reanalysis
2019-04-25,33.6,25.1,29.8,39.1,30.5,34.5,0.0,17.1,37.8,118,22.73,1007.7,loc_cuddalore,11.748,79.7714,ECMWF_ERA5_Reanalysis
2019-04-26,34.7,24.9,30.1,40.5,30.3,35.3,0.0,18.7,40.7,151,25.73,1006.5,loc_cuddalore,11.748,79.7714,ECMWF_ERA5_Reanalysis
2019-04-27,35.0,26.9,30.6,40.3,33.4,35.7,0.0,20.8,42.5,148,24.51,1006.0,loc_cuddalore,11.748,79.7714,ECMWF_ERA5_Reanalysis
2019-04-28,34.7,26.3,30.5,40.0,32.7,35.7,0.0,22.9,45.4,143,24.01,1006.1,loc_cuddalore,11.748,79.7714,ECMWF_ERA5_Reanalysis
2019-04-29,34.1,28.2,30.8,40.6,34.7,36.5,0.0,22.4,46.1,146,18.53,1005.9,loc_cuddalore,11.748,79.7714,ECMWF_ERA5_Reanalysis
2019-04-30,37.6,28.0,31.7,43.1,34.3,37.7,0.0,19.0,38.5,162,16.61,1003.6,loc_cuddalore,11.748,79.7714,ECMWF_ERA5_Reanalysis
2019-05-01,37.3,29.5,32.9,41.4,34.0,37.3,0.0,16.3,37.4,267,12.87,1002.3,loc_cuddalore,11.748,79.7714,ECMWF_ERA5_Reanalysis
2019-05-02,38.2,28.6,32.4,42.2,33.0,36.5,0.0,26.6,50.0,176,18.84,1002.1,loc_cuddalore,11.748,79.7714,ECMWF_ERA5_Reanalysis
2019-05-03,36.4,29.5,32.3,41.2,32.3,36.0,0.0,30.3,55.4,172,22.91,1003.9,loc_cuddalore,11.748,79.7714,ECMWF_ERA5_Reanalysis
2019-05-04,37.0,28.6,32.0,40.7,33.2,36.4,0.0,24.5,47.9,172,20.47,1006.2,loc_cuddalore,11.748,79.7714,ECMWF_ERA5_Reanalysis
2019-05-05,35.5,28.3,31.5,42.1,33.8,36.8,0.0,22.7,45.7,162,24.27,1007.5,loc_cuddalore,11.748,79.7714,ECMWF_ERA5_Reanalysis
2019-05-06,35.2,28.3,31.6,42.2,33.8,36.8,0.0,22.3,43.9,167,24.53,1006.1,loc_cuddalore,11.748,79.7714,ECMWF_ERA5_Reanalysis
2019-05-07,37.2,28.9,32.2,43.1,32.7,36.7,0.0,25.8,50.4,181,22.41,1005.3,loc_cuddalore,11.748,79.7714,ECMWF_ERA5_Reanalysis
2019-05-08,38.1,27.7,32.6,43.2,32.8,36.9,0.2,25.7,49.7,201,22.06,1005.5,loc_cuddalore,11.748,79.7714,ECMWF_ERA5_Reanalysis
2019-05-09,37.3,28.1,32.2,43.7,32.5,36.6,0.0,21.8,43.6,181,24.15,1004.5,loc_cuddalore,11.748,79.7714,ECMWF_ERA5_Reanalysis
2019-05-10,36.8,28.9,32.0,43.1,33.3,36.5,0.0,24.4,47.9,169,23.94,1004.7,loc_cuddalore,11.748,79.7714,ECMWF_ERA5_Reanalysis
2019-05-11,35.4,27.8,31.3,41.9,32.8,35.8,0.0,25.0,48.6,168,24.62,1006.3,loc_cuddalore,11.748,79.7714,ECMWF_ERA5_Reanalysis
2019-05-12,33.8,27.6,30.6,40.5,32.5,35.6,0.0,22.6,46.1,159,24.84,1005.9,loc_cuddalore,11.748,79.7714,ECMWF_ERA5_Reanalysis
2019-05-13,33.9,27.1,30.4,40.3,32.4,35.4,0.0,20.5,43.2,158,24.93,1005.4,loc_cuddalore,11.748,79.7714,ECMWF_ERA5_Reanalysis
2019-05-14,34.7,27.7,31.0,42.0,33.3,36.6,0.0,20.1,41.4,154,24.7,1005.0,loc_cuddalore,11.748,79.7714,ECMWF_ERA5_Reanalysis
2019-05-15,35.0,27.9,31.1,42.9,33.9,37.0,0.0,20.9,41.4,151,24.0,1005.9,loc_cuddalore,11.748,79.7714,ECMWF_ERA5_Reanalysis
2019-05-16,34.5,27.8,30.9,41.3,33.8,36.5,0.0,18.9,39.2,151,24.11,1007.0,loc_cuddalore,11.748,79.7714,ECMWF_ERA5_Reanalysis
2019-05-17,34.4,28.2,30.9,40.7,33.6,36.3,0.0,22.9,45.0,160,24.73,1006.8,loc_cuddalore,11.748,79.7714,ECMWF_ERA5_Reanalysis
2019-05-18,34.0,27.7,30.6,40.5,32.6,35.9,0.0,23.7,47.2,159,24.87,1005.9,loc_cuddalore,11.748,79.7714,ECMWF_ERA5_Reanalysis
2019-05-19,34.8,27.3,30.6,40.9,31.6,35.3,0.0,23.6,47.5,165,25.17,1006.2,loc_cuddalore,11.748,79.7714,ECMWF_ERA5_Reanalysis
2019-05-20,34.8,26.9,30.3,40.3,31.4,35.0,0.0,21.4,42.8,162,25.28,1007.0,loc_cuddalore,11.748,79.7714,ECMWF_ERA5_Reanalysis
2019-05-21,34.7,26.6,30.4,40.2,31.6,34.9,0.0,24.0,48.2,165,24.64,1007.0,loc_cuddalore,11.748,79.7714,ECMWF_ERA5_Reanalysis
2019-05-22,34.3,27.0,30.3,40.0,31.7,35.0,0.0,25.1,49.3,160,24.58,1006.4,loc_cuddalore,11.748,79.7714,ECMWF_ERA5_Reanalysis
2019-05-23,34.0,27.5,30.5,39.9,32.5,35.2,0.0,28.0,53.6,163,24.88,1006.2,loc_cuddalore,11.748,79.7714,ECMWF_ERA5_Reanalysis
2019-05-24,35.0,27.7,31.0,40.8,32.6,35.6,0.0,27.9,53.3,166,24.45,1006.1,loc_cuddalore,11.748,79.7714,ECMWF_ERA5_Reanalysis
2019-05-25,35.4,28.0,31.6,41.7,32.3,36.1,0.0,28.3,51.5,169,24.87,1004.8,loc_cuddalore,11.748,79.7714,ECMWF_ERA5_Reanalysis
2019-05-26,37.0,28.4,31.8,42.8,32.9,36.2,0.0,25.1,48.6,172,24.85,1003.5,loc_cuddalore,11.748,79.7714,ECMWF_ERA5_Reanalysis
2019-05-27,35.2,28.1,31.2,42.3,32.9,36.5,0.0,22.5,45.0,162,24.97,1003.5,loc_cuddalore,11.748,79.7714,ECMWF_ERA5_Reanalysis
2019-05-28,36.4,28.1,31.6,43.1,33.6,36.9,0.0,22.2,45.0,163,24.58,1003.3,loc_cuddalore,11.748,79.7714,ECMWF_ERA5_Reanalysis
2019-05-29,34.7,27.7,31.3,41.5,33.7,36.3,0.9,23.5,45.7,163,24.05,1003.1,loc_cuddalore,11.748,79.7714,ECMWF_ERA5_Reanalysis
2019-05-30,35.7,27.7,31.4,42.9,30.7,36.6,11.8,24.5,48.2,161,23.71,1002.7,loc_cuddalore,11.748,79.7714,ECMWF_ERA5_Reanalysis
2019-05-31,35.7,27.2,31.4,42.1,30.4,36.1,1.0,22.8,40.0,188,23.46,1003.2,loc_cuddalore,11.748,79.7714,ECMWF_ERA5_Reanalysis
2019-06-01,35.8,28.0,31.3,42.7,32.6,35.8,1.0,24.8,45.0,177,23.1,1003.9,loc_cuddalore,11.748,79.7714,ECMWF_ERA5_Reanalysis
2019-06-02,38.0,28.6,32.4,43.6,32.8,36.8,0.0,22.5,43.6,191,23.4,1003.5,loc_cuddalore,11.748,79.7714,ECMWF_ERA5_Reanalysis
2019-06-03,36.8,27.4,31.2,44.2,33.2,37.0,0.3,22.4,46.1,169,22.78,1003.7,loc_cuddalore,11.748,79.7714,ECMWF_ERA5_Reanalysis
2019-06-04,35.8,27.5,31.2,42.0,33.7,36.9,0.2,20.0,39.2,169,21.76,1003.4,loc_cuddalore,11.748,79.7714,ECMWF_ERA5_Reanalysis
2019-06-05,34.0,26.4,30.2,41.2,30.6,35.3,0.9,24.1,45.4,179,24.33,1003.8,loc_cuddalore,11.748,79.7714,ECMWF_ERA5_Reanalysis
2019-06-06,34.3,27.2,30.4,39.9,32.7,35.3,0.0,24.2,45.4,162,24.1,1003.8,loc_cuddalore,11.748,79.7714,ECMWF_ERA5_Reanalysis
2019-06-07,36.1,28.2,31.3,42.4,33.2,36.1,0.0,26.3,50.4,172,23.3,1003.9,loc_cuddalore,11.748,79.7714,ECMWF_ERA5_Reanalysis
2019-06-08,37.9,28.2,32.1,44.8,33.6,36.8,0.2,24.5,47.9,181,22.17,1003.6,loc_cuddalore,11.748,79.7714,ECMWF_ERA5_Reanalysis
2019-06-09,39.5,29.8,33.7,42.6,31.7,36.0,0.0,28.3,55.1,202,24.72,1003.0,loc_cuddalore,11.748,79.7714,ECMWF_ERA5_Reanalysis
2019-06-10,38.9,28.6,33.1,40.8,31.4,35.1,0.0,29.1,55.1,217,22.46,1002.9,loc_cuddalore,11.748,79.7714,ECMWF_ERA5_Reanalysis
2019-06-11,38.7,28.9,33.8,42.2,32.1,35.9,0.0,24.8,48.6,222,21.89,1002.8,loc_cuddalore,11.748,79.7714,ECMWF_ERA5_Reanalysis
2019-06-12,39.9,29.4,33.5,42.1,32.1,36.1,0.0,28.4,53.3,237,22.87,1003.1,loc_cuddalore,11.748,79.7714,ECMWF_ERA5_Reanalysis
2019-06-13,35.9,29.0,32.1,41.1,32.1,36.2,0.0,18.5,39.6,199,23.26,1004.3,loc_cuddalore,11.748,79.7714,ECMWF_ERA5_Reanalysis
2019-06-14,36.8,27.8,32.2,40.7,32.2,36.0,0.0,21.1,41.4,184,23.16,1004.3,loc_cuddalore,11.748,79.7714,ECMWF_ERA5_Reanalysis
2019-06-15,37.5,29.3,32.6,42.4,32.6,36.2,0.3,24.9,46.4,183,23.31,1004.2,loc_cuddalore,11.748,79.7714,ECMWF_ERA5_Reanalysis
2019-06-16,38.7,29.2,32.7,42.5,33.0,36.0,0.1,27.4,53.6,192,22.27,1004.5,loc_cuddalore,11.748,79.7714,ECMWF_ERA5_Reanalysis
2019-06-17,39.4,30.0,33.1,41.2,33.0,36.0,0.0,24.2,45.7,200,21.05,1004.6,loc_cuddalore,11.748,79.7714,ECMWF_ERA5_Reanalysis
2019-06-18,38.4,29.7,33.0,42.1,32.8,36.0,0.0,23.7,45.7,200,21.27,1003.7,loc_cuddalore,11.748,79.7714,ECMWF_ERA5_Reanalysis
2019-06-19,38.6,29.4,32.8,42.6,32.2,35.6,0.0,27.8,55.4,192,22.94,1002.4,loc_cuddalore,11.748,79.7714,ECMWF_ERA5_Reanalysis
2019-06-20,38.8,30.7,32.9,43.6,33.3,36.5,0.2,19.2,43.6,200,20.92,1002.7,loc_cuddalore,11.748,79.7714,ECMWF_ERA5_Reanalysis
2019-06-21,38.0,30.6,32.6,40.6,32.5,35.3,0.0,23.5,45.4,219,18.31,1002.4,loc_cuddalore,11.748,79.7714,ECMWF_ERA5_Reanalysis
2019-06-22,36.7,29.5,32.0,41.8,32.7,36.0,0.4,20.8,53.3,196,18.21,1002.1,loc_cuddalore,11.748,79.7714,ECMWF_ERA5_Reanalysis
2019-06-23,35.1,28.0,31.4,39.5,32.6,35.5,0.0,29.7,57.2,166,19.75,1001.8,loc_cuddalore,11.748,79.7714,ECMWF_ERA5_Reanalysis
2019-06-24,33.4,28.2,30.6,39.1,33.9,35.8,1.8,20.4,43.2,137,19.29,1003.2,loc_cuddalore,11.748,79.7714,ECMWF_ERA5_Reanalysis
2019-06-25,35.1,27.1,30.7,40.3,34.2,36.0,1.5,21.9,43.2,138,18.93,1004.3,loc_cuddalore,11.748,79.7714,ECMWF_ERA5_Reanalysis
2019-06-26,34.0,28.1,30.3,37.8,33.2,35.4,0.9,18.4,37.1,182,12.99,1005.0,loc_cuddalore,11.748,79.7714,ECMWF_ERA5_Reanalysis
2019-06-27,34.6,27.1,30.5,39.4,32.9,35.3,0.0,21.9,43.9,172,14.99,1004.0,loc_cuddalore,11.748,79.7714,ECMWF_ERA5_Reanalysis
2019-06-28,37.6,28.5,31.8,40.9,30.1,34.2,0.0,29.5,55.1,193,20.71,1003.5,loc_cuddalore,11.748,79.7714,ECMWF_ERA5_Reanalysis
2019-06-29,37.8,28.0,32.1,41.7,30.9,34.5,0.0,25.2,50.0,200,21.38,1003.3,loc_cuddalore,11.748,79.7714,ECMWF_ERA5_Reanalysis
2019-06-30,39.4,28.3,33.0,39.9,31.3,35.3,0.4,20.4,41.4,233,19.17,1002.9,loc_cuddalore,11.748,79.7714,ECMWF_ERA5_Reanalysis
2019-07-01,37.5,29.6,32.3,40.4,32.7,35.0,1.0,26.0,46.8,190,18.48,1002.1,loc_cuddalore,11.748,79.7714,ECMWF_ERA5_Reanalysis
2019-07-02,37.6,28.9,32.6,39.8,31.4,35.2,0.7,25.8,50.4,200,20.69,1002.4,loc_cuddalore,11.748,79.7714,ECMWF_ERA5_Reanalysis
2019-07-03,37.8,28.2,32.0,41.7,31.4,35.3,0.8,23.8,46.8,183,21.96,1003.4,loc_cuddalore,11.748,79.7714,ECMWF_ERA5_Reanalysis
2019-07-04,38.2,28.4,32.8,41.7,31.4,35.6,0.9,25.2,45.0,205,21.74,1003.6,loc_cuddalore,11.748,79.7714,ECMWF_ERA5_Reanalysis
2019-07-05,38.0,28.4,32.7,40.3,31.3,35.0,0.3,22.7,44.3,214,18.63,1002.8,loc_cuddalore,11.748,79.7714,ECMWF_ERA5_Reanalysis
2019-07-06,38.5,28.6,33.1,39.7,31.0,34.8,0.0,23.0,45.7,223,18.36,1003.1,loc_cuddalore,11.748,79.7714,ECMWF_ERA5_Reanalysis
2019-07-07,38.3,29.2,33.2,41.7,31.6,35.6,0.2,23.7,54.4,214,21.82,1004.0,loc_cuddalore,11.748,79.7714,ECMWF_ERA5_Reanalysis
2019-07-08,36.6,28.2,31.3,40.9,30.7,34.1,0.0,27.4,51.8,182,22.66,1005.0,loc_cuddalore,11.748,79.7714,ECMWF_ERA5_Reanalysis
2019-07-09,36.4,27.9,30.7,39.6,31.1,34.1,2.1,25.7,50.0,191,19.11,1005.2,loc_cuddalore,11.748,79.7714,ECMWF_ERA5_Reanalysis
2019-07-10,35.3,25.9,29.3,38.9,28.8,33.2,18.4,21.4,47.9,219,17.87,1005.6,loc_cuddalore,11.748,79.7714,ECMWF_ERA5_Reanalysis
2019-07-11,33.8,25.8,29.2,39.0,28.8,33.1,0.0,17.9,36.0,185,17.89,1006.8,loc_cuddalore,11.748,79.7714,ECMWF_ERA5_Reanalysis
2019-07-12,33.4,26.0,29.6,38.9,31.6,34.5,1.4,19.7,40.7,156,22.63,1007.4,loc_cuddalore,11.748,79.7714,ECMWF_ERA5_Reanalysis
2019-07-13,32.9,26.0,29.4,38.4,29.7,33.9,8.0,20.8,41.0,169,21.82,1007.8,loc_cuddalore,11.748,79.7714,ECMWF_ERA5_Reanalysis
2019-07-14,33.8,26.5,29.5,40.7,31.4,34.5,2.4,24.3,46.8,186,23.42,1006.7,loc_cuddalore,11.748,79.7714,ECMWF_ERA5_Reanalysis
2019-07-15,33.7,25.7,29.4,40.8,30.6,34.4,1.6,20.6,41.0,198,22.31,1005.2,loc_cuddalore,11.748,79.7714,ECMWF_ERA5_Reanalysis
2019-07-16,34.5,26.0,29.8,41.4,31.5,35.2,0.7,19.5,39.6,179,22.33,1004.7,loc_cuddalore,11.748,79.7714,ECMWF_ERA5_Reanalysis
2019-07-17,34.6,27.1,30.4,40.2,31.9,35.0,2.2,15.9,32.0,194,21.41,1003.6,loc_cuddalore,11.748,79.7714,ECMWF_ERA5_Reanalysis
2019-07-18,35.6,26.1,29.9,42.3,30.6,34.5,5.9,15.9,34.9,224,22.03,1001.9,loc_cuddalore,11.748,79.7714,ECMWF_ERA5_Reanalysis
2019-07-19,32.8,25.8,28.7,39.0,30.2,33.8,10.7,14.7,32.4,228,17.44,1001.5,loc_cuddalore,11.748,79.7714,ECMWF_ERA5_Reanalysis
2019-07-20,33.7,26.0,29.3,38.8,29.6,33.9,2.4,15.6,31.0,213,21.29,1001.8,loc_cuddalore,11.748,79.7714,ECMWF_ERA5_Reanalysis
2019-07-21,33.5,26.9,29.6,39.5,29.7,34.3,4.2,17.0,30.2,231,17.74,1002.5,loc_cuddalore,11.748,79.7714,ECMWF_ERA5_Reanalysis
2019-07-22,28.1,25.9,27.0,34.2,30.5,32.5,10.7,11.2,29.5,208,5.76,1003.3,loc_cuddalore,11.748,79.7714,ECMWF_ERA5_Reanalysis
2019-07-23,29.9,25.2,27.7,35.5,29.8,32.3,0.9,19.5,37.4,190,12.08,1003.9,loc_cuddalore,11.748,79.7714,ECMWF_ERA5_Reanalysis
2019-07-24,32.0,25.3,28.9,39.8,29.7,34.0,1.0,17.7,34.9,170,22.9,1004.6,loc_cuddalore,11.748,79.7714,ECMWF_ERA5_Reanalysis
2019-07-25,32.1,25.9,28.7,39.6,30.6,34.2,1.1,16.9,31.0,199,20.54,1006.1,loc_cuddalore,11.748,79.7714,ECMWF_ERA5_Reanalysis
2019-07-26,32.8,25.8,28.9,36.5,30.7,33.4,0.0,12.6,34.2,228,13.85,1005.7,loc_cuddalore,11.748,79.7714,ECMWF_ERA5_Reanalysis
2019-07-27,32.6,26.5,29.1,37.0,30.7,33.6,0.0,17.8,32.4,197,14.43,1005.1,loc_cuddalore,11.748,79.7714,ECMWF_ERA5_Reanalysis
2019-07-28,34.7,26.1,29.4,39.2,30.1,34.2,2.1,15.9,38.9,198,18.41,1004.8,loc_cuddalore,11.748,79.7714,ECMWF_ERA5_Reanalysis
2019-07-29,34.5,26.7,29.5,40.9,30.7,33.9,0.0,16.9,41.4,187,19.02,1005.2,loc_cuddalore,11.748,79.7714,ECMWF_ERA5_Reanalysis
2019-07-30,33.4,26.5,29.3,39.4,30.6,33.9,0.0,19.1,38.2,174,20.27,1006.4,loc_cuddalore,11.748,79.7714,ECMWF_ERA5_Reanalysis
2019-07-31,33.4,26.8,29.8,39.8,31.1,34.3,0.2,21.4,41.4,179,21.7,1006.6,loc_cuddalore,11.748,79.7714,ECMWF_ERA5_Reanalysis
2019-08-01,35.9,27.5,30.5,40.9,31.4,34.3,0.0,21.3,37.8,195,20.62,1006.0,loc_cuddalore,11.748,79.7714,ECMWF_ERA5_Reanalysis
2019-08-02,35.2,27.5,30.1,37.3,30.9,33.4,0.0,26.3,46.8,203,13.85,1005.7,loc_cuddalore,11.748,79.7714,ECMWF_ERA5_Reanalysis
2019-08-03,35.9,27.1,30.8,39.0,29.9,33.7,0.3,22.2,41.4,215,20.35,1005.6,loc_cuddalore,11.748,79.7714,ECMWF_ERA5_Reanalysis
2019-08-04,36.2,27.3,31.3,40.2,29.6,34.3,0.1,21.1,38.9,215,20.96,1004.9,loc_cuddalore,11.748,79.7714,ECMWF_ERA5_Reanalysis
2019-08-05,36.1,28.2,31.5,39.2,30.9,33.7,0.2,21.3,42.8,241,15.39,1004.0,loc_cuddalore,11.748,79.7714,ECMWF_ERA5_Reanalysis
2019-08-06,35.8,27.5,31.4,36.6,29.2,33.1,0.0,23.5,49.7,235,15.47,1003.4,loc_cuddalore,11.748,79.7714,ECMWF_ERA5_Reanalysis
2019-08-07,36.7,28.0,30.6,38.1,29.7,33.0,1.2,23.4,55.4,230,14.91,1002.8,loc_cuddalore,11.748,79.7714,ECMWF_ERA5_Reanalysis
2019-08-08,33.5,27.3,30.3,35.6,29.3,32.3,2.5,26.0,58.3,226,18.18,1002.8,loc_cuddalore,11.748,79.7714,ECMWF_ERA5_Reanalysis
2019-08-09,35.5,26.9,30.2,38.8,28.8,32.6,0.1,21.7,50.4,237,17.88,1004.0,loc_cuddalore,11.748,79.7714,ECMWF_ERA5_Reanalysis
2019-08-10,35.2,27.3,30.4,39.7,29.9,33.5,4.8,22.3,43.6,249,17.11,1004.7,loc_cuddalore,11.748,79.7714,ECMWF_ERA5_Reanalysis
2019-08-11,36.8,27.4,31.1,41.1,30.8,34.6,0.6,22.8,55.4,251,22.48,1003.9,loc_cuddalore,11.748,79.7714,ECMWF_ERA5_Reanalysis
2019-08-12,38.2,27.7,31.3,41.7,30.4,34.0,0.9,21.1,45.4,257,21.87,1003.6,loc_cuddalore,11.748,79.7714,ECMWF_ERA5_Reanalysis
2019-08-13,34.3,27.1,30.3,40.0,31.3,34.5,0.9,19.6,38.9,195,19.67,1004.2,loc_cuddalore,11.748,79.7714,ECMWF_ERA5_Reanalysis
2019-08-14,35.7,26.6,30.0,41.8,31.1,34.7,0.2,24.0,49.7,207,22.83,1005.4,loc_cuddalore,11.748,79.7714,ECMWF_ERA5_Reanalysis
2019-08-15,34.8,26.8,29.8,41.3,31.5,34.7,1.1,21.4,41.4,190,19.78,1006.2,loc_cuddalore,11.748,79.7714,ECMWF_ERA5_Reanalysis
2019-08-16,34.6,25.9,29.5,39.3,30.7,34.1,8.7,13.4,32.0,231,16.42,1005.7,loc_cuddalore,11.748,79.7714,ECMWF_ERA5_Reanalysis
2019-08-17,30.8,25.1,27.2,34.4,30.3,31.8,7.2,15.0,32.4,256,12.07,1005.7,loc_cuddalore,11.748,79.7714,ECMWF_ERA5_Reanalysis
2019-08-18,29.9,24.4,26.5,34.4,27.9,31.4,29.4,14.7,30.2,228,14.41,1007.0,loc_cuddalore,11.748,79.7714,ECMWF_ERA5_Reanalysis
2019-08-19,32.0,24.3,27.8,39.0,29.0,33.2,13.3,17.7,35.3,193,22.55,1007.0,loc_cuddalore,11.748,79.7714,ECMWF_ERA5_Reanalysis
2019-08-20,31.8,24.8,27.7,39.4,29.8,33.5,23.6,13.0,29.9,238,19.96,1006.7,loc_cuddalore,11.748,79.7714,ECMWF_ERA5_Reanalysis
2019-08-21,32.4,25.7,28.6,38.9,30.1,33.9,5.1,13.8,32.8,233,20.73,1005.5,loc_cuddalore,11.748,79.7714,ECMWF_ERA5_Reanalysis
2019-08-22,31.1,25.3,27.8,36.5,29.8,33.0,4.4,11.3,33.1,234,14.79,1005.6,loc_cuddalore,11.748,79.7714,ECMWF_ERA5_Reanalysis
2019-08-23,32.8,25.7,28.0,39.5,29.4,33.0,1.3,15.8,37.8,223,18.15,1006.0,loc_cuddalore,11.748,79.7714,ECMWF_ERA5_Reanalysis
2019-08-24,33.0,25.5,28.6,37.8,29.7,33.3,0.4,13.7,43.9,225,19.98,1006.1,loc_cuddalore,11.748,79.7714,ECMWF_ERA5_Reanalysis
2019-08-25,32.7,26.2,28.7,38.4,30.1,33.4,0.1,18.7,37.4,203,19.3,1005.6,loc_cuddalore,11.748,79.7714,ECMWF_ERA5_Reanalysis
2019-08-26,33.0,26.4,29.2,38.7,29.5,33.2,1.0,17.1,38.5,216,22.47,1005.5,loc_cuddalore,11.748,79.7714,ECMWF_ERA5_Reanalysis
2019-08-27,31.9,25.9,28.8,35.6,29.2,32.1,0.2,23.8,42.1,213,20.88,1004.9,loc_cuddalore,11.748,79.7714,ECMWF_ERA5_Reanalysis
2019-08-28,32.7,26.6,29.1,39.4,29.5,33.5,0.1,19.1,38.5,185,23.77,1005.3,loc_cuddalore,11.748,79.7714,ECMWF_ERA5_Reanalysis
2019-08-29,32.2,26.1,29.2,39.7,30.7,34.3,0.5,18.0,38.9,189,23.9,1005.2,loc_cuddalore,11.748,79.7714,ECMWF_ERA5_Reanalysis
2019-08-30,34.1,26.9,29.3,41.3,30.1,34.2,0.2,18.8,37.8,214,23.99,1003.6,loc_cuddalore,11.748,79.7714,ECMWF_ERA5_Reanalysis
2019-08-31,33.0,26.8,29.1,38.9,30.6,33.5,0.1,18.6,37.8,194,17.64,1002.8,loc_cuddalore,11.748,79.7714,ECMWF_ERA5_Reanalysis
2019-09-01,33.0,27.0,29.1,35.8,30.3,33.0,0.0,16.9,33.1,209,12.65,1004.3,loc_cuddalore,11.748,79.7714,ECMWF_ERA5_Reanalysis
2019-09-02,34.0,26.7,29.3,39.5,29.6,33.2,2.5,17.2,41.0,213,18.15,1005.5,loc_cuddalore,11.748,79.7714,ECMWF_ERA5_Reanalysis
2019-09-03,33.9,26.1,29.1,39.0,30.0,33.5,0.3,14.5,38.9,206,18.42,1005.0,loc_cuddalore,11.748,79.7714,ECMWF_ERA5_Reanalysis
2019-09-04,34.4,26.6,29.7,37.0,30.5,33.2,0.5,21.3,44.3,212,15.48,1004.2,loc_cuddalore,11.748,79.7714,ECMWF_ERA5_Reanalysis
2019-09-05,34.8,26.5,30.0,39.4,29.4,33.5,0.6,20.5,43.6,211,21.17,1004.1,loc_cuddalore,11.748,79.7714,ECMWF_ERA5_Reanalysis
2019-09-06,35.5,26.9,30.1,40.1,30.1,33.8,0.7,22.3,39.6,201,21.55,1003.8,loc_cuddalore,11.748,79.7714,ECMWF_ERA5_Reanalysis
2019-09-07,35.3,26.4,29.5,38.8,29.9,33.1,0.0,22.2,40.7,198,19.9,1004.7,loc_cuddalore,11.748,79.7714,ECMWF_ERA5_Reanalysis
2019-09-08,35.1,25.7,29.4,39.4,29.5,33.2,0.0,20.5,40.7,182,19.72,1005.7,loc_cuddalore,11.748,79.7714,ECMWF_ERA5_Reanalysis
2019-09-09,34.1,26.3,29.6,40.4,31.1,33.9,1.8,20.9,39.6,170,21.69,1005.6,loc_cuddalore,11.748,79.7714,ECMWF_ERA5_Reanalysis
2019-09-10,31.9,25.0,28.4,38.7,29.6,33.2,5.6,19.1,37.8,155,18.47,1005.8,loc_cuddalore,11.748,79.7714,ECMWF_ERA5_Reanalysis
2019-09-11,32.3,25.9,28.3,40.0,30.0,33.3,3.1,17.6,33.8,180,20.25,1007.0,loc_cuddalore,11.748,79.7714,ECMWF_ERA5_Reanalysis
2019-09-12,32.1,25.6,28.3,38.9,31.2,34.2,1.4,18.9,41.4,189,20.41,1008.1,loc_cuddalore,11.748,79.7714,ECMWF_ERA5_Reanalysis
2019-09-13,31.6,25.3,28.0,39.0,30.6,33.3,8.1,20.2,36.4,182,18.33,1008.8,loc_cuddalore,11.748,79.7714,ECMWF_ERA5_Reanalysis
2019-09-14,32.1,25.4,28.4,39.4,30.0,33.4,4.6,19.5,39.6,184,21.8,1008.0,loc_cuddalore,11.748,79.7714,ECMWF_ERA5_Reanalysis
2019-09-15,31.3,25.5,28.2,39.2,30.4,33.8,13.9,17.8,38.5,190,22.18,1007.4,loc_cuddalore,11.748,79.7714,ECMWF_ERA5_Reanalysis
2019-09-16,33.2,25.1,28.0,39.3,29.5,33.1,11.8,15.0,35.3,219,21.91,1005.8,loc_cuddalore,11.748,79.7714,ECMWF_ERA5_Reanalysis
2019-09-17,32.1,25.2,27.6,37.7,29.9,32.7,9.3,14.2,34.2,236,16.27,1005.0,loc_cuddalore,11.748,79.7714,ECMWF_ERA5_Reanalysis
2019-09-18,28.9,25.4,27.0,34.2,31.2,32.1,5.1,16.5,30.6,200,8.2,1005.4,loc_cuddalore,11.748,79.7714,ECMWF_ERA5_Reanalysis
2019-09-19,30.0,25.3,27.1,37.9,30.2,32.6,13.5,15.4,37.4,185,16.73,1006.4,loc_cuddalore,11.748,79.7714,ECMWF_ERA5_Reanalysis
2019-09-20,30.1,25.5,27.6,36.6,30.2,33.0,7.0,12.5,29.2,196,13.95,1006.7,loc_cuddalore,11.748,79.7714,ECMWF_ERA5_Reanalysis
2019-09-21,30.7,24.9,27.8,39.5,29.7,34.1,6.6,11.7,27.4,180,22.56,1006.1,loc_cuddalore,11.748,79.7714,ECMWF_ERA5_Reanalysis
2019-09-22,30.9,25.2,27.8,39.3,30.2,33.8,9.5,15.1,29.5,174,21.91,1006.5,loc_cuddalore,11.748,79.7714,ECMWF_ERA5_Reanalysis
2019-09-23,30.4,24.8,27.3,38.0,30.0,33.0,5.2,13.6,29.9,118,21.23,1006.9,loc_cuddalore,11.748,79.7714,ECMWF_ERA5_Reanalysis
2019-09-24,29.4,24.6,27.1,35.7,29.5,32.4,3.1,16.7,34.6,177,20.4,1006.6,loc_cuddalore,11.748,79.7714,ECMWF_ERA5_Reanalysis
2019-09-25,29.0,25.5,27.2,32.9,29.9,31.1,17.1,28.9,54.4,171,16.95,1008.0,loc_cuddalore,11.748,79.7714,ECMWF_ERA5_Reanalysis
2019-09-26,29.5,25.7,27.4,35.1,29.0,31.6,8.6,20.9,51.5,168,18.9,1011.2,loc_cuddalore,11.748,79.7714,ECMWF_ERA5_Reanalysis
2019-09-27,30.0,24.6,27.3,37.0,29.6,32.8,0.0,14.2,30.2,143,23.57,1012.7,loc_cuddalore,11.748,79.7714,ECMWF_ERA5_Reanalysis
2019-09-28,29.9,24.7,27.3,36.6,30.4,32.9,0.3,15.0,31.0,113,23.03,1011.7,loc_cuddalore,11.748,79.7714,ECMWF_ERA5_Reanalysis
2019-09-29,29.3,26.0,27.6,34.8,30.9,32.4,1.6,14.5,31.7,105,20.01,1011.7,loc_cuddalore,11.748,79.7714,ECMWF_ERA5_Reanalysis
2019-09-30,28.8,25.1,26.9,34.5,29.6,31.5,4.3,15.3,32.8,137,20.12,1011.3,loc_cuddalore,11.748,79.7714,ECMWF_ERA5_Reanalysis
2019-10-01,30.9,24.7,27.7,37.0,29.6,32.9,1.8,18.3,35.6,167,22.27,1010.4,loc_cuddalore,11.748,79.7714,ECMWF_ERA5_Reanalysis
2019-10-02,30.8,25.0,27.8,37.3,29.9,33.0,1.3,17.7,34.6,154,22.96,1010.4,loc_cuddalore,11.748,79.7714,ECMWF_ERA5_Reanalysis
2019-10-03,30.7,25.5,28.0,36.6,31.2,33.0,0.4,17.4,35.3,152,22.74,1009.7,loc_cuddalore,11.748,79.7714,ECMWF_ERA5_Reanalysis
2019-10-04,31.0,25.2,28.1,37.2,30.5,33.2,0.6,16.5,33.8,154,20.99,1009.2,loc_cuddalore,11.748,79.7714,ECMWF_ERA5_Reanalysis
2019-10-05,30.3,24.5,27.6,36.4,29.3,32.6,0.6,18.3,36.7,157,22.72,1008.8,loc_cuddalore,11.748,79.7714,ECMWF_ERA5_Reanalysis
2019-10-06,30.6,25.0,27.9,36.7,30.4,32.9,1.8,15.9,32.0,157,22.36,1009.3,loc_cuddalore,11.748,79.7714,ECMWF_ERA5_Reanalysis
2019-10-07,31.0,25.3,28.1,37.0,30.3,33.0,0.7,15.2,31.0,163,21.09,1009.0,loc_cuddalore,11.748,79.7714,ECMWF_ERA5_Reanalysis
2019-10-08,30.9,24.0,27.8,37.5,29.3,32.9,0.6,17.8,35.3,147,23.49,1008.7,loc_cuddalore,11.748,79.7714,ECMWF_ERA5_Reanalysis
2019-10-09,30.5,25.0,28.0,36.1,29.9,32.9,0.8,16.4,35.3,147,22.59,1008.6,loc_cuddalore,11.748,79.7714,ECMWF_ERA5_Reanalysis
2019-10-10,30.9,25.1,28.1,36.6,30.8,33.1,1.0,17.3,36.0,148,22.38,1008.9,loc_cuddalore,11.748,79.7714,ECMWF_ERA5_Reanalysis
2019-10-11,30.6,25.8,28.1,36.6,31.2,33.2,0.1,15.0,31.7,138,21.92,1008.8,loc_cuddalore,11.748,79.7714,ECMWF_ERA5_Reanalysis
2019-10-12,30.7,25.3,28.1,36.7,30.7,33.4,2.9,15.1,33.5,116,21.4,1008.9,loc_cuddalore,11.748,79.7714,ECMWF_ERA5_Reanalysis
2019-10-13,30.9,25.7,28.4,36.8,31.7,33.8,3.0,14.9,32.4,104,21.78,1009.2,loc_cuddalore,11.748,79.7714,ECMWF_ERA5_Reanalysis
2019-10-14,30.3,25.2,27.8,36.1,30.8,33.0,6.8,17.7,35.3,70,20.75,1009.7,loc_cuddalore,11.748,79.7714,ECMWF_ERA5_Reanalysis
2019-10-15,28.1,24.9,26.5,33.3,29.7,31.5,17.8,13.7,32.0,54,13.27,1009.2,loc_cuddalore,11.748,79.7714,ECMWF_ERA5_Reanalysis
2019-10-16,28.8,24.1,26.1,33.5,28.2,30.7,11.9,18.4,37.1,60,14.3,1009.2,loc_cuddalore,11.748,79.7714,ECMWF_ERA5_Reanalysis
2019-10-17,27.8,24.3,26.0,33.1,29.4,30.9,25.1,11.2,23.4,92,11.76,1009.7,loc_cuddalore,11.748,79.7714,ECMWF_ERA5_Reanalysis
2019-10-18,28.6,24.6,26.7,34.7,30.0,31.9,7.1,10.9,25.2,75,17.17,1009.5,loc_cuddalore,11.748,79.7714,ECMWF_ERA5_Reanalysis
2019-10-19,28.3,25.1,26.4,33.8,30.4,31.5,13.2,15.1,31.0,54,15.75,1010.0,loc_cuddalore,11.748,79.7714,ECMWF_ERA5_Reanalysis
2019-10-20,27.5,25.1,26.1,32.6,29.8,31.3,18.8,15.0,31.0,70,12.06,1009.5,loc_cuddalore,11.748,79.7714,ECMWF_ERA5_Reanalysis
2019-10-21,26.7,24.4,25.3,32.1,29.2,30.7,21.0,11.0,23.0,355,6.42,1008.5,loc_cuddalore,11.748,79.7714,ECMWF_ERA5_Reanalysis
2019-10-22,28.5,23.7,25.7,33.4,28.5,30.8,9.2,12.0,29.5,292,9.22,1007.3,loc_cuddalore,11.748,79.7714,ECMWF_ERA5_Reanalysis
2019-10-23,31.6,23.8,27.0,39.1,28.8,32.4,16.4,16.9,37.1,201,18.3,1006.5,loc_cuddalore,11.748,79.7714,ECMWF_ERA5_Reanalysis
2019-10-24,28.4,24.6,26.3,33.3,29.0,31.4,7.4,10.0,20.5,197,7.39,1008.0,loc_cuddalore,11.748,79.7714,ECMWF_ERA5_Reanalysis
2019-10-25,30.5,23.6,27.2,38.0,27.8,32.3,2.3,15.0,31.0,175,20.06,1008.2,loc_cuddalore,11.748,79.7714,ECMWF_ERA5_Reanalysis
2019-10-26,28.6,24.9,26.7,34.2,30.1,32.0,4.2,15.0,31.3,167,11.51,1009.2,loc_cuddalore,11.748,79.7714,ECMWF_ERA5_Reanalysis
2019-10-27,29.3,23.8,26.9,34.7,28.9,32.4,2.4,14.0,30.6,41,18.5,1009.4,loc_cuddalore,11.748,79.7714,ECMWF_ERA5_Reanalysis
2019-10-28,28.1,24.6,26.4,32.9,29.4,31.1,8.3,18.4,38.9,40,12.77,1009.7,loc_cuddalore,11.748,79.7714,ECMWF_ERA5_Reanalysis
2019-10-29,26.8,24.6,25.6,31.5,28.2,29.6,39.1,18.4,41.8,71,8.02,1009.5,loc_cuddalore,11.748,79.7714,ECMWF_ERA5_Reanalysis
2019-10-30,26.3,23.9,25.3,30.4,28.4,29.4,24.2,17.8,37.4,138,7.2,1009.9,loc_cuddalore,11.748,79.7714,ECMWF_ERA5_Reanalysis
2019-10-31,27.9,23.5,25.8,32.2,27.2,30.2,26.3,18.3,39.6,179,12.39,1009.9,loc_cuddalore,11.748,79.7714,ECMWF_ERA5_Reanalysis
2019-11-01,29.3,23.3,26.5,35.0,28.2,31.6,1.0,12.6,28.1,102,19.19,1009.7,loc_cuddalore,11.748,79.7714,ECMWF_ERA5_Reanalysis
2019-11-02,29.1,24.0,26.8,36.2,28.9,32.3,1.0,10.5,25.9,51,18.98,1010.0,loc_cuddalore,11.748,79.7714,ECMWF_ERA5_Reanalysis
2019-11-03,29.3,24.4,26.8,35.5,29.8,32.1,2.7,13.5,29.5,51,17.88,1011.3,loc_cuddalore,11.748,79.7714,ECMWF_ERA5_Reanalysis
2019-11-04,30.0,24.0,26.5,35.8,28.6,31.5,1.1,14.5,30.6,31,20.06,1011.4,loc_cuddalore,11.748,79.7714,ECMWF_ERA5_Reanalysis
2019-11-05,30.3,22.9,26.5,36.7,27.0,31.5,0.0,13.6,28.8,43,22.24,1009.5,loc_cuddalore,11.748,79.7714,ECMWF_ERA5_Reanalysis
2019-11-06,30.9,23.3,26.8,37.5,27.7,31.9,0.0,13.3,27.7,63,19.52,1007.8,loc_cuddalore,11.748,79.7714,ECMWF_ERA5_Reanalysis
2019-11-07,30.3,23.8,27.1,36.6,28.0,32.0,0.5,11.1,27.4,166,18.85,1007.7,loc_cuddalore,11.748,79.7714,ECMWF_ERA5_Reanalysis
2019-11-08,30.8,24.0,27.1,38.7,28.2,32.7,1.2,9.5,25.9,196,20.32,1008.4,loc_cuddalore,11.748,79.7714,ECMWF_ERA5_Reanalysis
2019-11-09,30.2,24.3,27.0,38.1,29.2,33.0,3.0,10.1,25.2,180,20.26,1008.9,loc_cuddalore,11.748,79.7714,ECMWF_ERA5_Reanalysis
2019-11-10,30.1,24.7,27.3,38.1,30.1,33.4,2.4,11.2,31.0,153,19.35,1008.9,loc_cuddalore,11.748,79.7714,ECMWF_ERA5_Reanalysis
2019-11-11,29.5,24.2,26.9,35.5,29.5,32.0,0.9,12.4,27.0,56,18.12,1009.2,loc_cuddalore,11.748,79.7714,ECMWF_ERA5_Reanalysis
2019-11-12,29.1,24.0,26.8,33.8,28.8,31.0,0.8,17.2,36.4,46,18.72,1010.2,loc_cuddalore,11.748,79.7714,ECMWF_ERA5_Reanalysis
2019-11-13,28.7,24.4,26.8,32.1,28.2,30.3,2.0,19.1,37.4,37,15.81,1010.9,loc_cuddalore,11.748,79.7714,ECMWF_ERA5_Reanalysis
2019-11-14,28.1,24.8,26.2,33.9,29.2,30.8,10.5,14.8,35.3,51,16.04,1010.7,loc_cuddalore,11.748,79.7714,ECMWF_ERA5_Reanalysis
2019-11-15,28.4,24.4,26.2,33.7,29.3,30.9,5.7,15.1,33.1,47,18.01,1010.6,loc_cuddalore,11.748,79.7714,ECMWF_ERA5_Reanalysis
2019-11-16,28.2,24.6,26.3,33.0,29.2,31.0,9.6,15.2,31.0,37,15.61,1010.7,loc_cuddalore,11.748,79.7714,ECMWF_ERA5_Reanalysis
2019-11-17,28.8,24.5,26.4,35.3,29.3,31.2,5.9,16.9,33.8,27,16.32,1010.7,loc_cuddalore,11.748,79.7714,ECMWF_ERA5_Reanalysis
2019-11-18,28.4,25.1,26.6,34.3,29.8,31.7,3.8,14.5,32.0,51,15.82,1010.7,loc_cuddalore,11.748,79.7714,ECMWF_ERA5_Reanalysis
2019-11-19,29.0,25.5,26.9,34.8,30.0,31.9,3.9,15.9,31.0,49,17.64,1010.4,loc_cuddalore,11.748,79.7714,ECMWF_ERA5_Reanalysis
2019-11-20,28.1,24.8,26.2,34.2,29.2,30.9,9.4,14.5,28.8,47,13.82,1010.0,loc_cuddalore,11.748,79.7714,ECMWF_ERA5_Reanalysis
2019-11-21,27.5,24.6,25.8,31.7,28.7,29.8,8.8,22.4,43.9,45,15.78,1011.0,loc_cuddalore,11.748,79.7714,ECMWF_ERA5_Reanalysis
2019-11-22,27.2,24.5,25.4,31.2,28.0,29.1,13.3,19.6,41.4,43,13.29,1012.1,loc_cuddalore,11.748,79.7714,ECMWF_ERA5_Reanalysis
2019-11-23,27.5,23.8,25.7,30.6,27.4,29.1,4.1,23.4,45.7,34,16.25,1012.1,loc_cuddalore,11.748,79.7714,ECMWF_ERA5_Reanalysis
2019-11-24,28.4,23.5,25.9,31.4,26.6,29.2,4.0,21.0,40.0,34,15.77,1011.2,loc_cuddalore,11.748,79.7714,ECMWF_ERA5_Reanalysis
2019-11-25,27.2,24.0,25.8,31.1,27.4,29.2,5.2,22.0,42.1,38,15.12,1011.0,loc_cuddalore,11.748,79.7714,ECMWF_ERA5_Reanalysis
2019-11-26,28.7,23.2,25.7,31.5,26.5,28.8,4.9,25.7,48.2,39,17.4,1010.0,loc_cuddalore,11.748,79.7714,ECMWF_ERA5_Reanalysis
2019-11-27,28.3,24.5,26.3,32.5,28.3,30.4,7.3,19.4,37.1,54,14.32,1009.8,loc_cuddalore,11.748,79.7714,ECMWF_ERA5_Reanalysis
2019-11-28,27.7,24.6,25.9,31.8,28.1,29.9,11.9,20.2,37.1,49,6.92,1010.5,loc_cuddalore,11.748,79.7714,ECMWF_ERA5_Reanalysis
2019-11-29,27.3,24.6,25.9,31.7,28.1,29.7,12.3,22.0,44.6,42,13.33,1010.5,loc_cuddalore,11.748,79.7714,ECMWF_ERA5_Reanalysis
2019-11-30,26.4,24.9,25.5,30.5,28.3,29.3,27.2,19.0,39.2,70,6.97,1010.4,loc_cuddalore,11.748,79.7714,ECMWF_ERA5_Reanalysis
2019-12-01,27.0,24.9,25.5,32.2,28.1,30.0,25.0,18.5,37.1,108,6.03,1010.7,loc_cuddalore,11.748,79.7714,ECMWF_ERA5_Reanalysis
2019-12-02,29.0,24.6,26.5,32.7,29.0,30.5,8.5,16.9,39.6,62,14.64,1011.1,loc_cuddalore,11.748,79.7714,ECMWF_ERA5_Reanalysis
2019-12-03,28.8,25.3,26.7,31.3,29.3,30.0,6.3,24.8,45.4,50,13.75,1011.0,loc_cuddalore,11.748,79.7714,ECMWF_ERA5_Reanalysis
2019-12-04,27.3,25.0,26.1,30.5,27.6,28.7,4.6,24.5,48.2,43,11.78,1011.9,loc_cuddalore,11.748,79.7714,ECMWF_ERA5_Reanalysis
2019-12-05,27.5,24.4,26.2,28.9,27.0,27.9,1.1,29.6,55.4,35,16.62,1013.2,loc_cuddalore,11.748,79.7714,ECMWF_ERA5_Reanalysis
2019-12-06,27.9,24.3,26.1,29.9,26.5,28.0,0.3,22.2,42.5,26,19.14,1012.9,loc_cuddalore,11.748,79.7714,ECMWF_ERA5_Reanalysis
2019-12-07,26.6,23.1,24.9,30.5,26.1,28.5,9.0,16.0,36.7,30,11.24,1012.2,loc_cuddalore,11.748,79.7714,ECMWF_ERA5_Reanalysis
2019-12-08,28.5,23.2,25.6,31.2,26.7,28.8,2.6,19.9,40.3,42,17.68,1012.7,loc_cuddalore,11.748,79.7714,ECMWF_ERA5_Reanalysis
2019-12-09,28.0,22.8,25.4,31.0,25.8,28.2,0.6,20.3,39.6,32,18.4,1012.6,loc_cuddalore,11.748,79.7714,ECMWF_ERA5_Reanalysis
2019-12-10,27.7,22.3,25.1,30.7,24.9,27.8,1.2,19.2,37.1,34,17.23,1011.6,loc_cuddalore,11.748,79.7714,ECMWF_ERA5_Reanalysis
2019-12-11,28.0,21.6,24.9,31.1,24.6,27.7,0.0,18.8,36.4,27,19.96,1010.6,loc_cuddalore,11.748,79.7714,ECMWF_ERA5_Reanalysis
2019-12-12,27.4,23.0,25.4,31.4,26.3,28.8,1.2,16.6,32.4,41,15.89,1010.7,loc_cuddalore,11.748,79.7714,ECMWF_ERA5_Reanalysis
2019-12-13,26.9,24.2,25.4,30.8,28.2,29.2,19.2,15.5,33.8,59,12.33,1011.5,loc_cuddalore,11.748,79.7714,ECMWF_ERA5_Reanalysis
2019-12-14,27.1,23.7,25.4,30.9,28.0,29.1,12.7,20.2,38.9,49,11.98,1012.9,loc_cuddalore,11.748,79.7714,ECMWF_ERA5_Reanalysis
2019-12-15,28.2,23.4,25.7,31.6,26.8,28.7,1.1,17.1,34.6,39,18.66,1012.2,loc_cuddalore,11.748,79.7714,ECMWF_ERA5_Reanalysis
2019-12-16,26.8,22.9,24.8,31.1,26.4,28.3,4.9,17.6,34.9,38,15.0,1011.8,loc_cuddalore,11.748,79.7714,ECMWF_ERA5_Reanalysis
2019-12-17,28.0,23.8,25.6,28.8,27.0,27.8,5.9,27.0,50.8,31,16.57,1012.5,loc_cuddalore,11.748,79.7714,ECMWF_ERA5_Reanalysis
2019-12-18,27.8,23.2,25.4,30.0,26.2,28.0,3.8,24.6,46.1,34,15.23,1012.7,loc_cuddalore,11.748,79.7714,ECMWF_ERA5_Reanalysis
2019-12-19,27.8,24.1,25.8,30.0,27.0,28.4,3.1,25.4,47.5,41,15.9,1012.1,loc_cuddalore,11.748,79.7714,ECMWF_ERA5_Reanalysis
2019-12-20,28.1,23.4,25.6,30.6,26.5,28.2,1.7,23.8,45.4,36,17.89,1011.4,loc_cuddalore,11.748,79.7714,ECMWF_ERA5_Reanalysis
2019-12-21,27.7,23.2,25.5,30.8,26.8,28.4,0.8,20.1,38.2,50,16.76,1011.8,loc_cuddalore,11.748,79.7714,ECMWF_ERA5_Reanalysis
2019-12-22,27.7,23.5,25.3,30.1,26.5,27.8,0.1,20.9,39.2,34,19.11,1011.8,loc_cuddalore,11.748,79.7714,ECMWF_ERA5_Reanalysis
2019-12-23,27.5,22.3,25.1,29.8,24.1,27.4,0.0,22.4,43.2,25,15.54,1012.0,loc_cuddalore,11.748,79.7714,ECMWF_ERA5_Reanalysis
2019-12-24,26.7,23.7,25.0,31.9,27.4,28.9,12.9,16.9,29.9,21,11.08,1012.4,loc_cuddalore,11.748,79.7714,ECMWF_ERA5_Reanalysis
2019-12-25,27.9,24.0,25.4,31.1,26.8,28.5,21.4,18.3,37.1,38,11.47,1012.4,loc_cuddalore,11.748,79.7714,ECMWF_ERA5_Reanalysis
2019-12-26,27.6,21.9,25.0,31.1,24.9,28.2,0.3,14.4,29.5,46,16.84,1012.0,loc_cuddalore,11.748,79.7714,ECMWF_ERA5_Reanalysis
2019-12-27,27.6,23.1,25.3,30.9,26.5,28.3,0.0,13.7,27.7,56,16.57,1011.1,loc_cuddalore,11.748,79.7714,ECMWF_ERA5_Reanalysis
2019-12-28,27.8,22.2,25.1,31.2,25.2,28.3,0.3,15.8,32.8,48,17.05,1011.3,loc_cuddalore,11.748,79.7714,ECMWF_ERA5_Reanalysis
2019-12-29,27.6,23.0,25.1,30.5,26.5,28.1,1.2,19.2,37.1,35,16.95,1011.9,loc_cuddalore,11.748,79.7714,ECMWF_ERA5_Reanalysis
2019-12-30,26.3,22.8,24.4,29.2,26.2,27.7,4.2,16.6,34.2,44,13.28,1012.4,loc_cuddalore,11.748,79.7714,ECMWF_ERA5_Reanalysis
2019-12-31,27.3,23.1,25.0,31.1,27.0,28.8,2.9,14.8,29.2,52,15.8,1012.8,loc_cuddalore,11.748,79.7714,ECMWF_ERA5_Reanalysis
2020-01-01,26.9,23.5,25.1,32.2,28.0,29.8,5.3,11.6,28.8,64,14.94,1013.1,loc_cuddalore,11.748,79.7714,ECMWF_ERA5_Reanalysis
2020-01-02,28.4,23.9,25.9,33.3,28.7,30.7,2.3,14.5,30.6,64,16.92,1014.0,loc_cuddalore,11.748,79.7714,ECMWF_ERA5_Reanalysis
2020-01-03,28.3,24.2,26.0,33.9,28.9,31.1,2.0,12.4,27.0,70,17.68,1012.7,loc_cuddalore,11.748,79.7714,ECMWF_ERA5_Reanalysis
2020-01-04,28.1,23.8,26.0,34.5,28.8,31.3,0.6,9.8,22.0,97,16.29,1011.1,loc_cuddalore,11.748,79.7714,ECMWF_ERA5_Reanalysis
2020-01-05,28.0,24.6,26.4,33.5,29.6,31.0,0.7,12.9,23.8,94,13.69,1011.1,loc_cuddalore,11.748,79.7714,ECMWF_ERA5_Reanalysis
2020-01-06,27.6,24.9,26.1,31.7,28.4,29.7,2.8,18.4,34.6,60,15.43,1013.0,loc_cuddalore,11.748,79.7714,ECMWF_ERA5_Reanalysis
2020-01-07,28.1,24.8,26.1,31.1,28.2,29.3,1.7,22.3,43.6,62,16.62,1012.8,loc_cuddalore,11.748,79.7714,ECMWF_ERA5_Reanalysis
2020-01-08,27.5,23.0,25.2,30.6,26.5,28.1,1.2,18.5,37.1,47,17.36,1012.4,loc_cuddalore,11.748,79.7714,ECMWF_ERA5_Reanalysis
2020-01-09,27.6,20.8,24.2,32.1,23.4,27.4,0.0,10.5,21.2,41,20.01,1012.2,loc_cuddalore,11.748,79.7714,ECMWF_ERA5_Reanalysis
2020-01-10,27.8,20.8,24.5,30.5,23.2,27.1,0.0,15.5,32.4,37,18.62,1012.5,loc_cuddalore,11.748,79.7714,ECMWF_ERA5_Reanalysis
2020-01-11,27.9,21.8,24.6,30.9,23.7,26.7,0.2,17.3,34.2,19,19.02,1013.3,loc_cuddalore,11.748,79.7714,ECMWF_ERA5_Reanalysis
2020-01-12,27.6,21.8,24.7,29.8,23.9,27.4,7.8,18.5,36.0,33,14.61,1012.2,loc_cuddalore,11.748,79.7714,ECMWF_ERA5_Reanalysis
2020-01-13,27.2,20.8,24.2,30.2,23.9,27.0,1.2,15.8,32.4,47,17.01,1011.3,loc_cuddalore,11.748,79.7714,ECMWF_ERA5_Reanalysis
2020-01-14,26.9,20.2,23.8,30.1,22.5,26.0,0.0,14.0,28.8,51,20.92,1011.4,loc_cuddalore,11.748,79.7714,ECMWF_ERA5_Reanalysis
2020-01-15,27.4,20.8,24.1,29.1,22.0,25.6,0.0,15.0,30.2,48,16.39,1011.7,loc_cuddalore,11.748,79.7714,ECMWF_ERA5_Reanalysis
2020-01-16,27.9,21.0,24.5,31.7,22.5,27.1,0.0,12.9,27.7,52,19.64,1011.8,loc_cuddalore,11.748,79.7714,ECMWF_ERA5_Reanalysis
2020-01-17,27.9,21.4,25.2,31.5,24.6,28.5,1.7,17.0,34.6,62,17.14,1011.7,loc_cuddalore,11.748,79.7714,ECMWF_ERA5_Reanalysis
2020-01-18,27.4,24.1,25.7,31.9,27.9,29.4,3.8,17.3,33.1,72,14.08,1011.7,loc_cuddalore,11.748,79.7714,ECMWF_ERA5_Reanalysis
2020-01-19,28.4,23.7,26.0,32.0,27.8,29.4,0.3,18.4,38.2,56,19.04,1012.2,loc_cuddalore,11.748,79.7714,ECMWF_ERA5_Reanalysis
2020-01-20,28.6,23.1,25.8,33.4,26.7,29.2,0.0,16.1,31.0,51,19.56,1013.0,loc_cuddalore,11.748,79.7714,ECMWF_ERA5_Reanalysis
2020-01-21,27.9,22.6,25.7,30.1,25.9,28.1,0.0,18.1,36.7,43,16.8,1014.3,loc_cuddalore,11.748,79.7714,ECMWF_ERA5_Reanalysis
2020-01-22,28.3,22.5,25.7,30.6,24.4,27.8,0.2,24.5,47.2,31,18.64,1014.5,loc_cuddalore,11.748,79.7714,ECMWF_ERA5_Reanalysis
2020-01-23,28.4,23.8,25.9,31.9,27.0,28.7,0.4,22.5,44.3,38,19.33,1013.5,loc_cuddalore,11.748,79.7714,ECMWF_ERA5_Reanalysis
2020-01-24,28.2,21.8,24.9,31.9,24.2,27.9,0.0,16.4,34.6,31,21.67,1013.1,loc_cuddalore,11.748,79.7714,ECMWF_ERA5_Reanalysis
2020-01-25,27.8,20.1,24.0,32.2,22.4,27.3,0.0,12.0,27.4,39,21.58,1013.1,loc_cuddalore,11.748,79.7714,ECMWF_ERA5_Reanalysis
2020-01-26,28.0,20.0,23.7,32.2,22.2,26.8,0.0,10.5,24.8,65,21.31,1012.1,loc_cuddalore,11.748,79.7714,ECMWF_ERA5_Reanalysis
2020-01-27,28.1,19.9,24.3,32.3,22.4,27.4,0.0,12.2,28.4,153,21.52,1011.9,loc_cuddalore,11.748,79.7714,ECMWF_ERA5_Reanalysis
2020-01-28,28.7,20.4,25.2,33.6,23.2,28.6,0.0,16.1,31.7,138,21.55,1012.0,loc_cuddalore,11.748,79.7714,ECMWF_ERA5_Reanalysis
2020-01-29,28.8,22.0,25.4,33.3,25.5,29.0,0.0,13.9,29.9,134,19.55,1012.7,loc_cuddalore,11.748,79.7714,ECMWF_ERA5_Reanalysis
2020-01-30,29.1,21.9,25.3,34.1,25.3,29.0,0.0,13.8,28.4,132,21.07,1011.8,loc_cuddalore,11.748,79.7714,ECMWF_ERA5_Reanalysis
2020-01-31,28.9,21.4,25.3,33.7,24.8,28.9,0.0,12.7,27.7,111,21.07,1011.0,loc_cuddalore,11.748,79.7714,ECMWF_ERA5_Reanalysis
2020-02-01,29.4,23.4,26.4,32.9,27.6,29.7,0.3,14.6,31.3,115,20.65,1011.6,loc_cuddalore,11.748,79.7714,ECMWF_ERA5_Reanalysis
2020-02-02,29.1,24.1,26.3,32.4,27.4,29.2,0.6,16.8,34.9,92,19.96,1013.6,loc_cuddalore,11.748,79.7714,ECMWF_ERA5_Reanalysis
2020-02-03,28.7,23.1,25.9,32.1,26.8,28.9,0.3,16.8,35.3,62,19.92,1013.8,loc_cuddalore,11.748,79.7714,ECMWF_ERA5_Reanalysis
2020-02-04,28.3,22.5,25.6,32.1,26.1,29.2,2.7,15.5,33.8,75,18.45,1012.4,loc_cuddalore,11.748,79.7714,ECMWF_ERA5_Reanalysis
2020-02-05,28.6,24.2,26.1,31.9,27.3,28.9,0.6,15.1,32.4,88,20.22,1012.3,loc_cuddalore,11.748,79.7714,ECMWF_ERA5_Reanalysis
2020-02-06,28.9,21.5,25.5,33.6,24.5,28.5,0.0,15.5,28.8,104,21.42,1012.5,loc_cuddalore,11.748,79.7714,ECMWF_ERA5_Reanalysis
2020-02-07,29.2,24.5,26.5,32.5,26.8,28.5,0.0,17.6,32.4,117,19.79,1012.9,loc_cuddalore,11.748,79.7714,ECMWF_ERA5_Reanalysis
2020-02-08,28.9,22.2,26.1,32.0,25.5,28.7,0.1,17.9,33.1,129,20.53,1013.1,loc_cuddalore,11.748,79.7714,ECMWF_ERA5_Reanalysis
2020-02-09,29.4,24.9,26.9,32.3,27.4,29.1,0.1,17.5,32.8,91,19.47,1013.2,loc_cuddalore,11.748,79.7714,ECMWF_ERA5_Reanalysis
2020-02-10,29.0,25.2,26.9,30.6,26.9,28.3,0.0,19.3,39.2,64,21.25,1013.1,loc_cuddalore,11.748,79.7714,ECMWF_ERA5_Reanalysis
2020-02-11,28.8,24.6,26.5,31.5,27.3,29.0,2.0,19.9,40.7,63,19.79,1013.3,loc_cuddalore,11.748,79.7714,ECMWF_ERA5_Reanalysis
2020-02-12,29.0,24.3,26.4,31.6,27.6,29.1,3.6,23.6,46.4,50,20.33,1014.4,loc_cuddalore,11.748,79.7714,ECMWF_ERA5_Reanalysis
2020-02-13,29.5,22.8,26.0,33.0,25.9,29.0,0.0,19.0,38.5,46,23.13,1013.8,loc_cuddalore,11.748,79.7714,ECMWF_ERA5_Reanalysis
2020-02-14,29.4,21.8,25.5,34.2,25.4,28.6,0.0,16.3,35.3,78,22.77,1011.9,loc_cuddalore,11.748,79.7714,ECMWF_ERA5_Reanalysis
2020-02-15,29.3,20.2,25.0,33.5,22.7,27.7,0.0,13.6,31.3,66,23.81,1011.7,loc_cuddalore,11.748,79.7714,ECMWF_ERA5_Reanalysis
2020-02-16,28.7,20.1,24.8,32.1,21.8,27.5,0.0,12.7,28.8,74,23.1,1013.2,loc_cuddalore,11.748,79.7714,ECMWF_ERA5_Reanalysis
2020-02-17,29.1,22.3,25.4,31.2,25.5,27.8,0.0,16.2,35.3,57,22.62,1013.9,loc_cuddalore,11.748,79.7714,ECMWF_ERA5_Reanalysis
2020-02-18,28.6,21.1,25.0,31.7,23.5,27.3,0.0,13.0,29.9,77,22.51,1013.7,loc_cuddalore,11.748,79.7714,ECMWF_ERA5_Reanalysis
2020-02-19,28.7,21.7,25.1,31.2,23.7,27.1,0.0,15.4,33.8,65,22.29,1013.3,loc_cuddalore,11.748,79.7714,ECMWF_ERA5_Reanalysis
2020-02-20,29.3,21.8,25.6,31.9,24.8,27.9,0.0,16.0,34.9,62,21.56,1012.9,loc_cuddalore,11.748,79.7714,ECMWF_ERA5_Reanalysis
2020-02-21,29.6,22.4,26.1,32.5,24.4,28.4,0.1,22.3,44.3,41,20.42,1013.9,loc_cuddalore,11.748,79.7714,ECMWF_ERA5_Reanalysis
2020-02-22,29.4,24.8,26.9,32.2,27.9,29.5,1.6,23.3,46.8,57,20.34,1014.7,loc_cuddalore,11.748,79.7714,ECMWF_ERA5_Reanalysis
2020-02-23,29.2,24.1,26.6,32.2,27.9,29.8,1.1,21.1,42.8,58,20.85,1014.1,loc_cuddalore,11.748,79.7714,ECMWF_ERA5_Reanalysis
2020-02-24,29.9,23.7,26.6,34.2,27.7,30.4,0.2,15.1,33.8,71,22.58,1011.7,loc_cuddalore,11.748,79.7714,ECMWF_ERA5_Reanalysis
2020-02-25,30.0,23.8,26.7,35.4,28.0,31.0,0.8,15.0,33.5,100,22.47,1010.5,loc_cuddalore,11.748,79.7714,ECMWF_ERA5_Reanalysis
2020-02-26,29.7,24.0,26.9,33.7,28.4,30.8,0.2,17.7,37.8,100,22.27,1010.7,loc_cuddalore,11.748,79.7714,ECMWF_ERA5_Reanalysis
2020-02-27,30.0,23.3,26.9,34.0,26.7,30.3,0.0,17.7,37.4,75,21.65,1011.1,loc_cuddalore,11.748,79.7714,ECMWF_ERA5_Reanalysis
2020-02-28,29.7,24.5,26.9,34.0,28.5,30.3,0.6,18.0,36.4,87,21.65,1010.4,loc_cuddalore,11.748,79.7714,ECMWF_ERA5_Reanalysis
2020-02-29,29.4,24.2,26.9,33.3,28.0,30.0,0.4,16.4,36.4,97,21.51,1010.4,loc_cuddalore,11.748,79.7714,ECMWF_ERA5_Reanalysis
2020-03-01,29.4,24.1,26.7,33.4,27.9,29.9,0.0,15.7,35.3,104,21.84,1010.6,loc_cuddalore,11.748,79.7714,ECMWF_ERA5_Reanalysis
2020-03-02,28.8,22.9,26.1,32.3,26.2,29.2,0.4,16.9,31.0,87,18.41,1011.0,loc_cuddalore,11.748,79.7714,ECMWF_ERA5_Reanalysis
2020-03-03,30.5,23.7,26.9,36.0,27.2,30.5,0.0,17.0,34.9,102,22.47,1010.4,loc_cuddalore,11.748,79.7714,ECMWF_ERA5_Reanalysis
2020-03-04,30.2,22.9,26.6,35.9,26.9,30.5,0.0,17.4,36.0,129,22.99,1009.9,loc_cuddalore,11.748,79.7714,ECMWF_ERA5_Reanalysis
2020-03-05,30.1,23.7,27.0,33.8,28.5,30.5,0.0,21.2,43.2,146,21.89,1009.4,loc_cuddalore,11.748,79.7714,ECMWF_ERA5_Reanalysis
2020-03-06,29.8,24.8,27.4,33.4,29.3,31.1,0.8,20.4,40.7,146,17.98,1009.8,loc_cuddalore,11.748,79.7714,ECMWF_ERA5_Reanalysis
2020-03-07,29.6,25.9,27.6,32.9,29.6,30.8,1.1,23.5,46.8,143,19.22,1011.1,loc_cuddalore,11.748,79.7714,ECMWF_ERA5_Reanalysis
2020-03-08,29.5,25.5,27.2,33.2,29.6,31.0,1.1,18.7,39.6,116,20.9,1010.8,loc_cuddalore,11.748,79.7714,ECMWF_ERA5_Reanalysis
2020-03-09,30.3,23.9,26.9,35.1,28.1,30.5,0.0,15.9,35.6,117,21.93,1009.8,loc_cuddalore,11.748,79.7714,ECMWF_ERA5_Reanalysis
2020-03-10,30.2,24.9,27.2,34.9,28.5,31.1,0.2,16.0,35.6,115,22.02,1010.1,loc_cuddalore,11.748,79.7714,ECMWF_ERA5_Reanalysis
2020-03-11,30.4,22.8,26.7,34.8,26.2,30.0,0.0,17.0,35.6,133,22.19,1010.6,loc_cuddalore,11.748,79.7714,ECMWF_ERA5_Reanalysis
2020-03-12,30.8,23.2,26.9,34.9,26.9,30.4,0.0,16.3,37.1,132,23.37,1011.6,loc_cuddalore,11.748,79.7714,ECMWF_ERA5_Reanalysis
2020-03-13,30.7,23.0,27.2,34.4,27.5,31.0,0.0,15.3,34.2,98,23.12,1011.7,loc_cuddalore,11.748,79.7714,ECMWF_ERA5_Reanalysis
2020-03-14,30.8,24.0,27.3,34.9,28.0,31.1,0.0,16.6,37.1,85,22.89,1010.5,loc_cuddalore,11.748,79.7714,ECMWF_ERA5_Reanalysis
2020-03-15,30.8,24.6,27.6,34.4,29.3,31.2,0.1,17.3,38.2,84,23.19,1010.3,loc_cuddalore,11.748,79.7714,ECMWF_ERA5_Reanalysis
2020-03-16,31.0,25.1,28.0,35.7,29.9,32.0,0.3,18.4,37.8,71,22.37,1011.3,loc_cuddalore,11.748,79.7714,ECMWF_ERA5_Reanalysis
2020-03-17,31.2,25.0,27.9,36.1,30.0,32.1,0.0,15.7,34.9,93,23.85,1012.8,loc_cuddalore,11.748,79.7714,ECMWF_ERA5_Reanalysis
2020-03-18,31.3,23.5,27.5,36.2,27.8,32.0,0.0,13.9,33.1,96,23.84,1011.9,loc_cuddalore,11.748,79.7714,ECMWF_ERA5_Reanalysis
2020-03-19,31.7,24.2,27.6,36.9,29.0,32.2,0.0,17.0,35.3,128,24.72,1010.9,loc_cuddalore,11.748,79.7714,ECMWF_ERA5_Reanalysis
2020-03-20,31.5,22.9,27.4,36.6,26.8,31.6,0.0,20.2,40.7,134,23.88,1010.6,loc_cuddalore,11.748,79.7714,ECMWF_ERA5_Reanalysis
2020-03-21,31.2,24.3,27.9,35.9,28.7,31.7,0.0,22.8,45.0,150,23.83,1010.5,loc_cuddalore,11.748,79.7714,ECMWF_ERA5_Reanalysis
2020-03-22,31.7,25.2,28.2,36.8,30.1,32.3,0.0,17.8,37.8,135,24.33,1010.3,loc_cuddalore,11.748,79.7714,ECMWF_ERA5_Reanalysis
2020-03-23,31.0,24.2,27.7,35.7,29.0,31.7,0.0,17.9,38.2,128,23.45,1010.2,loc_cuddalore,11.748,79.7714,ECMWF_ERA5_Reanalysis
2020-03-24,30.8,23.9,27.5,35.1,28.1,31.3,0.0,16.5,36.0,109,23.5,1009.0,loc_cuddalore,11.748,79.7714,ECMWF_ERA5_Reanalysis
2020-03-25,31.4,24.2,27.9,35.8,28.1,32.0,0.0,14.6,34.6,112,24.07,1009.0,loc_cuddalore,11.748,79.7714,ECMWF_ERA5_Reanalysis
2020-03-26,31.4,24.5,28.2,36.2,28.4,32.1,0.0,17.4,37.8,98,23.83,1009.5,loc_cuddalore,11.748,79.7714,ECMWF_ERA5_Reanalysis
2020-03-27,31.8,24.3,27.9,35.8,28.9,31.7,0.0,15.7,36.0,96,24.34,1011.2,loc_cuddalore,11.748,79.7714,ECMWF_ERA5_Reanalysis
2020-03-28,31.4,23.0,27.4,36.3,27.6,31.4,0.0,16.1,36.0,109,25.54,1010.1,loc_cuddalore,11.748,79.7714,ECMWF_ERA5_Reanalysis
2020-03-29,31.5,22.4,27.1,36.1,26.4,31.2,0.0,15.7,35.3,131,25.96,1009.3,loc_cuddalore,11.748,79.7714,ECMWF_ERA5_Reanalysis
2020-03-30,31.0,21.7,26.5,35.4,25.3,30.4,0.0,14.3,34.6,112,24.71,1009.9,loc_cuddalore,11.748,79.7714,ECMWF_ERA5_Reanalysis
2020-03-31,31.5,21.0,27.0,36.3,24.1,31.1,0.0,14.4,34.2,90,23.98,1010.5,loc_cuddalore,11.748,79.7714,ECMWF_ERA5_Reanalysis
2020-04-01,32.0,24.0,28.1,37.3,27.9,32.8,0.0,12.9,32.0,115,25.41,1009.9,loc_cuddalore,11.748,79.7714,ECMWF_ERA5_Reanalysis
2020-04-02,32.5,24.2,28.3,37.5,29.2,33.1,0.0,17.9,38.9,143,25.32,1008.8,loc_cuddalore,11.748,79.7714,ECMWF_ERA5_Reanalysis
2020-04-03,32.5,26.1,28.8,37.4,30.9,32.8,0.0,21.8,43.2,136,25.57,1009.4,loc_cuddalore,11.748,79.7714,ECMWF_ERA5_Reanalysis
2020-04-04,32.6,24.0,28.6,37.9,29.1,33.1,0.2,17.6,35.3,115,23.52,1010.2,loc_cuddalore,11.748,79.7714,ECMWF_ERA5_Reanalysis
2020-04-05,31.9,26.9,29.2,37.7,32.3,34.2,0.7,19.6,40.7,140,22.95,1010.8,loc_cuddalore,11.748,79.7714,ECMWF_ERA5_Reanalysis
2020-04-06,32.3,26.3,29.2,38.1,32.4,34.4,1.2,19.7,40.3,146,22.95,1010.4,loc_cuddalore,11.748,79.7714,ECMWF_ERA5_Reanalysis
2020-04-07,32.7,26.4,29.4,37.9,32.3,34.1,0.2,21.6,44.3,155,23.55,1009.2,loc_cuddalore,11.748,79.7714,ECMWF_ERA5_Reanalysis
2020-04-08,32.3,26.7,29.4,37.4,32.4,34.3,1.0,23.0,46.8,158,22.41,1009.5,loc_cuddalore,11.748,79.7714,ECMWF_ERA5_Reanalysis
2020-04-09,32.6,25.2,29.1,38.5,30.0,34.0,3.3,21.5,45.0,141,23.14,1009.7,loc_cuddalore,11.748,79.7714,ECMWF_ERA5_Reanalysis
2020-04-10,32.3,25.5,28.8,37.2,31.3,33.4,0.0,19.0,38.9,129,21.45,1010.5,loc_cuddalore,11.748,79.7714,ECMWF_ERA5_Reanalysis
2020-04-11,32.2,26.1,28.8,36.9,31.2,33.3,0.1,16.9,37.1,110,23.75,1011.6,loc_cuddalore,11.748,79.7714,ECMWF_ERA5_Reanalysis
2020-04-12,32.2,25.0,28.4,37.9,29.5,33.3,0.0,16.0,35.6,108,23.81,1010.7,loc_cuddalore,11.748,79.7714,ECMWF_ERA5_Reanalysis
2020-04-13,32.5,23.5,27.9,37.5,28.3,32.5,0.0,15.5,34.6,129,24.06,1009.2,loc_cuddalore,11.748,79.7714,ECMWF_ERA5_Reanalysis
2020-04-14,32.0,23.8,28.1,37.7,28.4,32.8,0.2,15.4,34.6,118,23.51,1009.4,loc_cuddalore,11.748,79.7714,ECMWF_ERA5_Reanalysis
2020-04-15,31.6,25.4,28.5,37.2,30.4,33.5,0.4,15.5,35.6,123,23.47,1010.5,loc_cuddalore,11.748,79.7714,ECMWF_ERA5_Reanalysis
2020-04-16,32.2,25.1,28.7,37.9,30.7,33.7,0.5,18.1,37.1,143,24.13,1009.3,loc_cuddalore,11.748,79.7714,ECMWF_ERA5_Reanalysis
2020-04-17,32.7,26.4,29.4,37.8,32.3,34.2,0.0,21.7,43.9,149,24.82,1008.6,loc_cuddalore,11.748,79.7714,ECMWF_ERA5_Reanalysis
2020-04-18,32.3,26.6,29.4,37.6,32.3,34.1,0.8,20.9,41.4,146,23.07,1008.9,loc_cuddalore,11.748,79.7714,ECMWF_ERA5_Reanalysis
2020-04-19,32.5,27.4,29.7,38.1,33.0,34.7,0.1,19.2,39.2,136,23.87,1008.8,loc_cuddalore,11.748,79.7714,ECMWF_ERA5_Reanalysis
2020-04-20,32.8,26.7,29.5,38.5,32.5,34.7,0.3,18.1,39.2,121,24.95,1008.8,loc_cuddalore,11.748,79.7714,ECMWF_ERA5_Reanalysis
2020-04-21,33.0,25.4,29.2,38.6,30.7,34.1,0.1,16.7,37.1,132,24.59,1008.8,loc_cuddalore,11.748,79.7714,ECMWF_ERA5_Reanalysis
2020-04-22,32.9,25.9,29.5,37.6,31.9,34.2,0.2,25.1,49.3,154,23.42,1008.4,loc_cuddalore,11.748,79.7714,ECMWF_ERA5_Reanalysis
2020-04-23,33.0,26.0,29.6,38.8,32.3,34.7,0.0,23.4,47.2,150,24.4,1008.0,loc_cuddalore,11.748,79.7714,ECMWF_ERA5_Reanalysis
2020-04-24,33.0,26.5,30.0,39.0,32.2,34.6,1.6,24.2,48.2,163,22.85,1007.6,loc_cuddalore,11.748,79.7714,ECMWF_ERA5_Reanalysis
2020-04-25,34.6,26.9,30.4,40.8,32.6,35.5,0.0,27.2,53.6,154,24.76,1007.0,loc_cuddalore,11.748,79.7714,ECMWF_ERA5_Reanalysis
2020-04-26,32.9,26.0,29.9,38.8,31.0,34.9,5.0,21.8,45.0,153,22.06,1008.4,loc_cuddalore,11.748,79.7714,ECMWF_ERA5_Reanalysis
2020-04-27,33.2,27.9,30.3,39.0,33.5,35.5,0.3,23.7,47.9,143,21.47,1008.9,loc_cuddalore,11.748,79.7714,ECMWF_ERA5_Reanalysis
2020-04-28,32.6,27.5,30.0,38.6,33.0,35.2,0.2,16.2,35.6,146,20.62,1008.6,loc_cuddalore,11.748,79.7714,ECMWF_ERA5_Reanalysis
2020-04-29,34.5,26.2,29.9,41.9,31.5,35.6,0.5,18.2,47.9,137,21.19,1008.3,loc_cuddalore,11.748,79.7714,ECMWF_ERA5_Reanalysis
2020-04-30,33.3,27.7,30.0,38.8,34.0,35.3,0.1,20.6,43.2,146,20.65,1008.7,loc_cuddalore,11.748,79.7714,ECMWF_ERA5_Reanalysis
2020-05-01,34.8,26.5,30.4,40.3,32.8,35.8,0.0,20.6,43.6,151,24.27,1008.0,loc_cuddalore,11.748,79.7714,ECMWF_ERA5_Reanalysis
2020-05-02,34.4,27.2,30.6,40.0,33.5,36.2,0.0,19.4,41.4,146,24.58,1006.7,loc_cuddalore,11.748,79.7714,ECMWF_ERA5_Reanalysis
2020-05-03,34.1,27.2,30.4,38.9,33.4,35.6,0.0,20.1,42.8,148,24.85,1006.8,loc_cuddalore,11.748,79.7714,ECMWF_ERA5_Reanalysis
2020-05-04,33.7,26.2,29.8,38.8,32.2,34.9,0.0,18.4,39.2,141,25.22,1007.9,loc_cuddalore,11.748,79.7714,ECMWF_ERA5_Reanalysis
2020-05-05,34.0,26.0,29.9,38.7,31.6,34.8,0.0,19.5,39.6,144,24.76,1007.6,loc_cuddalore,11.748,79.7714,ECMWF_ERA5_Reanalysis
2020-05-06,34.2,25.8,30.1,39.6,31.7,35.2,0.0,20.8,43.9,150,23.86,1007.2,loc_cuddalore,11.748,79.7714,ECMWF_ERA5_Reanalysis
2020-05-07,34.2,26.6,30.4,39.8,33.0,35.7,0.0,23.2,47.5,153,24.31,1007.3,loc_cuddalore,11.748,79.7714,ECMWF_ERA5_Reanalysis
2020-05-08,34.3,27.6,30.7,39.7,33.0,35.5,0.0,22.4,44.3,158,24.11,1007.4,loc_cuddalore,11.748,79.7714,ECMWF_ERA5_Reanalysis
2020-05-09,34.3,27.5,30.6,39.9,33.4,36.0,0.1,20.6,41.4,143,24.59,1007.4,loc_cuddalore,11.748,79.7714,ECMWF_ERA5_Reanalysis
2020-05-10,33.8,26.7,30.2,40.1,33.0,35.9,0.0,16.9,37.4,120,24.51,1007.2,loc_cuddalore,11.748,79.7714,ECMWF_ERA5_Reanalysis
2020-05-11,33.3,27.4,30.1,39.6,34.2,36.0,0.2,17.1,36.7,123,23.07,1007.7,loc_cuddalore,11.748,79.7714,ECMWF_ERA5_Reanalysis
2020-05-12,31.2,27.0,29.0,36.7,33.8,34.9,4.7,16.1,33.8,99,16.15,1007.4,loc_cuddalore,11.748,79.7714,ECMWF_ERA5_Reanalysis
2020-05-13,32.7,26.6,29.7,38.9,32.5,35.7,0.2,16.6,35.3,124,22.32,1006.4,loc_cuddalore,11.748,79.7714,ECMWF_ERA5_Reanalysis
2020-05-14,33.1,26.4,29.8,39.3,32.5,35.7,0.6,16.3,35.6,98,22.52,1005.6,loc_cuddalore,11.748,79.7714,ECMWF_ERA5_Reanalysis
2020-05-15,33.4,26.2,30.1,39.8,32.3,35.8,0.8,16.0,36.0,51,21.36,1004.2,loc_cuddalore,11.748,79.7714,ECMWF_ERA5_Reanalysis
2020-05-16,36.9,27.0,30.9,40.9,32.9,36.2,0.0,25.8,51.8,35,22.0,1003.4,loc_cuddalore,11.748,79.7714,ECMWF_ERA5_Reanalysis
2020-05-17,37.1,27.4,31.1,40.9,33.3,36.3,2.0,18.2,37.4,26,16.47,1002.0,loc_cuddalore,11.748,79.7714,ECMWF_ERA5_Reanalysis
2020-05-18,37.6,26.1,31.2,41.2,31.8,35.7,1.5,20.6,41.8,280,17.11,1000.2,loc_cuddalore,11.748,79.7714,ECMWF_ERA5_Reanalysis
2020-05-19,40.2,28.4,33.9,42.4,31.8,36.4,0.0,22.5,45.0,278,20.53,999.0,loc_cuddalore,11.748,79.7714,ECMWF_ERA5_Reanalysis
2020-05-20,39.6,28.9,33.1,43.8,32.7,37.1,0.0,21.1,46.8,214,22.24,1000.5,loc_cuddalore,11.748,79.7714,ECMWF_ERA5_Reanalysis
2020-05-21,38.3,29.1,33.0,42.8,31.5,36.7,0.0,20.2,40.3,191,22.64,1002.6,loc_cuddalore,11.748,79.7714,ECMWF_ERA5_Reanalysis
2020-05-22,36.0,28.8,32.1,42.0,32.1,36.3,0.0,23.5,44.3,172,23.9,1003.5,loc_cuddalore,11.748,79.7714,ECMWF_ERA5_Reanalysis
2020-05-23,34.3,28.2,31.1,41.9,33.9,36.8,0.0,20.2,40.3,159,25.09,1004.1,loc_cuddalore,11.748,79.7714,ECMWF_ERA5_Reanalysis
2020-05-24,34.1,27.8,30.6,41.7,34.2,36.8,0.0,19.5,40.7,144,24.34,1005.1,loc_cuddalore,11.748,79.7714,ECMWF_ERA5_Reanalysis
2020-05-25,33.7,27.9,30.5,41.0,34.5,36.7,0.1,19.7,39.6,142,24.99,1006.4,loc_cuddalore,11.748,79.7714,ECMWF_ERA5_Reanalysis
2020-05-26,33.7,28.2,30.7,40.8,34.8,36.6,0.0,22.2,44.3,155,23.23,1006.2,loc_cuddalore,11.748,79.7714,ECMWF_ERA5_Reanalysis
2020-05-27,34.3,28.6,31.1,41.3,34.4,36.7,0.0,23.7,47.5,161,21.53,1005.4,loc_cuddalore,11.748,79.7714,ECMWF_ERA5_Reanalysis
2020-05-28,36.2,29.0,31.9,42.0,33.7,36.8,0.0,27.9,51.1,179,19.78,1004.3,loc_cuddalore,11.748,79.7714,ECMWF_ERA5_Reanalysis
2020-05-29,36.0,28.0,31.6,42.6,32.5,35.9,0.1,31.1,58.0,173,24.02,1004.5,loc_cuddalore,11.748,79.7714,ECMWF_ERA5_Reanalysis
2020-05-30,34.7,28.9,31.4,40.8,33.2,35.9,1.1,23.4,46.4,167,22.84,1005.4,loc_cuddalore,11.748,79.7714,ECMWF_ERA5_Reanalysis
2020-05-31,34.4,28.4,31.1,39.1,32.7,35.3,0.0,26.4,51.1,170,23.06,1006.4,loc_cuddalore,11.748,79.7714,ECMWF_ERA5_Reanalysis
2020-06-01,34.2,28.8,31.4,39.6,33.0,35.9,0.0,24.2,47.2,182,21.43,1007.1,loc_cuddalore,11.748,79.7714,ECMWF_ERA5_Reanalysis
2020-06-02,34.6,28.4,31.3,39.8,33.1,35.5,0.4,22.2,47.2,188,22.54,1006.5,loc_cuddalore,11.748,79.7714,ECMWF_ERA5_Reanalysis
2020-06-03,34.3,27.7,31.0,38.7,30.6,34.5,0.0,25.1,49.0,177,23.43,1005.9,loc_cuddalore,11.748,79.7714,ECMWF_ERA5_Reanalysis
2020-06-04,36.7,28.0,31.7,41.3,32.5,35.8,0.2,26.7,50.8,186,23.68,1005.7,loc_cuddalore,11.748,79.7714,ECMWF_ERA5_Reanalysis
2020-06-05,36.4,28.9,31.6,41.2,33.4,35.8,1.5,23.2,48.2,202,22.14,1005.8,loc_cuddalore,11.748,79.7714,ECMWF_ERA5_Reanalysis
2020-06-06,36.1,27.9,31.0,41.5,31.6,35.0,2.1,22.1,54.4,201,21.88,1005.3,loc_cuddalore,11.748,79.7714,ECMWF_ERA5_Reanalysis
2020-06-07,35.4,27.6,30.3,40.8,31.2,34.4,2.3,14.0,37.1,236,18.44,1004.9,loc_cuddalore,11.748,79.7714,ECMWF_ERA5_Reanalysis
2020-06-08,37.7,27.9,31.2,40.9,30.8,34.6,0.0,23.1,44.3,198,22.89,1003.9,loc_cuddalore,11.748,79.7714,ECMWF_ERA5_Reanalysis
2020-06-09,38.1,28.0,31.7,41.5,31.7,35.1,0.0,20.3,46.1,208,19.89,1003.2,loc_cuddalore,11.748,79.7714,ECMWF_ERA5_Reanalysis
2020-06-10,35.3,28.5,31.5,38.4,32.5,34.8,0.0,16.4,33.1,255,13.47,1002.6,loc_cuddalore,11.748,79.7714,ECMWF_ERA5_Reanalysis
2020-06-11,35.9,27.7,30.7,37.7,31.6,34.0,0.2,20.5,45.7,257,13.72,1002.0,loc_cuddalore,11.748,79.7714,ECMWF_ERA5_Reanalysis
2020-06-12,36.4,27.2,30.9,37.9,31.1,34.4,0.0,27.8,55.8,244,20.44,1001.8,loc_cuddalore,11.748,79.7714,ECMWF_ERA5_Reanalysis
2020-06-13,34.3,26.7,30.3,40.3,29.8,34.0,0.3,26.3,50.0,176,24.31,1002.2,loc_cuddalore,11.748,79.7714,ECMWF_ERA5_Reanalysis
2020-06-14,36.8,27.8,31.6,42.1,31.8,36.1,0.2,18.4,39.2,199,22.69,1003.2,loc_cuddalore,11.748,79.7714,ECMWF_ERA5_Reanalysis
2020-06-15,37.5,28.8,31.9,42.4,32.2,35.9,0.0,24.8,46.8,198,23.04,1003.1,loc_cuddalore,11.748,79.7714,ECMWF_ERA5_Reanalysis
2020-06-16,36.5,28.6,31.7,41.9,33.1,36.2,0.4,25.0,56.9,179,23.47,1002.5,loc_cuddalore,11.748,79.7714,ECMWF_ERA5_Reanalysis
2020-06-17,35.5,28.4,31.6,41.0,32.4,35.7,0.0,26.8,51.5,180,22.55,1003.0,loc_cuddalore,11.748,79.7714,ECMWF_ERA5_Reanalysis
2020-06-18,35.2,28.0,31.1,40.4,32.1,35.5,0.0,18.6,37.4,178,20.07,1004.6,loc_cuddalore,11.748,79.7714,ECMWF_ERA5_Reanalysis
2020-06-19,36.8,28.7,31.8,41.8,31.5,35.5,0.3,24.1,41.8,218,22.95,1004.8,loc_cuddalore,11.748,79.7714,ECMWF_ERA5_Reanalysis
2020-06-20,37.5,27.8,31.9,41.5,32.6,35.8,0.0,21.7,38.9,231,20.67,1004.5,loc_cuddalore,11.748,79.7714,ECMWF_ERA5_Reanalysis
2020-06-21,37.0,27.2,31.4,39.9,32.2,35.8,0.0,19.3,36.7,239,17.34,1003.7,loc_cuddalore,11.748,79.7714,ECMWF_ERA5_Reanalysis
2020-06-22,36.0,26.9,30.6,41.2,31.6,35.2,2.0,15.1,43.6,233,21.08,1002.6,loc_cuddalore,11.748,79.7714,ECMWF_ERA5_Reanalysis
2020-06-23,34.4,25.7,29.4,40.3,31.0,34.5,4.7,18.6,38.2,140,21.2,1004.5,loc_cuddalore,11.748,79.7714,ECMWF_ERA5_Reanalysis
2020-06-24,32.0,26.2,28.7,40.0,32.1,35.3,6.6,13.5,28.8,153,22.81,1004.8,loc_cuddalore,11.748,79.7714,ECMWF_ERA5_Reanalysis
2020-06-25,30.7,26.0,28.1,37.5,31.5,33.7,1.4,17.1,32.4,153,22.5,1004.0,loc_cuddalore,11.748,79.7714,ECMWF_ERA5_Reanalysis
2020-06-26,31.3,25.1,28.5,38.1,30.8,33.9,4.9,16.3,37.4,167,23.53,1003.5,loc_cuddalore,11.748,79.7714,ECMWF_ERA5_Reanalysis
2020-06-27,35.2,26.9,30.4,40.7,31.6,35.4,0.8,20.4,36.7,198,23.04,1003.3,loc_cuddalore,11.748,79.7714,ECMWF_ERA5_Reanalysis
2020-06-28,33.7,26.3,29.8,41.0,31.5,35.6,9.6,15.0,35.6,198,22.45,1003.2,loc_cuddalore,11.748,79.7714,ECMWF_ERA5_Reanalysis
2020-06-29,32.9,26.1,29.1,40.9,32.4,35.2,1.6,13.6,36.4,182,20.4,1002.9,loc_cuddalore,11.748,79.7714,ECMWF_ERA5_Reanalysis
2020-06-30,34.0,26.2,29.4,40.7,31.8,34.6,3.2,19.3,37.1,203,20.13,1002.7,loc_cuddalore,11.748,79.7714,ECMWF_ERA5_Reanalysis
2020-07-01,33.4,26.7,29.7,38.0,32.6,35.3,0.5,14.8,27.7,191,15.79,1003.4,loc_cuddalore,11.748,79.7714,ECMWF_ERA5_Reanalysis
2020-07-02,33.4,27.1,29.7,37.4,32.4,34.5,2.4,17.6,34.2,251,13.93,1003.3,loc_cuddalore,11.748,79.7714,ECMWF_ERA5_Reanalysis
2020-07-03,34.4,26.0,29.4,38.7,30.9,33.6,5.0,20.9,45.0,226,18.31,1003.2,loc_cuddalore,11.748,79.7714,ECMWF_ERA5_Reanalysis
2020-07-04,32.7,26.3,28.9,36.7,30.7,33.1,0.4,24.3,45.0,194,14.5,1003.3,loc_cuddalore,11.748,79.7714,ECMWF_ERA5_Reanalysis
2020-07-05,33.4,27.0,29.6,36.7,30.7,33.6,0.0,19.4,37.8,203,13.04,1002.8,loc_cuddalore,11.748,79.7714,ECMWF_ERA5_Reanalysis
2020-07-06,34.9,26.8,30.0,39.9,30.7,34.6,0.0,17.4,33.5,195,19.04,1002.7,loc_cuddalore,11.748,79.7714,ECMWF_ERA5_Reanalysis
2020-07-07,35.9,27.0,30.5,41.0,32.2,35.1,0.0,21.8,43.2,199,22.94,1004.3,loc_cuddalore,11.748,79.7714,ECMWF_ERA5_Reanalysis
2020-07-08,33.5,26.4,29.5,40.1,31.7,34.7,0.7,16.2,36.4,163,21.09,1005.5,loc_cuddalore,11.748,79.7714,ECMWF_ERA5_Reanalysis
2020-07-09,32.2,26.0,29.0,38.5,30.6,33.9,14.1,20.5,39.2,162,20.25,1005.1,loc_cuddalore,11.748,79.7714,ECMWF_ERA5_Reanalysis
2020-07-10,32.7,25.2,28.2,39.0,29.9,33.4,3.1,14.4,28.1,195,19.92,1005.6,loc_cuddalore,11.748,79.7714,ECMWF_ERA5_Reanalysis
2020-07-11,31.9,26.0,28.7,39.2,30.5,33.7,0.9,16.7,37.8,180,22.49,1005.2,loc_cuddalore,11.748,79.7714,ECMWF_ERA5_Reanalysis
2020-07-12,34.0,26.3,29.7,40.5,30.4,34.9,0.3,12.4,27.4,210,22.68,1004.1,loc_cuddalore,11.748,79.7714,ECMWF_ERA5_Reanalysis
2020-07-13,31.9,26.0,28.6,39.2,32.0,34.5,7.6,13.0,32.4,181,21.75,1003.7,loc_cuddalore,11.748,79.7714,ECMWF_ERA5_Reanalysis
2020-07-14,32.6,26.0,29.0,39.8,30.8,34.5,4.2,16.1,34.6,178,19.77,1003.5,loc_cuddalore,11.748,79.7714,ECMWF_ERA5_Reanalysis
2020-07-15,33.2,25.7,28.9,38.2,30.7,34.3,3.6,14.0,28.1,202,17.95,1003.3,loc_cuddalore,11.748,79.7714,ECMWF_ERA5_Reanalysis
2020-07-16,31.5,26.2,28.7,37.8,31.0,34.0,2.8,11.4,35.3,199,13.89,1002.9,loc_cuddalore,11.748,79.7714,ECMWF_ERA5_Reanalysis
2020-07-17,32.9,25.8,29.3,38.0,30.1,33.9,0.0,18.0,31.7,242,13.19,1003.0,loc_cuddalore,11.748,79.7714,ECMWF_ERA5_Reanalysis
2020-07-18,31.5,25.4,28.8,36.5,30.0,33.5,1.7,13.3,28.1,171,18.8,1004.3,loc_cuddalore,11.748,79.7714,ECMWF_ERA5_Reanalysis
2020-07-19,31.4,25.4,28.2,38.7,31.0,34.2,4.5,13.5,30.2,164,20.33,1005.0,loc_cuddalore,11.748,79.7714,ECMWF_ERA5_Reanalysis
2020-07-20,30.3,25.6,27.9,37.1,30.4,33.1,12.3,21.4,39.2,172,20.52,1004.6,loc_cuddalore,11.748,79.7714,ECMWF_ERA5_Reanalysis
2020-07-21,30.9,26.3,28.5,36.9,31.6,33.8,0.3,17.6,36.4,157,23.02,1005.1,loc_cuddalore,11.748,79.7714,ECMWF_ERA5_Reanalysis
2020-07-22,30.7,25.8,28.4,36.4,30.7,32.8,0.8,19.7,37.1,169,20.4,1005.5,loc_cuddalore,11.748,79.7714,ECMWF_ERA5_Reanalysis
2020-07-23,32.6,26.1,28.7,38.0,30.5,32.9,0.5,22.9,43.6,174,19.44,1004.9,loc_cuddalore,11.748,79.7714,ECMWF_ERA5_Reanalysis
2020-07-24,32.5,25.6,28.7,38.0,30.3,33.3,4.3,17.8,46.8,193,20.3,1005.5,loc_cuddalore,11.748,79.7714,ECMWF_ERA5_Reanalysis
2020-07-25,33.0,25.7,28.7,40.5,31.2,34.0,7.4,17.7,39.6,169,23.38,1006.5,loc_cuddalore,11.748,79.7714,ECMWF_ERA5_Reanalysis
2020-07-26,34.3,24.7,28.8,39.7,30.1,33.9,0.0,13.0,34.6,248,21.26,1007.3,loc_cuddalore,11.748,79.7714,ECMWF_ERA5_Reanalysis
2020-07-27,34.0,26.6,29.8,39.6,31.3,35.0,0.3,14.6,31.3,295,19.1,1006.0,loc_cuddalore,11.748,79.7714,ECMWF_ERA5_Reanalysis
2020-07-28,33.9,25.5,29.1,39.0,30.9,34.7,10.3,10.7,29.9,225,18.91,1004.4,loc_cuddalore,11.748,79.7714,ECMWF_ERA5_Reanalysis
2020-07-29,29.0,25.0,26.6,34.0,29.9,31.8,19.3,12.6,24.1,234,7.54,1003.9,loc_cuddalore,11.748,79.7714,ECMWF_ERA5_Reanalysis
2020-07-30,32.4,25.1,28.4,39.9,29.3,33.4,4.1,17.4,34.6,186,22.79,1003.8,loc_cuddalore,11.748,79.7714,ECMWF_ERA5_Reanalysis
2020-07-31,32.2,25.3,28.5,39.9,31.2,34.5,4.2,17.1,37.8,182,23.1,1003.5,loc_cuddalore,11.748,79.7714,ECMWF_ERA5_Reanalysis
2020-08-01,32.1,26.4,28.5,36.9,31.1,33.3,0.3,14.8,29.5,210,16.69,1003.9,loc_cuddalore,11.748,79.7714,ECMWF_ERA5_Reanalysis
2020-08-02,32.0,26.2,29.1,36.3,30.2,32.6,0.0,17.4,32.4,234,13.16,1004.0,loc_cuddalore,11.748,79.7714,ECMWF_ERA5_Reanalysis
2020-08-03,32.6,25.4,28.5,37.2,29.8,32.9,2.3,14.5,29.2,229,10.67,1002.9,loc_cuddalore,11.748,79.7714,ECMWF_ERA5_Reanalysis
2020-08-04,34.2,26.8,29.8,35.7,29.6,32.6,0.1,22.2,47.5,238,15.95,1001.1,loc_cuddalore,11.748,79.7714,ECMWF_ERA5_Reanalysis
2020-08-05,32.0,26.9,28.9,35.0,29.3,31.6,1.6,18.2,33.8,232,9.85,1000.2,loc_cuddalore,11.748,79.7714,ECMWF_ERA5_Reanalysis
2020-08-06,34.4,26.7,30.3,37.3,29.4,33.3,0.1,18.6,45.4,220,16.29,1001.5,loc_cuddalore,11.748,79.7714,ECMWF_ERA5_Reanalysis
2020-08-07,34.4,26.4,30.3,40.5,30.5,35.0,0.0,13.0,41.0,218,22.05,1004.0,loc_cuddalore,11.748,79.7714,ECMWF_ERA5_Reanalysis
2020-08-08,34.2,26.9,29.9,38.5,31.5,34.0,2.3,16.4,41.8,252,16.54,1004.6,loc_cuddalore,11.748,79.7714,ECMWF_ERA5_Reanalysis
2020-08-09,28.9,25.2,26.9,32.7,29.3,31.2,5.9,14.5,35.6,215,5.16,1004.5,loc_cuddalore,11.748,79.7714,ECMWF_ERA5_Reanalysis
2020-08-10,32.9,25.1,28.0,39.1,29.5,33.2,6.0,13.7,36.0,219,18.39,1004.6,loc_cuddalore,11.748,79.7714,ECMWF_ERA5_Reanalysis
2020-08-11,33.3,25.0,28.6,41.1,29.6,33.9,1.3,15.3,39.2,203,22.55,1005.7,loc_cuddalore,11.748,79.7714,ECMWF_ERA5_Reanalysis
2020-08-12,33.1,25.5,28.7,39.2,30.0,33.8,1.0,14.7,35.6,208,17.46,1006.4,loc_cuddalore,11.748,79.7714,ECMWF_ERA5_Reanalysis
2020-08-13,34.0,26.3,29.2,39.4,30.3,33.6,0.1,17.7,31.3,210,18.05,1004.6,loc_cuddalore,11.748,79.7714,ECMWF_ERA5_Reanalysis
2020-08-14,32.7,26.3,28.9,38.6,30.3,33.6,0.0,15.7,30.2,182,16.99,1003.5,loc_cuddalore,11.748,79.7714,ECMWF_ERA5_Reanalysis
2020-08-15,33.7,26.0,28.9,38.3,29.9,33.2,0.0,15.7,32.8,189,17.25,1004.1,loc_cuddalore,11.748,79.7714,ECMWF_ERA5_Reanalysis
2020-08-16,34.6,24.7,29.0,40.1,28.4,33.2,0.0,16.6,34.2,186,21.2,1004.7,loc_cuddalore,11.748,79.7714,ECMWF_ERA5_Reanalysis
2020-08-17,33.9,25.9,29.4,40.2,31.6,34.5,0.1,16.5,38.5,160,20.74,1004.3,loc_cuddalore,11.748,79.7714,ECMWF_ERA5_Reanalysis
2020-08-18,34.1,27.1,29.6,40.0,31.5,34.4,0.4,17.0,36.0,190,16.62,1004.5,loc_cuddalore,11.748,79.7714,ECMWF_ERA5_Reanalysis
2020-08-19,35.7,26.3,30.0,41.0,31.7,34.1,0.5,18.2,39.6,207,21.04,1003.5,loc_cuddalore,11.748,79.7714,ECMWF_ERA5_Reanalysis
2020-08-20,33.2,27.1,29.4,38.7,29.8,33.6,0.6,17.1,37.8,175,16.83,1003.6,loc_cuddalore,11.748,79.7714,ECMWF_ERA5_Reanalysis
2020-08-21,33.6,27.1,29.7,39.3,31.5,34.3,0.7,18.7,42.1,166,21.99,1005.7,loc_cuddalore,11.748,79.7714,ECMWF_ERA5_Reanalysis
2020-08-22,33.4,27.1,29.5,39.7,31.8,34.2,1.4,19.5,38.5,174,22.7,1006.7,loc_cuddalore,11.748,79.7714,ECMWF_ERA5_Reanalysis
2020-08-23,33.2,26.0,29.0,40.6,31.1,34.6,6.4,17.7,38.9,174,23.72,1006.6,loc_cuddalore,11.748,79.7714,ECMWF_ERA5_Reanalysis
2020-08-24,31.4,25.6,28.1,39.1,31.2,34.3,13.9,14.0,31.7,131,23.2,1007.1,loc_cuddalore,11.748,79.7714,ECMWF_ERA5_Reanalysis
2020-08-25,31.6,25.4,28.1,39.0,31.1,34.4,6.7,10.5,27.4,158,20.16,1007.6,loc_cuddalore,11.748,79.7714,ECMWF_ERA5_Reanalysis
2020-08-26,31.2,25.7,28.2,39.0,31.2,34.5,7.4,14.7,30.6,171,19.65,1007.4,loc_cuddalore,11.748,79.7714,ECMWF_ERA5_Reanalysis
2020-08-27,33.1,25.3,28.4,41.7,29.6,34.3,7.5,17.6,36.0,183,23.44,1006.3,loc_cuddalore,11.748,79.7714,ECMWF_ERA5_Reanalysis
2020-08-28,32.5,25.5,28.5,39.9,30.6,33.9,0.9,16.1,35.6,172,22.8,1005.3,loc_cuddalore,11.748,79.7714,ECMWF_ERA5_Reanalysis
2020-08-29,33.9,26.2,29.4,40.9,31.0,34.4,0.0,14.7,33.1,177,24.26,1005.2,loc_cuddalore,11.748,79.7714,ECMWF_ERA5_Reanalysis
2020-08-30,34.3,26.6,29.7,41.5,30.9,34.8,0.3,15.5,32.0,171,23.39,1005.7,loc_cuddalore,11.748,79.7714,ECMWF_ERA5_Reanalysis
2020-08-31,31.8,25.6,28.4,39.3,30.7,34.1,16.4,15.5,31.0,114,23.49,1006.4,loc_cuddalore,11.748,79.7714,ECMWF_ERA5_Reanalysis
2020-09-01,32.5,24.7,27.9,38.5,29.6,33.5,17.3,15.5,36.7,273,21.56,1006.3,loc_cuddalore,11.748,79.7714,ECMWF_ERA5_Reanalysis
2020-09-02,29.8,24.5,26.8,37.1,28.8,32.5,21.0,12.8,37.8,208,17.47,1006.0,loc_cuddalore,11.748,79.7714,ECMWF_ERA5_Reanalysis
2020-09-03,29.7,24.4,27.3,35.6,30.1,32.9,5.7,14.3,31.0,128,20.57,1005.9,loc_cuddalore,11.748,79.7714,ECMWF_ERA5_Reanalysis
2020-09-04,29.6,24.7,27.3,36.1,30.3,33.0,9.6,14.5,30.2,100,20.73,1005.9,loc_cuddalore,11.748,79.7714,ECMWF_ERA5_Reanalysis
2020-09-05,29.8,25.2,27.5,37.3,31.3,33.4,3.6,16.1,31.7,145,21.93,1005.3,loc_cuddalore,11.748,79.7714,ECMWF_ERA5_Reanalysis
2020-09-06,30.2,25.5,27.5,36.8,31.0,33.0,5.8,22.4,42.8,168,20.6,1005.1,loc_cuddalore,11.748,79.7714,ECMWF_ERA5_Reanalysis
2020-09-07,33.1,25.2,28.2,39.4,28.3,33.2,0.1,12.9,28.8,232,21.02,1005.6,loc_cuddalore,11.748,79.7714,ECMWF_ERA5_Reanalysis
2020-09-08,31.7,25.4,28.2,39.7,31.0,33.9,0.8,14.3,28.8,156,21.31,1005.8,loc_cuddalore,11.748,79.7714,ECMWF_ERA5_Reanalysis
2020-09-09,31.0,25.4,27.8,38.3,30.2,33.5,16.1,15.9,32.0,192,17.1,1005.2,loc_cuddalore,11.748,79.7714,ECMWF_ERA5_Reanalysis
2020-09-10,30.8,25.0,27.6,36.9,28.7,32.0,2.6,16.0,31.0,223,15.24,1003.8,loc_cuddalore,11.748,79.7714,ECMWF_ERA5_Reanalysis
2020-09-11,31.1,24.6,27.8,34.7,28.3,31.5,1.9,19.3,39.2,232,18.27,1004.6,loc_cuddalore,11.748,79.7714,ECMWF_ERA5_Reanalysis
2020-09-12,29.6,25.1,27.1,34.1,28.9,31.8,2.6,10.5,25.6,228,8.38,1006.6,loc_cuddalore,11.748,79.7714,ECMWF_ERA5_Reanalysis
2020-09-13,28.9,25.0,26.3,33.2,29.7,31.2,7.3,12.6,26.3,224,9.47,1006.8,loc_cuddalore,11.748,79.7714,ECMWF_ERA5_Reanalysis
2020-09-14,31.6,24.6,27.3,35.9,28.7,31.6,1.0,12.3,39.2,229,12.78,1005.4,loc_cuddalore,11.748,79.7714,ECMWF_ERA5_Reanalysis
2020-09-15,32.4,24.7,28.0,39.3,28.8,33.2,4.1,13.3,40.3,200,21.42,1005.0,loc_cuddalore,11.748,79.7714,ECMWF_ERA5_Reanalysis
2020-09-16,33.3,25.7,28.7,40.3,29.6,33.5,3.0,14.3,42.5,201,20.21,1005.0,loc_cuddalore,11.748,79.7714,ECMWF_ERA5_Reanalysis
2020-09-17,32.7,25.9,28.9,38.0,30.5,33.9,0.1,14.1,27.0,208,16.3,1005.2,loc_cuddalore,11.748,79.7714,ECMWF_ERA5_Reanalysis
2020-09-18,32.9,25.7,28.8,38.1,30.2,33.6,7.0,14.3,44.6,231,18.63,1003.9,loc_cuddalore,11.748,79.7714,ECMWF_ERA5_Reanalysis
2020-09-19,29.8,25.9,27.4,34.0,29.5,31.6,4.8,13.3,33.8,244,9.27,1002.4,loc_cuddalore,11.748,79.7714,ECMWF_ERA5_Reanalysis
2020-09-20,30.9,25.0,27.2,32.9,28.0,30.3,1.7,21.7,41.8,234,12.57,1002.2,loc_cuddalore,11.748,79.7714,ECMWF_ERA5_Reanalysis
2020-09-21,29.6,25.3,27.7,33.0,28.2,30.3,0.0,22.4,41.4,224,7.92,1002.9,loc_cuddalore,11.748,79.7714,ECMWF_ERA5_Reanalysis
2020-09-22,34.6,26.2,29.8,38.0,28.5,32.6,1.0,19.6,38.5,221,20.82,1003.7,loc_cuddalore,11.748,79.7714,ECMWF_ERA5_Reanalysis
2020-09-23,34.4,24.7,28.9,39.7,28.2,32.9,0.0,20.9,40.3,180,24.22,1005.4,loc_cuddalore,11.748,79.7714,ECMWF_ERA5_Reanalysis
2020-09-24,34.4,25.7,29.6,40.4,30.5,33.9,0.1,16.7,35.6,176,23.23,1007.0,loc_cuddalore,11.748,79.7714,ECMWF_ERA5_Reanalysis
2020-09-25,32.2,26.8,28.7,36.7,31.5,33.0,8.3,25.2,49.3,184,18.62,1007.2,loc_cuddalore,11.748,79.7714,ECMWF_ERA5_Reanalysis
2020-09-26,33.0,25.3,28.7,37.6,29.5,33.0,2.4,17.1,34.6,197,17.65,1006.9,loc_cuddalore,11.748,79.7714,ECMWF_ERA5_Reanalysis
2020-09-27,33.8,26.7,28.8,39.1,30.7,33.4,1.7,18.4,36.4,200,16.66,1006.9,loc_cuddalore,11.748,79.7714,ECMWF_ERA5_Reanalysis
2020-09-28,33.9,24.6,28.0,39.9,29.1,33.1,14.0,16.5,40.3,188,20.21,1006.6,loc_cuddalore,11.748,79.7714,ECMWF_ERA5_Reanalysis
2020-09-29,32.0,24.2,27.2,37.8,28.3,32.1,28.8,14.7,33.8,238,17.57,1005.6,loc_cuddalore,11.748,79.7714,ECMWF_ERA5_Reanalysis
2020-09-30,32.1,24.4,27.3,38.6,28.8,32.3,16.0,14.8,33.1,248,19.27,1004.9,loc_cuddalore,11.748,79.7714,ECMWF_ERA5_Reanalysis
2020-10-01,33.2,25.1,28.6,38.6,28.6,33.1,0.2,16.7,40.0,278,22.4,1004.7,loc_cuddalore,11.748,79.7714,ECMWF_ERA5_Reanalysis
2020-10-02,33.7,25.2,28.9,39.8,28.4,33.5,0.3,18.7,32.0,212,22.34,1004.9,loc_cuddalore,11.748,79.7714,ECMWF_ERA5_Reanalysis
2020-10-03,34.6,25.9,29.1,40.4,29.3,33.4,3.2,18.3,34.2,254,22.63,1005.5,loc_cuddalore,11.748,79.7714,ECMWF_ERA5_Reanalysis
2020-10-04,33.2,25.4,28.6,38.1,29.1,32.7,0.2,13.8,28.1,269,20.43,1006.3,loc_cuddalore,11.748,79.7714,ECMWF_ERA5_Reanalysis
2020-10-05,34.3,24.8,29.2,39.5,28.4,33.7,0.0,16.9,32.8,269,23.09,1005.6,loc_cuddalore,11.748,79.7714,ECMWF_ERA5_Reanalysis
2020-10-06,33.1,25.4,28.9,40.6,28.7,33.8,0.4,15.3,27.7,190,22.06,1005.5,loc_cuddalore,11.748,79.7714,ECMWF_ERA5_Reanalysis
2020-10-07,33.0,26.0,28.9,40.7,29.7,33.9,2.7,16.5,32.4,189,22.07,1006.0,loc_cuddalore,11.748,79.7714,ECMWF_ERA5_Reanalysis
2020-10-08,32.6,24.6,28.2,40.4,28.1,33.7,2.0,16.4,29.5,179,22.26,1006.3,loc_cuddalore,11.748,79.7714,ECMWF_ERA5_Reanalysis
2020-10-09,31.4,25.9,28.4,39.2,31.3,34.0,3.8,15.1,32.8,180,21.7,1006.3,loc_cuddalore,11.748,79.7714,ECMWF_ERA5_Reanalysis
2020-10-10,30.8,25.6,27.3,38.2,31.2,33.4,4.5,11.8,25.2,150,15.69,1005.6,loc_cuddalore,11.748,79.7714,ECMWF_ERA5_Reanalysis
2020-10-11,30.1,25.0,27.0,35.0,29.7,32.0,6.8,13.5,38.9,244,10.3,1003.8,loc_cuddalore,11.748,79.7714,ECMWF_ERA5_Reanalysis
2020-10-12,32.0,24.5,27.7,38.2,28.6,32.7,0.8,12.6,33.1,226,16.19,1002.0,loc_cuddalore,11.748,79.7714,ECMWF_ERA5_Reanalysis
2020-10-13,32.8,25.8,28.4,36.6,28.5,31.8,0.1,19.5,53.6,241,18.4,1000.9,loc_cuddalore,11.748,79.7714,ECMWF_ERA5_Reanalysis
2020-10-14,33.4,24.9,28.5,37.1,28.0,31.8,0.0,18.4,36.4,233,21.68,1002.3,loc_cuddalore,11.748,79.7714,ECMWF_ERA5_Reanalysis
2020-10-15,33.9,24.7,28.6,39.2,27.5,32.3,0.0,20.2,36.0,203,23.4,1003.4,loc_cuddalore,11.748,79.7714,ECMWF_ERA5_Reanalysis
2020-10-16,32.2,25.4,28.7,39.3,28.3,33.2,0.2,15.6,27.4,195,21.91,1003.5,loc_cuddalore,11.748,79.7714,ECMWF_ERA5_Reanalysis
2020-10-17,31.7,25.0,28.0,39.6,29.4,33.9,13.4,13.4,33.5,27,19.99,1004.8,loc_cuddalore,11.748,79.7714,ECMWF_ERA5_Reanalysis
2020-10-18,30.2,24.4,26.7,35.8,29.0,32.2,5.2,11.4,27.7,271,10.94,1005.8,loc_cuddalore,11.748,79.7714,ECMWF_ERA5_Reanalysis
2020-10-19,31.1,25.1,27.4,36.3,29.7,32.7,4.4,12.5,30.6,288,16.74,1005.2,loc_cuddalore,11.748,79.7714,ECMWF_ERA5_Reanalysis
2020-10-20,31.5,24.9,27.2,37.5,29.7,32.8,14.4,12.5,26.3,252,17.71,1004.7,loc_cuddalore,11.748,79.7714,ECMWF_ERA5_Reanalysis
2020-10-21,30.8,24.9,27.1,39.0,30.6,33.3,11.3,10.5,33.5,254,19.23,1005.3,loc_cuddalore,11.748,79.7714,ECMWF_ERA5_Reanalysis
2020-10-22,31.0,24.4,27.3,36.3,29.4,32.6,2.2,14.4,32.0,256,14.3,1005.1,loc_cuddalore,11.748,79.7714,ECMWF_ERA5_Reanalysis
2020-10-23,31.6,24.8,27.6,36.4,30.3,32.9,3.4,12.9,31.0,278,17.24,1005.6,loc_cuddalore,11.748,79.7714,ECMWF_ERA5_Reanalysis
2020-10-24,30.8,24.8,27.1,35.9,27.7,30.9,0.5,14.6,29.5,253,15.5,1007.2,loc_cuddalore,11.748,79.7714,ECMWF_ERA5_Reanalysis
2020-10-25,31.3,23.7,27.3,38.3,27.6,32.6,1.7,9.4,27.0,139,18.36,1008.3,loc_cuddalore,11.748,79.7714,ECMWF_ERA5_Reanalysis
2020-10-26,30.3,24.5,27.4,36.6,29.2,32.9,2.0,12.8,28.4,32,19.87,1009.0,loc_cuddalore,11.748,79.7714,ECMWF_ERA5_Reanalysis
2020-10-27,29.9,23.7,26.8,36.7,28.1,32.1,3.6,12.8,33.1,13,19.51,1008.5,loc_cuddalore,11.748,79.7714,ECMWF_ERA5_Reanalysis
2020-10-28,29.0,24.2,26.4,34.3,27.7,30.6,1.9,19.1,38.9,8,17.89,1009.1,loc_cuddalore,11.748,79.7714,ECMWF_ERA5_Reanalysis
2020-10-29,29.4,24.0,26.1,34.0,26.7,29.4,2.7,17.2,34.6,357,17.1,1009.4,loc_cuddalore,11.748,79.7714,ECMWF_ERA5_Reanalysis
2020-10-30,29.7,23.3,26.6,35.3,25.3,30.3,1.3,15.1,32.8,22,18.56,1009.0,loc_cuddalore,11.748,79.7714,ECMWF_ERA5_Reanalysis
2020-10-31,30.7,23.6,27.1,36.5,27.6,31.7,0.1,13.0,28.1,38,20.75,1009.0,loc_cuddalore,11.748,79.7714,ECMWF_ERA5_Reanalysis
2020-11-01,30.8,23.0,27.0,37.7,27.0,31.8,0.3,11.6,28.4,60,20.45,1009.8,loc_cuddalore,11.748,79.7714,ECMWF_ERA5_Reanalysis
2020-11-02,30.5,23.5,27.2,37.0,28.1,32.4,0.1,12.2,27.0,67,20.7,1010.4,loc_cuddalore,11.748,79.7714,ECMWF_ERA5_Reanalysis
2020-11-03,30.0,24.8,27.4,36.0,30.3,32.8,1.2,14.7,33.5,41,19.67,1010.5,loc_cuddalore,11.748,79.7714,ECMWF_ERA5_Reanalysis
2020-11-04,29.6,24.8,27.2,36.0,30.2,32.4,8.4,16.9,33.1,40,17.06,1010.1,loc_cuddalore,11.748,79.7714,ECMWF_ERA5_Reanalysis
2020-11-05,29.3,24.9,26.9,35.1,30.1,32.1,6.1,14.6,32.4,48,17.52,1010.6,loc_cuddalore,11.748,79.7714,ECMWF_ERA5_Reanalysis
2020-11-06,28.7,25.1,26.9,34.3,30.0,31.8,5.8,16.8,36.0,49,16.76,1011.9,loc_cuddalore,11.748,79.7714,ECMWF_ERA5_Reanalysis
2020-11-07,28.7,25.4,27.0,33.4,29.6,31.3,4.8,21.2,40.3,36,17.28,1012.4,loc_cuddalore,11.748,79.7714,ECMWF_ERA5_Reanalysis
2020-11-08,29.7,24.8,27.3,33.4,29.3,30.8,4.2,25.5,47.9,38,19.23,1012.5,loc_cuddalore,11.748,79.7714,ECMWF_ERA5_Reanalysis
2020-11-09,30.1,23.8,27.0,32.1,27.1,29.1,0.1,27.2,51.5,27,20.98,1011.4,loc_cuddalore,11.748,79.7714,ECMWF_ERA5_Reanalysis
2020-11-10,29.0,22.4,26.0,31.3,24.2,28.0,0.0,21.5,42.1,16,21.72,1009.7,loc_cuddalore,11.748,79.7714,ECMWF_ERA5_Reanalysis
2020-11-11,28.9,24.1,26.2,31.5,25.9,28.9,2.7,20.7,41.0,13,11.57,1009.3,loc_cuddalore,11.748,79.7714,ECMWF_ERA5_Reanalysis
2020-11-12,28.7,24.4,26.4,33.4,28.9,30.7,7.1,19.6,40.0,49,16.73,1010.3,loc_cuddalore,11.748,79.7714,ECMWF_ERA5_Reanalysis
2020-11-13,27.8,25.0,26.2,32.5,28.9,30.7,14.6,17.1,37.1,48,10.83,1010.2,loc_cuddalore,11.748,79.7714,ECMWF_ERA5_Reanalysis
2020-11-14,29.7,25.0,27.0,33.7,29.1,30.7,4.3,25.5,48.6,34,18.91,1009.0,loc_cuddalore,11.748,79.7714,ECMWF_ERA5_Reanalysis
2020-11-15,27.6,24.9,25.9,31.6,28.3,29.9,17.2,24.1,46.1,62,7.77,1008.4,loc_cuddalore,11.748,79.7714,ECMWF_ERA5_Reanalysis
2020-11-16,27.0,24.6,25.5,31.9,28.1,30.2,42.3,19.4,40.7,75,5.28,1009.9,loc_cuddalore,11.748,79.7714,ECMWF_ERA5_Reanalysis
2020-11-17,28.5,24.8,26.7,33.3,29.1,31.0,7.9,20.1,44.3,62,16.21,1009.5,loc_cuddalore,11.748,79.7714,ECMWF_ERA5_Reanalysis
2020-11-18,29.3,24.3,26.8,34.2,29.2,31.3,2.1,18.3,36.0,74,18.76,1009.8,loc_cuddalore,11.748,79.7714,ECMWF_ERA5_Reanalysis
2020-11-19,28.0,24.6,26.4,33.7,29.7,31.3,2.8,13.2,30.6,60,15.35,1010.4,loc_cuddalore,11.748,79.7714,ECMWF_ERA5_Reanalysis
2020-11-20,29.1,23.9,26.4,33.9,28.0,30.5,0.3,17.8,34.9,39,20.91,1010.8,loc_cuddalore,11.748,79.7714,ECMWF_ERA5_Reanalysis
2020-11-21,28.5,22.8,25.4,32.7,25.8,28.7,0.0,19.1,37.1,25,20.75,1011.3,loc_cuddalore,11.748,79.7714,ECMWF_ERA5_Reanalysis
2020-11-22,28.8,21.3,25.2,32.2,23.9,28.2,0.0,17.3,33.8,12,20.23,1011.5,loc_cuddalore,11.748,79.7714,ECMWF_ERA5_Reanalysis
2020-11-23,29.1,23.5,26.1,31.0,26.1,28.8,0.0,21.2,41.0,11,12.96,1010.7,loc_cuddalore,11.748,79.7714,ECMWF_ERA5_Reanalysis
2020-11-24,26.9,24.1,25.1,29.7,25.9,27.5,8.1,25.6,49.7,3,8.36,1008.9,loc_cuddalore,11.748,79.7714,ECMWF_ERA5_Reanalysis
2020-11-25,24.6,23.3,23.9,26.0,22.5,24.2,175.7,49.0,95.0,321,1.7,1003.2,loc_cuddalore,11.748,79.7714,ECMWF_ERA5_Reanalysis
2020-11-26,29.2,23.2,25.7,31.6,22.3,27.0,57.7,42.9,84.2,217,14.7,1003.9,loc_cuddalore,11.748,79.7714,ECMWF_ERA5_Reanalysis
2020-11-27,29.0,23.7,26.2,34.2,27.0,30.3,1.1,23.0,42.5,175,17.57,1009.1,loc_cuddalore,11.748,79.7714,ECMWF_ERA5_Reanalysis
2020-11-28,27.8,23.4,25.6,33.2,27.5,30.3,3.9,11.8,26.6,51,15.94,1011.6,loc_cuddalore,11.748,79.7714,ECMWF_ERA5_Reanalysis
2020-11-29,27.7,24.1,25.7,32.1,28.1,29.6,4.6,20.2,39.2,34,16.71,1011.8,loc_cuddalore,11.748,79.7714,ECMWF_ERA5_Reanalysis
2020-11-30,27.5,24.0,25.7,31.8,27.3,28.9,3.6,21.9,40.0,23,14.72,1011.7,loc_cuddalore,11.748,79.7714,ECMWF_ERA5_Reanalysis
2020-12-01,28.4,23.1,25.5,30.7,25.6,27.7,4.0,24.6,45.7,15,16.69,1011.8,loc_cuddalore,11.748,79.7714,ECMWF_ERA5_Reanalysis
2020-12-02,26.2,23.9,24.6,28.8,25.9,26.7,25.4,26.8,50.4,9,6.14,1009.7,loc_cuddalore,11.748,79.7714,ECMWF_ERA5_Reanalysis
2020-12-03,26.5,24.2,25.1,28.8,25.9,27.1,45.6,30.3,55.1,41,5.66,1007.2,loc_cuddalore,11.748,79.7714,ECMWF_ERA5_Reanalysis
2020-12-04,26.4,24.6,25.1,30.1,26.5,27.8,36.5,27.8,52.9,49,4.16,1007.1,loc_cuddalore,11.748,79.7714,ECMWF_ERA5_Reanalysis
2020-12-05,26.3,24.2,24.9,29.3,27.2,28.0,21.5,25.4,47.2,30,4.01,1007.9,loc_cuddalore,11.748,79.7714,ECMWF_ERA5_Reanalysis
2020-12-06,26.0,24.2,25.0,29.2,26.4,28.1,50.0,25.8,45.4,61,6.78,1009.9,loc_cuddalore,11.748,79.7714,ECMWF_ERA5_Reanalysis
2020-12-07,26.5,24.5,25.2,30.5,27.5,29.1,19.0,18.4,36.0,72,8.26,1011.8,loc_cuddalore,11.748,79.7714,ECMWF_ERA5_Reanalysis
2020-12-08,28.3,24.3,25.9,32.3,27.9,30.1,7.0,19.1,39.2,73,15.8,1012.4,loc_cuddalore,11.748,79.7714,ECMWF_ERA5_Reanalysis
2020-12-09,27.9,24.0,25.8,32.3,28.0,29.6,2.9,20.3,38.5,47,16.23,1012.1,loc_cuddalore,11.748,79.7714,ECMWF_ERA5_Reanalysis
2020-12-10,28.0,22.8,25.2,31.9,26.1,28.4,0.0,15.1,29.9,37,19.33,1012.2,loc_cuddalore,11.748,79.7714,ECMWF_ERA5_Reanalysis
2020-12-11,27.6,22.1,24.7,30.9,24.7,27.6,0.1,18.1,36.7,23,17.06,1012.1,loc_cuddalore,11.748,79.7714,ECMWF_ERA5_Reanalysis
2020-12-12,27.4,21.4,24.5,29.9,23.5,27.1,0.2,18.0,36.4,22,16.9,1011.8,loc_cuddalore,11.748,79.7714,ECMWF_ERA5_Reanalysis
2020-12-13,27.2,21.7,24.7,30.0,24.5,27.8,0.9,17.2,34.6,33,16.53,1011.0,loc_cuddalore,11.748,79.7714,ECMWF_ERA5_Reanalysis
2020-12-14,28.1,22.1,25.2,31.1,25.4,27.9,0.0,14.7,31.0,35,18.72,1011.0,loc_cuddalore,11.748,79.7714,ECMWF_ERA5_Reanalysis
2020-12-15,27.7,21.9,25.1,29.0,24.0,27.3,0.4,24.2,45.7,25,14.82,1011.7,loc_cuddalore,11.748,79.7714,ECMWF_ERA5_Reanalysis
2020-12-16,25.8,23.7,24.6,29.2,27.0,27.9,24.9,17.7,37.4,47,6.84,1012.4,loc_cuddalore,11.748,79.7714,ECMWF_ERA5_Reanalysis
2020-12-17,26.3,23.6,24.8,29.7,26.7,28.1,22.8,16.8,33.8,47,7.33,1012.3,loc_cuddalore,11.748,79.7714,ECMWF_ERA5_Reanalysis
2020-12-18,26.2,23.8,24.7,29.6,27.0,28.0,11.6,18.5,37.4,33,9.03,1012.1,loc_cuddalore,11.748,79.7714,ECMWF_ERA5_Reanalysis
2020-12-19,27.9,24.2,25.7,30.5,26.6,28.1,0.3,24.4,45.7,38,16.71,1012.7,loc_cuddalore,11.748,79.7714,ECMWF_ERA5_Reanalysis
2020-12-20,27.4,23.1,25.0,28.7,25.0,26.7,0.3,26.8,50.4,27,18.36,1013.1,loc_cuddalore,11.748,79.7714,ECMWF_ERA5_Reanalysis
2020-12-21,26.9,21.6,24.3,27.2,22.3,25.2,0.0,24.9,46.8,12,15.2,1012.4,loc_cuddalore,11.748,79.7714,ECMWF_ERA5_Reanalysis
2020-12-22,27.3,22.3,24.4,28.7,22.9,25.7,0.0,21.9,42.1,16,16.55,1011.8,loc_cuddalore,11.748,79.7714,ECMWF_ERA5_Reanalysis
2020-12-23,26.6,22.2,24.3,28.0,23.4,25.7,0.0,20.3,39.2,25,14.16,1011.1,loc_cuddalore,11.748,79.7714,ECMWF_ERA5_Reanalysis
2020-12-24,26.9,20.8,24.0,29.2,22.3,25.6,0.0,21.9,41.4,31,17.55,1010.2,loc_cuddalore,11.748,79.7714,ECMWF_ERA5_Reanalysis
2020-12-25,27.3,19.9,23.9,29.5,21.3,25.5,0.0,20.2,38.9,24,16.82,1011.0,loc_cuddalore,11.748,79.7714,ECMWF_ERA5_Reanalysis
2020-12-26,27.4,19.5,23.8,29.5,20.7,25.4,0.0,20.6,39.6,18,18.01,1011.8,loc_cuddalore,11.748,79.7714,ECMWF_ERA5_Reanalysis
2020-12-27,27.5,20.9,24.2,29.1,22.3,25.8,0.0,25.0,46.8,20,17.31,1011.1,loc_cuddalore,11.748,79.7714,ECMWF_ERA5_Reanalysis
2020-12-28,28.4,21.5,24.7,30.4,23.1,26.1,0.0,24.5,45.4,20,17.26,1010.7,loc_cuddalore,11.748,79.7714,ECMWF_ERA5_Reanalysis
2020-12-29,27.2,23.1,24.9,29.1,25.4,27.2,1.0,22.7,43.2,21,11.53,1010.4,loc_cuddalore,11.748,79.7714,ECMWF_ERA5_Reanalysis
2020-12-30,26.7,22.8,24.4,28.5,25.9,27.1,11.0,25.4,50.0,16,11.75,1010.5,loc_cuddalore,11.748,79.7714,ECMWF_ERA5_Reanalysis
2020-12-31,27.2,22.8,25.0,30.1,26.1,27.7,14.3,26.8,51.1,49,13.33,1011.1,loc_cuddalore,11.748,79.7714,ECMWF_ERA5_Reanalysis
2021-01-01,27.3,22.5,24.7,28.4,25.0,26.6,1.3,21.3,41.4,34,15.72,1012.0,loc_cuddalore,11.748,79.7714,ECMWF_ERA5_Reanalysis
2021-01-02,26.4,22.3,24.1,29.5,24.4,26.6,6.2,21.3,40.7,25,12.91,1011.4,loc_cuddalore,11.748,79.7714,ECMWF_ERA5_Reanalysis
2021-01-03,26.4,23.4,24.6,30.5,26.3,28.1,21.2,17.1,33.5,43,11.54,1010.1,loc_cuddalore,11.748,79.7714,ECMWF_ERA5_Reanalysis
2021-01-04,27.0,23.4,25.2,29.9,26.7,28.1,2.3,20.5,40.0,42,15.6,1010.3,loc_cuddalore,11.748,79.7714,ECMWF_ERA5_Reanalysis
2021-01-05,26.1,23.8,24.7,29.8,27.1,28.4,18.2,18.2,35.6,46,8.2,1010.7,loc_cuddalore,11.748,79.7714,ECMWF_ERA5_Reanalysis
2021-01-06,26.6,24.0,25.0,30.6,28.3,29.5,20.1,14.0,31.3,79,11.84,1010.0,loc_cuddalore,11.748,79.7714,ECMWF_ERA5_Reanalysis
2021-01-07,27.3,22.9,25.1,30.9,26.9,29.2,7.0,20.0,38.9,48,13.46,1008.9,loc_cuddalore,11.748,79.7714,ECMWF_ERA5_Reanalysis
2021-01-08,27.3,23.9,25.4,31.7,28.5,29.8,6.9,14.2,31.3,49,14.3,1008.3,loc_cuddalore,11.748,79.7714,ECMWF_ERA5_Reanalysis
2021-01-09,27.8,23.5,25.5,31.4,27.9,29.4,2.7,20.0,38.5,43,15.99,1009.0,loc_cuddalore,11.748,79.7714,ECMWF_ERA5_Reanalysis
2021-01-10,27.9,23.9,25.4,31.6,27.6,29.0,3.9,20.2,37.8,31,12.49,1009.3,loc_cuddalore,11.748,79.7714,ECMWF_ERA5_Reanalysis
2021-01-11,27.1,23.4,25.1,29.8,26.2,28.4,11.2,21.1,38.9,23,6.49,1010.1,loc_cuddalore,11.748,79.7714,ECMWF_ERA5_Reanalysis
2021-01-12,26.2,23.7,24.6,28.8,26.4,27.4,13.9,22.7,47.9,40,6.41,1010.2,loc_cuddalore,11.748,79.7714,ECMWF_ERA5_Reanalysis
2021-01-13,26.6,23.9,25.0,29.6,26.7,28.2,4.4,21.9,44.3,43,14.12,1010.4,loc_cuddalore,11.748,79.7714,ECMWF_ERA5_Reanalysis
2021-01-14,27.9,22.7,25.1,31.4,25.7,28.4,2.4,21.5,41.4,40,15.05,1010.0,loc_cuddalore,11.748,79.7714,ECMWF_ERA5_Reanalysis
2021-01-15,27.2,23.2,25.2,30.2,26.8,28.7,3.9,20.5,39.6,40,14.76,1010.0,loc_cuddalore,11.748,79.7714,ECMWF_ERA5_Reanalysis
2021-01-16,27.3,22.8,25.0,30.3,26.0,28.2,1.8,17.9,35.6,39,16.87,1009.5,loc_cuddalore,11.748,79.7714,ECMWF_ERA5_Reanalysis
2021-01-17,27.1,20.8,23.9,30.6,23.7,26.6,0.0,19.2,36.7,34,20.09,1010.7,loc_cuddalore,11.748,79.7714,ECMWF_ERA5_Reanalysis
2021-01-18,27.5,21.8,24.4,29.7,24.0,26.4,0.0,21.8,41.0,25,18.85,1011.5,loc_cuddalore,11.748,79.7714,ECMWF_ERA5_Reanalysis
2021-01-19,28.0,21.7,24.7,31.3,24.0,27.2,0.4,18.6,34.2,21,20.51,1010.9,loc_cuddalore,11.748,79.7714,ECMWF_ERA5_Reanalysis
2021-01-20,28.1,22.9,25.2,30.9,25.4,28.2,0.2,18.6,36.7,19,13.6,1011.2,loc_cuddalore,11.748,79.7714,ECMWF_ERA5_Reanalysis
2021-01-21,27.8,23.5,25.5,33.3,27.8,30.4,1.0,11.4,25.9,54,16.5,1010.9,loc_cuddalore,11.748,79.7714,ECMWF_ERA5_Reanalysis
2021-01-22,27.9,23.8,25.6,33.5,28.2,30.4,0.8,10.3,27.4,74,17.53,1010.9,loc_cuddalore,11.748,79.7714,ECMWF_ERA5_Reanalysis
2021-01-23,27.5,22.6,25.0,31.5,26.4,28.8,3.1,13.4,28.8,64,17.5,1011.4,loc_cuddalore,11.748,79.7714,ECMWF_ERA5_Reanalysis
2021-01-24,27.3,21.2,24.1,31.3,24.3,27.5,1.0,12.1,25.9,51,17.51,1012.1,loc_cuddalore,11.748,79.7714,ECMWF_ERA5_Reanalysis
2021-01-25,27.6,21.9,24.3,32.8,24.8,28.1,0.8,10.3,24.1,60,18.99,1012.5,loc_cuddalore,11.748,79.7714,ECMWF_ERA5_Reanalysis
2021-01-26,27.5,21.1,24.2,30.8,23.4,26.7,0.1,15.0,31.3,41,19.99,1011.9,loc_cuddalore,11.748,79.7714,ECMWF_ERA5_Reanalysis
2021-01-27,27.7,21.0,24.2,31.3,23.2,27.0,0.0,14.7,31.0,23,20.42,1012.3,loc_cuddalore,11.748,79.7714,ECMWF_ERA5_Reanalysis
2021-01-28,28.3,22.1,25.1,30.3,23.9,27.2,0.2,19.8,39.2,38,19.88,1012.3,loc_cuddalore,11.748,79.7714,ECMWF_ERA5_Reanalysis
2021-01-29,28.1,22.9,25.5,30.2,25.4,27.9,1.2,22.7,44.3,41,18.35,1012.4,loc_cuddalore,11.748,79.7714,ECMWF_ERA5_Reanalysis
2021-01-30,28.3,22.7,25.4,31.6,25.3,28.3,0.0,17.4,36.0,37,19.8,1012.0,loc_cuddalore,11.748,79.7714,ECMWF_ERA5_Reanalysis
2021-01-31,28.7,23.1,25.6,32.1,26.8,28.6,0.1,17.9,36.4,43,21.01,1012.3,loc_cuddalore,11.748,79.7714,ECMWF_ERA5_Reanalysis
2021-02-01,28.5,22.2,25.5,31.4,24.9,27.8,0.0,22.9,44.3,35,21.03,1014.0,loc_cuddalore,11.748,79.7714,ECMWF_ERA5_Reanalysis
2021-02-02,28.6,21.5,25.3,31.6,23.7,27.8,0.1,20.0,41.0,35,21.61,1014.2,loc_cuddalore,11.748,79.7714,ECMWF_ERA5_Reanalysis
2021-02-03,28.3,23.2,25.6,30.1,25.8,27.6,0.0,21.7,43.6,44,19.8,1013.9,loc_cuddalore,11.748,79.7714,ECMWF_ERA5_Reanalysis
2021-02-04,28.2,21.4,24.9,29.8,24.2,26.5,0.0,21.6,41.8,43,21.68,1013.8,loc_cuddalore,11.748,79.7714,ECMWF_ERA5_Reanalysis
2021-02-05,28.1,20.4,24.6,30.0,21.8,25.9,0.0,20.5,41.0,40,21.5,1012.9,loc_cuddalore,11.748,79.7714,ECMWF_ERA5_Reanalysis
2021-02-06,28.0,19.9,24.3,30.5,21.4,26.0,0.0,21.6,42.1,30,22.57,1011.8,loc_cuddalore,11.748,79.7714,ECMWF_ERA5_Reanalysis
2021-02-07,29.1,20.0,24.5,30.6,21.7,26.1,0.0,23.0,44.3,24,23.4,1012.2,loc_cuddalore,11.748,79.7714,ECMWF_ERA5_Reanalysis
2021-02-08,28.8,21.2,25.1,30.2,23.3,26.6,0.0,24.7,48.6,35,23.63,1013.1,loc_cuddalore,11.748,79.7714,ECMWF_ERA5_Reanalysis
2021-02-09,28.1,22.0,25.1,29.0,24.3,26.2,0.2,21.5,42.5,39,21.67,1012.5,loc_cuddalore,11.748,79.7714,ECMWF_ERA5_Reanalysis
2021-02-10,27.9,20.8,24.2,29.7,22.2,25.7,0.0,14.6,32.4,40,22.15,1011.8,loc_cuddalore,11.748,79.7714,ECMWF_ERA5_Reanalysis
2021-02-11,28.1,19.0,23.6,30.5,20.7,25.1,0.0,15.8,34.6,48,22.61,1011.3,loc_cuddalore,11.748,79.7714,ECMWF_ERA5_Reanalysis
2021-02-12,28.0,20.4,24.2,29.8,21.3,25.5,0.0,15.9,34.2,30,18.83,1011.8,loc_cuddalore,11.748,79.7714,ECMWF_ERA5_Reanalysis
2021-02-13,28.6,19.3,24.2,31.5,20.5,26.1,0.0,17.6,37.1,56,23.15,1012.7,loc_cuddalore,11.748,79.7714,ECMWF_ERA5_Reanalysis
2021-02-14,28.8,20.4,24.8,32.1,22.7,27.2,0.0,16.7,34.6,70,22.53,1012.6,loc_cuddalore,11.748,79.7714,ECMWF_ERA5_Reanalysis
2021-02-15,29.0,20.6,24.8,33.5,22.9,27.6,0.0,16.9,36.4,66,23.42,1011.4,loc_cuddalore,11.748,79.7714,ECMWF_ERA5_Reanalysis
2021-02-16,29.0,22.4,25.4,33.1,25.6,28.4,0.0,14.2,33.1,84,22.37,1011.1,loc_cuddalore,11.748,79.7714,ECMWF_ERA5_Reanalysis
2021-02-17,28.6,21.3,25.2,31.3,24.1,27.5,0.0,15.7,35.3,70,21.72,1010.9,loc_cuddalore,11.748,79.7714,ECMWF_ERA5_Reanalysis
2021-02-18,28.4,22.8,25.6,30.2,26.3,27.6,0.6,18.5,37.8,62,19.07,1012.0,loc_cuddalore,11.748,79.7714,ECMWF_ERA5_Reanalysis
2021-02-19,28.5,22.4,25.2,31.7,25.6,28.0,4.2,22.9,46.1,47,19.21,1012.2,loc_cuddalore,11.748,79.7714,ECMWF_ERA5_Reanalysis
2021-02-20,27.0,21.5,24.6,29.7,23.9,27.0,5.8,21.1,42.8,31,15.62,1011.8,loc_cuddalore,11.748,79.7714,ECMWF_ERA5_Reanalysis
2021-02-21,26.3,21.9,24.3,29.5,24.7,27.4,8.3,17.8,34.6,40,12.78,1012.6,loc_cuddalore,11.748,79.7714,ECMWF_ERA5_Reanalysis
2021-02-22,28.9,22.2,25.5,32.5,25.1,28.6,1.0,17.9,36.4,38,20.83,1012.8,loc_cuddalore,11.748,79.7714,ECMWF_ERA5_Reanalysis
2021-02-23,29.0,22.6,25.7,33.6,26.3,29.3,0.0,17.0,34.6,51,22.59,1011.7,loc_cuddalore,11.748,79.7714,ECMWF_ERA5_Reanalysis
2021-02-24,29.0,21.2,25.1,33.6,24.6,28.8,0.0,12.6,30.2,70,23.71,1011.0,loc_cuddalore,11.748,79.7714,ECMWF_ERA5_Reanalysis
2021-02-25,29.0,20.9,24.7,34.2,24.2,28.3,0.0,15.2,33.5,88,22.85,1010.8,loc_cuddalore,11.748,79.7714,ECMWF_ERA5_Reanalysis
2021-02-26,30.2,19.9,25.1,35.8,22.7,28.8,0.0,13.2,31.0,130,24.36,1009.3,loc_cuddalore,11.748,79.7714,ECMWF_ERA5_Reanalysis
2021-02-27,30.1,20.4,24.9,34.9,23.5,28.4,0.0,15.0,31.7,145,24.31,1008.5,loc_cuddalore,11.748,79.7714,ECMWF_ERA5_Reanalysis
2021-02-28,29.5,19.3,24.5,34.1,21.9,28.2,0.0,14.0,32.8,127,22.75,1009.3,loc_cuddalore,11.748,79.7714,ECMWF_ERA5_Reanalysis
2021-03-01,30.4,21.3,25.6,35.2,25.1,29.5,0.0,13.8,31.7,124,24.12,1012.0,loc_cuddalore,11.748,79.7714,ECMWF_ERA5_Reanalysis
2021-03-02,30.3,21.3,25.5,35.3,24.9,29.3,0.0,13.8,32.8,130,24.46,1012.3,loc_cuddalore,11.748,79.7714,ECMWF_ERA5_Reanalysis
2021-03-03,29.7,20.2,25.1,34.2,23.3,28.8,0.0,13.5,32.4,107,24.7,1011.3,loc_cuddalore,11.748,79.7714,ECMWF_ERA5_Reanalysis
2021-03-04,29.8,21.4,25.8,33.2,23.7,28.8,0.0,13.4,32.0,87,24.53,1011.6,loc_cuddalore,11.748,79.7714,ECMWF_ERA5_Reanalysis
2021-03-05,30.0,21.2,25.5,34.2,24.2,28.8,0.0,15.6,34.2,71,24.09,1012.4,loc_cuddalore,11.748,79.7714,ECMWF_ERA5_Reanalysis
2021-03-06,30.3,20.2,25.8,35.4,23.2,29.4,0.0,15.4,34.2,94,25.19,1012.1,loc_cuddalore,11.748,79.7714,ECMWF_ERA5_Reanalysis
2021-03-07,30.7,22.2,26.4,36.1,26.1,30.7,0.0,14.4,34.6,99,23.78,1011.2,loc_cuddalore,11.748,79.7714,ECMWF_ERA5_Reanalysis
2021-03-08,31.0,24.7,27.5,35.6,29.4,31.3,0.0,16.9,35.3,76,23.39,1011.6,loc_cuddalore,11.748,79.7714,ECMWF_ERA5_Reanalysis
2021-03-09,30.9,24.3,27.2,34.8,28.9,31.3,1.1,17.7,38.5,70,23.69,1012.2,loc_cuddalore,11.748,79.7714,ECMWF_ERA5_Reanalysis
2021-03-10,30.6,25.0,27.5,35.8,29.9,31.9,0.8,16.0,35.6,90,21.74,1012.0,loc_cuddalore,11.748,79.7714,ECMWF_ERA5_Reanalysis
2021-03-11,31.0,24.2,27.5,35.3,28.4,31.5,0.1,15.6,35.6,107,24.47,1012.1,loc_cuddalore,11.748,79.7714,ECMWF_ERA5_Reanalysis
2021-03-12,30.4,20.7,26.1,34.4,23.9,29.7,0.0,15.2,34.9,92,24.59,1013.3,loc_cuddalore,11.748,79.7714,ECMWF_ERA5_Reanalysis
2021-03-13,30.8,22.2,26.6,34.7,25.2,30.0,0.0,16.1,36.4,69,24.22,1012.5,loc_cuddalore,11.748,79.7714,ECMWF_ERA5_Reanalysis
2021-03-14,31.7,22.5,27.1,35.9,26.0,30.8,0.0,14.4,33.8,76,25.35,1011.1,loc_cuddalore,11.748,79.7714,ECMWF_ERA5_Reanalysis
2021-03-15,31.7,22.2,26.8,36.1,25.8,30.8,0.0,15.2,35.3,78,25.77,1010.3,loc_cuddalore,11.748,79.7714,ECMWF_ERA5_Reanalysis
2021-03-16,31.5,23.4,27.1,36.3,27.8,31.5,0.0,13.8,33.1,88,24.29,1010.1,loc_cuddalore,11.748,79.7714,ECMWF_ERA5_Reanalysis
2021-03-17,31.0,22.2,26.8,35.8,26.2,30.9,0.0,14.8,34.6,98,23.7,1009.4,loc_cuddalore,11.748,79.7714,ECMWF_ERA5_Reanalysis
2021-03-18,31.1,23.8,27.0,34.9,28.0,30.7,0.0,15.2,34.6,85,24.06,1009.6,loc_cuddalore,11.748,79.7714,ECMWF_ERA5_Reanalysis
2021-03-19,30.9,22.9,26.5,35.8,26.3,30.2,0.0,16.9,37.1,90,25.32,1009.5,loc_cuddalore,11.748,79.7714,ECMWF_ERA5_Reanalysis
2021-03-20,31.4,21.8,26.6,36.0,25.0,30.4,0.0,14.6,34.6,117,22.84,1008.3,loc_cuddalore,11.748,79.7714,ECMWF_ERA5_Reanalysis
2021-03-21,31.7,23.0,27.3,37.2,27.2,31.6,0.0,15.1,35.6,107,24.0,1007.9,loc_cuddalore,11.748,79.7714,ECMWF_ERA5_Reanalysis
2021-03-22,31.3,22.9,27.2,36.1,27.4,31.1,0.0,14.7,34.6,101,21.71,1009.5,loc_cuddalore,11.748,79.7714,ECMWF_ERA5_Reanalysis
2021-03-23,31.2,22.7,27.4,36.0,26.9,31.3,0.0,16.3,36.7,84,20.94,1010.3,loc_cuddalore,11.748,79.7714,ECMWF_ERA5_Reanalysis
2021-03-24,32.1,23.9,28.0,37.5,28.9,32.6,0.0,16.2,35.6,76,24.66,1010.0,loc_cuddalore,11.748,79.7714,ECMWF_ERA5_Reanalysis
2021-03-25,32.2,24.4,28.0,37.4,29.6,33.0,0.0,15.8,36.4,93,25.16,1009.0,loc_cuddalore,11.748,79.7714,ECMWF_ERA5_Reanalysis
2021-03-26,32.6,25.2,28.4,37.3,30.6,33.2,0.0,14.5,33.5,90,21.66,1008.4,loc_cuddalore,11.748,79.7714,ECMWF_ERA5_Reanalysis
2021-03-27,32.5,24.4,28.2,37.5,29.0,33.2,0.0,16.5,37.1,119,23.8,1008.2,loc_cuddalore,11.748,79.7714,ECMWF_ERA5_Reanalysis
2021-03-28,33.0,24.7,28.5,38.7,29.9,33.6,0.0,18.7,39.2,144,25.12,1007.6,loc_cuddalore,11.748,79.7714,ECMWF_ERA5_Reanalysis
2021-03-29,33.6,24.7,28.9,39.6,29.7,33.6,0.0,21.9,43.6,159,25.61,1007.4,loc_cuddalore,11.748,79.7714,ECMWF_ERA5_Reanalysis
2021-03-30,36.7,25.4,29.8,41.3,29.3,34.0,0.0,19.2,40.7,175,26.07,1005.6,loc_cuddalore,11.748,79.7714,ECMWF_ERA5_Reanalysis
2021-03-31,36.4,24.6,30.0,41.3,27.3,33.8,0.0,23.7,46.1,174,26.18,1003.7,loc_cuddalore,11.748,79.7714,ECMWF_ERA5_Reanalysis
2021-04-01,36.6,26.5,30.8,42.6,29.7,34.7,0.0,26.3,50.8,179,24.15,1003.6,loc_cuddalore,11.748,79.7714,ECMWF_ERA5_Reanalysis
2021-04-02,37.1,26.8,31.1,42.7,31.2,35.0,0.0,22.6,41.0,177,24.12,1003.8,loc_cuddalore,11.748,79.7714,ECMWF_ERA5_Reanalysis
2021-04-03,35.6,26.1,30.2,42.0,30.3,34.7,0.0,21.7,44.6,172,25.4,1004.8,loc_cuddalore,11.748,79.7714,ECMWF_ERA5_Reanalysis
2021-04-04,34.4,26.6,30.1,41.3,30.6,35.5,0.0,16.5,38.2,146,25.23,1006.2,loc_cuddalore,11.748,79.7714,ECMWF_ERA5_Reanalysis
2021-04-05,32.6,26.4,29.4,39.4,32.9,35.4,0.2,16.9,34.2,114,24.0,1007.8,loc_cuddalore,11.748,79.7714,ECMWF_ERA5_Reanalysis
2021-04-06,32.4,25.6,28.7,37.8,31.3,33.8,0.0,15.5,36.4,117,24.7,1009.2,loc_cuddalore,11.748,79.7714,ECMWF_ERA5_Reanalysis
2021-04-07,32.4,24.4,28.4,36.9,29.0,33.0,0.0,17.2,36.7,132,25.44,1010.0,loc_cuddalore,11.748,79.7714,ECMWF_ERA5_Reanalysis
2021-04-08,32.8,24.0,28.3,37.7,28.9,32.5,0.0,21.2,43.2,149,26.15,1008.4,loc_cuddalore,11.748,79.7714,ECMWF_ERA5_Reanalysis
2021-04-09,32.4,23.3,28.1,37.1,27.1,32.3,0.0,18.7,39.2,139,26.45,1008.0,loc_cuddalore,11.748,79.7714,ECMWF_ERA5_Reanalysis
2021-04-10,32.2,24.6,28.4,37.0,29.9,33.1,1.1,18.6,39.6,134,24.03,1009.3,loc_cuddalore,11.748,79.7714,ECMWF_ERA5_Reanalysis
2021-04-11,30.9,25.3,28.1,36.1,30.9,33.1,1.0,15.5,35.3,115,21.24,1010.6,loc_cuddalore,11.748,79.7714,ECMWF_ERA5_Reanalysis
2021-04-12,30.7,25.7,28.3,35.6,31.0,33.3,2.5,16.1,34.6,130,18.93,1010.8,loc_cuddalore,11.748,79.7714,ECMWF_ERA5_Reanalysis
2021-04-13,31.7,25.0,28.4,37.2,30.4,33.4,1.2,19.7,40.7,135,21.97,1010.4,loc_cuddalore,11.748,79.7714,ECMWF_ERA5_Reanalysis
2021-04-14,32.2,25.6,28.2,37.6,31.3,33.3,1.8,20.1,41.4,144,19.68,1009.7,loc_cuddalore,11.748,79.7714,ECMWF_ERA5_Reanalysis
2021-04-15,29.7,25.1,27.3,35.7,29.8,32.6,5.5,14.2,30.6,113,16.72,1009.4,loc_cuddalore,11.748,79.7714,ECMWF_ERA5_Reanalysis
2021-04-16,32.3,25.0,28.8,38.5,30.0,33.7,0.9,20.5,40.3,155,23.25,1008.5,loc_cuddalore,11.748,79.7714,ECMWF_ERA5_Reanalysis
2021-04-17,33.9,25.9,29.6,40.2,31.5,34.8,0.2,18.9,38.9,156,23.47,1008.8,loc_cuddalore,11.748,79.7714,ECMWF_ERA5_Reanalysis
2021-04-18,33.7,26.3,29.9,39.8,32.2,35.0,0.0,19.9,42.1,162,25.25,1009.8,loc_cuddalore,11.748,79.7714,ECMWF_ERA5_Reanalysis
2021-04-19,35.8,26.5,30.5,40.5,31.5,35.0,0.0,20.9,43.2,168,23.99,1007.6,loc_cuddalore,11.748,79.7714,ECMWF_ERA5_Reanalysis
2021-04-20,34.6,26.5,30.1,40.5,32.1,35.2,0.0,22.9,46.1,160,25.12,1006.9,loc_cuddalore,11.748,79.7714,ECMWF_ERA5_Reanalysis
2021-04-21,33.9,25.9,29.7,39.5,31.4,34.5,0.0,24.0,49.0,158,25.1,1008.2,loc_cuddalore,11.748,79.7714,ECMWF_ERA5_Reanalysis
2021-04-22,33.4,26.1,29.7,38.5,31.5,34.4,0.1,22.2,46.1,158,24.24,1008.7,loc_cuddalore,11.748,79.7714,ECMWF_ERA5_Reanalysis
2021-04-23,34.3,26.0,29.9,39.4,31.7,34.9,0.0,22.2,45.0,154,24.81,1008.3,loc_cuddalore,11.748,79.7714,ECMWF_ERA5_Reanalysis
2021-04-24,33.9,26.7,30.1,38.9,32.6,34.9,0.0,19.4,42.5,146,23.89,1007.8,loc_cuddalore,11.748,79.7714,ECMWF_ERA5_Reanalysis
2021-04-25,33.1,26.8,29.6,38.4,33.1,34.8,0.7,18.6,40.7,148,24.65,1007.8,loc_cuddalore,11.748,79.7714,ECMWF_ERA5_Reanalysis
2021-04-26,32.7,26.5,29.4,37.5,32.2,34.3,1.2,21.4,45.4,151,23.36,1007.5,loc_cuddalore,11.748,79.7714,ECMWF_ERA5_Reanalysis
2021-04-27,32.8,26.4,29.4,38.5,32.7,34.9,0.3,17.1,39.2,149,22.64,1008.1,loc_cuddalore,11.748,79.7714,ECMWF_ERA5_Reanalysis
2021-04-28,34.2,26.2,30.0,39.8,31.8,35.3,0.0,20.5,43.9,154,24.8,1008.3,loc_cuddalore,11.748,79.7714,ECMWF_ERA5_Reanalysis
2021-04-29,35.0,26.1,30.3,40.1,32.1,35.3,0.0,21.5,45.7,152,25.53,1007.6,loc_cuddalore,11.748,79.7714,ECMWF_ERA5_Reanalysis
2021-04-30,33.0,27.0,29.7,38.5,32.8,35.1,0.0,18.6,41.0,140,24.0,1007.4,loc_cuddalore,11.748,79.7714,ECMWF_ERA5_Reanalysis
2021-05-01,32.5,26.7,29.5,38.1,33.3,35.0,1.7,18.7,41.0,129,22.77,1007.6,loc_cuddalore,11.748,79.7714,ECMWF_ERA5_Reanalysis
2021-05-02,31.9,26.3,29.3,37.3,32.6,34.7,0.7,20.3,43.6,125,22.74,1007.8,loc_cuddalore,11.748,79.7714,ECMWF_ERA5_Reanalysis
2021-05-03,32.1,27.0,29.3,37.5,32.8,34.6,1.0,16.6,36.4,128,21.93,1007.4,loc_cuddalore,11.748,79.7714,ECMWF_ERA5_Reanalysis
2021-05-04,32.9,26.5,29.5,38.4,32.3,34.5,0.7,19.6,40.0,146,21.82,1007.2,loc_cuddalore,11.748,79.7714,ECMWF_ERA5_Reanalysis
2021-05-05,33.1,26.1,29.7,38.1,31.3,34.8,0.2,18.4,41.0,130,23.7,1007.0,loc_cuddalore,11.748,79.7714,ECMWF_ERA5_Reanalysis
2021-05-06,33.5,26.5,30.0,38.9,32.9,35.2,0.8,18.5,41.0,132,23.52,1008.0,loc_cuddalore,11.748,79.7714,ECMWF_ERA5_Reanalysis
2021-05-07,32.3,27.2,29.4,37.4,32.8,34.5,1.1,18.8,41.0,132,20.26,1008.8,loc_cuddalore,11.748,79.7714,ECMWF_ERA5_Reanalysis
2021-05-08,32.7,26.3,29.6,38.0,32.4,34.7,1.1,17.5,38.9,112,22.43,1007.9,loc_cuddalore,11.748,79.7714,ECMWF_ERA5_Reanalysis
2021-05-09,33.2,26.4,29.8,39.1,32.4,35.2,0.7,17.5,38.2,134,23.23,1006.5,loc_cuddalore,11.748,79.7714,ECMWF_ERA5_Reanalysis
2021-05-10,33.3,26.8,30.0,38.7,32.8,35.1,0.4,19.6,40.7,154,23.31,1006.2,loc_cuddalore,11.748,79.7714,ECMWF_ERA5_Reanalysis
2021-05-11,35.6,26.9,30.7,40.5,32.2,35.1,0.0,25.8,51.1,170,23.75,1005.6,loc_cuddalore,11.748,79.7714,ECMWF_ERA5_Reanalysis
2021-05-12,34.2,27.7,30.5,39.7,32.1,35.1,0.6,25.7,50.0,169,22.99,1004.6,loc_cuddalore,11.748,79.7714,ECMWF_ERA5_Reanalysis
2021-05-13,33.8,27.6,30.4,39.1,32.3,35.0,0.1,27.4,53.3,164,22.59,1004.1,loc_cuddalore,11.748,79.7714,ECMWF_ERA5_Reanalysis
2021-05-14,34.1,26.6,30.6,39.2,32.5,35.3,0.0,23.8,46.4,161,23.54,1003.3,loc_cuddalore,11.748,79.7714,ECMWF_ERA5_Reanalysis
2021-05-15,34.7,28.2,30.5,37.0,30.4,33.4,0.4,20.8,54.7,200,12.82,1002.8,loc_cuddalore,11.748,79.7714,ECMWF_ERA5_Reanalysis
2021-05-16,35.3,27.3,30.4,39.7,31.3,34.8,6.1,20.3,38.9,179,19.09,1004.2,loc_cuddalore,11.748,79.7714,ECMWF_ERA5_Reanalysis
2021-05-17,34.2,27.1,30.7,38.9,32.9,35.2,0.1,26.4,50.8,160,23.73,1005.2,loc_cuddalore,11.748,79.7714,ECMWF_ERA5_Reanalysis
2021-05-18,34.1,27.6,30.7,39.7,32.7,35.3,0.3,24.2,50.8,164,22.63,1005.6,loc_cuddalore,11.748,79.7714,ECMWF_ERA5_Reanalysis
2021-05-19,35.0,27.7,30.7,40.5,33.2,35.5,0.2,27.1,51.8,168,22.77,1005.0,loc_cuddalore,11.748,79.7714,ECMWF_ERA5_Reanalysis
2021-05-20,33.9,26.7,30.1,39.2,32.1,34.8,3.7,23.6,49.3,181,22.04,1005.5,loc_cuddalore,11.748,79.7714,ECMWF_ERA5_Reanalysis
2021-05-21,35.4,27.2,30.0,39.2,32.3,34.6,5.3,21.6,43.6,209,16.67,1005.9,loc_cuddalore,11.748,79.7714,ECMWF_ERA5_Reanalysis
2021-05-22,34.6,26.2,30.2,36.3,30.8,33.7,0.0,16.5,33.1,229,10.8,1005.1,loc_cuddalore,11.748,79.7714,ECMWF_ERA5_Reanalysis
2021-05-23,35.0,27.8,30.7,37.7,31.6,34.1,0.6,19.4,38.2,210,11.52,1004.7,loc_cuddalore,11.748,79.7714,ECMWF_ERA5_Reanalysis
2021-05-24,40.1,28.4,32.8,41.4,31.9,36.0,0.0,21.5,45.7,234,20.33,1003.9,loc_cuddalore,11.748,79.7714,ECMWF_ERA5_Reanalysis
2021-05-25,39.5,29.4,33.1,42.3,31.7,35.1,0.5,26.4,46.8,231,15.98,1002.7,loc_cuddalore,11.748,79.7714,ECMWF_ERA5_Reanalysis
2021-05-26,36.3,27.4,31.6,40.2,29.5,34.4,0.0,19.9,42.8,243,19.58,1002.4,loc_cuddalore,11.748,79.7714,ECMWF_ERA5_Reanalysis
2021-05-27,39.1,27.4,31.7,40.4,30.1,34.9,0.0,18.0,36.4,232,22.89,1002.7,loc_cuddalore,11.748,79.7714,ECMWF_ERA5_Reanalysis
2021-05-28,38.2,28.1,31.5,41.0,29.9,34.0,0.0,22.2,43.9,208,25.14,1004.1,loc_cuddalore,11.748,79.7714,ECMWF_ERA5_Reanalysis
2021-05-29,37.2,27.5,31.5,41.7,30.5,34.7,0.0,20.6,40.3,187,22.44,1004.9,loc_cuddalore,11.748,79.7714,ECMWF_ERA5_Reanalysis
2021-05-30,38.2,27.2,31.9,42.6,31.2,34.9,0.2,19.7,38.5,193,22.18,1004.6,loc_cuddalore,11.748,79.7714,ECMWF_ERA5_Reanalysis
2021-05-31,38.9,28.3,32.1,42.6,32.1,35.5,0.0,27.6,51.8,202,24.11,1003.4,loc_cuddalore,11.748,79.7714,ECMWF_ERA5_Reanalysis
2021-06-01,37.0,28.6,31.9,42.5,32.2,35.6,0.0,21.7,43.2,189,23.57,1003.9,loc_cuddalore,11.748,79.7714,ECMWF_ERA5_Reanalysis
2021-06-02,35.3,27.8,31.2,41.2,33.0,36.0,0.3,18.1,36.7,162,24.34,1004.6,loc_cuddalore,11.748,79.7714,ECMWF_ERA5_Reanalysis
2021-06-03,34.4,26.9,30.2,39.6,32.3,34.9,0.0,22.7,46.4,152,24.54,1006.1,loc_cuddalore,11.748,79.7714,ECMWF_ERA5_Reanalysis
2021-06-04,32.4,26.1,29.2,38.7,30.7,34.8,3.3,18.0,39.6,145,23.25,1007.1,loc_cuddalore,11.748,79.7714,ECMWF_ERA5_Reanalysis
2021-06-05,32.0,25.0,28.4,38.5,30.8,34.0,5.2,17.2,31.3,175,20.68,1006.8,loc_cuddalore,11.748,79.7714,ECMWF_ERA5_Reanalysis
2021-06-06,32.9,25.4,29.0,38.8,30.2,33.7,0.2,22.8,41.0,184,20.61,1006.5,loc_cuddalore,11.748,79.7714,ECMWF_ERA5_Reanalysis
2021-06-07,35.0,26.8,30.5,40.5,31.3,35.0,0.1,19.9,40.0,179,22.4,1006.0,loc_cuddalore,11.748,79.7714,ECMWF_ERA5_Reanalysis
2021-06-08,35.6,27.7,30.7,41.1,31.7,34.9,0.6,20.2,41.0,190,21.65,1005.4,loc_cuddalore,11.748,79.7714,ECMWF_ERA5_Reanalysis
2021-06-09,37.0,26.8,31.0,40.3,30.6,34.3,0.5,25.1,47.5,200,23.68,1004.2,loc_cuddalore,11.748,79.7714,ECMWF_ERA5_Reanalysis
2021-06-10,36.9,28.6,31.6,40.7,31.6,34.4,0.2,22.6,45.4,210,21.82,1003.3,loc_cuddalore,11.748,79.7714,ECMWF_ERA5_Reanalysis
2021-06-11,37.6,28.7,31.7,40.4,31.7,35.0,0.0,20.9,38.2,220,22.35,1003.5,loc_cuddalore,11.748,79.7714,ECMWF_ERA5_Reanalysis
2021-06-12,38.6,27.4,31.9,41.6,30.2,35.3,0.2,16.6,41.4,229,21.65,1003.4,loc_cuddalore,11.748,79.7714,ECMWF_ERA5_Reanalysis
2021-06-13,35.8,26.1,31.2,37.9,30.5,33.5,0.0,22.0,44.6,253,19.31,1003.6,loc_cuddalore,11.748,79.7714,ECMWF_ERA5_Reanalysis
2021-06-14,34.3,27.3,30.4,34.6,29.5,32.2,0.0,25.3,47.5,251,10.71,1003.8,loc_cuddalore,11.748,79.7714,ECMWF_ERA5_Reanalysis
2021-06-15,37.7,26.9,31.9,40.5,29.5,34.1,0.1,20.7,43.2,234,19.66,1002.8,loc_cuddalore,11.748,79.7714,ECMWF_ERA5_Reanalysis
2021-06-16,38.6,26.9,32.4,40.1,29.6,34.5,0.0,20.0,44.6,247,22.69,1004.1,loc_cuddalore,11.748,79.7714,ECMWF_ERA5_Reanalysis
2021-06-17,37.5,27.3,32.3,41.6,30.8,35.2,0.8,17.2,40.7,225,21.82,1004.8,loc_cuddalore,11.748,79.7714,ECMWF_ERA5_Reanalysis
2021-06-18,36.9,27.5,32.4,41.5,30.6,34.9,0.0,13.9,29.9,235,21.74,1006.0,loc_cuddalore,11.748,79.7714,ECMWF_ERA5_Reanalysis
2021-06-19,36.1,26.9,30.8,40.3,29.9,33.9,0.0,24.0,48.2,174,21.78,1007.4,loc_cuddalore,11.748,79.7714,ECMWF_ERA5_Reanalysis
2021-06-20,36.4,27.6,31.1,40.5,30.5,34.2,0.0,25.0,47.5,176,22.03,1007.3,loc_cuddalore,11.748,79.7714,ECMWF_ERA5_Reanalysis
2021-06-21,37.1,27.8,31.7,41.7,30.4,34.7,0.1,24.2,46.8,193,22.88,1006.2,loc_cuddalore,11.748,79.7714,ECMWF_ERA5_Reanalysis
2021-06-22,33.4,26.5,29.5,36.0,31.2,32.9,2.1,17.4,37.4,199,9.73,1005.9,loc_cuddalore,11.748,79.7714,ECMWF_ERA5_Reanalysis
2021-06-23,34.7,26.9,30.1,39.9,31.2,34.3,0.5,23.8,47.2,191,20.38,1005.7,loc_cuddalore,11.748,79.7714,ECMWF_ERA5_Reanalysis
2021-06-24,33.3,26.2,29.4,38.0,30.6,33.6,0.1,18.5,39.6,185,20.07,1006.1,loc_cuddalore,11.748,79.7714,ECMWF_ERA5_Reanalysis
2021-06-25,36.5,27.0,30.4,40.4,29.2,33.3,0.0,18.0,36.7,207,23.55,1004.7,loc_cuddalore,11.748,79.7714,ECMWF_ERA5_Reanalysis
2021-06-26,36.1,27.3,30.7,39.6,29.3,33.6,0.0,19.7,41.4,227,20.33,1004.2,loc_cuddalore,11.748,79.7714,ECMWF_ERA5_Reanalysis
2021-06-27,34.1,26.4,29.4,38.2,29.8,32.8,1.5,16.2,44.3,274,16.39,1005.9,loc_cuddalore,11.748,79.7714,ECMWF_ERA5_Reanalysis
2021-06-28,32.4,26.3,28.7,38.9,29.9,33.4,0.7,18.2,35.3,169,21.11,1005.9,loc_cuddalore,11.748,79.7714,ECMWF_ERA5_Reanalysis
2021-06-29,31.6,26.6,29.0,37.3,31.2,33.6,0.2,22.8,44.3,167,22.77,1005.8,loc_cuddalore,11.748,79.7714,ECMWF_ERA5_Reanalysis
2021-06-30,33.3,26.9,29.5,40.1,31.6,34.4,0.1,20.6,41.0,171,21.88,1005.2,loc_cuddalore,11.748,79.7714,ECMWF_ERA5_Reanalysis
2021-07-01,33.5,26.2,29.1,39.7,30.5,34.1,9.0,24.1,47.9,184,23.45,1004.5,loc_cuddalore,11.748,79.7714,ECMWF_ERA5_Reanalysis
2021-07-02,32.8,24.9,28.4,39.7,30.2,33.9,12.3,16.6,36.4,183,22.34,1005.1,loc_cuddalore,11.748,79.7714,ECMWF_ERA5_Reanalysis
2021-07-03,32.0,25.3,28.4,39.9,31.6,34.9,2.6,12.1,31.0,160,22.36,1005.7,loc_cuddalore,11.748,79.7714,ECMWF_ERA5_Reanalysis
2021-07-04,32.3,26.0,28.8,40.6,30.8,34.6,14.8,20.6,37.8,193,21.57,1005.7,loc_cuddalore,11.748,79.7714,ECMWF_ERA5_Reanalysis
2021-07-05,31.9,25.1,28.3,39.9,29.8,33.9,1.1,15.0,30.6,172,23.58,1004.4,loc_cuddalore,11.748,79.7714,ECMWF_ERA5_Reanalysis
2021-07-06,32.5,25.7,28.8,39.8,31.0,34.3,2.2,18.5,33.8,175,22.89,1003.9,loc_cuddalore,11.748,79.7714,ECMWF_ERA5_Reanalysis
2021-07-07,32.3,26.7,29.1,38.5,31.1,34.2,3.4,17.4,33.8,179,21.89,1003.9,loc_cuddalore,11.748,79.7714,ECMWF_ERA5_Reanalysis
2021-07-08,33.3,26.1,29.2,41.3,30.9,34.7,0.5,16.8,32.0,176,23.53,1004.0,loc_cuddalore,11.748,79.7714,ECMWF_ERA5_Reanalysis
2021-07-09,33.1,25.7,28.1,40.4,30.8,33.7,23.9,16.8,34.2,225,19.2,1002.9,loc_cuddalore,11.748,79.7714,ECMWF_ERA5_Reanalysis
2021-07-10,30.6,26.0,28.1,35.1,29.6,32.1,1.3,16.9,29.9,239,7.72,1002.2,loc_cuddalore,11.748,79.7714,ECMWF_ERA5_Reanalysis
2021-07-11,30.3,25.4,27.9,34.9,28.5,31.5,0.0,14.8,28.8,223,9.54,1002.0,loc_cuddalore,11.748,79.7714,ECMWF_ERA5_Reanalysis
2021-07-12,33.0,26.1,29.4,36.8,28.9,32.7,0.2,18.8,38.2,240,17.18,1002.2,loc_cuddalore,11.748,79.7714,ECMWF_ERA5_Reanalysis
2021-07-13,33.8,26.8,29.6,38.2,30.4,33.6,0.8,17.6,40.3,250,18.43,1002.9,loc_cuddalore,11.748,79.7714,ECMWF_ERA5_Reanalysis
2021-07-14,33.3,25.7,28.8,37.1,29.8,32.8,3.2,17.0,34.9,243,18.42,1003.8,loc_cuddalore,11.748,79.7714,ECMWF_ERA5_Reanalysis
2021-07-15,31.1,25.4,27.5,34.6,30.1,31.8,2.4,15.5,38.2,204,11.39,1004.1,loc_cuddalore,11.748,79.7714,ECMWF_ERA5_Reanalysis
2021-07-16,31.9,25.7,28.8,37.4,28.3,33.5,4.2,15.2,32.0,212,18.59,1005.6,loc_cuddalore,11.748,79.7714,ECMWF_ERA5_Reanalysis
2021-07-17,31.8,25.4,28.1,37.6,31.0,33.7,4.8,12.4,29.9,196,15.34,1005.5,loc_cuddalore,11.748,79.7714,ECMWF_ERA5_Reanalysis
2021-07-18,27.4,25.1,26.0,32.4,28.6,30.9,27.7,15.6,27.4,229,5.35,1005.1,loc_cuddalore,11.748,79.7714,ECMWF_ERA5_Reanalysis
2021-07-19,33.7,24.3,28.8,37.4,27.9,32.4,0.0,20.9,40.0,230,19.87,1004.6,loc_cuddalore,11.748,79.7714,ECMWF_ERA5_Reanalysis
2021-07-20,33.9,25.6,29.6,38.2,29.2,33.3,0.0,18.1,35.6,250,21.09,1005.8,loc_cuddalore,11.748,79.7714,ECMWF_ERA5_Reanalysis
2021-07-21,33.6,25.7,29.4,36.2,29.3,32.8,0.1,19.8,44.3,255,15.28,1005.3,loc_cuddalore,11.748,79.7714,ECMWF_ERA5_Reanalysis
2021-07-22,32.6,27.1,29.3,35.0,29.1,31.8,0.5,22.3,42.8,257,17.25,1002.7,loc_cuddalore,11.748,79.7714,ECMWF_ERA5_Reanalysis
2021-07-23,33.6,26.8,29.3,37.3,29.0,32.3,1.1,18.6,41.0,230,14.68,1002.4,loc_cuddalore,11.748,79.7714,ECMWF_ERA5_Reanalysis
2021-07-24,35.0,26.0,30.0,40.0,29.8,34.1,0.1,17.1,34.6,214,22.27,1003.5,loc_cuddalore,11.748,79.7714,ECMWF_ERA5_Reanalysis
2021-07-25,35.5,26.9,30.3,40.8,30.8,34.7,0.2,20.4,48.6,213,22.49,1004.6,loc_cuddalore,11.748,79.7714,ECMWF_ERA5_Reanalysis
2021-07-26,35.1,26.4,30.2,38.7,30.5,34.0,0.2,19.2,40.7,230,20.91,1005.2,loc_cuddalore,11.748,79.7714,ECMWF_ERA5_Reanalysis
2021-07-27,36.4,26.5,30.4,41.2,30.6,34.4,1.6,22.9,52.9,214,23.02,1004.4,loc_cuddalore,11.748,79.7714,ECMWF_ERA5_Reanalysis
2021-07-28,36.3,26.8,30.3,40.7,29.7,33.9,0.0,22.1,53.3,209,22.71,1005.0,loc_cuddalore,11.748,79.7714,ECMWF_ERA5_Reanalysis
2021-07-29,36.5,26.8,30.4,39.7,30.1,34.2,0.0,16.2,33.8,222,21.47,1005.5,loc_cuddalore,11.748,79.7714,ECMWF_ERA5_Reanalysis
2021-07-30,37.3,27.7,31.1,40.5,29.9,34.0,0.0,18.9,42.5,240,22.78,1006.5,loc_cuddalore,11.748,79.7714,ECMWF_ERA5_Reanalysis
2021-07-31,36.9,26.9,30.7,39.5,30.2,33.9,0.9,19.0,42.1,222,22.53,1006.9,loc_cuddalore,11.748,79.7714,ECMWF_ERA5_Reanalysis
2021-08-01,34.8,26.2,30.2,38.0,30.7,33.5,0.0,18.7,32.4,212,17.59,1006.0,loc_cuddalore,11.748,79.7714,ECMWF_ERA5_Reanalysis
2021-08-02,35.9,26.6,30.4,39.5,30.1,33.8,0.0,20.3,39.2,196,21.96,1005.9,loc_cuddalore,11.748,79.7714,ECMWF_ERA5_Reanalysis
2021-08-03,36.3,27.4,30.9,39.5,29.9,33.7,0.0,17.6,39.6,232,21.56,1007.1,loc_cuddalore,11.748,79.7714,ECMWF_ERA5_Reanalysis
2021-08-04,37.5,27.7,31.6,40.6,30.5,35.0,0.0,17.3,38.9,251,21.83,1007.3,loc_cuddalore,11.748,79.7714,ECMWF_ERA5_Reanalysis
2021-08-05,35.7,27.6,30.8,40.5,30.7,34.0,0.6,25.6,50.0,201,21.67,1005.7,loc_cuddalore,11.748,79.7714,ECMWF_ERA5_Reanalysis
2021-08-06,35.7,27.1,30.4,40.9,30.9,34.3,0.4,22.3,47.9,211,21.86,1004.8,loc_cuddalore,11.748,79.7714,ECMWF_ERA5_Reanalysis
2021-08-07,34.2,26.6,29.9,40.7,30.8,34.6,0.3,15.9,34.6,195,22.76,1005.5,loc_cuddalore,11.748,79.7714,ECMWF_ERA5_Reanalysis
2021-08-08,33.1,25.7,29.2,41.0,31.4,34.6,3.6,19.2,35.6,175,24.06,1006.3,loc_cuddalore,11.748,79.7714,ECMWF_ERA5_Reanalysis
2021-08-09,34.4,26.8,29.9,41.8,30.7,34.8,2.7,18.4,37.4,198,24.01,1006.3,loc_cuddalore,11.748,79.7714,ECMWF_ERA5_Reanalysis
2021-08-10,34.3,25.5,29.4,41.9,30.4,34.9,3.3,15.8,33.1,231,23.07,1006.1,loc_cuddalore,11.748,79.7714,ECMWF_ERA5_Reanalysis
2021-08-11,35.0,25.7,29.2,42.0,30.7,34.5,4.1,14.2,33.1,233,22.79,1006.0,loc_cuddalore,11.748,79.7714,ECMWF_ERA5_Reanalysis
2021-08-12,34.2,25.3,28.8,39.5,29.9,33.9,9.9,12.3,34.9,261,19.9,1006.8,loc_cuddalore,11.748,79.7714,ECMWF_ERA5_Reanalysis
2021-08-13,33.3,26.6,29.1,39.8,29.8,34.0,0.6,14.1,35.6,274,20.5,1005.6,loc_cuddalore,11.748,79.7714,ECMWF_ERA5_Reanalysis
2021-08-14,34.7,25.8,29.2,40.0,30.6,33.9,1.1,15.3,34.9,265,20.64,1004.2,loc_cuddalore,11.748,79.7714,ECMWF_ERA5_Reanalysis
2021-08-15,33.0,26.6,29.0,38.3,29.6,33.3,0.2,15.0,31.7,245,17.2,1004.8,loc_cuddalore,11.748,79.7714,ECMWF_ERA5_Reanalysis
2021-08-16,34.2,25.5,29.1,38.8,29.6,33.6,0.7,14.4,35.3,230,20.92,1005.9,loc_cuddalore,11.748,79.7714,ECMWF_ERA5_Reanalysis
2021-08-17,32.7,25.8,28.6,40.2,30.0,33.6,3.7,17.6,38.5,192,21.92,1006.4,loc_cuddalore,11.748,79.7714,ECMWF_ERA5_Reanalysis
2021-08-18,32.9,25.7,28.8,38.9,30.1,33.4,1.3,18.6,37.1,200,22.04,1005.1,loc_cuddalore,11.748,79.7714,ECMWF_ERA5_Reanalysis
2021-08-19,33.5,25.7,28.9,40.2,29.6,33.5,1.2,17.5,40.3,206,19.82,1004.6,loc_cuddalore,11.748,79.7714,ECMWF_ERA5_Reanalysis
2021-08-20,31.7,25.7,28.3,38.8,29.9,33.6,0.8,16.4,30.2,163,20.22,1005.4,loc_cuddalore,11.748,79.7714,ECMWF_ERA5_Reanalysis
2021-08-21,30.0,25.3,27.2,35.8,28.8,32.7,11.5,17.1,29.9,202,18.02,1007.6,loc_cuddalore,11.748,79.7714,ECMWF_ERA5_Reanalysis
2021-08-22,30.4,24.5,27.4,37.4,29.7,32.7,0.8,17.6,34.6,166,22.85,1007.4,loc_cuddalore,11.748,79.7714,ECMWF_ERA5_Reanalysis
2021-08-23,30.8,24.7,27.6,36.2,28.3,32.0,0.9,17.2,35.3,192,22.07,1007.1,loc_cuddalore,11.748,79.7714,ECMWF_ERA5_Reanalysis
2021-08-24,32.2,25.4,28.4,38.3,29.4,32.7,0.3,19.0,37.8,187,22.56,1006.4,loc_cuddalore,11.748,79.7714,ECMWF_ERA5_Reanalysis
2021-08-25,33.6,25.8,29.0,39.4,29.1,32.8,0.2,22.0,41.0,194,23.08,1005.3,loc_cuddalore,11.748,79.7714,ECMWF_ERA5_Reanalysis
2021-08-26,33.6,25.9,29.3,40.7,30.1,34.1,1.1,18.3,34.2,187,23.6,1003.8,loc_cuddalore,11.748,79.7714,ECMWF_ERA5_Reanalysis
2021-08-27,32.1,25.7,28.8,39.1,31.4,34.2,4.2,15.8,29.9,222,18.09,1003.5,loc_cuddalore,11.748,79.7714,ECMWF_ERA5_Reanalysis
2021-08-28,31.2,26.0,27.9,36.4,29.9,32.7,4.9,15.2,33.8,240,10.99,1002.6,loc_cuddalore,11.748,79.7714,ECMWF_ERA5_Reanalysis
2021-08-29,32.1,25.0,27.5,37.0,28.7,31.8,12.7,16.1,45.7,231,14.04,1002.2,loc_cuddalore,11.748,79.7714,ECMWF_ERA5_Reanalysis
2021-08-30,32.8,25.3,28.7,37.7,29.0,33.1,0.8,14.3,36.4,241,17.81,1003.1,loc_cuddalore,11.748,79.7714,ECMWF_ERA5_Reanalysis
2021-08-31,33.1,25.0,28.7,39.8,29.7,33.4,0.5,16.9,32.4,189,21.08,1004.5,loc_cuddalore,11.748,79.7714,ECMWF_ERA5_Reanalysis
2021-09-01,32.5,26.1,28.8,37.9,30.4,34.0,2.3,15.4,34.2,177,19.11,1005.7,loc_cuddalore,11.748,79.7714,ECMWF_ERA5_Reanalysis
2021-09-02,31.8,25.0,27.6,37.8,29.3,32.8,15.3,13.9,27.7,200,19.02,1005.7,loc_cuddalore,11.748,79.7714,ECMWF_ERA5_Reanalysis
2021-09-03,30.5,24.7,27.3,35.5,29.1,31.8,9.4,14.3,25.6,233,13.04,1004.9,loc_cuddalore,11.748,79.7714,ECMWF_ERA5_Reanalysis
2021-09-04,30.9,24.7,27.4,35.3,28.6,31.8,7.4,14.3,33.8,235,13.46,1005.1,loc_cuddalore,11.748,79.7714,ECMWF_ERA5_Reanalysis
2021-09-05,33.4,24.7,27.7,39.5,28.4,32.3,10.4,15.3,45.0,224,20.0,1004.6,loc_cuddalore,11.748,79.7714,ECMWF_ERA5_Reanalysis
2021-09-06,32.1,25.2,28.2,36.6,29.6,32.4,0.4,13.7,27.7,244,15.7,1004.4,loc_cuddalore,11.748,79.7714,ECMWF_ERA5_Reanalysis
2021-09-07,33.1,25.8,29.0,37.8,29.0,32.9,0.2,19.0,33.5,214,19.27,1004.8,loc_cuddalore,11.748,79.7714,ECMWF_ERA5_Reanalysis
2021-09-08,33.6,25.8,28.9,39.9,28.6,33.0,0.0,22.4,42.5,195,24.01,1006.1,loc_cuddalore,11.748,79.7714,ECMWF_ERA5_Reanalysis
2021-09-09,34.4,25.1,29.2,40.4,29.6,33.4,0.1,17.7,36.0,212,23.54,1006.8,loc_cuddalore,11.748,79.7714,ECMWF_ERA5_Reanalysis
2021-09-10,34.8,26.8,29.8,40.0,30.3,34.1,0.3,16.3,29.9,207,21.42,1006.1,loc_cuddalore,11.748,79.7714,ECMWF_ERA5_Reanalysis
2021-09-11,34.6,27.1,30.2,39.5,30.0,33.9,0.0,19.5,34.6,199,20.48,1004.8,loc_cuddalore,11.748,79.7714,ECMWF_ERA5_Reanalysis
2021-09-12,35.5,26.9,30.4,40.1,30.1,34.2,0.7,18.6,33.8,214,20.85,1003.9,loc_cuddalore,11.748,79.7714,ECMWF_ERA5_Reanalysis
2021-09-13,35.7,27.0,30.6,40.6,29.8,34.2,0.0,16.5,30.2,211,21.16,1003.2,loc_cuddalore,11.748,79.7714,ECMWF_ERA5_Reanalysis
2021-09-14,35.3,26.9,30.2,40.3,30.8,34.1,0.1,23.0,45.4,180,22.6,1004.0,loc_cuddalore,11.748,79.7714,ECMWF_ERA5_Reanalysis
2021-09-15,34.8,27.0,30.0,40.3,31.8,34.9,2.1,21.6,42.5,175,22.53,1004.9,loc_cuddalore,11.748,79.7714,ECMWF_ERA5_Reanalysis
2021-09-16,34.7,26.3,29.3,40.6,31.3,34.6,8.0,17.1,38.9,167,21.18,1005.1,loc_cuddalore,11.748,79.7714,ECMWF_ERA5_Reanalysis
2021-09-17,34.9,26.1,29.0,42.8,29.6,34.5,10.5,18.2,34.2,199,21.12,1004.9,loc_cuddalore,11.748,79.7714,ECMWF_ERA5_Reanalysis
2021-09-18,32.5,25.6,28.3,39.0,30.5,33.6,0.6,14.2,31.3,180,16.51,1006.4,loc_cuddalore,11.748,79.7714,ECMWF_ERA5_Reanalysis
2021-09-19,32.0,26.2,28.7,39.4,32.1,34.9,3.8,15.1,31.3,168,23.54,1007.8,loc_cuddalore,11.748,79.7714,ECMWF_ERA5_Reanalysis
2021-09-20,32.5,24.7,28.3,39.7,29.4,33.8,10.7,15.0,33.5,182,23.85,1007.2,loc_cuddalore,11.748,79.7714,ECMWF_ERA5_Reanalysis
2021-09-21,34.5,26.0,29.5,41.0,30.7,34.6,0.3,17.5,30.2,199,22.15,1005.7,loc_cuddalore,11.748,79.7714,ECMWF_ERA5_Reanalysis
2021-09-22,33.0,26.0,29.2,39.4,31.1,34.1,0.2,17.7,32.0,179,20.93,1004.4,loc_cuddalore,11.748,79.7714,ECMWF_ERA5_Reanalysis
2021-09-23,33.8,26.7,29.4,40.2,30.8,34.3,2.1,17.4,34.6,190,21.07,1004.7,loc_cuddalore,11.748,79.7714,ECMWF_ERA5_Reanalysis
2021-09-24,32.8,25.2,28.6,39.9,30.6,34.4,5.4,14.1,34.6,73,23.72,1005.6,loc_cuddalore,11.748,79.7714,ECMWF_ERA5_Reanalysis
2021-09-25,33.2,24.7,28.6,41.3,28.8,34.4,17.1,12.9,33.1,201,23.51,1005.0,loc_cuddalore,11.748,79.7714,ECMWF_ERA5_Reanalysis
2021-09-26,31.9,24.9,28.1,36.6,30.1,33.1,8.3,18.6,32.8,221,16.18,1003.2,loc_cuddalore,11.748,79.7714,ECMWF_ERA5_Reanalysis
2021-09-27,34.1,26.4,29.3,38.7,29.3,33.1,0.9,20.9,41.4,238,20.61,1001.7,loc_cuddalore,11.748,79.7714,ECMWF_ERA5_Reanalysis
2021-09-28,33.3,25.4,28.7,39.3,28.8,33.4,1.1,11.6,36.7,208,22.05,1004.2,loc_cuddalore,11.748,79.7714,ECMWF_ERA5_Reanalysis
2021-09-29,33.5,26.1,28.9,40.2,28.6,32.9,0.4,15.0,32.4,268,21.0,1006.1,loc_cuddalore,11.748,79.7714,ECMWF_ERA5_Reanalysis
2021-09-30,32.2,26.0,28.7,39.8,31.4,34.6,3.8,10.2,34.6,125,21.13,1006.9,loc_cuddalore,11.748,79.7714,ECMWF_ERA5_Reanalysis
2021-10-01,29.5,24.1,27.0,36.7,28.3,32.6,47.2,13.0,32.8,80,18.23,1006.8,loc_cuddalore,11.748,79.7714,ECMWF_ERA5_Reanalysis
2021-10-02,29.6,24.5,26.9,37.0,29.5,32.5,16.1,16.4,34.2,62,19.34,1006.7,loc_cuddalore,11.748,79.7714,ECMWF_ERA5_Reanalysis
2021-10-03,29.8,24.8,27.0,37.0,29.7,33.1,12.4,9.4,26.6,70,19.44,1006.3,loc_cuddalore,11.748,79.7714,ECMWF_ERA5_Reanalysis
2021-10-04,29.7,25.3,27.2,36.1,30.5,33.4,7.7,14.5,34.6,71,19.03,1005.7,loc_cuddalore,11.748,79.7714,ECMWF_ERA5_Reanalysis
2021-10-05,27.2,24.0,25.6,33.8,28.1,31.0,52.2,12.0,28.8,314,4.59,1005.1,loc_cuddalore,11.748,79.7714,ECMWF_ERA5_Reanalysis
2021-10-06,30.7,23.9,27.1,36.3,27.8,31.5,2.1,18.2,35.3,192,20.02,1004.5,loc_cuddalore,11.748,79.7714,ECMWF_ERA5_Reanalysis
2021-10-07,31.7,25.5,28.2,39.6,29.9,33.5,1.2,17.6,31.3,184,21.8,1004.9,loc_cuddalore,11.748,79.7714,ECMWF_ERA5_Reanalysis
2021-10-08,31.1,25.6,28.2,37.5,30.5,33.7,10.3,14.2,24.5,217,15.03,1005.6,loc_cuddalore,11.748,79.7714,ECMWF_ERA5_Reanalysis
2021-10-09,31.4,25.3,28.3,36.7,29.0,32.9,4.0,16.2,33.8,240,20.02,1006.5,loc_cuddalore,11.748,79.7714,ECMWF_ERA5_Reanalysis
2021-10-10,31.8,25.2,28.1,38.7,29.2,33.5,10.1,11.4,25.2,262,17.45,1006.2,loc_cuddalore,11.748,79.7714,ECMWF_ERA5_Reanalysis
2021-10-11,32.2,24.8,27.1,40.3,29.5,32.8,39.1,11.5,31.3,237,20.49,1005.1,loc_cuddalore,11.748,79.7714,ECMWF_ERA5_Reanalysis
2021-10-12,32.2,24.3,27.1,40.0,29.2,32.7,16.8,15.0,29.9,265,20.75,1004.9,loc_cuddalore,11.748,79.7714,ECMWF_ERA5_Reanalysis
2021-10-13,32.0,24.5,27.2,37.8,29.2,32.6,7.7,15.3,34.2,274,19.51,1004.4,loc_cuddalore,11.748,79.7714,ECMWF_ERA5_Reanalysis
2021-10-14,32.8,24.8,28.0,40.5,29.5,34.0,5.5,15.0,29.2,233,21.77,1003.8,loc_cuddalore,11.748,79.7714,ECMWF_ERA5_Reanalysis
2021-10-15,31.4,24.9,28.0,39.0,30.4,34.2,12.2,11.6,20.5,223,21.02,1001.6,loc_cuddalore,11.748,79.7714,ECMWF_ERA5_Reanalysis
2021-10-16,31.7,24.7,28.0,38.9,29.7,33.4,21.0,15.9,34.2,201,19.68,1001.2,loc_cuddalore,11.748,79.7714,ECMWF_ERA5_Reanalysis
2021-10-17,31.3,25.0,28.0,38.1,29.9,33.7,1.1,13.6,27.4,227,18.64,1002.7,loc_cuddalore,11.748,79.7714,ECMWF_ERA5_Reanalysis
2021-10-18,32.1,26.1,28.1,39.3,29.7,33.4,9.3,12.2,22.0,227,18.94,1005.6,loc_cuddalore,11.748,79.7714,ECMWF_ERA5_Reanalysis
2021-10-19,32.4,25.4,28.2,39.6,30.2,34.1,0.5,10.9,18.7,259,19.21,1007.9,loc_cuddalore,11.748,79.7714,ECMWF_ERA5_Reanalysis
2021-10-20,29.7,25.7,27.6,37.0,31.6,34.0,12.9,10.0,27.4,165,18.37,1009.9,loc_cuddalore,11.748,79.7714,ECMWF_ERA5_Reanalysis
2021-10-21,29.8,24.3,27.2,36.6,29.2,32.8,11.5,12.2,26.6,158,20.76,1010.5,loc_cuddalore,11.748,79.7714,ECMWF_ERA5_Reanalysis
2021-10-22,29.3,23.7,27.0,36.2,27.9,32.4,2.2,12.9,26.6,143,20.82,1010.9,loc_cuddalore,11.748,79.7714,ECMWF_ERA5_Reanalysis
2021-10-23,30.1,23.5,26.8,37.8,27.7,32.3,14.5,11.4,23.8,184,20.08,1011.4,loc_cuddalore,11.748,79.7714,ECMWF_ERA5_Reanalysis
2021-10-24,29.5,23.9,26.6,35.9,28.3,31.7,9.3,11.5,24.5,20,17.31,1011.1,loc_cuddalore,11.748,79.7714,ECMWF_ERA5_Reanalysis
2021-10-25,29.7,23.3,26.4,34.4,26.7,30.9,10.0,18.6,34.6,20,17.82,1009.7,loc_cuddalore,11.748,79.7714,ECMWF_ERA5_Reanalysis
2021-10-26,29.9,23.9,26.8,35.0,28.9,31.7,0.8,18.2,33.8,14,19.73,1008.7,loc_cuddalore,11.748,79.7714,ECMWF_ERA5_Reanalysis
2021-10-27,29.9,24.0,27.2,34.5,28.5,31.2,0.9,21.9,40.3,24,20.78,1008.8,loc_cuddalore,11.748,79.7714,ECMWF_ERA5_Reanalysis
2021-10-28,28.8,24.5,26.1,32.8,28.2,30.1,9.7,16.5,36.7,10,11.57,1008.8,loc_cuddalore,11.748,79.7714,ECMWF_ERA5_Reanalysis
2021-10-29,27.7,24.2,25.5,32.0,28.6,30.1,29.4,16.0,33.1,40,11.58,1009.7,loc_cuddalore,11.748,79.7714,ECMWF_ERA5_Reanalysis
2021-10-30,28.5,23.8,26.0,33.1,27.6,30.2,6.5,21.3,40.3,28,15.14,1010.7,loc_cuddalore,11.748,79.7714,ECMWF_ERA5_Reanalysis
2021-10-31,28.3,23.6,25.7,31.9,27.5,29.7,23.1,20.2,41.0,33,12.26,1010.1,loc_cuddalore,11.748,79.7714,ECMWF_ERA5_Reanalysis
2021-11-01,26.5,24.4,25.3,31.1,28.5,29.5,29.2,15.0,28.1,63,6.71,1009.4,loc_cuddalore,11.748,79.7714,ECMWF_ERA5_Reanalysis
2021-11-02,27.3,24.5,25.6,31.3,27.9,29.9,16.2,17.0,32.0,72,8.87,1009.3,loc_cuddalore,11.748,79.7714,ECMWF_ERA5_Reanalysis
2021-11-03,27.5,24.0,25.4,31.9,28.2,30.1,27.8,13.8,28.4,54,11.71,1009.6,loc_cuddalore,11.748,79.7714,ECMWF_ERA5_Reanalysis
2021-11-04,28.1,23.2,25.5,32.5,26.9,30.1,19.2,13.5,25.9,11,13.14,1009.3,loc_cuddalore,11.748,79.7714,ECMWF_ERA5_Reanalysis
2021-11-05,29.4,23.4,25.3,36.5,27.5,30.3,15.3,9.0,24.8,308,14.19,1008.9,loc_cuddalore,11.748,79.7714,ECMWF_ERA5_Reanalysis
2021-11-06,29.8,23.2,25.6,35.7,27.3,30.0,12.0,17.5,33.5,338,16.3,1007.4,loc_cuddalore,11.748,79.7714,ECMWF_ERA5_Reanalysis
2021-11-07,26.9,23.3,24.8,30.2,26.8,28.4,25.9,20.9,39.2,350,9.06,1007.1,loc_cuddalore,11.748,79.7714,ECMWF_ERA5_Reanalysis
2021-11-08,25.7,23.2,24.3,29.3,25.7,27.6,55.8,20.5,34.9,3,4.49,1008.4,loc_cuddalore,11.748,79.7714,ECMWF_ERA5_Reanalysis
2021-11-09,26.6,22.9,24.6,30.0,25.5,27.8,41.4,20.2,43.9,1,8.58,1008.6,loc_cuddalore,11.748,79.7714,ECMWF_ERA5_Reanalysis
2021-11-10,26.2,22.7,23.6,28.6,23.8,25.9,22.2,20.9,36.7,331,6.74,1007.3,loc_cuddalore,11.748,79.7714,ECMWF_ERA5_Reanalysis
2021-11-11,26.5,22.5,23.9,28.4,23.5,25.7,13.2,24.2,45.7,265,7.52,1003.1,loc_cuddalore,11.748,79.7714,ECMWF_ERA5_Reanalysis
2021-11-12,27.4,22.4,25.2,32.1,25.5,29.2,0.7,14.8,24.5,186,15.0,1005.0,loc_cuddalore,11.748,79.7714,ECMWF_ERA5_Reanalysis
2021-11-13,29.6,23.2,26.1,34.1,27.5,31.0,1.2,13.3,25.2,188,14.08,1006.5,loc_cuddalore,11.748,79.7714,ECMWF_ERA5_Reanalysis
2021-11-14,28.9,23.8,25.8,34.7,28.2,31.2,16.5,12.2,28.4,225,11.82,1006.8,loc_cuddalore,11.748,79.7714,ECMWF_ERA5_Reanalysis
2021-11-15,29.1,23.9,25.9,34.7,28.1,31.1,17.4,11.3,25.2,320,14.95,1005.7,loc_cuddalore,11.748,79.7714,ECMWF_ERA5_Reanalysis
2021-11-16,28.2,23.4,25.5,33.9,28.0,30.5,29.8,14.6,27.4,95,14.66,1006.2,loc_cuddalore,11.748,79.7714,ECMWF_ERA5_Reanalysis
2021-11-17,28.3,23.5,25.1,33.0,27.2,29.5,36.6,16.8,33.8,3,9.07,1007.6,loc_cuddalore,11.748,79.7714,ECMWF_ERA5_Reanalysis
2021-11-18,24.8,23.2,23.9,27.4,25.2,26.3,109.8,26.2,45.7,311,1.48,1003.7,loc_cuddalore,11.748,79.7714,ECMWF_ERA5_Reanalysis
2021-11-19,29.9,23.7,25.9,34.3,26.1,29.6,7.3,20.6,35.6,209,15.24,1002.3,loc_cuddalore,11.748,79.7714,ECMWF_ERA5_Reanalysis
2021-11-20,28.7,24.1,26.0,35.1,28.6,31.2,26.4,13.4,27.0,177,14.43,1004.8,loc_cuddalore,11.748,79.7714,ECMWF_ERA5_Reanalysis
2021-11-21,28.8,23.4,26.1,34.6,28.3,31.5,9.2,9.4,22.7,109,18.1,1007.8,loc_cuddalore,11.748,79.7714,ECMWF_ERA5_Reanalysis
2021-11-22,28.6,23.8,26.2,33.7,28.6,30.8,13.8,16.8,31.3,37,14.32,1009.3,loc_cuddalore,11.748,79.7714,ECMWF_ERA5_Reanalysis
2021-11-23,28.9,24.5,26.7,34.2,28.9,31.0,5.5,19.8,37.4,38,16.5,1008.6,loc_cuddalore,11.748,79.7714,ECMWF_ERA5_Reanalysis
2021-11-24,29.3,23.8,26.6,33.7,28.0,30.7,0.3,20.0,36.7,30,19.16,1008.9,loc_cuddalore,11.748,79.7714,ECMWF_ERA5_Reanalysis
2021-11-25,27.1,24.2,25.4,30.1,27.4,28.6,31.6,24.9,46.8,35,11.08,1009.0,loc_cuddalore,11.748,79.7714,ECMWF_ERA5_Reanalysis
2021-11-26,25.5,23.5,24.4,29.6,26.8,28.0,46.7,17.7,32.4,20,4.11,1009.3,loc_cuddalore,11.748,79.7714,ECMWF_ERA5_Reanalysis
2021-11-27,25.7,23.6,24.3,29.2,26.7,27.9,33.1,16.7,34.2,28,5.74,1009.3,loc_cuddalore,11.748,79.7714,ECMWF_ERA5_Reanalysis
2021-11-28,27.4,23.6,25.2,31.1,27.5,29.2,18.7,18.8,36.4,50,11.47,1009.9,loc_cuddalore,11.748,79.7714,ECMWF_ERA5_Reanalysis
2021-11-29,26.1,23.5,24.6,30.5,26.8,28.7,32.6,17.2,32.4,73,6.26,1011.0,loc_cuddalore,11.748,79.7714,ECMWF_ERA5_Reanalysis
2021-11-30,27.4,23.4,25.0,32.6,27.5,29.0,14.2,20.0,38.2,38,14.99,1011.1,loc_cuddalore,11.748,79.7714,ECMWF_ERA5_Reanalysis
2021-12-01,28.6,23.3,25.8,32.9,27.3,29.8,1.4,19.0,35.6,39,18.54,1010.5,loc_cuddalore,11.748,79.7714,ECMWF_ERA5_Reanalysis
2021-12-02,28.1,23.4,25.9,31.0,27.2,29.1,1.4,18.6,34.6,27,17.35,1010.2,loc_cuddalore,11.748,79.7714,ECMWF_ERA5_Reanalysis
2021-12-03,29.6,22.5,25.8,33.8,25.1,29.5,0.0,11.8,24.8,7,18.96,1010.2,loc_cuddalore,11.748,79.7714,ECMWF_ERA5_Reanalysis
2021-12-04,30.0,22.1,25.9,36.0,25.8,30.4,0.0,13.2,25.9,28,19.77,1010.5,loc_cuddalore,11.748,79.7714,ECMWF_ERA5_Reanalysis
2021-12-05,29.4,23.4,26.5,35.7,28.1,31.8,0.8,9.5,23.4,166,18.15,1010.2,loc_cuddalore,11.748,79.7714,ECMWF_ERA5_Reanalysis
2021-12-06,29.3,23.6,26.5,35.4,28.1,31.8,2.2,10.7,22.0,142,17.48,1010.2,loc_cuddalore,11.748,79.7714,ECMWF_ERA5_Reanalysis
2021-12-07,29.0,23.8,26.4,34.7,28.6,31.2,0.3,13.7,27.4,43,18.95,1010.7,loc_cuddalore,11.748,79.7714,ECMWF_ERA5_Reanalysis
2021-12-08,29.0,23.9,26.5,33.8,28.3,30.9,0.6,17.5,33.5,36,18.19,1010.9,loc_cuddalore,11.748,79.7714,ECMWF_ERA5_Reanalysis
2021-12-09,28.5,24.3,26.1,33.4,27.9,30.4,2.5,14.3,29.9,49,17.58,1012.3,loc_cuddalore,11.748,79.7714,ECMWF_ERA5_Reanalysis
2021-12-10,29.2,23.2,25.9,32.9,26.6,29.2,1.5,22.7,42.1,28,18.44,1012.9,loc_cuddalore,11.748,79.7714,ECMWF_ERA5_Reanalysis
2021-12-11,27.4,23.7,25.4,31.2,26.6,28.7,5.4,21.0,42.1,34,14.37,1012.5,loc_cuddalore,11.748,79.7714,ECMWF_ERA5_Reanalysis
2021-12-12,27.5,23.3,25.3,30.9,26.5,28.4,7.8,22.5,41.8,30,14.97,1012.7,loc_cuddalore,11.748,79.7714,ECMWF_ERA5_Reanalysis
2021-12-13,27.8,23.2,25.3,32.6,26.6,28.5,6.7,22.5,41.0,33,14.61,1011.6,loc_cuddalore,11.748,79.7714,ECMWF_ERA5_Reanalysis
2021-12-14,26.9,23.0,24.8,29.1,25.8,27.6,6.9,23.0,43.9,35,10.73,1011.4,loc_cuddalore,11.748,79.7714,ECMWF_ERA5_Reanalysis
2021-12-15,28.5,23.0,25.7,30.5,26.0,28.0,2.1,24.9,47.2,24,17.7,1011.8,loc_cuddalore,11.748,79.7714,ECMWF_ERA5_Reanalysis
2021-12-16,28.4,23.2,25.7,30.2,25.0,27.2,0.0,24.7,45.7,19,17.27,1012.6,loc_cuddalore,11.748,79.7714,ECMWF_ERA5_Reanalysis
2021-12-17,28.4,22.1,25.1,30.6,23.4,26.8,0.0,23.7,42.8,15,19.18,1013.2,loc_cuddalore,11.748,79.7714,ECMWF_ERA5_Reanalysis
2021-12-18,28.1,21.3,25.0,29.9,22.7,26.4,0.0,24.0,43.2,17,18.8,1012.7,loc_cuddalore,11.748,79.7714,ECMWF_ERA5_Reanalysis
2021-12-19,27.9,21.2,24.9,29.7,22.0,26.1,0.0,20.2,38.5,14,19.94,1013.7,loc_cuddalore,11.748,79.7714,ECMWF_ERA5_Reanalysis
2021-12-20,28.3,20.5,24.6,30.1,21.2,26.0,0.0,21.7,40.7,12,18.95,1013.8,loc_cuddalore,11.748,79.7714,ECMWF_ERA5_Reanalysis
2021-12-21,28.5,20.2,24.5,31.6,21.6,26.5,0.0,15.9,31.0,23,19.81,1013.8,loc_cuddalore,11.748,79.7714,ECMWF_ERA5_Reanalysis
2021-12-22,28.2,20.2,24.1,31.0,22.3,26.4,0.0,13.3,27.7,39,20.25,1012.7,loc_cuddalore,11.748,79.7714,ECMWF_ERA5_Reanalysis
2021-12-23,27.6,19.0,23.5,30.8,20.4,25.7,0.0,12.4,26.3,43,20.57,1012.3,loc_cuddalore,11.748,79.7714,ECMWF_ERA5_Reanalysis
2021-12-24,28.1,19.0,23.2,31.8,20.9,25.7,0.0,12.0,25.9,58,19.94,1012.4,loc_cuddalore,11.748,79.7714,ECMWF_ERA5_Reanalysis
2021-12-25,28.0,18.7,23.4,31.3,20.4,25.8,0.0,14.3,29.9,57,20.71,1012.9,loc_cuddalore,11.748,79.7714,ECMWF_ERA5_Reanalysis
2021-12-26,28.4,19.3,24.3,31.7,21.4,27.1,0.0,13.9,29.9,39,19.34,1013.9,loc_cuddalore,11.748,79.7714,ECMWF_ERA5_Reanalysis
2021-12-27,29.0,20.1,24.7,32.5,22.5,27.4,0.0,11.9,25.9,30,18.67,1014.3,loc_cuddalore,11.748,79.7714,ECMWF_ERA5_Reanalysis
2021-12-28,28.3,22.7,25.6,31.4,25.4,28.4,1.1,15.3,31.0,53,17.75,1013.2,loc_cuddalore,11.748,79.7714,ECMWF_ERA5_Reanalysis
2021-12-29,29.0,21.4,25.1,32.7,24.4,28.2,0.3,16.5,33.1,39,20.06,1012.5,loc_cuddalore,11.748,79.7714,ECMWF_ERA5_Reanalysis
2021-12-30,26.6,22.0,23.9,29.0,25.4,26.8,12.5,22.8,44.6,32,13.25,1013.7,loc_cuddalore,11.748,79.7714,ECMWF_ERA5_Reanalysis
2021-12-31,26.2,21.7,23.6,28.8,24.5,26.2,16.2,23.2,44.3,32,12.2,1014.6,loc_cuddalore,11.748,79.7714,ECMWF_ERA5_Reanalysis
2022-01-01,25.7,22.2,23.9,28.0,25.1,26.6,15.4,22.7,42.5,31,13.17,1014.8,loc_cuddalore,11.748,79.7714,ECMWF_ERA5_Reanalysis
2022-01-02,27.8,22.4,25.1,30.9,25.5,27.8,4.3,23.5,41.4,38,18.51,1013.8,loc_cuddalore,11.748,79.7714,ECMWF_ERA5_Reanalysis
2022-01-03,28.0,22.6,25.2,30.9,25.4,27.7,0.4,22.4,41.0,35,19.5,1013.2,loc_cuddalore,11.748,79.7714,ECMWF_ERA5_Reanalysis
2022-01-04,27.3,21.7,24.6,29.0,24.1,26.4,0.0,22.9,42.1,29,19.45,1013.7,loc_cuddalore,11.748,79.7714,ECMWF_ERA5_Reanalysis
2022-01-05,28.5,20.1,24.3,31.8,21.6,26.7,0.0,16.6,32.0,18,19.13,1013.4,loc_cuddalore,11.748,79.7714,ECMWF_ERA5_Reanalysis
2022-01-06,28.0,21.9,24.8,31.4,24.4,27.9,0.3,19.0,35.6,29,19.16,1012.4,loc_cuddalore,11.748,79.7714,ECMWF_ERA5_Reanalysis
2022-01-07,27.2,21.8,24.7,30.9,25.0,28.0,0.8,17.4,34.9,46,17.94,1012.8,loc_cuddalore,11.748,79.7714,ECMWF_ERA5_Reanalysis
2022-01-08,28.3,22.5,25.4,31.5,26.0,28.5,0.6,17.1,33.8,50,18.48,1013.1,loc_cuddalore,11.748,79.7714,ECMWF_ERA5_Reanalysis
2022-01-09,28.1,22.5,24.9,32.0,26.3,28.5,0.6,14.0,28.8,53,19.32,1011.9,loc_cuddalore,11.748,79.7714,ECMWF_ERA5_Reanalysis
2022-01-10,28.4,21.1,25.2,33.3,24.4,29.0,0.0,11.9,26.6,67,20.09,1011.7,loc_cuddalore,11.748,79.7714,ECMWF_ERA5_Reanalysis
2022-01-11,28.7,22.9,25.5,32.9,26.9,29.5,0.8,15.6,31.7,60,19.04,1011.5,loc_cuddalore,11.748,79.7714,ECMWF_ERA5_Reanalysis
2022-01-12,28.6,21.9,25.3,33.7,25.4,29.4,0.8,13.2,25.6,83,17.98,1011.1,loc_cuddalore,11.748,79.7714,ECMWF_ERA5_Reanalysis
2022-01-13,29.2,22.1,25.8,34.2,26.4,30.3,1.7,12.3,26.6,130,17.39,1010.5,loc_cuddalore,11.748,79.7714,ECMWF_ERA5_Reanalysis
2022-01-14,28.7,22.8,25.8,34.2,26.4,30.3,1.0,11.4,25.2,107,17.61,1010.3,loc_cuddalore,11.748,79.7714,ECMWF_ERA5_Reanalysis
2022-01-15,28.8,23.2,26.0,33.9,27.0,30.2,1.5,17.4,34.2,66,18.41,1011.0,loc_cuddalore,11.748,79.7714,ECMWF_ERA5_Reanalysis
2022-01-16,28.8,22.9,25.7,32.2,26.6,28.6,0.8,23.4,42.5,35,17.99,1012.5,loc_cuddalore,11.748,79.7714,ECMWF_ERA5_Reanalysis
2022-01-17,27.8,23.0,25.4,30.6,25.5,27.7,1.5,20.7,39.6,35,17.37,1014.3,loc_cuddalore,11.748,79.7714,ECMWF_ERA5_Reanalysis
2022-01-18,28.0,21.4,24.9,30.2,23.7,27.0,0.3,20.0,39.6,28,19.63,1013.7,loc_cuddalore,11.748,79.7714,ECMWF_ERA5_Reanalysis
2022-01-19,28.3,21.4,25.0,31.0,23.8,27.3,0.3,16.2,33.1,40,19.71,1012.0,loc_cuddalore,11.748,79.7714,ECMWF_ERA5_Reanalysis
2022-01-20,28.8,19.6,24.3,33.0,21.7,26.9,0.0,15.5,31.0,75,20.46,1010.5,loc_cuddalore,11.748,79.7714,ECMWF_ERA5_Reanalysis
2022-01-21,29.1,20.1,24.9,33.6,22.4,28.0,0.0,14.3,30.6,164,21.52,1010.3,loc_cuddalore,11.748,79.7714,ECMWF_ERA5_Reanalysis
2022-01-22,30.3,20.6,25.5,36.0,23.2,29.2,0.0,17.6,34.2,161,21.29,1008.3,loc_cuddalore,11.748,79.7714,ECMWF_ERA5_Reanalysis
2022-01-23,30.8,22.4,26.3,34.5,25.4,29.7,0.0,20.9,39.6,168,19.9,1008.4,loc_cuddalore,11.748,79.7714,ECMWF_ERA5_Reanalysis
2022-01-24,29.2,22.4,25.9,32.6,26.2,29.4,1.2,21.3,40.7,164,18.94,1008.4,loc_cuddalore,11.748,79.7714,ECMWF_ERA5_Reanalysis
2022-01-25,28.9,22.0,25.7,33.6,25.6,29.3,0.1,15.8,32.0,153,20.71,1008.8,loc_cuddalore,11.748,79.7714,ECMWF_ERA5_Reanalysis
2022-01-26,28.5,22.8,25.4,32.0,25.7,28.8,0.4,14.0,30.6,136,18.32,1009.6,loc_cuddalore,11.748,79.7714,ECMWF_ERA5_Reanalysis
2022-01-27,28.8,22.9,25.9,32.0,26.4,28.8,0.4,18.6,35.6,73,20.38,1010.0,loc_cuddalore,11.748,79.7714,ECMWF_ERA5_Reanalysis
2022-01-28,28.7,22.8,25.6,30.3,25.5,27.5,1.8,23.7,44.6,32,19.08,1011.4,loc_cuddalore,11.748,79.7714,ECMWF_ERA5_Reanalysis
2022-01-29,27.6,23.1,25.3,29.2,25.6,27.3,2.7,24.7,46.8,29,12.02,1012.3,loc_cuddalore,11.748,79.7714,ECMWF_ERA5_Reanalysis
2022-01-30,29.1,23.4,25.9,32.3,27.1,29.2,2.6,18.0,36.7,48,17.13,1011.6,loc_cuddalore,11.748,79.7714,ECMWF_ERA5_Reanalysis
2022-01-31,28.8,22.5,25.7,32.7,26.2,29.2,0.8,14.6,29.9,67,18.55,1010.7,loc_cuddalore,11.748,79.7714,ECMWF_ERA5_Reanalysis
2022-02-01,28.7,21.6,25.4,32.3,25.4,28.7,0.7,14.3,31.0,78,19.01,1010.3,loc_cuddalore,11.748,79.7714,ECMWF_ERA5_Reanalysis
2022-02-02,28.5,20.5,24.4,32.7,23.5,27.4,0.0,13.8,30.2,97,22.14,1011.2,loc_cuddalore,11.748,79.7714,ECMWF_ERA5_Reanalysis
2022-02-03,28.5,19.0,24.5,32.5,21.1,27.1,0.0,14.1,29.9,128,22.45,1010.7,loc_cuddalore,11.748,79.7714,ECMWF_ERA5_Reanalysis
2022-02-04,30.0,21.4,25.8,34.6,24.3,29.0,0.0,19.1,38.5,142,22.33,1008.8,loc_cuddalore,11.748,79.7714,ECMWF_ERA5_Reanalysis
2022-02-05,29.5,22.9,26.3,34.3,27.1,30.3,0.4,13.2,29.2,122,20.79,1009.7,loc_cuddalore,11.748,79.7714,ECMWF_ERA5_Reanalysis
2022-02-06,28.7,24.3,26.4,31.9,27.8,29.2,1.3,16.2,33.8,89,19.51,1012.3,loc_cuddalore,11.748,79.7714,ECMWF_ERA5_Reanalysis
2022-02-07,29.7,22.7,26.0,32.7,26.5,28.5,0.2,22.5,42.8,52,22.02,1012.7,loc_cuddalore,11.748,79.7714,ECMWF_ERA5_Reanalysis
2022-02-08,29.3,21.1,25.3,31.9,23.6,27.6,0.0,18.8,37.1,53,22.84,1011.7,loc_cuddalore,11.748,79.7714,ECMWF_ERA5_Reanalysis
2022-02-09,28.9,22.4,25.7,31.4,25.4,27.8,0.0,21.6,42.8,54,22.2,1011.7,loc_cuddalore,11.748,79.7714,ECMWF_ERA5_Reanalysis
2022-02-10,30.5,21.5,25.9,32.5,23.3,27.9,0.0,22.9,43.6,34,21.7,1010.8,loc_cuddalore,11.748,79.7714,ECMWF_ERA5_Reanalysis
2022-02-11,28.4,23.5,25.7,30.2,26.0,28.1,5.5,22.3,41.8,36,11.72,1010.7,loc_cuddalore,11.748,79.7714,ECMWF_ERA5_Reanalysis
2022-02-12,29.5,23.9,26.4,31.6,26.7,28.6,0.3,23.9,44.6,40,20.07,1010.3,loc_cuddalore,11.748,79.7714,ECMWF_ERA5_Reanalysis
2022-02-13,29.0,23.5,26.3,31.4,27.1,28.7,0.2,20.3,40.7,51,21.41,1009.6,loc_cuddalore,11.748,79.7714,ECMWF_ERA5_Reanalysis
2022-02-14,28.0,22.5,25.6,30.7,26.3,27.9,1.6,20.0,39.6,56,18.95,1009.8,loc_cuddalore,11.748,79.7714,ECMWF_ERA5_Reanalysis
2022-02-15,29.0,22.9,25.9,30.9,26.1,27.7,0.3,20.1,39.6,53,21.73,1009.8,loc_cuddalore,11.748,79.7714,ECMWF_ERA5_Reanalysis
2022-02-16,29.2,21.3,25.4,32.0,23.7,27.8,0.0,16.9,35.6,47,23.43,1008.0,loc_cuddalore,11.748,79.7714,ECMWF_ERA5_Reanalysis
2022-02-17,29.0,21.3,25.4,32.1,23.7,27.8,0.0,17.0,34.9,43,22.57,1007.1,loc_cuddalore,11.748,79.7714,ECMWF_ERA5_Reanalysis
2022-02-18,29.9,23.1,26.5,32.6,26.3,28.9,0.0,19.5,39.2,42,21.9,1008.5,loc_cuddalore,11.748,79.7714,ECMWF_ERA5_Reanalysis
2022-02-19,29.5,22.9,26.3,32.6,24.9,28.9,0.0,19.3,40.0,38,22.4,1010.7,loc_cuddalore,11.748,79.7714,ECMWF_ERA5_Reanalysis
2022-02-20,30.5,22.4,26.5,34.6,25.5,29.7,0.0,17.0,36.7,88,22.78,1009.8,loc_cuddalore,11.748,79.7714,ECMWF_ERA5_Reanalysis
2022-02-21,31.0,21.7,26.4,36.0,25.2,30.2,0.0,18.1,38.2,148,23.21,1008.5,loc_cuddalore,11.748,79.7714,ECMWF_ERA5_Reanalysis
2022-02-22,30.7,22.1,26.5,35.4,26.2,30.9,0.0,14.3,32.0,109,22.94,1010.5,loc_cuddalore,11.748,79.7714,ECMWF_ERA5_Reanalysis
2022-02-23,30.3,24.2,27.1,33.9,28.4,30.3,0.1,19.0,38.9,74,23.89,1012.9,loc_cuddalore,11.748,79.7714,ECMWF_ERA5_Reanalysis
2022-02-24,30.0,23.1,26.5,32.9,27.1,29.3,0.2,17.7,37.1,61,23.62,1014.0,loc_cuddalore,11.748,79.7714,ECMWF_ERA5_Reanalysis
2022-02-25,29.6,21.4,25.7,32.6,24.4,28.2,0.0,17.4,36.7,61,23.81,1013.2,loc_cuddalore,11.748,79.7714,ECMWF_ERA5_Reanalysis
2022-02-26,29.7,21.5,26.1,32.8,24.3,28.8,0.6,19.3,39.6,53,21.26,1013.0,loc_cuddalore,11.748,79.7714,ECMWF_ERA5_Reanalysis
2022-02-27,30.1,22.7,26.5,33.2,26.9,29.7,0.6,18.2,36.7,54,22.69,1013.0,loc_cuddalore,11.748,79.7714,ECMWF_ERA5_Reanalysis
2022-02-28,30.5,22.1,26.5,33.9,25.2,29.8,0.0,17.8,37.8,46,23.82,1012.4,loc_cuddalore,11.748,79.7714,ECMWF_ERA5_Reanalysis
2022-03-01,32.6,22.1,26.7,33.6,25.4,29.3,0.0,17.6,36.4,38,25.14,1012.2,loc_cuddalore,11.748,79.7714,ECMWF_ERA5_Reanalysis
2022-03-02,31.0,21.0,26.0,33.9,23.4,28.9,0.0,18.0,37.8,32,24.27,1011.6,loc_cuddalore,11.748,79.7714,ECMWF_ERA5_Reanalysis
2022-03-03,30.3,22.7,26.7,32.6,26.0,29.2,0.0,23.3,44.6,27,20.18,1010.9,loc_cuddalore,11.748,79.7714,ECMWF_ERA5_Reanalysis
2022-03-04,30.6,24.0,26.8,32.2,26.4,28.5,0.9,30.6,56.9,21,19.04,1010.1,loc_cuddalore,11.748,79.7714,ECMWF_ERA5_Reanalysis
2022-03-05,31.0,23.8,27.1,32.5,25.5,28.5,0.3,29.3,54.4,22,21.43,1009.6,loc_cuddalore,11.748,79.7714,ECMWF_ERA5_Reanalysis
2022-03-06,29.0,23.0,26.0,30.6,24.4,27.3,12.7,28.8,53.6,22,17.15,1009.5,loc_cuddalore,11.748,79.7714,ECMWF_ERA5_Reanalysis
2022-03-07,28.4,22.6,25.6,31.4,23.5,28.2,42.3,23.5,45.7,69,16.5,1010.1,loc_cuddalore,11.748,79.7714,ECMWF_ERA5_Reanalysis
2022-03-08,29.7,22.6,25.9,35.4,26.2,30.2,0.0,12.7,25.9,60,24.32,1010.3,loc_cuddalore,11.748,79.7714,ECMWF_ERA5_Reanalysis
2022-03-09,29.4,22.4,25.8,34.7,26.4,30.1,0.0,13.7,30.2,60,24.93,1009.7,loc_cuddalore,11.748,79.7714,ECMWF_ERA5_Reanalysis
2022-03-10,29.5,21.1,25.4,35.3,24.4,29.6,0.0,12.8,29.2,53,24.53,1009.5,loc_cuddalore,11.748,79.7714,ECMWF_ERA5_Reanalysis
2022-03-11,30.1,22.4,25.9,34.9,26.5,29.9,0.0,16.3,33.8,57,24.35,1009.1,loc_cuddalore,11.748,79.7714,ECMWF_ERA5_Reanalysis
2022-03-12,30.4,21.9,25.9,34.8,25.4,29.7,0.0,16.1,34.2,47,24.85,1008.6,loc_cuddalore,11.748,79.7714,ECMWF_ERA5_Reanalysis
2022-03-13,30.9,22.0,26.2,34.7,25.5,30.0,0.0,15.0,32.4,39,23.77,1009.0,loc_cuddalore,11.748,79.7714,ECMWF_ERA5_Reanalysis
2022-03-14,32.1,22.0,26.7,34.7,25.5,30.2,0.0,16.1,34.2,49,25.25,1009.1,loc_cuddalore,11.748,79.7714,ECMWF_ERA5_Reanalysis
2022-03-15,32.1,21.6,26.5,37.1,25.3,30.4,0.0,18.9,36.0,93,24.38,1007.9,loc_cuddalore,11.748,79.7714,ECMWF_ERA5_Reanalysis
2022-03-16,32.6,22.0,26.8,37.1,25.8,30.6,0.0,18.3,37.1,154,24.89,1006.6,loc_cuddalore,11.748,79.7714,ECMWF_ERA5_Reanalysis
2022-03-17,32.4,21.0,26.9,37.4,24.3,30.8,0.0,14.8,33.1,152,25.14,1006.1,loc_cuddalore,11.748,79.7714,ECMWF_ERA5_Reanalysis
2022-03-18,33.0,22.5,27.2,38.5,26.6,31.7,0.0,18.1,37.8,161,24.58,1005.8,loc_cuddalore,11.748,79.7714,ECMWF_ERA5_Reanalysis
2022-03-19,32.6,25.9,28.4,38.3,30.6,33.3,0.0,17.7,36.7,146,23.21,1005.7,loc_cuddalore,11.748,79.7714,ECMWF_ERA5_Reanalysis
2022-03-20,34.3,25.6,29.6,42.1,30.5,35.0,0.0,16.9,34.6,164,22.59,1005.1,loc_cuddalore,11.748,79.7714,ECMWF_ERA5_Reanalysis
2022-03-21,36.4,25.2,30.1,41.2,29.7,34.5,0.2,21.9,41.8,178,23.78,1005.1,loc_cuddalore,11.748,79.7714,ECMWF_ERA5_Reanalysis
2022-03-22,33.7,24.8,28.8,40.6,27.8,33.7,2.1,17.3,33.1,179,21.9,1005.8,loc_cuddalore,11.748,79.7714,ECMWF_ERA5_Reanalysis
2022-03-23,32.3,26.2,28.9,38.9,32.3,34.6,0.1,17.6,35.6,156,22.91,1006.1,loc_cuddalore,11.748,79.7714,ECMWF_ERA5_Reanalysis
2022-03-24,31.7,25.4,28.5,37.1,30.9,33.5,0.2,18.3,38.2,159,23.61,1006.8,loc_cuddalore,11.748,79.7714,ECMWF_ERA5_Reanalysis
2022-03-25,30.9,25.2,28.2,35.6,30.0,32.9,2.5,19.2,38.2,158,22.34,1008.0,loc_cuddalore,11.748,79.7714,ECMWF_ERA5_Reanalysis
2022-03-26,31.7,25.6,28.5,37.0,30.7,33.2,1.2,17.3,36.0,158,22.3,1009.6,loc_cuddalore,11.748,79.7714,ECMWF_ERA5_Reanalysis
2022-03-27,32.4,25.5,28.6,38.1,30.9,33.3,0.4,18.9,38.5,158,24.45,1009.9,loc_cuddalore,11.748,79.7714,ECMWF_ERA5_Reanalysis
2022-03-28,32.6,25.3,28.7,38.0,30.5,33.6,0.1,19.7,39.2,163,24.43,1009.2,loc_cuddalore,11.748,79.7714,ECMWF_ERA5_Reanalysis
2022-03-29,33.6,25.6,29.0,39.3,30.1,33.8,0.0,23.3,46.1,165,24.83,1008.0,loc_cuddalore,11.748,79.7714,ECMWF_ERA5_Reanalysis
2022-03-30,34.0,26.2,29.5,39.6,30.5,34.1,0.0,22.2,43.2,170,25.12,1007.4,loc_cuddalore,11.748,79.7714,ECMWF_ERA5_Reanalysis
2022-03-31,34.8,25.6,29.3,40.2,30.0,33.6,0.0,23.5,43.9,169,25.78,1007.6,loc_cuddalore,11.748,79.7714,ECMWF_ERA5_Reanalysis
2022-04-01,32.2,25.8,28.9,37.6,30.3,33.4,0.4,22.4,42.8,166,24.15,1008.3,loc_cuddalore,11.748,79.7714,ECMWF_ERA5_Reanalysis
2022-04-02,32.8,26.6,29.1,38.3,31.0,33.5,0.0,22.2,42.1,158,25.3,1009.3,loc_cuddalore,11.748,79.7714,ECMWF_ERA5_Reanalysis
2022-04-03,32.0,25.9,28.8,37.7,30.8,33.5,0.1,17.2,36.0,155,25.21,1008.8,loc_cuddalore,11.748,79.7714,ECMWF_ERA5_Reanalysis
2022-04-04,32.2,25.7,28.9,37.8,31.3,33.8,0.4,16.6,35.6,134,25.51,1009.7,loc_cuddalore,11.748,79.7714,ECMWF_ERA5_Reanalysis
2022-04-05,31.9,25.4,28.6,37.6,31.2,33.5,0.5,16.9,36.0,134,25.29,1011.2,loc_cuddalore,11.748,79.7714,ECMWF_ERA5_Reanalysis
2022-04-06,31.8,24.6,28.3,37.3,30.0,33.3,0.3,15.2,32.0,139,24.2,1011.1,loc_cuddalore,11.748,79.7714,ECMWF_ERA5_Reanalysis
2022-04-07,32.1,25.2,28.8,37.8,30.8,33.9,0.4,16.9,36.0,132,24.6,1009.8,loc_cuddalore,11.748,79.7714,ECMWF_ERA5_Reanalysis
2022-04-08,31.6,26.3,28.6,37.6,31.7,33.8,1.5,16.4,33.1,133,23.36,1009.1,loc_cuddalore,11.748,79.7714,ECMWF_ERA5_Reanalysis
2022-04-09,31.0,24.5,27.9,37.3,29.4,33.1,1.6,16.9,36.4,117,22.61,1008.1,loc_cuddalore,11.748,79.7714,ECMWF_ERA5_Reanalysis
2022-04-10,29.8,24.9,27.3,35.0,30.1,32.4,5.1,15.2,29.9,68,12.79,1007.4,loc_cuddalore,11.748,79.7714,ECMWF_ERA5_Reanalysis
2022-04-11,30.2,25.1,27.7,35.4,30.2,32.6,4.6,16.6,33.5,79,17.63,1006.7,loc_cuddalore,11.748,79.7714,ECMWF_ERA5_Reanalysis
2022-04-12,30.4,25.4,27.9,37.6,31.0,33.6,8.3,12.9,30.2,107,20.9,1006.1,loc_cuddalore,11.748,79.7714,ECMWF_ERA5_Reanalysis
2022-04-13,30.5,24.9,27.5,37.1,30.5,32.9,3.9,13.5,31.3,157,19.09,1005.9,loc_cuddalore,11.748,79.7714,ECMWF_ERA5_Reanalysis
2022-04-14,32.1,25.1,28.4,37.9,30.0,33.2,0.0,21.4,37.8,178,21.4,1006.3,loc_cuddalore,11.748,79.7714,ECMWF_ERA5_Reanalysis
2022-04-15,32.7,25.7,29.3,39.3,30.3,34.1,0.0,21.8,42.1,173,24.7,1005.5,loc_cuddalore,11.748,79.7714,ECMWF_ERA5_Reanalysis
2022-04-16,35.5,27.0,30.3,40.8,31.3,34.8,0.0,25.1,47.9,179,23.64,1004.2,loc_cuddalore,11.748,79.7714,ECMWF_ERA5_Reanalysis
2022-04-17,34.9,27.1,30.4,40.9,31.6,35.1,0.0,24.7,46.1,179,21.83,1004.9,loc_cuddalore,11.748,79.7714,ECMWF_ERA5_Reanalysis
2022-04-18,32.8,26.4,29.2,40.6,31.1,34.8,0.1,15.8,31.3,173,22.86,1006.9,loc_cuddalore,11.748,79.7714,ECMWF_ERA5_Reanalysis
2022-04-19,32.4,26.6,29.3,39.5,32.6,35.4,0.0,15.7,31.7,151,24.71,1008.1,loc_cuddalore,11.748,79.7714,ECMWF_ERA5_Reanalysis
2022-04-20,32.1,26.4,29.1,39.1,32.3,35.0,0.4,18.1,36.0,151,24.79,1006.9,loc_cuddalore,11.748,79.7714,ECMWF_ERA5_Reanalysis
2022-04-21,32.0,27.2,29.2,38.2,32.5,34.4,0.1,18.7,37.8,143,25.21,1006.6,loc_cuddalore,11.748,79.7714,ECMWF_ERA5_Reanalysis
2022-04-22,32.3,25.5,29.0,38.1,31.6,34.2,0.1,16.5,33.5,140,24.89,1007.8,loc_cuddalore,11.748,79.7714,ECMWF_ERA5_Reanalysis
2022-04-23,32.6,25.5,29.2,38.6,30.0,34.2,0.0,19.6,38.9,153,24.74,1008.2,loc_cuddalore,11.748,79.7714,ECMWF_ERA5_Reanalysis
2022-04-24,33.5,25.8,29.6,39.2,31.6,34.9,0.0,19.5,38.5,148,24.87,1006.6,loc_cuddalore,11.748,79.7714,ECMWF_ERA5_Reanalysis
2022-04-25,34.0,25.7,29.5,39.5,31.2,34.5,0.0,20.6,41.0,160,25.48,1006.2,loc_cuddalore,11.748,79.7714,ECMWF_ERA5_Reanalysis
2022-04-26,33.4,26.4,29.5,39.7,31.9,34.7,0.0,20.1,39.6,156,25.64,1006.6,loc_cuddalore,11.748,79.7714,ECMWF_ERA5_Reanalysis
2022-04-27,33.2,26.2,29.4,38.9,31.9,34.5,0.0,20.2,40.0,154,25.43,1006.2,loc_cuddalore,11.748,79.7714,ECMWF_ERA5_Reanalysis
2022-04-28,33.8,25.8,29.7,39.3,31.2,34.8,0.0,22.2,43.2,162,25.43,1006.9,loc_cuddalore,11.748,79.7714,ECMWF_ERA5_Reanalysis
2022-04-29,33.9,26.9,30.1,40.6,31.9,35.3,0.0,24.1,46.8,165,25.77,1006.6,loc_cuddalore,11.748,79.7714,ECMWF_ERA5_Reanalysis
2022-04-30,35.5,26.7,30.5,41.9,31.6,35.9,0.0,18.7,38.9,167,25.63,1004.8,loc_cuddalore,11.748,79.7714,ECMWF_ERA5_Reanalysis
2022-05-01,35.4,27.2,30.7,42.1,32.1,35.7,0.0,22.9,44.3,163,25.33,1003.4,loc_cuddalore,11.748,79.7714,ECMWF_ERA5_Reanalysis
2022-05-02,36.0,27.6,31.1,42.7,33.3,36.5,0.0,20.5,41.4,150,25.32,1003.3,loc_cuddalore,11.748,79.7714,ECMWF_ERA5_Reanalysis
2022-05-03,34.3,27.6,30.6,41.0,32.6,36.3,0.0,20.7,41.8,148,24.94,1004.6,loc_cuddalore,11.748,79.7714,ECMWF_ERA5_Reanalysis
2022-05-04,33.6,27.4,30.3,39.6,34.1,36.3,0.2,21.0,41.0,148,24.02,1005.9,loc_cuddalore,11.748,79.7714,ECMWF_ERA5_Reanalysis
2022-05-05,34.3,25.9,30.2,40.2,31.7,35.7,0.0,18.1,37.8,144,23.75,1005.4,loc_cuddalore,11.748,79.7714,ECMWF_ERA5_Reanalysis
2022-05-06,34.9,26.9,30.8,40.8,33.7,36.7,0.0,19.0,39.6,151,23.85,1004.5,loc_cuddalore,11.748,79.7714,ECMWF_ERA5_Reanalysis
2022-05-07,35.1,27.2,30.8,42.0,33.4,37.0,0.0,19.0,39.2,143,23.8,1003.8,loc_cuddalore,11.748,79.7714,ECMWF_ERA5_Reanalysis
2022-05-08,35.3,27.3,31.0,42.6,34.2,37.6,0.0,16.9,34.2,125,19.82,1001.8,loc_cuddalore,11.748,79.7714,ECMWF_ERA5_Reanalysis
2022-05-09,36.4,27.4,31.7,39.3,31.9,36.3,0.0,16.9,29.5,269,11.63,1000.0,loc_cuddalore,11.748,79.7714,ECMWF_ERA5_Reanalysis
2022-05-10,32.8,28.1,30.7,36.9,32.6,34.5,0.3,19.0,34.6,260,8.84,999.6,loc_cuddalore,11.748,79.7714,ECMWF_ERA5_Reanalysis
2022-05-11,34.1,27.7,30.8,37.3,31.0,33.9,0.2,21.4,40.0,250,13.99,1000.7,loc_cuddalore,11.748,79.7714,ECMWF_ERA5_Reanalysis
2022-05-12,34.9,27.1,30.0,38.9,30.3,33.4,1.4,14.2,26.3,235,21.9,1002.7,loc_cuddalore,11.748,79.7714,ECMWF_ERA5_Reanalysis
2022-05-13,34.1,26.3,28.7,39.1,30.1,33.1,5.1,20.7,37.8,227,18.12,1002.9,loc_cuddalore,11.748,79.7714,ECMWF_ERA5_Reanalysis
2022-05-14,34.4,25.8,29.2,41.1,30.6,34.4,18.6,19.2,33.8,222,20.87,1003.0,loc_cuddalore,11.748,79.7714,ECMWF_ERA5_Reanalysis
2022-05-15,33.9,25.5,29.0,40.2,30.6,34.6,16.6,16.4,32.8,231,22.21,1003.9,loc_cuddalore,11.748,79.7714,ECMWF_ERA5_Reanalysis
2022-05-16,33.2,25.6,28.5,40.3,30.8,34.2,3.6,16.4,31.7,222,19.67,1003.4,loc_cuddalore,11.748,79.7714,ECMWF_ERA5_Reanalysis
2022-05-17,32.5,25.7,28.8,39.8,31.2,34.3,0.5,19.2,35.3,182,22.55,1002.3,loc_cuddalore,11.748,79.7714,ECMWF_ERA5_Reanalysis
2022-05-18,32.1,27.0,29.4,37.7,31.9,34.0,1.1,20.6,38.9,182,20.98,1002.6,loc_cuddalore,11.748,79.7714,ECMWF_ERA5_Reanalysis
2022-05-19,34.0,26.5,29.4,37.0,29.6,32.5,1.0,24.8,44.3,207,20.14,1004.2,loc_cuddalore,11.748,79.7714,ECMWF_ERA5_Reanalysis
2022-05-20,34.7,26.1,30.2,38.5,28.7,33.4,0.2,20.8,40.7,220,21.87,1005.1,loc_cuddalore,11.748,79.7714,ECMWF_ERA5_Reanalysis
2022-05-21,35.1,26.6,30.4,38.9,30.3,34.2,3.3,18.7,36.4,234,22.37,1004.2,loc_cuddalore,11.748,79.7714,ECMWF_ERA5_Reanalysis
2022-05-22,36.3,27.1,31.1,40.5,30.5,34.6,0.5,18.0,34.6,246,23.31,1002.4,loc_cuddalore,11.748,79.7714,ECMWF_ERA5_Reanalysis
2022-05-23,36.4,26.4,30.8,42.2,30.4,35.1,0.0,20.4,34.9,207,24.8,1002.0,loc_cuddalore,11.748,79.7714,ECMWF_ERA5_Reanalysis
2022-05-24,36.6,27.2,30.9,42.0,31.4,35.3,0.1,21.9,41.0,185,22.37,1004.2,loc_cuddalore,11.748,79.7714,ECMWF_ERA5_Reanalysis
2022-05-25,36.8,27.3,30.9,43.6,31.4,35.8,0.0,19.3,37.4,183,23.64,1005.8,loc_cuddalore,11.748,79.7714,ECMWF_ERA5_Reanalysis
2022-05-26,37.2,27.3,30.8,42.1,30.5,35.6,0.2,21.5,37.1,205,21.5,1006.0,loc_cuddalore,11.748,79.7714,ECMWF_ERA5_Reanalysis
2022-05-27,36.2,26.2,30.3,42.8,30.3,35.0,1.7,16.0,37.8,204,23.1,1005.4,loc_cuddalore,11.748,79.7714,ECMWF_ERA5_Reanalysis
2022-05-28,36.7,26.7,30.8,41.8,30.5,34.8,0.6,23.2,40.0,200,22.06,1004.5,loc_cuddalore,11.748,79.7714,ECMWF_ERA5_Reanalysis
2022-05-29,37.3,27.8,31.4,41.8,30.6,35.2,0.3,18.7,31.3,207,21.59,1004.4,loc_cuddalore,11.748,79.7714,ECMWF_ERA5_Reanalysis
2022-05-30,36.7,27.2,31.2,42.1,31.5,35.4,0.0,17.8,35.6,202,23.09,1003.6,loc_cuddalore,11.748,79.7714,ECMWF_ERA5_Reanalysis
2022-05-31,36.2,27.0,30.8,42.1,30.3,34.8,0.2,16.5,36.0,215,22.85,1002.8,loc_cuddalore,11.748,79.7714,ECMWF_ERA5_Reanalysis
2022-06-01,37.2,26.7,31.3,42.6,30.2,35.7,0.6,18.0,36.4,213,23.48,1002.7,loc_cuddalore,11.748,79.7714,ECMWF_ERA5_Reanalysis
2022-06-02,37.7,27.3,31.6,43.7,31.7,35.8,0.1,19.3,37.1,203,23.25,1002.8,loc_cuddalore,11.748,79.7714,ECMWF_ERA5_Reanalysis
2022-06-03,36.8,27.6,31.8,43.1,31.7,36.2,0.0,23.0,40.0,182,24.11,1002.1,loc_cuddalore,11.748,79.7714,ECMWF_ERA5_Reanalysis
2022-06-04,34.7,27.4,31.0,40.1,31.9,35.5,0.0,20.0,40.3,169,24.75,1002.4,loc_cuddalore,11.748,79.7714,ECMWF_ERA5_Reanalysis
2022-06-05,37.0,27.6,31.4,41.8,31.6,35.6,3.6,27.3,52.9,188,24.47,1002.6,loc_cuddalore,11.748,79.7714,ECMWF_ERA5_Reanalysis
2022-06-06,32.5,26.3,28.8,38.1,30.6,33.7,5.6,19.9,37.1,172,20.2,1004.1,loc_cuddalore,11.748,79.7714,ECMWF_ERA5_Reanalysis
2022-06-07,35.3,25.8,30.0,38.7,29.5,33.6,0.2,18.7,32.8,213,18.78,1004.1,loc_cuddalore,11.748,79.7714,ECMWF_ERA5_Reanalysis
2022-06-08,36.5,27.3,30.9,42.4,30.8,35.0,0.0,21.6,40.7,201,24.06,1003.4,loc_cuddalore,11.748,79.7714,ECMWF_ERA5_Reanalysis
2022-06-09,36.0,27.3,30.7,41.6,31.3,35.1,0.0,20.4,40.7,182,24.12,1003.1,loc_cuddalore,11.748,79.7714,ECMWF_ERA5_Reanalysis
2022-06-10,36.6,27.3,31.0,41.1,32.0,35.1,0.7,25.1,45.4,184,21.75,1004.0,loc_cuddalore,11.748,79.7714,ECMWF_ERA5_Reanalysis
2022-06-11,36.1,27.9,31.0,40.9,31.2,35.2,0.9,20.9,41.8,203,22.16,1004.9,loc_cuddalore,11.748,79.7714,ECMWF_ERA5_Reanalysis
2022-06-12,34.8,27.4,30.8,40.7,31.1,34.9,0.2,18.4,38.2,187,23.1,1004.8,loc_cuddalore,11.748,79.7714,ECMWF_ERA5_Reanalysis
2022-06-13,36.1,27.0,30.5,41.4,31.0,34.6,0.0,19.6,37.8,184,22.93,1005.4,loc_cuddalore,11.748,79.7714,ECMWF_ERA5_Reanalysis
2022-06-14,35.7,26.2,30.4,41.6,31.2,34.8,20.2,19.4,34.6,182,23.6,1004.9,loc_cuddalore,11.748,79.7714,ECMWF_ERA5_Reanalysis
2022-06-15,33.3,25.3,28.6,40.7,29.2,34.1,4.1,25.0,45.7,176,22.91,1004.9,loc_cuddalore,11.748,79.7714,ECMWF_ERA5_Reanalysis
2022-06-16,32.7,24.5,28.0,40.6,28.1,33.6,6.5,17.0,36.0,179,24.16,1005.0,loc_cuddalore,11.748,79.7714,ECMWF_ERA5_Reanalysis
2022-06-17,30.3,24.1,27.2,36.4,27.9,31.8,0.3,19.9,34.6,178,15.49,1005.2,loc_cuddalore,11.748,79.7714,ECMWF_ERA5_Reanalysis
2022-06-18,30.5,25.2,27.9,35.7,30.4,32.7,8.5,20.3,40.3,171,20.04,1005.3,loc_cuddalore,11.748,79.7714,ECMWF_ERA5_Reanalysis
2022-06-19,33.6,25.9,28.9,41.4,30.4,34.0,3.1,18.7,39.6,185,23.32,1005.3,loc_cuddalore,11.748,79.7714,ECMWF_ERA5_Reanalysis
2022-06-20,33.8,25.5,29.1,40.9,30.7,34.4,0.4,20.7,40.0,187,23.08,1004.2,loc_cuddalore,11.748,79.7714,ECMWF_ERA5_Reanalysis
2022-06-21,34.2,26.2,29.4,40.9,31.0,34.6,3.8,14.1,28.8,206,20.18,1003.1,loc_cuddalore,11.748,79.7714,ECMWF_ERA5_Reanalysis
2022-06-22,33.6,26.3,28.9,39.8,30.6,33.8,1.5,16.3,32.0,198,19.03,1004.4,loc_cuddalore,11.748,79.7714,ECMWF_ERA5_Reanalysis
2022-06-23,34.1,26.5,29.3,39.5,30.7,34.0,0.0,15.6,32.4,185,18.97,1005.3,loc_cuddalore,11.748,79.7714,ECMWF_ERA5_Reanalysis
2022-06-24,34.1,26.7,29.9,41.2,30.7,34.9,3.9,14.7,29.9,216,22.59,1004.4,loc_cuddalore,11.748,79.7714,ECMWF_ERA5_Reanalysis
2022-06-25,33.9,25.8,29.9,37.4,29.9,33.3,0.6,18.8,34.6,248,18.81,1002.5,loc_cuddalore,11.748,79.7714,ECMWF_ERA5_Reanalysis
2022-06-26,34.9,27.2,30.1,40.7,30.8,34.4,0.3,19.4,37.4,207,22.11,1003.1,loc_cuddalore,11.748,79.7714,ECMWF_ERA5_Reanalysis
2022-06-27,35.0,26.4,30.1,40.4,29.4,34.0,0.2,18.2,34.9,200,21.77,1004.5,loc_cuddalore,11.748,79.7714,ECMWF_ERA5_Reanalysis
2022-06-28,35.2,26.1,30.1,40.8,30.4,33.7,0.1,20.0,37.4,208,21.38,1004.5,loc_cuddalore,11.748,79.7714,ECMWF_ERA5_Reanalysis
2022-06-29,35.0,26.6,30.5,41.3,30.7,34.8,1.5,14.6,30.6,223,23.23,1002.9,loc_cuddalore,11.748,79.7714,ECMWF_ERA5_Reanalysis
2022-06-30,36.2,27.1,30.4,41.3,31.3,34.2,1.7,20.0,37.4,244,22.65,1002.5,loc_cuddalore,11.748,79.7714,ECMWF_ERA5_Reanalysis
2022-07-01,36.1,26.7,30.0,40.6,30.0,34.2,2.0,17.1,39.2,273,23.18,1002.4,loc_cuddalore,11.748,79.7714,ECMWF_ERA5_Reanalysis
2022-07-02,35.3,25.8,29.4,41.2,29.9,34.3,5.6,16.0,34.2,236,21.84,1001.8,loc_cuddalore,11.748,79.7714,ECMWF_ERA5_Reanalysis
2022-07-03,34.5,25.2,29.6,40.8,29.7,34.2,11.5,14.9,27.7,229,21.86,1002.1,loc_cuddalore,11.748,79.7714,ECMWF_ERA5_Reanalysis
2022-07-04,34.0,26.6,29.7,37.2,29.1,33.3,0.0,20.9,39.2,272,18.91,1002.3,loc_cuddalore,11.748,79.7714,ECMWF_ERA5_Reanalysis
2022-07-05,32.1,26.6,28.7,35.1,30.1,32.4,0.0,17.6,30.6,249,11.82,1002.4,loc_cuddalore,11.748,79.7714,ECMWF_ERA5_Reanalysis
2022-07-06,32.3,25.7,28.2,35.3,29.8,32.4,0.4,15.8,32.0,236,14.09,1003.9,loc_cuddalore,11.748,79.7714,ECMWF_ERA5_Reanalysis
2022-07-07,31.6,25.8,28.2,34.4,30.0,31.8,0.0,17.4,32.0,238,9.35,1005.7,loc_cuddalore,11.748,79.7714,ECMWF_ERA5_Reanalysis
2022-07-08,35.1,24.9,29.5,37.0,29.7,32.9,0.1,24.5,47.9,269,19.18,1004.3,loc_cuddalore,11.748,79.7714,ECMWF_ERA5_Reanalysis
2022-07-09,32.4,26.8,29.0,35.3,29.4,32.0,0.9,18.3,34.6,248,11.78,1003.0,loc_cuddalore,11.748,79.7714,ECMWF_ERA5_Reanalysis
2022-07-10,35.1,25.3,29.2,38.7,28.9,32.7,9.6,21.5,42.5,249,18.39,1003.1,loc_cuddalore,11.748,79.7714,ECMWF_ERA5_Reanalysis
2022-07-11,33.2,27.0,29.4,35.6,29.8,32.2,0.4,22.5,42.5,245,14.32,1005.0,loc_cuddalore,11.748,79.7714,ECMWF_ERA5_Reanalysis
2022-07-12,36.0,26.0,30.6,38.0,28.8,32.9,0.0,25.5,48.6,248,21.9,1004.3,loc_cuddalore,11.748,79.7714,ECMWF_ERA5_Reanalysis
2022-07-13,36.2,26.7,30.9,37.0,28.5,32.6,0.6,27.0,51.8,251,22.58,1002.3,loc_cuddalore,11.748,79.7714,ECMWF_ERA5_Reanalysis
2022-07-14,36.0,26.1,30.6,37.8,28.6,32.4,0.5,26.3,49.3,248,21.21,1001.4,loc_cuddalore,11.748,79.7714,ECMWF_ERA5_Reanalysis
2022-07-15,36.6,26.2,30.9,38.3,28.8,33.2,0.1,21.3,41.4,246,21.3,1002.5,loc_cuddalore,11.748,79.7714,ECMWF_ERA5_Reanalysis
2022-07-16,35.8,26.7,29.9,39.8,29.8,33.6,0.8,20.9,40.3,235,19.81,1003.8,loc_cuddalore,11.748,79.7714,ECMWF_ERA5_Reanalysis
2022-07-17,34.2,25.4,28.8,39.8,29.6,33.2,3.7,19.4,34.9,211,18.99,1004.4,loc_cuddalore,11.748,79.7714,ECMWF_ERA5_Reanalysis
2022-07-18,32.5,25.5,28.4,37.9,29.6,33.8,0.6,13.2,25.9,211,15.99,1005.0,loc_cuddalore,11.748,79.7714,ECMWF_ERA5_Reanalysis
2022-07-19,33.2,25.1,28.8,40.4,30.7,34.3,1.2,14.7,32.0,152,22.64,1005.0,loc_cuddalore,11.748,79.7714,ECMWF_ERA5_Reanalysis
2022-07-20,32.8,25.9,28.9,40.7,30.9,34.0,2.5,16.0,32.8,185,22.42,1005.1,loc_cuddalore,11.748,79.7714,ECMWF_ERA5_Reanalysis
2022-07-21,33.6,24.9,28.6,41.5,29.3,34.2,1.9,21.8,39.2,196,23.69,1004.8,loc_cuddalore,11.748,79.7714,ECMWF_ERA5_Reanalysis
2022-07-22,32.9,24.7,28.1,40.0,29.5,33.8,2.4,12.4,25.6,230,22.21,1005.2,loc_cuddalore,11.748,79.7714,ECMWF_ERA5_Reanalysis
2022-07-23,32.9,24.6,27.9,40.6,28.6,33.4,7.1,18.4,34.6,213,22.69,1004.7,loc_cuddalore,11.748,79.7714,ECMWF_ERA5_Reanalysis
2022-07-24,32.5,24.5,27.8,38.6,28.1,32.6,0.7,18.2,31.3,233,20.61,1004.9,loc_cuddalore,11.748,79.7714,ECMWF_ERA5_Reanalysis
2022-07-25,32.8,25.5,28.6,38.9,30.1,34.0,2.6,11.5,26.3,202,21.02,1005.6,loc_cuddalore,11.748,79.7714,ECMWF_ERA5_Reanalysis
2022-07-26,30.8,24.1,26.9,37.6,28.1,32.4,40.0,15.7,28.1,296,19.39,1006.7,loc_cuddalore,11.748,79.7714,ECMWF_ERA5_Reanalysis
2022-07-27,29.4,23.9,26.8,35.4,28.2,32.1,0.7,13.4,29.5,129,22.85,1006.6,loc_cuddalore,11.748,79.7714,ECMWF_ERA5_Reanalysis
2022-07-28,30.0,25.0,27.5,37.4,29.6,33.2,3.2,13.0,28.4,136,22.76,1006.8,loc_cuddalore,11.748,79.7714,ECMWF_ERA5_Reanalysis
2022-07-29,30.1,24.8,27.7,36.5,30.2,33.5,0.4,13.2,28.8,155,21.9,1006.5,loc_cuddalore,11.748,79.7714,ECMWF_ERA5_Reanalysis
2022-07-30,31.2,25.4,28.0,38.7,30.2,33.5,2.9,13.9,28.8,174,22.15,1005.3,loc_cuddalore,11.748,79.7714,ECMWF_ERA5_Reanalysis
2022-07-31,31.4,25.0,28.1,39.1,29.7,33.6,4.2,16.4,32.0,178,23.66,1003.5,loc_cuddalore,11.748,79.7714,ECMWF_ERA5_Reanalysis
2022-08-01,32.8,24.4,28.3,40.1,29.9,33.5,0.7,19.5,35.3,221,23.09,1002.8,loc_cuddalore,11.748,79.7714,ECMWF_ERA5_Reanalysis
2022-08-02,30.6,25.0,27.3,36.4,29.4,32.5,1.6,16.1,30.2,205,12.55,1001.7,loc_cuddalore,11.748,79.7714,ECMWF_ERA5_Reanalysis
2022-08-03,28.6,25.1,26.8,34.1,30.6,32.1,0.8,14.1,29.5,297,13.38,1001.7,loc_cuddalore,11.748,79.7714,ECMWF_ERA5_Reanalysis
2022-08-04,29.5,25.2,26.8,33.4,29.6,31.0,4.4,18.9,36.0,221,12.01,1002.3,loc_cuddalore,11.748,79.7714,ECMWF_ERA5_Reanalysis
2022-08-05,28.4,24.7,26.5,31.5,28.2,29.8,1.3,18.9,36.0,231,7.38,1003.3,loc_cuddalore,11.748,79.7714,ECMWF_ERA5_Reanalysis
2022-08-06,31.8,25.1,27.9,35.0,28.1,31.2,0.0,16.9,32.8,238,13.47,1002.8,loc_cuddalore,11.748,79.7714,ECMWF_ERA5_Reanalysis
2022-08-07,33.3,25.3,28.9,36.8,28.4,32.1,0.3,21.9,47.2,233,20.12,1001.6,loc_cuddalore,11.748,79.7714,ECMWF_ERA5_Reanalysis
2022-08-08,34.4,25.5,29.6,38.5,28.5,32.6,0.3,24.2,54.0,232,21.86,1001.4,loc_cuddalore,11.748,79.7714,ECMWF_ERA5_Reanalysis
2022-08-09,35.0,25.6,29.9,37.6,28.3,32.3,0.3,22.3,42.5,237,23.39,1001.8,loc_cuddalore,11.748,79.7714,ECMWF_ERA5_Reanalysis
2022-08-10,34.9,25.4,30.1,37.7,27.8,32.5,0.0,19.5,40.0,238,24.48,1002.0,loc_cuddalore,11.748,79.7714,ECMWF_ERA5_Reanalysis
2022-08-11,35.6,25.4,29.6,38.5,28.2,32.9,0.0,20.9,39.2,219,22.44,1003.4,loc_cuddalore,11.748,79.7714,ECMWF_ERA5_Reanalysis
2022-08-12,35.8,26.1,29.8,39.2,30.0,33.9,0.0,16.8,34.9,201,20.46,1004.5,loc_cuddalore,11.748,79.7714,ECMWF_ERA5_Reanalysis
2022-08-13,35.9,26.7,30.4,39.5,30.3,34.0,0.0,18.6,35.6,235,22.82,1004.4,loc_cuddalore,11.748,79.7714,ECMWF_ERA5_Reanalysis
2022-08-14,35.0,27.4,30.1,39.2,29.3,33.5,0.2,17.1,33.1,233,20.22,1005.4,loc_cuddalore,11.748,79.7714,ECMWF_ERA5_Reanalysis
2022-08-15,34.3,26.1,29.4,39.7,30.8,33.7,0.3,20.5,38.9,167,21.48,1006.3,loc_cuddalore,11.748,79.7714,ECMWF_ERA5_Reanalysis
2022-08-16,32.3,26.3,29.1,37.7,31.7,34.1,0.8,21.2,40.3,167,22.79,1006.6,loc_cuddalore,11.748,79.7714,ECMWF_ERA5_Reanalysis
2022-08-17,33.1,26.2,29.2,38.9,30.3,34.0,0.8,20.2,36.0,178,22.84,1006.6,loc_cuddalore,11.748,79.7714,ECMWF_ERA5_Reanalysis
2022-08-18,33.6,25.5,28.7,41.1,29.7,33.9,15.1,18.4,34.2,199,21.09,1005.6,loc_cuddalore,11.748,79.7714,ECMWF_ERA5_Reanalysis
2022-08-19,34.4,25.0,28.9,39.0,29.1,33.5,1.7,14.7,30.6,233,21.97,1005.3,loc_cuddalore,11.748,79.7714,ECMWF_ERA5_Reanalysis
2022-08-20,33.6,25.2,29.0,39.0,28.8,33.6,2.9,18.0,30.6,199,18.57,1005.2,loc_cuddalore,11.748,79.7714,ECMWF_ERA5_Reanalysis
2022-08-21,34.2,26.8,29.3,40.7,29.5,33.6,2.5,22.0,40.7,209,22.64,1004.7,loc_cuddalore,11.748,79.7714,ECMWF_ERA5_Reanalysis
2022-08-22,33.9,25.2,28.3,40.3,29.7,33.2,5.3,20.4,38.2,231,23.26,1004.4,loc_cuddalore,11.748,79.7714,ECMWF_ERA5_Reanalysis
2022-08-23,32.9,24.6,28.1,40.3,27.8,33.0,1.4,18.3,31.3,237,22.85,1004.7,loc_cuddalore,11.748,79.7714,ECMWF_ERA5_Reanalysis
2022-08-24,31.4,24.8,27.4,36.2,29.1,32.1,1.7,17.1,34.2,264,19.64,1006.4,loc_cuddalore,11.748,79.7714,ECMWF_ERA5_Reanalysis
2022-08-25,32.0,24.6,27.4,40.3,28.5,32.4,10.4,14.8,31.3,267,21.83,1005.3,loc_cuddalore,11.748,79.7714,ECMWF_ERA5_Reanalysis
2022-08-26,32.2,24.1,27.1,40.0,28.1,32.2,18.2,12.6,26.3,285,22.88,1004.8,loc_cuddalore,11.748,79.7714,ECMWF_ERA5_Reanalysis
2022-08-27,31.6,23.8,27.2,39.3,28.3,32.5,0.8,19.6,33.5,219,21.29,1004.8,loc_cuddalore,11.748,79.7714,ECMWF_ERA5_Reanalysis
2022-08-28,31.8,24.4,27.4,40.4,28.8,33.1,6.3,11.0,23.0,267,23.22,1004.5,loc_cuddalore,11.748,79.7714,ECMWF_ERA5_Reanalysis
2022-08-29,30.6,24.1,27.1,38.9,29.1,33.3,4.4,9.6,23.8,137,22.62,1005.4,loc_cuddalore,11.748,79.7714,ECMWF_ERA5_Reanalysis
2022-08-30,29.8,24.7,27.2,36.6,29.9,33.0,1.1,12.8,28.8,85,23.3,1006.2,loc_cuddalore,11.748,79.7714,ECMWF_ERA5_Reanalysis
2022-08-31,28.4,24.8,26.4,33.9,30.3,31.8,7.7,11.9,28.8,99,18.96,1006.0,loc_cuddalore,11.748,79.7714,ECMWF_ERA5_Reanalysis
2022-09-01,27.5,24.3,25.6,32.9,29.2,30.9,26.8,11.0,23.0,226,8.27,1006.2,loc_cuddalore,11.748,79.7714,ECMWF_ERA5_Reanalysis
2022-09-02,29.3,23.7,26.7,36.1,28.0,31.8,0.7,13.8,27.7,155,24.16,1006.7,loc_cuddalore,11.748,79.7714,ECMWF_ERA5_Reanalysis
2022-09-03,30.6,24.7,27.4,38.1,29.3,32.9,2.5,21.5,37.1,176,23.01,1006.2,loc_cuddalore,11.748,79.7714,ECMWF_ERA5_Reanalysis
2022-09-04,31.7,24.7,27.6,39.4,29.7,33.4,11.7,15.0,25.9,182,23.44,1005.7,loc_cuddalore,11.748,79.7714,ECMWF_ERA5_Reanalysis
2022-09-05,31.2,24.5,27.5,39.2,29.2,32.9,0.5,18.6,31.7,177,23.55,1005.5,loc_cuddalore,11.748,79.7714,ECMWF_ERA5_Reanalysis
2022-09-06,30.9,25.2,27.8,37.3,30.5,33.3,5.0,14.7,30.6,202,20.67,1004.8,loc_cuddalore,11.748,79.7714,ECMWF_ERA5_Reanalysis
2022-09-07,31.6,25.2,27.5,37.0,29.4,32.3,10.2,12.5,25.9,233,15.15,1005.0,loc_cuddalore,11.748,79.7714,ECMWF_ERA5_Reanalysis
2022-09-08,30.3,24.7,27.3,36.0,29.3,32.6,4.2,13.0,22.3,236,9.79,1004.9,loc_cuddalore,11.748,79.7714,ECMWF_ERA5_Reanalysis
2022-09-09,32.6,25.7,28.5,38.5,29.1,33.2,2.9,20.6,44.3,217,20.91,1004.1,loc_cuddalore,11.748,79.7714,ECMWF_ERA5_Reanalysis
2022-09-10,32.0,25.9,28.6,35.7,29.3,32.2,0.0,19.2,35.6,228,15.85,1004.3,loc_cuddalore,11.748,79.7714,ECMWF_ERA5_Reanalysis
2022-09-11,33.5,25.8,29.0,38.2,29.0,32.6,0.0,19.8,33.8,216,20.83,1004.1,loc_cuddalore,11.748,79.7714,ECMWF_ERA5_Reanalysis
2022-09-12,34.0,24.9,28.9,39.7,28.1,32.9,0.0,21.3,37.1,209,24.18,1004.3,loc_cuddalore,11.748,79.7714,ECMWF_ERA5_Reanalysis
2022-09-13,32.6,25.7,28.5,39.1,30.2,33.3,0.1,17.6,32.4,182,23.77,1006.4,loc_cuddalore,11.748,79.7714,ECMWF_ERA5_Reanalysis
2022-09-14,32.3,25.7,28.2,39.0,30.0,32.7,0.5,19.3,35.3,187,22.19,1008.5,loc_cuddalore,11.748,79.7714,ECMWF_ERA5_Reanalysis
2022-09-15,32.3,25.3,28.3,39.3,29.8,33.5,0.4,15.0,32.4,181,22.38,1009.0,loc_cuddalore,11.748,79.7714,ECMWF_ERA5_Reanalysis
2022-09-16,33.3,25.6,28.8,40.1,30.4,33.7,0.3,18.7,34.6,189,23.32,1006.8,loc_cuddalore,11.748,79.7714,ECMWF_ERA5_Reanalysis
2022-09-17,34.1,25.7,29.2,40.1,29.3,33.4,0.2,19.1,34.6,194,23.52,1006.4,loc_cuddalore,11.748,79.7714,ECMWF_ERA5_Reanalysis
2022-09-18,34.0,26.6,29.3,40.0,30.0,33.6,0.0,17.8,33.1,204,20.69,1006.8,loc_cuddalore,11.748,79.7714,ECMWF_ERA5_Reanalysis
2022-09-19,34.4,26.2,29.5,40.0,29.8,33.7,0.1,17.4,30.6,200,21.58,1006.3,loc_cuddalore,11.748,79.7714,ECMWF_ERA5_Reanalysis
2022-09-20,34.8,26.3,29.4,38.8,30.6,33.1,0.4,17.6,35.6,224,20.47,1006.0,loc_cuddalore,11.748,79.7714,ECMWF_ERA5_Reanalysis
2022-09-21,35.2,25.8,29.5,39.4,29.1,33.2,0.1,17.6,33.1,213,24.36,1006.0,loc_cuddalore,11.748,79.7714,ECMWF_ERA5_Reanalysis
2022-09-22,34.7,26.1,29.7,39.1,29.1,33.3,0.2,19.5,38.5,213,23.55,1006.3,loc_cuddalore,11.748,79.7714,ECMWF_ERA5_Reanalysis
2022-09-23,34.3,25.7,29.4,39.4,29.0,33.1,0.5,15.0,31.3,198,23.35,1007.0,loc_cuddalore,11.748,79.7714,ECMWF_ERA5_Reanalysis
2022-09-24,35.0,25.9,29.4,40.4,29.1,33.1,0.3,16.3,32.0,235,22.58,1006.6,loc_cuddalore,11.748,79.7714,ECMWF_ERA5_Reanalysis
2022-09-25,33.6,24.9,28.8,39.0,28.3,34.1,1.0,11.6,29.9,189,22.93,1005.7,loc_cuddalore,11.748,79.7714,ECMWF_ERA5_Reanalysis
2022-09-26,33.0,24.4,27.9,39.6,26.8,32.9,1.5,19.9,35.6,233,22.17,1006.8,loc_cuddalore,11.748,79.7714,ECMWF_ERA5_Reanalysis
2022-09-27,32.9,24.9,28.2,39.3,29.3,33.6,1.4,12.2,25.2,195,20.3,1005.6,loc_cuddalore,11.748,79.7714,ECMWF_ERA5_Reanalysis
2022-09-28,33.7,24.7,28.6,40.7,28.9,34.0,13.6,13.0,27.0,222,22.01,1004.6,loc_cuddalore,11.748,79.7714,ECMWF_ERA5_Reanalysis
2022-09-29,33.4,24.6,28.5,39.1,28.8,33.4,12.4,15.5,28.8,251,19.95,1004.4,loc_cuddalore,11.748,79.7714,ECMWF_ERA5_Reanalysis
2022-09-30,31.9,25.5,28.2,36.7,29.3,32.6,2.1,15.8,29.9,263,17.44,1005.1,loc_cuddalore,11.748,79.7714,ECMWF_ERA5_Reanalysis
2022-10-01,31.2,24.1,27.1,36.2,26.9,30.6,10.5,19.5,41.8,268,14.69,1005.5,loc_cuddalore,11.748,79.7714,ECMWF_ERA5_Reanalysis
2022-10-02,33.0,25.5,28.4,37.7,28.1,32.1,0.2,17.7,33.5,279,18.63,1004.5,loc_cuddalore,11.748,79.7714,ECMWF_ERA5_Reanalysis
2022-10-03,33.1,25.2,28.6,36.6,28.3,32.2,0.0,18.8,33.8,281,17.81,1004.2,loc_cuddalore,11.748,79.7714,ECMWF_ERA5_Reanalysis
2022-10-04,33.2,25.6,29.2,37.4,28.8,33.1,0.8,15.7,27.4,280,14.31,1004.1,loc_cuddalore,11.748,79.7714,ECMWF_ERA5_Reanalysis
2022-10-05,32.8,25.4,28.4,37.5,29.5,33.1,0.5,14.8,24.8,204,14.44,1004.5,loc_cuddalore,11.748,79.7714,ECMWF_ERA5_Reanalysis
2022-10-06,29.8,24.4,26.9,36.6,28.1,31.9,13.3,13.8,33.5,179,16.79,1005.2,loc_cuddalore,11.748,79.7714,ECMWF_ERA5_Reanalysis
2022-10-07,31.1,25.2,27.6,37.5,30.5,32.8,1.3,12.9,26.3,128,18.6,1006.0,loc_cuddalore,11.748,79.7714,ECMWF_ERA5_Reanalysis
2022-10-08,29.7,24.1,26.3,36.8,28.7,31.6,27.8,12.2,29.5,354,18.13,1007.1,loc_cuddalore,11.748,79.7714,ECMWF_ERA5_Reanalysis
2022-10-09,28.4,24.1,25.8,34.1,28.3,30.9,8.2,12.2,27.4,19,16.81,1007.6,loc_cuddalore,11.748,79.7714,ECMWF_ERA5_Reanalysis
2022-10-10,28.9,23.4,26.2,35.7,27.4,31.2,6.2,11.5,25.9,98,19.64,1008.7,loc_cuddalore,11.748,79.7714,ECMWF_ERA5_Reanalysis
2022-10-11,28.8,23.9,26.8,35.7,29.2,32.1,0.9,14.0,28.4,145,21.78,1008.8,loc_cuddalore,11.748,79.7714,ECMWF_ERA5_Reanalysis
2022-10-12,29.7,23.8,27.0,36.8,27.9,32.2,7.4,11.4,27.0,154,21.45,1008.8,loc_cuddalore,11.748,79.7714,ECMWF_ERA5_Reanalysis
2022-10-13,29.6,23.4,26.7,36.9,27.9,32.0,12.0,12.4,24.8,142,21.8,1008.4,loc_cuddalore,11.748,79.7714,ECMWF_ERA5_Reanalysis
2022-10-14,30.2,23.4,26.5,37.6,28.4,31.9,22.0,11.9,28.4,30,20.03,1007.5,loc_cuddalore,11.748,79.7714,ECMWF_ERA5_Reanalysis
2022-10-15,29.7,23.2,26.4,36.0,27.0,31.3,8.9,12.3,27.0,54,21.16,1006.7,loc_cuddalore,11.748,79.7714,ECMWF_ERA5_Reanalysis
2022-10-16,29.2,24.2,26.7,36.6,29.2,32.2,8.2,13.3,27.4,157,21.16,1008.6,loc_cuddalore,11.748,79.7714,ECMWF_ERA5_Reanalysis
2022-10-17,28.8,23.3,26.3,35.3,27.8,31.6,6.0,14.0,29.2,140,18.5,1010.3,loc_cuddalore,11.748,79.7714,ECMWF_ERA5_Reanalysis
2022-10-18,30.6,24.2,26.8,38.7,29.1,32.4,12.3,9.4,26.6,298,19.85,1009.5,loc_cuddalore,11.748,79.7714,ECMWF_ERA5_Reanalysis
2022-10-19,30.4,23.8,26.5,37.7,28.3,32.0,8.7,11.8,27.4,1,21.23,1008.8,loc_cuddalore,11.748,79.7714,ECMWF_ERA5_Reanalysis
2022-10-20,28.9,23.9,26.4,34.7,28.4,31.4,3.1,14.2,28.4,18,15.68,1009.4,loc_cuddalore,11.748,79.7714,ECMWF_ERA5_Reanalysis
2022-10-21,28.5,23.3,25.4,33.1,27.0,29.9,20.2,17.1,35.3,12,12.42,1010.8,loc_cuddalore,11.748,79.7714,ECMWF_ERA5_Reanalysis
2022-10-22,29.4,23.2,25.8,34.3,26.9,30.0,8.4,17.2,35.3,1,17.0,1010.8,loc_cuddalore,11.748,79.7714,ECMWF_ERA5_Reanalysis
2022-10-23,31.3,24.1,27.2,35.9,28.4,31.8,0.0,13.6,27.4,338,20.64,1009.6,loc_cuddalore,11.748,79.7714,ECMWF_ERA5_Reanalysis
2022-10-24,31.4,23.5,27.1,35.5,27.9,31.1,0.0,9.8,20.9,264,23.21,1008.6,loc_cuddalore,11.748,79.7714,ECMWF_ERA5_Reanalysis
2022-10-25,30.8,22.9,26.5,37.2,27.1,31.3,0.0,9.2,16.6,139,23.03,1009.3,loc_cuddalore,11.748,79.7714,ECMWF_ERA5_Reanalysis
2022-10-26,29.8,22.1,26.3,34.9,25.1,29.6,0.1,13.0,25.2,35,21.54,1010.9,loc_cuddalore,11.748,79.7714,ECMWF_ERA5_Reanalysis
2022-10-27,30.8,21.4,25.5,34.9,22.7,28.6,0.4,16.3,33.1,352,20.25,1010.4,loc_cuddalore,11.748,79.7714,ECMWF_ERA5_Reanalysis
2022-10-28,29.1,23.3,26.2,34.3,27.3,30.2,4.2,17.9,33.5,30,21.41,1009.4,loc_cuddalore,11.748,79.7714,ECMWF_ERA5_Reanalysis
2022-10-29,28.1,23.4,25.6,31.8,27.0,29.2,20.4,19.4,39.6,33,13.53,1009.5,loc_cuddalore,11.748,79.7714,ECMWF_ERA5_Reanalysis
2022-10-30,29.6,23.8,26.8,32.4,27.8,30.0,0.7,25.7,46.1,23,19.27,1009.3,loc_cuddalore,11.748,79.7714,ECMWF_ERA5_Reanalysis
2022-10-31,26.7,24.0,24.9,30.0,27.6,28.4,33.8,22.1,39.6,8,6.7,1009.1,loc_cuddalore,11.748,79.7714,ECMWF_ERA5_Reanalysis
2022-11-01,25.4,22.9,23.9,30.1,26.2,28.0,128.1,15.1,28.4,358,1.47,1009.6,loc_cuddalore,11.748,79.7714,ECMWF_ERA5_Reanalysis
2022-11-02,24.7,22.8,23.6,28.7,26.0,27.3,82.8,14.7,25.9,5,2.92,1009.7,loc_cuddalore,11.748,79.7714,ECMWF_ERA5_Reanalysis
2022-11-03,27.0,23.1,24.7,31.2,27.1,28.9,29.4,16.5,32.0,26,10.85,1009.5,loc_cuddalore,11.748,79.7714,ECMWF_ERA5_Reanalysis
2022-11-04,27.4,22.9,25.2,31.4,26.8,29.2,21.7,18.9,37.4,37,14.66,1010.7,loc_cuddalore,11.748,79.7714,ECMWF_ERA5_Reanalysis
2022-11-05,27.9,23.5,25.8,32.5,27.9,29.8,4.3,17.8,35.6,36,17.78,1012.2,loc_cuddalore,11.748,79.7714,ECMWF_ERA5_Reanalysis
2022-11-06,28.3,23.6,25.4,31.8,27.3,28.9,10.7,22.7,42.5,35,14.13,1012.5,loc_cuddalore,11.748,79.7714,ECMWF_ERA5_Reanalysis
2022-11-07,28.3,23.3,25.5,32.1,26.9,29.2,3.5,21.4,40.0,22,17.72,1011.9,loc_cuddalore,11.748,79.7714,ECMWF_ERA5_Reanalysis
2022-11-08,27.8,23.8,25.3,32.5,27.2,29.1,11.1,20.7,36.4,25,14.63,1011.4,loc_cuddalore,11.748,79.7714,ECMWF_ERA5_Reanalysis
2022-11-09,27.9,23.6,25.7,31.5,27.4,29.4,4.2,19.8,37.1,18,15.49,1010.8,loc_cuddalore,11.748,79.7714,ECMWF_ERA5_Reanalysis
2022-11-10,28.9,23.7,26.1,32.9,26.6,29.1,2.8,23.1,41.4,16,19.01,1010.1,loc_cuddalore,11.748,79.7714,ECMWF_ERA5_Reanalysis
2022-11-11,25.0,23.4,24.2,28.7,25.6,26.9,44.5,25.3,43.9,4,3.48,1008.8,loc_cuddalore,11.748,79.7714,ECMWF_ERA5_Reanalysis
2022-11-12,26.7,24.3,25.4,31.2,27.2,29.2,18.1,18.0,36.0,71,7.27,1009.3,loc_cuddalore,11.748,79.7714,ECMWF_ERA5_Reanalysis
2022-11-13,27.6,23.8,25.2,32.3,27.9,29.6,10.4,17.2,33.5,45,12.2,1010.8,loc_cuddalore,11.748,79.7714,ECMWF_ERA5_Reanalysis
2022-11-14,28.4,23.3,25.4,33.2,27.0,29.3,2.6,19.8,37.4,27,20.12,1011.5,loc_cuddalore,11.748,79.7714,ECMWF_ERA5_Reanalysis
2022-11-15,28.9,22.5,25.4,33.8,25.9,29.2,2.3,17.6,32.0,20,17.68,1011.8,loc_cuddalore,11.748,79.7714,ECMWF_ERA5_Reanalysis
2022-11-16,28.4,22.6,25.7,32.6,25.9,28.9,0.3,16.5,30.6,27,20.29,1010.6,loc_cuddalore,11.748,79.7714,ECMWF_ERA5_Reanalysis
2022-11-17,28.8,21.1,25.0,32.2,23.5,27.5,0.0,19.9,34.9,16,19.64,1010.0,loc_cuddalore,11.748,79.7714,ECMWF_ERA5_Reanalysis
2022-11-18,28.9,21.2,25.1,31.6,22.4,26.9,0.0,20.5,35.3,6,19.32,1010.1,loc_cuddalore,11.748,79.7714,ECMWF_ERA5_Reanalysis
2022-11-19,29.1,21.6,25.1,31.0,22.7,26.6,0.0,23.2,42.8,2,19.63,1009.8,loc_cuddalore,11.748,79.7714,ECMWF_ERA5_Reanalysis
2022-11-20,28.7,21.7,24.5,30.3,22.9,26.0,0.0,18.7,34.9,344,18.59,1008.5,loc_cuddalore,11.748,79.7714,ECMWF_ERA5_Reanalysis
2022-11-21,27.5,21.1,24.1,28.8,22.0,25.5,0.2,20.3,38.5,331,15.24,1008.0,loc_cuddalore,11.748,79.7714,ECMWF_ERA5_Reanalysis
2022-11-22,29.1,21.9,25.1,33.6,23.6,28.5,16.3,16.4,28.8,313,14.7,1007.9,loc_cuddalore,11.748,79.7714,ECMWF_ERA5_Reanalysis
2022-11-23,29.9,22.3,25.8,35.3,26.0,30.4,2.6,11.2,25.6,194,16.43,1008.6,loc_cuddalore,11.748,79.7714,ECMWF_ERA5_Reanalysis
2022-11-24,28.4,23.1,25.4,34.7,27.4,30.2,1.3,11.9,26.3,104,19.22,1009.8,loc_cuddalore,11.748,79.7714,ECMWF_ERA5_Reanalysis
2022-11-25,28.0,23.3,25.7,33.6,27.8,30.4,1.2,12.8,29.2,45,18.01,1010.8,loc_cuddalore,11.748,79.7714,ECMWF_ERA5_Reanalysis
2022-11-26,28.4,22.8,25.6,33.3,27.3,30.3,2.2,12.8,27.4,54,17.28,1009.9,loc_cuddalore,11.748,79.7714,ECMWF_ERA5_Reanalysis
2022-11-27,28.1,23.3,25.4,33.2,27.7,30.1,1.0,12.2,24.8,55,15.98,1008.4,loc_cuddalore,11.748,79.7714,ECMWF_ERA5_Reanalysis
2022-11-28,28.3,22.7,25.7,33.8,26.9,30.2,1.1,13.6,26.6,62,18.23,1009.0,loc_cuddalore,11.748,79.7714,ECMWF_ERA5_Reanalysis
2022-11-29,28.7,22.5,25.5,32.6,26.4,28.3,0.0,18.2,33.5,40,18.54,1009.9,loc_cuddalore,11.748,79.7714,ECMWF_ERA5_Reanalysis
2022-11-30,28.6,20.5,24.8,32.7,22.5,28.0,1.2,14.8,30.2,21,19.93,1010.7,loc_cuddalore,11.748,79.7714,ECMWF_ERA5_Reanalysis
2022-12-01,28.0,23.3,25.6,32.6,26.7,29.7,2.4,16.4,32.8,31,16.75,1010.3,loc_cuddalore,11.748,79.7714,ECMWF_ERA5_Reanalysis
2022-12-02,28.9,23.7,26.2,33.9,28.0,30.5,0.9,16.6,32.4,40,18.91,1009.5,loc_cuddalore,11.748,79.7714,ECMWF_ERA5_Reanalysis
2022-12-03,28.4,23.7,26.0,32.6,28.0,29.8,1.9,18.1,36.4,41,18.15,1009.9,loc_cuddalore,11.748,79.7714,ECMWF_ERA5_Reanalysis
2022-12-04,26.8,24.0,25.3,30.4,27.6,29.0,9.5,18.6,41.0,39,12.93,1010.6,loc_cuddalore,11.748,79.7714,ECMWF_ERA5_Reanalysis
2022-12-05,28.7,23.6,26.1,32.4,27.8,29.7,0.3,19.9,36.4,36,18.58,1011.1,loc_cuddalore,11.748,79.7714,ECMWF_ERA5_Reanalysis
2022-12-06,29.0,23.5,25.8,31.7,27.2,28.7,0.4,23.2,41.4,21,17.62,1010.2,loc_cuddalore,11.748,79.7714,ECMWF_ERA5_Reanalysis
2022-12-07,27.7,23.0,24.9,29.9,24.1,27.1,0.0,17.0,32.4,348,9.59,1008.8,loc_cuddalore,11.748,79.7714,ECMWF_ERA5_Reanalysis
2022-12-08,25.7,20.6,22.8,25.5,18.9,22.6,32.8,29.1,50.8,330,5.66,1006.6,loc_cuddalore,11.748,79.7714,ECMWF_ERA5_Reanalysis
2022-12-09,23.0,20.1,21.5,22.7,17.9,20.4,38.4,33.4,57.6,312,3.83,1002.4,loc_cuddalore,11.748,79.7714,ECMWF_ERA5_Reanalysis
2022-12-10,27.1,21.1,23.9,28.7,20.0,25.0,18.4,29.7,51.1,217,12.73,1003.2,loc_cuddalore,11.748,79.7714,ECMWF_ERA5_Reanalysis
2022-12-11,27.7,23.2,25.4,32.7,26.5,29.3,12.6,11.5,25.2,130,15.52,1007.2,loc_cuddalore,11.748,79.7714,ECMWF_ERA5_Reanalysis
2022-12-12,26.6,23.2,24.9,31.4,27.5,28.8,29.8,17.5,33.8,154,11.49,1008.5,loc_cuddalore,11.748,79.7714,ECMWF_ERA5_Reanalysis
2022-12-13,27.6,23.5,25.3,31.8,28.0,29.3,6.2,17.2,33.8,124,15.13,1010.2,loc_cuddalore,11.748,79.7714,ECMWF_ERA5_Reanalysis
2022-12-14,28.3,22.3,25.1,32.5,25.9,29.2,0.8,15.9,31.0,44,17.66,1010.9,loc_cuddalore,11.748,79.7714,ECMWF_ERA5_Reanalysis
2022-12-15,27.7,23.0,24.8,31.7,26.4,28.2,0.8,15.3,29.2,26,19.29,1010.7,loc_cuddalore,11.748,79.7714,ECMWF_ERA5_Reanalysis
2022-12-16,27.8,20.7,24.5,32.0,23.1,27.8,0.0,14.7,30.2,19,19.89,1009.9,loc_cuddalore,11.748,79.7714,ECMWF_ERA5_Reanalysis
2022-12-17,27.9,22.0,25.1,31.2,25.3,28.3,0.4,19.6,37.4,25,18.9,1010.4,loc_cuddalore,11.748,79.7714,ECMWF_ERA5_Reanalysis
2022-12-18,27.9,23.5,25.5,30.2,26.5,27.7,0.9,25.2,46.8,39,18.01,1009.7,loc_cuddalore,11.748,79.7714,ECMWF_ERA5_Reanalysis
2022-12-19,28.8,21.8,25.2,31.3,23.5,27.2,0.6,21.9,40.3,15,17.33,1008.9,loc_cuddalore,11.748,79.7714,ECMWF_ERA5_Reanalysis
2022-12-20,28.2,23.5,25.5,30.4,25.8,27.6,0.9,26.3,48.6,22,16.94,1008.5,loc_cuddalore,11.748,79.7714,ECMWF_ERA5_Reanalysis
2022-12-21,28.4,23.2,25.3,30.2,25.3,27.3,0.9,24.0,44.3,16,14.76,1008.6,loc_cuddalore,11.748,79.7714,ECMWF_ERA5_Reanalysis
2022-12-22,28.1,21.9,25.1,29.8,23.6,26.7,0.0,24.6,45.7,10,17.18,1008.8,loc_cuddalore,11.748,79.7714,ECMWF_ERA5_Reanalysis
2022-12-23,28.5,22.4,25.2,30.8,24.3,27.1,0.7,21.9,41.0,4,16.94,1008.7,loc_cuddalore,11.748,79.7714,ECMWF_ERA5_Reanalysis
2022-12-24,28.8,22.0,25.2,31.2,23.2,27.0,2.3,22.6,42.5,354,14.73,1008.9,loc_cuddalore,11.748,79.7714,ECMWF_ERA5_Reanalysis
2022-12-25,27.4,23.5,25.0,30.6,26.1,28.2,10.5,22.4,45.0,36,11.47,1009.7,loc_cuddalore,11.748,79.7714,ECMWF_ERA5_Reanalysis
2022-12-26,27.6,23.4,25.4,31.6,27.1,29.3,11.0,18.4,36.0,82,13.17,1011.9,loc_cuddalore,11.748,79.7714,ECMWF_ERA5_Reanalysis
2022-12-27,27.5,23.8,25.5,32.2,27.8,29.8,4.5,14.4,31.0,71,15.84,1013.4,loc_cuddalore,11.748,79.7714,ECMWF_ERA5_Reanalysis
2022-12-28,28.4,23.1,25.3,33.5,27.3,29.7,0.4,11.5,25.2,64,19.15,1014.3,loc_cuddalore,11.748,79.7714,ECMWF_ERA5_Reanalysis
2022-12-29,28.2,22.1,25.0,33.8,26.2,29.4,0.4,11.6,24.8,61,18.65,1015.3,loc_cuddalore,11.748,79.7714,ECMWF_ERA5_Reanalysis
2022-12-30,28.5,22.6,25.1,33.5,26.6,29.4,0.2,11.1,24.1,65,19.22,1016.1,loc_cuddalore,11.748,79.7714,ECMWF_ERA5_Reanalysis
2022-12-31,28.5,21.8,24.3,33.9,25.4,28.3,0.0,11.4,23.8,84,18.03,1015.5,loc_cuddalore,11.748,79.7714,ECMWF_ERA5_Reanalysis
2023-01-01,28.5,20.7,24.4,33.3,24.1,28.2,0.2,13.4,26.6,42,18.96,1014.8,loc_cuddalore,11.748,79.7714,ECMWF_ERA5_Reanalysis
2023-01-02,28.0,21.4,24.6,32.3,24.3,28.3,0.2,12.1,25.9,56,19.49,1014.8,loc_cuddalore,11.748,79.7714,ECMWF_ERA5_Reanalysis
2023-01-03,27.6,21.2,24.5,30.0,24.5,27.3,1.0,18.2,34.9,37,18.39,1014.9,loc_cuddalore,11.748,79.7714,ECMWF_ERA5_Reanalysis
2023-01-04,27.8,21.6,24.8,30.5,24.5,27.4,0.6,18.0,35.6,37,18.76,1013.9,loc_cuddalore,11.748,79.7714,ECMWF_ERA5_Reanalysis
2023-01-05,28.2,22.7,25.5,29.7,25.6,27.6,1.1,24.5,45.7,38,18.05,1013.9,loc_cuddalore,11.748,79.7714,ECMWF_ERA5_Reanalysis
2023-01-06,28.5,22.8,25.6,29.9,25.6,27.4,0.2,26.3,48.6,29,18.8,1014.9,loc_cuddalore,11.748,79.7714,ECMWF_ERA5_Reanalysis
2023-01-07,28.1,22.4,25.2,29.8,25.0,27.3,0.8,24.4,45.4,28,19.12,1014.4,loc_cuddalore,11.748,79.7714,ECMWF_ERA5_Reanalysis
2023-01-08,27.2,22.5,24.8,29.1,25.3,26.8,1.1,21.4,40.7,33,17.8,1013.8,loc_cuddalore,11.748,79.7714,ECMWF_ERA5_Reanalysis
2023-01-09,27.1,20.8,24.2,28.4,22.3,25.2,0.0,21.4,40.0,30,20.65,1015.0,loc_cuddalore,11.748,79.7714,ECMWF_ERA5_Reanalysis
2023-01-10,27.7,20.2,24.0,28.8,21.0,24.8,0.0,20.6,38.2,14,19.26,1014.5,loc_cuddalore,11.748,79.7714,ECMWF_ERA5_Reanalysis
2023-01-11,27.9,19.7,23.8,30.0,20.7,25.2,0.0,17.8,34.2,20,20.34,1012.8,loc_cuddalore,11.748,79.7714,ECMWF_ERA5_Reanalysis
2023-01-12,27.7,19.8,23.9,30.0,21.7,25.8,0.0,15.5,32.0,37,19.88,1012.0,loc_cuddalore,11.748,79.7714,ECMWF_ERA5_Reanalysis
2023-01-13,28.0,19.6,23.9,30.9,21.5,26.1,0.0,13.6,28.1,51,20.3,1012.2,loc_cuddalore,11.748,79.7714,ECMWF_ERA5_Reanalysis
2023-01-14,27.7,19.4,23.6,29.9,21.0,25.5,0.0,13.6,29.2,56,21.5,1012.2,loc_cuddalore,11.748,79.7714,ECMWF_ERA5_Reanalysis
2023-01-15,27.5,18.7,23.1,30.0,20.6,25.1,0.0,13.8,29.5,51,19.84,1011.6,loc_cuddalore,11.748,79.7714,ECMWF_ERA5_Reanalysis
2023-01-16,27.5,19.2,23.8,30.4,20.5,25.5,0.0,16.3,33.5,51,21.12,1012.1,loc_cuddalore,11.748,79.7714,ECMWF_ERA5_Reanalysis
2023-01-17,28.2,19.9,24.2,30.0,22.1,26.1,0.1,16.2,34.2,49,19.3,1012.9,loc_cuddalore,11.748,79.7714,ECMWF_ERA5_Reanalysis
2023-01-18,28.8,20.0,24.7,30.7,21.9,26.0,0.0,18.1,37.1,49,20.35,1014.2,loc_cuddalore,11.748,79.7714,ECMWF_ERA5_Reanalysis
2023-01-19,28.6,20.2,24.8,29.7,22.0,25.8,0.0,18.5,36.7,40,19.71,1014.1,loc_cuddalore,11.748,79.7714,ECMWF_ERA5_Reanalysis
2023-01-20,29.3,20.8,25.3,32.1,22.4,27.1,0.0,16.3,32.0,32,18.97,1013.3,loc_cuddalore,11.748,79.7714,ECMWF_ERA5_Reanalysis
2023-01-21,29.2,21.5,25.2,30.8,23.6,26.9,0.2,23.4,43.9,25,19.98,1012.5,loc_cuddalore,11.748,79.7714,ECMWF_ERA5_Reanalysis
2023-01-22,28.8,23.0,25.7,30.1,25.9,27.5,0.1,20.7,41.0,39,16.72,1011.9,loc_cuddalore,11.748,79.7714,ECMWF_ERA5_Reanalysis
2023-01-23,27.4,22.6,25.3,29.3,24.5,27.4,1.8,18.8,35.3,35,9.02,1010.9,loc_cuddalore,11.748,79.7714,ECMWF_ERA5_Reanalysis
2023-01-24,28.5,23.9,25.9,31.2,25.6,27.9,0.2,17.8,35.6,59,20.84,1011.4,loc_cuddalore,11.748,79.7714,ECMWF_ERA5_Reanalysis
2023-01-25,28.3,21.6,24.9,30.1,24.4,26.8,1.0,17.6,36.0,55,18.03,1011.5,loc_cuddalore,11.748,79.7714,ECMWF_ERA5_Reanalysis
2023-01-26,28.6,21.8,25.3,30.6,24.3,27.1,0.0,16.4,33.8,43,20.51,1011.4,loc_cuddalore,11.748,79.7714,ECMWF_ERA5_Reanalysis
2023-01-27,29.2,21.1,25.3,31.0,23.7,26.9,0.0,18.3,36.7,44,20.3,1011.4,loc_cuddalore,11.748,79.7714,ECMWF_ERA5_Reanalysis
2023-01-28,28.8,20.2,24.8,30.7,21.6,26.4,0.0,19.6,39.2,25,20.92,1010.7,loc_cuddalore,11.748,79.7714,ECMWF_ERA5_Reanalysis
2023-01-29,28.6,21.7,25.4,30.5,23.8,27.3,0.4,25.3,49.0,37,19.96,1009.6,loc_cuddalore,11.748,79.7714,ECMWF_ERA5_Reanalysis
2023-01-30,28.5,22.8,25.4,31.7,25.9,28.1,1.9,25.3,45.7,35,15.18,1010.4,loc_cuddalore,11.748,79.7714,ECMWF_ERA5_Reanalysis
2023-01-31,28.9,23.0,25.4,30.5,26.0,27.6,0.8,27.1,49.3,21,12.39,1009.9,loc_cuddalore,11.748,79.7714,ECMWF_ERA5_Reanalysis
2023-02-01,27.7,23.8,25.2,29.0,26.0,27.3,6.5,25.9,47.5,21,9.6,1009.4,loc_cuddalore,11.748,79.7714,ECMWF_ERA5_Reanalysis
2023-02-02,27.9,23.5,25.1,29.5,25.8,27.2,13.6,25.5,47.2,31,8.63,1010.0,loc_cuddalore,11.748,79.7714,ECMWF_ERA5_Reanalysis
2023-02-03,26.9,23.8,25.3,29.2,26.6,27.9,9.7,25.0,47.9,44,14.41,1010.7,loc_cuddalore,11.748,79.7714,ECMWF_ERA5_Reanalysis
2023-02-04,28.2,23.5,25.4,31.3,26.6,28.2,0.9,20.6,40.3,37,21.59,1010.6,loc_cuddalore,11.748,79.7714,ECMWF_ERA5_Reanalysis
2023-02-05,27.9,21.3,24.4,31.8,24.1,27.6,0.0,16.8,34.2,31,21.94,1010.5,loc_cuddalore,11.748,79.7714,ECMWF_ERA5_Reanalysis
2023-02-06,28.2,21.1,24.3,32.3,24.3,27.8,0.0,15.3,32.4,35,21.78,1010.8,loc_cuddalore,11.748,79.7714,ECMWF_ERA5_Reanalysis
2023-02-07,28.8,21.2,24.9,34.0,24.3,28.8,0.0,13.1,29.2,71,22.73,1010.6,loc_cuddalore,11.748,79.7714,ECMWF_ERA5_Reanalysis
2023-02-08,28.6,21.6,24.8,33.3,25.0,28.6,0.1,12.6,28.1,66,22.15,1010.7,loc_cuddalore,11.748,79.7714,ECMWF_ERA5_Reanalysis
2023-02-09,28.9,21.1,24.6,33.2,24.4,28.3,0.2,12.3,27.4,65,21.09,1011.4,loc_cuddalore,11.748,79.7714,ECMWF_ERA5_Reanalysis
2023-02-10,29.3,20.4,24.3,33.9,23.1,27.6,0.0,14.6,31.0,65,22.93,1012.4,loc_cuddalore,11.748,79.7714,ECMWF_ERA5_Reanalysis
2023-02-11,29.6,20.2,24.0,31.9,23.1,26.6,0.0,13.9,29.5,64,19.48,1012.6,loc_cuddalore,11.748,79.7714,ECMWF_ERA5_Reanalysis
2023-02-12,29.1,18.3,23.9,33.5,20.3,26.8,0.0,13.0,29.2,88,23.61,1012.6,loc_cuddalore,11.748,79.7714,ECMWF_ERA5_Reanalysis
2023-02-13,28.7,18.0,23.5,33.3,19.8,26.6,0.0,12.6,28.8,65,23.11,1012.8,loc_cuddalore,11.748,79.7714,ECMWF_ERA5_Reanalysis
2023-02-14,29.2,18.9,23.8,33.8,21.0,26.9,0.0,13.7,30.6,76,22.7,1012.6,loc_cuddalore,11.748,79.7714,ECMWF_ERA5_Reanalysis
2023-02-15,29.2,19.6,24.2,33.1,21.9,27.2,0.0,14.8,32.8,67,23.8,1011.1,loc_cuddalore,11.748,79.7714,ECMWF_ERA5_Reanalysis
2023-02-16,28.7,19.7,24.3,32.5,22.6,27.4,0.0,15.2,33.1,62,22.96,1011.4,loc_cuddalore,11.748,79.7714,ECMWF_ERA5_Reanalysis
2023-02-17,29.0,19.1,24.2,31.9,21.2,26.6,0.0,13.3,30.2,78,23.07,1012.1,loc_cuddalore,11.748,79.7714,ECMWF_ERA5_Reanalysis
2023-02-18,29.5,20.6,25.2,33.7,22.9,28.3,0.0,14.8,32.4,79,23.24,1012.2,loc_cuddalore,11.748,79.7714,ECMWF_ERA5_Reanalysis
2023-02-19,29.6,22.4,25.8,33.6,25.8,29.4,0.8,15.3,33.1,80,22.26,1012.3,loc_cuddalore,11.748,79.7714,ECMWF_ERA5_Reanalysis
2023-02-20,29.8,20.6,25.6,33.8,23.7,28.8,0.0,15.9,34.2,79,23.64,1012.3,loc_cuddalore,11.748,79.7714,ECMWF_ERA5_Reanalysis
2023-02-21,31.0,19.1,25.1,32.9,21.4,27.7,0.0,14.4,32.0,79,24.46,1012.5,loc_cuddalore,11.748,79.7714,ECMWF_ERA5_Reanalysis
2023-02-22,30.2,19.8,25.2,32.2,22.4,27.7,0.0,13.4,30.6,77,24.44,1012.0,loc_cuddalore,11.748,79.7714,ECMWF_ERA5_Reanalysis
2023-02-23,30.0,20.3,25.5,33.5,21.9,28.1,0.0,15.8,34.2,87,23.07,1011.9,loc_cuddalore,11.748,79.7714,ECMWF_ERA5_Reanalysis
2023-02-24,29.5,22.2,25.5,33.5,24.8,28.8,2.1,14.8,31.7,93,21.66,1012.6,loc_cuddalore,11.748,79.7714,ECMWF_ERA5_Reanalysis
2023-02-25,30.0,19.9,24.7,33.9,22.5,27.7,0.0,14.4,32.4,65,25.07,1014.0,loc_cuddalore,11.748,79.7714,ECMWF_ERA5_Reanalysis
2023-02-26,29.2,19.9,24.5,32.6,22.3,27.2,0.0,16.5,34.6,46,24.32,1015.2,loc_cuddalore,11.748,79.7714,ECMWF_ERA5_Reanalysis
2023-02-27,31.7,20.5,25.9,32.7,23.0,27.8,0.0,18.7,37.4,38,24.98,1015.1,loc_cuddalore,11.748,79.7714,ECMWF_ERA5_Reanalysis
2023-02-28,29.2,23.5,26.4,30.7,27.2,29.3,0.5,20.8,39.2,49,12.0,1014.8,loc_cuddalore,11.748,79.7714,ECMWF_ERA5_Reanalysis
2023-03-01,30.5,24.8,27.3,34.3,28.5,30.4,0.1,19.3,38.5,54,24.11,1014.9,loc_cuddalore,11.748,79.7714,ECMWF_ERA5_Reanalysis
2023-03-02,30.5,22.8,26.5,32.0,26.7,28.9,0.0,16.8,34.2,46,25.07,1015.3,loc_cuddalore,11.748,79.7714,ECMWF_ERA5_Reanalysis
2023-03-03,30.0,21.0,25.8,32.6,23.4,28.3,0.0,18.3,36.7,34,25.37,1015.7,loc_cuddalore,11.748,79.7714,ECMWF_ERA5_Reanalysis
2023-03-04,31.3,22.1,26.4,33.8,25.7,29.5,0.0,15.9,32.0,39,24.38,1015.5,loc_cuddalore,11.748,79.7714,ECMWF_ERA5_Reanalysis
2023-03-05,30.5,22.8,26.2,34.1,26.5,29.8,0.0,17.4,36.0,38,23.86,1014.9,loc_cuddalore,11.748,79.7714,ECMWF_ERA5_Reanalysis
2023-03-06,30.5,23.0,26.5,34.0,26.8,29.9,0.0,15.0,32.8,57,25.18,1013.6,loc_cuddalore,11.748,79.7714,ECMWF_ERA5_Reanalysis
2023-03-07,30.2,21.3,26.3,34.7,24.5,29.8,0.0,16.7,35.3,68,24.3,1013.0,loc_cuddalore,11.748,79.7714,ECMWF_ERA5_Reanalysis
2023-03-08,30.2,23.8,26.8,33.9,27.2,29.9,0.0,18.3,37.1,56,24.03,1012.9,loc_cuddalore,11.748,79.7714,ECMWF_ERA5_Reanalysis
2023-03-09,30.7,22.8,26.7,33.7,26.4,30.0,0.1,18.7,38.9,45,23.82,1012.2,loc_cuddalore,11.748,79.7714,ECMWF_ERA5_Reanalysis
2023-03-10,29.9,23.6,26.7,33.5,28.0,30.2,0.3,17.1,33.5,53,19.95,1011.7,loc_cuddalore,11.748,79.7714,ECMWF_ERA5_Reanalysis
2023-03-11,30.0,23.2,26.6,33.2,27.1,29.9,4.3,19.5,39.2,54,22.62,1011.9,loc_cuddalore,11.748,79.7714,ECMWF_ERA5_Reanalysis
2023-03-12,30.6,23.8,27.1,34.3,27.7,30.9,0.1,20.7,41.8,51,24.23,1011.6,loc_cuddalore,11.748,79.7714,ECMWF_ERA5_Reanalysis
2023-03-13,31.4,24.3,27.5,35.7,29.4,31.8,0.2,15.0,33.1,55,24.36,1010.6,loc_cuddalore,11.748,79.7714,ECMWF_ERA5_Reanalysis
2023-03-14,31.0,23.8,27.3,35.5,29.0,31.8,0.0,14.6,32.0,81,24.36,1009.3,loc_cuddalore,11.748,79.7714,ECMWF_ERA5_Reanalysis
2023-03-15,30.8,24.1,27.5,36.1,28.3,31.9,0.0,19.3,38.5,122,23.48,1008.7,loc_cuddalore,11.748,79.7714,ECMWF_ERA5_Reanalysis
2023-03-16,30.7,25.4,28.0,35.6,29.6,32.1,0.6,17.3,36.4,125,22.57,1009.5,loc_cuddalore,11.748,79.7714,ECMWF_ERA5_Reanalysis
2023-03-17,30.8,25.4,27.9,36.5,30.2,32.4,2.5,18.6,34.9,110,22.01,1009.6,loc_cuddalore,11.748,79.7714,ECMWF_ERA5_Reanalysis
2023-03-18,31.0,24.9,27.7,36.1,29.8,32.2,0.8,16.1,35.3,136,21.61,1008.8,loc_cuddalore,11.748,79.7714,ECMWF_ERA5_Reanalysis
2023-03-19,29.0,22.9,26.4,34.1,26.9,31.0,12.8,15.6,38.2,123,17.61,1008.1,loc_cuddalore,11.748,79.7714,ECMWF_ERA5_Reanalysis
2023-03-20,28.4,22.5,25.7,34.3,25.1,30.0,8.4,17.7,33.5,166,19.07,1007.8,loc_cuddalore,11.748,79.7714,ECMWF_ERA5_Reanalysis
2023-03-21,29.6,23.1,26.7,36.1,27.1,31.5,0.6,17.7,33.1,161,22.38,1007.3,loc_cuddalore,11.748,79.7714,ECMWF_ERA5_Reanalysis
2023-03-22,30.9,23.0,27.2,39.4,24.9,32.6,8.4,19.5,41.8,161,22.77,1007.8,loc_cuddalore,11.748,79.7714,ECMWF_ERA5_Reanalysis
2023-03-23,29.9,25.2,27.4,37.4,30.1,32.7,2.3,19.0,37.4,167,21.55,1008.3,loc_cuddalore,11.748,79.7714,ECMWF_ERA5_Reanalysis
2023-03-24,31.5,25.3,28.1,38.9,29.8,33.5,0.1,17.9,32.4,170,22.64,1008.3,loc_cuddalore,11.748,79.7714,ECMWF_ERA5_Reanalysis
2023-03-25,30.4,25.3,27.6,37.3,30.6,32.8,4.8,16.8,32.8,163,20.83,1009.6,loc_cuddalore,11.748,79.7714,ECMWF_ERA5_Reanalysis
2023-03-26,30.4,25.6,27.7,37.4,30.7,33.1,2.3,16.7,32.4,161,21.18,1008.9,loc_cuddalore,11.748,79.7714,ECMWF_ERA5_Reanalysis
2023-03-27,31.5,24.7,28.1,39.2,29.4,33.6,0.6,17.8,34.6,156,23.9,1008.1,loc_cuddalore,11.748,79.7714,ECMWF_ERA5_Reanalysis
2023-03-28,30.8,25.9,28.1,37.5,31.3,33.6,1.0,19.1,36.4,147,22.79,1008.6,loc_cuddalore,11.748,79.7714,ECMWF_ERA5_Reanalysis
2023-03-29,31.0,24.9,27.7,37.1,30.0,32.6,0.0,18.2,35.6,150,24.48,1009.7,loc_cuddalore,11.748,79.7714,ECMWF_ERA5_Reanalysis
2023-03-30,30.8,23.6,27.2,36.7,28.4,31.7,0.1,19.8,38.2,150,24.41,1009.0,loc_cuddalore,11.748,79.7714,ECMWF_ERA5_Reanalysis
2023-03-31,31.3,23.0,27.5,37.2,26.5,31.9,0.0,21.3,40.3,154,25.71,1007.9,loc_cuddalore,11.748,79.7714,ECMWF_ERA5_Reanalysis
2023-04-01,31.8,25.5,28.4,37.0,30.6,33.0,0.5,21.4,40.7,162,21.24,1008.2,loc_cuddalore,11.748,79.7714,ECMWF_ERA5_Reanalysis
2023-04-02,32.6,25.6,28.6,38.0,30.6,33.5,2.2,19.4,37.4,162,22.31,1007.8,loc_cuddalore,11.748,79.7714,ECMWF_ERA5_Reanalysis
2023-04-03,31.2,26.3,28.5,37.3,30.8,33.1,1.3,19.4,36.7,159,22.86,1007.7,loc_cuddalore,11.748,79.7714,ECMWF_ERA5_Reanalysis
2023-04-04,30.8,27.0,28.6,36.4,31.4,33.0,1.9,19.6,39.2,162,22.59,1008.8,loc_cuddalore,11.748,79.7714,ECMWF_ERA5_Reanalysis
2023-04-05,31.8,25.0,28.4,38.0,29.5,33.1,0.0,20.2,39.6,158,25.64,1008.3,loc_cuddalore,11.748,79.7714,ECMWF_ERA5_Reanalysis
2023-04-06,32.0,25.8,28.7,38.0,30.7,33.7,0.0,18.9,37.8,149,25.36,1008.7,loc_cuddalore,11.748,79.7714,ECMWF_ERA5_Reanalysis
2023-04-07,31.5,25.0,28.2,37.3,30.6,33.3,0.4,15.9,33.5,130,25.13,1010.4,loc_cuddalore,11.748,79.7714,ECMWF_ERA5_Reanalysis
2023-04-08,31.8,25.1,28.2,37.0,30.0,32.9,0.0,16.4,34.6,94,25.64,1012.2,loc_cuddalore,11.748,79.7714,ECMWF_ERA5_Reanalysis
2023-04-09,31.7,24.3,28.3,36.3,29.5,32.8,0.8,17.5,35.6,74,24.33,1012.2,loc_cuddalore,11.748,79.7714,ECMWF_ERA5_Reanalysis
2023-04-10,32.2,25.7,28.8,38.0,31.1,34.0,0.2,16.6,34.9,87,24.77,1010.8,loc_cuddalore,11.748,79.7714,ECMWF_ERA5_Reanalysis
2023-04-11,32.3,25.2,28.5,38.0,30.9,34.0,0.0,14.4,32.4,98,25.86,1010.7,loc_cuddalore,11.748,79.7714,ECMWF_ERA5_Reanalysis
2023-04-12,32.3,23.2,27.7,37.9,27.9,32.8,0.0,14.8,32.0,115,26.23,1010.3,loc_cuddalore,11.748,79.7714,ECMWF_ERA5_Reanalysis
2023-04-13,33.1,22.3,28.0,39.0,26.4,32.9,0.0,15.0,32.4,151,25.89,1009.6,loc_cuddalore,11.748,79.7714,ECMWF_ERA5_Reanalysis
2023-04-14,34.0,23.5,28.3,40.4,28.2,33.1,0.0,17.1,36.0,167,25.65,1009.2,loc_cuddalore,11.748,79.7714,ECMWF_ERA5_Reanalysis
2023-04-15,33.8,21.7,28.3,40.6,24.5,33.1,0.0,17.8,36.7,159,25.26,1008.6,loc_cuddalore,11.748,79.7714,ECMWF_ERA5_Reanalysis
2023-04-16,34.3,23.8,28.8,40.1,28.4,33.7,0.0,17.1,36.0,160,26.09,1007.6,loc_cuddalore,11.748,79.7714,ECMWF_ERA5_Reanalysis
2023-04-17,33.5,24.0,28.8,38.7,28.3,33.5,0.0,17.0,36.0,158,26.67,1007.8,loc_cuddalore,11.748,79.7714,ECMWF_ERA5_Reanalysis
2023-04-18,33.8,24.8,29.1,40.1,30.1,34.3,0.0,20.0,40.0,154,25.98,1008.7,loc_cuddalore,11.748,79.7714,ECMWF_ERA5_Reanalysis
2023-04-19,34.1,24.5,29.4,40.7,29.7,34.9,0.0,18.4,38.2,160,25.08,1006.8,loc_cuddalore,11.748,79.7714,ECMWF_ERA5_Reanalysis
2023-04-20,36.4,26.0,30.5,41.2,30.5,35.3,0.0,23.7,45.7,168,25.31,1004.5,loc_cuddalore,11.748,79.7714,ECMWF_ERA5_Reanalysis
2023-04-21,36.4,27.1,30.8,40.9,32.0,35.5,0.0,24.5,47.5,166,24.75,1004.4,loc_cuddalore,11.748,79.7714,ECMWF_ERA5_Reanalysis
2023-04-22,33.9,27.1,30.2,40.0,32.8,35.6,0.0,22.3,43.9,156,23.54,1004.9,loc_cuddalore,11.748,79.7714,ECMWF_ERA5_Reanalysis
2023-04-23,33.4,25.8,30.0,39.5,30.2,35.0,3.0,23.1,45.7,159,23.5,1005.5,loc_cuddalore,11.748,79.7714,ECMWF_ERA5_Reanalysis
2023-04-24,32.2,24.9,28.8,38.0,29.1,33.6,0.6,18.6,39.2,155,23.54,1007.3,loc_cuddalore,11.748,79.7714,ECMWF_ERA5_Reanalysis
2023-04-25,31.6,24.9,28.8,37.7,29.6,34.2,1.0,16.4,34.9,150,23.59,1008.2,loc_cuddalore,11.748,79.7714,ECMWF_ERA5_Reanalysis
2023-04-26,30.2,25.6,27.9,36.9,29.1,33.7,6.6,15.1,33.1,118,21.01,1008.0,loc_cuddalore,11.748,79.7714,ECMWF_ERA5_Reanalysis
2023-04-27,32.7,25.3,29.4,38.3,31.5,34.9,1.5,17.1,34.9,120,22.6,1007.8,loc_cuddalore,11.748,79.7714,ECMWF_ERA5_Reanalysis
2023-04-28,32.5,26.2,29.5,38.7,32.0,34.9,0.8,15.2,33.1,132,23.57,1008.3,loc_cuddalore,11.748,79.7714,ECMWF_ERA5_Reanalysis
2023-04-29,30.1,26.6,28.5,36.4,31.0,33.6,12.3,16.3,31.7,129,20.88,1008.0,loc_cuddalore,11.748,79.7714,ECMWF_ERA5_Reanalysis
2023-04-30,31.3,25.1,28.3,37.3,30.7,33.6,3.0,17.3,36.7,151,21.31,1006.5,loc_cuddalore,11.748,79.7714,ECMWF_ERA5_Reanalysis
2023-05-01,31.3,25.4,27.9,38.2,31.0,33.1,20.7,14.4,31.3,158,17.95,1006.4,loc_cuddalore,11.748,79.7714,ECMWF_ERA5_Reanalysis
2023-05-02,28.5,24.2,26.3,34.0,29.3,31.5,10.5,13.6,26.6,167,12.29,1007.5,loc_cuddalore,11.748,79.7714,ECMWF_ERA5_Reanalysis
2023-05-03,30.4,24.5,27.2,37.1,29.8,32.9,7.6,14.5,29.5,166,14.11,1007.7,loc_cuddalore,11.748,79.7714,ECMWF_ERA5_Reanalysis
2023-05-04,30.9,25.2,27.8,38.3,30.7,33.7,2.6,11.3,23.0,168,19.12,1007.0,loc_cuddalore,11.748,79.7714,ECMWF_ERA5_Reanalysis
2023-05-05,31.0,24.5,27.1,38.8,29.0,32.8,17.8,18.3,33.1,264,17.73,1006.5,loc_cuddalore,11.748,79.7714,ECMWF_ERA5_Reanalysis
2023-05-06,30.9,25.6,27.7,39.0,30.5,33.8,12.9,11.3,29.9,295,19.21,1006.1,loc_cuddalore,11.748,79.7714,ECMWF_ERA5_Reanalysis
2023-05-07,32.2,24.6,28.1,39.3,28.7,33.8,4.6,11.3,20.2,254,14.98,1005.7,loc_cuddalore,11.748,79.7714,ECMWF_ERA5_Reanalysis
2023-05-08,32.4,25.1,28.4,40.2,30.4,34.4,0.0,12.2,25.6,188,22.36,1004.9,loc_cuddalore,11.748,79.7714,ECMWF_ERA5_Reanalysis
2023-05-09,33.5,25.4,29.3,41.5,31.1,35.6,0.0,14.2,28.8,159,23.53,1005.0,loc_cuddalore,11.748,79.7714,ECMWF_ERA5_Reanalysis
2023-05-10,34.1,25.6,29.7,42.8,30.7,35.9,0.0,17.1,32.8,143,21.63,1004.6,loc_cuddalore,11.748,79.7714,ECMWF_ERA5_Reanalysis
2023-05-11,34.7,26.7,29.8,41.9,31.5,35.9,0.0,12.7,24.8,199,16.92,1005.1,loc_cuddalore,11.748,79.7714,ECMWF_ERA5_Reanalysis
2023-05-12,37.4,26.9,31.5,42.1,32.7,36.6,0.0,19.9,33.5,240,21.77,1005.2,loc_cuddalore,11.748,79.7714,ECMWF_ERA5_Reanalysis
2023-05-13,37.7,28.2,32.0,42.3,31.7,35.8,0.0,21.5,37.1,232,23.48,1005.6,loc_cuddalore,11.748,79.7714,ECMWF_ERA5_Reanalysis
2023-05-14,38.1,27.9,32.2,44.2,30.9,36.8,0.3,23.7,40.7,222,22.44,1004.2,loc_cuddalore,11.748,79.7714,ECMWF_ERA5_Reanalysis
2023-05-15,38.7,28.2,32.3,44.8,31.7,37.2,0.0,21.1,36.4,208,24.95,1004.8,loc_cuddalore,11.748,79.7714,ECMWF_ERA5_Reanalysis
2023-05-16,38.5,27.7,31.8,45.0,32.4,37.3,0.0,20.4,34.9,187,24.43,1006.2,loc_cuddalore,11.748,79.7714,ECMWF_ERA5_Reanalysis
2023-05-17,36.4,27.8,31.3,42.2,33.0,36.7,0.0,24.3,45.7,174,24.42,1007.3,loc_cuddalore,11.748,79.7714,ECMWF_ERA5_Reanalysis
2023-05-18,36.1,28.1,31.2,42.3,33.2,36.5,0.0,22.0,42.8,173,24.59,1008.4,loc_cuddalore,11.748,79.7714,ECMWF_ERA5_Reanalysis
2023-05-19,36.4,27.7,31.2,42.6,32.5,36.1,0.0,22.8,42.5,180,24.19,1007.2,loc_cuddalore,11.748,79.7714,ECMWF_ERA5_Reanalysis
2023-05-20,35.7,27.6,30.9,42.3,32.5,35.9,0.0,23.0,44.3,174,24.66,1006.5,loc_cuddalore,11.748,79.7714,ECMWF_ERA5_Reanalysis
2023-05-21,35.0,27.7,30.9,41.5,32.6,36.0,0.0,25.6,47.9,173,24.41,1007.4,loc_cuddalore,11.748,79.7714,ECMWF_ERA5_Reanalysis
2023-05-22,34.3,27.2,30.5,40.5,32.1,35.4,0.0,24.6,46.8,173,24.19,1008.6,loc_cuddalore,11.748,79.7714,ECMWF_ERA5_Reanalysis
2023-05-23,35.0,26.6,30.4,41.5,30.7,35.2,0.0,21.4,40.3,173,23.85,1008.8,loc_cuddalore,11.748,79.7714,ECMWF_ERA5_Reanalysis
2023-05-24,36.7,27.8,31.3,41.8,31.2,35.5,0.0,24.0,43.9,183,23.43,1007.9,loc_cuddalore,11.748,79.7714,ECMWF_ERA5_Reanalysis
2023-05-25,37.5,28.4,32.1,43.3,31.8,36.8,0.3,19.8,36.4,208,22.39,1007.9,loc_cuddalore,11.748,79.7714,ECMWF_ERA5_Reanalysis
2023-05-26,38.0,28.0,31.7,43.7,32.9,36.5,1.2,13.0,36.4,238,23.48,1008.2,loc_cuddalore,11.748,79.7714,ECMWF_ERA5_Reanalysis
2023-05-27,37.7,26.8,31.4,43.7,31.7,36.9,0.0,15.8,32.0,204,23.19,1006.4,loc_cuddalore,11.748,79.7714,ECMWF_ERA5_Reanalysis
2023-05-28,35.8,28.7,31.8,43.3,32.7,37.2,0.5,14.7,28.1,199,23.13,1005.7,loc_cuddalore,11.748,79.7714,ECMWF_ERA5_Reanalysis
2023-05-29,35.5,28.0,31.4,43.0,33.6,37.0,0.0,22.4,45.0,174,24.6,1006.1,loc_cuddalore,11.748,79.7714,ECMWF_ERA5_Reanalysis
2023-05-30,35.0,27.7,30.5,41.2,33.2,36.2,0.0,20.4,39.2,166,23.62,1007.1,loc_cuddalore,11.748,79.7714,ECMWF_ERA5_Reanalysis
2023-05-31,33.8,25.6,29.9,40.9,31.4,35.5,0.0,19.7,35.3,158,24.69,1006.5,loc_cuddalore,11.748,79.7714,ECMWF_ERA5_Reanalysis
2023-06-01,37.1,28.0,31.9,42.1,32.4,36.6,0.0,24.1,42.1,190,24.24,1005.3,loc_cuddalore,11.748,79.7714,ECMWF_ERA5_Reanalysis
2023-06-02,37.6,27.9,32.6,44.7,31.4,37.0,0.8,17.0,34.6,222,24.1,1005.1,loc_cuddalore,11.748,79.7714,ECMWF_ERA5_Reanalysis
2023-06-03,38.3,28.9,32.2,45.0,32.3,37.3,0.0,21.1,39.6,198,23.85,1004.8,loc_cuddalore,11.748,79.7714,ECMWF_ERA5_Reanalysis
2023-06-04,38.7,29.2,33.2,44.6,33.0,37.5,0.1,17.2,32.4,229,22.66,1005.0,loc_cuddalore,11.748,79.7714,ECMWF_ERA5_Reanalysis
2023-06-05,38.0,28.3,31.7,43.6,32.2,36.7,5.1,18.0,39.6,208,21.63,1004.8,loc_cuddalore,11.748,79.7714,ECMWF_ERA5_Reanalysis
2023-06-06,38.3,28.1,31.8,44.0,31.5,36.4,0.8,21.0,37.1,219,23.36,1004.0,loc_cuddalore,11.748,79.7714,ECMWF_ERA5_Reanalysis
2023-06-07,34.3,28.9,31.1,40.4,32.5,35.8,0.2,20.6,39.2,214,17.05,1004.4,loc_cuddalore,11.748,79.7714,ECMWF_ERA5_Reanalysis
2023-06-08,37.2,28.2,31.6,42.9,31.9,36.3,1.0,17.2,31.3,226,23.35,1004.4,loc_cuddalore,11.748,79.7714,ECMWF_ERA5_Reanalysis
2023-06-09,37.7,27.7,31.9,42.7,32.0,36.1,0.6,20.1,38.9,235,22.04,1003.2,loc_cuddalore,11.748,79.7714,ECMWF_ERA5_Reanalysis
2023-06-10,37.0,26.9,31.6,41.9,31.6,35.6,0.5,16.6,29.2,246,21.31,1003.1,loc_cuddalore,11.748,79.7714,ECMWF_ERA5_Reanalysis
2023-06-11,36.3,26.6,31.1,42.5,30.8,35.7,0.0,17.1,35.6,228,23.66,1003.3,loc_cuddalore,11.748,79.7714,ECMWF_ERA5_Reanalysis
2023-06-12,36.1,27.5,31.0,41.6,30.8,35.9,9.7,22.9,55.1,236,23.36,1003.4,loc_cuddalore,11.748,79.7714,ECMWF_ERA5_Reanalysis
2023-06-13,36.4,26.8,30.9,41.4,31.6,35.3,0.5,25.5,44.3,248,23.13,1004.0,loc_cuddalore,11.748,79.7714,ECMWF_ERA5_Reanalysis
2023-06-14,37.3,27.4,32.0,42.1,31.7,36.2,0.1,14.0,29.2,246,23.6,1005.2,loc_cuddalore,11.748,79.7714,ECMWF_ERA5_Reanalysis
2023-06-15,38.1,27.6,32.6,41.9,31.5,36.5,0.0,18.7,30.6,231,23.72,1004.9,loc_cuddalore,11.748,79.7714,ECMWF_ERA5_Reanalysis
2023-06-16,38.4,28.9,32.9,42.3,32.0,36.9,0.0,18.9,34.2,227,23.69,1003.9,loc_cuddalore,11.748,79.7714,ECMWF_ERA5_Reanalysis
2023-06-17,36.3,28.2,31.5,39.4,32.0,35.2,0.8,16.5,31.3,238,13.35,1004.5,loc_cuddalore,11.748,79.7714,ECMWF_ERA5_Reanalysis
2023-06-18,28.5,26.2,27.7,34.0,30.0,32.4,18.0,21.7,38.5,217,5.36,1005.4,loc_cuddalore,11.748,79.7714,ECMWF_ERA5_Reanalysis
2023-06-19,29.3,25.4,26.7,34.8,29.1,31.8,38.2,19.7,34.6,239,5.12,1004.9,loc_cuddalore,11.748,79.7714,ECMWF_ERA5_Reanalysis
2023-06-20,29.9,24.7,26.9,36.9,28.5,32.5,31.7,14.5,27.0,212,4.52,1004.0,loc_cuddalore,11.748,79.7714,ECMWF_ERA5_Reanalysis
2023-06-21,31.4,25.6,28.1,38.2,30.5,33.7,6.4,12.8,25.2,198,16.47,1004.6,loc_cuddalore,11.748,79.7714,ECMWF_ERA5_Reanalysis
2023-06-22,32.9,26.3,29.3,39.3,31.3,35.0,0.7,13.2,22.7,208,20.14,1004.6,loc_cuddalore,11.748,79.7714,ECMWF_ERA5_Reanalysis
2023-06-23,34.2,26.4,29.7,41.4,32.5,35.9,1.8,14.7,28.4,210,21.13,1004.6,loc_cuddalore,11.748,79.7714,ECMWF_ERA5_Reanalysis
2023-06-24,34.5,27.0,30.1,40.7,31.0,35.5,0.2,14.0,27.4,219,21.79,1004.2,loc_cuddalore,11.748,79.7714,ECMWF_ERA5_Reanalysis
2023-06-25,32.8,27.0,29.4,39.9,31.2,34.6,0.0,20.2,34.6,189,20.94,1004.3,loc_cuddalore,11.748,79.7714,ECMWF_ERA5_Reanalysis
2023-06-26,33.4,26.4,29.8,40.2,30.7,34.8,1.0,14.5,24.8,227,21.33,1004.7,loc_cuddalore,11.748,79.7714,ECMWF_ERA5_Reanalysis
2023-06-27,34.3,26.7,29.8,40.1,30.2,34.3,0.5,16.8,33.5,208,21.47,1005.2,loc_cuddalore,11.748,79.7714,ECMWF_ERA5_Reanalysis
2023-06-28,34.9,26.3,29.8,40.9,29.4,33.8,0.0,26.0,46.4,197,24.24,1006.2,loc_cuddalore,11.748,79.7714,ECMWF_ERA5_Reanalysis
2023-06-29,35.9,27.5,30.3,41.8,30.7,34.6,0.0,18.3,34.2,219,22.93,1006.6,loc_cuddalore,11.748,79.7714,ECMWF_ERA5_Reanalysis
2023-06-30,34.9,25.9,30.3,41.3,30.5,35.2,0.1,17.3,32.8,192,23.43,1006.2,loc_cuddalore,11.748,79.7714,ECMWF_ERA5_Reanalysis
2023-07-01,34.8,27.7,31.0,40.1,32.5,35.5,0.0,15.4,33.1,247,19.97,1006.3,loc_cuddalore,11.748,79.7714,ECMWF_ERA5_Reanalysis
2023-07-02,31.6,27.2,28.9,36.5,31.2,33.6,4.1,17.8,31.7,207,10.79,1005.6,loc_cuddalore,11.748,79.7714,ECMWF_ERA5_Reanalysis
2023-07-03,31.4,25.2,28.0,36.4,29.3,33.0,13.2,16.9,32.8,213,8.4,1004.6,loc_cuddalore,11.748,79.7714,ECMWF_ERA5_Reanalysis
2023-07-04,33.1,26.0,28.6,37.3,30.0,32.6,1.7,19.8,40.7,233,15.16,1002.9,loc_cuddalore,11.748,79.7714,ECMWF_ERA5_Reanalysis
2023-07-05,33.3,25.0,29.0,37.7,28.8,32.4,2.4,20.7,48.6,241,17.97,1002.0,loc_cuddalore,11.748,79.7714,ECMWF_ERA5_Reanalysis
2023-07-06,33.1,25.3,29.2,36.7,28.8,32.6,0.5,18.3,41.0,235,14.13,1004.6,loc_cuddalore,11.748,79.7714,ECMWF_ERA5_Reanalysis
2023-07-07,34.4,26.1,30.0,41.4,30.1,34.0,0.1,15.1,26.6,210,18.55,1006.4,loc_cuddalore,11.748,79.7714,ECMWF_ERA5_Reanalysis
2023-07-08,35.5,27.2,29.9,40.0,30.7,34.2,1.1,14.5,33.5,234,21.98,1007.2,loc_cuddalore,11.748,79.7714,ECMWF_ERA5_Reanalysis
2023-07-09,35.6,26.4,30.4,41.4,30.4,35.2,2.9,13.9,35.6,256,22.28,1006.3,loc_cuddalore,11.748,79.7714,ECMWF_ERA5_Reanalysis
2023-07-10,31.0,26.6,27.8,37.5,31.5,33.8,10.3,10.3,29.5,215,10.9,1006.2,loc_cuddalore,11.748,79.7714,ECMWF_ERA5_Reanalysis
2023-07-11,31.0,25.8,28.2,36.3,30.9,33.5,2.9,17.1,30.6,216,8.0,1005.6,loc_cuddalore,11.748,79.7714,ECMWF_ERA5_Reanalysis
2023-07-12,33.3,26.1,29.0,39.1,29.6,34.2,0.0,17.1,30.6,203,16.5,1005.3,loc_cuddalore,11.748,79.7714,ECMWF_ERA5_Reanalysis
2023-07-13,34.0,26.6,29.3,40.8,30.6,34.6,1.2,16.7,30.2,207,20.04,1005.8,loc_cuddalore,11.748,79.7714,ECMWF_ERA5_Reanalysis
2023-07-14,34.9,26.4,30.2,39.9,30.6,34.7,0.3,20.7,38.2,221,22.44,1006.4,loc_cuddalore,11.748,79.7714,ECMWF_ERA5_Reanalysis
2023-07-15,35.6,26.6,30.9,39.5,30.9,35.0,0.4,16.5,34.2,235,21.89,1005.9,loc_cuddalore,11.748,79.7714,ECMWF_ERA5_Reanalysis
2023-07-16,34.6,27.8,30.6,40.0,31.4,35.3,0.0,16.5,31.0,202,18.39,1005.4,loc_cuddalore,11.748,79.7714,ECMWF_ERA5_Reanalysis
2023-07-17,35.7,27.4,31.0,40.4,31.3,35.3,0.3,20.8,38.5,204,20.68,1004.7,loc_cuddalore,11.748,79.7714,ECMWF_ERA5_Reanalysis
2023-07-18,36.5,27.3,31.8,38.9,30.4,34.2,0.0,19.0,44.6,233,17.55,1003.9,loc_cuddalore,11.748,79.7714,ECMWF_ERA5_Reanalysis
2023-07-19,36.5,27.3,31.8,37.2,29.8,33.5,0.1,23.2,47.2,251,20.03,1003.0,loc_cuddalore,11.748,79.7714,ECMWF_ERA5_Reanalysis
2023-07-20,37.9,27.2,32.2,38.4,29.7,34.0,0.0,26.6,52.9,247,20.39,1002.5,loc_cuddalore,11.748,79.7714,ECMWF_ERA5_Reanalysis
2023-07-21,37.1,26.9,32.2,38.0,29.2,33.8,0.1,22.7,45.0,260,17.73,1003.6,loc_cuddalore,11.748,79.7714,ECMWF_ERA5_Reanalysis
2023-07-22,34.3,28.3,31.1,37.4,31.6,33.6,0.5,18.5,38.5,249,11.08,1005.4,loc_cuddalore,11.748,79.7714,ECMWF_ERA5_Reanalysis
2023-07-23,35.1,26.4,30.2,38.9,31.2,34.1,4.9,12.9,39.6,229,14.4,1005.8,loc_cuddalore,11.748,79.7714,ECMWF_ERA5_Reanalysis
2023-07-24,33.0,25.7,28.5,36.9,30.8,33.0,3.9,14.2,33.8,233,12.85,1005.5,loc_cuddalore,11.748,79.7714,ECMWF_ERA5_Reanalysis
2023-07-25,29.9,25.1,27.1,34.0,29.4,31.5,8.6,14.6,26.3,245,7.25,1005.8,loc_cuddalore,11.748,79.7714,ECMWF_ERA5_Reanalysis
2023-07-26,33.5,25.3,28.5,36.6,29.6,32.7,2.4,20.5,42.5,237,16.84,1006.5,loc_cuddalore,11.748,79.7714,ECMWF_ERA5_Reanalysis
2023-07-27,35.1,25.1,30.3,38.8,28.7,33.3,0.3,20.9,41.8,247,20.56,1006.7,loc_cuddalore,11.748,79.7714,ECMWF_ERA5_Reanalysis
2023-07-28,37.1,27.0,31.4,39.5,30.3,34.4,0.1,22.3,46.8,255,24.1,1005.9,loc_cuddalore,11.748,79.7714,ECMWF_ERA5_Reanalysis
2023-07-29,37.6,27.2,31.9,39.9,30.2,34.2,0.0,23.5,49.7,278,24.13,1005.6,loc_cuddalore,11.748,79.7714,ECMWF_ERA5_Reanalysis
2023-07-30,38.1,27.6,31.9,40.2,29.9,34.5,0.5,21.6,45.4,268,23.1,1005.1,loc_cuddalore,11.748,79.7714,ECMWF_ERA5_Reanalysis
2023-07-31,38.0,27.2,32.1,40.9,30.9,35.0,0.0,21.4,43.2,257,23.0,1004.8,loc_cuddalore,11.748,79.7714,ECMWF_ERA5_Reanalysis
2023-08-01,37.9,28.2,32.5,41.2,31.2,35.0,0.0,18.3,39.6,252,18.96,1005.0,loc_cuddalore,11.748,79.7714,ECMWF_ERA5_Reanalysis
2023-08-02,38.1,26.8,31.6,40.4,29.7,34.5,0.0,17.4,38.2,248,23.68,1006.0,loc_cuddalore,11.748,79.7714,ECMWF_ERA5_Reanalysis
2023-08-03,37.1,26.3,31.3,41.7,29.1,34.3,0.0,22.4,41.8,213,23.75,1005.6,loc_cuddalore,11.748,79.7714,ECMWF_ERA5_Reanalysis
2023-08-04,35.5,27.0,30.9,41.2,31.2,34.7,0.8,22.0,42.5,179,22.02,1007.6,loc_cuddalore,11.748,79.7714,ECMWF_ERA5_Reanalysis
2023-08-05,36.0,28.3,31.3,40.9,31.3,34.8,0.2,20.2,41.4,180,21.08,1008.6,loc_cuddalore,11.748,79.7714,ECMWF_ERA5_Reanalysis
2023-08-06,36.9,27.7,31.4,42.6,31.2,35.6,1.3,17.3,36.4,191,22.21,1007.6,loc_cuddalore,11.748,79.7714,ECMWF_ERA5_Reanalysis
2023-08-07,36.0,25.8,30.7,41.6,30.3,35.4,0.4,19.6,40.3,172,22.05,1005.9,loc_cuddalore,11.748,79.7714,ECMWF_ERA5_Reanalysis
2023-08-08,36.2,28.7,31.2,42.0,31.5,35.1,1.0,20.0,40.0,181,21.43,1006.2,loc_cuddalore,11.748,79.7714,ECMWF_ERA5_Reanalysis
2023-08-09,35.1,26.8,30.4,40.7,31.9,35.6,1.7,14.5,33.5,166,21.15,1007.7,loc_cuddalore,11.748,79.7714,ECMWF_ERA5_Reanalysis
2023-08-10,34.9,25.9,29.4,41.3,30.0,34.2,4.1,15.3,32.8,217,21.84,1008.4,loc_cuddalore,11.748,79.7714,ECMWF_ERA5_Reanalysis
2023-08-11,33.3,25.6,28.8,40.6,30.4,34.2,21.1,17.8,35.6,237,21.47,1007.8,loc_cuddalore,11.748,79.7714,ECMWF_ERA5_Reanalysis
2023-08-12,34.3,24.9,28.7,41.8,29.3,34.1,11.3,17.0,34.9,256,22.17,1007.2,loc_cuddalore,11.748,79.7714,ECMWF_ERA5_Reanalysis
2023-08-13,35.2,26.0,30.0,40.7,30.7,35.0,0.0,16.7,29.2,219,23.23,1006.4,loc_cuddalore,11.748,79.7714,ECMWF_ERA5_Reanalysis
2023-08-14,33.5,25.7,29.3,41.5,29.6,34.8,16.9,16.9,35.6,160,21.03,1007.2,loc_cuddalore,11.748,79.7714,ECMWF_ERA5_Reanalysis
2023-08-15,35.0,27.0,30.1,40.4,30.9,34.4,0.1,18.9,36.7,190,22.63,1007.3,loc_cuddalore,11.748,79.7714,ECMWF_ERA5_Reanalysis
2023-08-16,35.4,26.8,30.2,41.3,29.7,34.1,0.0,22.5,40.3,190,23.53,1007.3,loc_cuddalore,11.748,79.7714,ECMWF_ERA5_Reanalysis
2023-08-17,36.1,26.1,30.4,42.0,29.2,34.1,0.1,21.9,41.4,200,23.53,1006.6,loc_cuddalore,11.748,79.7714,ECMWF_ERA5_Reanalysis
2023-08-18,36.0,27.5,31.1,39.9,30.4,34.4,0.8,21.5,39.6,208,20.77,1005.5,loc_cuddalore,11.748,79.7714,ECMWF_ERA5_Reanalysis
2023-08-19,36.0,27.0,31.5,40.3,30.1,34.6,0.8,16.0,34.2,234,22.92,1005.0,loc_cuddalore,11.748,79.7714,ECMWF_ERA5_Reanalysis
2023-08-20,35.7,26.8,30.5,41.1,31.4,34.3,0.8,18.5,37.4,188,23.71,1005.4,loc_cuddalore,11.748,79.7714,ECMWF_ERA5_Reanalysis
2023-08-21,35.1,27.2,30.5,41.7,30.1,34.7,0.5,19.5,36.7,177,22.2,1005.1,loc_cuddalore,11.748,79.7714,ECMWF_ERA5_Reanalysis
2023-08-22,34.2,27.1,30.0,40.1,31.3,35.1,2.3,17.1,39.2,172,23.18,1005.5,loc_cuddalore,11.748,79.7714,ECMWF_ERA5_Reanalysis
2023-08-23,34.4,25.8,29.6,41.3,31.3,35.1,12.3,18.2,37.1,173,22.6,1005.9,loc_cuddalore,11.748,79.7714,ECMWF_ERA5_Reanalysis
2023-08-24,35.1,27.2,29.8,40.9,31.2,34.8,1.2,16.7,31.7,177,19.26,1005.5,loc_cuddalore,11.748,79.7714,ECMWF_ERA5_Reanalysis
2023-08-25,35.1,26.7,30.2,40.3,30.9,34.6,0.1,20.5,37.8,176,23.77,1005.6,loc_cuddalore,11.748,79.7714,ECMWF_ERA5_Reanalysis
2023-08-26,34.8,26.6,29.9,39.9,30.5,34.2,0.4,19.1,39.2,175,22.06,1006.6,loc_cuddalore,11.748,79.7714,ECMWF_ERA5_Reanalysis
2023-08-27,34.5,26.3,29.7,40.5,30.8,34.8,0.0,14.9,33.8,179,21.58,1007.4,loc_cuddalore,11.748,79.7714,ECMWF_ERA5_Reanalysis
2023-08-28,34.5,26.3,29.8,39.9,30.9,34.7,15.2,17.1,31.7,197,18.23,1006.7,loc_cuddalore,11.748,79.7714,ECMWF_ERA5_Reanalysis
2023-08-29,33.8,25.6,29.2,40.7,29.7,34.2,8.1,20.6,41.8,190,21.0,1006.1,loc_cuddalore,11.748,79.7714,ECMWF_ERA5_Reanalysis
2023-08-30,34.8,25.0,29.0,41.0,29.6,34.4,9.4,14.7,29.2,244,23.96,1006.3,loc_cuddalore,11.748,79.7714,ECMWF_ERA5_Reanalysis
2023-08-31,33.5,25.4,28.4,42.0,30.2,34.6,5.6,11.6,31.7,230,23.33,1006.4,loc_cuddalore,11.748,79.7714,ECMWF_ERA5_Reanalysis
2023-09-01,32.4,24.8,28.7,40.6,30.3,34.6,3.7,15.9,32.0,192,23.84,1006.5,loc_cuddalore,11.748,79.7714,ECMWF_ERA5_Reanalysis
2023-09-02,33.9,26.1,29.5,41.4,30.6,34.6,3.3,17.6,36.4,210,23.89,1005.9,loc_cuddalore,11.748,79.7714,ECMWF_ERA5_Reanalysis
2023-09-03,33.6,26.4,29.2,38.9,30.8,34.0,0.4,16.4,32.8,225,21.36,1004.8,loc_cuddalore,11.748,79.7714,ECMWF_ERA5_Reanalysis
2023-09-04,35.0,25.9,29.9,38.1,31.0,34.2,0.2,18.6,42.1,265,23.22,1003.0,loc_cuddalore,11.748,79.7714,ECMWF_ERA5_Reanalysis
2023-09-05,34.1,25.4,29.1,37.2,28.8,32.9,2.6,18.2,41.0,250,20.37,1003.4,loc_cuddalore,11.748,79.7714,ECMWF_ERA5_Reanalysis
2023-09-06,32.9,24.8,28.3,36.9,28.4,32.2,5.1,22.5,43.9,225,17.74,1004.5,loc_cuddalore,11.748,79.7714,ECMWF_ERA5_Reanalysis
2023-09-07,33.4,26.9,29.1,38.3,29.5,32.6,4.8,19.9,46.4,216,20.69,1005.3,loc_cuddalore,11.748,79.7714,ECMWF_ERA5_Reanalysis
2023-09-08,34.0,26.6,29.8,37.8,29.5,33.2,0.1,20.4,41.0,213,20.17,1006.1,loc_cuddalore,11.748,79.7714,ECMWF_ERA5_Reanalysis
2023-09-09,34.4,26.5,29.7,40.7,29.4,33.5,0.4,22.3,43.9,197,23.13,1005.4,loc_cuddalore,11.748,79.7714,ECMWF_ERA5_Reanalysis
2023-09-10,34.3,27.0,30.1,39.2,30.4,34.2,0.4,18.6,40.7,217,18.81,1004.7,loc_cuddalore,11.748,79.7714,ECMWF_ERA5_Reanalysis
2023-09-11,35.1,26.3,30.1,40.0,29.9,34.2,13.8,15.9,40.0,232,20.8,1004.9,loc_cuddalore,11.748,79.7714,ECMWF_ERA5_Reanalysis
2023-09-12,35.1,26.4,29.4,40.2,30.3,33.7,4.9,16.7,34.9,238,20.1,1005.6,loc_cuddalore,11.748,79.7714,ECMWF_ERA5_Reanalysis
2023-09-13,33.8,25.8,29.1,40.9,29.8,34.4,1.2,19.0,35.6,204,20.97,1005.5,loc_cuddalore,11.748,79.7714,ECMWF_ERA5_Reanalysis
2023-09-14,33.9,26.6,29.3,40.0,29.6,34.0,3.7,17.3,35.6,208,21.46,1005.8,loc_cuddalore,11.748,79.7714,ECMWF_ERA5_Reanalysis
2023-09-15,35.1,26.0,29.8,40.0,28.7,33.4,2.9,18.8,38.9,211,23.15,1006.3,loc_cuddalore,11.748,79.7714,ECMWF_ERA5_Reanalysis
2023-09-16,33.9,26.7,29.4,39.0,29.8,33.6,1.6,19.5,36.4,212,20.8,1006.5,loc_cuddalore,11.748,79.7714,ECMWF_ERA5_Reanalysis
2023-09-17,32.9,25.4,28.4,38.5,30.1,33.3,13.7,15.9,33.1,229,19.83,1006.0,loc_cuddalore,11.748,79.7714,ECMWF_ERA5_Reanalysis
2023-09-18,32.0,25.1,27.6,37.0,28.5,31.8,2.5,21.2,44.6,217,16.74,1006.1,loc_cuddalore,11.748,79.7714,ECMWF_ERA5_Reanalysis
2023-09-19,33.5,25.6,28.7,40.1,29.9,33.4,0.1,21.1,40.0,209,21.9,1006.9,loc_cuddalore,11.748,79.7714,ECMWF_ERA5_Reanalysis
2023-09-20,34.0,25.2,29.2,40.9,29.0,34.2,0.2,14.8,30.6,207,23.7,1007.0,loc_cuddalore,11.748,79.7714,ECMWF_ERA5_Reanalysis
2023-09-21,32.5,26.2,28.7,41.4,31.0,34.3,5.1,16.2,36.4,187,21.83,1007.5,loc_cuddalore,11.748,79.7714,ECMWF_ERA5_Reanalysis
2023-09-22,32.3,24.9,28.5,40.7,29.7,33.8,2.4,19.0,36.7,179,23.82,1007.4,loc_cuddalore,11.748,79.7714,ECMWF_ERA5_Reanalysis
2023-09-23,33.2,25.7,29.1,41.4,30.3,34.6,23.2,16.1,32.8,187,23.22,1007.3,loc_cuddalore,11.748,79.7714,ECMWF_ERA5_Reanalysis
2023-09-24,33.1,25.1,28.5,40.3,30.1,34.2,1.1,20.5,37.8,211,21.57,1007.2,loc_cuddalore,11.748,79.7714,ECMWF_ERA5_Reanalysis
2023-09-25,33.6,25.4,28.7,38.7,29.5,33.4,2.1,21.7,38.5,262,18.18,1006.1,loc_cuddalore,11.748,79.7714,ECMWF_ERA5_Reanalysis
2023-09-26,31.3,25.0,27.8,36.8,29.7,32.9,4.8,15.8,28.4,211,11.73,1006.1,loc_cuddalore,11.748,79.7714,ECMWF_ERA5_Reanalysis
2023-09-27,33.7,25.2,28.9,41.0,30.7,34.3,4.6,14.7,29.5,213,22.43,1005.8,loc_cuddalore,11.748,79.7714,ECMWF_ERA5_Reanalysis
2023-09-28,33.6,25.3,29.0,39.0,30.0,33.5,6.9,18.3,42.8,217,20.96,1005.6,loc_cuddalore,11.748,79.7714,ECMWF_ERA5_Reanalysis
2023-09-29,33.1,26.0,29.1,39.5,29.4,33.1,1.9,20.4,40.0,215,22.39,1006.1,loc_cuddalore,11.748,79.7714,ECMWF_ERA5_Reanalysis
2023-09-30,33.9,26.1,29.5,38.7,29.3,33.3,3.1,16.5,38.9,207,21.99,1006.8,loc_cuddalore,11.748,79.7714,ECMWF_ERA5_Reanalysis
2023-10-01,34.0,26.9,29.8,38.4,29.4,33.0,0.4,20.2,39.2,210,17.95,1006.5,loc_cuddalore,11.748,79.7714,ECMWF_ERA5_Reanalysis
2023-10-02,34.5,27.0,30.2,40.0,29.5,33.7,1.0,19.7,38.2,202,21.78,1006.9,loc_cuddalore,11.748,79.7714,ECMWF_ERA5_Reanalysis
2023-10-03,34.9,27.0,29.9,40.6,31.0,34.0,0.8,22.9,41.8,190,22.38,1007.3,loc_cuddalore,11.748,79.7714,ECMWF_ERA5_Reanalysis
2023-10-04,34.9,26.3,30.1,41.5,29.6,34.3,0.4,19.8,34.9,201,22.2,1007.6,loc_cuddalore,11.748,79.7714,ECMWF_ERA5_Reanalysis
2023-10-05,34.6,25.1,29.2,41.7,30.2,34.8,4.3,13.4,30.2,146,21.69,1007.4,loc_cuddalore,11.748,79.7714,ECMWF_ERA5_Reanalysis
2023-10-06,34.1,25.8,29.4,39.4,31.5,34.7,0.1,14.2,30.2,180,17.02,1006.8,loc_cuddalore,11.748,79.7714,ECMWF_ERA5_Reanalysis
2023-10-07,33.4,26.2,29.3,40.3,31.9,35.2,5.0,16.6,36.7,178,22.84,1007.3,loc_cuddalore,11.748,79.7714,ECMWF_ERA5_Reanalysis
2023-10-08,32.9,26.1,29.0,39.9,31.5,34.3,0.2,17.4,36.4,171,22.99,1008.9,loc_cuddalore,11.748,79.7714,ECMWF_ERA5_Reanalysis
2023-10-09,32.7,26.0,28.9,39.7,31.2,34.1,0.1,17.5,35.6,177,22.71,1010.3,loc_cuddalore,11.748,79.7714,ECMWF_ERA5_Reanalysis
2023-10-10,33.9,25.3,29.2,40.0,30.9,34.5,1.1,17.4,36.0,178,22.68,1009.5,loc_cuddalore,11.748,79.7714,ECMWF_ERA5_Reanalysis
2023-10-11,33.1,24.7,28.5,41.1,29.3,34.2,2.8,13.2,34.6,170,21.41,1009.3,loc_cuddalore,11.748,79.7714,ECMWF_ERA5_Reanalysis
2023-10-12,31.9,23.5,27.8,38.5,28.3,33.7,1.3,13.7,31.3,116,21.66,1010.3,loc_cuddalore,11.748,79.7714,ECMWF_ERA5_Reanalysis
2023-10-13,31.1,25.8,28.6,36.9,31.9,34.2,1.5,12.3,30.6,87,21.77,1011.1,loc_cuddalore,11.748,79.7714,ECMWF_ERA5_Reanalysis
2023-10-14,30.1,24.2,26.7,35.1,28.4,31.7,23.0,12.2,25.2,33,13.43,1011.4,loc_cuddalore,11.748,79.7714,ECMWF_ERA5_Reanalysis
2023-10-15,30.5,23.9,27.0,37.1,28.6,32.6,30.6,10.1,29.2,44,16.25,1009.8,loc_cuddalore,11.748,79.7714,ECMWF_ERA5_Reanalysis
2023-10-16,29.8,24.7,27.3,36.6,29.6,32.9,17.4,11.1,29.9,86,20.06,1009.8,loc_cuddalore,11.748,79.7714,ECMWF_ERA5_Reanalysis
2023-10-17,30.9,24.1,27.7,36.7,28.6,32.7,0.9,14.3,31.0,43,22.09,1010.4,loc_cuddalore,11.748,79.7714,ECMWF_ERA5_Reanalysis
2023-10-18,31.1,25.0,28.2,35.8,29.5,32.4,0.3,16.7,36.0,46,22.05,1011.1,loc_cuddalore,11.748,79.7714,ECMWF_ERA5_Reanalysis
2023-10-19,31.1,24.6,27.8,37.0,28.8,32.7,1.0,13.6,34.6,40,20.93,1011.0,loc_cuddalore,11.748,79.7714,ECMWF_ERA5_Reanalysis
2023-10-20,31.3,23.5,27.6,36.5,27.8,32.5,0.3,14.4,32.4,55,22.96,1010.9,loc_cuddalore,11.748,79.7714,ECMWF_ERA5_Reanalysis
2023-10-21,31.1,24.1,28.0,37.0,28.7,32.9,3.7,17.3,36.4,32,20.24,1011.0,loc_cuddalore,11.748,79.7714,ECMWF_ERA5_Reanalysis
2023-10-22,32.3,24.7,28.4,37.9,29.4,33.1,2.1,18.1,38.2,37,20.34,1010.9,loc_cuddalore,11.748,79.7714,ECMWF_ERA5_Reanalysis
2023-10-23,31.7,24.2,28.2,37.3,28.8,32.7,0.5,15.7,33.5,147,20.74,1010.4,loc_cuddalore,11.748,79.7714,ECMWF_ERA5_Reanalysis
2023-10-24,32.7,23.7,28.5,37.5,28.0,32.9,1.0,17.8,36.4,154,21.61,1010.4,loc_cuddalore,11.748,79.7714,ECMWF_ERA5_Reanalysis
2023-10-25,32.2,23.9,28.2,37.2,28.9,32.6,0.4,14.9,32.0,142,20.91,1011.5,loc_cuddalore,11.748,79.7714,ECMWF_ERA5_Reanalysis
2023-10-26,31.3,24.1,28.0,36.1,29.0,32.4,2.2,12.8,33.1,57,19.79,1011.6,loc_cuddalore,11.748,79.7714,ECMWF_ERA5_Reanalysis
2023-10-27,31.1,25.1,28.2,35.6,30.4,32.5,0.6,16.6,36.7,54,19.38,1010.2,loc_cuddalore,11.748,79.7714,ECMWF_ERA5_Reanalysis
2023-10-28,31.2,24.7,28.1,36.7,28.9,32.6,5.4,14.8,32.8,84,21.54,1010.3,loc_cuddalore,11.748,79.7714,ECMWF_ERA5_Reanalysis
2023-10-29,29.2,24.2,26.7,34.0,28.7,31.5,17.6,16.7,34.6,65,17.63,1010.6,loc_cuddalore,11.748,79.7714,ECMWF_ERA5_Reanalysis
2023-10-30,28.6,23.4,26.1,33.4,27.7,30.9,14.1,13.6,34.6,28,14.9,1010.6,loc_cuddalore,11.748,79.7714,ECMWF_ERA5_Reanalysis
2023-10-31,29.7,24.1,27.1,34.2,28.8,31.3,3.1,18.1,36.4,28,17.21,1010.7,loc_cuddalore,11.748,79.7714,ECMWF_ERA5_Reanalysis
2023-11-01,29.3,23.9,26.4,33.5,28.4,30.8,15.3,17.3,38.9,36,14.03,1011.0,loc_cuddalore,11.748,79.7714,ECMWF_ERA5_Reanalysis
2023-11-02,29.0,24.7,26.4,33.7,29.4,30.9,9.4,16.9,31.7,43,13.48,1010.1,loc_cuddalore,11.748,79.7714,ECMWF_ERA5_Reanalysis
2023-11-03,28.8,24.1,26.0,33.7,28.6,30.6,13.1,17.2,35.6,47,17.32,1008.9,loc_cuddalore,11.748,79.7714,ECMWF_ERA5_Reanalysis
2023-11-04,27.2,24.2,25.3,32.2,29.4,30.5,36.3,11.9,27.7,32,9.13,1009.1,loc_cuddalore,11.748,79.7714,ECMWF_ERA5_Reanalysis
2023-11-05,29.3,23.2,26.2,35.9,27.9,31.5,8.3,12.3,27.4,81,17.64,1010.3,loc_cuddalore,11.748,79.7714,ECMWF_ERA5_Reanalysis
2023-11-06,30.3,23.7,26.6,37.2,28.4,31.8,22.3,16.0,31.0,38,19.7,1011.3,loc_cuddalore,11.748,79.7714,ECMWF_ERA5_Reanalysis
2023-11-07,28.3,23.8,25.9,32.6,27.7,30.3,28.0,17.3,35.3,22,13.77,1011.6,loc_cuddalore,11.748,79.7714,ECMWF_ERA5_Reanalysis
2023-11-08,28.7,23.9,26.4,34.0,28.4,31.2,9.5,16.3,32.8,39,15.13,1011.1,loc_cuddalore,11.748,79.7714,ECMWF_ERA5_Reanalysis
2023-11-09,27.9,23.9,25.6,32.3,27.5,30.1,26.8,16.6,31.3,19,12.29,1011.6,loc_cuddalore,11.748,79.7714,ECMWF_ERA5_Reanalysis
2023-11-10,29.7,23.5,26.5,34.7,27.9,30.8,6.9,16.7,35.3,36,16.15,1012.7,loc_cuddalore,11.748,79.7714,ECMWF_ERA5_Reanalysis
2023-11-11,29.8,24.0,27.0,33.8,27.7,30.5,1.6,22.9,45.7,32,20.06,1012.6,loc_cuddalore,11.748,79.7714,ECMWF_ERA5_Reanalysis
2023-11-12,30.1,23.8,27.0,32.8,26.1,29.5,0.2,24.3,47.5,13,19.66,1012.3,loc_cuddalore,11.748,79.7714,ECMWF_ERA5_Reanalysis
2023-11-13,29.2,23.5,26.1,31.8,26.1,29.1,21.7,24.4,47.5,20,14.38,1011.6,loc_cuddalore,11.748,79.7714,ECMWF_ERA5_Reanalysis
2023-11-14,25.1,21.1,23.7,28.9,22.4,26.8,111.2,20.4,39.6,350,3.18,1011.0,loc_cuddalore,11.748,79.7714,ECMWF_ERA5_Reanalysis
2023-11-15,25.4,21.3,24.0,28.8,22.8,26.6,18.5,22.3,42.8,352,7.83,1010.7,loc_cuddalore,11.748,79.7714,ECMWF_ERA5_Reanalysis
2023-11-16,28.4,22.9,25.8,32.8,26.1,29.8,4.0,15.1,34.2,16,14.37,1011.0,loc_cuddalore,11.748,79.7714,ECMWF_ERA5_Reanalysis
2023-11-17,29.6,24.2,26.9,34.8,28.9,31.3,2.1,18.8,41.4,28,17.47,1011.1,loc_cuddalore,11.748,79.7714,ECMWF_ERA5_Reanalysis
2023-11-18,28.4,24.4,26.4,33.0,28.9,30.4,6.7,21.3,39.2,34,16.5,1011.0,loc_cuddalore,11.748,79.7714,ECMWF_ERA5_Reanalysis
2023-11-19,29.3,24.9,26.9,33.2,28.7,30.8,1.7,20.2,41.0,30,16.18,1011.2,loc_cuddalore,11.748,79.7714,ECMWF_ERA5_Reanalysis
2023-11-20,27.4,24.2,25.7,32.2,27.7,29.7,8.3,16.6,35.3,357,8.7,1010.7,loc_cuddalore,11.748,79.7714,ECMWF_ERA5_Reanalysis
2023-11-21,29.4,24.4,26.2,35.2,28.6,31.0,15.3,14.4,31.0,34,16.48,1009.9,loc_cuddalore,11.748,79.7714,ECMWF_ERA5_Reanalysis
2023-11-22,28.1,24.2,25.8,33.5,29.4,30.9,16.8,13.0,25.9,74,13.52,1009.9,loc_cuddalore,11.748,79.7714,ECMWF_ERA5_Reanalysis
2023-11-23,27.5,24.4,26.0,32.3,29.6,31.1,10.2,12.7,28.1,70,12.49,1009.8,loc_cuddalore,11.748,79.7714,ECMWF_ERA5_Reanalysis
2023-11-24,28.4,23.9,26.0,34.0,27.5,30.7,3.3,14.8,30.6,48,17.57,1009.9,loc_cuddalore,11.748,79.7714,ECMWF_ERA5_Reanalysis
2023-11-25,27.8,23.8,25.4,31.9,27.6,29.4,18.2,17.6,40.3,40,13.59,1011.3,loc_cuddalore,11.748,79.7714,ECMWF_ERA5_Reanalysis
2023-11-26,27.9,23.8,25.3,32.6,27.6,29.0,13.1,19.7,41.0,42,12.88,1012.1,loc_cuddalore,11.748,79.7714,ECMWF_ERA5_Reanalysis
2023-11-27,29.8,23.3,26.6,34.5,27.0,30.9,1.3,17.4,35.3,44,18.7,1010.5,loc_cuddalore,11.748,79.7714,ECMWF_ERA5_Reanalysis
2023-11-28,28.4,23.4,25.6,33.9,26.5,29.7,12.9,16.0,34.2,36,15.09,1010.0,loc_cuddalore,11.748,79.7714,ECMWF_ERA5_Reanalysis
2023-11-29,27.9,23.2,25.3,32.2,27.0,29.6,11.3,15.0,32.0,30,12.36,1010.2,loc_cuddalore,11.748,79.7714,ECMWF_ERA5_Reanalysis
2023-11-30,27.0,23.7,25.3,30.9,27.8,29.4,13.3,15.5,35.3,25,9.33,1010.8,loc_cuddalore,11.748,79.7714,ECMWF_ERA5_Reanalysis
2023-12-01,28.5,23.2,26.1,32.8,26.6,29.6,3.3,21.9,38.9,17,14.23,1009.5,loc_cuddalore,11.748,79.7714,ECMWF_ERA5_Reanalysis
2023-12-02,28.6,24.1,25.7,31.4,26.1,28.5,11.8,22.7,45.0,357,11.34,1007.3,loc_cuddalore,11.748,79.7714,ECMWF_ERA5_Reanalysis
2023-12-03,28.5,23.5,25.2,31.2,25.8,27.6,10.3,28.2,53.6,325,9.98,1005.9,loc_cuddalore,11.748,79.7714,ECMWF_ERA5_Reanalysis
2023-12-04,28.0,24.6,26.0,31.0,26.8,28.6,8.6,25.3,47.5,254,5.48,1004.0,loc_cuddalore,11.748,79.7714,ECMWF_ERA5_Reanalysis
2023-12-05,31.5,25.0,27.5,36.2,29.0,32.3,1.0,16.1,31.7,195,15.15,1005.7,loc_cuddalore,11.748,79.7714,ECMWF_ERA5_Reanalysis
2023-12-06,30.5,25.1,27.5,38.2,30.4,33.3,2.9,11.3,24.5,175,18.16,1008.2,loc_cuddalore,11.748,79.7714,ECMWF_ERA5_Reanalysis
2023-12-07,29.5,24.9,27.0,35.9,30.1,32.5,2.1,12.4,25.2,161,16.5,1009.3,loc_cuddalore,11.748,79.7714,ECMWF_ERA5_Reanalysis
2023-12-08,28.6,23.8,26.4,34.6,28.4,31.3,12.0,11.3,27.0,48,16.38,1010.6,loc_cuddalore,11.748,79.7714,ECMWF_ERA5_Reanalysis
2023-12-09,28.3,24.4,26.5,33.3,29.2,30.7,2.9,17.3,33.5,36,15.82,1011.4,loc_cuddalore,11.748,79.7714,ECMWF_ERA5_Reanalysis
2023-12-10,29.0,24.5,26.7,32.9,28.4,30.2,0.7,21.5,42.5,35,18.75,1010.8,loc_cuddalore,11.748,79.7714,ECMWF_ERA5_Reanalysis
2023-12-11,28.7,24.6,26.7,32.2,28.2,29.8,0.4,20.1,38.9,42,16.78,1011.3,loc_cuddalore,11.748,79.7714,ECMWF_ERA5_Reanalysis
2023-12-12,28.1,24.0,26.1,31.3,27.0,28.8,0.7,19.1,38.5,35,17.64,1010.8,loc_cuddalore,11.748,79.7714,ECMWF_ERA5_Reanalysis
2023-12-13,28.1,21.4,25.3,30.5,23.2,27.3,0.0,21.1,42.5,28,18.72,1011.5,loc_cuddalore,11.748,79.7714,ECMWF_ERA5_Reanalysis
2023-12-14,29.3,21.9,25.8,31.5,23.3,27.7,0.0,21.2,41.0,19,18.74,1012.4,loc_cuddalore,11.748,79.7714,ECMWF_ERA5_Reanalysis
2023-12-15,27.1,24.1,25.0,30.1,27.0,28.1,9.2,20.2,41.0,13,8.18,1012.5,loc_cuddalore,11.748,79.7714,ECMWF_ERA5_Reanalysis
2023-12-16,26.8,23.8,25.5,29.8,27.3,28.7,7.3,20.7,40.7,36,8.91,1011.8,loc_cuddalore,11.748,79.7714,ECMWF_ERA5_Reanalysis
2023-12-17,28.4,24.2,26.2,30.6,27.0,28.7,5.0,29.0,56.5,44,15.81,1011.3,loc_cuddalore,11.748,79.7714,ECMWF_ERA5_Reanalysis
2023-12-18,28.1,24.6,26.1,29.7,27.2,27.9,1.4,28.6,55.1,38,15.34,1012.4,loc_cuddalore,11.748,79.7714,ECMWF_ERA5_Reanalysis
2023-12-19,28.1,23.5,25.5,29.8,25.2,27.3,8.7,25.8,50.0,22,15.99,1013.0,loc_cuddalore,11.748,79.7714,ECMWF_ERA5_Reanalysis
2023-12-20,27.9,24.0,25.8,29.7,26.2,27.9,4.7,27.2,52.6,24,13.83,1012.8,loc_cuddalore,11.748,79.7714,ECMWF_ERA5_Reanalysis
2023-12-21,28.3,24.2,25.8,31.1,26.5,28.3,2.9,25.5,49.3,28,16.48,1012.6,loc_cuddalore,11.748,79.7714,ECMWF_ERA5_Reanalysis
2023-12-22,27.9,22.3,25.0,31.0,25.1,27.6,0.3,19.7,39.2,27,17.18,1013.1,loc_cuddalore,11.748,79.7714,ECMWF_ERA5_Reanalysis
2023-12-23,27.2,20.6,24.3,30.2,22.5,26.7,0.0,15.3,29.9,13,17.69,1014.0,loc_cuddalore,11.748,79.7714,ECMWF_ERA5_Reanalysis
2023-12-24,28.3,22.1,24.8,30.1,23.5,26.9,6.9,25.0,49.7,19,10.95,1014.7,loc_cuddalore,11.748,79.7714,ECMWF_ERA5_Reanalysis
2023-12-25,27.8,23.9,25.5,31.4,27.4,28.6,4.3,23.4,45.4,40,15.2,1014.1,loc_cuddalore,11.748,79.7714,ECMWF_ERA5_Reanalysis
2023-12-26,27.9,22.2,25.2,30.2,24.6,27.7,0.3,24.8,48.6,23,18.82,1014.2,loc_cuddalore,11.748,79.7714,ECMWF_ERA5_Reanalysis
2023-12-27,28.6,22.5,25.5,30.7,24.4,27.4,0.7,26.5,51.5,20,18.98,1014.3,loc_cuddalore,11.748,79.7714,ECMWF_ERA5_Reanalysis
2023-12-28,28.4,24.1,25.8,31.4,27.3,28.6,2.9,24.6,48.6,34,16.74,1013.2,loc_cuddalore,11.748,79.7714,ECMWF_ERA5_Reanalysis
2023-12-29,28.3,23.8,25.6,31.5,26.8,28.6,5.9,24.8,48.2,40,15.75,1013.4,loc_cuddalore,11.748,79.7714,ECMWF_ERA5_Reanalysis
2023-12-30,27.9,23.2,25.4,30.7,26.2,27.9,1.1,22.0,43.6,37,17.67,1013.2,loc_cuddalore,11.748,79.7714,ECMWF_ERA5_Reanalysis
2023-12-31,27.9,22.5,25.4,31.1,25.0,27.9,0.6,20.9,41.8,37,18.23,1012.8,loc_cuddalore,11.748,79.7714,ECMWF_ERA5_Reanalysis
2024-01-01,27.8,21.6,25.2,30.9,23.9,27.7,0.0,17.8,37.4,37,18.08,1013.2,loc_cuddalore,11.748,79.7714,ECMWF_ERA5_Reanalysis
2024-01-02,28.2,22.6,25.7,30.9,25.1,28.1,0.1,18.0,37.4,30,16.64,1012.3,loc_cuddalore,11.748,79.7714,ECMWF_ERA5_Reanalysis
2024-01-03,28.1,22.7,25.4,31.6,25.0,28.1,0.0,16.9,33.8,33,17.71,1011.8,loc_cuddalore,11.748,79.7714,ECMWF_ERA5_Reanalysis
2024-01-04,27.8,23.6,25.6,31.8,26.9,28.8,2.7,18.6,37.1,44,15.63,1011.7,loc_cuddalore,11.748,79.7714,ECMWF_ERA5_Reanalysis
2024-01-05,27.4,23.8,25.4,30.4,27.9,28.9,7.4,15.8,30.2,29,7.17,1011.7,loc_cuddalore,11.748,79.7714,ECMWF_ERA5_Reanalysis
2024-01-06,27.4,24.1,25.3,30.5,27.8,28.7,13.6,20.9,41.4,36,11.5,1011.5,loc_cuddalore,11.748,79.7714,ECMWF_ERA5_Reanalysis
2024-01-07,27.6,23.6,25.0,30.8,26.6,28.0,29.4,21.9,43.2,31,13.37,1011.8,loc_cuddalore,11.748,79.7714,ECMWF_ERA5_Reanalysis
2024-01-08,26.0,23.7,24.9,29.9,27.0,28.7,33.4,16.0,33.5,62,4.89,1012.4,loc_cuddalore,11.748,79.7714,ECMWF_ERA5_Reanalysis
2024-01-09,28.2,24.3,26.1,30.3,27.7,28.7,3.2,25.5,49.3,47,12.98,1012.6,loc_cuddalore,11.748,79.7714,ECMWF_ERA5_Reanalysis
2024-01-10,28.6,24.1,26.4,31.4,27.5,29.0,0.6,22.5,44.6,45,17.06,1012.4,loc_cuddalore,11.748,79.7714,ECMWF_ERA5_Reanalysis
2024-01-11,28.5,24.7,26.1,31.5,27.5,28.9,0.0,19.4,40.0,36,19.72,1013.0,loc_cuddalore,11.748,79.7714,ECMWF_ERA5_Reanalysis
2024-01-12,28.6,22.7,25.7,32.6,25.8,28.9,0.1,17.9,36.7,37,18.42,1013.0,loc_cuddalore,11.748,79.7714,ECMWF_ERA5_Reanalysis
2024-01-13,28.5,22.7,25.5,32.6,26.3,29.4,1.4,17.1,35.3,36,19.49,1013.4,loc_cuddalore,11.748,79.7714,ECMWF_ERA5_Reanalysis
2024-01-14,28.4,22.0,25.3,32.9,25.4,29.2,0.3,15.5,33.1,41,19.98,1012.9,loc_cuddalore,11.748,79.7714,ECMWF_ERA5_Reanalysis
2024-01-15,28.5,21.5,25.2,32.7,24.6,28.3,0.0,13.2,29.2,46,20.35,1012.6,loc_cuddalore,11.748,79.7714,ECMWF_ERA5_Reanalysis
2024-01-16,28.0,19.5,24.1,32.0,21.5,26.7,0.0,10.8,25.2,52,21.53,1011.5,loc_cuddalore,11.748,79.7714,ECMWF_ERA5_Reanalysis
2024-01-17,28.4,20.4,24.5,33.7,23.0,27.9,0.0,12.7,28.4,73,21.58,1011.1,loc_cuddalore,11.748,79.7714,ECMWF_ERA5_Reanalysis
2024-01-18,28.4,20.9,25.4,33.0,23.9,29.0,0.4,13.2,26.6,52,19.31,1011.4,loc_cuddalore,11.748,79.7714,ECMWF_ERA5_Reanalysis
2024-01-19,28.8,23.2,26.2,33.1,27.5,30.1,0.7,14.5,30.2,53,17.32,1011.6,loc_cuddalore,11.748,79.7714,ECMWF_ERA5_Reanalysis
2024-01-20,29.2,24.3,26.6,33.0,27.9,30.2,0.1,15.8,32.8,43,18.55,1012.8,loc_cuddalore,11.748,79.7714,ECMWF_ERA5_Reanalysis
2024-01-21,28.9,23.6,26.2,33.9,27.5,30.4,2.6,15.0,32.8,64,19.79,1012.8,loc_cuddalore,11.748,79.7714,ECMWF_ERA5_Reanalysis
2024-01-22,29.0,22.2,25.4,33.1,25.9,29.1,0.2,11.4,24.8,57,20.89,1013.9,loc_cuddalore,11.748,79.7714,ECMWF_ERA5_Reanalysis
2024-01-23,29.0,23.5,25.8,33.0,26.4,29.1,0.6,14.2,30.6,101,20.05,1013.6,loc_cuddalore,11.748,79.7714,ECMWF_ERA5_Reanalysis
2024-01-24,29.0,21.4,25.5,33.1,24.8,28.8,0.2,13.0,29.5,128,20.67,1013.1,loc_cuddalore,11.748,79.7714,ECMWF_ERA5_Reanalysis
2024-01-25,29.2,21.7,26.0,33.4,24.9,29.5,0.1,12.8,29.2,100,20.9,1013.9,loc_cuddalore,11.748,79.7714,ECMWF_ERA5_Reanalysis
2024-01-26,29.0,22.0,25.8,32.7,24.6,28.7,0.0,16.1,32.0,49,20.99,1015.4,loc_cuddalore,11.748,79.7714,ECMWF_ERA5_Reanalysis
2024-01-27,28.8,23.6,26.1,32.6,26.7,29.0,0.7,17.0,36.4,47,20.9,1015.5,loc_cuddalore,11.748,79.7714,ECMWF_ERA5_Reanalysis
2024-01-28,28.8,23.4,25.9,31.8,26.6,28.7,0.7,18.5,38.5,50,19.84,1015.3,loc_cuddalore,11.748,79.7714,ECMWF_ERA5_Reanalysis
2024-01-29,28.6,23.0,25.9,30.9,26.0,27.8,0.0,19.1,39.6,45,21.47,1014.7,loc_cuddalore,11.748,79.7714,ECMWF_ERA5_Reanalysis
2024-01-30,29.8,20.9,25.7,33.7,22.6,28.3,0.0,17.4,37.4,46,20.66,1013.7,loc_cuddalore,11.748,79.7714,ECMWF_ERA5_Reanalysis
2024-01-31,30.1,22.8,26.6,34.8,25.8,30.2,0.0,14.5,32.4,55,20.02,1013.5,loc_cuddalore,11.748,79.7714,ECMWF_ERA5_Reanalysis
2024-02-01,29.9,23.0,26.6,35.7,27.4,31.5,3.0,15.1,31.3,85,19.17,1013.5,loc_cuddalore,11.748,79.7714,ECMWF_ERA5_Reanalysis
2024-02-02,29.5,24.3,26.8,35.0,29.6,31.8,0.3,12.3,28.8,102,20.76,1013.2,loc_cuddalore,11.748,79.7714,ECMWF_ERA5_Reanalysis
2024-02-03,29.9,23.5,26.7,34.9,27.5,30.8,0.4,15.3,32.4,69,21.5,1013.9,loc_cuddalore,11.748,79.7714,ECMWF_ERA5_Reanalysis
2024-02-04,30.1,22.6,26.5,34.5,26.0,30.1,0.1,16.0,33.1,55,22.26,1015.4,loc_cuddalore,11.748,79.7714,ECMWF_ERA5_Reanalysis
2024-02-05,29.7,22.8,26.2,33.7,26.4,29.7,0.0,13.9,31.7,54,22.24,1015.6,loc_cuddalore,11.748,79.7714,ECMWF_ERA5_Reanalysis
2024-02-06,29.5,21.7,25.9,33.8,24.7,29.4,0.1,15.9,34.9,48,21.56,1015.0,loc_cuddalore,11.748,79.7714,ECMWF_ERA5_Reanalysis
2024-02-07,29.6,21.0,25.2,34.5,24.0,29.0,0.0,12.1,29.5,49,22.63,1014.6,loc_cuddalore,11.748,79.7714,ECMWF_ERA5_Reanalysis
2024-02-08,29.9,21.3,25.2,35.2,24.5,29.4,0.0,13.0,31.0,55,22.23,1013.6,loc_cuddalore,11.748,79.7714,ECMWF_ERA5_Reanalysis
2024-02-09,30.1,21.0,26.1,35.2,24.1,30.0,0.5,13.7,31.7,67,21.12,1014.1,loc_cuddalore,11.748,79.7714,ECMWF_ERA5_Reanalysis
2024-02-10,30.8,23.7,27.5,34.1,28.1,30.8,0.4,18.3,38.9,61,21.46,1015.3,loc_cuddalore,11.748,79.7714,ECMWF_ERA5_Reanalysis
2024-02-11,30.3,24.3,27.1,32.7,27.9,29.8,0.1,21.1,43.6,54,21.77,1015.7,loc_cuddalore,11.748,79.7714,ECMWF_ERA5_Reanalysis
2024-02-12,29.8,22.0,26.2,33.0,24.7,28.9,0.3,19.2,40.7,43,20.83,1015.2,loc_cuddalore,11.748,79.7714,ECMWF_ERA5_Reanalysis
2024-02-13,29.5,23.4,27.0,33.4,26.4,30.1,0.9,21.1,43.6,41,20.23,1014.3,loc_cuddalore,11.748,79.7714,ECMWF_ERA5_Reanalysis
2024-02-14,30.3,25.1,27.3,34.2,28.7,30.8,0.7,18.1,38.9,52,22.77,1013.7,loc_cuddalore,11.748,79.7714,ECMWF_ERA5_Reanalysis
2024-02-15,30.0,23.0,26.8,33.1,26.8,30.0,0.3,20.3,43.2,48,22.03,1013.7,loc_cuddalore,11.748,79.7714,ECMWF_ERA5_Reanalysis
2024-02-16,30.3,24.0,27.0,34.3,27.5,30.4,0.4,19.2,40.3,41,22.67,1014.0,loc_cuddalore,11.748,79.7714,ECMWF_ERA5_Reanalysis
2024-02-17,30.5,23.0,26.6,33.8,26.7,30.3,0.0,17.9,38.5,39,23.31,1012.8,loc_cuddalore,11.748,79.7714,ECMWF_ERA5_Reanalysis
2024-02-18,30.1,23.2,26.6,35.1,27.6,30.8,0.0,16.1,35.6,61,22.42,1012.1,loc_cuddalore,11.748,79.7714,ECMWF_ERA5_Reanalysis
2024-02-19,30.5,23.7,27.1,35.6,28.1,31.3,0.2,14.7,32.8,91,21.69,1012.5,loc_cuddalore,11.748,79.7714,ECMWF_ERA5_Reanalysis
2024-02-20,30.6,23.4,27.0,35.6,27.7,31.4,0.1,14.9,34.2,109,23.0,1012.2,loc_cuddalore,11.748,79.7714,ECMWF_ERA5_Reanalysis
2024-02-21,31.0,23.1,27.1,36.7,27.3,31.5,0.0,17.3,35.6,147,23.12,1010.9,loc_cuddalore,11.748,79.7714,ECMWF_ERA5_Reanalysis
2024-02-22,31.9,25.4,27.9,37.0,30.0,32.1,1.3,20.2,40.0,159,20.39,1010.7,loc_cuddalore,11.748,79.7714,ECMWF_ERA5_Reanalysis
2024-02-23,31.7,24.4,28.1,37.4,29.1,32.7,1.7,20.6,42.5,156,20.01,1010.4,loc_cuddalore,11.748,79.7714,ECMWF_ERA5_Reanalysis
2024-02-24,31.0,25.4,28.0,36.8,29.9,32.3,1.5,17.1,36.4,136,21.58,1010.8,loc_cuddalore,11.748,79.7714,ECMWF_ERA5_Reanalysis
2024-02-25,30.9,25.6,28.2,35.5,29.7,31.6,0.2,16.7,33.8,92,22.47,1010.6,loc_cuddalore,11.748,79.7714,ECMWF_ERA5_Reanalysis
2024-02-26,31.2,26.4,28.3,34.5,29.2,31.2,0.8,22.3,46.1,69,22.66,1011.2,loc_cuddalore,11.748,79.7714,ECMWF_ERA5_Reanalysis
2024-02-27,31.0,25.6,28.0,35.0,29.2,31.5,0.0,20.2,42.1,51,23.46,1011.8,loc_cuddalore,11.748,79.7714,ECMWF_ERA5_Reanalysis
2024-02-28,31.0,24.0,27.2,34.2,28.4,31.0,0.1,19.3,41.4,42,23.9,1011.3,loc_cuddalore,11.748,79.7714,ECMWF_ERA5_Reanalysis
2024-02-29,31.5,22.8,27.1,36.2,26.6,31.5,0.2,14.5,33.1,47,23.16,1011.6,loc_cuddalore,11.748,79.7714,ECMWF_ERA5_Reanalysis
2024-03-01,31.6,24.1,27.6,35.9,29.0,32.3,0.1,15.7,35.3,56,23.65,1012.5,loc_cuddalore,11.748,79.7714,ECMWF_ERA5_Reanalysis
2024-03-02,32.3,23.2,27.4,36.9,27.9,31.9,0.0,12.7,30.2,93,23.23,1011.9,loc_cuddalore,11.748,79.7714,ECMWF_ERA5_Reanalysis
2024-03-03,31.2,23.5,27.5,36.1,27.2,31.7,0.0,13.0,31.7,105,24.22,1011.3,loc_cuddalore,11.748,79.7714,ECMWF_ERA5_Reanalysis
2024-03-04,30.5,21.2,26.6,35.3,24.7,30.2,0.3,14.5,33.8,110,23.39,1011.1,loc_cuddalore,11.748,79.7714,ECMWF_ERA5_Reanalysis
2024-03-05,30.7,22.1,27.0,35.8,25.7,31.0,0.0,14.2,33.5,121,24.53,1011.1,loc_cuddalore,11.748,79.7714,ECMWF_ERA5_Reanalysis
2024-03-06,32.1,22.6,27.6,37.8,26.5,31.9,0.0,17.1,35.6,116,24.17,1011.1,loc_cuddalore,11.748,79.7714,ECMWF_ERA5_Reanalysis
2024-03-07,32.3,22.4,27.1,37.1,26.0,31.2,0.0,14.1,33.1,144,23.19,1010.2,loc_cuddalore,11.748,79.7714,ECMWF_ERA5_Reanalysis
2024-03-08,31.9,22.7,27.7,37.2,26.9,32.3,0.0,17.2,38.2,143,23.57,1010.4,loc_cuddalore,11.748,79.7714,ECMWF_ERA5_Reanalysis
2024-03-09,32.1,24.6,28.3,38.3,29.9,33.5,0.0,17.3,37.1,121,23.27,1010.7,loc_cuddalore,11.748,79.7714,ECMWF_ERA5_Reanalysis
2024-03-10,33.1,25.2,28.8,37.2,30.4,33.3,0.0,15.4,32.4,105,24.48,1012.4,loc_cuddalore,11.748,79.7714,ECMWF_ERA5_Reanalysis
2024-03-11,32.3,24.8,28.6,37.8,29.4,33.4,0.0,15.4,36.0,106,24.51,1013.7,loc_cuddalore,11.748,79.7714,ECMWF_ERA5_Reanalysis
2024-03-12,32.5,23.3,28.0,37.9,27.6,32.6,0.0,15.9,34.9,135,24.85,1013.0,loc_cuddalore,11.748,79.7714,ECMWF_ERA5_Reanalysis
2024-03-13,32.6,24.4,28.3,38.4,29.3,32.7,0.0,21.0,45.4,158,24.45,1011.5,loc_cuddalore,11.748,79.7714,ECMWF_ERA5_Reanalysis
2024-03-14,32.6,24.2,28.2,38.4,29.0,32.4,0.0,17.6,38.2,145,24.76,1011.1,loc_cuddalore,11.748,79.7714,ECMWF_ERA5_Reanalysis
2024-03-15,32.9,23.7,28.3,38.1,27.7,32.3,0.0,19.2,42.8,149,24.22,1010.5,loc_cuddalore,11.748,79.7714,ECMWF_ERA5_Reanalysis
2024-03-16,32.2,26.3,29.0,37.1,30.7,33.3,0.4,19.4,41.4,141,23.64,1011.0,loc_cuddalore,11.748,79.7714,ECMWF_ERA5_Reanalysis
2024-03-17,31.6,25.2,28.3,36.6,30.2,32.6,0.0,16.7,36.4,124,24.6,1011.5,loc_cuddalore,11.748,79.7714,ECMWF_ERA5_Reanalysis
2024-03-18,32.2,23.8,28.0,36.8,28.0,32.6,0.0,13.4,32.0,121,25.47,1011.1,loc_cuddalore,11.748,79.7714,ECMWF_ERA5_Reanalysis
2024-03-19,32.2,23.3,28.1,37.1,27.4,32.7,0.0,15.3,34.6,120,25.41,1010.5,loc_cuddalore,11.748,79.7714,ECMWF_ERA5_Reanalysis
2024-03-20,32.0,23.4,28.2,36.4,27.8,32.3,0.0,17.3,36.0,114,24.92,1010.5,loc_cuddalore,11.748,79.7714,ECMWF_ERA5_Reanalysis
2024-03-21,31.7,26.3,28.7,36.0,30.8,32.7,1.1,19.1,41.4,83,22.65,1010.5,loc_cuddalore,11.748,79.7714,ECMWF_ERA5_Reanalysis
2024-03-22,32.1,24.9,28.6,37.5,30.0,33.2,0.6,15.9,36.4,86,24.28,1009.1,loc_cuddalore,11.748,79.7714,ECMWF_ERA5_Reanalysis
2024-03-23,32.6,23.7,28.6,37.8,28.4,33.4,0.1,15.1,35.3,118,25.43,1008.9,loc_cuddalore,11.748,79.7714,ECMWF_ERA5_Reanalysis
2024-03-24,32.1,23.9,28.1,37.3,28.9,32.9,0.0,17.1,37.8,114,24.44,1010.6,loc_cuddalore,11.748,79.7714,ECMWF_ERA5_Reanalysis
2024-03-25,31.9,24.2,27.9,36.4,28.3,32.4,0.0,15.5,36.0,93,25.33,1011.0,loc_cuddalore,11.748,79.7714,ECMWF_ERA5_Reanalysis
2024-03-26,31.6,23.5,28.0,36.1,26.9,31.7,0.0,15.3,35.6,104,25.86,1011.6,loc_cuddalore,11.748,79.7714,ECMWF_ERA5_Reanalysis
2024-03-27,32.6,23.7,28.6,38.0,28.1,33.2,0.1,16.4,37.8,106,24.58,1012.8,loc_cuddalore,11.748,79.7714,ECMWF_ERA5_Reanalysis
2024-03-28,33.9,24.1,28.9,39.3,29.3,33.9,0.0,15.4,34.9,126,25.3,1010.8,loc_cuddalore,11.748,79.7714,ECMWF_ERA5_Reanalysis
2024-03-29,33.7,24.9,29.1,39.8,30.2,34.3,0.0,18.7,40.7,146,25.1,1010.0,loc_cuddalore,11.748,79.7714,ECMWF_ERA5_Reanalysis
2024-03-30,33.9,23.9,28.5,37.7,28.6,33.0,0.0,17.1,38.2,151,25.61,1011.0,loc_cuddalore,11.748,79.7714,ECMWF_ERA5_Reanalysis
2024-03-31,32.4,24.7,28.7,38.7,30.0,34.1,1.7,16.4,37.8,144,23.15,1011.7,loc_cuddalore,11.748,79.7714,ECMWF_ERA5_Reanalysis
2024-04-01,33.5,26.4,29.6,39.3,32.0,34.7,0.1,19.7,41.8,142,25.12,1009.3,loc_cuddalore,11.748,79.7714,ECMWF_ERA5_Reanalysis
2024-04-02,33.6,25.7,29.8,39.7,31.3,35.2,0.0,20.2,42.8,147,24.98,1007.6,loc_cuddalore,11.748,79.7714,ECMWF_ERA5_Reanalysis
2024-04-03,33.9,26.9,30.1,40.2,33.2,35.7,0.5,19.1,39.6,149,25.33,1008.3,loc_cuddalore,11.748,79.7714,ECMWF_ERA5_Reanalysis
2024-04-04,33.7,26.8,29.9,40.1,33.3,36.0,0.5,16.8,38.5,152,25.17,1008.6,loc_cuddalore,11.748,79.7714,ECMWF_ERA5_Reanalysis
2024-04-05,34.4,26.0,29.9,40.6,32.3,35.9,0.0,18.6,39.6,150,25.64,1008.0,loc_cuddalore,11.748,79.7714,ECMWF_ERA5_Reanalysis
2024-04-06,35.0,25.6,29.8,42.1,31.0,35.4,0.0,17.9,38.9,160,25.79,1007.0,loc_cuddalore,11.748,79.7714,ECMWF_ERA5_Reanalysis
2024-04-07,35.1,25.3,29.7,41.8,30.8,35.5,0.0,16.8,38.2,156,26.0,1006.7,loc_cuddalore,11.748,79.7714,ECMWF_ERA5_Reanalysis
2024-04-08,33.9,26.0,29.6,40.5,31.5,35.4,0.0,18.7,41.8,145,25.61,1008.0,loc_cuddalore,11.748,79.7714,ECMWF_ERA5_Reanalysis
2024-04-09,33.2,25.7,29.5,39.1,30.9,34.8,0.0,15.8,36.4,89,25.75,1009.1,loc_cuddalore,11.748,79.7714,ECMWF_ERA5_Reanalysis
2024-04-10,33.2,25.5,29.7,38.6,30.9,34.5,0.4,15.7,35.6,80,24.52,1009.1,loc_cuddalore,11.748,79.7714,ECMWF_ERA5_Reanalysis
2024-04-11,34.2,27.1,30.6,39.8,32.4,35.1,0.3,20.8,41.4,87,24.88,1009.2,loc_cuddalore,11.748,79.7714,ECMWF_ERA5_Reanalysis
2024-04-12,30.8,24.8,28.2,36.6,30.7,33.6,9.4,16.8,38.2,110,21.83,1009.5,loc_cuddalore,11.748,79.7714,ECMWF_ERA5_Reanalysis
2024-04-13,33.0,26.5,29.6,39.3,30.3,34.9,3.5,18.0,41.0,95,21.73,1009.3,loc_cuddalore,11.748,79.7714,ECMWF_ERA5_Reanalysis
2024-04-14,33.4,25.5,29.8,39.0,31.3,35.1,0.2,16.7,37.8,74,25.2,1009.7,loc_cuddalore,11.748,79.7714,ECMWF_ERA5_Reanalysis
2024-04-15,33.3,26.1,29.8,39.4,32.3,35.3,0.7,18.2,40.0,88,25.15,1010.1,loc_cuddalore,11.748,79.7714,ECMWF_ERA5_Reanalysis
2024-04-16,33.5,25.0,29.5,39.4,30.7,34.9,0.0,16.6,37.1,132,25.92,1009.2,loc_cuddalore,11.748,79.7714,ECMWF_ERA5_Reanalysis
2024-04-17,34.1,25.9,29.9,40.4,31.7,35.2,0.0,19.4,43.2,156,25.74,1008.1,loc_cuddalore,11.748,79.7714,ECMWF_ERA5_Reanalysis
2024-04-18,35.5,26.4,30.6,42.1,31.3,36.1,0.0,21.7,44.6,161,25.16,1006.7,loc_cuddalore,11.748,79.7714,ECMWF_ERA5_Reanalysis
2024-04-19,34.5,27.7,30.8,41.1,33.3,36.4,0.0,23.7,49.7,156,25.7,1005.2,loc_cuddalore,11.748,79.7714,ECMWF_ERA5_Reanalysis
2024-04-20,35.3,28.2,31.2,41.8,34.1,37.5,0.3,20.6,44.3,151,24.23,1005.1,loc_cuddalore,11.748,79.7714,ECMWF_ERA5_Reanalysis
2024-04-21,34.2,28.3,30.9,40.0,34.7,36.8,0.6,21.7,45.4,150,24.76,1006.1,loc_cuddalore,11.748,79.7714,ECMWF_ERA5_Reanalysis
2024-04-22,35.0,26.8,30.5,41.8,33.4,36.7,0.0,21.0,44.6,149,25.59,1006.7,loc_cuddalore,11.748,79.7714,ECMWF_ERA5_Reanalysis
2024-04-23,34.3,26.1,30.2,40.8,32.3,36.2,0.0,17.9,40.0,143,25.64,1006.2,loc_cuddalore,11.748,79.7714,ECMWF_ERA5_Reanalysis
2024-04-24,34.9,26.2,30.3,41.5,32.1,36.6,0.2,17.5,40.0,150,24.76,1005.9,loc_cuddalore,11.748,79.7714,ECMWF_ERA5_Reanalysis
2024-04-25,34.2,27.3,30.5,40.1,33.7,36.5,0.2,20.2,43.9,146,24.5,1006.1,loc_cuddalore,11.748,79.7714,ECMWF_ERA5_Reanalysis
2024-04-26,34.2,26.4,30.1,39.3,33.0,35.9,0.0,18.6,40.7,148,24.42,1006.0,loc_cuddalore,11.748,79.7714,ECMWF_ERA5_Reanalysis
2024-04-27,34.5,25.7,30.1,40.6,31.7,35.8,0.0,18.9,41.4,139,25.47,1006.1,loc_cuddalore,11.748,79.7714,ECMWF_ERA5_Reanalysis
2024-04-28,34.5,26.0,30.6,41.5,31.8,36.8,0.2,18.8,41.4,142,24.5,1006.6,loc_cuddalore,11.748,79.7714,ECMWF_ERA5_Reanalysis
2024-04-29,34.4,27.7,30.9,41.6,34.3,37.4,1.1,20.1,41.0,146,24.24,1007.5,loc_cuddalore,11.748,79.7714,ECMWF_ERA5_Reanalysis
2024-04-30,34.4,27.9,31.1,40.8,34.7,37.3,1.0,22.2,46.8,156,23.12,1006.2,loc_cuddalore,11.748,79.7714,ECMWF_ERA5_Reanalysis
2024-05-01,38.1,28.6,32.5,43.6,33.0,37.6,0.0,25.4,50.8,165,25.48,1003.6,loc_cuddalore,11.748,79.7714,ECMWF_ERA5_Reanalysis
2024-05-02,38.2,29.2,32.6,43.4,32.4,36.9,0.0,30.9,60.8,171,25.32,1003.8,loc_cuddalore,11.748,79.7714,ECMWF_ERA5_Reanalysis
2024-05-03,38.6,27.7,32.3,43.7,32.2,36.9,0.0,30.7,59.8,170,24.71,1004.6,loc_cuddalore,11.748,79.7714,ECMWF_ERA5_Reanalysis
2024-05-04,37.0,28.7,32.5,43.8,33.4,37.6,0.0,25.3,51.8,165,24.29,1005.2,loc_cuddalore,11.748,79.7714,ECMWF_ERA5_Reanalysis
2024-05-05,37.3,29.2,32.8,44.1,33.5,37.7,0.0,27.4,55.4,168,24.28,1004.1,loc_cuddalore,11.748,79.7714,ECMWF_ERA5_Reanalysis
2024-05-06,37.0,29.2,32.9,44.1,33.1,37.7,0.0,26.0,53.3,159,23.84,1004.6,loc_cuddalore,11.748,79.7714,ECMWF_ERA5_Reanalysis
2024-05-07,35.3,29.7,31.8,41.9,34.5,37.7,0.0,23.4,43.2,146,23.1,1006.5,loc_cuddalore,11.748,79.7714,ECMWF_ERA5_Reanalysis
2024-05-08,32.4,25.5,29.6,39.2,30.1,35.4,10.6,19.7,36.0,122,21.91,1007.3,loc_cuddalore,11.748,79.7714,ECMWF_ERA5_Reanalysis
2024-05-09,32.3,27.8,30.3,38.5,34.5,36.5,1.1,17.2,38.5,137,21.38,1006.2,loc_cuddalore,11.748,79.7714,ECMWF_ERA5_Reanalysis
2024-05-10,32.9,25.2,30.0,39.2,30.4,35.5,6.9,18.8,36.7,137,21.38,1007.1,loc_cuddalore,11.748,79.7714,ECMWF_ERA5_Reanalysis
2024-05-11,31.7,26.8,29.7,37.4,32.2,35.1,8.4,14.0,32.0,145,18.29,1008.0,loc_cuddalore,11.748,79.7714,ECMWF_ERA5_Reanalysis
2024-05-12,32.3,27.9,30.4,38.9,32.2,36.1,10.4,17.4,33.5,141,17.16,1007.7,loc_cuddalore,11.748,79.7714,ECMWF_ERA5_Reanalysis
2024-05-13,34.3,26.0,30.8,40.4,31.7,36.7,4.2,15.5,34.9,105,20.79,1006.8,loc_cuddalore,11.748,79.7714,ECMWF_ERA5_Reanalysis
2024-05-14,31.5,25.2,28.8,38.0,30.4,34.6,11.3,13.5,30.6,122,13.59,1007.1,loc_cuddalore,11.748,79.7714,ECMWF_ERA5_Reanalysis
2024-05-15,34.0,27.4,29.9,40.1,33.4,35.7,13.7,18.9,39.6,107,16.41,1007.2,loc_cuddalore,11.748,79.7714,ECMWF_ERA5_Reanalysis
2024-05-16,28.5,25.8,27.3,34.7,31.2,33.4,31.5,11.0,24.5,67,5.02,1007.9,loc_cuddalore,11.748,79.7714,ECMWF_ERA5_Reanalysis
2024-05-17,30.9,26.5,27.9,38.4,32.4,34.5,9.2,12.2,26.3,179,12.02,1006.6,loc_cuddalore,11.748,79.7714,ECMWF_ERA5_Reanalysis
2024-05-18,31.0,25.9,27.9,37.8,31.9,34.2,22.8,15.1,29.5,151,13.85,1005.0,loc_cuddalore,11.748,79.7714,ECMWF_ERA5_Reanalysis
2024-05-19,29.4,25.4,27.3,36.6,31.1,33.5,17.1,13.3,32.4,148,11.73,1003.6,loc_cuddalore,11.748,79.7714,ECMWF_ERA5_Reanalysis
2024-05-20,30.1,24.9,27.1,37.4,30.1,33.2,22.6,10.6,27.4,259,11.21,1003.2,loc_cuddalore,11.748,79.7714,ECMWF_ERA5_Reanalysis
2024-05-21,30.5,25.3,27.4,36.5,31.0,33.6,12.4,9.3,23.4,323,11.34,1002.8,loc_cuddalore,11.748,79.7714,ECMWF_ERA5_Reanalysis
2024-05-22,30.9,26.1,27.7,36.7,31.7,33.8,9.9,14.6,30.6,324,11.53,1001.6,loc_cuddalore,11.748,79.7714,ECMWF_ERA5_Reanalysis
2024-05-23,30.4,25.2,27.1,37.4,30.6,32.9,29.8,18.0,32.8,230,9.19,1001.1,loc_cuddalore,11.748,79.7714,ECMWF_ERA5_Reanalysis
2024-05-24,33.7,25.8,29.6,40.7,30.9,35.1,0.1,26.3,50.4,214,13.69,999.8,loc_cuddalore,11.748,79.7714,ECMWF_ERA5_Reanalysis
2024-05-25,34.0,27.4,29.3,40.1,31.9,34.9,10.4,16.7,34.2,226,10.86,1000.0,loc_cuddalore,11.748,79.7714,ECMWF_ERA5_Reanalysis
2024-05-26,35.8,27.9,31.6,40.6,31.9,35.8,0.0,18.8,38.9,241,20.37,1000.7,loc_cuddalore,11.748,79.7714,ECMWF_ERA5_Reanalysis
2024-05-27,37.4,28.1,32.2,42.8,32.2,37.0,0.0,19.0,40.0,221,23.67,1000.8,loc_cuddalore,11.748,79.7714,ECMWF_ERA5_Reanalysis
2024-05-28,38.0,28.1,32.7,42.7,32.3,37.1,0.0,18.7,32.8,221,24.02,1001.5,loc_cuddalore,11.748,79.7714,ECMWF_ERA5_Reanalysis
2024-05-29,37.3,27.8,31.9,44.2,31.8,37.2,0.0,24.7,43.6,187,24.28,1001.4,loc_cuddalore,11.748,79.7714,ECMWF_ERA5_Reanalysis
2024-05-30,38.7,28.4,32.7,45.5,33.5,38.8,0.0,18.2,35.3,198,24.42,1001.6,loc_cuddalore,11.748,79.7714,ECMWF_ERA5_Reanalysis
2024-05-31,37.1,29.1,32.3,46.6,33.5,38.3,4.4,22.0,48.6,178,23.83,1002.1,loc_cuddalore,11.748,79.7714,ECMWF_ERA5_Reanalysis
2024-06-01,36.9,27.6,31.5,43.5,31.8,36.9,2.6,28.2,52.9,192,23.67,1003.0,loc_cuddalore,11.748,79.7714,ECMWF_ERA5_Reanalysis
2024-06-02,33.9,27.4,29.8,41.4,32.6,36.1,4.5,16.7,40.3,147,21.57,1004.9,loc_cuddalore,11.748,79.7714,ECMWF_ERA5_Reanalysis
2024-06-03,31.2,26.9,28.7,37.4,32.8,34.7,7.4,13.0,36.7,204,11.11,1005.7,loc_cuddalore,11.748,79.7714,ECMWF_ERA5_Reanalysis
2024-06-04,34.8,27.0,30.1,41.1,32.5,36.3,6.3,14.8,29.9,205,16.61,1006.0,loc_cuddalore,11.748,79.7714,ECMWF_ERA5_Reanalysis
2024-06-05,33.2,25.9,29.2,39.5,31.0,35.0,38.8,19.2,42.1,215,16.62,1006.6,loc_cuddalore,11.748,79.7714,ECMWF_ERA5_Reanalysis
2024-06-06,32.5,25.6,28.0,38.1,29.9,33.1,16.4,19.0,39.2,216,12.37,1007.5,loc_cuddalore,11.748,79.7714,ECMWF_ERA5_Reanalysis
2024-06-07,31.8,25.6,27.8,36.2,29.7,32.6,3.6,16.9,33.1,207,12.19,1006.2,loc_cuddalore,11.748,79.7714,ECMWF_ERA5_Reanalysis
2024-06-08,33.2,26.3,29.0,38.8,30.3,33.2,0.8,20.1,43.2,208,16.39,1005.5,loc_cuddalore,11.748,79.7714,ECMWF_ERA5_Reanalysis
2024-06-09,34.2,26.0,29.6,38.3,29.9,33.6,0.0,21.5,45.7,210,17.26,1005.0,loc_cuddalore,11.748,79.7714,ECMWF_ERA5_Reanalysis
2024-06-10,35.6,27.0,30.8,41.0,30.2,35.0,1.0,17.4,36.4,217,23.44,1005.0,loc_cuddalore,11.748,79.7714,ECMWF_ERA5_Reanalysis
2024-06-11,35.3,27.2,30.8,40.5,30.5,34.9,0.1,18.2,37.1,217,21.56,1005.1,loc_cuddalore,11.748,79.7714,ECMWF_ERA5_Reanalysis
2024-06-12,35.2,27.3,30.7,38.2,30.6,34.4,0.1,18.6,37.8,229,17.0,1006.4,loc_cuddalore,11.748,79.7714,ECMWF_ERA5_Reanalysis
2024-06-13,35.8,27.4,31.0,39.6,31.1,34.7,0.3,14.7,31.0,230,18.59,1006.2,loc_cuddalore,11.748,79.7714,ECMWF_ERA5_Reanalysis
2024-06-14,35.5,27.2,30.7,40.8,31.4,35.4,0.2,17.6,31.3,198,18.47,1005.0,loc_cuddalore,11.748,79.7714,ECMWF_ERA5_Reanalysis
2024-06-15,36.1,27.5,30.7,39.2,31.7,34.9,0.0,18.4,33.8,198,19.29,1004.2,loc_cuddalore,11.748,79.7714,ECMWF_ERA5_Reanalysis
2024-06-16,36.5,27.1,30.9,40.8,30.9,35.1,0.6,19.8,40.7,187,22.74,1004.6,loc_cuddalore,11.748,79.7714,ECMWF_ERA5_Reanalysis
2024-06-17,35.1,27.3,30.4,40.9,32.6,35.3,0.0,20.6,43.2,176,23.03,1004.9,loc_cuddalore,11.748,79.7714,ECMWF_ERA5_Reanalysis
2024-06-18,35.3,27.2,30.5,39.2,31.4,35.1,3.2,20.5,37.4,213,19.08,1005.0,loc_cuddalore,11.748,79.7714,ECMWF_ERA5_Reanalysis
2024-06-19,35.2,26.7,29.5,41.4,31.1,34.3,2.6,22.4,48.6,210,19.45,1004.1,loc_cuddalore,11.748,79.7714,ECMWF_ERA5_Reanalysis
2024-06-20,35.3,26.3,29.7,39.3,31.0,33.9,0.1,23.7,45.7,221,18.68,1004.2,loc_cuddalore,11.748,79.7714,ECMWF_ERA5_Reanalysis
2024-06-21,36.1,26.7,30.5,40.4,30.6,35.2,1.8,12.0,36.0,226,23.4,1003.8,loc_cuddalore,11.748,79.7714,ECMWF_ERA5_Reanalysis
2024-06-22,35.6,26.7,30.2,41.2,30.2,34.7,0.3,18.8,34.6,202,19.71,1002.0,loc_cuddalore,11.748,79.7714,ECMWF_ERA5_Reanalysis
2024-06-23,35.2,27.1,30.5,40.8,30.8,34.5,2.2,23.0,44.3,192,22.92,1001.3,loc_cuddalore,11.748,79.7714,ECMWF_ERA5_Reanalysis
2024-06-24,36.1,26.8,30.5,41.6,30.1,34.4,12.7,17.2,36.0,228,22.73,1001.2,loc_cuddalore,11.748,79.7714,ECMWF_ERA5_Reanalysis
2024-06-25,35.6,27.2,30.5,41.2,30.4,34.3,2.3,21.0,40.3,218,21.06,1001.2,loc_cuddalore,11.748,79.7714,ECMWF_ERA5_Reanalysis
2024-06-26,33.3,27.6,29.6,35.6,30.7,32.6,0.2,22.4,40.3,235,9.37,1001.7,loc_cuddalore,11.748,79.7714,ECMWF_ERA5_Reanalysis
2024-06-27,33.9,26.2,30.0,37.8,30.6,33.8,3.3,17.7,34.2,218,13.65,1003.3,loc_cuddalore,11.748,79.7714,ECMWF_ERA5_Reanalysis
2024-06-28,35.9,27.1,30.5,40.6,31.2,34.8,0.1,21.8,44.3,176,22.65,1004.0,loc_cuddalore,11.748,79.7714,ECMWF_ERA5_Reanalysis
2024-06-29,36.4,27.2,30.6,41.5,31.5,34.8,0.2,25.3,48.6,171,22.82,1004.7,loc_cuddalore,11.748,79.7714,ECMWF_ERA5_Reanalysis
2024-06-30,35.2,27.6,30.3,40.4,32.0,34.8,2.1,23.3,45.7,186,19.82,1005.8,loc_cuddalore,11.748,79.7714,ECMWF_ERA5_Reanalysis
2024-07-01,34.8,27.0,30.2,39.5,31.8,34.9,0.3,16.0,31.7,215,15.33,1005.7,loc_cuddalore,11.748,79.7714,ECMWF_ERA5_Reanalysis
2024-07-02,34.4,26.7,30.1,41.4,30.3,34.8,0.0,19.5,34.6,181,18.13,1004.4,loc_cuddalore,11.748,79.7714,ECMWF_ERA5_Reanalysis
2024-07-03,36.0,27.1,30.5,41.8,31.2,35.1,1.9,17.9,39.2,188,22.31,1004.6,loc_cuddalore,11.748,79.7714,ECMWF_ERA5_Reanalysis
2024-07-04,35.2,26.7,29.6,41.2,31.0,34.9,0.9,14.3,30.2,192,18.55,1005.9,loc_cuddalore,11.748,79.7714,ECMWF_ERA5_Reanalysis
2024-07-05,34.1,27.4,29.8,40.9,31.5,34.8,0.2,20.4,47.2,192,21.72,1004.5,loc_cuddalore,11.748,79.7714,ECMWF_ERA5_Reanalysis
2024-07-06,31.7,26.3,29.0,35.6,30.5,33.0,0.2,14.2,24.8,217,11.39,1004.1,loc_cuddalore,11.748,79.7714,ECMWF_ERA5_Reanalysis
2024-07-07,34.6,26.3,29.8,41.2,29.7,34.4,3.0,19.8,40.3,187,22.17,1003.4,loc_cuddalore,11.748,79.7714,ECMWF_ERA5_Reanalysis
2024-07-08,33.7,27.0,29.8,37.8,31.3,34.4,0.0,14.3,28.8,206,15.14,1003.2,loc_cuddalore,11.748,79.7714,ECMWF_ERA5_Reanalysis
2024-07-09,33.2,26.7,29.7,39.1,31.8,34.6,0.3,18.7,40.0,155,22.19,1004.4,loc_cuddalore,11.748,79.7714,ECMWF_ERA5_Reanalysis
2024-07-10,35.9,27.1,30.5,40.9,31.7,34.8,3.1,21.1,40.7,185,22.96,1006.2,loc_cuddalore,11.748,79.7714,ECMWF_ERA5_Reanalysis
2024-07-11,33.8,26.6,29.6,39.7,31.6,34.5,0.4,17.1,35.6,159,18.98,1005.8,loc_cuddalore,11.748,79.7714,ECMWF_ERA5_Reanalysis
2024-07-12,35.1,27.1,30.1,40.0,30.9,34.2,4.5,22.1,45.4,209,21.3,1004.1,loc_cuddalore,11.748,79.7714,ECMWF_ERA5_Reanalysis
2024-07-13,33.2,25.6,28.4,38.0,29.2,32.6,3.0,20.3,36.7,232,12.34,1003.9,loc_cuddalore,11.748,79.7714,ECMWF_ERA5_Reanalysis
2024-07-14,32.4,26.3,28.9,36.6,30.9,33.1,1.2,15.8,28.4,232,8.93,1002.5,loc_cuddalore,11.748,79.7714,ECMWF_ERA5_Reanalysis
2024-07-15,31.8,25.5,27.7,36.0,29.5,31.9,8.4,18.7,37.1,218,11.47,1002.2,loc_cuddalore,11.748,79.7714,ECMWF_ERA5_Reanalysis
2024-07-16,29.8,24.7,26.7,35.1,28.0,30.9,5.1,17.8,31.7,225,6.93,1002.6,loc_cuddalore,11.748,79.7714,ECMWF_ERA5_Reanalysis
2024-07-17,32.1,25.0,28.2,35.5,29.1,32.1,0.3,16.7,31.3,231,10.89,1003.5,loc_cuddalore,11.748,79.7714,ECMWF_ERA5_Reanalysis
2024-07-18,31.3,25.8,28.0,34.7,29.8,31.8,0.5,16.5,33.8,234,8.17,1003.5,loc_cuddalore,11.748,79.7714,ECMWF_ERA5_Reanalysis
2024-07-19,31.8,25.0,27.3,35.0,28.5,31.1,3.4,21.2,41.8,250,12.15,1002.7,loc_cuddalore,11.748,79.7714,ECMWF_ERA5_Reanalysis
2024-07-20,34.5,25.5,29.4,38.1,28.4,33.1,0.0,21.1,45.7,242,19.17,1002.7,loc_cuddalore,11.748,79.7714,ECMWF_ERA5_Reanalysis
2024-07-21,36.5,25.4,30.1,38.9,28.9,34.2,0.0,23.4,46.4,239,19.35,1003.5,loc_cuddalore,11.748,79.7714,ECMWF_ERA5_Reanalysis
2024-07-22,35.4,26.0,30.4,36.8,28.6,33.0,0.0,20.4,40.7,239,19.2,1005.6,loc_cuddalore,11.748,79.7714,ECMWF_ERA5_Reanalysis
2024-07-23,36.0,26.4,30.4,39.9,29.6,34.2,0.2,17.3,40.3,221,21.41,1006.0,loc_cuddalore,11.748,79.7714,ECMWF_ERA5_Reanalysis
2024-07-24,36.7,26.7,31.2,39.5,30.8,34.9,0.1,19.2,43.6,236,23.43,1004.2,loc_cuddalore,11.748,79.7714,ECMWF_ERA5_Reanalysis
2024-07-25,35.7,26.8,30.5,37.6,30.4,33.6,0.1,20.8,44.6,240,16.23,1002.8,loc_cuddalore,11.748,79.7714,ECMWF_ERA5_Reanalysis
2024-07-26,36.4,27.1,31.2,38.9,30.3,34.0,0.6,24.5,50.8,252,20.38,1002.8,loc_cuddalore,11.748,79.7714,ECMWF_ERA5_Reanalysis
2024-07-27,36.5,27.6,31.5,37.0,30.5,33.5,0.0,28.8,56.2,267,15.8,1003.2,loc_cuddalore,11.748,79.7714,ECMWF_ERA5_Reanalysis
2024-07-28,34.5,26.0,30.7,36.9,28.4,32.6,0.0,25.0,49.0,243,16.01,1002.1,loc_cuddalore,11.748,79.7714,ECMWF_ERA5_Reanalysis
2024-07-29,36.2,26.6,31.1,41.7,30.3,35.3,0.2,15.7,34.6,213,22.65,1001.4,loc_cuddalore,11.748,79.7714,ECMWF_ERA5_Reanalysis
2024-07-30,37.0,25.8,31.2,41.1,29.3,34.5,1.5,20.4,43.6,261,21.99,1004.0,loc_cuddalore,11.748,79.7714,ECMWF_ERA5_Reanalysis
2024-07-31,35.7,27.1,30.3,40.7,30.9,34.2,5.5,19.0,43.9,221,19.1,1005.7,loc_cuddalore,11.748,79.7714,ECMWF_ERA5_Reanalysis
2024-08-01,36.1,27.3,30.5,40.0,30.9,34.8,3.0,16.8,33.1,214,20.4,1005.4,loc_cuddalore,11.748,79.7714,ECMWF_ERA5_Reanalysis
2024-08-02,35.4,26.4,29.9,40.4,31.4,34.8,3.2,20.9,39.6,212,21.63,1005.3,loc_cuddalore,11.748,79.7714,ECMWF_ERA5_Reanalysis
2024-08-03,34.0,26.1,29.6,40.0,30.5,34.2,0.6,18.5,37.8,185,22.17,1006.4,loc_cuddalore,11.748,79.7714,ECMWF_ERA5_Reanalysis
2024-08-04,33.2,26.3,29.2,40.5,30.5,34.4,7.5,15.3,31.0,184,19.81,1006.6,loc_cuddalore,11.748,79.7714,ECMWF_ERA5_Reanalysis
2024-08-05,32.3,24.9,28.2,39.8,29.6,33.6,4.2,13.7,28.8,172,21.22,1007.1,loc_cuddalore,11.748,79.7714,ECMWF_ERA5_Reanalysis
2024-08-06,33.5,25.8,29.1,40.3,29.7,34.3,9.5,19.6,37.4,206,22.15,1005.8,loc_cuddalore,11.748,79.7714,ECMWF_ERA5_Reanalysis
2024-08-07,32.1,25.2,28.0,37.9,30.8,33.8,3.0,11.0,26.3,230,17.4,1006.2,loc_cuddalore,11.748,79.7714,ECMWF_ERA5_Reanalysis
2024-08-08,32.9,25.0,28.0,38.8,29.4,33.1,7.7,15.9,29.9,218,22.5,1006.8,loc_cuddalore,11.748,79.7714,ECMWF_ERA5_Reanalysis
2024-08-09,33.7,25.2,28.4,40.2,29.9,33.9,16.8,13.1,29.2,240,23.61,1006.9,loc_cuddalore,11.748,79.7714,ECMWF_ERA5_Reanalysis
2024-08-10,32.3,24.6,27.9,40.8,29.8,34.0,15.1,16.0,28.8,200,23.03,1007.0,loc_cuddalore,11.748,79.7714,ECMWF_ERA5_Reanalysis
2024-08-11,32.2,25.0,28.3,40.5,29.8,34.1,6.8,17.7,38.9,164,23.16,1004.9,loc_cuddalore,11.748,79.7714,ECMWF_ERA5_Reanalysis
2024-08-12,32.1,24.4,28.2,40.4,29.7,34.1,0.4,15.8,30.6,146,24.19,1004.4,loc_cuddalore,11.748,79.7714,ECMWF_ERA5_Reanalysis
2024-08-13,31.3,24.9,28.4,37.9,29.4,33.7,0.6,15.0,32.8,150,22.81,1005.1,loc_cuddalore,11.748,79.7714,ECMWF_ERA5_Reanalysis
2024-08-14,31.3,26.1,28.6,39.7,32.1,34.6,1.5,13.8,29.2,144,21.91,1004.4,loc_cuddalore,11.748,79.7714,ECMWF_ERA5_Reanalysis
2024-08-15,31.1,25.1,28.6,38.5,31.0,34.2,1.9,17.5,30.6,172,22.6,1003.8,loc_cuddalore,11.748,79.7714,ECMWF_ERA5_Reanalysis
2024-08-16,31.5,26.1,28.8,37.9,31.1,33.7,1.6,21.0,43.2,167,22.41,1003.2,loc_cuddalore,11.748,79.7714,ECMWF_ERA5_Reanalysis
2024-08-17,32.1,25.6,28.8,40.0,30.5,34.9,9.9,14.4,30.2,141,23.36,1003.9,loc_cuddalore,11.748,79.7714,ECMWF_ERA5_Reanalysis
2024-08-18,32.1,25.3,28.8,39.8,31.3,34.9,0.4,13.4,30.6,154,23.66,1004.7,loc_cuddalore,11.748,79.7714,ECMWF_ERA5_Reanalysis
2024-08-19,32.0,26.2,28.8,38.4,31.0,33.9,3.7,17.9,40.0,188,19.75,1004.5,loc_cuddalore,11.748,79.7714,ECMWF_ERA5_Reanalysis
2024-08-20,32.2,26.2,29.0,38.1,30.7,33.6,0.9,21.7,42.8,182,22.63,1004.8,loc_cuddalore,11.748,79.7714,ECMWF_ERA5_Reanalysis
2024-08-21,32.4,26.0,28.8,37.9,29.7,32.8,2.9,21.5,39.2,192,17.9,1006.1,loc_cuddalore,11.748,79.7714,ECMWF_ERA5_Reanalysis
2024-08-22,32.0,26.2,28.7,35.3,29.0,31.6,0.0,20.2,36.0,198,14.63,1007.3,loc_cuddalore,11.748,79.7714,ECMWF_ERA5_Reanalysis
2024-08-23,34.3,26.2,29.7,39.5,30.0,34.0,0.1,22.4,40.7,189,22.58,1007.4,loc_cuddalore,11.748,79.7714,ECMWF_ERA5_Reanalysis
2024-08-24,35.9,26.5,30.7,39.0,29.5,33.8,0.0,20.6,41.0,219,21.11,1007.6,loc_cuddalore,11.748,79.7714,ECMWF_ERA5_Reanalysis
2024-08-25,35.6,27.2,31.0,40.2,29.7,34.1,0.0,17.4,32.4,210,23.22,1006.9,loc_cuddalore,11.748,79.7714,ECMWF_ERA5_Reanalysis
2024-08-26,35.7,26.6,31.2,40.5,28.7,34.0,0.1,18.4,33.1,226,23.31,1006.0,loc_cuddalore,11.748,79.7714,ECMWF_ERA5_Reanalysis
2024-08-27,35.6,27.3,30.6,40.4,30.0,34.2,1.0,18.1,34.6,211,20.45,1007.0,loc_cuddalore,11.748,79.7714,ECMWF_ERA5_Reanalysis
2024-08-28,32.1,26.8,28.8,36.7,31.6,33.4,2.8,14.0,27.7,191,10.35,1007.4,loc_cuddalore,11.748,79.7714,ECMWF_ERA5_Reanalysis
2024-08-29,33.4,25.2,28.0,36.5,29.4,32.3,17.4,16.3,34.9,223,13.07,1005.8,loc_cuddalore,11.748,79.7714,ECMWF_ERA5_Reanalysis
2024-08-30,33.9,25.1,28.0,38.3,29.5,32.5,14.5,15.8,39.2,227,17.52,1005.3,loc_cuddalore,11.748,79.7714,ECMWF_ERA5_Reanalysis
2024-08-31,34.5,25.1,28.5,38.9,29.3,32.4,1.5,16.6,38.9,233,19.69,1004.9,loc_cuddalore,11.748,79.7714,ECMWF_ERA5_Reanalysis
2024-09-01,34.7,25.4,28.6,39.3,29.2,32.8,6.1,16.8,41.0,224,20.26,1004.2,loc_cuddalore,11.748,79.7714,ECMWF_ERA5_Reanalysis
2024-09-02,34.5,25.4,29.3,41.2,30.2,34.4,0.4,15.2,31.7,205,21.72,1004.4,loc_cuddalore,11.748,79.7714,ECMWF_ERA5_Reanalysis
2024-09-03,33.7,26.2,29.4,40.5,30.3,34.1,6.1,15.5,39.2,214,22.86,1005.7,loc_cuddalore,11.748,79.7714,ECMWF_ERA5_Reanalysis
2024-09-04,33.9,26.4,29.7,38.2,29.8,33.6,0.0,16.5,33.5,218,16.99,1005.7,loc_cuddalore,11.748,79.7714,ECMWF_ERA5_Reanalysis
2024-09-05,35.6,26.3,30.2,40.2,30.0,34.6,11.5,15.5,35.3,219,23.23,1004.4,loc_cuddalore,11.748,79.7714,ECMWF_ERA5_Reanalysis
2024-09-06,35.5,26.4,29.9,39.7,29.9,33.7,0.6,22.1,43.2,249,17.82,1004.9,loc_cuddalore,11.748,79.7714,ECMWF_ERA5_Reanalysis
2024-09-07,34.1,27.0,30.0,38.5,30.6,33.8,9.7,16.4,36.0,247,16.91,1005.7,loc_cuddalore,11.748,79.7714,ECMWF_ERA5_Reanalysis
2024-09-08,35.1,26.1,29.1,41.2,31.4,34.1,20.6,11.7,32.8,228,19.05,1006.1,loc_cuddalore,11.748,79.7714,ECMWF_ERA5_Reanalysis
2024-09-09,36.0,26.5,30.0,40.2,30.0,34.1,0.6,17.3,36.7,215,21.85,1004.2,loc_cuddalore,11.748,79.7714,ECMWF_ERA5_Reanalysis
2024-09-10,36.0,26.3,30.5,41.2,29.7,34.6,0.0,19.5,34.9,205,24.47,1003.9,loc_cuddalore,11.748,79.7714,ECMWF_ERA5_Reanalysis
2024-09-11,34.5,26.6,30.1,40.8,29.9,34.2,0.0,18.2,37.4,185,23.28,1005.5,loc_cuddalore,11.748,79.7714,ECMWF_ERA5_Reanalysis
2024-09-12,35.4,26.4,30.2,41.7,29.9,34.7,0.3,18.5,37.4,178,23.81,1006.6,loc_cuddalore,11.748,79.7714,ECMWF_ERA5_Reanalysis
2024-09-13,36.0,26.9,30.7,41.0,32.1,35.3,0.0,19.7,38.9,187,22.7,1005.9,loc_cuddalore,11.748,79.7714,ECMWF_ERA5_Reanalysis
2024-09-14,37.3,27.1,31.1,40.9,30.4,34.8,1.0,18.3,41.8,228,23.77,1005.3,loc_cuddalore,11.748,79.7714,ECMWF_ERA5_Reanalysis
2024-09-15,37.7,27.3,31.4,41.9,30.7,34.7,0.3,17.9,37.4,230,23.72,1005.1,loc_cuddalore,11.748,79.7714,ECMWF_ERA5_Reanalysis
2024-09-16,38.0,27.3,31.3,40.4,30.2,34.0,0.0,19.5,39.6,222,24.93,1005.4,loc_cuddalore,11.748,79.7714,ECMWF_ERA5_Reanalysis
2024-09-17,37.6,27.4,31.4,41.3,30.8,34.6,0.1,23.8,42.5,228,23.75,1004.9,loc_cuddalore,11.748,79.7714,ECMWF_ERA5_Reanalysis
2024-09-18,36.9,27.5,31.1,40.6,30.5,34.5,0.0,18.5,37.1,195,24.63,1004.2,loc_cuddalore,11.748,79.7714,ECMWF_ERA5_Reanalysis
2024-09-19,35.8,25.5,30.3,39.8,30.5,34.7,0.3,17.3,37.1,154,23.06,1004.6,loc_cuddalore,11.748,79.7714,ECMWF_ERA5_Reanalysis
2024-09-20,36.8,26.5,30.9,41.4,30.5,34.8,0.4,17.3,35.3,198,21.56,1004.4,loc_cuddalore,11.748,79.7714,ECMWF_ERA5_Reanalysis
2024-09-21,34.6,25.2,29.0,38.3,28.8,32.8,3.3,21.4,38.2,223,15.47,1005.0,loc_cuddalore,11.748,79.7714,ECMWF_ERA5_Reanalysis
2024-09-22,34.7,24.9,29.5,37.9,29.0,33.5,0.0,15.8,35.3,264,16.58,1004.0,loc_cuddalore,11.748,79.7714,ECMWF_ERA5_Reanalysis
2024-09-23,34.5,26.6,29.8,41.4,31.2,34.9,3.0,17.1,35.6,196,20.71,1003.5,loc_cuddalore,11.748,79.7714,ECMWF_ERA5_Reanalysis
2024-09-24,34.9,26.1,29.5,42.1,30.9,34.6,2.1,20.8,41.8,198,22.02,1003.0,loc_cuddalore,11.748,79.7714,ECMWF_ERA5_Reanalysis
2024-09-25,34.8,26.1,29.5,41.2,29.9,34.5,0.5,19.9,40.3,184,20.8,1003.4,loc_cuddalore,11.748,79.7714,ECMWF_ERA5_Reanalysis
2024-09-26,35.2,26.5,29.7,39.7,32.8,34.6,0.5,16.0,33.8,173,16.87,1004.2,loc_cuddalore,11.748,79.7714,ECMWF_ERA5_Reanalysis
2024-09-27,32.5,25.3,29.0,39.9,30.4,34.7,13.6,14.5,34.6,162,23.34,1006.7,loc_cuddalore,11.748,79.7714,ECMWF_ERA5_Reanalysis
2024-09-28,31.7,24.5,28.2,38.9,30.0,33.8,0.5,13.8,29.2,110,23.71,1008.1,loc_cuddalore,11.748,79.7714,ECMWF_ERA5_Reanalysis
2024-09-29,30.7,24.4,27.8,37.2,29.5,33.3,1.8,13.6,31.3,134,22.64,1009.1,loc_cuddalore,11.748,79.7714,ECMWF_ERA5_Reanalysis
2024-09-30,30.5,25.1,28.0,36.2,30.9,33.2,1.2,15.5,35.3,129,22.85,1009.0,loc_cuddalore,11.748,79.7714,ECMWF_ERA5_Reanalysis
2024-10-01,31.7,25.6,28.6,37.7,31.3,33.7,6.6,15.3,31.3,157,22.62,1007.6,loc_cuddalore,11.748,79.7714,ECMWF_ERA5_Reanalysis
2024-10-02,35.4,25.7,30.2,40.5,30.3,34.4,0.0,18.1,37.4,202,22.91,1007.2,loc_cuddalore,11.748,79.7714,ECMWF_ERA5_Reanalysis
2024-10-03,36.4,27.0,30.6,42.2,30.0,34.6,0.0,19.9,39.6,214,22.54,1006.8,loc_cuddalore,11.748,79.7714,ECMWF_ERA5_Reanalysis
2024-10-04,35.1,25.0,29.1,42.0,30.0,34.0,16.8,17.5,32.0,218,19.63,1007.0,loc_cuddalore,11.748,79.7714,ECMWF_ERA5_Reanalysis
2024-10-05,33.8,25.1,28.4,39.1,29.8,33.7,8.0,11.2,26.3,247,18.4,1007.3,loc_cuddalore,11.748,79.7714,ECMWF_ERA5_Reanalysis
2024-10-06,33.0,25.3,28.3,39.6,30.5,33.7,0.0,15.2,33.5,168,20.36,1007.6,loc_cuddalore,11.748,79.7714,ECMWF_ERA5_Reanalysis
2024-10-07,31.0,24.3,27.5,37.1,28.8,32.5,5.3,13.5,29.9,139,20.49,1009.1,loc_cuddalore,11.748,79.7714,ECMWF_ERA5_Reanalysis
2024-10-08,29.7,24.1,27.0,35.5,29.1,32.2,5.9,12.9,29.9,123,17.99,1009.6,loc_cuddalore,11.748,79.7714,ECMWF_ERA5_Reanalysis
2024-10-09,30.0,24.7,27.4,36.7,29.9,33.0,4.8,13.9,31.0,123,22.13,1008.1,loc_cuddalore,11.748,79.7714,ECMWF_ERA5_Reanalysis
2024-10-10,29.5,25.0,27.0,36.6,29.7,32.5,12.6,12.4,29.5,130,17.86,1006.8,loc_cuddalore,11.748,79.7714,ECMWF_ERA5_Reanalysis
2024-10-11,29.7,25.3,27.4,36.3,30.2,32.8,3.0,13.6,33.5,125,19.16,1006.7,loc_cuddalore,11.748,79.7714,ECMWF_ERA5_Reanalysis
2024-10-12,29.5,24.8,27.3,34.2,29.8,32.0,29.3,15.5,33.5,99,15.7,1007.5,loc_cuddalore,11.748,79.7714,ECMWF_ERA5_Reanalysis
2024-10-13,29.9,24.9,27.1,36.8,28.7,32.7,6.6,13.6,30.6,115,20.73,1007.9,loc_cuddalore,11.748,79.7714,ECMWF_ERA5_Reanalysis
2024-10-14,26.5,24.1,24.9,31.2,27.6,29.5,62.0,16.1,32.8,287,6.04,1007.2,loc_cuddalore,11.748,79.7714,ECMWF_ERA5_Reanalysis
2024-10-15,28.8,23.9,25.3,34.3,27.9,29.9,32.7,15.9,32.4,312,8.4,1006.8,loc_cuddalore,11.748,79.7714,ECMWF_ERA5_Reanalysis
2024-10-16,31.8,23.9,27.5,36.2,28.4,32.5,0.4,11.4,24.8,287,18.22,1006.0,loc_cuddalore,11.748,79.7714,ECMWF_ERA5_Reanalysis
2024-10-17,31.6,24.5,27.9,38.9,29.5,33.4,0.9,13.2,24.1,170,20.44,1006.1,loc_cuddalore,11.748,79.7714,ECMWF_ERA5_Reanalysis
2024-10-18,30.1,25.3,27.4,38.5,30.9,33.6,9.6,13.4,23.4,189,15.78,1007.1,loc_cuddalore,11.748,79.7714,ECMWF_ERA5_Reanalysis
2024-10-19,29.7,24.0,25.7,36.8,28.4,31.0,34.1,8.8,22.0,324,13.84,1008.7,loc_cuddalore,11.748,79.7714,ECMWF_ERA5_Reanalysis
2024-10-20,29.8,23.8,26.8,36.6,27.7,32.1,1.7,10.7,24.5,8,17.96,1009.2,loc_cuddalore,11.748,79.7714,ECMWF_ERA5_Reanalysis
2024-10-21,30.3,24.4,26.8,38.2,29.0,32.8,10.0,9.4,23.0,247,20.47,1009.4,loc_cuddalore,11.748,79.7714,ECMWF_ERA5_Reanalysis
2024-10-22,30.4,24.2,26.9,37.9,29.2,32.5,2.1,17.0,34.9,26,20.06,1009.6,loc_cuddalore,11.748,79.7714,ECMWF_ERA5_Reanalysis
2024-10-23,31.3,23.5,27.2,38.9,27.8,32.5,0.9,9.7,24.8,34,21.48,1008.6,loc_cuddalore,11.748,79.7714,ECMWF_ERA5_Reanalysis
2024-10-24,32.0,24.9,27.2,39.2,29.8,32.5,2.2,12.6,24.8,228,19.58,1008.4,loc_cuddalore,11.748,79.7714,ECMWF_ERA5_Reanalysis
2024-10-25,31.4,24.1,27.4,38.0,28.4,32.3,0.0,12.9,23.0,218,18.49,1008.4,loc_cuddalore,11.748,79.7714,ECMWF_ERA5_Reanalysis
2024-10-26,32.8,24.3,28.2,38.4,27.9,32.6,0.0,15.2,28.4,214,22.1,1007.8,loc_cuddalore,11.748,79.7714,ECMWF_ERA5_Reanalysis
2024-10-27,33.3,24.5,28.6,38.4,28.7,33.2,0.0,11.2,20.9,224,21.98,1006.8,loc_cuddalore,11.748,79.7714,ECMWF_ERA5_Reanalysis
2024-10-28,31.9,25.0,28.1,39.0,29.8,34.0,1.1,11.8,23.0,181,21.0,1006.7,loc_cuddalore,11.748,79.7714,ECMWF_ERA5_Reanalysis
2024-10-29,32.1,25.7,28.4,40.3,30.2,34.1,5.8,11.6,23.8,189,20.56,1007.5,loc_cuddalore,11.748,79.7714,ECMWF_ERA5_Reanalysis
2024-10-30,30.3,25.6,27.5,37.7,31.0,33.4,3.1,12.8,29.2,179,18.9,1008.5,loc_cuddalore,11.748,79.7714,ECMWF_ERA5_Reanalysis
2024-10-31,30.0,24.2,27.0,37.1,29.0,32.6,13.0,13.4,31.3,146,20.16,1009.7,loc_cuddalore,11.748,79.7714,ECMWF_ERA5_Reanalysis
2024-11-01,29.7,23.9,26.4,36.9,28.6,31.8,6.7,11.9,26.6,73,19.12,1010.8,loc_cuddalore,11.748,79.7714,ECMWF_ERA5_Reanalysis
2024-11-02,28.9,23.7,25.9,35.1,28.5,30.9,5.3,12.0,28.4,49,18.23,1011.3,loc_cuddalore,11.748,79.7714,ECMWF_ERA5_Reanalysis
2024-11-03,29.3,23.0,26.0,35.8,27.4,30.9,5.6,14.3,31.0,47,18.84,1010.8,loc_cuddalore,11.748,79.7714,ECMWF_ERA5_Reanalysis
2024-11-04,29.7,23.4,26.6,36.1,27.5,31.4,1.1,13.0,28.1,32,20.98,1010.2,loc_cuddalore,11.748,79.7714,ECMWF_ERA5_Reanalysis
2024-11-05,30.1,23.2,26.8,34.8,26.8,30.6,0.1,15.2,31.0,16,21.23,1010.3,loc_cuddalore,11.748,79.7714,ECMWF_ERA5_Reanalysis
2024-11-06,29.7,22.6,25.8,34.3,25.4,29.5,12.1,18.4,38.9,0,19.95,1010.2,loc_cuddalore,11.748,79.7714,ECMWF_ERA5_Reanalysis
2024-11-07,28.7,23.9,26.2,34.3,27.8,30.3,7.6,17.6,38.2,15,15.65,1010.0,loc_cuddalore,11.748,79.7714,ECMWF_ERA5_Reanalysis
2024-11-08,30.3,24.3,27.2,34.7,28.5,31.1,1.1,22.3,43.9,24,19.59,1009.7,loc_cuddalore,11.748,79.7714,ECMWF_ERA5_Reanalysis
2024-11-09,29.3,24.5,26.9,33.8,27.7,30.3,1.3,20.9,43.9,18,18.67,1010.1,loc_cuddalore,11.748,79.7714,ECMWF_ERA5_Reanalysis
2024-11-10,30.4,23.7,27.0,33.8,27.1,30.0,0.2,21.6,42.5,16,21.0,1009.9,loc_cuddalore,11.748,79.7714,ECMWF_ERA5_Reanalysis
2024-11-11,31.4,23.9,27.4,34.9,27.0,30.3,1.0,17.7,35.6,360,19.87,1008.7,loc_cuddalore,11.748,79.7714,ECMWF_ERA5_Reanalysis
2024-11-12,28.5,23.6,26.0,32.7,27.0,29.9,18.0,19.1,36.4,11,8.81,1008.0,loc_cuddalore,11.748,79.7714,ECMWF_ERA5_Reanalysis
2024-11-13,27.4,23.9,25.7,31.8,27.3,30.4,19.0,16.0,32.4,36,6.31,1007.8,loc_cuddalore,11.748,79.7714,ECMWF_ERA5_Reanalysis
2024-11-14,28.2,24.2,25.8,32.7,28.8,30.4,24.9,15.6,34.2,49,14.34,1009.5,loc_cuddalore,11.748,79.7714,ECMWF_ERA5_Reanalysis
2024-11-15,27.4,23.2,25.8,31.3,26.7,29.9,12.1,15.8,34.2,27,8.41,1010.0,loc_cuddalore,11.748,79.7714,ECMWF_ERA5_Reanalysis
2024-11-16,27.1,23.8,25.3,31.3,27.6,29.6,16.1,18.6,37.1,41,13.62,1009.9,loc_cuddalore,11.748,79.7714,ECMWF_ERA5_Reanalysis
2024-11-17,29.9,23.8,26.9,33.3,27.7,30.4,2.5,22.8,44.3,38,18.31,1009.3,loc_cuddalore,11.748,79.7714,ECMWF_ERA5_Reanalysis
2024-11-18,29.3,24.1,26.9,32.6,28.1,30.1,1.8,24.6,47.5,35,18.15,1010.0,loc_cuddalore,11.748,79.7714,ECMWF_ERA5_Reanalysis
2024-11-19,29.6,24.0,26.9,32.3,27.3,29.5,0.1,26.0,49.7,24,18.77,1010.5,loc_cuddalore,11.748,79.7714,ECMWF_ERA5_Reanalysis
2024-11-20,29.4,24.3,27.0,31.6,27.9,29.4,0.5,22.4,43.9,31,18.0,1010.5,loc_cuddalore,11.748,79.7714,ECMWF_ERA5_Reanalysis
2024-11-21,29.4,24.3,27.1,31.9,27.0,29.2,0.6,23.9,46.8,33,19.51,1010.2,loc_cuddalore,11.748,79.7714,ECMWF_ERA5_Reanalysis
2024-11-22,29.4,22.7,26.4,32.6,24.6,28.8,0.0,21.5,42.1,21,20.58,1010.1,loc_cuddalore,11.748,79.7714,ECMWF_ERA5_Reanalysis
2024-11-23,28.1,24.0,26.1,31.2,27.2,29.4,3.3,21.1,42.1,31,14.77,1010.8,loc_cuddalore,11.748,79.7714,ECMWF_ERA5_Reanalysis
2024-11-24,29.5,24.0,26.7,32.8,28.5,29.8,1.3,22.9,44.6,29,16.51,1010.6,loc_cuddalore,11.748,79.7714,ECMWF_ERA5_Reanalysis
2024-11-25,29.8,24.0,26.6,32.0,26.7,28.9,0.2,24.1,45.7,18,16.79,1009.4,loc_cuddalore,11.748,79.7714,ECMWF_ERA5_Reanalysis
2024-11-26,26.1,23.7,24.5,29.4,26.0,27.4,34.0,23.0,41.8,9,4.52,1008.0,loc_cuddalore,11.748,79.7714,ECMWF_ERA5_Reanalysis
2024-11-27,27.4,23.2,25.2,29.2,24.3,26.6,31.2,31.3,55.1,1,5.13,1006.7,loc_cuddalore,11.748,79.7714,ECMWF_ERA5_Reanalysis
2024-11-28,27.1,24.5,25.5,28.3,24.4,26.1,6.6,25.9,48.6,345,7.74,1005.9,loc_cuddalore,11.748,79.7714,ECMWF_ERA5_Reanalysis
2024-11-29,29.0,23.4,26.1,30.8,24.2,26.9,0.1,27.5,55.1,341,12.82,1005.0,loc_cuddalore,11.748,79.7714,ECMWF_ERA5_Reanalysis
2024-11-30,25.7,23.6,24.4,27.0,23.3,25.3,151.0,41.4,77.4,295,2.84,1001.0,loc_cuddalore,11.748,79.7714,ECMWF_ERA5_Reanalysis
2024-12-01,26.1,24.2,25.0,27.9,22.7,26.0,114.7,51.8,90.0,262,5.62,998.1,loc_cuddalore,11.748,79.7714,ECMWF_ERA5_Reanalysis
2024-12-02,28.7,24.7,26.5,32.3,27.7,30.4,10.2,21.3,40.0,170,14.49,1004.1,loc_cuddalore,11.748,79.7714,ECMWF_ERA5_Reanalysis
2024-12-03,29.7,23.4,26.8,36.0,28.0,32.1,0.9,14.7,31.7,121,18.86,1007.9,loc_cuddalore,11.748,79.7714,ECMWF_ERA5_Reanalysis
2024-12-04,29.7,25.1,27.1,35.5,30.3,32.3,1.2,12.9,27.4,68,18.17,1009.4,loc_cuddalore,11.748,79.7714,ECMWF_ERA5_Reanalysis
2024-12-05,29.1,23.8,26.3,34.8,28.2,31.3,2.1,14.7,29.9,40,18.49,1010.1,loc_cuddalore,11.748,79.7714,ECMWF_ERA5_Reanalysis
2024-12-06,29.2,23.5,26.3,35.0,28.0,31.4,0.7,14.1,28.4,35,18.32,1010.2,loc_cuddalore,11.748,79.7714,ECMWF_ERA5_Reanalysis
2024-12-07,29.5,24.2,26.7,34.5,28.9,31.4,1.0,15.2,32.0,54,18.78,1010.0,loc_cuddalore,11.748,79.7714,ECMWF_ERA5_Reanalysis
2024-12-08,29.4,24.6,26.8,34.3,29.2,31.4,0.3,12.8,27.7,68,19.57,1010.0,loc_cuddalore,11.748,79.7714,ECMWF_ERA5_Reanalysis
2024-12-09,28.9,23.5,26.4,34.0,27.9,30.8,0.7,13.9,29.9,32,18.32,1009.7,loc_cuddalore,11.748,79.7714,ECMWF_ERA5_Reanalysis
2024-12-10,29.2,24.4,26.8,31.7,28.4,30.1,1.7,21.5,42.1,22,14.95,1009.2,loc_cuddalore,11.748,79.7714,ECMWF_ERA5_Reanalysis
2024-12-11,25.7,23.9,24.7,28.7,26.7,27.7,37.4,27.1,48.2,12,3.58,1009.1,loc_cuddalore,11.748,79.7714,ECMWF_ERA5_Reanalysis
2024-12-12,26.6,23.7,25.1,30.1,26.7,28.5,33.8,20.0,39.6,58,7.91,1008.7,loc_cuddalore,11.748,79.7714,ECMWF_ERA5_Reanalysis
2024-12-13,27.0,24.2,25.8,30.9,27.0,28.7,10.5,20.6,40.3,53,9.23,1009.9,loc_cuddalore,11.748,79.7714,ECMWF_ERA5_Reanalysis
2024-12-14,28.7,23.8,26.1,31.0,25.8,28.1,0.0,23.2,46.1,20,18.89,1011.3,loc_cuddalore,11.748,79.7714,ECMWF_ERA5_Reanalysis
2024-12-15,28.5,22.2,25.1,30.1,23.9,26.4,0.2,26.8,52.2,10,18.4,1012.1,loc_cuddalore,11.748,79.7714,ECMWF_ERA5_Reanalysis
2024-12-16,28.3,21.6,25.0,30.3,22.8,26.1,0.0,23.0,46.4,3,18.62,1010.9,loc_cuddalore,11.748,79.7714,ECMWF_ERA5_Reanalysis
2024-12-17,27.3,22.3,24.9,29.5,23.7,26.3,2.2,21.8,43.2,352,7.32,1009.1,loc_cuddalore,11.748,79.7714,ECMWF_ERA5_Reanalysis
2024-12-18,29.0,21.8,25.0,32.4,23.5,27.7,39.4,21.5,40.3,347,12.57,1008.1,loc_cuddalore,11.748,79.7714,ECMWF_ERA5_Reanalysis
2024-12-19,29.4,24.0,26.3,33.5,27.2,30.3,1.2,18.9,38.9,345,12.68,1007.6,loc_cuddalore,11.748,79.7714,ECMWF_ERA5_Reanalysis
2024-12-20,30.3,23.7,26.4,36.8,27.8,31.4,1.9,10.9,28.8,293,17.24,1007.8,loc_cuddalore,11.748,79.7714,ECMWF_ERA5_Reanalysis
2024-12-21,30.6,23.0,26.4,35.8,27.3,31.2,0.8,14.9,26.3,1,16.82,1008.5,loc_cuddalore,11.748,79.7714,ECMWF_ERA5_Reanalysis
2024-12-22,29.1,23.1,26.0,33.6,27.4,30.0,0.5,17.9,34.9,22,16.7,1009.7,loc_cuddalore,11.748,79.7714,ECMWF_ERA5_Reanalysis
2024-12-23,30.2,22.3,25.7,34.5,25.6,29.2,0.0,14.0,29.5,2,18.46,1009.6,loc_cuddalore,11.748,79.7714,ECMWF_ERA5_Reanalysis
2024-12-24,30.4,23.5,26.2,33.2,26.2,29.1,0.0,18.4,32.4,341,12.2,1009.1,loc_cuddalore,11.748,79.7714,ECMWF_ERA5_Reanalysis
2024-12-25,30.0,22.3,25.8,34.8,24.8,29.3,0.9,14.4,29.9,345,15.74,1010.3,loc_cuddalore,11.748,79.7714,ECMWF_ERA5_Reanalysis
2024-12-26,28.5,23.5,26.0,33.9,26.9,29.9,5.1,17.9,34.6,13,13.62,1011.7,loc_cuddalore,11.748,79.7714,ECMWF_ERA5_Reanalysis
2024-12-27,28.5,23.6,26.0,32.1,27.4,29.4,18.6,24.9,48.6,54,15.02,1013.7,loc_cuddalore,11.748,79.7714,ECMWF_ERA5_Reanalysis
2024-12-28,28.8,23.8,26.1,32.4,27.4,29.5,3.4,18.8,38.5,42,18.05,1013.4,loc_cuddalore,11.748,79.7714,ECMWF_ERA5_Reanalysis
2024-12-29,28.8,23.7,25.7,31.1,26.7,28.4,7.1,25.0,47.2,27,17.29,1013.0,loc_cuddalore,11.748,79.7714,ECMWF_ERA5_Reanalysis
2024-12-30,28.3,23.2,25.6,31.1,26.4,28.3,6.0,27.3,52.6,31,15.59,1012.9,loc_cuddalore,11.748,79.7714,ECMWF_ERA5_Reanalysis
2024-12-31,28.7,23.9,26.1,31.1,27.1,28.7,1.7,26.1,51.1,28,18.65,1013.0,loc_cuddalore,11.748,79.7714,ECMWF_ERA5_Reanalysis
