time,temperature_2m_max,temperature_2m_min,temperature_2m_mean,apparent_temperature_max,apparent_temperature_min,apparent_temperature_mean,precipitation_sum,wind_speed_10m_max,wind_gusts_10m_max,wind_direction_10m_dominant,shortwave_radiation_sum,surface_pressure_mean,location_id,latitude,longitude,data_source
2014-01-01,27.8,17.6,22.3,26.6,18.7,22.4,0.1,16.3,40.0,63,17.01,965.1,loc_coimbatore,11.0168,76.9558,ECMWF_ERA5_Reanalysis
2014-01-02,29.1,17.3,22.6,29.0,18.5,22.8,0.0,14.8,36.0,66,20.23,965.3,loc_coimbatore,11.0168,76.9558,ECMWF_ERA5_Reanalysis
2014-01-03,29.7,16.5,23.4,29.8,17.0,23.8,0.0,14.6,37.8,65,20.56,965.4,loc_coimbatore,11.0168,76.9558,ECMWF_ERA5_Reanalysis
2014-01-04,30.6,19.0,24.3,31.0,20.7,24.7,0.0,13.4,33.8,72,19.32,964.5,loc_coimbatore,11.0168,76.9558,ECMWF_ERA5_Reanalysis
2014-01-05,31.6,19.6,25.0,30.9,19.8,24.6,0.0,9.9,28.4,54,21.99,963.3,loc_coimbatore,11.0168,76.9558,ECMWF_ERA5_Reanalysis
2014-01-06,31.8,21.0,25.7,31.9,21.1,25.7,0.0,10.8,29.9,72,21.18,962.7,loc_coimbatore,11.0168,76.9558,ECMWF_ERA5_Reanalysis
2014-01-07,30.7,18.6,24.9,31.2,20.1,25.6,0.0,13.7,36.4,67,19.69,963.5,loc_coimbatore,11.0168,76.9558,ECMWF_ERA5_Reanalysis
2014-01-08,28.3,21.0,24.3,28.2,21.5,24.7,0.0,16.2,39.2,74,12.63,964.9,loc_coimbatore,11.0168,76.9558,ECMWF_ERA5_Reanalysis
2014-01-09,28.5,21.2,24.4,28.7,22.4,25.4,0.0,14.5,36.4,74,13.18,964.8,loc_coimbatore,11.0168,76.9558,ECMWF_ERA5_Reanalysis
2014-01-10,30.6,19.0,24.3,31.2,20.5,24.9,0.0,13.8,32.0,71,18.04,964.6,loc_coimbatore,11.0168,76.9558,ECMWF_ERA5_Reanalysis
2014-01-11,30.4,17.1,23.6,31.0,17.9,24.0,0.0,11.9,32.0,66,21.38,965.2,loc_coimbatore,11.0168,76.9558,ECMWF_ERA5_Reanalysis
2014-01-12,31.4,17.1,24.1,31.9,17.9,24.4,0.0,10.5,29.5,62,22.29,966.0,loc_coimbatore,11.0168,76.9558,ECMWF_ERA5_Reanalysis
2014-01-13,29.6,17.4,23.2,28.5,18.2,23.0,0.0,15.6,38.2,72,18.19,965.8,loc_coimbatore,11.0168,76.9558,ECMWF_ERA5_Reanalysis
2014-01-14,29.0,18.6,23.8,29.2,20.3,24.5,0.0,13.8,33.8,75,17.2,965.4,loc_coimbatore,11.0168,76.9558,ECMWF_ERA5_Reanalysis
2014-01-15,30.2,19.0,24.6,30.4,20.3,25.3,0.0,10.3,31.3,70,18.85,966.0,loc_coimbatore,11.0168,76.9558,ECMWF_ERA5_Reanalysis
2014-01-16,31.3,19.5,25.5,32.0,21.1,26.3,0.0,11.9,32.8,71,19.26,966.6,loc_coimbatore,11.0168,76.9558,ECMWF_ERA5_Reanalysis
2014-01-17,29.1,20.1,24.8,29.1,21.6,25.6,0.0,13.1,34.2,74,14.08,966.2,loc_coimbatore,11.0168,76.9558,ECMWF_ERA5_Reanalysis
2014-01-18,30.4,19.3,24.6,31.3,20.8,25.1,0.0,14.0,35.3,76,19.82,965.9,loc_coimbatore,11.0168,76.9558,ECMWF_ERA5_Reanalysis
2014-01-19,30.8,18.7,24.5,30.5,19.2,24.5,0.0,13.0,35.3,69,22.08,967.4,loc_coimbatore,11.0168,76.9558,ECMWF_ERA5_Reanalysis
2014-01-20,29.5,19.8,24.2,28.5,21.6,24.7,0.1,16.8,41.4,73,18.59,967.7,loc_coimbatore,11.0168,76.9558,ECMWF_ERA5_Reanalysis
2014-01-21,29.9,19.0,23.8,29.2,20.3,23.7,0.2,15.3,39.2,74,22.41,966.9,loc_coimbatore,11.0168,76.9558,ECMWF_ERA5_Reanalysis
2014-01-22,29.9,18.7,23.7,29.9,19.9,23.8,0.0,15.3,38.2,69,22.39,966.2,loc_coimbatore,11.0168,76.9558,ECMWF_ERA5_Reanalysis
2014-01-23,30.5,17.2,23.6,30.0,17.8,23.4,0.0,13.4,36.4,70,22.8,966.1,loc_coimbatore,11.0168,76.9558,ECMWF_ERA5_Reanalysis
2014-01-24,30.7,17.8,24.0,31.2,19.1,24.5,0.0,13.7,33.8,72,20.09,964.8,loc_coimbatore,11.0168,76.9558,ECMWF_ERA5_Reanalysis
2014-01-25,29.8,19.1,23.8,29.2,20.5,23.9,0.0,15.5,38.5,73,18.3,964.3,loc_coimbatore,11.0168,76.9558,ECMWF_ERA5_Reanalysis
2014-01-26,29.7,17.2,23.5,28.4,17.8,22.9,0.0,18.8,46.1,69,22.43,964.7,loc_coimbatore,11.0168,76.9558,ECMWF_ERA5_Reanalysis
2014-01-27,28.6,17.6,23.1,27.0,18.1,22.4,0.0,18.5,44.6,69,17.81,964.9,loc_coimbatore,11.0168,76.9558,ECMWF_ERA5_Reanalysis
2014-01-28,30.1,16.5,23.2,29.5,16.6,22.6,0.0,14.0,37.1,59,23.15,964.8,loc_coimbatore,11.0168,76.9558,ECMWF_ERA5_Reanalysis
2014-01-29,30.7,17.1,23.6,30.6,18.0,23.2,0.0,12.1,33.8,68,23.29,965.1,loc_coimbatore,11.0168,76.9558,ECMWF_ERA5_Reanalysis
2014-01-30,30.8,17.4,23.9,31.4,18.2,23.8,0.0,11.6,33.1,72,22.61,965.3,loc_coimbatore,11.0168,76.9558,ECMWF_ERA5_Reanalysis
2014-01-31,31.3,17.5,24.3,31.0,18.3,23.9,0.0,12.2,36.0,71,23.3,965.1,loc_coimbatore,11.0168,76.9558,ECMWF_ERA5_Reanalysis
2014-02-01,30.4,18.1,24.2,30.2,19.3,24.4,0.0,15.4,39.2,70,21.56,965.0,loc_coimbatore,11.0168,76.9558,ECMWF_ERA5_Reanalysis
2014-02-02,30.8,20.6,24.9,30.3,22.3,25.3,0.3,16.6,40.3,73,19.65,964.3,loc_coimbatore,11.0168,76.9558,ECMWF_ERA5_Reanalysis
2014-02-03,31.9,17.8,24.8,31.2,18.8,24.6,0.0,13.6,36.4,70,23.93,963.2,loc_coimbatore,11.0168,76.9558,ECMWF_ERA5_Reanalysis
2014-02-04,32.6,18.0,24.8,32.6,17.5,24.4,0.0,10.8,31.7,72,23.99,961.8,loc_coimbatore,11.0168,76.9558,ECMWF_ERA5_Reanalysis
2014-02-05,33.3,17.2,25.4,33.2,16.6,25.0,0.0,9.4,27.7,60,24.36,961.3,loc_coimbatore,11.0168,76.9558,ECMWF_ERA5_Reanalysis
2014-02-06,33.4,18.2,25.2,32.0,16.8,23.6,0.0,12.5,34.2,59,24.84,961.7,loc_coimbatore,11.0168,76.9558,ECMWF_ERA5_Reanalysis
2014-02-07,32.5,18.6,24.9,30.8,17.2,23.2,0.0,12.5,34.9,56,24.91,962.3,loc_coimbatore,11.0168,76.9558,ECMWF_ERA5_Reanalysis
2014-02-08,32.6,16.7,24.7,30.8,15.4,22.9,0.0,12.6,35.3,54,25.01,961.9,loc_coimbatore,11.0168,76.9558,ECMWF_ERA5_Reanalysis
2014-02-09,32.9,17.5,24.8,32.2,15.8,23.5,0.0,9.3,26.6,53,24.94,961.3,loc_coimbatore,11.0168,76.9558,ECMWF_ERA5_Reanalysis
2014-02-10,33.3,16.9,25.4,34.2,17.7,25.8,0.0,6.6,21.2,194,24.28,961.1,loc_coimbatore,11.0168,76.9558,ECMWF_ERA5_Reanalysis
2014-02-11,32.7,17.6,25.3,33.2,17.2,25.0,0.0,8.0,27.7,52,24.56,960.5,loc_coimbatore,11.0168,76.9558,ECMWF_ERA5_Reanalysis
2014-02-12,31.9,18.7,25.0,33.1,19.0,25.8,0.0,11.8,31.0,73,21.02,960.9,loc_coimbatore,11.0168,76.9558,ECMWF_ERA5_Reanalysis
2014-02-13,32.4,19.7,25.8,34.0,22.1,27.7,0.6,9.2,25.9,93,22.41,962.7,loc_coimbatore,11.0168,76.9558,ECMWF_ERA5_Reanalysis
2014-02-14,32.8,19.9,26.1,34.7,21.9,27.9,0.3,9.7,25.6,173,21.69,963.1,loc_coimbatore,11.0168,76.9558,ECMWF_ERA5_Reanalysis
2014-02-15,30.2,20.9,25.1,31.3,24.3,27.5,4.7,10.8,27.0,231,14.91,962.0,loc_coimbatore,11.0168,76.9558,ECMWF_ERA5_Reanalysis
2014-02-16,31.8,21.3,26.0,33.8,24.2,28.2,0.0,13.6,32.8,240,19.88,962.0,loc_coimbatore,11.0168,76.9558,ECMWF_ERA5_Reanalysis
2014-02-17,32.9,20.7,26.8,34.9,23.4,28.8,0.1,14.8,27.0,76,20.78,963.1,loc_coimbatore,11.0168,76.9558,ECMWF_ERA5_Reanalysis
2014-02-18,30.1,21.6,25.6,31.0,24.7,27.7,3.1,12.8,33.1,75,13.71,965.3,loc_coimbatore,11.0168,76.9558,ECMWF_ERA5_Reanalysis
2014-02-19,31.2,21.7,25.9,31.9,24.1,27.5,0.7,11.4,33.1,70,18.53,964.7,loc_coimbatore,11.0168,76.9558,ECMWF_ERA5_Reanalysis
2014-02-20,30.4,20.6,25.7,31.5,22.6,26.9,0.0,12.6,31.7,87,18.42,964.5,loc_coimbatore,11.0168,76.9558,ECMWF_ERA5_Reanalysis
2014-02-21,30.3,21.1,25.5,31.7,22.3,27.1,1.0,10.7,27.7,54,16.45,965.1,loc_coimbatore,11.0168,76.9558,ECMWF_ERA5_Reanalysis
2014-02-22,31.5,21.3,26.3,33.8,23.4,28.4,0.4,7.3,29.5,70,19.14,965.0,loc_coimbatore,11.0168,76.9558,ECMWF_ERA5_Reanalysis
2014-02-23,32.4,20.5,26.2,33.5,21.1,26.5,0.0,10.6,31.0,76,23.23,964.6,loc_coimbatore,11.0168,76.9558,ECMWF_ERA5_Reanalysis
2014-02-24,30.9,18.4,24.9,31.4,19.2,25.6,0.3,16.4,40.0,68,22.52,965.2,loc_coimbatore,11.0168,76.9558,ECMWF_ERA5_Reanalysis
2014-02-25,31.3,21.4,25.7,31.8,23.5,27.0,1.1,16.5,39.2,73,18.93,965.4,loc_coimbatore,11.0168,76.9558,ECMWF_ERA5_Reanalysis
2014-02-26,33.2,19.7,26.1,33.5,21.2,26.4,0.0,13.1,33.5,69,24.89,964.8,loc_coimbatore,11.0168,76.9558,ECMWF_ERA5_Reanalysis
2014-02-27,33.5,18.0,25.7,34.2,18.1,25.8,0.0,9.2,27.7,65,25.61,964.5,loc_coimbatore,11.0168,76.9558,ECMWF_ERA5_Reanalysis
2014-02-28,33.3,20.2,26.4,36.1,22.1,28.2,0.0,7.4,22.3,356,21.15,963.9,loc_coimbatore,11.0168,76.9558,ECMWF_ERA5_Reanalysis
2014-03-01,30.7,22.0,25.7,33.5,23.9,27.9,3.5,11.2,28.1,54,16.49,963.6,loc_coimbatore,11.0168,76.9558,ECMWF_ERA5_Reanalysis
2014-03-02,31.4,21.0,25.9,35.7,23.6,28.8,0.8,8.2,23.0,39,18.94,963.2,loc_coimbatore,11.0168,76.9558,ECMWF_ERA5_Reanalysis
2014-03-03,31.1,22.0,25.7,34.3,24.5,28.3,2.6,9.8,27.0,69,20.32,963.3,loc_coimbatore,11.0168,76.9558,ECMWF_ERA5_Reanalysis
2014-03-04,30.0,21.5,25.3,33.4,24.7,28.4,6.3,9.6,22.3,47,19.34,964.0,loc_coimbatore,11.0168,76.9558,ECMWF_ERA5_Reanalysis
2014-03-05,31.1,22.1,25.8,34.2,24.2,28.2,0.9,12.1,28.8,65,19.8,964.3,loc_coimbatore,11.0168,76.9558,ECMWF_ERA5_Reanalysis
2014-03-06,31.0,21.7,25.4,34.6,24.1,28.2,4.2,10.7,27.7,49,19.13,964.1,loc_coimbatore,11.0168,76.9558,ECMWF_ERA5_Reanalysis
2014-03-07,30.9,21.6,25.8,33.6,24.2,28.0,0.1,13.1,35.3,65,19.87,964.5,loc_coimbatore,11.0168,76.9558,ECMWF_ERA5_Reanalysis
2014-03-08,32.9,20.6,26.4,34.0,22.2,27.6,0.0,12.0,33.1,67,24.97,965.1,loc_coimbatore,11.0168,76.9558,ECMWF_ERA5_Reanalysis
2014-03-09,30.5,20.8,25.7,30.3,22.6,26.6,0.0,11.5,30.6,65,18.62,965.2,loc_coimbatore,11.0168,76.9558,ECMWF_ERA5_Reanalysis
2014-03-10,32.3,21.7,26.6,32.9,23.4,26.9,0.0,11.8,30.6,67,21.4,964.6,loc_coimbatore,11.0168,76.9558,ECMWF_ERA5_Reanalysis
2014-03-11,32.1,21.4,26.0,32.5,22.2,26.6,0.0,15.3,38.2,69,24.3,964.8,loc_coimbatore,11.0168,76.9558,ECMWF_ERA5_Reanalysis
2014-03-12,32.5,18.5,25.4,32.2,19.5,25.3,0.0,14.5,37.8,60,26.65,965.3,loc_coimbatore,11.0168,76.9558,ECMWF_ERA5_Reanalysis
2014-03-13,33.0,16.7,25.0,31.6,16.1,23.8,0.0,14.7,39.6,49,27.35,964.2,loc_coimbatore,11.0168,76.9558,ECMWF_ERA5_Reanalysis
2014-03-14,34.0,18.8,26.0,33.0,18.5,25.2,0.0,14.2,38.9,54,27.09,964.5,loc_coimbatore,11.0168,76.9558,ECMWF_ERA5_Reanalysis
2014-03-15,34.5,20.8,26.7,33.1,20.3,25.5,0.0,14.1,37.1,53,26.79,965.6,loc_coimbatore,11.0168,76.9558,ECMWF_ERA5_Reanalysis
2014-03-16,35.2,20.3,27.0,33.1,20.0,25.6,0.0,16.6,42.8,54,27.28,966.1,loc_coimbatore,11.0168,76.9558,ECMWF_ERA5_Reanalysis
2014-03-17,35.2,20.4,27.3,34.2,19.5,26.2,0.0,12.8,35.6,51,27.3,965.5,loc_coimbatore,11.0168,76.9558,ECMWF_ERA5_Reanalysis
2014-03-18,36.3,20.4,28.0,35.6,20.6,27.4,0.0,12.1,36.0,47,26.99,964.9,loc_coimbatore,11.0168,76.9558,ECMWF_ERA5_Reanalysis
2014-03-19,35.6,20.5,28.3,36.3,21.3,28.7,0.0,13.5,34.6,59,25.43,964.6,loc_coimbatore,11.0168,76.9558,ECMWF_ERA5_Reanalysis
2014-03-20,35.8,22.8,29.5,36.7,24.6,30.7,0.0,10.6,38.5,48,23.05,963.4,loc_coimbatore,11.0168,76.9558,ECMWF_ERA5_Reanalysis
2014-03-21,36.1,23.0,29.7,37.5,25.8,30.8,0.0,13.5,28.4,291,22.21,962.1,loc_coimbatore,11.0168,76.9558,ECMWF_ERA5_Reanalysis
2014-03-22,36.6,23.2,29.5,38.9,26.5,31.5,0.0,11.4,28.8,248,23.0,960.9,loc_coimbatore,11.0168,76.9558,ECMWF_ERA5_Reanalysis
2014-03-23,37.1,22.4,29.7,38.1,25.0,30.9,0.0,11.9,30.6,52,25.33,961.7,loc_coimbatore,11.0168,76.9558,ECMWF_ERA5_Reanalysis
2014-03-24,36.8,22.4,29.1,36.4,24.8,29.3,0.0,11.5,32.8,47,27.51,963.0,loc_coimbatore,11.0168,76.9558,ECMWF_ERA5_Reanalysis
2014-03-25,36.7,21.7,28.6,35.6,23.0,28.1,0.0,14.7,38.5,50,27.66,962.6,loc_coimbatore,11.0168,76.9558,ECMWF_ERA5_Reanalysis
2014-03-26,36.1,22.0,28.4,34.3,21.4,27.0,0.0,16.9,41.8,58,27.56,962.2,loc_coimbatore,11.0168,76.9558,ECMWF_ERA5_Reanalysis
2014-03-27,35.9,19.5,27.7,35.1,19.2,26.6,0.0,13.7,33.1,53,28.15,963.2,loc_coimbatore,11.0168,76.9558,ECMWF_ERA5_Reanalysis
2014-03-28,36.5,20.4,28.4,35.2,19.3,26.7,0.0,12.2,34.6,40,26.93,963.3,loc_coimbatore,11.0168,76.9558,ECMWF_ERA5_Reanalysis
2014-03-29,37.1,20.4,28.9,35.8,19.2,27.5,0.0,15.7,41.4,52,27.83,962.3,loc_coimbatore,11.0168,76.9558,ECMWF_ERA5_Reanalysis
2014-03-30,37.8,21.4,29.5,36.9,21.8,28.8,0.0,12.8,34.2,39,27.78,962.0,loc_coimbatore,11.0168,76.9558,ECMWF_ERA5_Reanalysis
2014-03-31,38.0,22.9,30.0,38.6,26.5,31.3,0.0,16.6,35.3,249,26.64,962.0,loc_coimbatore,11.0168,76.9558,ECMWF_ERA5_Reanalysis
2014-04-01,37.5,23.5,30.0,39.5,27.1,31.9,0.0,18.8,42.1,239,24.88,960.9,loc_coimbatore,11.0168,76.9558,ECMWF_ERA5_Reanalysis
2014-04-02,36.7,23.9,30.3,38.7,27.1,32.0,0.0,15.3,31.3,246,22.36,960.3,loc_coimbatore,11.0168,76.9558,ECMWF_ERA5_Reanalysis
2014-04-03,38.0,25.3,31.0,37.7,28.8,32.5,0.0,12.9,35.6,52,26.67,960.9,loc_coimbatore,11.0168,76.9558,ECMWF_ERA5_Reanalysis
2014-04-04,37.4,24.4,30.3,39.4,27.8,32.1,0.3,10.2,23.4,253,25.43,962.2,loc_coimbatore,11.0168,76.9558,ECMWF_ERA5_Reanalysis
2014-04-05,36.9,24.6,30.2,38.3,27.6,31.7,0.0,12.5,30.6,354,24.58,962.9,loc_coimbatore,11.0168,76.9558,ECMWF_ERA5_Reanalysis
2014-04-06,36.2,24.2,29.9,37.1,27.7,31.9,0.0,12.0,34.6,55,23.43,963.7,loc_coimbatore,11.0168,76.9558,ECMWF_ERA5_Reanalysis
2014-04-07,36.4,24.9,29.9,38.0,28.4,32.1,0.0,15.6,28.8,240,22.66,964.4,loc_coimbatore,11.0168,76.9558,ECMWF_ERA5_Reanalysis
2014-04-08,35.2,24.9,28.6,37.6,27.7,31.1,0.1,18.4,42.1,241,19.71,963.9,loc_coimbatore,11.0168,76.9558,ECMWF_ERA5_Reanalysis
2014-04-09,36.0,24.1,28.9,37.4,27.3,31.1,0.0,15.0,36.0,243,19.86,963.4,loc_coimbatore,11.0168,76.9558,ECMWF_ERA5_Reanalysis
2014-04-10,36.7,24.7,29.8,38.3,28.3,32.1,0.0,15.6,37.4,233,21.37,963.7,loc_coimbatore,11.0168,76.9558,ECMWF_ERA5_Reanalysis
2014-04-11,34.6,24.6,27.7,37.2,28.0,30.5,5.5,18.2,38.2,246,19.58,963.2,loc_coimbatore,11.0168,76.9558,ECMWF_ERA5_Reanalysis
2014-04-12,35.4,23.5,28.8,38.4,27.0,31.4,0.1,14.5,34.6,249,20.31,962.0,loc_coimbatore,11.0168,76.9558,ECMWF_ERA5_Reanalysis
2014-04-13,35.9,24.8,29.4,38.6,28.7,32.1,0.0,13.0,28.4,245,20.18,962.3,loc_coimbatore,11.0168,76.9558,ECMWF_ERA5_Reanalysis
2014-04-14,35.7,24.9,29.0,38.7,29.0,32.1,0.6,13.9,33.1,239,21.1,963.1,loc_coimbatore,11.0168,76.9558,ECMWF_ERA5_Reanalysis
2014-04-15,36.5,24.4,29.2,38.8,28.1,32.1,0.0,14.4,32.4,235,22.11,963.4,loc_coimbatore,11.0168,76.9558,ECMWF_ERA5_Reanalysis
2014-04-16,34.2,24.6,28.1,36.9,27.4,30.9,0.8,15.4,39.6,243,19.16,962.6,loc_coimbatore,11.0168,76.9558,ECMWF_ERA5_Reanalysis
2014-04-17,35.3,24.3,28.1,37.6,27.8,30.9,0.1,17.6,42.1,240,22.79,961.4,loc_coimbatore,11.0168,76.9558,ECMWF_ERA5_Reanalysis
2014-04-18,35.5,23.7,28.5,38.4,27.5,31.2,0.2,16.4,42.1,241,22.2,962.7,loc_coimbatore,11.0168,76.9558,ECMWF_ERA5_Reanalysis
2014-04-19,36.8,24.9,29.3,40.3,29.0,32.6,0.0,13.8,37.1,238,22.71,962.2,loc_coimbatore,11.0168,76.9558,ECMWF_ERA5_Reanalysis
2014-04-20,37.7,24.7,30.6,38.4,29.7,33.1,0.1,10.3,30.2,126,24.47,961.2,loc_coimbatore,11.0168,76.9558,ECMWF_ERA5_Reanalysis
2014-04-21,37.9,25.5,30.8,39.1,29.1,32.8,0.0,10.9,29.9,187,26.44,961.4,loc_coimbatore,11.0168,76.9558,ECMWF_ERA5_Reanalysis
2014-04-22,37.9,24.4,31.0,38.0,27.8,32.4,0.0,14.1,31.7,78,27.51,963.0,loc_coimbatore,11.0168,76.9558,ECMWF_ERA5_Reanalysis
2014-04-23,37.6,25.9,30.6,38.9,28.4,32.4,0.0,18.4,36.7,246,23.06,962.6,loc_coimbatore,11.0168,76.9558,ECMWF_ERA5_Reanalysis
2014-04-24,36.1,25.3,28.9,40.4,29.3,32.1,0.6,17.7,40.0,242,20.81,961.6,loc_coimbatore,11.0168,76.9558,ECMWF_ERA5_Reanalysis
2014-04-25,37.1,25.0,29.5,40.1,28.6,32.6,0.2,17.1,40.7,239,22.49,961.4,loc_coimbatore,11.0168,76.9558,ECMWF_ERA5_Reanalysis
2014-04-26,37.8,25.1,30.1,41.2,29.2,33.4,0.0,15.9,38.5,241,21.91,961.1,loc_coimbatore,11.0168,76.9558,ECMWF_ERA5_Reanalysis
2014-04-27,37.4,25.8,30.6,40.7,30.4,34.1,0.0,15.0,35.3,235,22.68,961.5,loc_coimbatore,11.0168,76.9558,ECMWF_ERA5_Reanalysis
2014-04-28,37.3,25.3,30.1,39.7,29.7,33.4,0.0,14.5,34.2,245,20.48,961.7,loc_coimbatore,11.0168,76.9558,ECMWF_ERA5_Reanalysis
2014-04-29,36.6,25.3,29.2,40.1,29.0,32.8,0.2,18.3,42.1,245,20.48,961.3,loc_coimbatore,11.0168,76.9558,ECMWF_ERA5_Reanalysis
2014-04-30,37.6,25.1,29.6,40.3,29.1,32.6,0.0,18.5,39.6,242,22.55,961.2,loc_coimbatore,11.0168,76.9558,ECMWF_ERA5_Reanalysis
2014-05-01,36.4,24.7,29.0,40.2,28.5,32.0,0.0,17.1,37.8,242,20.65,961.1,loc_coimbatore,11.0168,76.9558,ECMWF_ERA5_Reanalysis
2014-05-02,37.6,24.1,30.5,39.8,28.4,33.3,0.0,10.8,27.0,212,23.03,960.3,loc_coimbatore,11.0168,76.9558,ECMWF_ERA5_Reanalysis
2014-05-03,37.3,25.3,30.1,40.5,29.7,33.3,0.1,11.5,27.4,231,21.7,960.2,loc_coimbatore,11.0168,76.9558,ECMWF_ERA5_Reanalysis
2014-05-04,35.8,24.5,29.1,38.7,28.8,32.6,4.8,9.1,28.1,67,22.53,959.5,loc_coimbatore,11.0168,76.9558,ECMWF_ERA5_Reanalysis
2014-05-05,32.4,23.5,26.9,35.7,27.7,30.4,7.0,15.6,38.2,78,20.67,960.3,loc_coimbatore,11.0168,76.9558,ECMWF_ERA5_Reanalysis
2014-05-06,30.5,22.9,25.2,33.5,26.1,28.4,12.9,12.3,38.9,69,10.97,960.9,loc_coimbatore,11.0168,76.9558,ECMWF_ERA5_Reanalysis
2014-05-07,25.0,22.2,23.2,28.9,25.6,26.8,65.1,12.6,40.3,56,7.18,959.8,loc_coimbatore,11.0168,76.9558,ECMWF_ERA5_Reanalysis
2014-05-08,24.3,22.4,23.2,29.0,25.8,27.0,44.1,14.3,51.8,235,4.82,959.2,loc_coimbatore,11.0168,76.9558,ECMWF_ERA5_Reanalysis
2014-05-09,28.0,22.5,24.8,30.7,25.5,27.5,0.3,22.1,50.0,240,18.15,960.1,loc_coimbatore,11.0168,76.9558,ECMWF_ERA5_Reanalysis
2014-05-10,29.8,23.2,25.8,34.4,26.3,29.1,0.9,16.7,37.8,242,20.91,960.3,loc_coimbatore,11.0168,76.9558,ECMWF_ERA5_Reanalysis
2014-05-11,29.9,23.3,26.0,35.4,27.2,30.0,3.5,13.5,31.7,243,20.58,961.8,loc_coimbatore,11.0168,76.9558,ECMWF_ERA5_Reanalysis
2014-05-12,31.4,23.8,26.9,36.9,28.0,31.0,1.0,13.0,30.2,243,22.46,962.1,loc_coimbatore,11.0168,76.9558,ECMWF_ERA5_Reanalysis
2014-05-13,31.6,24.2,26.7,36.9,27.8,30.5,1.8,15.7,36.7,244,22.32,962.1,loc_coimbatore,11.0168,76.9558,ECMWF_ERA5_Reanalysis
2014-05-14,31.0,23.6,26.9,34.6,26.9,30.0,1.4,15.5,31.7,245,20.71,961.6,loc_coimbatore,11.0168,76.9558,ECMWF_ERA5_Reanalysis
2014-05-15,31.5,23.3,26.6,35.5,26.3,29.4,0.3,17.2,39.2,241,22.8,960.6,loc_coimbatore,11.0168,76.9558,ECMWF_ERA5_Reanalysis
2014-05-16,31.1,22.1,26.1,32.9,24.5,27.8,0.0,20.5,47.9,242,26.94,960.3,loc_coimbatore,11.0168,76.9558,ECMWF_ERA5_Reanalysis
2014-05-17,31.2,21.2,26.0,32.8,22.0,27.2,0.0,16.9,40.3,244,25.32,961.1,loc_coimbatore,11.0168,76.9558,ECMWF_ERA5_Reanalysis
2014-05-18,31.8,22.5,27.1,36.8,25.3,30.3,0.7,13.8,33.8,246,22.74,960.8,loc_coimbatore,11.0168,76.9558,ECMWF_ERA5_Reanalysis
2014-05-19,33.3,24.6,27.8,37.5,28.5,31.5,0.7,14.8,36.0,244,23.06,961.0,loc_coimbatore,11.0168,76.9558,ECMWF_ERA5_Reanalysis
2014-05-20,32.2,24.5,27.2,36.4,28.4,30.6,1.2,21.7,46.4,246,21.41,960.9,loc_coimbatore,11.0168,76.9558,ECMWF_ERA5_Reanalysis
2014-05-21,31.4,24.3,26.7,34.6,27.1,29.5,0.2,21.6,47.5,245,20.53,961.0,loc_coimbatore,11.0168,76.9558,ECMWF_ERA5_Reanalysis
2014-05-22,32.6,23.8,27.0,36.1,26.8,29.6,0.7,21.2,46.4,244,22.49,959.8,loc_coimbatore,11.0168,76.9558,ECMWF_ERA5_Reanalysis
2014-05-23,33.3,24.1,27.5,36.4,27.3,30.3,0.2,21.6,47.9,244,21.0,959.1,loc_coimbatore,11.0168,76.9558,ECMWF_ERA5_Reanalysis
2014-05-24,32.1,24.2,27.1,36.2,27.4,30.2,3.8,17.4,41.0,246,19.09,959.2,loc_coimbatore,11.0168,76.9558,ECMWF_ERA5_Reanalysis
2014-05-25,31.4,23.6,26.9,33.5,26.5,28.9,1.2,22.6,49.3,242,19.17,960.1,loc_coimbatore,11.0168,76.9558,ECMWF_ERA5_Reanalysis
2014-05-26,32.6,24.1,27.5,35.2,25.9,29.8,0.1,16.3,40.3,244,19.19,959.7,loc_coimbatore,11.0168,76.9558,ECMWF_ERA5_Reanalysis
2014-05-27,32.2,24.4,27.8,35.0,27.4,30.6,0.3,16.8,38.9,244,18.74,960.1,loc_coimbatore,11.0168,76.9558,ECMWF_ERA5_Reanalysis
2014-05-28,33.6,24.1,27.7,36.2,28.5,30.8,2.1,20.5,47.5,245,22.64,960.7,loc_coimbatore,11.0168,76.9558,ECMWF_ERA5_Reanalysis
2014-05-29,32.4,23.6,26.8,35.3,27.3,29.8,1.9,19.8,44.3,248,20.28,961.3,loc_coimbatore,11.0168,76.9558,ECMWF_ERA5_Reanalysis
2014-05-30,33.0,23.8,27.1,36.0,26.9,29.6,0.5,20.9,47.9,245,20.24,960.4,loc_coimbatore,11.0168,76.9558,ECMWF_ERA5_Reanalysis
2014-05-31,34.3,23.5,28.0,37.2,26.7,30.7,0.3,19.0,42.8,243,23.05,959.0,loc_coimbatore,11.0168,76.9558,ECMWF_ERA5_Reanalysis
2014-06-01,33.5,24.5,27.8,37.0,27.5,30.9,1.1,18.0,45.4,244,19.98,958.6,loc_coimbatore,11.0168,76.9558,ECMWF_ERA5_Reanalysis
2014-06-02,32.4,24.5,27.2,36.6,27.5,30.1,2.4,23.2,55.8,243,20.66,959.1,loc_coimbatore,11.0168,76.9558,ECMWF_ERA5_Reanalysis
2014-06-03,30.6,24.1,26.4,33.0,27.2,29.2,0.9,19.0,44.3,239,15.88,958.7,loc_coimbatore,11.0168,76.9558,ECMWF_ERA5_Reanalysis
2014-06-04,31.0,23.5,26.3,34.0,26.1,28.6,1.9,24.6,53.3,244,20.95,958.1,loc_coimbatore,11.0168,76.9558,ECMWF_ERA5_Reanalysis
2014-06-05,31.5,23.4,26.4,34.1,26.3,28.7,1.2,22.9,50.4,246,19.89,957.7,loc_coimbatore,11.0168,76.9558,ECMWF_ERA5_Reanalysis
2014-06-06,30.9,23.8,26.1,32.4,26.2,28.0,0.2,27.9,60.5,242,19.54,957.7,loc_coimbatore,11.0168,76.9558,ECMWF_ERA5_Reanalysis
2014-06-07,30.5,23.6,26.0,32.2,25.7,27.8,0.0,27.1,61.9,241,19.08,957.0,loc_coimbatore,11.0168,76.9558,ECMWF_ERA5_Reanalysis
2014-06-08,31.2,23.8,26.3,33.2,25.8,27.9,0.2,26.9,61.6,242,20.46,956.7,loc_coimbatore,11.0168,76.9558,ECMWF_ERA5_Reanalysis
2014-06-09,29.1,23.2,25.2,30.5,24.8,26.7,2.2,27.4,65.9,242,17.05,957.6,loc_coimbatore,11.0168,76.9558,ECMWF_ERA5_Reanalysis
2014-06-10,28.7,23.3,25.4,29.1,25.4,27.0,0.0,28.6,64.1,244,14.03,958.3,loc_coimbatore,11.0168,76.9558,ECMWF_ERA5_Reanalysis
2014-06-11,30.5,22.9,25.6,31.5,25.1,27.3,0.0,27.7,62.6,242,18.93,958.7,loc_coimbatore,11.0168,76.9558,ECMWF_ERA5_Reanalysis
2014-06-12,29.5,23.0,25.3,30.3,25.3,27.0,0.0,26.6,61.6,239,15.52,959.0,loc_coimbatore,11.0168,76.9558,ECMWF_ERA5_Reanalysis
2014-06-13,30.8,22.9,25.7,32.5,25.3,27.7,0.0,20.5,46.8,237,15.53,959.4,loc_coimbatore,11.0168,76.9558,ECMWF_ERA5_Reanalysis
2014-06-14,32.6,22.9,26.7,35.0,26.0,28.9,0.1,22.4,51.8,238,21.64,959.9,loc_coimbatore,11.0168,76.9558,ECMWF_ERA5_Reanalysis
2014-06-15,32.3,23.0,26.8,33.8,25.4,28.8,0.2,18.2,47.2,239,20.51,960.4,loc_coimbatore,11.0168,76.9558,ECMWF_ERA5_Reanalysis
2014-06-16,32.9,23.1,26.7,33.9,25.5,28.4,0.0,25.4,58.3,238,23.9,960.1,loc_coimbatore,11.0168,76.9558,ECMWF_ERA5_Reanalysis
2014-06-17,30.7,23.0,25.6,31.9,25.2,27.1,0.2,25.7,60.1,240,18.85,959.6,loc_coimbatore,11.0168,76.9558,ECMWF_ERA5_Reanalysis
2014-06-18,29.4,22.4,24.9,29.6,24.4,26.3,0.7,28.0,67.7,236,17.11,959.3,loc_coimbatore,11.0168,76.9558,ECMWF_ERA5_Reanalysis
2014-06-19,29.7,22.1,24.9,30.4,24.1,26.4,0.2,26.3,65.2,235,17.75,959.0,loc_coimbatore,11.0168,76.9558,ECMWF_ERA5_Reanalysis
2014-06-20,29.6,22.7,25.2,30.6,24.8,26.8,0.2,27.1,60.1,237,18.56,959.5,loc_coimbatore,11.0168,76.9558,ECMWF_ERA5_Reanalysis
2014-06-21,30.9,22.8,25.6,31.5,25.0,27.0,0.1,25.4,61.6,238,18.85,961.5,loc_coimbatore,11.0168,76.9558,ECMWF_ERA5_Reanalysis
2014-06-22,31.2,22.5,25.9,32.1,25.0,27.4,0.3,22.5,52.9,238,18.81,962.4,loc_coimbatore,11.0168,76.9558,ECMWF_ERA5_Reanalysis
2014-06-23,31.9,23.0,26.2,33.2,25.7,28.2,0.2,23.2,54.0,238,20.79,961.7,loc_coimbatore,11.0168,76.9558,ECMWF_ERA5_Reanalysis
2014-06-24,31.4,22.8,26.3,33.2,25.6,28.4,0.5,22.2,51.1,239,21.17,959.5,loc_coimbatore,11.0168,76.9558,ECMWF_ERA5_Reanalysis
2014-06-25,31.7,22.3,26.4,33.1,24.9,28.4,0.4,22.2,52.2,238,21.46,959.5,loc_coimbatore,11.0168,76.9558,ECMWF_ERA5_Reanalysis
2014-06-26,33.0,22.9,26.7,35.6,25.6,29.1,1.3,19.8,46.1,237,22.05,960.5,loc_coimbatore,11.0168,76.9558,ECMWF_ERA5_Reanalysis
2014-06-27,33.5,23.3,27.3,35.8,26.6,29.9,0.6,16.2,42.1,240,20.78,961.0,loc_coimbatore,11.0168,76.9558,ECMWF_ERA5_Reanalysis
2014-06-28,32.9,23.6,26.9,35.7,26.8,29.5,1.3,18.6,46.1,238,20.95,961.1,loc_coimbatore,11.0168,76.9558,ECMWF_ERA5_Reanalysis
2014-06-29,32.4,23.4,26.6,34.9,26.2,28.9,1.1,21.9,50.8,241,21.33,960.5,loc_coimbatore,11.0168,76.9558,ECMWF_ERA5_Reanalysis
2014-06-30,30.7,23.1,25.7,33.7,25.9,28.1,2.5,21.7,50.8,240,17.4,960.4,loc_coimbatore,11.0168,76.9558,ECMWF_ERA5_Reanalysis
2014-07-01,31.2,23.0,26.1,33.5,25.9,28.3,1.4,21.9,49.7,239,18.03,961.3,loc_coimbatore,11.0168,76.9558,ECMWF_ERA5_Reanalysis
2014-07-02,31.0,22.8,26.0,32.1,25.7,28.1,0.5,20.0,46.1,238,17.0,961.4,loc_coimbatore,11.0168,76.9558,ECMWF_ERA5_Reanalysis
2014-07-03,31.8,22.9,26.6,34.1,26.0,28.7,0.1,20.1,47.9,238,22.3,959.8,loc_coimbatore,11.0168,76.9558,ECMWF_ERA5_Reanalysis
2014-07-04,30.9,22.6,25.7,33.6,25.6,28.0,1.5,20.9,49.0,238,18.61,958.8,loc_coimbatore,11.0168,76.9558,ECMWF_ERA5_Reanalysis
2014-07-05,30.0,22.7,25.0,31.4,25.4,27.2,3.5,21.4,49.7,238,15.07,959.0,loc_coimbatore,11.0168,76.9558,ECMWF_ERA5_Reanalysis
2014-07-06,29.6,22.7,25.1,31.1,25.6,27.5,0.6,19.3,45.0,239,15.2,960.4,loc_coimbatore,11.0168,76.9558,ECMWF_ERA5_Reanalysis
2014-07-07,29.7,22.3,24.9,31.8,25.1,27.1,5.4,19.2,46.8,238,16.47,960.3,loc_coimbatore,11.0168,76.9558,ECMWF_ERA5_Reanalysis
2014-07-08,28.0,22.4,24.4,29.3,24.9,26.6,4.3,21.4,53.3,237,13.81,959.7,loc_coimbatore,11.0168,76.9558,ECMWF_ERA5_Reanalysis
2014-07-09,29.3,21.8,24.2,30.4,24.0,26.1,4.0,20.0,47.9,239,13.01,959.7,loc_coimbatore,11.0168,76.9558,ECMWF_ERA5_Reanalysis
2014-07-10,25.7,21.0,22.3,26.7,22.4,24.0,13.1,22.1,52.9,235,8.72,961.0,loc_coimbatore,11.0168,76.9558,ECMWF_ERA5_Reanalysis
2014-07-11,26.8,20.3,22.6,27.4,21.4,23.7,3.9,23.3,54.0,238,11.85,961.5,loc_coimbatore,11.0168,76.9558,ECMWF_ERA5_Reanalysis
2014-07-12,27.4,21.8,23.7,28.4,23.5,25.1,0.9,24.8,63.0,237,14.83,960.1,loc_coimbatore,11.0168,76.9558,ECMWF_ERA5_Reanalysis
2014-07-13,25.9,21.6,22.7,27.0,23.3,24.7,13.5,20.0,57.6,233,9.37,959.4,loc_coimbatore,11.0168,76.9558,ECMWF_ERA5_Reanalysis
2014-07-14,23.5,21.2,22.1,25.7,22.8,23.9,29.4,21.7,53.3,236,4.47,959.1,loc_coimbatore,11.0168,76.9558,ECMWF_ERA5_Reanalysis
2014-07-15,26.1,21.7,23.1,27.2,23.1,24.7,3.2,24.2,55.1,235,12.56,958.9,loc_coimbatore,11.0168,76.9558,ECMWF_ERA5_Reanalysis
2014-07-16,28.2,21.6,24.0,29.3,23.2,25.4,0.0,21.7,50.4,235,16.82,959.8,loc_coimbatore,11.0168,76.9558,ECMWF_ERA5_Reanalysis
2014-07-17,29.2,21.8,24.8,30.3,23.7,26.2,0.0,22.7,51.8,234,21.92,960.0,loc_coimbatore,11.0168,76.9558,ECMWF_ERA5_Reanalysis
2014-07-18,28.6,21.9,24.3,31.1,23.3,25.8,0.1,24.3,56.2,238,19.55,960.1,loc_coimbatore,11.0168,76.9558,ECMWF_ERA5_Reanalysis
2014-07-19,27.6,22.0,23.9,28.8,23.5,25.3,0.0,25.6,57.6,237,15.33,960.7,loc_coimbatore,11.0168,76.9558,ECMWF_ERA5_Reanalysis
2014-07-20,28.7,22.2,24.3,30.0,24.2,25.7,0.0,24.8,55.4,237,18.05,960.9,loc_coimbatore,11.0168,76.9558,ECMWF_ERA5_Reanalysis
2014-07-21,27.2,21.9,23.8,27.4,23.5,25.0,0.0,24.5,53.6,236,12.17,960.2,loc_coimbatore,11.0168,76.9558,ECMWF_ERA5_Reanalysis
2014-07-22,27.8,21.9,24.0,29.2,23.7,25.5,0.4,24.0,56.2,235,16.57,960.5,loc_coimbatore,11.0168,76.9558,ECMWF_ERA5_Reanalysis
2014-07-23,28.2,21.4,23.3,29.6,23.2,24.9,3.5,23.7,58.0,236,16.33,960.8,loc_coimbatore,11.0168,76.9558,ECMWF_ERA5_Reanalysis
2014-07-24,29.2,21.2,24.1,31.0,23.1,25.8,0.1,23.0,55.4,237,20.45,961.2,loc_coimbatore,11.0168,76.9558,ECMWF_ERA5_Reanalysis
2014-07-25,29.3,21.8,24.5,31.1,24.1,26.2,0.2,20.9,51.5,236,18.33,962.0,loc_coimbatore,11.0168,76.9558,ECMWF_ERA5_Reanalysis
2014-07-26,29.0,21.6,24.5,31.1,24.1,26.5,0.8,19.7,47.9,236,20.14,962.2,loc_coimbatore,11.0168,76.9558,ECMWF_ERA5_Reanalysis
2014-07-27,28.8,21.9,24.5,30.1,24.4,26.4,0.3,21.9,49.3,236,18.17,962.5,loc_coimbatore,11.0168,76.9558,ECMWF_ERA5_Reanalysis
2014-07-28,29.2,22.3,24.5,30.4,24.2,26.1,0.0,21.4,45.7,236,15.54,961.1,loc_coimbatore,11.0168,76.9558,ECMWF_ERA5_Reanalysis
2014-07-29,29.9,22.3,25.0,30.8,24.3,26.5,0.0,22.4,51.8,236,18.8,960.6,loc_coimbatore,11.0168,76.9558,ECMWF_ERA5_Reanalysis
2014-07-30,29.1,22.0,24.4,30.2,23.9,25.7,0.0,26.7,60.1,237,17.45,960.9,loc_coimbatore,11.0168,76.9558,ECMWF_ERA5_Reanalysis
2014-07-31,28.0,22.1,24.3,29.1,23.4,25.7,1.5,25.0,57.6,235,16.1,960.2,loc_coimbatore,11.0168,76.9558,ECMWF_ERA5_Reanalysis
2014-08-01,27.3,22.1,23.1,29.4,24.5,25.6,12.8,16.4,52.9,234,8.47,960.4,loc_coimbatore,11.0168,76.9558,ECMWF_ERA5_Reanalysis
2014-08-02,27.0,21.9,23.5,28.2,24.0,25.3,9.3,20.8,46.8,235,11.13,960.8,loc_coimbatore,11.0168,76.9558,ECMWF_ERA5_Reanalysis
2014-08-03,28.2,21.3,24.1,29.9,23.1,25.7,0.0,23.1,52.9,236,18.5,960.2,loc_coimbatore,11.0168,76.9558,ECMWF_ERA5_Reanalysis
2014-08-04,28.1,21.8,24.1,29.4,23.8,25.6,0.0,24.0,53.6,237,17.6,959.5,loc_coimbatore,11.0168,76.9558,ECMWF_ERA5_Reanalysis
2014-08-05,28.1,21.7,24.1,29.5,23.6,25.6,0.5,23.5,56.2,237,16.88,960.2,loc_coimbatore,11.0168,76.9558,ECMWF_ERA5_Reanalysis
2014-08-06,28.1,21.1,23.6,29.7,23.1,25.1,11.9,21.3,49.7,237,16.74,961.0,loc_coimbatore,11.0168,76.9558,ECMWF_ERA5_Reanalysis
2014-08-07,27.1,21.0,23.0,28.9,23.2,25.5,10.6,16.4,36.0,234,11.78,960.6,loc_coimbatore,11.0168,76.9558,ECMWF_ERA5_Reanalysis
2014-08-08,25.2,21.3,22.7,27.8,23.8,25.3,8.6,16.1,39.6,233,10.65,960.6,loc_coimbatore,11.0168,76.9558,ECMWF_ERA5_Reanalysis
2014-08-09,26.9,21.0,22.9,28.3,23.6,25.2,7.8,16.4,38.2,237,11.39,961.3,loc_coimbatore,11.0168,76.9558,ECMWF_ERA5_Reanalysis
2014-08-10,25.9,21.0,22.7,27.8,23.6,25.2,13.1,17.6,39.2,233,10.79,961.9,loc_coimbatore,11.0168,76.9558,ECMWF_ERA5_Reanalysis
2014-08-11,26.1,21.2,23.0,27.9,24.0,25.4,4.4,17.6,40.3,235,13.17,961.2,loc_coimbatore,11.0168,76.9558,ECMWF_ERA5_Reanalysis
2014-08-12,26.7,21.4,23.3,28.6,23.9,25.4,4.1,20.0,43.9,235,12.9,961.0,loc_coimbatore,11.0168,76.9558,ECMWF_ERA5_Reanalysis
2014-08-13,26.7,21.5,23.5,28.4,23.9,25.6,1.1,17.3,38.5,235,15.09,962.0,loc_coimbatore,11.0168,76.9558,ECMWF_ERA5_Reanalysis
2014-08-14,27.8,21.4,23.9,30.4,24.0,26.3,4.3,15.9,40.0,238,16.89,962.2,loc_coimbatore,11.0168,76.9558,ECMWF_ERA5_Reanalysis
2014-08-15,28.9,21.6,24.2,32.4,24.6,26.7,3.7,18.0,41.0,236,17.11,962.4,loc_coimbatore,11.0168,76.9558,ECMWF_ERA5_Reanalysis
2014-08-16,28.8,21.3,24.6,31.5,24.5,27.2,0.6,14.2,36.0,235,19.72,962.3,loc_coimbatore,11.0168,76.9558,ECMWF_ERA5_Reanalysis
2014-08-17,28.3,21.7,24.5,31.2,24.9,27.4,6.1,13.4,32.8,238,18.45,961.7,loc_coimbatore,11.0168,76.9558,ECMWF_ERA5_Reanalysis
2014-08-18,28.5,21.8,24.6,32.4,25.2,28.0,5.6,13.7,32.4,240,18.77,961.8,loc_coimbatore,11.0168,76.9558,ECMWF_ERA5_Reanalysis
2014-08-19,28.5,21.7,24.3,33.0,25.7,27.9,5.4,13.9,33.8,241,18.7,961.7,loc_coimbatore,11.0168,76.9558,ECMWF_ERA5_Reanalysis
2014-08-20,29.6,21.9,25.0,34.2,25.7,28.3,2.5,15.0,36.0,239,21.19,960.4,loc_coimbatore,11.0168,76.9558,ECMWF_ERA5_Reanalysis
2014-08-21,30.3,22.3,25.3,35.6,26.1,29.0,2.3,13.9,34.6,240,20.66,958.3,loc_coimbatore,11.0168,76.9558,ECMWF_ERA5_Reanalysis
2014-08-22,30.1,22.7,25.0,34.9,26.8,29.2,12.7,11.8,28.4,237,18.33,957.8,loc_coimbatore,11.0168,76.9558,ECMWF_ERA5_Reanalysis
2014-08-23,26.9,21.9,23.7,29.2,24.1,26.4,10.1,21.3,54.0,245,14.47,959.4,loc_coimbatore,11.0168,76.9558,ECMWF_ERA5_Reanalysis
2014-08-24,28.8,21.8,24.3,30.8,23.7,26.2,1.6,20.6,47.9,243,18.99,960.7,loc_coimbatore,11.0168,76.9558,ECMWF_ERA5_Reanalysis
2014-08-25,28.9,22.2,24.7,31.2,24.4,26.9,0.1,18.9,43.9,240,19.05,961.9,loc_coimbatore,11.0168,76.9558,ECMWF_ERA5_Reanalysis
2014-08-26,29.0,22.0,24.7,30.8,24.3,26.7,0.0,19.8,46.4,238,19.45,961.9,loc_coimbatore,11.0168,76.9558,ECMWF_ERA5_Reanalysis
2014-08-27,27.6,21.9,23.9,28.5,23.9,25.5,0.0,18.7,42.8,237,13.26,960.7,loc_coimbatore,11.0168,76.9558,ECMWF_ERA5_Reanalysis
2014-08-28,28.1,21.3,23.8,28.9,23.2,25.1,0.4,23.5,54.4,238,17.87,959.7,loc_coimbatore,11.0168,76.9558,ECMWF_ERA5_Reanalysis
2014-08-29,26.5,21.7,23.3,27.2,23.5,24.6,1.0,24.6,53.3,237,14.34,958.7,loc_coimbatore,11.0168,76.9558,ECMWF_ERA5_Reanalysis
2014-08-30,27.0,21.7,23.3,28.1,23.6,24.8,1.6,24.8,61.2,237,13.6,958.8,loc_coimbatore,11.0168,76.9558,ECMWF_ERA5_Reanalysis
2014-08-31,27.6,21.9,23.9,28.9,23.6,25.3,0.2,24.7,56.5,235,17.66,958.3,loc_coimbatore,11.0168,76.9558,ECMWF_ERA5_Reanalysis
2014-09-01,26.6,22.0,23.4,27.5,23.5,24.8,1.9,26.0,63.0,235,13.17,958.3,loc_coimbatore,11.0168,76.9558,ECMWF_ERA5_Reanalysis
2014-09-02,27.8,22.0,23.7,29.9,23.9,25.5,3.1,22.6,56.5,238,14.63,959.7,loc_coimbatore,11.0168,76.9558,ECMWF_ERA5_Reanalysis
2014-09-03,24.6,21.7,22.6,26.8,24.0,25.1,25.9,15.9,38.5,243,6.09,961.6,loc_coimbatore,11.0168,76.9558,ECMWF_ERA5_Reanalysis
2014-09-04,27.7,21.6,23.6,30.0,23.9,25.7,0.3,18.7,42.1,236,14.3,962.2,loc_coimbatore,11.0168,76.9558,ECMWF_ERA5_Reanalysis
2014-09-05,27.3,21.4,23.4,29.3,23.4,25.3,1.0,20.4,47.9,239,16.66,962.1,loc_coimbatore,11.0168,76.9558,ECMWF_ERA5_Reanalysis
2014-09-06,27.5,21.3,23.6,29.3,23.3,25.2,0.0,21.2,50.8,236,17.41,961.2,loc_coimbatore,11.0168,76.9558,ECMWF_ERA5_Reanalysis
2014-09-07,28.3,21.6,23.9,29.8,23.5,25.5,0.0,20.9,49.3,232,17.95,961.1,loc_coimbatore,11.0168,76.9558,ECMWF_ERA5_Reanalysis
2014-09-08,28.3,21.5,24.1,30.4,23.2,25.6,0.0,22.9,52.6,238,20.58,962.3,loc_coimbatore,11.0168,76.9558,ECMWF_ERA5_Reanalysis
2014-09-09,28.7,21.4,24.1,31.0,23.4,25.9,0.2,19.6,47.9,238,20.61,962.7,loc_coimbatore,11.0168,76.9558,ECMWF_ERA5_Reanalysis
2014-09-10,29.5,21.1,24.5,32.3,23.5,26.7,0.3,17.8,42.5,239,22.9,962.1,loc_coimbatore,11.0168,76.9558,ECMWF_ERA5_Reanalysis
2014-09-11,29.9,21.2,24.8,33.1,23.7,27.1,0.5,16.7,41.4,239,23.37,962.6,loc_coimbatore,11.0168,76.9558,ECMWF_ERA5_Reanalysis
2014-09-12,30.1,21.4,25.1,33.3,24.3,27.5,0.4,16.6,41.4,239,23.52,963.1,loc_coimbatore,11.0168,76.9558,ECMWF_ERA5_Reanalysis
2014-09-13,29.2,21.8,24.5,32.7,24.5,26.9,6.6,16.8,40.0,240,20.8,962.5,loc_coimbatore,11.0168,76.9558,ECMWF_ERA5_Reanalysis
2014-09-14,28.9,21.4,24.2,32.6,23.8,26.4,6.8,19.7,45.0,239,20.92,961.6,loc_coimbatore,11.0168,76.9558,ECMWF_ERA5_Reanalysis
2014-09-15,28.6,21.7,24.3,30.9,24.1,26.2,2.8,20.9,47.5,238,18.24,960.6,loc_coimbatore,11.0168,76.9558,ECMWF_ERA5_Reanalysis
2014-09-16,29.0,21.8,24.5,30.3,24.1,26.2,0.0,21.6,49.7,238,18.0,959.8,loc_coimbatore,11.0168,76.9558,ECMWF_ERA5_Reanalysis
2014-09-17,30.0,21.6,24.9,32.3,23.6,26.6,0.0,19.8,47.5,237,20.91,959.4,loc_coimbatore,11.0168,76.9558,ECMWF_ERA5_Reanalysis
2014-09-18,30.3,21.3,24.8,32.2,23.4,26.5,0.0,19.3,46.1,239,20.97,960.5,loc_coimbatore,11.0168,76.9558,ECMWF_ERA5_Reanalysis
2014-09-19,30.2,21.6,24.9,32.3,23.7,26.7,0.1,19.7,47.2,239,20.56,961.1,loc_coimbatore,11.0168,76.9558,ECMWF_ERA5_Reanalysis
2014-09-20,30.3,21.9,25.3,32.1,24.2,27.4,0.4,18.0,43.2,240,20.31,960.6,loc_coimbatore,11.0168,76.9558,ECMWF_ERA5_Reanalysis
2014-09-21,30.4,22.6,25.9,34.4,25.8,28.6,0.0,14.1,34.2,241,18.66,961.0,loc_coimbatore,11.0168,76.9558,ECMWF_ERA5_Reanalysis
2014-09-22,31.4,22.4,26.1,35.8,26.0,29.4,1.8,12.5,32.4,241,18.66,961.4,loc_coimbatore,11.0168,76.9558,ECMWF_ERA5_Reanalysis
2014-09-23,32.2,23.0,26.4,36.2,26.9,30.0,1.5,13.6,35.6,247,19.49,961.0,loc_coimbatore,11.0168,76.9558,ECMWF_ERA5_Reanalysis
2014-09-24,32.6,23.8,26.8,37.9,28.3,31.2,4.6,10.0,29.5,244,19.11,961.2,loc_coimbatore,11.0168,76.9558,ECMWF_ERA5_Reanalysis
2014-09-25,32.4,22.1,26.0,37.5,26.4,30.3,5.0,10.4,26.3,53,20.71,961.4,loc_coimbatore,11.0168,76.9558,ECMWF_ERA5_Reanalysis
2014-09-26,30.5,21.9,24.9,36.2,25.8,29.2,16.7,10.7,26.6,105,18.81,962.4,loc_coimbatore,11.0168,76.9558,ECMWF_ERA5_Reanalysis
2014-09-27,30.2,22.1,25.5,34.0,26.4,29.5,8.2,11.2,33.1,61,20.52,963.0,loc_coimbatore,11.0168,76.9558,ECMWF_ERA5_Reanalysis
2014-09-28,30.4,22.0,25.1,34.9,25.6,29.0,10.9,12.4,31.7,46,20.38,963.2,loc_coimbatore,11.0168,76.9558,ECMWF_ERA5_Reanalysis
2014-09-29,28.9,21.9,24.5,32.7,25.7,28.4,13.0,9.7,28.8,50,15.64,963.2,loc_coimbatore,11.0168,76.9558,ECMWF_ERA5_Reanalysis
2014-09-30,28.3,22.0,24.4,33.6,26.1,28.7,14.8,8.2,31.0,20,17.44,963.1,loc_coimbatore,11.0168,76.9558,ECMWF_ERA5_Reanalysis
2014-10-01,29.7,22.0,25.2,34.5,26.3,29.5,2.8,8.1,23.4,83,19.2,963.3,loc_coimbatore,11.0168,76.9558,ECMWF_ERA5_Reanalysis
2014-10-02,30.2,21.5,25.5,34.4,25.2,29.2,0.0,9.5,26.3,42,21.32,962.9,loc_coimbatore,11.0168,76.9558,ECMWF_ERA5_Reanalysis
2014-10-03,29.8,21.7,25.4,34.7,25.2,28.9,0.0,8.7,24.5,243,20.47,962.6,loc_coimbatore,11.0168,76.9558,ECMWF_ERA5_Reanalysis
2014-10-04,29.3,22.5,25.0,33.1,26.1,28.4,0.6,16.9,38.5,242,18.79,963.2,loc_coimbatore,11.0168,76.9558,ECMWF_ERA5_Reanalysis
2014-10-05,30.2,22.3,25.5,34.9,26.1,29.0,1.5,17.6,39.6,246,20.74,963.5,loc_coimbatore,11.0168,76.9558,ECMWF_ERA5_Reanalysis
2014-10-06,29.7,22.6,25.3,33.5,26.3,28.7,2.6,15.8,38.5,244,19.46,963.3,loc_coimbatore,11.0168,76.9558,ECMWF_ERA5_Reanalysis
2014-10-07,27.3,22.7,24.5,30.5,25.1,27.2,6.7,17.9,38.2,242,15.87,961.8,loc_coimbatore,11.0168,76.9558,ECMWF_ERA5_Reanalysis
2014-10-08,28.6,22.3,24.5,32.5,25.1,27.4,5.1,15.3,36.7,245,16.75,961.3,loc_coimbatore,11.0168,76.9558,ECMWF_ERA5_Reanalysis
2014-10-09,29.6,22.6,25.1,34.3,26.0,28.6,7.8,13.7,30.2,247,18.6,961.3,loc_coimbatore,11.0168,76.9558,ECMWF_ERA5_Reanalysis
2014-10-10,29.2,23.1,25.1,32.8,26.1,28.2,3.9,16.6,39.2,242,17.19,960.8,loc_coimbatore,11.0168,76.9558,ECMWF_ERA5_Reanalysis
2014-10-11,28.3,23.0,24.7,31.6,25.4,27.2,1.8,20.6,51.1,239,15.75,960.0,loc_coimbatore,11.0168,76.9558,ECMWF_ERA5_Reanalysis
2014-10-12,26.6,22.9,24.1,28.2,25.5,26.3,6.3,20.3,47.5,242,12.24,959.7,loc_coimbatore,11.0168,76.9558,ECMWF_ERA5_Reanalysis
2014-10-13,30.1,22.4,25.2,33.7,25.2,28.2,1.2,14.2,34.9,246,17.81,960.1,loc_coimbatore,11.0168,76.9558,ECMWF_ERA5_Reanalysis
2014-10-14,31.1,22.2,25.3,36.1,26.0,29.4,13.7,9.0,23.4,241,17.82,961.4,loc_coimbatore,11.0168,76.9558,ECMWF_ERA5_Reanalysis
2014-10-15,29.9,22.1,25.3,34.0,25.9,29.4,5.9,12.2,36.0,58,19.5,963.1,loc_coimbatore,11.0168,76.9558,ECMWF_ERA5_Reanalysis
2014-10-16,28.1,21.9,24.4,31.4,26.1,28.1,5.8,12.4,36.4,64,16.74,963.2,loc_coimbatore,11.0168,76.9558,ECMWF_ERA5_Reanalysis
2014-10-17,28.9,21.1,24.3,32.7,24.5,27.9,5.5,10.0,32.8,64,17.07,963.4,loc_coimbatore,11.0168,76.9558,ECMWF_ERA5_Reanalysis
2014-10-18,24.9,21.5,22.8,29.3,25.6,26.9,20.3,7.7,25.9,67,8.23,962.9,loc_coimbatore,11.0168,76.9558,ECMWF_ERA5_Reanalysis
2014-10-19,23.9,21.4,22.2,27.3,24.5,25.7,22.0,10.7,33.5,43,6.13,962.4,loc_coimbatore,11.0168,76.9558,ECMWF_ERA5_Reanalysis
2014-10-20,24.7,21.3,22.4,28.0,24.6,25.8,10.6,9.2,29.9,53,7.36,962.6,loc_coimbatore,11.0168,76.9558,ECMWF_ERA5_Reanalysis
2014-10-21,23.1,21.0,21.8,26.6,24.2,25.2,16.8,11.6,33.5,45,4.96,964.0,loc_coimbatore,11.0168,76.9558,ECMWF_ERA5_Reanalysis
2014-10-22,27.4,20.7,23.5,31.9,23.8,26.9,13.7,14.0,36.4,63,17.82,964.4,loc_coimbatore,11.0168,76.9558,ECMWF_ERA5_Reanalysis
2014-10-23,26.7,21.0,23.2,30.7,24.4,26.9,13.2,10.8,32.0,59,14.93,964.1,loc_coimbatore,11.0168,76.9558,ECMWF_ERA5_Reanalysis
2014-10-24,26.1,21.6,23.0,30.1,25.5,27.1,22.0,5.2,16.6,346,8.44,963.2,loc_coimbatore,11.0168,76.9558,ECMWF_ERA5_Reanalysis
2014-10-25,26.7,21.6,23.5,32.1,25.6,27.5,5.9,9.4,21.6,196,11.18,963.3,loc_coimbatore,11.0168,76.9558,ECMWF_ERA5_Reanalysis
2014-10-26,28.6,20.8,24.1,32.9,24.6,28.2,4.9,5.4,23.8,39,15.61,964.4,loc_coimbatore,11.0168,76.9558,ECMWF_ERA5_Reanalysis
2014-10-27,26.0,21.8,23.2,30.2,26.0,27.5,42.8,6.3,17.6,24,9.34,964.6,loc_coimbatore,11.0168,76.9558,ECMWF_ERA5_Reanalysis
2014-10-28,27.6,20.7,23.9,32.2,24.5,28.0,19.2,5.4,22.3,95,17.81,963.8,loc_coimbatore,11.0168,76.9558,ECMWF_ERA5_Reanalysis
2014-10-29,27.5,21.5,23.5,32.2,25.4,27.9,21.2,7.0,22.7,89,16.02,963.6,loc_coimbatore,11.0168,76.9558,ECMWF_ERA5_Reanalysis
2014-10-30,27.1,21.1,23.8,29.9,24.7,27.3,0.5,10.7,26.3,77,15.79,962.9,loc_coimbatore,11.0168,76.9558,ECMWF_ERA5_Reanalysis
2014-10-31,26.4,21.0,23.6,31.1,24.3,27.3,1.2,5.0,18.7,172,16.09,962.6,loc_coimbatore,11.0168,76.9558,ECMWF_ERA5_Reanalysis
2014-11-01,27.5,19.6,23.4,31.6,22.3,26.7,1.8,7.0,19.1,123,15.87,962.5,loc_coimbatore,11.0168,76.9558,ECMWF_ERA5_Reanalysis
2014-11-02,27.0,19.7,22.5,31.4,22.5,26.1,8.5,7.3,20.2,146,11.32,963.6,loc_coimbatore,11.0168,76.9558,ECMWF_ERA5_Reanalysis
2014-11-03,26.4,20.6,23.2,30.1,23.8,26.5,0.6,9.6,30.2,122,12.85,963.8,loc_coimbatore,11.0168,76.9558,ECMWF_ERA5_Reanalysis
2014-11-04,27.5,20.5,23.3,32.7,23.4,26.8,1.0,8.1,20.9,252,15.18,963.9,loc_coimbatore,11.0168,76.9558,ECMWF_ERA5_Reanalysis
2014-11-05,28.0,21.3,24.1,32.3,24.6,27.7,0.0,8.6,22.7,249,15.57,964.4,loc_coimbatore,11.0168,76.9558,ECMWF_ERA5_Reanalysis
2014-11-06,28.9,20.2,24.0,32.9,23.0,27.0,0.0,5.8,18.7,237,20.01,963.4,loc_coimbatore,11.0168,76.9558,ECMWF_ERA5_Reanalysis
2014-11-07,28.5,17.9,23.4,32.0,19.9,26.1,0.0,6.2,19.1,238,20.39,962.8,loc_coimbatore,11.0168,76.9558,ECMWF_ERA5_Reanalysis
2014-11-08,28.3,20.2,24.1,32.7,23.2,27.3,0.0,8.6,16.6,237,20.2,963.3,loc_coimbatore,11.0168,76.9558,ECMWF_ERA5_Reanalysis
2014-11-09,28.2,20.9,24.2,32.1,23.7,27.3,0.6,13.2,32.0,247,20.47,963.3,loc_coimbatore,11.0168,76.9558,ECMWF_ERA5_Reanalysis
2014-11-10,28.5,21.0,24.4,32.7,24.1,28.2,2.9,8.1,17.6,235,17.01,962.9,loc_coimbatore,11.0168,76.9558,ECMWF_ERA5_Reanalysis
2014-11-11,27.8,21.6,24.4,30.9,25.3,28.1,5.2,10.0,24.8,61,16.36,962.7,loc_coimbatore,11.0168,76.9558,ECMWF_ERA5_Reanalysis
2014-11-12,27.7,21.2,23.7,31.6,25.0,27.4,17.0,11.6,28.4,60,16.12,962.2,loc_coimbatore,11.0168,76.9558,ECMWF_ERA5_Reanalysis
2014-11-13,24.4,21.6,22.7,27.5,25.2,26.2,15.4,10.5,26.6,54,8.52,962.6,loc_coimbatore,11.0168,76.9558,ECMWF_ERA5_Reanalysis
2014-11-14,25.9,21.2,22.7,29.3,24.5,26.1,15.4,11.6,34.6,44,10.45,964.5,loc_coimbatore,11.0168,76.9558,ECMWF_ERA5_Reanalysis
2014-11-15,27.0,21.1,23.2,30.6,24.3,26.4,1.3,12.2,35.6,54,16.41,964.1,loc_coimbatore,11.0168,76.9558,ECMWF_ERA5_Reanalysis
2014-11-16,27.4,19.9,23.6,31.3,22.4,26.7,0.6,12.4,35.3,58,18.94,963.6,loc_coimbatore,11.0168,76.9558,ECMWF_ERA5_Reanalysis
2014-11-17,27.1,19.8,23.3,29.1,22.1,25.8,0.8,15.6,35.6,53,17.57,963.8,loc_coimbatore,11.0168,76.9558,ECMWF_ERA5_Reanalysis
2014-11-18,26.7,17.7,22.5,28.5,19.0,24.5,0.1,14.4,34.9,59,19.38,964.8,loc_coimbatore,11.0168,76.9558,ECMWF_ERA5_Reanalysis
2014-11-19,27.2,20.1,23.0,29.3,22.7,25.4,0.3,15.9,38.2,51,18.57,964.7,loc_coimbatore,11.0168,76.9558,ECMWF_ERA5_Reanalysis
2014-11-20,27.4,18.6,23.0,29.1,20.1,24.9,0.0,13.5,33.8,49,20.4,963.7,loc_coimbatore,11.0168,76.9558,ECMWF_ERA5_Reanalysis
2014-11-21,26.2,20.2,23.1,27.4,22.5,25.1,0.2,12.5,29.9,64,14.5,964.0,loc_coimbatore,11.0168,76.9558,ECMWF_ERA5_Reanalysis
2014-11-22,27.0,20.8,23.5,29.6,23.4,26.3,4.8,10.9,29.5,61,16.08,963.6,loc_coimbatore,11.0168,76.9558,ECMWF_ERA5_Reanalysis
2014-11-23,26.1,20.8,23.2,28.7,23.9,26.0,0.4,11.8,31.3,59,12.55,963.3,loc_coimbatore,11.0168,76.9558,ECMWF_ERA5_Reanalysis
2014-11-24,27.4,20.6,23.6,29.6,23.3,25.9,0.0,13.3,33.8,61,19.95,963.5,loc_coimbatore,11.0168,76.9558,ECMWF_ERA5_Reanalysis
2014-11-25,26.1,18.3,22.3,27.8,19.8,23.8,0.0,14.1,34.6,69,16.24,963.4,loc_coimbatore,11.0168,76.9558,ECMWF_ERA5_Reanalysis
2014-11-26,26.6,18.1,22.3,27.6,19.4,23.6,0.0,14.4,34.2,64,18.92,961.7,loc_coimbatore,11.0168,76.9558,ECMWF_ERA5_Reanalysis
2014-11-27,26.3,19.0,22.5,28.1,20.6,24.2,0.0,11.2,29.2,74,13.35,961.6,loc_coimbatore,11.0168,76.9558,ECMWF_ERA5_Reanalysis
2014-11-28,24.8,19.9,22.3,26.8,22.9,24.8,0.6,9.4,23.8,92,9.55,962.7,loc_coimbatore,11.0168,76.9558,ECMWF_ERA5_Reanalysis
2014-11-29,24.8,17.3,20.4,26.4,19.0,22.2,10.5,10.9,35.6,99,7.86,963.0,loc_coimbatore,11.0168,76.9558,ECMWF_ERA5_Reanalysis
2014-11-30,24.0,18.3,21.0,24.0,20.1,21.7,0.3,13.0,35.3,81,11.4,962.6,loc_coimbatore,11.0168,76.9558,ECMWF_ERA5_Reanalysis
2014-12-01,23.0,19.4,20.5,22.7,20.1,21.5,6.4,11.1,34.9,60,8.28,962.9,loc_coimbatore,11.0168,76.9558,ECMWF_ERA5_Reanalysis
2014-12-02,25.3,18.7,21.7,26.3,20.0,23.1,0.1,10.1,23.4,59,13.01,963.9,loc_coimbatore,11.0168,76.9558,ECMWF_ERA5_Reanalysis
2014-12-03,27.7,19.5,23.1,30.9,21.3,25.4,0.0,11.2,25.6,72,20.8,964.0,loc_coimbatore,11.0168,76.9558,ECMWF_ERA5_Reanalysis
2014-12-04,26.8,18.1,21.8,29.2,19.3,23.4,0.0,12.0,29.5,66,21.52,964.3,loc_coimbatore,11.0168,76.9558,ECMWF_ERA5_Reanalysis
2014-12-05,26.4,16.4,20.8,28.3,16.9,21.9,0.0,11.4,29.9,63,21.65,964.5,loc_coimbatore,11.0168,76.9558,ECMWF_ERA5_Reanalysis
2014-12-06,26.4,16.6,21.0,27.9,17.3,22.0,0.0,10.9,28.8,64,21.16,964.1,loc_coimbatore,11.0168,76.9558,ECMWF_ERA5_Reanalysis
2014-12-07,27.8,19.5,23.1,30.9,20.7,25.3,0.0,8.7,24.5,62,19.06,963.7,loc_coimbatore,11.0168,76.9558,ECMWF_ERA5_Reanalysis
2014-12-08,27.2,20.8,23.5,30.8,23.3,26.7,6.7,9.1,25.6,54,16.41,963.9,loc_coimbatore,11.0168,76.9558,ECMWF_ERA5_Reanalysis
2014-12-09,27.8,20.4,23.8,31.4,23.2,27.3,1.4,8.7,25.9,61,16.16,964.6,loc_coimbatore,11.0168,76.9558,ECMWF_ERA5_Reanalysis
2014-12-10,26.6,21.0,23.2,29.6,24.3,26.6,6.0,10.8,31.7,58,11.68,964.4,loc_coimbatore,11.0168,76.9558,ECMWF_ERA5_Reanalysis
2014-12-11,26.5,20.3,23.0,29.3,23.5,26.2,2.0,9.7,28.8,50,12.2,964.2,loc_coimbatore,11.0168,76.9558,ECMWF_ERA5_Reanalysis
2014-12-12,26.2,20.2,22.8,28.4,22.9,25.7,5.9,11.3,29.9,62,12.9,964.6,loc_coimbatore,11.0168,76.9558,ECMWF_ERA5_Reanalysis
2014-12-13,25.8,20.4,22.8,28.5,23.5,25.8,2.5,11.6,29.2,58,11.36,965.0,loc_coimbatore,11.0168,76.9558,ECMWF_ERA5_Reanalysis
2014-12-14,26.9,20.4,23.1,30.6,23.2,26.5,5.3,11.0,31.0,65,16.36,965.0,loc_coimbatore,11.0168,76.9558,ECMWF_ERA5_Reanalysis
2014-12-15,27.1,20.7,23.8,30.0,24.2,27.1,0.3,10.8,27.7,72,15.28,964.6,loc_coimbatore,11.0168,76.9558,ECMWF_ERA5_Reanalysis
2014-12-16,27.0,20.0,23.4,29.1,22.7,26.0,1.8,12.7,34.9,59,14.89,964.4,loc_coimbatore,11.0168,76.9558,ECMWF_ERA5_Reanalysis
2014-12-17,26.6,21.0,23.2,27.4,23.4,25.4,0.6,16.3,39.2,71,12.72,964.4,loc_coimbatore,11.0168,76.9558,ECMWF_ERA5_Reanalysis
2014-12-18,25.5,20.1,22.5,26.8,22.2,24.4,1.8,16.4,39.2,52,9.42,964.9,loc_coimbatore,11.0168,76.9558,ECMWF_ERA5_Reanalysis
2014-12-19,24.4,21.2,22.5,25.5,23.5,24.4,0.0,19.0,43.2,64,6.49,966.1,loc_coimbatore,11.0168,76.9558,ECMWF_ERA5_Reanalysis
2014-12-20,26.8,19.4,22.7,27.9,21.9,24.5,0.0,14.1,33.8,75,16.31,965.2,loc_coimbatore,11.0168,76.9558,ECMWF_ERA5_Reanalysis
2014-12-21,27.6,19.4,23.0,29.8,21.5,25.3,0.0,9.1,27.0,83,17.59,963.2,loc_coimbatore,11.0168,76.9558,ECMWF_ERA5_Reanalysis
2014-12-22,27.3,18.6,22.8,29.4,20.4,24.7,0.0,10.8,27.7,80,17.67,963.1,loc_coimbatore,11.0168,76.9558,ECMWF_ERA5_Reanalysis
2014-12-23,27.3,18.7,22.7,29.7,21.0,24.9,0.0,9.8,29.9,77,17.71,963.6,loc_coimbatore,11.0168,76.9558,ECMWF_ERA5_Reanalysis
2014-12-24,26.8,18.8,22.7,28.4,20.6,24.8,0.0,11.6,29.5,75,13.94,964.8,loc_coimbatore,11.0168,76.9558,ECMWF_ERA5_Reanalysis
2014-12-25,27.8,20.2,23.4,30.1,22.7,25.8,0.0,9.2,25.2,85,17.3,964.6,loc_coimbatore,11.0168,76.9558,ECMWF_ERA5_Reanalysis
2014-12-26,27.3,19.1,22.9,29.0,20.1,24.5,0.0,10.0,27.7,87,18.09,963.0,loc_coimbatore,11.0168,76.9558,ECMWF_ERA5_Reanalysis
2014-12-27,25.2,18.2,21.1,25.5,19.4,22.0,1.8,11.0,28.4,71,11.19,963.1,loc_coimbatore,11.0168,76.9558,ECMWF_ERA5_Reanalysis
2014-12-28,20.9,18.5,19.5,22.9,20.2,21.6,16.5,9.4,22.0,83,6.16,963.5,loc_coimbatore,11.0168,76.9558,ECMWF_ERA5_Reanalysis
2014-12-29,26.5,19.2,22.1,29.2,21.5,24.9,3.1,7.2,22.0,74,10.31,961.7,loc_coimbatore,11.0168,76.9558,ECMWF_ERA5_Reanalysis
2014-12-30,27.7,20.0,23.6,32.0,23.1,27.2,1.9,5.8,23.8,244,15.77,960.3,loc_coimbatore,11.0168,76.9558,ECMWF_ERA5_Reanalysis
2014-12-31,26.1,21.4,23.3,30.0,25.3,27.4,16.1,6.2,20.9,200,12.47,960.2,loc_coimbatore,11.0168,76.9558,ECMWF_ERA5_Reanalysis
2015-01-01,27.5,21.2,23.4,29.7,23.5,26.0,0.1,15.8,36.4,237,15.24,961.3,loc_coimbatore,11.0168,76.9558,ECMWF_ERA5_Reanalysis
2015-01-02,28.3,18.2,22.8,30.3,20.0,24.6,0.0,7.3,22.0,231,19.77,963.3,loc_coimbatore,11.0168,76.9558,ECMWF_ERA5_Reanalysis
2015-01-03,27.8,18.8,22.9,30.1,20.1,25.0,0.0,6.6,18.7,78,18.09,964.5,loc_coimbatore,11.0168,76.9558,ECMWF_ERA5_Reanalysis
2015-01-04,27.7,18.4,22.6,30.1,20.0,24.7,0.0,10.4,27.4,50,18.79,964.3,loc_coimbatore,11.0168,76.9558,ECMWF_ERA5_Reanalysis
2015-01-05,27.7,18.8,22.7,29.7,20.2,24.6,0.2,12.4,31.3,55,19.04,964.1,loc_coimbatore,11.0168,76.9558,ECMWF_ERA5_Reanalysis
2015-01-06,27.1,18.1,22.6,28.7,19.7,24.5,0.2,10.3,27.4,65,16.76,964.7,loc_coimbatore,11.0168,76.9558,ECMWF_ERA5_Reanalysis
2015-01-07,28.2,18.7,23.4,30.6,20.8,25.6,0.0,9.3,23.4,81,18.1,964.4,loc_coimbatore,11.0168,76.9558,ECMWF_ERA5_Reanalysis
2015-01-08,27.2,18.2,22.9,29.8,20.2,25.2,0.4,8.0,24.8,67,16.11,964.6,loc_coimbatore,11.0168,76.9558,ECMWF_ERA5_Reanalysis
2015-01-09,27.4,18.9,22.9,29.8,21.0,25.1,0.4,10.1,27.7,65,16.41,965.6,loc_coimbatore,11.0168,76.9558,ECMWF_ERA5_Reanalysis
2015-01-10,27.1,18.7,22.2,28.6,20.0,23.9,1.8,14.2,34.6,74,17.0,965.5,loc_coimbatore,11.0168,76.9558,ECMWF_ERA5_Reanalysis
2015-01-11,26.8,15.9,20.8,26.8,16.4,21.0,0.0,14.5,37.1,63,22.72,965.6,loc_coimbatore,11.0168,76.9558,ECMWF_ERA5_Reanalysis
2015-01-12,26.4,14.7,20.4,26.7,14.6,20.4,0.0,13.7,35.3,67,22.67,965.1,loc_coimbatore,11.0168,76.9558,ECMWF_ERA5_Reanalysis
2015-01-13,26.8,14.8,20.3,27.5,14.7,20.3,0.0,12.9,34.6,62,22.52,964.4,loc_coimbatore,11.0168,76.9558,ECMWF_ERA5_Reanalysis
2015-01-14,27.4,15.2,21.3,28.7,14.7,21.7,0.0,8.7,27.4,52,22.78,964.2,loc_coimbatore,11.0168,76.9558,ECMWF_ERA5_Reanalysis
2015-01-15,27.7,17.5,22.2,29.2,17.9,23.0,0.0,10.3,29.5,65,22.32,964.5,loc_coimbatore,11.0168,76.9558,ECMWF_ERA5_Reanalysis
2015-01-16,27.8,17.0,21.9,28.5,17.5,22.5,0.0,12.6,33.8,52,22.27,964.8,loc_coimbatore,11.0168,76.9558,ECMWF_ERA5_Reanalysis
2015-01-17,28.5,18.4,22.9,29.7,19.4,24.1,0.2,12.3,32.4,65,18.47,965.3,loc_coimbatore,11.0168,76.9558,ECMWF_ERA5_Reanalysis
2015-01-18,28.6,18.4,23.2,30.1,19.9,24.4,0.0,12.5,32.8,70,18.83,965.7,loc_coimbatore,11.0168,76.9558,ECMWF_ERA5_Reanalysis
2015-01-19,28.8,17.5,22.8,30.6,18.4,23.9,0.0,13.0,33.8,72,21.75,965.3,loc_coimbatore,11.0168,76.9558,ECMWF_ERA5_Reanalysis
2015-01-20,29.2,17.8,23.2,30.4,19.0,24.2,0.0,12.0,31.3,70,19.72,966.8,loc_coimbatore,11.0168,76.9558,ECMWF_ERA5_Reanalysis
2015-01-21,27.5,17.3,22.3,28.0,18.5,23.2,0.0,13.8,33.8,68,17.63,968.0,loc_coimbatore,11.0168,76.9558,ECMWF_ERA5_Reanalysis
2015-01-22,29.0,17.2,23.0,30.0,18.1,23.8,0.0,10.9,30.6,70,21.79,967.8,loc_coimbatore,11.0168,76.9558,ECMWF_ERA5_Reanalysis
2015-01-23,28.4,17.9,22.8,28.9,18.9,23.7,0.0,12.5,33.5,63,18.55,965.7,loc_coimbatore,11.0168,76.9558,ECMWF_ERA5_Reanalysis
2015-01-24,27.9,19.3,23.2,28.6,21.5,24.9,0.7,12.6,33.5,57,17.36,965.7,loc_coimbatore,11.0168,76.9558,ECMWF_ERA5_Reanalysis
2015-01-25,28.3,18.8,23.0,29.4,20.8,24.5,0.2,13.2,35.3,63,18.34,966.6,loc_coimbatore,11.0168,76.9558,ECMWF_ERA5_Reanalysis
2015-01-26,28.3,16.6,22.3,28.0,17.4,22.4,0.0,13.7,35.6,70,23.23,966.1,loc_coimbatore,11.0168,76.9558,ECMWF_ERA5_Reanalysis
2015-01-27,28.6,16.8,22.4,29.0,17.6,22.8,0.0,14.6,37.8,64,22.92,964.8,loc_coimbatore,11.0168,76.9558,ECMWF_ERA5_Reanalysis
2015-01-28,28.7,19.0,23.3,29.3,20.4,24.6,0.0,12.9,32.8,67,17.6,963.5,loc_coimbatore,11.0168,76.9558,ECMWF_ERA5_Reanalysis
2015-01-29,28.4,18.5,23.3,29.2,20.0,24.9,0.4,11.6,30.2,69,15.98,964.2,loc_coimbatore,11.0168,76.9558,ECMWF_ERA5_Reanalysis
2015-01-30,27.9,18.9,23.2,28.6,20.7,24.6,0.0,14.0,34.9,71,15.99,965.8,loc_coimbatore,11.0168,76.9558,ECMWF_ERA5_Reanalysis
2015-01-31,29.1,18.9,23.4,29.6,20.5,24.2,0.0,15.9,40.0,67,22.66,966.0,loc_coimbatore,11.0168,76.9558,ECMWF_ERA5_Reanalysis
2015-02-01,29.3,16.8,23.0,30.2,17.5,23.6,0.0,14.9,37.8,68,22.99,965.9,loc_coimbatore,11.0168,76.9558,ECMWF_ERA5_Reanalysis
2015-02-02,28.8,17.2,22.6,29.1,17.9,22.8,0.0,17.0,41.4,67,22.2,966.5,loc_coimbatore,11.0168,76.9558,ECMWF_ERA5_Reanalysis
2015-02-03,28.9,15.9,22.3,29.1,16.3,22.5,0.0,15.2,39.2,63,23.62,968.0,loc_coimbatore,11.0168,76.9558,ECMWF_ERA5_Reanalysis
2015-02-04,27.7,17.8,22.8,27.7,18.8,23.2,0.0,15.8,41.4,63,18.72,967.7,loc_coimbatore,11.0168,76.9558,ECMWF_ERA5_Reanalysis
2015-02-05,28.3,18.9,23.6,28.8,19.9,24.4,0.0,13.0,35.3,61,15.74,966.1,loc_coimbatore,11.0168,76.9558,ECMWF_ERA5_Reanalysis
2015-02-06,30.0,18.0,23.8,31.1,19.3,24.6,0.0,12.7,34.2,69,22.86,965.9,loc_coimbatore,11.0168,76.9558,ECMWF_ERA5_Reanalysis
2015-02-07,30.3,18.4,24.1,31.8,19.7,24.9,0.0,11.9,31.7,73,22.67,965.5,loc_coimbatore,11.0168,76.9558,ECMWF_ERA5_Reanalysis
2015-02-08,30.2,17.8,23.7,31.6,18.8,24.5,0.0,11.3,32.0,71,22.62,964.8,loc_coimbatore,11.0168,76.9558,ECMWF_ERA5_Reanalysis
2015-02-09,30.2,17.4,23.4,30.7,18.6,23.7,0.0,12.6,34.2,67,23.25,964.9,loc_coimbatore,11.0168,76.9558,ECMWF_ERA5_Reanalysis
2015-02-10,30.2,16.9,23.4,31.6,17.5,24.2,0.0,12.4,32.0,67,24.06,965.5,loc_coimbatore,11.0168,76.9558,ECMWF_ERA5_Reanalysis
2015-02-11,30.4,19.0,24.2,31.4,20.4,25.3,0.0,11.8,33.1,69,22.47,964.7,loc_coimbatore,11.0168,76.9558,ECMWF_ERA5_Reanalysis
2015-02-12,30.7,19.5,24.4,32.2,21.4,25.7,0.0,12.8,34.2,66,21.25,964.4,loc_coimbatore,11.0168,76.9558,ECMWF_ERA5_Reanalysis
2015-02-13,31.1,19.5,25.1,33.4,21.0,26.5,0.0,10.2,28.1,68,22.69,964.5,loc_coimbatore,11.0168,76.9558,ECMWF_ERA5_Reanalysis
2015-02-14,32.0,19.5,25.5,33.8,21.1,27.0,0.0,9.8,27.7,65,22.34,963.6,loc_coimbatore,11.0168,76.9558,ECMWF_ERA5_Reanalysis
2015-02-15,32.3,19.1,25.8,32.8,20.4,26.3,0.0,9.4,28.1,59,24.19,963.7,loc_coimbatore,11.0168,76.9558,ECMWF_ERA5_Reanalysis
2015-02-16,32.0,17.7,24.6,31.6,18.0,24.3,0.0,12.5,34.6,53,25.11,964.7,loc_coimbatore,11.0168,76.9558,ECMWF_ERA5_Reanalysis
2015-02-17,32.4,19.9,25.5,32.4,19.5,25.2,0.0,11.9,32.4,55,25.13,964.6,loc_coimbatore,11.0168,76.9558,ECMWF_ERA5_Reanalysis
2015-02-18,32.2,19.6,25.5,32.6,20.1,25.4,0.0,11.5,30.2,73,24.78,964.0,loc_coimbatore,11.0168,76.9558,ECMWF_ERA5_Reanalysis
2015-02-19,32.3,19.3,25.2,32.6,20.8,25.7,0.0,10.9,29.2,54,23.98,963.5,loc_coimbatore,11.0168,76.9558,ECMWF_ERA5_Reanalysis
2015-02-20,31.5,17.0,24.1,30.9,17.4,23.7,0.0,13.5,36.4,51,25.43,963.9,loc_coimbatore,11.0168,76.9558,ECMWF_ERA5_Reanalysis
2015-02-21,30.6,16.3,23.5,29.9,16.3,23.1,0.0,14.0,37.8,59,25.47,964.2,loc_coimbatore,11.0168,76.9558,ECMWF_ERA5_Reanalysis
2015-02-22,31.3,17.8,24.2,30.2,18.0,23.6,0.0,15.0,40.3,53,25.65,964.7,loc_coimbatore,11.0168,76.9558,ECMWF_ERA5_Reanalysis
2015-02-23,31.0,18.6,24.1,29.9,17.0,22.9,0.0,12.6,35.3,40,26.23,965.1,loc_coimbatore,11.0168,76.9558,ECMWF_ERA5_Reanalysis
2015-02-24,31.7,19.1,24.8,31.4,17.3,23.8,0.0,13.2,34.2,51,25.37,963.9,loc_coimbatore,11.0168,76.9558,ECMWF_ERA5_Reanalysis
2015-02-25,32.7,19.2,26.3,33.4,18.8,26.1,0.0,8.8,27.7,57,24.61,962.7,loc_coimbatore,11.0168,76.9558,ECMWF_ERA5_Reanalysis
2015-02-26,32.1,19.9,26.0,34.7,21.4,27.6,0.1,11.9,25.9,306,19.79,961.8,loc_coimbatore,11.0168,76.9558,ECMWF_ERA5_Reanalysis
2015-02-27,33.0,20.9,26.5,36.9,23.9,29.0,0.7,9.5,27.0,248,22.01,962.1,loc_coimbatore,11.0168,76.9558,ECMWF_ERA5_Reanalysis
2015-02-28,32.6,21.0,26.1,36.8,23.5,28.6,0.0,10.1,25.2,259,19.42,962.5,loc_coimbatore,11.0168,76.9558,ECMWF_ERA5_Reanalysis
2015-03-01,33.0,21.5,26.5,36.9,24.8,29.3,0.0,13.4,31.0,244,21.56,962.8,loc_coimbatore,11.0168,76.9558,ECMWF_ERA5_Reanalysis
2015-03-02,31.7,22.8,25.8,36.0,26.8,29.3,3.4,8.9,29.5,221,19.06,964.0,loc_coimbatore,11.0168,76.9558,ECMWF_ERA5_Reanalysis
2015-03-03,30.4,21.8,25.4,34.6,25.5,29.1,4.9,7.0,21.6,231,18.11,963.7,loc_coimbatore,11.0168,76.9558,ECMWF_ERA5_Reanalysis
2015-03-04,31.9,21.9,25.7,36.1,25.3,29.1,1.8,13.0,29.2,228,19.91,963.5,loc_coimbatore,11.0168,76.9558,ECMWF_ERA5_Reanalysis
2015-03-05,32.4,21.3,26.7,36.1,24.9,30.0,0.0,7.0,25.9,64,21.37,963.8,loc_coimbatore,11.0168,76.9558,ECMWF_ERA5_Reanalysis
2015-03-06,32.5,21.6,26.7,35.8,24.7,29.6,1.4,9.7,32.4,37,21.84,965.1,loc_coimbatore,11.0168,76.9558,ECMWF_ERA5_Reanalysis
2015-03-07,31.3,21.8,26.3,35.8,25.2,29.6,5.7,8.2,31.0,42,18.78,964.8,loc_coimbatore,11.0168,76.9558,ECMWF_ERA5_Reanalysis
2015-03-08,31.8,22.2,26.4,34.5,25.2,28.8,0.3,10.8,32.4,58,21.69,965.3,loc_coimbatore,11.0168,76.9558,ECMWF_ERA5_Reanalysis
2015-03-09,32.2,20.5,26.3,34.1,22.8,28.0,0.0,10.6,33.1,49,23.75,966.0,loc_coimbatore,11.0168,76.9558,ECMWF_ERA5_Reanalysis
2015-03-10,32.7,21.0,26.9,33.9,23.0,27.9,0.0,12.4,33.8,62,24.39,965.8,loc_coimbatore,11.0168,76.9558,ECMWF_ERA5_Reanalysis
2015-03-11,32.9,19.4,26.0,33.4,20.3,26.4,0.0,12.8,33.8,67,26.43,965.3,loc_coimbatore,11.0168,76.9558,ECMWF_ERA5_Reanalysis
2015-03-12,32.5,20.0,26.2,33.6,21.3,27.2,0.0,14.2,38.2,64,24.06,965.5,loc_coimbatore,11.0168,76.9558,ECMWF_ERA5_Reanalysis
2015-03-13,33.0,20.8,26.6,34.5,22.5,27.8,0.0,12.8,35.3,66,25.81,965.0,loc_coimbatore,11.0168,76.9558,ECMWF_ERA5_Reanalysis
2015-03-14,32.4,20.5,25.9,33.4,22.8,27.7,5.2,12.3,33.5,72,21.91,966.1,loc_coimbatore,11.0168,76.9558,ECMWF_ERA5_Reanalysis
2015-03-15,31.3,21.9,25.3,34.7,24.9,28.6,10.1,11.1,32.8,49,19.02,966.0,loc_coimbatore,11.0168,76.9558,ECMWF_ERA5_Reanalysis
2015-03-16,31.3,21.9,25.4,35.4,25.1,28.8,5.4,10.6,33.5,43,19.91,966.0,loc_coimbatore,11.0168,76.9558,ECMWF_ERA5_Reanalysis
2015-03-17,32.8,21.3,26.5,34.7,24.4,28.6,0.0,11.2,29.2,64,24.82,964.8,loc_coimbatore,11.0168,76.9558,ECMWF_ERA5_Reanalysis
2015-03-18,34.1,21.1,27.1,36.4,22.5,28.7,0.0,8.5,21.6,341,26.37,963.4,loc_coimbatore,11.0168,76.9558,ECMWF_ERA5_Reanalysis
2015-03-19,34.4,20.8,26.9,35.6,24.1,28.4,0.0,10.7,27.0,27,26.33,963.4,loc_coimbatore,11.0168,76.9558,ECMWF_ERA5_Reanalysis
2015-03-20,34.0,21.0,26.7,34.7,21.8,27.2,0.0,12.1,32.0,43,27.24,964.4,loc_coimbatore,11.0168,76.9558,ECMWF_ERA5_Reanalysis
2015-03-21,34.1,20.7,26.6,34.8,20.9,26.9,0.0,12.3,33.8,46,27.23,965.4,loc_coimbatore,11.0168,76.9558,ECMWF_ERA5_Reanalysis
2015-03-22,35.5,19.6,27.3,35.6,19.6,27.0,0.0,11.9,33.5,22,27.56,964.6,loc_coimbatore,11.0168,76.9558,ECMWF_ERA5_Reanalysis
2015-03-23,35.4,21.1,28.4,36.3,23.4,29.6,0.0,12.1,27.7,249,23.47,963.1,loc_coimbatore,11.0168,76.9558,ECMWF_ERA5_Reanalysis
2015-03-24,36.2,23.5,29.2,36.9,25.9,30.9,0.0,12.4,33.1,22,24.49,962.3,loc_coimbatore,11.0168,76.9558,ECMWF_ERA5_Reanalysis
2015-03-25,35.1,23.4,28.7,36.3,25.4,29.7,0.0,13.4,34.6,38,26.2,962.9,loc_coimbatore,11.0168,76.9558,ECMWF_ERA5_Reanalysis
2015-03-26,34.2,21.5,27.5,35.3,23.2,28.5,0.0,13.0,34.6,49,26.73,964.3,loc_coimbatore,11.0168,76.9558,ECMWF_ERA5_Reanalysis
2015-03-27,34.8,21.1,27.8,35.5,22.4,28.3,0.0,12.0,33.5,57,27.21,964.8,loc_coimbatore,11.0168,76.9558,ECMWF_ERA5_Reanalysis
2015-03-28,34.3,20.7,27.7,35.5,22.1,28.4,0.0,10.3,31.3,53,26.1,963.9,loc_coimbatore,11.0168,76.9558,ECMWF_ERA5_Reanalysis
2015-03-29,35.1,21.6,28.4,37.1,24.4,29.7,0.0,10.6,29.9,48,25.15,962.7,loc_coimbatore,11.0168,76.9558,ECMWF_ERA5_Reanalysis
2015-03-30,34.7,22.5,28.7,36.9,25.5,30.6,0.4,10.0,29.2,59,24.06,962.6,loc_coimbatore,11.0168,76.9558,ECMWF_ERA5_Reanalysis
2015-03-31,34.2,23.8,28.7,36.8,26.9,31.3,0.0,6.6,24.8,29,21.78,962.8,loc_coimbatore,11.0168,76.9558,ECMWF_ERA5_Reanalysis
2015-04-01,33.7,24.0,28.1,37.9,27.3,31.3,0.5,10.2,26.6,345,18.93,962.9,loc_coimbatore,11.0168,76.9558,ECMWF_ERA5_Reanalysis
2015-04-02,35.5,24.2,28.5,39.7,28.4,32.0,0.0,14.0,36.4,245,22.19,962.4,loc_coimbatore,11.0168,76.9558,ECMWF_ERA5_Reanalysis
2015-04-03,35.8,24.4,29.3,39.6,28.2,32.1,0.0,14.3,36.0,247,22.2,960.6,loc_coimbatore,11.0168,76.9558,ECMWF_ERA5_Reanalysis
2015-04-04,36.7,24.6,29.7,40.6,28.7,33.0,1.2,10.4,28.1,247,22.04,959.1,loc_coimbatore,11.0168,76.9558,ECMWF_ERA5_Reanalysis
2015-04-05,36.0,25.0,30.5,39.2,29.7,33.7,0.0,9.1,25.9,249,21.25,959.4,loc_coimbatore,11.0168,76.9558,ECMWF_ERA5_Reanalysis
2015-04-06,34.6,24.9,28.6,38.8,28.2,32.1,0.2,16.5,38.9,244,21.64,960.2,loc_coimbatore,11.0168,76.9558,ECMWF_ERA5_Reanalysis
2015-04-07,37.3,24.4,29.6,39.4,28.1,32.3,0.0,19.9,42.1,235,23.64,960.5,loc_coimbatore,11.0168,76.9558,ECMWF_ERA5_Reanalysis
2015-04-08,35.4,23.6,28.8,38.6,27.9,32.0,0.0,10.0,28.8,239,22.69,962.0,loc_coimbatore,11.0168,76.9558,ECMWF_ERA5_Reanalysis
2015-04-09,36.0,24.2,28.9,39.9,28.6,32.6,0.7,9.5,28.8,237,23.35,962.5,loc_coimbatore,11.0168,76.9558,ECMWF_ERA5_Reanalysis
2015-04-10,34.5,24.1,28.6,38.1,28.5,31.9,0.6,14.8,32.4,236,21.96,963.1,loc_coimbatore,11.0168,76.9558,ECMWF_ERA5_Reanalysis
2015-04-11,35.5,24.0,28.3,38.2,27.9,31.4,0.0,16.9,39.2,236,22.82,963.4,loc_coimbatore,11.0168,76.9558,ECMWF_ERA5_Reanalysis
2015-04-12,33.7,23.2,27.5,36.9,27.4,30.6,1.3,16.9,39.6,243,20.32,964.4,loc_coimbatore,11.0168,76.9558,ECMWF_ERA5_Reanalysis
2015-04-13,29.6,21.9,24.7,33.7,25.6,28.3,18.1,10.0,23.8,77,15.79,964.6,loc_coimbatore,11.0168,76.9558,ECMWF_ERA5_Reanalysis
2015-04-14,31.8,21.6,25.4,36.8,24.6,28.8,2.1,13.9,33.5,265,21.99,963.1,loc_coimbatore,11.0168,76.9558,ECMWF_ERA5_Reanalysis
2015-04-15,30.5,21.3,24.9,35.0,25.1,28.6,4.2,8.5,25.9,192,20.27,962.9,loc_coimbatore,11.0168,76.9558,ECMWF_ERA5_Reanalysis
2015-04-16,30.2,21.7,24.6,35.6,25.8,28.3,7.7,8.4,23.8,211,17.42,964.4,loc_coimbatore,11.0168,76.9558,ECMWF_ERA5_Reanalysis
2015-04-17,31.1,21.8,26.0,36.0,25.8,29.7,4.6,12.2,24.5,251,21.45,963.3,loc_coimbatore,11.0168,76.9558,ECMWF_ERA5_Reanalysis
2015-04-18,32.3,22.0,26.7,36.9,26.0,30.4,1.3,9.0,23.0,247,22.59,961.3,loc_coimbatore,11.0168,76.9558,ECMWF_ERA5_Reanalysis
2015-04-19,32.2,22.8,26.6,37.0,27.0,30.8,4.1,5.4,23.0,263,21.66,961.1,loc_coimbatore,11.0168,76.9558,ECMWF_ERA5_Reanalysis
2015-04-20,32.0,23.5,27.0,37.4,28.0,31.5,2.6,5.7,21.6,246,20.02,962.4,loc_coimbatore,11.0168,76.9558,ECMWF_ERA5_Reanalysis
2015-04-21,31.9,23.4,26.5,35.9,27.5,30.8,6.9,6.4,27.0,54,19.26,962.9,loc_coimbatore,11.0168,76.9558,ECMWF_ERA5_Reanalysis
2015-04-22,30.6,23.1,26.6,33.3,27.4,30.1,0.0,10.0,22.0,239,16.17,962.4,loc_coimbatore,11.0168,76.9558,ECMWF_ERA5_Reanalysis
2015-04-23,33.1,23.9,27.2,37.5,27.8,30.7,1.4,14.2,35.6,240,21.61,962.3,loc_coimbatore,11.0168,76.9558,ECMWF_ERA5_Reanalysis
2015-04-24,32.8,23.9,27.7,38.0,28.5,31.7,4.0,8.7,25.2,247,22.18,962.7,loc_coimbatore,11.0168,76.9558,ECMWF_ERA5_Reanalysis
2015-04-25,31.4,23.2,26.7,36.1,27.3,30.5,3.7,8.4,24.8,242,18.8,962.3,loc_coimbatore,11.0168,76.9558,ECMWF_ERA5_Reanalysis
2015-04-26,33.0,23.0,26.9,37.6,27.1,30.7,1.6,10.7,25.6,252,21.21,962.3,loc_coimbatore,11.0168,76.9558,ECMWF_ERA5_Reanalysis
2015-04-27,33.2,23.8,27.5,36.8,27.4,31.0,1.3,8.8,29.2,47,22.54,963.2,loc_coimbatore,11.0168,76.9558,ECMWF_ERA5_Reanalysis
2015-04-28,33.4,23.2,27.5,38.2,27.0,31.3,0.1,10.7,26.3,243,22.77,963.1,loc_coimbatore,11.0168,76.9558,ECMWF_ERA5_Reanalysis
2015-04-29,35.9,22.9,28.4,39.6,26.9,31.7,0.0,15.5,34.9,239,25.09,962.4,loc_coimbatore,11.0168,76.9558,ECMWF_ERA5_Reanalysis
2015-04-30,34.9,23.7,27.9,38.9,27.6,31.2,1.4,16.4,41.4,245,23.15,963.0,loc_coimbatore,11.0168,76.9558,ECMWF_ERA5_Reanalysis
2015-05-01,35.6,23.7,28.4,39.0,27.3,31.8,1.1,14.6,35.6,249,23.34,962.2,loc_coimbatore,11.0168,76.9558,ECMWF_ERA5_Reanalysis
2015-05-02,34.7,24.1,28.5,37.7,27.3,31.2,1.4,16.3,39.2,246,23.67,962.1,loc_coimbatore,11.0168,76.9558,ECMWF_ERA5_Reanalysis
2015-05-03,33.5,23.9,27.8,36.7,27.3,31.0,1.3,12.7,35.3,248,20.57,961.6,loc_coimbatore,11.0168,76.9558,ECMWF_ERA5_Reanalysis
2015-05-04,34.1,24.0,28.0,38.2,28.0,31.8,0.4,14.3,36.0,238,21.42,961.8,loc_coimbatore,11.0168,76.9558,ECMWF_ERA5_Reanalysis
2015-05-05,34.7,24.0,28.1,37.5,28.8,31.8,0.0,11.6,28.8,227,20.81,961.4,loc_coimbatore,11.0168,76.9558,ECMWF_ERA5_Reanalysis
2015-05-06,33.3,23.6,26.8,37.5,28.1,30.9,7.2,11.8,31.7,239,18.37,960.7,loc_coimbatore,11.0168,76.9558,ECMWF_ERA5_Reanalysis
2015-05-07,32.5,23.8,27.0,37.4,27.9,30.9,6.6,11.1,29.5,243,19.18,961.6,loc_coimbatore,11.0168,76.9558,ECMWF_ERA5_Reanalysis
2015-05-08,33.4,23.9,27.7,38.7,27.9,31.6,1.5,10.8,25.2,247,19.08,961.0,loc_coimbatore,11.0168,76.9558,ECMWF_ERA5_Reanalysis
2015-05-09,32.0,24.1,27.1,36.1,27.7,30.4,2.1,12.7,32.4,245,16.62,959.7,loc_coimbatore,11.0168,76.9558,ECMWF_ERA5_Reanalysis
2015-05-10,32.6,23.9,27.5,37.8,27.8,31.3,2.5,12.7,28.1,239,16.38,959.9,loc_coimbatore,11.0168,76.9558,ECMWF_ERA5_Reanalysis
2015-05-11,31.0,23.5,25.6,34.3,28.0,29.9,6.2,13.8,33.5,286,11.19,961.3,loc_coimbatore,11.0168,76.9558,ECMWF_ERA5_Reanalysis
2015-05-12,30.9,23.3,26.4,33.8,26.9,29.9,4.4,10.6,38.9,66,16.52,961.1,loc_coimbatore,11.0168,76.9558,ECMWF_ERA5_Reanalysis
2015-05-13,27.6,22.5,24.5,31.2,26.3,28.4,23.2,10.4,34.6,35,12.45,960.1,loc_coimbatore,11.0168,76.9558,ECMWF_ERA5_Reanalysis
2015-05-14,26.4,22.5,24.0,31.2,26.5,28.6,18.5,7.2,20.2,39,7.14,960.1,loc_coimbatore,11.0168,76.9558,ECMWF_ERA5_Reanalysis
2015-05-15,29.1,22.8,25.2,34.1,27.5,29.7,5.2,10.5,29.5,228,14.68,960.7,loc_coimbatore,11.0168,76.9558,ECMWF_ERA5_Reanalysis
2015-05-16,27.9,23.2,24.7,32.6,26.5,29.1,15.9,11.2,30.2,250,12.18,959.7,loc_coimbatore,11.0168,76.9558,ECMWF_ERA5_Reanalysis
2015-05-17,26.8,22.5,23.7,30.5,26.3,28.0,142.1,13.7,35.6,256,8.79,958.9,loc_coimbatore,11.0168,76.9558,ECMWF_ERA5_Reanalysis
2015-05-18,28.7,22.9,24.7,33.1,26.5,28.2,8.4,16.6,36.0,254,14.18,959.5,loc_coimbatore,11.0168,76.9558,ECMWF_ERA5_Reanalysis
2015-05-19,29.5,23.4,25.6,33.0,26.8,28.9,0.0,20.8,46.8,245,18.45,960.3,loc_coimbatore,11.0168,76.9558,ECMWF_ERA5_Reanalysis
2015-05-20,30.7,23.5,26.3,35.1,27.0,29.7,0.2,20.0,46.1,241,20.58,960.7,loc_coimbatore,11.0168,76.9558,ECMWF_ERA5_Reanalysis
2015-05-21,30.6,24.3,26.8,34.4,27.0,29.7,0.0,21.6,49.3,242,24.01,961.2,loc_coimbatore,11.0168,76.9558,ECMWF_ERA5_Reanalysis
2015-05-22,30.0,23.5,26.2,33.3,26.0,29.0,0.0,21.4,49.3,241,17.87,961.3,loc_coimbatore,11.0168,76.9558,ECMWF_ERA5_Reanalysis
2015-05-23,30.1,24.0,26.3,33.2,26.8,29.2,0.5,22.4,49.3,242,19.99,961.4,loc_coimbatore,11.0168,76.9558,ECMWF_ERA5_Reanalysis
2015-05-24,31.4,23.9,26.7,35.3,27.0,29.8,0.0,20.8,49.7,242,22.27,961.7,loc_coimbatore,11.0168,76.9558,ECMWF_ERA5_Reanalysis
2015-05-25,32.0,23.8,27.3,35.0,26.9,30.3,0.0,18.4,42.8,240,24.84,961.6,loc_coimbatore,11.0168,76.9558,ECMWF_ERA5_Reanalysis
2015-05-26,32.2,24.0,27.3,36.2,27.8,30.6,0.0,17.3,44.6,239,25.1,961.6,loc_coimbatore,11.0168,76.9558,ECMWF_ERA5_Reanalysis
2015-05-27,31.7,23.5,27.2,35.2,26.5,30.3,0.0,19.2,44.3,242,23.16,961.0,loc_coimbatore,11.0168,76.9558,ECMWF_ERA5_Reanalysis
2015-05-28,32.2,24.2,27.4,37.6,28.1,31.4,3.4,13.5,35.6,243,20.9,960.0,loc_coimbatore,11.0168,76.9558,ECMWF_ERA5_Reanalysis
2015-05-29,30.8,23.8,26.6,33.7,26.9,29.5,1.9,20.8,47.9,242,21.41,959.8,loc_coimbatore,11.0168,76.9558,ECMWF_ERA5_Reanalysis
2015-05-30,31.7,23.4,26.6,36.5,27.3,30.3,1.7,15.9,36.4,241,20.83,959.9,loc_coimbatore,11.0168,76.9558,ECMWF_ERA5_Reanalysis
2015-05-31,31.8,24.1,26.4,36.0,27.4,29.6,1.6,24.1,54.7,242,20.8,959.5,loc_coimbatore,11.0168,76.9558,ECMWF_ERA5_Reanalysis
2015-06-01,29.9,23.5,25.7,32.4,26.5,28.6,1.8,19.2,46.1,246,16.66,959.4,loc_coimbatore,11.0168,76.9558,ECMWF_ERA5_Reanalysis
2015-06-02,30.3,23.6,26.3,33.4,26.3,29.1,0.3,15.1,37.4,246,18.13,960.4,loc_coimbatore,11.0168,76.9558,ECMWF_ERA5_Reanalysis
2015-06-03,32.1,23.3,27.0,36.5,27.2,30.2,1.0,14.2,29.9,244,20.78,959.5,loc_coimbatore,11.0168,76.9558,ECMWF_ERA5_Reanalysis
2015-06-04,30.4,23.3,25.6,34.3,27.1,29.1,6.4,16.4,38.5,245,17.06,959.7,loc_coimbatore,11.0168,76.9558,ECMWF_ERA5_Reanalysis
2015-06-05,30.1,22.3,25.8,33.2,25.6,28.7,0.7,19.6,47.2,247,20.52,960.7,loc_coimbatore,11.0168,76.9558,ECMWF_ERA5_Reanalysis
2015-06-06,32.4,22.8,27.1,35.3,25.8,29.9,0.0,16.9,42.1,246,23.01,959.9,loc_coimbatore,11.0168,76.9558,ECMWF_ERA5_Reanalysis
2015-06-07,31.6,23.8,26.6,34.0,26.3,28.8,0.6,21.3,49.3,249,21.98,960.0,loc_coimbatore,11.0168,76.9558,ECMWF_ERA5_Reanalysis
2015-06-08,30.3,23.3,25.6,32.2,25.6,27.6,0.3,23.2,52.9,247,19.21,960.7,loc_coimbatore,11.0168,76.9558,ECMWF_ERA5_Reanalysis
2015-06-09,31.3,23.2,26.3,34.1,25.9,28.7,1.0,20.8,49.3,242,21.7,961.2,loc_coimbatore,11.0168,76.9558,ECMWF_ERA5_Reanalysis
2015-06-10,31.5,23.1,26.4,35.5,25.9,29.3,4.4,16.6,32.4,242,18.26,960.6,loc_coimbatore,11.0168,76.9558,ECMWF_ERA5_Reanalysis
2015-06-11,30.0,23.3,25.2,33.6,25.9,27.9,6.8,22.6,52.2,242,15.61,960.3,loc_coimbatore,11.0168,76.9558,ECMWF_ERA5_Reanalysis
2015-06-12,27.8,22.3,24.7,29.3,24.5,26.7,0.1,20.6,47.5,239,14.17,960.5,loc_coimbatore,11.0168,76.9558,ECMWF_ERA5_Reanalysis
2015-06-13,30.2,22.8,25.5,32.2,25.1,27.4,0.9,19.4,45.0,240,18.03,959.8,loc_coimbatore,11.0168,76.9558,ECMWF_ERA5_Reanalysis
2015-06-14,30.9,22.2,25.6,32.9,24.2,27.5,0.1,20.3,49.3,239,20.49,959.4,loc_coimbatore,11.0168,76.9558,ECMWF_ERA5_Reanalysis
2015-06-15,29.6,22.7,25.3,31.6,25.4,27.4,1.7,20.1,47.9,240,17.84,959.4,loc_coimbatore,11.0168,76.9558,ECMWF_ERA5_Reanalysis
2015-06-16,28.9,22.4,24.3,30.5,24.7,26.3,1.3,19.7,49.0,239,13.08,959.1,loc_coimbatore,11.0168,76.9558,ECMWF_ERA5_Reanalysis
2015-06-17,25.9,21.2,22.9,27.9,23.3,24.9,9.6,18.1,42.1,235,7.68,958.0,loc_coimbatore,11.0168,76.9558,ECMWF_ERA5_Reanalysis
2015-06-18,25.5,20.9,22.4,27.4,22.7,24.4,12.0,18.7,44.6,236,7.09,958.2,loc_coimbatore,11.0168,76.9558,ECMWF_ERA5_Reanalysis
2015-06-19,26.4,21.4,23.4,27.8,23.7,25.3,0.8,23.0,57.2,237,12.87,958.2,loc_coimbatore,11.0168,76.9558,ECMWF_ERA5_Reanalysis
2015-06-20,27.3,21.7,23.9,28.3,23.2,25.5,0.0,24.2,57.6,239,15.36,957.9,loc_coimbatore,11.0168,76.9558,ECMWF_ERA5_Reanalysis
2015-06-21,27.1,21.3,23.2,28.8,23.0,25.0,9.8,26.4,79.6,236,14.9,958.2,loc_coimbatore,11.0168,76.9558,ECMWF_ERA5_Reanalysis
2015-06-22,26.6,21.7,23.7,28.2,23.5,25.4,4.8,26.2,65.5,237,13.81,959.2,loc_coimbatore,11.0168,76.9558,ECMWF_ERA5_Reanalysis
2015-06-23,26.6,21.7,23.7,28.0,23.3,25.4,3.0,27.9,63.0,238,15.41,960.2,loc_coimbatore,11.0168,76.9558,ECMWF_ERA5_Reanalysis
2015-06-24,27.5,22.2,24.0,29.2,24.3,26.0,1.3,26.4,60.8,237,17.2,961.4,loc_coimbatore,11.0168,76.9558,ECMWF_ERA5_Reanalysis
2015-06-25,27.8,22.2,24.3,29.5,24.1,26.1,0.7,26.6,58.3,237,18.48,961.2,loc_coimbatore,11.0168,76.9558,ECMWF_ERA5_Reanalysis
2015-06-26,27.3,21.8,23.7,29.0,23.3,25.5,2.0,28.4,67.7,235,13.85,960.1,loc_coimbatore,11.0168,76.9558,ECMWF_ERA5_Reanalysis
2015-06-27,28.5,22.0,24.3,29.5,23.9,25.8,0.0,26.9,61.2,238,17.07,960.2,loc_coimbatore,11.0168,76.9558,ECMWF_ERA5_Reanalysis
2015-06-28,29.6,22.1,25.1,31.7,23.7,26.9,0.0,24.3,51.8,239,21.04,961.7,loc_coimbatore,11.0168,76.9558,ECMWF_ERA5_Reanalysis
2015-06-29,28.7,22.7,24.7,31.1,25.4,27.0,0.3,22.0,50.4,239,17.95,962.8,loc_coimbatore,11.0168,76.9558,ECMWF_ERA5_Reanalysis
2015-06-30,29.3,22.5,25.2,31.1,25.2,27.5,0.0,17.4,41.8,238,17.84,962.6,loc_coimbatore,11.0168,76.9558,ECMWF_ERA5_Reanalysis
2015-07-01,30.0,22.4,25.5,32.2,25.0,27.9,0.4,19.2,45.4,240,21.12,963.0,loc_coimbatore,11.0168,76.9558,ECMWF_ERA5_Reanalysis
2015-07-02,30.2,22.4,25.6,32.6,25.4,28.3,0.4,19.3,45.7,240,21.22,963.4,loc_coimbatore,11.0168,76.9558,ECMWF_ERA5_Reanalysis
2015-07-03,30.8,22.4,25.6,33.3,25.1,27.9,0.1,20.7,49.3,239,21.59,963.3,loc_coimbatore,11.0168,76.9558,ECMWF_ERA5_Reanalysis
2015-07-04,30.8,22.7,26.1,33.4,25.7,28.5,0.7,18.1,46.1,238,21.57,962.9,loc_coimbatore,11.0168,76.9558,ECMWF_ERA5_Reanalysis
2015-07-05,30.5,22.8,25.8,32.6,25.7,28.2,0.2,20.1,47.9,238,21.6,961.6,loc_coimbatore,11.0168,76.9558,ECMWF_ERA5_Reanalysis
2015-07-06,31.0,21.9,25.7,32.5,24.1,27.4,0.2,21.3,50.8,239,23.8,961.0,loc_coimbatore,11.0168,76.9558,ECMWF_ERA5_Reanalysis
2015-07-07,30.4,21.5,25.3,31.7,23.6,26.8,0.0,24.0,54.4,238,23.48,960.3,loc_coimbatore,11.0168,76.9558,ECMWF_ERA5_Reanalysis
2015-07-08,30.8,22.5,25.6,32.4,24.9,27.4,0.5,22.2,52.2,240,21.23,960.9,loc_coimbatore,11.0168,76.9558,ECMWF_ERA5_Reanalysis
2015-07-09,29.4,22.6,25.0,31.4,25.4,27.1,0.2,22.5,54.0,237,17.01,961.6,loc_coimbatore,11.0168,76.9558,ECMWF_ERA5_Reanalysis
2015-07-10,27.8,22.7,24.5,30.0,25.3,26.8,0.2,18.7,46.4,231,12.57,960.0,loc_coimbatore,11.0168,76.9558,ECMWF_ERA5_Reanalysis
2015-07-11,30.8,22.4,25.3,32.6,24.9,27.5,0.1,19.8,48.2,234,19.19,960.1,loc_coimbatore,11.0168,76.9558,ECMWF_ERA5_Reanalysis
2015-07-12,31.1,22.1,25.8,32.7,24.7,27.9,0.1,18.5,44.6,235,21.1,960.4,loc_coimbatore,11.0168,76.9558,ECMWF_ERA5_Reanalysis
2015-07-13,31.1,22.0,26.0,33.5,24.9,28.4,0.5,18.5,43.9,238,22.98,959.9,loc_coimbatore,11.0168,76.9558,ECMWF_ERA5_Reanalysis
2015-07-14,30.9,22.6,25.9,33.9,25.4,28.3,3.1,20.3,48.2,238,21.08,959.0,loc_coimbatore,11.0168,76.9558,ECMWF_ERA5_Reanalysis
2015-07-15,29.9,22.0,24.3,32.0,24.4,26.7,3.8,18.8,47.5,236,12.02,958.2,loc_coimbatore,11.0168,76.9558,ECMWF_ERA5_Reanalysis
2015-07-16,29.6,22.0,24.5,31.8,24.7,26.6,1.6,22.2,51.5,238,15.49,957.5,loc_coimbatore,11.0168,76.9558,ECMWF_ERA5_Reanalysis
2015-07-17,28.7,22.3,24.4,29.9,24.3,26.1,0.6,25.3,56.9,237,16.23,958.2,loc_coimbatore,11.0168,76.9558,ECMWF_ERA5_Reanalysis
2015-07-18,25.9,22.0,23.1,28.0,24.4,25.4,11.6,19.3,50.4,231,9.06,959.7,loc_coimbatore,11.0168,76.9558,ECMWF_ERA5_Reanalysis
2015-07-19,24.1,21.6,22.5,27.2,23.9,25.2,20.5,18.8,52.2,236,6.75,959.9,loc_coimbatore,11.0168,76.9558,ECMWF_ERA5_Reanalysis
2015-07-20,26.7,20.7,22.8,27.7,22.5,24.8,5.5,21.0,49.0,237,10.31,958.6,loc_coimbatore,11.0168,76.9558,ECMWF_ERA5_Reanalysis
2015-07-21,28.7,21.8,24.1,31.4,24.4,26.4,3.9,19.7,45.7,234,16.69,959.0,loc_coimbatore,11.0168,76.9558,ECMWF_ERA5_Reanalysis
2015-07-22,28.5,21.9,24.2,31.8,24.5,26.5,2.5,20.7,48.6,235,18.21,959.8,loc_coimbatore,11.0168,76.9558,ECMWF_ERA5_Reanalysis
2015-07-23,27.8,21.5,23.6,29.8,23.6,25.4,3.2,22.7,50.0,237,16.33,960.6,loc_coimbatore,11.0168,76.9558,ECMWF_ERA5_Reanalysis
2015-07-24,26.8,21.7,23.4,28.6,23.9,25.7,16.4,19.0,50.8,235,13.31,961.9,loc_coimbatore,11.0168,76.9558,ECMWF_ERA5_Reanalysis
2015-07-25,27.9,21.8,23.6,30.4,24.1,25.8,6.1,19.2,45.0,238,14.35,961.7,loc_coimbatore,11.0168,76.9558,ECMWF_ERA5_Reanalysis
2015-07-26,27.9,21.8,23.9,29.8,23.9,25.8,0.0,21.4,49.3,237,16.01,962.0,loc_coimbatore,11.0168,76.9558,ECMWF_ERA5_Reanalysis
2015-07-27,28.5,22.0,24.7,30.8,24.8,27.2,0.4,18.1,42.1,236,17.86,962.5,loc_coimbatore,11.0168,76.9558,ECMWF_ERA5_Reanalysis
2015-07-28,29.6,21.8,25.1,32.5,24.9,28.0,2.4,15.3,40.0,238,20.71,963.0,loc_coimbatore,11.0168,76.9558,ECMWF_ERA5_Reanalysis
2015-07-29,30.2,22.1,25.5,33.3,25.2,28.3,0.0,15.9,38.2,237,23.95,962.7,loc_coimbatore,11.0168,76.9558,ECMWF_ERA5_Reanalysis
2015-07-30,29.9,21.5,25.1,32.7,24.3,27.5,0.2,16.4,39.6,237,21.36,962.5,loc_coimbatore,11.0168,76.9558,ECMWF_ERA5_Reanalysis
2015-07-31,29.1,21.9,25.0,32.3,24.8,27.5,4.8,14.5,38.2,238,19.69,962.0,loc_coimbatore,11.0168,76.9558,ECMWF_ERA5_Reanalysis
2015-08-01,27.9,22.2,24.4,31.0,25.5,27.2,11.5,17.1,37.1,236,15.87,962.8,loc_coimbatore,11.0168,76.9558,ECMWF_ERA5_Reanalysis
2015-08-02,26.4,21.7,23.6,28.9,24.8,26.5,10.6,15.3,34.9,238,13.31,962.9,loc_coimbatore,11.0168,76.9558,ECMWF_ERA5_Reanalysis
2015-08-03,27.8,21.7,24.0,30.9,24.3,26.4,4.9,19.8,45.0,238,19.21,962.1,loc_coimbatore,11.0168,76.9558,ECMWF_ERA5_Reanalysis
2015-08-04,28.9,21.8,24.4,30.8,24.4,26.5,0.2,22.1,52.2,237,20.34,961.5,loc_coimbatore,11.0168,76.9558,ECMWF_ERA5_Reanalysis
2015-08-05,28.7,22.1,24.3,30.9,24.1,26.0,0.4,21.5,51.1,237,17.77,961.5,loc_coimbatore,11.0168,76.9558,ECMWF_ERA5_Reanalysis
2015-08-06,30.0,21.9,25.2,32.6,24.0,27.2,0.0,19.5,47.9,236,21.55,960.4,loc_coimbatore,11.0168,76.9558,ECMWF_ERA5_Reanalysis
2015-08-07,29.6,22.4,25.1,31.3,25.1,27.0,0.0,21.6,52.9,236,18.86,960.3,loc_coimbatore,11.0168,76.9558,ECMWF_ERA5_Reanalysis
2015-08-08,30.5,22.4,25.5,31.8,25.0,27.5,0.0,22.6,51.5,237,21.69,960.2,loc_coimbatore,11.0168,76.9558,ECMWF_ERA5_Reanalysis
2015-08-09,29.6,22.4,25.1,31.5,24.6,27.1,0.6,19.5,47.5,237,19.09,958.7,loc_coimbatore,11.0168,76.9558,ECMWF_ERA5_Reanalysis
2015-08-10,28.6,22.2,24.4,30.8,24.5,26.5,5.9,21.1,50.0,237,14.72,958.3,loc_coimbatore,11.0168,76.9558,ECMWF_ERA5_Reanalysis
2015-08-11,29.5,22.0,24.8,31.4,24.5,26.6,1.4,20.6,51.5,240,17.88,959.7,loc_coimbatore,11.0168,76.9558,ECMWF_ERA5_Reanalysis
2015-08-12,28.8,22.3,24.6,30.1,24.4,26.4,0.0,20.9,49.7,237,15.05,960.8,loc_coimbatore,11.0168,76.9558,ECMWF_ERA5_Reanalysis
2015-08-13,29.3,22.5,25.0,30.6,25.1,27.0,0.0,20.1,46.4,234,15.64,960.7,loc_coimbatore,11.0168,76.9558,ECMWF_ERA5_Reanalysis
2015-08-14,29.6,22.2,25.4,31.8,25.1,27.9,1.2,16.5,39.6,236,19.06,960.9,loc_coimbatore,11.0168,76.9558,ECMWF_ERA5_Reanalysis
2015-08-15,30.1,22.5,25.8,33.4,25.6,28.3,2.9,18.4,41.8,237,21.15,961.3,loc_coimbatore,11.0168,76.9558,ECMWF_ERA5_Reanalysis
2015-08-16,29.8,22.5,24.8,33.6,25.8,28.0,11.3,12.3,29.5,233,15.19,962.3,loc_coimbatore,11.0168,76.9558,ECMWF_ERA5_Reanalysis
2015-08-17,30.2,22.4,25.4,35.8,26.3,29.7,11.3,8.6,30.2,242,18.91,961.0,loc_coimbatore,11.0168,76.9558,ECMWF_ERA5_Reanalysis
2015-08-18,30.8,22.6,25.5,36.0,26.7,30.2,16.8,6.9,22.0,217,21.11,961.1,loc_coimbatore,11.0168,76.9558,ECMWF_ERA5_Reanalysis
2015-08-19,30.3,22.6,25.5,36.4,26.5,29.7,5.4,13.2,30.6,251,21.11,962.1,loc_coimbatore,11.0168,76.9558,ECMWF_ERA5_Reanalysis
2015-08-20,30.2,22.7,25.9,33.2,25.8,28.5,0.0,18.4,41.0,247,21.92,962.9,loc_coimbatore,11.0168,76.9558,ECMWF_ERA5_Reanalysis
2015-08-21,29.0,22.8,25.1,31.0,25.4,27.4,0.3,18.0,47.9,244,17.81,962.9,loc_coimbatore,11.0168,76.9558,ECMWF_ERA5_Reanalysis
2015-08-22,26.0,22.4,23.5,28.8,25.6,26.6,8.2,13.0,32.4,240,9.47,962.1,loc_coimbatore,11.0168,76.9558,ECMWF_ERA5_Reanalysis
2015-08-23,27.1,22.0,23.8,28.7,25.0,26.5,6.0,18.1,41.8,236,12.6,962.1,loc_coimbatore,11.0168,76.9558,ECMWF_ERA5_Reanalysis
2015-08-24,29.4,21.9,24.9,32.6,24.5,27.5,0.5,15.5,38.9,238,21.72,962.6,loc_coimbatore,11.0168,76.9558,ECMWF_ERA5_Reanalysis
2015-08-25,30.0,21.8,25.1,33.6,24.7,27.8,0.1,18.1,43.2,236,23.83,961.8,loc_coimbatore,11.0168,76.9558,ECMWF_ERA5_Reanalysis
2015-08-26,29.8,21.7,25.0,32.6,24.4,27.2,0.0,17.6,41.0,236,20.6,960.7,loc_coimbatore,11.0168,76.9558,ECMWF_ERA5_Reanalysis
2015-08-27,28.8,21.8,24.9,30.8,24.5,26.9,0.3,21.3,50.0,239,21.2,960.3,loc_coimbatore,11.0168,76.9558,ECMWF_ERA5_Reanalysis
2015-08-28,30.4,21.3,25.1,32.5,23.2,27.1,0.0,19.0,45.4,241,24.09,961.1,loc_coimbatore,11.0168,76.9558,ECMWF_ERA5_Reanalysis
2015-08-29,30.4,21.6,25.5,33.0,23.7,27.6,0.0,18.8,45.0,241,23.2,961.0,loc_coimbatore,11.0168,76.9558,ECMWF_ERA5_Reanalysis
2015-08-30,30.3,21.7,25.4,32.8,24.3,27.7,0.1,19.4,46.1,241,22.99,961.7,loc_coimbatore,11.0168,76.9558,ECMWF_ERA5_Reanalysis
2015-08-31,30.8,22.2,25.8,33.9,24.8,28.5,0.9,14.8,39.6,244,22.31,962.2,loc_coimbatore,11.0168,76.9558,ECMWF_ERA5_Reanalysis
2015-09-01,31.2,22.6,26.2,34.6,26.0,29.2,0.4,16.3,41.0,242,23.32,961.4,loc_coimbatore,11.0168,76.9558,ECMWF_ERA5_Reanalysis
2015-09-02,31.9,22.7,26.5,35.5,26.0,29.5,0.1,17.2,39.6,240,23.64,960.8,loc_coimbatore,11.0168,76.9558,ECMWF_ERA5_Reanalysis
2015-09-03,31.5,23.1,26.5,35.2,26.7,29.8,0.4,11.9,33.1,240,19.83,961.4,loc_coimbatore,11.0168,76.9558,ECMWF_ERA5_Reanalysis
2015-09-04,31.9,23.0,26.5,35.8,27.2,30.0,1.9,16.1,39.2,240,21.61,963.2,loc_coimbatore,11.0168,76.9558,ECMWF_ERA5_Reanalysis
2015-09-05,29.0,23.1,25.7,32.7,27.5,29.4,4.6,10.9,30.2,237,15.56,964.0,loc_coimbatore,11.0168,76.9558,ECMWF_ERA5_Reanalysis
2015-09-06,29.9,22.5,25.3,32.6,26.1,28.0,4.1,19.0,41.4,245,17.23,963.8,loc_coimbatore,11.0168,76.9558,ECMWF_ERA5_Reanalysis
2015-09-07,28.1,22.2,24.2,29.3,24.9,26.3,3.4,18.6,45.4,250,13.07,963.9,loc_coimbatore,11.0168,76.9558,ECMWF_ERA5_Reanalysis
2015-09-08,26.7,21.3,23.3,27.5,23.5,25.1,3.6,20.5,46.8,250,10.93,963.5,loc_coimbatore,11.0168,76.9558,ECMWF_ERA5_Reanalysis
2015-09-09,27.4,21.7,23.9,28.7,24.5,25.8,1.8,22.0,50.0,245,15.6,963.0,loc_coimbatore,11.0168,76.9558,ECMWF_ERA5_Reanalysis
2015-09-10,29.8,22.2,25.0,31.8,24.7,26.9,0.0,21.7,50.4,241,20.89,962.8,loc_coimbatore,11.0168,76.9558,ECMWF_ERA5_Reanalysis
2015-09-11,30.7,21.6,25.1,32.8,24.0,26.9,0.1,22.5,51.5,241,22.95,962.3,loc_coimbatore,11.0168,76.9558,ECMWF_ERA5_Reanalysis
2015-09-12,30.5,22.2,25.3,32.1,24.3,27.1,0.1,21.3,52.6,242,20.44,962.2,loc_coimbatore,11.0168,76.9558,ECMWF_ERA5_Reanalysis
2015-09-13,31.2,22.2,25.9,32.5,24.4,27.4,0.0,21.8,50.4,239,22.73,962.9,loc_coimbatore,11.0168,76.9558,ECMWF_ERA5_Reanalysis
2015-09-14,30.6,22.4,25.6,31.2,24.2,26.7,0.0,24.0,55.4,239,21.66,962.4,loc_coimbatore,11.0168,76.9558,ECMWF_ERA5_Reanalysis
2015-09-15,29.7,22.1,25.1,30.2,23.2,26.0,0.0,25.8,58.7,239,18.46,960.9,loc_coimbatore,11.0168,76.9558,ECMWF_ERA5_Reanalysis
2015-09-16,30.8,22.2,25.4,32.2,23.6,26.7,0.1,23.5,55.4,240,21.34,959.3,loc_coimbatore,11.0168,76.9558,ECMWF_ERA5_Reanalysis
2015-09-17,31.0,22.6,25.6,33.1,25.3,27.6,0.1,22.8,50.4,238,18.82,958.6,loc_coimbatore,11.0168,76.9558,ECMWF_ERA5_Reanalysis
2015-09-18,31.9,22.7,26.1,33.8,24.9,28.0,0.0,20.0,47.5,239,20.57,959.1,loc_coimbatore,11.0168,76.9558,ECMWF_ERA5_Reanalysis
2015-09-19,30.4,22.7,25.4,32.2,25.1,27.4,0.7,20.0,47.5,240,18.53,959.9,loc_coimbatore,11.0168,76.9558,ECMWF_ERA5_Reanalysis
2015-09-20,29.4,22.6,25.1,30.5,24.9,26.9,1.0,22.2,52.6,243,17.2,960.0,loc_coimbatore,11.0168,76.9558,ECMWF_ERA5_Reanalysis
2015-09-21,32.1,21.5,26.1,34.7,24.2,28.3,0.0,16.5,40.7,244,23.76,960.7,loc_coimbatore,11.0168,76.9558,ECMWF_ERA5_Reanalysis
2015-09-22,32.5,22.2,26.4,35.2,25.1,28.7,0.2,17.4,40.0,245,21.41,961.2,loc_coimbatore,11.0168,76.9558,ECMWF_ERA5_Reanalysis
2015-09-23,33.0,22.8,26.9,36.3,26.3,30.1,1.6,13.7,37.1,246,20.47,962.3,loc_coimbatore,11.0168,76.9558,ECMWF_ERA5_Reanalysis
2015-09-24,32.3,23.0,26.4,37.0,27.4,30.3,10.3,13.6,32.8,243,18.57,962.0,loc_coimbatore,11.0168,76.9558,ECMWF_ERA5_Reanalysis
2015-09-25,32.2,22.1,26.4,36.2,25.9,29.9,0.7,15.5,37.1,245,22.2,960.9,loc_coimbatore,11.0168,76.9558,ECMWF_ERA5_Reanalysis
2015-09-26,32.1,23.2,26.8,36.4,26.5,30.1,4.3,13.6,34.9,248,21.79,961.1,loc_coimbatore,11.0168,76.9558,ECMWF_ERA5_Reanalysis
2015-09-27,31.7,22.7,26.2,36.2,26.5,29.6,11.2,13.9,32.4,248,20.51,961.2,loc_coimbatore,11.0168,76.9558,ECMWF_ERA5_Reanalysis
2015-09-28,30.5,23.2,26.2,34.4,27.2,29.8,5.3,14.8,33.5,245,16.69,960.3,loc_coimbatore,11.0168,76.9558,ECMWF_ERA5_Reanalysis
2015-09-29,30.8,22.3,25.1,36.2,27.0,29.6,17.6,9.5,27.0,235,16.71,960.0,loc_coimbatore,11.0168,76.9558,ECMWF_ERA5_Reanalysis
2015-09-30,28.0,22.2,24.4,31.7,26.4,28.5,16.0,7.5,28.8,43,15.25,961.4,loc_coimbatore,11.0168,76.9558,ECMWF_ERA5_Reanalysis
2015-10-01,28.3,21.9,24.5,32.1,26.3,28.5,6.5,7.9,24.1,235,14.28,962.7,loc_coimbatore,11.0168,76.9558,ECMWF_ERA5_Reanalysis
2015-10-02,29.6,22.1,25.2,32.3,25.3,27.9,0.1,17.9,40.3,244,18.9,964.2,loc_coimbatore,11.0168,76.9558,ECMWF_ERA5_Reanalysis
2015-10-03,28.8,22.8,25.0,31.8,25.6,27.7,2.0,16.8,39.6,243,17.51,964.7,loc_coimbatore,11.0168,76.9558,ECMWF_ERA5_Reanalysis
2015-10-04,28.1,22.7,24.5,30.9,26.0,27.5,0.8,16.0,37.4,240,12.64,964.1,loc_coimbatore,11.0168,76.9558,ECMWF_ERA5_Reanalysis
2015-10-05,24.9,21.8,22.8,28.1,24.6,25.9,20.4,14.5,32.4,242,8.96,963.1,loc_coimbatore,11.0168,76.9558,ECMWF_ERA5_Reanalysis
2015-10-06,28.7,21.5,24.0,31.4,24.1,26.6,2.7,18.4,41.0,244,16.28,961.8,loc_coimbatore,11.0168,76.9558,ECMWF_ERA5_Reanalysis
2015-10-07,29.5,21.3,24.8,32.1,24.2,27.2,0.0,19.5,43.9,249,20.96,962.0,loc_coimbatore,11.0168,76.9558,ECMWF_ERA5_Reanalysis
2015-10-08,28.8,21.9,24.8,31.4,24.7,27.1,0.1,21.3,49.0,248,19.38,962.6,loc_coimbatore,11.0168,76.9558,ECMWF_ERA5_Reanalysis
2015-10-09,28.1,22.5,24.5,30.2,24.9,26.7,0.3,21.5,49.7,245,17.22,962.7,loc_coimbatore,11.0168,76.9558,ECMWF_ERA5_Reanalysis
2015-10-10,28.7,22.4,24.9,31.0,25.0,27.3,0.5,19.5,47.5,248,18.36,963.2,loc_coimbatore,11.0168,76.9558,ECMWF_ERA5_Reanalysis
2015-10-11,30.1,22.7,25.4,34.5,25.7,28.7,2.2,16.3,37.4,248,19.57,963.9,loc_coimbatore,11.0168,76.9558,ECMWF_ERA5_Reanalysis
2015-10-12,29.0,22.8,25.1,34.3,27.0,29.5,13.8,7.2,21.2,261,14.97,964.3,loc_coimbatore,11.0168,76.9558,ECMWF_ERA5_Reanalysis
2015-10-13,29.7,21.8,25.2,33.6,25.9,29.1,5.4,7.3,28.8,68,18.49,964.0,loc_coimbatore,11.0168,76.9558,ECMWF_ERA5_Reanalysis
2015-10-14,30.5,21.5,25.8,33.6,25.0,28.7,0.0,10.6,33.5,48,22.5,964.2,loc_coimbatore,11.0168,76.9558,ECMWF_ERA5_Reanalysis
2015-10-15,31.1,20.7,25.9,34.6,23.2,28.4,0.0,8.7,27.7,46,22.95,963.9,loc_coimbatore,11.0168,76.9558,ECMWF_ERA5_Reanalysis
2015-10-16,31.2,21.4,26.2,34.3,23.9,28.9,0.0,8.5,27.0,62,21.84,963.9,loc_coimbatore,11.0168,76.9558,ECMWF_ERA5_Reanalysis
2015-10-17,31.4,21.4,26.7,34.3,24.3,29.1,0.0,10.9,29.5,65,22.03,964.4,loc_coimbatore,11.0168,76.9558,ECMWF_ERA5_Reanalysis
2015-10-18,31.6,21.4,26.1,35.0,23.9,29.2,1.7,9.7,32.4,60,20.9,964.9,loc_coimbatore,11.0168,76.9558,ECMWF_ERA5_Reanalysis
2015-10-19,30.7,22.5,25.9,35.1,26.1,29.4,5.2,12.0,34.2,58,18.72,964.7,loc_coimbatore,11.0168,76.9558,ECMWF_ERA5_Reanalysis
2015-10-20,30.6,22.0,25.9,33.6,25.9,29.5,1.2,10.2,34.6,52,19.05,963.3,loc_coimbatore,11.0168,76.9558,ECMWF_ERA5_Reanalysis
2015-10-21,30.9,22.1,26.2,33.5,25.3,29.1,0.7,11.3,30.6,56,20.26,962.8,loc_coimbatore,11.0168,76.9558,ECMWF_ERA5_Reanalysis
2015-10-22,31.6,22.4,26.6,33.7,25.6,29.3,0.0,12.5,32.0,58,20.35,963.4,loc_coimbatore,11.0168,76.9558,ECMWF_ERA5_Reanalysis
2015-10-23,32.1,22.8,27.0,35.3,26.0,29.7,0.0,5.8,24.1,117,22.02,963.2,loc_coimbatore,11.0168,76.9558,ECMWF_ERA5_Reanalysis
2015-10-24,31.6,22.3,26.2,34.6,25.6,29.6,4.4,11.5,32.8,80,20.9,962.9,loc_coimbatore,11.0168,76.9558,ECMWF_ERA5_Reanalysis
2015-10-25,30.9,22.4,26.1,32.7,26.1,28.4,5.2,12.2,32.0,71,22.28,963.9,loc_coimbatore,11.0168,76.9558,ECMWF_ERA5_Reanalysis
2015-10-26,30.6,22.1,25.7,32.5,23.7,27.8,0.1,10.5,31.0,71,19.18,964.4,loc_coimbatore,11.0168,76.9558,ECMWF_ERA5_Reanalysis
2015-10-27,30.2,22.0,25.9,33.4,25.5,28.8,0.2,8.4,20.5,250,17.3,964.3,loc_coimbatore,11.0168,76.9558,ECMWF_ERA5_Reanalysis
2015-10-28,30.7,22.4,25.4,34.3,25.6,28.8,8.5,8.0,30.6,76,15.16,964.1,loc_coimbatore,11.0168,76.9558,ECMWF_ERA5_Reanalysis
2015-10-29,30.2,21.4,25.5,33.8,25.2,29.0,2.6,9.7,28.8,71,19.85,963.2,loc_coimbatore,11.0168,76.9558,ECMWF_ERA5_Reanalysis
2015-10-30,31.2,22.3,26.1,34.2,26.0,29.7,4.9,9.6,31.7,82,19.58,962.3,loc_coimbatore,11.0168,76.9558,ECMWF_ERA5_Reanalysis
2015-10-31,28.9,22.7,24.7,32.7,26.6,28.6,12.9,10.4,31.3,74,14.46,962.3,loc_coimbatore,11.0168,76.9558,ECMWF_ERA5_Reanalysis
2015-11-01,25.8,22.0,23.2,29.6,25.3,27.1,41.0,8.0,23.4,352,7.47,962.9,loc_coimbatore,11.0168,76.9558,ECMWF_ERA5_Reanalysis
2015-11-02,26.7,21.7,23.7,31.6,25.6,27.9,14.1,6.5,24.1,152,10.8,964.2,loc_coimbatore,11.0168,76.9558,ECMWF_ERA5_Reanalysis
2015-11-03,28.3,21.7,24.2,32.2,25.6,28.3,9.0,9.4,22.3,236,14.27,964.5,loc_coimbatore,11.0168,76.9558,ECMWF_ERA5_Reanalysis
2015-11-04,28.2,22.3,24.4,34.3,26.2,28.9,15.4,6.0,20.9,115,16.51,964.0,loc_coimbatore,11.0168,76.9558,ECMWF_ERA5_Reanalysis
2015-11-05,26.3,21.9,23.2,30.2,26.0,27.3,33.8,9.7,19.8,242,8.96,963.8,loc_coimbatore,11.0168,76.9558,ECMWF_ERA5_Reanalysis
2015-11-06,28.5,21.1,24.8,31.6,24.6,28.3,0.0,10.2,28.4,66,18.84,962.6,loc_coimbatore,11.0168,76.9558,ECMWF_ERA5_Reanalysis
2015-11-07,27.8,22.2,24.5,30.6,25.5,27.9,3.6,12.6,31.3,61,17.14,963.1,loc_coimbatore,11.0168,76.9558,ECMWF_ERA5_Reanalysis
2015-11-08,26.9,21.6,23.7,29.6,25.6,27.5,9.4,11.2,33.1,92,11.71,963.2,loc_coimbatore,11.0168,76.9558,ECMWF_ERA5_Reanalysis
2015-11-09,25.1,21.6,23.0,28.4,25.0,26.4,3.1,11.9,29.5,244,6.01,961.4,loc_coimbatore,11.0168,76.9558,ECMWF_ERA5_Reanalysis
2015-11-10,23.4,20.9,22.1,26.3,23.1,24.9,14.8,10.0,34.9,239,5.63,959.9,loc_coimbatore,11.0168,76.9558,ECMWF_ERA5_Reanalysis
2015-11-11,25.2,20.6,22.9,29.4,23.6,26.7,9.4,5.0,22.0,231,11.05,961.2,loc_coimbatore,11.0168,76.9558,ECMWF_ERA5_Reanalysis
2015-11-12,27.6,21.2,24.2,31.8,24.8,28.1,3.0,10.5,27.4,59,17.59,963.9,loc_coimbatore,11.0168,76.9558,ECMWF_ERA5_Reanalysis
2015-11-13,25.5,21.0,23.3,28.9,24.3,27.0,4.1,10.1,29.5,88,8.76,964.7,loc_coimbatore,11.0168,76.9558,ECMWF_ERA5_Reanalysis
2015-11-14,24.3,19.0,21.6,26.1,21.0,23.6,1.6,9.5,30.2,81,9.01,963.0,loc_coimbatore,11.0168,76.9558,ECMWF_ERA5_Reanalysis
2015-11-15,22.6,19.0,20.5,25.5,21.6,23.3,48.7,8.3,24.5,90,5.28,961.3,loc_coimbatore,11.0168,76.9558,ECMWF_ERA5_Reanalysis
2015-11-16,26.2,19.8,22.5,29.1,23.2,26.0,6.3,6.4,24.8,241,10.24,960.1,loc_coimbatore,11.0168,76.9558,ECMWF_ERA5_Reanalysis
2015-11-17,26.8,21.6,23.8,30.9,25.4,27.9,4.3,4.3,19.4,339,13.46,960.2,loc_coimbatore,11.0168,76.9558,ECMWF_ERA5_Reanalysis
2015-11-18,26.7,22.2,23.9,29.6,26.3,27.5,1.8,9.5,23.4,79,11.59,961.3,loc_coimbatore,11.0168,76.9558,ECMWF_ERA5_Reanalysis
2015-11-19,26.3,22.1,23.6,31.0,25.8,27.6,18.8,8.9,23.4,75,13.43,962.2,loc_coimbatore,11.0168,76.9558,ECMWF_ERA5_Reanalysis
2015-11-20,26.1,21.5,23.1,30.0,25.0,26.8,24.6,10.7,31.7,52,12.12,962.4,loc_coimbatore,11.0168,76.9558,ECMWF_ERA5_Reanalysis
2015-11-21,27.1,21.3,23.4,30.4,24.7,26.6,5.7,14.7,37.8,55,15.94,962.5,loc_coimbatore,11.0168,76.9558,ECMWF_ERA5_Reanalysis
2015-11-22,24.2,21.7,22.5,26.8,24.3,25.5,11.2,16.1,43.2,51,5.99,962.5,loc_coimbatore,11.0168,76.9558,ECMWF_ERA5_Reanalysis
2015-11-23,26.2,21.4,23.2,28.8,24.5,26.3,2.0,13.4,33.8,51,13.12,963.7,loc_coimbatore,11.0168,76.9558,ECMWF_ERA5_Reanalysis
2015-11-24,26.8,21.4,23.6,29.6,24.7,26.7,2.2,12.8,32.0,57,15.28,963.9,loc_coimbatore,11.0168,76.9558,ECMWF_ERA5_Reanalysis
2015-11-25,27.2,19.7,23.2,30.2,22.1,25.8,0.2,12.9,32.0,60,19.44,963.7,loc_coimbatore,11.0168,76.9558,ECMWF_ERA5_Reanalysis
2015-11-26,27.7,18.9,23.5,31.2,20.3,26.0,0.0,8.1,27.0,52,21.04,963.9,loc_coimbatore,11.0168,76.9558,ECMWF_ERA5_Reanalysis
2015-11-27,27.7,19.9,24.1,30.8,21.9,27.0,0.0,11.4,28.1,74,17.66,963.0,loc_coimbatore,11.0168,76.9558,ECMWF_ERA5_Reanalysis
2015-11-28,27.5,20.7,24.0,30.5,22.9,26.9,0.0,9.0,23.4,79,17.06,964.2,loc_coimbatore,11.0168,76.9558,ECMWF_ERA5_Reanalysis
2015-11-29,27.1,19.1,23.0,29.1,20.8,25.3,2.3,14.0,35.3,54,17.47,965.0,loc_coimbatore,11.0168,76.9558,ECMWF_ERA5_Reanalysis
2015-11-30,26.1,21.5,23.1,29.1,24.7,26.5,26.9,10.8,26.3,56,9.32,965.1,loc_coimbatore,11.0168,76.9558,ECMWF_ERA5_Reanalysis
2015-12-01,25.3,21.5,23.1,28.5,25.1,26.7,8.2,11.5,31.3,61,7.91,963.6,loc_coimbatore,11.0168,76.9558,ECMWF_ERA5_Reanalysis
2015-12-02,24.9,21.5,22.8,28.8,25.6,26.7,2.4,5.5,16.9,74,6.87,963.3,loc_coimbatore,11.0168,76.9558,ECMWF_ERA5_Reanalysis
2015-12-03,25.2,21.3,22.7,28.1,24.9,26.2,3.0,12.4,27.4,65,7.53,963.8,loc_coimbatore,11.0168,76.9558,ECMWF_ERA5_Reanalysis
2015-12-04,27.3,20.9,23.8,29.8,24.0,26.5,0.4,16.7,37.1,70,15.76,963.2,loc_coimbatore,11.0168,76.9558,ECMWF_ERA5_Reanalysis
2015-12-05,25.7,21.1,22.9,27.6,23.2,25.5,6.1,14.5,44.6,55,11.29,963.2,loc_coimbatore,11.0168,76.9558,ECMWF_ERA5_Reanalysis
2015-12-06,25.2,21.7,22.9,26.8,23.9,25.3,4.6,20.2,50.4,45,9.15,963.5,loc_coimbatore,11.0168,76.9558,ECMWF_ERA5_Reanalysis
2015-12-07,24.1,21.3,22.6,26.9,24.5,25.5,4.7,11.3,29.9,53,6.29,964.2,loc_coimbatore,11.0168,76.9558,ECMWF_ERA5_Reanalysis
2015-12-08,24.5,20.8,22.3,26.7,23.7,25.1,4.1,10.1,31.7,66,9.1,965.1,loc_coimbatore,11.0168,76.9558,ECMWF_ERA5_Reanalysis
2015-12-09,25.9,21.2,23.1,27.9,23.3,25.6,0.0,15.3,36.0,53,12.42,965.1,loc_coimbatore,11.0168,76.9558,ECMWF_ERA5_Reanalysis
2015-12-10,27.2,21.3,23.8,31.1,24.4,27.1,2.2,14.1,34.6,61,17.56,964.9,loc_coimbatore,11.0168,76.9558,ECMWF_ERA5_Reanalysis
2015-12-11,27.0,21.1,23.5,31.3,24.6,27.3,1.2,9.5,29.9,60,14.31,964.2,loc_coimbatore,11.0168,76.9558,ECMWF_ERA5_Reanalysis
2015-12-12,25.8,21.3,23.1,29.2,24.7,26.7,5.0,11.4,28.8,66,10.43,963.3,loc_coimbatore,11.0168,76.9558,ECMWF_ERA5_Reanalysis
2015-12-13,27.6,20.7,23.9,30.4,24.0,27.4,0.6,9.7,26.6,54,14.99,963.4,loc_coimbatore,11.0168,76.9558,ECMWF_ERA5_Reanalysis
2015-12-14,27.9,21.7,24.1,32.4,25.4,28.1,3.0,6.8,21.2,60,17.31,964.0,loc_coimbatore,11.0168,76.9558,ECMWF_ERA5_Reanalysis
2015-12-15,27.6,21.1,23.7,31.8,24.7,27.5,10.6,9.4,25.6,70,14.83,964.0,loc_coimbatore,11.0168,76.9558,ECMWF_ERA5_Reanalysis
2015-12-16,27.6,21.0,23.8,30.7,23.5,27.3,1.3,9.7,23.4,84,15.45,964.5,loc_coimbatore,11.0168,76.9558,ECMWF_ERA5_Reanalysis
2015-12-17,26.5,17.5,21.9,28.4,18.9,23.8,0.0,12.2,32.0,56,20.26,964.3,loc_coimbatore,11.0168,76.9558,ECMWF_ERA5_Reanalysis
2015-12-18,26.4,19.3,23.1,29.0,20.4,25.4,0.4,12.0,29.5,56,16.39,965.1,loc_coimbatore,11.0168,76.9558,ECMWF_ERA5_Reanalysis
2015-12-19,27.1,20.0,23.0,30.0,22.8,25.7,0.6,13.5,33.5,62,16.34,966.6,loc_coimbatore,11.0168,76.9558,ECMWF_ERA5_Reanalysis
2015-12-20,26.8,19.8,23.2,28.6,22.5,25.7,0.5,14.8,34.9,50,16.32,966.5,loc_coimbatore,11.0168,76.9558,ECMWF_ERA5_Reanalysis
2015-12-21,27.5,18.9,22.8,30.1,20.9,25.0,0.1,12.0,29.9,59,20.09,966.4,loc_coimbatore,11.0168,76.9558,ECMWF_ERA5_Reanalysis
2015-12-22,27.6,17.9,22.3,29.5,18.8,23.8,0.0,11.0,28.1,52,21.62,966.7,loc_coimbatore,11.0168,76.9558,ECMWF_ERA5_Reanalysis
2015-12-23,26.9,18.2,22.1,28.5,19.3,23.7,0.0,13.1,31.7,46,19.65,966.9,loc_coimbatore,11.0168,76.9558,ECMWF_ERA5_Reanalysis
2015-12-24,27.1,19.3,22.8,29.3,20.5,24.5,0.0,12.1,30.6,54,19.59,966.1,loc_coimbatore,11.0168,76.9558,ECMWF_ERA5_Reanalysis
2015-12-25,27.1,18.5,22.4,28.6,19.8,23.8,0.0,14.0,33.5,52,19.76,965.9,loc_coimbatore,11.0168,76.9558,ECMWF_ERA5_Reanalysis
2015-12-26,27.1,16.5,22.5,28.0,17.0,23.5,0.0,16.3,39.6,48,19.67,966.1,loc_coimbatore,11.0168,76.9558,ECMWF_ERA5_Reanalysis
2015-12-27,26.1,17.4,22.1,27.1,18.4,23.4,0.2,17.6,39.6,56,13.66,966.9,loc_coimbatore,11.0168,76.9558,ECMWF_ERA5_Reanalysis
2015-12-28,26.4,19.2,22.5,26.8,20.7,23.9,0.0,19.3,43.9,61,14.21,968.2,loc_coimbatore,11.0168,76.9558,ECMWF_ERA5_Reanalysis
2015-12-29,27.7,17.4,22.4,29.8,18.1,24.0,0.0,15.7,37.8,52,18.32,967.2,loc_coimbatore,11.0168,76.9558,ECMWF_ERA5_Reanalysis
2015-12-30,28.0,18.6,22.6,28.5,19.0,23.6,0.0,14.4,34.9,53,21.58,966.1,loc_coimbatore,11.0168,76.9558,ECMWF_ERA5_Reanalysis
2015-12-31,27.0,16.2,21.4,27.2,16.2,21.7,0.0,16.9,40.7,53,21.77,966.5,loc_coimbatore,11.0168,76.9558,ECMWF_ERA5_Reanalysis
2016-01-01,26.7,15.6,20.9,26.9,15.9,21.3,0.0,16.7,40.7,51,20.63,967.9,loc_coimbatore,11.0168,76.9558,ECMWF_ERA5_Reanalysis
2016-01-02,27.5,16.7,21.6,27.3,17.0,21.7,0.0,14.6,36.7,50,22.01,968.5,loc_coimbatore,11.0168,76.9558,ECMWF_ERA5_Reanalysis
2016-01-03,28.0,16.7,22.0,27.6,16.7,21.8,0.0,14.6,36.0,50,22.37,967.4,loc_coimbatore,11.0168,76.9558,ECMWF_ERA5_Reanalysis
2016-01-04,27.8,17.7,22.2,27.6,17.1,21.8,0.0,14.5,36.4,49,22.24,967.3,loc_coimbatore,11.0168,76.9558,ECMWF_ERA5_Reanalysis
2016-01-05,27.8,18.6,22.5,28.7,19.1,23.0,0.0,11.4,31.3,53,21.91,966.7,loc_coimbatore,11.0168,76.9558,ECMWF_ERA5_Reanalysis
2016-01-06,28.0,19.6,23.1,29.0,20.8,24.2,0.0,12.6,32.0,59,18.39,966.3,loc_coimbatore,11.0168,76.9558,ECMWF_ERA5_Reanalysis
2016-01-07,27.2,18.3,22.5,27.4,19.9,23.6,0.0,14.1,34.6,62,17.0,967.2,loc_coimbatore,11.0168,76.9558,ECMWF_ERA5_Reanalysis
2016-01-08,27.8,17.7,22.9,28.7,19.2,24.2,0.0,13.4,33.1,72,17.5,967.2,loc_coimbatore,11.0168,76.9558,ECMWF_ERA5_Reanalysis
2016-01-09,28.1,17.8,22.7,28.9,19.0,23.3,0.0,13.3,32.8,68,20.57,965.5,loc_coimbatore,11.0168,76.9558,ECMWF_ERA5_Reanalysis
2016-01-10,28.0,17.1,22.2,28.9,17.8,22.8,0.0,13.0,33.5,67,21.61,966.3,loc_coimbatore,11.0168,76.9558,ECMWF_ERA5_Reanalysis
2016-01-11,28.1,17.0,22.2,28.6,17.9,22.5,0.0,13.8,33.8,68,21.53,966.5,loc_coimbatore,11.0168,76.9558,ECMWF_ERA5_Reanalysis
2016-01-12,28.6,16.9,22.5,29.6,17.4,23.1,0.0,11.8,31.7,69,21.84,965.2,loc_coimbatore,11.0168,76.9558,ECMWF_ERA5_Reanalysis
2016-01-13,28.0,18.0,22.5,29.0,18.6,23.1,0.0,12.3,29.5,67,18.76,964.9,loc_coimbatore,11.0168,76.9558,ECMWF_ERA5_Reanalysis
2016-01-14,28.6,17.3,22.6,29.7,18.0,23.1,0.0,13.7,34.2,66,22.02,964.7,loc_coimbatore,11.0168,76.9558,ECMWF_ERA5_Reanalysis
2016-01-15,28.3,16.4,22.3,29.5,16.8,22.9,0.0,11.6,30.2,69,21.63,964.3,loc_coimbatore,11.0168,76.9558,ECMWF_ERA5_Reanalysis
2016-01-16,28.9,18.0,23.2,30.5,18.8,24.5,0.0,7.8,24.8,82,20.79,963.7,loc_coimbatore,11.0168,76.9558,ECMWF_ERA5_Reanalysis
2016-01-17,29.2,17.8,23.7,30.5,19.0,24.8,0.0,9.7,26.6,77,20.29,963.5,loc_coimbatore,11.0168,76.9558,ECMWF_ERA5_Reanalysis
2016-01-18,29.4,17.5,23.4,31.1,18.7,24.8,0.0,10.7,27.7,81,20.63,962.8,loc_coimbatore,11.0168,76.9558,ECMWF_ERA5_Reanalysis
2016-01-19,29.9,19.0,24.4,31.8,20.8,26.1,0.0,10.5,29.9,67,19.07,963.0,loc_coimbatore,11.0168,76.9558,ECMWF_ERA5_Reanalysis
2016-01-20,27.4,21.7,24.1,29.3,23.6,26.4,0.0,11.3,30.2,62,12.82,964.1,loc_coimbatore,11.0168,76.9558,ECMWF_ERA5_Reanalysis
2016-01-21,28.4,21.5,24.3,32.0,24.9,27.5,2.2,9.5,26.3,58,14.27,964.7,loc_coimbatore,11.0168,76.9558,ECMWF_ERA5_Reanalysis
2016-01-22,29.1,21.4,24.3,30.9,23.6,26.3,0.9,15.0,37.4,76,17.79,965.3,loc_coimbatore,11.0168,76.9558,ECMWF_ERA5_Reanalysis
2016-01-23,29.1,19.8,24.0,30.0,21.9,25.6,0.3,15.1,37.1,65,17.95,966.0,loc_coimbatore,11.0168,76.9558,ECMWF_ERA5_Reanalysis
2016-01-24,29.6,20.2,24.3,31.4,22.4,26.0,0.0,13.1,33.8,67,18.4,966.5,loc_coimbatore,11.0168,76.9558,ECMWF_ERA5_Reanalysis
2016-01-25,29.1,21.0,24.7,30.3,23.9,26.7,0.0,12.2,32.0,79,16.74,965.7,loc_coimbatore,11.0168,76.9558,ECMWF_ERA5_Reanalysis
2016-01-26,30.1,19.7,25.0,31.7,21.9,26.9,0.0,11.5,30.6,73,18.5,965.2,loc_coimbatore,11.0168,76.9558,ECMWF_ERA5_Reanalysis
2016-01-27,29.9,20.3,24.9,31.5,22.7,26.9,0.0,9.4,27.7,76,18.28,965.1,loc_coimbatore,11.0168,76.9558,ECMWF_ERA5_Reanalysis
2016-01-28,30.7,19.4,24.8,32.5,20.9,26.5,0.0,10.8,31.0,65,22.75,965.3,loc_coimbatore,11.0168,76.9558,ECMWF_ERA5_Reanalysis
2016-01-29,31.1,20.2,25.0,32.3,21.2,26.2,0.0,11.8,32.8,51,23.38,965.8,loc_coimbatore,11.0168,76.9558,ECMWF_ERA5_Reanalysis
2016-01-30,29.4,18.1,23.4,29.6,18.8,23.9,0.0,15.2,38.9,60,23.7,965.9,loc_coimbatore,11.0168,76.9558,ECMWF_ERA5_Reanalysis
2016-01-31,30.2,17.5,23.6,30.5,17.8,23.9,0.0,14.0,37.4,51,23.76,965.4,loc_coimbatore,11.0168,76.9558,ECMWF_ERA5_Reanalysis
2016-02-01,30.8,18.4,23.8,29.7,18.3,23.3,0.0,14.4,37.4,46,23.72,965.4,loc_coimbatore,11.0168,76.9558,ECMWF_ERA5_Reanalysis
2016-02-02,31.0,18.0,23.8,30.3,17.1,23.0,0.0,12.9,35.3,45,24.36,965.8,loc_coimbatore,11.0168,76.9558,ECMWF_ERA5_Reanalysis
2016-02-03,30.7,17.9,24.0,30.2,17.2,23.4,0.0,12.7,34.6,47,23.2,965.2,loc_coimbatore,11.0168,76.9558,ECMWF_ERA5_Reanalysis
2016-02-04,30.7,17.9,24.0,30.2,17.5,23.6,0.0,14.8,38.2,49,24.11,965.1,loc_coimbatore,11.0168,76.9558,ECMWF_ERA5_Reanalysis
2016-02-05,29.7,17.1,23.4,29.9,17.0,23.2,0.0,12.2,33.1,49,23.88,964.9,loc_coimbatore,11.0168,76.9558,ECMWF_ERA5_Reanalysis
2016-02-06,30.5,17.5,24.2,32.3,17.7,24.8,0.0,9.6,27.7,72,23.53,963.9,loc_coimbatore,11.0168,76.9558,ECMWF_ERA5_Reanalysis
2016-02-07,31.4,19.0,25.4,34.3,20.4,27.3,0.0,8.4,24.8,59,21.53,964.8,loc_coimbatore,11.0168,76.9558,ECMWF_ERA5_Reanalysis
2016-02-08,31.4,20.5,25.8,33.5,22.9,27.9,0.0,12.8,33.5,62,19.25,964.5,loc_coimbatore,11.0168,76.9558,ECMWF_ERA5_Reanalysis
2016-02-09,31.5,20.4,26.1,33.1,22.5,28.1,0.0,9.8,28.1,73,19.73,964.5,loc_coimbatore,11.0168,76.9558,ECMWF_ERA5_Reanalysis
2016-02-10,31.6,20.2,26.4,33.7,22.0,28.2,0.0,8.4,27.0,89,20.7,964.2,loc_coimbatore,11.0168,76.9558,ECMWF_ERA5_Reanalysis
2016-02-11,31.4,21.0,26.5,32.4,22.9,27.8,0.0,6.8,23.8,119,19.32,963.9,loc_coimbatore,11.0168,76.9558,ECMWF_ERA5_Reanalysis
2016-02-12,32.6,20.6,26.7,34.5,22.4,28.2,0.0,9.3,25.6,67,21.6,963.7,loc_coimbatore,11.0168,76.9558,ECMWF_ERA5_Reanalysis
2016-02-13,32.5,20.7,26.2,34.5,21.5,27.3,0.0,10.2,28.1,56,23.47,963.7,loc_coimbatore,11.0168,76.9558,ECMWF_ERA5_Reanalysis
2016-02-14,31.6,20.0,25.5,32.5,21.6,26.5,0.0,12.9,34.6,65,23.88,964.1,loc_coimbatore,11.0168,76.9558,ECMWF_ERA5_Reanalysis
2016-02-15,31.5,19.8,25.1,32.0,20.4,25.7,0.0,12.6,34.2,64,24.28,965.0,loc_coimbatore,11.0168,76.9558,ECMWF_ERA5_Reanalysis
2016-02-16,31.6,19.6,25.1,33.2,21.5,26.4,0.0,13.3,34.9,67,22.51,965.4,loc_coimbatore,11.0168,76.9558,ECMWF_ERA5_Reanalysis
2016-02-17,30.0,20.0,25.1,29.5,21.2,25.6,0.0,14.5,34.9,60,19.24,965.2,loc_coimbatore,11.0168,76.9558,ECMWF_ERA5_Reanalysis
2016-02-18,31.0,21.1,25.5,30.8,23.1,26.4,0.0,20.1,45.7,63,16.3,965.3,loc_coimbatore,11.0168,76.9558,ECMWF_ERA5_Reanalysis
2016-02-19,32.2,19.8,26.0,32.4,21.1,27.0,0.0,14.5,37.8,58,22.32,966.2,loc_coimbatore,11.0168,76.9558,ECMWF_ERA5_Reanalysis
2016-02-20,33.3,20.1,26.7,35.5,21.9,28.5,0.0,11.2,32.4,61,24.0,966.3,loc_coimbatore,11.0168,76.9558,ECMWF_ERA5_Reanalysis
2016-02-21,34.4,21.4,27.9,37.0,24.2,30.1,0.0,8.6,24.8,58,23.13,965.3,loc_coimbatore,11.0168,76.9558,ECMWF_ERA5_Reanalysis
2016-02-22,34.7,21.3,27.7,37.2,24.2,29.9,0.0,11.3,32.8,55,24.44,965.4,loc_coimbatore,11.0168,76.9558,ECMWF_ERA5_Reanalysis
2016-02-23,34.1,20.3,27.1,36.0,22.4,28.2,0.0,11.2,28.1,67,25.56,964.9,loc_coimbatore,11.0168,76.9558,ECMWF_ERA5_Reanalysis
2016-02-24,34.1,19.4,26.6,36.2,20.6,27.9,0.0,7.7,20.5,95,24.71,964.1,loc_coimbatore,11.0168,76.9558,ECMWF_ERA5_Reanalysis
2016-02-25,34.0,20.1,27.3,36.8,22.7,29.6,0.0,10.4,26.6,70,24.35,964.3,loc_coimbatore,11.0168,76.9558,ECMWF_ERA5_Reanalysis
2016-02-26,32.7,22.6,26.9,34.0,24.5,28.4,0.2,14.4,37.8,64,22.83,965.5,loc_coimbatore,11.0168,76.9558,ECMWF_ERA5_Reanalysis
2016-02-27,32.9,20.6,26.8,33.5,22.6,28.2,0.0,13.2,34.2,66,23.6,966.8,loc_coimbatore,11.0168,76.9558,ECMWF_ERA5_Reanalysis
2016-02-28,32.6,22.6,27.3,34.0,25.4,29.2,0.2,14.9,38.9,70,21.63,967.5,loc_coimbatore,11.0168,76.9558,ECMWF_ERA5_Reanalysis
2016-02-29,32.6,21.6,26.9,33.5,24.3,28.5,0.0,12.6,35.3,63,22.44,967.2,loc_coimbatore,11.0168,76.9558,ECMWF_ERA5_Reanalysis
2016-03-01,33.0,20.1,26.5,33.7,22.3,27.7,0.0,14.1,37.1,60,24.69,965.7,loc_coimbatore,11.0168,76.9558,ECMWF_ERA5_Reanalysis
2016-03-02,32.6,20.8,26.4,33.7,22.9,27.7,0.0,13.4,35.3,66,24.14,965.7,loc_coimbatore,11.0168,76.9558,ECMWF_ERA5_Reanalysis
2016-03-03,33.3,20.6,27.0,34.0,22.5,27.8,0.0,14.6,38.5,68,25.15,966.2,loc_coimbatore,11.0168,76.9558,ECMWF_ERA5_Reanalysis
2016-03-04,33.6,21.2,27.0,34.5,22.4,27.7,0.0,12.0,32.8,71,24.61,965.0,loc_coimbatore,11.0168,76.9558,ECMWF_ERA5_Reanalysis
2016-03-05,34.2,20.7,27.2,35.1,22.4,27.9,0.0,12.3,32.8,65,25.7,964.1,loc_coimbatore,11.0168,76.9558,ECMWF_ERA5_Reanalysis
2016-03-06,33.9,20.1,27.2,35.7,22.5,28.3,0.0,11.5,30.2,70,25.52,963.5,loc_coimbatore,11.0168,76.9558,ECMWF_ERA5_Reanalysis
2016-03-07,33.8,20.4,27.3,35.8,22.8,28.5,0.0,11.4,30.6,70,24.58,963.3,loc_coimbatore,11.0168,76.9558,ECMWF_ERA5_Reanalysis
2016-03-08,33.9,20.0,27.3,36.4,22.1,28.7,0.0,10.2,29.2,78,25.72,962.9,loc_coimbatore,11.0168,76.9558,ECMWF_ERA5_Reanalysis
2016-03-09,34.9,21.0,28.0,37.4,22.8,29.7,0.0,9.6,25.9,77,25.52,963.3,loc_coimbatore,11.0168,76.9558,ECMWF_ERA5_Reanalysis
2016-03-10,35.1,22.4,28.6,37.4,24.5,30.6,0.0,9.7,27.4,65,24.73,964.0,loc_coimbatore,11.0168,76.9558,ECMWF_ERA5_Reanalysis
2016-03-11,35.4,23.8,28.9,38.3,26.9,31.6,0.0,9.3,23.0,154,23.44,964.5,loc_coimbatore,11.0168,76.9558,ECMWF_ERA5_Reanalysis
2016-03-12,36.2,23.5,29.1,39.5,28.0,32.2,0.0,13.9,27.7,238,22.6,963.8,loc_coimbatore,11.0168,76.9558,ECMWF_ERA5_Reanalysis
2016-03-13,35.4,24.3,29.1,39.7,28.1,32.4,0.5,12.1,25.9,247,22.45,964.0,loc_coimbatore,11.0168,76.9558,ECMWF_ERA5_Reanalysis
2016-03-14,34.3,24.6,28.5,39.4,29.0,32.6,1.8,8.1,23.0,263,19.94,963.7,loc_coimbatore,11.0168,76.9558,ECMWF_ERA5_Reanalysis
2016-03-15,33.0,24.0,27.7,36.2,28.2,31.0,1.0,15.0,34.6,244,20.36,963.9,loc_coimbatore,11.0168,76.9558,ECMWF_ERA5_Reanalysis
2016-03-16,34.8,22.7,29.0,38.2,26.7,32.0,0.0,11.4,22.7,247,22.49,963.3,loc_coimbatore,11.0168,76.9558,ECMWF_ERA5_Reanalysis
2016-03-17,36.0,22.8,29.4,39.6,26.3,32.3,0.0,6.7,22.0,261,23.68,963.5,loc_coimbatore,11.0168,76.9558,ECMWF_ERA5_Reanalysis
2016-03-18,35.8,24.2,29.6,38.3,27.5,32.1,0.0,11.4,32.4,48,24.58,963.0,loc_coimbatore,11.0168,76.9558,ECMWF_ERA5_Reanalysis
2016-03-19,36.7,24.5,30.0,39.1,28.4,32.7,0.0,10.4,21.2,253,23.59,963.4,loc_coimbatore,11.0168,76.9558,ECMWF_ERA5_Reanalysis
2016-03-20,37.3,24.2,30.4,39.1,28.7,32.9,0.0,10.4,29.9,338,24.58,963.5,loc_coimbatore,11.0168,76.9558,ECMWF_ERA5_Reanalysis
2016-03-21,37.1,24.0,30.4,39.7,28.1,32.8,0.0,11.0,26.6,256,22.44,962.9,loc_coimbatore,11.0168,76.9558,ECMWF_ERA5_Reanalysis
2016-03-22,36.0,24.7,29.4,38.8,28.7,32.4,0.0,17.4,37.4,244,21.86,961.7,loc_coimbatore,11.0168,76.9558,ECMWF_ERA5_Reanalysis
2016-03-23,36.6,24.8,29.9,39.8,28.6,32.9,0.0,13.7,29.9,244,22.6,962.1,loc_coimbatore,11.0168,76.9558,ECMWF_ERA5_Reanalysis
2016-03-24,36.6,25.2,30.4,38.5,29.4,33.0,0.0,11.8,30.2,60,23.67,963.8,loc_coimbatore,11.0168,76.9558,ECMWF_ERA5_Reanalysis
2016-03-25,35.9,22.9,29.6,37.2,25.9,30.9,0.0,12.8,33.5,61,26.91,965.6,loc_coimbatore,11.0168,76.9558,ECMWF_ERA5_Reanalysis
2016-03-26,36.1,22.9,29.4,36.6,24.7,29.8,0.0,11.3,31.7,64,27.36,964.9,loc_coimbatore,11.0168,76.9558,ECMWF_ERA5_Reanalysis
2016-03-27,35.9,22.5,29.0,38.0,23.7,30.3,0.0,8.3,24.5,213,26.92,964.4,loc_coimbatore,11.0168,76.9558,ECMWF_ERA5_Reanalysis
2016-03-28,36.3,22.5,29.6,38.8,25.8,31.8,0.0,9.5,25.6,66,26.01,964.5,loc_coimbatore,11.0168,76.9558,ECMWF_ERA5_Reanalysis
2016-03-29,36.3,22.9,29.5,38.0,26.6,31.7,0.4,9.9,29.9,60,24.43,964.9,loc_coimbatore,11.0168,76.9558,ECMWF_ERA5_Reanalysis
2016-03-30,36.5,23.5,29.9,38.6,26.5,31.7,0.0,10.6,28.8,48,25.08,964.9,loc_coimbatore,11.0168,76.9558,ECMWF_ERA5_Reanalysis
2016-03-31,36.2,24.1,29.6,38.2,28.0,32.0,0.1,9.8,26.3,29,23.61,964.0,loc_coimbatore,11.0168,76.9558,ECMWF_ERA5_Reanalysis
2016-04-01,36.3,23.4,29.5,38.7,26.6,31.5,0.2,11.0,28.8,27,24.75,962.4,loc_coimbatore,11.0168,76.9558,ECMWF_ERA5_Reanalysis
2016-04-02,36.8,24.6,30.0,39.2,28.2,32.2,0.0,11.8,29.5,302,23.67,962.8,loc_coimbatore,11.0168,76.9558,ECMWF_ERA5_Reanalysis
2016-04-03,36.8,24.8,30.0,39.4,29.2,32.5,0.0,10.4,24.8,244,21.77,963.9,loc_coimbatore,11.0168,76.9558,ECMWF_ERA5_Reanalysis
2016-04-04,37.5,24.8,30.7,39.4,29.0,33.0,0.0,12.4,27.0,249,24.66,962.8,loc_coimbatore,11.0168,76.9558,ECMWF_ERA5_Reanalysis
2016-04-05,36.9,25.0,29.7,39.8,28.7,32.4,0.0,18.3,42.1,246,24.88,962.2,loc_coimbatore,11.0168,76.9558,ECMWF_ERA5_Reanalysis
2016-04-06,36.0,24.6,29.7,37.7,28.4,32.1,0.0,14.4,29.9,242,22.91,962.9,loc_coimbatore,11.0168,76.9558,ECMWF_ERA5_Reanalysis
2016-04-07,37.0,24.2,30.6,40.1,29.1,33.8,0.0,11.3,25.9,237,23.6,962.2,loc_coimbatore,11.0168,76.9558,ECMWF_ERA5_Reanalysis
2016-04-08,35.7,25.5,29.6,40.2,30.2,33.6,0.7,12.3,29.2,244,20.94,962.0,loc_coimbatore,11.0168,76.9558,ECMWF_ERA5_Reanalysis
2016-04-09,32.7,23.9,28.1,35.8,28.1,31.7,3.3,11.7,25.9,230,15.18,963.2,loc_coimbatore,11.0168,76.9558,ECMWF_ERA5_Reanalysis
2016-04-10,34.0,24.8,28.9,38.1,29.3,32.5,0.4,11.6,24.1,241,19.89,963.9,loc_coimbatore,11.0168,76.9558,ECMWF_ERA5_Reanalysis
2016-04-11,36.3,24.3,29.7,40.4,28.1,33.1,0.0,13.7,29.9,243,23.25,962.9,loc_coimbatore,11.0168,76.9558,ECMWF_ERA5_Reanalysis
2016-04-12,37.0,25.0,30.3,40.4,29.4,33.4,0.0,17.4,35.6,240,23.24,961.7,loc_coimbatore,11.0168,76.9558,ECMWF_ERA5_Reanalysis
2016-04-13,36.6,25.2,30.5,39.8,28.6,33.4,0.0,16.6,35.6,245,23.31,960.3,loc_coimbatore,11.0168,76.9558,ECMWF_ERA5_Reanalysis
2016-04-14,38.6,26.0,31.5,42.4,30.2,35.0,0.0,14.5,33.5,244,23.53,960.1,loc_coimbatore,11.0168,76.9558,ECMWF_ERA5_Reanalysis
2016-04-15,38.3,26.6,31.9,41.3,31.1,35.2,0.0,11.8,25.6,238,22.8,961.5,loc_coimbatore,11.0168,76.9558,ECMWF_ERA5_Reanalysis
2016-04-16,37.7,26.5,30.9,41.9,30.6,34.3,0.0,15.8,36.4,241,22.63,961.7,loc_coimbatore,11.0168,76.9558,ECMWF_ERA5_Reanalysis
2016-04-17,38.1,25.9,31.1,40.8,30.6,34.4,0.0,15.6,37.1,239,23.46,960.8,loc_coimbatore,11.0168,76.9558,ECMWF_ERA5_Reanalysis
2016-04-18,38.0,26.4,31.1,40.9,30.8,34.6,0.0,15.8,35.3,243,24.89,961.0,loc_coimbatore,11.0168,76.9558,ECMWF_ERA5_Reanalysis
2016-04-19,38.0,24.9,31.0,41.7,29.4,34.3,0.0,13.9,35.6,239,25.12,961.7,loc_coimbatore,11.0168,76.9558,ECMWF_ERA5_Reanalysis
2016-04-20,37.0,25.7,30.2,41.1,30.0,33.7,0.0,17.2,37.1,244,23.33,963.2,loc_coimbatore,11.0168,76.9558,ECMWF_ERA5_Reanalysis
2016-04-21,37.9,25.8,30.3,41.4,30.3,33.6,0.0,17.8,43.2,239,22.26,962.6,loc_coimbatore,11.0168,76.9558,ECMWF_ERA5_Reanalysis
2016-04-22,37.0,25.6,30.5,39.9,29.7,33.2,0.4,15.6,38.2,239,23.01,962.0,loc_coimbatore,11.0168,76.9558,ECMWF_ERA5_Reanalysis
2016-04-23,35.9,25.0,30.0,38.4,28.5,32.7,0.0,16.4,37.1,238,21.92,960.3,loc_coimbatore,11.0168,76.9558,ECMWF_ERA5_Reanalysis
2016-04-24,37.6,25.4,30.5,40.3,29.4,33.4,0.2,17.2,37.4,241,21.1,959.0,loc_coimbatore,11.0168,76.9558,ECMWF_ERA5_Reanalysis
2016-04-25,37.9,25.8,30.6,41.7,29.9,33.8,0.0,17.1,38.5,241,22.15,959.8,loc_coimbatore,11.0168,76.9558,ECMWF_ERA5_Reanalysis
2016-04-26,38.4,25.2,31.8,40.3,29.9,34.1,0.0,14.2,36.0,89,24.63,961.4,loc_coimbatore,11.0168,76.9558,ECMWF_ERA5_Reanalysis
2016-04-27,37.9,25.8,31.3,39.7,28.9,33.3,0.0,14.4,27.0,309,23.91,961.3,loc_coimbatore,11.0168,76.9558,ECMWF_ERA5_Reanalysis
2016-04-28,38.4,25.3,31.2,40.9,30.1,34.3,0.0,15.8,33.5,244,25.32,961.1,loc_coimbatore,11.0168,76.9558,ECMWF_ERA5_Reanalysis
2016-04-29,38.5,25.6,31.3,40.4,30.4,34.4,0.0,16.6,38.2,240,26.18,961.5,loc_coimbatore,11.0168,76.9558,ECMWF_ERA5_Reanalysis
2016-04-30,38.3,25.5,31.3,40.6,29.9,34.2,0.0,15.3,32.8,239,25.61,961.9,loc_coimbatore,11.0168,76.9558,ECMWF_ERA5_Reanalysis
2016-05-01,38.6,25.6,31.2,40.5,29.6,33.9,0.0,18.2,40.3,236,25.5,961.4,loc_coimbatore,11.0168,76.9558,ECMWF_ERA5_Reanalysis
2016-05-02,38.2,25.2,30.9,40.6,29.2,33.6,0.0,16.3,37.1,238,25.39,961.4,loc_coimbatore,11.0168,76.9558,ECMWF_ERA5_Reanalysis
2016-05-03,38.1,26.6,31.1,41.0,30.8,34.3,0.0,15.3,33.5,238,24.3,960.9,loc_coimbatore,11.0168,76.9558,ECMWF_ERA5_Reanalysis
2016-05-04,37.9,26.2,30.6,41.1,30.6,34.0,0.1,14.8,36.4,240,23.06,961.1,loc_coimbatore,11.0168,76.9558,ECMWF_ERA5_Reanalysis
2016-05-05,37.4,25.7,30.6,40.5,30.1,33.9,0.0,15.3,36.7,240,23.09,961.5,loc_coimbatore,11.0168,76.9558,ECMWF_ERA5_Reanalysis
2016-05-06,36.2,25.4,29.7,39.9,29.5,33.2,0.2,15.5,37.8,236,22.03,961.4,loc_coimbatore,11.0168,76.9558,ECMWF_ERA5_Reanalysis
2016-05-07,36.5,25.1,29.1,40.7,29.0,32.9,3.8,13.1,30.2,280,21.64,961.3,loc_coimbatore,11.0168,76.9558,ECMWF_ERA5_Reanalysis
2016-05-08,35.9,25.0,29.0,40.6,29.2,33.0,2.2,14.4,43.2,249,21.49,962.2,loc_coimbatore,11.0168,76.9558,ECMWF_ERA5_Reanalysis
2016-05-09,36.2,25.0,29.7,40.2,30.0,33.5,0.2,10.8,30.6,33,22.63,961.7,loc_coimbatore,11.0168,76.9558,ECMWF_ERA5_Reanalysis
2016-05-10,36.6,25.5,29.2,40.4,29.5,33.1,2.9,7.6,25.6,298,21.51,961.7,loc_coimbatore,11.0168,76.9558,ECMWF_ERA5_Reanalysis
2016-05-11,35.1,24.9,28.6,39.5,29.2,32.5,1.2,12.1,33.5,229,19.22,961.4,loc_coimbatore,11.0168,76.9558,ECMWF_ERA5_Reanalysis
2016-05-12,34.8,24.5,28.6,40.6,28.7,32.6,0.1,15.3,32.0,240,20.81,960.0,loc_coimbatore,11.0168,76.9558,ECMWF_ERA5_Reanalysis
2016-05-13,36.2,24.5,28.8,40.7,28.5,32.3,0.1,16.5,41.4,239,22.46,959.6,loc_coimbatore,11.0168,76.9558,ECMWF_ERA5_Reanalysis
2016-05-14,36.1,25.6,29.5,40.9,29.9,33.5,4.7,12.9,27.7,244,21.5,960.6,loc_coimbatore,11.0168,76.9558,ECMWF_ERA5_Reanalysis
2016-05-15,35.1,24.1,28.4,39.4,28.5,32.2,0.1,13.8,33.1,240,19.0,960.6,loc_coimbatore,11.0168,76.9558,ECMWF_ERA5_Reanalysis
2016-05-16,26.9,23.9,25.3,30.9,27.7,29.3,3.6,11.8,27.0,239,5.49,958.7,loc_coimbatore,11.0168,76.9558,ECMWF_ERA5_Reanalysis
2016-05-17,28.3,23.3,25.2,30.8,26.0,28.9,4.4,16.4,32.0,235,6.69,956.5,loc_coimbatore,11.0168,76.9558,ECMWF_ERA5_Reanalysis
2016-05-18,30.2,23.5,26.0,31.7,26.5,28.3,0.6,23.4,53.3,241,14.23,956.4,loc_coimbatore,11.0168,76.9558,ECMWF_ERA5_Reanalysis
2016-05-19,32.0,23.7,26.8,35.1,26.1,29.4,1.0,22.9,56.5,243,20.02,957.5,loc_coimbatore,11.0168,76.9558,ECMWF_ERA5_Reanalysis
2016-05-20,31.2,24.2,26.7,32.8,27.0,28.9,0.0,23.1,52.6,240,14.86,958.7,loc_coimbatore,11.0168,76.9558,ECMWF_ERA5_Reanalysis
2016-05-21,34.0,24.2,28.2,36.8,27.5,30.8,0.0,21.6,51.8,238,22.43,959.7,loc_coimbatore,11.0168,76.9558,ECMWF_ERA5_Reanalysis
2016-05-22,34.9,23.9,28.1,38.5,27.6,31.3,0.6,22.1,50.8,238,23.55,961.0,loc_coimbatore,11.0168,76.9558,ECMWF_ERA5_Reanalysis
2016-05-23,35.0,24.7,28.7,38.3,28.2,31.6,0.3,21.1,48.2,239,23.64,961.4,loc_coimbatore,11.0168,76.9558,ECMWF_ERA5_Reanalysis
2016-05-24,33.5,24.5,28.0,36.3,28.2,31.0,1.4,21.6,49.7,239,21.04,961.1,loc_coimbatore,11.0168,76.9558,ECMWF_ERA5_Reanalysis
2016-05-25,33.7,24.5,27.4,36.5,27.7,30.0,2.5,25.6,59.4,240,21.33,960.7,loc_coimbatore,11.0168,76.9558,ECMWF_ERA5_Reanalysis
2016-05-26,33.0,23.7,27.5,36.1,27.2,30.3,0.6,18.9,45.4,241,20.48,960.8,loc_coimbatore,11.0168,76.9558,ECMWF_ERA5_Reanalysis
2016-05-27,34.0,24.2,27.3,37.9,27.8,30.3,2.9,21.7,51.5,240,20.84,961.4,loc_coimbatore,11.0168,76.9558,ECMWF_ERA5_Reanalysis
2016-05-28,32.7,23.6,26.5,36.4,26.8,29.3,3.9,20.8,50.4,241,18.84,961.5,loc_coimbatore,11.0168,76.9558,ECMWF_ERA5_Reanalysis
2016-05-29,32.1,23.7,26.4,34.8,26.5,29.2,3.1,17.9,43.6,240,18.66,961.1,loc_coimbatore,11.0168,76.9558,ECMWF_ERA5_Reanalysis
2016-05-30,31.2,23.5,26.1,34.5,26.5,28.8,3.8,20.5,46.8,243,18.55,960.5,loc_coimbatore,11.0168,76.9558,ECMWF_ERA5_Reanalysis
2016-05-31,30.8,23.6,26.0,33.5,26.7,28.7,6.7,25.2,53.6,243,19.11,961.0,loc_coimbatore,11.0168,76.9558,ECMWF_ERA5_Reanalysis
2016-06-01,30.1,23.4,25.9,32.5,26.2,28.4,4.1,23.0,47.9,242,18.46,961.4,loc_coimbatore,11.0168,76.9558,ECMWF_ERA5_Reanalysis
2016-06-02,30.5,23.3,26.2,33.4,25.8,28.4,0.9,20.2,47.2,244,18.59,960.7,loc_coimbatore,11.0168,76.9558,ECMWF_ERA5_Reanalysis
2016-06-03,30.7,23.5,26.3,33.7,26.5,28.8,1.3,19.7,46.8,242,19.22,960.1,loc_coimbatore,11.0168,76.9558,ECMWF_ERA5_Reanalysis
2016-06-04,30.3,23.5,25.9,32.2,26.5,28.3,2.2,20.9,49.7,245,17.76,959.9,loc_coimbatore,11.0168,76.9558,ECMWF_ERA5_Reanalysis
2016-06-05,28.5,23.2,25.0,29.7,26.0,27.3,1.7,21.3,47.5,244,13.25,960.2,loc_coimbatore,11.0168,76.9558,ECMWF_ERA5_Reanalysis
2016-06-06,30.7,23.2,25.7,32.9,26.0,27.9,0.6,22.7,54.4,244,18.28,960.3,loc_coimbatore,11.0168,76.9558,ECMWF_ERA5_Reanalysis
2016-06-07,29.1,23.8,25.7,31.2,26.7,28.3,2.5,19.5,49.7,247,14.71,960.1,loc_coimbatore,11.0168,76.9558,ECMWF_ERA5_Reanalysis
2016-06-08,28.9,23.3,25.1,31.0,25.9,27.7,5.0,20.6,51.1,247,14.31,960.0,loc_coimbatore,11.0168,76.9558,ECMWF_ERA5_Reanalysis
2016-06-09,28.7,23.3,24.8,31.0,26.0,27.3,3.7,24.2,55.4,240,14.46,960.4,loc_coimbatore,11.0168,76.9558,ECMWF_ERA5_Reanalysis
2016-06-10,29.1,23.1,25.0,31.0,25.4,27.1,0.5,25.0,60.8,238,16.91,961.0,loc_coimbatore,11.0168,76.9558,ECMWF_ERA5_Reanalysis
2016-06-11,30.3,23.0,25.7,32.2,25.6,27.9,0.8,20.5,50.0,239,18.12,961.7,loc_coimbatore,11.0168,76.9558,ECMWF_ERA5_Reanalysis
2016-06-12,30.5,23.0,26.0,32.5,25.7,28.2,0.2,20.0,46.1,239,18.82,961.6,loc_coimbatore,11.0168,76.9558,ECMWF_ERA5_Reanalysis
2016-06-13,30.8,23.1,25.9,32.4,25.7,27.9,0.5,22.9,55.4,239,20.53,962.2,loc_coimbatore,11.0168,76.9558,ECMWF_ERA5_Reanalysis
2016-06-14,31.6,22.7,26.3,33.0,25.4,28.2,0.1,22.6,53.6,239,22.21,961.4,loc_coimbatore,11.0168,76.9558,ECMWF_ERA5_Reanalysis
2016-06-15,32.3,22.8,26.4,32.6,25.0,27.8,0.0,25.7,58.3,240,24.52,960.2,loc_coimbatore,11.0168,76.9558,ECMWF_ERA5_Reanalysis
2016-06-16,29.7,22.3,25.1,30.8,24.1,26.5,0.2,23.9,56.9,242,18.08,959.2,loc_coimbatore,11.0168,76.9558,ECMWF_ERA5_Reanalysis
2016-06-17,29.0,22.3,24.7,31.0,24.8,26.9,5.1,19.8,44.3,240,15.11,958.4,loc_coimbatore,11.0168,76.9558,ECMWF_ERA5_Reanalysis
2016-06-18,28.3,22.5,24.3,30.8,25.3,27.0,5.4,16.8,35.3,238,11.95,958.6,loc_coimbatore,11.0168,76.9558,ECMWF_ERA5_Reanalysis
2016-06-19,29.7,21.9,24.9,32.6,24.7,27.2,4.4,19.2,45.0,238,18.35,958.3,loc_coimbatore,11.0168,76.9558,ECMWF_ERA5_Reanalysis
2016-06-20,28.1,22.4,24.4,29.2,24.4,26.2,0.1,20.1,47.9,238,11.66,958.2,loc_coimbatore,11.0168,76.9558,ECMWF_ERA5_Reanalysis
2016-06-21,26.4,21.5,22.9,28.4,23.7,25.3,10.5,16.5,40.0,237,8.98,958.5,loc_coimbatore,11.0168,76.9558,ECMWF_ERA5_Reanalysis
2016-06-22,26.8,21.4,22.9,28.2,24.0,25.2,16.1,19.5,45.0,235,9.21,959.9,loc_coimbatore,11.0168,76.9558,ECMWF_ERA5_Reanalysis
2016-06-23,27.4,21.2,22.9,28.6,23.3,25.0,6.5,17.7,45.0,234,8.26,960.6,loc_coimbatore,11.0168,76.9558,ECMWF_ERA5_Reanalysis
2016-06-24,28.0,21.1,23.3,30.0,22.8,25.3,2.2,19.5,47.5,236,12.98,959.6,loc_coimbatore,11.0168,76.9558,ECMWF_ERA5_Reanalysis
2016-06-25,24.6,21.3,22.7,26.9,23.3,25.1,6.7,17.1,47.5,232,9.09,960.4,loc_coimbatore,11.0168,76.9558,ECMWF_ERA5_Reanalysis
2016-06-26,28.5,21.7,24.4,30.1,24.3,26.4,0.3,18.8,44.6,234,15.89,960.2,loc_coimbatore,11.0168,76.9558,ECMWF_ERA5_Reanalysis
2016-06-27,28.3,21.8,24.0,30.5,23.9,26.1,5.4,20.6,47.5,236,15.17,959.0,loc_coimbatore,11.0168,76.9558,ECMWF_ERA5_Reanalysis
2016-06-28,25.9,22.0,23.0,28.2,24.2,25.3,9.0,23.5,57.2,234,10.29,959.3,loc_coimbatore,11.0168,76.9558,ECMWF_ERA5_Reanalysis
2016-06-29,27.4,21.3,23.4,29.0,22.9,25.2,3.1,22.1,53.3,235,14.22,959.9,loc_coimbatore,11.0168,76.9558,ECMWF_ERA5_Reanalysis
2016-06-30,28.3,21.9,24.3,29.6,23.6,26.0,0.3,23.4,53.3,235,15.71,959.7,loc_coimbatore,11.0168,76.9558,ECMWF_ERA5_Reanalysis
2016-07-01,29.8,22.1,25.2,30.2,24.3,26.6,0.0,25.4,58.0,237,20.2,959.3,loc_coimbatore,11.0168,76.9558,ECMWF_ERA5_Reanalysis
2016-07-02,30.6,22.8,25.8,31.5,24.6,27.2,0.0,26.5,59.0,236,22.79,959.3,loc_coimbatore,11.0168,76.9558,ECMWF_ERA5_Reanalysis
2016-07-03,30.6,22.9,25.9,33.0,25.0,28.0,0.2,20.2,47.5,237,20.83,960.3,loc_coimbatore,11.0168,76.9558,ECMWF_ERA5_Reanalysis
2016-07-04,28.6,22.2,24.3,30.1,24.6,26.6,4.2,22.6,57.6,236,12.3,961.2,loc_coimbatore,11.0168,76.9558,ECMWF_ERA5_Reanalysis
2016-07-05,28.7,21.7,24.3,30.2,23.7,26.0,2.2,24.0,56.5,239,16.98,960.5,loc_coimbatore,11.0168,76.9558,ECMWF_ERA5_Reanalysis
2016-07-06,27.2,22.3,24.0,28.9,24.9,26.1,4.5,25.1,55.4,239,13.37,960.3,loc_coimbatore,11.0168,76.9558,ECMWF_ERA5_Reanalysis
2016-07-07,27.3,21.7,23.8,28.8,24.2,26.0,8.4,20.7,46.1,238,10.72,960.0,loc_coimbatore,11.0168,76.9558,ECMWF_ERA5_Reanalysis
2016-07-08,27.4,22.3,24.1,29.3,24.5,26.0,0.3,25.1,56.2,237,15.53,959.9,loc_coimbatore,11.0168,76.9558,ECMWF_ERA5_Reanalysis
2016-07-09,26.5,22.0,23.5,27.0,23.8,25.0,0.2,26.4,58.3,236,10.88,959.5,loc_coimbatore,11.0168,76.9558,ECMWF_ERA5_Reanalysis
2016-07-10,27.5,22.1,23.9,28.4,23.6,25.1,0.2,28.5,65.5,238,14.75,959.4,loc_coimbatore,11.0168,76.9558,ECMWF_ERA5_Reanalysis
2016-07-11,27.6,21.8,24.0,28.6,23.1,25.3,0.0,25.6,59.8,237,17.67,959.2,loc_coimbatore,11.0168,76.9558,ECMWF_ERA5_Reanalysis
2016-07-12,27.7,22.2,24.2,28.5,24.2,25.7,0.0,24.8,55.8,235,14.48,960.1,loc_coimbatore,11.0168,76.9558,ECMWF_ERA5_Reanalysis
2016-07-13,29.2,22.0,24.7,30.9,24.0,26.4,0.0,22.6,52.9,237,20.76,960.3,loc_coimbatore,11.0168,76.9558,ECMWF_ERA5_Reanalysis
2016-07-14,28.9,22.0,24.7,30.8,24.3,26.7,0.2,20.5,46.1,239,18.05,959.5,loc_coimbatore,11.0168,76.9558,ECMWF_ERA5_Reanalysis
2016-07-15,28.8,22.6,24.7,31.2,25.4,27.3,3.5,18.5,40.3,240,15.56,959.7,loc_coimbatore,11.0168,76.9558,ECMWF_ERA5_Reanalysis
2016-07-16,29.0,22.5,24.9,32.3,25.3,27.5,4.6,15.4,37.1,238,18.14,960.7,loc_coimbatore,11.0168,76.9558,ECMWF_ERA5_Reanalysis
2016-07-17,29.1,22.0,24.8,31.3,24.8,27.1,2.0,16.4,39.2,240,17.65,962.5,loc_coimbatore,11.0168,76.9558,ECMWF_ERA5_Reanalysis
2016-07-18,27.3,22.3,24.2,29.7,24.7,26.2,0.7,17.8,41.0,238,13.54,962.6,loc_coimbatore,11.0168,76.9558,ECMWF_ERA5_Reanalysis
2016-07-19,29.1,21.6,24.6,32.4,23.7,26.9,5.1,13.3,34.2,241,16.71,962.0,loc_coimbatore,11.0168,76.9558,ECMWF_ERA5_Reanalysis
2016-07-20,30.1,22.1,24.9,33.1,25.0,27.3,3.0,16.3,38.2,236,17.08,961.0,loc_coimbatore,11.0168,76.9558,ECMWF_ERA5_Reanalysis
2016-07-21,28.4,22.1,24.6,29.8,24.4,26.5,0.5,17.5,39.2,235,14.11,960.3,loc_coimbatore,11.0168,76.9558,ECMWF_ERA5_Reanalysis
2016-07-22,27.3,21.2,23.7,28.1,23.4,25.4,5.7,20.0,46.8,239,14.52,959.7,loc_coimbatore,11.0168,76.9558,ECMWF_ERA5_Reanalysis
2016-07-23,23.8,21.1,22.0,26.6,23.3,24.8,21.3,14.8,35.6,234,6.92,959.3,loc_coimbatore,11.0168,76.9558,ECMWF_ERA5_Reanalysis
2016-07-24,28.2,21.4,23.6,30.6,24.0,26.1,3.5,19.3,43.6,237,14.32,959.2,loc_coimbatore,11.0168,76.9558,ECMWF_ERA5_Reanalysis
2016-07-25,28.4,21.8,24.2,31.2,24.8,26.7,3.2,18.5,43.6,239,16.39,959.3,loc_coimbatore,11.0168,76.9558,ECMWF_ERA5_Reanalysis
2016-07-26,27.8,21.9,23.7,31.3,25.5,27.2,23.8,13.0,29.9,240,13.13,959.2,loc_coimbatore,11.0168,76.9558,ECMWF_ERA5_Reanalysis
2016-07-27,28.2,22.1,24.1,31.2,25.5,27.3,5.2,15.8,38.9,245,15.79,959.6,loc_coimbatore,11.0168,76.9558,ECMWF_ERA5_Reanalysis
2016-07-28,28.6,22.3,24.5,32.7,25.4,27.7,4.2,17.3,37.4,239,17.36,959.8,loc_coimbatore,11.0168,76.9558,ECMWF_ERA5_Reanalysis
2016-07-29,28.2,22.4,24.3,31.7,25.3,27.1,2.5,14.7,37.4,236,15.91,960.0,loc_coimbatore,11.0168,76.9558,ECMWF_ERA5_Reanalysis
2016-07-30,28.0,21.8,24.2,29.0,24.1,26.0,0.0,18.8,45.0,237,15.61,960.5,loc_coimbatore,11.0168,76.9558,ECMWF_ERA5_Reanalysis
2016-07-31,30.1,21.6,24.7,32.1,23.3,26.3,0.0,21.0,49.7,238,21.88,961.5,loc_coimbatore,11.0168,76.9558,ECMWF_ERA5_Reanalysis
2016-08-01,28.4,21.4,24.2,29.2,23.0,25.4,0.0,24.3,54.7,239,18.64,961.2,loc_coimbatore,11.0168,76.9558,ECMWF_ERA5_Reanalysis
2016-08-02,28.9,21.4,24.3,29.6,23.0,25.5,0.0,24.6,56.5,238,18.8,959.5,loc_coimbatore,11.0168,76.9558,ECMWF_ERA5_Reanalysis
2016-08-03,28.8,22.2,24.4,29.4,23.8,25.6,0.0,25.8,58.3,239,17.96,958.7,loc_coimbatore,11.0168,76.9558,ECMWF_ERA5_Reanalysis
2016-08-04,28.9,21.7,24.4,29.8,23.6,25.7,0.0,24.3,55.1,237,19.43,959.6,loc_coimbatore,11.0168,76.9558,ECMWF_ERA5_Reanalysis
2016-08-05,28.7,22.0,24.3,29.4,23.8,25.9,0.0,20.7,48.6,235,14.57,960.4,loc_coimbatore,11.0168,76.9558,ECMWF_ERA5_Reanalysis
2016-08-06,31.0,21.7,25.5,32.3,23.5,27.0,0.2,22.4,52.2,236,23.66,960.6,loc_coimbatore,11.0168,76.9558,ECMWF_ERA5_Reanalysis
2016-08-07,30.0,21.9,25.3,31.5,24.5,27.0,0.0,19.6,47.2,237,20.26,961.6,loc_coimbatore,11.0168,76.9558,ECMWF_ERA5_Reanalysis
2016-08-08,31.4,21.9,25.8,33.2,24.7,27.9,0.1,19.5,46.8,236,22.64,962.1,loc_coimbatore,11.0168,76.9558,ECMWF_ERA5_Reanalysis
2016-08-09,31.0,22.2,25.5,32.7,24.8,27.6,0.1,19.6,48.2,237,21.2,961.9,loc_coimbatore,11.0168,76.9558,ECMWF_ERA5_Reanalysis
2016-08-10,31.4,21.8,25.8,33.0,24.1,27.5,0.0,19.7,47.2,240,22.47,962.0,loc_coimbatore,11.0168,76.9558,ECMWF_ERA5_Reanalysis
2016-08-11,31.5,22.1,25.7,33.8,24.7,27.9,0.0,18.5,46.4,238,21.86,962.6,loc_coimbatore,11.0168,76.9558,ECMWF_ERA5_Reanalysis
2016-08-12,30.7,22.2,25.5,33.0,25.1,27.8,1.9,18.6,46.4,238,21.45,962.6,loc_coimbatore,11.0168,76.9558,ECMWF_ERA5_Reanalysis
2016-08-13,30.7,22.5,25.6,32.5,25.0,27.6,0.3,20.0,48.2,237,19.76,961.6,loc_coimbatore,11.0168,76.9558,ECMWF_ERA5_Reanalysis
2016-08-14,30.2,22.3,25.4,31.3,24.5,26.9,0.0,22.7,51.8,238,20.51,961.2,loc_coimbatore,11.0168,76.9558,ECMWF_ERA5_Reanalysis
2016-08-15,31.1,21.8,25.4,32.3,23.9,26.9,0.0,23.5,54.0,239,21.76,960.7,loc_coimbatore,11.0168,76.9558,ECMWF_ERA5_Reanalysis
2016-08-16,30.5,21.8,25.3,31.4,23.9,26.7,0.1,22.7,53.3,237,20.47,959.9,loc_coimbatore,11.0168,76.9558,ECMWF_ERA5_Reanalysis
2016-08-17,29.1,21.6,24.7,29.0,23.3,25.8,0.0,24.4,55.1,238,17.92,959.3,loc_coimbatore,11.0168,76.9558,ECMWF_ERA5_Reanalysis
2016-08-18,30.4,21.9,25.0,32.2,24.4,26.8,0.1,19.8,49.0,236,19.01,959.6,loc_coimbatore,11.0168,76.9558,ECMWF_ERA5_Reanalysis
2016-08-19,31.9,21.5,25.6,34.1,24.1,27.6,0.3,17.7,43.9,238,22.23,959.8,loc_coimbatore,11.0168,76.9558,ECMWF_ERA5_Reanalysis
2016-08-20,31.7,22.2,26.0,34.2,25.1,28.3,0.2,18.1,41.8,239,22.42,959.5,loc_coimbatore,11.0168,76.9558,ECMWF_ERA5_Reanalysis
2016-08-21,31.3,22.2,25.9,33.9,25.0,28.3,0.1,17.6,43.2,240,21.41,960.1,loc_coimbatore,11.0168,76.9558,ECMWF_ERA5_Reanalysis
2016-08-22,29.7,22.5,25.7,32.0,25.4,28.1,3.2,16.0,38.2,238,19.02,960.9,loc_coimbatore,11.0168,76.9558,ECMWF_ERA5_Reanalysis
2016-08-23,30.9,22.4,25.7,33.0,25.1,27.7,0.4,21.1,46.8,239,20.44,960.9,loc_coimbatore,11.0168,76.9558,ECMWF_ERA5_Reanalysis
2016-08-24,30.8,22.2,25.6,32.6,24.9,27.5,1.1,19.5,44.6,238,18.79,960.3,loc_coimbatore,11.0168,76.9558,ECMWF_ERA5_Reanalysis
2016-08-25,30.7,22.6,25.5,33.7,24.9,27.4,1.6,17.9,43.2,238,19.12,960.5,loc_coimbatore,11.0168,76.9558,ECMWF_ERA5_Reanalysis
2016-08-26,29.1,22.5,24.9,31.0,25.2,26.9,5.3,18.4,43.6,239,15.67,960.3,loc_coimbatore,11.0168,76.9558,ECMWF_ERA5_Reanalysis
2016-08-27,29.7,22.2,24.9,31.4,24.7,26.8,1.8,20.5,46.4,237,15.79,960.5,loc_coimbatore,11.0168,76.9558,ECMWF_ERA5_Reanalysis
2016-08-28,31.4,21.9,25.7,33.6,24.2,27.5,0.1,19.5,45.7,238,20.19,960.9,loc_coimbatore,11.0168,76.9558,ECMWF_ERA5_Reanalysis
2016-08-29,31.0,22.2,25.4,33.1,24.6,27.4,0.2,18.4,47.5,239,18.93,960.2,loc_coimbatore,11.0168,76.9558,ECMWF_ERA5_Reanalysis
2016-08-30,26.4,21.9,23.2,29.0,24.8,26.3,19.5,13.8,35.6,235,9.27,959.2,loc_coimbatore,11.0168,76.9558,ECMWF_ERA5_Reanalysis
2016-08-31,25.9,21.9,23.3,27.8,24.9,25.9,18.4,15.1,34.6,236,8.59,960.1,loc_coimbatore,11.0168,76.9558,ECMWF_ERA5_Reanalysis
2016-09-01,28.5,21.7,24.1,31.4,24.2,26.4,2.5,18.3,41.8,238,17.79,961.1,loc_coimbatore,11.0168,76.9558,ECMWF_ERA5_Reanalysis
2016-09-02,25.8,22.1,23.4,27.6,24.3,25.3,2.1,19.1,40.7,238,11.18,961.6,loc_coimbatore,11.0168,76.9558,ECMWF_ERA5_Reanalysis
2016-09-03,28.8,21.7,24.1,30.5,23.8,26.0,0.0,17.1,39.2,238,13.36,961.3,loc_coimbatore,11.0168,76.9558,ECMWF_ERA5_Reanalysis
2016-09-04,28.9,22.0,24.6,30.3,24.4,26.7,0.1,19.5,42.8,238,16.12,962.8,loc_coimbatore,11.0168,76.9558,ECMWF_ERA5_Reanalysis
2016-09-05,29.7,21.6,24.8,31.6,24.4,27.0,0.0,19.3,46.1,239,19.43,963.4,loc_coimbatore,11.0168,76.9558,ECMWF_ERA5_Reanalysis
2016-09-06,29.7,21.8,24.8,31.6,24.1,26.7,0.0,20.2,46.1,239,21.93,963.6,loc_coimbatore,11.0168,76.9558,ECMWF_ERA5_Reanalysis
2016-09-07,30.5,21.0,24.8,32.5,23.2,26.5,0.0,18.3,44.3,238,23.94,962.5,loc_coimbatore,11.0168,76.9558,ECMWF_ERA5_Reanalysis
2016-09-08,29.8,21.1,24.6,32.1,23.3,26.4,0.1,17.5,42.1,241,23.17,962.1,loc_coimbatore,11.0168,76.9558,ECMWF_ERA5_Reanalysis
2016-09-09,30.1,21.4,24.8,33.5,24.0,27.4,6.3,15.0,35.6,242,21.72,962.2,loc_coimbatore,11.0168,76.9558,ECMWF_ERA5_Reanalysis
2016-09-10,30.5,22.2,25.5,33.1,25.0,27.7,0.0,17.9,42.5,241,22.13,961.8,loc_coimbatore,11.0168,76.9558,ECMWF_ERA5_Reanalysis
2016-09-11,30.0,21.6,25.1,32.0,24.3,27.3,0.0,15.9,41.0,237,20.57,960.8,loc_coimbatore,11.0168,76.9558,ECMWF_ERA5_Reanalysis
2016-09-12,30.1,21.9,25.0,32.7,24.6,27.2,0.4,19.1,46.4,239,20.59,960.1,loc_coimbatore,11.0168,76.9558,ECMWF_ERA5_Reanalysis
2016-09-13,29.5,21.6,24.5,32.3,24.3,26.9,3.7,17.3,39.6,239,17.9,960.5,loc_coimbatore,11.0168,76.9558,ECMWF_ERA5_Reanalysis
2016-09-14,29.2,21.9,25.0,31.9,24.7,27.4,3.3,16.3,38.9,238,17.27,960.5,loc_coimbatore,11.0168,76.9558,ECMWF_ERA5_Reanalysis
2016-09-15,30.0,22.2,25.2,31.7,24.9,27.2,0.0,20.7,45.7,236,18.16,960.1,loc_coimbatore,11.0168,76.9558,ECMWF_ERA5_Reanalysis
2016-09-16,30.1,22.4,25.2,32.0,24.6,26.8,0.4,22.9,52.9,237,20.21,960.3,loc_coimbatore,11.0168,76.9558,ECMWF_ERA5_Reanalysis
2016-09-17,30.5,21.8,25.2,31.9,23.8,26.7,0.0,21.3,50.0,238,20.29,960.6,loc_coimbatore,11.0168,76.9558,ECMWF_ERA5_Reanalysis
2016-09-18,29.9,21.6,24.8,31.7,23.4,26.3,0.4,21.4,52.2,240,21.05,961.8,loc_coimbatore,11.0168,76.9558,ECMWF_ERA5_Reanalysis
2016-09-19,31.5,21.3,25.5,34.0,24.0,27.6,0.5,17.7,44.3,238,21.76,961.7,loc_coimbatore,11.0168,76.9558,ECMWF_ERA5_Reanalysis
2016-09-20,31.0,21.4,25.5,33.4,24.0,27.6,0.4,17.2,40.7,239,20.34,960.9,loc_coimbatore,11.0168,76.9558,ECMWF_ERA5_Reanalysis
2016-09-21,30.2,21.8,25.2,31.7,24.4,27.2,1.6,16.9,39.6,237,18.03,960.9,loc_coimbatore,11.0168,76.9558,ECMWF_ERA5_Reanalysis
2016-09-22,31.3,22.3,25.5,32.5,24.7,27.3,0.0,19.9,45.7,237,18.84,961.1,loc_coimbatore,11.0168,76.9558,ECMWF_ERA5_Reanalysis
2016-09-23,30.8,21.8,25.3,32.5,24.0,27.0,0.0,20.8,48.6,237,21.76,959.6,loc_coimbatore,11.0168,76.9558,ECMWF_ERA5_Reanalysis
2016-09-24,31.4,21.7,25.4,32.6,23.8,27.0,0.0,21.7,50.0,237,22.65,958.6,loc_coimbatore,11.0168,76.9558,ECMWF_ERA5_Reanalysis
2016-09-25,31.4,21.9,25.4,33.2,24.2,27.0,0.1,22.9,52.9,237,21.06,959.1,loc_coimbatore,11.0168,76.9558,ECMWF_ERA5_Reanalysis
2016-09-26,31.0,22.3,25.8,33.1,24.9,28.0,0.2,19.2,44.6,237,20.12,960.4,loc_coimbatore,11.0168,76.9558,ECMWF_ERA5_Reanalysis
2016-09-27,31.2,22.8,26.1,33.4,25.8,28.4,0.4,16.6,41.0,239,18.08,961.0,loc_coimbatore,11.0168,76.9558,ECMWF_ERA5_Reanalysis
2016-09-28,30.4,22.9,25.5,33.2,26.0,28.2,2.3,17.4,42.1,237,17.49,960.4,loc_coimbatore,11.0168,76.9558,ECMWF_ERA5_Reanalysis
2016-09-29,29.0,22.6,25.0,31.3,25.6,27.4,4.9,17.7,43.2,238,14.91,959.7,loc_coimbatore,11.0168,76.9558,ECMWF_ERA5_Reanalysis
2016-09-30,30.5,22.4,25.4,32.3,24.8,27.4,0.2,19.5,44.3,238,18.66,959.5,loc_coimbatore,11.0168,76.9558,ECMWF_ERA5_Reanalysis
2016-10-01,31.3,21.6,25.2,32.6,24.1,27.0,0.0,20.5,47.9,241,20.0,960.2,loc_coimbatore,11.0168,76.9558,ECMWF_ERA5_Reanalysis
2016-10-02,32.5,21.1,25.5,34.0,23.2,27.2,0.0,19.0,45.0,242,22.8,961.6,loc_coimbatore,11.0168,76.9558,ECMWF_ERA5_Reanalysis
2016-10-03,32.7,21.6,26.1,34.9,24.1,28.0,0.0,19.8,45.4,243,22.56,961.4,loc_coimbatore,11.0168,76.9558,ECMWF_ERA5_Reanalysis
2016-10-04,32.3,22.2,26.1,34.1,24.8,27.9,0.0,20.3,45.0,240,21.47,961.6,loc_coimbatore,11.0168,76.9558,ECMWF_ERA5_Reanalysis
2016-10-05,32.0,21.5,25.8,34.3,24.0,27.8,0.1,17.9,40.7,241,21.45,961.7,loc_coimbatore,11.0168,76.9558,ECMWF_ERA5_Reanalysis
2016-10-06,32.2,22.2,26.0,34.1,24.7,27.8,0.0,19.8,43.9,240,22.67,961.7,loc_coimbatore,11.0168,76.9558,ECMWF_ERA5_Reanalysis
2016-10-07,31.9,21.1,25.5,32.7,23.0,26.8,0.0,20.2,49.0,238,24.26,962.1,loc_coimbatore,11.0168,76.9558,ECMWF_ERA5_Reanalysis
2016-10-08,31.9,21.6,25.6,33.2,23.5,26.8,0.0,22.7,52.9,241,22.92,962.5,loc_coimbatore,11.0168,76.9558,ECMWF_ERA5_Reanalysis
2016-10-09,32.1,21.6,25.8,33.4,23.7,27.1,0.0,23.0,54.4,239,22.55,962.6,loc_coimbatore,11.0168,76.9558,ECMWF_ERA5_Reanalysis
2016-10-10,32.0,21.1,25.6,32.8,22.8,26.8,0.0,21.9,52.2,240,22.29,962.1,loc_coimbatore,11.0168,76.9558,ECMWF_ERA5_Reanalysis
2016-10-11,31.3,21.4,25.3,33.2,23.3,27.0,0.4,20.4,45.7,242,19.85,961.9,loc_coimbatore,11.0168,76.9558,ECMWF_ERA5_Reanalysis
2016-10-12,30.2,22.4,25.1,33.0,25.0,27.7,5.8,16.4,38.2,245,16.49,961.5,loc_coimbatore,11.0168,76.9558,ECMWF_ERA5_Reanalysis
2016-10-13,29.0,22.5,24.7,31.9,26.4,28.3,8.8,13.3,28.1,255,12.8,961.6,loc_coimbatore,11.0168,76.9558,ECMWF_ERA5_Reanalysis
2016-10-14,29.2,22.2,25.2,31.6,26.7,28.8,13.3,7.0,23.0,289,13.82,962.0,loc_coimbatore,11.0168,76.9558,ECMWF_ERA5_Reanalysis
2016-10-15,29.2,22.9,25.4,32.5,26.7,29.0,7.9,9.1,27.0,313,17.87,962.2,loc_coimbatore,11.0168,76.9558,ECMWF_ERA5_Reanalysis
2016-10-16,30.0,22.2,25.5,33.9,26.3,29.2,2.6,8.8,21.2,266,17.64,962.5,loc_coimbatore,11.0168,76.9558,ECMWF_ERA5_Reanalysis
2016-10-17,29.4,22.4,24.8,34.5,26.3,28.5,3.0,11.3,26.6,243,15.02,961.9,loc_coimbatore,11.0168,76.9558,ECMWF_ERA5_Reanalysis
2016-10-18,30.5,21.9,25.7,34.3,25.2,28.9,0.3,11.8,26.6,249,19.81,961.2,loc_coimbatore,11.0168,76.9558,ECMWF_ERA5_Reanalysis
2016-10-19,30.4,21.7,25.4,34.1,24.9,28.4,0.7,16.1,37.4,245,20.3,960.6,loc_coimbatore,11.0168,76.9558,ECMWF_ERA5_Reanalysis
2016-10-20,29.6,23.0,25.3,32.4,26.4,28.5,5.9,14.7,33.8,246,17.31,959.9,loc_coimbatore,11.0168,76.9558,ECMWF_ERA5_Reanalysis
2016-10-21,29.0,22.8,24.7,33.1,26.1,27.9,6.4,15.0,36.0,243,15.69,960.9,loc_coimbatore,11.0168,76.9558,ECMWF_ERA5_Reanalysis
2016-10-22,28.5,22.3,24.4,31.6,25.3,27.1,5.2,15.3,36.7,243,15.51,962.2,loc_coimbatore,11.0168,76.9558,ECMWF_ERA5_Reanalysis
2016-10-23,28.9,21.8,24.5,32.3,24.8,26.9,6.1,16.4,35.6,245,17.09,962.9,loc_coimbatore,11.0168,76.9558,ECMWF_ERA5_Reanalysis
2016-10-24,28.6,22.0,24.6,31.3,25.0,27.1,2.9,14.5,32.8,245,16.14,962.6,loc_coimbatore,11.0168,76.9558,ECMWF_ERA5_Reanalysis
2016-10-25,29.9,21.5,25.1,33.2,24.7,27.9,2.4,15.1,34.9,247,17.65,961.5,loc_coimbatore,11.0168,76.9558,ECMWF_ERA5_Reanalysis
2016-10-26,30.5,22.1,25.6,34.5,25.7,28.6,0.1,10.5,21.2,251,17.43,961.5,loc_coimbatore,11.0168,76.9558,ECMWF_ERA5_Reanalysis
2016-10-27,29.3,22.6,25.1,33.8,25.6,28.4,1.7,10.8,23.8,258,16.51,962.8,loc_coimbatore,11.0168,76.9558,ECMWF_ERA5_Reanalysis
2016-10-28,31.0,22.2,25.8,34.2,25.1,28.4,0.8,16.1,36.0,247,19.74,962.5,loc_coimbatore,11.0168,76.9558,ECMWF_ERA5_Reanalysis
2016-10-29,30.6,22.8,25.6,33.8,25.8,28.2,3.2,16.4,38.5,245,18.96,962.0,loc_coimbatore,11.0168,76.9558,ECMWF_ERA5_Reanalysis
2016-10-30,30.8,22.3,25.8,36.1,26.3,29.6,5.7,11.3,29.9,244,17.32,962.4,loc_coimbatore,11.0168,76.9558,ECMWF_ERA5_Reanalysis
2016-10-31,25.6,22.1,23.6,29.1,25.9,27.6,18.1,7.7,25.9,56,8.94,964.1,loc_coimbatore,11.0168,76.9558,ECMWF_ERA5_Reanalysis
2016-11-01,28.2,22.0,24.6,31.5,25.8,28.1,2.8,10.0,29.5,59,14.98,963.6,loc_coimbatore,11.0168,76.9558,ECMWF_ERA5_Reanalysis
2016-11-02,30.1,22.7,25.7,33.2,26.5,29.3,3.8,7.9,26.6,76,18.58,963.1,loc_coimbatore,11.0168,76.9558,ECMWF_ERA5_Reanalysis
2016-11-03,30.9,21.8,25.8,35.2,26.1,29.3,2.1,8.7,27.7,239,19.09,962.9,loc_coimbatore,11.0168,76.9558,ECMWF_ERA5_Reanalysis
2016-11-04,27.5,22.3,24.3,31.3,25.4,27.4,4.0,13.0,30.6,240,13.75,962.3,loc_coimbatore,11.0168,76.9558,ECMWF_ERA5_Reanalysis
2016-11-05,29.3,22.6,25.3,33.7,25.6,28.3,1.2,12.7,27.0,240,19.11,961.5,loc_coimbatore,11.0168,76.9558,ECMWF_ERA5_Reanalysis
2016-11-06,30.5,21.6,25.1,33.3,23.5,27.2,0.0,13.6,32.4,241,21.85,962.5,loc_coimbatore,11.0168,76.9558,ECMWF_ERA5_Reanalysis
2016-11-07,30.9,18.7,24.8,33.9,20.6,26.8,0.0,7.2,19.1,244,22.31,963.3,loc_coimbatore,11.0168,76.9558,ECMWF_ERA5_Reanalysis
2016-11-08,28.3,20.0,24.2,30.4,21.8,26.6,0.7,7.0,28.1,15,16.48,963.9,loc_coimbatore,11.0168,76.9558,ECMWF_ERA5_Reanalysis
2016-11-09,28.9,20.6,24.5,30.8,23.2,26.6,0.4,9.2,24.1,50,17.12,964.8,loc_coimbatore,11.0168,76.9558,ECMWF_ERA5_Reanalysis
2016-11-10,29.8,20.4,24.8,31.2,22.0,26.2,0.0,8.4,25.6,87,19.64,964.2,loc_coimbatore,11.0168,76.9558,ECMWF_ERA5_Reanalysis
2016-11-11,30.7,20.4,25.4,33.6,21.8,27.3,0.0,7.0,22.0,70,21.33,963.5,loc_coimbatore,11.0168,76.9558,ECMWF_ERA5_Reanalysis
2016-11-12,31.4,21.1,26.1,33.2,23.1,28.1,0.0,9.0,24.8,73,19.84,963.9,loc_coimbatore,11.0168,76.9558,ECMWF_ERA5_Reanalysis
2016-11-13,31.0,22.2,25.9,34.8,24.3,28.7,2.1,8.8,29.5,65,17.77,964.9,loc_coimbatore,11.0168,76.9558,ECMWF_ERA5_Reanalysis
2016-11-14,30.6,22.1,25.0,34.0,25.9,28.6,5.2,11.5,30.6,68,17.03,964.7,loc_coimbatore,11.0168,76.9558,ECMWF_ERA5_Reanalysis
2016-11-15,29.3,21.8,25.5,31.1,25.6,28.2,0.8,10.7,29.2,56,14.4,964.0,loc_coimbatore,11.0168,76.9558,ECMWF_ERA5_Reanalysis
2016-11-16,30.4,20.3,25.4,32.0,22.4,27.4,0.2,14.8,37.4,60,19.15,963.6,loc_coimbatore,11.0168,76.9558,ECMWF_ERA5_Reanalysis
2016-11-17,30.7,21.1,25.5,31.4,24.3,27.5,1.6,16.4,42.1,60,17.94,963.8,loc_coimbatore,11.0168,76.9558,ECMWF_ERA5_Reanalysis
2016-11-18,31.5,20.1,25.7,32.3,22.5,27.1,0.0,13.9,37.4,66,21.65,962.9,loc_coimbatore,11.0168,76.9558,ECMWF_ERA5_Reanalysis
2016-11-19,30.3,21.3,25.8,30.4,22.9,26.5,0.0,13.5,34.9,76,18.65,962.4,loc_coimbatore,11.0168,76.9558,ECMWF_ERA5_Reanalysis
2016-11-20,29.8,20.6,25.4,30.4,22.2,26.5,0.0,9.9,28.8,80,13.5,962.7,loc_coimbatore,11.0168,76.9558,ECMWF_ERA5_Reanalysis
2016-11-21,31.8,21.5,26.3,32.5,23.1,27.3,0.0,12.2,32.0,65,19.86,962.8,loc_coimbatore,11.0168,76.9558,ECMWF_ERA5_Reanalysis
2016-11-22,32.7,20.2,26.5,32.9,22.3,27.2,0.0,10.6,31.7,73,22.45,962.6,loc_coimbatore,11.0168,76.9558,ECMWF_ERA5_Reanalysis
2016-11-23,32.1,19.5,26.1,31.7,21.6,26.6,0.0,12.8,35.6,66,21.21,962.5,loc_coimbatore,11.0168,76.9558,ECMWF_ERA5_Reanalysis
2016-11-24,31.8,18.5,25.1,32.1,19.7,25.3,0.0,11.5,32.0,75,22.2,962.9,loc_coimbatore,11.0168,76.9558,ECMWF_ERA5_Reanalysis
2016-11-25,32.4,18.8,25.2,31.3,20.1,25.0,0.0,12.0,32.8,69,22.67,962.7,loc_coimbatore,11.0168,76.9558,ECMWF_ERA5_Reanalysis
2016-11-26,32.3,19.4,26.3,33.2,20.6,26.8,0.0,8.1,29.9,76,21.73,963.6,loc_coimbatore,11.0168,76.9558,ECMWF_ERA5_Reanalysis
2016-11-27,33.8,20.7,27.1,33.4,21.0,26.9,0.0,8.6,27.0,61,22.07,963.5,loc_coimbatore,11.0168,76.9558,ECMWF_ERA5_Reanalysis
2016-11-28,33.6,20.1,26.3,32.6,19.1,25.3,0.0,10.0,28.4,50,20.93,963.6,loc_coimbatore,11.0168,76.9558,ECMWF_ERA5_Reanalysis
2016-11-29,30.8,20.4,25.0,31.6,21.4,25.7,0.0,4.8,17.6,257,14.34,964.4,loc_coimbatore,11.0168,76.9558,ECMWF_ERA5_Reanalysis
2016-11-30,31.0,20.3,25.3,31.3,20.8,25.7,0.0,5.9,21.6,34,15.06,964.5,loc_coimbatore,11.0168,76.9558,ECMWF_ERA5_Reanalysis
2016-12-01,27.0,19.2,21.5,27.2,19.5,22.9,24.5,5.4,27.0,265,6.5,963.1,loc_coimbatore,11.0168,76.9558,ECMWF_ERA5_Reanalysis
2016-12-02,27.7,20.0,23.3,29.7,22.8,26.4,3.3,8.9,24.8,49,12.18,962.8,loc_coimbatore,11.0168,76.9558,ECMWF_ERA5_Reanalysis
2016-12-03,26.5,21.4,22.9,29.9,24.4,26.5,36.9,10.8,28.1,63,10.92,964.5,loc_coimbatore,11.0168,76.9558,ECMWF_ERA5_Reanalysis
2016-12-04,27.9,20.3,23.3,30.3,22.2,25.8,1.8,12.1,29.9,46,19.43,966.0,loc_coimbatore,11.0168,76.9558,ECMWF_ERA5_Reanalysis
2016-12-05,28.1,20.7,24.2,30.6,22.6,27.0,0.1,10.6,29.2,57,17.04,964.9,loc_coimbatore,11.0168,76.9558,ECMWF_ERA5_Reanalysis
2016-12-06,28.0,21.4,24.0,29.9,22.9,26.2,1.2,12.4,32.0,75,16.96,963.9,loc_coimbatore,11.0168,76.9558,ECMWF_ERA5_Reanalysis
2016-12-07,27.9,18.7,22.3,28.6,19.9,23.3,0.0,9.7,27.4,62,21.96,964.2,loc_coimbatore,11.0168,76.9558,ECMWF_ERA5_Reanalysis
2016-12-08,28.2,20.6,24.0,31.4,22.0,26.4,0.0,6.6,20.9,63,17.08,964.0,loc_coimbatore,11.0168,76.9558,ECMWF_ERA5_Reanalysis
2016-12-09,29.0,20.4,24.1,31.9,23.6,26.9,0.5,11.3,21.6,241,16.6,962.6,loc_coimbatore,11.0168,76.9558,ECMWF_ERA5_Reanalysis
2016-12-10,29.7,19.6,24.3,32.3,22.5,26.8,0.0,11.2,25.6,245,19.0,961.8,loc_coimbatore,11.0168,76.9558,ECMWF_ERA5_Reanalysis
2016-12-11,29.1,18.8,23.9,32.8,21.4,26.3,0.0,12.6,27.7,248,19.12,960.9,loc_coimbatore,11.0168,76.9558,ECMWF_ERA5_Reanalysis
2016-12-12,29.0,19.7,23.9,30.1,21.4,24.6,0.0,20.3,46.1,241,19.21,960.1,loc_coimbatore,11.0168,76.9558,ECMWF_ERA5_Reanalysis
2016-12-13,25.1,20.6,21.7,26.6,21.8,24.0,12.4,16.2,46.1,237,6.03,959.8,loc_coimbatore,11.0168,76.9558,ECMWF_ERA5_Reanalysis
2016-12-14,25.8,20.7,22.7,28.5,24.3,26.3,7.6,9.0,25.2,53,10.99,962.6,loc_coimbatore,11.0168,76.9558,ECMWF_ERA5_Reanalysis
2016-12-15,27.5,20.5,23.4,29.5,23.4,25.9,0.0,12.7,32.4,58,17.9,964.0,loc_coimbatore,11.0168,76.9558,ECMWF_ERA5_Reanalysis
2016-12-16,27.9,19.3,23.5,29.4,21.3,25.5,0.0,13.2,33.5,49,19.08,965.3,loc_coimbatore,11.0168,76.9558,ECMWF_ERA5_Reanalysis
2016-12-17,28.6,20.6,23.9,30.3,23.1,26.1,0.0,11.5,31.3,62,18.8,965.7,loc_coimbatore,11.0168,76.9558,ECMWF_ERA5_Reanalysis
2016-12-18,28.9,20.0,23.7,30.8,22.0,25.5,0.0,10.9,29.2,65,20.42,965.4,loc_coimbatore,11.0168,76.9558,ECMWF_ERA5_Reanalysis
2016-12-19,29.4,20.4,24.1,30.3,22.2,25.4,0.0,12.1,31.0,63,20.61,964.9,loc_coimbatore,11.0168,76.9558,ECMWF_ERA5_Reanalysis
2016-12-20,27.7,18.7,23.6,28.5,19.8,25.0,0.0,16.1,35.3,61,16.13,964.7,loc_coimbatore,11.0168,76.9558,ECMWF_ERA5_Reanalysis
2016-12-21,29.1,21.1,24.3,31.0,23.9,26.9,0.6,13.9,34.9,50,16.91,965.4,loc_coimbatore,11.0168,76.9558,ECMWF_ERA5_Reanalysis
2016-12-22,30.2,20.3,24.9,32.6,21.5,26.8,0.0,6.6,23.8,69,20.17,964.9,loc_coimbatore,11.0168,76.9558,ECMWF_ERA5_Reanalysis
2016-12-23,30.3,18.0,23.9,33.0,19.7,25.9,0.0,5.8,20.2,133,21.07,963.3,loc_coimbatore,11.0168,76.9558,ECMWF_ERA5_Reanalysis
2016-12-24,30.4,18.3,24.1,31.3,18.9,24.7,0.0,7.6,24.1,62,21.83,962.2,loc_coimbatore,11.0168,76.9558,ECMWF_ERA5_Reanalysis
2016-12-25,29.7,16.2,22.6,31.8,16.7,23.8,0.0,8.3,24.1,59,21.75,963.3,loc_coimbatore,11.0168,76.9558,ECMWF_ERA5_Reanalysis
2016-12-26,31.0,16.9,23.8,32.0,17.8,24.8,0.0,7.6,22.3,55,21.07,963.3,loc_coimbatore,11.0168,76.9558,ECMWF_ERA5_Reanalysis
2016-12-27,30.8,19.9,24.8,31.4,20.7,25.0,0.0,15.9,40.0,54,21.16,963.2,loc_coimbatore,11.0168,76.9558,ECMWF_ERA5_Reanalysis
2016-12-28,28.4,20.8,24.2,28.8,21.8,25.3,0.0,16.5,40.3,66,13.87,963.9,loc_coimbatore,11.0168,76.9558,ECMWF_ERA5_Reanalysis
2016-12-29,29.8,20.0,24.2,30.0,21.2,25.2,0.0,15.5,39.2,53,20.54,964.3,loc_coimbatore,11.0168,76.9558,ECMWF_ERA5_Reanalysis
2016-12-30,29.6,17.2,23.1,29.4,17.9,23.0,0.0,12.6,33.8,53,21.86,965.0,loc_coimbatore,11.0168,76.9558,ECMWF_ERA5_Reanalysis
2016-12-31,30.0,16.9,23.2,29.6,17.1,22.7,0.0,11.7,32.4,57,21.87,964.4,loc_coimbatore,11.0168,76.9558,ECMWF_ERA5_Reanalysis
2017-01-01,32.1,19.2,25.4,32.1,19.9,25.2,0.0,11.2,29.5,66,22.23,964.6,loc_coimbatore,11.0168,76.9558,ECMWF_ERA5_Reanalysis
2017-01-02,31.4,21.2,26.0,32.9,23.6,27.3,0.0,10.6,26.3,104,18.52,965.1,loc_coimbatore,11.0168,76.9558,ECMWF_ERA5_Reanalysis
2017-01-03,32.3,20.3,26.0,32.8,22.2,26.6,0.0,11.4,30.6,82,21.05,964.7,loc_coimbatore,11.0168,76.9558,ECMWF_ERA5_Reanalysis
2017-01-04,32.5,20.2,26.0,33.1,21.0,26.5,0.0,9.7,26.3,85,21.25,964.4,loc_coimbatore,11.0168,76.9558,ECMWF_ERA5_Reanalysis
2017-01-05,32.5,19.8,25.7,32.2,20.9,25.7,0.0,13.6,32.4,80,22.06,964.0,loc_coimbatore,11.0168,76.9558,ECMWF_ERA5_Reanalysis
2017-01-06,31.9,20.4,25.6,32.5,21.5,26.2,0.0,10.9,28.4,93,21.22,963.7,loc_coimbatore,11.0168,76.9558,ECMWF_ERA5_Reanalysis
2017-01-07,31.6,20.5,25.3,32.6,20.9,25.6,0.0,14.5,28.1,85,21.5,962.5,loc_coimbatore,11.0168,76.9558,ECMWF_ERA5_Reanalysis
2017-01-08,31.1,19.8,24.9,31.6,20.4,25.2,0.0,12.3,29.9,77,21.86,962.0,loc_coimbatore,11.0168,76.9558,ECMWF_ERA5_Reanalysis
2017-01-09,30.7,19.6,24.8,32.2,20.1,25.5,0.0,10.8,29.5,106,20.56,962.4,loc_coimbatore,11.0168,76.9558,ECMWF_ERA5_Reanalysis
2017-01-10,30.1,20.8,25.3,30.9,21.7,26.1,0.0,12.9,25.9,150,17.36,963.0,loc_coimbatore,11.0168,76.9558,ECMWF_ERA5_Reanalysis
2017-01-11,29.4,21.6,25.7,30.2,23.2,26.6,0.0,12.2,25.2,58,12.91,963.3,loc_coimbatore,11.0168,76.9558,ECMWF_ERA5_Reanalysis
2017-01-12,29.9,21.8,25.4,29.6,21.9,26.0,0.0,11.2,24.8,111,12.74,963.0,loc_coimbatore,11.0168,76.9558,ECMWF_ERA5_Reanalysis
2017-01-13,29.1,21.0,25.2,29.0,22.6,25.9,0.0,14.4,31.3,75,13.82,962.9,loc_coimbatore,11.0168,76.9558,ECMWF_ERA5_Reanalysis
2017-01-14,30.3,21.5,25.5,29.0,22.1,24.9,0.1,16.6,37.1,73,18.04,964.1,loc_coimbatore,11.0168,76.9558,ECMWF_ERA5_Reanalysis
2017-01-15,31.5,19.8,25.3,30.5,20.4,24.7,0.0,15.6,36.4,62,22.51,965.6,loc_coimbatore,11.0168,76.9558,ECMWF_ERA5_Reanalysis
2017-01-16,31.3,21.2,25.5,32.4,22.6,25.9,0.2,14.1,31.7,67,19.21,965.6,loc_coimbatore,11.0168,76.9558,ECMWF_ERA5_Reanalysis
2017-01-17,31.7,19.5,25.0,30.6,20.2,24.6,0.0,15.0,36.0,66,22.7,965.4,loc_coimbatore,11.0168,76.9558,ECMWF_ERA5_Reanalysis
2017-01-18,31.2,18.9,24.4,29.4,18.7,23.2,0.0,18.3,38.9,63,23.19,966.0,loc_coimbatore,11.0168,76.9558,ECMWF_ERA5_Reanalysis
2017-01-19,29.3,19.0,24.2,28.7,18.5,23.4,0.0,18.9,39.6,59,22.04,966.3,loc_coimbatore,11.0168,76.9558,ECMWF_ERA5_Reanalysis
2017-01-20,33.1,20.2,26.2,32.5,20.9,26.1,0.0,21.0,45.7,63,22.08,965.6,loc_coimbatore,11.0168,76.9558,ECMWF_ERA5_Reanalysis
2017-01-21,29.6,22.5,25.4,29.5,24.0,26.4,2.4,21.1,43.6,53,12.16,966.2,loc_coimbatore,11.0168,76.9558,ECMWF_ERA5_Reanalysis
2017-01-22,30.3,21.6,25.4,29.4,23.3,26.3,1.3,19.0,40.7,53,13.71,967.1,loc_coimbatore,11.0168,76.9558,ECMWF_ERA5_Reanalysis
2017-01-23,31.4,19.1,25.3,30.1,19.9,24.6,0.0,19.7,42.5,56,22.34,966.8,loc_coimbatore,11.0168,76.9558,ECMWF_ERA5_Reanalysis
2017-01-24,32.3,20.7,26.3,30.5,21.0,25.2,0.0,22.7,48.2,59,22.66,965.8,loc_coimbatore,11.0168,76.9558,ECMWF_ERA5_Reanalysis
2017-01-25,28.5,20.5,25.1,28.0,21.6,24.8,0.0,18.1,39.2,46,13.37,966.1,loc_coimbatore,11.0168,76.9558,ECMWF_ERA5_Reanalysis
2017-01-26,27.0,22.3,24.6,28.0,23.7,25.8,0.4,15.1,33.8,49,7.68,966.0,loc_coimbatore,11.0168,76.9558,ECMWF_ERA5_Reanalysis
2017-01-27,27.8,22.2,24.3,29.2,24.8,26.6,10.0,15.8,34.9,40,10.18,964.9,loc_coimbatore,11.0168,76.9558,ECMWF_ERA5_Reanalysis
2017-01-28,28.8,21.9,23.9,31.5,24.0,26.2,16.9,17.9,37.4,41,12.83,964.6,loc_coimbatore,11.0168,76.9558,ECMWF_ERA5_Reanalysis
2017-01-29,28.7,21.7,24.8,30.8,24.2,27.0,1.5,15.1,32.4,38,14.82,965.2,loc_coimbatore,11.0168,76.9558,ECMWF_ERA5_Reanalysis
2017-01-30,30.1,21.7,25.1,31.0,23.0,26.7,0.3,16.3,35.3,62,18.48,965.1,loc_coimbatore,11.0168,76.9558,ECMWF_ERA5_Reanalysis
2017-01-31,30.5,20.2,24.6,32.9,20.8,25.9,0.0,13.3,30.2,55,23.74,964.6,loc_coimbatore,11.0168,76.9558,ECMWF_ERA5_Reanalysis
2017-02-01,29.9,19.9,23.9,31.0,20.7,24.7,0.0,13.1,31.0,57,22.78,965.2,loc_coimbatore,11.0168,76.9558,ECMWF_ERA5_Reanalysis
2017-02-02,30.3,19.2,23.9,30.6,20.0,24.0,0.0,13.3,32.0,54,24.11,966.5,loc_coimbatore,11.0168,76.9558,ECMWF_ERA5_Reanalysis
2017-02-03,29.9,18.8,23.7,30.3,19.3,23.9,0.0,16.0,34.9,63,22.31,966.2,loc_coimbatore,11.0168,76.9558,ECMWF_ERA5_Reanalysis
2017-02-04,30.2,19.4,24.1,29.4,20.3,23.8,0.0,16.9,38.5,61,22.99,965.2,loc_coimbatore,11.0168,76.9558,ECMWF_ERA5_Reanalysis
2017-02-05,30.4,19.0,24.2,31.1,18.8,24.2,0.0,12.6,31.7,63,24.24,964.9,loc_coimbatore,11.0168,76.9558,ECMWF_ERA5_Reanalysis
2017-02-06,32.0,19.0,25.0,33.2,19.5,25.5,0.0,12.5,29.9,62,23.66,964.8,loc_coimbatore,11.0168,76.9558,ECMWF_ERA5_Reanalysis
2017-02-07,33.4,20.5,26.0,33.6,20.7,26.5,0.0,12.3,28.4,67,24.29,964.3,loc_coimbatore,11.0168,76.9558,ECMWF_ERA5_Reanalysis
2017-02-08,33.2,20.0,26.0,33.4,20.2,26.1,0.0,13.4,32.4,76,24.49,964.8,loc_coimbatore,11.0168,76.9558,ECMWF_ERA5_Reanalysis
2017-02-09,33.0,19.7,25.8,32.8,18.9,24.9,0.0,13.3,31.3,64,24.83,964.3,loc_coimbatore,11.0168,76.9558,ECMWF_ERA5_Reanalysis
2017-02-10,32.9,19.0,25.2,33.4,20.0,25.2,0.0,11.2,30.2,78,24.66,963.6,loc_coimbatore,11.0168,76.9558,ECMWF_ERA5_Reanalysis
2017-02-11,32.7,19.8,25.6,32.9,20.7,25.3,0.0,14.1,31.3,63,24.83,964.3,loc_coimbatore,11.0168,76.9558,ECMWF_ERA5_Reanalysis
2017-02-12,32.1,19.3,25.2,31.5,19.9,24.7,0.0,14.7,36.0,60,24.94,965.7,loc_coimbatore,11.0168,76.9558,ECMWF_ERA5_Reanalysis
2017-02-13,32.2,20.0,25.7,31.1,19.7,24.9,0.0,18.2,41.4,59,24.21,967.1,loc_coimbatore,11.0168,76.9558,ECMWF_ERA5_Reanalysis
2017-02-14,29.1,21.6,25.5,29.3,22.3,26.2,0.4,18.6,40.3,55,10.34,968.1,loc_coimbatore,11.0168,76.9558,ECMWF_ERA5_Reanalysis
2017-02-15,33.6,20.8,26.9,32.5,22.7,26.7,0.0,21.8,46.8,67,23.87,968.2,loc_coimbatore,11.0168,76.9558,ECMWF_ERA5_Reanalysis
2017-02-16,32.6,20.1,26.1,29.8,20.8,24.4,0.0,21.7,46.8,65,25.46,966.5,loc_coimbatore,11.0168,76.9558,ECMWF_ERA5_Reanalysis
2017-02-17,32.4,18.8,25.6,29.2,17.8,23.1,0.0,21.9,46.4,59,25.82,965.7,loc_coimbatore,11.0168,76.9558,ECMWF_ERA5_Reanalysis
2017-02-18,33.4,18.8,25.3,30.9,18.7,23.6,0.0,17.7,40.0,57,25.75,966.2,loc_coimbatore,11.0168,76.9558,ECMWF_ERA5_Reanalysis
2017-02-19,34.6,19.7,26.5,33.6,19.1,25.7,0.0,13.9,34.9,76,25.07,965.5,loc_coimbatore,11.0168,76.9558,ECMWF_ERA5_Reanalysis
2017-02-20,35.0,20.1,27.1,36.0,22.3,28.3,0.0,15.5,33.1,214,23.53,963.5,loc_coimbatore,11.0168,76.9558,ECMWF_ERA5_Reanalysis
2017-02-21,35.6,22.6,28.2,37.9,24.9,30.0,0.0,14.9,28.1,197,24.51,962.5,loc_coimbatore,11.0168,76.9558,ECMWF_ERA5_Reanalysis
2017-02-22,36.9,22.2,28.7,37.2,25.7,30.3,0.0,12.5,31.7,139,25.17,962.6,loc_coimbatore,11.0168,76.9558,ECMWF_ERA5_Reanalysis
2017-02-23,36.1,22.7,28.4,35.7,24.5,29.1,0.0,18.6,38.5,66,25.56,963.9,loc_coimbatore,11.0168,76.9558,ECMWF_ERA5_Reanalysis
2017-02-24,35.9,22.9,28.5,35.7,21.7,28.1,0.0,20.3,43.9,67,25.64,964.6,loc_coimbatore,11.0168,76.9558,ECMWF_ERA5_Reanalysis
2017-02-25,36.4,21.0,28.3,34.7,22.0,27.4,0.0,18.0,40.7,65,25.96,964.4,loc_coimbatore,11.0168,76.9558,ECMWF_ERA5_Reanalysis
2017-02-26,35.5,21.9,28.1,35.3,22.5,28.7,0.0,14.8,36.0,86,25.28,962.8,loc_coimbatore,11.0168,76.9558,ECMWF_ERA5_Reanalysis
2017-02-27,33.9,22.4,27.7,33.1,23.9,27.8,0.0,17.4,40.3,71,23.56,963.6,loc_coimbatore,11.0168,76.9558,ECMWF_ERA5_Reanalysis
2017-02-28,33.9,21.2,27.7,32.9,22.5,27.4,0.0,19.5,42.8,63,24.89,963.8,loc_coimbatore,11.0168,76.9558,ECMWF_ERA5_Reanalysis
2017-03-01,34.7,21.0,27.5,31.8,22.5,26.4,0.0,21.9,47.2,60,25.11,963.7,loc_coimbatore,11.0168,76.9558,ECMWF_ERA5_Reanalysis
2017-03-02,34.4,21.4,27.8,33.9,21.6,27.1,0.0,19.2,42.1,63,21.26,962.6,loc_coimbatore,11.0168,76.9558,ECMWF_ERA5_Reanalysis
2017-03-03,34.6,23.1,28.1,35.8,23.0,28.7,0.0,18.7,37.4,66,22.49,961.0,loc_coimbatore,11.0168,76.9558,ECMWF_ERA5_Reanalysis
2017-03-04,34.5,23.7,27.5,37.9,26.2,30.1,2.0,17.6,38.5,96,18.79,960.9,loc_coimbatore,11.0168,76.9558,ECMWF_ERA5_Reanalysis
2017-03-05,32.0,23.3,27.4,35.8,27.5,30.7,0.5,13.0,30.6,209,19.7,960.7,loc_coimbatore,11.0168,76.9558,ECMWF_ERA5_Reanalysis
2017-03-06,31.4,24.0,27.2,34.8,27.6,30.5,2.0,15.2,33.5,219,19.38,960.5,loc_coimbatore,11.0168,76.9558,ECMWF_ERA5_Reanalysis
2017-03-07,31.3,23.7,27.1,35.9,28.0,30.5,3.1,15.5,36.4,213,15.85,960.6,loc_coimbatore,11.0168,76.9558,ECMWF_ERA5_Reanalysis
2017-03-08,31.7,23.3,26.8,36.1,27.0,30.4,0.3,12.3,29.2,202,16.62,960.8,loc_coimbatore,11.0168,76.9558,ECMWF_ERA5_Reanalysis
2017-03-09,31.2,23.2,26.6,33.1,27.6,30.3,3.6,12.6,27.7,210,16.54,960.4,loc_coimbatore,11.0168,76.9558,ECMWF_ERA5_Reanalysis
2017-03-10,33.2,22.8,26.8,37.0,27.0,29.8,2.4,20.1,47.2,213,20.39,961.1,loc_coimbatore,11.0168,76.9558,ECMWF_ERA5_Reanalysis
2017-03-11,32.7,22.2,27.1,35.5,26.3,29.4,0.1,19.5,37.1,212,21.03,962.4,loc_coimbatore,11.0168,76.9558,ECMWF_ERA5_Reanalysis
2017-03-12,33.3,22.4,27.5,36.7,25.4,29.8,0.0,15.3,32.4,211,21.84,962.5,loc_coimbatore,11.0168,76.9558,ECMWF_ERA5_Reanalysis
2017-03-13,34.5,22.3,27.9,38.3,25.2,30.4,1.3,16.5,33.8,213,22.4,962.5,loc_coimbatore,11.0168,76.9558,ECMWF_ERA5_Reanalysis
2017-03-14,32.2,23.5,27.3,35.9,26.2,30.2,8.3,15.2,32.0,15,17.56,963.2,loc_coimbatore,11.0168,76.9558,ECMWF_ERA5_Reanalysis
2017-03-15,32.5,22.5,26.7,35.3,25.0,29.2,7.7,14.6,38.9,27,18.51,963.8,loc_coimbatore,11.0168,76.9558,ECMWF_ERA5_Reanalysis
2017-03-16,32.1,24.0,27.2,36.1,25.8,29.9,0.1,14.0,28.1,18,19.19,963.8,loc_coimbatore,11.0168,76.9558,ECMWF_ERA5_Reanalysis
2017-03-17,34.2,23.3,27.7,38.1,25.3,30.7,0.0,15.8,34.2,41,23.6,963.1,loc_coimbatore,11.0168,76.9558,ECMWF_ERA5_Reanalysis
2017-03-18,33.4,23.3,27.6,38.3,27.4,31.0,0.5,19.0,40.3,210,22.72,963.6,loc_coimbatore,11.0168,76.9558,ECMWF_ERA5_Reanalysis
2017-03-19,33.8,23.2,27.8,37.4,26.7,31.0,0.0,16.7,37.1,212,22.25,963.9,loc_coimbatore,11.0168,76.9558,ECMWF_ERA5_Reanalysis
2017-03-20,34.4,23.7,28.0,36.5,27.5,30.6,0.5,18.1,38.5,217,21.6,963.5,loc_coimbatore,11.0168,76.9558,ECMWF_ERA5_Reanalysis
2017-03-21,34.7,24.0,28.6,37.6,27.0,31.2,0.2,12.7,36.4,214,21.01,964.0,loc_coimbatore,11.0168,76.9558,ECMWF_ERA5_Reanalysis
2017-03-22,36.0,24.0,29.3,37.1,28.3,31.8,0.8,15.8,38.5,90,24.04,963.6,loc_coimbatore,11.0168,76.9558,ECMWF_ERA5_Reanalysis
2017-03-23,36.5,23.8,29.1,37.2,26.4,31.0,0.0,15.5,36.7,75,26.85,963.5,loc_coimbatore,11.0168,76.9558,ECMWF_ERA5_Reanalysis
2017-03-24,37.1,23.5,29.3,36.8,27.7,30.7,0.0,16.4,37.1,75,27.18,963.1,loc_coimbatore,11.0168,76.9558,ECMWF_ERA5_Reanalysis
2017-03-25,38.0,22.4,29.9,36.4,26.3,30.5,0.0,19.9,42.5,93,27.5,963.5,loc_coimbatore,11.0168,76.9558,ECMWF_ERA5_Reanalysis
2017-03-26,38.4,23.3,30.2,37.2,27.9,31.5,0.0,22.1,47.5,84,27.35,963.3,loc_coimbatore,11.0168,76.9558,ECMWF_ERA5_Reanalysis
2017-03-27,37.9,23.4,29.7,36.6,25.3,30.4,0.1,16.5,37.8,92,27.7,964.1,loc_coimbatore,11.0168,76.9558,ECMWF_ERA5_Reanalysis
2017-03-28,37.8,23.4,29.7,38.5,25.6,31.2,0.0,17.3,32.8,154,27.08,964.1,loc_coimbatore,11.0168,76.9558,ECMWF_ERA5_Reanalysis
2017-03-29,38.3,23.4,29.9,38.2,27.6,32.2,0.2,16.8,39.2,112,25.42,963.4,loc_coimbatore,11.0168,76.9558,ECMWF_ERA5_Reanalysis
2017-03-30,38.3,23.6,30.3,37.8,27.9,31.8,0.0,14.7,34.9,90,26.64,963.5,loc_coimbatore,11.0168,76.9558,ECMWF_ERA5_Reanalysis
2017-03-31,38.5,23.7,30.5,38.0,28.7,32.1,0.0,17.9,41.0,79,26.92,964.2,loc_coimbatore,11.0168,76.9558,ECMWF_ERA5_Reanalysis
2017-04-01,39.6,24.0,30.8,39.5,28.3,32.6,0.0,15.2,37.4,166,27.38,963.4,loc_coimbatore,11.0168,76.9558,ECMWF_ERA5_Reanalysis
2017-04-02,38.8,24.9,30.5,39.1,28.6,32.7,0.0,18.4,39.6,199,24.65,962.2,loc_coimbatore,11.0168,76.9558,ECMWF_ERA5_Reanalysis
2017-04-03,38.5,24.2,30.0,39.5,28.1,32.7,0.0,20.4,47.2,206,23.83,962.4,loc_coimbatore,11.0168,76.9558,ECMWF_ERA5_Reanalysis
2017-04-04,36.0,24.6,29.3,39.8,28.5,32.5,0.0,22.9,49.0,217,22.76,963.0,loc_coimbatore,11.0168,76.9558,ECMWF_ERA5_Reanalysis
2017-04-05,37.1,24.7,29.5,40.5,28.5,32.6,0.4,18.0,44.6,214,23.97,962.5,loc_coimbatore,11.0168,76.9558,ECMWF_ERA5_Reanalysis
2017-04-06,37.2,24.3,29.6,39.8,27.9,32.4,5.0,24.8,53.3,217,22.55,961.6,loc_coimbatore,11.0168,76.9558,ECMWF_ERA5_Reanalysis
2017-04-07,37.3,24.4,30.1,39.4,27.6,32.4,0.2,17.9,44.6,207,22.98,961.5,loc_coimbatore,11.0168,76.9558,ECMWF_ERA5_Reanalysis
2017-04-08,38.1,25.3,30.8,39.6,28.5,33.7,0.0,18.4,34.6,198,24.67,961.2,loc_coimbatore,11.0168,76.9558,ECMWF_ERA5_Reanalysis
2017-04-09,38.1,25.0,30.2,40.3,29.2,33.2,0.1,20.2,44.3,214,23.73,961.3,loc_coimbatore,11.0168,76.9558,ECMWF_ERA5_Reanalysis
2017-04-10,36.5,24.3,29.5,39.4,28.4,32.3,0.1,23.9,55.8,214,23.67,960.8,loc_coimbatore,11.0168,76.9558,ECMWF_ERA5_Reanalysis
2017-04-11,36.2,25.1,29.4,39.2,28.9,32.6,0.0,22.0,54.7,214,21.67,960.6,loc_coimbatore,11.0168,76.9558,ECMWF_ERA5_Reanalysis
2017-04-12,37.9,24.9,30.2,41.2,28.5,33.4,0.0,16.8,40.3,210,23.07,961.0,loc_coimbatore,11.0168,76.9558,ECMWF_ERA5_Reanalysis
2017-04-13,38.1,25.5,30.1,39.3,30.1,33.5,0.0,25.7,54.4,211,23.71,961.4,loc_coimbatore,11.0168,76.9558,ECMWF_ERA5_Reanalysis
2017-04-14,36.8,24.8,29.4,39.0,29.0,32.5,0.0,20.8,48.2,211,23.03,960.9,loc_coimbatore,11.0168,76.9558,ECMWF_ERA5_Reanalysis
2017-04-15,36.4,24.8,29.4,39.2,28.6,32.0,0.6,24.4,51.5,215,23.76,959.7,loc_coimbatore,11.0168,76.9558,ECMWF_ERA5_Reanalysis
2017-04-16,35.5,24.8,29.1,37.9,28.4,31.9,0.7,23.4,51.5,221,24.15,960.3,loc_coimbatore,11.0168,76.9558,ECMWF_ERA5_Reanalysis
2017-04-17,35.4,24.3,28.9,38.2,27.8,31.4,0.6,23.4,47.9,223,21.7,961.3,loc_coimbatore,11.0168,76.9558,ECMWF_ERA5_Reanalysis
2017-04-18,35.9,24.4,29.1,39.5,27.9,31.9,2.3,25.0,50.4,220,21.73,961.0,loc_coimbatore,11.0168,76.9558,ECMWF_ERA5_Reanalysis
2017-04-19,35.9,25.3,29.1,38.6,28.9,32.2,1.1,23.0,51.1,224,22.26,961.2,loc_coimbatore,11.0168,76.9558,ECMWF_ERA5_Reanalysis
2017-04-20,34.8,24.8,28.5,38.4,28.4,31.4,2.1,19.6,42.8,225,22.74,961.2,loc_coimbatore,11.0168,76.9558,ECMWF_ERA5_Reanalysis
2017-04-21,32.2,24.7,27.9,35.0,27.5,30.4,2.7,23.2,47.9,226,21.35,961.9,loc_coimbatore,11.0168,76.9558,ECMWF_ERA5_Reanalysis
2017-04-22,35.2,24.2,28.3,38.6,27.3,31.2,1.2,18.4,41.4,222,22.26,961.6,loc_coimbatore,11.0168,76.9558,ECMWF_ERA5_Reanalysis
2017-04-23,34.6,24.7,28.7,39.8,28.1,31.9,2.4,19.1,44.3,215,22.91,961.5,loc_coimbatore,11.0168,76.9558,ECMWF_ERA5_Reanalysis
2017-04-24,35.3,24.7,29.2,38.4,27.8,31.5,0.9,19.7,43.9,218,22.86,961.5,loc_coimbatore,11.0168,76.9558,ECMWF_ERA5_Reanalysis
2017-04-25,35.3,24.6,28.8,39.5,27.7,31.6,8.6,19.4,40.7,212,22.64,961.7,loc_coimbatore,11.0168,76.9558,ECMWF_ERA5_Reanalysis
2017-04-26,36.3,25.1,29.6,38.8,28.9,32.2,0.0,18.7,46.8,216,22.68,961.6,loc_coimbatore,11.0168,76.9558,ECMWF_ERA5_Reanalysis
2017-04-27,36.2,24.9,29.6,40.2,28.6,32.6,0.2,21.4,40.7,217,22.95,961.9,loc_coimbatore,11.0168,76.9558,ECMWF_ERA5_Reanalysis
2017-04-28,36.6,24.7,29.7,39.0,28.6,32.4,0.0,18.3,41.8,219,24.84,962.0,loc_coimbatore,11.0168,76.9558,ECMWF_ERA5_Reanalysis
2017-04-29,37.4,24.7,29.7,39.8,28.6,32.8,0.3,21.9,46.8,216,23.81,962.3,loc_coimbatore,11.0168,76.9558,ECMWF_ERA5_Reanalysis
2017-04-30,37.8,25.3,30.5,41.1,29.5,33.3,0.2,15.3,41.4,204,22.63,961.8,loc_coimbatore,11.0168,76.9558,ECMWF_ERA5_Reanalysis
2017-05-01,35.2,25.4,29.0,38.9,29.6,32.4,4.4,18.9,40.7,213,21.48,962.5,loc_coimbatore,11.0168,76.9558,ECMWF_ERA5_Reanalysis
2017-05-02,35.7,24.6,28.8,40.3,28.4,32.1,2.7,15.7,46.8,215,22.46,963.1,loc_coimbatore,11.0168,76.9558,ECMWF_ERA5_Reanalysis
2017-05-03,35.7,24.4,29.1,40.1,28.4,32.6,0.7,16.3,41.4,218,21.34,962.9,loc_coimbatore,11.0168,76.9558,ECMWF_ERA5_Reanalysis
2017-05-04,36.6,24.6,29.6,39.4,28.6,33.0,0.0,20.4,47.5,215,22.44,962.7,loc_coimbatore,11.0168,76.9558,ECMWF_ERA5_Reanalysis
2017-05-05,36.9,25.0,29.5,40.9,29.4,33.1,2.2,19.4,42.8,213,22.56,962.6,loc_coimbatore,11.0168,76.9558,ECMWF_ERA5_Reanalysis
2017-05-06,36.5,24.6,29.4,40.5,28.5,32.9,0.9,20.6,44.3,215,22.68,963.1,loc_coimbatore,11.0168,76.9558,ECMWF_ERA5_Reanalysis
2017-05-07,35.7,24.2,28.9,40.6,27.7,32.5,0.4,21.1,44.6,209,20.78,963.4,loc_coimbatore,11.0168,76.9558,ECMWF_ERA5_Reanalysis
2017-05-08,35.0,23.3,28.8,37.9,26.9,31.9,3.5,18.6,44.6,215,20.52,962.5,loc_coimbatore,11.0168,76.9558,ECMWF_ERA5_Reanalysis
2017-05-09,34.9,24.4,28.4,38.3,28.5,31.6,6.8,17.9,40.7,214,21.87,961.4,loc_coimbatore,11.0168,76.9558,ECMWF_ERA5_Reanalysis
2017-05-10,35.4,25.0,28.8,39.6,28.9,32.4,9.9,16.3,36.4,209,22.46,961.2,loc_coimbatore,11.0168,76.9558,ECMWF_ERA5_Reanalysis
2017-05-11,32.0,24.1,27.9,34.7,27.4,31.4,1.6,15.3,35.6,212,14.73,961.4,loc_coimbatore,11.0168,76.9558,ECMWF_ERA5_Reanalysis
2017-05-12,33.2,24.4,28.5,37.7,29.2,32.6,5.3,13.3,33.5,215,18.41,961.3,loc_coimbatore,11.0168,76.9558,ECMWF_ERA5_Reanalysis
2017-05-13,35.1,24.7,28.7,39.9,29.1,32.7,0.8,19.0,40.0,221,23.06,960.8,loc_coimbatore,11.0168,76.9558,ECMWF_ERA5_Reanalysis
2017-05-14,35.2,24.5,28.7,39.3,28.0,31.9,1.6,24.1,52.2,218,24.27,960.3,loc_coimbatore,11.0168,76.9558,ECMWF_ERA5_Reanalysis
2017-05-15,35.5,23.9,28.7,39.1,26.5,31.6,1.4,19.7,43.6,220,24.71,959.9,loc_coimbatore,11.0168,76.9558,ECMWF_ERA5_Reanalysis
2017-05-16,35.7,24.9,29.2,39.3,28.7,32.2,2.3,23.9,49.3,219,23.17,959.0,loc_coimbatore,11.0168,76.9558,ECMWF_ERA5_Reanalysis
2017-05-17,35.5,24.3,29.2,38.1,27.2,32.0,1.0,23.7,51.1,221,24.68,959.3,loc_coimbatore,11.0168,76.9558,ECMWF_ERA5_Reanalysis
2017-05-18,36.5,24.9,29.1,40.0,28.9,32.0,0.7,24.8,47.5,217,23.41,960.4,loc_coimbatore,11.0168,76.9558,ECMWF_ERA5_Reanalysis
2017-05-19,35.0,23.2,28.3,36.9,25.8,31.0,0.0,23.2,49.0,215,22.1,961.1,loc_coimbatore,11.0168,76.9558,ECMWF_ERA5_Reanalysis
2017-05-20,34.6,25.9,28.6,37.1,29.4,31.7,4.8,23.6,51.8,219,18.87,960.2,loc_coimbatore,11.0168,76.9558,ECMWF_ERA5_Reanalysis
2017-05-21,34.7,24.5,28.4,39.2,28.4,32.2,2.6,25.3,51.8,217,20.31,958.8,loc_coimbatore,11.0168,76.9558,ECMWF_ERA5_Reanalysis
2017-05-22,32.1,24.9,28.1,36.3,28.6,32.0,3.8,23.3,49.3,217,21.21,959.5,loc_coimbatore,11.0168,76.9558,ECMWF_ERA5_Reanalysis
2017-05-23,33.6,24.8,28.9,37.4,28.8,32.1,0.0,22.7,47.9,220,22.9,959.4,loc_coimbatore,11.0168,76.9558,ECMWF_ERA5_Reanalysis
2017-05-24,33.9,24.5,28.4,37.6,27.8,31.8,0.5,22.1,45.7,216,22.33,959.0,loc_coimbatore,11.0168,76.9558,ECMWF_ERA5_Reanalysis
2017-05-25,33.5,24.6,28.0,37.7,27.7,31.3,2.7,21.3,46.4,216,20.73,958.4,loc_coimbatore,11.0168,76.9558,ECMWF_ERA5_Reanalysis
2017-05-26,33.6,23.5,28.3,36.6,25.9,30.6,0.4,23.0,49.0,221,23.85,958.6,loc_coimbatore,11.0168,76.9558,ECMWF_ERA5_Reanalysis
2017-05-27,32.5,24.8,28.0,35.0,27.5,30.6,0.9,23.2,49.3,218,21.26,958.8,loc_coimbatore,11.0168,76.9558,ECMWF_ERA5_Reanalysis
2017-05-28,33.3,24.6,27.9,35.5,27.1,30.1,0.0,22.9,48.2,221,21.49,959.0,loc_coimbatore,11.0168,76.9558,ECMWF_ERA5_Reanalysis
2017-05-29,34.4,23.8,27.5,37.0,26.5,30.0,0.8,23.7,48.2,216,23.84,958.6,loc_coimbatore,11.0168,76.9558,ECMWF_ERA5_Reanalysis
2017-05-30,30.3,22.9,25.9,32.2,25.1,27.8,3.5,30.2,61.2,215,20.99,958.8,loc_coimbatore,11.0168,76.9558,ECMWF_ERA5_Reanalysis
2017-05-31,30.2,22.9,25.9,31.8,25.4,28.1,0.5,25.5,52.6,217,20.63,958.7,loc_coimbatore,11.0168,76.9558,ECMWF_ERA5_Reanalysis
2017-06-01,31.2,22.9,25.8,33.6,25.5,28.2,4.2,23.4,49.0,218,16.63,958.4,loc_coimbatore,11.0168,76.9558,ECMWF_ERA5_Reanalysis
2017-06-02,30.2,23.0,26.0,31.4,25.1,27.6,0.0,29.5,58.7,224,17.37,959.1,loc_coimbatore,11.0168,76.9558,ECMWF_ERA5_Reanalysis
2017-06-03,29.4,23.1,25.4,31.1,25.6,27.5,0.2,30.8,62.3,218,15.95,960.4,loc_coimbatore,11.0168,76.9558,ECMWF_ERA5_Reanalysis
2017-06-04,32.5,23.1,27.0,35.4,25.7,29.4,0.0,27.0,55.4,216,22.67,960.2,loc_coimbatore,11.0168,76.9558,ECMWF_ERA5_Reanalysis
2017-06-05,32.0,23.1,26.9,34.7,25.3,29.4,2.7,22.2,46.8,218,22.97,960.3,loc_coimbatore,11.0168,76.9558,ECMWF_ERA5_Reanalysis
2017-06-06,32.3,23.3,26.5,35.3,26.1,29.2,4.4,22.2,47.9,216,19.53,960.8,loc_coimbatore,11.0168,76.9558,ECMWF_ERA5_Reanalysis
2017-06-07,32.2,23.0,25.9,35.9,25.9,29.1,14.2,23.3,48.2,207,18.22,961.6,loc_coimbatore,11.0168,76.9558,ECMWF_ERA5_Reanalysis
2017-06-08,32.2,22.9,26.5,34.7,25.8,29.1,0.2,18.9,38.5,210,17.25,960.5,loc_coimbatore,11.0168,76.9558,ECMWF_ERA5_Reanalysis
2017-06-09,30.9,23.3,26.0,32.6,25.5,28.1,0.0,24.4,50.0,213,14.97,959.8,loc_coimbatore,11.0168,76.9558,ECMWF_ERA5_Reanalysis
2017-06-10,27.6,21.8,23.6,28.9,23.2,25.6,17.6,28.7,56.9,209,11.89,959.7,loc_coimbatore,11.0168,76.9558,ECMWF_ERA5_Reanalysis
2017-06-11,25.6,21.9,23.0,27.1,23.1,24.6,7.0,24.5,50.0,210,6.56,959.5,loc_coimbatore,11.0168,76.9558,ECMWF_ERA5_Reanalysis
2017-06-12,27.6,22.1,24.1,28.9,23.8,25.9,0.8,26.0,52.2,210,12.9,959.3,loc_coimbatore,11.0168,76.9558,ECMWF_ERA5_Reanalysis
2017-06-13,29.3,22.5,25.0,31.6,24.7,27.3,0.1,25.5,52.9,212,15.35,959.2,loc_coimbatore,11.0168,76.9558,ECMWF_ERA5_Reanalysis
2017-06-14,30.6,22.8,26.0,34.0,25.2,28.7,3.4,23.3,48.2,214,19.72,960.3,loc_coimbatore,11.0168,76.9558,ECMWF_ERA5_Reanalysis
2017-06-15,30.6,22.9,26.3,33.6,25.2,28.9,2.1,24.8,50.0,214,19.22,960.4,loc_coimbatore,11.0168,76.9558,ECMWF_ERA5_Reanalysis
2017-06-16,29.7,23.4,25.9,32.1,26.6,28.9,6.2,21.8,44.3,212,16.33,960.3,loc_coimbatore,11.0168,76.9558,ECMWF_ERA5_Reanalysis
2017-06-17,30.4,22.9,26.2,33.4,26.1,29.2,13.0,21.2,43.9,210,19.71,960.2,loc_coimbatore,11.0168,76.9558,ECMWF_ERA5_Reanalysis
2017-06-18,31.2,23.0,26.4,35.3,26.3,29.4,2.4,23.2,47.5,211,22.17,959.5,loc_coimbatore,11.0168,76.9558,ECMWF_ERA5_Reanalysis
2017-06-19,32.8,22.9,26.7,35.8,25.7,29.3,3.6,23.2,47.9,214,21.42,959.2,loc_coimbatore,11.0168,76.9558,ECMWF_ERA5_Reanalysis
2017-06-20,30.3,23.3,25.9,31.6,25.7,28.2,2.9,24.0,47.9,213,15.21,959.9,loc_coimbatore,11.0168,76.9558,ECMWF_ERA5_Reanalysis
2017-06-21,30.6,23.0,25.7,32.1,25.5,28.1,1.4,24.5,53.3,215,18.82,960.4,loc_coimbatore,11.0168,76.9558,ECMWF_ERA5_Reanalysis
2017-06-22,29.6,22.3,25.7,32.0,24.7,28.1,8.4,24.1,48.2,212,17.29,960.7,loc_coimbatore,11.0168,76.9558,ECMWF_ERA5_Reanalysis
2017-06-23,30.7,22.5,25.7,33.0,24.9,27.8,4.6,26.0,53.3,215,21.6,960.3,loc_coimbatore,11.0168,76.9558,ECMWF_ERA5_Reanalysis
2017-06-24,28.9,22.1,24.6,30.3,23.7,26.2,9.8,27.7,64.4,215,16.75,958.9,loc_coimbatore,11.0168,76.9558,ECMWF_ERA5_Reanalysis
2017-06-25,24.6,21.6,23.0,26.5,23.2,24.6,5.1,27.0,50.4,207,8.22,957.9,loc_coimbatore,11.0168,76.9558,ECMWF_ERA5_Reanalysis
2017-06-26,26.5,21.5,23.4,27.7,23.2,25.2,2.4,28.6,61.2,212,9.62,959.5,loc_coimbatore,11.0168,76.9558,ECMWF_ERA5_Reanalysis
2017-06-27,24.3,21.1,22.2,25.9,22.0,23.7,44.5,25.2,55.1,208,6.58,960.4,loc_coimbatore,11.0168,76.9558,ECMWF_ERA5_Reanalysis
2017-06-28,25.9,20.8,22.3,27.9,21.9,23.9,3.0,26.6,46.8,210,7.63,960.8,loc_coimbatore,11.0168,76.9558,ECMWF_ERA5_Reanalysis
2017-06-29,28.6,21.5,24.5,30.1,23.3,26.5,0.0,27.8,55.4,213,15.29,960.3,loc_coimbatore,11.0168,76.9558,ECMWF_ERA5_Reanalysis
2017-06-30,29.6,22.2,25.0,31.9,24.2,27.2,0.0,25.5,49.0,210,17.81,959.5,loc_coimbatore,11.0168,76.9558,ECMWF_ERA5_Reanalysis
2017-07-01,29.4,22.1,24.9,33.4,24.0,27.4,8.9,22.1,44.3,205,17.99,959.6,loc_coimbatore,11.0168,76.9558,ECMWF_ERA5_Reanalysis
2017-07-02,29.4,22.2,24.8,32.8,24.5,27.3,2.5,22.5,45.4,208,16.2,959.9,loc_coimbatore,11.0168,76.9558,ECMWF_ERA5_Reanalysis
2017-07-03,26.5,22.2,23.6,29.2,24.7,26.6,6.2,21.6,41.4,206,7.42,960.9,loc_coimbatore,11.0168,76.9558,ECMWF_ERA5_Reanalysis
2017-07-04,30.3,21.8,25.6,33.8,24.5,28.4,1.9,20.7,43.6,210,20.83,960.9,loc_coimbatore,11.0168,76.9558,ECMWF_ERA5_Reanalysis
2017-07-05,30.5,22.6,25.8,33.1,25.3,28.3,3.4,23.5,47.2,211,20.69,961.1,loc_coimbatore,11.0168,76.9558,ECMWF_ERA5_Reanalysis
2017-07-06,28.8,22.3,25.0,31.5,24.6,27.2,1.5,21.9,44.6,210,16.68,961.0,loc_coimbatore,11.0168,76.9558,ECMWF_ERA5_Reanalysis
2017-07-07,30.1,22.3,25.3,32.9,24.6,27.8,3.3,22.2,46.4,210,18.39,960.6,loc_coimbatore,11.0168,76.9558,ECMWF_ERA5_Reanalysis
2017-07-08,28.8,22.8,25.1,32.3,25.4,27.9,17.3,19.2,40.0,210,17.5,960.6,loc_coimbatore,11.0168,76.9558,ECMWF_ERA5_Reanalysis
2017-07-09,29.7,22.2,25.1,32.2,24.5,27.4,1.6,21.4,43.2,212,16.79,960.5,loc_coimbatore,11.0168,76.9558,ECMWF_ERA5_Reanalysis
2017-07-10,29.2,22.0,25.0,31.3,24.0,26.8,0.0,25.7,52.2,215,17.75,961.1,loc_coimbatore,11.0168,76.9558,ECMWF_ERA5_Reanalysis
2017-07-11,29.7,22.0,24.9,31.8,24.2,27.1,0.1,21.0,42.8,211,14.76,961.2,loc_coimbatore,11.0168,76.9558,ECMWF_ERA5_Reanalysis
2017-07-12,30.2,22.3,25.3,32.4,25.3,27.9,1.0,21.1,43.2,208,14.2,960.9,loc_coimbatore,11.0168,76.9558,ECMWF_ERA5_Reanalysis
2017-07-13,31.2,22.6,25.4,33.4,24.5,27.9,8.0,21.3,42.5,211,19.8,960.7,loc_coimbatore,11.0168,76.9558,ECMWF_ERA5_Reanalysis
2017-07-14,28.3,21.5,24.3,29.3,23.3,26.0,0.1,22.2,44.3,211,12.58,960.7,loc_coimbatore,11.0168,76.9558,ECMWF_ERA5_Reanalysis
2017-07-15,29.0,21.5,24.8,29.5,23.3,26.3,0.0,26.2,52.6,212,14.97,961.0,loc_coimbatore,11.0168,76.9558,ECMWF_ERA5_Reanalysis
2017-07-16,30.4,21.9,25.1,31.4,24.1,26.7,0.0,26.5,54.7,212,19.32,960.3,loc_coimbatore,11.0168,76.9558,ECMWF_ERA5_Reanalysis
2017-07-17,30.3,22.0,25.0,30.6,23.5,26.2,0.0,31.1,62.6,217,19.48,959.2,loc_coimbatore,11.0168,76.9558,ECMWF_ERA5_Reanalysis
2017-07-18,28.8,21.5,24.3,29.3,22.6,25.5,0.5,29.8,77.8,213,17.52,959.4,loc_coimbatore,11.0168,76.9558,ECMWF_ERA5_Reanalysis
2017-07-19,28.2,21.5,24.1,28.8,22.8,25.6,1.0,28.5,56.2,212,14.93,959.2,loc_coimbatore,11.0168,76.9558,ECMWF_ERA5_Reanalysis
2017-07-20,29.0,21.6,24.2,29.9,22.8,25.8,1.4,28.7,69.1,212,16.03,959.3,loc_coimbatore,11.0168,76.9558,ECMWF_ERA5_Reanalysis
2017-07-21,30.9,21.8,25.3,32.7,23.7,27.1,0.6,25.7,52.2,212,18.71,960.1,loc_coimbatore,11.0168,76.9558,ECMWF_ERA5_Reanalysis
2017-07-22,32.0,22.2,26.5,34.5,24.2,28.9,2.1,22.0,46.1,212,21.54,960.2,loc_coimbatore,11.0168,76.9558,ECMWF_ERA5_Reanalysis
2017-07-23,32.7,22.9,27.0,34.6,26.1,29.2,0.1,25.3,52.9,216,23.66,960.1,loc_coimbatore,11.0168,76.9558,ECMWF_ERA5_Reanalysis
2017-07-24,32.9,22.8,27.0,34.8,25.9,29.3,0.2,23.2,49.7,213,22.98,960.1,loc_coimbatore,11.0168,76.9558,ECMWF_ERA5_Reanalysis
2017-07-25,33.2,22.4,27.0,36.6,25.3,29.9,1.6,18.1,38.9,201,22.5,959.3,loc_coimbatore,11.0168,76.9558,ECMWF_ERA5_Reanalysis
2017-07-26,33.3,22.8,26.9,36.8,25.6,29.4,3.3,20.6,42.5,209,21.52,959.4,loc_coimbatore,11.0168,76.9558,ECMWF_ERA5_Reanalysis
2017-07-27,33.0,22.9,26.7,35.7,25.7,29.1,2.2,22.2,46.8,211,22.48,960.3,loc_coimbatore,11.0168,76.9558,ECMWF_ERA5_Reanalysis
2017-07-28,32.1,22.2,26.3,34.8,24.4,28.6,5.2,22.4,47.9,211,22.44,961.1,loc_coimbatore,11.0168,76.9558,ECMWF_ERA5_Reanalysis
2017-07-29,32.7,22.3,26.6,36.7,24.5,29.5,4.2,20.6,37.8,208,21.83,961.6,loc_coimbatore,11.0168,76.9558,ECMWF_ERA5_Reanalysis
2017-07-30,31.2,23.2,26.2,34.4,26.7,29.1,7.5,19.4,39.2,208,19.38,960.9,loc_coimbatore,11.0168,76.9558,ECMWF_ERA5_Reanalysis
2017-07-31,29.6,23.0,25.8,32.8,26.4,28.8,4.5,19.9,41.8,209,16.65,961.0,loc_coimbatore,11.0168,76.9558,ECMWF_ERA5_Reanalysis
2017-08-01,32.5,22.5,26.3,36.9,25.7,29.3,2.7,19.3,41.4,211,20.17,961.4,loc_coimbatore,11.0168,76.9558,ECMWF_ERA5_Reanalysis
2017-08-02,31.1,23.5,26.3,33.9,26.9,29.0,0.9,22.8,46.1,210,18.97,961.6,loc_coimbatore,11.0168,76.9558,ECMWF_ERA5_Reanalysis
2017-08-03,30.7,22.8,25.5,32.2,24.6,27.4,0.0,28.0,56.5,216,21.29,960.9,loc_coimbatore,11.0168,76.9558,ECMWF_ERA5_Reanalysis
2017-08-04,31.6,21.9,25.5,34.2,23.4,27.7,2.1,21.6,45.4,213,19.9,959.0,loc_coimbatore,11.0168,76.9558,ECMWF_ERA5_Reanalysis
2017-08-05,26.8,22.1,23.6,28.5,23.8,26.1,30.7,21.5,43.6,206,6.76,958.3,loc_coimbatore,11.0168,76.9558,ECMWF_ERA5_Reanalysis
2017-08-06,30.1,22.1,25.4,33.9,24.7,28.1,6.7,21.0,42.5,210,19.97,958.1,loc_coimbatore,11.0168,76.9558,ECMWF_ERA5_Reanalysis
2017-08-07,30.7,22.5,25.5,34.8,25.2,28.4,9.5,21.6,45.7,211,19.89,958.7,loc_coimbatore,11.0168,76.9558,ECMWF_ERA5_Reanalysis
2017-08-08,30.2,22.8,25.8,33.9,25.4,28.8,6.6,18.6,38.2,211,18.28,959.5,loc_coimbatore,11.0168,76.9558,ECMWF_ERA5_Reanalysis
2017-08-09,29.2,22.5,25.0,32.9,25.1,28.1,4.5,17.8,36.4,208,14.8,959.9,loc_coimbatore,11.0168,76.9558,ECMWF_ERA5_Reanalysis
2017-08-10,27.8,22.3,24.5,31.3,25.4,27.9,5.2,18.1,37.4,201,12.9,960.1,loc_coimbatore,11.0168,76.9558,ECMWF_ERA5_Reanalysis
2017-08-11,29.3,22.2,24.6,31.9,24.7,27.2,8.9,25.0,50.0,215,17.22,960.9,loc_coimbatore,11.0168,76.9558,ECMWF_ERA5_Reanalysis
2017-08-12,31.1,22.2,25.5,34.6,24.7,28.5,1.5,16.3,35.3,209,19.68,961.3,loc_coimbatore,11.0168,76.9558,ECMWF_ERA5_Reanalysis
2017-08-13,28.9,22.7,24.7,31.1,26.0,28.0,14.9,17.4,34.9,204,12.38,962.1,loc_coimbatore,11.0168,76.9558,ECMWF_ERA5_Reanalysis
2017-08-14,30.3,22.6,25.3,33.7,26.1,28.7,13.3,14.9,33.5,212,17.45,962.5,loc_coimbatore,11.0168,76.9558,ECMWF_ERA5_Reanalysis
2017-08-15,29.1,22.5,24.7,33.5,25.9,28.3,4.8,15.8,35.6,207,14.67,961.9,loc_coimbatore,11.0168,76.9558,ECMWF_ERA5_Reanalysis
2017-08-16,29.3,21.8,24.5,32.3,24.3,26.9,3.3,23.7,47.2,214,18.09,960.5,loc_coimbatore,11.0168,76.9558,ECMWF_ERA5_Reanalysis
2017-08-17,30.2,22.1,25.0,34.0,24.3,27.2,1.8,24.8,50.0,214,19.95,958.8,loc_coimbatore,11.0168,76.9558,ECMWF_ERA5_Reanalysis
2017-08-18,29.5,21.9,24.4,31.9,23.5,26.3,8.2,24.7,51.1,213,16.61,957.8,loc_coimbatore,11.0168,76.9558,ECMWF_ERA5_Reanalysis
2017-08-19,27.2,21.8,23.6,28.4,23.0,25.1,5.8,29.0,56.9,213,12.68,958.1,loc_coimbatore,11.0168,76.9558,ECMWF_ERA5_Reanalysis
2017-08-20,30.3,21.7,24.4,33.4,23.2,26.3,2.3,25.3,50.8,213,16.36,958.0,loc_coimbatore,11.0168,76.9558,ECMWF_ERA5_Reanalysis
2017-08-21,25.3,21.6,23.0,28.6,23.2,25.3,8.7,24.3,43.6,208,9.26,958.2,loc_coimbatore,11.0168,76.9558,ECMWF_ERA5_Reanalysis
2017-08-22,26.6,21.6,23.4,28.3,23.2,25.4,0.9,22.0,43.9,210,9.78,958.7,loc_coimbatore,11.0168,76.9558,ECMWF_ERA5_Reanalysis
2017-08-23,29.8,22.0,25.0,33.9,24.8,28.2,11.0,18.3,34.6,206,16.95,959.4,loc_coimbatore,11.0168,76.9558,ECMWF_ERA5_Reanalysis
2017-08-24,28.9,22.5,24.6,33.1,25.4,27.7,8.7,18.4,35.3,204,14.39,959.2,loc_coimbatore,11.0168,76.9558,ECMWF_ERA5_Reanalysis
2017-08-25,29.7,22.6,25.0,31.8,25.9,27.8,2.3,21.0,42.1,208,14.24,958.6,loc_coimbatore,11.0168,76.9558,ECMWF_ERA5_Reanalysis
2017-08-26,30.2,22.3,25.1,32.7,24.4,27.2,0.1,25.2,52.2,214,21.92,957.4,loc_coimbatore,11.0168,76.9558,ECMWF_ERA5_Reanalysis
2017-08-27,28.2,21.9,24.0,29.1,23.3,25.6,0.6,27.6,54.7,215,14.8,956.9,loc_coimbatore,11.0168,76.9558,ECMWF_ERA5_Reanalysis
2017-08-28,24.0,21.8,22.7,27.0,23.7,24.9,56.2,25.0,51.5,207,3.77,956.5,loc_coimbatore,11.0168,76.9558,ECMWF_ERA5_Reanalysis
2017-08-29,23.7,21.9,22.4,25.8,22.8,24.1,16.6,26.9,49.7,210,5.38,957.5,loc_coimbatore,11.0168,76.9558,ECMWF_ERA5_Reanalysis
2017-08-30,29.5,21.7,24.6,33.8,23.7,27.5,8.1,19.3,40.7,209,18.21,959.4,loc_coimbatore,11.0168,76.9558,ECMWF_ERA5_Reanalysis
2017-08-31,30.2,22.2,25.6,34.4,25.6,29.2,0.3,16.1,31.0,203,19.04,960.8,loc_coimbatore,11.0168,76.9558,ECMWF_ERA5_Reanalysis
2017-09-01,29.2,22.8,25.2,34.1,25.8,29.1,7.1,14.6,31.7,209,17.95,961.1,loc_coimbatore,11.0168,76.9558,ECMWF_ERA5_Reanalysis
2017-09-02,29.7,22.6,25.3,36.3,26.5,29.6,2.9,15.2,31.0,208,21.7,960.7,loc_coimbatore,11.0168,76.9558,ECMWF_ERA5_Reanalysis
2017-09-03,28.5,22.9,25.0,33.0,26.7,28.8,0.7,17.3,36.7,208,18.86,961.0,loc_coimbatore,11.0168,76.9558,ECMWF_ERA5_Reanalysis
2017-09-04,30.0,22.5,25.8,36.4,26.5,30.2,2.5,14.3,33.8,209,20.56,961.0,loc_coimbatore,11.0168,76.9558,ECMWF_ERA5_Reanalysis
2017-09-05,30.1,22.7,25.7,35.9,26.1,29.8,7.6,17.8,38.9,208,22.04,960.7,loc_coimbatore,11.0168,76.9558,ECMWF_ERA5_Reanalysis
2017-09-06,29.2,22.2,25.1,33.1,25.4,28.5,2.1,18.9,39.6,212,19.36,960.0,loc_coimbatore,11.0168,76.9558,ECMWF_ERA5_Reanalysis
2017-09-07,29.5,22.7,25.2,34.3,25.9,29.0,5.4,18.5,36.7,209,18.55,959.2,loc_coimbatore,11.0168,76.9558,ECMWF_ERA5_Reanalysis
2017-09-08,28.9,22.3,25.2,33.1,25.7,28.9,4.1,16.3,37.4,212,18.13,959.4,loc_coimbatore,11.0168,76.9558,ECMWF_ERA5_Reanalysis
2017-09-09,26.8,22.8,24.3,30.2,26.5,28.1,8.3,19.2,37.8,214,10.92,959.2,loc_coimbatore,11.0168,76.9558,ECMWF_ERA5_Reanalysis
2017-09-10,29.5,21.9,25.4,34.2,25.6,29.7,3.7,15.8,33.5,201,18.78,958.8,loc_coimbatore,11.0168,76.9558,ECMWF_ERA5_Reanalysis
2017-09-11,29.7,22.7,25.2,35.3,26.3,29.6,9.3,10.0,31.0,26,15.62,959.7,loc_coimbatore,11.0168,76.9558,ECMWF_ERA5_Reanalysis
2017-09-12,29.4,22.7,25.6,34.3,26.2,29.4,3.9,15.3,29.9,2,13.15,960.6,loc_coimbatore,11.0168,76.9558,ECMWF_ERA5_Reanalysis
2017-09-13,31.0,23.8,25.9,35.8,26.3,29.6,27.7,15.7,29.9,11,18.48,961.0,loc_coimbatore,11.0168,76.9558,ECMWF_ERA5_Reanalysis
2017-09-14,28.8,22.9,25.2,31.7,25.2,27.5,4.7,27.3,56.5,229,20.9,961.2,loc_coimbatore,11.0168,76.9558,ECMWF_ERA5_Reanalysis
2017-09-15,29.1,22.5,25.3,31.8,24.9,27.5,0.0,23.4,47.9,218,17.96,960.4,loc_coimbatore,11.0168,76.9558,ECMWF_ERA5_Reanalysis
2017-09-16,27.7,22.4,24.5,29.0,24.2,26.2,0.5,28.8,58.3,220,18.58,960.2,loc_coimbatore,11.0168,76.9558,ECMWF_ERA5_Reanalysis
2017-09-17,27.1,21.5,23.0,28.4,22.6,24.5,18.6,29.7,58.7,217,14.85,961.4,loc_coimbatore,11.0168,76.9558,ECMWF_ERA5_Reanalysis
2017-09-18,25.7,21.3,22.7,26.9,22.8,24.5,12.3,23.7,50.8,210,9.74,962.4,loc_coimbatore,11.0168,76.9558,ECMWF_ERA5_Reanalysis
2017-09-19,28.8,21.5,24.0,30.9,22.9,25.7,0.0,27.0,54.0,217,21.28,961.6,loc_coimbatore,11.0168,76.9558,ECMWF_ERA5_Reanalysis
2017-09-20,28.7,21.1,24.0,30.6,22.8,25.7,0.1,26.8,53.6,219,20.74,960.9,loc_coimbatore,11.0168,76.9558,ECMWF_ERA5_Reanalysis
2017-09-21,28.6,21.1,24.2,30.8,23.3,26.3,0.0,25.2,51.5,212,20.58,960.3,loc_coimbatore,11.0168,76.9558,ECMWF_ERA5_Reanalysis
2017-09-22,30.0,21.9,25.3,33.8,24.7,28.1,1.2,19.0,37.8,207,20.16,960.8,loc_coimbatore,11.0168,76.9558,ECMWF_ERA5_Reanalysis
2017-09-23,30.5,22.3,25.8,33.5,25.2,28.9,0.0,13.4,27.7,209,21.1,961.8,loc_coimbatore,11.0168,76.9558,ECMWF_ERA5_Reanalysis
2017-09-24,31.1,22.4,26.1,34.5,25.2,29.0,0.6,16.9,36.4,215,21.42,961.6,loc_coimbatore,11.0168,76.9558,ECMWF_ERA5_Reanalysis
2017-09-25,27.0,22.0,24.2,30.1,25.2,27.5,8.3,15.9,32.4,205,8.93,960.6,loc_coimbatore,11.0168,76.9558,ECMWF_ERA5_Reanalysis
2017-09-26,28.6,22.8,24.9,31.5,25.8,28.0,7.5,18.7,39.2,210,16.75,959.7,loc_coimbatore,11.0168,76.9558,ECMWF_ERA5_Reanalysis
2017-09-27,27.0,22.2,23.9,29.3,25.2,26.6,11.4,22.7,46.1,211,12.16,960.2,loc_coimbatore,11.0168,76.9558,ECMWF_ERA5_Reanalysis
2017-09-28,26.3,21.7,23.2,27.7,23.7,25.3,19.2,26.3,52.2,214,12.17,959.8,loc_coimbatore,11.0168,76.9558,ECMWF_ERA5_Reanalysis
2017-09-29,27.7,21.5,24.1,29.9,22.9,26.1,0.0,24.8,48.2,214,16.36,959.8,loc_coimbatore,11.0168,76.9558,ECMWF_ERA5_Reanalysis
2017-09-30,29.5,21.9,25.1,32.9,24.7,27.9,0.0,21.8,42.8,216,19.29,960.8,loc_coimbatore,11.0168,76.9558,ECMWF_ERA5_Reanalysis
2017-10-01,28.5,22.5,24.9,31.4,25.3,27.4,0.7,23.2,47.5,219,17.96,961.0,loc_coimbatore,11.0168,76.9558,ECMWF_ERA5_Reanalysis
2017-10-02,29.0,22.2,24.9,31.7,25.0,27.5,4.5,23.4,45.0,222,17.12,959.8,loc_coimbatore,11.0168,76.9558,ECMWF_ERA5_Reanalysis
2017-10-03,30.4,22.2,25.6,33.7,25.0,28.5,0.1,21.6,44.3,221,22.54,959.8,loc_coimbatore,11.0168,76.9558,ECMWF_ERA5_Reanalysis
2017-10-04,31.1,22.4,25.9,35.2,25.8,29.3,0.5,19.8,44.3,216,21.53,960.0,loc_coimbatore,11.0168,76.9558,ECMWF_ERA5_Reanalysis
2017-10-05,29.1,22.7,25.6,33.2,26.6,29.4,8.8,17.3,36.7,217,18.52,958.9,loc_coimbatore,11.0168,76.9558,ECMWF_ERA5_Reanalysis
2017-10-06,29.0,22.5,25.0,33.1,26.2,28.7,1.9,16.7,34.6,212,16.59,958.6,loc_coimbatore,11.0168,76.9558,ECMWF_ERA5_Reanalysis
2017-10-07,29.9,22.7,25.6,34.9,26.2,29.1,0.1,19.3,39.6,210,19.8,959.0,loc_coimbatore,11.0168,76.9558,ECMWF_ERA5_Reanalysis
2017-10-08,30.3,22.7,26.0,33.6,26.0,28.9,0.4,21.6,43.9,216,19.58,958.9,loc_coimbatore,11.0168,76.9558,ECMWF_ERA5_Reanalysis
2017-10-09,29.7,22.6,25.7,33.2,25.7,28.8,0.1,18.8,39.2,216,18.76,958.9,loc_coimbatore,11.0168,76.9558,ECMWF_ERA5_Reanalysis
2017-10-10,30.3,22.5,26.1,34.7,26.3,29.6,0.2,18.9,42.1,214,20.78,958.3,loc_coimbatore,11.0168,76.9558,ECMWF_ERA5_Reanalysis
2017-10-11,31.1,22.8,26.5,33.9,27.2,29.8,0.0,18.1,38.2,219,19.7,958.8,loc_coimbatore,11.0168,76.9558,ECMWF_ERA5_Reanalysis
2017-10-12,28.8,22.9,25.4,32.8,26.6,29.0,2.7,17.1,36.7,216,12.79,959.4,loc_coimbatore,11.0168,76.9558,ECMWF_ERA5_Reanalysis
2017-10-13,29.5,22.7,25.2,33.6,26.1,28.6,8.2,19.1,37.8,217,14.52,958.9,loc_coimbatore,11.0168,76.9558,ECMWF_ERA5_Reanalysis
2017-10-14,27.4,22.4,23.8,30.3,25.4,26.8,6.9,20.8,40.3,216,7.93,959.2,loc_coimbatore,11.0168,76.9558,ECMWF_ERA5_Reanalysis
2017-10-15,27.8,22.2,24.2,29.0,23.5,26.2,0.1,23.2,46.4,215,12.4,960.2,loc_coimbatore,11.0168,76.9558,ECMWF_ERA5_Reanalysis
2017-10-16,30.0,22.3,25.0,32.7,25.0,27.6,6.2,19.6,41.0,210,14.85,960.4,loc_coimbatore,11.0168,76.9558,ECMWF_ERA5_Reanalysis
2017-10-17,25.0,22.0,23.2,28.9,24.9,26.9,7.2,14.6,28.8,200,7.65,960.0,loc_coimbatore,11.0168,76.9558,ECMWF_ERA5_Reanalysis
2017-10-18,28.2,21.7,24.6,31.5,24.6,27.8,0.7,17.3,35.6,214,12.12,959.5,loc_coimbatore,11.0168,76.9558,ECMWF_ERA5_Reanalysis
2017-10-19,31.0,22.3,25.8,35.5,25.7,29.0,0.5,15.5,32.8,217,19.4,959.5,loc_coimbatore,11.0168,76.9558,ECMWF_ERA5_Reanalysis
2017-10-20,30.2,23.0,26.0,34.2,26.2,29.2,0.5,19.5,38.5,217,19.14,960.8,loc_coimbatore,11.0168,76.9558,ECMWF_ERA5_Reanalysis
2017-10-21,29.3,22.7,25.2,33.0,26.2,28.6,18.7,18.9,40.0,221,14.48,961.8,loc_coimbatore,11.0168,76.9558,ECMWF_ERA5_Reanalysis
2017-10-22,29.7,22.4,25.4,33.6,25.7,28.8,0.6,17.9,37.1,209,19.53,962.3,loc_coimbatore,11.0168,76.9558,ECMWF_ERA5_Reanalysis
2017-10-23,30.3,22.2,25.5,33.2,25.2,28.3,0.0,15.3,33.1,206,22.49,962.3,loc_coimbatore,11.0168,76.9558,ECMWF_ERA5_Reanalysis
2017-10-24,31.4,21.2,25.4,36.3,24.3,28.7,0.0,16.2,34.2,212,21.69,963.3,loc_coimbatore,11.0168,76.9558,ECMWF_ERA5_Reanalysis
2017-10-25,31.2,21.0,25.8,34.5,24.2,29.6,3.3,9.1,24.8,109,18.87,964.2,loc_coimbatore,11.0168,76.9558,ECMWF_ERA5_Reanalysis
2017-10-26,28.3,22.3,24.7,32.9,24.8,28.2,16.6,12.6,28.1,26,14.28,964.7,loc_coimbatore,11.0168,76.9558,ECMWF_ERA5_Reanalysis
2017-10-27,29.1,22.4,24.8,35.1,26.4,29.2,19.5,9.7,28.1,170,17.18,963.7,loc_coimbatore,11.0168,76.9558,ECMWF_ERA5_Reanalysis
2017-10-28,27.3,22.5,24.5,30.0,26.1,28.0,3.9,14.3,29.5,46,11.87,963.6,loc_coimbatore,11.0168,76.9558,ECMWF_ERA5_Reanalysis
2017-10-29,30.7,22.4,26.0,32.0,25.5,28.2,0.0,13.8,28.8,47,20.85,963.5,loc_coimbatore,11.0168,76.9558,ECMWF_ERA5_Reanalysis
2017-10-30,31.1,22.7,26.1,34.4,24.8,28.4,1.6,19.8,36.7,71,20.76,963.0,loc_coimbatore,11.0168,76.9558,ECMWF_ERA5_Reanalysis
2017-10-31,26.1,22.4,24.3,28.7,25.0,26.6,0.8,19.1,39.6,55,10.22,962.2,loc_coimbatore,11.0168,76.9558,ECMWF_ERA5_Reanalysis
2017-11-01,28.1,21.8,24.8,30.9,24.4,27.1,1.0,15.3,33.1,60,13.86,962.7,loc_coimbatore,11.0168,76.9558,ECMWF_ERA5_Reanalysis
2017-11-02,30.0,22.3,25.3,32.9,24.8,28.2,0.4,17.3,35.3,66,17.44,962.0,loc_coimbatore,11.0168,76.9558,ECMWF_ERA5_Reanalysis
2017-11-03,29.4,21.9,25.5,31.1,25.4,27.9,0.4,18.7,38.5,69,20.79,960.9,loc_coimbatore,11.0168,76.9558,ECMWF_ERA5_Reanalysis
2017-11-04,28.0,21.8,24.0,29.0,24.6,26.3,5.8,17.2,35.3,52,8.5,961.0,loc_coimbatore,11.0168,76.9558,ECMWF_ERA5_Reanalysis
2017-11-05,27.7,21.2,23.5,30.4,23.3,26.3,16.9,15.3,36.7,34,9.82,961.8,loc_coimbatore,11.0168,76.9558,ECMWF_ERA5_Reanalysis
2017-11-06,25.8,21.8,23.3,29.5,24.8,26.6,27.1,14.5,33.1,36,9.67,962.6,loc_coimbatore,11.0168,76.9558,ECMWF_ERA5_Reanalysis
2017-11-07,27.8,21.5,23.9,32.1,24.6,27.2,5.4,14.0,29.2,45,15.98,963.2,loc_coimbatore,11.0168,76.9558,ECMWF_ERA5_Reanalysis
2017-11-08,27.9,21.8,24.0,31.0,24.6,27.1,7.3,16.3,33.1,42,14.23,963.4,loc_coimbatore,11.0168,76.9558,ECMWF_ERA5_Reanalysis
2017-11-09,28.9,21.4,24.6,31.7,23.9,27.4,2.6,14.5,31.3,50,19.31,962.2,loc_coimbatore,11.0168,76.9558,ECMWF_ERA5_Reanalysis
2017-11-10,29.5,21.4,25.0,32.5,23.3,27.4,0.1,11.5,25.9,69,21.28,962.0,loc_coimbatore,11.0168,76.9558,ECMWF_ERA5_Reanalysis
2017-11-11,28.3,21.6,24.6,30.6,24.8,27.6,0.0,10.6,23.8,73,13.83,961.8,loc_coimbatore,11.0168,76.9558,ECMWF_ERA5_Reanalysis
2017-11-12,29.3,22.1,25.1,33.6,24.7,27.9,0.0,8.8,23.0,164,20.46,960.7,loc_coimbatore,11.0168,76.9558,ECMWF_ERA5_Reanalysis
2017-11-13,28.8,20.5,25.0,33.1,23.0,28.0,0.0,11.3,25.6,206,20.9,959.9,loc_coimbatore,11.0168,76.9558,ECMWF_ERA5_Reanalysis
2017-11-14,28.9,21.0,24.7,30.4,24.2,27.5,0.8,11.8,27.7,209,15.31,959.8,loc_coimbatore,11.0168,76.9558,ECMWF_ERA5_Reanalysis
2017-11-15,28.8,22.2,24.7,31.2,24.7,27.5,0.9,18.1,36.0,215,16.45,960.1,loc_coimbatore,11.0168,76.9558,ECMWF_ERA5_Reanalysis
2017-11-16,29.0,21.5,24.9,33.1,23.9,27.9,0.0,10.8,24.8,211,17.78,960.5,loc_coimbatore,11.0168,76.9558,ECMWF_ERA5_Reanalysis
2017-11-17,30.0,21.9,25.7,34.3,25.5,29.2,2.2,12.3,25.2,20,17.76,960.8,loc_coimbatore,11.0168,76.9558,ECMWF_ERA5_Reanalysis
2017-11-18,30.7,22.4,26.1,33.9,24.7,28.6,1.7,14.8,33.5,18,18.9,961.7,loc_coimbatore,11.0168,76.9558,ECMWF_ERA5_Reanalysis
2017-11-19,29.7,22.9,25.8,33.7,25.1,29.2,2.6,10.9,25.2,31,17.4,962.8,loc_coimbatore,11.0168,76.9558,ECMWF_ERA5_Reanalysis
2017-11-20,29.9,22.6,25.9,33.1,25.3,29.1,2.0,11.8,27.7,33,16.38,963.3,loc_coimbatore,11.0168,76.9558,ECMWF_ERA5_Reanalysis
2017-11-21,29.9,22.2,25.6,32.8,26.0,28.7,4.3,14.6,32.4,46,16.4,962.8,loc_coimbatore,11.0168,76.9558,ECMWF_ERA5_Reanalysis
2017-11-22,29.9,22.9,25.9,32.2,25.7,28.6,2.7,14.2,32.4,41,16.95,962.1,loc_coimbatore,11.0168,76.9558,ECMWF_ERA5_Reanalysis
2017-11-23,31.2,21.7,26.0,33.7,25.1,28.5,0.8,12.2,28.4,41,20.05,962.3,loc_coimbatore,11.0168,76.9558,ECMWF_ERA5_Reanalysis
2017-11-24,30.9,21.8,26.5,33.0,24.3,28.6,0.0,14.5,32.0,65,17.78,963.3,loc_coimbatore,11.0168,76.9558,ECMWF_ERA5_Reanalysis
2017-11-25,31.0,22.5,26.0,32.3,24.8,28.2,4.8,14.9,33.5,49,17.6,963.8,loc_coimbatore,11.0168,76.9558,ECMWF_ERA5_Reanalysis
2017-11-26,29.5,22.7,25.1,30.4,24.5,27.0,0.9,14.6,31.0,53,10.94,964.3,loc_coimbatore,11.0168,76.9558,ECMWF_ERA5_Reanalysis
2017-11-27,29.7,22.3,24.7,32.2,25.2,27.5,4.2,17.3,40.3,48,12.14,963.2,loc_coimbatore,11.0168,76.9558,ECMWF_ERA5_Reanalysis
2017-11-28,28.7,22.4,25.2,30.0,25.2,27.4,1.3,18.2,37.8,56,14.76,962.9,loc_coimbatore,11.0168,76.9558,ECMWF_ERA5_Reanalysis
2017-11-29,29.0,22.6,25.0,29.4,24.5,26.3,3.2,20.5,41.8,49,11.08,962.9,loc_coimbatore,11.0168,76.9558,ECMWF_ERA5_Reanalysis
2017-11-30,25.7,22.2,23.3,25.8,23.6,24.4,12.2,31.4,60.5,41,6.12,960.7,loc_coimbatore,11.0168,76.9558,ECMWF_ERA5_Reanalysis
2017-12-01,25.9,21.8,22.8,28.5,23.0,24.9,45.7,25.8,51.1,46,6.54,960.3,loc_coimbatore,11.0168,76.9558,ECMWF_ERA5_Reanalysis
2017-12-02,25.6,21.4,22.9,29.3,24.4,26.0,25.0,12.5,25.6,34,7.86,962.6,loc_coimbatore,11.0168,76.9558,ECMWF_ERA5_Reanalysis
2017-12-03,26.6,21.1,23.4,29.2,23.7,26.2,0.1,11.2,25.2,45,13.23,963.7,loc_coimbatore,11.0168,76.9558,ECMWF_ERA5_Reanalysis
2017-12-04,27.3,21.7,23.9,30.3,24.8,27.0,0.4,9.4,22.0,79,11.53,962.9,loc_coimbatore,11.0168,76.9558,ECMWF_ERA5_Reanalysis
2017-12-05,28.1,21.4,24.1,30.9,24.8,27.2,0.3,7.6,20.2,131,13.74,962.1,loc_coimbatore,11.0168,76.9558,ECMWF_ERA5_Reanalysis
2017-12-06,27.2,21.3,23.6,30.9,24.9,27.2,1.0,6.5,17.6,178,13.91,961.9,loc_coimbatore,11.0168,76.9558,ECMWF_ERA5_Reanalysis
2017-12-07,28.4,20.8,24.4,32.4,24.2,28.1,0.8,5.8,18.4,82,16.21,961.5,loc_coimbatore,11.0168,76.9558,ECMWF_ERA5_Reanalysis
2017-12-08,29.2,21.1,25.0,33.0,24.2,28.2,0.3,9.0,22.3,107,19.48,962.0,loc_coimbatore,11.0168,76.9558,ECMWF_ERA5_Reanalysis
2017-12-09,29.7,21.1,24.9,33.6,23.2,27.8,0.0,9.4,22.7,52,21.13,962.7,loc_coimbatore,11.0168,76.9558,ECMWF_ERA5_Reanalysis
2017-12-10,29.1,21.3,25.3,30.9,22.9,27.7,0.2,13.0,28.8,45,16.96,963.8,loc_coimbatore,11.0168,76.9558,ECMWF_ERA5_Reanalysis
2017-12-11,29.2,21.7,25.1,31.7,24.1,27.8,0.0,9.1,23.8,66,16.57,964.9,loc_coimbatore,11.0168,76.9558,ECMWF_ERA5_Reanalysis
2017-12-12,28.2,21.5,24.5,31.5,24.2,27.9,0.9,11.1,24.1,35,13.61,965.2,loc_coimbatore,11.0168,76.9558,ECMWF_ERA5_Reanalysis
2017-12-13,28.5,21.8,24.0,32.9,25.1,27.8,6.9,10.0,25.6,332,13.56,965.1,loc_coimbatore,11.0168,76.9558,ECMWF_ERA5_Reanalysis
2017-12-14,28.6,22.4,24.8,32.4,24.9,27.6,1.6,10.6,28.4,39,14.03,965.2,loc_coimbatore,11.0168,76.9558,ECMWF_ERA5_Reanalysis
2017-12-15,28.8,20.7,24.6,30.0,23.6,26.8,0.0,13.9,30.2,54,15.83,965.5,loc_coimbatore,11.0168,76.9558,ECMWF_ERA5_Reanalysis
2017-12-16,28.2,22.0,24.7,28.2,24.3,26.1,0.3,20.3,41.0,56,14.31,966.2,loc_coimbatore,11.0168,76.9558,ECMWF_ERA5_Reanalysis
2017-12-17,29.2,20.3,24.2,28.9,22.0,24.7,0.0,20.2,41.4,46,18.42,966.9,loc_coimbatore,11.0168,76.9558,ECMWF_ERA5_Reanalysis
2017-12-18,28.2,18.7,23.2,28.3,19.5,23.4,0.0,17.2,36.0,45,20.67,967.2,loc_coimbatore,11.0168,76.9558,ECMWF_ERA5_Reanalysis
2017-12-19,29.9,19.6,24.0,29.3,20.5,24.4,0.0,19.9,40.7,59,17.66,966.2,loc_coimbatore,11.0168,76.9558,ECMWF_ERA5_Reanalysis
2017-12-20,29.9,22.1,25.4,29.4,23.0,26.0,0.3,18.4,38.9,50,15.83,966.4,loc_coimbatore,11.0168,76.9558,ECMWF_ERA5_Reanalysis
2017-12-21,29.8,20.0,23.8,30.8,21.8,25.1,5.4,18.5,37.4,55,16.66,966.6,loc_coimbatore,11.0168,76.9558,ECMWF_ERA5_Reanalysis
2017-12-22,28.3,19.8,23.9,28.0,21.6,24.9,1.3,18.5,39.2,46,15.47,965.5,loc_coimbatore,11.0168,76.9558,ECMWF_ERA5_Reanalysis
2017-12-23,28.7,20.5,24.3,28.2,22.8,25.3,0.0,17.0,35.6,56,14.3,963.7,loc_coimbatore,11.0168,76.9558,ECMWF_ERA5_Reanalysis
2017-12-24,29.3,19.6,24.2,29.2,21.3,24.9,0.1,14.8,32.0,54,20.08,963.6,loc_coimbatore,11.0168,76.9558,ECMWF_ERA5_Reanalysis
2017-12-25,30.9,19.8,24.8,30.7,22.4,26.1,0.1,14.8,29.9,62,16.73,963.9,loc_coimbatore,11.0168,76.9558,ECMWF_ERA5_Reanalysis
2017-12-26,30.8,21.8,25.8,30.5,24.2,26.7,0.1,16.3,36.4,53,20.4,964.3,loc_coimbatore,11.0168,76.9558,ECMWF_ERA5_Reanalysis
2017-12-27,30.2,20.1,24.6,30.1,22.5,25.3,0.0,15.3,34.9,59,20.77,964.3,loc_coimbatore,11.0168,76.9558,ECMWF_ERA5_Reanalysis
2017-12-28,29.2,19.9,23.6,28.4,21.2,23.6,0.0,16.8,37.4,57,19.71,964.1,loc_coimbatore,11.0168,76.9558,ECMWF_ERA5_Reanalysis
2017-12-29,28.5,19.7,23.4,28.2,20.3,23.4,0.0,16.1,34.9,54,20.04,964.5,loc_coimbatore,11.0168,76.9558,ECMWF_ERA5_Reanalysis
2017-12-30,30.2,20.5,24.8,31.2,22.7,25.9,1.1,12.8,28.8,56,17.97,963.8,loc_coimbatore,11.0168,76.9558,ECMWF_ERA5_Reanalysis
2017-12-31,29.6,21.0,25.1,30.5,22.7,26.5,0.0,10.9,25.2,68,16.3,962.9,loc_coimbatore,11.0168,76.9558,ECMWF_ERA5_Reanalysis
2018-01-01,30.7,20.1,25.0,32.9,23.2,26.9,0.0,16.3,33.1,187,19.13,961.4,loc_coimbatore,11.0168,76.9558,ECMWF_ERA5_Reanalysis
2018-01-02,31.2,19.5,25.2,33.1,21.2,26.9,0.0,13.0,27.7,218,19.05,961.2,loc_coimbatore,11.0168,76.9558,ECMWF_ERA5_Reanalysis
2018-01-03,29.9,21.3,24.8,32.1,22.9,26.9,2.1,11.8,25.6,29,15.7,962.7,loc_coimbatore,11.0168,76.9558,ECMWF_ERA5_Reanalysis
2018-01-04,29.3,21.3,24.8,29.6,23.6,26.0,1.1,14.3,33.5,68,13.38,963.7,loc_coimbatore,11.0168,76.9558,ECMWF_ERA5_Reanalysis
2018-01-05,30.1,19.3,24.2,30.3,20.2,24.5,0.0,13.0,32.4,62,20.29,962.9,loc_coimbatore,11.0168,76.9558,ECMWF_ERA5_Reanalysis
2018-01-06,29.9,18.4,24.2,30.5,18.6,24.5,0.0,13.7,28.8,43,19.96,962.6,loc_coimbatore,11.0168,76.9558,ECMWF_ERA5_Reanalysis
2018-01-07,30.2,19.0,24.5,31.2,19.1,24.7,0.0,10.9,25.6,63,20.85,962.9,loc_coimbatore,11.0168,76.9558,ECMWF_ERA5_Reanalysis
2018-01-08,29.7,18.4,23.8,29.4,18.5,23.3,0.0,13.3,31.3,60,21.31,963.7,loc_coimbatore,11.0168,76.9558,ECMWF_ERA5_Reanalysis
2018-01-09,30.4,19.2,23.7,30.4,20.5,24.3,0.1,19.1,35.3,49,17.91,965.1,loc_coimbatore,11.0168,76.9558,ECMWF_ERA5_Reanalysis
2018-01-10,28.1,21.3,23.9,28.2,23.6,25.5,3.2,19.5,39.6,37,9.04,965.8,loc_coimbatore,11.0168,76.9558,ECMWF_ERA5_Reanalysis
2018-01-11,32.2,21.0,25.6,32.1,23.2,27.1,1.9,14.7,32.0,39,15.79,965.7,loc_coimbatore,11.0168,76.9558,ECMWF_ERA5_Reanalysis
2018-01-12,30.5,22.4,25.9,31.4,25.0,27.8,0.6,13.3,29.2,58,14.97,965.0,loc_coimbatore,11.0168,76.9558,ECMWF_ERA5_Reanalysis
2018-01-13,32.6,22.0,26.2,32.9,23.8,27.2,0.0,15.3,34.6,57,20.58,964.4,loc_coimbatore,11.0168,76.9558,ECMWF_ERA5_Reanalysis
2018-01-14,32.5,19.5,25.4,31.0,21.4,25.5,0.0,15.8,36.0,54,21.79,964.8,loc_coimbatore,11.0168,76.9558,ECMWF_ERA5_Reanalysis
2018-01-15,32.2,20.8,25.6,32.1,22.1,26.2,0.0,14.7,32.4,61,20.94,965.0,loc_coimbatore,11.0168,76.9558,ECMWF_ERA5_Reanalysis
2018-01-16,31.5,20.5,25.9,32.6,22.2,26.8,0.0,15.3,32.8,62,20.65,963.9,loc_coimbatore,11.0168,76.9558,ECMWF_ERA5_Reanalysis
2018-01-17,29.6,21.1,25.1,29.5,23.0,26.0,1.0,13.7,32.4,72,15.49,963.9,loc_coimbatore,11.0168,76.9558,ECMWF_ERA5_Reanalysis
2018-01-18,30.9,19.4,24.6,29.8,19.2,23.8,0.0,16.7,38.2,56,21.85,964.0,loc_coimbatore,11.0168,76.9558,ECMWF_ERA5_Reanalysis
2018-01-19,30.2,17.9,23.5,28.8,18.9,23.0,0.0,15.3,35.6,53,22.17,964.6,loc_coimbatore,11.0168,76.9558,ECMWF_ERA5_Reanalysis
2018-01-20,30.4,18.2,23.7,30.3,18.7,23.4,0.0,13.4,31.0,54,21.24,964.2,loc_coimbatore,11.0168,76.9558,ECMWF_ERA5_Reanalysis
2018-01-21,30.2,17.9,23.5,30.0,18.4,23.3,0.0,13.4,32.8,57,22.25,963.1,loc_coimbatore,11.0168,76.9558,ECMWF_ERA5_Reanalysis
2018-01-22,30.7,18.0,24.0,31.7,19.0,24.5,0.0,12.0,29.9,61,21.37,962.3,loc_coimbatore,11.0168,76.9558,ECMWF_ERA5_Reanalysis
2018-01-23,31.0,20.0,24.8,32.3,21.4,26.0,0.0,10.3,25.2,79,17.2,962.2,loc_coimbatore,11.0168,76.9558,ECMWF_ERA5_Reanalysis
2018-01-24,31.6,21.0,25.8,32.8,23.0,27.5,0.5,11.4,24.5,37,16.69,961.5,loc_coimbatore,11.0168,76.9558,ECMWF_ERA5_Reanalysis
2018-01-25,32.2,21.9,26.6,33.2,23.7,27.5,0.6,10.5,25.9,76,19.05,961.3,loc_coimbatore,11.0168,76.9558,ECMWF_ERA5_Reanalysis
2018-01-26,31.4,20.0,25.5,32.3,20.6,25.5,0.0,13.5,31.0,70,22.08,961.9,loc_coimbatore,11.0168,76.9558,ECMWF_ERA5_Reanalysis
2018-01-27,31.7,19.7,25.4,32.6,20.1,26.0,0.0,9.8,26.6,71,21.94,962.5,loc_coimbatore,11.0168,76.9558,ECMWF_ERA5_Reanalysis
2018-01-28,31.9,20.7,25.6,31.7,21.3,25.7,0.0,14.6,34.6,59,18.73,963.0,loc_coimbatore,11.0168,76.9558,ECMWF_ERA5_Reanalysis
2018-01-29,31.4,20.2,25.4,31.0,21.3,25.3,0.0,15.2,34.9,61,22.31,964.0,loc_coimbatore,11.0168,76.9558,ECMWF_ERA5_Reanalysis
2018-01-30,31.7,19.6,25.3,31.0,20.9,25.1,0.0,15.6,36.4,52,22.87,964.4,loc_coimbatore,11.0168,76.9558,ECMWF_ERA5_Reanalysis
2018-01-31,31.8,19.1,24.9,30.5,19.1,24.0,0.0,15.6,36.4,54,23.14,964.8,loc_coimbatore,11.0168,76.9558,ECMWF_ERA5_Reanalysis
2018-02-01,32.0,18.0,24.7,30.1,17.3,23.0,0.0,16.1,36.7,52,22.91,964.8,loc_coimbatore,11.0168,76.9558,ECMWF_ERA5_Reanalysis
2018-02-02,32.2,18.8,25.1,30.8,17.6,23.5,0.0,14.2,34.6,54,23.55,963.9,loc_coimbatore,11.0168,76.9558,ECMWF_ERA5_Reanalysis
2018-02-03,31.0,18.4,24.2,29.7,17.0,22.6,0.0,14.7,34.9,54,23.73,964.0,loc_coimbatore,11.0168,76.9558,ECMWF_ERA5_Reanalysis
2018-02-04,31.5,18.3,24.4,31.5,18.7,23.9,0.0,12.8,32.4,52,23.34,964.1,loc_coimbatore,11.0168,76.9558,ECMWF_ERA5_Reanalysis
2018-02-05,31.9,18.9,25.1,31.9,19.4,25.0,0.0,13.6,33.1,54,22.76,965.3,loc_coimbatore,11.0168,76.9558,ECMWF_ERA5_Reanalysis
2018-02-06,33.0,21.3,26.7,35.2,22.7,28.1,1.3,13.5,34.6,63,20.85,965.3,loc_coimbatore,11.0168,76.9558,ECMWF_ERA5_Reanalysis
2018-02-07,31.1,21.7,25.7,35.2,24.2,28.4,6.9,12.1,26.6,34,16.98,964.5,loc_coimbatore,11.0168,76.9558,ECMWF_ERA5_Reanalysis
2018-02-08,29.2,21.7,24.9,33.7,24.1,27.9,8.0,13.1,29.5,44,14.78,964.1,loc_coimbatore,11.0168,76.9558,ECMWF_ERA5_Reanalysis
2018-02-09,32.6,22.2,26.2,36.6,25.8,29.3,1.7,15.0,27.7,27,19.57,963.2,loc_coimbatore,11.0168,76.9558,ECMWF_ERA5_Reanalysis
2018-02-10,31.8,21.9,26.7,34.7,24.4,28.3,0.4,15.1,28.4,45,18.8,964.3,loc_coimbatore,11.0168,76.9558,ECMWF_ERA5_Reanalysis
2018-02-11,32.6,21.3,26.4,33.3,22.8,27.5,0.0,14.3,32.8,53,22.82,965.2,loc_coimbatore,11.0168,76.9558,ECMWF_ERA5_Reanalysis
2018-02-12,32.1,21.8,26.5,33.7,23.7,27.7,0.0,13.8,33.1,57,20.25,966.4,loc_coimbatore,11.0168,76.9558,ECMWF_ERA5_Reanalysis
2018-02-13,32.0,21.1,26.0,33.0,22.7,26.9,0.0,14.3,34.2,66,19.52,967.5,loc_coimbatore,11.0168,76.9558,ECMWF_ERA5_Reanalysis
2018-02-14,31.8,20.5,25.7,31.7,21.9,26.1,0.0,18.3,40.7,62,20.92,967.8,loc_coimbatore,11.0168,76.9558,ECMWF_ERA5_Reanalysis
2018-02-15,33.0,21.3,26.6,32.5,23.4,27.2,0.0,18.8,41.4,60,22.49,967.8,loc_coimbatore,11.0168,76.9558,ECMWF_ERA5_Reanalysis
2018-02-16,33.5,21.4,26.8,33.1,23.4,27.2,0.0,15.1,36.0,56,23.67,967.0,loc_coimbatore,11.0168,76.9558,ECMWF_ERA5_Reanalysis
2018-02-17,33.0,20.3,26.5,33.1,19.6,26.1,0.0,12.3,30.6,69,23.04,964.2,loc_coimbatore,11.0168,76.9558,ECMWF_ERA5_Reanalysis
2018-02-18,33.3,20.8,26.5,34.0,21.2,26.5,0.0,14.3,33.1,62,24.06,963.1,loc_coimbatore,11.0168,76.9558,ECMWF_ERA5_Reanalysis
2018-02-19,33.3,19.8,26.1,32.5,20.5,25.8,0.0,15.2,36.4,68,24.54,963.4,loc_coimbatore,11.0168,76.9558,ECMWF_ERA5_Reanalysis
2018-02-20,33.7,20.2,26.5,33.7,21.1,26.5,0.0,15.0,36.0,66,24.42,963.3,loc_coimbatore,11.0168,76.9558,ECMWF_ERA5_Reanalysis
2018-02-21,33.5,20.9,26.7,32.7,21.6,26.3,0.0,16.6,38.9,74,24.6,962.3,loc_coimbatore,11.0168,76.9558,ECMWF_ERA5_Reanalysis
2018-02-22,34.1,20.8,27.3,33.2,20.8,26.3,0.0,15.9,37.1,70,24.9,962.0,loc_coimbatore,11.0168,76.9558,ECMWF_ERA5_Reanalysis
2018-02-23,33.5,20.1,26.4,32.3,19.5,25.3,0.0,15.6,37.1,68,24.95,962.5,loc_coimbatore,11.0168,76.9558,ECMWF_ERA5_Reanalysis
2018-02-24,33.3,20.6,26.2,33.7,21.5,26.5,0.0,17.6,38.9,61,23.36,964.0,loc_coimbatore,11.0168,76.9558,ECMWF_ERA5_Reanalysis
2018-02-25,34.0,21.1,27.0,34.2,22.8,27.4,0.0,16.7,35.3,63,23.95,964.1,loc_coimbatore,11.0168,76.9558,ECMWF_ERA5_Reanalysis
2018-02-26,34.5,21.2,27.5,35.2,22.7,28.1,0.0,12.9,30.2,69,24.66,963.5,loc_coimbatore,11.0168,76.9558,ECMWF_ERA5_Reanalysis
2018-02-27,35.6,22.7,28.5,34.2,23.7,28.3,0.0,18.7,42.1,73,23.53,962.8,loc_coimbatore,11.0168,76.9558,ECMWF_ERA5_Reanalysis
2018-02-28,34.9,22.4,28.4,35.0,22.8,28.3,0.0,17.8,38.5,63,24.38,962.8,loc_coimbatore,11.0168,76.9558,ECMWF_ERA5_Reanalysis
2018-03-01,34.7,22.0,28.3,34.8,23.3,28.5,0.0,16.0,36.7,57,24.52,962.6,loc_coimbatore,11.0168,76.9558,ECMWF_ERA5_Reanalysis
2018-03-02,35.4,22.8,28.6,34.0,23.4,27.8,0.0,15.8,37.4,64,25.11,962.4,loc_coimbatore,11.0168,76.9558,ECMWF_ERA5_Reanalysis
2018-03-03,35.9,20.8,27.8,34.0,20.3,26.6,0.0,13.3,31.7,80,26.18,962.0,loc_coimbatore,11.0168,76.9558,ECMWF_ERA5_Reanalysis
2018-03-04,36.4,21.7,28.5,35.5,21.4,28.1,0.0,14.6,34.2,61,25.64,961.7,loc_coimbatore,11.0168,76.9558,ECMWF_ERA5_Reanalysis
2018-03-05,36.4,21.2,28.3,35.4,21.5,27.5,0.0,13.0,31.3,67,25.75,962.1,loc_coimbatore,11.0168,76.9558,ECMWF_ERA5_Reanalysis
2018-03-06,36.7,21.5,28.3,36.0,22.4,28.1,0.0,13.1,32.8,67,25.68,962.7,loc_coimbatore,11.0168,76.9558,ECMWF_ERA5_Reanalysis
2018-03-07,35.2,21.1,27.6,34.9,22.5,28.0,0.0,14.6,31.3,73,25.63,962.8,loc_coimbatore,11.0168,76.9558,ECMWF_ERA5_Reanalysis
2018-03-08,35.5,22.6,28.4,34.8,23.9,28.4,0.0,17.8,37.1,76,25.26,963.1,loc_coimbatore,11.0168,76.9558,ECMWF_ERA5_Reanalysis
2018-03-09,36.0,22.8,29.2,34.3,23.5,28.4,0.0,18.3,41.0,70,25.52,962.9,loc_coimbatore,11.0168,76.9558,ECMWF_ERA5_Reanalysis
2018-03-10,35.8,21.9,28.6,34.2,22.8,28.0,0.0,20.4,44.3,64,25.6,963.1,loc_coimbatore,11.0168,76.9558,ECMWF_ERA5_Reanalysis
2018-03-11,36.2,23.0,28.8,34.5,22.5,28.0,0.0,19.2,42.1,59,25.64,963.2,loc_coimbatore,11.0168,76.9558,ECMWF_ERA5_Reanalysis
2018-03-12,33.7,23.0,28.1,33.3,24.3,28.5,0.1,23.4,47.9,65,20.98,963.8,loc_coimbatore,11.0168,76.9558,ECMWF_ERA5_Reanalysis
2018-03-13,30.8,23.9,26.2,31.4,26.3,27.9,5.8,21.6,45.4,43,13.68,963.4,loc_coimbatore,11.0168,76.9558,ECMWF_ERA5_Reanalysis
2018-03-14,32.7,22.6,27.1,34.3,24.7,29.0,8.2,19.2,47.5,29,16.43,962.8,loc_coimbatore,11.0168,76.9558,ECMWF_ERA5_Reanalysis
2018-03-15,34.4,24.2,27.3,38.3,26.4,30.2,4.6,20.0,41.0,334,17.81,962.4,loc_coimbatore,11.0168,76.9558,ECMWF_ERA5_Reanalysis
2018-03-16,31.7,23.7,27.1,35.8,28.0,30.5,1.7,16.3,37.8,217,18.36,961.5,loc_coimbatore,11.0168,76.9558,ECMWF_ERA5_Reanalysis
2018-03-17,30.9,22.4,25.4,35.3,25.6,29.0,21.0,11.9,28.8,32,16.02,962.3,loc_coimbatore,11.0168,76.9558,ECMWF_ERA5_Reanalysis
2018-03-18,30.9,22.5,25.7,35.9,24.8,29.1,14.0,12.8,31.7,16,18.55,962.8,loc_coimbatore,11.0168,76.9558,ECMWF_ERA5_Reanalysis
2018-03-19,31.7,23.1,26.7,35.5,24.6,28.7,5.1,13.3,31.0,54,20.27,964.1,loc_coimbatore,11.0168,76.9558,ECMWF_ERA5_Reanalysis
2018-03-20,34.3,22.4,27.8,35.6,23.8,29.1,0.0,14.3,28.4,58,25.85,963.4,loc_coimbatore,11.0168,76.9558,ECMWF_ERA5_Reanalysis
2018-03-21,34.2,22.6,27.9,38.0,26.6,31.0,0.0,16.6,32.0,216,24.06,962.9,loc_coimbatore,11.0168,76.9558,ECMWF_ERA5_Reanalysis
2018-03-22,33.2,23.2,27.6,37.8,26.7,30.7,0.8,16.2,33.8,216,19.83,961.5,loc_coimbatore,11.0168,76.9558,ECMWF_ERA5_Reanalysis
2018-03-23,33.7,24.2,28.3,38.6,27.9,31.3,0.1,18.6,40.3,212,20.17,960.9,loc_coimbatore,11.0168,76.9558,ECMWF_ERA5_Reanalysis
2018-03-24,36.0,23.8,29.5,37.6,27.7,31.5,0.1,20.6,40.0,73,20.43,961.9,loc_coimbatore,11.0168,76.9558,ECMWF_ERA5_Reanalysis
2018-03-25,36.2,25.2,30.0,36.3,26.0,30.2,0.0,18.7,39.6,61,25.56,963.9,loc_coimbatore,11.0168,76.9558,ECMWF_ERA5_Reanalysis
2018-03-26,36.5,23.4,28.8,36.2,25.9,29.7,0.0,16.5,36.0,66,25.48,964.3,loc_coimbatore,11.0168,76.9558,ECMWF_ERA5_Reanalysis
2018-03-27,36.6,23.8,29.2,38.5,25.1,31.1,0.0,12.8,30.2,50,25.26,963.3,loc_coimbatore,11.0168,76.9558,ECMWF_ERA5_Reanalysis
2018-03-28,36.5,23.9,29.3,38.6,28.8,32.2,0.0,23.7,47.2,203,22.3,962.6,loc_coimbatore,11.0168,76.9558,ECMWF_ERA5_Reanalysis
2018-03-29,35.9,24.2,28.9,37.9,27.7,31.7,0.0,20.3,45.7,210,21.46,962.2,loc_coimbatore,11.0168,76.9558,ECMWF_ERA5_Reanalysis
2018-03-30,34.8,24.7,29.1,38.1,28.5,31.8,0.0,20.9,44.6,215,19.81,961.8,loc_coimbatore,11.0168,76.9558,ECMWF_ERA5_Reanalysis
2018-03-31,33.7,24.7,28.4,37.0,28.1,31.6,1.9,16.7,38.5,218,19.67,961.3,loc_coimbatore,11.0168,76.9558,ECMWF_ERA5_Reanalysis
2018-04-01,35.8,25.0,28.7,40.2,29.3,32.3,0.1,18.4,41.4,223,20.6,960.7,loc_coimbatore,11.0168,76.9558,ECMWF_ERA5_Reanalysis
2018-04-02,34.6,24.3,28.6,38.2,28.4,31.9,0.8,19.7,41.0,219,20.31,961.7,loc_coimbatore,11.0168,76.9558,ECMWF_ERA5_Reanalysis
2018-04-03,34.1,23.4,28.3,38.2,27.3,31.8,0.2,10.7,28.1,217,18.93,961.6,loc_coimbatore,11.0168,76.9558,ECMWF_ERA5_Reanalysis
2018-04-04,36.8,24.1,29.7,38.7,28.6,32.1,0.1,13.5,30.6,127,22.22,960.1,loc_coimbatore,11.0168,76.9558,ECMWF_ERA5_Reanalysis
2018-04-05,36.7,24.1,29.7,37.5,29.0,32.0,0.1,12.6,32.4,113,22.55,959.6,loc_coimbatore,11.0168,76.9558,ECMWF_ERA5_Reanalysis
2018-04-06,36.1,23.9,29.3,39.3,27.8,32.1,0.0,12.5,29.2,189,21.63,960.3,loc_coimbatore,11.0168,76.9558,ECMWF_ERA5_Reanalysis
2018-04-07,36.3,24.3,29.7,37.9,28.2,31.9,0.1,15.2,35.3,91,22.72,961.3,loc_coimbatore,11.0168,76.9558,ECMWF_ERA5_Reanalysis
2018-04-08,36.4,24.7,30.0,37.2,28.2,31.7,0.1,14.5,34.6,80,22.96,961.9,loc_coimbatore,11.0168,76.9558,ECMWF_ERA5_Reanalysis
2018-04-09,35.6,23.3,29.6,37.0,25.2,31.1,0.8,16.0,39.2,52,21.5,962.4,loc_coimbatore,11.0168,76.9558,ECMWF_ERA5_Reanalysis
2018-04-10,36.5,23.7,29.8,37.5,26.0,31.4,1.0,16.9,45.4,64,22.87,961.3,loc_coimbatore,11.0168,76.9558,ECMWF_ERA5_Reanalysis
2018-04-11,36.6,22.9,29.6,38.9,25.6,31.8,1.5,13.4,34.9,36,23.09,961.4,loc_coimbatore,11.0168,76.9558,ECMWF_ERA5_Reanalysis
2018-04-12,36.1,24.9,29.7,38.3,29.1,32.8,1.9,16.2,42.8,97,20.27,960.9,loc_coimbatore,11.0168,76.9558,ECMWF_ERA5_Reanalysis
2018-04-13,36.7,23.9,29.2,39.1,26.8,31.8,0.8,21.7,46.1,56,22.39,961.5,loc_coimbatore,11.0168,76.9558,ECMWF_ERA5_Reanalysis
2018-04-14,36.9,24.4,29.4,38.8,27.7,32.3,0.6,21.1,42.8,80,21.64,961.2,loc_coimbatore,11.0168,76.9558,ECMWF_ERA5_Reanalysis
2018-04-15,35.3,24.6,28.5,39.4,27.1,32.0,6.6,15.2,42.5,271,20.42,961.7,loc_coimbatore,11.0168,76.9558,ECMWF_ERA5_Reanalysis
2018-04-16,36.7,24.5,30.1,40.1,28.9,33.4,0.7,13.2,30.2,107,22.37,961.9,loc_coimbatore,11.0168,76.9558,ECMWF_ERA5_Reanalysis
2018-04-17,37.4,24.9,30.2,39.6,27.0,32.5,0.0,16.5,38.2,42,23.75,962.9,loc_coimbatore,11.0168,76.9558,ECMWF_ERA5_Reanalysis
2018-04-18,37.0,24.3,29.3,39.5,29.2,32.8,0.0,24.7,53.6,210,22.06,962.5,loc_coimbatore,11.0168,76.9558,ECMWF_ERA5_Reanalysis
2018-04-19,35.5,24.7,29.1,38.7,28.8,32.7,0.7,17.3,40.3,217,19.51,961.2,loc_coimbatore,11.0168,76.9558,ECMWF_ERA5_Reanalysis
2018-04-20,37.1,24.6,29.1,39.9,28.2,32.3,0.4,23.4,51.5,211,22.67,960.9,loc_coimbatore,11.0168,76.9558,ECMWF_ERA5_Reanalysis
2018-04-21,38.4,24.9,29.7,40.8,29.5,33.1,0.2,14.9,38.5,204,21.61,960.4,loc_coimbatore,11.0168,76.9558,ECMWF_ERA5_Reanalysis
2018-04-22,34.3,24.7,28.7,38.4,28.2,31.9,1.9,20.3,44.6,221,21.62,961.3,loc_coimbatore,11.0168,76.9558,ECMWF_ERA5_Reanalysis
2018-04-23,38.7,24.5,30.1,41.2,29.2,33.4,0.3,22.7,45.0,207,23.45,961.1,loc_coimbatore,11.0168,76.9558,ECMWF_ERA5_Reanalysis
2018-04-24,35.6,24.7,29.6,38.6,28.9,33.1,0.0,15.8,39.6,214,22.7,961.3,loc_coimbatore,11.0168,76.9558,ECMWF_ERA5_Reanalysis
2018-04-25,36.1,25.0,29.0,39.2,29.5,32.6,0.5,17.2,39.2,216,19.97,960.8,loc_coimbatore,11.0168,76.9558,ECMWF_ERA5_Reanalysis
2018-04-26,35.3,25.0,29.3,39.5,29.4,33.1,0.6,21.2,48.6,217,21.59,960.1,loc_coimbatore,11.0168,76.9558,ECMWF_ERA5_Reanalysis
2018-04-27,37.8,25.5,30.8,40.5,30.0,33.9,0.0,16.3,34.9,146,22.71,960.8,loc_coimbatore,11.0168,76.9558,ECMWF_ERA5_Reanalysis
2018-04-28,37.1,25.2,30.2,38.4,30.6,33.1,0.4,13.5,34.6,116,22.68,961.8,loc_coimbatore,11.0168,76.9558,ECMWF_ERA5_Reanalysis
2018-04-29,37.6,25.1,29.9,40.3,29.3,33.1,0.0,25.2,50.4,215,23.01,961.1,loc_coimbatore,11.0168,76.9558,ECMWF_ERA5_Reanalysis
2018-04-30,36.6,24.7,29.4,40.1,28.5,32.6,0.7,17.3,38.9,218,22.7,960.1,loc_coimbatore,11.0168,76.9558,ECMWF_ERA5_Reanalysis
2018-05-01,35.8,25.2,29.2,39.5,29.1,32.5,0.2,20.5,43.6,218,20.21,960.8,loc_coimbatore,11.0168,76.9558,ECMWF_ERA5_Reanalysis
2018-05-02,36.0,25.4,29.3,39.7,28.7,32.8,0.8,17.4,38.9,218,21.27,960.7,loc_coimbatore,11.0168,76.9558,ECMWF_ERA5_Reanalysis
2018-05-03,36.3,24.8,29.2,40.3,28.7,33.1,4.0,18.4,42.5,216,22.63,960.7,loc_coimbatore,11.0168,76.9558,ECMWF_ERA5_Reanalysis
2018-05-04,34.4,23.2,28.3,38.2,27.3,31.9,0.8,15.8,32.4,79,22.27,961.2,loc_coimbatore,11.0168,76.9558,ECMWF_ERA5_Reanalysis
2018-05-05,34.2,25.2,28.9,38.2,29.7,32.7,0.3,16.9,38.2,207,20.86,961.9,loc_coimbatore,11.0168,76.9558,ECMWF_ERA5_Reanalysis
2018-05-06,33.5,24.3,28.4,37.3,28.3,32.0,0.5,21.9,44.6,224,18.76,962.5,loc_coimbatore,11.0168,76.9558,ECMWF_ERA5_Reanalysis
2018-05-07,35.7,23.9,28.8,39.5,27.5,32.0,0.3,22.2,45.4,218,22.83,961.5,loc_coimbatore,11.0168,76.9558,ECMWF_ERA5_Reanalysis
2018-05-08,34.6,23.6,27.9,38.0,26.4,31.0,3.2,21.4,46.4,221,20.15,960.6,loc_coimbatore,11.0168,76.9558,ECMWF_ERA5_Reanalysis
2018-05-09,36.0,23.2,28.0,39.6,26.9,31.6,1.7,13.8,38.2,220,19.78,960.5,loc_coimbatore,11.0168,76.9558,ECMWF_ERA5_Reanalysis
2018-05-10,34.2,24.2,27.6,38.8,28.2,31.7,12.1,12.9,30.2,214,16.74,962.0,loc_coimbatore,11.0168,76.9558,ECMWF_ERA5_Reanalysis
2018-05-11,33.8,23.6,28.0,37.8,27.9,31.6,0.4,16.3,36.4,219,22.6,961.4,loc_coimbatore,11.0168,76.9558,ECMWF_ERA5_Reanalysis
2018-05-12,33.9,23.7,27.6,38.5,26.9,30.9,0.7,22.2,47.5,216,21.06,961.0,loc_coimbatore,11.0168,76.9558,ECMWF_ERA5_Reanalysis
2018-05-13,33.6,23.9,28.0,37.9,27.7,31.7,0.2,20.3,44.3,213,20.83,960.5,loc_coimbatore,11.0168,76.9558,ECMWF_ERA5_Reanalysis
2018-05-14,34.8,23.5,28.1,39.4,27.0,31.7,0.6,18.9,40.3,210,20.94,960.7,loc_coimbatore,11.0168,76.9558,ECMWF_ERA5_Reanalysis
2018-05-15,34.8,24.0,29.1,37.3,28.7,32.4,0.1,12.0,31.0,84,21.21,960.0,loc_coimbatore,11.0168,76.9558,ECMWF_ERA5_Reanalysis
2018-05-16,31.2,24.6,27.4,34.8,28.4,30.9,7.3,13.2,32.0,225,14.35,959.5,loc_coimbatore,11.0168,76.9558,ECMWF_ERA5_Reanalysis
2018-05-17,33.7,23.7,27.7,37.3,28.3,31.1,3.3,17.2,41.4,219,17.88,959.5,loc_coimbatore,11.0168,76.9558,ECMWF_ERA5_Reanalysis
2018-05-18,34.2,23.3,27.8,38.5,26.8,30.8,0.9,21.9,46.4,219,22.04,959.5,loc_coimbatore,11.0168,76.9558,ECMWF_ERA5_Reanalysis
2018-05-19,34.6,24.1,28.5,38.4,27.8,31.8,1.3,17.8,38.2,220,21.06,959.0,loc_coimbatore,11.0168,76.9558,ECMWF_ERA5_Reanalysis
2018-05-20,34.8,24.1,28.2,38.3,27.0,31.0,0.7,21.7,47.5,219,22.34,959.2,loc_coimbatore,11.0168,76.9558,ECMWF_ERA5_Reanalysis
2018-05-21,34.3,23.6,27.9,37.6,26.7,31.0,3.8,19.3,41.8,216,21.95,959.3,loc_coimbatore,11.0168,76.9558,ECMWF_ERA5_Reanalysis
2018-05-22,35.1,24.0,28.7,38.8,28.1,32.0,0.4,15.6,40.7,215,21.28,959.1,loc_coimbatore,11.0168,76.9558,ECMWF_ERA5_Reanalysis
2018-05-23,32.5,24.3,27.8,36.6,28.5,31.8,10.9,17.8,39.2,212,21.48,958.8,loc_coimbatore,11.0168,76.9558,ECMWF_ERA5_Reanalysis
2018-05-24,33.7,23.1,27.4,37.2,27.0,30.9,3.5,17.1,37.8,210,19.8,958.0,loc_coimbatore,11.0168,76.9558,ECMWF_ERA5_Reanalysis
2018-05-25,32.1,23.3,25.8,35.4,26.5,29.4,23.5,16.2,34.2,206,15.96,957.4,loc_coimbatore,11.0168,76.9558,ECMWF_ERA5_Reanalysis
2018-05-26,31.7,22.9,25.9,36.1,27.3,30.4,13.6,12.0,28.4,268,14.37,957.0,loc_coimbatore,11.0168,76.9558,ECMWF_ERA5_Reanalysis
2018-05-27,31.7,23.8,27.1,36.5,27.3,30.8,16.7,15.6,31.7,260,19.84,957.0,loc_coimbatore,11.0168,76.9558,ECMWF_ERA5_Reanalysis
2018-05-28,31.9,23.0,26.9,34.5,24.3,29.3,11.0,26.8,50.4,228,19.72,956.5,loc_coimbatore,11.0168,76.9558,ECMWF_ERA5_Reanalysis
2018-05-29,30.5,22.6,25.3,32.3,23.9,27.2,3.0,28.6,56.2,216,19.41,956.9,loc_coimbatore,11.0168,76.9558,ECMWF_ERA5_Reanalysis
2018-05-30,30.1,22.8,25.6,32.1,25.1,28.2,6.4,23.4,46.8,215,14.26,957.4,loc_coimbatore,11.0168,76.9558,ECMWF_ERA5_Reanalysis
2018-05-31,31.6,23.7,26.9,35.6,26.8,30.0,0.0,22.2,46.8,222,22.38,958.4,loc_coimbatore,11.0168,76.9558,ECMWF_ERA5_Reanalysis
2018-06-01,31.9,23.6,27.3,35.5,27.1,30.4,0.0,26.4,54.4,227,22.35,958.9,loc_coimbatore,11.0168,76.9558,ECMWF_ERA5_Reanalysis
2018-06-02,32.1,23.9,27.0,36.1,27.4,30.3,1.1,19.1,49.3,220,20.3,959.1,loc_coimbatore,11.0168,76.9558,ECMWF_ERA5_Reanalysis
2018-06-03,30.8,23.5,26.1,33.5,26.6,28.9,9.8,26.7,53.3,226,19.54,959.0,loc_coimbatore,11.0168,76.9558,ECMWF_ERA5_Reanalysis
2018-06-04,29.3,22.6,25.1,31.9,25.4,28.0,15.6,22.7,46.8,214,13.83,957.9,loc_coimbatore,11.0168,76.9558,ECMWF_ERA5_Reanalysis
2018-06-05,30.8,22.5,25.7,34.6,24.9,28.4,3.3,22.5,46.1,215,20.03,958.2,loc_coimbatore,11.0168,76.9558,ECMWF_ERA5_Reanalysis
2018-06-06,31.1,23.3,26.5,34.1,26.1,29.2,2.3,26.2,53.6,218,22.48,960.1,loc_coimbatore,11.0168,76.9558,ECMWF_ERA5_Reanalysis
2018-06-07,30.2,22.8,25.6,32.2,24.7,27.7,0.8,27.3,59.8,218,21.07,959.7,loc_coimbatore,11.0168,76.9558,ECMWF_ERA5_Reanalysis
2018-06-08,30.3,23.0,25.4,31.2,24.8,27.2,2.8,28.8,58.7,219,20.06,958.1,loc_coimbatore,11.0168,76.9558,ECMWF_ERA5_Reanalysis
2018-06-09,28.7,22.9,25.2,30.0,24.5,27.1,6.7,30.1,59.8,216,20.14,957.1,loc_coimbatore,11.0168,76.9558,ECMWF_ERA5_Reanalysis
2018-06-10,28.8,23.3,25.2,30.3,25.3,27.2,2.1,27.8,56.5,211,18.08,958.5,loc_coimbatore,11.0168,76.9558,ECMWF_ERA5_Reanalysis
2018-06-11,29.0,23.0,24.9,30.5,24.6,26.7,1.8,28.5,58.3,212,18.16,959.2,loc_coimbatore,11.0168,76.9558,ECMWF_ERA5_Reanalysis
2018-06-12,29.0,22.6,24.8,30.4,24.4,26.6,0.9,29.5,59.0,214,17.27,959.3,loc_coimbatore,11.0168,76.9558,ECMWF_ERA5_Reanalysis
2018-06-13,29.7,22.5,25.3,31.5,24.3,27.2,0.1,28.9,56.9,216,20.16,959.6,loc_coimbatore,11.0168,76.9558,ECMWF_ERA5_Reanalysis
2018-06-14,29.1,22.3,24.3,30.6,24.3,26.8,6.2,23.7,47.9,212,14.22,960.0,loc_coimbatore,11.0168,76.9558,ECMWF_ERA5_Reanalysis
2018-06-15,30.2,22.1,25.0,33.0,24.6,27.5,0.6,23.8,47.9,214,18.03,960.5,loc_coimbatore,11.0168,76.9558,ECMWF_ERA5_Reanalysis
2018-06-16,30.3,22.3,25.5,32.7,24.1,28.0,1.3,24.8,50.4,217,21.76,961.5,loc_coimbatore,11.0168,76.9558,ECMWF_ERA5_Reanalysis
2018-06-17,30.1,22.6,25.4,31.6,24.4,27.5,0.0,26.9,54.0,216,19.55,961.4,loc_coimbatore,11.0168,76.9558,ECMWF_ERA5_Reanalysis
2018-06-18,29.5,22.1,25.2,31.3,23.8,27.1,0.1,25.0,55.4,217,21.23,961.0,loc_coimbatore,11.0168,76.9558,ECMWF_ERA5_Reanalysis
2018-06-19,29.3,21.4,24.7,31.5,23.1,26.4,1.0,28.0,61.9,219,23.46,960.2,loc_coimbatore,11.0168,76.9558,ECMWF_ERA5_Reanalysis
2018-06-20,29.4,21.9,24.4,30.6,23.4,26.0,2.3,30.6,61.2,219,20.52,959.7,loc_coimbatore,11.0168,76.9558,ECMWF_ERA5_Reanalysis
2018-06-21,27.4,22.1,23.9,28.1,23.9,25.7,0.9,28.5,58.7,213,14.65,959.2,loc_coimbatore,11.0168,76.9558,ECMWF_ERA5_Reanalysis
2018-06-22,29.4,22.0,24.6,31.7,24.6,26.9,3.1,25.2,50.8,213,17.82,959.1,loc_coimbatore,11.0168,76.9558,ECMWF_ERA5_Reanalysis
2018-06-23,29.2,22.0,24.5,31.3,23.7,26.6,1.6,24.2,50.4,214,17.36,959.1,loc_coimbatore,11.0168,76.9558,ECMWF_ERA5_Reanalysis
2018-06-24,30.4,22.0,25.2,32.2,24.4,27.4,0.4,26.0,53.6,216,20.76,959.8,loc_coimbatore,11.0168,76.9558,ECMWF_ERA5_Reanalysis
2018-06-25,29.8,22.0,24.8,31.1,23.8,26.6,0.1,28.3,58.7,216,19.91,959.7,loc_coimbatore,11.0168,76.9558,ECMWF_ERA5_Reanalysis
2018-06-26,30.2,21.7,25.0,31.2,23.4,26.5,0.0,28.6,57.2,217,20.76,958.8,loc_coimbatore,11.0168,76.9558,ECMWF_ERA5_Reanalysis
2018-06-27,30.1,21.8,24.8,31.0,22.9,26.2,0.0,29.7,59.4,216,19.6,958.1,loc_coimbatore,11.0168,76.9558,ECMWF_ERA5_Reanalysis
2018-06-28,28.9,21.4,24.2,29.7,23.4,25.8,0.3,25.5,51.5,213,17.53,958.7,loc_coimbatore,11.0168,76.9558,ECMWF_ERA5_Reanalysis
2018-06-29,28.3,20.9,24.0,29.9,22.4,26.0,1.6,23.3,47.5,215,15.39,959.0,loc_coimbatore,11.0168,76.9558,ECMWF_ERA5_Reanalysis
2018-06-30,29.4,21.5,25.3,32.7,24.1,28.2,9.4,20.0,42.5,210,19.45,959.6,loc_coimbatore,11.0168,76.9558,ECMWF_ERA5_Reanalysis
2018-07-01,30.9,22.2,25.4,34.2,25.2,28.4,3.3,20.1,41.8,209,18.77,960.0,loc_coimbatore,11.0168,76.9558,ECMWF_ERA5_Reanalysis
2018-07-02,30.2,22.2,25.2,33.7,25.1,27.9,6.9,25.6,51.1,213,20.06,959.8,loc_coimbatore,11.0168,76.9558,ECMWF_ERA5_Reanalysis
2018-07-03,31.0,22.0,25.6,34.0,24.8,28.2,1.6,20.5,41.8,212,19.6,960.3,loc_coimbatore,11.0168,76.9558,ECMWF_ERA5_Reanalysis
2018-07-04,32.4,22.3,26.4,34.5,25.3,28.9,0.2,22.9,46.8,213,22.44,961.1,loc_coimbatore,11.0168,76.9558,ECMWF_ERA5_Reanalysis
2018-07-05,32.7,21.7,26.4,34.8,24.6,28.6,0.0,25.3,51.8,216,23.67,960.7,loc_coimbatore,11.0168,76.9558,ECMWF_ERA5_Reanalysis
2018-07-06,31.5,22.4,26.1,32.4,24.6,27.7,0.0,26.9,55.1,219,22.82,959.8,loc_coimbatore,11.0168,76.9558,ECMWF_ERA5_Reanalysis
2018-07-07,29.3,22.4,24.8,29.7,23.7,26.0,0.0,26.2,54.4,217,16.62,958.9,loc_coimbatore,11.0168,76.9558,ECMWF_ERA5_Reanalysis
2018-07-08,29.4,22.2,24.6,29.9,23.8,26.1,0.1,27.8,56.5,214,16.35,958.2,loc_coimbatore,11.0168,76.9558,ECMWF_ERA5_Reanalysis
2018-07-09,28.5,22.2,24.1,29.7,23.7,25.6,0.8,28.3,57.6,214,14.46,958.3,loc_coimbatore,11.0168,76.9558,ECMWF_ERA5_Reanalysis
2018-07-10,29.3,21.6,24.3,30.5,23.0,25.8,2.0,27.9,64.4,215,18.17,959.4,loc_coimbatore,11.0168,76.9558,ECMWF_ERA5_Reanalysis
2018-07-11,29.3,21.7,24.1,31.0,23.0,25.6,2.0,28.9,58.7,213,17.42,959.8,loc_coimbatore,11.0168,76.9558,ECMWF_ERA5_Reanalysis
2018-07-12,29.5,21.4,24.3,30.0,22.1,25.6,1.3,29.7,59.8,213,20.64,959.1,loc_coimbatore,11.0168,76.9558,ECMWF_ERA5_Reanalysis
2018-07-13,27.2,21.8,23.7,28.1,22.9,25.2,2.9,27.5,54.7,212,13.54,958.7,loc_coimbatore,11.0168,76.9558,ECMWF_ERA5_Reanalysis
2018-07-14,30.5,22.1,25.1,31.5,23.6,26.7,1.5,30.7,60.8,212,21.58,958.0,loc_coimbatore,11.0168,76.9558,ECMWF_ERA5_Reanalysis
2018-07-15,28.7,22.0,24.5,29.5,23.5,26.3,2.5,28.1,62.3,207,15.76,957.8,loc_coimbatore,11.0168,76.9558,ECMWF_ERA5_Reanalysis
2018-07-16,28.1,22.2,24.4,29.2,23.2,26.0,2.1,26.0,54.0,210,16.07,958.4,loc_coimbatore,11.0168,76.9558,ECMWF_ERA5_Reanalysis
2018-07-17,30.0,22.1,24.7,31.2,23.0,26.1,0.7,28.2,57.2,213,19.04,958.8,loc_coimbatore,11.0168,76.9558,ECMWF_ERA5_Reanalysis
2018-07-18,27.0,21.7,23.5,27.9,23.1,25.1,2.3,24.9,50.4,210,10.93,959.1,loc_coimbatore,11.0168,76.9558,ECMWF_ERA5_Reanalysis
2018-07-19,26.0,21.6,22.9,27.2,22.7,24.4,4.4,26.4,51.8,210,9.27,959.5,loc_coimbatore,11.0168,76.9558,ECMWF_ERA5_Reanalysis
2018-07-20,26.6,21.2,23.5,27.3,22.1,24.6,1.4,26.8,53.6,213,14.17,959.5,loc_coimbatore,11.0168,76.9558,ECMWF_ERA5_Reanalysis
2018-07-21,29.5,22.1,24.7,30.5,23.2,25.9,0.5,30.3,60.5,217,19.58,960.3,loc_coimbatore,11.0168,76.9558,ECMWF_ERA5_Reanalysis
2018-07-22,31.4,21.9,25.5,33.2,23.5,27.1,0.2,25.2,52.2,214,23.44,960.2,loc_coimbatore,11.0168,76.9558,ECMWF_ERA5_Reanalysis
2018-07-23,30.5,21.7,25.1,32.4,23.5,27.1,2.1,22.0,46.4,212,20.79,959.6,loc_coimbatore,11.0168,76.9558,ECMWF_ERA5_Reanalysis
2018-07-24,30.7,21.8,25.4,32.2,23.6,27.4,0.6,22.7,47.2,213,19.49,960.8,loc_coimbatore,11.0168,76.9558,ECMWF_ERA5_Reanalysis
2018-07-25,31.2,22.2,25.7,33.6,25.0,28.2,0.3,21.1,44.3,208,19.87,960.8,loc_coimbatore,11.0168,76.9558,ECMWF_ERA5_Reanalysis
2018-07-26,31.4,22.4,25.4,33.4,24.6,27.5,0.2,26.3,51.8,213,19.64,961.3,loc_coimbatore,11.0168,76.9558,ECMWF_ERA5_Reanalysis
2018-07-27,31.0,22.1,25.6,32.2,23.9,27.5,0.0,25.5,53.3,215,21.91,961.0,loc_coimbatore,11.0168,76.9558,ECMWF_ERA5_Reanalysis
2018-07-28,30.9,22.0,25.3,33.1,24.1,27.3,4.5,22.9,48.6,214,20.31,960.3,loc_coimbatore,11.0168,76.9558,ECMWF_ERA5_Reanalysis
2018-07-29,32.0,21.7,25.7,33.5,23.6,27.7,0.5,25.5,54.4,216,22.16,959.6,loc_coimbatore,11.0168,76.9558,ECMWF_ERA5_Reanalysis
2018-07-30,30.8,22.6,25.6,33.7,25.0,27.9,3.9,23.4,48.2,214,20.57,959.5,loc_coimbatore,11.0168,76.9558,ECMWF_ERA5_Reanalysis
2018-07-31,29.6,21.7,24.8,30.8,22.8,26.3,0.3,29.1,59.0,216,19.74,960.5,loc_coimbatore,11.0168,76.9558,ECMWF_ERA5_Reanalysis
2018-08-01,30.6,21.5,25.5,32.1,23.2,27.2,0.1,27.3,55.8,217,22.32,961.2,loc_coimbatore,11.0168,76.9558,ECMWF_ERA5_Reanalysis
2018-08-02,31.8,22.0,26.1,34.9,24.9,28.5,3.2,22.2,45.0,209,21.55,961.6,loc_coimbatore,11.0168,76.9558,ECMWF_ERA5_Reanalysis
2018-08-03,30.1,22.1,25.3,32.0,24.6,27.4,0.7,21.1,44.6,210,17.86,962.4,loc_coimbatore,11.0168,76.9558,ECMWF_ERA5_Reanalysis
2018-08-04,31.6,22.5,25.9,34.1,25.1,28.2,1.0,21.0,45.4,213,20.4,962.0,loc_coimbatore,11.0168,76.9558,ECMWF_ERA5_Reanalysis
2018-08-05,32.1,22.1,25.9,33.7,24.9,27.9,0.0,23.4,49.0,212,21.25,961.9,loc_coimbatore,11.0168,76.9558,ECMWF_ERA5_Reanalysis
2018-08-06,30.0,21.7,25.1,30.4,22.8,26.0,0.0,31.8,63.4,218,23.23,960.9,loc_coimbatore,11.0168,76.9558,ECMWF_ERA5_Reanalysis
2018-08-07,29.9,21.1,24.4,30.6,22.3,25.4,0.6,29.4,62.3,217,21.08,959.5,loc_coimbatore,11.0168,76.9558,ECMWF_ERA5_Reanalysis
2018-08-08,28.2,21.1,23.9,28.7,22.0,25.1,0.7,27.2,63.0,212,16.07,959.1,loc_coimbatore,11.0168,76.9558,ECMWF_ERA5_Reanalysis
2018-08-09,30.9,21.0,24.6,32.2,22.4,26.2,3.4,24.6,55.1,214,20.54,961.0,loc_coimbatore,11.0168,76.9558,ECMWF_ERA5_Reanalysis
2018-08-10,30.8,21.7,24.9,32.3,24.1,26.9,1.6,24.0,51.8,212,18.88,962.0,loc_coimbatore,11.0168,76.9558,ECMWF_ERA5_Reanalysis
2018-08-11,28.1,21.8,24.1,29.0,23.4,25.8,0.0,21.4,46.4,208,12.97,961.1,loc_coimbatore,11.0168,76.9558,ECMWF_ERA5_Reanalysis
2018-08-12,28.2,21.4,23.2,29.3,22.8,25.0,3.2,21.9,45.7,204,10.52,959.9,loc_coimbatore,11.0168,76.9558,ECMWF_ERA5_Reanalysis
2018-08-13,28.7,20.8,24.0,29.6,21.8,25.3,2.5,28.8,73.1,208,19.27,959.7,loc_coimbatore,11.0168,76.9558,ECMWF_ERA5_Reanalysis
2018-08-14,29.9,21.3,24.1,31.4,22.8,25.8,18.6,29.7,74.9,213,18.33,958.8,loc_coimbatore,11.0168,76.9558,ECMWF_ERA5_Reanalysis
2018-08-15,27.6,21.7,23.5,28.7,22.7,25.0,49.3,28.3,74.5,208,13.73,958.3,loc_coimbatore,11.0168,76.9558,ECMWF_ERA5_Reanalysis
2018-08-16,24.2,21.4,22.6,25.5,22.0,23.8,26.1,27.7,61.2,209,8.34,958.7,loc_coimbatore,11.0168,76.9558,ECMWF_ERA5_Reanalysis
2018-08-17,27.7,21.4,24.1,29.7,21.9,25.6,9.3,26.2,50.0,212,17.27,958.1,loc_coimbatore,11.0168,76.9558,ECMWF_ERA5_Reanalysis
2018-08-18,28.9,21.7,24.4,31.6,23.3,26.1,0.2,26.7,58.0,212,21.05,958.4,loc_coimbatore,11.0168,76.9558,ECMWF_ERA5_Reanalysis
2018-08-19,29.0,21.5,24.6,31.8,22.7,26.6,0.2,21.9,42.8,212,20.61,958.7,loc_coimbatore,11.0168,76.9558,ECMWF_ERA5_Reanalysis
2018-08-20,28.9,21.8,24.2,30.8,23.5,25.8,0.0,25.0,49.7,214,21.05,959.5,loc_coimbatore,11.0168,76.9558,ECMWF_ERA5_Reanalysis
2018-08-21,29.0,21.3,24.5,31.3,23.0,26.1,0.0,26.8,54.0,217,23.18,960.4,loc_coimbatore,11.0168,76.9558,ECMWF_ERA5_Reanalysis
2018-08-22,30.2,21.6,25.1,34.3,23.7,27.6,2.8,19.5,40.3,209,22.88,960.7,loc_coimbatore,11.0168,76.9558,ECMWF_ERA5_Reanalysis
2018-08-23,29.7,21.8,25.3,33.5,24.4,28.1,5.4,16.8,36.4,206,21.51,961.2,loc_coimbatore,11.0168,76.9558,ECMWF_ERA5_Reanalysis
2018-08-24,29.3,21.8,24.8,33.1,24.8,27.6,9.0,17.1,35.6,205,18.61,961.0,loc_coimbatore,11.0168,76.9558,ECMWF_ERA5_Reanalysis
2018-08-25,30.2,21.8,25.1,33.8,24.7,27.8,0.3,18.7,39.2,206,20.46,960.3,loc_coimbatore,11.0168,76.9558,ECMWF_ERA5_Reanalysis
2018-08-26,30.7,22.1,25.1,34.5,25.0,27.9,3.4,18.3,40.7,209,22.27,959.5,loc_coimbatore,11.0168,76.9558,ECMWF_ERA5_Reanalysis
2018-08-27,28.9,22.2,24.7,33.2,24.7,27.5,31.6,17.2,36.4,206,19.24,959.9,loc_coimbatore,11.0168,76.9558,ECMWF_ERA5_Reanalysis
2018-08-28,29.6,21.5,24.4,33.6,23.8,27.1,9.2,18.9,39.2,205,20.47,960.2,loc_coimbatore,11.0168,76.9558,ECMWF_ERA5_Reanalysis
2018-08-29,29.8,21.6,24.7,33.5,24.0,27.5,7.4,20.2,40.3,208,22.09,961.0,loc_coimbatore,11.0168,76.9558,ECMWF_ERA5_Reanalysis
2018-08-30,30.2,21.8,25.0,33.0,24.2,27.6,1.8,20.0,39.6,210,18.64,960.4,loc_coimbatore,11.0168,76.9558,ECMWF_ERA5_Reanalysis
2018-08-31,30.1,22.4,24.8,34.3,25.3,27.6,3.9,19.5,40.0,210,17.55,960.9,loc_coimbatore,11.0168,76.9558,ECMWF_ERA5_Reanalysis
2018-09-01,29.1,22.2,24.7,31.9,25.2,27.5,0.8,20.1,41.0,207,16.5,961.6,loc_coimbatore,11.0168,76.9558,ECMWF_ERA5_Reanalysis
2018-09-02,29.4,22.1,24.8,32.1,24.8,27.5,0.2,18.9,38.5,208,17.29,961.7,loc_coimbatore,11.0168,76.9558,ECMWF_ERA5_Reanalysis
2018-09-03,30.0,21.9,25.2,33.3,24.7,27.8,0.2,19.3,40.3,207,21.27,961.7,loc_coimbatore,11.0168,76.9558,ECMWF_ERA5_Reanalysis
2018-09-04,30.8,22.0,25.2,32.9,24.4,27.4,0.0,22.2,45.0,215,23.27,962.2,loc_coimbatore,11.0168,76.9558,ECMWF_ERA5_Reanalysis
2018-09-05,30.7,21.5,25.2,32.9,24.5,27.3,0.0,25.2,49.7,214,24.64,961.8,loc_coimbatore,11.0168,76.9558,ECMWF_ERA5_Reanalysis
2018-09-06,30.8,21.2,25.0,32.5,23.4,26.5,0.0,28.0,55.8,214,24.16,960.5,loc_coimbatore,11.0168,76.9558,ECMWF_ERA5_Reanalysis
2018-09-07,30.9,21.4,25.2,32.0,22.9,26.5,0.0,29.0,56.5,214,24.86,961.1,loc_coimbatore,11.0168,76.9558,ECMWF_ERA5_Reanalysis
2018-09-08,31.5,21.2,25.7,34.3,23.2,28.1,0.4,20.4,40.7,213,24.04,961.1,loc_coimbatore,11.0168,76.9558,ECMWF_ERA5_Reanalysis
2018-09-09,31.9,21.9,26.0,34.5,24.7,28.6,0.0,18.1,37.4,208,22.51,961.4,loc_coimbatore,11.0168,76.9558,ECMWF_ERA5_Reanalysis
2018-09-10,32.3,22.2,26.4,34.5,24.9,28.7,0.1,18.6,39.2,209,23.21,963.1,loc_coimbatore,11.0168,76.9558,ECMWF_ERA5_Reanalysis
2018-09-11,32.9,22.6,26.9,35.8,26.6,29.9,3.6,19.6,42.8,211,22.4,963.8,loc_coimbatore,11.0168,76.9558,ECMWF_ERA5_Reanalysis
2018-09-12,34.1,22.6,27.3,36.2,26.0,30.1,0.0,17.4,39.2,212,23.39,962.3,loc_coimbatore,11.0168,76.9558,ECMWF_ERA5_Reanalysis
2018-09-13,33.2,22.7,26.8,34.0,25.2,28.5,0.0,20.9,45.7,216,24.45,961.3,loc_coimbatore,11.0168,76.9558,ECMWF_ERA5_Reanalysis
2018-09-14,33.6,21.6,26.9,35.1,24.4,29.1,0.0,21.4,44.6,214,23.91,961.7,loc_coimbatore,11.0168,76.9558,ECMWF_ERA5_Reanalysis
2018-09-15,33.7,22.5,27.2,37.1,25.4,29.4,0.4,19.1,41.8,214,22.99,962.2,loc_coimbatore,11.0168,76.9558,ECMWF_ERA5_Reanalysis
2018-09-16,29.9,23.2,26.1,31.9,26.2,28.3,0.3,21.1,43.9,214,16.83,961.3,loc_coimbatore,11.0168,76.9558,ECMWF_ERA5_Reanalysis
2018-09-17,31.1,22.7,25.6,32.6,25.6,28.0,0.2,23.2,49.0,213,17.49,960.5,loc_coimbatore,11.0168,76.9558,ECMWF_ERA5_Reanalysis
2018-09-18,32.2,22.1,26.0,33.1,24.6,27.5,0.0,26.3,52.6,216,20.34,960.5,loc_coimbatore,11.0168,76.9558,ECMWF_ERA5_Reanalysis
2018-09-19,32.9,21.7,25.6,34.8,23.9,27.6,1.4,19.6,43.9,212,17.88,960.2,loc_coimbatore,11.0168,76.9558,ECMWF_ERA5_Reanalysis
2018-09-20,32.9,21.7,26.1,33.5,22.7,26.7,0.0,27.5,54.0,214,22.88,958.3,loc_coimbatore,11.0168,76.9558,ECMWF_ERA5_Reanalysis
2018-09-21,33.5,21.4,26.4,33.9,23.7,27.2,0.0,28.5,56.2,219,25.25,959.1,loc_coimbatore,11.0168,76.9558,ECMWF_ERA5_Reanalysis
2018-09-22,33.1,21.9,27.0,35.1,23.4,28.7,0.0,21.4,43.6,219,23.19,961.6,loc_coimbatore,11.0168,76.9558,ECMWF_ERA5_Reanalysis
2018-09-23,33.8,22.8,27.3,36.3,25.4,30.0,6.1,19.5,40.3,210,22.64,963.3,loc_coimbatore,11.0168,76.9558,ECMWF_ERA5_Reanalysis
2018-09-24,29.8,22.3,25.7,32.8,26.2,29.2,9.8,15.9,33.8,207,16.53,963.7,loc_coimbatore,11.0168,76.9558,ECMWF_ERA5_Reanalysis
2018-09-25,32.1,22.3,26.6,36.5,25.6,29.7,2.9,14.3,34.6,210,22.54,962.3,loc_coimbatore,11.0168,76.9558,ECMWF_ERA5_Reanalysis
2018-09-26,33.1,22.0,26.5,37.7,26.2,30.5,2.0,13.1,27.4,212,22.03,961.1,loc_coimbatore,11.0168,76.9558,ECMWF_ERA5_Reanalysis
2018-09-27,32.6,22.3,26.3,37.3,26.4,30.2,4.9,15.1,38.5,179,18.3,960.9,loc_coimbatore,11.0168,76.9558,ECMWF_ERA5_Reanalysis
2018-09-28,31.0,22.5,25.4,36.4,26.4,29.4,9.0,14.7,32.0,73,17.46,961.2,loc_coimbatore,11.0168,76.9558,ECMWF_ERA5_Reanalysis
2018-09-29,29.2,21.8,25.3,33.7,25.0,29.0,35.0,9.7,24.1,88,14.01,961.6,loc_coimbatore,11.0168,76.9558,ECMWF_ERA5_Reanalysis
2018-09-30,31.3,22.8,26.1,37.1,26.7,30.7,7.9,11.7,29.5,82,19.81,961.4,loc_coimbatore,11.0168,76.9558,ECMWF_ERA5_Reanalysis
2018-10-01,30.5,22.3,25.9,35.4,24.7,30.1,22.3,14.4,37.1,49,19.58,961.5,loc_coimbatore,11.0168,76.9558,ECMWF_ERA5_Reanalysis
2018-10-02,29.7,22.6,25.7,35.3,25.1,29.5,4.1,14.0,29.9,23,17.46,962.1,loc_coimbatore,11.0168,76.9558,ECMWF_ERA5_Reanalysis
2018-10-03,30.8,22.7,25.4,36.8,26.2,29.5,27.1,11.4,32.4,28,18.65,961.7,loc_coimbatore,11.0168,76.9558,ECMWF_ERA5_Reanalysis
2018-10-04,27.5,22.3,23.8,31.1,25.9,27.8,29.8,13.0,36.4,36,8.16,961.5,loc_coimbatore,11.0168,76.9558,ECMWF_ERA5_Reanalysis
2018-10-05,26.8,21.9,23.7,30.3,24.5,26.9,41.2,16.8,40.0,30,9.71,961.5,loc_coimbatore,11.0168,76.9558,ECMWF_ERA5_Reanalysis
2018-10-06,26.9,22.3,23.8,31.0,24.6,26.9,32.7,18.2,41.4,27,10.57,961.5,loc_coimbatore,11.0168,76.9558,ECMWF_ERA5_Reanalysis
2018-10-07,29.8,22.1,25.6,34.6,25.1,29.6,8.9,15.0,30.2,33,18.54,961.4,loc_coimbatore,11.0168,76.9558,ECMWF_ERA5_Reanalysis
2018-10-08,29.7,22.4,25.0,35.8,25.9,29.2,10.0,11.9,28.8,177,17.79,961.4,loc_coimbatore,11.0168,76.9558,ECMWF_ERA5_Reanalysis
2018-10-09,27.4,22.4,24.6,32.0,26.4,28.7,1.4,14.1,31.3,204,15.22,961.0,loc_coimbatore,11.0168,76.9558,ECMWF_ERA5_Reanalysis
2018-10-10,29.1,22.3,25.0,34.0,25.7,28.7,1.3,15.7,35.6,208,22.22,960.4,loc_coimbatore,11.0168,76.9558,ECMWF_ERA5_Reanalysis
2018-10-11,30.3,22.4,25.6,34.1,25.3,28.9,0.0,17.4,37.8,210,22.43,960.4,loc_coimbatore,11.0168,76.9558,ECMWF_ERA5_Reanalysis
2018-10-12,30.4,23.2,26.1,34.3,26.5,29.7,0.0,16.5,33.5,207,21.59,961.4,loc_coimbatore,11.0168,76.9558,ECMWF_ERA5_Reanalysis
2018-10-13,30.4,22.8,25.9,34.0,26.3,29.6,0.4,17.1,36.0,213,21.15,962.9,loc_coimbatore,11.0168,76.9558,ECMWF_ERA5_Reanalysis
2018-10-14,29.0,22.2,24.9,33.7,25.8,28.7,0.6,15.6,33.8,212,17.72,963.9,loc_coimbatore,11.0168,76.9558,ECMWF_ERA5_Reanalysis
2018-10-15,28.6,22.3,25.1,33.2,26.0,29.3,1.0,14.0,31.7,212,17.45,963.9,loc_coimbatore,11.0168,76.9558,ECMWF_ERA5_Reanalysis
2018-10-16,29.1,22.1,24.0,35.5,25.7,28.2,21.2,9.7,27.4,351,13.6,964.5,loc_coimbatore,11.0168,76.9558,ECMWF_ERA5_Reanalysis
2018-10-17,28.4,21.3,24.4,32.9,24.3,27.9,0.5,17.1,35.6,212,19.57,964.0,loc_coimbatore,11.0168,76.9558,ECMWF_ERA5_Reanalysis
2018-10-18,29.6,21.0,25.4,34.4,24.4,29.3,0.0,14.1,29.9,215,20.89,963.3,loc_coimbatore,11.0168,76.9558,ECMWF_ERA5_Reanalysis
2018-10-19,28.4,21.7,24.8,33.5,24.8,28.9,14.5,12.7,28.8,15,16.28,963.5,loc_coimbatore,11.0168,76.9558,ECMWF_ERA5_Reanalysis
2018-10-20,27.6,21.8,24.0,32.6,25.1,28.1,14.6,11.8,24.5,57,14.0,964.4,loc_coimbatore,11.0168,76.9558,ECMWF_ERA5_Reanalysis
2018-10-21,29.5,22.2,25.5,34.4,25.9,29.5,4.5,8.9,22.7,72,20.56,964.4,loc_coimbatore,11.0168,76.9558,ECMWF_ERA5_Reanalysis
2018-10-22,29.5,22.0,24.9,34.1,26.3,29.0,3.7,11.0,29.5,95,19.01,964.5,loc_coimbatore,11.0168,76.9558,ECMWF_ERA5_Reanalysis
2018-10-23,30.4,22.0,25.4,33.8,25.1,28.8,0.0,10.8,27.0,60,23.05,964.3,loc_coimbatore,11.0168,76.9558,ECMWF_ERA5_Reanalysis
2018-10-24,29.9,20.6,25.9,33.1,21.2,28.4,0.2,11.4,26.6,55,23.44,963.8,loc_coimbatore,11.0168,76.9558,ECMWF_ERA5_Reanalysis
2018-10-25,30.3,22.2,25.6,32.6,25.1,28.2,0.6,14.0,30.2,44,21.69,964.6,loc_coimbatore,11.0168,76.9558,ECMWF_ERA5_Reanalysis
2018-10-26,30.0,21.5,25.3,30.9,24.2,27.4,0.0,18.4,38.5,53,20.06,965.0,loc_coimbatore,11.0168,76.9558,ECMWF_ERA5_Reanalysis
2018-10-27,30.4,21.3,25.6,32.5,23.8,27.5,0.0,14.0,30.2,42,23.17,964.6,loc_coimbatore,11.0168,76.9558,ECMWF_ERA5_Reanalysis
2018-10-28,31.0,21.8,26.1,31.4,22.5,26.5,0.0,16.5,34.9,56,23.52,963.4,loc_coimbatore,11.0168,76.9558,ECMWF_ERA5_Reanalysis
2018-10-29,31.3,20.8,25.7,33.7,21.7,27.3,0.0,12.9,26.3,160,20.76,962.2,loc_coimbatore,11.0168,76.9558,ECMWF_ERA5_Reanalysis
2018-10-30,31.6,20.7,25.8,34.5,22.7,28.3,0.0,9.4,25.9,179,23.58,961.5,loc_coimbatore,11.0168,76.9558,ECMWF_ERA5_Reanalysis
2018-10-31,31.9,21.7,26.5,35.4,25.1,29.9,0.8,13.0,30.6,11,19.93,961.6,loc_coimbatore,11.0168,76.9558,ECMWF_ERA5_Reanalysis
2018-11-01,29.7,22.4,25.5,33.7,26.6,29.7,8.3,13.2,37.4,76,13.96,962.0,loc_coimbatore,11.0168,76.9558,ECMWF_ERA5_Reanalysis
2018-11-02,28.8,22.7,24.8,31.6,26.4,28.2,10.5,14.3,35.3,47,12.42,962.5,loc_coimbatore,11.0168,76.9558,ECMWF_ERA5_Reanalysis
2018-11-03,28.7,22.2,24.1,31.6,25.2,27.2,13.8,16.1,41.4,34,12.51,963.3,loc_coimbatore,11.0168,76.9558,ECMWF_ERA5_Reanalysis
2018-11-04,30.2,21.8,24.9,31.9,24.5,27.4,7.5,17.8,37.4,41,18.11,963.7,loc_coimbatore,11.0168,76.9558,ECMWF_ERA5_Reanalysis
2018-11-05,29.2,22.3,25.4,32.2,25.2,28.3,1.8,14.6,32.4,40,17.62,963.7,loc_coimbatore,11.0168,76.9558,ECMWF_ERA5_Reanalysis
2018-11-06,28.9,21.7,24.8,30.5,24.5,27.3,0.8,15.2,32.0,72,14.29,964.3,loc_coimbatore,11.0168,76.9558,ECMWF_ERA5_Reanalysis
2018-11-07,30.4,22.1,25.6,33.2,24.5,28.0,0.6,13.0,29.5,58,18.66,964.2,loc_coimbatore,11.0168,76.9558,ECMWF_ERA5_Reanalysis
2018-11-08,29.1,21.4,25.1,30.9,24.5,27.3,0.0,11.6,27.0,69,16.76,963.5,loc_coimbatore,11.0168,76.9558,ECMWF_ERA5_Reanalysis
2018-11-09,29.7,21.5,25.4,32.1,24.8,28.0,0.9,13.5,31.0,63,17.47,962.6,loc_coimbatore,11.0168,76.9558,ECMWF_ERA5_Reanalysis
2018-11-10,31.2,22.0,25.7,33.5,24.8,28.0,0.4,13.3,31.0,73,20.85,963.2,loc_coimbatore,11.0168,76.9558,ECMWF_ERA5_Reanalysis
2018-11-11,31.7,21.0,25.8,33.2,23.4,27.7,0.1,13.3,32.0,82,20.61,964.0,loc_coimbatore,11.0168,76.9558,ECMWF_ERA5_Reanalysis
2018-11-12,32.6,21.4,26.4,34.6,24.5,28.8,0.0,12.0,24.8,148,20.92,962.9,loc_coimbatore,11.0168,76.9558,ECMWF_ERA5_Reanalysis
2018-11-13,31.9,22.2,26.3,34.6,24.6,29.0,0.0,17.2,37.4,207,18.89,961.7,loc_coimbatore,11.0168,76.9558,ECMWF_ERA5_Reanalysis
2018-11-14,33.1,22.3,26.9,35.1,25.6,29.2,0.0,11.2,28.1,71,20.43,961.4,loc_coimbatore,11.0168,76.9558,ECMWF_ERA5_Reanalysis
2018-11-15,34.1,21.0,27.3,35.6,23.1,29.1,0.8,22.0,43.2,41,22.23,961.7,loc_coimbatore,11.0168,76.9558,ECMWF_ERA5_Reanalysis
2018-11-16,27.5,22.0,24.0,28.5,22.6,25.7,5.5,45.1,84.6,21,8.19,961.3,loc_coimbatore,11.0168,76.9558,ECMWF_ERA5_Reanalysis
2018-11-17,28.8,21.7,24.9,31.6,23.8,27.2,0.9,16.1,29.5,29,14.13,963.3,loc_coimbatore,11.0168,76.9558,ECMWF_ERA5_Reanalysis
2018-11-18,29.4,22.4,25.0,32.9,24.4,28.3,17.2,16.7,33.8,31,15.48,963.6,loc_coimbatore,11.0168,76.9558,ECMWF_ERA5_Reanalysis
2018-11-19,29.3,22.2,24.8,34.0,24.3,28.5,13.2,14.4,32.0,27,16.24,964.6,loc_coimbatore,11.0168,76.9558,ECMWF_ERA5_Reanalysis
2018-11-20,28.7,22.3,25.2,31.8,25.7,28.4,1.6,10.4,24.5,45,15.17,964.6,loc_coimbatore,11.0168,76.9558,ECMWF_ERA5_Reanalysis
2018-11-21,31.0,21.4,26.0,34.4,25.0,28.9,0.3,14.1,25.6,85,19.8,963.6,loc_coimbatore,11.0168,76.9558,ECMWF_ERA5_Reanalysis
2018-11-22,27.8,21.6,24.1,29.6,24.4,27.0,13.7,16.9,36.4,49,11.85,963.5,loc_coimbatore,11.0168,76.9558,ECMWF_ERA5_Reanalysis
2018-11-23,26.0,21.4,23.3,29.5,23.9,26.3,25.0,14.8,32.8,20,8.78,965.7,loc_coimbatore,11.0168,76.9558,ECMWF_ERA5_Reanalysis
2018-11-24,26.9,21.8,23.8,31.1,24.7,27.1,13.8,14.2,29.2,38,11.34,966.8,loc_coimbatore,11.0168,76.9558,ECMWF_ERA5_Reanalysis
2018-11-25,28.7,21.9,24.7,31.4,25.0,27.9,1.2,11.3,26.3,64,15.87,966.0,loc_coimbatore,11.0168,76.9558,ECMWF_ERA5_Reanalysis
2018-11-26,28.4,22.2,24.5,30.3,24.3,26.8,0.2,14.9,33.1,73,16.82,964.6,loc_coimbatore,11.0168,76.9558,ECMWF_ERA5_Reanalysis
2018-11-27,27.4,20.5,23.2,29.0,21.4,24.3,0.1,14.7,31.7,59,18.31,965.0,loc_coimbatore,11.0168,76.9558,ECMWF_ERA5_Reanalysis
2018-11-28,28.7,18.9,23.6,30.2,20.0,25.1,0.0,13.2,30.2,36,20.96,965.1,loc_coimbatore,11.0168,76.9558,ECMWF_ERA5_Reanalysis
2018-11-29,23.9,21.8,22.8,26.5,24.5,25.6,10.2,15.4,32.4,28,6.92,966.0,loc_coimbatore,11.0168,76.9558,ECMWF_ERA5_Reanalysis
2018-11-30,28.1,21.5,24.3,30.0,24.0,26.8,0.1,14.9,31.3,48,15.04,966.1,loc_coimbatore,11.0168,76.9558,ECMWF_ERA5_Reanalysis
2018-12-01,27.8,21.7,24.2,29.2,23.9,26.1,0.4,15.2,32.8,68,14.06,964.3,loc_coimbatore,11.0168,76.9558,ECMWF_ERA5_Reanalysis
2018-12-02,28.4,19.8,23.8,30.4,21.5,25.5,0.0,13.9,32.0,58,19.53,962.8,loc_coimbatore,11.0168,76.9558,ECMWF_ERA5_Reanalysis
2018-12-03,28.7,20.9,24.2,30.0,23.4,26.1,0.0,16.7,35.3,45,14.03,963.1,loc_coimbatore,11.0168,76.9558,ECMWF_ERA5_Reanalysis
2018-12-04,26.8,22.0,23.8,29.0,25.0,26.6,8.0,16.1,34.2,34,10.36,964.0,loc_coimbatore,11.0168,76.9558,ECMWF_ERA5_Reanalysis
2018-12-05,28.4,22.0,24.5,32.9,25.0,27.8,10.1,13.0,32.0,38,14.79,963.7,loc_coimbatore,11.0168,76.9558,ECMWF_ERA5_Reanalysis
2018-12-06,29.5,22.1,25.2,32.6,25.4,28.2,2.4,11.8,29.5,53,16.52,962.8,loc_coimbatore,11.0168,76.9558,ECMWF_ERA5_Reanalysis
2018-12-07,29.8,22.3,25.2,31.3,25.3,27.7,0.5,13.8,30.2,50,17.4,963.2,loc_coimbatore,11.0168,76.9558,ECMWF_ERA5_Reanalysis
2018-12-08,29.0,22.1,24.9,30.6,25.0,27.3,0.2,14.5,31.0,54,15.59,964.3,loc_coimbatore,11.0168,76.9558,ECMWF_ERA5_Reanalysis
2018-12-09,29.5,21.3,24.7,31.5,23.9,26.8,0.0,14.1,32.0,68,18.49,964.1,loc_coimbatore,11.0168,76.9558,ECMWF_ERA5_Reanalysis
2018-12-10,30.2,20.9,24.7,32.1,23.5,27.0,0.0,11.2,28.1,57,18.44,963.9,loc_coimbatore,11.0168,76.9558,ECMWF_ERA5_Reanalysis
2018-12-11,30.5,20.2,25.1,33.4,22.2,27.5,0.1,10.8,27.7,62,19.98,963.8,loc_coimbatore,11.0168,76.9558,ECMWF_ERA5_Reanalysis
2018-12-12,31.0,21.3,25.8,33.7,23.5,28.4,0.2,10.5,25.9,72,17.43,964.7,loc_coimbatore,11.0168,76.9558,ECMWF_ERA5_Reanalysis
2018-12-13,30.8,22.2,25.9,33.5,25.2,28.9,4.3,7.3,19.1,73,15.17,965.0,loc_coimbatore,11.0168,76.9558,ECMWF_ERA5_Reanalysis
2018-12-14,31.2,22.6,25.9,33.0,24.0,28.1,0.0,11.1,26.6,48,18.76,964.6,loc_coimbatore,11.0168,76.9558,ECMWF_ERA5_Reanalysis
2018-12-15,30.7,21.4,25.5,31.1,23.1,26.6,0.0,15.6,35.6,54,19.87,964.3,loc_coimbatore,11.0168,76.9558,ECMWF_ERA5_Reanalysis
2018-12-16,29.7,20.7,25.2,29.8,21.6,26.2,0.0,11.5,23.4,80,13.56,964.0,loc_coimbatore,11.0168,76.9558,ECMWF_ERA5_Reanalysis
2018-12-17,33.0,20.3,25.8,35.1,22.5,27.4,0.0,16.6,29.9,207,19.92,963.5,loc_coimbatore,11.0168,76.9558,ECMWF_ERA5_Reanalysis
2018-12-18,32.0,20.4,25.8,33.9,22.3,27.4,0.0,10.4,25.9,95,20.56,964.0,loc_coimbatore,11.0168,76.9558,ECMWF_ERA5_Reanalysis
2018-12-19,29.1,21.6,24.6,30.7,23.7,26.6,6.7,14.4,32.4,58,14.68,964.6,loc_coimbatore,11.0168,76.9558,ECMWF_ERA5_Reanalysis
2018-12-20,29.9,20.4,24.6,31.1,21.9,25.9,0.0,12.4,27.0,42,14.54,965.0,loc_coimbatore,11.0168,76.9558,ECMWF_ERA5_Reanalysis
2018-12-21,30.9,20.2,25.4,32.4,22.3,27.0,0.0,11.9,29.2,36,18.23,964.3,loc_coimbatore,11.0168,76.9558,ECMWF_ERA5_Reanalysis
2018-12-22,29.8,21.9,24.9,30.3,24.9,26.8,0.5,17.6,33.5,69,11.26,964.3,loc_coimbatore,11.0168,76.9558,ECMWF_ERA5_Reanalysis
2018-12-23,28.8,21.8,24.7,30.2,25.0,27.2,8.0,18.0,40.0,53,13.63,964.7,loc_coimbatore,11.0168,76.9558,ECMWF_ERA5_Reanalysis
2018-12-24,29.4,22.1,25.2,31.2,24.7,27.6,2.0,14.4,32.0,57,14.88,965.1,loc_coimbatore,11.0168,76.9558,ECMWF_ERA5_Reanalysis
2018-12-25,30.9,21.9,25.7,31.5,24.3,27.4,0.0,16.3,36.7,64,16.68,965.0,loc_coimbatore,11.0168,76.9558,ECMWF_ERA5_Reanalysis
2018-12-26,31.8,21.0,25.7,33.1,22.7,27.0,0.0,11.2,29.5,64,20.63,964.9,loc_coimbatore,11.0168,76.9558,ECMWF_ERA5_Reanalysis
2018-12-27,32.1,20.2,25.9,33.8,21.2,27.4,0.8,9.2,25.6,40,19.34,964.0,loc_coimbatore,11.0168,76.9558,ECMWF_ERA5_Reanalysis
2018-12-28,29.3,21.6,24.8,31.6,23.8,27.3,2.2,12.0,29.2,28,14.56,963.3,loc_coimbatore,11.0168,76.9558,ECMWF_ERA5_Reanalysis
2018-12-29,26.2,21.4,23.3,28.1,23.3,25.4,8.5,14.6,27.4,49,7.39,965.1,loc_coimbatore,11.0168,76.9558,ECMWF_ERA5_Reanalysis
2018-12-30,28.3,20.5,23.6,28.2,22.3,24.9,4.3,14.9,32.0,59,13.46,966.7,loc_coimbatore,11.0168,76.9558,ECMWF_ERA5_Reanalysis
2018-12-31,29.5,20.1,23.9,29.1,21.2,24.4,0.8,16.6,35.6,58,18.21,967.8,loc_coimbatore,11.0168,76.9558,ECMWF_ERA5_Reanalysis
2019-01-01,29.7,18.4,23.2,28.9,19.8,23.1,0.0,15.5,34.9,50,19.99,968.0,loc_coimbatore,11.0168,76.9558,ECMWF_ERA5_Reanalysis
2019-01-02,28.6,17.1,22.1,26.8,17.6,21.3,0.0,16.1,37.4,43,21.08,968.3,loc_coimbatore,11.0168,76.9558,ECMWF_ERA5_Reanalysis
2019-01-03,30.4,18.7,23.5,29.0,18.2,22.6,0.0,14.6,34.2,39,21.61,968.7,loc_coimbatore,11.0168,76.9558,ECMWF_ERA5_Reanalysis
2019-01-04,30.1,17.9,23.3,28.1,18.3,22.5,0.0,19.0,40.7,46,21.17,967.9,loc_coimbatore,11.0168,76.9558,ECMWF_ERA5_Reanalysis
2019-01-05,30.6,18.2,23.7,29.3,18.0,23.1,0.0,17.5,37.8,39,21.67,966.7,loc_coimbatore,11.0168,76.9558,ECMWF_ERA5_Reanalysis
2019-01-06,30.3,18.9,23.9,30.0,19.5,23.8,0.0,15.0,33.8,58,19.1,965.4,loc_coimbatore,11.0168,76.9558,ECMWF_ERA5_Reanalysis
2019-01-07,30.8,19.3,24.3,30.7,20.0,24.3,0.0,15.9,35.6,51,20.83,964.7,loc_coimbatore,11.0168,76.9558,ECMWF_ERA5_Reanalysis
2019-01-08,32.3,20.0,25.5,30.2,21.0,25.0,0.0,17.2,39.2,56,21.3,965.0,loc_coimbatore,11.0168,76.9558,ECMWF_ERA5_Reanalysis
2019-01-09,32.3,19.7,25.0,30.6,19.2,24.0,0.0,14.7,34.6,55,21.93,965.0,loc_coimbatore,11.0168,76.9558,ECMWF_ERA5_Reanalysis
2019-01-10,32.0,18.3,24.3,30.3,17.9,23.3,0.0,13.7,33.1,41,21.92,964.8,loc_coimbatore,11.0168,76.9558,ECMWF_ERA5_Reanalysis
2019-01-11,32.3,18.8,24.6,32.1,19.8,24.6,0.0,14.2,31.3,44,20.38,965.7,loc_coimbatore,11.0168,76.9558,ECMWF_ERA5_Reanalysis
2019-01-12,31.4,18.8,24.6,31.2,19.7,24.8,0.0,14.6,35.3,56,20.1,965.5,loc_coimbatore,11.0168,76.9558,ECMWF_ERA5_Reanalysis
2019-01-13,31.7,19.3,24.3,30.5,20.0,24.0,0.0,13.5,32.8,51,19.46,965.7,loc_coimbatore,11.0168,76.9558,ECMWF_ERA5_Reanalysis
2019-01-14,31.7,19.1,24.6,31.5,20.3,24.8,0.0,13.3,33.1,50,20.04,964.9,loc_coimbatore,11.0168,76.9558,ECMWF_ERA5_Reanalysis
2019-01-15,32.4,18.8,24.9,30.8,19.6,23.8,0.0,13.3,32.8,51,21.15,965.3,loc_coimbatore,11.0168,76.9558,ECMWF_ERA5_Reanalysis
2019-01-16,32.0,17.9,24.4,30.3,18.3,23.5,0.0,14.8,35.6,55,22.29,965.5,loc_coimbatore,11.0168,76.9558,ECMWF_ERA5_Reanalysis
2019-01-17,31.3,18.3,24.4,30.5,18.5,24.1,0.0,15.1,36.7,61,22.02,964.7,loc_coimbatore,11.0168,76.9558,ECMWF_ERA5_Reanalysis
2019-01-18,31.1,19.7,24.9,30.7,21.0,25.1,0.0,15.0,35.6,61,19.48,964.6,loc_coimbatore,11.0168,76.9558,ECMWF_ERA5_Reanalysis
2019-01-19,31.7,19.5,24.9,30.9,20.3,24.5,0.0,14.9,32.4,58,21.88,965.6,loc_coimbatore,11.0168,76.9558,ECMWF_ERA5_Reanalysis
2019-01-20,31.5,19.8,24.8,28.9,20.7,23.9,0.0,17.4,37.4,64,21.06,966.5,loc_coimbatore,11.0168,76.9558,ECMWF_ERA5_Reanalysis
2019-01-21,32.1,19.3,24.7,31.4,19.3,23.8,0.0,11.0,28.8,60,22.29,965.6,loc_coimbatore,11.0168,76.9558,ECMWF_ERA5_Reanalysis
2019-01-22,31.7,18.8,24.7,32.4,19.1,24.8,0.0,8.9,24.8,79,21.92,965.4,loc_coimbatore,11.0168,76.9558,ECMWF_ERA5_Reanalysis
2019-01-23,32.2,19.3,25.1,32.9,19.6,25.7,0.0,12.2,28.1,53,20.5,964.9,loc_coimbatore,11.0168,76.9558,ECMWF_ERA5_Reanalysis
2019-01-24,32.7,20.6,26.1,34.6,22.6,27.2,0.0,11.2,27.4,54,21.0,965.5,loc_coimbatore,11.0168,76.9558,ECMWF_ERA5_Reanalysis
2019-01-25,32.0,21.6,25.7,32.8,23.1,27.1,0.4,12.5,26.3,41,12.97,965.2,loc_coimbatore,11.0168,76.9558,ECMWF_ERA5_Reanalysis
2019-01-26,31.9,21.5,26.0,33.6,24.8,28.2,1.9,12.0,25.9,39,16.8,964.9,loc_coimbatore,11.0168,76.9558,ECMWF_ERA5_Reanalysis
2019-01-27,30.8,22.2,25.7,32.5,25.0,27.9,1.3,11.4,28.8,34,17.45,965.4,loc_coimbatore,11.0168,76.9558,ECMWF_ERA5_Reanalysis
2019-01-28,31.5,21.7,25.6,33.4,24.0,27.5,1.4,13.1,26.3,52,16.05,965.5,loc_coimbatore,11.0168,76.9558,ECMWF_ERA5_Reanalysis
2019-01-29,28.4,20.7,24.0,29.4,22.6,25.5,15.7,16.6,38.2,53,18.03,966.1,loc_coimbatore,11.0168,76.9558,ECMWF_ERA5_Reanalysis
2019-01-30,29.9,20.5,24.5,30.1,22.6,25.3,1.4,15.7,33.8,44,17.18,966.3,loc_coimbatore,11.0168,76.9558,ECMWF_ERA5_Reanalysis
2019-01-31,29.6,20.5,24.4,30.2,21.5,24.9,0.2,16.1,34.9,51,19.08,965.8,loc_coimbatore,11.0168,76.9558,ECMWF_ERA5_Reanalysis
2019-02-01,29.1,20.8,24.6,29.8,22.3,25.2,0.1,15.0,31.7,56,17.18,965.7,loc_coimbatore,11.0168,76.9558,ECMWF_ERA5_Reanalysis
2019-02-02,30.3,20.6,25.1,31.0,22.4,25.8,0.0,13.5,33.1,46,20.92,964.8,loc_coimbatore,11.0168,76.9558,ECMWF_ERA5_Reanalysis
2019-02-03,31.8,20.5,25.6,33.0,21.7,26.5,0.0,13.0,32.0,47,22.32,965.5,loc_coimbatore,11.0168,76.9558,ECMWF_ERA5_Reanalysis
2019-02-04,32.5,20.7,26.1,32.8,21.6,26.7,0.0,15.9,34.9,53,22.41,967.2,loc_coimbatore,11.0168,76.9558,ECMWF_ERA5_Reanalysis
2019-02-05,31.5,22.9,26.4,32.3,25.1,28.0,0.1,14.8,33.5,70,15.54,966.8,loc_coimbatore,11.0168,76.9558,ECMWF_ERA5_Reanalysis
2019-02-06,33.0,22.0,26.9,34.0,23.6,27.9,0.0,14.0,32.4,59,21.05,965.0,loc_coimbatore,11.0168,76.9558,ECMWF_ERA5_Reanalysis
2019-02-07,33.5,22.6,27.6,34.6,22.9,28.3,0.0,14.5,34.9,44,22.32,964.8,loc_coimbatore,11.0168,76.9558,ECMWF_ERA5_Reanalysis
2019-02-08,33.9,22.9,27.8,36.2,25.2,29.9,0.0,14.8,28.1,41,21.7,965.0,loc_coimbatore,11.0168,76.9558,ECMWF_ERA5_Reanalysis
2019-02-09,32.9,22.4,27.6,35.7,25.1,29.8,0.2,13.5,29.2,46,18.96,964.8,loc_coimbatore,11.0168,76.9558,ECMWF_ERA5_Reanalysis
2019-02-10,32.1,21.7,26.8,34.6,23.8,28.8,2.4,13.3,33.8,34,18.57,966.0,loc_coimbatore,11.0168,76.9558,ECMWF_ERA5_Reanalysis
2019-02-11,32.4,22.5,26.9,32.5,25.0,27.8,1.0,21.3,45.4,57,18.99,966.5,loc_coimbatore,11.0168,76.9558,ECMWF_ERA5_Reanalysis
2019-02-12,33.5,21.0,26.7,31.9,22.5,26.6,0.0,20.7,48.6,62,20.57,967.3,loc_coimbatore,11.0168,76.9558,ECMWF_ERA5_Reanalysis
2019-02-13,33.2,20.6,26.7,32.8,21.9,26.9,0.0,18.2,41.0,57,23.4,967.9,loc_coimbatore,11.0168,76.9558,ECMWF_ERA5_Reanalysis
2019-02-14,33.7,20.9,27.2,34.8,22.2,28.1,0.0,15.3,37.1,61,23.58,965.8,loc_coimbatore,11.0168,76.9558,ECMWF_ERA5_Reanalysis
2019-02-15,32.9,22.2,27.5,35.4,25.0,29.5,1.2,11.5,31.7,60,18.3,965.8,loc_coimbatore,11.0168,76.9558,ECMWF_ERA5_Reanalysis
2019-02-16,34.5,22.8,28.4,37.1,25.3,30.8,0.5,16.1,29.2,3,20.53,965.3,loc_coimbatore,11.0168,76.9558,ECMWF_ERA5_Reanalysis
2019-02-17,34.8,23.7,28.5,37.1,26.4,30.6,0.1,19.6,36.0,216,20.93,964.2,loc_coimbatore,11.0168,76.9558,ECMWF_ERA5_Reanalysis
2019-02-18,35.4,22.1,28.2,37.5,25.6,30.2,0.0,20.0,36.4,205,22.23,962.5,loc_coimbatore,11.0168,76.9558,ECMWF_ERA5_Reanalysis
2019-02-19,34.7,21.6,28.4,37.3,25.5,30.5,0.6,13.2,32.4,44,21.67,963.3,loc_coimbatore,11.0168,76.9558,ECMWF_ERA5_Reanalysis
2019-02-20,34.9,22.7,28.1,35.0,24.8,29.0,3.0,18.8,41.0,50,21.16,966.1,loc_coimbatore,11.0168,76.9558,ECMWF_ERA5_Reanalysis
2019-02-21,34.9,22.2,28.0,33.6,24.0,28.0,0.0,22.7,49.0,60,23.77,967.5,loc_coimbatore,11.0168,76.9558,ECMWF_ERA5_Reanalysis
2019-02-22,34.9,20.6,27.3,32.0,22.1,26.4,0.0,21.5,46.4,58,25.08,965.8,loc_coimbatore,11.0168,76.9558,ECMWF_ERA5_Reanalysis
2019-02-23,36.1,20.9,28.1,33.1,19.2,26.0,0.0,21.4,46.1,59,25.26,964.1,loc_coimbatore,11.0168,76.9558,ECMWF_ERA5_Reanalysis
2019-02-24,36.9,22.3,28.8,34.5,21.1,27.1,0.0,18.9,42.1,50,25.23,963.0,loc_coimbatore,11.0168,76.9558,ECMWF_ERA5_Reanalysis
2019-02-25,37.0,21.1,28.4,35.7,23.2,28.5,0.0,13.5,33.5,66,25.34,962.5,loc_coimbatore,11.0168,76.9558,ECMWF_ERA5_Reanalysis
2019-02-26,35.8,21.4,27.9,35.9,24.4,29.7,0.0,22.1,42.1,210,23.16,961.6,loc_coimbatore,11.0168,76.9558,ECMWF_ERA5_Reanalysis
2019-02-27,33.4,22.9,27.5,35.6,26.1,29.7,0.1,22.0,45.4,214,20.98,961.2,loc_coimbatore,11.0168,76.9558,ECMWF_ERA5_Reanalysis
2019-02-28,33.8,22.7,27.9,36.8,25.5,29.8,0.7,18.2,33.8,207,20.43,961.7,loc_coimbatore,11.0168,76.9558,ECMWF_ERA5_Reanalysis
2019-03-01,36.9,22.5,29.5,38.8,25.7,31.3,0.1,12.5,27.7,110,23.97,961.6,loc_coimbatore,11.0168,76.9558,ECMWF_ERA5_Reanalysis
2019-03-02,34.9,23.4,28.4,34.8,26.4,30.4,6.1,15.3,35.3,57,19.95,962.9,loc_coimbatore,11.0168,76.9558,ECMWF_ERA5_Reanalysis
2019-03-03,35.2,23.1,28.7,36.9,25.1,30.7,0.0,14.1,33.8,53,23.34,962.9,loc_coimbatore,11.0168,76.9558,ECMWF_ERA5_Reanalysis
2019-03-04,35.6,23.2,28.5,38.6,25.8,31.2,0.0,15.1,32.4,156,23.09,962.0,loc_coimbatore,11.0168,76.9558,ECMWF_ERA5_Reanalysis
2019-03-05,36.1,23.2,28.8,38.4,26.6,31.0,0.0,15.5,33.5,213,22.46,961.7,loc_coimbatore,11.0168,76.9558,ECMWF_ERA5_Reanalysis
2019-03-06,35.6,23.3,28.8,37.8,26.6,31.1,0.0,19.6,37.8,211,21.41,961.7,loc_coimbatore,11.0168,76.9558,ECMWF_ERA5_Reanalysis
2019-03-07,38.2,23.1,29.5,39.1,26.4,31.7,0.0,19.6,40.7,209,23.69,961.1,loc_coimbatore,11.0168,76.9558,ECMWF_ERA5_Reanalysis
2019-03-08,35.5,23.9,28.6,37.2,26.0,30.5,0.1,23.0,47.9,215,22.54,962.5,loc_coimbatore,11.0168,76.9558,ECMWF_ERA5_Reanalysis
2019-03-09,35.4,23.5,28.9,38.4,26.5,31.5,0.2,15.0,36.4,182,20.15,964.4,loc_coimbatore,11.0168,76.9558,ECMWF_ERA5_Reanalysis
2019-03-10,37.0,23.8,29.9,38.6,27.7,32.3,0.5,13.4,29.2,102,21.86,964.6,loc_coimbatore,11.0168,76.9558,ECMWF_ERA5_Reanalysis
2019-03-11,37.1,24.8,30.0,37.3,28.7,31.8,0.6,17.1,37.8,74,23.27,965.2,loc_coimbatore,11.0168,76.9558,ECMWF_ERA5_Reanalysis
2019-03-12,36.9,23.3,29.9,35.8,24.8,30.0,0.0,20.4,43.9,72,25.74,965.4,loc_coimbatore,11.0168,76.9558,ECMWF_ERA5_Reanalysis
2019-03-13,36.6,23.6,29.8,35.2,23.6,28.9,0.0,18.3,41.4,60,25.8,965.6,loc_coimbatore,11.0168,76.9558,ECMWF_ERA5_Reanalysis
2019-03-14,36.1,22.6,29.3,35.3,24.2,28.9,0.0,18.4,41.0,65,25.62,965.5,loc_coimbatore,11.0168,76.9558,ECMWF_ERA5_Reanalysis
2019-03-15,36.1,24.1,29.8,34.8,22.6,28.0,0.0,18.7,41.4,55,25.76,965.1,loc_coimbatore,11.0168,76.9558,ECMWF_ERA5_Reanalysis
2019-03-16,35.3,22.2,28.3,35.2,23.3,28.4,0.0,15.5,37.1,69,25.83,964.9,loc_coimbatore,11.0168,76.9558,ECMWF_ERA5_Reanalysis
2019-03-17,35.8,23.6,28.7,36.0,23.7,28.7,0.0,15.1,33.5,71,25.95,964.5,loc_coimbatore,11.0168,76.9558,ECMWF_ERA5_Reanalysis
2019-03-18,37.2,22.5,29.1,37.8,23.4,29.9,0.0,13.7,30.6,70,25.64,964.3,loc_coimbatore,11.0168,76.9558,ECMWF_ERA5_Reanalysis
2019-03-19,36.8,23.9,29.5,37.9,26.1,31.2,0.1,13.4,31.7,83,23.3,962.9,loc_coimbatore,11.0168,76.9558,ECMWF_ERA5_Reanalysis
2019-03-20,36.7,23.8,29.7,38.0,27.1,31.6,0.0,13.9,27.0,98,22.33,962.6,loc_coimbatore,11.0168,76.9558,ECMWF_ERA5_Reanalysis
2019-03-21,37.7,24.5,29.9,37.6,24.4,31.2,0.0,13.6,30.2,57,25.01,963.6,loc_coimbatore,11.0168,76.9558,ECMWF_ERA5_Reanalysis
2019-03-22,37.6,24.2,30.1,38.2,26.9,31.8,0.0,13.3,32.8,68,23.33,964.2,loc_coimbatore,11.0168,76.9558,ECMWF_ERA5_Reanalysis
2019-03-23,37.3,23.6,30.0,38.4,26.9,31.9,0.0,20.0,37.4,174,23.32,963.7,loc_coimbatore,11.0168,76.9558,ECMWF_ERA5_Reanalysis
2019-03-24,38.3,24.4,30.8,39.3,28.3,32.8,0.0,15.0,29.5,168,23.54,962.8,loc_coimbatore,11.0168,76.9558,ECMWF_ERA5_Reanalysis
2019-03-25,38.0,25.2,30.8,37.7,27.2,31.9,0.0,18.3,41.0,73,25.75,962.8,loc_coimbatore,11.0168,76.9558,ECMWF_ERA5_Reanalysis
2019-03-26,37.7,24.8,30.4,37.1,27.8,31.6,0.0,17.2,37.8,80,26.29,964.3,loc_coimbatore,11.0168,76.9558,ECMWF_ERA5_Reanalysis
2019-03-27,37.8,23.7,29.8,36.3,25.4,30.5,0.0,15.5,33.1,87,24.39,965.4,loc_coimbatore,11.0168,76.9558,ECMWF_ERA5_Reanalysis
2019-03-28,38.9,23.6,30.6,38.1,26.6,31.6,0.0,18.0,38.5,103,26.44,964.5,loc_coimbatore,11.0168,76.9558,ECMWF_ERA5_Reanalysis
2019-03-29,38.7,24.0,30.4,39.5,28.1,32.7,0.0,19.1,35.6,196,24.16,962.7,loc_coimbatore,11.0168,76.9558,ECMWF_ERA5_Reanalysis
2019-03-30,38.3,24.7,30.1,39.4,29.0,32.8,0.0,18.5,47.2,206,23.45,962.7,loc_coimbatore,11.0168,76.9558,ECMWF_ERA5_Reanalysis
2019-03-31,37.1,23.8,30.0,38.8,27.8,32.0,0.0,18.4,46.1,202,22.62,963.3,loc_coimbatore,11.0168,76.9558,ECMWF_ERA5_Reanalysis
2019-04-01,38.4,24.6,30.2,39.3,28.2,32.6,0.0,21.1,46.1,209,23.19,963.1,loc_coimbatore,11.0168,76.9558,ECMWF_ERA5_Reanalysis
2019-04-02,37.9,24.8,30.4,39.3,28.7,33.0,0.0,14.1,35.3,202,22.0,962.6,loc_coimbatore,11.0168,76.9558,ECMWF_ERA5_Reanalysis
2019-04-03,38.1,25.0,30.9,38.6,29.8,32.9,0.0,18.0,47.2,128,23.3,962.5,loc_coimbatore,11.0168,76.9558,ECMWF_ERA5_Reanalysis
2019-04-04,37.6,24.1,30.0,37.9,28.8,32.2,0.0,14.3,34.9,91,24.68,964.0,loc_coimbatore,11.0168,76.9558,ECMWF_ERA5_Reanalysis
2019-04-05,38.0,24.5,30.5,39.0,28.3,32.5,0.0,15.3,36.0,192,25.28,964.0,loc_coimbatore,11.0168,76.9558,ECMWF_ERA5_Reanalysis
2019-04-06,38.4,24.5,30.7,38.2,29.1,32.6,0.0,16.8,34.6,149,24.57,963.4,loc_coimbatore,11.0168,76.9558,ECMWF_ERA5_Reanalysis
2019-04-07,38.0,24.8,30.8,39.9,29.3,33.3,0.0,14.1,32.8,194,23.76,962.4,loc_coimbatore,11.0168,76.9558,ECMWF_ERA5_Reanalysis
2019-04-08,37.4,25.3,29.9,39.7,29.8,33.1,0.1,20.3,42.1,216,21.08,961.8,loc_coimbatore,11.0168,76.9558,ECMWF_ERA5_Reanalysis
2019-04-09,37.2,24.2,29.6,40.8,27.6,32.7,0.6,16.4,36.7,213,21.61,962.2,loc_coimbatore,11.0168,76.9558,ECMWF_ERA5_Reanalysis
2019-04-10,38.6,24.1,30.7,40.9,28.1,33.5,0.0,16.4,38.9,187,23.33,962.4,loc_coimbatore,11.0168,76.9558,ECMWF_ERA5_Reanalysis
2019-04-11,38.8,25.2,30.5,41.0,29.6,33.6,0.0,21.2,44.6,211,22.51,962.2,loc_coimbatore,11.0168,76.9558,ECMWF_ERA5_Reanalysis
2019-04-12,38.9,25.3,31.3,40.7,29.7,34.1,0.0,15.4,31.3,188,23.38,961.4,loc_coimbatore,11.0168,76.9558,ECMWF_ERA5_Reanalysis
2019-04-13,38.4,25.5,31.5,39.9,30.4,33.9,0.0,13.5,34.9,149,23.38,961.8,loc_coimbatore,11.0168,76.9558,ECMWF_ERA5_Reanalysis
2019-04-14,39.0,25.3,31.4,39.3,30.8,33.6,0.0,14.5,34.6,95,24.74,962.0,loc_coimbatore,11.0168,76.9558,ECMWF_ERA5_Reanalysis
2019-04-15,37.2,25.4,30.8,39.0,29.9,33.5,0.0,20.6,44.6,208,24.11,962.2,loc_coimbatore,11.0168,76.9558,ECMWF_ERA5_Reanalysis
2019-04-16,38.0,25.2,30.7,39.0,29.8,33.2,0.0,23.0,51.1,213,24.42,961.8,loc_coimbatore,11.0168,76.9558,ECMWF_ERA5_Reanalysis
2019-04-17,34.2,25.0,29.1,38.4,29.3,32.7,0.1,17.8,41.4,212,18.49,962.6,loc_coimbatore,11.0168,76.9558,ECMWF_ERA5_Reanalysis
2019-04-18,39.6,25.0,30.1,41.0,28.8,33.5,3.8,23.7,49.0,207,22.31,961.8,loc_coimbatore,11.0168,76.9558,ECMWF_ERA5_Reanalysis
2019-04-19,34.7,23.5,27.3,38.8,27.8,31.6,14.7,20.7,43.9,208,21.34,961.5,loc_coimbatore,11.0168,76.9558,ECMWF_ERA5_Reanalysis
2019-04-20,33.2,24.2,27.9,37.0,29.3,32.3,1.9,18.7,38.9,218,19.66,960.1,loc_coimbatore,11.0168,76.9558,ECMWF_ERA5_Reanalysis
2019-04-21,33.0,23.7,27.4,36.2,27.9,30.8,1.1,16.3,34.6,221,17.11,959.9,loc_coimbatore,11.0168,76.9558,ECMWF_ERA5_Reanalysis
2019-04-22,35.6,23.6,28.1,40.8,27.7,32.5,15.4,13.0,31.7,192,22.49,959.6,loc_coimbatore,11.0168,76.9558,ECMWF_ERA5_Reanalysis
2019-04-23,32.8,23.9,27.6,37.0,28.9,31.9,1.5,13.7,31.7,204,20.51,961.1,loc_coimbatore,11.0168,76.9558,ECMWF_ERA5_Reanalysis
2019-04-24,33.7,24.6,28.8,38.6,29.7,32.5,0.0,8.7,29.9,25,16.74,961.7,loc_coimbatore,11.0168,76.9558,ECMWF_ERA5_Reanalysis
2019-04-25,35.5,24.1,29.3,39.8,27.8,32.9,0.0,12.1,38.9,200,23.88,961.6,loc_coimbatore,11.0168,76.9558,ECMWF_ERA5_Reanalysis
2019-04-26,37.4,24.7,30.2,40.6,29.5,33.6,0.0,11.4,21.6,194,23.92,960.6,loc_coimbatore,11.0168,76.9558,ECMWF_ERA5_Reanalysis
2019-04-27,36.7,25.1,30.2,39.7,29.7,34.2,0.0,19.7,39.6,211,22.59,960.0,loc_coimbatore,11.0168,76.9558,ECMWF_ERA5_Reanalysis
2019-04-28,38.1,25.4,30.1,41.5,30.7,34.2,0.0,21.6,43.6,210,23.94,960.1,loc_coimbatore,11.0168,76.9558,ECMWF_ERA5_Reanalysis
2019-04-29,36.4,25.3,29.3,40.0,29.4,32.9,0.3,20.0,40.3,214,21.21,960.4,loc_coimbatore,11.0168,76.9558,ECMWF_ERA5_Reanalysis
2019-04-30,34.5,23.9,28.3,38.1,27.1,31.7,1.5,23.4,49.7,215,22.74,959.7,loc_coimbatore,11.0168,76.9558,ECMWF_ERA5_Reanalysis
2019-05-01,33.7,23.0,27.8,36.6,25.2,30.5,0.0,24.2,51.5,217,22.0,959.1,loc_coimbatore,11.0168,76.9558,ECMWF_ERA5_Reanalysis
2019-05-02,35.4,24.6,28.9,36.9,27.8,31.0,0.0,25.7,52.6,220,24.05,958.9,loc_coimbatore,11.0168,76.9558,ECMWF_ERA5_Reanalysis
2019-05-03,34.9,23.9,28.6,35.7,26.5,30.1,0.0,25.8,54.7,224,25.88,960.3,loc_coimbatore,11.0168,76.9558,ECMWF_ERA5_Reanalysis
2019-05-04,35.2,23.4,28.8,36.9,25.4,30.5,0.0,22.7,47.9,223,25.22,962.0,loc_coimbatore,11.0168,76.9558,ECMWF_ERA5_Reanalysis
2019-05-05,36.2,24.0,29.4,38.7,27.0,31.7,0.0,23.7,49.0,220,24.44,962.8,loc_coimbatore,11.0168,76.9558,ECMWF_ERA5_Reanalysis
2019-05-06,37.5,24.6,30.0,39.5,28.2,32.7,0.1,21.6,43.2,218,22.86,961.5,loc_coimbatore,11.0168,76.9558,ECMWF_ERA5_Reanalysis
2019-05-07,34.3,24.5,28.6,37.3,27.8,31.3,0.8,24.2,51.8,221,21.92,961.7,loc_coimbatore,11.0168,76.9558,ECMWF_ERA5_Reanalysis
2019-05-08,32.4,24.3,27.4,34.1,27.5,30.2,0.0,19.1,41.0,218,11.6,962.1,loc_coimbatore,11.0168,76.9558,ECMWF_ERA5_Reanalysis
2019-05-09,34.6,23.5,28.2,38.0,26.3,31.2,3.8,19.4,44.3,217,22.2,960.7,loc_coimbatore,11.0168,76.9558,ECMWF_ERA5_Reanalysis
2019-05-10,37.2,23.8,29.4,39.7,26.9,32.0,0.0,19.7,40.3,214,22.09,960.3,loc_coimbatore,11.0168,76.9558,ECMWF_ERA5_Reanalysis
2019-05-11,36.9,25.4,29.6,40.7,29.2,33.1,0.8,17.6,38.2,219,21.56,961.6,loc_coimbatore,11.0168,76.9558,ECMWF_ERA5_Reanalysis
2019-05-12,36.0,25.3,29.2,40.2,29.4,32.8,6.7,18.3,35.6,219,19.96,961.0,loc_coimbatore,11.0168,76.9558,ECMWF_ERA5_Reanalysis
2019-05-13,35.3,24.5,28.9,38.2,28.2,32.1,0.4,18.8,43.6,219,21.93,960.7,loc_coimbatore,11.0168,76.9558,ECMWF_ERA5_Reanalysis
2019-05-14,34.1,24.9,28.6,37.5,28.4,31.7,4.8,18.8,39.2,218,19.38,960.6,loc_coimbatore,11.0168,76.9558,ECMWF_ERA5_Reanalysis
2019-05-15,32.8,25.1,28.5,36.8,28.7,32.0,5.3,19.4,43.6,217,21.02,961.4,loc_coimbatore,11.0168,76.9558,ECMWF_ERA5_Reanalysis
2019-05-16,36.2,24.2,29.0,39.8,28.5,32.7,1.0,16.5,40.0,218,23.36,961.9,loc_coimbatore,11.0168,76.9558,ECMWF_ERA5_Reanalysis
2019-05-17,35.0,24.9,29.0,39.0,28.2,32.6,0.8,17.7,40.3,219,22.42,961.8,loc_coimbatore,11.0168,76.9558,ECMWF_ERA5_Reanalysis
2019-05-18,36.6,24.6,29.6,40.0,28.6,33.1,0.2,19.1,40.3,217,23.16,960.8,loc_coimbatore,11.0168,76.9558,ECMWF_ERA5_Reanalysis
2019-05-19,37.2,25.2,30.0,41.1,29.6,33.6,0.1,18.9,42.5,218,23.05,960.7,loc_coimbatore,11.0168,76.9558,ECMWF_ERA5_Reanalysis
2019-05-20,36.1,25.4,30.2,39.4,29.6,33.7,0.2,16.3,36.7,218,22.54,961.3,loc_coimbatore,11.0168,76.9558,ECMWF_ERA5_Reanalysis
2019-05-21,36.8,24.9,29.5,39.1,29.2,32.8,0.5,20.1,42.5,217,21.75,961.4,loc_coimbatore,11.0168,76.9558,ECMWF_ERA5_Reanalysis
2019-05-22,36.6,24.7,29.9,39.6,28.9,33.4,0.4,18.9,39.6,213,22.21,960.8,loc_coimbatore,11.0168,76.9558,ECMWF_ERA5_Reanalysis
2019-05-23,34.7,25.5,29.2,37.9,28.7,32.5,0.3,20.4,45.4,218,20.7,960.7,loc_coimbatore,11.0168,76.9558,ECMWF_ERA5_Reanalysis
2019-05-24,35.4,24.0,28.6,38.7,27.2,32.0,0.2,22.1,45.0,215,21.74,961.1,loc_coimbatore,11.0168,76.9558,ECMWF_ERA5_Reanalysis
2019-05-25,34.5,22.6,28.1,37.4,25.9,30.9,0.2,21.6,47.5,215,22.36,960.6,loc_coimbatore,11.0168,76.9558,ECMWF_ERA5_Reanalysis
2019-05-26,36.0,24.3,29.3,39.3,27.5,32.5,0.0,22.0,47.9,221,22.81,959.4,loc_coimbatore,11.0168,76.9558,ECMWF_ERA5_Reanalysis
2019-05-27,37.1,24.0,29.9,40.9,27.3,33.4,0.0,19.1,43.9,214,23.26,958.9,loc_coimbatore,11.0168,76.9558,ECMWF_ERA5_Reanalysis
2019-05-28,38.2,24.9,30.6,42.1,28.2,33.8,0.1,18.3,37.1,216,22.77,958.8,loc_coimbatore,11.0168,76.9558,ECMWF_ERA5_Reanalysis
2019-05-29,35.9,24.9,29.5,40.9,29.3,33.6,5.0,21.3,38.9,215,21.09,958.6,loc_coimbatore,11.0168,76.9558,ECMWF_ERA5_Reanalysis
2019-05-30,34.8,24.5,29.3,39.7,28.2,32.9,3.0,18.4,44.3,219,21.99,958.4,loc_coimbatore,11.0168,76.9558,ECMWF_ERA5_Reanalysis
2019-05-31,33.6,23.7,27.8,36.6,27.2,31.1,1.1,21.9,43.9,220,21.54,959.0,loc_coimbatore,11.0168,76.9558,ECMWF_ERA5_Reanalysis
2019-06-01,35.4,23.5,28.9,39.0,26.5,31.9,0.0,19.7,41.8,220,24.12,959.6,loc_coimbatore,11.0168,76.9558,ECMWF_ERA5_Reanalysis
2019-06-02,34.4,25.1,28.7,38.1,27.9,31.3,0.5,21.3,45.0,225,22.92,959.7,loc_coimbatore,11.0168,76.9558,ECMWF_ERA5_Reanalysis
2019-06-03,31.9,24.5,27.5,34.8,27.5,30.3,2.9,23.2,47.5,221,18.41,959.7,loc_coimbatore,11.0168,76.9558,ECMWF_ERA5_Reanalysis
2019-06-04,34.9,24.1,28.1,38.2,27.5,31.2,1.1,19.5,43.6,218,23.04,959.1,loc_coimbatore,11.0168,76.9558,ECMWF_ERA5_Reanalysis
2019-06-05,32.9,23.1,26.9,37.9,26.6,30.9,2.8,16.1,34.6,206,17.56,958.9,loc_coimbatore,11.0168,76.9558,ECMWF_ERA5_Reanalysis
2019-06-06,32.9,23.4,28.0,36.9,27.3,31.5,0.4,25.2,52.2,220,22.65,958.8,loc_coimbatore,11.0168,76.9558,ECMWF_ERA5_Reanalysis
2019-06-07,35.6,24.6,28.7,38.3,28.3,31.7,0.0,27.8,56.2,223,24.52,959.3,loc_coimbatore,11.0168,76.9558,ECMWF_ERA5_Reanalysis
2019-06-08,34.3,24.6,28.8,36.3,27.6,31.0,0.0,27.9,58.3,233,24.66,959.4,loc_coimbatore,11.0168,76.9558,ECMWF_ERA5_Reanalysis
2019-06-09,33.7,25.5,28.3,35.8,26.9,30.0,0.4,27.7,57.6,236,18.94,959.2,loc_coimbatore,11.0168,76.9558,ECMWF_ERA5_Reanalysis
2019-06-10,29.6,23.6,25.7,30.6,25.9,27.8,8.3,30.2,65.2,227,14.25,958.7,loc_coimbatore,11.0168,76.9558,ECMWF_ERA5_Reanalysis
2019-06-11,29.0,23.5,25.5,29.8,25.7,27.5,4.4,33.6,65.9,219,16.41,958.7,loc_coimbatore,11.0168,76.9558,ECMWF_ERA5_Reanalysis
2019-06-12,29.3,23.0,25.3,31.4,25.4,27.6,3.7,28.8,56.9,218,18.82,959.4,loc_coimbatore,11.0168,76.9558,ECMWF_ERA5_Reanalysis
2019-06-13,30.8,22.9,25.8,32.8,25.6,28.2,0.5,27.4,57.2,220,20.1,960.2,loc_coimbatore,11.0168,76.9558,ECMWF_ERA5_Reanalysis
2019-06-14,30.9,23.0,26.2,33.0,25.8,28.8,1.1,27.5,57.2,218,20.69,960.2,loc_coimbatore,11.0168,76.9558,ECMWF_ERA5_Reanalysis
2019-06-15,33.2,23.1,27.2,35.0,25.8,29.7,0.0,26.3,54.4,217,24.28,960.3,loc_coimbatore,11.0168,76.9558,ECMWF_ERA5_Reanalysis
2019-06-16,33.6,23.5,27.7,35.4,26.4,29.9,0.0,27.3,55.1,220,24.32,960.8,loc_coimbatore,11.0168,76.9558,ECMWF_ERA5_Reanalysis
2019-06-17,33.9,23.5,27.7,35.5,26.3,30.0,0.0,29.5,58.0,218,23.29,961.0,loc_coimbatore,11.0168,76.9558,ECMWF_ERA5_Reanalysis
2019-06-18,33.4,23.7,26.9,34.6,26.6,29.2,0.0,29.4,59.0,219,20.42,960.1,loc_coimbatore,11.0168,76.9558,ECMWF_ERA5_Reanalysis
2019-06-19,33.2,23.1,26.9,35.8,25.4,29.2,1.0,27.7,55.8,217,22.49,959.0,loc_coimbatore,11.0168,76.9558,ECMWF_ERA5_Reanalysis
2019-06-20,29.9,22.9,25.7,31.5,25.0,27.9,5.4,28.4,56.9,216,20.56,959.3,loc_coimbatore,11.0168,76.9558,ECMWF_ERA5_Reanalysis
2019-06-21,30.2,22.9,25.5,32.1,24.6,27.6,0.0,25.5,51.5,216,18.79,958.9,loc_coimbatore,11.0168,76.9558,ECMWF_ERA5_Reanalysis
2019-06-22,29.4,22.5,24.3,31.9,24.9,26.6,16.5,26.0,63.4,212,14.61,958.5,loc_coimbatore,11.0168,76.9558,ECMWF_ERA5_Reanalysis
2019-06-23,29.0,22.4,24.9,31.2,24.3,27.1,2.0,26.2,56.2,212,16.5,957.5,loc_coimbatore,11.0168,76.9558,ECMWF_ERA5_Reanalysis
2019-06-24,30.6,23.0,26.1,33.7,25.6,28.8,0.6,25.6,50.4,214,22.06,958.3,loc_coimbatore,11.0168,76.9558,ECMWF_ERA5_Reanalysis
2019-06-25,30.8,23.0,26.1,33.8,25.8,28.8,0.5,26.3,53.3,216,20.71,959.6,loc_coimbatore,11.0168,76.9558,ECMWF_ERA5_Reanalysis
2019-06-26,31.5,23.3,26.1,34.0,25.7,28.5,0.0,26.0,52.6,216,19.48,960.1,loc_coimbatore,11.0168,76.9558,ECMWF_ERA5_Reanalysis
2019-06-27,30.5,23.0,25.9,32.0,25.5,28.0,0.0,29.5,59.0,214,18.21,959.7,loc_coimbatore,11.0168,76.9558,ECMWF_ERA5_Reanalysis
2019-06-28,32.6,22.9,26.9,33.1,25.4,28.4,0.0,30.0,60.1,221,25.11,959.7,loc_coimbatore,11.0168,76.9558,ECMWF_ERA5_Reanalysis
2019-06-29,32.8,22.5,26.5,33.8,25.3,28.2,0.0,30.7,60.8,219,23.04,959.6,loc_coimbatore,11.0168,76.9558,ECMWF_ERA5_Reanalysis
2019-06-30,30.1,22.3,25.3,30.4,24.4,27.1,0.0,26.9,55.1,214,15.53,959.5,loc_coimbatore,11.0168,76.9558,ECMWF_ERA5_Reanalysis
2019-07-01,32.3,22.6,26.4,33.9,25.4,28.7,0.1,30.2,62.6,212,21.78,958.4,loc_coimbatore,11.0168,76.9558,ECMWF_ERA5_Reanalysis
2019-07-02,29.8,22.5,25.4,31.6,24.9,27.4,1.6,29.8,67.0,211,19.07,958.7,loc_coimbatore,11.0168,76.9558,ECMWF_ERA5_Reanalysis
2019-07-03,30.6,22.4,25.8,31.8,24.9,27.7,0.8,28.3,58.0,215,19.39,959.7,loc_coimbatore,11.0168,76.9558,ECMWF_ERA5_Reanalysis
2019-07-04,30.5,22.7,25.7,32.2,25.3,27.8,0.8,30.1,61.9,216,20.26,960.0,loc_coimbatore,11.0168,76.9558,ECMWF_ERA5_Reanalysis
2019-07-05,29.9,22.4,25.3,30.8,24.7,27.2,3.5,27.9,68.4,216,19.31,959.2,loc_coimbatore,11.0168,76.9558,ECMWF_ERA5_Reanalysis
2019-07-06,30.2,21.9,25.1,31.0,24.1,26.9,1.1,27.6,68.4,215,18.15,959.4,loc_coimbatore,11.0168,76.9558,ECMWF_ERA5_Reanalysis
2019-07-07,29.7,22.6,25.2,30.3,24.2,26.9,1.2,26.7,55.1,219,16.92,960.3,loc_coimbatore,11.0168,76.9558,ECMWF_ERA5_Reanalysis
2019-07-08,32.1,22.2,26.2,33.1,24.5,28.1,0.0,28.1,57.6,217,22.66,961.0,loc_coimbatore,11.0168,76.9558,ECMWF_ERA5_Reanalysis
2019-07-09,30.1,22.5,25.5,32.2,25.1,27.8,2.6,24.2,54.4,213,17.99,960.7,loc_coimbatore,11.0168,76.9558,ECMWF_ERA5_Reanalysis
2019-07-10,30.0,21.8,24.5,31.3,23.6,26.7,0.5,26.1,52.9,212,12.45,960.8,loc_coimbatore,11.0168,76.9558,ECMWF_ERA5_Reanalysis
2019-07-11,30.5,21.5,25.6,32.6,23.9,28.7,0.1,17.5,39.6,195,16.48,961.5,loc_coimbatore,11.0168,76.9558,ECMWF_ERA5_Reanalysis
2019-07-12,32.0,22.8,26.2,35.2,26.5,29.6,1.4,16.6,38.2,206,18.82,962.2,loc_coimbatore,11.0168,76.9558,ECMWF_ERA5_Reanalysis
2019-07-13,33.1,22.7,26.3,36.4,26.0,29.6,3.0,23.4,46.8,210,21.12,962.4,loc_coimbatore,11.0168,76.9558,ECMWF_ERA5_Reanalysis
2019-07-14,31.4,22.7,25.8,34.3,25.8,28.7,5.3,22.8,46.8,214,20.42,961.8,loc_coimbatore,11.0168,76.9558,ECMWF_ERA5_Reanalysis
2019-07-15,30.6,22.2,25.7,33.0,24.6,28.2,2.5,21.9,47.9,215,21.29,960.4,loc_coimbatore,11.0168,76.9558,ECMWF_ERA5_Reanalysis
2019-07-16,30.5,22.4,25.8,32.3,25.0,28.2,0.7,23.5,48.2,215,19.4,960.3,loc_coimbatore,11.0168,76.9558,ECMWF_ERA5_Reanalysis
2019-07-17,31.4,22.9,25.6,34.4,25.9,28.5,6.6,19.8,41.4,207,19.13,959.2,loc_coimbatore,11.0168,76.9558,ECMWF_ERA5_Reanalysis
2019-07-18,29.4,22.6,25.1,32.7,25.2,27.9,4.1,22.4,45.7,212,20.57,957.7,loc_coimbatore,11.0168,76.9558,ECMWF_ERA5_Reanalysis
2019-07-19,25.8,22.3,23.5,28.6,24.5,26.0,28.0,25.5,48.2,206,7.91,956.9,loc_coimbatore,11.0168,76.9558,ECMWF_ERA5_Reanalysis
2019-07-20,26.2,22.0,23.6,27.5,23.4,25.2,8.1,27.1,62.3,212,15.26,957.6,loc_coimbatore,11.0168,76.9558,ECMWF_ERA5_Reanalysis
2019-07-21,27.4,22.0,23.8,28.8,23.3,25.4,10.3,29.4,57.6,213,17.28,957.7,loc_coimbatore,11.0168,76.9558,ECMWF_ERA5_Reanalysis
2019-07-22,27.5,21.5,23.5,28.3,22.9,25.1,4.0,24.7,48.6,210,12.97,958.1,loc_coimbatore,11.0168,76.9558,ECMWF_ERA5_Reanalysis
2019-07-23,29.4,21.3,24.1,31.3,23.3,26.2,0.0,23.7,48.6,213,18.96,958.7,loc_coimbatore,11.0168,76.9558,ECMWF_ERA5_Reanalysis
2019-07-24,30.2,21.7,25.0,33.1,24.1,27.6,1.0,20.1,41.8,212,20.29,959.8,loc_coimbatore,11.0168,76.9558,ECMWF_ERA5_Reanalysis
2019-07-25,29.0,22.4,25.0,31.9,25.5,28.0,4.3,20.2,42.1,210,15.22,961.1,loc_coimbatore,11.0168,76.9558,ECMWF_ERA5_Reanalysis
2019-07-26,29.4,22.3,24.7,32.0,24.3,27.1,0.0,21.9,46.4,213,15.85,960.9,loc_coimbatore,11.0168,76.9558,ECMWF_ERA5_Reanalysis
2019-07-27,31.0,22.4,25.4,33.5,24.6,27.7,0.0,22.5,47.2,212,18.06,960.4,loc_coimbatore,11.0168,76.9558,ECMWF_ERA5_Reanalysis
2019-07-28,31.0,22.3,25.9,32.4,24.0,27.5,0.0,26.9,54.7,219,22.4,960.2,loc_coimbatore,11.0168,76.9558,ECMWF_ERA5_Reanalysis
2019-07-29,30.4,21.9,25.3,32.0,24.0,27.1,0.0,25.8,52.6,218,21.19,960.4,loc_coimbatore,11.0168,76.9558,ECMWF_ERA5_Reanalysis
2019-07-30,31.3,22.0,25.7,33.1,24.1,27.9,0.2,22.7,45.7,213,19.94,961.4,loc_coimbatore,11.0168,76.9558,ECMWF_ERA5_Reanalysis
2019-07-31,31.1,22.4,26.0,33.4,24.6,28.4,3.9,20.6,42.8,211,21.26,962.0,loc_coimbatore,11.0168,76.9558,ECMWF_ERA5_Reanalysis
2019-08-01,31.8,22.7,26.3,34.0,25.2,28.2,0.0,26.0,51.5,215,23.46,961.7,loc_coimbatore,11.0168,76.9558,ECMWF_ERA5_Reanalysis
2019-08-02,30.5,22.2,25.2,31.1,24.1,26.8,0.0,26.7,53.6,215,16.22,961.5,loc_coimbatore,11.0168,76.9558,ECMWF_ERA5_Reanalysis
2019-08-03,27.7,22.2,24.5,28.3,24.3,26.2,0.8,27.0,54.4,216,14.47,961.6,loc_coimbatore,11.0168,76.9558,ECMWF_ERA5_Reanalysis
2019-08-04,30.0,22.3,25.1,31.1,24.2,26.6,0.4,29.6,59.0,218,19.0,961.0,loc_coimbatore,11.0168,76.9558,ECMWF_ERA5_Reanalysis
2019-08-05,29.2,22.0,24.4,30.2,23.6,26.1,2.4,30.7,60.8,213,18.58,960.3,loc_coimbatore,11.0168,76.9558,ECMWF_ERA5_Reanalysis
2019-08-06,28.4,21.4,24.2,29.7,22.3,25.9,5.3,26.2,65.9,212,17.37,959.6,loc_coimbatore,11.0168,76.9558,ECMWF_ERA5_Reanalysis
2019-08-07,28.0,22.2,24.2,29.9,23.9,26.0,6.3,27.8,70.2,211,19.64,958.6,loc_coimbatore,11.0168,76.9558,ECMWF_ERA5_Reanalysis
2019-08-08,27.2,22.0,23.9,29.1,23.4,25.7,9.1,29.1,72.0,210,16.24,958.3,loc_coimbatore,11.0168,76.9558,ECMWF_ERA5_Reanalysis
2019-08-09,27.4,21.1,23.3,29.4,22.6,25.2,4.6,30.1,61.6,209,15.65,959.6,loc_coimbatore,11.0168,76.9558,ECMWF_ERA5_Reanalysis
2019-08-10,23.7,21.3,22.3,26.1,22.9,24.4,39.2,21.6,43.2,201,4.69,959.9,loc_coimbatore,11.0168,76.9558,ECMWF_ERA5_Reanalysis
2019-08-11,30.1,21.5,24.5,32.6,22.8,26.6,0.0,26.4,51.5,206,20.24,959.6,loc_coimbatore,11.0168,76.9558,ECMWF_ERA5_Reanalysis
2019-08-12,30.0,21.8,24.7,33.6,23.7,27.2,2.1,20.5,42.1,205,20.85,959.6,loc_coimbatore,11.0168,76.9558,ECMWF_ERA5_Reanalysis
2019-08-13,28.4,21.8,24.6,31.4,24.2,27.4,8.0,19.1,41.4,207,16.68,959.8,loc_coimbatore,11.0168,76.9558,ECMWF_ERA5_Reanalysis
2019-08-14,25.4,21.9,23.3,27.5,24.1,25.7,19.0,25.0,49.3,210,11.92,961.1,loc_coimbatore,11.0168,76.9558,ECMWF_ERA5_Reanalysis
2019-08-15,28.9,21.7,24.6,32.7,23.8,27.6,8.1,19.3,40.0,205,19.48,961.5,loc_coimbatore,11.0168,76.9558,ECMWF_ERA5_Reanalysis
2019-08-16,29.2,22.7,24.7,32.9,25.3,27.8,9.6,19.5,40.7,207,14.68,961.0,loc_coimbatore,11.0168,76.9558,ECMWF_ERA5_Reanalysis
2019-08-17,24.5,22.4,23.3,28.1,25.9,27.0,14.1,16.1,31.0,199,6.84,960.3,loc_coimbatore,11.0168,76.9558,ECMWF_ERA5_Reanalysis
2019-08-18,26.9,22.5,24.0,30.6,25.4,27.6,20.9,16.2,32.4,193,10.36,961.1,loc_coimbatore,11.0168,76.9558,ECMWF_ERA5_Reanalysis
2019-08-19,28.1,22.5,24.4,31.7,26.1,28.1,8.0,20.1,40.7,205,18.87,961.5,loc_coimbatore,11.0168,76.9558,ECMWF_ERA5_Reanalysis
2019-08-20,28.0,21.8,24.4,31.8,24.7,27.6,16.1,18.7,39.2,208,17.15,961.4,loc_coimbatore,11.0168,76.9558,ECMWF_ERA5_Reanalysis
2019-08-21,27.4,22.3,23.9,29.9,24.5,26.5,8.4,21.8,45.0,209,14.5,960.9,loc_coimbatore,11.0168,76.9558,ECMWF_ERA5_Reanalysis
2019-08-22,26.9,21.6,23.4,28.7,23.5,25.5,0.3,22.0,43.9,207,12.39,960.7,loc_coimbatore,11.0168,76.9558,ECMWF_ERA5_Reanalysis
2019-08-23,28.7,21.4,23.9,31.1,23.2,25.9,0.2,25.2,51.5,210,19.83,961.1,loc_coimbatore,11.0168,76.9558,ECMWF_ERA5_Reanalysis
2019-08-24,28.4,21.4,24.1,30.4,22.9,25.9,0.0,25.7,51.5,213,18.37,961.3,loc_coimbatore,11.0168,76.9558,ECMWF_ERA5_Reanalysis
2019-08-25,27.3,21.5,23.3,29.6,23.1,25.1,6.2,24.5,53.3,213,14.0,960.8,loc_coimbatore,11.0168,76.9558,ECMWF_ERA5_Reanalysis
2019-08-26,26.5,21.5,23.2,27.9,22.8,24.9,7.9,28.5,58.0,215,15.94,960.6,loc_coimbatore,11.0168,76.9558,ECMWF_ERA5_Reanalysis
2019-08-27,25.5,21.3,23.0,27.0,22.3,24.7,3.7,27.2,52.9,210,10.97,960.1,loc_coimbatore,11.0168,76.9558,ECMWF_ERA5_Reanalysis
2019-08-28,26.9,21.9,24.0,28.8,23.5,26.0,0.3,24.0,48.6,212,12.81,960.3,loc_coimbatore,11.0168,76.9558,ECMWF_ERA5_Reanalysis
2019-08-29,29.5,21.8,24.6,32.6,23.8,26.9,3.9,24.4,50.8,212,19.56,960.3,loc_coimbatore,11.0168,76.9558,ECMWF_ERA5_Reanalysis
2019-08-30,30.0,21.9,25.0,32.8,23.8,27.0,4.0,27.2,54.4,215,21.24,958.9,loc_coimbatore,11.0168,76.9558,ECMWF_ERA5_Reanalysis
2019-08-31,29.2,22.2,24.9,31.1,24.2,26.8,0.0,27.5,53.6,216,21.02,958.1,loc_coimbatore,11.0168,76.9558,ECMWF_ERA5_Reanalysis
2019-09-01,28.5,21.8,24.4,30.5,23.6,26.5,1.4,27.5,55.4,216,20.47,959.5,loc_coimbatore,11.0168,76.9558,ECMWF_ERA5_Reanalysis
2019-09-02,28.3,21.6,24.2,30.4,23.3,26.1,2.0,25.7,62.3,214,19.16,960.7,loc_coimbatore,11.0168,76.9558,ECMWF_ERA5_Reanalysis
2019-09-03,29.3,21.8,24.5,31.2,23.4,26.2,0.3,27.3,54.7,213,20.83,960.1,loc_coimbatore,11.0168,76.9558,ECMWF_ERA5_Reanalysis
2019-09-04,28.3,21.8,24.2,30.2,23.5,26.1,1.5,27.5,63.4,210,19.53,959.6,loc_coimbatore,11.0168,76.9558,ECMWF_ERA5_Reanalysis
2019-09-05,30.0,21.4,24.6,32.0,23.0,26.4,0.6,28.3,56.5,212,20.81,959.6,loc_coimbatore,11.0168,76.9558,ECMWF_ERA5_Reanalysis
2019-09-06,30.1,21.9,25.1,32.0,23.6,26.9,0.0,27.7,55.1,215,21.82,959.4,loc_coimbatore,11.0168,76.9558,ECMWF_ERA5_Reanalysis
2019-09-07,29.8,21.9,24.9,31.3,24.1,26.8,0.1,28.2,56.9,214,21.64,960.5,loc_coimbatore,11.0168,76.9558,ECMWF_ERA5_Reanalysis
2019-09-08,30.5,21.6,25.1,32.1,23.3,27.2,0.4,28.4,58.0,214,23.16,961.3,loc_coimbatore,11.0168,76.9558,ECMWF_ERA5_Reanalysis
2019-09-09,31.7,22.1,25.9,34.1,24.0,28.1,0.0,24.5,50.8,214,23.89,960.8,loc_coimbatore,11.0168,76.9558,ECMWF_ERA5_Reanalysis
2019-09-10,31.4,22.2,25.8,34.5,24.7,28.3,0.7,24.7,50.8,212,22.17,960.5,loc_coimbatore,11.0168,76.9558,ECMWF_ERA5_Reanalysis
2019-09-11,30.0,22.5,25.4,32.9,25.4,28.1,3.1,21.3,43.9,213,17.34,961.5,loc_coimbatore,11.0168,76.9558,ECMWF_ERA5_Reanalysis
2019-09-12,30.0,22.2,24.9,33.2,25.1,27.8,1.2,24.7,49.0,210,16.69,962.7,loc_coimbatore,11.0168,76.9558,ECMWF_ERA5_Reanalysis
2019-09-13,28.7,22.0,24.8,32.3,25.1,28.0,10.7,20.9,42.8,203,14.43,963.1,loc_coimbatore,11.0168,76.9558,ECMWF_ERA5_Reanalysis
2019-09-14,29.5,23.0,25.5,32.8,26.5,28.9,12.1,19.1,40.0,207,18.62,962.5,loc_coimbatore,11.0168,76.9558,ECMWF_ERA5_Reanalysis
2019-09-15,29.0,22.5,25.1,33.3,25.6,28.5,10.5,20.6,41.8,208,18.3,962.0,loc_coimbatore,11.0168,76.9558,ECMWF_ERA5_Reanalysis
2019-09-16,28.9,22.3,24.7,32.6,24.7,27.7,16.5,21.8,44.3,207,15.85,960.7,loc_coimbatore,11.0168,76.9558,ECMWF_ERA5_Reanalysis
2019-09-17,28.5,22.6,24.4,31.7,25.5,27.6,19.2,18.4,38.2,204,13.72,959.7,loc_coimbatore,11.0168,76.9558,ECMWF_ERA5_Reanalysis
2019-09-18,28.3,22.4,24.7,32.4,25.0,27.9,11.4,19.5,38.9,208,15.88,959.8,loc_coimbatore,11.0168,76.9558,ECMWF_ERA5_Reanalysis
2019-09-19,26.2,22.5,24.1,29.3,25.1,27.3,5.3,17.9,35.6,207,10.72,960.5,loc_coimbatore,11.0168,76.9558,ECMWF_ERA5_Reanalysis
2019-09-20,29.4,22.5,25.3,33.3,25.1,28.4,4.8,19.8,40.3,211,19.57,960.7,loc_coimbatore,11.0168,76.9558,ECMWF_ERA5_Reanalysis
2019-09-21,31.3,22.3,26.1,35.2,25.6,29.7,0.8,18.9,37.4,211,23.52,960.1,loc_coimbatore,11.0168,76.9558,ECMWF_ERA5_Reanalysis
2019-09-22,29.9,23.0,25.3,35.2,27.1,29.5,13.9,18.5,36.7,205,18.48,960.5,loc_coimbatore,11.0168,76.9558,ECMWF_ERA5_Reanalysis
2019-09-23,28.9,22.6,24.9,33.4,26.7,28.8,9.8,16.8,32.0,203,15.39,961.0,loc_coimbatore,11.0168,76.9558,ECMWF_ERA5_Reanalysis
2019-09-24,29.3,22.3,25.0,33.1,26.0,28.5,0.7,18.2,36.4,207,15.06,960.3,loc_coimbatore,11.0168,76.9558,ECMWF_ERA5_Reanalysis
2019-09-25,28.1,22.2,24.4,32.0,26.5,28.1,19.8,19.4,42.1,223,11.89,960.8,loc_coimbatore,11.0168,76.9558,ECMWF_ERA5_Reanalysis
2019-09-26,26.9,22.9,24.7,29.6,26.5,27.6,3.5,18.6,37.8,239,10.99,964.1,loc_coimbatore,11.0168,76.9558,ECMWF_ERA5_Reanalysis
2019-09-27,28.9,22.2,25.1,33.4,25.7,29.2,1.2,11.5,25.6,161,16.59,965.7,loc_coimbatore,11.0168,76.9558,ECMWF_ERA5_Reanalysis
2019-09-28,31.0,22.3,26.2,35.9,26.3,30.0,0.9,12.1,25.9,43,20.67,964.7,loc_coimbatore,11.0168,76.9558,ECMWF_ERA5_Reanalysis
2019-09-29,30.4,22.0,25.9,33.5,24.8,28.7,8.3,13.9,31.7,26,20.62,964.7,loc_coimbatore,11.0168,76.9558,ECMWF_ERA5_Reanalysis
2019-09-30,28.9,22.2,24.5,32.8,24.6,28.2,15.7,14.9,35.3,35,13.79,964.3,loc_coimbatore,11.0168,76.9558,ECMWF_ERA5_Reanalysis
2019-10-01,29.8,22.0,25.2,33.8,26.2,29.3,0.8,17.1,37.1,213,21.07,963.9,loc_coimbatore,11.0168,76.9558,ECMWF_ERA5_Reanalysis
2019-10-02,31.4,22.2,26.6,36.7,26.4,30.9,0.9,10.0,29.2,106,23.39,963.6,loc_coimbatore,11.0168,76.9558,ECMWF_ERA5_Reanalysis
2019-10-03,30.9,22.7,26.1,36.4,25.5,30.2,5.3,15.0,30.6,346,21.55,963.2,loc_coimbatore,11.0168,76.9558,ECMWF_ERA5_Reanalysis
2019-10-04,30.5,22.9,26.1,35.1,27.5,30.2,1.4,15.0,32.0,214,21.98,962.9,loc_coimbatore,11.0168,76.9558,ECMWF_ERA5_Reanalysis
2019-10-05,30.6,22.6,25.6,36.0,27.2,30.1,7.7,17.6,35.6,185,20.93,962.2,loc_coimbatore,11.0168,76.9558,ECMWF_ERA5_Reanalysis
2019-10-06,30.5,21.6,25.6,35.2,25.7,29.8,1.6,12.3,28.4,194,20.87,962.6,loc_coimbatore,11.0168,76.9558,ECMWF_ERA5_Reanalysis
2019-10-07,29.5,22.4,25.5,34.1,26.3,29.3,1.4,13.8,34.6,206,20.25,962.8,loc_coimbatore,11.0168,76.9558,ECMWF_ERA5_Reanalysis
2019-10-08,31.0,22.2,25.6,36.3,26.7,29.7,1.1,16.7,35.6,200,21.69,962.3,loc_coimbatore,11.0168,76.9558,ECMWF_ERA5_Reanalysis
2019-10-09,30.9,22.6,25.7,36.3,27.1,30.0,0.2,18.4,39.6,201,20.34,962.0,loc_coimbatore,11.0168,76.9558,ECMWF_ERA5_Reanalysis
2019-10-10,30.6,22.9,25.7,34.9,26.7,29.9,4.8,13.5,34.2,88,18.43,962.4,loc_coimbatore,11.0168,76.9558,ECMWF_ERA5_Reanalysis
2019-10-11,30.8,22.0,25.7,35.8,26.2,29.9,8.3,13.7,33.1,176,19.76,962.0,loc_coimbatore,11.0168,76.9558,ECMWF_ERA5_Reanalysis
2019-10-12,31.4,22.4,25.6,36.8,26.1,29.9,12.9,11.7,32.4,40,19.73,962.3,loc_coimbatore,11.0168,76.9558,ECMWF_ERA5_Reanalysis
2019-10-13,30.9,22.1,25.6,35.9,24.8,29.3,11.3,13.7,33.5,29,20.0,962.9,loc_coimbatore,11.0168,76.9558,ECMWF_ERA5_Reanalysis
2019-10-14,32.4,22.2,26.6,34.6,24.9,29.8,6.9,14.8,32.8,36,20.93,963.0,loc_coimbatore,11.0168,76.9558,ECMWF_ERA5_Reanalysis
2019-10-15,29.8,22.4,25.2,34.4,25.1,28.9,8.6,13.4,34.9,32,17.19,962.4,loc_coimbatore,11.0168,76.9558,ECMWF_ERA5_Reanalysis
2019-10-16,30.0,22.7,25.0,34.3,26.0,28.8,18.0,13.8,32.4,51,16.2,962.2,loc_coimbatore,11.0168,76.9558,ECMWF_ERA5_Reanalysis
2019-10-17,27.3,22.1,23.7,30.3,24.9,26.9,24.2,14.6,32.8,26,10.21,962.4,loc_coimbatore,11.0168,76.9558,ECMWF_ERA5_Reanalysis
2019-10-18,27.2,21.9,23.8,31.5,25.0,27.7,19.7,12.2,27.0,31,9.94,962.5,loc_coimbatore,11.0168,76.9558,ECMWF_ERA5_Reanalysis
2019-10-19,29.8,21.6,25.2,34.2,24.5,28.7,4.2,14.5,30.2,36,16.88,962.9,loc_coimbatore,11.0168,76.9558,ECMWF_ERA5_Reanalysis
2019-10-20,28.3,22.6,24.7,33.5,25.9,28.9,29.0,10.7,26.3,75,16.34,962.6,loc_coimbatore,11.0168,76.9558,ECMWF_ERA5_Reanalysis
2019-10-21,26.0,22.3,23.4,30.6,26.3,27.5,12.5,13.9,31.0,201,8.81,961.9,loc_coimbatore,11.0168,76.9558,ECMWF_ERA5_Reanalysis
2019-10-22,27.2,21.6,23.5,30.0,24.9,27.1,18.0,15.6,46.8,195,12.55,961.2,loc_coimbatore,11.0168,76.9558,ECMWF_ERA5_Reanalysis
2019-10-23,29.3,21.8,24.4,32.1,24.7,27.4,1.0,21.5,42.1,206,16.51,960.4,loc_coimbatore,11.0168,76.9558,ECMWF_ERA5_Reanalysis
2019-10-24,28.5,21.9,24.5,30.5,24.4,26.8,9.2,22.4,45.4,221,15.2,961.7,loc_coimbatore,11.0168,76.9558,ECMWF_ERA5_Reanalysis
2019-10-25,27.8,21.7,24.2,30.4,24.2,26.5,2.1,20.8,46.1,216,15.96,961.9,loc_coimbatore,11.0168,76.9558,ECMWF_ERA5_Reanalysis
2019-10-26,27.4,21.4,23.6,30.0,24.2,26.3,13.8,17.4,40.0,212,11.51,962.7,loc_coimbatore,11.0168,76.9558,ECMWF_ERA5_Reanalysis
2019-10-27,27.4,21.1,24.1,32.5,24.1,27.8,2.2,8.8,22.0,233,13.06,962.8,loc_coimbatore,11.0168,76.9558,ECMWF_ERA5_Reanalysis
2019-10-28,29.3,22.0,24.7,33.2,24.6,28.1,1.4,15.4,39.2,41,17.76,962.7,loc_coimbatore,11.0168,76.9558,ECMWF_ERA5_Reanalysis
2019-10-29,27.6,21.8,23.7,30.4,24.6,26.9,31.1,17.3,50.4,40,12.82,962.3,loc_coimbatore,11.0168,76.9558,ECMWF_ERA5_Reanalysis
2019-10-30,24.8,21.4,22.7,27.9,23.6,25.6,26.0,20.3,41.4,33,6.15,961.7,loc_coimbatore,11.0168,76.9558,ECMWF_ERA5_Reanalysis
2019-10-31,24.0,21.6,22.6,27.6,23.8,25.9,33.6,18.4,34.6,221,4.9,962.4,loc_coimbatore,11.0168,76.9558,ECMWF_ERA5_Reanalysis
2019-11-01,29.0,20.6,24.3,32.5,24.0,27.6,0.0,11.8,27.0,207,22.41,962.5,loc_coimbatore,11.0168,76.9558,ECMWF_ERA5_Reanalysis
2019-11-02,28.7,21.1,24.7,32.9,24.0,28.6,2.7,10.5,25.6,31,17.22,963.3,loc_coimbatore,11.0168,76.9558,ECMWF_ERA5_Reanalysis
2019-11-03,29.0,22.1,25.1,33.1,25.5,29.1,11.6,10.6,25.2,65,18.46,964.7,loc_coimbatore,11.0168,76.9558,ECMWF_ERA5_Reanalysis
2019-11-04,30.3,21.9,25.3,34.1,24.7,28.8,2.5,10.9,24.5,90,21.32,964.9,loc_coimbatore,11.0168,76.9558,ECMWF_ERA5_Reanalysis
2019-11-05,30.5,21.3,25.7,35.1,24.9,29.6,0.0,9.4,24.1,154,21.96,963.1,loc_coimbatore,11.0168,76.9558,ECMWF_ERA5_Reanalysis
2019-11-06,28.7,22.2,25.1,33.7,26.0,29.3,4.1,11.2,27.4,210,19.87,961.7,loc_coimbatore,11.0168,76.9558,ECMWF_ERA5_Reanalysis
2019-11-07,29.1,22.0,24.8,35.1,26.2,29.2,6.5,13.5,27.0,200,19.24,961.6,loc_coimbatore,11.0168,76.9558,ECMWF_ERA5_Reanalysis
2019-11-08,27.8,22.1,24.7,32.4,26.3,28.9,3.0,10.0,24.8,208,16.55,962.4,loc_coimbatore,11.0168,76.9558,ECMWF_ERA5_Reanalysis
2019-11-09,30.2,22.0,25.0,35.7,26.3,29.9,5.4,7.4,23.0,174,18.31,962.6,loc_coimbatore,11.0168,76.9558,ECMWF_ERA5_Reanalysis
2019-11-10,29.6,21.7,24.6,34.8,25.6,29.2,10.3,9.0,26.3,2,16.51,962.5,loc_coimbatore,11.0168,76.9558,ECMWF_ERA5_Reanalysis
2019-11-11,28.6,22.1,24.5,32.6,25.6,28.4,8.5,12.3,28.1,23,15.11,962.4,loc_coimbatore,11.0168,76.9558,ECMWF_ERA5_Reanalysis
2019-11-12,28.8,21.7,24.7,31.7,24.0,27.6,1.7,13.2,28.4,33,17.82,963.2,loc_coimbatore,11.0168,76.9558,ECMWF_ERA5_Reanalysis
2019-11-13,28.9,22.4,25.0,31.3,25.1,27.4,0.9,16.2,32.8,43,19.49,963.8,loc_coimbatore,11.0168,76.9558,ECMWF_ERA5_Reanalysis
2019-11-14,28.5,21.6,24.8,31.4,24.3,27.5,1.4,16.5,33.8,36,16.99,963.6,loc_coimbatore,11.0168,76.9558,ECMWF_ERA5_Reanalysis
2019-11-15,28.7,21.9,24.9,32.6,24.8,28.2,9.1,13.2,28.1,27,16.55,963.4,loc_coimbatore,11.0168,76.9558,ECMWF_ERA5_Reanalysis
2019-11-16,28.6,22.1,24.7,32.4,25.2,28.3,6.4,13.1,30.6,34,16.16,963.7,loc_coimbatore,11.0168,76.9558,ECMWF_ERA5_Reanalysis
2019-11-17,29.0,21.9,25.0,32.4,24.5,28.3,6.3,14.8,31.0,34,17.18,963.6,loc_coimbatore,11.0168,76.9558,ECMWF_ERA5_Reanalysis
2019-11-18,29.4,22.3,25.2,32.5,25.8,28.6,3.7,14.8,31.7,42,17.32,963.7,loc_coimbatore,11.0168,76.9558,ECMWF_ERA5_Reanalysis
2019-11-19,28.9,22.4,25.3,32.4,26.2,28.9,0.9,14.5,34.2,39,17.16,963.4,loc_coimbatore,11.0168,76.9558,ECMWF_ERA5_Reanalysis
2019-11-20,28.6,22.7,24.8,33.6,25.5,28.2,23.5,14.5,32.0,34,15.86,962.7,loc_coimbatore,11.0168,76.9558,ECMWF_ERA5_Reanalysis
2019-11-21,28.9,22.5,24.4,33.3,24.9,27.7,12.8,18.3,40.0,34,16.2,963.7,loc_coimbatore,11.0168,76.9558,ECMWF_ERA5_Reanalysis
2019-11-22,27.7,21.6,23.7,30.4,24.3,26.7,10.1,17.7,41.0,33,13.46,964.7,loc_coimbatore,11.0168,76.9558,ECMWF_ERA5_Reanalysis
2019-11-23,27.8,21.5,24.4,30.1,24.6,27.1,2.4,18.1,37.1,45,16.04,964.5,loc_coimbatore,11.0168,76.9558,ECMWF_ERA5_Reanalysis
2019-11-24,28.2,21.3,24.5,30.5,23.6,26.9,0.3,17.3,35.3,37,15.4,963.9,loc_coimbatore,11.0168,76.9558,ECMWF_ERA5_Reanalysis
2019-11-25,28.0,21.9,24.6,29.9,24.8,27.1,1.9,19.4,38.5,41,15.36,963.5,loc_coimbatore,11.0168,76.9558,ECMWF_ERA5_Reanalysis
2019-11-26,27.4,21.5,24.2,29.3,24.0,26.3,0.1,17.9,36.0,37,16.19,962.6,loc_coimbatore,11.0168,76.9558,ECMWF_ERA5_Reanalysis
2019-11-27,28.0,22.1,24.7,30.3,24.3,27.2,2.1,17.3,41.4,35,15.07,962.5,loc_coimbatore,11.0168,76.9558,ECMWF_ERA5_Reanalysis
2019-11-28,25.3,22.2,23.5,28.6,25.0,26.7,4.8,14.2,29.9,27,4.45,963.3,loc_coimbatore,11.0168,76.9558,ECMWF_ERA5_Reanalysis
2019-11-29,28.6,22.4,24.4,31.6,25.3,27.6,7.2,18.1,44.3,33,13.82,963.2,loc_coimbatore,11.0168,76.9558,ECMWF_ERA5_Reanalysis
2019-11-30,28.1,22.0,24.1,31.3,24.9,27.0,33.9,20.2,50.8,30,12.73,963.0,loc_coimbatore,11.0168,76.9558,ECMWF_ERA5_Reanalysis
2019-12-01,26.1,21.9,23.4,28.9,24.3,26.9,29.4,14.3,29.5,22,7.33,962.8,loc_coimbatore,11.0168,76.9558,ECMWF_ERA5_Reanalysis
2019-12-02,27.0,21.8,23.3,30.0,24.8,26.4,12.7,14.1,34.6,25,10.8,963.9,loc_coimbatore,11.0168,76.9558,ECMWF_ERA5_Reanalysis
2019-12-03,25.6,21.7,23.2,28.6,24.3,26.1,9.4,13.6,35.6,24,9.42,963.8,loc_coimbatore,11.0168,76.9558,ECMWF_ERA5_Reanalysis
2019-12-04,27.1,21.6,23.9,29.3,23.6,26.4,3.4,18.1,35.6,39,13.72,964.6,loc_coimbatore,11.0168,76.9558,ECMWF_ERA5_Reanalysis
2019-12-05,26.7,20.2,23.4,27.9,21.2,24.8,0.0,19.9,39.6,41,16.5,965.8,loc_coimbatore,11.0168,76.9558,ECMWF_ERA5_Reanalysis
2019-12-06,26.8,20.4,23.3,28.0,21.8,24.5,0.0,19.4,38.9,43,13.91,965.3,loc_coimbatore,11.0168,76.9558,ECMWF_ERA5_Reanalysis
2019-12-07,27.6,20.7,24.0,29.5,22.1,25.7,0.8,15.6,32.4,44,14.75,964.7,loc_coimbatore,11.0168,76.9558,ECMWF_ERA5_Reanalysis
2019-12-08,26.6,21.4,23.6,28.7,24.0,25.9,1.4,15.5,32.0,40,14.7,965.2,loc_coimbatore,11.0168,76.9558,ECMWF_ERA5_Reanalysis
2019-12-09,26.9,20.3,23.4,28.1,22.8,25.2,0.0,18.7,37.4,48,16.93,965.1,loc_coimbatore,11.0168,76.9558,ECMWF_ERA5_Reanalysis
2019-12-10,27.6,20.5,23.6,28.9,23.1,25.7,0.0,15.8,31.7,48,17.65,964.0,loc_coimbatore,11.0168,76.9558,ECMWF_ERA5_Reanalysis
2019-12-11,28.1,20.5,23.8,30.6,23.3,26.3,0.0,13.4,29.5,52,17.07,963.0,loc_coimbatore,11.0168,76.9558,ECMWF_ERA5_Reanalysis
2019-12-12,28.1,20.8,24.1,30.2,23.6,26.4,0.0,13.4,28.8,58,16.75,963.2,loc_coimbatore,11.0168,76.9558,ECMWF_ERA5_Reanalysis
2019-12-13,28.4,21.0,24.2,30.3,23.7,26.6,3.6,13.8,29.2,53,14.82,964.1,loc_coimbatore,11.0168,76.9558,ECMWF_ERA5_Reanalysis
2019-12-14,26.2,21.9,23.2,29.3,24.7,26.3,19.2,12.7,37.4,37,11.41,965.4,loc_coimbatore,11.0168,76.9558,ECMWF_ERA5_Reanalysis
2019-12-15,27.4,21.0,23.7,28.7,23.2,25.7,2.0,17.2,35.3,42,15.45,964.7,loc_coimbatore,11.0168,76.9558,ECMWF_ERA5_Reanalysis
2019-12-16,27.4,19.9,23.7,29.0,22.4,25.7,0.4,15.5,32.0,40,14.25,964.3,loc_coimbatore,11.0168,76.9558,ECMWF_ERA5_Reanalysis
2019-12-17,26.2,21.6,23.3,29.0,23.6,25.6,2.7,19.1,41.0,36,13.5,964.8,loc_coimbatore,11.0168,76.9558,ECMWF_ERA5_Reanalysis
2019-12-18,27.1,20.2,23.5,28.7,21.8,25.3,0.0,17.4,36.0,41,14.47,965.2,loc_coimbatore,11.0168,76.9558,ECMWF_ERA5_Reanalysis
2019-12-19,27.3,21.2,23.8,28.8,22.6,25.8,0.4,19.7,38.9,39,12.26,964.6,loc_coimbatore,11.0168,76.9558,ECMWF_ERA5_Reanalysis
2019-12-20,27.3,20.7,23.9,29.1,22.9,26.0,0.1,14.9,31.3,43,14.61,964.0,loc_coimbatore,11.0168,76.9558,ECMWF_ERA5_Reanalysis
2019-12-21,26.0,21.0,23.5,27.2,23.0,25.2,0.0,17.2,32.0,34,9.08,964.0,loc_coimbatore,11.0168,76.9558,ECMWF_ERA5_Reanalysis
2019-12-22,27.2,21.2,23.7,28.5,23.3,25.6,0.0,17.1,34.6,44,12.92,964.0,loc_coimbatore,11.0168,76.9558,ECMWF_ERA5_Reanalysis
2019-12-23,28.8,20.2,23.8,30.3,22.2,25.8,0.0,14.3,29.2,54,14.2,964.3,loc_coimbatore,11.0168,76.9558,ECMWF_ERA5_Reanalysis
2019-12-24,27.0,22.0,24.3,29.4,24.3,26.8,0.0,14.6,29.5,31,9.6,965.0,loc_coimbatore,11.0168,76.9558,ECMWF_ERA5_Reanalysis
2019-12-25,27.3,21.9,24.3,29.4,25.0,26.7,0.6,18.4,38.2,51,14.4,965.1,loc_coimbatore,11.0168,76.9558,ECMWF_ERA5_Reanalysis
2019-12-26,28.0,21.5,24.2,30.6,24.3,27.1,0.2,12.3,26.3,47,12.89,964.4,loc_coimbatore,11.0168,76.9558,ECMWF_ERA5_Reanalysis
2019-12-27,28.0,22.0,24.5,30.2,24.4,26.9,0.0,12.7,27.4,67,11.69,963.4,loc_coimbatore,11.0168,76.9558,ECMWF_ERA5_Reanalysis
2019-12-28,27.8,21.6,24.5,30.1,22.9,26.0,0.0,15.1,31.3,62,12.48,963.8,loc_coimbatore,11.0168,76.9558,ECMWF_ERA5_Reanalysis
2019-12-29,28.1,21.2,24.3,29.0,23.7,26.1,0.2,15.3,32.4,55,14.58,964.3,loc_coimbatore,11.0168,76.9558,ECMWF_ERA5_Reanalysis
2019-12-30,28.7,20.7,23.9,30.3,23.2,25.9,0.0,14.1,30.6,50,19.08,964.5,loc_coimbatore,11.0168,76.9558,ECMWF_ERA5_Reanalysis
2019-12-31,28.7,21.2,24.4,30.0,24.0,26.6,0.4,13.0,28.4,51,14.16,965.0,loc_coimbatore,11.0168,76.9558,ECMWF_ERA5_Reanalysis
2020-01-01,29.2,21.9,25.0,31.8,24.4,27.4,1.7,12.3,32.4,42,16.11,965.5,loc_coimbatore,11.0168,76.9558,ECMWF_ERA5_Reanalysis
2020-01-02,29.6,22.1,25.1,32.5,25.0,27.9,1.0,13.0,28.1,37,15.68,966.5,loc_coimbatore,11.0168,76.9558,ECMWF_ERA5_Reanalysis
2020-01-03,31.1,22.4,25.8,33.4,25.1,28.3,0.0,13.0,28.1,27,17.76,965.4,loc_coimbatore,11.0168,76.9558,ECMWF_ERA5_Reanalysis
2020-01-04,30.1,22.0,25.5,33.9,24.5,28.6,2.4,13.0,25.2,6,16.95,963.9,loc_coimbatore,11.0168,76.9558,ECMWF_ERA5_Reanalysis
2020-01-05,28.7,22.1,25.1,31.6,24.8,27.7,2.9,15.1,26.6,17,13.9,963.5,loc_coimbatore,11.0168,76.9558,ECMWF_ERA5_Reanalysis
2020-01-06,30.0,22.1,25.1,31.3,24.6,27.4,2.7,15.8,32.8,47,15.74,965.4,loc_coimbatore,11.0168,76.9558,ECMWF_ERA5_Reanalysis
2020-01-07,29.3,21.7,24.9,30.4,24.6,26.8,0.4,16.4,34.6,44,16.23,965.4,loc_coimbatore,11.0168,76.9558,ECMWF_ERA5_Reanalysis
2020-01-08,29.7,21.6,24.8,31.1,24.2,26.9,0.0,12.3,28.4,41,18.42,964.8,loc_coimbatore,11.0168,76.9558,ECMWF_ERA5_Reanalysis
2020-01-09,29.8,20.6,24.2,31.3,23.1,26.0,0.0,12.9,30.6,50,17.18,964.4,loc_coimbatore,11.0168,76.9558,ECMWF_ERA5_Reanalysis
2020-01-10,29.3,20.3,24.5,29.6,22.2,25.4,0.0,15.6,34.6,45,15.65,964.5,loc_coimbatore,11.0168,76.9558,ECMWF_ERA5_Reanalysis
2020-01-11,29.0,19.8,23.7,29.1,20.8,24.0,0.0,15.3,34.6,37,20.25,965.4,loc_coimbatore,11.0168,76.9558,ECMWF_ERA5_Reanalysis
2020-01-12,29.2,18.4,23.4,29.3,20.0,24.1,0.0,16.6,36.7,38,21.43,964.7,loc_coimbatore,11.0168,76.9558,ECMWF_ERA5_Reanalysis
2020-01-13,29.7,20.8,24.3,31.9,23.2,26.3,0.0,10.4,24.5,58,15.97,963.5,loc_coimbatore,11.0168,76.9558,ECMWF_ERA5_Reanalysis
2020-01-14,30.1,20.1,24.4,32.4,22.0,25.9,0.0,11.2,28.4,42,20.15,963.3,loc_coimbatore,11.0168,76.9558,ECMWF_ERA5_Reanalysis
2020-01-15,28.7,18.6,22.8,29.6,19.7,23.6,0.0,12.7,30.6,49,17.24,963.8,loc_coimbatore,11.0168,76.9558,ECMWF_ERA5_Reanalysis
2020-01-16,29.3,18.7,23.3,30.3,20.0,24.3,0.0,14.5,32.0,28,19.5,964.0,loc_coimbatore,11.0168,76.9558,ECMWF_ERA5_Reanalysis
2020-01-17,30.9,20.4,25.0,32.8,21.1,26.4,0.0,11.7,27.0,29,20.24,964.1,loc_coimbatore,11.0168,76.9558,ECMWF_ERA5_Reanalysis
2020-01-18,29.8,22.6,25.5,31.3,24.8,27.4,1.2,17.1,32.8,57,13.35,964.1,loc_coimbatore,11.0168,76.9558,ECMWF_ERA5_Reanalysis
2020-01-19,31.2,22.1,25.9,31.9,24.8,27.7,1.1,15.1,32.8,56,15.05,964.5,loc_coimbatore,11.0168,76.9558,ECMWF_ERA5_Reanalysis
2020-01-20,31.8,21.3,26.1,32.5,23.2,27.5,0.0,14.3,31.7,53,20.43,965.4,loc_coimbatore,11.0168,76.9558,ECMWF_ERA5_Reanalysis
2020-01-21,31.5,21.3,25.8,31.7,23.0,26.6,0.0,17.3,33.5,61,20.76,966.3,loc_coimbatore,11.0168,76.9558,ECMWF_ERA5_Reanalysis
2020-01-22,31.7,20.5,25.8,32.2,22.4,26.6,0.0,17.6,38.2,57,20.39,966.5,loc_coimbatore,11.0168,76.9558,ECMWF_ERA5_Reanalysis
2020-01-23,32.1,21.1,25.7,31.8,22.6,26.6,0.0,19.8,41.0,55,18.08,965.6,loc_coimbatore,11.0168,76.9558,ECMWF_ERA5_Reanalysis
2020-01-24,32.0,21.1,25.8,32.2,22.8,26.6,0.0,15.5,34.9,53,21.48,965.4,loc_coimbatore,11.0168,76.9558,ECMWF_ERA5_Reanalysis
2020-01-25,31.6,19.5,24.9,32.2,21.1,25.3,0.0,12.7,31.0,49,22.32,965.1,loc_coimbatore,11.0168,76.9558,ECMWF_ERA5_Reanalysis
2020-01-26,32.0,19.2,25.3,32.9,19.9,25.6,0.0,13.7,29.9,56,22.58,964.5,loc_coimbatore,11.0168,76.9558,ECMWF_ERA5_Reanalysis
2020-01-27,32.4,19.6,25.3,34.3,18.9,26.4,0.0,12.2,23.8,43,22.63,964.1,loc_coimbatore,11.0168,76.9558,ECMWF_ERA5_Reanalysis
2020-01-28,32.1,19.9,25.7,35.0,20.4,27.8,0.0,12.7,27.4,3,22.17,964.3,loc_coimbatore,11.0168,76.9558,ECMWF_ERA5_Reanalysis
2020-01-29,33.0,21.3,26.4,35.9,22.3,27.9,0.0,14.8,30.6,29,21.53,965.0,loc_coimbatore,11.0168,76.9558,ECMWF_ERA5_Reanalysis
2020-01-30,33.6,20.5,26.2,35.2,22.3,27.8,0.0,12.0,28.1,52,22.14,964.3,loc_coimbatore,11.0168,76.9558,ECMWF_ERA5_Reanalysis
2020-01-31,33.4,20.7,26.5,35.0,23.3,28.2,0.0,13.4,30.2,65,21.15,963.2,loc_coimbatore,11.0168,76.9558,ECMWF_ERA5_Reanalysis
2020-02-01,32.3,21.5,26.2,33.7,23.4,27.1,0.0,15.8,32.0,45,20.13,963.9,loc_coimbatore,11.0168,76.9558,ECMWF_ERA5_Reanalysis
2020-02-02,32.1,21.8,26.0,32.0,23.6,26.6,0.0,16.8,37.1,62,19.88,965.8,loc_coimbatore,11.0168,76.9558,ECMWF_ERA5_Reanalysis
2020-02-03,31.5,20.9,25.8,32.4,22.0,26.3,0.0,12.8,29.9,62,22.6,966.0,loc_coimbatore,11.0168,76.9558,ECMWF_ERA5_Reanalysis
2020-02-04,31.4,20.6,25.7,31.8,21.8,26.4,0.0,15.0,33.8,57,21.88,964.7,loc_coimbatore,11.0168,76.9558,ECMWF_ERA5_Reanalysis
2020-02-05,31.0,22.0,26.3,32.8,24.1,27.6,0.7,14.3,32.8,52,17.29,964.8,loc_coimbatore,11.0168,76.9558,ECMWF_ERA5_Reanalysis
2020-02-06,33.0,21.3,26.5,34.9,23.2,28.1,0.0,11.5,29.2,45,21.63,964.6,loc_coimbatore,11.0168,76.9558,ECMWF_ERA5_Reanalysis
2020-02-07,31.7,21.5,25.6,33.7,22.7,27.2,0.0,14.7,32.8,49,16.16,965.3,loc_coimbatore,11.0168,76.9558,ECMWF_ERA5_Reanalysis
2020-02-08,32.1,22.2,26.3,34.0,25.0,28.2,3.2,11.0,24.8,124,19.12,965.3,loc_coimbatore,11.0168,76.9558,ECMWF_ERA5_Reanalysis
2020-02-09,31.3,22.1,26.4,32.4,23.5,27.3,0.0,15.1,32.4,57,15.81,965.3,loc_coimbatore,11.0168,76.9558,ECMWF_ERA5_Reanalysis
2020-02-10,32.2,22.0,26.4,31.9,23.5,26.8,0.2,17.3,36.4,63,17.81,965.1,loc_coimbatore,11.0168,76.9558,ECMWF_ERA5_Reanalysis
2020-02-11,31.5,21.2,26.0,30.6,22.6,26.3,0.0,18.6,40.0,63,18.73,965.5,loc_coimbatore,11.0168,76.9558,ECMWF_ERA5_Reanalysis
2020-02-12,32.2,20.7,26.4,31.4,22.8,27.0,0.0,19.0,41.8,65,19.2,966.5,loc_coimbatore,11.0168,76.9558,ECMWF_ERA5_Reanalysis
2020-02-13,33.1,22.1,27.0,33.6,24.7,28.1,0.1,16.8,37.4,67,20.15,966.2,loc_coimbatore,11.0168,76.9558,ECMWF_ERA5_Reanalysis
2020-02-14,33.9,20.7,27.1,35.9,21.0,28.2,0.0,9.4,26.3,70,23.37,964.4,loc_coimbatore,11.0168,76.9558,ECMWF_ERA5_Reanalysis
2020-02-15,34.7,21.3,27.3,36.3,23.1,28.8,0.0,11.5,28.1,58,23.77,964.1,loc_coimbatore,11.0168,76.9558,ECMWF_ERA5_Reanalysis
2020-02-16,33.8,21.2,27.0,34.4,22.2,27.2,0.0,13.9,32.0,60,24.24,965.1,loc_coimbatore,11.0168,76.9558,ECMWF_ERA5_Reanalysis
2020-02-17,33.3,20.3,26.2,32.9,21.5,26.0,0.0,15.1,34.6,57,23.93,965.9,loc_coimbatore,11.0168,76.9558,ECMWF_ERA5_Reanalysis
2020-02-18,32.8,20.1,25.9,32.0,20.0,25.5,0.0,15.6,36.7,57,24.68,965.7,loc_coimbatore,11.0168,76.9558,ECMWF_ERA5_Reanalysis
2020-02-19,33.0,20.5,26.2,32.7,20.6,25.9,0.0,14.3,33.8,54,24.27,965.3,loc_coimbatore,11.0168,76.9558,ECMWF_ERA5_Reanalysis
2020-02-20,33.0,20.2,25.9,32.1,20.4,25.6,0.0,18.3,39.2,57,23.78,964.9,loc_coimbatore,11.0168,76.9558,ECMWF_ERA5_Reanalysis
2020-02-21,33.3,20.7,26.6,34.2,21.2,27.3,0.0,17.4,37.1,57,23.98,965.9,loc_coimbatore,11.0168,76.9558,ECMWF_ERA5_Reanalysis
2020-02-22,33.7,22.7,27.5,33.3,25.0,28.4,0.1,20.0,41.8,66,19.47,966.7,loc_coimbatore,11.0168,76.9558,ECMWF_ERA5_Reanalysis
2020-02-23,32.8,22.0,27.1,33.1,23.7,27.8,0.0,15.8,36.0,67,21.5,966.3,loc_coimbatore,11.0168,76.9558,ECMWF_ERA5_Reanalysis
2020-02-24,33.5,21.8,27.2,34.6,23.8,28.2,0.0,14.6,33.8,65,23.02,964.2,loc_coimbatore,11.0168,76.9558,ECMWF_ERA5_Reanalysis
2020-02-25,34.0,21.9,27.3,35.5,23.9,28.4,0.0,13.0,30.6,58,24.3,963.1,loc_coimbatore,11.0168,76.9558,ECMWF_ERA5_Reanalysis
2020-02-26,34.4,22.1,27.7,36.0,24.3,29.0,0.0,15.6,32.8,63,23.82,963.3,loc_coimbatore,11.0168,76.9558,ECMWF_ERA5_Reanalysis
2020-02-27,34.4,22.5,28.1,36.1,23.5,29.2,0.0,15.6,32.4,61,22.62,963.5,loc_coimbatore,11.0168,76.9558,ECMWF_ERA5_Reanalysis
2020-02-28,33.8,22.6,27.8,34.9,24.2,28.6,0.1,16.8,37.8,69,22.92,962.9,loc_coimbatore,11.0168,76.9558,ECMWF_ERA5_Reanalysis
2020-02-29,33.5,22.6,27.6,33.7,24.0,28.7,0.0,15.5,34.2,76,17.86,962.9,loc_coimbatore,11.0168,76.9558,ECMWF_ERA5_Reanalysis
2020-03-01,34.8,23.4,28.2,35.9,24.8,29.4,0.0,15.7,35.3,54,21.3,963.1,loc_coimbatore,11.0168,76.9558,ECMWF_ERA5_Reanalysis
2020-03-02,32.2,22.8,26.5,36.0,25.3,29.1,1.3,15.3,31.3,99,17.32,963.8,loc_coimbatore,11.0168,76.9558,ECMWF_ERA5_Reanalysis
2020-03-03,32.4,23.4,27.2,35.6,26.3,30.0,1.4,13.8,27.4,224,19.42,963.5,loc_coimbatore,11.0168,76.9558,ECMWF_ERA5_Reanalysis
2020-03-04,32.1,23.0,27.0,35.4,27.4,30.9,1.2,11.8,25.2,239,18.68,963.0,loc_coimbatore,11.0168,76.9558,ECMWF_ERA5_Reanalysis
2020-03-05,30.7,23.4,26.8,35.1,27.7,30.4,1.1,14.3,28.1,211,16.99,962.3,loc_coimbatore,11.0168,76.9558,ECMWF_ERA5_Reanalysis
2020-03-06,32.8,22.9,27.5,34.6,25.8,29.9,0.0,15.5,35.3,218,20.81,962.5,loc_coimbatore,11.0168,76.9558,ECMWF_ERA5_Reanalysis
2020-03-07,32.5,23.2,27.7,34.8,27.1,30.3,0.9,14.4,34.2,218,20.52,963.7,loc_coimbatore,11.0168,76.9558,ECMWF_ERA5_Reanalysis
2020-03-08,33.9,23.4,28.2,37.7,27.0,31.3,1.1,12.8,26.6,80,19.66,963.2,loc_coimbatore,11.0168,76.9558,ECMWF_ERA5_Reanalysis
2020-03-09,33.2,24.5,28.0,37.0,27.5,31.4,1.5,13.0,29.9,69,20.05,962.4,loc_coimbatore,11.0168,76.9558,ECMWF_ERA5_Reanalysis
2020-03-10,36.0,23.7,28.8,38.3,25.3,31.0,0.5,13.3,27.4,84,23.04,962.7,loc_coimbatore,11.0168,76.9558,ECMWF_ERA5_Reanalysis
2020-03-11,36.1,23.7,28.9,38.8,25.3,31.3,0.0,13.2,28.1,76,24.07,963.2,loc_coimbatore,11.0168,76.9558,ECMWF_ERA5_Reanalysis
2020-03-12,36.4,23.3,28.8,38.5,26.8,31.0,0.0,13.7,29.5,69,23.47,964.0,loc_coimbatore,11.0168,76.9558,ECMWF_ERA5_Reanalysis
2020-03-13,35.6,22.4,28.6,35.4,24.9,29.6,0.0,15.8,36.4,77,25.73,964.2,loc_coimbatore,11.0168,76.9558,ECMWF_ERA5_Reanalysis
2020-03-14,36.1,23.1,28.9,37.0,24.4,29.8,0.0,13.4,32.4,73,25.6,963.2,loc_coimbatore,11.0168,76.9558,ECMWF_ERA5_Reanalysis
2020-03-15,35.9,22.9,28.9,37.4,25.2,30.2,0.0,14.8,33.8,80,24.86,962.9,loc_coimbatore,11.0168,76.9558,ECMWF_ERA5_Reanalysis
2020-03-16,35.5,23.3,29.1,37.3,25.1,30.4,0.0,17.0,34.2,69,24.85,964.1,loc_coimbatore,11.0168,76.9558,ECMWF_ERA5_Reanalysis
2020-03-17,35.6,23.6,29.2,35.6,26.1,30.0,0.0,18.9,42.5,69,23.86,965.4,loc_coimbatore,11.0168,76.9558,ECMWF_ERA5_Reanalysis
2020-03-18,36.6,23.0,29.3,36.7,24.6,29.9,0.0,16.6,38.9,64,25.8,964.8,loc_coimbatore,11.0168,76.9558,ECMWF_ERA5_Reanalysis
2020-03-19,37.3,24.1,30.0,38.5,25.3,31.4,0.0,14.3,29.5,74,25.23,964.0,loc_coimbatore,11.0168,76.9558,ECMWF_ERA5_Reanalysis
2020-03-20,34.4,23.6,28.7,37.8,28.3,31.8,0.2,18.1,38.9,213,21.25,963.9,loc_coimbatore,11.0168,76.9558,ECMWF_ERA5_Reanalysis
2020-03-21,34.8,23.9,29.0,38.8,28.4,32.2,1.0,15.4,28.8,187,19.61,963.4,loc_coimbatore,11.0168,76.9558,ECMWF_ERA5_Reanalysis
2020-03-22,35.2,24.0,28.6,38.0,27.7,31.7,1.1,12.5,31.3,214,19.75,963.4,loc_coimbatore,11.0168,76.9558,ECMWF_ERA5_Reanalysis
2020-03-23,34.3,24.3,28.1,37.4,28.2,31.8,4.3,13.7,32.8,246,17.84,963.1,loc_coimbatore,11.0168,76.9558,ECMWF_ERA5_Reanalysis
2020-03-24,36.5,24.1,29.7,38.5,27.4,32.5,0.0,13.0,35.6,99,22.84,961.6,loc_coimbatore,11.0168,76.9558,ECMWF_ERA5_Reanalysis
2020-03-25,32.7,23.8,27.7,33.7,26.0,30.2,2.3,12.7,28.8,112,15.93,961.9,loc_coimbatore,11.0168,76.9558,ECMWF_ERA5_Reanalysis
2020-03-26,35.8,22.7,28.8,37.4,26.4,30.7,0.0,14.1,33.1,82,24.45,962.2,loc_coimbatore,11.0168,76.9558,ECMWF_ERA5_Reanalysis
2020-03-27,36.0,23.2,29.0,36.9,25.1,30.2,0.0,13.0,32.4,77,25.79,964.1,loc_coimbatore,11.0168,76.9558,ECMWF_ERA5_Reanalysis
2020-03-28,37.1,23.3,29.4,37.8,25.5,30.9,0.0,10.8,30.2,73,26.34,963.1,loc_coimbatore,11.0168,76.9558,ECMWF_ERA5_Reanalysis
2020-03-29,37.4,23.7,29.5,38.0,28.5,32.0,0.0,15.1,28.4,117,26.09,962.3,loc_coimbatore,11.0168,76.9558,ECMWF_ERA5_Reanalysis
2020-03-30,37.7,23.0,29.9,37.6,27.4,31.7,0.0,15.5,35.6,82,25.93,962.6,loc_coimbatore,11.0168,76.9558,ECMWF_ERA5_Reanalysis
2020-03-31,37.5,23.5,30.2,36.5,28.1,31.4,0.0,15.5,36.4,82,26.55,963.3,loc_coimbatore,11.0168,76.9558,ECMWF_ERA5_Reanalysis
2020-04-01,37.3,22.9,29.9,36.6,25.4,30.7,0.0,17.6,40.3,79,26.59,963.0,loc_coimbatore,11.0168,76.9558,ECMWF_ERA5_Reanalysis
2020-04-02,38.1,24.0,30.5,38.0,25.0,31.7,0.0,14.8,34.9,86,26.42,962.1,loc_coimbatore,11.0168,76.9558,ECMWF_ERA5_Reanalysis
2020-04-03,37.7,23.9,30.2,37.8,28.3,32.5,0.1,14.3,32.4,102,24.82,962.4,loc_coimbatore,11.0168,76.9558,ECMWF_ERA5_Reanalysis
2020-04-04,37.6,24.0,30.3,38.0,29.1,32.6,0.0,11.5,31.3,92,25.88,963.1,loc_coimbatore,11.0168,76.9558,ECMWF_ERA5_Reanalysis
2020-04-05,37.0,24.5,29.4,40.4,28.1,32.6,0.4,21.0,49.0,228,22.48,964.1,loc_coimbatore,11.0168,76.9558,ECMWF_ERA5_Reanalysis
2020-04-06,36.7,23.7,29.8,40.1,28.7,33.6,0.2,14.5,27.0,199,22.4,963.8,loc_coimbatore,11.0168,76.9558,ECMWF_ERA5_Reanalysis
2020-04-07,33.4,23.7,27.8,34.9,27.6,30.9,0.2,17.1,37.4,211,16.38,963.4,loc_coimbatore,11.0168,76.9558,ECMWF_ERA5_Reanalysis
2020-04-08,34.1,24.5,28.3,38.1,28.8,32.0,2.2,16.1,38.9,213,20.01,963.5,loc_coimbatore,11.0168,76.9558,ECMWF_ERA5_Reanalysis
2020-04-09,35.4,24.1,28.6,39.1,28.4,32.4,3.6,16.7,40.3,202,20.93,963.2,loc_coimbatore,11.0168,76.9558,ECMWF_ERA5_Reanalysis
2020-04-10,33.0,22.5,27.1,37.1,25.0,30.2,0.7,13.7,25.9,27,22.06,963.7,loc_coimbatore,11.0168,76.9558,ECMWF_ERA5_Reanalysis
2020-04-11,34.2,23.7,28.5,36.4,25.6,30.4,0.1,15.3,36.0,53,23.88,964.7,loc_coimbatore,11.0168,76.9558,ECMWF_ERA5_Reanalysis
2020-04-12,35.3,23.7,28.8,36.7,26.1,30.5,0.0,13.2,31.0,72,25.16,964.0,loc_coimbatore,11.0168,76.9558,ECMWF_ERA5_Reanalysis
2020-04-13,36.4,22.9,29.6,37.3,26.4,31.4,0.0,12.5,32.0,106,25.27,962.5,loc_coimbatore,11.0168,76.9558,ECMWF_ERA5_Reanalysis
2020-04-14,36.9,24.2,30.0,37.8,27.2,31.7,0.0,13.6,32.8,81,25.25,962.4,loc_coimbatore,11.0168,76.9558,ECMWF_ERA5_Reanalysis
2020-04-15,36.7,24.9,30.1,38.7,27.6,32.5,0.0,13.3,28.1,110,23.93,963.5,loc_coimbatore,11.0168,76.9558,ECMWF_ERA5_Reanalysis
2020-04-16,37.0,24.0,29.8,38.8,29.3,32.7,0.0,17.7,32.8,180,23.43,962.6,loc_coimbatore,11.0168,76.9558,ECMWF_ERA5_Reanalysis
2020-04-17,37.4,24.0,30.1,39.7,28.9,33.5,0.0,15.0,30.2,186,23.43,962.0,loc_coimbatore,11.0168,76.9558,ECMWF_ERA5_Reanalysis
2020-04-18,36.4,25.2,29.7,39.5,30.1,33.3,0.0,20.5,46.4,212,21.85,962.3,loc_coimbatore,11.0168,76.9558,ECMWF_ERA5_Reanalysis
2020-04-19,37.3,24.2,30.3,39.0,29.0,33.3,0.3,14.6,32.8,118,22.48,961.8,loc_coimbatore,11.0168,76.9558,ECMWF_ERA5_Reanalysis
2020-04-20,37.2,25.4,30.7,38.4,29.6,33.0,0.2,17.4,36.7,79,23.42,961.9,loc_coimbatore,11.0168,76.9558,ECMWF_ERA5_Reanalysis
2020-04-21,37.8,25.0,30.6,39.1,30.2,33.4,0.0,14.8,41.0,127,24.72,962.2,loc_coimbatore,11.0168,76.9558,ECMWF_ERA5_Reanalysis
2020-04-22,37.0,24.5,29.8,39.1,29.5,33.1,0.0,20.7,43.2,211,22.01,962.1,loc_coimbatore,11.0168,76.9558,ECMWF_ERA5_Reanalysis
2020-04-23,38.2,24.2,29.8,41.2,28.7,33.1,0.0,22.6,48.6,208,23.86,961.6,loc_coimbatore,11.0168,76.9558,ECMWF_ERA5_Reanalysis
2020-04-24,34.3,24.8,29.2,38.2,29.5,32.6,0.3,17.8,38.5,215,20.08,961.9,loc_coimbatore,11.0168,76.9558,ECMWF_ERA5_Reanalysis
2020-04-25,37.1,24.5,30.2,39.7,28.1,33.2,0.1,14.0,35.3,216,22.69,961.5,loc_coimbatore,11.0168,76.9558,ECMWF_ERA5_Reanalysis
2020-04-26,38.0,25.5,29.9,41.4,29.7,33.4,0.6,19.0,42.8,193,19.81,962.3,loc_coimbatore,11.0168,76.9558,ECMWF_ERA5_Reanalysis
2020-04-27,36.9,23.8,29.5,41.2,28.0,33.4,1.2,13.4,33.8,211,21.92,962.9,loc_coimbatore,11.0168,76.9558,ECMWF_ERA5_Reanalysis
2020-04-28,37.1,25.3,29.6,42.4,30.8,34.3,2.3,16.5,38.2,210,20.94,962.4,loc_coimbatore,11.0168,76.9558,ECMWF_ERA5_Reanalysis
2020-04-29,32.6,22.6,27.0,37.9,26.4,31.7,4.4,16.0,36.0,217,18.33,962.6,loc_coimbatore,11.0168,76.9558,ECMWF_ERA5_Reanalysis
2020-04-30,34.6,24.2,28.2,40.0,29.3,32.5,13.2,20.4,42.5,211,19.24,962.7,loc_coimbatore,11.0168,76.9558,ECMWF_ERA5_Reanalysis
2020-05-01,35.4,23.6,28.9,39.2,28.3,33.0,0.1,17.8,36.7,215,24.02,962.3,loc_coimbatore,11.0168,76.9558,ECMWF_ERA5_Reanalysis
2020-05-02,35.2,24.8,29.0,39.1,29.3,33.1,0.3,14.4,32.0,217,21.26,961.1,loc_coimbatore,11.0168,76.9558,ECMWF_ERA5_Reanalysis
2020-05-03,36.7,25.0,29.8,40.7,29.8,33.9,0.0,16.3,39.2,215,21.29,960.9,loc_coimbatore,11.0168,76.9558,ECMWF_ERA5_Reanalysis
2020-05-04,37.8,25.2,30.7,41.5,30.2,34.2,0.0,12.4,45.7,192,22.08,961.8,loc_coimbatore,11.0168,76.9558,ECMWF_ERA5_Reanalysis
2020-05-05,38.8,25.6,30.9,40.6,31.5,34.5,0.0,13.4,32.8,146,24.06,961.4,loc_coimbatore,11.0168,76.9558,ECMWF_ERA5_Reanalysis
2020-05-06,37.6,25.2,30.3,39.5,30.8,33.9,0.0,18.7,41.8,201,20.22,961.0,loc_coimbatore,11.0168,76.9558,ECMWF_ERA5_Reanalysis
2020-05-07,36.8,25.0,29.5,39.1,30.1,33.2,0.1,27.8,54.7,212,22.06,961.2,loc_coimbatore,11.0168,76.9558,ECMWF_ERA5_Reanalysis
2020-05-08,37.4,24.7,29.6,40.8,29.7,33.6,0.1,23.5,48.6,214,22.19,961.3,loc_coimbatore,11.0168,76.9558,ECMWF_ERA5_Reanalysis
2020-05-09,38.4,25.2,30.8,40.3,30.4,34.4,0.2,12.3,32.4,143,22.15,961.1,loc_coimbatore,11.0168,76.9558,ECMWF_ERA5_Reanalysis
2020-05-10,38.5,24.7,30.9,39.4,29.8,34.1,0.0,14.4,29.5,147,22.97,960.9,loc_coimbatore,11.0168,76.9558,ECMWF_ERA5_Reanalysis
2020-05-11,36.5,25.4,30.0,37.7,31.1,33.6,0.4,14.8,35.3,119,18.74,961.2,loc_coimbatore,11.0168,76.9558,ECMWF_ERA5_Reanalysis
2020-05-12,37.7,25.1,30.7,39.3,30.7,34.1,0.8,18.5,37.8,111,22.32,960.7,loc_coimbatore,11.0168,76.9558,ECMWF_ERA5_Reanalysis
2020-05-13,37.1,24.6,29.8,39.9,29.4,33.4,0.1,18.6,36.4,183,22.43,960.3,loc_coimbatore,11.0168,76.9558,ECMWF_ERA5_Reanalysis
2020-05-14,38.1,24.4,30.0,41.0,29.8,34.0,0.4,20.4,49.3,190,21.8,959.5,loc_coimbatore,11.0168,76.9558,ECMWF_ERA5_Reanalysis
2020-05-15,34.9,24.1,28.7,38.6,28.8,32.6,0.5,18.1,40.0,210,21.79,958.7,loc_coimbatore,11.0168,76.9558,ECMWF_ERA5_Reanalysis
2020-05-16,36.1,23.6,29.0,40.0,27.7,32.6,0.8,15.1,35.6,209,21.6,958.8,loc_coimbatore,11.0168,76.9558,ECMWF_ERA5_Reanalysis
2020-05-17,35.4,24.5,28.8,39.7,28.2,32.8,1.5,21.3,47.5,210,22.17,957.9,loc_coimbatore,11.0168,76.9558,ECMWF_ERA5_Reanalysis
2020-05-18,32.1,23.1,26.7,35.2,26.2,29.9,1.3,20.7,41.4,209,15.69,957.1,loc_coimbatore,11.0168,76.9558,ECMWF_ERA5_Reanalysis
2020-05-19,34.0,24.0,27.8,36.8,26.8,30.5,0.9,23.3,48.2,216,20.7,957.0,loc_coimbatore,11.0168,76.9558,ECMWF_ERA5_Reanalysis
2020-05-20,34.1,23.6,28.1,37.1,26.7,30.5,0.4,25.3,52.9,220,23.97,957.8,loc_coimbatore,11.0168,76.9558,ECMWF_ERA5_Reanalysis
2020-05-21,35.4,23.8,28.4,37.1,26.9,30.7,0.0,27.7,54.7,229,24.31,959.4,loc_coimbatore,11.0168,76.9558,ECMWF_ERA5_Reanalysis
2020-05-22,35.1,24.5,28.7,37.5,27.3,31.7,0.4,19.9,43.2,222,20.4,959.7,loc_coimbatore,11.0168,76.9558,ECMWF_ERA5_Reanalysis
2020-05-23,36.2,25.6,29.4,38.7,29.5,32.6,0.2,25.6,50.0,217,19.7,959.7,loc_coimbatore,11.0168,76.9558,ECMWF_ERA5_Reanalysis
2020-05-24,35.7,24.9,29.6,39.3,28.7,33.0,0.4,18.6,40.3,219,22.23,960.5,loc_coimbatore,11.0168,76.9558,ECMWF_ERA5_Reanalysis
2020-05-25,36.1,25.0,29.6,39.8,29.2,33.4,0.5,18.2,39.6,213,21.77,961.3,loc_coimbatore,11.0168,76.9558,ECMWF_ERA5_Reanalysis
2020-05-26,36.0,23.9,29.5,39.5,27.1,32.8,0.9,19.7,38.9,213,22.22,961.2,loc_coimbatore,11.0168,76.9558,ECMWF_ERA5_Reanalysis
2020-05-27,35.2,24.2,28.5,39.0,27.8,32.1,0.6,21.6,45.4,215,20.85,960.8,loc_coimbatore,11.0168,76.9558,ECMWF_ERA5_Reanalysis
2020-05-28,33.1,23.9,27.7,37.3,27.2,31.4,4.1,21.6,42.1,212,18.26,960.3,loc_coimbatore,11.0168,76.9558,ECMWF_ERA5_Reanalysis
2020-05-29,34.5,23.7,27.6,37.5,27.4,31.4,2.2,20.8,42.8,214,18.03,960.1,loc_coimbatore,11.0168,76.9558,ECMWF_ERA5_Reanalysis
2020-05-30,34.5,24.1,28.1,37.8,28.5,31.5,0.3,23.4,46.4,218,18.9,960.4,loc_coimbatore,11.0168,76.9558,ECMWF_ERA5_Reanalysis
2020-05-31,33.6,24.7,28.3,36.3,28.1,30.9,0.3,23.4,48.2,233,20.75,961.4,loc_coimbatore,11.0168,76.9558,ECMWF_ERA5_Reanalysis
2020-06-01,32.1,24.2,27.5,34.4,26.9,29.7,0.3,26.1,54.4,227,21.98,962.1,loc_coimbatore,11.0168,76.9558,ECMWF_ERA5_Reanalysis
2020-06-02,29.7,23.4,25.9,30.6,25.9,27.8,0.5,31.1,65.5,221,17.46,961.7,loc_coimbatore,11.0168,76.9558,ECMWF_ERA5_Reanalysis
2020-06-03,30.9,22.8,26.3,32.9,25.3,28.3,1.5,28.1,56.9,222,22.09,961.2,loc_coimbatore,11.0168,76.9558,ECMWF_ERA5_Reanalysis
2020-06-04,32.0,23.3,26.5,33.8,25.2,28.8,0.9,26.8,55.4,221,22.51,961.3,loc_coimbatore,11.0168,76.9558,ECMWF_ERA5_Reanalysis
2020-06-05,31.4,23.2,26.4,33.7,25.9,28.9,1.0,25.8,55.1,218,22.3,961.2,loc_coimbatore,11.0168,76.9558,ECMWF_ERA5_Reanalysis
2020-06-06,31.4,22.5,26.0,33.4,24.8,28.3,1.2,27.0,55.4,218,21.59,961.0,loc_coimbatore,11.0168,76.9558,ECMWF_ERA5_Reanalysis
2020-06-07,27.4,22.4,24.0,29.2,24.6,26.8,15.8,19.1,38.2,207,7.55,960.7,loc_coimbatore,11.0168,76.9558,ECMWF_ERA5_Reanalysis
2020-06-08,32.6,22.7,26.8,34.2,25.0,29.0,0.0,21.3,43.9,212,20.16,959.9,loc_coimbatore,11.0168,76.9558,ECMWF_ERA5_Reanalysis
2020-06-09,32.9,23.0,26.8,37.1,26.3,29.8,1.0,21.7,44.3,213,21.88,959.6,loc_coimbatore,11.0168,76.9558,ECMWF_ERA5_Reanalysis
2020-06-10,34.5,23.3,26.8,37.8,25.7,29.7,1.2,23.2,46.1,212,20.89,958.8,loc_coimbatore,11.0168,76.9558,ECMWF_ERA5_Reanalysis
2020-06-11,29.1,22.5,24.4,31.3,24.4,26.8,1.0,25.6,50.8,207,9.08,957.9,loc_coimbatore,11.0168,76.9558,ECMWF_ERA5_Reanalysis
2020-06-12,25.5,22.1,23.1,27.9,23.9,25.6,21.3,20.3,53.3,203,4.98,957.6,loc_coimbatore,11.0168,76.9558,ECMWF_ERA5_Reanalysis
2020-06-13,29.9,22.1,24.9,32.0,24.9,27.3,2.3,27.0,54.7,213,19.4,957.9,loc_coimbatore,11.0168,76.9558,ECMWF_ERA5_Reanalysis
2020-06-14,30.9,22.4,25.7,32.7,24.4,27.8,0.4,26.9,53.6,215,21.5,959.4,loc_coimbatore,11.0168,76.9558,ECMWF_ERA5_Reanalysis
2020-06-15,30.8,23.1,25.7,32.7,25.4,28.0,0.0,28.6,56.5,216,18.55,959.2,loc_coimbatore,11.0168,76.9558,ECMWF_ERA5_Reanalysis
2020-06-16,30.3,22.8,25.6,32.2,24.7,27.8,0.1,25.7,52.9,216,18.67,958.6,loc_coimbatore,11.0168,76.9558,ECMWF_ERA5_Reanalysis
2020-06-17,30.3,23.3,25.7,31.8,25.8,28.1,0.3,28.1,56.2,215,20.47,959.1,loc_coimbatore,11.0168,76.9558,ECMWF_ERA5_Reanalysis
2020-06-18,31.4,22.4,25.8,32.7,25.0,28.0,0.0,26.9,55.8,216,20.35,960.4,loc_coimbatore,11.0168,76.9558,ECMWF_ERA5_Reanalysis
2020-06-19,32.0,22.8,26.4,35.8,25.8,29.2,2.4,23.7,49.3,211,22.47,960.8,loc_coimbatore,11.0168,76.9558,ECMWF_ERA5_Reanalysis
2020-06-20,33.1,22.8,26.8,35.9,25.7,29.3,1.4,23.7,49.7,215,23.41,960.4,loc_coimbatore,11.0168,76.9558,ECMWF_ERA5_Reanalysis
2020-06-21,31.7,23.1,26.2,33.4,25.2,28.3,0.0,26.4,53.6,216,20.34,959.7,loc_coimbatore,11.0168,76.9558,ECMWF_ERA5_Reanalysis
2020-06-22,28.1,22.8,24.7,29.5,25.4,27.1,2.3,22.3,45.0,208,8.63,958.5,loc_coimbatore,11.0168,76.9558,ECMWF_ERA5_Reanalysis
2020-06-23,30.1,22.2,25.3,31.8,24.4,28.2,0.1,19.0,38.9,204,12.38,959.3,loc_coimbatore,11.0168,76.9558,ECMWF_ERA5_Reanalysis
2020-06-24,30.7,22.7,25.7,34.2,26.1,29.1,7.0,21.2,44.6,208,19.38,959.5,loc_coimbatore,11.0168,76.9558,ECMWF_ERA5_Reanalysis
2020-06-25,30.0,22.8,25.5,35.1,26.1,28.9,2.3,19.3,41.4,210,19.08,958.1,loc_coimbatore,11.0168,76.9558,ECMWF_ERA5_Reanalysis
2020-06-26,30.0,22.7,25.3,32.5,25.9,28.1,6.2,24.0,47.9,216,20.28,957.9,loc_coimbatore,11.0168,76.9558,ECMWF_ERA5_Reanalysis
2020-06-27,30.1,22.5,25.4,31.5,25.0,27.5,0.0,27.7,55.4,218,21.16,958.5,loc_coimbatore,11.0168,76.9558,ECMWF_ERA5_Reanalysis
2020-06-28,31.2,22.7,25.6,35.3,25.9,29.0,10.5,19.3,38.5,205,18.13,958.4,loc_coimbatore,11.0168,76.9558,ECMWF_ERA5_Reanalysis
2020-06-29,30.2,22.9,25.6,33.7,25.5,28.9,4.9,21.9,45.7,206,19.64,957.9,loc_coimbatore,11.0168,76.9558,ECMWF_ERA5_Reanalysis
2020-06-30,30.1,22.0,25.3,32.4,24.0,27.8,2.4,25.7,51.1,210,18.66,957.6,loc_coimbatore,11.0168,76.9558,ECMWF_ERA5_Reanalysis
2020-07-01,30.0,22.5,25.3,32.9,25.4,27.9,1.1,23.5,48.6,214,18.8,958.7,loc_coimbatore,11.0168,76.9558,ECMWF_ERA5_Reanalysis
2020-07-02,30.2,22.7,25.2,32.5,25.1,28.0,3.2,22.4,45.4,207,15.15,958.7,loc_coimbatore,11.0168,76.9558,ECMWF_ERA5_Reanalysis
2020-07-03,26.9,22.0,23.7,28.3,23.8,25.7,11.3,25.8,55.8,209,11.26,958.7,loc_coimbatore,11.0168,76.9558,ECMWF_ERA5_Reanalysis
2020-07-04,29.3,22.1,24.8,30.6,24.0,27.0,0.2,26.5,53.3,216,17.88,958.2,loc_coimbatore,11.0168,76.9558,ECMWF_ERA5_Reanalysis
2020-07-05,29.4,22.5,24.9,30.8,24.5,26.9,0.2,26.7,53.6,214,19.35,958.0,loc_coimbatore,11.0168,76.9558,ECMWF_ERA5_Reanalysis
2020-07-06,30.6,22.2,25.3,33.0,24.0,27.7,0.2,23.4,47.9,214,19.63,958.3,loc_coimbatore,11.0168,76.9558,ECMWF_ERA5_Reanalysis
2020-07-07,30.2,22.1,24.9,33.2,24.4,27.5,4.6,22.7,45.4,209,17.17,959.6,loc_coimbatore,11.0168,76.9558,ECMWF_ERA5_Reanalysis
2020-07-08,29.8,22.1,25.1,33.4,25.6,28.5,9.7,16.4,36.4,206,16.52,960.4,loc_coimbatore,11.0168,76.9558,ECMWF_ERA5_Reanalysis
2020-07-09,29.9,21.6,24.7,34.6,24.9,28.3,9.5,16.2,35.3,199,17.7,959.7,loc_coimbatore,11.0168,76.9558,ECMWF_ERA5_Reanalysis
2020-07-10,27.7,22.0,23.9,30.7,25.3,27.3,22.6,17.1,33.8,199,9.89,960.2,loc_coimbatore,11.0168,76.9558,ECMWF_ERA5_Reanalysis
2020-07-11,29.9,21.6,24.9,33.4,24.4,27.8,4.9,20.2,41.0,210,20.13,959.6,loc_coimbatore,11.0168,76.9558,ECMWF_ERA5_Reanalysis
2020-07-12,30.5,22.1,25.5,33.7,24.5,28.2,1.0,20.2,47.2,213,21.88,959.1,loc_coimbatore,11.0168,76.9558,ECMWF_ERA5_Reanalysis
2020-07-13,29.2,22.2,24.9,33.8,25.5,28.0,9.1,17.4,36.0,206,18.81,958.7,loc_coimbatore,11.0168,76.9558,ECMWF_ERA5_Reanalysis
2020-07-14,30.7,22.3,25.5,34.9,25.4,28.8,4.9,17.9,35.6,204,19.5,958.3,loc_coimbatore,11.0168,76.9558,ECMWF_ERA5_Reanalysis
2020-07-15,28.9,22.6,24.7,32.3,25.0,27.7,14.0,22.9,44.6,210,15.55,958.2,loc_coimbatore,11.0168,76.9558,ECMWF_ERA5_Reanalysis
2020-07-16,27.4,21.8,23.7,29.1,23.6,25.7,3.9,23.9,49.0,210,13.4,957.9,loc_coimbatore,11.0168,76.9558,ECMWF_ERA5_Reanalysis
2020-07-17,25.3,21.6,22.8,27.7,23.3,25.4,14.4,21.7,43.9,203,7.47,958.1,loc_coimbatore,11.0168,76.9558,ECMWF_ERA5_Reanalysis
2020-07-18,29.4,22.2,24.9,34.5,25.4,28.5,2.2,16.1,31.0,205,18.44,958.8,loc_coimbatore,11.0168,76.9558,ECMWF_ERA5_Reanalysis
2020-07-19,28.9,22.2,25.1,33.1,25.9,28.9,1.8,14.7,31.0,205,18.5,959.4,loc_coimbatore,11.0168,76.9558,ECMWF_ERA5_Reanalysis
2020-07-20,29.3,22.5,25.1,34.3,24.6,28.7,6.5,18.8,38.5,216,18.82,958.7,loc_coimbatore,11.0168,76.9558,ECMWF_ERA5_Reanalysis
2020-07-21,30.8,21.9,25.9,34.7,24.9,29.6,0.2,17.7,36.0,207,22.41,959.0,loc_coimbatore,11.0168,76.9558,ECMWF_ERA5_Reanalysis
2020-07-22,31.1,22.9,26.3,37.1,27.1,30.4,0.5,19.9,39.2,218,21.43,959.3,loc_coimbatore,11.0168,76.9558,ECMWF_ERA5_Reanalysis
2020-07-23,30.3,22.6,26.0,34.4,26.7,29.3,0.0,19.9,40.0,223,19.61,959.0,loc_coimbatore,11.0168,76.9558,ECMWF_ERA5_Reanalysis
2020-07-24,30.1,22.8,25.6,32.7,25.7,27.9,0.1,23.6,47.2,223,20.82,959.9,loc_coimbatore,11.0168,76.9558,ECMWF_ERA5_Reanalysis
2020-07-25,29.5,22.4,25.1,32.0,25.3,27.5,0.0,23.3,47.9,213,17.6,960.8,loc_coimbatore,11.0168,76.9558,ECMWF_ERA5_Reanalysis
2020-07-26,30.2,22.0,25.3,33.3,24.9,28.1,3.5,22.9,46.8,212,22.45,962.2,loc_coimbatore,11.0168,76.9558,ECMWF_ERA5_Reanalysis
2020-07-27,32.0,22.0,26.2,35.0,25.3,29.0,2.3,18.6,40.0,214,21.86,961.1,loc_coimbatore,11.0168,76.9558,ECMWF_ERA5_Reanalysis
2020-07-28,30.3,22.5,25.2,34.7,25.4,28.4,14.0,19.3,40.0,204,18.53,959.3,loc_coimbatore,11.0168,76.9558,ECMWF_ERA5_Reanalysis
2020-07-29,26.3,22.2,23.4,28.4,24.6,26.2,14.7,21.7,42.8,209,9.41,958.5,loc_coimbatore,11.0168,76.9558,ECMWF_ERA5_Reanalysis
2020-07-30,29.1,21.5,24.0,31.5,23.4,26.4,7.5,25.8,52.2,210,16.06,958.5,loc_coimbatore,11.0168,76.9558,ECMWF_ERA5_Reanalysis
2020-07-31,29.8,21.7,24.6,32.7,24.4,27.1,2.1,25.9,50.8,214,18.6,958.5,loc_coimbatore,11.0168,76.9558,ECMWF_ERA5_Reanalysis
2020-08-01,29.9,22.3,24.6,32.0,24.6,27.0,0.6,27.6,54.4,213,18.54,958.9,loc_coimbatore,11.0168,76.9558,ECMWF_ERA5_Reanalysis
2020-08-02,25.6,21.9,22.9,27.3,23.8,24.9,29.5,25.7,55.1,211,8.1,959.5,loc_coimbatore,11.0168,76.9558,ECMWF_ERA5_Reanalysis
2020-08-03,28.3,21.7,24.0,30.5,23.2,25.8,3.9,28.3,70.2,215,21.44,958.4,loc_coimbatore,11.0168,76.9558,ECMWF_ERA5_Reanalysis
2020-08-04,27.6,22.2,24.2,29.9,23.2,26.0,11.9,27.0,56.9,216,19.01,957.0,loc_coimbatore,11.0168,76.9558,ECMWF_ERA5_Reanalysis
2020-08-05,26.2,22.4,23.8,28.1,23.3,25.6,23.4,27.7,65.5,215,15.92,955.5,loc_coimbatore,11.0168,76.9558,ECMWF_ERA5_Reanalysis
2020-08-06,28.2,22.1,24.4,30.6,23.6,26.5,9.7,25.8,68.0,209,16.64,956.8,loc_coimbatore,11.0168,76.9558,ECMWF_ERA5_Reanalysis
2020-08-07,27.4,21.8,23.8,28.6,23.2,25.6,1.1,25.0,50.4,211,13.8,959.5,loc_coimbatore,11.0168,76.9558,ECMWF_ERA5_Reanalysis
2020-08-08,26.7,21.7,23.4,29.3,23.4,25.9,6.1,20.1,41.8,206,11.18,960.0,loc_coimbatore,11.0168,76.9558,ECMWF_ERA5_Reanalysis
2020-08-09,23.7,21.5,22.3,26.2,23.5,24.8,40.1,22.5,49.0,202,6.45,959.5,loc_coimbatore,11.0168,76.9558,ECMWF_ERA5_Reanalysis
2020-08-10,24.3,21.3,22.6,26.7,22.8,24.7,25.7,23.7,45.0,206,8.35,959.6,loc_coimbatore,11.0168,76.9558,ECMWF_ERA5_Reanalysis
2020-08-11,28.6,21.5,24.2,30.7,23.3,26.2,0.5,26.1,52.6,214,21.52,960.7,loc_coimbatore,11.0168,76.9558,ECMWF_ERA5_Reanalysis
2020-08-12,28.6,21.7,24.6,30.7,23.7,26.8,0.0,22.5,44.3,215,18.52,961.5,loc_coimbatore,11.0168,76.9558,ECMWF_ERA5_Reanalysis
2020-08-13,29.5,22.1,24.9,33.0,24.7,27.6,0.0,21.5,45.0,212,19.97,959.9,loc_coimbatore,11.0168,76.9558,ECMWF_ERA5_Reanalysis
2020-08-14,28.9,22.1,24.6,31.1,24.3,26.8,0.0,25.5,51.1,213,18.38,958.8,loc_coimbatore,11.0168,76.9558,ECMWF_ERA5_Reanalysis
2020-08-15,28.2,22.1,24.5,29.7,24.2,26.3,0.0,26.0,51.1,218,18.37,959.4,loc_coimbatore,11.0168,76.9558,ECMWF_ERA5_Reanalysis
2020-08-16,29.1,21.7,24.5,31.4,24.0,26.7,0.0,23.7,47.9,213,17.94,959.8,loc_coimbatore,11.0168,76.9558,ECMWF_ERA5_Reanalysis
2020-08-17,29.5,22.0,24.9,31.9,24.0,27.2,0.3,25.0,53.3,214,21.87,959.4,loc_coimbatore,11.0168,76.9558,ECMWF_ERA5_Reanalysis
2020-08-18,29.6,21.8,25.0,32.3,24.2,27.7,0.7,21.4,47.5,214,21.36,959.6,loc_coimbatore,11.0168,76.9558,ECMWF_ERA5_Reanalysis
2020-08-19,30.1,22.0,25.6,34.6,24.9,28.8,7.1,18.8,37.8,205,22.01,958.8,loc_coimbatore,11.0168,76.9558,ECMWF_ERA5_Reanalysis
2020-08-20,30.7,22.4,25.5,33.9,25.4,28.5,0.3,20.0,41.4,210,21.83,958.8,loc_coimbatore,11.0168,76.9558,ECMWF_ERA5_Reanalysis
2020-08-21,30.9,22.6,25.8,35.7,25.8,29.2,1.1,18.1,38.9,207,21.88,960.5,loc_coimbatore,11.0168,76.9558,ECMWF_ERA5_Reanalysis
2020-08-22,30.3,22.4,25.9,35.1,26.0,29.8,3.2,13.7,34.2,207,23.22,961.2,loc_coimbatore,11.0168,76.9558,ECMWF_ERA5_Reanalysis
2020-08-23,29.1,23.2,25.4,33.3,27.4,29.3,7.2,16.4,34.2,202,18.17,961.1,loc_coimbatore,11.0168,76.9558,ECMWF_ERA5_Reanalysis
2020-08-24,30.4,23.0,25.6,34.4,26.7,29.6,3.1,13.5,31.0,205,19.08,961.3,loc_coimbatore,11.0168,76.9558,ECMWF_ERA5_Reanalysis
2020-08-25,30.2,23.1,26.1,34.8,27.1,29.9,0.0,15.9,31.7,206,20.57,961.9,loc_coimbatore,11.0168,76.9558,ECMWF_ERA5_Reanalysis
2020-08-26,29.6,23.1,25.8,33.1,26.9,29.3,0.3,16.1,31.3,211,16.43,961.8,loc_coimbatore,11.0168,76.9558,ECMWF_ERA5_Reanalysis
2020-08-27,31.2,22.7,26.0,34.3,26.1,29.0,0.0,20.7,41.0,212,23.01,960.8,loc_coimbatore,11.0168,76.9558,ECMWF_ERA5_Reanalysis
2020-08-28,31.6,22.0,26.0,34.8,25.5,28.8,0.0,19.3,39.6,210,23.2,960.0,loc_coimbatore,11.0168,76.9558,ECMWF_ERA5_Reanalysis
2020-08-29,31.8,22.3,26.1,34.8,25.3,28.8,0.2,20.2,42.5,213,23.95,960.0,loc_coimbatore,11.0168,76.9558,ECMWF_ERA5_Reanalysis
2020-08-30,32.1,22.5,26.2,36.5,26.0,29.5,1.3,17.4,37.4,212,23.39,960.5,loc_coimbatore,11.0168,76.9558,ECMWF_ERA5_Reanalysis
2020-08-31,29.8,22.6,25.6,33.8,26.6,29.3,3.6,16.8,39.2,204,19.97,961.1,loc_coimbatore,11.0168,76.9558,ECMWF_ERA5_Reanalysis
2020-09-01,30.0,22.7,25.6,35.2,26.7,29.7,10.1,19.9,43.6,207,19.9,960.8,loc_coimbatore,11.0168,76.9558,ECMWF_ERA5_Reanalysis
2020-09-02,27.0,22.5,24.2,30.8,26.6,28.6,16.7,10.7,33.5,205,10.27,960.0,loc_coimbatore,11.0168,76.9558,ECMWF_ERA5_Reanalysis
2020-09-03,30.4,21.9,25.3,34.3,25.4,29.2,2.2,18.2,39.2,213,20.6,959.4,loc_coimbatore,11.0168,76.9558,ECMWF_ERA5_Reanalysis
2020-09-04,30.4,22.5,25.7,36.9,26.8,30.3,3.8,13.9,34.6,217,20.61,959.4,loc_coimbatore,11.0168,76.9558,ECMWF_ERA5_Reanalysis
2020-09-05,29.7,23.3,25.7,35.8,28.4,30.5,1.4,12.4,33.5,203,17.56,958.9,loc_coimbatore,11.0168,76.9558,ECMWF_ERA5_Reanalysis
2020-09-06,29.8,22.5,25.3,34.8,23.1,28.6,3.4,26.3,49.3,222,20.45,959.1,loc_coimbatore,11.0168,76.9558,ECMWF_ERA5_Reanalysis
2020-09-07,28.7,22.2,24.7,30.4,23.1,26.3,0.1,24.0,48.2,219,16.97,960.0,loc_coimbatore,11.0168,76.9558,ECMWF_ERA5_Reanalysis
2020-09-08,29.8,22.1,25.7,33.4,25.5,28.7,1.4,21.4,43.9,218,21.24,960.2,loc_coimbatore,11.0168,76.9558,ECMWF_ERA5_Reanalysis
2020-09-09,29.2,22.6,25.0,31.9,24.9,27.7,2.3,23.8,47.9,217,17.8,959.4,loc_coimbatore,11.0168,76.9558,ECMWF_ERA5_Reanalysis
2020-09-10,25.7,21.8,23.1,27.4,24.1,25.4,12.6,22.8,46.8,214,10.42,958.4,loc_coimbatore,11.0168,76.9558,ECMWF_ERA5_Reanalysis
2020-09-11,26.7,21.9,23.4,28.0,23.5,25.2,19.8,24.7,50.4,215,12.27,959.0,loc_coimbatore,11.0168,76.9558,ECMWF_ERA5_Reanalysis
2020-09-12,26.1,21.9,23.4,27.2,23.8,25.3,9.8,25.8,50.8,214,12.5,960.9,loc_coimbatore,11.0168,76.9558,ECMWF_ERA5_Reanalysis
2020-09-13,27.1,21.9,23.4,29.1,24.1,25.8,1.5,22.6,45.0,210,11.99,961.2,loc_coimbatore,11.0168,76.9558,ECMWF_ERA5_Reanalysis
2020-09-14,29.0,21.3,23.9,32.3,23.1,26.1,1.1,23.7,49.7,210,19.19,960.0,loc_coimbatore,11.0168,76.9558,ECMWF_ERA5_Reanalysis
2020-09-15,28.6,21.8,24.3,31.7,23.5,26.5,0.9,25.1,50.8,213,20.58,959.7,loc_coimbatore,11.0168,76.9558,ECMWF_ERA5_Reanalysis
2020-09-16,29.6,22.0,24.6,33.6,24.4,27.2,3.6,22.5,44.6,213,20.94,959.9,loc_coimbatore,11.0168,76.9558,ECMWF_ERA5_Reanalysis
2020-09-17,29.5,22.2,24.8,33.2,24.4,27.3,1.0,24.0,47.2,214,22.52,960.4,loc_coimbatore,11.0168,76.9558,ECMWF_ERA5_Reanalysis
2020-09-18,29.6,22.3,24.8,33.2,24.0,27.0,0.0,25.0,49.0,213,20.51,959.3,loc_coimbatore,11.0168,76.9558,ECMWF_ERA5_Reanalysis
2020-09-19,26.2,21.5,23.4,27.3,22.8,24.7,13.4,27.1,53.6,212,14.21,957.6,loc_coimbatore,11.0168,76.9558,ECMWF_ERA5_Reanalysis
2020-09-20,23.3,21.3,22.3,25.4,21.8,23.7,35.1,25.1,61.9,211,3.86,957.5,loc_coimbatore,11.0168,76.9558,ECMWF_ERA5_Reanalysis
2020-09-21,25.6,21.8,22.9,27.7,22.6,24.5,15.3,25.8,66.2,211,11.52,957.9,loc_coimbatore,11.0168,76.9558,ECMWF_ERA5_Reanalysis
2020-09-22,26.9,22.0,23.8,29.0,23.7,25.8,4.6,25.5,52.6,213,17.81,958.8,loc_coimbatore,11.0168,76.9558,ECMWF_ERA5_Reanalysis
2020-09-23,28.5,21.6,24.4,31.1,23.9,26.7,0.1,26.4,53.6,213,21.74,960.2,loc_coimbatore,11.0168,76.9558,ECMWF_ERA5_Reanalysis
2020-09-24,29.2,21.7,24.5,33.5,24.5,27.8,2.4,16.8,36.0,209,19.58,961.8,loc_coimbatore,11.0168,76.9558,ECMWF_ERA5_Reanalysis
2020-09-25,28.9,22.3,24.5,33.0,25.8,27.8,3.4,20.5,41.4,211,16.24,961.6,loc_coimbatore,11.0168,76.9558,ECMWF_ERA5_Reanalysis
2020-09-26,27.0,22.5,24.2,30.6,25.6,27.6,0.3,19.5,39.2,203,10.9,961.4,loc_coimbatore,11.0168,76.9558,ECMWF_ERA5_Reanalysis
2020-09-27,28.9,21.9,24.6,32.5,25.5,28.1,2.7,17.9,37.4,200,16.25,961.5,loc_coimbatore,11.0168,76.9558,ECMWF_ERA5_Reanalysis
2020-09-28,29.5,22.5,25.1,33.3,25.9,28.3,2.3,18.8,37.8,207,19.66,961.0,loc_coimbatore,11.0168,76.9558,ECMWF_ERA5_Reanalysis
2020-09-29,28.5,22.1,24.4,32.1,25.6,27.5,6.0,21.5,42.8,207,18.72,960.5,loc_coimbatore,11.0168,76.9558,ECMWF_ERA5_Reanalysis
2020-09-30,28.2,22.1,24.4,32.0,24.4,27.1,5.0,21.4,44.3,212,19.53,960.0,loc_coimbatore,11.0168,76.9558,ECMWF_ERA5_Reanalysis
2020-10-01,29.3,21.7,24.7,33.5,23.9,27.7,1.7,18.5,36.4,206,20.6,959.9,loc_coimbatore,11.0168,76.9558,ECMWF_ERA5_Reanalysis
2020-10-02,29.8,22.0,25.0,32.3,25.0,27.5,0.0,21.7,43.6,212,22.59,960.3,loc_coimbatore,11.0168,76.9558,ECMWF_ERA5_Reanalysis
2020-10-03,29.9,21.9,25.1,32.4,24.1,27.2,0.0,25.0,49.3,215,23.34,961.0,loc_coimbatore,11.0168,76.9558,ECMWF_ERA5_Reanalysis
2020-10-04,29.2,21.3,24.7,31.5,23.8,26.7,0.0,21.4,44.6,216,22.36,961.9,loc_coimbatore,11.0168,76.9558,ECMWF_ERA5_Reanalysis
2020-10-05,30.5,20.7,24.8,33.0,23.2,27.3,0.0,19.4,40.0,209,24.49,961.0,loc_coimbatore,11.0168,76.9558,ECMWF_ERA5_Reanalysis
2020-10-06,29.9,22.2,25.2,33.3,25.2,28.5,2.9,18.2,38.9,210,21.18,960.5,loc_coimbatore,11.0168,76.9558,ECMWF_ERA5_Reanalysis
2020-10-07,29.7,22.3,25.1,34.6,25.7,28.8,4.2,14.7,33.5,207,20.12,960.9,loc_coimbatore,11.0168,76.9558,ECMWF_ERA5_Reanalysis
2020-10-08,30.2,22.1,24.9,35.8,25.8,29.1,22.3,17.1,36.4,210,18.82,960.8,loc_coimbatore,11.0168,76.9558,ECMWF_ERA5_Reanalysis
2020-10-09,29.2,21.8,24.8,33.3,25.0,28.3,7.6,16.9,37.8,215,21.72,960.8,loc_coimbatore,11.0168,76.9558,ECMWF_ERA5_Reanalysis
2020-10-10,29.6,22.0,24.6,34.2,25.1,27.9,3.3,21.2,43.6,208,17.84,960.1,loc_coimbatore,11.0168,76.9558,ECMWF_ERA5_Reanalysis
2020-10-11,27.8,21.8,23.6,30.6,24.3,26.2,3.0,25.1,50.0,209,14.7,958.7,loc_coimbatore,11.0168,76.9558,ECMWF_ERA5_Reanalysis
2020-10-12,26.7,21.7,23.2,28.1,23.4,25.1,4.5,23.8,51.1,208,12.61,956.9,loc_coimbatore,11.0168,76.9558,ECMWF_ERA5_Reanalysis
2020-10-13,27.5,22.0,23.6,29.4,23.7,25.6,7.2,25.0,50.4,210,16.19,956.5,loc_coimbatore,11.0168,76.9558,ECMWF_ERA5_Reanalysis
2020-10-14,28.3,22.2,24.3,30.1,23.8,26.1,0.5,25.5,51.5,219,22.11,957.9,loc_coimbatore,11.0168,76.9558,ECMWF_ERA5_Reanalysis
2020-10-15,28.5,21.9,24.2,31.1,23.8,26.4,0.9,25.2,54.0,215,22.04,958.3,loc_coimbatore,11.0168,76.9558,ECMWF_ERA5_Reanalysis
2020-10-16,28.6,22.0,24.2,31.7,23.8,26.7,2.1,22.2,45.0,213,20.53,958.4,loc_coimbatore,11.0168,76.9558,ECMWF_ERA5_Reanalysis
2020-10-17,27.5,21.8,24.4,31.0,24.6,27.5,8.5,16.6,33.1,212,17.03,959.3,loc_coimbatore,11.0168,76.9558,ECMWF_ERA5_Reanalysis
2020-10-18,27.7,22.3,24.3,32.1,25.2,27.7,6.9,12.8,29.2,203,13.61,960.1,loc_coimbatore,11.0168,76.9558,ECMWF_ERA5_Reanalysis
2020-10-19,29.1,21.8,24.7,34.5,25.8,28.5,2.9,16.5,36.0,203,18.76,959.9,loc_coimbatore,11.0168,76.9558,ECMWF_ERA5_Reanalysis
2020-10-20,26.9,21.9,23.8,30.4,25.0,27.2,3.5,15.8,33.1,204,13.44,959.4,loc_coimbatore,11.0168,76.9558,ECMWF_ERA5_Reanalysis
2020-10-21,28.1,21.9,24.5,31.3,24.5,27.1,2.6,19.5,38.9,210,15.48,960.0,loc_coimbatore,11.0168,76.9558,ECMWF_ERA5_Reanalysis
2020-10-22,29.1,21.6,24.6,31.4,23.7,26.6,0.0,23.5,47.2,216,19.61,959.9,loc_coimbatore,11.0168,76.9558,ECMWF_ERA5_Reanalysis
2020-10-23,29.1,21.5,24.3,31.5,24.2,26.7,0.0,22.4,44.6,217,18.76,960.2,loc_coimbatore,11.0168,76.9558,ECMWF_ERA5_Reanalysis
2020-10-24,30.4,20.4,24.6,32.8,23.0,27.2,0.0,19.6,41.0,219,22.99,961.4,loc_coimbatore,11.0168,76.9558,ECMWF_ERA5_Reanalysis
2020-10-25,29.9,19.5,24.7,33.1,21.7,27.4,0.0,13.3,29.5,220,21.57,962.2,loc_coimbatore,11.0168,76.9558,ECMWF_ERA5_Reanalysis
2020-10-26,29.7,21.1,25.2,34.1,24.3,29.0,0.8,8.5,20.2,211,16.87,962.7,loc_coimbatore,11.0168,76.9558,ECMWF_ERA5_Reanalysis
2020-10-27,29.8,22.1,25.5,35.0,26.3,29.8,3.7,7.9,26.3,202,18.86,962.1,loc_coimbatore,11.0168,76.9558,ECMWF_ERA5_Reanalysis
2020-10-28,31.6,22.5,26.3,35.3,27.2,29.9,0.1,10.2,27.0,154,20.55,962.4,loc_coimbatore,11.0168,76.9558,ECMWF_ERA5_Reanalysis
2020-10-29,31.3,22.3,26.1,34.3,26.0,29.2,15.3,12.0,25.2,128,21.36,962.7,loc_coimbatore,11.0168,76.9558,ECMWF_ERA5_Reanalysis
2020-10-30,30.7,22.0,26.1,34.6,24.5,28.8,0.4,11.7,24.5,75,18.87,962.6,loc_coimbatore,11.0168,76.9558,ECMWF_ERA5_Reanalysis
2020-10-31,30.6,22.3,26.1,34.2,26.2,29.2,1.0,13.7,27.7,229,20.35,962.7,loc_coimbatore,11.0168,76.9558,ECMWF_ERA5_Reanalysis
2020-11-01,31.0,22.4,26.1,35.7,26.3,30.0,2.0,13.3,31.3,226,19.55,963.5,loc_coimbatore,11.0168,76.9558,ECMWF_ERA5_Reanalysis
2020-11-02,30.8,22.5,26.0,35.6,26.6,30.3,3.9,13.2,32.0,217,18.76,964.1,loc_coimbatore,11.0168,76.9558,ECMWF_ERA5_Reanalysis
2020-11-03,29.5,23.0,25.5,33.8,26.9,29.8,6.4,10.2,28.1,2,16.14,963.9,loc_coimbatore,11.0168,76.9558,ECMWF_ERA5_Reanalysis
2020-11-04,30.4,22.7,25.7,35.7,26.9,30.2,7.0,8.9,26.6,72,18.18,963.5,loc_coimbatore,11.0168,76.9558,ECMWF_ERA5_Reanalysis
2020-11-05,29.9,21.9,24.9,34.8,25.0,28.6,24.1,13.5,29.2,40,17.02,963.9,loc_coimbatore,11.0168,76.9558,ECMWF_ERA5_Reanalysis
2020-11-06,29.1,22.3,25.1,32.4,25.1,28.3,6.0,15.5,39.2,37,16.79,964.8,loc_coimbatore,11.0168,76.9558,ECMWF_ERA5_Reanalysis
2020-11-07,29.8,22.5,25.8,32.5,25.5,28.6,2.5,14.4,31.3,33,18.22,965.3,loc_coimbatore,11.0168,76.9558,ECMWF_ERA5_Reanalysis
2020-11-08,28.7,22.1,24.8,32.7,25.4,28.0,7.6,15.1,39.2,36,16.95,965.6,loc_coimbatore,11.0168,76.9558,ECMWF_ERA5_Reanalysis
2020-11-09,30.2,22.2,25.4,33.0,24.9,28.1,2.4,16.0,33.5,53,19.89,964.3,loc_coimbatore,11.0168,76.9558,ECMWF_ERA5_Reanalysis
2020-11-10,29.7,20.8,24.3,30.6,20.7,25.6,0.0,14.5,32.4,61,22.93,962.6,loc_coimbatore,11.0168,76.9558,ECMWF_ERA5_Reanalysis
2020-11-11,30.6,19.8,24.7,31.9,20.5,26.3,0.0,11.5,27.4,39,22.56,962.4,loc_coimbatore,11.0168,76.9558,ECMWF_ERA5_Reanalysis
2020-11-12,30.8,22.2,26.0,33.2,25.6,28.9,4.5,16.8,35.3,52,16.75,962.9,loc_coimbatore,11.0168,76.9558,ECMWF_ERA5_Reanalysis
2020-11-13,29.9,22.6,24.4,34.0,25.9,27.8,17.8,19.2,40.3,35,13.92,963.2,loc_coimbatore,11.0168,76.9558,ECMWF_ERA5_Reanalysis
2020-11-14,29.5,22.1,25.3,31.4,25.1,27.9,1.3,19.0,38.2,39,16.86,962.1,loc_coimbatore,11.0168,76.9558,ECMWF_ERA5_Reanalysis
2020-11-15,27.4,21.9,24.2,29.9,25.1,27.2,9.0,15.1,41.8,41,11.93,961.5,loc_coimbatore,11.0168,76.9558,ECMWF_ERA5_Reanalysis
2020-11-16,27.2,22.2,23.9,31.0,24.6,26.9,25.3,16.4,40.3,29,11.79,962.7,loc_coimbatore,11.0168,76.9558,ECMWF_ERA5_Reanalysis
2020-11-17,26.7,22.0,23.5,30.0,24.9,26.5,18.8,17.6,42.8,35,8.87,962.4,loc_coimbatore,11.0168,76.9558,ECMWF_ERA5_Reanalysis
2020-11-18,27.6,21.7,23.8,30.3,24.2,26.6,17.3,17.2,40.7,25,12.21,962.5,loc_coimbatore,11.0168,76.9558,ECMWF_ERA5_Reanalysis
2020-11-19,27.9,21.9,24.3,30.8,24.5,27.0,4.5,16.3,36.4,45,15.73,963.2,loc_coimbatore,11.0168,76.9558,ECMWF_ERA5_Reanalysis
2020-11-20,28.8,21.5,24.5,31.4,24.4,27.1,0.8,13.1,28.4,44,18.04,963.7,loc_coimbatore,11.0168,76.9558,ECMWF_ERA5_Reanalysis
2020-11-21,28.6,19.7,23.6,31.1,21.6,25.6,0.0,12.6,27.4,56,21.59,963.9,loc_coimbatore,11.0168,76.9558,ECMWF_ERA5_Reanalysis
2020-11-22,28.8,18.5,23.1,30.0,19.6,24.1,0.0,12.1,25.9,57,21.87,964.4,loc_coimbatore,11.0168,76.9558,ECMWF_ERA5_Reanalysis
2020-11-23,29.5,19.0,24.0,30.8,19.8,25.1,0.0,12.2,27.7,44,21.62,964.0,loc_coimbatore,11.0168,76.9558,ECMWF_ERA5_Reanalysis
2020-11-24,29.4,20.0,24.7,30.9,20.9,26.8,0.0,11.8,26.6,53,15.51,962.6,loc_coimbatore,11.0168,76.9558,ECMWF_ERA5_Reanalysis
2020-11-25,29.9,21.2,25.1,32.6,24.0,27.9,0.0,11.5,26.6,190,15.25,960.8,loc_coimbatore,11.0168,76.9558,ECMWF_ERA5_Reanalysis
2020-11-26,28.4,22.1,24.3,30.5,24.9,27.5,5.9,16.4,33.5,206,12.2,960.6,loc_coimbatore,11.0168,76.9558,ECMWF_ERA5_Reanalysis
2020-11-27,27.9,21.5,24.3,31.9,25.2,28.0,15.3,9.4,25.2,188,18.15,962.5,loc_coimbatore,11.0168,76.9558,ECMWF_ERA5_Reanalysis
2020-11-28,28.0,21.5,24.0,30.9,24.4,26.9,2.3,12.9,29.5,39,14.42,964.1,loc_coimbatore,11.0168,76.9558,ECMWF_ERA5_Reanalysis
2020-11-29,29.0,22.0,24.7,31.4,24.9,27.2,2.6,14.4,29.9,39,17.51,964.4,loc_coimbatore,11.0168,76.9558,ECMWF_ERA5_Reanalysis
2020-11-30,28.9,21.6,24.9,30.4,24.4,27.2,0.0,16.6,34.2,47,15.25,964.6,loc_coimbatore,11.0168,76.9558,ECMWF_ERA5_Reanalysis
2020-12-01,29.1,20.9,24.3,29.9,22.4,25.6,0.0,15.3,33.5,53,21.64,964.6,loc_coimbatore,11.0168,76.9558,ECMWF_ERA5_Reanalysis
2020-12-02,29.6,20.7,24.2,32.1,21.7,26.1,0.0,15.4,31.0,60,17.12,963.1,loc_coimbatore,11.0168,76.9558,ECMWF_ERA5_Reanalysis
2020-12-03,23.6,21.4,22.4,27.9,24.7,26.2,32.8,8.7,38.5,203,4.22,961.6,loc_coimbatore,11.0168,76.9558,ECMWF_ERA5_Reanalysis
2020-12-04,24.4,21.8,22.8,28.1,24.9,26.3,45.9,11.2,29.2,49,3.82,960.6,loc_coimbatore,11.0168,76.9558,ECMWF_ERA5_Reanalysis
2020-12-05,27.9,21.7,23.9,31.2,25.0,27.3,7.9,15.0,31.7,52,14.19,961.4,loc_coimbatore,11.0168,76.9558,ECMWF_ERA5_Reanalysis
2020-12-06,28.0,21.9,24.0,31.2,24.5,26.9,8.2,18.6,42.1,38,13.92,962.6,loc_coimbatore,11.0168,76.9558,ECMWF_ERA5_Reanalysis
2020-12-07,23.9,21.9,22.6,26.8,24.4,25.4,47.0,17.1,43.2,25,4.58,964.0,loc_coimbatore,11.0168,76.9558,ECMWF_ERA5_Reanalysis
2020-12-08,26.8,21.8,23.4,29.8,24.3,26.3,7.1,16.9,40.0,32,14.72,965.1,loc_coimbatore,11.0168,76.9558,ECMWF_ERA5_Reanalysis
2020-12-09,27.8,21.6,24.0,29.6,24.3,26.5,0.1,15.2,32.4,40,15.23,964.6,loc_coimbatore,11.0168,76.9558,ECMWF_ERA5_Reanalysis
2020-12-10,28.1,21.4,23.6,30.1,23.3,26.0,0.7,14.7,29.9,54,18.26,964.7,loc_coimbatore,11.0168,76.9558,ECMWF_ERA5_Reanalysis
2020-12-11,26.8,19.9,22.9,28.8,21.9,24.9,0.0,12.6,27.0,52,14.67,964.6,loc_coimbatore,11.0168,76.9558,ECMWF_ERA5_Reanalysis
2020-12-12,27.4,19.4,22.6,30.2,21.2,24.5,0.1,12.4,26.3,56,17.34,964.3,loc_coimbatore,11.0168,76.9558,ECMWF_ERA5_Reanalysis
2020-12-13,27.6,17.8,22.2,30.0,19.0,23.9,0.0,12.1,28.1,61,18.18,963.5,loc_coimbatore,11.0168,76.9558,ECMWF_ERA5_Reanalysis
2020-12-14,27.6,19.1,22.6,30.0,20.6,24.3,0.1,13.4,28.4,58,17.65,963.5,loc_coimbatore,11.0168,76.9558,ECMWF_ERA5_Reanalysis
2020-12-15,27.4,19.7,23.4,28.3,21.0,24.7,0.0,14.5,31.7,44,17.88,964.3,loc_coimbatore,11.0168,76.9558,ECMWF_ERA5_Reanalysis
2020-12-16,26.8,22.0,23.8,28.3,24.5,26.0,3.5,15.5,31.7,50,11.49,965.0,loc_coimbatore,11.0168,76.9558,ECMWF_ERA5_Reanalysis
2020-12-17,24.4,21.3,22.4,27.0,23.9,25.1,16.6,14.5,37.1,32,5.94,965.0,loc_coimbatore,11.0168,76.9558,ECMWF_ERA5_Reanalysis
2020-12-18,27.2,21.4,23.6,29.1,23.6,25.8,1.7,15.5,32.4,47,14.94,964.7,loc_coimbatore,11.0168,76.9558,ECMWF_ERA5_Reanalysis
2020-12-19,26.9,21.3,23.4,27.4,23.1,24.8,0.8,20.0,40.3,49,16.59,965.3,loc_coimbatore,11.0168,76.9558,ECMWF_ERA5_Reanalysis
2020-12-20,26.8,19.5,22.5,26.8,21.4,23.7,0.0,18.7,38.2,50,16.46,965.5,loc_coimbatore,11.0168,76.9558,ECMWF_ERA5_Reanalysis
2020-12-21,26.2,18.7,22.0,26.4,20.2,22.8,0.0,18.9,39.2,47,19.98,964.7,loc_coimbatore,11.0168,76.9558,ECMWF_ERA5_Reanalysis
2020-12-22,27.0,18.9,22.6,28.2,20.1,24.0,0.6,15.1,33.5,56,15.29,964.1,loc_coimbatore,11.0168,76.9558,ECMWF_ERA5_Reanalysis
2020-12-23,26.3,20.7,23.0,28.1,22.8,25.0,0.3,16.0,32.4,51,9.59,963.4,loc_coimbatore,11.0168,76.9558,ECMWF_ERA5_Reanalysis
2020-12-24,27.6,20.0,23.5,29.3,22.0,25.5,0.0,12.6,27.0,58,14.63,962.4,loc_coimbatore,11.0168,76.9558,ECMWF_ERA5_Reanalysis
2020-12-25,28.3,20.9,23.5,29.4,21.9,24.8,0.0,14.2,30.6,57,14.76,963.2,loc_coimbatore,11.0168,76.9558,ECMWF_ERA5_Reanalysis
2020-12-26,28.2,18.6,22.4,29.5,19.0,23.4,0.0,13.3,30.2,55,17.71,964.0,loc_coimbatore,11.0168,76.9558,ECMWF_ERA5_Reanalysis
2020-12-27,29.5,16.7,22.7,30.8,17.1,23.7,0.0,11.0,26.3,60,21.5,963.3,loc_coimbatore,11.0168,76.9558,ECMWF_ERA5_Reanalysis
2020-12-28,29.0,20.0,23.0,30.3,21.0,24.7,0.0,11.5,27.7,45,17.13,963.2,loc_coimbatore,11.0168,76.9558,ECMWF_ERA5_Reanalysis
2020-12-29,28.0,19.2,23.3,30.2,20.7,25.3,1.0,10.9,31.3,52,14.44,963.0,loc_coimbatore,11.0168,76.9558,ECMWF_ERA5_Reanalysis
2020-12-30,29.1,21.9,24.8,30.0,24.6,27.0,1.5,16.9,34.2,57,13.4,963.0,loc_coimbatore,11.0168,76.9558,ECMWF_ERA5_Reanalysis
2020-12-31,24.8,21.3,22.6,26.7,23.7,25.2,14.8,16.6,37.8,41,7.63,963.6,loc_coimbatore,11.0168,76.9558,ECMWF_ERA5_Reanalysis
2021-01-01,26.6,20.6,22.5,27.3,22.7,24.0,1.0,17.1,36.0,54,15.8,964.2,loc_coimbatore,11.0168,76.9558,ECMWF_ERA5_Reanalysis
2021-01-02,27.4,18.7,22.8,28.2,20.1,24.3,0.2,16.5,34.2,42,17.26,963.9,loc_coimbatore,11.0168,76.9558,ECMWF_ERA5_Reanalysis
2021-01-03,26.0,20.8,22.9,27.5,23.0,25.3,1.6,15.4,32.8,33,9.96,962.8,loc_coimbatore,11.0168,76.9558,ECMWF_ERA5_Reanalysis
2021-01-04,26.2,21.3,22.9,27.9,23.8,25.5,9.4,15.4,34.9,40,10.36,962.8,loc_coimbatore,11.0168,76.9558,ECMWF_ERA5_Reanalysis
2021-01-05,27.5,20.9,23.7,29.6,22.9,25.9,2.5,17.4,35.3,42,12.97,963.2,loc_coimbatore,11.0168,76.9558,ECMWF_ERA5_Reanalysis
2021-01-06,27.9,21.8,24.1,32.0,24.8,27.6,5.2,10.7,26.3,42,14.99,962.7,loc_coimbatore,11.0168,76.9558,ECMWF_ERA5_Reanalysis
2021-01-07,27.4,21.6,24.0,30.0,24.9,27.0,1.0,14.7,30.2,57,12.54,961.4,loc_coimbatore,11.0168,76.9558,ECMWF_ERA5_Reanalysis
2021-01-08,27.7,21.8,24.0,32.2,25.0,27.4,9.4,10.5,27.7,45,13.95,961.0,loc_coimbatore,11.0168,76.9558,ECMWF_ERA5_Reanalysis
2021-01-09,27.9,21.6,23.8,31.1,24.3,26.8,5.7,12.9,27.0,45,12.68,961.7,loc_coimbatore,11.0168,76.9558,ECMWF_ERA5_Reanalysis
2021-01-10,26.8,21.7,23.6,29.7,24.6,26.6,10.4,13.4,28.8,44,12.92,962.4,loc_coimbatore,11.0168,76.9558,ECMWF_ERA5_Reanalysis
2021-01-11,25.1,21.7,22.9,27.7,24.6,26.0,8.6,12.8,27.4,39,7.01,963.0,loc_coimbatore,11.0168,76.9558,ECMWF_ERA5_Reanalysis
2021-01-12,24.7,21.2,22.7,26.3,23.5,24.6,5.9,19.5,50.0,34,6.48,962.5,loc_coimbatore,11.0168,76.9558,ECMWF_ERA5_Reanalysis
2021-01-13,26.8,21.2,23.2,27.8,22.4,24.9,7.1,23.6,45.4,44,12.16,962.6,loc_coimbatore,11.0168,76.9558,ECMWF_ERA5_Reanalysis
2021-01-14,27.3,21.0,23.3,28.5,23.0,25.3,0.4,17.4,35.3,34,15.31,962.7,loc_coimbatore,11.0168,76.9558,ECMWF_ERA5_Reanalysis
2021-01-15,26.4,21.4,23.3,28.4,23.7,25.6,5.0,17.8,35.6,34,11.73,962.6,loc_coimbatore,11.0168,76.9558,ECMWF_ERA5_Reanalysis
2021-01-16,27.5,21.0,23.6,30.8,24.1,26.6,1.5,13.5,25.9,53,15.87,962.0,loc_coimbatore,11.0168,76.9558,ECMWF_ERA5_Reanalysis
2021-01-17,28.5,21.0,23.8,31.5,23.3,26.0,0.2,14.1,29.5,57,19.49,962.8,loc_coimbatore,11.0168,76.9558,ECMWF_ERA5_Reanalysis
2021-01-18,26.6,18.5,22.0,28.1,20.4,23.2,0.0,15.9,34.6,58,20.75,963.8,loc_coimbatore,11.0168,76.9558,ECMWF_ERA5_Reanalysis
2021-01-19,27.6,18.7,22.4,30.0,20.2,24.0,0.0,12.2,27.7,55,20.74,963.6,loc_coimbatore,11.0168,76.9558,ECMWF_ERA5_Reanalysis
2021-01-20,29.1,18.9,23.4,31.9,20.2,25.5,0.0,10.6,23.8,50,20.61,964.0,loc_coimbatore,11.0168,76.9558,ECMWF_ERA5_Reanalysis
2021-01-21,29.1,21.4,24.6,32.2,24.5,27.8,0.3,10.5,23.8,52,15.54,963.7,loc_coimbatore,11.0168,76.9558,ECMWF_ERA5_Reanalysis
2021-01-22,28.3,21.6,24.4,31.0,24.9,27.5,0.7,12.3,28.4,44,14.81,963.5,loc_coimbatore,11.0168,76.9558,ECMWF_ERA5_Reanalysis
2021-01-23,28.5,21.4,24.3,29.9,24.1,26.5,1.4,13.9,31.0,64,16.33,963.7,loc_coimbatore,11.0168,76.9558,ECMWF_ERA5_Reanalysis
2021-01-24,28.8,20.5,23.6,30.7,21.3,25.2,0.0,12.8,29.2,58,20.18,964.4,loc_coimbatore,11.0168,76.9558,ECMWF_ERA5_Reanalysis
2021-01-25,28.0,19.3,22.7,29.4,20.2,23.6,0.1,12.8,30.2,42,20.31,965.0,loc_coimbatore,11.0168,76.9558,ECMWF_ERA5_Reanalysis
2021-01-26,28.2,19.5,23.0,30.1,20.5,24.1,0.0,14.5,31.7,56,21.03,964.1,loc_coimbatore,11.0168,76.9558,ECMWF_ERA5_Reanalysis
2021-01-27,28.7,18.4,22.8,29.6,19.2,23.5,0.0,13.3,31.3,58,22.23,964.5,loc_coimbatore,11.0168,76.9558,ECMWF_ERA5_Reanalysis
2021-01-28,28.6,18.8,23.2,28.9,19.5,23.8,0.0,16.4,35.3,57,22.42,964.7,loc_coimbatore,11.0168,76.9558,ECMWF_ERA5_Reanalysis
2021-01-29,29.3,20.6,23.9,29.8,22.5,25.3,0.0,13.9,29.9,51,16.06,965.1,loc_coimbatore,11.0168,76.9558,ECMWF_ERA5_Reanalysis
2021-01-30,29.8,20.9,24.9,30.4,23.3,26.6,0.0,13.2,29.9,60,15.59,964.4,loc_coimbatore,11.0168,76.9558,ECMWF_ERA5_Reanalysis
2021-01-31,30.8,21.2,25.3,32.2,22.7,26.6,0.0,14.4,32.0,65,21.32,964.6,loc_coimbatore,11.0168,76.9558,ECMWF_ERA5_Reanalysis
2021-02-01,30.8,20.2,24.9,30.9,20.8,25.4,0.0,14.8,33.1,67,22.84,966.1,loc_coimbatore,11.0168,76.9558,ECMWF_ERA5_Reanalysis
2021-02-02,30.9,20.6,25.0,30.3,22.5,25.5,0.0,16.9,36.7,64,22.8,966.5,loc_coimbatore,11.0168,76.9558,ECMWF_ERA5_Reanalysis
2021-02-03,30.3,20.6,25.0,30.7,21.8,25.8,0.0,15.4,33.8,64,19.06,966.0,loc_coimbatore,11.0168,76.9558,ECMWF_ERA5_Reanalysis
2021-02-04,30.6,20.7,25.0,31.1,22.2,25.6,0.0,15.1,34.9,70,22.07,965.8,loc_coimbatore,11.0168,76.9558,ECMWF_ERA5_Reanalysis
2021-02-05,31.2,19.4,24.6,33.2,20.1,25.6,0.0,11.6,29.2,57,22.94,964.9,loc_coimbatore,11.0168,76.9558,ECMWF_ERA5_Reanalysis
2021-02-06,31.5,20.0,25.1,32.3,21.5,25.6,0.0,13.2,32.4,64,22.38,964.0,loc_coimbatore,11.0168,76.9558,ECMWF_ERA5_Reanalysis
2021-02-07,32.1,19.2,25.0,30.4,19.9,24.0,0.0,16.8,37.8,56,23.99,964.3,loc_coimbatore,11.0168,76.9558,ECMWF_ERA5_Reanalysis
2021-02-08,31.8,18.8,24.6,30.5,18.5,23.5,0.0,17.6,39.2,65,23.99,965.2,loc_coimbatore,11.0168,76.9558,ECMWF_ERA5_Reanalysis
2021-02-09,30.9,18.8,24.3,30.5,19.0,24.1,0.0,18.1,39.6,58,23.36,964.5,loc_coimbatore,11.0168,76.9558,ECMWF_ERA5_Reanalysis
2021-02-10,30.8,18.3,23.8,30.4,18.8,23.5,0.0,13.0,31.3,70,24.43,963.9,loc_coimbatore,11.0168,76.9558,ECMWF_ERA5_Reanalysis
2021-02-11,31.5,18.1,24.1,31.1,17.5,23.6,0.0,13.0,32.0,58,24.47,963.3,loc_coimbatore,11.0168,76.9558,ECMWF_ERA5_Reanalysis
2021-02-12,31.2,18.0,23.8,30.4,18.0,23.2,0.0,13.3,33.1,61,24.62,963.8,loc_coimbatore,11.0168,76.9558,ECMWF_ERA5_Reanalysis
2021-02-13,32.4,18.8,24.8,33.0,18.4,24.9,0.0,9.7,25.2,64,24.39,964.8,loc_coimbatore,11.0168,76.9558,ECMWF_ERA5_Reanalysis
2021-02-14,32.6,19.3,25.5,34.4,20.6,26.6,0.0,10.0,26.6,89,23.67,964.8,loc_coimbatore,11.0168,76.9558,ECMWF_ERA5_Reanalysis
2021-02-15,32.8,20.7,26.2,35.4,21.7,27.7,0.0,9.9,26.3,108,23.21,963.7,loc_coimbatore,11.0168,76.9558,ECMWF_ERA5_Reanalysis
2021-02-16,32.0,21.6,25.9,33.3,23.4,27.6,0.8,11.8,27.0,66,17.86,963.5,loc_coimbatore,11.0168,76.9558,ECMWF_ERA5_Reanalysis
2021-02-17,33.0,21.5,26.2,34.2,23.0,27.8,0.2,12.3,28.8,59,18.9,962.9,loc_coimbatore,11.0168,76.9558,ECMWF_ERA5_Reanalysis
2021-02-18,31.3,21.2,25.7,31.9,22.5,26.6,0.3,14.1,30.2,72,16.64,964.2,loc_coimbatore,11.0168,76.9558,ECMWF_ERA5_Reanalysis
2021-02-19,32.3,21.3,26.0,33.8,22.5,27.2,0.0,13.1,30.6,57,21.14,964.4,loc_coimbatore,11.0168,76.9558,ECMWF_ERA5_Reanalysis
2021-02-20,28.8,20.5,23.8,30.5,22.2,25.5,6.0,18.6,38.5,42,17.79,964.0,loc_coimbatore,11.0168,76.9558,ECMWF_ERA5_Reanalysis
2021-02-21,29.0,20.1,23.9,30.6,21.8,25.7,3.7,14.8,40.3,30,15.71,964.7,loc_coimbatore,11.0168,76.9558,ECMWF_ERA5_Reanalysis
2021-02-22,31.0,20.5,25.0,33.3,22.6,26.9,2.3,16.1,34.2,36,20.91,965.5,loc_coimbatore,11.0168,76.9558,ECMWF_ERA5_Reanalysis
2021-02-23,32.0,20.8,25.8,33.8,22.9,27.5,0.7,11.8,31.7,57,20.24,964.3,loc_coimbatore,11.0168,76.9558,ECMWF_ERA5_Reanalysis
2021-02-24,32.4,21.3,26.5,34.9,23.3,27.9,0.0,12.0,29.9,75,20.16,963.7,loc_coimbatore,11.0168,76.9558,ECMWF_ERA5_Reanalysis
2021-02-25,34.1,21.6,27.4,36.4,23.1,29.1,0.0,12.3,24.8,102,22.36,963.5,loc_coimbatore,11.0168,76.9558,ECMWF_ERA5_Reanalysis
2021-02-26,34.9,22.6,28.2,36.4,26.8,30.8,0.0,10.2,28.4,105,21.57,962.3,loc_coimbatore,11.0168,76.9558,ECMWF_ERA5_Reanalysis
2021-02-27,36.2,23.0,28.8,37.3,23.7,30.3,0.0,11.1,28.4,104,23.82,961.4,loc_coimbatore,11.0168,76.9558,ECMWF_ERA5_Reanalysis
2021-02-28,35.8,23.1,28.2,34.7,22.8,27.6,0.0,16.1,35.3,62,25.41,962.0,loc_coimbatore,11.0168,76.9558,ECMWF_ERA5_Reanalysis
2021-03-01,34.8,21.8,27.5,34.3,22.0,27.0,0.0,15.6,34.2,87,24.79,964.7,loc_coimbatore,11.0168,76.9558,ECMWF_ERA5_Reanalysis
2021-03-02,35.8,20.9,27.7,33.7,20.3,26.8,0.0,24.8,48.6,63,24.86,964.8,loc_coimbatore,11.0168,76.9558,ECMWF_ERA5_Reanalysis
2021-03-03,34.8,20.6,27.4,32.8,20.6,26.1,0.0,19.9,43.2,73,25.74,963.7,loc_coimbatore,11.0168,76.9558,ECMWF_ERA5_Reanalysis
2021-03-04,33.0,20.3,25.9,32.0,20.8,25.6,0.0,15.5,37.1,59,25.75,963.9,loc_coimbatore,11.0168,76.9558,ECMWF_ERA5_Reanalysis
2021-03-05,34.2,20.7,26.8,34.4,22.4,27.2,0.0,11.5,29.5,73,25.62,964.9,loc_coimbatore,11.0168,76.9558,ECMWF_ERA5_Reanalysis
2021-03-06,35.7,20.6,27.7,37.0,21.2,28.9,0.0,13.8,28.8,90,25.26,964.8,loc_coimbatore,11.0168,76.9558,ECMWF_ERA5_Reanalysis
2021-03-07,35.9,22.0,28.3,36.7,25.5,29.7,0.0,13.5,32.0,72,25.46,963.8,loc_coimbatore,11.0168,76.9558,ECMWF_ERA5_Reanalysis
2021-03-08,34.4,22.5,27.8,35.2,25.1,29.0,0.0,14.6,33.1,63,24.7,964.3,loc_coimbatore,11.0168,76.9558,ECMWF_ERA5_Reanalysis
2021-03-09,34.8,22.6,27.9,35.8,24.8,29.3,0.0,17.8,34.9,69,24.29,964.7,loc_coimbatore,11.0168,76.9558,ECMWF_ERA5_Reanalysis
2021-03-10,34.7,22.5,28.1,35.3,24.5,29.3,2.4,14.3,34.6,62,23.09,964.7,loc_coimbatore,11.0168,76.9558,ECMWF_ERA5_Reanalysis
2021-03-11,32.6,21.3,26.7,35.1,23.0,28.7,5.7,15.1,32.8,26,20.78,964.8,loc_coimbatore,11.0168,76.9558,ECMWF_ERA5_Reanalysis
2021-03-12,33.8,22.6,27.5,33.5,24.2,27.7,0.0,16.1,35.3,51,25.5,965.5,loc_coimbatore,11.0168,76.9558,ECMWF_ERA5_Reanalysis
2021-03-13,33.9,21.8,27.3,34.6,22.7,27.8,0.0,13.7,32.0,59,25.7,965.0,loc_coimbatore,11.0168,76.9558,ECMWF_ERA5_Reanalysis
2021-03-14,34.8,21.9,27.9,35.1,23.4,28.6,0.0,14.7,36.4,68,25.86,963.8,loc_coimbatore,11.0168,76.9558,ECMWF_ERA5_Reanalysis
2021-03-15,35.2,23.2,28.5,35.4,23.6,28.4,0.0,14.4,34.6,65,25.98,963.2,loc_coimbatore,11.0168,76.9558,ECMWF_ERA5_Reanalysis
2021-03-16,35.6,22.4,29.2,35.8,22.4,29.1,0.0,13.6,32.8,80,25.97,963.2,loc_coimbatore,11.0168,76.9558,ECMWF_ERA5_Reanalysis
2021-03-17,35.8,21.9,28.8,35.3,21.5,28.2,0.0,15.9,36.0,71,26.15,962.3,loc_coimbatore,11.0168,76.9558,ECMWF_ERA5_Reanalysis
2021-03-18,36.1,23.2,28.9,35.5,25.4,29.2,0.0,17.1,37.4,69,25.24,962.6,loc_coimbatore,11.0168,76.9558,ECMWF_ERA5_Reanalysis
2021-03-19,35.1,20.8,27.9,36.2,22.5,28.3,0.0,15.5,30.2,87,26.04,962.3,loc_coimbatore,11.0168,76.9558,ECMWF_ERA5_Reanalysis
2021-03-20,35.0,21.8,28.4,37.3,21.6,29.1,0.0,11.3,26.6,99,25.66,961.3,loc_coimbatore,11.0168,76.9558,ECMWF_ERA5_Reanalysis
2021-03-21,36.1,22.7,29.0,37.5,26.3,31.2,0.0,12.7,27.0,151,25.16,960.9,loc_coimbatore,11.0168,76.9558,ECMWF_ERA5_Reanalysis
2021-03-22,36.8,23.6,29.5,37.5,27.0,31.2,0.0,14.0,30.6,75,25.2,962.3,loc_coimbatore,11.0168,76.9558,ECMWF_ERA5_Reanalysis
2021-03-23,37.0,23.9,29.7,37.8,25.1,30.7,0.0,14.7,35.3,69,25.86,963.0,loc_coimbatore,11.0168,76.9558,ECMWF_ERA5_Reanalysis
2021-03-24,36.5,23.8,29.5,36.8,25.8,30.6,0.0,16.9,37.1,69,25.24,963.1,loc_coimbatore,11.0168,76.9558,ECMWF_ERA5_Reanalysis
2021-03-25,36.2,23.6,30.1,35.7,27.4,31.5,0.0,17.9,40.0,80,22.75,962.2,loc_coimbatore,11.0168,76.9558,ECMWF_ERA5_Reanalysis
2021-03-26,36.0,24.1,30.0,36.2,25.7,30.6,0.0,17.0,37.4,66,22.94,961.7,loc_coimbatore,11.0168,76.9558,ECMWF_ERA5_Reanalysis
2021-03-27,37.1,24.4,30.2,37.1,27.3,31.1,0.0,17.5,38.9,67,24.9,961.5,loc_coimbatore,11.0168,76.9558,ECMWF_ERA5_Reanalysis
2021-03-28,36.7,23.6,29.7,37.8,27.9,31.7,0.0,15.4,35.3,120,22.57,961.3,loc_coimbatore,11.0168,76.9558,ECMWF_ERA5_Reanalysis
2021-03-29,37.8,23.5,29.7,37.7,27.6,31.8,0.0,20.5,40.0,171,24.59,961.2,loc_coimbatore,11.0168,76.9558,ECMWF_ERA5_Reanalysis
2021-03-30,37.7,23.9,30.2,38.7,26.2,31.6,0.0,17.7,33.5,209,24.3,960.3,loc_coimbatore,11.0168,76.9558,ECMWF_ERA5_Reanalysis
2021-03-31,36.8,24.5,29.3,39.4,27.4,31.8,0.0,23.7,50.4,216,24.15,958.9,loc_coimbatore,11.0168,76.9558,ECMWF_ERA5_Reanalysis
2021-04-01,34.5,24.3,28.3,37.9,26.7,30.9,0.3,26.3,55.1,213,22.61,959.3,loc_coimbatore,11.0168,76.9558,ECMWF_ERA5_Reanalysis
2021-04-02,37.0,23.1,28.7,38.1,26.4,30.6,0.0,26.2,51.5,213,24.66,959.4,loc_coimbatore,11.0168,76.9558,ECMWF_ERA5_Reanalysis
2021-04-03,35.8,23.5,28.3,37.0,25.8,30.2,0.0,21.6,45.4,222,21.7,960.4,loc_coimbatore,11.0168,76.9558,ECMWF_ERA5_Reanalysis
2021-04-04,36.1,23.2,28.8,39.2,26.2,31.1,0.0,17.9,36.7,215,20.24,961.3,loc_coimbatore,11.0168,76.9558,ECMWF_ERA5_Reanalysis
2021-04-05,37.6,23.6,30.2,40.2,26.9,32.5,0.0,15.1,28.8,183,21.9,961.3,loc_coimbatore,11.0168,76.9558,ECMWF_ERA5_Reanalysis
2021-04-06,37.0,24.4,30.1,37.2,28.7,32.1,0.7,18.9,41.4,89,23.0,962.3,loc_coimbatore,11.0168,76.9558,ECMWF_ERA5_Reanalysis
2021-04-07,37.2,23.5,30.0,37.2,28.0,31.6,0.0,16.6,36.0,101,26.34,963.2,loc_coimbatore,11.0168,76.9558,ECMWF_ERA5_Reanalysis
2021-04-08,36.5,23.6,29.4,38.0,28.1,31.8,0.0,15.0,29.9,196,24.59,961.8,loc_coimbatore,11.0168,76.9558,ECMWF_ERA5_Reanalysis
2021-04-09,36.6,23.1,29.4,37.6,27.8,31.6,0.0,15.5,36.4,128,23.39,961.0,loc_coimbatore,11.0168,76.9558,ECMWF_ERA5_Reanalysis
2021-04-10,36.1,23.7,29.3,36.3,26.3,31.2,0.0,13.9,32.8,78,24.13,962.2,loc_coimbatore,11.0168,76.9558,ECMWF_ERA5_Reanalysis
2021-04-11,35.3,23.9,29.0,37.5,28.7,31.8,0.3,12.0,37.4,94,22.9,963.5,loc_coimbatore,11.0168,76.9558,ECMWF_ERA5_Reanalysis
2021-04-12,34.7,24.3,27.3,37.9,27.9,30.9,7.1,13.5,32.0,17,19.88,964.1,loc_coimbatore,11.0168,76.9558,ECMWF_ERA5_Reanalysis
2021-04-13,32.7,22.9,27.2,36.6,26.8,30.6,1.5,17.4,36.0,11,20.89,963.6,loc_coimbatore,11.0168,76.9558,ECMWF_ERA5_Reanalysis
2021-04-14,31.8,22.9,26.5,36.2,26.6,30.4,9.5,15.3,34.2,262,17.78,963.1,loc_coimbatore,11.0168,76.9558,ECMWF_ERA5_Reanalysis
2021-04-15,29.5,22.8,25.9,33.4,26.5,29.6,9.7,14.1,31.7,218,16.43,962.9,loc_coimbatore,11.0168,76.9558,ECMWF_ERA5_Reanalysis
2021-04-16,31.8,22.4,26.1,36.5,26.8,30.3,10.2,13.7,30.2,207,20.42,962.5,loc_coimbatore,11.0168,76.9558,ECMWF_ERA5_Reanalysis
2021-04-17,33.4,22.6,27.5,39.1,26.2,31.2,0.4,15.0,33.8,219,21.69,963.0,loc_coimbatore,11.0168,76.9558,ECMWF_ERA5_Reanalysis
2021-04-18,32.2,23.9,27.1,35.1,27.4,30.8,4.4,16.3,32.8,218,18.08,964.1,loc_coimbatore,11.0168,76.9558,ECMWF_ERA5_Reanalysis
2021-04-19,34.3,23.0,27.7,37.9,26.3,31.0,0.5,18.2,36.0,218,22.31,962.4,loc_coimbatore,11.0168,76.9558,ECMWF_ERA5_Reanalysis
2021-04-20,34.0,22.9,27.3,36.6,26.6,30.6,1.0,16.0,33.1,214,19.26,961.7,loc_coimbatore,11.0168,76.9558,ECMWF_ERA5_Reanalysis
2021-04-21,36.0,24.0,28.4,39.0,28.0,31.9,0.1,18.8,40.0,216,21.54,962.4,loc_coimbatore,11.0168,76.9558,ECMWF_ERA5_Reanalysis
2021-04-22,36.0,23.2,28.4,39.7,27.0,32.0,0.2,21.1,43.2,216,22.22,962.7,loc_coimbatore,11.0168,76.9558,ECMWF_ERA5_Reanalysis
2021-04-23,34.9,23.7,28.1,38.1,27.4,31.7,2.1,15.2,38.2,216,20.41,962.6,loc_coimbatore,11.0168,76.9558,ECMWF_ERA5_Reanalysis
2021-04-24,34.9,23.3,28.2,39.9,28.3,32.3,1.8,14.1,38.5,213,19.75,962.0,loc_coimbatore,11.0168,76.9558,ECMWF_ERA5_Reanalysis
2021-04-25,35.2,24.6,28.8,38.3,28.4,32.7,0.1,14.8,35.6,208,20.33,961.7,loc_coimbatore,11.0168,76.9558,ECMWF_ERA5_Reanalysis
2021-04-26,35.4,23.9,28.7,39.1,27.8,32.3,0.2,19.8,45.4,214,21.37,961.3,loc_coimbatore,11.0168,76.9558,ECMWF_ERA5_Reanalysis
2021-04-27,34.9,24.2,28.5,38.6,28.2,32.2,0.1,18.9,40.0,212,20.32,961.9,loc_coimbatore,11.0168,76.9558,ECMWF_ERA5_Reanalysis
2021-04-28,35.5,24.4,29.2,39.6,29.2,32.7,0.2,16.9,34.9,215,22.23,962.5,loc_coimbatore,11.0168,76.9558,ECMWF_ERA5_Reanalysis
2021-04-29,35.7,24.2,28.9,38.6,27.5,32.2,0.0,17.4,41.0,216,21.48,961.8,loc_coimbatore,11.0168,76.9558,ECMWF_ERA5_Reanalysis
2021-04-30,36.2,24.3,29.5,39.4,28.8,33.1,0.5,13.5,39.6,184,19.93,960.9,loc_coimbatore,11.0168,76.9558,ECMWF_ERA5_Reanalysis
2021-05-01,37.0,23.9,29.7,39.0,29.2,33.1,2.5,13.6,37.4,113,21.32,960.9,loc_coimbatore,11.0168,76.9558,ECMWF_ERA5_Reanalysis
2021-05-02,35.4,23.9,28.9,38.6,27.8,32.5,1.3,13.5,31.3,49,19.5,961.2,loc_coimbatore,11.0168,76.9558,ECMWF_ERA5_Reanalysis
2021-05-03,33.0,23.3,27.4,37.6,26.4,31.2,7.6,12.1,29.5,72,17.26,961.2,loc_coimbatore,11.0168,76.9558,ECMWF_ERA5_Reanalysis
2021-05-04,32.8,23.5,27.2,37.7,28.1,31.5,3.4,15.4,33.5,206,17.63,960.9,loc_coimbatore,11.0168,76.9558,ECMWF_ERA5_Reanalysis
2021-05-05,35.8,23.3,29.1,38.8,26.8,32.6,1.7,12.2,26.3,65,25.39,960.5,loc_coimbatore,11.0168,76.9558,ECMWF_ERA5_Reanalysis
2021-05-06,35.6,24.8,29.0,39.2,28.9,32.7,2.7,13.9,41.0,64,22.17,961.5,loc_coimbatore,11.0168,76.9558,ECMWF_ERA5_Reanalysis
2021-05-07,34.8,24.2,28.1,38.1,27.9,31.9,3.8,18.0,38.9,42,21.41,962.2,loc_coimbatore,11.0168,76.9558,ECMWF_ERA5_Reanalysis
2021-05-08,35.3,23.5,29.0,37.5,26.7,32.0,1.2,14.4,32.4,50,22.82,961.4,loc_coimbatore,11.0168,76.9558,ECMWF_ERA5_Reanalysis
2021-05-09,36.2,23.8,28.8,39.7,27.3,32.3,1.6,17.7,38.9,51,24.16,960.3,loc_coimbatore,11.0168,76.9558,ECMWF_ERA5_Reanalysis
2021-05-10,35.1,23.9,28.1,39.3,29.4,32.5,2.7,17.1,38.5,205,20.92,960.2,loc_coimbatore,11.0168,76.9558,ECMWF_ERA5_Reanalysis
2021-05-11,34.6,23.8,27.9,38.7,28.1,31.9,1.0,20.6,41.8,215,21.25,960.2,loc_coimbatore,11.0168,76.9558,ECMWF_ERA5_Reanalysis
2021-05-12,33.1,23.5,27.2,36.3,27.8,30.6,0.1,22.1,42.5,218,16.23,959.4,loc_coimbatore,11.0168,76.9558,ECMWF_ERA5_Reanalysis
2021-05-13,33.0,23.4,27.4,35.7,27.5,30.5,0.0,23.3,46.4,217,17.7,958.7,loc_coimbatore,11.0168,76.9558,ECMWF_ERA5_Reanalysis
2021-05-14,30.5,23.8,26.0,30.8,26.9,28.8,19.3,23.7,56.5,225,12.19,958.1,loc_coimbatore,11.0168,76.9558,ECMWF_ERA5_Reanalysis
2021-05-15,24.3,22.5,23.3,27.6,24.8,26.2,67.6,26.8,55.1,213,5.44,956.7,loc_coimbatore,11.0168,76.9558,ECMWF_ERA5_Reanalysis
2021-05-16,27.4,22.0,23.9,30.7,24.3,26.3,7.8,24.4,48.6,211,15.1,958.3,loc_coimbatore,11.0168,76.9558,ECMWF_ERA5_Reanalysis
2021-05-17,29.1,22.7,25.6,32.9,26.3,29.0,1.8,20.9,43.9,214,20.86,959.9,loc_coimbatore,11.0168,76.9558,ECMWF_ERA5_Reanalysis
2021-05-18,30.1,23.3,26.2,33.9,26.6,29.3,0.2,22.7,45.4,218,23.75,960.4,loc_coimbatore,11.0168,76.9558,ECMWF_ERA5_Reanalysis
2021-05-19,30.4,23.5,26.3,34.2,26.5,29.1,0.1,24.0,48.2,218,23.5,959.8,loc_coimbatore,11.0168,76.9558,ECMWF_ERA5_Reanalysis
2021-05-20,29.9,23.2,26.0,33.0,26.4,29.1,2.4,22.6,46.1,214,20.75,960.3,loc_coimbatore,11.0168,76.9558,ECMWF_ERA5_Reanalysis
2021-05-21,29.0,22.6,25.1,31.7,25.2,27.8,0.3,25.0,52.9,214,17.42,960.7,loc_coimbatore,11.0168,76.9558,ECMWF_ERA5_Reanalysis
2021-05-22,29.3,22.9,25.5,33.1,25.9,28.5,3.2,19.6,41.8,214,16.66,960.3,loc_coimbatore,11.0168,76.9558,ECMWF_ERA5_Reanalysis
2021-05-23,30.8,22.7,26.0,33.8,25.7,29.0,0.6,19.1,37.8,213,16.44,960.3,loc_coimbatore,11.0168,76.9558,ECMWF_ERA5_Reanalysis
2021-05-24,32.1,23.2,27.0,35.0,26.3,29.8,0.0,22.2,46.1,214,23.0,960.5,loc_coimbatore,11.0168,76.9558,ECMWF_ERA5_Reanalysis
2021-05-25,31.0,23.2,26.0,33.8,25.2,28.3,0.0,26.8,52.9,216,23.05,959.4,loc_coimbatore,11.0168,76.9558,ECMWF_ERA5_Reanalysis
2021-05-26,27.8,22.5,24.0,29.3,24.4,26.1,36.7,27.3,54.0,212,13.05,959.2,loc_coimbatore,11.0168,76.9558,ECMWF_ERA5_Reanalysis
2021-05-27,31.1,22.3,26.0,33.7,24.2,28.3,0.0,23.9,47.9,215,23.44,959.5,loc_coimbatore,11.0168,76.9558,ECMWF_ERA5_Reanalysis
2021-05-28,31.2,22.0,26.1,34.8,24.8,29.0,0.0,20.7,45.4,212,24.68,960.4,loc_coimbatore,11.0168,76.9558,ECMWF_ERA5_Reanalysis
2021-05-29,30.4,22.6,25.4,33.9,25.3,28.1,6.8,23.4,47.9,211,19.4,961.2,loc_coimbatore,11.0168,76.9558,ECMWF_ERA5_Reanalysis
2021-05-30,31.7,22.5,26.4,34.3,25.1,28.7,0.0,25.0,51.5,216,23.8,960.8,loc_coimbatore,11.0168,76.9558,ECMWF_ERA5_Reanalysis
2021-05-31,32.0,22.9,26.4,35.0,25.5,28.8,0.0,25.8,52.6,218,24.76,959.5,loc_coimbatore,11.0168,76.9558,ECMWF_ERA5_Reanalysis
2021-06-01,32.2,23.0,26.5,35.1,25.5,29.2,0.1,23.2,47.9,218,23.47,959.7,loc_coimbatore,11.0168,76.9558,ECMWF_ERA5_Reanalysis
2021-06-02,33.9,22.8,27.2,38.1,26.5,30.6,0.7,23.0,46.4,213,23.21,959.9,loc_coimbatore,11.0168,76.9558,ECMWF_ERA5_Reanalysis
2021-06-03,31.5,23.5,26.9,35.0,27.5,30.7,1.5,18.9,38.9,211,19.7,960.6,loc_coimbatore,11.0168,76.9558,ECMWF_ERA5_Reanalysis
2021-06-04,30.0,23.1,25.9,33.3,26.7,29.4,4.3,17.1,38.2,207,16.95,961.4,loc_coimbatore,11.0168,76.9558,ECMWF_ERA5_Reanalysis
2021-06-05,30.1,22.6,24.9,33.9,25.2,28.2,6.9,21.7,43.9,210,14.16,961.1,loc_coimbatore,11.0168,76.9558,ECMWF_ERA5_Reanalysis
2021-06-06,28.3,22.5,24.5,30.8,26.1,27.9,38.1,18.7,37.4,210,11.55,961.2,loc_coimbatore,11.0168,76.9558,ECMWF_ERA5_Reanalysis
2021-06-07,30.3,22.8,25.9,34.7,26.3,29.5,1.6,17.9,36.7,208,22.25,961.2,loc_coimbatore,11.0168,76.9558,ECMWF_ERA5_Reanalysis
2021-06-08,30.0,22.9,25.7,33.7,26.4,29.1,3.1,20.5,41.4,211,22.71,960.8,loc_coimbatore,11.0168,76.9558,ECMWF_ERA5_Reanalysis
2021-06-09,29.7,22.5,25.6,32.8,25.3,28.2,0.0,26.5,51.5,215,23.61,960.1,loc_coimbatore,11.0168,76.9558,ECMWF_ERA5_Reanalysis
2021-06-10,29.3,22.6,25.0,31.4,25.1,27.2,0.0,23.0,45.7,214,17.1,959.2,loc_coimbatore,11.0168,76.9558,ECMWF_ERA5_Reanalysis
2021-06-11,30.2,22.4,25.4,31.5,24.3,27.2,0.0,26.8,52.9,216,21.54,959.5,loc_coimbatore,11.0168,76.9558,ECMWF_ERA5_Reanalysis
2021-06-12,29.7,22.4,25.0,31.6,23.6,26.9,0.6,28.6,56.9,214,21.35,959.8,loc_coimbatore,11.0168,76.9558,ECMWF_ERA5_Reanalysis
2021-06-13,29.5,21.7,24.1,31.0,23.0,25.8,0.4,24.9,49.3,212,14.29,959.6,loc_coimbatore,11.0168,76.9558,ECMWF_ERA5_Reanalysis
2021-06-14,25.7,20.7,22.8,27.1,21.3,24.2,3.5,23.7,47.9,208,10.55,959.5,loc_coimbatore,11.0168,76.9558,ECMWF_ERA5_Reanalysis
2021-06-15,28.0,21.5,23.9,30.1,23.7,26.1,6.2,26.8,62.3,211,20.08,958.8,loc_coimbatore,11.0168,76.9558,ECMWF_ERA5_Reanalysis
2021-06-16,27.2,21.5,23.8,29.1,23.4,25.7,4.2,25.7,51.8,208,18.45,960.0,loc_coimbatore,11.0168,76.9558,ECMWF_ERA5_Reanalysis
2021-06-17,27.8,21.6,24.1,29.7,23.7,26.2,2.1,26.1,51.8,215,19.1,960.8,loc_coimbatore,11.0168,76.9558,ECMWF_ERA5_Reanalysis
2021-06-18,28.3,21.8,24.4,29.9,24.0,26.5,0.2,25.0,50.0,220,18.96,961.8,loc_coimbatore,11.0168,76.9558,ECMWF_ERA5_Reanalysis
2021-06-19,29.0,21.9,24.6,30.5,24.3,26.6,0.0,26.3,53.6,218,21.61,963.0,loc_coimbatore,11.0168,76.9558,ECMWF_ERA5_Reanalysis
2021-06-20,29.7,21.7,25.1,32.0,23.9,27.4,0.0,24.4,49.7,214,23.2,962.9,loc_coimbatore,11.0168,76.9558,ECMWF_ERA5_Reanalysis
2021-06-21,29.9,21.9,25.3,33.8,24.5,28.1,4.9,20.5,43.2,210,22.88,962.0,loc_coimbatore,11.0168,76.9558,ECMWF_ERA5_Reanalysis
2021-06-22,29.5,22.1,25.1,33.5,24.7,28.4,3.7,16.9,41.8,205,18.92,961.0,loc_coimbatore,11.0168,76.9558,ECMWF_ERA5_Reanalysis
2021-06-23,30.5,22.8,25.4,34.1,25.5,28.5,0.7,19.6,41.8,210,19.89,960.8,loc_coimbatore,11.0168,76.9558,ECMWF_ERA5_Reanalysis
2021-06-24,31.0,21.7,25.3,33.4,23.9,27.5,0.4,22.9,46.1,213,20.87,961.3,loc_coimbatore,11.0168,76.9558,ECMWF_ERA5_Reanalysis
2021-06-25,31.4,22.2,25.8,34.5,25.0,28.2,0.0,24.1,48.2,211,23.29,960.3,loc_coimbatore,11.0168,76.9558,ECMWF_ERA5_Reanalysis
2021-06-26,29.5,22.0,25.1,31.9,24.7,27.4,1.2,21.2,45.4,215,19.7,960.1,loc_coimbatore,11.0168,76.9558,ECMWF_ERA5_Reanalysis
2021-06-27,29.2,22.2,25.1,32.1,24.9,27.7,5.3,17.9,37.4,205,16.73,960.9,loc_coimbatore,11.0168,76.9558,ECMWF_ERA5_Reanalysis
2021-06-28,30.1,22.0,25.4,33.3,24.7,28.2,3.0,23.3,46.8,212,22.12,960.5,loc_coimbatore,11.0168,76.9558,ECMWF_ERA5_Reanalysis
2021-06-29,32.2,22.3,26.3,36.0,25.9,29.6,0.0,19.2,41.4,212,23.72,960.2,loc_coimbatore,11.0168,76.9558,ECMWF_ERA5_Reanalysis
2021-06-30,33.1,22.6,27.0,36.6,26.6,30.2,0.0,20.0,41.4,211,24.07,960.0,loc_coimbatore,11.0168,76.9558,ECMWF_ERA5_Reanalysis
2021-07-01,31.0,23.2,25.9,34.5,25.6,29.0,2.1,25.0,50.4,214,19.21,959.3,loc_coimbatore,11.0168,76.9558,ECMWF_ERA5_Reanalysis
2021-07-02,31.3,22.2,25.9,33.2,24.5,28.2,0.3,21.6,46.1,217,19.43,959.9,loc_coimbatore,11.0168,76.9558,ECMWF_ERA5_Reanalysis
2021-07-03,30.2,22.7,25.7,33.5,25.6,29.0,3.7,17.4,39.2,207,20.1,960.4,loc_coimbatore,11.0168,76.9558,ECMWF_ERA5_Reanalysis
2021-07-04,30.7,22.7,25.5,34.8,26.3,28.9,1.0,18.2,39.2,205,17.68,960.4,loc_coimbatore,11.0168,76.9558,ECMWF_ERA5_Reanalysis
2021-07-05,31.8,22.6,25.8,35.5,25.8,29.1,0.3,17.1,36.0,207,19.13,959.4,loc_coimbatore,11.0168,76.9558,ECMWF_ERA5_Reanalysis
2021-07-06,32.6,22.6,26.6,35.8,26.3,29.9,0.6,16.2,37.4,212,21.95,958.6,loc_coimbatore,11.0168,76.9558,ECMWF_ERA5_Reanalysis
2021-07-07,31.6,22.9,26.2,34.8,26.0,29.3,0.8,20.4,43.6,213,19.09,958.7,loc_coimbatore,11.0168,76.9558,ECMWF_ERA5_Reanalysis
2021-07-08,32.2,22.8,26.5,35.3,25.8,29.5,1.9,20.1,44.3,213,20.43,959.2,loc_coimbatore,11.0168,76.9558,ECMWF_ERA5_Reanalysis
2021-07-09,30.0,22.3,24.4,32.2,23.9,27.2,5.3,22.9,45.0,207,13.9,957.9,loc_coimbatore,11.0168,76.9558,ECMWF_ERA5_Reanalysis
2021-07-10,24.0,21.4,22.7,26.0,22.4,24.4,23.9,24.7,61.9,210,8.24,957.8,loc_coimbatore,11.0168,76.9558,ECMWF_ERA5_Reanalysis
2021-07-11,25.0,21.0,22.4,25.9,21.8,23.9,11.7,25.6,50.4,205,8.49,957.4,loc_coimbatore,11.0168,76.9558,ECMWF_ERA5_Reanalysis
2021-07-12,27.0,21.6,23.5,28.2,23.3,25.4,4.5,23.9,48.6,207,12.52,957.5,loc_coimbatore,11.0168,76.9558,ECMWF_ERA5_Reanalysis
2021-07-13,29.3,21.7,24.3,31.8,23.2,26.3,1.9,25.2,58.0,208,19.16,958.2,loc_coimbatore,11.0168,76.9558,ECMWF_ERA5_Reanalysis
2021-07-14,27.1,21.6,23.8,29.8,23.6,26.1,5.0,21.1,44.3,203,14.43,958.8,loc_coimbatore,11.0168,76.9558,ECMWF_ERA5_Reanalysis
2021-07-15,29.0,21.1,23.8,30.2,22.7,25.8,1.1,22.8,45.4,204,14.63,958.5,loc_coimbatore,11.0168,76.9558,ECMWF_ERA5_Reanalysis
2021-07-16,25.6,21.7,23.3,28.6,23.9,26.5,9.4,17.4,35.6,199,8.6,960.1,loc_coimbatore,11.0168,76.9558,ECMWF_ERA5_Reanalysis
2021-07-17,28.2,22.0,24.4,31.3,24.8,27.5,25.6,16.6,33.8,197,14.97,960.4,loc_coimbatore,11.0168,76.9558,ECMWF_ERA5_Reanalysis
2021-07-18,24.0,21.7,22.5,26.9,24.0,25.1,25.4,20.7,37.1,199,5.76,959.6,loc_coimbatore,11.0168,76.9558,ECMWF_ERA5_Reanalysis
2021-07-19,29.1,21.6,24.4,32.5,22.9,26.5,1.4,23.2,47.9,210,21.05,959.9,loc_coimbatore,11.0168,76.9558,ECMWF_ERA5_Reanalysis
2021-07-20,30.0,21.5,24.8,32.4,22.6,26.6,0.0,26.5,54.0,214,23.54,961.5,loc_coimbatore,11.0168,76.9558,ECMWF_ERA5_Reanalysis
2021-07-21,29.2,22.1,24.6,30.3,23.7,26.1,0.7,25.9,53.6,216,18.67,961.0,loc_coimbatore,11.0168,76.9558,ECMWF_ERA5_Reanalysis
2021-07-22,27.9,22.3,24.3,29.1,23.5,25.5,4.0,29.4,58.7,220,16.17,958.7,loc_coimbatore,11.0168,76.9558,ECMWF_ERA5_Reanalysis
2021-07-23,27.7,21.7,23.8,29.1,22.1,25.1,0.9,27.2,55.8,214,15.66,957.9,loc_coimbatore,11.0168,76.9558,ECMWF_ERA5_Reanalysis
2021-07-24,28.8,21.7,24.4,30.7,23.0,26.2,0.5,26.0,52.9,213,19.31,959.2,loc_coimbatore,11.0168,76.9558,ECMWF_ERA5_Reanalysis
2021-07-25,29.3,22.1,24.6,31.7,24.1,26.5,0.5,27.2,54.7,216,19.74,960.3,loc_coimbatore,11.0168,76.9558,ECMWF_ERA5_Reanalysis
2021-07-26,27.4,21.5,24.1,29.9,23.0,26.4,0.8,21.6,45.0,210,13.44,960.7,loc_coimbatore,11.0168,76.9558,ECMWF_ERA5_Reanalysis
2021-07-27,28.9,21.9,24.5,30.8,24.2,26.4,0.0,28.8,56.9,214,19.62,960.3,loc_coimbatore,11.0168,76.9558,ECMWF_ERA5_Reanalysis
2021-07-28,30.1,21.9,24.9,32.4,23.7,26.7,0.0,26.8,52.9,214,22.15,960.8,loc_coimbatore,11.0168,76.9558,ECMWF_ERA5_Reanalysis
2021-07-29,30.3,21.8,25.1,32.0,23.8,26.9,0.0,25.0,51.5,216,22.46,961.4,loc_coimbatore,11.0168,76.9558,ECMWF_ERA5_Reanalysis
2021-07-30,30.5,21.8,25.1,32.8,24.2,27.2,0.0,23.7,49.3,214,22.15,962.2,loc_coimbatore,11.0168,76.9558,ECMWF_ERA5_Reanalysis
2021-07-31,31.3,22.0,25.6,33.7,24.1,28.0,0.4,22.1,47.5,211,23.87,962.5,loc_coimbatore,11.0168,76.9558,ECMWF_ERA5_Reanalysis
2021-08-01,31.3,21.7,25.8,33.6,24.1,27.6,0.0,24.4,51.1,216,23.68,961.6,loc_coimbatore,11.0168,76.9558,ECMWF_ERA5_Reanalysis
2021-08-02,30.7,21.6,25.1,32.2,23.8,26.7,0.0,27.5,55.8,215,23.84,961.6,loc_coimbatore,11.0168,76.9558,ECMWF_ERA5_Reanalysis
2021-08-03,31.2,22.0,25.5,33.2,23.6,27.3,0.3,23.5,50.0,215,23.21,962.8,loc_coimbatore,11.0168,76.9558,ECMWF_ERA5_Reanalysis
2021-08-04,30.8,21.8,25.4,33.0,23.9,27.5,0.6,24.6,50.8,211,20.64,963.2,loc_coimbatore,11.0168,76.9558,ECMWF_ERA5_Reanalysis
2021-08-05,31.0,22.4,25.5,33.2,24.5,27.5,0.1,28.0,56.2,215,22.13,961.5,loc_coimbatore,11.0168,76.9558,ECMWF_ERA5_Reanalysis
2021-08-06,31.5,22.2,25.6,34.1,24.1,27.8,3.7,25.4,51.1,212,22.22,960.3,loc_coimbatore,11.0168,76.9558,ECMWF_ERA5_Reanalysis
2021-08-07,30.4,21.6,25.0,34.0,23.7,27.6,8.3,20.9,43.2,210,21.9,960.8,loc_coimbatore,11.0168,76.9558,ECMWF_ERA5_Reanalysis
2021-08-08,29.6,22.3,25.0,32.6,25.3,27.8,2.5,20.5,41.4,211,18.6,961.2,loc_coimbatore,11.0168,76.9558,ECMWF_ERA5_Reanalysis
2021-08-09,30.5,22.2,25.4,34.2,25.1,28.0,3.7,22.6,45.4,212,20.39,961.7,loc_coimbatore,11.0168,76.9558,ECMWF_ERA5_Reanalysis
2021-08-10,30.5,21.8,25.5,33.8,23.8,28.0,2.5,20.4,43.6,210,19.75,961.4,loc_coimbatore,11.0168,76.9558,ECMWF_ERA5_Reanalysis
2021-08-11,30.2,22.5,25.2,33.8,25.4,28.2,8.1,19.3,38.5,207,18.04,961.4,loc_coimbatore,11.0168,76.9558,ECMWF_ERA5_Reanalysis
2021-08-12,29.9,22.1,24.9,33.2,24.3,27.6,16.4,19.5,40.3,208,17.77,962.1,loc_coimbatore,11.0168,76.9558,ECMWF_ERA5_Reanalysis
2021-08-13,30.9,22.2,24.9,34.4,25.1,27.7,7.6,20.2,42.5,207,19.36,960.9,loc_coimbatore,11.0168,76.9558,ECMWF_ERA5_Reanalysis
2021-08-14,30.4,21.9,24.9,33.6,24.6,27.5,3.2,20.5,42.5,212,21.74,959.7,loc_coimbatore,11.0168,76.9558,ECMWF_ERA5_Reanalysis
2021-08-15,30.8,21.9,25.2,33.4,24.5,27.6,0.1,21.7,44.6,210,20.34,960.0,loc_coimbatore,11.0168,76.9558,ECMWF_ERA5_Reanalysis
2021-08-16,29.9,22.2,24.9,33.4,24.7,27.5,2.1,19.6,40.0,211,16.37,960.9,loc_coimbatore,11.0168,76.9558,ECMWF_ERA5_Reanalysis
2021-08-17,30.2,22.2,25.1,33.6,25.1,27.7,1.1,24.3,49.0,213,19.93,961.2,loc_coimbatore,11.0168,76.9558,ECMWF_ERA5_Reanalysis
2021-08-18,27.4,21.8,23.7,29.5,24.2,25.8,23.1,24.1,46.4,212,12.07,960.4,loc_coimbatore,11.0168,76.9558,ECMWF_ERA5_Reanalysis
2021-08-19,27.6,21.6,23.5,29.3,23.5,25.8,2.2,21.4,42.5,208,10.64,959.7,loc_coimbatore,11.0168,76.9558,ECMWF_ERA5_Reanalysis
2021-08-20,30.0,22.1,25.2,33.1,24.6,28.4,0.4,17.2,35.6,207,18.38,959.9,loc_coimbatore,11.0168,76.9558,ECMWF_ERA5_Reanalysis
2021-08-21,27.5,22.5,24.1,32.0,25.7,28.1,3.7,15.2,32.8,202,15.17,961.4,loc_coimbatore,11.0168,76.9558,ECMWF_ERA5_Reanalysis
2021-08-22,29.3,22.2,24.7,33.7,26.4,28.8,1.4,11.4,25.2,209,17.01,961.2,loc_coimbatore,11.0168,76.9558,ECMWF_ERA5_Reanalysis
2021-08-23,28.4,22.2,24.4,31.7,25.6,27.9,2.6,16.6,35.6,212,17.04,961.1,loc_coimbatore,11.0168,76.9558,ECMWF_ERA5_Reanalysis
2021-08-24,30.4,21.7,25.5,33.8,25.0,28.3,0.2,20.2,41.4,219,22.61,961.0,loc_coimbatore,11.0168,76.9558,ECMWF_ERA5_Reanalysis
2021-08-25,30.5,22.1,25.6,34.0,24.7,28.0,0.1,23.9,49.7,220,24.22,960.2,loc_coimbatore,11.0168,76.9558,ECMWF_ERA5_Reanalysis
2021-08-26,30.5,22.1,25.4,33.5,24.6,27.7,0.0,25.5,51.5,222,23.74,958.8,loc_coimbatore,11.0168,76.9558,ECMWF_ERA5_Reanalysis
2021-08-27,28.8,22.1,24.1,31.2,24.1,26.2,15.6,26.5,54.0,215,15.09,958.5,loc_coimbatore,11.0168,76.9558,ECMWF_ERA5_Reanalysis
2021-08-28,25.1,21.6,22.7,27.5,23.5,25.1,23.6,24.0,44.6,209,6.82,957.6,loc_coimbatore,11.0168,76.9558,ECMWF_ERA5_Reanalysis
2021-08-29,24.1,21.0,21.9,25.7,22.6,23.8,50.6,23.4,46.8,201,7.07,957.3,loc_coimbatore,11.0168,76.9558,ECMWF_ERA5_Reanalysis
2021-08-30,26.8,20.2,22.7,29.0,21.3,24.4,4.7,24.9,50.4,207,12.51,958.4,loc_coimbatore,11.0168,76.9558,ECMWF_ERA5_Reanalysis
2021-08-31,28.4,21.7,24.4,31.3,24.0,27.3,3.3,20.6,41.0,206,17.58,959.2,loc_coimbatore,11.0168,76.9558,ECMWF_ERA5_Reanalysis
2021-09-01,28.9,22.4,24.8,33.0,25.5,27.9,2.7,20.6,40.7,208,20.83,960.4,loc_coimbatore,11.0168,76.9558,ECMWF_ERA5_Reanalysis
2021-09-02,28.6,22.2,24.4,32.9,25.1,27.6,21.2,18.3,36.7,205,19.04,960.1,loc_coimbatore,11.0168,76.9558,ECMWF_ERA5_Reanalysis
2021-09-03,24.1,22.1,22.9,27.7,25.3,26.3,31.0,15.1,29.5,200,6.28,959.6,loc_coimbatore,11.0168,76.9558,ECMWF_ERA5_Reanalysis
2021-09-04,28.0,21.7,23.8,30.6,24.3,26.5,5.1,22.7,46.8,211,16.05,959.9,loc_coimbatore,11.0168,76.9558,ECMWF_ERA5_Reanalysis
2021-09-05,27.9,21.6,23.3,30.1,24.0,25.8,32.7,23.7,50.4,208,11.87,959.8,loc_coimbatore,11.0168,76.9558,ECMWF_ERA5_Reanalysis
2021-09-06,27.2,21.3,23.2,28.7,22.8,24.9,2.5,27.3,53.6,210,12.44,959.8,loc_coimbatore,11.0168,76.9558,ECMWF_ERA5_Reanalysis
2021-09-07,28.2,20.8,23.6,30.3,22.5,25.4,7.6,27.5,55.8,211,21.32,960.1,loc_coimbatore,11.0168,76.9558,ECMWF_ERA5_Reanalysis
2021-09-08,28.3,21.1,24.1,30.9,23.2,26.0,0.3,26.8,53.6,214,22.64,961.1,loc_coimbatore,11.0168,76.9558,ECMWF_ERA5_Reanalysis
2021-09-09,29.9,21.5,25.0,33.9,24.3,28.0,0.7,21.8,45.7,209,23.69,961.8,loc_coimbatore,11.0168,76.9558,ECMWF_ERA5_Reanalysis
2021-09-10,30.4,22.2,25.3,34.4,25.1,28.3,1.1,20.0,41.8,211,22.04,961.4,loc_coimbatore,11.0168,76.9558,ECMWF_ERA5_Reanalysis
2021-09-11,28.7,22.3,24.6,30.7,24.4,26.7,0.0,27.2,53.3,215,19.52,960.6,loc_coimbatore,11.0168,76.9558,ECMWF_ERA5_Reanalysis
2021-09-12,28.0,21.8,23.9,29.8,23.5,25.5,1.8,28.3,58.7,215,15.58,959.5,loc_coimbatore,11.0168,76.9558,ECMWF_ERA5_Reanalysis
2021-09-13,28.9,21.9,24.4,30.4,23.3,26.1,0.6,28.1,56.2,217,18.86,958.9,loc_coimbatore,11.0168,76.9558,ECMWF_ERA5_Reanalysis
2021-09-14,30.1,22.3,25.2,32.9,24.7,27.6,0.1,27.5,54.7,210,21.95,959.3,loc_coimbatore,11.0168,76.9558,ECMWF_ERA5_Reanalysis
2021-09-15,30.0,22.2,25.2,33.4,24.7,27.8,0.3,25.2,50.8,214,22.5,960.1,loc_coimbatore,11.0168,76.9558,ECMWF_ERA5_Reanalysis
2021-09-16,30.0,22.2,25.3,33.6,24.6,28.2,1.3,20.4,43.6,214,21.06,960.0,loc_coimbatore,11.0168,76.9558,ECMWF_ERA5_Reanalysis
2021-09-17,31.9,22.7,26.1,35.4,25.9,29.5,0.1,18.1,39.6,207,22.05,959.7,loc_coimbatore,11.0168,76.9558,ECMWF_ERA5_Reanalysis
2021-09-18,30.6,22.5,25.7,33.8,26.2,29.2,0.2,15.1,33.5,207,17.84,960.9,loc_coimbatore,11.0168,76.9558,ECMWF_ERA5_Reanalysis
2021-09-19,31.1,23.3,26.4,35.9,27.7,30.5,4.3,17.4,33.5,214,20.4,962.0,loc_coimbatore,11.0168,76.9558,ECMWF_ERA5_Reanalysis
2021-09-20,30.2,22.5,25.5,34.4,26.8,29.4,11.8,12.6,29.2,216,19.73,961.7,loc_coimbatore,11.0168,76.9558,ECMWF_ERA5_Reanalysis
2021-09-21,31.6,22.4,25.9,34.8,25.6,29.0,0.2,21.1,42.8,215,23.46,960.8,loc_coimbatore,11.0168,76.9558,ECMWF_ERA5_Reanalysis
2021-09-22,30.5,22.3,25.6,34.9,24.9,28.9,4.5,16.5,34.2,207,21.53,959.4,loc_coimbatore,11.0168,76.9558,ECMWF_ERA5_Reanalysis
2021-09-23,28.9,22.7,25.3,33.4,26.0,28.7,14.4,18.0,36.7,208,19.9,959.5,loc_coimbatore,11.0168,76.9558,ECMWF_ERA5_Reanalysis
2021-09-24,30.0,22.5,25.4,34.0,26.1,28.9,2.6,16.6,35.6,206,20.67,960.2,loc_coimbatore,11.0168,76.9558,ECMWF_ERA5_Reanalysis
2021-09-25,30.4,22.7,25.4,34.8,26.0,28.9,7.7,19.3,41.0,208,21.01,959.9,loc_coimbatore,11.0168,76.9558,ECMWF_ERA5_Reanalysis
2021-09-26,30.1,22.5,25.0,33.1,25.3,27.9,1.7,21.2,44.6,206,17.31,958.2,loc_coimbatore,11.0168,76.9558,ECMWF_ERA5_Reanalysis
2021-09-27,26.9,22.1,23.4,27.8,23.8,25.4,16.7,26.8,52.9,211,12.2,957.4,loc_coimbatore,11.0168,76.9558,ECMWF_ERA5_Reanalysis
2021-09-28,28.5,21.6,24.0,30.6,23.5,25.9,0.4,27.2,55.1,217,19.78,959.4,loc_coimbatore,11.0168,76.9558,ECMWF_ERA5_Reanalysis
2021-09-29,29.6,21.5,24.9,33.3,23.8,27.8,3.4,19.4,40.0,211,21.96,960.6,loc_coimbatore,11.0168,76.9558,ECMWF_ERA5_Reanalysis
2021-09-30,29.3,22.1,25.0,34.4,25.5,28.7,3.9,16.0,32.8,206,20.97,961.3,loc_coimbatore,11.0168,76.9558,ECMWF_ERA5_Reanalysis
2021-10-01,30.5,22.4,25.2,37.2,26.5,30.0,18.3,10.2,33.5,190,19.19,960.7,loc_coimbatore,11.0168,76.9558,ECMWF_ERA5_Reanalysis
2021-10-02,29.7,22.5,25.2,34.7,26.5,29.6,11.3,12.0,25.2,78,17.42,960.2,loc_coimbatore,11.0168,76.9558,ECMWF_ERA5_Reanalysis
2021-10-03,29.5,22.5,25.2,35.4,25.8,29.7,6.8,12.9,29.5,209,18.62,960.1,loc_coimbatore,11.0168,76.9558,ECMWF_ERA5_Reanalysis
2021-10-04,30.5,22.3,25.4,37.1,26.4,30.3,18.5,11.5,26.6,174,21.29,959.6,loc_coimbatore,11.0168,76.9558,ECMWF_ERA5_Reanalysis
2021-10-05,30.1,22.0,24.9,36.9,26.4,29.6,16.6,12.0,29.9,206,19.73,959.4,loc_coimbatore,11.0168,76.9558,ECMWF_ERA5_Reanalysis
2021-10-06,26.3,22.3,23.7,29.7,25.7,27.4,6.2,16.3,33.1,202,10.34,958.6,loc_coimbatore,11.0168,76.9558,ECMWF_ERA5_Reanalysis
2021-10-07,29.5,22.0,25.5,33.0,25.7,29.0,0.2,18.8,37.1,220,19.51,959.1,loc_coimbatore,11.0168,76.9558,ECMWF_ERA5_Reanalysis
2021-10-08,29.4,23.2,25.5,32.5,26.2,28.4,0.4,21.0,44.6,218,19.68,960.2,loc_coimbatore,11.0168,76.9558,ECMWF_ERA5_Reanalysis
2021-10-09,26.9,22.0,23.7,29.4,24.8,26.6,2.2,20.0,41.0,210,8.35,961.5,loc_coimbatore,11.0168,76.9558,ECMWF_ERA5_Reanalysis
2021-10-10,29.4,21.6,24.6,33.1,24.2,27.9,6.3,19.3,41.0,209,17.79,961.0,loc_coimbatore,11.0168,76.9558,ECMWF_ERA5_Reanalysis
2021-10-11,28.0,22.0,23.9,31.3,25.1,27.0,7.1,21.0,41.0,204,13.41,959.8,loc_coimbatore,11.0168,76.9558,ECMWF_ERA5_Reanalysis
2021-10-12,24.6,21.7,22.7,27.5,24.2,25.5,43.7,20.4,45.0,209,6.94,959.4,loc_coimbatore,11.0168,76.9558,ECMWF_ERA5_Reanalysis
2021-10-13,29.2,21.3,24.4,32.4,23.0,26.8,0.3,22.4,44.6,212,19.67,958.9,loc_coimbatore,11.0168,76.9558,ECMWF_ERA5_Reanalysis
2021-10-14,29.6,21.8,25.1,32.7,24.0,27.9,0.0,22.9,45.7,214,21.8,958.3,loc_coimbatore,11.0168,76.9558,ECMWF_ERA5_Reanalysis
2021-10-15,30.4,22.2,25.8,34.0,26.2,29.4,0.0,22.1,43.9,221,21.86,955.9,loc_coimbatore,11.0168,76.9558,ECMWF_ERA5_Reanalysis
2021-10-16,29.5,23.3,25.3,35.4,26.9,29.4,22.5,18.7,38.5,235,16.33,955.3,loc_coimbatore,11.0168,76.9558,ECMWF_ERA5_Reanalysis
2021-10-17,26.7,22.1,23.8,29.7,24.7,26.7,25.5,19.7,38.9,211,12.82,957.9,loc_coimbatore,11.0168,76.9558,ECMWF_ERA5_Reanalysis
2021-10-18,28.2,21.7,24.3,30.7,24.0,27.0,4.6,20.7,41.8,211,16.87,960.4,loc_coimbatore,11.0168,76.9558,ECMWF_ERA5_Reanalysis
2021-10-19,29.4,22.0,25.1,34.0,25.1,28.9,0.1,13.2,27.0,207,18.8,962.4,loc_coimbatore,11.0168,76.9558,ECMWF_ERA5_Reanalysis
2021-10-20,30.1,22.3,24.9,35.8,26.6,29.5,11.7,8.4,20.2,236,16.05,963.8,loc_coimbatore,11.0168,76.9558,ECMWF_ERA5_Reanalysis
2021-10-21,30.4,22.1,24.9,35.7,25.4,29.2,15.1,12.6,28.1,31,18.06,963.8,loc_coimbatore,11.0168,76.9558,ECMWF_ERA5_Reanalysis
2021-10-22,29.7,21.6,25.1,35.1,24.0,28.9,20.0,14.8,32.4,28,18.48,964.2,loc_coimbatore,11.0168,76.9558,ECMWF_ERA5_Reanalysis
2021-10-23,28.9,21.8,24.4,35.3,24.2,28.3,24.1,14.6,29.5,298,17.79,964.9,loc_coimbatore,11.0168,76.9558,ECMWF_ERA5_Reanalysis
2021-10-24,28.1,21.0,24.2,33.2,24.4,28.3,3.8,13.7,31.0,206,20.91,964.6,loc_coimbatore,11.0168,76.9558,ECMWF_ERA5_Reanalysis
2021-10-25,30.2,21.5,25.1,34.8,25.2,28.9,0.5,10.9,24.5,66,18.99,963.1,loc_coimbatore,11.0168,76.9558,ECMWF_ERA5_Reanalysis
2021-10-26,29.5,21.8,24.9,33.5,24.7,28.7,1.7,10.3,23.0,39,19.44,962.3,loc_coimbatore,11.0168,76.9558,ECMWF_ERA5_Reanalysis
2021-10-27,30.1,21.3,24.7,34.3,23.7,28.2,18.1,14.6,32.0,41,21.13,962.5,loc_coimbatore,11.0168,76.9558,ECMWF_ERA5_Reanalysis
2021-10-28,30.4,20.8,25.4,34.0,23.7,28.7,0.3,13.6,29.2,59,21.92,962.3,loc_coimbatore,11.0168,76.9558,ECMWF_ERA5_Reanalysis
2021-10-29,29.6,22.2,25.2,33.1,25.2,28.2,3.9,12.1,28.8,52,14.93,962.8,loc_coimbatore,11.0168,76.9558,ECMWF_ERA5_Reanalysis
2021-10-30,27.8,21.7,24.3,30.9,24.4,27.6,9.0,14.4,32.0,44,12.72,963.9,loc_coimbatore,11.0168,76.9558,ECMWF_ERA5_Reanalysis
2021-10-31,28.8,22.2,24.3,32.5,26.0,28.1,14.0,12.8,31.3,46,12.06,963.4,loc_coimbatore,11.0168,76.9558,ECMWF_ERA5_Reanalysis
2021-11-01,26.9,21.5,23.4,29.7,24.9,27.1,31.0,14.3,32.8,50,12.01,962.4,loc_coimbatore,11.0168,76.9558,ECMWF_ERA5_Reanalysis
2021-11-02,27.9,21.5,23.4,31.5,23.4,26.3,30.2,18.4,34.6,34,11.42,962.0,loc_coimbatore,11.0168,76.9558,ECMWF_ERA5_Reanalysis
2021-11-03,27.2,21.3,23.6,30.3,23.8,26.6,7.9,14.9,28.8,25,10.89,962.4,loc_coimbatore,11.0168,76.9558,ECMWF_ERA5_Reanalysis
2021-11-04,27.4,21.2,23.7,30.8,24.5,27.3,19.3,12.2,24.8,36,11.15,962.4,loc_coimbatore,11.0168,76.9558,ECMWF_ERA5_Reanalysis
2021-11-05,27.3,21.3,23.3,32.2,24.6,27.3,11.9,12.3,24.8,257,11.42,962.3,loc_coimbatore,11.0168,76.9558,ECMWF_ERA5_Reanalysis
2021-11-06,28.4,21.4,23.8,34.2,25.2,28.1,44.0,13.4,31.0,198,18.87,961.2,loc_coimbatore,11.0168,76.9558,ECMWF_ERA5_Reanalysis
2021-11-07,26.5,21.7,23.4,30.1,25.2,27.4,20.0,12.7,27.4,204,11.79,961.2,loc_coimbatore,11.0168,76.9558,ECMWF_ERA5_Reanalysis
2021-11-08,25.0,21.4,23.0,28.9,25.6,27.1,19.7,10.8,24.5,84,7.98,962.1,loc_coimbatore,11.0168,76.9558,ECMWF_ERA5_Reanalysis
2021-11-09,24.9,19.5,22.1,27.4,21.3,25.1,20.3,11.9,26.3,108,7.88,962.3,loc_coimbatore,11.0168,76.9558,ECMWF_ERA5_Reanalysis
2021-11-10,23.0,19.8,21.3,26.5,22.6,24.7,16.8,7.4,15.1,98,5.66,961.4,loc_coimbatore,11.0168,76.9558,ECMWF_ERA5_Reanalysis
2021-11-11,24.9,20.5,22.6,28.4,23.1,25.9,5.3,10.7,23.4,201,10.59,958.8,loc_coimbatore,11.0168,76.9558,ECMWF_ERA5_Reanalysis
2021-11-12,25.4,21.8,22.9,28.7,25.0,26.3,7.6,11.9,27.0,192,9.0,958.8,loc_coimbatore,11.0168,76.9558,ECMWF_ERA5_Reanalysis
2021-11-13,26.3,21.6,23.1,30.1,24.7,26.6,3.5,20.0,38.5,209,13.19,960.0,loc_coimbatore,11.0168,76.9558,ECMWF_ERA5_Reanalysis
2021-11-14,24.7,21.3,22.8,28.0,24.7,26.2,20.8,15.5,31.3,212,7.62,960.1,loc_coimbatore,11.0168,76.9558,ECMWF_ERA5_Reanalysis
2021-11-15,26.6,21.3,22.9,29.1,24.5,26.3,21.6,20.9,40.7,218,12.07,959.1,loc_coimbatore,11.0168,76.9558,ECMWF_ERA5_Reanalysis
2021-11-16,27.8,21.3,23.4,32.5,25.0,27.2,5.9,15.5,32.8,206,14.17,959.3,loc_coimbatore,11.0168,76.9558,ECMWF_ERA5_Reanalysis
2021-11-17,27.9,21.4,23.9,33.4,25.3,28.4,15.4,14.7,29.9,266,16.36,960.9,loc_coimbatore,11.0168,76.9558,ECMWF_ERA5_Reanalysis
2021-11-18,24.6,21.8,22.9,28.6,25.2,26.8,3.4,11.8,24.8,200,7.46,959.6,loc_coimbatore,11.0168,76.9558,ECMWF_ERA5_Reanalysis
2021-11-19,28.0,21.5,23.8,31.9,23.9,26.8,3.5,21.6,42.8,205,18.52,956.8,loc_coimbatore,11.0168,76.9558,ECMWF_ERA5_Reanalysis
2021-11-20,26.4,21.1,23.4,28.1,23.5,25.7,0.1,21.9,42.5,211,13.39,958.3,loc_coimbatore,11.0168,76.9558,ECMWF_ERA5_Reanalysis
2021-11-21,28.0,20.3,24.0,32.0,23.5,27.2,0.0,13.0,23.4,219,18.98,961.2,loc_coimbatore,11.0168,76.9558,ECMWF_ERA5_Reanalysis
2021-11-22,29.3,20.6,24.7,34.8,23.4,28.8,3.0,9.3,22.3,108,20.22,962.4,loc_coimbatore,11.0168,76.9558,ECMWF_ERA5_Reanalysis
2021-11-23,29.0,22.0,24.4,33.9,25.0,28.3,8.3,11.5,26.6,36,17.59,962.1,loc_coimbatore,11.0168,76.9558,ECMWF_ERA5_Reanalysis
2021-11-24,28.5,21.1,24.3,32.2,24.4,27.5,0.5,14.0,27.4,52,19.26,962.2,loc_coimbatore,11.0168,76.9558,ECMWF_ERA5_Reanalysis
2021-11-25,27.7,20.8,23.6,29.9,23.6,26.4,14.0,19.5,38.5,46,14.59,961.9,loc_coimbatore,11.0168,76.9558,ECMWF_ERA5_Reanalysis
2021-11-26,26.7,21.7,23.2,29.4,24.4,26.2,11.3,16.4,35.3,43,6.68,962.4,loc_coimbatore,11.0168,76.9558,ECMWF_ERA5_Reanalysis
2021-11-27,25.7,21.6,23.3,27.2,24.4,25.9,4.1,18.8,36.0,50,11.04,962.4,loc_coimbatore,11.0168,76.9558,ECMWF_ERA5_Reanalysis
2021-11-28,25.4,21.6,22.9,27.8,23.8,25.6,18.2,16.2,32.8,34,9.15,962.4,loc_coimbatore,11.0168,76.9558,ECMWF_ERA5_Reanalysis
2021-11-29,26.4,21.1,22.8,29.3,23.3,25.0,14.0,18.3,38.9,26,11.47,963.3,loc_coimbatore,11.0168,76.9558,ECMWF_ERA5_Reanalysis
2021-11-30,24.4,21.5,22.8,27.0,23.5,25.1,10.6,16.2,34.9,21,8.2,963.6,loc_coimbatore,11.0168,76.9558,ECMWF_ERA5_Reanalysis
2021-12-01,28.0,21.4,24.1,31.6,23.9,26.9,6.2,13.8,27.7,34,16.79,963.4,loc_coimbatore,11.0168,76.9558,ECMWF_ERA5_Reanalysis
2021-12-02,28.0,21.0,24.2,31.6,24.0,27.7,18.2,8.5,20.9,31,16.65,963.2,loc_coimbatore,11.0168,76.9558,ECMWF_ERA5_Reanalysis
2021-12-03,27.9,22.1,24.0,33.4,25.5,28.0,2.3,8.4,18.4,111,14.93,963.6,loc_coimbatore,11.0168,76.9558,ECMWF_ERA5_Reanalysis
2021-12-04,26.3,21.2,23.2,31.1,25.0,27.2,2.5,11.4,23.8,202,13.05,963.9,loc_coimbatore,11.0168,76.9558,ECMWF_ERA5_Reanalysis
2021-12-05,28.7,21.6,24.2,35.0,25.7,28.8,2.2,7.1,20.5,188,17.97,963.7,loc_coimbatore,11.0168,76.9558,ECMWF_ERA5_Reanalysis
2021-12-06,27.3,21.8,24.0,31.3,26.0,27.9,2.0,9.7,25.6,49,13.36,963.5,loc_coimbatore,11.0168,76.9558,ECMWF_ERA5_Reanalysis
2021-12-07,28.8,21.5,24.5,32.5,24.1,28.0,2.0,10.5,25.6,29,17.04,963.7,loc_coimbatore,11.0168,76.9558,ECMWF_ERA5_Reanalysis
2021-12-08,28.9,21.8,24.6,31.7,23.8,27.3,0.3,14.2,28.8,34,19.37,963.8,loc_coimbatore,11.0168,76.9558,ECMWF_ERA5_Reanalysis
2021-12-09,28.8,22.1,24.5,31.7,24.6,27.2,1.7,14.8,32.8,47,17.69,965.0,loc_coimbatore,11.0168,76.9558,ECMWF_ERA5_Reanalysis
2021-12-10,28.1,21.4,24.0,30.8,24.2,26.5,1.2,17.1,34.6,44,19.05,965.7,loc_coimbatore,11.0168,76.9558,ECMWF_ERA5_Reanalysis
2021-12-11,27.6,20.8,23.6,30.3,23.2,26.0,2.1,17.9,33.8,33,17.48,965.1,loc_coimbatore,11.0168,76.9558,ECMWF_ERA5_Reanalysis
2021-12-12,27.7,21.0,23.9,30.1,23.4,26.0,2.0,19.9,39.6,33,17.51,965.3,loc_coimbatore,11.0168,76.9558,ECMWF_ERA5_Reanalysis
2021-12-13,27.2,20.9,23.6,29.8,23.0,25.9,2.0,18.2,35.6,34,17.02,964.3,loc_coimbatore,11.0168,76.9558,ECMWF_ERA5_Reanalysis
2021-12-14,27.8,21.0,23.4,30.4,23.4,25.8,2.7,19.1,38.5,39,16.97,964.0,loc_coimbatore,11.0168,76.9558,ECMWF_ERA5_Reanalysis
2021-12-15,26.9,20.6,23.4,28.0,22.7,25.3,0.0,17.1,33.5,39,15.4,964.5,loc_coimbatore,11.0168,76.9558,ECMWF_ERA5_Reanalysis
2021-12-16,27.4,20.3,23.4,29.0,22.1,25.1,0.0,15.8,31.3,48,16.22,965.3,loc_coimbatore,11.0168,76.9558,ECMWF_ERA5_Reanalysis
2021-12-17,28.1,20.3,23.6,29.9,22.5,25.5,0.0,14.3,29.5,50,18.65,965.7,loc_coimbatore,11.0168,76.9558,ECMWF_ERA5_Reanalysis
2021-12-18,27.8,19.3,23.1,29.4,21.3,24.8,0.0,14.2,30.2,52,21.13,965.1,loc_coimbatore,11.0168,76.9558,ECMWF_ERA5_Reanalysis
2021-12-19,27.1,19.4,22.9,28.6,21.3,24.2,0.0,15.4,31.3,53,19.16,966.1,loc_coimbatore,11.0168,76.9558,ECMWF_ERA5_Reanalysis
2021-12-20,26.9,18.3,21.9,27.9,19.2,22.7,0.0,15.9,33.1,50,21.37,966.2,loc_coimbatore,11.0168,76.9558,ECMWF_ERA5_Reanalysis
2021-12-21,27.7,18.7,22.6,29.7,19.5,23.9,0.0,10.4,24.8,38,19.41,966.3,loc_coimbatore,11.0168,76.9558,ECMWF_ERA5_Reanalysis
2021-12-22,28.0,17.7,22.3,29.6,18.4,23.6,0.2,12.3,27.0,53,17.73,965.0,loc_coimbatore,11.0168,76.9558,ECMWF_ERA5_Reanalysis
2021-12-23,28.5,18.1,22.7,30.6,19.0,23.9,0.0,11.8,27.0,46,20.62,964.5,loc_coimbatore,11.0168,76.9558,ECMWF_ERA5_Reanalysis
2021-12-24,28.8,18.3,22.6,30.8,19.3,23.7,0.0,11.9,26.6,49,21.39,964.7,loc_coimbatore,11.0168,76.9558,ECMWF_ERA5_Reanalysis
2021-12-25,29.5,17.5,22.9,31.3,17.9,23.9,0.0,13.2,26.6,48,21.47,965.1,loc_coimbatore,11.0168,76.9558,ECMWF_ERA5_Reanalysis
2021-12-26,29.2,18.2,23.1,30.9,18.9,24.0,0.0,12.7,27.4,46,21.24,966.1,loc_coimbatore,11.0168,76.9558,ECMWF_ERA5_Reanalysis
2021-12-27,28.5,19.1,23.2,29.7,20.1,23.9,0.2,16.9,32.8,40,19.28,966.6,loc_coimbatore,11.0168,76.9558,ECMWF_ERA5_Reanalysis
2021-12-28,28.8,19.3,23.4,29.8,20.4,24.3,0.0,13.3,29.9,46,19.81,965.8,loc_coimbatore,11.0168,76.9558,ECMWF_ERA5_Reanalysis
2021-12-29,29.5,19.9,24.1,30.8,21.2,25.2,0.2,13.6,30.2,47,19.2,965.0,loc_coimbatore,11.0168,76.9558,ECMWF_ERA5_Reanalysis
2021-12-30,29.6,20.1,24.0,31.0,21.6,25.2,0.6,16.4,34.6,44,17.47,965.9,loc_coimbatore,11.0168,76.9558,ECMWF_ERA5_Reanalysis
2021-12-31,28.5,20.9,23.9,29.2,22.2,25.2,1.3,20.8,41.4,41,14.49,966.6,loc_coimbatore,11.0168,76.9558,ECMWF_ERA5_Reanalysis
2022-01-01,28.0,20.9,23.3,29.3,22.8,24.9,3.2,19.9,39.6,39,13.94,967.1,loc_coimbatore,11.0168,76.9558,ECMWF_ERA5_Reanalysis
2022-01-02,27.7,20.2,23.3,27.8,22.1,24.6,0.0,19.1,37.4,50,12.29,966.1,loc_coimbatore,11.0168,76.9558,ECMWF_ERA5_Reanalysis
2022-01-03,29.3,19.7,23.9,29.5,22.0,25.1,0.0,16.6,34.6,57,18.59,965.7,loc_coimbatore,11.0168,76.9558,ECMWF_ERA5_Reanalysis
2022-01-04,29.3,20.0,23.7,30.3,21.8,25.0,0.0,15.3,33.8,55,18.66,965.8,loc_coimbatore,11.0168,76.9558,ECMWF_ERA5_Reanalysis
2022-01-05,29.3,18.7,23.6,31.1,20.6,25.0,0.0,10.8,24.5,54,18.61,965.8,loc_coimbatore,11.0168,76.9558,ECMWF_ERA5_Reanalysis
2022-01-06,29.6,19.8,23.9,30.4,21.5,25.4,0.0,14.8,33.5,54,18.32,964.8,loc_coimbatore,11.0168,76.9558,ECMWF_ERA5_Reanalysis
2022-01-07,29.9,20.3,24.5,31.4,22.8,26.1,0.1,14.5,30.6,53,17.47,965.1,loc_coimbatore,11.0168,76.9558,ECMWF_ERA5_Reanalysis
2022-01-08,30.0,21.7,25.0,31.1,24.0,26.7,0.0,12.9,27.7,56,15.38,965.6,loc_coimbatore,11.0168,76.9558,ECMWF_ERA5_Reanalysis
2022-01-09,30.1,20.7,24.6,31.3,23.0,26.4,0.2,12.9,27.0,57,15.56,964.5,loc_coimbatore,11.0168,76.9558,ECMWF_ERA5_Reanalysis
2022-01-10,31.5,19.9,25.0,33.0,22.0,26.4,0.0,12.4,26.6,47,20.13,964.2,loc_coimbatore,11.0168,76.9558,ECMWF_ERA5_Reanalysis
2022-01-11,30.9,20.0,25.1,33.1,22.0,26.9,0.0,10.0,26.3,57,19.85,964.2,loc_coimbatore,11.0168,76.9558,ECMWF_ERA5_Reanalysis
2022-01-12,31.1,20.5,25.2,32.9,22.0,27.0,0.2,12.5,27.4,216,18.21,963.8,loc_coimbatore,11.0168,76.9558,ECMWF_ERA5_Reanalysis
2022-01-13,32.3,19.8,25.3,33.3,21.3,26.6,0.0,17.1,35.6,208,21.55,963.2,loc_coimbatore,11.0168,76.9558,ECMWF_ERA5_Reanalysis
2022-01-14,31.8,20.0,25.5,33.5,21.3,27.0,0.0,11.5,22.7,28,19.26,963.1,loc_coimbatore,11.0168,76.9558,ECMWF_ERA5_Reanalysis
2022-01-15,32.1,20.6,25.8,33.8,22.3,27.5,1.1,12.9,25.9,46,19.7,963.5,loc_coimbatore,11.0168,76.9558,ECMWF_ERA5_Reanalysis
2022-01-16,30.3,20.7,25.0,31.5,22.9,26.6,7.3,16.3,34.9,32,18.9,965.0,loc_coimbatore,11.0168,76.9558,ECMWF_ERA5_Reanalysis
2022-01-17,29.7,20.6,24.3,31.3,22.6,25.8,7.9,14.9,33.1,38,19.81,966.6,loc_coimbatore,11.0168,76.9558,ECMWF_ERA5_Reanalysis
2022-01-18,29.2,19.9,23.7,28.5,21.7,24.6,0.1,16.3,34.6,44,17.24,966.0,loc_coimbatore,11.0168,76.9558,ECMWF_ERA5_Reanalysis
2022-01-19,30.0,20.3,24.0,30.8,21.7,25.0,0.0,13.3,30.2,51,20.16,964.6,loc_coimbatore,11.0168,76.9558,ECMWF_ERA5_Reanalysis
2022-01-20,31.4,19.4,24.7,32.4,20.1,25.8,0.0,9.9,24.5,78,22.29,963.3,loc_coimbatore,11.0168,76.9558,ECMWF_ERA5_Reanalysis
2022-01-21,32.7,19.7,25.3,33.5,21.0,26.7,0.0,13.9,27.7,126,21.67,963.3,loc_coimbatore,11.0168,76.9558,ECMWF_ERA5_Reanalysis
2022-01-22,33.3,21.2,25.8,33.8,24.0,27.6,0.0,17.7,40.3,202,21.58,961.9,loc_coimbatore,11.0168,76.9558,ECMWF_ERA5_Reanalysis
2022-01-23,32.1,21.0,25.5,31.5,23.2,26.6,0.0,19.4,38.5,209,21.09,961.8,loc_coimbatore,11.0168,76.9558,ECMWF_ERA5_Reanalysis
2022-01-24,30.6,19.4,25.0,31.7,22.2,25.8,0.0,15.9,29.9,210,20.46,961.2,loc_coimbatore,11.0168,76.9558,ECMWF_ERA5_Reanalysis
2022-01-25,30.8,19.0,24.8,32.9,20.9,26.2,0.0,15.0,27.0,215,21.0,961.4,loc_coimbatore,11.0168,76.9558,ECMWF_ERA5_Reanalysis
2022-01-26,30.4,20.5,24.8,32.6,22.2,26.7,0.0,8.7,19.8,1,17.72,962.1,loc_coimbatore,11.0168,76.9558,ECMWF_ERA5_Reanalysis
2022-01-27,31.2,20.7,25.3,31.7,22.9,26.4,0.0,15.5,33.5,48,19.73,962.2,loc_coimbatore,11.0168,76.9558,ECMWF_ERA5_Reanalysis
2022-01-28,29.8,20.4,24.2,28.7,21.9,25.0,3.5,20.0,40.7,50,16.81,963.7,loc_coimbatore,11.0168,76.9558,ECMWF_ERA5_Reanalysis
2022-01-29,29.2,20.7,24.5,29.2,21.9,25.6,0.0,18.4,37.8,49,13.47,964.8,loc_coimbatore,11.0168,76.9558,ECMWF_ERA5_Reanalysis
2022-01-30,30.4,22.1,25.4,32.2,24.5,27.6,1.4,12.8,29.5,60,16.72,964.3,loc_coimbatore,11.0168,76.9558,ECMWF_ERA5_Reanalysis
2022-01-31,32.0,20.9,25.8,34.5,23.6,27.9,0.1,11.0,27.7,53,19.7,963.3,loc_coimbatore,11.0168,76.9558,ECMWF_ERA5_Reanalysis
2022-02-01,31.4,21.7,25.6,33.1,23.7,27.1,0.0,14.1,31.3,66,19.12,962.9,loc_coimbatore,11.0168,76.9558,ECMWF_ERA5_Reanalysis
2022-02-02,32.2,20.0,25.5,33.5,21.6,27.0,0.0,11.4,27.7,56,22.4,963.5,loc_coimbatore,11.0168,76.9558,ECMWF_ERA5_Reanalysis
2022-02-03,31.8,20.1,25.3,34.5,21.2,26.8,0.0,16.4,32.4,127,23.16,963.3,loc_coimbatore,11.0168,76.9558,ECMWF_ERA5_Reanalysis
2022-02-04,33.2,20.9,25.9,33.3,23.9,27.6,0.0,18.1,38.5,200,22.89,961.8,loc_coimbatore,11.0168,76.9558,ECMWF_ERA5_Reanalysis
2022-02-05,33.0,18.6,25.9,34.9,20.7,27.4,0.0,12.9,25.9,67,23.37,962.0,loc_coimbatore,11.0168,76.9558,ECMWF_ERA5_Reanalysis
2022-02-06,31.0,21.9,25.8,32.5,23.6,27.2,1.0,12.6,28.4,57,20.09,964.7,loc_coimbatore,11.0168,76.9558,ECMWF_ERA5_Reanalysis
2022-02-07,32.5,21.5,25.9,34.0,23.8,27.3,0.0,12.3,26.3,70,19.79,965.2,loc_coimbatore,11.0168,76.9558,ECMWF_ERA5_Reanalysis
2022-02-08,31.7,20.6,25.5,32.8,22.9,26.9,0.0,13.1,32.4,74,21.61,964.1,loc_coimbatore,11.0168,76.9558,ECMWF_ERA5_Reanalysis
2022-02-09,31.3,20.2,25.3,32.4,21.0,25.6,0.0,14.8,33.8,66,21.48,963.9,loc_coimbatore,11.0168,76.9558,ECMWF_ERA5_Reanalysis
2022-02-10,32.1,20.2,25.3,32.8,21.3,25.6,0.0,12.8,29.5,59,23.08,963.5,loc_coimbatore,11.0168,76.9558,ECMWF_ERA5_Reanalysis
2022-02-11,32.3,21.3,25.7,32.2,21.3,25.9,0.0,16.3,36.0,54,22.7,963.1,loc_coimbatore,11.0168,76.9558,ECMWF_ERA5_Reanalysis
2022-02-12,30.9,22.0,25.3,32.0,24.1,26.7,0.0,15.5,35.6,64,16.65,963.0,loc_coimbatore,11.0168,76.9558,ECMWF_ERA5_Reanalysis
2022-02-13,31.6,20.9,25.6,32.3,22.7,26.5,0.0,15.5,34.6,66,19.56,962.2,loc_coimbatore,11.0168,76.9558,ECMWF_ERA5_Reanalysis
2022-02-14,32.0,20.9,25.8,32.9,22.3,26.9,0.0,15.0,32.8,55,20.15,962.0,loc_coimbatore,11.0168,76.9558,ECMWF_ERA5_Reanalysis
2022-02-15,31.2,20.8,25.6,32.4,22.9,26.9,0.0,12.8,31.0,65,19.82,962.3,loc_coimbatore,11.0168,76.9558,ECMWF_ERA5_Reanalysis
2022-02-16,32.1,20.6,26.0,33.9,21.6,27.4,0.3,11.2,29.5,67,21.51,960.7,loc_coimbatore,11.0168,76.9558,ECMWF_ERA5_Reanalysis
2022-02-17,32.4,21.1,26.3,33.5,21.2,26.9,0.0,14.2,33.1,66,22.65,959.6,loc_coimbatore,11.0168,76.9558,ECMWF_ERA5_Reanalysis
2022-02-18,32.3,20.7,26.1,33.3,22.2,26.7,0.0,15.2,33.5,71,23.33,961.3,loc_coimbatore,11.0168,76.9558,ECMWF_ERA5_Reanalysis
2022-02-19,33.0,20.8,26.1,33.2,22.9,27.1,0.0,15.5,33.5,63,23.95,963.1,loc_coimbatore,11.0168,76.9558,ECMWF_ERA5_Reanalysis
2022-02-20,33.6,21.4,26.9,36.0,23.2,28.9,0.0,13.6,25.9,85,24.05,962.9,loc_coimbatore,11.0168,76.9558,ECMWF_ERA5_Reanalysis
2022-02-21,33.9,22.1,27.6,36.3,25.2,30.1,0.0,10.8,25.6,171,22.2,961.7,loc_coimbatore,11.0168,76.9558,ECMWF_ERA5_Reanalysis
2022-02-22,34.5,22.6,27.9,35.7,26.1,29.7,0.1,17.6,33.8,91,22.77,963.0,loc_coimbatore,11.0168,76.9558,ECMWF_ERA5_Reanalysis
2022-02-23,33.7,22.1,27.4,33.7,23.5,27.5,0.0,18.2,36.0,61,24.51,965.3,loc_coimbatore,11.0168,76.9558,ECMWF_ERA5_Reanalysis
2022-02-24,32.4,20.8,26.3,33.0,22.0,26.9,0.0,15.1,32.4,66,24.59,966.4,loc_coimbatore,11.0168,76.9558,ECMWF_ERA5_Reanalysis
2022-02-25,33.2,21.4,26.8,33.7,22.6,27.0,0.0,14.8,31.0,63,24.29,965.4,loc_coimbatore,11.0168,76.9558,ECMWF_ERA5_Reanalysis
2022-02-26,32.4,20.4,25.9,32.8,21.3,26.2,0.0,15.7,33.5,62,23.9,965.3,loc_coimbatore,11.0168,76.9558,ECMWF_ERA5_Reanalysis
2022-02-27,33.5,21.7,27.0,34.4,23.9,28.1,0.1,14.2,32.4,68,23.27,965.2,loc_coimbatore,11.0168,76.9558,ECMWF_ERA5_Reanalysis
2022-02-28,33.1,21.5,26.9,33.7,22.5,27.2,0.0,17.0,32.8,68,25.11,964.9,loc_coimbatore,11.0168,76.9558,ECMWF_ERA5_Reanalysis
2022-03-01,33.7,21.8,27.6,33.5,22.7,26.9,0.0,16.5,33.5,67,24.99,964.9,loc_coimbatore,11.0168,76.9558,ECMWF_ERA5_Reanalysis
2022-03-02,33.9,20.9,27.1,31.7,19.1,24.8,0.0,18.3,39.2,65,25.4,964.3,loc_coimbatore,11.0168,76.9558,ECMWF_ERA5_Reanalysis
2022-03-03,34.3,21.5,27.1,32.7,20.4,25.7,0.0,17.0,37.1,57,25.53,963.8,loc_coimbatore,11.0168,76.9558,ECMWF_ERA5_Reanalysis
2022-03-04,35.1,20.6,27.3,33.8,19.9,26.6,0.0,16.2,33.1,61,24.97,963.4,loc_coimbatore,11.0168,76.9558,ECMWF_ERA5_Reanalysis
2022-03-05,34.7,20.9,27.4,35.1,23.5,28.3,0.0,17.8,32.8,68,25.22,962.9,loc_coimbatore,11.0168,76.9558,ECMWF_ERA5_Reanalysis
2022-03-06,34.6,22.1,28.2,35.2,24.5,28.8,0.0,16.6,34.6,68,24.46,962.5,loc_coimbatore,11.0168,76.9558,ECMWF_ERA5_Reanalysis
2022-03-07,31.6,22.4,25.8,33.1,23.0,26.8,0.8,18.0,38.5,52,18.87,963.0,loc_coimbatore,11.0168,76.9558,ECMWF_ERA5_Reanalysis
2022-03-08,33.1,21.6,26.9,35.0,24.3,28.8,1.2,13.6,31.7,55,23.21,963.1,loc_coimbatore,11.0168,76.9558,ECMWF_ERA5_Reanalysis
2022-03-09,34.8,22.8,28.2,36.0,23.4,28.8,0.0,12.6,29.5,63,25.42,962.6,loc_coimbatore,11.0168,76.9558,ECMWF_ERA5_Reanalysis
2022-03-10,35.0,21.5,27.8,34.9,22.9,27.9,0.0,15.2,32.4,70,25.79,962.5,loc_coimbatore,11.0168,76.9558,ECMWF_ERA5_Reanalysis
2022-03-11,35.4,22.0,28.2,35.5,21.6,27.9,0.0,15.2,29.9,73,26.06,961.9,loc_coimbatore,11.0168,76.9558,ECMWF_ERA5_Reanalysis
2022-03-12,35.7,21.3,28.4,35.3,22.0,27.9,0.0,16.7,34.6,73,26.1,961.6,loc_coimbatore,11.0168,76.9558,ECMWF_ERA5_Reanalysis
2022-03-13,36.1,22.4,28.8,34.0,22.1,27.6,0.0,20.4,42.8,71,25.27,961.9,loc_coimbatore,11.0168,76.9558,ECMWF_ERA5_Reanalysis
2022-03-14,36.7,22.8,29.2,35.7,22.3,28.4,0.0,17.8,38.9,71,25.87,962.2,loc_coimbatore,11.0168,76.9558,ECMWF_ERA5_Reanalysis
2022-03-15,36.3,22.7,29.0,37.2,22.8,29.6,0.0,14.2,30.2,112,24.42,961.4,loc_coimbatore,11.0168,76.9558,ECMWF_ERA5_Reanalysis
2022-03-16,37.8,23.0,29.1,38.0,27.4,31.5,0.0,17.5,34.9,177,24.09,960.4,loc_coimbatore,11.0168,76.9558,ECMWF_ERA5_Reanalysis
2022-03-17,37.7,23.5,29.4,38.2,27.2,31.4,0.0,18.4,32.8,191,25.02,959.9,loc_coimbatore,11.0168,76.9558,ECMWF_ERA5_Reanalysis
2022-03-18,37.0,23.5,29.3,38.1,26.5,31.2,0.0,18.7,39.6,198,23.4,959.8,loc_coimbatore,11.0168,76.9558,ECMWF_ERA5_Reanalysis
2022-03-19,35.4,23.9,28.1,35.4,27.1,29.8,0.0,25.9,50.0,218,22.07,959.8,loc_coimbatore,11.0168,76.9558,ECMWF_ERA5_Reanalysis
2022-03-20,33.8,23.1,27.5,36.5,26.5,29.6,0.4,23.8,50.8,220,22.72,960.1,loc_coimbatore,11.0168,76.9558,ECMWF_ERA5_Reanalysis
2022-03-21,36.1,23.0,28.3,37.7,26.3,30.5,0.0,20.2,41.4,217,23.76,960.2,loc_coimbatore,11.0168,76.9558,ECMWF_ERA5_Reanalysis
2022-03-22,36.4,22.7,28.3,38.4,27.0,31.1,0.9,14.3,30.2,212,22.87,960.5,loc_coimbatore,11.0168,76.9558,ECMWF_ERA5_Reanalysis
2022-03-23,35.8,24.1,28.3,39.8,27.8,31.7,0.8,18.5,40.0,227,22.13,959.9,loc_coimbatore,11.0168,76.9558,ECMWF_ERA5_Reanalysis
2022-03-24,34.1,23.0,27.5,37.3,26.6,30.4,0.0,19.9,43.2,214,18.79,960.4,loc_coimbatore,11.0168,76.9558,ECMWF_ERA5_Reanalysis
2022-03-25,35.3,22.9,28.0,38.7,26.9,31.1,0.1,22.1,43.6,209,22.41,961.3,loc_coimbatore,11.0168,76.9558,ECMWF_ERA5_Reanalysis
2022-03-26,36.4,23.9,28.7,40.5,28.2,32.2,0.3,22.7,47.5,201,22.86,962.9,loc_coimbatore,11.0168,76.9558,ECMWF_ERA5_Reanalysis
2022-03-27,36.4,23.7,29.3,39.4,28.8,32.7,0.2,13.6,34.6,156,23.76,963.2,loc_coimbatore,11.0168,76.9558,ECMWF_ERA5_Reanalysis
2022-03-28,37.2,24.5,29.6,39.1,28.7,32.8,0.0,14.5,31.3,166,23.75,962.7,loc_coimbatore,11.0168,76.9558,ECMWF_ERA5_Reanalysis
2022-03-29,36.2,23.9,28.7,39.2,28.1,32.1,0.0,21.3,45.7,212,23.39,961.8,loc_coimbatore,11.0168,76.9558,ECMWF_ERA5_Reanalysis
2022-03-30,36.2,24.3,28.9,38.5,28.4,32.0,0.3,22.2,43.2,215,22.85,961.5,loc_coimbatore,11.0168,76.9558,ECMWF_ERA5_Reanalysis
2022-03-31,36.0,23.8,29.3,37.7,27.6,31.7,0.0,17.2,31.7,199,23.29,961.7,loc_coimbatore,11.0168,76.9558,ECMWF_ERA5_Reanalysis
2022-04-01,34.6,24.4,28.8,37.2,28.4,31.6,0.0,19.0,38.9,212,21.58,961.9,loc_coimbatore,11.0168,76.9558,ECMWF_ERA5_Reanalysis
2022-04-02,36.0,23.6,28.7,38.5,27.7,31.7,0.1,15.3,45.4,201,23.26,962.7,loc_coimbatore,11.0168,76.9558,ECMWF_ERA5_Reanalysis
2022-04-03,36.5,23.6,29.1,38.8,27.9,32.0,0.4,13.6,30.6,174,24.35,962.0,loc_coimbatore,11.0168,76.9558,ECMWF_ERA5_Reanalysis
2022-04-04,38.0,23.0,29.7,37.3,27.6,31.6,0.0,17.4,37.4,99,24.99,962.6,loc_coimbatore,11.0168,76.9558,ECMWF_ERA5_Reanalysis
2022-04-05,36.5,24.3,29.1,36.0,26.9,30.8,0.1,19.4,40.7,66,23.14,964.4,loc_coimbatore,11.0168,76.9558,ECMWF_ERA5_Reanalysis
2022-04-06,35.4,22.5,28.2,38.0,26.8,31.0,0.1,18.9,42.1,195,23.61,964.5,loc_coimbatore,11.0168,76.9558,ECMWF_ERA5_Reanalysis
2022-04-07,37.9,23.0,29.6,39.0,27.0,32.1,0.0,14.2,33.8,131,25.39,963.1,loc_coimbatore,11.0168,76.9558,ECMWF_ERA5_Reanalysis
2022-04-08,36.2,23.8,27.6,39.4,27.6,31.5,4.7,18.2,34.9,174,21.8,962.4,loc_coimbatore,11.0168,76.9558,ECMWF_ERA5_Reanalysis
2022-04-09,33.5,23.0,26.7,37.8,27.5,30.8,0.4,17.4,38.5,195,23.27,961.7,loc_coimbatore,11.0168,76.9558,ECMWF_ERA5_Reanalysis
2022-04-10,33.3,22.0,26.8,38.0,25.7,30.5,0.3,16.9,39.6,200,22.73,961.0,loc_coimbatore,11.0168,76.9558,ECMWF_ERA5_Reanalysis
2022-04-11,34.4,23.0,26.7,38.4,27.1,30.9,5.8,9.4,31.7,180,22.04,960.4,loc_coimbatore,11.0168,76.9558,ECMWF_ERA5_Reanalysis
2022-04-12,32.6,22.9,26.3,36.3,27.7,30.9,7.8,12.7,28.1,92,16.34,959.7,loc_coimbatore,11.0168,76.9558,ECMWF_ERA5_Reanalysis
2022-04-13,32.1,23.0,25.3,35.9,26.1,29.4,24.5,12.8,30.6,29,14.94,959.6,loc_coimbatore,11.0168,76.9558,ECMWF_ERA5_Reanalysis
2022-04-14,29.8,22.0,25.4,35.3,25.8,29.6,4.1,15.6,31.7,211,16.86,960.2,loc_coimbatore,11.0168,76.9558,ECMWF_ERA5_Reanalysis
2022-04-15,32.8,22.2,27.0,36.6,26.4,30.7,0.0,14.3,33.1,218,23.92,960.0,loc_coimbatore,11.0168,76.9558,ECMWF_ERA5_Reanalysis
2022-04-16,32.6,23.3,27.2,37.3,27.0,30.8,3.7,17.3,36.7,221,23.3,959.2,loc_coimbatore,11.0168,76.9558,ECMWF_ERA5_Reanalysis
2022-04-17,32.0,22.5,26.6,36.8,26.3,30.1,5.3,19.6,40.3,216,21.91,959.9,loc_coimbatore,11.0168,76.9558,ECMWF_ERA5_Reanalysis
2022-04-18,31.8,22.7,26.5,36.7,25.6,30.0,0.5,14.3,36.4,211,22.98,961.6,loc_coimbatore,11.0168,76.9558,ECMWF_ERA5_Reanalysis
2022-04-19,31.6,23.1,26.9,36.0,25.7,30.6,0.0,15.3,34.6,209,22.04,962.6,loc_coimbatore,11.0168,76.9558,ECMWF_ERA5_Reanalysis
2022-04-20,36.3,23.6,29.1,40.4,27.5,33.0,0.2,12.3,24.8,195,24.9,960.7,loc_coimbatore,11.0168,76.9558,ECMWF_ERA5_Reanalysis
2022-04-21,36.4,24.6,29.6,39.4,29.5,33.0,0.3,13.8,31.7,109,23.72,960.0,loc_coimbatore,11.0168,76.9558,ECMWF_ERA5_Reanalysis
2022-04-22,36.0,23.7,29.2,39.1,28.0,32.4,0.2,11.7,26.6,75,23.46,960.8,loc_coimbatore,11.0168,76.9558,ECMWF_ERA5_Reanalysis
2022-04-23,33.6,23.4,26.8,37.9,25.6,30.8,9.6,15.4,33.1,335,16.69,962.0,loc_coimbatore,11.0168,76.9558,ECMWF_ERA5_Reanalysis
2022-04-24,34.3,23.7,28.2,38.3,28.1,32.4,0.0,17.0,37.4,208,23.19,960.7,loc_coimbatore,11.0168,76.9558,ECMWF_ERA5_Reanalysis
2022-04-25,36.2,24.1,29.6,39.4,28.7,33.0,0.0,14.6,39.2,194,24.51,960.2,loc_coimbatore,11.0168,76.9558,ECMWF_ERA5_Reanalysis
2022-04-26,36.5,24.2,29.9,39.3,29.1,33.3,0.0,11.3,29.2,135,24.64,960.3,loc_coimbatore,11.0168,76.9558,ECMWF_ERA5_Reanalysis
2022-04-27,37.6,24.6,30.4,39.1,30.2,33.7,0.0,15.9,35.3,106,25.51,959.9,loc_coimbatore,11.0168,76.9558,ECMWF_ERA5_Reanalysis
2022-04-28,37.8,25.0,29.8,41.0,29.1,33.4,0.0,21.2,46.8,219,24.93,960.9,loc_coimbatore,11.0168,76.9558,ECMWF_ERA5_Reanalysis
2022-04-29,39.4,23.4,29.5,41.7,27.0,32.7,0.1,26.5,49.7,212,24.21,960.9,loc_coimbatore,11.0168,76.9558,ECMWF_ERA5_Reanalysis
2022-04-30,36.2,23.8,29.2,39.9,26.8,32.3,1.7,17.5,40.0,214,23.7,960.1,loc_coimbatore,11.0168,76.9558,ECMWF_ERA5_Reanalysis
2022-05-01,35.6,25.0,28.6,40.0,28.5,32.0,0.5,17.6,39.2,216,22.32,959.1,loc_coimbatore,11.0168,76.9558,ECMWF_ERA5_Reanalysis
2022-05-02,36.9,24.3,28.7,41.1,27.4,32.1,4.8,22.5,44.3,213,22.68,959.0,loc_coimbatore,11.0168,76.9558,ECMWF_ERA5_Reanalysis
2022-05-03,37.4,24.9,29.6,39.9,28.6,33.2,0.3,21.8,45.0,216,23.89,959.3,loc_coimbatore,11.0168,76.9558,ECMWF_ERA5_Reanalysis
2022-05-04,37.1,24.8,29.1,40.9,29.1,33.0,12.8,20.2,43.2,210,22.95,960.5,loc_coimbatore,11.0168,76.9558,ECMWF_ERA5_Reanalysis
2022-05-05,33.6,23.6,27.9,38.4,28.1,32.2,0.4,13.4,33.1,210,22.54,960.1,loc_coimbatore,11.0168,76.9558,ECMWF_ERA5_Reanalysis
2022-05-06,35.1,24.3,28.6,38.6,28.4,32.2,1.4,16.1,38.9,213,22.59,959.6,loc_coimbatore,11.0168,76.9558,ECMWF_ERA5_Reanalysis
2022-05-07,35.2,24.1,28.6,38.5,28.3,32.0,0.4,19.1,41.4,215,18.42,959.3,loc_coimbatore,11.0168,76.9558,ECMWF_ERA5_Reanalysis
2022-05-08,35.4,25.0,28.8,38.7,29.0,32.3,0.3,22.2,43.9,211,20.25,957.4,loc_coimbatore,11.0168,76.9558,ECMWF_ERA5_Reanalysis
2022-05-09,33.4,24.3,27.6,36.8,28.4,31.2,0.0,21.6,44.6,211,15.3,956.4,loc_coimbatore,11.0168,76.9558,ECMWF_ERA5_Reanalysis
2022-05-10,32.3,23.4,27.0,36.5,25.7,29.7,1.1,26.8,56.9,213,16.48,956.6,loc_coimbatore,11.0168,76.9558,ECMWF_ERA5_Reanalysis
2022-05-11,28.7,22.2,24.8,29.3,24.1,26.3,0.1,27.2,52.2,212,8.33,957.0,loc_coimbatore,11.0168,76.9558,ECMWF_ERA5_Reanalysis
2022-05-12,30.5,22.4,25.1,32.1,24.1,26.9,2.9,23.4,48.2,215,14.39,958.1,loc_coimbatore,11.0168,76.9558,ECMWF_ERA5_Reanalysis
2022-05-13,30.6,22.3,25.4,33.3,25.0,28.0,2.1,20.3,41.4,209,17.14,958.1,loc_coimbatore,11.0168,76.9558,ECMWF_ERA5_Reanalysis
2022-05-14,31.5,23.0,25.9,34.7,25.8,28.5,4.3,23.8,49.3,218,20.76,958.3,loc_coimbatore,11.0168,76.9558,ECMWF_ERA5_Reanalysis
2022-05-15,30.0,22.7,25.6,32.1,25.6,28.5,6.2,22.7,45.7,219,17.77,959.3,loc_coimbatore,11.0168,76.9558,ECMWF_ERA5_Reanalysis
2022-05-16,25.1,22.5,23.6,28.9,25.4,27.3,40.0,14.6,32.0,212,9.42,958.4,loc_coimbatore,11.0168,76.9558,ECMWF_ERA5_Reanalysis
2022-05-17,27.0,22.4,23.9,30.6,26.6,27.9,14.5,12.9,24.5,238,8.59,956.7,loc_coimbatore,11.0168,76.9558,ECMWF_ERA5_Reanalysis
2022-05-18,26.7,22.3,23.7,29.1,24.8,26.9,4.7,21.8,43.2,215,12.22,956.9,loc_coimbatore,11.0168,76.9558,ECMWF_ERA5_Reanalysis
2022-05-19,25.8,21.4,23.2,27.2,23.1,25.1,38.5,23.0,45.0,205,14.03,958.9,loc_coimbatore,11.0168,76.9558,ECMWF_ERA5_Reanalysis
2022-05-20,28.4,21.9,24.4,31.0,23.6,26.4,0.4,27.3,52.2,217,19.65,960.3,loc_coimbatore,11.0168,76.9558,ECMWF_ERA5_Reanalysis
2022-05-21,28.8,22.2,24.7,31.3,24.3,26.9,0.4,28.0,55.1,215,20.83,959.8,loc_coimbatore,11.0168,76.9558,ECMWF_ERA5_Reanalysis
2022-05-22,27.4,21.6,23.5,29.4,23.7,25.6,7.6,21.8,44.3,209,13.56,958.7,loc_coimbatore,11.0168,76.9558,ECMWF_ERA5_Reanalysis
2022-05-23,30.3,21.6,25.3,34.0,23.5,28.1,0.6,22.0,42.5,213,20.34,957.9,loc_coimbatore,11.0168,76.9558,ECMWF_ERA5_Reanalysis
2022-05-24,31.0,23.2,25.9,35.8,26.2,29.4,0.3,22.0,43.6,210,22.85,959.8,loc_coimbatore,11.0168,76.9558,ECMWF_ERA5_Reanalysis
2022-05-25,31.2,22.6,26.3,36.4,25.6,30.2,0.4,15.6,33.5,209,23.48,961.1,loc_coimbatore,11.0168,76.9558,ECMWF_ERA5_Reanalysis
2022-05-26,30.2,23.1,25.6,34.9,25.8,29.2,1.6,18.9,37.8,215,22.0,961.5,loc_coimbatore,11.0168,76.9558,ECMWF_ERA5_Reanalysis
2022-05-27,30.4,22.5,25.2,35.1,25.7,28.3,4.0,23.2,45.0,214,22.49,961.1,loc_coimbatore,11.0168,76.9558,ECMWF_ERA5_Reanalysis
2022-05-28,29.6,22.1,25.3,33.0,25.1,28.0,3.5,23.0,46.1,217,23.28,960.3,loc_coimbatore,11.0168,76.9558,ECMWF_ERA5_Reanalysis
2022-05-29,30.2,22.7,25.8,34.1,25.5,28.6,1.3,17.3,38.5,219,23.35,960.1,loc_coimbatore,11.0168,76.9558,ECMWF_ERA5_Reanalysis
2022-05-30,31.1,22.3,26.2,33.8,25.2,28.8,0.6,19.2,38.5,219,22.97,959.4,loc_coimbatore,11.0168,76.9558,ECMWF_ERA5_Reanalysis
2022-05-31,30.9,22.5,25.7,35.0,25.4,28.5,2.0,19.5,39.6,214,20.82,958.9,loc_coimbatore,11.0168,76.9558,ECMWF_ERA5_Reanalysis
2022-06-01,30.6,22.1,25.8,34.2,24.3,28.3,0.9,18.9,40.0,218,23.01,958.9,loc_coimbatore,11.0168,76.9558,ECMWF_ERA5_Reanalysis
2022-06-02,31.9,22.5,26.2,35.1,25.4,29.0,0.5,19.4,43.6,217,23.82,959.1,loc_coimbatore,11.0168,76.9558,ECMWF_ERA5_Reanalysis
2022-06-03,32.5,22.1,26.2,36.0,25.2,28.9,0.0,22.5,45.0,216,24.07,958.6,loc_coimbatore,11.0168,76.9558,ECMWF_ERA5_Reanalysis
2022-06-04,33.3,22.1,26.8,36.9,25.2,29.8,0.0,24.7,52.2,215,24.32,958.2,loc_coimbatore,11.0168,76.9558,ECMWF_ERA5_Reanalysis
2022-06-05,32.7,23.6,27.0,36.4,27.0,30.1,1.7,25.2,50.0,220,23.3,958.4,loc_coimbatore,11.0168,76.9558,ECMWF_ERA5_Reanalysis
2022-06-06,32.6,23.3,27.2,36.5,26.2,30.2,6.2,21.2,42.8,219,22.19,959.1,loc_coimbatore,11.0168,76.9558,ECMWF_ERA5_Reanalysis
2022-06-07,31.2,22.8,26.4,34.0,25.9,28.9,0.9,24.8,48.6,219,23.09,959.7,loc_coimbatore,11.0168,76.9558,ECMWF_ERA5_Reanalysis
2022-06-08,32.2,23.0,26.4,35.1,25.5,28.6,1.7,20.7,42.1,215,18.48,959.5,loc_coimbatore,11.0168,76.9558,ECMWF_ERA5_Reanalysis
2022-06-09,33.8,22.5,27.0,37.1,25.0,29.4,0.5,24.8,50.4,218,24.0,959.1,loc_coimbatore,11.0168,76.9558,ECMWF_ERA5_Reanalysis
2022-06-10,31.5,22.9,26.5,34.3,25.4,28.6,0.0,25.3,51.5,217,22.02,959.7,loc_coimbatore,11.0168,76.9558,ECMWF_ERA5_Reanalysis
2022-06-11,31.7,23.1,26.6,33.4,25.4,28.2,0.0,26.7,53.3,219,23.43,960.7,loc_coimbatore,11.0168,76.9558,ECMWF_ERA5_Reanalysis
2022-06-12,31.4,22.2,25.8,34.5,24.2,27.8,4.3,23.7,47.5,218,20.8,960.5,loc_coimbatore,11.0168,76.9558,ECMWF_ERA5_Reanalysis
2022-06-13,33.0,22.2,26.7,35.8,24.5,29.1,1.3,18.6,40.3,218,23.37,960.8,loc_coimbatore,11.0168,76.9558,ECMWF_ERA5_Reanalysis
2022-06-14,33.0,21.8,26.6,36.5,23.8,29.3,2.3,19.2,41.0,211,22.52,960.3,loc_coimbatore,11.0168,76.9558,ECMWF_ERA5_Reanalysis
2022-06-15,31.5,22.9,25.8,35.6,26.5,29.2,22.2,20.3,41.4,206,20.19,959.8,loc_coimbatore,11.0168,76.9558,ECMWF_ERA5_Reanalysis
2022-06-16,30.0,21.3,25.5,34.4,24.0,28.6,1.8,19.1,41.0,207,21.59,959.6,loc_coimbatore,11.0168,76.9558,ECMWF_ERA5_Reanalysis
2022-06-17,30.2,22.0,25.3,34.1,25.7,28.6,1.1,16.3,36.4,207,19.69,959.3,loc_coimbatore,11.0168,76.9558,ECMWF_ERA5_Reanalysis
2022-06-18,28.7,22.2,24.8,33.6,25.5,28.0,5.1,16.4,35.6,211,16.81,959.6,loc_coimbatore,11.0168,76.9558,ECMWF_ERA5_Reanalysis
2022-06-19,31.4,21.8,25.5,35.5,24.4,28.5,2.7,19.4,38.5,211,20.44,960.1,loc_coimbatore,11.0168,76.9558,ECMWF_ERA5_Reanalysis
2022-06-20,32.3,22.2,25.8,36.9,24.7,28.6,4.0,20.0,42.8,212,21.12,959.3,loc_coimbatore,11.0168,76.9558,ECMWF_ERA5_Reanalysis
2022-06-21,30.3,22.1,25.1,31.7,24.3,26.9,0.0,25.2,49.7,216,19.77,958.5,loc_coimbatore,11.0168,76.9558,ECMWF_ERA5_Reanalysis
2022-06-22,30.8,21.8,25.3,33.3,23.5,27.3,2.8,22.7,45.0,216,21.73,959.5,loc_coimbatore,11.0168,76.9558,ECMWF_ERA5_Reanalysis
2022-06-23,29.9,22.1,25.5,32.1,24.4,27.6,0.9,21.3,46.4,215,18.28,960.3,loc_coimbatore,11.0168,76.9558,ECMWF_ERA5_Reanalysis
2022-06-24,30.3,22.4,25.4,32.6,24.0,27.0,0.6,26.6,51.5,217,18.75,959.8,loc_coimbatore,11.0168,76.9558,ECMWF_ERA5_Reanalysis
2022-06-25,25.6,21.9,23.1,27.0,23.8,25.3,9.2,24.2,50.0,209,7.53,958.3,loc_coimbatore,11.0168,76.9558,ECMWF_ERA5_Reanalysis
2022-06-26,30.2,21.4,25.2,31.8,23.3,27.0,0.0,27.4,53.3,220,22.89,958.6,loc_coimbatore,11.0168,76.9558,ECMWF_ERA5_Reanalysis
2022-06-27,30.8,21.7,25.2,32.1,23.9,26.9,0.0,27.3,52.9,217,21.68,959.9,loc_coimbatore,11.0168,76.9558,ECMWF_ERA5_Reanalysis
2022-06-28,31.6,21.3,25.0,34.7,23.5,27.3,3.6,23.3,45.7,213,21.56,959.9,loc_coimbatore,11.0168,76.9558,ECMWF_ERA5_Reanalysis
2022-06-29,31.9,22.1,25.8,34.5,24.4,27.9,1.4,23.3,47.9,212,22.31,958.5,loc_coimbatore,11.0168,76.9558,ECMWF_ERA5_Reanalysis
2022-06-30,30.8,22.3,25.2,33.9,24.6,27.4,8.9,25.2,49.3,213,19.9,958.4,loc_coimbatore,11.0168,76.9558,ECMWF_ERA5_Reanalysis
2022-07-01,31.5,22.2,25.8,35.1,24.4,28.2,3.8,20.7,42.1,210,20.8,958.2,loc_coimbatore,11.0168,76.9558,ECMWF_ERA5_Reanalysis
2022-07-02,31.4,22.3,25.8,34.7,24.5,28.3,5.0,17.1,37.8,206,19.84,957.6,loc_coimbatore,11.0168,76.9558,ECMWF_ERA5_Reanalysis
2022-07-03,29.9,22.2,25.2,33.4,23.6,27.2,11.0,24.7,46.4,215,19.92,958.1,loc_coimbatore,11.0168,76.9558,ECMWF_ERA5_Reanalysis
2022-07-04,29.8,21.9,24.6,31.0,22.7,25.9,0.7,26.1,47.2,213,17.18,958.1,loc_coimbatore,11.0168,76.9558,ECMWF_ERA5_Reanalysis
2022-07-05,24.6,21.4,22.5,25.7,22.9,24.1,11.0,24.3,46.4,208,7.04,957.6,loc_coimbatore,11.0168,76.9558,ECMWF_ERA5_Reanalysis
2022-07-06,26.8,21.4,23.1,28.1,22.7,24.8,4.8,23.4,45.7,209,10.53,958.6,loc_coimbatore,11.0168,76.9558,ECMWF_ERA5_Reanalysis
2022-07-07,25.3,21.3,22.4,27.1,23.1,24.6,17.9,24.0,46.4,205,9.22,960.7,loc_coimbatore,11.0168,76.9558,ECMWF_ERA5_Reanalysis
2022-07-08,28.1,21.0,23.5,30.8,22.3,25.4,3.6,21.1,42.1,207,15.99,959.7,loc_coimbatore,11.0168,76.9558,ECMWF_ERA5_Reanalysis
2022-07-09,25.2,21.5,22.6,26.5,22.8,24.3,22.5,23.8,45.0,207,7.23,958.3,loc_coimbatore,11.0168,76.9558,ECMWF_ERA5_Reanalysis
2022-07-10,28.8,21.2,23.8,31.0,22.2,25.2,0.0,25.2,49.0,212,18.88,958.8,loc_coimbatore,11.0168,76.9558,ECMWF_ERA5_Reanalysis
2022-07-11,28.3,21.4,23.4,29.6,22.4,24.7,0.1,27.1,56.5,211,17.88,960.8,loc_coimbatore,11.0168,76.9558,ECMWF_ERA5_Reanalysis
2022-07-12,27.9,21.0,23.6,29.2,22.3,24.8,0.5,31.1,58.7,214,18.31,960.6,loc_coimbatore,11.0168,76.9558,ECMWF_ERA5_Reanalysis
2022-07-13,27.3,21.7,23.6,28.4,22.8,24.6,1.6,28.5,56.2,217,17.62,958.5,loc_coimbatore,11.0168,76.9558,ECMWF_ERA5_Reanalysis
2022-07-14,25.6,21.2,23.2,26.8,22.1,24.2,5.0,29.1,55.1,215,14.53,957.2,loc_coimbatore,11.0168,76.9558,ECMWF_ERA5_Reanalysis
2022-07-15,27.5,20.8,23.4,29.5,22.0,25.0,1.9,26.0,52.2,213,17.48,958.2,loc_coimbatore,11.0168,76.9558,ECMWF_ERA5_Reanalysis
2022-07-16,28.3,21.3,24.1,30.1,22.9,25.9,0.2,28.3,54.4,212,19.47,959.1,loc_coimbatore,11.0168,76.9558,ECMWF_ERA5_Reanalysis
2022-07-17,29.9,21.6,24.6,33.3,23.8,27.3,10.3,20.9,42.5,205,19.14,959.4,loc_coimbatore,11.0168,76.9558,ECMWF_ERA5_Reanalysis
2022-07-18,28.7,21.9,24.4,32.5,24.2,27.6,42.1,15.6,33.8,203,17.69,960.0,loc_coimbatore,11.0168,76.9558,ECMWF_ERA5_Reanalysis
2022-07-19,29.1,21.5,24.5,32.9,24.1,27.5,1.0,15.3,33.5,210,17.92,960.0,loc_coimbatore,11.0168,76.9558,ECMWF_ERA5_Reanalysis
2022-07-20,28.6,22.1,24.6,33.8,25.8,28.4,0.9,17.1,35.3,205,18.63,959.8,loc_coimbatore,11.0168,76.9558,ECMWF_ERA5_Reanalysis
2022-07-21,29.8,22.3,24.9,34.3,25.8,28.5,3.4,15.5,29.5,204,21.07,959.7,loc_coimbatore,11.0168,76.9558,ECMWF_ERA5_Reanalysis
2022-07-22,28.7,22.4,24.5,32.6,25.6,27.8,9.5,19.0,40.0,208,17.01,960.2,loc_coimbatore,11.0168,76.9558,ECMWF_ERA5_Reanalysis
2022-07-23,29.3,22.2,24.6,34.0,24.6,27.4,20.7,20.2,41.0,212,20.47,959.5,loc_coimbatore,11.0168,76.9558,ECMWF_ERA5_Reanalysis
2022-07-24,29.6,21.5,24.9,33.2,23.6,27.5,3.4,17.7,35.6,210,20.54,959.7,loc_coimbatore,11.0168,76.9558,ECMWF_ERA5_Reanalysis
2022-07-25,29.8,22.0,24.9,34.0,25.0,28.1,2.6,14.1,31.7,200,21.63,960.3,loc_coimbatore,11.0168,76.9558,ECMWF_ERA5_Reanalysis
2022-07-26,27.4,22.1,24.1,31.1,24.7,27.7,9.8,16.1,27.0,200,14.55,961.0,loc_coimbatore,11.0168,76.9558,ECMWF_ERA5_Reanalysis
2022-07-27,29.2,22.1,24.8,35.1,26.1,29.1,16.1,11.3,31.0,203,21.72,960.5,loc_coimbatore,11.0168,76.9558,ECMWF_ERA5_Reanalysis
2022-07-28,30.1,21.5,25.2,36.3,25.5,29.6,0.1,10.2,31.0,199,22.54,960.5,loc_coimbatore,11.0168,76.9558,ECMWF_ERA5_Reanalysis
2022-07-29,30.8,22.9,26.1,37.3,27.5,30.7,5.0,12.2,22.3,170,19.79,960.3,loc_coimbatore,11.0168,76.9558,ECMWF_ERA5_Reanalysis
2022-07-30,29.7,22.5,25.5,35.2,26.9,29.7,0.6,13.8,31.7,202,21.16,959.6,loc_coimbatore,11.0168,76.9558,ECMWF_ERA5_Reanalysis
2022-07-31,29.7,21.7,25.1,34.7,25.1,29.0,3.2,15.9,32.8,206,22.59,958.0,loc_coimbatore,11.0168,76.9558,ECMWF_ERA5_Reanalysis
2022-08-01,27.8,22.1,24.2,31.6,24.7,27.9,7.1,18.4,36.7,204,17.08,957.7,loc_coimbatore,11.0168,76.9558,ECMWF_ERA5_Reanalysis
2022-08-02,28.3,21.5,24.0,32.3,24.3,27.0,14.8,20.4,39.6,211,18.82,956.6,loc_coimbatore,11.0168,76.9558,ECMWF_ERA5_Reanalysis
2022-08-03,26.3,21.4,23.3,29.4,24.0,26.1,8.0,19.7,39.2,213,15.85,956.3,loc_coimbatore,11.0168,76.9558,ECMWF_ERA5_Reanalysis
2022-08-04,24.0,21.5,22.4,27.5,22.7,24.9,30.7,24.0,43.9,212,6.1,956.9,loc_coimbatore,11.0168,76.9558,ECMWF_ERA5_Reanalysis
2022-08-05,24.8,21.4,22.6,25.2,21.9,23.3,6.1,30.6,58.7,216,9.69,958.0,loc_coimbatore,11.0168,76.9558,ECMWF_ERA5_Reanalysis
2022-08-06,26.8,21.7,23.3,28.9,22.6,24.8,1.5,27.8,52.6,213,16.78,957.8,loc_coimbatore,11.0168,76.9558,ECMWF_ERA5_Reanalysis
2022-08-07,26.6,21.9,23.5,28.1,22.5,24.7,2.4,27.9,54.0,217,15.48,957.1,loc_coimbatore,11.0168,76.9558,ECMWF_ERA5_Reanalysis
2022-08-08,27.0,21.9,23.7,28.4,22.5,24.7,1.9,28.8,56.2,217,16.85,957.0,loc_coimbatore,11.0168,76.9558,ECMWF_ERA5_Reanalysis
2022-08-09,27.2,21.6,23.5,28.8,21.9,24.5,2.9,29.0,56.2,218,19.49,957.5,loc_coimbatore,11.0168,76.9558,ECMWF_ERA5_Reanalysis
2022-08-10,27.2,21.1,23.6,29.3,22.0,24.8,1.9,28.3,54.7,220,22.63,957.6,loc_coimbatore,11.0168,76.9558,ECMWF_ERA5_Reanalysis
2022-08-11,28.6,20.8,24.1,31.3,21.8,25.6,0.2,26.0,50.0,214,22.15,958.8,loc_coimbatore,11.0168,76.9558,ECMWF_ERA5_Reanalysis
2022-08-12,30.3,21.1,24.9,32.9,22.8,26.8,0.0,27.8,52.2,213,23.22,959.7,loc_coimbatore,11.0168,76.9558,ECMWF_ERA5_Reanalysis
2022-08-13,29.5,21.6,24.9,32.5,24.1,27.5,1.6,17.7,37.8,201,21.93,960.0,loc_coimbatore,11.0168,76.9558,ECMWF_ERA5_Reanalysis
2022-08-14,29.9,21.8,25.0,32.4,24.6,27.8,0.0,18.1,38.5,195,21.3,960.6,loc_coimbatore,11.0168,76.9558,ECMWF_ERA5_Reanalysis
2022-08-15,30.0,21.5,25.1,33.6,24.5,28.3,0.0,15.1,32.0,201,22.99,961.0,loc_coimbatore,11.0168,76.9558,ECMWF_ERA5_Reanalysis
2022-08-16,30.5,22.1,25.9,35.0,25.6,29.6,0.0,13.7,29.9,203,23.26,960.7,loc_coimbatore,11.0168,76.9558,ECMWF_ERA5_Reanalysis
2022-08-17,30.1,21.5,25.3,35.1,25.1,28.8,0.5,14.4,32.4,210,21.63,961.0,loc_coimbatore,11.0168,76.9558,ECMWF_ERA5_Reanalysis
2022-08-18,29.0,22.6,25.3,34.1,25.4,28.6,1.4,16.0,35.6,207,20.47,960.6,loc_coimbatore,11.0168,76.9558,ECMWF_ERA5_Reanalysis
2022-08-19,29.2,22.4,24.8,31.3,25.3,27.8,1.9,19.0,38.2,204,14.98,960.6,loc_coimbatore,11.0168,76.9558,ECMWF_ERA5_Reanalysis
2022-08-20,30.9,22.1,25.5,34.7,24.5,28.2,0.2,19.1,37.4,209,21.71,960.6,loc_coimbatore,11.0168,76.9558,ECMWF_ERA5_Reanalysis
2022-08-21,30.0,22.2,25.3,33.7,25.1,28.1,6.9,20.2,40.7,212,22.31,960.1,loc_coimbatore,11.0168,76.9558,ECMWF_ERA5_Reanalysis
2022-08-22,28.6,22.3,24.7,30.6,23.9,26.5,2.5,26.5,52.6,216,19.77,959.8,loc_coimbatore,11.0168,76.9558,ECMWF_ERA5_Reanalysis
2022-08-23,28.0,21.4,23.8,29.7,23.4,25.6,2.5,25.5,49.3,213,16.26,960.2,loc_coimbatore,11.0168,76.9558,ECMWF_ERA5_Reanalysis
2022-08-24,23.6,21.8,22.4,26.6,24.5,25.3,18.7,15.0,29.9,204,5.22,961.5,loc_coimbatore,11.0168,76.9558,ECMWF_ERA5_Reanalysis
2022-08-25,27.0,21.0,23.1,31.0,23.7,26.2,14.9,15.9,40.3,203,17.83,960.1,loc_coimbatore,11.0168,76.9558,ECMWF_ERA5_Reanalysis
2022-08-26,27.1,21.7,23.7,30.2,25.0,27.1,3.9,14.2,30.2,201,15.25,959.5,loc_coimbatore,11.0168,76.9558,ECMWF_ERA5_Reanalysis
2022-08-27,27.7,22.0,23.8,32.0,24.6,27.0,5.9,18.6,36.7,207,16.42,959.6,loc_coimbatore,11.0168,76.9558,ECMWF_ERA5_Reanalysis
2022-08-28,27.4,21.5,23.9,33.3,24.1,27.5,1.8,14.7,29.5,205,19.94,959.1,loc_coimbatore,11.0168,76.9558,ECMWF_ERA5_Reanalysis
2022-08-29,28.5,21.5,24.0,34.4,24.8,28.0,14.6,12.6,27.0,202,18.68,959.7,loc_coimbatore,11.0168,76.9558,ECMWF_ERA5_Reanalysis
2022-08-30,30.1,21.7,24.9,35.5,25.3,29.3,20.5,11.2,25.2,145,19.88,959.7,loc_coimbatore,11.0168,76.9558,ECMWF_ERA5_Reanalysis
2022-08-31,29.1,22.1,24.6,33.3,25.3,28.5,12.9,10.9,25.6,17,18.52,959.6,loc_coimbatore,11.0168,76.9558,ECMWF_ERA5_Reanalysis
2022-09-01,27.1,21.3,23.4,32.0,25.2,27.6,9.3,7.0,19.4,192,11.76,959.6,loc_coimbatore,11.0168,76.9558,ECMWF_ERA5_Reanalysis
2022-09-02,28.6,21.7,24.3,33.3,25.3,28.2,2.6,14.2,30.2,216,20.55,960.1,loc_coimbatore,11.0168,76.9558,ECMWF_ERA5_Reanalysis
2022-09-03,29.7,21.5,25.3,34.8,24.9,28.8,0.2,17.8,37.4,219,23.99,960.2,loc_coimbatore,11.0168,76.9558,ECMWF_ERA5_Reanalysis
2022-09-04,30.2,21.8,25.2,35.4,24.8,29.2,1.3,14.5,29.9,210,22.9,959.9,loc_coimbatore,11.0168,76.9558,ECMWF_ERA5_Reanalysis
2022-09-05,31.2,21.8,25.0,37.8,25.4,29.2,3.1,17.9,41.8,196,22.2,959.5,loc_coimbatore,11.0168,76.9558,ECMWF_ERA5_Reanalysis
2022-09-06,28.5,21.9,24.6,32.0,24.5,27.2,0.1,25.5,48.2,216,21.31,959.2,loc_coimbatore,11.0168,76.9558,ECMWF_ERA5_Reanalysis
2022-09-07,28.1,21.8,23.8,30.2,23.3,25.5,3.0,26.3,51.8,214,16.81,959.8,loc_coimbatore,11.0168,76.9558,ECMWF_ERA5_Reanalysis
2022-09-08,28.3,21.3,23.8,30.3,23.0,25.5,0.6,26.3,52.6,215,19.32,959.5,loc_coimbatore,11.0168,76.9558,ECMWF_ERA5_Reanalysis
2022-09-09,28.0,21.6,24.1,30.1,22.8,25.8,1.0,28.8,55.4,217,20.79,959.3,loc_coimbatore,11.0168,76.9558,ECMWF_ERA5_Reanalysis
2022-09-10,27.7,22.0,23.8,30.0,23.8,25.5,0.7,30.0,56.2,214,17.68,959.6,loc_coimbatore,11.0168,76.9558,ECMWF_ERA5_Reanalysis
2022-09-11,28.0,22.0,24.1,29.9,23.7,25.7,0.5,27.3,52.6,217,18.17,959.5,loc_coimbatore,11.0168,76.9558,ECMWF_ERA5_Reanalysis
2022-09-12,28.3,21.7,24.1,30.0,22.8,25.5,0.4,28.4,57.6,220,21.17,959.3,loc_coimbatore,11.0168,76.9558,ECMWF_ERA5_Reanalysis
2022-09-13,29.6,21.1,24.6,33.4,23.2,27.0,1.8,22.0,43.6,214,23.36,960.9,loc_coimbatore,11.0168,76.9558,ECMWF_ERA5_Reanalysis
2022-09-14,29.7,21.6,24.6,34.2,24.3,27.8,3.9,16.8,33.5,206,20.37,962.8,loc_coimbatore,11.0168,76.9558,ECMWF_ERA5_Reanalysis
2022-09-15,30.7,21.4,25.0,34.0,24.3,27.9,0.0,21.4,42.8,213,23.98,963.4,loc_coimbatore,11.0168,76.9558,ECMWF_ERA5_Reanalysis
2022-09-16,30.6,21.4,25.0,34.7,24.0,28.1,0.2,17.2,36.0,209,23.91,961.6,loc_coimbatore,11.0168,76.9558,ECMWF_ERA5_Reanalysis
2022-09-17,31.1,21.6,25.2,35.3,24.6,28.3,0.8,18.9,38.9,211,23.67,961.4,loc_coimbatore,11.0168,76.9558,ECMWF_ERA5_Reanalysis
2022-09-18,30.9,21.8,25.1,35.4,24.8,28.3,5.3,19.6,38.9,209,22.54,961.8,loc_coimbatore,11.0168,76.9558,ECMWF_ERA5_Reanalysis
2022-09-19,29.7,21.8,25.0,32.7,24.5,27.7,0.0,22.2,44.6,212,21.82,961.6,loc_coimbatore,11.0168,76.9558,ECMWF_ERA5_Reanalysis
2022-09-20,30.5,21.9,25.0,33.8,24.7,27.6,0.1,22.1,42.1,210,20.77,961.1,loc_coimbatore,11.0168,76.9558,ECMWF_ERA5_Reanalysis
2022-09-21,31.0,21.4,25.3,34.5,24.1,27.9,0.3,19.2,40.3,213,24.48,961.1,loc_coimbatore,11.0168,76.9558,ECMWF_ERA5_Reanalysis
2022-09-22,30.4,21.0,25.0,32.2,23.4,26.8,0.0,23.2,46.8,215,24.21,961.5,loc_coimbatore,11.0168,76.9558,ECMWF_ERA5_Reanalysis
2022-09-23,30.8,21.0,25.0,33.4,23.1,27.2,0.0,20.6,41.8,214,24.02,962.1,loc_coimbatore,11.0168,76.9558,ECMWF_ERA5_Reanalysis
2022-09-24,31.7,21.1,25.4,35.0,23.7,28.1,2.7,19.1,37.4,209,23.24,961.5,loc_coimbatore,11.0168,76.9558,ECMWF_ERA5_Reanalysis
2022-09-25,31.0,21.8,25.5,33.6,24.8,28.4,0.2,14.6,32.4,208,22.82,960.5,loc_coimbatore,11.0168,76.9558,ECMWF_ERA5_Reanalysis
2022-09-26,28.7,21.4,24.4,33.0,23.8,27.7,35.5,16.2,29.9,209,18.03,961.3,loc_coimbatore,11.0168,76.9558,ECMWF_ERA5_Reanalysis
2022-09-27,29.6,21.7,25.3,32.8,24.7,28.1,0.2,17.3,36.7,208,22.55,960.3,loc_coimbatore,11.0168,76.9558,ECMWF_ERA5_Reanalysis
2022-09-28,31.1,22.2,25.6,34.9,24.8,28.3,0.3,20.4,41.0,215,22.97,959.6,loc_coimbatore,11.0168,76.9558,ECMWF_ERA5_Reanalysis
2022-09-29,30.7,21.3,25.4,33.5,23.9,27.5,0.0,20.6,40.7,211,21.77,959.4,loc_coimbatore,11.0168,76.9558,ECMWF_ERA5_Reanalysis
2022-09-30,30.5,21.7,25.1,32.1,23.6,26.8,0.0,25.2,46.4,216,19.69,960.2,loc_coimbatore,11.0168,76.9558,ECMWF_ERA5_Reanalysis
2022-10-01,28.0,21.3,24.3,29.5,22.7,25.9,0.5,19.8,41.4,209,17.46,960.8,loc_coimbatore,11.0168,76.9558,ECMWF_ERA5_Reanalysis
2022-10-02,30.2,21.9,25.1,32.6,24.4,27.1,2.5,19.8,42.1,209,19.05,960.4,loc_coimbatore,11.0168,76.9558,ECMWF_ERA5_Reanalysis
2022-10-03,29.5,21.1,24.6,32.8,23.2,27.1,2.4,17.7,37.1,209,18.86,960.0,loc_coimbatore,11.0168,76.9558,ECMWF_ERA5_Reanalysis
2022-10-04,30.6,21.9,25.2,34.1,24.8,27.9,0.9,18.0,38.9,210,21.51,959.8,loc_coimbatore,11.0168,76.9558,ECMWF_ERA5_Reanalysis
2022-10-05,28.8,22.3,24.8,32.7,25.3,27.8,5.8,20.0,38.9,208,18.27,959.7,loc_coimbatore,11.0168,76.9558,ECMWF_ERA5_Reanalysis
2022-10-06,29.3,21.9,24.4,32.4,24.6,26.9,4.0,21.9,43.6,212,19.35,959.4,loc_coimbatore,11.0168,76.9558,ECMWF_ERA5_Reanalysis
2022-10-07,30.3,21.3,24.5,32.8,24.1,27.0,0.8,21.6,42.8,213,20.9,960.1,loc_coimbatore,11.0168,76.9558,ECMWF_ERA5_Reanalysis
2022-10-08,29.6,21.3,25.2,32.0,24.1,28.0,0.1,13.0,31.0,210,21.08,960.7,loc_coimbatore,11.0168,76.9558,ECMWF_ERA5_Reanalysis
2022-10-09,28.3,22.0,24.7,32.1,25.2,28.3,11.8,12.6,25.9,206,14.17,961.3,loc_coimbatore,11.0168,76.9558,ECMWF_ERA5_Reanalysis
2022-10-10,28.9,21.7,24.1,33.1,25.5,28.2,17.6,13.2,25.2,173,14.23,962.0,loc_coimbatore,11.0168,76.9558,ECMWF_ERA5_Reanalysis
2022-10-11,29.7,22.2,24.8,35.2,26.1,28.9,12.6,10.9,22.0,56,16.58,961.9,loc_coimbatore,11.0168,76.9558,ECMWF_ERA5_Reanalysis
2022-10-12,30.2,22.3,25.1,35.4,26.5,29.2,1.2,12.6,27.7,194,18.51,962.1,loc_coimbatore,11.0168,76.9558,ECMWF_ERA5_Reanalysis
2022-10-13,30.6,21.9,24.8,36.6,25.3,29.0,21.6,11.3,39.6,177,20.72,961.9,loc_coimbatore,11.0168,76.9558,ECMWF_ERA5_Reanalysis
2022-10-14,28.2,21.3,24.1,32.8,25.2,27.8,2.1,16.1,32.4,211,18.36,961.2,loc_coimbatore,11.0168,76.9558,ECMWF_ERA5_Reanalysis
2022-10-15,30.0,21.8,24.8,35.7,25.7,29.2,19.7,14.3,27.7,189,19.65,960.2,loc_coimbatore,11.0168,76.9558,ECMWF_ERA5_Reanalysis
2022-10-16,28.5,21.9,24.3,34.0,25.6,28.5,9.6,12.3,29.5,142,16.7,961.9,loc_coimbatore,11.0168,76.9558,ECMWF_ERA5_Reanalysis
2022-10-17,29.6,22.0,24.1,34.9,25.8,28.4,16.4,9.4,28.1,3,15.08,963.6,loc_coimbatore,11.0168,76.9558,ECMWF_ERA5_Reanalysis
2022-10-18,27.6,21.6,24.1,31.9,25.0,27.3,1.3,18.4,37.4,219,18.82,963.4,loc_coimbatore,11.0168,76.9558,ECMWF_ERA5_Reanalysis
2022-10-19,29.5,21.4,24.1,34.9,24.5,27.7,0.2,15.9,34.2,213,18.65,962.7,loc_coimbatore,11.0168,76.9558,ECMWF_ERA5_Reanalysis
2022-10-20,28.2,21.4,24.2,33.8,25.0,28.2,3.7,12.6,30.2,200,17.9,963.1,loc_coimbatore,11.0168,76.9558,ECMWF_ERA5_Reanalysis
2022-10-21,29.0,21.5,23.9,33.7,24.5,27.4,11.9,15.6,31.0,26,14.32,964.2,loc_coimbatore,11.0168,76.9558,ECMWF_ERA5_Reanalysis
2022-10-22,30.2,20.8,24.7,35.0,23.5,28.5,4.0,10.6,24.8,50,20.97,964.3,loc_coimbatore,11.0168,76.9558,ECMWF_ERA5_Reanalysis
2022-10-23,28.7,20.9,24.6,33.7,24.7,28.5,0.7,11.6,28.4,202,22.32,963.8,loc_coimbatore,11.0168,76.9558,ECMWF_ERA5_Reanalysis
2022-10-24,28.5,21.6,24.5,32.1,24.7,27.9,1.7,13.2,27.0,201,21.09,962.5,loc_coimbatore,11.0168,76.9558,ECMWF_ERA5_Reanalysis
2022-10-25,29.1,21.6,24.8,33.2,24.9,28.2,0.1,14.8,32.8,184,22.69,962.9,loc_coimbatore,11.0168,76.9558,ECMWF_ERA5_Reanalysis
2022-10-26,30.8,19.9,25.0,32.9,22.6,27.4,0.0,12.2,27.0,31,23.13,963.7,loc_coimbatore,11.0168,76.9558,ECMWF_ERA5_Reanalysis
2022-10-27,30.0,21.3,25.5,32.9,23.0,27.2,0.4,11.5,26.3,46,22.01,963.7,loc_coimbatore,11.0168,76.9558,ECMWF_ERA5_Reanalysis
2022-10-28,30.5,19.8,25.5,32.4,20.0,26.8,1.3,13.7,30.6,47,21.0,962.5,loc_coimbatore,11.0168,76.9558,ECMWF_ERA5_Reanalysis
2022-10-29,29.0,21.1,24.1,31.0,23.2,26.6,5.0,16.6,36.4,35,19.19,962.8,loc_coimbatore,11.0168,76.9558,ECMWF_ERA5_Reanalysis
2022-10-30,27.6,21.7,24.0,30.8,24.4,26.8,13.8,16.7,35.6,38,14.57,962.9,loc_coimbatore,11.0168,76.9558,ECMWF_ERA5_Reanalysis
2022-10-31,30.4,21.6,25.6,33.2,24.9,28.2,0.0,14.8,32.8,52,22.23,962.3,loc_coimbatore,11.0168,76.9558,ECMWF_ERA5_Reanalysis
2022-11-01,28.3,21.0,25.1,31.3,23.5,28.0,0.5,12.1,25.9,174,15.61,963.0,loc_coimbatore,11.0168,76.9558,ECMWF_ERA5_Reanalysis
2022-11-02,28.8,20.7,24.1,32.1,24.0,27.5,12.5,14.8,32.0,52,17.26,962.6,loc_coimbatore,11.0168,76.9558,ECMWF_ERA5_Reanalysis
2022-11-03,28.8,21.5,24.4,32.2,24.8,27.3,6.9,16.1,33.8,38,18.15,962.3,loc_coimbatore,11.0168,76.9558,ECMWF_ERA5_Reanalysis
2022-11-04,29.2,21.7,23.9,32.9,24.5,26.8,19.8,15.2,31.3,32,17.45,963.6,loc_coimbatore,11.0168,76.9558,ECMWF_ERA5_Reanalysis
2022-11-05,28.3,21.3,24.2,31.8,23.3,27.0,3.2,15.5,33.5,28,16.63,965.1,loc_coimbatore,11.0168,76.9558,ECMWF_ERA5_Reanalysis
2022-11-06,28.3,21.5,23.9,31.5,24.3,27.0,17.8,14.8,32.4,44,17.43,965.5,loc_coimbatore,11.0168,76.9558,ECMWF_ERA5_Reanalysis
2022-11-07,29.2,21.1,24.4,31.9,24.2,27.5,0.1,12.1,25.9,51,21.55,964.8,loc_coimbatore,11.0168,76.9558,ECMWF_ERA5_Reanalysis
2022-11-08,29.5,21.5,24.4,32.2,24.5,27.5,1.4,21.3,42.1,50,19.5,964.3,loc_coimbatore,11.0168,76.9558,ECMWF_ERA5_Reanalysis
2022-11-09,29.7,21.6,24.8,32.5,24.5,27.5,1.0,14.4,31.7,49,20.59,963.9,loc_coimbatore,11.0168,76.9558,ECMWF_ERA5_Reanalysis
2022-11-10,29.5,20.3,24.8,32.0,23.3,27.2,0.0,12.5,27.7,52,22.35,963.4,loc_coimbatore,11.0168,76.9558,ECMWF_ERA5_Reanalysis
2022-11-11,23.8,21.2,22.2,26.2,24.5,25.4,45.9,12.8,25.2,83,3.54,963.2,loc_coimbatore,11.0168,76.9558,ECMWF_ERA5_Reanalysis
2022-11-12,25.0,20.7,22.2,27.7,23.4,25.2,29.0,14.8,28.4,24,7.76,962.6,loc_coimbatore,11.0168,76.9558,ECMWF_ERA5_Reanalysis
2022-11-13,28.1,21.4,23.5,31.6,23.6,26.2,12.2,18.1,35.6,33,17.0,963.3,loc_coimbatore,11.0168,76.9558,ECMWF_ERA5_Reanalysis
2022-11-14,27.8,21.5,23.7,31.6,23.9,26.6,4.8,15.3,31.3,28,18.48,964.3,loc_coimbatore,11.0168,76.9558,ECMWF_ERA5_Reanalysis
2022-11-15,28.3,20.9,24.1,32.0,24.0,27.2,2.5,11.3,25.2,47,18.23,964.8,loc_coimbatore,11.0168,76.9558,ECMWF_ERA5_Reanalysis
2022-11-16,27.7,21.1,23.7,32.4,24.5,27.3,7.7,10.0,22.3,47,16.69,963.7,loc_coimbatore,11.0168,76.9558,ECMWF_ERA5_Reanalysis
2022-11-17,28.9,21.3,24.2,32.2,24.0,27.2,2.3,12.3,27.7,55,19.79,962.9,loc_coimbatore,11.0168,76.9558,ECMWF_ERA5_Reanalysis
2022-11-18,27.9,19.1,22.9,30.1,20.5,24.2,0.0,12.1,26.3,54,20.84,963.1,loc_coimbatore,11.0168,76.9558,ECMWF_ERA5_Reanalysis
2022-11-19,27.3,18.7,22.6,28.3,19.4,23.4,0.0,12.2,27.7,54,22.07,963.0,loc_coimbatore,11.0168,76.9558,ECMWF_ERA5_Reanalysis
2022-11-20,27.7,18.0,23.5,31.0,19.4,25.3,0.0,9.1,22.3,64,22.26,961.7,loc_coimbatore,11.0168,76.9558,ECMWF_ERA5_Reanalysis
2022-11-21,27.5,19.5,23.0,30.5,20.7,24.9,0.0,8.4,22.7,201,21.43,961.4,loc_coimbatore,11.0168,76.9558,ECMWF_ERA5_Reanalysis
2022-11-22,27.8,19.0,23.4,30.3,20.6,25.7,0.0,13.4,28.8,207,21.09,961.6,loc_coimbatore,11.0168,76.9558,ECMWF_ERA5_Reanalysis
2022-11-23,28.9,19.5,23.7,30.8,21.6,26.0,0.0,17.6,35.6,208,20.66,962.2,loc_coimbatore,11.0168,76.9558,ECMWF_ERA5_Reanalysis
2022-11-24,29.2,20.5,24.7,33.4,23.0,27.6,0.3,11.1,21.6,219,20.43,962.5,loc_coimbatore,11.0168,76.9558,ECMWF_ERA5_Reanalysis
2022-11-25,30.4,22.1,25.4,31.8,24.8,27.5,0.6,14.6,31.0,42,18.8,963.5,loc_coimbatore,11.0168,76.9558,ECMWF_ERA5_Reanalysis
2022-11-26,29.6,21.7,25.1,32.8,24.2,28.2,3.6,10.9,20.2,45,19.17,963.0,loc_coimbatore,11.0168,76.9558,ECMWF_ERA5_Reanalysis
2022-11-27,29.2,21.5,24.0,34.0,24.2,27.6,15.4,14.5,30.2,34,17.32,961.5,loc_coimbatore,11.0168,76.9558,ECMWF_ERA5_Reanalysis
2022-11-28,28.4,21.4,23.8,33.1,24.3,27.5,2.3,9.4,27.0,32,16.57,962.0,loc_coimbatore,11.0168,76.9558,ECMWF_ERA5_Reanalysis
2022-11-29,27.8,21.4,23.6,31.2,24.4,27.0,3.7,9.2,20.9,58,13.6,962.8,loc_coimbatore,11.0168,76.9558,ECMWF_ERA5_Reanalysis
2022-11-30,28.6,20.9,24.1,31.1,23.2,26.2,0.7,12.5,27.0,61,17.03,963.4,loc_coimbatore,11.0168,76.9558,ECMWF_ERA5_Reanalysis
2022-12-01,28.7,19.6,24.2,31.6,20.8,26.1,0.0,14.1,29.9,39,19.48,963.1,loc_coimbatore,11.0168,76.9558,ECMWF_ERA5_Reanalysis
2022-12-02,30.1,21.9,25.1,33.0,24.9,27.8,2.4,16.1,27.0,41,18.81,962.5,loc_coimbatore,11.0168,76.9558,ECMWF_ERA5_Reanalysis
2022-12-03,29.4,21.1,24.5,32.0,24.0,27.3,7.4,14.8,31.7,48,17.71,962.9,loc_coimbatore,11.0168,76.9558,ECMWF_ERA5_Reanalysis
2022-12-04,28.4,21.4,23.8,31.1,23.3,26.5,14.1,16.8,34.6,40,15.94,963.6,loc_coimbatore,11.0168,76.9558,ECMWF_ERA5_Reanalysis
2022-12-05,28.1,21.1,24.0,29.2,23.6,26.1,1.9,20.2,39.2,45,16.1,964.1,loc_coimbatore,11.0168,76.9558,ECMWF_ERA5_Reanalysis
2022-12-06,28.3,20.8,24.2,30.9,23.5,26.5,0.1,13.2,27.4,53,17.02,963.3,loc_coimbatore,11.0168,76.9558,ECMWF_ERA5_Reanalysis
2022-12-07,28.0,20.0,23.5,30.0,22.0,25.6,0.0,8.6,20.5,53,14.82,962.3,loc_coimbatore,11.0168,76.9558,ECMWF_ERA5_Reanalysis
2022-12-08,26.7,19.7,23.0,27.8,20.2,24.4,0.7,10.6,23.8,196,14.26,961.0,loc_coimbatore,11.0168,76.9558,ECMWF_ERA5_Reanalysis
2022-12-09,23.0,19.5,20.8,25.0,21.4,22.9,13.1,11.5,24.5,198,5.93,959.5,loc_coimbatore,11.0168,76.9558,ECMWF_ERA5_Reanalysis
2022-12-10,26.4,18.9,21.9,28.5,20.4,24.1,28.3,17.3,37.4,198,13.85,958.6,loc_coimbatore,11.0168,76.9558,ECMWF_ERA5_Reanalysis
2022-12-11,24.5,20.5,21.7,26.7,22.8,24.5,13.4,14.1,29.2,205,8.78,959.9,loc_coimbatore,11.0168,76.9558,ECMWF_ERA5_Reanalysis
2022-12-12,25.7,20.5,22.1,27.2,24.0,25.0,6.0,21.3,41.8,207,11.47,960.9,loc_coimbatore,11.0168,76.9558,ECMWF_ERA5_Reanalysis
2022-12-13,26.3,20.1,22.9,30.3,23.6,26.3,24.6,9.8,21.6,27,13.03,962.6,loc_coimbatore,11.0168,76.9558,ECMWF_ERA5_Reanalysis
2022-12-14,27.3,21.1,23.4,30.1,23.1,26.1,4.5,13.4,27.7,41,16.21,963.7,loc_coimbatore,11.0168,76.9558,ECMWF_ERA5_Reanalysis
2022-12-15,27.9,20.6,23.4,30.9,21.9,25.4,0.1,14.8,29.5,37,19.24,963.1,loc_coimbatore,11.0168,76.9558,ECMWF_ERA5_Reanalysis
2022-12-16,27.7,17.6,22.7,29.9,18.6,24.3,0.0,11.2,25.2,48,21.23,962.5,loc_coimbatore,11.0168,76.9558,ECMWF_ERA5_Reanalysis
2022-12-17,28.5,20.1,23.8,30.2,22.0,25.4,0.0,16.5,31.7,48,20.6,963.1,loc_coimbatore,11.0168,76.9558,ECMWF_ERA5_Reanalysis
2022-12-18,28.2,20.4,24.0,29.5,22.5,25.8,0.6,18.0,35.6,51,18.31,962.3,loc_coimbatore,11.0168,76.9558,ECMWF_ERA5_Reanalysis
2022-12-19,27.5,21.0,23.5,28.4,22.2,24.6,1.4,16.4,33.1,50,19.0,961.9,loc_coimbatore,11.0168,76.9558,ECMWF_ERA5_Reanalysis
2022-12-20,28.6,21.1,24.4,29.4,22.1,25.7,0.0,17.1,34.2,45,14.91,961.3,loc_coimbatore,11.0168,76.9558,ECMWF_ERA5_Reanalysis
2022-12-21,29.4,20.0,24.3,31.6,22.4,26.3,0.0,15.3,32.4,49,20.23,961.7,loc_coimbatore,11.0168,76.9558,ECMWF_ERA5_Reanalysis
2022-12-22,28.9,18.3,23.1,28.1,19.3,23.2,0.0,14.5,30.6,44,21.64,961.8,loc_coimbatore,11.0168,76.9558,ECMWF_ERA5_Reanalysis
2022-12-23,29.8,18.8,24.0,32.2,18.8,24.7,0.0,11.3,24.8,62,21.1,961.6,loc_coimbatore,11.0168,76.9558,ECMWF_ERA5_Reanalysis
2022-12-24,30.5,19.9,24.7,30.9,21.0,25.5,0.0,12.4,24.1,58,21.39,962.3,loc_coimbatore,11.0168,76.9558,ECMWF_ERA5_Reanalysis
2022-12-25,29.8,19.7,24.1,32.0,20.9,26.0,4.5,16.9,35.6,50,17.11,962.6,loc_coimbatore,11.0168,76.9558,ECMWF_ERA5_Reanalysis
2022-12-26,28.4,21.4,23.7,30.3,23.3,25.7,3.8,20.0,38.2,29,13.44,964.2,loc_coimbatore,11.0168,76.9558,ECMWF_ERA5_Reanalysis
2022-12-27,28.5,21.9,24.3,30.9,24.0,26.5,1.9,16.6,37.1,36,14.56,965.7,loc_coimbatore,11.0168,76.9558,ECMWF_ERA5_Reanalysis
2022-12-28,29.5,21.9,24.8,31.6,24.1,27.1,1.1,16.2,32.4,48,16.93,966.8,loc_coimbatore,11.0168,76.9558,ECMWF_ERA5_Reanalysis
2022-12-29,29.9,20.1,24.3,32.1,21.6,25.9,0.0,12.9,28.1,47,20.82,967.8,loc_coimbatore,11.0168,76.9558,ECMWF_ERA5_Reanalysis
2022-12-30,29.5,20.3,24.3,30.4,22.2,25.5,0.0,13.8,29.9,43,20.19,968.6,loc_coimbatore,11.0168,76.9558,ECMWF_ERA5_Reanalysis
2022-12-31,29.3,20.5,24.1,31.1,22.0,25.4,0.0,10.4,24.8,48,21.01,968.1,loc_coimbatore,11.0168,76.9558,ECMWF_ERA5_Reanalysis
2023-01-01,29.9,18.9,24.0,31.2,18.9,24.7,0.0,12.3,24.8,48,21.42,967.2,loc_coimbatore,11.0168,76.9558,ECMWF_ERA5_Reanalysis
2023-01-02,29.3,20.0,23.7,29.6,20.8,24.3,0.0,14.7,32.4,57,20.95,967.1,loc_coimbatore,11.0168,76.9558,ECMWF_ERA5_Reanalysis
2023-01-03,30.1,20.0,24.3,30.6,20.6,24.8,0.0,12.5,29.2,46,20.53,967.0,loc_coimbatore,11.0168,76.9558,ECMWF_ERA5_Reanalysis
2023-01-04,29.7,20.5,24.4,29.6,21.7,25.0,0.5,16.1,34.2,49,18.8,966.3,loc_coimbatore,11.0168,76.9558,ECMWF_ERA5_Reanalysis
2023-01-05,28.8,19.5,24.0,28.6,21.2,24.8,0.0,16.8,34.9,46,16.95,966.5,loc_coimbatore,11.0168,76.9558,ECMWF_ERA5_Reanalysis
2023-01-06,29.9,20.1,24.4,30.3,21.5,25.1,0.0,19.2,37.1,48,17.91,967.4,loc_coimbatore,11.0168,76.9558,ECMWF_ERA5_Reanalysis
2023-01-07,29.7,20.5,24.5,29.1,21.6,24.8,0.0,18.8,38.2,45,16.89,966.8,loc_coimbatore,11.0168,76.9558,ECMWF_ERA5_Reanalysis
2023-01-08,30.0,20.4,24.4,29.8,22.0,25.3,0.0,16.3,33.5,54,16.55,966.0,loc_coimbatore,11.0168,76.9558,ECMWF_ERA5_Reanalysis
2023-01-09,29.6,20.7,24.1,30.2,20.8,24.5,0.2,16.4,33.5,57,20.24,966.9,loc_coimbatore,11.0168,76.9558,ECMWF_ERA5_Reanalysis
2023-01-10,29.2,17.4,22.7,28.5,17.6,22.5,0.0,15.2,33.1,48,22.2,966.6,loc_coimbatore,11.0168,76.9558,ECMWF_ERA5_Reanalysis
2023-01-11,29.8,18.2,23.1,29.0,18.7,22.8,0.0,13.1,30.2,44,22.43,965.0,loc_coimbatore,11.0168,76.9558,ECMWF_ERA5_Reanalysis
2023-01-12,30.4,18.4,23.4,30.0,19.1,23.4,0.0,13.1,30.6,55,22.29,964.1,loc_coimbatore,11.0168,76.9558,ECMWF_ERA5_Reanalysis
2023-01-13,30.2,17.9,23.4,30.5,18.4,23.6,0.0,11.5,27.0,43,21.37,964.3,loc_coimbatore,11.0168,76.9558,ECMWF_ERA5_Reanalysis
2023-01-14,30.5,18.5,23.9,30.4,19.1,24.0,0.0,11.6,27.0,47,22.04,964.4,loc_coimbatore,11.0168,76.9558,ECMWF_ERA5_Reanalysis
2023-01-15,30.7,18.0,23.5,30.9,18.3,23.6,0.0,10.5,26.6,55,21.81,963.6,loc_coimbatore,11.0168,76.9558,ECMWF_ERA5_Reanalysis
2023-01-16,31.2,18.1,24.1,31.2,18.8,24.2,0.0,11.9,27.0,53,22.04,964.0,loc_coimbatore,11.0168,76.9558,ECMWF_ERA5_Reanalysis
2023-01-17,30.6,18.9,24.0,30.6,20.2,24.4,0.0,13.3,30.6,51,21.22,964.9,loc_coimbatore,11.0168,76.9558,ECMWF_ERA5_Reanalysis
2023-01-18,30.7,18.8,24.2,30.6,19.6,24.2,0.0,15.8,35.3,54,21.97,965.9,loc_coimbatore,11.0168,76.9558,ECMWF_ERA5_Reanalysis
2023-01-19,30.5,18.7,23.7,29.8,18.8,23.3,0.0,15.6,33.1,49,21.9,966.0,loc_coimbatore,11.0168,76.9558,ECMWF_ERA5_Reanalysis
2023-01-20,29.8,18.9,23.9,30.1,18.9,23.7,0.0,16.6,36.4,52,21.61,965.8,loc_coimbatore,11.0168,76.9558,ECMWF_ERA5_Reanalysis
2023-01-21,30.6,20.3,24.8,30.4,21.8,25.2,0.1,15.5,34.6,45,21.41,965.0,loc_coimbatore,11.0168,76.9558,ECMWF_ERA5_Reanalysis
2023-01-22,30.0,20.6,24.5,29.3,22.2,25.0,0.0,18.3,37.8,61,17.52,964.2,loc_coimbatore,11.0168,76.9558,ECMWF_ERA5_Reanalysis
2023-01-23,30.5,20.5,25.0,30.5,22.3,26.1,0.1,14.9,30.6,58,16.49,963.4,loc_coimbatore,11.0168,76.9558,ECMWF_ERA5_Reanalysis
2023-01-24,30.4,21.3,24.7,32.7,23.9,27.0,4.1,13.0,29.5,40,16.42,963.6,loc_coimbatore,11.0168,76.9558,ECMWF_ERA5_Reanalysis
2023-01-25,30.4,20.3,24.4,31.3,21.7,25.1,0.0,15.5,32.0,63,18.39,963.6,loc_coimbatore,11.0168,76.9558,ECMWF_ERA5_Reanalysis
2023-01-26,30.0,20.0,24.3,30.9,21.2,24.8,0.0,14.3,31.7,53,20.43,963.8,loc_coimbatore,11.0168,76.9558,ECMWF_ERA5_Reanalysis
2023-01-27,30.8,19.1,24.3,31.3,20.2,24.8,0.0,13.5,29.5,50,21.32,963.7,loc_coimbatore,11.0168,76.9558,ECMWF_ERA5_Reanalysis
2023-01-28,31.5,19.3,24.5,30.5,20.5,24.3,0.0,16.7,30.6,50,23.12,963.1,loc_coimbatore,11.0168,76.9558,ECMWF_ERA5_Reanalysis
2023-01-29,32.1,19.5,25.1,30.9,19.0,24.9,0.0,15.4,34.6,60,23.12,962.1,loc_coimbatore,11.0168,76.9558,ECMWF_ERA5_Reanalysis
2023-01-30,30.5,20.6,24.7,30.9,23.4,26.7,6.6,13.4,31.3,53,15.51,963.3,loc_coimbatore,11.0168,76.9558,ECMWF_ERA5_Reanalysis
2023-01-31,32.9,21.4,26.3,34.3,24.1,27.7,0.4,18.0,37.1,58,20.26,962.8,loc_coimbatore,11.0168,76.9558,ECMWF_ERA5_Reanalysis
2023-02-01,33.3,20.2,26.4,32.5,21.7,26.5,0.0,18.3,39.6,60,22.55,962.4,loc_coimbatore,11.0168,76.9558,ECMWF_ERA5_Reanalysis
2023-02-02,32.6,22.4,25.9,31.2,23.1,25.1,0.3,21.1,44.3,59,15.72,962.9,loc_coimbatore,11.0168,76.9558,ECMWF_ERA5_Reanalysis
2023-02-03,30.0,20.7,24.0,30.7,21.9,25.5,2.2,16.1,34.9,45,12.36,963.5,loc_coimbatore,11.0168,76.9558,ECMWF_ERA5_Reanalysis
2023-02-04,31.6,21.4,25.1,32.0,23.8,26.7,0.1,16.9,36.0,58,22.01,963.2,loc_coimbatore,11.0168,76.9558,ECMWF_ERA5_Reanalysis
2023-02-05,32.3,19.6,25.2,31.6,21.3,25.6,0.0,16.7,35.6,56,22.69,963.0,loc_coimbatore,11.0168,76.9558,ECMWF_ERA5_Reanalysis
2023-02-06,32.4,19.1,25.3,32.4,20.0,25.4,0.0,13.7,32.0,58,23.61,963.4,loc_coimbatore,11.0168,76.9558,ECMWF_ERA5_Reanalysis
2023-02-07,33.0,19.9,26.2,33.8,20.3,26.4,0.0,11.4,26.3,69,23.82,963.3,loc_coimbatore,11.0168,76.9558,ECMWF_ERA5_Reanalysis
2023-02-08,33.2,20.7,26.1,33.8,21.5,26.4,0.0,15.0,34.9,56,23.63,963.1,loc_coimbatore,11.0168,76.9558,ECMWF_ERA5_Reanalysis
2023-02-09,33.1,20.9,26.4,33.2,22.2,27.0,0.0,14.8,35.3,59,23.76,964.0,loc_coimbatore,11.0168,76.9558,ECMWF_ERA5_Reanalysis
2023-02-10,33.9,20.5,26.1,32.0,20.9,25.5,0.0,17.4,37.1,57,24.02,964.8,loc_coimbatore,11.0168,76.9558,ECMWF_ERA5_Reanalysis
2023-02-11,33.2,19.6,25.9,32.3,18.9,24.9,0.0,15.3,32.8,58,23.35,965.1,loc_coimbatore,11.0168,76.9558,ECMWF_ERA5_Reanalysis
2023-02-12,33.9,19.0,25.9,32.6,18.4,24.8,0.0,16.3,35.3,47,24.45,965.1,loc_coimbatore,11.0168,76.9558,ECMWF_ERA5_Reanalysis
2023-02-13,34.3,20.2,26.5,32.2,18.9,25.0,0.0,18.9,41.0,57,24.7,965.1,loc_coimbatore,11.0168,76.9558,ECMWF_ERA5_Reanalysis
2023-02-14,33.6,20.4,26.4,32.8,19.9,25.6,0.0,14.2,32.8,59,24.86,965.0,loc_coimbatore,11.0168,76.9558,ECMWF_ERA5_Reanalysis
2023-02-15,34.1,20.2,26.5,33.0,19.2,25.6,0.0,16.2,34.9,54,24.91,963.5,loc_coimbatore,11.0168,76.9558,ECMWF_ERA5_Reanalysis
2023-02-16,34.2,20.5,26.4,31.9,19.3,25.2,0.0,19.0,41.0,58,24.89,963.7,loc_coimbatore,11.0168,76.9558,ECMWF_ERA5_Reanalysis
2023-02-17,33.3,20.0,25.9,32.6,20.5,25.6,0.0,15.8,35.6,63,24.79,964.4,loc_coimbatore,11.0168,76.9558,ECMWF_ERA5_Reanalysis
2023-02-18,33.2,20.3,26.1,32.7,20.2,25.4,0.0,13.5,32.0,58,24.96,964.5,loc_coimbatore,11.0168,76.9558,ECMWF_ERA5_Reanalysis
2023-02-19,33.4,20.8,26.3,34.1,19.6,26.4,0.0,13.5,30.2,52,24.36,964.7,loc_coimbatore,11.0168,76.9558,ECMWF_ERA5_Reanalysis
2023-02-20,34.1,20.9,26.9,35.2,22.3,27.8,0.0,12.3,28.8,64,24.65,964.9,loc_coimbatore,11.0168,76.9558,ECMWF_ERA5_Reanalysis
2023-02-21,34.1,20.8,27.2,34.6,23.1,27.6,0.0,16.0,33.5,60,24.71,965.1,loc_coimbatore,11.0168,76.9558,ECMWF_ERA5_Reanalysis
2023-02-22,34.8,20.4,27.4,33.0,19.5,26.1,0.0,17.9,37.1,60,25.4,964.5,loc_coimbatore,11.0168,76.9558,ECMWF_ERA5_Reanalysis
2023-02-23,33.3,20.1,26.0,31.8,19.4,25.1,0.0,16.8,37.4,58,25.48,964.4,loc_coimbatore,11.0168,76.9558,ECMWF_ERA5_Reanalysis
2023-02-24,33.8,20.8,26.7,34.3,21.0,26.7,0.0,13.8,30.6,48,24.96,965.0,loc_coimbatore,11.0168,76.9558,ECMWF_ERA5_Reanalysis
2023-02-25,35.2,21.2,27.4,33.1,21.4,26.5,0.0,17.8,38.5,62,25.44,966.4,loc_coimbatore,11.0168,76.9558,ECMWF_ERA5_Reanalysis
2023-02-26,34.6,20.9,27.3,31.1,19.0,24.8,0.0,20.1,42.8,63,26.07,967.2,loc_coimbatore,11.0168,76.9558,ECMWF_ERA5_Reanalysis
2023-02-27,33.0,19.2,25.5,31.2,19.7,24.6,0.0,16.4,37.4,51,25.76,967.7,loc_coimbatore,11.0168,76.9558,ECMWF_ERA5_Reanalysis
2023-02-28,33.6,20.9,26.5,33.0,20.2,26.1,0.1,21.7,44.3,56,23.03,967.2,loc_coimbatore,11.0168,76.9558,ECMWF_ERA5_Reanalysis
2023-03-01,33.7,21.9,27.3,34.4,22.7,27.9,0.6,18.0,40.3,63,21.11,967.2,loc_coimbatore,11.0168,76.9558,ECMWF_ERA5_Reanalysis
2023-03-02,33.8,21.2,27.0,32.0,21.8,26.2,0.0,17.2,37.8,59,25.41,967.7,loc_coimbatore,11.0168,76.9558,ECMWF_ERA5_Reanalysis
2023-03-03,34.7,19.3,26.6,31.5,18.0,24.5,0.0,19.6,40.3,60,26.3,968.0,loc_coimbatore,11.0168,76.9558,ECMWF_ERA5_Reanalysis
2023-03-04,34.8,19.6,27.1,32.7,18.7,26.0,0.0,21.6,41.0,56,25.3,967.9,loc_coimbatore,11.0168,76.9558,ECMWF_ERA5_Reanalysis
2023-03-05,35.3,22.2,28.3,35.2,22.1,28.2,0.0,19.1,37.8,62,24.88,967.3,loc_coimbatore,11.0168,76.9558,ECMWF_ERA5_Reanalysis
2023-03-06,35.1,22.0,27.8,33.2,23.2,27.3,0.0,15.6,34.2,59,25.85,966.1,loc_coimbatore,11.0168,76.9558,ECMWF_ERA5_Reanalysis
2023-03-07,33.9,21.3,27.3,32.1,22.0,26.5,0.0,14.5,33.8,52,22.09,965.4,loc_coimbatore,11.0168,76.9558,ECMWF_ERA5_Reanalysis
2023-03-08,34.1,21.3,27.3,33.7,22.3,27.5,0.0,17.7,38.2,59,25.07,965.2,loc_coimbatore,11.0168,76.9558,ECMWF_ERA5_Reanalysis
2023-03-09,34.3,21.6,27.8,33.1,22.2,27.5,0.0,16.5,37.8,60,24.65,964.8,loc_coimbatore,11.0168,76.9558,ECMWF_ERA5_Reanalysis
2023-03-10,34.3,21.7,27.6,33.4,22.6,27.3,0.0,17.0,33.5,62,23.89,964.3,loc_coimbatore,11.0168,76.9558,ECMWF_ERA5_Reanalysis
2023-03-11,34.3,21.8,27.6,34.1,23.3,28.0,0.0,15.3,34.6,66,25.62,964.4,loc_coimbatore,11.0168,76.9558,ECMWF_ERA5_Reanalysis
2023-03-12,34.6,22.1,27.9,34.9,24.1,28.8,0.0,17.7,38.5,70,24.25,964.3,loc_coimbatore,11.0168,76.9558,ECMWF_ERA5_Reanalysis
2023-03-13,34.9,22.5,28.5,35.5,24.0,29.1,0.0,17.7,38.9,66,25.14,963.6,loc_coimbatore,11.0168,76.9558,ECMWF_ERA5_Reanalysis
2023-03-14,36.3,23.3,29.5,36.2,23.8,29.4,0.0,13.4,33.1,76,24.84,962.3,loc_coimbatore,11.0168,76.9558,ECMWF_ERA5_Reanalysis
2023-03-15,36.4,23.0,28.8,37.3,26.2,30.6,0.0,13.5,29.2,96,24.06,961.7,loc_coimbatore,11.0168,76.9558,ECMWF_ERA5_Reanalysis
2023-03-16,35.2,23.3,28.4,38.6,27.4,31.2,0.3,19.6,40.3,48,22.49,962.4,loc_coimbatore,11.0168,76.9558,ECMWF_ERA5_Reanalysis
2023-03-17,34.2,22.6,27.3,36.7,24.4,29.7,0.0,18.1,32.8,24,20.13,962.7,loc_coimbatore,11.0168,76.9558,ECMWF_ERA5_Reanalysis
2023-03-18,33.3,22.0,27.1,36.7,24.5,29.3,0.1,16.2,38.9,304,20.95,962.2,loc_coimbatore,11.0168,76.9558,ECMWF_ERA5_Reanalysis
2023-03-19,33.1,22.8,27.4,34.3,25.8,29.3,0.0,22.4,46.1,222,21.37,961.3,loc_coimbatore,11.0168,76.9558,ECMWF_ERA5_Reanalysis
2023-03-20,35.2,22.2,27.6,35.4,26.0,29.3,0.2,24.3,48.6,215,21.76,960.8,loc_coimbatore,11.0168,76.9558,ECMWF_ERA5_Reanalysis
2023-03-21,37.2,22.2,28.9,36.7,24.4,29.0,0.0,22.1,43.9,208,25.71,960.5,loc_coimbatore,11.0168,76.9558,ECMWF_ERA5_Reanalysis
2023-03-22,35.9,21.6,28.5,35.3,23.5,28.6,0.0,21.1,40.3,205,26.19,961.4,loc_coimbatore,11.0168,76.9558,ECMWF_ERA5_Reanalysis
2023-03-23,37.0,22.5,29.2,38.8,25.5,31.1,0.0,15.9,32.4,213,24.26,961.5,loc_coimbatore,11.0168,76.9558,ECMWF_ERA5_Reanalysis
2023-03-24,36.7,23.3,28.5,39.1,26.8,31.2,0.0,28.4,54.4,225,21.97,962.0,loc_coimbatore,11.0168,76.9558,ECMWF_ERA5_Reanalysis
2023-03-25,34.9,24.0,27.9,37.7,27.4,30.8,2.4,20.2,44.3,211,18.67,963.0,loc_coimbatore,11.0168,76.9558,ECMWF_ERA5_Reanalysis
2023-03-26,35.3,23.6,28.8,38.8,27.2,31.7,0.7,15.8,31.3,213,22.67,962.4,loc_coimbatore,11.0168,76.9558,ECMWF_ERA5_Reanalysis
2023-03-27,37.3,23.6,29.2,39.6,27.4,31.9,0.2,13.8,31.7,208,23.3,962.1,loc_coimbatore,11.0168,76.9558,ECMWF_ERA5_Reanalysis
2023-03-28,37.0,23.7,30.1,39.2,27.6,32.8,0.0,12.5,25.9,129,23.52,961.9,loc_coimbatore,11.0168,76.9558,ECMWF_ERA5_Reanalysis
2023-03-29,36.3,24.3,29.0,39.5,28.2,32.1,3.3,17.1,44.3,221,21.21,963.1,loc_coimbatore,11.0168,76.9558,ECMWF_ERA5_Reanalysis
2023-03-30,37.4,23.2,29.2,39.5,27.0,31.9,0.0,15.8,32.0,193,23.54,962.3,loc_coimbatore,11.0168,76.9558,ECMWF_ERA5_Reanalysis
2023-03-31,37.0,23.6,29.7,37.4,28.0,31.7,0.0,17.8,35.3,207,24.54,961.5,loc_coimbatore,11.0168,76.9558,ECMWF_ERA5_Reanalysis
2023-04-01,34.9,23.9,28.6,37.1,27.4,31.2,1.1,17.6,42.5,222,21.08,961.9,loc_coimbatore,11.0168,76.9558,ECMWF_ERA5_Reanalysis
2023-04-02,34.6,24.0,27.6,38.5,27.3,30.2,1.8,19.1,40.3,220,19.31,961.8,loc_coimbatore,11.0168,76.9558,ECMWF_ERA5_Reanalysis
2023-04-03,35.6,23.2,28.6,37.7,26.7,31.4,0.8,13.5,36.7,207,23.39,961.3,loc_coimbatore,11.0168,76.9558,ECMWF_ERA5_Reanalysis
2023-04-04,31.2,22.9,26.8,32.0,26.3,29.2,6.6,13.5,31.7,223,12.57,962.7,loc_coimbatore,11.0168,76.9558,ECMWF_ERA5_Reanalysis
2023-04-05,37.0,23.6,29.3,39.3,26.5,31.6,0.0,18.7,43.6,170,24.27,961.9,loc_coimbatore,11.0168,76.9558,ECMWF_ERA5_Reanalysis
2023-04-06,37.2,23.4,29.8,40.0,27.3,32.4,0.0,14.1,30.6,133,24.03,962.3,loc_coimbatore,11.0168,76.9558,ECMWF_ERA5_Reanalysis
2023-04-07,36.5,23.8,29.8,37.3,28.3,31.6,0.0,17.9,37.4,83,24.1,963.5,loc_coimbatore,11.0168,76.9558,ECMWF_ERA5_Reanalysis
2023-04-08,36.9,24.0,29.5,36.1,25.5,30.2,0.0,20.5,41.4,76,24.72,965.1,loc_coimbatore,11.0168,76.9558,ECMWF_ERA5_Reanalysis
2023-04-09,36.6,23.7,29.6,37.8,25.9,30.9,0.0,13.7,30.6,72,25.83,965.3,loc_coimbatore,11.0168,76.9558,ECMWF_ERA5_Reanalysis
2023-04-10,36.4,24.1,30.0,37.4,26.6,31.1,0.1,17.0,36.4,67,24.28,964.2,loc_coimbatore,11.0168,76.9558,ECMWF_ERA5_Reanalysis
2023-04-11,37.2,24.4,30.3,37.1,26.2,31.2,0.0,17.0,36.0,86,24.96,964.2,loc_coimbatore,11.0168,76.9558,ECMWF_ERA5_Reanalysis
2023-04-12,38.7,23.9,31.1,38.7,24.6,31.3,0.0,17.0,35.6,84,26.67,963.7,loc_coimbatore,11.0168,76.9558,ECMWF_ERA5_Reanalysis
2023-04-13,39.2,23.5,31.1,38.9,27.5,31.7,0.0,17.1,38.5,110,26.99,963.4,loc_coimbatore,11.0168,76.9558,ECMWF_ERA5_Reanalysis
2023-04-14,39.6,24.0,30.8,39.5,28.1,32.4,0.0,16.9,38.5,157,26.75,963.2,loc_coimbatore,11.0168,76.9558,ECMWF_ERA5_Reanalysis
2023-04-15,39.5,24.0,30.8,38.5,27.7,31.9,0.0,18.4,38.2,124,25.71,962.5,loc_coimbatore,11.0168,76.9558,ECMWF_ERA5_Reanalysis
2023-04-16,38.7,24.0,30.7,39.5,28.3,32.5,0.0,15.1,29.5,164,26.76,961.4,loc_coimbatore,11.0168,76.9558,ECMWF_ERA5_Reanalysis
2023-04-17,38.9,24.3,30.9,39.3,28.2,32.8,0.0,16.0,35.3,149,26.6,961.5,loc_coimbatore,11.0168,76.9558,ECMWF_ERA5_Reanalysis
2023-04-18,39.1,25.0,31.4,40.1,29.4,33.4,0.0,15.3,35.3,142,26.24,962.5,loc_coimbatore,11.0168,76.9558,ECMWF_ERA5_Reanalysis
2023-04-19,39.0,25.5,31.2,41.3,29.5,33.6,0.0,17.1,29.9,197,24.97,961.0,loc_coimbatore,11.0168,76.9558,ECMWF_ERA5_Reanalysis
2023-04-20,37.0,24.7,30.4,38.2,28.3,32.4,0.0,19.2,45.0,212,23.57,959.2,loc_coimbatore,11.0168,76.9558,ECMWF_ERA5_Reanalysis
2023-04-21,36.8,24.8,29.3,38.9,28.5,32.0,0.2,21.9,56.2,214,23.26,959.1,loc_coimbatore,11.0168,76.9558,ECMWF_ERA5_Reanalysis
2023-04-22,37.5,24.6,29.4,39.6,28.5,32.5,1.8,17.7,36.7,210,21.74,959.3,loc_coimbatore,11.0168,76.9558,ECMWF_ERA5_Reanalysis
2023-04-23,35.2,23.5,28.7,39.4,27.7,32.3,0.7,18.2,40.0,210,19.92,959.7,loc_coimbatore,11.0168,76.9558,ECMWF_ERA5_Reanalysis
2023-04-24,35.3,24.3,28.9,39.7,28.2,32.6,3.8,19.0,37.4,82,23.41,960.8,loc_coimbatore,11.0168,76.9558,ECMWF_ERA5_Reanalysis
2023-04-25,33.8,23.7,27.2,39.0,26.3,30.7,1.7,16.9,35.3,13,19.41,961.9,loc_coimbatore,11.0168,76.9558,ECMWF_ERA5_Reanalysis
2023-04-26,34.0,23.3,27.8,38.0,28.4,31.5,4.3,11.5,28.8,62,20.03,961.5,loc_coimbatore,11.0168,76.9558,ECMWF_ERA5_Reanalysis
2023-04-27,34.6,24.4,28.8,37.7,27.8,31.6,0.6,15.9,34.6,56,22.04,961.5,loc_coimbatore,11.0168,76.9558,ECMWF_ERA5_Reanalysis
2023-04-28,34.2,24.1,28.7,37.9,26.7,31.6,0.5,14.5,29.9,30,24.02,962.0,loc_coimbatore,11.0168,76.9558,ECMWF_ERA5_Reanalysis
2023-04-29,33.2,23.3,26.9,36.0,25.7,30.1,17.7,16.5,38.2,28,16.82,961.4,loc_coimbatore,11.0168,76.9558,ECMWF_ERA5_Reanalysis
2023-04-30,32.7,22.9,26.9,37.4,26.7,30.7,8.3,14.6,32.4,12,18.56,960.1,loc_coimbatore,11.0168,76.9558,ECMWF_ERA5_Reanalysis
2023-05-01,31.7,22.8,25.7,37.0,26.5,29.7,13.1,16.5,32.0,303,15.56,960.0,loc_coimbatore,11.0168,76.9558,ECMWF_ERA5_Reanalysis
2023-05-02,31.9,22.4,26.4,36.0,26.7,30.8,12.9,7.6,24.1,115,18.41,960.7,loc_coimbatore,11.0168,76.9558,ECMWF_ERA5_Reanalysis
2023-05-03,30.7,22.6,25.4,34.5,27.0,29.2,3.9,15.9,32.0,198,13.82,961.7,loc_coimbatore,11.0168,76.9558,ECMWF_ERA5_Reanalysis
2023-05-04,31.3,22.7,27.1,34.8,27.4,30.9,1.1,16.4,29.2,204,17.21,961.2,loc_coimbatore,11.0168,76.9558,ECMWF_ERA5_Reanalysis
2023-05-05,30.4,23.2,26.7,32.1,27.5,29.7,0.0,15.3,32.0,214,12.37,960.6,loc_coimbatore,11.0168,76.9558,ECMWF_ERA5_Reanalysis
2023-05-06,30.6,24.1,27.0,34.2,27.8,30.4,5.9,15.9,32.0,211,16.54,960.4,loc_coimbatore,11.0168,76.9558,ECMWF_ERA5_Reanalysis
2023-05-07,28.5,22.8,25.6,30.7,26.2,29.3,4.0,14.9,31.3,197,8.12,960.4,loc_coimbatore,11.0168,76.9558,ECMWF_ERA5_Reanalysis
2023-05-08,32.8,23.2,26.6,37.2,26.8,30.7,6.4,10.4,26.6,209,19.31,959.7,loc_coimbatore,11.0168,76.9558,ECMWF_ERA5_Reanalysis
2023-05-09,32.7,22.8,26.9,37.2,27.0,31.4,2.1,17.1,35.3,211,22.69,960.0,loc_coimbatore,11.0168,76.9558,ECMWF_ERA5_Reanalysis
2023-05-10,32.7,22.8,27.3,38.0,27.1,31.8,0.1,14.4,32.8,213,23.85,959.5,loc_coimbatore,11.0168,76.9558,ECMWF_ERA5_Reanalysis
2023-05-11,32.4,23.5,27.3,37.5,27.6,31.7,1.3,18.2,37.1,215,23.93,960.6,loc_coimbatore,11.0168,76.9558,ECMWF_ERA5_Reanalysis
2023-05-12,31.9,24.0,27.7,36.7,27.7,31.4,0.8,20.9,40.7,221,22.5,961.3,loc_coimbatore,11.0168,76.9558,ECMWF_ERA5_Reanalysis
2023-05-13,33.2,24.7,28.0,37.5,27.5,31.0,0.1,22.2,43.2,226,24.17,961.9,loc_coimbatore,11.0168,76.9558,ECMWF_ERA5_Reanalysis
2023-05-14,34.5,24.0,28.5,40.0,26.6,32.0,0.0,23.4,47.2,218,24.43,960.9,loc_coimbatore,11.0168,76.9558,ECMWF_ERA5_Reanalysis
2023-05-15,34.6,24.7,28.6,37.8,27.2,31.6,0.0,20.1,42.1,224,24.9,961.2,loc_coimbatore,11.0168,76.9558,ECMWF_ERA5_Reanalysis
2023-05-16,35.9,24.4,29.6,38.9,27.8,32.6,0.0,15.8,33.1,219,24.42,962.1,loc_coimbatore,11.0168,76.9558,ECMWF_ERA5_Reanalysis
2023-05-17,35.4,25.3,29.5,40.2,29.4,33.5,0.1,17.1,38.5,216,22.11,962.6,loc_coimbatore,11.0168,76.9558,ECMWF_ERA5_Reanalysis
2023-05-18,36.4,25.5,29.4,39.9,29.7,33.3,0.3,18.3,48.2,217,23.07,963.4,loc_coimbatore,11.0168,76.9558,ECMWF_ERA5_Reanalysis
2023-05-19,33.3,24.9,28.3,37.5,28.6,32.2,5.2,17.4,40.7,216,22.24,962.6,loc_coimbatore,11.0168,76.9558,ECMWF_ERA5_Reanalysis
2023-05-20,35.1,24.4,28.3,39.1,28.0,31.8,1.9,19.7,41.8,211,22.92,961.8,loc_coimbatore,11.0168,76.9558,ECMWF_ERA5_Reanalysis
2023-05-21,35.0,24.4,28.1,38.9,28.0,31.7,6.3,22.2,46.4,218,22.14,962.5,loc_coimbatore,11.0168,76.9558,ECMWF_ERA5_Reanalysis
2023-05-22,34.9,23.1,27.3,38.7,27.0,31.1,0.2,24.6,49.0,212,22.6,963.2,loc_coimbatore,11.0168,76.9558,ECMWF_ERA5_Reanalysis
2023-05-23,35.1,23.4,28.2,38.2,27.8,31.7,0.0,18.6,40.7,216,22.92,963.5,loc_coimbatore,11.0168,76.9558,ECMWF_ERA5_Reanalysis
2023-05-24,35.0,23.8,28.2,38.3,27.4,31.4,0.5,21.8,42.5,220,22.8,963.5,loc_coimbatore,11.0168,76.9558,ECMWF_ERA5_Reanalysis
2023-05-25,32.7,23.9,27.9,36.4,27.1,30.9,1.8,21.2,42.5,219,22.35,963.9,loc_coimbatore,11.0168,76.9558,ECMWF_ERA5_Reanalysis
2023-05-26,33.4,23.8,27.7,36.9,27.1,30.9,2.9,18.1,40.0,215,22.53,964.2,loc_coimbatore,11.0168,76.9558,ECMWF_ERA5_Reanalysis
2023-05-27,34.4,24.2,28.4,38.1,27.6,31.6,1.8,15.9,36.7,216,21.12,962.4,loc_coimbatore,11.0168,76.9558,ECMWF_ERA5_Reanalysis
2023-05-28,34.3,24.4,28.4,38.1,28.4,31.8,1.3,16.6,37.4,215,18.4,961.5,loc_coimbatore,11.0168,76.9558,ECMWF_ERA5_Reanalysis
2023-05-29,33.5,24.8,28.6,38.4,29.1,32.7,2.2,13.6,30.6,217,20.31,961.4,loc_coimbatore,11.0168,76.9558,ECMWF_ERA5_Reanalysis
2023-05-30,35.7,25.0,28.8,39.2,29.7,32.8,0.2,18.2,39.2,210,23.34,961.8,loc_coimbatore,11.0168,76.9558,ECMWF_ERA5_Reanalysis
2023-05-31,33.7,23.9,27.7,37.4,28.8,31.7,7.6,24.3,48.2,217,21.0,961.5,loc_coimbatore,11.0168,76.9558,ECMWF_ERA5_Reanalysis
2023-06-01,33.2,24.4,27.9,36.8,27.9,31.0,0.0,23.0,46.1,223,22.09,961.2,loc_coimbatore,11.0168,76.9558,ECMWF_ERA5_Reanalysis
2023-06-02,34.4,24.0,28.2,38.7,27.2,31.6,0.4,18.1,40.7,219,22.08,961.5,loc_coimbatore,11.0168,76.9558,ECMWF_ERA5_Reanalysis
2023-06-03,34.4,24.1,28.5,38.4,27.4,31.7,0.0,19.7,39.2,220,22.7,961.3,loc_coimbatore,11.0168,76.9558,ECMWF_ERA5_Reanalysis
2023-06-04,34.8,23.2,28.5,37.3,25.5,31.1,0.7,20.4,40.7,221,22.3,961.4,loc_coimbatore,11.0168,76.9558,ECMWF_ERA5_Reanalysis
2023-06-05,34.9,24.0,28.3,37.8,26.8,30.7,1.6,23.2,46.4,222,22.99,960.8,loc_coimbatore,11.0168,76.9558,ECMWF_ERA5_Reanalysis
2023-06-06,35.7,23.4,28.4,38.2,26.9,31.1,1.0,22.1,43.9,215,23.78,960.3,loc_coimbatore,11.0168,76.9558,ECMWF_ERA5_Reanalysis
2023-06-07,33.6,23.9,27.6,36.3,26.2,30.0,1.1,25.8,53.6,218,23.86,960.5,loc_coimbatore,11.0168,76.9558,ECMWF_ERA5_Reanalysis
2023-06-08,34.8,22.9,27.4,36.7,25.8,29.5,0.2,28.5,57.2,217,23.84,960.7,loc_coimbatore,11.0168,76.9558,ECMWF_ERA5_Reanalysis
2023-06-09,33.4,23.0,27.0,35.5,25.5,29.1,0.3,27.6,53.3,220,23.01,959.8,loc_coimbatore,11.0168,76.9558,ECMWF_ERA5_Reanalysis
2023-06-10,32.3,22.8,27.0,33.6,24.6,28.9,0.3,28.1,58.0,220,21.63,959.5,loc_coimbatore,11.0168,76.9558,ECMWF_ERA5_Reanalysis
2023-06-11,33.2,23.5,27.5,35.2,26.5,29.7,0.0,27.7,54.4,220,22.14,959.2,loc_coimbatore,11.0168,76.9558,ECMWF_ERA5_Reanalysis
2023-06-12,32.8,23.5,26.7,35.1,26.5,29.2,1.5,26.4,54.4,219,22.76,959.4,loc_coimbatore,11.0168,76.9558,ECMWF_ERA5_Reanalysis
2023-06-13,32.2,23.1,26.7,34.3,26.0,29.3,1.1,25.8,52.6,219,21.68,960.0,loc_coimbatore,11.0168,76.9558,ECMWF_ERA5_Reanalysis
2023-06-14,32.4,23.2,27.1,34.1,25.8,29.3,0.0,25.5,52.2,217,22.05,961.4,loc_coimbatore,11.0168,76.9558,ECMWF_ERA5_Reanalysis
2023-06-15,35.3,23.5,28.2,38.5,27.0,31.2,1.5,20.1,42.1,213,23.48,961.2,loc_coimbatore,11.0168,76.9558,ECMWF_ERA5_Reanalysis
2023-06-16,34.4,23.6,28.1,36.2,27.2,30.6,0.8,23.5,50.0,218,23.62,960.6,loc_coimbatore,11.0168,76.9558,ECMWF_ERA5_Reanalysis
2023-06-17,32.6,22.9,27.2,34.2,25.7,29.3,1.6,25.2,49.7,215,20.38,960.8,loc_coimbatore,11.0168,76.9558,ECMWF_ERA5_Reanalysis
2023-06-18,32.8,23.3,26.9,34.4,26.0,29.2,1.8,20.9,44.3,214,17.6,960.6,loc_coimbatore,11.0168,76.9558,ECMWF_ERA5_Reanalysis
2023-06-19,31.9,23.1,26.3,33.8,26.4,29.1,0.7,21.3,42.5,206,13.22,959.5,loc_coimbatore,11.0168,76.9558,ECMWF_ERA5_Reanalysis
2023-06-20,31.2,23.3,26.1,34.5,27.0,29.6,1.8,17.4,37.8,208,15.43,958.9,loc_coimbatore,11.0168,76.9558,ECMWF_ERA5_Reanalysis
2023-06-21,32.5,23.5,26.4,35.5,27.4,29.7,1.4,21.6,43.2,211,17.04,959.5,loc_coimbatore,11.0168,76.9558,ECMWF_ERA5_Reanalysis
2023-06-22,32.8,23.3,26.8,35.8,26.5,29.8,1.8,18.6,40.7,212,19.58,959.7,loc_coimbatore,11.0168,76.9558,ECMWF_ERA5_Reanalysis
2023-06-23,32.0,22.6,26.4,34.0,25.5,28.9,0.0,26.4,51.8,215,20.69,960.0,loc_coimbatore,11.0168,76.9558,ECMWF_ERA5_Reanalysis
2023-06-24,33.1,22.8,27.1,34.2,25.5,28.8,0.0,26.3,51.5,222,21.83,959.6,loc_coimbatore,11.0168,76.9558,ECMWF_ERA5_Reanalysis
2023-06-25,31.5,22.6,26.2,34.0,26.0,28.8,3.4,25.1,48.6,215,20.11,959.4,loc_coimbatore,11.0168,76.9558,ECMWF_ERA5_Reanalysis
2023-06-26,31.4,22.5,25.9,33.2,24.4,27.6,0.0,23.4,47.9,218,20.33,960.2,loc_coimbatore,11.0168,76.9558,ECMWF_ERA5_Reanalysis
2023-06-27,29.8,22.5,25.2,31.1,24.4,27.0,2.0,30.1,61.9,218,20.54,960.9,loc_coimbatore,11.0168,76.9558,ECMWF_ERA5_Reanalysis
2023-06-28,31.9,21.4,25.7,34.2,23.6,27.9,0.0,23.2,48.6,214,22.93,961.3,loc_coimbatore,11.0168,76.9558,ECMWF_ERA5_Reanalysis
2023-06-29,31.6,22.1,25.2,33.8,24.9,27.5,3.1,24.1,48.2,213,18.89,962.2,loc_coimbatore,11.0168,76.9558,ECMWF_ERA5_Reanalysis
2023-06-30,32.2,21.9,26.0,35.3,24.9,28.8,1.4,20.7,44.6,212,22.54,961.8,loc_coimbatore,11.0168,76.9558,ECMWF_ERA5_Reanalysis
2023-07-01,32.0,22.4,26.4,35.7,25.3,29.4,10.2,21.1,43.9,206,19.71,961.8,loc_coimbatore,11.0168,76.9558,ECMWF_ERA5_Reanalysis
2023-07-02,31.5,22.9,26.2,35.0,25.4,29.4,20.1,19.2,41.0,202,17.88,960.9,loc_coimbatore,11.0168,76.9558,ECMWF_ERA5_Reanalysis
2023-07-03,31.8,22.0,25.0,34.5,24.0,27.2,6.7,22.1,44.6,209,18.86,960.0,loc_coimbatore,11.0168,76.9558,ECMWF_ERA5_Reanalysis
2023-07-04,26.2,21.8,23.1,27.7,23.0,24.6,14.4,26.6,52.2,211,9.52,958.3,loc_coimbatore,11.0168,76.9558,ECMWF_ERA5_Reanalysis
2023-07-05,24.6,21.5,22.4,26.2,23.2,24.5,57.4,24.5,56.2,205,6.29,957.4,loc_coimbatore,11.0168,76.9558,ECMWF_ERA5_Reanalysis
2023-07-06,23.1,21.3,22.2,25.7,23.3,24.4,42.2,21.4,42.5,199,4.78,959.7,loc_coimbatore,11.0168,76.9558,ECMWF_ERA5_Reanalysis
2023-07-07,26.9,21.0,22.8,28.8,22.7,24.9,6.7,25.1,48.6,205,11.72,961.4,loc_coimbatore,11.0168,76.9558,ECMWF_ERA5_Reanalysis
2023-07-08,28.3,21.2,23.7,30.5,22.6,26.1,2.4,22.5,46.1,211,14.22,962.3,loc_coimbatore,11.0168,76.9558,ECMWF_ERA5_Reanalysis
2023-07-09,29.9,21.9,25.3,34.4,24.9,28.7,4.8,16.6,35.6,204,21.52,961.5,loc_coimbatore,11.0168,76.9558,ECMWF_ERA5_Reanalysis
2023-07-10,29.5,22.5,25.1,34.0,25.6,28.8,13.6,15.5,30.2,206,15.67,961.0,loc_coimbatore,11.0168,76.9558,ECMWF_ERA5_Reanalysis
2023-07-11,29.8,22.8,25.1,34.2,26.4,28.7,10.8,16.9,36.4,205,18.04,960.5,loc_coimbatore,11.0168,76.9558,ECMWF_ERA5_Reanalysis
2023-07-12,29.4,22.9,25.3,32.9,25.8,28.6,5.4,16.9,36.7,203,18.99,960.4,loc_coimbatore,11.0168,76.9558,ECMWF_ERA5_Reanalysis
2023-07-13,29.4,22.3,24.9,32.8,25.3,27.8,3.9,20.0,39.2,207,18.48,960.8,loc_coimbatore,11.0168,76.9558,ECMWF_ERA5_Reanalysis
2023-07-14,29.6,22.2,25.1,32.3,24.8,27.8,0.0,19.8,40.7,203,18.7,961.8,loc_coimbatore,11.0168,76.9558,ECMWF_ERA5_Reanalysis
2023-07-15,29.7,22.7,25.7,33.8,25.4,28.8,6.2,20.2,40.3,206,20.37,961.7,loc_coimbatore,11.0168,76.9558,ECMWF_ERA5_Reanalysis
2023-07-16,30.9,22.6,25.6,35.4,26.0,29.0,5.1,21.6,41.8,205,20.67,961.0,loc_coimbatore,11.0168,76.9558,ECMWF_ERA5_Reanalysis
2023-07-17,30.7,22.4,25.5,34.4,25.5,28.3,0.9,23.8,47.5,210,23.11,960.5,loc_coimbatore,11.0168,76.9558,ECMWF_ERA5_Reanalysis
2023-07-18,29.3,22.3,25.1,30.4,23.6,26.7,0.1,30.6,59.4,218,21.25,960.1,loc_coimbatore,11.0168,76.9558,ECMWF_ERA5_Reanalysis
2023-07-19,28.5,21.7,24.3,29.5,23.4,25.6,0.6,28.2,55.4,215,16.27,959.2,loc_coimbatore,11.0168,76.9558,ECMWF_ERA5_Reanalysis
2023-07-20,30.4,21.7,25.1,31.6,23.2,26.5,0.0,27.0,52.9,221,21.26,959.1,loc_coimbatore,11.0168,76.9558,ECMWF_ERA5_Reanalysis
2023-07-21,29.6,22.1,24.9,31.0,23.9,26.5,0.1,29.5,57.6,212,19.51,959.8,loc_coimbatore,11.0168,76.9558,ECMWF_ERA5_Reanalysis
2023-07-22,30.0,21.2,24.4,31.2,22.5,25.9,1.1,28.2,59.8,210,19.23,961.2,loc_coimbatore,11.0168,76.9558,ECMWF_ERA5_Reanalysis
2023-07-23,30.0,21.7,24.6,32.6,23.2,26.7,3.5,25.2,51.1,210,19.93,961.3,loc_coimbatore,11.0168,76.9558,ECMWF_ERA5_Reanalysis
2023-07-24,28.6,21.2,23.8,30.2,22.5,25.5,3.9,25.7,50.4,210,15.25,960.6,loc_coimbatore,11.0168,76.9558,ECMWF_ERA5_Reanalysis
2023-07-25,28.5,21.1,23.8,30.5,22.6,25.7,1.6,20.7,42.5,207,13.62,960.8,loc_coimbatore,11.0168,76.9558,ECMWF_ERA5_Reanalysis
2023-07-26,28.8,21.0,24.0,30.2,22.6,26.0,0.5,21.3,46.1,206,13.73,961.6,loc_coimbatore,11.0168,76.9558,ECMWF_ERA5_Reanalysis
2023-07-27,30.5,21.7,25.2,34.3,23.4,27.4,5.4,20.6,45.0,208,20.59,962.2,loc_coimbatore,11.0168,76.9558,ECMWF_ERA5_Reanalysis
2023-07-28,32.1,22.1,26.0,35.0,24.6,28.2,1.9,20.9,43.2,210,23.62,961.8,loc_coimbatore,11.0168,76.9558,ECMWF_ERA5_Reanalysis
2023-07-29,32.5,22.4,26.4,35.9,24.8,29.0,4.2,20.4,41.4,205,24.26,961.5,loc_coimbatore,11.0168,76.9558,ECMWF_ERA5_Reanalysis
2023-07-30,32.3,21.9,26.1,35.0,24.7,28.6,1.4,21.2,44.3,206,23.64,961.2,loc_coimbatore,11.0168,76.9558,ECMWF_ERA5_Reanalysis
2023-07-31,32.3,22.3,26.5,35.4,25.4,29.0,1.1,23.1,46.8,209,23.7,960.8,loc_coimbatore,11.0168,76.9558,ECMWF_ERA5_Reanalysis
2023-08-01,33.1,22.3,26.5,35.2,24.5,28.4,0.3,25.0,49.0,214,24.36,961.1,loc_coimbatore,11.0168,76.9558,ECMWF_ERA5_Reanalysis
2023-08-02,32.2,22.2,26.1,33.8,24.3,27.9,0.0,29.3,55.4,216,22.84,961.9,loc_coimbatore,11.0168,76.9558,ECMWF_ERA5_Reanalysis
2023-08-03,32.7,22.3,26.5,34.4,24.4,28.4,0.0,25.7,49.3,217,23.91,961.4,loc_coimbatore,11.0168,76.9558,ECMWF_ERA5_Reanalysis
2023-08-04,32.1,22.4,26.3,34.8,25.0,28.8,2.9,21.0,43.2,209,23.6,963.0,loc_coimbatore,11.0168,76.9558,ECMWF_ERA5_Reanalysis
2023-08-05,32.9,22.2,26.5,35.8,25.1,29.1,3.2,21.9,46.1,206,23.56,963.9,loc_coimbatore,11.0168,76.9558,ECMWF_ERA5_Reanalysis
2023-08-06,33.4,22.5,26.8,36.6,25.7,29.4,1.6,22.4,45.7,211,24.15,963.1,loc_coimbatore,11.0168,76.9558,ECMWF_ERA5_Reanalysis
2023-08-07,33.3,23.1,27.0,36.7,26.3,29.8,0.0,20.1,41.4,212,22.52,961.4,loc_coimbatore,11.0168,76.9558,ECMWF_ERA5_Reanalysis
2023-08-08,31.7,22.7,26.3,35.3,25.9,29.3,4.6,20.5,42.5,208,21.72,961.6,loc_coimbatore,11.0168,76.9558,ECMWF_ERA5_Reanalysis
2023-08-09,33.1,22.5,26.8,37.4,25.8,30.2,3.7,15.8,33.8,204,22.85,962.7,loc_coimbatore,11.0168,76.9558,ECMWF_ERA5_Reanalysis
2023-08-10,30.5,22.9,26.0,34.4,26.9,29.7,3.5,16.4,36.4,207,19.03,963.3,loc_coimbatore,11.0168,76.9558,ECMWF_ERA5_Reanalysis
2023-08-11,32.1,22.8,26.3,36.3,26.9,29.9,3.6,18.1,40.3,211,20.85,962.5,loc_coimbatore,11.0168,76.9558,ECMWF_ERA5_Reanalysis
2023-08-12,31.6,22.5,26.0,35.6,26.1,29.3,5.8,17.0,39.2,211,19.14,962.1,loc_coimbatore,11.0168,76.9558,ECMWF_ERA5_Reanalysis
2023-08-13,32.3,22.5,26.4,35.8,25.8,29.3,2.2,20.5,41.8,211,23.73,961.6,loc_coimbatore,11.0168,76.9558,ECMWF_ERA5_Reanalysis
2023-08-14,32.6,22.4,26.4,35.4,25.8,29.3,0.5,18.8,38.2,212,22.56,961.9,loc_coimbatore,11.0168,76.9558,ECMWF_ERA5_Reanalysis
2023-08-15,33.0,22.3,26.7,35.1,25.1,28.8,0.0,21.7,43.9,216,24.71,962.2,loc_coimbatore,11.0168,76.9558,ECMWF_ERA5_Reanalysis
2023-08-16,33.2,21.4,26.6,35.9,24.5,29.0,0.2,23.1,46.4,212,25.71,962.4,loc_coimbatore,11.0168,76.9558,ECMWF_ERA5_Reanalysis
2023-08-17,33.1,22.4,26.9,35.4,25.2,29.0,0.1,24.2,48.6,216,24.67,962.2,loc_coimbatore,11.0168,76.9558,ECMWF_ERA5_Reanalysis
2023-08-18,33.0,22.6,26.5,35.1,25.1,28.4,0.1,26.7,53.3,215,22.68,961.3,loc_coimbatore,11.0168,76.9558,ECMWF_ERA5_Reanalysis
2023-08-19,32.3,22.1,25.8,34.0,24.9,27.6,0.0,25.5,50.8,215,21.14,960.8,loc_coimbatore,11.0168,76.9558,ECMWF_ERA5_Reanalysis
2023-08-20,33.4,22.2,26.5,37.4,24.7,29.2,1.7,21.6,43.6,211,23.56,960.6,loc_coimbatore,11.0168,76.9558,ECMWF_ERA5_Reanalysis
2023-08-21,33.3,22.6,26.9,36.4,26.1,30.0,0.8,17.0,36.4,206,22.11,960.3,loc_coimbatore,11.0168,76.9558,ECMWF_ERA5_Reanalysis
2023-08-22,33.3,23.4,27.4,36.6,26.4,30.7,2.0,15.6,37.4,214,21.73,960.3,loc_coimbatore,11.0168,76.9558,ECMWF_ERA5_Reanalysis
2023-08-23,34.2,23.1,27.6,37.3,26.9,30.6,0.8,19.4,41.0,213,23.69,960.7,loc_coimbatore,11.0168,76.9558,ECMWF_ERA5_Reanalysis
2023-08-24,34.4,22.7,27.4,36.5,25.7,29.5,0.0,24.7,48.6,216,25.19,960.4,loc_coimbatore,11.0168,76.9558,ECMWF_ERA5_Reanalysis
2023-08-25,34.3,22.2,27.3,36.3,25.1,29.8,0.0,21.7,44.3,216,24.86,960.7,loc_coimbatore,11.0168,76.9558,ECMWF_ERA5_Reanalysis
2023-08-26,34.7,22.5,27.6,36.6,25.8,30.2,0.0,20.9,43.9,216,24.13,961.4,loc_coimbatore,11.0168,76.9558,ECMWF_ERA5_Reanalysis
2023-08-27,35.3,23.0,27.9,36.9,26.4,30.6,0.0,21.5,45.0,215,23.86,962.2,loc_coimbatore,11.0168,76.9558,ECMWF_ERA5_Reanalysis
2023-08-28,34.6,23.2,27.8,37.0,26.8,30.5,1.0,26.7,53.6,216,22.95,961.7,loc_coimbatore,11.0168,76.9558,ECMWF_ERA5_Reanalysis
2023-08-29,34.2,22.7,26.6,37.0,25.9,30.0,18.9,16.0,37.8,209,18.9,961.0,loc_coimbatore,11.0168,76.9558,ECMWF_ERA5_Reanalysis
2023-08-30,32.5,22.9,26.9,35.9,26.5,30.0,4.5,18.3,39.2,211,22.57,961.3,loc_coimbatore,11.0168,76.9558,ECMWF_ERA5_Reanalysis
2023-08-31,33.5,23.0,26.6,37.6,27.3,30.5,8.0,16.6,42.8,213,20.87,961.1,loc_coimbatore,11.0168,76.9558,ECMWF_ERA5_Reanalysis
2023-09-01,34.1,23.0,27.1,37.9,27.3,30.9,0.4,18.4,38.2,215,21.07,961.2,loc_coimbatore,11.0168,76.9558,ECMWF_ERA5_Reanalysis
2023-09-02,32.9,23.0,26.3,37.5,26.7,30.0,5.5,21.1,43.2,213,20.96,961.0,loc_coimbatore,11.0168,76.9558,ECMWF_ERA5_Reanalysis
2023-09-03,32.2,22.5,25.5,36.7,24.8,28.6,12.0,23.4,46.1,206,21.02,960.1,loc_coimbatore,11.0168,76.9558,ECMWF_ERA5_Reanalysis
2023-09-04,30.4,21.8,25.2,32.8,24.0,27.5,4.1,24.7,47.9,211,19.41,958.8,loc_coimbatore,11.0168,76.9558,ECMWF_ERA5_Reanalysis
2023-09-05,29.4,22.4,24.8,31.7,24.8,26.9,2.6,26.1,51.8,213,17.02,958.9,loc_coimbatore,11.0168,76.9558,ECMWF_ERA5_Reanalysis
2023-09-06,29.2,21.7,23.9,31.5,23.7,26.3,11.8,23.8,48.6,213,15.04,959.6,loc_coimbatore,11.0168,76.9558,ECMWF_ERA5_Reanalysis
2023-09-07,28.4,21.4,23.3,29.7,23.6,25.5,4.7,24.1,51.1,211,12.56,960.3,loc_coimbatore,11.0168,76.9558,ECMWF_ERA5_Reanalysis
2023-09-08,29.0,21.4,24.0,31.4,23.0,25.9,0.2,29.1,55.4,213,17.98,961.3,loc_coimbatore,11.0168,76.9558,ECMWF_ERA5_Reanalysis
2023-09-09,30.9,22.0,25.4,34.7,24.0,28.0,2.6,23.4,46.8,208,20.79,960.7,loc_coimbatore,11.0168,76.9558,ECMWF_ERA5_Reanalysis
2023-09-10,30.1,21.7,25.0,33.2,23.8,27.4,5.9,24.7,50.4,210,20.62,960.3,loc_coimbatore,11.0168,76.9558,ECMWF_ERA5_Reanalysis
2023-09-11,31.0,21.8,25.1,35.5,23.9,27.7,18.1,23.5,48.2,206,19.08,960.6,loc_coimbatore,11.0168,76.9558,ECMWF_ERA5_Reanalysis
2023-09-12,31.4,21.7,25.8,34.8,23.6,28.5,1.6,20.0,40.7,206,19.81,960.7,loc_coimbatore,11.0168,76.9558,ECMWF_ERA5_Reanalysis
2023-09-13,30.2,22.8,25.5,33.6,25.9,28.3,7.0,22.7,46.4,209,20.22,960.8,loc_coimbatore,11.0168,76.9558,ECMWF_ERA5_Reanalysis
2023-09-14,30.8,22.1,25.4,33.9,24.1,27.7,3.7,24.6,48.2,214,21.87,960.9,loc_coimbatore,11.0168,76.9558,ECMWF_ERA5_Reanalysis
2023-09-15,29.8,21.9,25.2,31.8,23.8,26.9,0.9,29.6,57.6,217,20.92,961.3,loc_coimbatore,11.0168,76.9558,ECMWF_ERA5_Reanalysis
2023-09-16,31.2,21.9,25.0,34.1,23.9,27.6,2.5,22.1,43.9,210,17.18,961.4,loc_coimbatore,11.0168,76.9558,ECMWF_ERA5_Reanalysis
2023-09-17,30.9,22.3,25.2,34.8,25.2,28.4,18.3,18.8,38.9,207,19.33,960.8,loc_coimbatore,11.0168,76.9558,ECMWF_ERA5_Reanalysis
2023-09-18,29.4,21.9,24.8,33.8,25.1,28.1,28.2,22.5,45.0,208,18.64,960.9,loc_coimbatore,11.0168,76.9558,ECMWF_ERA5_Reanalysis
2023-09-19,29.8,21.5,24.9,33.4,24.4,28.0,5.9,19.7,40.7,210,21.24,961.9,loc_coimbatore,11.0168,76.9558,ECMWF_ERA5_Reanalysis
2023-09-20,31.3,22.1,26.0,35.3,25.5,29.5,4.0,20.0,40.3,208,22.16,962.0,loc_coimbatore,11.0168,76.9558,ECMWF_ERA5_Reanalysis
2023-09-21,31.6,22.4,25.9,34.9,25.9,29.5,0.1,16.8,37.8,208,19.1,961.9,loc_coimbatore,11.0168,76.9558,ECMWF_ERA5_Reanalysis
2023-09-22,31.5,22.6,25.5,36.2,26.4,29.2,1.0,18.1,40.3,208,21.27,961.8,loc_coimbatore,11.0168,76.9558,ECMWF_ERA5_Reanalysis
2023-09-23,31.7,22.4,25.7,36.2,25.8,29.1,3.6,20.6,46.1,211,22.27,961.9,loc_coimbatore,11.0168,76.9558,ECMWF_ERA5_Reanalysis
2023-09-24,31.2,21.9,25.6,34.6,24.9,28.7,8.2,20.1,42.1,209,20.71,962.0,loc_coimbatore,11.0168,76.9558,ECMWF_ERA5_Reanalysis
2023-09-25,30.0,21.9,25.5,33.5,24.8,28.8,2.8,17.4,40.3,206,19.99,961.2,loc_coimbatore,11.0168,76.9558,ECMWF_ERA5_Reanalysis
2023-09-26,30.5,22.2,25.5,34.5,25.4,28.6,6.7,21.3,43.2,209,20.81,960.7,loc_coimbatore,11.0168,76.9558,ECMWF_ERA5_Reanalysis
2023-09-27,30.8,21.7,25.6,34.7,25.0,28.6,9.6,23.7,46.4,211,22.04,960.6,loc_coimbatore,11.0168,76.9558,ECMWF_ERA5_Reanalysis
2023-09-28,29.9,22.0,25.0,32.3,24.3,27.2,1.9,27.3,54.4,214,20.79,960.6,loc_coimbatore,11.0168,76.9558,ECMWF_ERA5_Reanalysis
2023-09-29,28.1,21.8,24.6,29.4,24.0,26.2,0.8,29.8,58.7,216,19.39,961.1,loc_coimbatore,11.0168,76.9558,ECMWF_ERA5_Reanalysis
2023-09-30,28.7,22.2,24.4,30.4,24.1,26.3,0.8,31.2,58.3,216,20.37,961.7,loc_coimbatore,11.0168,76.9558,ECMWF_ERA5_Reanalysis
2023-10-01,28.1,21.7,24.2,29.9,23.5,26.1,0.2,28.0,55.1,213,17.4,961.5,loc_coimbatore,11.0168,76.9558,ECMWF_ERA5_Reanalysis
2023-10-02,31.5,21.7,25.2,35.5,23.6,27.9,0.6,24.4,49.7,210,21.9,961.9,loc_coimbatore,11.0168,76.9558,ECMWF_ERA5_Reanalysis
2023-10-03,31.4,22.2,26.0,35.4,25.7,29.3,1.6,20.0,42.1,211,23.23,962.2,loc_coimbatore,11.0168,76.9558,ECMWF_ERA5_Reanalysis
2023-10-04,32.3,21.7,26.3,35.6,25.9,29.6,1.6,18.8,38.5,212,22.5,962.5,loc_coimbatore,11.0168,76.9558,ECMWF_ERA5_Reanalysis
2023-10-05,32.9,21.8,26.6,35.4,25.3,29.2,0.0,19.8,40.3,206,24.4,962.1,loc_coimbatore,11.0168,76.9558,ECMWF_ERA5_Reanalysis
2023-10-06,33.1,20.2,26.4,34.7,22.8,28.7,0.0,21.0,41.0,208,24.75,961.4,loc_coimbatore,11.0168,76.9558,ECMWF_ERA5_Reanalysis
2023-10-07,33.2,21.3,27.0,35.8,24.0,29.8,0.0,18.1,36.7,214,24.37,961.4,loc_coimbatore,11.0168,76.9558,ECMWF_ERA5_Reanalysis
2023-10-08,33.6,22.5,27.0,37.4,26.6,30.8,5.4,16.9,33.1,214,20.94,963.0,loc_coimbatore,11.0168,76.9558,ECMWF_ERA5_Reanalysis
2023-10-09,33.0,22.5,26.8,36.8,27.0,30.9,2.2,14.5,35.3,214,20.53,964.3,loc_coimbatore,11.0168,76.9558,ECMWF_ERA5_Reanalysis
2023-10-10,32.2,23.0,26.4,36.6,27.5,30.6,2.7,15.2,34.6,207,20.07,963.8,loc_coimbatore,11.0168,76.9558,ECMWF_ERA5_Reanalysis
2023-10-11,32.9,22.4,26.0,37.4,26.7,30.3,10.8,15.2,39.2,209,21.6,963.4,loc_coimbatore,11.0168,76.9558,ECMWF_ERA5_Reanalysis
2023-10-12,31.5,22.4,25.6,36.7,26.8,29.9,4.0,15.5,31.7,209,19.21,964.3,loc_coimbatore,11.0168,76.9558,ECMWF_ERA5_Reanalysis
2023-10-13,32.1,22.2,26.6,36.0,26.5,29.9,0.0,11.6,27.0,73,23.19,964.5,loc_coimbatore,11.0168,76.9558,ECMWF_ERA5_Reanalysis
2023-10-14,31.6,22.1,25.6,35.9,26.2,29.7,16.0,14.4,30.6,181,19.13,964.7,loc_coimbatore,11.0168,76.9558,ECMWF_ERA5_Reanalysis
2023-10-15,28.1,22.1,24.8,32.0,26.4,29.0,17.7,12.3,28.8,206,16.62,963.6,loc_coimbatore,11.0168,76.9558,ECMWF_ERA5_Reanalysis
2023-10-16,29.7,22.1,24.8,35.8,25.4,29.1,39.7,16.8,34.6,215,16.17,963.5,loc_coimbatore,11.0168,76.9558,ECMWF_ERA5_Reanalysis
2023-10-17,30.3,21.5,25.0,36.6,25.5,29.7,3.3,10.2,24.5,216,20.44,964.0,loc_coimbatore,11.0168,76.9558,ECMWF_ERA5_Reanalysis
2023-10-18,30.5,22.6,25.9,34.3,25.4,29.3,1.9,11.7,29.2,56,22.17,964.7,loc_coimbatore,11.0168,76.9558,ECMWF_ERA5_Reanalysis
2023-10-19,31.3,22.5,26.7,34.3,25.3,29.4,0.0,12.9,28.8,58,23.43,964.5,loc_coimbatore,11.0168,76.9558,ECMWF_ERA5_Reanalysis
2023-10-20,31.6,22.2,26.2,34.4,24.1,28.9,0.0,12.9,29.9,61,23.39,964.4,loc_coimbatore,11.0168,76.9558,ECMWF_ERA5_Reanalysis
2023-10-21,32.0,22.3,26.7,34.8,25.7,29.8,1.1,12.9,29.5,53,22.72,964.6,loc_coimbatore,11.0168,76.9558,ECMWF_ERA5_Reanalysis
2023-10-22,31.1,21.9,26.0,36.0,25.5,30.3,0.4,8.7,25.6,149,22.14,964.8,loc_coimbatore,11.0168,76.9558,ECMWF_ERA5_Reanalysis
2023-10-23,30.9,22.2,25.3,34.9,26.1,29.4,1.9,16.6,31.3,196,20.48,964.3,loc_coimbatore,11.0168,76.9558,ECMWF_ERA5_Reanalysis
2023-10-24,31.6,21.1,25.8,35.2,24.7,29.3,0.3,18.8,37.4,158,21.81,963.7,loc_coimbatore,11.0168,76.9558,ECMWF_ERA5_Reanalysis
2023-10-25,30.8,22.2,25.9,35.1,26.2,29.6,2.3,14.2,29.5,70,20.81,964.8,loc_coimbatore,11.0168,76.9558,ECMWF_ERA5_Reanalysis
2023-10-26,32.4,22.6,27.1,34.4,25.8,29.6,0.2,12.8,30.2,52,20.77,964.6,loc_coimbatore,11.0168,76.9558,ECMWF_ERA5_Reanalysis
2023-10-27,32.6,23.1,27.4,35.2,25.1,29.6,0.0,13.2,29.5,54,20.03,963.6,loc_coimbatore,11.0168,76.9558,ECMWF_ERA5_Reanalysis
2023-10-28,33.4,22.4,27.4,36.2,24.9,30.0,12.2,13.7,32.8,57,21.41,963.6,loc_coimbatore,11.0168,76.9558,ECMWF_ERA5_Reanalysis
2023-10-29,31.5,21.9,25.3,34.5,24.0,28.3,29.9,14.5,33.1,26,18.65,963.5,loc_coimbatore,11.0168,76.9558,ECMWF_ERA5_Reanalysis
2023-10-30,29.2,21.9,24.4,33.1,24.2,27.5,29.7,13.4,30.6,20,15.6,963.6,loc_coimbatore,11.0168,76.9558,ECMWF_ERA5_Reanalysis
2023-10-31,29.0,21.8,24.8,33.1,24.8,28.1,9.2,12.8,29.9,27,16.15,964.1,loc_coimbatore,11.0168,76.9558,ECMWF_ERA5_Reanalysis
2023-11-01,30.1,21.4,25.0,34.2,24.7,28.8,12.9,12.9,28.8,39,20.75,964.1,loc_coimbatore,11.0168,76.9558,ECMWF_ERA5_Reanalysis
2023-11-02,30.3,21.7,24.9,34.1,25.3,28.6,19.7,15.3,31.3,47,18.45,963.3,loc_coimbatore,11.0168,76.9558,ECMWF_ERA5_Reanalysis
2023-11-03,29.8,21.7,25.0,34.7,25.6,29.2,27.8,13.0,30.6,54,19.87,962.1,loc_coimbatore,11.0168,76.9558,ECMWF_ERA5_Reanalysis
2023-11-04,27.6,21.9,23.8,32.2,25.6,27.9,25.8,9.9,20.5,46,11.41,962.2,loc_coimbatore,11.0168,76.9558,ECMWF_ERA5_Reanalysis
2023-11-05,28.2,22.1,24.1,32.3,25.8,28.1,4.9,11.7,27.4,43,14.06,963.4,loc_coimbatore,11.0168,76.9558,ECMWF_ERA5_Reanalysis
2023-11-06,29.1,21.6,24.7,34.6,25.4,29.0,2.5,11.0,25.6,39,17.82,964.3,loc_coimbatore,11.0168,76.9558,ECMWF_ERA5_Reanalysis
2023-11-07,29.0,21.4,24.5,33.6,25.0,28.4,23.0,10.9,25.2,38,18.02,964.5,loc_coimbatore,11.0168,76.9558,ECMWF_ERA5_Reanalysis
2023-11-08,29.0,22.0,24.5,33.8,24.9,28.5,15.0,12.2,25.9,29,16.84,964.3,loc_coimbatore,11.0168,76.9558,ECMWF_ERA5_Reanalysis
2023-11-09,28.8,21.5,24.4,32.9,25.0,28.1,5.9,12.5,26.6,42,17.67,964.6,loc_coimbatore,11.0168,76.9558,ECMWF_ERA5_Reanalysis
2023-11-10,28.4,21.7,24.4,32.4,25.2,27.7,9.9,17.1,33.5,38,16.73,965.6,loc_coimbatore,11.0168,76.9558,ECMWF_ERA5_Reanalysis
2023-11-11,29.2,22.2,25.0,32.7,24.8,28.2,3.3,16.1,33.1,42,18.94,965.6,loc_coimbatore,11.0168,76.9558,ECMWF_ERA5_Reanalysis
2023-11-12,28.5,20.2,24.3,31.5,22.8,26.8,0.0,15.1,31.7,44,21.96,965.6,loc_coimbatore,11.0168,76.9558,ECMWF_ERA5_Reanalysis
2023-11-13,28.6,18.6,24.2,31.7,19.6,26.1,0.0,14.5,30.6,41,22.16,964.8,loc_coimbatore,11.0168,76.9558,ECMWF_ERA5_Reanalysis
2023-11-14,27.7,21.6,24.1,29.7,22.6,25.8,0.0,17.7,33.5,59,14.77,964.4,loc_coimbatore,11.0168,76.9558,ECMWF_ERA5_Reanalysis
2023-11-15,29.8,20.0,24.8,32.5,21.4,27.2,0.0,12.1,28.1,54,21.25,964.0,loc_coimbatore,11.0168,76.9558,ECMWF_ERA5_Reanalysis
2023-11-16,30.8,21.6,25.6,33.8,24.4,29.0,0.5,13.9,31.0,56,21.14,964.2,loc_coimbatore,11.0168,76.9558,ECMWF_ERA5_Reanalysis
2023-11-17,30.8,22.3,26.1,33.8,26.4,29.4,2.2,14.0,30.6,44,20.35,964.4,loc_coimbatore,11.0168,76.9558,ECMWF_ERA5_Reanalysis
2023-11-18,31.2,22.4,25.9,34.4,25.9,29.3,0.3,18.7,34.2,54,20.19,963.9,loc_coimbatore,11.0168,76.9558,ECMWF_ERA5_Reanalysis
2023-11-19,30.6,21.8,25.8,32.5,24.6,28.1,0.0,15.8,33.1,48,19.81,964.4,loc_coimbatore,11.0168,76.9558,ECMWF_ERA5_Reanalysis
2023-11-20,30.6,21.6,26.1,32.1,23.2,27.6,0.0,14.3,30.2,53,18.71,963.9,loc_coimbatore,11.0168,76.9558,ECMWF_ERA5_Reanalysis
2023-11-21,32.0,22.1,26.5,36.0,25.2,30.1,8.7,13.6,28.4,44,20.4,963.0,loc_coimbatore,11.0168,76.9558,ECMWF_ERA5_Reanalysis
2023-11-22,30.1,22.0,24.7,35.8,25.5,29.0,22.6,11.9,24.8,48,16.8,962.8,loc_coimbatore,11.0168,76.9558,ECMWF_ERA5_Reanalysis
2023-11-23,26.6,22.4,23.7,30.7,25.7,27.2,12.5,13.5,25.2,25,10.24,962.5,loc_coimbatore,11.0168,76.9558,ECMWF_ERA5_Reanalysis
2023-11-24,29.0,22.2,25.0,32.6,24.0,28.1,0.8,16.9,29.2,29,18.49,962.6,loc_coimbatore,11.0168,76.9558,ECMWF_ERA5_Reanalysis
2023-11-25,28.3,21.7,24.0,32.4,24.1,27.0,16.5,15.5,32.8,31,16.4,964.0,loc_coimbatore,11.0168,76.9558,ECMWF_ERA5_Reanalysis
2023-11-26,27.8,21.3,23.8,30.4,23.3,26.2,10.6,19.8,42.1,30,15.65,964.8,loc_coimbatore,11.0168,76.9558,ECMWF_ERA5_Reanalysis
2023-11-27,28.8,21.5,24.7,31.0,24.2,27.3,1.9,16.0,32.4,36,17.97,963.6,loc_coimbatore,11.0168,76.9558,ECMWF_ERA5_Reanalysis
2023-11-28,29.2,21.7,24.7,32.3,24.6,27.7,1.7,14.7,30.2,36,19.25,962.9,loc_coimbatore,11.0168,76.9558,ECMWF_ERA5_Reanalysis
2023-11-29,29.4,20.9,24.4,32.7,24.1,27.2,7.6,18.1,32.4,37,18.27,962.9,loc_coimbatore,11.0168,76.9558,ECMWF_ERA5_Reanalysis
2023-11-30,29.4,21.7,24.3,33.1,24.6,27.3,16.5,14.8,29.5,29,17.81,963.7,loc_coimbatore,11.0168,76.9558,ECMWF_ERA5_Reanalysis
2023-12-01,29.4,20.8,24.9,33.1,23.9,28.2,0.2,12.9,28.4,47,19.6,962.8,loc_coimbatore,11.0168,76.9558,ECMWF_ERA5_Reanalysis
2023-12-02,29.7,20.9,25.0,32.8,24.7,28.2,0.1,12.3,27.0,71,19.33,961.5,loc_coimbatore,11.0168,76.9558,ECMWF_ERA5_Reanalysis
2023-12-03,30.4,21.6,25.0,33.6,25.1,28.8,1.4,14.8,31.3,55,18.21,961.1,loc_coimbatore,11.0168,76.9558,ECMWF_ERA5_Reanalysis
2023-12-04,28.9,21.7,25.0,33.8,25.4,29.0,0.2,11.6,23.0,204,14.99,959.9,loc_coimbatore,11.0168,76.9558,ECMWF_ERA5_Reanalysis
2023-12-05,30.1,21.9,25.3,33.0,25.7,28.9,0.0,12.1,26.6,203,16.73,960.0,loc_coimbatore,11.0168,76.9558,ECMWF_ERA5_Reanalysis
2023-12-06,30.0,22.0,25.3,34.7,25.5,29.0,0.1,8.2,20.9,219,19.62,961.5,loc_coimbatore,11.0168,76.9558,ECMWF_ERA5_Reanalysis
2023-12-07,30.2,21.6,25.8,34.5,24.8,29.6,0.0,8.9,17.6,162,19.63,962.5,loc_coimbatore,11.0168,76.9558,ECMWF_ERA5_Reanalysis
2023-12-08,28.4,22.4,24.8,33.1,25.7,28.4,6.2,14.1,30.2,28,13.34,963.4,loc_coimbatore,11.0168,76.9558,ECMWF_ERA5_Reanalysis
2023-12-09,29.3,21.9,25.1,33.5,24.5,28.3,7.4,13.0,27.7,31,17.65,964.2,loc_coimbatore,11.0168,76.9558,ECMWF_ERA5_Reanalysis
2023-12-10,29.5,22.3,25.4,31.8,25.5,28.2,3.7,14.6,30.2,43,17.54,963.6,loc_coimbatore,11.0168,76.9558,ECMWF_ERA5_Reanalysis
2023-12-11,28.1,22.1,24.9,30.4,24.8,27.5,0.0,14.3,29.2,52,13.58,964.0,loc_coimbatore,11.0168,76.9558,ECMWF_ERA5_Reanalysis
2023-12-12,28.4,22.1,24.7,31.2,24.6,27.2,0.0,14.8,29.9,60,16.03,963.4,loc_coimbatore,11.0168,76.9558,ECMWF_ERA5_Reanalysis
2023-12-13,27.6,20.6,23.7,28.5,22.8,25.5,0.0,17.4,35.3,54,15.31,963.8,loc_coimbatore,11.0168,76.9558,ECMWF_ERA5_Reanalysis
2023-12-14,27.8,20.5,23.5,29.0,22.5,24.9,0.0,17.8,35.6,45,16.39,965.0,loc_coimbatore,11.0168,76.9558,ECMWF_ERA5_Reanalysis
2023-12-15,28.8,20.7,24.3,31.9,22.3,26.3,0.0,15.4,31.3,37,18.4,965.1,loc_coimbatore,11.0168,76.9558,ECMWF_ERA5_Reanalysis
2023-12-16,27.9,21.4,24.7,29.9,23.9,27.0,0.4,13.0,28.8,47,14.11,964.6,loc_coimbatore,11.0168,76.9558,ECMWF_ERA5_Reanalysis
2023-12-17,27.3,22.1,24.0,28.8,24.6,26.3,4.3,18.1,35.6,39,11.4,963.9,loc_coimbatore,11.0168,76.9558,ECMWF_ERA5_Reanalysis
2023-12-18,25.3,21.6,22.7,27.4,23.3,25.0,12.6,19.6,36.4,28,6.5,964.8,loc_coimbatore,11.0168,76.9558,ECMWF_ERA5_Reanalysis
2023-12-19,27.4,21.0,24.1,28.9,23.2,26.0,0.0,17.4,35.6,40,14.25,965.4,loc_coimbatore,11.0168,76.9558,ECMWF_ERA5_Reanalysis
2023-12-20,27.4,21.8,24.3,29.4,22.6,26.1,0.0,15.5,31.0,39,14.61,965.5,loc_coimbatore,11.0168,76.9558,ECMWF_ERA5_Reanalysis
2023-12-21,28.2,21.8,24.5,31.2,24.2,27.1,0.5,14.1,30.6,49,15.04,965.2,loc_coimbatore,11.0168,76.9558,ECMWF_ERA5_Reanalysis
2023-12-22,29.0,21.3,24.4,32.3,24.0,27.0,0.1,12.9,28.8,56,18.6,965.3,loc_coimbatore,11.0168,76.9558,ECMWF_ERA5_Reanalysis
2023-12-23,27.4,20.5,23.3,29.1,22.3,24.9,0.4,15.1,31.7,52,14.21,966.0,loc_coimbatore,11.0168,76.9558,ECMWF_ERA5_Reanalysis
2023-12-24,29.1,18.5,23.9,31.2,19.3,25.4,0.0,14.1,30.2,41,19.87,966.8,loc_coimbatore,11.0168,76.9558,ECMWF_ERA5_Reanalysis
2023-12-25,28.3,22.5,24.8,29.8,24.3,26.8,0.1,19.7,38.2,48,12.55,966.4,loc_coimbatore,11.0168,76.9558,ECMWF_ERA5_Reanalysis
2023-12-26,28.9,20.6,24.2,30.6,22.4,25.8,0.6,16.2,33.1,48,20.57,966.5,loc_coimbatore,11.0168,76.9558,ECMWF_ERA5_Reanalysis
2023-12-27,28.9,19.7,24.1,30.1,21.1,25.3,0.0,17.8,36.7,36,21.0,966.5,loc_coimbatore,11.0168,76.9558,ECMWF_ERA5_Reanalysis
2023-12-28,29.1,22.7,25.3,29.8,23.6,26.5,0.0,20.5,40.3,44,14.66,965.5,loc_coimbatore,11.0168,76.9558,ECMWF_ERA5_Reanalysis
2023-12-29,27.4,22.0,24.4,29.6,24.1,26.6,1.0,17.9,36.0,37,13.32,965.8,loc_coimbatore,11.0168,76.9558,ECMWF_ERA5_Reanalysis
2023-12-30,28.1,20.5,24.0,29.3,22.9,25.7,0.0,17.3,34.6,46,12.75,965.4,loc_coimbatore,11.0168,76.9558,ECMWF_ERA5_Reanalysis
2023-12-31,29.3,20.6,24.4,30.2,23.2,26.0,0.0,15.3,31.7,44,15.53,965.0,loc_coimbatore,11.0168,76.9558,ECMWF_ERA5_Reanalysis
2024-01-01,28.4,20.4,24.1,30.4,22.4,25.8,0.0,12.5,27.0,44,16.59,965.3,loc_coimbatore,11.0168,76.9558,ECMWF_ERA5_Reanalysis
2024-01-02,28.6,21.5,24.3,30.4,23.7,26.0,0.0,13.8,31.0,49,13.65,964.7,loc_coimbatore,11.0168,76.9558,ECMWF_ERA5_Reanalysis
2024-01-03,29.4,21.1,24.4,30.8,23.5,26.3,0.3,14.6,27.4,31,16.02,964.2,loc_coimbatore,11.0168,76.9558,ECMWF_ERA5_Reanalysis
2024-01-04,28.8,21.0,24.2,30.7,23.6,26.5,3.1,14.6,30.2,42,13.2,964.0,loc_coimbatore,11.0168,76.9558,ECMWF_ERA5_Reanalysis
2024-01-05,28.1,21.8,24.4,31.4,25.0,27.4,5.8,10.5,24.5,51,14.35,964.2,loc_coimbatore,11.0168,76.9558,ECMWF_ERA5_Reanalysis
2024-01-06,29.5,21.8,24.7,33.6,24.6,28.1,15.3,12.0,27.0,34,17.41,964.1,loc_coimbatore,11.0168,76.9558,ECMWF_ERA5_Reanalysis
2024-01-07,28.1,21.9,23.9,30.4,24.7,26.8,4.0,15.6,31.7,37,13.2,964.3,loc_coimbatore,11.0168,76.9558,ECMWF_ERA5_Reanalysis
2024-01-08,27.9,22.1,23.7,31.4,25.2,26.6,6.7,23.5,45.0,41,13.46,964.9,loc_coimbatore,11.0168,76.9558,ECMWF_ERA5_Reanalysis
2024-01-09,27.2,21.9,23.3,29.5,24.4,26.0,14.9,17.1,35.6,29,11.05,965.1,loc_coimbatore,11.0168,76.9558,ECMWF_ERA5_Reanalysis
2024-01-10,26.8,20.8,23.3,28.1,22.3,25.2,2.2,16.6,32.4,27,12.03,965.1,loc_coimbatore,11.0168,76.9558,ECMWF_ERA5_Reanalysis
2024-01-11,28.2,20.4,23.9,30.2,21.0,25.2,0.0,16.1,31.7,38,20.69,965.3,loc_coimbatore,11.0168,76.9558,ECMWF_ERA5_Reanalysis
2024-01-12,28.0,19.6,23.5,29.2,20.9,24.6,0.0,16.9,35.3,41,20.78,965.5,loc_coimbatore,11.0168,76.9558,ECMWF_ERA5_Reanalysis
2024-01-13,28.9,20.1,23.9,30.5,21.6,25.5,0.0,14.3,29.5,39,20.38,966.0,loc_coimbatore,11.0168,76.9558,ECMWF_ERA5_Reanalysis
2024-01-14,29.4,20.2,24.4,31.2,22.1,26.2,0.0,16.6,34.6,53,20.7,965.4,loc_coimbatore,11.0168,76.9558,ECMWF_ERA5_Reanalysis
2024-01-15,29.6,19.6,24.0,31.4,21.0,25.6,0.0,12.0,28.4,56,21.79,965.1,loc_coimbatore,11.0168,76.9558,ECMWF_ERA5_Reanalysis
2024-01-16,29.0,19.7,23.9,31.4,21.2,25.7,0.0,12.5,27.0,45,19.72,964.1,loc_coimbatore,11.0168,76.9558,ECMWF_ERA5_Reanalysis
2024-01-17,29.4,19.8,24.0,31.7,20.9,25.4,0.0,13.8,28.8,38,21.56,963.5,loc_coimbatore,11.0168,76.9558,ECMWF_ERA5_Reanalysis
2024-01-18,30.0,19.8,24.4,32.0,20.7,25.7,0.0,12.5,26.6,32,21.5,964.0,loc_coimbatore,11.0168,76.9558,ECMWF_ERA5_Reanalysis
2024-01-19,31.2,21.7,25.5,33.9,23.5,27.8,0.6,12.0,26.6,37,20.19,964.1,loc_coimbatore,11.0168,76.9558,ECMWF_ERA5_Reanalysis
2024-01-20,30.3,21.9,25.4,31.4,24.4,27.3,0.2,13.6,29.5,45,17.71,965.4,loc_coimbatore,11.0168,76.9558,ECMWF_ERA5_Reanalysis
2024-01-21,31.7,21.7,26.0,33.5,23.3,28.0,0.0,13.1,29.9,46,19.15,965.3,loc_coimbatore,11.0168,76.9558,ECMWF_ERA5_Reanalysis
2024-01-22,31.5,21.8,25.7,32.9,23.9,27.7,0.0,13.0,28.8,50,17.85,966.3,loc_coimbatore,11.0168,76.9558,ECMWF_ERA5_Reanalysis
2024-01-23,30.8,21.2,25.2,32.5,22.4,26.6,0.0,12.9,29.9,60,20.75,966.0,loc_coimbatore,11.0168,76.9558,ECMWF_ERA5_Reanalysis
2024-01-24,31.2,20.5,25.4,33.7,22.4,27.1,0.0,14.3,29.9,37,17.45,965.6,loc_coimbatore,11.0168,76.9558,ECMWF_ERA5_Reanalysis
2024-01-25,31.5,21.6,25.8,33.0,22.9,27.1,0.0,12.2,29.5,45,21.19,966.3,loc_coimbatore,11.0168,76.9558,ECMWF_ERA5_Reanalysis
2024-01-26,31.2,20.6,25.6,30.4,22.2,25.8,0.0,16.0,35.6,52,22.14,967.7,loc_coimbatore,11.0168,76.9558,ECMWF_ERA5_Reanalysis
2024-01-27,30.7,20.5,25.5,31.0,21.7,26.1,0.0,16.5,36.0,52,22.33,967.8,loc_coimbatore,11.0168,76.9558,ECMWF_ERA5_Reanalysis
2024-01-28,31.3,20.1,25.5,31.8,22.1,26.6,0.0,14.5,33.1,51,21.31,967.3,loc_coimbatore,11.0168,76.9558,ECMWF_ERA5_Reanalysis
2024-01-29,31.2,21.2,25.7,32.7,23.2,26.9,0.7,14.1,29.9,52,21.31,966.7,loc_coimbatore,11.0168,76.9558,ECMWF_ERA5_Reanalysis
2024-01-30,32.1,19.9,25.7,34.4,21.8,27.2,0.0,10.7,26.3,60,22.37,966.2,loc_coimbatore,11.0168,76.9558,ECMWF_ERA5_Reanalysis
2024-01-31,32.0,22.1,26.3,35.2,24.7,28.3,0.1,10.2,24.1,81,20.29,966.2,loc_coimbatore,11.0168,76.9558,ECMWF_ERA5_Reanalysis
2024-02-01,33.1,20.7,26.8,36.5,22.4,28.7,0.0,13.7,24.5,83,21.42,966.1,loc_coimbatore,11.0168,76.9558,ECMWF_ERA5_Reanalysis
2024-02-02,32.5,21.4,26.6,35.6,22.9,29.1,0.2,11.6,27.4,39,20.35,965.9,loc_coimbatore,11.0168,76.9558,ECMWF_ERA5_Reanalysis
2024-02-03,33.7,22.9,27.7,34.2,25.2,29.1,0.1,16.0,31.7,36,19.99,966.2,loc_coimbatore,11.0168,76.9558,ECMWF_ERA5_Reanalysis
2024-02-04,33.0,22.0,26.9,33.4,24.4,28.1,0.1,14.7,33.5,54,22.13,967.9,loc_coimbatore,11.0168,76.9558,ECMWF_ERA5_Reanalysis
2024-02-05,32.8,21.6,26.4,33.1,22.9,27.1,0.0,14.0,33.1,60,23.34,968.0,loc_coimbatore,11.0168,76.9558,ECMWF_ERA5_Reanalysis
2024-02-06,33.3,20.9,26.7,33.7,22.0,27.3,0.0,15.5,34.9,52,23.49,967.4,loc_coimbatore,11.0168,76.9558,ECMWF_ERA5_Reanalysis
2024-02-07,34.5,21.3,27.2,34.5,23.3,28.1,0.0,15.4,34.6,54,23.64,967.2,loc_coimbatore,11.0168,76.9558,ECMWF_ERA5_Reanalysis
2024-02-08,35.4,21.1,27.5,34.8,22.6,28.0,0.0,15.3,34.2,58,23.52,966.2,loc_coimbatore,11.0168,76.9558,ECMWF_ERA5_Reanalysis
2024-02-09,34.4,20.6,27.3,34.2,22.0,28.1,0.0,16.3,36.0,55,23.83,966.5,loc_coimbatore,11.0168,76.9558,ECMWF_ERA5_Reanalysis
2024-02-10,32.9,21.7,27.1,33.7,24.1,28.0,0.0,18.7,39.6,54,22.58,967.8,loc_coimbatore,11.0168,76.9558,ECMWF_ERA5_Reanalysis
2024-02-11,33.1,21.8,26.8,33.6,23.7,27.8,0.0,15.6,35.3,52,22.36,968.1,loc_coimbatore,11.0168,76.9558,ECMWF_ERA5_Reanalysis
2024-02-12,32.7,20.8,26.4,32.7,22.2,26.9,0.0,16.1,36.4,53,23.64,967.4,loc_coimbatore,11.0168,76.9558,ECMWF_ERA5_Reanalysis
2024-02-13,34.3,20.8,27.1,35.0,22.0,28.1,0.0,17.2,34.2,46,23.3,966.8,loc_coimbatore,11.0168,76.9558,ECMWF_ERA5_Reanalysis
2024-02-14,33.4,22.2,27.6,34.1,25.2,29.1,0.0,15.6,35.3,60,20.14,966.2,loc_coimbatore,11.0168,76.9558,ECMWF_ERA5_Reanalysis
2024-02-15,33.5,21.4,27.3,34.0,22.6,28.0,0.0,14.6,32.8,54,23.7,966.1,loc_coimbatore,11.0168,76.9558,ECMWF_ERA5_Reanalysis
2024-02-16,33.2,21.4,27.2,34.0,23.6,28.2,0.0,16.6,36.7,59,22.05,966.4,loc_coimbatore,11.0168,76.9558,ECMWF_ERA5_Reanalysis
2024-02-17,34.4,22.3,27.9,34.9,23.0,28.6,0.0,12.7,31.3,58,23.74,965.3,loc_coimbatore,11.0168,76.9558,ECMWF_ERA5_Reanalysis
2024-02-18,34.6,22.2,28.1,35.5,23.7,29.2,0.0,12.8,31.7,62,23.75,964.6,loc_coimbatore,11.0168,76.9558,ECMWF_ERA5_Reanalysis
2024-02-19,34.5,22.7,28.2,35.2,24.9,29.5,0.0,15.0,35.6,53,22.87,965.1,loc_coimbatore,11.0168,76.9558,ECMWF_ERA5_Reanalysis
2024-02-20,34.2,23.6,28.5,35.7,24.9,29.7,0.0,14.5,30.6,58,23.86,965.0,loc_coimbatore,11.0168,76.9558,ECMWF_ERA5_Reanalysis
2024-02-21,34.9,23.2,28.6,36.5,25.6,30.9,0.0,15.3,28.1,135,21.14,964.1,loc_coimbatore,11.0168,76.9558,ECMWF_ERA5_Reanalysis
2024-02-22,34.8,24.1,28.6,36.2,26.8,30.7,0.1,24.5,45.7,209,21.1,964.0,loc_coimbatore,11.0168,76.9558,ECMWF_ERA5_Reanalysis
2024-02-23,35.0,22.2,28.6,36.5,25.9,30.6,0.0,14.1,27.0,209,22.88,963.5,loc_coimbatore,11.0168,76.9558,ECMWF_ERA5_Reanalysis
2024-02-24,35.0,22.4,28.6,37.8,24.9,31.0,0.0,12.8,27.4,215,22.88,963.3,loc_coimbatore,11.0168,76.9558,ECMWF_ERA5_Reanalysis
2024-02-25,34.8,24.2,28.9,35.7,26.0,30.1,0.2,17.4,34.6,67,24.17,963.3,loc_coimbatore,11.0168,76.9558,ECMWF_ERA5_Reanalysis
2024-02-26,33.3,23.3,28.0,34.0,25.1,28.9,0.0,20.5,42.8,65,19.08,963.9,loc_coimbatore,11.0168,76.9558,ECMWF_ERA5_Reanalysis
2024-02-27,35.1,22.3,27.9,35.3,24.1,28.7,0.0,18.7,40.3,60,22.1,964.5,loc_coimbatore,11.0168,76.9558,ECMWF_ERA5_Reanalysis
2024-02-28,35.0,22.1,28.0,34.3,23.1,28.4,0.0,16.1,36.7,61,25.29,964.0,loc_coimbatore,11.0168,76.9558,ECMWF_ERA5_Reanalysis
2024-02-29,34.7,22.2,28.1,35.5,23.9,28.9,0.0,13.8,33.1,65,25.18,964.5,loc_coimbatore,11.0168,76.9558,ECMWF_ERA5_Reanalysis
2024-03-01,34.6,23.2,28.7,35.1,23.6,28.9,0.0,18.8,36.0,65,24.47,965.4,loc_coimbatore,11.0168,76.9558,ECMWF_ERA5_Reanalysis
2024-03-02,34.1,23.0,28.0,34.0,23.4,28.0,0.0,13.6,31.0,43,22.41,965.2,loc_coimbatore,11.0168,76.9558,ECMWF_ERA5_Reanalysis
2024-03-03,35.0,23.0,28.3,36.3,23.4,29.4,0.0,14.2,32.4,73,25.35,964.3,loc_coimbatore,11.0168,76.9558,ECMWF_ERA5_Reanalysis
2024-03-04,36.7,20.9,28.8,37.4,21.4,30.2,0.0,12.7,29.2,74,25.6,963.8,loc_coimbatore,11.0168,76.9558,ECMWF_ERA5_Reanalysis
2024-03-05,37.4,22.9,29.2,37.9,26.0,31.0,0.0,11.6,29.9,84,25.31,963.9,loc_coimbatore,11.0168,76.9558,ECMWF_ERA5_Reanalysis
2024-03-06,36.7,23.2,29.3,37.4,27.2,31.5,0.0,13.0,29.9,143,24.32,964.2,loc_coimbatore,11.0168,76.9558,ECMWF_ERA5_Reanalysis
2024-03-07,37.1,22.4,29.3,37.6,26.0,31.1,0.0,14.7,33.5,77,25.49,963.4,loc_coimbatore,11.0168,76.9558,ECMWF_ERA5_Reanalysis
2024-03-08,36.4,22.6,29.5,37.0,26.3,31.3,0.0,10.0,28.8,144,22.23,963.7,loc_coimbatore,11.0168,76.9558,ECMWF_ERA5_Reanalysis
2024-03-09,37.1,23.0,29.9,38.4,27.0,31.6,0.0,12.5,31.0,139,24.72,963.8,loc_coimbatore,11.0168,76.9558,ECMWF_ERA5_Reanalysis
2024-03-10,36.8,23.9,29.9,38.6,27.8,32.1,0.0,14.4,31.7,81,23.62,965.3,loc_coimbatore,11.0168,76.9558,ECMWF_ERA5_Reanalysis
2024-03-11,36.7,24.6,30.1,38.1,26.9,32.1,0.0,15.9,35.6,71,24.62,966.7,loc_coimbatore,11.0168,76.9558,ECMWF_ERA5_Reanalysis
2024-03-12,37.0,24.5,30.2,37.4,26.6,31.3,0.0,13.2,32.8,57,25.75,966.2,loc_coimbatore,11.0168,76.9558,ECMWF_ERA5_Reanalysis
2024-03-13,36.8,24.2,30.1,38.9,26.0,31.8,0.0,12.7,29.5,150,25.19,965.1,loc_coimbatore,11.0168,76.9558,ECMWF_ERA5_Reanalysis
2024-03-14,36.8,24.0,29.9,37.6,28.3,32.3,0.0,17.3,34.2,208,23.99,964.5,loc_coimbatore,11.0168,76.9558,ECMWF_ERA5_Reanalysis
2024-03-15,37.6,24.1,30.3,40.5,28.4,33.3,0.0,16.8,32.4,204,24.22,963.4,loc_coimbatore,11.0168,76.9558,ECMWF_ERA5_Reanalysis
2024-03-16,37.8,23.6,30.6,39.6,27.7,33.1,0.2,15.5,29.9,125,24.36,963.9,loc_coimbatore,11.0168,76.9558,ECMWF_ERA5_Reanalysis
2024-03-17,37.5,24.2,30.0,38.8,24.7,31.7,0.0,14.3,31.0,65,25.45,964.3,loc_coimbatore,11.0168,76.9558,ECMWF_ERA5_Reanalysis
2024-03-18,37.4,23.4,29.8,37.6,25.6,31.4,0.0,14.0,33.8,76,25.76,964.1,loc_coimbatore,11.0168,76.9558,ECMWF_ERA5_Reanalysis
2024-03-19,36.6,23.3,29.8,36.3,24.9,30.1,0.0,12.7,32.8,84,26.34,963.6,loc_coimbatore,11.0168,76.9558,ECMWF_ERA5_Reanalysis
2024-03-20,37.3,22.9,29.6,37.9,22.9,30.7,0.0,12.2,31.0,72,26.0,963.3,loc_coimbatore,11.0168,76.9558,ECMWF_ERA5_Reanalysis
2024-03-21,36.8,23.9,29.6,37.6,25.8,31.1,0.4,16.1,33.8,66,25.42,963.4,loc_coimbatore,11.0168,76.9558,ECMWF_ERA5_Reanalysis
2024-03-22,36.6,23.9,29.8,38.2,26.7,31.5,0.3,13.6,32.4,62,23.99,962.2,loc_coimbatore,11.0168,76.9558,ECMWF_ERA5_Reanalysis
2024-03-23,37.4,24.7,30.6,37.5,27.1,31.6,0.0,16.0,36.7,71,25.34,962.2,loc_coimbatore,11.0168,76.9558,ECMWF_ERA5_Reanalysis
2024-03-24,37.5,23.9,29.7,37.8,25.6,30.8,0.0,15.7,35.6,72,25.66,963.8,loc_coimbatore,11.0168,76.9558,ECMWF_ERA5_Reanalysis
2024-03-25,37.6,23.0,30.2,38.2,24.5,30.7,0.0,16.8,36.7,66,26.16,963.9,loc_coimbatore,11.0168,76.9558,ECMWF_ERA5_Reanalysis
2024-03-26,37.7,24.4,30.4,38.1,26.6,31.3,0.0,17.8,38.9,92,26.14,964.4,loc_coimbatore,11.0168,76.9558,ECMWF_ERA5_Reanalysis
2024-03-27,36.9,23.1,29.6,37.5,25.1,30.2,0.0,12.8,32.8,63,26.54,965.9,loc_coimbatore,11.0168,76.9558,ECMWF_ERA5_Reanalysis
2024-03-28,37.8,24.7,30.6,39.6,27.2,32.6,0.0,13.1,31.3,73,25.5,964.3,loc_coimbatore,11.0168,76.9558,ECMWF_ERA5_Reanalysis
2024-03-29,38.3,24.2,30.9,38.4,28.7,32.9,0.0,16.9,38.9,105,25.77,963.6,loc_coimbatore,11.0168,76.9558,ECMWF_ERA5_Reanalysis
2024-03-30,38.2,24.2,30.6,38.6,28.6,32.6,0.0,14.2,32.0,110,26.16,964.3,loc_coimbatore,11.0168,76.9558,ECMWF_ERA5_Reanalysis
2024-03-31,37.7,24.0,30.5,38.8,28.7,32.6,0.0,11.5,24.8,86,26.3,964.8,loc_coimbatore,11.0168,76.9558,ECMWF_ERA5_Reanalysis
2024-04-01,38.2,24.1,30.8,40.5,29.1,33.8,0.0,12.3,24.1,168,25.26,962.8,loc_coimbatore,11.0168,76.9558,ECMWF_ERA5_Reanalysis
2024-04-02,38.7,25.1,31.4,41.4,29.6,34.2,0.0,15.3,31.7,177,25.1,961.3,loc_coimbatore,11.0168,76.9558,ECMWF_ERA5_Reanalysis
2024-04-03,39.1,24.7,31.2,41.6,29.4,34.0,0.0,13.2,25.6,194,25.72,962.0,loc_coimbatore,11.0168,76.9558,ECMWF_ERA5_Reanalysis
2024-04-04,39.6,25.0,31.6,39.9,29.8,34.0,0.0,16.3,31.3,151,25.66,962.2,loc_coimbatore,11.0168,76.9558,ECMWF_ERA5_Reanalysis
2024-04-05,39.7,25.0,31.6,40.0,29.3,34.0,0.0,12.8,32.4,157,25.75,961.9,loc_coimbatore,11.0168,76.9558,ECMWF_ERA5_Reanalysis
2024-04-06,40.5,24.7,31.9,40.8,29.0,33.7,0.0,17.1,38.5,142,26.26,961.0,loc_coimbatore,11.0168,76.9558,ECMWF_ERA5_Reanalysis
2024-04-07,40.0,24.7,31.6,41.0,28.7,33.3,0.0,13.9,28.4,190,26.67,960.8,loc_coimbatore,11.0168,76.9558,ECMWF_ERA5_Reanalysis
2024-04-08,40.1,24.8,31.8,40.8,28.5,33.6,0.0,13.7,33.1,150,26.64,961.3,loc_coimbatore,11.0168,76.9558,ECMWF_ERA5_Reanalysis
2024-04-09,38.5,25.6,31.5,38.3,26.9,33.0,0.0,15.4,35.6,78,26.54,962.3,loc_coimbatore,11.0168,76.9558,ECMWF_ERA5_Reanalysis
2024-04-10,37.8,25.6,31.5,39.0,28.7,33.0,0.0,13.4,33.1,88,26.13,962.5,loc_coimbatore,11.0168,76.9558,ECMWF_ERA5_Reanalysis
2024-04-11,38.3,25.6,31.6,40.2,28.6,33.5,0.0,13.0,33.1,83,25.98,962.6,loc_coimbatore,11.0168,76.9558,ECMWF_ERA5_Reanalysis
2024-04-12,35.1,23.2,28.3,38.5,26.1,31.2,13.5,17.7,40.3,35,22.66,962.7,loc_coimbatore,11.0168,76.9558,ECMWF_ERA5_Reanalysis
2024-04-13,35.0,22.9,28.9,38.0,25.1,31.5,0.6,15.7,33.1,27,24.0,962.9,loc_coimbatore,11.0168,76.9558,ECMWF_ERA5_Reanalysis
2024-04-14,35.8,24.4,29.6,37.7,27.1,31.5,0.3,15.8,33.1,30,24.71,963.0,loc_coimbatore,11.0168,76.9558,ECMWF_ERA5_Reanalysis
2024-04-15,36.8,24.1,30.0,38.8,26.6,32.2,0.0,18.4,37.8,63,24.76,963.5,loc_coimbatore,11.0168,76.9558,ECMWF_ERA5_Reanalysis
2024-04-16,37.0,24.4,30.2,38.7,28.4,32.6,0.0,13.3,31.3,47,25.43,962.8,loc_coimbatore,11.0168,76.9558,ECMWF_ERA5_Reanalysis
2024-04-17,38.5,23.7,30.6,41.3,28.4,33.5,0.0,13.7,27.4,192,25.95,962.2,loc_coimbatore,11.0168,76.9558,ECMWF_ERA5_Reanalysis
2024-04-18,40.3,24.8,30.7,41.6,29.5,33.9,0.0,24.5,51.5,213,24.62,961.0,loc_coimbatore,11.0168,76.9558,ECMWF_ERA5_Reanalysis
2024-04-19,39.0,25.2,30.7,41.6,29.5,34.0,0.2,29.7,56.2,219,24.29,959.7,loc_coimbatore,11.0168,76.9558,ECMWF_ERA5_Reanalysis
2024-04-20,39.1,25.1,31.1,40.7,29.1,34.0,0.0,25.9,51.1,213,24.06,959.6,loc_coimbatore,11.0168,76.9558,ECMWF_ERA5_Reanalysis
2024-04-21,39.1,25.2,31.8,41.5,30.4,34.6,0.0,14.3,29.9,198,25.15,960.0,loc_coimbatore,11.0168,76.9558,ECMWF_ERA5_Reanalysis
2024-04-22,39.5,25.2,31.7,41.6,30.0,34.6,0.0,15.7,29.2,191,25.01,960.9,loc_coimbatore,11.0168,76.9558,ECMWF_ERA5_Reanalysis
2024-04-23,40.1,25.8,32.0,40.7,30.6,34.6,0.0,12.5,30.6,136,25.54,959.9,loc_coimbatore,11.0168,76.9558,ECMWF_ERA5_Reanalysis
2024-04-24,40.1,24.9,31.9,41.8,29.1,34.0,0.0,13.2,32.4,182,25.92,959.9,loc_coimbatore,11.0168,76.9558,ECMWF_ERA5_Reanalysis
2024-04-25,40.0,25.0,32.2,40.8,29.1,33.8,0.0,14.7,35.6,142,25.83,959.9,loc_coimbatore,11.0168,76.9558,ECMWF_ERA5_Reanalysis
2024-04-26,40.0,25.0,32.3,41.1,29.9,34.4,0.0,13.7,34.2,111,26.14,959.8,loc_coimbatore,11.0168,76.9558,ECMWF_ERA5_Reanalysis
2024-04-27,40.4,24.9,32.3,41.1,30.1,34.4,0.0,14.0,33.8,117,26.01,959.9,loc_coimbatore,11.0168,76.9558,ECMWF_ERA5_Reanalysis
2024-04-28,40.1,25.1,32.5,41.1,28.7,34.5,0.0,13.0,32.4,115,26.37,960.6,loc_coimbatore,11.0168,76.9558,ECMWF_ERA5_Reanalysis
2024-04-29,40.8,26.1,33.2,41.5,30.4,35.2,0.0,11.2,30.2,82,26.2,961.5,loc_coimbatore,11.0168,76.9558,ECMWF_ERA5_Reanalysis
2024-04-30,40.0,25.6,32.0,42.4,30.0,35.0,0.0,23.9,50.4,211,24.84,960.6,loc_coimbatore,11.0168,76.9558,ECMWF_ERA5_Reanalysis
2024-05-01,38.4,25.5,31.2,40.6,28.9,34.3,0.0,24.2,47.9,212,24.63,958.9,loc_coimbatore,11.0168,76.9558,ECMWF_ERA5_Reanalysis
2024-05-02,40.5,26.4,32.6,41.7,31.2,36.1,0.0,17.9,36.4,215,24.87,958.9,loc_coimbatore,11.0168,76.9558,ECMWF_ERA5_Reanalysis
2024-05-03,39.1,27.0,32.1,41.7,31.5,35.6,0.0,24.0,49.7,216,23.11,960.0,loc_coimbatore,11.0168,76.9558,ECMWF_ERA5_Reanalysis
2024-05-04,38.3,26.1,31.0,42.8,31.0,35.1,2.4,17.1,40.7,218,21.48,960.7,loc_coimbatore,11.0168,76.9558,ECMWF_ERA5_Reanalysis
2024-05-05,37.2,25.9,30.7,41.2,29.0,33.6,9.0,20.4,45.0,216,22.84,959.8,loc_coimbatore,11.0168,76.9558,ECMWF_ERA5_Reanalysis
2024-05-06,38.2,24.6,30.7,40.8,27.2,32.6,0.9,25.1,49.3,218,23.92,960.0,loc_coimbatore,11.0168,76.9558,ECMWF_ERA5_Reanalysis
2024-05-07,38.7,25.9,31.2,40.8,29.0,33.5,0.0,23.5,45.7,217,23.73,961.1,loc_coimbatore,11.0168,76.9558,ECMWF_ERA5_Reanalysis
2024-05-08,39.2,26.2,31.2,41.0,30.0,33.9,0.1,15.8,40.3,149,23.76,960.9,loc_coimbatore,11.0168,76.9558,ECMWF_ERA5_Reanalysis
2024-05-09,35.5,25.2,29.6,39.5,29.5,33.6,1.1,17.6,41.8,215,20.72,960.4,loc_coimbatore,11.0168,76.9558,ECMWF_ERA5_Reanalysis
2024-05-10,34.5,24.3,29.0,38.8,28.8,33.0,12.0,15.3,33.5,213,21.2,961.4,loc_coimbatore,11.0168,76.9558,ECMWF_ERA5_Reanalysis
2024-05-11,36.0,25.0,28.8,41.4,29.0,33.2,11.6,11.9,28.8,355,21.38,962.0,loc_coimbatore,11.0168,76.9558,ECMWF_ERA5_Reanalysis
2024-05-12,32.9,23.9,27.9,38.9,27.9,32.7,11.8,13.8,31.7,199,18.49,961.8,loc_coimbatore,11.0168,76.9558,ECMWF_ERA5_Reanalysis
2024-05-13,35.2,23.8,28.3,40.7,28.7,33.1,3.5,13.1,33.5,51,18.6,961.0,loc_coimbatore,11.0168,76.9558,ECMWF_ERA5_Reanalysis
2024-05-14,29.6,23.5,26.5,33.4,27.7,30.5,19.6,14.1,32.4,236,11.84,961.3,loc_coimbatore,11.0168,76.9558,ECMWF_ERA5_Reanalysis
2024-05-15,33.6,23.7,27.8,39.3,27.5,32.2,14.8,15.6,29.9,327,19.4,961.4,loc_coimbatore,11.0168,76.9558,ECMWF_ERA5_Reanalysis
2024-05-16,30.6,23.7,26.9,34.4,27.6,30.3,6.6,19.7,39.6,48,16.37,962.0,loc_coimbatore,11.0168,76.9558,ECMWF_ERA5_Reanalysis
2024-05-17,32.9,23.3,26.6,37.3,27.7,31.2,13.1,18.4,37.1,326,17.26,960.8,loc_coimbatore,11.0168,76.9558,ECMWF_ERA5_Reanalysis
2024-05-18,32.4,23.3,26.7,38.2,28.3,31.6,1.6,16.0,32.4,209,18.67,959.0,loc_coimbatore,11.0168,76.9558,ECMWF_ERA5_Reanalysis
2024-05-19,31.5,23.5,26.1,36.8,28.1,31.1,24.4,14.1,30.2,206,17.98,957.7,loc_coimbatore,11.0168,76.9558,ECMWF_ERA5_Reanalysis
2024-05-20,26.4,23.5,24.5,30.4,28.0,28.9,6.1,15.1,31.3,206,7.37,957.7,loc_coimbatore,11.0168,76.9558,ECMWF_ERA5_Reanalysis
2024-05-21,30.3,23.2,26.2,35.3,28.0,31.2,12.1,9.2,25.2,178,16.92,957.4,loc_coimbatore,11.0168,76.9558,ECMWF_ERA5_Reanalysis
2024-05-22,28.1,23.6,25.3,33.7,27.6,30.5,24.2,12.5,30.6,213,10.5,956.2,loc_coimbatore,11.0168,76.9558,ECMWF_ERA5_Reanalysis
2024-05-23,27.4,23.7,25.1,32.7,27.6,30.0,22.3,11.1,22.3,235,6.31,955.7,loc_coimbatore,11.0168,76.9558,ECMWF_ERA5_Reanalysis
2024-05-24,27.4,23.2,24.8,32.2,27.5,29.3,38.9,16.5,33.8,211,8.06,955.7,loc_coimbatore,11.0168,76.9558,ECMWF_ERA5_Reanalysis
2024-05-25,31.2,22.7,25.8,35.9,25.8,29.3,1.0,21.4,41.4,204,13.91,956.6,loc_coimbatore,11.0168,76.9558,ECMWF_ERA5_Reanalysis
2024-05-26,31.7,23.3,26.6,36.1,26.8,30.2,3.3,23.8,46.4,208,21.09,957.2,loc_coimbatore,11.0168,76.9558,ECMWF_ERA5_Reanalysis
2024-05-27,32.6,24.0,27.4,36.9,26.8,30.9,0.0,22.8,46.1,211,23.18,957.7,loc_coimbatore,11.0168,76.9558,ECMWF_ERA5_Reanalysis
2024-05-28,31.4,23.9,26.3,36.2,26.2,29.4,0.0,27.3,54.0,210,20.87,958.3,loc_coimbatore,11.0168,76.9558,ECMWF_ERA5_Reanalysis
2024-05-29,32.4,24.0,27.1,36.4,27.1,30.6,1.2,22.0,45.4,215,22.77,958.0,loc_coimbatore,11.0168,76.9558,ECMWF_ERA5_Reanalysis
2024-05-30,32.5,24.1,27.4,37.2,28.4,31.6,0.2,21.7,45.0,209,23.55,958.5,loc_coimbatore,11.0168,76.9558,ECMWF_ERA5_Reanalysis
2024-05-31,33.0,23.7,27.6,38.3,27.5,32.3,2.0,19.6,44.3,208,22.9,958.8,loc_coimbatore,11.0168,76.9558,ECMWF_ERA5_Reanalysis
2024-06-01,32.8,24.4,27.5,37.0,28.2,31.8,6.3,25.0,50.8,212,20.89,959.2,loc_coimbatore,11.0168,76.9558,ECMWF_ERA5_Reanalysis
2024-06-02,30.9,23.8,26.8,37.3,28.0,31.5,5.2,20.4,42.1,209,19.32,959.9,loc_coimbatore,11.0168,76.9558,ECMWF_ERA5_Reanalysis
2024-06-03,30.9,24.0,26.8,36.7,27.7,31.5,2.2,14.7,33.5,209,18.48,960.3,loc_coimbatore,11.0168,76.9558,ECMWF_ERA5_Reanalysis
2024-06-04,31.0,23.9,27.2,36.2,28.5,31.4,2.4,16.0,33.8,212,19.65,960.9,loc_coimbatore,11.0168,76.9558,ECMWF_ERA5_Reanalysis
2024-06-05,30.8,23.7,26.8,34.8,27.6,30.5,1.1,19.5,43.6,213,18.5,961.3,loc_coimbatore,11.0168,76.9558,ECMWF_ERA5_Reanalysis
2024-06-06,29.5,23.8,26.0,33.7,28.1,30.2,15.6,16.9,33.5,208,14.36,961.8,loc_coimbatore,11.0168,76.9558,ECMWF_ERA5_Reanalysis
2024-06-07,30.5,23.2,26.1,34.1,26.1,29.4,6.6,26.6,54.4,215,20.72,960.5,loc_coimbatore,11.0168,76.9558,ECMWF_ERA5_Reanalysis
2024-06-08,30.3,22.2,25.3,33.1,24.7,27.8,10.8,28.4,56.9,213,21.81,960.2,loc_coimbatore,11.0168,76.9558,ECMWF_ERA5_Reanalysis
2024-06-09,30.0,22.1,25.6,32.0,24.3,27.6,0.4,28.0,57.6,215,21.92,960.2,loc_coimbatore,11.0168,76.9558,ECMWF_ERA5_Reanalysis
2024-06-10,30.9,21.9,25.8,33.6,24.0,28.0,0.9,26.5,55.8,213,23.04,960.5,loc_coimbatore,11.0168,76.9558,ECMWF_ERA5_Reanalysis
2024-06-11,31.2,22.7,26.1,34.1,24.9,28.4,0.2,25.5,52.2,212,22.04,960.7,loc_coimbatore,11.0168,76.9558,ECMWF_ERA5_Reanalysis
2024-06-12,29.8,22.7,25.2,31.7,24.9,27.7,0.7,22.5,45.4,209,13.47,962.0,loc_coimbatore,11.0168,76.9558,ECMWF_ERA5_Reanalysis
2024-06-13,31.5,22.9,26.2,34.6,25.7,29.2,1.0,23.6,49.3,210,21.79,961.8,loc_coimbatore,11.0168,76.9558,ECMWF_ERA5_Reanalysis
2024-06-14,32.4,22.9,26.8,35.4,26.2,29.8,0.0,22.0,44.6,213,22.9,960.4,loc_coimbatore,11.0168,76.9558,ECMWF_ERA5_Reanalysis
2024-06-15,33.4,22.7,27.2,35.4,25.9,29.7,0.2,23.4,46.4,214,24.74,960.0,loc_coimbatore,11.0168,76.9558,ECMWF_ERA5_Reanalysis
2024-06-16,32.4,23.1,26.9,34.9,26.2,29.4,0.4,25.5,51.5,216,24.18,960.0,loc_coimbatore,11.0168,76.9558,ECMWF_ERA5_Reanalysis
2024-06-17,32.3,22.9,27.0,35.3,26.5,29.9,1.3,24.7,50.8,215,22.39,960.3,loc_coimbatore,11.0168,76.9558,ECMWF_ERA5_Reanalysis
2024-06-18,31.3,22.8,26.3,33.7,25.7,28.9,4.9,25.1,49.3,214,19.55,960.4,loc_coimbatore,11.0168,76.9558,ECMWF_ERA5_Reanalysis
2024-06-19,31.8,22.2,25.9,34.6,25.0,28.2,5.3,27.1,52.9,212,19.52,959.3,loc_coimbatore,11.0168,76.9558,ECMWF_ERA5_Reanalysis
2024-06-20,29.4,22.9,25.1,30.8,24.7,27.0,0.1,24.0,47.9,211,14.12,959.4,loc_coimbatore,11.0168,76.9558,ECMWF_ERA5_Reanalysis
2024-06-21,29.6,22.6,24.9,31.4,25.2,27.3,0.7,23.7,50.0,210,14.8,959.3,loc_coimbatore,11.0168,76.9558,ECMWF_ERA5_Reanalysis
2024-06-22,31.3,22.4,25.8,33.6,25.3,28.3,6.5,22.9,48.2,213,20.87,957.7,loc_coimbatore,11.0168,76.9558,ECMWF_ERA5_Reanalysis
2024-06-23,28.2,22.3,24.1,30.0,24.6,26.5,18.8,24.4,49.7,207,14.47,957.0,loc_coimbatore,11.0168,76.9558,ECMWF_ERA5_Reanalysis
2024-06-24,27.0,22.0,23.3,29.0,23.7,25.6,12.9,23.6,46.1,210,8.73,957.0,loc_coimbatore,11.0168,76.9558,ECMWF_ERA5_Reanalysis
2024-06-25,26.6,21.5,23.5,28.2,23.5,25.8,7.8,24.0,49.0,207,12.47,956.7,loc_coimbatore,11.0168,76.9558,ECMWF_ERA5_Reanalysis
2024-06-26,24.4,21.9,22.7,26.7,23.3,24.7,51.7,26.5,47.9,209,5.2,957.0,loc_coimbatore,11.0168,76.9558,ECMWF_ERA5_Reanalysis
2024-06-27,25.3,22.0,23.1,28.2,23.6,25.4,10.0,23.0,41.4,205,5.9,958.4,loc_coimbatore,11.0168,76.9558,ECMWF_ERA5_Reanalysis
2024-06-28,29.0,21.3,24.5,32.0,23.3,26.9,0.0,24.7,49.0,210,21.43,959.5,loc_coimbatore,11.0168,76.9558,ECMWF_ERA5_Reanalysis
2024-06-29,30.0,22.2,25.3,34.0,24.8,28.3,0.0,21.1,42.1,210,21.99,959.9,loc_coimbatore,11.0168,76.9558,ECMWF_ERA5_Reanalysis
2024-06-30,29.6,22.8,25.1,33.3,26.5,28.6,1.1,23.4,44.6,206,16.25,960.8,loc_coimbatore,11.0168,76.9558,ECMWF_ERA5_Reanalysis
2024-07-01,29.2,22.3,24.8,32.3,24.9,27.6,1.0,21.7,48.2,210,16.61,960.8,loc_coimbatore,11.0168,76.9558,ECMWF_ERA5_Reanalysis
2024-07-02,30.1,22.3,25.2,34.1,25.1,28.4,0.0,18.5,39.6,206,16.55,959.7,loc_coimbatore,11.0168,76.9558,ECMWF_ERA5_Reanalysis
2024-07-03,30.1,22.0,25.4,35.2,25.0,28.9,4.0,19.2,39.2,205,21.61,959.9,loc_coimbatore,11.0168,76.9558,ECMWF_ERA5_Reanalysis
2024-07-04,29.9,22.3,25.2,35.3,25.2,28.8,3.2,15.8,35.3,200,16.65,960.6,loc_coimbatore,11.0168,76.9558,ECMWF_ERA5_Reanalysis
2024-07-05,29.4,22.5,25.5,32.7,25.5,28.4,5.1,22.7,47.9,212,21.69,959.6,loc_coimbatore,11.0168,76.9558,ECMWF_ERA5_Reanalysis
2024-07-06,28.4,22.5,24.5,31.0,24.6,26.8,0.2,22.4,42.1,210,12.35,958.9,loc_coimbatore,11.0168,76.9558,ECMWF_ERA5_Reanalysis
2024-07-07,30.7,22.3,25.1,33.6,25.3,27.9,1.1,21.5,44.3,208,19.24,958.7,loc_coimbatore,11.0168,76.9558,ECMWF_ERA5_Reanalysis
2024-07-08,27.3,21.6,23.7,29.7,23.8,26.1,1.4,19.9,39.6,209,12.09,958.5,loc_coimbatore,11.0168,76.9558,ECMWF_ERA5_Reanalysis
2024-07-09,29.5,21.5,24.7,32.9,23.7,27.2,2.5,20.2,41.8,209,20.07,959.3,loc_coimbatore,11.0168,76.9558,ECMWF_ERA5_Reanalysis
2024-07-10,30.7,22.0,25.2,34.0,25.2,28.1,4.2,21.4,42.8,208,22.45,961.6,loc_coimbatore,11.0168,76.9558,ECMWF_ERA5_Reanalysis
2024-07-11,30.5,21.7,25.5,35.0,24.4,28.7,0.6,19.2,37.8,205,20.65,960.8,loc_coimbatore,11.0168,76.9558,ECMWF_ERA5_Reanalysis
2024-07-12,29.3,22.5,24.7,32.4,24.7,27.6,20.9,24.5,48.2,210,17.35,959.5,loc_coimbatore,11.0168,76.9558,ECMWF_ERA5_Reanalysis
2024-07-13,29.0,22.3,24.5,32.4,24.5,26.8,1.1,23.3,45.4,211,16.57,959.1,loc_coimbatore,11.0168,76.9558,ECMWF_ERA5_Reanalysis
2024-07-14,29.3,21.5,23.9,31.9,23.1,26.1,2.6,25.9,51.5,206,16.37,957.8,loc_coimbatore,11.0168,76.9558,ECMWF_ERA5_Reanalysis
2024-07-15,27.2,21.5,23.5,29.1,23.2,25.5,8.1,25.0,46.8,207,12.81,957.5,loc_coimbatore,11.0168,76.9558,ECMWF_ERA5_Reanalysis
2024-07-16,26.4,21.6,23.2,28.1,22.6,24.7,6.7,28.0,54.0,210,12.6,957.7,loc_coimbatore,11.0168,76.9558,ECMWF_ERA5_Reanalysis
2024-07-17,26.7,21.5,23.3,28.5,23.0,25.2,5.6,25.1,48.2,205,11.94,958.9,loc_coimbatore,11.0168,76.9558,ECMWF_ERA5_Reanalysis
2024-07-18,24.8,21.8,23.0,26.6,23.1,24.5,9.1,25.9,50.0,212,5.96,958.8,loc_coimbatore,11.0168,76.9558,ECMWF_ERA5_Reanalysis
2024-07-19,25.6,21.8,23.3,27.1,22.9,24.9,1.0,24.5,47.2,207,10.99,958.2,loc_coimbatore,11.0168,76.9558,ECMWF_ERA5_Reanalysis
2024-07-20,28.1,22.1,24.3,29.7,23.5,26.1,0.3,25.5,48.6,215,17.32,958.5,loc_coimbatore,11.0168,76.9558,ECMWF_ERA5_Reanalysis
2024-07-21,28.9,21.7,24.6,31.0,23.1,26.4,0.6,29.2,56.9,214,22.27,959.3,loc_coimbatore,11.0168,76.9558,ECMWF_ERA5_Reanalysis
2024-07-22,26.8,22.0,23.8,28.5,23.9,25.9,0.0,22.1,44.3,199,11.89,961.0,loc_coimbatore,11.0168,76.9558,ECMWF_ERA5_Reanalysis
2024-07-23,29.8,22.0,24.9,33.0,24.5,27.3,0.2,24.7,49.3,208,20.9,961.3,loc_coimbatore,11.0168,76.9558,ECMWF_ERA5_Reanalysis
2024-07-24,30.6,21.8,24.9,33.5,24.0,27.3,0.1,23.8,47.2,209,22.72,959.8,loc_coimbatore,11.0168,76.9558,ECMWF_ERA5_Reanalysis
2024-07-25,27.8,22.0,23.9,29.7,23.7,26.0,2.2,26.4,51.8,208,15.52,958.6,loc_coimbatore,11.0168,76.9558,ECMWF_ERA5_Reanalysis
2024-07-26,28.6,22.6,24.6,30.9,24.1,26.6,1.2,28.8,55.1,213,19.72,958.8,loc_coimbatore,11.0168,76.9558,ECMWF_ERA5_Reanalysis
2024-07-27,30.9,21.9,25.4,34.0,23.6,27.7,0.3,21.5,43.9,211,21.28,959.2,loc_coimbatore,11.0168,76.9558,ECMWF_ERA5_Reanalysis
2024-07-28,30.2,22.2,25.0,32.6,24.0,27.0,0.0,26.4,51.8,207,21.19,957.9,loc_coimbatore,11.0168,76.9558,ECMWF_ERA5_Reanalysis
2024-07-29,27.1,22.0,24.0,28.2,23.7,25.7,6.6,28.3,54.4,212,13.19,957.2,loc_coimbatore,11.0168,76.9558,ECMWF_ERA5_Reanalysis
2024-07-30,24.4,21.5,22.7,27.7,23.6,25.4,43.3,21.4,41.4,207,4.96,959.6,loc_coimbatore,11.0168,76.9558,ECMWF_ERA5_Reanalysis
2024-07-31,28.9,21.6,23.9,31.9,24.2,26.9,11.9,22.6,46.4,209,17.56,961.1,loc_coimbatore,11.0168,76.9558,ECMWF_ERA5_Reanalysis
2024-08-01,28.5,21.9,24.4,31.5,24.2,27.1,2.2,23.4,49.3,210,19.86,960.8,loc_coimbatore,11.0168,76.9558,ECMWF_ERA5_Reanalysis
2024-08-02,29.5,21.7,24.9,33.3,24.3,27.7,0.1,21.6,44.3,210,20.76,960.8,loc_coimbatore,11.0168,76.9558,ECMWF_ERA5_Reanalysis
2024-08-03,30.3,21.6,25.0,34.2,24.4,27.9,4.8,19.3,37.4,208,20.73,961.4,loc_coimbatore,11.0168,76.9558,ECMWF_ERA5_Reanalysis
2024-08-04,29.5,21.9,24.9,34.7,24.9,28.4,2.8,14.5,33.5,202,19.23,961.7,loc_coimbatore,11.0168,76.9558,ECMWF_ERA5_Reanalysis
2024-08-05,28.7,22.1,24.5,31.9,25.4,28.0,5.5,14.8,33.1,206,17.74,961.6,loc_coimbatore,11.0168,76.9558,ECMWF_ERA5_Reanalysis
2024-08-06,28.7,21.6,24.4,33.0,24.5,27.9,1.9,16.3,33.8,202,17.47,960.7,loc_coimbatore,11.0168,76.9558,ECMWF_ERA5_Reanalysis
2024-08-07,29.0,22.3,24.5,34.1,25.9,28.3,33.5,15.1,31.7,199,19.49,960.8,loc_coimbatore,11.0168,76.9558,ECMWF_ERA5_Reanalysis
2024-08-08,27.6,21.8,24.0,30.9,24.8,27.2,4.7,17.8,37.1,201,17.5,961.4,loc_coimbatore,11.0168,76.9558,ECMWF_ERA5_Reanalysis
2024-08-09,30.1,21.8,24.9,34.0,24.9,28.2,5.4,17.6,37.8,200,21.49,961.6,loc_coimbatore,11.0168,76.9558,ECMWF_ERA5_Reanalysis
2024-08-10,28.5,22.3,24.7,33.4,26.0,28.5,5.8,15.5,34.2,201,19.08,961.5,loc_coimbatore,11.0168,76.9558,ECMWF_ERA5_Reanalysis
2024-08-11,29.3,22.6,24.9,35.5,26.3,29.1,4.7,14.8,34.2,202,21.13,959.5,loc_coimbatore,11.0168,76.9558,ECMWF_ERA5_Reanalysis
2024-08-12,31.5,22.6,26.1,38.0,26.6,30.8,2.4,11.6,25.6,194,22.73,958.7,loc_coimbatore,11.0168,76.9558,ECMWF_ERA5_Reanalysis
2024-08-13,30.7,22.1,25.7,37.5,26.3,30.4,27.9,11.0,27.7,52,22.12,959.2,loc_coimbatore,11.0168,76.9558,ECMWF_ERA5_Reanalysis
2024-08-14,30.4,22.8,25.6,36.7,27.8,30.4,2.2,19.4,38.9,187,21.01,958.5,loc_coimbatore,11.0168,76.9558,ECMWF_ERA5_Reanalysis
2024-08-15,29.9,22.4,25.8,35.0,26.8,30.5,3.2,11.8,24.8,186,19.95,957.8,loc_coimbatore,11.0168,76.9558,ECMWF_ERA5_Reanalysis
2024-08-16,29.9,23.3,25.6,35.7,27.7,30.2,3.7,19.9,40.3,206,19.35,957.2,loc_coimbatore,11.0168,76.9558,ECMWF_ERA5_Reanalysis
2024-08-17,30.5,23.1,25.9,34.7,26.3,29.8,0.0,19.6,41.0,210,25.15,958.1,loc_coimbatore,11.0168,76.9558,ECMWF_ERA5_Reanalysis
2024-08-18,30.5,22.4,25.9,34.9,26.3,30.1,0.0,14.3,31.0,201,23.06,958.9,loc_coimbatore,11.0168,76.9558,ECMWF_ERA5_Reanalysis
2024-08-19,30.1,23.4,25.7,35.8,26.4,29.5,0.1,17.7,35.3,212,19.2,958.7,loc_coimbatore,11.0168,76.9558,ECMWF_ERA5_Reanalysis
2024-08-20,29.7,22.4,25.5,35.1,26.3,29.7,1.5,16.3,32.8,208,21.03,958.7,loc_coimbatore,11.0168,76.9558,ECMWF_ERA5_Reanalysis
2024-08-21,29.5,22.8,25.5,31.4,24.9,27.9,0.3,27.9,55.4,220,22.24,960.4,loc_coimbatore,11.0168,76.9558,ECMWF_ERA5_Reanalysis
2024-08-22,28.6,22.7,25.0,30.1,24.4,26.9,0.0,23.0,46.1,210,17.14,961.3,loc_coimbatore,11.0168,76.9558,ECMWF_ERA5_Reanalysis
2024-08-23,30.4,22.3,25.7,33.1,25.1,28.2,0.0,22.5,46.1,212,21.54,962.0,loc_coimbatore,11.0168,76.9558,ECMWF_ERA5_Reanalysis
2024-08-24,29.0,22.9,25.2,30.9,24.9,26.9,0.6,28.0,55.1,217,22.22,962.8,loc_coimbatore,11.0168,76.9558,ECMWF_ERA5_Reanalysis
2024-08-25,29.5,21.8,24.7,31.1,23.7,26.3,0.0,29.3,56.9,215,21.0,962.1,loc_coimbatore,11.0168,76.9558,ECMWF_ERA5_Reanalysis
2024-08-26,29.2,22.4,25.0,31.2,23.5,26.3,0.2,29.8,57.2,217,22.33,961.4,loc_coimbatore,11.0168,76.9558,ECMWF_ERA5_Reanalysis
2024-08-27,30.2,22.1,24.8,32.2,23.9,26.7,0.0,27.3,54.4,214,20.04,962.1,loc_coimbatore,11.0168,76.9558,ECMWF_ERA5_Reanalysis
2024-08-28,29.6,22.0,24.9,31.9,24.5,27.2,1.1,21.6,46.1,210,18.88,962.0,loc_coimbatore,11.0168,76.9558,ECMWF_ERA5_Reanalysis
2024-08-29,30.2,21.7,24.7,33.8,23.8,26.9,3.2,24.1,49.7,212,20.29,960.6,loc_coimbatore,11.0168,76.9558,ECMWF_ERA5_Reanalysis
2024-08-30,29.6,22.0,24.8,31.7,24.1,26.9,0.9,24.8,51.8,211,17.99,960.3,loc_coimbatore,11.0168,76.9558,ECMWF_ERA5_Reanalysis
2024-08-31,28.9,21.9,24.6,31.0,24.0,26.9,0.4,21.9,43.9,207,13.65,960.2,loc_coimbatore,11.0168,76.9558,ECMWF_ERA5_Reanalysis
2024-09-01,30.1,22.2,24.9,32.8,24.3,27.3,2.5,22.9,47.2,208,17.36,959.5,loc_coimbatore,11.0168,76.9558,ECMWF_ERA5_Reanalysis
2024-09-02,30.8,21.7,25.3,34.3,24.2,27.8,4.9,23.8,47.9,207,21.69,959.8,loc_coimbatore,11.0168,76.9558,ECMWF_ERA5_Reanalysis
2024-09-03,30.5,21.5,25.1,33.5,24.1,27.4,2.1,25.4,50.4,209,22.85,961.0,loc_coimbatore,11.0168,76.9558,ECMWF_ERA5_Reanalysis
2024-09-04,30.4,22.4,25.5,32.9,25.1,27.9,0.0,21.8,43.2,211,18.8,961.2,loc_coimbatore,11.0168,76.9558,ECMWF_ERA5_Reanalysis
2024-09-05,32.0,22.5,26.3,35.3,25.3,28.8,0.8,22.2,45.7,211,23.75,960.1,loc_coimbatore,11.0168,76.9558,ECMWF_ERA5_Reanalysis
2024-09-06,30.9,22.3,25.8,34.3,25.1,28.4,4.0,20.1,40.3,209,19.27,960.4,loc_coimbatore,11.0168,76.9558,ECMWF_ERA5_Reanalysis
2024-09-07,31.6,22.1,25.9,34.7,25.1,28.4,1.4,22.8,45.0,212,21.61,961.1,loc_coimbatore,11.0168,76.9558,ECMWF_ERA5_Reanalysis
2024-09-08,30.2,21.9,25.2,32.0,24.5,27.3,0.0,27.0,53.3,216,20.23,961.6,loc_coimbatore,11.0168,76.9558,ECMWF_ERA5_Reanalysis
2024-09-09,30.2,22.2,25.1,32.1,23.9,26.9,0.5,27.8,57.6,215,20.93,959.8,loc_coimbatore,11.0168,76.9558,ECMWF_ERA5_Reanalysis
2024-09-10,30.2,21.9,25.3,31.7,23.6,26.8,0.1,29.6,59.0,218,23.08,959.7,loc_coimbatore,11.0168,76.9558,ECMWF_ERA5_Reanalysis
2024-09-11,30.5,21.9,25.0,32.8,24.0,26.7,0.0,28.3,56.5,215,21.88,961.0,loc_coimbatore,11.0168,76.9558,ECMWF_ERA5_Reanalysis
2024-09-12,31.8,21.7,25.7,34.8,23.7,28.1,1.1,23.7,49.0,215,23.06,961.7,loc_coimbatore,11.0168,76.9558,ECMWF_ERA5_Reanalysis
2024-09-13,32.9,21.7,26.4,35.8,25.1,29.1,0.2,23.5,46.8,213,24.22,961.2,loc_coimbatore,11.0168,76.9558,ECMWF_ERA5_Reanalysis
2024-09-14,30.4,22.4,25.7,33.8,25.4,28.5,10.3,21.4,45.4,210,21.95,960.9,loc_coimbatore,11.0168,76.9558,ECMWF_ERA5_Reanalysis
2024-09-15,32.0,22.1,25.8,35.8,25.2,28.8,5.3,20.6,43.9,209,22.09,960.9,loc_coimbatore,11.0168,76.9558,ECMWF_ERA5_Reanalysis
2024-09-16,32.9,22.3,26.4,35.9,25.3,29.0,0.0,24.2,47.9,209,24.63,961.1,loc_coimbatore,11.0168,76.9558,ECMWF_ERA5_Reanalysis
2024-09-17,31.3,22.4,26.3,35.5,25.7,29.1,6.8,20.4,40.7,205,23.8,960.7,loc_coimbatore,11.0168,76.9558,ECMWF_ERA5_Reanalysis
2024-09-18,31.6,21.7,25.9,34.4,25.0,28.4,0.9,24.1,47.2,206,24.12,959.7,loc_coimbatore,11.0168,76.9558,ECMWF_ERA5_Reanalysis
2024-09-19,31.9,21.6,25.8,34.3,24.2,28.3,3.0,21.0,42.5,214,24.33,959.8,loc_coimbatore,11.0168,76.9558,ECMWF_ERA5_Reanalysis
2024-09-20,32.5,21.4,25.9,35.3,24.1,28.2,0.0,20.5,41.8,213,23.57,959.9,loc_coimbatore,11.0168,76.9558,ECMWF_ERA5_Reanalysis
2024-09-21,31.6,21.8,25.8,34.9,24.3,28.0,2.4,20.0,42.1,214,20.37,960.2,loc_coimbatore,11.0168,76.9558,ECMWF_ERA5_Reanalysis
2024-09-22,31.3,21.6,25.6,34.1,24.3,27.9,1.1,20.3,40.3,210,20.78,959.5,loc_coimbatore,11.0168,76.9558,ECMWF_ERA5_Reanalysis
2024-09-23,31.6,22.2,25.6,35.2,24.6,28.2,5.2,23.1,46.4,210,21.57,958.9,loc_coimbatore,11.0168,76.9558,ECMWF_ERA5_Reanalysis
2024-09-24,31.8,22.1,25.7,33.9,24.8,27.5,0.6,26.0,51.5,215,22.06,958.4,loc_coimbatore,11.0168,76.9558,ECMWF_ERA5_Reanalysis
2024-09-25,32.4,21.9,26.0,34.6,24.5,28.2,0.0,24.1,50.0,212,23.64,958.6,loc_coimbatore,11.0168,76.9558,ECMWF_ERA5_Reanalysis
2024-09-26,32.4,22.3,26.2,36.0,25.7,29.2,2.6,21.2,42.1,210,21.21,959.1,loc_coimbatore,11.0168,76.9558,ECMWF_ERA5_Reanalysis
2024-09-27,32.1,22.3,26.1,36.6,25.8,29.6,3.5,17.2,36.4,204,22.71,961.0,loc_coimbatore,11.0168,76.9558,ECMWF_ERA5_Reanalysis
2024-09-28,31.8,22.4,26.1,36.5,26.6,30.4,6.2,11.1,28.4,203,21.34,961.8,loc_coimbatore,11.0168,76.9558,ECMWF_ERA5_Reanalysis
2024-09-29,32.7,22.5,26.3,36.8,25.7,30.0,9.4,12.9,28.4,29,22.74,962.6,loc_coimbatore,11.0168,76.9558,ECMWF_ERA5_Reanalysis
2024-09-30,31.7,22.4,26.5,35.0,25.4,29.7,1.7,13.3,30.6,34,21.78,962.3,loc_coimbatore,11.0168,76.9558,ECMWF_ERA5_Reanalysis
2024-10-01,33.5,23.3,27.4,37.3,26.8,30.9,0.1,14.6,27.4,50,21.52,961.1,loc_coimbatore,11.0168,76.9558,ECMWF_ERA5_Reanalysis
2024-10-02,32.1,22.8,26.8,37.3,27.1,30.6,0.4,20.4,43.6,217,21.23,961.8,loc_coimbatore,11.0168,76.9558,ECMWF_ERA5_Reanalysis
2024-10-03,32.2,22.6,26.7,36.0,26.2,30.0,1.2,17.2,37.8,217,21.74,962.0,loc_coimbatore,11.0168,76.9558,ECMWF_ERA5_Reanalysis
2024-10-04,31.7,23.0,26.5,35.6,26.8,30.0,13.1,16.4,37.8,214,21.51,961.8,loc_coimbatore,11.0168,76.9558,ECMWF_ERA5_Reanalysis
2024-10-05,28.2,22.5,24.5,31.7,26.7,28.6,15.5,10.5,26.3,203,12.99,962.2,loc_coimbatore,11.0168,76.9558,ECMWF_ERA5_Reanalysis
2024-10-06,30.9,22.4,25.3,34.8,26.8,29.6,5.0,14.9,34.2,192,15.76,961.7,loc_coimbatore,11.0168,76.9558,ECMWF_ERA5_Reanalysis
2024-10-07,31.4,22.2,25.0,35.7,26.1,29.1,37.6,9.6,24.8,23,16.41,962.5,loc_coimbatore,11.0168,76.9558,ECMWF_ERA5_Reanalysis
2024-10-08,30.1,22.4,25.3,34.9,26.8,29.5,10.4,11.9,24.8,143,16.79,962.9,loc_coimbatore,11.0168,76.9558,ECMWF_ERA5_Reanalysis
2024-10-09,30.1,22.6,24.8,35.9,26.8,29.4,2.4,14.3,34.9,222,17.21,961.5,loc_coimbatore,11.0168,76.9558,ECMWF_ERA5_Reanalysis
2024-10-10,29.0,21.9,24.2,32.7,26.1,27.9,0.5,17.0,36.7,209,18.69,960.4,loc_coimbatore,11.0168,76.9558,ECMWF_ERA5_Reanalysis
2024-10-11,29.5,21.2,24.2,34.4,25.2,28.2,6.2,17.3,38.2,204,17.79,960.2,loc_coimbatore,11.0168,76.9558,ECMWF_ERA5_Reanalysis
2024-10-12,28.0,22.1,24.0,32.7,25.9,28.4,20.6,10.5,23.8,194,15.53,961.1,loc_coimbatore,11.0168,76.9558,ECMWF_ERA5_Reanalysis
2024-10-13,26.9,22.3,23.7,31.1,26.6,27.9,7.3,12.2,25.6,200,11.56,961.6,loc_coimbatore,11.0168,76.9558,ECMWF_ERA5_Reanalysis
2024-10-14,25.0,21.6,23.0,29.3,25.7,27.1,9.1,7.6,22.3,200,7.12,961.3,loc_coimbatore,11.0168,76.9558,ECMWF_ERA5_Reanalysis
2024-10-15,26.5,21.5,23.1,32.2,24.8,26.9,18.9,11.0,24.8,193,13.41,960.9,loc_coimbatore,11.0168,76.9558,ECMWF_ERA5_Reanalysis
2024-10-16,26.6,21.7,23.4,30.9,24.9,27.0,7.9,17.1,35.3,201,15.22,960.6,loc_coimbatore,11.0168,76.9558,ECMWF_ERA5_Reanalysis
2024-10-17,29.6,21.5,24.4,33.5,24.6,27.6,1.6,19.4,43.6,208,22.04,960.3,loc_coimbatore,11.0168,76.9558,ECMWF_ERA5_Reanalysis
2024-10-18,29.7,21.3,24.9,34.0,24.4,28.6,0.3,14.9,33.1,210,21.01,960.9,loc_coimbatore,11.0168,76.9558,ECMWF_ERA5_Reanalysis
2024-10-19,27.4,21.6,24.2,32.7,25.6,28.2,1.4,8.8,22.3,207,15.43,962.3,loc_coimbatore,11.0168,76.9558,ECMWF_ERA5_Reanalysis
2024-10-20,28.9,22.1,24.9,33.7,26.4,29.2,0.1,13.6,30.6,202,17.08,962.7,loc_coimbatore,11.0168,76.9558,ECMWF_ERA5_Reanalysis
2024-10-21,28.8,22.9,25.0,33.0,26.9,29.3,6.2,11.2,27.7,89,15.05,963.0,loc_coimbatore,11.0168,76.9558,ECMWF_ERA5_Reanalysis
2024-10-22,29.1,22.5,24.8,35.2,26.9,29.5,9.0,9.0,21.2,111,16.56,963.3,loc_coimbatore,11.0168,76.9558,ECMWF_ERA5_Reanalysis
2024-10-23,29.4,21.4,24.6,34.9,25.5,29.1,2.4,14.5,30.2,200,19.85,962.5,loc_coimbatore,11.0168,76.9558,ECMWF_ERA5_Reanalysis
2024-10-24,28.3,21.5,24.2,33.8,25.1,28.3,2.1,13.9,29.5,210,16.62,962.4,loc_coimbatore,11.0168,76.9558,ECMWF_ERA5_Reanalysis
2024-10-25,30.1,21.0,24.2,36.1,25.0,28.6,20.5,14.3,30.2,207,19.65,962.6,loc_coimbatore,11.0168,76.9558,ECMWF_ERA5_Reanalysis
2024-10-26,28.9,21.5,24.4,34.1,25.1,28.3,11.2,15.1,29.9,211,20.47,962.2,loc_coimbatore,11.0168,76.9558,ECMWF_ERA5_Reanalysis
2024-10-27,30.0,21.1,25.0,34.2,24.4,28.3,0.0,13.4,27.0,207,22.2,961.3,loc_coimbatore,11.0168,76.9558,ECMWF_ERA5_Reanalysis
2024-10-28,29.3,21.3,25.1,32.9,24.9,28.4,0.0,14.2,29.5,203,18.92,960.9,loc_coimbatore,11.0168,76.9558,ECMWF_ERA5_Reanalysis
2024-10-29,29.7,21.2,25.2,34.1,24.5,28.9,0.7,14.1,28.8,205,21.41,961.7,loc_coimbatore,11.0168,76.9558,ECMWF_ERA5_Reanalysis
2024-10-30,30.0,22.6,25.6,34.8,26.8,29.8,0.5,11.8,25.2,204,20.84,962.1,loc_coimbatore,11.0168,76.9558,ECMWF_ERA5_Reanalysis
2024-10-31,31.4,22.6,25.8,37.2,26.4,30.2,5.8,10.4,23.0,66,20.2,963.0,loc_coimbatore,11.0168,76.9558,ECMWF_ERA5_Reanalysis
2024-11-01,29.8,21.7,24.7,35.1,25.7,28.9,12.7,11.4,27.4,33,17.29,964.0,loc_coimbatore,11.0168,76.9558,ECMWF_ERA5_Reanalysis
2024-11-02,29.4,21.5,24.1,34.1,23.9,27.5,33.9,14.6,28.4,30,18.36,964.5,loc_coimbatore,11.0168,76.9558,ECMWF_ERA5_Reanalysis
2024-11-03,29.6,21.2,24.4,33.6,23.7,27.6,7.1,13.7,29.9,36,19.85,963.9,loc_coimbatore,11.0168,76.9558,ECMWF_ERA5_Reanalysis
2024-11-04,28.7,21.1,24.2,33.0,23.8,27.7,14.0,12.7,30.2,35,19.85,963.4,loc_coimbatore,11.0168,76.9558,ECMWF_ERA5_Reanalysis
2024-11-05,28.8,21.1,24.3,31.9,24.1,27.1,7.8,12.2,27.7,43,20.62,963.7,loc_coimbatore,11.0168,76.9558,ECMWF_ERA5_Reanalysis
2024-11-06,30.1,20.0,24.8,33.7,22.3,27.9,0.1,10.7,25.9,78,21.94,963.5,loc_coimbatore,11.0168,76.9558,ECMWF_ERA5_Reanalysis
2024-11-07,29.7,21.7,24.9,32.7,25.5,28.8,2.4,14.8,29.9,61,17.1,963.5,loc_coimbatore,11.0168,76.9558,ECMWF_ERA5_Reanalysis
2024-11-08,29.9,22.0,25.5,33.0,25.7,29.1,0.5,15.4,32.4,55,20.71,963.4,loc_coimbatore,11.0168,76.9558,ECMWF_ERA5_Reanalysis
2024-11-09,30.0,22.0,25.1,33.1,25.6,28.0,0.6,12.9,28.1,41,22.45,963.4,loc_coimbatore,11.0168,76.9558,ECMWF_ERA5_Reanalysis
2024-11-10,29.9,20.1,25.0,31.8,22.2,26.9,0.0,14.7,31.3,60,22.67,963.4,loc_coimbatore,11.0168,76.9558,ECMWF_ERA5_Reanalysis
2024-11-11,30.4,20.4,25.2,32.7,21.8,27.3,0.0,13.6,29.9,61,22.01,962.4,loc_coimbatore,11.0168,76.9558,ECMWF_ERA5_Reanalysis
2024-11-12,31.0,21.3,26.1,34.6,23.7,29.2,0.6,12.9,29.5,120,20.74,961.6,loc_coimbatore,11.0168,76.9558,ECMWF_ERA5_Reanalysis
2024-11-13,30.3,22.0,25.5,33.2,25.9,28.9,1.1,14.4,37.1,33,14.72,961.1,loc_coimbatore,11.0168,76.9558,ECMWF_ERA5_Reanalysis
2024-11-14,28.9,22.2,24.7,31.9,26.0,28.3,12.3,12.9,34.6,28,13.79,962.6,loc_coimbatore,11.0168,76.9558,ECMWF_ERA5_Reanalysis
2024-11-15,27.8,22.2,24.4,31.0,25.4,27.9,7.3,13.0,34.6,30,13.26,963.2,loc_coimbatore,11.0168,76.9558,ECMWF_ERA5_Reanalysis
2024-11-16,26.8,21.9,23.7,29.8,25.1,27.0,13.5,16.5,38.5,29,10.84,962.7,loc_coimbatore,11.0168,76.9558,ECMWF_ERA5_Reanalysis
2024-11-17,28.7,21.8,24.2,32.6,24.3,27.4,18.0,14.8,33.8,27,18.67,962.5,loc_coimbatore,11.0168,76.9558,ECMWF_ERA5_Reanalysis
2024-11-18,27.9,21.3,24.5,30.2,24.1,27.1,0.5,18.3,42.8,47,15.99,963.1,loc_coimbatore,11.0168,76.9558,ECMWF_ERA5_Reanalysis
2024-11-19,28.8,22.0,24.9,31.6,24.7,27.7,1.4,14.5,36.0,52,18.1,963.6,loc_coimbatore,11.0168,76.9558,ECMWF_ERA5_Reanalysis
2024-11-20,26.3,21.7,23.9,28.4,24.9,26.7,0.5,13.4,32.4,50,11.38,963.4,loc_coimbatore,11.0168,76.9558,ECMWF_ERA5_Reanalysis
2024-11-21,29.1,22.0,24.9,31.9,24.7,27.9,0.8,12.5,31.0,34,17.3,963.3,loc_coimbatore,11.0168,76.9558,ECMWF_ERA5_Reanalysis
2024-11-22,29.0,21.4,24.9,32.3,24.4,27.7,0.0,13.3,33.1,50,19.27,963.0,loc_coimbatore,11.0168,76.9558,ECMWF_ERA5_Reanalysis
2024-11-23,29.3,21.1,25.1,31.4,23.9,27.6,0.0,10.9,29.2,43,15.84,963.7,loc_coimbatore,11.0168,76.9558,ECMWF_ERA5_Reanalysis
2024-11-24,30.8,22.1,25.9,33.3,25.3,28.6,0.0,12.6,32.0,45,18.14,963.7,loc_coimbatore,11.0168,76.9558,ECMWF_ERA5_Reanalysis
2024-11-25,30.8,22.6,26.0,32.7,26.1,28.4,0.4,12.1,33.5,51,17.37,962.7,loc_coimbatore,11.0168,76.9558,ECMWF_ERA5_Reanalysis
2024-11-26,30.1,22.5,24.8,31.2,25.7,27.5,20.1,15.1,39.2,54,10.88,961.6,loc_coimbatore,11.0168,76.9558,ECMWF_ERA5_Reanalysis
2024-11-27,26.0,21.6,23.6,27.6,25.7,26.8,0.3,14.5,36.4,72,10.31,960.8,loc_coimbatore,11.0168,76.9558,ECMWF_ERA5_Reanalysis
2024-11-28,30.0,21.4,25.3,32.3,24.3,28.4,0.0,12.2,31.0,60,18.51,960.1,loc_coimbatore,11.0168,76.9558,ECMWF_ERA5_Reanalysis
2024-11-29,29.9,20.9,24.4,32.8,23.8,27.8,0.0,12.8,29.2,121,15.08,960.0,loc_coimbatore,11.0168,76.9558,ECMWF_ERA5_Reanalysis
2024-11-30,28.7,21.3,24.7,31.1,24.5,27.6,0.2,11.7,31.0,207,11.79,959.0,loc_coimbatore,11.0168,76.9558,ECMWF_ERA5_Reanalysis
2024-12-01,29.4,22.1,24.3,33.3,25.1,28.0,26.2,12.8,33.8,199,11.31,957.5,loc_coimbatore,11.0168,76.9558,ECMWF_ERA5_Reanalysis
2024-12-02,27.2,21.7,23.3,30.1,24.0,26.1,1.1,18.2,44.3,209,13.42,957.8,loc_coimbatore,11.0168,76.9558,ECMWF_ERA5_Reanalysis
2024-12-03,28.6,21.3,24.4,32.5,24.7,28.3,2.0,12.8,36.0,207,18.39,960.8,loc_coimbatore,11.0168,76.9558,ECMWF_ERA5_Reanalysis
2024-12-04,28.9,22.6,25.1,30.6,25.5,27.7,0.9,14.9,35.3,35,17.32,962.6,loc_coimbatore,11.0168,76.9558,ECMWF_ERA5_Reanalysis
2024-12-05,29.3,22.3,25.2,32.9,24.8,28.3,1.0,12.1,32.8,30,17.65,963.1,loc_coimbatore,11.0168,76.9558,ECMWF_ERA5_Reanalysis
2024-12-06,30.2,22.4,25.7,33.0,25.4,28.7,0.2,10.5,29.2,37,18.05,963.4,loc_coimbatore,11.0168,76.9558,ECMWF_ERA5_Reanalysis
2024-12-07,31.2,21.6,26.1,34.1,24.3,29.2,8.7,17.3,37.1,41,19.45,963.2,loc_coimbatore,11.0168,76.9558,ECMWF_ERA5_Reanalysis
2024-12-08,31.1,22.1,26.0,32.9,25.1,28.4,0.1,13.8,39.2,45,19.68,963.3,loc_coimbatore,11.0168,76.9558,ECMWF_ERA5_Reanalysis
2024-12-09,31.4,22.2,26.8,33.9,24.8,29.3,0.1,10.8,33.5,55,19.47,962.9,loc_coimbatore,11.0168,76.9558,ECMWF_ERA5_Reanalysis
2024-12-10,32.0,21.7,26.7,33.5,24.8,29.0,1.9,15.1,38.5,60,18.14,962.7,loc_coimbatore,11.0168,76.9558,ECMWF_ERA5_Reanalysis
2024-12-11,30.1,22.7,26.2,29.5,25.4,27.6,0.0,18.1,44.6,57,13.36,962.5,loc_coimbatore,11.0168,76.9558,ECMWF_ERA5_Reanalysis
2024-12-12,25.4,22.0,23.6,28.1,23.9,26.4,14.0,18.5,38.2,36,4.83,961.5,loc_coimbatore,11.0168,76.9558,ECMWF_ERA5_Reanalysis
2024-12-13,25.4,21.3,23.1,27.5,23.4,25.4,6.4,19.7,43.2,32,9.01,962.4,loc_coimbatore,11.0168,76.9558,ECMWF_ERA5_Reanalysis
2024-12-14,25.9,21.6,23.2,27.8,23.6,25.4,2.8,14.5,36.7,40,14.73,964.1,loc_coimbatore,11.0168,76.9558,ECMWF_ERA5_Reanalysis
2024-12-15,27.1,20.0,23.1,28.9,22.0,24.8,0.0,15.1,36.7,46,19.83,964.7,loc_coimbatore,11.0168,76.9558,ECMWF_ERA5_Reanalysis
2024-12-16,27.7,19.1,23.1,29.6,20.8,24.9,0.0,14.5,36.4,45,20.82,963.7,loc_coimbatore,11.0168,76.9558,ECMWF_ERA5_Reanalysis
2024-12-17,29.6,20.1,24.4,32.0,21.5,26.5,0.0,8.9,25.9,38,20.77,962.4,loc_coimbatore,11.0168,76.9558,ECMWF_ERA5_Reanalysis
2024-12-18,30.4,20.6,25.1,33.4,23.4,27.9,0.0,10.0,27.4,169,19.62,961.7,loc_coimbatore,11.0168,76.9558,ECMWF_ERA5_Reanalysis
2024-12-19,31.1,21.2,26.0,34.4,24.5,29.0,0.1,12.7,28.8,189,18.95,961.8,loc_coimbatore,11.0168,76.9558,ECMWF_ERA5_Reanalysis
2024-12-20,31.4,21.4,26.2,35.2,25.4,29.5,0.0,13.5,32.4,198,19.32,961.6,loc_coimbatore,11.0168,76.9558,ECMWF_ERA5_Reanalysis
2024-12-21,31.5,22.0,26.4,33.7,25.8,29.4,0.1,14.3,34.6,202,18.65,962.2,loc_coimbatore,11.0168,76.9558,ECMWF_ERA5_Reanalysis
2024-12-22,31.0,22.8,26.4,33.2,25.6,29.4,0.5,10.9,27.7,198,17.07,962.8,loc_coimbatore,11.0168,76.9558,ECMWF_ERA5_Reanalysis
2024-12-23,30.3,20.8,25.5,31.8,24.2,27.4,0.0,9.3,25.9,249,19.83,963.1,loc_coimbatore,11.0168,76.9558,ECMWF_ERA5_Reanalysis
2024-12-24,30.8,20.6,25.4,33.1,23.4,27.5,0.0,13.3,36.0,206,20.24,962.9,loc_coimbatore,11.0168,76.9558,ECMWF_ERA5_Reanalysis
2024-12-25,31.5,21.2,26.1,33.0,24.3,28.3,0.0,8.1,27.7,111,17.64,963.8,loc_coimbatore,11.0168,76.9558,ECMWF_ERA5_Reanalysis
2024-12-26,31.6,22.0,26.1,34.4,24.2,28.9,3.2,16.7,33.8,56,17.59,965.0,loc_coimbatore,11.0168,76.9558,ECMWF_ERA5_Reanalysis
2024-12-27,29.2,21.7,24.1,32.2,24.3,26.8,18.1,15.3,36.0,39,16.75,966.2,loc_coimbatore,11.0168,76.9558,ECMWF_ERA5_Reanalysis
2024-12-28,28.0,21.4,24.2,29.9,24.1,26.6,1.3,13.9,33.8,39,17.01,966.2,loc_coimbatore,11.0168,76.9558,ECMWF_ERA5_Reanalysis
2024-12-29,28.6,21.5,24.7,31.3,24.0,27.0,2.5,13.4,32.0,37,20.13,965.8,loc_coimbatore,11.0168,76.9558,ECMWF_ERA5_Reanalysis
2024-12-30,28.5,21.6,24.4,31.0,24.1,26.7,3.5,18.1,42.1,38,16.21,965.5,loc_coimbatore,11.0168,76.9558,ECMWF_ERA5_Reanalysis
2024-12-31,28.6,21.5,24.6,29.7,23.1,26.4,0.8,18.6,43.6,36,16.38,965.6,loc_coimbatore,11.0168,76.9558,ECMWF_ERA5_Reanalysis
