time,temperature_2m_max,temperature_2m_min,temperature_2m_mean,apparent_temperature_max,apparent_temperature_min,apparent_temperature_mean,precipitation_sum,wind_speed_10m_max,wind_gusts_10m_max,wind_direction_10m_dominant,shortwave_radiation_sum,surface_pressure_mean,location_id,latitude,longitude,data_source
2014-01-01,26.8,19.4,22.8,26.7,21.8,23.9,0.1,14.7,34.6,47,12.65,989.9,loc_vellore,12.9165,79.1325,ECMWF_ERA5_Reanalysis
2014-01-02,27.2,17.9,22.2,26.9,19.4,22.9,0.1,16.4,35.6,40,14.08,990.2,loc_vellore,12.9165,79.1325,ECMWF_ERA5_Reanalysis
2014-01-03,27.0,17.9,22.5,28.0,19.1,23.5,0.0,17.1,39.2,40,10.65,990.1,loc_vellore,12.9165,79.1325,ECMWF_ERA5_Reanalysis
2014-01-04,25.8,16.7,21.5,26.0,17.9,22.5,0.0,13.6,31.0,33,9.98,989.2,loc_vellore,12.9165,79.1325,ECMWF_ERA5_Reanalysis
2014-01-05,29.0,17.9,22.9,29.8,19.6,24.1,0.0,12.1,29.9,43,18.57,987.6,loc_vellore,12.9165,79.1325,ECMWF_ERA5_Reanalysis
2014-01-06,28.9,17.7,22.8,29.5,19.4,24.0,0.0,14.0,30.6,43,17.43,987.6,loc_vellore,12.9165,79.1325,ECMWF_ERA5_Reanalysis
2014-01-07,29.1,17.7,22.8,29.9,19.2,24.0,0.0,14.3,34.6,43,19.0,988.4,loc_vellore,12.9165,79.1325,ECMWF_ERA5_Reanalysis
2014-01-08,28.4,17.8,22.8,28.2,19.3,23.6,0.0,16.3,34.9,51,15.06,989.7,loc_vellore,12.9165,79.1325,ECMWF_ERA5_Reanalysis
2014-01-09,27.6,18.3,23.1,28.3,20.2,24.5,0.0,11.3,27.4,60,11.37,989.3,loc_vellore,12.9165,79.1325,ECMWF_ERA5_Reanalysis
2014-01-10,29.4,18.2,23.3,30.7,20.7,25.0,0.0,11.9,25.2,76,19.95,989.2,loc_vellore,12.9165,79.1325,ECMWF_ERA5_Reanalysis
2014-01-11,28.8,17.7,22.8,30.5,19.9,24.5,0.0,9.4,22.7,89,20.02,989.8,loc_vellore,12.9165,79.1325,ECMWF_ERA5_Reanalysis
2014-01-12,29.7,16.8,22.9,31.2,18.4,24.4,0.0,11.7,27.4,56,20.86,990.6,loc_vellore,12.9165,79.1325,ECMWF_ERA5_Reanalysis
2014-01-13,29.3,16.5,22.6,30.2,17.8,23.8,0.0,14.0,32.4,50,18.11,990.5,loc_vellore,12.9165,79.1325,ECMWF_ERA5_Reanalysis
2014-01-14,28.6,19.0,23.3,28.9,21.4,24.6,0.0,11.9,26.3,66,17.13,989.9,loc_vellore,12.9165,79.1325,ECMWF_ERA5_Reanalysis
2014-01-15,29.5,18.7,23.7,31.4,20.9,25.4,0.0,14.3,28.1,88,18.82,990.5,loc_vellore,12.9165,79.1325,ECMWF_ERA5_Reanalysis
2014-01-16,29.2,18.9,23.9,30.9,21.5,25.8,0.0,12.6,25.2,99,15.06,991.0,loc_vellore,12.9165,79.1325,ECMWF_ERA5_Reanalysis
2014-01-17,28.8,19.5,23.6,29.0,22.1,25.0,0.0,15.3,34.6,69,15.55,990.8,loc_vellore,12.9165,79.1325,ECMWF_ERA5_Reanalysis
2014-01-18,29.1,18.7,23.2,30.2,20.9,24.3,0.0,13.0,31.0,64,18.67,990.5,loc_vellore,12.9165,79.1325,ECMWF_ERA5_Reanalysis
2014-01-19,27.7,17.0,22.6,28.6,18.3,24.0,0.3,13.9,33.1,51,14.03,992.2,loc_vellore,12.9165,79.1325,ECMWF_ERA5_Reanalysis
2014-01-20,29.4,19.8,23.8,29.9,22.5,25.3,0.0,16.6,37.4,56,18.39,992.4,loc_vellore,12.9165,79.1325,ECMWF_ERA5_Reanalysis
2014-01-21,28.5,18.4,23.0,28.2,20.6,23.8,0.1,16.8,37.1,51,15.59,992.0,loc_vellore,12.9165,79.1325,ECMWF_ERA5_Reanalysis
2014-01-22,28.8,17.9,23.0,28.0,19.5,23.5,0.0,15.1,34.9,70,16.77,990.8,loc_vellore,12.9165,79.1325,ECMWF_ERA5_Reanalysis
2014-01-23,29.5,17.1,23.1,30.4,18.4,23.9,0.0,12.0,27.0,58,21.05,990.8,loc_vellore,12.9165,79.1325,ECMWF_ERA5_Reanalysis
2014-01-24,30.3,16.6,23.4,31.1,18.0,24.4,0.0,15.4,32.0,53,22.06,989.3,loc_vellore,12.9165,79.1325,ECMWF_ERA5_Reanalysis
2014-01-25,29.0,17.8,23.2,28.8,19.5,24.1,0.0,16.8,35.6,55,16.66,989.1,loc_vellore,12.9165,79.1325,ECMWF_ERA5_Reanalysis
2014-01-26,28.4,17.1,22.6,27.4,18.3,22.9,0.0,18.7,40.0,40,15.76,989.6,loc_vellore,12.9165,79.1325,ECMWF_ERA5_Reanalysis
2014-01-27,28.6,17.9,22.9,26.9,19.3,23.1,0.0,19.5,41.8,49,15.26,989.6,loc_vellore,12.9165,79.1325,ECMWF_ERA5_Reanalysis
2014-01-28,29.4,17.5,23.2,28.9,19.1,23.8,0.0,16.8,37.8,52,18.69,989.4,loc_vellore,12.9165,79.1325,ECMWF_ERA5_Reanalysis
2014-01-29,29.9,18.4,23.4,30.0,20.5,24.3,0.0,15.0,34.6,49,20.96,989.7,loc_vellore,12.9165,79.1325,ECMWF_ERA5_Reanalysis
2014-01-30,30.3,17.0,23.2,29.5,18.4,23.5,0.0,15.6,36.0,40,22.54,990.2,loc_vellore,12.9165,79.1325,ECMWF_ERA5_Reanalysis
2014-01-31,30.0,16.3,23.3,31.0,17.3,24.0,0.0,15.0,32.4,49,21.95,989.8,loc_vellore,12.9165,79.1325,ECMWF_ERA5_Reanalysis
2014-02-01,28.5,19.8,23.7,29.3,22.2,25.4,0.2,14.0,30.6,56,13.43,989.8,loc_vellore,12.9165,79.1325,ECMWF_ERA5_Reanalysis
2014-02-02,30.5,19.5,24.2,31.3,21.5,25.6,0.0,14.6,34.2,60,20.84,989.2,loc_vellore,12.9165,79.1325,ECMWF_ERA5_Reanalysis
2014-02-03,30.6,16.2,23.6,31.6,17.4,24.5,0.0,11.4,28.4,77,23.01,987.5,loc_vellore,12.9165,79.1325,ECMWF_ERA5_Reanalysis
2014-02-04,31.7,15.9,24.0,32.6,16.8,24.8,0.0,10.9,27.4,77,23.19,985.8,loc_vellore,12.9165,79.1325,ECMWF_ERA5_Reanalysis
2014-02-05,32.5,15.9,24.2,31.7,16.9,24.2,0.0,11.0,27.4,82,23.76,985.6,loc_vellore,12.9165,79.1325,ECMWF_ERA5_Reanalysis
2014-02-06,32.8,14.0,23.8,31.8,13.8,23.4,0.0,12.8,30.2,81,24.04,986.0,loc_vellore,12.9165,79.1325,ECMWF_ERA5_Reanalysis
2014-02-07,32.1,14.0,23.7,31.3,14.3,23.4,0.0,12.6,30.2,85,24.05,986.3,loc_vellore,12.9165,79.1325,ECMWF_ERA5_Reanalysis
2014-02-08,32.3,14.3,23.9,32.1,14.4,23.5,0.0,9.4,24.1,147,24.12,985.8,loc_vellore,12.9165,79.1325,ECMWF_ERA5_Reanalysis
2014-02-09,33.0,14.5,24.5,32.9,14.4,24.2,0.0,13.6,27.4,149,23.91,984.8,loc_vellore,12.9165,79.1325,ECMWF_ERA5_Reanalysis
2014-02-10,33.1,16.1,25.0,33.6,16.6,25.2,0.0,14.0,27.7,154,23.75,985.0,loc_vellore,12.9165,79.1325,ECMWF_ERA5_Reanalysis
2014-02-11,31.7,17.2,24.4,33.3,18.3,25.4,0.0,15.2,29.5,153,22.68,984.5,loc_vellore,12.9165,79.1325,ECMWF_ERA5_Reanalysis
2014-02-12,31.6,18.9,24.7,33.1,21.1,26.0,0.0,15.5,35.3,136,22.16,984.8,loc_vellore,12.9165,79.1325,ECMWF_ERA5_Reanalysis
2014-02-13,31.2,19.1,24.6,32.4,21.2,25.9,0.0,17.2,33.5,127,21.56,986.9,loc_vellore,12.9165,79.1325,ECMWF_ERA5_Reanalysis
2014-02-14,31.3,19.2,24.9,32.5,21.7,26.5,0.0,15.7,34.9,133,16.62,987.3,loc_vellore,12.9165,79.1325,ECMWF_ERA5_Reanalysis
2014-02-15,31.4,20.6,25.9,33.2,23.4,27.9,0.0,15.6,28.8,158,16.09,985.4,loc_vellore,12.9165,79.1325,ECMWF_ERA5_Reanalysis
2014-02-16,31.4,21.6,26.0,35.0,25.0,29.0,0.0,11.3,31.0,164,17.05,985.5,loc_vellore,12.9165,79.1325,ECMWF_ERA5_Reanalysis
2014-02-17,31.0,22.9,25.7,34.4,26.7,29.1,1.2,14.4,33.8,69,16.44,988.0,loc_vellore,12.9165,79.1325,ECMWF_ERA5_Reanalysis
2014-02-18,29.7,21.8,25.0,32.0,25.5,27.6,1.5,14.0,33.8,63,16.78,989.9,loc_vellore,12.9165,79.1325,ECMWF_ERA5_Reanalysis
2014-02-19,28.2,21.2,24.2,30.7,24.3,26.8,1.4,11.6,30.2,79,15.98,989.4,loc_vellore,12.9165,79.1325,ECMWF_ERA5_Reanalysis
2014-02-20,28.4,20.8,24.3,29.7,23.8,26.3,0.0,13.4,28.4,92,13.71,988.9,loc_vellore,12.9165,79.1325,ECMWF_ERA5_Reanalysis
2014-02-21,31.0,19.0,24.6,33.7,21.3,26.5,0.0,17.7,32.4,86,19.26,989.3,loc_vellore,12.9165,79.1325,ECMWF_ERA5_Reanalysis
2014-02-22,32.0,18.9,24.9,32.8,21.1,26.1,0.0,13.0,28.8,83,24.09,989.3,loc_vellore,12.9165,79.1325,ECMWF_ERA5_Reanalysis
2014-02-23,30.6,17.2,23.7,31.0,18.7,24.5,0.0,12.1,30.2,77,24.29,989.3,loc_vellore,12.9165,79.1325,ECMWF_ERA5_Reanalysis
2014-02-24,26.2,17.0,22.0,27.9,18.1,24.2,3.1,11.7,26.6,56,8.41,990.0,loc_vellore,12.9165,79.1325,ECMWF_ERA5_Reanalysis
2014-02-25,30.5,21.4,24.9,31.8,24.4,27.3,0.1,12.6,26.3,90,15.58,990.0,loc_vellore,12.9165,79.1325,ECMWF_ERA5_Reanalysis
2014-02-26,31.5,20.5,24.9,33.8,23.4,27.1,0.0,12.2,25.9,114,22.53,989.2,loc_vellore,12.9165,79.1325,ECMWF_ERA5_Reanalysis
2014-02-27,31.8,18.9,24.5,33.9,21.6,26.5,0.0,14.1,30.6,129,23.95,988.8,loc_vellore,12.9165,79.1325,ECMWF_ERA5_Reanalysis
2014-02-28,32.5,20.9,25.8,34.1,23.7,27.9,0.0,17.8,29.9,133,17.2,988.0,loc_vellore,12.9165,79.1325,ECMWF_ERA5_Reanalysis
2014-03-01,31.0,21.9,25.6,34.2,25.5,28.4,0.8,11.8,28.8,120,16.01,987.7,loc_vellore,12.9165,79.1325,ECMWF_ERA5_Reanalysis
2014-03-02,30.6,21.9,25.9,32.4,25.2,28.3,0.0,15.3,28.1,119,15.08,987.4,loc_vellore,12.9165,79.1325,ECMWF_ERA5_Reanalysis
2014-03-03,30.8,22.3,25.9,32.9,25.4,28.1,0.0,16.7,32.4,111,16.75,987.5,loc_vellore,12.9165,79.1325,ECMWF_ERA5_Reanalysis
2014-03-04,31.3,21.9,25.8,33.4,25.4,28.2,0.0,16.0,35.6,111,17.13,988.5,loc_vellore,12.9165,79.1325,ECMWF_ERA5_Reanalysis
2014-03-05,31.1,22.1,25.8,32.7,25.7,28.2,0.0,14.8,30.6,93,17.16,988.7,loc_vellore,12.9165,79.1325,ECMWF_ERA5_Reanalysis
2014-03-06,32.2,21.9,26.2,34.6,25.1,28.6,0.0,14.0,31.3,79,19.4,988.3,loc_vellore,12.9165,79.1325,ECMWF_ERA5_Reanalysis
2014-03-07,32.3,22.3,26.4,33.2,25.5,28.1,0.0,17.1,34.2,85,19.9,989.1,loc_vellore,12.9165,79.1325,ECMWF_ERA5_Reanalysis
2014-03-08,32.9,20.2,25.9,34.7,23.1,27.8,0.0,17.4,36.7,76,23.79,989.8,loc_vellore,12.9165,79.1325,ECMWF_ERA5_Reanalysis
2014-03-09,32.0,21.0,25.9,33.0,23.5,27.3,0.0,17.7,33.5,78,19.12,989.5,loc_vellore,12.9165,79.1325,ECMWF_ERA5_Reanalysis
2014-03-10,32.4,22.0,26.5,33.9,24.9,28.3,0.0,16.3,33.1,94,21.86,989.2,loc_vellore,12.9165,79.1325,ECMWF_ERA5_Reanalysis
2014-03-11,32.2,22.4,26.3,33.6,25.1,28.0,0.2,13.8,32.0,103,21.11,989.2,loc_vellore,12.9165,79.1325,ECMWF_ERA5_Reanalysis
2014-03-12,32.9,21.2,26.1,33.9,24.0,27.8,0.0,13.3,32.4,109,23.97,989.7,loc_vellore,12.9165,79.1325,ECMWF_ERA5_Reanalysis
2014-03-13,33.0,18.7,25.6,33.9,20.7,27.0,0.0,11.8,29.9,82,24.59,988.9,loc_vellore,12.9165,79.1325,ECMWF_ERA5_Reanalysis
2014-03-14,34.4,18.8,26.6,34.5,20.6,27.3,0.0,14.8,33.8,95,26.21,988.8,loc_vellore,12.9165,79.1325,ECMWF_ERA5_Reanalysis
2014-03-15,34.5,16.7,26.2,34.5,17.5,26.4,0.0,15.2,36.0,78,26.51,989.8,loc_vellore,12.9165,79.1325,ECMWF_ERA5_Reanalysis
2014-03-16,35.5,17.0,26.9,35.4,18.2,27.4,0.0,16.5,39.2,73,26.38,990.4,loc_vellore,12.9165,79.1325,ECMWF_ERA5_Reanalysis
2014-03-17,35.9,18.1,27.5,36.2,19.5,28.3,0.0,17.3,33.8,90,26.58,989.6,loc_vellore,12.9165,79.1325,ECMWF_ERA5_Reanalysis
2014-03-18,36.9,17.7,27.8,36.5,19.4,28.4,0.0,14.9,31.3,97,26.69,989.0,loc_vellore,12.9165,79.1325,ECMWF_ERA5_Reanalysis
2014-03-19,35.9,20.8,28.0,37.2,23.1,29.6,0.0,13.8,31.3,129,25.72,988.3,loc_vellore,12.9165,79.1325,ECMWF_ERA5_Reanalysis
2014-03-20,37.3,20.8,29.0,39.1,23.7,31.3,0.0,16.8,33.5,133,25.1,986.7,loc_vellore,12.9165,79.1325,ECMWF_ERA5_Reanalysis
2014-03-21,38.3,23.2,30.2,39.9,27.2,32.7,0.0,15.0,29.5,140,26.33,985.2,loc_vellore,12.9165,79.1325,ECMWF_ERA5_Reanalysis
2014-03-22,37.8,22.4,29.8,39.3,26.2,32.0,0.0,16.3,33.8,148,25.82,983.9,loc_vellore,12.9165,79.1325,ECMWF_ERA5_Reanalysis
2014-03-23,36.6,22.4,29.0,38.0,26.0,30.6,0.0,15.8,35.6,146,25.58,985.2,loc_vellore,12.9165,79.1325,ECMWF_ERA5_Reanalysis
2014-03-24,36.7,21.9,28.3,37.6,25.0,30.1,0.0,15.5,32.8,139,25.98,986.7,loc_vellore,12.9165,79.1325,ECMWF_ERA5_Reanalysis
2014-03-25,36.8,22.0,28.4,37.3,25.5,30.1,0.0,15.1,33.5,133,26.13,986.3,loc_vellore,12.9165,79.1325,ECMWF_ERA5_Reanalysis
2014-03-26,35.9,19.7,27.8,36.1,22.6,29.2,0.0,14.9,34.9,111,26.79,986.3,loc_vellore,12.9165,79.1325,ECMWF_ERA5_Reanalysis
2014-03-27,35.7,18.5,27.6,36.7,20.4,28.8,0.0,11.6,29.9,129,26.94,987.0,loc_vellore,12.9165,79.1325,ECMWF_ERA5_Reanalysis
2014-03-28,37.3,18.7,29.0,37.3,20.0,29.1,0.0,9.9,27.0,132,26.41,986.7,loc_vellore,12.9165,79.1325,ECMWF_ERA5_Reanalysis
2014-03-29,38.0,20.1,30.0,38.7,21.2,30.4,0.0,12.7,31.7,126,27.09,985.7,loc_vellore,12.9165,79.1325,ECMWF_ERA5_Reanalysis
2014-03-30,38.9,20.6,30.5,39.3,20.7,30.1,0.0,12.6,30.2,164,27.11,984.8,loc_vellore,12.9165,79.1325,ECMWF_ERA5_Reanalysis
2014-03-31,39.1,21.4,30.8,39.3,21.7,30.5,0.0,12.6,32.0,162,27.15,984.3,loc_vellore,12.9165,79.1325,ECMWF_ERA5_Reanalysis
2014-04-01,39.6,21.8,30.7,40.6,22.4,31.1,0.0,12.7,27.7,153,27.13,983.2,loc_vellore,12.9165,79.1325,ECMWF_ERA5_Reanalysis
2014-04-02,38.6,24.1,30.6,39.7,26.2,32.0,0.0,16.3,31.0,129,26.9,983.4,loc_vellore,12.9165,79.1325,ECMWF_ERA5_Reanalysis
2014-04-03,37.1,23.2,29.5,38.6,27.4,31.8,0.0,12.7,31.7,128,25.33,984.6,loc_vellore,12.9165,79.1325,ECMWF_ERA5_Reanalysis
2014-04-04,37.3,22.7,28.9,38.5,26.6,31.2,0.0,14.6,29.5,147,25.97,985.8,loc_vellore,12.9165,79.1325,ECMWF_ERA5_Reanalysis
2014-04-05,37.9,21.6,29.4,39.4,24.9,31.6,0.0,13.1,30.6,143,26.55,986.2,loc_vellore,12.9165,79.1325,ECMWF_ERA5_Reanalysis
2014-04-06,37.9,22.8,29.7,39.3,27.1,32.3,0.0,14.4,33.1,150,25.74,986.8,loc_vellore,12.9165,79.1325,ECMWF_ERA5_Reanalysis
2014-04-07,38.3,22.9,30.1,39.5,27.2,32.6,0.0,12.9,30.6,158,26.33,987.2,loc_vellore,12.9165,79.1325,ECMWF_ERA5_Reanalysis
2014-04-08,39.5,22.3,30.9,40.6,25.6,33.0,0.0,15.9,29.9,159,26.54,985.8,loc_vellore,12.9165,79.1325,ECMWF_ERA5_Reanalysis
2014-04-09,39.5,24.2,32.0,41.4,28.3,34.3,0.0,11.2,27.0,143,24.32,985.5,loc_vellore,12.9165,79.1325,ECMWF_ERA5_Reanalysis
2014-04-10,35.9,26.2,30.9,39.7,28.5,33.2,0.6,12.1,27.7,54,19.0,986.5,loc_vellore,12.9165,79.1325,ECMWF_ERA5_Reanalysis
2014-04-11,38.6,26.0,31.8,41.2,29.2,33.8,0.2,13.8,24.5,112,23.21,985.4,loc_vellore,12.9165,79.1325,ECMWF_ERA5_Reanalysis
2014-04-12,37.7,25.1,31.1,40.0,30.2,34.0,0.0,13.1,27.7,129,21.79,984.6,loc_vellore,12.9165,79.1325,ECMWF_ERA5_Reanalysis
2014-04-13,37.6,25.6,30.8,40.4,30.4,34.2,0.0,15.7,33.5,134,24.4,985.5,loc_vellore,12.9165,79.1325,ECMWF_ERA5_Reanalysis
2014-04-14,36.2,25.4,29.8,38.7,30.5,33.4,0.3,13.6,31.7,133,22.79,986.6,loc_vellore,12.9165,79.1325,ECMWF_ERA5_Reanalysis
2014-04-15,37.1,25.3,30.1,39.4,30.6,33.5,0.0,14.4,28.8,133,24.15,986.7,loc_vellore,12.9165,79.1325,ECMWF_ERA5_Reanalysis
2014-04-16,37.7,23.9,30.2,39.7,28.8,33.1,0.0,15.0,31.0,140,25.71,985.4,loc_vellore,12.9165,79.1325,ECMWF_ERA5_Reanalysis
2014-04-17,38.2,23.7,30.7,40.9,27.7,33.5,0.0,15.0,30.6,151,24.38,983.7,loc_vellore,12.9165,79.1325,ECMWF_ERA5_Reanalysis
2014-04-18,38.7,24.6,31.0,41.5,29.1,34.2,0.0,17.3,35.6,122,25.4,985.4,loc_vellore,12.9165,79.1325,ECMWF_ERA5_Reanalysis
2014-04-19,38.2,24.1,30.6,40.6,29.0,33.3,0.0,16.0,31.0,117,27.0,985.4,loc_vellore,12.9165,79.1325,ECMWF_ERA5_Reanalysis
2014-04-20,37.8,23.5,30.4,38.5,27.2,32.2,0.0,13.1,29.9,115,27.43,984.8,loc_vellore,12.9165,79.1325,ECMWF_ERA5_Reanalysis
2014-04-21,37.5,21.9,30.1,38.2,25.1,31.6,0.0,14.5,33.5,132,27.52,984.8,loc_vellore,12.9165,79.1325,ECMWF_ERA5_Reanalysis
2014-04-22,37.1,22.3,29.5,38.2,25.5,31.6,0.0,13.4,32.4,109,27.07,986.6,loc_vellore,12.9165,79.1325,ECMWF_ERA5_Reanalysis
2014-04-23,37.4,23.9,30.1,38.2,27.9,32.4,0.0,11.7,28.4,110,23.43,985.9,loc_vellore,12.9165,79.1325,ECMWF_ERA5_Reanalysis
2014-04-24,38.7,24.1,30.9,40.9,27.6,33.5,0.0,14.6,30.2,141,26.86,984.2,loc_vellore,12.9165,79.1325,ECMWF_ERA5_Reanalysis
2014-04-25,39.7,25.3,31.6,42.4,30.4,35.1,0.0,17.0,35.6,137,26.05,984.1,loc_vellore,12.9165,79.1325,ECMWF_ERA5_Reanalysis
2014-04-26,39.8,25.9,32.0,42.0,30.5,35.3,0.0,14.5,34.2,150,25.64,983.8,loc_vellore,12.9165,79.1325,ECMWF_ERA5_Reanalysis
2014-04-27,38.9,26.1,31.4,41.2,31.4,35.0,0.0,16.6,37.4,144,25.29,984.6,loc_vellore,12.9165,79.1325,ECMWF_ERA5_Reanalysis
2014-04-28,38.9,25.5,31.3,41.1,30.6,34.6,0.0,16.5,34.2,143,25.39,984.8,loc_vellore,12.9165,79.1325,ECMWF_ERA5_Reanalysis
2014-04-29,38.0,25.1,30.7,40.7,29.4,33.9,0.0,19.4,38.2,149,25.79,984.3,loc_vellore,12.9165,79.1325,ECMWF_ERA5_Reanalysis
2014-04-30,37.2,26.0,31.1,40.6,31.4,34.7,0.0,17.1,33.5,133,22.8,984.3,loc_vellore,12.9165,79.1325,ECMWF_ERA5_Reanalysis
2014-05-01,38.8,26.1,31.6,41.5,31.4,35.0,0.0,17.3,34.6,150,24.45,983.6,loc_vellore,12.9165,79.1325,ECMWF_ERA5_Reanalysis
2014-05-02,37.6,26.4,31.3,41.0,30.8,34.5,0.0,17.6,34.6,140,22.29,983.3,loc_vellore,12.9165,79.1325,ECMWF_ERA5_Reanalysis
2014-05-03,37.8,26.3,30.7,41.3,31.4,34.5,0.0,18.1,38.5,138,23.64,983.6,loc_vellore,12.9165,79.1325,ECMWF_ERA5_Reanalysis
2014-05-04,35.2,25.7,29.6,38.5,30.8,33.6,0.0,17.2,40.3,125,22.46,983.1,loc_vellore,12.9165,79.1325,ECMWF_ERA5_Reanalysis
2014-05-05,33.5,24.5,28.0,37.7,28.8,32.1,3.4,15.3,36.4,122,18.33,984.1,loc_vellore,12.9165,79.1325,ECMWF_ERA5_Reanalysis
2014-05-06,33.2,25.1,27.6,36.9,29.4,31.6,8.9,17.9,41.8,111,15.94,984.9,loc_vellore,12.9165,79.1325,ECMWF_ERA5_Reanalysis
2014-05-07,27.7,23.4,25.6,31.8,27.7,30.0,11.7,11.8,37.4,135,9.03,984.6,loc_vellore,12.9165,79.1325,ECMWF_ERA5_Reanalysis
2014-05-08,29.9,23.0,25.1,33.4,27.1,29.4,23.1,15.5,48.6,149,11.7,983.5,loc_vellore,12.9165,79.1325,ECMWF_ERA5_Reanalysis
2014-05-09,34.0,23.7,28.3,38.2,28.5,32.4,0.0,15.6,41.0,189,18.13,981.9,loc_vellore,12.9165,79.1325,ECMWF_ERA5_Reanalysis
2014-05-10,36.0,25.7,30.3,40.8,29.4,34.2,0.0,9.5,30.6,210,23.95,981.9,loc_vellore,12.9165,79.1325,ECMWF_ERA5_Reanalysis
2014-05-11,36.9,25.6,30.8,41.5,30.5,34.9,0.6,7.4,24.5,260,22.93,983.3,loc_vellore,12.9165,79.1325,ECMWF_ERA5_Reanalysis
2014-05-12,38.5,25.6,32.2,41.5,29.5,34.9,0.0,12.0,23.4,160,24.93,983.3,loc_vellore,12.9165,79.1325,ECMWF_ERA5_Reanalysis
2014-05-13,38.1,26.4,32.6,42.5,30.1,35.1,0.0,16.1,31.7,177,22.05,983.3,loc_vellore,12.9165,79.1325,ECMWF_ERA5_Reanalysis
2014-05-14,39.0,29.2,33.8,39.8,31.5,35.1,0.0,15.1,35.3,308,20.72,982.3,loc_vellore,12.9165,79.1325,ECMWF_ERA5_Reanalysis
2014-05-15,40.2,29.0,34.3,40.7,29.0,35.0,0.0,14.8,42.1,310,23.78,981.1,loc_vellore,12.9165,79.1325,ECMWF_ERA5_Reanalysis
2014-05-16,40.3,28.6,34.3,41.1,28.8,34.8,0.0,17.4,41.8,330,23.54,981.0,loc_vellore,12.9165,79.1325,ECMWF_ERA5_Reanalysis
2014-05-17,39.3,27.1,33.7,41.0,30.6,35.9,0.0,12.2,29.5,32,21.18,982.4,loc_vellore,12.9165,79.1325,ECMWF_ERA5_Reanalysis
2014-05-18,39.8,28.5,33.2,42.1,31.4,35.6,0.0,17.2,41.8,86,23.31,982.8,loc_vellore,12.9165,79.1325,ECMWF_ERA5_Reanalysis
2014-05-19,40.6,26.9,32.9,41.8,31.6,35.8,0.0,19.5,39.6,140,25.87,982.9,loc_vellore,12.9165,79.1325,ECMWF_ERA5_Reanalysis
2014-05-20,39.6,26.3,32.5,43.5,31.6,36.2,1.8,14.1,26.6,223,23.06,982.9,loc_vellore,12.9165,79.1325,ECMWF_ERA5_Reanalysis
2014-05-21,40.1,26.3,31.4,42.7,29.9,34.8,2.9,14.8,42.1,273,21.97,981.8,loc_vellore,12.9165,79.1325,ECMWF_ERA5_Reanalysis
2014-05-22,40.1,26.9,32.6,43.0,31.0,35.6,3.7,13.0,36.4,282,23.55,980.4,loc_vellore,12.9165,79.1325,ECMWF_ERA5_Reanalysis
2014-05-23,40.8,27.6,34.0,42.6,30.9,35.8,0.0,17.1,37.4,277,23.13,979.2,loc_vellore,12.9165,79.1325,ECMWF_ERA5_Reanalysis
2014-05-24,40.3,29.1,34.3,43.1,32.4,36.6,0.1,17.5,41.8,281,22.03,979.5,loc_vellore,12.9165,79.1325,ECMWF_ERA5_Reanalysis
2014-05-25,41.5,29.2,34.9,42.9,31.0,36.4,1.0,19.3,39.2,287,23.69,979.9,loc_vellore,12.9165,79.1325,ECMWF_ERA5_Reanalysis
2014-05-26,40.5,29.5,34.2,44.5,32.0,36.7,0.4,14.9,39.6,210,22.67,980.9,loc_vellore,12.9165,79.1325,ECMWF_ERA5_Reanalysis
2014-05-27,40.3,28.3,33.0,45.0,32.6,37.0,2.3,14.1,27.4,171,23.73,981.4,loc_vellore,12.9165,79.1325,ECMWF_ERA5_Reanalysis
2014-05-28,39.6,26.5,31.6,43.7,31.6,35.8,9.0,17.6,39.2,189,24.42,982.4,loc_vellore,12.9165,79.1325,ECMWF_ERA5_Reanalysis
2014-05-29,38.4,26.7,32.3,42.5,31.1,35.7,0.1,13.0,25.6,180,22.55,982.6,loc_vellore,12.9165,79.1325,ECMWF_ERA5_Reanalysis
2014-05-30,39.8,27.9,33.8,43.6,31.0,36.7,0.0,11.3,28.1,304,24.65,981.2,loc_vellore,12.9165,79.1325,ECMWF_ERA5_Reanalysis
2014-05-31,40.2,27.9,34.0,43.7,31.4,37.0,0.0,7.9,32.8,314,23.05,979.6,loc_vellore,12.9165,79.1325,ECMWF_ERA5_Reanalysis
2014-06-01,40.3,27.8,32.3,45.5,31.4,36.4,1.8,17.0,43.2,268,23.34,979.3,loc_vellore,12.9165,79.1325,ECMWF_ERA5_Reanalysis
2014-06-02,38.7,26.3,31.8,43.9,31.0,36.3,15.0,16.8,31.3,266,23.52,980.3,loc_vellore,12.9165,79.1325,ECMWF_ERA5_Reanalysis
2014-06-03,35.8,25.7,29.5,40.7,31.0,34.3,18.6,15.4,37.4,297,20.93,980.0,loc_vellore,12.9165,79.1325,ECMWF_ERA5_Reanalysis
2014-06-04,35.4,25.9,30.6,41.4,31.5,35.7,0.0,10.6,25.9,242,25.0,979.3,loc_vellore,12.9165,79.1325,ECMWF_ERA5_Reanalysis
2014-06-05,36.2,26.3,30.4,42.6,31.5,35.3,6.2,11.3,29.5,280,23.43,978.7,loc_vellore,12.9165,79.1325,ECMWF_ERA5_Reanalysis
2014-06-06,36.2,26.6,30.1,41.8,30.3,34.8,11.9,13.7,36.4,271,23.72,978.2,loc_vellore,12.9165,79.1325,ECMWF_ERA5_Reanalysis
2014-06-07,36.6,27.5,31.1,42.2,30.7,35.2,2.9,16.2,38.5,276,24.03,976.8,loc_vellore,12.9165,79.1325,ECMWF_ERA5_Reanalysis
2014-06-08,37.2,27.7,31.3,42.3,29.6,34.9,4.8,18.0,42.1,279,24.52,976.6,loc_vellore,12.9165,79.1325,ECMWF_ERA5_Reanalysis
2014-06-09,33.6,27.7,30.2,37.8,30.2,33.4,0.4,14.5,37.8,274,13.48,978.6,loc_vellore,12.9165,79.1325,ECMWF_ERA5_Reanalysis
2014-06-10,35.7,27.3,31.1,39.2,28.5,33.6,1.4,22.4,45.7,267,23.31,978.6,loc_vellore,12.9165,79.1325,ECMWF_ERA5_Reanalysis
2014-06-11,37.3,27.5,31.7,40.5,29.0,33.7,1.5,22.9,46.1,275,24.25,979.0,loc_vellore,12.9165,79.1325,ECMWF_ERA5_Reanalysis
2014-06-12,36.9,27.4,31.1,40.6,29.1,33.4,2.9,20.5,47.2,279,23.35,979.1,loc_vellore,12.9165,79.1325,ECMWF_ERA5_Reanalysis
2014-06-13,36.4,27.1,30.6,38.3,28.4,32.5,2.8,21.5,51.1,279,23.74,979.6,loc_vellore,12.9165,79.1325,ECMWF_ERA5_Reanalysis
2014-06-14,36.1,27.1,31.1,38.4,28.9,33.3,0.3,18.4,47.9,289,20.05,980.8,loc_vellore,12.9165,79.1325,ECMWF_ERA5_Reanalysis
2014-06-15,36.4,27.2,31.5,38.3,28.9,33.1,0.0,21.7,59.4,285,23.62,981.1,loc_vellore,12.9165,79.1325,ECMWF_ERA5_Reanalysis
2014-06-16,37.2,27.2,31.9,38.2,29.0,33.2,0.0,19.6,50.0,278,23.84,980.5,loc_vellore,12.9165,79.1325,ECMWF_ERA5_Reanalysis
2014-06-17,37.8,27.4,31.7,39.6,29.0,32.9,2.0,24.7,53.6,279,22.33,979.7,loc_vellore,12.9165,79.1325,ECMWF_ERA5_Reanalysis
2014-06-18,35.3,27.7,31.0,35.7,29.4,32.1,0.0,22.3,53.3,273,17.96,979.7,loc_vellore,12.9165,79.1325,ECMWF_ERA5_Reanalysis
2014-06-19,35.4,27.6,31.0,35.3,29.4,31.8,0.1,24.5,49.7,265,15.28,979.5,loc_vellore,12.9165,79.1325,ECMWF_ERA5_Reanalysis
2014-06-20,36.8,27.1,31.7,37.0,28.5,32.5,0.0,23.4,57.6,270,20.76,979.9,loc_vellore,12.9165,79.1325,ECMWF_ERA5_Reanalysis
2014-06-21,37.6,27.4,31.7,38.8,29.2,32.7,0.0,23.1,50.8,272,20.91,981.8,loc_vellore,12.9165,79.1325,ECMWF_ERA5_Reanalysis
2014-06-22,37.0,27.4,31.8,37.7,29.3,32.9,0.0,21.5,51.5,277,21.27,983.0,loc_vellore,12.9165,79.1325,ECMWF_ERA5_Reanalysis
2014-06-23,37.6,27.3,32.4,37.3,28.4,33.0,0.0,23.7,54.7,289,23.14,982.2,loc_vellore,12.9165,79.1325,ECMWF_ERA5_Reanalysis
2014-06-24,38.9,27.1,33.0,39.4,27.6,33.3,0.0,23.5,52.9,291,24.86,979.6,loc_vellore,12.9165,79.1325,ECMWF_ERA5_Reanalysis
2014-06-25,38.8,27.5,33.1,39.7,28.0,33.3,0.0,22.9,51.1,288,22.43,979.5,loc_vellore,12.9165,79.1325,ECMWF_ERA5_Reanalysis
2014-06-26,38.1,27.9,33.0,39.2,28.8,33.8,0.0,19.5,46.8,289,20.33,981.4,loc_vellore,12.9165,79.1325,ECMWF_ERA5_Reanalysis
2014-06-27,38.1,27.9,32.8,40.7,30.9,35.1,1.1,12.2,31.3,313,19.85,982.6,loc_vellore,12.9165,79.1325,ECMWF_ERA5_Reanalysis
2014-06-28,37.3,27.0,30.8,41.4,31.8,35.1,5.8,12.1,36.0,251,18.4,982.9,loc_vellore,12.9165,79.1325,ECMWF_ERA5_Reanalysis
2014-06-29,37.5,26.2,30.5,41.3,30.2,34.5,9.9,13.3,33.8,264,21.51,981.8,loc_vellore,12.9165,79.1325,ECMWF_ERA5_Reanalysis
2014-06-30,35.3,25.5,29.0,39.1,30.1,33.3,10.7,13.1,32.4,252,16.22,981.5,loc_vellore,12.9165,79.1325,ECMWF_ERA5_Reanalysis
2014-07-01,35.6,25.4,29.7,38.6,29.9,33.0,8.0,16.6,38.9,275,21.5,982.0,loc_vellore,12.9165,79.1325,ECMWF_ERA5_Reanalysis
2014-07-02,35.2,25.8,30.4,38.3,28.8,33.1,0.0,17.9,40.3,282,19.63,982.0,loc_vellore,12.9165,79.1325,ECMWF_ERA5_Reanalysis
2014-07-03,36.1,27.3,31.7,38.2,28.2,33.1,0.0,19.3,46.1,284,23.16,980.2,loc_vellore,12.9165,79.1325,ECMWF_ERA5_Reanalysis
2014-07-04,35.8,26.9,30.8,37.8,28.3,32.7,1.2,20.6,49.3,285,22.18,979.2,loc_vellore,12.9165,79.1325,ECMWF_ERA5_Reanalysis
2014-07-05,35.5,26.1,30.2,39.2,29.3,33.4,17.9,16.4,45.0,289,20.31,979.8,loc_vellore,12.9165,79.1325,ECMWF_ERA5_Reanalysis
2014-07-06,33.3,26.1,28.9,36.7,29.8,32.4,4.8,17.6,41.4,289,17.8,981.8,loc_vellore,12.9165,79.1325,ECMWF_ERA5_Reanalysis
2014-07-07,34.0,25.6,28.6,38.1,29.0,32.1,9.9,19.2,41.8,290,17.76,981.6,loc_vellore,12.9165,79.1325,ECMWF_ERA5_Reanalysis
2014-07-08,33.0,24.9,28.1,35.0,28.2,31.1,9.0,16.6,46.8,283,16.63,980.6,loc_vellore,12.9165,79.1325,ECMWF_ERA5_Reanalysis
2014-07-09,32.0,25.7,27.9,34.1,28.3,30.7,9.0,18.9,47.9,277,11.03,980.4,loc_vellore,12.9165,79.1325,ECMWF_ERA5_Reanalysis
2014-07-10,29.6,26.2,27.4,32.4,27.8,29.8,2.4,16.7,40.0,268,7.83,981.7,loc_vellore,12.9165,79.1325,ECMWF_ERA5_Reanalysis
2014-07-11,31.6,25.7,28.0,32.2,27.1,29.1,0.0,23.4,51.8,268,9.57,982.1,loc_vellore,12.9165,79.1325,ECMWF_ERA5_Reanalysis
2014-07-12,32.4,26.3,29.0,33.3,27.0,29.7,0.1,25.6,51.8,270,13.13,980.4,loc_vellore,12.9165,79.1325,ECMWF_ERA5_Reanalysis
2014-07-13,30.9,26.9,28.4,32.7,28.4,29.9,0.2,23.6,66.2,270,11.03,979.9,loc_vellore,12.9165,79.1325,ECMWF_ERA5_Reanalysis
2014-07-14,31.0,27.0,28.3,32.7,28.2,30.0,0.5,21.3,41.8,266,5.45,979.3,loc_vellore,12.9165,79.1325,ECMWF_ERA5_Reanalysis
2014-07-15,30.9,26.4,28.1,32.2,28.0,29.7,0.0,21.6,52.6,266,8.42,979.7,loc_vellore,12.9165,79.1325,ECMWF_ERA5_Reanalysis
2014-07-16,34.2,26.5,29.8,34.8,28.5,31.1,0.1,23.1,55.1,262,16.24,980.7,loc_vellore,12.9165,79.1325,ECMWF_ERA5_Reanalysis
2014-07-17,34.7,26.1,30.2,34.4,27.6,31.0,0.0,23.8,57.6,267,18.44,981.1,loc_vellore,12.9165,79.1325,ECMWF_ERA5_Reanalysis
2014-07-18,36.2,26.0,30.4,37.5,27.1,31.5,0.1,21.6,51.5,269,21.47,980.8,loc_vellore,12.9165,79.1325,ECMWF_ERA5_Reanalysis
2014-07-19,33.5,26.8,29.8,33.6,28.0,30.6,0.0,27.8,57.6,268,13.73,981.3,loc_vellore,12.9165,79.1325,ECMWF_ERA5_Reanalysis
2014-07-20,33.5,27.2,29.9,32.9,28.5,30.4,0.0,26.9,62.3,271,11.38,981.7,loc_vellore,12.9165,79.1325,ECMWF_ERA5_Reanalysis
2014-07-21,34.7,26.7,30.2,34.6,27.9,30.7,0.0,27.7,60.1,272,15.34,980.7,loc_vellore,12.9165,79.1325,ECMWF_ERA5_Reanalysis
2014-07-22,35.0,26.2,29.8,35.0,27.6,30.2,0.0,27.4,61.2,271,16.86,980.9,loc_vellore,12.9165,79.1325,ECMWF_ERA5_Reanalysis
2014-07-23,34.9,26.1,29.4,34.4,28.0,30.2,1.2,29.0,66.6,269,15.25,981.3,loc_vellore,12.9165,79.1325,ECMWF_ERA5_Reanalysis
2014-07-24,35.3,26.1,30.1,35.2,27.4,30.7,1.8,28.9,57.2,277,14.9,982.2,loc_vellore,12.9165,79.1325,ECMWF_ERA5_Reanalysis
2014-07-25,35.2,26.0,30.7,35.8,27.3,31.5,0.5,25.1,58.7,280,19.79,983.0,loc_vellore,12.9165,79.1325,ECMWF_ERA5_Reanalysis
2014-07-26,35.2,26.5,30.1,35.6,27.6,31.5,0.4,20.9,52.9,279,17.18,983.0,loc_vellore,12.9165,79.1325,ECMWF_ERA5_Reanalysis
2014-07-27,34.5,26.1,30.1,34.5,27.3,31.1,0.0,22.4,48.6,284,15.49,983.1,loc_vellore,12.9165,79.1325,ECMWF_ERA5_Reanalysis
2014-07-28,33.4,27.0,29.8,32.9,28.6,30.6,0.0,22.8,49.0,275,10.16,981.7,loc_vellore,12.9165,79.1325,ECMWF_ERA5_Reanalysis
2014-07-29,36.3,27.2,30.9,35.5,28.2,31.4,0.0,24.5,53.3,279,13.9,981.0,loc_vellore,12.9165,79.1325,ECMWF_ERA5_Reanalysis
2014-07-30,34.7,26.3,30.1,33.8,27.5,30.6,0.0,24.6,57.2,270,10.87,981.4,loc_vellore,12.9165,79.1325,ECMWF_ERA5_Reanalysis
2014-07-31,33.3,26.7,28.9,34.3,28.2,30.4,0.4,26.9,56.5,266,11.33,981.1,loc_vellore,12.9165,79.1325,ECMWF_ERA5_Reanalysis
2014-08-01,34.3,26.9,30.0,35.6,29.1,31.9,1.2,20.9,56.2,269,17.52,981.2,loc_vellore,12.9165,79.1325,ECMWF_ERA5_Reanalysis
2014-08-02,32.3,25.0,28.3,32.5,27.6,30.0,6.0,24.1,46.8,270,12.55,981.8,loc_vellore,12.9165,79.1325,ECMWF_ERA5_Reanalysis
2014-08-03,34.4,26.0,29.8,34.6,28.0,31.2,0.2,23.9,53.3,272,15.13,981.0,loc_vellore,12.9165,79.1325,ECMWF_ERA5_Reanalysis
2014-08-04,35.2,26.3,30.4,35.0,28.1,31.2,0.0,28.0,59.4,274,17.93,980.0,loc_vellore,12.9165,79.1325,ECMWF_ERA5_Reanalysis
2014-08-05,34.1,26.7,30.1,34.0,28.7,30.9,0.4,26.8,59.8,274,14.5,980.8,loc_vellore,12.9165,79.1325,ECMWF_ERA5_Reanalysis
2014-08-06,34.9,26.5,30.0,35.4,28.1,31.1,0.0,22.6,52.2,271,14.46,981.8,loc_vellore,12.9165,79.1325,ECMWF_ERA5_Reanalysis
2014-08-07,33.2,26.5,29.3,34.3,28.7,31.0,1.1,17.2,40.3,272,10.83,981.7,loc_vellore,12.9165,79.1325,ECMWF_ERA5_Reanalysis
2014-08-08,35.8,25.4,29.3,37.8,28.5,31.8,7.7,17.3,42.5,269,16.75,981.9,loc_vellore,12.9165,79.1325,ECMWF_ERA5_Reanalysis
2014-08-09,36.2,24.3,27.7,39.9,27.7,31.1,9.8,13.1,32.4,248,13.35,983.0,loc_vellore,12.9165,79.1325,ECMWF_ERA5_Reanalysis
2014-08-10,33.1,23.9,27.3,35.3,27.4,30.6,8.6,13.0,35.3,261,12.94,983.3,loc_vellore,12.9165,79.1325,ECMWF_ERA5_Reanalysis
2014-08-11,34.5,24.3,28.5,37.6,28.0,31.8,1.9,12.2,35.6,263,15.8,982.4,loc_vellore,12.9165,79.1325,ECMWF_ERA5_Reanalysis
2014-08-12,33.9,24.3,27.6,36.1,28.0,30.3,4.3,16.6,37.4,268,12.36,982.3,loc_vellore,12.9165,79.1325,ECMWF_ERA5_Reanalysis
2014-08-13,32.6,24.5,26.9,34.4,27.1,30.0,8.2,14.5,40.7,276,11.77,983.3,loc_vellore,12.9165,79.1325,ECMWF_ERA5_Reanalysis
2014-08-14,34.1,24.6,28.3,37.7,27.2,31.4,2.4,15.3,38.2,278,18.67,983.4,loc_vellore,12.9165,79.1325,ECMWF_ERA5_Reanalysis
2014-08-15,35.4,24.9,28.3,39.0,28.2,31.8,4.6,13.4,41.8,268,19.56,983.9,loc_vellore,12.9165,79.1325,ECMWF_ERA5_Reanalysis
2014-08-16,34.7,25.1,28.2,37.8,28.3,31.9,1.2,11.5,32.0,281,19.57,984.1,loc_vellore,12.9165,79.1325,ECMWF_ERA5_Reanalysis
2014-08-17,34.3,24.2,28.0,39.0,27.4,31.9,14.0,11.7,28.4,271,19.9,983.5,loc_vellore,12.9165,79.1325,ECMWF_ERA5_Reanalysis
2014-08-18,32.6,24.4,27.4,39.2,29.0,32.3,20.3,7.4,22.7,255,19.76,984.1,loc_vellore,12.9165,79.1325,ECMWF_ERA5_Reanalysis
2014-08-19,32.1,23.7,27.2,38.5,29.1,32.4,3.7,13.7,25.2,171,20.8,984.3,loc_vellore,12.9165,79.1325,ECMWF_ERA5_Reanalysis
2014-08-20,32.9,24.7,28.2,39.5,30.0,33.5,0.3,10.1,21.6,158,23.37,982.9,loc_vellore,12.9165,79.1325,ECMWF_ERA5_Reanalysis
2014-08-21,32.3,24.8,28.0,37.9,29.6,32.9,1.3,13.0,25.6,146,22.14,981.0,loc_vellore,12.9165,79.1325,ECMWF_ERA5_Reanalysis
2014-08-22,31.9,24.4,27.6,36.8,29.6,32.2,1.5,14.8,30.6,127,20.71,980.9,loc_vellore,12.9165,79.1325,ECMWF_ERA5_Reanalysis
2014-08-23,31.3,24.2,26.9,37.2,29.3,31.8,3.0,14.0,27.4,128,16.44,982.1,loc_vellore,12.9165,79.1325,ECMWF_ERA5_Reanalysis
2014-08-24,32.8,24.2,28.1,37.9,29.1,32.8,2.2,9.8,23.0,223,20.65,982.6,loc_vellore,12.9165,79.1325,ECMWF_ERA5_Reanalysis
2014-08-25,33.0,24.7,28.2,35.6,29.0,32.1,4.4,11.9,36.0,261,15.69,983.5,loc_vellore,12.9165,79.1325,ECMWF_ERA5_Reanalysis
2014-08-26,33.4,25.1,28.4,35.8,28.4,31.4,1.8,13.7,33.5,271,15.22,983.3,loc_vellore,12.9165,79.1325,ECMWF_ERA5_Reanalysis
2014-08-27,31.2,25.3,27.7,32.3,26.8,29.5,0.7,18.2,44.6,280,12.03,982.2,loc_vellore,12.9165,79.1325,ECMWF_ERA5_Reanalysis
2014-08-28,31.4,23.2,26.6,33.4,25.6,28.8,3.5,20.2,58.3,266,12.97,980.9,loc_vellore,12.9165,79.1325,ECMWF_ERA5_Reanalysis
2014-08-29,31.4,24.7,27.8,32.4,26.5,29.1,0.7,25.2,49.0,257,10.2,979.3,loc_vellore,12.9165,79.1325,ECMWF_ERA5_Reanalysis
2014-08-30,33.7,26.0,29.3,34.8,27.7,30.8,0.2,22.6,54.7,250,18.26,979.4,loc_vellore,12.9165,79.1325,ECMWF_ERA5_Reanalysis
2014-08-31,34.1,26.4,29.8,34.4,28.3,30.8,0.0,27.4,55.8,257,17.0,978.4,loc_vellore,12.9165,79.1325,ECMWF_ERA5_Reanalysis
2014-09-01,33.6,26.3,28.6,34.5,28.1,30.7,3.6,24.4,47.2,247,11.72,979.2,loc_vellore,12.9165,79.1325,ECMWF_ERA5_Reanalysis
2014-09-02,33.4,24.8,28.2,36.1,28.7,31.2,13.6,18.3,40.3,248,13.29,981.2,loc_vellore,12.9165,79.1325,ECMWF_ERA5_Reanalysis
2014-09-03,32.9,24.8,27.5,36.4,28.5,31.3,10.6,11.6,31.7,220,17.5,983.4,loc_vellore,12.9165,79.1325,ECMWF_ERA5_Reanalysis
2014-09-04,32.3,24.1,27.2,34.9,28.0,31.2,7.7,15.1,34.2,233,13.91,984.1,loc_vellore,12.9165,79.1325,ECMWF_ERA5_Reanalysis
2014-09-05,32.9,25.3,28.3,35.1,28.0,30.8,0.2,15.5,38.9,269,15.31,983.3,loc_vellore,12.9165,79.1325,ECMWF_ERA5_Reanalysis
2014-09-06,32.6,25.4,28.7,33.6,26.9,30.3,0.0,20.3,42.1,271,14.64,982.0,loc_vellore,12.9165,79.1325,ECMWF_ERA5_Reanalysis
2014-09-07,33.7,25.9,28.7,35.4,27.8,30.9,0.9,18.4,51.1,267,17.88,982.0,loc_vellore,12.9165,79.1325,ECMWF_ERA5_Reanalysis
2014-09-08,33.8,24.5,29.3,35.9,26.4,31.0,0.0,16.9,37.8,266,21.28,983.2,loc_vellore,12.9165,79.1325,ECMWF_ERA5_Reanalysis
2014-09-09,34.8,24.4,29.4,37.3,26.2,31.3,0.2,17.3,41.0,274,22.8,983.9,loc_vellore,12.9165,79.1325,ECMWF_ERA5_Reanalysis
2014-09-10,35.1,24.6,29.7,36.2,26.2,31.2,0.2,16.9,38.2,289,21.89,983.3,loc_vellore,12.9165,79.1325,ECMWF_ERA5_Reanalysis
2014-09-11,36.0,24.9,30.2,39.2,27.0,32.3,0.0,12.6,31.0,302,23.01,984.1,loc_vellore,12.9165,79.1325,ECMWF_ERA5_Reanalysis
2014-09-12,35.8,25.0,30.4,39.2,28.1,33.0,0.2,10.1,32.0,299,22.46,984.8,loc_vellore,12.9165,79.1325,ECMWF_ERA5_Reanalysis
2014-09-13,35.9,25.5,30.7,38.7,29.4,33.6,0.2,10.9,35.6,308,19.3,983.9,loc_vellore,12.9165,79.1325,ECMWF_ERA5_Reanalysis
2014-09-14,36.0,25.5,29.0,38.5,28.5,32.1,11.2,14.2,38.2,265,18.89,982.9,loc_vellore,12.9165,79.1325,ECMWF_ERA5_Reanalysis
2014-09-15,34.8,24.8,28.7,38.1,27.5,32.0,8.5,16.1,39.6,290,19.25,981.8,loc_vellore,12.9165,79.1325,ECMWF_ERA5_Reanalysis
2014-09-16,33.1,24.7,27.8,34.6,27.7,30.6,5.2,15.8,46.4,286,13.67,980.7,loc_vellore,12.9165,79.1325,ECMWF_ERA5_Reanalysis
2014-09-17,34.0,26.0,29.0,36.3,27.3,30.7,0.8,20.6,45.7,295,16.27,980.3,loc_vellore,12.9165,79.1325,ECMWF_ERA5_Reanalysis
2014-09-18,30.2,24.3,26.4,30.9,26.8,28.7,6.9,15.5,40.3,278,5.74,982.0,loc_vellore,12.9165,79.1325,ECMWF_ERA5_Reanalysis
2014-09-19,34.4,25.0,28.3,37.4,27.3,31.1,6.7,16.5,42.5,286,17.02,982.2,loc_vellore,12.9165,79.1325,ECMWF_ERA5_Reanalysis
2014-09-20,33.1,26.2,28.7,35.5,28.2,31.3,0.9,17.9,45.0,290,15.34,981.8,loc_vellore,12.9165,79.1325,ECMWF_ERA5_Reanalysis
2014-09-21,33.8,25.4,29.3,37.9,28.6,32.7,3.0,11.4,30.6,301,19.86,982.7,loc_vellore,12.9165,79.1325,ECMWF_ERA5_Reanalysis
2014-09-22,34.2,24.9,28.7,38.5,29.8,33.1,6.0,9.8,29.5,163,19.25,983.9,loc_vellore,12.9165,79.1325,ECMWF_ERA5_Reanalysis
2014-09-23,34.2,24.5,29.1,39.0,29.2,33.3,6.1,7.2,21.6,111,20.43,983.4,loc_vellore,12.9165,79.1325,ECMWF_ERA5_Reanalysis
2014-09-24,34.0,24.2,28.3,39.1,28.9,33.1,6.3,11.8,22.7,33,20.48,983.8,loc_vellore,12.9165,79.1325,ECMWF_ERA5_Reanalysis
2014-09-25,33.7,23.8,27.6,38.4,28.7,32.3,3.6,16.3,37.4,101,21.67,984.6,loc_vellore,12.9165,79.1325,ECMWF_ERA5_Reanalysis
2014-09-26,32.4,23.4,27.4,37.7,28.2,31.8,2.3,12.6,28.1,102,22.09,985.9,loc_vellore,12.9165,79.1325,ECMWF_ERA5_Reanalysis
2014-09-27,32.2,23.6,27.2,36.6,28.3,31.5,0.4,14.4,33.8,91,20.11,986.6,loc_vellore,12.9165,79.1325,ECMWF_ERA5_Reanalysis
2014-09-28,31.7,23.8,26.5,35.8,28.4,31.0,4.3,13.4,28.8,90,17.05,986.8,loc_vellore,12.9165,79.1325,ECMWF_ERA5_Reanalysis
2014-09-29,31.8,23.4,27.3,35.2,28.4,31.4,0.6,10.4,25.9,99,18.63,986.7,loc_vellore,12.9165,79.1325,ECMWF_ERA5_Reanalysis
2014-09-30,32.3,23.5,26.9,37.3,28.6,31.5,6.3,13.1,28.8,112,19.79,986.4,loc_vellore,12.9165,79.1325,ECMWF_ERA5_Reanalysis
2014-10-01,33.2,24.0,27.9,37.4,29.5,32.2,0.0,10.5,24.8,80,21.78,986.4,loc_vellore,12.9165,79.1325,ECMWF_ERA5_Reanalysis
2014-10-02,33.7,23.1,28.2,36.8,27.7,31.7,0.0,12.2,27.4,84,24.22,986.3,loc_vellore,12.9165,79.1325,ECMWF_ERA5_Reanalysis
2014-10-03,33.2,23.2,28.4,37.3,27.4,32.1,0.0,10.0,28.4,106,21.99,985.7,loc_vellore,12.9165,79.1325,ECMWF_ERA5_Reanalysis
2014-10-04,34.2,24.8,29.0,38.6,29.5,33.0,0.5,12.5,24.5,109,20.88,985.8,loc_vellore,12.9165,79.1325,ECMWF_ERA5_Reanalysis
2014-10-05,35.2,24.4,29.3,39.7,29.0,33.6,17.8,7.6,22.3,125,21.27,986.1,loc_vellore,12.9165,79.1325,ECMWF_ERA5_Reanalysis
2014-10-06,34.9,24.3,28.1,39.0,29.0,32.6,27.1,10.1,22.3,340,21.52,985.5,loc_vellore,12.9165,79.1325,ECMWF_ERA5_Reanalysis
2014-10-07,31.9,23.4,26.6,38.1,27.9,31.7,20.2,8.6,27.4,5,20.1,984.3,loc_vellore,12.9165,79.1325,ECMWF_ERA5_Reanalysis
2014-10-08,30.4,23.1,25.9,37.0,27.9,31.0,16.5,6.8,23.8,337,19.63,984.0,loc_vellore,12.9165,79.1325,ECMWF_ERA5_Reanalysis
2014-10-09,30.9,23.0,26.7,36.8,27.7,31.8,3.5,7.2,20.2,314,19.14,983.9,loc_vellore,12.9165,79.1325,ECMWF_ERA5_Reanalysis
2014-10-10,32.4,23.9,27.4,37.6,28.3,32.1,4.4,11.5,23.4,289,18.9,982.5,loc_vellore,12.9165,79.1325,ECMWF_ERA5_Reanalysis
2014-10-11,31.8,25.3,28.1,35.8,28.5,31.6,0.3,15.7,37.1,281,14.59,980.8,loc_vellore,12.9165,79.1325,ECMWF_ERA5_Reanalysis
2014-10-12,32.5,25.7,28.6,35.7,29.1,31.7,0.0,17.0,37.1,279,14.31,980.3,loc_vellore,12.9165,79.1325,ECMWF_ERA5_Reanalysis
2014-10-13,34.2,23.5,28.4,37.8,26.4,31.4,0.0,12.3,27.4,234,23.04,981.7,loc_vellore,12.9165,79.1325,ECMWF_ERA5_Reanalysis
2014-10-14,32.8,23.2,28.2,38.5,27.6,32.4,0.0,11.3,21.6,137,21.32,984.5,loc_vellore,12.9165,79.1325,ECMWF_ERA5_Reanalysis
2014-10-15,31.1,23.7,27.0,36.1,28.6,31.7,0.1,14.4,28.8,108,18.42,987.0,loc_vellore,12.9165,79.1325,ECMWF_ERA5_Reanalysis
2014-10-16,29.9,23.8,26.4,33.8,28.6,30.6,0.6,11.5,29.2,77,15.56,987.0,loc_vellore,12.9165,79.1325,ECMWF_ERA5_Reanalysis
2014-10-17,29.2,22.8,25.1,33.0,27.2,29.4,3.9,14.9,34.2,73,13.29,987.3,loc_vellore,12.9165,79.1325,ECMWF_ERA5_Reanalysis
2014-10-18,25.4,22.8,23.8,30.7,26.9,28.5,10.0,9.5,26.6,57,5.84,987.0,loc_vellore,12.9165,79.1325,ECMWF_ERA5_Reanalysis
2014-10-19,24.7,22.7,23.5,29.3,26.8,28.1,14.1,9.8,28.1,47,4.82,986.5,loc_vellore,12.9165,79.1325,ECMWF_ERA5_Reanalysis
2014-10-20,24.5,22.5,23.2,29.5,26.9,27.8,25.5,9.7,23.8,38,3.96,986.9,loc_vellore,12.9165,79.1325,ECMWF_ERA5_Reanalysis
2014-10-21,28.3,22.0,24.3,33.3,26.1,28.6,5.1,13.6,31.7,65,12.14,988.0,loc_vellore,12.9165,79.1325,ECMWF_ERA5_Reanalysis
2014-10-22,28.2,22.7,24.8,32.1,27.2,28.9,1.5,15.1,36.0,46,16.1,988.5,loc_vellore,12.9165,79.1325,ECMWF_ERA5_Reanalysis
2014-10-23,27.9,22.1,24.2,31.7,26.1,28.5,7.7,9.7,28.1,47,10.94,988.0,loc_vellore,12.9165,79.1325,ECMWF_ERA5_Reanalysis
2014-10-24,27.0,22.1,24.1,31.9,26.5,28.6,8.6,8.0,23.8,71,10.34,986.9,loc_vellore,12.9165,79.1325,ECMWF_ERA5_Reanalysis
2014-10-25,29.7,23.1,25.1,34.5,27.7,29.6,2.6,11.8,28.4,131,14.65,986.8,loc_vellore,12.9165,79.1325,ECMWF_ERA5_Reanalysis
2014-10-26,29.0,23.2,25.1,34.1,27.9,29.9,4.2,11.3,22.0,68,12.8,988.2,loc_vellore,12.9165,79.1325,ECMWF_ERA5_Reanalysis
2014-10-27,29.0,22.5,24.8,35.5,26.9,29.7,10.3,6.4,15.1,24,13.7,988.3,loc_vellore,12.9165,79.1325,ECMWF_ERA5_Reanalysis
2014-10-28,29.0,22.2,25.5,33.4,26.7,29.9,5.2,7.6,18.4,19,14.65,987.1,loc_vellore,12.9165,79.1325,ECMWF_ERA5_Reanalysis
2014-10-29,29.9,22.9,25.9,32.7,27.2,29.4,0.0,12.9,29.9,19,18.72,987.0,loc_vellore,12.9165,79.1325,ECMWF_ERA5_Reanalysis
2014-10-30,29.6,21.5,25.3,31.9,24.7,28.0,0.0,14.6,33.8,30,20.44,986.6,loc_vellore,12.9165,79.1325,ECMWF_ERA5_Reanalysis
2014-10-31,28.5,18.7,23.9,30.7,20.2,26.3,1.3,16.0,34.6,19,15.71,986.2,loc_vellore,12.9165,79.1325,ECMWF_ERA5_Reanalysis
2014-11-01,28.0,20.5,24.0,30.0,22.1,26.4,17.5,15.5,32.8,14,10.47,986.3,loc_vellore,12.9165,79.1325,ECMWF_ERA5_Reanalysis
2014-11-02,27.2,22.3,24.1,29.8,25.2,27.4,35.0,18.1,38.2,11,8.41,986.9,loc_vellore,12.9165,79.1325,ECMWF_ERA5_Reanalysis
2014-11-03,28.1,21.2,24.3,30.5,24.1,27.5,0.0,10.2,28.8,354,11.49,987.1,loc_vellore,12.9165,79.1325,ECMWF_ERA5_Reanalysis
2014-11-04,30.5,20.3,25.1,33.7,22.7,28.2,0.0,11.9,27.0,332,18.91,986.4,loc_vellore,12.9165,79.1325,ECMWF_ERA5_Reanalysis
2014-11-05,29.8,20.0,25.3,32.2,22.5,27.6,0.0,10.8,23.4,308,15.08,987.0,loc_vellore,12.9165,79.1325,ECMWF_ERA5_Reanalysis
2014-11-06,31.2,18.2,24.9,32.3,18.5,26.3,0.0,15.4,33.5,345,22.43,986.1,loc_vellore,12.9165,79.1325,ECMWF_ERA5_Reanalysis
2014-11-07,31.0,19.2,25.1,32.9,20.7,27.0,0.0,12.2,28.1,356,19.96,985.8,loc_vellore,12.9165,79.1325,ECMWF_ERA5_Reanalysis
2014-11-08,31.0,19.6,25.5,33.9,21.6,27.9,0.0,8.9,20.2,353,20.0,986.3,loc_vellore,12.9165,79.1325,ECMWF_ERA5_Reanalysis
2014-11-09,31.5,22.6,26.6,35.8,26.4,30.1,0.0,11.4,20.5,64,19.3,986.8,loc_vellore,12.9165,79.1325,ECMWF_ERA5_Reanalysis
2014-11-10,29.7,22.9,26.1,34.1,27.1,30.0,0.0,9.4,19.4,81,15.3,986.6,loc_vellore,12.9165,79.1325,ECMWF_ERA5_Reanalysis
2014-11-11,29.4,22.3,25.3,32.4,26.7,29.3,2.2,12.2,28.1,64,15.07,986.7,loc_vellore,12.9165,79.1325,ECMWF_ERA5_Reanalysis
2014-11-12,26.9,22.4,23.6,29.9,25.4,27.3,25.0,14.6,35.3,36,6.81,986.4,loc_vellore,12.9165,79.1325,ECMWF_ERA5_Reanalysis
2014-11-13,24.0,21.7,22.8,27.6,24.9,26.2,54.8,15.6,34.6,74,3.73,987.2,loc_vellore,12.9165,79.1325,ECMWF_ERA5_Reanalysis
2014-11-14,26.5,22.2,23.5,30.4,26.4,27.8,10.3,10.2,28.8,85,8.01,988.9,loc_vellore,12.9165,79.1325,ECMWF_ERA5_Reanalysis
2014-11-15,28.2,22.1,24.7,32.4,26.1,28.7,2.0,12.8,32.8,54,16.17,988.2,loc_vellore,12.9165,79.1325,ECMWF_ERA5_Reanalysis
2014-11-16,27.8,19.6,23.5,31.1,22.3,26.6,0.1,11.3,26.3,40,16.4,987.9,loc_vellore,12.9165,79.1325,ECMWF_ERA5_Reanalysis
2014-11-17,28.3,18.1,23.1,31.6,20.0,25.7,0.0,13.6,29.5,32,19.92,988.2,loc_vellore,12.9165,79.1325,ECMWF_ERA5_Reanalysis
2014-11-18,27.2,18.3,23.0,29.6,20.2,25.5,1.4,14.9,32.0,35,15.43,989.2,loc_vellore,12.9165,79.1325,ECMWF_ERA5_Reanalysis
2014-11-19,28.8,20.0,23.9,30.5,22.7,26.4,0.0,14.5,31.3,36,17.11,989.1,loc_vellore,12.9165,79.1325,ECMWF_ERA5_Reanalysis
2014-11-20,28.7,18.9,23.4,31.0,21.3,25.8,0.0,15.3,32.8,29,19.5,988.2,loc_vellore,12.9165,79.1325,ECMWF_ERA5_Reanalysis
2014-11-21,28.1,19.8,23.5,30.6,22.3,26.0,0.0,12.9,29.2,35,17.83,988.2,loc_vellore,12.9165,79.1325,ECMWF_ERA5_Reanalysis
2014-11-22,27.5,20.2,23.7,30.4,22.8,26.8,1.0,9.9,24.8,33,14.42,987.6,loc_vellore,12.9165,79.1325,ECMWF_ERA5_Reanalysis
2014-11-23,28.4,19.1,23.6,30.7,21.5,26.1,0.0,10.9,25.9,41,19.6,987.7,loc_vellore,12.9165,79.1325,ECMWF_ERA5_Reanalysis
2014-11-24,28.2,18.6,23.2,29.5,20.6,25.2,0.0,14.9,32.8,39,18.26,987.8,loc_vellore,12.9165,79.1325,ECMWF_ERA5_Reanalysis
2014-11-25,27.1,19.4,22.8,27.8,21.6,24.4,0.0,19.5,42.5,34,15.25,987.8,loc_vellore,12.9165,79.1325,ECMWF_ERA5_Reanalysis
2014-11-26,27.5,17.9,22.3,27.6,19.3,23.5,0.0,16.6,37.8,32,16.29,986.1,loc_vellore,12.9165,79.1325,ECMWF_ERA5_Reanalysis
2014-11-27,27.3,17.3,22.3,29.2,18.6,23.8,0.0,15.3,33.5,30,18.18,986.0,loc_vellore,12.9165,79.1325,ECMWF_ERA5_Reanalysis
2014-11-28,27.0,18.2,22.6,28.0,19.8,24.0,0.0,15.4,33.1,15,14.34,986.8,loc_vellore,12.9165,79.1325,ECMWF_ERA5_Reanalysis
2014-11-29,25.2,19.0,22.3,25.9,20.7,23.6,0.6,14.1,40.0,358,9.84,986.9,loc_vellore,12.9165,79.1325,ECMWF_ERA5_Reanalysis
2014-11-30,26.2,20.7,22.7,26.5,21.1,23.7,5.8,16.9,54.0,1,11.81,986.8,loc_vellore,12.9165,79.1325,ECMWF_ERA5_Reanalysis
2014-12-01,27.7,20.1,23.7,28.3,21.8,24.9,0.0,17.9,37.1,35,14.77,986.8,loc_vellore,12.9165,79.1325,ECMWF_ERA5_Reanalysis
2014-12-02,28.1,17.9,22.6,29.6,19.6,24.1,0.0,13.3,31.3,35,20.26,988.1,loc_vellore,12.9165,79.1325,ECMWF_ERA5_Reanalysis
2014-12-03,28.3,15.2,22.0,29.9,15.8,23.2,0.0,10.2,25.9,25,21.05,988.0,loc_vellore,12.9165,79.1325,ECMWF_ERA5_Reanalysis
2014-12-04,27.8,15.2,22.0,29.9,16.1,23.6,0.0,10.0,25.9,58,20.47,988.5,loc_vellore,12.9165,79.1325,ECMWF_ERA5_Reanalysis
2014-12-05,27.4,14.6,21.4,28.8,15.2,22.6,0.0,11.7,27.0,51,20.43,988.9,loc_vellore,12.9165,79.1325,ECMWF_ERA5_Reanalysis
2014-12-06,26.1,16.1,21.6,27.1,17.1,22.8,0.3,13.3,29.9,37,14.31,988.6,loc_vellore,12.9165,79.1325,ECMWF_ERA5_Reanalysis
2014-12-07,28.1,18.1,23.2,30.5,19.8,25.6,0.0,11.4,25.6,46,12.02,987.8,loc_vellore,12.9165,79.1325,ECMWF_ERA5_Reanalysis
2014-12-08,29.2,19.9,24.4,31.6,22.8,26.9,0.0,11.2,25.6,45,15.84,987.9,loc_vellore,12.9165,79.1325,ECMWF_ERA5_Reanalysis
2014-12-09,29.5,19.4,24.6,32.5,21.8,27.6,0.0,11.2,23.0,50,14.79,988.7,loc_vellore,12.9165,79.1325,ECMWF_ERA5_Reanalysis
2014-12-10,27.1,22.5,23.9,30.9,26.5,27.9,8.8,11.2,27.4,66,8.38,988.5,loc_vellore,12.9165,79.1325,ECMWF_ERA5_Reanalysis
2014-12-11,28.4,22.2,24.4,31.8,26.5,28.3,2.7,11.3,28.8,81,14.52,988.4,loc_vellore,12.9165,79.1325,ECMWF_ERA5_Reanalysis
2014-12-12,27.5,22.0,23.7,31.4,25.5,27.4,3.3,12.6,31.0,54,11.12,989.1,loc_vellore,12.9165,79.1325,ECMWF_ERA5_Reanalysis
2014-12-13,26.2,20.8,22.7,28.9,24.1,26.1,14.5,10.0,26.3,47,8.33,989.3,loc_vellore,12.9165,79.1325,ECMWF_ERA5_Reanalysis
2014-12-14,26.8,21.8,23.9,29.8,25.6,27.3,3.4,10.4,25.9,66,11.73,989.1,loc_vellore,12.9165,79.1325,ECMWF_ERA5_Reanalysis
2014-12-15,28.9,20.8,24.4,32.2,24.1,27.5,0.0,11.2,22.0,45,19.13,988.8,loc_vellore,12.9165,79.1325,ECMWF_ERA5_Reanalysis
2014-12-16,27.4,22.5,24.3,29.8,26.1,27.4,0.8,16.2,34.9,40,11.66,988.9,loc_vellore,12.9165,79.1325,ECMWF_ERA5_Reanalysis
2014-12-17,26.7,21.7,23.9,28.0,24.8,26.1,0.5,19.4,41.0,27,12.37,989.0,loc_vellore,12.9165,79.1325,ECMWF_ERA5_Reanalysis
2014-12-18,27.7,21.9,24.2,28.5,24.7,26.2,0.3,17.4,38.9,48,13.61,989.7,loc_vellore,12.9165,79.1325,ECMWF_ERA5_Reanalysis
2014-12-19,26.5,21.0,23.4,27.0,23.0,24.9,0.0,20.5,43.6,47,11.97,990.9,loc_vellore,12.9165,79.1325,ECMWF_ERA5_Reanalysis
2014-12-20,26.1,18.9,22.5,27.3,21.0,24.0,0.0,14.8,33.1,37,11.6,989.9,loc_vellore,12.9165,79.1325,ECMWF_ERA5_Reanalysis
2014-12-21,27.3,18.8,22.3,28.5,20.5,23.7,0.0,12.9,29.5,38,13.28,987.8,loc_vellore,12.9165,79.1325,ECMWF_ERA5_Reanalysis
2014-12-22,26.9,17.4,22.1,27.7,18.7,23.2,0.0,14.6,34.6,34,16.58,987.7,loc_vellore,12.9165,79.1325,ECMWF_ERA5_Reanalysis
2014-12-23,27.1,16.8,22.2,28.2,17.7,23.5,0.0,12.3,28.8,30,14.64,988.1,loc_vellore,12.9165,79.1325,ECMWF_ERA5_Reanalysis
2014-12-24,27.9,20.2,23.4,28.9,21.7,25.1,0.0,12.2,29.2,35,15.88,989.3,loc_vellore,12.9165,79.1325,ECMWF_ERA5_Reanalysis
2014-12-25,27.9,17.0,22.3,29.1,18.1,23.4,0.0,13.4,31.7,22,17.69,989.2,loc_vellore,12.9165,79.1325,ECMWF_ERA5_Reanalysis
2014-12-26,26.2,15.7,21.3,26.2,16.3,22.0,0.0,16.3,35.3,24,15.76,987.7,loc_vellore,12.9165,79.1325,ECMWF_ERA5_Reanalysis
2014-12-27,25.8,16.9,21.8,25.6,18.1,22.6,0.0,15.5,36.4,23,12.05,987.6,loc_vellore,12.9165,79.1325,ECMWF_ERA5_Reanalysis
2014-12-28,25.2,20.7,22.3,26.5,22.9,24.2,15.5,16.6,44.3,16,5.89,987.7,loc_vellore,12.9165,79.1325,ECMWF_ERA5_Reanalysis
2014-12-29,23.7,20.4,21.5,26.2,21.6,23.7,11.9,13.7,28.4,350,4.47,985.9,loc_vellore,12.9165,79.1325,ECMWF_ERA5_Reanalysis
2014-12-30,27.5,20.4,23.2,29.5,21.6,25.1,7.0,16.8,34.6,359,10.72,983.6,loc_vellore,12.9165,79.1325,ECMWF_ERA5_Reanalysis
2014-12-31,28.8,18.6,23.7,32.0,21.0,26.2,0.0,12.3,27.7,16,15.45,983.7,loc_vellore,12.9165,79.1325,ECMWF_ERA5_Reanalysis
2015-01-01,26.7,21.6,23.6,30.4,25.6,27.4,1.1,9.4,28.4,170,9.43,984.9,loc_vellore,12.9165,79.1325,ECMWF_ERA5_Reanalysis
2015-01-02,28.3,21.6,24.3,33.2,25.3,28.1,2.1,9.4,29.5,153,15.0,987.1,loc_vellore,12.9165,79.1325,ECMWF_ERA5_Reanalysis
2015-01-03,28.0,21.6,24.2,30.8,25.6,27.9,2.9,10.9,26.3,159,14.45,988.4,loc_vellore,12.9165,79.1325,ECMWF_ERA5_Reanalysis
2015-01-04,28.3,21.9,24.4,32.2,25.6,28.3,0.6,7.6,18.4,116,13.79,988.4,loc_vellore,12.9165,79.1325,ECMWF_ERA5_Reanalysis
2015-01-05,28.5,20.9,24.1,31.6,23.9,27.4,0.0,8.9,22.7,60,16.92,988.3,loc_vellore,12.9165,79.1325,ECMWF_ERA5_Reanalysis
2015-01-06,27.8,19.8,23.7,30.3,23.0,26.4,0.0,8.4,22.0,64,16.14,988.6,loc_vellore,12.9165,79.1325,ECMWF_ERA5_Reanalysis
2015-01-07,29.0,19.6,24.1,31.8,22.3,26.9,0.0,10.1,20.9,67,16.87,988.3,loc_vellore,12.9165,79.1325,ECMWF_ERA5_Reanalysis
2015-01-08,28.5,20.9,24.1,32.2,24.4,27.2,0.0,9.5,18.0,132,17.87,988.7,loc_vellore,12.9165,79.1325,ECMWF_ERA5_Reanalysis
2015-01-09,27.6,20.4,23.5,30.0,23.4,26.2,0.0,11.6,23.8,58,16.1,989.9,loc_vellore,12.9165,79.1325,ECMWF_ERA5_Reanalysis
2015-01-10,27.6,16.7,22.1,28.4,18.2,23.1,0.0,11.2,26.6,37,21.45,990.2,loc_vellore,12.9165,79.1325,ECMWF_ERA5_Reanalysis
2015-01-11,26.4,14.5,20.9,26.9,14.9,21.6,0.0,10.6,27.0,36,18.33,990.2,loc_vellore,12.9165,79.1325,ECMWF_ERA5_Reanalysis
2015-01-12,26.6,14.5,21.0,27.5,14.7,21.4,0.0,12.0,31.3,41,19.02,989.7,loc_vellore,12.9165,79.1325,ECMWF_ERA5_Reanalysis
2015-01-13,27.3,14.2,21.2,28.0,14.4,21.7,0.0,9.7,25.2,45,21.71,988.9,loc_vellore,12.9165,79.1325,ECMWF_ERA5_Reanalysis
2015-01-14,27.2,14.5,21.1,28.1,15.0,21.8,0.0,11.6,28.1,53,20.94,988.6,loc_vellore,12.9165,79.1325,ECMWF_ERA5_Reanalysis
2015-01-15,27.6,14.5,21.5,28.9,15.0,22.5,0.0,9.4,22.0,57,21.6,988.8,loc_vellore,12.9165,79.1325,ECMWF_ERA5_Reanalysis
2015-01-16,28.0,19.6,23.2,29.4,22.1,25.3,0.0,11.0,26.3,48,14.88,989.2,loc_vellore,12.9165,79.1325,ECMWF_ERA5_Reanalysis
2015-01-17,28.3,18.0,23.0,30.1,20.2,24.6,0.0,11.6,27.7,58,15.88,989.7,loc_vellore,12.9165,79.1325,ECMWF_ERA5_Reanalysis
2015-01-18,28.8,17.2,22.7,30.1,18.7,24.0,0.0,12.7,28.1,71,19.59,990.2,loc_vellore,12.9165,79.1325,ECMWF_ERA5_Reanalysis
2015-01-19,28.5,16.0,22.4,29.9,17.2,23.5,0.0,14.4,30.6,70,20.57,989.8,loc_vellore,12.9165,79.1325,ECMWF_ERA5_Reanalysis
2015-01-20,28.4,16.3,22.4,29.8,17.7,23.4,0.0,13.3,30.6,71,19.71,991.3,loc_vellore,12.9165,79.1325,ECMWF_ERA5_Reanalysis
2015-01-21,27.2,17.4,22.3,27.0,18.9,23.0,0.0,13.2,32.0,53,16.26,992.7,loc_vellore,12.9165,79.1325,ECMWF_ERA5_Reanalysis
2015-01-22,28.8,14.9,22.1,30.3,15.3,23.5,0.0,13.4,28.4,68,19.59,992.2,loc_vellore,12.9165,79.1325,ECMWF_ERA5_Reanalysis
2015-01-23,26.9,20.4,23.3,29.4,23.5,25.9,1.5,12.2,26.3,71,14.38,990.2,loc_vellore,12.9165,79.1325,ECMWF_ERA5_Reanalysis
2015-01-24,27.1,20.5,23.6,29.3,23.8,26.2,0.5,12.0,29.9,62,14.82,990.2,loc_vellore,12.9165,79.1325,ECMWF_ERA5_Reanalysis
2015-01-25,28.5,18.4,23.0,29.0,19.4,24.2,0.0,14.9,33.8,54,21.81,991.5,loc_vellore,12.9165,79.1325,ECMWF_ERA5_Reanalysis
2015-01-26,27.3,16.3,22.1,27.2,17.3,22.7,0.0,12.6,31.0,60,16.88,990.8,loc_vellore,12.9165,79.1325,ECMWF_ERA5_Reanalysis
2015-01-27,25.8,16.3,21.5,26.7,17.2,22.6,0.3,14.1,30.2,51,10.71,989.3,loc_vellore,12.9165,79.1325,ECMWF_ERA5_Reanalysis
2015-01-28,27.1,17.5,22.3,28.1,19.0,23.6,0.0,10.7,25.2,61,13.19,988.0,loc_vellore,12.9165,79.1325,ECMWF_ERA5_Reanalysis
2015-01-29,27.8,17.9,23.0,28.9,19.8,24.7,0.0,11.2,25.2,57,12.03,988.7,loc_vellore,12.9165,79.1325,ECMWF_ERA5_Reanalysis
2015-01-30,29.0,20.5,24.0,30.7,22.4,25.8,0.0,13.2,31.0,61,17.14,990.3,loc_vellore,12.9165,79.1325,ECMWF_ERA5_Reanalysis
2015-01-31,29.8,17.3,23.3,30.5,18.8,24.4,0.0,15.8,36.4,61,20.04,990.5,loc_vellore,12.9165,79.1325,ECMWF_ERA5_Reanalysis
2015-02-01,29.4,17.5,23.2,29.6,19.3,24.5,0.0,12.7,30.2,69,17.9,990.4,loc_vellore,12.9165,79.1325,ECMWF_ERA5_Reanalysis
2015-02-02,29.6,18.6,23.4,29.9,21.1,24.6,0.0,15.4,35.6,69,19.37,991.5,loc_vellore,12.9165,79.1325,ECMWF_ERA5_Reanalysis
2015-02-03,29.3,17.5,23.0,29.4,19.2,23.8,0.0,13.5,31.7,49,18.02,992.9,loc_vellore,12.9165,79.1325,ECMWF_ERA5_Reanalysis
2015-02-04,29.2,17.3,23.0,30.0,18.6,24.1,0.0,13.7,31.7,47,20.99,992.3,loc_vellore,12.9165,79.1325,ECMWF_ERA5_Reanalysis
2015-02-05,29.8,16.6,23.0,30.6,18.0,24.0,0.0,11.6,28.8,53,21.47,990.7,loc_vellore,12.9165,79.1325,ECMWF_ERA5_Reanalysis
2015-02-06,29.4,16.0,23.0,30.5,17.0,24.2,0.0,12.3,28.1,76,20.88,990.4,loc_vellore,12.9165,79.1325,ECMWF_ERA5_Reanalysis
2015-02-07,30.0,16.8,23.4,31.5,18.4,24.7,0.0,13.0,28.4,72,22.55,990.0,loc_vellore,12.9165,79.1325,ECMWF_ERA5_Reanalysis
2015-02-08,30.3,18.5,23.6,31.5,20.7,25.1,0.0,13.8,28.8,76,22.17,989.4,loc_vellore,12.9165,79.1325,ECMWF_ERA5_Reanalysis
2015-02-09,29.7,17.8,23.2,30.5,19.6,24.2,0.0,13.4,30.2,67,20.7,989.6,loc_vellore,12.9165,79.1325,ECMWF_ERA5_Reanalysis
2015-02-10,29.6,16.5,22.9,30.2,17.4,23.7,0.0,13.4,29.2,49,18.61,990.2,loc_vellore,12.9165,79.1325,ECMWF_ERA5_Reanalysis
2015-02-11,30.4,17.2,23.7,32.1,18.5,25.2,0.0,15.9,33.1,58,18.64,989.2,loc_vellore,12.9165,79.1325,ECMWF_ERA5_Reanalysis
2015-02-12,31.3,20.7,25.0,33.4,23.8,27.2,0.0,15.3,29.5,63,19.78,988.6,loc_vellore,12.9165,79.1325,ECMWF_ERA5_Reanalysis
2015-02-13,32.6,18.5,25.4,35.2,20.6,27.4,0.0,15.5,28.8,89,23.48,988.4,loc_vellore,12.9165,79.1325,ECMWF_ERA5_Reanalysis
2015-02-14,33.6,18.8,26.2,35.2,21.3,28.1,0.0,15.8,32.8,123,23.7,987.3,loc_vellore,12.9165,79.1325,ECMWF_ERA5_Reanalysis
2015-02-15,33.2,18.1,25.8,34.5,19.7,26.8,0.0,13.9,25.2,131,23.91,987.5,loc_vellore,12.9165,79.1325,ECMWF_ERA5_Reanalysis
2015-02-16,32.5,20.8,25.7,33.9,23.4,27.1,0.0,12.8,28.1,123,23.13,988.7,loc_vellore,12.9165,79.1325,ECMWF_ERA5_Reanalysis
2015-02-17,32.9,16.3,25.2,33.5,17.5,26.1,0.0,11.6,24.5,125,24.5,988.3,loc_vellore,12.9165,79.1325,ECMWF_ERA5_Reanalysis
2015-02-18,32.7,17.0,25.3,33.2,18.7,26.3,0.0,14.0,31.0,149,24.42,987.6,loc_vellore,12.9165,79.1325,ECMWF_ERA5_Reanalysis
2015-02-19,32.6,17.0,24.9,33.0,18.5,25.6,0.0,12.4,29.2,143,24.38,987.4,loc_vellore,12.9165,79.1325,ECMWF_ERA5_Reanalysis
2015-02-20,32.3,18.9,24.6,32.8,21.3,25.9,0.0,14.9,33.5,111,23.59,988.3,loc_vellore,12.9165,79.1325,ECMWF_ERA5_Reanalysis
2015-02-21,31.5,19.1,24.5,32.1,20.9,25.5,0.0,13.7,31.7,79,23.89,988.6,loc_vellore,12.9165,79.1325,ECMWF_ERA5_Reanalysis
2015-02-22,32.3,16.4,24.8,32.1,17.4,24.9,0.0,16.7,37.1,72,24.53,989.1,loc_vellore,12.9165,79.1325,ECMWF_ERA5_Reanalysis
2015-02-23,32.6,15.9,24.8,32.0,16.4,24.6,0.0,13.4,32.0,91,25.28,989.2,loc_vellore,12.9165,79.1325,ECMWF_ERA5_Reanalysis
2015-02-24,32.5,15.2,24.6,32.1,15.7,24.6,0.0,12.3,28.4,97,25.49,988.2,loc_vellore,12.9165,79.1325,ECMWF_ERA5_Reanalysis
2015-02-25,32.8,15.6,24.8,32.7,16.4,25.1,0.0,13.4,24.1,113,25.38,986.7,loc_vellore,12.9165,79.1325,ECMWF_ERA5_Reanalysis
2015-02-26,33.0,19.3,25.7,35.5,21.3,27.7,0.0,15.8,32.8,121,23.6,985.6,loc_vellore,12.9165,79.1325,ECMWF_ERA5_Reanalysis
2015-02-27,33.4,23.0,27.3,36.9,26.9,30.5,0.0,17.3,36.4,141,20.74,985.7,loc_vellore,12.9165,79.1325,ECMWF_ERA5_Reanalysis
2015-02-28,33.3,23.8,27.1,36.0,27.7,30.3,0.5,18.4,38.9,141,19.73,986.1,loc_vellore,12.9165,79.1325,ECMWF_ERA5_Reanalysis
2015-03-01,33.1,23.4,27.1,34.9,27.1,29.5,0.9,17.4,36.7,150,19.54,986.4,loc_vellore,12.9165,79.1325,ECMWF_ERA5_Reanalysis
2015-03-02,32.6,23.5,27.2,36.6,27.6,30.4,0.4,16.4,31.3,143,19.75,987.6,loc_vellore,12.9165,79.1325,ECMWF_ERA5_Reanalysis
2015-03-03,32.6,23.7,26.9,36.7,28.1,30.8,1.5,11.0,28.4,135,18.96,987.3,loc_vellore,12.9165,79.1325,ECMWF_ERA5_Reanalysis
2015-03-04,31.9,22.7,26.9,35.6,26.9,30.8,3.8,10.5,23.8,154,17.61,986.8,loc_vellore,12.9165,79.1325,ECMWF_ERA5_Reanalysis
2015-03-05,34.5,22.4,27.7,37.4,26.4,31.1,0.2,17.5,37.8,128,23.18,987.6,loc_vellore,12.9165,79.1325,ECMWF_ERA5_Reanalysis
2015-03-06,33.4,23.7,27.4,38.2,28.9,31.7,0.8,12.4,30.2,120,19.81,988.9,loc_vellore,12.9165,79.1325,ECMWF_ERA5_Reanalysis
2015-03-07,33.2,23.3,27.6,37.2,28.3,31.1,0.0,16.5,33.1,117,21.74,988.6,loc_vellore,12.9165,79.1325,ECMWF_ERA5_Reanalysis
2015-03-08,32.7,23.3,27.0,35.4,27.5,30.0,0.4,14.6,34.2,134,21.22,989.3,loc_vellore,12.9165,79.1325,ECMWF_ERA5_Reanalysis
2015-03-09,32.2,22.5,26.9,34.3,26.2,29.6,0.0,13.4,28.4,109,21.17,990.2,loc_vellore,12.9165,79.1325,ECMWF_ERA5_Reanalysis
2015-03-10,33.4,21.7,26.8,33.6,23.1,28.4,0.0,16.5,37.4,69,24.94,990.1,loc_vellore,12.9165,79.1325,ECMWF_ERA5_Reanalysis
2015-03-11,33.0,19.0,26.0,34.9,20.7,27.5,0.0,13.9,32.0,76,24.02,989.7,loc_vellore,12.9165,79.1325,ECMWF_ERA5_Reanalysis
2015-03-12,33.3,20.3,26.7,34.4,23.0,28.5,0.0,15.5,36.7,76,21.37,989.7,loc_vellore,12.9165,79.1325,ECMWF_ERA5_Reanalysis
2015-03-13,33.8,20.7,26.9,35.4,24.3,29.1,0.0,15.3,34.6,107,23.99,989.3,loc_vellore,12.9165,79.1325,ECMWF_ERA5_Reanalysis
2015-03-14,33.9,20.8,26.6,35.9,24.4,28.9,0.0,15.8,33.8,132,23.73,989.9,loc_vellore,12.9165,79.1325,ECMWF_ERA5_Reanalysis
2015-03-15,33.0,23.0,27.3,36.3,26.5,30.2,0.4,15.5,32.4,135,19.49,989.8,loc_vellore,12.9165,79.1325,ECMWF_ERA5_Reanalysis
2015-03-16,34.9,23.1,27.7,36.3,26.0,30.1,0.0,17.2,35.3,133,23.97,989.8,loc_vellore,12.9165,79.1325,ECMWF_ERA5_Reanalysis
2015-03-17,35.0,19.6,27.0,35.5,22.2,28.5,0.0,14.8,32.4,138,26.1,988.7,loc_vellore,12.9165,79.1325,ECMWF_ERA5_Reanalysis
2015-03-18,36.9,17.5,27.9,36.5,18.7,28.1,0.0,12.0,28.4,161,26.94,986.6,loc_vellore,12.9165,79.1325,ECMWF_ERA5_Reanalysis
2015-03-19,36.9,18.9,28.3,36.5,19.6,28.7,0.0,14.9,33.1,137,26.01,987.1,loc_vellore,12.9165,79.1325,ECMWF_ERA5_Reanalysis
2015-03-20,35.4,21.6,27.7,36.3,25.2,29.7,0.0,15.7,34.2,120,25.65,988.5,loc_vellore,12.9165,79.1325,ECMWF_ERA5_Reanalysis
2015-03-21,36.6,19.1,28.4,36.5,21.5,29.4,0.0,13.3,32.0,120,26.86,989.1,loc_vellore,12.9165,79.1325,ECMWF_ERA5_Reanalysis
2015-03-22,37.9,19.1,29.2,38.6,20.3,30.0,0.0,14.3,31.7,125,26.71,987.8,loc_vellore,12.9165,79.1325,ECMWF_ERA5_Reanalysis
2015-03-23,37.6,21.7,29.8,39.4,23.7,31.4,0.0,13.9,29.5,144,25.47,986.1,loc_vellore,12.9165,79.1325,ECMWF_ERA5_Reanalysis
2015-03-24,37.9,21.5,29.6,38.8,24.6,31.7,0.0,15.0,34.6,138,26.26,985.6,loc_vellore,12.9165,79.1325,ECMWF_ERA5_Reanalysis
2015-03-25,35.8,22.3,28.4,37.8,26.5,30.9,0.0,13.4,33.1,136,23.9,986.6,loc_vellore,12.9165,79.1325,ECMWF_ERA5_Reanalysis
2015-03-26,34.8,21.7,27.5,37.0,25.4,30.1,0.0,14.2,33.8,119,24.22,988.5,loc_vellore,12.9165,79.1325,ECMWF_ERA5_Reanalysis
2015-03-27,35.2,21.6,27.8,37.1,25.4,30.2,0.0,14.3,29.9,104,25.33,989.0,loc_vellore,12.9165,79.1325,ECMWF_ERA5_Reanalysis
2015-03-28,35.3,21.4,28.1,37.5,25.0,30.9,0.0,16.0,30.6,126,24.75,987.7,loc_vellore,12.9165,79.1325,ECMWF_ERA5_Reanalysis
2015-03-29,35.7,23.4,28.6,38.1,28.3,31.6,0.0,14.6,29.9,137,25.08,986.4,loc_vellore,12.9165,79.1325,ECMWF_ERA5_Reanalysis
2015-03-30,35.7,23.5,28.7,38.1,27.9,31.7,0.0,16.5,34.6,146,24.11,986.2,loc_vellore,12.9165,79.1325,ECMWF_ERA5_Reanalysis
2015-03-31,35.5,24.2,28.8,38.7,29.3,32.5,0.4,15.9,34.2,130,22.27,986.5,loc_vellore,12.9165,79.1325,ECMWF_ERA5_Reanalysis
2015-04-01,35.5,25.1,29.2,38.7,30.2,32.9,0.6,15.6,33.8,140,21.67,986.1,loc_vellore,12.9165,79.1325,ECMWF_ERA5_Reanalysis
2015-04-02,36.8,25.4,30.3,39.7,29.5,33.4,0.0,16.3,33.1,162,22.86,985.0,loc_vellore,12.9165,79.1325,ECMWF_ERA5_Reanalysis
2015-04-03,38.3,24.7,31.6,42.3,29.1,34.9,0.0,12.2,29.9,167,22.99,983.0,loc_vellore,12.9165,79.1325,ECMWF_ERA5_Reanalysis
2015-04-04,38.9,25.5,31.7,42.3,30.2,35.2,0.0,13.9,25.9,152,22.82,981.3,loc_vellore,12.9165,79.1325,ECMWF_ERA5_Reanalysis
2015-04-05,38.4,25.4,31.3,41.4,29.9,34.6,0.2,17.3,34.9,150,23.44,982.2,loc_vellore,12.9165,79.1325,ECMWF_ERA5_Reanalysis
2015-04-06,38.0,25.9,30.6,40.0,30.6,33.9,0.0,17.1,37.1,153,24.73,983.0,loc_vellore,12.9165,79.1325,ECMWF_ERA5_Reanalysis
2015-04-07,37.6,26.0,30.6,39.6,30.6,33.8,0.0,17.9,36.4,148,25.02,983.8,loc_vellore,12.9165,79.1325,ECMWF_ERA5_Reanalysis
2015-04-08,36.4,25.7,29.7,38.5,30.1,32.9,0.0,16.6,35.3,147,23.7,985.4,loc_vellore,12.9165,79.1325,ECMWF_ERA5_Reanalysis
2015-04-09,35.9,25.0,29.4,39.5,29.7,33.0,1.1,14.8,32.8,143,23.26,986.1,loc_vellore,12.9165,79.1325,ECMWF_ERA5_Reanalysis
2015-04-10,36.5,25.5,29.8,39.6,29.4,32.7,0.0,17.8,33.8,150,23.95,986.3,loc_vellore,12.9165,79.1325,ECMWF_ERA5_Reanalysis
2015-04-11,37.3,24.1,29.9,39.9,28.2,32.6,0.0,19.4,35.6,150,25.63,986.4,loc_vellore,12.9165,79.1325,ECMWF_ERA5_Reanalysis
2015-04-12,35.0,23.7,28.7,39.3,28.3,32.7,8.8,13.8,37.1,140,21.55,987.9,loc_vellore,12.9165,79.1325,ECMWF_ERA5_Reanalysis
2015-04-13,31.3,23.1,26.3,33.4,26.7,29.4,7.6,9.7,26.3,179,11.57,987.9,loc_vellore,12.9165,79.1325,ECMWF_ERA5_Reanalysis
2015-04-14,32.7,22.8,26.8,36.6,25.6,29.9,2.5,13.5,28.8,148,22.79,986.4,loc_vellore,12.9165,79.1325,ECMWF_ERA5_Reanalysis
2015-04-15,29.9,22.6,25.3,33.6,26.3,29.2,12.7,14.4,29.9,111,16.82,987.0,loc_vellore,12.9165,79.1325,ECMWF_ERA5_Reanalysis
2015-04-16,31.9,23.1,26.7,37.6,27.7,31.2,1.2,12.0,28.4,94,20.87,987.7,loc_vellore,12.9165,79.1325,ECMWF_ERA5_Reanalysis
2015-04-17,33.6,24.1,27.5,39.1,28.8,32.0,1.2,8.7,24.5,64,21.29,986.2,loc_vellore,12.9165,79.1325,ECMWF_ERA5_Reanalysis
2015-04-18,34.0,23.5,28.5,38.8,27.9,32.5,0.3,9.6,24.8,102,24.37,984.3,loc_vellore,12.9165,79.1325,ECMWF_ERA5_Reanalysis
2015-04-19,35.0,24.4,29.2,39.3,29.3,33.1,0.0,13.1,27.4,123,25.73,984.4,loc_vellore,12.9165,79.1325,ECMWF_ERA5_Reanalysis
2015-04-20,35.0,23.7,28.9,38.6,28.1,32.7,0.0,14.8,29.2,132,24.1,985.9,loc_vellore,12.9165,79.1325,ECMWF_ERA5_Reanalysis
2015-04-21,34.6,24.5,28.2,39.7,29.2,32.7,2.1,13.0,35.3,154,20.48,986.0,loc_vellore,12.9165,79.1325,ECMWF_ERA5_Reanalysis
2015-04-22,36.3,24.2,29.4,40.7,29.1,33.7,0.3,12.4,34.6,173,24.9,984.7,loc_vellore,12.9165,79.1325,ECMWF_ERA5_Reanalysis
2015-04-23,37.2,25.2,30.2,42.7,30.1,34.7,2.0,12.9,37.1,174,24.44,984.6,loc_vellore,12.9165,79.1325,ECMWF_ERA5_Reanalysis
2015-04-24,35.9,25.2,29.0,42.2,30.8,34.3,22.2,8.3,20.5,253,23.9,985.5,loc_vellore,12.9165,79.1325,ECMWF_ERA5_Reanalysis
2015-04-25,34.4,24.2,28.1,40.1,28.9,33.2,9.3,10.0,26.6,194,22.07,984.8,loc_vellore,12.9165,79.1325,ECMWF_ERA5_Reanalysis
2015-04-26,33.4,24.7,28.6,38.9,29.5,33.0,0.2,10.2,25.9,143,23.05,985.4,loc_vellore,12.9165,79.1325,ECMWF_ERA5_Reanalysis
2015-04-27,33.9,24.4,28.5,38.3,30.0,32.9,0.4,12.8,24.8,144,22.92,986.4,loc_vellore,12.9165,79.1325,ECMWF_ERA5_Reanalysis
2015-04-28,35.9,23.4,29.5,40.3,27.8,33.3,0.0,12.2,24.8,168,26.1,985.6,loc_vellore,12.9165,79.1325,ECMWF_ERA5_Reanalysis
2015-04-29,37.3,23.9,30.4,41.9,28.3,34.3,0.0,12.6,27.7,163,25.55,984.9,loc_vellore,12.9165,79.1325,ECMWF_ERA5_Reanalysis
2015-04-30,37.4,25.3,30.9,43.2,30.2,35.2,0.3,12.6,22.3,177,24.6,985.1,loc_vellore,12.9165,79.1325,ECMWF_ERA5_Reanalysis
2015-05-01,37.8,25.2,31.3,43.1,29.8,35.2,0.0,13.9,28.8,169,24.88,984.2,loc_vellore,12.9165,79.1325,ECMWF_ERA5_Reanalysis
2015-05-02,38.2,26.0,31.8,43.5,30.8,35.8,0.0,9.9,34.2,192,24.26,983.9,loc_vellore,12.9165,79.1325,ECMWF_ERA5_Reanalysis
2015-05-03,37.8,25.2,31.0,42.6,29.9,35.2,0.0,14.6,31.3,147,25.53,983.9,loc_vellore,12.9165,79.1325,ECMWF_ERA5_Reanalysis
2015-05-04,36.6,25.5,30.2,40.5,30.8,34.3,0.3,17.8,38.5,136,24.52,984.7,loc_vellore,12.9165,79.1325,ECMWF_ERA5_Reanalysis
2015-05-05,35.6,25.7,30.1,38.9,31.3,33.9,0.0,12.6,31.0,131,23.97,984.4,loc_vellore,12.9165,79.1325,ECMWF_ERA5_Reanalysis
2015-05-06,36.2,24.9,30.1,40.9,29.8,34.1,0.4,15.2,34.9,138,23.6,983.4,loc_vellore,12.9165,79.1325,ECMWF_ERA5_Reanalysis
2015-05-07,36.5,25.6,30.6,41.7,30.7,34.9,0.6,16.2,35.6,139,23.84,984.3,loc_vellore,12.9165,79.1325,ECMWF_ERA5_Reanalysis
2015-05-08,38.5,26.4,31.7,42.7,31.5,36.0,0.4,14.9,31.0,142,24.9,983.2,loc_vellore,12.9165,79.1325,ECMWF_ERA5_Reanalysis
2015-05-09,38.5,26.6,32.2,42.3,32.2,36.2,0.0,15.9,34.2,147,24.33,981.8,loc_vellore,12.9165,79.1325,ECMWF_ERA5_Reanalysis
2015-05-10,38.1,27.5,32.0,42.4,32.6,35.8,0.2,13.8,33.8,134,21.47,982.1,loc_vellore,12.9165,79.1325,ECMWF_ERA5_Reanalysis
2015-05-11,35.7,26.8,30.7,39.5,31.8,34.4,0.1,14.0,30.6,160,17.26,983.8,loc_vellore,12.9165,79.1325,ECMWF_ERA5_Reanalysis
2015-05-12,35.9,27.5,30.6,38.8,31.5,34.3,0.2,14.8,35.3,134,20.3,983.9,loc_vellore,12.9165,79.1325,ECMWF_ERA5_Reanalysis
2015-05-13,32.6,24.5,27.0,37.3,29.7,32.0,6.7,10.7,29.5,128,10.38,983.6,loc_vellore,12.9165,79.1325,ECMWF_ERA5_Reanalysis
2015-05-14,30.8,23.8,25.9,35.3,28.7,30.8,9.9,17.5,38.2,97,11.97,983.8,loc_vellore,12.9165,79.1325,ECMWF_ERA5_Reanalysis
2015-05-15,31.1,24.6,27.0,36.1,30.0,32.3,5.2,10.3,24.1,122,13.61,984.1,loc_vellore,12.9165,79.1325,ECMWF_ERA5_Reanalysis
2015-05-16,31.4,24.6,26.7,37.1,30.1,31.9,11.9,14.1,28.4,110,13.57,982.6,loc_vellore,12.9165,79.1325,ECMWF_ERA5_Reanalysis
2015-05-17,32.1,24.6,27.4,38.8,29.8,33.0,10.6,7.6,22.3,189,18.03,981.1,loc_vellore,12.9165,79.1325,ECMWF_ERA5_Reanalysis
2015-05-18,33.9,24.6,28.9,40.5,29.3,33.9,0.0,9.3,24.1,220,19.83,981.0,loc_vellore,12.9165,79.1325,ECMWF_ERA5_Reanalysis
2015-05-19,36.3,24.8,30.0,43.0,28.9,34.8,0.0,14.4,27.4,248,24.74,981.3,loc_vellore,12.9165,79.1325,ECMWF_ERA5_Reanalysis
2015-05-20,37.9,25.7,31.5,44.1,29.6,36.2,0.0,12.6,25.6,249,25.64,981.2,loc_vellore,12.9165,79.1325,ECMWF_ERA5_Reanalysis
2015-05-21,38.3,27.4,32.7,43.0,31.6,36.7,0.6,14.1,32.4,246,25.23,981.2,loc_vellore,12.9165,79.1325,ECMWF_ERA5_Reanalysis
2015-05-22,38.7,28.0,32.9,44.2,31.7,36.8,0.2,14.2,33.8,251,24.16,981.3,loc_vellore,12.9165,79.1325,ECMWF_ERA5_Reanalysis
2015-05-23,38.6,28.1,32.3,42.6,31.7,35.7,1.9,15.6,36.7,261,23.82,981.3,loc_vellore,12.9165,79.1325,ECMWF_ERA5_Reanalysis
2015-05-24,39.4,28.0,33.0,43.0,30.9,35.8,0.3,16.2,36.7,268,24.66,981.6,loc_vellore,12.9165,79.1325,ECMWF_ERA5_Reanalysis
2015-05-25,39.4,28.0,33.4,41.4,30.2,35.0,0.0,19.2,40.7,277,24.44,981.5,loc_vellore,12.9165,79.1325,ECMWF_ERA5_Reanalysis
2015-05-26,39.5,27.6,33.0,42.9,29.9,35.1,2.3,17.7,39.6,271,24.82,981.8,loc_vellore,12.9165,79.1325,ECMWF_ERA5_Reanalysis
2015-05-27,39.1,27.6,31.7,41.6,30.7,34.4,2.2,19.2,42.5,259,22.23,981.9,loc_vellore,12.9165,79.1325,ECMWF_ERA5_Reanalysis
2015-05-28,37.0,25.6,31.1,40.9,29.4,34.5,0.5,18.0,39.6,267,22.14,980.6,loc_vellore,12.9165,79.1325,ECMWF_ERA5_Reanalysis
2015-05-29,38.1,27.3,31.0,43.6,30.9,35.3,5.7,12.5,36.7,256,24.16,980.7,loc_vellore,12.9165,79.1325,ECMWF_ERA5_Reanalysis
2015-05-30,37.5,26.8,31.3,43.6,30.5,35.7,0.0,14.8,32.0,279,24.88,981.5,loc_vellore,12.9165,79.1325,ECMWF_ERA5_Reanalysis
2015-05-31,38.1,26.5,31.0,44.4,31.0,35.6,0.8,13.4,31.7,234,24.52,980.6,loc_vellore,12.9165,79.1325,ECMWF_ERA5_Reanalysis
2015-06-01,34.4,26.7,29.0,39.8,30.4,33.7,6.8,12.7,29.5,278,16.38,981.0,loc_vellore,12.9165,79.1325,ECMWF_ERA5_Reanalysis
2015-06-02,35.2,25.8,28.7,40.6,30.3,33.7,10.5,10.6,29.5,266,20.24,982.1,loc_vellore,12.9165,79.1325,ECMWF_ERA5_Reanalysis
2015-06-03,34.7,25.5,29.8,39.7,30.0,34.3,0.2,9.0,19.1,218,19.18,981.4,loc_vellore,12.9165,79.1325,ECMWF_ERA5_Reanalysis
2015-06-04,34.4,26.3,29.9,40.4,31.1,34.8,0.4,11.6,24.1,163,21.96,981.8,loc_vellore,12.9165,79.1325,ECMWF_ERA5_Reanalysis
2015-06-05,36.0,25.4,29.2,42.4,29.9,34.4,6.6,8.7,26.3,230,23.97,982.6,loc_vellore,12.9165,79.1325,ECMWF_ERA5_Reanalysis
2015-06-06,35.2,25.1,29.4,39.9,29.9,34.3,3.4,9.0,24.1,269,19.96,982.1,loc_vellore,12.9165,79.1325,ECMWF_ERA5_Reanalysis
2015-06-07,35.8,26.1,30.5,40.1,31.6,35.1,0.1,10.7,34.9,206,23.1,981.5,loc_vellore,12.9165,79.1325,ECMWF_ERA5_Reanalysis
2015-06-08,35.2,25.5,29.5,40.1,29.8,34.3,4.4,7.1,34.2,230,22.99,982.1,loc_vellore,12.9165,79.1325,ECMWF_ERA5_Reanalysis
2015-06-09,35.7,25.6,29.3,41.5,29.2,33.8,2.7,12.3,28.8,275,21.63,982.9,loc_vellore,12.9165,79.1325,ECMWF_ERA5_Reanalysis
2015-06-10,36.4,26.2,29.5,41.4,30.2,34.1,8.7,13.0,39.2,252,22.41,981.7,loc_vellore,12.9165,79.1325,ECMWF_ERA5_Reanalysis
2015-06-11,36.1,25.7,29.8,41.1,30.2,33.9,15.7,13.3,34.2,259,23.04,981.2,loc_vellore,12.9165,79.1325,ECMWF_ERA5_Reanalysis
2015-06-12,33.0,25.2,28.0,38.8,28.4,32.6,17.8,12.7,28.1,273,18.62,982.1,loc_vellore,12.9165,79.1325,ECMWF_ERA5_Reanalysis
2015-06-13,33.3,25.3,28.7,37.6,28.8,32.9,3.6,12.1,31.7,247,21.11,981.2,loc_vellore,12.9165,79.1325,ECMWF_ERA5_Reanalysis
2015-06-14,33.8,25.6,28.9,36.8,27.9,31.6,4.4,15.8,40.0,273,20.55,980.6,loc_vellore,12.9165,79.1325,ECMWF_ERA5_Reanalysis
2015-06-15,34.3,24.9,29.1,36.9,26.8,31.7,0.1,19.7,48.2,277,21.11,980.1,loc_vellore,12.9165,79.1325,ECMWF_ERA5_Reanalysis
2015-06-16,31.2,25.2,27.9,33.3,28.8,30.6,4.4,17.2,49.0,272,9.37,980.0,loc_vellore,12.9165,79.1325,ECMWF_ERA5_Reanalysis
2015-06-17,28.0,24.0,26.5,32.8,27.1,30.0,4.0,15.6,32.4,251,4.98,978.9,loc_vellore,12.9165,79.1325,ECMWF_ERA5_Reanalysis
2015-06-18,28.9,25.3,27.0,31.9,28.0,29.8,1.8,14.1,32.0,265,5.57,979.3,loc_vellore,12.9165,79.1325,ECMWF_ERA5_Reanalysis
2015-06-19,30.4,25.6,27.5,32.4,28.1,29.8,0.6,21.3,39.2,266,6.35,979.1,loc_vellore,12.9165,79.1325,ECMWF_ERA5_Reanalysis
2015-06-20,30.8,26.0,27.9,32.3,27.5,29.1,0.3,19.7,44.3,260,7.51,978.5,loc_vellore,12.9165,79.1325,ECMWF_ERA5_Reanalysis
2015-06-21,32.9,27.3,29.4,33.7,28.0,30.2,0.2,31.5,65.2,253,16.59,979.0,loc_vellore,12.9165,79.1325,ECMWF_ERA5_Reanalysis
2015-06-22,33.9,27.0,29.7,34.0,28.5,30.8,0.0,30.9,63.0,251,16.84,980.1,loc_vellore,12.9165,79.1325,ECMWF_ERA5_Reanalysis
2015-06-23,34.1,26.3,29.8,35.0,28.7,31.7,0.0,24.9,54.0,244,18.12,981.4,loc_vellore,12.9165,79.1325,ECMWF_ERA5_Reanalysis
2015-06-24,34.4,26.4,30.2,35.6,28.8,31.8,0.0,25.7,54.4,250,19.57,982.2,loc_vellore,12.9165,79.1325,ECMWF_ERA5_Reanalysis
2015-06-25,34.2,26.8,30.1,34.3,28.6,31.3,0.0,28.0,55.8,257,12.41,981.7,loc_vellore,12.9165,79.1325,ECMWF_ERA5_Reanalysis
2015-06-26,34.4,27.5,30.3,35.2,29.7,31.9,1.3,24.3,54.0,261,13.19,980.9,loc_vellore,12.9165,79.1325,ECMWF_ERA5_Reanalysis
2015-06-27,33.5,26.9,30.1,34.9,29.0,31.8,0.0,24.9,53.6,264,12.54,981.1,loc_vellore,12.9165,79.1325,ECMWF_ERA5_Reanalysis
2015-06-28,35.7,26.5,30.6,37.8,28.2,32.5,0.2,25.5,53.6,276,22.21,982.8,loc_vellore,12.9165,79.1325,ECMWF_ERA5_Reanalysis
2015-06-29,35.7,26.0,30.2,38.8,28.3,32.8,0.1,15.8,39.2,271,22.45,984.1,loc_vellore,12.9165,79.1325,ECMWF_ERA5_Reanalysis
2015-06-30,35.2,26.1,30.5,37.6,28.8,33.2,0.4,14.7,40.3,270,21.34,983.9,loc_vellore,12.9165,79.1325,ECMWF_ERA5_Reanalysis
2015-07-01,35.7,26.0,30.6,38.0,28.4,33.2,0.0,15.5,33.8,265,21.82,984.3,loc_vellore,12.9165,79.1325,ECMWF_ERA5_Reanalysis
2015-07-02,36.3,25.9,31.2,38.8,28.7,33.5,0.0,14.0,38.5,270,24.19,984.5,loc_vellore,12.9165,79.1325,ECMWF_ERA5_Reanalysis
2015-07-03,36.2,27.0,30.5,39.0,29.1,33.1,6.2,17.0,40.7,278,19.77,984.2,loc_vellore,12.9165,79.1325,ECMWF_ERA5_Reanalysis
2015-07-04,37.7,26.9,31.8,39.8,28.6,33.3,0.0,20.1,46.4,283,24.18,983.4,loc_vellore,12.9165,79.1325,ECMWF_ERA5_Reanalysis
2015-07-05,37.8,26.5,32.0,39.3,27.0,32.6,0.0,23.3,51.1,288,25.48,981.7,loc_vellore,12.9165,79.1325,ECMWF_ERA5_Reanalysis
2015-07-06,37.6,26.1,31.9,37.9,26.2,31.8,0.0,24.1,50.4,287,25.38,981.0,loc_vellore,12.9165,79.1325,ECMWF_ERA5_Reanalysis
2015-07-07,36.2,25.4,31.2,36.5,25.4,31.1,0.0,23.2,50.0,285,22.94,980.6,loc_vellore,12.9165,79.1325,ECMWF_ERA5_Reanalysis
2015-07-08,37.1,26.7,31.4,38.5,27.9,32.5,0.0,21.8,55.1,281,22.46,981.3,loc_vellore,12.9165,79.1325,ECMWF_ERA5_Reanalysis
2015-07-09,36.5,26.9,31.3,37.7,28.3,32.4,0.2,23.5,52.6,280,20.72,981.7,loc_vellore,12.9165,79.1325,ECMWF_ERA5_Reanalysis
2015-07-10,35.7,27.6,31.0,37.7,29.2,32.5,5.4,21.4,56.2,275,18.03,980.2,loc_vellore,12.9165,79.1325,ECMWF_ERA5_Reanalysis
2015-07-11,35.6,27.1,30.7,36.4,28.5,31.9,0.1,24.4,53.6,277,16.72,980.9,loc_vellore,12.9165,79.1325,ECMWF_ERA5_Reanalysis
2015-07-12,37.0,26.6,31.5,38.1,28.3,32.9,0.0,22.3,51.5,290,22.44,981.2,loc_vellore,12.9165,79.1325,ECMWF_ERA5_Reanalysis
2015-07-13,37.1,26.7,31.5,40.2,28.9,34.2,0.8,18.3,45.0,288,22.84,980.6,loc_vellore,12.9165,79.1325,ECMWF_ERA5_Reanalysis
2015-07-14,35.8,27.4,31.4,38.8,30.8,34.2,2.7,12.4,38.5,282,18.72,979.9,loc_vellore,12.9165,79.1325,ECMWF_ERA5_Reanalysis
2015-07-15,34.3,25.8,29.6,36.3,29.8,32.9,4.0,17.4,48.6,281,16.3,979.1,loc_vellore,12.9165,79.1325,ECMWF_ERA5_Reanalysis
2015-07-16,36.1,26.5,30.6,37.8,28.6,32.7,0.0,19.8,52.2,280,19.59,978.1,loc_vellore,12.9165,79.1325,ECMWF_ERA5_Reanalysis
2015-07-17,35.1,26.2,30.2,36.1,28.1,32.1,1.6,21.0,51.8,268,18.76,978.8,loc_vellore,12.9165,79.1325,ECMWF_ERA5_Reanalysis
2015-07-18,36.0,27.0,30.2,37.3,29.1,31.9,0.2,23.9,57.6,274,18.97,980.0,loc_vellore,12.9165,79.1325,ECMWF_ERA5_Reanalysis
2015-07-19,35.7,27.4,30.1,37.4,28.6,31.0,4.5,26.7,64.1,275,18.15,980.4,loc_vellore,12.9165,79.1325,ECMWF_ERA5_Reanalysis
2015-07-20,34.2,26.7,29.0,35.7,27.6,30.5,2.7,21.2,46.8,273,12.3,979.7,loc_vellore,12.9165,79.1325,ECMWF_ERA5_Reanalysis
2015-07-21,35.3,26.2,29.8,37.2,28.0,32.1,2.2,20.2,47.2,271,18.21,979.9,loc_vellore,12.9165,79.1325,ECMWF_ERA5_Reanalysis
2015-07-22,35.2,25.7,29.2,38.1,27.9,32.1,8.1,17.9,42.8,264,18.39,980.7,loc_vellore,12.9165,79.1325,ECMWF_ERA5_Reanalysis
2015-07-23,35.8,25.7,29.3,39.4,28.7,32.4,2.5,14.4,37.1,242,21.12,982.1,loc_vellore,12.9165,79.1325,ECMWF_ERA5_Reanalysis
2015-07-24,32.5,25.1,28.8,35.2,29.1,32.1,0.6,18.1,47.2,248,15.8,983.2,loc_vellore,12.9165,79.1325,ECMWF_ERA5_Reanalysis
2015-07-25,34.5,25.4,28.4,36.9,27.7,30.9,1.3,17.2,44.6,264,16.04,983.0,loc_vellore,12.9165,79.1325,ECMWF_ERA5_Reanalysis
2015-07-26,34.4,24.2,28.5,36.2,27.3,30.9,2.1,16.2,40.3,257,14.25,983.3,loc_vellore,12.9165,79.1325,ECMWF_ERA5_Reanalysis
2015-07-27,34.5,24.5,28.3,36.1,27.8,31.1,8.1,18.4,40.0,269,15.78,984.1,loc_vellore,12.9165,79.1325,ECMWF_ERA5_Reanalysis
2015-07-28,35.7,25.2,28.9,38.7,27.5,31.7,9.2,14.4,36.7,269,18.63,984.5,loc_vellore,12.9165,79.1325,ECMWF_ERA5_Reanalysis
2015-07-29,36.3,25.3,30.4,38.4,27.9,32.4,0.0,14.4,36.0,272,22.36,983.7,loc_vellore,12.9165,79.1325,ECMWF_ERA5_Reanalysis
2015-07-30,35.3,25.9,30.7,37.0,27.6,32.1,0.0,14.3,35.6,283,20.64,983.6,loc_vellore,12.9165,79.1325,ECMWF_ERA5_Reanalysis
2015-07-31,35.2,25.4,29.3,37.4,28.4,31.9,5.8,16.4,43.6,287,18.46,983.4,loc_vellore,12.9165,79.1325,ECMWF_ERA5_Reanalysis
2015-08-01,33.4,25.8,29.0,35.8,28.7,31.8,0.9,15.0,39.6,285,15.87,984.3,loc_vellore,12.9165,79.1325,ECMWF_ERA5_Reanalysis
2015-08-02,31.7,24.6,27.8,35.4,28.4,31.2,2.2,11.9,42.8,238,12.54,984.2,loc_vellore,12.9165,79.1325,ECMWF_ERA5_Reanalysis
2015-08-03,34.5,25.6,29.1,37.7,28.3,32.0,4.0,13.4,44.3,272,19.7,983.0,loc_vellore,12.9165,79.1325,ECMWF_ERA5_Reanalysis
2015-08-04,34.1,25.5,29.3,36.5,27.6,31.8,2.4,16.0,47.9,272,18.49,982.6,loc_vellore,12.9165,79.1325,ECMWF_ERA5_Reanalysis
2015-08-05,35.1,25.5,29.5,37.0,27.1,31.5,1.0,20.2,46.1,265,19.3,982.1,loc_vellore,12.9165,79.1325,ECMWF_ERA5_Reanalysis
2015-08-06,35.4,25.9,30.3,36.7,27.5,31.6,0.9,27.0,54.4,276,19.43,981.3,loc_vellore,12.9165,79.1325,ECMWF_ERA5_Reanalysis
2015-08-07,34.8,26.3,30.5,36.4,28.0,31.9,0.0,20.4,50.0,277,17.92,981.0,loc_vellore,12.9165,79.1325,ECMWF_ERA5_Reanalysis
2015-08-08,36.0,26.6,31.0,36.9,28.4,32.4,0.0,20.5,54.4,281,19.99,980.9,loc_vellore,12.9165,79.1325,ECMWF_ERA5_Reanalysis
2015-08-09,35.2,27.0,30.1,37.0,29.0,32.6,5.6,18.9,51.8,282,16.29,979.4,loc_vellore,12.9165,79.1325,ECMWF_ERA5_Reanalysis
2015-08-10,34.8,26.0,29.2,36.9,28.4,31.9,9.8,21.1,51.8,281,15.51,979.0,loc_vellore,12.9165,79.1325,ECMWF_ERA5_Reanalysis
2015-08-11,35.2,26.0,29.7,36.9,28.6,32.2,4.5,17.9,48.6,285,17.45,980.7,loc_vellore,12.9165,79.1325,ECMWF_ERA5_Reanalysis
2015-08-12,32.5,26.7,28.8,34.4,28.9,31.2,2.0,17.9,45.4,279,12.34,982.0,loc_vellore,12.9165,79.1325,ECMWF_ERA5_Reanalysis
2015-08-13,35.0,26.4,30.0,36.7,29.0,32.2,0.0,18.8,42.8,276,17.29,981.8,loc_vellore,12.9165,79.1325,ECMWF_ERA5_Reanalysis
2015-08-14,35.9,26.2,30.2,39.6,28.8,33.4,1.2,15.0,46.1,280,21.5,982.0,loc_vellore,12.9165,79.1325,ECMWF_ERA5_Reanalysis
2015-08-15,36.3,26.4,29.9,40.6,29.7,33.8,4.6,12.1,34.2,261,21.35,982.9,loc_vellore,12.9165,79.1325,ECMWF_ERA5_Reanalysis
2015-08-16,34.4,24.9,28.7,38.5,30.0,33.0,11.5,11.8,31.0,284,18.31,984.3,loc_vellore,12.9165,79.1325,ECMWF_ERA5_Reanalysis
2015-08-17,33.7,24.6,27.6,39.2,29.1,32.4,6.7,11.8,27.4,228,18.55,983.6,loc_vellore,12.9165,79.1325,ECMWF_ERA5_Reanalysis
2015-08-18,32.4,24.3,28.2,36.7,29.4,32.4,0.0,12.3,26.6,154,20.7,984.2,loc_vellore,12.9165,79.1325,ECMWF_ERA5_Reanalysis
2015-08-19,34.0,24.4,28.9,37.5,29.5,32.7,0.0,13.6,31.3,164,18.54,984.9,loc_vellore,12.9165,79.1325,ECMWF_ERA5_Reanalysis
2015-08-20,35.3,25.4,29.0,41.1,30.5,34.0,10.4,9.3,25.9,218,22.28,984.9,loc_vellore,12.9165,79.1325,ECMWF_ERA5_Reanalysis
2015-08-21,33.5,25.2,28.0,38.6,30.0,32.8,15.3,9.7,34.2,268,16.21,985.1,loc_vellore,12.9165,79.1325,ECMWF_ERA5_Reanalysis
2015-08-22,28.8,24.4,26.2,33.0,28.7,30.4,9.0,13.9,28.8,266,7.67,983.8,loc_vellore,12.9165,79.1325,ECMWF_ERA5_Reanalysis
2015-08-23,33.3,23.8,27.5,37.2,27.2,31.1,6.4,16.4,38.2,271,17.94,983.2,loc_vellore,12.9165,79.1325,ECMWF_ERA5_Reanalysis
2015-08-24,33.6,25.1,28.9,36.8,27.4,31.5,0.0,17.2,39.2,293,22.34,983.9,loc_vellore,12.9165,79.1325,ECMWF_ERA5_Reanalysis
2015-08-25,33.4,25.3,29.1,36.0,27.0,31.3,0.4,17.1,37.1,289,22.16,983.0,loc_vellore,12.9165,79.1325,ECMWF_ERA5_Reanalysis
2015-08-26,34.4,25.7,29.5,37.3,27.5,31.8,1.6,18.9,41.4,288,22.67,981.7,loc_vellore,12.9165,79.1325,ECMWF_ERA5_Reanalysis
2015-08-27,31.6,25.1,27.9,33.7,28.7,31.1,5.3,17.1,45.0,274,14.16,981.8,loc_vellore,12.9165,79.1325,ECMWF_ERA5_Reanalysis
2015-08-28,32.9,25.1,28.5,35.4,27.3,30.8,0.0,14.6,36.0,274,18.05,982.6,loc_vellore,12.9165,79.1325,ECMWF_ERA5_Reanalysis
2015-08-29,34.7,23.9,29.4,37.6,26.0,31.6,0.0,14.9,36.0,279,22.74,982.3,loc_vellore,12.9165,79.1325,ECMWF_ERA5_Reanalysis
2015-08-30,34.7,26.3,29.9,38.6,29.4,33.2,1.1,11.5,32.4,279,20.61,983.2,loc_vellore,12.9165,79.1325,ECMWF_ERA5_Reanalysis
2015-08-31,35.2,25.9,30.1,37.5,29.7,33.1,0.0,12.7,29.5,279,20.48,983.9,loc_vellore,12.9165,79.1325,ECMWF_ERA5_Reanalysis
2015-09-01,35.3,24.3,30.1,38.3,27.6,33.1,0.0,9.3,26.3,230,21.7,982.9,loc_vellore,12.9165,79.1325,ECMWF_ERA5_Reanalysis
2015-09-02,35.0,25.2,30.3,39.3,28.9,33.7,0.0,9.7,23.8,205,20.86,982.5,loc_vellore,12.9165,79.1325,ECMWF_ERA5_Reanalysis
2015-09-03,34.6,25.9,29.0,40.3,30.4,33.9,6.9,10.2,27.0,150,21.17,984.1,loc_vellore,12.9165,79.1325,ECMWF_ERA5_Reanalysis
2015-09-04,34.1,23.8,28.4,41.1,28.8,33.6,11.1,9.4,23.0,164,23.73,985.9,loc_vellore,12.9165,79.1325,ECMWF_ERA5_Reanalysis
2015-09-05,33.1,23.9,28.2,39.4,29.1,33.3,0.8,10.8,24.5,181,22.89,986.6,loc_vellore,12.9165,79.1325,ECMWF_ERA5_Reanalysis
2015-09-06,33.8,24.7,28.3,39.3,29.1,33.0,13.0,10.9,30.2,225,22.14,985.9,loc_vellore,12.9165,79.1325,ECMWF_ERA5_Reanalysis
2015-09-07,29.7,24.4,26.3,35.0,29.1,31.4,38.0,9.4,26.3,259,12.47,986.1,loc_vellore,12.9165,79.1325,ECMWF_ERA5_Reanalysis
2015-09-08,31.9,23.9,27.0,35.6,28.3,31.2,3.5,9.9,34.2,238,14.81,985.3,loc_vellore,12.9165,79.1325,ECMWF_ERA5_Reanalysis
2015-09-09,31.5,24.2,27.5,36.0,27.4,31.5,4.1,11.9,36.4,259,18.59,984.9,loc_vellore,12.9165,79.1325,ECMWF_ERA5_Reanalysis
2015-09-10,32.3,24.6,27.6,36.5,28.4,31.8,7.5,9.5,33.8,281,18.22,984.6,loc_vellore,12.9165,79.1325,ECMWF_ERA5_Reanalysis
2015-09-11,32.1,24.5,27.5,35.0,27.8,31.2,0.7,12.1,28.4,290,14.67,983.9,loc_vellore,12.9165,79.1325,ECMWF_ERA5_Reanalysis
2015-09-12,33.3,24.8,28.4,36.0,26.5,31.1,0.0,15.5,33.8,285,21.36,983.8,loc_vellore,12.9165,79.1325,ECMWF_ERA5_Reanalysis
2015-09-13,33.6,23.8,28.5,36.6,25.6,30.9,0.0,16.5,36.0,284,23.01,984.0,loc_vellore,12.9165,79.1325,ECMWF_ERA5_Reanalysis
2015-09-14,32.6,25.4,28.9,34.0,26.7,30.7,0.2,19.4,43.2,271,17.83,983.1,loc_vellore,12.9165,79.1325,ECMWF_ERA5_Reanalysis
2015-09-15,32.6,25.3,28.7,33.9,26.8,30.1,0.7,19.1,45.4,265,15.26,981.7,loc_vellore,12.9165,79.1325,ECMWF_ERA5_Reanalysis
2015-09-16,33.4,26.0,29.3,34.0,27.1,30.6,0.0,27.1,53.3,278,19.31,980.0,loc_vellore,12.9165,79.1325,ECMWF_ERA5_Reanalysis
2015-09-17,34.3,26.1,29.5,36.1,27.8,31.9,2.0,17.8,49.0,278,18.27,979.5,loc_vellore,12.9165,79.1325,ECMWF_ERA5_Reanalysis
2015-09-18,33.6,25.5,29.4,36.1,27.7,32.0,0.0,13.1,28.1,280,17.61,980.4,loc_vellore,12.9165,79.1325,ECMWF_ERA5_Reanalysis
2015-09-19,33.8,25.3,28.8,37.2,28.7,32.5,1.5,12.8,35.3,287,15.54,981.5,loc_vellore,12.9165,79.1325,ECMWF_ERA5_Reanalysis
2015-09-20,33.6,24.9,28.6,36.8,29.0,32.5,2.0,11.9,31.7,268,17.81,981.7,loc_vellore,12.9165,79.1325,ECMWF_ERA5_Reanalysis
2015-09-21,34.5,24.2,29.1,38.4,28.8,32.9,0.1,10.4,24.5,262,22.98,982.9,loc_vellore,12.9165,79.1325,ECMWF_ERA5_Reanalysis
2015-09-22,33.1,25.6,29.2,38.7,30.5,33.6,0.0,8.0,17.6,128,20.52,983.7,loc_vellore,12.9165,79.1325,ECMWF_ERA5_Reanalysis
2015-09-23,33.6,25.5,29.2,38.7,30.7,34.0,3.0,6.1,18.7,161,20.71,985.1,loc_vellore,12.9165,79.1325,ECMWF_ERA5_Reanalysis
2015-09-24,34.0,24.6,29.0,40.5,29.8,33.9,4.0,6.8,18.4,174,21.43,984.5,loc_vellore,12.9165,79.1325,ECMWF_ERA5_Reanalysis
2015-09-25,34.9,24.4,28.9,41.1,28.6,34.0,10.9,10.0,17.6,280,22.24,983.1,loc_vellore,12.9165,79.1325,ECMWF_ERA5_Reanalysis
2015-09-26,33.2,24.3,27.8,38.9,28.8,32.7,24.5,9.7,24.1,312,22.13,983.4,loc_vellore,12.9165,79.1325,ECMWF_ERA5_Reanalysis
2015-09-27,32.5,23.8,27.2,38.9,28.4,32.4,5.7,9.9,25.6,308,20.21,983.7,loc_vellore,12.9165,79.1325,ECMWF_ERA5_Reanalysis
2015-09-28,32.0,23.5,26.8,37.7,27.5,31.3,8.0,10.7,24.8,330,19.61,983.1,loc_vellore,12.9165,79.1325,ECMWF_ERA5_Reanalysis
2015-09-29,30.7,23.6,26.8,35.4,28.3,31.3,2.6,10.5,22.3,106,18.04,983.4,loc_vellore,12.9165,79.1325,ECMWF_ERA5_Reanalysis
2015-09-30,29.8,23.3,25.8,34.4,28.5,30.7,10.4,8.0,24.1,97,17.82,985.0,loc_vellore,12.9165,79.1325,ECMWF_ERA5_Reanalysis
2015-10-01,30.0,23.1,26.5,34.5,28.2,30.9,2.0,10.3,23.8,127,17.29,985.8,loc_vellore,12.9165,79.1325,ECMWF_ERA5_Reanalysis
2015-10-02,32.1,23.9,27.4,36.7,28.8,32.3,12.5,9.3,27.0,246,19.11,986.7,loc_vellore,12.9165,79.1325,ECMWF_ERA5_Reanalysis
2015-10-03,31.9,24.4,27.5,35.6,29.9,32.3,4.5,13.8,37.1,295,13.51,986.9,loc_vellore,12.9165,79.1325,ECMWF_ERA5_Reanalysis
2015-10-04,30.7,24.4,27.0,35.3,28.8,31.4,7.3,11.5,34.9,301,13.73,986.1,loc_vellore,12.9165,79.1325,ECMWF_ERA5_Reanalysis
2015-10-05,31.3,23.5,26.1,37.3,27.9,30.9,13.3,8.7,20.9,290,15.36,985.4,loc_vellore,12.9165,79.1325,ECMWF_ERA5_Reanalysis
2015-10-06,31.9,23.1,26.6,37.8,27.2,31.6,22.5,7.6,20.2,292,21.24,984.3,loc_vellore,12.9165,79.1325,ECMWF_ERA5_Reanalysis
2015-10-07,32.1,24.2,27.1,38.2,29.3,32.5,11.8,6.3,22.0,261,20.2,984.4,loc_vellore,12.9165,79.1325,ECMWF_ERA5_Reanalysis
2015-10-08,31.9,23.8,26.8,37.9,28.2,32.1,12.0,8.0,25.6,250,18.58,984.7,loc_vellore,12.9165,79.1325,ECMWF_ERA5_Reanalysis
2015-10-09,31.5,24.3,26.8,37.7,28.8,32.2,15.8,9.8,23.4,274,18.0,984.6,loc_vellore,12.9165,79.1325,ECMWF_ERA5_Reanalysis
2015-10-10,31.5,24.2,26.8,36.9,28.5,31.9,32.4,9.5,26.6,258,17.58,985.3,loc_vellore,12.9165,79.1325,ECMWF_ERA5_Reanalysis
2015-10-11,31.1,24.4,26.8,37.8,29.5,32.3,14.1,6.3,19.4,282,18.65,986.6,loc_vellore,12.9165,79.1325,ECMWF_ERA5_Reanalysis
2015-10-12,31.4,23.4,26.9,37.1,28.2,31.8,2.0,6.8,19.1,164,19.95,987.1,loc_vellore,12.9165,79.1325,ECMWF_ERA5_Reanalysis
2015-10-13,31.9,22.5,27.0,36.8,26.9,31.4,0.0,8.2,16.6,156,23.58,987.1,loc_vellore,12.9165,79.1325,ECMWF_ERA5_Reanalysis
2015-10-14,31.9,21.0,26.2,36.8,24.2,29.9,0.0,8.7,18.4,174,23.8,987.5,loc_vellore,12.9165,79.1325,ECMWF_ERA5_Reanalysis
2015-10-15,31.9,20.4,26.4,37.0,23.3,30.1,0.0,7.6,17.6,153,23.23,987.2,loc_vellore,12.9165,79.1325,ECMWF_ERA5_Reanalysis
2015-10-16,31.1,22.2,26.6,36.5,26.3,30.9,0.0,8.3,24.1,109,22.46,987.6,loc_vellore,12.9165,79.1325,ECMWF_ERA5_Reanalysis
2015-10-17,30.7,21.1,26.2,36.1,24.7,30.5,0.0,8.7,20.2,85,21.2,988.0,loc_vellore,12.9165,79.1325,ECMWF_ERA5_Reanalysis
2015-10-18,31.5,22.5,26.9,35.9,26.8,31.3,0.0,10.2,24.1,70,21.61,988.6,loc_vellore,12.9165,79.1325,ECMWF_ERA5_Reanalysis
2015-10-19,30.8,23.2,26.8,35.1,27.8,31.3,0.1,10.8,24.8,69,18.49,988.2,loc_vellore,12.9165,79.1325,ECMWF_ERA5_Reanalysis
2015-10-20,31.3,22.9,26.9,36.3,27.4,31.4,0.0,7.4,20.9,93,21.15,986.7,loc_vellore,12.9165,79.1325,ECMWF_ERA5_Reanalysis
2015-10-21,31.4,23.2,27.0,36.0,27.1,31.3,0.0,9.0,20.9,107,20.72,986.3,loc_vellore,12.9165,79.1325,ECMWF_ERA5_Reanalysis
2015-10-22,32.2,21.2,26.4,35.3,24.7,29.7,0.0,10.6,24.8,67,23.1,987.1,loc_vellore,12.9165,79.1325,ECMWF_ERA5_Reanalysis
2015-10-23,31.0,18.6,25.6,33.9,20.6,28.8,0.0,11.7,27.4,42,20.72,986.9,loc_vellore,12.9165,79.1325,ECMWF_ERA5_Reanalysis
2015-10-24,31.5,22.1,26.3,33.8,24.6,29.3,0.0,12.8,28.8,51,22.42,986.6,loc_vellore,12.9165,79.1325,ECMWF_ERA5_Reanalysis
2015-10-25,30.3,19.6,25.4,33.6,21.8,28.4,0.5,12.9,29.5,54,18.39,987.7,loc_vellore,12.9165,79.1325,ECMWF_ERA5_Reanalysis
2015-10-26,30.5,21.9,25.9,32.7,25.3,28.8,0.5,15.6,35.3,40,17.6,988.1,loc_vellore,12.9165,79.1325,ECMWF_ERA5_Reanalysis
2015-10-27,30.2,22.3,25.7,32.4,26.1,29.1,0.5,13.3,31.0,45,15.94,987.7,loc_vellore,12.9165,79.1325,ECMWF_ERA5_Reanalysis
2015-10-28,29.1,23.0,25.0,34.0,27.4,29.5,9.4,11.9,27.4,77,11.02,987.8,loc_vellore,12.9165,79.1325,ECMWF_ERA5_Reanalysis
2015-10-29,29.4,22.7,25.6,34.0,27.6,29.8,0.4,14.1,32.0,46,16.19,987.1,loc_vellore,12.9165,79.1325,ECMWF_ERA5_Reanalysis
2015-10-30,29.8,23.1,25.5,34.3,27.6,29.8,2.9,13.5,32.4,47,14.45,986.0,loc_vellore,12.9165,79.1325,ECMWF_ERA5_Reanalysis
2015-10-31,28.8,23.1,25.2,34.0,27.8,29.9,7.9,11.2,32.0,68,12.39,985.9,loc_vellore,12.9165,79.1325,ECMWF_ERA5_Reanalysis
2015-11-01,29.3,23.2,25.0,34.1,27.9,29.9,18.6,8.9,27.7,157,12.62,986.9,loc_vellore,12.9165,79.1325,ECMWF_ERA5_Reanalysis
2015-11-02,28.4,22.7,24.8,32.1,27.5,29.3,5.2,8.4,27.0,155,9.5,987.9,loc_vellore,12.9165,79.1325,ECMWF_ERA5_Reanalysis
2015-11-03,29.4,23.1,25.5,34.9,27.9,30.4,12.7,8.0,23.0,148,15.45,988.0,loc_vellore,12.9165,79.1325,ECMWF_ERA5_Reanalysis
2015-11-04,29.9,23.3,25.4,35.0,28.3,30.3,9.5,12.1,26.3,16,14.66,987.4,loc_vellore,12.9165,79.1325,ECMWF_ERA5_Reanalysis
2015-11-05,29.5,22.2,25.4,35.4,26.6,29.9,1.1,10.2,29.5,47,16.98,987.0,loc_vellore,12.9165,79.1325,ECMWF_ERA5_Reanalysis
2015-11-06,29.0,22.8,25.5,32.8,27.0,29.3,0.7,13.0,29.2,26,16.68,986.4,loc_vellore,12.9165,79.1325,ECMWF_ERA5_Reanalysis
2015-11-07,28.4,22.3,25.1,32.1,26.3,28.7,1.1,15.3,36.4,39,14.99,986.9,loc_vellore,12.9165,79.1325,ECMWF_ERA5_Reanalysis
2015-11-08,27.3,23.2,24.3,29.6,25.8,27.1,17.1,22.7,51.1,16,8.7,986.5,loc_vellore,12.9165,79.1325,ECMWF_ERA5_Reanalysis
2015-11-09,23.3,22.2,22.8,25.5,23.4,24.1,118.9,28.5,63.7,355,1.34,981.5,loc_vellore,12.9165,79.1325,ECMWF_ERA5_Reanalysis
2015-11-10,23.3,21.7,22.3,25.7,23.4,24.5,19.8,25.3,55.4,35,4.18,980.6,loc_vellore,12.9165,79.1325,ECMWF_ERA5_Reanalysis
2015-11-11,26.9,22.2,23.9,31.1,25.8,28.0,4.2,10.1,24.8,68,9.52,985.4,loc_vellore,12.9165,79.1325,ECMWF_ERA5_Reanalysis
2015-11-12,28.3,22.6,24.8,32.7,26.8,29.0,7.7,12.1,28.8,34,11.48,987.8,loc_vellore,12.9165,79.1325,ECMWF_ERA5_Reanalysis
2015-11-13,26.4,21.5,24.0,29.7,24.8,27.7,3.5,13.5,30.6,12,6.8,988.4,loc_vellore,12.9165,79.1325,ECMWF_ERA5_Reanalysis
2015-11-14,26.8,21.0,24.0,28.7,23.4,26.3,0.0,14.9,33.1,16,11.96,986.5,loc_vellore,12.9165,79.1325,ECMWF_ERA5_Reanalysis
2015-11-15,25.2,21.1,22.6,28.1,23.0,25.0,27.2,18.2,42.1,346,4.31,984.7,loc_vellore,12.9165,79.1325,ECMWF_ERA5_Reanalysis
2015-11-16,23.0,20.6,21.5,27.1,22.1,23.8,63.0,16.3,45.4,335,2.25,983.2,loc_vellore,12.9165,79.1325,ECMWF_ERA5_Reanalysis
2015-11-17,23.6,20.6,22.1,25.8,22.8,24.5,2.5,13.6,27.0,313,3.45,983.5,loc_vellore,12.9165,79.1325,ECMWF_ERA5_Reanalysis
2015-11-18,25.6,21.4,22.8,29.1,24.2,26.1,7.7,9.7,21.2,347,5.5,985.0,loc_vellore,12.9165,79.1325,ECMWF_ERA5_Reanalysis
2015-11-19,26.8,22.3,23.6,30.9,26.4,28.0,34.3,9.7,23.4,40,7.84,986.3,loc_vellore,12.9165,79.1325,ECMWF_ERA5_Reanalysis
2015-11-20,26.3,22.4,23.6,31.6,26.5,27.9,12.4,12.7,30.2,74,9.57,986.8,loc_vellore,12.9165,79.1325,ECMWF_ERA5_Reanalysis
2015-11-21,27.6,22.6,24.1,31.7,26.5,28.0,4.3,14.7,32.8,50,12.25,986.9,loc_vellore,12.9165,79.1325,ECMWF_ERA5_Reanalysis
2015-11-22,26.1,22.4,23.5,30.2,26.3,27.7,8.9,15.3,34.2,53,6.44,987.0,loc_vellore,12.9165,79.1325,ECMWF_ERA5_Reanalysis
2015-11-23,25.4,22.2,23.2,29.9,26.1,27.4,13.6,9.6,24.8,58,5.8,988.0,loc_vellore,12.9165,79.1325,ECMWF_ERA5_Reanalysis
2015-11-24,27.7,21.5,24.3,31.5,25.2,28.1,2.5,12.0,25.2,44,14.32,988.3,loc_vellore,12.9165,79.1325,ECMWF_ERA5_Reanalysis
2015-11-25,28.1,20.3,24.1,31.0,23.3,27.2,0.0,12.3,27.7,26,18.61,987.9,loc_vellore,12.9165,79.1325,ECMWF_ERA5_Reanalysis
2015-11-26,27.8,20.7,24.3,30.3,23.7,27.3,0.0,13.0,29.2,29,14.21,987.7,loc_vellore,12.9165,79.1325,ECMWF_ERA5_Reanalysis
2015-11-27,28.2,20.1,24.2,31.3,23.0,27.4,0.0,8.2,20.9,54,19.58,986.8,loc_vellore,12.9165,79.1325,ECMWF_ERA5_Reanalysis
2015-11-28,27.5,19.4,23.1,29.7,22.1,25.8,0.0,11.7,26.3,28,18.56,988.5,loc_vellore,12.9165,79.1325,ECMWF_ERA5_Reanalysis
2015-11-29,26.7,21.7,23.3,30.5,25.1,27.0,10.1,12.6,29.9,33,5.69,989.1,loc_vellore,12.9165,79.1325,ECMWF_ERA5_Reanalysis
2015-11-30,25.6,22.3,23.4,29.3,26.3,27.3,7.0,12.6,27.0,34,5.62,989.4,loc_vellore,12.9165,79.1325,ECMWF_ERA5_Reanalysis
2015-12-01,23.8,22.4,22.9,27.5,25.7,26.4,24.3,13.3,28.4,30,2.56,987.7,loc_vellore,12.9165,79.1325,ECMWF_ERA5_Reanalysis
2015-12-02,23.7,22.2,22.7,27.1,24.9,26.0,36.9,15.5,32.0,41,2.83,987.8,loc_vellore,12.9165,79.1325,ECMWF_ERA5_Reanalysis
2015-12-03,25.4,21.9,23.0,28.3,24.6,25.9,7.4,19.1,34.6,22,5.03,987.9,loc_vellore,12.9165,79.1325,ECMWF_ERA5_Reanalysis
2015-12-04,27.1,21.9,24.1,28.6,25.1,26.7,0.4,21.9,43.2,26,11.48,987.7,loc_vellore,12.9165,79.1325,ECMWF_ERA5_Reanalysis
2015-12-05,26.7,22.0,24.0,28.5,24.8,26.4,0.0,20.6,41.4,34,8.0,987.8,loc_vellore,12.9165,79.1325,ECMWF_ERA5_Reanalysis
2015-12-06,24.7,22.2,23.3,27.4,24.8,26.2,2.2,17.1,33.1,33,4.55,988.4,loc_vellore,12.9165,79.1325,ECMWF_ERA5_Reanalysis
2015-12-07,26.9,20.4,23.5,28.2,22.8,25.5,0.0,18.4,39.6,27,14.72,988.9,loc_vellore,12.9165,79.1325,ECMWF_ERA5_Reanalysis
2015-12-08,26.9,20.0,23.1,28.7,22.5,25.3,0.0,15.8,34.6,22,16.25,989.3,loc_vellore,12.9165,79.1325,ECMWF_ERA5_Reanalysis
2015-12-09,25.0,21.1,23.0,28.3,23.6,26.1,5.4,12.1,31.7,12,6.11,989.5,loc_vellore,12.9165,79.1325,ECMWF_ERA5_Reanalysis
2015-12-10,26.3,21.3,23.8,29.3,24.3,27.4,0.7,14.1,29.5,51,8.26,989.2,loc_vellore,12.9165,79.1325,ECMWF_ERA5_Reanalysis
2015-12-11,27.4,20.5,23.9,32.1,23.9,27.7,0.0,7.4,17.3,72,9.46,988.0,loc_vellore,12.9165,79.1325,ECMWF_ERA5_Reanalysis
2015-12-12,27.7,21.5,24.5,31.8,25.3,28.7,0.1,6.6,16.2,143,13.39,987.0,loc_vellore,12.9165,79.1325,ECMWF_ERA5_Reanalysis
2015-12-13,28.6,21.9,24.9,32.4,25.5,28.8,0.0,7.3,18.0,120,16.2,987.2,loc_vellore,12.9165,79.1325,ECMWF_ERA5_Reanalysis
2015-12-14,27.6,20.1,24.1,31.5,23.2,27.8,0.0,6.8,18.0,79,12.57,987.9,loc_vellore,12.9165,79.1325,ECMWF_ERA5_Reanalysis
2015-12-15,27.7,19.7,23.8,31.2,22.0,27.3,0.0,7.2,18.0,79,14.17,988.0,loc_vellore,12.9165,79.1325,ECMWF_ERA5_Reanalysis
2015-12-16,26.9,18.9,22.3,30.2,21.6,25.0,0.0,9.1,18.4,85,19.03,988.8,loc_vellore,12.9165,79.1325,ECMWF_ERA5_Reanalysis
2015-12-17,27.5,17.3,22.9,29.8,19.1,25.3,0.0,8.8,24.5,106,16.59,988.5,loc_vellore,12.9165,79.1325,ECMWF_ERA5_Reanalysis
2015-12-18,28.0,17.6,23.2,31.1,19.9,26.4,0.0,7.1,22.3,104,15.39,989.1,loc_vellore,12.9165,79.1325,ECMWF_ERA5_Reanalysis
2015-12-19,28.2,21.0,24.2,31.8,24.9,27.9,0.3,10.7,21.2,104,14.9,990.9,loc_vellore,12.9165,79.1325,ECMWF_ERA5_Reanalysis
2015-12-20,28.0,20.0,24.0,30.7,22.8,27.3,0.0,8.3,20.5,84,14.71,990.7,loc_vellore,12.9165,79.1325,ECMWF_ERA5_Reanalysis
2015-12-21,28.6,20.3,23.9,32.2,22.3,27.0,0.0,9.1,17.3,143,18.79,990.4,loc_vellore,12.9165,79.1325,ECMWF_ERA5_Reanalysis
2015-12-22,28.5,17.3,23.2,32.2,19.4,26.1,0.0,7.5,20.2,125,19.85,990.9,loc_vellore,12.9165,79.1325,ECMWF_ERA5_Reanalysis
2015-12-23,28.5,19.8,23.8,32.5,22.9,26.9,0.0,7.4,17.6,87,18.19,991.1,loc_vellore,12.9165,79.1325,ECMWF_ERA5_Reanalysis
2015-12-24,28.8,19.7,23.7,32.1,22.6,26.6,0.0,8.7,20.5,48,19.05,990.2,loc_vellore,12.9165,79.1325,ECMWF_ERA5_Reanalysis
2015-12-25,27.9,19.2,23.6,30.3,21.9,26.3,0.0,13.4,29.5,34,16.73,990.3,loc_vellore,12.9165,79.1325,ECMWF_ERA5_Reanalysis
2015-12-26,28.0,18.1,23.2,29.8,19.7,25.1,0.0,15.3,34.9,20,19.19,990.8,loc_vellore,12.9165,79.1325,ECMWF_ERA5_Reanalysis
2015-12-27,27.6,21.2,23.9,28.6,23.6,25.7,1.1,19.4,40.0,43,13.11,991.9,loc_vellore,12.9165,79.1325,ECMWF_ERA5_Reanalysis
2015-12-28,27.4,18.5,22.8,29.0,20.0,24.4,0.0,15.5,34.2,35,18.06,993.3,loc_vellore,12.9165,79.1325,ECMWF_ERA5_Reanalysis
2015-12-29,27.7,16.2,21.8,29.7,17.2,23.4,0.0,12.5,30.2,31,19.58,992.0,loc_vellore,12.9165,79.1325,ECMWF_ERA5_Reanalysis
2015-12-30,27.9,15.9,21.8,30.0,16.9,23.3,0.0,12.6,29.9,34,19.32,990.8,loc_vellore,12.9165,79.1325,ECMWF_ERA5_Reanalysis
2015-12-31,27.7,15.5,21.6,29.3,16.3,23.1,0.0,14.3,32.4,37,18.4,991.4,loc_vellore,12.9165,79.1325,ECMWF_ERA5_Reanalysis
2016-01-01,27.5,17.3,22.0,28.8,18.9,23.3,0.0,17.1,37.8,32,17.05,992.7,loc_vellore,12.9165,79.1325,ECMWF_ERA5_Reanalysis
2016-01-02,28.0,15.4,21.6,29.2,15.9,22.7,0.0,12.3,30.6,25,18.67,993.0,loc_vellore,12.9165,79.1325,ECMWF_ERA5_Reanalysis
2016-01-03,29.2,14.1,22.0,29.9,14.5,22.8,0.0,10.5,26.3,49,21.25,991.5,loc_vellore,12.9165,79.1325,ECMWF_ERA5_Reanalysis
2016-01-04,28.9,14.9,22.2,29.7,15.6,23.3,0.0,12.6,29.5,50,21.07,991.8,loc_vellore,12.9165,79.1325,ECMWF_ERA5_Reanalysis
2016-01-05,28.1,15.0,22.0,29.8,15.8,23.4,0.0,10.9,25.2,44,18.75,991.1,loc_vellore,12.9165,79.1325,ECMWF_ERA5_Reanalysis
2016-01-06,28.7,16.9,22.8,30.0,18.4,24.3,0.0,14.9,26.6,41,18.05,991.0,loc_vellore,12.9165,79.1325,ECMWF_ERA5_Reanalysis
2016-01-07,28.2,17.3,22.6,29.7,19.1,24.0,0.0,11.7,29.2,46,20.03,991.7,loc_vellore,12.9165,79.1325,ECMWF_ERA5_Reanalysis
2016-01-08,27.9,17.3,22.2,29.0,18.7,23.4,0.0,12.5,29.2,34,19.03,991.7,loc_vellore,12.9165,79.1325,ECMWF_ERA5_Reanalysis
2016-01-09,28.4,15.6,22.0,28.8,16.6,22.7,0.0,11.4,26.3,53,20.84,990.0,loc_vellore,12.9165,79.1325,ECMWF_ERA5_Reanalysis
2016-01-10,28.1,14.5,21.7,28.8,15.2,22.5,0.0,10.9,25.2,68,21.36,990.9,loc_vellore,12.9165,79.1325,ECMWF_ERA5_Reanalysis
2016-01-11,28.1,14.3,21.5,29.1,14.7,22.1,0.0,11.9,28.4,65,20.84,991.1,loc_vellore,12.9165,79.1325,ECMWF_ERA5_Reanalysis
2016-01-12,28.6,14.8,22.1,29.6,15.5,23.0,0.0,10.7,25.9,67,21.2,989.6,loc_vellore,12.9165,79.1325,ECMWF_ERA5_Reanalysis
2016-01-13,28.4,14.8,22.1,30.1,15.4,23.2,0.0,9.7,20.5,91,18.71,989.0,loc_vellore,12.9165,79.1325,ECMWF_ERA5_Reanalysis
2016-01-14,28.7,15.1,22.2,29.9,16.0,23.3,0.0,12.6,27.7,78,21.36,989.2,loc_vellore,12.9165,79.1325,ECMWF_ERA5_Reanalysis
2016-01-15,28.1,15.8,22.5,29.6,17.0,23.6,0.0,13.3,24.1,69,21.08,988.6,loc_vellore,12.9165,79.1325,ECMWF_ERA5_Reanalysis
2016-01-16,28.4,15.3,22.2,30.0,16.1,23.3,0.0,12.0,25.6,59,21.42,987.9,loc_vellore,12.9165,79.1325,ECMWF_ERA5_Reanalysis
2016-01-17,28.7,16.0,22.7,30.7,17.2,24.1,0.0,11.5,23.0,87,20.42,987.7,loc_vellore,12.9165,79.1325,ECMWF_ERA5_Reanalysis
2016-01-18,28.6,17.0,23.1,31.0,18.6,24.9,0.0,12.0,27.4,107,16.36,987.1,loc_vellore,12.9165,79.1325,ECMWF_ERA5_Reanalysis
2016-01-19,29.7,19.6,24.5,32.3,22.2,26.7,0.0,11.4,26.3,132,16.14,987.1,loc_vellore,12.9165,79.1325,ECMWF_ERA5_Reanalysis
2016-01-20,25.1,21.8,23.4,28.3,25.3,26.7,0.0,6.2,12.6,81,4.39,988.2,loc_vellore,12.9165,79.1325,ECMWF_ERA5_Reanalysis
2016-01-21,28.8,22.1,25.0,32.3,26.1,28.1,0.0,12.1,27.4,71,14.51,988.9,loc_vellore,12.9165,79.1325,ECMWF_ERA5_Reanalysis
2016-01-22,27.7,22.1,24.3,29.8,25.4,27.4,2.9,11.4,28.8,66,14.3,989.7,loc_vellore,12.9165,79.1325,ECMWF_ERA5_Reanalysis
2016-01-23,27.9,21.4,24.1,29.3,24.5,26.5,1.6,15.9,34.9,45,12.36,990.7,loc_vellore,12.9165,79.1325,ECMWF_ERA5_Reanalysis
2016-01-24,27.8,21.7,24.0,30.5,24.7,26.9,2.7,13.7,32.0,57,13.74,991.0,loc_vellore,12.9165,79.1325,ECMWF_ERA5_Reanalysis
2016-01-25,29.1,20.1,24.3,31.7,23.3,27.0,0.0,11.6,24.8,93,14.53,989.8,loc_vellore,12.9165,79.1325,ECMWF_ERA5_Reanalysis
2016-01-26,28.8,20.7,24.3,30.8,24.1,26.9,0.0,10.6,22.3,106,14.58,989.3,loc_vellore,12.9165,79.1325,ECMWF_ERA5_Reanalysis
2016-01-27,30.2,19.6,24.6,34.1,22.6,27.3,0.0,11.2,23.4,108,20.87,989.2,loc_vellore,12.9165,79.1325,ECMWF_ERA5_Reanalysis
2016-01-28,31.5,17.6,24.6,34.1,19.3,26.7,0.0,9.7,23.4,116,22.2,989.1,loc_vellore,12.9165,79.1325,ECMWF_ERA5_Reanalysis
2016-01-29,31.2,17.9,24.6,33.5,20.2,26.5,0.0,10.9,28.1,85,22.12,990.1,loc_vellore,12.9165,79.1325,ECMWF_ERA5_Reanalysis
2016-01-30,30.7,16.5,24.1,32.4,17.6,25.5,0.0,11.0,28.4,80,22.55,990.1,loc_vellore,12.9165,79.1325,ECMWF_ERA5_Reanalysis
2016-01-31,31.3,17.0,24.2,32.7,18.6,25.6,0.0,10.8,27.4,87,22.15,989.6,loc_vellore,12.9165,79.1325,ECMWF_ERA5_Reanalysis
2016-02-01,31.4,15.5,23.8,32.0,16.2,24.6,0.0,11.4,27.7,86,22.82,989.6,loc_vellore,12.9165,79.1325,ECMWF_ERA5_Reanalysis
2016-02-02,32.1,14.1,23.8,32.3,14.3,24.0,0.0,10.1,25.9,112,23.64,989.8,loc_vellore,12.9165,79.1325,ECMWF_ERA5_Reanalysis
2016-02-03,31.8,14.8,24.0,33.1,15.0,24.8,0.0,9.4,24.8,133,22.89,989.0,loc_vellore,12.9165,79.1325,ECMWF_ERA5_Reanalysis
2016-02-04,32.2,15.6,24.4,32.3,16.4,25.1,0.0,14.0,32.8,116,23.29,989.1,loc_vellore,12.9165,79.1325,ECMWF_ERA5_Reanalysis
2016-02-05,30.3,18.6,24.4,32.1,21.0,26.3,0.0,11.3,24.8,115,21.15,989.1,loc_vellore,12.9165,79.1325,ECMWF_ERA5_Reanalysis
2016-02-06,30.1,18.0,24.4,31.9,20.2,26.4,0.0,14.0,26.3,119,20.32,987.9,loc_vellore,12.9165,79.1325,ECMWF_ERA5_Reanalysis
2016-02-07,31.5,19.2,25.5,34.8,21.7,27.9,0.0,15.9,30.2,90,21.44,988.9,loc_vellore,12.9165,79.1325,ECMWF_ERA5_Reanalysis
2016-02-08,31.4,21.0,25.7,34.0,24.3,28.3,0.0,11.5,25.9,85,22.16,988.8,loc_vellore,12.9165,79.1325,ECMWF_ERA5_Reanalysis
2016-02-09,32.0,19.5,25.4,34.2,22.4,27.6,0.0,12.1,27.0,88,22.89,988.6,loc_vellore,12.9165,79.1325,ECMWF_ERA5_Reanalysis
2016-02-10,32.1,18.8,25.4,34.2,21.3,27.3,0.0,13.2,26.3,116,23.1,988.1,loc_vellore,12.9165,79.1325,ECMWF_ERA5_Reanalysis
2016-02-11,32.3,19.4,25.7,34.4,21.7,27.3,0.0,14.3,29.2,153,21.99,987.4,loc_vellore,12.9165,79.1325,ECMWF_ERA5_Reanalysis
2016-02-12,32.8,20.1,25.9,34.5,22.2,27.5,0.0,12.9,25.2,148,21.0,987.4,loc_vellore,12.9165,79.1325,ECMWF_ERA5_Reanalysis
2016-02-13,32.7,19.9,25.8,35.3,22.6,28.1,0.0,13.5,28.4,121,21.58,987.7,loc_vellore,12.9165,79.1325,ECMWF_ERA5_Reanalysis
2016-02-14,31.4,20.8,25.0,32.9,22.8,27.1,0.0,12.6,31.3,104,22.19,988.2,loc_vellore,12.9165,79.1325,ECMWF_ERA5_Reanalysis
2016-02-15,30.6,19.6,24.8,31.1,22.4,26.6,0.0,13.8,31.3,93,16.39,989.5,loc_vellore,12.9165,79.1325,ECMWF_ERA5_Reanalysis
2016-02-16,31.7,18.8,25.3,34.2,21.4,27.6,0.0,14.4,31.0,85,22.35,989.9,loc_vellore,12.9165,79.1325,ECMWF_ERA5_Reanalysis
2016-02-17,31.1,19.4,25.0,31.3,22.1,26.6,0.0,16.9,37.8,67,17.55,990.0,loc_vellore,12.9165,79.1325,ECMWF_ERA5_Reanalysis
2016-02-18,31.9,21.4,25.9,32.9,24.3,27.7,0.0,15.2,35.3,77,20.49,989.9,loc_vellore,12.9165,79.1325,ECMWF_ERA5_Reanalysis
2016-02-19,32.2,18.9,25.8,34.2,21.1,27.6,0.0,14.3,33.5,97,20.91,990.5,loc_vellore,12.9165,79.1325,ECMWF_ERA5_Reanalysis
2016-02-20,33.2,19.7,26.7,36.9,22.8,29.8,0.0,13.2,24.8,120,23.25,990.2,loc_vellore,12.9165,79.1325,ECMWF_ERA5_Reanalysis
2016-02-21,34.8,22.3,27.8,38.5,26.4,31.1,0.0,16.0,29.9,136,23.69,988.8,loc_vellore,12.9165,79.1325,ECMWF_ERA5_Reanalysis
2016-02-22,34.8,22.3,27.6,38.0,26.2,30.6,0.0,13.9,27.4,140,23.64,989.3,loc_vellore,12.9165,79.1325,ECMWF_ERA5_Reanalysis
2016-02-23,33.1,20.3,26.0,35.2,23.1,28.0,0.0,13.0,27.7,150,24.01,988.7,loc_vellore,12.9165,79.1325,ECMWF_ERA5_Reanalysis
2016-02-24,33.5,18.6,25.8,35.7,20.7,27.5,0.0,12.9,25.9,157,24.79,987.8,loc_vellore,12.9165,79.1325,ECMWF_ERA5_Reanalysis
2016-02-25,33.9,21.1,26.8,37.3,23.5,29.2,0.0,15.3,29.5,149,21.99,988.2,loc_vellore,12.9165,79.1325,ECMWF_ERA5_Reanalysis
2016-02-26,32.9,23.0,26.9,35.2,26.7,29.8,0.1,15.4,31.7,125,20.41,989.8,loc_vellore,12.9165,79.1325,ECMWF_ERA5_Reanalysis
2016-02-27,32.9,20.0,26.4,35.0,23.0,29.1,0.0,13.7,30.6,113,21.05,990.8,loc_vellore,12.9165,79.1325,ECMWF_ERA5_Reanalysis
2016-02-28,32.5,22.8,27.2,35.0,27.5,30.3,0.0,13.1,29.5,99,17.51,991.6,loc_vellore,12.9165,79.1325,ECMWF_ERA5_Reanalysis
2016-02-29,31.9,23.0,26.8,34.1,27.7,30.0,0.0,13.7,27.0,90,16.6,991.5,loc_vellore,12.9165,79.1325,ECMWF_ERA5_Reanalysis
2016-03-01,33.0,22.0,26.9,35.7,26.0,29.9,0.0,14.5,28.4,102,21.69,989.9,loc_vellore,12.9165,79.1325,ECMWF_ERA5_Reanalysis
2016-03-02,32.4,22.4,26.7,35.0,26.5,29.6,0.0,12.7,27.0,100,20.75,989.9,loc_vellore,12.9165,79.1325,ECMWF_ERA5_Reanalysis
2016-03-03,32.9,20.6,26.4,34.9,23.8,28.7,0.0,14.1,34.2,73,23.94,990.6,loc_vellore,12.9165,79.1325,ECMWF_ERA5_Reanalysis
2016-03-04,33.0,19.8,26.2,35.0,22.6,28.5,0.0,11.6,26.6,85,23.77,989.2,loc_vellore,12.9165,79.1325,ECMWF_ERA5_Reanalysis
2016-03-05,33.5,20.7,26.8,35.9,24.1,29.3,0.0,13.9,26.6,113,23.64,988.1,loc_vellore,12.9165,79.1325,ECMWF_ERA5_Reanalysis
2016-03-06,33.2,22.0,26.7,35.8,25.5,29.2,0.0,15.6,29.5,125,24.11,987.5,loc_vellore,12.9165,79.1325,ECMWF_ERA5_Reanalysis
2016-03-07,33.1,21.7,26.5,35.6,25.5,29.0,0.0,13.7,28.8,118,22.8,987.3,loc_vellore,12.9165,79.1325,ECMWF_ERA5_Reanalysis
2016-03-08,33.3,21.1,26.6,36.1,24.7,29.2,0.0,13.8,26.3,115,24.9,986.8,loc_vellore,12.9165,79.1325,ECMWF_ERA5_Reanalysis
2016-03-09,34.2,20.9,27.2,37.1,24.4,29.9,0.0,12.6,24.8,126,24.93,987.1,loc_vellore,12.9165,79.1325,ECMWF_ERA5_Reanalysis
2016-03-10,34.3,21.4,27.6,37.3,24.9,30.6,0.0,11.6,25.9,128,23.3,987.7,loc_vellore,12.9165,79.1325,ECMWF_ERA5_Reanalysis
2016-03-11,35.5,21.5,28.3,39.4,25.2,31.6,0.0,13.6,26.6,128,24.2,988.0,loc_vellore,12.9165,79.1325,ECMWF_ERA5_Reanalysis
2016-03-12,35.1,22.9,28.3,38.7,27.5,31.6,0.0,16.3,28.1,153,23.9,987.1,loc_vellore,12.9165,79.1325,ECMWF_ERA5_Reanalysis
2016-03-13,36.7,23.1,29.5,40.8,27.5,33.1,0.0,14.1,32.8,157,23.13,987.0,loc_vellore,12.9165,79.1325,ECMWF_ERA5_Reanalysis
2016-03-14,35.1,24.9,29.1,40.1,28.7,32.6,0.0,15.0,30.6,155,20.73,987.1,loc_vellore,12.9165,79.1325,ECMWF_ERA5_Reanalysis
2016-03-15,35.0,23.8,28.9,39.1,27.6,32.0,0.0,15.0,33.5,149,23.38,986.9,loc_vellore,12.9165,79.1325,ECMWF_ERA5_Reanalysis
2016-03-16,35.5,23.8,29.1,40.7,28.2,33.1,0.1,14.4,31.0,136,22.41,986.7,loc_vellore,12.9165,79.1325,ECMWF_ERA5_Reanalysis
2016-03-17,36.0,24.7,29.7,40.8,29.2,33.6,0.2,12.6,27.4,141,22.03,986.9,loc_vellore,12.9165,79.1325,ECMWF_ERA5_Reanalysis
2016-03-18,36.2,23.8,29.0,39.8,28.5,32.8,0.0,13.8,31.0,135,23.94,986.5,loc_vellore,12.9165,79.1325,ECMWF_ERA5_Reanalysis
2016-03-19,37.7,21.3,29.5,39.6,24.4,31.8,0.0,13.5,27.0,158,25.97,986.2,loc_vellore,12.9165,79.1325,ECMWF_ERA5_Reanalysis
2016-03-20,37.8,22.2,30.1,40.3,25.6,32.5,0.0,13.2,26.3,157,26.1,986.4,loc_vellore,12.9165,79.1325,ECMWF_ERA5_Reanalysis
2016-03-21,38.5,23.1,31.1,41.1,26.8,33.6,0.0,14.1,28.8,160,25.39,985.4,loc_vellore,12.9165,79.1325,ECMWF_ERA5_Reanalysis
2016-03-22,38.8,24.3,31.5,42.3,28.2,34.4,0.0,16.3,32.4,156,23.83,983.8,loc_vellore,12.9165,79.1325,ECMWF_ERA5_Reanalysis
2016-03-23,38.1,24.9,31.3,41.2,29.4,34.6,0.0,16.6,31.7,148,23.78,984.8,loc_vellore,12.9165,79.1325,ECMWF_ERA5_Reanalysis
2016-03-24,36.8,25.5,30.2,39.4,29.5,33.5,0.0,12.3,29.9,136,24.65,987.4,loc_vellore,12.9165,79.1325,ECMWF_ERA5_Reanalysis
2016-03-25,36.3,23.6,29.1,38.4,27.9,31.7,0.0,14.3,31.0,151,25.85,989.0,loc_vellore,12.9165,79.1325,ECMWF_ERA5_Reanalysis
2016-03-26,36.3,22.4,28.6,37.8,26.2,30.8,0.0,11.2,28.1,145,26.28,988.3,loc_vellore,12.9165,79.1325,ECMWF_ERA5_Reanalysis
2016-03-27,35.2,21.2,27.9,36.9,24.3,30.1,0.0,14.3,30.6,151,26.28,988.1,loc_vellore,12.9165,79.1325,ECMWF_ERA5_Reanalysis
2016-03-28,34.8,22.6,28.1,38.3,26.2,31.2,0.0,14.8,28.4,128,24.89,988.4,loc_vellore,12.9165,79.1325,ECMWF_ERA5_Reanalysis
2016-03-29,35.7,23.6,28.9,38.9,28.1,32.2,0.0,12.8,28.8,147,23.39,988.4,loc_vellore,12.9165,79.1325,ECMWF_ERA5_Reanalysis
2016-03-30,35.8,24.5,29.3,39.0,29.5,32.8,0.0,13.0,30.2,152,24.21,988.3,loc_vellore,12.9165,79.1325,ECMWF_ERA5_Reanalysis
2016-03-31,36.1,24.3,29.3,39.1,29.1,32.5,0.0,13.0,27.7,153,24.53,987.4,loc_vellore,12.9165,79.1325,ECMWF_ERA5_Reanalysis
2016-04-01,36.5,23.9,29.5,39.5,28.3,32.5,0.0,13.3,29.2,154,25.13,985.6,loc_vellore,12.9165,79.1325,ECMWF_ERA5_Reanalysis
2016-04-02,37.2,24.5,29.8,40.1,29.1,33.1,0.0,12.3,27.4,153,24.85,986.0,loc_vellore,12.9165,79.1325,ECMWF_ERA5_Reanalysis
2016-04-03,37.5,23.5,30.0,40.5,28.0,33.2,0.0,12.6,29.5,156,25.2,986.9,loc_vellore,12.9165,79.1325,ECMWF_ERA5_Reanalysis
2016-04-04,37.5,22.7,29.9,40.1,26.9,32.9,0.0,11.5,28.4,150,26.58,985.8,loc_vellore,12.9165,79.1325,ECMWF_ERA5_Reanalysis
2016-04-05,37.3,22.5,29.6,39.6,26.6,32.3,0.0,13.6,27.7,150,26.7,985.3,loc_vellore,12.9165,79.1325,ECMWF_ERA5_Reanalysis
2016-04-06,36.8,24.8,30.3,40.5,29.9,33.9,0.0,18.5,34.6,145,24.81,985.9,loc_vellore,12.9165,79.1325,ECMWF_ERA5_Reanalysis
2016-04-07,37.4,26.0,30.6,40.8,31.3,34.7,0.0,17.8,38.9,151,22.29,985.4,loc_vellore,12.9165,79.1325,ECMWF_ERA5_Reanalysis
2016-04-08,35.1,26.4,30.1,39.8,31.8,34.6,0.7,15.8,27.7,147,20.11,985.4,loc_vellore,12.9165,79.1325,ECMWF_ERA5_Reanalysis
2016-04-09,36.1,26.2,30.2,40.5,31.2,34.3,0.0,16.0,33.8,140,23.33,986.1,loc_vellore,12.9165,79.1325,ECMWF_ERA5_Reanalysis
2016-04-10,37.4,25.5,30.6,40.2,30.9,34.2,0.0,17.3,33.1,143,25.34,987.0,loc_vellore,12.9165,79.1325,ECMWF_ERA5_Reanalysis
2016-04-11,38.3,25.0,30.9,42.8,29.9,35.0,0.0,17.4,33.5,140,25.2,985.6,loc_vellore,12.9165,79.1325,ECMWF_ERA5_Reanalysis
2016-04-12,39.2,25.9,31.8,43.2,31.2,36.0,0.0,16.5,32.4,151,26.51,984.0,loc_vellore,12.9165,79.1325,ECMWF_ERA5_Reanalysis
2016-04-13,40.3,25.9,32.8,43.8,31.1,36.7,0.0,14.8,28.4,146,24.9,982.2,loc_vellore,12.9165,79.1325,ECMWF_ERA5_Reanalysis
2016-04-14,39.9,27.3,32.6,43.0,32.4,36.6,0.0,17.1,35.6,155,25.1,982.7,loc_vellore,12.9165,79.1325,ECMWF_ERA5_Reanalysis
2016-04-15,38.4,25.5,31.6,41.7,29.7,35.0,0.0,15.9,31.7,145,26.2,984.6,loc_vellore,12.9165,79.1325,ECMWF_ERA5_Reanalysis
2016-04-16,38.8,26.4,31.6,41.5,31.7,35.3,0.0,15.3,32.8,157,25.87,984.4,loc_vellore,12.9165,79.1325,ECMWF_ERA5_Reanalysis
2016-04-17,38.1,25.0,31.1,41.9,30.3,35.2,0.0,14.8,29.9,146,25.41,983.6,loc_vellore,12.9165,79.1325,ECMWF_ERA5_Reanalysis
2016-04-18,37.5,26.4,30.8,41.1,31.7,34.7,0.0,18.3,34.9,153,24.46,984.3,loc_vellore,12.9165,79.1325,ECMWF_ERA5_Reanalysis
2016-04-19,37.5,26.6,30.9,41.4,31.5,35.0,0.0,17.8,34.6,151,23.55,985.0,loc_vellore,12.9165,79.1325,ECMWF_ERA5_Reanalysis
2016-04-20,38.4,26.8,31.5,43.0,31.7,35.6,0.0,18.6,36.0,159,25.11,985.9,loc_vellore,12.9165,79.1325,ECMWF_ERA5_Reanalysis
2016-04-21,39.9,26.2,32.5,43.7,31.3,36.3,0.0,16.2,32.4,165,26.61,984.5,loc_vellore,12.9165,79.1325,ECMWF_ERA5_Reanalysis
2016-04-22,41.0,27.0,33.9,43.9,30.6,36.5,0.0,11.9,26.6,179,24.93,983.2,loc_vellore,12.9165,79.1325,ECMWF_ERA5_Reanalysis
2016-04-23,40.3,27.5,34.2,43.9,31.6,37.3,0.0,13.5,27.7,168,23.6,981.5,loc_vellore,12.9165,79.1325,ECMWF_ERA5_Reanalysis
2016-04-24,42.0,28.8,34.7,45.3,32.7,37.7,0.0,19.8,40.0,162,24.79,980.3,loc_vellore,12.9165,79.1325,ECMWF_ERA5_Reanalysis
2016-04-25,39.6,28.9,33.6,44.2,33.5,37.4,0.0,15.6,29.5,156,23.68,982.0,loc_vellore,12.9165,79.1325,ECMWF_ERA5_Reanalysis
2016-04-26,38.4,27.0,32.0,41.8,30.6,35.1,0.0,15.8,34.2,149,24.93,984.4,loc_vellore,12.9165,79.1325,ECMWF_ERA5_Reanalysis
2016-04-27,37.4,25.7,30.7,40.4,30.9,34.5,0.0,12.8,32.0,152,23.77,984.4,loc_vellore,12.9165,79.1325,ECMWF_ERA5_Reanalysis
2016-04-28,38.9,24.8,31.4,41.3,30.0,34.9,0.0,14.0,29.9,158,26.7,983.9,loc_vellore,12.9165,79.1325,ECMWF_ERA5_Reanalysis
2016-04-29,39.2,24.7,31.6,40.9,29.8,34.8,0.0,14.0,29.9,157,27.12,984.3,loc_vellore,12.9165,79.1325,ECMWF_ERA5_Reanalysis
2016-04-30,39.3,24.6,31.6,41.5,29.5,34.8,0.0,16.6,33.8,159,26.54,984.5,loc_vellore,12.9165,79.1325,ECMWF_ERA5_Reanalysis
2016-05-01,40.1,24.3,32.0,42.2,28.6,35.0,0.0,17.1,33.1,165,27.33,983.7,loc_vellore,12.9165,79.1325,ECMWF_ERA5_Reanalysis
2016-05-02,40.4,26.6,33.0,43.8,31.0,36.2,0.0,16.9,31.7,157,26.1,983.6,loc_vellore,12.9165,79.1325,ECMWF_ERA5_Reanalysis
2016-05-03,39.5,26.6,32.4,41.3,31.2,35.7,0.0,16.7,31.0,156,26.18,983.4,loc_vellore,12.9165,79.1325,ECMWF_ERA5_Reanalysis
2016-05-04,38.4,27.2,32.1,41.2,31.8,35.6,0.0,15.8,31.7,157,26.09,984.0,loc_vellore,12.9165,79.1325,ECMWF_ERA5_Reanalysis
2016-05-05,38.4,27.1,31.8,42.2,32.0,35.6,0.0,15.8,34.2,147,25.31,984.4,loc_vellore,12.9165,79.1325,ECMWF_ERA5_Reanalysis
2016-05-06,37.3,26.6,31.0,42.1,31.4,35.2,0.0,14.5,30.2,118,23.89,984.7,loc_vellore,12.9165,79.1325,ECMWF_ERA5_Reanalysis
2016-05-07,37.6,27.0,31.2,42.6,32.1,35.4,0.3,16.6,34.9,154,24.38,984.1,loc_vellore,12.9165,79.1325,ECMWF_ERA5_Reanalysis
2016-05-08,37.9,27.0,31.5,43.1,32.4,36.1,1.1,12.8,29.2,169,23.47,985.0,loc_vellore,12.9165,79.1325,ECMWF_ERA5_Reanalysis
2016-05-09,36.8,26.8,31.0,42.8,31.9,35.4,2.7,14.5,37.8,147,22.51,984.7,loc_vellore,12.9165,79.1325,ECMWF_ERA5_Reanalysis
2016-05-10,37.4,26.2,31.0,41.8,32.0,35.2,0.1,18.9,40.3,138,23.59,984.7,loc_vellore,12.9165,79.1325,ECMWF_ERA5_Reanalysis
2016-05-11,37.2,26.2,31.4,41.9,32.5,35.8,0.2,14.5,29.9,145,23.52,984.0,loc_vellore,12.9165,79.1325,ECMWF_ERA5_Reanalysis
2016-05-12,38.1,26.5,31.9,42.4,31.7,35.5,0.0,15.8,37.8,160,22.46,982.2,loc_vellore,12.9165,79.1325,ECMWF_ERA5_Reanalysis
2016-05-13,39.1,26.6,32.6,43.3,31.1,36.0,0.0,18.6,39.2,145,25.29,981.9,loc_vellore,12.9165,79.1325,ECMWF_ERA5_Reanalysis
2016-05-14,38.7,26.7,32.0,43.5,31.4,36.0,0.2,19.5,38.9,136,24.58,983.2,loc_vellore,12.9165,79.1325,ECMWF_ERA5_Reanalysis
2016-05-15,37.7,27.1,31.7,41.3,32.5,35.6,0.2,17.6,34.6,126,25.39,983.5,loc_vellore,12.9165,79.1325,ECMWF_ERA5_Reanalysis
2016-05-16,33.3,26.4,28.7,37.5,31.3,33.5,4.5,13.4,33.1,84,13.52,981.3,loc_vellore,12.9165,79.1325,ECMWF_ERA5_Reanalysis
2016-05-17,27.6,24.7,26.0,32.2,28.5,30.8,67.7,19.5,37.1,349,3.79,978.7,loc_vellore,12.9165,79.1325,ECMWF_ERA5_Reanalysis
2016-05-18,29.4,23.3,26.3,33.9,24.3,29.5,39.8,24.2,54.4,290,6.77,976.1,loc_vellore,12.9165,79.1325,ECMWF_ERA5_Reanalysis
2016-05-19,33.5,24.6,28.4,37.8,26.9,31.9,6.2,23.5,50.4,264,14.84,978.1,loc_vellore,12.9165,79.1325,ECMWF_ERA5_Reanalysis
2016-05-20,33.3,25.4,29.5,36.3,28.3,32.3,0.0,19.8,47.9,261,17.77,978.8,loc_vellore,12.9165,79.1325,ECMWF_ERA5_Reanalysis
2016-05-21,37.1,27.2,31.4,41.5,29.8,34.8,0.0,14.5,32.4,265,21.77,980.1,loc_vellore,12.9165,79.1325,ECMWF_ERA5_Reanalysis
2016-05-22,37.6,27.2,32.0,42.3,28.5,35.1,0.0,17.2,33.8,267,25.92,981.4,loc_vellore,12.9165,79.1325,ECMWF_ERA5_Reanalysis
2016-05-23,38.1,27.9,32.4,42.3,29.8,35.6,0.0,20.1,40.7,280,26.39,981.7,loc_vellore,12.9165,79.1325,ECMWF_ERA5_Reanalysis
2016-05-24,37.6,27.6,32.0,43.0,29.5,35.1,0.0,18.4,35.6,273,25.16,981.5,loc_vellore,12.9165,79.1325,ECMWF_ERA5_Reanalysis
2016-05-25,38.2,28.4,32.5,41.5,30.7,35.4,0.0,19.5,41.0,279,24.95,980.8,loc_vellore,12.9165,79.1325,ECMWF_ERA5_Reanalysis
2016-05-26,38.0,27.9,32.6,41.8,30.2,35.5,0.0,17.7,35.6,282,24.81,981.3,loc_vellore,12.9165,79.1325,ECMWF_ERA5_Reanalysis
2016-05-27,37.4,26.6,30.9,42.7,30.3,34.9,3.5,12.6,33.8,278,24.07,982.3,loc_vellore,12.9165,79.1325,ECMWF_ERA5_Reanalysis
2016-05-28,37.1,26.9,31.0,41.6,30.1,34.5,1.9,16.3,36.4,287,24.35,982.3,loc_vellore,12.9165,79.1325,ECMWF_ERA5_Reanalysis
2016-05-29,35.6,26.3,30.3,38.8,30.1,33.6,2.2,18.9,46.8,297,23.94,981.9,loc_vellore,12.9165,79.1325,ECMWF_ERA5_Reanalysis
2016-05-30,36.6,27.5,31.3,41.4,30.0,34.7,0.6,16.5,34.6,271,23.79,981.2,loc_vellore,12.9165,79.1325,ECMWF_ERA5_Reanalysis
2016-05-31,36.9,26.3,30.2,42.7,30.1,34.3,5.1,13.7,32.0,275,23.91,982.0,loc_vellore,12.9165,79.1325,ECMWF_ERA5_Reanalysis
2016-06-01,36.7,26.1,29.8,42.3,30.2,34.1,4.5,14.0,31.0,276,23.26,982.5,loc_vellore,12.9165,79.1325,ECMWF_ERA5_Reanalysis
2016-06-02,35.2,25.9,29.1,40.4,30.0,33.9,3.4,13.7,33.5,286,22.15,981.9,loc_vellore,12.9165,79.1325,ECMWF_ERA5_Reanalysis
2016-06-03,34.8,25.5,29.3,40.7,30.1,34.2,3.7,13.0,28.8,269,20.94,981.5,loc_vellore,12.9165,79.1325,ECMWF_ERA5_Reanalysis
2016-06-04,34.8,25.7,28.4,40.1,29.5,33.1,7.2,15.3,30.2,262,17.68,981.1,loc_vellore,12.9165,79.1325,ECMWF_ERA5_Reanalysis
2016-06-05,34.3,25.3,28.3,40.5,30.2,33.6,26.2,11.2,29.9,261,19.66,981.5,loc_vellore,12.9165,79.1325,ECMWF_ERA5_Reanalysis
2016-06-06,34.2,25.4,29.0,39.6,29.8,34.0,3.5,11.8,28.4,247,18.94,981.7,loc_vellore,12.9165,79.1325,ECMWF_ERA5_Reanalysis
2016-06-07,32.8,25.6,28.2,38.3,31.0,33.6,12.0,10.6,32.4,247,17.33,982.0,loc_vellore,12.9165,79.1325,ECMWF_ERA5_Reanalysis
2016-06-08,32.2,25.7,27.8,38.0,30.7,33.5,20.5,9.6,36.4,252,16.3,981.5,loc_vellore,12.9165,79.1325,ECMWF_ERA5_Reanalysis
2016-06-09,32.7,25.5,28.7,36.8,29.7,32.9,0.2,13.7,37.4,228,18.57,981.9,loc_vellore,12.9165,79.1325,ECMWF_ERA5_Reanalysis
2016-06-10,32.8,25.9,29.4,35.6,29.8,32.8,0.0,16.5,41.4,232,17.83,982.1,loc_vellore,12.9165,79.1325,ECMWF_ERA5_Reanalysis
2016-06-11,34.0,26.3,30.0,36.9,29.1,32.7,0.0,17.8,39.2,264,22.01,982.5,loc_vellore,12.9165,79.1325,ECMWF_ERA5_Reanalysis
2016-06-12,34.5,26.2,30.2,37.3,28.5,32.8,0.1,20.0,42.5,277,23.37,982.5,loc_vellore,12.9165,79.1325,ECMWF_ERA5_Reanalysis
2016-06-13,34.0,26.7,29.9,36.6,28.9,32.3,2.1,21.7,48.2,276,20.86,982.8,loc_vellore,12.9165,79.1325,ECMWF_ERA5_Reanalysis
2016-06-14,34.8,26.6,29.8,37.4,28.2,32.1,1.1,20.3,49.7,281,21.09,982.0,loc_vellore,12.9165,79.1325,ECMWF_ERA5_Reanalysis
2016-06-15,35.4,26.9,30.8,36.7,27.9,32.1,0.2,22.0,49.3,281,20.81,980.6,loc_vellore,12.9165,79.1325,ECMWF_ERA5_Reanalysis
2016-06-16,34.7,26.7,30.3,37.4,28.3,32.3,0.0,17.2,41.0,275,21.67,979.7,loc_vellore,12.9165,79.1325,ECMWF_ERA5_Reanalysis
2016-06-17,35.3,26.3,29.1,39.0,28.0,31.9,2.3,17.8,40.3,277,19.51,979.0,loc_vellore,12.9165,79.1325,ECMWF_ERA5_Reanalysis
2016-06-18,34.0,25.1,29.2,35.7,28.8,31.8,3.7,22.2,41.0,296,18.03,979.4,loc_vellore,12.9165,79.1325,ECMWF_ERA5_Reanalysis
2016-06-19,33.6,24.9,28.0,37.3,28.2,32.1,7.9,16.5,46.1,286,18.15,979.6,loc_vellore,12.9165,79.1325,ECMWF_ERA5_Reanalysis
2016-06-20,31.8,25.3,28.0,35.5,29.9,32.3,0.1,10.0,29.5,260,13.81,980.0,loc_vellore,12.9165,79.1325,ECMWF_ERA5_Reanalysis
2016-06-21,33.0,24.7,27.4,38.3,29.5,32.4,10.9,9.8,37.1,238,16.52,980.4,loc_vellore,12.9165,79.1325,ECMWF_ERA5_Reanalysis
2016-06-22,33.8,24.4,27.7,37.3,27.6,31.5,9.7,15.5,45.7,279,20.09,981.5,loc_vellore,12.9165,79.1325,ECMWF_ERA5_Reanalysis
2016-06-23,30.4,24.1,27.0,33.5,27.0,29.8,7.7,18.0,52.9,274,9.78,981.6,loc_vellore,12.9165,79.1325,ECMWF_ERA5_Reanalysis
2016-06-24,32.4,25.4,27.6,34.5,25.9,29.3,4.5,21.7,47.2,284,11.59,980.2,loc_vellore,12.9165,79.1325,ECMWF_ERA5_Reanalysis
2016-06-25,32.4,25.7,28.2,34.0,26.5,29.6,3.8,21.5,52.2,283,15.73,981.3,loc_vellore,12.9165,79.1325,ECMWF_ERA5_Reanalysis
2016-06-26,31.5,25.8,27.6,34.9,27.4,30.5,2.6,16.7,41.8,279,10.55,981.8,loc_vellore,12.9165,79.1325,ECMWF_ERA5_Reanalysis
2016-06-27,31.3,26.3,28.2,33.7,28.6,30.9,2.1,22.5,50.0,276,11.73,980.0,loc_vellore,12.9165,79.1325,ECMWF_ERA5_Reanalysis
2016-06-28,29.4,24.5,26.5,33.2,27.5,29.8,13.5,15.9,40.7,252,8.24,980.3,loc_vellore,12.9165,79.1325,ECMWF_ERA5_Reanalysis
2016-06-29,26.5,23.6,24.8,29.6,26.7,27.8,14.0,16.7,44.3,255,5.55,980.9,loc_vellore,12.9165,79.1325,ECMWF_ERA5_Reanalysis
2016-06-30,31.7,23.6,27.4,33.3,26.8,30.0,3.3,21.3,44.3,265,13.09,980.7,loc_vellore,12.9165,79.1325,ECMWF_ERA5_Reanalysis
2016-07-01,32.6,25.9,29.0,34.4,27.7,30.7,0.0,24.8,53.3,265,15.71,980.0,loc_vellore,12.9165,79.1325,ECMWF_ERA5_Reanalysis
2016-07-02,32.9,26.4,29.3,34.9,26.7,30.6,0.0,25.6,50.0,267,15.55,980.2,loc_vellore,12.9165,79.1325,ECMWF_ERA5_Reanalysis
2016-07-03,33.2,26.4,29.5,35.8,27.7,31.4,0.0,24.5,48.2,263,16.0,981.4,loc_vellore,12.9165,79.1325,ECMWF_ERA5_Reanalysis
2016-07-04,32.6,25.6,28.5,35.1,28.9,31.3,3.8,18.0,36.7,253,14.13,982.0,loc_vellore,12.9165,79.1325,ECMWF_ERA5_Reanalysis
2016-07-05,31.1,26.0,28.1,34.1,28.8,31.1,0.4,19.1,48.2,253,11.11,981.6,loc_vellore,12.9165,79.1325,ECMWF_ERA5_Reanalysis
2016-07-06,32.0,25.9,28.2,34.9,29.2,31.3,0.9,18.4,41.8,257,11.69,981.5,loc_vellore,12.9165,79.1325,ECMWF_ERA5_Reanalysis
2016-07-07,31.7,25.0,28.2,34.9,27.9,31.2,0.4,16.9,40.3,262,11.61,981.3,loc_vellore,12.9165,79.1325,ECMWF_ERA5_Reanalysis
2016-07-08,32.7,26.0,29.1,34.4,28.2,31.2,1.3,24.0,53.6,261,17.62,980.6,loc_vellore,12.9165,79.1325,ECMWF_ERA5_Reanalysis
2016-07-09,33.0,26.3,29.2,33.5,27.8,30.2,0.0,29.6,59.8,260,16.7,980.2,loc_vellore,12.9165,79.1325,ECMWF_ERA5_Reanalysis
2016-07-10,33.3,26.7,29.6,33.5,28.6,30.5,0.0,29.5,60.1,261,17.08,979.9,loc_vellore,12.9165,79.1325,ECMWF_ERA5_Reanalysis
2016-07-11,32.2,26.7,29.3,32.8,28.4,30.3,0.0,28.9,56.9,261,14.84,979.9,loc_vellore,12.9165,79.1325,ECMWF_ERA5_Reanalysis
2016-07-12,32.5,26.6,29.3,33.1,28.3,30.7,0.3,24.9,53.3,266,14.68,981.0,loc_vellore,12.9165,79.1325,ECMWF_ERA5_Reanalysis
2016-07-13,34.3,25.6,30.0,35.5,27.5,31.6,0.1,22.1,46.8,272,20.72,981.5,loc_vellore,12.9165,79.1325,ECMWF_ERA5_Reanalysis
2016-07-14,35.4,25.8,30.3,39.4,28.1,33.0,0.0,13.6,37.8,267,22.9,981.0,loc_vellore,12.9165,79.1325,ECMWF_ERA5_Reanalysis
2016-07-15,34.6,25.5,29.0,39.9,30.2,33.4,12.9,9.8,27.7,241,17.71,981.5,loc_vellore,12.9165,79.1325,ECMWF_ERA5_Reanalysis
2016-07-16,32.9,24.8,27.9,38.8,28.9,32.8,10.2,8.3,23.8,236,20.62,982.8,loc_vellore,12.9165,79.1325,ECMWF_ERA5_Reanalysis
2016-07-17,33.0,24.2,27.4,38.6,29.5,32.7,6.2,8.5,22.3,253,18.65,984.5,loc_vellore,12.9165,79.1325,ECMWF_ERA5_Reanalysis
2016-07-18,32.5,24.9,27.8,36.0,29.0,31.8,10.9,13.9,30.6,278,18.98,984.2,loc_vellore,12.9165,79.1325,ECMWF_ERA5_Reanalysis
2016-07-19,30.7,24.9,27.3,33.9,27.8,30.7,4.3,12.9,34.6,283,11.88,983.8,loc_vellore,12.9165,79.1325,ECMWF_ERA5_Reanalysis
2016-07-20,31.8,25.3,27.8,35.8,28.3,31.1,2.6,15.2,44.3,287,15.43,982.8,loc_vellore,12.9165,79.1325,ECMWF_ERA5_Reanalysis
2016-07-21,29.4,24.1,26.6,32.7,27.0,29.8,6.2,16.7,52.9,270,14.86,981.6,loc_vellore,12.9165,79.1325,ECMWF_ERA5_Reanalysis
2016-07-22,28.3,24.4,25.9,32.3,25.9,28.8,7.3,17.8,44.3,268,7.68,980.9,loc_vellore,12.9165,79.1325,ECMWF_ERA5_Reanalysis
2016-07-23,31.3,23.7,26.9,34.5,26.9,30.3,4.3,15.5,43.2,268,14.95,981.0,loc_vellore,12.9165,79.1325,ECMWF_ERA5_Reanalysis
2016-07-24,32.4,24.9,27.5,36.4,28.2,31.5,14.0,12.6,33.8,265,16.45,981.0,loc_vellore,12.9165,79.1325,ECMWF_ERA5_Reanalysis
2016-07-25,32.2,23.8,26.6,38.5,28.7,31.7,27.9,8.3,23.8,230,18.72,981.8,loc_vellore,12.9165,79.1325,ECMWF_ERA5_Reanalysis
2016-07-26,31.3,23.2,26.2,36.2,28.0,31.0,28.8,10.2,23.8,195,15.72,981.9,loc_vellore,12.9165,79.1325,ECMWF_ERA5_Reanalysis
2016-07-27,31.6,23.5,27.3,38.2,28.5,32.5,4.8,10.0,27.4,166,22.44,982.4,loc_vellore,12.9165,79.1325,ECMWF_ERA5_Reanalysis
2016-07-28,31.5,23.4,26.8,37.8,28.5,32.2,16.7,6.5,20.5,252,20.84,982.3,loc_vellore,12.9165,79.1325,ECMWF_ERA5_Reanalysis
2016-07-29,30.9,24.0,27.2,35.5,28.8,31.3,0.7,15.7,41.0,277,19.76,981.8,loc_vellore,12.9165,79.1325,ECMWF_ERA5_Reanalysis
2016-07-30,30.3,23.7,26.2,33.8,27.3,29.8,9.4,13.4,37.8,257,13.95,982.0,loc_vellore,12.9165,79.1325,ECMWF_ERA5_Reanalysis
2016-07-31,30.7,23.8,26.8,33.6,26.0,29.5,1.9,17.8,40.7,269,17.3,982.8,loc_vellore,12.9165,79.1325,ECMWF_ERA5_Reanalysis
2016-08-01,30.6,24.7,27.6,32.8,25.9,29.2,0.0,26.0,51.5,269,11.38,982.1,loc_vellore,12.9165,79.1325,ECMWF_ERA5_Reanalysis
2016-08-02,30.6,25.3,27.6,31.9,26.5,28.7,0.0,25.2,54.7,263,14.16,980.1,loc_vellore,12.9165,79.1325,ECMWF_ERA5_Reanalysis
2016-08-03,31.9,25.3,28.3,33.1,26.3,29.5,0.0,27.4,51.5,263,17.0,979.6,loc_vellore,12.9165,79.1325,ECMWF_ERA5_Reanalysis
2016-08-04,32.3,25.7,28.7,33.1,27.0,30.0,0.0,25.5,50.0,270,14.91,980.5,loc_vellore,12.9165,79.1325,ECMWF_ERA5_Reanalysis
2016-08-05,31.3,26.2,28.6,33.2,28.0,30.3,0.2,22.0,53.6,263,11.77,981.4,loc_vellore,12.9165,79.1325,ECMWF_ERA5_Reanalysis
2016-08-06,32.5,25.9,29.0,34.2,27.4,30.4,0.0,26.4,53.3,269,16.07,981.6,loc_vellore,12.9165,79.1325,ECMWF_ERA5_Reanalysis
2016-08-07,34.0,25.3,29.1,35.9,27.2,31.2,0.7,22.0,47.9,269,19.95,982.8,loc_vellore,12.9165,79.1325,ECMWF_ERA5_Reanalysis
2016-08-08,34.6,25.5,29.7,37.0,27.4,31.9,0.1,18.4,42.8,274,22.56,983.2,loc_vellore,12.9165,79.1325,ECMWF_ERA5_Reanalysis
2016-08-09,34.6,25.6,30.0,37.8,27.8,32.4,0.0,16.6,39.2,265,21.75,982.9,loc_vellore,12.9165,79.1325,ECMWF_ERA5_Reanalysis
2016-08-10,35.0,25.4,30.0,37.6,27.4,32.2,0.0,17.0,39.6,276,22.86,983.1,loc_vellore,12.9165,79.1325,ECMWF_ERA5_Reanalysis
2016-08-11,34.7,25.1,29.9,37.8,27.0,32.2,0.0,14.9,33.5,276,22.04,983.9,loc_vellore,12.9165,79.1325,ECMWF_ERA5_Reanalysis
2016-08-12,34.4,25.9,29.6,37.8,28.5,32.6,3.4,15.4,38.5,275,21.89,983.8,loc_vellore,12.9165,79.1325,ECMWF_ERA5_Reanalysis
2016-08-13,34.9,26.3,29.7,38.1,28.9,32.7,1.0,17.1,45.0,270,19.52,982.7,loc_vellore,12.9165,79.1325,ECMWF_ERA5_Reanalysis
2016-08-14,34.3,25.9,30.0,35.9,28.2,32.1,0.0,19.4,47.2,275,22.13,982.1,loc_vellore,12.9165,79.1325,ECMWF_ERA5_Reanalysis
2016-08-15,34.5,25.6,30.1,35.8,27.1,31.3,0.0,23.1,53.6,282,22.8,981.5,loc_vellore,12.9165,79.1325,ECMWF_ERA5_Reanalysis
2016-08-16,34.8,26.2,30.2,34.2,27.3,30.7,0.0,29.3,60.5,281,20.49,980.4,loc_vellore,12.9165,79.1325,ECMWF_ERA5_Reanalysis
2016-08-17,34.6,25.9,30.1,34.7,27.6,31.1,0.0,23.8,54.4,282,19.69,980.1,loc_vellore,12.9165,79.1325,ECMWF_ERA5_Reanalysis
2016-08-18,35.3,25.9,30.3,37.1,27.6,31.9,0.0,20.5,51.1,286,21.42,980.5,loc_vellore,12.9165,79.1325,ECMWF_ERA5_Reanalysis
2016-08-19,34.9,26.0,30.6,36.9,27.5,32.4,0.0,17.2,47.2,287,22.05,980.9,loc_vellore,12.9165,79.1325,ECMWF_ERA5_Reanalysis
2016-08-20,36.0,26.1,31.0,38.6,28.8,33.4,0.0,13.2,34.6,270,22.7,980.9,loc_vellore,12.9165,79.1325,ECMWF_ERA5_Reanalysis
2016-08-21,35.1,25.8,30.7,38.9,29.0,33.7,0.0,10.3,27.4,248,22.24,981.6,loc_vellore,12.9165,79.1325,ECMWF_ERA5_Reanalysis
2016-08-22,35.5,26.3,31.1,38.5,29.4,33.8,0.0,12.1,33.1,276,20.51,982.3,loc_vellore,12.9165,79.1325,ECMWF_ERA5_Reanalysis
2016-08-23,36.5,26.9,31.0,39.2,30.1,34.0,0.5,12.4,35.3,270,20.71,982.2,loc_vellore,12.9165,79.1325,ECMWF_ERA5_Reanalysis
2016-08-24,36.4,26.5,30.5,39.6,29.0,33.4,4.4,14.7,39.2,282,21.61,981.2,loc_vellore,12.9165,79.1325,ECMWF_ERA5_Reanalysis
2016-08-25,34.7,27.0,29.8,37.3,30.4,33.0,8.5,12.8,41.4,289,16.14,981.8,loc_vellore,12.9165,79.1325,ECMWF_ERA5_Reanalysis
2016-08-26,32.3,26.3,29.0,35.6,29.5,32.1,0.0,15.2,36.0,288,13.8,982.0,loc_vellore,12.9165,79.1325,ECMWF_ERA5_Reanalysis
2016-08-27,32.8,25.0,28.1,35.6,28.1,31.4,1.7,15.8,41.8,271,12.37,981.8,loc_vellore,12.9165,79.1325,ECMWF_ERA5_Reanalysis
2016-08-28,34.8,25.1,29.0,37.5,28.1,31.8,0.8,13.5,40.3,282,16.14,982.2,loc_vellore,12.9165,79.1325,ECMWF_ERA5_Reanalysis
2016-08-29,34.1,26.4,28.7,37.1,29.2,32.2,2.4,13.4,42.5,273,15.74,981.4,loc_vellore,12.9165,79.1325,ECMWF_ERA5_Reanalysis
2016-08-30,32.3,25.3,27.9,34.3,28.8,31.5,6.5,16.6,37.4,278,11.66,980.6,loc_vellore,12.9165,79.1325,ECMWF_ERA5_Reanalysis
2016-08-31,31.6,24.3,27.4,35.2,28.6,31.6,8.0,10.9,26.6,258,12.66,981.8,loc_vellore,12.9165,79.1325,ECMWF_ERA5_Reanalysis
2016-09-01,31.5,25.2,27.7,34.8,28.9,31.5,4.6,13.1,31.3,262,13.15,982.8,loc_vellore,12.9165,79.1325,ECMWF_ERA5_Reanalysis
2016-09-02,33.3,24.2,28.4,37.0,28.4,32.3,0.0,11.2,31.0,249,17.83,983.1,loc_vellore,12.9165,79.1325,ECMWF_ERA5_Reanalysis
2016-09-03,33.4,25.0,28.3,36.9,27.5,31.5,0.6,13.9,38.2,268,16.93,983.1,loc_vellore,12.9165,79.1325,ECMWF_ERA5_Reanalysis
2016-09-04,33.4,24.6,28.7,35.3,28.6,31.7,0.3,16.1,37.1,278,16.84,984.3,loc_vellore,12.9165,79.1325,ECMWF_ERA5_Reanalysis
2016-09-05,34.2,25.1,29.6,35.6,27.1,31.1,0.0,19.0,40.0,287,20.92,984.8,loc_vellore,12.9165,79.1325,ECMWF_ERA5_Reanalysis
2016-09-06,34.5,25.6,29.8,36.1,27.0,30.8,0.0,18.5,39.2,287,20.69,984.8,loc_vellore,12.9165,79.1325,ECMWF_ERA5_Reanalysis
2016-09-07,35.4,25.5,30.1,36.6,25.9,31.2,0.0,19.7,42.1,294,23.89,983.7,loc_vellore,12.9165,79.1325,ECMWF_ERA5_Reanalysis
2016-09-08,35.6,25.1,30.1,37.6,26.8,31.7,0.0,14.7,36.4,281,23.14,983.4,loc_vellore,12.9165,79.1325,ECMWF_ERA5_Reanalysis
2016-09-09,34.5,24.3,29.9,36.3,27.3,32.2,0.0,14.0,31.3,310,19.7,983.8,loc_vellore,12.9165,79.1325,ECMWF_ERA5_Reanalysis
2016-09-10,35.4,26.2,29.7,37.8,28.3,32.5,1.5,14.3,36.4,278,18.11,983.0,loc_vellore,12.9165,79.1325,ECMWF_ERA5_Reanalysis
2016-09-11,34.3,26.2,29.3,35.8,28.4,31.7,0.2,15.3,44.3,306,16.35,982.3,loc_vellore,12.9165,79.1325,ECMWF_ERA5_Reanalysis
2016-09-12,32.7,24.6,28.0,34.4,27.7,30.5,0.6,17.8,43.9,297,14.99,981.7,loc_vellore,12.9165,79.1325,ECMWF_ERA5_Reanalysis
2016-09-13,32.9,25.7,28.4,34.0,28.6,31.0,2.1,16.1,38.5,295,13.26,982.0,loc_vellore,12.9165,79.1325,ECMWF_ERA5_Reanalysis
2016-09-14,33.8,25.3,29.0,35.1,28.0,31.4,0.0,13.7,42.5,291,15.42,981.7,loc_vellore,12.9165,79.1325,ECMWF_ERA5_Reanalysis
2016-09-15,35.3,25.4,29.7,36.9,27.9,32.0,1.6,18.5,44.3,268,21.1,981.3,loc_vellore,12.9165,79.1325,ECMWF_ERA5_Reanalysis
2016-09-16,35.2,25.0,29.2,38.2,28.6,32.6,0.6,15.9,44.6,266,19.27,981.4,loc_vellore,12.9165,79.1325,ECMWF_ERA5_Reanalysis
2016-09-17,34.7,26.1,29.9,37.2,28.1,32.2,0.0,15.2,34.9,263,17.99,981.9,loc_vellore,12.9165,79.1325,ECMWF_ERA5_Reanalysis
2016-09-18,35.0,24.9,29.7,36.8,26.6,31.6,0.0,16.1,35.3,279,20.17,983.1,loc_vellore,12.9165,79.1325,ECMWF_ERA5_Reanalysis
2016-09-19,36.2,25.1,30.4,37.6,27.3,32.3,0.0,15.4,36.7,299,22.01,983.0,loc_vellore,12.9165,79.1325,ECMWF_ERA5_Reanalysis
2016-09-20,34.3,26.0,29.7,34.7,27.7,31.2,1.1,17.5,41.4,298,14.19,982.2,loc_vellore,12.9165,79.1325,ECMWF_ERA5_Reanalysis
2016-09-21,29.5,24.7,27.4,31.2,26.8,29.2,2.4,19.6,42.1,284,10.29,982.4,loc_vellore,12.9165,79.1325,ECMWF_ERA5_Reanalysis
2016-09-22,34.5,24.0,28.9,34.2,26.9,30.5,1.5,26.6,56.9,282,18.19,982.1,loc_vellore,12.9165,79.1325,ECMWF_ERA5_Reanalysis
2016-09-23,34.4,25.7,29.6,34.4,27.0,30.6,0.6,24.4,54.4,277,15.99,980.6,loc_vellore,12.9165,79.1325,ECMWF_ERA5_Reanalysis
2016-09-24,34.3,26.1,29.8,35.0,27.7,31.0,0.3,24.4,58.0,271,16.04,979.4,loc_vellore,12.9165,79.1325,ECMWF_ERA5_Reanalysis
2016-09-25,34.7,25.8,30.1,35.9,27.5,31.8,0.0,19.6,45.0,273,15.58,980.1,loc_vellore,12.9165,79.1325,ECMWF_ERA5_Reanalysis
2016-09-26,35.1,26.1,30.6,37.9,28.5,33.0,0.3,16.9,36.4,292,19.29,981.6,loc_vellore,12.9165,79.1325,ECMWF_ERA5_Reanalysis
2016-09-27,33.5,25.1,28.4,37.3,30.3,33.0,16.8,10.5,32.8,268,14.95,982.6,loc_vellore,12.9165,79.1325,ECMWF_ERA5_Reanalysis
2016-09-28,32.2,25.0,27.8,37.2,29.6,32.5,13.8,10.7,30.2,253,15.94,981.9,loc_vellore,12.9165,79.1325,ECMWF_ERA5_Reanalysis
2016-09-29,33.9,24.5,28.4,38.7,28.8,32.7,3.9,12.4,29.5,251,18.76,981.1,loc_vellore,12.9165,79.1325,ECMWF_ERA5_Reanalysis
2016-09-30,33.4,25.6,28.9,36.9,28.8,32.2,0.2,13.8,34.2,279,18.19,980.5,loc_vellore,12.9165,79.1325,ECMWF_ERA5_Reanalysis
2016-10-01,33.4,24.8,28.8,36.4,27.5,31.8,0.0,12.3,27.0,245,18.25,981.8,loc_vellore,12.9165,79.1325,ECMWF_ERA5_Reanalysis
2016-10-02,34.5,24.5,29.2,38.8,28.2,32.6,0.0,12.8,22.3,177,22.14,983.7,loc_vellore,12.9165,79.1325,ECMWF_ERA5_Reanalysis
2016-10-03,33.1,24.5,28.5,38.1,30.0,33.1,0.6,9.7,20.9,129,20.0,983.8,loc_vellore,12.9165,79.1325,ECMWF_ERA5_Reanalysis
2016-10-04,32.8,24.6,28.5,36.5,30.0,32.7,0.6,9.8,23.4,349,15.99,983.8,loc_vellore,12.9165,79.1325,ECMWF_ERA5_Reanalysis
2016-10-05,34.9,24.7,29.5,38.4,28.4,32.6,0.0,10.2,22.3,268,20.08,983.4,loc_vellore,12.9165,79.1325,ECMWF_ERA5_Reanalysis
2016-10-06,35.8,25.6,30.1,37.4,27.6,32.1,0.0,13.7,29.5,266,20.0,983.4,loc_vellore,12.9165,79.1325,ECMWF_ERA5_Reanalysis
2016-10-07,35.5,24.9,30.0,38.6,27.7,32.7,0.0,10.2,26.6,221,19.29,983.6,loc_vellore,12.9165,79.1325,ECMWF_ERA5_Reanalysis
2016-10-08,36.3,25.6,30.7,38.1,28.4,33.0,0.0,11.7,29.2,213,19.71,983.8,loc_vellore,12.9165,79.1325,ECMWF_ERA5_Reanalysis
2016-10-09,35.9,25.7,30.3,37.7,27.6,32.4,0.7,13.6,34.6,284,19.81,984.0,loc_vellore,12.9165,79.1325,ECMWF_ERA5_Reanalysis
2016-10-10,35.6,25.9,30.4,38.7,28.0,32.9,1.3,15.5,41.0,295,19.78,983.4,loc_vellore,12.9165,79.1325,ECMWF_ERA5_Reanalysis
2016-10-11,34.5,25.8,29.3,39.1,29.6,32.9,1.0,13.0,29.5,263,18.16,983.5,loc_vellore,12.9165,79.1325,ECMWF_ERA5_Reanalysis
2016-10-12,34.4,25.3,28.9,38.9,29.2,32.8,3.8,11.9,24.8,296,16.97,983.5,loc_vellore,12.9165,79.1325,ECMWF_ERA5_Reanalysis
2016-10-13,33.7,24.8,28.9,37.0,29.7,32.6,0.0,10.7,22.0,102,18.91,984.3,loc_vellore,12.9165,79.1325,ECMWF_ERA5_Reanalysis
2016-10-14,34.0,24.1,29.0,36.0,28.3,31.7,0.0,14.4,27.0,78,20.36,984.9,loc_vellore,12.9165,79.1325,ECMWF_ERA5_Reanalysis
2016-10-15,34.6,23.6,28.6,36.5,27.8,31.5,0.0,16.4,33.5,73,22.06,985.4,loc_vellore,12.9165,79.1325,ECMWF_ERA5_Reanalysis
2016-10-16,34.7,22.5,28.4,36.4,26.1,30.9,0.0,16.4,30.6,60,21.53,985.8,loc_vellore,12.9165,79.1325,ECMWF_ERA5_Reanalysis
2016-10-17,34.8,21.9,28.4,37.2,24.8,30.8,0.0,12.9,25.2,69,21.0,984.9,loc_vellore,12.9165,79.1325,ECMWF_ERA5_Reanalysis
2016-10-18,35.9,22.7,29.1,37.5,26.0,31.3,0.0,15.6,34.2,50,23.09,984.1,loc_vellore,12.9165,79.1325,ECMWF_ERA5_Reanalysis
2016-10-19,35.7,22.0,29.0,37.4,24.8,31.4,0.0,12.4,30.6,26,19.83,983.3,loc_vellore,12.9165,79.1325,ECMWF_ERA5_Reanalysis
2016-10-20,35.4,23.5,29.4,36.8,27.3,32.0,0.0,12.3,32.8,54,19.48,982.6,loc_vellore,12.9165,79.1325,ECMWF_ERA5_Reanalysis
2016-10-21,33.7,23.7,28.4,36.1,28.1,31.5,0.0,12.0,31.0,148,17.97,983.7,loc_vellore,12.9165,79.1325,ECMWF_ERA5_Reanalysis
2016-10-22,34.0,23.9,28.6,37.3,28.2,31.9,0.0,12.9,30.2,97,18.75,984.9,loc_vellore,12.9165,79.1325,ECMWF_ERA5_Reanalysis
2016-10-23,34.4,24.2,28.7,36.6,27.7,31.4,0.0,11.0,28.1,87,19.62,985.5,loc_vellore,12.9165,79.1325,ECMWF_ERA5_Reanalysis
2016-10-24,35.5,22.5,28.9,36.2,25.6,30.4,0.0,13.6,32.8,24,21.88,985.2,loc_vellore,12.9165,79.1325,ECMWF_ERA5_Reanalysis
2016-10-25,35.7,21.4,28.7,35.3,23.6,29.6,0.0,11.7,32.8,356,20.36,984.4,loc_vellore,12.9165,79.1325,ECMWF_ERA5_Reanalysis
2016-10-26,35.2,21.1,28.4,35.0,22.5,29.3,0.0,12.4,31.7,17,20.43,984.5,loc_vellore,12.9165,79.1325,ECMWF_ERA5_Reanalysis
2016-10-27,34.8,21.3,28.5,35.5,23.3,29.6,0.2,11.5,27.4,6,19.15,985.6,loc_vellore,12.9165,79.1325,ECMWF_ERA5_Reanalysis
2016-10-28,33.5,23.8,28.8,33.6,26.6,30.1,0.3,10.5,24.8,93,10.88,985.2,loc_vellore,12.9165,79.1325,ECMWF_ERA5_Reanalysis
2016-10-29,34.8,24.5,28.4,37.3,28.2,31.7,2.1,14.0,32.0,39,15.29,985.0,loc_vellore,12.9165,79.1325,ECMWF_ERA5_Reanalysis
2016-10-30,30.8,24.2,26.6,33.2,28.4,30.2,7.3,16.6,39.6,51,14.05,986.1,loc_vellore,12.9165,79.1325,ECMWF_ERA5_Reanalysis
2016-10-31,30.9,23.4,26.4,34.0,27.6,30.0,1.4,14.7,34.6,53,17.04,988.0,loc_vellore,12.9165,79.1325,ECMWF_ERA5_Reanalysis
2016-11-01,31.3,23.5,26.7,33.3,27.9,30.0,2.2,15.5,34.9,44,16.57,987.4,loc_vellore,12.9165,79.1325,ECMWF_ERA5_Reanalysis
2016-11-02,29.8,22.9,26.5,31.8,26.9,29.4,0.2,16.6,38.2,38,12.99,986.7,loc_vellore,12.9165,79.1325,ECMWF_ERA5_Reanalysis
2016-11-03,32.9,23.7,27.4,34.9,27.4,30.7,0.1,15.6,40.3,19,15.76,985.9,loc_vellore,12.9165,79.1325,ECMWF_ERA5_Reanalysis
2016-11-04,35.2,22.8,29.0,36.5,26.3,30.7,0.0,13.9,34.6,326,20.46,984.1,loc_vellore,12.9165,79.1325,ECMWF_ERA5_Reanalysis
2016-11-05,35.8,22.2,28.9,36.4,23.9,30.0,0.0,9.2,25.6,337,21.88,983.7,loc_vellore,12.9165,79.1325,ECMWF_ERA5_Reanalysis
2016-11-06,33.6,22.2,28.2,36.5,25.9,30.8,0.0,12.9,24.1,108,17.79,985.4,loc_vellore,12.9165,79.1325,ECMWF_ERA5_Reanalysis
2016-11-07,34.2,23.0,28.2,35.5,27.5,30.8,0.0,15.7,34.9,61,17.9,987.0,loc_vellore,12.9165,79.1325,ECMWF_ERA5_Reanalysis
2016-11-08,33.5,21.3,27.2,34.0,24.6,28.9,0.0,16.6,36.4,47,20.21,987.6,loc_vellore,12.9165,79.1325,ECMWF_ERA5_Reanalysis
2016-11-09,33.1,19.8,26.3,32.2,22.3,26.6,0.0,15.9,31.7,45,22.73,988.7,loc_vellore,12.9165,79.1325,ECMWF_ERA5_Reanalysis
2016-11-10,33.0,18.9,25.9,33.3,20.1,26.4,0.0,15.8,31.0,48,22.08,988.1,loc_vellore,12.9165,79.1325,ECMWF_ERA5_Reanalysis
2016-11-11,32.6,19.4,26.1,33.6,21.0,27.2,0.0,16.4,32.0,65,21.42,987.5,loc_vellore,12.9165,79.1325,ECMWF_ERA5_Reanalysis
2016-11-12,33.2,20.1,26.6,35.1,22.5,28.7,0.0,17.0,34.2,59,19.2,987.9,loc_vellore,12.9165,79.1325,ECMWF_ERA5_Reanalysis
2016-11-13,31.3,23.8,26.0,34.5,27.5,29.5,7.8,15.9,35.6,66,12.95,988.9,loc_vellore,12.9165,79.1325,ECMWF_ERA5_Reanalysis
2016-11-14,31.3,23.3,26.4,34.6,28.1,30.3,0.7,12.0,27.7,85,15.37,988.6,loc_vellore,12.9165,79.1325,ECMWF_ERA5_Reanalysis
2016-11-15,32.2,22.9,26.9,34.3,27.6,30.3,0.0,11.9,29.5,71,18.08,988.0,loc_vellore,12.9165,79.1325,ECMWF_ERA5_Reanalysis
2016-11-16,32.5,22.5,26.7,34.8,26.7,29.6,0.2,17.7,40.3,54,17.61,987.8,loc_vellore,12.9165,79.1325,ECMWF_ERA5_Reanalysis
2016-11-17,31.5,23.1,26.1,32.5,26.4,28.6,1.6,18.8,41.8,51,16.29,988.2,loc_vellore,12.9165,79.1325,ECMWF_ERA5_Reanalysis
2016-11-18,32.2,21.5,26.1,32.2,24.3,27.7,0.0,18.4,41.8,39,18.41,987.4,loc_vellore,12.9165,79.1325,ECMWF_ERA5_Reanalysis
2016-11-19,30.4,19.7,25.2,30.9,22.5,26.9,0.0,15.6,37.8,50,14.93,986.4,loc_vellore,12.9165,79.1325,ECMWF_ERA5_Reanalysis
2016-11-20,31.5,21.5,25.7,32.5,24.6,27.4,0.0,14.5,34.2,47,18.88,986.9,loc_vellore,12.9165,79.1325,ECMWF_ERA5_Reanalysis
2016-11-21,31.5,19.1,24.8,32.1,21.3,25.8,0.0,15.6,34.9,41,20.13,987.2,loc_vellore,12.9165,79.1325,ECMWF_ERA5_Reanalysis
2016-11-22,32.0,17.7,24.5,31.3,19.1,24.9,0.0,12.9,30.2,42,18.73,986.9,loc_vellore,12.9165,79.1325,ECMWF_ERA5_Reanalysis
2016-11-23,32.4,18.2,24.8,32.1,19.9,25.3,0.0,13.7,31.3,60,21.45,986.9,loc_vellore,12.9165,79.1325,ECMWF_ERA5_Reanalysis
2016-11-24,31.4,17.7,24.3,31.3,19.4,25.0,0.0,14.8,34.2,47,21.4,987.5,loc_vellore,12.9165,79.1325,ECMWF_ERA5_Reanalysis
2016-11-25,32.0,16.4,24.1,31.7,17.3,24.6,0.0,15.8,37.4,43,21.63,986.9,loc_vellore,12.9165,79.1325,ECMWF_ERA5_Reanalysis
2016-11-26,32.4,16.0,24.3,31.6,17.1,24.7,0.0,13.2,31.3,46,21.14,987.6,loc_vellore,12.9165,79.1325,ECMWF_ERA5_Reanalysis
2016-11-27,33.9,15.4,24.9,33.1,15.8,24.8,0.0,11.4,28.1,36,21.48,987.1,loc_vellore,12.9165,79.1325,ECMWF_ERA5_Reanalysis
2016-11-28,33.3,15.8,25.0,33.2,15.9,25.3,0.0,11.4,28.1,72,20.09,987.1,loc_vellore,12.9165,79.1325,ECMWF_ERA5_Reanalysis
2016-11-29,32.6,16.6,24.8,32.5,17.8,25.3,0.0,12.2,27.7,67,18.95,988.1,loc_vellore,12.9165,79.1325,ECMWF_ERA5_Reanalysis
2016-11-30,32.0,17.6,24.7,31.4,19.0,25.2,0.0,17.1,37.4,23,16.5,988.2,loc_vellore,12.9165,79.1325,ECMWF_ERA5_Reanalysis
2016-12-01,26.7,20.7,23.2,27.5,21.4,24.8,21.8,20.9,51.1,4,7.24,986.2,loc_vellore,12.9165,79.1325,ECMWF_ERA5_Reanalysis
2016-12-02,26.5,21.9,23.4,29.3,25.3,26.4,11.3,16.2,40.3,81,11.16,987.3,loc_vellore,12.9165,79.1325,ECMWF_ERA5_Reanalysis
2016-12-03,27.3,21.6,23.7,30.7,25.4,27.5,13.3,11.1,28.8,94,10.09,989.3,loc_vellore,12.9165,79.1325,ECMWF_ERA5_Reanalysis
2016-12-04,27.9,22.3,24.2,31.2,26.4,27.9,2.1,13.7,26.6,54,12.69,990.3,loc_vellore,12.9165,79.1325,ECMWF_ERA5_Reanalysis
2016-12-05,27.9,21.0,24.3,30.4,24.5,27.2,0.2,15.3,33.1,34,14.15,989.0,loc_vellore,12.9165,79.1325,ECMWF_ERA5_Reanalysis
2016-12-06,27.9,20.2,23.9,28.5,21.9,25.8,0.0,15.9,34.6,36,15.45,988.5,loc_vellore,12.9165,79.1325,ECMWF_ERA5_Reanalysis
2016-12-07,28.3,17.1,23.1,29.9,18.2,25.1,0.5,11.8,28.8,18,14.28,988.1,loc_vellore,12.9165,79.1325,ECMWF_ERA5_Reanalysis
2016-12-08,29.8,19.7,24.6,31.7,22.6,27.1,0.0,13.0,30.2,34,15.84,987.6,loc_vellore,12.9165,79.1325,ECMWF_ERA5_Reanalysis
2016-12-09,30.9,18.3,24.3,32.5,20.2,26.2,0.0,10.4,25.2,4,19.94,986.0,loc_vellore,12.9165,79.1325,ECMWF_ERA5_Reanalysis
2016-12-10,30.8,15.8,23.7,30.8,16.0,23.8,0.0,11.9,28.1,350,20.05,985.1,loc_vellore,12.9165,79.1325,ECMWF_ERA5_Reanalysis
2016-12-11,30.6,16.4,24.0,29.8,14.8,23.6,0.3,14.0,30.2,324,14.94,983.4,loc_vellore,12.9165,79.1325,ECMWF_ERA5_Reanalysis
2016-12-12,24.9,22.2,23.6,24.6,19.4,22.0,91.5,46.6,97.2,325,2.88,978.5,loc_vellore,12.9165,79.1325,ECMWF_ERA5_Reanalysis
2016-12-13,25.8,20.6,22.8,28.6,20.5,24.9,7.0,27.2,56.2,106,8.95,983.4,loc_vellore,12.9165,79.1325,ECMWF_ERA5_Reanalysis
2016-12-14,27.9,21.6,24.0,30.3,25.4,27.5,0.2,10.2,24.1,89,14.21,986.9,loc_vellore,12.9165,79.1325,ECMWF_ERA5_Reanalysis
2016-12-15,28.1,21.1,24.0,30.6,24.4,27.1,0.9,10.4,23.4,47,14.65,988.3,loc_vellore,12.9165,79.1325,ECMWF_ERA5_Reanalysis
2016-12-16,27.9,21.0,23.9,30.7,24.3,26.9,1.5,13.9,32.4,51,15.2,989.7,loc_vellore,12.9165,79.1325,ECMWF_ERA5_Reanalysis
2016-12-17,28.1,18.7,23.2,30.1,21.1,25.8,0.0,13.0,27.7,40,15.62,989.9,loc_vellore,12.9165,79.1325,ECMWF_ERA5_Reanalysis
2016-12-18,28.1,19.6,23.2,30.4,21.9,25.7,0.0,13.0,29.9,29,18.91,989.7,loc_vellore,12.9165,79.1325,ECMWF_ERA5_Reanalysis
2016-12-19,28.0,17.0,22.3,29.2,18.6,24.0,0.0,14.0,31.3,26,20.18,989.5,loc_vellore,12.9165,79.1325,ECMWF_ERA5_Reanalysis
2016-12-20,28.3,16.6,22.8,30.8,17.8,24.9,0.0,11.7,27.4,29,17.58,989.2,loc_vellore,12.9165,79.1325,ECMWF_ERA5_Reanalysis
2016-12-21,29.5,18.6,24.0,33.5,20.7,26.8,0.0,8.8,20.2,34,20.0,989.5,loc_vellore,12.9165,79.1325,ECMWF_ERA5_Reanalysis
2016-12-22,29.8,17.2,23.5,31.3,19.0,25.3,0.0,10.0,23.8,22,20.7,988.8,loc_vellore,12.9165,79.1325,ECMWF_ERA5_Reanalysis
2016-12-23,29.2,14.9,22.2,30.1,15.4,22.9,0.0,9.2,23.0,39,21.03,987.4,loc_vellore,12.9165,79.1325,ECMWF_ERA5_Reanalysis
2016-12-24,28.8,14.3,21.8,29.4,14.6,22.3,0.0,10.4,24.8,46,21.12,986.4,loc_vellore,12.9165,79.1325,ECMWF_ERA5_Reanalysis
2016-12-25,28.1,14.5,21.2,29.6,15.2,22.4,0.0,8.2,20.2,31,20.53,987.6,loc_vellore,12.9165,79.1325,ECMWF_ERA5_Reanalysis
2016-12-26,29.0,14.7,21.9,28.9,15.4,22.6,0.0,13.1,29.2,18,20.92,987.8,loc_vellore,12.9165,79.1325,ECMWF_ERA5_Reanalysis
2016-12-27,30.1,15.8,22.9,30.2,16.5,23.7,0.0,13.8,31.7,27,20.87,987.9,loc_vellore,12.9165,79.1325,ECMWF_ERA5_Reanalysis
2016-12-28,28.1,19.4,23.9,29.3,21.3,25.5,0.0,14.4,31.7,41,14.54,988.6,loc_vellore,12.9165,79.1325,ECMWF_ERA5_Reanalysis
2016-12-29,28.8,16.5,22.4,29.7,17.7,23.5,0.0,12.4,31.7,35,20.03,989.2,loc_vellore,12.9165,79.1325,ECMWF_ERA5_Reanalysis
2016-12-30,28.5,16.1,22.3,29.6,17.2,23.4,0.0,12.6,33.8,41,19.47,989.7,loc_vellore,12.9165,79.1325,ECMWF_ERA5_Reanalysis
2016-12-31,28.3,15.7,21.9,29.4,16.8,23.0,0.0,12.5,31.0,34,19.66,989.0,loc_vellore,12.9165,79.1325,ECMWF_ERA5_Reanalysis
2017-01-01,29.5,16.7,23.3,31.0,17.9,24.8,0.1,12.6,28.1,61,15.66,988.9,loc_vellore,12.9165,79.1325,ECMWF_ERA5_Reanalysis
2017-01-02,30.3,19.3,23.8,31.2,21.9,25.5,0.0,14.6,28.4,33,20.57,989.3,loc_vellore,12.9165,79.1325,ECMWF_ERA5_Reanalysis
2017-01-03,30.7,17.7,23.5,31.4,19.7,24.8,0.0,13.4,29.5,38,20.93,988.8,loc_vellore,12.9165,79.1325,ECMWF_ERA5_Reanalysis
2017-01-04,30.0,17.2,23.5,31.7,18.9,24.8,0.0,13.5,28.4,71,19.28,988.5,loc_vellore,12.9165,79.1325,ECMWF_ERA5_Reanalysis
2017-01-05,29.9,20.2,24.3,31.5,23.4,26.4,0.0,15.7,30.6,66,20.44,988.1,loc_vellore,12.9165,79.1325,ECMWF_ERA5_Reanalysis
2017-01-06,29.7,18.4,23.5,30.7,20.6,25.2,0.0,13.6,27.7,80,20.58,987.7,loc_vellore,12.9165,79.1325,ECMWF_ERA5_Reanalysis
2017-01-07,29.6,19.1,23.7,32.2,21.3,25.7,0.0,17.3,34.2,103,18.42,986.6,loc_vellore,12.9165,79.1325,ECMWF_ERA5_Reanalysis
2017-01-08,29.2,17.7,23.1,30.6,19.5,24.3,0.0,14.0,28.4,91,20.78,986.2,loc_vellore,12.9165,79.1325,ECMWF_ERA5_Reanalysis
2017-01-09,29.6,17.1,22.8,30.1,18.7,23.9,0.0,13.0,28.4,91,21.49,986.3,loc_vellore,12.9165,79.1325,ECMWF_ERA5_Reanalysis
2017-01-10,30.3,17.2,23.3,32.2,18.9,24.9,0.0,11.6,28.4,108,20.22,986.7,loc_vellore,12.9165,79.1325,ECMWF_ERA5_Reanalysis
2017-01-11,30.1,18.0,24.1,32.5,19.8,25.5,0.0,16.7,33.8,111,18.07,987.1,loc_vellore,12.9165,79.1325,ECMWF_ERA5_Reanalysis
2017-01-12,29.7,20.4,24.4,31.7,23.0,26.5,0.0,13.4,30.2,108,15.58,986.9,loc_vellore,12.9165,79.1325,ECMWF_ERA5_Reanalysis
2017-01-13,28.2,20.7,24.1,28.7,23.7,25.8,0.1,13.4,28.8,93,12.23,987.2,loc_vellore,12.9165,79.1325,ECMWF_ERA5_Reanalysis
2017-01-14,29.4,19.8,24.0,30.0,21.3,25.2,0.2,12.1,29.9,82,16.8,988.4,loc_vellore,12.9165,79.1325,ECMWF_ERA5_Reanalysis
2017-01-15,29.7,19.1,24.2,30.4,21.7,25.6,0.0,17.2,36.0,79,19.61,990.1,loc_vellore,12.9165,79.1325,ECMWF_ERA5_Reanalysis
2017-01-16,28.7,19.7,23.9,29.6,22.5,25.3,0.3,18.4,35.6,71,16.55,990.0,loc_vellore,12.9165,79.1325,ECMWF_ERA5_Reanalysis
2017-01-17,29.6,17.3,23.0,30.0,18.9,23.8,0.0,14.0,31.0,69,21.67,989.7,loc_vellore,12.9165,79.1325,ECMWF_ERA5_Reanalysis
2017-01-18,28.7,17.2,22.5,28.5,18.8,23.0,0.0,18.5,38.5,56,20.58,990.9,loc_vellore,12.9165,79.1325,ECMWF_ERA5_Reanalysis
2017-01-19,27.6,18.7,23.2,26.8,19.9,23.6,0.0,17.9,37.1,49,12.54,990.9,loc_vellore,12.9165,79.1325,ECMWF_ERA5_Reanalysis
2017-01-20,29.3,18.5,23.9,28.9,19.8,24.6,0.0,18.4,40.0,42,10.93,990.2,loc_vellore,12.9165,79.1325,ECMWF_ERA5_Reanalysis
2017-01-21,29.7,21.7,25.0,30.5,24.1,26.6,1.3,20.4,43.6,58,14.5,990.6,loc_vellore,12.9165,79.1325,ECMWF_ERA5_Reanalysis
2017-01-22,31.1,19.7,24.6,30.7,21.9,25.6,0.0,18.6,39.2,56,19.36,991.7,loc_vellore,12.9165,79.1325,ECMWF_ERA5_Reanalysis
2017-01-23,30.2,17.7,23.6,30.0,19.5,24.6,0.0,17.1,38.5,51,19.14,991.4,loc_vellore,12.9165,79.1325,ECMWF_ERA5_Reanalysis
2017-01-24,30.4,18.0,24.0,30.7,19.9,25.0,0.0,19.8,42.8,57,20.78,990.6,loc_vellore,12.9165,79.1325,ECMWF_ERA5_Reanalysis
2017-01-25,30.0,19.9,24.5,30.6,22.9,25.9,0.0,16.7,36.7,52,18.17,990.7,loc_vellore,12.9165,79.1325,ECMWF_ERA5_Reanalysis
2017-01-26,27.3,20.4,23.6,28.5,22.7,25.9,1.0,15.0,32.0,59,7.2,990.2,loc_vellore,12.9165,79.1325,ECMWF_ERA5_Reanalysis
2017-01-27,25.9,22.0,23.3,29.0,26.0,26.8,11.3,13.4,29.2,69,6.54,989.1,loc_vellore,12.9165,79.1325,ECMWF_ERA5_Reanalysis
2017-01-28,28.7,22.0,24.2,30.6,25.7,27.5,1.8,14.8,35.6,72,11.48,988.9,loc_vellore,12.9165,79.1325,ECMWF_ERA5_Reanalysis
2017-01-29,29.4,21.0,24.8,32.1,25.0,28.1,0.1,13.4,26.6,82,15.12,989.4,loc_vellore,12.9165,79.1325,ECMWF_ERA5_Reanalysis
2017-01-30,30.1,20.6,24.5,32.0,23.6,26.8,0.0,12.9,31.0,74,18.48,989.3,loc_vellore,12.9165,79.1325,ECMWF_ERA5_Reanalysis
2017-01-31,30.2,19.5,24.1,32.8,21.7,26.6,0.0,11.2,24.5,107,21.32,988.8,loc_vellore,12.9165,79.1325,ECMWF_ERA5_Reanalysis
2017-02-01,30.1,16.6,22.9,32.0,18.3,24.7,0.0,9.5,23.8,120,22.45,989.4,loc_vellore,12.9165,79.1325,ECMWF_ERA5_Reanalysis
2017-02-02,30.2,17.1,23.3,31.9,19.1,25.0,0.0,12.6,27.7,104,23.07,990.9,loc_vellore,12.9165,79.1325,ECMWF_ERA5_Reanalysis
2017-02-03,30.0,18.8,23.8,31.4,21.5,25.6,0.0,13.5,32.8,76,22.21,990.5,loc_vellore,12.9165,79.1325,ECMWF_ERA5_Reanalysis
2017-02-04,30.1,18.1,23.8,30.9,20.4,25.1,0.0,13.6,32.0,95,22.0,989.3,loc_vellore,12.9165,79.1325,ECMWF_ERA5_Reanalysis
2017-02-05,29.9,16.9,23.3,30.9,18.3,24.3,0.0,13.8,30.2,114,23.16,989.0,loc_vellore,12.9165,79.1325,ECMWF_ERA5_Reanalysis
2017-02-06,31.3,16.9,23.7,32.4,18.4,24.6,0.0,11.9,24.8,127,23.53,988.6,loc_vellore,12.9165,79.1325,ECMWF_ERA5_Reanalysis
2017-02-07,32.3,16.6,24.5,33.0,16.6,24.7,0.0,12.1,26.3,117,23.69,988.1,loc_vellore,12.9165,79.1325,ECMWF_ERA5_Reanalysis
2017-02-08,32.7,16.8,24.4,32.1,17.7,24.3,0.0,12.6,31.0,111,24.16,988.6,loc_vellore,12.9165,79.1325,ECMWF_ERA5_Reanalysis
2017-02-09,32.4,16.4,24.0,32.4,16.8,24.2,0.0,15.2,29.5,107,24.04,988.2,loc_vellore,12.9165,79.1325,ECMWF_ERA5_Reanalysis
2017-02-10,31.1,15.8,23.3,31.7,16.9,23.9,0.0,14.2,27.7,132,24.23,987.8,loc_vellore,12.9165,79.1325,ECMWF_ERA5_Reanalysis
2017-02-11,31.1,15.7,23.4,32.1,16.7,24.3,0.0,17.2,34.6,117,23.77,988.7,loc_vellore,12.9165,79.1325,ECMWF_ERA5_Reanalysis
2017-02-12,30.1,17.1,23.5,30.8,18.7,24.4,0.0,13.4,34.9,99,22.68,990.3,loc_vellore,12.9165,79.1325,ECMWF_ERA5_Reanalysis
2017-02-13,31.8,18.0,24.5,32.0,19.8,25.5,0.0,18.7,41.0,96,21.7,991.7,loc_vellore,12.9165,79.1325,ECMWF_ERA5_Reanalysis
2017-02-14,31.7,21.0,25.5,32.2,23.5,26.9,0.5,19.6,40.7,65,13.85,992.8,loc_vellore,12.9165,79.1325,ECMWF_ERA5_Reanalysis
2017-02-15,32.6,19.8,25.2,32.5,22.2,26.3,0.0,20.3,43.2,61,22.2,992.9,loc_vellore,12.9165,79.1325,ECMWF_ERA5_Reanalysis
2017-02-16,31.6,18.2,24.3,31.2,20.1,24.6,0.0,19.9,42.8,61,23.52,991.3,loc_vellore,12.9165,79.1325,ECMWF_ERA5_Reanalysis
2017-02-17,32.0,17.1,24.3,31.8,18.3,24.5,0.0,18.4,40.3,88,24.4,990.0,loc_vellore,12.9165,79.1325,ECMWF_ERA5_Reanalysis
2017-02-18,32.6,17.0,24.4,32.5,18.0,24.8,0.0,13.8,34.2,91,24.55,990.3,loc_vellore,12.9165,79.1325,ECMWF_ERA5_Reanalysis
2017-02-19,34.0,17.5,25.6,34.3,18.9,26.6,0.0,14.8,33.8,98,24.52,989.2,loc_vellore,12.9165,79.1325,ECMWF_ERA5_Reanalysis
2017-02-20,35.4,18.6,27.1,37.3,20.5,28.4,0.0,11.2,22.7,147,24.4,986.1,loc_vellore,12.9165,79.1325,ECMWF_ERA5_Reanalysis
2017-02-21,35.7,20.1,27.7,37.5,20.9,28.6,0.0,16.0,36.0,146,24.57,985.4,loc_vellore,12.9165,79.1325,ECMWF_ERA5_Reanalysis
2017-02-22,36.2,19.0,27.5,37.1,20.8,28.7,0.0,15.5,32.4,128,24.9,985.9,loc_vellore,12.9165,79.1325,ECMWF_ERA5_Reanalysis
2017-02-23,35.2,22.1,27.6,36.8,25.4,29.5,0.0,14.8,32.4,120,24.71,987.7,loc_vellore,12.9165,79.1325,ECMWF_ERA5_Reanalysis
2017-02-24,34.7,19.7,26.7,35.8,22.0,28.3,0.0,16.6,36.7,110,24.92,988.4,loc_vellore,12.9165,79.1325,ECMWF_ERA5_Reanalysis
2017-02-25,35.6,17.9,26.6,35.7,20.0,27.9,0.0,16.6,36.4,106,25.12,988.1,loc_vellore,12.9165,79.1325,ECMWF_ERA5_Reanalysis
2017-02-26,34.4,20.2,26.5,35.0,23.1,28.4,0.0,19.1,40.0,98,24.31,986.7,loc_vellore,12.9165,79.1325,ECMWF_ERA5_Reanalysis
2017-02-27,33.3,20.1,26.1,33.6,23.6,27.7,0.0,16.8,37.1,89,23.21,987.7,loc_vellore,12.9165,79.1325,ECMWF_ERA5_Reanalysis
2017-02-28,33.4,19.0,25.5,33.7,21.7,26.7,0.0,18.8,40.0,65,24.85,988.1,loc_vellore,12.9165,79.1325,ECMWF_ERA5_Reanalysis
2017-03-01,33.3,17.6,25.0,32.8,19.3,25.5,0.0,18.3,40.3,90,25.51,987.8,loc_vellore,12.9165,79.1325,ECMWF_ERA5_Reanalysis
2017-03-02,33.5,19.5,26.0,33.6,21.4,26.9,0.0,14.4,31.7,89,23.46,986.8,loc_vellore,12.9165,79.1325,ECMWF_ERA5_Reanalysis
2017-03-03,35.1,19.5,26.3,36.6,22.3,28.3,0.0,20.7,45.4,124,23.54,984.5,loc_vellore,12.9165,79.1325,ECMWF_ERA5_Reanalysis
2017-03-04,31.6,24.3,26.9,36.2,27.5,30.1,3.0,16.0,37.4,132,17.89,984.2,loc_vellore,12.9165,79.1325,ECMWF_ERA5_Reanalysis
2017-03-05,35.4,23.8,28.6,39.0,28.0,32.0,0.2,17.5,39.6,133,21.65,983.6,loc_vellore,12.9165,79.1325,ECMWF_ERA5_Reanalysis
2017-03-06,35.6,25.1,29.5,38.3,28.8,32.6,0.2,16.8,43.6,145,22.55,983.2,loc_vellore,12.9165,79.1325,ECMWF_ERA5_Reanalysis
2017-03-07,34.2,25.0,28.5,37.8,29.2,31.8,0.6,19.7,42.1,146,19.56,983.6,loc_vellore,12.9165,79.1325,ECMWF_ERA5_Reanalysis
2017-03-08,32.7,24.9,27.8,38.2,28.6,31.4,9.9,14.8,38.5,158,17.23,983.7,loc_vellore,12.9165,79.1325,ECMWF_ERA5_Reanalysis
2017-03-09,32.7,24.8,28.1,37.7,28.8,31.6,2.3,19.1,37.8,157,21.82,983.2,loc_vellore,12.9165,79.1325,ECMWF_ERA5_Reanalysis
2017-03-10,31.0,25.1,27.5,36.6,28.9,31.4,14.5,18.3,41.4,161,16.29,983.5,loc_vellore,12.9165,79.1325,ECMWF_ERA5_Reanalysis
2017-03-11,35.0,24.3,28.9,37.8,28.6,32.0,0.0,19.1,41.8,162,22.8,984.8,loc_vellore,12.9165,79.1325,ECMWF_ERA5_Reanalysis
2017-03-12,34.1,24.6,28.4,38.5,28.5,32.2,1.0,18.2,38.2,146,20.21,985.3,loc_vellore,12.9165,79.1325,ECMWF_ERA5_Reanalysis
2017-03-13,34.6,24.4,28.4,38.8,29.5,32.3,5.2,17.1,33.5,135,20.14,985.9,loc_vellore,12.9165,79.1325,ECMWF_ERA5_Reanalysis
2017-03-14,32.2,24.3,27.5,36.0,28.9,31.1,1.5,21.1,44.3,141,18.67,986.9,loc_vellore,12.9165,79.1325,ECMWF_ERA5_Reanalysis
2017-03-15,33.4,24.0,27.8,36.3,28.3,30.9,0.7,16.1,36.7,122,20.24,987.3,loc_vellore,12.9165,79.1325,ECMWF_ERA5_Reanalysis
2017-03-16,34.3,23.1,28.1,37.0,27.7,30.9,0.0,17.1,34.6,148,23.82,987.0,loc_vellore,12.9165,79.1325,ECMWF_ERA5_Reanalysis
2017-03-17,35.2,23.1,28.6,38.9,27.6,31.8,0.4,15.8,36.0,152,21.3,985.9,loc_vellore,12.9165,79.1325,ECMWF_ERA5_Reanalysis
2017-03-18,36.4,23.7,28.9,40.2,27.3,31.9,0.2,23.4,45.7,140,22.59,986.3,loc_vellore,12.9165,79.1325,ECMWF_ERA5_Reanalysis
2017-03-19,36.8,23.9,29.3,40.9,28.2,32.8,0.0,16.3,48.6,136,22.41,986.8,loc_vellore,12.9165,79.1325,ECMWF_ERA5_Reanalysis
2017-03-20,36.5,24.6,30.0,39.3,29.6,33.4,0.1,16.4,32.4,139,22.8,986.2,loc_vellore,12.9165,79.1325,ECMWF_ERA5_Reanalysis
2017-03-21,35.4,25.3,29.3,38.1,30.1,32.7,0.2,16.7,38.5,126,20.48,987.4,loc_vellore,12.9165,79.1325,ECMWF_ERA5_Reanalysis
2017-03-22,36.3,24.7,29.2,37.9,28.4,32.1,0.0,16.9,40.7,97,22.31,987.3,loc_vellore,12.9165,79.1325,ECMWF_ERA5_Reanalysis
2017-03-23,36.7,23.2,29.0,37.8,27.3,31.1,0.0,18.5,38.2,119,26.52,986.8,loc_vellore,12.9165,79.1325,ECMWF_ERA5_Reanalysis
2017-03-24,37.1,21.0,28.6,37.7,24.9,30.1,0.0,16.0,36.0,120,26.96,986.4,loc_vellore,12.9165,79.1325,ECMWF_ERA5_Reanalysis
2017-03-25,38.3,19.9,29.0,37.8,20.6,29.3,0.0,17.6,38.9,123,27.15,986.5,loc_vellore,12.9165,79.1325,ECMWF_ERA5_Reanalysis
2017-03-26,38.3,21.1,29.0,38.4,24.5,30.6,0.0,20.9,43.9,105,26.9,986.8,loc_vellore,12.9165,79.1325,ECMWF_ERA5_Reanalysis
2017-03-27,37.5,20.8,28.7,37.3,24.0,30.0,0.0,14.0,33.8,137,26.97,987.3,loc_vellore,12.9165,79.1325,ECMWF_ERA5_Reanalysis
2017-03-28,37.2,22.2,29.4,38.6,25.1,31.1,0.0,17.0,34.6,139,25.34,987.4,loc_vellore,12.9165,79.1325,ECMWF_ERA5_Reanalysis
2017-03-29,38.6,22.1,29.8,40.0,25.9,31.9,0.0,15.0,34.2,135,25.72,986.5,loc_vellore,12.9165,79.1325,ECMWF_ERA5_Reanalysis
2017-03-30,37.8,22.7,29.8,39.3,26.5,32.0,0.0,12.9,31.7,137,26.98,986.8,loc_vellore,12.9165,79.1325,ECMWF_ERA5_Reanalysis
2017-03-31,37.5,24.8,30.0,39.0,28.2,32.5,0.0,15.5,36.4,143,25.37,987.4,loc_vellore,12.9165,79.1325,ECMWF_ERA5_Reanalysis
2017-04-01,38.9,22.2,30.5,39.5,25.1,31.8,0.0,15.3,36.4,151,26.98,986.0,loc_vellore,12.9165,79.1325,ECMWF_ERA5_Reanalysis
2017-04-02,38.9,22.9,30.4,39.6,25.2,31.9,0.0,20.6,40.7,147,26.91,984.8,loc_vellore,12.9165,79.1325,ECMWF_ERA5_Reanalysis
2017-04-03,38.0,23.2,30.4,40.0,27.4,32.8,0.0,18.4,40.0,143,25.18,985.4,loc_vellore,12.9165,79.1325,ECMWF_ERA5_Reanalysis
2017-04-04,36.8,25.7,30.5,40.2,30.0,33.7,0.0,17.1,37.4,148,22.59,985.9,loc_vellore,12.9165,79.1325,ECMWF_ERA5_Reanalysis
2017-04-05,38.1,25.7,31.3,41.4,30.1,34.5,0.0,14.0,29.2,144,24.84,984.9,loc_vellore,12.9165,79.1325,ECMWF_ERA5_Reanalysis
2017-04-06,38.5,25.9,31.4,42.0,30.3,34.7,0.0,18.6,36.7,136,24.56,984.1,loc_vellore,12.9165,79.1325,ECMWF_ERA5_Reanalysis
2017-04-07,38.9,25.4,31.7,41.4,30.3,34.6,0.0,16.5,31.7,137,25.64,984.0,loc_vellore,12.9165,79.1325,ECMWF_ERA5_Reanalysis
2017-04-08,38.1,24.3,30.7,39.7,28.6,33.5,0.0,16.8,37.4,142,25.8,984.0,loc_vellore,12.9165,79.1325,ECMWF_ERA5_Reanalysis
2017-04-09,37.9,24.0,30.5,40.4,28.1,33.4,0.0,13.7,31.0,139,23.85,984.1,loc_vellore,12.9165,79.1325,ECMWF_ERA5_Reanalysis
2017-04-10,38.5,24.5,31.2,40.8,29.3,34.2,0.0,14.5,29.9,138,24.06,983.2,loc_vellore,12.9165,79.1325,ECMWF_ERA5_Reanalysis
2017-04-11,38.6,25.4,31.3,41.6,30.2,34.6,0.0,16.5,36.4,114,24.39,983.2,loc_vellore,12.9165,79.1325,ECMWF_ERA5_Reanalysis
2017-04-12,38.4,24.1,30.9,41.2,29.0,34.5,0.0,14.9,34.6,112,25.71,983.8,loc_vellore,12.9165,79.1325,ECMWF_ERA5_Reanalysis
2017-04-13,38.2,25.4,30.8,40.0,29.5,34.0,0.0,18.0,34.9,113,26.46,984.4,loc_vellore,12.9165,79.1325,ECMWF_ERA5_Reanalysis
2017-04-14,37.4,24.2,30.1,39.5,28.9,33.3,0.0,11.2,28.8,116,24.28,983.6,loc_vellore,12.9165,79.1325,ECMWF_ERA5_Reanalysis
2017-04-15,39.1,23.6,30.8,41.8,27.6,33.9,0.0,16.2,36.0,105,26.43,981.9,loc_vellore,12.9165,79.1325,ECMWF_ERA5_Reanalysis
2017-04-16,39.5,24.9,32.1,43.3,29.3,34.7,0.0,12.0,22.7,166,24.66,981.4,loc_vellore,12.9165,79.1325,ECMWF_ERA5_Reanalysis
2017-04-17,40.5,26.6,33.4,44.0,27.8,35.0,0.0,16.3,36.4,281,23.77,982.0,loc_vellore,12.9165,79.1325,ECMWF_ERA5_Reanalysis
2017-04-18,40.9,27.0,33.7,44.3,31.4,36.3,0.0,17.4,33.8,155,25.02,982.2,loc_vellore,12.9165,79.1325,ECMWF_ERA5_Reanalysis
2017-04-19,39.7,27.3,33.0,43.0,29.5,35.3,0.0,14.8,29.2,149,24.94,982.6,loc_vellore,12.9165,79.1325,ECMWF_ERA5_Reanalysis
2017-04-20,38.6,27.6,32.4,43.6,31.5,36.1,1.3,15.8,43.2,169,22.04,982.6,loc_vellore,12.9165,79.1325,ECMWF_ERA5_Reanalysis
2017-04-21,37.6,28.8,32.5,42.2,32.9,35.9,1.0,20.2,42.1,239,20.06,983.1,loc_vellore,12.9165,79.1325,ECMWF_ERA5_Reanalysis
2017-04-22,38.8,28.2,32.9,43.9,31.4,36.2,0.0,12.4,24.8,217,21.19,982.6,loc_vellore,12.9165,79.1325,ECMWF_ERA5_Reanalysis
2017-04-23,39.7,27.9,33.5,43.0,31.9,36.1,0.0,15.3,30.6,175,22.9,982.6,loc_vellore,12.9165,79.1325,ECMWF_ERA5_Reanalysis
2017-04-24,39.3,27.7,33.2,42.5,32.8,36.1,0.1,14.0,31.0,168,20.84,982.8,loc_vellore,12.9165,79.1325,ECMWF_ERA5_Reanalysis
2017-04-25,39.4,28.1,32.5,43.9,32.3,36.3,0.2,13.3,34.6,133,22.77,983.6,loc_vellore,12.9165,79.1325,ECMWF_ERA5_Reanalysis
2017-04-26,39.1,26.7,32.7,41.7,31.0,35.5,0.0,15.7,35.6,133,24.01,983.6,loc_vellore,12.9165,79.1325,ECMWF_ERA5_Reanalysis
2017-04-27,39.0,26.7,32.5,41.6,31.2,35.7,0.0,12.3,32.0,146,24.57,984.0,loc_vellore,12.9165,79.1325,ECMWF_ERA5_Reanalysis
2017-04-28,38.5,26.1,31.9,42.5,29.9,35.2,0.4,12.2,34.2,126,25.09,984.3,loc_vellore,12.9165,79.1325,ECMWF_ERA5_Reanalysis
2017-04-29,39.2,26.7,32.4,42.5,31.2,35.4,0.0,15.8,37.8,153,24.51,984.4,loc_vellore,12.9165,79.1325,ECMWF_ERA5_Reanalysis
2017-04-30,38.2,26.7,31.4,42.3,30.0,34.5,2.5,18.7,41.4,141,24.56,984.5,loc_vellore,12.9165,79.1325,ECMWF_ERA5_Reanalysis
2017-05-01,37.3,26.4,30.9,40.3,29.6,33.5,1.2,15.4,32.4,153,24.66,985.2,loc_vellore,12.9165,79.1325,ECMWF_ERA5_Reanalysis
2017-05-02,36.7,26.2,30.5,39.5,30.0,33.5,1.0,18.5,47.5,138,23.86,986.1,loc_vellore,12.9165,79.1325,ECMWF_ERA5_Reanalysis
2017-05-03,37.4,26.0,30.7,40.3,29.9,33.7,0.0,19.6,41.4,142,25.02,986.0,loc_vellore,12.9165,79.1325,ECMWF_ERA5_Reanalysis
2017-05-04,38.5,25.4,31.3,41.2,30.0,34.4,0.2,19.9,43.2,136,25.64,985.5,loc_vellore,12.9165,79.1325,ECMWF_ERA5_Reanalysis
2017-05-05,38.6,26.3,31.7,41.7,30.7,34.8,0.0,18.1,38.5,143,25.33,985.1,loc_vellore,12.9165,79.1325,ECMWF_ERA5_Reanalysis
2017-05-06,39.0,27.0,32.1,43.0,31.2,35.4,0.2,20.9,41.4,143,24.93,985.3,loc_vellore,12.9165,79.1325,ECMWF_ERA5_Reanalysis
2017-05-07,38.5,26.1,30.8,43.0,30.9,34.8,13.2,19.9,43.6,143,24.63,986.1,loc_vellore,12.9165,79.1325,ECMWF_ERA5_Reanalysis
2017-05-08,38.4,26.7,31.8,42.4,31.8,35.3,0.1,11.9,28.1,150,21.1,984.5,loc_vellore,12.9165,79.1325,ECMWF_ERA5_Reanalysis
2017-05-09,39.2,27.5,32.1,44.2,32.1,35.7,2.2,9.5,26.3,180,23.14,983.2,loc_vellore,12.9165,79.1325,ECMWF_ERA5_Reanalysis
2017-05-10,36.2,26.7,30.6,41.3,31.1,34.3,2.4,16.5,46.1,143,20.62,983.8,loc_vellore,12.9165,79.1325,ECMWF_ERA5_Reanalysis
2017-05-11,35.9,26.8,30.2,40.9,31.4,34.3,1.7,19.0,43.6,143,19.94,984.1,loc_vellore,12.9165,79.1325,ECMWF_ERA5_Reanalysis
2017-05-12,36.0,25.9,30.5,40.3,30.0,34.2,0.3,17.6,37.4,138,21.83,984.3,loc_vellore,12.9165,79.1325,ECMWF_ERA5_Reanalysis
2017-05-13,38.5,26.3,31.7,42.4,31.9,35.7,0.0,18.0,37.1,141,24.92,983.0,loc_vellore,12.9165,79.1325,ECMWF_ERA5_Reanalysis
2017-05-14,41.2,27.2,33.5,45.6,32.4,37.3,0.0,17.0,34.9,162,24.7,981.5,loc_vellore,12.9165,79.1325,ECMWF_ERA5_Reanalysis
2017-05-15,41.3,28.3,34.1,45.2,30.2,36.4,0.0,18.5,41.4,283,22.99,980.5,loc_vellore,12.9165,79.1325,ECMWF_ERA5_Reanalysis
2017-05-16,42.2,29.0,34.7,46.0,31.1,37.0,0.1,15.9,32.8,263,23.57,979.4,loc_vellore,12.9165,79.1325,ECMWF_ERA5_Reanalysis
2017-05-17,41.2,30.0,34.4,43.8,31.0,35.9,0.5,22.4,51.8,273,22.03,979.6,loc_vellore,12.9165,79.1325,ECMWF_ERA5_Reanalysis
2017-05-18,42.3,28.4,33.3,45.6,30.8,35.4,4.3,22.7,48.2,274,22.42,980.9,loc_vellore,12.9165,79.1325,ECMWF_ERA5_Reanalysis
2017-05-19,41.5,27.7,32.9,43.8,29.0,34.7,0.5,21.3,47.9,278,21.23,981.9,loc_vellore,12.9165,79.1325,ECMWF_ERA5_Reanalysis
2017-05-20,40.2,28.6,32.6,44.5,29.6,34.9,0.5,23.9,52.6,281,21.64,981.0,loc_vellore,12.9165,79.1325,ECMWF_ERA5_Reanalysis
2017-05-21,38.5,28.8,32.4,41.4,30.3,35.1,2.4,19.0,42.1,275,20.39,980.0,loc_vellore,12.9165,79.1325,ECMWF_ERA5_Reanalysis
2017-05-22,39.7,27.8,33.1,44.3,30.3,35.9,0.1,13.4,33.1,256,23.04,980.4,loc_vellore,12.9165,79.1325,ECMWF_ERA5_Reanalysis
2017-05-23,39.0,27.9,32.4,42.6,29.9,35.0,1.1,14.3,32.8,283,20.46,980.9,loc_vellore,12.9165,79.1325,ECMWF_ERA5_Reanalysis
2017-05-24,40.3,27.6,33.1,44.6,32.0,36.0,0.4,14.8,30.2,287,20.61,979.9,loc_vellore,12.9165,79.1325,ECMWF_ERA5_Reanalysis
2017-05-25,39.2,28.2,32.3,43.9,30.0,35.8,1.6,20.7,46.4,294,20.52,979.5,loc_vellore,12.9165,79.1325,ECMWF_ERA5_Reanalysis
2017-05-26,39.8,27.7,32.0,44.0,31.3,35.2,5.1,22.9,54.7,280,21.88,979.4,loc_vellore,12.9165,79.1325,ECMWF_ERA5_Reanalysis
2017-05-27,38.8,28.0,31.2,43.1,31.1,34.5,0.6,19.5,40.0,277,19.81,979.4,loc_vellore,12.9165,79.1325,ECMWF_ERA5_Reanalysis
2017-05-28,36.9,28.0,31.7,40.9,29.8,34.5,1.2,21.6,48.6,269,20.38,979.3,loc_vellore,12.9165,79.1325,ECMWF_ERA5_Reanalysis
2017-05-29,38.1,27.8,32.4,40.3,28.9,33.8,0.5,26.8,56.2,273,24.39,978.9,loc_vellore,12.9165,79.1325,ECMWF_ERA5_Reanalysis
2017-05-30,38.7,28.0,32.9,39.6,28.2,33.4,0.0,27.0,56.9,271,25.01,978.7,loc_vellore,12.9165,79.1325,ECMWF_ERA5_Reanalysis
2017-05-31,36.8,27.3,32.1,39.3,27.9,33.7,0.4,23.0,48.6,260,21.79,979.5,loc_vellore,12.9165,79.1325,ECMWF_ERA5_Reanalysis
2017-06-01,37.5,27.1,32.2,40.6,28.9,34.3,0.0,18.9,38.9,227,22.62,979.6,loc_vellore,12.9165,79.1325,ECMWF_ERA5_Reanalysis
2017-06-02,37.5,27.9,32.0,42.0,31.1,35.7,1.6,12.6,39.6,223,21.12,980.0,loc_vellore,12.9165,79.1325,ECMWF_ERA5_Reanalysis
2017-06-03,37.7,28.4,32.0,41.2,30.8,35.1,2.8,19.2,50.4,270,21.34,981.3,loc_vellore,12.9165,79.1325,ECMWF_ERA5_Reanalysis
2017-06-04,39.6,28.8,32.3,44.2,30.3,35.0,2.5,21.0,43.6,282,21.72,981.2,loc_vellore,12.9165,79.1325,ECMWF_ERA5_Reanalysis
2017-06-05,39.5,28.7,32.2,43.1,30.3,34.9,3.4,21.4,47.5,281,21.51,981.2,loc_vellore,12.9165,79.1325,ECMWF_ERA5_Reanalysis
2017-06-06,37.4,25.2,30.2,41.0,29.3,33.5,21.5,21.5,46.1,282,20.94,982.1,loc_vellore,12.9165,79.1325,ECMWF_ERA5_Reanalysis
2017-06-07,30.3,25.5,27.6,33.0,27.4,30.1,3.5,22.4,45.4,280,8.29,983.0,loc_vellore,12.9165,79.1325,ECMWF_ERA5_Reanalysis
2017-06-08,31.1,27.1,28.6,33.5,27.0,29.9,0.2,21.2,43.6,281,8.42,981.8,loc_vellore,12.9165,79.1325,ECMWF_ERA5_Reanalysis
2017-06-09,33.4,26.5,29.7,34.2,27.2,30.6,3.2,23.7,49.7,269,10.75,980.5,loc_vellore,12.9165,79.1325,ECMWF_ERA5_Reanalysis
2017-06-10,35.0,27.1,30.7,36.9,27.3,31.5,0.3,23.3,55.8,272,18.54,980.0,loc_vellore,12.9165,79.1325,ECMWF_ERA5_Reanalysis
2017-06-11,33.8,27.4,30.2,33.9,28.6,30.8,0.0,26.6,56.2,260,11.38,980.1,loc_vellore,12.9165,79.1325,ECMWF_ERA5_Reanalysis
2017-06-12,34.8,27.7,30.5,36.4,29.4,32.3,0.2,21.4,49.3,250,14.12,980.4,loc_vellore,12.9165,79.1325,ECMWF_ERA5_Reanalysis
2017-06-13,35.5,27.4,30.9,37.2,29.4,33.2,0.2,19.2,42.1,255,13.38,980.4,loc_vellore,12.9165,79.1325,ECMWF_ERA5_Reanalysis
2017-06-14,36.8,27.5,31.3,39.8,29.8,34.3,0.4,18.0,37.4,261,20.26,981.6,loc_vellore,12.9165,79.1325,ECMWF_ERA5_Reanalysis
2017-06-15,36.4,27.6,31.5,38.4,30.5,34.1,0.4,13.7,35.3,258,17.83,982.0,loc_vellore,12.9165,79.1325,ECMWF_ERA5_Reanalysis
2017-06-16,35.4,27.6,30.5,38.5,31.2,33.9,5.6,14.8,36.0,255,15.99,982.0,loc_vellore,12.9165,79.1325,ECMWF_ERA5_Reanalysis
2017-06-17,36.2,25.3,31.0,38.1,29.4,33.9,0.0,14.9,38.2,260,20.21,981.7,loc_vellore,12.9165,79.1325,ECMWF_ERA5_Reanalysis
2017-06-18,37.0,26.6,31.3,40.0,28.8,33.7,2.4,15.5,33.1,275,20.79,980.9,loc_vellore,12.9165,79.1325,ECMWF_ERA5_Reanalysis
2017-06-19,36.0,25.8,29.9,37.9,29.7,32.8,3.5,17.8,42.8,273,18.31,980.9,loc_vellore,12.9165,79.1325,ECMWF_ERA5_Reanalysis
2017-06-20,32.9,25.1,28.5,34.9,29.8,32.1,1.0,13.9,31.7,244,9.69,981.8,loc_vellore,12.9165,79.1325,ECMWF_ERA5_Reanalysis
2017-06-21,35.6,26.4,30.2,38.4,28.4,33.0,0.2,18.7,43.2,266,20.09,981.6,loc_vellore,12.9165,79.1325,ECMWF_ERA5_Reanalysis
2017-06-22,35.6,26.8,30.9,37.0,28.1,32.4,0.1,18.1,37.4,270,17.8,981.9,loc_vellore,12.9165,79.1325,ECMWF_ERA5_Reanalysis
2017-06-23,35.9,26.8,31.0,38.8,28.2,32.9,0.9,20.0,45.7,274,20.88,981.2,loc_vellore,12.9165,79.1325,ECMWF_ERA5_Reanalysis
2017-06-24,34.1,27.0,30.1,34.6,27.9,32.0,2.6,21.7,47.2,266,10.7,979.6,loc_vellore,12.9165,79.1325,ECMWF_ERA5_Reanalysis
2017-06-25,34.8,27.5,30.8,36.3,28.1,32.0,2.4,23.0,51.8,263,16.46,978.6,loc_vellore,12.9165,79.1325,ECMWF_ERA5_Reanalysis
2017-06-26,35.1,26.6,30.4,35.5,28.4,31.4,0.1,27.5,59.4,261,13.12,980.2,loc_vellore,12.9165,79.1325,ECMWF_ERA5_Reanalysis
2017-06-27,33.9,27.0,30.1,33.7,28.5,31.0,0.3,25.7,60.1,260,12.56,981.2,loc_vellore,12.9165,79.1325,ECMWF_ERA5_Reanalysis
2017-06-28,34.1,26.7,29.9,33.8,27.7,30.6,0.0,23.9,52.2,266,8.95,981.7,loc_vellore,12.9165,79.1325,ECMWF_ERA5_Reanalysis
2017-06-29,36.6,27.4,31.7,36.9,28.7,32.2,0.2,25.8,56.9,270,19.01,981.5,loc_vellore,12.9165,79.1325,ECMWF_ERA5_Reanalysis
2017-06-30,37.3,27.1,31.1,37.7,28.0,32.1,4.9,24.0,54.0,277,16.67,980.5,loc_vellore,12.9165,79.1325,ECMWF_ERA5_Reanalysis
2017-07-01,35.6,27.4,31.1,35.6,28.1,32.1,0.1,20.5,45.4,266,13.71,980.6,loc_vellore,12.9165,79.1325,ECMWF_ERA5_Reanalysis
2017-07-02,37.4,27.6,31.9,39.3,28.2,33.4,0.0,20.6,43.2,268,18.91,980.8,loc_vellore,12.9165,79.1325,ECMWF_ERA5_Reanalysis
2017-07-03,36.7,27.9,31.6,39.1,29.4,33.3,1.4,26.1,56.5,278,17.72,982.0,loc_vellore,12.9165,79.1325,ECMWF_ERA5_Reanalysis
2017-07-04,37.2,27.3,32.0,38.2,28.4,33.0,0.0,20.5,45.7,279,18.69,982.0,loc_vellore,12.9165,79.1325,ECMWF_ERA5_Reanalysis
2017-07-05,36.1,27.0,30.9,37.5,28.8,32.8,0.3,24.7,56.5,271,21.25,982.2,loc_vellore,12.9165,79.1325,ECMWF_ERA5_Reanalysis
2017-07-06,35.6,27.1,30.9,36.2,28.5,32.1,0.7,21.2,47.2,274,17.67,982.0,loc_vellore,12.9165,79.1325,ECMWF_ERA5_Reanalysis
2017-07-07,34.3,26.2,29.6,35.1,28.9,31.7,0.6,16.1,36.7,281,11.13,982.2,loc_vellore,12.9165,79.1325,ECMWF_ERA5_Reanalysis
2017-07-08,35.9,26.2,29.9,37.0,28.5,31.9,0.5,17.7,45.7,288,14.81,982.0,loc_vellore,12.9165,79.1325,ECMWF_ERA5_Reanalysis
2017-07-09,37.0,26.9,30.3,39.9,29.4,32.6,0.3,18.1,40.3,285,17.55,981.8,loc_vellore,12.9165,79.1325,ECMWF_ERA5_Reanalysis
2017-07-10,36.9,25.2,30.5,40.3,28.8,33.4,0.5,15.0,36.4,269,19.67,982.3,loc_vellore,12.9165,79.1325,ECMWF_ERA5_Reanalysis
2017-07-11,36.7,27.0,31.0,38.8,29.3,33.2,0.4,19.6,46.8,289,18.98,982.3,loc_vellore,12.9165,79.1325,ECMWF_ERA5_Reanalysis
2017-07-12,33.6,25.3,29.3,35.1,27.4,31.4,1.4,16.8,33.5,292,9.46,982.5,loc_vellore,12.9165,79.1325,ECMWF_ERA5_Reanalysis
2017-07-13,32.8,26.8,29.7,32.9,28.7,30.7,0.0,20.2,43.9,273,8.61,982.0,loc_vellore,12.9165,79.1325,ECMWF_ERA5_Reanalysis
2017-07-14,33.6,26.8,29.5,33.3,27.4,30.1,0.1,26.3,52.6,268,7.75,981.9,loc_vellore,12.9165,79.1325,ECMWF_ERA5_Reanalysis
2017-07-15,34.2,26.4,29.9,34.5,27.4,30.6,0.7,26.5,57.2,266,16.62,982.1,loc_vellore,12.9165,79.1325,ECMWF_ERA5_Reanalysis
2017-07-16,36.5,26.2,30.6,35.6,26.5,31.0,0.3,26.1,56.9,270,17.24,981.1,loc_vellore,12.9165,79.1325,ECMWF_ERA5_Reanalysis
2017-07-17,34.7,27.0,30.8,33.8,27.1,30.6,0.0,29.8,61.9,274,14.09,979.8,loc_vellore,12.9165,79.1325,ECMWF_ERA5_Reanalysis
2017-07-18,34.7,27.4,30.5,34.4,28.2,30.8,0.5,26.3,60.8,271,13.29,979.8,loc_vellore,12.9165,79.1325,ECMWF_ERA5_Reanalysis
2017-07-19,35.6,27.4,30.8,36.1,28.7,31.7,0.2,28.1,64.1,256,16.74,979.9,loc_vellore,12.9165,79.1325,ECMWF_ERA5_Reanalysis
2017-07-20,35.7,27.0,31.2,35.2,27.9,31.5,0.0,26.1,54.4,259,15.53,980.1,loc_vellore,12.9165,79.1325,ECMWF_ERA5_Reanalysis
2017-07-21,37.0,26.6,31.4,37.9,25.6,31.5,0.5,26.0,54.0,267,17.32,981.0,loc_vellore,12.9165,79.1325,ECMWF_ERA5_Reanalysis
2017-07-22,37.5,27.3,31.9,38.0,28.1,33.2,0.5,22.7,55.8,268,21.57,981.2,loc_vellore,12.9165,79.1325,ECMWF_ERA5_Reanalysis
2017-07-23,37.7,27.6,32.5,38.2,29.0,33.6,0.0,19.1,42.8,267,20.06,981.1,loc_vellore,12.9165,79.1325,ECMWF_ERA5_Reanalysis
2017-07-24,38.7,27.3,32.6,39.9,28.1,33.6,0.0,21.3,44.6,274,21.79,981.2,loc_vellore,12.9165,79.1325,ECMWF_ERA5_Reanalysis
2017-07-25,38.3,27.6,32.7,40.1,28.1,33.7,0.1,23.6,51.1,281,20.78,980.4,loc_vellore,12.9165,79.1325,ECMWF_ERA5_Reanalysis
2017-07-26,38.5,28.2,32.8,40.0,29.5,34.0,0.7,18.7,41.0,278,21.93,980.6,loc_vellore,12.9165,79.1325,ECMWF_ERA5_Reanalysis
2017-07-27,37.7,26.7,31.6,39.8,29.0,33.5,1.0,16.6,41.4,273,22.99,981.6,loc_vellore,12.9165,79.1325,ECMWF_ERA5_Reanalysis
2017-07-28,39.3,25.5,30.0,42.5,28.3,33.0,4.7,21.9,45.0,268,21.91,982.6,loc_vellore,12.9165,79.1325,ECMWF_ERA5_Reanalysis
2017-07-29,34.8,25.1,29.3,40.0,28.8,33.1,13.7,17.0,38.2,288,20.32,983.5,loc_vellore,12.9165,79.1325,ECMWF_ERA5_Reanalysis
2017-07-30,35.9,24.6,29.2,40.4,29.6,33.1,15.7,14.2,34.2,260,17.87,982.8,loc_vellore,12.9165,79.1325,ECMWF_ERA5_Reanalysis
2017-07-31,35.2,24.3,28.6,40.0,28.2,32.5,43.2,15.7,34.6,260,18.89,982.8,loc_vellore,12.9165,79.1325,ECMWF_ERA5_Reanalysis
2017-08-01,34.7,25.1,29.0,40.2,27.2,33.1,5.0,17.3,32.8,257,20.78,983.0,loc_vellore,12.9165,79.1325,ECMWF_ERA5_Reanalysis
2017-08-02,34.8,24.9,29.3,39.4,28.8,33.6,5.4,15.4,38.2,257,21.52,983.0,loc_vellore,12.9165,79.1325,ECMWF_ERA5_Reanalysis
2017-08-03,36.6,25.6,30.2,38.0,28.0,32.4,0.6,21.7,45.7,278,22.54,981.9,loc_vellore,12.9165,79.1325,ECMWF_ERA5_Reanalysis
2017-08-04,35.3,26.8,30.0,36.8,28.0,31.8,0.4,23.4,55.1,281,18.66,980.0,loc_vellore,12.9165,79.1325,ECMWF_ERA5_Reanalysis
2017-08-05,34.4,27.0,29.7,36.0,28.2,32.1,0.4,21.8,47.2,276,15.57,979.1,loc_vellore,12.9165,79.1325,ECMWF_ERA5_Reanalysis
2017-08-06,34.1,26.1,30.1,37.1,28.3,33.1,0.2,17.7,42.5,278,19.08,979.4,loc_vellore,12.9165,79.1325,ECMWF_ERA5_Reanalysis
2017-08-07,34.4,24.8,28.7,38.8,29.4,32.5,15.0,14.8,31.7,279,16.53,980.5,loc_vellore,12.9165,79.1325,ECMWF_ERA5_Reanalysis
2017-08-08,34.8,25.1,29.3,39.2,29.0,32.9,1.5,15.0,33.8,258,20.06,981.5,loc_vellore,12.9165,79.1325,ECMWF_ERA5_Reanalysis
2017-08-09,34.6,24.2,27.6,40.4,29.5,32.5,15.1,15.6,35.3,251,16.86,982.0,loc_vellore,12.9165,79.1325,ECMWF_ERA5_Reanalysis
2017-08-10,31.1,24.2,27.1,36.7,29.2,32.0,9.0,10.4,22.3,257,16.03,982.5,loc_vellore,12.9165,79.1325,ECMWF_ERA5_Reanalysis
2017-08-11,31.7,24.3,27.4,37.9,28.9,32.4,21.4,17.4,37.8,252,18.7,983.0,loc_vellore,12.9165,79.1325,ECMWF_ERA5_Reanalysis
2017-08-12,32.3,24.6,27.7,36.9,28.1,31.5,4.0,15.2,32.0,276,18.71,983.3,loc_vellore,12.9165,79.1325,ECMWF_ERA5_Reanalysis
2017-08-13,32.8,23.8,26.7,37.2,28.1,31.3,15.6,14.2,33.8,265,19.77,984.4,loc_vellore,12.9165,79.1325,ECMWF_ERA5_Reanalysis
2017-08-14,32.4,23.7,27.1,39.2,28.8,32.4,9.5,8.2,32.4,170,18.53,984.9,loc_vellore,12.9165,79.1325,ECMWF_ERA5_Reanalysis
2017-08-15,31.7,23.6,26.7,37.1,27.3,31.0,14.9,13.3,27.4,259,17.51,984.1,loc_vellore,12.9165,79.1325,ECMWF_ERA5_Reanalysis
2017-08-16,33.2,23.8,27.2,39.6,26.6,31.3,9.3,14.9,33.1,267,22.6,982.2,loc_vellore,12.9165,79.1325,ECMWF_ERA5_Reanalysis
2017-08-17,32.3,24.7,27.4,35.7,27.4,30.7,5.9,15.9,37.8,272,18.13,980.3,loc_vellore,12.9165,79.1325,ECMWF_ERA5_Reanalysis
2017-08-18,30.0,23.9,26.2,34.2,27.3,29.7,7.2,15.7,42.5,264,9.37,979.2,loc_vellore,12.9165,79.1325,ECMWF_ERA5_Reanalysis
2017-08-19,32.1,24.8,28.0,34.4,26.6,30.1,0.4,21.0,48.6,263,15.07,979.0,loc_vellore,12.9165,79.1325,ECMWF_ERA5_Reanalysis
2017-08-20,30.3,25.2,27.2,33.1,26.8,29.9,0.1,18.7,40.0,254,11.16,979.5,loc_vellore,12.9165,79.1325,ECMWF_ERA5_Reanalysis
2017-08-21,31.5,24.2,27.0,35.8,27.1,30.6,11.0,14.8,34.9,255,14.11,979.8,loc_vellore,12.9165,79.1325,ECMWF_ERA5_Reanalysis
2017-08-22,31.7,24.0,27.4,34.8,27.6,31.2,3.9,17.6,38.5,268,14.73,980.4,loc_vellore,12.9165,79.1325,ECMWF_ERA5_Reanalysis
2017-08-23,31.7,24.2,27.7,36.3,27.6,31.8,5.5,15.5,37.8,285,17.98,981.3,loc_vellore,12.9165,79.1325,ECMWF_ERA5_Reanalysis
2017-08-24,30.9,25.3,27.2,35.3,28.1,31.3,8.9,14.3,39.2,279,13.73,981.0,loc_vellore,12.9165,79.1325,ECMWF_ERA5_Reanalysis
2017-08-25,30.0,23.9,26.4,33.0,26.8,29.9,6.5,14.4,35.3,266,8.58,980.2,loc_vellore,12.9165,79.1325,ECMWF_ERA5_Reanalysis
2017-08-26,32.8,25.3,28.4,36.3,27.5,31.5,0.5,18.8,44.6,264,20.38,978.6,loc_vellore,12.9165,79.1325,ECMWF_ERA5_Reanalysis
2017-08-27,31.5,25.3,27.7,34.7,27.3,30.7,1.5,22.0,43.6,259,8.04,977.8,loc_vellore,12.9165,79.1325,ECMWF_ERA5_Reanalysis
2017-08-28,30.2,26.3,27.8,33.4,28.3,30.3,0.2,18.8,38.5,250,7.51,977.6,loc_vellore,12.9165,79.1325,ECMWF_ERA5_Reanalysis
2017-08-29,31.0,25.4,27.9,33.9,28.5,30.5,0.0,22.2,47.2,246,12.71,978.8,loc_vellore,12.9165,79.1325,ECMWF_ERA5_Reanalysis
2017-08-30,34.6,24.7,28.7,37.6,27.8,31.8,7.1,16.2,37.1,269,21.69,981.5,loc_vellore,12.9165,79.1325,ECMWF_ERA5_Reanalysis
2017-08-31,32.6,24.4,27.4,38.5,27.5,32.3,6.3,12.3,24.8,271,19.17,983.2,loc_vellore,12.9165,79.1325,ECMWF_ERA5_Reanalysis
2017-09-01,32.0,25.4,27.6,38.6,29.4,32.8,14.9,12.1,28.1,283,18.29,983.4,loc_vellore,12.9165,79.1325,ECMWF_ERA5_Reanalysis
2017-09-02,32.6,23.6,26.9,39.0,27.3,32.0,37.8,10.5,28.4,289,19.99,983.4,loc_vellore,12.9165,79.1325,ECMWF_ERA5_Reanalysis
2017-09-03,31.9,23.1,26.7,38.3,26.3,31.7,10.1,13.7,25.2,275,20.78,983.4,loc_vellore,12.9165,79.1325,ECMWF_ERA5_Reanalysis
2017-09-04,32.7,23.8,27.7,38.6,27.5,32.7,0.4,12.3,27.0,277,21.1,983.2,loc_vellore,12.9165,79.1325,ECMWF_ERA5_Reanalysis
2017-09-05,33.2,24.0,27.5,40.6,28.6,32.7,22.0,15.2,32.0,277,21.53,983.1,loc_vellore,12.9165,79.1325,ECMWF_ERA5_Reanalysis
2017-09-06,32.0,23.8,27.0,39.8,27.9,32.3,12.4,10.9,25.2,286,21.2,982.3,loc_vellore,12.9165,79.1325,ECMWF_ERA5_Reanalysis
2017-09-07,30.6,23.8,26.4,37.0,29.3,31.8,7.9,11.2,28.4,126,17.37,982.0,loc_vellore,12.9165,79.1325,ECMWF_ERA5_Reanalysis
2017-09-08,30.8,23.6,26.6,36.1,28.1,31.4,12.5,12.7,30.6,124,19.31,982.5,loc_vellore,12.9165,79.1325,ECMWF_ERA5_Reanalysis
2017-09-09,30.2,23.6,26.3,35.3,28.3,31.3,3.6,12.6,28.1,123,18.18,982.0,loc_vellore,12.9165,79.1325,ECMWF_ERA5_Reanalysis
2017-09-10,30.4,22.7,26.1,36.4,27.4,31.0,5.1,11.6,28.8,95,18.91,982.1,loc_vellore,12.9165,79.1325,ECMWF_ERA5_Reanalysis
2017-09-11,30.5,23.5,26.7,36.8,28.7,31.7,1.8,15.1,32.8,128,19.99,983.1,loc_vellore,12.9165,79.1325,ECMWF_ERA5_Reanalysis
2017-09-12,31.4,24.1,26.8,37.4,28.2,31.4,8.6,13.5,35.3,148,20.16,984.3,loc_vellore,12.9165,79.1325,ECMWF_ERA5_Reanalysis
2017-09-13,30.8,24.4,27.4,35.7,29.4,32.0,0.7,16.6,37.1,148,20.6,984.3,loc_vellore,12.9165,79.1325,ECMWF_ERA5_Reanalysis
2017-09-14,32.0,23.8,27.4,38.5,29.0,32.7,6.2,10.2,26.6,205,20.08,983.2,loc_vellore,12.9165,79.1325,ECMWF_ERA5_Reanalysis
2017-09-15,32.6,24.8,28.0,37.3,28.6,32.3,0.2,10.8,29.2,256,19.82,982.2,loc_vellore,12.9165,79.1325,ECMWF_ERA5_Reanalysis
2017-09-16,31.2,24.4,27.2,36.8,28.2,32.0,11.9,9.5,28.4,267,17.7,982.0,loc_vellore,12.9165,79.1325,ECMWF_ERA5_Reanalysis
2017-09-17,29.6,24.7,26.3,33.0,28.0,30.0,5.2,15.0,41.4,244,8.19,982.8,loc_vellore,12.9165,79.1325,ECMWF_ERA5_Reanalysis
2017-09-18,29.3,24.9,26.9,32.2,26.7,29.0,0.0,18.5,37.4,251,5.03,983.6,loc_vellore,12.9165,79.1325,ECMWF_ERA5_Reanalysis
2017-09-19,31.9,25.3,28.4,33.9,27.5,30.3,0.0,23.0,47.9,260,16.89,982.9,loc_vellore,12.9165,79.1325,ECMWF_ERA5_Reanalysis
2017-09-20,34.0,24.0,28.4,35.6,25.4,30.0,0.0,20.0,43.6,260,23.3,982.0,loc_vellore,12.9165,79.1325,ECMWF_ERA5_Reanalysis
2017-09-21,32.9,24.3,28.3,36.5,24.6,30.5,0.2,20.2,41.0,269,21.23,981.8,loc_vellore,12.9165,79.1325,ECMWF_ERA5_Reanalysis
2017-09-22,32.8,25.4,28.2,37.3,28.3,31.5,0.1,12.5,32.8,283,18.04,982.9,loc_vellore,12.9165,79.1325,ECMWF_ERA5_Reanalysis
2017-09-23,32.9,24.6,28.6,38.0,27.6,32.6,0.0,8.4,22.3,285,20.89,984.2,loc_vellore,12.9165,79.1325,ECMWF_ERA5_Reanalysis
2017-09-24,31.6,24.4,27.3,37.2,28.9,32.3,16.6,9.0,27.4,235,14.82,984.0,loc_vellore,12.9165,79.1325,ECMWF_ERA5_Reanalysis
2017-09-25,30.6,23.2,26.2,35.9,26.6,30.1,19.4,16.3,35.6,275,15.22,982.4,loc_vellore,12.9165,79.1325,ECMWF_ERA5_Reanalysis
2017-09-26,30.9,23.6,26.4,37.4,27.9,31.0,15.8,10.4,22.7,270,15.17,981.8,loc_vellore,12.9165,79.1325,ECMWF_ERA5_Reanalysis
2017-09-27,31.3,23.2,25.8,37.7,26.1,30.4,28.6,14.0,26.3,263,15.89,982.1,loc_vellore,12.9165,79.1325,ECMWF_ERA5_Reanalysis
2017-09-28,30.6,23.7,26.1,36.4,27.1,30.7,8.7,12.7,27.7,269,15.41,981.5,loc_vellore,12.9165,79.1325,ECMWF_ERA5_Reanalysis
2017-09-29,32.2,24.6,27.4,37.5,27.2,31.3,0.2,15.5,33.1,268,17.02,981.5,loc_vellore,12.9165,79.1325,ECMWF_ERA5_Reanalysis
2017-09-30,31.2,25.0,27.4,36.4,28.4,31.6,1.1,9.8,23.0,279,16.25,983.0,loc_vellore,12.9165,79.1325,ECMWF_ERA5_Reanalysis
2017-10-01,31.7,23.7,26.9,37.4,28.1,32.0,8.0,11.5,29.5,252,20.48,983.2,loc_vellore,12.9165,79.1325,ECMWF_ERA5_Reanalysis
2017-10-02,30.8,23.6,26.7,36.3,28.4,31.7,6.3,10.0,25.2,236,19.21,982.1,loc_vellore,12.9165,79.1325,ECMWF_ERA5_Reanalysis
2017-10-03,32.0,23.5,27.1,38.1,28.2,32.6,23.6,9.9,26.3,245,20.44,982.4,loc_vellore,12.9165,79.1325,ECMWF_ERA5_Reanalysis
2017-10-04,31.4,23.0,26.0,39.1,27.8,31.3,14.8,9.6,26.6,275,17.79,982.7,loc_vellore,12.9165,79.1325,ECMWF_ERA5_Reanalysis
2017-10-05,30.3,23.0,25.8,36.9,26.5,31.0,9.2,11.3,27.0,296,18.24,981.7,loc_vellore,12.9165,79.1325,ECMWF_ERA5_Reanalysis
2017-10-06,30.3,23.2,26.0,37.2,27.6,31.3,19.9,12.0,28.8,157,17.98,981.4,loc_vellore,12.9165,79.1325,ECMWF_ERA5_Reanalysis
2017-10-07,30.5,23.4,26.2,35.9,28.6,31.5,13.6,12.0,31.0,146,16.93,981.9,loc_vellore,12.9165,79.1325,ECMWF_ERA5_Reanalysis
2017-10-08,31.3,23.4,26.9,37.6,27.8,32.2,18.1,8.7,19.1,159,20.56,981.6,loc_vellore,12.9165,79.1325,ECMWF_ERA5_Reanalysis
2017-10-09,30.4,23.2,26.7,36.0,27.6,31.7,19.4,11.6,24.5,152,18.77,981.6,loc_vellore,12.9165,79.1325,ECMWF_ERA5_Reanalysis
2017-10-10,30.8,23.4,26.8,37.3,26.6,32.1,5.8,12.8,24.5,356,20.37,981.2,loc_vellore,12.9165,79.1325,ECMWF_ERA5_Reanalysis
2017-10-11,30.8,23.3,26.3,38.1,28.5,31.4,26.5,9.2,27.4,176,18.18,981.7,loc_vellore,12.9165,79.1325,ECMWF_ERA5_Reanalysis
2017-10-12,31.0,23.6,26.2,37.9,28.2,31.6,3.2,9.0,25.6,304,17.46,982.0,loc_vellore,12.9165,79.1325,ECMWF_ERA5_Reanalysis
2017-10-13,28.7,23.7,26.0,33.4,28.2,30.8,4.3,9.7,21.2,213,10.95,981.4,loc_vellore,12.9165,79.1325,ECMWF_ERA5_Reanalysis
2017-10-14,28.9,23.9,26.0,34.2,29.0,31.1,20.0,10.0,22.3,260,10.36,981.5,loc_vellore,12.9165,79.1325,ECMWF_ERA5_Reanalysis
2017-10-15,28.4,23.9,26.1,34.5,27.5,30.2,2.5,15.5,29.5,273,9.34,982.0,loc_vellore,12.9165,79.1325,ECMWF_ERA5_Reanalysis
2017-10-16,29.0,24.4,26.0,33.8,26.4,29.8,11.0,17.1,32.4,283,8.72,982.6,loc_vellore,12.9165,79.1325,ECMWF_ERA5_Reanalysis
2017-10-17,29.2,23.9,26.1,34.0,26.5,30.1,1.5,14.8,28.4,267,9.01,982.1,loc_vellore,12.9165,79.1325,ECMWF_ERA5_Reanalysis
2017-10-18,30.7,23.9,26.9,34.9,26.9,30.6,1.3,13.7,28.4,273,9.39,981.4,loc_vellore,12.9165,79.1325,ECMWF_ERA5_Reanalysis
2017-10-19,32.6,22.6,27.0,36.9,24.1,30.0,0.0,12.1,24.8,271,17.6,981.5,loc_vellore,12.9165,79.1325,ECMWF_ERA5_Reanalysis
2017-10-20,31.6,22.7,26.8,36.9,26.2,31.2,0.0,9.2,21.6,224,18.66,983.1,loc_vellore,12.9165,79.1325,ECMWF_ERA5_Reanalysis
2017-10-21,31.8,23.5,27.0,38.7,27.5,31.7,4.4,9.9,26.3,199,18.41,984.1,loc_vellore,12.9165,79.1325,ECMWF_ERA5_Reanalysis
2017-10-22,32.2,23.8,27.0,38.7,27.9,32.0,1.9,8.3,20.9,258,17.48,984.6,loc_vellore,12.9165,79.1325,ECMWF_ERA5_Reanalysis
2017-10-23,31.9,23.4,27.2,36.6,27.7,31.5,0.0,11.1,21.6,237,21.89,985.2,loc_vellore,12.9165,79.1325,ECMWF_ERA5_Reanalysis
2017-10-24,31.0,22.5,26.7,35.8,26.4,30.9,0.0,8.5,19.4,141,19.35,986.6,loc_vellore,12.9165,79.1325,ECMWF_ERA5_Reanalysis
2017-10-25,29.3,23.0,25.9,34.4,28.0,30.5,2.2,15.3,37.1,75,16.53,988.0,loc_vellore,12.9165,79.1325,ECMWF_ERA5_Reanalysis
2017-10-26,28.6,23.1,25.1,32.7,27.6,29.6,3.9,11.7,34.9,68,15.98,988.4,loc_vellore,12.9165,79.1325,ECMWF_ERA5_Reanalysis
2017-10-27,27.2,22.4,24.4,32.2,26.8,28.9,19.0,9.9,34.2,31,14.53,987.5,loc_vellore,12.9165,79.1325,ECMWF_ERA5_Reanalysis
2017-10-28,29.1,21.8,25.0,31.8,25.8,28.7,0.6,13.4,35.3,44,15.53,987.1,loc_vellore,12.9165,79.1325,ECMWF_ERA5_Reanalysis
2017-10-29,30.0,21.1,25.4,32.6,24.4,28.4,0.1,15.9,40.3,22,19.94,987.4,loc_vellore,12.9165,79.1325,ECMWF_ERA5_Reanalysis
2017-10-30,26.0,22.7,23.7,30.8,25.9,27.0,14.4,15.0,35.3,26,7.43,987.2,loc_vellore,12.9165,79.1325,ECMWF_ERA5_Reanalysis
2017-10-31,24.5,22.1,23.0,27.6,25.0,26.4,9.0,11.0,23.4,15,3.86,986.5,loc_vellore,12.9165,79.1325,ECMWF_ERA5_Reanalysis
2017-11-01,24.8,22.1,23.0,29.2,25.6,26.6,16.8,12.3,26.3,15,4.39,986.8,loc_vellore,12.9165,79.1325,ECMWF_ERA5_Reanalysis
2017-11-02,27.0,21.1,23.5,29.4,23.4,26.7,7.7,15.5,40.0,11,10.25,986.0,loc_vellore,12.9165,79.1325,ECMWF_ERA5_Reanalysis
2017-11-03,26.0,22.0,23.5,28.8,25.6,26.9,5.8,16.6,36.0,29,9.81,985.2,loc_vellore,12.9165,79.1325,ECMWF_ERA5_Reanalysis
2017-11-04,25.5,21.9,22.9,28.7,25.5,26.7,60.2,13.1,27.4,16,3.92,985.2,loc_vellore,12.9165,79.1325,ECMWF_ERA5_Reanalysis
2017-11-05,26.6,21.7,23.7,30.4,25.4,27.3,8.6,17.7,39.6,45,12.8,985.9,loc_vellore,12.9165,79.1325,ECMWF_ERA5_Reanalysis
2017-11-06,25.8,21.6,23.2,30.8,25.1,27.0,12.2,14.9,35.6,37,9.59,986.8,loc_vellore,12.9165,79.1325,ECMWF_ERA5_Reanalysis
2017-11-07,27.6,21.6,23.7,32.8,25.4,27.7,12.4,12.3,33.5,33,13.96,987.1,loc_vellore,12.9165,79.1325,ECMWF_ERA5_Reanalysis
2017-11-08,28.8,21.5,24.5,31.9,25.1,28.0,1.7,13.0,37.1,33,17.58,987.0,loc_vellore,12.9165,79.1325,ECMWF_ERA5_Reanalysis
2017-11-09,28.5,20.6,24.1,30.8,23.4,26.9,0.0,15.1,33.1,16,18.76,986.0,loc_vellore,12.9165,79.1325,ECMWF_ERA5_Reanalysis
2017-11-10,27.6,20.1,23.8,29.2,22.6,26.4,0.4,17.7,37.1,8,13.06,985.6,loc_vellore,12.9165,79.1325,ECMWF_ERA5_Reanalysis
2017-11-11,28.2,21.1,24.4,29.9,23.7,26.8,0.0,15.2,34.6,357,14.2,985.5,loc_vellore,12.9165,79.1325,ECMWF_ERA5_Reanalysis
2017-11-12,27.9,21.6,24.4,30.2,22.9,26.5,0.1,18.8,38.9,333,11.61,983.9,loc_vellore,12.9165,79.1325,ECMWF_ERA5_Reanalysis
2017-11-13,27.4,21.5,23.7,29.0,24.3,26.5,2.6,16.2,33.5,321,6.66,983.0,loc_vellore,12.9165,79.1325,ECMWF_ERA5_Reanalysis
2017-11-14,26.9,21.2,23.9,30.1,24.0,27.3,0.9,14.2,33.8,312,5.66,982.3,loc_vellore,12.9165,79.1325,ECMWF_ERA5_Reanalysis
2017-11-15,30.5,22.9,25.6,35.9,25.8,29.8,2.1,10.8,28.4,277,16.08,982.3,loc_vellore,12.9165,79.1325,ECMWF_ERA5_Reanalysis
2017-11-16,30.2,23.6,25.9,35.9,26.9,30.2,1.6,11.3,26.3,294,17.24,983.2,loc_vellore,12.9165,79.1325,ECMWF_ERA5_Reanalysis
2017-11-17,29.5,22.7,25.5,34.9,27.1,30.4,4.0,7.9,21.2,124,17.31,984.2,loc_vellore,12.9165,79.1325,ECMWF_ERA5_Reanalysis
2017-11-18,29.3,22.9,25.7,33.3,27.5,30.2,1.4,11.7,28.1,99,16.38,985.3,loc_vellore,12.9165,79.1325,ECMWF_ERA5_Reanalysis
2017-11-19,29.2,22.9,25.2,33.9,27.8,29.9,6.5,11.0,28.1,78,15.92,986.6,loc_vellore,12.9165,79.1325,ECMWF_ERA5_Reanalysis
2017-11-20,28.7,22.4,24.9,33.0,26.9,29.5,2.0,11.1,24.5,66,14.8,987.1,loc_vellore,12.9165,79.1325,ECMWF_ERA5_Reanalysis
2017-11-21,28.9,22.6,25.0,34.1,27.0,29.6,1.8,13.0,31.3,66,16.1,986.5,loc_vellore,12.9165,79.1325,ECMWF_ERA5_Reanalysis
2017-11-22,29.1,22.2,24.9,32.3,25.9,28.5,0.8,14.2,32.8,45,17.52,986.1,loc_vellore,12.9165,79.1325,ECMWF_ERA5_Reanalysis
2017-11-23,29.2,20.2,24.5,32.4,23.3,27.9,0.0,10.5,24.8,85,16.81,986.0,loc_vellore,12.9165,79.1325,ECMWF_ERA5_Reanalysis
2017-11-24,29.2,20.8,24.7,33.4,24.2,28.4,0.9,12.4,30.6,46,17.02,987.1,loc_vellore,12.9165,79.1325,ECMWF_ERA5_Reanalysis
2017-11-25,28.1,20.8,24.4,30.2,23.7,27.6,0.8,16.6,36.0,39,14.35,987.9,loc_vellore,12.9165,79.1325,ECMWF_ERA5_Reanalysis
2017-11-26,25.7,20.8,23.2,29.7,24.2,26.8,8.5,14.0,30.6,17,5.8,988.4,loc_vellore,12.9165,79.1325,ECMWF_ERA5_Reanalysis
2017-11-27,27.5,21.9,24.3,30.6,25.7,27.8,4.3,16.8,37.4,46,12.57,987.3,loc_vellore,12.9165,79.1325,ECMWF_ERA5_Reanalysis
2017-11-28,27.8,20.4,24.0,29.6,23.5,26.8,0.2,15.5,33.5,34,13.48,987.2,loc_vellore,12.9165,79.1325,ECMWF_ERA5_Reanalysis
2017-11-29,27.1,20.5,23.9,28.5,23.5,26.3,5.8,17.2,36.7,37,8.98,987.6,loc_vellore,12.9165,79.1325,ECMWF_ERA5_Reanalysis
2017-11-30,25.0,21.3,22.9,28.1,23.9,25.9,18.7,18.1,40.0,70,5.79,986.6,loc_vellore,12.9165,79.1325,ECMWF_ERA5_Reanalysis
2017-12-01,23.8,21.7,22.6,26.6,24.4,25.1,32.9,20.3,40.0,70,3.97,985.8,loc_vellore,12.9165,79.1325,ECMWF_ERA5_Reanalysis
2017-12-02,24.9,21.6,23.0,26.6,24.3,25.3,8.8,15.9,33.8,62,7.62,987.5,loc_vellore,12.9165,79.1325,ECMWF_ERA5_Reanalysis
2017-12-03,25.6,21.1,23.2,28.6,24.1,25.8,1.0,15.5,32.4,48,8.41,987.9,loc_vellore,12.9165,79.1325,ECMWF_ERA5_Reanalysis
2017-12-04,26.6,20.1,23.1,29.2,23.1,26.0,0.5,12.4,27.0,51,11.29,987.0,loc_vellore,12.9165,79.1325,ECMWF_ERA5_Reanalysis
2017-12-05,26.9,19.6,23.2,30.2,22.4,26.3,0.2,10.8,21.6,69,11.5,986.1,loc_vellore,12.9165,79.1325,ECMWF_ERA5_Reanalysis
2017-12-06,26.8,21.0,23.5,30.3,24.4,26.9,0.6,11.4,22.3,51,8.64,985.9,loc_vellore,12.9165,79.1325,ECMWF_ERA5_Reanalysis
2017-12-07,28.0,19.5,23.2,30.4,22.1,26.1,0.0,9.7,21.2,7,12.28,985.3,loc_vellore,12.9165,79.1325,ECMWF_ERA5_Reanalysis
2017-12-08,28.8,18.1,23.0,32.5,19.6,25.6,0.0,9.7,20.9,29,19.86,985.2,loc_vellore,12.9165,79.1325,ECMWF_ERA5_Reanalysis
2017-12-09,29.7,18.9,24.0,33.6,21.3,27.1,0.0,8.3,20.2,307,19.17,986.0,loc_vellore,12.9165,79.1325,ECMWF_ERA5_Reanalysis
2017-12-10,28.9,19.7,23.9,31.9,22.1,26.7,0.0,9.2,22.7,71,19.74,987.4,loc_vellore,12.9165,79.1325,ECMWF_ERA5_Reanalysis
2017-12-11,28.8,18.6,23.5,32.2,21.2,26.4,0.0,8.9,21.2,133,19.93,988.5,loc_vellore,12.9165,79.1325,ECMWF_ERA5_Reanalysis
2017-12-12,28.9,20.5,24.2,32.2,24.2,27.8,0.0,8.0,15.5,126,14.8,988.9,loc_vellore,12.9165,79.1325,ECMWF_ERA5_Reanalysis
2017-12-13,28.3,20.9,24.1,32.1,24.9,27.8,0.0,11.6,22.7,80,15.88,989.0,loc_vellore,12.9165,79.1325,ECMWF_ERA5_Reanalysis
2017-12-14,28.5,19.9,23.5,31.0,23.1,26.4,0.0,10.0,24.8,53,18.11,989.5,loc_vellore,12.9165,79.1325,ECMWF_ERA5_Reanalysis
2017-12-15,27.1,18.9,23.1,28.9,21.4,25.7,1.5,14.8,31.7,44,11.64,989.9,loc_vellore,12.9165,79.1325,ECMWF_ERA5_Reanalysis
2017-12-16,27.8,19.9,23.5,29.3,22.4,25.7,2.4,17.3,37.1,51,14.9,990.9,loc_vellore,12.9165,79.1325,ECMWF_ERA5_Reanalysis
2017-12-17,27.6,19.3,23.0,28.7,21.6,24.8,0.0,17.6,38.2,49,18.12,991.8,loc_vellore,12.9165,79.1325,ECMWF_ERA5_Reanalysis
2017-12-18,26.9,18.8,22.5,27.2,20.6,24.2,0.3,15.9,34.2,55,14.19,991.6,loc_vellore,12.9165,79.1325,ECMWF_ERA5_Reanalysis
2017-12-19,27.7,17.8,22.2,29.6,19.7,23.7,0.0,16.1,33.8,44,16.32,990.8,loc_vellore,12.9165,79.1325,ECMWF_ERA5_Reanalysis
2017-12-20,27.9,17.3,21.9,29.7,18.8,23.4,0.0,13.9,30.2,30,19.81,991.3,loc_vellore,12.9165,79.1325,ECMWF_ERA5_Reanalysis
2017-12-21,25.7,17.2,21.8,27.0,18.5,23.6,1.7,16.7,35.6,37,10.07,991.3,loc_vellore,12.9165,79.1325,ECMWF_ERA5_Reanalysis
2017-12-22,27.7,19.1,23.0,28.4,21.9,25.1,0.0,14.5,32.0,46,14.46,989.9,loc_vellore,12.9165,79.1325,ECMWF_ERA5_Reanalysis
2017-12-23,27.6,18.4,23.0,28.8,20.1,24.9,0.4,14.2,31.7,59,15.57,988.2,loc_vellore,12.9165,79.1325,ECMWF_ERA5_Reanalysis
2017-12-24,27.6,17.3,22.2,28.6,19.0,23.9,0.0,12.0,25.9,28,15.24,987.9,loc_vellore,12.9165,79.1325,ECMWF_ERA5_Reanalysis
2017-12-25,26.9,18.2,22.4,28.8,20.1,24.6,0.9,14.1,30.6,34,10.61,988.3,loc_vellore,12.9165,79.1325,ECMWF_ERA5_Reanalysis
2017-12-26,28.2,17.3,22.6,29.6,18.6,24.4,0.0,15.5,34.6,44,18.68,988.9,loc_vellore,12.9165,79.1325,ECMWF_ERA5_Reanalysis
2017-12-27,27.2,17.8,21.9,28.7,19.9,23.5,0.0,13.8,30.6,50,17.45,988.9,loc_vellore,12.9165,79.1325,ECMWF_ERA5_Reanalysis
2017-12-28,26.1,16.3,20.9,26.5,17.5,21.9,0.0,13.2,29.5,49,16.63,988.7,loc_vellore,12.9165,79.1325,ECMWF_ERA5_Reanalysis
2017-12-29,26.3,18.4,22.2,26.7,19.6,23.5,0.3,14.1,33.1,58,13.86,988.8,loc_vellore,12.9165,79.1325,ECMWF_ERA5_Reanalysis
2017-12-30,27.1,18.6,22.5,29.1,20.8,24.4,0.4,10.8,23.4,50,13.38,988.3,loc_vellore,12.9165,79.1325,ECMWF_ERA5_Reanalysis
2017-12-31,28.2,17.5,23.2,30.1,19.2,25.4,0.0,10.4,23.4,33,16.11,986.7,loc_vellore,12.9165,79.1325,ECMWF_ERA5_Reanalysis
2018-01-01,30.3,17.9,23.3,33.0,19.7,25.4,0.0,11.2,21.6,277,20.24,984.7,loc_vellore,12.9165,79.1325,ECMWF_ERA5_Reanalysis
2018-01-02,29.4,19.0,23.6,32.8,21.2,26.0,0.0,12.6,26.3,49,17.55,985.0,loc_vellore,12.9165,79.1325,ECMWF_ERA5_Reanalysis
2018-01-03,29.1,20.2,23.8,31.7,23.3,26.5,0.0,12.3,25.9,51,17.57,986.8,loc_vellore,12.9165,79.1325,ECMWF_ERA5_Reanalysis
2018-01-04,28.3,18.4,23.0,29.9,20.3,24.8,0.0,13.7,27.0,63,17.23,988.0,loc_vellore,12.9165,79.1325,ECMWF_ERA5_Reanalysis
2018-01-05,27.7,16.6,21.7,29.0,18.0,22.8,0.0,12.2,24.8,83,19.73,987.0,loc_vellore,12.9165,79.1325,ECMWF_ERA5_Reanalysis
2018-01-06,27.4,15.7,21.2,29.5,16.2,22.1,0.0,11.0,21.6,110,18.5,986.6,loc_vellore,12.9165,79.1325,ECMWF_ERA5_Reanalysis
2018-01-07,27.9,15.3,21.2,29.3,16.0,22.0,0.0,13.1,27.0,63,20.58,987.2,loc_vellore,12.9165,79.1325,ECMWF_ERA5_Reanalysis
2018-01-08,27.8,15.7,21.6,28.4,16.8,22.4,0.0,15.1,30.6,56,19.92,988.1,loc_vellore,12.9165,79.1325,ECMWF_ERA5_Reanalysis
2018-01-09,26.3,18.6,22.9,27.1,20.2,24.1,0.0,18.7,39.6,41,9.47,989.4,loc_vellore,12.9165,79.1325,ECMWF_ERA5_Reanalysis
2018-01-10,24.9,21.1,22.7,27.0,23.3,25.2,2.3,12.0,26.6,46,4.61,990.4,loc_vellore,12.9165,79.1325,ECMWF_ERA5_Reanalysis
2018-01-11,28.3,20.6,24.1,30.2,23.6,26.9,0.0,12.1,27.4,72,11.98,989.7,loc_vellore,12.9165,79.1325,ECMWF_ERA5_Reanalysis
2018-01-12,30.0,19.8,24.3,32.8,23.2,27.1,0.0,11.2,25.9,98,19.6,989.0,loc_vellore,12.9165,79.1325,ECMWF_ERA5_Reanalysis
2018-01-13,30.2,18.5,23.6,32.7,21.0,26.1,0.0,11.5,26.3,103,20.57,988.4,loc_vellore,12.9165,79.1325,ECMWF_ERA5_Reanalysis
2018-01-14,30.4,20.7,24.4,33.0,23.5,27.1,0.1,12.2,28.1,79,20.75,988.9,loc_vellore,12.9165,79.1325,ECMWF_ERA5_Reanalysis
2018-01-15,29.4,18.2,23.5,32.2,20.9,26.2,0.0,11.0,24.8,115,19.58,989.0,loc_vellore,12.9165,79.1325,ECMWF_ERA5_Reanalysis
2018-01-16,29.7,19.9,24.0,32.5,22.6,26.6,0.0,12.4,25.9,95,18.49,987.9,loc_vellore,12.9165,79.1325,ECMWF_ERA5_Reanalysis
2018-01-17,29.0,18.8,23.4,29.6,20.1,25.1,0.0,12.2,28.8,95,20.61,988.0,loc_vellore,12.9165,79.1325,ECMWF_ERA5_Reanalysis
2018-01-18,28.0,16.7,21.9,28.4,18.0,22.7,0.0,12.8,30.6,76,21.05,988.5,loc_vellore,12.9165,79.1325,ECMWF_ERA5_Reanalysis
2018-01-19,27.7,15.8,21.3,28.2,16.7,22.0,0.0,12.2,30.2,73,21.45,989.0,loc_vellore,12.9165,79.1325,ECMWF_ERA5_Reanalysis
2018-01-20,27.9,15.9,21.4,28.9,16.9,22.3,0.0,10.9,24.8,86,21.52,988.6,loc_vellore,12.9165,79.1325,ECMWF_ERA5_Reanalysis
2018-01-21,27.7,15.8,21.3,28.8,16.6,22.1,0.0,12.1,29.5,74,20.8,987.5,loc_vellore,12.9165,79.1325,ECMWF_ERA5_Reanalysis
2018-01-22,27.7,17.1,22.1,29.2,18.3,23.5,0.0,11.4,25.6,87,19.18,986.7,loc_vellore,12.9165,79.1325,ECMWF_ERA5_Reanalysis
2018-01-23,28.7,17.0,22.6,32.0,18.6,24.4,0.0,13.2,33.8,115,20.54,986.2,loc_vellore,12.9165,79.1325,ECMWF_ERA5_Reanalysis
2018-01-24,29.8,17.8,23.3,32.7,19.7,25.2,0.0,13.0,25.2,93,19.5,985.5,loc_vellore,12.9165,79.1325,ECMWF_ERA5_Reanalysis
2018-01-25,30.4,17.3,23.3,31.7,19.0,24.6,0.0,12.4,25.9,78,21.27,985.1,loc_vellore,12.9165,79.1325,ECMWF_ERA5_Reanalysis
2018-01-26,29.7,17.3,23.0,30.3,18.9,24.2,0.0,13.2,27.7,96,21.85,985.9,loc_vellore,12.9165,79.1325,ECMWF_ERA5_Reanalysis
2018-01-27,29.5,17.6,23.2,30.8,19.3,24.8,0.0,12.1,25.9,84,20.77,986.7,loc_vellore,12.9165,79.1325,ECMWF_ERA5_Reanalysis
2018-01-28,28.6,17.8,22.7,29.5,19.5,23.8,0.0,13.9,33.1,73,20.03,987.5,loc_vellore,12.9165,79.1325,ECMWF_ERA5_Reanalysis
2018-01-29,28.8,17.0,22.5,30.0,18.6,23.7,0.0,15.9,36.4,71,19.79,988.6,loc_vellore,12.9165,79.1325,ECMWF_ERA5_Reanalysis
2018-01-30,29.1,17.6,22.7,29.8,19.6,23.7,0.0,14.2,34.2,59,22.26,989.0,loc_vellore,12.9165,79.1325,ECMWF_ERA5_Reanalysis
2018-01-31,29.5,15.5,22.2,30.1,16.5,22.8,0.0,10.4,26.3,83,22.72,989.2,loc_vellore,12.9165,79.1325,ECMWF_ERA5_Reanalysis
2018-02-01,30.3,14.6,22.0,29.5,14.1,21.6,0.0,12.7,30.2,111,23.28,988.8,loc_vellore,12.9165,79.1325,ECMWF_ERA5_Reanalysis
2018-02-02,30.6,15.6,22.5,29.9,15.4,22.2,0.0,11.9,29.5,120,23.2,987.8,loc_vellore,12.9165,79.1325,ECMWF_ERA5_Reanalysis
2018-02-03,28.7,14.3,21.5,28.9,14.5,21.7,0.0,11.2,28.8,103,23.09,988.5,loc_vellore,12.9165,79.1325,ECMWF_ERA5_Reanalysis
2018-02-04,28.2,15.1,21.4,29.3,16.0,22.0,0.0,12.3,26.3,71,21.97,988.8,loc_vellore,12.9165,79.1325,ECMWF_ERA5_Reanalysis
2018-02-05,28.6,15.6,22.0,30.2,16.4,23.1,0.0,11.8,26.3,70,19.36,990.0,loc_vellore,12.9165,79.1325,ECMWF_ERA5_Reanalysis
2018-02-06,31.9,17.7,24.1,34.0,18.9,26.2,0.0,17.9,37.8,112,20.02,989.5,loc_vellore,12.9165,79.1325,ECMWF_ERA5_Reanalysis
2018-02-07,31.4,22.2,25.7,34.8,26.0,29.1,9.3,11.5,29.2,139,17.69,988.2,loc_vellore,12.9165,79.1325,ECMWF_ERA5_Reanalysis
2018-02-08,31.0,22.1,25.5,34.0,25.1,28.8,0.0,8.2,20.2,135,18.69,987.4,loc_vellore,12.9165,79.1325,ECMWF_ERA5_Reanalysis
2018-02-09,31.5,20.4,25.5,34.8,23.4,28.5,0.0,14.5,27.7,128,19.67,986.7,loc_vellore,12.9165,79.1325,ECMWF_ERA5_Reanalysis
2018-02-10,30.7,20.9,25.0,33.8,24.2,27.9,0.2,14.5,32.0,123,20.44,988.3,loc_vellore,12.9165,79.1325,ECMWF_ERA5_Reanalysis
2018-02-11,30.5,19.9,24.7,32.3,23.3,27.0,0.0,13.8,30.2,125,19.75,989.4,loc_vellore,12.9165,79.1325,ECMWF_ERA5_Reanalysis
2018-02-12,30.0,20.2,24.3,31.5,22.9,26.4,0.2,15.9,31.3,93,15.42,990.8,loc_vellore,12.9165,79.1325,ECMWF_ERA5_Reanalysis
2018-02-13,30.6,18.9,24.2,32.5,21.6,26.0,0.0,14.4,32.0,92,19.67,992.0,loc_vellore,12.9165,79.1325,ECMWF_ERA5_Reanalysis
2018-02-14,30.5,19.2,24.4,31.8,22.0,26.6,0.4,15.1,31.0,78,15.33,992.1,loc_vellore,12.9165,79.1325,ECMWF_ERA5_Reanalysis
2018-02-15,31.1,19.9,24.8,31.7,22.8,26.8,0.0,14.3,31.0,65,17.95,992.3,loc_vellore,12.9165,79.1325,ECMWF_ERA5_Reanalysis
2018-02-16,31.4,18.9,24.3,31.9,21.6,26.1,0.0,14.0,28.1,85,23.69,991.2,loc_vellore,12.9165,79.1325,ECMWF_ERA5_Reanalysis
2018-02-17,31.2,20.3,25.0,33.0,22.9,27.0,0.0,15.5,30.6,121,22.75,988.0,loc_vellore,12.9165,79.1325,ECMWF_ERA5_Reanalysis
2018-02-18,31.1,17.5,24.1,32.9,19.6,26.0,0.0,13.6,28.4,112,23.39,987.1,loc_vellore,12.9165,79.1325,ECMWF_ERA5_Reanalysis
2018-02-19,30.9,16.8,23.7,32.4,18.7,25.3,0.0,13.7,30.6,107,23.37,987.6,loc_vellore,12.9165,79.1325,ECMWF_ERA5_Reanalysis
2018-02-20,31.1,17.8,24.1,32.1,19.9,25.7,0.0,14.8,34.6,93,23.67,987.5,loc_vellore,12.9165,79.1325,ECMWF_ERA5_Reanalysis
2018-02-21,31.5,17.4,24.0,32.1,19.2,25.1,0.0,15.0,35.3,94,24.16,986.3,loc_vellore,12.9165,79.1325,ECMWF_ERA5_Reanalysis
2018-02-22,32.4,17.1,24.4,32.3,18.5,25.0,0.0,15.9,36.0,88,24.48,986.1,loc_vellore,12.9165,79.1325,ECMWF_ERA5_Reanalysis
2018-02-23,31.0,17.0,23.6,31.8,18.3,24.6,0.0,13.8,32.8,101,24.52,986.7,loc_vellore,12.9165,79.1325,ECMWF_ERA5_Reanalysis
2018-02-24,31.1,19.0,25.0,33.1,21.6,27.0,0.0,17.8,34.2,92,22.53,988.4,loc_vellore,12.9165,79.1325,ECMWF_ERA5_Reanalysis
2018-02-25,32.1,20.3,25.4,34.2,23.5,27.5,0.0,15.0,28.8,79,23.48,988.5,loc_vellore,12.9165,79.1325,ECMWF_ERA5_Reanalysis
2018-02-26,32.8,18.6,25.4,35.1,20.6,27.0,0.0,15.2,30.6,104,24.5,987.4,loc_vellore,12.9165,79.1325,ECMWF_ERA5_Reanalysis
2018-02-27,34.0,18.6,25.6,34.6,19.5,26.1,0.0,15.2,34.6,98,24.76,986.8,loc_vellore,12.9165,79.1325,ECMWF_ERA5_Reanalysis
2018-02-28,33.7,19.5,26.0,34.4,21.7,27.4,0.0,15.5,34.2,102,23.92,986.7,loc_vellore,12.9165,79.1325,ECMWF_ERA5_Reanalysis
2018-03-01,34.1,19.6,26.1,34.5,22.4,27.4,0.0,14.2,32.8,107,24.9,986.4,loc_vellore,12.9165,79.1325,ECMWF_ERA5_Reanalysis
2018-03-02,34.0,19.0,25.9,33.8,20.8,26.3,0.0,14.8,33.1,114,25.03,986.1,loc_vellore,12.9165,79.1325,ECMWF_ERA5_Reanalysis
2018-03-03,34.5,17.3,25.7,33.8,16.4,24.8,0.0,12.6,29.9,135,25.83,985.4,loc_vellore,12.9165,79.1325,ECMWF_ERA5_Reanalysis
2018-03-04,34.8,16.4,25.6,34.2,16.6,25.2,0.0,14.8,33.1,129,25.68,985.2,loc_vellore,12.9165,79.1325,ECMWF_ERA5_Reanalysis
2018-03-05,33.6,15.9,24.7,33.8,16.8,25.1,0.0,13.0,30.6,117,25.73,986.0,loc_vellore,12.9165,79.1325,ECMWF_ERA5_Reanalysis
2018-03-06,33.4,16.1,24.6,33.8,16.9,25.6,0.0,15.8,31.0,125,25.87,986.9,loc_vellore,12.9165,79.1325,ECMWF_ERA5_Reanalysis
2018-03-07,33.0,20.1,25.8,34.7,22.0,27.4,0.0,13.6,31.7,130,24.08,986.9,loc_vellore,12.9165,79.1325,ECMWF_ERA5_Reanalysis
2018-03-08,34.2,17.8,25.7,33.4,18.6,25.6,0.0,16.6,37.4,111,25.34,986.8,loc_vellore,12.9165,79.1325,ECMWF_ERA5_Reanalysis
2018-03-09,34.1,18.3,26.0,35.1,19.0,27.1,0.0,15.8,34.2,96,24.33,986.9,loc_vellore,12.9165,79.1325,ECMWF_ERA5_Reanalysis
2018-03-10,33.9,20.5,26.9,35.0,23.2,28.7,0.0,15.2,35.6,105,24.53,987.0,loc_vellore,12.9165,79.1325,ECMWF_ERA5_Reanalysis
2018-03-11,33.7,19.4,26.2,35.1,21.8,28.4,0.0,13.2,31.0,109,25.14,987.2,loc_vellore,12.9165,79.1325,ECMWF_ERA5_Reanalysis
2018-03-12,34.3,20.2,27.1,35.7,23.6,29.5,0.0,18.0,40.3,107,22.42,987.9,loc_vellore,12.9165,79.1325,ECMWF_ERA5_Reanalysis
2018-03-13,32.4,23.5,27.5,35.4,28.0,30.6,0.4,18.8,42.8,104,17.78,987.2,loc_vellore,12.9165,79.1325,ECMWF_ERA5_Reanalysis
2018-03-14,34.1,23.8,28.2,35.8,28.4,31.1,0.0,16.5,38.5,136,20.31,986.3,loc_vellore,12.9165,79.1325,ECMWF_ERA5_Reanalysis
2018-03-15,34.7,23.0,28.4,36.5,27.6,31.2,0.0,17.7,38.2,148,23.04,985.6,loc_vellore,12.9165,79.1325,ECMWF_ERA5_Reanalysis
2018-03-16,33.3,24.1,28.2,37.5,28.8,32.2,12.2,15.8,33.1,141,18.87,984.6,loc_vellore,12.9165,79.1325,ECMWF_ERA5_Reanalysis
2018-03-17,28.2,22.3,24.6,31.7,26.2,28.4,72.5,13.6,26.6,106,10.27,986.3,loc_vellore,12.9165,79.1325,ECMWF_ERA5_Reanalysis
2018-03-18,30.8,23.3,26.3,35.1,26.9,30.0,0.6,13.0,26.3,110,22.72,986.7,loc_vellore,12.9165,79.1325,ECMWF_ERA5_Reanalysis
2018-03-19,30.7,21.5,25.6,34.0,24.9,28.7,0.0,10.7,26.6,142,23.99,988.0,loc_vellore,12.9165,79.1325,ECMWF_ERA5_Reanalysis
2018-03-20,32.1,18.8,25.5,36.1,21.3,28.7,0.0,12.5,24.5,143,25.52,986.8,loc_vellore,12.9165,79.1325,ECMWF_ERA5_Reanalysis
2018-03-21,33.4,20.1,26.5,36.0,22.9,29.2,0.0,11.7,25.9,160,25.68,985.6,loc_vellore,12.9165,79.1325,ECMWF_ERA5_Reanalysis
2018-03-22,33.9,20.8,27.4,39.9,23.2,30.3,0.3,13.9,27.0,166,22.22,983.5,loc_vellore,12.9165,79.1325,ECMWF_ERA5_Reanalysis
2018-03-23,34.6,23.5,28.5,40.5,26.9,32.2,0.6,12.8,25.2,153,21.45,983.5,loc_vellore,12.9165,79.1325,ECMWF_ERA5_Reanalysis
2018-03-24,33.7,23.0,28.0,37.6,26.9,31.7,0.0,12.9,30.6,141,22.47,985.5,loc_vellore,12.9165,79.1325,ECMWF_ERA5_Reanalysis
2018-03-25,33.5,21.9,27.0,36.9,25.7,30.2,0.0,11.9,27.7,129,24.91,987.8,loc_vellore,12.9165,79.1325,ECMWF_ERA5_Reanalysis
2018-03-26,33.5,21.6,27.0,37.3,25.3,30.6,0.0,12.8,29.5,121,25.11,988.1,loc_vellore,12.9165,79.1325,ECMWF_ERA5_Reanalysis
2018-03-27,34.2,21.7,27.5,36.6,25.6,30.6,0.0,13.5,32.0,150,25.05,986.6,loc_vellore,12.9165,79.1325,ECMWF_ERA5_Reanalysis
2018-03-28,34.6,23.7,28.6,39.0,27.9,32.3,0.0,14.8,28.1,153,23.3,985.4,loc_vellore,12.9165,79.1325,ECMWF_ERA5_Reanalysis
2018-03-29,35.4,23.0,28.9,39.7,27.4,32.6,0.0,12.7,24.8,147,24.47,984.8,loc_vellore,12.9165,79.1325,ECMWF_ERA5_Reanalysis
2018-03-30,35.6,23.4,29.1,40.0,27.3,32.6,0.0,16.0,31.3,150,22.81,984.3,loc_vellore,12.9165,79.1325,ECMWF_ERA5_Reanalysis
2018-03-31,33.7,24.8,28.5,40.3,28.5,32.7,0.8,14.2,34.9,153,21.09,984.0,loc_vellore,12.9165,79.1325,ECMWF_ERA5_Reanalysis
2018-04-01,34.7,24.5,28.8,38.9,29.5,32.5,0.5,16.9,37.1,141,23.18,984.0,loc_vellore,12.9165,79.1325,ECMWF_ERA5_Reanalysis
2018-04-02,34.8,24.5,28.7,38.3,29.0,32.4,0.2,13.7,30.2,143,23.23,985.1,loc_vellore,12.9165,79.1325,ECMWF_ERA5_Reanalysis
2018-04-03,35.1,24.7,28.8,39.1,28.9,32.6,0.3,12.7,26.3,135,23.61,984.7,loc_vellore,12.9165,79.1325,ECMWF_ERA5_Reanalysis
2018-04-04,34.7,23.9,28.7,37.8,27.5,31.9,0.0,12.2,31.0,146,24.07,983.4,loc_vellore,12.9165,79.1325,ECMWF_ERA5_Reanalysis
2018-04-05,34.7,23.1,28.4,37.8,27.2,31.3,0.0,14.1,32.4,141,22.74,982.9,loc_vellore,12.9165,79.1325,ECMWF_ERA5_Reanalysis
2018-04-06,35.0,22.3,28.6,37.7,26.2,31.3,0.0,13.0,32.8,143,24.4,983.6,loc_vellore,12.9165,79.1325,ECMWF_ERA5_Reanalysis
2018-04-07,34.6,22.5,28.3,38.0,26.3,31.1,0.0,14.8,33.1,137,23.9,984.9,loc_vellore,12.9165,79.1325,ECMWF_ERA5_Reanalysis
2018-04-08,34.6,24.2,28.2,36.8,28.6,31.4,0.0,20.5,44.3,115,22.11,985.9,loc_vellore,12.9165,79.1325,ECMWF_ERA5_Reanalysis
2018-04-09,34.9,24.1,28.7,37.2,29.0,31.8,0.0,15.9,31.0,98,24.12,986.0,loc_vellore,12.9165,79.1325,ECMWF_ERA5_Reanalysis
2018-04-10,35.0,24.3,28.9,37.4,29.3,32.0,0.7,15.9,33.8,107,22.22,985.0,loc_vellore,12.9165,79.1325,ECMWF_ERA5_Reanalysis
2018-04-11,34.5,24.5,29.0,37.8,29.9,32.7,0.0,19.8,42.1,117,21.82,984.9,loc_vellore,12.9165,79.1325,ECMWF_ERA5_Reanalysis
2018-04-12,35.9,25.1,29.5,38.9,30.4,33.2,0.0,18.3,37.8,125,23.18,984.1,loc_vellore,12.9165,79.1325,ECMWF_ERA5_Reanalysis
2018-04-13,35.5,25.1,29.5,38.7,30.3,33.0,0.0,19.2,42.5,134,23.08,984.7,loc_vellore,12.9165,79.1325,ECMWF_ERA5_Reanalysis
2018-04-14,35.9,25.0,29.7,39.6,29.1,33.4,1.0,20.4,47.5,140,23.06,984.5,loc_vellore,12.9165,79.1325,ECMWF_ERA5_Reanalysis
2018-04-15,34.6,25.4,29.7,37.1,30.4,33.2,1.7,16.8,37.8,139,20.4,984.8,loc_vellore,12.9165,79.1325,ECMWF_ERA5_Reanalysis
2018-04-16,36.4,25.6,30.2,39.8,30.9,34.2,0.0,16.3,45.4,133,22.91,985.3,loc_vellore,12.9165,79.1325,ECMWF_ERA5_Reanalysis
2018-04-17,37.1,25.3,30.4,40.1,30.5,33.9,0.5,15.5,40.3,142,23.6,986.0,loc_vellore,12.9165,79.1325,ECMWF_ERA5_Reanalysis
2018-04-18,38.0,24.3,30.8,40.8,29.2,34.0,0.0,19.0,36.7,143,24.26,985.2,loc_vellore,12.9165,79.1325,ECMWF_ERA5_Reanalysis
2018-04-19,39.0,25.6,31.5,41.9,30.1,34.6,0.0,18.6,36.7,153,23.56,983.4,loc_vellore,12.9165,79.1325,ECMWF_ERA5_Reanalysis
2018-04-20,38.7,26.2,31.9,42.4,30.3,35.2,0.0,12.3,29.9,149,22.8,983.1,loc_vellore,12.9165,79.1325,ECMWF_ERA5_Reanalysis
2018-04-21,37.8,26.7,31.3,42.9,30.7,34.7,0.0,19.2,38.5,144,23.08,983.2,loc_vellore,12.9165,79.1325,ECMWF_ERA5_Reanalysis
2018-04-22,37.9,26.1,31.5,40.9,30.6,34.5,0.0,15.3,33.5,149,23.02,983.6,loc_vellore,12.9165,79.1325,ECMWF_ERA5_Reanalysis
2018-04-23,39.1,25.9,31.6,41.9,30.7,35.0,0.1,17.1,34.9,137,24.16,983.7,loc_vellore,12.9165,79.1325,ECMWF_ERA5_Reanalysis
2018-04-24,38.1,25.9,31.4,39.7,29.8,34.2,0.0,14.3,32.8,143,22.87,983.9,loc_vellore,12.9165,79.1325,ECMWF_ERA5_Reanalysis
2018-04-25,37.9,26.2,31.3,40.5,30.0,34.0,0.0,15.6,32.0,149,23.01,983.2,loc_vellore,12.9165,79.1325,ECMWF_ERA5_Reanalysis
2018-04-26,37.9,26.2,31.4,42.5,30.6,34.9,0.2,16.8,36.0,140,23.17,982.6,loc_vellore,12.9165,79.1325,ECMWF_ERA5_Reanalysis
2018-04-27,37.8,26.0,31.0,40.8,30.3,34.2,0.0,19.1,37.8,134,23.73,984.0,loc_vellore,12.9165,79.1325,ECMWF_ERA5_Reanalysis
2018-04-28,37.4,25.8,30.8,39.0,30.5,33.9,0.0,14.9,33.8,146,23.67,984.9,loc_vellore,12.9165,79.1325,ECMWF_ERA5_Reanalysis
2018-04-29,38.4,25.0,31.2,41.5,30.4,34.5,0.0,16.7,32.8,150,23.74,983.4,loc_vellore,12.9165,79.1325,ECMWF_ERA5_Reanalysis
2018-04-30,39.5,26.6,32.4,43.7,30.6,36.0,0.0,17.2,33.8,160,23.44,981.8,loc_vellore,12.9165,79.1325,ECMWF_ERA5_Reanalysis
2018-05-01,38.9,27.9,32.6,43.9,30.9,36.0,0.5,19.3,37.4,160,22.72,982.6,loc_vellore,12.9165,79.1325,ECMWF_ERA5_Reanalysis
2018-05-02,39.6,28.0,32.2,44.1,32.4,36.6,3.3,14.8,30.6,138,22.58,982.7,loc_vellore,12.9165,79.1325,ECMWF_ERA5_Reanalysis
2018-05-03,38.1,25.7,31.1,42.7,29.9,35.5,3.5,19.8,39.6,134,24.36,983.6,loc_vellore,12.9165,79.1325,ECMWF_ERA5_Reanalysis
2018-05-04,35.6,24.9,29.8,39.4,30.0,34.0,0.5,16.8,33.8,145,21.93,984.2,loc_vellore,12.9165,79.1325,ECMWF_ERA5_Reanalysis
2018-05-05,35.7,25.9,30.4,39.5,30.6,34.0,0.0,17.2,39.2,142,22.96,984.9,loc_vellore,12.9165,79.1325,ECMWF_ERA5_Reanalysis
2018-05-06,37.4,25.4,30.8,40.4,30.5,34.3,0.0,17.7,34.2,147,23.54,985.0,loc_vellore,12.9165,79.1325,ECMWF_ERA5_Reanalysis
2018-05-07,38.3,26.0,31.7,42.1,31.0,35.3,0.0,18.6,36.0,147,23.8,983.5,loc_vellore,12.9165,79.1325,ECMWF_ERA5_Reanalysis
2018-05-08,38.0,26.8,30.8,42.2,31.9,35.4,0.8,10.4,23.4,203,19.27,982.5,loc_vellore,12.9165,79.1325,ECMWF_ERA5_Reanalysis
2018-05-09,35.6,26.0,30.6,38.9,29.0,33.7,0.1,17.5,39.2,164,21.55,983.0,loc_vellore,12.9165,79.1325,ECMWF_ERA5_Reanalysis
2018-05-10,35.7,26.6,30.7,39.7,31.7,34.7,0.1,13.9,39.2,155,21.6,984.6,loc_vellore,12.9165,79.1325,ECMWF_ERA5_Reanalysis
2018-05-11,38.2,26.9,31.4,41.5,31.4,35.6,2.9,11.0,32.8,158,22.87,983.5,loc_vellore,12.9165,79.1325,ECMWF_ERA5_Reanalysis
2018-05-12,38.1,26.6,31.6,41.8,31.5,35.4,0.0,14.8,32.8,140,23.77,983.0,loc_vellore,12.9165,79.1325,ECMWF_ERA5_Reanalysis
2018-05-13,37.9,27.0,31.5,40.8,31.7,35.2,0.1,17.4,42.1,143,22.23,983.0,loc_vellore,12.9165,79.1325,ECMWF_ERA5_Reanalysis
2018-05-14,37.3,26.5,31.1,40.5,31.3,34.8,0.1,19.2,37.8,134,20.27,983.3,loc_vellore,12.9165,79.1325,ECMWF_ERA5_Reanalysis
2018-05-15,35.5,26.7,30.2,39.0,31.4,34.0,0.2,13.5,26.6,141,17.24,983.0,loc_vellore,12.9165,79.1325,ECMWF_ERA5_Reanalysis
2018-05-16,37.3,26.4,31.1,41.0,31.3,34.4,0.0,21.2,44.6,146,23.12,981.8,loc_vellore,12.9165,79.1325,ECMWF_ERA5_Reanalysis
2018-05-17,37.9,26.4,31.4,41.4,31.2,34.8,0.0,18.1,38.5,141,23.22,981.7,loc_vellore,12.9165,79.1325,ECMWF_ERA5_Reanalysis
2018-05-18,38.5,26.6,31.9,41.3,30.7,34.9,0.4,15.5,33.5,151,21.07,981.3,loc_vellore,12.9165,79.1325,ECMWF_ERA5_Reanalysis
2018-05-19,39.9,26.9,32.5,43.3,31.9,35.8,0.1,15.8,34.9,122,23.88,980.7,loc_vellore,12.9165,79.1325,ECMWF_ERA5_Reanalysis
2018-05-20,39.0,27.6,32.2,42.5,32.4,36.2,0.0,15.7,32.8,123,23.63,980.9,loc_vellore,12.9165,79.1325,ECMWF_ERA5_Reanalysis
2018-05-21,38.5,26.3,31.0,43.0,30.6,35.4,1.2,19.4,42.5,139,22.78,981.4,loc_vellore,12.9165,79.1325,ECMWF_ERA5_Reanalysis
2018-05-22,38.1,26.0,31.1,41.8,31.3,35.1,0.0,18.5,40.7,87,22.28,981.4,loc_vellore,12.9165,79.1325,ECMWF_ERA5_Reanalysis
2018-05-23,38.2,26.6,31.3,41.2,32.3,35.3,0.4,17.4,43.6,124,23.7,981.0,loc_vellore,12.9165,79.1325,ECMWF_ERA5_Reanalysis
2018-05-24,37.3,26.0,30.9,39.8,29.8,34.3,0.1,20.2,43.9,114,21.72,980.3,loc_vellore,12.9165,79.1325,ECMWF_ERA5_Reanalysis
2018-05-25,35.7,25.1,29.3,39.6,29.7,33.9,11.2,13.0,35.3,138,16.38,980.0,loc_vellore,12.9165,79.1325,ECMWF_ERA5_Reanalysis
2018-05-26,35.6,24.9,29.8,40.5,29.6,34.0,0.4,17.7,41.0,149,21.19,979.8,loc_vellore,12.9165,79.1325,ECMWF_ERA5_Reanalysis
2018-05-27,35.8,25.8,30.5,40.4,31.3,35.0,0.1,15.3,31.0,143,21.74,979.5,loc_vellore,12.9165,79.1325,ECMWF_ERA5_Reanalysis
2018-05-28,36.3,27.1,31.2,40.9,32.5,35.9,1.2,13.0,32.4,162,19.96,978.1,loc_vellore,12.9165,79.1325,ECMWF_ERA5_Reanalysis
2018-05-29,37.9,27.2,32.8,39.9,29.2,35.2,0.0,20.2,39.2,264,20.26,977.2,loc_vellore,12.9165,79.1325,ECMWF_ERA5_Reanalysis
2018-05-30,39.3,27.8,31.8,43.7,29.2,34.3,0.4,22.0,43.9,275,22.04,978.0,loc_vellore,12.9165,79.1325,ECMWF_ERA5_Reanalysis
2018-05-31,39.4,27.9,32.8,44.5,30.5,36.3,0.2,16.6,33.8,267,23.52,979.5,loc_vellore,12.9165,79.1325,ECMWF_ERA5_Reanalysis
2018-06-01,38.8,27.0,30.9,44.0,30.7,35.5,2.2,13.4,39.6,285,21.38,980.9,loc_vellore,12.9165,79.1325,ECMWF_ERA5_Reanalysis
2018-06-02,36.0,25.5,29.3,41.5,30.2,34.5,3.4,14.6,35.3,291,21.62,981.2,loc_vellore,12.9165,79.1325,ECMWF_ERA5_Reanalysis
2018-06-03,32.2,25.9,28.7,39.2,29.8,33.3,13.9,12.3,29.2,264,16.41,980.4,loc_vellore,12.9165,79.1325,ECMWF_ERA5_Reanalysis
2018-06-04,34.2,26.5,29.3,40.7,29.6,33.8,9.8,13.6,34.9,273,20.06,979.2,loc_vellore,12.9165,79.1325,ECMWF_ERA5_Reanalysis
2018-06-05,35.8,26.6,30.1,42.3,29.4,34.0,1.6,14.4,32.4,252,21.92,979.7,loc_vellore,12.9165,79.1325,ECMWF_ERA5_Reanalysis
2018-06-06,33.8,25.7,28.9,37.6,29.7,33.0,8.5,18.0,37.1,265,14.46,981.5,loc_vellore,12.9165,79.1325,ECMWF_ERA5_Reanalysis
2018-06-07,35.2,25.7,29.8,38.4,28.9,32.7,0.0,19.4,43.6,262,19.5,980.5,loc_vellore,12.9165,79.1325,ECMWF_ERA5_Reanalysis
2018-06-08,34.9,27.2,30.1,35.7,28.6,31.6,0.4,29.3,59.8,257,19.12,978.9,loc_vellore,12.9165,79.1325,ECMWF_ERA5_Reanalysis
2018-06-09,35.5,27.1,30.0,36.9,28.8,31.6,0.4,28.9,71.3,259,19.59,977.9,loc_vellore,12.9165,79.1325,ECMWF_ERA5_Reanalysis
2018-06-10,34.0,27.1,30.2,35.3,27.8,31.7,0.5,27.4,63.4,264,18.27,979.0,loc_vellore,12.9165,79.1325,ECMWF_ERA5_Reanalysis
2018-06-11,35.2,27.1,30.8,36.9,28.8,32.5,0.2,22.8,52.9,263,17.96,979.6,loc_vellore,12.9165,79.1325,ECMWF_ERA5_Reanalysis
2018-06-12,35.0,27.2,30.8,36.7,28.6,32.7,0.2,24.9,51.5,263,17.94,979.9,loc_vellore,12.9165,79.1325,ECMWF_ERA5_Reanalysis
2018-06-13,35.8,27.1,30.9,37.8,28.0,32.7,0.0,22.0,48.2,268,18.54,980.4,loc_vellore,12.9165,79.1325,ECMWF_ERA5_Reanalysis
2018-06-14,36.1,27.2,30.5,38.5,28.2,32.4,2.5,21.8,49.3,270,16.89,981.0,loc_vellore,12.9165,79.1325,ECMWF_ERA5_Reanalysis
2018-06-15,36.9,26.7,31.0,39.9,27.9,33.5,0.8,21.6,42.8,272,22.11,981.4,loc_vellore,12.9165,79.1325,ECMWF_ERA5_Reanalysis
2018-06-16,37.1,26.8,31.6,39.3,28.4,33.2,0.0,20.2,45.0,273,22.65,982.4,loc_vellore,12.9165,79.1325,ECMWF_ERA5_Reanalysis
2018-06-17,38.2,27.1,31.8,38.8,28.3,33.1,0.0,23.4,49.3,277,22.99,982.4,loc_vellore,12.9165,79.1325,ECMWF_ERA5_Reanalysis
2018-06-18,36.9,26.0,31.4,38.8,27.3,32.7,0.0,25.9,55.4,269,23.8,981.8,loc_vellore,12.9165,79.1325,ECMWF_ERA5_Reanalysis
2018-06-19,37.1,26.5,31.5,38.4,27.1,32.6,0.1,20.5,49.3,264,22.72,980.8,loc_vellore,12.9165,79.1325,ECMWF_ERA5_Reanalysis
2018-06-20,37.1,26.6,31.5,39.5,28.5,33.1,0.2,21.1,46.1,256,21.69,980.6,loc_vellore,12.9165,79.1325,ECMWF_ERA5_Reanalysis
2018-06-21,36.7,26.9,30.4,39.3,28.8,32.2,1.2,18.0,45.7,262,18.78,980.4,loc_vellore,12.9165,79.1325,ECMWF_ERA5_Reanalysis
2018-06-22,36.2,26.2,30.7,38.2,26.8,32.0,1.5,19.8,40.7,270,18.35,980.1,loc_vellore,12.9165,79.1325,ECMWF_ERA5_Reanalysis
2018-06-23,35.7,26.5,29.7,37.7,28.2,31.8,2.0,20.6,45.0,272,16.32,980.4,loc_vellore,12.9165,79.1325,ECMWF_ERA5_Reanalysis
2018-06-24,35.8,25.5,29.9,37.8,28.2,32.0,3.1,24.0,47.9,274,18.07,981.1,loc_vellore,12.9165,79.1325,ECMWF_ERA5_Reanalysis
2018-06-25,35.3,26.5,30.5,36.3,28.3,32.0,0.2,23.0,49.0,268,16.45,980.7,loc_vellore,12.9165,79.1325,ECMWF_ERA5_Reanalysis
2018-06-26,36.2,26.7,31.0,36.7,28.0,31.7,0.0,23.4,54.7,271,19.23,979.8,loc_vellore,12.9165,79.1325,ECMWF_ERA5_Reanalysis
2018-06-27,35.9,27.0,30.4,36.4,27.8,31.4,0.3,22.7,49.7,269,18.0,979.2,loc_vellore,12.9165,79.1325,ECMWF_ERA5_Reanalysis
2018-06-28,33.6,26.7,29.7,34.2,28.3,31.3,0.1,20.5,54.4,265,12.36,980.2,loc_vellore,12.9165,79.1325,ECMWF_ERA5_Reanalysis
2018-06-29,36.6,24.9,30.0,38.4,28.6,32.4,2.2,16.1,40.3,253,16.72,980.7,loc_vellore,12.9165,79.1325,ECMWF_ERA5_Reanalysis
2018-06-30,34.9,24.5,29.4,36.9,28.9,32.4,0.2,11.5,26.6,224,14.52,981.6,loc_vellore,12.9165,79.1325,ECMWF_ERA5_Reanalysis
2018-07-01,34.3,24.2,28.5,38.6,27.9,32.2,7.0,10.8,26.3,238,17.32,982.2,loc_vellore,12.9165,79.1325,ECMWF_ERA5_Reanalysis
2018-07-02,35.0,24.3,28.4,38.2,28.1,32.3,16.9,13.9,34.2,259,19.26,981.7,loc_vellore,12.9165,79.1325,ECMWF_ERA5_Reanalysis
2018-07-03,32.5,23.6,27.5,36.2,26.1,30.8,6.8,16.8,37.4,268,13.98,982.0,loc_vellore,12.9165,79.1325,ECMWF_ERA5_Reanalysis
2018-07-04,35.3,26.0,30.5,37.1,28.3,32.3,0.0,18.6,43.2,270,20.85,982.5,loc_vellore,12.9165,79.1325,ECMWF_ERA5_Reanalysis
2018-07-05,36.0,25.8,31.2,37.5,26.7,32.0,0.0,19.1,42.5,272,21.95,982.0,loc_vellore,12.9165,79.1325,ECMWF_ERA5_Reanalysis
2018-07-06,36.3,26.2,30.4,37.5,26.7,31.4,0.2,22.5,50.0,275,16.98,980.9,loc_vellore,12.9165,79.1325,ECMWF_ERA5_Reanalysis
2018-07-07,29.9,25.7,27.7,31.1,26.6,29.1,6.2,26.1,50.8,270,6.66,979.7,loc_vellore,12.9165,79.1325,ECMWF_ERA5_Reanalysis
2018-07-08,33.7,26.5,29.6,33.7,27.0,30.7,0.0,24.0,51.1,272,10.76,979.1,loc_vellore,12.9165,79.1325,ECMWF_ERA5_Reanalysis
2018-07-09,35.1,26.5,30.1,35.1,27.6,31.3,0.2,24.7,52.9,265,13.26,978.9,loc_vellore,12.9165,79.1325,ECMWF_ERA5_Reanalysis
2018-07-10,34.3,26.4,29.5,35.0,27.6,30.9,0.2,22.4,51.8,263,11.34,980.4,loc_vellore,12.9165,79.1325,ECMWF_ERA5_Reanalysis
2018-07-11,34.5,26.5,29.6,34.6,28.0,30.5,0.5,26.9,60.8,271,11.77,980.7,loc_vellore,12.9165,79.1325,ECMWF_ERA5_Reanalysis
2018-07-12,35.1,26.3,30.1,34.7,26.8,30.2,0.1,28.6,61.6,270,13.32,979.7,loc_vellore,12.9165,79.1325,ECMWF_ERA5_Reanalysis
2018-07-13,34.4,26.2,29.3,34.3,27.8,30.4,0.7,25.9,60.5,271,12.43,979.6,loc_vellore,12.9165,79.1325,ECMWF_ERA5_Reanalysis
2018-07-14,35.5,25.4,29.7,35.7,26.4,30.5,1.4,27.8,60.1,273,14.96,978.8,loc_vellore,12.9165,79.1325,ECMWF_ERA5_Reanalysis
2018-07-15,34.5,27.4,30.7,33.4,27.7,30.8,0.0,28.6,61.6,270,11.83,978.2,loc_vellore,12.9165,79.1325,ECMWF_ERA5_Reanalysis
2018-07-16,36.2,27.3,30.9,35.9,27.5,30.7,0.3,29.5,63.4,271,15.17,978.9,loc_vellore,12.9165,79.1325,ECMWF_ERA5_Reanalysis
2018-07-17,35.5,27.0,31.0,35.0,27.5,31.0,0.1,29.9,64.8,274,14.79,979.4,loc_vellore,12.9165,79.1325,ECMWF_ERA5_Reanalysis
2018-07-18,37.2,27.1,31.3,37.1,28.2,31.7,0.8,31.4,64.8,275,18.24,979.8,loc_vellore,12.9165,79.1325,ECMWF_ERA5_Reanalysis
2018-07-19,34.1,27.4,30.6,33.7,28.4,31.2,0.0,28.5,59.8,273,14.28,980.0,loc_vellore,12.9165,79.1325,ECMWF_ERA5_Reanalysis
2018-07-20,35.9,26.8,30.7,35.7,27.8,31.1,0.2,27.4,58.3,269,14.85,980.2,loc_vellore,12.9165,79.1325,ECMWF_ERA5_Reanalysis
2018-07-21,34.0,27.3,30.5,33.6,28.2,30.9,0.3,30.6,63.0,271,9.67,981.2,loc_vellore,12.9165,79.1325,ECMWF_ERA5_Reanalysis
2018-07-22,34.9,26.6,30.8,34.2,27.6,31.1,0.0,28.4,59.0,270,13.78,980.9,loc_vellore,12.9165,79.1325,ECMWF_ERA5_Reanalysis
2018-07-23,35.8,26.5,30.7,36.7,27.4,31.5,0.0,25.9,53.6,276,15.96,980.7,loc_vellore,12.9165,79.1325,ECMWF_ERA5_Reanalysis
2018-07-24,33.1,26.8,30.4,34.3,28.6,31.8,0.0,20.2,43.9,271,13.14,982.1,loc_vellore,12.9165,79.1325,ECMWF_ERA5_Reanalysis
2018-07-25,36.5,26.6,31.3,38.1,27.5,32.6,0.1,22.1,49.3,277,18.99,982.1,loc_vellore,12.9165,79.1325,ECMWF_ERA5_Reanalysis
2018-07-26,37.2,27.0,30.9,39.0,29.3,33.3,2.6,18.3,43.2,268,17.85,982.4,loc_vellore,12.9165,79.1325,ECMWF_ERA5_Reanalysis
2018-07-27,36.0,26.2,30.3,37.5,28.0,32.3,1.9,21.6,45.0,275,19.18,982.4,loc_vellore,12.9165,79.1325,ECMWF_ERA5_Reanalysis
2018-07-28,37.3,25.4,30.5,39.0,28.6,32.4,2.9,20.5,45.7,270,21.36,981.6,loc_vellore,12.9165,79.1325,ECMWF_ERA5_Reanalysis
2018-07-29,37.4,25.4,31.6,38.9,28.6,33.2,0.3,22.7,52.9,265,22.15,980.4,loc_vellore,12.9165,79.1325,ECMWF_ERA5_Reanalysis
2018-07-30,38.0,27.9,32.5,39.0,30.0,33.9,0.0,19.0,41.0,277,20.91,980.4,loc_vellore,12.9165,79.1325,ECMWF_ERA5_Reanalysis
2018-07-31,36.0,27.1,31.0,37.4,28.4,32.4,0.4,21.6,55.4,271,18.74,981.4,loc_vellore,12.9165,79.1325,ECMWF_ERA5_Reanalysis
2018-08-01,37.8,25.9,30.7,39.1,26.8,31.6,0.2,20.6,58.7,271,18.81,982.2,loc_vellore,12.9165,79.1325,ECMWF_ERA5_Reanalysis
2018-08-02,36.8,25.2,30.6,38.9,26.8,31.9,1.1,20.7,48.6,268,19.03,983.0,loc_vellore,12.9165,79.1325,ECMWF_ERA5_Reanalysis
2018-08-03,36.2,25.0,30.9,37.4,28.5,32.0,0.0,21.2,48.6,280,18.0,983.3,loc_vellore,12.9165,79.1325,ECMWF_ERA5_Reanalysis
2018-08-04,37.0,26.7,31.2,38.5,27.1,32.0,0.1,19.4,52.2,281,18.72,982.8,loc_vellore,12.9165,79.1325,ECMWF_ERA5_Reanalysis
2018-08-05,37.4,27.0,31.4,37.6,27.0,31.8,0.1,22.7,51.5,287,20.11,982.9,loc_vellore,12.9165,79.1325,ECMWF_ERA5_Reanalysis
2018-08-06,36.3,26.7,31.0,36.2,26.5,30.9,0.0,28.5,62.6,281,19.68,981.3,loc_vellore,12.9165,79.1325,ECMWF_ERA5_Reanalysis
2018-08-07,34.8,26.2,29.5,35.2,26.2,29.9,0.0,24.8,60.8,273,14.52,980.3,loc_vellore,12.9165,79.1325,ECMWF_ERA5_Reanalysis
2018-08-08,34.8,26.2,29.6,35.8,26.9,30.8,0.6,24.3,52.9,268,17.13,980.1,loc_vellore,12.9165,79.1325,ECMWF_ERA5_Reanalysis
2018-08-09,35.6,26.1,29.7,37.7,27.6,31.4,3.0,21.1,50.4,273,17.06,982.0,loc_vellore,12.9165,79.1325,ECMWF_ERA5_Reanalysis
2018-08-10,35.6,26.4,29.9,36.0,27.0,30.6,0.5,24.9,51.8,280,14.46,983.1,loc_vellore,12.9165,79.1325,ECMWF_ERA5_Reanalysis
2018-08-11,27.2,23.3,25.2,31.0,24.1,27.0,13.1,25.3,48.6,277,5.46,981.8,loc_vellore,12.9165,79.1325,ECMWF_ERA5_Reanalysis
2018-08-12,30.9,23.4,27.0,33.3,23.9,27.8,6.0,31.1,64.8,273,12.64,980.5,loc_vellore,12.9165,79.1325,ECMWF_ERA5_Reanalysis
2018-08-13,32.7,23.1,27.4,31.9,24.4,28.2,0.7,27.0,64.4,273,8.56,980.6,loc_vellore,12.9165,79.1325,ECMWF_ERA5_Reanalysis
2018-08-14,29.6,24.1,26.3,33.1,25.5,28.9,9.3,21.6,51.1,267,8.4,979.9,loc_vellore,12.9165,79.1325,ECMWF_ERA5_Reanalysis
2018-08-15,28.6,23.6,26.3,32.7,26.2,29.2,10.3,22.7,61.6,261,6.69,979.2,loc_vellore,12.9165,79.1325,ECMWF_ERA5_Reanalysis
2018-08-16,31.9,25.7,28.8,31.5,27.1,29.3,0.0,31.7,65.5,269,12.74,979.0,loc_vellore,12.9165,79.1325,ECMWF_ERA5_Reanalysis
2018-08-17,35.4,26.1,30.1,36.2,27.4,30.9,0.0,25.3,60.1,272,15.6,978.7,loc_vellore,12.9165,79.1325,ECMWF_ERA5_Reanalysis
2018-08-18,35.7,25.8,30.5,35.2,25.7,30.4,0.0,30.2,64.1,281,20.29,979.0,loc_vellore,12.9165,79.1325,ECMWF_ERA5_Reanalysis
2018-08-19,35.1,26.6,30.4,35.1,26.5,30.4,0.0,32.3,65.2,283,15.54,979.1,loc_vellore,12.9165,79.1325,ECMWF_ERA5_Reanalysis
2018-08-20,35.0,26.1,30.3,34.2,26.0,30.3,0.0,29.3,60.8,276,15.35,980.2,loc_vellore,12.9165,79.1325,ECMWF_ERA5_Reanalysis
2018-08-21,37.1,25.8,31.0,38.3,26.4,31.5,0.0,23.9,51.5,270,23.0,981.3,loc_vellore,12.9165,79.1325,ECMWF_ERA5_Reanalysis
2018-08-22,37.1,26.0,31.5,38.6,26.7,32.3,0.1,21.7,48.2,283,22.28,982.0,loc_vellore,12.9165,79.1325,ECMWF_ERA5_Reanalysis
2018-08-23,37.8,25.6,30.9,39.4,27.8,32.4,1.1,20.8,52.9,287,21.83,982.6,loc_vellore,12.9165,79.1325,ECMWF_ERA5_Reanalysis
2018-08-24,35.9,25.8,29.7,37.0,27.9,31.4,1.9,20.3,45.4,275,14.55,982.6,loc_vellore,12.9165,79.1325,ECMWF_ERA5_Reanalysis
2018-08-25,34.6,25.3,29.6,35.1,27.6,31.1,1.8,17.9,42.8,283,10.78,981.8,loc_vellore,12.9165,79.1325,ECMWF_ERA5_Reanalysis
2018-08-26,35.7,25.6,29.9,36.3,27.5,31.2,0.1,18.9,49.7,282,14.91,980.9,loc_vellore,12.9165,79.1325,ECMWF_ERA5_Reanalysis
2018-08-27,34.9,26.3,29.8,35.4,27.0,30.7,0.0,22.2,47.9,277,15.58,981.2,loc_vellore,12.9165,79.1325,ECMWF_ERA5_Reanalysis
2018-08-28,36.2,25.6,29.9,37.4,26.7,31.5,0.4,21.2,46.4,269,17.79,981.5,loc_vellore,12.9165,79.1325,ECMWF_ERA5_Reanalysis
2018-08-29,37.2,26.0,30.4,39.5,27.4,32.1,1.4,19.8,43.6,274,20.96,982.4,loc_vellore,12.9165,79.1325,ECMWF_ERA5_Reanalysis
2018-08-30,36.6,24.3,29.8,38.1,27.7,31.8,8.7,19.6,43.2,281,18.61,981.9,loc_vellore,12.9165,79.1325,ECMWF_ERA5_Reanalysis
2018-08-31,32.6,24.1,27.1,34.7,27.6,30.2,9.3,19.6,45.7,271,14.43,982.8,loc_vellore,12.9165,79.1325,ECMWF_ERA5_Reanalysis
2018-09-01,33.7,23.9,28.4,36.6,26.5,31.1,0.9,16.3,32.0,269,16.61,983.2,loc_vellore,12.9165,79.1325,ECMWF_ERA5_Reanalysis
2018-09-02,34.6,25.2,29.0,38.7,28.1,32.4,0.1,11.5,31.3,251,22.18,983.5,loc_vellore,12.9165,79.1325,ECMWF_ERA5_Reanalysis
2018-09-03,35.5,25.6,29.8,37.7,28.1,32.0,0.0,15.8,32.0,255,21.27,983.4,loc_vellore,12.9165,79.1325,ECMWF_ERA5_Reanalysis
2018-09-04,36.0,25.0,30.0,39.5,29.2,33.0,0.4,15.4,30.2,211,23.15,983.8,loc_vellore,12.9165,79.1325,ECMWF_ERA5_Reanalysis
2018-09-05,35.9,25.7,30.2,38.4,28.7,32.8,0.8,15.5,33.8,268,19.96,983.1,loc_vellore,12.9165,79.1325,ECMWF_ERA5_Reanalysis
2018-09-06,37.9,26.3,31.2,38.3,27.9,32.6,0.0,19.1,38.2,273,21.39,981.5,loc_vellore,12.9165,79.1325,ECMWF_ERA5_Reanalysis
2018-09-07,37.8,26.8,31.2,38.5,27.5,32.0,0.1,21.9,46.8,282,22.84,982.2,loc_vellore,12.9165,79.1325,ECMWF_ERA5_Reanalysis
2018-09-08,37.1,25.8,31.0,39.2,27.8,32.7,0.3,16.9,40.7,292,22.19,982.9,loc_vellore,12.9165,79.1325,ECMWF_ERA5_Reanalysis
2018-09-09,34.2,26.7,30.3,38.2,29.7,32.9,0.4,12.0,26.3,162,17.88,983.9,loc_vellore,12.9165,79.1325,ECMWF_ERA5_Reanalysis
2018-09-10,33.1,23.2,27.8,36.4,26.9,31.5,9.7,11.9,23.8,179,15.54,986.1,loc_vellore,12.9165,79.1325,ECMWF_ERA5_Reanalysis
2018-09-11,35.4,24.0,29.2,39.2,27.7,32.9,1.6,14.2,37.4,234,22.36,986.3,loc_vellore,12.9165,79.1325,ECMWF_ERA5_Reanalysis
2018-09-12,35.1,24.1,29.2,40.3,29.4,33.6,4.4,14.5,38.9,197,21.43,984.9,loc_vellore,12.9165,79.1325,ECMWF_ERA5_Reanalysis
2018-09-13,33.1,24.4,27.9,38.7,29.2,32.5,13.6,14.6,34.6,226,21.32,983.8,loc_vellore,12.9165,79.1325,ECMWF_ERA5_Reanalysis
2018-09-14,34.2,24.1,28.1,38.6,28.2,32.0,8.2,13.4,31.3,262,19.29,984.1,loc_vellore,12.9165,79.1325,ECMWF_ERA5_Reanalysis
2018-09-15,36.1,23.9,28.5,41.1,27.4,32.1,3.8,13.4,30.2,270,22.41,984.1,loc_vellore,12.9165,79.1325,ECMWF_ERA5_Reanalysis
2018-09-16,32.4,24.0,26.3,36.0,27.4,30.3,14.4,13.1,30.2,271,13.4,983.1,loc_vellore,12.9165,79.1325,ECMWF_ERA5_Reanalysis
2018-09-17,30.2,23.4,26.1,32.8,27.0,29.1,19.8,19.6,40.3,286,11.0,982.3,loc_vellore,12.9165,79.1325,ECMWF_ERA5_Reanalysis
2018-09-18,32.1,24.2,27.1,35.1,27.1,30.2,0.8,16.1,40.3,283,11.03,982.1,loc_vellore,12.9165,79.1325,ECMWF_ERA5_Reanalysis
2018-09-19,28.7,23.2,25.2,34.2,25.0,28.7,5.8,18.7,36.4,282,7.41,981.9,loc_vellore,12.9165,79.1325,ECMWF_ERA5_Reanalysis
2018-09-20,30.7,24.4,26.8,32.9,25.6,29.4,0.7,17.3,38.5,278,13.9,979.9,loc_vellore,12.9165,79.1325,ECMWF_ERA5_Reanalysis
2018-09-21,32.0,23.3,26.8,36.2,25.8,30.6,12.1,18.7,40.0,251,19.17,980.8,loc_vellore,12.9165,79.1325,ECMWF_ERA5_Reanalysis
2018-09-22,32.3,23.4,27.4,37.8,25.4,31.0,0.0,12.2,27.7,243,22.94,984.3,loc_vellore,12.9165,79.1325,ECMWF_ERA5_Reanalysis
2018-09-23,31.9,24.1,27.7,37.1,29.4,32.6,1.3,9.6,23.0,124,20.85,986.4,loc_vellore,12.9165,79.1325,ECMWF_ERA5_Reanalysis
2018-09-24,31.5,22.5,27.2,36.7,25.7,31.6,3.4,11.8,23.0,142,22.47,986.5,loc_vellore,12.9165,79.1325,ECMWF_ERA5_Reanalysis
2018-09-25,31.7,23.9,27.5,37.5,29.0,32.5,1.7,9.7,23.8,114,20.92,985.1,loc_vellore,12.9165,79.1325,ECMWF_ERA5_Reanalysis
2018-09-26,31.7,22.7,27.5,37.1,26.3,31.8,1.3,10.4,25.2,102,21.93,984.1,loc_vellore,12.9165,79.1325,ECMWF_ERA5_Reanalysis
2018-09-27,31.3,23.7,27.2,36.6,28.8,32.0,0.5,14.2,29.9,119,18.9,984.2,loc_vellore,12.9165,79.1325,ECMWF_ERA5_Reanalysis
2018-09-28,31.1,23.9,26.6,36.4,28.9,31.5,6.4,12.4,33.5,127,17.61,984.4,loc_vellore,12.9165,79.1325,ECMWF_ERA5_Reanalysis
2018-09-29,31.4,23.2,27.0,36.3,28.0,31.8,5.3,10.2,24.1,114,20.86,984.8,loc_vellore,12.9165,79.1325,ECMWF_ERA5_Reanalysis
2018-09-30,30.9,23.0,26.9,36.4,27.7,31.9,1.7,10.5,26.6,116,20.44,984.6,loc_vellore,12.9165,79.1325,ECMWF_ERA5_Reanalysis
2018-10-01,31.3,23.8,26.9,36.4,29.5,31.9,1.2,17.3,37.4,118,18.67,984.8,loc_vellore,12.9165,79.1325,ECMWF_ERA5_Reanalysis
2018-10-02,30.4,23.5,26.7,35.5,28.9,31.5,4.3,13.6,35.6,107,19.18,985.5,loc_vellore,12.9165,79.1325,ECMWF_ERA5_Reanalysis
2018-10-03,30.9,23.7,26.3,35.9,29.3,31.3,7.4,14.9,35.6,99,18.31,985.2,loc_vellore,12.9165,79.1325,ECMWF_ERA5_Reanalysis
2018-10-04,27.6,23.4,24.8,33.2,28.2,29.7,13.5,10.9,30.6,74,9.27,985.4,loc_vellore,12.9165,79.1325,ECMWF_ERA5_Reanalysis
2018-10-05,27.6,22.9,24.4,33.0,27.4,28.9,17.6,15.2,37.1,79,8.71,985.8,loc_vellore,12.9165,79.1325,ECMWF_ERA5_Reanalysis
2018-10-06,30.2,23.0,25.2,35.8,27.2,29.8,10.9,17.5,39.6,94,15.07,985.5,loc_vellore,12.9165,79.1325,ECMWF_ERA5_Reanalysis
2018-10-07,29.7,22.6,25.8,35.2,27.2,30.9,2.4,11.6,34.6,78,19.23,984.9,loc_vellore,12.9165,79.1325,ECMWF_ERA5_Reanalysis
2018-10-08,29.4,23.4,25.5,35.0,27.9,30.6,11.1,13.6,30.2,37,14.09,984.4,loc_vellore,12.9165,79.1325,ECMWF_ERA5_Reanalysis
2018-10-09,32.1,22.8,26.8,36.1,26.7,30.4,0.0,11.6,25.2,299,22.62,983.4,loc_vellore,12.9165,79.1325,ECMWF_ERA5_Reanalysis
2018-10-10,33.1,22.7,27.2,36.2,25.4,30.0,0.0,13.8,27.4,280,21.97,982.1,loc_vellore,12.9165,79.1325,ECMWF_ERA5_Reanalysis
2018-10-11,34.3,21.4,27.3,37.0,20.5,28.6,0.0,13.4,29.5,258,23.76,981.9,loc_vellore,12.9165,79.1325,ECMWF_ERA5_Reanalysis
2018-10-12,33.6,20.7,27.3,37.9,22.9,30.1,0.0,12.2,25.2,228,23.7,983.5,loc_vellore,12.9165,79.1325,ECMWF_ERA5_Reanalysis
2018-10-13,32.4,23.3,27.7,38.8,28.2,32.4,3.0,13.6,27.0,157,21.05,985.3,loc_vellore,12.9165,79.1325,ECMWF_ERA5_Reanalysis
2018-10-14,31.5,24.4,27.4,37.7,29.6,32.7,1.2,8.8,24.1,136,19.77,986.6,loc_vellore,12.9165,79.1325,ECMWF_ERA5_Reanalysis
2018-10-15,31.9,23.4,27.0,36.6,28.4,31.6,1.3,11.3,26.3,120,18.42,987.1,loc_vellore,12.9165,79.1325,ECMWF_ERA5_Reanalysis
2018-10-16,30.0,23.5,25.8,35.2,28.5,30.4,7.3,12.6,31.3,123,16.55,987.8,loc_vellore,12.9165,79.1325,ECMWF_ERA5_Reanalysis
2018-10-17,29.4,22.5,25.3,35.0,26.7,30.0,13.7,8.9,26.3,53,16.29,987.5,loc_vellore,12.9165,79.1325,ECMWF_ERA5_Reanalysis
2018-10-18,28.9,22.5,25.0,33.0,26.9,29.3,3.1,10.5,23.8,77,13.8,986.9,loc_vellore,12.9165,79.1325,ECMWF_ERA5_Reanalysis
2018-10-19,29.0,22.0,25.3,34.0,26.2,29.8,2.0,13.0,33.8,79,17.09,987.0,loc_vellore,12.9165,79.1325,ECMWF_ERA5_Reanalysis
2018-10-20,29.9,20.4,25.2,33.0,23.7,28.1,0.0,11.7,23.8,38,21.77,987.8,loc_vellore,12.9165,79.1325,ECMWF_ERA5_Reanalysis
2018-10-21,28.0,22.1,24.7,30.9,25.3,28.2,5.8,15.7,38.2,56,13.9,988.1,loc_vellore,12.9165,79.1325,ECMWF_ERA5_Reanalysis
2018-10-22,30.7,20.4,25.1,34.3,23.5,28.1,0.0,11.6,27.4,57,21.48,987.9,loc_vellore,12.9165,79.1325,ECMWF_ERA5_Reanalysis
2018-10-23,30.9,19.1,24.8,34.2,21.0,27.3,0.0,10.9,27.0,74,22.83,987.8,loc_vellore,12.9165,79.1325,ECMWF_ERA5_Reanalysis
2018-10-24,31.2,18.9,24.8,34.4,21.0,27.8,0.0,10.1,25.2,75,22.4,987.5,loc_vellore,12.9165,79.1325,ECMWF_ERA5_Reanalysis
2018-10-25,31.2,20.5,25.9,33.6,24.3,28.8,0.0,15.9,43.6,71,20.12,988.7,loc_vellore,12.9165,79.1325,ECMWF_ERA5_Reanalysis
2018-10-26,31.6,21.1,25.8,33.5,24.7,28.1,0.0,17.9,37.4,56,20.51,989.1,loc_vellore,12.9165,79.1325,ECMWF_ERA5_Reanalysis
2018-10-27,32.0,20.2,25.7,32.5,23.1,27.3,0.0,20.3,44.3,49,21.46,988.5,loc_vellore,12.9165,79.1325,ECMWF_ERA5_Reanalysis
2018-10-28,32.4,19.3,25.6,33.8,21.0,27.0,0.0,15.6,36.4,23,21.54,987.0,loc_vellore,12.9165,79.1325,ECMWF_ERA5_Reanalysis
2018-10-29,33.5,19.8,26.2,34.9,20.4,27.4,0.0,14.2,35.3,355,21.45,985.3,loc_vellore,12.9165,79.1325,ECMWF_ERA5_Reanalysis
2018-10-30,32.5,21.1,26.7,34.2,22.5,28.8,0.2,19.0,38.5,22,18.98,984.9,loc_vellore,12.9165,79.1325,ECMWF_ERA5_Reanalysis
2018-10-31,31.3,22.7,26.3,33.6,26.2,29.5,3.0,19.1,40.7,37,17.01,985.3,loc_vellore,12.9165,79.1325,ECMWF_ERA5_Reanalysis
2018-11-01,27.7,23.1,24.4,32.3,27.5,29.2,23.5,7.7,22.3,69,7.06,986.0,loc_vellore,12.9165,79.1325,ECMWF_ERA5_Reanalysis
2018-11-02,27.7,22.5,24.6,31.7,26.9,29.0,7.2,10.2,36.0,74,10.51,986.6,loc_vellore,12.9165,79.1325,ECMWF_ERA5_Reanalysis
2018-11-03,29.0,22.8,25.1,33.6,27.3,29.2,4.8,16.7,35.3,87,13.64,987.2,loc_vellore,12.9165,79.1325,ECMWF_ERA5_Reanalysis
2018-11-04,29.3,22.4,25.2,34.0,26.7,29.5,5.6,13.3,37.4,70,15.88,987.8,loc_vellore,12.9165,79.1325,ECMWF_ERA5_Reanalysis
2018-11-05,30.0,22.6,25.8,33.6,27.1,29.8,1.1,14.4,34.6,67,17.41,987.5,loc_vellore,12.9165,79.1325,ECMWF_ERA5_Reanalysis
2018-11-06,29.8,22.2,25.7,34.0,26.7,29.7,0.6,11.3,32.0,69,17.22,988.0,loc_vellore,12.9165,79.1325,ECMWF_ERA5_Reanalysis
2018-11-07,30.0,20.7,25.1,33.0,23.5,28.3,0.0,10.2,24.1,48,19.11,988.1,loc_vellore,12.9165,79.1325,ECMWF_ERA5_Reanalysis
2018-11-08,30.3,19.9,24.6,32.7,22.6,27.3,0.0,13.6,30.6,44,18.38,987.3,loc_vellore,12.9165,79.1325,ECMWF_ERA5_Reanalysis
2018-11-09,30.1,20.7,24.9,32.1,23.7,27.4,0.5,15.1,34.6,51,17.82,986.6,loc_vellore,12.9165,79.1325,ECMWF_ERA5_Reanalysis
2018-11-10,31.2,19.8,25.3,33.9,22.5,28.1,0.0,12.1,27.7,55,20.3,987.0,loc_vellore,12.9165,79.1325,ECMWF_ERA5_Reanalysis
2018-11-11,31.0,20.6,25.3,33.0,23.6,27.8,0.0,14.6,27.4,16,20.99,987.5,loc_vellore,12.9165,79.1325,ECMWF_ERA5_Reanalysis
2018-11-12,31.1,20.2,25.3,33.2,22.9,27.3,0.0,12.3,28.8,19,20.19,986.4,loc_vellore,12.9165,79.1325,ECMWF_ERA5_Reanalysis
2018-11-13,32.5,19.9,25.3,32.7,21.2,26.4,0.0,12.3,30.2,350,21.92,984.8,loc_vellore,12.9165,79.1325,ECMWF_ERA5_Reanalysis
2018-11-14,32.9,18.6,25.2,33.4,19.2,26.1,0.0,14.0,27.4,350,22.45,984.7,loc_vellore,12.9165,79.1325,ECMWF_ERA5_Reanalysis
2018-11-15,29.7,20.4,24.6,32.6,21.5,27.2,13.5,18.4,49.7,9,12.74,985.4,loc_vellore,12.9165,79.1325,ECMWF_ERA5_Reanalysis
2018-11-16,27.5,22.5,24.8,30.9,26.6,28.3,5.2,18.4,43.9,94,11.82,986.7,loc_vellore,12.9165,79.1325,ECMWF_ERA5_Reanalysis
2018-11-17,30.9,22.3,25.7,35.8,26.6,30.2,1.6,11.3,25.2,114,17.52,987.0,loc_vellore,12.9165,79.1325,ECMWF_ERA5_Reanalysis
2018-11-18,30.5,22.4,25.4,35.8,27.1,30.0,6.4,17.4,36.7,93,16.12,987.4,loc_vellore,12.9165,79.1325,ECMWF_ERA5_Reanalysis
2018-11-19,29.0,22.6,25.2,33.7,27.3,29.5,2.6,16.3,35.6,74,14.59,988.4,loc_vellore,12.9165,79.1325,ECMWF_ERA5_Reanalysis
2018-11-20,29.9,23.2,25.0,32.4,26.8,28.4,9.5,17.6,44.6,41,13.23,988.4,loc_vellore,12.9165,79.1325,ECMWF_ERA5_Reanalysis
2018-11-21,26.4,21.8,23.3,27.8,24.0,25.7,119.5,22.5,48.6,12,5.97,987.3,loc_vellore,12.9165,79.1325,ECMWF_ERA5_Reanalysis
2018-11-22,24.6,21.6,22.7,29.2,24.4,26.3,39.4,12.0,34.2,58,5.05,988.2,loc_vellore,12.9165,79.1325,ECMWF_ERA5_Reanalysis
2018-11-23,27.0,21.9,23.4,32.3,25.7,27.3,22.2,22.7,45.4,65,9.55,990.2,loc_vellore,12.9165,79.1325,ECMWF_ERA5_Reanalysis
2018-11-24,28.4,21.7,24.7,31.1,25.6,28.2,0.3,11.1,26.3,55,15.73,990.9,loc_vellore,12.9165,79.1325,ECMWF_ERA5_Reanalysis
2018-11-25,28.3,21.2,24.4,31.6,24.9,27.6,0.0,11.3,27.0,57,17.13,990.1,loc_vellore,12.9165,79.1325,ECMWF_ERA5_Reanalysis
2018-11-26,27.6,19.6,23.3,30.2,22.3,25.7,0.0,12.6,24.8,63,18.92,988.8,loc_vellore,12.9165,79.1325,ECMWF_ERA5_Reanalysis
2018-11-27,27.0,17.6,22.1,27.3,19.5,23.4,0.0,15.8,34.6,55,17.65,989.4,loc_vellore,12.9165,79.1325,ECMWF_ERA5_Reanalysis
2018-11-28,27.6,17.7,22.9,29.5,19.3,25.0,0.0,13.8,29.5,50,15.12,989.5,loc_vellore,12.9165,79.1325,ECMWF_ERA5_Reanalysis
2018-11-29,26.0,21.0,23.5,28.4,24.1,26.3,1.0,14.2,29.5,48,6.04,990.3,loc_vellore,12.9165,79.1325,ECMWF_ERA5_Reanalysis
2018-11-30,28.0,20.7,23.8,30.2,23.9,26.5,0.0,12.7,28.8,52,15.78,990.3,loc_vellore,12.9165,79.1325,ECMWF_ERA5_Reanalysis
2018-12-01,28.1,19.3,23.5,29.9,21.4,25.6,0.0,13.3,29.2,41,18.83,988.7,loc_vellore,12.9165,79.1325,ECMWF_ERA5_Reanalysis
2018-12-02,28.0,19.0,23.3,30.1,21.4,25.7,0.1,12.3,26.6,55,14.86,986.9,loc_vellore,12.9165,79.1325,ECMWF_ERA5_Reanalysis
2018-12-03,28.6,20.2,24.0,30.4,23.2,26.6,0.2,14.2,33.1,47,14.64,987.4,loc_vellore,12.9165,79.1325,ECMWF_ERA5_Reanalysis
2018-12-04,28.1,21.3,24.1,31.2,24.4,27.5,4.6,13.6,31.7,49,12.07,988.1,loc_vellore,12.9165,79.1325,ECMWF_ERA5_Reanalysis
2018-12-05,28.5,22.2,24.4,32.8,26.4,28.5,3.5,14.4,31.7,63,13.0,987.7,loc_vellore,12.9165,79.1325,ECMWF_ERA5_Reanalysis
2018-12-06,29.0,21.5,24.9,32.5,25.1,28.4,0.8,12.4,27.4,70,16.72,986.8,loc_vellore,12.9165,79.1325,ECMWF_ERA5_Reanalysis
2018-12-07,28.7,21.1,24.5,31.5,25.0,28.1,1.2,13.1,29.2,66,14.57,987.3,loc_vellore,12.9165,79.1325,ECMWF_ERA5_Reanalysis
2018-12-08,29.3,21.2,24.7,32.3,24.5,28.1,1.1,13.7,31.3,68,16.57,988.2,loc_vellore,12.9165,79.1325,ECMWF_ERA5_Reanalysis
2018-12-09,28.5,20.8,24.3,30.2,24.4,27.2,0.0,11.8,27.7,67,14.15,988.1,loc_vellore,12.9165,79.1325,ECMWF_ERA5_Reanalysis
2018-12-10,29.3,19.4,23.7,32.4,22.3,26.8,0.0,10.4,21.6,89,19.44,987.6,loc_vellore,12.9165,79.1325,ECMWF_ERA5_Reanalysis
2018-12-11,28.8,20.3,24.0,32.1,24.0,27.2,0.0,9.0,19.1,63,18.67,987.8,loc_vellore,12.9165,79.1325,ECMWF_ERA5_Reanalysis
2018-12-12,29.6,19.4,24.1,32.8,22.3,27.0,0.0,9.9,23.4,62,19.32,988.5,loc_vellore,12.9165,79.1325,ECMWF_ERA5_Reanalysis
2018-12-13,29.6,19.1,24.2,32.8,21.6,27.0,0.0,11.0,24.5,62,18.32,989.1,loc_vellore,12.9165,79.1325,ECMWF_ERA5_Reanalysis
2018-12-14,29.6,19.1,23.8,30.4,21.5,25.9,0.0,17.2,36.0,23,16.86,988.9,loc_vellore,12.9165,79.1325,ECMWF_ERA5_Reanalysis
2018-12-15,28.6,22.0,24.7,28.8,24.2,26.0,0.0,23.3,48.6,22,17.42,988.7,loc_vellore,12.9165,79.1325,ECMWF_ERA5_Reanalysis
2018-12-16,25.6,20.8,23.3,24.9,21.0,23.5,0.0,20.8,43.2,334,8.03,987.5,loc_vellore,12.9165,79.1325,ECMWF_ERA5_Reanalysis
2018-12-17,32.3,20.4,24.8,32.5,20.1,25.1,0.0,14.8,32.4,284,19.16,986.3,loc_vellore,12.9165,79.1325,ECMWF_ERA5_Reanalysis
2018-12-18,30.2,17.3,23.3,32.6,17.9,24.9,0.0,13.5,27.7,44,20.05,988.2,loc_vellore,12.9165,79.1325,ECMWF_ERA5_Reanalysis
2018-12-19,28.7,17.8,22.8,31.4,19.3,24.2,0.0,12.5,25.6,19,17.97,989.1,loc_vellore,12.9165,79.1325,ECMWF_ERA5_Reanalysis
2018-12-20,28.3,17.8,22.6,29.2,19.4,24.2,0.0,13.9,27.0,41,13.17,989.4,loc_vellore,12.9165,79.1325,ECMWF_ERA5_Reanalysis
2018-12-21,29.3,21.4,24.6,31.2,24.8,27.1,0.9,14.6,28.8,43,13.27,988.6,loc_vellore,12.9165,79.1325,ECMWF_ERA5_Reanalysis
2018-12-22,28.8,20.8,24.7,29.7,23.4,26.8,0.2,16.3,35.6,47,13.1,988.4,loc_vellore,12.9165,79.1325,ECMWF_ERA5_Reanalysis
2018-12-23,27.1,21.5,24.0,29.1,24.8,26.6,5.0,13.8,31.0,56,9.58,989.1,loc_vellore,12.9165,79.1325,ECMWF_ERA5_Reanalysis
2018-12-24,29.4,21.0,24.6,31.5,23.8,26.9,0.0,12.4,27.7,54,13.43,989.2,loc_vellore,12.9165,79.1325,ECMWF_ERA5_Reanalysis
2018-12-25,29.7,19.3,24.1,32.0,22.1,26.5,0.0,10.6,28.1,69,18.91,989.1,loc_vellore,12.9165,79.1325,ECMWF_ERA5_Reanalysis
2018-12-26,30.1,18.1,24.0,32.8,20.4,26.7,0.0,16.9,33.1,110,19.35,988.7,loc_vellore,12.9165,79.1325,ECMWF_ERA5_Reanalysis
2018-12-27,31.0,18.3,24.4,32.5,20.7,26.8,0.0,13.7,29.9,138,18.66,987.6,loc_vellore,12.9165,79.1325,ECMWF_ERA5_Reanalysis
2018-12-28,27.3,21.4,23.6,29.9,24.7,26.8,3.3,13.6,28.4,116,10.97,987.6,loc_vellore,12.9165,79.1325,ECMWF_ERA5_Reanalysis
2018-12-29,28.0,20.6,23.3,28.8,23.2,25.2,2.5,17.1,36.4,61,14.23,989.7,loc_vellore,12.9165,79.1325,ECMWF_ERA5_Reanalysis
2018-12-30,28.3,19.3,23.1,28.4,21.8,24.5,0.0,18.9,38.5,54,15.77,991.5,loc_vellore,12.9165,79.1325,ECMWF_ERA5_Reanalysis
2018-12-31,28.3,18.6,22.6,28.7,19.1,23.3,0.0,13.1,29.5,39,16.24,992.5,loc_vellore,12.9165,79.1325,ECMWF_ERA5_Reanalysis
2019-01-01,27.9,15.1,20.9,27.7,15.7,21.0,0.0,12.3,29.2,52,20.75,992.9,loc_vellore,12.9165,79.1325,ECMWF_ERA5_Reanalysis
2019-01-02,28.2,14.6,21.1,28.6,15.1,21.5,0.0,13.7,29.9,56,18.82,992.8,loc_vellore,12.9165,79.1325,ECMWF_ERA5_Reanalysis
2019-01-03,29.2,15.4,22.0,29.7,16.4,22.8,0.0,13.0,28.8,57,20.17,993.3,loc_vellore,12.9165,79.1325,ECMWF_ERA5_Reanalysis
2019-01-04,29.1,15.5,21.7,28.7,16.7,22.2,0.0,17.2,38.2,63,19.26,992.6,loc_vellore,12.9165,79.1325,ECMWF_ERA5_Reanalysis
2019-01-05,28.8,15.8,22.2,29.0,16.6,22.9,0.0,13.4,29.9,50,16.73,991.2,loc_vellore,12.9165,79.1325,ECMWF_ERA5_Reanalysis
2019-01-06,28.7,15.9,22.0,29.3,16.9,22.7,0.0,11.8,29.2,53,16.83,989.8,loc_vellore,12.9165,79.1325,ECMWF_ERA5_Reanalysis
2019-01-07,29.7,16.2,22.8,31.0,17.3,23.9,0.0,11.9,23.0,51,19.78,988.9,loc_vellore,12.9165,79.1325,ECMWF_ERA5_Reanalysis
2019-01-08,30.8,17.0,23.3,29.8,18.3,23.7,0.0,11.8,29.9,45,21.1,989.2,loc_vellore,12.9165,79.1325,ECMWF_ERA5_Reanalysis
2019-01-09,30.5,15.2,22.6,30.0,15.2,22.6,0.0,11.2,28.8,87,21.19,989.1,loc_vellore,12.9165,79.1325,ECMWF_ERA5_Reanalysis
2019-01-10,29.3,16.5,22.8,30.0,18.0,24.0,0.1,12.7,27.4,76,19.14,989.4,loc_vellore,12.9165,79.1325,ECMWF_ERA5_Reanalysis
2019-01-11,30.1,18.1,23.5,31.4,20.1,24.8,0.0,15.5,32.0,74,19.12,990.1,loc_vellore,12.9165,79.1325,ECMWF_ERA5_Reanalysis
2019-01-12,29.8,17.1,23.0,30.3,18.8,23.9,0.0,14.2,31.7,68,20.11,990.1,loc_vellore,12.9165,79.1325,ECMWF_ERA5_Reanalysis
2019-01-13,29.9,18.0,23.3,30.7,20.0,24.6,0.0,11.9,27.0,58,19.82,990.2,loc_vellore,12.9165,79.1325,ECMWF_ERA5_Reanalysis
2019-01-14,29.8,17.0,22.7,29.7,18.5,23.3,0.0,14.7,31.7,45,19.88,989.6,loc_vellore,12.9165,79.1325,ECMWF_ERA5_Reanalysis
2019-01-15,30.0,15.7,22.3,29.3,16.6,22.7,0.0,14.8,33.8,44,20.55,989.9,loc_vellore,12.9165,79.1325,ECMWF_ERA5_Reanalysis
2019-01-16,30.5,16.3,23.1,30.3,17.6,23.8,0.0,14.5,32.4,61,21.32,989.9,loc_vellore,12.9165,79.1325,ECMWF_ERA5_Reanalysis
2019-01-17,29.9,17.4,23.5,30.1,19.4,24.9,0.0,14.8,32.8,84,19.71,988.9,loc_vellore,12.9165,79.1325,ECMWF_ERA5_Reanalysis
2019-01-18,29.3,18.6,23.4,30.1,20.7,24.6,0.0,13.6,30.6,68,19.09,989.1,loc_vellore,12.9165,79.1325,ECMWF_ERA5_Reanalysis
2019-01-19,29.8,15.9,22.4,30.2,16.8,23.2,0.0,15.2,33.1,65,20.58,989.9,loc_vellore,12.9165,79.1325,ECMWF_ERA5_Reanalysis
2019-01-20,29.5,16.1,22.3,30.4,17.3,23.2,0.0,13.6,31.0,63,20.51,990.8,loc_vellore,12.9165,79.1325,ECMWF_ERA5_Reanalysis
2019-01-21,29.7,15.6,22.3,30.6,16.5,23.2,0.0,13.7,29.9,99,20.68,989.8,loc_vellore,12.9165,79.1325,ECMWF_ERA5_Reanalysis
2019-01-22,30.5,15.8,23.1,32.0,17.0,24.6,0.0,17.5,36.7,120,21.3,989.5,loc_vellore,12.9165,79.1325,ECMWF_ERA5_Reanalysis
2019-01-23,30.8,20.0,24.5,32.1,22.6,26.4,0.0,17.3,34.6,90,20.57,989.1,loc_vellore,12.9165,79.1325,ECMWF_ERA5_Reanalysis
2019-01-24,31.9,21.6,25.5,32.8,24.1,27.4,0.0,16.6,40.7,119,21.1,989.5,loc_vellore,12.9165,79.1325,ECMWF_ERA5_Reanalysis
2019-01-25,32.1,21.1,25.4,33.8,24.3,27.5,0.2,17.5,34.2,133,17.97,989.0,loc_vellore,12.9165,79.1325,ECMWF_ERA5_Reanalysis
2019-01-26,30.2,21.4,25.4,32.0,25.5,28.0,1.0,14.5,28.8,124,15.94,989.0,loc_vellore,12.9165,79.1325,ECMWF_ERA5_Reanalysis
2019-01-27,29.9,21.8,24.9,32.4,25.4,27.4,1.2,16.6,32.8,114,14.95,989.5,loc_vellore,12.9165,79.1325,ECMWF_ERA5_Reanalysis
2019-01-28,27.1,21.2,23.5,28.9,23.6,25.9,2.1,12.9,28.4,63,11.3,990.3,loc_vellore,12.9165,79.1325,ECMWF_ERA5_Reanalysis
2019-01-29,29.4,20.1,23.8,30.7,22.6,25.6,1.7,13.9,31.0,32,18.01,990.7,loc_vellore,12.9165,79.1325,ECMWF_ERA5_Reanalysis
2019-01-30,29.2,17.9,23.4,29.2,19.9,24.6,0.0,13.8,32.8,53,16.13,990.9,loc_vellore,12.9165,79.1325,ECMWF_ERA5_Reanalysis
2019-01-31,28.7,19.1,23.7,28.9,21.7,24.9,0.3,17.0,33.1,70,14.53,990.5,loc_vellore,12.9165,79.1325,ECMWF_ERA5_Reanalysis
2019-02-01,30.0,18.3,23.7,31.4,20.5,25.1,0.0,16.8,40.0,80,17.02,990.1,loc_vellore,12.9165,79.1325,ECMWF_ERA5_Reanalysis
2019-02-02,30.7,18.7,24.2,32.9,20.6,25.7,0.0,20.5,40.3,67,19.07,989.2,loc_vellore,12.9165,79.1325,ECMWF_ERA5_Reanalysis
2019-02-03,32.1,19.1,24.9,33.9,21.5,26.6,0.0,18.7,42.1,73,20.06,990.0,loc_vellore,12.9165,79.1325,ECMWF_ERA5_Reanalysis
2019-02-04,30.5,20.9,25.2,31.1,24.0,26.8,0.0,16.6,34.9,62,14.66,991.8,loc_vellore,12.9165,79.1325,ECMWF_ERA5_Reanalysis
2019-02-05,32.2,20.3,25.3,33.0,23.3,27.0,0.0,17.2,36.4,65,19.13,991.2,loc_vellore,12.9165,79.1325,ECMWF_ERA5_Reanalysis
2019-02-06,32.8,19.0,25.4,34.1,21.7,26.9,0.0,16.7,34.2,106,22.11,989.0,loc_vellore,12.9165,79.1325,ECMWF_ERA5_Reanalysis
2019-02-07,32.6,18.6,25.5,34.4,20.7,27.4,0.0,16.4,32.8,126,22.17,988.6,loc_vellore,12.9165,79.1325,ECMWF_ERA5_Reanalysis
2019-02-08,33.9,21.8,27.1,35.9,25.2,29.5,0.0,15.0,31.0,145,21.44,988.4,loc_vellore,12.9165,79.1325,ECMWF_ERA5_Reanalysis
2019-02-09,33.4,23.0,27.4,35.4,26.8,30.2,0.0,15.2,29.9,125,19.16,988.7,loc_vellore,12.9165,79.1325,ECMWF_ERA5_Reanalysis
2019-02-10,33.3,23.0,27.0,36.0,26.9,30.1,0.0,15.9,33.5,92,19.48,990.3,loc_vellore,12.9165,79.1325,ECMWF_ERA5_Reanalysis
2019-02-11,32.0,22.3,26.4,33.5,26.1,28.4,0.4,17.6,40.0,80,19.27,991.2,loc_vellore,12.9165,79.1325,ECMWF_ERA5_Reanalysis
2019-02-12,32.0,21.3,25.6,32.0,24.1,27.2,0.0,19.5,42.1,72,19.51,992.1,loc_vellore,12.9165,79.1325,ECMWF_ERA5_Reanalysis
2019-02-13,32.1,19.1,25.0,33.1,21.7,26.3,0.0,17.1,36.0,61,21.48,992.5,loc_vellore,12.9165,79.1325,ECMWF_ERA5_Reanalysis
2019-02-14,33.0,18.7,25.5,34.9,21.1,27.5,0.0,16.8,35.6,106,20.87,989.9,loc_vellore,12.9165,79.1325,ECMWF_ERA5_Reanalysis
2019-02-15,32.3,20.7,26.6,35.2,24.1,29.1,0.5,14.4,29.2,128,19.17,989.5,loc_vellore,12.9165,79.1325,ECMWF_ERA5_Reanalysis
2019-02-16,35.3,21.3,27.8,37.7,25.0,30.2,0.0,18.7,45.0,140,21.6,988.5,loc_vellore,12.9165,79.1325,ECMWF_ERA5_Reanalysis
2019-02-17,35.3,22.8,28.2,38.6,26.7,31.4,0.2,18.8,42.1,145,20.5,987.3,loc_vellore,12.9165,79.1325,ECMWF_ERA5_Reanalysis
2019-02-18,33.2,23.9,27.9,37.1,28.7,31.7,0.7,18.2,41.8,136,19.0,986.1,loc_vellore,12.9165,79.1325,ECMWF_ERA5_Reanalysis
2019-02-19,33.6,23.9,28.0,36.2,28.1,31.2,0.6,17.3,34.9,131,19.4,987.5,loc_vellore,12.9165,79.1325,ECMWF_ERA5_Reanalysis
2019-02-20,33.8,22.9,27.5,35.0,25.9,29.8,0.0,19.3,41.4,108,21.27,990.4,loc_vellore,12.9165,79.1325,ECMWF_ERA5_Reanalysis
2019-02-21,33.8,20.8,26.8,34.4,24.1,28.7,0.0,18.3,40.7,82,22.64,991.8,loc_vellore,12.9165,79.1325,ECMWF_ERA5_Reanalysis
2019-02-22,35.0,19.1,26.7,33.9,21.8,27.0,0.0,18.1,40.7,99,24.37,989.9,loc_vellore,12.9165,79.1325,ECMWF_ERA5_Reanalysis
2019-02-23,36.5,18.5,27.1,34.7,17.0,25.7,0.0,17.7,39.2,123,24.91,987.8,loc_vellore,12.9165,79.1325,ECMWF_ERA5_Reanalysis
2019-02-24,36.6,18.9,27.4,35.4,18.2,26.9,0.0,17.0,37.1,133,24.78,986.7,loc_vellore,12.9165,79.1325,ECMWF_ERA5_Reanalysis
2019-02-25,36.4,17.6,26.7,35.5,19.0,27.3,0.0,17.3,33.8,143,25.03,985.8,loc_vellore,12.9165,79.1325,ECMWF_ERA5_Reanalysis
2019-02-26,36.4,18.5,27.1,37.8,20.0,28.8,0.0,20.1,42.1,143,23.39,984.6,loc_vellore,12.9165,79.1325,ECMWF_ERA5_Reanalysis
2019-02-27,35.9,23.6,28.6,37.9,26.8,31.4,0.0,19.6,42.1,155,20.81,984.0,loc_vellore,12.9165,79.1325,ECMWF_ERA5_Reanalysis
2019-02-28,34.3,24.4,28.8,38.5,28.3,32.0,0.2,19.3,37.8,148,20.53,984.6,loc_vellore,12.9165,79.1325,ECMWF_ERA5_Reanalysis
2019-03-01,33.2,24.4,28.0,36.2,28.2,31.4,1.0,20.6,43.2,131,17.41,985.7,loc_vellore,12.9165,79.1325,ECMWF_ERA5_Reanalysis
2019-03-02,34.7,23.8,27.7,36.3,26.1,29.8,0.0,18.9,40.7,113,20.52,987.0,loc_vellore,12.9165,79.1325,ECMWF_ERA5_Reanalysis
2019-03-03,34.7,20.9,27.5,37.3,23.4,29.7,0.0,17.2,38.5,121,22.08,986.4,loc_vellore,12.9165,79.1325,ECMWF_ERA5_Reanalysis
2019-03-04,35.5,22.1,28.2,37.5,25.9,30.6,0.0,16.5,35.6,153,23.9,984.9,loc_vellore,12.9165,79.1325,ECMWF_ERA5_Reanalysis
2019-03-05,36.8,23.4,29.7,39.9,26.5,32.3,0.0,20.0,40.3,159,21.41,984.0,loc_vellore,12.9165,79.1325,ECMWF_ERA5_Reanalysis
2019-03-06,38.5,24.6,30.9,41.3,28.5,33.9,0.0,22.4,44.3,142,21.96,983.8,loc_vellore,12.9165,79.1325,ECMWF_ERA5_Reanalysis
2019-03-07,38.9,24.8,30.9,41.1,28.6,33.5,0.0,22.9,45.7,147,23.37,983.6,loc_vellore,12.9165,79.1325,ECMWF_ERA5_Reanalysis
2019-03-08,36.9,24.4,29.9,38.6,28.0,32.5,0.0,20.5,41.4,143,22.52,985.6,loc_vellore,12.9165,79.1325,ECMWF_ERA5_Reanalysis
2019-03-09,35.2,25.2,29.3,37.8,29.6,32.7,0.0,17.1,36.4,132,20.26,987.7,loc_vellore,12.9165,79.1325,ECMWF_ERA5_Reanalysis
2019-03-10,35.9,24.2,29.4,37.6,28.5,32.1,0.0,16.8,34.6,140,22.86,987.9,loc_vellore,12.9165,79.1325,ECMWF_ERA5_Reanalysis
2019-03-11,35.9,23.0,28.8,37.3,27.1,30.8,0.0,14.5,35.3,142,24.86,988.7,loc_vellore,12.9165,79.1325,ECMWF_ERA5_Reanalysis
2019-03-12,36.7,21.3,28.7,36.7,23.4,29.3,0.0,19.1,43.2,139,25.43,988.6,loc_vellore,12.9165,79.1325,ECMWF_ERA5_Reanalysis
2019-03-13,36.3,20.1,28.2,36.4,21.4,28.7,0.0,15.7,36.4,132,25.42,989.1,loc_vellore,12.9165,79.1325,ECMWF_ERA5_Reanalysis
2019-03-14,36.6,19.5,28.4,36.4,22.0,28.5,0.0,18.8,40.7,138,25.35,988.9,loc_vellore,12.9165,79.1325,ECMWF_ERA5_Reanalysis
2019-03-15,36.5,20.5,28.7,36.2,19.3,27.6,0.0,18.8,41.8,126,25.52,988.6,loc_vellore,12.9165,79.1325,ECMWF_ERA5_Reanalysis
2019-03-16,35.1,21.0,27.5,35.9,23.5,28.6,0.0,17.0,37.4,115,24.35,988.7,loc_vellore,12.9165,79.1325,ECMWF_ERA5_Reanalysis
2019-03-17,34.6,20.8,27.4,36.2,23.5,29.2,0.0,18.1,39.2,115,23.82,988.5,loc_vellore,12.9165,79.1325,ECMWF_ERA5_Reanalysis
2019-03-18,35.9,22.9,28.2,37.6,26.6,30.4,0.0,21.9,46.4,135,25.09,988.0,loc_vellore,12.9165,79.1325,ECMWF_ERA5_Reanalysis
2019-03-19,37.1,23.0,29.1,38.3,26.8,31.3,0.0,22.3,44.3,147,25.12,986.1,loc_vellore,12.9165,79.1325,ECMWF_ERA5_Reanalysis
2019-03-20,36.1,22.7,28.7,37.3,26.6,30.5,0.0,21.1,41.8,148,24.92,986.0,loc_vellore,12.9165,79.1325,ECMWF_ERA5_Reanalysis
2019-03-21,36.9,21.3,28.9,37.1,24.8,30.4,0.0,18.8,41.8,149,25.73,987.0,loc_vellore,12.9165,79.1325,ECMWF_ERA5_Reanalysis
2019-03-22,37.5,23.4,29.7,39.4,27.3,32.2,0.0,19.1,40.7,143,24.63,987.4,loc_vellore,12.9165,79.1325,ECMWF_ERA5_Reanalysis
2019-03-23,38.4,24.6,30.6,40.1,29.1,33.2,0.0,19.1,38.5,137,24.88,986.7,loc_vellore,12.9165,79.1325,ECMWF_ERA5_Reanalysis
2019-03-24,38.7,23.3,30.2,39.4,27.2,32.2,0.0,18.4,36.7,135,24.89,986.0,loc_vellore,12.9165,79.1325,ECMWF_ERA5_Reanalysis
2019-03-25,38.0,22.8,30.1,38.9,27.5,32.1,0.0,18.5,37.4,124,25.05,986.2,loc_vellore,12.9165,79.1325,ECMWF_ERA5_Reanalysis
2019-03-26,37.3,22.3,29.3,38.9,26.2,31.1,0.0,18.6,37.4,134,25.0,987.4,loc_vellore,12.9165,79.1325,ECMWF_ERA5_Reanalysis
2019-03-27,38.1,21.1,29.5,38.3,23.2,30.5,0.0,16.6,32.4,131,26.38,988.3,loc_vellore,12.9165,79.1325,ECMWF_ERA5_Reanalysis
2019-03-28,39.5,20.6,30.2,39.4,23.7,31.3,0.0,15.3,33.1,129,26.41,987.4,loc_vellore,12.9165,79.1325,ECMWF_ERA5_Reanalysis
2019-03-29,39.0,21.6,30.5,39.6,23.0,31.5,0.0,22.1,44.3,140,25.54,985.5,loc_vellore,12.9165,79.1325,ECMWF_ERA5_Reanalysis
2019-03-30,38.0,23.0,30.8,38.8,23.3,31.0,0.0,17.4,37.4,152,25.45,985.4,loc_vellore,12.9165,79.1325,ECMWF_ERA5_Reanalysis
2019-03-31,39.7,23.2,31.4,40.0,25.3,32.4,0.0,15.7,31.7,155,25.88,985.5,loc_vellore,12.9165,79.1325,ECMWF_ERA5_Reanalysis
2019-04-01,39.7,24.0,31.4,39.6,26.0,32.6,0.0,19.3,37.4,147,26.24,985.7,loc_vellore,12.9165,79.1325,ECMWF_ERA5_Reanalysis
2019-04-02,38.9,23.7,30.6,39.5,26.9,32.4,0.0,19.0,36.7,147,24.12,985.5,loc_vellore,12.9165,79.1325,ECMWF_ERA5_Reanalysis
2019-04-03,37.2,23.6,29.8,38.6,27.2,31.7,0.0,18.8,41.0,144,23.33,985.8,loc_vellore,12.9165,79.1325,ECMWF_ERA5_Reanalysis
2019-04-04,37.1,21.9,29.2,38.4,24.7,30.9,0.0,16.9,38.9,150,24.56,987.2,loc_vellore,12.9165,79.1325,ECMWF_ERA5_Reanalysis
2019-04-05,38.3,21.9,30.0,39.0,24.9,32.1,0.0,15.0,32.4,140,25.24,987.0,loc_vellore,12.9165,79.1325,ECMWF_ERA5_Reanalysis
2019-04-06,38.9,22.3,30.3,39.4,26.2,32.1,0.0,16.0,33.8,134,26.11,986.3,loc_vellore,12.9165,79.1325,ECMWF_ERA5_Reanalysis
2019-04-07,39.1,22.8,30.7,39.8,26.1,32.3,0.0,18.9,40.0,140,24.71,985.3,loc_vellore,12.9165,79.1325,ECMWF_ERA5_Reanalysis
2019-04-08,38.0,25.0,30.9,39.4,28.5,33.1,0.0,17.6,37.4,153,23.27,984.7,loc_vellore,12.9165,79.1325,ECMWF_ERA5_Reanalysis
2019-04-09,38.2,25.2,31.3,40.7,30.1,34.0,0.0,16.7,33.5,144,23.19,984.9,loc_vellore,12.9165,79.1325,ECMWF_ERA5_Reanalysis
2019-04-10,38.5,25.4,31.3,40.5,29.5,33.8,0.0,18.1,35.3,142,23.59,985.6,loc_vellore,12.9165,79.1325,ECMWF_ERA5_Reanalysis
2019-04-11,39.1,24.7,31.4,40.9,29.7,34.2,0.0,15.5,30.6,141,24.7,984.9,loc_vellore,12.9165,79.1325,ECMWF_ERA5_Reanalysis
2019-04-12,39.2,24.4,31.5,40.7,28.5,33.7,0.0,15.2,34.2,138,24.54,984.3,loc_vellore,12.9165,79.1325,ECMWF_ERA5_Reanalysis
2019-04-13,38.7,22.8,30.7,40.0,25.1,32.6,0.0,17.3,34.9,145,25.83,984.8,loc_vellore,12.9165,79.1325,ECMWF_ERA5_Reanalysis
2019-04-14,38.7,23.0,30.7,39.4,26.1,32.2,0.0,15.3,36.7,145,26.22,985.1,loc_vellore,12.9165,79.1325,ECMWF_ERA5_Reanalysis
2019-04-15,38.9,22.4,30.7,39.0,24.5,31.6,0.0,18.6,35.6,148,26.91,984.9,loc_vellore,12.9165,79.1325,ECMWF_ERA5_Reanalysis
2019-04-16,39.7,22.6,30.9,41.1,24.8,32.6,0.0,21.0,46.1,147,26.34,984.4,loc_vellore,12.9165,79.1325,ECMWF_ERA5_Reanalysis
2019-04-17,38.9,24.8,31.8,41.3,29.7,34.9,0.1,16.6,33.5,146,24.27,985.1,loc_vellore,12.9165,79.1325,ECMWF_ERA5_Reanalysis
2019-04-18,39.3,26.3,31.8,41.7,30.4,35.0,0.0,19.4,40.3,134,23.35,984.6,loc_vellore,12.9165,79.1325,ECMWF_ERA5_Reanalysis
2019-04-19,38.6,25.8,31.4,41.5,30.4,35.0,2.5,20.7,41.0,146,23.92,983.9,loc_vellore,12.9165,79.1325,ECMWF_ERA5_Reanalysis
2019-04-20,37.4,24.0,29.8,41.2,28.4,34.0,7.8,15.2,46.8,160,23.19,983.0,loc_vellore,12.9165,79.1325,ECMWF_ERA5_Reanalysis
2019-04-21,37.8,25.4,31.2,42.6,29.9,34.9,0.0,14.2,31.3,179,22.49,982.2,loc_vellore,12.9165,79.1325,ECMWF_ERA5_Reanalysis
2019-04-22,38.7,26.8,30.7,42.4,32.4,35.4,3.8,14.5,54.0,129,22.14,982.5,loc_vellore,12.9165,79.1325,ECMWF_ERA5_Reanalysis
2019-04-23,37.6,25.4,29.7,41.0,30.2,34.0,4.3,12.7,40.0,145,21.28,983.9,loc_vellore,12.9165,79.1325,ECMWF_ERA5_Reanalysis
2019-04-24,38.3,25.6,31.2,39.9,30.3,34.4,0.0,15.1,29.9,130,23.8,984.7,loc_vellore,12.9165,79.1325,ECMWF_ERA5_Reanalysis
2019-04-25,38.5,23.5,30.7,40.2,28.1,33.4,0.0,14.6,31.0,133,25.28,984.5,loc_vellore,12.9165,79.1325,ECMWF_ERA5_Reanalysis
2019-04-26,40.2,23.6,31.8,41.5,27.8,34.3,0.0,15.3,34.2,131,23.8,983.1,loc_vellore,12.9165,79.1325,ECMWF_ERA5_Reanalysis
2019-04-27,39.8,24.9,31.9,41.8,30.7,35.0,0.0,16.5,34.6,129,23.45,982.7,loc_vellore,12.9165,79.1325,ECMWF_ERA5_Reanalysis
2019-04-28,39.2,24.2,31.2,41.1,29.4,34.6,0.0,16.1,35.3,141,22.15,982.8,loc_vellore,12.9165,79.1325,ECMWF_ERA5_Reanalysis
2019-04-29,38.9,26.2,31.7,42.4,31.2,35.5,0.0,14.2,33.1,131,20.61,982.7,loc_vellore,12.9165,79.1325,ECMWF_ERA5_Reanalysis
2019-04-30,39.9,26.5,32.6,40.0,32.3,35.5,0.0,16.0,33.8,301,17.12,981.0,loc_vellore,12.9165,79.1325,ECMWF_ERA5_Reanalysis
2019-05-01,40.6,26.3,32.0,43.4,30.1,35.0,3.0,19.3,43.9,269,17.65,979.7,loc_vellore,12.9165,79.1325,ECMWF_ERA5_Reanalysis
2019-05-02,41.9,28.6,34.2,41.4,30.9,35.1,0.0,21.2,43.9,284,22.29,979.0,loc_vellore,12.9165,79.1325,ECMWF_ERA5_Reanalysis
2019-05-03,41.7,29.2,34.3,43.4,28.7,35.2,0.0,25.0,50.0,257,23.32,980.5,loc_vellore,12.9165,79.1325,ECMWF_ERA5_Reanalysis
2019-05-04,39.9,27.8,33.6,44.2,28.8,35.6,0.0,17.2,36.4,232,20.6,983.2,loc_vellore,12.9165,79.1325,ECMWF_ERA5_Reanalysis
2019-05-05,40.1,27.7,33.5,44.3,32.7,37.0,0.0,15.2,39.2,158,21.19,984.3,loc_vellore,12.9165,79.1325,ECMWF_ERA5_Reanalysis
2019-05-06,39.4,28.0,33.5,43.6,32.9,36.7,0.0,13.7,29.2,178,19.99,982.9,loc_vellore,12.9165,79.1325,ECMWF_ERA5_Reanalysis
2019-05-07,39.8,28.2,33.1,44.3,30.9,36.2,0.0,18.5,36.7,243,18.82,982.4,loc_vellore,12.9165,79.1325,ECMWF_ERA5_Reanalysis
2019-05-08,40.0,28.4,33.1,42.1,29.7,34.4,0.0,22.0,46.1,270,18.08,982.4,loc_vellore,12.9165,79.1325,ECMWF_ERA5_Reanalysis
2019-05-09,40.3,28.7,33.7,42.6,30.7,35.3,0.0,19.9,44.3,277,20.32,981.4,loc_vellore,12.9165,79.1325,ECMWF_ERA5_Reanalysis
2019-05-10,40.2,28.4,34.3,42.4,30.5,36.0,0.0,17.1,33.1,186,21.34,981.5,loc_vellore,12.9165,79.1325,ECMWF_ERA5_Reanalysis
2019-05-11,40.3,28.6,34.0,44.4,33.0,37.3,0.0,15.6,30.6,170,22.55,982.9,loc_vellore,12.9165,79.1325,ECMWF_ERA5_Reanalysis
2019-05-12,39.0,28.3,33.1,43.2,32.6,37.0,0.0,17.8,34.9,142,22.81,982.6,loc_vellore,12.9165,79.1325,ECMWF_ERA5_Reanalysis
2019-05-13,38.3,27.5,32.6,43.3,32.1,36.7,0.0,16.9,35.3,155,22.96,982.3,loc_vellore,12.9165,79.1325,ECMWF_ERA5_Reanalysis
2019-05-14,39.5,27.8,33.3,44.3,31.3,36.6,0.4,12.6,29.5,254,21.63,982.0,loc_vellore,12.9165,79.1325,ECMWF_ERA5_Reanalysis
2019-05-15,39.2,28.0,32.8,44.1,33.4,37.0,0.0,16.2,34.9,142,22.85,983.0,loc_vellore,12.9165,79.1325,ECMWF_ERA5_Reanalysis
2019-05-16,38.7,27.6,32.6,43.5,32.6,36.8,0.0,14.1,28.4,115,23.71,984.0,loc_vellore,12.9165,79.1325,ECMWF_ERA5_Reanalysis
2019-05-17,39.3,27.5,32.5,44.9,33.2,37.3,0.5,12.8,31.7,162,23.4,983.7,loc_vellore,12.9165,79.1325,ECMWF_ERA5_Reanalysis
2019-05-18,39.4,27.4,33.0,43.4,32.8,36.9,0.0,16.3,34.9,137,23.59,982.6,loc_vellore,12.9165,79.1325,ECMWF_ERA5_Reanalysis
2019-05-19,39.9,27.0,33.1,42.4,31.4,36.1,0.0,16.0,30.6,143,23.91,982.7,loc_vellore,12.9165,79.1325,ECMWF_ERA5_Reanalysis
2019-05-20,39.1,26.5,32.6,41.9,29.6,35.1,0.0,14.2,28.4,145,23.7,983.4,loc_vellore,12.9165,79.1325,ECMWF_ERA5_Reanalysis
2019-05-21,39.3,25.3,32.3,41.1,29.7,34.8,0.0,16.3,31.3,147,23.95,983.4,loc_vellore,12.9165,79.1325,ECMWF_ERA5_Reanalysis
2019-05-22,38.9,26.9,32.2,42.6,30.4,35.5,0.0,17.3,33.5,138,23.59,983.0,loc_vellore,12.9165,79.1325,ECMWF_ERA5_Reanalysis
2019-05-23,39.3,26.9,32.3,42.1,31.7,35.8,0.0,19.3,38.5,146,24.01,982.7,loc_vellore,12.9165,79.1325,ECMWF_ERA5_Reanalysis
2019-05-24,39.3,27.2,32.7,43.5,32.0,36.9,0.0,17.6,36.4,137,23.86,982.8,loc_vellore,12.9165,79.1325,ECMWF_ERA5_Reanalysis
2019-05-25,40.3,28.1,34.1,44.9,32.6,37.7,0.0,12.3,28.8,206,23.44,981.6,loc_vellore,12.9165,79.1325,ECMWF_ERA5_Reanalysis
2019-05-26,40.6,28.4,34.3,44.7,31.6,37.6,0.1,15.8,34.2,198,23.76,980.4,loc_vellore,12.9165,79.1325,ECMWF_ERA5_Reanalysis
2019-05-27,40.4,28.0,34.0,45.1,31.3,37.5,0.0,17.1,36.0,139,23.87,980.3,loc_vellore,12.9165,79.1325,ECMWF_ERA5_Reanalysis
2019-05-28,38.9,29.0,33.7,43.3,33.6,37.9,1.0,13.1,50.4,201,21.55,980.4,loc_vellore,12.9165,79.1325,ECMWF_ERA5_Reanalysis
2019-05-29,39.7,27.9,34.0,45.5,31.8,37.9,0.0,17.9,35.3,179,22.31,979.8,loc_vellore,12.9165,79.1325,ECMWF_ERA5_Reanalysis
2019-05-30,40.5,28.6,33.4,46.0,32.4,37.6,0.5,15.5,41.4,177,22.99,979.6,loc_vellore,12.9165,79.1325,ECMWF_ERA5_Reanalysis
2019-05-31,39.2,26.7,32.5,44.5,31.2,36.6,4.0,17.3,38.9,219,23.19,980.0,loc_vellore,12.9165,79.1325,ECMWF_ERA5_Reanalysis
2019-06-01,39.5,27.6,32.6,42.9,30.3,35.8,0.1,19.1,45.4,274,21.49,980.8,loc_vellore,12.9165,79.1325,ECMWF_ERA5_Reanalysis
2019-06-02,38.9,27.4,31.5,44.6,31.5,35.8,1.8,15.9,41.4,265,21.64,980.8,loc_vellore,12.9165,79.1325,ECMWF_ERA5_Reanalysis
2019-06-03,39.2,27.6,31.9,43.6,30.1,35.1,0.0,19.9,43.6,265,21.07,980.7,loc_vellore,12.9165,79.1325,ECMWF_ERA5_Reanalysis
2019-06-04,38.5,27.1,31.6,44.3,31.2,35.6,0.2,17.9,42.5,237,22.49,980.5,loc_vellore,12.9165,79.1325,ECMWF_ERA5_Reanalysis
2019-06-05,37.6,27.0,31.0,44.5,30.9,35.5,4.5,13.8,30.2,227,21.33,980.5,loc_vellore,12.9165,79.1325,ECMWF_ERA5_Reanalysis
2019-06-06,38.6,25.9,31.7,42.9,29.6,35.8,0.0,17.8,38.9,173,24.76,980.4,loc_vellore,12.9165,79.1325,ECMWF_ERA5_Reanalysis
2019-06-07,40.2,27.4,32.4,44.3,32.5,36.8,0.0,12.2,28.4,214,23.57,980.8,loc_vellore,12.9165,79.1325,ECMWF_ERA5_Reanalysis
2019-06-08,38.2,26.7,32.4,43.0,30.2,36.2,0.0,13.9,32.0,261,21.53,980.7,loc_vellore,12.9165,79.1325,ECMWF_ERA5_Reanalysis
2019-06-09,39.5,27.3,33.2,43.9,32.1,36.6,0.6,14.2,31.0,216,23.01,979.9,loc_vellore,12.9165,79.1325,ECMWF_ERA5_Reanalysis
2019-06-10,38.7,27.4,32.5,40.5,30.2,34.6,0.9,19.7,47.5,244,23.6,979.6,loc_vellore,12.9165,79.1325,ECMWF_ERA5_Reanalysis
2019-06-11,39.1,27.9,32.9,41.7,31.0,35.2,0.0,19.5,41.8,247,22.55,979.7,loc_vellore,12.9165,79.1325,ECMWF_ERA5_Reanalysis
2019-06-12,36.9,28.4,32.7,39.1,30.1,34.0,0.1,23.8,50.0,260,20.72,980.2,loc_vellore,12.9165,79.1325,ECMWF_ERA5_Reanalysis
2019-06-13,37.8,28.0,32.5,38.7,29.5,33.7,0.0,24.1,51.5,267,19.79,981.3,loc_vellore,12.9165,79.1325,ECMWF_ERA5_Reanalysis
2019-06-14,38.7,27.6,32.8,40.4,29.2,34.4,0.3,22.0,53.3,268,21.92,981.1,loc_vellore,12.9165,79.1325,ECMWF_ERA5_Reanalysis
2019-06-15,39.0,27.9,33.8,41.2,29.1,34.9,0.1,19.2,38.9,269,22.18,981.1,loc_vellore,12.9165,79.1325,ECMWF_ERA5_Reanalysis
2019-06-16,39.7,28.6,34.1,41.2,29.3,35.0,0.0,22.6,46.8,275,22.59,981.5,loc_vellore,12.9165,79.1325,ECMWF_ERA5_Reanalysis
2019-06-17,39.3,29.3,33.8,38.5,30.2,34.3,0.0,22.0,47.5,275,21.01,982.0,loc_vellore,12.9165,79.1325,ECMWF_ERA5_Reanalysis
2019-06-18,39.3,29.6,33.8,40.0,31.1,34.6,0.0,16.3,36.0,269,20.37,980.9,loc_vellore,12.9165,79.1325,ECMWF_ERA5_Reanalysis
2019-06-19,40.0,28.3,33.7,41.9,28.9,34.9,0.0,22.1,45.7,271,23.12,979.5,loc_vellore,12.9165,79.1325,ECMWF_ERA5_Reanalysis
2019-06-20,39.4,28.5,33.0,40.9,30.3,34.7,0.2,24.2,50.8,274,18.0,980.0,loc_vellore,12.9165,79.1325,ECMWF_ERA5_Reanalysis
2019-06-21,38.1,28.2,32.4,39.0,29.7,34.1,0.0,23.1,48.2,285,17.87,979.7,loc_vellore,12.9165,79.1325,ECMWF_ERA5_Reanalysis
2019-06-22,37.1,27.7,31.3,38.2,29.4,33.1,0.4,24.1,51.8,277,14.75,979.4,loc_vellore,12.9165,79.1325,ECMWF_ERA5_Reanalysis
2019-06-23,39.5,26.4,31.1,40.3,30.7,33.9,2.7,17.3,46.4,271,20.26,978.9,loc_vellore,12.9165,79.1325,ECMWF_ERA5_Reanalysis
2019-06-24,36.0,25.6,30.4,38.5,30.4,34.3,6.3,13.0,32.4,250,19.01,980.2,loc_vellore,12.9165,79.1325,ECMWF_ERA5_Reanalysis
2019-06-25,36.2,25.2,30.1,40.2,29.7,33.9,0.5,13.6,31.3,257,17.81,981.2,loc_vellore,12.9165,79.1325,ECMWF_ERA5_Reanalysis
2019-06-26,34.0,25.7,28.7,35.8,29.9,32.4,3.8,14.4,40.7,256,10.63,982.0,loc_vellore,12.9165,79.1325,ECMWF_ERA5_Reanalysis
2019-06-27,36.9,25.2,30.3,38.6,28.8,33.2,1.5,21.3,44.6,267,19.79,980.8,loc_vellore,12.9165,79.1325,ECMWF_ERA5_Reanalysis
2019-06-28,38.7,26.9,32.6,40.3,26.4,33.2,0.0,21.7,50.0,276,23.21,980.4,loc_vellore,12.9165,79.1325,ECMWF_ERA5_Reanalysis
2019-06-29,38.0,27.4,32.5,38.1,28.6,33.3,0.0,21.9,50.0,279,20.38,980.4,loc_vellore,12.9165,79.1325,ECMWF_ERA5_Reanalysis
2019-06-30,36.1,27.9,31.9,35.3,29.1,32.5,0.0,25.9,58.7,275,13.62,980.2,loc_vellore,12.9165,79.1325,ECMWF_ERA5_Reanalysis
2019-07-01,38.3,27.8,32.8,39.4,29.1,33.8,0.0,20.5,51.5,276,20.89,979.1,loc_vellore,12.9165,79.1325,ECMWF_ERA5_Reanalysis
2019-07-02,37.5,28.2,32.8,37.4,29.3,33.6,0.2,21.3,52.2,265,15.67,979.2,loc_vellore,12.9165,79.1325,ECMWF_ERA5_Reanalysis
2019-07-03,38.1,27.8,32.6,38.3,28.9,33.4,0.0,22.6,50.8,265,18.5,980.4,loc_vellore,12.9165,79.1325,ECMWF_ERA5_Reanalysis
2019-07-04,38.6,27.9,32.6,40.2,29.0,33.6,0.0,24.1,55.4,259,19.91,980.5,loc_vellore,12.9165,79.1325,ECMWF_ERA5_Reanalysis
2019-07-05,36.3,27.9,32.1,36.4,29.5,32.8,0.2,22.7,55.1,260,15.18,979.7,loc_vellore,12.9165,79.1325,ECMWF_ERA5_Reanalysis
2019-07-06,36.3,27.8,31.9,36.0,28.7,32.3,0.0,22.4,50.4,260,12.91,980.0,loc_vellore,12.9165,79.1325,ECMWF_ERA5_Reanalysis
2019-07-07,39.1,27.6,33.0,39.4,28.3,33.3,0.1,23.1,54.0,259,22.01,980.8,loc_vellore,12.9165,79.1325,ECMWF_ERA5_Reanalysis
2019-07-08,38.4,27.2,32.7,38.5,28.0,32.7,0.0,24.1,55.4,271,17.77,981.9,loc_vellore,12.9165,79.1325,ECMWF_ERA5_Reanalysis
2019-07-09,37.5,27.8,32.1,38.4,29.1,33.1,0.3,20.8,49.3,264,18.29,981.8,loc_vellore,12.9165,79.1325,ECMWF_ERA5_Reanalysis
2019-07-10,37.4,26.1,31.7,37.8,29.2,32.8,0.0,26.8,57.6,263,18.77,981.8,loc_vellore,12.9165,79.1325,ECMWF_ERA5_Reanalysis
2019-07-11,38.4,26.2,30.1,40.0,28.2,32.4,9.3,20.7,45.4,272,16.51,983.2,loc_vellore,12.9165,79.1325,ECMWF_ERA5_Reanalysis
2019-07-12,36.3,24.8,30.9,39.4,29.0,34.0,1.2,16.5,33.1,220,21.98,983.9,loc_vellore,12.9165,79.1325,ECMWF_ERA5_Reanalysis
2019-07-13,36.7,25.1,30.7,40.3,29.3,33.9,1.4,15.5,43.9,257,20.52,984.2,loc_vellore,12.9165,79.1325,ECMWF_ERA5_Reanalysis
2019-07-14,37.2,25.6,30.4,41.5,28.8,33.3,0.8,15.8,35.3,253,20.5,983.3,loc_vellore,12.9165,79.1325,ECMWF_ERA5_Reanalysis
2019-07-15,36.4,25.2,29.6,39.9,29.2,33.3,5.6,17.7,39.2,267,20.57,981.9,loc_vellore,12.9165,79.1325,ECMWF_ERA5_Reanalysis
2019-07-16,37.0,25.2,30.1,40.8,28.6,33.5,1.3,16.3,45.7,270,19.97,981.6,loc_vellore,12.9165,79.1325,ECMWF_ERA5_Reanalysis
2019-07-17,36.1,26.9,30.1,39.2,29.5,33.2,2.8,16.4,34.9,285,15.79,980.6,loc_vellore,12.9165,79.1325,ECMWF_ERA5_Reanalysis
2019-07-18,36.2,25.3,29.0,40.8,28.6,33.1,28.3,17.5,37.4,277,18.44,978.9,loc_vellore,12.9165,79.1325,ECMWF_ERA5_Reanalysis
2019-07-19,32.6,24.5,28.6,35.5,27.2,31.7,3.6,17.3,33.8,270,13.26,978.2,loc_vellore,12.9165,79.1325,ECMWF_ERA5_Reanalysis
2019-07-20,34.7,26.1,29.4,38.5,27.3,32.3,0.5,18.8,42.8,273,20.38,978.5,loc_vellore,12.9165,79.1325,ECMWF_ERA5_Reanalysis
2019-07-21,34.0,25.3,29.0,36.5,28.1,32.0,4.2,17.8,38.9,262,14.71,979.2,loc_vellore,12.9165,79.1325,ECMWF_ERA5_Reanalysis
2019-07-22,30.6,24.5,26.9,33.4,27.3,30.8,2.8,15.7,38.5,259,9.04,979.7,loc_vellore,12.9165,79.1325,ECMWF_ERA5_Reanalysis
2019-07-23,33.0,24.4,27.5,34.4,26.3,30.2,0.9,18.4,47.5,268,13.49,980.3,loc_vellore,12.9165,79.1325,ECMWF_ERA5_Reanalysis
2019-07-24,35.0,24.5,29.0,38.9,27.4,32.6,4.7,14.1,34.6,247,20.64,981.3,loc_vellore,12.9165,79.1325,ECMWF_ERA5_Reanalysis
2019-07-25,34.3,25.0,28.5,37.7,29.4,32.7,5.3,14.4,35.3,255,17.01,982.6,loc_vellore,12.9165,79.1325,ECMWF_ERA5_Reanalysis
2019-07-26,33.3,25.5,28.5,34.7,27.5,30.9,0.1,17.7,43.9,265,11.14,982.3,loc_vellore,12.9165,79.1325,ECMWF_ERA5_Reanalysis
2019-07-27,34.1,25.9,29.5,35.0,28.1,31.3,0.3,20.5,46.8,269,11.57,981.7,loc_vellore,12.9165,79.1325,ECMWF_ERA5_Reanalysis
2019-07-28,34.6,26.1,29.7,35.5,27.4,31.4,0.0,21.8,49.7,268,14.62,981.5,loc_vellore,12.9165,79.1325,ECMWF_ERA5_Reanalysis
2019-07-29,33.6,25.7,29.6,33.5,27.8,31.0,0.0,23.2,47.9,258,10.02,981.9,loc_vellore,12.9165,79.1325,ECMWF_ERA5_Reanalysis
2019-07-30,35.7,26.1,30.6,36.3,27.7,31.7,0.0,20.5,46.4,269,18.28,983.0,loc_vellore,12.9165,79.1325,ECMWF_ERA5_Reanalysis
2019-07-31,36.9,26.0,31.5,39.1,27.2,32.7,0.0,19.2,47.2,272,22.44,983.3,loc_vellore,12.9165,79.1325,ECMWF_ERA5_Reanalysis
2019-08-01,36.4,26.6,31.5,36.5,27.5,32.2,0.0,21.3,46.1,272,16.2,982.7,loc_vellore,12.9165,79.1325,ECMWF_ERA5_Reanalysis
2019-08-02,35.4,27.1,30.9,34.2,27.6,31.1,0.0,25.4,53.6,273,12.73,982.4,loc_vellore,12.9165,79.1325,ECMWF_ERA5_Reanalysis
2019-08-03,36.2,27.2,31.2,35.1,28.1,31.5,0.0,24.3,52.2,258,12.37,982.3,loc_vellore,12.9165,79.1325,ECMWF_ERA5_Reanalysis
2019-08-04,37.6,27.3,32.1,38.4,27.9,32.5,0.0,25.4,55.8,264,21.02,981.5,loc_vellore,12.9165,79.1325,ECMWF_ERA5_Reanalysis
2019-08-05,29.2,26.0,27.7,31.1,27.5,29.2,8.5,23.4,47.5,265,6.99,980.8,loc_vellore,12.9165,79.1325,ECMWF_ERA5_Reanalysis
2019-08-06,35.2,26.8,29.4,34.8,26.5,29.8,0.2,33.5,75.2,265,14.77,979.8,loc_vellore,12.9165,79.1325,ECMWF_ERA5_Reanalysis
2019-08-07,36.8,27.4,30.4,36.6,28.1,31.0,0.1,31.3,69.8,262,15.35,979.0,loc_vellore,12.9165,79.1325,ECMWF_ERA5_Reanalysis
2019-08-08,35.4,27.4,30.2,36.0,27.9,31.3,2.1,28.5,66.2,257,16.98,978.7,loc_vellore,12.9165,79.1325,ECMWF_ERA5_Reanalysis
2019-08-09,34.8,26.5,30.0,35.0,28.6,31.2,0.1,29.9,62.3,260,11.68,980.4,loc_vellore,12.9165,79.1325,ECMWF_ERA5_Reanalysis
2019-08-10,34.7,26.8,30.2,35.8,29.1,31.5,0.5,27.1,60.1,274,17.13,981.2,loc_vellore,12.9165,79.1325,ECMWF_ERA5_Reanalysis
2019-08-11,37.3,26.9,31.3,37.4,27.9,31.9,0.0,28.8,59.4,285,21.83,980.9,loc_vellore,12.9165,79.1325,ECMWF_ERA5_Reanalysis
2019-08-12,37.8,26.9,31.6,39.0,26.7,32.4,0.0,23.9,59.4,287,21.84,980.6,loc_vellore,12.9165,79.1325,ECMWF_ERA5_Reanalysis
2019-08-13,36.9,26.1,30.0,38.8,28.5,32.9,8.8,20.9,49.0,276,16.94,980.9,loc_vellore,12.9165,79.1325,ECMWF_ERA5_Reanalysis
2019-08-14,37.3,25.6,30.1,39.8,28.7,32.9,2.1,18.7,50.0,261,20.99,982.1,loc_vellore,12.9165,79.1325,ECMWF_ERA5_Reanalysis
2019-08-15,36.4,25.3,29.4,39.6,27.8,32.4,1.3,17.4,48.2,269,18.76,982.9,loc_vellore,12.9165,79.1325,ECMWF_ERA5_Reanalysis
2019-08-16,36.3,25.5,29.3,39.9,28.5,32.4,12.0,19.3,43.6,281,18.62,982.4,loc_vellore,12.9165,79.1325,ECMWF_ERA5_Reanalysis
2019-08-17,32.3,24.1,26.7,34.6,27.1,30.4,7.2,22.4,49.0,271,14.66,982.1,loc_vellore,12.9165,79.1325,ECMWF_ERA5_Reanalysis
2019-08-18,31.6,23.9,26.7,36.1,29.0,31.7,18.4,10.5,31.0,247,13.31,983.0,loc_vellore,12.9165,79.1325,ECMWF_ERA5_Reanalysis
2019-08-19,33.4,23.9,27.5,39.4,28.4,32.5,10.7,14.5,34.9,244,22.76,983.5,loc_vellore,12.9165,79.1325,ECMWF_ERA5_Reanalysis
2019-08-20,31.0,23.6,26.7,35.8,27.1,30.9,14.0,15.5,33.5,267,16.74,983.1,loc_vellore,12.9165,79.1325,ECMWF_ERA5_Reanalysis
2019-08-21,32.5,24.4,27.3,36.9,27.5,31.1,4.4,16.9,40.3,274,17.61,982.2,loc_vellore,12.9165,79.1325,ECMWF_ERA5_Reanalysis
2019-08-22,30.4,24.4,26.7,33.9,27.6,30.2,1.6,16.8,42.1,268,12.76,982.1,loc_vellore,12.9165,79.1325,ECMWF_ERA5_Reanalysis
2019-08-23,31.5,25.1,27.1,34.9,26.4,30.1,4.3,20.5,41.4,271,14.18,982.5,loc_vellore,12.9165,79.1325,ECMWF_ERA5_Reanalysis
2019-08-24,32.1,24.9,27.7,34.6,26.2,30.4,1.9,20.2,47.2,265,18.66,982.6,loc_vellore,12.9165,79.1325,ECMWF_ERA5_Reanalysis
2019-08-25,33.0,24.6,28.2,36.1,26.9,31.3,0.1,17.3,40.7,255,16.91,981.9,loc_vellore,12.9165,79.1325,ECMWF_ERA5_Reanalysis
2019-08-26,33.6,25.7,29.1,36.7,27.6,31.8,0.5,16.9,47.9,256,21.97,981.8,loc_vellore,12.9165,79.1325,ECMWF_ERA5_Reanalysis
2019-08-27,33.9,25.6,29.0,37.9,27.5,32.0,0.6,17.9,46.1,254,21.15,981.2,loc_vellore,12.9165,79.1325,ECMWF_ERA5_Reanalysis
2019-08-28,35.0,25.6,28.6,38.7,27.1,31.6,1.3,18.4,43.9,255,21.38,982.0,loc_vellore,12.9165,79.1325,ECMWF_ERA5_Reanalysis
2019-08-29,35.1,25.0,28.9,40.0,28.1,32.6,2.6,15.9,42.1,262,21.42,981.9,loc_vellore,12.9165,79.1325,ECMWF_ERA5_Reanalysis
2019-08-30,35.7,25.1,28.8,37.8,27.0,31.8,2.1,21.8,50.0,268,19.91,980.1,loc_vellore,12.9165,79.1325,ECMWF_ERA5_Reanalysis
2019-08-31,34.6,25.2,29.0,36.2,27.3,31.2,0.0,18.0,42.8,266,15.16,979.4,loc_vellore,12.9165,79.1325,ECMWF_ERA5_Reanalysis
2019-09-01,33.4,25.0,28.2,34.5,27.8,31.1,2.4,18.1,40.7,252,10.59,980.9,loc_vellore,12.9165,79.1325,ECMWF_ERA5_Reanalysis
2019-09-02,34.0,24.7,27.9,36.2,27.3,31.2,2.1,19.0,43.9,259,11.73,982.1,loc_vellore,12.9165,79.1325,ECMWF_ERA5_Reanalysis
2019-09-03,34.0,26.2,29.3,34.8,27.9,31.3,0.1,21.2,49.0,267,13.52,981.5,loc_vellore,12.9165,79.1325,ECMWF_ERA5_Reanalysis
2019-09-04,32.3,26.4,29.1,34.4,27.9,31.4,0.1,18.7,49.7,251,10.63,980.8,loc_vellore,12.9165,79.1325,ECMWF_ERA5_Reanalysis
2019-09-05,34.9,26.4,30.1,36.8,27.4,31.5,0.4,25.6,55.4,265,17.67,980.5,loc_vellore,12.9165,79.1325,ECMWF_ERA5_Reanalysis
2019-09-06,35.5,26.8,30.7,36.0,28.2,31.8,0.3,28.1,59.0,266,15.09,980.4,loc_vellore,12.9165,79.1325,ECMWF_ERA5_Reanalysis
2019-09-07,35.6,26.7,30.9,36.1,28.5,31.7,0.0,26.9,60.5,264,17.4,981.4,loc_vellore,12.9165,79.1325,ECMWF_ERA5_Reanalysis
2019-09-08,35.2,26.8,30.9,35.1,28.0,31.8,0.0,27.1,56.9,268,15.47,982.3,loc_vellore,12.9165,79.1325,ECMWF_ERA5_Reanalysis
2019-09-09,36.3,26.4,30.5,37.4,28.0,32.2,0.1,18.7,46.1,263,15.65,982.2,loc_vellore,12.9165,79.1325,ECMWF_ERA5_Reanalysis
2019-09-10,36.1,25.4,29.7,39.5,29.1,33.1,4.4,14.9,32.8,244,19.01,982.3,loc_vellore,12.9165,79.1325,ECMWF_ERA5_Reanalysis
2019-09-11,35.2,23.9,28.7,39.5,28.3,32.4,2.7,12.6,35.3,246,19.32,983.4,loc_vellore,12.9165,79.1325,ECMWF_ERA5_Reanalysis
2019-09-12,33.9,24.3,27.9,39.0,29.1,32.2,3.6,14.3,37.1,224,18.01,984.5,loc_vellore,12.9165,79.1325,ECMWF_ERA5_Reanalysis
2019-09-13,32.8,24.5,27.5,37.7,28.2,31.5,2.6,12.8,32.4,219,15.2,985.0,loc_vellore,12.9165,79.1325,ECMWF_ERA5_Reanalysis
2019-09-14,34.3,24.2,28.4,39.3,28.2,32.7,3.8,13.0,33.5,215,21.91,984.4,loc_vellore,12.9165,79.1325,ECMWF_ERA5_Reanalysis
2019-09-15,34.8,24.4,28.1,39.7,27.4,32.0,6.6,14.9,37.8,270,21.6,983.8,loc_vellore,12.9165,79.1325,ECMWF_ERA5_Reanalysis
2019-09-16,33.5,24.2,27.9,37.4,27.4,31.3,11.0,15.9,38.2,285,17.41,982.2,loc_vellore,12.9165,79.1325,ECMWF_ERA5_Reanalysis
2019-09-17,32.0,24.6,26.9,34.1,27.1,30.6,5.1,18.6,42.1,290,10.81,981.5,loc_vellore,12.9165,79.1325,ECMWF_ERA5_Reanalysis
2019-09-18,31.2,24.0,26.6,35.7,28.3,31.5,14.6,8.7,28.4,210,11.25,981.9,loc_vellore,12.9165,79.1325,ECMWF_ERA5_Reanalysis
2019-09-19,30.4,23.8,25.9,34.8,28.9,30.8,26.8,12.9,24.8,216,10.44,983.0,loc_vellore,12.9165,79.1325,ECMWF_ERA5_Reanalysis
2019-09-20,30.8,23.8,26.7,36.6,28.6,31.7,6.8,9.4,27.7,235,17.03,983.3,loc_vellore,12.9165,79.1325,ECMWF_ERA5_Reanalysis
2019-09-21,31.8,23.8,26.9,38.6,28.4,32.6,15.4,7.2,21.6,194,21.78,982.8,loc_vellore,12.9165,79.1325,ECMWF_ERA5_Reanalysis
2019-09-22,31.5,23.7,26.5,38.2,28.1,31.7,28.7,13.0,27.0,304,20.67,983.3,loc_vellore,12.9165,79.1325,ECMWF_ERA5_Reanalysis
2019-09-23,30.8,24.0,26.1,38.0,29.1,31.6,18.4,9.1,29.9,312,19.71,983.8,loc_vellore,12.9165,79.1325,ECMWF_ERA5_Reanalysis
2019-09-24,31.2,23.2,25.9,38.4,27.2,31.0,12.1,11.5,26.6,187,20.2,983.2,loc_vellore,12.9165,79.1325,ECMWF_ERA5_Reanalysis
2019-09-25,29.7,23.4,25.5,34.1,27.2,29.5,5.3,21.6,46.8,147,14.41,984.3,loc_vellore,12.9165,79.1325,ECMWF_ERA5_Reanalysis
2019-09-26,30.5,23.1,26.1,35.0,26.1,29.9,1.8,19.0,46.1,157,19.11,987.4,loc_vellore,12.9165,79.1325,ECMWF_ERA5_Reanalysis
2019-09-27,30.6,22.7,26.6,36.3,27.0,31.0,0.3,13.8,33.1,139,22.76,989.1,loc_vellore,12.9165,79.1325,ECMWF_ERA5_Reanalysis
2019-09-28,30.6,22.2,26.3,35.5,26.5,30.7,1.2,14.3,29.2,144,22.76,988.2,loc_vellore,12.9165,79.1325,ECMWF_ERA5_Reanalysis
2019-09-29,29.5,23.5,26.1,33.4,28.3,30.4,1.6,12.1,27.7,127,17.11,988.4,loc_vellore,12.9165,79.1325,ECMWF_ERA5_Reanalysis
2019-09-30,30.0,23.1,26.1,34.3,27.5,30.4,1.2,14.6,31.7,145,19.67,987.7,loc_vellore,12.9165,79.1325,ECMWF_ERA5_Reanalysis
2019-10-01,31.2,23.4,26.9,38.6,28.3,32.3,9.6,10.0,24.1,151,20.38,986.9,loc_vellore,12.9165,79.1325,ECMWF_ERA5_Reanalysis
2019-10-02,32.5,22.8,27.4,38.4,27.4,32.3,1.7,12.7,25.2,133,24.38,986.9,loc_vellore,12.9165,79.1325,ECMWF_ERA5_Reanalysis
2019-10-03,31.9,23.7,27.6,36.9,28.6,32.1,0.0,11.3,27.0,137,22.87,986.3,loc_vellore,12.9165,79.1325,ECMWF_ERA5_Reanalysis
2019-10-04,31.9,22.8,27.2,37.9,27.6,31.9,11.1,10.7,25.6,132,20.11,985.9,loc_vellore,12.9165,79.1325,ECMWF_ERA5_Reanalysis
2019-10-05,30.6,22.8,26.7,35.6,27.1,31.3,2.3,13.0,28.4,154,19.74,985.3,loc_vellore,12.9165,79.1325,ECMWF_ERA5_Reanalysis
2019-10-06,31.2,23.2,26.9,36.6,27.6,31.2,2.5,12.0,24.5,152,20.96,985.8,loc_vellore,12.9165,79.1325,ECMWF_ERA5_Reanalysis
2019-10-07,31.4,23.2,27.0,38.5,27.7,32.1,12.7,9.7,23.8,91,21.07,985.8,loc_vellore,12.9165,79.1325,ECMWF_ERA5_Reanalysis
2019-10-08,31.1,22.2,26.7,36.5,26.4,31.5,5.1,9.0,19.8,171,20.7,985.4,loc_vellore,12.9165,79.1325,ECMWF_ERA5_Reanalysis
2019-10-09,31.2,22.7,27.0,36.3,27.4,31.5,1.5,11.7,25.6,143,20.04,985.1,loc_vellore,12.9165,79.1325,ECMWF_ERA5_Reanalysis
2019-10-10,31.3,23.3,27.0,36.3,28.0,31.4,1.1,12.3,28.4,150,22.23,985.5,loc_vellore,12.9165,79.1325,ECMWF_ERA5_Reanalysis
2019-10-11,31.5,23.7,27.4,35.9,28.3,31.6,0.5,11.3,24.5,133,21.46,985.4,loc_vellore,12.9165,79.1325,ECMWF_ERA5_Reanalysis
2019-10-12,31.2,23.5,27.0,35.7,28.2,31.6,7.4,12.6,28.1,119,18.93,985.7,loc_vellore,12.9165,79.1325,ECMWF_ERA5_Reanalysis
2019-10-13,30.8,24.0,26.8,35.4,29.1,31.8,6.4,11.3,27.7,112,18.69,986.1,loc_vellore,12.9165,79.1325,ECMWF_ERA5_Reanalysis
2019-10-14,31.1,22.5,26.7,35.7,26.9,31.4,3.3,14.6,31.7,72,19.5,986.4,loc_vellore,12.9165,79.1325,ECMWF_ERA5_Reanalysis
2019-10-15,30.2,23.1,26.0,34.8,27.5,30.5,12.9,12.6,34.2,66,16.78,986.1,loc_vellore,12.9165,79.1325,ECMWF_ERA5_Reanalysis
2019-10-16,28.5,23.1,25.0,32.9,27.4,29.5,23.8,12.7,36.0,70,11.94,985.9,loc_vellore,12.9165,79.1325,ECMWF_ERA5_Reanalysis
2019-10-17,27.9,22.6,24.4,31.8,26.7,28.7,11.2,11.3,30.6,104,12.06,986.4,loc_vellore,12.9165,79.1325,ECMWF_ERA5_Reanalysis
2019-10-18,28.5,22.7,24.7,34.0,27.6,29.4,8.7,12.0,26.6,97,12.84,986.3,loc_vellore,12.9165,79.1325,ECMWF_ERA5_Reanalysis
2019-10-19,28.5,23.2,25.2,34.4,27.7,30.0,8.6,12.8,28.4,81,14.67,986.8,loc_vellore,12.9165,79.1325,ECMWF_ERA5_Reanalysis
2019-10-20,29.1,23.3,24.9,33.6,27.9,29.5,16.4,12.1,28.4,88,12.15,986.3,loc_vellore,12.9165,79.1325,ECMWF_ERA5_Reanalysis
2019-10-21,26.8,22.8,24.6,32.4,27.8,29.7,16.2,8.8,20.2,59,9.08,985.2,loc_vellore,12.9165,79.1325,ECMWF_ERA5_Reanalysis
2019-10-22,26.5,22.9,24.3,31.6,27.2,29.0,16.6,9.8,22.3,293,7.23,983.8,loc_vellore,12.9165,79.1325,ECMWF_ERA5_Reanalysis
2019-10-23,31.2,23.0,25.8,35.7,26.9,30.4,8.3,12.8,39.6,262,13.32,982.9,loc_vellore,12.9165,79.1325,ECMWF_ERA5_Reanalysis
2019-10-24,27.5,23.6,25.0,31.8,28.1,29.7,8.6,12.5,25.6,179,7.27,984.2,loc_vellore,12.9165,79.1325,ECMWF_ERA5_Reanalysis
2019-10-25,29.0,23.2,25.5,33.4,27.8,30.2,0.5,11.8,25.6,183,12.57,984.8,loc_vellore,12.9165,79.1325,ECMWF_ERA5_Reanalysis
2019-10-26,28.2,22.8,25.2,32.6,27.6,30.0,5.2,11.2,33.8,145,10.96,985.7,loc_vellore,12.9165,79.1325,ECMWF_ERA5_Reanalysis
2019-10-27,29.8,22.9,25.6,35.4,27.4,30.7,5.9,10.2,24.5,72,15.87,986.3,loc_vellore,12.9165,79.1325,ECMWF_ERA5_Reanalysis
2019-10-28,29.1,22.6,25.1,34.3,26.8,29.9,3.3,12.8,37.1,69,16.24,986.6,loc_vellore,12.9165,79.1325,ECMWF_ERA5_Reanalysis
2019-10-29,25.9,22.7,23.7,30.4,26.2,27.7,26.6,17.1,41.0,72,7.53,986.7,loc_vellore,12.9165,79.1325,ECMWF_ERA5_Reanalysis
2019-10-30,24.4,22.4,23.1,28.7,25.9,27.1,83.2,13.4,40.7,91,5.13,986.5,loc_vellore,12.9165,79.1325,ECMWF_ERA5_Reanalysis
2019-10-31,28.1,22.4,24.4,31.1,25.7,27.9,3.8,19.0,41.4,135,13.73,986.1,loc_vellore,12.9165,79.1325,ECMWF_ERA5_Reanalysis
2019-11-01,29.4,21.9,24.9,34.8,26.3,29.4,3.8,11.3,27.0,111,15.49,986.4,loc_vellore,12.9165,79.1325,ECMWF_ERA5_Reanalysis
2019-11-02,29.0,21.3,25.3,34.0,25.4,30.0,1.5,9.0,24.8,99,17.24,986.9,loc_vellore,12.9165,79.1325,ECMWF_ERA5_Reanalysis
2019-11-03,30.0,22.4,25.8,34.1,27.0,30.1,0.9,11.0,25.6,57,18.58,988.1,loc_vellore,12.9165,79.1325,ECMWF_ERA5_Reanalysis
2019-11-04,30.4,21.0,25.4,35.0,24.6,29.4,0.0,8.5,21.6,66,21.89,988.3,loc_vellore,12.9165,79.1325,ECMWF_ERA5_Reanalysis
2019-11-05,31.2,21.7,26.2,35.6,25.0,30.0,0.0,9.9,24.8,24,21.16,986.2,loc_vellore,12.9165,79.1325,ECMWF_ERA5_Reanalysis
2019-11-06,30.6,21.9,26.2,35.3,25.1,30.1,0.3,11.4,23.0,356,18.39,984.6,loc_vellore,12.9165,79.1325,ECMWF_ERA5_Reanalysis
2019-11-07,30.5,22.1,26.3,35.0,25.6,30.2,0.5,9.7,23.4,287,17.52,984.4,loc_vellore,12.9165,79.1325,ECMWF_ERA5_Reanalysis
2019-11-08,31.0,22.4,26.7,36.3,26.5,31.1,1.3,9.4,23.8,257,18.89,985.0,loc_vellore,12.9165,79.1325,ECMWF_ERA5_Reanalysis
2019-11-09,31.2,22.9,26.6,36.4,26.0,30.8,2.0,11.0,25.2,282,19.21,985.6,loc_vellore,12.9165,79.1325,ECMWF_ERA5_Reanalysis
2019-11-10,30.4,22.8,26.5,34.4,27.0,30.7,0.8,8.5,21.6,64,17.42,985.6,loc_vellore,12.9165,79.1325,ECMWF_ERA5_Reanalysis
2019-11-11,30.4,21.7,25.9,34.1,25.7,29.4,0.0,11.2,27.4,61,20.54,986.0,loc_vellore,12.9165,79.1325,ECMWF_ERA5_Reanalysis
2019-11-12,30.1,21.9,25.7,32.9,26.3,29.0,0.3,14.1,31.7,66,18.18,987.1,loc_vellore,12.9165,79.1325,ECMWF_ERA5_Reanalysis
2019-11-13,29.0,21.8,25.1,31.6,25.8,28.3,1.4,15.9,36.4,52,16.76,988.0,loc_vellore,12.9165,79.1325,ECMWF_ERA5_Reanalysis
2019-11-14,28.5,22.4,24.6,32.7,26.1,28.5,10.0,13.3,33.5,66,14.13,987.7,loc_vellore,12.9165,79.1325,ECMWF_ERA5_Reanalysis
2019-11-15,29.1,22.8,24.9,33.8,26.8,29.2,5.5,14.4,33.1,64,16.21,987.5,loc_vellore,12.9165,79.1325,ECMWF_ERA5_Reanalysis
2019-11-16,29.3,22.4,25.4,33.4,26.8,29.7,1.2,11.3,28.4,66,15.86,987.6,loc_vellore,12.9165,79.1325,ECMWF_ERA5_Reanalysis
2019-11-17,30.1,22.2,25.5,33.7,26.4,29.3,3.6,13.8,33.8,24,18.98,987.7,loc_vellore,12.9165,79.1325,ECMWF_ERA5_Reanalysis
2019-11-18,28.9,23.3,25.3,32.8,27.5,29.7,4.1,14.8,33.8,64,11.98,987.7,loc_vellore,12.9165,79.1325,ECMWF_ERA5_Reanalysis
2019-11-19,30.4,22.6,25.7,34.6,27.1,30.1,2.2,13.9,30.2,47,17.16,987.4,loc_vellore,12.9165,79.1325,ECMWF_ERA5_Reanalysis
2019-11-20,27.7,22.8,24.2,32.1,26.5,28.1,10.7,12.6,35.3,57,9.78,987.0,loc_vellore,12.9165,79.1325,ECMWF_ERA5_Reanalysis
2019-11-21,27.9,22.6,24.4,31.1,26.0,28.1,9.6,14.3,39.2,65,12.93,988.0,loc_vellore,12.9165,79.1325,ECMWF_ERA5_Reanalysis
2019-11-22,28.1,21.6,24.5,30.2,24.8,27.6,3.1,17.3,36.4,52,14.7,989.0,loc_vellore,12.9165,79.1325,ECMWF_ERA5_Reanalysis
2019-11-23,28.3,21.1,24.3,31.1,24.4,27.1,1.1,16.8,40.0,48,15.82,989.0,loc_vellore,12.9165,79.1325,ECMWF_ERA5_Reanalysis
2019-11-24,29.1,20.4,24.6,32.2,23.5,27.2,0.1,11.7,25.9,44,15.12,988.2,loc_vellore,12.9165,79.1325,ECMWF_ERA5_Reanalysis
2019-11-25,27.9,20.6,24.2,29.8,23.5,26.7,2.5,18.8,40.3,55,13.55,988.0,loc_vellore,12.9165,79.1325,ECMWF_ERA5_Reanalysis
2019-11-26,29.2,20.5,24.5,30.6,23.5,26.8,2.0,16.2,36.0,59,15.47,987.2,loc_vellore,12.9165,79.1325,ECMWF_ERA5_Reanalysis
2019-11-27,28.0,22.6,24.7,31.7,25.9,28.2,5.7,15.7,36.0,64,12.92,987.0,loc_vellore,12.9165,79.1325,ECMWF_ERA5_Reanalysis
2019-11-28,26.1,22.4,24.0,29.4,26.0,27.6,10.1,12.9,27.4,65,5.03,987.6,loc_vellore,12.9165,79.1325,ECMWF_ERA5_Reanalysis
2019-11-29,28.5,22.2,24.8,32.8,26.1,28.5,3.9,17.6,38.2,59,13.51,987.6,loc_vellore,12.9165,79.1325,ECMWF_ERA5_Reanalysis
2019-11-30,26.1,22.3,23.7,29.9,26.4,27.5,19.6,15.9,37.8,68,7.06,987.6,loc_vellore,12.9165,79.1325,ECMWF_ERA5_Reanalysis
2019-12-01,24.2,22.4,23.0,28.2,25.8,26.7,65.8,17.3,37.4,80,3.29,987.5,loc_vellore,12.9165,79.1325,ECMWF_ERA5_Reanalysis
2019-12-02,28.4,22.3,24.5,31.1,25.5,28.0,3.1,13.4,30.2,79,13.29,988.1,loc_vellore,12.9165,79.1325,ECMWF_ERA5_Reanalysis
2019-12-03,27.4,22.1,24.4,30.2,26.1,27.6,1.0,17.3,35.6,52,11.59,988.3,loc_vellore,12.9165,79.1325,ECMWF_ERA5_Reanalysis
2019-12-04,26.8,20.9,23.8,29.6,23.8,26.4,2.5,19.8,44.3,49,11.98,989.2,loc_vellore,12.9165,79.1325,ECMWF_ERA5_Reanalysis
2019-12-05,26.8,20.0,23.4,28.6,22.7,25.7,3.4,19.0,40.0,47,14.63,990.5,loc_vellore,12.9165,79.1325,ECMWF_ERA5_Reanalysis
2019-12-06,27.1,20.3,23.3,27.9,22.0,25.2,0.1,16.1,35.6,42,14.95,990.1,loc_vellore,12.9165,79.1325,ECMWF_ERA5_Reanalysis
2019-12-07,26.6,20.0,22.7,29.9,21.6,25.7,6.4,16.0,37.4,46,10.13,989.1,loc_vellore,12.9165,79.1325,ECMWF_ERA5_Reanalysis
2019-12-08,26.7,21.6,23.7,29.3,24.9,26.7,2.3,15.9,36.4,71,13.74,989.7,loc_vellore,12.9165,79.1325,ECMWF_ERA5_Reanalysis
2019-12-09,27.2,20.0,23.3,28.9,22.8,25.8,0.4,14.3,32.4,51,14.93,989.5,loc_vellore,12.9165,79.1325,ECMWF_ERA5_Reanalysis
2019-12-10,27.0,19.8,23.2,28.8,22.7,25.7,0.6,13.5,29.5,53,14.78,988.4,loc_vellore,12.9165,79.1325,ECMWF_ERA5_Reanalysis
2019-12-11,27.9,19.6,23.3,30.2,22.4,25.6,0.0,12.2,28.1,46,18.73,987.4,loc_vellore,12.9165,79.1325,ECMWF_ERA5_Reanalysis
2019-12-12,28.5,19.0,23.2,30.7,21.4,25.7,0.0,12.1,28.8,63,16.36,987.5,loc_vellore,12.9165,79.1325,ECMWF_ERA5_Reanalysis
2019-12-13,27.9,20.0,23.5,30.6,22.9,26.7,4.2,12.0,28.4,77,12.7,988.3,loc_vellore,12.9165,79.1325,ECMWF_ERA5_Reanalysis
2019-12-14,25.9,21.5,23.1,28.6,25.3,26.8,12.7,14.9,35.6,73,8.85,989.8,loc_vellore,12.9165,79.1325,ECMWF_ERA5_Reanalysis
2019-12-15,27.3,19.9,23.4,29.3,22.5,26.2,0.8,13.4,30.2,55,14.55,989.1,loc_vellore,12.9165,79.1325,ECMWF_ERA5_Reanalysis
2019-12-16,26.2,19.4,23.0,30.5,22.0,26.3,4.1,13.8,32.8,57,14.09,988.7,loc_vellore,12.9165,79.1325,ECMWF_ERA5_Reanalysis
2019-12-17,27.3,20.4,23.4,28.4,23.2,25.7,1.8,19.2,40.0,48,14.03,989.6,loc_vellore,12.9165,79.1325,ECMWF_ERA5_Reanalysis
2019-12-18,27.7,19.6,23.2,29.5,22.1,25.7,0.7,14.8,32.4,44,14.54,989.8,loc_vellore,12.9165,79.1325,ECMWF_ERA5_Reanalysis
2019-12-19,27.7,20.2,23.5,29.0,22.6,25.8,1.0,17.3,36.4,52,14.12,989.2,loc_vellore,12.9165,79.1325,ECMWF_ERA5_Reanalysis
2019-12-20,27.4,18.7,23.1,29.6,21.2,25.7,0.2,13.8,31.0,57,14.09,988.3,loc_vellore,12.9165,79.1325,ECMWF_ERA5_Reanalysis
2019-12-21,27.9,20.3,23.8,30.0,23.6,26.6,0.4,13.7,29.2,75,13.89,988.5,loc_vellore,12.9165,79.1325,ECMWF_ERA5_Reanalysis
2019-12-22,27.2,19.7,23.1,29.1,22.0,25.6,0.6,12.8,29.2,59,13.97,988.6,loc_vellore,12.9165,79.1325,ECMWF_ERA5_Reanalysis
2019-12-23,28.0,18.4,22.7,30.0,20.3,25.0,0.0,13.0,29.9,55,18.01,988.8,loc_vellore,12.9165,79.1325,ECMWF_ERA5_Reanalysis
2019-12-24,24.5,20.5,22.8,28.4,23.1,25.9,6.9,12.3,25.6,41,4.78,989.4,loc_vellore,12.9165,79.1325,ECMWF_ERA5_Reanalysis
2019-12-25,27.1,21.0,23.9,29.5,23.9,26.8,0.3,14.7,31.3,61,9.12,989.3,loc_vellore,12.9165,79.1325,ECMWF_ERA5_Reanalysis
2019-12-26,27.1,19.5,23.5,29.8,22.1,26.4,0.0,9.7,19.8,67,11.77,988.6,loc_vellore,12.9165,79.1325,ECMWF_ERA5_Reanalysis
2019-12-27,27.9,20.1,23.7,30.6,23.3,26.4,0.0,11.5,23.8,79,14.08,987.7,loc_vellore,12.9165,79.1325,ECMWF_ERA5_Reanalysis
2019-12-28,27.4,18.8,23.1,29.3,21.4,25.6,0.0,10.6,25.9,65,13.66,988.0,loc_vellore,12.9165,79.1325,ECMWF_ERA5_Reanalysis
2019-12-29,28.2,20.2,23.5,30.2,23.3,25.9,0.0,12.2,28.8,59,16.66,988.7,loc_vellore,12.9165,79.1325,ECMWF_ERA5_Reanalysis
2019-12-30,27.0,20.5,22.9,29.3,23.9,25.9,2.1,13.7,33.8,74,12.7,989.1,loc_vellore,12.9165,79.1325,ECMWF_ERA5_Reanalysis
2019-12-31,26.9,20.2,23.3,29.4,23.4,26.3,2.5,13.3,30.6,79,12.69,989.4,loc_vellore,12.9165,79.1325,ECMWF_ERA5_Reanalysis
2020-01-01,27.7,21.2,23.6,32.4,25.2,27.6,2.3,11.6,29.5,81,14.26,989.8,loc_vellore,12.9165,79.1325,ECMWF_ERA5_Reanalysis
2020-01-02,28.4,22.0,24.5,33.7,26.2,28.6,2.4,11.4,26.6,94,14.95,990.7,loc_vellore,12.9165,79.1325,ECMWF_ERA5_Reanalysis
2020-01-03,29.2,21.9,25.1,33.3,26.1,29.2,0.7,12.2,25.2,123,15.45,989.2,loc_vellore,12.9165,79.1325,ECMWF_ERA5_Reanalysis
2020-01-04,29.5,22.3,25.4,32.9,26.9,29.3,0.9,13.1,25.9,140,15.98,987.5,loc_vellore,12.9165,79.1325,ECMWF_ERA5_Reanalysis
2020-01-05,28.3,22.3,24.4,31.6,26.1,28.3,3.2,14.1,32.4,105,12.52,987.8,loc_vellore,12.9165,79.1325,ECMWF_ERA5_Reanalysis
2020-01-06,27.7,22.1,24.1,30.8,25.7,27.3,4.7,15.9,34.9,76,14.42,989.9,loc_vellore,12.9165,79.1325,ECMWF_ERA5_Reanalysis
2020-01-07,27.2,21.4,23.8,30.3,25.0,26.9,2.3,14.3,31.3,75,13.75,989.7,loc_vellore,12.9165,79.1325,ECMWF_ERA5_Reanalysis
2020-01-08,28.0,20.0,23.6,30.4,22.7,26.3,0.0,10.9,23.4,70,15.24,989.0,loc_vellore,12.9165,79.1325,ECMWF_ERA5_Reanalysis
2020-01-09,28.5,18.9,23.3,31.9,21.7,26.1,0.0,10.0,21.2,95,18.46,988.6,loc_vellore,12.9165,79.1325,ECMWF_ERA5_Reanalysis
2020-01-10,27.8,18.2,22.7,28.5,20.7,24.5,0.0,12.6,30.2,77,17.22,989.1,loc_vellore,12.9165,79.1325,ECMWF_ERA5_Reanalysis
2020-01-11,28.2,17.1,22.4,28.6,18.6,23.8,0.0,14.6,34.2,59,18.53,989.9,loc_vellore,12.9165,79.1325,ECMWF_ERA5_Reanalysis
2020-01-12,27.1,17.9,22.6,28.6,19.6,24.9,0.8,13.0,29.9,54,13.68,988.9,loc_vellore,12.9165,79.1325,ECMWF_ERA5_Reanalysis
2020-01-13,28.7,19.2,23.3,31.6,21.9,25.9,0.0,11.5,23.0,80,19.02,987.6,loc_vellore,12.9165,79.1325,ECMWF_ERA5_Reanalysis
2020-01-14,28.3,17.5,22.2,29.9,19.5,24.0,0.0,11.5,24.5,91,20.6,987.8,loc_vellore,12.9165,79.1325,ECMWF_ERA5_Reanalysis
2020-01-15,27.5,16.6,21.9,28.6,18.0,23.2,0.0,11.2,28.1,97,16.96,988.2,loc_vellore,12.9165,79.1325,ECMWF_ERA5_Reanalysis
2020-01-16,28.6,16.9,22.8,30.9,18.5,24.6,0.0,11.6,28.1,139,20.55,988.2,loc_vellore,12.9165,79.1325,ECMWF_ERA5_Reanalysis
2020-01-17,29.6,17.7,23.4,32.7,19.6,26.0,0.0,14.8,30.6,111,20.49,988.4,loc_vellore,12.9165,79.1325,ECMWF_ERA5_Reanalysis
2020-01-18,27.5,22.3,24.0,30.4,25.5,27.4,5.0,15.2,34.2,89,11.76,988.4,loc_vellore,12.9165,79.1325,ECMWF_ERA5_Reanalysis
2020-01-19,29.7,20.4,24.6,32.0,23.4,27.5,0.1,13.0,29.9,90,16.82,988.9,loc_vellore,12.9165,79.1325,ECMWF_ERA5_Reanalysis
2020-01-20,30.4,20.1,24.7,33.0,23.5,27.6,0.0,13.5,28.8,90,20.03,989.6,loc_vellore,12.9165,79.1325,ECMWF_ERA5_Reanalysis
2020-01-21,29.1,20.5,24.0,30.7,23.3,26.2,0.0,16.8,33.1,71,19.51,991.0,loc_vellore,12.9165,79.1325,ECMWF_ERA5_Reanalysis
2020-01-22,29.6,19.1,23.8,30.8,21.5,25.6,0.0,16.8,36.7,64,16.41,991.3,loc_vellore,12.9165,79.1325,ECMWF_ERA5_Reanalysis
2020-01-23,29.7,20.5,24.4,31.3,23.3,26.5,0.0,14.4,32.8,69,18.1,990.2,loc_vellore,12.9165,79.1325,ECMWF_ERA5_Reanalysis
2020-01-24,30.2,17.5,23.4,30.6,19.2,25.1,0.0,11.7,29.2,76,21.72,989.7,loc_vellore,12.9165,79.1325,ECMWF_ERA5_Reanalysis
2020-01-25,30.1,16.4,22.3,30.3,17.7,23.3,0.0,12.3,28.4,109,22.31,989.4,loc_vellore,12.9165,79.1325,ECMWF_ERA5_Reanalysis
2020-01-26,30.6,17.0,23.2,32.4,18.9,24.8,0.0,10.4,24.8,141,21.57,988.3,loc_vellore,12.9165,79.1325,ECMWF_ERA5_Reanalysis
2020-01-27,30.0,16.8,23.4,32.2,18.4,25.1,0.0,13.5,31.0,152,21.72,987.8,loc_vellore,12.9165,79.1325,ECMWF_ERA5_Reanalysis
2020-01-28,31.1,18.3,24.5,33.7,20.3,26.6,0.0,14.8,29.2,159,21.6,988.0,loc_vellore,12.9165,79.1325,ECMWF_ERA5_Reanalysis
2020-01-29,32.0,20.8,25.3,34.0,23.8,27.7,0.0,14.5,31.3,149,21.77,988.8,loc_vellore,12.9165,79.1325,ECMWF_ERA5_Reanalysis
2020-01-30,31.9,19.8,25.1,33.1,22.6,27.4,0.0,12.8,31.0,142,21.86,988.0,loc_vellore,12.9165,79.1325,ECMWF_ERA5_Reanalysis
2020-01-31,31.4,19.6,25.0,33.3,22.6,27.4,0.0,15.5,32.4,134,21.68,987.2,loc_vellore,12.9165,79.1325,ECMWF_ERA5_Reanalysis
2020-02-01,30.1,20.8,25.2,32.0,24.0,27.6,0.3,13.5,29.9,145,16.71,988.1,loc_vellore,12.9165,79.1325,ECMWF_ERA5_Reanalysis
2020-02-02,30.3,20.7,24.9,31.5,23.3,26.9,0.0,13.8,32.0,125,18.27,990.0,loc_vellore,12.9165,79.1325,ECMWF_ERA5_Reanalysis
2020-02-03,30.3,19.7,24.4,32.0,21.9,26.5,0.0,12.6,29.9,100,20.02,990.3,loc_vellore,12.9165,79.1325,ECMWF_ERA5_Reanalysis
2020-02-04,29.3,18.8,24.0,30.9,21.5,26.4,0.3,13.7,26.3,118,15.23,988.8,loc_vellore,12.9165,79.1325,ECMWF_ERA5_Reanalysis
2020-02-05,30.2,20.7,24.6,32.4,22.7,26.9,0.2,12.7,25.6,108,20.57,988.8,loc_vellore,12.9165,79.1325,ECMWF_ERA5_Reanalysis
2020-02-06,30.4,17.7,23.9,32.2,19.9,25.6,0.0,15.6,31.3,142,22.59,988.7,loc_vellore,12.9165,79.1325,ECMWF_ERA5_Reanalysis
2020-02-07,30.3,19.7,25.0,32.1,22.2,26.6,0.0,17.7,34.9,147,16.74,989.1,loc_vellore,12.9165,79.1325,ECMWF_ERA5_Reanalysis
2020-02-08,30.3,20.9,25.3,31.8,23.7,27.0,0.0,17.1,34.9,149,16.08,989.2,loc_vellore,12.9165,79.1325,ECMWF_ERA5_Reanalysis
2020-02-09,29.9,21.2,24.8,32.0,24.1,27.0,0.0,16.9,37.8,108,16.39,989.7,loc_vellore,12.9165,79.1325,ECMWF_ERA5_Reanalysis
2020-02-10,29.8,20.8,24.7,31.0,23.0,26.5,0.1,15.5,32.0,84,16.91,989.8,loc_vellore,12.9165,79.1325,ECMWF_ERA5_Reanalysis
2020-02-11,28.6,19.4,24.2,29.9,21.6,26.2,0.4,16.3,36.0,77,16.85,990.2,loc_vellore,12.9165,79.1325,ECMWF_ERA5_Reanalysis
2020-02-12,30.4,21.7,25.3,31.6,25.3,27.7,0.1,13.3,31.7,76,17.45,991.2,loc_vellore,12.9165,79.1325,ECMWF_ERA5_Reanalysis
2020-02-13,31.3,21.5,25.5,33.0,24.5,27.7,0.0,14.0,29.9,69,22.55,990.5,loc_vellore,12.9165,79.1325,ECMWF_ERA5_Reanalysis
2020-02-14,32.6,18.6,25.2,34.9,21.0,27.1,0.0,13.8,27.0,100,23.16,988.2,loc_vellore,12.9165,79.1325,ECMWF_ERA5_Reanalysis
2020-02-15,31.9,17.5,24.4,33.6,18.7,25.6,0.0,12.5,24.8,119,23.86,988.0,loc_vellore,12.9165,79.1325,ECMWF_ERA5_Reanalysis
2020-02-16,31.3,16.3,23.8,32.5,17.4,25.1,0.0,13.2,26.6,100,24.08,989.5,loc_vellore,12.9165,79.1325,ECMWF_ERA5_Reanalysis
2020-02-17,31.0,18.0,24.0,31.7,20.4,25.4,0.0,11.9,28.1,100,23.82,990.4,loc_vellore,12.9165,79.1325,ECMWF_ERA5_Reanalysis
2020-02-18,30.7,16.7,24.0,32.6,17.9,25.3,0.0,13.8,29.9,121,23.7,989.9,loc_vellore,12.9165,79.1325,ECMWF_ERA5_Reanalysis
2020-02-19,30.6,17.3,24.1,32.2,19.2,25.6,0.0,14.8,29.9,108,22.96,989.6,loc_vellore,12.9165,79.1325,ECMWF_ERA5_Reanalysis
2020-02-20,30.4,17.4,23.8,32.6,19.5,25.6,0.0,16.5,31.7,108,21.65,989.5,loc_vellore,12.9165,79.1325,ECMWF_ERA5_Reanalysis
2020-02-21,31.2,17.8,24.5,33.1,19.8,26.5,0.0,20.4,40.0,86,23.71,990.7,loc_vellore,12.9165,79.1325,ECMWF_ERA5_Reanalysis
2020-02-22,31.1,20.8,25.5,32.5,23.9,27.7,0.1,17.0,37.4,76,17.4,991.4,loc_vellore,12.9165,79.1325,ECMWF_ERA5_Reanalysis
2020-02-23,31.2,21.7,25.7,32.0,25.6,28.1,0.1,16.0,34.2,86,17.72,990.8,loc_vellore,12.9165,79.1325,ECMWF_ERA5_Reanalysis
2020-02-24,30.8,20.1,25.6,33.1,23.3,28.2,0.0,13.1,31.7,105,17.91,988.3,loc_vellore,12.9165,79.1325,ECMWF_ERA5_Reanalysis
2020-02-25,32.4,22.3,26.5,34.8,26.2,29.3,0.0,15.9,36.4,141,23.03,986.9,loc_vellore,12.9165,79.1325,ECMWF_ERA5_Reanalysis
2020-02-26,32.9,22.6,26.6,35.2,26.9,29.4,0.0,15.9,36.0,122,20.09,987.3,loc_vellore,12.9165,79.1325,ECMWF_ERA5_Reanalysis
2020-02-27,32.0,22.5,26.4,35.0,26.6,29.3,0.1,16.6,33.1,102,19.99,987.8,loc_vellore,12.9165,79.1325,ECMWF_ERA5_Reanalysis
2020-02-28,31.4,22.3,26.1,33.9,25.5,28.8,0.5,16.2,35.6,98,20.52,987.0,loc_vellore,12.9165,79.1325,ECMWF_ERA5_Reanalysis
2020-02-29,32.4,21.5,26.2,34.8,25.2,28.8,0.1,18.0,40.0,115,21.99,986.9,loc_vellore,12.9165,79.1325,ECMWF_ERA5_Reanalysis
2020-03-01,32.2,21.7,26.4,34.6,25.2,28.8,0.0,17.4,33.8,111,19.8,987.1,loc_vellore,12.9165,79.1325,ECMWF_ERA5_Reanalysis
2020-03-02,31.9,21.4,26.2,34.0,24.7,28.6,0.0,16.1,31.0,119,20.2,987.5,loc_vellore,12.9165,79.1325,ECMWF_ERA5_Reanalysis
2020-03-03,34.0,21.0,27.2,37.1,23.8,29.6,0.0,16.5,35.6,124,23.18,986.8,loc_vellore,12.9165,79.1325,ECMWF_ERA5_Reanalysis
2020-03-04,34.0,21.2,27.7,36.8,24.0,30.5,0.0,13.2,25.6,164,19.38,986.2,loc_vellore,12.9165,79.1325,ECMWF_ERA5_Reanalysis
2020-03-05,33.8,22.4,27.3,34.8,26.4,29.7,0.0,18.6,38.2,143,20.2,985.5,loc_vellore,12.9165,79.1325,ECMWF_ERA5_Reanalysis
2020-03-06,32.6,23.3,27.5,35.4,26.7,30.2,0.2,16.3,36.0,147,18.46,986.1,loc_vellore,12.9165,79.1325,ECMWF_ERA5_Reanalysis
2020-03-07,32.9,23.6,27.4,35.8,26.9,30.4,1.0,17.7,38.9,148,19.41,987.4,loc_vellore,12.9165,79.1325,ECMWF_ERA5_Reanalysis
2020-03-08,32.7,24.0,27.4,35.9,27.0,30.5,0.8,17.5,35.3,134,19.46,987.2,loc_vellore,12.9165,79.1325,ECMWF_ERA5_Reanalysis
2020-03-09,33.8,22.0,27.1,35.9,25.9,29.6,0.0,17.1,33.8,133,23.37,986.1,loc_vellore,12.9165,79.1325,ECMWF_ERA5_Reanalysis
2020-03-10,34.2,21.4,27.2,36.6,24.7,29.6,0.0,16.6,33.1,142,23.72,986.5,loc_vellore,12.9165,79.1325,ECMWF_ERA5_Reanalysis
2020-03-11,34.2,22.4,27.3,35.7,25.7,29.4,0.0,15.3,36.0,146,23.73,986.8,loc_vellore,12.9165,79.1325,ECMWF_ERA5_Reanalysis
2020-03-12,34.6,21.4,27.4,36.9,24.8,29.6,0.0,14.8,32.8,142,24.61,987.9,loc_vellore,12.9165,79.1325,ECMWF_ERA5_Reanalysis
2020-03-13,34.4,21.7,27.2,36.6,25.2,29.7,0.0,16.3,34.2,128,23.72,988.1,loc_vellore,12.9165,79.1325,ECMWF_ERA5_Reanalysis
2020-03-14,34.6,21.4,27.3,37.2,24.3,29.8,0.0,17.4,35.6,118,24.27,987.0,loc_vellore,12.9165,79.1325,ECMWF_ERA5_Reanalysis
2020-03-15,34.4,22.1,27.6,37.0,26.3,30.3,0.0,17.5,35.3,108,24.13,986.8,loc_vellore,12.9165,79.1325,ECMWF_ERA5_Reanalysis
2020-03-16,32.7,22.2,27.0,36.5,26.3,30.6,1.1,14.2,30.2,108,15.3,988.1,loc_vellore,12.9165,79.1325,ECMWF_ERA5_Reanalysis
2020-03-17,34.6,23.5,28.0,36.7,26.8,30.4,0.0,14.8,36.4,129,22.56,989.3,loc_vellore,12.9165,79.1325,ECMWF_ERA5_Reanalysis
2020-03-18,35.3,21.0,27.8,38.0,24.3,30.4,0.0,13.5,31.7,137,24.63,988.4,loc_vellore,12.9165,79.1325,ECMWF_ERA5_Reanalysis
2020-03-19,35.9,21.2,28.2,37.4,24.7,30.5,0.0,17.0,34.2,150,25.46,987.2,loc_vellore,12.9165,79.1325,ECMWF_ERA5_Reanalysis
2020-03-20,35.9,21.1,28.6,37.4,23.5,30.2,0.0,18.3,36.0,152,22.73,986.7,loc_vellore,12.9165,79.1325,ECMWF_ERA5_Reanalysis
2020-03-21,35.4,22.9,28.6,37.2,27.0,31.1,0.0,20.6,40.7,151,22.7,986.6,loc_vellore,12.9165,79.1325,ECMWF_ERA5_Reanalysis
2020-03-22,35.1,23.0,28.7,36.9,27.3,31.2,0.1,16.6,35.6,153,22.33,986.6,loc_vellore,12.9165,79.1325,ECMWF_ERA5_Reanalysis
2020-03-23,35.4,24.4,29.0,37.3,27.9,31.3,0.0,14.6,34.9,139,24.26,986.5,loc_vellore,12.9165,79.1325,ECMWF_ERA5_Reanalysis
2020-03-24,35.7,22.2,28.1,38.3,26.0,30.7,0.0,20.5,41.8,117,25.0,985.4,loc_vellore,12.9165,79.1325,ECMWF_ERA5_Reanalysis
2020-03-25,34.6,21.5,28.1,36.4,25.1,30.4,0.0,16.5,33.8,139,24.2,985.4,loc_vellore,12.9165,79.1325,ECMWF_ERA5_Reanalysis
2020-03-26,35.4,23.6,28.5,37.9,28.0,31.2,0.0,18.4,36.4,111,23.94,986.1,loc_vellore,12.9165,79.1325,ECMWF_ERA5_Reanalysis
2020-03-27,35.4,24.0,28.6,37.2,26.8,31.0,0.0,16.6,32.4,134,24.88,987.8,loc_vellore,12.9165,79.1325,ECMWF_ERA5_Reanalysis
2020-03-28,36.7,21.0,28.3,37.4,24.4,30.1,0.0,13.2,32.0,122,26.4,986.7,loc_vellore,12.9165,79.1325,ECMWF_ERA5_Reanalysis
2020-03-29,36.8,21.2,28.6,37.5,24.7,30.4,0.0,16.0,31.0,125,26.29,985.8,loc_vellore,12.9165,79.1325,ECMWF_ERA5_Reanalysis
2020-03-30,36.4,20.2,28.4,36.9,22.8,29.6,0.0,16.5,37.8,115,26.35,986.2,loc_vellore,12.9165,79.1325,ECMWF_ERA5_Reanalysis
2020-03-31,36.5,20.1,28.5,37.7,22.1,30.0,0.0,15.5,37.8,126,26.16,986.9,loc_vellore,12.9165,79.1325,ECMWF_ERA5_Reanalysis
2020-04-01,37.6,20.3,29.2,39.2,23.0,31.1,0.0,16.4,32.0,132,26.17,986.3,loc_vellore,12.9165,79.1325,ECMWF_ERA5_Reanalysis
2020-04-02,37.9,21.5,29.8,38.9,24.1,31.3,0.0,15.6,35.6,134,25.43,985.1,loc_vellore,12.9165,79.1325,ECMWF_ERA5_Reanalysis
2020-04-03,37.5,23.1,29.4,38.9,26.7,31.7,0.0,19.1,41.0,140,24.8,985.8,loc_vellore,12.9165,79.1325,ECMWF_ERA5_Reanalysis
2020-04-04,36.7,22.5,29.4,38.8,26.7,32.0,0.0,19.7,40.0,137,25.53,986.7,loc_vellore,12.9165,79.1325,ECMWF_ERA5_Reanalysis
2020-04-05,37.2,25.3,30.4,40.1,30.0,33.8,0.1,19.5,38.9,149,23.28,987.2,loc_vellore,12.9165,79.1325,ECMWF_ERA5_Reanalysis
2020-04-06,37.4,26.1,30.9,41.3,30.8,35.0,0.3,14.3,33.8,141,22.23,986.9,loc_vellore,12.9165,79.1325,ECMWF_ERA5_Reanalysis
2020-04-07,37.4,25.9,30.9,41.2,30.8,34.5,0.0,11.8,26.6,163,20.17,985.7,loc_vellore,12.9165,79.1325,ECMWF_ERA5_Reanalysis
2020-04-08,36.7,26.2,30.1,40.4,30.7,33.9,0.0,14.8,46.1,151,17.14,986.1,loc_vellore,12.9165,79.1325,ECMWF_ERA5_Reanalysis
2020-04-09,36.7,25.9,29.6,41.4,29.7,33.7,3.2,14.3,35.6,133,21.33,986.3,loc_vellore,12.9165,79.1325,ECMWF_ERA5_Reanalysis
2020-04-10,36.3,23.8,29.2,38.6,28.8,32.4,0.0,19.4,38.2,137,24.12,987.0,loc_vellore,12.9165,79.1325,ECMWF_ERA5_Reanalysis
2020-04-11,35.8,25.2,29.5,38.4,28.8,32.6,0.0,15.3,32.4,129,22.65,988.2,loc_vellore,12.9165,79.1325,ECMWF_ERA5_Reanalysis
2020-04-12,37.0,22.6,29.4,38.4,26.6,31.6,0.0,14.8,34.9,119,25.79,987.3,loc_vellore,12.9165,79.1325,ECMWF_ERA5_Reanalysis
2020-04-13,37.3,21.4,29.2,38.9,24.7,31.4,0.0,13.7,29.9,124,26.33,985.7,loc_vellore,12.9165,79.1325,ECMWF_ERA5_Reanalysis
2020-04-14,36.8,21.1,28.7,38.2,24.3,31.0,0.0,13.2,32.4,117,26.48,986.0,loc_vellore,12.9165,79.1325,ECMWF_ERA5_Reanalysis
2020-04-15,37.0,23.6,29.6,39.0,27.4,32.1,0.0,15.8,31.0,128,26.4,987.0,loc_vellore,12.9165,79.1325,ECMWF_ERA5_Reanalysis
2020-04-16,37.0,22.7,29.8,38.2,26.7,32.2,0.0,15.1,31.0,137,26.37,985.8,loc_vellore,12.9165,79.1325,ECMWF_ERA5_Reanalysis
2020-04-17,37.7,24.4,30.3,40.4,29.0,33.4,0.0,19.9,39.2,137,24.93,985.1,loc_vellore,12.9165,79.1325,ECMWF_ERA5_Reanalysis
2020-04-18,37.7,25.5,30.5,40.1,29.9,33.6,0.0,17.6,37.8,144,24.43,985.4,loc_vellore,12.9165,79.1325,ECMWF_ERA5_Reanalysis
2020-04-19,37.2,25.4,30.4,40.2,30.5,33.6,0.0,18.2,35.3,135,24.59,985.4,loc_vellore,12.9165,79.1325,ECMWF_ERA5_Reanalysis
2020-04-20,37.0,25.5,30.3,39.4,29.4,33.2,0.0,16.3,35.3,133,24.71,985.4,loc_vellore,12.9165,79.1325,ECMWF_ERA5_Reanalysis
2020-04-21,37.0,22.7,30.0,39.2,26.7,32.6,0.0,16.6,34.9,145,26.1,985.3,loc_vellore,12.9165,79.1325,ECMWF_ERA5_Reanalysis
2020-04-22,38.4,23.4,30.5,40.8,27.4,33.2,0.0,18.7,37.4,149,25.91,984.8,loc_vellore,12.9165,79.1325,ECMWF_ERA5_Reanalysis
2020-04-23,38.1,24.9,30.8,42.1,29.7,34.5,0.0,16.9,39.6,134,24.15,984.3,loc_vellore,12.9165,79.1325,ECMWF_ERA5_Reanalysis
2020-04-24,38.2,26.4,31.7,41.2,31.3,35.2,0.0,17.9,35.3,161,23.03,984.0,loc_vellore,12.9165,79.1325,ECMWF_ERA5_Reanalysis
2020-04-25,38.7,26.9,31.7,43.9,31.5,35.4,0.3,15.0,41.0,162,21.61,983.7,loc_vellore,12.9165,79.1325,ECMWF_ERA5_Reanalysis
2020-04-26,36.2,25.3,30.4,40.6,30.3,34.3,0.9,14.5,32.4,164,20.54,984.9,loc_vellore,12.9165,79.1325,ECMWF_ERA5_Reanalysis
2020-04-27,36.3,25.9,29.8,42.1,30.8,34.5,0.7,14.5,28.8,145,21.42,985.7,loc_vellore,12.9165,79.1325,ECMWF_ERA5_Reanalysis
2020-04-28,33.9,25.8,29.5,39.6,31.4,34.6,1.1,13.4,31.0,141,20.11,985.2,loc_vellore,12.9165,79.1325,ECMWF_ERA5_Reanalysis
2020-04-29,33.8,24.1,27.9,37.2,28.7,32.2,8.6,13.0,28.8,242,15.21,985.3,loc_vellore,12.9165,79.1325,ECMWF_ERA5_Reanalysis
2020-04-30,35.1,24.1,29.6,39.8,28.9,34.0,0.0,14.3,27.4,144,23.32,985.3,loc_vellore,12.9165,79.1325,ECMWF_ERA5_Reanalysis
2020-05-01,36.5,24.7,30.5,41.6,30.1,34.6,0.0,12.8,23.4,138,24.12,984.8,loc_vellore,12.9165,79.1325,ECMWF_ERA5_Reanalysis
2020-05-02,36.4,26.2,30.9,42.0,30.8,35.5,0.0,13.2,26.3,130,22.9,983.5,loc_vellore,12.9165,79.1325,ECMWF_ERA5_Reanalysis
2020-05-03,36.9,25.2,30.9,41.1,30.0,34.7,0.0,15.6,29.2,143,24.27,983.5,loc_vellore,12.9165,79.1325,ECMWF_ERA5_Reanalysis
2020-05-04,37.5,24.3,30.7,41.8,29.2,34.4,0.0,15.3,29.2,139,24.89,984.4,loc_vellore,12.9165,79.1325,ECMWF_ERA5_Reanalysis
2020-05-05,37.0,24.7,30.6,40.1,28.7,33.6,0.0,14.4,31.0,149,25.53,984.2,loc_vellore,12.9165,79.1325,ECMWF_ERA5_Reanalysis
2020-05-06,37.6,23.9,30.6,41.0,28.0,34.1,0.0,17.8,36.4,143,24.84,983.8,loc_vellore,12.9165,79.1325,ECMWF_ERA5_Reanalysis
2020-05-07,36.6,25.8,30.8,40.7,31.8,35.2,0.0,20.1,39.6,142,20.87,984.0,loc_vellore,12.9165,79.1325,ECMWF_ERA5_Reanalysis
2020-05-08,37.0,25.9,31.0,41.6,31.6,35.5,0.0,18.2,38.9,140,24.62,984.2,loc_vellore,12.9165,79.1325,ECMWF_ERA5_Reanalysis
2020-05-09,38.2,25.8,31.3,41.4,31.6,35.3,0.0,17.6,34.2,127,24.8,984.2,loc_vellore,12.9165,79.1325,ECMWF_ERA5_Reanalysis
2020-05-10,37.6,24.7,30.8,40.9,30.4,34.7,0.0,14.3,31.3,130,25.25,984.1,loc_vellore,12.9165,79.1325,ECMWF_ERA5_Reanalysis
2020-05-11,36.4,25.9,30.6,39.4,31.2,34.3,0.0,17.1,35.3,115,22.65,984.6,loc_vellore,12.9165,79.1325,ECMWF_ERA5_Reanalysis
2020-05-12,34.0,25.4,29.4,37.8,31.3,33.9,0.6,12.6,32.0,124,18.41,984.3,loc_vellore,12.9165,79.1325,ECMWF_ERA5_Reanalysis
2020-05-13,36.1,24.6,30.3,39.8,30.1,34.3,0.0,16.7,33.1,136,22.54,983.2,loc_vellore,12.9165,79.1325,ECMWF_ERA5_Reanalysis
2020-05-14,36.9,25.4,30.9,40.2,31.2,34.9,0.0,17.0,33.8,102,23.67,982.5,loc_vellore,12.9165,79.1325,ECMWF_ERA5_Reanalysis
2020-05-15,37.5,25.0,31.0,40.7,30.5,34.9,0.0,15.3,30.6,68,23.22,981.3,loc_vellore,12.9165,79.1325,ECMWF_ERA5_Reanalysis
2020-05-16,39.0,25.3,31.8,40.6,31.2,35.3,0.1,15.2,37.4,30,22.69,980.7,loc_vellore,12.9165,79.1325,ECMWF_ERA5_Reanalysis
2020-05-17,37.4,27.4,31.8,39.7,31.4,35.5,0.1,17.7,37.4,345,14.34,979.4,loc_vellore,12.9165,79.1325,ECMWF_ERA5_Reanalysis
2020-05-18,37.9,27.1,31.4,39.7,30.0,34.2,2.6,20.7,47.9,287,17.91,977.6,loc_vellore,12.9165,79.1325,ECMWF_ERA5_Reanalysis
2020-05-19,39.2,27.7,33.2,39.2,29.6,34.1,0.0,25.1,59.4,285,20.56,976.6,loc_vellore,12.9165,79.1325,ECMWF_ERA5_Reanalysis
2020-05-20,39.6,28.4,33.4,40.2,29.3,33.7,0.0,25.2,52.2,277,21.73,977.8,loc_vellore,12.9165,79.1325,ECMWF_ERA5_Reanalysis
2020-05-21,39.2,27.8,33.3,41.6,29.0,34.4,0.0,22.4,45.4,260,21.99,979.6,loc_vellore,12.9165,79.1325,ECMWF_ERA5_Reanalysis
2020-05-22,39.2,28.1,33.3,43.2,30.3,35.6,0.0,18.8,36.0,265,22.72,980.5,loc_vellore,12.9165,79.1325,ECMWF_ERA5_Reanalysis
2020-05-23,40.3,26.9,33.0,43.2,29.5,35.9,0.0,17.0,33.1,163,25.3,980.9,loc_vellore,12.9165,79.1325,ECMWF_ERA5_Reanalysis
2020-05-24,39.4,26.7,32.5,43.6,33.1,37.0,0.0,16.2,32.8,115,23.75,982.0,loc_vellore,12.9165,79.1325,ECMWF_ERA5_Reanalysis
2020-05-25,38.9,26.8,32.2,43.9,33.0,36.8,0.0,19.1,36.7,135,24.05,983.2,loc_vellore,12.9165,79.1325,ECMWF_ERA5_Reanalysis
2020-05-26,38.3,26.8,32.1,43.2,32.7,36.7,0.0,16.6,34.9,132,23.16,983.0,loc_vellore,12.9165,79.1325,ECMWF_ERA5_Reanalysis
2020-05-27,37.7,27.1,32.4,43.0,33.5,37.4,0.0,15.5,36.0,156,22.32,982.3,loc_vellore,12.9165,79.1325,ECMWF_ERA5_Reanalysis
2020-05-28,39.4,26.9,31.7,45.0,31.1,35.9,10.3,15.3,32.4,269,22.42,981.1,loc_vellore,12.9165,79.1325,ECMWF_ERA5_Reanalysis
2020-05-29,38.9,27.0,32.4,44.3,30.0,36.0,0.0,16.3,31.0,270,23.72,981.3,loc_vellore,12.9165,79.1325,ECMWF_ERA5_Reanalysis
2020-05-30,38.0,27.9,32.1,42.2,30.9,35.7,0.0,13.4,30.6,214,20.25,982.3,loc_vellore,12.9165,79.1325,ECMWF_ERA5_Reanalysis
2020-05-31,36.8,27.6,32.1,41.3,31.9,36.2,0.0,12.5,29.9,161,23.23,983.1,loc_vellore,12.9165,79.1325,ECMWF_ERA5_Reanalysis
2020-06-01,37.1,26.5,30.6,42.4,30.2,34.7,3.4,19.7,42.5,244,19.17,984.0,loc_vellore,12.9165,79.1325,ECMWF_ERA5_Reanalysis
2020-06-02,35.1,25.1,29.4,40.2,29.2,33.7,3.6,14.0,32.8,249,18.76,983.4,loc_vellore,12.9165,79.1325,ECMWF_ERA5_Reanalysis
2020-06-03,36.6,25.4,30.7,41.7,28.3,34.2,0.0,14.1,33.1,241,20.85,982.5,loc_vellore,12.9165,79.1325,ECMWF_ERA5_Reanalysis
2020-06-04,37.2,26.8,31.7,41.3,29.8,34.5,0.0,17.2,40.0,255,23.18,982.6,loc_vellore,12.9165,79.1325,ECMWF_ERA5_Reanalysis
2020-06-05,36.8,26.4,31.5,39.1,30.2,34.3,4.6,15.1,36.4,263,21.36,982.6,loc_vellore,12.9165,79.1325,ECMWF_ERA5_Reanalysis
2020-06-06,36.7,26.5,31.2,40.2,30.1,34.0,0.3,19.4,37.4,262,20.98,982.0,loc_vellore,12.9165,79.1325,ECMWF_ERA5_Reanalysis
2020-06-07,35.5,26.3,30.6,36.4,28.3,32.1,0.4,20.2,41.0,264,12.24,981.6,loc_vellore,12.9165,79.1325,ECMWF_ERA5_Reanalysis
2020-06-08,38.1,27.8,32.6,39.3,27.6,33.4,0.0,23.7,49.7,282,22.32,980.9,loc_vellore,12.9165,79.1325,ECMWF_ERA5_Reanalysis
2020-06-09,38.1,28.9,33.1,40.1,30.2,34.3,0.0,18.3,44.3,279,20.76,980.4,loc_vellore,12.9165,79.1325,ECMWF_ERA5_Reanalysis
2020-06-10,33.3,26.7,30.3,35.7,30.2,32.4,3.9,19.9,39.6,278,9.01,979.8,loc_vellore,12.9165,79.1325,ECMWF_ERA5_Reanalysis
2020-06-11,34.3,26.7,29.5,33.9,28.9,31.1,0.4,24.9,55.8,279,11.87,978.9,loc_vellore,12.9165,79.1325,ECMWF_ERA5_Reanalysis
2020-06-12,32.4,26.4,29.3,32.8,27.5,30.8,0.0,23.8,51.8,261,8.65,978.5,loc_vellore,12.9165,79.1325,ECMWF_ERA5_Reanalysis
2020-06-13,37.6,26.5,31.4,38.8,28.4,32.8,0.0,19.9,46.4,259,20.67,979.0,loc_vellore,12.9165,79.1325,ECMWF_ERA5_Reanalysis
2020-06-14,37.5,27.6,32.2,39.4,29.5,33.6,0.0,25.7,55.1,268,22.22,980.1,loc_vellore,12.9165,79.1325,ECMWF_ERA5_Reanalysis
2020-06-15,38.1,28.2,32.8,39.2,30.0,34.3,0.0,23.2,51.1,267,21.24,980.0,loc_vellore,12.9165,79.1325,ECMWF_ERA5_Reanalysis
2020-06-16,37.4,28.0,32.6,39.2,29.8,34.0,0.1,22.2,50.4,259,20.24,979.4,loc_vellore,12.9165,79.1325,ECMWF_ERA5_Reanalysis
2020-06-17,37.9,28.0,32.2,39.0,30.0,33.5,0.0,24.1,52.2,265,19.45,980.1,loc_vellore,12.9165,79.1325,ECMWF_ERA5_Reanalysis
2020-06-18,36.8,28.0,31.9,37.8,29.4,33.0,0.0,21.8,48.2,265,17.82,981.6,loc_vellore,12.9165,79.1325,ECMWF_ERA5_Reanalysis
2020-06-19,38.8,27.7,32.7,40.2,28.7,33.8,0.0,22.1,45.7,278,22.23,981.7,loc_vellore,12.9165,79.1325,ECMWF_ERA5_Reanalysis
2020-06-20,37.6,27.6,31.5,38.1,28.7,33.2,0.6,22.5,48.2,273,18.59,981.7,loc_vellore,12.9165,79.1325,ECMWF_ERA5_Reanalysis
2020-06-21,36.8,27.8,31.2,38.1,29.5,33.1,2.6,21.8,51.5,276,15.21,980.7,loc_vellore,12.9165,79.1325,ECMWF_ERA5_Reanalysis
2020-06-22,36.8,26.3,30.2,38.2,28.2,32.6,15.4,19.9,44.6,278,16.2,979.6,loc_vellore,12.9165,79.1325,ECMWF_ERA5_Reanalysis
2020-06-23,37.7,24.6,29.5,41.0,27.4,33.0,10.4,14.2,39.6,269,19.77,981.2,loc_vellore,12.9165,79.1325,ECMWF_ERA5_Reanalysis
2020-06-24,35.7,24.4,28.3,41.4,28.1,32.9,13.7,16.4,38.2,273,21.01,981.5,loc_vellore,12.9165,79.1325,ECMWF_ERA5_Reanalysis
2020-06-25,34.4,24.4,27.7,39.3,27.7,32.1,13.9,15.2,35.3,245,21.31,980.6,loc_vellore,12.9165,79.1325,ECMWF_ERA5_Reanalysis
2020-06-26,32.5,24.0,28.2,38.2,29.2,32.9,5.3,13.7,32.4,187,21.03,980.1,loc_vellore,12.9165,79.1325,ECMWF_ERA5_Reanalysis
2020-06-27,33.9,24.8,29.0,39.5,30.9,34.1,7.1,10.6,32.4,209,21.47,980.3,loc_vellore,12.9165,79.1325,ECMWF_ERA5_Reanalysis
2020-06-28,34.6,25.4,28.3,40.9,30.0,33.5,15.7,13.8,31.3,286,20.25,980.4,loc_vellore,12.9165,79.1325,ECMWF_ERA5_Reanalysis
2020-06-29,32.4,25.0,27.5,39.2,28.7,32.6,16.8,11.9,26.3,276,18.3,979.8,loc_vellore,12.9165,79.1325,ECMWF_ERA5_Reanalysis
2020-06-30,33.7,24.5,27.6,38.9,27.8,32.2,4.7,14.1,32.0,262,20.66,979.6,loc_vellore,12.9165,79.1325,ECMWF_ERA5_Reanalysis
2020-07-01,32.5,24.4,28.1,36.9,29.2,32.5,1.1,12.6,33.8,267,15.88,980.4,loc_vellore,12.9165,79.1325,ECMWF_ERA5_Reanalysis
2020-07-02,32.1,24.8,27.9,34.3,30.0,31.5,0.6,18.2,39.6,264,10.85,980.1,loc_vellore,12.9165,79.1325,ECMWF_ERA5_Reanalysis
2020-07-03,32.7,25.1,28.1,34.7,27.3,31.0,3.3,23.1,47.9,259,12.39,979.7,loc_vellore,12.9165,79.1325,ECMWF_ERA5_Reanalysis
2020-07-04,33.2,23.8,27.5,35.5,26.2,30.6,9.0,18.2,40.0,260,15.9,979.7,loc_vellore,12.9165,79.1325,ECMWF_ERA5_Reanalysis
2020-07-05,32.4,24.9,28.3,34.9,27.8,31.5,0.0,18.3,42.1,251,13.83,979.5,loc_vellore,12.9165,79.1325,ECMWF_ERA5_Reanalysis
2020-07-06,34.0,25.9,29.3,36.0,27.7,31.8,0.5,18.8,40.3,265,17.01,979.5,loc_vellore,12.9165,79.1325,ECMWF_ERA5_Reanalysis
2020-07-07,34.2,25.5,29.3,37.7,28.4,32.9,1.7,18.2,40.0,259,21.72,981.2,loc_vellore,12.9165,79.1325,ECMWF_ERA5_Reanalysis
2020-07-08,34.2,25.7,28.8,38.7,29.1,33.1,8.0,10.9,26.3,261,19.92,982.4,loc_vellore,12.9165,79.1325,ECMWF_ERA5_Reanalysis
2020-07-09,31.9,24.3,27.3,37.1,28.1,32.1,14.5,11.9,27.0,271,15.61,981.9,loc_vellore,12.9165,79.1325,ECMWF_ERA5_Reanalysis
2020-07-10,31.0,24.3,26.9,34.6,28.8,31.0,10.5,17.0,36.4,262,16.28,982.2,loc_vellore,12.9165,79.1325,ECMWF_ERA5_Reanalysis
2020-07-11,32.5,23.9,27.5,38.7,28.4,32.3,4.7,11.1,28.1,232,22.2,981.8,loc_vellore,12.9165,79.1325,ECMWF_ERA5_Reanalysis
2020-07-12,32.9,24.6,27.8,38.6,28.2,32.7,10.0,17.3,36.4,269,21.82,981.0,loc_vellore,12.9165,79.1325,ECMWF_ERA5_Reanalysis
2020-07-13,31.7,24.3,27.5,38.1,29.5,32.7,2.9,10.5,27.7,252,20.26,980.4,loc_vellore,12.9165,79.1325,ECMWF_ERA5_Reanalysis
2020-07-14,30.7,25.6,27.8,35.8,28.3,31.3,0.7,14.4,30.6,272,14.13,980.3,loc_vellore,12.9165,79.1325,ECMWF_ERA5_Reanalysis
2020-07-15,32.3,24.4,27.5,35.6,29.0,31.6,3.3,12.8,40.0,249,16.83,979.9,loc_vellore,12.9165,79.1325,ECMWF_ERA5_Reanalysis
2020-07-16,31.3,24.4,27.1,34.4,28.1,30.9,0.3,17.1,36.0,250,11.16,979.4,loc_vellore,12.9165,79.1325,ECMWF_ERA5_Reanalysis
2020-07-17,32.1,24.2,28.2,35.1,27.9,31.2,0.6,17.9,42.5,261,18.79,979.7,loc_vellore,12.9165,79.1325,ECMWF_ERA5_Reanalysis
2020-07-18,31.7,24.2,27.7,36.9,27.5,31.8,3.3,11.9,26.6,267,19.22,981.1,loc_vellore,12.9165,79.1325,ECMWF_ERA5_Reanalysis
2020-07-19,31.0,24.3,27.2,36.7,28.6,32.4,13.0,11.0,23.4,254,18.53,981.7,loc_vellore,12.9165,79.1325,ECMWF_ERA5_Reanalysis
2020-07-20,31.3,24.0,27.5,37.7,29.5,32.5,8.5,18.1,38.5,166,21.75,981.0,loc_vellore,12.9165,79.1325,ECMWF_ERA5_Reanalysis
2020-07-21,32.1,23.9,27.9,37.0,29.1,32.7,0.5,13.2,24.8,150,21.45,981.7,loc_vellore,12.9165,79.1325,ECMWF_ERA5_Reanalysis
2020-07-22,32.1,24.5,28.1,36.2,29.4,32.3,0.0,14.0,31.0,149,22.69,982.1,loc_vellore,12.9165,79.1325,ECMWF_ERA5_Reanalysis
2020-07-23,32.2,24.4,27.6,39.1,29.5,32.9,15.1,8.7,19.8,132,19.04,981.7,loc_vellore,12.9165,79.1325,ECMWF_ERA5_Reanalysis
2020-07-24,31.7,23.5,26.9,39.4,28.3,32.2,17.6,12.6,28.8,217,18.52,982.2,loc_vellore,12.9165,79.1325,ECMWF_ERA5_Reanalysis
2020-07-25,32.7,23.8,26.9,39.0,28.4,31.8,23.9,10.8,28.4,272,20.75,983.4,loc_vellore,12.9165,79.1325,ECMWF_ERA5_Reanalysis
2020-07-26,33.2,23.1,27.3,37.9,27.2,31.9,0.0,11.2,36.4,274,22.65,984.1,loc_vellore,12.9165,79.1325,ECMWF_ERA5_Reanalysis
2020-07-27,32.9,24.7,28.0,37.1,27.6,31.8,1.4,14.5,37.4,281,20.0,983.1,loc_vellore,12.9165,79.1325,ECMWF_ERA5_Reanalysis
2020-07-28,32.6,25.2,27.9,38.3,28.2,31.8,7.9,15.5,33.5,280,18.07,981.2,loc_vellore,12.9165,79.1325,ECMWF_ERA5_Reanalysis
2020-07-29,31.3,23.7,26.5,35.8,27.1,31.3,8.4,11.9,29.5,269,15.78,980.4,loc_vellore,12.9165,79.1325,ECMWF_ERA5_Reanalysis
2020-07-30,32.4,24.0,27.2,38.3,27.2,31.7,14.7,14.5,32.0,261,21.63,980.5,loc_vellore,12.9165,79.1325,ECMWF_ERA5_Reanalysis
2020-07-31,32.2,23.6,27.3,38.6,28.7,32.5,9.3,13.0,29.2,244,20.88,980.3,loc_vellore,12.9165,79.1325,ECMWF_ERA5_Reanalysis
2020-08-01,32.0,24.6,27.7,35.9,28.2,31.5,0.2,13.0,31.7,266,17.72,980.5,loc_vellore,12.9165,79.1325,ECMWF_ERA5_Reanalysis
2020-08-02,31.8,25.4,28.3,34.8,27.3,30.6,0.0,19.4,44.3,264,14.82,980.6,loc_vellore,12.9165,79.1325,ECMWF_ERA5_Reanalysis
2020-08-03,30.7,23.8,27.5,33.2,26.7,29.8,1.2,21.5,50.4,263,9.18,979.3,loc_vellore,12.9165,79.1325,ECMWF_ERA5_Reanalysis
2020-08-04,31.5,26.1,28.3,31.9,26.5,28.8,0.2,29.2,62.3,266,10.34,977.3,loc_vellore,12.9165,79.1325,ECMWF_ERA5_Reanalysis
2020-08-05,31.7,24.6,27.8,33.0,26.5,29.3,1.0,23.2,47.2,251,7.25,976.2,loc_vellore,12.9165,79.1325,ECMWF_ERA5_Reanalysis
2020-08-06,32.9,26.0,29.0,35.7,27.7,31.3,0.3,21.6,52.6,251,11.57,977.9,loc_vellore,12.9165,79.1325,ECMWF_ERA5_Reanalysis
2020-08-07,32.5,26.2,29.3,35.7,28.5,31.9,0.7,24.9,58.7,273,20.48,980.8,loc_vellore,12.9165,79.1325,ECMWF_ERA5_Reanalysis
2020-08-08,32.7,26.9,29.0,34.4,28.8,31.2,0.5,22.9,47.2,277,12.64,981.3,loc_vellore,12.9165,79.1325,ECMWF_ERA5_Reanalysis
2020-08-09,30.4,24.1,27.3,32.7,27.1,30.1,3.1,18.2,51.8,263,14.01,980.7,loc_vellore,12.9165,79.1325,ECMWF_ERA5_Reanalysis
2020-08-10,31.3,23.9,27.4,35.1,26.9,30.4,1.4,15.7,48.2,266,13.75,981.1,loc_vellore,12.9165,79.1325,ECMWF_ERA5_Reanalysis
2020-08-11,34.0,24.9,28.6,37.1,27.9,31.8,0.5,20.7,44.3,271,19.41,982.2,loc_vellore,12.9165,79.1325,ECMWF_ERA5_Reanalysis
2020-08-12,33.2,25.6,28.7,34.9,27.3,31.2,0.0,20.5,45.0,268,16.08,982.9,loc_vellore,12.9165,79.1325,ECMWF_ERA5_Reanalysis
2020-08-13,34.2,25.7,29.1,36.6,27.1,31.4,0.0,19.4,43.6,276,19.2,981.2,loc_vellore,12.9165,79.1325,ECMWF_ERA5_Reanalysis
2020-08-14,34.3,25.5,29.1,37.7,27.1,31.3,0.0,19.2,42.5,269,19.83,980.3,loc_vellore,12.9165,79.1325,ECMWF_ERA5_Reanalysis
2020-08-15,32.4,25.8,28.4,32.9,26.9,29.9,0.0,22.6,46.4,267,12.55,980.9,loc_vellore,12.9165,79.1325,ECMWF_ERA5_Reanalysis
2020-08-16,32.7,24.8,27.9,34.0,26.6,30.1,1.9,18.9,40.3,262,13.85,981.5,loc_vellore,12.9165,79.1325,ECMWF_ERA5_Reanalysis
2020-08-17,33.2,24.1,28.4,34.7,27.6,31.2,0.7,17.9,43.2,258,15.65,981.1,loc_vellore,12.9165,79.1325,ECMWF_ERA5_Reanalysis
2020-08-18,33.6,25.6,29.1,35.6,27.7,31.4,0.5,18.7,39.6,271,15.28,981.3,loc_vellore,12.9165,79.1325,ECMWF_ERA5_Reanalysis
2020-08-19,35.3,25.6,29.7,37.9,27.6,32.3,0.0,19.2,44.3,279,20.5,980.3,loc_vellore,12.9165,79.1325,ECMWF_ERA5_Reanalysis
2020-08-20,33.9,26.7,29.6,35.7,28.6,31.9,0.1,15.7,34.6,263,12.36,980.3,loc_vellore,12.9165,79.1325,ECMWF_ERA5_Reanalysis
2020-08-21,35.1,26.2,29.8,37.8,28.3,33.0,0.6,12.8,33.1,251,18.81,982.4,loc_vellore,12.9165,79.1325,ECMWF_ERA5_Reanalysis
2020-08-22,35.1,26.0,29.9,39.9,29.2,33.7,1.9,11.6,28.1,235,21.7,983.3,loc_vellore,12.9165,79.1325,ECMWF_ERA5_Reanalysis
2020-08-23,34.6,24.7,28.0,40.0,30.1,33.1,21.1,10.5,29.9,258,20.34,983.5,loc_vellore,12.9165,79.1325,ECMWF_ERA5_Reanalysis
2020-08-24,32.6,24.3,27.8,38.0,28.7,32.8,2.2,11.4,27.4,238,21.06,983.7,loc_vellore,12.9165,79.1325,ECMWF_ERA5_Reanalysis
2020-08-25,32.7,24.9,27.8,37.8,29.1,32.7,2.8,9.4,28.1,246,18.55,984.4,loc_vellore,12.9165,79.1325,ECMWF_ERA5_Reanalysis
2020-08-26,33.5,24.7,27.5,39.2,29.8,32.8,14.0,11.8,28.4,248,18.63,984.2,loc_vellore,12.9165,79.1325,ECMWF_ERA5_Reanalysis
2020-08-27,32.6,24.4,28.3,37.2,28.5,32.7,0.0,10.7,23.4,251,20.19,982.9,loc_vellore,12.9165,79.1325,ECMWF_ERA5_Reanalysis
2020-08-28,33.1,24.0,28.2,38.2,26.4,31.9,0.2,10.9,28.1,234,23.09,981.9,loc_vellore,12.9165,79.1325,ECMWF_ERA5_Reanalysis
2020-08-29,34.0,24.4,28.6,38.5,28.0,32.8,0.0,11.1,25.2,246,23.52,982.0,loc_vellore,12.9165,79.1325,ECMWF_ERA5_Reanalysis
2020-08-30,33.5,24.4,28.5,39.6,28.7,33.3,16.0,9.7,25.6,331,22.69,982.8,loc_vellore,12.9165,79.1325,ECMWF_ERA5_Reanalysis
2020-08-31,33.2,24.2,28.1,40.1,28.3,33.1,0.7,10.5,27.0,297,22.64,983.3,loc_vellore,12.9165,79.1325,ECMWF_ERA5_Reanalysis
2020-09-01,32.7,24.2,27.3,38.3,27.4,32.0,24.6,14.4,33.5,312,20.88,983.1,loc_vellore,12.9165,79.1325,ECMWF_ERA5_Reanalysis
2020-09-02,30.1,23.9,25.9,35.7,27.9,30.7,25.8,11.3,32.0,292,16.15,982.6,loc_vellore,12.9165,79.1325,ECMWF_ERA5_Reanalysis
2020-09-03,30.7,23.0,25.7,38.1,27.4,30.9,11.4,13.6,30.6,68,19.86,982.7,loc_vellore,12.9165,79.1325,ECMWF_ERA5_Reanalysis
2020-09-04,30.5,22.8,26.2,35.9,27.5,31.3,3.6,15.2,32.8,100,20.51,982.7,loc_vellore,12.9165,79.1325,ECMWF_ERA5_Reanalysis
2020-09-05,31.0,22.9,26.9,36.2,27.7,31.8,0.7,10.8,25.2,104,21.89,982.0,loc_vellore,12.9165,79.1325,ECMWF_ERA5_Reanalysis
2020-09-06,31.4,22.9,26.5,37.9,27.9,31.8,5.5,15.4,32.0,131,21.19,981.9,loc_vellore,12.9165,79.1325,ECMWF_ERA5_Reanalysis
2020-09-07,33.3,24.0,27.0,39.3,27.6,32.2,6.0,11.9,31.7,269,20.4,982.3,loc_vellore,12.9165,79.1325,ECMWF_ERA5_Reanalysis
2020-09-08,32.6,24.4,27.7,39.6,28.2,32.9,5.0,10.9,25.2,252,20.88,982.6,loc_vellore,12.9165,79.1325,ECMWF_ERA5_Reanalysis
2020-09-09,31.3,23.6,26.5,38.7,28.3,31.8,24.6,9.2,25.6,215,18.04,981.9,loc_vellore,12.9165,79.1325,ECMWF_ERA5_Reanalysis
2020-09-10,30.4,24.0,26.5,35.5,28.4,31.3,18.6,10.6,31.7,248,14.18,980.2,loc_vellore,12.9165,79.1325,ECMWF_ERA5_Reanalysis
2020-09-11,31.1,23.9,27.1,34.0,27.6,30.8,0.4,19.6,51.1,250,17.24,980.9,loc_vellore,12.9165,79.1325,ECMWF_ERA5_Reanalysis
2020-09-12,30.0,24.2,26.0,34.2,27.8,29.9,6.3,16.4,35.3,255,10.75,983.0,loc_vellore,12.9165,79.1325,ECMWF_ERA5_Reanalysis
2020-09-13,27.7,23.2,24.9,30.9,25.9,28.5,11.1,15.8,31.0,264,6.79,982.9,loc_vellore,12.9165,79.1325,ECMWF_ERA5_Reanalysis
2020-09-14,29.2,23.2,25.9,32.2,25.0,28.6,0.7,18.1,37.8,267,8.65,981.6,loc_vellore,12.9165,79.1325,ECMWF_ERA5_Reanalysis
2020-09-15,31.3,23.7,26.8,35.4,26.1,30.2,1.2,17.7,49.0,266,16.28,981.4,loc_vellore,12.9165,79.1325,ECMWF_ERA5_Reanalysis
2020-09-16,32.9,25.0,27.8,37.3,26.6,31.5,2.2,17.3,42.1,272,21.38,981.5,loc_vellore,12.9165,79.1325,ECMWF_ERA5_Reanalysis
2020-09-17,32.5,25.2,28.0,37.1,27.1,31.5,2.6,14.9,42.5,268,18.29,981.9,loc_vellore,12.9165,79.1325,ECMWF_ERA5_Reanalysis
2020-09-18,32.2,25.4,28.0,34.6,27.0,30.8,2.0,22.8,49.0,273,17.67,980.5,loc_vellore,12.9165,79.1325,ECMWF_ERA5_Reanalysis
2020-09-19,28.7,23.7,26.2,32.5,26.3,29.2,7.2,19.8,40.0,267,7.82,978.7,loc_vellore,12.9165,79.1325,ECMWF_ERA5_Reanalysis
2020-09-20,29.6,24.3,26.3,30.6,26.7,28.2,2.9,27.3,62.6,263,11.68,978.3,loc_vellore,12.9165,79.1325,ECMWF_ERA5_Reanalysis
2020-09-21,30.3,25.2,27.4,32.7,26.8,29.8,0.8,22.0,49.7,249,9.94,979.0,loc_vellore,12.9165,79.1325,ECMWF_ERA5_Reanalysis
2020-09-22,33.3,24.6,28.3,34.2,27.3,30.5,0.2,23.0,46.1,248,17.68,980.0,loc_vellore,12.9165,79.1325,ECMWF_ERA5_Reanalysis
2020-09-23,34.3,23.8,28.2,36.7,25.9,30.5,0.0,18.2,40.3,258,24.21,981.9,loc_vellore,12.9165,79.1325,ECMWF_ERA5_Reanalysis
2020-09-24,33.8,24.6,28.9,37.8,26.3,31.9,0.0,16.6,36.0,260,22.86,983.8,loc_vellore,12.9165,79.1325,ECMWF_ERA5_Reanalysis
2020-09-25,32.0,24.6,27.6,36.8,28.8,31.8,9.8,12.4,29.2,220,18.3,983.6,loc_vellore,12.9165,79.1325,ECMWF_ERA5_Reanalysis
2020-09-26,31.9,24.3,27.0,35.4,28.3,30.8,1.1,12.3,38.2,268,15.02,983.6,loc_vellore,12.9165,79.1325,ECMWF_ERA5_Reanalysis
2020-09-27,32.2,23.5,27.1,36.2,27.3,30.9,0.0,12.4,40.0,290,14.18,983.7,loc_vellore,12.9165,79.1325,ECMWF_ERA5_Reanalysis
2020-09-28,32.8,24.1,27.4,36.8,27.2,31.4,3.2,12.6,30.6,277,18.95,983.2,loc_vellore,12.9165,79.1325,ECMWF_ERA5_Reanalysis
2020-09-29,32.3,23.5,26.5,38.0,26.0,30.4,19.8,14.5,33.1,280,19.96,982.3,loc_vellore,12.9165,79.1325,ECMWF_ERA5_Reanalysis
2020-09-30,27.6,23.4,25.3,32.5,26.1,29.2,7.4,14.8,30.6,275,7.46,981.5,loc_vellore,12.9165,79.1325,ECMWF_ERA5_Reanalysis
2020-10-01,31.4,24.0,27.0,35.3,26.4,30.0,0.1,17.1,39.2,294,18.48,981.7,loc_vellore,12.9165,79.1325,ECMWF_ERA5_Reanalysis
2020-10-02,32.8,24.5,28.5,37.1,26.8,31.7,0.3,15.2,32.8,284,21.83,981.8,loc_vellore,12.9165,79.1325,ECMWF_ERA5_Reanalysis
2020-10-03,33.1,24.9,28.5,36.5,27.1,31.3,0.3,18.4,38.5,271,19.43,982.2,loc_vellore,12.9165,79.1325,ECMWF_ERA5_Reanalysis
2020-10-04,33.1,25.2,28.3,35.3,26.1,30.1,0.0,20.9,40.7,278,16.82,983.2,loc_vellore,12.9165,79.1325,ECMWF_ERA5_Reanalysis
2020-10-05,33.2,25.5,28.6,35.8,26.3,31.0,0.5,19.6,38.2,286,20.12,982.6,loc_vellore,12.9165,79.1325,ECMWF_ERA5_Reanalysis
2020-10-06,33.7,24.8,29.2,37.9,26.9,32.4,0.5,15.2,31.7,292,22.01,982.3,loc_vellore,12.9165,79.1325,ECMWF_ERA5_Reanalysis
2020-10-07,34.1,24.6,29.2,38.2,28.2,32.8,0.5,15.8,33.8,293,21.33,982.8,loc_vellore,12.9165,79.1325,ECMWF_ERA5_Reanalysis
2020-10-08,33.9,23.9,28.9,38.3,28.7,33.1,3.5,13.1,24.8,269,22.31,982.9,loc_vellore,12.9165,79.1325,ECMWF_ERA5_Reanalysis
2020-10-09,33.2,24.5,27.8,39.6,30.1,33.3,6.1,10.4,28.4,257,21.54,983.1,loc_vellore,12.9165,79.1325,ECMWF_ERA5_Reanalysis
2020-10-10,31.4,23.9,26.7,37.0,28.0,31.4,15.2,10.5,24.1,296,16.83,982.4,loc_vellore,12.9165,79.1325,ECMWF_ERA5_Reanalysis
2020-10-11,30.4,23.6,26.4,33.5,26.6,29.8,1.8,18.4,45.7,279,12.14,980.4,loc_vellore,12.9165,79.1325,ECMWF_ERA5_Reanalysis
2020-10-12,31.4,24.3,27.1,35.0,27.3,30.4,0.9,15.1,40.3,271,16.75,978.7,loc_vellore,12.9165,79.1325,ECMWF_ERA5_Reanalysis
2020-10-13,31.9,24.5,27.8,33.0,26.9,29.6,0.0,23.8,53.6,266,16.7,977.2,loc_vellore,12.9165,79.1325,ECMWF_ERA5_Reanalysis
2020-10-14,32.6,25.0,28.2,34.0,24.5,29.1,0.0,24.5,52.2,259,18.82,978.7,loc_vellore,12.9165,79.1325,ECMWF_ERA5_Reanalysis
2020-10-15,33.3,24.5,28.4,36.2,26.1,30.7,0.1,15.8,35.6,246,22.23,979.9,loc_vellore,12.9165,79.1325,ECMWF_ERA5_Reanalysis
2020-10-16,33.3,23.8,28.0,36.9,26.3,31.5,0.5,12.6,29.9,288,20.08,980.4,loc_vellore,12.9165,79.1325,ECMWF_ERA5_Reanalysis
2020-10-17,31.5,24.0,26.9,36.4,29.2,32.3,10.7,9.2,24.1,44,15.13,981.8,loc_vellore,12.9165,79.1325,ECMWF_ERA5_Reanalysis
2020-10-18,31.1,23.9,26.5,35.4,29.0,31.2,2.5,11.9,29.5,297,13.47,982.5,loc_vellore,12.9165,79.1325,ECMWF_ERA5_Reanalysis
2020-10-19,31.3,23.9,26.5,37.2,27.7,31.4,9.5,11.5,30.2,291,17.11,982.1,loc_vellore,12.9165,79.1325,ECMWF_ERA5_Reanalysis
2020-10-20,30.2,24.2,26.1,34.6,28.3,30.9,9.1,11.6,28.4,284,10.76,981.4,loc_vellore,12.9165,79.1325,ECMWF_ERA5_Reanalysis
2020-10-21,30.6,23.5,25.8,35.3,27.6,30.3,8.4,13.6,30.2,284,14.23,982.0,loc_vellore,12.9165,79.1325,ECMWF_ERA5_Reanalysis
2020-10-22,31.5,23.7,26.4,37.3,27.2,30.8,14.3,15.1,30.6,284,19.3,981.8,loc_vellore,12.9165,79.1325,ECMWF_ERA5_Reanalysis
2020-10-23,31.3,23.4,26.2,35.4,26.6,30.3,12.5,15.4,28.4,281,14.76,982.4,loc_vellore,12.9165,79.1325,ECMWF_ERA5_Reanalysis
2020-10-24,31.4,22.6,26.4,36.6,23.4,29.7,0.1,18.0,34.6,273,19.36,983.8,loc_vellore,12.9165,79.1325,ECMWF_ERA5_Reanalysis
2020-10-25,31.4,23.6,26.9,35.6,25.6,30.4,0.1,12.1,28.1,17,19.17,985.1,loc_vellore,12.9165,79.1325,ECMWF_ERA5_Reanalysis
2020-10-26,31.2,22.3,26.4,35.0,26.7,30.4,0.0,11.3,25.9,39,21.54,985.9,loc_vellore,12.9165,79.1325,ECMWF_ERA5_Reanalysis
2020-10-27,30.4,21.5,25.6,33.4,24.6,29.3,1.1,13.3,37.1,5,19.29,985.5,loc_vellore,12.9165,79.1325,ECMWF_ERA5_Reanalysis
2020-10-28,30.2,21.8,25.3,32.4,25.2,28.3,0.6,19.9,42.1,18,18.28,986.1,loc_vellore,12.9165,79.1325,ECMWF_ERA5_Reanalysis
2020-10-29,27.9,21.4,24.3,29.3,23.3,26.0,0.2,20.6,43.6,358,14.91,986.6,loc_vellore,12.9165,79.1325,ECMWF_ERA5_Reanalysis
2020-10-30,30.5,21.0,25.7,32.7,22.3,27.8,0.0,12.6,28.4,46,18.19,985.8,loc_vellore,12.9165,79.1325,ECMWF_ERA5_Reanalysis
2020-10-31,31.9,21.7,26.5,34.9,24.4,29.3,0.1,12.0,29.2,44,21.23,985.8,loc_vellore,12.9165,79.1325,ECMWF_ERA5_Reanalysis
2020-11-01,32.4,21.3,26.7,36.9,24.1,30.0,0.0,10.5,23.0,87,22.14,986.5,loc_vellore,12.9165,79.1325,ECMWF_ERA5_Reanalysis
2020-11-02,32.9,22.5,27.2,36.2,26.6,30.7,0.0,14.0,30.2,68,21.28,987.2,loc_vellore,12.9165,79.1325,ECMWF_ERA5_Reanalysis
2020-11-03,31.5,22.7,27.0,34.5,26.9,30.6,0.7,13.1,31.7,60,19.35,987.3,loc_vellore,12.9165,79.1325,ECMWF_ERA5_Reanalysis
2020-11-04,31.3,22.9,26.2,35.7,27.6,30.8,3.7,13.9,31.7,38,16.78,987.0,loc_vellore,12.9165,79.1325,ECMWF_ERA5_Reanalysis
2020-11-05,31.3,23.0,26.0,35.6,27.6,30.4,7.3,12.4,31.3,60,17.79,987.4,loc_vellore,12.9165,79.1325,ECMWF_ERA5_Reanalysis
2020-11-06,29.8,23.0,26.0,34.2,27.7,30.3,5.2,15.2,33.5,67,16.17,988.8,loc_vellore,12.9165,79.1325,ECMWF_ERA5_Reanalysis
2020-11-07,28.8,23.5,25.5,33.1,27.9,29.7,3.4,15.9,37.1,49,14.48,989.5,loc_vellore,12.9165,79.1325,ECMWF_ERA5_Reanalysis
2020-11-08,29.3,22.7,25.1,32.2,27.0,28.9,4.8,19.3,45.0,50,17.19,989.7,loc_vellore,12.9165,79.1325,ECMWF_ERA5_Reanalysis
2020-11-09,30.0,20.4,25.0,32.3,23.0,27.6,0.2,15.0,33.8,31,19.0,988.5,loc_vellore,12.9165,79.1325,ECMWF_ERA5_Reanalysis
2020-11-10,29.5,18.4,23.5,31.4,20.1,25.4,0.0,13.5,32.4,28,20.87,986.7,loc_vellore,12.9165,79.1325,ECMWF_ERA5_Reanalysis
2020-11-11,29.9,19.1,24.9,31.5,20.9,26.9,0.8,19.0,41.0,19,15.7,986.3,loc_vellore,12.9165,79.1325,ECMWF_ERA5_Reanalysis
2020-11-12,29.8,23.0,25.1,34.1,27.1,29.0,15.2,15.5,38.5,60,14.91,987.3,loc_vellore,12.9165,79.1325,ECMWF_ERA5_Reanalysis
2020-11-13,27.3,22.9,24.3,31.7,27.2,28.6,19.5,14.3,34.2,55,9.14,987.4,loc_vellore,12.9165,79.1325,ECMWF_ERA5_Reanalysis
2020-11-14,29.2,22.9,25.4,33.0,26.9,29.2,1.7,18.7,41.8,50,16.32,986.3,loc_vellore,12.9165,79.1325,ECMWF_ERA5_Reanalysis
2020-11-15,27.2,22.7,24.1,30.8,26.7,28.0,16.6,15.0,38.2,59,6.9,985.6,loc_vellore,12.9165,79.1325,ECMWF_ERA5_Reanalysis
2020-11-16,24.9,22.6,23.4,29.5,26.6,27.5,25.2,16.4,40.0,71,5.48,986.9,loc_vellore,12.9165,79.1325,ECMWF_ERA5_Reanalysis
2020-11-17,27.0,22.3,24.2,30.1,26.4,28.0,10.4,15.9,36.7,65,8.06,986.5,loc_vellore,12.9165,79.1325,ECMWF_ERA5_Reanalysis
2020-11-18,28.8,22.1,24.7,32.3,26.1,28.8,3.6,15.7,32.4,90,15.24,986.8,loc_vellore,12.9165,79.1325,ECMWF_ERA5_Reanalysis
2020-11-19,28.4,22.2,24.8,32.5,25.9,29.3,0.9,13.3,32.8,80,14.25,987.2,loc_vellore,12.9165,79.1325,ECMWF_ERA5_Reanalysis
2020-11-20,29.0,21.0,24.5,32.1,24.5,27.9,0.0,10.9,25.9,65,17.87,987.7,loc_vellore,12.9165,79.1325,ECMWF_ERA5_Reanalysis
2020-11-21,29.5,18.5,23.4,30.4,20.0,25.2,0.0,11.2,26.6,22,21.92,988.0,loc_vellore,12.9165,79.1325,ECMWF_ERA5_Reanalysis
2020-11-22,29.4,17.3,22.9,31.3,17.7,24.6,0.0,13.3,30.6,20,21.3,988.2,loc_vellore,12.9165,79.1325,ECMWF_ERA5_Reanalysis
2020-11-23,28.6,18.4,23.9,30.8,20.3,26.6,0.2,15.7,34.9,23,13.39,987.9,loc_vellore,12.9165,79.1325,ECMWF_ERA5_Reanalysis
2020-11-24,27.8,22.4,24.6,28.8,25.6,26.9,2.9,21.1,47.2,17,12.6,986.6,loc_vellore,12.9165,79.1325,ECMWF_ERA5_Reanalysis
2020-11-25,24.6,22.6,23.2,26.4,24.0,25.1,43.0,24.0,64.4,346,5.52,983.4,loc_vellore,12.9165,79.1325,ECMWF_ERA5_Reanalysis
2020-11-26,23.4,21.7,22.8,24.6,21.9,23.2,165.0,39.9,78.8,292,2.45,977.9,loc_vellore,12.9165,79.1325,ECMWF_ERA5_Reanalysis
2020-11-27,26.6,21.2,23.2,28.0,22.2,24.9,1.5,22.4,43.6,279,10.25,985.3,loc_vellore,12.9165,79.1325,ECMWF_ERA5_Reanalysis
2020-11-28,27.9,19.1,23.4,30.9,21.6,26.8,2.5,12.6,27.4,70,15.99,988.3,loc_vellore,12.9165,79.1325,ECMWF_ERA5_Reanalysis
2020-11-29,27.6,22.0,24.1,30.5,25.9,27.6,3.0,15.0,32.8,51,14.95,988.9,loc_vellore,12.9165,79.1325,ECMWF_ERA5_Reanalysis
2020-11-30,27.8,21.6,24.2,30.3,24.7,27.3,2.8,16.6,36.0,35,15.51,988.9,loc_vellore,12.9165,79.1325,ECMWF_ERA5_Reanalysis
2020-12-01,27.9,19.9,23.6,28.9,22.6,25.7,0.0,16.0,34.9,26,15.84,989.0,loc_vellore,12.9165,79.1325,ECMWF_ERA5_Reanalysis
2020-12-02,27.1,20.5,23.6,28.5,22.3,25.6,3.2,18.1,38.5,12,10.1,987.2,loc_vellore,12.9165,79.1325,ECMWF_ERA5_Reanalysis
2020-12-03,23.8,21.2,22.5,27.9,23.4,25.4,33.7,20.0,40.0,20,4.08,985.5,loc_vellore,12.9165,79.1325,ECMWF_ERA5_Reanalysis
2020-12-04,24.0,22.1,22.8,26.7,25.1,26.0,23.3,19.1,42.8,35,4.08,985.1,loc_vellore,12.9165,79.1325,ECMWF_ERA5_Reanalysis
2020-12-05,27.0,22.1,23.6,29.1,25.4,26.9,8.3,20.1,45.0,32,9.54,985.6,loc_vellore,12.9165,79.1325,ECMWF_ERA5_Reanalysis
2020-12-06,26.4,22.2,23.7,30.3,25.3,27.0,13.3,16.2,35.6,55,9.66,987.2,loc_vellore,12.9165,79.1325,ECMWF_ERA5_Reanalysis
2020-12-07,26.3,22.2,23.4,30.7,25.6,27.0,18.2,16.6,38.5,64,8.06,988.8,loc_vellore,12.9165,79.1325,ECMWF_ERA5_Reanalysis
2020-12-08,26.6,22.2,23.6,31.4,25.9,27.5,19.5,17.1,40.3,73,10.54,989.4,loc_vellore,12.9165,79.1325,ECMWF_ERA5_Reanalysis
2020-12-09,27.2,20.1,23.4,31.3,22.9,27.0,6.5,17.0,36.7,67,12.9,988.9,loc_vellore,12.9165,79.1325,ECMWF_ERA5_Reanalysis
2020-12-10,27.2,20.0,23.0,29.6,22.5,25.8,0.0,10.7,25.2,65,17.54,988.9,loc_vellore,12.9165,79.1325,ECMWF_ERA5_Reanalysis
2020-12-11,27.3,18.2,22.2,30.9,20.4,24.8,0.0,9.2,21.6,29,19.3,988.8,loc_vellore,12.9165,79.1325,ECMWF_ERA5_Reanalysis
2020-12-12,27.1,17.8,22.1,29.4,19.5,24.2,0.0,9.3,22.3,47,16.64,988.4,loc_vellore,12.9165,79.1325,ECMWF_ERA5_Reanalysis
2020-12-13,27.4,17.7,22.2,30.9,19.4,24.6,0.0,8.0,16.9,28,19.12,987.6,loc_vellore,12.9165,79.1325,ECMWF_ERA5_Reanalysis
2020-12-14,27.3,18.9,22.8,29.1,20.7,25.2,0.0,10.0,20.9,75,16.13,987.7,loc_vellore,12.9165,79.1325,ECMWF_ERA5_Reanalysis
2020-12-15,27.1,17.6,22.4,28.4,19.3,24.5,0.2,16.9,36.0,37,13.73,988.7,loc_vellore,12.9165,79.1325,ECMWF_ERA5_Reanalysis
2020-12-16,26.2,20.5,23.1,29.5,23.4,26.3,5.1,17.7,36.0,45,10.18,989.3,loc_vellore,12.9165,79.1325,ECMWF_ERA5_Reanalysis
2020-12-17,26.0,21.9,23.6,28.9,25.5,26.8,3.7,14.1,29.5,53,7.37,989.3,loc_vellore,12.9165,79.1325,ECMWF_ERA5_Reanalysis
2020-12-18,27.3,20.7,23.7,28.9,23.8,26.5,0.3,15.0,32.8,33,13.43,989.0,loc_vellore,12.9165,79.1325,ECMWF_ERA5_Reanalysis
2020-12-19,27.3,20.3,23.5,29.2,23.3,26.1,0.9,14.5,32.8,50,14.3,989.8,loc_vellore,12.9165,79.1325,ECMWF_ERA5_Reanalysis
2020-12-20,27.1,19.0,22.9,27.5,21.1,24.9,1.8,17.1,37.1,54,15.02,990.0,loc_vellore,12.9165,79.1325,ECMWF_ERA5_Reanalysis
2020-12-21,26.4,17.9,21.6,27.0,19.4,22.8,0.0,15.2,33.5,43,17.76,989.3,loc_vellore,12.9165,79.1325,ECMWF_ERA5_Reanalysis
2020-12-22,26.4,17.3,21.4,28.6,18.6,22.9,0.0,11.4,25.9,44,18.98,988.5,loc_vellore,12.9165,79.1325,ECMWF_ERA5_Reanalysis
2020-12-23,26.7,17.2,21.9,28.8,18.7,23.5,0.0,9.8,24.8,47,17.94,987.7,loc_vellore,12.9165,79.1325,ECMWF_ERA5_Reanalysis
2020-12-24,27.0,17.6,22.0,29.1,19.4,23.7,0.0,11.5,27.7,49,19.16,986.8,loc_vellore,12.9165,79.1325,ECMWF_ERA5_Reanalysis
2020-12-25,27.1,16.9,21.7,29.7,18.2,23.3,0.0,14.0,27.0,39,18.75,987.7,loc_vellore,12.9165,79.1325,ECMWF_ERA5_Reanalysis
2020-12-26,27.0,16.5,21.4,28.2,17.4,22.8,0.0,12.1,28.4,20,17.24,988.5,loc_vellore,12.9165,79.1325,ECMWF_ERA5_Reanalysis
2020-12-27,27.9,17.9,22.3,30.4,19.5,24.2,0.0,12.8,28.8,28,19.26,987.8,loc_vellore,12.9165,79.1325,ECMWF_ERA5_Reanalysis
2020-12-28,27.2,17.6,21.9,29.3,19.3,23.8,0.0,10.7,25.9,27,19.5,987.6,loc_vellore,12.9165,79.1325,ECMWF_ERA5_Reanalysis
2020-12-29,26.0,18.9,22.4,28.0,21.2,24.8,0.2,13.2,28.8,40,8.76,987.4,loc_vellore,12.9165,79.1325,ECMWF_ERA5_Reanalysis
2020-12-30,27.5,19.6,23.4,28.7,22.2,25.8,0.3,17.3,37.4,47,12.41,987.5,loc_vellore,12.9165,79.1325,ECMWF_ERA5_Reanalysis
2020-12-31,26.9,20.5,23.3,28.0,23.2,25.4,8.4,18.4,37.8,51,9.81,988.1,loc_vellore,12.9165,79.1325,ECMWF_ERA5_Reanalysis
2021-01-01,26.2,19.1,22.3,26.6,21.4,24.0,0.6,16.9,34.9,46,12.14,988.8,loc_vellore,12.9165,79.1325,ECMWF_ERA5_Reanalysis
2021-01-02,25.8,18.5,21.6,27.0,20.3,23.9,9.8,14.8,32.8,31,7.93,988.5,loc_vellore,12.9165,79.1325,ECMWF_ERA5_Reanalysis
2021-01-03,27.2,20.1,23.1,29.0,23.0,25.7,0.5,15.6,32.8,58,11.94,987.0,loc_vellore,12.9165,79.1325,ECMWF_ERA5_Reanalysis
2021-01-04,26.5,20.7,23.1,28.4,23.7,25.8,2.4,14.2,31.3,65,11.36,987.3,loc_vellore,12.9165,79.1325,ECMWF_ERA5_Reanalysis
2021-01-05,25.2,20.9,22.9,29.6,24.5,26.4,9.3,14.8,31.7,62,7.23,987.7,loc_vellore,12.9165,79.1325,ECMWF_ERA5_Reanalysis
2021-01-06,26.3,22.1,23.3,30.4,26.2,27.3,24.6,14.2,32.8,83,8.3,986.7,loc_vellore,12.9165,79.1325,ECMWF_ERA5_Reanalysis
2021-01-07,26.6,21.4,23.4,29.4,25.2,27.1,5.6,14.0,30.2,64,7.53,985.7,loc_vellore,12.9165,79.1325,ECMWF_ERA5_Reanalysis
2021-01-08,27.8,22.0,23.9,31.8,26.1,27.8,6.7,11.7,25.9,81,12.99,985.1,loc_vellore,12.9165,79.1325,ECMWF_ERA5_Reanalysis
2021-01-09,27.5,21.6,23.9,30.6,25.8,27.6,1.9,12.2,29.2,68,14.19,985.9,loc_vellore,12.9165,79.1325,ECMWF_ERA5_Reanalysis
2021-01-10,27.3,21.7,24.1,30.3,25.6,27.5,0.4,12.1,26.6,46,10.41,986.3,loc_vellore,12.9165,79.1325,ECMWF_ERA5_Reanalysis
2021-01-11,26.9,21.0,23.8,29.8,24.4,27.3,1.0,11.3,25.2,33,9.4,987.2,loc_vellore,12.9165,79.1325,ECMWF_ERA5_Reanalysis
2021-01-12,27.6,20.2,23.4,28.7,22.9,25.9,0.0,17.9,36.4,42,12.53,987.4,loc_vellore,12.9165,79.1325,ECMWF_ERA5_Reanalysis
2021-01-13,27.8,19.3,23.0,28.8,21.4,25.2,0.0,15.5,33.5,47,15.07,987.3,loc_vellore,12.9165,79.1325,ECMWF_ERA5_Reanalysis
2021-01-14,27.0,18.4,22.6,30.3,20.6,25.3,3.4,15.9,37.8,53,13.78,987.0,loc_vellore,12.9165,79.1325,ECMWF_ERA5_Reanalysis
2021-01-15,27.7,19.6,23.4,29.8,22.6,26.0,0.0,13.0,29.5,65,15.48,986.8,loc_vellore,12.9165,79.1325,ECMWF_ERA5_Reanalysis
2021-01-16,27.9,18.7,22.9,31.1,21.3,25.6,0.0,10.8,23.8,79,20.67,986.2,loc_vellore,12.9165,79.1325,ECMWF_ERA5_Reanalysis
2021-01-17,27.0,18.8,22.3,30.0,20.5,24.9,0.0,11.5,25.2,66,20.18,987.3,loc_vellore,12.9165,79.1325,ECMWF_ERA5_Reanalysis
2021-01-18,26.8,17.7,21.9,28.3,19.5,23.6,0.0,15.0,33.5,61,16.13,988.2,loc_vellore,12.9165,79.1325,ECMWF_ERA5_Reanalysis
2021-01-19,27.4,18.0,22.3,28.6,19.8,24.3,0.1,10.0,24.1,39,16.24,987.7,loc_vellore,12.9165,79.1325,ECMWF_ERA5_Reanalysis
2021-01-20,29.0,18.1,23.2,32.1,19.8,25.8,0.0,11.6,24.5,52,18.6,988.0,loc_vellore,12.9165,79.1325,ECMWF_ERA5_Reanalysis
2021-01-21,29.7,19.5,24.2,33.9,22.4,27.7,0.4,12.7,23.8,139,17.91,987.4,loc_vellore,12.9165,79.1325,ECMWF_ERA5_Reanalysis
2021-01-22,29.8,21.9,25.1,33.4,25.8,28.7,0.7,13.1,24.8,96,20.06,987.4,loc_vellore,12.9165,79.1325,ECMWF_ERA5_Reanalysis
2021-01-23,28.3,20.0,23.9,31.3,22.6,26.9,0.1,11.5,25.9,106,17.65,987.9,loc_vellore,12.9165,79.1325,ECMWF_ERA5_Reanalysis
2021-01-24,28.4,19.0,23.2,31.4,21.9,25.9,0.0,8.9,19.8,134,21.1,988.5,loc_vellore,12.9165,79.1325,ECMWF_ERA5_Reanalysis
2021-01-25,28.3,18.4,23.4,31.5,20.9,26.2,0.0,11.2,26.6,112,18.48,988.9,loc_vellore,12.9165,79.1325,ECMWF_ERA5_Reanalysis
2021-01-26,28.9,19.1,23.1,30.9,21.2,25.2,0.0,11.6,26.3,74,21.69,988.4,loc_vellore,12.9165,79.1325,ECMWF_ERA5_Reanalysis
2021-01-27,28.2,17.2,22.5,30.9,18.8,24.3,0.0,12.3,28.8,118,21.09,988.7,loc_vellore,12.9165,79.1325,ECMWF_ERA5_Reanalysis
2021-01-28,28.0,17.6,22.8,29.2,19.3,24.5,0.1,14.9,32.4,74,16.81,989.0,loc_vellore,12.9165,79.1325,ECMWF_ERA5_Reanalysis
2021-01-29,28.7,18.8,23.6,30.3,21.1,25.9,0.0,14.8,33.5,70,17.46,989.2,loc_vellore,12.9165,79.1325,ECMWF_ERA5_Reanalysis
2021-01-30,29.0,19.5,24.0,31.2,22.2,26.5,0.0,12.0,28.4,77,19.83,988.6,loc_vellore,12.9165,79.1325,ECMWF_ERA5_Reanalysis
2021-01-31,29.6,19.1,24.2,32.0,21.9,26.7,0.0,12.5,28.8,88,19.8,989.0,loc_vellore,12.9165,79.1325,ECMWF_ERA5_Reanalysis
2021-02-01,29.7,20.5,24.1,31.7,23.9,26.4,0.1,15.2,31.3,67,20.87,990.8,loc_vellore,12.9165,79.1325,ECMWF_ERA5_Reanalysis
2021-02-02,29.0,18.8,23.9,30.6,21.2,26.0,0.0,14.9,32.8,68,19.72,990.9,loc_vellore,12.9165,79.1325,ECMWF_ERA5_Reanalysis
2021-02-03,28.7,19.7,23.6,30.2,21.8,25.4,0.1,15.1,32.4,66,18.96,990.5,loc_vellore,12.9165,79.1325,ECMWF_ERA5_Reanalysis
2021-02-04,28.5,18.0,22.8,30.1,20.1,24.4,0.0,14.4,32.0,78,19.6,990.3,loc_vellore,12.9165,79.1325,ECMWF_ERA5_Reanalysis
2021-02-05,29.1,16.9,22.6,30.8,18.4,24.0,0.0,15.9,32.0,69,22.38,989.3,loc_vellore,12.9165,79.1325,ECMWF_ERA5_Reanalysis
2021-02-06,29.7,16.7,22.7,30.9,18.1,24.0,0.0,15.1,31.7,71,22.98,988.3,loc_vellore,12.9165,79.1325,ECMWF_ERA5_Reanalysis
2021-02-07,30.1,17.0,22.9,29.8,18.1,23.6,0.0,15.5,34.2,66,23.57,988.7,loc_vellore,12.9165,79.1325,ECMWF_ERA5_Reanalysis
2021-02-08,29.4,17.1,22.9,30.2,18.7,24.0,0.0,17.0,36.7,70,22.76,989.6,loc_vellore,12.9165,79.1325,ECMWF_ERA5_Reanalysis
2021-02-09,28.8,18.3,22.9,29.3,20.3,24.0,0.1,15.0,32.4,71,20.13,989.0,loc_vellore,12.9165,79.1325,ECMWF_ERA5_Reanalysis
2021-02-10,29.1,16.0,22.3,30.4,17.2,23.6,0.0,12.7,30.2,116,23.66,988.1,loc_vellore,12.9165,79.1325,ECMWF_ERA5_Reanalysis
2021-02-11,29.3,16.5,22.4,30.5,18.0,23.5,0.0,13.4,30.6,115,23.31,987.6,loc_vellore,12.9165,79.1325,ECMWF_ERA5_Reanalysis
2021-02-12,29.2,15.0,22.1,30.9,15.5,22.9,0.0,13.8,29.2,113,23.8,988.2,loc_vellore,12.9165,79.1325,ECMWF_ERA5_Reanalysis
2021-02-13,29.5,15.7,22.6,31.1,16.5,23.7,0.0,13.0,28.8,105,23.36,989.0,loc_vellore,12.9165,79.1325,ECMWF_ERA5_Reanalysis
2021-02-14,30.2,18.1,23.7,32.6,20.2,25.5,0.0,16.7,34.6,112,22.11,988.9,loc_vellore,12.9165,79.1325,ECMWF_ERA5_Reanalysis
2021-02-15,32.7,17.5,24.4,33.8,19.1,25.8,0.0,14.1,33.5,96,23.97,987.6,loc_vellore,12.9165,79.1325,ECMWF_ERA5_Reanalysis
2021-02-16,31.2,19.2,24.4,32.7,21.4,26.4,0.0,13.4,31.0,126,23.28,987.5,loc_vellore,12.9165,79.1325,ECMWF_ERA5_Reanalysis
2021-02-17,30.3,19.7,24.1,31.7,22.5,26.0,0.0,18.5,37.1,107,23.19,987.3,loc_vellore,12.9165,79.1325,ECMWF_ERA5_Reanalysis
2021-02-18,30.0,19.4,24.4,31.7,22.0,26.0,0.3,20.4,40.7,92,19.83,988.4,loc_vellore,12.9165,79.1325,ECMWF_ERA5_Reanalysis
2021-02-19,29.7,19.3,23.9,31.7,21.1,25.7,3.3,16.0,36.0,61,17.76,988.9,loc_vellore,12.9165,79.1325,ECMWF_ERA5_Reanalysis
2021-02-20,28.3,21.0,23.7,30.2,23.6,25.7,3.6,18.4,38.9,55,13.14,988.5,loc_vellore,12.9165,79.1325,ECMWF_ERA5_Reanalysis
2021-02-21,25.5,20.1,22.2,27.8,22.6,24.8,9.5,17.0,41.0,74,10.69,989.2,loc_vellore,12.9165,79.1325,ECMWF_ERA5_Reanalysis
2021-02-22,29.0,19.4,24.1,32.0,21.9,26.9,0.8,11.4,28.8,60,16.9,989.5,loc_vellore,12.9165,79.1325,ECMWF_ERA5_Reanalysis
2021-02-23,30.8,20.4,24.9,33.9,23.7,27.7,0.0,12.2,28.1,97,22.81,988.2,loc_vellore,12.9165,79.1325,ECMWF_ERA5_Reanalysis
2021-02-24,31.1,20.4,25.0,33.2,22.4,27.4,0.0,11.6,27.0,130,24.04,987.5,loc_vellore,12.9165,79.1325,ECMWF_ERA5_Reanalysis
2021-02-25,31.7,17.5,24.3,34.0,19.6,26.4,0.0,10.2,22.3,133,24.25,987.1,loc_vellore,12.9165,79.1325,ECMWF_ERA5_Reanalysis
2021-02-26,32.9,18.2,25.3,35.5,20.1,27.3,0.0,10.7,25.6,159,24.51,985.6,loc_vellore,12.9165,79.1325,ECMWF_ERA5_Reanalysis
2021-02-27,33.1,18.3,25.6,35.5,20.2,27.4,0.0,10.8,25.2,151,24.75,984.7,loc_vellore,12.9165,79.1325,ECMWF_ERA5_Reanalysis
2021-02-28,32.9,18.1,25.0,34.4,20.0,26.5,0.0,13.8,32.4,143,25.0,985.4,loc_vellore,12.9165,79.1325,ECMWF_ERA5_Reanalysis
2021-03-01,33.3,16.4,24.9,34.0,17.3,25.9,0.0,12.7,30.6,152,25.35,988.1,loc_vellore,12.9165,79.1325,ECMWF_ERA5_Reanalysis
2021-03-02,33.2,16.9,24.9,34.0,17.4,25.8,0.0,12.1,29.9,147,25.06,988.4,loc_vellore,12.9165,79.1325,ECMWF_ERA5_Reanalysis
2021-03-03,33.2,17.1,25.1,33.4,17.4,25.4,0.0,15.4,33.1,136,25.26,987.4,loc_vellore,12.9165,79.1325,ECMWF_ERA5_Reanalysis
2021-03-04,31.4,17.0,24.1,33.0,18.4,25.4,0.0,13.4,32.8,128,25.17,987.9,loc_vellore,12.9165,79.1325,ECMWF_ERA5_Reanalysis
2021-03-05,31.9,17.0,24.4,34.4,18.6,26.3,0.0,15.1,29.2,141,25.18,988.7,loc_vellore,12.9165,79.1325,ECMWF_ERA5_Reanalysis
2021-03-06,34.1,18.7,25.8,36.7,21.3,28.2,0.0,13.7,29.9,136,25.33,988.4,loc_vellore,12.9165,79.1325,ECMWF_ERA5_Reanalysis
2021-03-07,33.6,18.5,25.8,35.8,20.7,28.1,0.0,12.5,28.1,136,25.24,987.6,loc_vellore,12.9165,79.1325,ECMWF_ERA5_Reanalysis
2021-03-08,33.1,20.9,26.6,35.5,24.4,29.1,0.0,12.6,29.5,123,25.04,988.2,loc_vellore,12.9165,79.1325,ECMWF_ERA5_Reanalysis
2021-03-09,32.9,21.0,26.4,35.7,24.0,29.1,0.0,14.7,33.5,110,23.58,988.8,loc_vellore,12.9165,79.1325,ECMWF_ERA5_Reanalysis
2021-03-10,33.4,22.5,27.2,36.0,26.5,30.2,0.1,14.8,31.0,122,22.15,988.6,loc_vellore,12.9165,79.1325,ECMWF_ERA5_Reanalysis
2021-03-11,32.9,22.9,27.1,35.2,25.3,29.6,0.1,15.3,31.7,143,23.28,988.5,loc_vellore,12.9165,79.1325,ECMWF_ERA5_Reanalysis
2021-03-12,33.0,17.7,25.6,33.7,19.5,27.0,0.0,13.8,32.0,127,25.87,989.5,loc_vellore,12.9165,79.1325,ECMWF_ERA5_Reanalysis
2021-03-13,33.4,17.9,25.5,34.6,19.8,26.8,0.0,13.5,33.1,125,25.59,989.0,loc_vellore,12.9165,79.1325,ECMWF_ERA5_Reanalysis
2021-03-14,34.3,18.3,26.2,35.2,20.8,27.3,0.0,14.8,34.6,138,25.32,987.6,loc_vellore,12.9165,79.1325,ECMWF_ERA5_Reanalysis
2021-03-15,35.1,18.7,27.1,36.3,20.1,28.0,0.0,15.1,33.1,130,25.75,986.7,loc_vellore,12.9165,79.1325,ECMWF_ERA5_Reanalysis
2021-03-16,35.4,21.8,27.6,36.8,24.9,29.5,0.0,17.3,35.3,121,25.55,986.7,loc_vellore,12.9165,79.1325,ECMWF_ERA5_Reanalysis
2021-03-17,34.8,18.9,27.0,36.3,20.8,28.6,0.0,15.5,36.4,142,25.54,985.7,loc_vellore,12.9165,79.1325,ECMWF_ERA5_Reanalysis
2021-03-18,34.7,19.1,26.7,35.3,22.0,28.6,0.0,16.3,37.4,115,24.95,986.2,loc_vellore,12.9165,79.1325,ECMWF_ERA5_Reanalysis
2021-03-19,33.9,20.1,26.4,34.8,22.7,28.0,0.0,12.5,29.2,141,24.99,985.9,loc_vellore,12.9165,79.1325,ECMWF_ERA5_Reanalysis
2021-03-20,34.8,17.8,26.6,36.1,19.8,28.0,0.0,13.3,30.6,141,26.05,984.7,loc_vellore,12.9165,79.1325,ECMWF_ERA5_Reanalysis
2021-03-21,35.5,18.6,27.3,36.0,21.1,28.6,0.0,15.5,33.8,113,25.59,984.5,loc_vellore,12.9165,79.1325,ECMWF_ERA5_Reanalysis
2021-03-22,35.3,20.2,27.5,36.1,23.3,29.4,0.0,13.8,32.4,122,25.69,985.9,loc_vellore,12.9165,79.1325,ECMWF_ERA5_Reanalysis
2021-03-23,34.6,20.4,27.2,37.2,23.7,29.7,0.0,15.0,31.7,115,25.24,986.9,loc_vellore,12.9165,79.1325,ECMWF_ERA5_Reanalysis
2021-03-24,34.9,20.8,27.8,37.8,24.3,30.6,0.0,14.3,33.8,117,24.27,986.7,loc_vellore,12.9165,79.1325,ECMWF_ERA5_Reanalysis
2021-03-25,36.6,21.3,28.8,38.0,25.0,31.0,0.0,17.3,38.9,115,25.17,985.6,loc_vellore,12.9165,79.1325,ECMWF_ERA5_Reanalysis
2021-03-26,35.5,21.6,28.1,37.1,25.3,30.7,0.0,13.2,29.9,117,21.9,985.2,loc_vellore,12.9165,79.1325,ECMWF_ERA5_Reanalysis
2021-03-27,36.0,21.9,28.6,38.5,25.6,31.1,0.0,15.5,33.8,129,24.65,984.8,loc_vellore,12.9165,79.1325,ECMWF_ERA5_Reanalysis
2021-03-28,36.0,20.8,28.6,39.2,23.2,30.7,0.0,13.0,30.6,137,24.28,984.1,loc_vellore,12.9165,79.1325,ECMWF_ERA5_Reanalysis
2021-03-29,37.3,22.2,29.3,39.3,25.8,31.7,0.0,14.5,28.1,140,25.05,983.8,loc_vellore,12.9165,79.1325,ECMWF_ERA5_Reanalysis
2021-03-30,39.2,22.7,30.5,41.4,26.2,32.4,0.0,18.8,42.5,171,25.13,982.2,loc_vellore,12.9165,79.1325,ECMWF_ERA5_Reanalysis
2021-03-31,40.4,23.1,31.4,42.7,23.9,33.1,0.0,15.6,33.1,160,25.2,980.3,loc_vellore,12.9165,79.1325,ECMWF_ERA5_Reanalysis
2021-04-01,40.7,25.2,32.7,42.6,27.3,34.1,0.0,17.0,35.3,245,26.43,980.0,loc_vellore,12.9165,79.1325,ECMWF_ERA5_Reanalysis
2021-04-02,40.8,26.5,32.8,41.4,29.3,33.7,0.0,18.7,38.9,284,26.45,980.7,loc_vellore,12.9165,79.1325,ECMWF_ERA5_Reanalysis
2021-04-03,39.7,25.0,32.3,41.4,28.5,34.2,0.0,13.0,30.6,182,23.44,981.3,loc_vellore,12.9165,79.1325,ECMWF_ERA5_Reanalysis
2021-04-04,38.7,25.5,31.6,40.7,30.7,34.9,0.0,15.5,31.3,75,20.87,983.1,loc_vellore,12.9165,79.1325,ECMWF_ERA5_Reanalysis
2021-04-05,36.8,25.8,30.3,40.0,30.2,34.4,0.2,15.8,37.4,100,21.46,984.8,loc_vellore,12.9165,79.1325,ECMWF_ERA5_Reanalysis
2021-04-06,35.9,23.6,29.0,38.3,28.4,32.1,0.0,13.9,32.8,127,23.62,985.8,loc_vellore,12.9165,79.1325,ECMWF_ERA5_Reanalysis
2021-04-07,36.7,22.1,29.0,37.5,26.2,31.2,0.0,15.0,33.8,140,26.47,986.4,loc_vellore,12.9165,79.1325,ECMWF_ERA5_Reanalysis
2021-04-08,36.8,20.7,28.8,37.9,23.3,30.5,0.0,12.8,31.7,145,26.56,984.8,loc_vellore,12.9165,79.1325,ECMWF_ERA5_Reanalysis
2021-04-09,36.2,22.0,28.9,37.6,24.7,30.7,0.0,13.6,33.1,142,25.99,984.4,loc_vellore,12.9165,79.1325,ECMWF_ERA5_Reanalysis
2021-04-10,35.3,23.1,28.6,37.5,26.5,31.2,0.0,14.8,33.5,131,23.54,985.9,loc_vellore,12.9165,79.1325,ECMWF_ERA5_Reanalysis
2021-04-11,34.1,23.6,28.7,37.1,28.3,32.2,0.4,14.8,35.3,126,22.02,987.2,loc_vellore,12.9165,79.1325,ECMWF_ERA5_Reanalysis
2021-04-12,34.3,24.0,28.8,38.1,29.1,32.6,1.0,14.6,40.0,132,20.62,987.4,loc_vellore,12.9165,79.1325,ECMWF_ERA5_Reanalysis
2021-04-13,35.0,23.1,28.8,38.1,27.8,32.0,0.2,15.8,35.3,139,22.62,986.9,loc_vellore,12.9165,79.1325,ECMWF_ERA5_Reanalysis
2021-04-14,35.8,24.2,28.7,39.5,28.8,32.3,1.5,16.9,41.8,135,21.7,986.2,loc_vellore,12.9165,79.1325,ECMWF_ERA5_Reanalysis
2021-04-15,32.1,24.0,27.9,36.2,28.4,31.4,0.7,12.4,27.7,106,17.72,986.0,loc_vellore,12.9165,79.1325,ECMWF_ERA5_Reanalysis
2021-04-16,36.5,23.5,29.6,38.6,28.3,32.9,0.0,20.5,40.7,113,22.81,985.0,loc_vellore,12.9165,79.1325,ECMWF_ERA5_Reanalysis
2021-04-17,38.1,24.9,31.0,40.0,30.1,34.2,0.1,15.5,36.4,108,23.43,985.4,loc_vellore,12.9165,79.1325,ECMWF_ERA5_Reanalysis
2021-04-18,37.8,25.1,31.3,39.8,30.6,34.3,0.0,13.1,32.4,129,23.51,986.4,loc_vellore,12.9165,79.1325,ECMWF_ERA5_Reanalysis
2021-04-19,39.8,25.8,32.4,41.7,30.4,35.1,0.0,17.9,35.6,113,23.6,984.1,loc_vellore,12.9165,79.1325,ECMWF_ERA5_Reanalysis
2021-04-20,38.2,26.6,32.4,41.1,31.0,35.1,0.0,16.0,31.7,137,20.13,983.5,loc_vellore,12.9165,79.1325,ECMWF_ERA5_Reanalysis
2021-04-21,39.0,26.5,32.0,41.7,30.8,35.1,0.0,19.3,38.9,132,22.32,984.6,loc_vellore,12.9165,79.1325,ECMWF_ERA5_Reanalysis
2021-04-22,38.7,26.5,31.6,41.6,31.6,35.3,0.1,16.3,37.1,134,23.02,985.1,loc_vellore,12.9165,79.1325,ECMWF_ERA5_Reanalysis
2021-04-23,38.3,25.7,29.6,42.6,29.6,34.3,6.2,10.7,35.6,130,20.57,985.2,loc_vellore,12.9165,79.1325,ECMWF_ERA5_Reanalysis
2021-04-24,37.7,25.1,29.0,40.8,30.7,33.7,4.1,18.8,40.0,149,18.94,984.6,loc_vellore,12.9165,79.1325,ECMWF_ERA5_Reanalysis
2021-04-25,36.7,24.5,30.3,40.0,29.5,33.9,0.0,15.1,29.5,135,23.84,984.4,loc_vellore,12.9165,79.1325,ECMWF_ERA5_Reanalysis
2021-04-26,37.3,25.1,30.5,40.5,30.5,34.2,0.0,15.0,31.7,128,23.67,984.0,loc_vellore,12.9165,79.1325,ECMWF_ERA5_Reanalysis
2021-04-27,37.6,25.1,30.8,40.1,30.3,34.1,0.0,14.5,30.6,115,24.39,984.7,loc_vellore,12.9165,79.1325,ECMWF_ERA5_Reanalysis
2021-04-28,38.5,24.9,31.5,41.2,30.4,34.8,0.0,12.3,30.6,111,24.6,985.0,loc_vellore,12.9165,79.1325,ECMWF_ERA5_Reanalysis
2021-04-29,38.8,25.1,31.5,41.1,31.1,34.7,0.0,15.8,35.3,118,24.03,984.4,loc_vellore,12.9165,79.1325,ECMWF_ERA5_Reanalysis
2021-04-30,37.6,26.2,31.1,40.9,31.8,34.9,0.0,15.7,32.4,113,21.86,984.1,loc_vellore,12.9165,79.1325,ECMWF_ERA5_Reanalysis
2021-05-01,37.1,25.5,30.5,39.3,30.7,33.9,0.2,16.1,36.0,128,23.76,984.3,loc_vellore,12.9165,79.1325,ECMWF_ERA5_Reanalysis
2021-05-02,36.2,25.3,30.2,38.8,30.8,33.8,0.0,15.5,40.3,124,22.53,984.5,loc_vellore,12.9165,79.1325,ECMWF_ERA5_Reanalysis
2021-05-03,34.8,25.7,29.9,38.8,30.7,33.5,0.9,17.6,35.6,132,19.01,984.0,loc_vellore,12.9165,79.1325,ECMWF_ERA5_Reanalysis
2021-05-04,35.8,25.6,30.4,39.4,30.5,34.1,0.9,17.6,36.0,142,20.79,983.8,loc_vellore,12.9165,79.1325,ECMWF_ERA5_Reanalysis
2021-05-05,38.5,25.4,30.8,40.8,30.2,34.0,0.1,18.8,45.4,135,24.93,983.6,loc_vellore,12.9165,79.1325,ECMWF_ERA5_Reanalysis
2021-05-06,37.1,25.4,30.7,40.2,30.4,34.1,0.0,17.9,36.0,140,22.5,984.6,loc_vellore,12.9165,79.1325,ECMWF_ERA5_Reanalysis
2021-05-07,35.4,26.2,30.2,38.7,30.8,33.5,0.2,19.4,41.4,135,20.25,985.4,loc_vellore,12.9165,79.1325,ECMWF_ERA5_Reanalysis
2021-05-08,36.3,24.6,29.6,39.6,29.8,33.6,0.9,17.4,40.0,121,22.53,984.7,loc_vellore,12.9165,79.1325,ECMWF_ERA5_Reanalysis
2021-05-09,37.2,25.6,30.8,40.8,30.7,34.5,0.0,17.8,35.3,134,22.72,983.2,loc_vellore,12.9165,79.1325,ECMWF_ERA5_Reanalysis
2021-05-10,38.2,26.1,31.3,41.4,31.3,35.0,0.1,17.8,39.2,139,22.31,982.7,loc_vellore,12.9165,79.1325,ECMWF_ERA5_Reanalysis
2021-05-11,39.6,26.3,32.3,42.7,31.8,36.1,0.0,18.7,37.1,147,23.52,982.2,loc_vellore,12.9165,79.1325,ECMWF_ERA5_Reanalysis
2021-05-12,38.1,27.4,32.2,42.4,32.2,36.4,0.5,15.8,44.6,146,21.38,981.2,loc_vellore,12.9165,79.1325,ECMWF_ERA5_Reanalysis
2021-05-13,38.9,26.2,31.6,42.7,31.1,35.9,7.6,10.9,41.0,159,21.28,980.8,loc_vellore,12.9165,79.1325,ECMWF_ERA5_Reanalysis
2021-05-14,38.6,25.1,31.0,41.3,30.6,35.1,1.4,19.9,48.2,146,22.76,979.9,loc_vellore,12.9165,79.1325,ECMWF_ERA5_Reanalysis
2021-05-15,35.8,26.6,29.6,38.1,30.6,33.1,1.4,19.9,46.1,176,17.18,979.3,loc_vellore,12.9165,79.1325,ECMWF_ERA5_Reanalysis
2021-05-16,33.5,25.3,29.5,37.2,30.3,33.4,0.1,10.5,38.9,199,16.14,980.8,loc_vellore,12.9165,79.1325,ECMWF_ERA5_Reanalysis
2021-05-17,38.2,25.8,31.2,41.9,29.7,34.9,0.1,17.1,38.5,182,24.23,981.8,loc_vellore,12.9165,79.1325,ECMWF_ERA5_Reanalysis
2021-05-18,38.8,26.3,32.4,42.4,31.3,36.3,0.0,13.3,41.8,172,22.7,982.1,loc_vellore,12.9165,79.1325,ECMWF_ERA5_Reanalysis
2021-05-19,38.3,25.6,31.1,42.1,31.1,35.5,26.5,9.4,33.5,217,21.91,981.7,loc_vellore,12.9165,79.1325,ECMWF_ERA5_Reanalysis
2021-05-20,36.7,24.9,29.4,40.7,28.8,33.7,28.1,15.9,35.3,259,20.97,982.3,loc_vellore,12.9165,79.1325,ECMWF_ERA5_Reanalysis
2021-05-21,35.1,25.5,28.7,37.7,29.7,33.0,15.0,13.3,34.6,259,15.58,982.5,loc_vellore,12.9165,79.1325,ECMWF_ERA5_Reanalysis
2021-05-22,33.1,25.0,28.4,34.5,29.2,31.4,1.4,17.6,46.4,282,13.23,981.7,loc_vellore,12.9165,79.1325,ECMWF_ERA5_Reanalysis
2021-05-23,37.4,26.2,31.1,39.3,28.5,33.4,0.0,20.5,43.2,273,19.11,981.3,loc_vellore,12.9165,79.1325,ECMWF_ERA5_Reanalysis
2021-05-24,37.0,27.6,31.3,39.0,29.1,33.4,0.2,21.5,49.7,279,18.35,981.3,loc_vellore,12.9165,79.1325,ECMWF_ERA5_Reanalysis
2021-05-25,37.5,28.2,30.8,38.8,29.4,32.4,0.2,23.9,51.1,272,13.1,979.8,loc_vellore,12.9165,79.1325,ECMWF_ERA5_Reanalysis
2021-05-26,38.4,26.6,32.0,39.4,27.5,33.0,0.0,25.7,54.4,266,22.36,979.0,loc_vellore,12.9165,79.1325,ECMWF_ERA5_Reanalysis
2021-05-27,38.4,26.5,32.2,39.7,26.1,32.6,0.0,27.1,54.4,274,22.92,979.9,loc_vellore,12.9165,79.1325,ECMWF_ERA5_Reanalysis
2021-05-28,39.1,26.9,32.5,40.5,26.4,32.8,0.0,23.4,47.9,266,24.19,981.2,loc_vellore,12.9165,79.1325,ECMWF_ERA5_Reanalysis
2021-05-29,38.0,27.8,32.6,40.1,29.2,33.9,0.0,18.1,39.6,246,22.44,981.9,loc_vellore,12.9165,79.1325,ECMWF_ERA5_Reanalysis
2021-05-30,39.2,26.5,32.4,42.6,28.9,34.4,2.6,19.9,43.9,272,21.41,981.9,loc_vellore,12.9165,79.1325,ECMWF_ERA5_Reanalysis
2021-05-31,36.6,25.2,30.3,40.6,29.3,33.9,27.9,17.7,37.4,259,23.66,980.8,loc_vellore,12.9165,79.1325,ECMWF_ERA5_Reanalysis
2021-06-01,35.9,25.6,30.2,40.5,29.6,34.3,0.9,17.7,37.8,272,22.81,981.1,loc_vellore,12.9165,79.1325,ECMWF_ERA5_Reanalysis
2021-06-02,34.9,25.3,29.9,40.7,28.9,34.3,6.5,14.9,32.4,265,21.76,981.8,loc_vellore,12.9165,79.1325,ECMWF_ERA5_Reanalysis
2021-06-03,35.4,24.8,29.8,40.4,28.5,34.2,4.1,15.0,29.2,190,23.95,982.9,loc_vellore,12.9165,79.1325,ECMWF_ERA5_Reanalysis
2021-06-04,34.9,24.8,28.8,40.0,30.0,34.1,8.6,12.4,26.6,197,21.33,983.9,loc_vellore,12.9165,79.1325,ECMWF_ERA5_Reanalysis
2021-06-05,32.1,24.0,27.6,38.0,28.7,32.6,11.8,13.5,29.5,210,20.43,983.4,loc_vellore,12.9165,79.1325,ECMWF_ERA5_Reanalysis
2021-06-06,32.5,24.6,28.3,37.9,28.4,32.2,0.0,10.9,26.3,260,19.94,983.1,loc_vellore,12.9165,79.1325,ECMWF_ERA5_Reanalysis
2021-06-07,34.6,25.8,29.7,38.2,28.3,33.2,0.0,11.9,29.2,259,22.46,982.8,loc_vellore,12.9165,79.1325,ECMWF_ERA5_Reanalysis
2021-06-08,34.7,26.1,30.2,38.3,28.3,33.0,0.0,13.6,28.4,242,22.67,982.1,loc_vellore,12.9165,79.1325,ECMWF_ERA5_Reanalysis
2021-06-09,36.0,25.9,30.5,38.3,27.5,32.4,0.0,19.8,45.4,264,23.78,981.2,loc_vellore,12.9165,79.1325,ECMWF_ERA5_Reanalysis
2021-06-10,35.2,26.3,30.5,37.2,27.0,32.0,0.0,20.2,42.5,270,21.12,980.3,loc_vellore,12.9165,79.1325,ECMWF_ERA5_Reanalysis
2021-06-11,35.5,26.7,30.6,35.6,27.6,31.4,0.0,22.7,49.3,267,19.09,980.3,loc_vellore,12.9165,79.1325,ECMWF_ERA5_Reanalysis
2021-06-12,36.5,26.8,30.7,37.0,27.4,31.2,0.0,28.1,61.9,266,21.03,980.3,loc_vellore,12.9165,79.1325,ECMWF_ERA5_Reanalysis
2021-06-13,35.5,26.5,30.1,35.6,28.2,30.8,0.2,26.7,57.6,264,16.8,980.0,loc_vellore,12.9165,79.1325,ECMWF_ERA5_Reanalysis
2021-06-14,33.6,25.6,28.7,33.8,27.2,29.5,0.5,26.1,59.4,262,8.46,980.1,loc_vellore,12.9165,79.1325,ECMWF_ERA5_Reanalysis
2021-06-15,35.7,24.5,29.9,37.0,26.5,31.1,1.4,26.2,58.0,258,19.62,979.4,loc_vellore,12.9165,79.1325,ECMWF_ERA5_Reanalysis
2021-06-16,35.6,26.4,30.3,35.7,27.0,30.9,0.9,25.4,58.7,263,20.88,980.9,loc_vellore,12.9165,79.1325,ECMWF_ERA5_Reanalysis
2021-06-17,35.4,26.8,30.9,35.8,27.7,31.6,0.0,27.7,59.8,260,19.6,981.6,loc_vellore,12.9165,79.1325,ECMWF_ERA5_Reanalysis
2021-06-18,36.0,26.6,30.9,36.6,27.4,31.6,0.0,24.0,51.5,262,18.67,982.8,loc_vellore,12.9165,79.1325,ECMWF_ERA5_Reanalysis
2021-06-19,35.8,26.3,30.9,36.0,27.5,31.5,0.0,24.8,54.4,267,21.59,984.3,loc_vellore,12.9165,79.1325,ECMWF_ERA5_Reanalysis
2021-06-20,37.4,26.7,31.6,38.8,27.8,32.6,0.0,20.5,48.6,269,23.13,984.2,loc_vellore,12.9165,79.1325,ECMWF_ERA5_Reanalysis
2021-06-21,37.8,26.7,31.8,39.0,27.8,33.1,0.0,22.5,47.5,273,22.8,983.1,loc_vellore,12.9165,79.1325,ECMWF_ERA5_Reanalysis
2021-06-22,37.4,27.5,31.9,39.4,29.6,33.6,0.0,16.4,38.9,274,19.53,982.3,loc_vellore,12.9165,79.1325,ECMWF_ERA5_Reanalysis
2021-06-23,37.0,27.0,30.9,41.1,29.3,33.5,0.9,15.8,33.1,248,20.27,982.4,loc_vellore,12.9165,79.1325,ECMWF_ERA5_Reanalysis
2021-06-24,35.8,25.0,30.0,37.4,28.7,32.5,0.3,16.0,41.0,261,17.77,982.6,loc_vellore,12.9165,79.1325,ECMWF_ERA5_Reanalysis
2021-06-25,36.0,26.6,30.9,37.5,28.0,32.0,0.0,17.6,41.8,284,20.69,981.5,loc_vellore,12.9165,79.1325,ECMWF_ERA5_Reanalysis
2021-06-26,35.3,26.7,29.5,36.7,27.6,31.0,0.5,20.3,47.9,271,17.76,981.3,loc_vellore,12.9165,79.1325,ECMWF_ERA5_Reanalysis
2021-06-27,31.4,24.8,28.1,33.6,27.1,30.4,3.0,19.5,42.5,274,13.74,982.5,loc_vellore,12.9165,79.1325,ECMWF_ERA5_Reanalysis
2021-06-28,34.2,24.5,29.1,38.1,28.1,32.2,0.4,14.6,27.7,231,20.58,982.4,loc_vellore,12.9165,79.1325,ECMWF_ERA5_Reanalysis
2021-06-29,34.8,24.6,29.8,39.2,29.2,33.7,0.6,18.9,36.7,176,23.69,982.3,loc_vellore,12.9165,79.1325,ECMWF_ERA5_Reanalysis
2021-06-30,36.1,26.0,31.1,40.4,30.6,35.0,0.7,10.5,27.4,217,22.21,981.8,loc_vellore,12.9165,79.1325,ECMWF_ERA5_Reanalysis
2021-07-01,35.9,25.3,29.5,41.3,30.1,34.0,15.3,15.5,38.9,211,23.3,981.0,loc_vellore,12.9165,79.1325,ECMWF_ERA5_Reanalysis
2021-07-02,35.1,24.5,27.9,40.3,26.9,32.2,26.3,19.2,36.4,268,22.33,981.9,loc_vellore,12.9165,79.1325,ECMWF_ERA5_Reanalysis
2021-07-03,33.7,24.2,28.2,38.8,28.9,33.1,4.6,10.6,25.2,253,20.83,982.5,loc_vellore,12.9165,79.1325,ECMWF_ERA5_Reanalysis
2021-07-04,32.2,24.5,27.3,38.9,27.8,32.0,20.5,13.0,28.8,269,18.87,982.5,loc_vellore,12.9165,79.1325,ECMWF_ERA5_Reanalysis
2021-07-05,33.8,23.6,27.9,40.4,26.1,32.6,7.2,14.8,28.1,276,23.21,981.2,loc_vellore,12.9165,79.1325,ECMWF_ERA5_Reanalysis
2021-07-06,33.4,23.7,28.3,39.3,28.5,33.5,7.9,12.2,27.7,257,23.37,980.7,loc_vellore,12.9165,79.1325,ECMWF_ERA5_Reanalysis
2021-07-07,33.0,24.4,28.3,39.9,28.8,33.6,7.3,12.4,29.9,243,22.09,980.7,loc_vellore,12.9165,79.1325,ECMWF_ERA5_Reanalysis
2021-07-08,33.7,25.3,28.7,39.5,28.6,33.3,0.9,13.0,29.5,275,21.14,980.9,loc_vellore,12.9165,79.1325,ECMWF_ERA5_Reanalysis
2021-07-09,31.8,24.3,27.2,37.3,28.4,31.9,8.9,15.2,35.3,241,18.85,979.6,loc_vellore,12.9165,79.1325,ECMWF_ERA5_Reanalysis
2021-07-10,30.8,25.3,27.9,33.1,27.3,30.2,0.2,21.6,45.4,263,15.5,978.6,loc_vellore,12.9165,79.1325,ECMWF_ERA5_Reanalysis
2021-07-11,32.6,25.2,27.8,34.3,26.4,29.4,0.4,25.0,50.0,268,10.79,978.2,loc_vellore,12.9165,79.1325,ECMWF_ERA5_Reanalysis
2021-07-12,31.5,24.9,27.8,33.2,27.6,30.2,0.3,18.6,41.0,269,11.46,978.8,loc_vellore,12.9165,79.1325,ECMWF_ERA5_Reanalysis
2021-07-13,33.3,25.3,28.3,35.8,28.3,30.8,3.1,23.1,47.2,266,16.71,979.6,loc_vellore,12.9165,79.1325,ECMWF_ERA5_Reanalysis
2021-07-14,29.9,24.5,26.9,32.7,27.0,29.7,6.4,19.4,43.6,258,9.0,980.3,loc_vellore,12.9165,79.1325,ECMWF_ERA5_Reanalysis
2021-07-15,29.0,23.7,26.0,30.8,26.3,28.7,1.6,20.2,41.8,249,8.91,980.2,loc_vellore,12.9165,79.1325,ECMWF_ERA5_Reanalysis
2021-07-16,30.1,23.3,26.6,33.2,28.0,30.9,1.8,14.3,37.8,243,12.37,982.2,loc_vellore,12.9165,79.1325,ECMWF_ERA5_Reanalysis
2021-07-17,31.9,24.2,27.2,36.1,27.2,31.3,9.7,13.2,40.0,264,16.06,982.0,loc_vellore,12.9165,79.1325,ECMWF_ERA5_Reanalysis
2021-07-18,29.0,23.6,26.1,31.0,26.6,29.1,12.2,22.5,49.0,263,11.29,981.0,loc_vellore,12.9165,79.1325,ECMWF_ERA5_Reanalysis
2021-07-19,33.5,25.4,28.6,36.7,27.1,30.9,0.3,23.5,49.3,262,18.83,980.8,loc_vellore,12.9165,79.1325,ECMWF_ERA5_Reanalysis
2021-07-20,33.2,25.5,29.0,34.1,25.7,30.2,0.0,25.4,52.9,275,17.63,982.4,loc_vellore,12.9165,79.1325,ECMWF_ERA5_Reanalysis
2021-07-21,32.9,25.9,28.5,33.8,26.7,29.8,0.5,24.5,54.0,272,13.74,981.8,loc_vellore,12.9165,79.1325,ECMWF_ERA5_Reanalysis
2021-07-22,30.3,24.5,27.0,30.9,25.8,28.0,4.8,25.9,58.3,265,9.67,979.0,loc_vellore,12.9165,79.1325,ECMWF_ERA5_Reanalysis
2021-07-23,32.9,24.4,28.1,33.9,24.5,29.5,0.6,27.3,60.8,265,15.42,978.5,loc_vellore,12.9165,79.1325,ECMWF_ERA5_Reanalysis
2021-07-24,34.4,25.5,29.4,37.7,26.9,31.6,0.3,23.1,48.6,265,21.51,980.2,loc_vellore,12.9165,79.1325,ECMWF_ERA5_Reanalysis
2021-07-25,35.2,26.7,30.0,38.0,28.0,32.2,0.5,19.8,42.1,264,21.63,981.2,loc_vellore,12.9165,79.1325,ECMWF_ERA5_Reanalysis
2021-07-26,34.2,25.8,29.7,36.7,27.4,31.8,0.0,20.2,46.8,270,21.79,981.8,loc_vellore,12.9165,79.1325,ECMWF_ERA5_Reanalysis
2021-07-27,36.1,25.6,30.4,38.1,26.7,31.6,0.0,21.6,47.2,268,22.79,981.1,loc_vellore,12.9165,79.1325,ECMWF_ERA5_Reanalysis
2021-07-28,35.8,25.6,30.5,36.7,26.8,31.5,0.0,23.8,51.5,269,22.64,981.7,loc_vellore,12.9165,79.1325,ECMWF_ERA5_Reanalysis
2021-07-29,35.7,25.9,30.3,36.7,27.0,31.1,0.0,23.3,52.9,271,19.94,982.5,loc_vellore,12.9165,79.1325,ECMWF_ERA5_Reanalysis
2021-07-30,35.1,26.2,30.3,35.4,27.3,31.3,0.0,23.7,50.8,270,17.51,983.3,loc_vellore,12.9165,79.1325,ECMWF_ERA5_Reanalysis
2021-07-31,36.0,26.0,30.6,36.7,27.2,31.7,0.1,25.3,55.8,283,22.21,983.6,loc_vellore,12.9165,79.1325,ECMWF_ERA5_Reanalysis
2021-08-01,36.2,26.4,30.7,36.7,27.4,31.6,0.0,24.4,52.2,276,19.68,982.6,loc_vellore,12.9165,79.1325,ECMWF_ERA5_Reanalysis
2021-08-02,36.4,25.6,30.4,37.6,25.9,31.4,0.4,20.9,47.2,272,22.91,982.7,loc_vellore,12.9165,79.1325,ECMWF_ERA5_Reanalysis
2021-08-03,36.2,26.1,30.9,37.0,26.7,31.8,0.0,22.7,54.0,275,22.2,983.9,loc_vellore,12.9165,79.1325,ECMWF_ERA5_Reanalysis
2021-08-04,36.5,26.7,31.0,37.3,27.6,31.9,0.0,23.5,54.0,273,20.93,984.1,loc_vellore,12.9165,79.1325,ECMWF_ERA5_Reanalysis
2021-08-05,36.1,26.3,30.6,38.1,27.0,32.1,0.3,23.0,51.5,271,21.17,982.4,loc_vellore,12.9165,79.1325,ECMWF_ERA5_Reanalysis
2021-08-06,35.8,26.5,30.5,37.9,27.4,32.3,0.2,22.8,52.6,269,22.14,981.4,loc_vellore,12.9165,79.1325,ECMWF_ERA5_Reanalysis
2021-08-07,35.8,26.0,30.2,39.0,28.2,32.9,1.8,16.3,40.7,270,21.1,982.2,loc_vellore,12.9165,79.1325,ECMWF_ERA5_Reanalysis
2021-08-08,35.1,25.0,29.5,40.4,28.2,33.6,3.2,16.8,36.4,253,22.5,982.9,loc_vellore,12.9165,79.1325,ECMWF_ERA5_Reanalysis
2021-08-09,35.1,26.2,29.8,41.3,29.0,34.1,2.4,14.1,26.6,275,21.23,983.3,loc_vellore,12.9165,79.1325,ECMWF_ERA5_Reanalysis
2021-08-10,34.0,24.7,28.9,37.5,28.6,32.6,7.5,15.7,37.4,287,22.8,983.0,loc_vellore,12.9165,79.1325,ECMWF_ERA5_Reanalysis
2021-08-11,35.2,26.2,29.0,40.0,28.6,32.4,4.8,17.4,37.8,285,19.4,982.9,loc_vellore,12.9165,79.1325,ECMWF_ERA5_Reanalysis
2021-08-12,33.8,25.0,28.4,37.5,28.5,31.6,3.5,19.2,41.4,279,15.46,983.6,loc_vellore,12.9165,79.1325,ECMWF_ERA5_Reanalysis
2021-08-13,33.5,25.3,28.1,37.5,27.1,31.0,2.4,17.1,41.8,289,15.82,982.5,loc_vellore,12.9165,79.1325,ECMWF_ERA5_Reanalysis
2021-08-14,34.5,25.2,29.2,36.9,27.3,31.4,0.1,19.2,48.2,280,19.1,980.8,loc_vellore,12.9165,79.1325,ECMWF_ERA5_Reanalysis
2021-08-15,34.2,25.0,28.0,36.3,27.0,30.4,2.2,18.8,49.3,277,16.1,981.6,loc_vellore,12.9165,79.1325,ECMWF_ERA5_Reanalysis
2021-08-16,34.0,24.9,28.4,35.5,26.8,30.8,0.0,16.6,40.7,280,15.0,982.5,loc_vellore,12.9165,79.1325,ECMWF_ERA5_Reanalysis
2021-08-17,34.2,24.4,29.0,36.2,28.3,31.7,0.0,13.6,36.7,258,20.01,982.9,loc_vellore,12.9165,79.1325,ECMWF_ERA5_Reanalysis
2021-08-18,35.3,25.6,29.1,39.2,28.4,32.4,1.9,14.7,45.7,253,17.46,981.5,loc_vellore,12.9165,79.1325,ECMWF_ERA5_Reanalysis
2021-08-19,35.0,24.7,29.5,37.1,27.4,31.7,3.0,17.4,45.0,268,16.56,981.1,loc_vellore,12.9165,79.1325,ECMWF_ERA5_Reanalysis
2021-08-20,36.0,24.3,29.4,39.0,29.2,33.0,0.3,11.7,33.5,262,22.0,981.8,loc_vellore,12.9165,79.1325,ECMWF_ERA5_Reanalysis
2021-08-21,33.5,24.8,27.4,38.2,29.5,32.1,13.5,18.5,41.4,168,18.63,984.0,loc_vellore,12.9165,79.1325,ECMWF_ERA5_Reanalysis
2021-08-22,33.0,23.9,27.4,38.2,27.4,31.9,16.2,10.7,29.2,153,21.16,983.8,loc_vellore,12.9165,79.1325,ECMWF_ERA5_Reanalysis
2021-08-23,31.7,23.2,27.2,37.3,28.1,31.9,4.1,11.2,28.4,195,21.32,983.5,loc_vellore,12.9165,79.1325,ECMWF_ERA5_Reanalysis
2021-08-24,33.8,24.3,28.3,39.9,28.0,32.7,3.5,14.4,33.8,232,22.19,982.9,loc_vellore,12.9165,79.1325,ECMWF_ERA5_Reanalysis
2021-08-25,34.3,24.3,28.0,39.7,28.1,32.3,12.1,13.1,32.8,269,21.85,982.1,loc_vellore,12.9165,79.1325,ECMWF_ERA5_Reanalysis
2021-08-26,33.7,24.2,28.0,38.8,27.5,32.6,7.0,11.8,32.8,262,22.49,980.8,loc_vellore,12.9165,79.1325,ECMWF_ERA5_Reanalysis
2021-08-27,33.2,24.2,27.1,39.4,28.1,32.3,11.3,11.2,28.4,276,18.79,980.4,loc_vellore,12.9165,79.1325,ECMWF_ERA5_Reanalysis
2021-08-28,29.7,23.6,26.0,34.2,26.9,30.2,15.8,15.9,37.1,270,10.2,979.2,loc_vellore,12.9165,79.1325,ECMWF_ERA5_Reanalysis
2021-08-29,29.6,23.7,26.2,33.6,27.7,29.8,6.6,21.2,43.2,264,11.65,978.7,loc_vellore,12.9165,79.1325,ECMWF_ERA5_Reanalysis
2021-08-30,32.2,25.0,27.5,35.1,26.9,30.5,0.4,17.9,47.2,271,18.8,979.7,loc_vellore,12.9165,79.1325,ECMWF_ERA5_Reanalysis
2021-08-31,31.8,24.4,27.9,36.0,27.3,31.2,0.0,14.0,31.0,254,19.29,981.2,loc_vellore,12.9165,79.1325,ECMWF_ERA5_Reanalysis
2021-09-01,31.8,24.4,27.4,36.1,27.9,31.9,1.5,9.5,24.8,270,15.81,982.6,loc_vellore,12.9165,79.1325,ECMWF_ERA5_Reanalysis
2021-09-02,30.6,24.3,26.4,36.6,28.6,31.6,23.6,11.2,29.2,262,16.71,982.3,loc_vellore,12.9165,79.1325,ECMWF_ERA5_Reanalysis
2021-09-03,30.3,23.3,26.3,35.0,25.9,30.3,22.1,17.6,38.5,271,15.53,981.4,loc_vellore,12.9165,79.1325,ECMWF_ERA5_Reanalysis
2021-09-04,30.2,23.8,26.3,33.7,26.9,29.7,4.3,18.4,42.8,264,14.37,981.4,loc_vellore,12.9165,79.1325,ECMWF_ERA5_Reanalysis
2021-09-05,31.8,23.8,27.1,35.4,26.9,30.5,6.8,20.2,47.9,266,18.4,981.0,loc_vellore,12.9165,79.1325,ECMWF_ERA5_Reanalysis
2021-09-06,31.4,24.0,27.1,33.6,26.4,29.5,0.6,19.1,43.2,264,11.38,980.7,loc_vellore,12.9165,79.1325,ECMWF_ERA5_Reanalysis
2021-09-07,31.9,25.2,28.1,33.9,26.8,30.2,0.0,20.7,51.5,253,18.18,981.0,loc_vellore,12.9165,79.1325,ECMWF_ERA5_Reanalysis
2021-09-08,33.2,24.9,28.6,36.8,27.4,31.5,0.0,19.9,42.5,251,22.69,982.6,loc_vellore,12.9165,79.1325,ECMWF_ERA5_Reanalysis
2021-09-09,34.1,24.7,28.8,37.4,26.3,31.5,0.0,17.4,42.8,271,23.22,983.4,loc_vellore,12.9165,79.1325,ECMWF_ERA5_Reanalysis
2021-09-10,33.8,25.7,29.1,38.0,27.5,32.0,0.1,17.7,40.3,276,20.25,982.8,loc_vellore,12.9165,79.1325,ECMWF_ERA5_Reanalysis
2021-09-11,34.0,25.9,29.3,37.9,27.3,31.9,0.1,17.7,43.9,265,20.48,981.6,loc_vellore,12.9165,79.1325,ECMWF_ERA5_Reanalysis
2021-09-12,33.4,26.0,29.2,35.6,27.8,31.5,1.1,20.6,51.8,259,17.87,980.5,loc_vellore,12.9165,79.1325,ECMWF_ERA5_Reanalysis
2021-09-13,33.9,25.9,29.8,35.5,27.1,31.2,0.1,26.4,54.0,260,19.1,979.8,loc_vellore,12.9165,79.1325,ECMWF_ERA5_Reanalysis
2021-09-14,35.2,25.9,29.9,36.6,28.4,32.1,0.0,21.7,47.2,258,22.36,980.6,loc_vellore,12.9165,79.1325,ECMWF_ERA5_Reanalysis
2021-09-15,34.8,25.8,29.7,38.3,27.4,32.6,1.3,16.2,34.2,254,22.72,981.7,loc_vellore,12.9165,79.1325,ECMWF_ERA5_Reanalysis
2021-09-16,34.8,25.3,29.8,37.5,28.7,32.8,0.4,16.1,32.0,265,20.7,981.8,loc_vellore,12.9165,79.1325,ECMWF_ERA5_Reanalysis
2021-09-17,34.6,26.1,29.9,39.2,29.7,33.2,0.1,11.8,25.9,254,20.25,981.6,loc_vellore,12.9165,79.1325,ECMWF_ERA5_Reanalysis
2021-09-18,34.6,24.8,29.6,39.1,29.1,33.5,0.2,9.7,22.0,140,22.09,983.1,loc_vellore,12.9165,79.1325,ECMWF_ERA5_Reanalysis
2021-09-19,35.2,25.4,29.3,40.5,29.7,33.7,3.7,10.0,23.8,171,19.63,984.5,loc_vellore,12.9165,79.1325,ECMWF_ERA5_Reanalysis
2021-09-20,33.9,24.3,28.6,38.3,28.5,32.9,2.8,10.6,26.6,246,21.0,983.8,loc_vellore,12.9165,79.1325,ECMWF_ERA5_Reanalysis
2021-09-21,34.2,24.3,28.3,39.1,28.3,32.4,3.0,12.4,31.0,263,20.62,982.5,loc_vellore,12.9165,79.1325,ECMWF_ERA5_Reanalysis
2021-09-22,34.0,24.5,28.6,36.5,27.8,31.6,1.7,15.6,34.6,283,17.45,981.3,loc_vellore,12.9165,79.1325,ECMWF_ERA5_Reanalysis
2021-09-23,33.1,24.2,27.6,37.8,28.6,32.3,3.4,10.1,28.1,235,17.19,981.4,loc_vellore,12.9165,79.1325,ECMWF_ERA5_Reanalysis
2021-09-24,33.5,24.6,28.4,38.9,28.0,32.7,1.2,10.1,31.0,278,21.26,982.3,loc_vellore,12.9165,79.1325,ECMWF_ERA5_Reanalysis
2021-09-25,32.8,24.6,27.5,39.2,28.1,32.2,12.2,13.0,28.8,277,19.33,981.9,loc_vellore,12.9165,79.1325,ECMWF_ERA5_Reanalysis
2021-09-26,32.5,24.5,27.9,36.8,27.9,31.5,0.7,14.8,33.1,283,16.31,979.8,loc_vellore,12.9165,79.1325,ECMWF_ERA5_Reanalysis
2021-09-27,33.8,25.7,29.0,36.1,27.2,30.7,0.2,20.2,41.8,269,20.33,978.2,loc_vellore,12.9165,79.1325,ECMWF_ERA5_Reanalysis
2021-09-28,34.2,25.0,28.7,37.5,26.3,31.3,0.1,17.3,38.9,265,19.74,980.7,loc_vellore,12.9165,79.1325,ECMWF_ERA5_Reanalysis
2021-09-29,34.5,24.2,28.7,38.2,25.4,31.2,0.1,14.9,33.1,274,19.49,982.8,loc_vellore,12.9165,79.1325,ECMWF_ERA5_Reanalysis
2021-09-30,32.0,24.8,27.4,37.0,29.0,32.2,11.8,10.7,29.2,0,18.17,983.9,loc_vellore,12.9165,79.1325,ECMWF_ERA5_Reanalysis
2021-10-01,31.5,23.5,26.4,36.6,28.4,31.5,16.5,14.1,36.4,98,17.7,983.6,loc_vellore,12.9165,79.1325,ECMWF_ERA5_Reanalysis
2021-10-02,30.7,23.8,26.3,36.5,29.0,31.4,10.2,15.2,33.8,84,18.12,983.6,loc_vellore,12.9165,79.1325,ECMWF_ERA5_Reanalysis
2021-10-03,30.8,23.3,26.1,36.1,27.8,31.3,6.6,14.7,33.5,94,17.01,983.2,loc_vellore,12.9165,79.1325,ECMWF_ERA5_Reanalysis
2021-10-04,31.0,23.4,26.6,35.9,28.5,31.8,2.9,14.0,33.8,74,19.27,982.6,loc_vellore,12.9165,79.1325,ECMWF_ERA5_Reanalysis
2021-10-05,29.4,23.6,25.6,33.6,27.7,30.4,20.8,13.6,33.5,17,11.64,982.1,loc_vellore,12.9165,79.1325,ECMWF_ERA5_Reanalysis
2021-10-06,30.6,22.7,26.3,35.5,26.4,31.2,12.3,10.7,27.4,151,18.53,981.1,loc_vellore,12.9165,79.1325,ECMWF_ERA5_Reanalysis
2021-10-07,31.3,23.6,27.0,38.8,28.9,32.6,18.6,8.7,24.8,156,19.14,981.6,loc_vellore,12.9165,79.1325,ECMWF_ERA5_Reanalysis
2021-10-08,30.8,23.9,26.5,36.9,28.5,31.6,11.3,13.7,28.4,270,16.93,982.3,loc_vellore,12.9165,79.1325,ECMWF_ERA5_Reanalysis
2021-10-09,31.3,24.0,26.8,36.8,26.9,30.6,8.8,16.9,33.8,276,16.59,983.2,loc_vellore,12.9165,79.1325,ECMWF_ERA5_Reanalysis
2021-10-10,32.0,24.3,27.0,38.4,27.4,31.0,8.6,15.5,32.4,282,16.17,983.0,loc_vellore,12.9165,79.1325,ECMWF_ERA5_Reanalysis
2021-10-11,31.6,23.9,26.2,38.0,26.8,30.6,19.5,14.1,30.2,279,16.93,981.7,loc_vellore,12.9165,79.1325,ECMWF_ERA5_Reanalysis
2021-10-12,32.0,23.5,26.1,37.3,25.9,30.2,16.5,15.3,31.7,276,18.8,981.5,loc_vellore,12.9165,79.1325,ECMWF_ERA5_Reanalysis
2021-10-13,31.6,23.3,26.2,37.4,25.7,30.3,4.8,16.7,33.5,279,20.15,981.1,loc_vellore,12.9165,79.1325,ECMWF_ERA5_Reanalysis
2021-10-14,31.4,23.5,26.3,38.4,26.3,30.9,11.7,12.6,27.0,275,21.11,980.6,loc_vellore,12.9165,79.1325,ECMWF_ERA5_Reanalysis
2021-10-15,31.4,23.2,26.2,38.8,27.7,31.3,10.4,12.1,25.2,281,20.75,978.4,loc_vellore,12.9165,79.1325,ECMWF_ERA5_Reanalysis
2021-10-16,29.9,23.4,25.9,37.4,27.6,31.2,14.3,12.4,25.2,210,16.88,978.0,loc_vellore,12.9165,79.1325,ECMWF_ERA5_Reanalysis
2021-10-17,32.1,23.7,27.1,38.4,27.7,32.0,3.0,9.1,20.5,267,18.12,979.4,loc_vellore,12.9165,79.1325,ECMWF_ERA5_Reanalysis
2021-10-18,32.1,25.2,27.5,37.4,27.6,31.6,4.0,16.6,33.5,266,18.55,982.1,loc_vellore,12.9165,79.1325,ECMWF_ERA5_Reanalysis
2021-10-19,32.4,24.6,27.8,37.8,27.6,32.2,0.2,13.4,27.7,282,20.38,984.7,loc_vellore,12.9165,79.1325,ECMWF_ERA5_Reanalysis
2021-10-20,30.8,23.9,26.3,37.7,29.2,31.9,24.9,8.9,21.6,344,17.29,986.8,loc_vellore,12.9165,79.1325,ECMWF_ERA5_Reanalysis
2021-10-21,30.6,23.1,25.9,37.3,27.2,31.1,9.8,10.6,24.5,115,19.02,987.1,loc_vellore,12.9165,79.1325,ECMWF_ERA5_Reanalysis
2021-10-22,30.5,22.4,26.2,36.1,26.5,31.1,7.6,9.8,18.7,127,19.89,987.5,loc_vellore,12.9165,79.1325,ECMWF_ERA5_Reanalysis
2021-10-23,30.5,22.7,25.8,37.2,27.1,30.8,5.0,10.0,23.4,151,20.01,988.0,loc_vellore,12.9165,79.1325,ECMWF_ERA5_Reanalysis
2021-10-24,30.1,22.2,24.7,36.2,25.6,29.1,10.7,10.7,29.9,310,16.73,987.8,loc_vellore,12.9165,79.1325,ECMWF_ERA5_Reanalysis
2021-10-25,29.9,22.2,25.5,33.9,26.2,29.6,1.7,14.2,30.2,20,20.06,986.5,loc_vellore,12.9165,79.1325,ECMWF_ERA5_Reanalysis
2021-10-26,29.5,21.9,25.1,34.1,25.8,29.3,1.0,14.9,28.8,32,19.85,985.6,loc_vellore,12.9165,79.1325,ECMWF_ERA5_Reanalysis
2021-10-27,29.4,21.9,25.3,32.9,25.5,29.0,0.9,13.6,29.5,34,19.71,985.9,loc_vellore,12.9165,79.1325,ECMWF_ERA5_Reanalysis
2021-10-28,28.4,21.7,24.9,31.3,25.1,28.3,3.7,15.3,32.4,17,12.88,985.9,loc_vellore,12.9165,79.1325,ECMWF_ERA5_Reanalysis
2021-10-29,27.7,22.6,24.2,32.8,26.8,28.5,18.3,19.3,40.3,57,12.22,986.7,loc_vellore,12.9165,79.1325,ECMWF_ERA5_Reanalysis
2021-10-30,28.8,22.8,24.9,33.0,26.8,29.1,2.6,14.1,31.3,46,14.36,987.7,loc_vellore,12.9165,79.1325,ECMWF_ERA5_Reanalysis
2021-10-31,29.1,22.5,25.1,33.2,26.7,29.4,6.9,15.3,38.5,39,15.85,987.2,loc_vellore,12.9165,79.1325,ECMWF_ERA5_Reanalysis
2021-11-01,25.9,22.4,23.6,29.6,26.4,27.7,14.7,13.8,32.8,60,7.46,986.5,loc_vellore,12.9165,79.1325,ECMWF_ERA5_Reanalysis
2021-11-02,24.7,21.7,23.4,29.2,25.7,27.7,15.6,11.6,23.8,63,5.44,986.4,loc_vellore,12.9165,79.1325,ECMWF_ERA5_Reanalysis
2021-11-03,26.7,22.0,23.6,30.3,26.1,27.7,9.2,11.6,24.5,68,9.25,986.4,loc_vellore,12.9165,79.1325,ECMWF_ERA5_Reanalysis
2021-11-04,27.5,22.5,24.4,31.4,27.1,28.7,7.7,12.4,27.0,44,12.49,985.9,loc_vellore,12.9165,79.1325,ECMWF_ERA5_Reanalysis
2021-11-05,27.2,22.0,23.9,31.7,25.1,28.2,32.1,11.7,25.6,317,11.05,985.6,loc_vellore,12.9165,79.1325,ECMWF_ERA5_Reanalysis
2021-11-06,28.3,21.6,24.1,32.5,25.5,28.2,15.0,11.8,33.1,347,13.67,984.2,loc_vellore,12.9165,79.1325,ECMWF_ERA5_Reanalysis
2021-11-07,23.8,22.1,22.9,28.1,25.6,26.6,33.9,17.3,32.0,8,3.9,984.4,loc_vellore,12.9165,79.1325,ECMWF_ERA5_Reanalysis
2021-11-08,25.5,21.8,23.4,29.0,25.2,27.2,16.2,12.7,24.8,11,5.58,985.6,loc_vellore,12.9165,79.1325,ECMWF_ERA5_Reanalysis
2021-11-09,27.8,21.7,24.0,30.2,24.8,26.7,8.8,17.6,36.4,14,15.43,985.8,loc_vellore,12.9165,79.1325,ECMWF_ERA5_Reanalysis
2021-11-10,24.3,21.3,22.3,27.8,23.5,24.9,25.4,12.9,28.1,307,5.7,984.7,loc_vellore,12.9165,79.1325,ECMWF_ERA5_Reanalysis
2021-11-11,22.8,21.2,21.8,23.8,22.3,23.0,52.3,22.8,49.7,308,3.96,979.7,loc_vellore,12.9165,79.1325,ECMWF_ERA5_Reanalysis
2021-11-12,27.1,20.9,23.8,30.1,22.8,26.9,7.4,18.4,34.9,79,13.77,981.3,loc_vellore,12.9165,79.1325,ECMWF_ERA5_Reanalysis
2021-11-13,28.4,22.3,24.6,34.1,26.6,29.3,13.7,7.5,18.0,107,13.5,983.1,loc_vellore,12.9165,79.1325,ECMWF_ERA5_Reanalysis
2021-11-14,27.4,22.1,24.2,32.2,26.3,28.8,9.6,10.5,23.4,24,11.45,983.5,loc_vellore,12.9165,79.1325,ECMWF_ERA5_Reanalysis
2021-11-15,27.0,22.5,24.4,32.1,27.0,29.2,15.6,9.5,21.6,57,10.34,982.4,loc_vellore,12.9165,79.1325,ECMWF_ERA5_Reanalysis
2021-11-16,29.3,22.3,24.9,35.0,27.0,29.5,16.1,11.6,28.1,104,15.51,982.9,loc_vellore,12.9165,79.1325,ECMWF_ERA5_Reanalysis
2021-11-17,28.5,21.9,24.3,33.4,25.4,28.7,18.6,13.1,28.1,26,12.18,984.5,loc_vellore,12.9165,79.1325,ECMWF_ERA5_Reanalysis
2021-11-18,24.1,22.4,23.1,27.1,25.4,26.1,85.0,16.5,34.6,327,2.11,981.8,loc_vellore,12.9165,79.1325,ECMWF_ERA5_Reanalysis
2021-11-19,26.0,22.4,23.9,30.0,24.6,27.3,14.7,19.5,40.3,54,6.55,978.5,loc_vellore,12.9165,79.1325,ECMWF_ERA5_Reanalysis
2021-11-20,28.3,22.4,24.2,33.9,26.3,28.9,34.8,10.2,23.8,125,12.08,981.5,loc_vellore,12.9165,79.1325,ECMWF_ERA5_Reanalysis
2021-11-21,29.4,21.8,24.8,34.9,26.3,29.6,3.9,9.4,20.2,54,16.86,984.4,loc_vellore,12.9165,79.1325,ECMWF_ERA5_Reanalysis
2021-11-22,28.6,22.1,24.5,33.4,26.4,29.0,5.6,14.8,30.6,44,14.32,986.2,loc_vellore,12.9165,79.1325,ECMWF_ERA5_Reanalysis
2021-11-23,29.5,22.3,25.5,33.6,26.5,29.8,0.9,13.7,27.7,51,17.79,985.6,loc_vellore,12.9165,79.1325,ECMWF_ERA5_Reanalysis
2021-11-24,28.9,21.3,24.8,32.3,25.2,28.7,0.8,15.0,31.3,51,17.82,986.0,loc_vellore,12.9165,79.1325,ECMWF_ERA5_Reanalysis
2021-11-25,26.9,22.1,23.8,30.4,25.5,27.5,10.8,14.5,36.4,45,9.48,986.2,loc_vellore,12.9165,79.1325,ECMWF_ERA5_Reanalysis
2021-11-26,26.4,22.7,23.9,29.6,26.8,27.9,8.8,14.2,34.9,54,7.05,986.4,loc_vellore,12.9165,79.1325,ECMWF_ERA5_Reanalysis
2021-11-27,25.6,22.3,23.2,28.7,25.6,26.9,18.5,13.2,32.0,28,6.73,986.5,loc_vellore,12.9165,79.1325,ECMWF_ERA5_Reanalysis
2021-11-28,26.0,21.8,23.2,29.3,25.3,26.9,21.6,13.5,32.4,58,8.31,987.0,loc_vellore,12.9165,79.1325,ECMWF_ERA5_Reanalysis
2021-11-29,26.4,21.0,22.8,29.7,24.7,26.5,24.9,14.5,33.8,79,9.46,987.8,loc_vellore,12.9165,79.1325,ECMWF_ERA5_Reanalysis
2021-11-30,26.8,21.5,23.2,30.7,25.2,26.7,16.5,13.8,36.4,62,11.39,987.9,loc_vellore,12.9165,79.1325,ECMWF_ERA5_Reanalysis
2021-12-01,27.7,21.4,24.0,31.1,25.3,27.8,3.4,12.4,26.6,68,14.8,987.3,loc_vellore,12.9165,79.1325,ECMWF_ERA5_Reanalysis
2021-12-02,27.9,21.4,24.3,30.4,24.1,27.5,0.3,11.5,25.2,36,15.73,987.1,loc_vellore,12.9165,79.1325,ECMWF_ERA5_Reanalysis
2021-12-03,28.4,20.0,24.0,32.2,22.6,27.2,0.0,8.5,21.2,344,18.58,987.0,loc_vellore,12.9165,79.1325,ECMWF_ERA5_Reanalysis
2021-12-04,29.7,20.0,24.5,33.5,22.5,28.0,0.0,8.0,18.0,278,18.19,986.9,loc_vellore,12.9165,79.1325,ECMWF_ERA5_Reanalysis
2021-12-05,30.2,21.6,25.7,34.9,24.7,29.6,0.0,7.6,17.3,315,18.9,986.7,loc_vellore,12.9165,79.1325,ECMWF_ERA5_Reanalysis
2021-12-06,29.0,21.8,24.6,34.4,25.7,29.1,7.9,6.7,22.7,303,15.72,986.8,loc_vellore,12.9165,79.1325,ECMWF_ERA5_Reanalysis
2021-12-07,29.8,21.1,25.0,33.7,24.7,28.8,0.0,9.7,21.6,40,19.04,987.4,loc_vellore,12.9165,79.1325,ECMWF_ERA5_Reanalysis
2021-12-08,28.7,21.7,24.7,32.1,25.7,28.5,2.5,11.7,27.0,37,15.53,987.8,loc_vellore,12.9165,79.1325,ECMWF_ERA5_Reanalysis
2021-12-09,27.9,21.7,24.3,31.6,25.3,28.3,2.8,15.8,33.1,63,14.93,989.2,loc_vellore,12.9165,79.1325,ECMWF_ERA5_Reanalysis
2021-12-10,28.8,20.6,24.1,32.1,23.9,27.5,1.5,13.7,27.4,50,17.42,989.9,loc_vellore,12.9165,79.1325,ECMWF_ERA5_Reanalysis
2021-12-11,27.2,21.9,23.9,29.6,25.5,27.2,3.7,15.0,34.6,54,10.9,989.5,loc_vellore,12.9165,79.1325,ECMWF_ERA5_Reanalysis
2021-12-12,27.0,21.6,23.8,29.8,25.1,27.1,4.2,15.9,38.9,49,13.91,989.7,loc_vellore,12.9165,79.1325,ECMWF_ERA5_Reanalysis
2021-12-13,27.7,21.2,23.3,31.1,24.6,26.6,6.6,14.5,37.4,41,12.81,988.7,loc_vellore,12.9165,79.1325,ECMWF_ERA5_Reanalysis
2021-12-14,27.3,20.8,23.6,29.2,24.1,26.4,1.0,18.7,37.4,44,14.33,988.3,loc_vellore,12.9165,79.1325,ECMWF_ERA5_Reanalysis
2021-12-15,27.2,20.5,23.5,28.9,23.7,26.1,0.5,16.3,34.2,32,15.29,988.9,loc_vellore,12.9165,79.1325,ECMWF_ERA5_Reanalysis
2021-12-16,27.8,19.8,23.3,29.5,22.1,25.3,0.0,15.2,32.0,30,15.22,989.6,loc_vellore,12.9165,79.1325,ECMWF_ERA5_Reanalysis
2021-12-17,27.6,18.7,22.9,30.3,20.8,25.1,0.0,11.3,25.9,27,19.27,990.1,loc_vellore,12.9165,79.1325,ECMWF_ERA5_Reanalysis
2021-12-18,27.6,17.6,22.6,29.1,18.9,24.4,0.0,14.3,28.4,23,19.29,989.5,loc_vellore,12.9165,79.1325,ECMWF_ERA5_Reanalysis
2021-12-19,26.6,16.8,21.6,27.8,18.0,22.7,0.0,14.1,30.6,34,19.36,990.6,loc_vellore,12.9165,79.1325,ECMWF_ERA5_Reanalysis
2021-12-20,27.5,17.2,21.9,28.7,18.5,23.2,0.0,13.3,28.1,41,18.14,990.5,loc_vellore,12.9165,79.1325,ECMWF_ERA5_Reanalysis
2021-12-21,27.1,16.9,21.5,30.2,18.0,23.3,0.0,8.7,15.8,317,20.35,990.4,loc_vellore,12.9165,79.1325,ECMWF_ERA5_Reanalysis
2021-12-22,27.3,16.7,21.7,31.0,17.8,23.9,0.0,8.8,15.8,183,20.09,989.1,loc_vellore,12.9165,79.1325,ECMWF_ERA5_Reanalysis
2021-12-23,28.0,16.5,21.7,30.8,17.6,23.5,0.0,8.0,16.9,124,20.33,988.6,loc_vellore,12.9165,79.1325,ECMWF_ERA5_Reanalysis
2021-12-24,27.6,15.7,21.2,30.5,16.7,22.9,0.0,8.4,16.9,175,20.43,988.6,loc_vellore,12.9165,79.1325,ECMWF_ERA5_Reanalysis
2021-12-25,28.3,16.5,21.9,31.9,17.7,24.0,0.0,10.7,20.5,162,20.3,989.1,loc_vellore,12.9165,79.1325,ECMWF_ERA5_Reanalysis
2021-12-26,28.2,16.7,22.2,31.2,18.2,24.4,0.0,9.8,22.0,135,19.95,990.2,loc_vellore,12.9165,79.1325,ECMWF_ERA5_Reanalysis
2021-12-27,28.6,17.2,22.8,30.2,19.1,24.9,0.0,9.8,23.4,120,16.91,990.7,loc_vellore,12.9165,79.1325,ECMWF_ERA5_Reanalysis
2021-12-28,27.6,18.0,22.6,30.6,20.2,25.3,1.5,14.2,31.7,88,16.85,989.9,loc_vellore,12.9165,79.1325,ECMWF_ERA5_Reanalysis
2021-12-29,28.4,19.1,23.4,31.2,21.9,26.3,1.4,12.0,26.6,90,17.67,989.1,loc_vellore,12.9165,79.1325,ECMWF_ERA5_Reanalysis
2021-12-30,28.0,18.9,22.2,29.8,21.3,24.7,9.8,18.9,38.9,55,13.47,990.5,loc_vellore,12.9165,79.1325,ECMWF_ERA5_Reanalysis
2021-12-31,26.7,20.4,22.4,28.7,23.6,25.1,23.1,19.6,42.8,54,12.91,991.5,loc_vellore,12.9165,79.1325,ECMWF_ERA5_Reanalysis
2022-01-01,27.4,20.8,23.0,29.6,23.8,25.7,5.8,16.8,37.1,53,12.17,991.6,loc_vellore,12.9165,79.1325,ECMWF_ERA5_Reanalysis
2022-01-02,28.4,19.6,23.3,30.2,22.4,25.7,0.5,15.6,32.8,57,16.99,990.5,loc_vellore,12.9165,79.1325,ECMWF_ERA5_Reanalysis
2022-01-03,28.4,19.3,23.3,30.8,22.0,25.7,0.2,11.3,26.3,55,17.58,990.0,loc_vellore,12.9165,79.1325,ECMWF_ERA5_Reanalysis
2022-01-04,28.1,18.7,22.9,30.2,21.1,24.9,0.2,12.3,26.3,52,19.37,990.3,loc_vellore,12.9165,79.1325,ECMWF_ERA5_Reanalysis
2022-01-05,28.3,17.7,22.6,30.8,19.3,24.7,0.0,10.1,20.5,66,18.89,990.0,loc_vellore,12.9165,79.1325,ECMWF_ERA5_Reanalysis
2022-01-06,28.8,18.1,23.2,31.0,20.2,25.5,0.0,10.3,22.7,96,18.05,989.0,loc_vellore,12.9165,79.1325,ECMWF_ERA5_Reanalysis
2022-01-07,29.3,18.5,23.5,31.7,21.2,26.1,0.0,15.2,28.8,102,17.18,989.3,loc_vellore,12.9165,79.1325,ECMWF_ERA5_Reanalysis
2022-01-08,28.9,19.9,23.9,30.9,23.1,26.7,0.3,10.9,22.3,84,16.17,989.6,loc_vellore,12.9165,79.1325,ECMWF_ERA5_Reanalysis
2022-01-09,29.1,19.9,23.8,31.9,23.1,26.6,0.0,10.0,18.4,99,16.97,988.3,loc_vellore,12.9165,79.1325,ECMWF_ERA5_Reanalysis
2022-01-10,29.2,18.7,23.7,32.4,21.5,26.6,0.0,10.6,23.0,135,19.32,988.2,loc_vellore,12.9165,79.1325,ECMWF_ERA5_Reanalysis
2022-01-11,29.6,19.1,24.2,33.3,22.0,27.2,0.1,15.1,30.2,134,17.88,988.0,loc_vellore,12.9165,79.1325,ECMWF_ERA5_Reanalysis
2022-01-12,29.2,20.7,24.6,32.4,24.1,27.8,0.1,12.3,23.8,137,18.35,987.5,loc_vellore,12.9165,79.1325,ECMWF_ERA5_Reanalysis
2022-01-13,29.7,21.6,25.2,33.8,24.8,28.7,0.3,9.5,22.3,148,18.28,986.9,loc_vellore,12.9165,79.1325,ECMWF_ERA5_Reanalysis
2022-01-14,29.7,21.9,24.8,34.0,25.8,28.5,1.9,11.1,23.8,145,17.41,986.8,loc_vellore,12.9165,79.1325,ECMWF_ERA5_Reanalysis
2022-01-15,29.5,21.0,24.0,33.8,24.2,27.6,2.9,13.3,29.2,92,17.24,987.7,loc_vellore,12.9165,79.1325,ECMWF_ERA5_Reanalysis
2022-01-16,28.2,21.2,23.9,30.0,24.5,26.5,4.0,15.5,30.6,61,13.48,989.4,loc_vellore,12.9165,79.1325,ECMWF_ERA5_Reanalysis
2022-01-17,27.0,19.7,22.8,28.3,22.4,25.0,1.4,15.5,36.7,57,12.71,991.1,loc_vellore,12.9165,79.1325,ECMWF_ERA5_Reanalysis
2022-01-18,28.1,19.1,22.7,30.4,21.5,25.0,0.9,13.3,30.2,66,17.99,990.3,loc_vellore,12.9165,79.1325,ECMWF_ERA5_Reanalysis
2022-01-19,29.5,18.6,23.1,31.5,20.3,25.0,0.0,9.1,22.7,1,20.42,988.5,loc_vellore,12.9165,79.1325,ECMWF_ERA5_Reanalysis
2022-01-20,29.6,16.9,23.0,32.5,18.2,24.8,0.0,9.3,17.3,185,21.18,986.7,loc_vellore,12.9165,79.1325,ECMWF_ERA5_Reanalysis
2022-01-21,31.7,17.2,24.1,34.5,18.8,25.9,0.0,14.0,25.2,175,21.16,986.3,loc_vellore,12.9165,79.1325,ECMWF_ERA5_Reanalysis
2022-01-22,33.8,18.3,25.2,35.1,19.4,26.8,0.0,11.6,26.6,259,21.61,984.4,loc_vellore,12.9165,79.1325,ECMWF_ERA5_Reanalysis
2022-01-23,32.6,20.6,25.6,35.9,24.0,28.5,0.0,18.7,36.4,153,20.65,984.6,loc_vellore,12.9165,79.1325,ECMWF_ERA5_Reanalysis
2022-01-24,31.3,21.4,25.4,34.0,24.8,28.5,0.0,16.1,31.7,154,18.99,984.6,loc_vellore,12.9165,79.1325,ECMWF_ERA5_Reanalysis
2022-01-25,30.3,19.9,24.7,31.8,23.2,27.2,0.2,14.2,31.0,157,18.68,985.0,loc_vellore,12.9165,79.1325,ECMWF_ERA5_Reanalysis
2022-01-26,27.6,20.1,23.9,29.9,23.3,26.5,1.2,11.4,27.7,132,17.71,986.0,loc_vellore,12.9165,79.1325,ECMWF_ERA5_Reanalysis
2022-01-27,28.2,20.4,23.8,30.9,23.7,26.5,1.9,13.7,27.0,65,16.75,986.8,loc_vellore,12.9165,79.1325,ECMWF_ERA5_Reanalysis
2022-01-28,28.5,19.8,23.8,29.5,22.3,25.6,1.9,17.4,37.4,56,17.2,988.3,loc_vellore,12.9165,79.1325,ECMWF_ERA5_Reanalysis
2022-01-29,27.1,19.4,23.2,27.9,22.0,25.4,0.8,17.1,36.0,39,10.12,989.2,loc_vellore,12.9165,79.1325,ECMWF_ERA5_Reanalysis
2022-01-30,29.9,20.2,24.4,32.9,23.3,27.4,0.0,10.9,23.4,82,13.33,988.1,loc_vellore,12.9165,79.1325,ECMWF_ERA5_Reanalysis
2022-01-31,31.1,19.1,24.7,34.8,21.9,27.5,0.0,16.2,33.5,122,18.9,987.1,loc_vellore,12.9165,79.1325,ECMWF_ERA5_Reanalysis
2022-02-01,30.8,19.4,24.5,34.1,22.0,27.2,0.0,14.3,28.4,137,21.59,986.6,loc_vellore,12.9165,79.1325,ECMWF_ERA5_Reanalysis
2022-02-02,30.7,18.1,24.0,33.3,20.6,26.4,0.0,14.9,27.4,133,22.33,987.3,loc_vellore,12.9165,79.1325,ECMWF_ERA5_Reanalysis
2022-02-03,30.4,17.7,23.9,32.2,19.4,25.6,0.0,13.0,24.1,153,22.44,986.7,loc_vellore,12.9165,79.1325,ECMWF_ERA5_Reanalysis
2022-02-04,32.7,19.1,25.5,34.9,21.2,27.8,0.0,14.5,27.0,186,22.54,985.0,loc_vellore,12.9165,79.1325,ECMWF_ERA5_Reanalysis
2022-02-05,31.5,20.2,25.6,35.1,23.5,28.6,0.0,13.7,25.9,143,20.5,986.0,loc_vellore,12.9165,79.1325,ECMWF_ERA5_Reanalysis
2022-02-06,29.4,21.2,25.0,33.3,24.9,27.9,1.2,13.0,24.8,105,18.81,988.9,loc_vellore,12.9165,79.1325,ECMWF_ERA5_Reanalysis
2022-02-07,31.3,20.4,25.2,32.8,23.6,27.3,0.0,14.9,28.8,81,20.97,989.2,loc_vellore,12.9165,79.1325,ECMWF_ERA5_Reanalysis
2022-02-08,31.1,18.2,24.4,32.7,20.4,26.1,0.0,15.8,30.2,93,22.13,988.1,loc_vellore,12.9165,79.1325,ECMWF_ERA5_Reanalysis
2022-02-09,30.3,18.9,24.3,31.6,21.6,26.0,0.0,15.1,31.7,86,19.98,988.2,loc_vellore,12.9165,79.1325,ECMWF_ERA5_Reanalysis
2022-02-10,31.2,17.6,24.0,32.6,19.4,25.7,0.0,12.3,25.6,56,23.28,987.6,loc_vellore,12.9165,79.1325,ECMWF_ERA5_Reanalysis
2022-02-11,31.0,17.5,23.9,32.2,19.2,25.2,0.0,18.6,38.9,60,22.36,987.5,loc_vellore,12.9165,79.1325,ECMWF_ERA5_Reanalysis
2022-02-12,30.6,18.5,24.3,31.4,21.0,25.9,0.0,17.7,38.9,65,20.31,987.1,loc_vellore,12.9165,79.1325,ECMWF_ERA5_Reanalysis
2022-02-13,31.2,19.0,24.5,32.6,21.6,26.4,0.0,14.8,31.3,78,20.33,986.2,loc_vellore,12.9165,79.1325,ECMWF_ERA5_Reanalysis
2022-02-14,31.3,20.2,24.9,33.0,23.1,26.9,0.3,16.7,34.9,73,19.79,986.2,loc_vellore,12.9165,79.1325,ECMWF_ERA5_Reanalysis
2022-02-15,30.2,19.6,24.7,32.0,22.2,26.5,0.0,18.0,35.3,78,20.02,986.4,loc_vellore,12.9165,79.1325,ECMWF_ERA5_Reanalysis
2022-02-16,31.3,18.8,24.6,33.0,21.2,26.3,0.0,16.2,31.0,83,21.99,984.5,loc_vellore,12.9165,79.1325,ECMWF_ERA5_Reanalysis
2022-02-17,30.2,18.5,24.2,32.3,20.5,25.9,0.0,13.1,30.2,84,22.31,983.7,loc_vellore,12.9165,79.1325,ECMWF_ERA5_Reanalysis
2022-02-18,31.5,18.1,24.5,32.8,20.4,26.4,0.0,17.1,34.9,76,22.24,985.3,loc_vellore,12.9165,79.1325,ECMWF_ERA5_Reanalysis
2022-02-19,31.2,18.6,24.7,33.2,20.7,26.7,0.0,14.0,32.0,84,23.03,987.3,loc_vellore,12.9165,79.1325,ECMWF_ERA5_Reanalysis
2022-02-20,32.6,18.8,25.3,34.9,21.3,27.4,0.0,12.5,29.9,163,24.12,986.2,loc_vellore,12.9165,79.1325,ECMWF_ERA5_Reanalysis
2022-02-21,34.2,18.8,26.5,37.0,21.0,28.5,0.0,14.0,27.7,163,22.96,984.7,loc_vellore,12.9165,79.1325,ECMWF_ERA5_Reanalysis
2022-02-22,32.9,19.9,26.3,34.9,22.5,28.3,0.0,14.5,29.9,123,22.94,986.8,loc_vellore,12.9165,79.1325,ECMWF_ERA5_Reanalysis
2022-02-23,32.0,21.8,26.0,33.5,25.3,28.1,0.3,16.7,34.9,101,22.94,989.6,loc_vellore,12.9165,79.1325,ECMWF_ERA5_Reanalysis
2022-02-24,31.6,20.5,25.3,33.2,22.1,27.4,0.0,13.3,31.0,85,23.41,990.6,loc_vellore,12.9165,79.1325,ECMWF_ERA5_Reanalysis
2022-02-25,31.9,17.5,24.4,32.9,19.1,26.0,0.0,18.0,34.2,96,24.67,989.6,loc_vellore,12.9165,79.1325,ECMWF_ERA5_Reanalysis
2022-02-26,31.8,19.0,25.0,32.9,21.2,26.8,0.0,15.6,31.0,89,22.4,989.6,loc_vellore,12.9165,79.1325,ECMWF_ERA5_Reanalysis
2022-02-27,32.5,20.6,26.1,34.5,23.7,28.2,0.0,14.1,26.6,76,23.48,989.5,loc_vellore,12.9165,79.1325,ECMWF_ERA5_Reanalysis
2022-02-28,33.1,19.3,26.0,34.4,22.2,27.7,0.0,15.8,32.8,91,23.64,989.0,loc_vellore,12.9165,79.1325,ECMWF_ERA5_Reanalysis
2022-03-01,33.5,19.0,25.9,32.7,21.3,26.6,0.0,15.3,34.6,89,24.87,988.9,loc_vellore,12.9165,79.1325,ECMWF_ERA5_Reanalysis
2022-03-02,33.2,17.5,25.1,33.0,18.7,25.2,0.0,15.2,34.6,77,24.63,988.3,loc_vellore,12.9165,79.1325,ECMWF_ERA5_Reanalysis
2022-03-03,32.1,18.1,24.9,33.2,19.3,25.9,0.0,19.2,41.4,60,22.69,987.9,loc_vellore,12.9165,79.1325,ECMWF_ERA5_Reanalysis
2022-03-04,33.0,18.9,25.6,33.9,20.0,26.7,0.0,21.3,42.8,42,23.74,987.3,loc_vellore,12.9165,79.1325,ECMWF_ERA5_Reanalysis
2022-03-05,33.1,20.6,26.2,34.6,23.1,27.8,0.0,18.3,38.2,34,23.01,986.7,loc_vellore,12.9165,79.1325,ECMWF_ERA5_Reanalysis
2022-03-06,31.4,20.1,25.5,32.0,22.9,26.9,0.9,20.1,41.0,48,19.68,986.8,loc_vellore,12.9165,79.1325,ECMWF_ERA5_Reanalysis
2022-03-07,30.3,21.1,25.4,31.3,22.5,26.7,4.8,20.5,41.8,93,12.84,987.1,loc_vellore,12.9165,79.1325,ECMWF_ERA5_Reanalysis
2022-03-08,33.6,20.0,26.4,35.6,23.2,28.8,0.0,18.0,33.8,107,23.81,986.9,loc_vellore,12.9165,79.1325,ECMWF_ERA5_Reanalysis
2022-03-09,34.5,19.3,26.7,35.3,22.0,27.9,0.0,16.8,36.0,101,25.17,986.3,loc_vellore,12.9165,79.1325,ECMWF_ERA5_Reanalysis
2022-03-10,34.3,18.9,26.5,35.1,20.2,27.3,0.0,15.5,34.2,91,25.21,986.0,loc_vellore,12.9165,79.1325,ECMWF_ERA5_Reanalysis
2022-03-11,34.6,18.3,26.3,34.8,20.0,27.3,0.0,17.7,38.5,81,25.5,985.7,loc_vellore,12.9165,79.1325,ECMWF_ERA5_Reanalysis
2022-03-12,34.7,18.8,26.7,34.4,20.2,26.9,0.0,18.3,38.9,81,25.58,985.2,loc_vellore,12.9165,79.1325,ECMWF_ERA5_Reanalysis
2022-03-13,34.8,19.2,27.1,34.9,19.4,27.1,0.0,16.6,36.4,88,23.32,985.6,loc_vellore,12.9165,79.1325,ECMWF_ERA5_Reanalysis
2022-03-14,35.8,20.4,27.9,36.2,20.8,28.4,0.0,15.8,35.3,94,25.28,985.7,loc_vellore,12.9165,79.1325,ECMWF_ERA5_Reanalysis
2022-03-15,36.3,20.1,28.1,36.9,21.9,28.9,0.0,17.5,33.1,118,24.16,984.4,loc_vellore,12.9165,79.1325,ECMWF_ERA5_Reanalysis
2022-03-16,37.8,20.2,28.8,37.3,21.1,28.9,0.0,17.0,34.6,116,25.3,983.0,loc_vellore,12.9165,79.1325,ECMWF_ERA5_Reanalysis
2022-03-17,38.0,20.6,29.5,37.5,21.3,29.5,0.0,16.4,37.1,120,25.08,982.3,loc_vellore,12.9165,79.1325,ECMWF_ERA5_Reanalysis
2022-03-18,38.1,20.6,29.2,38.3,22.1,29.6,0.0,13.2,31.0,139,25.89,982.1,loc_vellore,12.9165,79.1325,ECMWF_ERA5_Reanalysis
2022-03-19,36.4,22.9,29.4,40.1,26.7,32.0,0.0,16.6,32.0,140,23.48,982.2,loc_vellore,12.9165,79.1325,ECMWF_ERA5_Reanalysis
2022-03-20,36.4,24.8,30.1,37.3,29.3,32.6,0.0,11.1,28.4,172,17.29,981.8,loc_vellore,12.9165,79.1325,ECMWF_ERA5_Reanalysis
2022-03-21,38.1,24.3,30.2,41.8,26.9,32.5,1.4,25.4,54.0,288,20.94,982.1,loc_vellore,12.9165,79.1325,ECMWF_ERA5_Reanalysis
2022-03-22,37.3,24.9,30.3,41.8,26.4,32.9,0.8,14.8,29.2,275,16.86,982.7,loc_vellore,12.9165,79.1325,ECMWF_ERA5_Reanalysis
2022-03-23,36.7,25.7,30.4,40.2,30.5,34.0,0.0,14.5,33.8,139,22.63,982.7,loc_vellore,12.9165,79.1325,ECMWF_ERA5_Reanalysis
2022-03-24,36.3,24.6,29.8,39.1,29.4,33.0,0.0,17.1,35.6,144,24.46,983.2,loc_vellore,12.9165,79.1325,ECMWF_ERA5_Reanalysis
2022-03-25,35.8,24.0,29.3,38.7,28.9,32.7,0.3,17.4,34.2,145,24.14,984.3,loc_vellore,12.9165,79.1325,ECMWF_ERA5_Reanalysis
2022-03-26,36.2,24.4,29.6,40.7,28.9,33.3,0.0,17.0,38.9,145,23.12,986.0,loc_vellore,12.9165,79.1325,ECMWF_ERA5_Reanalysis
2022-03-27,36.4,23.8,29.8,39.6,27.9,33.0,0.0,15.6,31.7,151,24.84,986.2,loc_vellore,12.9165,79.1325,ECMWF_ERA5_Reanalysis
2022-03-28,37.0,23.9,30.2,39.9,27.3,33.1,0.0,14.5,30.2,151,24.6,985.5,loc_vellore,12.9165,79.1325,ECMWF_ERA5_Reanalysis
2022-03-29,37.4,24.5,30.5,40.2,28.3,33.4,0.0,13.3,29.2,152,24.78,984.3,loc_vellore,12.9165,79.1325,ECMWF_ERA5_Reanalysis
2022-03-30,37.6,24.9,30.8,41.5,29.3,34.2,0.0,14.1,27.0,145,24.35,983.8,loc_vellore,12.9165,79.1325,ECMWF_ERA5_Reanalysis
2022-03-31,37.6,24.5,30.5,41.3,27.7,33.2,0.0,15.1,28.4,146,24.3,983.9,loc_vellore,12.9165,79.1325,ECMWF_ERA5_Reanalysis
2022-04-01,36.2,24.4,29.8,38.6,28.3,32.6,0.0,15.1,33.5,154,24.51,984.6,loc_vellore,12.9165,79.1325,ECMWF_ERA5_Reanalysis
2022-04-02,36.4,24.3,29.7,38.9,28.1,32.7,0.0,15.2,29.2,149,25.02,985.7,loc_vellore,12.9165,79.1325,ECMWF_ERA5_Reanalysis
2022-04-03,36.3,23.6,29.4,38.8,28.2,32.3,0.0,15.0,31.7,145,25.25,985.2,loc_vellore,12.9165,79.1325,ECMWF_ERA5_Reanalysis
2022-04-04,36.4,24.0,29.3,38.6,27.9,32.1,0.0,16.2,34.6,142,24.46,986.2,loc_vellore,12.9165,79.1325,ECMWF_ERA5_Reanalysis
2022-04-05,35.5,24.5,29.1,37.8,28.3,31.8,0.0,16.1,32.4,143,23.71,987.7,loc_vellore,12.9165,79.1325,ECMWF_ERA5_Reanalysis
2022-04-06,35.7,22.0,28.7,38.4,25.8,31.6,0.0,15.1,28.8,135,25.14,987.6,loc_vellore,12.9165,79.1325,ECMWF_ERA5_Reanalysis
2022-04-07,36.8,23.3,29.6,39.6,27.9,32.7,0.0,17.9,37.1,104,25.49,986.4,loc_vellore,12.9165,79.1325,ECMWF_ERA5_Reanalysis
2022-04-08,36.1,24.4,29.4,40.4,29.5,33.2,0.0,16.8,37.1,129,23.45,985.5,loc_vellore,12.9165,79.1325,ECMWF_ERA5_Reanalysis
2022-04-09,35.6,24.1,29.3,38.8,29.0,32.8,0.0,14.5,31.3,119,21.46,984.7,loc_vellore,12.9165,79.1325,ECMWF_ERA5_Reanalysis
2022-04-10,35.8,24.2,29.7,38.3,29.3,33.2,0.1,16.4,35.6,94,23.44,984.0,loc_vellore,12.9165,79.1325,ECMWF_ERA5_Reanalysis
2022-04-11,33.5,24.9,29.0,37.5,30.3,33.0,2.2,15.2,31.3,93,19.31,983.4,loc_vellore,12.9165,79.1325,ECMWF_ERA5_Reanalysis
2022-04-12,34.9,24.0,28.5,38.7,29.2,32.6,1.9,21.8,43.9,132,19.92,982.8,loc_vellore,12.9165,79.1325,ECMWF_ERA5_Reanalysis
2022-04-13,33.5,24.7,28.5,37.9,29.9,32.7,0.8,15.1,33.8,135,17.86,982.5,loc_vellore,12.9165,79.1325,ECMWF_ERA5_Reanalysis
2022-04-14,35.3,24.5,30.0,39.5,29.6,33.9,0.1,15.4,32.4,165,21.44,982.6,loc_vellore,12.9165,79.1325,ECMWF_ERA5_Reanalysis
2022-04-15,37.6,25.3,31.1,41.4,29.7,34.5,0.0,16.6,33.1,159,22.05,982.0,loc_vellore,12.9165,79.1325,ECMWF_ERA5_Reanalysis
2022-04-16,39.4,25.6,32.1,43.0,29.4,35.4,0.0,16.4,31.7,142,25.4,980.7,loc_vellore,12.9165,79.1325,ECMWF_ERA5_Reanalysis
2022-04-17,38.4,26.7,31.0,42.4,28.7,34.6,4.8,18.5,41.8,71,23.31,981.6,loc_vellore,12.9165,79.1325,ECMWF_ERA5_Reanalysis
2022-04-18,36.3,26.0,30.5,41.1,28.6,34.3,0.3,13.4,30.2,44,23.59,983.6,loc_vellore,12.9165,79.1325,ECMWF_ERA5_Reanalysis
2022-04-19,36.6,25.2,30.6,41.4,30.2,34.9,0.1,13.0,26.3,123,25.28,984.8,loc_vellore,12.9165,79.1325,ECMWF_ERA5_Reanalysis
2022-04-20,37.8,24.7,30.7,41.3,30.0,34.7,0.0,15.5,29.2,129,24.62,983.4,loc_vellore,12.9165,79.1325,ECMWF_ERA5_Reanalysis
2022-04-21,36.7,24.6,29.9,39.9,29.4,33.4,0.0,16.3,31.3,141,24.56,983.1,loc_vellore,12.9165,79.1325,ECMWF_ERA5_Reanalysis
2022-04-22,35.8,24.2,29.5,39.1,28.7,32.7,0.0,15.8,30.2,137,24.75,984.4,loc_vellore,12.9165,79.1325,ECMWF_ERA5_Reanalysis
2022-04-23,35.9,24.3,29.9,39.0,29.1,33.4,0.0,15.0,29.9,145,22.89,984.8,loc_vellore,12.9165,79.1325,ECMWF_ERA5_Reanalysis
2022-04-24,38.6,25.2,31.2,41.6,30.2,34.3,0.0,15.5,33.8,105,23.54,983.3,loc_vellore,12.9165,79.1325,ECMWF_ERA5_Reanalysis
2022-04-25,38.5,23.2,30.9,40.4,26.3,33.3,0.0,15.6,30.2,153,25.6,982.7,loc_vellore,12.9165,79.1325,ECMWF_ERA5_Reanalysis
2022-04-26,38.5,24.8,31.3,41.1,29.1,34.4,0.0,14.9,29.2,145,25.03,983.0,loc_vellore,12.9165,79.1325,ECMWF_ERA5_Reanalysis
2022-04-27,38.4,24.4,31.0,41.1,28.6,34.0,0.0,16.3,32.0,133,25.93,982.8,loc_vellore,12.9165,79.1325,ECMWF_ERA5_Reanalysis
2022-04-28,38.3,24.6,31.2,41.1,28.8,34.5,0.0,13.0,31.0,147,25.75,983.4,loc_vellore,12.9165,79.1325,ECMWF_ERA5_Reanalysis
2022-04-29,39.7,25.0,32.2,41.7,29.8,35.0,0.0,17.3,34.6,117,25.57,983.0,loc_vellore,12.9165,79.1325,ECMWF_ERA5_Reanalysis
2022-04-30,40.2,25.4,32.9,43.3,30.2,35.6,0.0,12.4,27.7,138,24.44,981.3,loc_vellore,12.9165,79.1325,ECMWF_ERA5_Reanalysis
2022-05-01,40.7,25.9,32.9,43.6,30.5,35.9,0.0,13.1,29.5,121,24.88,980.1,loc_vellore,12.9165,79.1325,ECMWF_ERA5_Reanalysis
2022-05-02,40.3,26.3,33.0,42.2,29.9,35.7,0.0,15.9,31.3,27,24.05,980.3,loc_vellore,12.9165,79.1325,ECMWF_ERA5_Reanalysis
2022-05-03,39.4,26.9,31.7,42.8,31.4,35.4,0.2,21.9,43.2,121,24.06,981.4,loc_vellore,12.9165,79.1325,ECMWF_ERA5_Reanalysis
2022-05-04,38.6,26.5,30.9,43.0,31.7,35.6,1.0,14.4,32.0,123,24.25,982.8,loc_vellore,12.9165,79.1325,ECMWF_ERA5_Reanalysis
2022-05-05,36.7,26.1,30.0,42.4,31.1,34.9,2.3,12.9,25.6,192,23.14,982.3,loc_vellore,12.9165,79.1325,ECMWF_ERA5_Reanalysis
2022-05-06,38.1,25.5,30.9,42.4,30.0,34.6,0.0,18.1,33.1,113,24.21,981.6,loc_vellore,12.9165,79.1325,ECMWF_ERA5_Reanalysis
2022-05-07,38.4,24.5,30.4,41.8,28.3,33.8,0.1,12.7,27.0,53,23.76,980.9,loc_vellore,12.9165,79.1325,ECMWF_ERA5_Reanalysis
2022-05-08,38.8,25.2,31.4,41.4,28.9,34.1,0.0,18.6,38.9,52,20.59,979.2,loc_vellore,12.9165,79.1325,ECMWF_ERA5_Reanalysis
2022-05-09,36.7,27.0,31.5,39.4,29.1,33.9,0.0,18.4,34.9,285,11.47,977.3,loc_vellore,12.9165,79.1325,ECMWF_ERA5_Reanalysis
2022-05-10,30.5,27.4,28.9,33.4,29.7,30.9,2.2,23.6,46.8,266,3.61,976.5,loc_vellore,12.9165,79.1325,ECMWF_ERA5_Reanalysis
2022-05-11,31.7,27.5,29.3,32.4,27.4,30.3,0.0,25.2,47.9,266,8.47,977.2,loc_vellore,12.9165,79.1325,ECMWF_ERA5_Reanalysis
2022-05-12,28.2,25.7,27.0,32.7,26.5,29.3,16.9,20.5,43.9,258,6.93,979.2,loc_vellore,12.9165,79.1325,ECMWF_ERA5_Reanalysis
2022-05-13,34.3,24.1,28.3,38.1,26.4,31.3,10.8,20.4,43.9,275,16.11,979.2,loc_vellore,12.9165,79.1325,ECMWF_ERA5_Reanalysis
2022-05-14,33.6,25.1,28.0,40.6,27.9,32.6,27.4,15.5,32.8,264,19.17,979.7,loc_vellore,12.9165,79.1325,ECMWF_ERA5_Reanalysis
2022-05-15,33.9,24.8,27.7,39.3,27.8,32.3,19.1,18.2,37.4,270,20.06,980.6,loc_vellore,12.9165,79.1325,ECMWF_ERA5_Reanalysis
2022-05-16,31.8,24.8,27.2,38.2,29.3,32.4,21.4,14.1,29.2,275,16.65,980.3,loc_vellore,12.9165,79.1325,ECMWF_ERA5_Reanalysis
2022-05-17,32.7,23.8,27.5,38.7,28.9,33.1,12.2,10.7,25.2,175,22.69,979.1,loc_vellore,12.9165,79.1325,ECMWF_ERA5_Reanalysis
2022-05-18,31.9,24.0,27.0,38.4,29.4,32.5,12.4,13.2,33.5,161,18.26,979.6,loc_vellore,12.9165,79.1325,ECMWF_ERA5_Reanalysis
2022-05-19,32.5,24.1,27.8,35.7,27.0,31.5,0.4,19.4,40.3,245,22.92,980.6,loc_vellore,12.9165,79.1325,ECMWF_ERA5_Reanalysis
2022-05-20,33.4,23.8,28.1,36.5,25.6,30.7,1.2,22.0,44.6,262,23.02,981.8,loc_vellore,12.9165,79.1325,ECMWF_ERA5_Reanalysis
2022-05-21,33.5,24.3,28.7,34.6,27.1,30.4,0.1,24.8,49.0,266,21.29,980.9,loc_vellore,12.9165,79.1325,ECMWF_ERA5_Reanalysis
2022-05-22,34.5,26.0,29.3,37.3,26.9,31.0,0.0,22.3,48.6,268,20.35,979.0,loc_vellore,12.9165,79.1325,ECMWF_ERA5_Reanalysis
2022-05-23,36.3,25.6,29.9,39.8,26.2,32.4,0.0,22.5,43.9,274,25.24,978.7,loc_vellore,12.9165,79.1325,ECMWF_ERA5_Reanalysis
2022-05-24,35.6,26.0,30.2,40.9,28.5,33.5,0.0,16.6,34.2,264,23.93,981.0,loc_vellore,12.9165,79.1325,ECMWF_ERA5_Reanalysis
2022-05-25,35.2,25.6,29.7,41.3,28.3,34.0,1.1,12.7,27.4,270,21.41,982.7,loc_vellore,12.9165,79.1325,ECMWF_ERA5_Reanalysis
2022-05-26,34.0,25.1,29.2,38.5,26.4,32.9,1.4,19.5,44.6,250,21.48,982.9,loc_vellore,12.9165,79.1325,ECMWF_ERA5_Reanalysis
2022-05-27,36.6,25.0,30.1,40.2,27.0,32.7,0.0,19.1,36.4,269,23.84,982.1,loc_vellore,12.9165,79.1325,ECMWF_ERA5_Reanalysis
2022-05-28,36.7,26.2,30.8,40.2,27.4,32.9,0.0,20.5,40.0,256,24.26,981.1,loc_vellore,12.9165,79.1325,ECMWF_ERA5_Reanalysis
2022-05-29,36.9,26.8,30.8,40.3,27.9,33.1,0.1,19.5,38.2,258,23.7,981.0,loc_vellore,12.9165,79.1325,ECMWF_ERA5_Reanalysis
2022-05-30,37.0,26.9,30.6,41.6,28.6,33.6,0.7,17.4,34.6,260,22.85,980.4,loc_vellore,12.9165,79.1325,ECMWF_ERA5_Reanalysis
2022-05-31,37.5,25.5,30.5,41.2,26.5,32.7,0.2,19.8,40.3,272,21.45,979.7,loc_vellore,12.9165,79.1325,ECMWF_ERA5_Reanalysis
2022-06-01,37.6,26.3,30.7,41.5,27.3,33.0,2.9,21.3,42.8,275,23.41,979.7,loc_vellore,12.9165,79.1325,ECMWF_ERA5_Reanalysis
2022-06-02,37.3,26.4,30.7,41.5,28.0,33.4,0.0,20.5,41.0,272,23.64,979.9,loc_vellore,12.9165,79.1325,ECMWF_ERA5_Reanalysis
2022-06-03,38.2,26.8,31.3,42.5,28.2,33.7,0.2,19.1,38.5,271,24.19,979.3,loc_vellore,12.9165,79.1325,ECMWF_ERA5_Reanalysis
2022-06-04,38.7,26.7,30.6,44.0,27.7,33.3,0.6,20.9,39.2,277,23.68,979.5,loc_vellore,12.9165,79.1325,ECMWF_ERA5_Reanalysis
2022-06-05,38.4,25.9,31.0,43.4,28.8,34.5,0.5,14.4,31.3,255,24.1,979.3,loc_vellore,12.9165,79.1325,ECMWF_ERA5_Reanalysis
2022-06-06,32.7,23.7,28.0,36.5,27.1,31.6,11.7,18.4,37.4,247,11.08,980.7,loc_vellore,12.9165,79.1325,ECMWF_ERA5_Reanalysis
2022-06-07,34.5,24.9,29.2,38.6,28.1,33.1,0.8,19.4,40.7,265,20.08,980.7,loc_vellore,12.9165,79.1325,ECMWF_ERA5_Reanalysis
2022-06-08,37.5,25.3,29.6,41.2,27.3,32.1,5.7,20.2,40.0,272,24.23,980.4,loc_vellore,12.9165,79.1325,ECMWF_ERA5_Reanalysis
2022-06-09,36.0,26.4,30.0,40.5,27.2,32.7,0.0,23.4,43.6,268,23.89,979.9,loc_vellore,12.9165,79.1325,ECMWF_ERA5_Reanalysis
2022-06-10,35.7,26.7,30.8,39.1,28.5,32.9,0.1,17.9,37.4,256,23.75,980.8,loc_vellore,12.9165,79.1325,ECMWF_ERA5_Reanalysis
2022-06-11,36.3,26.6,30.8,40.0,27.8,32.9,0.2,19.1,37.4,260,23.9,981.7,loc_vellore,12.9165,79.1325,ECMWF_ERA5_Reanalysis
2022-06-12,36.5,26.0,30.2,40.5,28.3,33.0,1.4,18.0,37.1,268,22.29,981.7,loc_vellore,12.9165,79.1325,ECMWF_ERA5_Reanalysis
2022-06-13,35.6,25.9,29.4,40.2,27.9,32.7,0.0,16.0,33.1,282,23.02,982.5,loc_vellore,12.9165,79.1325,ECMWF_ERA5_Reanalysis
2022-06-14,35.7,24.7,29.4,40.4,28.4,33.1,5.8,17.8,34.9,279,22.83,982.0,loc_vellore,12.9165,79.1325,ECMWF_ERA5_Reanalysis
2022-06-15,33.9,24.4,28.5,38.3,27.8,32.4,1.5,15.5,32.0,283,22.29,981.5,loc_vellore,12.9165,79.1325,ECMWF_ERA5_Reanalysis
2022-06-16,33.4,23.7,27.6,39.8,28.3,32.7,11.7,10.2,25.2,289,22.78,981.7,loc_vellore,12.9165,79.1325,ECMWF_ERA5_Reanalysis
2022-06-17,32.7,23.4,27.8,38.9,26.5,32.2,2.7,12.7,28.8,215,22.81,981.5,loc_vellore,12.9165,79.1325,ECMWF_ERA5_Reanalysis
2022-06-18,31.4,23.7,27.1,38.1,27.9,32.1,11.7,15.6,35.3,203,19.11,981.9,loc_vellore,12.9165,79.1325,ECMWF_ERA5_Reanalysis
2022-06-19,32.2,24.4,27.6,38.1,29.3,32.8,8.5,10.7,25.9,246,21.74,982.0,loc_vellore,12.9165,79.1325,ECMWF_ERA5_Reanalysis
2022-06-20,32.7,24.4,28.0,38.4,28.1,32.7,0.4,13.4,28.1,260,23.72,980.9,loc_vellore,12.9165,79.1325,ECMWF_ERA5_Reanalysis
2022-06-21,33.4,25.0,28.1,36.7,28.5,31.6,2.4,18.0,37.8,266,18.22,979.7,loc_vellore,12.9165,79.1325,ECMWF_ERA5_Reanalysis
2022-06-22,32.5,24.2,27.8,35.1,27.8,31.1,2.2,14.8,32.0,266,15.22,981.0,loc_vellore,12.9165,79.1325,ECMWF_ERA5_Reanalysis
2022-06-23,33.3,24.4,27.8,38.1,28.3,32.0,0.7,13.3,27.0,244,18.03,982.1,loc_vellore,12.9165,79.1325,ECMWF_ERA5_Reanalysis
2022-06-24,34.2,25.3,29.0,37.9,27.9,32.2,1.7,17.8,40.7,258,19.7,981.1,loc_vellore,12.9165,79.1325,ECMWF_ERA5_Reanalysis
2022-06-25,34.2,26.1,29.5,36.3,27.2,31.1,0.4,23.8,46.8,265,18.99,979.2,loc_vellore,12.9165,79.1325,ECMWF_ERA5_Reanalysis
2022-06-26,35.3,26.2,30.2,38.1,28.1,32.0,0.1,21.6,45.7,265,21.27,979.7,loc_vellore,12.9165,79.1325,ECMWF_ERA5_Reanalysis
2022-06-27,34.5,25.8,29.8,36.8,26.6,31.6,0.1,19.1,38.5,269,19.57,981.2,loc_vellore,12.9165,79.1325,ECMWF_ERA5_Reanalysis
2022-06-28,34.8,25.9,29.6,37.6,27.6,32.1,0.0,15.8,32.8,271,20.32,981.3,loc_vellore,12.9165,79.1325,ECMWF_ERA5_Reanalysis
2022-06-29,35.2,26.1,29.1,39.5,27.7,32.0,2.0,21.6,45.0,273,22.43,979.8,loc_vellore,12.9165,79.1325,ECMWF_ERA5_Reanalysis
2022-06-30,35.7,26.1,29.6,39.2,27.7,32.0,0.6,19.4,38.5,272,22.97,979.3,loc_vellore,12.9165,79.1325,ECMWF_ERA5_Reanalysis
2022-07-01,36.1,25.6,29.6,38.8,27.8,32.0,19.7,24.6,49.7,282,20.83,979.3,loc_vellore,12.9165,79.1325,ECMWF_ERA5_Reanalysis
2022-07-02,35.5,24.9,29.6,38.0,27.3,32.1,0.9,20.9,49.3,280,19.44,978.4,loc_vellore,12.9165,79.1325,ECMWF_ERA5_Reanalysis
2022-07-03,35.8,26.9,30.0,38.9,29.1,32.5,0.5,19.5,47.5,269,19.03,978.8,loc_vellore,12.9165,79.1325,ECMWF_ERA5_Reanalysis
2022-07-04,32.0,26.6,28.4,33.3,27.3,29.6,0.8,28.5,57.2,277,11.67,979.2,loc_vellore,12.9165,79.1325,ECMWF_ERA5_Reanalysis
2022-07-05,30.6,26.4,27.9,31.9,27.9,29.7,0.1,22.4,43.6,265,7.66,978.8,loc_vellore,12.9165,79.1325,ECMWF_ERA5_Reanalysis
2022-07-06,31.2,24.4,27.2,32.4,27.4,29.9,0.8,19.4,41.8,262,9.76,980.2,loc_vellore,12.9165,79.1325,ECMWF_ERA5_Reanalysis
2022-07-07,33.1,25.2,27.3,35.1,26.5,29.8,12.9,22.1,47.9,270,12.85,981.9,loc_vellore,12.9165,79.1325,ECMWF_ERA5_Reanalysis
2022-07-08,32.6,25.7,28.3,32.9,26.5,29.5,0.1,24.3,50.8,279,12.56,980.7,loc_vellore,12.9165,79.1325,ECMWF_ERA5_Reanalysis
2022-07-09,31.2,24.6,26.6,31.5,26.5,28.4,2.8,23.0,45.4,263,6.85,979.2,loc_vellore,12.9165,79.1325,ECMWF_ERA5_Reanalysis
2022-07-10,33.3,24.6,27.4,34.4,26.0,29.1,1.9,25.5,52.9,270,14.21,979.5,loc_vellore,12.9165,79.1325,ECMWF_ERA5_Reanalysis
2022-07-11,32.0,24.6,27.3,31.8,25.6,28.3,0.9,27.7,56.5,264,11.49,981.3,loc_vellore,12.9165,79.1325,ECMWF_ERA5_Reanalysis
2022-07-12,34.6,24.3,29.0,34.8,24.8,29.5,0.5,29.5,59.4,265,19.02,980.6,loc_vellore,12.9165,79.1325,ECMWF_ERA5_Reanalysis
2022-07-13,33.9,26.3,29.2,33.4,26.6,29.3,0.2,32.1,63.7,265,19.19,978.6,loc_vellore,12.9165,79.1325,ECMWF_ERA5_Reanalysis
2022-07-14,34.3,25.8,29.3,34.8,25.8,29.4,0.7,31.8,65.5,263,20.05,977.7,loc_vellore,12.9165,79.1325,ECMWF_ERA5_Reanalysis
2022-07-15,35.3,25.9,30.0,36.5,25.6,30.4,0.3,28.1,55.4,265,18.69,978.9,loc_vellore,12.9165,79.1325,ECMWF_ERA5_Reanalysis
2022-07-16,35.8,26.1,29.2,38.2,27.5,31.2,4.3,23.5,47.5,267,18.18,980.3,loc_vellore,12.9165,79.1325,ECMWF_ERA5_Reanalysis
2022-07-17,34.7,25.7,28.8,36.9,27.7,31.2,10.3,24.6,49.0,270,17.34,980.6,loc_vellore,12.9165,79.1325,ECMWF_ERA5_Reanalysis
2022-07-18,33.6,24.9,27.2,37.3,27.8,30.9,11.2,19.1,49.3,260,12.58,981.6,loc_vellore,12.9165,79.1325,ECMWF_ERA5_Reanalysis
2022-07-19,33.9,24.8,28.6,38.7,26.6,32.2,1.6,16.3,32.4,268,21.54,981.8,loc_vellore,12.9165,79.1325,ECMWF_ERA5_Reanalysis
2022-07-20,33.5,24.0,27.3,40.5,28.2,32.4,14.5,9.8,22.0,284,20.79,982.1,loc_vellore,12.9165,79.1325,ECMWF_ERA5_Reanalysis
2022-07-21,32.8,23.8,27.6,39.1,26.9,32.1,23.3,14.9,32.4,280,21.06,981.7,loc_vellore,12.9165,79.1325,ECMWF_ERA5_Reanalysis
2022-07-22,31.5,23.8,26.8,35.5,27.3,30.6,6.2,14.6,29.5,280,15.02,982.0,loc_vellore,12.9165,79.1325,ECMWF_ERA5_Reanalysis
2022-07-23,32.2,23.8,27.3,37.3,27.1,31.2,7.5,14.4,33.1,276,21.39,981.1,loc_vellore,12.9165,79.1325,ECMWF_ERA5_Reanalysis
2022-07-24,32.2,24.1,26.6,36.2,26.2,30.2,2.5,21.3,43.9,278,18.23,981.6,loc_vellore,12.9165,79.1325,ECMWF_ERA5_Reanalysis
2022-07-25,33.3,24.3,27.1,37.6,27.2,31.0,1.3,11.5,30.6,276,20.6,982.5,loc_vellore,12.9165,79.1325,ECMWF_ERA5_Reanalysis
2022-07-26,31.0,23.6,26.6,34.8,27.6,30.9,3.0,14.1,33.1,291,15.5,983.3,loc_vellore,12.9165,79.1325,ECMWF_ERA5_Reanalysis
2022-07-27,31.4,22.9,27.0,35.6,26.7,31.0,1.4,12.7,26.6,94,22.6,983.1,loc_vellore,12.9165,79.1325,ECMWF_ERA5_Reanalysis
2022-07-28,31.9,23.9,27.5,38.1,28.2,32.5,6.0,11.9,26.6,105,22.76,983.6,loc_vellore,12.9165,79.1325,ECMWF_ERA5_Reanalysis
2022-07-29,32.2,23.2,27.5,38.0,28.0,32.4,2.8,10.9,22.3,137,23.26,983.2,loc_vellore,12.9165,79.1325,ECMWF_ERA5_Reanalysis
2022-07-30,32.9,23.6,27.7,39.6,27.8,32.8,7.1,13.4,24.8,100,23.84,982.1,loc_vellore,12.9165,79.1325,ECMWF_ERA5_Reanalysis
2022-07-31,32.9,23.6,27.3,38.7,28.3,32.4,20.7,9.5,21.2,306,23.05,980.4,loc_vellore,12.9165,79.1325,ECMWF_ERA5_Reanalysis
2022-08-01,33.2,23.7,27.5,39.1,27.8,32.1,15.0,11.5,23.8,297,23.44,979.8,loc_vellore,12.9165,79.1325,ECMWF_ERA5_Reanalysis
2022-08-02,32.8,23.8,27.1,37.6,27.3,31.2,3.4,14.1,26.3,291,17.59,978.5,loc_vellore,12.9165,79.1325,ECMWF_ERA5_Reanalysis
2022-08-03,27.9,23.5,25.5,33.4,27.4,30.1,10.3,11.5,22.0,285,12.23,978.6,loc_vellore,12.9165,79.1325,ECMWF_ERA5_Reanalysis
2022-08-04,30.7,23.8,25.9,37.4,27.8,30.3,14.3,11.5,22.3,271,14.47,978.8,loc_vellore,12.9165,79.1325,ECMWF_ERA5_Reanalysis
2022-08-05,29.1,23.8,26.5,31.5,25.9,28.8,2.3,18.1,41.0,262,9.16,979.5,loc_vellore,12.9165,79.1325,ECMWF_ERA5_Reanalysis
2022-08-06,29.4,24.4,26.4,32.0,25.7,28.5,2.5,21.0,45.4,262,7.91,979.0,loc_vellore,12.9165,79.1325,ECMWF_ERA5_Reanalysis
2022-08-07,31.9,25.2,27.8,33.7,26.6,29.7,0.2,24.1,49.3,259,14.55,977.9,loc_vellore,12.9165,79.1325,ECMWF_ERA5_Reanalysis
2022-08-08,32.1,25.9,28.3,33.0,27.3,29.7,0.0,26.9,60.1,257,13.97,977.7,loc_vellore,12.9165,79.1325,ECMWF_ERA5_Reanalysis
2022-08-09,33.0,25.9,28.9,33.5,26.2,29.5,0.2,30.7,61.9,258,20.92,978.1,loc_vellore,12.9165,79.1325,ECMWF_ERA5_Reanalysis
2022-08-10,33.4,25.1,28.7,33.9,25.0,29.3,0.6,27.4,53.6,257,21.31,978.3,loc_vellore,12.9165,79.1325,ECMWF_ERA5_Reanalysis
2022-08-11,34.0,24.8,29.3,34.8,26.2,30.3,0.2,27.0,54.0,261,20.93,979.9,loc_vellore,12.9165,79.1325,ECMWF_ERA5_Reanalysis
2022-08-12,34.1,25.9,29.5,34.7,27.1,30.7,0.0,24.2,50.0,269,17.73,981.2,loc_vellore,12.9165,79.1325,ECMWF_ERA5_Reanalysis
2022-08-13,34.9,25.6,29.7,36.7,26.2,31.0,0.0,22.0,45.0,274,23.09,981.3,loc_vellore,12.9165,79.1325,ECMWF_ERA5_Reanalysis
2022-08-14,34.4,25.8,29.2,36.6,25.7,30.8,0.1,22.1,44.6,278,18.69,982.1,loc_vellore,12.9165,79.1325,ECMWF_ERA5_Reanalysis
2022-08-15,34.6,25.5,28.8,38.3,27.3,31.7,0.5,16.6,34.6,271,20.74,983.0,loc_vellore,12.9165,79.1325,ECMWF_ERA5_Reanalysis
2022-08-16,34.8,24.1,28.4,40.6,28.2,32.7,0.8,14.4,32.4,180,22.33,983.2,loc_vellore,12.9165,79.1325,ECMWF_ERA5_Reanalysis
2022-08-17,34.5,24.1,28.7,40.6,28.8,33.3,0.2,14.1,32.8,209,20.39,983.2,loc_vellore,12.9165,79.1325,ECMWF_ERA5_Reanalysis
2022-08-18,35.4,25.8,29.7,39.5,28.8,33.0,0.5,13.1,27.7,284,18.85,982.2,loc_vellore,12.9165,79.1325,ECMWF_ERA5_Reanalysis
2022-08-19,34.8,23.8,29.2,38.9,26.8,32.0,0.1,14.2,34.2,286,19.55,982.0,loc_vellore,12.9165,79.1325,ECMWF_ERA5_Reanalysis
2022-08-20,35.3,26.2,30.3,38.0,27.8,32.4,0.0,17.1,34.9,279,21.18,981.8,loc_vellore,12.9165,79.1325,ECMWF_ERA5_Reanalysis
2022-08-21,35.3,26.2,29.4,38.3,28.6,32.1,1.5,23.6,44.6,268,19.73,981.4,loc_vellore,12.9165,79.1325,ECMWF_ERA5_Reanalysis
2022-08-22,35.5,25.2,29.5,38.1,27.1,31.9,12.8,20.5,43.9,273,22.96,980.8,loc_vellore,12.9165,79.1325,ECMWF_ERA5_Reanalysis
2022-08-23,35.4,25.0,29.4,39.4,26.9,31.9,0.0,21.0,42.1,273,23.69,981.2,loc_vellore,12.9165,79.1325,ECMWF_ERA5_Reanalysis
2022-08-24,33.6,24.1,27.5,37.9,26.5,30.5,17.6,17.0,37.4,284,16.74,983.1,loc_vellore,12.9165,79.1325,ECMWF_ERA5_Reanalysis
2022-08-25,32.0,23.0,26.5,37.8,26.6,30.4,22.7,15.2,34.2,291,22.45,982.2,loc_vellore,12.9165,79.1325,ECMWF_ERA5_Reanalysis
2022-08-26,32.1,23.1,26.4,37.4,26.2,30.5,24.6,14.2,29.9,286,19.84,981.7,loc_vellore,12.9165,79.1325,ECMWF_ERA5_Reanalysis
2022-08-27,31.3,23.1,26.2,37.7,25.9,30.3,10.7,17.0,31.7,277,18.75,981.6,loc_vellore,12.9165,79.1325,ECMWF_ERA5_Reanalysis
2022-08-28,32.3,23.3,26.1,38.4,26.1,30.0,9.1,14.8,31.7,282,20.43,981.3,loc_vellore,12.9165,79.1325,ECMWF_ERA5_Reanalysis
2022-08-29,30.8,22.9,25.4,37.1,26.5,30.1,19.7,10.7,24.8,309,17.8,982.4,loc_vellore,12.9165,79.1325,ECMWF_ERA5_Reanalysis
2022-08-30,30.5,22.3,26.2,35.9,26.6,31.3,7.5,12.8,28.4,100,22.73,983.0,loc_vellore,12.9165,79.1325,ECMWF_ERA5_Reanalysis
2022-08-31,29.9,22.8,25.3,36.4,27.3,30.3,8.8,9.2,22.0,120,17.03,982.7,loc_vellore,12.9165,79.1325,ECMWF_ERA5_Reanalysis
2022-09-01,29.4,22.2,24.5,35.2,26.8,29.3,10.0,15.4,32.8,122,13.69,982.7,loc_vellore,12.9165,79.1325,ECMWF_ERA5_Reanalysis
2022-09-02,30.6,22.1,26.2,36.2,26.5,30.6,2.1,11.3,22.3,143,20.99,983.1,loc_vellore,12.9165,79.1325,ECMWF_ERA5_Reanalysis
2022-09-03,32.2,22.9,27.1,39.2,27.6,32.2,2.7,12.4,29.9,137,23.83,982.9,loc_vellore,12.9165,79.1325,ECMWF_ERA5_Reanalysis
2022-09-04,31.7,23.0,26.6,38.1,27.9,31.7,25.3,16.7,32.4,293,21.61,982.4,loc_vellore,12.9165,79.1325,ECMWF_ERA5_Reanalysis
2022-09-05,32.5,23.1,27.2,39.3,26.6,31.9,7.9,11.7,23.8,261,24.14,982.0,loc_vellore,12.9165,79.1325,ECMWF_ERA5_Reanalysis
2022-09-06,31.5,23.3,26.3,39.1,27.6,31.6,9.2,9.8,23.4,275,21.4,981.6,loc_vellore,12.9165,79.1325,ECMWF_ERA5_Reanalysis
2022-09-07,31.1,23.7,26.3,35.7,27.8,30.6,10.2,13.8,28.8,274,17.12,981.7,loc_vellore,12.9165,79.1325,ECMWF_ERA5_Reanalysis
2022-09-08,28.5,23.7,25.5,32.7,26.5,29.7,7.8,15.5,29.2,266,9.78,981.5,loc_vellore,12.9165,79.1325,ECMWF_ERA5_Reanalysis
2022-09-09,31.8,23.6,26.9,36.5,26.6,31.0,11.9,18.0,38.2,264,20.42,980.7,loc_vellore,12.9165,79.1325,ECMWF_ERA5_Reanalysis
2022-09-10,31.7,25.4,27.7,34.9,27.3,30.6,0.6,18.1,38.9,260,15.39,980.7,loc_vellore,12.9165,79.1325,ECMWF_ERA5_Reanalysis
2022-09-11,31.0,25.1,27.6,34.0,26.7,30.1,0.0,18.2,35.3,253,9.75,980.4,loc_vellore,12.9165,79.1325,ECMWF_ERA5_Reanalysis
2022-09-12,32.6,24.5,28.1,35.7,26.5,30.7,0.0,20.5,42.1,246,19.77,980.5,loc_vellore,12.9165,79.1325,ECMWF_ERA5_Reanalysis
2022-09-13,33.2,23.9,27.9,37.2,25.6,31.1,0.1,14.4,32.0,253,23.72,982.8,loc_vellore,12.9165,79.1325,ECMWF_ERA5_Reanalysis
2022-09-14,32.9,23.7,27.5,38.0,27.5,31.7,1.3,15.1,34.2,247,23.26,984.8,loc_vellore,12.9165,79.1325,ECMWF_ERA5_Reanalysis
2022-09-15,32.6,23.8,27.6,36.3,27.9,31.5,0.3,11.4,25.9,255,18.57,985.4,loc_vellore,12.9165,79.1325,ECMWF_ERA5_Reanalysis
2022-09-16,33.4,24.8,28.3,37.6,26.8,31.4,0.0,12.6,27.7,266,23.54,983.4,loc_vellore,12.9165,79.1325,ECMWF_ERA5_Reanalysis
2022-09-17,33.6,24.4,28.1,39.0,27.7,31.9,0.0,10.5,23.4,258,23.59,983.1,loc_vellore,12.9165,79.1325,ECMWF_ERA5_Reanalysis
2022-09-18,33.9,25.3,28.6,37.6,27.3,31.7,0.0,14.5,31.0,265,23.14,983.5,loc_vellore,12.9165,79.1325,ECMWF_ERA5_Reanalysis
2022-09-19,33.8,25.4,29.0,36.2,27.4,31.3,0.5,17.6,34.2,273,20.1,983.1,loc_vellore,12.9165,79.1325,ECMWF_ERA5_Reanalysis
2022-09-20,34.3,24.7,28.6,35.9,26.1,30.0,0.0,17.3,36.7,279,23.64,982.7,loc_vellore,12.9165,79.1325,ECMWF_ERA5_Reanalysis
2022-09-21,34.3,24.8,28.9,36.4,26.4,30.8,0.0,16.3,34.2,277,24.22,982.7,loc_vellore,12.9165,79.1325,ECMWF_ERA5_Reanalysis
2022-09-22,34.9,24.4,29.0,36.6,26.5,30.6,0.0,17.3,35.6,275,24.17,983.1,loc_vellore,12.9165,79.1325,ECMWF_ERA5_Reanalysis
2022-09-23,35.1,24.2,28.9,37.2,25.1,30.4,0.0,15.8,31.7,278,23.3,983.7,loc_vellore,12.9165,79.1325,ECMWF_ERA5_Reanalysis
2022-09-24,34.3,25.2,29.3,37.7,26.6,31.5,0.3,15.9,32.4,291,23.92,983.5,loc_vellore,12.9165,79.1325,ECMWF_ERA5_Reanalysis
2022-09-25,33.8,24.2,28.5,38.6,26.6,31.8,0.6,11.9,26.3,293,22.57,982.6,loc_vellore,12.9165,79.1325,ECMWF_ERA5_Reanalysis
2022-09-26,31.7,24.0,26.5,37.7,27.3,31.0,6.2,11.5,29.5,268,17.81,983.6,loc_vellore,12.9165,79.1325,ECMWF_ERA5_Reanalysis
2022-09-27,32.7,24.2,28.1,37.7,28.3,32.4,2.2,12.7,27.7,293,20.39,982.2,loc_vellore,12.9165,79.1325,ECMWF_ERA5_Reanalysis
2022-09-28,32.9,23.9,27.0,38.2,27.4,31.1,8.5,12.6,28.1,293,19.19,981.4,loc_vellore,12.9165,79.1325,ECMWF_ERA5_Reanalysis
2022-09-29,32.5,23.4,27.2,35.9,27.3,30.4,4.7,15.8,31.7,287,15.66,981.2,loc_vellore,12.9165,79.1325,ECMWF_ERA5_Reanalysis
2022-09-30,31.1,23.8,25.6,34.5,26.1,28.8,7.6,18.0,37.4,286,10.88,981.8,loc_vellore,12.9165,79.1325,ECMWF_ERA5_Reanalysis
2022-10-01,28.9,23.8,26.2,31.8,26.1,28.5,1.6,17.9,42.5,281,8.58,982.0,loc_vellore,12.9165,79.1325,ECMWF_ERA5_Reanalysis
2022-10-02,32.1,24.8,27.8,35.3,26.4,29.9,0.0,20.1,45.4,293,18.07,981.6,loc_vellore,12.9165,79.1325,ECMWF_ERA5_Reanalysis
2022-10-03,32.3,25.1,28.2,34.5,26.6,30.3,0.0,17.7,41.0,294,16.83,981.3,loc_vellore,12.9165,79.1325,ECMWF_ERA5_Reanalysis
2022-10-04,32.6,24.7,28.1,34.9,26.4,30.3,0.0,18.2,37.4,300,16.46,981.2,loc_vellore,12.9165,79.1325,ECMWF_ERA5_Reanalysis
2022-10-05,31.9,24.9,27.5,34.1,27.0,30.6,3.7,15.3,32.8,293,13.24,981.4,loc_vellore,12.9165,79.1325,ECMWF_ERA5_Reanalysis
2022-10-06,28.9,23.0,25.5,34.2,26.0,30.0,8.5,10.0,24.5,223,9.93,981.6,loc_vellore,12.9165,79.1325,ECMWF_ERA5_Reanalysis
2022-10-07,31.5,22.6,26.5,36.2,27.2,30.7,1.3,9.4,22.7,273,19.6,982.7,loc_vellore,12.9165,79.1325,ECMWF_ERA5_Reanalysis
2022-10-08,31.0,23.3,25.6,35.5,28.0,30.2,12.5,14.0,30.6,352,17.82,983.9,loc_vellore,12.9165,79.1325,ECMWF_ERA5_Reanalysis
2022-10-09,28.9,22.6,24.7,33.7,27.2,29.3,14.9,9.0,26.6,41,12.99,984.3,loc_vellore,12.9165,79.1325,ECMWF_ERA5_Reanalysis
2022-10-10,29.5,22.3,24.9,35.5,26.7,29.5,4.8,11.4,24.5,98,15.75,985.3,loc_vellore,12.9165,79.1325,ECMWF_ERA5_Reanalysis
2022-10-11,29.3,21.7,25.4,33.3,25.8,29.5,4.8,14.1,31.3,145,19.49,985.3,loc_vellore,12.9165,79.1325,ECMWF_ERA5_Reanalysis
2022-10-12,30.3,22.4,25.7,36.4,26.3,30.5,18.7,11.6,27.0,133,20.22,985.4,loc_vellore,12.9165,79.1325,ECMWF_ERA5_Reanalysis
2022-10-13,30.1,21.9,25.3,35.7,25.5,29.6,12.1,13.0,27.4,84,20.82,985.2,loc_vellore,12.9165,79.1325,ECMWF_ERA5_Reanalysis
2022-10-14,30.8,21.8,25.2,37.0,25.4,29.7,3.3,14.3,30.6,304,19.74,984.2,loc_vellore,12.9165,79.1325,ECMWF_ERA5_Reanalysis
2022-10-15,29.7,22.1,25.2,35.7,25.5,29.4,18.7,10.2,25.2,33,18.61,983.4,loc_vellore,12.9165,79.1325,ECMWF_ERA5_Reanalysis
2022-10-16,30.3,21.8,25.0,35.9,26.0,29.8,13.4,15.8,31.7,105,18.61,985.3,loc_vellore,12.9165,79.1325,ECMWF_ERA5_Reanalysis
2022-10-17,29.4,22.7,25.1,35.2,27.3,29.7,5.0,11.5,27.4,82,16.06,986.9,loc_vellore,12.9165,79.1325,ECMWF_ERA5_Reanalysis
2022-10-18,30.9,22.0,25.5,37.3,26.1,30.1,7.2,10.5,25.9,293,21.33,986.3,loc_vellore,12.9165,79.1325,ECMWF_ERA5_Reanalysis
2022-10-19,30.5,22.0,25.4,36.7,25.7,29.8,11.2,12.5,26.6,323,19.96,985.6,loc_vellore,12.9165,79.1325,ECMWF_ERA5_Reanalysis
2022-10-20,30.0,21.6,25.2,35.3,24.7,29.4,1.4,13.9,31.3,11,19.28,986.2,loc_vellore,12.9165,79.1325,ECMWF_ERA5_Reanalysis
2022-10-21,29.1,22.3,24.4,33.6,26.2,28.7,5.1,16.1,35.6,19,16.46,987.5,loc_vellore,12.9165,79.1325,ECMWF_ERA5_Reanalysis
2022-10-22,29.6,21.6,25.1,33.5,25.6,28.9,3.5,14.8,31.0,11,18.47,987.8,loc_vellore,12.9165,79.1325,ECMWF_ERA5_Reanalysis
2022-10-23,30.9,21.3,25.6,33.2,22.1,27.8,0.0,10.7,25.2,314,23.43,986.4,loc_vellore,12.9165,79.1325,ECMWF_ERA5_Reanalysis
2022-10-24,30.5,19.9,24.3,32.8,19.6,25.2,0.0,12.0,23.4,289,23.68,985.2,loc_vellore,12.9165,79.1325,ECMWF_ERA5_Reanalysis
2022-10-25,30.3,19.0,24.6,33.4,17.9,25.5,0.0,11.3,20.2,280,23.61,986.0,loc_vellore,12.9165,79.1325,ECMWF_ERA5_Reanalysis
2022-10-26,29.8,19.0,24.3,33.5,20.0,26.2,0.0,8.7,17.3,29,23.42,987.6,loc_vellore,12.9165,79.1325,ECMWF_ERA5_Reanalysis
2022-10-27,30.1,18.3,24.0,32.7,18.5,25.9,1.3,15.3,32.8,340,19.18,987.3,loc_vellore,12.9165,79.1325,ECMWF_ERA5_Reanalysis
2022-10-28,29.0,21.4,24.6,32.7,24.6,28.0,2.4,16.3,35.6,36,18.95,986.5,loc_vellore,12.9165,79.1325,ECMWF_ERA5_Reanalysis
2022-10-29,29.0,21.2,24.3,32.2,24.3,27.6,1.9,16.0,40.3,28,15.74,986.4,loc_vellore,12.9165,79.1325,ECMWF_ERA5_Reanalysis
2022-10-30,29.4,21.3,24.4,33.1,24.8,28.1,2.4,13.5,30.6,23,17.07,986.5,loc_vellore,12.9165,79.1325,ECMWF_ERA5_Reanalysis
2022-10-31,28.1,21.0,23.7,29.6,23.7,26.5,2.6,15.9,31.3,20,9.74,986.2,loc_vellore,12.9165,79.1325,ECMWF_ERA5_Reanalysis
2022-11-01,23.4,21.6,22.3,26.5,25.0,25.8,52.6,11.2,28.8,343,2.55,986.8,loc_vellore,12.9165,79.1325,ECMWF_ERA5_Reanalysis
2022-11-02,23.9,21.1,22.4,28.3,24.9,26.1,22.5,11.1,25.2,22,3.87,986.6,loc_vellore,12.9165,79.1325,ECMWF_ERA5_Reanalysis
2022-11-03,27.0,21.4,23.5,30.3,24.9,27.4,15.5,13.8,32.0,47,12.24,986.3,loc_vellore,12.9165,79.1325,ECMWF_ERA5_Reanalysis
2022-11-04,28.6,21.2,24.0,33.6,24.6,28.1,14.6,15.1,31.7,77,17.29,987.5,loc_vellore,12.9165,79.1325,ECMWF_ERA5_Reanalysis
2022-11-05,28.5,21.6,24.1,32.7,25.4,28.1,2.3,14.8,34.2,64,17.55,989.1,loc_vellore,12.9165,79.1325,ECMWF_ERA5_Reanalysis
2022-11-06,28.9,21.1,24.5,31.6,24.5,27.5,0.8,15.6,33.5,46,19.65,989.4,loc_vellore,12.9165,79.1325,ECMWF_ERA5_Reanalysis
2022-11-07,28.5,20.5,23.7,31.9,23.3,27.2,11.0,13.2,33.8,26,17.54,988.8,loc_vellore,12.9165,79.1325,ECMWF_ERA5_Reanalysis
2022-11-08,28.1,20.7,23.8,31.3,24.0,27.1,4.5,17.1,34.2,32,15.94,988.3,loc_vellore,12.9165,79.1325,ECMWF_ERA5_Reanalysis
2022-11-09,29.5,19.8,24.2,32.9,22.3,27.1,0.0,12.5,28.1,16,20.22,987.8,loc_vellore,12.9165,79.1325,ECMWF_ERA5_Reanalysis
2022-11-10,29.0,20.2,23.9,33.3,23.2,27.0,2.6,17.8,37.4,19,17.52,987.4,loc_vellore,12.9165,79.1325,ECMWF_ERA5_Reanalysis
2022-11-11,24.4,21.7,23.0,27.1,24.4,25.8,17.0,18.0,36.0,6,5.51,986.5,loc_vellore,12.9165,79.1325,ECMWF_ERA5_Reanalysis
2022-11-12,24.9,21.8,22.9,28.0,24.9,26.2,59.8,16.5,34.9,40,5.79,986.8,loc_vellore,12.9165,79.1325,ECMWF_ERA5_Reanalysis
2022-11-13,27.1,21.8,23.2,30.2,25.0,27.0,7.5,14.1,30.6,64,9.1,987.7,loc_vellore,12.9165,79.1325,ECMWF_ERA5_Reanalysis
2022-11-14,27.6,20.8,23.4,32.2,24.4,27.2,19.5,14.8,35.6,41,15.35,988.5,loc_vellore,12.9165,79.1325,ECMWF_ERA5_Reanalysis
2022-11-15,28.0,20.5,23.5,32.2,24.0,27.3,2.6,11.9,26.6,28,16.07,988.6,loc_vellore,12.9165,79.1325,ECMWF_ERA5_Reanalysis
2022-11-16,28.6,20.5,23.8,32.3,23.8,27.1,0.0,10.2,22.3,29,19.89,987.3,loc_vellore,12.9165,79.1325,ECMWF_ERA5_Reanalysis
2022-11-17,28.4,18.3,22.5,30.7,19.6,24.3,0.0,10.7,22.7,358,22.09,986.8,loc_vellore,12.9165,79.1325,ECMWF_ERA5_Reanalysis
2022-11-18,28.3,16.5,22.3,30.0,16.2,23.4,0.0,13.0,28.4,348,21.28,987.0,loc_vellore,12.9165,79.1325,ECMWF_ERA5_Reanalysis
2022-11-19,28.0,17.2,22.3,30.3,18.3,23.8,0.0,14.7,31.7,9,20.83,986.8,loc_vellore,12.9165,79.1325,ECMWF_ERA5_Reanalysis
2022-11-20,27.6,17.8,22.0,26.9,18.6,22.6,0.0,13.0,27.7,332,17.32,985.4,loc_vellore,12.9165,79.1325,ECMWF_ERA5_Reanalysis
2022-11-21,25.5,19.4,22.0,26.3,19.5,22.6,1.2,15.9,31.7,314,7.74,985.0,loc_vellore,12.9165,79.1325,ECMWF_ERA5_Reanalysis
2022-11-22,27.6,20.9,23.3,30.1,22.6,25.8,3.3,17.9,36.4,321,12.38,984.7,loc_vellore,12.9165,79.1325,ECMWF_ERA5_Reanalysis
2022-11-23,25.6,21.7,23.4,30.3,24.6,27.3,38.5,12.0,24.1,279,6.32,985.2,loc_vellore,12.9165,79.1325,ECMWF_ERA5_Reanalysis
2022-11-24,28.0,22.2,23.7,33.3,26.4,28.1,10.4,14.6,31.0,101,11.87,986.4,loc_vellore,12.9165,79.1325,ECMWF_ERA5_Reanalysis
2022-11-25,28.4,21.1,24.0,32.8,24.9,28.3,2.2,10.0,24.5,93,15.29,987.5,loc_vellore,12.9165,79.1325,ECMWF_ERA5_Reanalysis
2022-11-26,28.0,20.7,23.9,32.6,24.4,27.8,1.9,12.3,25.2,59,16.12,986.6,loc_vellore,12.9165,79.1325,ECMWF_ERA5_Reanalysis
2022-11-27,28.8,20.8,24.5,33.1,24.5,28.6,1.0,11.4,24.1,77,18.02,985.0,loc_vellore,12.9165,79.1325,ECMWF_ERA5_Reanalysis
2022-11-28,28.8,21.5,24.6,33.4,25.3,28.6,0.3,10.7,20.9,88,18.84,985.5,loc_vellore,12.9165,79.1325,ECMWF_ERA5_Reanalysis
2022-11-29,28.4,20.0,23.6,31.8,22.9,26.7,0.0,12.0,22.7,47,18.84,986.6,loc_vellore,12.9165,79.1325,ECMWF_ERA5_Reanalysis
2022-11-30,27.8,18.2,22.9,31.5,20.2,25.7,0.0,8.8,21.6,42,17.71,987.4,loc_vellore,12.9165,79.1325,ECMWF_ERA5_Reanalysis
2022-12-01,28.5,20.7,24.0,32.6,24.1,27.8,3.1,14.4,31.0,67,12.06,987.1,loc_vellore,12.9165,79.1325,ECMWF_ERA5_Reanalysis
2022-12-02,28.4,20.9,24.3,32.3,24.5,28.2,1.4,12.4,29.5,50,16.25,986.4,loc_vellore,12.9165,79.1325,ECMWF_ERA5_Reanalysis
2022-12-03,28.1,21.0,24.1,31.1,24.6,27.8,3.4,14.1,31.3,60,13.8,986.8,loc_vellore,12.9165,79.1325,ECMWF_ERA5_Reanalysis
2022-12-04,29.3,21.8,24.8,32.3,25.0,28.1,5.1,15.7,31.3,56,16.53,987.5,loc_vellore,12.9165,79.1325,ECMWF_ERA5_Reanalysis
2022-12-05,28.8,21.0,24.5,31.9,24.6,27.9,1.1,14.0,30.6,54,17.31,988.0,loc_vellore,12.9165,79.1325,ECMWF_ERA5_Reanalysis
2022-12-06,28.3,21.0,24.0,30.8,24.3,27.1,0.8,13.6,29.5,28,15.36,987.2,loc_vellore,12.9165,79.1325,ECMWF_ERA5_Reanalysis
2022-12-07,27.6,19.5,22.9,28.3,20.6,24.6,0.0,13.0,27.0,344,13.52,985.8,loc_vellore,12.9165,79.1325,ECMWF_ERA5_Reanalysis
2022-12-08,25.6,19.1,22.1,25.4,19.8,22.1,1.3,20.3,39.2,326,8.23,984.2,loc_vellore,12.9165,79.1325,ECMWF_ERA5_Reanalysis
2022-12-09,24.0,18.7,20.9,23.8,17.3,20.5,15.7,23.7,45.0,323,8.98,981.0,loc_vellore,12.9165,79.1325,ECMWF_ERA5_Reanalysis
2022-12-10,23.1,20.7,21.3,25.2,19.1,22.3,95.4,35.1,70.6,356,2.47,978.4,loc_vellore,12.9165,79.1325,ECMWF_ERA5_Reanalysis
2022-12-11,25.4,20.3,22.6,27.9,23.1,25.6,8.0,13.1,26.6,106,8.14,983.9,loc_vellore,12.9165,79.1325,ECMWF_ERA5_Reanalysis
2022-12-12,24.5,21.3,22.6,27.8,24.4,26.0,9.2,15.4,31.7,108,6.21,985.1,loc_vellore,12.9165,79.1325,ECMWF_ERA5_Reanalysis
2022-12-13,25.8,20.5,22.6,29.6,24.3,26.2,11.7,17.1,37.8,118,7.8,986.9,loc_vellore,12.9165,79.1325,ECMWF_ERA5_Reanalysis
2022-12-14,28.2,19.1,22.8,31.5,22.0,26.2,4.7,11.6,25.2,77,15.07,987.7,loc_vellore,12.9165,79.1325,ECMWF_ERA5_Reanalysis
2022-12-15,26.9,19.5,22.7,30.7,21.9,25.8,0.1,7.9,18.7,36,19.0,987.4,loc_vellore,12.9165,79.1325,ECMWF_ERA5_Reanalysis
2022-12-16,28.1,17.3,22.4,30.3,18.5,24.4,0.0,9.2,21.2,27,20.01,986.5,loc_vellore,12.9165,79.1325,ECMWF_ERA5_Reanalysis
2022-12-17,28.2,18.2,22.9,30.8,20.0,25.4,0.2,14.2,30.6,39,18.14,987.1,loc_vellore,12.9165,79.1325,ECMWF_ERA5_Reanalysis
2022-12-18,26.9,19.7,22.9,29.8,22.5,25.6,1.7,16.5,35.6,49,13.95,986.6,loc_vellore,12.9165,79.1325,ECMWF_ERA5_Reanalysis
2022-12-19,27.2,18.5,22.7,28.1,20.5,24.8,0.0,14.6,31.3,21,17.86,986.2,loc_vellore,12.9165,79.1325,ECMWF_ERA5_Reanalysis
2022-12-20,27.8,18.6,22.7,30.7,20.7,25.0,0.0,13.8,30.6,16,18.86,985.7,loc_vellore,12.9165,79.1325,ECMWF_ERA5_Reanalysis
2022-12-21,26.7,18.9,22.4,28.7,20.7,24.4,0.0,13.0,28.4,356,13.72,986.0,loc_vellore,12.9165,79.1325,ECMWF_ERA5_Reanalysis
2022-12-22,27.9,16.9,22.1,29.8,18.2,24.0,0.0,16.3,34.2,14,18.73,985.9,loc_vellore,12.9165,79.1325,ECMWF_ERA5_Reanalysis
2022-12-23,28.0,17.9,22.4,29.1,19.4,23.7,0.0,14.9,31.3,359,19.82,985.8,loc_vellore,12.9165,79.1325,ECMWF_ERA5_Reanalysis
2022-12-24,27.3,16.8,22.3,29.1,16.9,23.7,0.1,15.8,33.1,355,13.39,986.3,loc_vellore,12.9165,79.1325,ECMWF_ERA5_Reanalysis
2022-12-25,25.7,21.3,23.0,29.2,23.9,26.1,8.7,15.8,33.5,30,8.0,987.0,loc_vellore,12.9165,79.1325,ECMWF_ERA5_Reanalysis
2022-12-26,27.2,21.7,23.6,30.7,24.9,27.1,4.7,14.1,33.8,77,9.97,988.8,loc_vellore,12.9165,79.1325,ECMWF_ERA5_Reanalysis
2022-12-27,27.8,21.8,23.7,31.7,26.0,27.5,3.1,15.8,31.0,93,10.23,990.1,loc_vellore,12.9165,79.1325,ECMWF_ERA5_Reanalysis
2022-12-28,28.9,20.7,24.4,32.8,24.1,28.2,0.1,12.0,26.3,114,18.05,990.8,loc_vellore,12.9165,79.1325,ECMWF_ERA5_Reanalysis
2022-12-29,29.4,19.1,23.8,33.8,21.9,27.0,0.0,9.0,20.2,146,19.68,991.6,loc_vellore,12.9165,79.1325,ECMWF_ERA5_Reanalysis
2022-12-30,29.2,19.1,23.2,33.5,21.6,26.2,0.0,8.9,19.8,110,18.73,992.5,loc_vellore,12.9165,79.1325,ECMWF_ERA5_Reanalysis
2022-12-31,29.1,18.2,23.0,32.8,20.1,25.6,0.0,8.7,19.1,153,20.34,991.7,loc_vellore,12.9165,79.1325,ECMWF_ERA5_Reanalysis
2023-01-01,28.8,18.0,22.7,32.1,19.6,25.0,0.0,8.4,19.1,112,20.45,991.1,loc_vellore,12.9165,79.1325,ECMWF_ERA5_Reanalysis
2023-01-02,28.4,17.1,23.2,31.1,19.0,25.8,0.3,10.2,23.4,111,17.02,991.2,loc_vellore,12.9165,79.1325,ECMWF_ERA5_Reanalysis
2023-01-03,27.6,18.6,22.5,30.0,21.0,25.2,1.1,12.9,28.4,68,17.39,991.4,loc_vellore,12.9165,79.1325,ECMWF_ERA5_Reanalysis
2023-01-04,27.1,18.9,22.6,29.4,21.3,25.2,1.6,12.9,28.1,59,17.75,990.6,loc_vellore,12.9165,79.1325,ECMWF_ERA5_Reanalysis
2023-01-05,27.7,19.1,22.8,28.8,21.3,24.8,1.3,17.1,35.6,56,15.72,990.8,loc_vellore,12.9165,79.1325,ECMWF_ERA5_Reanalysis
2023-01-06,27.9,19.2,22.9,29.2,21.9,24.9,0.3,17.8,37.1,41,17.55,991.9,loc_vellore,12.9165,79.1325,ECMWF_ERA5_Reanalysis
2023-01-07,27.9,19.2,23.0,29.5,21.8,25.1,0.1,14.2,31.0,32,16.83,991.3,loc_vellore,12.9165,79.1325,ECMWF_ERA5_Reanalysis
2023-01-08,27.9,18.1,22.4,30.1,20.3,24.4,0.0,12.1,25.6,36,19.31,990.3,loc_vellore,12.9165,79.1325,ECMWF_ERA5_Reanalysis
2023-01-09,26.7,15.9,21.0,28.7,16.9,22.5,0.0,10.7,25.2,44,20.85,991.4,loc_vellore,12.9165,79.1325,ECMWF_ERA5_Reanalysis
2023-01-10,26.7,15.5,20.7,27.9,16.4,21.8,0.0,11.8,25.6,43,21.02,991.2,loc_vellore,12.9165,79.1325,ECMWF_ERA5_Reanalysis
2023-01-11,27.6,15.3,20.8,29.1,15.7,21.9,0.0,10.9,24.8,24,21.28,989.2,loc_vellore,12.9165,79.1325,ECMWF_ERA5_Reanalysis
2023-01-12,28.3,15.7,21.0,29.7,16.4,22.1,0.0,9.0,20.5,93,21.36,988.2,loc_vellore,12.9165,79.1325,ECMWF_ERA5_Reanalysis
2023-01-13,27.8,15.3,21.2,30.7,16.2,22.9,0.0,8.4,19.8,112,20.48,988.5,loc_vellore,12.9165,79.1325,ECMWF_ERA5_Reanalysis
2023-01-14,28.2,15.8,21.1,30.3,16.9,22.6,0.0,10.3,19.4,146,21.35,988.4,loc_vellore,12.9165,79.1325,ECMWF_ERA5_Reanalysis
2023-01-15,27.6,15.5,20.9,29.9,16.3,22.5,0.0,8.8,19.4,144,20.58,987.8,loc_vellore,12.9165,79.1325,ECMWF_ERA5_Reanalysis
2023-01-16,28.7,15.0,21.4,31.2,15.9,23.0,0.0,10.8,23.0,97,20.96,988.4,loc_vellore,12.9165,79.1325,ECMWF_ERA5_Reanalysis
2023-01-17,28.0,15.4,21.5,30.4,16.4,23.1,0.1,9.5,22.3,109,19.09,989.2,loc_vellore,12.9165,79.1325,ECMWF_ERA5_Reanalysis
2023-01-18,27.8,15.9,21.8,29.5,16.7,23.0,0.0,11.2,25.9,89,21.34,990.6,loc_vellore,12.9165,79.1325,ECMWF_ERA5_Reanalysis
2023-01-19,28.1,16.0,21.8,30.1,16.9,22.9,0.0,12.1,25.9,70,20.12,990.5,loc_vellore,12.9165,79.1325,ECMWF_ERA5_Reanalysis
2023-01-20,27.5,16.7,21.8,29.5,17.5,23.5,0.0,12.8,27.4,55,13.88,990.0,loc_vellore,12.9165,79.1325,ECMWF_ERA5_Reanalysis
2023-01-21,29.0,18.0,23.0,30.6,20.0,24.9,1.8,14.4,30.2,50,16.19,989.2,loc_vellore,12.9165,79.1325,ECMWF_ERA5_Reanalysis
2023-01-22,28.2,19.5,23.3,29.7,21.7,24.9,0.0,13.8,30.6,56,19.23,988.6,loc_vellore,12.9165,79.1325,ECMWF_ERA5_Reanalysis
2023-01-23,27.3,18.4,23.0,30.0,20.4,25.2,0.5,12.5,25.6,58,11.73,987.7,loc_vellore,12.9165,79.1325,ECMWF_ERA5_Reanalysis
2023-01-24,28.9,20.1,23.9,31.4,22.1,26.1,0.1,15.1,29.2,82,19.02,987.9,loc_vellore,12.9165,79.1325,ECMWF_ERA5_Reanalysis
2023-01-25,28.9,17.1,23.0,30.8,18.9,24.7,0.1,13.4,27.4,85,15.56,988.0,loc_vellore,12.9165,79.1325,ECMWF_ERA5_Reanalysis
2023-01-26,28.7,18.6,23.4,30.3,20.7,25.1,0.0,11.0,25.2,64,18.89,988.0,loc_vellore,12.9165,79.1325,ECMWF_ERA5_Reanalysis
2023-01-27,28.9,17.6,22.8,31.0,19.5,24.5,0.0,11.8,27.4,51,20.65,988.0,loc_vellore,12.9165,79.1325,ECMWF_ERA5_Reanalysis
2023-01-28,28.9,15.8,21.9,30.9,16.6,23.3,0.0,13.6,28.4,46,21.42,987.3,loc_vellore,12.9165,79.1325,ECMWF_ERA5_Reanalysis
2023-01-29,29.3,16.9,23.0,30.1,18.2,24.3,0.0,18.8,39.2,56,17.76,986.3,loc_vellore,12.9165,79.1325,ECMWF_ERA5_Reanalysis
2023-01-30,28.4,19.6,23.9,31.1,22.5,26.6,2.2,17.1,37.4,52,16.66,987.3,loc_vellore,12.9165,79.1325,ECMWF_ERA5_Reanalysis
2023-01-31,29.5,20.4,24.4,31.0,23.2,26.3,0.7,18.1,38.5,26,16.46,987.0,loc_vellore,12.9165,79.1325,ECMWF_ERA5_Reanalysis
2023-02-01,29.8,19.6,24.8,30.3,21.2,26.0,0.0,19.9,40.7,21,17.15,986.5,loc_vellore,12.9165,79.1325,ECMWF_ERA5_Reanalysis
2023-02-02,30.2,20.7,24.7,30.8,22.8,25.9,0.0,20.1,41.8,27,17.68,987.1,loc_vellore,12.9165,79.1325,ECMWF_ERA5_Reanalysis
2023-02-03,30.7,20.1,24.7,32.1,22.6,26.4,0.4,19.0,38.5,51,18.17,987.6,loc_vellore,12.9165,79.1325,ECMWF_ERA5_Reanalysis
2023-02-04,30.9,19.5,24.5,32.6,22.0,26.5,0.0,15.0,34.2,63,21.47,987.3,loc_vellore,12.9165,79.1325,ECMWF_ERA5_Reanalysis
2023-02-05,30.8,17.4,23.9,32.1,19.1,25.3,0.0,14.3,32.0,67,22.56,986.9,loc_vellore,12.9165,79.1325,ECMWF_ERA5_Reanalysis
2023-02-06,31.4,16.8,24.1,32.6,18.2,25.5,0.0,12.0,28.8,78,22.67,987.1,loc_vellore,12.9165,79.1325,ECMWF_ERA5_Reanalysis
2023-02-07,32.2,18.4,24.8,34.9,20.5,26.8,0.0,11.9,21.6,106,22.9,987.0,loc_vellore,12.9165,79.1325,ECMWF_ERA5_Reanalysis
2023-02-08,31.6,19.5,24.7,33.4,22.5,27.0,0.0,12.5,28.1,78,22.37,987.1,loc_vellore,12.9165,79.1325,ECMWF_ERA5_Reanalysis
2023-02-09,31.7,17.5,24.5,32.7,19.3,26.0,0.0,14.3,33.1,98,22.93,987.6,loc_vellore,12.9165,79.1325,ECMWF_ERA5_Reanalysis
2023-02-10,32.4,17.7,24.7,32.9,19.8,25.6,0.0,13.4,29.9,79,23.22,988.6,loc_vellore,12.9165,79.1325,ECMWF_ERA5_Reanalysis
2023-02-11,31.6,16.5,23.9,32.3,17.2,24.5,0.0,12.6,27.0,94,22.48,988.8,loc_vellore,12.9165,79.1325,ECMWF_ERA5_Reanalysis
2023-02-12,32.6,16.2,24.1,33.0,17.0,24.6,0.0,13.7,29.9,85,23.71,988.8,loc_vellore,12.9165,79.1325,ECMWF_ERA5_Reanalysis
2023-02-13,32.6,17.5,24.6,32.4,17.4,24.4,0.0,13.2,30.6,99,23.94,988.9,loc_vellore,12.9165,79.1325,ECMWF_ERA5_Reanalysis
2023-02-14,32.2,16.6,24.3,32.4,16.9,24.7,0.0,13.4,28.4,98,24.17,988.7,loc_vellore,12.9165,79.1325,ECMWF_ERA5_Reanalysis
2023-02-15,32.9,17.2,24.7,33.2,18.3,25.4,0.0,13.4,28.8,75,24.19,987.4,loc_vellore,12.9165,79.1325,ECMWF_ERA5_Reanalysis
2023-02-16,32.3,16.6,24.1,32.6,17.7,25.0,0.0,15.7,34.9,96,24.04,987.6,loc_vellore,12.9165,79.1325,ECMWF_ERA5_Reanalysis
2023-02-17,31.7,17.2,24.2,33.3,18.6,25.5,0.0,11.3,27.4,119,23.94,988.2,loc_vellore,12.9165,79.1325,ECMWF_ERA5_Reanalysis
2023-02-18,31.7,17.1,24.5,33.4,18.7,26.0,0.0,13.8,28.1,123,24.05,988.4,loc_vellore,12.9165,79.1325,ECMWF_ERA5_Reanalysis
2023-02-19,32.2,19.6,25.7,34.2,22.6,27.7,0.0,13.7,29.2,110,23.14,988.7,loc_vellore,12.9165,79.1325,ECMWF_ERA5_Reanalysis
2023-02-20,32.6,20.1,25.8,33.4,22.0,27.2,0.0,12.5,30.2,100,24.11,988.8,loc_vellore,12.9165,79.1325,ECMWF_ERA5_Reanalysis
2023-02-21,33.5,17.4,25.6,33.6,17.7,25.7,0.0,12.8,29.5,96,24.62,988.7,loc_vellore,12.9165,79.1325,ECMWF_ERA5_Reanalysis
2023-02-22,33.0,17.5,25.4,33.4,17.6,25.5,0.0,14.3,33.1,98,24.49,988.2,loc_vellore,12.9165,79.1325,ECMWF_ERA5_Reanalysis
2023-02-23,32.7,17.1,24.9,33.2,17.9,25.3,0.0,13.2,28.8,115,25.09,988.3,loc_vellore,12.9165,79.1325,ECMWF_ERA5_Reanalysis
2023-02-24,32.5,19.1,25.4,33.2,21.8,27.1,0.0,11.7,28.1,95,24.81,989.0,loc_vellore,12.9165,79.1325,ECMWF_ERA5_Reanalysis
2023-02-25,34.2,17.1,25.4,33.2,18.6,25.5,0.0,17.7,38.5,78,25.04,990.4,loc_vellore,12.9165,79.1325,ECMWF_ERA5_Reanalysis
2023-02-26,32.5,16.7,24.6,31.8,16.3,23.8,0.0,18.5,39.6,79,25.04,991.5,loc_vellore,12.9165,79.1325,ECMWF_ERA5_Reanalysis
2023-02-27,32.5,17.1,24.5,32.5,17.9,24.6,0.0,13.9,29.5,97,25.23,991.6,loc_vellore,12.9165,79.1325,ECMWF_ERA5_Reanalysis
2023-02-28,32.5,17.5,25.2,33.5,17.8,26.1,0.1,17.7,38.5,89,21.94,991.4,loc_vellore,12.9165,79.1325,ECMWF_ERA5_Reanalysis
2023-03-01,33.6,20.8,26.7,34.7,24.1,28.4,0.0,16.4,35.3,73,23.07,991.5,loc_vellore,12.9165,79.1325,ECMWF_ERA5_Reanalysis
2023-03-02,33.2,21.5,26.0,33.0,19.3,26.4,0.0,19.2,38.5,80,25.08,992.0,loc_vellore,12.9165,79.1325,ECMWF_ERA5_Reanalysis
2023-03-03,33.7,17.1,25.3,33.1,15.3,24.2,0.0,20.5,41.8,66,25.23,992.2,loc_vellore,12.9165,79.1325,ECMWF_ERA5_Reanalysis
2023-03-04,34.1,16.8,25.5,33.8,17.0,25.3,0.0,18.4,39.2,83,24.95,992.0,loc_vellore,12.9165,79.1325,ECMWF_ERA5_Reanalysis
2023-03-05,34.2,17.9,25.8,33.6,18.1,25.6,0.0,17.9,37.8,78,24.91,991.4,loc_vellore,12.9165,79.1325,ECMWF_ERA5_Reanalysis
2023-03-06,33.9,17.8,25.7,33.8,17.9,25.5,0.0,17.0,37.1,86,25.21,990.0,loc_vellore,12.9165,79.1325,ECMWF_ERA5_Reanalysis
2023-03-07,33.2,17.5,25.3,34.8,17.5,26.3,0.0,15.2,31.7,90,23.54,989.5,loc_vellore,12.9165,79.1325,ECMWF_ERA5_Reanalysis
2023-03-08,33.7,20.8,26.2,33.3,22.6,27.2,0.0,18.5,38.5,76,24.76,989.5,loc_vellore,12.9165,79.1325,ECMWF_ERA5_Reanalysis
2023-03-09,33.2,19.0,25.9,33.7,20.6,26.8,0.0,17.1,34.2,66,23.49,988.9,loc_vellore,12.9165,79.1325,ECMWF_ERA5_Reanalysis
2023-03-10,32.3,19.6,25.8,33.5,22.2,27.3,0.0,14.1,30.2,72,20.19,988.4,loc_vellore,12.9165,79.1325,ECMWF_ERA5_Reanalysis
2023-03-11,33.3,18.8,26.0,34.2,21.1,27.7,0.0,18.0,37.8,70,24.67,988.6,loc_vellore,12.9165,79.1325,ECMWF_ERA5_Reanalysis
2023-03-12,33.9,22.4,27.4,35.3,26.4,29.7,0.1,18.0,37.4,77,23.8,988.3,loc_vellore,12.9165,79.1325,ECMWF_ERA5_Reanalysis
2023-03-13,34.3,20.6,27.6,35.7,24.0,29.7,0.0,13.8,32.0,93,23.74,987.3,loc_vellore,12.9165,79.1325,ECMWF_ERA5_Reanalysis
2023-03-14,35.8,20.5,28.1,35.9,22.4,29.1,0.0,16.9,32.4,99,25.02,985.7,loc_vellore,12.9165,79.1325,ECMWF_ERA5_Reanalysis
2023-03-15,34.6,23.7,27.9,37.4,27.5,30.7,0.7,17.4,44.3,136,22.69,985.2,loc_vellore,12.9165,79.1325,ECMWF_ERA5_Reanalysis
2023-03-16,35.0,23.8,28.4,38.1,27.4,31.2,0.3,17.1,39.6,144,22.51,985.9,loc_vellore,12.9165,79.1325,ECMWF_ERA5_Reanalysis
2023-03-17,34.4,23.3,26.9,37.6,26.8,30.5,11.7,15.0,37.8,140,20.79,986.3,loc_vellore,12.9165,79.1325,ECMWF_ERA5_Reanalysis
2023-03-18,32.6,22.5,26.0,36.4,26.1,29.6,21.7,20.7,41.0,154,19.99,985.4,loc_vellore,12.9165,79.1325,ECMWF_ERA5_Reanalysis
2023-03-19,29.9,22.1,25.3,34.8,24.7,28.9,13.3,10.7,29.9,199,19.23,984.6,loc_vellore,12.9165,79.1325,ECMWF_ERA5_Reanalysis
2023-03-20,32.0,21.6,26.2,36.3,24.8,29.7,1.8,15.1,29.9,156,22.04,983.8,loc_vellore,12.9165,79.1325,ECMWF_ERA5_Reanalysis
2023-03-21,33.7,21.4,27.1,38.7,25.1,30.8,6.1,16.9,32.8,146,23.66,983.6,loc_vellore,12.9165,79.1325,ECMWF_ERA5_Reanalysis
2023-03-22,34.6,22.5,28.2,39.0,26.5,32.1,0.3,14.0,25.9,152,23.28,984.2,loc_vellore,12.9165,79.1325,ECMWF_ERA5_Reanalysis
2023-03-23,34.8,24.3,27.3,40.2,26.7,31.0,7.2,18.4,40.3,155,18.0,984.4,loc_vellore,12.9165,79.1325,ECMWF_ERA5_Reanalysis
2023-03-24,35.1,22.7,27.9,38.4,27.0,31.5,2.7,17.8,33.5,174,22.63,984.8,loc_vellore,12.9165,79.1325,ECMWF_ERA5_Reanalysis
2023-03-25,34.5,23.0,28.2,38.8,26.9,31.9,0.5,14.4,33.8,157,22.33,986.0,loc_vellore,12.9165,79.1325,ECMWF_ERA5_Reanalysis
2023-03-26,35.2,23.7,28.3,38.6,27.6,32.3,19.9,16.3,33.1,150,22.55,985.2,loc_vellore,12.9165,79.1325,ECMWF_ERA5_Reanalysis
2023-03-27,36.0,23.0,29.1,40.3,27.6,33.0,0.0,11.8,24.1,136,22.99,984.5,loc_vellore,12.9165,79.1325,ECMWF_ERA5_Reanalysis
2023-03-28,34.6,23.7,28.7,39.6,28.8,33.4,0.0,13.0,27.7,137,22.27,985.0,loc_vellore,12.9165,79.1325,ECMWF_ERA5_Reanalysis
2023-03-29,34.7,23.9,28.7,37.6,28.7,32.1,0.0,14.4,33.1,148,24.62,986.0,loc_vellore,12.9165,79.1325,ECMWF_ERA5_Reanalysis
2023-03-30,35.1,22.9,28.4,38.7,26.9,31.7,0.0,18.5,33.5,146,24.94,985.3,loc_vellore,12.9165,79.1325,ECMWF_ERA5_Reanalysis
2023-03-31,35.5,23.8,29.4,39.6,28.0,32.5,0.0,14.6,30.6,146,23.58,984.1,loc_vellore,12.9165,79.1325,ECMWF_ERA5_Reanalysis
2023-04-01,34.4,24.4,28.2,39.2,27.7,31.8,6.2,14.8,36.0,167,20.03,984.6,loc_vellore,12.9165,79.1325,ECMWF_ERA5_Reanalysis
2023-04-02,34.4,23.7,28.6,39.2,28.1,32.5,6.4,14.0,33.5,159,20.66,984.2,loc_vellore,12.9165,79.1325,ECMWF_ERA5_Reanalysis
2023-04-03,35.1,24.6,29.4,39.3,29.1,33.3,0.3,13.0,28.8,145,23.15,984.0,loc_vellore,12.9165,79.1325,ECMWF_ERA5_Reanalysis
2023-04-04,34.8,24.3,29.3,37.7,28.6,32.6,0.0,13.6,32.0,158,23.48,985.2,loc_vellore,12.9165,79.1325,ECMWF_ERA5_Reanalysis
2023-04-05,36.0,23.9,29.7,39.8,28.3,33.0,0.0,16.0,29.9,145,24.52,984.7,loc_vellore,12.9165,79.1325,ECMWF_ERA5_Reanalysis
2023-04-06,35.5,24.0,29.6,39.5,28.5,33.0,0.0,15.6,29.2,142,23.97,985.3,loc_vellore,12.9165,79.1325,ECMWF_ERA5_Reanalysis
2023-04-07,35.0,22.9,28.7,37.6,27.1,31.6,0.0,13.0,32.8,136,24.04,986.9,loc_vellore,12.9165,79.1325,ECMWF_ERA5_Reanalysis
2023-04-08,35.0,22.2,28.1,36.8,26.1,30.6,0.0,16.8,33.8,114,24.06,988.7,loc_vellore,12.9165,79.1325,ECMWF_ERA5_Reanalysis
2023-04-09,34.8,22.0,28.2,38.5,26.4,31.8,0.5,12.1,28.1,101,24.42,989.0,loc_vellore,12.9165,79.1325,ECMWF_ERA5_Reanalysis
2023-04-10,35.7,24.1,29.4,38.1,29.4,32.9,0.0,12.1,32.0,112,24.24,987.7,loc_vellore,12.9165,79.1325,ECMWF_ERA5_Reanalysis
2023-04-11,36.2,22.6,29.0,38.8,26.0,32.0,0.0,10.8,27.4,126,25.71,987.5,loc_vellore,12.9165,79.1325,ECMWF_ERA5_Reanalysis
2023-04-12,37.0,20.7,29.2,37.7,22.7,29.9,0.0,12.2,29.2,136,27.05,986.8,loc_vellore,12.9165,79.1325,ECMWF_ERA5_Reanalysis
2023-04-13,38.1,21.0,30.0,38.7,20.6,30.2,0.0,11.9,27.7,140,26.87,986.1,loc_vellore,12.9165,79.1325,ECMWF_ERA5_Reanalysis
2023-04-14,38.3,20.7,30.1,38.4,22.1,30.3,0.0,12.2,30.6,154,27.09,985.7,loc_vellore,12.9165,79.1325,ECMWF_ERA5_Reanalysis
2023-04-15,38.5,22.0,30.3,39.1,22.2,30.6,0.0,13.3,29.5,119,25.36,985.2,loc_vellore,12.9165,79.1325,ECMWF_ERA5_Reanalysis
2023-04-16,38.2,21.5,30.2,38.7,23.3,31.0,0.0,12.8,27.4,144,26.66,984.1,loc_vellore,12.9165,79.1325,ECMWF_ERA5_Reanalysis
2023-04-17,38.0,21.2,30.2,38.5,21.7,30.2,0.0,12.8,29.2,147,26.92,984.3,loc_vellore,12.9165,79.1325,ECMWF_ERA5_Reanalysis
2023-04-18,38.8,20.9,30.4,40.1,21.0,31.4,0.0,14.8,31.0,146,26.57,985.1,loc_vellore,12.9165,79.1325,ECMWF_ERA5_Reanalysis
2023-04-19,38.3,21.9,30.4,40.0,24.0,31.7,0.0,13.0,31.3,158,26.51,983.4,loc_vellore,12.9165,79.1325,ECMWF_ERA5_Reanalysis
2023-04-20,39.2,24.2,31.5,42.3,27.2,33.8,0.0,15.1,29.9,164,24.63,981.1,loc_vellore,12.9165,79.1325,ECMWF_ERA5_Reanalysis
2023-04-21,39.6,25.6,32.0,42.5,29.8,35.1,0.0,14.3,32.4,155,24.17,981.1,loc_vellore,12.9165,79.1325,ECMWF_ERA5_Reanalysis
2023-04-22,37.6,26.2,30.7,42.2,32.1,35.2,1.4,19.5,40.7,128,21.03,981.7,loc_vellore,12.9165,79.1325,ECMWF_ERA5_Reanalysis
2023-04-23,36.9,25.7,29.9,42.5,28.3,34.2,5.6,21.7,47.9,160,21.76,982.2,loc_vellore,12.9165,79.1325,ECMWF_ERA5_Reanalysis
2023-04-24,36.0,24.8,29.6,38.9,29.0,33.0,0.4,19.2,38.9,155,22.98,983.8,loc_vellore,12.9165,79.1325,ECMWF_ERA5_Reanalysis
2023-04-25,35.5,25.1,29.6,39.7,29.9,33.3,0.0,18.3,36.0,152,23.18,984.8,loc_vellore,12.9165,79.1325,ECMWF_ERA5_Reanalysis
2023-04-26,35.4,24.8,29.5,39.8,30.1,33.4,1.4,15.5,34.2,119,22.35,984.6,loc_vellore,12.9165,79.1325,ECMWF_ERA5_Reanalysis
2023-04-27,37.2,24.9,30.4,39.8,30.0,33.8,0.0,16.1,35.3,131,23.55,984.5,loc_vellore,12.9165,79.1325,ECMWF_ERA5_Reanalysis
2023-04-28,36.6,25.4,30.3,40.1,30.4,33.9,0.1,18.3,44.6,147,22.52,985.0,loc_vellore,12.9165,79.1325,ECMWF_ERA5_Reanalysis
2023-04-29,34.1,25.0,29.0,38.1,30.3,32.8,1.7,18.3,41.4,143,21.64,984.6,loc_vellore,12.9165,79.1325,ECMWF_ERA5_Reanalysis
2023-04-30,35.9,23.9,29.2,38.6,28.9,32.8,1.3,14.8,37.1,159,20.67,982.9,loc_vellore,12.9165,79.1325,ECMWF_ERA5_Reanalysis
2023-05-01,34.6,23.6,27.6,39.3,28.1,31.7,18.9,14.5,42.1,142,18.87,983.2,loc_vellore,12.9165,79.1325,ECMWF_ERA5_Reanalysis
2023-05-02,30.8,23.1,26.3,34.4,27.7,30.2,1.2,13.0,27.4,132,12.01,984.1,loc_vellore,12.9165,79.1325,ECMWF_ERA5_Reanalysis
2023-05-03,34.8,23.1,27.7,39.2,27.5,32.1,3.0,18.3,38.2,250,19.31,984.3,loc_vellore,12.9165,79.1325,ECMWF_ERA5_Reanalysis
2023-05-04,34.7,23.7,28.0,40.7,28.1,32.8,29.3,11.7,24.5,317,18.95,983.9,loc_vellore,12.9165,79.1325,ECMWF_ERA5_Reanalysis
2023-05-05,33.4,23.5,26.5,38.8,27.6,31.1,30.9,14.3,32.4,274,16.26,983.3,loc_vellore,12.9165,79.1325,ECMWF_ERA5_Reanalysis
2023-05-06,34.1,23.4,26.7,38.8,26.8,30.9,17.3,20.5,40.7,276,16.57,982.8,loc_vellore,12.9165,79.1325,ECMWF_ERA5_Reanalysis
2023-05-07,34.2,24.3,28.6,38.2,26.7,32.0,2.9,17.0,36.0,285,18.07,982.4,loc_vellore,12.9165,79.1325,ECMWF_ERA5_Reanalysis
2023-05-08,35.2,24.4,29.2,40.2,27.7,33.4,0.0,11.3,28.8,297,22.54,981.7,loc_vellore,12.9165,79.1325,ECMWF_ERA5_Reanalysis
2023-05-09,36.7,24.4,30.3,41.5,27.1,34.6,0.3,15.3,29.9,323,24.36,982.1,loc_vellore,12.9165,79.1325,ECMWF_ERA5_Reanalysis
2023-05-10,37.2,24.9,30.9,40.3,28.1,34.5,0.0,13.3,28.1,348,23.22,981.6,loc_vellore,12.9165,79.1325,ECMWF_ERA5_Reanalysis
2023-05-11,38.3,24.8,31.4,41.0,30.3,34.9,0.0,14.7,33.5,345,23.55,982.3,loc_vellore,12.9165,79.1325,ECMWF_ERA5_Reanalysis
2023-05-12,39.9,25.5,32.1,42.6,28.4,34.4,0.0,17.0,34.6,263,23.05,982.2,loc_vellore,12.9165,79.1325,ECMWF_ERA5_Reanalysis
2023-05-13,38.6,28.3,32.0,40.1,29.6,34.1,0.0,22.7,45.4,267,20.76,982.5,loc_vellore,12.9165,79.1325,ECMWF_ERA5_Reanalysis
2023-05-14,40.5,27.7,33.0,41.5,29.0,34.0,0.0,23.8,48.2,276,23.43,981.0,loc_vellore,12.9165,79.1325,ECMWF_ERA5_Reanalysis
2023-05-15,40.6,27.8,33.3,42.6,28.4,34.7,0.0,23.0,46.1,270,24.57,981.6,loc_vellore,12.9165,79.1325,ECMWF_ERA5_Reanalysis
2023-05-16,40.3,26.3,33.5,43.1,28.2,35.3,0.0,13.8,32.0,271,23.23,983.1,loc_vellore,12.9165,79.1325,ECMWF_ERA5_Reanalysis
2023-05-17,40.6,26.6,33.4,43.3,29.1,35.7,0.0,18.3,39.6,176,22.99,983.9,loc_vellore,12.9165,79.1325,ECMWF_ERA5_Reanalysis
2023-05-18,40.4,27.2,32.8,44.0,31.0,36.2,0.0,12.7,31.7,183,23.85,985.2,loc_vellore,12.9165,79.1325,ECMWF_ERA5_Reanalysis
2023-05-19,39.4,26.8,32.7,43.4,31.0,36.3,0.0,10.1,23.0,191,23.75,983.8,loc_vellore,12.9165,79.1325,ECMWF_ERA5_Reanalysis
2023-05-20,40.2,27.3,32.9,43.7,30.3,36.0,0.0,13.7,29.2,280,24.19,983.2,loc_vellore,12.9165,79.1325,ECMWF_ERA5_Reanalysis
2023-05-21,37.0,26.9,30.8,43.2,30.0,35.3,7.7,20.5,40.3,191,21.99,984.4,loc_vellore,12.9165,79.1325,ECMWF_ERA5_Reanalysis
2023-05-22,38.0,25.6,30.7,43.3,29.4,34.6,0.5,24.0,54.7,169,21.92,985.4,loc_vellore,12.9165,79.1325,ECMWF_ERA5_Reanalysis
2023-05-23,39.1,26.1,32.2,42.8,29.8,35.6,0.0,12.0,29.2,251,24.13,985.4,loc_vellore,12.9165,79.1325,ECMWF_ERA5_Reanalysis
2023-05-24,39.3,27.0,32.7,43.8,30.2,35.9,3.6,14.0,31.7,252,22.42,984.6,loc_vellore,12.9165,79.1325,ECMWF_ERA5_Reanalysis
2023-05-25,40.0,28.4,32.7,43.1,30.0,34.8,2.2,19.2,40.3,270,21.36,984.8,loc_vellore,12.9165,79.1325,ECMWF_ERA5_Reanalysis
2023-05-26,39.7,28.1,32.2,42.8,29.1,34.5,0.2,20.9,41.8,268,22.03,985.1,loc_vellore,12.9165,79.1325,ECMWF_ERA5_Reanalysis
2023-05-27,38.4,27.5,32.2,41.8,29.3,34.8,0.1,18.0,36.0,279,22.64,983.7,loc_vellore,12.9165,79.1325,ECMWF_ERA5_Reanalysis
2023-05-28,38.3,27.2,31.4,41.6,28.9,33.8,1.9,19.6,40.3,287,21.6,983.0,loc_vellore,12.9165,79.1325,ECMWF_ERA5_Reanalysis
2023-05-29,39.4,26.6,32.7,42.9,28.0,34.9,0.1,19.2,36.0,213,21.7,983.0,loc_vellore,12.9165,79.1325,ECMWF_ERA5_Reanalysis
2023-05-30,37.4,24.7,29.7,42.9,28.2,34.4,19.8,15.8,38.9,215,22.85,984.2,loc_vellore,12.9165,79.1325,ECMWF_ERA5_Reanalysis
2023-05-31,37.0,24.8,30.7,42.6,28.9,34.8,0.1,8.4,22.0,220,23.76,983.1,loc_vellore,12.9165,79.1325,ECMWF_ERA5_Reanalysis
2023-06-01,38.6,26.3,32.2,43.3,29.5,35.5,0.0,14.6,31.7,263,24.09,982.2,loc_vellore,12.9165,79.1325,ECMWF_ERA5_Reanalysis
2023-06-02,39.0,28.3,32.4,42.5,29.8,34.4,0.9,21.2,48.6,269,20.9,982.3,loc_vellore,12.9165,79.1325,ECMWF_ERA5_Reanalysis
2023-06-03,40.3,28.5,33.1,43.3,30.3,35.4,0.0,18.5,36.7,284,22.04,982.0,loc_vellore,12.9165,79.1325,ECMWF_ERA5_Reanalysis
2023-06-04,37.8,28.8,32.5,39.8,29.9,34.3,0.0,20.7,43.9,285,21.46,982.2,loc_vellore,12.9165,79.1325,ECMWF_ERA5_Reanalysis
2023-06-05,39.0,28.2,31.1,42.5,30.3,33.8,0.9,18.9,41.0,256,21.11,981.7,loc_vellore,12.9165,79.1325,ECMWF_ERA5_Reanalysis
2023-06-06,39.4,27.7,33.3,41.4,29.4,35.2,0.0,24.1,45.0,276,23.04,980.9,loc_vellore,12.9165,79.1325,ECMWF_ERA5_Reanalysis
2023-06-07,35.4,26.8,31.0,39.3,30.3,33.6,7.8,20.5,40.3,262,14.27,981.4,loc_vellore,12.9165,79.1325,ECMWF_ERA5_Reanalysis
2023-06-08,39.8,28.2,31.6,43.0,29.0,33.5,1.1,27.2,51.1,271,20.27,981.4,loc_vellore,12.9165,79.1325,ECMWF_ERA5_Reanalysis
2023-06-09,39.6,26.4,30.7,43.5,29.0,33.2,14.9,23.1,47.2,268,19.28,980.2,loc_vellore,12.9165,79.1325,ECMWF_ERA5_Reanalysis
2023-06-10,37.1,27.4,31.3,40.4,27.5,33.1,0.2,27.4,51.1,264,23.05,980.0,loc_vellore,12.9165,79.1325,ECMWF_ERA5_Reanalysis
2023-06-11,36.8,26.3,31.0,40.7,27.7,33.6,3.7,21.7,47.5,275,22.98,980.2,loc_vellore,12.9165,79.1325,ECMWF_ERA5_Reanalysis
2023-06-12,36.2,27.2,31.1,38.6,29.4,33.7,0.4,21.6,42.8,262,20.88,980.2,loc_vellore,12.9165,79.1325,ECMWF_ERA5_Reanalysis
2023-06-13,38.0,27.3,30.8,41.9,28.8,33.5,2.8,22.3,42.1,264,21.17,980.7,loc_vellore,12.9165,79.1325,ECMWF_ERA5_Reanalysis
2023-06-14,37.8,27.4,31.8,40.4,28.6,33.4,0.1,22.3,44.6,268,24.13,982.0,loc_vellore,12.9165,79.1325,ECMWF_ERA5_Reanalysis
2023-06-15,38.7,27.9,32.8,41.3,28.7,34.2,0.0,20.8,42.5,270,24.74,981.9,loc_vellore,12.9165,79.1325,ECMWF_ERA5_Reanalysis
2023-06-16,38.3,28.7,33.2,40.8,29.1,34.5,0.0,23.0,42.8,268,23.9,981.0,loc_vellore,12.9165,79.1325,ECMWF_ERA5_Reanalysis
2023-06-17,38.5,27.5,31.7,40.4,29.3,33.6,0.1,20.6,41.8,263,19.62,981.3,loc_vellore,12.9165,79.1325,ECMWF_ERA5_Reanalysis
2023-06-18,35.6,27.8,29.8,39.4,29.0,32.4,3.8,20.3,39.6,269,14.25,981.5,loc_vellore,12.9165,79.1325,ECMWF_ERA5_Reanalysis
2023-06-19,28.9,24.8,26.5,33.8,27.9,30.4,26.4,22.3,41.8,250,7.07,981.0,loc_vellore,12.9165,79.1325,ECMWF_ERA5_Reanalysis
2023-06-20,34.1,24.4,28.4,37.1,27.7,32.2,16.0,18.5,38.9,252,16.26,980.2,loc_vellore,12.9165,79.1325,ECMWF_ERA5_Reanalysis
2023-06-21,33.8,24.4,28.4,40.2,28.6,33.2,4.4,11.9,24.5,265,16.44,981.2,loc_vellore,12.9165,79.1325,ECMWF_ERA5_Reanalysis
2023-06-22,33.8,26.0,28.5,37.7,28.7,32.6,4.3,14.4,30.6,263,16.24,981.3,loc_vellore,12.9165,79.1325,ECMWF_ERA5_Reanalysis
2023-06-23,34.4,25.4,28.8,38.8,28.9,32.8,3.3,12.4,29.2,262,19.17,981.4,loc_vellore,12.9165,79.1325,ECMWF_ERA5_Reanalysis
2023-06-24,34.7,26.5,29.6,38.6,28.6,32.5,0.4,15.5,37.8,263,17.85,981.0,loc_vellore,12.9165,79.1325,ECMWF_ERA5_Reanalysis
2023-06-25,34.5,26.1,29.7,37.1,28.0,32.5,0.0,15.2,31.0,251,18.95,980.9,loc_vellore,12.9165,79.1325,ECMWF_ERA5_Reanalysis
2023-06-26,34.9,26.1,29.5,38.2,28.2,31.9,0.5,19.7,39.6,272,16.63,981.5,loc_vellore,12.9165,79.1325,ECMWF_ERA5_Reanalysis
2023-06-27,34.9,26.5,30.1,37.6,27.9,32.0,0.4,23.4,45.4,262,19.98,981.8,loc_vellore,12.9165,79.1325,ECMWF_ERA5_Reanalysis
2023-06-28,36.2,25.9,30.6,39.4,27.1,32.9,3.9,22.7,42.1,270,22.95,982.6,loc_vellore,12.9165,79.1325,ECMWF_ERA5_Reanalysis
2023-06-29,35.6,27.0,30.5,39.5,28.8,32.9,4.6,21.4,43.2,261,22.24,983.2,loc_vellore,12.9165,79.1325,ECMWF_ERA5_Reanalysis
2023-06-30,37.1,26.7,31.3,39.7,28.4,33.4,0.5,18.4,41.4,268,22.88,982.9,loc_vellore,12.9165,79.1325,ECMWF_ERA5_Reanalysis
2023-07-01,34.5,27.0,29.8,37.4,29.2,32.8,3.8,18.0,36.4,272,15.11,983.1,loc_vellore,12.9165,79.1325,ECMWF_ERA5_Reanalysis
2023-07-02,35.5,26.8,29.8,38.2,29.6,32.8,1.4,17.8,40.3,276,14.85,982.1,loc_vellore,12.9165,79.1325,ECMWF_ERA5_Reanalysis
2023-07-03,34.9,24.8,28.8,35.9,27.7,31.3,3.3,19.9,41.0,272,12.42,981.0,loc_vellore,12.9165,79.1325,ECMWF_ERA5_Reanalysis
2023-07-04,35.0,26.0,28.4,38.5,27.3,31.1,12.2,20.9,40.3,264,17.65,979.1,loc_vellore,12.9165,79.1325,ECMWF_ERA5_Reanalysis
2023-07-05,32.1,25.5,28.4,33.8,27.9,30.1,0.1,24.3,46.8,266,10.32,978.1,loc_vellore,12.9165,79.1325,ECMWF_ERA5_Reanalysis
2023-07-06,30.2,25.7,27.8,34.3,27.7,30.3,1.8,18.6,38.9,258,11.73,981.0,loc_vellore,12.9165,79.1325,ECMWF_ERA5_Reanalysis
2023-07-07,32.7,26.3,29.1,33.8,28.3,31.0,0.0,22.9,47.2,253,14.68,982.9,loc_vellore,12.9165,79.1325,ECMWF_ERA5_Reanalysis
2023-07-08,34.0,26.7,29.6,36.9,28.8,32.3,6.2,20.8,43.6,258,20.22,983.8,loc_vellore,12.9165,79.1325,ECMWF_ERA5_Reanalysis
2023-07-09,35.9,26.1,29.4,39.5,28.1,32.6,1.2,17.4,40.3,268,20.95,983.0,loc_vellore,12.9165,79.1325,ECMWF_ERA5_Reanalysis
2023-07-10,31.6,25.7,28.0,34.6,29.5,32.1,3.8,16.2,32.8,269,11.75,982.9,loc_vellore,12.9165,79.1325,ECMWF_ERA5_Reanalysis
2023-07-11,30.4,24.4,27.0,34.8,27.9,30.5,3.0,20.0,40.3,261,9.99,982.2,loc_vellore,12.9165,79.1325,ECMWF_ERA5_Reanalysis
2023-07-12,33.9,25.7,28.2,39.1,27.9,31.8,5.4,14.6,33.8,259,15.96,982.0,loc_vellore,12.9165,79.1325,ECMWF_ERA5_Reanalysis
2023-07-13,33.9,24.6,28.6,37.3,28.4,31.7,0.4,18.0,39.6,255,17.99,982.3,loc_vellore,12.9165,79.1325,ECMWF_ERA5_Reanalysis
2023-07-14,34.9,25.7,29.9,37.6,27.7,32.3,1.0,19.7,41.4,269,21.06,982.9,loc_vellore,12.9165,79.1325,ECMWF_ERA5_Reanalysis
2023-07-15,36.3,26.4,30.6,38.8,28.1,32.8,1.0,24.6,49.3,275,22.54,982.8,loc_vellore,12.9165,79.1325,ECMWF_ERA5_Reanalysis
2023-07-16,35.4,27.1,30.7,37.7,29.0,32.8,0.3,18.1,36.7,272,17.68,982.2,loc_vellore,12.9165,79.1325,ECMWF_ERA5_Reanalysis
2023-07-17,36.4,26.7,31.1,38.6,27.9,32.9,0.0,19.5,45.0,272,22.87,981.4,loc_vellore,12.9165,79.1325,ECMWF_ERA5_Reanalysis
2023-07-18,36.2,27.2,31.4,37.1,28.2,32.1,0.0,25.3,51.1,265,20.99,980.6,loc_vellore,12.9165,79.1325,ECMWF_ERA5_Reanalysis
2023-07-19,35.9,27.2,30.9,34.8,28.5,31.1,0.0,31.8,62.6,266,19.05,979.5,loc_vellore,12.9165,79.1325,ECMWF_ERA5_Reanalysis
2023-07-20,36.4,26.9,31.1,35.6,27.5,31.0,0.1,33.5,67.7,268,17.71,979.3,loc_vellore,12.9165,79.1325,ECMWF_ERA5_Reanalysis
2023-07-21,35.9,27.4,31.0,36.0,27.8,31.2,0.0,32.2,64.1,274,18.25,980.3,loc_vellore,12.9165,79.1325,ECMWF_ERA5_Reanalysis
2023-07-22,33.4,26.0,28.9,33.5,27.0,30.1,5.0,32.1,63.4,272,10.72,982.0,loc_vellore,12.9165,79.1325,ECMWF_ERA5_Reanalysis
2023-07-23,33.7,24.4,28.0,34.9,26.6,30.4,7.8,23.2,47.5,272,11.55,982.3,loc_vellore,12.9165,79.1325,ECMWF_ERA5_Reanalysis
2023-07-24,31.8,24.0,27.0,32.4,26.1,28.9,5.0,22.3,46.4,266,6.31,981.7,loc_vellore,12.9165,79.1325,ECMWF_ERA5_Reanalysis
2023-07-25,28.9,23.8,25.7,32.0,25.6,28.4,11.5,22.8,41.8,268,7.46,981.8,loc_vellore,12.9165,79.1325,ECMWF_ERA5_Reanalysis
2023-07-26,28.4,23.4,25.4,30.6,25.1,27.5,5.7,23.6,45.7,268,6.79,982.6,loc_vellore,12.9165,79.1325,ECMWF_ERA5_Reanalysis
2023-07-27,34.1,24.3,28.8,35.9,25.7,30.2,0.6,27.4,54.7,266,22.13,982.9,loc_vellore,12.9165,79.1325,ECMWF_ERA5_Reanalysis
2023-07-28,35.4,25.6,30.2,37.0,26.0,31.4,0.0,28.1,54.7,274,24.12,982.6,loc_vellore,12.9165,79.1325,ECMWF_ERA5_Reanalysis
2023-07-29,35.7,26.0,30.5,36.7,26.8,31.4,0.1,29.4,57.2,284,22.19,982.5,loc_vellore,12.9165,79.1325,ECMWF_ERA5_Reanalysis
2023-07-30,36.9,26.4,31.0,38.2,26.7,32.0,0.2,24.4,51.8,282,23.83,982.1,loc_vellore,12.9165,79.1325,ECMWF_ERA5_Reanalysis
2023-07-31,36.7,26.5,31.2,39.6,27.4,32.6,0.1,23.2,50.8,277,21.57,981.8,loc_vellore,12.9165,79.1325,ECMWF_ERA5_Reanalysis
2023-08-01,36.2,26.3,31.1,37.1,27.0,32.0,0.1,27.6,57.2,272,18.64,982.0,loc_vellore,12.9165,79.1325,ECMWF_ERA5_Reanalysis
2023-08-02,36.6,26.0,31.1,36.9,26.9,31.4,0.0,24.7,51.8,271,23.27,982.8,loc_vellore,12.9165,79.1325,ECMWF_ERA5_Reanalysis
2023-08-03,37.3,26.1,31.5,37.9,26.9,32.3,0.0,23.5,51.5,274,24.06,982.5,loc_vellore,12.9165,79.1325,ECMWF_ERA5_Reanalysis
2023-08-04,37.8,26.2,31.5,39.7,27.0,32.7,0.7,20.2,48.6,273,22.19,984.3,loc_vellore,12.9165,79.1325,ECMWF_ERA5_Reanalysis
2023-08-05,37.3,24.1,31.4,39.6,27.5,33.2,8.7,21.3,41.4,274,22.45,985.3,loc_vellore,12.9165,79.1325,ECMWF_ERA5_Reanalysis
2023-08-06,36.6,25.2,30.5,39.4,29.2,34.0,0.2,17.2,36.0,252,20.74,984.4,loc_vellore,12.9165,79.1325,ECMWF_ERA5_Reanalysis
2023-08-07,37.5,26.2,31.7,39.6,29.4,33.9,0.0,17.3,34.6,270,22.27,982.7,loc_vellore,12.9165,79.1325,ECMWF_ERA5_Reanalysis
2023-08-08,37.3,27.0,31.4,40.1,29.7,34.0,0.1,12.7,30.6,276,20.89,983.1,loc_vellore,12.9165,79.1325,ECMWF_ERA5_Reanalysis
2023-08-09,35.3,26.2,30.0,39.3,28.9,33.1,0.4,13.6,34.6,264,17.75,984.8,loc_vellore,12.9165,79.1325,ECMWF_ERA5_Reanalysis
2023-08-10,36.4,24.5,28.7,40.5,27.4,31.8,11.5,16.9,32.8,276,17.6,985.3,loc_vellore,12.9165,79.1325,ECMWF_ERA5_Reanalysis
2023-08-11,32.2,24.5,27.7,38.5,27.3,31.8,9.7,14.4,33.1,261,16.64,984.6,loc_vellore,12.9165,79.1325,ECMWF_ERA5_Reanalysis
2023-08-12,36.2,24.0,28.9,39.9,27.5,32.9,0.3,12.8,31.3,285,21.54,983.8,loc_vellore,12.9165,79.1325,ECMWF_ERA5_Reanalysis
2023-08-13,35.8,24.7,29.6,40.2,28.8,33.4,0.4,13.4,29.5,263,22.55,983.2,loc_vellore,12.9165,79.1325,ECMWF_ERA5_Reanalysis
2023-08-14,35.3,24.0,28.4,41.1,28.1,32.9,3.3,18.4,37.1,174,19.2,983.9,loc_vellore,12.9165,79.1325,ECMWF_ERA5_Reanalysis
2023-08-15,35.6,24.7,29.8,39.4,28.8,33.3,0.2,13.8,28.4,226,22.57,983.8,loc_vellore,12.9165,79.1325,ECMWF_ERA5_Reanalysis
2023-08-16,36.3,25.7,30.8,40.6,27.4,33.3,0.2,15.5,32.4,244,23.75,983.9,loc_vellore,12.9165,79.1325,ECMWF_ERA5_Reanalysis
2023-08-17,37.0,26.2,30.8,40.8,27.5,33.3,0.1,14.1,33.1,268,21.66,983.3,loc_vellore,12.9165,79.1325,ECMWF_ERA5_Reanalysis
2023-08-18,36.8,27.3,30.9,38.3,28.7,32.4,0.2,23.4,47.5,274,21.11,982.1,loc_vellore,12.9165,79.1325,ECMWF_ERA5_Reanalysis
2023-08-19,36.6,26.7,30.8,38.7,27.2,32.0,0.3,21.2,42.1,277,22.19,981.8,loc_vellore,12.9165,79.1325,ECMWF_ERA5_Reanalysis
2023-08-20,36.9,26.7,31.3,40.2,28.4,33.6,0.0,14.5,35.6,283,24.26,981.8,loc_vellore,12.9165,79.1325,ECMWF_ERA5_Reanalysis
2023-08-21,36.9,27.2,31.2,42.1,29.4,34.4,0.2,13.8,30.6,250,23.19,981.8,loc_vellore,12.9165,79.1325,ECMWF_ERA5_Reanalysis
2023-08-22,35.5,26.3,29.9,40.7,30.7,34.2,2.1,12.6,31.0,192,21.98,982.3,loc_vellore,12.9165,79.1325,ECMWF_ERA5_Reanalysis
2023-08-23,36.2,24.5,29.9,40.7,28.8,34.2,2.4,11.4,31.3,232,21.26,982.5,loc_vellore,12.9165,79.1325,ECMWF_ERA5_Reanalysis
2023-08-24,36.3,25.5,30.4,39.8,29.7,34.2,0.2,10.0,26.3,222,20.85,982.0,loc_vellore,12.9165,79.1325,ECMWF_ERA5_Reanalysis
2023-08-25,37.3,25.2,30.9,41.1,27.8,33.5,0.1,14.7,31.0,232,24.29,982.2,loc_vellore,12.9165,79.1325,ECMWF_ERA5_Reanalysis
2023-08-26,36.8,24.2,30.2,41.5,27.8,33.2,15.0,17.1,31.7,268,23.8,983.5,loc_vellore,12.9165,79.1325,ECMWF_ERA5_Reanalysis
2023-08-27,35.6,24.5,29.3,39.0,29.1,33.1,1.8,12.8,30.2,262,20.03,984.2,loc_vellore,12.9165,79.1325,ECMWF_ERA5_Reanalysis
2023-08-28,36.8,26.2,30.0,39.9,29.9,33.1,0.0,27.7,55.1,227,18.29,983.1,loc_vellore,12.9165,79.1325,ECMWF_ERA5_Reanalysis
2023-08-29,36.8,24.7,30.2,39.6,27.9,33.1,6.5,18.4,48.6,272,20.89,982.7,loc_vellore,12.9165,79.1325,ECMWF_ERA5_Reanalysis
2023-08-30,37.2,24.5,29.1,40.6,27.6,32.5,19.6,16.3,43.6,286,22.71,983.2,loc_vellore,12.9165,79.1325,ECMWF_ERA5_Reanalysis
2023-08-31,35.3,23.8,28.2,41.8,27.7,32.9,26.6,16.5,33.8,251,22.03,983.4,loc_vellore,12.9165,79.1325,ECMWF_ERA5_Reanalysis
2023-09-01,34.0,24.1,28.5,40.8,27.7,33.2,18.6,15.6,29.9,268,23.38,983.1,loc_vellore,12.9165,79.1325,ECMWF_ERA5_Reanalysis
2023-09-02,34.4,24.6,28.9,41.3,27.9,33.4,18.2,17.3,33.5,273,23.2,982.6,loc_vellore,12.9165,79.1325,ECMWF_ERA5_Reanalysis
2023-09-03,33.7,24.7,27.9,37.0,28.1,31.4,0.9,16.1,32.8,263,18.58,981.4,loc_vellore,12.9165,79.1325,ECMWF_ERA5_Reanalysis
2023-09-04,31.1,25.2,27.5,32.4,27.5,29.6,1.5,21.3,41.8,284,8.55,979.9,loc_vellore,12.9165,79.1325,ECMWF_ERA5_Reanalysis
2023-09-05,31.7,25.3,27.6,32.9,26.4,29.5,0.0,23.9,46.1,274,13.77,980.0,loc_vellore,12.9165,79.1325,ECMWF_ERA5_Reanalysis
2023-09-06,32.9,25.9,28.7,36.8,27.5,31.4,0.6,20.2,37.4,259,17.24,980.6,loc_vellore,12.9165,79.1325,ECMWF_ERA5_Reanalysis
2023-09-07,33.9,26.4,28.8,37.9,28.0,32.2,1.1,18.8,38.2,250,19.01,981.5,loc_vellore,12.9165,79.1325,ECMWF_ERA5_Reanalysis
2023-09-08,34.4,26.3,29.9,38.5,28.7,32.5,0.0,18.1,39.2,253,21.53,982.3,loc_vellore,12.9165,79.1325,ECMWF_ERA5_Reanalysis
2023-09-09,35.4,26.1,29.8,39.0,27.8,32.8,0.9,19.1,39.6,258,21.79,981.8,loc_vellore,12.9165,79.1325,ECMWF_ERA5_Reanalysis
2023-09-10,33.9,26.4,29.6,35.9,28.1,32.0,0.0,19.8,39.2,266,16.7,981.2,loc_vellore,12.9165,79.1325,ECMWF_ERA5_Reanalysis
2023-09-11,35.3,26.5,30.0,37.9,28.0,32.3,0.0,21.3,42.1,272,20.34,981.5,loc_vellore,12.9165,79.1325,ECMWF_ERA5_Reanalysis
2023-09-12,35.5,26.9,30.0,37.7,27.3,32.1,0.2,21.6,42.5,274,18.22,982.1,loc_vellore,12.9165,79.1325,ECMWF_ERA5_Reanalysis
2023-09-13,36.2,26.3,30.6,38.7,28.6,32.9,0.3,18.4,38.5,270,21.1,981.9,loc_vellore,12.9165,79.1325,ECMWF_ERA5_Reanalysis
2023-09-14,36.9,24.9,29.6,40.2,28.0,32.2,12.6,19.8,39.6,267,20.77,982.1,loc_vellore,12.9165,79.1325,ECMWF_ERA5_Reanalysis
2023-09-15,35.2,25.5,29.5,37.5,27.7,32.2,2.1,19.2,42.1,252,19.43,982.6,loc_vellore,12.9165,79.1325,ECMWF_ERA5_Reanalysis
2023-09-16,35.0,24.9,28.4,40.0,28.0,32.3,14.3,17.5,41.8,253,17.15,982.9,loc_vellore,12.9165,79.1325,ECMWF_ERA5_Reanalysis
2023-09-17,33.8,24.4,27.0,39.0,27.6,31.2,11.2,17.4,35.6,266,18.09,982.6,loc_vellore,12.9165,79.1325,ECMWF_ERA5_Reanalysis
2023-09-18,34.3,24.4,27.5,39.7,26.3,31.2,12.2,24.2,46.1,250,18.52,982.4,loc_vellore,12.9165,79.1325,ECMWF_ERA5_Reanalysis
2023-09-19,34.8,24.2,29.0,38.2,27.1,32.6,0.1,16.6,33.1,270,21.89,983.3,loc_vellore,12.9165,79.1325,ECMWF_ERA5_Reanalysis
2023-09-20,34.5,25.3,29.0,38.8,27.6,32.7,0.0,13.9,29.9,267,20.98,983.7,loc_vellore,12.9165,79.1325,ECMWF_ERA5_Reanalysis
2023-09-21,33.0,24.5,28.1,38.0,28.4,32.6,0.2,13.0,27.0,215,16.69,984.0,loc_vellore,12.9165,79.1325,ECMWF_ERA5_Reanalysis
2023-09-22,33.8,24.5,28.2,40.6,29.3,33.1,12.8,14.8,34.2,225,21.24,984.0,loc_vellore,12.9165,79.1325,ECMWF_ERA5_Reanalysis
2023-09-23,34.1,24.2,28.0,40.5,28.9,33.2,28.2,10.5,24.8,267,22.72,984.1,loc_vellore,12.9165,79.1325,ECMWF_ERA5_Reanalysis
2023-09-24,33.6,23.6,27.7,37.9,26.5,31.9,10.0,16.7,34.6,275,20.04,983.9,loc_vellore,12.9165,79.1325,ECMWF_ERA5_Reanalysis
2023-09-25,32.9,23.8,27.3,37.7,27.3,31.2,7.5,16.8,32.4,275,16.96,982.9,loc_vellore,12.9165,79.1325,ECMWF_ERA5_Reanalysis
2023-09-26,32.9,23.8,27.3,38.6,27.9,32.3,24.4,12.1,25.6,261,20.11,982.7,loc_vellore,12.9165,79.1325,ECMWF_ERA5_Reanalysis
2023-09-27,32.5,23.9,27.0,39.1,27.9,31.7,14.6,13.7,27.7,270,21.01,982.6,loc_vellore,12.9165,79.1325,ECMWF_ERA5_Reanalysis
2023-09-28,31.9,23.9,27.1,37.9,27.0,31.1,5.1,15.9,46.1,261,20.33,982.3,loc_vellore,12.9165,79.1325,ECMWF_ERA5_Reanalysis
2023-09-29,32.0,24.8,27.2,36.1,27.5,31.2,10.5,17.6,38.9,253,19.27,982.6,loc_vellore,12.9165,79.1325,ECMWF_ERA5_Reanalysis
2023-09-30,33.0,24.0,27.6,38.6,27.1,32.1,1.8,12.5,31.0,233,22.34,983.1,loc_vellore,12.9165,79.1325,ECMWF_ERA5_Reanalysis
2023-10-01,32.8,25.6,28.6,35.8,28.2,32.0,0.7,21.8,44.6,244,19.92,982.9,loc_vellore,12.9165,79.1325,ECMWF_ERA5_Reanalysis
2023-10-02,34.0,25.0,29.0,37.7,27.3,31.9,0.0,19.2,41.4,257,22.89,983.2,loc_vellore,12.9165,79.1325,ECMWF_ERA5_Reanalysis
2023-10-03,33.9,25.1,29.0,38.2,27.6,31.9,0.0,15.1,31.7,258,21.69,983.9,loc_vellore,12.9165,79.1325,ECMWF_ERA5_Reanalysis
2023-10-04,34.1,24.0,28.8,38.9,26.0,32.1,0.1,14.8,29.9,281,22.0,984.4,loc_vellore,12.9165,79.1325,ECMWF_ERA5_Reanalysis
2023-10-05,33.5,24.8,28.9,38.7,28.1,33.3,0.2,12.5,25.9,278,21.59,984.4,loc_vellore,12.9165,79.1325,ECMWF_ERA5_Reanalysis
2023-10-06,34.7,24.6,29.3,38.6,29.3,33.1,0.2,13.0,27.4,255,20.52,983.5,loc_vellore,12.9165,79.1325,ECMWF_ERA5_Reanalysis
2023-10-07,35.2,25.0,29.3,39.4,27.5,32.9,0.5,14.8,29.9,217,22.41,983.9,loc_vellore,12.9165,79.1325,ECMWF_ERA5_Reanalysis
2023-10-08,33.8,24.2,28.8,38.3,28.3,33.2,5.6,12.5,27.0,166,22.31,985.7,loc_vellore,12.9165,79.1325,ECMWF_ERA5_Reanalysis
2023-10-09,34.4,23.6,28.0,40.4,28.5,33.3,25.1,10.1,26.3,180,21.78,987.0,loc_vellore,12.9165,79.1325,ECMWF_ERA5_Reanalysis
2023-10-10,34.5,23.7,28.0,41.1,28.7,33.3,9.0,10.5,22.3,340,21.79,986.3,loc_vellore,12.9165,79.1325,ECMWF_ERA5_Reanalysis
2023-10-11,33.7,23.2,28.0,39.6,26.9,32.7,4.3,16.2,29.9,2,22.18,986.0,loc_vellore,12.9165,79.1325,ECMWF_ERA5_Reanalysis
2023-10-12,33.4,23.7,28.1,36.9,27.3,32.0,0.1,13.8,29.2,70,22.59,987.2,loc_vellore,12.9165,79.1325,ECMWF_ERA5_Reanalysis
2023-10-13,31.8,23.5,26.9,35.9,28.2,31.5,4.4,11.9,26.6,74,19.76,988.2,loc_vellore,12.9165,79.1325,ECMWF_ERA5_Reanalysis
2023-10-14,30.6,23.2,26.6,34.1,28.2,31.2,3.4,14.0,29.9,73,16.81,987.9,loc_vellore,12.9165,79.1325,ECMWF_ERA5_Reanalysis
2023-10-15,31.9,24.2,27.0,36.7,29.3,31.9,1.1,12.3,31.0,83,18.99,986.4,loc_vellore,12.9165,79.1325,ECMWF_ERA5_Reanalysis
2023-10-16,30.8,23.0,26.0,35.7,27.3,30.5,7.6,13.0,30.6,108,16.08,986.6,loc_vellore,12.9165,79.1325,ECMWF_ERA5_Reanalysis
2023-10-17,32.3,22.8,27.2,36.7,26.1,31.0,0.9,13.4,29.5,78,20.67,987.2,loc_vellore,12.9165,79.1325,ECMWF_ERA5_Reanalysis
2023-10-18,32.4,22.2,27.1,35.0,25.9,29.7,0.3,16.1,35.3,79,21.66,987.9,loc_vellore,12.9165,79.1325,ECMWF_ERA5_Reanalysis
2023-10-19,32.6,21.3,26.8,35.9,24.0,30.1,0.2,14.2,31.7,22,21.96,987.9,loc_vellore,12.9165,79.1325,ECMWF_ERA5_Reanalysis
2023-10-20,32.6,22.2,27.5,35.8,26.1,31.1,0.1,11.8,29.5,49,21.95,987.8,loc_vellore,12.9165,79.1325,ECMWF_ERA5_Reanalysis
2023-10-21,32.8,22.5,27.5,36.3,26.8,31.3,1.3,16.3,33.5,65,20.56,988.0,loc_vellore,12.9165,79.1325,ECMWF_ERA5_Reanalysis
2023-10-22,34.3,22.5,28.1,36.5,26.9,31.2,0.0,12.3,31.0,38,21.67,987.6,loc_vellore,12.9165,79.1325,ECMWF_ERA5_Reanalysis
2023-10-23,34.6,21.9,27.5,35.2,22.6,29.1,0.0,11.2,28.8,345,23.42,986.9,loc_vellore,12.9165,79.1325,ECMWF_ERA5_Reanalysis
2023-10-24,34.1,20.5,27.4,36.4,22.0,29.0,0.0,9.1,20.2,52,23.6,987.0,loc_vellore,12.9165,79.1325,ECMWF_ERA5_Reanalysis
2023-10-25,34.5,21.1,27.8,36.9,24.2,30.3,0.0,11.5,23.0,74,23.06,988.0,loc_vellore,12.9165,79.1325,ECMWF_ERA5_Reanalysis
2023-10-26,34.1,21.2,27.7,36.0,23.9,29.9,0.0,18.4,36.7,73,19.83,988.2,loc_vellore,12.9165,79.1325,ECMWF_ERA5_Reanalysis
2023-10-27,33.3,21.9,26.8,35.5,25.3,30.0,3.0,16.7,36.0,84,18.41,987.2,loc_vellore,12.9165,79.1325,ECMWF_ERA5_Reanalysis
2023-10-28,32.3,22.3,26.9,36.2,26.7,31.0,11.3,14.1,30.6,88,19.89,987.2,loc_vellore,12.9165,79.1325,ECMWF_ERA5_Reanalysis
2023-10-29,30.5,22.8,25.6,32.9,27.6,29.6,8.7,15.5,35.6,93,15.59,987.3,loc_vellore,12.9165,79.1325,ECMWF_ERA5_Reanalysis
2023-10-30,29.1,22.0,24.8,32.4,26.2,28.8,10.5,15.2,34.2,83,13.02,987.5,loc_vellore,12.9165,79.1325,ECMWF_ERA5_Reanalysis
2023-10-31,30.9,22.2,25.6,33.8,26.5,29.4,1.5,15.9,32.8,39,16.09,987.7,loc_vellore,12.9165,79.1325,ECMWF_ERA5_Reanalysis
2023-11-01,32.1,22.0,25.7,35.5,26.3,29.8,3.6,15.5,41.0,56,17.85,987.8,loc_vellore,12.9165,79.1325,ECMWF_ERA5_Reanalysis
2023-11-02,30.6,23.0,25.9,35.1,27.0,30.3,16.9,15.1,33.1,66,16.44,987.0,loc_vellore,12.9165,79.1325,ECMWF_ERA5_Reanalysis
2023-11-03,30.8,23.4,25.9,35.2,27.5,30.3,6.1,14.0,32.0,76,17.6,985.7,loc_vellore,12.9165,79.1325,ECMWF_ERA5_Reanalysis
2023-11-04,29.4,22.8,24.4,34.4,27.2,28.7,26.5,13.3,28.4,79,10.88,985.9,loc_vellore,12.9165,79.1325,ECMWF_ERA5_Reanalysis
2023-11-05,29.5,22.7,24.8,35.2,26.9,29.4,26.2,10.3,27.7,91,13.74,987.0,loc_vellore,12.9165,79.1325,ECMWF_ERA5_Reanalysis
2023-11-06,30.5,22.0,25.2,35.9,26.3,29.9,26.2,12.1,26.3,51,17.86,988.0,loc_vellore,12.9165,79.1325,ECMWF_ERA5_Reanalysis
2023-11-07,28.8,22.5,24.8,34.0,26.2,29.2,18.4,12.7,28.1,65,16.42,988.2,loc_vellore,12.9165,79.1325,ECMWF_ERA5_Reanalysis
2023-11-08,30.0,22.9,24.8,34.9,27.2,29.3,9.3,12.7,43.9,84,11.96,987.9,loc_vellore,12.9165,79.1325,ECMWF_ERA5_Reanalysis
2023-11-09,28.9,22.1,24.6,33.0,26.2,28.8,13.0,14.1,31.0,74,14.28,988.4,loc_vellore,12.9165,79.1325,ECMWF_ERA5_Reanalysis
2023-11-10,29.6,21.9,25.3,33.5,25.6,29.5,2.8,14.2,31.0,74,17.94,989.5,loc_vellore,12.9165,79.1325,ECMWF_ERA5_Reanalysis
2023-11-11,30.2,20.7,24.8,33.2,24.0,27.8,0.0,15.9,33.5,47,19.87,989.7,loc_vellore,12.9165,79.1325,ECMWF_ERA5_Reanalysis
2023-11-12,29.8,20.2,24.8,32.2,23.0,27.5,0.2,18.2,37.1,34,19.31,989.6,loc_vellore,12.9165,79.1325,ECMWF_ERA5_Reanalysis
2023-11-13,30.1,20.4,25.4,32.4,23.5,27.9,0.3,17.6,37.1,30,18.66,988.8,loc_vellore,12.9165,79.1325,ECMWF_ERA5_Reanalysis
2023-11-14,25.7,22.3,24.0,30.2,26.2,28.0,15.1,12.2,21.6,14,5.17,988.2,loc_vellore,12.9165,79.1325,ECMWF_ERA5_Reanalysis
2023-11-15,27.3,21.4,24.2,29.3,24.0,27.4,2.3,17.2,33.8,24,10.95,987.8,loc_vellore,12.9165,79.1325,ECMWF_ERA5_Reanalysis
2023-11-16,30.3,21.6,25.5,33.5,25.2,29.3,0.0,11.5,25.2,51,16.86,987.8,loc_vellore,12.9165,79.1325,ECMWF_ERA5_Reanalysis
2023-11-17,30.2,21.5,25.4,33.4,25.2,29.4,1.2,14.1,31.7,48,18.24,988.1,loc_vellore,12.9165,79.1325,ECMWF_ERA5_Reanalysis
2023-11-18,30.5,21.3,25.4,33.1,25.1,29.0,0.0,15.8,33.1,38,19.22,988.0,loc_vellore,12.9165,79.1325,ECMWF_ERA5_Reanalysis
2023-11-19,30.5,21.7,25.2,33.1,25.0,28.4,0.0,16.6,34.9,46,18.37,988.4,loc_vellore,12.9165,79.1325,ECMWF_ERA5_Reanalysis
2023-11-20,28.3,20.5,24.5,30.3,23.7,27.7,4.5,17.4,34.2,11,9.64,987.8,loc_vellore,12.9165,79.1325,ECMWF_ERA5_Reanalysis
2023-11-21,29.2,23.2,25.2,33.3,27.8,29.3,6.2,13.5,29.2,39,13.57,986.8,loc_vellore,12.9165,79.1325,ECMWF_ERA5_Reanalysis
2023-11-22,28.5,23.1,24.6,33.5,27.0,28.9,11.4,13.4,29.2,77,12.43,986.7,loc_vellore,12.9165,79.1325,ECMWF_ERA5_Reanalysis
2023-11-23,28.2,22.6,24.4,32.4,27.4,29.0,13.3,15.9,35.3,107,11.51,986.5,loc_vellore,12.9165,79.1325,ECMWF_ERA5_Reanalysis
2023-11-24,27.8,22.1,24.3,32.0,26.2,28.5,18.8,14.1,33.8,77,11.6,986.8,loc_vellore,12.9165,79.1325,ECMWF_ERA5_Reanalysis
2023-11-25,29.4,21.9,24.3,33.8,25.7,28.3,7.1,19.8,40.0,67,14.63,988.2,loc_vellore,12.9165,79.1325,ECMWF_ERA5_Reanalysis
2023-11-26,28.7,21.9,24.4,32.3,25.8,28.0,9.1,18.8,39.6,70,16.32,989.0,loc_vellore,12.9165,79.1325,ECMWF_ERA5_Reanalysis
2023-11-27,27.8,22.3,24.5,31.2,26.2,28.6,4.9,16.6,34.6,71,13.92,987.7,loc_vellore,12.9165,79.1325,ECMWF_ERA5_Reanalysis
2023-11-28,29.4,21.8,24.5,34.0,26.2,28.5,10.9,14.4,33.8,80,16.16,986.9,loc_vellore,12.9165,79.1325,ECMWF_ERA5_Reanalysis
2023-11-29,27.7,22.1,23.8,31.5,25.8,27.6,9.1,17.5,35.6,56,12.41,987.2,loc_vellore,12.9165,79.1325,ECMWF_ERA5_Reanalysis
2023-11-30,28.2,22.0,24.1,32.1,25.7,28.0,4.7,14.2,34.2,51,14.08,987.8,loc_vellore,12.9165,79.1325,ECMWF_ERA5_Reanalysis
2023-12-01,28.8,21.7,24.8,32.5,25.6,28.4,4.6,14.3,31.7,31,13.34,986.7,loc_vellore,12.9165,79.1325,ECMWF_ERA5_Reanalysis
2023-12-02,27.6,21.4,24.3,30.5,24.9,27.4,8.7,18.0,41.8,11,11.76,985.1,loc_vellore,12.9165,79.1325,ECMWF_ERA5_Reanalysis
2023-12-03,27.6,22.7,24.3,29.5,25.7,27.1,18.7,21.6,47.2,340,9.13,983.9,loc_vellore,12.9165,79.1325,ECMWF_ERA5_Reanalysis
2023-12-04,24.6,23.3,23.9,26.0,23.7,25.0,26.8,25.7,48.6,291,2.24,980.6,loc_vellore,12.9165,79.1325,ECMWF_ERA5_Reanalysis
2023-12-05,32.3,23.0,26.4,35.5,24.3,29.0,0.6,23.5,44.3,254,13.94,981.8,loc_vellore,12.9165,79.1325,ECMWF_ERA5_Reanalysis
2023-12-06,30.7,20.6,25.4,36.2,23.8,29.8,0.0,7.4,19.1,176,18.91,984.8,loc_vellore,12.9165,79.1325,ECMWF_ERA5_Reanalysis
2023-12-07,29.4,21.4,25.0,34.4,25.2,29.6,1.8,8.0,19.8,70,16.79,986.2,loc_vellore,12.9165,79.1325,ECMWF_ERA5_Reanalysis
2023-12-08,28.9,22.3,25.2,33.5,26.8,29.4,2.8,11.9,27.4,78,14.68,987.3,loc_vellore,12.9165,79.1325,ECMWF_ERA5_Reanalysis
2023-12-09,29.6,22.7,25.3,33.2,27.1,29.5,2.7,13.5,28.8,66,15.92,988.3,loc_vellore,12.9165,79.1325,ECMWF_ERA5_Reanalysis
2023-12-10,29.8,21.1,25.0,32.5,24.9,28.4,0.2,14.9,30.2,45,16.04,987.7,loc_vellore,12.9165,79.1325,ECMWF_ERA5_Reanalysis
2023-12-11,27.8,21.5,24.6,30.9,25.0,27.8,1.1,12.0,25.9,58,14.42,988.2,loc_vellore,12.9165,79.1325,ECMWF_ERA5_Reanalysis
2023-12-12,28.6,19.8,23.8,30.6,22.9,26.5,0.0,12.2,28.1,43,17.52,987.6,loc_vellore,12.9165,79.1325,ECMWF_ERA5_Reanalysis
2023-12-13,28.6,18.1,23.0,30.6,20.4,25.3,0.0,16.8,33.1,51,17.62,988.2,loc_vellore,12.9165,79.1325,ECMWF_ERA5_Reanalysis
2023-12-14,28.1,18.5,23.2,29.7,20.7,25.3,0.9,15.9,32.4,35,15.11,989.5,loc_vellore,12.9165,79.1325,ECMWF_ERA5_Reanalysis
2023-12-15,26.3,20.0,23.1,28.2,22.6,26.0,3.6,16.4,34.6,28,6.36,989.7,loc_vellore,12.9165,79.1325,ECMWF_ERA5_Reanalysis
2023-12-16,27.8,21.1,23.9,30.7,24.5,27.3,4.5,17.8,34.9,54,11.09,988.8,loc_vellore,12.9165,79.1325,ECMWF_ERA5_Reanalysis
2023-12-17,27.8,22.0,24.3,30.0,25.3,27.1,2.6,20.0,40.3,59,15.05,988.5,loc_vellore,12.9165,79.1325,ECMWF_ERA5_Reanalysis
2023-12-18,28.0,21.7,24.1,29.4,24.7,26.4,0.9,18.5,37.8,56,15.33,989.5,loc_vellore,12.9165,79.1325,ECMWF_ERA5_Reanalysis
2023-12-19,28.9,19.7,23.9,29.6,22.4,25.9,0.3,16.1,34.6,40,17.92,990.1,loc_vellore,12.9165,79.1325,ECMWF_ERA5_Reanalysis
2023-12-20,27.0,20.5,23.4,28.8,22.8,25.6,0.1,16.1,33.1,32,9.89,990.0,loc_vellore,12.9165,79.1325,ECMWF_ERA5_Reanalysis
2023-12-21,27.8,19.1,23.3,29.8,21.5,25.9,0.0,11.8,26.3,44,9.76,989.6,loc_vellore,12.9165,79.1325,ECMWF_ERA5_Reanalysis
2023-12-22,28.6,18.3,22.8,32.0,20.7,25.2,0.3,10.5,22.3,28,15.58,989.7,loc_vellore,12.9165,79.1325,ECMWF_ERA5_Reanalysis
2023-12-23,26.7,17.0,21.4,29.0,18.7,23.4,0.0,10.8,23.4,56,16.35,990.7,loc_vellore,12.9165,79.1325,ECMWF_ERA5_Reanalysis
2023-12-24,28.7,17.0,22.5,30.7,18.7,24.8,0.1,17.2,34.9,25,14.26,991.6,loc_vellore,12.9165,79.1325,ECMWF_ERA5_Reanalysis
2023-12-25,28.9,21.5,24.4,31.1,24.4,27.1,1.1,16.8,36.0,51,15.13,990.9,loc_vellore,12.9165,79.1325,ECMWF_ERA5_Reanalysis
2023-12-26,28.8,19.3,23.2,29.7,21.4,25.3,0.0,15.8,34.2,38,18.03,991.2,loc_vellore,12.9165,79.1325,ECMWF_ERA5_Reanalysis
2023-12-27,28.5,18.2,23.1,30.4,20.4,25.0,0.0,16.3,34.6,37,19.07,991.5,loc_vellore,12.9165,79.1325,ECMWF_ERA5_Reanalysis
2023-12-28,29.1,20.4,24.1,31.1,23.1,26.3,0.2,16.1,35.3,48,14.01,990.2,loc_vellore,12.9165,79.1325,ECMWF_ERA5_Reanalysis
2023-12-29,29.1,20.6,24.2,31.0,23.8,26.8,0.7,17.1,34.6,56,14.14,990.4,loc_vellore,12.9165,79.1325,ECMWF_ERA5_Reanalysis
2023-12-30,29.2,20.0,24.2,31.4,22.7,26.5,0.0,12.8,27.4,55,16.79,990.0,loc_vellore,12.9165,79.1325,ECMWF_ERA5_Reanalysis
2023-12-31,28.9,18.2,23.5,30.6,20.3,25.5,0.3,13.6,27.7,63,15.56,989.5,loc_vellore,12.9165,79.1325,ECMWF_ERA5_Reanalysis
2024-01-01,29.1,18.7,23.6,31.8,20.9,25.9,0.2,13.9,26.6,60,19.96,989.8,loc_vellore,12.9165,79.1325,ECMWF_ERA5_Reanalysis
2024-01-02,27.5,18.9,23.3,28.5,21.4,25.3,0.0,13.5,28.4,61,11.33,989.2,loc_vellore,12.9165,79.1325,ECMWF_ERA5_Reanalysis
2024-01-03,28.2,19.6,23.6,29.8,21.9,26.0,0.4,14.6,29.9,71,14.94,988.6,loc_vellore,12.9165,79.1325,ECMWF_ERA5_Reanalysis
2024-01-04,27.8,21.6,24.0,30.2,25.0,27.0,1.9,14.8,29.2,72,13.78,988.4,loc_vellore,12.9165,79.1325,ECMWF_ERA5_Reanalysis
2024-01-05,28.6,21.7,24.6,31.3,25.4,27.4,0.5,13.0,28.8,62,11.35,988.4,loc_vellore,12.9165,79.1325,ECMWF_ERA5_Reanalysis
2024-01-06,29.4,21.8,25.0,31.9,24.9,27.5,1.2,18.6,36.0,61,14.13,988.4,loc_vellore,12.9165,79.1325,ECMWF_ERA5_Reanalysis
2024-01-07,26.7,20.7,23.5,28.4,23.5,26.0,7.5,16.8,34.6,35,8.47,989.0,loc_vellore,12.9165,79.1325,ECMWF_ERA5_Reanalysis
2024-01-08,23.4,22.1,22.7,26.8,25.3,26.0,26.6,17.2,33.5,52,3.2,989.4,loc_vellore,12.9165,79.1325,ECMWF_ERA5_Reanalysis
2024-01-09,28.9,22.0,24.5,30.7,25.4,27.0,1.4,17.3,34.6,54,14.49,989.7,loc_vellore,12.9165,79.1325,ECMWF_ERA5_Reanalysis
2024-01-10,28.8,20.8,24.6,30.5,24.1,27.0,0.1,15.6,32.8,65,15.27,989.4,loc_vellore,12.9165,79.1325,ECMWF_ERA5_Reanalysis
2024-01-11,29.3,19.8,24.2,32.0,22.5,26.7,0.3,14.6,30.6,62,18.92,989.8,loc_vellore,12.9165,79.1325,ECMWF_ERA5_Reanalysis
2024-01-12,29.7,18.0,23.8,31.7,20.2,26.1,0.0,15.6,33.5,78,18.95,989.7,loc_vellore,12.9165,79.1325,ECMWF_ERA5_Reanalysis
2024-01-13,29.5,18.9,24.0,32.6,21.6,26.9,0.3,10.5,25.2,79,17.45,990.1,loc_vellore,12.9165,79.1325,ECMWF_ERA5_Reanalysis
2024-01-14,30.3,18.9,24.5,32.9,21.6,27.0,0.0,13.3,30.2,75,19.98,989.4,loc_vellore,12.9165,79.1325,ECMWF_ERA5_Reanalysis
2024-01-15,29.5,17.7,23.5,32.0,19.5,25.7,0.0,11.4,25.9,87,20.81,989.0,loc_vellore,12.9165,79.1325,ECMWF_ERA5_Reanalysis
2024-01-16,29.8,16.9,23.4,32.9,18.6,25.6,0.0,11.3,25.6,105,20.72,987.8,loc_vellore,12.9165,79.1325,ECMWF_ERA5_Reanalysis
2024-01-17,29.8,17.6,23.3,32.7,18.8,25.4,0.0,12.2,23.0,125,20.81,987.5,loc_vellore,12.9165,79.1325,ECMWF_ERA5_Reanalysis
2024-01-18,30.0,17.5,23.9,33.2,19.7,26.4,0.0,11.8,22.0,105,19.9,987.9,loc_vellore,12.9165,79.1325,ECMWF_ERA5_Reanalysis
2024-01-19,30.7,19.1,24.8,33.8,22.2,27.7,0.0,11.4,24.5,83,19.42,988.2,loc_vellore,12.9165,79.1325,ECMWF_ERA5_Reanalysis
2024-01-20,30.5,19.6,24.8,32.7,23.0,27.3,0.0,11.2,28.1,79,20.0,989.5,loc_vellore,12.9165,79.1325,ECMWF_ERA5_Reanalysis
2024-01-21,30.9,20.3,25.0,34.1,23.5,28.2,0.0,9.5,23.0,109,20.59,989.5,loc_vellore,12.9165,79.1325,ECMWF_ERA5_Reanalysis
2024-01-22,30.5,20.1,24.6,33.3,22.8,27.3,0.0,12.1,27.4,124,19.71,990.3,loc_vellore,12.9165,79.1325,ECMWF_ERA5_Reanalysis
2024-01-23,30.9,19.0,24.8,33.5,21.3,27.0,0.0,13.0,26.3,128,16.59,989.9,loc_vellore,12.9165,79.1325,ECMWF_ERA5_Reanalysis
2024-01-24,31.2,19.0,25.0,33.2,21.2,27.1,0.0,15.0,28.4,154,20.76,989.3,loc_vellore,12.9165,79.1325,ECMWF_ERA5_Reanalysis
2024-01-25,31.3,19.3,24.9,33.8,21.9,27.2,0.0,12.2,27.4,127,19.67,990.3,loc_vellore,12.9165,79.1325,ECMWF_ERA5_Reanalysis
2024-01-26,30.0,20.2,24.6,32.0,23.0,27.0,0.0,14.1,32.4,84,18.59,992.0,loc_vellore,12.9165,79.1325,ECMWF_ERA5_Reanalysis
2024-01-27,30.9,20.1,24.7,32.5,23.3,27.0,0.3,15.6,34.6,73,19.79,992.1,loc_vellore,12.9165,79.1325,ECMWF_ERA5_Reanalysis
2024-01-28,29.9,20.4,24.8,31.9,23.9,27.1,0.6,14.0,31.0,77,17.68,991.8,loc_vellore,12.9165,79.1325,ECMWF_ERA5_Reanalysis
2024-01-29,29.8,19.7,24.2,32.3,21.3,25.9,0.0,13.1,28.1,61,20.33,991.3,loc_vellore,12.9165,79.1325,ECMWF_ERA5_Reanalysis
2024-01-30,30.4,17.1,23.8,33.2,18.7,25.8,0.0,12.6,27.0,78,21.91,990.3,loc_vellore,12.9165,79.1325,ECMWF_ERA5_Reanalysis
2024-01-31,31.3,18.9,25.2,35.1,21.4,28.1,0.0,14.8,27.7,108,20.85,990.1,loc_vellore,12.9165,79.1325,ECMWF_ERA5_Reanalysis
2024-02-01,31.2,21.3,26.2,35.4,25.1,29.8,0.3,14.5,27.0,130,19.42,990.0,loc_vellore,12.9165,79.1325,ECMWF_ERA5_Reanalysis
2024-02-02,31.8,22.8,26.7,35.7,27.5,30.3,0.4,13.2,24.1,135,19.56,989.6,loc_vellore,12.9165,79.1325,ECMWF_ERA5_Reanalysis
2024-02-03,32.5,22.4,26.7,34.8,25.2,29.6,0.0,12.5,27.0,107,20.94,990.4,loc_vellore,12.9165,79.1325,ECMWF_ERA5_Reanalysis
2024-02-04,32.0,20.6,25.9,34.3,23.4,28.3,0.0,13.9,30.6,97,21.51,992.0,loc_vellore,12.9165,79.1325,ECMWF_ERA5_Reanalysis
2024-02-05,31.4,20.9,25.4,33.9,23.6,27.9,0.0,12.9,26.6,98,21.8,992.2,loc_vellore,12.9165,79.1325,ECMWF_ERA5_Reanalysis
2024-02-06,32.0,18.5,25.2,34.1,21.0,27.8,0.0,13.1,29.9,87,22.45,991.5,loc_vellore,12.9165,79.1325,ECMWF_ERA5_Reanalysis
2024-02-07,33.4,18.5,25.2,34.5,20.7,27.2,0.0,12.4,28.4,101,22.71,990.9,loc_vellore,12.9165,79.1325,ECMWF_ERA5_Reanalysis
2024-02-08,34.4,17.3,25.5,34.7,18.8,26.7,0.0,14.9,31.3,115,23.21,989.8,loc_vellore,12.9165,79.1325,ECMWF_ERA5_Reanalysis
2024-02-09,32.7,18.1,25.3,35.9,20.6,27.8,0.0,13.0,28.8,112,21.77,990.5,loc_vellore,12.9165,79.1325,ECMWF_ERA5_Reanalysis
2024-02-10,32.2,20.1,26.1,34.4,23.2,28.6,0.0,15.8,32.8,96,20.43,991.9,loc_vellore,12.9165,79.1325,ECMWF_ERA5_Reanalysis
2024-02-11,31.9,20.5,25.8,33.3,23.9,28.0,0.0,15.9,34.2,86,20.5,992.3,loc_vellore,12.9165,79.1325,ECMWF_ERA5_Reanalysis
2024-02-12,31.5,18.9,24.9,33.8,21.5,27.2,0.0,14.1,30.6,82,21.75,991.8,loc_vellore,12.9165,79.1325,ECMWF_ERA5_Reanalysis
2024-02-13,31.9,18.8,25.7,34.2,21.3,28.0,0.6,15.1,32.8,74,20.09,991.1,loc_vellore,12.9165,79.1325,ECMWF_ERA5_Reanalysis
2024-02-14,32.2,21.1,26.1,34.6,22.5,28.4,0.5,15.1,33.1,78,21.01,990.5,loc_vellore,12.9165,79.1325,ECMWF_ERA5_Reanalysis
2024-02-15,32.1,21.3,25.9,33.6,23.8,27.9,0.0,16.4,32.4,82,21.94,990.5,loc_vellore,12.9165,79.1325,ECMWF_ERA5_Reanalysis
2024-02-16,32.4,21.1,26.2,33.5,24.1,28.1,0.0,16.2,36.0,80,19.26,990.8,loc_vellore,12.9165,79.1325,ECMWF_ERA5_Reanalysis
2024-02-17,33.0,18.1,25.9,34.5,20.3,27.3,0.0,14.8,31.0,81,23.6,989.4,loc_vellore,12.9165,79.1325,ECMWF_ERA5_Reanalysis
2024-02-18,33.5,19.1,26.3,34.4,20.9,27.7,0.0,15.5,29.9,113,24.05,988.6,loc_vellore,12.9165,79.1325,ECMWF_ERA5_Reanalysis
2024-02-19,33.5,22.0,27.4,35.7,25.1,29.7,0.0,13.3,27.4,135,22.06,989.0,loc_vellore,12.9165,79.1325,ECMWF_ERA5_Reanalysis
2024-02-20,34.0,20.4,27.0,35.9,23.2,29.1,0.0,16.1,31.3,132,22.87,988.5,loc_vellore,12.9165,79.1325,ECMWF_ERA5_Reanalysis
2024-02-21,35.3,21.5,28.2,37.4,25.0,30.6,0.0,16.3,34.9,143,22.86,987.1,loc_vellore,12.9165,79.1325,ECMWF_ERA5_Reanalysis
2024-02-22,33.9,22.6,28.0,38.8,26.9,31.3,0.9,16.8,35.6,144,18.99,986.9,loc_vellore,12.9165,79.1325,ECMWF_ERA5_Reanalysis
2024-02-23,35.3,22.6,28.6,39.4,26.5,32.2,0.1,16.4,35.6,137,21.9,986.5,loc_vellore,12.9165,79.1325,ECMWF_ERA5_Reanalysis
2024-02-24,32.9,24.0,27.9,35.8,27.2,31.2,1.9,15.4,33.8,147,20.57,987.0,loc_vellore,12.9165,79.1325,ECMWF_ERA5_Reanalysis
2024-02-25,33.0,22.3,27.5,36.0,26.0,30.1,0.0,16.3,29.9,116,21.82,987.2,loc_vellore,12.9165,79.1325,ECMWF_ERA5_Reanalysis
2024-02-26,32.6,21.7,26.7,34.5,24.9,29.2,1.0,18.9,40.0,89,21.18,988.1,loc_vellore,12.9165,79.1325,ECMWF_ERA5_Reanalysis
2024-02-27,32.0,21.4,26.7,34.0,25.0,29.1,0.0,16.0,35.3,88,19.09,988.7,loc_vellore,12.9165,79.1325,ECMWF_ERA5_Reanalysis
2024-02-28,33.3,19.1,26.2,34.4,21.5,27.4,0.0,14.9,33.1,88,24.66,988.0,loc_vellore,12.9165,79.1325,ECMWF_ERA5_Reanalysis
2024-02-29,33.9,19.2,26.7,35.5,20.9,27.9,0.0,14.8,31.0,105,24.74,988.3,loc_vellore,12.9165,79.1325,ECMWF_ERA5_Reanalysis
2024-03-01,34.3,20.3,27.1,36.0,22.8,28.6,0.0,16.5,33.1,113,24.16,989.1,loc_vellore,12.9165,79.1325,ECMWF_ERA5_Reanalysis
2024-03-02,34.5,18.8,26.7,35.6,20.4,28.3,0.0,12.0,29.5,147,24.21,988.4,loc_vellore,12.9165,79.1325,ECMWF_ERA5_Reanalysis
2024-03-03,34.1,20.1,27.0,36.6,22.0,29.3,0.0,11.5,28.1,134,24.44,987.8,loc_vellore,12.9165,79.1325,ECMWF_ERA5_Reanalysis
2024-03-04,34.2,19.7,27.1,37.1,22.6,29.7,0.0,17.9,33.5,131,24.92,987.4,loc_vellore,12.9165,79.1325,ECMWF_ERA5_Reanalysis
2024-03-05,34.8,20.7,27.4,36.4,23.8,29.9,0.0,13.2,31.0,130,24.75,987.5,loc_vellore,12.9165,79.1325,ECMWF_ERA5_Reanalysis
2024-03-06,35.4,20.4,27.6,36.7,23.4,29.8,0.0,12.2,25.6,138,24.78,987.4,loc_vellore,12.9165,79.1325,ECMWF_ERA5_Reanalysis
2024-03-07,35.9,19.8,28.0,36.3,22.8,29.5,0.0,15.0,30.2,151,24.87,986.5,loc_vellore,12.9165,79.1325,ECMWF_ERA5_Reanalysis
2024-03-08,36.6,20.0,28.5,37.5,21.4,29.7,0.0,19.4,36.0,145,24.56,986.6,loc_vellore,12.9165,79.1325,ECMWF_ERA5_Reanalysis
2024-03-09,36.6,24.2,29.8,37.7,28.9,32.4,0.0,18.8,35.3,135,24.96,987.1,loc_vellore,12.9165,79.1325,ECMWF_ERA5_Reanalysis
2024-03-10,35.1,23.8,29.1,37.6,28.3,31.9,0.0,17.7,34.6,133,24.04,989.0,loc_vellore,12.9165,79.1325,ECMWF_ERA5_Reanalysis
2024-03-11,35.4,24.3,29.2,38.3,28.4,32.1,0.0,14.3,31.3,134,23.47,990.2,loc_vellore,12.9165,79.1325,ECMWF_ERA5_Reanalysis
2024-03-12,36.9,21.1,29.3,38.2,24.4,31.2,0.0,15.9,33.8,139,24.5,989.1,loc_vellore,12.9165,79.1325,ECMWF_ERA5_Reanalysis
2024-03-13,37.3,21.4,29.6,38.4,24.3,31.2,0.0,17.3,33.8,149,25.26,987.6,loc_vellore,12.9165,79.1325,ECMWF_ERA5_Reanalysis
2024-03-14,37.4,22.5,29.8,39.9,25.7,32.1,0.0,18.6,33.8,134,24.72,987.3,loc_vellore,12.9165,79.1325,ECMWF_ERA5_Reanalysis
2024-03-15,36.5,22.5,29.2,38.5,26.1,31.8,0.0,15.9,31.0,138,24.78,986.7,loc_vellore,12.9165,79.1325,ECMWF_ERA5_Reanalysis
2024-03-16,35.7,24.2,29.5,38.8,28.4,32.7,0.3,17.3,33.1,145,22.74,987.5,loc_vellore,12.9165,79.1325,ECMWF_ERA5_Reanalysis
2024-03-17,36.1,24.5,29.3,37.9,28.0,31.7,0.0,15.8,33.5,136,23.06,987.8,loc_vellore,12.9165,79.1325,ECMWF_ERA5_Reanalysis
2024-03-18,35.8,22.9,28.7,36.6,26.4,30.8,0.0,13.0,31.7,137,25.24,987.5,loc_vellore,12.9165,79.1325,ECMWF_ERA5_Reanalysis
2024-03-19,36.0,22.5,29.0,38.1,25.9,31.2,0.0,16.9,30.6,135,25.11,986.9,loc_vellore,12.9165,79.1325,ECMWF_ERA5_Reanalysis
2024-03-20,35.8,23.3,28.6,37.9,27.1,31.1,0.0,19.7,37.8,130,25.57,987.0,loc_vellore,12.9165,79.1325,ECMWF_ERA5_Reanalysis
2024-03-21,34.0,23.5,28.2,37.0,27.9,31.3,0.7,13.6,31.7,97,21.75,987.4,loc_vellore,12.9165,79.1325,ECMWF_ERA5_Reanalysis
2024-03-22,35.6,23.5,29.0,38.0,28.3,31.9,0.0,16.3,30.2,110,24.54,985.7,loc_vellore,12.9165,79.1325,ECMWF_ERA5_Reanalysis
2024-03-23,36.8,23.3,29.4,38.6,27.7,31.8,0.0,15.5,33.1,126,25.41,985.5,loc_vellore,12.9165,79.1325,ECMWF_ERA5_Reanalysis
2024-03-24,37.3,21.1,29.2,38.4,24.9,31.4,0.0,16.8,35.6,131,25.71,987.1,loc_vellore,12.9165,79.1325,ECMWF_ERA5_Reanalysis
2024-03-25,36.3,20.6,28.5,38.5,23.8,30.8,0.0,16.8,33.5,111,25.25,987.4,loc_vellore,12.9165,79.1325,ECMWF_ERA5_Reanalysis
2024-03-26,36.3,20.6,28.2,38.0,23.9,30.3,0.0,15.4,34.9,128,25.68,987.9,loc_vellore,12.9165,79.1325,ECMWF_ERA5_Reanalysis
2024-03-27,36.5,20.8,28.7,39.0,24.1,31.4,0.0,16.3,32.4,140,25.24,989.3,loc_vellore,12.9165,79.1325,ECMWF_ERA5_Reanalysis
2024-03-28,37.6,21.6,29.7,40.0,25.6,32.3,0.0,14.3,29.2,141,25.42,987.3,loc_vellore,12.9165,79.1325,ECMWF_ERA5_Reanalysis
2024-03-29,38.1,22.8,30.3,39.0,25.8,32.2,0.0,15.8,34.6,141,25.44,986.4,loc_vellore,12.9165,79.1325,ECMWF_ERA5_Reanalysis
2024-03-30,38.1,21.5,30.0,39.1,24.4,31.3,0.0,15.7,31.7,141,26.34,987.2,loc_vellore,12.9165,79.1325,ECMWF_ERA5_Reanalysis
2024-03-31,37.7,21.2,29.6,38.9,23.4,31.4,0.0,17.7,34.2,146,26.21,988.0,loc_vellore,12.9165,79.1325,ECMWF_ERA5_Reanalysis
2024-04-01,38.5,22.9,30.6,41.8,27.3,33.9,0.0,16.6,35.3,137,25.55,985.7,loc_vellore,12.9165,79.1325,ECMWF_ERA5_Reanalysis
2024-04-02,39.4,23.9,31.3,41.6,28.5,34.4,0.0,16.7,30.2,139,26.13,984.1,loc_vellore,12.9165,79.1325,ECMWF_ERA5_Reanalysis
2024-04-03,38.9,24.6,31.1,41.0,29.9,34.1,0.0,13.6,31.7,153,26.1,984.8,loc_vellore,12.9165,79.1325,ECMWF_ERA5_Reanalysis
2024-04-04,39.4,24.3,31.3,40.7,29.2,33.9,0.0,12.7,31.3,148,26.04,985.1,loc_vellore,12.9165,79.1325,ECMWF_ERA5_Reanalysis
2024-04-05,40.0,22.2,31.1,40.8,25.6,33.3,0.0,13.3,31.7,146,26.14,984.5,loc_vellore,12.9165,79.1325,ECMWF_ERA5_Reanalysis
2024-04-06,40.1,23.4,31.7,41.5,28.0,34.3,0.0,15.2,34.6,149,25.86,983.5,loc_vellore,12.9165,79.1325,ECMWF_ERA5_Reanalysis
2024-04-07,40.4,23.4,32.1,40.4,25.3,32.7,0.0,15.5,34.9,153,26.73,983.2,loc_vellore,12.9165,79.1325,ECMWF_ERA5_Reanalysis
2024-04-08,38.8,22.4,30.9,40.0,24.3,32.1,0.0,19.6,37.8,143,26.72,984.5,loc_vellore,12.9165,79.1325,ECMWF_ERA5_Reanalysis
2024-04-09,37.8,24.2,30.4,40.1,28.6,33.0,0.0,18.3,35.3,115,26.07,985.8,loc_vellore,12.9165,79.1325,ECMWF_ERA5_Reanalysis
2024-04-10,37.4,24.7,30.3,40.4,29.8,33.7,0.0,18.2,36.7,114,24.98,985.9,loc_vellore,12.9165,79.1325,ECMWF_ERA5_Reanalysis
2024-04-11,37.7,24.3,30.6,40.7,28.9,33.8,0.2,22.4,41.8,118,24.29,986.0,loc_vellore,12.9165,79.1325,ECMWF_ERA5_Reanalysis
2024-04-12,37.3,25.6,30.8,39.5,29.9,33.8,0.1,20.9,42.1,118,23.03,985.9,loc_vellore,12.9165,79.1325,ECMWF_ERA5_Reanalysis
2024-04-13,37.1,24.4,30.7,39.8,29.6,33.6,0.0,17.3,38.2,121,23.82,986.1,loc_vellore,12.9165,79.1325,ECMWF_ERA5_Reanalysis
2024-04-14,38.1,23.8,30.5,39.2,28.0,32.6,0.0,20.1,41.0,108,25.07,986.5,loc_vellore,12.9165,79.1325,ECMWF_ERA5_Reanalysis
2024-04-15,38.5,22.2,30.4,40.3,25.1,32.7,0.0,20.5,40.7,126,26.11,986.8,loc_vellore,12.9165,79.1325,ECMWF_ERA5_Reanalysis
2024-04-16,38.6,22.5,30.8,39.8,26.7,33.0,0.0,15.1,33.1,148,26.31,985.7,loc_vellore,12.9165,79.1325,ECMWF_ERA5_Reanalysis
2024-04-17,39.9,23.8,32.1,41.3,27.6,34.3,0.0,15.9,31.3,143,25.82,984.5,loc_vellore,12.9165,79.1325,ECMWF_ERA5_Reanalysis
2024-04-18,40.3,25.6,32.8,43.0,29.1,35.6,0.0,18.3,33.8,123,24.98,983.3,loc_vellore,12.9165,79.1325,ECMWF_ERA5_Reanalysis
2024-04-19,40.8,26.4,33.1,43.0,32.2,36.7,0.0,18.5,35.6,133,24.97,981.8,loc_vellore,12.9165,79.1325,ECMWF_ERA5_Reanalysis
2024-04-20,40.5,25.9,33.2,42.5,30.1,36.2,0.0,12.8,29.9,132,24.63,981.9,loc_vellore,12.9165,79.1325,ECMWF_ERA5_Reanalysis
2024-04-21,40.2,27.2,32.8,42.4,32.7,36.6,0.0,16.5,31.3,143,25.31,982.7,loc_vellore,12.9165,79.1325,ECMWF_ERA5_Reanalysis
2024-04-22,40.9,24.4,32.4,42.3,30.0,35.4,0.0,13.2,31.0,142,25.86,983.3,loc_vellore,12.9165,79.1325,ECMWF_ERA5_Reanalysis
2024-04-23,40.0,23.4,31.5,40.5,28.3,33.8,0.0,16.1,34.9,135,26.6,982.9,loc_vellore,12.9165,79.1325,ECMWF_ERA5_Reanalysis
2024-04-24,40.2,23.4,32.3,40.5,28.1,34.7,0.0,15.8,36.4,148,26.41,982.5,loc_vellore,12.9165,79.1325,ECMWF_ERA5_Reanalysis
2024-04-25,40.1,24.8,32.2,41.7,30.3,35.2,0.0,15.6,35.6,131,24.33,982.7,loc_vellore,12.9165,79.1325,ECMWF_ERA5_Reanalysis
2024-04-26,40.0,23.5,32.1,41.0,27.0,34.5,0.0,17.0,36.4,134,25.82,982.5,loc_vellore,12.9165,79.1325,ECMWF_ERA5_Reanalysis
2024-04-27,40.1,24.7,31.9,41.5,30.3,34.9,0.0,16.1,34.9,135,26.01,982.8,loc_vellore,12.9165,79.1325,ECMWF_ERA5_Reanalysis
2024-04-28,40.7,23.2,32.1,41.5,27.7,34.8,0.0,14.4,31.7,146,26.43,983.1,loc_vellore,12.9165,79.1325,ECMWF_ERA5_Reanalysis
2024-04-29,40.6,25.7,32.8,42.0,31.7,36.2,0.0,16.1,32.4,152,25.99,984.1,loc_vellore,12.9165,79.1325,ECMWF_ERA5_Reanalysis
2024-04-30,41.1,26.4,33.3,42.9,32.7,36.6,0.0,20.7,39.2,153,25.6,982.7,loc_vellore,12.9165,79.1325,ECMWF_ERA5_Reanalysis
2024-05-01,43.0,27.3,34.8,46.2,31.4,37.5,0.0,19.5,37.4,155,25.74,980.2,loc_vellore,12.9165,79.1325,ECMWF_ERA5_Reanalysis
2024-05-02,43.3,28.2,35.5,47.1,32.0,38.7,0.0,16.0,34.9,185,24.29,980.5,loc_vellore,12.9165,79.1325,ECMWF_ERA5_Reanalysis
2024-05-03,42.9,28.7,35.3,46.5,31.1,38.5,0.8,17.5,32.8,153,22.56,981.3,loc_vellore,12.9165,79.1325,ECMWF_ERA5_Reanalysis
2024-05-04,42.9,28.7,33.9,46.7,31.9,37.8,0.7,13.7,33.1,180,21.78,982.0,loc_vellore,12.9165,79.1325,ECMWF_ERA5_Reanalysis
2024-05-05,40.9,28.0,34.5,45.5,31.9,38.2,0.2,21.9,45.4,174,24.1,980.7,loc_vellore,12.9165,79.1325,ECMWF_ERA5_Reanalysis
2024-05-06,41.7,28.7,35.2,45.7,33.1,38.8,0.0,18.1,38.2,152,23.58,981.4,loc_vellore,12.9165,79.1325,ECMWF_ERA5_Reanalysis
2024-05-07,39.8,29.5,34.0,43.5,32.5,37.8,0.6,16.3,30.6,151,22.24,983.2,loc_vellore,12.9165,79.1325,ECMWF_ERA5_Reanalysis
2024-05-08,36.2,25.1,30.5,40.2,30.4,34.6,23.7,15.3,36.7,134,21.95,983.9,loc_vellore,12.9165,79.1325,ECMWF_ERA5_Reanalysis
2024-05-09,36.6,26.0,30.9,41.5,30.9,35.1,0.7,16.6,37.8,135,23.21,982.9,loc_vellore,12.9165,79.1325,ECMWF_ERA5_Reanalysis
2024-05-10,37.0,26.4,30.4,41.1,31.1,35.1,2.6,20.8,54.7,143,22.28,983.9,loc_vellore,12.9165,79.1325,ECMWF_ERA5_Reanalysis
2024-05-11,36.6,26.0,31.1,41.6,31.9,35.7,0.0,14.6,32.4,137,22.64,984.6,loc_vellore,12.9165,79.1325,ECMWF_ERA5_Reanalysis
2024-05-12,35.3,26.7,31.1,40.7,31.7,35.1,0.8,16.7,38.9,147,22.67,984.5,loc_vellore,12.9165,79.1325,ECMWF_ERA5_Reanalysis
2024-05-13,37.1,24.5,31.1,41.6,29.4,35.3,4.7,15.4,35.3,109,23.52,983.9,loc_vellore,12.9165,79.1325,ECMWF_ERA5_Reanalysis
2024-05-14,34.9,25.8,29.7,39.4,31.2,34.5,9.5,18.9,47.5,135,20.36,983.9,loc_vellore,12.9165,79.1325,ECMWF_ERA5_Reanalysis
2024-05-15,37.6,26.3,31.0,40.7,30.9,35.3,8.7,17.0,42.5,106,19.8,984.1,loc_vellore,12.9165,79.1325,ECMWF_ERA5_Reanalysis
2024-05-16,29.9,25.1,27.7,34.3,30.5,32.3,4.4,13.4,28.8,160,8.5,984.9,loc_vellore,12.9165,79.1325,ECMWF_ERA5_Reanalysis
2024-05-17,35.2,24.7,29.0,39.0,29.7,33.3,0.9,16.3,36.0,128,15.44,983.4,loc_vellore,12.9165,79.1325,ECMWF_ERA5_Reanalysis
2024-05-18,33.2,25.3,27.8,38.5,30.6,33.6,17.3,15.0,34.6,76,14.4,981.9,loc_vellore,12.9165,79.1325,ECMWF_ERA5_Reanalysis
2024-05-19,33.4,25.1,28.1,39.8,30.6,33.9,6.0,15.5,30.2,126,15.84,980.4,loc_vellore,12.9165,79.1325,ECMWF_ERA5_Reanalysis
2024-05-20,30.2,24.5,26.7,35.5,29.8,32.5,21.8,10.6,25.2,134,10.43,980.3,loc_vellore,12.9165,79.1325,ECMWF_ERA5_Reanalysis
2024-05-21,30.5,24.9,26.9,36.4,29.9,32.7,25.3,13.2,28.1,54,12.52,980.0,loc_vellore,12.9165,79.1325,ECMWF_ERA5_Reanalysis
2024-05-22,32.4,24.6,27.8,36.2,28.9,32.9,9.8,17.3,36.0,40,11.84,978.6,loc_vellore,12.9165,79.1325,ECMWF_ERA5_Reanalysis
2024-05-23,33.1,24.2,28.7,38.8,29.5,33.8,2.2,15.5,30.6,144,16.07,977.7,loc_vellore,12.9165,79.1325,ECMWF_ERA5_Reanalysis
2024-05-24,37.7,26.1,31.8,43.5,30.1,36.3,0.0,14.9,28.1,221,20.79,976.7,loc_vellore,12.9165,79.1325,ECMWF_ERA5_Reanalysis
2024-05-25,37.4,25.9,31.8,39.5,29.3,34.1,4.0,26.3,52.2,270,17.16,976.9,loc_vellore,12.9165,79.1325,ECMWF_ERA5_Reanalysis
2024-05-26,37.7,26.7,32.0,39.9,27.3,32.7,0.2,27.1,52.9,270,17.67,977.6,loc_vellore,12.9165,79.1325,ECMWF_ERA5_Reanalysis
2024-05-27,39.2,28.2,32.9,40.6,27.3,33.8,0.2,28.8,52.9,273,22.62,977.7,loc_vellore,12.9165,79.1325,ECMWF_ERA5_Reanalysis
2024-05-28,40.6,28.3,33.8,43.4,28.5,35.2,0.1,26.3,50.0,273,24.0,978.5,loc_vellore,12.9165,79.1325,ECMWF_ERA5_Reanalysis
2024-05-29,41.0,28.0,34.0,44.1,28.7,36.0,0.2,27.4,51.8,272,24.05,978.3,loc_vellore,12.9165,79.1325,ECMWF_ERA5_Reanalysis
2024-05-30,41.4,28.4,34.2,46.1,30.7,37.0,2.3,20.8,43.2,266,23.27,978.9,loc_vellore,12.9165,79.1325,ECMWF_ERA5_Reanalysis
2024-05-31,41.7,29.0,34.2,45.0,30.7,36.8,1.5,22.0,41.0,282,21.32,979.3,loc_vellore,12.9165,79.1325,ECMWF_ERA5_Reanalysis
2024-06-01,39.8,26.3,32.3,45.3,30.6,36.3,17.7,17.9,41.0,277,22.11,980.3,loc_vellore,12.9165,79.1325,ECMWF_ERA5_Reanalysis
2024-06-02,36.9,25.8,29.9,42.2,30.4,34.5,5.8,13.6,29.5,279,20.2,981.8,loc_vellore,12.9165,79.1325,ECMWF_ERA5_Reanalysis
2024-06-03,32.7,26.9,29.2,37.3,31.9,34.0,3.1,13.8,32.0,312,14.57,982.7,loc_vellore,12.9165,79.1325,ECMWF_ERA5_Reanalysis
2024-06-04,34.4,25.6,29.2,39.0,31.5,34.5,2.2,14.0,37.4,250,17.06,983.0,loc_vellore,12.9165,79.1325,ECMWF_ERA5_Reanalysis
2024-06-05,34.8,25.9,28.9,40.0,31.2,33.9,25.2,12.6,29.9,257,15.26,983.4,loc_vellore,12.9165,79.1325,ECMWF_ERA5_Reanalysis
2024-06-06,32.2,25.4,27.2,37.5,30.8,32.9,22.1,10.4,27.0,227,13.33,984.0,loc_vellore,12.9165,79.1325,ECMWF_ERA5_Reanalysis
2024-06-07,32.4,25.3,27.3,37.5,30.5,32.7,21.1,12.3,24.5,208,12.83,982.6,loc_vellore,12.9165,79.1325,ECMWF_ERA5_Reanalysis
2024-06-08,34.7,24.6,29.2,38.5,29.4,33.6,0.0,14.5,34.2,227,19.99,981.7,loc_vellore,12.9165,79.1325,ECMWF_ERA5_Reanalysis
2024-06-09,36.0,25.3,30.0,38.9,28.4,33.4,1.1,18.5,44.6,236,22.05,981.5,loc_vellore,12.9165,79.1325,ECMWF_ERA5_Reanalysis
2024-06-10,37.2,26.8,31.0,39.3,29.2,33.3,0.4,22.9,50.0,252,23.12,981.5,loc_vellore,12.9165,79.1325,ECMWF_ERA5_Reanalysis
2024-06-11,36.9,26.9,31.0,38.5,28.8,32.8,1.1,23.4,53.6,265,17.78,981.7,loc_vellore,12.9165,79.1325,ECMWF_ERA5_Reanalysis
2024-06-12,34.6,26.2,29.3,35.1,28.6,31.3,1.3,22.8,47.9,269,11.37,983.1,loc_vellore,12.9165,79.1325,ECMWF_ERA5_Reanalysis
2024-06-13,35.9,26.2,30.6,36.8,27.7,32.3,1.1,20.9,44.6,269,17.38,982.9,loc_vellore,12.9165,79.1325,ECMWF_ERA5_Reanalysis
2024-06-14,36.4,26.8,30.8,37.6,28.5,32.5,0.2,21.5,47.2,274,17.62,981.8,loc_vellore,12.9165,79.1325,ECMWF_ERA5_Reanalysis
2024-06-15,37.2,26.9,31.7,37.9,28.6,33.2,0.0,19.1,41.0,269,19.32,981.2,loc_vellore,12.9165,79.1325,ECMWF_ERA5_Reanalysis
2024-06-16,37.9,26.9,32.1,40.3,28.3,33.7,0.6,19.5,41.4,275,22.33,981.5,loc_vellore,12.9165,79.1325,ECMWF_ERA5_Reanalysis
2024-06-17,38.7,27.3,31.5,41.4,30.1,34.9,2.6,16.2,38.2,261,23.74,981.7,loc_vellore,12.9165,79.1325,ECMWF_ERA5_Reanalysis
2024-06-18,37.3,27.3,30.7,40.6,30.2,34.0,3.9,18.8,40.7,259,20.61,981.6,loc_vellore,12.9165,79.1325,ECMWF_ERA5_Reanalysis
2024-06-19,34.8,25.5,28.7,38.4,28.6,32.4,23.6,18.1,40.3,268,18.54,980.8,loc_vellore,12.9165,79.1325,ECMWF_ERA5_Reanalysis
2024-06-20,35.1,25.4,29.0,38.3,28.9,32.6,1.3,17.0,39.6,248,18.54,980.7,loc_vellore,12.9165,79.1325,ECMWF_ERA5_Reanalysis
2024-06-21,36.0,25.9,29.3,39.7,28.0,32.1,8.0,23.0,46.8,264,21.66,980.5,loc_vellore,12.9165,79.1325,ECMWF_ERA5_Reanalysis
2024-06-22,35.7,26.2,30.3,39.5,28.1,32.8,0.2,17.4,39.6,264,20.94,978.6,loc_vellore,12.9165,79.1325,ECMWF_ERA5_Reanalysis
2024-06-23,35.8,27.0,30.4,38.5,28.5,33.3,1.1,21.3,42.1,256,22.19,978.1,loc_vellore,12.9165,79.1325,ECMWF_ERA5_Reanalysis
2024-06-24,36.5,26.7,30.6,38.2,28.7,32.7,0.8,20.0,42.8,258,21.05,977.8,loc_vellore,12.9165,79.1325,ECMWF_ERA5_Reanalysis
2024-06-25,35.4,26.7,29.4,38.3,29.0,32.3,9.9,23.3,45.7,259,15.07,977.9,loc_vellore,12.9165,79.1325,ECMWF_ERA5_Reanalysis
2024-06-26,33.3,27.6,30.0,34.5,29.1,31.6,0.0,24.6,51.5,258,10.97,978.0,loc_vellore,12.9165,79.1325,ECMWF_ERA5_Reanalysis
2024-06-27,31.1,27.6,29.2,33.0,29.3,31.1,0.0,21.3,41.0,264,6.73,979.9,loc_vellore,12.9165,79.1325,ECMWF_ERA5_Reanalysis
2024-06-28,37.3,26.7,31.2,39.1,29.4,33.2,0.0,20.8,43.2,254,21.93,980.6,loc_vellore,12.9165,79.1325,ECMWF_ERA5_Reanalysis
2024-06-29,36.8,26.6,30.5,40.4,28.3,33.4,0.9,19.1,40.7,254,21.52,981.4,loc_vellore,12.9165,79.1325,ECMWF_ERA5_Reanalysis
2024-06-30,35.1,26.7,29.9,38.3,30.1,33.7,2.3,13.6,31.7,242,16.26,982.4,loc_vellore,12.9165,79.1325,ECMWF_ERA5_Reanalysis
2024-07-01,34.6,25.7,28.8,37.6,30.3,32.7,5.0,15.3,44.6,247,13.79,982.3,loc_vellore,12.9165,79.1325,ECMWF_ERA5_Reanalysis
2024-07-02,35.6,26.4,30.8,38.4,28.6,32.8,0.0,19.5,40.0,256,17.82,981.0,loc_vellore,12.9165,79.1325,ECMWF_ERA5_Reanalysis
2024-07-03,36.9,26.3,30.7,39.7,28.9,33.2,0.9,18.4,44.6,262,22.29,981.4,loc_vellore,12.9165,79.1325,ECMWF_ERA5_Reanalysis
2024-07-04,33.7,27.0,29.1,35.6,29.3,32.0,2.7,18.3,37.8,264,11.61,982.6,loc_vellore,12.9165,79.1325,ECMWF_ERA5_Reanalysis
2024-07-05,37.1,24.8,30.2,39.8,28.7,33.1,4.3,19.9,37.1,263,20.83,981.0,loc_vellore,12.9165,79.1325,ECMWF_ERA5_Reanalysis
2024-07-06,34.3,25.1,29.0,35.1,28.2,31.7,1.0,17.8,36.7,264,10.69,980.4,loc_vellore,12.9165,79.1325,ECMWF_ERA5_Reanalysis
2024-07-07,35.7,26.1,30.2,38.3,28.5,32.6,0.2,21.0,44.3,267,19.56,980.2,loc_vellore,12.9165,79.1325,ECMWF_ERA5_Reanalysis
2024-07-08,31.4,26.3,28.8,33.7,28.4,31.1,0.5,17.3,34.9,246,10.17,979.9,loc_vellore,12.9165,79.1325,ECMWF_ERA5_Reanalysis
2024-07-09,35.9,26.6,30.2,37.2,28.9,32.7,0.8,16.9,36.7,263,19.22,980.9,loc_vellore,12.9165,79.1325,ECMWF_ERA5_Reanalysis
2024-07-10,37.1,26.0,30.9,40.7,28.8,34.2,1.4,17.3,33.8,262,23.43,982.9,loc_vellore,12.9165,79.1325,ECMWF_ERA5_Reanalysis
2024-07-11,32.7,26.2,29.2,34.8,28.8,32.3,0.0,17.3,33.5,265,11.25,982.6,loc_vellore,12.9165,79.1325,ECMWF_ERA5_Reanalysis
2024-07-12,37.0,26.2,29.9,40.2,28.9,33.1,19.7,18.9,36.7,263,21.09,980.7,loc_vellore,12.9165,79.1325,ECMWF_ERA5_Reanalysis
2024-07-13,30.3,24.7,28.2,32.4,27.0,30.1,0.4,23.1,42.5,263,8.79,980.2,loc_vellore,12.9165,79.1325,ECMWF_ERA5_Reanalysis
2024-07-14,29.5,25.0,27.0,33.1,27.6,29.8,3.6,20.6,40.0,265,6.79,979.0,loc_vellore,12.9165,79.1325,ECMWF_ERA5_Reanalysis
2024-07-15,31.1,24.3,26.1,33.2,26.8,29.1,10.4,20.3,36.7,255,7.76,978.3,loc_vellore,12.9165,79.1325,ECMWF_ERA5_Reanalysis
2024-07-16,28.5,24.0,25.9,31.6,25.9,28.4,7.8,25.4,47.5,259,5.92,978.4,loc_vellore,12.9165,79.1325,ECMWF_ERA5_Reanalysis
2024-07-17,31.9,24.3,27.7,33.1,26.4,29.5,1.5,22.5,45.7,264,8.89,979.6,loc_vellore,12.9165,79.1325,ECMWF_ERA5_Reanalysis
2024-07-18,30.5,25.3,27.2,32.8,26.9,29.2,3.2,23.4,43.6,265,9.06,979.6,loc_vellore,12.9165,79.1325,ECMWF_ERA5_Reanalysis
2024-07-19,27.6,24.2,25.4,29.8,25.7,27.3,9.2,23.4,45.7,267,5.86,978.6,loc_vellore,12.9165,79.1325,ECMWF_ERA5_Reanalysis
2024-07-20,31.5,23.8,27.0,32.9,25.3,29.0,2.3,26.0,51.1,263,10.78,979.2,loc_vellore,12.9165,79.1325,ECMWF_ERA5_Reanalysis
2024-07-21,34.1,25.7,29.4,35.1,27.7,31.1,0.4,28.8,55.4,260,18.67,980.1,loc_vellore,12.9165,79.1325,ECMWF_ERA5_Reanalysis
2024-07-22,34.6,25.9,29.6,35.3,27.4,31.0,0.0,27.4,55.4,262,18.66,982.0,loc_vellore,12.9165,79.1325,ECMWF_ERA5_Reanalysis
2024-07-23,35.1,26.6,30.2,36.2,27.9,31.6,0.1,26.9,54.7,267,20.55,982.4,loc_vellore,12.9165,79.1325,ECMWF_ERA5_Reanalysis
2024-07-24,34.5,26.4,30.0,34.9,28.2,31.1,0.1,28.8,56.5,263,17.98,980.8,loc_vellore,12.9165,79.1325,ECMWF_ERA5_Reanalysis
2024-07-25,36.0,26.7,30.1,37.1,28.3,31.3,0.4,31.1,60.5,263,20.39,979.2,loc_vellore,12.9165,79.1325,ECMWF_ERA5_Reanalysis
2024-07-26,35.0,26.6,30.3,34.9,28.2,31.3,0.4,30.5,59.8,269,16.68,979.4,loc_vellore,12.9165,79.1325,ECMWF_ERA5_Reanalysis
2024-07-27,35.6,27.4,30.3,35.2,28.2,30.6,0.2,30.5,59.0,275,13.87,979.9,loc_vellore,12.9165,79.1325,ECMWF_ERA5_Reanalysis
2024-07-28,36.2,26.7,30.1,35.9,26.3,30.1,0.0,29.5,59.4,268,15.89,978.4,loc_vellore,12.9165,79.1325,ECMWF_ERA5_Reanalysis
2024-07-29,35.8,26.4,30.3,37.1,27.7,32.0,4.1,26.4,52.9,260,17.85,978.1,loc_vellore,12.9165,79.1325,ECMWF_ERA5_Reanalysis
2024-07-30,32.9,26.0,29.0,34.4,29.0,31.3,1.0,26.7,54.7,264,16.88,980.9,loc_vellore,12.9165,79.1325,ECMWF_ERA5_Reanalysis
2024-07-31,33.5,26.5,29.7,36.2,28.7,31.8,1.6,20.2,41.8,262,17.12,982.3,loc_vellore,12.9165,79.1325,ECMWF_ERA5_Reanalysis
2024-08-01,35.9,26.4,30.2,36.7,28.1,31.8,0.1,23.9,49.0,262,17.34,981.9,loc_vellore,12.9165,79.1325,ECMWF_ERA5_Reanalysis
2024-08-02,35.7,26.3,30.0,38.4,28.3,32.3,0.5,20.9,42.8,266,19.35,982.0,loc_vellore,12.9165,79.1325,ECMWF_ERA5_Reanalysis
2024-08-03,36.3,26.5,29.6,39.1,27.9,32.3,1.0,20.2,46.8,265,21.26,983.0,loc_vellore,12.9165,79.1325,ECMWF_ERA5_Reanalysis
2024-08-04,35.5,25.7,28.7,40.7,27.3,32.6,4.6,23.6,47.5,265,22.82,983.3,loc_vellore,12.9165,79.1325,ECMWF_ERA5_Reanalysis
2024-08-05,33.0,25.0,27.5,38.9,28.0,32.3,9.3,10.6,25.6,242,17.26,983.6,loc_vellore,12.9165,79.1325,ECMWF_ERA5_Reanalysis
2024-08-06,32.6,24.2,27.4,36.5,27.7,31.3,18.7,16.1,31.0,268,14.12,982.8,loc_vellore,12.9165,79.1325,ECMWF_ERA5_Reanalysis
2024-08-07,32.0,24.1,26.4,36.5,28.8,31.1,16.2,18.4,36.4,263,14.17,982.8,loc_vellore,12.9165,79.1325,ECMWF_ERA5_Reanalysis
2024-08-08,32.4,24.5,27.7,37.8,28.0,31.9,5.9,16.0,32.4,279,19.25,983.3,loc_vellore,12.9165,79.1325,ECMWF_ERA5_Reanalysis
2024-08-09,33.0,23.8,27.0,38.6,27.9,31.7,58.2,15.4,33.1,285,20.93,983.7,loc_vellore,12.9165,79.1325,ECMWF_ERA5_Reanalysis
2024-08-10,31.7,23.6,27.1,38.4,27.4,32.4,12.0,14.4,28.4,275,22.0,983.6,loc_vellore,12.9165,79.1325,ECMWF_ERA5_Reanalysis
2024-08-11,32.6,24.1,27.7,40.0,28.5,33.2,16.7,16.2,31.3,269,23.11,981.9,loc_vellore,12.9165,79.1325,ECMWF_ERA5_Reanalysis
2024-08-12,33.5,23.7,28.1,39.5,29.0,33.7,3.4,9.4,22.3,320,23.72,981.2,loc_vellore,12.9165,79.1325,ECMWF_ERA5_Reanalysis
2024-08-13,32.3,23.4,27.7,40.0,27.0,32.9,5.3,11.2,21.6,165,24.04,981.9,loc_vellore,12.9165,79.1325,ECMWF_ERA5_Reanalysis
2024-08-14,31.8,23.6,27.4,38.2,28.7,32.9,6.5,13.8,29.9,126,22.35,981.4,loc_vellore,12.9165,79.1325,ECMWF_ERA5_Reanalysis
2024-08-15,32.2,23.8,27.8,38.8,29.1,33.1,3.5,10.8,23.4,143,22.28,980.5,loc_vellore,12.9165,79.1325,ECMWF_ERA5_Reanalysis
2024-08-16,32.7,24.8,28.4,38.9,30.4,33.5,0.3,16.1,30.2,144,22.89,979.8,loc_vellore,12.9165,79.1325,ECMWF_ERA5_Reanalysis
2024-08-17,32.6,24.4,28.0,40.1,28.8,33.6,5.2,14.5,30.6,156,21.61,980.8,loc_vellore,12.9165,79.1325,ECMWF_ERA5_Reanalysis
2024-08-18,33.1,23.8,28.3,40.5,28.9,33.7,0.1,11.8,24.1,183,23.82,981.5,loc_vellore,12.9165,79.1325,ECMWF_ERA5_Reanalysis
2024-08-19,33.0,25.0,28.5,39.4,30.7,34.1,8.9,12.8,25.2,155,22.42,981.1,loc_vellore,12.9165,79.1325,ECMWF_ERA5_Reanalysis
2024-08-20,32.6,24.4,28.1,39.4,30.1,33.4,2.6,15.1,29.9,144,23.02,981.3,loc_vellore,12.9165,79.1325,ECMWF_ERA5_Reanalysis
2024-08-21,31.6,23.7,27.2,37.8,29.0,32.1,8.7,14.5,31.0,172,19.09,982.5,loc_vellore,12.9165,79.1325,ECMWF_ERA5_Reanalysis
2024-08-22,33.1,23.6,28.0,37.5,26.6,31.5,0.2,14.1,31.3,205,22.36,983.4,loc_vellore,12.9165,79.1325,ECMWF_ERA5_Reanalysis
2024-08-23,33.5,23.8,28.5,39.3,28.4,33.1,0.0,10.7,23.4,199,21.47,983.7,loc_vellore,12.9165,79.1325,ECMWF_ERA5_Reanalysis
2024-08-24,34.3,25.0,29.2,38.2,28.4,32.5,0.0,15.7,34.2,245,22.29,984.0,loc_vellore,12.9165,79.1325,ECMWF_ERA5_Reanalysis
2024-08-25,34.2,25.9,29.7,36.2,28.0,31.7,0.1,22.0,45.0,259,21.91,983.4,loc_vellore,12.9165,79.1325,ECMWF_ERA5_Reanalysis
2024-08-26,33.8,25.6,29.2,35.1,26.7,30.6,0.3,25.9,51.1,261,18.03,982.8,loc_vellore,12.9165,79.1325,ECMWF_ERA5_Reanalysis
2024-08-27,34.0,26.3,29.2,35.3,27.2,31.3,0.1,19.5,38.5,267,15.59,983.7,loc_vellore,12.9165,79.1325,ECMWF_ERA5_Reanalysis
2024-08-28,31.5,25.5,27.4,34.1,27.4,30.2,2.9,16.9,32.8,264,7.43,984.0,loc_vellore,12.9165,79.1325,ECMWF_ERA5_Reanalysis
2024-08-29,34.7,24.1,27.5,36.9,26.9,30.2,12.4,23.2,46.8,268,16.99,982.1,loc_vellore,12.9165,79.1325,ECMWF_ERA5_Reanalysis
2024-08-30,32.3,24.9,26.9,33.8,26.6,29.3,4.6,22.7,43.2,270,12.1,981.7,loc_vellore,12.9165,79.1325,ECMWF_ERA5_Reanalysis
2024-08-31,31.4,24.8,27.8,32.5,26.1,29.5,0.1,23.1,46.4,274,11.78,981.2,loc_vellore,12.9165,79.1325,ECMWF_ERA5_Reanalysis
2024-09-01,33.6,26.1,28.4,34.8,26.7,30.3,0.7,24.1,46.1,272,14.32,980.5,loc_vellore,12.9165,79.1325,ECMWF_ERA5_Reanalysis
2024-09-02,35.4,25.4,29.6,38.7,26.9,31.9,0.6,18.3,37.8,266,22.05,980.9,loc_vellore,12.9165,79.1325,ECMWF_ERA5_Reanalysis
2024-09-03,34.4,25.1,29.0,37.8,28.1,32.4,0.7,17.6,38.5,260,18.86,982.4,loc_vellore,12.9165,79.1325,ECMWF_ERA5_Reanalysis
2024-09-04,34.2,25.3,28.9,36.0,26.8,31.4,0.4,22.4,44.3,273,15.3,982.5,loc_vellore,12.9165,79.1325,ECMWF_ERA5_Reanalysis
2024-09-05,35.5,26.2,29.7,37.7,26.9,32.2,4.5,21.6,44.3,277,21.87,981.3,loc_vellore,12.9165,79.1325,ECMWF_ERA5_Reanalysis
2024-09-06,34.7,27.0,29.8,35.7,28.5,31.8,0.6,22.0,40.7,279,13.05,981.6,loc_vellore,12.9165,79.1325,ECMWF_ERA5_Reanalysis
2024-09-07,34.0,26.8,29.4,36.0,28.2,31.5,1.4,21.0,43.9,276,14.62,982.4,loc_vellore,12.9165,79.1325,ECMWF_ERA5_Reanalysis
2024-09-08,33.9,26.7,29.4,36.0,27.7,31.0,0.0,20.9,45.4,266,13.57,982.7,loc_vellore,12.9165,79.1325,ECMWF_ERA5_Reanalysis
2024-09-09,33.9,27.0,29.8,34.7,28.5,31.4,0.0,22.1,44.6,269,9.5,980.8,loc_vellore,12.9165,79.1325,ECMWF_ERA5_Reanalysis
2024-09-10,36.5,26.4,31.0,38.2,27.3,32.2,0.7,27.0,52.9,264,22.13,980.5,loc_vellore,12.9165,79.1325,ECMWF_ERA5_Reanalysis
2024-09-11,36.3,26.1,30.7,38.7,27.3,32.3,0.6,19.1,41.0,263,21.92,982.2,loc_vellore,12.9165,79.1325,ECMWF_ERA5_Reanalysis
2024-09-12,37.0,25.8,31.0,39.2,27.2,32.7,0.0,17.8,38.5,276,24.06,983.3,loc_vellore,12.9165,79.1325,ECMWF_ERA5_Reanalysis
2024-09-13,37.7,26.3,31.3,39.1,28.1,32.8,0.0,21.7,42.8,280,22.34,982.9,loc_vellore,12.9165,79.1325,ECMWF_ERA5_Reanalysis
2024-09-14,38.5,26.3,31.5,37.8,27.8,32.6,0.0,20.8,43.2,282,21.12,982.2,loc_vellore,12.9165,79.1325,ECMWF_ERA5_Reanalysis
2024-09-15,38.1,26.7,31.9,39.4,27.8,33.0,0.7,19.8,39.6,285,23.91,982.1,loc_vellore,12.9165,79.1325,ECMWF_ERA5_Reanalysis
2024-09-16,37.3,26.3,31.4,38.7,26.3,32.3,0.2,22.1,44.3,286,23.9,982.5,loc_vellore,12.9165,79.1325,ECMWF_ERA5_Reanalysis
2024-09-17,37.4,26.7,31.6,39.1,27.9,32.8,0.2,20.0,45.0,288,23.21,982.0,loc_vellore,12.9165,79.1325,ECMWF_ERA5_Reanalysis
2024-09-18,38.1,25.8,30.8,40.7,28.1,33.1,0.7,16.0,34.6,284,22.62,981.3,loc_vellore,12.9165,79.1325,ECMWF_ERA5_Reanalysis
2024-09-19,37.6,23.8,30.5,40.2,28.9,33.0,0.7,12.6,27.7,325,23.83,981.5,loc_vellore,12.9165,79.1325,ECMWF_ERA5_Reanalysis
2024-09-20,36.9,25.3,31.0,40.0,26.7,33.0,0.2,15.5,33.1,264,23.07,981.4,loc_vellore,12.9165,79.1325,ECMWF_ERA5_Reanalysis
2024-09-21,35.4,26.4,29.0,37.2,29.9,32.4,1.1,16.6,40.7,302,12.77,981.8,loc_vellore,12.9165,79.1325,ECMWF_ERA5_Reanalysis
2024-09-22,33.3,24.8,28.3,35.4,29.2,31.9,4.2,15.0,33.8,271,11.17,981.0,loc_vellore,12.9165,79.1325,ECMWF_ERA5_Reanalysis
2024-09-23,33.7,24.1,27.5,39.2,27.5,32.0,6.7,17.8,39.6,278,19.04,980.5,loc_vellore,12.9165,79.1325,ECMWF_ERA5_Reanalysis
2024-09-24,34.5,24.7,27.6,38.9,28.1,31.5,7.1,18.0,38.9,273,13.02,979.8,loc_vellore,12.9165,79.1325,ECMWF_ERA5_Reanalysis
2024-09-25,34.4,24.8,28.3,38.5,28.5,32.2,0.6,19.2,38.9,260,21.29,980.1,loc_vellore,12.9165,79.1325,ECMWF_ERA5_Reanalysis
2024-09-26,34.6,24.3,28.1,39.7,28.4,32.5,0.4,15.0,29.5,227,20.08,980.9,loc_vellore,12.9165,79.1325,ECMWF_ERA5_Reanalysis
2024-09-27,33.3,24.3,27.7,39.7,29.4,32.5,2.3,11.2,24.1,215,20.35,983.4,loc_vellore,12.9165,79.1325,ECMWF_ERA5_Reanalysis
2024-09-28,31.8,23.2,26.9,38.6,28.2,32.2,15.0,8.7,23.0,105,21.18,985.0,loc_vellore,12.9165,79.1325,ECMWF_ERA5_Reanalysis
2024-09-29,31.5,22.8,26.8,36.8,26.3,31.3,3.7,15.7,33.5,149,22.17,985.9,loc_vellore,12.9165,79.1325,ECMWF_ERA5_Reanalysis
2024-09-30,31.7,23.1,27.3,37.0,27.9,31.9,0.6,12.0,28.1,139,22.54,985.6,loc_vellore,12.9165,79.1325,ECMWF_ERA5_Reanalysis
2024-10-01,32.6,23.6,27.9,37.2,28.5,32.2,0.0,12.9,27.4,150,24.04,984.1,loc_vellore,12.9165,79.1325,ECMWF_ERA5_Reanalysis
2024-10-02,33.7,23.8,28.6,41.1,28.6,33.7,1.6,12.6,29.5,198,21.91,984.0,loc_vellore,12.9165,79.1325,ECMWF_ERA5_Reanalysis
2024-10-03,35.6,25.1,28.7,41.1,28.1,32.7,2.9,13.0,36.0,278,21.04,983.6,loc_vellore,12.9165,79.1325,ECMWF_ERA5_Reanalysis
2024-10-04,33.3,24.5,27.6,39.3,28.5,32.3,8.6,13.0,26.6,268,16.68,983.8,loc_vellore,12.9165,79.1325,ECMWF_ERA5_Reanalysis
2024-10-05,32.5,24.2,27.5,38.5,27.3,31.9,0.6,17.1,34.6,276,18.46,984.1,loc_vellore,12.9165,79.1325,ECMWF_ERA5_Reanalysis
2024-10-06,32.6,23.6,27.6,37.7,28.1,32.2,0.2,9.2,24.1,80,20.61,984.4,loc_vellore,12.9165,79.1325,ECMWF_ERA5_Reanalysis
2024-10-07,30.2,22.0,25.5,34.7,26.4,30.1,10.6,13.5,28.4,81,15.51,986.0,loc_vellore,12.9165,79.1325,ECMWF_ERA5_Reanalysis
2024-10-08,30.9,22.8,26.2,36.6,27.4,31.0,2.7,14.1,31.7,116,18.33,986.3,loc_vellore,12.9165,79.1325,ECMWF_ERA5_Reanalysis
2024-10-09,30.9,22.8,26.2,37.3,27.6,31.2,2.9,13.6,29.2,123,19.62,984.7,loc_vellore,12.9165,79.1325,ECMWF_ERA5_Reanalysis
2024-10-10,28.7,22.6,25.3,33.0,27.3,29.9,4.5,14.7,34.2,107,14.32,983.5,loc_vellore,12.9165,79.1325,ECMWF_ERA5_Reanalysis
2024-10-11,30.2,23.1,25.5,35.9,28.0,30.3,11.1,13.9,31.3,115,16.78,983.6,loc_vellore,12.9165,79.1325,ECMWF_ERA5_Reanalysis
2024-10-12,30.3,22.9,25.7,35.3,27.7,30.3,3.9,15.6,32.8,106,17.73,984.6,loc_vellore,12.9165,79.1325,ECMWF_ERA5_Reanalysis
2024-10-13,29.7,23.2,25.4,34.6,27.6,29.8,4.0,15.9,32.0,106,16.88,984.9,loc_vellore,12.9165,79.1325,ECMWF_ERA5_Reanalysis
2024-10-14,26.9,23.3,24.4,31.0,27.8,29.0,49.4,13.3,33.1,321,4.61,984.0,loc_vellore,12.9165,79.1325,ECMWF_ERA5_Reanalysis
2024-10-15,28.7,22.8,24.1,33.1,26.6,28.5,64.4,12.2,29.2,34,8.36,983.8,loc_vellore,12.9165,79.1325,ECMWF_ERA5_Reanalysis
2024-10-16,28.0,23.0,24.9,32.6,27.3,29.3,2.7,9.6,20.9,319,9.47,982.9,loc_vellore,12.9165,79.1325,ECMWF_ERA5_Reanalysis
2024-10-17,32.0,22.1,26.5,36.0,26.0,30.9,10.3,10.2,23.4,250,19.23,982.8,loc_vellore,12.9165,79.1325,ECMWF_ERA5_Reanalysis
2024-10-18,29.6,23.4,25.3,36.4,27.9,30.6,22.7,7.5,20.9,10,11.97,984.0,loc_vellore,12.9165,79.1325,ECMWF_ERA5_Reanalysis
2024-10-19,28.4,23.0,24.6,34.3,27.1,29.5,36.0,9.6,22.0,12,10.62,985.5,loc_vellore,12.9165,79.1325,ECMWF_ERA5_Reanalysis
2024-10-20,29.9,22.5,25.1,35.6,26.2,29.9,19.4,9.2,23.8,308,16.04,986.2,loc_vellore,12.9165,79.1325,ECMWF_ERA5_Reanalysis
2024-10-21,29.9,22.6,25.3,36.0,26.2,30.3,25.0,11.4,26.3,80,17.06,986.4,loc_vellore,12.9165,79.1325,ECMWF_ERA5_Reanalysis
2024-10-22,30.4,21.7,25.0,36.5,25.7,29.7,9.8,10.8,26.3,351,21.1,986.5,loc_vellore,12.9165,79.1325,ECMWF_ERA5_Reanalysis
2024-10-23,31.4,21.2,26.2,38.0,24.8,30.9,0.1,8.0,17.6,138,22.09,985.3,loc_vellore,12.9165,79.1325,ECMWF_ERA5_Reanalysis
2024-10-24,30.8,23.2,26.2,34.9,27.6,30.4,0.0,13.0,28.1,256,16.04,985.0,loc_vellore,12.9165,79.1325,ECMWF_ERA5_Reanalysis
2024-10-25,31.6,21.3,26.4,36.2,24.3,29.9,0.0,8.8,21.6,285,21.41,984.9,loc_vellore,12.9165,79.1325,ECMWF_ERA5_Reanalysis
2024-10-26,32.3,21.0,26.5,35.2,23.6,29.2,0.0,10.4,24.5,310,21.39,984.4,loc_vellore,12.9165,79.1325,ECMWF_ERA5_Reanalysis
2024-10-27,30.8,20.2,25.6,34.7,21.9,28.6,0.0,12.0,25.9,290,21.48,983.8,loc_vellore,12.9165,79.1325,ECMWF_ERA5_Reanalysis
2024-10-28,32.0,21.2,26.3,36.9,24.3,30.0,0.1,9.0,16.9,187,21.67,983.3,loc_vellore,12.9165,79.1325,ECMWF_ERA5_Reanalysis
2024-10-29,33.2,22.3,27.3,37.5,25.8,31.1,0.8,9.1,20.5,264,20.67,984.1,loc_vellore,12.9165,79.1325,ECMWF_ERA5_Reanalysis
2024-10-30,32.4,22.6,26.4,38.5,26.8,31.4,3.1,9.0,22.7,165,19.53,985.2,loc_vellore,12.9165,79.1325,ECMWF_ERA5_Reanalysis
2024-10-31,31.0,22.8,26.1,36.3,27.4,30.9,2.9,14.3,32.8,100,19.75,986.3,loc_vellore,12.9165,79.1325,ECMWF_ERA5_Reanalysis
2024-11-01,30.2,22.7,25.6,33.7,27.5,30.3,2.7,14.0,30.6,104,16.34,987.4,loc_vellore,12.9165,79.1325,ECMWF_ERA5_Reanalysis
2024-11-02,28.3,22.2,24.3,33.3,26.5,28.9,12.9,13.1,31.3,7,15.2,987.9,loc_vellore,12.9165,79.1325,ECMWF_ERA5_Reanalysis
2024-11-03,30.0,22.0,25.1,34.5,26.4,29.5,2.2,12.3,32.0,71,18.71,987.6,loc_vellore,12.9165,79.1325,ECMWF_ERA5_Reanalysis
2024-11-04,29.6,22.1,25.3,34.6,24.7,29.3,1.0,10.8,25.6,83,17.47,987.0,loc_vellore,12.9165,79.1325,ECMWF_ERA5_Reanalysis
2024-11-05,30.3,20.3,25.2,33.4,23.2,28.2,0.2,11.5,24.8,24,20.6,987.2,loc_vellore,12.9165,79.1325,ECMWF_ERA5_Reanalysis
2024-11-06,30.7,19.4,24.5,33.3,21.8,27.7,9.6,16.4,34.9,354,17.67,987.2,loc_vellore,12.9165,79.1325,ECMWF_ERA5_Reanalysis
2024-11-07,30.3,21.8,25.6,34.4,25.9,29.6,0.8,14.6,34.9,37,19.2,986.9,loc_vellore,12.9165,79.1325,ECMWF_ERA5_Reanalysis
2024-11-08,30.8,21.2,25.8,34.6,24.9,29.3,0.0,13.8,30.2,38,20.38,987.0,loc_vellore,12.9165,79.1325,ECMWF_ERA5_Reanalysis
2024-11-09,30.0,21.0,25.4,32.8,24.5,28.5,1.2,14.5,31.3,34,18.19,987.2,loc_vellore,12.9165,79.1325,ECMWF_ERA5_Reanalysis
2024-11-10,30.0,20.1,24.8,32.7,23.1,27.9,0.6,15.7,33.1,13,19.08,987.1,loc_vellore,12.9165,79.1325,ECMWF_ERA5_Reanalysis
2024-11-11,31.2,20.4,25.9,33.3,23.5,28.3,0.3,15.8,34.6,15,17.63,985.9,loc_vellore,12.9165,79.1325,ECMWF_ERA5_Reanalysis
2024-11-12,27.5,22.7,24.5,30.4,25.9,28.2,11.3,14.4,32.0,9,8.72,985.3,loc_vellore,12.9165,79.1325,ECMWF_ERA5_Reanalysis
2024-11-13,26.9,22.2,24.0,30.6,26.0,28.2,25.2,16.0,33.8,51,7.46,985.2,loc_vellore,12.9165,79.1325,ECMWF_ERA5_Reanalysis
2024-11-14,28.3,22.2,24.2,31.9,26.7,28.6,18.9,16.9,32.4,61,11.27,986.5,loc_vellore,12.9165,79.1325,ECMWF_ERA5_Reanalysis
2024-11-15,28.9,22.7,24.5,32.3,27.2,29.0,5.0,13.3,28.8,52,10.4,987.1,loc_vellore,12.9165,79.1325,ECMWF_ERA5_Reanalysis
2024-11-16,28.1,22.8,24.3,32.4,27.4,28.8,10.2,12.9,33.1,57,11.9,986.7,loc_vellore,12.9165,79.1325,ECMWF_ERA5_Reanalysis
2024-11-17,30.0,22.3,25.5,33.6,26.5,29.1,4.2,16.7,35.6,58,18.82,986.4,loc_vellore,12.9165,79.1325,ECMWF_ERA5_Reanalysis
2024-11-18,29.1,21.0,24.8,32.2,24.7,28.1,1.6,16.3,35.6,50,17.99,987.1,loc_vellore,12.9165,79.1325,ECMWF_ERA5_Reanalysis
2024-11-19,29.4,20.5,24.8,31.7,23.9,27.6,0.0,14.3,32.8,35,17.91,987.8,loc_vellore,12.9165,79.1325,ECMWF_ERA5_Reanalysis
2024-11-20,29.0,19.7,24.4,31.8,22.8,27.1,0.1,13.9,31.7,44,16.93,987.6,loc_vellore,12.9165,79.1325,ECMWF_ERA5_Reanalysis
2024-11-21,29.4,20.1,24.4,31.7,22.7,26.8,0.0,13.1,30.2,37,17.88,987.3,loc_vellore,12.9165,79.1325,ECMWF_ERA5_Reanalysis
2024-11-22,29.4,18.5,23.9,31.9,20.8,26.2,0.0,12.5,30.2,27,21.19,987.2,loc_vellore,12.9165,79.1325,ECMWF_ERA5_Reanalysis
2024-11-23,30.2,19.4,24.6,33.0,21.9,27.6,0.0,11.2,23.4,39,15.88,987.7,loc_vellore,12.9165,79.1325,ECMWF_ERA5_Reanalysis
2024-11-24,30.3,21.6,25.4,33.2,25.7,28.6,0.1,13.5,29.5,36,16.35,987.7,loc_vellore,12.9165,79.1325,ECMWF_ERA5_Reanalysis
2024-11-25,30.5,21.2,24.9,32.7,24.3,27.5,0.0,17.8,36.4,23,17.05,986.7,loc_vellore,12.9165,79.1325,ECMWF_ERA5_Reanalysis
2024-11-26,28.0,22.3,23.9,29.8,24.6,26.5,12.7,19.2,41.8,21,9.1,985.6,loc_vellore,12.9165,79.1325,ECMWF_ERA5_Reanalysis
2024-11-27,27.6,22.4,24.4,28.5,24.3,26.1,0.0,20.5,44.3,15,8.94,984.6,loc_vellore,12.9165,79.1325,ECMWF_ERA5_Reanalysis
2024-11-28,29.2,21.6,24.6,29.3,22.8,25.1,0.0,19.4,41.4,351,17.44,983.9,loc_vellore,12.9165,79.1325,ECMWF_ERA5_Reanalysis
2024-11-29,28.4,22.7,24.8,29.1,23.1,25.7,3.2,21.0,46.4,341,9.73,983.2,loc_vellore,12.9165,79.1325,ECMWF_ERA5_Reanalysis
2024-11-30,24.2,22.5,23.2,25.6,23.7,24.7,61.7,29.7,59.8,327,1.64,979.9,loc_vellore,12.9165,79.1325,ECMWF_ERA5_Reanalysis
2024-12-01,24.8,22.5,23.2,26.9,23.9,25.4,63.2,25.9,50.8,1,2.69,978.4,loc_vellore,12.9165,79.1325,ECMWF_ERA5_Reanalysis
2024-12-02,28.7,22.4,24.2,32.0,25.5,27.6,18.7,19.2,39.6,85,10.29,980.9,loc_vellore,12.9165,79.1325,ECMWF_ERA5_Reanalysis
2024-12-03,30.0,22.2,25.0,35.3,26.4,29.7,3.7,12.7,25.9,96,13.99,984.8,loc_vellore,12.9165,79.1325,ECMWF_ERA5_Reanalysis
2024-12-04,29.4,22.9,25.2,33.8,27.8,30.1,7.5,10.6,29.9,76,15.96,986.4,loc_vellore,12.9165,79.1325,ECMWF_ERA5_Reanalysis
2024-12-05,29.2,22.8,24.8,33.0,27.7,29.5,3.1,10.9,28.1,72,11.32,987.0,loc_vellore,12.9165,79.1325,ECMWF_ERA5_Reanalysis
2024-12-06,30.1,22.1,25.1,34.1,26.5,29.5,0.9,12.8,28.4,60,16.65,987.0,loc_vellore,12.9165,79.1325,ECMWF_ERA5_Reanalysis
2024-12-07,30.0,22.3,25.7,34.9,26.4,30.2,0.2,11.9,29.2,105,17.58,986.7,loc_vellore,12.9165,79.1325,ECMWF_ERA5_Reanalysis
2024-12-08,29.7,20.6,24.8,33.6,24.0,28.6,0.2,7.9,21.6,139,18.42,986.7,loc_vellore,12.9165,79.1325,ECMWF_ERA5_Reanalysis
2024-12-09,29.7,20.3,24.9,33.9,23.5,28.8,0.3,11.8,25.6,54,18.06,986.4,loc_vellore,12.9165,79.1325,ECMWF_ERA5_Reanalysis
2024-12-10,29.5,21.5,25.1,32.0,25.7,28.6,0.3,14.9,33.1,30,17.22,986.4,loc_vellore,12.9165,79.1325,ECMWF_ERA5_Reanalysis
2024-12-11,26.8,21.6,24.0,28.5,24.9,26.9,3.3,18.5,38.9,21,8.45,986.5,loc_vellore,12.9165,79.1325,ECMWF_ERA5_Reanalysis
2024-12-12,23.8,21.9,22.8,27.3,25.5,26.2,41.2,17.9,37.1,55,3.34,986.1,loc_vellore,12.9165,79.1325,ECMWF_ERA5_Reanalysis
2024-12-13,28.1,22.0,24.3,30.6,25.5,27.3,2.1,18.9,40.7,60,15.11,986.9,loc_vellore,12.9165,79.1325,ECMWF_ERA5_Reanalysis
2024-12-14,28.2,20.0,23.6,29.9,22.2,25.8,0.0,15.7,35.3,36,17.94,988.5,loc_vellore,12.9165,79.1325,ECMWF_ERA5_Reanalysis
2024-12-15,27.7,18.9,22.7,28.6,21.2,24.4,0.1,17.0,38.5,27,18.09,989.2,loc_vellore,12.9165,79.1325,ECMWF_ERA5_Reanalysis
2024-12-16,27.9,17.6,22.3,29.5,19.4,24.0,0.2,14.0,32.0,13,17.29,988.0,loc_vellore,12.9165,79.1325,ECMWF_ERA5_Reanalysis
2024-12-17,29.2,18.8,23.3,31.5,20.4,25.3,5.3,13.8,32.4,350,12.73,986.3,loc_vellore,12.9165,79.1325,ECMWF_ERA5_Reanalysis
2024-12-18,28.7,20.9,24.5,31.4,23.4,27.7,16.4,15.7,38.9,356,12.41,985.3,loc_vellore,12.9165,79.1325,ECMWF_ERA5_Reanalysis
2024-12-19,29.6,21.7,25.1,32.6,25.0,28.6,0.5,17.0,35.3,347,14.21,984.7,loc_vellore,12.9165,79.1325,ECMWF_ERA5_Reanalysis
2024-12-20,30.6,22.3,25.9,34.1,25.9,29.8,0.4,13.5,32.8,335,16.08,984.4,loc_vellore,12.9165,79.1325,ECMWF_ERA5_Reanalysis
2024-12-21,30.7,21.3,25.4,34.7,24.9,29.4,0.1,10.0,24.5,350,17.52,985.2,loc_vellore,12.9165,79.1325,ECMWF_ERA5_Reanalysis
2024-12-22,29.1,20.7,24.6,32.2,24.1,28.0,0.1,10.5,26.3,33,16.37,986.3,loc_vellore,12.9165,79.1325,ECMWF_ERA5_Reanalysis
2024-12-23,30.1,19.3,24.2,33.1,22.3,27.0,0.0,11.4,24.5,14,19.44,986.4,loc_vellore,12.9165,79.1325,ECMWF_ERA5_Reanalysis
2024-12-24,29.1,21.0,24.4,31.9,23.7,27.2,0.0,10.3,24.1,326,10.61,986.0,loc_vellore,12.9165,79.1325,ECMWF_ERA5_Reanalysis
2024-12-25,28.5,20.4,24.3,31.9,22.5,27.3,1.1,11.2,26.3,336,12.87,987.1,loc_vellore,12.9165,79.1325,ECMWF_ERA5_Reanalysis
2024-12-26,27.5,22.6,24.2,31.3,25.9,27.8,14.9,18.8,43.2,46,9.38,988.8,loc_vellore,12.9165,79.1325,ECMWF_ERA5_Reanalysis
2024-12-27,27.4,21.3,23.5,30.0,24.6,26.7,17.1,17.9,40.7,70,9.89,990.6,loc_vellore,12.9165,79.1325,ECMWF_ERA5_Reanalysis
2024-12-28,29.0,20.3,24.1,31.4,23.6,27.0,0.4,12.9,29.5,55,16.53,990.2,loc_vellore,12.9165,79.1325,ECMWF_ERA5_Reanalysis
2024-12-29,29.5,20.4,24.3,31.2,23.6,27.1,0.2,13.9,31.3,34,17.46,990.1,loc_vellore,12.9165,79.1325,ECMWF_ERA5_Reanalysis
2024-12-30,28.6,21.7,24.4,31.0,24.8,27.2,2.9,18.9,38.9,40,16.37,990.0,loc_vellore,12.9165,79.1325,ECMWF_ERA5_Reanalysis
2024-12-31,29.0,19.8,23.9,31.6,22.8,26.6,0.0,14.8,32.8,40,19.41,990.1,loc_vellore,12.9165,79.1325,ECMWF_ERA5_Reanalysis
