time,temperature_2m_max,temperature_2m_min,temperature_2m_mean,apparent_temperature_max,apparent_temperature_min,apparent_temperature_mean,precipitation_sum,wind_speed_10m_max,wind_gusts_10m_max,wind_direction_10m_dominant,shortwave_radiation_sum,surface_pressure_mean,location_id,latitude,longitude,data_source
2014-01-01,26.7,23.2,24.7,26.7,23.7,25.1,0.0,22.5,40.0,51,14.56,1013.7,ward_02_manali,13.168,80.258,ECMWF_ERA5_Reanalysis
2014-01-02,27.4,23.0,25.0,27.4,23.8,25.1,0.0,21.8,41.0,39,16.49,1014.0,ward_02_manali,13.168,80.258,ECMWF_ERA5_Reanalysis
2014-01-03,27.3,23.4,25.2,28.3,24.8,26.0,0.0,23.7,43.2,38,15.59,1013.9,ward_02_manali,13.168,80.258,ECMWF_ERA5_Reanalysis
2014-01-04,26.4,22.3,24.3,26.5,23.9,25.3,0.0,21.3,38.2,35,8.49,1012.8,ward_02_manali,13.168,80.258,ECMWF_ERA5_Reanalysis
2014-01-05,27.5,22.6,24.6,29.5,24.9,26.3,0.0,17.7,34.6,39,14.41,1011.3,ward_02_manali,13.168,80.258,ECMWF_ERA5_Reanalysis
2014-01-06,27.3,22.1,24.3,29.0,24.5,26.0,0.0,18.3,33.8,44,18.02,1011.4,ward_02_manali,13.168,80.258,ECMWF_ERA5_Reanalysis
2014-01-07,27.4,22.4,24.8,28.7,24.5,26.0,0.0,20.6,37.4,45,18.0,1012.2,ward_02_manali,13.168,80.258,ECMWF_ERA5_Reanalysis
2014-01-08,27.7,23.5,25.2,28.1,24.4,25.9,0.0,20.4,36.4,60,16.29,1013.5,ward_02_manali,13.168,80.258,ECMWF_ERA5_Reanalysis
2014-01-09,27.6,22.3,24.7,29.3,24.7,26.5,0.0,17.4,32.4,58,17.24,1013.1,ward_02_manali,13.168,80.258,ECMWF_ERA5_Reanalysis
2014-01-10,27.7,21.5,24.1,30.3,23.9,26.1,0.0,15.2,29.9,71,19.4,1013.1,ward_02_manali,13.168,80.258,ECMWF_ERA5_Reanalysis
2014-01-11,27.8,21.2,24.0,30.2,23.1,26.0,0.0,11.9,25.9,84,19.12,1013.6,ward_02_manali,13.168,80.258,ECMWF_ERA5_Reanalysis
2014-01-12,27.8,19.6,23.6,30.3,21.9,25.5,0.0,14.2,28.8,49,18.94,1014.5,ward_02_manali,13.168,80.258,ECMWF_ERA5_Reanalysis
2014-01-13,27.8,21.7,24.5,29.3,24.2,26.3,0.0,19.4,36.0,41,18.36,1014.3,ward_02_manali,13.168,80.258,ECMWF_ERA5_Reanalysis
2014-01-14,27.6,22.1,24.5,29.6,24.8,26.4,0.0,16.5,32.0,57,18.22,1013.8,ward_02_manali,13.168,80.258,ECMWF_ERA5_Reanalysis
2014-01-15,28.5,21.7,24.8,30.8,23.7,26.8,0.0,14.9,28.8,81,19.0,1014.3,ward_02_manali,13.168,80.258,ECMWF_ERA5_Reanalysis
2014-01-16,28.2,22.4,25.0,30.3,24.5,27.0,0.0,15.9,29.2,92,17.24,1014.8,ward_02_manali,13.168,80.258,ECMWF_ERA5_Reanalysis
2014-01-17,27.8,21.9,24.6,29.3,24.3,26.4,0.0,17.7,34.2,70,17.85,1014.6,ward_02_manali,13.168,80.258,ECMWF_ERA5_Reanalysis
2014-01-18,27.7,22.1,24.5,28.4,23.6,25.5,0.0,15.9,32.4,66,17.34,1014.4,ward_02_manali,13.168,80.258,ECMWF_ERA5_Reanalysis
2014-01-19,26.9,22.1,24.3,29.3,24.5,26.6,1.2,18.3,33.8,56,14.9,1016.0,ward_02_manali,13.168,80.258,ECMWF_ERA5_Reanalysis
2014-01-20,28.1,22.4,24.9,29.6,24.8,26.6,0.0,21.3,38.5,60,19.41,1016.2,ward_02_manali,13.168,80.258,ECMWF_ERA5_Reanalysis
2014-01-21,27.7,22.9,25.1,28.4,24.2,25.8,0.0,22.0,39.2,61,17.49,1015.8,ward_02_manali,13.168,80.258,ECMWF_ERA5_Reanalysis
2014-01-22,27.9,23.0,25.2,28.7,23.9,25.5,0.0,19.6,36.0,75,18.25,1014.7,ward_02_manali,13.168,80.258,ECMWF_ERA5_Reanalysis
2014-01-23,28.1,21.7,24.5,29.2,22.9,25.7,0.0,16.4,30.6,53,18.83,1014.8,ward_02_manali,13.168,80.258,ECMWF_ERA5_Reanalysis
2014-01-24,28.1,19.2,23.9,30.2,21.5,25.6,0.0,15.9,31.3,52,19.94,1013.3,ward_02_manali,13.168,80.258,ECMWF_ERA5_Reanalysis
2014-01-25,28.4,21.9,24.9,29.7,23.5,25.9,0.0,18.0,33.8,61,19.67,1012.9,ward_02_manali,13.168,80.258,ECMWF_ERA5_Reanalysis
2014-01-26,27.6,21.7,24.9,27.4,23.4,25.2,0.0,23.5,41.8,42,17.24,1013.3,ward_02_manali,13.168,80.258,ECMWF_ERA5_Reanalysis
2014-01-27,28.5,23.8,25.7,29.0,24.1,25.5,0.0,21.7,40.0,58,18.8,1013.4,ward_02_manali,13.168,80.258,ECMWF_ERA5_Reanalysis
2014-01-28,28.4,22.5,25.2,29.1,23.3,25.4,0.0,21.9,39.6,54,20.33,1013.3,ward_02_manali,13.168,80.258,ECMWF_ERA5_Reanalysis
2014-01-29,27.9,21.5,24.6,28.7,23.2,25.2,0.0,22.5,41.0,45,21.68,1013.6,ward_02_manali,13.168,80.258,ECMWF_ERA5_Reanalysis
2014-01-30,28.3,21.0,24.5,28.9,22.3,25.0,0.0,22.8,41.8,33,21.73,1014.0,ward_02_manali,13.168,80.258,ECMWF_ERA5_Reanalysis
2014-01-31,28.6,20.9,24.5,30.2,23.4,26.1,0.1,19.9,36.0,36,19.35,1013.8,ward_02_manali,13.168,80.258,ECMWF_ERA5_Reanalysis
2014-02-01,27.1,22.3,24.6,29.5,24.8,26.5,2.0,20.2,37.1,53,16.36,1013.6,ward_02_manali,13.168,80.258,ECMWF_ERA5_Reanalysis
2014-02-02,28.2,22.4,24.9,30.4,24.4,26.7,0.0,17.9,34.2,52,20.49,1013.0,ward_02_manali,13.168,80.258,ECMWF_ERA5_Reanalysis
2014-02-03,28.7,19.4,24.1,31.4,21.7,26.1,0.0,12.4,25.6,54,21.93,1011.3,ward_02_manali,13.168,80.258,ECMWF_ERA5_Reanalysis
2014-02-04,29.2,19.0,23.9,32.0,21.7,26.1,0.0,12.8,26.6,73,22.64,1009.6,ward_02_manali,13.168,80.258,ECMWF_ERA5_Reanalysis
2014-02-05,29.6,18.2,23.7,31.8,20.3,25.4,0.0,12.0,24.5,90,23.18,1009.4,ward_02_manali,13.168,80.258,ECMWF_ERA5_Reanalysis
2014-02-06,29.3,17.3,23.4,32.0,19.1,25.7,0.0,12.7,27.0,92,22.78,1009.9,ward_02_manali,13.168,80.258,ECMWF_ERA5_Reanalysis
2014-02-07,29.9,18.0,23.4,32.3,20.4,25.8,0.0,11.4,24.8,84,22.42,1010.1,ward_02_manali,13.168,80.258,ECMWF_ERA5_Reanalysis
2014-02-08,30.3,17.7,23.5,32.2,19.6,25.1,0.0,13.5,24.5,170,22.41,1009.5,ward_02_manali,13.168,80.258,ECMWF_ERA5_Reanalysis
2014-02-09,30.7,17.5,23.9,31.9,18.7,25.0,0.0,17.9,32.4,176,23.37,1008.5,ward_02_manali,13.168,80.258,ECMWF_ERA5_Reanalysis
2014-02-10,30.6,19.7,24.7,33.0,21.5,26.5,0.0,14.8,28.8,169,23.16,1008.7,ward_02_manali,13.168,80.258,ECMWF_ERA5_Reanalysis
2014-02-11,30.1,20.9,24.9,32.3,23.0,26.5,0.0,17.7,32.8,162,21.73,1008.3,ward_02_manali,13.168,80.258,ECMWF_ERA5_Reanalysis
2014-02-12,29.9,19.8,24.8,32.2,22.6,26.7,0.0,16.1,32.8,144,22.59,1008.5,ward_02_manali,13.168,80.258,ECMWF_ERA5_Reanalysis
2014-02-13,29.3,21.4,25.2,31.3,23.2,26.4,0.0,17.4,33.5,123,21.51,1010.8,ward_02_manali,13.168,80.258,ECMWF_ERA5_Reanalysis
2014-02-14,29.7,21.4,25.5,32.1,23.9,27.0,0.0,19.0,35.3,123,18.74,1011.0,ward_02_manali,13.168,80.258,ECMWF_ERA5_Reanalysis
2014-02-15,30.2,21.8,26.0,32.3,24.6,28.1,0.0,18.7,33.8,142,18.02,1009.1,ward_02_manali,13.168,80.258,ECMWF_ERA5_Reanalysis
2014-02-16,30.0,23.8,26.7,33.5,26.8,29.3,0.0,18.0,34.2,155,17.78,1009.1,ward_02_manali,13.168,80.258,ECMWF_ERA5_Reanalysis
2014-02-17,29.4,23.9,26.0,34.0,28.2,29.6,0.9,12.9,25.6,89,12.2,1011.6,ward_02_manali,13.168,80.258,ECMWF_ERA5_Reanalysis
2014-02-18,28.9,24.0,26.1,32.1,26.5,28.9,2.0,20.9,36.7,60,17.31,1013.6,ward_02_manali,13.168,80.258,ECMWF_ERA5_Reanalysis
2014-02-19,28.3,23.2,25.5,30.7,26.2,27.8,0.8,18.0,33.8,71,18.11,1013.1,ward_02_manali,13.168,80.258,ECMWF_ERA5_Reanalysis
2014-02-20,28.7,22.6,25.3,31.2,24.7,26.9,0.0,15.3,30.6,79,21.71,1012.6,ward_02_manali,13.168,80.258,ECMWF_ERA5_Reanalysis
2014-02-21,29.2,21.2,24.9,32.0,23.9,26.8,0.0,17.2,32.0,81,23.06,1013.2,ward_02_manali,13.168,80.258,ECMWF_ERA5_Reanalysis
2014-02-22,29.2,20.1,24.3,31.6,22.6,26.0,0.0,15.5,31.0,86,23.56,1013.1,ward_02_manali,13.168,80.258,ECMWF_ERA5_Reanalysis
2014-02-23,28.7,21.1,24.5,30.5,22.9,26.0,0.0,15.8,31.7,64,22.56,1013.3,ward_02_manali,13.168,80.258,ECMWF_ERA5_Reanalysis
2014-02-24,27.0,22.0,24.9,28.5,24.8,26.9,1.3,21.6,36.7,64,11.2,1013.6,ward_02_manali,13.168,80.258,ECMWF_ERA5_Reanalysis
2014-02-25,29.4,23.3,25.8,31.8,25.9,28.0,0.0,17.9,32.4,78,18.49,1013.8,ward_02_manali,13.168,80.258,ECMWF_ERA5_Reanalysis
2014-02-26,29.7,22.1,25.2,32.8,24.5,27.5,0.0,17.0,31.3,93,22.02,1013.0,ward_02_manali,13.168,80.258,ECMWF_ERA5_Reanalysis
2014-02-27,30.1,20.8,25.3,33.5,23.3,27.5,0.0,17.3,33.5,113,22.87,1012.6,ward_02_manali,13.168,80.258,ECMWF_ERA5_Reanalysis
2014-02-28,30.4,22.0,25.9,33.6,24.9,27.9,0.0,20.8,37.8,117,19.46,1011.8,ward_02_manali,13.168,80.258,ECMWF_ERA5_Reanalysis
2014-03-01,29.2,23.5,26.1,31.3,26.0,27.8,0.0,18.6,36.0,114,18.93,1011.4,ward_02_manali,13.168,80.258,ECMWF_ERA5_Reanalysis
2014-03-02,30.0,22.4,26.4,33.0,25.7,28.4,0.0,17.8,33.1,113,18.43,1011.0,ward_02_manali,13.168,80.258,ECMWF_ERA5_Reanalysis
2014-03-03,30.5,23.5,26.7,33.0,26.2,28.5,0.0,19.1,33.1,105,20.32,1011.2,ward_02_manali,13.168,80.258,ECMWF_ERA5_Reanalysis
2014-03-04,29.9,23.5,26.5,32.2,26.6,28.5,0.0,19.5,36.0,102,18.72,1012.3,ward_02_manali,13.168,80.258,ECMWF_ERA5_Reanalysis
2014-03-05,29.9,23.9,26.6,32.2,26.4,28.4,0.0,18.8,36.4,97,19.39,1012.4,ward_02_manali,13.168,80.258,ECMWF_ERA5_Reanalysis
2014-03-06,29.7,23.3,26.4,31.7,26.0,28.3,0.0,19.4,36.4,84,18.41,1012.0,ward_02_manali,13.168,80.258,ECMWF_ERA5_Reanalysis
2014-03-07,30.0,23.1,26.4,32.0,25.7,28.3,0.0,17.9,32.4,80,21.68,1012.8,ward_02_manali,13.168,80.258,ECMWF_ERA5_Reanalysis
2014-03-08,29.9,23.4,26.4,32.7,26.0,28.4,0.0,19.1,36.0,74,22.69,1013.7,ward_02_manali,13.168,80.258,ECMWF_ERA5_Reanalysis
2014-03-09,30.2,24.1,26.9,32.3,26.4,28.7,0.0,17.4,33.1,75,20.43,1013.2,ward_02_manali,13.168,80.258,ECMWF_ERA5_Reanalysis
2014-03-10,30.2,23.9,26.6,32.0,27.0,28.9,0.0,18.7,36.0,79,17.88,1013.0,ward_02_manali,13.168,80.258,ECMWF_ERA5_Reanalysis
2014-03-11,30.5,24.0,26.7,33.2,26.7,28.9,0.0,15.9,32.0,92,21.84,1012.9,ward_02_manali,13.168,80.258,ECMWF_ERA5_Reanalysis
2014-03-12,30.9,22.9,26.3,34.2,26.1,29.1,0.0,14.9,30.6,93,24.1,1013.3,ward_02_manali,13.168,80.258,ECMWF_ERA5_Reanalysis
2014-03-13,30.7,20.9,25.6,33.6,24.2,28.4,0.0,14.6,29.5,67,23.26,1012.5,ward_02_manali,13.168,80.258,ECMWF_ERA5_Reanalysis
2014-03-14,31.5,21.4,26.0,34.3,25.3,28.9,0.0,14.3,29.5,76,25.43,1012.5,ward_02_manali,13.168,80.258,ECMWF_ERA5_Reanalysis
2014-03-15,31.2,19.7,25.6,34.3,22.6,28.4,0.0,14.7,29.9,60,25.73,1013.5,ward_02_manali,13.168,80.258,ECMWF_ERA5_Reanalysis
2014-03-16,31.9,20.0,26.0,35.0,23.0,29.1,0.0,16.0,31.7,53,25.62,1014.1,ward_02_manali,13.168,80.258,ECMWF_ERA5_Reanalysis
2014-03-17,32.2,21.3,26.3,35.7,25.3,29.8,0.0,16.9,32.0,77,25.1,1013.3,ward_02_manali,13.168,80.258,ECMWF_ERA5_Reanalysis
2014-03-18,33.2,20.9,26.1,35.8,24.6,29.4,0.0,16.6,32.0,92,25.1,1012.7,ward_02_manali,13.168,80.258,ECMWF_ERA5_Reanalysis
2014-03-19,33.0,21.6,26.9,36.8,25.6,30.6,0.0,16.1,32.0,144,24.97,1011.7,ward_02_manali,13.168,80.258,ECMWF_ERA5_Reanalysis
2014-03-20,34.2,23.1,28.0,39.3,27.1,32.2,0.0,17.2,32.0,153,24.13,1010.2,ward_02_manali,13.168,80.258,ECMWF_ERA5_Reanalysis
2014-03-21,35.2,24.6,28.7,39.4,29.3,32.9,0.0,17.1,33.1,166,24.6,1008.5,ward_02_manali,13.168,80.258,ECMWF_ERA5_Reanalysis
2014-03-22,34.8,24.6,28.6,38.1,28.5,31.9,0.0,20.0,35.3,170,24.88,1007.2,ward_02_manali,13.168,80.258,ECMWF_ERA5_Reanalysis
2014-03-23,34.0,24.7,28.5,37.1,28.8,31.7,0.0,20.3,37.4,165,25.22,1008.6,ward_02_manali,13.168,80.258,ECMWF_ERA5_Reanalysis
2014-03-24,33.2,22.4,27.6,36.9,26.1,31.0,0.0,20.7,37.8,152,25.8,1010.1,ward_02_manali,13.168,80.258,ECMWF_ERA5_Reanalysis
2014-03-25,33.7,23.2,27.6,37.0,27.3,31.0,0.0,18.9,36.0,148,25.42,1009.8,ward_02_manali,13.168,80.258,ECMWF_ERA5_Reanalysis
2014-03-26,32.6,22.0,26.8,36.7,26.3,30.8,0.0,14.7,29.9,115,24.57,1009.8,ward_02_manali,13.168,80.258,ECMWF_ERA5_Reanalysis
2014-03-27,33.3,22.1,27.2,37.3,26.4,30.9,0.0,13.5,28.8,142,25.32,1010.4,ward_02_manali,13.168,80.258,ECMWF_ERA5_Reanalysis
2014-03-28,34.7,21.2,27.4,37.7,24.7,30.6,0.0,14.3,27.4,158,25.87,1010.0,ward_02_manali,13.168,80.258,ECMWF_ERA5_Reanalysis
2014-03-29,35.9,23.0,28.6,39.0,26.4,31.8,0.0,15.3,25.9,177,26.67,1008.7,ward_02_manali,13.168,80.258,ECMWF_ERA5_Reanalysis
2014-03-30,36.6,23.3,29.2,38.7,25.8,31.6,0.0,18.4,32.0,183,26.62,1007.9,ward_02_manali,13.168,80.258,ECMWF_ERA5_Reanalysis
2014-03-31,36.6,23.4,29.5,38.1,25.4,31.5,0.0,19.5,35.3,181,26.87,1007.4,ward_02_manali,13.168,80.258,ECMWF_ERA5_Reanalysis
2014-04-01,36.7,24.1,29.4,38.7,27.3,32.0,0.0,20.3,34.2,179,26.62,1006.4,ward_02_manali,13.168,80.258,ECMWF_ERA5_Reanalysis
2014-04-02,35.0,24.6,29.0,39.2,28.8,32.8,0.0,18.1,34.2,162,25.97,1006.7,ward_02_manali,13.168,80.258,ECMWF_ERA5_Reanalysis
2014-04-03,33.7,25.2,28.6,38.2,29.7,32.8,0.0,15.2,30.6,148,24.79,1007.9,ward_02_manali,13.168,80.258,ECMWF_ERA5_Reanalysis
2014-04-04,34.2,24.5,28.4,38.2,28.7,32.0,0.0,19.6,36.7,160,24.96,1009.1,ward_02_manali,13.168,80.258,ECMWF_ERA5_Reanalysis
2014-04-05,34.9,24.5,28.7,39.2,28.8,32.5,0.0,18.1,34.2,164,25.03,1009.5,ward_02_manali,13.168,80.258,ECMWF_ERA5_Reanalysis
2014-04-06,35.2,25.9,29.6,39.5,30.2,33.6,0.0,21.5,37.8,170,25.86,1010.0,ward_02_manali,13.168,80.258,ECMWF_ERA5_Reanalysis
2014-04-07,35.6,25.9,29.7,39.5,30.5,33.6,0.0,20.3,37.4,181,25.19,1010.3,ward_02_manali,13.168,80.258,ECMWF_ERA5_Reanalysis
2014-04-08,36.2,25.3,29.8,39.2,29.0,33.0,0.0,23.4,40.0,181,26.32,1009.0,ward_02_manali,13.168,80.258,ECMWF_ERA5_Reanalysis
2014-04-09,37.1,26.8,30.7,41.8,30.4,34.9,0.0,22.4,35.3,178,25.27,1008.5,ward_02_manali,13.168,80.258,ECMWF_ERA5_Reanalysis
2014-04-10,35.5,25.9,30.1,40.9,31.9,35.1,0.0,18.2,33.5,161,23.68,1009.5,ward_02_manali,13.168,80.258,ECMWF_ERA5_Reanalysis
2014-04-11,36.7,26.4,30.6,41.7,31.8,35.0,0.2,17.1,33.1,165,25.22,1008.5,ward_02_manali,13.168,80.258,ECMWF_ERA5_Reanalysis
2014-04-12,35.5,27.1,30.4,40.4,32.6,35.1,0.0,19.9,37.4,159,24.59,1007.8,ward_02_manali,13.168,80.258,ECMWF_ERA5_Reanalysis
2014-04-13,34.6,27.2,29.8,39.8,32.5,34.6,0.0,20.6,37.1,145,23.86,1008.9,ward_02_manali,13.168,80.258,ECMWF_ERA5_Reanalysis
2014-04-14,33.9,26.2,29.5,38.3,32.0,34.2,0.0,18.9,36.4,140,24.25,1009.9,ward_02_manali,13.168,80.258,ECMWF_ERA5_Reanalysis
2014-04-15,33.9,26.6,29.4,38.7,31.1,34.0,0.0,17.4,33.8,146,24.04,1010.0,ward_02_manali,13.168,80.258,ECMWF_ERA5_Reanalysis
2014-04-16,34.7,25.6,29.2,39.2,30.4,33.1,0.0,20.2,37.1,162,25.21,1008.6,ward_02_manali,13.168,80.258,ECMWF_ERA5_Reanalysis
2014-04-17,36.1,25.6,29.8,39.5,29.3,33.1,0.0,22.8,40.7,173,26.31,1006.9,ward_02_manali,13.168,80.258,ECMWF_ERA5_Reanalysis
2014-04-18,35.4,26.8,30.2,39.8,31.5,34.4,0.0,20.3,38.2,151,25.93,1008.7,ward_02_manali,13.168,80.258,ECMWF_ERA5_Reanalysis
2014-04-19,35.2,24.9,29.1,39.7,29.8,33.2,0.0,18.9,34.9,148,26.58,1008.7,ward_02_manali,13.168,80.258,ECMWF_ERA5_Reanalysis
2014-04-20,34.5,23.5,28.4,39.3,28.2,32.7,0.0,14.8,31.0,138,25.93,1008.0,ward_02_manali,13.168,80.258,ECMWF_ERA5_Reanalysis
2014-04-21,34.3,23.4,28.3,38.1,28.1,32.2,0.0,17.1,32.4,154,26.04,1008.1,ward_02_manali,13.168,80.258,ECMWF_ERA5_Reanalysis
2014-04-22,33.9,23.6,28.4,38.5,28.9,32.8,0.0,14.5,29.2,116,25.38,1009.9,ward_02_manali,13.168,80.258,ECMWF_ERA5_Reanalysis
2014-04-23,34.4,24.1,28.9,38.9,29.2,33.3,0.0,13.4,27.4,133,23.68,1009.1,ward_02_manali,13.168,80.258,ECMWF_ERA5_Reanalysis
2014-04-24,35.7,25.0,29.8,40.4,29.6,34.0,0.0,18.4,34.2,172,26.14,1007.3,ward_02_manali,13.168,80.258,ECMWF_ERA5_Reanalysis
2014-04-25,36.8,26.7,30.7,41.4,31.7,35.1,0.0,20.4,38.9,172,25.98,1007.2,ward_02_manali,13.168,80.258,ECMWF_ERA5_Reanalysis
2014-04-26,36.6,27.4,30.9,41.4,32.2,35.3,0.0,21.5,39.6,173,24.85,1006.8,ward_02_manali,13.168,80.258,ECMWF_ERA5_Reanalysis
2014-04-27,35.5,27.3,30.6,40.1,32.5,35.0,0.0,21.5,39.2,167,24.93,1007.7,ward_02_manali,13.168,80.258,ECMWF_ERA5_Reanalysis
2014-04-28,35.7,27.7,30.6,40.4,32.6,35.1,0.0,18.4,36.7,167,24.74,1007.9,ward_02_manali,13.168,80.258,ECMWF_ERA5_Reanalysis
2014-04-29,35.4,26.7,30.3,40.0,31.8,34.6,0.0,23.8,41.0,166,24.78,1007.4,ward_02_manali,13.168,80.258,ECMWF_ERA5_Reanalysis
2014-04-30,34.7,27.6,30.5,40.2,32.7,35.2,0.0,17.3,32.0,157,21.65,1007.5,ward_02_manali,13.168,80.258,ECMWF_ERA5_Reanalysis
2014-05-01,35.6,27.5,30.9,40.0,32.6,35.1,0.0,22.6,40.7,169,24.98,1006.7,ward_02_manali,13.168,80.258,ECMWF_ERA5_Reanalysis
2014-05-02,35.2,28.1,30.8,39.3,33.3,35.0,0.0,21.6,40.7,167,23.17,1006.5,ward_02_manali,13.168,80.258,ECMWF_ERA5_Reanalysis
2014-05-03,35.1,27.6,30.4,39.7,32.6,34.9,0.6,23.9,42.8,161,23.75,1006.7,ward_02_manali,13.168,80.258,ECMWF_ERA5_Reanalysis
2014-05-04,33.1,27.3,29.4,38.1,32.0,34.1,0.7,24.6,41.8,142,22.02,1006.3,ward_02_manali,13.168,80.258,ECMWF_ERA5_Reanalysis
2014-05-05,29.9,25.9,27.8,35.2,30.4,32.5,8.8,17.4,33.5,130,12.56,1007.3,ward_02_manali,13.168,80.258,ECMWF_ERA5_Reanalysis
2014-05-06,30.0,25.1,27.6,34.2,29.6,32.1,15.6,18.1,35.3,120,14.97,1008.3,ward_02_manali,13.168,80.258,ECMWF_ERA5_Reanalysis
2014-05-07,29.6,25.6,27.4,34.3,29.6,32.0,12.3,17.4,33.5,152,12.75,1007.8,ward_02_manali,13.168,80.258,ECMWF_ERA5_Reanalysis
2014-05-08,31.4,25.3,27.9,35.9,29.1,31.8,3.9,22.2,42.8,177,19.38,1006.9,ward_02_manali,13.168,80.258,ECMWF_ERA5_Reanalysis
2014-05-09,32.6,25.5,28.7,36.3,28.8,32.4,7.3,25.6,49.0,188,20.75,1005.0,ward_02_manali,13.168,80.258,ECMWF_ERA5_Reanalysis
2014-05-10,34.3,27.5,30.2,41.1,31.9,34.7,0.1,22.3,37.4,193,22.37,1004.8,ward_02_manali,13.168,80.258,ECMWF_ERA5_Reanalysis
2014-05-11,35.5,27.7,31.0,43.8,33.0,36.5,0.0,18.8,32.0,185,23.9,1006.1,ward_02_manali,13.168,80.258,ECMWF_ERA5_Reanalysis
2014-05-12,36.6,28.1,31.5,43.1,33.1,36.7,0.0,19.6,29.9,184,25.69,1006.1,ward_02_manali,13.168,80.258,ECMWF_ERA5_Reanalysis
2014-05-13,36.9,28.6,31.6,43.0,33.5,36.5,0.0,22.0,34.6,183,23.87,1006.1,ward_02_manali,13.168,80.258,ECMWF_ERA5_Reanalysis
2014-05-14,38.0,28.3,32.0,43.0,31.4,36.0,0.0,18.9,35.3,179,23.17,1004.9,ward_02_manali,13.168,80.258,ECMWF_ERA5_Reanalysis
2014-05-15,38.5,28.0,32.2,42.7,33.2,36.5,0.0,16.6,32.4,180,25.4,1003.6,ward_02_manali,13.168,80.258,ECMWF_ERA5_Reanalysis
2014-05-16,38.3,27.2,32.2,42.1,32.6,36.1,0.0,16.6,32.4,129,24.31,1003.5,ward_02_manali,13.168,80.258,ECMWF_ERA5_Reanalysis
2014-05-17,36.8,27.3,31.5,42.8,33.4,36.9,0.0,15.7,31.3,148,24.39,1005.2,ward_02_manali,13.168,80.258,ECMWF_ERA5_Reanalysis
2014-05-18,35.7,27.1,30.7,41.6,33.7,36.5,0.0,15.9,32.4,131,24.8,1005.8,ward_02_manali,13.168,80.258,ECMWF_ERA5_Reanalysis
2014-05-19,36.4,27.2,30.8,40.6,32.9,35.3,0.0,20.7,38.2,170,26.11,1006.0,ward_02_manali,13.168,80.258,ECMWF_ERA5_Reanalysis
2014-05-20,36.8,27.1,31.0,42.0,33.2,36.4,0.2,18.1,34.6,175,24.78,1005.5,ward_02_manali,13.168,80.258,ECMWF_ERA5_Reanalysis
2014-05-21,37.6,28.0,31.9,43.6,31.4,36.0,0.0,21.9,39.2,201,25.05,1004.1,ward_02_manali,13.168,80.258,ECMWF_ERA5_Reanalysis
2014-05-22,39.4,29.2,33.3,45.7,31.9,37.0,2.0,19.1,35.3,223,25.41,1002.4,ward_02_manali,13.168,80.258,ECMWF_ERA5_Reanalysis
2014-05-23,40.0,30.0,33.6,45.7,32.0,36.9,0.0,22.9,37.4,203,23.93,1001.3,ward_02_manali,13.168,80.258,ECMWF_ERA5_Reanalysis
2014-05-24,39.1,29.9,33.3,45.4,32.7,37.1,0.0,21.4,39.2,176,23.71,1002.0,ward_02_manali,13.168,80.258,ECMWF_ERA5_Reanalysis
2014-05-25,39.9,29.8,33.1,44.0,33.5,36.8,0.2,21.5,39.2,169,23.63,1002.4,ward_02_manali,13.168,80.258,ECMWF_ERA5_Reanalysis
2014-05-26,37.5,29.4,32.4,43.5,32.5,36.4,0.1,19.8,37.4,175,24.75,1003.7,ward_02_manali,13.168,80.258,ECMWF_ERA5_Reanalysis
2014-05-27,37.2,28.8,32.0,42.7,33.3,36.5,0.0,21.5,39.6,173,24.53,1004.3,ward_02_manali,13.168,80.258,ECMWF_ERA5_Reanalysis
2014-05-28,36.4,28.9,31.6,42.3,34.0,36.3,0.0,22.6,42.5,173,24.89,1005.3,ward_02_manali,13.168,80.258,ECMWF_ERA5_Reanalysis
2014-05-29,37.0,28.7,31.7,42.6,32.5,35.8,0.0,22.0,38.5,173,23.63,1005.5,ward_02_manali,13.168,80.258,ECMWF_ERA5_Reanalysis
2014-05-30,38.1,28.9,32.2,43.3,32.9,36.5,0.0,20.4,38.5,172,25.26,1003.9,ward_02_manali,13.168,80.258,ECMWF_ERA5_Reanalysis
2014-05-31,38.4,28.1,32.4,44.8,33.6,37.4,0.0,19.4,36.4,166,25.9,1002.1,ward_02_manali,13.168,80.258,ECMWF_ERA5_Reanalysis
2014-06-01,37.7,28.8,32.7,43.9,33.4,37.5,0.0,19.6,37.4,167,25.68,1002.0,ward_02_manali,13.168,80.258,ECMWF_ERA5_Reanalysis
2014-06-02,36.8,28.3,31.9,42.8,31.6,36.7,0.6,23.6,38.2,170,23.48,1002.9,ward_02_manali,13.168,80.258,ECMWF_ERA5_Reanalysis
2014-06-03,36.1,27.1,30.2,43.3,31.5,35.7,10.4,17.8,39.6,264,23.27,1002.6,ward_02_manali,13.168,80.258,ECMWF_ERA5_Reanalysis
2014-06-04,35.4,28.0,31.2,42.4,33.3,36.4,0.0,19.2,31.0,183,24.01,1002.0,ward_02_manali,13.168,80.258,ECMWF_ERA5_Reanalysis
2014-06-05,36.2,28.5,31.8,42.9,33.2,37.1,0.0,22.9,32.0,183,22.94,1001.1,ward_02_manali,13.168,80.258,ECMWF_ERA5_Reanalysis
2014-06-06,37.1,28.0,31.9,44.4,32.1,36.7,3.6,28.9,37.4,220,23.37,1000.4,ward_02_manali,13.168,80.258,ECMWF_ERA5_Reanalysis
2014-06-07,37.9,29.0,32.8,45.8,32.2,37.4,0.0,20.6,43.2,210,23.19,998.9,ward_02_manali,13.168,80.258,ECMWF_ERA5_Reanalysis
2014-06-08,38.7,27.9,33.4,45.0,33.5,37.2,4.9,18.7,30.6,226,21.82,998.6,ward_02_manali,13.168,80.258,ECMWF_ERA5_Reanalysis
2014-06-09,34.4,27.7,29.9,37.8,33.0,34.4,7.7,21.8,34.2,233,10.56,1001.1,ward_02_manali,13.168,80.258,ECMWF_ERA5_Reanalysis
2014-06-10,36.9,29.2,32.2,41.8,31.2,35.7,1.7,22.7,37.8,211,24.44,1000.8,ward_02_manali,13.168,80.258,ECMWF_ERA5_Reanalysis
2014-06-11,37.8,28.7,32.7,44.6,31.1,36.3,1.5,23.4,38.5,246,24.09,1001.0,ward_02_manali,13.168,80.258,ECMWF_ERA5_Reanalysis
2014-06-12,38.1,28.6,32.9,44.9,32.1,36.3,1.2,18.4,34.6,247,24.04,1001.0,ward_02_manali,13.168,80.258,ECMWF_ERA5_Reanalysis
2014-06-13,36.3,29.5,32.5,40.3,31.9,35.2,0.2,22.3,37.8,252,19.39,1001.5,ward_02_manali,13.168,80.258,ECMWF_ERA5_Reanalysis
2014-06-14,36.5,30.1,32.4,40.0,32.6,35.5,0.0,16.9,30.2,267,17.09,1003.1,ward_02_manali,13.168,80.258,ECMWF_ERA5_Reanalysis
2014-06-15,37.1,30.1,33.2,39.9,32.2,35.8,0.0,19.4,38.2,264,22.65,1003.3,ward_02_manali,13.168,80.258,ECMWF_ERA5_Reanalysis
2014-06-16,38.5,30.0,33.8,42.8,31.6,36.4,0.0,20.9,38.2,237,23.35,1002.4,ward_02_manali,13.168,80.258,ECMWF_ERA5_Reanalysis
2014-06-17,39.3,30.1,33.0,44.8,31.1,35.8,2.1,21.1,41.0,255,21.74,1001.6,ward_02_manali,13.168,80.258,ECMWF_ERA5_Reanalysis
2014-06-18,37.2,29.9,33.6,40.3,31.5,35.5,0.1,19.5,37.1,255,20.61,1001.7,ward_02_manali,13.168,80.258,ECMWF_ERA5_Reanalysis
2014-06-19,37.6,29.9,33.8,41.1,31.9,35.3,0.0,21.1,38.9,239,21.76,1001.5,ward_02_manali,13.168,80.258,ECMWF_ERA5_Reanalysis
2014-06-20,37.8,29.7,33.2,42.1,31.1,35.2,0.0,23.5,40.0,229,20.98,1002.1,ward_02_manali,13.168,80.258,ECMWF_ERA5_Reanalysis
2014-06-21,38.0,30.1,33.5,42.7,31.5,36.0,0.1,20.1,37.4,234,21.22,1004.0,ward_02_manali,13.168,80.258,ECMWF_ERA5_Reanalysis
2014-06-22,37.5,29.9,33.6,42.2,31.7,35.7,0.0,19.6,34.2,229,20.81,1005.2,ward_02_manali,13.168,80.258,ECMWF_ERA5_Reanalysis
2014-06-23,38.4,30.4,33.9,41.6,31.6,36.0,0.0,21.6,40.0,253,23.15,1004.1,ward_02_manali,13.168,80.258,ECMWF_ERA5_Reanalysis
2014-06-24,38.8,29.8,33.4,43.0,31.2,35.7,0.0,20.2,37.8,228,22.8,1001.6,ward_02_manali,13.168,80.258,ECMWF_ERA5_Reanalysis
2014-06-25,38.9,29.8,33.4,43.6,32.2,36.2,0.0,19.5,34.9,209,22.38,1001.6,ward_02_manali,13.168,80.258,ECMWF_ERA5_Reanalysis
2014-06-26,37.6,30.1,33.3,39.9,32.6,35.7,0.0,18.8,32.8,231,19.54,1003.7,ward_02_manali,13.168,80.258,ECMWF_ERA5_Reanalysis
2014-06-27,37.3,29.3,32.2,42.6,32.1,36.1,1.6,19.8,33.8,185,21.23,1005.3,ward_02_manali,13.168,80.258,ECMWF_ERA5_Reanalysis
2014-06-28,36.1,28.8,31.5,41.7,33.1,36.0,2.3,18.0,32.4,196,19.06,1005.6,ward_02_manali,13.168,80.258,ECMWF_ERA5_Reanalysis
2014-06-29,37.0,27.7,31.5,43.6,32.1,36.3,6.9,16.4,31.3,224,23.71,1004.4,ward_02_manali,13.168,80.258,ECMWF_ERA5_Reanalysis
2014-06-30,35.6,26.5,30.3,40.8,31.2,34.6,7.1,24.8,37.8,209,16.98,1003.9,ward_02_manali,13.168,80.258,ECMWF_ERA5_Reanalysis
2014-07-01,35.9,28.3,31.6,41.8,30.9,35.6,0.0,23.9,44.3,222,21.36,1004.3,ward_02_manali,13.168,80.258,ECMWF_ERA5_Reanalysis
2014-07-02,35.9,28.6,31.7,41.2,30.9,35.1,0.0,21.3,37.1,238,18.91,1004.2,ward_02_manali,13.168,80.258,ECMWF_ERA5_Reanalysis
2014-07-03,36.7,29.6,32.6,40.9,31.5,35.5,0.0,20.5,35.3,234,22.19,1002.3,ward_02_manali,13.168,80.258,ECMWF_ERA5_Reanalysis
2014-07-04,36.7,28.5,32.3,42.1,31.3,35.5,0.6,18.8,32.0,222,22.44,1001.5,ward_02_manali,13.168,80.258,ECMWF_ERA5_Reanalysis
2014-07-05,36.5,26.8,31.4,42.2,31.5,35.3,4.1,20.2,35.3,219,20.4,1002.1,ward_02_manali,13.168,80.258,ECMWF_ERA5_Reanalysis
2014-07-06,34.0,27.6,29.6,39.0,32.2,34.5,3.8,16.6,31.0,253,19.44,1004.4,ward_02_manali,13.168,80.258,ECMWF_ERA5_Reanalysis
2014-07-07,33.3,26.4,29.2,39.3,31.1,33.8,8.5,14.3,29.9,216,19.57,1004.3,ward_02_manali,13.168,80.258,ECMWF_ERA5_Reanalysis
2014-07-08,33.7,26.4,29.4,37.0,30.2,33.4,8.8,15.3,32.4,247,18.77,1003.1,ward_02_manali,13.168,80.258,ECMWF_ERA5_Reanalysis
2014-07-09,31.9,26.2,28.3,35.9,30.5,32.3,7.4,15.8,36.7,235,11.57,1003.1,ward_02_manali,13.168,80.258,ECMWF_ERA5_Reanalysis
2014-07-10,30.2,26.1,28.2,33.3,29.7,31.2,3.0,21.7,40.3,246,8.11,1004.2,ward_02_manali,13.168,80.258,ECMWF_ERA5_Reanalysis
2014-07-11,31.2,26.7,29.0,35.1,29.0,31.3,0.0,20.8,33.1,247,6.46,1004.6,ward_02_manali,13.168,80.258,ECMWF_ERA5_Reanalysis
2014-07-12,33.9,27.6,30.4,36.1,29.2,32.1,0.0,19.9,39.2,253,14.39,1002.9,ward_02_manali,13.168,80.258,ECMWF_ERA5_Reanalysis
2014-07-13,33.9,28.1,30.5,36.8,30.3,32.8,0.0,26.3,52.6,261,16.37,1002.2,ward_02_manali,13.168,80.258,ECMWF_ERA5_Reanalysis
2014-07-14,32.0,28.2,30.2,35.3,30.4,32.5,0.0,21.7,37.4,241,6.53,1001.6,ward_02_manali,13.168,80.258,ECMWF_ERA5_Reanalysis
2014-07-15,33.1,28.1,30.1,35.2,30.0,32.2,0.1,20.1,40.7,245,12.58,1002.3,ward_02_manali,13.168,80.258,ECMWF_ERA5_Reanalysis
2014-07-16,35.9,28.0,31.0,39.0,29.9,33.3,0.8,21.2,37.8,221,18.16,1003.3,ward_02_manali,13.168,80.258,ECMWF_ERA5_Reanalysis
2014-07-17,36.4,27.9,31.9,40.0,29.4,33.7,0.0,19.7,41.0,229,22.13,1003.3,ward_02_manali,13.168,80.258,ECMWF_ERA5_Reanalysis
2014-07-18,36.1,28.4,31.6,40.9,30.1,33.7,0.1,19.7,34.2,228,21.2,1003.2,ward_02_manali,13.168,80.258,ECMWF_ERA5_Reanalysis
2014-07-19,35.1,29.0,31.4,37.1,30.4,33.0,0.4,20.0,42.8,244,14.93,1003.7,ward_02_manali,13.168,80.258,ECMWF_ERA5_Reanalysis
2014-07-20,35.2,29.1,32.1,35.7,30.6,32.9,0.0,27.4,47.9,258,12.36,1003.9,ward_02_manali,13.168,80.258,ECMWF_ERA5_Reanalysis
2014-07-21,36.6,28.6,32.2,38.0,29.7,33.1,0.0,24.0,45.4,254,15.08,1003.0,ward_02_manali,13.168,80.258,ECMWF_ERA5_Reanalysis
2014-07-22,35.9,28.3,31.8,37.5,29.2,33.0,1.1,22.9,49.0,253,16.3,1003.2,ward_02_manali,13.168,80.258,ECMWF_ERA5_Reanalysis
2014-07-23,37.1,28.2,31.5,37.3,29.3,32.4,0.5,26.1,50.0,255,18.24,1003.5,ward_02_manali,13.168,80.258,ECMWF_ERA5_Reanalysis
2014-07-24,36.0,28.9,31.6,38.8,30.5,33.7,0.0,18.8,37.8,247,14.93,1004.7,ward_02_manali,13.168,80.258,ECMWF_ERA5_Reanalysis
2014-07-25,37.0,28.6,32.4,40.5,29.6,34.4,0.8,20.9,37.4,272,21.5,1005.2,ward_02_manali,13.168,80.258,ECMWF_ERA5_Reanalysis
2014-07-26,35.1,28.4,31.6,38.4,30.2,34.0,0.0,17.7,30.2,254,16.81,1005.6,ward_02_manali,13.168,80.258,ECMWF_ERA5_Reanalysis
2014-07-27,34.6,25.8,30.6,36.8,30.6,33.4,2.1,16.2,36.0,272,12.95,1005.6,ward_02_manali,13.168,80.258,ECMWF_ERA5_Reanalysis
2014-07-28,32.8,26.5,29.6,35.4,29.8,32.2,0.7,14.7,28.4,240,7.44,1004.2,ward_02_manali,13.168,80.258,ECMWF_ERA5_Reanalysis
2014-07-29,34.8,28.4,31.1,37.7,30.5,33.7,0.3,16.9,29.5,255,13.44,1003.6,ward_02_manali,13.168,80.258,ECMWF_ERA5_Reanalysis
2014-07-30,34.8,29.0,31.4,37.0,30.0,33.4,0.0,19.6,33.5,255,10.08,1003.8,ward_02_manali,13.168,80.258,ECMWF_ERA5_Reanalysis
2014-07-31,36.8,28.9,31.6,38.6,30.9,33.8,0.0,19.9,42.1,239,16.19,1003.5,ward_02_manali,13.168,80.258,ECMWF_ERA5_Reanalysis
2014-08-01,35.8,28.9,31.5,39.6,31.1,34.2,1.6,18.9,37.4,221,18.0,1003.6,ward_02_manali,13.168,80.258,ECMWF_ERA5_Reanalysis
2014-08-02,33.5,27.2,30.2,36.2,29.8,32.5,2.4,20.2,42.8,240,12.65,1004.3,ward_02_manali,13.168,80.258,ECMWF_ERA5_Reanalysis
2014-08-03,35.5,28.5,31.7,38.5,30.5,33.8,0.1,17.7,33.5,240,14.66,1003.3,ward_02_manali,13.168,80.258,ECMWF_ERA5_Reanalysis
2014-08-04,37.4,28.5,32.4,39.5,30.2,34.2,0.4,23.1,40.7,254,19.23,1002.0,ward_02_manali,13.168,80.258,ECMWF_ERA5_Reanalysis
2014-08-05,35.9,28.2,31.6,38.6,30.8,33.8,0.7,21.3,38.2,246,15.3,1003.2,ward_02_manali,13.168,80.258,ECMWF_ERA5_Reanalysis
2014-08-06,35.9,27.7,31.1,39.2,29.9,33.4,0.5,20.5,36.0,225,16.43,1004.3,ward_02_manali,13.168,80.258,ECMWF_ERA5_Reanalysis
2014-08-07,34.0,27.3,30.7,36.3,30.4,32.9,2.5,22.1,36.0,224,14.36,1004.3,ward_02_manali,13.168,80.258,ECMWF_ERA5_Reanalysis
2014-08-08,35.0,26.4,29.3,37.9,30.1,32.7,8.3,19.6,32.4,215,13.98,1004.6,ward_02_manali,13.168,80.258,ECMWF_ERA5_Reanalysis
2014-08-09,31.0,25.2,27.5,34.6,29.1,31.1,10.9,21.6,32.8,214,8.78,1005.9,ward_02_manali,13.168,80.258,ECMWF_ERA5_Reanalysis
2014-08-10,32.8,24.6,27.7,36.6,28.1,31.2,7.4,19.6,34.9,207,12.65,1006.3,ward_02_manali,13.168,80.258,ECMWF_ERA5_Reanalysis
2014-08-11,33.1,25.3,28.2,38.9,29.2,32.3,7.5,17.6,32.8,201,18.82,1005.4,ward_02_manali,13.168,80.258,ECMWF_ERA5_Reanalysis
2014-08-12,32.3,24.8,28.0,37.5,28.8,32.0,19.2,19.1,29.9,214,15.86,1005.2,ward_02_manali,13.168,80.258,ECMWF_ERA5_Reanalysis
2014-08-13,31.9,26.8,29.1,35.3,29.5,31.9,0.0,19.6,34.6,255,17.27,1005.7,ward_02_manali,13.168,80.258,ECMWF_ERA5_Reanalysis
2014-08-14,33.1,26.8,29.6,38.9,29.3,32.9,1.0,24.3,33.5,224,20.29,1006.2,ward_02_manali,13.168,80.258,ECMWF_ERA5_Reanalysis
2014-08-15,33.7,26.2,29.3,40.3,29.6,33.3,5.2,20.6,37.8,219,20.48,1006.6,ward_02_manali,13.168,80.258,ECMWF_ERA5_Reanalysis
2014-08-16,32.5,25.9,28.7,38.1,29.6,33.0,1.3,16.9,28.1,215,19.68,1007.2,ward_02_manali,13.168,80.258,ECMWF_ERA5_Reanalysis
2014-08-17,32.9,26.0,28.9,38.4,29.7,33.2,5.1,19.1,28.4,190,21.1,1006.5,ward_02_manali,13.168,80.258,ECMWF_ERA5_Reanalysis
2014-08-18,31.9,25.6,28.5,39.0,30.1,33.3,0.8,17.4,30.2,194,20.82,1007.1,ward_02_manali,13.168,80.258,ECMWF_ERA5_Reanalysis
2014-08-19,32.1,25.2,28.1,37.9,29.0,32.6,11.4,18.6,33.5,187,22.18,1007.5,ward_02_manali,13.168,80.258,ECMWF_ERA5_Reanalysis
2014-08-20,32.0,26.5,28.7,37.3,31.1,33.2,0.4,19.0,33.1,179,22.46,1006.1,ward_02_manali,13.168,80.258,ECMWF_ERA5_Reanalysis
2014-08-21,31.3,26.3,28.5,36.4,31.1,32.9,0.1,19.8,34.6,173,21.91,1004.2,ward_02_manali,13.168,80.258,ECMWF_ERA5_Reanalysis
2014-08-22,31.0,26.1,28.4,36.8,30.6,32.7,1.2,19.1,35.6,151,21.81,1004.3,ward_02_manali,13.168,80.258,ECMWF_ERA5_Reanalysis
2014-08-23,31.0,25.5,27.8,37.3,29.9,32.3,3.1,17.8,32.0,162,20.12,1005.3,ward_02_manali,13.168,80.258,ECMWF_ERA5_Reanalysis
2014-08-24,32.7,26.5,29.0,38.3,31.0,33.6,1.8,19.7,31.0,188,20.12,1005.6,ward_02_manali,13.168,80.258,ECMWF_ERA5_Reanalysis
2014-08-25,32.0,25.5,28.5,36.9,30.3,33.0,13.1,17.0,26.6,207,15.25,1006.5,ward_02_manali,13.168,80.258,ECMWF_ERA5_Reanalysis
2014-08-26,31.5,25.6,28.3,35.7,30.7,33.1,3.7,12.5,23.8,208,11.87,1006.3,ward_02_manali,13.168,80.258,ECMWF_ERA5_Reanalysis
2014-08-27,29.7,26.4,27.9,33.2,29.1,31.3,0.8,15.6,34.2,265,9.13,1004.9,ward_02_manali,13.168,80.258,ECMWF_ERA5_Reanalysis
2014-08-28,30.6,25.4,27.5,32.9,27.6,30.2,0.8,21.6,41.4,249,10.92,1003.7,ward_02_manali,13.168,80.258,ECMWF_ERA5_Reanalysis
2014-08-29,32.5,26.6,29.0,34.7,27.6,30.9,0.0,21.1,43.9,226,15.63,1002.0,ward_02_manali,13.168,80.258,ECMWF_ERA5_Reanalysis
2014-08-30,33.6,27.7,29.8,36.9,29.1,31.8,0.2,25.0,50.4,218,18.07,1001.9,ward_02_manali,13.168,80.258,ECMWF_ERA5_Reanalysis
2014-08-31,35.0,27.7,30.2,37.1,28.9,32.3,2.1,26.3,47.2,222,17.51,1000.9,ward_02_manali,13.168,80.258,ECMWF_ERA5_Reanalysis
2014-09-01,33.8,27.5,29.9,36.1,29.5,32.0,0.0,21.4,40.0,227,13.66,1001.7,ward_02_manali,13.168,80.258,ECMWF_ERA5_Reanalysis
2014-09-02,33.7,25.8,29.4,37.7,30.2,32.8,2.6,22.0,36.4,205,17.17,1004.0,ward_02_manali,13.168,80.258,ECMWF_ERA5_Reanalysis
2014-09-03,32.6,25.9,28.9,36.2,30.2,32.5,9.8,17.4,30.6,195,15.53,1006.4,ward_02_manali,13.168,80.258,ECMWF_ERA5_Reanalysis
2014-09-04,29.9,25.3,27.3,33.2,30.1,31.5,7.6,19.5,34.2,197,10.31,1007.2,ward_02_manali,13.168,80.258,ECMWF_ERA5_Reanalysis
2014-09-05,32.3,25.9,28.5,36.7,29.9,32.6,2.8,18.0,30.2,210,15.69,1006.2,ward_02_manali,13.168,80.258,ECMWF_ERA5_Reanalysis
2014-09-06,32.6,26.7,29.1,36.1,28.6,32.1,0.6,17.3,33.8,240,13.59,1004.8,ward_02_manali,13.168,80.258,ECMWF_ERA5_Reanalysis
2014-09-07,32.7,26.1,28.4,36.7,29.2,31.8,2.7,16.9,41.0,217,15.41,1005.1,ward_02_manali,13.168,80.258,ECMWF_ERA5_Reanalysis
2014-09-08,33.9,26.1,29.3,38.0,28.6,32.8,0.0,18.4,31.7,210,23.23,1006.1,ward_02_manali,13.168,80.258,ECMWF_ERA5_Reanalysis
2014-09-09,34.2,26.6,29.5,40.1,28.6,33.0,0.0,19.1,34.6,225,23.33,1006.8,ward_02_manali,13.168,80.258,ECMWF_ERA5_Reanalysis
2014-09-10,34.3,26.6,29.8,38.9,29.3,33.3,0.0,18.9,29.9,222,23.22,1006.2,ward_02_manali,13.168,80.258,ECMWF_ERA5_Reanalysis
2014-09-11,34.4,26.3,30.0,39.3,30.8,34.0,0.0,15.7,28.1,151,24.23,1007.0,ward_02_manali,13.168,80.258,ECMWF_ERA5_Reanalysis
2014-09-12,34.6,27.4,29.9,40.6,30.8,34.2,2.6,15.6,31.0,199,22.81,1007.6,ward_02_manali,13.168,80.258,ECMWF_ERA5_Reanalysis
2014-09-13,33.0,26.2,28.6,38.2,31.3,33.6,4.4,13.4,32.4,194,18.65,1007.1,ward_02_manali,13.168,80.258,ECMWF_ERA5_Reanalysis
2014-09-14,33.3,26.4,29.3,38.2,29.7,33.3,4.9,22.4,29.2,200,20.73,1005.8,ward_02_manali,13.168,80.258,ECMWF_ERA5_Reanalysis
2014-09-15,33.7,25.7,28.4,39.8,29.3,33.2,15.6,16.6,30.6,237,19.95,1004.6,ward_02_manali,13.168,80.258,ECMWF_ERA5_Reanalysis
2014-09-16,30.8,25.6,27.7,34.4,29.5,31.4,7.3,19.1,34.2,256,11.19,1003.3,ward_02_manali,13.168,80.258,ECMWF_ERA5_Reanalysis
2014-09-17,32.8,27.1,28.4,37.0,29.3,32.0,1.1,17.3,37.1,266,14.7,1002.9,ward_02_manali,13.168,80.258,ECMWF_ERA5_Reanalysis
2014-09-18,27.8,25.3,26.3,32.0,28.0,29.6,15.0,18.4,31.3,260,4.72,1004.6,ward_02_manali,13.168,80.258,ECMWF_ERA5_Reanalysis
2014-09-19,33.4,26.1,28.6,39.6,28.5,32.6,1.4,17.0,34.2,242,19.19,1004.8,ward_02_manali,13.168,80.258,ECMWF_ERA5_Reanalysis
2014-09-20,32.9,26.7,28.8,38.9,29.8,33.3,2.9,16.2,32.0,252,20.17,1004.4,ward_02_manali,13.168,80.258,ECMWF_ERA5_Reanalysis
2014-09-21,32.6,26.5,29.1,39.4,30.6,34.0,0.9,13.7,29.5,198,20.49,1005.5,ward_02_manali,13.168,80.258,ECMWF_ERA5_Reanalysis
2014-09-22,32.1,25.4,28.7,39.3,28.8,33.6,6.4,19.1,28.8,195,21.74,1006.8,ward_02_manali,13.168,80.258,ECMWF_ERA5_Reanalysis
2014-09-23,32.5,26.0,29.0,39.9,30.4,34.3,0.6,14.6,24.5,188,23.23,1006.3,ward_02_manali,13.168,80.258,ECMWF_ERA5_Reanalysis
2014-09-24,32.0,26.1,28.8,38.3,30.9,34.0,0.1,14.5,24.5,180,21.77,1006.8,ward_02_manali,13.168,80.258,ECMWF_ERA5_Reanalysis
2014-09-25,31.4,26.4,28.4,37.7,31.6,33.5,0.3,14.9,29.5,153,20.33,1007.9,ward_02_manali,13.168,80.258,ECMWF_ERA5_Reanalysis
2014-09-26,31.0,25.6,28.0,37.2,31.2,33.2,1.0,14.8,28.4,118,20.82,1009.2,ward_02_manali,13.168,80.258,ECMWF_ERA5_Reanalysis
2014-09-27,30.5,25.3,27.7,36.6,31.0,32.9,0.5,15.5,30.2,107,18.96,1009.9,ward_02_manali,13.168,80.258,ECMWF_ERA5_Reanalysis
2014-09-28,30.8,25.6,27.8,36.6,31.1,32.9,3.7,16.0,29.2,114,20.31,1010.1,ward_02_manali,13.168,80.258,ECMWF_ERA5_Reanalysis
2014-09-29,31.1,25.6,28.2,36.5,31.8,33.4,0.7,13.3,28.8,112,20.83,1010.0,ward_02_manali,13.168,80.258,ECMWF_ERA5_Reanalysis
2014-09-30,31.4,25.6,28.2,37.0,31.8,33.6,0.4,15.9,30.2,113,21.86,1009.6,ward_02_manali,13.168,80.258,ECMWF_ERA5_Reanalysis
2014-10-01,31.7,24.8,27.9,37.4,30.6,33.1,0.1,15.6,31.0,82,21.93,1009.7,ward_02_manali,13.168,80.258,ECMWF_ERA5_Reanalysis
2014-10-02,32.0,23.1,27.6,37.4,27.9,32.2,0.0,13.7,29.2,97,23.62,1009.5,ward_02_manali,13.168,80.258,ECMWF_ERA5_Reanalysis
2014-10-03,31.5,24.2,28.0,36.7,29.1,32.5,0.0,13.5,26.3,141,22.09,1008.9,ward_02_manali,13.168,80.258,ECMWF_ERA5_Reanalysis
2014-10-04,33.0,24.1,28.4,38.6,28.8,32.8,0.0,15.5,32.8,127,22.53,1009.0,ward_02_manali,13.168,80.258,ECMWF_ERA5_Reanalysis
2014-10-05,33.6,24.7,29.0,39.2,29.5,33.6,0.0,17.3,31.7,145,22.58,1009.2,ward_02_manali,13.168,80.258,ECMWF_ERA5_Reanalysis
2014-10-06,34.2,25.1,29.4,39.2,28.7,34.0,8.2,16.8,34.9,98,22.09,1008.5,ward_02_manali,13.168,80.258,ECMWF_ERA5_Reanalysis
2014-10-07,30.9,24.6,27.6,36.5,29.4,32.5,1.2,12.1,27.7,51,19.9,1007.5,ward_02_manali,13.168,80.258,ECMWF_ERA5_Reanalysis
2014-10-08,31.6,24.7,27.9,37.2,28.3,32.4,1.0,13.1,28.4,20,20.48,1007.1,ward_02_manali,13.168,80.258,ECMWF_ERA5_Reanalysis
2014-10-09,31.9,25.5,28.4,36.8,30.6,33.5,0.0,13.4,27.4,30,19.21,1006.9,ward_02_manali,13.168,80.258,ECMWF_ERA5_Reanalysis
2014-10-10,32.9,25.6,29.2,37.2,30.9,33.8,0.9,18.7,32.8,223,15.61,1005.2,ward_02_manali,13.168,80.258,ECMWF_ERA5_Reanalysis
2014-10-11,33.9,27.1,30.4,37.8,30.5,33.7,0.0,17.2,33.8,252,13.53,1003.0,ward_02_manali,13.168,80.258,ECMWF_ERA5_Reanalysis
2014-10-12,34.4,28.3,31.0,37.9,31.1,33.8,0.0,19.0,35.3,235,14.34,1002.4,ward_02_manali,13.168,80.258,ECMWF_ERA5_Reanalysis
2014-10-13,36.0,26.1,30.2,40.0,28.8,33.3,0.0,23.1,37.4,189,22.42,1004.4,ward_02_manali,13.168,80.258,ECMWF_ERA5_Reanalysis
2014-10-14,34.0,26.5,29.7,39.0,30.7,33.9,0.1,20.7,35.3,158,22.33,1007.7,ward_02_manali,13.168,80.258,ECMWF_ERA5_Reanalysis
2014-10-15,31.1,25.5,28.2,35.9,29.9,32.5,5.9,18.4,33.5,89,18.22,1010.4,ward_02_manali,13.168,80.258,ECMWF_ERA5_Reanalysis
2014-10-16,30.7,24.9,27.4,35.1,29.6,31.9,2.5,15.6,31.7,73,17.96,1010.3,ward_02_manali,13.168,80.258,ECMWF_ERA5_Reanalysis
2014-10-17,28.7,25.0,26.3,33.1,29.4,30.9,16.8,15.5,35.6,80,11.48,1010.6,ward_02_manali,13.168,80.258,ECMWF_ERA5_Reanalysis
2014-10-18,27.2,24.5,25.9,31.7,28.8,30.4,16.7,13.6,29.9,72,7.67,1010.3,ward_02_manali,13.168,80.258,ECMWF_ERA5_Reanalysis
2014-10-19,26.0,24.4,25.3,31.7,28.9,30.0,22.2,13.8,27.0,58,5.21,1009.8,ward_02_manali,13.168,80.258,ECMWF_ERA5_Reanalysis
2014-10-20,27.1,24.5,25.5,32.3,29.2,30.5,10.8,15.7,28.1,65,8.07,1010.2,ward_02_manali,13.168,80.258,ECMWF_ERA5_Reanalysis
2014-10-21,28.8,24.6,26.2,33.9,29.3,31.1,5.9,14.3,32.8,69,15.71,1011.4,ward_02_manali,13.168,80.258,ECMWF_ERA5_Reanalysis
2014-10-22,29.0,24.7,26.6,33.4,29.1,30.7,2.0,18.4,36.0,53,17.22,1011.8,ward_02_manali,13.168,80.258,ECMWF_ERA5_Reanalysis
2014-10-23,27.5,24.5,25.8,31.7,29.2,30.4,10.9,12.7,29.5,65,12.38,1011.3,ward_02_manali,13.168,80.258,ECMWF_ERA5_Reanalysis
2014-10-24,29.0,24.2,25.9,34.7,29.0,31.0,11.3,13.1,24.8,92,14.78,1010.4,ward_02_manali,13.168,80.258,ECMWF_ERA5_Reanalysis
2014-10-25,29.4,24.1,26.4,36.1,29.2,31.4,9.0,13.6,29.2,145,17.59,1010.1,ward_02_manali,13.168,80.258,ECMWF_ERA5_Reanalysis
2014-10-26,28.6,24.2,26.2,35.0,29.2,31.0,5.2,10.9,23.0,125,12.35,1011.7,ward_02_manali,13.168,80.258,ECMWF_ERA5_Reanalysis
2014-10-27,29.6,24.1,26.1,36.3,29.2,31.3,16.6,10.2,27.0,19,16.31,1011.6,ward_02_manali,13.168,80.258,ECMWF_ERA5_Reanalysis
2014-10-28,29.3,24.1,26.7,33.8,28.1,30.7,2.1,15.7,27.7,3,16.74,1010.4,ward_02_manali,13.168,80.258,ECMWF_ERA5_Reanalysis
2014-10-29,28.8,25.1,26.7,31.4,28.7,29.8,2.8,24.1,41.8,14,16.73,1010.3,ward_02_manali,13.168,80.258,ECMWF_ERA5_Reanalysis
2014-10-30,29.7,25.0,27.0,31.9,27.7,29.2,0.0,25.1,44.6,14,20.65,1009.8,ward_02_manali,13.168,80.258,ECMWF_ERA5_Reanalysis
2014-10-31,27.7,24.3,25.7,29.8,26.7,27.9,16.4,26.3,44.6,2,12.07,1009.5,ward_02_manali,13.168,80.258,ECMWF_ERA5_Reanalysis
2014-11-01,27.1,21.5,24.3,29.9,22.0,26.4,31.8,23.8,39.6,357,7.82,1009.2,ward_02_manali,13.168,80.258,ECMWF_ERA5_Reanalysis
2014-11-02,27.2,24.1,25.4,31.0,27.5,29.3,70.3,19.5,34.6,27,10.09,1010.2,ward_02_manali,13.168,80.258,ECMWF_ERA5_Reanalysis
2014-11-03,28.5,24.7,26.5,31.5,28.4,29.9,5.8,19.3,36.7,20,9.51,1010.2,ward_02_manali,13.168,80.258,ECMWF_ERA5_Reanalysis
2014-11-04,29.7,23.7,26.4,32.9,27.7,30.1,0.2,18.1,33.1,356,14.97,1009.5,ward_02_manali,13.168,80.258,ECMWF_ERA5_Reanalysis
2014-11-05,30.3,22.8,25.9,32.3,26.2,28.8,0.0,15.6,28.4,328,15.91,1010.1,ward_02_manali,13.168,80.258,ECMWF_ERA5_Reanalysis
2014-11-06,31.2,21.6,26.0,33.5,23.0,28.1,0.0,19.5,33.8,350,21.27,1009.2,ward_02_manali,13.168,80.258,ECMWF_ERA5_Reanalysis
2014-11-07,30.8,21.3,26.0,33.7,23.0,28.5,0.0,17.1,32.4,354,19.35,1009.0,ward_02_manali,13.168,80.258,ECMWF_ERA5_Reanalysis
2014-11-08,30.1,22.9,26.2,33.1,26.8,29.4,0.5,13.5,28.1,6,15.43,1009.5,ward_02_manali,13.168,80.258,ECMWF_ERA5_Reanalysis
2014-11-09,30.1,24.1,26.0,33.7,27.0,29.3,3.4,13.9,30.2,329,13.95,1010.1,ward_02_manali,13.168,80.258,ECMWF_ERA5_Reanalysis
2014-11-10,29.5,23.0,26.2,33.7,26.5,30.0,0.0,13.0,24.1,28,17.44,1010.1,ward_02_manali,13.168,80.258,ECMWF_ERA5_Reanalysis
2014-11-11,29.7,23.8,26.6,34.2,28.8,30.9,0.5,18.0,33.5,58,18.06,1009.9,ward_02_manali,13.168,80.258,ECMWF_ERA5_Reanalysis
2014-11-12,25.8,24.3,25.0,30.0,27.0,28.4,39.3,22.6,41.0,58,5.95,1009.7,ward_02_manali,13.168,80.258,ECMWF_ERA5_Reanalysis
2014-11-13,26.2,23.9,25.0,29.8,27.1,28.7,40.9,18.0,37.8,104,6.44,1010.9,ward_02_manali,13.168,80.258,ECMWF_ERA5_Reanalysis
2014-11-14,28.1,24.1,25.8,33.4,28.2,30.3,6.5,14.6,30.6,81,15.08,1012.3,ward_02_manali,13.168,80.258,ECMWF_ERA5_Reanalysis
2014-11-15,28.7,24.1,25.9,34.3,28.0,30.2,0.9,16.5,32.0,31,15.56,1011.7,ward_02_manali,13.168,80.258,ECMWF_ERA5_Reanalysis
2014-11-16,28.3,23.9,25.9,31.8,27.0,29.0,1.3,17.5,32.4,35,16.9,1011.3,ward_02_manali,13.168,80.258,ECMWF_ERA5_Reanalysis
2014-11-17,28.5,23.6,25.8,31.8,27.2,28.8,0.0,18.4,34.2,37,19.08,1011.7,ward_02_manali,13.168,80.258,ECMWF_ERA5_Reanalysis
2014-11-18,28.7,24.4,26.4,31.7,27.0,29.1,0.0,20.9,36.7,42,18.0,1012.6,ward_02_manali,13.168,80.258,ECMWF_ERA5_Reanalysis
2014-11-19,28.9,24.6,26.3,32.3,27.4,29.0,0.0,18.4,33.1,38,19.23,1012.6,ward_02_manali,13.168,80.258,ECMWF_ERA5_Reanalysis
2014-11-20,28.7,23.5,26.0,31.5,26.7,28.4,0.0,20.4,36.7,38,18.73,1011.6,ward_02_manali,13.168,80.258,ECMWF_ERA5_Reanalysis
2014-11-21,28.8,23.0,25.8,31.8,25.8,28.5,0.0,17.9,33.5,31,18.0,1011.6,ward_02_manali,13.168,80.258,ECMWF_ERA5_Reanalysis
2014-11-22,27.8,23.6,25.7,31.2,26.6,28.8,0.3,18.0,33.1,29,14.77,1011.0,ward_02_manali,13.168,80.258,ECMWF_ERA5_Reanalysis
2014-11-23,28.5,22.9,25.4,31.5,26.3,28.1,0.0,16.6,31.0,39,18.2,1011.2,ward_02_manali,13.168,80.258,ECMWF_ERA5_Reanalysis
2014-11-24,28.2,23.6,25.6,30.1,25.8,27.4,0.0,21.7,38.9,38,18.55,1011.4,ward_02_manali,13.168,80.258,ECMWF_ERA5_Reanalysis
2014-11-25,27.8,23.6,25.3,28.3,24.7,26.1,0.0,27.1,48.6,33,17.45,1011.3,ward_02_manali,13.168,80.258,ECMWF_ERA5_Reanalysis
2014-11-26,27.6,23.7,25.5,27.6,24.5,26.0,0.0,25.3,43.9,33,16.0,1009.6,ward_02_manali,13.168,80.258,ECMWF_ERA5_Reanalysis
2014-11-27,27.7,23.5,25.5,28.2,24.5,26.2,0.0,23.1,40.7,29,16.07,1009.5,ward_02_manali,13.168,80.258,ECMWF_ERA5_Reanalysis
2014-11-28,27.7,23.7,25.5,28.4,25.5,26.6,0.0,28.1,47.9,18,14.09,1010.2,ward_02_manali,13.168,80.258,ECMWF_ERA5_Reanalysis
2014-11-29,26.7,24.6,25.6,27.7,25.3,26.4,1.6,27.6,47.5,15,8.36,1010.1,ward_02_manali,13.168,80.258,ECMWF_ERA5_Reanalysis
2014-11-30,27.7,24.9,25.9,28.1,25.2,26.6,2.0,26.8,52.2,27,10.32,1009.9,ward_02_manali,13.168,80.258,ECMWF_ERA5_Reanalysis
2014-12-01,28.3,24.3,26.4,28.5,26.2,27.2,0.0,23.7,41.4,43,14.46,1010.2,ward_02_manali,13.168,80.258,ECMWF_ERA5_Reanalysis
2014-12-02,28.1,22.1,24.9,30.5,24.2,26.7,0.0,19.1,37.4,37,19.49,1011.7,ward_02_manali,13.168,80.258,ECMWF_ERA5_Reanalysis
2014-12-03,27.8,19.3,23.7,30.5,21.3,25.9,0.0,13.8,27.7,26,19.75,1011.8,ward_02_manali,13.168,80.258,ECMWF_ERA5_Reanalysis
2014-12-04,27.8,20.2,23.8,30.2,21.9,25.7,0.0,12.8,26.3,48,20.01,1012.2,ward_02_manali,13.168,80.258,ECMWF_ERA5_Reanalysis
2014-12-05,27.4,19.3,23.6,29.4,21.7,25.2,0.0,14.2,27.7,50,18.95,1012.7,ward_02_manali,13.168,80.258,ECMWF_ERA5_Reanalysis
2014-12-06,27.6,22.7,24.9,28.9,23.7,26.0,0.0,15.8,29.9,37,14.61,1012.2,ward_02_manali,13.168,80.258,ECMWF_ERA5_Reanalysis
2014-12-07,28.0,22.2,25.3,30.1,25.3,27.8,0.0,17.1,31.3,35,11.92,1011.4,ward_02_manali,13.168,80.258,ECMWF_ERA5_Reanalysis
2014-12-08,28.5,23.5,25.7,31.3,27.1,28.7,0.0,16.6,30.6,38,15.46,1011.4,ward_02_manali,13.168,80.258,ECMWF_ERA5_Reanalysis
2014-12-09,27.7,23.6,25.5,31.3,27.7,29.3,2.5,14.8,28.4,46,12.91,1012.2,ward_02_manali,13.168,80.258,ECMWF_ERA5_Reanalysis
2014-12-10,27.2,23.7,25.1,31.2,28.0,29.0,12.9,14.8,28.8,72,11.77,1012.0,ward_02_manali,13.168,80.258,ECMWF_ERA5_Reanalysis
2014-12-11,28.0,23.3,25.4,32.5,27.9,29.7,2.4,13.8,27.7,64,14.33,1011.9,ward_02_manali,13.168,80.258,ECMWF_ERA5_Reanalysis
2014-12-12,27.7,23.8,25.5,31.6,27.3,28.7,2.6,21.0,37.4,57,13.18,1012.5,ward_02_manali,13.168,80.258,ECMWF_ERA5_Reanalysis
2014-12-13,26.9,23.8,24.9,29.5,26.9,28.0,5.7,17.9,35.3,63,10.81,1012.8,ward_02_manali,13.168,80.258,ECMWF_ERA5_Reanalysis
2014-12-14,28.4,23.9,25.8,31.5,26.7,28.5,0.4,16.3,29.2,65,17.7,1012.7,ward_02_manali,13.168,80.258,ECMWF_ERA5_Reanalysis
2014-12-15,27.7,22.6,25.1,31.0,25.8,28.2,2.4,17.5,32.8,42,15.33,1012.3,ward_02_manali,13.168,80.258,ECMWF_ERA5_Reanalysis
2014-12-16,27.3,23.5,25.3,30.7,26.8,28.5,6.5,20.9,36.7,39,12.1,1012.4,ward_02_manali,13.168,80.258,ECMWF_ERA5_Reanalysis
2014-12-17,28.1,24.8,26.1,29.5,26.9,27.8,0.5,26.0,45.4,36,13.65,1012.4,ward_02_manali,13.168,80.258,ECMWF_ERA5_Reanalysis
2014-12-18,28.0,25.0,26.2,29.6,26.0,27.4,0.0,26.4,44.6,58,16.78,1013.2,ward_02_manali,13.168,80.258,ECMWF_ERA5_Reanalysis
2014-12-19,27.4,24.3,25.5,28.3,24.6,25.9,0.0,28.8,50.4,44,17.12,1014.7,ward_02_manali,13.168,80.258,ECMWF_ERA5_Reanalysis
2014-12-20,26.7,23.3,24.7,26.8,23.6,24.9,0.0,23.4,41.0,33,14.92,1013.6,ward_02_manali,13.168,80.258,ECMWF_ERA5_Reanalysis
2014-12-21,26.9,22.8,24.5,27.5,23.4,24.9,0.0,21.6,38.5,32,15.1,1011.4,ward_02_manali,13.168,80.258,ECMWF_ERA5_Reanalysis
2014-12-22,27.0,23.1,24.7,27.6,24.5,25.5,0.0,23.1,41.8,28,16.69,1011.3,ward_02_manali,13.168,80.258,ECMWF_ERA5_Reanalysis
2014-12-23,27.5,22.0,24.6,28.2,24.3,26.1,0.0,21.3,38.2,34,13.85,1011.7,ward_02_manali,13.168,80.258,ECMWF_ERA5_Reanalysis
2014-12-24,27.7,23.3,25.1,28.9,24.9,26.4,0.0,21.8,39.2,23,17.93,1013.0,ward_02_manali,13.168,80.258,ECMWF_ERA5_Reanalysis
2014-12-25,27.4,22.0,24.3,28.3,23.2,25.0,0.0,25.6,45.0,11,16.13,1013.0,ward_02_manali,13.168,80.258,ECMWF_ERA5_Reanalysis
2014-12-26,26.8,21.6,24.2,26.1,22.5,24.4,0.0,27.1,46.8,24,14.98,1011.3,ward_02_manali,13.168,80.258,ECMWF_ERA5_Reanalysis
2014-12-27,26.7,21.8,24.5,25.8,22.9,24.4,0.0,27.1,47.5,22,11.75,1011.1,ward_02_manali,13.168,80.258,ECMWF_ERA5_Reanalysis
2014-12-28,26.7,23.3,24.8,27.1,24.7,25.8,12.2,29.2,51.5,26,7.6,1011.0,ward_02_manali,13.168,80.258,ECMWF_ERA5_Reanalysis
2014-12-29,24.1,22.0,23.2,26.4,21.9,24.4,72.7,32.6,52.2,3,2.28,1008.9,ward_02_manali,13.168,80.258,ECMWF_ERA5_Reanalysis
2014-12-30,25.7,21.9,23.5,27.2,23.1,24.8,73.8,30.6,51.1,348,5.71,1006.7,ward_02_manali,13.168,80.258,ECMWF_ERA5_Reanalysis
2014-12-31,28.1,23.4,25.2,30.1,26.1,27.7,0.0,23.1,40.3,5,15.23,1006.9,ward_02_manali,13.168,80.258,ECMWF_ERA5_Reanalysis
2015-01-01,28.6,22.1,25.1,34.1,26.2,29.6,0.0,10.5,23.0,121,14.44,1008.3,ward_02_manali,13.168,80.258,ECMWF_ERA5_Reanalysis
2015-01-02,28.5,23.3,25.6,33.9,26.8,29.7,1.0,12.2,27.0,159,16.38,1010.7,ward_02_manali,13.168,80.258,ECMWF_ERA5_Reanalysis
2015-01-03,28.3,23.5,25.3,34.1,27.8,30.0,1.9,10.3,25.2,153,14.82,1012.0,ward_02_manali,13.168,80.258,ECMWF_ERA5_Reanalysis
2015-01-04,28.2,23.0,25.3,33.6,27.3,29.6,0.9,11.3,22.0,86,15.64,1012.0,ward_02_manali,13.168,80.258,ECMWF_ERA5_Reanalysis
2015-01-05,28.3,21.9,24.8,32.0,25.6,28.3,0.0,14.0,26.3,38,18.18,1011.8,ward_02_manali,13.168,80.258,ECMWF_ERA5_Reanalysis
2015-01-06,27.5,22.0,24.6,31.3,25.9,28.4,0.4,10.4,23.4,51,16.91,1012.1,ward_02_manali,13.168,80.258,ECMWF_ERA5_Reanalysis
2015-01-07,27.9,20.9,24.5,32.2,24.6,28.3,0.1,11.6,21.6,47,17.59,1011.9,ward_02_manali,13.168,80.258,ECMWF_ERA5_Reanalysis
2015-01-08,27.6,21.4,24.5,31.5,25.1,28.0,0.1,11.6,19.8,120,15.27,1012.2,ward_02_manali,13.168,80.258,ECMWF_ERA5_Reanalysis
2015-01-09,26.6,21.6,24.0,29.5,24.0,26.8,0.5,15.8,29.9,39,15.46,1013.7,ward_02_manali,13.168,80.258,ECMWF_ERA5_Reanalysis
2015-01-10,26.8,18.3,23.1,28.5,20.2,24.3,0.0,18.5,33.8,21,20.45,1014.0,ward_02_manali,13.168,80.258,ECMWF_ERA5_Reanalysis
2015-01-11,26.3,20.0,23.3,26.5,21.5,23.9,0.0,15.9,30.6,34,16.44,1014.1,ward_02_manali,13.168,80.258,ECMWF_ERA5_Reanalysis
2015-01-12,26.6,20.9,23.4,26.7,21.3,23.4,0.0,19.7,36.0,35,16.4,1013.5,ward_02_manali,13.168,80.258,ECMWF_ERA5_Reanalysis
2015-01-13,27.0,19.6,23.2,28.0,19.9,23.6,0.0,17.1,32.0,29,21.06,1012.7,ward_02_manali,13.168,80.258,ECMWF_ERA5_Reanalysis
2015-01-14,26.6,20.2,23.1,27.8,21.1,23.8,0.0,18.2,33.5,47,19.0,1012.5,ward_02_manali,13.168,80.258,ECMWF_ERA5_Reanalysis
2015-01-15,27.6,19.2,23.4,30.2,21.1,25.1,0.0,18.1,34.2,36,17.71,1012.5,ward_02_manali,13.168,80.258,ECMWF_ERA5_Reanalysis
2015-01-16,27.4,21.9,24.5,29.1,24.9,26.6,0.1,18.8,33.8,39,17.35,1012.9,ward_02_manali,13.168,80.258,ECMWF_ERA5_Reanalysis
2015-01-17,27.9,21.1,24.4,29.5,23.7,26.0,0.0,17.6,32.8,50,20.08,1013.4,ward_02_manali,13.168,80.258,ECMWF_ERA5_Reanalysis
2015-01-18,27.5,21.5,24.1,29.3,23.1,25.5,0.0,15.3,29.2,62,20.78,1014.0,ward_02_manali,13.168,80.258,ECMWF_ERA5_Reanalysis
2015-01-19,27.3,21.0,24.0,28.6,22.5,25.2,0.0,17.2,31.7,70,20.56,1013.8,ward_02_manali,13.168,80.258,ECMWF_ERA5_Reanalysis
2015-01-20,27.3,20.7,23.8,28.6,21.4,24.4,0.0,18.2,33.5,63,21.27,1015.3,ward_02_manali,13.168,80.258,ECMWF_ERA5_Reanalysis
2015-01-21,27.0,20.9,23.6,28.2,21.5,24.0,0.0,19.8,36.0,53,21.56,1016.7,ward_02_manali,13.168,80.258,ECMWF_ERA5_Reanalysis
2015-01-22,26.7,21.2,23.8,29.8,22.7,25.8,0.2,16.9,32.4,54,14.78,1016.2,ward_02_manali,13.168,80.258,ECMWF_ERA5_Reanalysis
2015-01-23,27.1,22.4,24.5,30.4,25.5,27.1,0.7,16.7,29.9,64,15.54,1013.9,ward_02_manali,13.168,80.258,ECMWF_ERA5_Reanalysis
2015-01-24,27.1,22.6,24.6,30.0,24.7,26.8,0.9,17.6,31.3,56,15.03,1014.0,ward_02_manali,13.168,80.258,ECMWF_ERA5_Reanalysis
2015-01-25,26.7,21.2,23.8,28.0,23.0,24.9,0.0,17.1,32.8,49,19.82,1015.4,ward_02_manali,13.168,80.258,ECMWF_ERA5_Reanalysis
2015-01-26,27.1,21.7,24.4,27.4,22.9,25.1,0.0,15.7,31.0,59,15.34,1014.7,ward_02_manali,13.168,80.258,ECMWF_ERA5_Reanalysis
2015-01-27,26.7,22.2,24.3,27.0,23.6,24.9,0.0,21.0,37.8,60,14.21,1013.1,ward_02_manali,13.168,80.258,ECMWF_ERA5_Reanalysis
2015-01-28,27.1,21.9,24.4,27.9,23.7,25.6,0.0,14.5,27.7,60,14.43,1011.7,ward_02_manali,13.168,80.258,ECMWF_ERA5_Reanalysis
2015-01-29,27.6,22.0,24.7,29.4,24.4,26.4,0.0,16.7,32.0,61,16.91,1012.4,ward_02_manali,13.168,80.258,ECMWF_ERA5_Reanalysis
2015-01-30,28.0,22.5,24.9,30.1,24.5,26.5,0.0,15.3,31.0,58,19.53,1014.1,ward_02_manali,13.168,80.258,ECMWF_ERA5_Reanalysis
2015-01-31,28.0,21.2,24.6,30.3,23.1,26.2,0.0,17.5,33.1,47,20.52,1014.4,ward_02_manali,13.168,80.258,ECMWF_ERA5_Reanalysis
2015-02-01,27.9,21.4,24.6,29.1,23.6,26.3,0.0,16.5,32.0,60,17.7,1014.2,ward_02_manali,13.168,80.258,ECMWF_ERA5_Reanalysis
2015-02-02,27.8,21.9,24.7,29.9,24.1,26.1,0.0,20.0,36.7,64,20.33,1015.4,ward_02_manali,13.168,80.258,ECMWF_ERA5_Reanalysis
2015-02-03,28.0,22.5,24.9,28.9,23.2,25.5,0.0,20.8,38.9,46,19.02,1016.9,ward_02_manali,13.168,80.258,ECMWF_ERA5_Reanalysis
2015-02-04,27.8,22.6,24.8,29.0,24.1,25.7,0.0,20.8,38.2,41,19.38,1016.2,ward_02_manali,13.168,80.258,ECMWF_ERA5_Reanalysis
2015-02-05,28.3,21.4,24.4,30.4,23.8,26.2,0.0,17.6,34.2,42,20.9,1014.5,ward_02_manali,13.168,80.258,ECMWF_ERA5_Reanalysis
2015-02-06,28.4,21.6,24.7,31.3,24.4,26.9,0.0,14.8,29.2,53,20.33,1014.2,ward_02_manali,13.168,80.258,ECMWF_ERA5_Reanalysis
2015-02-07,28.3,20.2,24.2,30.7,22.8,26.2,0.0,16.8,31.7,52,21.14,1013.8,ward_02_manali,13.168,80.258,ECMWF_ERA5_Reanalysis
2015-02-08,28.4,21.3,24.6,30.8,24.1,26.4,0.0,17.2,32.8,70,21.22,1013.3,ward_02_manali,13.168,80.258,ECMWF_ERA5_Reanalysis
2015-02-09,28.1,22.4,24.7,29.7,23.7,25.7,0.0,17.1,34.2,67,19.73,1013.5,ward_02_manali,13.168,80.258,ECMWF_ERA5_Reanalysis
2015-02-10,28.1,22.3,24.8,29.0,23.3,25.4,0.0,19.6,36.4,52,15.72,1014.1,ward_02_manali,13.168,80.258,ECMWF_ERA5_Reanalysis
2015-02-11,27.3,21.6,24.6,29.3,24.3,26.7,1.7,19.9,35.6,45,17.5,1013.0,ward_02_manali,13.168,80.258,ECMWF_ERA5_Reanalysis
2015-02-12,29.1,22.8,25.5,31.7,25.4,27.6,0.0,18.9,34.6,62,19.67,1012.3,ward_02_manali,13.168,80.258,ECMWF_ERA5_Reanalysis
2015-02-13,30.0,21.1,25.3,34.0,24.5,28.3,0.0,15.1,27.7,93,22.5,1012.0,ward_02_manali,13.168,80.258,ECMWF_ERA5_Reanalysis
2015-02-14,30.7,19.3,24.7,34.5,21.7,27.5,0.0,16.4,31.3,153,23.38,1011.0,ward_02_manali,13.168,80.258,ECMWF_ERA5_Reanalysis
2015-02-15,31.4,21.1,25.3,34.6,23.7,27.9,0.0,14.1,25.6,159,23.24,1011.1,ward_02_manali,13.168,80.258,ECMWF_ERA5_Reanalysis
2015-02-16,30.6,21.8,25.2,34.2,25.0,28.2,0.0,14.5,28.1,147,22.58,1012.3,ward_02_manali,13.168,80.258,ECMWF_ERA5_Reanalysis
2015-02-17,30.6,19.8,24.6,34.1,22.7,27.4,0.0,14.3,26.6,151,22.37,1012.0,ward_02_manali,13.168,80.258,ECMWF_ERA5_Reanalysis
2015-02-18,30.2,20.2,24.8,32.6,22.6,26.9,0.0,18.9,34.9,171,23.56,1011.3,ward_02_manali,13.168,80.258,ECMWF_ERA5_Reanalysis
2015-02-19,30.2,20.3,24.8,32.9,22.3,26.9,0.0,15.3,31.7,153,23.97,1011.2,ward_02_manali,13.168,80.258,ECMWF_ERA5_Reanalysis
2015-02-20,29.3,21.1,24.6,32.5,23.4,27.0,0.0,14.1,29.2,109,23.3,1012.1,ward_02_manali,13.168,80.258,ECMWF_ERA5_Reanalysis
2015-02-21,29.4,20.5,24.6,32.3,23.3,27.0,0.0,13.7,27.4,65,23.55,1012.3,ward_02_manali,13.168,80.258,ECMWF_ERA5_Reanalysis
2015-02-22,30.2,20.5,24.8,32.7,23.9,27.3,0.0,15.6,29.5,62,23.95,1012.8,ward_02_manali,13.168,80.258,ECMWF_ERA5_Reanalysis
2015-02-23,30.1,19.6,24.5,33.1,22.9,27.2,0.0,12.4,25.6,71,23.88,1012.9,ward_02_manali,13.168,80.258,ECMWF_ERA5_Reanalysis
2015-02-24,30.5,19.5,24.6,33.6,22.7,27.3,0.0,13.5,24.8,81,24.49,1011.9,ward_02_manali,13.168,80.258,ECMWF_ERA5_Reanalysis
2015-02-25,30.6,18.7,24.6,32.8,21.4,26.9,0.0,14.4,25.6,117,24.15,1010.4,ward_02_manali,13.168,80.258,ECMWF_ERA5_Reanalysis
2015-02-26,30.6,20.3,25.5,34.4,23.6,28.4,0.0,16.7,31.3,111,23.2,1009.2,ward_02_manali,13.168,80.258,ECMWF_ERA5_Reanalysis
2015-02-27,30.5,22.9,26.7,34.1,27.1,30.0,0.0,19.1,34.9,140,19.62,1009.3,ward_02_manali,13.168,80.258,ECMWF_ERA5_Reanalysis
2015-02-28,29.5,24.2,26.7,32.6,28.1,29.7,0.0,21.5,38.9,138,17.85,1009.7,ward_02_manali,13.168,80.258,ECMWF_ERA5_Reanalysis
2015-03-01,30.1,24.6,27.1,32.6,27.6,29.4,0.1,21.4,40.0,143,19.25,1010.1,ward_02_manali,13.168,80.258,ECMWF_ERA5_Reanalysis
2015-03-02,29.9,24.3,26.8,33.2,28.1,29.7,0.5,17.3,32.8,136,19.24,1011.3,ward_02_manali,13.168,80.258,ECMWF_ERA5_Reanalysis
2015-03-03,31.5,23.8,27.1,36.4,28.2,30.9,0.0,14.7,29.2,137,19.92,1010.6,ward_02_manali,13.168,80.258,ECMWF_ERA5_Reanalysis
2015-03-04,32.1,24.4,27.8,36.6,28.4,31.2,0.0,17.1,33.5,167,19.8,1010.1,ward_02_manali,13.168,80.258,ECMWF_ERA5_Reanalysis
2015-03-05,31.9,24.5,27.8,37.0,29.4,31.9,0.1,16.9,33.1,142,21.15,1011.2,ward_02_manali,13.168,80.258,ECMWF_ERA5_Reanalysis
2015-03-06,31.7,25.2,27.8,36.4,30.1,32.1,0.0,17.3,31.3,104,19.92,1012.3,ward_02_manali,13.168,80.258,ECMWF_ERA5_Reanalysis
2015-03-07,31.3,24.9,27.4,35.5,29.4,31.5,0.3,17.9,33.8,115,21.08,1012.1,ward_02_manali,13.168,80.258,ECMWF_ERA5_Reanalysis
2015-03-08,31.3,24.2,27.2,35.6,28.8,30.9,0.0,17.4,33.5,132,21.47,1012.8,ward_02_manali,13.168,80.258,ECMWF_ERA5_Reanalysis
2015-03-09,30.7,23.5,27.0,34.7,28.3,30.8,0.0,16.2,31.3,98,23.03,1013.7,ward_02_manali,13.168,80.258,ECMWF_ERA5_Reanalysis
2015-03-10,30.6,23.0,26.5,33.2,26.8,29.5,0.0,15.9,31.7,56,23.39,1013.7,ward_02_manali,13.168,80.258,ECMWF_ERA5_Reanalysis
2015-03-11,30.6,22.3,26.4,33.7,25.6,28.8,0.0,17.1,33.5,58,22.27,1013.4,ward_02_manali,13.168,80.258,ECMWF_ERA5_Reanalysis
2015-03-12,31.1,25.0,27.6,33.8,27.8,30.3,0.0,18.3,35.3,66,21.25,1013.2,ward_02_manali,13.168,80.258,ECMWF_ERA5_Reanalysis
2015-03-13,31.6,24.4,27.3,35.5,28.1,30.7,0.0,15.5,31.3,90,23.71,1012.8,ward_02_manali,13.168,80.258,ECMWF_ERA5_Reanalysis
2015-03-14,31.5,23.6,27.0,34.6,27.3,29.8,0.0,19.7,34.9,129,24.2,1013.6,ward_02_manali,13.168,80.258,ECMWF_ERA5_Reanalysis
2015-03-15,31.5,24.3,27.2,35.2,27.9,30.5,0.0,18.8,36.0,128,21.0,1013.5,ward_02_manali,13.168,80.258,ECMWF_ERA5_Reanalysis
2015-03-16,31.9,22.2,26.7,35.6,26.2,29.9,0.0,17.6,33.5,141,24.16,1013.5,ward_02_manali,13.168,80.258,ECMWF_ERA5_Reanalysis
2015-03-17,32.0,21.4,26.1,35.8,25.1,29.7,0.0,15.1,31.3,135,24.9,1012.3,ward_02_manali,13.168,80.258,ECMWF_ERA5_Reanalysis
2015-03-18,34.1,21.8,26.8,36.9,25.1,29.7,0.0,14.3,30.6,170,25.27,1010.1,ward_02_manali,13.168,80.258,ECMWF_ERA5_Reanalysis
2015-03-19,33.5,22.5,27.2,37.4,25.7,30.7,0.0,16.5,32.0,151,25.45,1010.6,ward_02_manali,13.168,80.258,ECMWF_ERA5_Reanalysis
2015-03-20,32.1,22.2,26.8,36.3,26.1,30.5,0.0,14.4,29.2,122,24.91,1012.0,ward_02_manali,13.168,80.258,ECMWF_ERA5_Reanalysis
2015-03-21,33.7,21.8,27.1,37.3,25.6,30.7,0.0,12.9,27.4,145,26.06,1012.5,ward_02_manali,13.168,80.258,ECMWF_ERA5_Reanalysis
2015-03-22,34.8,22.2,27.8,38.0,25.5,31.1,0.0,16.2,32.4,168,26.04,1011.1,ward_02_manali,13.168,80.258,ECMWF_ERA5_Reanalysis
2015-03-23,34.1,24.0,28.4,38.4,27.7,32.2,0.0,17.8,34.9,174,25.55,1009.5,ward_02_manali,13.168,80.258,ECMWF_ERA5_Reanalysis
2015-03-24,33.8,23.9,28.0,38.3,27.8,31.7,0.0,20.4,38.5,171,24.88,1009.0,ward_02_manali,13.168,80.258,ECMWF_ERA5_Reanalysis
2015-03-25,32.7,24.4,27.9,36.6,28.7,31.5,0.0,18.5,36.0,156,24.32,1010.1,ward_02_manali,13.168,80.258,ECMWF_ERA5_Reanalysis
2015-03-26,31.9,24.4,27.8,35.8,28.9,31.5,0.0,15.4,31.0,125,24.04,1012.1,ward_02_manali,13.168,80.258,ECMWF_ERA5_Reanalysis
2015-03-27,32.1,25.0,28.0,36.2,28.9,31.8,0.0,14.4,28.8,93,24.46,1012.5,ward_02_manali,13.168,80.258,ECMWF_ERA5_Reanalysis
2015-03-28,33.4,24.3,28.5,37.9,29.1,32.5,0.0,18.6,34.2,117,25.23,1011.1,ward_02_manali,13.168,80.258,ECMWF_ERA5_Reanalysis
2015-03-29,33.1,25.3,28.6,37.5,30.0,32.5,0.0,16.4,32.4,138,25.29,1009.7,ward_02_manali,13.168,80.258,ECMWF_ERA5_Reanalysis
2015-03-30,33.1,26.1,29.1,37.1,30.5,32.9,0.0,17.3,33.1,142,23.86,1009.5,ward_02_manali,13.168,80.258,ECMWF_ERA5_Reanalysis
2015-03-31,33.0,26.2,29.1,37.7,31.4,33.4,0.1,18.0,36.4,133,21.66,1009.8,ward_02_manali,13.168,80.258,ECMWF_ERA5_Reanalysis
2015-04-01,33.0,26.2,29.2,37.7,31.4,33.4,0.0,19.0,37.4,146,21.82,1009.4,ward_02_manali,13.168,80.258,ECMWF_ERA5_Reanalysis
2015-04-02,34.7,26.5,29.7,38.8,30.7,33.5,0.0,21.4,37.8,173,23.69,1008.2,ward_02_manali,13.168,80.258,ECMWF_ERA5_Reanalysis
2015-04-03,36.6,26.3,30.3,41.5,30.1,34.3,0.0,19.7,35.6,179,25.25,1005.9,ward_02_manali,13.168,80.258,ECMWF_ERA5_Reanalysis
2015-04-04,36.5,27.5,30.7,41.7,31.5,34.7,0.0,21.3,37.8,177,24.58,1004.2,ward_02_manali,13.168,80.258,ECMWF_ERA5_Reanalysis
2015-04-05,35.5,27.3,30.3,39.8,31.6,34.3,0.0,23.6,40.7,171,24.88,1005.4,ward_02_manali,13.168,80.258,ECMWF_ERA5_Reanalysis
2015-04-06,34.9,26.9,29.8,38.0,30.8,33.1,0.0,22.9,42.1,170,24.29,1006.1,ward_02_manali,13.168,80.258,ECMWF_ERA5_Reanalysis
2015-04-07,34.7,26.7,29.8,39.0,30.6,33.6,0.0,22.4,41.0,164,24.53,1007.1,ward_02_manali,13.168,80.258,ECMWF_ERA5_Reanalysis
2015-04-08,32.7,26.7,29.2,36.9,31.5,33.3,0.4,21.4,38.5,157,23.25,1008.8,ward_02_manali,13.168,80.258,ECMWF_ERA5_Reanalysis
2015-04-09,33.1,26.4,29.2,38.1,31.4,33.5,0.3,19.8,38.2,145,22.02,1009.3,ward_02_manali,13.168,80.258,ECMWF_ERA5_Reanalysis
2015-04-10,34.1,26.5,29.4,38.7,30.2,33.2,0.0,19.1,36.7,156,24.88,1009.6,ward_02_manali,13.168,80.258,ECMWF_ERA5_Reanalysis
2015-04-11,34.8,25.6,29.2,38.3,29.6,32.3,0.0,22.4,39.6,164,25.07,1009.8,ward_02_manali,13.168,80.258,ECMWF_ERA5_Reanalysis
2015-04-12,33.5,25.5,29.1,37.8,29.6,32.4,0.0,19.5,38.2,147,22.65,1011.4,ward_02_manali,13.168,80.258,ECMWF_ERA5_Reanalysis
2015-04-13,32.0,26.5,28.5,34.1,30.2,31.6,0.1,15.4,28.4,145,11.53,1011.3,ward_02_manali,13.168,80.258,ECMWF_ERA5_Reanalysis
2015-04-14,33.4,24.9,28.5,37.0,28.3,31.6,0.0,18.6,33.1,128,24.96,1009.8,ward_02_manali,13.168,80.258,ECMWF_ERA5_Reanalysis
2015-04-15,29.2,22.9,25.8,34.1,26.6,29.8,16.4,15.9,32.8,115,15.69,1010.5,ward_02_manali,13.168,80.258,ECMWF_ERA5_Reanalysis
2015-04-16,31.4,24.5,27.4,38.5,30.2,32.4,2.9,13.7,29.5,78,20.71,1011.0,ward_02_manali,13.168,80.258,ECMWF_ERA5_Reanalysis
2015-04-17,31.9,25.1,28.3,38.2,30.5,33.2,1.0,14.7,29.9,43,22.11,1009.3,ward_02_manali,13.168,80.258,ECMWF_ERA5_Reanalysis
2015-04-18,33.1,25.1,28.7,39.2,29.7,33.3,0.0,13.8,28.1,128,25.09,1007.4,ward_02_manali,13.168,80.258,ECMWF_ERA5_Reanalysis
2015-04-19,33.2,24.6,28.8,38.5,29.8,33.3,0.0,15.4,29.5,146,24.69,1007.6,ward_02_manali,13.168,80.258,ECMWF_ERA5_Reanalysis
2015-04-20,32.9,25.9,29.1,38.3,31.1,33.7,0.1,16.3,27.0,145,21.61,1009.1,ward_02_manali,13.168,80.258,ECMWF_ERA5_Reanalysis
2015-04-21,33.0,25.6,29.0,38.8,30.1,33.5,3.1,20.0,34.2,165,20.49,1009.0,ward_02_manali,13.168,80.258,ECMWF_ERA5_Reanalysis
2015-04-22,34.3,26.5,29.9,39.3,31.2,34.0,0.0,23.6,39.6,184,24.28,1007.8,ward_02_manali,13.168,80.258,ECMWF_ERA5_Reanalysis
2015-04-23,35.9,27.7,30.8,41.5,31.6,34.9,0.0,22.6,38.5,182,25.12,1007.5,ward_02_manali,13.168,80.258,ECMWF_ERA5_Reanalysis
2015-04-24,35.5,28.1,30.9,41.2,32.5,35.7,1.7,20.3,33.1,187,23.61,1008.4,ward_02_manali,13.168,80.258,ECMWF_ERA5_Reanalysis
2015-04-25,33.8,25.5,28.9,38.7,28.9,32.9,6.5,20.2,38.9,182,21.74,1007.9,ward_02_manali,13.168,80.258,ECMWF_ERA5_Reanalysis
2015-04-26,33.0,27.2,29.5,38.0,31.7,33.8,0.0,16.6,33.1,157,23.68,1008.6,ward_02_manali,13.168,80.258,ECMWF_ERA5_Reanalysis
2015-04-27,33.2,26.9,29.2,38.5,32.0,34.0,0.6,19.8,36.0,160,22.37,1009.5,ward_02_manali,13.168,80.258,ECMWF_ERA5_Reanalysis
2015-04-28,34.9,26.1,29.8,39.2,30.8,33.9,0.0,20.9,37.1,181,25.91,1008.7,ward_02_manali,13.168,80.258,ECMWF_ERA5_Reanalysis
2015-04-29,35.7,26.8,30.2,40.3,30.8,34.0,0.0,23.5,43.6,179,24.87,1007.9,ward_02_manali,13.168,80.258,ECMWF_ERA5_Reanalysis
2015-04-30,35.9,27.1,30.6,41.6,30.9,34.6,0.0,23.8,43.6,182,25.99,1008.0,ward_02_manali,13.168,80.258,ECMWF_ERA5_Reanalysis
2015-05-01,36.7,27.6,30.9,42.1,31.4,35.1,0.0,24.0,41.8,178,25.87,1007.1,ward_02_manali,13.168,80.258,ECMWF_ERA5_Reanalysis
2015-05-02,36.4,27.7,30.9,41.4,31.3,34.9,0.0,24.9,45.4,179,25.83,1006.7,ward_02_manali,13.168,80.258,ECMWF_ERA5_Reanalysis
2015-05-03,35.3,27.8,30.7,40.8,32.4,35.2,0.0,22.8,42.5,167,25.54,1007.0,ward_02_manali,13.168,80.258,ECMWF_ERA5_Reanalysis
2015-05-04,34.0,27.3,30.0,38.2,32.3,34.3,0.0,21.4,39.6,150,23.57,1007.9,ward_02_manali,13.168,80.258,ECMWF_ERA5_Reanalysis
2015-05-05,33.4,26.9,29.8,38.6,33.1,34.8,0.4,15.3,30.2,151,22.52,1007.6,ward_02_manali,13.168,80.258,ECMWF_ERA5_Reanalysis
2015-05-06,34.2,26.8,29.9,39.0,32.4,34.5,0.2,17.6,34.2,164,22.75,1006.6,ward_02_manali,13.168,80.258,ECMWF_ERA5_Reanalysis
2015-05-07,35.1,27.5,30.4,40.6,33.1,35.4,0.1,17.4,35.6,164,24.08,1007.2,ward_02_manali,13.168,80.258,ECMWF_ERA5_Reanalysis
2015-05-08,36.2,27.5,31.1,41.9,33.2,36.0,0.0,21.9,39.6,171,25.07,1006.2,ward_02_manali,13.168,80.258,ECMWF_ERA5_Reanalysis
2015-05-09,36.1,28.0,31.2,40.5,33.4,35.7,0.0,21.9,39.2,171,24.31,1004.7,ward_02_manali,13.168,80.258,ECMWF_ERA5_Reanalysis
2015-05-10,34.7,28.5,31.0,39.5,34.0,35.8,0.0,17.4,33.5,160,20.38,1005.2,ward_02_manali,13.168,80.258,ECMWF_ERA5_Reanalysis
2015-05-11,32.8,28.6,30.2,36.9,33.0,34.6,0.2,17.5,29.2,169,11.53,1006.8,ward_02_manali,13.168,80.258,ECMWF_ERA5_Reanalysis
2015-05-12,34.9,28.0,30.8,41.0,32.8,35.7,0.0,18.1,33.5,151,23.78,1006.8,ward_02_manali,13.168,80.258,ECMWF_ERA5_Reanalysis
2015-05-13,32.3,26.8,28.1,38.1,31.7,33.3,6.5,16.5,27.0,168,10.14,1006.6,ward_02_manali,13.168,80.258,ECMWF_ERA5_Reanalysis
2015-05-14,30.0,26.0,27.4,34.1,31.0,32.4,13.1,15.7,33.8,127,12.23,1007.1,ward_02_manali,13.168,80.258,ECMWF_ERA5_Reanalysis
2015-05-15,31.4,26.0,28.4,37.8,31.4,33.9,4.2,13.9,26.3,157,16.48,1007.1,ward_02_manali,13.168,80.258,ECMWF_ERA5_Reanalysis
2015-05-16,31.3,26.4,28.0,37.1,31.9,33.1,6.6,15.0,29.9,164,13.21,1005.7,ward_02_manali,13.168,80.258,ECMWF_ERA5_Reanalysis
2015-05-17,31.5,26.2,28.0,37.7,30.9,32.8,9.7,20.2,26.6,198,13.02,1004.1,ward_02_manali,13.168,80.258,ECMWF_ERA5_Reanalysis
2015-05-18,34.0,26.1,29.8,39.9,30.7,34.5,0.0,20.5,33.5,199,21.59,1003.8,ward_02_manali,13.168,80.258,ECMWF_ERA5_Reanalysis
2015-05-19,36.0,27.2,31.3,42.0,31.1,35.7,0.0,23.0,36.7,200,25.08,1003.7,ward_02_manali,13.168,80.258,ECMWF_ERA5_Reanalysis
2015-05-20,36.6,27.6,31.6,43.4,31.5,36.1,0.0,26.7,42.5,197,25.92,1003.7,ward_02_manali,13.168,80.258,ECMWF_ERA5_Reanalysis
2015-05-21,38.1,28.9,33.0,43.3,32.2,36.9,0.0,26.1,41.4,203,25.37,1003.3,ward_02_manali,13.168,80.258,ECMWF_ERA5_Reanalysis
2015-05-22,38.0,29.8,33.3,42.9,32.3,36.7,0.0,26.8,41.8,202,23.47,1003.4,ward_02_manali,13.168,80.258,ECMWF_ERA5_Reanalysis
2015-05-23,38.6,29.9,33.5,44.0,32.9,36.9,0.5,25.1,38.5,204,24.24,1003.3,ward_02_manali,13.168,80.258,ECMWF_ERA5_Reanalysis
2015-05-24,39.3,30.1,33.8,45.3,32.8,37.3,0.5,24.1,38.5,207,25.35,1003.6,ward_02_manali,13.168,80.258,ECMWF_ERA5_Reanalysis
2015-05-25,40.0,30.6,34.1,45.4,32.7,37.2,0.0,24.0,37.8,212,25.53,1003.4,ward_02_manali,13.168,80.258,ECMWF_ERA5_Reanalysis
2015-05-26,39.0,29.9,33.6,43.5,31.9,36.7,0.0,21.9,34.6,204,23.79,1003.9,ward_02_manali,13.168,80.258,ECMWF_ERA5_Reanalysis
2015-05-27,39.0,29.6,33.2,44.3,31.6,35.7,0.0,29.1,44.3,209,23.09,1003.9,ward_02_manali,13.168,80.258,ECMWF_ERA5_Reanalysis
2015-05-28,37.4,27.2,32.1,43.9,29.4,35.9,0.0,25.6,41.8,214,25.05,1002.8,ward_02_manali,13.168,80.258,ECMWF_ERA5_Reanalysis
2015-05-29,37.5,28.6,32.4,43.5,31.3,36.4,0.0,21.8,36.7,196,25.25,1003.0,ward_02_manali,13.168,80.258,ECMWF_ERA5_Reanalysis
2015-05-30,36.8,28.5,31.7,43.3,32.6,36.3,0.0,19.6,35.3,187,25.55,1004.2,ward_02_manali,13.168,80.258,ECMWF_ERA5_Reanalysis
2015-05-31,36.9,28.7,31.7,42.7,32.9,36.1,0.0,23.6,42.5,185,25.19,1003.2,ward_02_manali,13.168,80.258,ECMWF_ERA5_Reanalysis
2015-06-01,34.0,27.6,30.0,39.4,32.4,35.0,3.1,18.1,36.7,185,15.77,1003.8,ward_02_manali,13.168,80.258,ECMWF_ERA5_Reanalysis
2015-06-02,35.1,27.8,30.5,42.1,33.0,35.8,2.5,14.8,25.9,214,19.42,1004.7,ward_02_manali,13.168,80.258,ECMWF_ERA5_Reanalysis
2015-06-03,33.8,27.8,30.4,40.3,32.7,35.0,0.1,16.3,27.0,194,16.73,1004.2,ward_02_manali,13.168,80.258,ECMWF_ERA5_Reanalysis
2015-06-04,34.4,27.9,30.5,40.4,32.4,35.0,0.0,21.2,33.8,180,23.53,1004.7,ward_02_manali,13.168,80.258,ECMWF_ERA5_Reanalysis
2015-06-05,35.8,27.8,30.9,41.8,32.1,35.5,0.7,19.8,36.0,185,23.82,1005.3,ward_02_manali,13.168,80.258,ECMWF_ERA5_Reanalysis
2015-06-06,34.7,27.7,30.6,41.0,32.2,35.7,0.0,18.4,32.0,191,19.02,1004.8,ward_02_manali,13.168,80.258,ECMWF_ERA5_Reanalysis
2015-06-07,36.1,28.2,31.3,40.6,32.2,35.6,0.4,22.3,38.5,189,23.41,1004.3,ward_02_manali,13.168,80.258,ECMWF_ERA5_Reanalysis
2015-06-08,35.7,28.5,31.2,42.1,32.0,35.6,1.5,22.1,34.9,190,21.92,1004.9,ward_02_manali,13.168,80.258,ECMWF_ERA5_Reanalysis
2015-06-09,35.0,28.4,30.8,41.2,32.5,35.5,1.7,15.4,28.4,207,21.09,1005.6,ward_02_manali,13.168,80.258,ECMWF_ERA5_Reanalysis
2015-06-10,35.9,26.8,30.6,42.8,31.9,35.2,1.5,20.3,33.1,196,23.25,1004.5,ward_02_manali,13.168,80.258,ECMWF_ERA5_Reanalysis
2015-06-11,37.0,28.0,31.8,43.2,31.6,35.7,2.6,25.0,38.9,206,23.66,1003.5,ward_02_manali,13.168,80.258,ECMWF_ERA5_Reanalysis
2015-06-12,34.2,26.9,29.7,40.6,31.0,34.4,4.2,16.6,28.8,223,18.88,1004.7,ward_02_manali,13.168,80.258,ECMWF_ERA5_Reanalysis
2015-06-13,35.5,27.6,30.9,40.4,32.5,35.0,0.3,20.9,33.5,203,20.33,1003.8,ward_02_manali,13.168,80.258,ECMWF_ERA5_Reanalysis
2015-06-14,35.4,27.4,31.1,40.4,31.2,34.9,3.3,16.9,29.9,231,21.27,1003.1,ward_02_manali,13.168,80.258,ECMWF_ERA5_Reanalysis
2015-06-15,36.0,27.6,31.2,39.7,29.5,34.1,0.0,17.5,35.3,243,21.55,1002.6,ward_02_manali,13.168,80.258,ECMWF_ERA5_Reanalysis
2015-06-16,34.4,26.2,30.5,36.0,29.5,33.0,2.3,18.7,44.6,263,12.34,1002.4,ward_02_manali,13.168,80.258,ECMWF_ERA5_Reanalysis
2015-06-17,29.1,26.3,27.4,32.7,29.6,30.5,4.2,21.4,32.4,230,5.45,1001.6,ward_02_manali,13.168,80.258,ECMWF_ERA5_Reanalysis
2015-06-18,28.8,25.2,26.7,32.2,28.9,30.2,7.2,18.1,31.3,246,4.65,1002.0,ward_02_manali,13.168,80.258,ECMWF_ERA5_Reanalysis
2015-06-19,31.0,26.1,28.5,34.1,29.0,31.2,0.5,18.3,34.9,243,6.27,1001.7,ward_02_manali,13.168,80.258,ECMWF_ERA5_Reanalysis
2015-06-20,33.0,27.2,29.6,34.4,28.8,31.1,0.0,23.5,37.8,243,8.08,1001.1,ward_02_manali,13.168,80.258,ECMWF_ERA5_Reanalysis
2015-06-21,35.2,28.5,31.2,35.7,29.8,32.1,0.8,28.3,54.4,235,13.63,1001.3,ward_02_manali,13.168,80.258,ECMWF_ERA5_Reanalysis
2015-06-22,35.9,28.4,31.8,36.7,30.1,32.8,0.0,28.8,50.0,225,15.92,1002.6,ward_02_manali,13.168,80.258,ECMWF_ERA5_Reanalysis
2015-06-23,35.9,28.5,32.0,36.9,30.4,33.7,0.0,26.6,47.5,223,20.57,1003.8,ward_02_manali,13.168,80.258,ECMWF_ERA5_Reanalysis
2015-06-24,37.0,28.2,32.3,39.1,30.4,34.3,0.0,23.3,43.9,219,21.88,1004.6,ward_02_manali,13.168,80.258,ECMWF_ERA5_Reanalysis
2015-06-25,37.1,29.0,32.8,37.7,30.3,34.0,0.0,25.4,49.3,231,18.37,1004.0,ward_02_manali,13.168,80.258,ECMWF_ERA5_Reanalysis
2015-06-26,36.9,28.5,31.9,38.9,31.2,33.7,2.3,22.1,43.9,244,16.56,1003.2,ward_02_manali,13.168,80.258,ECMWF_ERA5_Reanalysis
2015-06-27,36.3,29.0,32.2,38.3,30.8,33.8,0.1,26.5,42.1,234,16.78,1003.4,ward_02_manali,13.168,80.258,ECMWF_ERA5_Reanalysis
2015-06-28,36.9,28.4,31.5,42.1,30.0,34.4,1.3,21.3,36.7,217,21.11,1005.4,ward_02_manali,13.168,80.258,ECMWF_ERA5_Reanalysis
2015-06-29,36.0,28.4,31.4,40.1,32.0,34.7,0.0,23.9,43.2,189,22.17,1006.8,ward_02_manali,13.168,80.258,ECMWF_ERA5_Reanalysis
2015-06-30,36.1,28.6,31.5,41.6,32.2,35.1,0.2,24.1,37.8,189,20.88,1006.6,ward_02_manali,13.168,80.258,ECMWF_ERA5_Reanalysis
2015-07-01,36.8,28.9,32.0,41.8,31.7,35.3,0.0,21.2,35.6,191,22.55,1006.9,ward_02_manali,13.168,80.258,ECMWF_ERA5_Reanalysis
2015-07-02,37.4,29.1,32.5,43.0,32.2,36.0,0.0,20.1,33.5,198,23.38,1007.0,ward_02_manali,13.168,80.258,ECMWF_ERA5_Reanalysis
2015-07-03,36.4,27.4,31.4,41.3,31.5,35.1,3.8,19.0,30.6,208,19.58,1006.7,ward_02_manali,13.168,80.258,ECMWF_ERA5_Reanalysis
2015-07-04,37.3,29.5,32.6,42.7,31.8,35.7,0.0,20.9,34.2,214,23.57,1005.7,ward_02_manali,13.168,80.258,ECMWF_ERA5_Reanalysis
2015-07-05,38.2,29.2,33.0,43.5,30.5,35.3,0.0,20.4,38.2,230,24.04,1003.7,ward_02_manali,13.168,80.258,ECMWF_ERA5_Reanalysis
2015-07-06,38.6,29.4,33.3,42.2,30.7,35.1,0.0,21.1,37.1,248,25.46,1002.9,ward_02_manali,13.168,80.258,ECMWF_ERA5_Reanalysis
2015-07-07,37.9,28.6,32.9,41.6,28.6,33.9,0.0,22.1,41.0,246,23.54,1002.7,ward_02_manali,13.168,80.258,ECMWF_ERA5_Reanalysis
2015-07-08,37.6,29.4,32.8,42.5,31.0,35.5,0.1,18.7,40.0,235,21.53,1003.4,ward_02_manali,13.168,80.258,ECMWF_ERA5_Reanalysis
2015-07-09,37.3,29.7,33.2,41.3,31.4,35.3,0.3,17.6,40.0,244,19.7,1003.9,ward_02_manali,13.168,80.258,ECMWF_ERA5_Reanalysis
2015-07-10,36.6,28.4,31.7,39.7,31.7,34.5,6.6,19.3,38.5,241,18.09,1002.3,ward_02_manali,13.168,80.258,ECMWF_ERA5_Reanalysis
2015-07-11,35.5,29.0,32.1,38.9,30.9,34.3,0.0,19.1,40.3,231,18.07,1003.3,ward_02_manali,13.168,80.258,ECMWF_ERA5_Reanalysis
2015-07-12,36.4,29.2,32.1,41.7,31.0,35.1,0.0,18.4,34.2,222,22.55,1003.7,ward_02_manali,13.168,80.258,ECMWF_ERA5_Reanalysis
2015-07-13,37.2,28.1,31.6,43.1,31.8,35.2,1.3,21.5,35.6,203,23.05,1003.0,ward_02_manali,13.168,80.258,ECMWF_ERA5_Reanalysis
2015-07-14,35.2,27.4,31.1,40.0,32.1,35.4,7.8,16.1,28.4,223,19.74,1002.3,ward_02_manali,13.168,80.258,ECMWF_ERA5_Reanalysis
2015-07-15,33.6,27.2,30.2,38.4,31.0,34.5,1.0,19.0,33.1,232,14.03,1001.6,ward_02_manali,13.168,80.258,ECMWF_ERA5_Reanalysis
2015-07-16,35.6,28.2,31.1,41.7,31.1,34.4,0.2,22.5,36.4,213,19.77,1000.5,ward_02_manali,13.168,80.258,ECMWF_ERA5_Reanalysis
2015-07-17,35.6,27.6,31.4,39.3,30.6,34.1,0.3,25.9,45.7,224,18.65,1001.2,ward_02_manali,13.168,80.258,ECMWF_ERA5_Reanalysis
2015-07-18,35.7,27.8,31.4,40.1,30.5,34.1,0.1,21.5,40.0,233,19.02,1002.4,ward_02_manali,13.168,80.258,ECMWF_ERA5_Reanalysis
2015-07-19,36.5,28.3,31.2,41.7,30.8,33.5,3.8,23.5,41.8,247,18.46,1002.7,ward_02_manali,13.168,80.258,ECMWF_ERA5_Reanalysis
2015-07-20,35.1,27.3,30.8,36.9,30.5,32.7,0.6,20.5,50.4,246,14.51,1002.1,ward_02_manali,13.168,80.258,ECMWF_ERA5_Reanalysis
2015-07-21,35.9,26.6,30.4,40.9,30.1,33.5,5.2,24.7,33.1,215,19.22,1002.5,ward_02_manali,13.168,80.258,ECMWF_ERA5_Reanalysis
2015-07-22,34.9,26.8,29.7,40.3,30.2,33.5,7.0,22.4,32.8,201,20.64,1003.6,ward_02_manali,13.168,80.258,ECMWF_ERA5_Reanalysis
2015-07-23,34.5,27.2,29.7,39.7,30.7,33.4,1.4,21.8,40.0,195,22.05,1005.0,ward_02_manali,13.168,80.258,ECMWF_ERA5_Reanalysis
2015-07-24,33.9,26.0,29.4,38.8,29.8,33.8,1.1,19.1,33.5,210,21.4,1006.1,ward_02_manali,13.168,80.258,ECMWF_ERA5_Reanalysis
2015-07-25,34.8,27.5,30.1,39.7,30.3,33.6,0.4,17.5,32.0,221,19.29,1005.6,ward_02_manali,13.168,80.258,ECMWF_ERA5_Reanalysis
2015-07-26,33.6,26.6,29.3,37.1,29.3,32.4,4.2,18.8,30.6,214,15.08,1006.0,ward_02_manali,13.168,80.258,ECMWF_ERA5_Reanalysis
2015-07-27,34.1,26.0,29.1,37.8,29.9,32.8,3.4,17.1,31.7,218,12.9,1007.0,ward_02_manali,13.168,80.258,ECMWF_ERA5_Reanalysis
2015-07-28,34.9,26.6,29.9,40.6,29.3,33.3,3.3,16.9,31.0,219,20.62,1007.2,ward_02_manali,13.168,80.258,ECMWF_ERA5_Reanalysis
2015-07-29,35.2,27.1,30.4,40.1,29.8,33.5,0.0,22.1,32.8,204,21.73,1006.5,ward_02_manali,13.168,80.258,ECMWF_ERA5_Reanalysis
2015-07-30,34.8,27.9,30.8,39.8,30.6,33.9,0.0,21.7,34.9,206,21.84,1006.3,ward_02_manali,13.168,80.258,ECMWF_ERA5_Reanalysis
2015-07-31,33.9,27.1,30.0,38.1,30.7,33.2,1.1,20.3,32.8,209,16.66,1006.1,ward_02_manali,13.168,80.258,ECMWF_ERA5_Reanalysis
2015-08-01,33.3,27.2,30.0,37.2,31.0,33.6,1.2,17.0,28.1,240,16.47,1007.0,ward_02_manali,13.168,80.258,ECMWF_ERA5_Reanalysis
2015-08-02,30.1,26.4,28.0,33.3,29.9,31.6,1.9,19.6,32.8,215,11.48,1007.0,ward_02_manali,13.168,80.258,ECMWF_ERA5_Reanalysis
2015-08-03,34.2,26.5,30.0,39.0,29.3,32.9,3.3,21.0,32.8,216,20.26,1005.5,ward_02_manali,13.168,80.258,ECMWF_ERA5_Reanalysis
2015-08-04,34.0,27.5,29.9,38.3,30.3,33.2,0.7,20.2,36.7,223,19.17,1005.3,ward_02_manali,13.168,80.258,ECMWF_ERA5_Reanalysis
2015-08-05,34.4,26.4,29.5,39.2,29.5,33.0,0.7,20.9,35.6,210,19.41,1004.9,ward_02_manali,13.168,80.258,ECMWF_ERA5_Reanalysis
2015-08-06,34.6,27.4,30.7,38.6,29.4,33.3,0.0,19.4,38.9,237,18.96,1003.8,ward_02_manali,13.168,80.258,ECMWF_ERA5_Reanalysis
2015-08-07,34.1,28.0,30.6,38.0,30.0,33.7,0.3,17.5,37.8,228,16.33,1003.5,ward_02_manali,13.168,80.258,ECMWF_ERA5_Reanalysis
2015-08-08,35.2,26.3,30.5,38.5,31.8,34.6,1.9,17.0,39.2,235,18.62,1003.5,ward_02_manali,13.168,80.258,ECMWF_ERA5_Reanalysis
2015-08-09,34.6,26.9,30.4,39.1,31.1,34.5,5.3,13.7,32.0,244,17.58,1002.0,ward_02_manali,13.168,80.258,ECMWF_ERA5_Reanalysis
2015-08-10,33.6,26.5,29.9,37.5,31.7,34.1,7.9,16.6,35.3,232,17.95,1001.7,ward_02_manali,13.168,80.258,ECMWF_ERA5_Reanalysis
2015-08-11,34.0,26.6,29.9,38.2,31.1,33.8,2.0,18.4,37.8,245,17.4,1003.4,ward_02_manali,13.168,80.258,ECMWF_ERA5_Reanalysis
2015-08-12,32.8,27.0,29.4,36.8,31.3,33.5,0.0,12.3,34.2,243,13.62,1004.7,ward_02_manali,13.168,80.258,ECMWF_ERA5_Reanalysis
2015-08-13,34.5,27.7,30.4,39.4,30.7,34.3,0.0,15.5,32.8,224,18.34,1004.5,ward_02_manali,13.168,80.258,ECMWF_ERA5_Reanalysis
2015-08-14,34.3,27.7,30.4,40.7,32.2,35.0,1.5,17.6,34.2,185,22.93,1004.8,ward_02_manali,13.168,80.258,ECMWF_ERA5_Reanalysis
2015-08-15,34.8,27.7,30.4,41.3,31.0,34.7,1.1,20.4,31.3,198,21.17,1005.6,ward_02_manali,13.168,80.258,ECMWF_ERA5_Reanalysis
2015-08-16,33.1,26.2,29.1,37.5,29.9,33.4,9.0,20.9,34.2,229,19.34,1007.2,ward_02_manali,13.168,80.258,ECMWF_ERA5_Reanalysis
2015-08-17,32.5,24.9,28.4,38.7,29.2,33.1,9.5,19.5,30.6,178,21.52,1006.6,ward_02_manali,13.168,80.258,ECMWF_ERA5_Reanalysis
2015-08-18,31.9,26.2,28.8,36.7,31.3,33.2,0.1,18.0,34.6,175,21.55,1007.4,ward_02_manali,13.168,80.258,ECMWF_ERA5_Reanalysis
2015-08-19,33.0,26.7,29.3,36.4,30.9,33.1,0.4,22.0,37.1,177,21.14,1008.1,ward_02_manali,13.168,80.258,ECMWF_ERA5_Reanalysis
2015-08-20,34.1,27.2,29.9,39.7,30.6,34.3,3.6,21.7,34.9,195,22.91,1007.8,ward_02_manali,13.168,80.258,ECMWF_ERA5_Reanalysis
2015-08-21,32.4,25.7,28.8,38.5,29.6,34.3,25.0,16.8,27.7,228,19.62,1007.9,ward_02_manali,13.168,80.258,ECMWF_ERA5_Reanalysis
2015-08-22,29.3,25.3,27.3,34.6,29.3,31.6,6.7,20.1,28.8,238,7.71,1006.6,ward_02_manali,13.168,80.258,ECMWF_ERA5_Reanalysis
2015-08-23,32.1,25.1,27.9,37.3,28.5,31.9,8.7,20.6,33.8,229,15.98,1006.0,ward_02_manali,13.168,80.258,ECMWF_ERA5_Reanalysis
2015-08-24,33.0,25.7,29.2,37.3,28.9,33.1,0.0,17.4,29.5,246,20.32,1006.5,ward_02_manali,13.168,80.258,ECMWF_ERA5_Reanalysis
2015-08-25,33.8,26.8,30.0,39.1,29.3,33.8,0.0,17.0,31.0,245,23.12,1005.4,ward_02_manali,13.168,80.258,ECMWF_ERA5_Reanalysis
2015-08-26,33.5,26.6,29.6,38.5,30.4,33.5,2.2,16.8,29.2,228,17.23,1004.2,ward_02_manali,13.168,80.258,ECMWF_ERA5_Reanalysis
2015-08-27,31.4,26.2,28.7,35.6,29.9,32.7,3.2,19.2,35.6,233,16.17,1004.4,ward_02_manali,13.168,80.258,ECMWF_ERA5_Reanalysis
2015-08-28,32.7,26.8,29.3,36.5,30.0,32.7,0.0,17.9,31.0,225,16.93,1005.3,ward_02_manali,13.168,80.258,ECMWF_ERA5_Reanalysis
2015-08-29,34.3,25.7,29.7,39.6,29.5,33.6,0.2,19.4,31.0,212,23.82,1005.0,ward_02_manali,13.168,80.258,ECMWF_ERA5_Reanalysis
2015-08-30,34.2,27.1,30.1,40.0,31.7,34.6,1.0,18.1,30.6,198,22.27,1005.9,ward_02_manali,13.168,80.258,ECMWF_ERA5_Reanalysis
2015-08-31,34.1,27.0,30.1,40.0,31.7,34.9,1.6,15.8,27.7,190,21.42,1006.8,ward_02_manali,13.168,80.258,ECMWF_ERA5_Reanalysis
2015-09-01,34.8,27.5,30.4,40.2,30.9,34.6,0.0,18.0,29.2,193,22.76,1005.7,ward_02_manali,13.168,80.258,ECMWF_ERA5_Reanalysis
2015-09-02,33.9,28.0,30.4,40.8,31.3,34.8,0.0,19.3,29.2,182,21.37,1005.5,ward_02_manali,13.168,80.258,ECMWF_ERA5_Reanalysis
2015-09-03,33.0,27.3,29.6,38.2,31.7,34.2,1.1,18.4,33.5,183,21.16,1007.1,ward_02_manali,13.168,80.258,ECMWF_ERA5_Reanalysis
2015-09-04,33.6,26.8,29.5,39.9,31.5,34.3,0.8,16.6,31.3,171,23.12,1009.0,ward_02_manali,13.168,80.258,ECMWF_ERA5_Reanalysis
2015-09-05,33.0,26.6,29.5,38.8,31.6,34.1,0.0,19.8,34.6,184,21.89,1009.7,ward_02_manali,13.168,80.258,ECMWF_ERA5_Reanalysis
2015-09-06,34.8,27.4,30.1,39.4,30.6,33.8,0.6,23.1,40.7,197,22.02,1008.7,ward_02_manali,13.168,80.258,ECMWF_ERA5_Reanalysis
2015-09-07,31.5,25.5,27.9,36.5,29.6,32.4,9.2,18.7,33.1,223,12.1,1009.1,ward_02_manali,13.168,80.258,ECMWF_ERA5_Reanalysis
2015-09-08,33.0,25.8,29.0,37.3,29.7,32.8,0.0,15.3,34.6,214,16.9,1008.3,ward_02_manali,13.168,80.258,ECMWF_ERA5_Reanalysis
2015-09-09,32.8,25.9,29.2,36.9,30.3,33.0,3.0,14.4,30.2,205,16.39,1007.9,ward_02_manali,13.168,80.258,ECMWF_ERA5_Reanalysis
2015-09-10,32.1,25.8,28.2,37.4,31.4,33.4,39.7,11.2,27.7,229,17.82,1007.7,ward_02_manali,13.168,80.258,ECMWF_ERA5_Reanalysis
2015-09-11,29.9,26.1,27.9,34.3,30.2,32.2,0.1,14.5,27.7,236,10.5,1006.9,ward_02_manali,13.168,80.258,ECMWF_ERA5_Reanalysis
2015-09-12,30.8,26.2,28.3,35.0,31.1,32.6,1.4,17.1,32.4,248,11.11,1006.7,ward_02_manali,13.168,80.258,ECMWF_ERA5_Reanalysis
2015-09-13,33.6,26.0,29.4,38.3,29.4,33.2,0.0,15.8,29.5,233,20.52,1006.8,ward_02_manali,13.168,80.258,ECMWF_ERA5_Reanalysis
2015-09-14,32.2,27.3,29.3,36.4,29.7,33.0,1.6,17.2,30.6,231,14.89,1005.7,ward_02_manali,13.168,80.258,ECMWF_ERA5_Reanalysis
2015-09-15,33.4,27.7,29.6,35.6,28.8,31.9,0.7,19.3,37.8,234,14.34,1004.2,ward_02_manali,13.168,80.258,ECMWF_ERA5_Reanalysis
2015-09-16,34.2,27.8,30.6,36.6,29.3,33.0,0.0,22.1,42.5,261,20.75,1002.4,ward_02_manali,13.168,80.258,ECMWF_ERA5_Reanalysis
2015-09-17,34.2,27.8,30.3,38.9,30.2,33.8,1.5,17.6,36.4,234,20.25,1002.0,ward_02_manali,13.168,80.258,ECMWF_ERA5_Reanalysis
2015-09-18,33.9,27.4,30.4,38.3,31.4,34.5,0.5,16.0,26.3,214,18.56,1003.0,ward_02_manali,13.168,80.258,ECMWF_ERA5_Reanalysis
2015-09-19,32.0,26.2,28.4,37.3,31.5,33.6,10.0,17.3,31.3,169,13.74,1004.4,ward_02_manali,13.168,80.258,ECMWF_ERA5_Reanalysis
2015-09-20,33.6,27.1,29.9,39.0,32.3,35.1,2.0,15.5,27.0,191,18.38,1004.5,ward_02_manali,13.168,80.258,ECMWF_ERA5_Reanalysis
2015-09-21,33.4,26.6,29.5,40.5,31.8,34.6,0.4,15.3,25.6,169,22.1,1005.9,ward_02_manali,13.168,80.258,ECMWF_ERA5_Reanalysis
2015-09-22,32.8,27.0,29.7,37.8,32.0,34.4,0.0,15.3,27.7,172,21.55,1006.7,ward_02_manali,13.168,80.258,ECMWF_ERA5_Reanalysis
2015-09-23,33.6,27.3,29.9,39.7,32.4,34.9,0.0,14.3,26.3,176,22.82,1008.0,ward_02_manali,13.168,80.258,ECMWF_ERA5_Reanalysis
2015-09-24,34.4,27.0,30.0,39.4,32.2,34.6,0.0,19.1,31.0,186,23.22,1007.4,ward_02_manali,13.168,80.258,ECMWF_ERA5_Reanalysis
2015-09-25,34.6,26.7,29.9,41.4,31.2,34.9,1.4,17.7,30.2,180,23.17,1006.0,ward_02_manali,13.168,80.258,ECMWF_ERA5_Reanalysis
2015-09-26,33.9,25.6,29.1,40.9,30.8,34.7,14.1,15.5,25.9,229,22.63,1006.3,ward_02_manali,13.168,80.258,ECMWF_ERA5_Reanalysis
2015-09-27,32.4,25.8,28.8,39.1,31.1,34.4,0.1,10.9,26.3,196,20.89,1006.5,ward_02_manali,13.168,80.258,ECMWF_ERA5_Reanalysis
2015-09-28,32.4,25.0,28.1,38.0,28.5,32.8,1.5,17.0,29.2,137,21.45,1006.1,ward_02_manali,13.168,80.258,ECMWF_ERA5_Reanalysis
2015-09-29,30.7,25.4,27.8,35.8,30.8,32.8,1.3,10.7,24.5,148,12.25,1006.6,ward_02_manali,13.168,80.258,ECMWF_ERA5_Reanalysis
2015-09-30,30.6,24.9,27.3,36.7,30.5,32.6,6.7,10.6,24.5,123,18.85,1008.3,ward_02_manali,13.168,80.258,ECMWF_ERA5_Reanalysis
2015-10-01,30.4,25.0,27.7,36.2,30.6,32.6,2.6,15.0,29.9,175,17.71,1009.2,ward_02_manali,13.168,80.258,ECMWF_ERA5_Reanalysis
2015-10-02,33.2,26.0,28.9,38.8,30.4,33.8,12.0,14.8,27.7,203,20.03,1009.8,ward_02_manali,13.168,80.258,ECMWF_ERA5_Reanalysis
2015-10-03,31.4,25.1,28.0,36.1,29.6,33.3,6.5,15.2,33.8,280,15.22,1009.8,ward_02_manali,13.168,80.258,ECMWF_ERA5_Reanalysis
2015-10-04,31.5,25.6,28.0,37.7,30.0,33.1,9.8,15.3,28.1,264,16.54,1009.0,ward_02_manali,13.168,80.258,ECMWF_ERA5_Reanalysis
2015-10-05,30.8,25.5,27.4,37.1,29.9,32.6,4.3,13.5,20.5,260,15.36,1008.4,ward_02_manali,13.168,80.258,ECMWF_ERA5_Reanalysis
2015-10-06,31.8,24.5,27.8,38.6,29.1,32.8,0.6,13.6,22.3,222,21.2,1007.3,ward_02_manali,13.168,80.258,ECMWF_ERA5_Reanalysis
2015-10-07,32.2,25.4,28.4,38.9,29.8,33.8,3.0,12.6,25.2,213,21.09,1007.4,ward_02_manali,13.168,80.258,ECMWF_ERA5_Reanalysis
2015-10-08,33.2,25.8,28.7,39.4,30.4,33.6,2.1,12.9,27.0,212,19.59,1007.7,ward_02_manali,13.168,80.258,ECMWF_ERA5_Reanalysis
2015-10-09,32.8,26.5,28.8,38.2,30.6,33.7,1.5,14.8,25.2,210,16.96,1007.5,ward_02_manali,13.168,80.258,ECMWF_ERA5_Reanalysis
2015-10-10,32.9,25.8,29.0,38.6,30.1,34.1,13.5,19.8,31.3,221,17.56,1008.2,ward_02_manali,13.168,80.258,ECMWF_ERA5_Reanalysis
2015-10-11,32.1,25.9,28.6,39.4,30.2,34.0,0.1,12.2,22.7,220,19.02,1009.5,ward_02_manali,13.168,80.258,ECMWF_ERA5_Reanalysis
2015-10-12,33.1,25.7,28.6,40.0,30.6,34.1,0.0,11.2,26.3,175,22.88,1010.2,ward_02_manali,13.168,80.258,ECMWF_ERA5_Reanalysis
2015-10-13,32.7,25.2,28.3,38.2,30.2,33.3,0.0,12.3,24.5,183,22.35,1010.2,ward_02_manali,13.168,80.258,ECMWF_ERA5_Reanalysis
2015-10-14,32.7,23.9,27.8,38.7,28.8,32.6,0.0,10.9,24.5,173,22.68,1010.7,ward_02_manali,13.168,80.258,ECMWF_ERA5_Reanalysis
2015-10-15,32.0,23.5,27.8,37.5,28.0,32.2,0.0,11.7,23.0,166,22.38,1010.5,ward_02_manali,13.168,80.258,ECMWF_ERA5_Reanalysis
2015-10-16,31.4,24.1,27.7,36.5,29.4,32.3,0.0,13.4,27.4,116,21.14,1010.8,ward_02_manali,13.168,80.258,ECMWF_ERA5_Reanalysis
2015-10-17,31.1,24.1,27.7,35.9,29.1,32.5,0.6,15.5,29.9,79,19.11,1011.2,ward_02_manali,13.168,80.258,ECMWF_ERA5_Reanalysis
2015-10-18,32.0,24.8,28.4,36.7,30.2,33.0,0.3,16.5,32.0,65,19.85,1011.8,ward_02_manali,13.168,80.258,ECMWF_ERA5_Reanalysis
2015-10-19,31.8,25.3,28.4,36.9,31.4,33.6,0.6,16.2,31.3,71,20.27,1011.3,ward_02_manali,13.168,80.258,ECMWF_ERA5_Reanalysis
2015-10-20,31.9,25.1,28.6,37.7,31.1,33.8,0.0,13.4,26.6,87,20.28,1009.8,ward_02_manali,13.168,80.258,ECMWF_ERA5_Reanalysis
2015-10-21,32.5,25.2,28.4,37.1,30.3,33.1,0.0,14.5,28.4,92,21.38,1009.3,ward_02_manali,13.168,80.258,ECMWF_ERA5_Reanalysis
2015-10-22,32.4,23.4,27.7,36.4,28.1,31.8,0.0,15.0,30.6,63,23.15,1010.3,ward_02_manali,13.168,80.258,ECMWF_ERA5_Reanalysis
2015-10-23,30.9,23.2,27.4,35.9,27.5,31.7,0.8,15.8,31.7,47,17.72,1010.1,ward_02_manali,13.168,80.258,ECMWF_ERA5_Reanalysis
2015-10-24,32.0,25.0,28.1,35.1,29.3,31.4,0.0,16.0,32.4,56,22.22,1009.9,ward_02_manali,13.168,80.258,ECMWF_ERA5_Reanalysis
2015-10-25,30.8,25.1,27.9,33.8,28.8,30.9,0.8,18.4,36.0,58,18.11,1010.9,ward_02_manali,13.168,80.258,ECMWF_ERA5_Reanalysis
2015-10-26,31.7,25.1,28.0,34.8,29.1,31.2,1.6,19.7,37.4,49,20.61,1011.3,ward_02_manali,13.168,80.258,ECMWF_ERA5_Reanalysis
2015-10-27,30.2,24.8,27.3,33.0,29.1,30.7,2.2,20.2,37.4,38,14.17,1011.0,ward_02_manali,13.168,80.258,ECMWF_ERA5_Reanalysis
2015-10-28,29.7,24.1,26.4,33.9,28.5,31.0,12.6,13.3,28.8,85,13.05,1011.1,ward_02_manali,13.168,80.258,ECMWF_ERA5_Reanalysis
2015-10-29,28.5,24.4,26.5,32.6,28.6,30.6,3.1,17.8,34.2,42,13.84,1010.4,ward_02_manali,13.168,80.258,ECMWF_ERA5_Reanalysis
2015-10-30,27.6,24.7,25.9,32.7,29.5,31.0,12.4,11.4,23.8,45,8.39,1009.3,ward_02_manali,13.168,80.258,ECMWF_ERA5_Reanalysis
2015-10-31,27.9,24.1,25.6,33.0,28.9,30.8,11.2,10.0,22.3,330,7.47,1009.1,ward_02_manali,13.168,80.258,ECMWF_ERA5_Reanalysis
2015-11-01,30.0,24.5,26.2,36.2,28.8,30.9,18.9,14.2,31.0,194,11.48,1010.3,ward_02_manali,13.168,80.258,ECMWF_ERA5_Reanalysis
2015-11-02,28.4,23.9,25.9,33.5,28.1,30.7,6.0,12.5,20.9,215,10.2,1011.4,ward_02_manali,13.168,80.258,ECMWF_ERA5_Reanalysis
2015-11-03,30.2,24.1,26.7,36.4,29.1,32.1,13.7,10.5,19.1,172,17.02,1011.3,ward_02_manali,13.168,80.258,ECMWF_ERA5_Reanalysis
2015-11-04,30.3,24.8,27.0,35.2,30.2,32.1,5.0,14.7,28.4,15,17.51,1010.6,ward_02_manali,13.168,80.258,ECMWF_ERA5_Reanalysis
2015-11-05,29.5,24.3,26.7,34.9,28.9,31.4,2.9,11.2,28.8,46,16.78,1010.3,ward_02_manali,13.168,80.258,ECMWF_ERA5_Reanalysis
2015-11-06,29.6,24.4,26.7,34.6,29.2,31.0,2.2,21.4,37.8,31,17.77,1009.6,ward_02_manali,13.168,80.258,ECMWF_ERA5_Reanalysis
2015-11-07,28.4,24.5,26.3,32.6,28.8,30.3,7.1,20.2,35.6,39,14.49,1010.2,ward_02_manali,13.168,80.258,ECMWF_ERA5_Reanalysis
2015-11-08,26.0,24.6,25.1,29.1,25.7,27.4,51.7,37.1,55.4,27,5.57,1009.3,ward_02_manali,13.168,80.258,ECMWF_ERA5_Reanalysis
2015-11-09,26.0,25.0,25.4,28.0,25.3,26.5,109.6,44.0,73.4,67,3.83,1004.3,ward_02_manali,13.168,80.258,ECMWF_ERA5_Reanalysis
2015-11-10,27.2,24.6,25.7,27.9,25.8,27.0,2.4,30.4,54.7,140,14.1,1005.0,ward_02_manali,13.168,80.258,ECMWF_ERA5_Reanalysis
2015-11-11,28.1,24.4,25.5,32.7,27.5,29.6,23.0,19.5,35.6,99,10.1,1009.0,ward_02_manali,13.168,80.258,ECMWF_ERA5_Reanalysis
2015-11-12,27.9,24.3,25.8,32.3,27.6,29.9,19.1,16.4,31.0,32,13.32,1011.0,ward_02_manali,13.168,80.258,ECMWF_ERA5_Reanalysis
2015-11-13,28.0,24.5,25.9,30.0,27.2,28.5,18.1,25.6,45.7,19,7.95,1011.4,ward_02_manali,13.168,80.258,ECMWF_ERA5_Reanalysis
2015-11-14,29.2,25.1,26.7,30.9,27.9,28.9,4.0,25.3,42.8,25,13.38,1009.6,ward_02_manali,13.168,80.258,ECMWF_ERA5_Reanalysis
2015-11-15,25.9,24.7,25.3,29.4,26.4,28.0,54.6,30.0,40.0,43,4.25,1007.8,ward_02_manali,13.168,80.258,ECMWF_ERA5_Reanalysis
2015-11-16,25.6,24.8,25.2,30.9,26.6,28.3,112.2,29.2,50.8,68,1.56,1006.0,ward_02_manali,13.168,80.258,ECMWF_ERA5_Reanalysis
2015-11-17,26.2,22.7,24.3,29.4,25.7,27.3,0.0,14.8,25.2,278,8.04,1006.5,ward_02_manali,13.168,80.258,ECMWF_ERA5_Reanalysis
2015-11-18,28.3,23.1,25.3,33.3,26.1,29.6,7.2,10.5,21.6,344,13.31,1008.2,ward_02_manali,13.168,80.258,ECMWF_ERA5_Reanalysis
2015-11-19,27.5,24.2,25.1,32.5,29.3,30.2,22.2,14.9,27.0,94,8.19,1009.8,ward_02_manali,13.168,80.258,ECMWF_ERA5_Reanalysis
2015-11-20,27.8,24.1,25.4,32.3,28.6,29.9,16.3,14.0,28.8,74,11.65,1010.3,ward_02_manali,13.168,80.258,ECMWF_ERA5_Reanalysis
2015-11-21,28.1,24.0,25.7,32.4,28.0,29.7,8.6,18.4,34.2,57,15.39,1010.2,ward_02_manali,13.168,80.258,ECMWF_ERA5_Reanalysis
2015-11-22,27.1,24.4,25.4,31.2,27.8,29.4,20.3,17.9,34.2,67,11.0,1010.3,ward_02_manali,13.168,80.258,ECMWF_ERA5_Reanalysis
2015-11-23,28.4,24.2,25.6,33.0,28.2,29.9,13.0,15.0,30.6,68,12.46,1011.3,ward_02_manali,13.168,80.258,ECMWF_ERA5_Reanalysis
2015-11-24,28.7,23.5,26.0,33.3,27.6,30.2,1.0,17.8,33.1,38,16.92,1011.7,ward_02_manali,13.168,80.258,ECMWF_ERA5_Reanalysis
2015-11-25,28.7,23.2,26.0,31.6,27.3,29.2,0.3,19.0,33.1,30,17.43,1011.2,ward_02_manali,13.168,80.258,ECMWF_ERA5_Reanalysis
2015-11-26,28.3,24.3,26.2,30.9,28.0,29.1,2.6,17.8,32.0,31,13.68,1011.1,ward_02_manali,13.168,80.258,ECMWF_ERA5_Reanalysis
2015-11-27,28.5,23.0,25.9,33.4,26.1,29.4,0.0,14.0,24.1,41,19.29,1010.3,ward_02_manali,13.168,80.258,ECMWF_ERA5_Reanalysis
2015-11-28,28.3,21.8,25.3,30.8,25.0,28.1,0.7,19.1,33.5,34,15.41,1012.0,ward_02_manali,13.168,80.258,ECMWF_ERA5_Reanalysis
2015-11-29,27.5,24.4,25.4,32.0,27.6,29.2,18.5,17.8,31.7,58,12.22,1012.4,ward_02_manali,13.168,80.258,ECMWF_ERA5_Reanalysis
2015-11-30,26.7,24.3,25.1,30.3,27.0,28.6,11.3,23.2,38.5,45,7.62,1012.8,ward_02_manali,13.168,80.258,ECMWF_ERA5_Reanalysis
2015-12-01,25.5,24.1,24.8,28.6,26.8,27.7,41.1,25.5,40.0,65,3.16,1011.1,ward_02_manali,13.168,80.258,ECMWF_ERA5_Reanalysis
2015-12-02,24.9,24.1,24.4,28.8,26.9,27.9,64.4,19.7,29.9,59,2.25,1011.4,ward_02_manali,13.168,80.258,ECMWF_ERA5_Reanalysis
2015-12-03,26.2,24.2,25.1,28.8,26.9,27.6,23.5,25.2,41.8,42,4.88,1011.1,ward_02_manali,13.168,80.258,ECMWF_ERA5_Reanalysis
2015-12-04,27.9,23.6,25.5,29.8,26.2,28.1,9.0,27.0,50.8,33,11.21,1011.0,ward_02_manali,13.168,80.258,ECMWF_ERA5_Reanalysis
2015-12-05,28.1,24.5,25.9,30.2,27.2,28.3,6.1,26.0,45.7,43,10.3,1011.2,ward_02_manali,13.168,80.258,ECMWF_ERA5_Reanalysis
2015-12-06,26.6,24.3,25.5,29.7,27.3,28.5,9.6,21.4,37.1,46,8.19,1011.8,ward_02_manali,13.168,80.258,ECMWF_ERA5_Reanalysis
2015-12-07,28.1,25.1,26.2,30.0,26.9,28.0,0.0,25.4,43.9,32,16.64,1012.3,ward_02_manali,13.168,80.258,ECMWF_ERA5_Reanalysis
2015-12-08,28.0,24.7,25.9,29.9,26.7,27.7,1.1,25.7,45.7,26,17.27,1012.7,ward_02_manali,13.168,80.258,ECMWF_ERA5_Reanalysis
2015-12-09,26.8,24.0,25.3,30.5,26.8,28.6,19.2,18.6,32.4,55,8.45,1012.8,ward_02_manali,13.168,80.258,ECMWF_ERA5_Reanalysis
2015-12-10,28.0,23.5,25.6,30.9,26.9,28.7,1.1,20.9,35.6,34,14.46,1012.8,ward_02_manali,13.168,80.258,ECMWF_ERA5_Reanalysis
2015-12-11,28.3,24.0,25.7,33.4,28.3,30.2,1.9,9.5,19.4,78,13.42,1011.4,ward_02_manali,13.168,80.258,ECMWF_ERA5_Reanalysis
2015-12-12,29.0,23.2,25.9,33.5,27.4,29.9,0.0,11.9,21.2,131,16.76,1010.4,ward_02_manali,13.168,80.258,ECMWF_ERA5_Reanalysis
2015-12-13,28.7,22.1,25.3,32.6,26.0,28.8,0.0,9.8,18.0,114,18.91,1010.8,ward_02_manali,13.168,80.258,ECMWF_ERA5_Reanalysis
2015-12-14,28.3,21.8,25.1,32.4,25.3,28.7,0.0,11.2,22.3,64,15.77,1011.5,ward_02_manali,13.168,80.258,ECMWF_ERA5_Reanalysis
2015-12-15,27.7,21.6,24.5,31.5,24.0,27.6,0.0,9.4,19.8,62,17.76,1011.7,ward_02_manali,13.168,80.258,ECMWF_ERA5_Reanalysis
2015-12-16,28.3,20.1,24.4,31.7,23.1,27.3,0.0,10.2,19.1,81,17.23,1012.4,ward_02_manali,13.168,80.258,ECMWF_ERA5_Reanalysis
2015-12-17,28.1,21.4,25.0,30.8,24.6,28.0,0.0,11.2,23.0,81,15.56,1012.1,ward_02_manali,13.168,80.258,ECMWF_ERA5_Reanalysis
2015-12-18,28.8,21.3,25.6,32.4,24.5,29.0,0.0,10.8,23.0,85,17.67,1012.7,ward_02_manali,13.168,80.258,ECMWF_ERA5_Reanalysis
2015-12-19,28.6,23.0,25.6,32.5,26.5,29.2,0.3,14.8,28.1,89,17.21,1014.4,ward_02_manali,13.168,80.258,ECMWF_ERA5_Reanalysis
2015-12-20,28.3,22.1,25.1,32.4,25.7,28.4,0.0,14.5,24.8,66,17.29,1014.4,ward_02_manali,13.168,80.258,ECMWF_ERA5_Reanalysis
2015-12-21,28.4,20.9,24.7,33.0,24.4,28.2,0.0,10.1,15.5,120,18.85,1013.9,ward_02_manali,13.168,80.258,ECMWF_ERA5_Reanalysis
2015-12-22,28.8,21.5,25.1,33.3,24.9,28.8,0.0,10.9,20.2,112,17.8,1014.5,ward_02_manali,13.168,80.258,ECMWF_ERA5_Reanalysis
2015-12-23,28.7,23.2,25.6,32.7,26.6,29.0,0.0,11.3,20.5,78,17.72,1014.6,ward_02_manali,13.168,80.258,ECMWF_ERA5_Reanalysis
2015-12-24,28.6,22.0,25.3,32.8,25.7,28.9,0.0,12.2,23.0,51,18.19,1013.7,ward_02_manali,13.168,80.258,ECMWF_ERA5_Reanalysis
2015-12-25,28.5,22.4,25.4,31.9,26.4,28.6,0.0,15.6,29.5,35,18.47,1013.8,ward_02_manali,13.168,80.258,ECMWF_ERA5_Reanalysis
2015-12-26,27.2,23.0,24.8,28.3,25.8,26.9,2.1,25.0,43.6,16,15.55,1014.4,ward_02_manali,13.168,80.258,ECMWF_ERA5_Reanalysis
2015-12-27,27.9,24.2,25.6,29.1,25.8,26.9,0.4,29.0,48.6,41,17.28,1015.5,ward_02_manali,13.168,80.258,ECMWF_ERA5_Reanalysis
2015-12-28,27.7,23.3,25.2,29.0,24.8,26.3,0.0,20.5,36.7,34,17.42,1017.0,ward_02_manali,13.168,80.258,ECMWF_ERA5_Reanalysis
2015-12-29,27.8,22.4,24.7,29.9,24.7,26.6,0.0,19.2,35.3,33,18.75,1015.7,ward_02_manali,13.168,80.258,ECMWF_ERA5_Reanalysis
2015-12-30,27.8,22.4,24.6,30.6,25.0,27.0,0.0,15.3,29.9,42,18.68,1014.5,ward_02_manali,13.168,80.258,ECMWF_ERA5_Reanalysis
2015-12-31,27.9,21.2,24.5,29.9,23.7,26.3,0.0,19.6,35.3,43,17.99,1015.2,ward_02_manali,13.168,80.258,ECMWF_ERA5_Reanalysis
2016-01-01,28.0,23.2,25.2,28.8,25.0,26.3,0.0,23.5,41.4,43,16.58,1016.5,ward_02_manali,13.168,80.258,ECMWF_ERA5_Reanalysis
2016-01-02,28.0,22.3,24.6,30.5,24.5,26.6,0.0,17.9,33.5,33,18.55,1016.7,ward_02_manali,13.168,80.258,ECMWF_ERA5_Reanalysis
2016-01-03,28.6,19.3,24.0,31.9,21.7,26.8,0.0,10.9,22.3,44,20.19,1015.4,ward_02_manali,13.168,80.258,ECMWF_ERA5_Reanalysis
2016-01-04,28.6,20.4,24.5,31.5,23.6,27.2,0.0,15.0,28.1,44,20.58,1015.5,ward_02_manali,13.168,80.258,ECMWF_ERA5_Reanalysis
2016-01-05,27.8,21.8,24.6,30.5,24.4,26.9,0.0,14.8,29.2,48,19.19,1014.9,ward_02_manali,13.168,80.258,ECMWF_ERA5_Reanalysis
2016-01-06,27.9,22.4,24.8,30.1,25.0,26.7,0.0,18.4,33.5,45,17.97,1014.8,ward_02_manali,13.168,80.258,ECMWF_ERA5_Reanalysis
2016-01-07,27.8,21.9,24.8,29.5,23.6,26.3,0.0,18.6,34.2,50,19.03,1015.6,ward_02_manali,13.168,80.258,ECMWF_ERA5_Reanalysis
2016-01-08,27.7,21.7,24.5,29.5,23.5,26.0,0.0,18.2,34.2,34,18.78,1015.5,ward_02_manali,13.168,80.258,ECMWF_ERA5_Reanalysis
2016-01-09,27.8,19.6,23.5,30.2,21.9,25.5,0.0,12.0,23.8,53,19.7,1013.8,ward_02_manali,13.168,80.258,ECMWF_ERA5_Reanalysis
2016-01-10,27.8,19.2,23.3,29.8,21.4,25.3,0.0,11.7,23.4,71,20.34,1014.8,ward_02_manali,13.168,80.258,ECMWF_ERA5_Reanalysis
2016-01-11,27.8,18.7,23.3,30.0,20.6,25.2,0.0,11.9,24.5,59,20.26,1015.0,ward_02_manali,13.168,80.258,ECMWF_ERA5_Reanalysis
2016-01-12,28.0,19.3,23.5,30.4,21.4,25.6,0.0,11.3,23.8,57,20.45,1013.5,ward_02_manali,13.168,80.258,ECMWF_ERA5_Reanalysis
2016-01-13,28.1,19.5,23.9,30.9,22.0,26.1,0.0,11.2,22.3,93,19.31,1012.7,ward_02_manali,13.168,80.258,ECMWF_ERA5_Reanalysis
2016-01-14,28.0,20.3,24.2,30.6,23.1,26.2,0.0,14.1,27.4,75,20.53,1013.1,ward_02_manali,13.168,80.258,ECMWF_ERA5_Reanalysis
2016-01-15,27.6,21.2,24.0,28.9,22.3,25.1,0.0,15.4,26.6,74,17.73,1012.5,ward_02_manali,13.168,80.258,ECMWF_ERA5_Reanalysis
2016-01-16,27.4,19.3,23.3,29.7,20.5,24.6,0.0,13.2,25.2,64,20.46,1011.8,ward_02_manali,13.168,80.258,ECMWF_ERA5_Reanalysis
2016-01-17,27.9,21.0,24.1,30.8,22.8,26.0,0.0,12.3,24.8,97,19.7,1011.5,ward_02_manali,13.168,80.258,ECMWF_ERA5_Reanalysis
2016-01-18,27.9,20.5,24.7,29.8,23.3,26.4,0.0,14.4,29.2,103,17.33,1010.8,ward_02_manali,13.168,80.258,ECMWF_ERA5_Reanalysis
2016-01-19,28.9,21.4,25.5,30.9,24.6,27.6,0.0,15.8,30.6,123,17.17,1010.7,ward_02_manali,13.168,80.258,ECMWF_ERA5_Reanalysis
2016-01-20,27.3,23.2,25.4,30.5,26.6,28.4,0.0,12.1,18.4,106,6.22,1011.7,ward_02_manali,13.168,80.258,ECMWF_ERA5_Reanalysis
2016-01-21,28.8,24.3,25.9,31.5,27.1,28.9,0.0,15.0,28.8,65,13.51,1012.5,ward_02_manali,13.168,80.258,ECMWF_ERA5_Reanalysis
2016-01-22,27.9,23.5,25.4,31.1,26.7,28.2,1.3,17.1,29.9,54,14.9,1013.3,ward_02_manali,13.168,80.258,ECMWF_ERA5_Reanalysis
2016-01-23,27.6,22.9,24.9,30.6,25.8,27.6,4.1,19.6,35.3,43,15.98,1014.4,ward_02_manali,13.168,80.258,ECMWF_ERA5_Reanalysis
2016-01-24,28.3,23.3,25.6,31.0,26.3,28.1,1.5,20.6,38.9,61,17.29,1014.7,ward_02_manali,13.168,80.258,ECMWF_ERA5_Reanalysis
2016-01-25,28.7,23.0,25.6,32.1,26.3,28.3,0.0,13.2,26.6,75,19.05,1013.5,ward_02_manali,13.168,80.258,ECMWF_ERA5_Reanalysis
2016-01-26,29.1,22.3,25.3,32.2,25.8,28.1,0.0,14.8,26.6,94,19.42,1013.1,ward_02_manali,13.168,80.258,ECMWF_ERA5_Reanalysis
2016-01-27,29.2,21.9,25.2,32.8,25.5,28.0,0.0,13.0,24.5,105,21.07,1012.9,ward_02_manali,13.168,80.258,ECMWF_ERA5_Reanalysis
2016-01-28,29.9,20.2,24.8,33.9,23.2,27.9,0.0,12.2,24.1,126,21.69,1012.8,ward_02_manali,13.168,80.258,ECMWF_ERA5_Reanalysis
2016-01-29,29.8,20.6,24.8,33.8,24.0,28.2,0.0,11.0,23.4,93,21.02,1013.8,ward_02_manali,13.168,80.258,ECMWF_ERA5_Reanalysis
2016-01-30,29.5,20.0,24.6,33.2,23.4,27.8,0.0,12.4,23.0,64,20.76,1013.8,ward_02_manali,13.168,80.258,ECMWF_ERA5_Reanalysis
2016-01-31,29.3,20.8,24.4,32.8,24.0,27.5,0.0,11.1,22.0,75,20.48,1013.3,ward_02_manali,13.168,80.258,ECMWF_ERA5_Reanalysis
2016-02-01,29.4,19.5,23.9,33.1,22.6,27.1,0.0,10.0,22.3,80,21.83,1013.4,ward_02_manali,13.168,80.258,ECMWF_ERA5_Reanalysis
2016-02-02,29.8,18.5,23.7,33.1,20.7,26.5,0.0,9.4,20.5,132,21.88,1013.6,ward_02_manali,13.168,80.258,ECMWF_ERA5_Reanalysis
2016-02-03,29.7,19.2,24.2,34.2,21.7,27.3,0.0,9.7,20.2,141,21.01,1012.8,ward_02_manali,13.168,80.258,ECMWF_ERA5_Reanalysis
2016-02-04,29.7,19.1,24.2,33.4,21.4,27.2,0.0,13.8,26.3,111,22.02,1012.9,ward_02_manali,13.168,80.258,ECMWF_ERA5_Reanalysis
2016-02-05,29.5,22.5,25.5,33.2,25.8,28.6,0.0,13.1,25.6,92,21.18,1012.7,ward_02_manali,13.168,80.258,ECMWF_ERA5_Reanalysis
2016-02-06,29.0,22.1,25.4,32.8,24.9,27.9,0.0,13.7,27.7,102,18.97,1011.6,ward_02_manali,13.168,80.258,ECMWF_ERA5_Reanalysis
2016-02-07,29.8,22.4,26.0,33.1,26.2,28.6,0.0,17.2,31.0,78,20.47,1012.7,ward_02_manali,13.168,80.258,ECMWF_ERA5_Reanalysis
2016-02-08,29.7,22.9,25.9,33.3,26.3,28.9,0.0,14.4,28.1,82,21.41,1012.4,ward_02_manali,13.168,80.258,ECMWF_ERA5_Reanalysis
2016-02-09,30.2,21.4,25.4,34.3,24.3,28.7,0.0,13.7,25.9,83,22.45,1012.2,ward_02_manali,13.168,80.258,ECMWF_ERA5_Reanalysis
2016-02-10,30.9,20.0,25.1,34.4,23.0,28.2,0.0,15.6,29.5,133,22.2,1011.7,ward_02_manali,13.168,80.258,ECMWF_ERA5_Reanalysis
2016-02-11,31.0,20.8,25.7,33.5,23.5,28.1,0.0,17.2,32.8,160,21.97,1010.9,ward_02_manali,13.168,80.258,ECMWF_ERA5_Reanalysis
2016-02-12,30.6,21.9,25.8,33.6,24.8,28.6,0.0,15.1,29.2,154,21.0,1011.0,ward_02_manali,13.168,80.258,ECMWF_ERA5_Reanalysis
2016-02-13,30.7,21.2,25.7,34.5,24.8,29.0,0.0,16.1,30.6,128,21.87,1011.4,ward_02_manali,13.168,80.258,ECMWF_ERA5_Reanalysis
2016-02-14,29.3,22.4,25.4,32.5,25.4,28.1,0.0,14.1,28.8,107,22.06,1012.0,ward_02_manali,13.168,80.258,ECMWF_ERA5_Reanalysis
2016-02-15,29.5,21.5,25.7,31.8,24.4,27.9,0.0,16.1,31.3,81,18.14,1013.3,ward_02_manali,13.168,80.258,ECMWF_ERA5_Reanalysis
2016-02-16,30.1,23.0,26.1,33.5,26.1,28.8,0.0,18.2,34.9,72,22.06,1013.6,ward_02_manali,13.168,80.258,ECMWF_ERA5_Reanalysis
2016-02-17,29.3,24.0,26.6,31.0,26.5,28.6,0.0,18.0,34.2,59,14.86,1013.7,ward_02_manali,13.168,80.258,ECMWF_ERA5_Reanalysis
2016-02-18,30.6,24.1,27.1,33.6,27.3,29.7,0.0,16.5,32.8,61,21.97,1013.5,ward_02_manali,13.168,80.258,ECMWF_ERA5_Reanalysis
2016-02-19,30.7,22.1,26.4,34.3,25.8,29.8,0.0,14.5,29.2,56,22.79,1014.2,ward_02_manali,13.168,80.258,ECMWF_ERA5_Reanalysis
2016-02-20,31.8,23.1,27.2,36.7,28.0,31.4,0.0,15.4,29.5,109,22.95,1013.7,ward_02_manali,13.168,80.258,ECMWF_ERA5_Reanalysis
2016-02-21,32.4,23.9,27.3,37.6,28.1,31.4,0.0,18.2,31.7,156,22.57,1012.4,ward_02_manali,13.168,80.258,ECMWF_ERA5_Reanalysis
2016-02-22,32.3,23.7,27.0,36.4,27.2,30.4,0.0,19.0,33.5,161,23.16,1012.9,ward_02_manali,13.168,80.258,ECMWF_ERA5_Reanalysis
2016-02-23,31.3,22.8,26.4,34.4,25.9,28.8,0.0,19.5,34.9,161,23.05,1012.4,ward_02_manali,13.168,80.258,ECMWF_ERA5_Reanalysis
2016-02-24,31.6,22.6,26.6,34.1,24.7,28.4,0.0,18.0,33.1,165,23.64,1011.5,ward_02_manali,13.168,80.258,ECMWF_ERA5_Reanalysis
2016-02-25,31.6,23.1,27.2,34.3,26.4,29.9,0.0,20.6,36.4,151,19.96,1011.7,ward_02_manali,13.168,80.258,ECMWF_ERA5_Reanalysis
2016-02-26,30.4,24.7,27.1,33.5,27.1,30.0,0.1,18.5,36.0,120,19.98,1013.5,ward_02_manali,13.168,80.258,ECMWF_ERA5_Reanalysis
2016-02-27,31.0,23.4,27.2,34.4,26.5,30.4,0.0,16.2,32.4,93,19.16,1014.4,ward_02_manali,13.168,80.258,ECMWF_ERA5_Reanalysis
2016-02-28,31.2,25.3,27.8,35.1,29.6,31.5,0.3,16.0,31.3,91,19.7,1015.2,ward_02_manali,13.168,80.258,ECMWF_ERA5_Reanalysis
2016-02-29,30.8,25.0,27.6,34.4,29.5,31.1,0.0,16.8,31.3,91,17.64,1015.0,ward_02_manali,13.168,80.258,ECMWF_ERA5_Reanalysis
2016-03-01,31.2,24.0,27.5,35.0,28.7,31.1,0.0,16.2,29.9,97,20.97,1013.5,ward_02_manali,13.168,80.258,ECMWF_ERA5_Reanalysis
2016-03-02,30.8,24.0,27.0,34.6,28.0,30.4,0.0,14.8,29.2,95,20.27,1013.5,ward_02_manali,13.168,80.258,ECMWF_ERA5_Reanalysis
2016-03-03,30.2,23.2,26.6,33.9,26.9,29.7,0.0,16.7,32.8,72,22.28,1014.2,ward_02_manali,13.168,80.258,ECMWF_ERA5_Reanalysis
2016-03-04,31.1,21.4,26.5,35.1,24.8,30.0,0.0,13.4,27.0,77,22.13,1012.7,ward_02_manali,13.168,80.258,ECMWF_ERA5_Reanalysis
2016-03-05,31.5,22.9,26.9,35.6,27.1,30.4,0.0,15.2,29.2,111,22.59,1011.6,ward_02_manali,13.168,80.258,ECMWF_ERA5_Reanalysis
2016-03-06,31.0,23.6,26.8,35.5,27.4,30.1,0.0,17.2,31.7,121,23.19,1011.2,ward_02_manali,13.168,80.258,ECMWF_ERA5_Reanalysis
2016-03-07,31.3,23.3,26.9,35.3,27.1,29.9,0.0,14.8,29.2,119,22.5,1010.9,ward_02_manali,13.168,80.258,ECMWF_ERA5_Reanalysis
2016-03-08,31.3,23.4,26.9,34.8,27.2,30.0,0.0,16.6,31.7,121,22.8,1010.4,ward_02_manali,13.168,80.258,ECMWF_ERA5_Reanalysis
2016-03-09,31.8,21.5,26.8,35.8,25.3,30.0,0.0,16.6,30.2,132,23.08,1010.6,ward_02_manali,13.168,80.258,ECMWF_ERA5_Reanalysis
2016-03-10,32.4,22.9,27.7,36.6,27.0,31.2,0.0,16.1,28.4,138,20.97,1011.1,ward_02_manali,13.168,80.258,ECMWF_ERA5_Reanalysis
2016-03-11,33.1,23.3,28.1,38.2,27.6,32.1,0.0,16.8,31.0,133,23.9,1011.4,ward_02_manali,13.168,80.258,ECMWF_ERA5_Reanalysis
2016-03-12,32.8,22.7,27.7,37.3,26.7,31.3,0.0,20.1,33.8,156,23.35,1010.5,ward_02_manali,13.168,80.258,ECMWF_ERA5_Reanalysis
2016-03-13,34.2,25.0,28.8,38.0,29.0,32.2,0.0,23.6,41.4,166,22.77,1010.4,ward_02_manali,13.168,80.258,ECMWF_ERA5_Reanalysis
2016-03-14,33.1,26.0,28.7,36.7,29.6,31.6,0.0,26.1,44.6,160,22.4,1010.5,ward_02_manali,13.168,80.258,ECMWF_ERA5_Reanalysis
2016-03-15,32.8,25.4,28.5,36.7,29.1,31.5,0.0,22.1,38.9,153,22.83,1010.5,ward_02_manali,13.168,80.258,ECMWF_ERA5_Reanalysis
2016-03-16,33.5,25.4,28.8,37.5,29.3,32.3,0.0,22.2,39.6,152,22.77,1010.1,ward_02_manali,13.168,80.258,ECMWF_ERA5_Reanalysis
2016-03-17,32.9,26.1,28.8,37.2,30.5,32.7,0.0,19.1,38.2,149,19.97,1010.3,ward_02_manali,13.168,80.258,ECMWF_ERA5_Reanalysis
2016-03-18,33.2,23.9,28.1,38.0,28.5,32.0,0.0,19.0,36.7,152,24.55,1009.9,ward_02_manali,13.168,80.258,ECMWF_ERA5_Reanalysis
2016-03-19,34.6,23.8,28.4,38.6,27.5,31.9,0.0,20.1,35.6,172,25.2,1009.5,ward_02_manali,13.168,80.258,ECMWF_ERA5_Reanalysis
2016-03-20,35.5,24.8,29.2,39.6,28.4,32.8,0.0,19.6,33.1,177,24.89,1009.5,ward_02_manali,13.168,80.258,ECMWF_ERA5_Reanalysis
2016-03-21,35.9,25.0,29.9,39.2,29.1,33.0,0.0,19.5,34.9,181,25.62,1008.4,ward_02_manali,13.168,80.258,ECMWF_ERA5_Reanalysis
2016-03-22,36.3,26.4,30.2,40.5,30.1,33.7,0.0,20.9,37.1,178,23.44,1006.9,ward_02_manali,13.168,80.258,ECMWF_ERA5_Reanalysis
2016-03-23,36.2,26.8,30.3,40.6,31.0,34.4,0.0,20.7,35.3,170,24.57,1008.0,ward_02_manali,13.168,80.258,ECMWF_ERA5_Reanalysis
2016-03-24,34.6,26.2,29.3,39.4,30.4,33.7,0.0,17.4,33.5,154,25.31,1010.6,ward_02_manali,13.168,80.258,ECMWF_ERA5_Reanalysis
2016-03-25,33.7,24.9,28.6,37.6,29.2,32.1,0.0,20.5,36.4,167,25.66,1012.4,ward_02_manali,13.168,80.258,ECMWF_ERA5_Reanalysis
2016-03-26,33.9,25.2,28.5,38.4,29.1,32.2,0.0,17.2,33.1,164,25.5,1011.7,ward_02_manali,13.168,80.258,ECMWF_ERA5_Reanalysis
2016-03-27,32.9,24.3,28.0,36.2,28.5,31.1,0.0,19.5,36.7,159,24.99,1011.5,ward_02_manali,13.168,80.258,ECMWF_ERA5_Reanalysis
2016-03-28,32.7,23.8,28.2,37.3,28.4,31.9,0.0,15.9,31.7,123,24.04,1011.9,ward_02_manali,13.168,80.258,ECMWF_ERA5_Reanalysis
2016-03-29,33.2,24.5,28.8,37.7,29.4,33.0,0.0,18.2,34.6,151,22.27,1011.7,ward_02_manali,13.168,80.258,ECMWF_ERA5_Reanalysis
2016-03-30,33.9,25.8,29.2,38.3,30.6,33.2,0.0,18.7,34.9,159,24.18,1011.6,ward_02_manali,13.168,80.258,ECMWF_ERA5_Reanalysis
2016-03-31,33.9,26.1,29.3,37.9,30.7,33.1,0.0,19.3,33.8,159,24.35,1010.6,ward_02_manali,13.168,80.258,ECMWF_ERA5_Reanalysis
2016-04-01,34.6,26.0,29.4,38.7,30.2,33.0,0.0,20.8,36.0,164,24.7,1008.8,ward_02_manali,13.168,80.258,ECMWF_ERA5_Reanalysis
2016-04-02,34.6,26.0,29.5,38.8,30.7,33.2,0.0,20.3,36.0,166,25.34,1009.2,ward_02_manali,13.168,80.258,ECMWF_ERA5_Reanalysis
2016-04-03,35.2,26.3,29.8,39.4,31.1,33.7,0.0,19.1,34.6,167,25.29,1010.1,ward_02_manali,13.168,80.258,ECMWF_ERA5_Reanalysis
2016-04-04,35.1,25.8,29.6,39.2,30.6,33.5,0.0,19.7,34.9,169,25.59,1009.0,ward_02_manali,13.168,80.258,ECMWF_ERA5_Reanalysis
2016-04-05,35.4,26.1,29.6,38.7,30.0,33.0,0.0,19.1,33.1,168,26.04,1008.4,ward_02_manali,13.168,80.258,ECMWF_ERA5_Reanalysis
2016-04-06,34.5,25.8,29.6,38.9,30.1,33.7,0.0,20.2,37.1,164,23.44,1009.2,ward_02_manali,13.168,80.258,ECMWF_ERA5_Reanalysis
2016-04-07,34.4,26.8,30.0,40.4,32.4,34.8,0.2,21.6,38.5,157,22.86,1008.6,ward_02_manali,13.168,80.258,ECMWF_ERA5_Reanalysis
2016-04-08,33.1,27.6,29.9,38.5,32.2,34.2,0.0,18.4,35.3,154,21.94,1008.6,ward_02_manali,13.168,80.258,ECMWF_ERA5_Reanalysis
2016-04-09,33.8,26.5,29.5,38.4,31.2,33.6,0.0,18.4,35.3,151,24.22,1009.4,ward_02_manali,13.168,80.258,ECMWF_ERA5_Reanalysis
2016-04-10,35.0,26.0,29.5,39.4,30.6,33.7,0.0,18.8,35.3,163,25.88,1010.4,ward_02_manali,13.168,80.258,ECMWF_ERA5_Reanalysis
2016-04-11,35.4,25.4,29.5,40.2,30.1,33.8,0.0,21.3,37.1,173,26.04,1008.9,ward_02_manali,13.168,80.258,ECMWF_ERA5_Reanalysis
2016-04-12,35.9,26.4,30.6,41.0,31.4,35.1,0.0,23.7,40.0,177,24.9,1007.1,ward_02_manali,13.168,80.258,ECMWF_ERA5_Reanalysis
2016-04-13,37.2,28.3,31.6,43.2,32.8,36.5,0.0,21.5,37.8,176,26.11,1005.1,ward_02_manali,13.168,80.258,ECMWF_ERA5_Reanalysis
2016-04-14,37.1,28.5,31.6,41.9,33.2,35.8,0.0,25.3,42.5,176,25.31,1005.6,ward_02_manali,13.168,80.258,ECMWF_ERA5_Reanalysis
2016-04-15,35.5,28.4,31.0,40.8,33.4,35.8,0.0,21.0,37.8,164,23.62,1007.7,ward_02_manali,13.168,80.258,ECMWF_ERA5_Reanalysis
2016-04-16,35.6,27.9,30.8,39.7,33.2,35.2,0.0,23.7,41.4,175,24.34,1007.4,ward_02_manali,13.168,80.258,ECMWF_ERA5_Reanalysis
2016-04-17,35.3,27.8,30.6,40.2,32.5,35.2,0.0,21.7,40.0,171,24.49,1006.7,ward_02_manali,13.168,80.258,ECMWF_ERA5_Reanalysis
2016-04-18,35.2,27.7,30.5,40.0,32.7,34.8,0.0,22.6,37.8,164,23.9,1007.4,ward_02_manali,13.168,80.258,ECMWF_ERA5_Reanalysis
2016-04-19,34.8,27.9,30.5,39.1,32.6,34.7,0.0,23.1,39.6,159,21.61,1008.2,ward_02_manali,13.168,80.258,ECMWF_ERA5_Reanalysis
2016-04-20,35.9,27.5,30.9,41.0,32.5,35.2,0.0,21.7,37.8,168,24.29,1008.9,ward_02_manali,13.168,80.258,ECMWF_ERA5_Reanalysis
2016-04-21,36.9,28.4,31.5,41.7,33.2,36.0,0.0,24.1,42.1,182,26.1,1007.4,ward_02_manali,13.168,80.258,ECMWF_ERA5_Reanalysis
2016-04-22,38.7,28.3,32.3,42.5,32.1,36.2,0.0,24.1,40.3,184,26.42,1005.8,ward_02_manali,13.168,80.258,ECMWF_ERA5_Reanalysis
2016-04-23,38.5,29.2,32.7,43.9,32.5,36.9,0.0,22.8,38.9,184,25.39,1004.1,ward_02_manali,13.168,80.258,ECMWF_ERA5_Reanalysis
2016-04-24,38.1,29.4,32.6,44.3,33.1,37.1,0.0,26.1,41.4,176,25.82,1003.0,ward_02_manali,13.168,80.258,ECMWF_ERA5_Reanalysis
2016-04-25,36.8,29.2,32.0,41.6,33.9,36.2,0.0,23.7,41.4,176,25.87,1005.0,ward_02_manali,13.168,80.258,ECMWF_ERA5_Reanalysis
2016-04-26,35.0,28.3,31.1,40.0,33.1,35.5,0.0,20.7,38.5,166,23.82,1007.5,ward_02_manali,13.168,80.258,ECMWF_ERA5_Reanalysis
2016-04-27,34.8,27.6,30.7,39.5,33.3,35.6,0.0,17.9,33.5,165,22.51,1007.4,ward_02_manali,13.168,80.258,ECMWF_ERA5_Reanalysis
2016-04-28,36.3,27.9,31.0,41.0,33.1,35.7,0.0,21.4,39.2,174,25.28,1006.8,ward_02_manali,13.168,80.258,ECMWF_ERA5_Reanalysis
2016-04-29,36.7,27.6,31.0,41.2,33.1,35.6,0.0,19.8,36.7,175,25.57,1007.3,ward_02_manali,13.168,80.258,ECMWF_ERA5_Reanalysis
2016-04-30,36.6,27.5,30.9,41.2,32.7,35.2,0.0,22.1,40.3,176,25.65,1007.5,ward_02_manali,13.168,80.258,ECMWF_ERA5_Reanalysis
2016-05-01,37.3,27.5,31.1,40.8,32.4,35.1,0.0,22.7,38.9,180,25.31,1006.7,ward_02_manali,13.168,80.258,ECMWF_ERA5_Reanalysis
2016-05-02,37.5,27.5,31.5,41.6,31.6,35.5,0.0,23.2,40.0,181,26.1,1006.5,ward_02_manali,13.168,80.258,ECMWF_ERA5_Reanalysis
2016-05-03,36.6,28.5,31.5,41.3,33.4,35.9,0.0,23.5,40.3,175,25.66,1006.4,ward_02_manali,13.168,80.258,ECMWF_ERA5_Reanalysis
2016-05-04,36.1,28.7,31.4,40.6,33.4,35.8,0.0,22.9,37.8,169,24.49,1006.9,ward_02_manali,13.168,80.258,ECMWF_ERA5_Reanalysis
2016-05-05,35.8,28.3,31.2,40.8,33.6,35.9,0.0,21.9,38.9,163,25.07,1007.5,ward_02_manali,13.168,80.258,ECMWF_ERA5_Reanalysis
2016-05-06,35.2,28.1,30.9,41.5,33.4,36.0,0.3,15.8,33.8,160,23.22,1007.7,ward_02_manali,13.168,80.258,ECMWF_ERA5_Reanalysis
2016-05-07,35.0,28.1,30.9,40.5,33.2,35.4,0.0,20.4,37.4,161,23.64,1007.2,ward_02_manali,13.168,80.258,ECMWF_ERA5_Reanalysis
2016-05-08,36.0,28.5,31.4,42.0,33.4,36.4,0.4,18.4,33.1,157,24.17,1008.0,ward_02_manali,13.168,80.258,ECMWF_ERA5_Reanalysis
2016-05-09,35.3,28.5,31.3,41.6,34.5,36.6,0.0,18.8,33.8,156,23.86,1007.6,ward_02_manali,13.168,80.258,ECMWF_ERA5_Reanalysis
2016-05-10,35.4,27.7,31.0,41.3,34.0,36.3,0.2,17.3,31.7,149,22.98,1007.8,ward_02_manali,13.168,80.258,ECMWF_ERA5_Reanalysis
2016-05-11,34.8,28.6,31.0,40.3,34.4,36.2,0.0,16.9,32.0,163,22.35,1007.1,ward_02_manali,13.168,80.258,ECMWF_ERA5_Reanalysis
2016-05-12,36.7,27.9,31.3,41.2,33.4,35.5,0.3,23.3,46.8,177,24.1,1005.2,ward_02_manali,13.168,80.258,ECMWF_ERA5_Reanalysis
2016-05-13,37.2,28.1,31.8,42.3,33.1,36.1,0.0,21.8,40.7,170,25.77,1004.8,ward_02_manali,13.168,80.258,ECMWF_ERA5_Reanalysis
2016-05-14,36.2,28.2,31.5,41.5,33.7,36.4,0.0,23.7,39.2,159,25.51,1006.3,ward_02_manali,13.168,80.258,ECMWF_ERA5_Reanalysis
2016-05-15,34.9,28.6,31.2,40.4,34.9,36.5,0.0,17.1,33.8,127,24.52,1006.5,ward_02_manali,13.168,80.258,ECMWF_ERA5_Reanalysis
2016-05-16,31.5,26.2,29.2,36.7,30.0,34.2,8.6,21.7,38.9,67,15.73,1004.1,ward_02_manali,13.168,80.258,ECMWF_ERA5_Reanalysis
2016-05-17,27.3,26.0,26.4,31.5,28.6,30.0,118.0,33.7,45.0,19,3.64,1001.1,ward_02_manali,13.168,80.258,ECMWF_ERA5_Reanalysis
2016-05-18,27.3,25.8,26.6,30.7,27.3,28.6,128.6,38.7,69.8,303,3.06,997.1,ward_02_manali,13.168,80.258,ECMWF_ERA5_Reanalysis
2016-05-19,32.7,25.6,27.6,37.1,27.2,30.0,18.7,32.9,52.2,244,7.6,999.5,ward_02_manali,13.168,80.258,ECMWF_ERA5_Reanalysis
2016-05-20,33.6,27.4,30.3,38.9,28.7,33.7,0.0,28.3,44.3,228,16.65,1001.0,ward_02_manali,13.168,80.258,ECMWF_ERA5_Reanalysis
2016-05-21,35.3,28.3,30.9,41.7,31.4,35.4,0.0,21.1,34.9,210,21.8,1002.5,ward_02_manali,13.168,80.258,ECMWF_ERA5_Reanalysis
2016-05-22,35.8,28.4,31.5,42.2,31.8,36.2,0.0,20.3,32.4,212,25.66,1003.7,ward_02_manali,13.168,80.258,ECMWF_ERA5_Reanalysis
2016-05-23,36.0,28.8,31.4,43.3,32.1,36.5,0.0,21.4,33.8,213,25.1,1004.1,ward_02_manali,13.168,80.258,ECMWF_ERA5_Reanalysis
2016-05-24,36.1,28.4,31.5,43.0,32.9,36.6,0.0,25.4,37.4,208,25.74,1003.8,ward_02_manali,13.168,80.258,ECMWF_ERA5_Reanalysis
2016-05-25,36.5,28.7,31.7,44.3,32.4,36.8,0.0,24.0,40.3,213,25.3,1003.0,ward_02_manali,13.168,80.258,ECMWF_ERA5_Reanalysis
2016-05-26,36.2,29.0,31.7,44.5,32.2,36.9,0.0,19.5,31.3,223,25.59,1003.5,ward_02_manali,13.168,80.258,ECMWF_ERA5_Reanalysis
2016-05-27,35.1,28.5,31.2,42.2,32.2,36.7,0.4,23.7,37.8,215,21.98,1004.7,ward_02_manali,13.168,80.258,ECMWF_ERA5_Reanalysis
2016-05-28,36.1,28.0,31.5,44.6,31.3,36.5,0.0,21.3,36.7,220,25.5,1004.6,ward_02_manali,13.168,80.258,ECMWF_ERA5_Reanalysis
2016-05-29,34.8,27.6,31.0,40.9,31.7,36.0,0.0,17.2,28.4,247,24.14,1004.4,ward_02_manali,13.168,80.258,ECMWF_ERA5_Reanalysis
2016-05-30,35.6,28.3,31.5,43.2,31.9,36.3,0.0,21.4,31.0,203,24.71,1003.5,ward_02_manali,13.168,80.258,ECMWF_ERA5_Reanalysis
2016-05-31,35.0,28.3,31.4,43.1,32.4,36.4,0.0,21.6,36.7,204,25.27,1004.5,ward_02_manali,13.168,80.258,ECMWF_ERA5_Reanalysis
2016-06-01,36.0,28.5,31.4,44.0,32.1,36.3,0.4,20.4,33.1,217,24.84,1004.8,ward_02_manali,13.168,80.258,ECMWF_ERA5_Reanalysis
2016-06-02,34.8,28.0,30.7,41.2,32.4,35.7,0.4,16.8,33.8,241,23.26,1004.4,ward_02_manali,13.168,80.258,ECMWF_ERA5_Reanalysis
2016-06-03,34.7,28.1,30.9,42.7,33.5,36.2,0.1,22.4,35.6,208,22.57,1004.0,ward_02_manali,13.168,80.258,ECMWF_ERA5_Reanalysis
2016-06-04,33.3,27.7,29.7,39.1,31.9,34.8,0.0,19.6,32.0,209,16.07,1003.8,ward_02_manali,13.168,80.258,ECMWF_ERA5_Reanalysis
2016-06-05,34.4,25.8,29.4,41.4,30.9,35.1,26.4,14.5,26.3,204,20.91,1004.3,ward_02_manali,13.168,80.258,ECMWF_ERA5_Reanalysis
2016-06-06,32.5,26.7,29.3,37.6,32.0,34.4,4.3,16.3,28.8,201,14.58,1004.5,ward_02_manali,13.168,80.258,ECMWF_ERA5_Reanalysis
2016-06-07,32.0,26.2,28.9,37.5,31.5,34.3,20.6,14.6,29.2,223,15.05,1004.8,ward_02_manali,13.168,80.258,ECMWF_ERA5_Reanalysis
2016-06-08,31.3,26.1,28.2,37.5,31.3,33.7,19.0,16.0,30.2,222,13.06,1004.3,ward_02_manali,13.168,80.258,ECMWF_ERA5_Reanalysis
2016-06-09,32.8,27.4,29.6,37.7,31.8,33.9,0.1,22.8,34.6,204,17.93,1004.6,ward_02_manali,13.168,80.258,ECMWF_ERA5_Reanalysis
2016-06-10,33.1,27.7,30.2,37.8,30.8,34.1,0.0,20.8,37.4,205,22.57,1004.8,ward_02_manali,13.168,80.258,ECMWF_ERA5_Reanalysis
2016-06-11,34.3,27.9,30.8,39.2,30.7,34.5,0.0,18.9,30.2,221,23.92,1004.9,ward_02_manali,13.168,80.258,ECMWF_ERA5_Reanalysis
2016-06-12,34.8,27.7,30.8,40.3,30.7,34.8,0.4,19.6,33.8,230,24.14,1004.8,ward_02_manali,13.168,80.258,ECMWF_ERA5_Reanalysis
2016-06-13,34.5,27.5,30.3,39.3,31.8,34.4,6.7,18.8,34.9,240,20.01,1005.3,ward_02_manali,13.168,80.258,ECMWF_ERA5_Reanalysis
2016-06-14,34.8,27.6,30.2,40.5,30.2,34.0,0.8,16.8,33.5,244,22.24,1004.3,ward_02_manali,13.168,80.258,ECMWF_ERA5_Reanalysis
2016-06-15,34.6,28.3,30.9,39.4,30.5,34.3,0.0,18.5,30.6,243,18.84,1002.9,ward_02_manali,13.168,80.258,ECMWF_ERA5_Reanalysis
2016-06-16,34.9,28.5,31.2,40.4,30.7,34.8,0.0,16.9,29.5,229,23.19,1001.9,ward_02_manali,13.168,80.258,ECMWF_ERA5_Reanalysis
2016-06-17,33.7,27.4,30.3,38.8,30.7,33.7,0.6,17.1,32.8,231,18.86,1001.3,ward_02_manali,13.168,80.258,ECMWF_ERA5_Reanalysis
2016-06-18,33.2,27.2,29.7,38.5,31.5,33.8,0.6,15.4,27.0,247,17.88,1002.1,ward_02_manali,13.168,80.258,ECMWF_ERA5_Reanalysis
2016-06-19,33.2,26.0,28.8,41.0,30.2,33.7,8.7,15.8,29.9,204,22.67,1002.5,ward_02_manali,13.168,80.258,ECMWF_ERA5_Reanalysis
2016-06-20,31.0,26.0,28.2,36.3,31.0,33.5,5.4,15.3,25.6,176,13.71,1003.0,ward_02_manali,13.168,80.258,ECMWF_ERA5_Reanalysis
2016-06-21,31.7,25.8,27.9,39.3,30.1,33.1,19.8,18.9,27.4,207,17.9,1003.2,ward_02_manali,13.168,80.258,ECMWF_ERA5_Reanalysis
2016-06-22,31.2,25.1,27.8,36.9,30.2,32.7,8.9,18.3,32.0,223,16.63,1004.4,ward_02_manali,13.168,80.258,ECMWF_ERA5_Reanalysis
2016-06-23,30.3,25.8,27.7,34.7,29.7,31.5,2.8,18.4,33.1,239,13.33,1004.2,ward_02_manali,13.168,80.258,ECMWF_ERA5_Reanalysis
2016-06-24,31.4,25.9,27.7,36.4,28.8,31.5,5.8,15.1,29.9,234,9.74,1002.9,ward_02_manali,13.168,80.258,ECMWF_ERA5_Reanalysis
2016-06-25,33.0,26.1,28.9,37.5,28.8,32.1,0.3,17.3,30.6,268,16.48,1003.8,ward_02_manali,13.168,80.258,ECMWF_ERA5_Reanalysis
2016-06-26,30.5,26.8,28.5,35.1,29.2,31.9,0.0,14.8,27.4,249,11.24,1004.4,ward_02_manali,13.168,80.258,ECMWF_ERA5_Reanalysis
2016-06-27,31.5,26.5,28.2,36.6,29.8,32.6,1.7,13.9,38.5,240,11.99,1002.8,ward_02_manali,13.168,80.258,ECMWF_ERA5_Reanalysis
2016-06-28,28.6,26.1,27.4,33.5,29.3,31.1,12.0,18.9,42.5,231,5.94,1003.0,ward_02_manali,13.168,80.258,ECMWF_ERA5_Reanalysis
2016-06-29,29.1,25.4,26.7,32.1,28.2,29.8,6.6,20.9,40.3,230,9.11,1003.7,ward_02_manali,13.168,80.258,ECMWF_ERA5_Reanalysis
2016-06-30,31.7,25.0,28.3,35.6,27.5,31.3,1.0,21.6,46.4,224,14.36,1003.3,ward_02_manali,13.168,80.258,ECMWF_ERA5_Reanalysis
2016-07-01,33.5,26.6,29.8,37.9,28.8,32.5,0.7,20.8,40.7,239,17.14,1002.4,ward_02_manali,13.168,80.258,ECMWF_ERA5_Reanalysis
2016-07-02,33.2,27.2,30.0,37.7,29.1,32.8,0.3,19.5,37.8,224,16.64,1002.8,ward_02_manali,13.168,80.258,ECMWF_ERA5_Reanalysis
2016-07-03,33.4,27.1,29.9,38.2,29.4,33.2,0.7,18.5,33.5,211,16.88,1004.1,ward_02_manali,13.168,80.258,ECMWF_ERA5_Reanalysis
2016-07-04,33.6,26.5,29.6,38.8,30.5,33.4,1.9,16.1,38.5,218,15.09,1004.6,ward_02_manali,13.168,80.258,ECMWF_ERA5_Reanalysis
2016-07-05,31.4,26.7,28.9,36.3,30.0,32.7,1.4,16.1,30.2,210,13.29,1004.4,ward_02_manali,13.168,80.258,ECMWF_ERA5_Reanalysis
2016-07-06,32.9,27.3,29.4,37.3,30.7,33.2,1.1,17.4,35.3,230,15.68,1004.0,ward_02_manali,13.168,80.258,ECMWF_ERA5_Reanalysis
2016-07-07,32.5,26.3,29.0,36.7,29.5,32.7,0.7,18.1,33.8,236,13.95,1004.0,ward_02_manali,13.168,80.258,ECMWF_ERA5_Reanalysis
2016-07-08,33.7,27.3,29.6,37.7,30.1,32.8,0.4,19.4,37.8,233,19.05,1002.9,ward_02_manali,13.168,80.258,ECMWF_ERA5_Reanalysis
2016-07-09,34.1,27.5,30.4,35.7,29.0,32.1,0.0,24.6,46.4,239,18.56,1002.5,ward_02_manali,13.168,80.258,ECMWF_ERA5_Reanalysis
2016-07-10,34.3,27.4,30.8,36.2,29.3,32.3,0.0,22.2,43.2,237,17.51,1002.2,ward_02_manali,13.168,80.258,ECMWF_ERA5_Reanalysis
2016-07-11,34.6,27.8,30.9,37.0,29.9,32.5,0.0,22.3,45.7,238,20.02,1002.2,ward_02_manali,13.168,80.258,ECMWF_ERA5_Reanalysis
2016-07-12,34.2,27.8,30.9,37.3,29.9,33.1,0.0,20.2,33.8,234,18.53,1003.5,ward_02_manali,13.168,80.258,ECMWF_ERA5_Reanalysis
2016-07-13,35.2,27.2,31.0,39.3,29.7,33.8,0.0,18.5,31.3,229,22.38,1004.0,ward_02_manali,13.168,80.258,ECMWF_ERA5_Reanalysis
2016-07-14,34.7,28.0,30.6,40.7,31.1,34.6,0.0,18.8,32.4,199,23.26,1003.6,ward_02_manali,13.168,80.258,ECMWF_ERA5_Reanalysis
2016-07-15,33.4,26.8,29.5,39.7,30.9,34.3,4.0,20.4,34.2,186,20.97,1004.3,ward_02_manali,13.168,80.258,ECMWF_ERA5_Reanalysis
2016-07-16,33.0,26.4,29.1,39.6,30.4,33.9,4.0,16.6,31.7,192,22.58,1005.8,ward_02_manali,13.168,80.258,ECMWF_ERA5_Reanalysis
2016-07-17,32.3,25.9,28.5,39.0,30.9,33.5,7.4,18.0,29.9,190,19.74,1007.4,ward_02_manali,13.168,80.258,ECMWF_ERA5_Reanalysis
2016-07-18,33.1,25.7,28.8,39.5,29.6,33.8,11.8,17.5,26.6,225,20.38,1006.9,ward_02_manali,13.168,80.258,ECMWF_ERA5_Reanalysis
2016-07-19,29.1,25.4,26.8,33.3,30.0,31.6,7.7,13.7,25.2,261,8.57,1006.8,ward_02_manali,13.168,80.258,ECMWF_ERA5_Reanalysis
2016-07-20,30.2,25.5,27.4,33.7,30.1,31.8,7.1,15.8,29.2,240,11.55,1005.5,ward_02_manali,13.168,80.258,ECMWF_ERA5_Reanalysis
2016-07-21,31.2,25.1,27.9,35.4,28.3,31.6,2.9,17.2,42.1,250,17.13,1004.3,ward_02_manali,13.168,80.258,ECMWF_ERA5_Reanalysis
2016-07-22,30.5,24.7,26.9,33.9,28.3,30.8,30.9,18.2,39.2,236,11.58,1003.8,ward_02_manali,13.168,80.258,ECMWF_ERA5_Reanalysis
2016-07-23,29.8,25.0,27.2,34.3,28.8,31.3,3.3,15.0,35.6,214,10.84,1004.0,ward_02_manali,13.168,80.258,ECMWF_ERA5_Reanalysis
2016-07-24,31.2,25.1,28.0,36.8,28.6,32.6,16.6,19.4,24.8,208,16.19,1004.0,ward_02_manali,13.168,80.258,ECMWF_ERA5_Reanalysis
2016-07-25,30.9,25.2,27.7,38.1,29.2,32.4,6.2,17.6,30.6,189,19.36,1004.8,ward_02_manali,13.168,80.258,ECMWF_ERA5_Reanalysis
2016-07-26,30.4,24.9,27.4,35.5,29.3,31.9,7.6,17.7,30.2,188,16.46,1005.0,ward_02_manali,13.168,80.258,ECMWF_ERA5_Reanalysis
2016-07-27,31.3,25.8,28.1,37.8,30.7,32.8,2.2,17.2,29.9,177,21.88,1005.5,ward_02_manali,13.168,80.258,ECMWF_ERA5_Reanalysis
2016-07-28,31.2,24.8,27.7,37.8,29.2,32.6,7.5,17.4,28.1,187,21.55,1005.4,ward_02_manali,13.168,80.258,ECMWF_ERA5_Reanalysis
2016-07-29,30.6,25.3,27.4,36.6,29.4,32.3,14.2,15.4,27.7,235,18.77,1004.7,ward_02_manali,13.168,80.258,ECMWF_ERA5_Reanalysis
2016-07-30,30.2,26.3,27.9,34.3,29.2,31.6,0.9,16.7,32.8,228,14.09,1004.8,ward_02_manali,13.168,80.258,ECMWF_ERA5_Reanalysis
2016-07-31,31.9,25.0,27.8,36.2,28.2,31.6,5.1,15.8,30.2,243,15.1,1005.7,ward_02_manali,13.168,80.258,ECMWF_ERA5_Reanalysis
2016-08-01,31.1,26.6,28.3,34.9,28.6,31.4,0.0,23.4,41.4,253,10.56,1004.6,ward_02_manali,13.168,80.258,ECMWF_ERA5_Reanalysis
2016-08-02,32.1,26.1,28.9,33.9,27.7,30.6,0.0,24.7,42.5,243,15.63,1002.6,ward_02_manali,13.168,80.258,ECMWF_ERA5_Reanalysis
2016-08-03,33.2,26.8,29.6,35.8,27.9,31.3,0.0,25.6,42.8,245,18.15,1002.1,ward_02_manali,13.168,80.258,ECMWF_ERA5_Reanalysis
2016-08-04,33.0,27.1,29.6,36.5,28.9,32.0,0.0,21.3,36.4,249,13.08,1003.0,ward_02_manali,13.168,80.258,ECMWF_ERA5_Reanalysis
2016-08-05,31.7,26.9,29.0,34.4,29.8,31.6,0.3,20.0,34.9,230,13.86,1004.0,ward_02_manali,13.168,80.258,ECMWF_ERA5_Reanalysis
2016-08-06,33.9,27.1,29.8,37.8,29.2,32.7,0.0,18.7,33.5,229,18.94,1004.3,ward_02_manali,13.168,80.258,ECMWF_ERA5_Reanalysis
2016-08-07,34.4,27.1,29.8,38.9,29.3,33.0,2.1,16.3,31.3,235,20.53,1005.3,ward_02_manali,13.168,80.258,ECMWF_ERA5_Reanalysis
2016-08-08,34.2,26.7,29.9,39.6,29.6,33.8,0.0,17.7,27.0,224,22.18,1005.9,ward_02_manali,13.168,80.258,ECMWF_ERA5_Reanalysis
2016-08-09,34.0,27.7,30.1,39.7,30.8,34.0,0.0,21.7,34.6,208,21.54,1005.6,ward_02_manali,13.168,80.258,ECMWF_ERA5_Reanalysis
2016-08-10,34.2,27.6,30.4,40.7,30.5,34.1,0.0,21.0,33.1,213,22.67,1005.8,ward_02_manali,13.168,80.258,ECMWF_ERA5_Reanalysis
2016-08-11,34.2,27.5,30.3,40.0,30.6,34.2,0.0,21.3,33.8,201,22.84,1006.7,ward_02_manali,13.168,80.258,ECMWF_ERA5_Reanalysis
2016-08-12,34.6,26.8,30.1,40.9,30.3,34.5,2.7,17.9,27.4,206,23.08,1006.5,ward_02_manali,13.168,80.258,ECMWF_ERA5_Reanalysis
2016-08-13,34.0,27.8,30.0,40.3,30.5,34.0,0.3,20.9,30.6,210,20.08,1005.4,ward_02_manali,13.168,80.258,ECMWF_ERA5_Reanalysis
2016-08-14,34.5,27.4,30.6,38.9,30.8,34.1,0.0,18.8,34.6,230,22.33,1004.6,ward_02_manali,13.168,80.258,ECMWF_ERA5_Reanalysis
2016-08-15,35.1,27.7,31.1,38.4,29.8,33.6,0.0,18.8,38.5,257,22.55,1003.7,ward_02_manali,13.168,80.258,ECMWF_ERA5_Reanalysis
2016-08-16,35.3,28.0,31.5,37.0,29.4,32.9,0.0,23.3,41.8,274,19.12,1002.5,ward_02_manali,13.168,80.258,ECMWF_ERA5_Reanalysis
2016-08-17,35.0,27.7,31.2,37.6,29.2,33.0,0.0,22.6,41.8,264,20.57,1002.3,ward_02_manali,13.168,80.258,ECMWF_ERA5_Reanalysis
2016-08-18,35.0,28.1,31.1,40.5,29.9,34.0,0.0,18.9,37.4,240,22.73,1002.8,ward_02_manali,13.168,80.258,ECMWF_ERA5_Reanalysis
2016-08-19,35.1,28.0,30.8,40.2,30.3,34.4,0.0,17.4,31.3,214,23.16,1003.5,ward_02_manali,13.168,80.258,ECMWF_ERA5_Reanalysis
2016-08-20,34.1,27.9,30.5,40.8,31.7,34.5,0.0,20.4,32.8,179,22.24,1003.7,ward_02_manali,13.168,80.258,ECMWF_ERA5_Reanalysis
2016-08-21,34.5,28.0,30.8,41.0,31.9,35.4,0.0,17.2,26.6,188,22.81,1004.3,ward_02_manali,13.168,80.258,ECMWF_ERA5_Reanalysis
2016-08-22,34.7,27.7,30.7,40.5,33.0,35.3,0.0,18.4,34.6,184,21.5,1005.0,ward_02_manali,13.168,80.258,ECMWF_ERA5_Reanalysis
2016-08-23,34.3,28.0,30.9,40.0,32.7,35.3,0.1,18.3,37.4,184,22.36,1005.0,ward_02_manali,13.168,80.258,ECMWF_ERA5_Reanalysis
2016-08-24,35.0,27.6,30.7,40.7,31.2,34.9,2.8,21.3,31.3,189,22.74,1003.9,ward_02_manali,13.168,80.258,ECMWF_ERA5_Reanalysis
2016-08-25,32.4,27.1,29.5,37.2,32.2,34.2,5.2,22.3,34.9,221,15.53,1004.6,ward_02_manali,13.168,80.258,ECMWF_ERA5_Reanalysis
2016-08-26,30.8,25.9,28.3,35.4,31.3,33.3,8.3,16.0,28.4,253,11.29,1004.8,ward_02_manali,13.168,80.258,ECMWF_ERA5_Reanalysis
2016-08-27,29.2,25.8,27.3,35.2,29.5,32.2,7.2,17.6,26.6,207,6.58,1004.6,ward_02_manali,13.168,80.258,ECMWF_ERA5_Reanalysis
2016-08-28,32.1,25.8,28.3,37.0,30.0,32.7,1.5,19.0,32.0,227,11.89,1005.1,ward_02_manali,13.168,80.258,ECMWF_ERA5_Reanalysis
2016-08-29,32.0,27.0,28.9,37.3,30.7,33.2,0.0,20.1,32.0,217,14.82,1004.1,ward_02_manali,13.168,80.258,ECMWF_ERA5_Reanalysis
2016-08-30,31.9,26.2,28.3,36.3,30.0,32.6,9.1,19.0,31.3,222,11.89,1003.5,ward_02_manali,13.168,80.258,ECMWF_ERA5_Reanalysis
2016-08-31,30.0,25.0,27.3,35.4,29.2,32.0,7.8,18.7,29.9,216,9.38,1004.7,ward_02_manali,13.168,80.258,ECMWF_ERA5_Reanalysis
2016-09-01,32.5,25.9,28.6,38.6,30.4,33.4,3.0,15.8,26.3,216,19.07,1005.7,ward_02_manali,13.168,80.258,ECMWF_ERA5_Reanalysis
2016-09-02,32.7,25.2,28.2,39.0,29.7,33.1,4.9,15.0,28.8,205,17.32,1006.0,ward_02_manali,13.168,80.258,ECMWF_ERA5_Reanalysis
2016-09-03,32.6,26.7,28.8,38.1,30.2,33.1,0.0,17.6,30.6,231,18.98,1005.9,ward_02_manali,13.168,80.258,ECMWF_ERA5_Reanalysis
2016-09-04,32.2,25.9,28.6,36.6,29.9,33.1,0.4,18.8,28.8,209,13.52,1007.1,ward_02_manali,13.168,80.258,ECMWF_ERA5_Reanalysis
2016-09-05,33.4,26.9,29.6,37.6,29.6,33.4,0.0,15.9,29.2,251,19.94,1007.4,ward_02_manali,13.168,80.258,ECMWF_ERA5_Reanalysis
2016-09-06,33.5,27.2,29.7,37.4,29.1,33.0,0.0,15.6,29.5,238,21.83,1007.4,ward_02_manali,13.168,80.258,ECMWF_ERA5_Reanalysis
2016-09-07,33.5,27.1,29.8,37.5,29.3,33.0,0.0,17.8,32.8,264,22.85,1006.4,ward_02_manali,13.168,80.258,ECMWF_ERA5_Reanalysis
2016-09-08,33.1,26.4,29.5,37.1,30.5,33.3,0.0,15.3,29.9,216,21.75,1006.4,ward_02_manali,13.168,80.258,ECMWF_ERA5_Reanalysis
2016-09-09,34.1,26.7,29.9,40.3,30.9,34.4,0.5,17.6,27.7,198,22.23,1006.5,ward_02_manali,13.168,80.258,ECMWF_ERA5_Reanalysis
2016-09-10,34.3,26.0,29.6,40.6,31.4,34.1,6.2,18.2,29.9,220,20.32,1005.6,ward_02_manali,13.168,80.258,ECMWF_ERA5_Reanalysis
2016-09-11,31.8,26.2,28.3,36.4,31.7,33.5,3.9,10.6,34.9,264,14.85,1005.1,ward_02_manali,13.168,80.258,ECMWF_ERA5_Reanalysis
2016-09-12,31.9,25.7,28.2,35.3,29.3,32.1,1.9,13.0,34.9,257,13.45,1004.4,ward_02_manali,13.168,80.258,ECMWF_ERA5_Reanalysis
2016-09-13,31.7,26.0,28.4,36.9,30.0,33.0,2.6,12.0,31.3,236,15.0,1004.8,ward_02_manali,13.168,80.258,ECMWF_ERA5_Reanalysis
2016-09-14,30.5,26.8,28.3,35.7,30.9,32.9,2.8,13.7,24.1,201,10.88,1004.8,ward_02_manali,13.168,80.258,ECMWF_ERA5_Reanalysis
2016-09-15,33.3,26.5,29.0,39.1,30.7,33.3,2.0,17.6,31.7,203,19.63,1004.1,ward_02_manali,13.168,80.258,ECMWF_ERA5_Reanalysis
2016-09-16,33.2,26.4,29.0,40.2,30.6,33.5,2.8,18.9,31.3,202,20.69,1004.4,ward_02_manali,13.168,80.258,ECMWF_ERA5_Reanalysis
2016-09-17,32.8,26.5,29.1,38.4,32.1,34.1,4.8,16.3,28.4,192,18.69,1005.0,ward_02_manali,13.168,80.258,ECMWF_ERA5_Reanalysis
2016-09-18,32.7,26.8,29.3,37.8,31.0,33.4,0.0,15.5,27.0,189,20.71,1006.1,ward_02_manali,13.168,80.258,ECMWF_ERA5_Reanalysis
2016-09-19,33.4,26.7,29.6,39.1,32.5,34.4,0.2,12.2,24.1,201,21.03,1005.9,ward_02_manali,13.168,80.258,ECMWF_ERA5_Reanalysis
2016-09-20,31.1,27.2,29.0,35.4,30.9,33.0,0.3,15.1,25.6,253,10.73,1005.0,ward_02_manali,13.168,80.258,ECMWF_ERA5_Reanalysis
2016-09-21,29.0,24.9,27.2,32.3,27.9,30.6,8.4,16.4,33.5,263,9.24,1005.1,ward_02_manali,13.168,80.258,ECMWF_ERA5_Reanalysis
2016-09-22,33.7,24.9,28.7,36.8,27.8,32.1,3.9,19.6,40.7,242,18.43,1004.9,ward_02_manali,13.168,80.258,ECMWF_ERA5_Reanalysis
2016-09-23,33.2,26.7,29.6,36.8,29.1,32.9,0.0,17.0,38.9,232,17.49,1003.2,ward_02_manali,13.168,80.258,ECMWF_ERA5_Reanalysis
2016-09-24,34.3,26.5,29.1,40.2,30.6,33.5,2.7,17.9,40.0,225,18.5,1002.1,ward_02_manali,13.168,80.258,ECMWF_ERA5_Reanalysis
2016-09-25,33.1,27.2,29.7,37.8,29.4,33.3,0.9,17.0,32.4,210,17.99,1002.8,ward_02_manali,13.168,80.258,ECMWF_ERA5_Reanalysis
2016-09-26,32.6,27.5,29.7,39.1,31.2,34.2,0.0,15.8,26.6,193,18.87,1004.4,ward_02_manali,13.168,80.258,ECMWF_ERA5_Reanalysis
2016-09-27,31.7,26.9,28.8,38.6,31.1,34.1,8.5,17.6,32.0,189,17.33,1005.5,ward_02_manali,13.168,80.258,ECMWF_ERA5_Reanalysis
2016-09-28,31.6,25.5,28.3,37.5,29.5,33.2,17.1,18.8,29.2,199,17.41,1004.7,ward_02_manali,13.168,80.258,ECMWF_ERA5_Reanalysis
2016-09-29,32.9,26.1,28.5,40.1,30.3,33.3,3.6,20.8,32.8,210,17.28,1003.9,ward_02_manali,13.168,80.258,ECMWF_ERA5_Reanalysis
2016-09-30,33.0,26.1,29.0,39.4,29.7,33.7,0.4,17.0,25.9,210,17.9,1003.3,ward_02_manali,13.168,80.258,ECMWF_ERA5_Reanalysis
2016-10-01,32.0,26.6,29.1,37.9,31.5,34.0,0.0,14.3,24.8,193,19.5,1004.7,ward_02_manali,13.168,80.258,ECMWF_ERA5_Reanalysis
2016-10-02,31.9,26.6,28.8,39.0,31.2,34.0,0.4,15.5,25.6,170,21.79,1006.9,ward_02_manali,13.168,80.258,ECMWF_ERA5_Reanalysis
2016-10-03,31.7,26.2,28.6,37.2,31.0,33.6,0.5,14.3,26.3,176,21.28,1007.0,ward_02_manali,13.168,80.258,ECMWF_ERA5_Reanalysis
2016-10-04,31.7,26.3,28.6,38.2,31.4,34.3,1.0,14.0,23.0,176,18.72,1006.9,ward_02_manali,13.168,80.258,ECMWF_ERA5_Reanalysis
2016-10-05,33.5,26.5,29.4,40.5,30.8,34.5,0.5,15.5,25.9,199,21.22,1006.3,ward_02_manali,13.168,80.258,ECMWF_ERA5_Reanalysis
2016-10-06,33.5,27.1,29.6,38.7,31.1,34.3,0.2,14.2,25.2,196,19.72,1006.3,ward_02_manali,13.168,80.258,ECMWF_ERA5_Reanalysis
2016-10-07,33.1,26.7,29.4,38.5,30.7,34.0,0.0,16.2,30.2,200,17.94,1006.4,ward_02_manali,13.168,80.258,ECMWF_ERA5_Reanalysis
2016-10-08,33.9,27.7,30.0,40.4,31.1,34.2,0.0,18.5,29.2,195,19.91,1006.6,ward_02_manali,13.168,80.258,ECMWF_ERA5_Reanalysis
2016-10-09,33.5,26.5,29.8,39.2,31.3,34.1,0.0,16.3,31.0,194,20.86,1006.9,ward_02_manali,13.168,80.258,ECMWF_ERA5_Reanalysis
2016-10-10,34.4,27.3,29.7,40.2,31.4,34.0,1.2,15.6,28.8,214,19.48,1006.2,ward_02_manali,13.168,80.258,ECMWF_ERA5_Reanalysis
2016-10-11,33.6,26.9,29.8,40.0,31.2,34.7,3.0,15.5,24.1,210,20.18,1006.2,ward_02_manali,13.168,80.258,ECMWF_ERA5_Reanalysis
2016-10-12,33.8,26.7,29.6,39.5,30.7,34.5,1.7,16.1,26.6,155,20.44,1006.3,ward_02_manali,13.168,80.258,ECMWF_ERA5_Reanalysis
2016-10-13,33.0,26.4,29.2,38.6,32.1,34.3,0.0,10.5,22.0,70,19.81,1007.2,ward_02_manali,13.168,80.258,ECMWF_ERA5_Reanalysis
2016-10-14,32.4,25.0,28.7,36.9,30.5,33.4,0.0,13.0,25.9,47,21.5,1008.0,ward_02_manali,13.168,80.258,ECMWF_ERA5_Reanalysis
2016-10-15,31.9,24.8,28.2,35.3,29.6,32.2,0.2,16.4,31.3,42,21.61,1008.6,ward_02_manali,13.168,80.258,ECMWF_ERA5_Reanalysis
2016-10-16,32.4,24.1,28.0,36.2,28.3,31.7,0.0,16.3,29.9,41,22.86,1009.1,ward_02_manali,13.168,80.258,ECMWF_ERA5_Reanalysis
2016-10-17,32.3,23.5,28.0,37.0,28.0,31.9,0.0,15.1,30.6,62,22.11,1008.2,ward_02_manali,13.168,80.258,ECMWF_ERA5_Reanalysis
2016-10-18,32.7,23.4,27.9,36.1,27.4,31.5,0.0,16.4,31.7,36,23.23,1007.2,ward_02_manali,13.168,80.258,ECMWF_ERA5_Reanalysis
2016-10-19,33.0,23.9,28.1,37.5,27.3,31.9,0.0,16.2,34.6,47,22.54,1006.4,ward_02_manali,13.168,80.258,ECMWF_ERA5_Reanalysis
2016-10-20,32.7,24.8,28.3,36.7,29.3,32.3,0.0,15.0,30.6,50,20.78,1005.7,ward_02_manali,13.168,80.258,ECMWF_ERA5_Reanalysis
2016-10-21,32.9,24.3,28.3,36.1,28.5,31.7,0.0,15.9,34.9,81,20.0,1006.8,ward_02_manali,13.168,80.258,ECMWF_ERA5_Reanalysis
2016-10-22,33.0,25.0,28.6,36.8,29.6,32.0,0.0,16.5,33.5,92,20.35,1008.2,ward_02_manali,13.168,80.258,ECMWF_ERA5_Reanalysis
2016-10-23,33.0,23.8,28.0,36.2,27.4,31.2,0.0,14.9,34.2,93,20.96,1008.8,ward_02_manali,13.168,80.258,ECMWF_ERA5_Reanalysis
2016-10-24,33.6,23.4,28.0,35.8,26.4,30.2,0.0,18.6,32.8,29,22.64,1008.4,ward_02_manali,13.168,80.258,ECMWF_ERA5_Reanalysis
2016-10-25,33.7,23.6,27.9,36.1,25.4,30.1,0.0,16.5,35.3,26,21.79,1007.5,ward_02_manali,13.168,80.258,ECMWF_ERA5_Reanalysis
2016-10-26,33.1,23.1,27.8,35.7,25.0,30.1,0.0,16.3,31.7,19,21.66,1007.7,ward_02_manali,13.168,80.258,ECMWF_ERA5_Reanalysis
2016-10-27,32.8,23.6,28.0,34.5,26.5,30.3,0.2,18.3,34.2,349,18.66,1008.7,ward_02_manali,13.168,80.258,ECMWF_ERA5_Reanalysis
2016-10-28,32.3,25.1,27.6,34.2,27.9,30.4,4.4,14.1,33.8,338,10.58,1008.4,ward_02_manali,13.168,80.258,ECMWF_ERA5_Reanalysis
2016-10-29,30.3,23.8,26.6,34.5,28.0,30.6,10.9,15.7,33.1,340,13.63,1008.3,ward_02_manali,13.168,80.258,ECMWF_ERA5_Reanalysis
2016-10-30,28.2,24.8,26.3,32.4,29.0,30.7,9.2,14.8,31.0,58,12.29,1009.4,ward_02_manali,13.168,80.258,ECMWF_ERA5_Reanalysis
2016-10-31,28.8,24.3,26.5,32.3,29.3,30.6,4.8,16.4,31.7,52,13.58,1011.3,ward_02_manali,13.168,80.258,ECMWF_ERA5_Reanalysis
2016-11-01,29.3,24.7,26.7,33.3,29.2,30.6,3.4,20.3,36.7,29,16.83,1010.7,ward_02_manali,13.168,80.258,ECMWF_ERA5_Reanalysis
2016-11-02,28.6,24.7,26.5,32.3,28.6,30.3,5.1,19.6,36.0,27,13.55,1010.0,ward_02_manali,13.168,80.258,ECMWF_ERA5_Reanalysis
2016-11-03,30.3,24.6,27.0,33.8,28.1,30.6,5.2,25.7,45.4,8,16.53,1008.8,ward_02_manali,13.168,80.258,ECMWF_ERA5_Reanalysis
2016-11-04,32.6,24.9,28.2,36.0,29.1,32.2,0.0,17.3,34.2,345,20.49,1007.0,ward_02_manali,13.168,80.258,ECMWF_ERA5_Reanalysis
2016-11-05,32.0,24.3,27.8,36.3,29.2,32.1,0.0,14.0,26.6,76,21.1,1006.9,ward_02_manali,13.168,80.258,ECMWF_ERA5_Reanalysis
2016-11-06,31.2,23.7,27.4,35.9,27.5,31.3,0.0,11.1,21.6,29,18.98,1008.6,ward_02_manali,13.168,80.258,ECMWF_ERA5_Reanalysis
2016-11-07,31.2,23.9,27.2,35.8,28.8,31.4,0.1,15.4,27.7,40,18.54,1010.3,ward_02_manali,13.168,80.258,ECMWF_ERA5_Reanalysis
2016-11-08,30.5,23.8,26.9,32.8,26.9,29.5,0.9,18.6,34.9,41,19.89,1011.1,ward_02_manali,13.168,80.258,ECMWF_ERA5_Reanalysis
2016-11-09,30.1,21.5,26.1,30.8,23.3,26.9,0.0,18.6,34.2,38,22.28,1012.3,ward_02_manali,13.168,80.258,ECMWF_ERA5_Reanalysis
2016-11-10,29.9,21.2,25.7,31.8,24.0,27.3,0.0,15.2,29.2,43,21.43,1011.6,ward_02_manali,13.168,80.258,ECMWF_ERA5_Reanalysis
2016-11-11,29.7,22.5,26.0,32.9,25.6,28.3,0.0,14.8,28.8,55,19.8,1011.0,ward_02_manali,13.168,80.258,ECMWF_ERA5_Reanalysis
2016-11-12,30.4,22.9,26.6,33.8,26.4,29.4,0.0,19.7,35.6,50,17.58,1011.4,ward_02_manali,13.168,80.258,ECMWF_ERA5_Reanalysis
2016-11-13,28.8,24.3,26.2,33.0,28.3,30.2,8.7,16.6,29.5,67,14.09,1012.3,ward_02_manali,13.168,80.258,ECMWF_ERA5_Reanalysis
2016-11-14,30.4,24.4,27.1,35.2,29.3,31.6,1.4,15.1,29.2,67,18.88,1011.9,ward_02_manali,13.168,80.258,ECMWF_ERA5_Reanalysis
2016-11-15,30.6,24.2,27.1,35.3,29.4,31.5,1.1,15.2,28.4,62,19.24,1011.3,ward_02_manali,13.168,80.258,ECMWF_ERA5_Reanalysis
2016-11-16,30.1,25.5,27.5,33.1,29.4,30.7,0.3,21.6,40.0,50,18.66,1011.1,ward_02_manali,13.168,80.258,ECMWF_ERA5_Reanalysis
2016-11-17,29.8,25.3,27.2,32.2,28.1,29.6,1.8,25.3,44.3,47,18.85,1011.5,ward_02_manali,13.168,80.258,ECMWF_ERA5_Reanalysis
2016-11-18,29.6,25.1,27.0,30.9,27.0,28.5,0.0,27.8,49.0,31,18.4,1010.8,ward_02_manali,13.168,80.258,ECMWF_ERA5_Reanalysis
2016-11-19,29.1,23.7,26.3,29.9,25.8,27.7,0.0,23.8,45.0,39,15.03,1009.9,ward_02_manali,13.168,80.258,ECMWF_ERA5_Reanalysis
2016-11-20,29.2,24.4,26.3,30.8,26.5,28.0,0.0,22.7,40.7,30,16.2,1010.4,ward_02_manali,13.168,80.258,ECMWF_ERA5_Reanalysis
2016-11-21,29.5,24.1,26.2,31.2,25.7,27.7,0.0,20.2,37.4,32,17.79,1010.7,ward_02_manali,13.168,80.258,ECMWF_ERA5_Reanalysis
2016-11-22,29.2,22.6,25.4,30.8,24.9,27.1,0.0,19.6,36.4,30,19.04,1010.5,ward_02_manali,13.168,80.258,ECMWF_ERA5_Reanalysis
2016-11-23,29.7,21.9,25.4,31.3,24.3,27.2,0.0,17.6,33.1,47,20.94,1010.5,ward_02_manali,13.168,80.258,ECMWF_ERA5_Reanalysis
2016-11-24,28.9,22.4,25.3,29.9,23.9,26.3,0.0,20.2,37.8,42,19.06,1011.1,ward_02_manali,13.168,80.258,ECMWF_ERA5_Reanalysis
2016-11-25,29.0,22.3,25.4,29.7,23.9,26.6,0.0,23.0,41.8,33,20.02,1010.5,ward_02_manali,13.168,80.258,ECMWF_ERA5_Reanalysis
2016-11-26,29.6,22.5,25.6,31.0,24.8,27.5,0.0,17.6,33.5,32,20.19,1011.2,ward_02_manali,13.168,80.258,ECMWF_ERA5_Reanalysis
2016-11-27,30.3,18.0,24.3,32.2,19.8,26.5,0.0,15.0,30.2,40,21.12,1010.8,ward_02_manali,13.168,80.258,ECMWF_ERA5_Reanalysis
2016-11-28,29.9,18.6,24.0,33.1,21.0,26.7,0.0,10.8,23.8,70,18.93,1010.9,ward_02_manali,13.168,80.258,ECMWF_ERA5_Reanalysis
2016-11-29,29.6,19.1,24.3,32.7,21.8,27.0,0.0,13.5,26.6,48,18.75,1011.8,ward_02_manali,13.168,80.258,ECMWF_ERA5_Reanalysis
2016-11-30,29.4,20.0,24.9,29.8,22.7,26.3,0.0,26.3,46.4,16,16.61,1011.7,ward_02_manali,13.168,80.258,ECMWF_ERA5_Reanalysis
2016-12-01,25.3,24.4,24.9,28.1,25.2,26.4,29.8,33.0,55.4,32,4.19,1009.3,ward_02_manali,13.168,80.258,ECMWF_ERA5_Reanalysis
2016-12-02,26.9,24.0,25.1,28.9,26.8,27.9,10.4,22.6,44.6,116,10.87,1011.0,ward_02_manali,13.168,80.258,ECMWF_ERA5_Reanalysis
2016-12-03,28.8,23.7,25.7,33.1,27.5,29.7,2.4,14.1,29.2,100,14.95,1012.9,ward_02_manali,13.168,80.258,ECMWF_ERA5_Reanalysis
2016-12-04,27.7,23.9,25.3,32.3,28.1,29.6,5.4,15.1,30.6,44,12.9,1013.8,ward_02_manali,13.168,80.258,ECMWF_ERA5_Reanalysis
2016-12-05,28.7,23.7,25.8,31.0,26.5,28.6,0.9,21.7,38.5,32,17.37,1012.4,ward_02_manali,13.168,80.258,ECMWF_ERA5_Reanalysis
2016-12-06,28.5,23.2,25.6,29.1,24.2,26.5,0.0,24.8,43.2,33,19.14,1011.9,ward_02_manali,13.168,80.258,ECMWF_ERA5_Reanalysis
2016-12-07,27.9,23.2,25.5,30.2,25.1,27.6,0.7,20.2,37.1,19,13.95,1011.4,ward_02_manali,13.168,80.258,ECMWF_ERA5_Reanalysis
2016-12-08,28.8,23.6,25.9,30.8,26.5,28.4,0.0,20.6,37.1,27,18.02,1011.0,ward_02_manali,13.168,80.258,ECMWF_ERA5_Reanalysis
2016-12-09,29.2,20.9,24.8,31.0,23.9,26.9,0.0,16.8,31.7,18,19.86,1009.5,ward_02_manali,13.168,80.258,ECMWF_ERA5_Reanalysis
2016-12-10,29.0,20.0,24.4,29.1,22.2,25.7,0.0,21.1,37.8,356,19.08,1008.5,ward_02_manali,13.168,80.258,ECMWF_ERA5_Reanalysis
2016-12-11,29.3,22.7,25.1,27.9,22.9,24.9,8.5,31.3,46.4,334,11.69,1006.4,ward_02_manali,13.168,80.258,ECMWF_ERA5_Reanalysis
2016-12-12,24.6,21.8,23.4,26.3,15.5,21.3,129.1,72.3,128.9,335,0.91,997.8,ward_02_manali,13.168,80.258,ECMWF_ERA5_Reanalysis
2016-12-13,28.4,24.2,25.8,31.7,25.1,28.7,9.6,35.5,63.0,128,13.72,1007.7,ward_02_manali,13.168,80.258,ECMWF_ERA5_Reanalysis
2016-12-14,28.6,23.2,25.6,32.7,26.5,29.2,0.0,12.8,24.8,106,17.98,1010.5,ward_02_manali,13.168,80.258,ECMWF_ERA5_Reanalysis
2016-12-15,28.2,21.8,25.1,32.0,25.4,28.7,1.4,14.2,27.4,44,16.62,1011.7,ward_02_manali,13.168,80.258,ECMWF_ERA5_Reanalysis
2016-12-16,28.0,23.7,25.5,31.2,26.4,28.3,0.8,19.4,34.6,52,17.82,1013.3,ward_02_manali,13.168,80.258,ECMWF_ERA5_Reanalysis
2016-12-17,27.8,22.2,24.8,30.7,25.6,27.5,0.0,17.5,31.7,36,16.6,1013.5,ward_02_manali,13.168,80.258,ECMWF_ERA5_Reanalysis
2016-12-18,27.4,20.7,24.1,30.0,23.9,26.5,0.0,18.9,33.1,31,16.69,1013.3,ward_02_manali,13.168,80.258,ECMWF_ERA5_Reanalysis
2016-12-19,27.2,21.4,24.3,28.5,23.4,25.7,0.0,24.3,42.5,22,19.02,1013.2,ward_02_manali,13.168,80.258,ECMWF_ERA5_Reanalysis
2016-12-20,27.6,22.0,24.8,29.7,24.4,27.0,0.0,19.5,34.9,16,16.52,1012.8,ward_02_manali,13.168,80.258,ECMWF_ERA5_Reanalysis
2016-12-21,28.1,22.5,24.7,31.3,24.9,27.5,0.0,15.5,28.4,18,18.34,1013.2,ward_02_manali,13.168,80.258,ECMWF_ERA5_Reanalysis
2016-12-22,28.6,19.1,23.7,30.8,21.4,25.8,0.0,14.8,27.0,13,20.13,1012.4,ward_02_manali,13.168,80.258,ECMWF_ERA5_Reanalysis
2016-12-23,28.2,17.5,23.0,31.2,19.5,25.3,0.0,9.4,20.2,57,20.27,1011.2,ward_02_manali,13.168,80.258,ECMWF_ERA5_Reanalysis
2016-12-24,27.1,16.8,22.6,30.4,18.4,24.7,0.0,10.5,22.0,75,19.97,1010.4,ward_02_manali,13.168,80.258,ECMWF_ERA5_Reanalysis
2016-12-25,26.7,19.8,23.0,29.0,21.7,24.9,0.0,11.5,21.6,45,16.64,1011.5,ward_02_manali,13.168,80.258,ECMWF_ERA5_Reanalysis
2016-12-26,27.1,19.1,23.4,28.8,20.8,24.9,0.0,18.3,33.5,16,17.83,1011.6,ward_02_manali,13.168,80.258,ECMWF_ERA5_Reanalysis
2016-12-27,28.2,21.7,24.9,30.0,24.1,26.7,0.0,21.3,39.2,19,18.23,1011.5,ward_02_manali,13.168,80.258,ECMWF_ERA5_Reanalysis
2016-12-28,28.1,24.1,25.7,29.7,25.6,27.2,0.0,21.5,38.9,39,17.98,1012.2,ward_02_manali,13.168,80.258,ECMWF_ERA5_Reanalysis
2016-12-29,27.8,22.6,24.8,28.9,24.0,26.0,0.0,20.0,37.1,36,19.07,1013.0,ward_02_manali,13.168,80.258,ECMWF_ERA5_Reanalysis
2016-12-30,28.0,21.8,24.6,29.2,23.8,25.8,0.0,17.2,32.8,41,17.32,1013.4,ward_02_manali,13.168,80.258,ECMWF_ERA5_Reanalysis
2016-12-31,27.7,21.1,24.1,29.6,22.8,25.7,0.0,16.0,30.6,34,19.35,1012.7,ward_02_manali,13.168,80.258,ECMWF_ERA5_Reanalysis
2017-01-01,28.4,21.3,24.9,30.8,23.4,27.2,1.1,17.8,37.8,28,17.12,1012.7,ward_02_manali,13.168,80.258,ECMWF_ERA5_Reanalysis
2017-01-02,28.7,22.4,25.1,31.3,25.6,27.9,0.0,15.7,35.3,29,19.05,1012.8,ward_02_manali,13.168,80.258,ECMWF_ERA5_Reanalysis
2017-01-03,28.4,20.8,24.4,31.3,23.7,26.9,0.0,15.3,34.2,31,20.06,1012.5,ward_02_manali,13.168,80.258,ECMWF_ERA5_Reanalysis
2017-01-04,28.5,19.7,24.3,31.3,22.1,26.7,0.1,15.4,28.4,46,18.32,1012.2,ward_02_manali,13.168,80.258,ECMWF_ERA5_Reanalysis
2017-01-05,28.6,20.9,24.7,31.1,23.7,27.2,0.0,15.8,36.0,46,19.49,1011.7,ward_02_manali,13.168,80.258,ECMWF_ERA5_Reanalysis
2017-01-06,28.2,20.3,24.6,30.9,23.0,26.9,0.3,14.3,32.0,62,18.13,1011.4,ward_02_manali,13.168,80.258,ECMWF_ERA5_Reanalysis
2017-01-07,28.5,21.4,24.9,30.7,23.0,26.5,0.0,13.8,30.2,82,20.92,1010.3,ward_02_manali,13.168,80.258,ECMWF_ERA5_Reanalysis
2017-01-08,27.9,20.8,24.1,29.4,22.3,25.6,0.0,13.7,32.4,72,21.25,1010.0,ward_02_manali,13.168,80.258,ECMWF_ERA5_Reanalysis
2017-01-09,28.0,20.4,23.8,30.6,21.6,25.5,0.0,13.4,30.2,66,20.69,1010.1,ward_02_manali,13.168,80.258,ECMWF_ERA5_Reanalysis
2017-01-10,28.5,19.4,24.4,30.8,21.6,26.2,0.0,12.3,26.6,90,20.98,1010.4,ward_02_manali,13.168,80.258,ECMWF_ERA5_Reanalysis
2017-01-11,29.3,20.1,24.6,32.6,22.8,27.2,0.0,12.8,30.6,84,19.35,1010.8,ward_02_manali,13.168,80.258,ECMWF_ERA5_Reanalysis
2017-01-12,28.1,20.6,24.7,30.9,23.6,27.4,0.0,12.6,29.5,87,18.23,1010.5,ward_02_manali,13.168,80.258,ECMWF_ERA5_Reanalysis
2017-01-13,28.3,21.3,25.1,30.7,24.7,27.4,0.0,14.4,33.1,82,18.88,1011.0,ward_02_manali,13.168,80.258,ECMWF_ERA5_Reanalysis
2017-01-14,28.5,23.1,25.4,30.6,25.7,27.4,0.0,14.4,33.8,72,19.86,1012.1,ward_02_manali,13.168,80.258,ECMWF_ERA5_Reanalysis
2017-01-15,28.3,22.5,25.5,30.2,25.3,27.1,0.0,17.0,38.2,63,18.98,1013.9,ward_02_manali,13.168,80.258,ECMWF_ERA5_Reanalysis
2017-01-16,28.2,21.6,24.8,29.9,24.1,26.4,0.0,15.5,35.6,61,19.84,1013.8,ward_02_manali,13.168,80.258,ECMWF_ERA5_Reanalysis
2017-01-17,28.3,19.4,24.1,29.8,21.5,25.5,0.0,15.9,36.4,47,21.62,1013.6,ward_02_manali,13.168,80.258,ECMWF_ERA5_Reanalysis
2017-01-18,28.0,21.0,24.9,28.7,22.7,25.5,0.0,19.3,41.0,53,19.25,1014.6,ward_02_manali,13.168,80.258,ECMWF_ERA5_Reanalysis
2017-01-19,28.0,24.1,25.8,27.4,24.6,25.6,0.1,21.6,43.6,47,14.54,1014.6,ward_02_manali,13.168,80.258,ECMWF_ERA5_Reanalysis
2017-01-20,28.8,23.9,25.9,29.0,24.9,27.1,0.4,24.5,50.4,32,13.64,1013.8,ward_02_manali,13.168,80.258,ECMWF_ERA5_Reanalysis
2017-01-21,29.3,24.8,26.6,31.8,27.3,28.7,0.1,21.8,50.4,48,19.03,1014.2,ward_02_manali,13.168,80.258,ECMWF_ERA5_Reanalysis
2017-01-22,29.3,23.7,26.1,31.0,26.2,28.2,0.0,19.1,41.8,38,19.74,1015.4,ward_02_manali,13.168,80.258,ECMWF_ERA5_Reanalysis
2017-01-23,29.1,21.9,25.3,30.6,24.7,27.4,0.0,20.2,42.5,32,19.46,1015.1,ward_02_manali,13.168,80.258,ECMWF_ERA5_Reanalysis
2017-01-24,28.9,21.9,25.6,30.9,24.6,27.5,0.0,21.1,44.6,42,19.97,1014.3,ward_02_manali,13.168,80.258,ECMWF_ERA5_Reanalysis
2017-01-25,29.2,24.4,26.3,30.5,25.9,27.6,0.0,20.4,43.2,51,19.54,1014.4,ward_02_manali,13.168,80.258,ECMWF_ERA5_Reanalysis
2017-01-26,28.3,24.5,25.9,29.9,26.4,28.3,1.4,19.4,40.0,50,8.99,1013.7,ward_02_manali,13.168,80.258,ECMWF_ERA5_Reanalysis
2017-01-27,27.5,24.1,25.4,31.0,28.0,29.1,3.8,14.5,32.4,58,11.01,1012.6,ward_02_manali,13.168,80.258,ECMWF_ERA5_Reanalysis
2017-01-28,28.9,23.3,25.9,32.0,27.8,29.7,1.8,19.5,41.0,55,17.29,1012.4,ward_02_manali,13.168,80.258,ECMWF_ERA5_Reanalysis
2017-01-29,29.1,23.4,25.9,32.9,26.6,29.6,0.8,19.0,40.0,51,18.01,1013.0,ward_02_manali,13.168,80.258,ECMWF_ERA5_Reanalysis
2017-01-30,28.7,21.7,25.0,32.1,24.5,28.1,0.0,12.2,31.0,59,19.76,1012.9,ward_02_manali,13.168,80.258,ECMWF_ERA5_Reanalysis
2017-01-31,28.9,21.4,24.5,32.6,23.7,27.3,0.0,13.7,31.3,94,21.36,1012.5,ward_02_manali,13.168,80.258,ECMWF_ERA5_Reanalysis
2017-02-01,28.8,21.2,24.4,32.4,23.3,27.1,0.0,12.4,29.2,100,22.15,1013.1,ward_02_manali,13.168,80.258,ECMWF_ERA5_Reanalysis
2017-02-02,28.5,20.5,24.5,31.6,22.7,27.0,0.0,12.9,31.0,67,21.64,1014.7,ward_02_manali,13.168,80.258,ECMWF_ERA5_Reanalysis
2017-02-03,28.6,21.4,24.8,31.3,24.1,27.3,0.0,14.9,35.3,50,21.21,1014.2,ward_02_manali,13.168,80.258,ECMWF_ERA5_Reanalysis
2017-02-04,28.7,20.7,24.7,31.4,23.6,27.0,0.3,13.3,31.0,86,21.74,1013.1,ward_02_manali,13.168,80.258,ECMWF_ERA5_Reanalysis
2017-02-05,28.6,20.8,24.3,30.6,22.1,25.9,0.0,11.4,29.9,97,22.98,1012.9,ward_02_manali,13.168,80.258,ECMWF_ERA5_Reanalysis
2017-02-06,30.2,19.0,24.2,32.6,20.2,25.5,0.0,12.1,30.2,128,23.47,1012.3,ward_02_manali,13.168,80.258,ECMWF_ERA5_Reanalysis
2017-02-07,30.0,19.1,24.0,32.9,21.3,26.1,0.0,14.0,32.8,136,23.45,1012.0,ward_02_manali,13.168,80.258,ECMWF_ERA5_Reanalysis
2017-02-08,30.4,18.6,24.2,31.7,20.8,26.2,0.0,13.4,32.8,118,23.47,1012.4,ward_02_manali,13.168,80.258,ECMWF_ERA5_Reanalysis
2017-02-09,29.8,19.4,23.8,31.5,21.5,25.7,0.0,13.6,33.1,125,23.5,1012.1,ward_02_manali,13.168,80.258,ECMWF_ERA5_Reanalysis
2017-02-10,29.0,18.4,23.7,31.0,20.2,25.1,0.0,13.6,32.4,130,23.55,1011.7,ward_02_manali,13.168,80.258,ECMWF_ERA5_Reanalysis
2017-02-11,28.5,18.4,24.2,30.7,20.7,25.9,0.0,14.4,31.3,96,22.58,1012.7,ward_02_manali,13.168,80.258,ECMWF_ERA5_Reanalysis
2017-02-12,28.2,20.7,24.8,29.3,21.8,26.1,0.1,16.2,38.2,79,18.63,1014.3,ward_02_manali,13.168,80.258,ECMWF_ERA5_Reanalysis
2017-02-13,29.9,22.8,26.3,32.0,25.5,28.0,0.0,20.1,43.2,56,22.26,1015.6,ward_02_manali,13.168,80.258,ECMWF_ERA5_Reanalysis
2017-02-14,29.8,24.7,26.9,32.3,27.4,29.0,0.0,20.4,44.6,56,20.72,1016.5,ward_02_manali,13.168,80.258,ECMWF_ERA5_Reanalysis
2017-02-15,29.7,22.2,25.8,31.7,25.7,28.0,0.0,18.7,41.8,42,22.72,1016.7,ward_02_manali,13.168,80.258,ECMWF_ERA5_Reanalysis
2017-02-16,29.4,21.2,25.4,31.0,23.0,26.9,0.0,16.7,38.9,54,23.72,1015.1,ward_02_manali,13.168,80.258,ECMWF_ERA5_Reanalysis
2017-02-17,29.3,20.7,24.8,31.1,23.0,26.7,0.0,14.3,35.3,55,23.81,1013.9,ward_02_manali,13.168,80.258,ECMWF_ERA5_Reanalysis
2017-02-18,29.2,19.6,24.3,31.8,21.7,26.3,0.0,13.9,33.1,60,23.7,1014.2,ward_02_manali,13.168,80.258,ECMWF_ERA5_Reanalysis
2017-02-19,29.8,19.4,24.4,33.7,21.9,27.3,0.0,13.8,34.2,123,23.75,1013.1,ward_02_manali,13.168,80.258,ECMWF_ERA5_Reanalysis
2017-02-20,32.0,20.5,25.8,36.4,22.7,28.7,0.0,15.5,36.4,174,24.09,1009.7,ward_02_manali,13.168,80.258,ECMWF_ERA5_Reanalysis
2017-02-21,32.2,21.7,26.3,36.1,25.2,29.4,0.0,19.2,41.4,169,23.66,1009.1,ward_02_manali,13.168,80.258,ECMWF_ERA5_Reanalysis
2017-02-22,31.3,21.4,25.7,35.7,25.1,29.2,0.0,18.0,38.2,157,23.95,1009.7,ward_02_manali,13.168,80.258,ECMWF_ERA5_Reanalysis
2017-02-23,31.1,23.4,26.3,35.8,27.5,29.9,0.0,17.1,38.2,156,23.82,1011.2,ward_02_manali,13.168,80.258,ECMWF_ERA5_Reanalysis
2017-02-24,30.3,22.3,25.7,34.1,25.8,29.2,0.0,15.2,36.7,137,23.68,1012.2,ward_02_manali,13.168,80.258,ECMWF_ERA5_Reanalysis
2017-02-25,29.9,21.2,25.0,34.1,24.5,28.5,0.0,14.8,36.0,101,24.39,1012.1,ward_02_manali,13.168,80.258,ECMWF_ERA5_Reanalysis
2017-02-26,30.3,21.9,25.6,34.5,24.8,29.1,0.0,16.1,37.8,104,22.32,1010.4,ward_02_manali,13.168,80.258,ECMWF_ERA5_Reanalysis
2017-02-27,29.9,22.0,25.8,33.5,25.0,29.0,0.0,14.5,35.6,86,24.04,1011.4,ward_02_manali,13.168,80.258,ECMWF_ERA5_Reanalysis
2017-02-28,30.5,21.3,25.5,33.5,24.7,28.5,0.0,15.1,35.6,48,23.81,1011.7,ward_02_manali,13.168,80.258,ECMWF_ERA5_Reanalysis
2017-03-01,30.3,20.8,25.3,33.5,24.3,28.4,0.0,15.2,34.2,62,24.63,1011.5,ward_02_manali,13.168,80.258,ECMWF_ERA5_Reanalysis
2017-03-02,30.6,20.8,25.3,34.1,24.3,28.5,0.0,15.6,36.0,66,23.01,1010.6,ward_02_manali,13.168,80.258,ECMWF_ERA5_Reanalysis
2017-03-03,30.4,21.8,26.4,34.2,25.0,29.6,0.0,15.2,35.6,86,23.7,1008.1,ward_02_manali,13.168,80.258,ECMWF_ERA5_Reanalysis
2017-03-04,30.1,25.5,27.3,34.1,30.0,31.1,1.0,20.1,44.3,134,19.0,1007.7,ward_02_manali,13.168,80.258,ECMWF_ERA5_Reanalysis
2017-03-05,31.6,25.2,27.7,36.8,30.1,31.9,0.3,18.0,39.2,160,20.23,1007.2,ward_02_manali,13.168,80.258,ECMWF_ERA5_Reanalysis
2017-03-06,32.2,25.6,28.0,36.3,30.8,32.1,0.8,22.1,47.2,166,21.0,1006.8,ward_02_manali,13.168,80.258,ECMWF_ERA5_Reanalysis
2017-03-07,31.3,25.6,28.0,35.3,30.6,31.9,1.0,24.8,49.7,158,20.1,1007.0,ward_02_manali,13.168,80.258,ECMWF_ERA5_Reanalysis
2017-03-08,31.4,25.6,28.1,36.1,29.9,32.2,1.3,23.0,48.6,162,19.06,1007.1,ward_02_manali,13.168,80.258,ECMWF_ERA5_Reanalysis
2017-03-09,31.3,26.2,28.1,35.6,30.8,32.0,2.1,24.0,50.0,167,19.7,1006.6,ward_02_manali,13.168,80.258,ECMWF_ERA5_Reanalysis
2017-03-10,32.1,26.5,28.5,36.0,30.7,32.2,1.7,21.5,46.1,174,19.21,1006.8,ward_02_manali,13.168,80.258,ECMWF_ERA5_Reanalysis
2017-03-11,32.4,26.6,28.5,37.4,30.7,32.6,6.1,22.8,47.9,176,19.57,1008.2,ward_02_manali,13.168,80.258,ECMWF_ERA5_Reanalysis
2017-03-12,32.7,26.3,28.7,37.6,31.1,32.8,1.7,21.1,45.4,170,21.41,1008.7,ward_02_manali,13.168,80.258,ECMWF_ERA5_Reanalysis
2017-03-13,31.7,26.0,28.3,36.1,31.3,32.9,0.7,20.2,43.9,151,20.6,1009.4,ward_02_manali,13.168,80.258,ECMWF_ERA5_Reanalysis
2017-03-14,30.1,25.8,27.6,34.3,30.4,32.1,1.8,17.9,41.4,148,18.51,1010.4,ward_02_manali,13.168,80.258,ECMWF_ERA5_Reanalysis
2017-03-15,31.5,25.8,28.0,36.3,30.9,32.5,0.6,17.5,39.6,112,24.25,1010.8,ward_02_manali,13.168,80.258,ECMWF_ERA5_Reanalysis
2017-03-16,31.3,25.3,27.9,36.3,29.5,32.0,0.3,16.4,37.8,141,22.94,1010.5,ward_02_manali,13.168,80.258,ECMWF_ERA5_Reanalysis
2017-03-17,32.4,24.5,27.9,37.2,28.8,31.6,0.0,20.5,45.0,162,24.04,1009.4,ward_02_manali,13.168,80.258,ECMWF_ERA5_Reanalysis
2017-03-18,32.3,24.9,28.1,36.6,29.2,31.8,0.0,24.3,51.8,169,23.57,1009.9,ward_02_manali,13.168,80.258,ECMWF_ERA5_Reanalysis
2017-03-19,32.8,24.8,28.4,37.8,29.5,32.3,0.0,24.4,50.4,168,23.63,1010.2,ward_02_manali,13.168,80.258,ECMWF_ERA5_Reanalysis
2017-03-20,33.8,25.9,28.9,38.3,30.5,33.3,0.9,23.9,50.8,169,23.97,1009.6,ward_02_manali,13.168,80.258,ECMWF_ERA5_Reanalysis
2017-03-21,33.5,26.3,28.9,39.0,31.9,33.8,0.1,20.5,43.6,147,23.98,1010.8,ward_02_manali,13.168,80.258,ECMWF_ERA5_Reanalysis
2017-03-22,32.3,25.4,28.2,36.5,30.1,32.8,0.0,15.5,36.4,105,24.68,1010.9,ward_02_manali,13.168,80.258,ECMWF_ERA5_Reanalysis
2017-03-23,32.5,23.9,27.7,36.4,28.3,31.4,0.0,17.4,39.2,144,26.04,1010.2,ward_02_manali,13.168,80.258,ECMWF_ERA5_Reanalysis
2017-03-24,32.5,23.5,27.5,35.1,27.8,30.8,0.0,16.9,40.0,158,26.45,1009.9,ward_02_manali,13.168,80.258,ECMWF_ERA5_Reanalysis
2017-03-25,32.4,22.8,27.4,35.9,26.7,30.9,0.0,17.6,40.7,159,26.66,1010.2,ward_02_manali,13.168,80.258,ECMWF_ERA5_Reanalysis
2017-03-26,32.2,23.4,27.4,36.7,27.9,31.3,0.0,17.2,40.0,139,26.56,1010.5,ward_02_manali,13.168,80.258,ECMWF_ERA5_Reanalysis
2017-03-27,32.9,22.7,27.6,36.2,26.1,30.8,0.0,22.3,47.9,166,26.11,1010.9,ward_02_manali,13.168,80.258,ECMWF_ERA5_Reanalysis
2017-03-28,33.0,25.1,28.7,37.9,29.8,32.7,0.0,19.5,43.9,160,25.93,1010.9,ward_02_manali,13.168,80.258,ECMWF_ERA5_Reanalysis
2017-03-29,33.3,24.3,28.5,38.3,28.8,32.5,0.0,20.1,45.0,162,26.02,1009.9,ward_02_manali,13.168,80.258,ECMWF_ERA5_Reanalysis
2017-03-30,33.9,25.7,29.1,39.1,30.3,33.5,0.0,19.1,42.1,158,25.61,1010.1,ward_02_manali,13.168,80.258,ECMWF_ERA5_Reanalysis
2017-03-31,33.3,26.4,29.1,37.6,31.0,33.4,0.1,21.1,46.8,165,25.21,1010.7,ward_02_manali,13.168,80.258,ECMWF_ERA5_Reanalysis
2017-04-01,34.4,24.5,28.9,39.6,29.5,33.2,0.0,23.8,50.8,172,26.02,1009.4,ward_02_manali,13.168,80.258,ECMWF_ERA5_Reanalysis
2017-04-02,34.8,25.5,29.3,39.3,30.2,33.3,0.0,24.7,51.5,174,25.14,1008.2,ward_02_manali,13.168,80.258,ECMWF_ERA5_Reanalysis
2017-04-03,34.0,26.8,29.8,38.5,31.3,34.0,0.0,24.3,52.2,162,25.52,1008.7,ward_02_manali,13.168,80.258,ECMWF_ERA5_Reanalysis
2017-04-04,33.0,27.1,29.5,37.4,32.3,33.8,0.3,24.2,51.5,163,23.05,1009.2,ward_02_manali,13.168,80.258,ECMWF_ERA5_Reanalysis
2017-04-05,33.9,27.4,29.8,39.5,32.3,34.6,0.6,23.2,49.7,168,24.3,1008.2,ward_02_manali,13.168,80.258,ECMWF_ERA5_Reanalysis
2017-04-06,34.1,26.8,29.9,39.1,32.6,34.5,0.0,24.0,51.5,166,25.12,1007.4,ward_02_manali,13.168,80.258,ECMWF_ERA5_Reanalysis
2017-04-07,35.0,26.3,30.0,41.0,31.7,35.0,0.0,22.6,49.0,169,26.03,1007.2,ward_02_manali,13.168,80.258,ECMWF_ERA5_Reanalysis
2017-04-08,33.8,26.3,29.4,38.9,32.3,34.2,0.0,25.0,52.2,170,26.01,1007.4,ward_02_manali,13.168,80.258,ECMWF_ERA5_Reanalysis
2017-04-09,33.7,26.1,29.5,39.1,31.9,34.3,0.0,23.7,51.8,168,25.35,1007.4,ward_02_manali,13.168,80.258,ECMWF_ERA5_Reanalysis
2017-04-10,35.6,26.7,30.1,40.5,31.9,34.9,0.0,24.5,52.2,171,25.02,1006.5,ward_02_manali,13.168,80.258,ECMWF_ERA5_Reanalysis
2017-04-11,34.6,27.1,30.2,41.1,33.4,35.6,0.0,20.1,43.2,158,25.53,1006.4,ward_02_manali,13.168,80.258,ECMWF_ERA5_Reanalysis
2017-04-12,34.1,26.6,29.7,40.5,32.6,35.2,0.0,17.2,40.3,147,25.87,1007.1,ward_02_manali,13.168,80.258,ECMWF_ERA5_Reanalysis
2017-04-13,33.5,26.1,29.1,39.1,31.9,34.3,0.0,17.7,39.6,145,26.25,1007.7,ward_02_manali,13.168,80.258,ECMWF_ERA5_Reanalysis
2017-04-14,33.8,25.3,28.9,39.6,30.6,34.0,0.0,15.8,37.8,148,24.6,1006.7,ward_02_manali,13.168,80.258,ECMWF_ERA5_Reanalysis
2017-04-15,34.2,24.0,28.6,40.7,29.3,33.5,0.0,16.5,37.4,144,26.45,1005.1,ward_02_manali,13.168,80.258,ECMWF_ERA5_Reanalysis
2017-04-16,37.6,25.7,30.5,43.2,30.5,35.5,0.0,22.2,46.4,178,25.75,1004.2,ward_02_manali,13.168,80.258,ECMWF_ERA5_Reanalysis
2017-04-17,37.5,27.1,31.1,43.7,29.9,36.2,0.0,22.8,49.0,166,26.33,1005.0,ward_02_manali,13.168,80.258,ECMWF_ERA5_Reanalysis
2017-04-18,36.1,28.2,31.0,43.1,30.6,35.7,0.0,26.7,55.4,170,26.0,1005.3,ward_02_manali,13.168,80.258,ECMWF_ERA5_Reanalysis
2017-04-19,35.8,27.4,30.6,41.3,31.0,34.9,0.0,26.1,54.7,172,25.83,1005.8,ward_02_manali,13.168,80.258,ECMWF_ERA5_Reanalysis
2017-04-20,35.4,27.5,30.7,40.2,31.2,34.7,0.0,28.5,59.4,176,24.83,1005.6,ward_02_manali,13.168,80.258,ECMWF_ERA5_Reanalysis
2017-04-21,36.2,28.0,31.3,41.8,31.1,35.6,0.0,23.0,50.0,175,24.19,1005.7,ward_02_manali,13.168,80.258,ECMWF_ERA5_Reanalysis
2017-04-22,36.1,27.8,31.2,43.1,32.5,36.4,0.0,22.2,47.5,169,25.68,1005.4,ward_02_manali,13.168,80.258,ECMWF_ERA5_Reanalysis
2017-04-23,36.1,28.3,31.3,43.9,33.5,36.7,0.0,21.9,46.4,170,25.29,1005.4,ward_02_manali,13.168,80.258,ECMWF_ERA5_Reanalysis
2017-04-24,35.2,28.3,31.0,42.2,33.1,36.5,0.0,23.0,49.7,166,25.83,1005.8,ward_02_manali,13.168,80.258,ECMWF_ERA5_Reanalysis
2017-04-25,35.0,28.3,30.9,42.2,33.1,36.5,0.0,22.4,47.9,165,26.12,1006.6,ward_02_manali,13.168,80.258,ECMWF_ERA5_Reanalysis
2017-04-26,35.5,27.7,30.6,42.2,33.7,36.2,0.0,22.9,48.6,166,26.33,1006.5,ward_02_manali,13.168,80.258,ECMWF_ERA5_Reanalysis
2017-04-27,35.6,27.1,30.4,41.4,32.4,35.3,0.0,24.6,51.5,169,26.31,1007.1,ward_02_manali,13.168,80.258,ECMWF_ERA5_Reanalysis
2017-04-28,35.0,27.4,30.6,40.7,32.9,35.6,0.0,22.9,49.0,168,25.92,1007.3,ward_02_manali,13.168,80.258,ECMWF_ERA5_Reanalysis
2017-04-29,34.8,27.5,30.5,40.3,32.5,35.1,0.0,24.8,51.8,168,26.14,1007.5,ward_02_manali,13.168,80.258,ECMWF_ERA5_Reanalysis
2017-04-30,34.4,27.1,30.2,40.1,33.2,35.2,0.0,22.4,47.9,169,24.01,1007.7,ward_02_manali,13.168,80.258,ECMWF_ERA5_Reanalysis
2017-05-01,33.7,27.7,30.1,38.4,32.9,34.3,0.9,23.3,49.0,166,22.33,1008.5,ward_02_manali,13.168,80.258,ECMWF_ERA5_Reanalysis
2017-05-02,33.1,27.5,29.8,38.0,33.3,34.5,1.4,20.4,45.0,159,23.55,1009.4,ward_02_manali,13.168,80.258,ECMWF_ERA5_Reanalysis
2017-05-03,33.3,27.0,29.7,38.1,32.6,34.6,0.7,24.0,50.4,163,25.26,1009.4,ward_02_manali,13.168,80.258,ECMWF_ERA5_Reanalysis
2017-05-04,34.3,27.0,30.1,39.6,33.1,35.0,0.0,25.0,53.3,164,25.44,1008.8,ward_02_manali,13.168,80.258,ECMWF_ERA5_Reanalysis
2017-05-05,34.5,27.1,30.3,38.9,33.3,35.1,0.2,26.3,55.1,168,25.59,1008.3,ward_02_manali,13.168,80.258,ECMWF_ERA5_Reanalysis
2017-05-06,34.9,28.3,30.9,40.3,33.5,35.5,0.1,27.7,56.5,167,26.38,1008.7,ward_02_manali,13.168,80.258,ECMWF_ERA5_Reanalysis
2017-05-07,34.2,28.5,30.7,39.0,33.6,35.8,1.3,22.9,50.8,164,24.89,1009.3,ward_02_manali,13.168,80.258,ECMWF_ERA5_Reanalysis
2017-05-08,35.6,27.8,31.0,41.4,33.8,36.0,0.0,22.9,47.9,170,24.41,1007.5,ward_02_manali,13.168,80.258,ECMWF_ERA5_Reanalysis
2017-05-09,35.7,28.6,31.4,41.1,34.0,36.4,0.0,24.2,50.4,170,24.8,1006.1,ward_02_manali,13.168,80.258,ECMWF_ERA5_Reanalysis
2017-05-10,32.6,28.0,30.2,37.3,34.3,35.5,0.6,20.3,44.6,157,21.38,1006.9,ward_02_manali,13.168,80.258,ECMWF_ERA5_Reanalysis
2017-05-11,33.8,27.5,30.3,39.4,33.4,35.4,1.3,20.2,46.1,152,22.09,1007.3,ward_02_manali,13.168,80.258,ECMWF_ERA5_Reanalysis
2017-05-12,33.0,28.0,30.1,38.0,33.9,35.2,5.6,18.6,40.3,144,22.92,1007.5,ward_02_manali,13.168,80.258,ECMWF_ERA5_Reanalysis
2017-05-13,34.6,27.0,30.4,40.3,33.7,35.7,0.4,22.2,46.8,163,25.06,1006.2,ward_02_manali,13.168,80.258,ECMWF_ERA5_Reanalysis
2017-05-14,36.2,27.9,31.2,43.2,33.5,36.9,0.0,21.7,47.2,171,26.25,1004.5,ward_02_manali,13.168,80.258,ECMWF_ERA5_Reanalysis
2017-05-15,37.9,28.7,32.6,44.5,34.0,37.9,0.0,18.0,39.6,163,26.37,1002.9,ward_02_manali,13.168,80.258,ECMWF_ERA5_Reanalysis
2017-05-16,38.5,28.7,33.4,44.5,35.3,38.7,0.0,20.9,39.6,166,26.29,1001.7,ward_02_manali,13.168,80.258,ECMWF_ERA5_Reanalysis
2017-05-17,40.9,30.2,34.1,46.9,33.6,38.4,0.2,27.4,55.4,184,25.15,1001.4,ward_02_manali,13.168,80.258,ECMWF_ERA5_Reanalysis
2017-05-18,42.1,30.7,34.7,45.8,33.9,38.7,2.2,20.5,38.9,207,23.94,1002.5,ward_02_manali,13.168,80.258,ECMWF_ERA5_Reanalysis
2017-05-19,40.4,30.3,33.6,46.6,32.1,37.0,0.0,22.8,47.2,202,24.6,1003.8,ward_02_manali,13.168,80.258,ECMWF_ERA5_Reanalysis
2017-05-20,39.2,29.2,33.2,44.6,33.4,37.8,0.0,20.6,47.5,184,25.36,1003.0,ward_02_manali,13.168,80.258,ECMWF_ERA5_Reanalysis
2017-05-21,36.5,29.5,32.6,41.2,32.7,36.9,0.0,17.6,41.4,169,23.4,1002.3,ward_02_manali,13.168,80.258,ECMWF_ERA5_Reanalysis
2017-05-22,36.5,28.9,31.9,43.5,35.2,37.8,0.0,20.4,44.6,162,25.98,1003.1,ward_02_manali,13.168,80.258,ECMWF_ERA5_Reanalysis
2017-05-23,37.3,28.0,32.0,43.9,33.0,37.6,0.0,15.5,37.4,147,25.12,1003.5,ward_02_manali,13.168,80.258,ECMWF_ERA5_Reanalysis
2017-05-24,37.7,29.4,31.9,44.2,35.2,37.7,0.0,19.0,41.4,171,17.36,1002.5,ward_02_manali,13.168,80.258,ECMWF_ERA5_Reanalysis
2017-05-25,36.6,29.0,32.0,44.2,35.6,38.3,0.0,17.2,40.0,151,23.39,1002.0,ward_02_manali,13.168,80.258,ECMWF_ERA5_Reanalysis
2017-05-26,38.5,29.0,32.6,45.3,36.2,39.0,0.0,18.2,38.2,156,24.54,1001.5,ward_02_manali,13.168,80.258,ECMWF_ERA5_Reanalysis
2017-05-27,37.7,28.2,32.1,44.4,33.0,37.3,0.0,15.0,38.9,187,22.93,1001.6,ward_02_manali,13.168,80.258,ECMWF_ERA5_Reanalysis
2017-05-28,39.6,28.7,33.0,45.2,32.5,37.6,3.3,23.1,46.8,241,21.73,1001.3,ward_02_manali,13.168,80.258,ECMWF_ERA5_Reanalysis
2017-05-29,39.7,30.6,34.2,44.6,32.8,37.3,0.3,20.9,42.5,247,25.02,1000.5,ward_02_manali,13.168,80.258,ECMWF_ERA5_Reanalysis
2017-05-30,40.2,30.4,33.6,43.5,32.4,36.2,0.0,22.7,45.0,231,24.64,1000.6,ward_02_manali,13.168,80.258,ECMWF_ERA5_Reanalysis
2017-05-31,37.9,30.0,32.4,42.6,32.3,36.0,0.0,21.4,45.0,195,22.94,1001.8,ward_02_manali,13.168,80.258,ECMWF_ERA5_Reanalysis
2017-06-01,36.9,28.6,32.0,41.9,33.7,36.4,0.0,20.3,38.9,175,23.9,1002.3,ward_02_manali,13.168,80.258,ECMWF_ERA5_Reanalysis
2017-06-02,34.7,28.4,30.9,40.4,33.9,35.8,0.0,22.4,47.5,160,24.22,1003.1,ward_02_manali,13.168,80.258,ECMWF_ERA5_Reanalysis
2017-06-03,37.1,28.7,32.0,43.2,34.4,37.2,0.4,23.3,47.5,169,23.64,1003.7,ward_02_manali,13.168,80.258,ECMWF_ERA5_Reanalysis
2017-06-04,39.0,29.7,33.1,45.0,33.6,37.3,0.5,18.8,40.0,222,24.44,1003.6,ward_02_manali,13.168,80.258,ECMWF_ERA5_Reanalysis
2017-06-05,38.7,29.3,33.1,44.7,34.4,38.0,0.9,19.9,41.8,207,23.99,1003.3,ward_02_manali,13.168,80.258,ECMWF_ERA5_Reanalysis
2017-06-06,37.3,28.3,31.4,44.5,32.2,36.3,10.3,19.1,37.8,239,22.92,1004.2,ward_02_manali,13.168,80.258,ECMWF_ERA5_Reanalysis
2017-06-07,32.6,26.8,29.7,35.7,30.7,33.2,0.0,19.4,39.6,272,14.35,1005.3,ward_02_manali,13.168,80.258,ECMWF_ERA5_Reanalysis
2017-06-08,32.3,27.8,29.7,34.3,29.5,32.2,0.3,18.1,37.4,275,11.23,1004.1,ward_02_manali,13.168,80.258,ECMWF_ERA5_Reanalysis
2017-06-09,35.7,28.0,31.4,38.7,30.3,33.8,0.0,21.3,46.4,264,19.72,1002.5,ward_02_manali,13.168,80.258,ECMWF_ERA5_Reanalysis
2017-06-10,36.1,29.2,31.7,39.6,31.0,34.3,1.8,22.1,46.4,247,19.46,1002.4,ward_02_manali,13.168,80.258,ECMWF_ERA5_Reanalysis
2017-06-11,36.0,29.0,31.5,37.5,30.8,33.8,0.2,26.5,58.0,229,17.64,1002.4,ward_02_manali,13.168,80.258,ECMWF_ERA5_Reanalysis
2017-06-12,36.7,28.8,32.0,39.8,31.0,35.1,0.2,24.1,49.7,220,19.93,1002.6,ward_02_manali,13.168,80.258,ECMWF_ERA5_Reanalysis
2017-06-13,35.7,28.5,31.3,39.4,32.5,35.6,0.7,22.0,48.6,197,20.53,1002.9,ward_02_manali,13.168,80.258,ECMWF_ERA5_Reanalysis
2017-06-14,37.2,28.6,31.7,42.4,34.0,36.5,0.8,25.7,51.5,191,22.48,1003.9,ward_02_manali,13.168,80.258,ECMWF_ERA5_Reanalysis
2017-06-15,34.8,28.4,30.8,39.1,33.4,35.8,0.8,19.4,42.5,179,16.21,1004.8,ward_02_manali,13.168,80.258,ECMWF_ERA5_Reanalysis
2017-06-16,32.6,27.9,29.9,38.0,33.2,35.3,1.2,15.5,35.3,189,11.25,1004.8,ward_02_manali,13.168,80.258,ECMWF_ERA5_Reanalysis
2017-06-17,34.9,27.0,30.3,40.6,33.7,35.9,0.6,19.7,41.0,187,22.99,1004.3,ward_02_manali,13.168,80.258,ECMWF_ERA5_Reanalysis
2017-06-18,35.0,27.8,30.5,40.4,34.2,35.9,0.2,19.4,40.3,187,20.79,1003.5,ward_02_manali,13.168,80.258,ECMWF_ERA5_Reanalysis
2017-06-19,35.4,26.9,29.9,40.7,32.0,35.3,9.7,15.3,33.8,218,17.15,1003.6,ward_02_manali,13.168,80.258,ECMWF_ERA5_Reanalysis
2017-06-20,30.9,25.6,28.3,35.3,30.7,33.1,2.3,14.1,25.6,214,9.19,1004.6,ward_02_manali,13.168,80.258,ECMWF_ERA5_Reanalysis
2017-06-21,34.7,27.2,30.2,40.0,32.4,35.0,0.2,16.5,36.0,215,21.78,1004.2,ward_02_manali,13.168,80.258,ECMWF_ERA5_Reanalysis
2017-06-22,34.2,27.5,30.2,39.1,30.8,34.4,0.0,14.8,30.2,217,18.26,1004.4,ward_02_manali,13.168,80.258,ECMWF_ERA5_Reanalysis
2017-06-23,34.7,27.7,30.6,40.6,31.2,35.2,3.1,21.6,46.1,222,21.64,1003.7,ward_02_manali,13.168,80.258,ECMWF_ERA5_Reanalysis
2017-06-24,31.7,25.9,28.9,35.6,31.7,33.6,1.1,19.7,36.4,219,9.96,1002.3,ward_02_manali,13.168,80.258,ECMWF_ERA5_Reanalysis
2017-06-25,33.5,27.1,30.1,36.4,30.7,33.9,0.8,20.6,40.7,232,13.71,1001.1,ward_02_manali,13.168,80.258,ECMWF_ERA5_Reanalysis
2017-06-26,34.4,28.3,31.0,36.6,30.1,33.6,0.6,22.1,50.8,237,18.4,1002.5,ward_02_manali,13.168,80.258,ECMWF_ERA5_Reanalysis
2017-06-27,34.2,28.3,30.9,36.5,30.5,32.9,0.2,25.3,49.7,238,17.69,1003.5,ward_02_manali,13.168,80.258,ECMWF_ERA5_Reanalysis
2017-06-28,34.1,28.3,30.8,37.2,30.0,33.3,0.0,24.4,48.6,241,18.74,1004.0,ward_02_manali,13.168,80.258,ECMWF_ERA5_Reanalysis
2017-06-29,36.1,28.9,31.5,39.1,30.5,34.2,0.1,21.0,44.3,253,23.82,1003.8,ward_02_manali,13.168,80.258,ECMWF_ERA5_Reanalysis
2017-06-30,36.6,28.2,31.3,38.7,31.2,34.5,1.4,17.3,39.2,242,17.42,1002.8,ward_02_manali,13.168,80.258,ECMWF_ERA5_Reanalysis
2017-07-01,35.4,26.5,30.3,38.3,29.1,33.6,0.9,18.8,35.6,217,14.82,1003.2,ward_02_manali,13.168,80.258,ECMWF_ERA5_Reanalysis
2017-07-02,36.1,28.1,31.0,40.6,32.7,35.1,0.1,19.0,39.2,205,21.66,1003.4,ward_02_manali,13.168,80.258,ECMWF_ERA5_Reanalysis
2017-07-03,36.0,28.6,31.7,42.0,33.9,36.2,0.7,14.8,36.0,220,20.48,1004.3,ward_02_manali,13.168,80.258,ECMWF_ERA5_Reanalysis
2017-07-04,36.1,27.9,31.2,42.1,32.0,35.4,0.0,15.9,38.5,220,22.14,1004.4,ward_02_manali,13.168,80.258,ECMWF_ERA5_Reanalysis
2017-07-05,37.4,27.9,31.4,41.9,30.6,35.0,2.8,17.7,39.2,235,22.84,1004.5,ward_02_manali,13.168,80.258,ECMWF_ERA5_Reanalysis
2017-07-06,36.0,28.7,31.3,39.3,31.3,34.8,0.2,14.2,37.1,243,19.77,1004.4,ward_02_manali,13.168,80.258,ECMWF_ERA5_Reanalysis
2017-07-07,33.3,25.6,29.6,36.7,30.4,33.6,0.0,19.6,40.7,289,16.91,1005.0,ward_02_manali,13.168,80.258,ECMWF_ERA5_Reanalysis
2017-07-08,33.4,26.9,29.3,39.0,31.6,34.2,0.5,14.3,33.8,185,14.02,1004.8,ward_02_manali,13.168,80.258,ECMWF_ERA5_Reanalysis
2017-07-09,35.0,27.4,30.1,41.4,30.8,34.5,2.9,18.0,37.1,196,20.05,1004.6,ward_02_manali,13.168,80.258,ECMWF_ERA5_Reanalysis
2017-07-10,34.4,25.9,29.9,41.0,31.1,35.1,0.4,16.9,34.2,201,22.8,1005.2,ward_02_manali,13.168,80.258,ECMWF_ERA5_Reanalysis
2017-07-11,35.4,27.6,30.7,41.7,31.1,35.9,0.8,17.1,34.2,259,19.81,1004.8,ward_02_manali,13.168,80.258,ECMWF_ERA5_Reanalysis
2017-07-12,29.5,25.1,27.4,34.2,29.0,31.6,12.9,17.9,31.7,251,7.28,1005.4,ward_02_manali,13.168,80.258,ECMWF_ERA5_Reanalysis
2017-07-13,32.3,26.1,29.0,35.5,29.8,32.6,0.4,14.0,33.1,239,11.02,1004.7,ward_02_manali,13.168,80.258,ECMWF_ERA5_Reanalysis
2017-07-14,33.2,26.2,29.6,37.0,30.7,32.8,0.4,17.7,33.5,246,11.35,1004.5,ward_02_manali,13.168,80.258,ECMWF_ERA5_Reanalysis
2017-07-15,34.2,27.3,30.1,36.3,29.7,33.0,3.0,20.0,41.0,241,16.2,1004.6,ward_02_manali,13.168,80.258,ECMWF_ERA5_Reanalysis
2017-07-16,35.1,26.9,29.9,36.6,30.1,32.7,0.1,18.4,39.2,245,14.41,1003.7,ward_02_manali,13.168,80.258,ECMWF_ERA5_Reanalysis
2017-07-17,35.5,27.9,30.4,36.3,30.1,33.3,0.1,23.8,55.4,250,16.09,1002.2,ward_02_manali,13.168,80.258,ECMWF_ERA5_Reanalysis
2017-07-18,34.2,27.8,30.3,37.1,30.8,33.0,0.5,16.5,46.8,241,12.03,1002.2,ward_02_manali,13.168,80.258,ECMWF_ERA5_Reanalysis
2017-07-19,35.7,28.0,30.8,37.4,29.9,33.3,0.4,24.5,52.6,223,19.32,1002.4,ward_02_manali,13.168,80.258,ECMWF_ERA5_Reanalysis
2017-07-20,35.9,27.8,31.1,37.9,30.4,33.9,0.0,25.6,50.4,217,18.94,1002.4,ward_02_manali,13.168,80.258,ECMWF_ERA5_Reanalysis
2017-07-21,37.1,28.0,31.2,40.5,27.9,33.4,0.0,22.5,44.3,222,21.78,1003.5,ward_02_manali,13.168,80.258,ECMWF_ERA5_Reanalysis
2017-07-22,36.6,28.4,31.1,40.9,31.2,34.7,0.0,18.8,37.1,210,22.41,1003.8,ward_02_manali,13.168,80.258,ECMWF_ERA5_Reanalysis
2017-07-23,37.0,28.5,31.4,41.5,33.5,35.8,0.1,18.1,39.6,198,23.03,1003.7,ward_02_manali,13.168,80.258,ECMWF_ERA5_Reanalysis
2017-07-24,36.0,28.5,31.4,41.3,33.3,35.4,0.1,19.4,39.2,200,22.55,1003.8,ward_02_manali,13.168,80.258,ECMWF_ERA5_Reanalysis
2017-07-25,36.4,28.7,31.3,41.3,32.5,35.2,0.1,19.7,40.3,209,22.52,1003.0,ward_02_manali,13.168,80.258,ECMWF_ERA5_Reanalysis
2017-07-26,35.7,27.8,30.9,40.7,30.7,35.2,0.9,21.4,40.0,186,22.88,1003.2,ward_02_manali,13.168,80.258,ECMWF_ERA5_Reanalysis
2017-07-27,35.8,26.8,30.7,41.8,31.6,35.1,0.2,20.5,42.5,186,23.63,1004.2,ward_02_manali,13.168,80.258,ECMWF_ERA5_Reanalysis
2017-07-28,36.2,26.3,30.2,43.0,29.3,34.2,9.4,19.8,41.4,212,23.7,1005.4,ward_02_manali,13.168,80.258,ECMWF_ERA5_Reanalysis
2017-07-29,33.2,25.1,29.0,38.8,30.0,34.2,10.2,12.6,25.2,171,16.09,1006.4,ward_02_manali,13.168,80.258,ECMWF_ERA5_Reanalysis
2017-07-30,34.7,26.2,29.6,41.4,30.7,35.0,9.1,14.7,33.1,211,20.31,1005.5,ward_02_manali,13.168,80.258,ECMWF_ERA5_Reanalysis
2017-07-31,32.7,25.1,29.0,39.7,29.5,34.3,12.4,16.6,31.7,229,20.02,1005.6,ward_02_manali,13.168,80.258,ECMWF_ERA5_Reanalysis
2017-08-01,34.9,26.1,30.1,42.0,30.9,35.6,13.6,18.0,32.0,214,23.25,1005.6,ward_02_manali,13.168,80.258,ECMWF_ERA5_Reanalysis
2017-08-02,34.6,25.7,29.9,41.3,30.2,35.5,1.0,14.4,28.8,228,23.59,1005.6,ward_02_manali,13.168,80.258,ECMWF_ERA5_Reanalysis
2017-08-03,35.5,27.0,30.4,40.7,32.8,35.1,3.3,16.0,35.6,222,23.39,1004.3,ward_02_manali,13.168,80.258,ECMWF_ERA5_Reanalysis
2017-08-04,35.8,27.6,30.5,39.7,31.5,34.3,0.6,21.7,44.6,260,19.36,1002.5,ward_02_manali,13.168,80.258,ECMWF_ERA5_Reanalysis
2017-08-05,34.7,27.2,29.8,38.6,31.6,34.1,1.2,19.1,40.3,243,15.63,1001.7,ward_02_manali,13.168,80.258,ECMWF_ERA5_Reanalysis
2017-08-06,34.1,26.4,30.2,40.0,30.4,34.7,0.2,15.1,30.2,231,19.89,1001.9,ward_02_manali,13.168,80.258,ECMWF_ERA5_Reanalysis
2017-08-07,31.9,27.0,29.6,37.1,32.0,34.7,5.5,14.6,27.4,197,15.75,1003.1,ward_02_manali,13.168,80.258,ECMWF_ERA5_Reanalysis
2017-08-08,33.6,25.3,28.9,40.9,29.5,34.2,10.4,14.3,30.6,185,20.17,1004.3,ward_02_manali,13.168,80.258,ECMWF_ERA5_Reanalysis
2017-08-09,32.7,25.6,28.7,39.9,30.2,34.4,21.4,12.8,33.5,193,20.39,1004.9,ward_02_manali,13.168,80.258,ECMWF_ERA5_Reanalysis
2017-08-10,31.6,25.0,27.9,40.1,29.5,33.4,10.6,17.3,32.0,190,20.29,1005.5,ward_02_manali,13.168,80.258,ECMWF_ERA5_Reanalysis
2017-08-11,31.8,26.1,28.6,39.0,30.4,34.4,7.3,16.6,35.6,211,21.59,1005.8,ward_02_manali,13.168,80.258,ECMWF_ERA5_Reanalysis
2017-08-12,32.4,25.8,28.5,39.9,31.0,34.2,18.9,13.4,26.3,212,20.15,1006.2,ward_02_manali,13.168,80.258,ECMWF_ERA5_Reanalysis
2017-08-13,32.5,25.1,27.7,39.7,28.8,33.2,18.6,17.6,34.2,237,21.02,1007.3,ward_02_manali,13.168,80.258,ECMWF_ERA5_Reanalysis
2017-08-14,31.9,25.1,28.2,39.4,29.6,34.1,5.3,11.7,30.2,191,21.68,1007.8,ward_02_manali,13.168,80.258,ECMWF_ERA5_Reanalysis
2017-08-15,31.4,24.5,28.1,37.8,28.8,33.1,10.1,15.3,30.6,203,18.55,1007.0,ward_02_manali,13.168,80.258,ECMWF_ERA5_Reanalysis
2017-08-16,33.3,25.8,29.0,40.7,30.0,34.2,4.0,16.3,40.0,221,24.26,1004.9,ward_02_manali,13.168,80.258,ECMWF_ERA5_Reanalysis
2017-08-17,32.1,25.5,28.2,36.9,30.3,33.1,11.5,14.5,33.5,239,17.84,1003.0,ward_02_manali,13.168,80.258,ECMWF_ERA5_Reanalysis
2017-08-18,29.7,25.3,27.1,34.7,29.4,31.8,25.1,17.3,34.2,238,9.27,1001.9,ward_02_manali,13.168,80.258,ECMWF_ERA5_Reanalysis
2017-08-19,32.0,25.2,28.5,37.0,29.1,32.6,1.3,16.9,41.4,229,17.89,1001.7,ward_02_manali,13.168,80.258,ECMWF_ERA5_Reanalysis
2017-08-20,31.7,25.6,28.5,36.3,29.5,32.7,0.1,16.6,36.0,225,17.36,1002.2,ward_02_manali,13.168,80.258,ECMWF_ERA5_Reanalysis
2017-08-21,32.0,25.4,28.7,37.1,30.1,33.4,7.6,14.2,34.6,223,19.55,1002.5,ward_02_manali,13.168,80.258,ECMWF_ERA5_Reanalysis
2017-08-22,31.4,25.3,28.4,37.0,30.3,33.7,4.8,13.8,32.0,237,15.67,1003.1,ward_02_manali,13.168,80.258,ECMWF_ERA5_Reanalysis
2017-08-23,32.6,26.2,29.0,39.4,30.2,34.3,10.5,13.3,24.8,251,19.26,1003.9,ward_02_manali,13.168,80.258,ECMWF_ERA5_Reanalysis
2017-08-24,31.8,25.7,28.0,39.9,30.9,33.8,8.8,10.1,27.0,232,18.22,1003.7,ward_02_manali,13.168,80.258,ECMWF_ERA5_Reanalysis
2017-08-25,30.1,24.9,27.3,34.7,29.6,32.1,19.2,13.4,30.6,232,11.33,1003.1,ward_02_manali,13.168,80.258,ECMWF_ERA5_Reanalysis
2017-08-26,33.3,26.0,29.0,38.7,30.1,33.7,4.5,17.2,41.4,237,20.79,1001.2,ward_02_manali,13.168,80.258,ECMWF_ERA5_Reanalysis
2017-08-27,30.2,25.6,27.4,36.4,30.0,32.4,12.3,16.1,37.4,215,9.69,1000.6,ward_02_manali,13.168,80.258,ECMWF_ERA5_Reanalysis
2017-08-28,31.2,25.7,28.3,34.5,29.7,32.2,1.8,18.4,46.1,223,11.83,1000.2,ward_02_manali,13.168,80.258,ECMWF_ERA5_Reanalysis
2017-08-29,32.4,27.0,29.2,36.4,30.2,32.9,0.6,21.4,43.2,214,19.14,1001.4,ward_02_manali,13.168,80.258,ECMWF_ERA5_Reanalysis
2017-08-30,34.1,26.8,29.5,40.1,30.4,34.3,0.5,15.3,32.8,222,22.74,1004.3,ward_02_manali,13.168,80.258,ECMWF_ERA5_Reanalysis
2017-08-31,32.5,25.0,28.6,39.8,29.7,34.5,9.2,12.9,24.5,196,22.29,1006.1,ward_02_manali,13.168,80.258,ECMWF_ERA5_Reanalysis
2017-09-01,32.2,26.6,28.9,40.0,32.2,35.2,11.1,11.2,27.4,208,20.67,1006.3,ward_02_manali,13.168,80.258,ECMWF_ERA5_Reanalysis
2017-09-02,32.6,25.0,28.4,41.5,29.3,34.8,22.4,15.3,31.7,212,22.35,1006.1,ward_02_manali,13.168,80.258,ECMWF_ERA5_Reanalysis
2017-09-03,31.9,25.2,28.2,40.4,29.6,34.1,4.4,13.4,28.4,207,24.03,1006.3,ward_02_manali,13.168,80.258,ECMWF_ERA5_Reanalysis
2017-09-04,32.9,25.8,28.9,41.6,31.1,35.1,3.1,12.1,32.0,185,22.59,1006.1,ward_02_manali,13.168,80.258,ECMWF_ERA5_Reanalysis
2017-09-05,33.0,26.5,29.1,41.9,31.1,35.7,17.7,18.8,33.1,195,22.89,1005.8,ward_02_manali,13.168,80.258,ECMWF_ERA5_Reanalysis
2017-09-06,32.0,25.1,28.3,39.4,29.2,33.9,9.6,18.2,37.1,219,22.32,1005.1,ward_02_manali,13.168,80.258,ECMWF_ERA5_Reanalysis
2017-09-07,30.4,25.2,27.8,37.5,30.0,33.3,6.8,15.8,34.2,173,20.69,1005.2,ward_02_manali,13.168,80.258,ECMWF_ERA5_Reanalysis
2017-09-08,30.6,25.6,27.9,36.8,31.1,33.4,6.0,18.7,36.7,157,19.3,1005.7,ward_02_manali,13.168,80.258,ECMWF_ERA5_Reanalysis
2017-09-09,30.8,25.7,27.9,37.3,31.2,33.6,1.4,13.8,31.0,148,21.85,1005.2,ward_02_manali,13.168,80.258,ECMWF_ERA5_Reanalysis
2017-09-10,30.4,25.0,28.0,36.9,30.8,33.7,7.2,13.3,31.0,108,22.72,1005.2,ward_02_manali,13.168,80.258,ECMWF_ERA5_Reanalysis
2017-09-11,30.6,26.4,28.5,37.2,32.2,34.1,1.4,17.7,36.4,146,22.26,1006.3,ward_02_manali,13.168,80.258,ECMWF_ERA5_Reanalysis
2017-09-12,31.5,25.9,28.5,38.5,30.3,33.8,5.2,15.9,36.7,168,21.65,1007.5,ward_02_manali,13.168,80.258,ECMWF_ERA5_Reanalysis
2017-09-13,30.8,26.2,28.7,36.5,31.8,33.8,1.0,17.6,37.1,172,21.34,1007.5,ward_02_manali,13.168,80.258,ECMWF_ERA5_Reanalysis
2017-09-14,31.9,26.1,28.7,38.0,30.5,33.8,1.0,16.2,33.1,186,20.33,1006.2,ward_02_manali,13.168,80.258,ECMWF_ERA5_Reanalysis
2017-09-15,31.8,26.3,28.8,39.0,31.9,34.7,2.6,11.4,27.0,185,18.54,1005.2,ward_02_manali,13.168,80.258,ECMWF_ERA5_Reanalysis
2017-09-16,31.8,26.3,28.6,40.5,32.1,34.9,13.0,13.9,30.6,193,18.05,1004.8,ward_02_manali,13.168,80.258,ECMWF_ERA5_Reanalysis
2017-09-17,29.0,25.6,26.6,33.8,29.6,31.0,17.8,16.4,35.3,221,5.48,1005.7,ward_02_manali,13.168,80.258,ECMWF_ERA5_Reanalysis
2017-09-18,31.0,25.9,28.2,35.2,28.6,31.6,0.1,19.5,38.9,236,14.98,1006.4,ward_02_manali,13.168,80.258,ECMWF_ERA5_Reanalysis
2017-09-19,33.0,26.5,29.3,36.6,28.7,32.5,0.0,23.2,46.4,231,21.02,1005.4,ward_02_manali,13.168,80.258,ECMWF_ERA5_Reanalysis
2017-09-20,33.2,25.8,29.0,37.0,27.2,32.3,0.0,18.7,38.5,229,23.08,1004.8,ward_02_manali,13.168,80.258,ECMWF_ERA5_Reanalysis
2017-09-21,33.0,26.7,29.0,38.7,28.2,32.8,6.1,17.3,32.0,221,22.3,1004.6,ward_02_manali,13.168,80.258,ECMWF_ERA5_Reanalysis
2017-09-22,31.8,25.8,28.4,38.8,31.1,34.4,1.5,9.6,31.3,139,19.08,1005.9,ward_02_manali,13.168,80.258,ECMWF_ERA5_Reanalysis
2017-09-23,32.4,26.5,28.9,39.7,32.2,34.9,1.3,11.6,29.2,198,20.34,1007.0,ward_02_manali,13.168,80.258,ECMWF_ERA5_Reanalysis
2017-09-24,31.2,25.4,28.2,38.5,30.0,34.5,27.5,11.0,27.4,194,20.13,1006.9,ward_02_manali,13.168,80.258,ECMWF_ERA5_Reanalysis
2017-09-25,30.9,24.7,27.4,37.1,29.0,32.9,24.8,14.0,27.4,268,15.68,1005.2,ward_02_manali,13.168,80.258,ECMWF_ERA5_Reanalysis
2017-09-26,30.2,24.8,27.3,36.4,29.7,33.2,18.2,9.2,22.3,197,14.36,1004.8,ward_02_manali,13.168,80.258,ECMWF_ERA5_Reanalysis
2017-09-27,31.1,24.9,27.6,39.3,29.5,33.5,6.2,11.5,25.6,223,17.98,1005.0,ward_02_manali,13.168,80.258,ECMWF_ERA5_Reanalysis
2017-09-28,30.6,24.7,27.1,37.5,29.5,32.5,12.8,13.2,28.8,213,16.2,1004.5,ward_02_manali,13.168,80.258,ECMWF_ERA5_Reanalysis
2017-09-29,31.2,25.6,28.0,36.1,30.0,33.2,4.8,11.9,29.5,235,15.11,1004.5,ward_02_manali,13.168,80.258,ECMWF_ERA5_Reanalysis
2017-09-30,31.3,24.9,27.9,38.6,30.7,34.0,16.7,11.9,27.0,181,16.33,1006.0,ward_02_manali,13.168,80.258,ECMWF_ERA5_Reanalysis
2017-10-01,31.9,24.7,27.8,39.7,29.1,33.5,11.1,14.5,29.2,214,18.85,1006.2,ward_02_manali,13.168,80.258,ECMWF_ERA5_Reanalysis
2017-10-02,31.7,24.7,27.7,39.4,28.8,33.2,17.7,13.3,32.8,199,21.44,1005.2,ward_02_manali,13.168,80.258,ECMWF_ERA5_Reanalysis
2017-10-03,31.9,25.2,27.9,40.4,30.0,33.9,21.7,12.2,30.6,188,21.74,1005.5,ward_02_manali,13.168,80.258,ECMWF_ERA5_Reanalysis
2017-10-04,32.0,24.5,27.6,40.5,29.0,33.2,10.7,11.0,30.6,232,20.81,1005.7,ward_02_manali,13.168,80.258,ECMWF_ERA5_Reanalysis
2017-10-05,30.7,24.7,27.1,38.2,29.4,32.7,7.2,12.8,27.7,260,20.89,1004.8,ward_02_manali,13.168,80.258,ECMWF_ERA5_Reanalysis
2017-10-06,30.1,24.5,27.5,36.2,28.9,32.8,10.7,16.5,33.8,163,21.18,1004.6,ward_02_manali,13.168,80.258,ECMWF_ERA5_Reanalysis
2017-10-07,30.5,25.1,28.0,35.6,29.8,33.0,2.9,18.1,37.4,171,19.31,1005.0,ward_02_manali,13.168,80.258,ECMWF_ERA5_Reanalysis
2017-10-08,31.4,25.4,28.4,37.5,30.1,33.6,1.2,15.5,33.1,162,19.97,1004.7,ward_02_manali,13.168,80.258,ECMWF_ERA5_Reanalysis
2017-10-09,30.6,24.7,28.1,36.9,28.7,33.6,9.5,15.8,33.1,162,19.82,1004.7,ward_02_manali,13.168,80.258,ECMWF_ERA5_Reanalysis
2017-10-10,30.9,24.8,27.9,37.8,29.5,33.6,3.5,13.0,29.9,108,21.47,1004.3,ward_02_manali,13.168,80.258,ECMWF_ERA5_Reanalysis
2017-10-11,30.9,24.4,27.9,37.8,29.2,33.6,4.7,11.6,27.7,167,19.5,1004.7,ward_02_manali,13.168,80.258,ECMWF_ERA5_Reanalysis
2017-10-12,30.7,25.0,27.6,38.1,30.5,33.6,6.0,13.3,26.6,123,19.38,1005.1,ward_02_manali,13.168,80.258,ECMWF_ERA5_Reanalysis
2017-10-13,28.8,25.8,27.1,34.5,30.4,32.8,1.9,8.5,24.1,178,9.45,1004.5,ward_02_manali,13.168,80.258,ECMWF_ERA5_Reanalysis
2017-10-14,29.0,24.8,27.0,35.8,28.9,32.6,8.2,9.7,22.7,209,11.16,1004.4,ward_02_manali,13.168,80.258,ECMWF_ERA5_Reanalysis
2017-10-15,30.3,25.1,27.5,37.0,30.0,33.2,8.5,10.9,23.4,244,13.96,1004.8,ward_02_manali,13.168,80.258,ECMWF_ERA5_Reanalysis
2017-10-16,29.7,25.4,26.7,34.8,29.8,32.0,15.8,11.9,29.9,291,7.62,1005.3,ward_02_manali,13.168,80.258,ECMWF_ERA5_Reanalysis
2017-10-17,30.8,25.1,27.4,36.6,28.3,32.7,0.6,13.7,31.7,253,8.06,1004.6,ward_02_manali,13.168,80.258,ECMWF_ERA5_Reanalysis
2017-10-18,32.2,25.4,28.1,37.1,30.1,33.5,2.4,14.1,35.6,219,10.97,1004.0,ward_02_manali,13.168,80.258,ECMWF_ERA5_Reanalysis
2017-10-19,32.6,24.9,28.4,37.1,29.4,33.6,0.0,10.4,21.2,214,14.52,1004.2,ward_02_manali,13.168,80.258,ECMWF_ERA5_Reanalysis
2017-10-20,32.4,26.3,28.5,39.9,31.4,34.4,1.5,14.4,37.8,195,20.0,1006.1,ward_02_manali,13.168,80.258,ECMWF_ERA5_Reanalysis
2017-10-21,32.0,26.5,28.7,40.3,32.8,35.0,6.8,11.2,32.8,199,18.92,1007.2,ward_02_manali,13.168,80.258,ECMWF_ERA5_Reanalysis
2017-10-22,32.0,26.1,28.6,39.9,30.9,34.8,6.4,11.2,25.2,193,20.77,1007.6,ward_02_manali,13.168,80.258,ECMWF_ERA5_Reanalysis
2017-10-23,32.4,25.9,28.6,39.4,31.9,34.7,0.8,9.7,20.5,161,20.7,1008.1,ward_02_manali,13.168,80.258,ECMWF_ERA5_Reanalysis
2017-10-24,31.1,24.8,28.0,37.5,30.4,33.8,0.5,10.1,26.3,141,20.14,1009.7,ward_02_manali,13.168,80.258,ECMWF_ERA5_Reanalysis
2017-10-25,30.0,25.7,27.6,36.3,31.6,33.1,3.7,12.9,29.9,76,17.61,1011.2,ward_02_manali,13.168,80.258,ECMWF_ERA5_Reanalysis
2017-10-26,28.5,25.1,26.5,34.1,29.9,31.6,20.4,11.6,33.1,52,15.04,1011.7,ward_02_manali,13.168,80.258,ECMWF_ERA5_Reanalysis
2017-10-27,27.7,24.5,26.4,32.3,29.0,30.7,10.7,13.0,34.9,51,12.97,1010.7,ward_02_manali,13.168,80.258,ECMWF_ERA5_Reanalysis
2017-10-28,30.1,24.7,27.5,33.9,29.3,31.4,1.1,18.3,38.9,37,17.72,1010.2,ward_02_manali,13.168,80.258,ECMWF_ERA5_Reanalysis
2017-10-29,30.1,24.5,27.4,32.3,27.7,30.5,4.0,24.5,47.9,30,17.8,1010.4,ward_02_manali,13.168,80.258,ECMWF_ERA5_Reanalysis
2017-10-30,26.5,24.3,24.9,30.3,27.5,28.7,39.2,18.1,35.6,44,7.68,1010.5,ward_02_manali,13.168,80.258,ECMWF_ERA5_Reanalysis
2017-10-31,26.0,23.9,24.5,30.5,27.3,28.7,40.3,15.1,29.5,25,3.61,1009.6,ward_02_manali,13.168,80.258,ECMWF_ERA5_Reanalysis
2017-11-01,26.2,24.0,24.8,30.2,27.4,28.8,30.1,16.6,35.3,28,7.38,1010.1,ward_02_manali,13.168,80.258,ECMWF_ERA5_Reanalysis
2017-11-02,27.6,24.1,25.1,31.4,27.2,28.8,36.5,17.3,38.5,31,7.25,1009.1,ward_02_manali,13.168,80.258,ECMWF_ERA5_Reanalysis
2017-11-03,26.6,22.5,25.0,29.1,24.7,27.4,62.9,22.5,42.1,47,5.24,1008.4,ward_02_manali,13.168,80.258,ECMWF_ERA5_Reanalysis
2017-11-04,26.4,23.4,24.6,30.9,26.8,28.8,21.0,14.1,27.4,32,4.9,1008.5,ward_02_manali,13.168,80.258,ECMWF_ERA5_Reanalysis
2017-11-05,27.6,23.9,25.5,32.3,27.7,29.7,19.6,17.5,40.7,45,14.56,1009.2,ward_02_manali,13.168,80.258,ECMWF_ERA5_Reanalysis
2017-11-06,27.2,24.1,25.6,31.2,28.2,29.7,20.3,19.1,38.9,46,9.38,1010.0,ward_02_manali,13.168,80.258,ECMWF_ERA5_Reanalysis
2017-11-07,27.9,23.4,25.6,33.1,27.5,30.2,16.0,14.1,35.6,22,14.53,1010.3,ward_02_manali,13.168,80.258,ECMWF_ERA5_Reanalysis
2017-11-08,29.7,23.6,26.5,33.2,27.6,30.4,2.2,19.1,39.6,31,19.83,1010.1,ward_02_manali,13.168,80.258,ECMWF_ERA5_Reanalysis
2017-11-09,29.7,24.6,27.0,32.8,28.3,30.0,0.0,21.9,43.2,21,20.23,1009.1,ward_02_manali,13.168,80.258,ECMWF_ERA5_Reanalysis
2017-11-10,28.2,25.5,26.7,30.2,28.5,29.4,2.4,23.2,48.6,25,8.56,1008.6,ward_02_manali,13.168,80.258,ECMWF_ERA5_Reanalysis
2017-11-11,28.8,24.3,26.7,30.0,27.5,29.0,0.4,27.8,54.4,9,12.92,1008.4,ward_02_manali,13.168,80.258,ECMWF_ERA5_Reanalysis
2017-11-12,25.1,24.0,24.6,28.7,27.1,27.9,24.2,23.7,44.3,358,2.4,1006.8,ward_02_manali,13.168,80.258,ECMWF_ERA5_Reanalysis
2017-11-13,24.9,22.5,23.8,29.4,24.3,27.0,19.0,19.6,37.1,335,4.1,1006.0,ward_02_manali,13.168,80.258,ECMWF_ERA5_Reanalysis
2017-11-14,25.4,22.9,24.1,28.6,24.3,26.8,12.0,20.7,41.4,323,4.27,1004.9,ward_02_manali,13.168,80.258,ECMWF_ERA5_Reanalysis
2017-11-15,31.4,23.6,26.8,37.7,27.0,31.5,4.1,12.0,37.4,278,16.14,1005.1,ward_02_manali,13.168,80.258,ECMWF_ERA5_Reanalysis
2017-11-16,30.4,24.8,27.3,36.9,29.4,32.7,0.2,11.3,28.1,49,16.1,1006.2,ward_02_manali,13.168,80.258,ECMWF_ERA5_Reanalysis
2017-11-17,30.5,24.3,27.1,37.1,29.7,32.7,2.1,10.3,25.6,61,17.32,1007.4,ward_02_manali,13.168,80.258,ECMWF_ERA5_Reanalysis
2017-11-18,29.7,24.0,26.7,35.8,29.7,32.2,0.7,11.9,26.6,78,17.48,1008.5,ward_02_manali,13.168,80.258,ECMWF_ERA5_Reanalysis
2017-11-19,29.3,24.3,26.8,35.6,29.8,32.2,2.9,12.3,29.5,62,15.74,1009.8,ward_02_manali,13.168,80.258,ECMWF_ERA5_Reanalysis
2017-11-20,29.3,24.4,26.7,35.5,29.4,32.0,5.2,11.2,30.6,53,15.93,1010.4,ward_02_manali,13.168,80.258,ECMWF_ERA5_Reanalysis
2017-11-21,29.1,24.2,26.8,35.2,29.3,31.8,5.0,15.3,33.5,38,15.83,1009.7,ward_02_manali,13.168,80.258,ECMWF_ERA5_Reanalysis
2017-11-22,29.5,25.1,27.1,33.3,30.0,31.1,1.4,19.4,40.3,40,19.37,1009.3,ward_02_manali,13.168,80.258,ECMWF_ERA5_Reanalysis
2017-11-23,29.5,24.0,26.5,34.2,28.4,30.9,0.1,12.7,27.4,44,18.53,1009.2,ward_02_manali,13.168,80.258,ECMWF_ERA5_Reanalysis
2017-11-24,28.7,23.7,26.2,33.0,28.0,30.3,1.0,15.0,33.1,33,17.16,1010.4,ward_02_manali,13.168,80.258,ECMWF_ERA5_Reanalysis
2017-11-25,28.6,24.6,26.4,30.6,27.7,29.0,0.0,21.8,44.3,32,15.7,1011.2,ward_02_manali,13.168,80.258,ECMWF_ERA5_Reanalysis
2017-11-26,27.7,24.5,25.8,32.2,28.2,29.5,7.1,18.6,35.6,40,12.09,1011.6,ward_02_manali,13.168,80.258,ECMWF_ERA5_Reanalysis
2017-11-27,28.3,24.5,26.2,32.0,28.3,29.9,2.4,21.7,43.2,37,15.16,1010.6,ward_02_manali,13.168,80.258,ECMWF_ERA5_Reanalysis
2017-11-28,28.6,24.9,26.6,31.8,28.6,29.7,0.5,21.5,43.6,35,15.78,1010.5,ward_02_manali,13.168,80.258,ECMWF_ERA5_Reanalysis
2017-11-29,28.3,24.4,26.2,30.4,27.5,28.7,7.5,23.8,47.2,50,13.83,1011.0,ward_02_manali,13.168,80.258,ECMWF_ERA5_Reanalysis
2017-11-30,26.8,24.4,25.2,30.0,27.3,28.5,20.0,21.3,42.1,79,11.44,1010.2,ward_02_manali,13.168,80.258,ECMWF_ERA5_Reanalysis
2017-12-01,26.8,24.3,25.5,29.5,27.3,28.1,36.6,24.1,50.0,72,9.88,1009.5,ward_02_manali,13.168,80.258,ECMWF_ERA5_Reanalysis
2017-12-02,28.4,25.0,26.1,29.8,26.4,27.9,0.1,22.5,43.9,57,16.4,1010.9,ward_02_manali,13.168,80.258,ECMWF_ERA5_Reanalysis
2017-12-03,27.7,24.5,25.7,29.2,26.6,27.7,0.5,20.7,43.2,42,15.16,1011.4,ward_02_manali,13.168,80.258,ECMWF_ERA5_Reanalysis
2017-12-04,27.2,22.8,25.2,29.0,26.1,27.9,0.5,17.8,36.7,34,11.64,1010.5,ward_02_manali,13.168,80.258,ECMWF_ERA5_Reanalysis
2017-12-05,28.3,23.9,25.8,31.6,27.3,28.7,0.2,16.8,34.9,51,14.73,1009.6,ward_02_manali,13.168,80.258,ECMWF_ERA5_Reanalysis
2017-12-06,27.7,24.0,25.6,30.4,26.6,28.0,0.0,15.9,33.1,44,14.93,1009.3,ward_02_manali,13.168,80.258,ECMWF_ERA5_Reanalysis
2017-12-07,28.4,22.3,25.1,30.6,24.7,27.6,0.0,17.3,36.4,16,15.22,1008.7,ward_02_manali,13.168,80.258,ECMWF_ERA5_Reanalysis
2017-12-08,28.8,20.4,24.4,31.8,22.2,27.1,0.0,13.4,29.2,8,19.36,1008.6,ward_02_manali,13.168,80.258,ECMWF_ERA5_Reanalysis
2017-12-09,30.4,21.3,25.1,34.8,25.1,28.9,0.0,11.6,24.8,244,18.08,1009.4,ward_02_manali,13.168,80.258,ECMWF_ERA5_Reanalysis
2017-12-10,29.0,21.3,25.0,33.9,24.9,29.0,0.1,11.0,25.6,53,18.57,1010.9,ward_02_manali,13.168,80.258,ECMWF_ERA5_Reanalysis
2017-12-11,28.9,21.3,25.0,33.5,24.8,29.1,0.0,12.1,27.7,126,18.13,1012.2,ward_02_manali,13.168,80.258,ECMWF_ERA5_Reanalysis
2017-12-12,28.3,22.6,25.3,32.8,26.9,29.6,1.8,11.2,26.6,131,15.74,1012.4,ward_02_manali,13.168,80.258,ECMWF_ERA5_Reanalysis
2017-12-13,28.2,23.1,25.3,32.0,27.3,29.4,0.6,12.6,28.8,63,16.18,1012.5,ward_02_manali,13.168,80.258,ECMWF_ERA5_Reanalysis
2017-12-14,28.5,22.1,25.2,31.9,26.1,28.8,0.2,14.6,29.5,33,16.32,1013.0,ward_02_manali,13.168,80.258,ECMWF_ERA5_Reanalysis
2017-12-15,28.5,24.1,26.0,31.0,27.8,29.0,0.9,21.3,42.5,46,16.23,1013.3,ward_02_manali,13.168,80.258,ECMWF_ERA5_Reanalysis
2017-12-16,28.5,24.6,26.1,30.4,26.5,28.1,0.2,20.9,42.5,53,16.78,1014.4,ward_02_manali,13.168,80.258,ECMWF_ERA5_Reanalysis
2017-12-17,28.2,24.6,26.1,29.6,26.4,27.6,0.0,20.6,42.8,49,18.14,1015.2,ward_02_manali,13.168,80.258,ECMWF_ERA5_Reanalysis
2017-12-18,27.9,22.6,25.5,28.3,25.3,26.7,0.0,22.5,45.0,46,16.79,1015.2,ward_02_manali,13.168,80.258,ECMWF_ERA5_Reanalysis
2017-12-19,28.0,23.1,25.3,29.5,24.3,26.3,0.0,20.7,42.1,34,17.72,1014.4,ward_02_manali,13.168,80.258,ECMWF_ERA5_Reanalysis
2017-12-20,27.5,22.3,24.9,28.9,24.2,26.4,0.0,21.2,43.6,21,18.8,1015.0,ward_02_manali,13.168,80.258,ECMWF_ERA5_Reanalysis
2017-12-21,26.5,23.8,24.8,28.7,26.3,27.3,3.2,19.6,42.5,37,11.67,1014.8,ward_02_manali,13.168,80.258,ECMWF_ERA5_Reanalysis
2017-12-22,28.3,22.8,25.2,30.1,26.1,27.4,0.9,20.7,43.2,37,17.42,1013.5,ward_02_manali,13.168,80.258,ECMWF_ERA5_Reanalysis
2017-12-23,28.0,23.2,25.1,30.7,25.2,27.5,0.2,16.3,34.2,52,17.42,1011.8,ward_02_manali,13.168,80.258,ECMWF_ERA5_Reanalysis
2017-12-24,27.6,21.4,24.7,28.9,23.9,26.7,1.1,17.8,37.4,21,15.75,1011.5,ward_02_manali,13.168,80.258,ECMWF_ERA5_Reanalysis
2017-12-25,27.8,22.5,25.0,29.1,25.1,27.3,1.0,23.0,46.1,28,15.61,1011.9,ward_02_manali,13.168,80.258,ECMWF_ERA5_Reanalysis
2017-12-26,28.0,21.9,25.0,29.7,24.4,27.0,0.0,21.7,44.6,31,18.59,1012.5,ward_02_manali,13.168,80.258,ECMWF_ERA5_Reanalysis
2017-12-27,27.7,21.9,24.5,29.3,24.5,26.3,0.0,17.6,37.8,41,18.48,1012.5,ward_02_manali,13.168,80.258,ECMWF_ERA5_Reanalysis
2017-12-28,27.1,21.6,24.7,27.2,23.1,25.2,0.0,17.3,36.4,47,15.68,1012.3,ward_02_manali,13.168,80.258,ECMWF_ERA5_Reanalysis
2017-12-29,27.8,22.8,24.9,28.9,24.2,26.4,0.1,18.4,38.5,47,15.58,1012.5,ward_02_manali,13.168,80.258,ECMWF_ERA5_Reanalysis
2017-12-30,27.9,21.2,24.4,29.9,23.6,26.9,0.7,15.0,32.8,29,16.04,1011.8,ward_02_manali,13.168,80.258,ECMWF_ERA5_Reanalysis
2017-12-31,28.0,22.0,24.7,30.3,25.1,27.5,0.2,17.6,37.1,11,16.93,1010.2,ward_02_manali,13.168,80.258,ECMWF_ERA5_Reanalysis
2018-01-01,29.3,21.7,24.9,32.4,24.6,27.9,0.0,17.6,37.4,7,18.77,1008.2,ward_02_manali,13.168,80.258,ECMWF_ERA5_Reanalysis
2018-01-02,28.6,20.6,24.4,31.6,23.4,27.6,1.9,14.0,31.0,14,15.2,1008.5,ward_02_manali,13.168,80.258,ECMWF_ERA5_Reanalysis
2018-01-03,28.4,22.4,25.1,31.3,25.8,28.0,0.0,17.6,32.0,48,18.25,1010.3,ward_02_manali,13.168,80.258,ECMWF_ERA5_Reanalysis
2018-01-04,28.3,21.3,25.0,29.4,24.1,26.5,0.0,16.6,36.4,53,19.67,1011.6,ward_02_manali,13.168,80.258,ECMWF_ERA5_Reanalysis
2018-01-05,27.4,20.0,23.9,28.7,21.2,24.8,0.0,14.2,32.8,60,19.71,1010.8,ward_02_manali,13.168,80.258,ECMWF_ERA5_Reanalysis
2018-01-06,27.3,20.0,23.6,29.2,20.9,24.7,0.0,12.8,29.5,66,19.99,1010.4,ward_02_manali,13.168,80.258,ECMWF_ERA5_Reanalysis
2018-01-07,27.5,18.8,23.3,28.6,20.0,24.1,0.0,14.6,32.0,49,20.61,1011.0,ward_02_manali,13.168,80.258,ECMWF_ERA5_Reanalysis
2018-01-08,27.7,19.1,24.0,28.6,20.1,24.9,0.0,19.5,41.0,38,18.8,1011.7,ward_02_manali,13.168,80.258,ECMWF_ERA5_Reanalysis
2018-01-09,27.9,23.7,25.1,27.9,25.3,26.3,2.0,24.2,48.2,34,8.93,1013.0,ward_02_manali,13.168,80.258,ECMWF_ERA5_Reanalysis
2018-01-10,26.7,23.9,24.8,29.1,26.4,27.7,25.6,17.4,35.6,45,9.06,1013.8,ward_02_manali,13.168,80.258,ECMWF_ERA5_Reanalysis
2018-01-11,28.3,22.9,25.2,31.5,26.6,28.5,0.0,16.8,36.7,43,16.55,1013.4,ward_02_manali,13.168,80.258,ECMWF_ERA5_Reanalysis
2018-01-12,28.6,21.5,24.6,32.6,25.5,28.3,0.0,11.7,27.7,71,19.82,1012.6,ward_02_manali,13.168,80.258,ECMWF_ERA5_Reanalysis
2018-01-13,28.3,20.8,24.2,32.9,24.5,28.1,0.0,12.3,28.8,71,19.01,1012.2,ward_02_manali,13.168,80.258,ECMWF_ERA5_Reanalysis
2018-01-14,27.9,21.0,24.3,31.9,24.5,27.7,0.0,13.9,32.0,42,19.13,1012.6,ward_02_manali,13.168,80.258,ECMWF_ERA5_Reanalysis
2018-01-15,28.3,21.1,24.3,32.0,23.8,27.7,0.0,10.8,26.3,63,19.49,1012.7,ward_02_manali,13.168,80.258,ECMWF_ERA5_Reanalysis
2018-01-16,28.1,22.1,24.6,31.8,25.1,27.9,0.0,13.7,30.2,85,18.55,1011.5,ward_02_manali,13.168,80.258,ECMWF_ERA5_Reanalysis
2018-01-17,27.6,20.2,23.7,31.1,23.1,26.5,0.0,12.9,30.6,75,20.06,1011.7,ward_02_manali,13.168,80.258,ECMWF_ERA5_Reanalysis
2018-01-18,27.4,19.2,23.6,29.4,21.4,25.4,0.0,13.5,31.0,57,20.83,1012.3,ward_02_manali,13.168,80.258,ECMWF_ERA5_Reanalysis
2018-01-19,27.3,18.9,23.4,28.8,19.8,24.5,0.0,14.7,33.1,51,21.08,1012.8,ward_02_manali,13.168,80.258,ECMWF_ERA5_Reanalysis
2018-01-20,27.2,19.5,23.4,29.0,21.4,25.0,0.0,13.9,31.3,46,20.81,1012.4,ward_02_manali,13.168,80.258,ECMWF_ERA5_Reanalysis
2018-01-21,27.3,18.9,23.3,28.1,20.0,24.2,0.0,17.8,38.2,48,19.35,1011.4,ward_02_manali,13.168,80.258,ECMWF_ERA5_Reanalysis
2018-01-22,27.5,20.2,24.0,28.8,21.5,25.1,0.2,16.1,36.0,58,17.36,1010.4,ward_02_manali,13.168,80.258,ECMWF_ERA5_Reanalysis
2018-01-23,27.8,20.3,23.7,30.6,21.6,25.3,0.0,16.5,34.9,76,20.15,1010.0,ward_02_manali,13.168,80.258,ECMWF_ERA5_Reanalysis
2018-01-24,28.1,19.2,23.9,31.0,21.5,26.4,0.0,12.8,30.6,57,20.71,1009.3,ward_02_manali,13.168,80.258,ECMWF_ERA5_Reanalysis
2018-01-25,28.8,19.7,23.9,31.8,22.1,26.6,0.0,13.6,30.2,46,21.21,1008.8,ward_02_manali,13.168,80.258,ECMWF_ERA5_Reanalysis
2018-01-26,28.8,20.6,24.1,31.9,23.2,27.0,0.0,13.2,29.2,76,20.61,1009.6,ward_02_manali,13.168,80.258,ECMWF_ERA5_Reanalysis
2018-01-27,28.1,20.1,24.2,30.5,23.0,26.6,0.0,13.2,31.3,64,20.7,1010.4,ward_02_manali,13.168,80.258,ECMWF_ERA5_Reanalysis
2018-01-28,27.8,20.4,24.1,29.5,22.1,25.8,0.0,17.2,38.2,56,21.32,1011.2,ward_02_manali,13.168,80.258,ECMWF_ERA5_Reanalysis
2018-01-29,27.7,21.3,24.3,29.7,23.7,26.2,0.0,17.7,37.8,50,20.89,1012.5,ward_02_manali,13.168,80.258,ECMWF_ERA5_Reanalysis
2018-01-30,28.0,19.6,23.6,29.6,21.3,25.3,0.0,17.0,38.2,36,21.87,1012.8,ward_02_manali,13.168,80.258,ECMWF_ERA5_Reanalysis
2018-01-31,28.7,18.5,23.1,30.3,20.8,24.8,0.0,13.5,32.0,37,22.23,1013.0,ward_02_manali,13.168,80.258,ECMWF_ERA5_Reanalysis
2018-02-01,28.5,16.7,22.3,30.2,18.3,23.9,0.0,12.0,29.5,90,22.66,1012.7,ward_02_manali,13.168,80.258,ECMWF_ERA5_Reanalysis
2018-02-02,29.4,17.2,23.0,31.4,18.7,24.9,0.0,13.1,30.6,131,22.68,1011.7,ward_02_manali,13.168,80.258,ECMWF_ERA5_Reanalysis
2018-02-03,27.7,17.5,22.8,29.2,19.0,24.2,0.0,13.5,31.7,79,22.42,1012.6,ward_02_manali,13.168,80.258,ECMWF_ERA5_Reanalysis
2018-02-04,27.2,19.0,23.3,28.8,20.0,24.3,0.0,13.6,31.0,57,21.46,1012.7,ward_02_manali,13.168,80.258,ECMWF_ERA5_Reanalysis
2018-02-05,28.4,21.3,24.5,30.7,22.7,25.8,0.0,14.6,33.1,58,19.36,1013.8,ward_02_manali,13.168,80.258,ECMWF_ERA5_Reanalysis
2018-02-06,28.5,20.5,24.8,30.9,22.5,27.2,0.1,17.4,36.4,62,14.53,1013.3,ward_02_manali,13.168,80.258,ECMWF_ERA5_Reanalysis
2018-02-07,29.5,21.9,25.6,33.8,25.8,29.4,0.1,15.5,34.2,111,19.14,1011.7,ward_02_manali,13.168,80.258,ECMWF_ERA5_Reanalysis
2018-02-08,30.4,22.8,25.8,35.1,27.4,29.6,0.1,15.2,33.5,111,19.69,1010.9,ward_02_manali,13.168,80.258,ECMWF_ERA5_Reanalysis
2018-02-09,29.4,21.5,25.1,33.8,24.7,28.6,0.0,16.9,36.7,135,21.0,1010.5,ward_02_manali,13.168,80.258,ECMWF_ERA5_Reanalysis
2018-02-10,29.0,22.5,25.7,32.1,26.6,29.0,0.1,15.1,34.9,121,20.16,1012.1,ward_02_manali,13.168,80.258,ECMWF_ERA5_Reanalysis
2018-02-11,29.2,23.3,26.1,32.3,26.4,29.0,0.0,14.9,34.9,118,21.18,1013.1,ward_02_manali,13.168,80.258,ECMWF_ERA5_Reanalysis
2018-02-12,29.3,23.5,25.9,32.1,26.6,28.3,0.0,16.6,37.1,78,20.38,1014.6,ward_02_manali,13.168,80.258,ECMWF_ERA5_Reanalysis
2018-02-13,28.8,22.2,25.6,31.3,25.2,28.0,0.1,15.3,35.3,66,19.26,1015.8,ward_02_manali,13.168,80.258,ECMWF_ERA5_Reanalysis
2018-02-14,29.3,23.5,26.2,32.0,27.0,29.0,0.1,17.1,37.8,59,19.92,1015.9,ward_02_manali,13.168,80.258,ECMWF_ERA5_Reanalysis
2018-02-15,29.7,23.4,26.2,32.8,27.1,29.2,0.2,18.1,40.3,43,21.91,1016.0,ward_02_manali,13.168,80.258,ECMWF_ERA5_Reanalysis
2018-02-16,29.9,21.6,25.4,33.0,24.9,28.5,0.0,14.9,35.3,61,23.11,1014.9,ward_02_manali,13.168,80.258,ECMWF_ERA5_Reanalysis
2018-02-17,29.7,21.2,25.0,33.8,24.2,28.2,0.0,14.5,34.6,125,21.83,1011.6,ward_02_manali,13.168,80.258,ECMWF_ERA5_Reanalysis
2018-02-18,29.4,20.3,24.7,32.9,23.5,27.5,0.0,15.1,34.6,117,22.97,1010.8,ward_02_manali,13.168,80.258,ECMWF_ERA5_Reanalysis
2018-02-19,28.6,20.4,24.5,31.8,23.2,27.2,0.0,14.6,34.2,100,23.1,1011.4,ward_02_manali,13.168,80.258,ECMWF_ERA5_Reanalysis
2018-02-20,28.9,20.6,24.4,32.2,23.4,27.3,0.0,14.0,33.8,72,23.37,1011.2,ward_02_manali,13.168,80.258,ECMWF_ERA5_Reanalysis
2018-02-21,29.3,20.6,24.7,32.5,23.9,27.7,0.0,13.6,32.8,70,23.51,1010.0,ward_02_manali,13.168,80.258,ECMWF_ERA5_Reanalysis
2018-02-22,29.7,20.0,24.5,33.5,22.9,27.5,0.0,13.6,32.4,81,23.53,1009.8,ward_02_manali,13.168,80.258,ECMWF_ERA5_Reanalysis
2018-02-23,29.1,19.5,24.5,32.0,22.4,27.2,0.0,11.7,30.6,94,22.89,1010.5,ward_02_manali,13.168,80.258,ECMWF_ERA5_Reanalysis
2018-02-24,29.3,21.8,25.4,32.1,24.4,27.8,0.0,16.3,35.6,75,22.99,1012.1,ward_02_manali,13.168,80.258,ECMWF_ERA5_Reanalysis
2018-02-25,30.8,21.8,25.8,33.4,24.9,28.5,0.0,16.8,38.2,45,24.01,1012.1,ward_02_manali,13.168,80.258,ECMWF_ERA5_Reanalysis
2018-02-26,31.4,21.1,25.8,34.1,24.8,28.7,0.0,16.6,37.4,56,24.22,1010.9,ward_02_manali,13.168,80.258,ECMWF_ERA5_Reanalysis
2018-02-27,31.3,20.5,25.5,34.1,23.7,28.6,0.0,14.8,34.9,72,24.52,1010.4,ward_02_manali,13.168,80.258,ECMWF_ERA5_Reanalysis
2018-02-28,30.7,20.6,25.3,35.1,23.6,29.0,0.0,14.4,35.3,98,24.15,1010.3,ward_02_manali,13.168,80.258,ECMWF_ERA5_Reanalysis
2018-03-01,31.8,21.6,26.0,35.3,25.5,29.7,0.0,14.2,34.2,121,24.06,1009.9,ward_02_manali,13.168,80.258,ECMWF_ERA5_Reanalysis
2018-03-02,32.1,21.9,26.1,34.1,25.3,29.1,0.0,11.8,30.6,128,24.87,1009.5,ward_02_manali,13.168,80.258,ECMWF_ERA5_Reanalysis
2018-03-03,31.9,20.7,25.2,34.3,23.9,27.6,0.0,13.8,32.8,163,24.77,1009.0,ward_02_manali,13.168,80.258,ECMWF_ERA5_Reanalysis
2018-03-04,31.8,20.0,25.1,34.2,22.3,27.5,0.0,16.6,37.4,166,25.22,1008.9,ward_02_manali,13.168,80.258,ECMWF_ERA5_Reanalysis
2018-03-05,29.9,19.6,24.3,33.2,22.5,27.3,0.0,14.9,34.9,138,24.74,1009.9,ward_02_manali,13.168,80.258,ECMWF_ERA5_Reanalysis
2018-03-06,30.3,20.6,25.5,34.3,24.0,28.8,0.0,14.6,33.8,131,24.22,1010.7,ward_02_manali,13.168,80.258,ECMWF_ERA5_Reanalysis
2018-03-07,31.2,21.1,25.6,34.2,24.6,28.6,0.0,13.2,31.3,130,24.88,1010.4,ward_02_manali,13.168,80.258,ECMWF_ERA5_Reanalysis
2018-03-08,31.8,19.8,25.2,34.5,22.7,28.4,0.0,13.4,32.0,95,24.73,1010.3,ward_02_manali,13.168,80.258,ECMWF_ERA5_Reanalysis
2018-03-09,30.8,21.7,26.4,34.7,25.7,30.3,0.0,15.3,36.4,70,23.98,1010.5,ward_02_manali,13.168,80.258,ECMWF_ERA5_Reanalysis
2018-03-10,31.5,22.5,26.5,35.3,26.6,30.6,0.0,13.7,32.8,88,23.86,1010.4,ward_02_manali,13.168,80.258,ECMWF_ERA5_Reanalysis
2018-03-11,30.2,23.0,26.4,34.4,27.9,30.6,0.0,13.1,32.8,93,24.07,1010.8,ward_02_manali,13.168,80.258,ECMWF_ERA5_Reanalysis
2018-03-12,31.1,23.9,27.4,36.1,29.1,31.8,0.1,15.6,35.6,97,23.82,1011.4,ward_02_manali,13.168,80.258,ECMWF_ERA5_Reanalysis
2018-03-13,31.3,25.3,27.9,36.3,30.4,32.3,0.5,16.9,38.5,89,19.84,1010.6,ward_02_manali,13.168,80.258,ECMWF_ERA5_Reanalysis
2018-03-14,31.8,24.5,28.0,36.3,29.3,32.4,0.2,16.8,37.8,139,22.62,1009.7,ward_02_manali,13.168,80.258,ECMWF_ERA5_Reanalysis
2018-03-15,32.0,24.4,28.0,35.9,29.9,32.2,0.0,22.1,46.8,159,23.57,1009.1,ward_02_manali,13.168,80.258,ECMWF_ERA5_Reanalysis
2018-03-16,31.6,25.6,28.2,35.7,30.7,32.5,1.9,20.8,43.9,160,20.12,1008.0,ward_02_manali,13.168,80.258,ECMWF_ERA5_Reanalysis
2018-03-17,28.9,25.1,26.9,32.1,29.5,30.9,4.7,16.6,32.0,114,9.46,1009.6,ward_02_manali,13.168,80.258,ECMWF_ERA5_Reanalysis
2018-03-18,31.1,24.2,27.5,34.8,27.8,30.8,0.0,16.3,37.4,106,22.95,1010.2,ward_02_manali,13.168,80.258,ECMWF_ERA5_Reanalysis
2018-03-19,31.2,24.6,27.5,34.4,28.2,30.7,0.0,14.5,35.3,129,24.9,1011.5,ward_02_manali,13.168,80.258,ECMWF_ERA5_Reanalysis
2018-03-20,31.8,22.7,26.8,35.5,26.9,30.6,0.0,15.5,34.6,144,25.13,1010.3,ward_02_manali,13.168,80.258,ECMWF_ERA5_Reanalysis
2018-03-21,33.4,23.2,27.6,38.3,27.1,31.4,0.0,19.9,42.8,174,24.69,1008.9,ward_02_manali,13.168,80.258,ECMWF_ERA5_Reanalysis
2018-03-22,34.0,23.7,28.3,39.7,27.9,32.5,0.0,20.1,45.4,174,22.57,1006.8,ward_02_manali,13.168,80.258,ECMWF_ERA5_Reanalysis
2018-03-23,34.0,24.7,28.7,39.3,29.4,33.3,0.0,20.6,45.0,167,23.22,1006.9,ward_02_manali,13.168,80.258,ECMWF_ERA5_Reanalysis
2018-03-24,32.9,25.3,28.5,38.3,30.7,32.9,0.0,22.0,47.2,159,22.69,1008.9,ward_02_manali,13.168,80.258,ECMWF_ERA5_Reanalysis
2018-03-25,31.6,25.0,27.8,36.0,30.1,32.1,0.0,15.6,36.4,136,24.94,1011.3,ward_02_manali,13.168,80.258,ECMWF_ERA5_Reanalysis
2018-03-26,31.7,24.3,27.6,36.3,28.5,31.7,0.0,15.5,36.0,130,24.83,1011.5,ward_02_manali,13.168,80.258,ECMWF_ERA5_Reanalysis
2018-03-27,32.8,24.6,28.2,37.8,29.7,32.5,0.0,21.2,46.1,162,24.3,1009.9,ward_02_manali,13.168,80.258,ECMWF_ERA5_Reanalysis
2018-03-28,33.7,25.8,28.9,38.8,30.9,33.3,0.0,25.6,52.6,169,24.09,1008.6,ward_02_manali,13.168,80.258,ECMWF_ERA5_Reanalysis
2018-03-29,34.5,26.3,29.2,39.2,31.3,33.4,0.0,25.6,52.6,172,24.81,1008.0,ward_02_manali,13.168,80.258,ECMWF_ERA5_Reanalysis
2018-03-30,34.1,25.7,29.0,39.2,30.9,33.3,0.4,25.4,53.6,170,23.41,1007.6,ward_02_manali,13.168,80.258,ECMWF_ERA5_Reanalysis
2018-03-31,33.5,26.0,29.0,38.4,30.7,33.4,0.0,23.5,51.1,169,21.84,1007.2,ward_02_manali,13.168,80.258,ECMWF_ERA5_Reanalysis
2018-04-01,32.2,26.2,28.7,36.9,32.2,33.6,0.8,23.2,48.6,158,23.77,1007.4,ward_02_manali,13.168,80.258,ECMWF_ERA5_Reanalysis
2018-04-02,32.2,26.2,28.7,37.3,32.1,33.4,0.6,23.0,48.2,155,22.38,1008.4,ward_02_manali,13.168,80.258,ECMWF_ERA5_Reanalysis
2018-04-03,31.7,26.1,28.4,37.1,31.6,33.2,1.6,20.0,43.6,154,23.46,1008.0,ward_02_manali,13.168,80.258,ECMWF_ERA5_Reanalysis
2018-04-04,32.2,25.2,28.3,36.1,30.8,32.6,0.0,20.6,44.3,161,25.37,1006.7,ward_02_manali,13.168,80.258,ECMWF_ERA5_Reanalysis
2018-04-05,32.1,24.8,28.3,36.0,30.2,32.3,0.0,20.9,44.6,154,25.07,1006.3,ward_02_manali,13.168,80.258,ECMWF_ERA5_Reanalysis
2018-04-06,32.2,25.3,28.5,36.0,30.2,32.6,0.0,20.5,43.2,161,24.84,1007.0,ward_02_manali,13.168,80.258,ECMWF_ERA5_Reanalysis
2018-04-07,32.4,25.7,28.8,37.2,31.2,33.4,0.0,18.6,41.8,150,24.76,1008.2,ward_02_manali,13.168,80.258,ECMWF_ERA5_Reanalysis
2018-04-08,31.5,25.5,28.4,36.2,31.5,33.2,1.1,18.4,40.7,104,22.35,1009.3,ward_02_manali,13.168,80.258,ECMWF_ERA5_Reanalysis
2018-04-09,32.3,26.2,28.9,36.4,31.4,33.1,0.0,16.8,37.1,98,25.43,1009.4,ward_02_manali,13.168,80.258,ECMWF_ERA5_Reanalysis
2018-04-10,32.2,25.5,29.0,36.9,30.4,33.3,0.2,19.2,41.8,100,24.3,1008.4,ward_02_manali,13.168,80.258,ECMWF_ERA5_Reanalysis
2018-04-11,32.5,26.3,29.0,37.8,32.1,34.1,1.3,18.1,40.7,113,22.89,1008.2,ward_02_manali,13.168,80.258,ECMWF_ERA5_Reanalysis
2018-04-12,33.1,26.1,29.3,38.4,31.8,34.3,0.2,18.4,41.8,130,24.71,1007.4,ward_02_manali,13.168,80.258,ECMWF_ERA5_Reanalysis
2018-04-13,32.5,26.6,29.4,37.3,32.5,34.1,1.1,20.5,43.6,138,22.64,1008.1,ward_02_manali,13.168,80.258,ECMWF_ERA5_Reanalysis
2018-04-14,33.3,26.7,29.5,38.9,31.6,34.3,0.3,20.4,44.6,150,22.63,1007.7,ward_02_manali,13.168,80.258,ECMWF_ERA5_Reanalysis
2018-04-15,32.7,27.3,29.7,37.6,33.2,34.5,2.1,19.9,42.8,153,22.41,1008.1,ward_02_manali,13.168,80.258,ECMWF_ERA5_Reanalysis
2018-04-16,33.6,26.8,29.8,39.0,33.1,35.1,0.5,16.8,38.9,150,23.05,1008.5,ward_02_manali,13.168,80.258,ECMWF_ERA5_Reanalysis
2018-04-17,33.8,27.2,29.8,38.5,33.2,34.9,0.4,19.2,42.1,154,24.51,1009.3,ward_02_manali,13.168,80.258,ECMWF_ERA5_Reanalysis
2018-04-18,34.4,26.0,29.8,39.7,31.4,34.3,0.0,24.6,51.8,169,25.21,1008.4,ward_02_manali,13.168,80.258,ECMWF_ERA5_Reanalysis
2018-04-19,35.6,27.7,30.5,40.9,32.6,34.8,0.0,26.8,55.8,179,24.11,1006.5,ward_02_manali,13.168,80.258,ECMWF_ERA5_Reanalysis
2018-04-20,35.6,27.7,30.8,40.2,32.6,35.1,0.0,25.8,54.4,174,24.79,1006.2,ward_02_manali,13.168,80.258,ECMWF_ERA5_Reanalysis
2018-04-21,34.5,28.3,30.6,40.1,32.7,35.0,0.0,25.6,53.3,169,23.84,1006.4,ward_02_manali,13.168,80.258,ECMWF_ERA5_Reanalysis
2018-04-22,34.7,27.0,30.2,39.4,31.8,34.6,0.0,25.5,55.1,171,24.42,1006.8,ward_02_manali,13.168,80.258,ECMWF_ERA5_Reanalysis
2018-04-23,34.1,27.2,30.2,39.8,32.7,35.0,0.0,23.2,49.3,167,25.48,1006.9,ward_02_manali,13.168,80.258,ECMWF_ERA5_Reanalysis
2018-04-24,34.4,26.9,30.0,39.1,32.3,34.2,0.0,24.6,51.8,170,24.48,1007.1,ward_02_manali,13.168,80.258,ECMWF_ERA5_Reanalysis
2018-04-25,35.0,27.7,30.3,39.8,32.4,34.5,0.0,24.3,51.5,170,23.4,1006.4,ward_02_manali,13.168,80.258,ECMWF_ERA5_Reanalysis
2018-04-26,34.7,27.4,30.3,39.9,32.6,34.9,0.0,24.2,51.5,167,25.05,1005.8,ward_02_manali,13.168,80.258,ECMWF_ERA5_Reanalysis
2018-04-27,34.4,27.6,30.4,39.8,33.3,35.2,0.0,21.4,45.0,155,25.15,1007.2,ward_02_manali,13.168,80.258,ECMWF_ERA5_Reanalysis
2018-04-28,33.8,27.2,30.0,38.2,33.4,34.9,0.2,21.1,46.4,156,25.28,1008.1,ward_02_manali,13.168,80.258,ECMWF_ERA5_Reanalysis
2018-04-29,34.4,27.2,30.2,39.1,32.9,34.7,0.0,25.8,53.6,168,24.39,1006.5,ward_02_manali,13.168,80.258,ECMWF_ERA5_Reanalysis
2018-04-30,36.0,28.0,31.0,41.0,32.9,35.3,0.0,28.2,57.2,174,24.85,1004.8,ward_02_manali,13.168,80.258,ECMWF_ERA5_Reanalysis
2018-05-01,36.8,28.9,31.4,41.6,33.3,35.8,0.1,27.4,57.2,168,24.89,1005.7,ward_02_manali,13.168,80.258,ECMWF_ERA5_Reanalysis
2018-05-02,36.0,28.8,31.2,41.7,33.7,36.0,0.1,25.8,53.6,165,24.51,1005.7,ward_02_manali,13.168,80.258,ECMWF_ERA5_Reanalysis
2018-05-03,34.8,26.3,30.6,41.0,30.5,35.3,1.0,24.2,50.4,155,24.42,1006.8,ward_02_manali,13.168,80.258,ECMWF_ERA5_Reanalysis
2018-05-04,33.7,27.3,30.1,38.5,33.2,35.0,0.7,19.9,43.2,154,22.37,1007.4,ward_02_manali,13.168,80.258,ECMWF_ERA5_Reanalysis
2018-05-05,33.5,27.4,30.1,38.4,33.7,34.9,0.2,22.9,47.2,154,24.58,1008.1,ward_02_manali,13.168,80.258,ECMWF_ERA5_Reanalysis
2018-05-06,34.0,27.5,30.3,39.3,33.2,35.2,0.1,21.4,46.1,167,24.41,1008.2,ward_02_manali,13.168,80.258,ECMWF_ERA5_Reanalysis
2018-05-07,35.9,27.7,30.8,41.0,33.5,35.8,0.0,23.5,50.4,169,24.37,1006.6,ward_02_manali,13.168,80.258,ECMWF_ERA5_Reanalysis
2018-05-08,35.4,28.6,30.8,40.3,32.9,35.4,0.0,23.5,48.6,175,18.77,1005.3,ward_02_manali,13.168,80.258,ECMWF_ERA5_Reanalysis
2018-05-09,34.0,28.3,30.7,38.5,32.4,35.0,0.6,23.5,49.0,173,21.73,1006.0,ward_02_manali,13.168,80.258,ECMWF_ERA5_Reanalysis
2018-05-10,33.4,27.9,30.4,39.0,32.5,34.8,0.8,22.3,48.6,172,22.11,1007.7,ward_02_manali,13.168,80.258,ECMWF_ERA5_Reanalysis
2018-05-11,35.1,27.9,31.0,40.0,32.6,35.5,0.0,24.0,50.8,171,23.56,1006.5,ward_02_manali,13.168,80.258,ECMWF_ERA5_Reanalysis
2018-05-12,34.9,28.3,31.0,40.5,33.1,35.8,0.0,22.9,48.6,168,24.2,1006.0,ward_02_manali,13.168,80.258,ECMWF_ERA5_Reanalysis
2018-05-13,35.3,28.5,30.9,39.8,33.9,35.4,0.0,24.7,51.5,169,23.71,1006.1,ward_02_manali,13.168,80.258,ECMWF_ERA5_Reanalysis
2018-05-14,34.5,27.7,30.4,39.5,33.4,35.2,0.0,21.9,46.8,159,23.79,1006.5,ward_02_manali,13.168,80.258,ECMWF_ERA5_Reanalysis
2018-05-15,34.3,27.1,30.2,39.0,32.7,35.1,0.1,18.8,42.5,157,22.72,1005.9,ward_02_manali,13.168,80.258,ECMWF_ERA5_Reanalysis
2018-05-16,34.2,27.6,30.3,39.4,33.5,35.1,0.0,20.3,43.6,159,22.49,1004.9,ward_02_manali,13.168,80.258,ECMWF_ERA5_Reanalysis
2018-05-17,34.3,27.9,30.6,39.0,33.6,35.2,0.0,22.3,48.2,161,24.02,1004.9,ward_02_manali,13.168,80.258,ECMWF_ERA5_Reanalysis
2018-05-18,35.1,27.5,30.6,39.8,32.0,35.3,0.0,21.1,45.4,171,22.24,1004.3,ward_02_manali,13.168,80.258,ECMWF_ERA5_Reanalysis
2018-05-19,36.4,27.9,31.2,41.8,33.3,36.2,0.0,22.7,49.3,165,24.87,1003.7,ward_02_manali,13.168,80.258,ECMWF_ERA5_Reanalysis
2018-05-20,35.5,28.1,31.2,41.5,32.9,35.9,0.0,21.2,46.1,161,24.68,1003.9,ward_02_manali,13.168,80.258,ECMWF_ERA5_Reanalysis
2018-05-21,34.9,28.4,30.7,40.6,34.0,35.8,0.6,22.9,50.0,156,24.11,1004.4,ward_02_manali,13.168,80.258,ECMWF_ERA5_Reanalysis
2018-05-22,34.6,28.0,30.6,40.5,34.0,36.1,0.0,19.2,41.4,137,23.13,1004.4,ward_02_manali,13.168,80.258,ECMWF_ERA5_Reanalysis
2018-05-23,33.6,27.5,30.2,39.4,33.5,35.3,1.2,19.2,41.4,149,22.93,1004.2,ward_02_manali,13.168,80.258,ECMWF_ERA5_Reanalysis
2018-05-24,33.9,27.2,30.2,39.1,32.6,35.2,0.3,16.6,37.1,133,22.55,1003.4,ward_02_manali,13.168,80.258,ECMWF_ERA5_Reanalysis
2018-05-25,33.3,26.9,29.9,38.5,32.5,35.3,1.1,15.8,36.0,142,20.13,1002.9,ward_02_manali,13.168,80.258,ECMWF_ERA5_Reanalysis
2018-05-26,33.5,27.1,30.2,38.6,33.1,35.5,0.0,19.6,42.5,147,22.78,1002.9,ward_02_manali,13.168,80.258,ECMWF_ERA5_Reanalysis
2018-05-27,33.7,27.4,30.3,39.0,32.9,35.5,0.8,20.4,42.5,156,22.34,1002.7,ward_02_manali,13.168,80.258,ECMWF_ERA5_Reanalysis
2018-05-28,34.4,28.2,30.8,39.2,34.1,35.6,0.0,21.6,44.3,169,17.43,1001.0,ward_02_manali,13.168,80.258,ECMWF_ERA5_Reanalysis
2018-05-29,38.9,28.8,32.9,43.8,33.6,37.8,0.0,23.4,43.9,184,24.07,999.2,ward_02_manali,13.168,80.258,ECMWF_ERA5_Reanalysis
2018-05-30,38.4,29.8,32.7,45.0,33.3,37.1,0.0,23.4,47.2,182,24.22,1000.2,ward_02_manali,13.168,80.258,ECMWF_ERA5_Reanalysis
2018-05-31,38.0,28.5,32.3,43.6,34.7,37.8,0.0,19.1,42.5,150,24.7,1002.0,ward_02_manali,13.168,80.258,ECMWF_ERA5_Reanalysis
2018-06-01,36.3,28.7,31.6,42.8,34.9,37.6,0.0,18.2,41.4,147,23.86,1003.3,ward_02_manali,13.168,80.258,ECMWF_ERA5_Reanalysis
2018-06-02,35.5,27.2,30.7,41.6,31.7,36.4,1.6,15.5,36.7,178,22.94,1003.8,ward_02_manali,13.168,80.258,ECMWF_ERA5_Reanalysis
2018-06-03,34.7,27.0,30.3,41.6,32.2,35.5,3.4,14.1,38.5,188,22.1,1002.8,ward_02_manali,13.168,80.258,ECMWF_ERA5_Reanalysis
2018-06-04,34.6,28.3,31.2,40.8,32.3,36.1,0.0,17.6,36.4,181,22.68,1001.7,ward_02_manali,13.168,80.258,ECMWF_ERA5_Reanalysis
2018-06-05,36.5,28.9,31.4,43.4,33.2,36.4,0.5,21.1,42.8,183,21.45,1002.3,ward_02_manali,13.168,80.258,ECMWF_ERA5_Reanalysis
2018-06-06,36.5,27.8,31.1,42.4,32.2,36.3,6.1,20.1,41.8,197,21.33,1004.0,ward_02_manali,13.168,80.258,ECMWF_ERA5_Reanalysis
2018-06-07,37.4,27.2,31.2,41.0,32.4,35.6,1.0,21.0,42.8,215,17.95,1002.9,ward_02_manali,13.168,80.258,ECMWF_ERA5_Reanalysis
2018-06-08,37.5,29.1,32.4,38.0,31.1,34.1,0.0,33.3,60.8,243,14.79,1001.1,ward_02_manali,13.168,80.258,ECMWF_ERA5_Reanalysis
2018-06-09,37.7,29.2,32.8,38.6,31.1,33.9,0.7,33.3,65.5,243,19.92,999.8,ward_02_manali,13.168,80.258,ECMWF_ERA5_Reanalysis
2018-06-10,37.2,28.9,33.1,39.1,30.5,34.6,0.0,25.8,64.1,245,19.45,1001.0,ward_02_manali,13.168,80.258,ECMWF_ERA5_Reanalysis
2018-06-11,36.6,29.4,32.1,38.4,31.4,34.5,4.4,25.1,51.8,240,17.73,1001.9,ward_02_manali,13.168,80.258,ECMWF_ERA5_Reanalysis
2018-06-12,37.1,29.5,32.6,38.8,31.2,35.0,1.4,22.7,48.2,240,16.99,1002.0,ward_02_manali,13.168,80.258,ECMWF_ERA5_Reanalysis
2018-06-13,36.8,29.1,32.1,38.8,30.8,35.1,0.0,20.3,44.6,229,17.84,1002.7,ward_02_manali,13.168,80.258,ECMWF_ERA5_Reanalysis
2018-06-14,37.7,29.2,32.4,41.0,31.9,35.4,1.4,17.3,38.5,238,21.97,1003.2,ward_02_manali,13.168,80.258,ECMWF_ERA5_Reanalysis
2018-06-15,37.6,29.4,32.1,43.1,32.0,36.1,3.2,17.9,41.8,222,22.5,1003.7,ward_02_manali,13.168,80.258,ECMWF_ERA5_Reanalysis
2018-06-16,36.5,27.8,31.0,42.6,31.6,35.1,1.4,20.4,40.3,207,20.89,1004.9,ward_02_manali,13.168,80.258,ECMWF_ERA5_Reanalysis
2018-06-17,38.6,28.4,32.2,42.9,31.1,34.9,0.1,21.6,42.1,238,21.91,1004.4,ward_02_manali,13.168,80.258,ECMWF_ERA5_Reanalysis
2018-06-18,37.8,28.8,32.3,39.8,31.2,34.9,0.3,25.8,47.2,231,22.52,1003.9,ward_02_manali,13.168,80.258,ECMWF_ERA5_Reanalysis
2018-06-19,36.6,29.0,31.5,40.0,30.8,34.1,0.3,28.0,55.4,206,23.54,1003.3,ward_02_manali,13.168,80.258,ECMWF_ERA5_Reanalysis
2018-06-20,36.8,29.0,31.6,41.1,31.0,34.9,0.1,24.5,49.7,204,23.26,1003.0,ward_02_manali,13.168,80.258,ECMWF_ERA5_Reanalysis
2018-06-21,36.0,28.9,31.7,40.6,31.3,34.9,0.6,26.5,52.9,210,22.68,1002.7,ward_02_manali,13.168,80.258,ECMWF_ERA5_Reanalysis
2018-06-22,37.0,28.9,31.4,39.4,30.4,34.1,0.0,22.7,48.6,212,17.38,1002.6,ward_02_manali,13.168,80.258,ECMWF_ERA5_Reanalysis
2018-06-23,36.0,26.0,30.9,39.4,31.8,34.5,16.1,22.1,42.1,210,19.76,1002.8,ward_02_manali,13.168,80.258,ECMWF_ERA5_Reanalysis
2018-06-24,35.6,26.3,29.8,38.9,30.7,33.5,3.5,24.2,48.2,209,18.03,1003.8,ward_02_manali,13.168,80.258,ECMWF_ERA5_Reanalysis
2018-06-25,35.6,25.6,29.9,38.6,31.5,34.1,5.5,21.7,42.1,210,17.0,1003.1,ward_02_manali,13.168,80.258,ECMWF_ERA5_Reanalysis
2018-06-26,37.8,28.2,31.6,39.8,30.7,34.3,0.0,22.0,43.2,241,21.65,1002.0,ward_02_manali,13.168,80.258,ECMWF_ERA5_Reanalysis
2018-06-27,36.6,27.8,30.5,39.4,30.6,33.4,4.7,17.4,44.6,230,16.27,1001.7,ward_02_manali,13.168,80.258,ECMWF_ERA5_Reanalysis
2018-06-28,34.2,27.6,30.3,36.2,30.6,33.3,0.6,21.3,40.3,228,16.75,1002.9,ward_02_manali,13.168,80.258,ECMWF_ERA5_Reanalysis
2018-06-29,34.3,27.2,29.9,38.5,31.1,34.2,4.2,18.1,36.0,180,19.32,1003.4,ward_02_manali,13.168,80.258,ECMWF_ERA5_Reanalysis
2018-06-30,31.9,26.1,29.1,36.8,30.1,33.6,0.0,13.4,28.4,165,15.48,1004.6,ward_02_manali,13.168,80.258,ECMWF_ERA5_Reanalysis
2018-07-01,32.4,25.8,28.9,38.3,31.2,34.1,3.7,14.1,32.4,184,17.96,1005.0,ward_02_manali,13.168,80.258,ECMWF_ERA5_Reanalysis
2018-07-02,32.7,24.8,28.1,39.2,29.7,33.1,38.1,21.3,42.1,188,20.69,1004.6,ward_02_manali,13.168,80.258,ECMWF_ERA5_Reanalysis
2018-07-03,33.3,24.9,28.6,37.4,28.3,32.7,3.0,16.4,36.0,239,23.77,1004.8,ward_02_manali,13.168,80.258,ECMWF_ERA5_Reanalysis
2018-07-04,34.9,26.6,29.9,39.4,31.4,34.4,0.6,16.3,35.6,224,21.55,1005.1,ward_02_manali,13.168,80.258,ECMWF_ERA5_Reanalysis
2018-07-05,35.2,27.2,30.4,40.0,30.6,34.3,0.6,19.8,36.0,223,23.63,1004.5,ward_02_manali,13.168,80.258,ECMWF_ERA5_Reanalysis
2018-07-06,35.5,26.9,30.0,37.5,29.3,33.1,2.5,22.5,42.8,254,16.61,1003.3,ward_02_manali,13.168,80.258,ECMWF_ERA5_Reanalysis
2018-07-07,31.0,27.2,29.2,33.3,30.5,31.8,0.3,22.4,43.2,244,8.78,1002.0,ward_02_manali,13.168,80.258,ECMWF_ERA5_Reanalysis
2018-07-08,35.1,28.0,30.9,37.8,30.1,33.2,0.4,20.6,44.6,256,13.3,1001.4,ward_02_manali,13.168,80.258,ECMWF_ERA5_Reanalysis
2018-07-09,34.8,27.5,30.5,36.8,30.6,33.4,0.3,20.4,49.0,231,15.29,1001.3,ward_02_manali,13.168,80.258,ECMWF_ERA5_Reanalysis
2018-07-10,35.3,27.5,30.4,39.0,30.2,33.4,0.2,21.2,47.5,234,18.48,1002.8,ward_02_manali,13.168,80.258,ECMWF_ERA5_Reanalysis
2018-07-11,35.2,27.5,30.0,38.0,30.1,32.8,1.4,23.8,44.6,246,15.12,1003.1,ward_02_manali,13.168,80.258,ECMWF_ERA5_Reanalysis
2018-07-12,35.2,27.4,30.4,36.5,29.0,32.6,0.3,26.0,51.1,252,15.51,1002.3,ward_02_manali,13.168,80.258,ECMWF_ERA5_Reanalysis
2018-07-13,36.4,27.9,30.4,38.8,30.2,33.2,3.2,24.1,51.5,266,16.22,1001.9,ward_02_manali,13.168,80.258,ECMWF_ERA5_Reanalysis
2018-07-14,35.4,28.1,31.0,36.9,29.6,33.1,0.2,21.7,51.1,253,16.02,1001.0,ward_02_manali,13.168,80.258,ECMWF_ERA5_Reanalysis
2018-07-15,35.1,28.9,31.7,36.1,30.4,33.0,0.0,27.0,51.5,248,12.52,1000.2,ward_02_manali,13.168,80.258,ECMWF_ERA5_Reanalysis
2018-07-16,37.0,28.6,32.4,37.6,29.7,33.5,0.1,28.6,60.8,253,18.13,1000.8,ward_02_manali,13.168,80.258,ECMWF_ERA5_Reanalysis
2018-07-17,37.9,28.7,32.1,38.7,29.7,33.6,0.1,28.2,55.4,251,20.6,1001.5,ward_02_manali,13.168,80.258,ECMWF_ERA5_Reanalysis
2018-07-18,37.8,28.7,32.3,39.2,30.5,34.2,0.5,23.3,53.3,261,18.42,1001.9,ward_02_manali,13.168,80.258,ECMWF_ERA5_Reanalysis
2018-07-19,36.5,29.1,32.3,38.6,31.5,34.1,0.6,24.9,51.5,258,21.62,1002.0,ward_02_manali,13.168,80.258,ECMWF_ERA5_Reanalysis
2018-07-20,36.3,28.9,32.1,36.9,30.5,33.6,0.0,24.9,49.0,256,13.2,1002.3,ward_02_manali,13.168,80.258,ECMWF_ERA5_Reanalysis
2018-07-21,36.6,29.4,32.2,37.8,31.1,33.8,0.1,26.0,51.5,252,14.77,1003.3,ward_02_manali,13.168,80.258,ECMWF_ERA5_Reanalysis
2018-07-22,36.9,28.7,31.6,37.7,30.5,33.6,0.0,23.6,46.4,249,16.53,1003.0,ward_02_manali,13.168,80.258,ECMWF_ERA5_Reanalysis
2018-07-23,36.9,28.7,31.8,39.3,30.5,34.4,0.4,20.2,48.2,249,21.12,1003.0,ward_02_manali,13.168,80.258,ECMWF_ERA5_Reanalysis
2018-07-24,36.4,28.5,31.3,40.4,31.4,34.8,0.7,18.1,42.8,224,20.58,1004.3,ward_02_manali,13.168,80.258,ECMWF_ERA5_Reanalysis
2018-07-25,36.3,28.1,30.8,39.9,31.5,34.1,1.3,17.7,41.0,223,17.89,1004.6,ward_02_manali,13.168,80.258,ECMWF_ERA5_Reanalysis
2018-07-26,35.7,26.0,30.1,40.5,30.3,34.4,6.3,15.1,41.0,206,20.0,1005.2,ward_02_manali,13.168,80.258,ECMWF_ERA5_Reanalysis
2018-07-27,35.0,26.0,29.7,40.4,30.8,33.5,2.4,18.9,39.6,208,19.1,1005.0,ward_02_manali,13.168,80.258,ECMWF_ERA5_Reanalysis
2018-07-28,35.7,27.2,30.4,39.3,30.4,33.7,0.8,22.8,45.4,209,21.89,1004.1,ward_02_manali,13.168,80.258,ECMWF_ERA5_Reanalysis
2018-07-29,36.5,24.7,30.3,40.1,27.8,34.0,4.7,20.4,42.8,204,21.67,1003.1,ward_02_manali,13.168,80.258,ECMWF_ERA5_Reanalysis
2018-07-30,35.7,27.6,30.8,40.2,29.8,34.6,0.6,22.0,40.7,204,19.28,1002.8,ward_02_manali,13.168,80.258,ECMWF_ERA5_Reanalysis
2018-07-31,35.7,27.5,30.4,38.5,31.1,33.9,1.8,20.9,45.0,231,20.6,1003.7,ward_02_manali,13.168,80.258,ECMWF_ERA5_Reanalysis
2018-08-01,35.9,27.9,30.4,41.0,30.3,34.1,1.7,17.6,43.2,229,20.53,1004.8,ward_02_manali,13.168,80.258,ECMWF_ERA5_Reanalysis
2018-08-02,36.2,28.0,30.5,40.4,30.8,34.0,0.4,20.3,44.3,214,19.55,1005.6,ward_02_manali,13.168,80.258,ECMWF_ERA5_Reanalysis
2018-08-03,36.4,26.7,30.4,38.7,30.0,33.7,0.6,16.4,45.4,235,18.01,1005.9,ward_02_manali,13.168,80.258,ECMWF_ERA5_Reanalysis
2018-08-04,36.2,26.0,30.0,41.0,30.1,33.4,2.3,19.1,43.6,223,19.66,1005.4,ward_02_manali,13.168,80.258,ECMWF_ERA5_Reanalysis
2018-08-05,35.7,26.0,29.9,39.6,30.5,33.6,1.1,21.8,39.2,241,21.25,1005.5,ward_02_manali,13.168,80.258,ECMWF_ERA5_Reanalysis
2018-08-06,36.8,27.5,30.8,38.2,30.1,33.1,0.0,24.6,50.8,259,17.66,1003.6,ward_02_manali,13.168,80.258,ECMWF_ERA5_Reanalysis
2018-08-07,34.4,27.1,30.4,35.8,29.7,32.4,0.7,23.2,46.1,257,13.48,1002.6,ward_02_manali,13.168,80.258,ECMWF_ERA5_Reanalysis
2018-08-08,35.9,26.8,30.2,38.2,29.5,32.9,0.6,20.5,46.1,245,18.4,1002.6,ward_02_manali,13.168,80.258,ECMWF_ERA5_Reanalysis
2018-08-09,36.2,25.9,29.4,40.8,29.8,33.8,5.5,15.3,48.2,226,20.85,1004.7,ward_02_manali,13.168,80.258,ECMWF_ERA5_Reanalysis
2018-08-10,34.3,25.7,28.7,36.7,29.7,32.1,5.4,17.2,38.5,251,12.23,1005.9,ward_02_manali,13.168,80.258,ECMWF_ERA5_Reanalysis
2018-08-11,28.0,24.7,26.0,32.2,27.4,29.4,13.7,19.3,34.6,252,5.34,1004.7,ward_02_manali,13.168,80.258,ECMWF_ERA5_Reanalysis
2018-08-12,32.4,26.2,29.0,33.2,28.0,30.9,0.0,26.6,54.7,266,12.0,1003.1,ward_02_manali,13.168,80.258,ECMWF_ERA5_Reanalysis
2018-08-13,34.3,25.5,28.9,34.9,28.3,31.5,0.0,25.8,50.0,249,13.03,1003.2,ward_02_manali,13.168,80.258,ECMWF_ERA5_Reanalysis
2018-08-14,28.6,25.6,27.1,32.2,28.7,30.2,19.0,18.9,55.4,230,8.55,1002.5,ward_02_manali,13.168,80.258,ECMWF_ERA5_Reanalysis
2018-08-15,29.4,24.8,26.2,34.0,27.9,30.0,18.4,19.3,52.2,224,6.88,1001.8,ward_02_manali,13.168,80.258,ECMWF_ERA5_Reanalysis
2018-08-16,33.7,26.4,29.2,35.7,28.4,31.9,0.3,25.8,60.5,242,19.3,1001.5,ward_02_manali,13.168,80.258,ECMWF_ERA5_Reanalysis
2018-08-17,34.8,26.3,29.3,37.9,28.3,32.9,1.7,22.6,50.4,231,19.59,1001.3,ward_02_manali,13.168,80.258,ECMWF_ERA5_Reanalysis
2018-08-18,35.3,27.0,30.1,37.5,28.7,32.6,1.1,25.0,49.0,266,18.35,1001.4,ward_02_manali,13.168,80.258,ECMWF_ERA5_Reanalysis
2018-08-19,33.9,28.0,30.1,36.9,29.2,32.6,0.0,24.6,52.2,274,16.34,1001.4,ward_02_manali,13.168,80.258,ECMWF_ERA5_Reanalysis
2018-08-20,34.7,27.9,30.3,36.5,29.2,32.7,0.2,25.4,49.3,263,15.64,1002.5,ward_02_manali,13.168,80.258,ECMWF_ERA5_Reanalysis
2018-08-21,36.2,27.1,30.3,40.1,29.3,33.4,0.1,19.1,46.1,236,22.13,1003.9,ward_02_manali,13.168,80.258,ECMWF_ERA5_Reanalysis
2018-08-22,35.1,27.7,30.1,39.9,29.9,33.5,1.0,18.7,38.2,237,22.42,1004.8,ward_02_manali,13.168,80.258,ECMWF_ERA5_Reanalysis
2018-08-23,34.8,26.1,29.9,40.1,30.0,34.0,5.3,15.2,39.6,228,21.81,1005.2,ward_02_manali,13.168,80.258,ECMWF_ERA5_Reanalysis
2018-08-24,32.7,24.5,28.4,35.3,28.1,32.5,4.7,17.6,32.0,234,12.78,1005.4,ward_02_manali,13.168,80.258,ECMWF_ERA5_Reanalysis
2018-08-25,31.1,25.3,28.6,35.7,29.3,32.5,0.1,16.7,31.7,216,8.19,1004.5,ward_02_manali,13.168,80.258,ECMWF_ERA5_Reanalysis
2018-08-26,34.5,25.5,29.3,39.1,29.9,33.3,2.3,15.1,29.9,230,17.95,1003.5,ward_02_manali,13.168,80.258,ECMWF_ERA5_Reanalysis
2018-08-27,33.8,25.1,28.7,37.5,28.2,32.1,11.0,19.8,40.3,248,15.12,1004.0,ward_02_manali,13.168,80.258,ECMWF_ERA5_Reanalysis
2018-08-28,33.4,25.0,28.6,37.5,29.4,32.4,0.7,20.0,36.7,215,18.67,1004.4,ward_02_manali,13.168,80.258,ECMWF_ERA5_Reanalysis
2018-08-29,33.7,25.2,28.8,40.2,29.2,33.2,1.6,16.3,33.5,204,23.07,1005.4,ward_02_manali,13.168,80.258,ECMWF_ERA5_Reanalysis
2018-08-30,33.9,26.6,29.5,39.1,31.1,33.7,3.7,17.6,36.7,225,21.6,1004.6,ward_02_manali,13.168,80.258,ECMWF_ERA5_Reanalysis
2018-08-31,31.0,24.6,27.4,35.6,29.0,31.7,12.9,15.5,38.5,226,15.32,1005.7,ward_02_manali,13.168,80.258,ECMWF_ERA5_Reanalysis
2018-09-01,32.3,24.7,28.1,36.9,28.5,32.4,0.4,15.1,32.4,216,14.36,1006.2,ward_02_manali,13.168,80.258,ECMWF_ERA5_Reanalysis
2018-09-02,33.4,26.4,28.9,40.7,31.5,34.3,1.7,12.6,38.5,191,22.13,1006.4,ward_02_manali,13.168,80.258,ECMWF_ERA5_Reanalysis
2018-09-03,32.4,26.4,28.8,39.1,31.5,34.1,0.4,13.0,37.4,178,21.01,1006.4,ward_02_manali,13.168,80.258,ECMWF_ERA5_Reanalysis
2018-09-04,33.2,26.7,29.2,41.0,31.3,34.4,2.5,13.4,27.0,198,21.91,1006.8,ward_02_manali,13.168,80.258,ECMWF_ERA5_Reanalysis
2018-09-05,32.7,25.6,28.9,39.0,30.5,34.1,0.8,16.1,32.0,189,19.49,1006.1,ward_02_manali,13.168,80.258,ECMWF_ERA5_Reanalysis
2018-09-06,34.5,26.4,29.5,39.3,31.2,33.9,0.4,21.0,42.5,184,22.11,1004.4,ward_02_manali,13.168,80.258,ECMWF_ERA5_Reanalysis
2018-09-07,35.3,26.5,29.8,39.9,30.5,33.7,0.3,20.0,41.4,208,24.22,1005.0,ward_02_manali,13.168,80.258,ECMWF_ERA5_Reanalysis
2018-09-08,33.1,26.8,29.5,38.4,31.1,33.9,0.3,14.1,35.6,162,22.38,1005.8,ward_02_manali,13.168,80.258,ECMWF_ERA5_Reanalysis
2018-09-09,33.3,26.2,29.3,38.4,31.2,33.8,0.4,15.5,32.8,183,21.45,1006.9,ward_02_manali,13.168,80.258,ECMWF_ERA5_Reanalysis
2018-09-10,32.3,26.8,28.8,38.6,31.6,34.0,2.2,17.2,37.4,175,19.71,1009.1,ward_02_manali,13.168,80.258,ECMWF_ERA5_Reanalysis
2018-09-11,32.8,26.5,29.1,38.8,31.2,34.0,0.2,20.0,43.2,176,23.7,1009.4,ward_02_manali,13.168,80.258,ECMWF_ERA5_Reanalysis
2018-09-12,32.3,26.2,28.9,39.1,31.2,34.1,1.3,19.8,41.0,178,22.45,1008.0,ward_02_manali,13.168,80.258,ECMWF_ERA5_Reanalysis
2018-09-13,34.1,26.0,29.3,39.3,30.2,34.0,5.9,16.1,38.5,190,23.63,1006.7,ward_02_manali,13.168,80.258,ECMWF_ERA5_Reanalysis
2018-09-14,34.5,26.0,29.3,40.1,31.1,34.3,0.8,14.8,31.3,198,21.82,1006.8,ward_02_manali,13.168,80.258,ECMWF_ERA5_Reanalysis
2018-09-15,34.6,25.0,29.2,41.2,29.5,34.4,2.4,14.3,36.4,199,24.23,1006.9,ward_02_manali,13.168,80.258,ECMWF_ERA5_Reanalysis
2018-09-16,34.6,24.9,28.1,40.5,28.2,32.6,13.1,18.4,34.2,272,15.13,1005.6,ward_02_manali,13.168,80.258,ECMWF_ERA5_Reanalysis
2018-09-17,30.4,24.7,26.8,35.8,28.8,31.3,22.3,16.7,35.3,283,9.77,1005.0,ward_02_manali,13.168,80.258,ECMWF_ERA5_Reanalysis
2018-09-18,31.2,25.0,26.8,37.1,28.3,31.6,14.7,13.9,35.6,252,12.28,1004.9,ward_02_manali,13.168,80.258,ECMWF_ERA5_Reanalysis
2018-09-19,29.3,24.4,26.6,32.5,28.9,30.2,8.5,16.9,33.8,275,8.34,1004.7,ward_02_manali,13.168,80.258,ECMWF_ERA5_Reanalysis
2018-09-20,31.7,25.2,27.9,36.7,28.8,32.2,0.8,12.8,35.6,249,15.19,1002.5,ward_02_manali,13.168,80.258,ECMWF_ERA5_Reanalysis
2018-09-21,33.1,25.6,28.2,39.6,28.6,32.7,8.6,15.6,32.0,231,21.11,1003.6,ward_02_manali,13.168,80.258,ECMWF_ERA5_Reanalysis
2018-09-22,31.2,25.3,28.1,39.1,29.8,33.5,0.0,15.0,33.5,158,22.02,1007.6,ward_02_manali,13.168,80.258,ECMWF_ERA5_Reanalysis
2018-09-23,31.3,26.5,28.4,37.1,31.3,33.6,1.2,15.3,34.2,149,22.06,1009.7,ward_02_manali,13.168,80.258,ECMWF_ERA5_Reanalysis
2018-09-24,30.5,25.1,27.8,36.8,31.0,33.4,1.2,14.0,32.0,151,21.9,1009.7,ward_02_manali,13.168,80.258,ECMWF_ERA5_Reanalysis
2018-09-25,30.8,25.3,28.1,37.1,30.8,33.5,0.5,13.5,31.3,156,22.68,1008.4,ward_02_manali,13.168,80.258,ECMWF_ERA5_Reanalysis
2018-09-26,31.0,25.2,28.1,37.1,30.7,33.3,1.4,14.6,33.5,151,21.84,1007.3,ward_02_manali,13.168,80.258,ECMWF_ERA5_Reanalysis
2018-09-27,30.4,25.9,28.0,37.0,31.7,33.5,2.1,15.3,33.1,140,21.04,1007.4,ward_02_manali,13.168,80.258,ECMWF_ERA5_Reanalysis
2018-09-28,30.3,25.9,28.0,36.0,31.5,33.4,0.7,14.9,34.9,129,21.19,1007.7,ward_02_manali,13.168,80.258,ECMWF_ERA5_Reanalysis
2018-09-29,30.9,25.8,28.2,37.0,31.7,33.8,1.9,12.3,28.1,101,21.24,1008.0,ward_02_manali,13.168,80.258,ECMWF_ERA5_Reanalysis
2018-09-30,31.4,26.0,28.7,37.5,32.2,34.3,0.5,13.8,32.0,90,21.86,1007.6,ward_02_manali,13.168,80.258,ECMWF_ERA5_Reanalysis
2018-10-01,31.5,26.3,28.6,37.9,32.0,34.1,1.1,15.3,32.8,113,21.32,1007.9,ward_02_manali,13.168,80.258,ECMWF_ERA5_Reanalysis
2018-10-02,31.4,26.0,28.5,37.7,31.5,34.0,1.3,16.0,34.6,107,21.11,1008.7,ward_02_manali,13.168,80.258,ECMWF_ERA5_Reanalysis
2018-10-03,31.2,25.9,28.1,36.5,31.4,33.4,4.6,19.9,40.0,91,20.8,1008.4,ward_02_manali,13.168,80.258,ECMWF_ERA5_Reanalysis
2018-10-04,28.3,25.4,26.7,33.0,30.3,31.6,18.5,15.8,34.2,73,9.64,1008.6,ward_02_manali,13.168,80.258,ECMWF_ERA5_Reanalysis
2018-10-05,29.0,25.1,26.5,33.5,29.6,31.6,20.5,12.5,31.0,99,10.71,1009.0,ward_02_manali,13.168,80.258,ECMWF_ERA5_Reanalysis
2018-10-06,30.2,25.0,27.4,36.0,30.4,32.9,4.9,14.6,35.3,77,19.68,1008.7,ward_02_manali,13.168,80.258,ECMWF_ERA5_Reanalysis
2018-10-07,30.2,24.9,27.4,36.8,30.6,32.9,1.5,13.9,31.0,46,18.99,1008.1,ward_02_manali,13.168,80.258,ECMWF_ERA5_Reanalysis
2018-10-08,30.2,25.3,27.5,37.4,30.7,32.9,5.6,15.0,34.2,28,17.97,1007.3,ward_02_manali,13.168,80.258,ECMWF_ERA5_Reanalysis
2018-10-09,32.3,24.4,27.9,37.0,29.5,32.7,0.0,14.8,32.4,351,21.84,1006.2,ward_02_manali,13.168,80.258,ECMWF_ERA5_Reanalysis
2018-10-10,33.7,24.5,28.2,37.1,27.5,31.5,0.0,14.1,31.0,257,18.96,1004.7,ward_02_manali,13.168,80.258,ECMWF_ERA5_Reanalysis
2018-10-11,34.3,24.5,28.9,39.2,26.2,32.5,0.0,19.5,39.6,200,23.22,1004.7,ward_02_manali,13.168,80.258,ECMWF_ERA5_Reanalysis
2018-10-12,34.0,25.0,29.0,39.8,29.3,33.9,0.4,17.1,33.8,193,22.05,1006.6,ward_02_manali,13.168,80.258,ECMWF_ERA5_Reanalysis
2018-10-13,32.5,26.5,29.1,37.6,30.7,33.7,0.0,18.8,38.5,179,22.13,1008.7,ward_02_manali,13.168,80.258,ECMWF_ERA5_Reanalysis
2018-10-14,31.7,26.4,28.9,37.7,31.3,34.0,0.3,17.9,36.7,176,21.01,1009.8,ward_02_manali,13.168,80.258,ECMWF_ERA5_Reanalysis
2018-10-15,30.9,26.5,28.5,36.2,32.0,33.6,2.1,14.8,33.1,147,18.76,1010.5,ward_02_manali,13.168,80.258,ECMWF_ERA5_Reanalysis
2018-10-16,30.2,25.2,27.6,35.9,30.5,33.0,8.6,12.0,29.2,138,18.7,1011.1,ward_02_manali,13.168,80.258,ECMWF_ERA5_Reanalysis
2018-10-17,29.3,23.7,26.8,35.5,27.7,31.9,11.6,11.4,27.0,142,16.75,1010.9,ward_02_manali,13.168,80.258,ECMWF_ERA5_Reanalysis
2018-10-18,29.4,23.2,26.1,35.1,27.1,31.1,11.5,10.5,25.9,95,11.74,1010.4,ward_02_manali,13.168,80.258,ECMWF_ERA5_Reanalysis
2018-10-19,29.6,24.5,26.8,35.4,28.3,31.8,1.1,12.3,28.1,62,18.43,1010.2,ward_02_manali,13.168,80.258,ECMWF_ERA5_Reanalysis
2018-10-20,30.6,23.5,27.0,34.5,27.3,30.6,5.3,17.2,36.7,40,19.44,1011.1,ward_02_manali,13.168,80.258,ECMWF_ERA5_Reanalysis
2018-10-21,28.4,24.9,26.5,32.8,29.3,30.8,9.7,15.8,36.4,50,11.25,1011.4,ward_02_manali,13.168,80.258,ECMWF_ERA5_Reanalysis
2018-10-22,30.3,24.1,26.9,35.2,28.1,31.0,0.0,14.9,32.4,39,21.77,1011.1,ward_02_manali,13.168,80.258,ECMWF_ERA5_Reanalysis
2018-10-23,30.1,22.5,26.1,35.0,26.3,30.2,0.0,10.6,27.0,44,22.15,1011.1,ward_02_manali,13.168,80.258,ECMWF_ERA5_Reanalysis
2018-10-24,30.2,22.2,26.6,35.3,26.0,30.9,0.0,10.9,27.4,45,22.24,1010.9,ward_02_manali,13.168,80.258,ECMWF_ERA5_Reanalysis
2018-10-25,30.7,24.8,27.7,35.0,29.6,31.6,0.0,16.3,36.0,51,21.51,1011.9,ward_02_manali,13.168,80.258,ECMWF_ERA5_Reanalysis
2018-10-26,30.6,25.7,28.0,33.7,29.0,31.0,0.0,19.6,41.4,41,20.81,1012.4,ward_02_manali,13.168,80.258,ECMWF_ERA5_Reanalysis
2018-10-27,31.1,25.2,27.9,32.6,28.0,30.1,0.0,23.2,47.5,28,21.93,1011.8,ward_02_manali,13.168,80.258,ECMWF_ERA5_Reanalysis
2018-10-28,30.6,24.8,27.3,33.2,28.1,29.8,0.2,23.7,48.2,22,20.56,1010.1,ward_02_manali,13.168,80.258,ECMWF_ERA5_Reanalysis
2018-10-29,31.2,24.4,27.4,33.2,27.3,29.8,0.1,28.8,56.9,9,19.63,1008.3,ward_02_manali,13.168,80.258,ECMWF_ERA5_Reanalysis
2018-10-30,28.9,24.9,26.7,32.1,28.9,30.3,12.9,21.7,43.6,18,14.72,1008.1,ward_02_manali,13.168,80.258,ECMWF_ERA5_Reanalysis
2018-10-31,28.2,24.5,26.1,32.5,29.2,30.7,11.0,14.8,34.2,45,13.0,1008.6,ward_02_manali,13.168,80.258,ECMWF_ERA5_Reanalysis
2018-11-01,26.8,24.3,25.3,31.7,29.1,30.3,25.4,12.2,30.6,82,5.67,1009.4,ward_02_manali,13.168,80.258,ECMWF_ERA5_Reanalysis
2018-11-02,29.1,24.6,26.7,33.3,29.5,31.3,14.6,14.1,32.8,62,13.05,1009.8,ward_02_manali,13.168,80.258,ECMWF_ERA5_Reanalysis
2018-11-03,30.1,25.0,27.2,34.4,30.1,31.8,3.5,18.6,38.9,77,17.96,1010.5,ward_02_manali,13.168,80.258,ECMWF_ERA5_Reanalysis
2018-11-04,29.3,24.9,27.1,34.3,29.8,31.6,3.0,16.4,38.2,64,16.62,1011.1,ward_02_manali,13.168,80.258,ECMWF_ERA5_Reanalysis
2018-11-05,29.8,25.7,27.6,34.6,30.6,32.1,0.7,16.2,34.9,71,19.21,1010.8,ward_02_manali,13.168,80.258,ECMWF_ERA5_Reanalysis
2018-11-06,29.6,24.8,27.0,35.4,29.5,31.7,1.3,12.3,35.6,56,18.09,1011.3,ward_02_manali,13.168,80.258,ECMWF_ERA5_Reanalysis
2018-11-07,29.6,24.3,26.8,33.8,28.5,30.5,0.0,13.2,28.8,43,18.74,1011.3,ward_02_manali,13.168,80.258,ECMWF_ERA5_Reanalysis
2018-11-08,29.9,24.1,26.7,33.4,27.7,29.9,0.1,18.6,38.9,32,18.9,1010.6,ward_02_manali,13.168,80.258,ECMWF_ERA5_Reanalysis
2018-11-09,30.1,25.0,27.1,33.3,28.6,30.3,0.1,17.3,37.1,45,19.59,1009.9,ward_02_manali,13.168,80.258,ECMWF_ERA5_Reanalysis
2018-11-10,30.0,23.5,26.5,33.8,27.9,30.4,0.0,15.5,33.8,33,20.17,1010.3,ward_02_manali,13.168,80.258,ECMWF_ERA5_Reanalysis
2018-11-11,30.0,22.6,26.1,33.4,26.5,29.6,0.1,14.9,33.1,23,20.17,1010.8,ward_02_manali,13.168,80.258,ECMWF_ERA5_Reanalysis
2018-11-12,29.8,22.2,25.7,32.6,25.4,28.5,0.0,19.0,40.0,0,19.94,1009.6,ward_02_manali,13.168,80.258,ECMWF_ERA5_Reanalysis
2018-11-13,30.6,21.4,26.0,33.2,24.0,28.3,0.0,18.8,39.6,4,20.83,1008.0,ward_02_manali,13.168,80.258,ECMWF_ERA5_Reanalysis
2018-11-14,31.3,22.3,26.7,33.9,24.4,29.4,0.0,21.2,43.9,3,21.02,1007.8,ward_02_manali,13.168,80.258,ECMWF_ERA5_Reanalysis
2018-11-15,28.9,25.0,26.5,32.1,28.4,29.9,13.2,25.1,53.6,25,10.61,1008.3,ward_02_manali,13.168,80.258,ECMWF_ERA5_Reanalysis
2018-11-16,29.0,25.0,26.9,33.1,28.9,30.9,2.8,20.7,42.1,96,13.78,1010.1,ward_02_manali,13.168,80.258,ECMWF_ERA5_Reanalysis
2018-11-17,30.3,23.8,26.8,36.5,28.9,32.0,0.6,11.4,27.7,69,17.57,1010.4,ward_02_manali,13.168,80.258,ECMWF_ERA5_Reanalysis
2018-11-18,29.6,24.9,27.2,34.5,30.3,32.1,3.4,15.6,33.1,84,17.22,1010.6,ward_02_manali,13.168,80.258,ECMWF_ERA5_Reanalysis
2018-11-19,30.0,25.0,27.4,34.5,30.1,31.7,1.6,17.4,37.8,64,18.71,1011.6,ward_02_manali,13.168,80.258,ECMWF_ERA5_Reanalysis
2018-11-20,29.0,24.3,26.1,31.4,27.0,29.2,22.5,23.7,47.2,45,9.26,1011.5,ward_02_manali,13.168,80.258,ECMWF_ERA5_Reanalysis
2018-11-21,26.1,24.1,24.9,29.5,26.5,27.9,71.3,23.5,46.1,71,4.63,1010.7,ward_02_manali,13.168,80.258,ECMWF_ERA5_Reanalysis
2018-11-22,26.0,24.3,24.9,29.7,26.9,28.5,63.4,22.7,41.4,96,5.6,1012.0,ward_02_manali,13.168,80.258,ECMWF_ERA5_Reanalysis
2018-11-23,26.8,24.3,25.6,31.0,28.5,29.8,17.8,14.1,31.3,68,10.63,1013.7,ward_02_manali,13.168,80.258,ECMWF_ERA5_Reanalysis
2018-11-24,29.1,24.6,26.5,33.3,28.4,30.2,0.0,14.3,31.3,52,19.06,1014.3,ward_02_manali,13.168,80.258,ECMWF_ERA5_Reanalysis
2018-11-25,28.6,23.2,25.6,32.3,27.1,29.1,0.1,14.6,32.4,45,19.44,1013.6,ward_02_manali,13.168,80.258,ECMWF_ERA5_Reanalysis
2018-11-26,28.2,22.1,25.0,30.6,24.9,27.4,0.0,15.0,32.0,45,20.5,1012.4,ward_02_manali,13.168,80.258,ECMWF_ERA5_Reanalysis
2018-11-27,28.1,22.8,25.5,29.6,25.0,27.2,0.0,17.5,36.7,47,18.58,1013.0,ward_02_manali,13.168,80.258,ECMWF_ERA5_Reanalysis
2018-11-28,28.7,21.7,25.4,31.3,24.3,28.1,0.2,16.8,36.0,36,18.94,1012.9,ward_02_manali,13.168,80.258,ECMWF_ERA5_Reanalysis
2018-11-29,28.2,24.8,26.2,30.8,28.0,29.0,1.0,19.1,39.2,48,14.77,1013.8,ward_02_manali,13.168,80.258,ECMWF_ERA5_Reanalysis
2018-11-30,28.7,24.5,26.0,31.4,27.3,28.9,0.0,17.4,36.4,45,17.87,1013.8,ward_02_manali,13.168,80.258,ECMWF_ERA5_Reanalysis
2018-12-01,28.2,21.8,25.1,31.2,24.6,28.0,0.0,15.5,33.5,40,18.57,1012.2,ward_02_manali,13.168,80.258,ECMWF_ERA5_Reanalysis
2018-12-02,27.5,22.2,25.0,30.4,25.9,28.0,2.1,16.9,35.3,46,15.96,1010.4,ward_02_manali,13.168,80.258,ECMWF_ERA5_Reanalysis
2018-12-03,28.3,23.6,26.0,30.8,26.7,28.9,2.7,20.6,41.8,37,15.28,1010.8,ward_02_manali,13.168,80.258,ECMWF_ERA5_Reanalysis
2018-12-04,28.5,23.3,26.0,32.9,26.9,30.1,4.9,15.8,34.2,52,14.19,1011.4,ward_02_manali,13.168,80.258,ECMWF_ERA5_Reanalysis
2018-12-05,27.5,24.2,25.6,32.6,28.4,30.2,9.4,14.4,31.0,47,13.4,1011.1,ward_02_manali,13.168,80.258,ECMWF_ERA5_Reanalysis
2018-12-06,29.0,23.7,26.2,32.8,28.6,30.3,1.0,15.4,31.7,55,16.92,1010.2,ward_02_manali,13.168,80.258,ECMWF_ERA5_Reanalysis
2018-12-07,28.6,24.0,26.3,32.4,28.4,30.0,0.8,16.8,34.9,62,17.08,1010.6,ward_02_manali,13.168,80.258,ECMWF_ERA5_Reanalysis
2018-12-08,28.7,24.5,26.4,32.6,28.6,30.1,0.2,15.0,32.8,59,18.33,1011.6,ward_02_manali,13.168,80.258,ECMWF_ERA5_Reanalysis
2018-12-09,28.6,23.0,25.7,32.0,27.1,29.2,0.0,15.1,32.8,54,17.46,1011.5,ward_02_manali,13.168,80.258,ECMWF_ERA5_Reanalysis
2018-12-10,28.4,21.7,24.9,32.4,25.2,28.4,0.0,10.9,25.6,43,19.03,1011.1,ward_02_manali,13.168,80.258,ECMWF_ERA5_Reanalysis
2018-12-11,28.3,22.1,24.9,32.5,25.0,28.4,0.0,11.5,25.6,44,18.8,1011.3,ward_02_manali,13.168,80.258,ECMWF_ERA5_Reanalysis
2018-12-12,29.1,21.8,25.1,32.8,25.0,28.7,0.0,14.3,31.0,30,18.85,1011.9,ward_02_manali,13.168,80.258,ECMWF_ERA5_Reanalysis
2018-12-13,29.1,22.8,25.7,33.0,26.2,29.3,0.0,13.0,28.8,35,18.23,1012.5,ward_02_manali,13.168,80.258,ECMWF_ERA5_Reanalysis
2018-12-14,28.7,23.6,25.8,30.2,26.7,28.1,0.8,23.4,46.4,23,16.49,1012.3,ward_02_manali,13.168,80.258,ECMWF_ERA5_Reanalysis
2018-12-15,27.8,24.3,26.0,27.8,25.8,26.8,0.5,31.1,58.7,24,9.85,1011.6,ward_02_manali,13.168,80.258,ECMWF_ERA5_Reanalysis
2018-12-16,25.4,20.4,23.0,25.7,19.1,22.6,12.9,30.7,57.6,350,2.53,1010.1,ward_02_manali,13.168,80.258,ECMWF_ERA5_Reanalysis
2018-12-17,29.1,21.6,24.3,34.0,20.7,26.1,0.0,23.6,43.6,304,18.34,1009.7,ward_02_manali,13.168,80.258,ECMWF_ERA5_Reanalysis
2018-12-18,27.4,20.4,23.7,30.9,22.9,26.2,0.1,16.8,36.4,20,17.02,1012.2,ward_02_manali,13.168,80.258,ECMWF_ERA5_Reanalysis
2018-12-19,26.2,19.6,23.0,28.4,19.8,24.3,0.0,17.4,37.1,2,19.28,1013.1,ward_02_manali,13.168,80.258,ECMWF_ERA5_Reanalysis
2018-12-20,28.3,20.0,24.1,31.3,21.6,26.6,0.1,14.5,28.4,11,18.23,1013.1,ward_02_manali,13.168,80.258,ECMWF_ERA5_Reanalysis
2018-12-21,27.9,23.4,25.5,30.1,27.0,28.1,1.9,21.7,43.6,33,15.72,1012.1,ward_02_manali,13.168,80.258,ECMWF_ERA5_Reanalysis
2018-12-22,28.2,23.9,25.9,30.6,26.7,28.4,1.0,20.2,41.8,42,13.42,1012.0,ward_02_manali,13.168,80.258,ECMWF_ERA5_Reanalysis
2018-12-23,28.0,24.1,25.9,29.7,27.3,28.2,0.2,19.6,40.0,41,13.58,1012.6,ward_02_manali,13.168,80.258,ECMWF_ERA5_Reanalysis
2018-12-24,28.0,23.5,25.4,30.1,26.5,27.9,0.0,17.3,37.1,39,15.89,1012.9,ward_02_manali,13.168,80.258,ECMWF_ERA5_Reanalysis
2018-12-25,27.9,22.1,24.6,31.2,25.5,27.7,0.0,14.0,31.3,40,18.41,1012.7,ward_02_manali,13.168,80.258,ECMWF_ERA5_Reanalysis
2018-12-26,28.0,21.4,24.3,31.9,24.0,27.7,0.0,10.4,25.6,77,18.52,1012.4,ward_02_manali,13.168,80.258,ECMWF_ERA5_Reanalysis
2018-12-27,28.1,20.8,24.5,32.2,24.1,27.9,0.0,13.1,28.4,128,18.14,1011.5,ward_02_manali,13.168,80.258,ECMWF_ERA5_Reanalysis
2018-12-28,27.8,22.1,24.9,31.4,26.5,28.6,0.5,11.4,26.3,101,15.3,1011.2,ward_02_manali,13.168,80.258,ECMWF_ERA5_Reanalysis
2018-12-29,26.9,23.0,24.9,29.0,25.6,27.0,0.8,17.7,36.7,49,14.76,1013.5,ward_02_manali,13.168,80.258,ECMWF_ERA5_Reanalysis
2018-12-30,26.9,22.7,24.7,28.2,24.2,26.0,1.5,20.6,42.1,46,16.41,1015.3,ward_02_manali,13.168,80.258,ECMWF_ERA5_Reanalysis
2018-12-31,26.6,21.8,24.0,26.9,22.6,24.3,0.0,18.5,39.2,38,19.14,1016.6,ward_02_manali,13.168,80.258,ECMWF_ERA5_Reanalysis
2019-01-01,26.2,20.8,23.0,26.9,21.7,23.4,0.0,16.3,35.6,37,19.83,1016.9,ward_02_manali,13.168,80.258,ECMWF_ERA5_Reanalysis
2019-01-02,26.7,21.9,23.9,28.3,22.7,24.9,0.0,15.9,33.8,42,19.04,1016.7,ward_02_manali,13.168,80.258,ECMWF_ERA5_Reanalysis
2019-01-03,27.3,21.0,23.7,29.2,23.3,25.3,0.0,15.2,32.4,35,19.85,1017.2,ward_02_manali,13.168,80.258,ECMWF_ERA5_Reanalysis
2019-01-04,27.1,20.5,23.5,28.9,22.7,25.4,0.0,15.6,34.9,40,19.09,1016.5,ward_02_manali,13.168,80.258,ECMWF_ERA5_Reanalysis
2019-01-05,27.5,20.6,24.0,28.5,22.5,25.3,0.0,16.6,36.4,40,16.42,1015.0,ward_02_manali,13.168,80.258,ECMWF_ERA5_Reanalysis
2019-01-06,27.4,19.3,23.8,28.8,20.4,25.0,0.0,16.7,37.4,38,19.29,1013.7,ward_02_manali,13.168,80.258,ECMWF_ERA5_Reanalysis
2019-01-07,28.1,21.2,24.0,30.2,23.6,25.9,0.5,16.6,34.9,16,16.06,1012.6,ward_02_manali,13.168,80.258,ECMWF_ERA5_Reanalysis
2019-01-08,28.9,19.4,23.3,30.1,21.4,25.4,0.0,15.6,34.2,14,20.62,1013.0,ward_02_manali,13.168,80.258,ECMWF_ERA5_Reanalysis
2019-01-09,27.9,18.2,23.0,30.4,20.5,25.5,0.0,13.8,29.9,45,19.88,1013.1,ward_02_manali,13.168,80.258,ECMWF_ERA5_Reanalysis
2019-01-10,27.6,20.2,23.9,29.4,22.3,25.7,0.0,14.6,33.5,52,18.4,1013.2,ward_02_manali,13.168,80.258,ECMWF_ERA5_Reanalysis
2019-01-11,28.0,21.5,24.7,29.2,23.7,26.0,0.2,15.7,33.5,57,16.78,1013.9,ward_02_manali,13.168,80.258,ECMWF_ERA5_Reanalysis
2019-01-12,27.6,19.9,24.0,29.2,21.3,25.5,0.0,15.7,34.9,50,19.49,1014.0,ward_02_manali,13.168,80.258,ECMWF_ERA5_Reanalysis
2019-01-13,27.9,21.0,24.4,29.5,23.4,25.9,0.0,17.9,39.2,45,16.61,1014.0,ward_02_manali,13.168,80.258,ECMWF_ERA5_Reanalysis
2019-01-14,27.3,21.5,24.1,29.0,23.2,25.3,0.0,16.1,34.9,34,19.03,1013.5,ward_02_manali,13.168,80.258,ECMWF_ERA5_Reanalysis
2019-01-15,27.4,19.9,23.5,29.0,21.7,25.2,0.0,17.5,38.5,19,19.33,1013.7,ward_02_manali,13.168,80.258,ECMWF_ERA5_Reanalysis
2019-01-16,27.8,19.7,23.9,29.9,21.9,26.1,0.0,15.7,34.6,41,19.13,1013.8,ward_02_manali,13.168,80.258,ECMWF_ERA5_Reanalysis
2019-01-17,28.0,20.0,24.0,30.5,22.6,26.2,0.3,14.9,33.8,67,18.39,1012.7,ward_02_manali,13.168,80.258,ECMWF_ERA5_Reanalysis
2019-01-18,27.6,19.5,23.7,29.6,21.0,25.5,0.0,15.6,33.8,47,20.34,1012.9,ward_02_manali,13.168,80.258,ECMWF_ERA5_Reanalysis
2019-01-19,27.5,19.4,23.6,29.2,21.4,25.4,0.0,15.5,35.6,33,19.97,1013.8,ward_02_manali,13.168,80.258,ECMWF_ERA5_Reanalysis
2019-01-20,27.8,18.7,23.2,29.9,20.5,25.2,0.0,13.5,31.3,29,19.34,1014.7,ward_02_manali,13.168,80.258,ECMWF_ERA5_Reanalysis
2019-01-21,27.3,19.0,23.2,29.1,20.9,25.0,0.0,14.3,33.5,49,19.18,1013.9,ward_02_manali,13.168,80.258,ECMWF_ERA5_Reanalysis
2019-01-22,27.9,19.2,24.0,30.5,21.1,26.0,0.0,17.0,34.2,69,20.82,1013.4,ward_02_manali,13.168,80.258,ECMWF_ERA5_Reanalysis
2019-01-23,28.3,20.6,24.5,30.6,23.1,26.8,0.0,16.2,35.3,65,18.54,1012.9,ward_02_manali,13.168,80.258,ECMWF_ERA5_Reanalysis
2019-01-24,28.6,20.6,24.5,32.4,23.5,27.4,0.0,14.9,34.2,78,20.56,1013.5,ward_02_manali,13.168,80.258,ECMWF_ERA5_Reanalysis
2019-01-25,28.5,21.7,25.3,31.6,24.7,28.4,0.3,16.7,37.1,121,17.03,1012.7,ward_02_manali,13.168,80.258,ECMWF_ERA5_Reanalysis
2019-01-26,28.7,22.5,25.6,31.7,26.5,28.8,0.3,16.5,37.1,121,18.61,1012.8,ward_02_manali,13.168,80.258,ECMWF_ERA5_Reanalysis
2019-01-27,28.3,22.7,25.3,30.9,26.4,28.2,0.3,17.3,38.2,95,17.29,1013.4,ward_02_manali,13.168,80.258,ECMWF_ERA5_Reanalysis
2019-01-28,28.3,23.4,25.5,30.1,25.1,27.3,0.0,16.0,35.6,55,15.62,1014.0,ward_02_manali,13.168,80.258,ECMWF_ERA5_Reanalysis
2019-01-29,28.5,22.3,25.2,29.8,24.5,26.7,0.2,20.2,42.1,24,17.59,1014.4,ward_02_manali,13.168,80.258,ECMWF_ERA5_Reanalysis
2019-01-30,28.0,22.9,25.0,29.2,25.2,26.8,0.2,19.9,42.1,37,18.5,1014.8,ward_02_manali,13.168,80.258,ECMWF_ERA5_Reanalysis
2019-01-31,27.8,23.1,25.1,29.3,24.5,26.2,0.0,18.5,39.2,69,18.86,1014.4,ward_02_manali,13.168,80.258,ECMWF_ERA5_Reanalysis
2019-02-01,28.4,21.1,24.8,30.3,23.2,26.2,0.1,19.6,41.4,65,19.39,1014.0,ward_02_manali,13.168,80.258,ECMWF_ERA5_Reanalysis
2019-02-02,28.7,20.8,24.8,31.4,23.5,26.9,0.0,16.0,33.5,57,20.11,1013.0,ward_02_manali,13.168,80.258,ECMWF_ERA5_Reanalysis
2019-02-03,28.8,20.8,25.1,31.3,23.7,27.4,0.0,17.7,38.2,45,20.65,1014.0,ward_02_manali,13.168,80.258,ECMWF_ERA5_Reanalysis
2019-02-04,28.4,23.3,25.6,29.7,26.1,27.9,1.7,21.2,43.6,43,15.69,1015.6,ward_02_manali,13.168,80.258,ECMWF_ERA5_Reanalysis
2019-02-05,29.1,22.7,25.5,31.9,26.1,28.2,0.0,17.0,37.4,44,20.41,1015.0,ward_02_manali,13.168,80.258,ECMWF_ERA5_Reanalysis
2019-02-06,29.7,21.2,24.8,32.3,24.1,28.0,0.0,14.1,33.5,65,21.26,1012.8,ward_02_manali,13.168,80.258,ECMWF_ERA5_Reanalysis
2019-02-07,29.3,21.1,25.2,32.7,24.3,28.6,0.0,13.5,32.8,112,20.7,1012.4,ward_02_manali,13.168,80.258,ECMWF_ERA5_Reanalysis
2019-02-08,30.5,23.2,26.5,34.1,27.7,30.1,0.0,17.4,40.0,136,20.8,1012.1,ward_02_manali,13.168,80.258,ECMWF_ERA5_Reanalysis
2019-02-09,30.5,23.2,26.5,34.5,28.1,30.7,0.2,15.4,34.6,117,19.77,1012.5,ward_02_manali,13.168,80.258,ECMWF_ERA5_Reanalysis
2019-02-10,30.0,23.5,26.4,33.9,28.6,30.3,1.0,17.1,37.1,63,19.99,1014.0,ward_02_manali,13.168,80.258,ECMWF_ERA5_Reanalysis
2019-02-11,29.6,24.6,26.6,32.7,27.9,29.4,1.0,19.0,40.7,67,19.37,1014.9,ward_02_manali,13.168,80.258,ECMWF_ERA5_Reanalysis
2019-02-12,29.2,23.8,26.2,31.7,27.2,28.6,0.0,19.3,40.7,54,20.25,1015.9,ward_02_manali,13.168,80.258,ECMWF_ERA5_Reanalysis
2019-02-13,29.2,22.7,25.7,31.2,26.2,28.0,0.0,18.1,40.3,40,20.76,1016.2,ward_02_manali,13.168,80.258,ECMWF_ERA5_Reanalysis
2019-02-14,29.5,21.7,25.5,33.2,25.1,28.7,0.0,14.8,34.9,59,22.29,1013.7,ward_02_manali,13.168,80.258,ECMWF_ERA5_Reanalysis
2019-02-15,30.2,21.7,25.8,34.3,25.7,29.6,0.0,14.1,34.2,108,22.6,1013.2,ward_02_manali,13.168,80.258,ECMWF_ERA5_Reanalysis
2019-02-16,30.7,22.7,26.5,34.9,26.7,30.0,0.0,19.2,42.1,144,21.08,1012.4,ward_02_manali,13.168,80.258,ECMWF_ERA5_Reanalysis
2019-02-17,30.9,23.9,27.3,35.3,28.4,31.5,1.0,18.1,36.4,154,19.58,1011.0,ward_02_manali,13.168,80.258,ECMWF_ERA5_Reanalysis
2019-02-18,31.6,24.7,27.6,36.4,29.8,32.3,1.2,18.6,41.4,154,20.28,1009.7,ward_02_manali,13.168,80.258,ECMWF_ERA5_Reanalysis
2019-02-19,30.6,24.5,27.4,34.9,29.8,31.8,0.6,17.8,40.0,134,20.59,1011.2,ward_02_manali,13.168,80.258,ECMWF_ERA5_Reanalysis
2019-02-20,30.4,24.1,27.1,34.2,28.0,30.9,0.0,16.2,37.8,104,22.14,1014.1,ward_02_manali,13.168,80.258,ECMWF_ERA5_Reanalysis
2019-02-21,30.6,23.3,26.4,33.9,27.4,29.7,0.0,16.4,38.2,56,22.28,1015.5,ward_02_manali,13.168,80.258,ECMWF_ERA5_Reanalysis
2019-02-22,32.0,21.5,25.9,34.1,25.1,28.7,0.0,12.2,31.0,67,24.14,1013.4,ward_02_manali,13.168,80.258,ECMWF_ERA5_Reanalysis
2019-02-23,33.1,19.4,25.4,34.0,22.0,27.7,0.0,12.9,31.0,147,24.08,1011.3,ward_02_manali,13.168,80.258,ECMWF_ERA5_Reanalysis
2019-02-24,32.9,20.9,26.0,35.1,24.0,29.2,0.0,13.8,33.1,161,23.89,1010.2,ward_02_manali,13.168,80.258,ECMWF_ERA5_Reanalysis
2019-02-25,31.3,22.0,26.1,33.3,25.9,29.1,0.0,18.2,40.3,163,24.44,1009.5,ward_02_manali,13.168,80.258,ECMWF_ERA5_Reanalysis
2019-02-26,31.8,23.5,27.1,35.8,27.3,30.1,0.1,24.8,51.8,166,22.67,1008.3,ward_02_manali,13.168,80.258,ECMWF_ERA5_Reanalysis
2019-02-27,31.9,24.3,27.6,35.4,28.6,30.9,0.1,25.0,50.8,163,21.9,1007.6,ward_02_manali,13.168,80.258,ECMWF_ERA5_Reanalysis
2019-02-28,31.0,25.3,27.6,35.0,29.7,31.4,2.0,21.4,46.1,159,18.59,1008.4,ward_02_manali,13.168,80.258,ECMWF_ERA5_Reanalysis
2019-03-01,31.0,25.5,28.0,35.4,29.6,31.8,0.5,20.4,42.1,126,19.39,1009.4,ward_02_manali,13.168,80.258,ECMWF_ERA5_Reanalysis
2019-03-02,30.8,25.8,27.9,34.0,29.4,30.9,0.0,15.4,36.7,106,21.72,1010.6,ward_02_manali,13.168,80.258,ECMWF_ERA5_Reanalysis
2019-03-03,30.8,24.4,27.3,35.3,28.4,31.0,1.1,13.2,32.4,117,20.61,1009.9,ward_02_manali,13.168,80.258,ECMWF_ERA5_Reanalysis
2019-03-04,31.4,23.8,27.4,35.3,27.8,30.6,0.0,22.7,47.9,161,23.24,1008.4,ward_02_manali,13.168,80.258,ECMWF_ERA5_Reanalysis
2019-03-05,33.6,24.7,28.5,37.6,28.4,31.8,0.0,25.6,52.6,177,23.04,1007.2,ward_02_manali,13.168,80.258,ECMWF_ERA5_Reanalysis
2019-03-06,34.7,25.5,28.9,38.9,29.4,32.7,0.0,27.1,55.1,176,23.51,1007.2,ward_02_manali,13.168,80.258,ECMWF_ERA5_Reanalysis
2019-03-07,33.7,26.3,29.0,37.4,30.1,32.6,0.0,25.9,52.9,167,24.11,1007.1,ward_02_manali,13.168,80.258,ECMWF_ERA5_Reanalysis
2019-03-08,32.0,26.3,28.6,36.2,31.0,33.0,0.0,21.3,46.1,155,20.94,1009.4,ward_02_manali,13.168,80.258,ECMWF_ERA5_Reanalysis
2019-03-09,31.3,25.6,28.1,35.8,31.1,32.8,1.8,18.4,39.2,153,20.38,1011.4,ward_02_manali,13.168,80.258,ECMWF_ERA5_Reanalysis
2019-03-10,32.0,25.0,28.2,36.4,30.0,32.2,0.0,23.0,49.0,162,23.35,1011.5,ward_02_manali,13.168,80.258,ECMWF_ERA5_Reanalysis
2019-03-11,31.8,24.5,27.8,35.5,29.6,31.5,0.0,20.0,43.9,161,24.2,1012.3,ward_02_manali,13.168,80.258,ECMWF_ERA5_Reanalysis
2019-03-12,32.1,23.4,27.2,35.6,27.3,30.8,0.0,22.2,47.5,162,24.97,1012.3,ward_02_manali,13.168,80.258,ECMWF_ERA5_Reanalysis
2019-03-13,32.0,22.3,26.9,35.6,26.1,30.8,0.0,14.5,34.9,152,24.82,1012.9,ward_02_manali,13.168,80.258,ECMWF_ERA5_Reanalysis
2019-03-14,32.9,22.4,27.0,34.8,26.2,30.2,0.0,15.7,37.1,167,25.15,1012.4,ward_02_manali,13.168,80.258,ECMWF_ERA5_Reanalysis
2019-03-15,32.7,22.3,27.0,36.3,26.1,31.0,0.0,13.2,32.4,141,25.22,1012.3,ward_02_manali,13.168,80.258,ECMWF_ERA5_Reanalysis
2019-03-16,32.0,22.9,27.3,35.8,27.3,31.2,0.0,13.2,33.1,127,24.42,1012.3,ward_02_manali,13.168,80.258,ECMWF_ERA5_Reanalysis
2019-03-17,31.4,23.1,27.0,33.7,27.2,30.0,1.3,17.4,39.2,111,23.65,1012.1,ward_02_manali,13.168,80.258,ECMWF_ERA5_Reanalysis
2019-03-18,31.6,22.7,27.3,34.9,26.7,30.5,0.0,20.2,41.0,130,25.24,1011.8,ward_02_manali,13.168,80.258,ECMWF_ERA5_Reanalysis
2019-03-19,32.1,24.0,27.8,35.4,28.4,31.2,0.0,22.9,49.0,152,24.56,1009.7,ward_02_manali,13.168,80.258,ECMWF_ERA5_Reanalysis
2019-03-20,32.1,24.5,27.9,35.3,29.1,31.3,0.0,23.7,50.8,163,24.08,1009.6,ward_02_manali,13.168,80.258,ECMWF_ERA5_Reanalysis
2019-03-21,32.4,23.5,27.8,35.4,27.7,31.1,0.0,20.6,44.3,151,24.6,1010.7,ward_02_manali,13.168,80.258,ECMWF_ERA5_Reanalysis
2019-03-22,32.7,24.8,28.4,36.5,29.6,31.9,0.0,22.0,47.5,151,24.02,1011.0,ward_02_manali,13.168,80.258,ECMWF_ERA5_Reanalysis
2019-03-23,33.1,25.0,28.5,38.3,30.4,32.7,0.0,20.6,44.6,157,24.38,1010.2,ward_02_manali,13.168,80.258,ECMWF_ERA5_Reanalysis
2019-03-24,33.5,24.4,28.3,38.3,29.3,32.3,0.0,22.4,48.2,163,24.51,1009.6,ward_02_manali,13.168,80.258,ECMWF_ERA5_Reanalysis
2019-03-25,33.2,24.1,28.1,37.3,28.9,32.4,0.0,17.0,38.5,148,25.1,1009.7,ward_02_manali,13.168,80.258,ECMWF_ERA5_Reanalysis
2019-03-26,33.3,24.6,28.3,37.0,29.7,32.1,0.0,19.1,42.1,156,25.2,1010.9,ward_02_manali,13.168,80.258,ECMWF_ERA5_Reanalysis
2019-03-27,32.7,23.8,27.7,36.6,28.1,31.2,0.0,20.1,44.3,163,25.74,1012.0,ward_02_manali,13.168,80.258,ECMWF_ERA5_Reanalysis
2019-03-28,35.0,23.2,28.3,39.6,27.2,32.1,0.0,21.8,46.1,165,25.67,1010.8,ward_02_manali,13.168,80.258,ECMWF_ERA5_Reanalysis
2019-03-29,33.9,24.5,28.8,39.4,29.7,33.1,0.0,22.2,47.2,165,24.83,1008.9,ward_02_manali,13.168,80.258,ECMWF_ERA5_Reanalysis
2019-03-30,34.0,24.1,28.8,38.7,28.9,32.6,0.0,24.1,49.7,170,24.97,1008.8,ward_02_manali,13.168,80.258,ECMWF_ERA5_Reanalysis
2019-03-31,35.3,24.5,29.4,40.3,29.1,33.4,0.0,25.1,51.5,175,25.43,1008.7,ward_02_manali,13.168,80.258,ECMWF_ERA5_Reanalysis
2019-04-01,34.9,25.6,29.3,39.4,29.6,33.0,0.0,25.5,52.9,167,25.82,1009.1,ward_02_manali,13.168,80.258,ECMWF_ERA5_Reanalysis
2019-04-02,33.9,24.7,28.9,38.4,29.3,32.8,0.0,26.3,54.7,171,24.84,1008.9,ward_02_manali,13.168,80.258,ECMWF_ERA5_Reanalysis
2019-04-03,32.8,24.6,28.5,36.1,30.1,32.2,0.0,23.7,50.0,167,24.59,1009.3,ward_02_manali,13.168,80.258,ECMWF_ERA5_Reanalysis
2019-04-04,33.1,25.2,28.9,37.4,30.0,32.7,0.0,24.8,51.8,165,24.8,1010.6,ward_02_manali,13.168,80.258,ECMWF_ERA5_Reanalysis
2019-04-05,33.9,25.0,28.8,39.2,30.1,33.5,0.0,22.9,48.6,165,25.38,1010.4,ward_02_manali,13.168,80.258,ECMWF_ERA5_Reanalysis
2019-04-06,34.5,25.8,29.2,41.0,31.7,34.1,0.0,19.1,42.1,170,25.21,1009.6,ward_02_manali,13.168,80.258,ECMWF_ERA5_Reanalysis
2019-04-07,34.7,25.6,29.4,39.5,30.7,33.5,0.0,24.8,52.2,166,24.87,1008.7,ward_02_manali,13.168,80.258,ECMWF_ERA5_Reanalysis
2019-04-08,33.7,26.6,29.7,38.0,31.8,33.9,0.0,26.1,54.0,164,24.18,1007.9,ward_02_manali,13.168,80.258,ECMWF_ERA5_Reanalysis
2019-04-09,33.6,27.1,29.8,38.2,32.5,34.4,0.2,23.5,50.0,162,24.72,1008.3,ward_02_manali,13.168,80.258,ECMWF_ERA5_Reanalysis
2019-04-10,33.8,26.8,29.8,39.0,33.0,34.7,0.0,23.4,50.0,160,24.88,1008.9,ward_02_manali,13.168,80.258,ECMWF_ERA5_Reanalysis
2019-04-11,34.2,25.9,29.6,40.3,32.4,34.5,0.0,22.6,47.5,166,24.96,1008.1,ward_02_manali,13.168,80.258,ECMWF_ERA5_Reanalysis
2019-04-12,34.5,25.6,29.7,40.3,31.3,34.5,0.0,22.9,49.0,169,24.91,1007.5,ward_02_manali,13.168,80.258,ECMWF_ERA5_Reanalysis
2019-04-13,34.7,24.6,29.4,39.8,30.1,34.0,0.0,22.1,47.5,166,25.77,1008.1,ward_02_manali,13.168,80.258,ECMWF_ERA5_Reanalysis
2019-04-14,34.4,25.0,29.4,38.5,30.3,33.7,0.0,22.6,48.2,166,25.53,1008.4,ward_02_manali,13.168,80.258,ECMWF_ERA5_Reanalysis
2019-04-15,34.5,25.0,29.2,39.4,29.9,33.3,0.0,23.0,48.2,166,26.39,1008.3,ward_02_manali,13.168,80.258,ECMWF_ERA5_Reanalysis
2019-04-16,35.2,24.6,29.4,40.5,29.7,33.5,0.0,24.5,49.7,159,25.41,1007.8,ward_02_manali,13.168,80.258,ECMWF_ERA5_Reanalysis
2019-04-17,34.4,26.4,30.1,39.4,31.7,34.5,0.0,22.8,47.9,162,24.96,1008.3,ward_02_manali,13.168,80.258,ECMWF_ERA5_Reanalysis
2019-04-18,33.9,26.5,30.4,39.2,32.5,35.4,0.0,22.6,48.2,154,24.88,1008.0,ward_02_manali,13.168,80.258,ECMWF_ERA5_Reanalysis
2019-04-19,33.5,27.5,30.3,39.2,33.7,35.3,0.7,21.9,46.4,159,22.83,1007.2,ward_02_manali,13.168,80.258,ECMWF_ERA5_Reanalysis
2019-04-20,34.1,27.5,30.4,39.2,32.5,35.2,0.6,22.8,50.0,162,22.91,1006.0,ward_02_manali,13.168,80.258,ECMWF_ERA5_Reanalysis
2019-04-21,34.9,27.7,30.7,39.9,32.7,35.3,0.2,23.2,47.9,164,24.04,1005.2,ward_02_manali,13.168,80.258,ECMWF_ERA5_Reanalysis
2019-04-22,34.2,27.7,30.5,39.9,34.2,36.2,0.0,19.1,42.5,145,23.31,1005.6,ward_02_manali,13.168,80.258,ECMWF_ERA5_Reanalysis
2019-04-23,34.3,27.3,30.4,40.1,33.7,36.0,0.0,16.0,37.8,138,23.46,1007.0,ward_02_manali,13.168,80.258,ECMWF_ERA5_Reanalysis
2019-04-24,34.3,25.8,29.8,39.0,32.3,34.7,0.0,17.8,39.2,139,25.54,1007.9,ward_02_manali,13.168,80.258,ECMWF_ERA5_Reanalysis
2019-04-25,34.4,25.9,29.9,38.9,31.7,34.4,0.0,17.1,40.0,147,25.58,1007.7,ward_02_manali,13.168,80.258,ECMWF_ERA5_Reanalysis
2019-04-26,35.0,26.0,30.2,40.3,31.3,34.9,0.0,20.9,45.7,163,24.84,1006.3,ward_02_manali,13.168,80.258,ECMWF_ERA5_Reanalysis
2019-04-27,35.2,26.9,30.6,40.5,33.1,35.5,0.0,21.8,44.6,161,24.96,1005.8,ward_02_manali,13.168,80.258,ECMWF_ERA5_Reanalysis
2019-04-28,34.4,26.2,30.2,39.3,32.2,35.2,0.0,21.3,45.4,158,21.87,1006.0,ward_02_manali,13.168,80.258,ECMWF_ERA5_Reanalysis
2019-04-29,35.0,27.8,30.6,39.7,34.5,36.0,0.1,21.2,44.3,159,18.8,1005.7,ward_02_manali,13.168,80.258,ECMWF_ERA5_Reanalysis
2019-04-30,36.2,27.6,30.9,42.6,34.1,37.2,0.0,19.4,42.1,130,20.16,1003.8,ward_02_manali,13.168,80.258,ECMWF_ERA5_Reanalysis
2019-05-01,36.7,28.6,31.5,39.7,34.0,36.3,0.5,15.7,34.6,225,12.88,1002.2,ward_02_manali,13.168,80.258,ECMWF_ERA5_Reanalysis
2019-05-02,41.9,28.6,32.8,43.4,34.7,37.2,0.0,25.1,47.5,192,20.82,1001.2,ward_02_manali,13.168,80.258,ECMWF_ERA5_Reanalysis
2019-05-03,38.8,29.1,32.7,43.2,33.7,36.5,0.0,25.2,47.5,190,23.66,1003.1,ward_02_manali,13.168,80.258,ECMWF_ERA5_Reanalysis
2019-05-04,37.6,28.8,32.3,44.0,33.6,37.4,0.0,18.3,42.1,168,24.12,1005.9,ward_02_manali,13.168,80.258,ECMWF_ERA5_Reanalysis
2019-05-05,36.1,28.3,31.5,43.6,34.2,37.1,0.0,23.2,49.7,170,24.33,1007.1,ward_02_manali,13.168,80.258,ECMWF_ERA5_Reanalysis
2019-05-06,36.9,28.8,31.9,43.6,33.7,37.0,0.0,24.1,50.4,171,24.18,1005.6,ward_02_manali,13.168,80.258,ECMWF_ERA5_Reanalysis
2019-05-07,38.1,28.7,32.1,44.3,33.0,37.0,0.0,24.1,50.0,179,21.96,1004.8,ward_02_manali,13.168,80.258,ECMWF_ERA5_Reanalysis
2019-05-08,39.5,29.7,32.8,44.8,32.6,37.2,0.0,21.9,45.7,189,23.43,1004.6,ward_02_manali,13.168,80.258,ECMWF_ERA5_Reanalysis
2019-05-09,39.4,29.7,33.0,44.7,32.1,37.0,0.0,18.5,40.7,185,24.49,1003.7,ward_02_manali,13.168,80.258,ECMWF_ERA5_Reanalysis
2019-05-10,37.7,29.2,32.1,44.1,33.5,36.8,0.0,23.2,48.6,171,24.04,1004.2,ward_02_manali,13.168,80.258,ECMWF_ERA5_Reanalysis
2019-05-11,35.7,28.3,31.1,41.8,32.5,35.8,0.0,25.0,51.5,169,24.97,1005.9,ward_02_manali,13.168,80.258,ECMWF_ERA5_Reanalysis
2019-05-12,34.3,27.0,30.5,40.1,32.3,35.4,0.0,24.8,51.8,163,24.67,1005.8,ward_02_manali,13.168,80.258,ECMWF_ERA5_Reanalysis
2019-05-13,34.6,27.4,30.4,40.2,32.5,35.4,0.0,21.6,47.9,167,24.74,1005.3,ward_02_manali,13.168,80.258,ECMWF_ERA5_Reanalysis
2019-05-14,34.7,27.6,30.7,41.5,33.5,36.5,0.0,22.4,46.8,158,24.65,1005.0,ward_02_manali,13.168,80.258,ECMWF_ERA5_Reanalysis
2019-05-15,35.7,28.2,31.0,42.1,34.1,36.7,0.0,21.5,45.4,160,24.41,1005.9,ward_02_manali,13.168,80.258,ECMWF_ERA5_Reanalysis
2019-05-16,35.0,28.1,30.9,41.3,34.1,36.4,0.1,20.9,45.4,158,24.31,1007.0,ward_02_manali,13.168,80.258,ECMWF_ERA5_Reanalysis
2019-05-17,35.2,28.4,31.0,40.8,34.1,36.3,0.0,23.5,50.0,169,25.03,1006.7,ward_02_manali,13.168,80.258,ECMWF_ERA5_Reanalysis
2019-05-18,34.9,27.5,30.6,41.1,33.9,36.1,0.0,23.8,50.0,167,24.95,1005.7,ward_02_manali,13.168,80.258,ECMWF_ERA5_Reanalysis
2019-05-19,35.5,27.2,30.6,41.0,32.1,35.3,0.0,24.9,51.8,173,25.37,1005.9,ward_02_manali,13.168,80.258,ECMWF_ERA5_Reanalysis
2019-05-20,36.1,27.0,30.6,40.2,31.3,34.7,0.0,23.8,50.0,171,25.4,1006.7,ward_02_manali,13.168,80.258,ECMWF_ERA5_Reanalysis
2019-05-21,35.7,27.5,30.6,39.7,33.1,34.9,0.0,26.3,54.4,172,25.23,1006.6,ward_02_manali,13.168,80.258,ECMWF_ERA5_Reanalysis
2019-05-22,35.0,27.5,30.6,39.2,33.3,35.1,0.0,25.1,52.6,170,25.29,1006.2,ward_02_manali,13.168,80.258,ECMWF_ERA5_Reanalysis
2019-05-23,35.1,28.2,30.9,40.6,33.3,35.3,0.0,26.3,54.7,172,25.13,1005.9,ward_02_manali,13.168,80.258,ECMWF_ERA5_Reanalysis
2019-05-24,35.1,27.6,30.8,40.8,32.8,35.7,0.0,24.5,49.7,169,24.98,1006.0,ward_02_manali,13.168,80.258,ECMWF_ERA5_Reanalysis
2019-05-25,36.4,28.0,31.4,43.3,32.8,36.5,0.0,26.1,53.6,172,24.79,1004.5,ward_02_manali,13.168,80.258,ECMWF_ERA5_Reanalysis
2019-05-26,36.6,28.5,31.8,43.1,33.3,36.8,0.0,24.2,50.8,171,25.12,1003.1,ward_02_manali,13.168,80.258,ECMWF_ERA5_Reanalysis
2019-05-27,36.0,28.8,31.5,42.9,33.2,36.7,0.0,22.9,48.6,167,25.2,1003.2,ward_02_manali,13.168,80.258,ECMWF_ERA5_Reanalysis
2019-05-28,37.1,28.4,31.7,42.8,33.3,37.0,0.0,23.0,50.4,175,23.38,1003.0,ward_02_manali,13.168,80.258,ECMWF_ERA5_Reanalysis
2019-05-29,36.5,29.4,31.9,42.4,33.5,36.5,0.0,25.1,52.2,172,24.66,1002.5,ward_02_manali,13.168,80.258,ECMWF_ERA5_Reanalysis
2019-05-30,36.8,28.8,31.6,44.3,33.6,36.9,0.3,23.0,49.0,168,23.61,1002.4,ward_02_manali,13.168,80.258,ECMWF_ERA5_Reanalysis
2019-05-31,35.2,26.9,31.0,41.6,29.8,35.2,2.0,26.8,51.5,176,24.69,1002.8,ward_02_manali,13.168,80.258,ECMWF_ERA5_Reanalysis
2019-06-01,38.7,29.3,32.3,45.0,33.1,36.6,0.0,22.0,46.4,184,22.75,1003.3,ward_02_manali,13.168,80.258,ECMWF_ERA5_Reanalysis
2019-06-02,38.8,28.9,32.7,45.0,33.2,37.6,0.0,24.4,50.4,184,24.05,1002.9,ward_02_manali,13.168,80.258,ECMWF_ERA5_Reanalysis
2019-06-03,37.2,29.1,32.1,43.1,33.4,36.9,0.0,17.9,41.4,170,24.26,1003.2,ward_02_manali,13.168,80.258,ECMWF_ERA5_Reanalysis
2019-06-04,36.5,28.4,31.7,43.4,34.9,37.7,0.6,15.7,36.4,157,23.22,1003.2,ward_02_manali,13.168,80.258,ECMWF_ERA5_Reanalysis
2019-06-05,35.9,27.5,31.0,42.7,32.0,35.9,0.4,24.0,47.9,177,23.9,1003.2,ward_02_manali,13.168,80.258,ECMWF_ERA5_Reanalysis
2019-06-06,35.3,27.8,31.0,41.3,32.2,35.5,0.0,26.3,54.4,172,25.11,1003.3,ward_02_manali,13.168,80.258,ECMWF_ERA5_Reanalysis
2019-06-07,35.6,28.3,31.2,41.6,33.2,36.2,0.0,23.6,47.9,177,23.44,1003.5,ward_02_manali,13.168,80.258,ECMWF_ERA5_Reanalysis
2019-06-08,36.8,28.9,32.1,43.1,33.6,37.0,0.0,21.0,41.0,166,23.6,1003.2,ward_02_manali,13.168,80.258,ECMWF_ERA5_Reanalysis
2019-06-09,39.2,28.9,33.1,43.8,33.9,37.0,0.0,26.1,51.5,189,23.75,1002.1,ward_02_manali,13.168,80.258,ECMWF_ERA5_Reanalysis
2019-06-10,39.2,30.1,33.6,42.1,32.8,36.1,0.0,26.5,54.0,203,24.76,1001.6,ward_02_manali,13.168,80.258,ECMWF_ERA5_Reanalysis
2019-06-11,36.5,30.4,32.2,39.3,32.2,34.9,0.0,26.0,50.4,193,12.55,1001.8,ward_02_manali,13.168,80.258,ECMWF_ERA5_Reanalysis
2019-06-12,38.5,30.2,33.4,42.4,32.5,36.7,0.0,21.7,43.2,205,23.27,1002.2,ward_02_manali,13.168,80.258,ECMWF_ERA5_Reanalysis
2019-06-13,39.4,30.4,33.5,43.5,32.9,36.4,0.3,21.0,52.6,227,23.33,1003.5,ward_02_manali,13.168,80.258,ECMWF_ERA5_Reanalysis
2019-06-14,38.8,30.0,33.4,42.3,32.2,36.3,0.1,24.9,46.4,213,23.1,1003.2,ward_02_manali,13.168,80.258,ECMWF_ERA5_Reanalysis
2019-06-15,38.9,30.1,32.9,42.9,33.5,36.4,0.0,21.9,45.7,190,23.95,1003.4,ward_02_manali,13.168,80.258,ECMWF_ERA5_Reanalysis
2019-06-16,39.5,30.1,33.1,43.4,34.1,36.4,0.1,21.9,46.4,197,23.51,1003.8,ward_02_manali,13.168,80.258,ECMWF_ERA5_Reanalysis
2019-06-17,40.1,30.0,33.2,41.4,33.6,35.8,0.0,20.4,41.8,203,17.85,1004.1,ward_02_manali,13.168,80.258,ECMWF_ERA5_Reanalysis
2019-06-18,37.3,28.8,32.0,40.8,34.2,36.6,0.0,18.4,39.2,164,15.7,1003.3,ward_02_manali,13.168,80.258,ECMWF_ERA5_Reanalysis
2019-06-19,38.8,30.0,32.8,43.6,32.8,35.9,0.1,19.3,42.8,193,22.07,1002.0,ward_02_manali,13.168,80.258,ECMWF_ERA5_Reanalysis
2019-06-20,38.6,27.9,32.2,42.8,33.6,36.0,1.8,20.7,47.9,194,17.91,1002.4,ward_02_manali,13.168,80.258,ECMWF_ERA5_Reanalysis
2019-06-21,35.6,27.2,31.0,39.3,32.9,35.6,0.6,16.6,37.1,138,16.85,1002.3,ward_02_manali,13.168,80.258,ECMWF_ERA5_Reanalysis
2019-06-22,37.4,28.3,31.5,42.0,33.9,36.0,2.1,17.6,42.8,210,17.79,1002.0,ward_02_manali,13.168,80.258,ECMWF_ERA5_Reanalysis
2019-06-23,36.1,26.9,30.3,41.4,33.1,35.9,1.3,21.9,47.2,162,21.05,1001.8,ward_02_manali,13.168,80.258,ECMWF_ERA5_Reanalysis
2019-06-24,32.8,26.8,29.8,39.3,33.2,35.6,0.8,15.6,40.3,156,18.06,1003.0,ward_02_manali,13.168,80.258,ECMWF_ERA5_Reanalysis
2019-06-25,33.1,27.4,29.7,39.7,32.8,35.3,5.6,16.9,37.8,166,20.6,1004.2,ward_02_manali,13.168,80.258,ECMWF_ERA5_Reanalysis
2019-06-26,32.1,26.4,28.2,36.8,31.3,33.8,24.0,17.6,33.1,198,11.4,1005.0,ward_02_manali,13.168,80.258,ECMWF_ERA5_Reanalysis
2019-06-27,35.3,26.3,29.7,40.4,32.2,34.8,6.1,18.4,44.3,206,19.31,1003.4,ward_02_manali,13.168,80.258,ECMWF_ERA5_Reanalysis
2019-06-28,36.0,26.6,30.3,40.4,31.5,34.2,6.9,21.4,43.9,198,21.58,1003.1,ward_02_manali,13.168,80.258,ECMWF_ERA5_Reanalysis
2019-06-29,37.1,28.1,31.7,40.2,31.9,35.4,0.0,16.9,38.9,237,21.84,1002.8,ward_02_manali,13.168,80.258,ECMWF_ERA5_Reanalysis
2019-06-30,36.4,28.2,31.5,41.5,32.9,35.1,0.4,24.3,54.4,259,17.55,1002.5,ward_02_manali,13.168,80.258,ECMWF_ERA5_Reanalysis
2019-07-01,37.2,27.7,31.0,41.2,32.2,35.2,0.1,22.5,46.4,199,19.54,1001.6,ward_02_manali,13.168,80.258,ECMWF_ERA5_Reanalysis
2019-07-02,35.7,27.9,31.1,38.1,33.3,34.9,0.3,23.3,44.6,206,13.42,1001.7,ward_02_manali,13.168,80.258,ECMWF_ERA5_Reanalysis
2019-07-03,36.9,28.8,31.3,40.6,31.4,34.8,0.7,24.3,56.5,199,21.14,1002.8,ward_02_manali,13.168,80.258,ECMWF_ERA5_Reanalysis
2019-07-04,37.1,28.7,31.8,40.7,31.8,35.0,0.6,28.6,54.4,202,20.87,1002.6,ward_02_manali,13.168,80.258,ECMWF_ERA5_Reanalysis
2019-07-05,35.5,29.4,31.4,37.7,31.8,34.4,0.5,21.8,49.7,211,13.08,1002.0,ward_02_manali,13.168,80.258,ECMWF_ERA5_Reanalysis
2019-07-06,35.9,29.2,31.5,37.7,31.5,34.3,0.0,22.3,40.7,212,12.35,1002.3,ward_02_manali,13.168,80.258,ECMWF_ERA5_Reanalysis
2019-07-07,37.9,29.6,31.9,41.3,31.2,34.5,0.1,29.7,57.6,204,22.86,1003.0,ward_02_manali,13.168,80.258,ECMWF_ERA5_Reanalysis
2019-07-08,38.2,29.5,31.8,40.9,30.7,34.1,0.0,23.4,47.5,217,20.18,1004.1,ward_02_manali,13.168,80.258,ECMWF_ERA5_Reanalysis
2019-07-09,37.4,27.5,31.7,40.3,31.4,34.1,1.4,24.7,45.4,210,19.5,1004.3,ward_02_manali,13.168,80.258,ECMWF_ERA5_Reanalysis
2019-07-10,36.0,25.2,30.0,39.8,29.5,34.0,0.2,24.9,51.1,191,20.68,1004.4,ward_02_manali,13.168,80.258,ECMWF_ERA5_Reanalysis
2019-07-11,35.0,27.0,30.2,37.8,29.9,32.9,0.4,20.0,42.5,203,15.78,1005.9,ward_02_manali,13.168,80.258,ECMWF_ERA5_Reanalysis
2019-07-12,34.4,26.0,29.6,39.4,29.5,33.8,1.0,22.3,42.5,178,23.15,1007.0,ward_02_manali,13.168,80.258,ECMWF_ERA5_Reanalysis
2019-07-13,33.8,26.4,29.9,40.1,31.7,34.4,0.8,21.9,44.3,184,21.65,1007.2,ward_02_manali,13.168,80.258,ECMWF_ERA5_Reanalysis
2019-07-14,34.1,26.8,29.7,41.4,31.2,34.5,0.2,17.4,37.4,187,22.37,1006.2,ward_02_manali,13.168,80.258,ECMWF_ERA5_Reanalysis
2019-07-15,34.5,26.4,29.6,41.9,30.4,34.2,1.7,18.4,36.4,198,22.49,1004.7,ward_02_manali,13.168,80.258,ECMWF_ERA5_Reanalysis
2019-07-16,34.6,26.4,29.8,41.5,31.8,35.4,0.1,14.1,34.6,197,22.86,1004.2,ward_02_manali,13.168,80.258,ECMWF_ERA5_Reanalysis
2019-07-17,33.5,27.0,30.1,41.2,32.3,35.5,0.5,13.2,25.9,216,20.07,1003.0,ward_02_manali,13.168,80.258,ECMWF_ERA5_Reanalysis
2019-07-18,34.7,26.3,29.7,42.0,31.5,35.3,10.9,14.8,32.8,194,22.52,1001.5,ward_02_manali,13.168,80.258,ECMWF_ERA5_Reanalysis
2019-07-19,32.2,26.0,28.6,38.1,30.9,34.0,3.0,14.5,30.6,213,13.53,1000.9,ward_02_manali,13.168,80.258,ECMWF_ERA5_Reanalysis
2019-07-20,32.2,27.0,29.4,38.6,30.6,34.1,2.9,15.0,37.1,181,22.79,1001.3,ward_02_manali,13.168,80.258,ECMWF_ERA5_Reanalysis
2019-07-21,34.2,26.4,29.8,40.2,31.7,35.1,9.3,17.6,38.2,201,21.37,1002.0,ward_02_manali,13.168,80.258,ECMWF_ERA5_Reanalysis
2019-07-22,28.1,25.7,27.0,34.3,30.2,32.5,10.1,13.4,32.4,199,5.5,1002.7,ward_02_manali,13.168,80.258,ECMWF_ERA5_Reanalysis
2019-07-23,31.2,25.1,27.2,36.2,28.6,31.7,9.2,15.9,33.1,218,12.99,1003.4,ward_02_manali,13.168,80.258,ECMWF_ERA5_Reanalysis
2019-07-24,33.6,25.7,29.1,40.1,30.8,34.3,3.0,17.5,34.9,196,23.07,1004.1,ward_02_manali,13.168,80.258,ECMWF_ERA5_Reanalysis
2019-07-25,32.4,24.9,28.7,39.2,29.3,34.0,2.8,14.6,34.2,206,21.09,1005.5,ward_02_manali,13.168,80.258,ECMWF_ERA5_Reanalysis
2019-07-26,31.9,26.0,28.5,36.4,30.3,33.0,4.5,13.1,27.7,228,12.37,1005.0,ward_02_manali,13.168,80.258,ECMWF_ERA5_Reanalysis
2019-07-27,32.0,26.3,28.7,36.3,30.3,32.7,0.9,16.7,41.8,219,11.8,1004.4,ward_02_manali,13.168,80.258,ECMWF_ERA5_Reanalysis
2019-07-28,32.8,26.7,28.8,37.0,30.2,32.8,1.0,13.8,27.4,231,13.03,1004.3,ward_02_manali,13.168,80.258,ECMWF_ERA5_Reanalysis
2019-07-29,33.0,26.2,29.1,35.8,31.0,33.1,0.0,18.4,34.2,214,13.63,1004.5,ward_02_manali,13.168,80.258,ECMWF_ERA5_Reanalysis
2019-07-30,34.0,26.7,29.4,37.8,30.1,33.6,0.2,15.3,34.9,209,16.81,1005.7,ward_02_manali,13.168,80.258,ECMWF_ERA5_Reanalysis
2019-07-31,34.9,26.7,29.8,40.4,31.8,34.1,0.0,20.8,36.7,202,21.69,1005.9,ward_02_manali,13.168,80.258,ECMWF_ERA5_Reanalysis
2019-08-01,34.2,27.6,29.8,36.9,30.7,33.4,0.0,20.1,39.2,207,12.65,1005.3,ward_02_manali,13.168,80.258,ECMWF_ERA5_Reanalysis
2019-08-02,32.9,26.6,29.3,35.1,31.1,33.6,0.0,19.3,36.7,216,11.02,1005.1,ward_02_manali,13.168,80.258,ECMWF_ERA5_Reanalysis
2019-08-03,34.5,27.3,30.1,36.0,30.0,33.4,0.0,19.4,38.5,220,15.75,1004.9,ward_02_manali,13.168,80.258,ECMWF_ERA5_Reanalysis
2019-08-04,36.2,27.4,30.1,40.8,29.7,34.0,0.8,26.6,65.5,207,21.22,1004.0,ward_02_manali,13.168,80.258,ECMWF_ERA5_Reanalysis
2019-08-05,31.5,26.3,28.8,33.6,28.9,31.3,5.9,27.9,50.4,243,8.74,1003.3,ward_02_manali,13.168,80.258,ECMWF_ERA5_Reanalysis
2019-08-06,35.3,27.3,30.3,37.0,29.0,31.6,0.4,29.2,66.6,250,15.66,1002.4,ward_02_manali,13.168,80.258,ECMWF_ERA5_Reanalysis
2019-08-07,36.1,27.8,30.4,37.3,30.0,32.6,2.3,25.0,60.1,230,16.26,1001.5,ward_02_manali,13.168,80.258,ECMWF_ERA5_Reanalysis
2019-08-08,34.4,27.9,30.3,36.3,29.9,32.9,5.8,24.9,55.8,220,18.65,1001.2,ward_02_manali,13.168,80.258,ECMWF_ERA5_Reanalysis
2019-08-09,35.0,27.2,30.9,37.4,30.3,33.8,0.3,25.6,50.8,231,20.48,1002.7,ward_02_manali,13.168,80.258,ECMWF_ERA5_Reanalysis
2019-08-10,35.3,27.5,31.1,40.0,30.5,34.0,0.2,20.2,43.2,243,20.09,1003.5,ward_02_manali,13.168,80.258,ECMWF_ERA5_Reanalysis
2019-08-11,35.8,27.5,30.4,40.0,30.9,34.0,0.3,20.9,45.0,237,22.19,1003.2,ward_02_manali,13.168,80.258,ECMWF_ERA5_Reanalysis
2019-08-12,36.2,27.1,30.8,42.2,30.2,34.0,0.0,18.6,39.6,236,21.93,1002.8,ward_02_manali,13.168,80.258,ECMWF_ERA5_Reanalysis
2019-08-13,35.2,26.6,29.9,40.7,30.9,34.2,17.1,15.0,37.8,217,17.27,1003.5,ward_02_manali,13.168,80.258,ECMWF_ERA5_Reanalysis
2019-08-14,34.6,25.6,29.3,40.9,30.0,34.2,6.4,17.0,35.3,211,23.01,1004.8,ward_02_manali,13.168,80.258,ECMWF_ERA5_Reanalysis
2019-08-15,33.8,26.2,29.1,41.1,30.6,34.4,2.0,16.4,36.7,210,22.91,1005.8,ward_02_manali,13.168,80.258,ECMWF_ERA5_Reanalysis
2019-08-16,33.6,26.1,29.4,41.1,31.9,35.1,6.4,13.1,29.2,194,22.82,1005.1,ward_02_manali,13.168,80.258,ECMWF_ERA5_Reanalysis
2019-08-17,32.8,24.9,28.0,38.9,29.5,32.9,24.0,16.2,40.0,254,21.32,1004.8,ward_02_manali,13.168,80.258,ECMWF_ERA5_Reanalysis
2019-08-18,31.3,24.8,27.5,37.7,29.0,32.5,18.8,16.1,34.9,223,15.64,1006.0,ward_02_manali,13.168,80.258,ECMWF_ERA5_Reanalysis
2019-08-19,32.4,24.6,27.9,40.5,28.5,33.2,13.5,17.4,36.4,193,23.89,1006.4,ward_02_manali,13.168,80.258,ECMWF_ERA5_Reanalysis
2019-08-20,32.8,25.2,28.3,40.1,29.3,33.8,18.1,14.3,29.5,235,22.2,1005.7,ward_02_manali,13.168,80.258,ECMWF_ERA5_Reanalysis
2019-08-21,32.7,25.6,28.7,38.5,29.4,33.5,7.7,15.9,33.8,243,18.52,1004.6,ward_02_manali,13.168,80.258,ECMWF_ERA5_Reanalysis
2019-08-22,31.6,25.2,28.2,35.4,29.7,32.1,0.3,19.8,42.5,248,16.14,1004.7,ward_02_manali,13.168,80.258,ECMWF_ERA5_Reanalysis
2019-08-23,32.4,25.5,28.5,37.5,29.9,32.6,1.2,21.3,43.6,243,21.55,1005.1,ward_02_manali,13.168,80.258,ECMWF_ERA5_Reanalysis
2019-08-24,33.1,25.4,28.6,38.1,28.9,32.6,2.0,16.7,43.6,232,20.86,1005.3,ward_02_manali,13.168,80.258,ECMWF_ERA5_Reanalysis
2019-08-25,33.6,25.7,29.1,38.2,30.1,33.2,0.2,16.9,42.8,218,22.19,1004.7,ward_02_manali,13.168,80.258,ECMWF_ERA5_Reanalysis
2019-08-26,33.2,27.3,29.4,39.6,30.4,33.4,1.9,19.4,42.1,205,22.22,1004.6,ward_02_manali,13.168,80.258,ECMWF_ERA5_Reanalysis
2019-08-27,33.5,26.9,29.4,39.6,30.1,33.5,1.9,19.5,45.4,202,22.49,1004.0,ward_02_manali,13.168,80.258,ECMWF_ERA5_Reanalysis
2019-08-28,33.0,26.6,29.1,38.7,30.2,33.4,0.1,17.1,34.6,198,19.71,1004.8,ward_02_manali,13.168,80.258,ECMWF_ERA5_Reanalysis
2019-08-29,34.3,26.7,29.6,41.3,32.1,34.7,4.0,19.0,35.6,204,23.01,1004.5,ward_02_manali,13.168,80.258,ECMWF_ERA5_Reanalysis
2019-08-30,35.1,26.3,29.4,39.4,30.6,33.5,2.7,16.9,41.0,240,18.78,1002.8,ward_02_manali,13.168,80.258,ECMWF_ERA5_Reanalysis
2019-08-31,33.5,25.9,29.0,37.0,30.2,33.0,0.2,16.6,36.0,224,14.12,1002.1,ward_02_manali,13.168,80.258,ECMWF_ERA5_Reanalysis
2019-09-01,31.5,25.7,28.0,36.1,30.8,33.2,3.0,11.3,39.2,215,12.61,1004.0,ward_02_manali,13.168,80.258,ECMWF_ERA5_Reanalysis
2019-09-02,30.9,26.0,28.2,36.1,30.0,32.6,0.3,16.4,32.0,211,10.13,1004.9,ward_02_manali,13.168,80.258,ECMWF_ERA5_Reanalysis
2019-09-03,32.6,26.1,28.9,35.6,30.1,32.5,0.4,20.3,46.1,225,13.64,1004.2,ward_02_manali,13.168,80.258,ECMWF_ERA5_Reanalysis
2019-09-04,31.4,26.1,28.3,35.1,30.5,32.9,2.7,18.2,47.5,217,12.72,1003.5,ward_02_manali,13.168,80.258,ECMWF_ERA5_Reanalysis
2019-09-05,34.5,26.4,29.5,38.0,29.8,33.0,0.7,24.7,51.1,222,18.86,1003.0,ward_02_manali,13.168,80.258,ECMWF_ERA5_Reanalysis
2019-09-06,35.5,27.0,30.2,37.7,29.8,33.4,1.0,26.1,51.8,225,18.47,1002.9,ward_02_manali,13.168,80.258,ECMWF_ERA5_Reanalysis
2019-09-07,36.0,26.5,30.1,37.7,29.9,33.7,0.2,24.3,49.7,222,19.52,1003.8,ward_02_manali,13.168,80.258,ECMWF_ERA5_Reanalysis
2019-09-08,35.7,27.2,30.4,39.4,30.0,33.5,1.1,22.1,46.8,217,20.24,1004.9,ward_02_manali,13.168,80.258,ECMWF_ERA5_Reanalysis
2019-09-09,35.2,26.1,29.5,39.9,30.0,33.5,5.3,18.8,35.6,199,18.52,1005.0,ward_02_manali,13.168,80.258,ECMWF_ERA5_Reanalysis
2019-09-10,33.5,24.9,28.8,39.4,28.7,33.6,13.5,18.8,38.5,174,21.52,1005.2,ward_02_manali,13.168,80.258,ECMWF_ERA5_Reanalysis
2019-09-11,32.4,25.8,28.4,39.2,30.2,33.3,6.2,15.8,36.7,188,18.77,1006.4,ward_02_manali,13.168,80.258,ECMWF_ERA5_Reanalysis
2019-09-12,33.1,25.1,28.4,40.1,29.5,33.5,5.9,18.8,38.2,194,23.44,1007.6,ward_02_manali,13.168,80.258,ECMWF_ERA5_Reanalysis
2019-09-13,32.1,26.0,28.3,38.9,29.7,33.2,1.5,18.4,33.1,195,16.62,1008.0,ward_02_manali,13.168,80.258,ECMWF_ERA5_Reanalysis
2019-09-14,32.3,25.2,28.4,38.7,30.3,33.4,2.5,17.4,33.5,192,22.56,1007.5,ward_02_manali,13.168,80.258,ECMWF_ERA5_Reanalysis
2019-09-15,32.0,25.4,28.4,40.5,29.6,33.7,1.8,20.7,38.9,197,22.79,1006.7,ward_02_manali,13.168,80.258,ECMWF_ERA5_Reanalysis
2019-09-16,32.4,25.3,28.2,40.3,29.1,33.7,21.4,15.0,34.6,237,21.95,1004.9,ward_02_manali,13.168,80.258,ECMWF_ERA5_Reanalysis
2019-09-17,29.1,25.3,26.8,34.8,30.0,32.1,8.6,13.5,27.0,244,9.99,1004.5,ward_02_manali,13.168,80.258,ECMWF_ERA5_Reanalysis
2019-09-18,30.2,24.4,26.9,35.0,28.7,31.8,20.2,13.5,33.1,212,15.54,1004.9,ward_02_manali,13.168,80.258,ECMWF_ERA5_Reanalysis
2019-09-19,30.3,24.3,26.5,36.4,28.6,31.5,33.3,12.7,24.1,219,13.35,1006.2,ward_02_manali,13.168,80.258,ECMWF_ERA5_Reanalysis
2019-09-20,30.8,24.2,27.2,38.4,29.1,33.0,9.0,12.6,32.0,203,19.08,1006.5,ward_02_manali,13.168,80.258,ECMWF_ERA5_Reanalysis
2019-09-21,31.4,25.2,27.9,39.5,30.0,34.1,7.4,13.2,25.9,196,21.88,1005.9,ward_02_manali,13.168,80.258,ECMWF_ERA5_Reanalysis
2019-09-22,31.2,25.7,27.8,39.1,31.4,34.4,8.1,10.2,23.8,178,19.94,1006.3,ward_02_manali,13.168,80.258,ECMWF_ERA5_Reanalysis
2019-09-23,30.5,24.8,27.7,38.9,29.9,33.7,4.6,11.3,28.1,153,20.83,1006.7,ward_02_manali,13.168,80.258,ECMWF_ERA5_Reanalysis
2019-09-24,30.3,25.0,27.4,37.1,30.2,32.6,4.0,17.4,35.6,175,16.62,1006.5,ward_02_manali,13.168,80.258,ECMWF_ERA5_Reanalysis
2019-09-25,28.9,25.1,27.0,33.3,28.6,30.6,8.5,25.9,50.4,170,17.18,1008.0,ward_02_manali,13.168,80.258,ECMWF_ERA5_Reanalysis
2019-09-26,29.8,25.4,27.7,33.1,28.7,31.2,2.9,24.7,48.6,172,19.76,1011.1,ward_02_manali,13.168,80.258,ECMWF_ERA5_Reanalysis
2019-09-27,30.3,25.0,27.7,37.4,30.8,33.2,0.3,13.8,32.8,161,21.83,1012.7,ward_02_manali,13.168,80.258,ECMWF_ERA5_Reanalysis
2019-09-28,29.9,24.9,27.5,35.8,30.2,32.7,0.3,13.8,31.0,152,22.22,1011.6,ward_02_manali,13.168,80.258,ECMWF_ERA5_Reanalysis
2019-09-29,29.5,25.2,27.4,35.2,30.8,32.5,2.1,13.2,31.0,135,19.92,1011.8,ward_02_manali,13.168,80.258,ECMWF_ERA5_Reanalysis
2019-09-30,29.4,25.2,27.1,35.0,30.1,31.8,2.4,17.7,36.7,157,21.48,1011.1,ward_02_manali,13.168,80.258,ECMWF_ERA5_Reanalysis
2019-10-01,30.4,25.1,27.7,36.9,30.1,32.7,1.4,16.6,34.6,171,21.12,1010.2,ward_02_manali,13.168,80.258,ECMWF_ERA5_Reanalysis
2019-10-02,31.3,24.9,27.9,38.2,29.7,33.3,0.9,16.0,33.8,169,22.97,1010.2,ward_02_manali,13.168,80.258,ECMWF_ERA5_Reanalysis
2019-10-03,30.8,25.7,28.1,37.1,31.4,33.2,0.6,18.2,38.2,171,21.76,1009.5,ward_02_manali,13.168,80.258,ECMWF_ERA5_Reanalysis
2019-10-04,31.1,25.2,27.8,38.1,30.5,33.2,1.2,16.3,34.2,175,20.88,1009.1,ward_02_manali,13.168,80.258,ECMWF_ERA5_Reanalysis
2019-10-05,30.5,25.2,27.8,36.1,30.5,32.9,0.2,17.1,36.4,173,20.69,1008.5,ward_02_manali,13.168,80.258,ECMWF_ERA5_Reanalysis
2019-10-06,30.7,25.5,28.0,37.2,30.8,32.9,1.5,17.7,36.0,169,20.37,1009.1,ward_02_manali,13.168,80.258,ECMWF_ERA5_Reanalysis
2019-10-07,31.3,25.5,28.1,37.8,30.6,33.3,2.0,13.8,30.6,171,21.52,1009.0,ward_02_manali,13.168,80.258,ECMWF_ERA5_Reanalysis
2019-10-08,31.1,24.6,27.8,37.0,29.6,32.8,2.1,15.2,32.8,178,22.13,1008.6,ward_02_manali,13.168,80.258,ECMWF_ERA5_Reanalysis
2019-10-09,30.7,25.1,28.0,35.8,30.5,32.7,0.5,17.9,37.8,164,20.36,1008.5,ward_02_manali,13.168,80.258,ECMWF_ERA5_Reanalysis
2019-10-10,31.2,25.6,28.3,36.7,30.8,33.3,0.2,16.9,36.7,163,21.82,1008.8,ward_02_manali,13.168,80.258,ECMWF_ERA5_Reanalysis
2019-10-11,30.8,25.6,28.1,36.4,31.4,33.2,0.8,14.3,33.5,153,20.84,1008.8,ward_02_manali,13.168,80.258,ECMWF_ERA5_Reanalysis
2019-10-12,30.7,26.3,28.4,36.1,31.3,33.6,1.4,13.6,32.4,132,20.02,1008.9,ward_02_manali,13.168,80.258,ECMWF_ERA5_Reanalysis
2019-10-13,31.1,25.8,28.3,37.1,31.6,33.8,1.0,13.9,32.0,111,21.34,1009.3,ward_02_manali,13.168,80.258,ECMWF_ERA5_Reanalysis
2019-10-14,30.8,25.4,28.1,36.6,30.9,33.3,4.0,17.4,35.6,65,20.32,1009.7,ward_02_manali,13.168,80.258,ECMWF_ERA5_Reanalysis
2019-10-15,30.1,25.0,27.0,36.1,30.0,32.0,18.7,16.1,35.6,44,17.89,1009.3,ward_02_manali,13.168,80.258,ECMWF_ERA5_Reanalysis
2019-10-16,28.3,24.8,26.5,32.2,29.9,31.1,11.6,18.0,36.7,70,9.87,1009.3,ward_02_manali,13.168,80.258,ECMWF_ERA5_Reanalysis
2019-10-17,28.6,24.6,26.3,34.0,29.7,31.4,10.3,12.7,28.8,91,13.81,1009.8,ward_02_manali,13.168,80.258,ECMWF_ERA5_Reanalysis
2019-10-18,29.6,24.7,26.8,35.0,30.0,31.8,7.9,13.9,31.7,95,18.09,1009.7,ward_02_manali,13.168,80.258,ECMWF_ERA5_Reanalysis
2019-10-19,28.9,25.1,26.7,34.9,30.3,31.9,6.0,12.1,28.8,68,14.61,1010.2,ward_02_manali,13.168,80.258,ECMWF_ERA5_Reanalysis
2019-10-20,28.1,25.2,26.4,32.9,30.1,31.5,13.9,12.6,32.4,92,13.29,1009.6,ward_02_manali,13.168,80.258,ECMWF_ERA5_Reanalysis
2019-10-21,28.3,23.6,25.5,33.8,27.9,30.9,21.8,13.6,29.9,26,8.85,1008.6,ward_02_manali,13.168,80.258,ECMWF_ERA5_Reanalysis
2019-10-22,26.1,23.5,24.6,30.4,27.1,28.9,18.5,15.8,31.0,312,5.22,1006.8,ward_02_manali,13.168,80.258,ECMWF_ERA5_Reanalysis
2019-10-23,31.1,23.9,27.2,35.9,27.8,31.7,2.5,12.0,27.7,253,19.6,1006.1,ward_02_manali,13.168,80.258,ECMWF_ERA5_Reanalysis
2019-10-24,27.5,23.8,25.8,32.5,27.8,30.7,13.9,13.8,29.2,213,6.65,1007.6,ward_02_manali,13.168,80.258,ECMWF_ERA5_Reanalysis
2019-10-25,30.8,24.2,27.3,37.0,29.3,32.5,2.3,14.5,30.2,179,18.12,1008.0,ward_02_manali,13.168,80.258,ECMWF_ERA5_Reanalysis
2019-10-26,29.7,24.7,27.2,34.9,29.4,32.4,8.3,15.4,32.8,180,16.67,1009.1,ward_02_manali,13.168,80.258,ECMWF_ERA5_Reanalysis
2019-10-27,30.1,24.4,27.2,36.5,30.1,32.8,1.1,12.7,31.3,84,19.3,1009.5,ward_02_manali,13.168,80.258,ECMWF_ERA5_Reanalysis
2019-10-28,29.2,24.8,27.0,34.9,29.6,32.0,6.8,14.8,37.8,51,16.51,1009.8,ward_02_manali,13.168,80.258,ECMWF_ERA5_Reanalysis
2019-10-29,27.3,25.1,26.1,31.6,28.7,30.4,18.4,16.7,44.3,71,8.02,1010.0,ward_02_manali,13.168,80.258,ECMWF_ERA5_Reanalysis
2019-10-30,26.9,24.7,25.4,31.5,29.2,29.9,31.6,15.5,32.0,118,6.61,1010.2,ward_02_manali,13.168,80.258,ECMWF_ERA5_Reanalysis
2019-10-31,28.3,24.1,26.0,33.1,29.0,31.0,5.4,18.7,38.2,167,14.85,1009.9,ward_02_manali,13.168,80.258,ECMWF_ERA5_Reanalysis
2019-11-01,29.8,23.9,26.8,35.7,28.8,32.1,1.5,12.6,29.2,102,20.59,1009.7,ward_02_manali,13.168,80.258,ECMWF_ERA5_Reanalysis
2019-11-02,29.8,24.3,27.1,35.9,29.7,32.7,0.4,13.0,29.2,58,18.87,1010.1,ward_02_manali,13.168,80.258,ECMWF_ERA5_Reanalysis
2019-11-03,30.2,24.3,27.1,35.3,29.3,32.1,0.8,14.6,32.0,33,20.24,1011.2,ward_02_manali,13.168,80.258,ECMWF_ERA5_Reanalysis
2019-11-04,30.6,24.5,26.9,36.7,29.5,32.1,0.0,11.4,26.3,26,21.35,1011.5,ward_02_manali,13.168,80.258,ECMWF_ERA5_Reanalysis
2019-11-05,31.0,23.3,26.8,35.7,27.9,31.7,0.0,13.6,31.0,18,21.79,1009.4,ward_02_manali,13.168,80.258,ECMWF_ERA5_Reanalysis
2019-11-06,31.4,23.5,27.0,36.8,28.2,32.1,0.0,12.2,27.7,34,20.74,1007.7,ward_02_manali,13.168,80.258,ECMWF_ERA5_Reanalysis
2019-11-07,30.5,23.7,26.9,36.6,28.1,32.1,1.0,8.7,24.1,173,18.15,1007.5,ward_02_manali,13.168,80.258,ECMWF_ERA5_Reanalysis
2019-11-08,32.1,24.3,27.7,37.4,28.8,32.8,0.3,10.0,23.8,212,20.23,1008.1,ward_02_manali,13.168,80.258,ECMWF_ERA5_Reanalysis
2019-11-09,31.7,24.8,27.7,38.8,28.8,33.1,0.9,11.5,25.2,224,19.12,1008.6,ward_02_manali,13.168,80.258,ECMWF_ERA5_Reanalysis
2019-11-10,30.9,24.6,27.2,36.6,29.1,32.5,0.8,11.8,28.8,49,19.55,1008.8,ward_02_manali,13.168,80.258,ECMWF_ERA5_Reanalysis
2019-11-11,30.2,22.9,26.6,35.2,27.4,31.2,0.1,12.2,28.4,38,20.66,1009.2,ward_02_manali,13.168,80.258,ECMWF_ERA5_Reanalysis
2019-11-12,30.1,24.5,27.2,34.2,29.0,31.2,0.2,16.5,36.0,47,19.75,1010.4,ward_02_manali,13.168,80.258,ECMWF_ERA5_Reanalysis
2019-11-13,29.8,25.2,27.5,32.6,28.6,30.7,0.7,19.3,40.0,55,16.86,1011.1,ward_02_manali,13.168,80.258,ECMWF_ERA5_Reanalysis
2019-11-14,28.4,24.3,26.1,33.8,28.0,30.8,10.5,13.6,34.9,63,15.16,1011.1,ward_02_manali,13.168,80.258,ECMWF_ERA5_Reanalysis
2019-11-15,28.2,24.2,25.8,32.8,29.1,30.6,8.9,13.9,31.0,53,13.17,1011.0,ward_02_manali,13.168,80.258,ECMWF_ERA5_Reanalysis
2019-11-16,29.2,24.4,26.6,34.3,29.5,31.3,6.0,14.6,30.2,41,15.66,1010.8,ward_02_manali,13.168,80.258,ECMWF_ERA5_Reanalysis
2019-11-17,29.0,23.8,26.2,32.7,28.3,30.5,6.0,17.1,37.8,10,14.2,1010.8,ward_02_manali,13.168,80.258,ECMWF_ERA5_Reanalysis
2019-11-18,28.8,25.1,26.8,34.8,30.5,32.1,3.8,11.1,31.3,51,14.61,1010.9,ward_02_manali,13.168,80.258,ECMWF_ERA5_Reanalysis
2019-11-19,29.0,24.3,26.5,34.6,29.5,31.4,1.5,13.8,30.6,27,15.96,1010.7,ward_02_manali,13.168,80.258,ECMWF_ERA5_Reanalysis
2019-11-20,27.9,24.1,25.7,32.9,28.4,30.2,21.5,14.0,33.1,49,11.58,1010.4,ward_02_manali,13.168,80.258,ECMWF_ERA5_Reanalysis
2019-11-21,29.0,24.9,26.4,32.9,28.9,30.2,5.7,19.7,40.3,57,14.01,1011.4,ward_02_manali,13.168,80.258,ECMWF_ERA5_Reanalysis
2019-11-22,29.1,24.5,26.3,31.9,28.5,29.8,4.7,20.0,41.4,54,15.12,1012.4,ward_02_manali,13.168,80.258,ECMWF_ERA5_Reanalysis
2019-11-23,28.0,23.9,25.7,32.4,28.1,29.3,6.4,18.6,40.7,40,14.97,1012.4,ward_02_manali,13.168,80.258,ECMWF_ERA5_Reanalysis
2019-11-24,29.3,24.3,26.5,32.8,27.7,29.5,0.1,15.9,33.1,29,17.79,1011.6,ward_02_manali,13.168,80.258,ECMWF_ERA5_Reanalysis
2019-11-25,28.6,24.1,26.0,32.8,28.3,29.6,9.0,19.6,42.5,41,15.8,1011.5,ward_02_manali,13.168,80.258,ECMWF_ERA5_Reanalysis
2019-11-26,28.9,24.1,26.2,31.6,27.0,29.2,2.7,20.4,41.0,50,14.79,1010.5,ward_02_manali,13.168,80.258,ECMWF_ERA5_Reanalysis
2019-11-27,28.0,24.9,26.3,32.1,28.7,30.3,3.8,17.4,37.1,56,13.13,1010.3,ward_02_manali,13.168,80.258,ECMWF_ERA5_Reanalysis
2019-11-28,27.7,24.5,25.8,31.5,28.3,29.9,11.0,16.9,32.4,58,6.43,1011.0,ward_02_manali,13.168,80.258,ECMWF_ERA5_Reanalysis
2019-11-29,29.0,24.7,26.7,32.6,28.5,30.5,4.8,22.3,44.3,47,13.66,1010.8,ward_02_manali,13.168,80.258,ECMWF_ERA5_Reanalysis
2019-11-30,27.3,24.5,25.6,30.9,28.2,29.5,20.2,17.5,39.2,69,7.55,1011.0,ward_02_manali,13.168,80.258,ECMWF_ERA5_Reanalysis
2019-12-01,26.3,24.5,25.1,30.3,27.8,28.8,44.2,24.9,46.1,91,5.55,1011.2,ward_02_manali,13.168,80.258,ECMWF_ERA5_Reanalysis
2019-12-02,28.4,24.3,26.4,33.0,28.7,30.5,9.7,17.1,33.1,67,7.88,1011.5,ward_02_manali,13.168,80.258,ECMWF_ERA5_Reanalysis
2019-12-03,28.6,25.7,27.0,30.6,28.9,29.6,0.2,21.0,42.5,55,13.6,1011.6,ward_02_manali,13.168,80.258,ECMWF_ERA5_Reanalysis
2019-12-04,28.7,25.4,26.8,30.3,27.7,28.7,0.8,28.2,55.1,53,17.2,1012.6,ward_02_manali,13.168,80.258,ECMWF_ERA5_Reanalysis
2019-12-05,28.3,25.1,26.5,29.2,27.1,28.0,0.1,24.0,48.2,48,16.5,1013.9,ward_02_manali,13.168,80.258,ECMWF_ERA5_Reanalysis
2019-12-06,28.1,24.6,26.1,29.7,26.2,27.6,0.2,20.1,41.0,42,18.71,1013.5,ward_02_manali,13.168,80.258,ECMWF_ERA5_Reanalysis
2019-12-07,26.9,23.5,25.1,30.8,26.6,28.8,5.6,17.6,36.4,55,11.89,1012.5,ward_02_manali,13.168,80.258,ECMWF_ERA5_Reanalysis
2019-12-08,28.6,23.8,25.8,31.2,27.7,28.9,2.5,17.1,36.0,65,15.66,1013.1,ward_02_manali,13.168,80.258,ECMWF_ERA5_Reanalysis
2019-12-09,28.3,23.7,25.8,31.1,27.0,28.5,0.1,16.9,35.6,54,17.88,1013.0,ward_02_manali,13.168,80.258,ECMWF_ERA5_Reanalysis
2019-12-10,27.8,23.2,25.5,30.2,26.7,28.2,0.5,17.3,36.4,52,16.07,1011.8,ward_02_manali,13.168,80.258,ECMWF_ERA5_Reanalysis
2019-12-11,28.1,22.0,25.2,31.0,24.7,27.9,0.2,15.0,32.0,37,18.36,1010.8,ward_02_manali,13.168,80.258,ECMWF_ERA5_Reanalysis
2019-12-12,28.5,22.9,25.9,31.5,26.3,28.8,0.2,16.4,34.9,56,17.82,1010.9,ward_02_manali,13.168,80.258,ECMWF_ERA5_Reanalysis
2019-12-13,28.5,24.4,26.0,31.6,28.1,29.6,3.2,16.1,34.6,74,14.91,1011.8,ward_02_manali,13.168,80.258,ECMWF_ERA5_Reanalysis
2019-12-14,27.8,24.1,25.7,30.6,28.2,29.1,5.8,20.7,41.8,62,11.89,1013.3,ward_02_manali,13.168,80.258,ECMWF_ERA5_Reanalysis
2019-12-15,28.6,23.9,25.8,31.8,27.2,28.9,0.8,17.6,36.0,56,17.33,1012.6,ward_02_manali,13.168,80.258,ECMWF_ERA5_Reanalysis
2019-12-16,27.3,23.6,25.4,31.3,26.8,28.9,3.4,15.0,32.8,56,14.12,1012.2,ward_02_manali,13.168,80.258,ECMWF_ERA5_Reanalysis
2019-12-17,28.3,24.4,26.1,29.5,26.7,27.9,0.2,22.9,45.7,46,15.98,1013.0,ward_02_manali,13.168,80.258,ECMWF_ERA5_Reanalysis
2019-12-18,28.5,23.3,25.9,31.4,26.7,28.7,2.0,22.2,45.0,47,16.97,1013.3,ward_02_manali,13.168,80.258,ECMWF_ERA5_Reanalysis
2019-12-19,28.3,24.9,26.2,30.8,27.1,28.4,0.5,19.5,40.0,54,15.73,1012.6,ward_02_manali,13.168,80.258,ECMWF_ERA5_Reanalysis
2019-12-20,28.3,23.8,25.9,30.1,27.0,28.4,0.0,18.5,38.2,58,15.58,1011.8,ward_02_manali,13.168,80.258,ECMWF_ERA5_Reanalysis
2019-12-21,28.5,23.2,25.7,31.5,26.8,28.6,0.0,17.7,36.0,65,16.82,1012.1,ward_02_manali,13.168,80.258,ECMWF_ERA5_Reanalysis
2019-12-22,28.0,23.6,25.5,29.7,26.0,27.7,0.1,16.8,34.2,52,16.89,1012.2,ward_02_manali,13.168,80.258,ECMWF_ERA5_Reanalysis
2019-12-23,28.1,21.7,25.2,30.1,24.6,27.4,0.0,16.9,36.0,45,16.74,1012.4,ward_02_manali,13.168,80.258,ECMWF_ERA5_Reanalysis
2019-12-24,25.8,24.2,25.0,29.0,27.6,28.3,8.0,17.6,34.2,47,4.87,1012.8,ward_02_manali,13.168,80.258,ECMWF_ERA5_Reanalysis
2019-12-25,28.2,23.0,25.9,30.9,26.0,28.4,1.7,17.1,34.9,53,15.61,1012.7,ward_02_manali,13.168,80.258,ECMWF_ERA5_Reanalysis
2019-12-26,27.9,21.1,24.9,30.4,24.5,27.7,0.0,13.4,27.0,69,15.43,1012.2,ward_02_manali,13.168,80.258,ECMWF_ERA5_Reanalysis
2019-12-27,28.2,21.0,24.8,31.2,24.2,27.5,0.0,11.5,25.6,59,16.65,1011.3,ward_02_manali,13.168,80.258,ECMWF_ERA5_Reanalysis
2019-12-28,28.6,22.2,25.4,31.9,24.4,28.0,0.0,14.3,31.0,62,17.37,1011.5,ward_02_manali,13.168,80.258,ECMWF_ERA5_Reanalysis
2019-12-29,27.9,22.9,25.0,30.5,26.0,27.8,1.5,18.4,38.5,49,17.05,1012.3,ward_02_manali,13.168,80.258,ECMWF_ERA5_Reanalysis
2019-12-30,27.2,23.3,24.9,29.3,26.2,27.7,2.5,16.6,33.8,72,12.52,1012.7,ward_02_manali,13.168,80.258,ECMWF_ERA5_Reanalysis
2019-12-31,27.1,23.0,25.0,31.0,26.5,28.5,6.1,13.4,30.6,78,14.33,1013.1,ward_02_manali,13.168,80.258,ECMWF_ERA5_Reanalysis
2020-01-01,27.0,23.6,25.0,31.6,27.9,29.2,6.6,11.5,32.0,94,13.29,1013.5,ward_02_manali,13.168,80.258,ECMWF_ERA5_Reanalysis
2020-01-02,27.5,23.2,25.3,32.4,28.0,30.0,2.5,11.0,30.2,64,14.39,1014.4,ward_02_manali,13.168,80.258,ECMWF_ERA5_Reanalysis
2020-01-03,28.8,23.3,26.0,33.7,28.3,30.9,1.6,10.8,25.6,104,16.08,1012.7,ward_02_manali,13.168,80.258,ECMWF_ERA5_Reanalysis
2020-01-04,29.3,23.6,26.3,35.0,28.3,31.0,0.4,12.8,27.7,136,17.06,1011.0,ward_02_manali,13.168,80.258,ECMWF_ERA5_Reanalysis
2020-01-05,27.9,24.2,25.9,32.6,28.9,30.4,5.4,10.5,24.5,89,12.73,1011.4,ward_02_manali,13.168,80.258,ECMWF_ERA5_Reanalysis
2020-01-06,26.9,23.7,25.4,31.0,27.4,29.2,4.2,16.6,33.8,60,12.99,1013.5,ward_02_manali,13.168,80.258,ECMWF_ERA5_Reanalysis
2020-01-07,28.0,24.1,25.8,30.7,27.2,28.6,1.8,20.8,43.2,73,16.51,1013.3,ward_02_manali,13.168,80.258,ECMWF_ERA5_Reanalysis
2020-01-08,27.9,23.1,25.1,31.2,25.5,28.1,0.1,14.2,31.7,64,18.24,1012.7,ward_02_manali,13.168,80.258,ECMWF_ERA5_Reanalysis
2020-01-09,27.7,21.0,24.4,31.5,22.8,27.3,0.0,9.7,23.8,86,19.57,1012.3,ward_02_manali,13.168,80.258,ECMWF_ERA5_Reanalysis
2020-01-10,27.8,21.6,24.7,30.3,24.3,26.8,0.0,14.2,30.6,62,18.37,1012.7,ward_02_manali,13.168,80.258,ECMWF_ERA5_Reanalysis
2020-01-11,27.8,21.3,24.8,29.8,23.5,27.0,0.0,16.3,35.3,45,17.77,1013.6,ward_02_manali,13.168,80.258,ECMWF_ERA5_Reanalysis
2020-01-12,26.7,22.2,24.7,29.2,25.6,27.6,1.1,16.6,34.6,42,13.81,1012.5,ward_02_manali,13.168,80.258,ECMWF_ERA5_Reanalysis
2020-01-13,28.0,21.2,24.2,31.4,24.8,27.3,0.1,13.4,29.5,48,18.48,1011.4,ward_02_manali,13.168,80.258,ECMWF_ERA5_Reanalysis
2020-01-14,27.4,19.3,23.6,30.2,21.6,25.6,0.0,12.6,28.1,61,20.02,1011.6,ward_02_manali,13.168,80.258,ECMWF_ERA5_Reanalysis
2020-01-15,27.9,22.5,24.9,29.4,24.3,26.5,0.0,13.9,31.0,71,16.96,1011.9,ward_02_manali,13.168,80.258,ECMWF_ERA5_Reanalysis
2020-01-16,28.4,22.1,25.2,31.5,24.6,27.6,0.0,14.6,33.8,95,18.82,1011.9,ward_02_manali,13.168,80.258,ECMWF_ERA5_Reanalysis
2020-01-17,27.7,21.7,24.9,31.6,24.2,28.2,2.3,14.8,32.8,88,15.6,1012.1,ward_02_manali,13.168,80.258,ECMWF_ERA5_Reanalysis
2020-01-18,27.9,24.3,25.8,30.4,27.8,29.1,10.1,15.7,33.1,85,13.06,1012.0,ward_02_manali,13.168,80.258,ECMWF_ERA5_Reanalysis
2020-01-19,28.7,24.2,26.0,32.7,27.6,29.4,0.1,11.6,29.9,72,17.49,1012.5,ward_02_manali,13.168,80.258,ECMWF_ERA5_Reanalysis
2020-01-20,28.8,21.4,25.4,33.2,25.0,28.9,0.0,13.0,29.2,64,20.13,1013.2,ward_02_manali,13.168,80.258,ECMWF_ERA5_Reanalysis
2020-01-21,28.5,22.3,25.5,30.7,25.7,27.9,0.0,15.8,34.2,62,18.99,1014.7,ward_02_manali,13.168,80.258,ECMWF_ERA5_Reanalysis
2020-01-22,28.5,22.7,25.9,30.3,25.3,28.0,0.0,19.5,40.7,55,17.06,1015.0,ward_02_manali,13.168,80.258,ECMWF_ERA5_Reanalysis
2020-01-23,28.3,22.7,25.7,31.6,25.8,28.4,0.1,15.5,34.2,51,19.37,1013.9,ward_02_manali,13.168,80.258,ECMWF_ERA5_Reanalysis
2020-01-24,28.6,20.4,23.9,32.1,22.4,26.7,0.0,12.6,29.2,36,21.34,1013.4,ward_02_manali,13.168,80.258,ECMWF_ERA5_Reanalysis
2020-01-25,28.5,19.3,23.2,32.2,21.8,26.1,0.0,12.6,29.2,45,20.85,1013.2,ward_02_manali,13.168,80.258,ECMWF_ERA5_Reanalysis
2020-01-26,28.7,19.7,23.5,33.1,21.7,26.5,0.0,12.0,27.0,166,21.08,1012.0,ward_02_manali,13.168,80.258,ECMWF_ERA5_Reanalysis
2020-01-27,28.9,20.6,24.4,32.5,23.3,27.2,0.0,16.9,36.7,180,20.96,1011.6,ward_02_manali,13.168,80.258,ECMWF_ERA5_Reanalysis
2020-01-28,29.6,21.3,25.6,33.6,24.4,28.6,0.0,17.8,37.1,164,20.6,1011.7,ward_02_manali,13.168,80.258,ECMWF_ERA5_Reanalysis
2020-01-29,29.5,22.5,25.6,33.9,25.7,28.9,0.0,16.7,36.0,160,21.05,1012.6,ward_02_manali,13.168,80.258,ECMWF_ERA5_Reanalysis
2020-01-30,29.7,21.7,25.2,33.8,24.7,28.5,0.0,16.2,34.9,164,21.03,1011.7,ward_02_manali,13.168,80.258,ECMWF_ERA5_Reanalysis
2020-01-31,29.4,22.2,25.6,33.5,25.8,28.9,0.0,14.8,34.2,146,20.82,1010.9,ward_02_manali,13.168,80.258,ECMWF_ERA5_Reanalysis
2020-02-01,29.6,23.4,26.3,32.6,27.1,29.4,0.1,15.5,34.9,137,20.02,1011.7,ward_02_manali,13.168,80.258,ECMWF_ERA5_Reanalysis
2020-02-02,29.3,23.7,26.2,32.7,27.4,29.2,0.2,16.4,35.6,111,20.71,1013.6,ward_02_manali,13.168,80.258,ECMWF_ERA5_Reanalysis
2020-02-03,28.9,22.1,25.6,32.2,25.0,28.5,0.0,14.6,33.1,81,21.05,1014.0,ward_02_manali,13.168,80.258,ECMWF_ERA5_Reanalysis
2020-02-04,29.1,22.5,25.8,32.7,25.7,29.0,1.3,13.0,31.0,94,19.49,1012.5,ward_02_manali,13.168,80.258,ECMWF_ERA5_Reanalysis
2020-02-05,29.4,22.1,25.6,32.6,24.9,28.4,0.0,12.2,28.8,108,21.66,1012.5,ward_02_manali,13.168,80.258,ECMWF_ERA5_Reanalysis
2020-02-06,29.3,21.5,25.3,32.5,24.6,28.1,0.0,16.0,35.6,147,21.11,1012.5,ward_02_manali,13.168,80.258,ECMWF_ERA5_Reanalysis
2020-02-07,29.4,23.1,26.4,31.8,26.3,28.2,0.0,20.9,41.4,147,20.15,1012.8,ward_02_manali,13.168,80.258,ECMWF_ERA5_Reanalysis
2020-02-08,29.5,22.9,26.3,31.4,26.4,28.4,0.0,18.7,40.3,151,20.91,1013.0,ward_02_manali,13.168,80.258,ECMWF_ERA5_Reanalysis
2020-02-09,28.4,25.4,26.5,31.2,27.6,28.7,1.0,15.6,33.8,104,16.53,1013.5,ward_02_manali,13.168,80.258,ECMWF_ERA5_Reanalysis
2020-02-10,29.5,24.6,26.7,31.4,26.5,28.3,0.0,16.9,36.4,79,21.77,1013.6,ward_02_manali,13.168,80.258,ECMWF_ERA5_Reanalysis
2020-02-11,29.1,24.1,26.3,31.8,26.9,28.8,1.0,18.4,40.7,72,19.0,1013.8,ward_02_manali,13.168,80.258,ECMWF_ERA5_Reanalysis
2020-02-12,29.4,24.1,26.5,31.9,27.2,29.1,0.4,17.8,38.9,55,18.99,1014.8,ward_02_manali,13.168,80.258,ECMWF_ERA5_Reanalysis
2020-02-13,30.0,23.5,26.1,33.0,27.2,29.3,0.0,16.3,36.4,48,22.13,1014.0,ward_02_manali,13.168,80.258,ECMWF_ERA5_Reanalysis
2020-02-14,31.2,21.1,25.4,34.4,24.3,28.5,0.0,15.0,34.2,98,23.3,1011.8,ward_02_manali,13.168,80.258,ECMWF_ERA5_Reanalysis
2020-02-15,30.5,20.1,24.8,33.4,23.0,27.2,0.0,12.1,29.5,128,23.77,1011.7,ward_02_manali,13.168,80.258,ECMWF_ERA5_Reanalysis
2020-02-16,29.2,20.0,24.7,32.5,21.2,27.0,0.0,12.5,31.7,119,23.55,1013.3,ward_02_manali,13.168,80.258,ECMWF_ERA5_Reanalysis
2020-02-17,29.6,21.8,25.1,32.1,24.1,27.5,0.0,12.4,31.3,106,23.71,1014.1,ward_02_manali,13.168,80.258,ECMWF_ERA5_Reanalysis
2020-02-18,29.4,20.5,24.7,32.0,22.1,26.7,0.0,13.2,32.4,132,23.36,1013.6,ward_02_manali,13.168,80.258,ECMWF_ERA5_Reanalysis
2020-02-19,29.4,21.5,25.3,32.1,23.5,27.3,0.0,14.1,33.5,102,22.72,1013.5,ward_02_manali,13.168,80.258,ECMWF_ERA5_Reanalysis
2020-02-20,29.8,21.4,25.6,32.1,22.9,27.3,0.0,14.8,32.8,93,22.68,1013.2,ward_02_manali,13.168,80.258,ECMWF_ERA5_Reanalysis
2020-02-21,30.4,20.9,26.0,33.3,23.2,28.4,0.0,17.6,38.5,60,22.35,1014.4,ward_02_manali,13.168,80.258,ECMWF_ERA5_Reanalysis
2020-02-22,29.9,24.5,26.8,32.6,28.0,29.6,0.2,19.7,42.8,63,20.58,1015.2,ward_02_manali,13.168,80.258,ECMWF_ERA5_Reanalysis
2020-02-23,29.7,23.5,26.6,32.7,27.5,29.7,0.2,17.3,38.9,78,19.79,1014.4,ward_02_manali,13.168,80.258,ECMWF_ERA5_Reanalysis
2020-02-24,30.2,22.5,26.5,33.9,25.8,30.2,0.3,14.3,34.6,96,21.37,1011.9,ward_02_manali,13.168,80.258,ECMWF_ERA5_Reanalysis
2020-02-25,30.6,24.2,27.0,34.2,28.5,30.6,0.2,17.1,38.2,132,22.03,1010.4,ward_02_manali,13.168,80.258,ECMWF_ERA5_Reanalysis
2020-02-26,30.6,24.2,27.1,34.6,28.4,31.0,0.2,15.9,36.7,121,21.07,1010.9,ward_02_manali,13.168,80.258,ECMWF_ERA5_Reanalysis
2020-02-27,30.4,23.5,27.1,34.9,27.4,30.7,0.0,16.3,38.2,88,22.15,1011.3,ward_02_manali,13.168,80.258,ECMWF_ERA5_Reanalysis
2020-02-28,30.2,24.8,27.0,33.9,28.2,30.3,0.4,17.4,38.5,102,21.2,1010.6,ward_02_manali,13.168,80.258,ECMWF_ERA5_Reanalysis
2020-02-29,30.1,23.9,26.9,33.8,27.5,30.0,0.2,15.7,36.0,110,21.68,1010.5,ward_02_manali,13.168,80.258,ECMWF_ERA5_Reanalysis
2020-03-01,30.1,24.2,26.8,33.7,27.3,29.8,0.4,14.7,34.9,112,23.09,1010.7,ward_02_manali,13.168,80.258,ECMWF_ERA5_Reanalysis
2020-03-02,30.2,23.0,26.3,33.5,25.7,29.1,0.0,15.5,34.9,114,20.53,1011.0,ward_02_manali,13.168,80.258,ECMWF_ERA5_Reanalysis
2020-03-03,31.7,22.9,26.9,36.3,25.9,30.1,0.0,15.3,35.3,117,23.68,1010.3,ward_02_manali,13.168,80.258,ECMWF_ERA5_Reanalysis
2020-03-04,31.6,22.9,26.8,36.8,27.2,30.5,0.0,18.7,37.8,145,22.73,1009.7,ward_02_manali,13.168,80.258,ECMWF_ERA5_Reanalysis
2020-03-05,30.9,23.5,27.2,33.5,27.8,30.2,0.0,24.4,50.4,164,20.98,1009.1,ward_02_manali,13.168,80.258,ECMWF_ERA5_Reanalysis
2020-03-06,29.9,24.9,27.5,32.4,28.6,30.4,0.9,21.9,45.4,160,17.58,1009.8,ward_02_manali,13.168,80.258,ECMWF_ERA5_Reanalysis
2020-03-07,30.0,26.2,27.6,32.3,29.2,30.5,0.8,22.8,47.9,153,18.19,1011.2,ward_02_manali,13.168,80.258,ECMWF_ERA5_Reanalysis
2020-03-08,30.3,23.7,27.2,34.1,27.5,30.5,0.6,18.9,41.8,130,22.2,1010.9,ward_02_manali,13.168,80.258,ECMWF_ERA5_Reanalysis
2020-03-09,30.8,23.4,26.8,34.2,27.2,30.1,0.0,17.1,37.8,141,23.0,1009.8,ward_02_manali,13.168,80.258,ECMWF_ERA5_Reanalysis
2020-03-10,31.1,23.9,27.1,35.1,27.8,30.4,0.0,17.7,38.9,142,24.04,1010.1,ward_02_manali,13.168,80.258,ECMWF_ERA5_Reanalysis
2020-03-11,30.8,23.7,26.9,34.0,27.9,29.9,0.1,21.9,46.4,155,22.6,1010.5,ward_02_manali,13.168,80.258,ECMWF_ERA5_Reanalysis
2020-03-12,31.5,23.1,27.2,35.0,27.3,30.6,0.0,19.8,43.2,152,22.52,1011.5,ward_02_manali,13.168,80.258,ECMWF_ERA5_Reanalysis
2020-03-13,31.2,23.6,27.4,35.8,27.5,31.1,0.0,16.8,38.2,128,23.39,1011.6,ward_02_manali,13.168,80.258,ECMWF_ERA5_Reanalysis
2020-03-14,31.3,23.9,27.4,35.7,28.0,31.2,0.0,16.5,38.2,110,23.41,1010.6,ward_02_manali,13.168,80.258,ECMWF_ERA5_Reanalysis
2020-03-15,31.3,24.2,27.7,34.9,28.2,31.3,0.0,15.7,37.1,97,24.4,1010.5,ward_02_manali,13.168,80.258,ECMWF_ERA5_Reanalysis
2020-03-16,31.7,25.8,28.2,36.0,30.2,32.1,0.0,15.9,37.1,86,23.82,1011.5,ward_02_manali,13.168,80.258,ECMWF_ERA5_Reanalysis
2020-03-17,32.0,24.6,27.8,36.2,29.3,32.0,0.0,15.6,37.4,122,24.28,1012.8,ward_02_manali,13.168,80.258,ECMWF_ERA5_Reanalysis
2020-03-18,32.2,24.0,27.7,36.4,28.3,32.1,0.0,16.1,37.1,137,24.46,1011.9,ward_02_manali,13.168,80.258,ECMWF_ERA5_Reanalysis
2020-03-19,33.2,24.8,28.2,37.4,30.0,32.2,0.0,20.9,44.6,156,24.35,1010.6,ward_02_manali,13.168,80.258,ECMWF_ERA5_Reanalysis
2020-03-20,32.3,23.9,27.9,37.4,28.6,31.7,0.0,22.2,46.4,154,24.02,1010.4,ward_02_manali,13.168,80.258,ECMWF_ERA5_Reanalysis
2020-03-21,32.3,25.2,28.2,36.0,30.0,31.8,0.0,24.3,50.8,163,22.89,1010.2,ward_02_manali,13.168,80.258,ECMWF_ERA5_Reanalysis
2020-03-22,32.2,25.5,28.3,35.9,29.9,31.9,0.0,19.8,44.3,154,22.15,1010.1,ward_02_manali,13.168,80.258,ECMWF_ERA5_Reanalysis
2020-03-23,31.8,24.8,28.0,34.6,29.3,31.3,0.0,19.4,43.6,147,24.16,1010.2,ward_02_manali,13.168,80.258,ECMWF_ERA5_Reanalysis
2020-03-24,31.6,24.2,27.8,35.8,28.5,31.6,0.0,16.4,37.4,131,24.42,1009.0,ward_02_manali,13.168,80.258,ECMWF_ERA5_Reanalysis
2020-03-25,32.0,23.5,27.7,35.6,28.2,31.5,0.0,17.3,39.2,142,24.56,1008.9,ward_02_manali,13.168,80.258,ECMWF_ERA5_Reanalysis
2020-03-26,32.1,23.8,28.0,36.7,28.4,32.0,0.0,15.7,37.1,114,24.35,1009.6,ward_02_manali,13.168,80.258,ECMWF_ERA5_Reanalysis
2020-03-27,32.4,24.6,27.9,36.6,29.1,31.8,0.0,16.3,37.1,134,25.29,1011.3,ward_02_manali,13.168,80.258,ECMWF_ERA5_Reanalysis
2020-03-28,33.0,22.9,27.4,36.7,26.8,31.0,0.0,16.1,36.7,148,25.99,1010.1,ward_02_manali,13.168,80.258,ECMWF_ERA5_Reanalysis
2020-03-29,33.1,22.6,27.8,37.6,26.8,31.4,0.0,17.7,40.3,161,25.48,1009.2,ward_02_manali,13.168,80.258,ECMWF_ERA5_Reanalysis
2020-03-30,32.3,22.6,27.2,36.3,26.4,31.2,0.0,17.7,38.9,154,25.96,1009.8,ward_02_manali,13.168,80.258,ECMWF_ERA5_Reanalysis
2020-03-31,32.8,22.9,27.6,37.0,27.4,31.9,0.0,15.6,37.1,151,25.61,1010.4,ward_02_manali,13.168,80.258,ECMWF_ERA5_Reanalysis
2020-04-01,33.7,23.5,28.2,38.8,28.2,32.5,0.0,17.6,39.6,159,25.37,1009.6,ward_02_manali,13.168,80.258,ECMWF_ERA5_Reanalysis
2020-04-02,33.9,24.7,28.7,38.3,29.4,32.9,0.0,20.2,44.6,167,25.37,1008.5,ward_02_manali,13.168,80.258,ECMWF_ERA5_Reanalysis
2020-04-03,33.1,24.6,28.8,37.9,29.4,32.8,0.0,21.1,43.9,153,25.08,1009.2,ward_02_manali,13.168,80.258,ECMWF_ERA5_Reanalysis
2020-04-04,32.7,24.8,28.6,36.8,30.1,32.7,0.0,17.4,38.9,137,25.15,1010.2,ward_02_manali,13.168,80.258,ECMWF_ERA5_Reanalysis
2020-04-05,32.8,26.5,29.4,37.9,31.6,34.0,0.9,20.0,41.8,155,22.39,1010.6,ward_02_manali,13.168,80.258,ECMWF_ERA5_Reanalysis
2020-04-06,33.5,27.0,29.6,38.4,32.5,34.5,1.6,22.4,47.9,157,23.35,1010.3,ward_02_manali,13.168,80.258,ECMWF_ERA5_Reanalysis
2020-04-07,33.3,26.9,29.5,37.7,32.5,34.0,0.0,23.5,49.3,165,21.8,1009.0,ward_02_manali,13.168,80.258,ECMWF_ERA5_Reanalysis
2020-04-08,34.0,27.0,29.8,39.3,32.5,34.6,0.4,24.5,51.8,170,23.36,1009.2,ward_02_manali,13.168,80.258,ECMWF_ERA5_Reanalysis
2020-04-09,32.9,27.2,29.5,37.8,32.2,34.3,2.1,18.4,41.0,156,20.13,1009.7,ward_02_manali,13.168,80.258,ECMWF_ERA5_Reanalysis
2020-04-10,33.5,25.6,29.1,37.5,31.0,33.3,0.1,19.9,43.6,148,24.29,1010.5,ward_02_manali,13.168,80.258,ECMWF_ERA5_Reanalysis
2020-04-11,32.8,26.7,29.1,37.8,31.8,33.8,0.4,15.8,38.2,131,24.5,1011.5,ward_02_manali,13.168,80.258,ECMWF_ERA5_Reanalysis
2020-04-12,33.2,25.0,28.5,38.9,30.1,33.1,0.0,17.5,40.7,153,25.07,1010.6,ward_02_manali,13.168,80.258,ECMWF_ERA5_Reanalysis
2020-04-13,33.2,24.0,28.2,38.6,29.3,32.8,0.0,17.5,41.0,160,26.05,1009.0,ward_02_manali,13.168,80.258,ECMWF_ERA5_Reanalysis
2020-04-14,33.1,24.2,28.3,37.3,29.3,32.7,0.0,16.8,36.7,143,25.76,1009.4,ward_02_manali,13.168,80.258,ECMWF_ERA5_Reanalysis
2020-04-15,33.0,25.0,28.7,37.6,30.3,33.0,0.0,18.1,41.4,150,25.97,1010.4,ward_02_manali,13.168,80.258,ECMWF_ERA5_Reanalysis
2020-04-16,33.7,24.9,29.0,38.6,30.0,33.5,0.0,22.7,49.7,164,25.66,1009.1,ward_02_manali,13.168,80.258,ECMWF_ERA5_Reanalysis
2020-04-17,33.9,26.6,29.7,39.0,31.8,34.1,0.0,23.4,50.0,162,24.74,1008.4,ward_02_manali,13.168,80.258,ECMWF_ERA5_Reanalysis
2020-04-18,33.4,26.4,29.7,38.4,32.2,34.1,0.0,22.7,48.2,160,24.91,1008.8,ward_02_manali,13.168,80.258,ECMWF_ERA5_Reanalysis
2020-04-19,33.5,27.0,29.8,38.4,32.7,34.5,0.2,20.2,44.6,149,25.05,1008.8,ward_02_manali,13.168,80.258,ECMWF_ERA5_Reanalysis
2020-04-20,33.6,26.9,29.7,38.4,32.6,34.6,0.4,19.9,43.2,147,25.44,1008.7,ward_02_manali,13.168,80.258,ECMWF_ERA5_Reanalysis
2020-04-21,33.5,26.1,29.6,38.3,32.0,34.2,0.0,18.4,41.8,153,25.04,1008.6,ward_02_manali,13.168,80.258,ECMWF_ERA5_Reanalysis
2020-04-22,34.1,26.0,29.7,38.6,31.6,34.1,0.0,25.8,53.6,165,24.25,1008.1,ward_02_manali,13.168,80.258,ECMWF_ERA5_Reanalysis
2020-04-23,34.3,26.8,29.9,39.8,32.6,34.6,0.1,23.7,49.3,164,24.47,1007.7,ward_02_manali,13.168,80.258,ECMWF_ERA5_Reanalysis
2020-04-24,34.6,27.0,30.3,39.2,32.4,34.6,0.3,25.8,53.6,171,24.29,1007.2,ward_02_manali,13.168,80.258,ECMWF_ERA5_Reanalysis
2020-04-25,35.5,28.2,30.8,42.1,33.1,35.7,0.0,25.4,52.6,167,23.67,1006.8,ward_02_manali,13.168,80.258,ECMWF_ERA5_Reanalysis
2020-04-26,34.5,26.7,30.2,39.6,31.9,34.6,0.4,24.8,50.4,167,20.94,1008.0,ward_02_manali,13.168,80.258,ECMWF_ERA5_Reanalysis
2020-04-27,33.7,28.1,30.2,39.3,33.0,35.1,2.0,19.3,41.0,158,20.19,1008.9,ward_02_manali,13.168,80.258,ECMWF_ERA5_Reanalysis
2020-04-28,33.3,27.8,30.1,38.8,33.7,35.1,0.8,18.4,39.6,157,21.69,1008.4,ward_02_manali,13.168,80.258,ECMWF_ERA5_Reanalysis
2020-04-29,34.8,27.3,29.7,39.6,31.3,34.7,0.0,13.7,30.2,201,15.43,1008.2,ward_02_manali,13.168,80.258,ECMWF_ERA5_Reanalysis
2020-04-30,33.7,26.7,29.9,39.4,33.3,35.3,0.0,20.6,42.5,156,23.07,1008.5,ward_02_manali,13.168,80.258,ECMWF_ERA5_Reanalysis
2020-05-01,35.0,27.0,30.5,41.4,33.6,35.9,0.0,19.6,43.2,164,24.12,1007.9,ward_02_manali,13.168,80.258,ECMWF_ERA5_Reanalysis
2020-05-02,34.7,27.2,30.6,41.0,33.4,36.2,0.0,19.6,42.5,159,23.4,1006.6,ward_02_manali,13.168,80.258,ECMWF_ERA5_Reanalysis
2020-05-03,34.4,27.4,30.4,40.3,33.6,35.8,0.0,21.6,46.1,162,25.0,1006.5,ward_02_manali,13.168,80.258,ECMWF_ERA5_Reanalysis
2020-05-04,34.2,26.3,30.0,40.0,32.4,34.9,0.0,22.4,47.9,161,25.04,1007.6,ward_02_manali,13.168,80.258,ECMWF_ERA5_Reanalysis
2020-05-05,34.2,27.1,30.2,39.5,33.1,35.2,0.0,22.4,47.9,162,24.64,1007.3,ward_02_manali,13.168,80.258,ECMWF_ERA5_Reanalysis
2020-05-06,34.2,26.9,30.4,40.0,33.1,35.1,0.0,22.4,48.2,164,25.01,1007.0,ward_02_manali,13.168,80.258,ECMWF_ERA5_Reanalysis
2020-05-07,34.6,26.8,30.4,39.8,33.1,35.7,0.1,23.5,49.7,157,24.23,1007.2,ward_02_manali,13.168,80.258,ECMWF_ERA5_Reanalysis
2020-05-08,34.8,27.6,30.6,40.3,33.7,36.0,0.2,19.9,43.6,159,24.2,1007.3,ward_02_manali,13.168,80.258,ECMWF_ERA5_Reanalysis
2020-05-09,34.6,27.6,30.6,41.3,34.0,36.1,0.0,19.1,42.1,154,25.03,1007.4,ward_02_manali,13.168,80.258,ECMWF_ERA5_Reanalysis
2020-05-10,34.3,27.0,30.3,40.3,33.4,35.9,0.0,16.7,39.2,144,24.79,1007.2,ward_02_manali,13.168,80.258,ECMWF_ERA5_Reanalysis
2020-05-11,34.0,27.0,30.4,39.8,34.2,36.0,0.2,15.3,36.0,127,23.86,1007.7,ward_02_manali,13.168,80.258,ECMWF_ERA5_Reanalysis
2020-05-12,31.7,27.7,29.5,37.3,34.2,35.1,1.0,16.1,36.4,129,13.99,1007.4,ward_02_manali,13.168,80.258,ECMWF_ERA5_Reanalysis
2020-05-13,34.2,26.9,30.1,40.1,33.1,35.7,0.0,15.8,37.4,137,23.2,1006.3,ward_02_manali,13.168,80.258,ECMWF_ERA5_Reanalysis
2020-05-14,33.7,27.3,30.2,39.6,34.0,36.0,0.3,17.1,38.9,98,23.5,1005.6,ward_02_manali,13.168,80.258,ECMWF_ERA5_Reanalysis
2020-05-15,34.5,26.5,30.4,39.5,32.1,35.7,0.5,19.4,42.8,39,22.85,1004.2,ward_02_manali,13.168,80.258,ECMWF_ERA5_Reanalysis
2020-05-16,35.7,27.2,30.9,39.8,34.1,36.1,0.0,21.2,44.3,28,23.26,1003.4,ward_02_manali,13.168,80.258,ECMWF_ERA5_Reanalysis
2020-05-17,35.2,27.1,30.8,38.8,33.3,36.1,0.0,18.9,40.3,10,16.69,1001.9,ward_02_manali,13.168,80.258,ECMWF_ERA5_Reanalysis
2020-05-18,39.0,28.4,32.2,41.7,33.0,36.8,0.4,19.3,48.6,312,18.2,999.4,ward_02_manali,13.168,80.258,ECMWF_ERA5_Reanalysis
2020-05-19,42.1,28.7,34.4,43.5,31.7,37.1,0.1,24.3,49.0,268,20.59,997.8,ward_02_manali,13.168,80.258,ECMWF_ERA5_Reanalysis
2020-05-20,41.8,30.5,34.2,44.9,32.9,37.1,0.0,22.7,46.1,229,21.57,999.4,ward_02_manali,13.168,80.258,ECMWF_ERA5_Reanalysis
2020-05-21,39.8,29.9,33.2,43.9,30.6,36.7,0.0,25.3,51.1,199,22.31,1001.8,ward_02_manali,13.168,80.258,ECMWF_ERA5_Reanalysis
2020-05-22,38.8,28.9,32.6,44.0,33.3,37.1,0.0,20.5,43.9,180,24.42,1003.0,ward_02_manali,13.168,80.258,ECMWF_ERA5_Reanalysis
2020-05-23,36.3,28.6,31.6,43.1,33.6,37.0,0.0,23.0,47.5,166,25.45,1003.8,ward_02_manali,13.168,80.258,ECMWF_ERA5_Reanalysis
2020-05-24,35.2,28.5,31.1,42.2,34.6,36.9,0.1,22.4,48.2,158,24.06,1005.0,ward_02_manali,13.168,80.258,ECMWF_ERA5_Reanalysis
2020-05-25,35.1,28.6,30.9,41.1,34.5,36.5,0.1,21.4,44.6,155,24.61,1006.3,ward_02_manali,13.168,80.258,ECMWF_ERA5_Reanalysis
2020-05-26,34.6,28.5,30.9,39.9,34.6,36.3,0.5,24.5,51.5,158,23.7,1006.2,ward_02_manali,13.168,80.258,ECMWF_ERA5_Reanalysis
2020-05-27,35.3,28.9,31.4,41.4,35.1,36.9,0.1,24.8,50.8,167,23.86,1005.3,ward_02_manali,13.168,80.258,ECMWF_ERA5_Reanalysis
2020-05-28,36.1,28.9,32.0,43.3,35.0,37.5,0.0,25.3,51.1,174,24.77,1003.7,ward_02_manali,13.168,80.258,ECMWF_ERA5_Reanalysis
2020-05-29,36.6,29.1,32.0,42.9,33.1,36.7,0.0,22.2,43.9,176,24.59,1003.9,ward_02_manali,13.168,80.258,ECMWF_ERA5_Reanalysis
2020-05-30,34.0,29.3,31.2,38.8,33.9,36.2,0.0,20.1,43.2,166,18.87,1005.2,ward_02_manali,13.168,80.258,ECMWF_ERA5_Reanalysis
2020-05-31,34.5,28.6,31.0,39.6,33.2,35.5,0.0,23.8,50.8,169,24.37,1006.2,ward_02_manali,13.168,80.258,ECMWF_ERA5_Reanalysis
2020-06-01,35.5,28.9,31.3,41.2,33.7,36.3,0.1,21.8,45.7,176,21.48,1006.7,ward_02_manali,13.168,80.258,ECMWF_ERA5_Reanalysis
2020-06-02,34.8,28.3,31.0,39.9,33.5,36.0,0.6,20.6,43.9,183,21.57,1006.1,ward_02_manali,13.168,80.258,ECMWF_ERA5_Reanalysis
2020-06-03,36.0,28.3,31.4,41.0,31.8,35.0,0.0,23.6,48.6,183,23.64,1005.1,ward_02_manali,13.168,80.258,ECMWF_ERA5_Reanalysis
2020-06-04,36.6,28.8,31.8,42.0,32.8,36.0,0.1,23.5,47.9,183,23.86,1005.1,ward_02_manali,13.168,80.258,ECMWF_ERA5_Reanalysis
2020-06-05,37.2,29.8,32.1,41.5,33.6,36.5,0.7,18.3,40.0,191,21.76,1005.1,ward_02_manali,13.168,80.258,ECMWF_ERA5_Reanalysis
2020-06-06,37.1,27.7,31.5,42.0,32.1,35.5,0.6,20.2,41.4,195,22.09,1004.6,ward_02_manali,13.168,80.258,ECMWF_ERA5_Reanalysis
2020-06-07,37.3,29.2,32.1,40.1,32.2,35.0,0.7,23.0,42.5,230,17.95,1003.7,ward_02_manali,13.168,80.258,ECMWF_ERA5_Reanalysis
2020-06-08,38.2,29.0,32.3,43.4,31.4,35.6,0.1,17.6,36.4,208,22.68,1003.3,ward_02_manali,13.168,80.258,ECMWF_ERA5_Reanalysis
2020-06-09,36.8,28.6,31.7,39.8,33.5,35.7,0.0,17.1,36.7,192,14.22,1002.7,ward_02_manali,13.168,80.258,ECMWF_ERA5_Reanalysis
2020-06-10,34.2,27.4,30.9,38.0,31.3,34.8,0.4,15.9,37.1,239,10.96,1002.1,ward_02_manali,13.168,80.258,ECMWF_ERA5_Reanalysis
2020-06-11,34.6,26.4,29.9,36.2,30.9,33.1,2.0,24.4,62.6,271,14.49,1001.4,ward_02_manali,13.168,80.258,ECMWF_ERA5_Reanalysis
2020-06-12,36.0,28.0,31.6,36.2,30.0,33.4,0.0,24.8,52.2,246,16.07,1000.7,ward_02_manali,13.168,80.258,ECMWF_ERA5_Reanalysis
2020-06-13,37.0,28.7,31.5,40.5,30.6,34.2,0.7,23.3,46.1,207,23.58,1001.4,ward_02_manali,13.168,80.258,ECMWF_ERA5_Reanalysis
2020-06-14,37.7,29.2,31.8,42.5,31.5,35.9,1.5,18.0,46.1,214,21.91,1002.4,ward_02_manali,13.168,80.258,ECMWF_ERA5_Reanalysis
2020-06-15,39.1,30.0,32.5,43.1,32.0,35.6,0.8,21.6,51.8,226,20.22,1002.4,ward_02_manali,13.168,80.258,ECMWF_ERA5_Reanalysis
2020-06-16,37.8,28.8,32.1,42.0,32.6,36.1,0.0,24.4,47.5,197,21.57,1001.7,ward_02_manali,13.168,80.258,ECMWF_ERA5_Reanalysis
2020-06-17,37.7,28.4,32.0,41.5,33.9,36.3,0.4,22.9,55.4,202,21.73,1002.5,ward_02_manali,13.168,80.258,ECMWF_ERA5_Reanalysis
2020-06-18,37.3,29.9,32.3,39.9,32.3,36.1,0.2,16.1,36.0,218,17.59,1003.9,ward_02_manali,13.168,80.258,ECMWF_ERA5_Reanalysis
2020-06-19,37.6,29.4,32.1,42.7,32.3,35.9,0.7,20.7,43.9,198,22.87,1004.2,ward_02_manali,13.168,80.258,ECMWF_ERA5_Reanalysis
2020-06-20,37.2,28.2,31.7,41.8,32.2,35.6,0.0,18.3,38.5,228,18.93,1004.1,ward_02_manali,13.168,80.258,ECMWF_ERA5_Reanalysis
2020-06-21,36.7,27.8,31.1,38.9,32.2,35.4,0.6,16.4,37.1,224,13.81,1003.3,ward_02_manali,13.168,80.258,ECMWF_ERA5_Reanalysis
2020-06-22,36.4,26.5,30.5,41.6,31.1,34.9,4.1,18.1,38.9,220,21.83,1002.0,ward_02_manali,13.168,80.258,ECMWF_ERA5_Reanalysis
2020-06-23,33.7,25.8,29.2,40.9,30.5,34.3,10.0,15.0,32.8,199,22.89,1004.1,ward_02_manali,13.168,80.258,ECMWF_ERA5_Reanalysis
2020-06-24,33.0,25.8,29.0,40.8,29.8,34.4,2.5,13.5,28.4,195,23.49,1004.4,ward_02_manali,13.168,80.258,ECMWF_ERA5_Reanalysis
2020-06-25,31.4,26.4,28.5,37.7,31.1,33.7,0.9,14.5,32.4,154,22.49,1003.7,ward_02_manali,13.168,80.258,ECMWF_ERA5_Reanalysis
2020-06-26,31.7,25.5,28.7,38.2,30.4,33.8,3.3,19.5,40.7,170,23.06,1003.3,ward_02_manali,13.168,80.258,ECMWF_ERA5_Reanalysis
2020-06-27,33.4,26.7,29.9,41.1,32.0,35.9,2.5,14.0,31.3,173,23.69,1003.1,ward_02_manali,13.168,80.258,ECMWF_ERA5_Reanalysis
2020-06-28,32.9,27.2,29.6,41.2,32.3,35.6,2.4,17.1,31.0,197,21.8,1003.0,ward_02_manali,13.168,80.258,ECMWF_ERA5_Reanalysis
2020-06-29,31.8,26.6,29.1,39.9,32.0,34.9,6.4,12.6,28.8,181,22.6,1002.5,ward_02_manali,13.168,80.258,ECMWF_ERA5_Reanalysis
2020-06-30,32.3,25.8,28.4,40.5,31.6,34.4,8.4,15.7,32.0,204,22.58,1002.5,ward_02_manali,13.168,80.258,ECMWF_ERA5_Reanalysis
2020-07-01,33.2,25.8,29.1,39.2,30.9,35.1,3.3,11.9,29.5,210,17.64,1003.1,ward_02_manali,13.168,80.258,ECMWF_ERA5_Reanalysis
2020-07-02,31.0,26.5,28.7,36.2,31.4,33.7,5.9,18.0,36.7,235,11.31,1002.8,ward_02_manali,13.168,80.258,ECMWF_ERA5_Reanalysis
2020-07-03,32.4,25.7,28.9,37.1,29.7,33.0,2.4,17.7,40.3,222,16.89,1002.2,ward_02_manali,13.168,80.258,ECMWF_ERA5_Reanalysis
2020-07-04,31.7,25.2,28.5,35.8,29.1,32.5,2.0,18.8,40.3,219,14.37,1002.4,ward_02_manali,13.168,80.258,ECMWF_ERA5_Reanalysis
2020-07-05,32.4,26.5,29.0,36.3,30.9,33.5,0.1,15.6,30.2,211,13.41,1002.2,ward_02_manali,13.168,80.258,ECMWF_ERA5_Reanalysis
2020-07-06,33.8,26.7,29.5,38.1,31.7,34.3,1.3,15.7,35.6,214,16.91,1002.2,ward_02_manali,13.168,80.258,ECMWF_ERA5_Reanalysis
2020-07-07,35.2,26.6,29.9,41.1,31.9,34.9,2.3,17.1,34.2,213,22.33,1003.9,ward_02_manali,13.168,80.258,ECMWF_ERA5_Reanalysis
2020-07-08,32.7,25.7,28.7,39.8,31.1,34.6,5.1,15.0,33.5,183,20.57,1005.3,ward_02_manali,13.168,80.258,ECMWF_ERA5_Reanalysis
2020-07-09,31.8,25.4,28.1,39.8,30.1,34.0,20.6,13.2,34.2,190,21.4,1004.9,ward_02_manali,13.168,80.258,ECMWF_ERA5_Reanalysis
2020-07-10,32.3,24.8,28.1,37.4,29.9,33.1,29.9,16.0,34.2,246,20.66,1005.2,ward_02_manali,13.168,80.258,ECMWF_ERA5_Reanalysis
2020-07-11,30.8,25.3,27.8,35.8,29.2,32.8,5.4,14.3,29.5,208,14.34,1004.8,ward_02_manali,13.168,80.258,ECMWF_ERA5_Reanalysis
2020-07-12,33.8,26.3,29.2,41.7,31.1,35.1,5.0,14.3,30.6,223,24.1,1003.7,ward_02_manali,13.168,80.258,ECMWF_ERA5_Reanalysis
2020-07-13,32.3,24.8,28.5,39.5,28.8,33.9,8.4,12.5,30.6,207,21.41,1003.2,ward_02_manali,13.168,80.258,ECMWF_ERA5_Reanalysis
2020-07-14,32.1,26.8,28.9,36.9,32.0,34.0,1.2,12.2,27.0,230,15.07,1002.9,ward_02_manali,13.168,80.258,ECMWF_ERA5_Reanalysis
2020-07-15,32.8,26.0,28.8,37.8,30.6,33.7,4.1,15.5,38.2,220,19.27,1002.6,ward_02_manali,13.168,80.258,ECMWF_ERA5_Reanalysis
2020-07-16,31.8,26.0,28.3,35.8,30.3,32.7,0.4,15.5,36.7,216,13.24,1002.3,ward_02_manali,13.168,80.258,ECMWF_ERA5_Reanalysis
2020-07-17,32.8,25.6,29.0,39.0,30.3,34.2,0.8,15.5,36.4,219,21.14,1002.5,ward_02_manali,13.168,80.258,ECMWF_ERA5_Reanalysis
2020-07-18,32.3,26.4,28.8,37.7,30.2,33.9,0.2,14.1,31.0,205,17.37,1003.8,ward_02_manali,13.168,80.258,ECMWF_ERA5_Reanalysis
2020-07-19,30.9,26.0,28.3,37.5,31.3,33.9,4.2,14.3,32.0,181,18.84,1004.6,ward_02_manali,13.168,80.258,ECMWF_ERA5_Reanalysis
2020-07-20,31.2,25.7,28.4,36.9,30.3,33.1,7.0,21.5,43.6,187,21.47,1004.1,ward_02_manali,13.168,80.258,ECMWF_ERA5_Reanalysis
2020-07-21,31.2,26.7,28.9,36.9,31.8,34.1,0.6,18.6,37.4,165,22.0,1005.0,ward_02_manali,13.168,80.258,ECMWF_ERA5_Reanalysis
2020-07-22,32.1,26.9,29.0,37.7,32.3,33.8,0.6,19.9,41.0,181,22.96,1005.3,ward_02_manali,13.168,80.258,ECMWF_ERA5_Reanalysis
2020-07-23,32.4,25.9,28.8,38.1,30.6,33.7,7.4,17.7,36.0,185,20.01,1004.8,ward_02_manali,13.168,80.258,ECMWF_ERA5_Reanalysis
2020-07-24,32.0,24.7,28.2,38.5,30.3,33.5,11.1,18.0,40.0,185,21.39,1005.2,ward_02_manali,13.168,80.258,ECMWF_ERA5_Reanalysis
2020-07-25,32.1,25.2,28.4,39.1,29.3,34.2,3.4,13.6,28.8,243,21.45,1006.3,ward_02_manali,13.168,80.258,ECMWF_ERA5_Reanalysis
2020-07-26,32.4,25.1,28.5,39.7,28.9,33.8,0.2,13.6,36.0,243,23.35,1007.1,ward_02_manali,13.168,80.258,ECMWF_ERA5_Reanalysis
2020-07-27,33.4,26.4,29.2,41.3,31.7,35.2,7.1,8.0,28.8,228,21.03,1005.8,ward_02_manali,13.168,80.258,ECMWF_ERA5_Reanalysis
2020-07-28,33.6,25.7,28.9,40.9,30.9,34.4,13.2,12.6,30.6,237,21.38,1003.8,ward_02_manali,13.168,80.258,ECMWF_ERA5_Reanalysis
2020-07-29,31.2,25.1,27.3,38.4,29.6,32.9,24.0,12.7,28.1,240,16.11,1003.2,ward_02_manali,13.168,80.258,ECMWF_ERA5_Reanalysis
2020-07-30,32.5,25.8,28.6,40.5,31.1,34.3,7.7,12.5,27.4,194,22.89,1003.4,ward_02_manali,13.168,80.258,ECMWF_ERA5_Reanalysis
2020-07-31,32.6,25.4,28.6,40.9,30.6,34.5,7.1,15.9,30.2,206,23.45,1003.1,ward_02_manali,13.168,80.258,ECMWF_ERA5_Reanalysis
2020-08-01,33.0,25.7,28.7,39.8,31.7,34.4,0.6,15.1,28.8,226,21.92,1003.3,ward_02_manali,13.168,80.258,ECMWF_ERA5_Reanalysis
2020-08-02,32.9,26.3,28.9,38.5,31.4,33.8,11.6,16.7,44.3,245,19.96,1003.2,ward_02_manali,13.168,80.258,ECMWF_ERA5_Reanalysis
2020-08-03,31.2,25.3,27.9,35.1,29.0,31.6,1.6,18.2,33.8,229,8.03,1002.0,ward_02_manali,13.168,80.258,ECMWF_ERA5_Reanalysis
2020-08-04,31.4,27.0,28.7,35.9,29.5,32.0,0.8,17.3,31.7,244,11.17,1000.3,ward_02_manali,13.168,80.258,ECMWF_ERA5_Reanalysis
2020-08-05,29.5,25.1,27.6,32.7,28.1,30.4,4.0,22.6,42.5,217,7.23,999.0,ward_02_manali,13.168,80.258,ECMWF_ERA5_Reanalysis
2020-08-06,33.2,26.5,29.4,37.0,29.1,33.0,0.0,19.8,43.6,205,20.56,1000.6,ward_02_manali,13.168,80.258,ECMWF_ERA5_Reanalysis
2020-08-07,34.1,26.7,30.0,38.3,30.3,34.4,1.0,19.2,45.4,239,20.92,1003.5,ward_02_manali,13.168,80.258,ECMWF_ERA5_Reanalysis
2020-08-08,33.7,27.7,30.1,37.7,31.6,34.4,1.0,23.3,49.3,258,20.27,1003.8,ward_02_manali,13.168,80.258,ECMWF_ERA5_Reanalysis
2020-08-09,30.6,25.4,28.0,34.3,29.1,31.7,4.5,19.1,42.1,231,12.09,1003.3,ward_02_manali,13.168,80.258,ECMWF_ERA5_Reanalysis
2020-08-10,32.5,25.1,28.0,38.2,28.6,33.1,5.2,17.4,46.8,244,19.98,1004.0,ward_02_manali,13.168,80.258,ECMWF_ERA5_Reanalysis
2020-08-11,34.2,25.9,29.0,38.2,29.7,33.8,6.4,20.6,42.8,246,22.68,1004.9,ward_02_manali,13.168,80.258,ECMWF_ERA5_Reanalysis
2020-08-12,32.4,25.8,28.3,36.7,30.2,33.0,0.5,14.8,29.9,227,12.34,1005.8,ward_02_manali,13.168,80.258,ECMWF_ERA5_Reanalysis
2020-08-13,32.9,26.5,29.0,37.1,30.2,33.4,0.1,18.1,40.7,249,15.76,1004.0,ward_02_manali,13.168,80.258,ECMWF_ERA5_Reanalysis
2020-08-14,32.2,26.2,28.6,36.5,31.0,33.2,0.1,14.8,32.8,228,12.92,1003.0,ward_02_manali,13.168,80.258,ECMWF_ERA5_Reanalysis
2020-08-15,31.8,26.4,28.6,36.1,29.8,32.8,0.0,15.9,31.7,236,13.08,1003.6,ward_02_manali,13.168,80.258,ECMWF_ERA5_Reanalysis
2020-08-16,31.8,25.7,28.2,35.3,28.4,31.7,2.3,13.7,33.8,243,15.66,1004.3,ward_02_manali,13.168,80.258,ECMWF_ERA5_Reanalysis
2020-08-17,31.3,25.0,28.0,36.1,28.8,32.3,3.2,15.2,31.7,216,12.2,1004.0,ward_02_manali,13.168,80.258,ECMWF_ERA5_Reanalysis
2020-08-18,33.5,26.3,28.9,38.4,30.6,33.6,3.1,14.4,32.8,241,16.06,1004.1,ward_02_manali,13.168,80.258,ECMWF_ERA5_Reanalysis
2020-08-19,33.3,26.2,29.3,37.6,30.3,33.7,0.0,16.3,35.3,244,17.23,1003.0,ward_02_manali,13.168,80.258,ECMWF_ERA5_Reanalysis
2020-08-20,31.6,27.6,29.0,35.9,31.6,33.5,0.1,12.9,25.6,210,10.73,1003.1,ward_02_manali,13.168,80.258,ECMWF_ERA5_Reanalysis
2020-08-21,33.3,26.8,29.3,38.9,32.1,34.7,2.0,14.9,36.4,192,21.49,1005.4,ward_02_manali,13.168,80.258,ECMWF_ERA5_Reanalysis
2020-08-22,32.5,26.1,29.0,39.5,32.8,34.8,6.5,16.4,38.5,178,22.19,1006.4,ward_02_manali,13.168,80.258,ECMWF_ERA5_Reanalysis
2020-08-23,33.0,25.2,28.6,40.6,29.9,34.3,8.6,19.4,34.9,204,22.66,1006.3,ward_02_manali,13.168,80.258,ECMWF_ERA5_Reanalysis
2020-08-24,31.6,24.9,27.7,39.5,29.3,33.4,16.7,12.7,26.3,185,20.68,1006.9,ward_02_manali,13.168,80.258,ECMWF_ERA5_Reanalysis
2020-08-25,30.7,26.2,28.2,36.9,31.8,33.8,1.6,11.4,25.9,182,16.29,1007.4,ward_02_manali,13.168,80.258,ECMWF_ERA5_Reanalysis
2020-08-26,32.4,26.1,28.5,39.2,31.7,34.5,3.6,12.0,26.3,208,18.68,1007.0,ward_02_manali,13.168,80.258,ECMWF_ERA5_Reanalysis
2020-08-27,33.3,25.3,28.8,40.4,29.7,34.4,1.5,13.8,25.6,205,21.38,1005.8,ward_02_manali,13.168,80.258,ECMWF_ERA5_Reanalysis
2020-08-28,32.9,25.8,28.8,40.2,30.5,34.2,1.7,14.8,29.9,186,23.42,1004.9,ward_02_manali,13.168,80.258,ECMWF_ERA5_Reanalysis
2020-08-29,31.7,26.0,28.7,38.8,32.2,34.6,1.6,12.7,32.0,172,21.99,1005.1,ward_02_manali,13.168,80.258,ECMWF_ERA5_Reanalysis
2020-08-30,31.8,25.5,28.6,39.6,31.4,34.6,8.3,12.0,26.6,94,22.71,1005.7,ward_02_manali,13.168,80.258,ECMWF_ERA5_Reanalysis
2020-08-31,33.2,24.9,28.6,40.6,28.8,34.4,6.7,15.5,29.5,357,23.38,1006.2,ward_02_manali,13.168,80.258,ECMWF_ERA5_Reanalysis
2020-09-01,32.4,25.6,28.0,40.0,30.0,33.8,13.0,13.7,34.6,249,20.21,1006.0,ward_02_manali,13.168,80.258,ECMWF_ERA5_Reanalysis
2020-09-02,30.5,25.5,27.8,37.1,30.9,33.7,16.2,12.4,39.6,129,20.77,1005.5,ward_02_manali,13.168,80.258,ECMWF_ERA5_Reanalysis
2020-09-03,30.8,25.0,27.8,38.3,30.8,33.4,0.2,13.7,30.2,127,23.3,1005.9,ward_02_manali,13.168,80.258,ECMWF_ERA5_Reanalysis
2020-09-04,30.3,25.1,27.7,36.8,30.7,33.3,2.7,15.1,33.5,116,23.14,1005.9,ward_02_manali,13.168,80.258,ECMWF_ERA5_Reanalysis
2020-09-05,30.8,25.6,28.1,38.0,31.7,34.0,1.0,14.7,32.4,128,23.17,1005.2,ward_02_manali,13.168,80.258,ECMWF_ERA5_Reanalysis
2020-09-06,31.0,25.7,28.3,38.1,31.6,33.8,4.1,21.7,43.2,154,22.89,1005.0,ward_02_manali,13.168,80.258,ECMWF_ERA5_Reanalysis
2020-09-07,31.3,25.5,28.0,39.1,31.1,34.0,2.9,11.7,37.4,173,21.45,1005.3,ward_02_manali,13.168,80.258,ECMWF_ERA5_Reanalysis
2020-09-08,32.6,25.9,28.8,40.2,31.3,34.7,2.5,9.5,22.7,184,22.75,1005.6,ward_02_manali,13.168,80.258,ECMWF_ERA5_Reanalysis
2020-09-09,31.4,25.9,28.1,38.8,30.8,33.9,15.2,13.9,31.3,184,20.56,1004.8,ward_02_manali,13.168,80.258,ECMWF_ERA5_Reanalysis
2020-09-10,30.5,25.6,28.0,35.9,31.2,33.1,1.9,15.5,32.4,206,12.74,1003.1,ward_02_manali,13.168,80.258,ECMWF_ERA5_Reanalysis
2020-09-11,31.3,26.3,28.5,35.1,29.8,32.7,0.5,15.5,36.4,228,12.15,1003.6,ward_02_manali,13.168,80.258,ECMWF_ERA5_Reanalysis
2020-09-12,29.7,25.2,26.9,33.8,29.8,31.4,7.3,13.5,31.7,219,10.17,1005.9,ward_02_manali,13.168,80.258,ECMWF_ERA5_Reanalysis
2020-09-13,27.7,25.2,26.1,31.9,29.0,30.3,24.2,17.3,35.3,231,6.51,1005.9,ward_02_manali,13.168,80.258,ECMWF_ERA5_Reanalysis
2020-09-14,30.4,24.4,26.9,33.9,27.7,30.6,4.2,16.0,32.8,241,12.33,1004.5,ward_02_manali,13.168,80.258,ECMWF_ERA5_Reanalysis
2020-09-15,31.1,25.8,28.1,34.8,28.4,31.8,4.7,17.4,39.6,234,14.99,1004.3,ward_02_manali,13.168,80.258,ECMWF_ERA5_Reanalysis
2020-09-16,32.3,25.1,28.1,37.2,30.3,33.4,5.9,15.4,33.8,232,21.73,1004.5,ward_02_manali,13.168,80.258,ECMWF_ERA5_Reanalysis
2020-09-17,32.5,25.9,28.5,38.4,31.1,34.1,3.9,13.0,35.3,244,20.71,1004.6,ward_02_manali,13.168,80.258,ECMWF_ERA5_Reanalysis
2020-09-18,32.1,25.8,28.3,37.3,30.7,33.5,15.6,15.2,41.8,249,17.33,1003.1,ward_02_manali,13.168,80.258,ECMWF_ERA5_Reanalysis
2020-09-19,27.7,24.4,26.2,33.3,28.7,30.9,17.2,15.6,32.8,237,7.74,1001.6,ward_02_manali,13.168,80.258,ECMWF_ERA5_Reanalysis
2020-09-20,30.3,25.4,27.4,33.2,27.9,30.1,0.4,25.5,55.4,235,11.07,1000.9,ward_02_manali,13.168,80.258,ECMWF_ERA5_Reanalysis
2020-09-21,30.0,25.8,27.6,33.4,28.2,30.7,0.0,18.7,38.9,213,7.7,1001.8,ward_02_manali,13.168,80.258,ECMWF_ERA5_Reanalysis
2020-09-22,33.2,25.6,28.8,36.8,28.7,32.4,0.0,21.5,40.7,201,20.49,1002.8,ward_02_manali,13.168,80.258,ECMWF_ERA5_Reanalysis
2020-09-23,33.4,25.6,28.7,38.3,28.0,32.3,0.1,18.8,38.2,211,23.48,1004.9,ward_02_manali,13.168,80.258,ECMWF_ERA5_Reanalysis
2020-09-24,34.0,26.1,29.2,40.7,31.2,34.6,0.0,14.0,31.0,183,23.96,1006.7,ward_02_manali,13.168,80.258,ECMWF_ERA5_Reanalysis
2020-09-25,31.6,26.7,28.6,37.8,31.7,33.8,6.1,18.4,37.1,192,20.37,1006.6,ward_02_manali,13.168,80.258,ECMWF_ERA5_Reanalysis
2020-09-26,32.1,25.9,28.1,36.2,30.6,33.0,2.7,12.8,37.1,239,18.26,1006.7,ward_02_manali,13.168,80.258,ECMWF_ERA5_Reanalysis
2020-09-27,32.0,25.2,27.8,38.4,31.1,33.6,2.5,10.3,40.7,209,18.02,1006.7,ward_02_manali,13.168,80.258,ECMWF_ERA5_Reanalysis
2020-09-28,32.6,25.9,28.4,38.4,30.5,33.5,1.8,12.0,28.8,229,20.89,1006.0,ward_02_manali,13.168,80.258,ECMWF_ERA5_Reanalysis
2020-09-29,33.3,23.9,27.7,39.9,27.7,32.7,27.9,14.5,28.4,245,22.22,1005.0,ward_02_manali,13.168,80.258,ECMWF_ERA5_Reanalysis
2020-09-30,29.9,24.2,27.0,34.0,28.1,31.5,4.7,13.0,27.0,263,13.39,1004.2,ward_02_manali,13.168,80.258,ECMWF_ERA5_Reanalysis
2020-10-01,31.5,24.3,27.9,35.5,27.8,31.6,11.9,17.2,35.6,284,16.66,1004.3,ward_02_manali,13.168,80.258,ECMWF_ERA5_Reanalysis
2020-10-02,33.3,25.5,29.1,39.1,28.6,33.7,0.7,12.9,25.9,237,22.35,1004.3,ward_02_manali,13.168,80.258,ECMWF_ERA5_Reanalysis
2020-10-03,33.8,26.5,29.6,38.6,29.6,33.9,0.4,16.7,30.2,255,16.52,1004.5,ward_02_manali,13.168,80.258,ECMWF_ERA5_Reanalysis
2020-10-04,33.8,27.3,29.5,37.5,29.7,33.1,0.6,16.8,30.2,274,15.67,1005.5,ward_02_manali,13.168,80.258,ECMWF_ERA5_Reanalysis
2020-10-05,34.4,26.4,29.5,39.1,29.0,33.7,0.0,16.9,32.0,284,21.54,1004.9,ward_02_manali,13.168,80.258,ECMWF_ERA5_Reanalysis
2020-10-06,33.9,25.9,29.2,39.5,29.0,34.1,0.2,14.4,30.2,213,21.54,1004.9,ward_02_manali,13.168,80.258,ECMWF_ERA5_Reanalysis
2020-10-07,34.3,26.5,29.5,40.4,30.9,34.9,0.5,12.8,26.3,197,22.09,1005.7,ward_02_manali,13.168,80.258,ECMWF_ERA5_Reanalysis
2020-10-08,33.2,26.0,29.0,39.3,30.7,34.4,1.1,15.4,29.5,176,22.23,1005.9,ward_02_manali,13.168,80.258,ECMWF_ERA5_Reanalysis
2020-10-09,31.7,25.8,28.4,39.4,32.1,34.4,6.1,14.3,33.1,170,21.29,1006.2,ward_02_manali,13.168,80.258,ECMWF_ERA5_Reanalysis
2020-10-10,28.6,25.2,27.0,34.3,30.1,32.8,18.8,10.5,23.8,33,8.6,1005.5,ward_02_manali,13.168,80.258,ECMWF_ERA5_Reanalysis
2020-10-11,29.6,24.3,26.5,34.2,28.7,31.5,24.2,12.0,25.9,287,10.58,1003.4,ward_02_manali,13.168,80.258,ECMWF_ERA5_Reanalysis
2020-10-12,31.1,24.6,27.4,35.8,30.3,32.3,0.7,13.0,34.6,260,12.73,1001.5,ward_02_manali,13.168,80.258,ECMWF_ERA5_Reanalysis
2020-10-13,32.0,25.7,28.4,36.1,29.0,32.6,1.6,19.5,43.6,241,18.19,999.7,ward_02_manali,13.168,80.258,ECMWF_ERA5_Reanalysis
2020-10-14,33.0,26.2,29.1,36.8,28.3,32.0,0.1,17.9,39.6,223,19.99,1001.4,ward_02_manali,13.168,80.258,ECMWF_ERA5_Reanalysis
2020-10-15,32.6,26.5,29.0,37.4,27.8,32.2,0.0,16.5,33.8,210,20.86,1003.0,ward_02_manali,13.168,80.258,ECMWF_ERA5_Reanalysis
2020-10-16,32.2,25.8,28.6,38.7,32.0,35.0,5.7,10.5,30.6,77,20.56,1003.4,ward_02_manali,13.168,80.258,ECMWF_ERA5_Reanalysis
2020-10-17,30.7,25.3,27.3,39.0,30.1,33.6,27.8,12.2,27.7,339,16.66,1004.8,ward_02_manali,13.168,80.258,ECMWF_ERA5_Reanalysis
2020-10-18,29.5,24.9,26.8,35.2,29.6,32.3,11.5,12.0,37.8,304,13.66,1005.5,ward_02_manali,13.168,80.258,ECMWF_ERA5_Reanalysis
2020-10-19,30.4,25.0,27.4,35.9,29.4,33.0,5.5,12.6,33.5,283,17.6,1004.9,ward_02_manali,13.168,80.258,ECMWF_ERA5_Reanalysis
2020-10-20,28.7,24.9,26.2,34.4,30.4,31.8,33.0,10.3,29.5,310,8.76,1004.4,ward_02_manali,13.168,80.258,ECMWF_ERA5_Reanalysis
2020-10-21,30.8,24.7,26.5,37.8,28.8,31.8,11.8,11.2,27.4,297,14.82,1005.0,ward_02_manali,13.168,80.258,ECMWF_ERA5_Reanalysis
2020-10-22,32.2,24.7,27.7,39.3,30.0,33.4,20.2,10.5,26.3,225,20.12,1004.6,ward_02_manali,13.168,80.258,ECMWF_ERA5_Reanalysis
2020-10-23,32.2,24.2,27.4,38.2,28.3,32.3,19.6,13.1,27.7,241,17.09,1005.2,ward_02_manali,13.168,80.258,ECMWF_ERA5_Reanalysis
2020-10-24,32.6,25.2,28.2,39.5,28.6,33.1,1.1,13.3,24.5,252,18.78,1006.5,ward_02_manali,13.168,80.258,ECMWF_ERA5_Reanalysis
2020-10-25,31.4,24.9,27.7,36.8,30.6,33.1,0.0,13.5,29.5,36,19.75,1008.2,ward_02_manali,13.168,80.258,ECMWF_ERA5_Reanalysis
2020-10-26,31.0,24.9,27.4,36.4,30.3,32.6,0.2,15.1,32.0,17,20.78,1009.0,ward_02_manali,13.168,80.258,ECMWF_ERA5_Reanalysis
2020-10-27,29.1,24.2,26.6,33.9,28.9,31.3,1.6,15.0,37.1,5,16.37,1008.6,ward_02_manali,13.168,80.258,ECMWF_ERA5_Reanalysis
2020-10-28,28.3,24.4,26.1,32.8,28.1,29.6,13.4,21.4,45.7,12,13.89,1009.3,ward_02_manali,13.168,80.258,ECMWF_ERA5_Reanalysis
2020-10-29,27.0,23.5,25.0,30.8,26.3,28.6,17.4,16.4,38.9,356,9.82,1009.6,ward_02_manali,13.168,80.258,ECMWF_ERA5_Reanalysis
2020-10-30,30.6,23.3,26.6,34.2,27.0,30.4,0.4,16.8,36.0,16,20.78,1009.0,ward_02_manali,13.168,80.258,ECMWF_ERA5_Reanalysis
2020-10-31,31.2,23.2,26.7,36.2,27.2,31.1,0.0,14.4,31.3,14,22.02,1008.9,ward_02_manali,13.168,80.258,ECMWF_ERA5_Reanalysis
2020-11-01,31.2,23.0,26.9,37.4,27.1,32.0,0.0,12.1,27.4,45,21.25,1009.7,ward_02_manali,13.168,80.258,ECMWF_ERA5_Reanalysis
2020-11-02,31.0,24.1,27.3,37.8,28.9,32.8,0.1,12.2,34.2,41,20.21,1010.4,ward_02_manali,13.168,80.258,ECMWF_ERA5_Reanalysis
2020-11-03,30.5,24.5,27.5,36.3,30.0,32.7,0.3,15.9,34.6,30,19.03,1010.4,ward_02_manali,13.168,80.258,ECMWF_ERA5_Reanalysis
2020-11-04,28.9,25.4,26.9,34.1,30.7,32.1,9.1,15.9,33.5,24,11.93,1010.2,ward_02_manali,13.168,80.258,ECMWF_ERA5_Reanalysis
2020-11-05,30.2,24.8,27.2,35.4,30.4,32.5,7.3,13.7,31.3,56,18.45,1010.6,ward_02_manali,13.168,80.258,ECMWF_ERA5_Reanalysis
2020-11-06,28.9,25.1,26.9,34.4,30.2,32.2,5.1,13.8,31.3,50,16.21,1012.2,ward_02_manali,13.168,80.258,ECMWF_ERA5_Reanalysis
2020-11-07,28.6,25.3,26.7,33.4,30.4,31.5,3.8,16.6,34.9,36,14.81,1012.8,ward_02_manali,13.168,80.258,ECMWF_ERA5_Reanalysis
2020-11-08,29.8,25.2,27.6,32.8,29.1,30.7,1.0,23.8,47.9,46,18.31,1012.8,ward_02_manali,13.168,80.258,ECMWF_ERA5_Reanalysis
2020-11-09,29.5,24.7,26.9,31.5,26.6,29.1,0.0,22.1,44.6,25,21.07,1011.8,ward_02_manali,13.168,80.258,ECMWF_ERA5_Reanalysis
2020-11-10,29.1,23.1,26.3,31.3,25.2,28.3,0.0,19.8,41.0,14,21.04,1009.9,ward_02_manali,13.168,80.258,ECMWF_ERA5_Reanalysis
2020-11-11,27.9,23.6,25.5,32.3,25.7,29.2,5.8,20.2,41.8,5,13.53,1009.6,ward_02_manali,13.168,80.258,ECMWF_ERA5_Reanalysis
2020-11-12,28.1,24.2,25.7,32.5,29.1,30.3,20.8,16.6,32.8,59,9.96,1010.8,ward_02_manali,13.168,80.258,ECMWF_ERA5_Reanalysis
2020-11-13,28.4,24.8,26.6,32.5,29.5,31.1,7.9,17.7,41.0,46,12.79,1010.6,ward_02_manali,13.168,80.258,ECMWF_ERA5_Reanalysis
2020-11-14,30.0,25.0,27.4,34.1,29.7,31.3,1.9,22.7,45.4,37,19.44,1009.4,ward_02_manali,13.168,80.258,ECMWF_ERA5_Reanalysis
2020-11-15,27.0,25.2,25.9,30.9,29.2,29.9,21.0,18.1,38.2,72,5.84,1008.9,ward_02_manali,13.168,80.258,ECMWF_ERA5_Reanalysis
2020-11-16,25.6,24.5,25.0,30.4,28.7,29.7,59.0,15.3,34.2,90,2.93,1010.4,ward_02_manali,13.168,80.258,ECMWF_ERA5_Reanalysis
2020-11-17,28.8,24.2,26.2,33.2,29.1,30.8,10.1,20.8,45.0,57,17.07,1009.9,ward_02_manali,13.168,80.258,ECMWF_ERA5_Reanalysis
2020-11-18,28.6,24.3,26.4,34.6,29.5,31.4,2.7,15.9,33.8,63,16.19,1010.3,ward_02_manali,13.168,80.258,ECMWF_ERA5_Reanalysis
2020-11-19,29.4,24.6,26.9,34.0,29.2,31.5,0.9,15.5,33.8,72,18.44,1010.4,ward_02_manali,13.168,80.258,ECMWF_ERA5_Reanalysis
2020-11-20,29.2,23.5,25.9,33.7,27.5,30.2,0.1,14.5,32.4,45,20.13,1011.1,ward_02_manali,13.168,80.258,ECMWF_ERA5_Reanalysis
2020-11-21,28.6,22.3,24.8,32.9,25.1,28.4,0.0,13.0,30.2,21,21.12,1011.4,ward_02_manali,13.168,80.258,ECMWF_ERA5_Reanalysis
2020-11-22,28.6,20.5,24.5,32.2,23.5,27.9,0.0,15.1,33.5,8,19.71,1011.8,ward_02_manali,13.168,80.258,ECMWF_ERA5_Reanalysis
2020-11-23,29.2,24.3,26.3,31.5,27.4,29.2,2.1,23.4,45.7,24,15.79,1011.1,ward_02_manali,13.168,80.258,ECMWF_ERA5_Reanalysis
2020-11-24,26.6,24.2,24.9,29.8,26.6,27.8,20.5,24.1,49.0,20,8.72,1009.6,ward_02_manali,13.168,80.258,ECMWF_ERA5_Reanalysis
2020-11-25,25.9,24.3,24.9,27.1,24.3,26.0,100.3,43.8,84.6,34,2.39,1005.5,ward_02_manali,13.168,80.258,ECMWF_ERA5_Reanalysis
2020-11-26,28.2,24.0,25.9,26.9,24.8,25.6,12.4,46.5,90.4,147,10.14,1001.4,ward_02_manali,13.168,80.258,ECMWF_ERA5_Reanalysis
2020-11-27,27.9,22.0,24.8,30.1,22.7,26.9,1.8,25.3,46.8,236,14.38,1008.6,ward_02_manali,13.168,80.258,ECMWF_ERA5_Reanalysis
2020-11-28,28.3,21.8,25.1,33.8,24.9,29.2,1.9,11.5,30.6,37,16.19,1011.9,ward_02_manali,13.168,80.258,ECMWF_ERA5_Reanalysis
2020-11-29,27.8,23.6,25.5,32.1,28.0,29.8,4.7,15.9,37.4,36,14.72,1012.3,ward_02_manali,13.168,80.258,ECMWF_ERA5_Reanalysis
2020-11-30,28.8,24.5,26.2,31.5,27.5,29.2,1.9,21.2,43.2,32,15.27,1012.2,ward_02_manali,13.168,80.258,ECMWF_ERA5_Reanalysis
2020-12-01,28.9,23.6,26.3,30.7,26.4,28.0,0.1,23.6,46.4,26,16.59,1012.2,ward_02_manali,13.168,80.258,ECMWF_ERA5_Reanalysis
2020-12-02,27.7,24.3,25.5,29.4,26.5,27.8,9.4,25.2,51.8,23,9.94,1010.3,ward_02_manali,13.168,80.258,ECMWF_ERA5_Reanalysis
2020-12-03,25.2,24.2,24.7,28.3,26.7,27.6,51.3,24.3,47.2,48,4.18,1008.8,ward_02_manali,13.168,80.258,ECMWF_ERA5_Reanalysis
2020-12-04,25.1,24.2,24.7,29.0,26.9,27.8,38.9,24.6,45.0,48,2.88,1008.4,ward_02_manali,13.168,80.258,ECMWF_ERA5_Reanalysis
2020-12-05,26.6,24.3,25.1,30.0,27.7,28.5,17.6,23.2,47.2,38,7.99,1008.9,ward_02_manali,13.168,80.258,ECMWF_ERA5_Reanalysis
2020-12-06,26.9,24.3,25.3,30.4,27.3,29.1,17.2,18.6,37.4,64,8.43,1010.7,ward_02_manali,13.168,80.258,ECMWF_ERA5_Reanalysis
2020-12-07,26.4,24.2,25.1,30.3,28.4,29.2,27.3,18.6,37.1,68,9.42,1012.5,ward_02_manali,13.168,80.258,ECMWF_ERA5_Reanalysis
2020-12-08,28.6,24.3,25.8,32.6,28.3,30.1,13.8,19.0,40.3,66,15.16,1012.8,ward_02_manali,13.168,80.258,ECMWF_ERA5_Reanalysis
2020-12-09,28.5,23.7,25.5,31.4,27.6,29.2,6.4,16.3,35.3,55,14.35,1012.5,ward_02_manali,13.168,80.258,ECMWF_ERA5_Reanalysis
2020-12-10,28.1,22.2,24.7,31.5,25.0,27.9,0.0,11.8,26.6,48,18.86,1012.5,ward_02_manali,13.168,80.258,ECMWF_ERA5_Reanalysis
2020-12-11,28.1,21.6,24.4,31.2,24.7,27.2,0.1,15.6,33.8,21,18.21,1012.3,ward_02_manali,13.168,80.258,ECMWF_ERA5_Reanalysis
2020-12-12,27.9,21.6,24.7,30.8,24.4,27.3,0.0,12.3,28.4,22,19.28,1012.0,ward_02_manali,13.168,80.258,ECMWF_ERA5_Reanalysis
2020-12-13,27.6,20.6,24.2,31.0,23.0,27.1,0.0,12.9,28.4,22,17.09,1011.1,ward_02_manali,13.168,80.258,ECMWF_ERA5_Reanalysis
2020-12-14,28.1,22.3,24.9,30.7,25.0,27.5,0.0,12.3,27.7,48,16.57,1011.2,ward_02_manali,13.168,80.258,ECMWF_ERA5_Reanalysis
2020-12-15,28.0,22.1,25.5,30.0,24.4,27.9,1.0,21.0,42.5,41,16.43,1012.1,ward_02_manali,13.168,80.258,ECMWF_ERA5_Reanalysis
2020-12-16,28.2,24.5,26.0,30.7,27.6,28.7,4.2,19.3,40.0,55,12.66,1012.6,ward_02_manali,13.168,80.258,ECMWF_ERA5_Reanalysis
2020-12-17,28.2,25.1,26.2,30.1,27.8,28.8,0.9,19.9,39.2,49,12.63,1012.5,ward_02_manali,13.168,80.258,ECMWF_ERA5_Reanalysis
2020-12-18,28.3,24.1,26.0,30.3,27.2,28.4,0.7,22.5,45.7,35,16.67,1012.4,ward_02_manali,13.168,80.258,ECMWF_ERA5_Reanalysis
2020-12-19,28.3,24.4,26.0,30.8,27.2,28.4,0.1,18.7,38.2,54,17.78,1013.2,ward_02_manali,13.168,80.258,ECMWF_ERA5_Reanalysis
2020-12-20,27.8,24.2,25.7,28.9,25.1,26.8,0.0,23.6,47.5,46,18.11,1013.6,ward_02_manali,13.168,80.258,ECMWF_ERA5_Reanalysis
2020-12-21,27.2,23.3,25.2,28.1,24.0,25.8,0.0,22.3,44.6,37,18.29,1012.9,ward_02_manali,13.168,80.258,ECMWF_ERA5_Reanalysis
2020-12-22,27.0,21.5,24.5,28.5,23.1,25.7,0.0,16.8,36.0,34,17.72,1012.2,ward_02_manali,13.168,80.258,ECMWF_ERA5_Reanalysis
2020-12-23,27.1,21.8,24.3,27.9,23.5,25.4,0.0,18.9,39.2,33,17.95,1011.4,ward_02_manali,13.168,80.258,ECMWF_ERA5_Reanalysis
2020-12-24,27.2,19.9,23.8,27.8,21.4,25.1,0.0,18.9,39.6,25,16.45,1010.5,ward_02_manali,13.168,80.258,ECMWF_ERA5_Reanalysis
2020-12-25,27.5,22.8,24.5,29.0,24.2,25.9,0.0,16.8,34.6,24,19.54,1011.4,ward_02_manali,13.168,80.258,ECMWF_ERA5_Reanalysis
2020-12-26,27.5,21.1,24.9,28.1,22.9,26.1,0.0,19.0,39.2,30,17.07,1012.0,ward_02_manali,13.168,80.258,ECMWF_ERA5_Reanalysis
2020-12-27,28.1,22.8,25.1,29.3,25.1,26.7,0.0,20.1,41.4,23,17.65,1011.4,ward_02_manali,13.168,80.258,ECMWF_ERA5_Reanalysis
2020-12-28,27.8,22.0,24.9,29.2,24.5,26.6,0.0,20.3,41.8,25,17.94,1011.1,ward_02_manali,13.168,80.258,ECMWF_ERA5_Reanalysis
2020-12-29,28.3,23.8,25.7,30.1,26.5,27.8,0.3,20.0,41.4,35,12.15,1010.8,ward_02_manali,13.168,80.258,ECMWF_ERA5_Reanalysis
2020-12-30,26.5,23.7,24.7,29.2,26.7,27.6,39.4,21.5,39.6,31,7.33,1011.0,ward_02_manali,13.168,80.258,ECMWF_ERA5_Reanalysis
2020-12-31,28.0,24.7,25.9,29.5,25.9,27.3,0.6,24.5,49.3,49,15.25,1011.6,ward_02_manali,13.168,80.258,ECMWF_ERA5_Reanalysis
2021-01-01,27.1,23.7,25.4,27.4,25.2,26.5,0.0,20.9,42.5,45,14.51,1012.3,ward_02_manali,13.168,80.258,ECMWF_ERA5_Reanalysis
2021-01-02,25.1,23.8,24.4,27.9,26.3,26.8,17.6,19.6,36.0,36,5.04,1011.9,ward_02_manali,13.168,80.258,ECMWF_ERA5_Reanalysis
2021-01-03,27.0,23.5,25.1,29.8,26.3,27.8,4.3,18.6,37.4,42,13.72,1010.4,ward_02_manali,13.168,80.258,ECMWF_ERA5_Reanalysis
2021-01-04,26.9,23.2,25.0,29.6,26.6,27.8,3.0,19.3,39.2,48,14.67,1010.8,ward_02_manali,13.168,80.258,ECMWF_ERA5_Reanalysis
2021-01-05,26.0,23.7,24.6,29.7,26.9,28.4,16.6,16.3,34.2,65,7.14,1011.2,ward_02_manali,13.168,80.258,ECMWF_ERA5_Reanalysis
2021-01-06,27.3,23.6,25.0,30.9,28.2,29.5,16.9,15.0,35.6,83,12.11,1010.3,ward_02_manali,13.168,80.258,ECMWF_ERA5_Reanalysis
2021-01-07,27.2,23.4,25.1,30.2,28.0,29.3,3.7,16.6,34.9,43,9.0,1009.1,ward_02_manali,13.168,80.258,ECMWF_ERA5_Reanalysis
2021-01-08,28.0,23.5,25.3,32.5,27.9,29.7,4.8,13.0,30.2,56,14.28,1008.5,ward_02_manali,13.168,80.258,ECMWF_ERA5_Reanalysis
2021-01-09,28.2,23.1,25.4,31.7,27.2,29.2,2.1,17.3,37.1,48,16.67,1009.4,ward_02_manali,13.168,80.258,ECMWF_ERA5_Reanalysis
2021-01-10,28.2,23.8,25.7,30.9,27.9,29.4,0.5,18.3,37.4,35,12.64,1009.6,ward_02_manali,13.168,80.258,ECMWF_ERA5_Reanalysis
2021-01-11,28.2,23.9,25.6,31.2,27.7,29.1,2.6,21.2,42.5,26,15.49,1010.5,ward_02_manali,13.168,80.258,ECMWF_ERA5_Reanalysis
2021-01-12,28.2,24.1,25.8,30.7,27.6,28.7,1.4,21.9,44.3,33,16.01,1010.8,ward_02_manali,13.168,80.258,ECMWF_ERA5_Reanalysis
2021-01-13,28.1,23.6,25.5,30.6,27.0,28.5,0.4,20.4,41.8,31,17.23,1010.9,ward_02_manali,13.168,80.258,ECMWF_ERA5_Reanalysis
2021-01-14,27.4,23.3,25.2,30.9,27.1,28.5,1.8,21.1,42.1,40,14.9,1010.5,ward_02_manali,13.168,80.258,ECMWF_ERA5_Reanalysis
2021-01-15,28.2,22.4,24.9,32.0,25.9,28.4,0.0,13.8,31.0,46,18.92,1010.3,ward_02_manali,13.168,80.258,ECMWF_ERA5_Reanalysis
2021-01-16,27.8,21.3,24.3,31.6,24.0,27.5,0.0,12.4,28.4,51,20.35,1009.8,ward_02_manali,13.168,80.258,ECMWF_ERA5_Reanalysis
2021-01-17,27.4,19.9,24.2,30.6,22.5,26.9,0.0,13.8,29.9,48,20.19,1010.9,ward_02_manali,13.168,80.258,ECMWF_ERA5_Reanalysis
2021-01-18,27.9,22.0,25.0,29.2,24.4,27.0,0.0,17.2,35.6,46,16.7,1011.8,ward_02_manali,13.168,80.258,ECMWF_ERA5_Reanalysis
2021-01-19,28.1,21.7,24.9,30.7,24.8,27.4,0.0,16.8,34.9,28,20.23,1011.2,ward_02_manali,13.168,80.258,ECMWF_ERA5_Reanalysis
2021-01-20,28.1,22.0,25.2,30.8,25.3,28.3,0.0,13.6,29.9,27,13.68,1011.5,ward_02_manali,13.168,80.258,ECMWF_ERA5_Reanalysis
2021-01-21,28.7,22.8,25.5,34.1,27.2,30.2,1.0,9.7,24.1,71,17.36,1010.9,ward_02_manali,13.168,80.258,ECMWF_ERA5_Reanalysis
2021-01-22,28.8,22.6,25.4,33.7,27.4,30.0,0.7,11.4,27.0,92,18.35,1010.9,ward_02_manali,13.168,80.258,ECMWF_ERA5_Reanalysis
2021-01-23,28.5,21.9,24.8,32.9,25.6,28.7,0.3,11.2,26.3,85,19.93,1011.4,ward_02_manali,13.168,80.258,ECMWF_ERA5_Reanalysis
2021-01-24,28.4,21.1,24.7,32.4,25.0,28.4,0.0,13.0,29.9,76,18.34,1012.1,ward_02_manali,13.168,80.258,ECMWF_ERA5_Reanalysis
2021-01-25,28.3,21.4,24.5,32.1,24.2,27.8,0.7,13.1,29.9,72,17.97,1012.5,ward_02_manali,13.168,80.258,ECMWF_ERA5_Reanalysis
2021-01-26,28.1,19.8,23.8,31.4,21.8,26.4,0.0,12.7,29.9,50,21.26,1012.0,ward_02_manali,13.168,80.258,ECMWF_ERA5_Reanalysis
2021-01-27,27.7,20.5,24.3,31.0,23.1,27.1,0.0,12.6,26.6,67,19.29,1012.4,ward_02_manali,13.168,80.258,ECMWF_ERA5_Reanalysis
2021-01-28,28.2,22.0,25.2,30.0,24.6,27.8,0.8,17.1,37.4,56,17.37,1012.5,ward_02_manali,13.168,80.258,ECMWF_ERA5_Reanalysis
2021-01-29,28.6,22.5,25.7,31.4,25.2,28.4,0.4,17.4,37.4,57,19.36,1012.7,ward_02_manali,13.168,80.258,ECMWF_ERA5_Reanalysis
2021-01-30,28.6,22.9,25.5,32.1,26.4,28.8,0.0,14.7,33.1,54,20.57,1012.2,ward_02_manali,13.168,80.258,ECMWF_ERA5_Reanalysis
2021-01-31,28.7,22.9,25.5,33.0,26.8,29.0,0.0,15.1,33.8,60,21.34,1012.6,ward_02_manali,13.168,80.258,ECMWF_ERA5_Reanalysis
2021-02-01,28.8,22.8,25.7,31.6,26.2,28.3,0.0,19.2,40.7,47,20.94,1014.4,ward_02_manali,13.168,80.258,ECMWF_ERA5_Reanalysis
2021-02-02,28.4,21.7,25.2,31.2,24.7,28.0,0.6,18.7,38.5,54,19.57,1014.5,ward_02_manali,13.168,80.258,ECMWF_ERA5_Reanalysis
2021-02-03,28.1,22.1,25.0,30.6,25.3,27.4,0.0,17.7,38.5,49,20.87,1014.2,ward_02_manali,13.168,80.258,ECMWF_ERA5_Reanalysis
2021-02-04,28.4,21.4,24.6,30.0,23.5,26.3,0.0,17.7,38.5,53,22.03,1014.0,ward_02_manali,13.168,80.258,ECMWF_ERA5_Reanalysis
2021-02-05,28.0,20.1,24.2,30.1,21.7,25.7,0.0,15.1,34.2,41,21.42,1013.2,ward_02_manali,13.168,80.258,ECMWF_ERA5_Reanalysis
2021-02-06,28.2,19.8,24.1,30.3,21.3,26.0,0.0,17.5,37.8,45,22.73,1012.0,ward_02_manali,13.168,80.258,ECMWF_ERA5_Reanalysis
2021-02-07,28.7,19.2,24.0,31.0,21.1,26.0,0.0,18.1,38.9,22,22.37,1012.5,ward_02_manali,13.168,80.258,ECMWF_ERA5_Reanalysis
2021-02-08,28.5,19.8,24.8,30.6,21.5,26.8,0.0,19.2,41.0,44,21.98,1013.4,ward_02_manali,13.168,80.258,ECMWF_ERA5_Reanalysis
2021-02-09,28.5,23.0,25.2,30.0,24.6,26.5,0.0,17.0,37.4,57,22.75,1012.7,ward_02_manali,13.168,80.258,ECMWF_ERA5_Reanalysis
2021-02-10,28.3,18.7,23.9,30.8,20.2,25.8,0.0,13.1,31.7,58,23.09,1011.8,ward_02_manali,13.168,80.258,ECMWF_ERA5_Reanalysis
2021-02-11,28.5,20.2,23.9,30.9,21.4,25.6,0.0,13.4,31.7,74,23.01,1011.4,ward_02_manali,13.168,80.258,ECMWF_ERA5_Reanalysis
2021-02-12,28.2,20.0,24.0,30.6,21.4,25.3,0.0,13.7,31.0,39,22.79,1012.0,ward_02_manali,13.168,80.258,ECMWF_ERA5_Reanalysis
2021-02-13,29.0,20.9,24.5,31.8,22.3,26.4,0.0,14.8,34.2,55,21.45,1012.8,ward_02_manali,13.168,80.258,ECMWF_ERA5_Reanalysis
2021-02-14,29.0,19.9,24.0,31.5,22.6,26.3,0.0,15.8,36.7,61,21.99,1012.7,ward_02_manali,13.168,80.258,ECMWF_ERA5_Reanalysis
2021-02-15,29.2,19.3,24.3,33.8,21.6,27.1,0.0,15.3,34.2,71,23.53,1011.5,ward_02_manali,13.168,80.258,ECMWF_ERA5_Reanalysis
2021-02-16,29.4,20.6,24.4,33.6,22.8,27.3,0.0,14.1,32.8,108,23.67,1011.2,ward_02_manali,13.168,80.258,ECMWF_ERA5_Reanalysis
2021-02-17,28.6,20.5,24.8,31.4,22.2,27.3,0.0,14.4,33.1,95,22.12,1011.1,ward_02_manali,13.168,80.258,ECMWF_ERA5_Reanalysis
2021-02-18,28.8,23.3,25.8,31.0,25.0,27.4,0.0,16.0,35.6,74,22.66,1012.2,ward_02_manali,13.168,80.258,ECMWF_ERA5_Reanalysis
2021-02-19,27.9,22.9,25.1,30.1,26.0,27.7,6.6,19.5,41.8,45,17.08,1012.7,ward_02_manali,13.168,80.258,ECMWF_ERA5_Reanalysis
2021-02-20,27.4,22.3,24.5,29.7,25.5,27.4,3.4,17.8,36.0,32,15.01,1012.2,ward_02_manali,13.168,80.258,ECMWF_ERA5_Reanalysis
2021-02-21,26.9,21.7,24.0,29.4,25.6,27.1,12.9,16.9,38.9,66,12.33,1013.1,ward_02_manali,13.168,80.258,ECMWF_ERA5_Reanalysis
2021-02-22,28.7,23.1,25.6,32.2,27.2,29.1,0.4,16.0,35.3,39,20.36,1013.0,ward_02_manali,13.168,80.258,ECMWF_ERA5_Reanalysis
2021-02-23,29.2,21.9,25.2,33.9,25.9,29.1,0.0,14.9,33.5,42,21.91,1011.8,ward_02_manali,13.168,80.258,ECMWF_ERA5_Reanalysis
2021-02-24,29.6,21.3,24.7,34.2,24.9,28.4,0.0,12.3,29.2,115,23.72,1011.0,ward_02_manali,13.168,80.258,ECMWF_ERA5_Reanalysis
2021-02-25,29.6,20.7,24.4,35.3,23.9,28.0,0.0,13.5,30.2,135,23.64,1010.7,ward_02_manali,13.168,80.258,ECMWF_ERA5_Reanalysis
2021-02-26,30.9,20.7,25.0,36.7,23.4,28.8,0.0,12.1,28.1,174,24.34,1009.1,ward_02_manali,13.168,80.258,ECMWF_ERA5_Reanalysis
2021-02-27,31.0,21.2,25.3,36.3,24.2,28.9,0.0,15.2,32.8,177,23.89,1008.3,ward_02_manali,13.168,80.258,ECMWF_ERA5_Reanalysis
2021-02-28,29.9,20.6,24.7,34.3,23.5,28.2,0.0,14.5,32.8,169,24.03,1009.2,ward_02_manali,13.168,80.258,ECMWF_ERA5_Reanalysis
2021-03-01,31.1,21.3,25.5,36.4,24.2,29.1,0.0,16.7,36.4,172,24.24,1011.8,ward_02_manali,13.168,80.258,ECMWF_ERA5_Reanalysis
2021-03-02,31.1,22.1,25.7,36.5,25.5,29.5,0.0,14.3,32.0,174,24.07,1012.1,ward_02_manali,13.168,80.258,ECMWF_ERA5_Reanalysis
2021-03-03,30.2,21.3,24.8,34.6,24.5,28.5,0.0,12.8,31.0,165,24.59,1011.2,ward_02_manali,13.168,80.258,ECMWF_ERA5_Reanalysis
2021-03-04,29.2,20.7,24.7,33.4,23.9,28.1,0.0,12.8,31.0,149,24.22,1011.8,ward_02_manali,13.168,80.258,ECMWF_ERA5_Reanalysis
2021-03-05,30.3,20.4,25.1,34.2,23.4,28.6,0.0,12.7,30.2,105,24.96,1012.4,ward_02_manali,13.168,80.258,ECMWF_ERA5_Reanalysis
2021-03-06,30.3,21.7,25.7,36.3,25.4,29.6,0.0,14.7,33.5,147,24.68,1012.0,ward_02_manali,13.168,80.258,ECMWF_ERA5_Reanalysis
2021-03-07,31.0,22.6,26.3,36.6,26.5,30.5,0.0,13.4,31.3,150,24.11,1011.2,ward_02_manali,13.168,80.258,ECMWF_ERA5_Reanalysis
2021-03-08,30.2,22.9,26.4,34.9,27.2,30.5,0.0,14.5,33.1,112,24.0,1011.8,ward_02_manali,13.168,80.258,ECMWF_ERA5_Reanalysis
2021-03-09,30.7,22.6,26.6,35.2,26.9,30.8,0.0,15.2,34.9,86,24.26,1012.4,ward_02_manali,13.168,80.258,ECMWF_ERA5_Reanalysis
2021-03-10,30.7,24.4,27.4,36.1,29.2,31.9,0.2,14.5,34.2,106,23.67,1012.1,ward_02_manali,13.168,80.258,ECMWF_ERA5_Reanalysis
2021-03-11,30.8,24.1,27.0,35.3,28.2,31.0,0.0,15.0,34.2,138,24.6,1012.1,ward_02_manali,13.168,80.258,ECMWF_ERA5_Reanalysis
2021-03-12,30.0,21.8,25.6,34.2,25.4,29.2,0.0,13.5,32.8,136,24.62,1013.4,ward_02_manali,13.168,80.258,ECMWF_ERA5_Reanalysis
2021-03-13,30.7,21.2,25.7,35.2,24.4,29.2,0.0,14.0,33.8,81,24.83,1012.7,ward_02_manali,13.168,80.258,ECMWF_ERA5_Reanalysis
2021-03-14,32.0,21.5,26.4,35.6,25.2,30.1,0.0,14.0,32.8,119,25.39,1011.1,ward_02_manali,13.168,80.258,ECMWF_ERA5_Reanalysis
2021-03-15,32.4,22.4,26.8,36.2,26.4,30.8,0.0,16.3,37.1,112,25.28,1010.2,ward_02_manali,13.168,80.258,ECMWF_ERA5_Reanalysis
2021-03-16,31.5,22.8,26.7,36.9,27.3,31.3,0.0,15.7,34.9,120,24.77,1010.1,ward_02_manali,13.168,80.258,ECMWF_ERA5_Reanalysis
2021-03-17,30.9,22.3,26.2,35.3,26.3,30.4,0.0,15.0,34.9,151,24.42,1009.4,ward_02_manali,13.168,80.258,ECMWF_ERA5_Reanalysis
2021-03-18,31.1,23.1,26.5,35.2,26.7,30.3,0.0,13.9,33.5,127,23.83,1009.7,ward_02_manali,13.168,80.258,ECMWF_ERA5_Reanalysis
2021-03-19,30.9,22.5,26.1,36.0,25.4,29.7,0.0,16.4,34.6,131,24.68,1009.4,ward_02_manali,13.168,80.258,ECMWF_ERA5_Reanalysis
2021-03-20,31.4,21.7,26.1,36.4,25.2,29.8,0.0,15.7,36.7,148,25.16,1008.2,ward_02_manali,13.168,80.258,ECMWF_ERA5_Reanalysis
2021-03-21,31.6,21.9,26.4,35.7,25.6,30.2,0.0,13.5,30.2,143,18.81,1007.9,ward_02_manali,13.168,80.258,ECMWF_ERA5_Reanalysis
2021-03-22,31.5,22.6,26.7,36.1,26.6,30.9,0.0,13.7,32.8,144,25.09,1009.5,ward_02_manali,13.168,80.258,ECMWF_ERA5_Reanalysis
2021-03-23,31.1,22.8,26.9,36.2,27.1,31.3,0.0,14.1,33.5,103,24.16,1010.4,ward_02_manali,13.168,80.258,ECMWF_ERA5_Reanalysis
2021-03-24,31.8,22.9,27.2,37.4,27.5,31.9,0.0,14.5,33.8,97,24.81,1010.0,ward_02_manali,13.168,80.258,ECMWF_ERA5_Reanalysis
2021-03-25,32.2,23.4,27.4,37.3,28.4,32.2,0.0,14.4,34.6,126,25.42,1009.0,ward_02_manali,13.168,80.258,ECMWF_ERA5_Reanalysis
2021-03-26,32.6,23.4,27.8,38.9,28.5,33.0,0.0,14.7,34.6,125,23.78,1008.5,ward_02_manali,13.168,80.258,ECMWF_ERA5_Reanalysis
2021-03-27,33.1,23.8,28.0,39.5,28.7,32.9,0.0,16.1,37.1,147,25.26,1008.1,ward_02_manali,13.168,80.258,ECMWF_ERA5_Reanalysis
2021-03-28,32.6,23.7,28.0,39.1,28.5,32.7,0.0,18.6,40.7,161,24.88,1007.5,ward_02_manali,13.168,80.258,ECMWF_ERA5_Reanalysis
2021-03-29,33.6,25.2,28.7,39.2,30.3,33.3,0.0,20.5,44.6,174,25.5,1007.1,ward_02_manali,13.168,80.258,ECMWF_ERA5_Reanalysis
2021-03-30,36.5,25.0,29.4,42.4,29.3,33.9,0.0,19.8,41.4,186,26.11,1005.3,ward_02_manali,13.168,80.258,ECMWF_ERA5_Reanalysis
2021-03-31,36.3,24.6,29.7,42.2,28.9,34.1,0.0,22.9,46.8,183,25.51,1003.3,ward_02_manali,13.168,80.258,ECMWF_ERA5_Reanalysis
2021-04-01,36.7,26.3,30.4,42.8,29.7,34.7,0.0,23.6,49.3,179,25.24,1002.9,ward_02_manali,13.168,80.258,ECMWF_ERA5_Reanalysis
2021-04-02,38.1,27.6,31.4,42.5,30.8,35.1,0.0,18.6,38.9,187,25.25,1003.3,ward_02_manali,13.168,80.258,ECMWF_ERA5_Reanalysis
2021-04-03,37.0,26.6,30.2,42.8,30.3,34.8,0.0,23.9,50.0,171,24.78,1004.4,ward_02_manali,13.168,80.258,ECMWF_ERA5_Reanalysis
2021-04-04,34.2,26.5,29.8,41.5,32.7,35.8,0.0,14.7,36.7,137,24.39,1006.4,ward_02_manali,13.168,80.258,ECMWF_ERA5_Reanalysis
2021-04-05,33.5,26.6,29.5,40.5,32.4,34.9,0.0,15.6,39.2,123,25.05,1008.0,ward_02_manali,13.168,80.258,ECMWF_ERA5_Reanalysis
2021-04-06,32.9,25.5,28.6,38.0,31.0,33.9,0.2,18.9,41.0,138,25.11,1009.1,ward_02_manali,13.168,80.258,ECMWF_ERA5_Reanalysis
2021-04-07,32.5,24.6,28.2,37.8,29.3,32.6,0.0,19.4,41.8,157,25.57,1009.8,ward_02_manali,13.168,80.258,ECMWF_ERA5_Reanalysis
2021-04-08,32.9,24.6,28.3,37.4,29.5,32.3,0.0,21.1,46.1,167,25.59,1008.2,ward_02_manali,13.168,80.258,ECMWF_ERA5_Reanalysis
2021-04-09,32.6,23.9,28.2,36.2,28.5,31.8,0.0,19.2,42.5,159,25.8,1007.9,ward_02_manali,13.168,80.258,ECMWF_ERA5_Reanalysis
2021-04-10,32.2,25.1,28.5,37.0,30.3,33.1,0.4,18.6,41.8,140,24.65,1009.4,ward_02_manali,13.168,80.258,ECMWF_ERA5_Reanalysis
2021-04-11,32.0,25.3,28.5,37.1,30.9,33.5,1.1,16.2,37.4,130,23.45,1010.6,ward_02_manali,13.168,80.258,ECMWF_ERA5_Reanalysis
2021-04-12,32.5,25.7,29.1,37.5,31.1,33.9,0.3,18.3,41.8,139,24.4,1010.7,ward_02_manali,13.168,80.258,ECMWF_ERA5_Reanalysis
2021-04-13,32.6,25.8,28.9,37.6,31.6,33.8,0.1,18.6,40.7,150,23.39,1010.2,ward_02_manali,13.168,80.258,ECMWF_ERA5_Reanalysis
2021-04-14,32.2,26.4,28.6,37.5,32.2,33.6,3.6,18.5,40.7,148,19.94,1009.5,ward_02_manali,13.168,80.258,ECMWF_ERA5_Reanalysis
2021-04-15,31.1,25.6,27.6,37.4,30.8,32.6,6.1,12.8,27.4,131,14.43,1009.3,ward_02_manali,13.168,80.258,ECMWF_ERA5_Reanalysis
2021-04-16,33.4,24.8,28.7,39.6,29.8,33.6,0.4,17.1,39.2,157,23.97,1008.3,ward_02_manali,13.168,80.258,ECMWF_ERA5_Reanalysis
2021-04-17,33.4,26.1,29.4,39.9,31.9,34.8,0.3,18.0,39.6,150,23.89,1008.8,ward_02_manali,13.168,80.258,ECMWF_ERA5_Reanalysis
2021-04-18,34.0,26.4,29.8,39.7,32.8,35.0,0.0,20.7,45.4,163,25.61,1009.6,ward_02_manali,13.168,80.258,ECMWF_ERA5_Reanalysis
2021-04-19,34.7,26.7,30.2,41.7,32.5,35.6,0.0,19.9,43.6,161,24.88,1007.4,ward_02_manali,13.168,80.258,ECMWF_ERA5_Reanalysis
2021-04-20,34.3,27.1,30.0,40.0,32.2,34.9,0.0,23.3,49.7,164,25.25,1006.7,ward_02_manali,13.168,80.258,ECMWF_ERA5_Reanalysis
2021-04-21,34.4,26.7,29.9,40.2,33.1,34.9,0.0,25.3,52.6,165,25.01,1008.0,ward_02_manali,13.168,80.258,ECMWF_ERA5_Reanalysis
2021-04-22,33.7,26.8,29.7,39.1,32.2,34.7,0.1,21.3,46.4,164,24.73,1008.5,ward_02_manali,13.168,80.258,ECMWF_ERA5_Reanalysis
2021-04-23,34.0,26.7,30.0,39.5,32.7,35.1,0.0,21.1,45.7,161,23.72,1008.3,ward_02_manali,13.168,80.258,ECMWF_ERA5_Reanalysis
2021-04-24,33.7,27.2,30.0,39.1,33.6,35.3,0.2,19.1,42.1,154,23.28,1007.7,ward_02_manali,13.168,80.258,ECMWF_ERA5_Reanalysis
2021-04-25,33.8,27.0,29.8,39.1,32.9,34.9,0.0,20.2,44.6,155,25.08,1007.6,ward_02_manali,13.168,80.258,ECMWF_ERA5_Reanalysis
2021-04-26,33.4,26.2,29.5,38.1,32.2,34.3,0.3,23.4,50.0,156,25.03,1007.4,ward_02_manali,13.168,80.258,ECMWF_ERA5_Reanalysis
2021-04-27,33.3,26.6,29.5,38.8,32.6,34.7,0.3,19.8,44.3,156,25.69,1008.0,ward_02_manali,13.168,80.258,ECMWF_ERA5_Reanalysis
2021-04-28,34.4,26.6,30.0,40.6,32.6,35.4,0.0,19.1,43.2,151,25.62,1008.3,ward_02_manali,13.168,80.258,ECMWF_ERA5_Reanalysis
2021-04-29,34.3,27.3,30.2,40.3,33.4,35.7,0.0,19.6,43.6,147,25.22,1007.6,ward_02_manali,13.168,80.258,ECMWF_ERA5_Reanalysis
2021-04-30,33.0,27.4,29.8,38.8,34.0,35.4,0.4,18.3,41.4,136,24.58,1007.4,ward_02_manali,13.168,80.258,ECMWF_ERA5_Reanalysis
2021-05-01,33.1,26.9,29.9,38.6,33.3,35.1,0.1,17.9,39.2,130,25.06,1007.6,ward_02_manali,13.168,80.258,ECMWF_ERA5_Reanalysis
2021-05-02,33.1,26.4,29.7,38.4,33.1,35.0,0.3,17.9,40.3,123,23.69,1007.8,ward_02_manali,13.168,80.258,ECMWF_ERA5_Reanalysis
2021-05-03,33.1,26.7,29.8,38.3,32.9,34.7,0.3,16.9,38.9,130,23.43,1007.2,ward_02_manali,13.168,80.258,ECMWF_ERA5_Reanalysis
2021-05-04,32.8,26.4,29.7,38.3,32.0,34.6,0.5,18.3,40.7,150,22.54,1007.1,ward_02_manali,13.168,80.258,ECMWF_ERA5_Reanalysis
2021-05-05,33.6,26.6,29.9,38.9,32.9,34.9,0.5,19.4,40.3,144,24.09,1006.9,ward_02_manali,13.168,80.258,ECMWF_ERA5_Reanalysis
2021-05-06,33.6,27.1,30.1,38.8,33.5,35.2,0.3,19.7,43.2,138,24.25,1007.9,ward_02_manali,13.168,80.258,ECMWF_ERA5_Reanalysis
2021-05-07,32.6,27.9,29.7,37.6,32.9,34.6,1.2,19.6,40.3,139,20.74,1008.7,ward_02_manali,13.168,80.258,ECMWF_ERA5_Reanalysis
2021-05-08,32.4,26.8,29.6,38.1,33.0,34.8,0.0,17.4,39.2,124,22.59,1007.9,ward_02_manali,13.168,80.258,ECMWF_ERA5_Reanalysis
2021-05-09,33.1,27.0,29.9,38.6,33.3,35.3,0.5,17.1,37.1,137,22.51,1006.5,ward_02_manali,13.168,80.258,ECMWF_ERA5_Reanalysis
2021-05-10,34.1,27.5,30.4,39.5,33.7,35.4,0.3,19.7,43.2,161,23.35,1006.0,ward_02_manali,13.168,80.258,ECMWF_ERA5_Reanalysis
2021-05-11,35.8,27.6,30.9,41.0,33.5,35.5,0.0,24.5,50.4,169,24.19,1005.3,ward_02_manali,13.168,80.258,ECMWF_ERA5_Reanalysis
2021-05-12,34.3,28.0,30.8,39.4,33.2,35.5,0.7,24.1,50.8,171,23.93,1004.2,ward_02_manali,13.168,80.258,ECMWF_ERA5_Reanalysis
2021-05-13,34.7,28.3,30.8,39.6,33.0,35.7,0.1,23.8,49.7,167,22.88,1003.8,ward_02_manali,13.168,80.258,ECMWF_ERA5_Reanalysis
2021-05-14,33.8,27.8,30.7,38.8,33.0,35.3,0.4,24.7,50.4,161,22.1,1003.2,ward_02_manali,13.168,80.258,ECMWF_ERA5_Reanalysis
2021-05-15,34.8,29.1,31.1,37.8,32.9,34.5,0.0,28.5,58.3,168,21.76,1002.2,ward_02_manali,13.168,80.258,ECMWF_ERA5_Reanalysis
2021-05-16,34.9,28.7,31.1,39.0,33.1,35.1,1.9,26.6,56.2,171,22.78,1003.6,ward_02_manali,13.168,80.258,ECMWF_ERA5_Reanalysis
2021-05-17,34.7,28.5,31.0,39.1,34.1,35.6,0.2,22.7,47.5,161,23.2,1005.0,ward_02_manali,13.168,80.258,ECMWF_ERA5_Reanalysis
2021-05-18,33.9,28.8,30.8,38.9,33.6,35.3,0.0,23.7,49.7,166,21.89,1005.3,ward_02_manali,13.168,80.258,ECMWF_ERA5_Reanalysis
2021-05-19,35.0,27.4,30.8,40.6,32.2,35.5,0.8,25.1,51.8,168,21.96,1004.7,ward_02_manali,13.168,80.258,ECMWF_ERA5_Reanalysis
2021-05-20,35.0,26.2,29.5,40.8,31.9,34.8,43.6,17.7,42.5,192,23.06,1005.2,ward_02_manali,13.168,80.258,ECMWF_ERA5_Reanalysis
2021-05-21,36.3,26.7,29.8,40.6,31.6,34.7,7.6,17.6,38.5,218,18.04,1005.2,ward_02_manali,13.168,80.258,ECMWF_ERA5_Reanalysis
2021-05-22,33.8,26.2,28.8,36.6,31.6,33.6,2.2,21.3,44.6,229,14.41,1004.5,ward_02_manali,13.168,80.258,ECMWF_ERA5_Reanalysis
2021-05-23,35.8,27.1,30.4,41.5,30.5,34.7,0.0,19.5,42.8,194,20.11,1003.9,ward_02_manali,13.168,80.258,ECMWF_ERA5_Reanalysis
2021-05-24,37.7,28.3,32.1,41.9,33.0,36.5,0.0,17.0,39.2,246,17.4,1003.1,ward_02_manali,13.168,80.258,ECMWF_ERA5_Reanalysis
2021-05-25,38.4,29.1,32.4,41.5,32.1,35.0,0.9,19.2,42.5,244,17.28,1001.6,ward_02_manali,13.168,80.258,ECMWF_ERA5_Reanalysis
2021-05-26,39.7,28.4,33.0,41.0,30.4,35.1,0.0,22.1,45.0,234,21.84,1000.6,ward_02_manali,13.168,80.258,ECMWF_ERA5_Reanalysis
2021-05-27,38.3,28.9,32.2,42.7,30.5,35.0,0.0,22.7,41.0,237,22.73,1001.8,ward_02_manali,13.168,80.258,ECMWF_ERA5_Reanalysis
2021-05-28,36.8,27.9,31.2,41.4,30.4,34.6,0.0,19.4,38.5,187,24.13,1003.6,ward_02_manali,13.168,80.258,ECMWF_ERA5_Reanalysis
2021-05-29,36.9,27.7,31.3,43.0,31.6,35.6,0.0,17.0,36.7,173,23.8,1004.5,ward_02_manali,13.168,80.258,ECMWF_ERA5_Reanalysis
2021-05-30,38.5,28.2,32.0,43.7,31.9,36.1,0.1,17.3,36.4,195,23.99,1004.1,ward_02_manali,13.168,80.258,ECMWF_ERA5_Reanalysis
2021-05-31,38.1,27.0,31.5,44.4,31.0,35.9,0.3,17.1,38.9,215,24.24,1003.0,ward_02_manali,13.168,80.258,ECMWF_ERA5_Reanalysis
2021-06-01,36.5,28.5,31.5,42.9,32.5,36.4,0.1,14.7,37.1,174,23.5,1003.6,ward_02_manali,13.168,80.258,ECMWF_ERA5_Reanalysis
2021-06-02,34.8,28.1,31.0,40.7,33.1,36.3,0.1,15.6,34.9,151,24.18,1004.4,ward_02_manali,13.168,80.258,ECMWF_ERA5_Reanalysis
2021-06-03,34.6,27.6,30.6,40.0,33.4,35.7,0.3,19.2,41.8,162,24.15,1006.0,ward_02_manali,13.168,80.258,ECMWF_ERA5_Reanalysis
2021-06-04,32.1,27.4,29.5,37.6,32.6,34.8,2.2,18.1,40.3,159,22.74,1007.0,ward_02_manali,13.168,80.258,ECMWF_ERA5_Reanalysis
2021-06-05,32.4,26.0,29.1,37.9,31.5,34.4,3.7,18.9,37.4,157,22.58,1006.5,ward_02_manali,13.168,80.258,ECMWF_ERA5_Reanalysis
2021-06-06,33.5,25.7,29.3,39.8,31.4,34.6,2.1,15.7,38.9,154,22.45,1006.1,ward_02_manali,13.168,80.258,ECMWF_ERA5_Reanalysis
2021-06-07,36.4,28.0,31.0,41.9,31.7,35.8,3.2,15.3,37.8,183,22.22,1005.6,ward_02_manali,13.168,80.258,ECMWF_ERA5_Reanalysis
2021-06-08,35.2,27.8,30.9,41.1,33.1,35.9,1.1,19.4,38.5,180,22.29,1004.8,ward_02_manali,13.168,80.258,ECMWF_ERA5_Reanalysis
2021-06-09,37.9,27.8,31.8,41.4,31.9,35.3,0.3,18.0,40.3,222,23.62,1003.5,ward_02_manali,13.168,80.258,ECMWF_ERA5_Reanalysis
2021-06-10,37.0,28.4,31.4,40.1,31.3,34.0,0.9,19.8,40.0,222,19.25,1002.6,ward_02_manali,13.168,80.258,ECMWF_ERA5_Reanalysis
2021-06-11,37.2,28.6,31.4,38.1,30.8,34.0,0.0,22.1,45.0,229,17.44,1002.6,ward_02_manali,13.168,80.258,ECMWF_ERA5_Reanalysis
2021-06-12,38.7,29.0,32.2,40.2,30.7,34.5,0.6,20.3,45.7,239,20.83,1002.4,ward_02_manali,13.168,80.258,ECMWF_ERA5_Reanalysis
2021-06-13,37.0,28.6,32.7,38.1,30.3,33.6,0.1,26.6,51.1,253,17.24,1001.8,ward_02_manali,13.168,80.258,ECMWF_ERA5_Reanalysis
2021-06-14,36.0,29.7,32.0,36.0,30.8,32.6,0.0,27.8,55.1,249,12.98,1002.1,ward_02_manali,13.168,80.258,ECMWF_ERA5_Reanalysis
2021-06-15,37.3,27.8,30.9,40.3,29.4,33.4,0.1,22.1,46.4,217,14.01,1001.8,ward_02_manali,13.168,80.258,ECMWF_ERA5_Reanalysis
2021-06-16,39.4,28.7,33.1,40.3,29.6,34.2,0.2,25.5,52.2,249,21.42,1002.9,ward_02_manali,13.168,80.258,ECMWF_ERA5_Reanalysis
2021-06-17,38.5,29.2,32.2,40.3,31.1,34.5,0.5,22.5,51.1,223,19.88,1003.8,ward_02_manali,13.168,80.258,ECMWF_ERA5_Reanalysis
2021-06-18,37.5,29.0,32.0,38.7,30.6,34.3,0.0,21.1,44.3,227,18.75,1005.1,ward_02_manali,13.168,80.258,ECMWF_ERA5_Reanalysis
2021-06-19,37.8,29.0,32.0,39.5,30.0,33.7,0.1,23.7,46.1,226,19.59,1006.6,ward_02_manali,13.168,80.258,ECMWF_ERA5_Reanalysis
2021-06-20,38.3,28.5,31.7,41.2,30.4,34.5,0.1,19.4,40.7,213,21.94,1006.7,ward_02_manali,13.168,80.258,ECMWF_ERA5_Reanalysis
2021-06-21,36.9,28.0,31.3,41.1,31.2,34.5,0.4,21.5,45.0,195,23.53,1005.7,ward_02_manali,13.168,80.258,ECMWF_ERA5_Reanalysis
2021-06-22,35.8,26.8,30.3,41.0,30.5,33.9,3.8,19.4,40.0,191,19.66,1005.2,ward_02_manali,13.168,80.258,ECMWF_ERA5_Reanalysis
2021-06-23,36.1,27.2,30.7,42.0,29.1,34.5,4.7,22.5,40.7,191,21.24,1005.0,ward_02_manali,13.168,80.258,ECMWF_ERA5_Reanalysis
2021-06-24,32.7,26.5,29.0,36.5,29.6,32.8,0.9,15.7,32.4,218,13.1,1005.5,ward_02_manali,13.168,80.258,ECMWF_ERA5_Reanalysis
2021-06-25,34.1,27.3,29.8,37.2,32.2,34.0,0.0,15.9,28.8,194,14.63,1004.2,ward_02_manali,13.168,80.258,ECMWF_ERA5_Reanalysis
2021-06-26,34.2,26.9,30.2,38.7,30.5,33.8,0.1,17.1,32.8,208,17.58,1003.7,ward_02_manali,13.168,80.258,ECMWF_ERA5_Reanalysis
2021-06-27,31.5,27.3,29.0,36.7,30.5,33.2,3.5,15.6,40.0,217,15.52,1005.2,ward_02_manali,13.168,80.258,ECMWF_ERA5_Reanalysis
2021-06-28,32.8,25.6,28.7,38.9,30.7,33.5,5.4,17.2,36.4,174,23.09,1005.5,ward_02_manali,13.168,80.258,ECMWF_ERA5_Reanalysis
2021-06-29,32.6,27.8,29.5,37.4,32.8,34.2,0.8,22.5,45.4,178,22.82,1005.5,ward_02_manali,13.168,80.258,ECMWF_ERA5_Reanalysis
2021-06-30,34.1,27.3,29.9,40.5,31.7,35.0,2.0,17.9,37.8,179,22.55,1004.7,ward_02_manali,13.168,80.258,ECMWF_ERA5_Reanalysis
2021-07-01,33.8,26.5,29.5,40.4,30.4,34.4,3.6,22.7,45.7,188,23.86,1003.8,ward_02_manali,13.168,80.258,ECMWF_ERA5_Reanalysis
2021-07-02,33.3,25.8,28.7,40.5,31.0,34.2,19.4,15.6,30.2,195,22.68,1004.8,ward_02_manali,13.168,80.258,ECMWF_ERA5_Reanalysis
2021-07-03,32.8,25.5,28.7,39.7,31.2,34.3,2.0,13.7,27.0,186,20.37,1005.3,ward_02_manali,13.168,80.258,ECMWF_ERA5_Reanalysis
2021-07-04,33.2,26.4,29.4,40.3,31.4,34.9,7.6,18.4,30.6,214,21.73,1005.1,ward_02_manali,13.168,80.258,ECMWF_ERA5_Reanalysis
2021-07-05,34.5,25.5,29.4,40.9,29.4,34.6,4.6,15.1,33.1,198,23.97,1004.0,ward_02_manali,13.168,80.258,ECMWF_ERA5_Reanalysis
2021-07-06,33.6,26.3,29.4,40.9,31.7,34.8,8.2,16.3,33.1,191,23.92,1003.5,ward_02_manali,13.168,80.258,ECMWF_ERA5_Reanalysis
2021-07-07,33.3,26.5,29.7,39.8,31.4,35.1,6.6,16.5,35.3,189,22.33,1003.5,ward_02_manali,13.168,80.258,ECMWF_ERA5_Reanalysis
2021-07-08,33.8,27.4,29.7,41.7,31.9,35.3,3.2,12.8,34.2,180,22.0,1003.7,ward_02_manali,13.168,80.258,ECMWF_ERA5_Reanalysis
2021-07-09,34.2,25.0,29.2,40.0,29.8,34.1,5.3,15.0,34.2,226,22.21,1002.1,ward_02_manali,13.168,80.258,ECMWF_ERA5_Reanalysis
2021-07-10,32.2,26.0,28.9,36.2,31.0,33.1,6.5,15.4,41.0,241,14.57,1001.1,ward_02_manali,13.168,80.258,ECMWF_ERA5_Reanalysis
2021-07-11,33.9,26.8,29.2,35.7,29.8,32.2,1.5,20.6,43.9,252,14.2,1001.0,ward_02_manali,13.168,80.258,ECMWF_ERA5_Reanalysis
2021-07-12,32.0,26.0,28.9,35.7,29.5,32.3,0.3,19.9,39.6,245,13.55,1001.5,ward_02_manali,13.168,80.258,ECMWF_ERA5_Reanalysis
2021-07-13,32.8,26.3,29.4,36.8,29.8,33.1,3.3,16.2,43.6,254,16.9,1002.2,ward_02_manali,13.168,80.258,ECMWF_ERA5_Reanalysis
2021-07-14,32.5,25.9,28.7,35.3,29.2,32.1,5.8,19.5,42.8,236,15.63,1003.1,ward_02_manali,13.168,80.258,ECMWF_ERA5_Reanalysis
2021-07-15,33.1,24.9,28.5,37.4,28.6,32.0,5.8,18.9,47.2,220,21.88,1003.1,ward_02_manali,13.168,80.258,ECMWF_ERA5_Reanalysis
2021-07-16,32.4,26.0,28.4,37.5,30.6,33.3,26.0,15.1,35.3,210,19.39,1005.1,ward_02_manali,13.168,80.258,ECMWF_ERA5_Reanalysis
2021-07-17,31.9,25.5,27.8,38.3,30.0,33.2,31.3,13.8,36.4,223,17.59,1005.0,ward_02_manali,13.168,80.258,ECMWF_ERA5_Reanalysis
2021-07-18,31.4,24.9,27.8,35.5,29.3,32.3,14.9,19.2,47.5,233,17.98,1003.8,ward_02_manali,13.168,80.258,ECMWF_ERA5_Reanalysis
2021-07-19,33.9,25.8,29.3,37.6,28.8,33.1,0.9,21.6,52.9,235,22.29,1003.4,ward_02_manali,13.168,80.258,ECMWF_ERA5_Reanalysis
2021-07-20,34.1,26.2,29.8,36.9,29.1,32.8,0.0,22.3,50.0,263,18.51,1004.8,ward_02_manali,13.168,80.258,ECMWF_ERA5_Reanalysis
2021-07-21,32.0,26.4,29.2,35.1,29.7,32.2,1.3,19.3,38.9,263,10.88,1004.4,ward_02_manali,13.168,80.258,ECMWF_ERA5_Reanalysis
2021-07-22,32.1,25.8,28.4,33.3,28.8,30.7,1.3,29.0,57.2,249,11.04,1001.6,ward_02_manali,13.168,80.258,ECMWF_ERA5_Reanalysis
2021-07-23,33.7,26.0,28.9,37.7,27.8,32.0,2.5,20.5,64.4,234,18.24,1001.3,ward_02_manali,13.168,80.258,ECMWF_ERA5_Reanalysis
2021-07-24,35.5,25.6,30.1,39.7,29.9,33.8,0.0,21.6,44.3,231,22.27,1002.6,ward_02_manali,13.168,80.258,ECMWF_ERA5_Reanalysis
2021-07-25,34.9,27.4,30.5,39.3,31.0,34.4,0.1,19.5,41.4,232,22.82,1003.7,ward_02_manali,13.168,80.258,ECMWF_ERA5_Reanalysis
2021-07-26,35.4,27.1,30.2,40.4,30.6,34.3,1.9,16.3,43.2,236,21.76,1004.3,ward_02_manali,13.168,80.258,ECMWF_ERA5_Reanalysis
2021-07-27,36.2,27.7,30.6,40.1,29.7,34.1,0.2,18.2,43.9,232,23.41,1003.5,ward_02_manali,13.168,80.258,ECMWF_ERA5_Reanalysis
2021-07-28,36.1,27.5,30.8,38.8,29.3,33.8,0.1,18.4,41.8,243,22.37,1004.1,ward_02_manali,13.168,80.258,ECMWF_ERA5_Reanalysis
2021-07-29,36.0,28.4,30.8,38.5,29.7,33.5,0.1,20.4,44.6,259,19.31,1004.8,ward_02_manali,13.168,80.258,ECMWF_ERA5_Reanalysis
2021-07-30,36.4,27.7,31.3,37.8,29.9,33.7,0.0,20.2,42.5,264,19.45,1005.6,ward_02_manali,13.168,80.258,ECMWF_ERA5_Reanalysis
2021-07-31,36.2,28.3,30.9,39.9,30.1,33.7,0.3,21.4,50.0,249,20.67,1006.1,ward_02_manali,13.168,80.258,ECMWF_ERA5_Reanalysis
2021-08-01,36.0,26.2,30.4,37.8,30.2,33.6,0.4,22.3,46.8,238,21.3,1005.2,ward_02_manali,13.168,80.258,ECMWF_ERA5_Reanalysis
2021-08-02,35.7,27.6,30.5,38.9,29.8,33.6,1.1,17.8,36.4,234,23.43,1005.2,ward_02_manali,13.168,80.258,ECMWF_ERA5_Reanalysis
2021-08-03,35.3,28.0,30.5,39.2,30.2,33.7,0.4,17.9,40.7,230,22.73,1006.5,ward_02_manali,13.168,80.258,ECMWF_ERA5_Reanalysis
2021-08-04,37.2,28.1,31.2,40.7,30.4,35.0,0.4,18.8,43.2,254,22.51,1006.5,ward_02_manali,13.168,80.258,ECMWF_ERA5_Reanalysis
2021-08-05,36.4,28.3,30.7,40.8,30.7,33.8,1.5,20.7,45.7,238,21.9,1004.9,ward_02_manali,13.168,80.258,ECMWF_ERA5_Reanalysis
2021-08-06,35.9,27.4,30.2,40.6,31.0,33.9,1.8,19.9,46.8,219,21.81,1004.0,ward_02_manali,13.168,80.258,ECMWF_ERA5_Reanalysis
2021-08-07,34.8,27.3,30.2,40.3,31.2,34.6,3.0,15.8,32.4,202,22.26,1004.9,ward_02_manali,13.168,80.258,ECMWF_ERA5_Reanalysis
2021-08-08,33.7,26.4,29.7,40.8,31.4,35.0,3.2,15.9,33.1,172,23.22,1005.7,ward_02_manali,13.168,80.258,ECMWF_ERA5_Reanalysis
2021-08-09,34.5,27.0,30.2,41.6,33.0,36.1,3.5,13.9,36.0,173,23.82,1006.0,ward_02_manali,13.168,80.258,ECMWF_ERA5_Reanalysis
2021-08-10,34.2,26.2,29.8,41.0,31.0,35.2,7.2,20.3,40.0,259,23.56,1005.5,ward_02_manali,13.168,80.258,ECMWF_ERA5_Reanalysis
2021-08-11,34.8,26.7,30.3,42.2,31.4,35.4,4.3,16.2,32.0,219,22.99,1005.3,ward_02_manali,13.168,80.258,ECMWF_ERA5_Reanalysis
2021-08-12,32.6,26.3,29.1,38.5,31.3,34.2,8.7,13.3,29.2,253,17.04,1006.2,ward_02_manali,13.168,80.258,ECMWF_ERA5_Reanalysis
2021-08-13,32.6,26.0,28.3,39.9,31.5,34.0,18.4,11.1,32.8,264,17.96,1005.2,ward_02_manali,13.168,80.258,ECMWF_ERA5_Reanalysis
2021-08-14,33.8,26.5,29.4,39.5,29.9,33.6,1.2,15.5,39.2,254,19.4,1003.4,ward_02_manali,13.168,80.258,ECMWF_ERA5_Reanalysis
2021-08-15,33.3,25.8,29.0,37.4,29.8,32.6,1.6,14.6,28.4,271,16.42,1004.3,ward_02_manali,13.168,80.258,ECMWF_ERA5_Reanalysis
2021-08-16,33.1,25.6,28.6,37.0,29.3,32.8,0.7,13.9,37.4,240,15.72,1005.3,ward_02_manali,13.168,80.258,ECMWF_ERA5_Reanalysis
2021-08-17,33.1,26.0,29.0,36.7,30.3,33.4,0.8,14.1,34.2,209,17.76,1005.9,ward_02_manali,13.168,80.258,ECMWF_ERA5_Reanalysis
2021-08-18,33.9,26.9,29.5,39.3,30.7,34.0,1.3,19.9,40.3,205,21.24,1004.2,ward_02_manali,13.168,80.258,ECMWF_ERA5_Reanalysis
2021-08-19,33.8,27.5,29.8,38.2,30.1,33.7,6.1,14.3,34.9,217,18.55,1003.8,ward_02_manali,13.168,80.258,ECMWF_ERA5_Reanalysis
2021-08-20,32.5,25.4,28.5,39.1,29.8,33.7,4.7,16.8,34.2,180,22.07,1005.0,ward_02_manali,13.168,80.258,ECMWF_ERA5_Reanalysis
2021-08-21,30.5,25.8,28.0,35.2,29.7,32.5,2.9,16.4,35.6,193,19.75,1007.2,ward_02_manali,13.168,80.258,ECMWF_ERA5_Reanalysis
2021-08-22,30.9,24.4,27.9,36.6,29.4,32.6,0.2,20.0,40.3,172,23.74,1007.1,ward_02_manali,13.168,80.258,ECMWF_ERA5_Reanalysis
2021-08-23,31.4,25.4,28.1,37.4,30.6,32.8,0.9,20.4,42.1,180,23.18,1006.7,ward_02_manali,13.168,80.258,ECMWF_ERA5_Reanalysis
2021-08-24,32.7,26.1,28.8,39.1,30.8,33.7,0.6,18.7,38.5,184,22.5,1005.9,ward_02_manali,13.168,80.258,ECMWF_ERA5_Reanalysis
2021-08-25,33.9,26.3,29.1,41.7,30.1,33.9,8.0,16.5,35.3,204,22.83,1004.9,ward_02_manali,13.168,80.258,ECMWF_ERA5_Reanalysis
2021-08-26,32.8,25.3,28.6,40.9,30.1,34.2,14.3,11.0,30.2,202,22.54,1003.7,ward_02_manali,13.168,80.258,ECMWF_ERA5_Reanalysis
2021-08-27,32.8,25.6,28.1,40.8,30.4,34.1,21.4,13.2,29.2,229,21.54,1003.1,ward_02_manali,13.168,80.258,ECMWF_ERA5_Reanalysis
2021-08-28,29.7,25.1,27.1,35.2,29.8,32.4,21.6,14.3,30.6,244,12.44,1002.1,ward_02_manali,13.168,80.258,ECMWF_ERA5_Reanalysis
2021-08-29,29.6,25.0,26.7,34.6,29.4,31.6,34.1,15.9,37.8,233,10.55,1001.6,ward_02_manali,13.168,80.258,ECMWF_ERA5_Reanalysis
2021-08-30,32.5,25.2,28.3,37.4,29.4,32.9,0.7,13.7,38.9,238,18.87,1002.6,ward_02_manali,13.168,80.258,ECMWF_ERA5_Reanalysis
2021-08-31,31.3,25.6,28.4,37.8,30.8,33.5,1.5,10.9,25.2,186,19.5,1004.3,ward_02_manali,13.168,80.258,ECMWF_ERA5_Reanalysis
2021-09-01,30.9,26.4,28.1,38.8,32.5,34.3,0.9,9.4,27.4,170,17.21,1005.6,ward_02_manali,13.168,80.258,ECMWF_ERA5_Reanalysis
2021-09-02,31.0,25.4,27.7,37.5,30.2,33.2,17.2,13.0,25.9,215,19.46,1005.2,ward_02_manali,13.168,80.258,ECMWF_ERA5_Reanalysis
2021-09-03,30.4,24.6,27.4,36.8,28.5,32.4,13.6,18.4,33.8,234,17.59,1004.1,ward_02_manali,13.168,80.258,ECMWF_ERA5_Reanalysis
2021-09-04,28.8,25.0,26.6,34.2,29.4,31.4,12.3,13.6,28.1,226,8.44,1004.3,ward_02_manali,13.168,80.258,ECMWF_ERA5_Reanalysis
2021-09-05,31.1,24.9,27.5,36.8,28.7,32.3,13.1,14.8,42.5,233,17.87,1003.7,ward_02_manali,13.168,80.258,ECMWF_ERA5_Reanalysis
2021-09-06,30.1,25.5,27.7,35.0,28.7,31.5,1.2,17.1,34.6,241,11.37,1003.4,ward_02_manali,13.168,80.258,ECMWF_ERA5_Reanalysis
2021-09-07,32.6,26.9,29.1,36.4,29.0,32.5,0.1,20.4,43.9,222,21.33,1003.8,ward_02_manali,13.168,80.258,ECMWF_ERA5_Reanalysis
2021-09-08,33.1,25.7,28.8,38.4,29.8,33.4,0.4,16.4,33.1,204,21.93,1005.5,ward_02_manali,13.168,80.258,ECMWF_ERA5_Reanalysis
2021-09-09,34.1,26.7,29.5,39.0,29.1,34.0,0.1,18.1,36.7,245,23.21,1006.1,ward_02_manali,13.168,80.258,ECMWF_ERA5_Reanalysis
2021-09-10,33.2,26.9,29.2,38.5,30.7,33.8,0.1,13.8,29.5,231,18.77,1005.4,ward_02_manali,13.168,80.258,ECMWF_ERA5_Reanalysis
2021-09-11,33.4,26.7,29.2,39.4,31.1,34.1,4.1,13.8,33.5,227,19.12,1004.3,ward_02_manali,13.168,80.258,ECMWF_ERA5_Reanalysis
2021-09-12,33.8,26.2,29.3,37.2,29.9,33.3,0.8,19.6,39.2,230,17.24,1003.1,ward_02_manali,13.168,80.258,ECMWF_ERA5_Reanalysis
2021-09-13,35.2,27.4,30.0,37.6,29.3,33.1,0.0,24.4,47.9,227,19.99,1002.2,ward_02_manali,13.168,80.258,ECMWF_ERA5_Reanalysis
2021-09-14,34.6,27.8,30.1,38.7,30.2,33.7,0.0,20.3,42.8,218,22.01,1003.2,ward_02_manali,13.168,80.258,ECMWF_ERA5_Reanalysis
2021-09-15,34.0,27.1,29.6,41.0,31.9,34.7,0.4,15.3,32.0,188,23.72,1004.5,ward_02_manali,13.168,80.258,ECMWF_ERA5_Reanalysis
2021-09-16,32.3,27.1,29.3,39.0,31.6,34.8,0.4,14.4,34.9,191,18.67,1004.7,ward_02_manali,13.168,80.258,ECMWF_ERA5_Reanalysis
2021-09-17,32.7,26.4,29.1,40.5,32.1,35.3,4.3,13.4,31.3,177,20.28,1004.6,ward_02_manali,13.168,80.258,ECMWF_ERA5_Reanalysis
2021-09-18,32.9,26.2,29.0,40.6,31.6,34.8,1.9,15.6,29.9,186,22.04,1006.1,ward_02_manali,13.168,80.258,ECMWF_ERA5_Reanalysis
2021-09-19,32.0,26.3,28.9,39.5,32.5,35.0,1.2,13.5,32.8,174,21.7,1007.5,ward_02_manali,13.168,80.258,ECMWF_ERA5_Reanalysis
2021-09-20,32.7,25.3,28.7,40.1,30.6,34.2,3.5,14.4,33.5,193,23.55,1006.7,ward_02_manali,13.168,80.258,ECMWF_ERA5_Reanalysis
2021-09-21,33.7,25.7,28.9,41.0,30.2,34.4,7.1,13.2,40.3,200,23.22,1005.3,ward_02_manali,13.168,80.258,ECMWF_ERA5_Reanalysis
2021-09-22,32.6,25.8,28.6,38.5,31.0,33.9,1.5,13.1,32.8,223,18.68,1004.1,ward_02_manali,13.168,80.258,ECMWF_ERA5_Reanalysis
2021-09-23,32.7,25.5,28.5,39.5,30.1,33.8,3.1,14.9,32.0,203,19.04,1004.3,ward_02_manali,13.168,80.258,ECMWF_ERA5_Reanalysis
2021-09-24,31.8,25.8,28.5,39.3,31.2,34.2,5.1,12.6,29.2,133,22.18,1005.3,ward_02_manali,13.168,80.258,ECMWF_ERA5_Reanalysis
2021-09-25,33.2,25.8,29.0,41.7,30.2,35.0,11.8,12.6,31.0,214,22.78,1004.6,ward_02_manali,13.168,80.258,ECMWF_ERA5_Reanalysis
2021-09-26,31.1,25.3,28.2,38.0,29.6,33.5,5.6,17.7,30.6,228,15.43,1002.5,ward_02_manali,13.168,80.258,ECMWF_ERA5_Reanalysis
2021-09-27,33.7,26.5,29.0,38.7,29.4,33.3,1.2,18.9,40.0,224,20.64,1000.8,ward_02_manali,13.168,80.258,ECMWF_ERA5_Reanalysis
2021-09-28,32.9,26.6,28.9,39.5,29.0,33.2,1.6,16.5,39.6,226,23.39,1003.6,ward_02_manali,13.168,80.258,ECMWF_ERA5_Reanalysis
2021-09-29,32.3,26.0,28.6,38.8,30.5,33.9,0.2,12.4,32.0,143,20.28,1005.8,ward_02_manali,13.168,80.258,ECMWF_ERA5_Reanalysis
2021-09-30,30.8,25.4,28.0,38.6,31.2,34.2,8.7,9.8,29.2,215,19.59,1006.9,ward_02_manali,13.168,80.258,ECMWF_ERA5_Reanalysis
2021-10-01,30.7,25.1,27.9,36.1,29.5,33.5,11.2,17.0,38.2,70,20.19,1006.6,ward_02_manali,13.168,80.258,ECMWF_ERA5_Reanalysis
2021-10-02,29.8,25.7,27.6,36.2,31.2,33.2,13.9,13.7,32.4,75,18.95,1006.8,ward_02_manali,13.168,80.258,ECMWF_ERA5_Reanalysis
2021-10-03,30.4,25.7,27.6,36.5,30.8,33.6,3.8,14.9,33.8,99,20.67,1006.3,ward_02_manali,13.168,80.258,ECMWF_ERA5_Reanalysis
2021-10-04,30.5,25.8,27.8,37.1,32.0,33.8,1.7,13.5,36.4,72,18.75,1005.6,ward_02_manali,13.168,80.258,ECMWF_ERA5_Reanalysis
2021-10-05,27.7,25.4,26.3,33.4,29.7,31.4,28.2,20.0,43.2,35,9.85,1005.2,ward_02_manali,13.168,80.258,ECMWF_ERA5_Reanalysis
2021-10-06,31.3,25.3,27.8,37.6,29.4,32.7,5.1,18.2,38.2,154,20.58,1004.0,ward_02_manali,13.168,80.258,ECMWF_ERA5_Reanalysis
2021-10-07,31.0,25.7,28.3,38.7,31.6,34.0,3.9,13.9,29.2,172,20.56,1004.8,ward_02_manali,13.168,80.258,ECMWF_ERA5_Reanalysis
2021-10-08,31.3,25.5,28.2,38.2,30.6,34.1,8.0,11.7,25.2,221,16.43,1005.1,ward_02_manali,13.168,80.258,ECMWF_ERA5_Reanalysis
2021-10-09,31.9,25.7,28.1,38.8,29.5,33.5,15.9,14.8,29.2,247,18.03,1005.8,ward_02_manali,13.168,80.258,ECMWF_ERA5_Reanalysis
2021-10-10,31.5,26.3,28.3,37.2,30.6,33.9,3.2,9.8,28.4,269,13.63,1005.6,ward_02_manali,13.168,80.258,ECMWF_ERA5_Reanalysis
2021-10-11,31.4,25.3,27.6,37.7,30.1,33.3,12.0,13.0,31.3,253,15.47,1004.4,ward_02_manali,13.168,80.258,ECMWF_ERA5_Reanalysis
2021-10-12,32.6,24.9,27.6,39.7,29.4,33.1,15.4,13.3,33.5,252,20.01,1004.3,ward_02_manali,13.168,80.258,ECMWF_ERA5_Reanalysis
2021-10-13,31.9,24.5,27.7,37.7,28.6,32.9,0.0,13.5,27.7,311,22.29,1003.9,ward_02_manali,13.168,80.258,ECMWF_ERA5_Reanalysis
2021-10-14,32.9,25.1,28.4,40.2,29.3,33.9,0.6,11.6,24.8,241,21.66,1003.3,ward_02_manali,13.168,80.258,ECMWF_ERA5_Reanalysis
2021-10-15,32.8,25.3,28.3,41.0,29.9,34.1,5.3,9.8,24.8,226,21.68,1001.1,ward_02_manali,13.168,80.258,ECMWF_ERA5_Reanalysis
2021-10-16,31.8,25.6,28.3,38.6,30.3,33.7,3.9,15.5,29.5,196,20.33,1000.9,ward_02_manali,13.168,80.258,ECMWF_ERA5_Reanalysis
2021-10-17,31.8,25.3,28.4,38.9,30.5,34.6,1.5,12.8,26.3,198,20.3,1002.2,ward_02_manali,13.168,80.258,ECMWF_ERA5_Reanalysis
2021-10-18,32.1,26.6,29.0,40.0,31.3,34.7,4.1,13.5,24.5,235,17.52,1004.8,ward_02_manali,13.168,80.258,ECMWF_ERA5_Reanalysis
2021-10-19,33.3,26.1,29.1,40.1,30.5,34.9,0.8,12.0,23.0,197,20.35,1007.5,ward_02_manali,13.168,80.258,ECMWF_ERA5_Reanalysis
2021-10-20,32.2,26.2,28.4,40.3,32.9,35.1,8.2,8.9,24.8,195,19.62,1009.8,ward_02_manali,13.168,80.258,ECMWF_ERA5_Reanalysis
2021-10-21,30.9,25.4,28.1,38.4,31.4,34.2,3.4,9.9,24.5,162,20.31,1010.2,ward_02_manali,13.168,80.258,ECMWF_ERA5_Reanalysis
2021-10-22,31.0,24.0,27.6,38.6,27.3,33.2,10.2,17.0,30.6,193,20.76,1010.7,ward_02_manali,13.168,80.258,ECMWF_ERA5_Reanalysis
2021-10-23,30.8,24.0,27.5,37.6,28.0,32.9,6.3,11.2,28.1,180,20.57,1011.1,ward_02_manali,13.168,80.258,ECMWF_ERA5_Reanalysis
2021-10-24,29.8,24.0,26.5,35.3,28.7,31.6,6.1,13.5,29.9,4,16.2,1011.1,ward_02_manali,13.168,80.258,ECMWF_ERA5_Reanalysis
2021-10-25,30.5,23.6,27.1,34.4,27.7,31.3,2.0,19.2,38.5,15,20.15,1009.6,ward_02_manali,13.168,80.258,ECMWF_ERA5_Reanalysis
2021-10-26,30.1,24.8,27.2,35.3,29.7,31.5,0.7,16.3,32.8,25,19.42,1008.8,ward_02_manali,13.168,80.258,ECMWF_ERA5_Reanalysis
2021-10-27,30.4,24.5,27.6,33.7,28.8,31.2,0.5,19.8,39.2,19,20.33,1008.9,ward_02_manali,13.168,80.258,ECMWF_ERA5_Reanalysis
2021-10-28,28.7,24.9,26.2,31.4,28.1,30.1,10.1,20.6,39.6,17,10.37,1009.0,ward_02_manali,13.168,80.258,ECMWF_ERA5_Reanalysis
2021-10-29,28.5,24.3,25.8,33.7,29.6,30.8,15.7,15.4,32.4,64,11.16,1010.0,ward_02_manali,13.168,80.258,ECMWF_ERA5_Reanalysis
2021-10-30,29.4,23.7,26.3,34.5,27.8,30.8,5.6,16.6,36.0,17,17.05,1011.0,ward_02_manali,13.168,80.258,ECMWF_ERA5_Reanalysis
2021-10-31,30.0,23.9,26.6,35.2,28.6,31.1,23.0,20.2,40.0,36,18.11,1010.5,ward_02_manali,13.168,80.258,ECMWF_ERA5_Reanalysis
2021-11-01,27.4,24.6,25.6,31.6,29.1,30.3,22.4,12.2,27.7,63,7.41,1009.9,ward_02_manali,13.168,80.258,ECMWF_ERA5_Reanalysis
2021-11-02,27.5,24.3,26.0,32.0,28.5,30.5,9.9,16.9,32.8,68,9.62,1009.8,ward_02_manali,13.168,80.258,ECMWF_ERA5_Reanalysis
2021-11-03,27.6,23.5,25.1,32.1,28.0,29.9,20.3,10.7,23.8,14,9.02,1009.7,ward_02_manali,13.168,80.258,ECMWF_ERA5_Reanalysis
2021-11-04,26.7,23.3,24.6,30.8,27.6,29.3,32.9,12.6,24.5,346,4.8,1009.3,ward_02_manali,13.168,80.258,ECMWF_ERA5_Reanalysis
2021-11-05,28.0,23.1,24.9,32.4,27.2,29.0,24.7,13.2,28.4,340,10.59,1008.7,ward_02_manali,13.168,80.258,ECMWF_ERA5_Reanalysis
2021-11-06,28.2,23.3,25.3,32.2,27.3,29.5,29.7,14.4,29.2,2,13.68,1007.3,ward_02_manali,13.168,80.258,ECMWF_ERA5_Reanalysis
2021-11-07,25.8,23.1,24.5,29.3,26.5,28.2,56.6,19.3,36.0,23,4.04,1007.4,ward_02_manali,13.168,80.258,ECMWF_ERA5_Reanalysis
2021-11-08,28.6,24.0,25.8,31.0,26.7,29.1,12.7,21.8,40.3,23,8.63,1008.6,ward_02_manali,13.168,80.258,ECMWF_ERA5_Reanalysis
2021-11-09,27.5,23.9,25.2,29.4,27.1,28.3,15.4,24.3,45.7,3,7.36,1008.7,ward_02_manali,13.168,80.258,ECMWF_ERA5_Reanalysis
2021-11-10,24.9,22.8,23.8,28.7,24.4,26.8,74.6,27.3,49.7,340,5.73,1007.4,ward_02_manali,13.168,80.258,ECMWF_ERA5_Reanalysis
2021-11-11,27.4,21.9,24.1,30.9,20.2,25.1,151.1,39.5,73.4,350,3.4,1000.8,ward_02_manali,13.168,80.258,ECMWF_ERA5_Reanalysis
2021-11-12,28.9,24.4,26.2,34.3,27.9,30.2,1.9,14.7,30.6,143,15.92,1005.0,ward_02_manali,13.168,80.258,ECMWF_ERA5_Reanalysis
2021-11-13,29.6,24.1,26.5,35.8,28.9,31.5,0.8,12.9,25.9,162,16.62,1006.5,ward_02_manali,13.168,80.258,ECMWF_ERA5_Reanalysis
2021-11-14,29.8,24.2,26.3,36.3,29.4,31.8,8.2,12.6,27.7,100,15.48,1006.7,ward_02_manali,13.168,80.258,ECMWF_ERA5_Reanalysis
2021-11-15,28.2,23.9,25.6,33.3,28.7,30.7,6.5,10.5,22.3,118,10.42,1005.7,ward_02_manali,13.168,80.258,ECMWF_ERA5_Reanalysis
2021-11-16,29.2,23.4,26.3,34.7,28.4,31.2,10.7,14.8,29.2,82,17.63,1006.2,ward_02_manali,13.168,80.258,ECMWF_ERA5_Reanalysis
2021-11-17,28.5,23.8,25.7,32.3,28.0,30.0,15.1,18.1,33.8,16,10.15,1007.6,ward_02_manali,13.168,80.258,ECMWF_ERA5_Reanalysis
2021-11-18,26.7,23.4,25.3,29.6,25.7,27.9,57.4,29.4,54.4,35,3.87,1004.0,ward_02_manali,13.168,80.258,ECMWF_ERA5_Reanalysis
2021-11-19,28.7,25.1,26.6,31.3,28.0,29.4,6.9,26.5,48.2,141,14.16,1002.3,ward_02_manali,13.168,80.258,ECMWF_ERA5_Reanalysis
2021-11-20,28.4,24.5,26.1,32.7,28.0,30.3,16.1,16.6,32.8,156,12.64,1005.0,ward_02_manali,13.168,80.258,ECMWF_ERA5_Reanalysis
2021-11-21,29.5,23.4,26.2,35.5,27.9,31.5,3.5,12.8,26.6,103,18.08,1007.9,ward_02_manali,13.168,80.258,ECMWF_ERA5_Reanalysis
2021-11-22,28.5,24.0,26.1,32.6,28.6,30.8,10.2,14.8,30.6,54,14.43,1009.6,ward_02_manali,13.168,80.258,ECMWF_ERA5_Reanalysis
2021-11-23,29.9,23.6,26.7,34.7,28.2,31.2,1.7,17.8,36.0,34,18.64,1008.8,ward_02_manali,13.168,80.258,ECMWF_ERA5_Reanalysis
2021-11-24,29.8,24.0,26.9,34.3,28.5,31.4,0.7,18.3,36.0,42,18.97,1009.1,ward_02_manali,13.168,80.258,ECMWF_ERA5_Reanalysis
2021-11-25,28.9,23.0,25.4,32.1,26.8,29.4,34.4,20.9,45.4,31,10.39,1009.4,ward_02_manali,13.168,80.258,ECMWF_ERA5_Reanalysis
2021-11-26,26.8,24.4,25.2,30.3,27.5,28.7,34.6,21.6,43.6,41,7.35,1009.6,ward_02_manali,13.168,80.258,ECMWF_ERA5_Reanalysis
2021-11-27,26.6,23.8,24.7,30.1,27.5,28.6,33.5,18.2,34.2,32,6.39,1009.8,ward_02_manali,13.168,80.258,ECMWF_ERA5_Reanalysis
2021-11-28,26.4,23.4,24.5,30.1,27.4,28.7,30.9,17.2,31.7,58,6.65,1010.5,ward_02_manali,13.168,80.258,ECMWF_ERA5_Reanalysis
2021-11-29,27.6,23.5,24.8,32.1,27.3,29.2,17.0,14.1,32.8,78,12.11,1011.4,ward_02_manali,13.168,80.258,ECMWF_ERA5_Reanalysis
2021-11-30,27.1,23.6,24.7,30.5,27.8,28.8,4.0,15.6,36.4,41,12.24,1011.4,ward_02_manali,13.168,80.258,ECMWF_ERA5_Reanalysis
2021-12-01,28.8,22.2,25.9,32.3,25.9,29.6,3.8,18.8,37.4,40,18.42,1010.6,ward_02_manali,13.168,80.258,ECMWF_ERA5_Reanalysis
2021-12-02,28.9,24.1,26.5,31.6,27.5,28.9,0.2,17.7,34.9,26,19.8,1010.4,ward_02_manali,13.168,80.258,ECMWF_ERA5_Reanalysis
2021-12-03,29.5,21.9,25.4,33.0,24.8,28.7,0.0,15.2,31.7,357,16.28,1010.2,ward_02_manali,13.168,80.258,ECMWF_ERA5_Reanalysis
2021-12-04,30.4,21.3,25.5,35.6,24.5,29.5,0.0,8.0,17.6,276,19.94,1010.1,ward_02_manali,13.168,80.258,ECMWF_ERA5_Reanalysis
2021-12-05,30.9,22.7,26.1,37.0,26.7,30.9,0.4,10.4,23.4,195,18.8,1010.0,ward_02_manali,13.168,80.258,ECMWF_ERA5_Reanalysis
2021-12-06,29.9,23.6,26.3,36.2,28.7,31.6,0.7,10.5,23.4,116,17.46,1010.1,ward_02_manali,13.168,80.258,ECMWF_ERA5_Reanalysis
2021-12-07,29.8,23.2,26.1,34.4,28.0,30.8,0.1,15.0,31.3,26,18.48,1010.8,ward_02_manali,13.168,80.258,ECMWF_ERA5_Reanalysis
2021-12-08,29.3,24.0,26.5,33.6,28.5,30.7,1.7,16.3,35.3,34,16.73,1011.0,ward_02_manali,13.168,80.258,ECMWF_ERA5_Reanalysis
2021-12-09,28.8,24.6,26.1,33.2,28.5,30.3,1.2,14.1,29.5,67,15.74,1012.5,ward_02_manali,13.168,80.258,ECMWF_ERA5_Reanalysis
2021-12-10,29.3,24.6,26.1,31.8,28.2,29.6,2.0,20.5,40.3,39,17.04,1013.3,ward_02_manali,13.168,80.258,ECMWF_ERA5_Reanalysis
2021-12-11,28.6,23.5,25.8,32.5,27.2,29.2,7.1,19.9,38.5,33,15.29,1012.9,ward_02_manali,13.168,80.258,ECMWF_ERA5_Reanalysis
2021-12-12,28.5,23.0,25.5,31.4,27.0,28.9,8.3,22.5,42.5,37,15.57,1013.1,ward_02_manali,13.168,80.258,ECMWF_ERA5_Reanalysis
2021-12-13,27.3,22.6,25.2,30.4,25.9,28.4,8.0,18.9,38.2,27,14.56,1012.1,ward_02_manali,13.168,80.258,ECMWF_ERA5_Reanalysis
2021-12-14,28.4,23.5,26.1,30.5,27.6,28.8,3.4,23.3,45.7,44,14.94,1011.6,ward_02_manali,13.168,80.258,ECMWF_ERA5_Reanalysis
2021-12-15,28.4,24.7,26.2,30.1,26.8,28.0,0.0,23.1,45.0,33,17.17,1012.2,ward_02_manali,13.168,80.258,ECMWF_ERA5_Reanalysis
2021-12-16,28.4,24.1,25.8,30.0,26.0,27.3,0.0,22.7,43.9,24,18.41,1013.1,ward_02_manali,13.168,80.258,ECMWF_ERA5_Reanalysis
2021-12-17,28.1,22.2,25.3,29.6,24.6,27.0,0.0,21.0,41.4,16,18.67,1013.5,ward_02_manali,13.168,80.258,ECMWF_ERA5_Reanalysis
2021-12-18,28.0,21.3,24.9,29.2,24.0,26.6,0.0,21.1,41.0,18,17.39,1013.1,ward_02_manali,13.168,80.258,ECMWF_ERA5_Reanalysis
2021-12-19,27.9,21.0,24.6,28.0,22.1,25.4,0.0,20.0,39.6,21,16.33,1014.0,ward_02_manali,13.168,80.258,ECMWF_ERA5_Reanalysis
2021-12-20,28.1,22.7,24.9,29.1,24.0,26.2,0.3,20.0,40.0,16,16.86,1014.0,ward_02_manali,13.168,80.258,ECMWF_ERA5_Reanalysis
2021-12-21,28.4,20.6,24.1,31.0,22.4,26.2,0.0,12.8,26.3,8,19.83,1014.0,ward_02_manali,13.168,80.258,ECMWF_ERA5_Reanalysis
2021-12-22,27.9,19.7,23.1,30.9,21.4,25.0,0.0,13.0,27.7,31,19.85,1012.8,ward_02_manali,13.168,80.258,ECMWF_ERA5_Reanalysis
2021-12-23,27.9,18.3,22.9,30.5,19.7,24.6,0.0,11.6,25.9,56,20.05,1012.4,ward_02_manali,13.168,80.258,ECMWF_ERA5_Reanalysis
2021-12-24,27.9,18.5,23.1,31.8,20.2,25.7,0.0,10.5,23.4,99,19.37,1012.4,ward_02_manali,13.168,80.258,ECMWF_ERA5_Reanalysis
2021-12-25,27.8,18.9,23.3,31.6,20.9,26.1,0.0,11.9,27.4,97,19.46,1012.9,ward_02_manali,13.168,80.258,ECMWF_ERA5_Reanalysis
2021-12-26,28.1,19.3,23.8,31.7,21.8,26.6,0.0,12.1,27.0,85,18.64,1014.0,ward_02_manali,13.168,80.258,ECMWF_ERA5_Reanalysis
2021-12-27,29.1,20.6,24.6,31.8,23.5,27.4,0.0,13.0,28.1,56,17.88,1014.4,ward_02_manali,13.168,80.258,ECMWF_ERA5_Reanalysis
2021-12-28,27.2,21.5,24.6,30.2,24.5,27.7,1.3,17.2,34.9,61,14.51,1013.5,ward_02_manali,13.168,80.258,ECMWF_ERA5_Reanalysis
2021-12-29,28.5,21.1,25.0,31.3,24.9,28.2,0.6,16.6,34.6,68,18.2,1012.7,ward_02_manali,13.168,80.258,ECMWF_ERA5_Reanalysis
2021-12-30,26.8,22.1,24.2,29.2,24.6,27.0,20.5,17.9,40.3,44,13.41,1014.1,ward_02_manali,13.168,80.258,ECMWF_ERA5_Reanalysis
2021-12-31,26.4,22.2,23.8,28.6,25.4,26.8,25.0,20.0,42.5,50,13.13,1015.2,ward_02_manali,13.168,80.258,ECMWF_ERA5_Reanalysis
2022-01-01,26.9,22.3,25.1,28.3,25.7,27.4,7.6,24.2,47.5,44,13.95,1015.1,ward_02_manali,13.168,80.258,ECMWF_ERA5_Reanalysis
2022-01-02,28.1,23.5,25.6,30.8,26.8,28.0,0.6,20.1,38.9,49,16.8,1014.1,ward_02_manali,13.168,80.258,ECMWF_ERA5_Reanalysis
2022-01-03,27.8,23.3,25.3,30.3,26.4,27.7,0.0,18.7,37.8,47,18.68,1013.6,ward_02_manali,13.168,80.258,ECMWF_ERA5_Reanalysis
2022-01-04,27.6,21.9,24.6,29.5,24.9,26.5,0.0,20.0,39.2,33,18.59,1014.0,ward_02_manali,13.168,80.258,ECMWF_ERA5_Reanalysis
2022-01-05,28.1,21.3,24.6,30.7,23.0,26.7,0.0,13.8,30.2,12,18.04,1013.6,ward_02_manali,13.168,80.258,ECMWF_ERA5_Reanalysis
2022-01-06,28.4,21.1,24.7,31.6,23.8,27.5,0.1,15.2,31.7,46,17.89,1012.7,ward_02_manali,13.168,80.258,ECMWF_ERA5_Reanalysis
2022-01-07,27.5,21.8,24.9,30.4,24.4,27.7,1.7,15.5,33.1,58,17.28,1012.9,ward_02_manali,13.168,80.258,ECMWF_ERA5_Reanalysis
2022-01-08,28.1,22.1,25.2,30.8,24.9,28.2,0.7,17.0,35.3,59,18.38,1013.3,ward_02_manali,13.168,80.258,ECMWF_ERA5_Reanalysis
2022-01-09,28.4,21.9,25.1,32.0,25.3,28.4,0.1,12.4,28.4,70,18.59,1011.9,ward_02_manali,13.168,80.258,ECMWF_ERA5_Reanalysis
2022-01-10,28.9,21.3,25.4,33.0,24.8,28.9,0.0,12.6,26.3,105,19.3,1011.8,ward_02_manali,13.168,80.258,ECMWF_ERA5_Reanalysis
2022-01-11,29.0,22.7,25.8,33.0,25.9,29.3,0.5,15.9,32.8,81,19.0,1011.6,ward_02_manali,13.168,80.258,ECMWF_ERA5_Reanalysis
2022-01-12,29.1,22.5,25.4,32.7,25.7,29.2,2.1,12.1,27.4,124,17.44,1011.1,ward_02_manali,13.168,80.258,ECMWF_ERA5_Reanalysis
2022-01-13,28.8,22.8,25.3,33.1,26.3,29.3,2.3,13.3,27.4,114,15.52,1010.6,ward_02_manali,13.168,80.258,ECMWF_ERA5_Reanalysis
2022-01-14,27.6,22.5,25.0,32.6,25.9,29.4,2.1,9.2,25.6,88,15.17,1010.4,ward_02_manali,13.168,80.258,ECMWF_ERA5_Reanalysis
2022-01-15,28.0,22.7,24.9,32.8,26.7,28.6,3.6,17.7,34.2,31,15.94,1011.4,ward_02_manali,13.168,80.258,ECMWF_ERA5_Reanalysis
2022-01-16,28.2,22.0,25.1,31.5,25.3,27.7,1.6,20.2,40.3,32,17.17,1013.1,ward_02_manali,13.168,80.258,ECMWF_ERA5_Reanalysis
2022-01-17,27.8,21.9,25.0,30.0,24.8,27.4,4.1,18.7,37.8,38,15.18,1014.7,ward_02_manali,13.168,80.258,ECMWF_ERA5_Reanalysis
2022-01-18,27.3,22.7,24.8,29.9,25.2,27.1,0.7,16.6,35.3,36,17.98,1013.9,ward_02_manali,13.168,80.258,ECMWF_ERA5_Reanalysis
2022-01-19,28.6,20.8,24.2,31.3,23.0,26.6,0.0,13.1,28.1,37,20.66,1012.2,ward_02_manali,13.168,80.258,ECMWF_ERA5_Reanalysis
2022-01-20,29.4,19.7,24.3,33.1,21.6,26.6,0.0,15.3,31.7,123,20.28,1010.4,ward_02_manali,13.168,80.258,ECMWF_ERA5_Reanalysis
2022-01-21,29.5,20.2,24.6,33.7,22.5,27.5,0.0,17.2,35.6,177,21.05,1009.9,ward_02_manali,13.168,80.258,ECMWF_ERA5_Reanalysis
2022-01-22,29.6,21.7,25.3,35.1,25.0,29.1,0.0,17.1,35.6,166,20.78,1008.3,ward_02_manali,13.168,80.258,ECMWF_ERA5_Reanalysis
2022-01-23,31.3,23.8,26.4,34.7,28.1,30.1,1.1,20.8,40.3,172,19.37,1008.2,ward_02_manali,13.168,80.258,ECMWF_ERA5_Reanalysis
2022-01-24,30.2,23.9,26.3,33.9,28.1,30.1,2.1,16.5,35.3,177,18.43,1008.1,ward_02_manali,13.168,80.258,ECMWF_ERA5_Reanalysis
2022-01-25,28.9,22.3,25.6,33.1,26.3,29.3,1.9,17.5,36.0,161,18.45,1008.7,ward_02_manali,13.168,80.258,ECMWF_ERA5_Reanalysis
2022-01-26,28.3,22.0,25.2,31.0,25.9,28.6,0.5,12.2,26.3,145,15.66,1009.7,ward_02_manali,13.168,80.258,ECMWF_ERA5_Reanalysis
2022-01-27,28.2,22.6,25.3,31.6,25.0,28.0,0.5,16.6,32.4,39,17.85,1010.4,ward_02_manali,13.168,80.258,ECMWF_ERA5_Reanalysis
2022-01-28,28.4,22.1,25.3,29.8,25.9,27.4,1.2,21.3,42.1,30,18.49,1011.8,ward_02_manali,13.168,80.258,ECMWF_ERA5_Reanalysis
2022-01-29,27.7,24.5,25.8,28.4,26.4,27.4,0.3,22.0,42.5,38,10.55,1012.7,ward_02_manali,13.168,80.258,ECMWF_ERA5_Reanalysis
2022-01-30,28.9,23.6,26.0,32.3,27.0,29.0,0.3,15.3,32.8,55,18.05,1011.7,ward_02_manali,13.168,80.258,ECMWF_ERA5_Reanalysis
2022-01-31,29.3,21.6,25.3,33.5,25.5,28.7,0.0,15.7,32.8,85,19.23,1010.8,ward_02_manali,13.168,80.258,ECMWF_ERA5_Reanalysis
2022-02-01,28.6,20.3,24.5,32.6,22.8,27.7,0.0,12.8,29.2,114,21.28,1010.3,ward_02_manali,13.168,80.258,ECMWF_ERA5_Reanalysis
2022-02-02,28.3,18.8,23.6,31.9,21.0,26.3,0.0,12.8,29.5,140,21.68,1011.2,ward_02_manali,13.168,80.258,ECMWF_ERA5_Reanalysis
2022-02-03,28.6,19.5,24.3,31.7,21.6,26.5,0.0,15.0,33.1,152,21.93,1010.6,ward_02_manali,13.168,80.258,ECMWF_ERA5_Reanalysis
2022-02-04,31.1,21.4,25.8,36.3,24.7,29.1,0.0,16.8,36.0,158,21.57,1008.7,ward_02_manali,13.168,80.258,ECMWF_ERA5_Reanalysis
2022-02-05,29.2,22.6,25.9,33.4,26.4,29.7,1.0,13.0,28.4,120,19.45,1009.8,ward_02_manali,13.168,80.258,ECMWF_ERA5_Reanalysis
2022-02-06,28.8,22.9,25.9,32.2,26.5,28.9,1.0,15.2,32.8,92,19.88,1012.5,ward_02_manali,13.168,80.258,ECMWF_ERA5_Reanalysis
2022-02-07,29.2,22.0,25.6,31.6,24.3,28.0,0.0,15.9,34.9,63,21.96,1013.0,ward_02_manali,13.168,80.258,ECMWF_ERA5_Reanalysis
2022-02-08,29.1,20.8,25.3,31.8,24.0,27.7,0.0,15.5,34.2,69,22.78,1011.8,ward_02_manali,13.168,80.258,ECMWF_ERA5_Reanalysis
2022-02-09,28.9,22.9,25.5,31.8,24.9,27.7,0.0,17.0,36.7,75,22.41,1011.9,ward_02_manali,13.168,80.258,ECMWF_ERA5_Reanalysis
2022-02-10,29.7,22.0,25.7,32.2,24.4,27.8,0.0,18.1,38.9,37,22.41,1011.3,ward_02_manali,13.168,80.258,ECMWF_ERA5_Reanalysis
2022-02-11,29.7,22.0,25.8,31.7,25.0,28.2,0.0,20.9,42.8,37,20.76,1011.1,ward_02_manali,13.168,80.258,ECMWF_ERA5_Reanalysis
2022-02-12,29.5,22.3,26.0,31.7,25.7,28.7,0.0,19.3,40.3,51,22.28,1010.8,ward_02_manali,13.168,80.258,ECMWF_ERA5_Reanalysis
2022-02-13,29.7,22.4,25.9,32.2,26.0,28.5,0.1,16.5,36.4,64,21.22,1009.9,ward_02_manali,13.168,80.258,ECMWF_ERA5_Reanalysis
2022-02-14,28.3,22.4,25.5,30.6,25.6,27.8,1.6,19.8,39.6,66,20.3,1010.0,ward_02_manali,13.168,80.258,ECMWF_ERA5_Reanalysis
2022-02-15,29.0,21.8,25.7,31.3,24.3,27.6,0.0,15.4,34.9,66,22.69,1010.0,ward_02_manali,13.168,80.258,ECMWF_ERA5_Reanalysis
2022-02-16,29.2,21.1,25.0,31.7,23.9,27.6,0.0,16.0,35.3,58,23.0,1008.1,ward_02_manali,13.168,80.258,ECMWF_ERA5_Reanalysis
2022-02-17,29.3,21.3,25.4,32.5,23.8,28.0,0.1,14.5,32.8,59,22.38,1007.3,ward_02_manali,13.168,80.258,ECMWF_ERA5_Reanalysis
2022-02-18,29.8,23.7,26.4,32.9,26.2,28.8,0.0,17.7,37.8,69,22.98,1008.9,ward_02_manali,13.168,80.258,ECMWF_ERA5_Reanalysis
2022-02-19,29.7,22.2,26.0,32.9,25.4,29.0,0.0,17.1,37.1,60,23.05,1011.0,ward_02_manali,13.168,80.258,ECMWF_ERA5_Reanalysis
2022-02-20,30.4,21.1,25.6,33.8,24.4,28.9,0.0,15.8,35.3,130,23.45,1009.8,ward_02_manali,13.168,80.258,ECMWF_ERA5_Reanalysis
2022-02-21,32.5,21.8,26.4,36.9,25.0,29.9,0.0,21.5,43.6,171,23.26,1008.2,ward_02_manali,13.168,80.258,ECMWF_ERA5_Reanalysis
2022-02-22,30.6,22.7,26.6,35.8,26.8,31.0,0.0,14.3,33.1,129,22.75,1010.5,ward_02_manali,13.168,80.258,ECMWF_ERA5_Reanalysis
2022-02-23,30.4,24.2,26.9,34.0,27.9,30.2,0.0,16.8,36.4,90,23.85,1013.2,ward_02_manali,13.168,80.258,ECMWF_ERA5_Reanalysis
2022-02-24,30.3,22.7,26.1,33.2,26.1,28.9,0.0,14.8,33.8,73,23.94,1014.3,ward_02_manali,13.168,80.258,ECMWF_ERA5_Reanalysis
2022-02-25,29.8,21.1,25.3,33.1,23.2,27.9,0.0,15.9,35.3,73,23.99,1013.4,ward_02_manali,13.168,80.258,ECMWF_ERA5_Reanalysis
2022-02-26,30.4,21.8,26.3,33.7,24.2,29.0,0.3,18.2,36.0,75,21.71,1013.3,ward_02_manali,13.168,80.258,ECMWF_ERA5_Reanalysis
2022-02-27,30.4,22.7,26.4,33.6,26.4,29.4,0.0,15.3,34.9,58,23.28,1013.2,ward_02_manali,13.168,80.258,ECMWF_ERA5_Reanalysis
2022-02-28,31.1,22.4,26.3,34.8,25.6,29.7,0.0,16.1,35.3,56,23.58,1012.5,ward_02_manali,13.168,80.258,ECMWF_ERA5_Reanalysis
2022-03-01,33.0,21.9,26.3,34.0,25.0,29.1,0.0,15.1,32.8,45,24.72,1012.4,ward_02_manali,13.168,80.258,ECMWF_ERA5_Reanalysis
2022-03-02,31.2,20.0,25.8,33.8,22.8,28.7,0.0,16.1,35.6,41,24.29,1011.8,ward_02_manali,13.168,80.258,ECMWF_ERA5_Reanalysis
2022-03-03,30.7,22.3,26.4,33.6,25.9,29.4,0.1,20.8,43.6,29,20.89,1011.3,ward_02_manali,13.168,80.258,ECMWF_ERA5_Reanalysis
2022-03-04,30.9,23.8,27.0,32.5,27.0,29.0,0.4,28.1,53.6,26,20.6,1010.7,ward_02_manali,13.168,80.258,ECMWF_ERA5_Reanalysis
2022-03-05,31.2,24.6,27.7,32.5,26.4,28.9,0.1,24.9,50.0,28,23.47,1010.0,ward_02_manali,13.168,80.258,ECMWF_ERA5_Reanalysis
2022-03-06,29.4,25.0,27.0,31.0,25.8,27.8,0.0,26.1,51.8,53,21.52,1010.2,ward_02_manali,13.168,80.258,ECMWF_ERA5_Reanalysis
2022-03-07,30.4,24.5,27.6,33.8,25.6,30.0,0.2,21.1,42.1,71,22.25,1010.5,ward_02_manali,13.168,80.258,ECMWF_ERA5_Reanalysis
2022-03-08,31.6,22.0,26.4,35.0,26.1,30.1,0.0,15.1,34.9,78,24.54,1010.4,ward_02_manali,13.168,80.258,ECMWF_ERA5_Reanalysis
2022-03-09,31.9,22.0,26.4,34.8,26.0,29.9,0.0,15.2,34.6,86,24.57,1009.8,ward_02_manali,13.168,80.258,ECMWF_ERA5_Reanalysis
2022-03-10,31.2,21.9,26.1,35.6,26.2,30.1,0.0,14.1,31.7,61,24.33,1009.6,ward_02_manali,13.168,80.258,ECMWF_ERA5_Reanalysis
2022-03-11,31.4,21.6,26.0,35.5,25.5,29.9,0.0,15.6,34.2,55,24.87,1009.2,ward_02_manali,13.168,80.258,ECMWF_ERA5_Reanalysis
2022-03-12,32.2,22.0,26.2,35.2,26.1,29.9,0.0,15.1,32.8,48,24.29,1008.7,ward_02_manali,13.168,80.258,ECMWF_ERA5_Reanalysis
2022-03-13,32.6,21.4,26.7,35.1,25.4,30.2,0.0,16.1,35.6,60,24.43,1009.0,ward_02_manali,13.168,80.258,ECMWF_ERA5_Reanalysis
2022-03-14,33.3,22.0,26.9,35.6,26.4,30.6,0.0,15.8,35.6,74,24.71,1009.1,ward_02_manali,13.168,80.258,ECMWF_ERA5_Reanalysis
2022-03-15,33.7,22.6,27.1,37.2,26.6,30.7,0.0,16.6,37.4,116,24.56,1007.7,ward_02_manali,13.168,80.258,ECMWF_ERA5_Reanalysis
2022-03-16,34.0,22.7,27.1,38.2,26.4,30.8,0.0,18.0,37.8,176,25.14,1006.3,ward_02_manali,13.168,80.258,ECMWF_ERA5_Reanalysis
2022-03-17,33.6,22.4,27.5,38.8,26.3,31.1,0.0,18.0,38.9,163,25.44,1005.8,ward_02_manali,13.168,80.258,ECMWF_ERA5_Reanalysis
2022-03-18,32.9,23.5,27.7,37.6,27.8,31.8,0.0,21.6,44.6,162,25.45,1005.6,ward_02_manali,13.168,80.258,ECMWF_ERA5_Reanalysis
2022-03-19,33.4,25.1,28.3,38.8,29.7,32.7,0.0,19.3,42.1,152,23.31,1005.5,ward_02_manali,13.168,80.258,ECMWF_ERA5_Reanalysis
2022-03-20,34.5,25.9,28.8,41.0,31.1,34.2,4.8,14.1,33.1,164,21.52,1005.0,ward_02_manali,13.168,80.258,ECMWF_ERA5_Reanalysis
2022-03-21,34.2,26.2,29.6,41.1,32.8,35.5,0.0,15.3,35.6,152,22.34,1005.1,ward_02_manali,13.168,80.258,ECMWF_ERA5_Reanalysis
2022-03-22,34.2,26.5,29.7,41.0,33.0,35.8,0.1,14.1,34.2,119,22.62,1005.6,ward_02_manali,13.168,80.258,ECMWF_ERA5_Reanalysis
2022-03-23,33.2,26.9,29.3,38.6,33.2,34.9,0.3,21.0,43.2,155,22.71,1005.9,ward_02_manali,13.168,80.258,ECMWF_ERA5_Reanalysis
2022-03-24,32.8,26.4,28.9,37.8,32.0,33.7,0.3,23.0,47.2,160,22.84,1006.6,ward_02_manali,13.168,80.258,ECMWF_ERA5_Reanalysis
2022-03-25,32.3,25.9,28.8,37.0,31.5,33.3,0.2,20.6,42.8,161,23.86,1007.8,ward_02_manali,13.168,80.258,ECMWF_ERA5_Reanalysis
2022-03-26,32.6,25.9,28.8,37.5,31.4,33.4,2.9,20.7,41.8,168,22.24,1009.4,ward_02_manali,13.168,80.258,ECMWF_ERA5_Reanalysis
2022-03-27,32.9,25.8,29.0,37.8,31.3,33.5,0.0,23.8,47.9,171,24.48,1009.6,ward_02_manali,13.168,80.258,ECMWF_ERA5_Reanalysis
2022-03-28,34.2,25.7,29.1,38.9,31.2,33.7,0.0,24.9,50.0,173,24.61,1008.8,ward_02_manali,13.168,80.258,ECMWF_ERA5_Reanalysis
2022-03-29,34.5,26.1,29.4,39.5,31.1,33.6,0.0,26.0,51.5,176,24.95,1007.5,ward_02_manali,13.168,80.258,ECMWF_ERA5_Reanalysis
2022-03-30,35.2,26.9,29.8,40.7,32.0,34.5,0.0,25.5,50.4,178,24.87,1006.9,ward_02_manali,13.168,80.258,ECMWF_ERA5_Reanalysis
2022-03-31,35.2,26.7,29.9,40.1,31.0,33.9,0.0,24.5,49.0,172,25.2,1007.1,ward_02_manali,13.168,80.258,ECMWF_ERA5_Reanalysis
2022-04-01,33.3,26.6,29.2,38.0,32.2,33.8,2.9,26.9,52.6,170,24.06,1007.9,ward_02_manali,13.168,80.258,ECMWF_ERA5_Reanalysis
2022-04-02,33.4,26.6,29.0,38.3,31.5,33.4,0.3,24.3,48.6,166,25.07,1009.0,ward_02_manali,13.168,80.258,ECMWF_ERA5_Reanalysis
2022-04-03,33.1,25.5,28.8,37.8,31.2,33.4,0.0,21.4,45.0,160,25.56,1008.6,ward_02_manali,13.168,80.258,ECMWF_ERA5_Reanalysis
2022-04-04,32.5,26.0,28.9,38.0,31.6,33.5,0.0,19.1,39.6,153,25.35,1009.6,ward_02_manali,13.168,80.258,ECMWF_ERA5_Reanalysis
2022-04-05,32.5,25.3,28.7,37.7,30.9,33.4,0.1,20.1,41.4,148,25.49,1011.1,ward_02_manali,13.168,80.258,ECMWF_ERA5_Reanalysis
2022-04-06,32.8,24.7,28.6,38.5,29.8,33.4,0.0,18.4,40.0,146,25.28,1011.0,ward_02_manali,13.168,80.258,ECMWF_ERA5_Reanalysis
2022-04-07,33.2,25.5,28.9,38.9,31.2,34.1,0.0,18.7,40.7,132,25.33,1009.8,ward_02_manali,13.168,80.258,ECMWF_ERA5_Reanalysis
2022-04-08,32.6,26.1,29.2,38.1,31.9,34.1,0.1,15.6,34.6,125,24.08,1008.9,ward_02_manali,13.168,80.258,ECMWF_ERA5_Reanalysis
2022-04-09,31.9,26.3,28.9,37.3,31.9,34.0,0.6,17.2,35.3,118,21.82,1008.0,ward_02_manali,13.168,80.258,ECMWF_ERA5_Reanalysis
2022-04-10,32.3,25.8,29.0,37.7,31.2,34.1,0.2,16.3,36.7,97,23.67,1007.3,ward_02_manali,13.168,80.258,ECMWF_ERA5_Reanalysis
2022-04-11,31.2,26.2,28.8,36.3,31.5,33.8,1.2,15.8,35.3,98,20.64,1006.6,ward_02_manali,13.168,80.258,ECMWF_ERA5_Reanalysis
2022-04-12,32.2,26.0,29.0,38.2,31.5,34.2,0.7,18.0,38.5,111,23.4,1005.9,ward_02_manali,13.168,80.258,ECMWF_ERA5_Reanalysis
2022-04-13,31.6,26.3,28.7,37.5,31.7,33.9,2.6,17.7,35.3,145,20.6,1005.7,ward_02_manali,13.168,80.258,ECMWF_ERA5_Reanalysis
2022-04-14,33.9,26.3,29.5,39.5,31.9,34.3,1.1,21.7,44.6,170,23.48,1005.8,ward_02_manali,13.168,80.258,ECMWF_ERA5_Reanalysis
2022-04-15,34.5,27.2,30.3,40.2,31.4,34.8,0.0,22.9,46.4,169,22.95,1005.0,ward_02_manali,13.168,80.258,ECMWF_ERA5_Reanalysis
2022-04-16,35.9,27.7,30.7,41.3,32.5,35.7,0.0,24.4,49.0,169,24.7,1003.8,ward_02_manali,13.168,80.258,ECMWF_ERA5_Reanalysis
2022-04-17,34.0,27.9,30.4,40.3,33.9,35.9,0.1,19.0,38.9,159,23.75,1004.8,ward_02_manali,13.168,80.258,ECMWF_ERA5_Reanalysis
2022-04-18,33.6,26.7,29.8,40.1,33.2,35.5,0.3,16.0,35.6,143,22.56,1006.8,ward_02_manali,13.168,80.258,ECMWF_ERA5_Reanalysis
2022-04-19,34.1,26.9,30.2,40.3,33.6,35.7,0.0,20.0,42.1,155,24.98,1008.0,ward_02_manali,13.168,80.258,ECMWF_ERA5_Reanalysis
2022-04-20,33.8,26.9,29.9,39.8,33.3,35.2,0.0,22.0,46.1,158,25.36,1006.7,ward_02_manali,13.168,80.258,ECMWF_ERA5_Reanalysis
2022-04-21,33.3,27.3,29.8,38.1,32.1,34.3,0.0,21.9,45.4,159,25.27,1006.4,ward_02_manali,13.168,80.258,ECMWF_ERA5_Reanalysis
2022-04-22,33.6,26.5,29.8,37.8,31.6,34.1,0.0,18.7,40.3,145,25.7,1007.7,ward_02_manali,13.168,80.258,ECMWF_ERA5_Reanalysis
2022-04-23,33.9,26.4,30.0,39.2,32.0,34.7,0.0,21.8,45.4,153,25.36,1008.0,ward_02_manali,13.168,80.258,ECMWF_ERA5_Reanalysis
2022-04-24,34.2,26.4,30.0,40.6,32.7,35.5,0.0,18.7,38.9,150,25.14,1006.5,ward_02_manali,13.168,80.258,ECMWF_ERA5_Reanalysis
2022-04-25,35.2,25.9,30.0,40.3,31.2,34.5,0.0,24.3,49.3,172,24.92,1005.8,ward_02_manali,13.168,80.258,ECMWF_ERA5_Reanalysis
2022-04-26,34.9,26.1,30.0,40.2,31.9,34.8,0.0,24.6,50.0,167,25.53,1006.2,ward_02_manali,13.168,80.258,ECMWF_ERA5_Reanalysis
2022-04-27,34.5,26.4,29.9,40.5,32.5,34.9,0.0,22.6,46.4,165,25.51,1006.0,ward_02_manali,13.168,80.258,ECMWF_ERA5_Reanalysis
2022-04-28,35.0,26.7,30.1,40.4,32.0,34.8,0.0,25.1,51.5,173,25.34,1006.6,ward_02_manali,13.168,80.258,ECMWF_ERA5_Reanalysis
2022-04-29,34.7,27.2,30.3,41.1,32.7,35.7,0.0,22.9,46.4,168,25.81,1006.2,ward_02_manali,13.168,80.258,ECMWF_ERA5_Reanalysis
2022-04-30,35.9,27.1,30.7,42.7,32.3,36.0,0.0,21.7,43.6,168,25.58,1004.4,ward_02_manali,13.168,80.258,ECMWF_ERA5_Reanalysis
2022-05-01,36.2,27.7,30.9,42.1,33.8,36.3,0.0,23.4,46.1,165,25.12,1003.1,ward_02_manali,13.168,80.258,ECMWF_ERA5_Reanalysis
2022-05-02,35.2,27.7,30.9,42.4,34.2,37.1,0.0,20.0,41.4,154,25.61,1003.3,ward_02_manali,13.168,80.258,ECMWF_ERA5_Reanalysis
2022-05-03,35.1,28.5,30.9,41.8,34.7,36.6,0.0,22.4,46.4,160,24.67,1004.5,ward_02_manali,13.168,80.258,ECMWF_ERA5_Reanalysis
2022-05-04,34.4,27.8,30.6,39.9,34.3,36.3,0.1,21.4,44.3,158,24.59,1005.8,ward_02_manali,13.168,80.258,ECMWF_ERA5_Reanalysis
2022-05-05,34.2,27.2,30.3,40.6,34.1,36.2,0.2,17.4,38.2,153,23.57,1005.3,ward_02_manali,13.168,80.258,ECMWF_ERA5_Reanalysis
2022-05-06,35.6,27.8,30.9,41.5,34.4,36.8,0.0,21.7,44.6,158,24.27,1004.5,ward_02_manali,13.168,80.258,ECMWF_ERA5_Reanalysis
2022-05-07,35.8,27.0,30.7,42.8,33.6,36.9,0.0,15.7,36.7,142,23.99,1003.8,ward_02_manali,13.168,80.258,ECMWF_ERA5_Reanalysis
2022-05-08,36.0,27.6,30.8,43.0,34.5,37.2,0.0,13.1,36.0,119,20.27,1001.9,ward_02_manali,13.168,80.258,ECMWF_ERA5_Reanalysis
2022-05-09,36.4,27.7,31.0,38.8,34.2,36.3,0.2,14.8,29.9,276,10.25,999.5,ward_02_manali,13.168,80.258,ECMWF_ERA5_Reanalysis
2022-05-10,30.9,26.2,28.2,34.2,29.0,32.0,22.8,31.1,59.0,252,3.18,998.3,ward_02_manali,13.168,80.258,ECMWF_ERA5_Reanalysis
2022-05-11,34.3,25.0,30.2,34.8,26.2,31.7,7.6,26.9,50.8,249,7.59,999.5,ward_02_manali,13.168,80.258,ECMWF_ERA5_Reanalysis
2022-05-12,31.4,24.9,28.1,33.1,26.3,30.2,28.4,24.6,47.5,237,11.5,1002.0,ward_02_manali,13.168,80.258,ECMWF_ERA5_Reanalysis
2022-05-13,33.9,24.9,28.8,39.1,28.3,33.2,4.6,17.9,34.9,215,19.27,1001.8,ward_02_manali,13.168,80.258,ECMWF_ERA5_Reanalysis
2022-05-14,35.1,25.9,29.2,43.0,30.1,34.2,13.8,18.9,36.0,202,20.6,1002.3,ward_02_manali,13.168,80.258,ECMWF_ERA5_Reanalysis
2022-05-15,34.4,25.7,28.9,42.2,30.3,34.6,24.6,16.3,33.5,195,22.63,1003.3,ward_02_manali,13.168,80.258,ECMWF_ERA5_Reanalysis
2022-05-16,33.6,26.2,29.0,41.4,31.9,34.8,1.3,14.9,32.8,198,20.48,1002.9,ward_02_manali,13.168,80.258,ECMWF_ERA5_Reanalysis
2022-05-17,32.6,26.1,29.0,39.0,31.2,34.5,0.9,16.4,34.9,173,22.27,1002.2,ward_02_manali,13.168,80.258,ECMWF_ERA5_Reanalysis
2022-05-18,33.0,25.9,29.2,38.6,31.7,34.3,1.3,22.9,47.2,179,22.98,1002.5,ward_02_manali,13.168,80.258,ECMWF_ERA5_Reanalysis
2022-05-19,34.4,27.3,30.3,37.5,31.6,34.0,0.9,22.3,44.3,198,23.68,1003.3,ward_02_manali,13.168,80.258,ECMWF_ERA5_Reanalysis
2022-05-20,35.4,26.2,30.2,39.0,28.3,33.7,17.1,18.3,40.7,226,23.54,1004.4,ward_02_manali,13.168,80.258,ECMWF_ERA5_Reanalysis
2022-05-21,36.2,27.1,31.2,37.1,29.4,33.1,0.0,27.1,52.6,262,23.75,1003.2,ward_02_manali,13.168,80.258,ECMWF_ERA5_Reanalysis
2022-05-22,38.1,28.1,32.1,41.0,29.6,34.3,0.1,17.4,38.5,252,22.19,1001.2,ward_02_manali,13.168,80.258,ECMWF_ERA5_Reanalysis
2022-05-23,36.9,28.2,31.2,43.1,30.6,35.0,0.0,20.2,41.4,208,24.6,1001.2,ward_02_manali,13.168,80.258,ECMWF_ERA5_Reanalysis
2022-05-24,36.8,27.7,31.1,43.0,32.2,36.1,0.8,17.6,36.4,180,23.7,1003.5,ward_02_manali,13.168,80.258,ECMWF_ERA5_Reanalysis
2022-05-25,36.4,27.8,31.1,43.4,31.4,36.7,1.0,15.5,30.2,185,23.48,1005.3,ward_02_manali,13.168,80.258,ECMWF_ERA5_Reanalysis
2022-05-26,36.5,28.2,31.4,40.9,31.7,35.6,1.3,17.7,33.8,215,21.33,1005.3,ward_02_manali,13.168,80.258,ECMWF_ERA5_Reanalysis
2022-05-27,37.3,27.1,31.0,42.0,29.7,34.9,0.4,18.4,41.8,204,22.93,1004.5,ward_02_manali,13.168,80.258,ECMWF_ERA5_Reanalysis
2022-05-28,37.9,28.0,31.9,42.2,30.9,35.5,0.8,18.2,32.0,208,21.96,1003.3,ward_02_manali,13.168,80.258,ECMWF_ERA5_Reanalysis
2022-05-29,38.0,28.6,31.9,43.5,31.6,35.8,0.0,18.2,33.1,205,23.64,1003.4,ward_02_manali,13.168,80.258,ECMWF_ERA5_Reanalysis
2022-05-30,37.5,28.0,31.6,42.8,30.8,35.8,0.1,17.3,37.4,189,23.63,1002.7,ward_02_manali,13.168,80.258,ECMWF_ERA5_Reanalysis
2022-05-31,36.8,28.2,31.6,43.4,31.0,35.5,0.1,16.2,35.3,210,23.25,1001.9,ward_02_manali,13.168,80.258,ECMWF_ERA5_Reanalysis
2022-06-01,37.5,28.1,31.6,43.8,30.5,35.6,0.0,18.0,38.5,212,24.06,1001.8,ward_02_manali,13.168,80.258,ECMWF_ERA5_Reanalysis
2022-06-02,38.3,28.2,32.0,43.8,30.8,35.9,0.0,16.0,33.8,207,22.96,1001.8,ward_02_manali,13.168,80.258,ECMWF_ERA5_Reanalysis
2022-06-03,37.3,28.7,31.6,44.2,31.7,35.7,0.0,17.9,40.0,186,24.77,1001.5,ward_02_manali,13.168,80.258,ECMWF_ERA5_Reanalysis
2022-06-04,36.7,28.6,31.6,42.7,31.5,36.0,0.0,17.9,38.5,184,24.56,1001.8,ward_02_manali,13.168,80.258,ECMWF_ERA5_Reanalysis
2022-06-05,37.3,28.7,31.7,42.8,31.8,36.0,0.0,22.6,46.1,188,24.31,1001.7,ward_02_manali,13.168,80.258,ECMWF_ERA5_Reanalysis
2022-06-06,35.9,24.9,30.0,41.0,28.9,34.1,1.6,17.0,34.9,211,22.07,1003.0,ward_02_manali,13.168,80.258,ECMWF_ERA5_Reanalysis
2022-06-07,36.8,26.5,31.1,41.8,30.3,34.9,0.4,17.0,36.7,220,22.99,1003.0,ward_02_manali,13.168,80.258,ECMWF_ERA5_Reanalysis
2022-06-08,38.6,28.6,32.2,43.1,31.5,35.7,0.6,17.3,38.9,232,24.43,1002.3,ward_02_manali,13.168,80.258,ECMWF_ERA5_Reanalysis
2022-06-09,36.3,28.6,31.3,42.5,30.7,35.3,0.0,18.4,40.0,199,24.05,1002.3,ward_02_manali,13.168,80.258,ECMWF_ERA5_Reanalysis
2022-06-10,37.6,28.6,31.9,42.6,32.1,35.9,0.0,19.8,38.5,199,24.24,1003.1,ward_02_manali,13.168,80.258,ECMWF_ERA5_Reanalysis
2022-06-11,37.7,28.7,31.6,42.3,32.4,35.6,0.0,22.2,43.2,197,23.26,1004.0,ward_02_manali,13.168,80.258,ECMWF_ERA5_Reanalysis
2022-06-12,36.1,28.9,31.2,41.2,31.8,35.2,0.0,20.3,42.1,182,24.49,1004.2,ward_02_manali,13.168,80.258,ECMWF_ERA5_Reanalysis
2022-06-13,35.6,27.3,30.7,41.2,31.2,34.9,0.3,15.8,35.3,179,23.77,1005.1,ward_02_manali,13.168,80.258,ECMWF_ERA5_Reanalysis
2022-06-14,36.1,25.9,30.9,41.9,29.9,35.5,10.9,24.7,44.6,185,22.38,1004.5,ward_02_manali,13.168,80.258,ECMWF_ERA5_Reanalysis
2022-06-15,33.4,25.6,29.1,40.2,30.0,34.2,6.1,19.7,33.8,153,23.12,1004.4,ward_02_manali,13.168,80.258,ECMWF_ERA5_Reanalysis
2022-06-16,33.1,25.3,28.7,39.9,30.0,34.1,9.1,21.8,35.6,173,23.94,1004.6,ward_02_manali,13.168,80.258,ECMWF_ERA5_Reanalysis
2022-06-17,31.4,24.9,28.2,37.8,28.8,33.0,1.6,18.5,43.6,173,23.37,1004.7,ward_02_manali,13.168,80.258,ECMWF_ERA5_Reanalysis
2022-06-18,31.9,26.0,28.7,38.2,31.0,33.5,9.6,17.7,37.4,179,22.61,1005.0,ward_02_manali,13.168,80.258,ECMWF_ERA5_Reanalysis
2022-06-19,33.3,25.8,29.0,40.8,31.3,34.2,5.9,19.1,34.9,185,22.34,1004.9,ward_02_manali,13.168,80.258,ECMWF_ERA5_Reanalysis
2022-06-20,33.5,25.6,29.0,40.6,30.6,34.5,1.5,17.0,33.5,207,23.28,1003.6,ward_02_manali,13.168,80.258,ECMWF_ERA5_Reanalysis
2022-06-21,33.2,25.9,28.8,38.8,30.6,33.9,6.0,13.5,27.7,230,20.24,1002.5,ward_02_manali,13.168,80.258,ECMWF_ERA5_Reanalysis
2022-06-22,33.5,26.4,29.3,39.2,31.4,34.4,3.9,15.0,29.5,213,20.75,1003.7,ward_02_manali,13.168,80.258,ECMWF_ERA5_Reanalysis
2022-06-23,33.1,26.2,29.2,39.5,31.5,34.4,1.2,15.3,31.7,185,19.57,1004.9,ward_02_manali,13.168,80.258,ECMWF_ERA5_Reanalysis
2022-06-24,33.7,27.8,30.0,38.8,32.4,35.0,2.3,19.1,36.7,213,21.87,1003.7,ward_02_manali,13.168,80.258,ECMWF_ERA5_Reanalysis
2022-06-25,34.4,26.0,29.7,38.6,29.8,33.6,1.1,19.1,50.0,246,21.21,1001.5,ward_02_manali,13.168,80.258,ECMWF_ERA5_Reanalysis
2022-06-26,35.1,27.4,30.4,39.5,30.0,34.1,3.3,17.8,39.2,228,21.57,1002.3,ward_02_manali,13.168,80.258,ECMWF_ERA5_Reanalysis
2022-06-27,33.7,28.0,29.8,38.4,30.3,33.7,0.1,15.3,30.2,220,16.52,1004.0,ward_02_manali,13.168,80.258,ECMWF_ERA5_Reanalysis
2022-06-28,33.0,26.6,29.3,38.6,31.8,34.4,1.1,13.4,27.0,158,20.63,1004.1,ward_02_manali,13.168,80.258,ECMWF_ERA5_Reanalysis
2022-06-29,34.8,27.1,29.8,41.9,31.6,34.6,1.0,15.5,33.8,202,22.8,1002.4,ward_02_manali,13.168,80.258,ECMWF_ERA5_Reanalysis
2022-06-30,35.3,27.1,30.2,41.6,31.4,35.1,0.6,16.6,33.1,231,23.11,1001.7,ward_02_manali,13.168,80.258,ECMWF_ERA5_Reanalysis
2022-07-01,35.2,26.1,30.0,41.3,30.7,34.5,2.2,16.6,35.6,262,22.99,1001.8,ward_02_manali,13.168,80.258,ECMWF_ERA5_Reanalysis
2022-07-02,34.7,26.1,29.9,39.6,30.5,34.4,1.2,16.5,39.2,241,22.52,1000.9,ward_02_manali,13.168,80.258,ECMWF_ERA5_Reanalysis
2022-07-03,34.3,25.0,29.6,39.6,29.1,34.2,7.4,17.4,33.5,233,21.35,1001.3,ward_02_manali,13.168,80.258,ECMWF_ERA5_Reanalysis
2022-07-04,34.1,26.6,30.1,37.3,29.9,33.3,4.5,21.1,44.3,264,19.81,1001.5,ward_02_manali,13.168,80.258,ECMWF_ERA5_Reanalysis
2022-07-05,32.0,26.1,28.7,34.2,30.1,31.9,6.0,21.8,40.0,242,12.26,1001.4,ward_02_manali,13.168,80.258,ECMWF_ERA5_Reanalysis
2022-07-06,30.5,25.8,27.5,34.2,29.2,31.6,3.7,15.1,37.8,231,10.71,1003.1,ward_02_manali,13.168,80.258,ECMWF_ERA5_Reanalysis
2022-07-07,32.8,25.2,28.3,37.3,29.3,32.2,10.3,18.2,42.8,241,19.52,1004.7,ward_02_manali,13.168,80.258,ECMWF_ERA5_Reanalysis
2022-07-08,32.7,26.4,28.6,35.5,29.4,32.2,0.2,17.9,39.2,272,13.65,1003.5,ward_02_manali,13.168,80.258,ECMWF_ERA5_Reanalysis
2022-07-09,30.9,25.5,27.9,33.6,28.5,30.7,2.4,20.0,39.2,238,10.76,1001.8,ward_02_manali,13.168,80.258,ECMWF_ERA5_Reanalysis
2022-07-10,34.4,25.5,28.9,36.8,28.0,31.7,1.2,23.1,47.9,246,19.2,1002.0,ward_02_manali,13.168,80.258,ECMWF_ERA5_Reanalysis
2022-07-11,33.3,26.9,29.2,35.7,29.0,31.3,0.5,25.6,49.3,244,14.59,1003.7,ward_02_manali,13.168,80.258,ECMWF_ERA5_Reanalysis
2022-07-12,35.0,26.3,30.2,37.0,28.0,32.3,0.6,23.9,47.9,250,19.29,1003.1,ward_02_manali,13.168,80.258,ECMWF_ERA5_Reanalysis
2022-07-13,35.1,27.9,30.7,36.9,28.7,32.0,2.5,32.1,59.8,251,19.38,1001.0,ward_02_manali,13.168,80.258,ECMWF_ERA5_Reanalysis
2022-07-14,35.8,27.7,31.0,37.7,28.2,32.0,0.3,30.1,60.8,251,19.23,999.9,ward_02_manali,13.168,80.258,ECMWF_ERA5_Reanalysis
2022-07-15,36.6,27.6,31.1,39.0,28.5,32.9,0.3,23.7,46.8,242,20.13,1001.3,ward_02_manali,13.168,80.258,ECMWF_ERA5_Reanalysis
2022-07-16,36.5,27.0,30.4,40.2,29.9,33.1,1.0,22.4,42.8,250,20.76,1002.8,ward_02_manali,13.168,80.258,ECMWF_ERA5_Reanalysis
2022-07-17,34.1,26.2,29.1,38.2,29.5,32.9,2.0,18.9,37.4,222,12.78,1003.3,ward_02_manali,13.168,80.258,ECMWF_ERA5_Reanalysis
2022-07-18,31.8,25.7,28.0,36.0,29.2,32.4,3.7,16.0,29.5,230,12.58,1004.5,ward_02_manali,13.168,80.258,ECMWF_ERA5_Reanalysis
2022-07-19,33.4,26.1,29.0,41.1,29.9,34.1,0.0,13.2,28.4,193,22.64,1004.6,ward_02_manali,13.168,80.258,ECMWF_ERA5_Reanalysis
2022-07-20,32.8,25.9,28.8,39.8,30.2,34.0,8.7,14.5,29.9,200,23.32,1004.8,ward_02_manali,13.168,80.258,ECMWF_ERA5_Reanalysis
2022-07-21,32.6,24.7,28.8,41.4,29.2,34.6,20.4,15.9,28.8,206,23.7,1004.4,ward_02_manali,13.168,80.258,ECMWF_ERA5_Reanalysis
2022-07-22,31.1,25.0,27.9,37.7,29.3,33.4,7.7,12.3,34.6,246,14.1,1004.8,ward_02_manali,13.168,80.258,ECMWF_ERA5_Reanalysis
2022-07-23,32.4,24.7,27.6,39.7,28.3,32.9,9.7,17.3,36.4,228,21.16,1004.1,ward_02_manali,13.168,80.258,ECMWF_ERA5_Reanalysis
2022-07-24,31.6,25.0,27.6,37.4,30.0,33.0,2.9,11.2,25.6,246,17.61,1004.5,ward_02_manali,13.168,80.258,ECMWF_ERA5_Reanalysis
2022-07-25,32.7,25.4,28.4,38.9,30.4,33.9,1.9,10.0,26.3,234,21.76,1005.4,ward_02_manali,13.168,80.258,ECMWF_ERA5_Reanalysis
2022-07-26,30.9,24.9,27.5,36.7,29.0,32.3,12.9,13.4,26.3,301,17.62,1006.3,ward_02_manali,13.168,80.258,ECMWF_ERA5_Reanalysis
2022-07-27,30.5,24.9,27.6,37.1,30.2,33.0,1.0,13.5,29.2,72,23.59,1006.3,ward_02_manali,13.168,80.258,ECMWF_ERA5_Reanalysis
2022-07-28,31.4,25.3,28.3,38.6,31.3,34.0,1.7,12.6,27.7,118,23.32,1006.6,ward_02_manali,13.168,80.258,ECMWF_ERA5_Reanalysis
2022-07-29,30.0,24.9,27.9,36.2,29.2,33.6,0.5,14.5,30.2,158,21.87,1006.4,ward_02_manali,13.168,80.258,ECMWF_ERA5_Reanalysis
2022-07-30,32.1,26.2,28.5,39.6,31.1,34.0,0.6,15.3,31.7,177,23.64,1005.1,ward_02_manali,13.168,80.258,ECMWF_ERA5_Reanalysis
2022-07-31,31.9,25.7,28.8,38.9,30.7,34.4,0.8,14.0,28.1,171,24.16,1003.2,ward_02_manali,13.168,80.258,ECMWF_ERA5_Reanalysis
2022-08-01,32.8,25.0,28.9,39.9,29.4,34.2,4.6,16.4,32.4,182,23.49,1002.6,ward_02_manali,13.168,80.258,ECMWF_ERA5_Reanalysis
2022-08-02,32.5,24.9,28.2,37.7,29.6,33.4,17.6,14.5,30.6,8,17.98,1001.3,ward_02_manali,13.168,80.258,ECMWF_ERA5_Reanalysis
2022-08-03,28.1,24.4,26.1,33.8,29.6,31.5,14.9,10.7,21.2,313,8.8,1001.6,ward_02_manali,13.168,80.258,ECMWF_ERA5_Reanalysis
2022-08-04,30.4,24.2,26.6,37.8,28.4,31.9,20.8,12.0,28.8,219,13.56,1001.8,ward_02_manali,13.168,80.258,ECMWF_ERA5_Reanalysis
2022-08-05,30.9,24.9,27.7,34.3,28.9,31.3,0.4,19.2,37.1,238,10.9,1002.1,ward_02_manali,13.168,80.258,ECMWF_ERA5_Reanalysis
2022-08-06,29.8,26.7,27.9,34.5,28.1,30.8,6.2,20.0,42.8,233,11.69,1001.7,ward_02_manali,13.168,80.258,ECMWF_ERA5_Reanalysis
2022-08-07,31.7,26.1,28.6,35.0,28.8,31.6,0.3,20.0,48.2,233,13.97,1000.5,ward_02_manali,13.168,80.258,ECMWF_ERA5_Reanalysis
2022-08-08,33.1,27.1,29.5,35.1,29.1,31.8,0.0,24.8,46.8,240,15.28,1000.1,ward_02_manali,13.168,80.258,ECMWF_ERA5_Reanalysis
2022-08-09,34.3,27.3,30.2,35.2,28.7,31.9,0.0,29.5,57.6,236,21.38,1000.4,ward_02_manali,13.168,80.258,ECMWF_ERA5_Reanalysis
2022-08-10,34.3,26.8,30.0,35.7,27.9,31.8,0.1,25.3,54.7,235,23.2,1000.8,ward_02_manali,13.168,80.258,ECMWF_ERA5_Reanalysis
2022-08-11,36.0,26.2,30.1,37.5,29.0,32.7,0.0,25.8,49.7,225,22.51,1002.4,ward_02_manali,13.168,80.258,ECMWF_ERA5_Reanalysis
2022-08-12,35.3,27.4,30.5,38.6,29.6,33.7,0.0,18.8,38.9,248,21.17,1003.7,ward_02_manali,13.168,80.258,ECMWF_ERA5_Reanalysis
2022-08-13,35.4,27.2,30.2,39.5,30.1,34.2,0.3,14.8,33.1,244,22.29,1003.7,ward_02_manali,13.168,80.258,ECMWF_ERA5_Reanalysis
2022-08-14,34.0,26.9,29.4,38.4,29.8,33.0,0.1,17.6,31.0,269,17.45,1004.9,ward_02_manali,13.168,80.258,ECMWF_ERA5_Reanalysis
2022-08-15,33.9,26.3,29.1,39.4,30.8,33.8,0.0,19.6,38.2,191,21.15,1006.0,ward_02_manali,13.168,80.258,ECMWF_ERA5_Reanalysis
2022-08-16,32.8,26.8,29.1,38.7,32.1,34.3,6.4,17.6,36.0,181,23.05,1006.4,ward_02_manali,13.168,80.258,ECMWF_ERA5_Reanalysis
2022-08-17,33.3,25.7,28.8,39.6,28.9,33.5,6.1,19.7,36.7,190,24.08,1006.3,ward_02_manali,13.168,80.258,ECMWF_ERA5_Reanalysis
2022-08-18,34.5,26.5,29.6,40.4,31.0,34.7,1.3,19.8,34.6,185,21.98,1004.9,ward_02_manali,13.168,80.258,ECMWF_ERA5_Reanalysis
2022-08-19,33.8,25.6,29.2,39.7,27.9,33.7,4.1,22.7,47.2,209,18.6,1004.6,ward_02_manali,13.168,80.258,ECMWF_ERA5_Reanalysis
2022-08-20,35.3,27.3,30.2,40.6,30.7,34.5,0.0,14.8,33.1,216,21.56,1004.2,ward_02_manali,13.168,80.258,ECMWF_ERA5_Reanalysis
2022-08-21,34.0,25.5,29.4,39.5,28.4,34.1,13.1,18.4,37.1,215,18.78,1004.0,ward_02_manali,13.168,80.258,ECMWF_ERA5_Reanalysis
2022-08-22,35.0,25.6,29.1,40.6,29.5,33.4,0.7,19.0,36.4,230,22.94,1003.4,ward_02_manali,13.168,80.258,ECMWF_ERA5_Reanalysis
2022-08-23,34.3,25.8,29.1,41.5,29.4,33.4,1.2,17.2,33.1,226,23.05,1003.8,ward_02_manali,13.168,80.258,ECMWF_ERA5_Reanalysis
2022-08-24,31.8,24.8,28.4,39.0,28.4,33.7,15.4,13.7,29.5,254,20.81,1005.7,ward_02_manali,13.168,80.258,ECMWF_ERA5_Reanalysis
2022-08-25,33.8,24.6,28.3,40.5,28.6,33.2,5.7,13.0,27.7,306,23.66,1004.8,ward_02_manali,13.168,80.258,ECMWF_ERA5_Reanalysis
2022-08-26,33.2,24.3,28.1,40.2,28.0,33.2,8.9,13.1,25.2,275,22.39,1004.4,ward_02_manali,13.168,80.258,ECMWF_ERA5_Reanalysis
2022-08-27,31.9,24.5,27.6,38.6,28.1,32.5,14.8,17.5,31.0,221,19.41,1004.4,ward_02_manali,13.168,80.258,ECMWF_ERA5_Reanalysis
2022-08-28,32.9,24.6,27.7,40.6,29.1,33.3,14.1,11.4,29.9,247,22.74,1004.0,ward_02_manali,13.168,80.258,ECMWF_ERA5_Reanalysis
2022-08-29,31.6,25.0,27.7,39.3,30.3,33.0,4.8,13.4,28.1,129,20.21,1005.2,ward_02_manali,13.168,80.258,ECMWF_ERA5_Reanalysis
2022-08-30,30.7,24.3,27.8,36.6,29.8,33.3,3.3,14.5,32.8,119,23.72,1006.2,ward_02_manali,13.168,80.258,ECMWF_ERA5_Reanalysis
2022-08-31,29.1,25.3,27.1,34.5,30.2,32.3,2.2,13.0,29.5,129,18.31,1005.9,ward_02_manali,13.168,80.258,ECMWF_ERA5_Reanalysis
2022-09-01,28.5,24.6,26.2,34.4,29.8,31.5,17.0,13.0,31.0,107,13.62,1006.0,ward_02_manali,13.168,80.258,ECMWF_ERA5_Reanalysis
2022-09-02,30.7,24.4,27.4,36.7,29.6,32.4,4.2,15.8,33.5,159,23.37,1006.5,ward_02_manali,13.168,80.258,ECMWF_ERA5_Reanalysis
2022-09-03,31.7,25.4,28.3,37.7,31.1,33.6,0.3,14.5,31.0,159,20.42,1006.1,ward_02_manali,13.168,80.258,ECMWF_ERA5_Reanalysis
2022-09-04,31.7,25.6,28.5,39.1,31.2,34.2,1.5,13.3,29.5,189,23.23,1005.3,ward_02_manali,13.168,80.258,ECMWF_ERA5_Reanalysis
2022-09-05,32.3,25.4,28.4,39.9,29.9,33.4,0.4,15.7,30.2,179,23.57,1005.2,ward_02_manali,13.168,80.258,ECMWF_ERA5_Reanalysis
2022-09-06,31.6,25.1,28.1,38.6,30.1,33.6,8.0,12.7,29.9,191,22.82,1004.7,ward_02_manali,13.168,80.258,ECMWF_ERA5_Reanalysis
2022-09-07,31.4,25.6,27.3,37.2,31.1,33.2,13.2,11.5,28.1,319,15.0,1004.7,ward_02_manali,13.168,80.258,ECMWF_ERA5_Reanalysis
2022-09-08,29.0,24.9,26.6,33.7,28.9,31.7,6.4,12.6,23.8,261,9.08,1004.5,ward_02_manali,13.168,80.258,ECMWF_ERA5_Reanalysis
2022-09-09,32.1,25.4,28.0,37.0,29.6,32.9,20.7,14.6,29.5,249,16.41,1003.6,ward_02_manali,13.168,80.258,ECMWF_ERA5_Reanalysis
2022-09-10,31.4,25.1,28.4,35.3,30.8,32.8,2.8,16.8,36.7,230,12.41,1003.4,ward_02_manali,13.168,80.258,ECMWF_ERA5_Reanalysis
2022-09-11,32.2,26.8,29.4,36.1,29.8,32.6,0.0,23.1,46.4,225,16.23,1003.0,ward_02_manali,13.168,80.258,ECMWF_ERA5_Reanalysis
2022-09-12,33.1,25.8,29.0,36.5,29.2,32.6,0.0,23.3,44.3,195,21.51,1003.4,ward_02_manali,13.168,80.258,ECMWF_ERA5_Reanalysis
2022-09-13,33.4,26.0,29.0,38.9,29.7,33.4,0.3,19.0,36.0,194,24.61,1005.8,ward_02_manali,13.168,80.258,ECMWF_ERA5_Reanalysis
2022-09-14,33.2,26.5,29.0,39.8,30.3,33.9,1.6,17.7,37.4,195,23.05,1007.8,ward_02_manali,13.168,80.258,ECMWF_ERA5_Reanalysis
2022-09-15,33.3,25.4,28.8,38.2,29.7,33.8,2.1,12.9,27.7,205,20.61,1008.4,ward_02_manali,13.168,80.258,ECMWF_ERA5_Reanalysis
2022-09-16,34.4,26.0,29.3,40.0,31.5,34.6,0.1,16.4,32.8,204,23.14,1006.2,ward_02_manali,13.168,80.258,ECMWF_ERA5_Reanalysis
2022-09-17,34.3,26.6,29.7,40.2,31.0,34.6,0.6,12.8,26.6,212,22.32,1005.8,ward_02_manali,13.168,80.258,ECMWF_ERA5_Reanalysis
2022-09-18,33.9,27.0,29.6,40.5,31.3,34.5,0.0,16.4,32.0,208,21.64,1006.2,ward_02_manali,13.168,80.258,ECMWF_ERA5_Reanalysis
2022-09-19,34.2,26.5,29.5,37.7,30.7,33.8,0.3,14.9,31.0,225,17.87,1005.9,ward_02_manali,13.168,80.258,ECMWF_ERA5_Reanalysis
2022-09-20,35.0,26.6,29.7,39.3,29.8,33.6,0.1,16.3,33.5,224,22.86,1005.2,ward_02_manali,13.168,80.258,ECMWF_ERA5_Reanalysis
2022-09-21,34.8,25.6,29.5,39.8,28.1,33.1,0.0,19.7,37.4,203,24.12,1005.4,ward_02_manali,13.168,80.258,ECMWF_ERA5_Reanalysis
2022-09-22,35.8,27.0,30.3,39.0,29.7,34.0,0.0,19.8,37.8,207,23.34,1005.8,ward_02_manali,13.168,80.258,ECMWF_ERA5_Reanalysis
2022-09-23,34.7,26.3,29.9,39.5,32.0,34.3,0.7,17.5,34.6,192,23.39,1006.4,ward_02_manali,13.168,80.258,ECMWF_ERA5_Reanalysis
2022-09-24,34.8,27.0,30.0,40.0,29.7,34.0,0.9,13.8,30.6,259,22.9,1006.1,ward_02_manali,13.168,80.258,ECMWF_ERA5_Reanalysis
2022-09-25,34.7,26.3,29.6,38.9,30.4,34.2,2.8,12.6,31.7,225,22.86,1005.4,ward_02_manali,13.168,80.258,ECMWF_ERA5_Reanalysis
2022-09-26,34.0,26.3,28.6,40.3,31.3,34.1,2.7,12.6,26.6,241,22.06,1006.3,ward_02_manali,13.168,80.258,ECMWF_ERA5_Reanalysis
2022-09-27,33.2,25.2,28.8,38.6,30.0,34.0,4.2,13.4,31.0,133,21.18,1005.2,ward_02_manali,13.168,80.258,ECMWF_ERA5_Reanalysis
2022-09-28,32.4,24.9,28.1,39.4,29.9,33.7,23.9,12.4,24.1,235,21.0,1004.3,ward_02_manali,13.168,80.258,ECMWF_ERA5_Reanalysis
2022-09-29,32.2,24.2,27.8,36.8,28.2,32.4,8.9,14.0,28.8,281,12.04,1004.0,ward_02_manali,13.168,80.258,ECMWF_ERA5_Reanalysis
2022-09-30,30.1,24.8,27.1,33.8,29.1,31.4,1.2,14.1,28.1,278,11.47,1004.7,ward_02_manali,13.168,80.258,ECMWF_ERA5_Reanalysis
2022-10-01,29.3,25.3,26.9,32.7,29.0,30.9,9.4,18.5,41.4,278,9.33,1004.5,ward_02_manali,13.168,80.258,ECMWF_ERA5_Reanalysis
2022-10-02,32.1,26.0,28.9,35.8,28.8,32.1,0.0,16.5,36.4,290,14.17,1003.8,ward_02_manali,13.168,80.258,ECMWF_ERA5_Reanalysis
2022-10-03,33.6,26.8,29.5,36.1,29.2,32.4,0.0,21.9,41.8,298,15.37,1003.4,ward_02_manali,13.168,80.258,ECMWF_ERA5_Reanalysis
2022-10-04,34.1,25.9,29.5,36.6,28.6,33.3,0.0,17.9,35.3,312,16.39,1003.5,ward_02_manali,13.168,80.258,ECMWF_ERA5_Reanalysis
2022-10-05,28.3,25.4,26.8,35.2,30.4,32.6,12.2,9.8,17.6,187,5.85,1004.4,ward_02_manali,13.168,80.258,ECMWF_ERA5_Reanalysis
2022-10-06,30.8,24.0,26.4,36.8,27.5,31.3,16.2,13.6,27.7,213,14.0,1004.7,ward_02_manali,13.168,80.258,ECMWF_ERA5_Reanalysis
2022-10-07,28.6,23.7,26.2,33.4,27.8,31.1,6.0,11.0,24.8,141,13.53,1006.2,ward_02_manali,13.168,80.258,ECMWF_ERA5_Reanalysis
2022-10-08,29.8,25.0,26.8,35.8,30.2,32.3,42.4,13.2,29.5,7,18.58,1006.9,ward_02_manali,13.168,80.258,ECMWF_ERA5_Reanalysis
2022-10-09,28.8,23.9,26.1,34.5,28.5,31.1,21.6,11.2,27.4,43,15.44,1007.5,ward_02_manali,13.168,80.258,ECMWF_ERA5_Reanalysis
2022-10-10,29.3,23.6,26.8,34.3,28.2,31.6,17.3,15.3,29.9,135,17.86,1008.6,ward_02_manali,13.168,80.258,ECMWF_ERA5_Reanalysis
2022-10-11,29.7,24.6,27.1,35.2,29.0,31.7,1.7,17.3,33.1,155,20.01,1008.8,ward_02_manali,13.168,80.258,ECMWF_ERA5_Reanalysis
2022-10-12,30.9,25.1,27.4,37.8,30.5,32.6,2.9,10.8,26.6,167,19.36,1008.7,ward_02_manali,13.168,80.258,ECMWF_ERA5_Reanalysis
2022-10-13,30.1,24.4,27.4,36.6,28.9,32.6,3.7,10.1,25.2,136,21.69,1008.3,ward_02_manali,13.168,80.258,ECMWF_ERA5_Reanalysis
2022-10-14,29.8,23.6,26.5,36.1,28.5,31.5,5.7,14.0,30.2,15,15.66,1007.4,ward_02_manali,13.168,80.258,ECMWF_ERA5_Reanalysis
2022-10-15,29.9,23.6,26.9,36.6,27.6,31.9,13.2,12.0,27.4,20,19.64,1006.5,ward_02_manali,13.168,80.258,ECMWF_ERA5_Reanalysis
2022-10-16,30.0,23.9,27.2,36.1,28.7,32.3,7.8,13.8,27.7,116,19.88,1008.5,ward_02_manali,13.168,80.258,ECMWF_ERA5_Reanalysis
2022-10-17,29.6,23.7,27.0,36.3,28.6,32.3,4.1,11.5,28.1,113,19.96,1010.2,ward_02_manali,13.168,80.258,ECMWF_ERA5_Reanalysis
2022-10-18,31.1,23.6,27.2,38.1,26.7,32.6,11.3,17.3,36.0,358,20.84,1009.4,ward_02_manali,13.168,80.258,ECMWF_ERA5_Reanalysis
2022-10-19,30.8,23.4,26.9,36.9,27.9,31.8,3.3,14.4,31.7,16,20.07,1008.7,ward_02_manali,13.168,80.258,ECMWF_ERA5_Reanalysis
2022-10-20,30.3,23.7,27.1,35.6,27.9,31.6,10.2,16.8,33.8,33,16.16,1009.4,ward_02_manali,13.168,80.258,ECMWF_ERA5_Reanalysis
2022-10-21,29.4,23.7,26.8,35.0,27.6,31.1,8.8,14.8,38.5,35,16.84,1010.6,ward_02_manali,13.168,80.258,ECMWF_ERA5_Reanalysis
2022-10-22,29.9,23.3,26.2,32.2,27.5,29.9,8.8,26.6,50.4,10,17.35,1010.9,ward_02_manali,13.168,80.258,ECMWF_ERA5_Reanalysis
2022-10-23,31.5,23.8,27.0,34.0,26.9,29.8,0.0,18.5,36.4,346,22.35,1009.3,ward_02_manali,13.168,80.258,ECMWF_ERA5_Reanalysis
2022-10-24,31.6,21.2,26.1,35.3,23.1,28.6,0.0,11.4,21.6,279,23.3,1008.1,ward_02_manali,13.168,80.258,ECMWF_ERA5_Reanalysis
2022-10-25,31.6,19.9,25.5,35.7,21.4,27.8,0.0,12.6,24.8,324,23.27,1009.2,ward_02_manali,13.168,80.258,ECMWF_ERA5_Reanalysis
2022-10-26,30.6,21.3,25.8,34.6,24.1,28.5,0.0,10.7,24.8,4,22.82,1010.9,ward_02_manali,13.168,80.258,ECMWF_ERA5_Reanalysis
2022-10-27,30.0,22.6,26.2,33.4,25.3,29.1,3.6,20.1,39.2,23,19.16,1010.5,ward_02_manali,13.168,80.258,ECMWF_ERA5_Reanalysis
2022-10-28,28.6,22.8,26.0,32.6,25.9,29.4,15.1,19.6,41.4,24,18.48,1009.7,ward_02_manali,13.168,80.258,ECMWF_ERA5_Reanalysis
2022-10-29,30.4,24.9,27.7,32.5,28.3,30.0,0.4,21.8,42.5,43,18.25,1009.4,ward_02_manali,13.168,80.258,ECMWF_ERA5_Reanalysis
2022-10-30,30.4,25.7,27.8,33.0,28.7,30.3,0.6,23.8,45.7,28,20.96,1009.6,ward_02_manali,13.168,80.258,ECMWF_ERA5_Reanalysis
2022-10-31,26.0,23.9,24.9,29.3,27.5,28.4,36.0,20.3,37.8,17,4.3,1009.4,ward_02_manali,13.168,80.258,ECMWF_ERA5_Reanalysis
2022-11-01,25.4,23.3,24.2,30.4,27.1,28.3,72.5,15.9,31.3,33,2.1,1010.1,ward_02_manali,13.168,80.258,ECMWF_ERA5_Reanalysis
2022-11-02,25.1,22.9,23.8,29.0,26.2,27.7,22.5,15.5,28.8,13,4.91,1009.9,ward_02_manali,13.168,80.258,ECMWF_ERA5_Reanalysis
2022-11-03,27.0,22.4,24.7,31.0,25.8,28.8,20.2,14.7,30.2,7,10.52,1009.7,ward_02_manali,13.168,80.258,ECMWF_ERA5_Reanalysis
2022-11-04,28.3,22.9,26.0,33.0,27.0,30.1,5.3,14.8,33.1,40,16.27,1010.9,ward_02_manali,13.168,80.258,ECMWF_ERA5_Reanalysis
2022-11-05,29.4,24.2,26.8,33.8,28.9,30.7,2.2,17.1,35.6,52,18.03,1012.3,ward_02_manali,13.168,80.258,ECMWF_ERA5_Reanalysis
2022-11-06,29.7,24.0,27.0,32.9,28.6,30.2,0.0,20.9,41.0,41,21.57,1012.6,ward_02_manali,13.168,80.258,ECMWF_ERA5_Reanalysis
2022-11-07,28.3,24.0,26.0,31.9,28.8,29.8,3.5,19.4,39.2,36,16.9,1012.1,ward_02_manali,13.168,80.258,ECMWF_ERA5_Reanalysis
2022-11-08,28.4,23.7,26.2,32.0,28.0,29.7,3.6,19.5,40.3,28,16.02,1011.6,ward_02_manali,13.168,80.258,ECMWF_ERA5_Reanalysis
2022-11-09,29.4,24.2,26.4,32.4,28.1,29.8,1.1,21.4,42.5,27,19.29,1011.0,ward_02_manali,13.168,80.258,ECMWF_ERA5_Reanalysis
2022-11-10,29.3,23.1,26.3,32.2,26.3,28.9,6.5,24.7,46.4,25,18.55,1010.5,ward_02_manali,13.168,80.258,ECMWF_ERA5_Reanalysis
2022-11-11,25.5,23.7,24.8,28.3,25.0,27.3,37.2,24.6,51.8,36,3.57,1009.6,ward_02_manali,13.168,80.258,ECMWF_ERA5_Reanalysis
2022-11-12,26.2,23.6,25.2,29.9,27.9,29.0,22.7,20.4,38.2,70,6.39,1010.2,ward_02_manali,13.168,80.258,ECMWF_ERA5_Reanalysis
2022-11-13,26.9,22.5,24.8,31.2,26.0,29.0,16.5,14.9,30.6,42,10.75,1011.2,ward_02_manali,13.168,80.258,ECMWF_ERA5_Reanalysis
2022-11-14,27.4,23.1,25.2,31.3,27.4,29.3,7.7,15.8,35.3,30,14.75,1011.8,ward_02_manali,13.168,80.258,ECMWF_ERA5_Reanalysis
2022-11-15,29.1,22.5,25.7,32.7,26.1,29.2,0.9,17.1,33.8,16,17.85,1011.8,ward_02_manali,13.168,80.258,ECMWF_ERA5_Reanalysis
2022-11-16,29.0,22.4,25.5,31.6,25.8,28.3,0.0,15.4,31.0,24,19.74,1010.7,ward_02_manali,13.168,80.258,ECMWF_ERA5_Reanalysis
2022-11-17,28.5,20.4,24.5,30.9,22.7,26.8,0.0,18.7,36.7,2,19.82,1010.1,ward_02_manali,13.168,80.258,ECMWF_ERA5_Reanalysis
2022-11-18,28.5,21.0,24.8,30.5,22.8,26.8,0.0,22.6,43.6,356,16.98,1010.2,ward_02_manali,13.168,80.258,ECMWF_ERA5_Reanalysis
2022-11-19,28.9,21.0,24.8,29.4,23.0,26.4,0.0,23.6,45.7,353,18.29,1010.0,ward_02_manali,13.168,80.258,ECMWF_ERA5_Reanalysis
2022-11-20,26.9,21.0,23.6,26.3,21.2,24.3,1.0,21.4,38.9,345,11.52,1008.8,ward_02_manali,13.168,80.258,ECMWF_ERA5_Reanalysis
2022-11-21,24.2,19.7,21.7,24.6,19.6,22.0,52.2,23.3,45.7,325,8.64,1007.9,ward_02_manali,13.168,80.258,ECMWF_ERA5_Reanalysis
2022-11-22,24.0,21.2,22.7,27.5,22.0,24.9,61.9,22.3,41.0,319,5.42,1007.6,ward_02_manali,13.168,80.258,ECMWF_ERA5_Reanalysis
2022-11-23,28.1,22.5,25.1,32.2,25.8,29.1,8.8,13.8,27.0,220,10.09,1008.2,ward_02_manali,13.168,80.258,ECMWF_ERA5_Reanalysis
2022-11-24,28.4,22.4,25.3,34.2,26.7,30.1,4.0,10.2,25.9,99,16.47,1010.0,ward_02_manali,13.168,80.258,ECMWF_ERA5_Reanalysis
2022-11-25,28.9,22.6,25.5,35.2,27.1,30.3,1.0,11.7,26.6,64,18.18,1010.9,ward_02_manali,13.168,80.258,ECMWF_ERA5_Reanalysis
2022-11-26,28.8,23.1,25.6,33.3,27.7,30.2,1.8,12.4,26.6,46,15.86,1010.0,ward_02_manali,13.168,80.258,ECMWF_ERA5_Reanalysis
2022-11-27,28.9,22.9,25.4,34.8,27.7,30.0,3.5,12.2,25.2,91,17.73,1008.4,ward_02_manali,13.168,80.258,ECMWF_ERA5_Reanalysis
2022-11-28,28.3,22.6,25.4,32.9,25.8,29.4,1.0,12.9,26.6,63,18.33,1009.0,ward_02_manali,13.168,80.258,ECMWF_ERA5_Reanalysis
2022-11-29,28.4,21.2,24.8,31.5,24.4,27.4,0.0,14.6,30.6,24,19.91,1010.2,ward_02_manali,13.168,80.258,ECMWF_ERA5_Reanalysis
2022-11-30,28.4,20.8,24.8,32.6,22.9,28.0,1.4,12.5,26.6,13,16.91,1010.8,ward_02_manali,13.168,80.258,ECMWF_ERA5_Reanalysis
2022-12-01,28.2,23.9,25.7,33.6,28.1,30.3,1.9,12.3,29.5,43,15.38,1010.4,ward_02_manali,13.168,80.258,ECMWF_ERA5_Reanalysis
2022-12-02,29.0,23.5,26.1,33.9,28.1,30.6,2.1,14.5,29.9,38,18.1,1009.7,ward_02_manali,13.168,80.258,ECMWF_ERA5_Reanalysis
2022-12-03,28.3,24.1,25.8,32.4,28.2,29.9,3.2,16.2,35.3,56,15.33,1010.1,ward_02_manali,13.168,80.258,ECMWF_ERA5_Reanalysis
2022-12-04,29.2,24.1,26.3,32.5,28.3,30.1,1.9,19.4,38.2,44,16.5,1010.7,ward_02_manali,13.168,80.258,ECMWF_ERA5_Reanalysis
2022-12-05,29.2,23.9,26.5,32.9,28.4,30.1,0.1,19.1,37.4,44,18.83,1011.3,ward_02_manali,13.168,80.258,ECMWF_ERA5_Reanalysis
2022-12-06,28.7,23.5,26.0,31.0,27.6,28.9,0.0,20.7,40.3,21,17.58,1010.5,ward_02_manali,13.168,80.258,ECMWF_ERA5_Reanalysis
2022-12-07,27.8,23.1,25.1,28.4,26.0,27.2,0.0,25.1,46.8,352,11.13,1008.9,ward_02_manali,13.168,80.258,ECMWF_ERA5_Reanalysis
2022-12-08,25.0,21.3,23.0,25.6,20.1,23.4,14.5,32.1,59.0,341,4.44,1006.8,ward_02_manali,13.168,80.258,ECMWF_ERA5_Reanalysis
2022-12-09,25.1,20.4,23.1,27.4,18.0,23.3,108.7,48.8,85.7,13,4.24,1002.1,ward_02_manali,13.168,80.258,ECMWF_ERA5_Reanalysis
2022-12-10,26.8,23.3,24.7,28.3,22.0,25.6,8.0,45.4,84.2,129,10.36,1001.8,ward_02_manali,13.168,80.258,ECMWF_ERA5_Reanalysis
2022-12-11,26.6,23.3,24.7,29.9,26.4,28.3,8.8,13.3,27.4,133,8.27,1007.7,ward_02_manali,13.168,80.258,ECMWF_ERA5_Reanalysis
2022-12-12,26.1,23.6,24.8,29.3,27.3,28.2,22.7,21.2,41.8,139,8.73,1008.9,ward_02_manali,13.168,80.258,ECMWF_ERA5_Reanalysis
2022-12-13,28.7,23.3,25.8,32.8,27.8,29.9,1.2,15.9,33.1,115,18.05,1010.4,ward_02_manali,13.168,80.258,ECMWF_ERA5_Reanalysis
2022-12-14,28.6,22.4,25.5,33.2,26.5,29.8,0.9,16.7,32.8,55,17.94,1011.1,ward_02_manali,13.168,80.258,ECMWF_ERA5_Reanalysis
2022-12-15,27.9,21.4,24.3,32.1,24.1,28.0,0.0,10.2,23.8,20,18.9,1010.9,ward_02_manali,13.168,80.258,ECMWF_ERA5_Reanalysis
2022-12-16,28.3,20.8,24.2,32.2,23.7,27.7,0.0,13.8,28.1,6,19.11,1010.0,ward_02_manali,13.168,80.258,ECMWF_ERA5_Reanalysis
2022-12-17,28.5,22.4,25.4,32.3,26.0,29.1,0.0,14.8,31.7,26,18.85,1010.6,ward_02_manali,13.168,80.258,ECMWF_ERA5_Reanalysis
2022-12-18,27.9,23.6,25.6,30.0,26.2,28.0,1.3,23.6,45.4,48,17.26,1010.0,ward_02_manali,13.168,80.258,ECMWF_ERA5_Reanalysis
2022-12-19,28.2,22.9,25.7,29.6,25.1,27.5,0.0,20.8,41.0,22,15.47,1009.4,ward_02_manali,13.168,80.258,ECMWF_ERA5_Reanalysis
2022-12-20,27.7,22.3,25.1,29.5,25.1,27.5,0.7,23.0,44.3,9,16.56,1009.1,ward_02_manali,13.168,80.258,ECMWF_ERA5_Reanalysis
2022-12-21,28.3,23.0,25.2,30.5,25.8,27.6,0.4,22.7,44.3,8,17.5,1009.2,ward_02_manali,13.168,80.258,ECMWF_ERA5_Reanalysis
2022-12-22,28.0,22.9,25.4,29.3,25.7,27.2,0.0,23.0,44.3,17,14.59,1009.1,ward_02_manali,13.168,80.258,ECMWF_ERA5_Reanalysis
2022-12-23,28.0,22.6,25.1,29.4,24.3,26.6,0.5,25.3,48.6,360,16.01,1009.0,ward_02_manali,13.168,80.258,ECMWF_ERA5_Reanalysis
2022-12-24,28.3,22.9,25.3,29.9,25.3,27.3,5.2,26.5,50.0,8,15.9,1009.4,ward_02_manali,13.168,80.258,ECMWF_ERA5_Reanalysis
2022-12-25,26.9,23.6,24.9,30.9,26.9,28.5,15.8,17.9,39.2,50,10.11,1010.3,ward_02_manali,13.168,80.258,ECMWF_ERA5_Reanalysis
2022-12-26,28.5,23.1,25.7,32.7,27.0,30.0,5.2,16.2,35.6,81,15.44,1012.3,ward_02_manali,13.168,80.258,ECMWF_ERA5_Reanalysis
2022-12-27,27.9,23.6,25.6,32.0,27.8,29.9,4.1,13.3,30.6,78,15.07,1013.6,ward_02_manali,13.168,80.258,ECMWF_ERA5_Reanalysis
2022-12-28,28.9,22.4,25.2,33.8,27.0,29.8,0.2,11.8,26.3,93,18.3,1014.4,ward_02_manali,13.168,80.258,ECMWF_ERA5_Reanalysis
2022-12-29,29.1,22.3,25.2,34.7,26.3,29.6,0.3,10.6,24.5,131,18.44,1015.3,ward_02_manali,13.168,80.258,ECMWF_ERA5_Reanalysis
2022-12-30,29.5,22.0,25.3,35.2,26.5,29.8,0.0,11.6,26.3,74,18.82,1016.1,ward_02_manali,13.168,80.258,ECMWF_ERA5_Reanalysis
2022-12-31,29.1,22.2,24.9,34.0,25.8,29.0,0.0,10.0,22.0,136,18.78,1015.4,ward_02_manali,13.168,80.258,ECMWF_ERA5_Reanalysis
2023-01-01,28.9,21.0,24.4,34.5,24.4,28.4,0.0,12.3,24.5,60,18.51,1014.9,ward_02_manali,13.168,80.258,ECMWF_ERA5_Reanalysis
2023-01-02,28.4,21.6,25.0,32.7,24.8,28.6,0.1,9.7,24.1,89,19.27,1014.8,ward_02_manali,13.168,80.258,ECMWF_ERA5_Reanalysis
2023-01-03,27.9,21.5,24.9,30.5,25.0,27.8,0.4,16.9,34.9,50,18.37,1015.0,ward_02_manali,13.168,80.258,ECMWF_ERA5_Reanalysis
2023-01-04,27.6,21.4,25.0,30.3,24.3,27.6,1.8,16.4,33.8,59,17.89,1014.1,ward_02_manali,13.168,80.258,ECMWF_ERA5_Reanalysis
2023-01-05,28.6,24.7,26.2,30.4,26.4,27.9,0.0,21.1,41.4,59,18.99,1014.3,ward_02_manali,13.168,80.258,ECMWF_ERA5_Reanalysis
2023-01-06,28.1,24.0,25.8,29.5,25.8,27.4,0.0,23.7,46.4,41,18.45,1015.5,ward_02_manali,13.168,80.258,ECMWF_ERA5_Reanalysis
2023-01-07,28.0,23.2,25.4,29.9,26.3,27.5,0.5,21.0,41.4,37,18.17,1014.8,ward_02_manali,13.168,80.258,ECMWF_ERA5_Reanalysis
2023-01-08,27.3,21.6,24.3,29.1,24.2,26.2,0.9,19.7,39.2,28,16.75,1014.1,ward_02_manali,13.168,80.258,ECMWF_ERA5_Reanalysis
2023-01-09,27.1,20.7,23.8,28.8,22.2,25.0,0.0,16.4,34.2,31,20.48,1015.3,ward_02_manali,13.168,80.258,ECMWF_ERA5_Reanalysis
2023-01-10,27.3,19.5,23.3,29.0,20.8,24.7,0.0,17.4,36.0,5,19.83,1014.9,ward_02_manali,13.168,80.258,ECMWF_ERA5_Reanalysis
2023-01-11,27.8,18.6,22.9,30.8,20.0,25.0,0.0,13.6,29.2,359,20.26,1012.9,ward_02_manali,13.168,80.258,ECMWF_ERA5_Reanalysis
2023-01-12,27.7,19.3,22.9,30.5,21.5,25.2,0.0,12.0,28.1,30,20.38,1012.1,ward_02_manali,13.168,80.258,ECMWF_ERA5_Reanalysis
2023-01-13,28.1,18.4,23.2,30.7,20.4,25.3,0.0,10.7,25.2,58,20.42,1012.3,ward_02_manali,13.168,80.258,ECMWF_ERA5_Reanalysis
2023-01-14,27.9,18.9,23.1,31.9,21.2,25.4,0.0,11.7,27.0,60,20.29,1012.2,ward_02_manali,13.168,80.258,ECMWF_ERA5_Reanalysis
2023-01-15,27.5,18.4,22.8,30.7,20.3,24.9,0.0,11.5,26.3,87,20.44,1011.7,ward_02_manali,13.168,80.258,ECMWF_ERA5_Reanalysis
2023-01-16,27.6,18.1,22.9,29.9,19.6,24.7,0.0,14.8,32.0,54,20.98,1012.3,ward_02_manali,13.168,80.258,ECMWF_ERA5_Reanalysis
2023-01-17,28.2,19.9,23.9,30.4,21.9,25.9,0.0,12.3,28.4,87,19.18,1013.0,ward_02_manali,13.168,80.258,ECMWF_ERA5_Reanalysis
2023-01-18,28.6,18.9,23.8,30.2,21.4,25.3,0.0,14.5,30.6,75,17.31,1014.4,ward_02_manali,13.168,80.258,ECMWF_ERA5_Reanalysis
2023-01-19,28.4,18.7,24.3,30.1,20.3,25.9,0.0,14.3,32.4,41,19.79,1014.3,ward_02_manali,13.168,80.258,ECMWF_ERA5_Reanalysis
2023-01-20,27.5,21.4,24.8,30.2,24.2,27.4,1.9,17.3,37.1,53,16.89,1013.6,ward_02_manali,13.168,80.258,ECMWF_ERA5_Reanalysis
2023-01-21,29.3,22.0,25.1,30.9,25.0,27.5,1.7,20.4,41.4,44,19.01,1012.9,ward_02_manali,13.168,80.258,ECMWF_ERA5_Reanalysis
2023-01-22,28.5,21.4,25.1,30.3,24.2,27.1,0.0,16.9,36.0,46,17.39,1012.2,ward_02_manali,13.168,80.258,ECMWF_ERA5_Reanalysis
2023-01-23,29.0,24.0,26.1,31.4,26.5,28.2,0.2,18.7,38.9,63,15.64,1011.2,ward_02_manali,13.168,80.258,ECMWF_ERA5_Reanalysis
2023-01-24,28.3,22.1,25.3,31.4,25.0,27.5,0.0,16.4,34.9,70,20.34,1011.7,ward_02_manali,13.168,80.258,ECMWF_ERA5_Reanalysis
2023-01-25,28.3,20.5,25.0,30.7,22.0,26.9,0.4,15.3,33.8,72,20.49,1011.6,ward_02_manali,13.168,80.258,ECMWF_ERA5_Reanalysis
2023-01-26,29.7,21.1,25.2,31.8,22.9,27.0,0.0,17.1,36.0,49,19.76,1011.6,ward_02_manali,13.168,80.258,ECMWF_ERA5_Reanalysis
2023-01-27,28.9,21.1,24.8,30.9,23.3,26.8,0.0,15.2,33.8,48,20.13,1011.7,ward_02_manali,13.168,80.258,ECMWF_ERA5_Reanalysis
2023-01-28,29.2,20.6,24.7,31.5,22.7,26.8,0.1,17.7,37.1,23,20.0,1010.8,ward_02_manali,13.168,80.258,ECMWF_ERA5_Reanalysis
2023-01-29,28.7,22.2,25.6,29.7,25.4,27.7,0.5,22.9,45.4,48,17.74,1009.9,ward_02_manali,13.168,80.258,ECMWF_ERA5_Reanalysis
2023-01-30,29.1,23.2,26.0,31.3,26.3,28.5,1.0,23.7,46.4,51,18.4,1010.7,ward_02_manali,13.168,80.258,ECMWF_ERA5_Reanalysis
2023-01-31,28.2,24.2,25.8,29.9,27.4,28.2,1.0,22.7,43.6,29,10.45,1010.3,ward_02_manali,13.168,80.258,ECMWF_ERA5_Reanalysis
2023-02-01,29.0,24.6,26.3,30.5,27.3,28.3,0.8,23.2,44.3,33,14.32,1009.8,ward_02_manali,13.168,80.258,ECMWF_ERA5_Reanalysis
2023-02-02,29.3,25.5,26.7,31.0,27.6,28.6,0.0,23.0,45.0,39,18.07,1010.4,ward_02_manali,13.168,80.258,ECMWF_ERA5_Reanalysis
2023-02-03,29.6,25.5,27.0,31.8,27.8,29.0,0.2,22.4,44.3,52,19.66,1011.1,ward_02_manali,13.168,80.258,ECMWF_ERA5_Reanalysis
2023-02-04,29.3,22.7,25.9,32.5,26.4,28.8,0.0,16.9,36.7,42,21.28,1010.9,ward_02_manali,13.168,80.258,ECMWF_ERA5_Reanalysis
2023-02-05,29.0,20.6,24.5,32.1,23.5,27.6,0.0,15.6,34.6,38,21.4,1010.6,ward_02_manali,13.168,80.258,ECMWF_ERA5_Reanalysis
2023-02-06,29.1,20.4,24.4,32.8,23.7,27.8,0.0,15.0,33.8,42,20.87,1010.9,ward_02_manali,13.168,80.258,ECMWF_ERA5_Reanalysis
2023-02-07,30.0,20.8,24.8,34.6,24.0,28.5,0.0,13.3,29.9,105,21.57,1010.6,ward_02_manali,13.168,80.258,ECMWF_ERA5_Reanalysis
2023-02-08,29.7,21.6,25.0,33.9,24.7,28.7,0.0,12.0,28.4,90,22.3,1010.8,ward_02_manali,13.168,80.258,ECMWF_ERA5_Reanalysis
2023-02-09,29.2,21.9,24.9,33.6,25.3,28.5,0.0,12.6,30.6,102,21.56,1011.3,ward_02_manali,13.168,80.258,ECMWF_ERA5_Reanalysis
2023-02-10,31.9,19.9,25.1,34.4,23.0,28.1,0.0,15.0,33.1,92,22.59,1012.3,ward_02_manali,13.168,80.258,ECMWF_ERA5_Reanalysis
2023-02-11,30.5,21.0,24.7,33.7,24.3,27.6,0.0,12.6,28.8,128,20.61,1012.5,ward_02_manali,13.168,80.258,ECMWF_ERA5_Reanalysis
2023-02-12,30.9,19.6,24.5,34.7,22.1,27.4,0.0,14.1,31.7,137,22.96,1012.5,ward_02_manali,13.168,80.258,ECMWF_ERA5_Reanalysis
2023-02-13,30.1,19.8,24.2,33.9,22.6,27.3,0.0,13.3,29.9,100,22.91,1012.7,ward_02_manali,13.168,80.258,ECMWF_ERA5_Reanalysis
2023-02-14,30.0,19.4,24.3,34.4,21.9,27.5,0.0,15.6,34.6,87,23.12,1012.4,ward_02_manali,13.168,80.258,ECMWF_ERA5_Reanalysis
2023-02-15,30.9,20.6,24.6,34.5,23.4,27.6,0.0,15.5,34.2,78,23.5,1011.1,ward_02_manali,13.168,80.258,ECMWF_ERA5_Reanalysis
2023-02-16,29.6,20.0,24.5,33.4,23.1,27.7,0.0,15.1,34.6,98,22.34,1011.4,ward_02_manali,13.168,80.258,ECMWF_ERA5_Reanalysis
2023-02-17,29.5,19.6,24.3,32.8,22.2,27.0,0.0,14.3,32.8,130,22.85,1012.1,ward_02_manali,13.168,80.258,ECMWF_ERA5_Reanalysis
2023-02-18,29.9,21.1,25.6,33.7,23.4,28.4,0.0,14.1,32.4,120,22.7,1012.2,ward_02_manali,13.168,80.258,ECMWF_ERA5_Reanalysis
2023-02-19,30.1,22.3,25.9,34.0,25.2,29.2,0.2,14.4,33.1,103,22.85,1012.3,ward_02_manali,13.168,80.258,ECMWF_ERA5_Reanalysis
2023-02-20,31.6,20.2,25.2,34.5,23.4,28.0,0.0,14.4,32.0,111,23.56,1012.3,ward_02_manali,13.168,80.258,ECMWF_ERA5_Reanalysis
2023-02-21,32.4,20.0,25.5,34.9,22.1,27.9,0.0,15.9,35.6,133,24.04,1012.3,ward_02_manali,13.168,80.258,ECMWF_ERA5_Reanalysis
2023-02-22,31.5,20.8,25.7,32.4,23.9,28.0,0.0,14.8,33.5,124,24.2,1011.9,ward_02_manali,13.168,80.258,ECMWF_ERA5_Reanalysis
2023-02-23,31.1,19.8,25.2,34.4,22.2,27.8,0.0,16.3,36.0,134,24.47,1011.9,ward_02_manali,13.168,80.258,ECMWF_ERA5_Reanalysis
2023-02-24,30.7,20.4,25.2,33.6,23.0,27.7,0.0,13.7,31.3,125,24.56,1012.7,ward_02_manali,13.168,80.258,ECMWF_ERA5_Reanalysis
2023-02-25,31.6,19.7,25.0,34.5,22.1,27.9,0.0,14.3,33.1,88,24.53,1014.1,ward_02_manali,13.168,80.258,ECMWF_ERA5_Reanalysis
2023-02-26,30.0,19.4,24.3,33.2,22.0,27.3,0.0,14.1,32.8,60,23.43,1015.4,ward_02_manali,13.168,80.258,ECMWF_ERA5_Reanalysis
2023-02-27,32.3,20.3,25.7,33.2,23.1,27.9,0.0,15.5,31.7,45,24.69,1015.3,ward_02_manali,13.168,80.258,ECMWF_ERA5_Reanalysis
2023-02-28,30.5,22.1,26.4,34.1,25.3,29.8,0.0,17.5,40.7,56,22.77,1015.2,ward_02_manali,13.168,80.258,ECMWF_ERA5_Reanalysis
2023-03-01,31.2,24.4,27.3,34.5,28.4,30.6,0.0,16.9,36.7,57,24.27,1015.2,ward_02_manali,13.168,80.258,ECMWF_ERA5_Reanalysis
2023-03-02,31.1,21.0,26.2,32.6,23.8,28.4,0.0,14.5,33.8,55,25.09,1015.5,ward_02_manali,13.168,80.258,ECMWF_ERA5_Reanalysis
2023-03-03,31.3,21.0,25.8,33.3,23.9,28.4,0.0,16.4,36.7,28,24.63,1015.8,ward_02_manali,13.168,80.258,ECMWF_ERA5_Reanalysis
2023-03-04,31.8,21.0,26.1,34.8,23.5,29.2,0.0,15.8,35.6,41,24.46,1015.6,ward_02_manali,13.168,80.258,ECMWF_ERA5_Reanalysis
2023-03-05,31.7,22.2,26.3,34.5,26.0,29.8,0.0,15.8,35.3,41,24.43,1015.1,ward_02_manali,13.168,80.258,ECMWF_ERA5_Reanalysis
2023-03-06,31.7,22.0,26.1,34.4,25.3,29.4,0.0,14.9,33.8,59,24.51,1013.7,ward_02_manali,13.168,80.258,ECMWF_ERA5_Reanalysis
2023-03-07,31.0,20.4,26.3,35.0,23.9,29.7,0.1,16.6,36.7,76,24.03,1013.2,ward_02_manali,13.168,80.258,ECMWF_ERA5_Reanalysis
2023-03-08,31.3,22.4,26.5,33.5,25.8,29.5,0.0,15.5,35.3,67,24.0,1013.2,ward_02_manali,13.168,80.258,ECMWF_ERA5_Reanalysis
2023-03-09,31.2,22.2,26.6,34.4,26.1,30.1,0.0,16.9,37.4,51,23.4,1012.5,ward_02_manali,13.168,80.258,ECMWF_ERA5_Reanalysis
2023-03-10,30.9,23.0,26.6,33.7,27.3,30.1,0.0,15.6,33.8,49,21.62,1011.9,ward_02_manali,13.168,80.258,ECMWF_ERA5_Reanalysis
2023-03-11,30.9,22.5,26.8,33.8,26.0,30.0,0.0,18.9,37.4,58,24.34,1012.2,ward_02_manali,13.168,80.258,ECMWF_ERA5_Reanalysis
2023-03-12,31.3,23.2,27.0,34.9,27.6,30.9,0.0,18.1,39.2,50,24.27,1011.9,ward_02_manali,13.168,80.258,ECMWF_ERA5_Reanalysis
2023-03-13,32.5,23.4,27.2,36.3,28.0,31.5,0.0,14.7,34.2,51,23.63,1010.7,ward_02_manali,13.168,80.258,ECMWF_ERA5_Reanalysis
2023-03-14,32.0,23.1,27.2,35.9,27.6,31.5,0.0,13.7,33.1,95,24.31,1009.3,ward_02_manali,13.168,80.258,ECMWF_ERA5_Reanalysis
2023-03-15,31.9,24.0,27.7,35.7,28.7,31.8,0.0,18.4,40.0,146,22.22,1008.7,ward_02_manali,13.168,80.258,ECMWF_ERA5_Reanalysis
2023-03-16,31.3,25.7,28.1,35.6,29.3,31.8,0.0,18.3,38.2,147,22.68,1009.5,ward_02_manali,13.168,80.258,ECMWF_ERA5_Reanalysis
2023-03-17,31.1,25.1,27.2,36.4,27.6,31.5,6.3,18.2,34.9,113,19.82,1009.9,ward_02_manali,13.168,80.258,ECMWF_ERA5_Reanalysis
2023-03-18,30.7,24.8,27.4,34.7,28.9,31.1,7.3,16.0,40.7,150,17.06,1008.8,ward_02_manali,13.168,80.258,ECMWF_ERA5_Reanalysis
2023-03-19,30.5,23.3,26.5,34.3,25.4,30.5,19.4,15.6,33.5,203,18.4,1007.9,ward_02_manali,13.168,80.258,ECMWF_ERA5_Reanalysis
2023-03-20,29.2,23.4,26.6,33.7,26.4,30.2,1.6,18.0,38.9,178,18.45,1007.4,ward_02_manali,13.168,80.258,ECMWF_ERA5_Reanalysis
2023-03-21,31.3,24.1,27.6,37.3,28.2,32.3,0.7,19.3,39.2,170,23.2,1007.1,ward_02_manali,13.168,80.258,ECMWF_ERA5_Reanalysis
2023-03-22,32.8,24.6,28.1,39.7,28.5,32.9,1.4,16.2,37.8,174,23.57,1007.5,ward_02_manali,13.168,80.258,ECMWF_ERA5_Reanalysis
2023-03-23,32.2,25.6,28.3,38.2,31.0,33.0,1.1,21.2,42.8,176,21.78,1007.8,ward_02_manali,13.168,80.258,ECMWF_ERA5_Reanalysis
2023-03-24,32.6,26.0,28.7,38.5,31.2,33.7,0.2,18.7,38.9,178,22.42,1008.0,ward_02_manali,13.168,80.258,ECMWF_ERA5_Reanalysis
2023-03-25,32.1,26.2,28.4,37.9,31.1,33.3,0.2,21.4,43.2,171,22.2,1009.3,ward_02_manali,13.168,80.258,ECMWF_ERA5_Reanalysis
2023-03-26,31.4,26.2,28.3,36.4,31.1,33.2,0.6,19.2,40.3,167,20.37,1008.6,ward_02_manali,13.168,80.258,ECMWF_ERA5_Reanalysis
2023-03-27,33.7,25.2,28.8,39.6,30.8,33.7,0.0,19.4,40.0,170,23.34,1007.8,ward_02_manali,13.168,80.258,ECMWF_ERA5_Reanalysis
2023-03-28,32.8,25.6,28.7,38.6,31.4,33.7,0.2,19.5,42.1,162,23.71,1008.4,ward_02_manali,13.168,80.258,ECMWF_ERA5_Reanalysis
2023-03-29,32.5,26.1,28.5,36.6,30.7,32.6,0.3,20.9,43.2,165,23.5,1009.4,ward_02_manali,13.168,80.258,ECMWF_ERA5_Reanalysis
2023-03-30,32.3,24.4,28.0,37.0,29.1,31.8,0.0,22.6,43.9,168,24.94,1008.7,ward_02_manali,13.168,80.258,ECMWF_ERA5_Reanalysis
2023-03-31,33.0,24.3,28.5,38.1,28.3,32.2,0.0,22.9,46.8,169,25.37,1007.6,ward_02_manali,13.168,80.258,ECMWF_ERA5_Reanalysis
2023-04-01,33.2,25.7,28.9,37.9,30.7,33.1,1.4,22.6,46.4,179,21.22,1007.8,ward_02_manali,13.168,80.258,ECMWF_ERA5_Reanalysis
2023-04-02,33.4,26.6,29.0,38.2,31.1,33.2,2.5,21.8,43.9,177,21.4,1007.4,ward_02_manali,13.168,80.258,ECMWF_ERA5_Reanalysis
2023-04-03,32.0,27.1,28.9,37.0,31.8,33.4,1.9,22.4,45.0,170,21.13,1007.4,ward_02_manali,13.168,80.258,ECMWF_ERA5_Reanalysis
2023-04-04,32.2,26.8,28.9,37.0,31.5,33.0,0.6,22.9,45.7,171,22.11,1008.5,ward_02_manali,13.168,80.258,ECMWF_ERA5_Reanalysis
2023-04-05,33.8,26.2,29.2,39.2,31.1,33.8,0.1,22.6,46.1,170,24.47,1008.0,ward_02_manali,13.168,80.258,ECMWF_ERA5_Reanalysis
2023-04-06,33.7,26.2,29.4,38.7,30.9,34.1,0.0,20.2,42.8,165,25.03,1008.6,ward_02_manali,13.168,80.258,ECMWF_ERA5_Reanalysis
2023-04-07,32.6,25.5,28.7,38.0,31.0,33.7,0.0,16.8,35.6,147,25.48,1010.4,ward_02_manali,13.168,80.258,ECMWF_ERA5_Reanalysis
2023-04-08,32.1,24.3,28.3,37.4,28.8,32.9,0.0,15.6,35.6,109,25.56,1012.2,ward_02_manali,13.168,80.258,ECMWF_ERA5_Reanalysis
2023-04-09,32.9,25.4,28.8,37.9,30.1,33.4,0.0,15.3,34.6,93,25.1,1012.3,ward_02_manali,13.168,80.258,ECMWF_ERA5_Reanalysis
2023-04-10,32.9,25.1,28.7,38.0,30.3,33.7,0.0,14.5,34.2,104,26.02,1011.0,ward_02_manali,13.168,80.258,ECMWF_ERA5_Reanalysis
2023-04-11,34.0,24.6,28.5,38.8,29.2,33.5,0.0,12.7,31.3,129,26.07,1010.7,ward_02_manali,13.168,80.258,ECMWF_ERA5_Reanalysis
2023-04-12,35.2,23.3,28.5,38.6,28.0,32.8,0.0,16.1,35.3,164,25.93,1010.1,ward_02_manali,13.168,80.258,ECMWF_ERA5_Reanalysis
2023-04-13,35.3,24.2,29.0,40.9,29.0,33.6,0.0,17.1,37.8,166,26.11,1009.3,ward_02_manali,13.168,80.258,ECMWF_ERA5_Reanalysis
2023-04-14,36.2,24.0,29.0,41.4,28.7,33.6,0.0,19.8,41.0,178,26.0,1008.8,ward_02_manali,13.168,80.258,ECMWF_ERA5_Reanalysis
2023-04-15,36.2,23.6,29.2,41.4,27.6,34.0,0.0,18.2,38.9,169,25.3,1008.4,ward_02_manali,13.168,80.258,ECMWF_ERA5_Reanalysis
2023-04-16,36.4,25.0,29.6,40.2,29.9,34.1,0.0,19.4,40.3,177,26.03,1007.1,ward_02_manali,13.168,80.258,ECMWF_ERA5_Reanalysis
2023-04-17,35.2,24.3,29.2,39.4,28.6,33.5,0.0,19.2,39.2,168,26.64,1007.6,ward_02_manali,13.168,80.258,ECMWF_ERA5_Reanalysis
2023-04-18,35.3,24.8,29.2,40.6,29.6,34.0,0.0,21.0,43.6,169,25.98,1008.4,ward_02_manali,13.168,80.258,ECMWF_ERA5_Reanalysis
2023-04-19,35.5,25.2,29.7,41.5,30.6,34.7,0.0,24.0,48.2,173,25.89,1006.4,ward_02_manali,13.168,80.258,ECMWF_ERA5_Reanalysis
2023-04-20,36.6,26.1,30.5,41.6,31.4,35.4,0.0,25.0,49.7,176,25.46,1004.1,ward_02_manali,13.168,80.258,ECMWF_ERA5_Reanalysis
2023-04-21,37.0,27.3,30.8,41.6,32.6,35.8,0.0,25.3,51.1,172,24.74,1004.2,ward_02_manali,13.168,80.258,ECMWF_ERA5_Reanalysis
2023-04-22,34.6,27.9,30.6,40.1,34.1,36.0,0.6,21.1,45.0,165,21.04,1004.7,ward_02_manali,13.168,80.258,ECMWF_ERA5_Reanalysis
2023-04-23,34.1,27.8,30.5,39.2,33.2,35.5,8.1,24.8,50.8,168,21.84,1005.2,ward_02_manali,13.168,80.258,ECMWF_ERA5_Reanalysis
2023-04-24,33.3,28.3,30.2,38.0,33.0,34.6,3.2,21.6,43.9,160,21.98,1007.0,ward_02_manali,13.168,80.258,ECMWF_ERA5_Reanalysis
2023-04-25,32.7,27.6,30.0,37.9,32.9,34.8,1.2,19.5,40.7,147,22.98,1008.0,ward_02_manali,13.168,80.258,ECMWF_ERA5_Reanalysis
2023-04-26,33.4,26.9,30.0,39.1,32.5,34.9,0.1,15.1,34.2,94,23.73,1007.7,ward_02_manali,13.168,80.258,ECMWF_ERA5_Reanalysis
2023-04-27,33.6,26.6,30.2,39.3,32.2,35.5,0.0,17.1,36.7,136,24.52,1007.7,ward_02_manali,13.168,80.258,ECMWF_ERA5_Reanalysis
2023-04-28,33.9,27.5,30.4,39.5,33.3,35.5,0.4,17.6,36.7,144,23.14,1008.2,ward_02_manali,13.168,80.258,ECMWF_ERA5_Reanalysis
2023-04-29,31.7,27.5,29.1,36.7,32.8,34.1,4.8,24.2,49.3,152,21.11,1007.9,ward_02_manali,13.168,80.258,ECMWF_ERA5_Reanalysis
2023-04-30,32.9,24.8,28.7,38.4,29.6,33.7,4.6,21.1,43.9,156,21.32,1006.3,ward_02_manali,13.168,80.258,ECMWF_ERA5_Reanalysis
2023-05-01,31.7,24.7,27.7,39.1,30.0,33.0,42.7,15.6,32.4,151,17.28,1006.5,ward_02_manali,13.168,80.258,ECMWF_ERA5_Reanalysis
2023-05-02,29.5,23.9,26.7,33.2,28.7,31.2,20.2,21.4,42.8,164,16.35,1007.5,ward_02_manali,13.168,80.258,ECMWF_ERA5_Reanalysis
2023-05-03,29.6,24.8,26.8,36.0,30.0,32.3,3.9,10.8,26.6,164,13.08,1007.7,ward_02_manali,13.168,80.258,ECMWF_ERA5_Reanalysis
2023-05-04,31.8,25.1,28.5,38.2,30.7,34.1,1.6,13.9,27.4,126,20.74,1006.8,ward_02_manali,13.168,80.258,ECMWF_ERA5_Reanalysis
2023-05-05,30.9,24.8,27.2,37.2,29.8,32.6,18.2,17.6,35.6,175,18.33,1006.5,ward_02_manali,13.168,80.258,ECMWF_ERA5_Reanalysis
2023-05-06,31.6,25.3,27.9,38.8,30.4,33.8,13.2,9.2,26.6,194,18.35,1005.7,ward_02_manali,13.168,80.258,ECMWF_ERA5_Reanalysis
2023-05-07,32.6,25.7,28.9,37.9,30.8,34.5,0.2,11.5,26.6,76,17.7,1005.2,ward_02_manali,13.168,80.258,ECMWF_ERA5_Reanalysis
2023-05-08,32.7,24.8,28.9,39.8,30.0,34.7,0.0,12.6,29.9,130,23.8,1004.6,ward_02_manali,13.168,80.258,ECMWF_ERA5_Reanalysis
2023-05-09,33.7,25.3,29.4,41.2,30.9,35.7,0.0,13.0,30.2,134,24.51,1005.0,ward_02_manali,13.168,80.258,ECMWF_ERA5_Reanalysis
2023-05-10,34.5,26.4,29.9,42.3,32.9,36.2,0.0,16.1,32.0,115,23.85,1004.4,ward_02_manali,13.168,80.258,ECMWF_ERA5_Reanalysis
2023-05-11,34.8,26.4,29.6,40.4,32.8,35.7,0.0,13.2,30.2,122,20.3,1005.1,ward_02_manali,13.168,80.258,ECMWF_ERA5_Reanalysis
2023-05-12,37.7,26.7,31.3,43.5,32.9,37.3,0.0,16.6,33.8,180,22.66,1004.5,ward_02_manali,13.168,80.258,ECMWF_ERA5_Reanalysis
2023-05-13,40.8,28.7,33.7,41.2,31.5,35.9,0.0,20.3,38.9,245,22.03,1004.0,ward_02_manali,13.168,80.258,ECMWF_ERA5_Reanalysis
2023-05-14,40.8,29.6,33.1,44.1,31.7,36.8,0.0,19.5,40.0,231,22.7,1002.7,ward_02_manali,13.168,80.258,ECMWF_ERA5_Reanalysis
2023-05-15,38.7,28.5,32.0,44.6,31.6,36.6,0.0,19.1,41.8,184,23.76,1004.0,ward_02_manali,13.168,80.258,ECMWF_ERA5_Reanalysis
2023-05-16,39.5,28.7,32.3,45.1,32.2,37.8,0.0,18.8,35.3,190,24.08,1005.5,ward_02_manali,13.168,80.258,ECMWF_ERA5_Reanalysis
2023-05-17,35.1,28.3,31.4,42.6,33.8,37.3,0.0,24.8,49.7,170,24.71,1006.8,ward_02_manali,13.168,80.258,ECMWF_ERA5_Reanalysis
2023-05-18,36.5,27.8,30.7,43.5,32.1,36.1,0.2,22.3,45.7,177,24.71,1008.1,ward_02_manali,13.168,80.258,ECMWF_ERA5_Reanalysis
2023-05-19,36.2,28.0,31.1,43.2,32.6,36.5,0.0,23.2,45.0,176,24.66,1006.6,ward_02_manali,13.168,80.258,ECMWF_ERA5_Reanalysis
2023-05-20,34.8,28.0,30.9,42.1,33.3,36.6,0.0,20.6,42.1,171,24.99,1006.1,ward_02_manali,13.168,80.258,ECMWF_ERA5_Reanalysis
2023-05-21,35.4,28.0,31.0,41.6,33.0,36.5,0.0,22.1,47.2,173,24.0,1007.1,ward_02_manali,13.168,80.258,ECMWF_ERA5_Reanalysis
2023-05-22,35.4,27.5,30.2,41.6,31.4,36.0,13.8,19.7,46.4,177,20.88,1008.3,ward_02_manali,13.168,80.258,ECMWF_ERA5_Reanalysis
2023-05-23,36.0,28.0,31.0,42.6,32.6,36.1,0.0,20.6,42.5,176,24.57,1008.3,ward_02_manali,13.168,80.258,ECMWF_ERA5_Reanalysis
2023-05-24,37.2,28.3,31.7,43.2,31.8,36.5,0.0,23.3,46.1,184,24.39,1007.2,ward_02_manali,13.168,80.258,ECMWF_ERA5_Reanalysis
2023-05-25,39.8,29.2,33.2,44.6,33.2,37.3,4.0,26.5,49.3,221,23.46,1006.9,ward_02_manali,13.168,80.258,ECMWF_ERA5_Reanalysis
2023-05-26,38.7,29.4,32.4,44.5,32.5,36.8,0.3,17.7,34.6,208,24.08,1007.5,ward_02_manali,13.168,80.258,ECMWF_ERA5_Reanalysis
2023-05-27,38.2,28.2,32.3,43.8,32.2,37.1,0.0,14.6,30.6,211,22.82,1005.8,ward_02_manali,13.168,80.258,ECMWF_ERA5_Reanalysis
2023-05-28,36.9,27.8,31.4,41.3,32.6,36.6,4.9,17.2,37.4,202,18.94,1005.2,ward_02_manali,13.168,80.258,ECMWF_ERA5_Reanalysis
2023-05-29,35.7,27.8,31.4,44.2,30.9,37.2,0.0,19.2,40.0,174,24.21,1005.7,ward_02_manali,13.168,80.258,ECMWF_ERA5_Reanalysis
2023-05-30,36.0,26.4,30.5,42.4,30.5,36.0,0.2,19.5,40.3,186,23.67,1007.0,ward_02_manali,13.168,80.258,ECMWF_ERA5_Reanalysis
2023-05-31,35.2,26.3,30.2,42.1,31.3,35.7,0.0,17.9,37.8,172,24.36,1006.1,ward_02_manali,13.168,80.258,ECMWF_ERA5_Reanalysis
2023-06-01,37.9,28.5,32.3,44.5,33.3,37.0,0.2,20.8,41.8,198,24.14,1004.6,ward_02_manali,13.168,80.258,ECMWF_ERA5_Reanalysis
2023-06-02,39.1,29.5,32.7,44.8,32.0,37.0,0.0,17.3,37.1,196,23.71,1004.4,ward_02_manali,13.168,80.258,ECMWF_ERA5_Reanalysis
2023-06-03,40.0,29.3,32.8,45.9,32.4,37.3,0.0,15.8,31.3,222,22.48,1004.0,ward_02_manali,13.168,80.258,ECMWF_ERA5_Reanalysis
2023-06-04,38.5,29.2,32.6,43.9,31.8,36.4,0.5,21.3,40.0,235,22.13,1004.3,ward_02_manali,13.168,80.258,ECMWF_ERA5_Reanalysis
2023-06-05,38.9,28.7,32.4,45.6,32.3,36.5,0.7,17.4,38.5,214,23.82,1003.8,ward_02_manali,13.168,80.258,ECMWF_ERA5_Reanalysis
2023-06-06,40.1,28.4,33.0,44.2,31.3,36.7,0.0,21.1,37.4,226,23.41,1003.0,ward_02_manali,13.168,80.258,ECMWF_ERA5_Reanalysis
2023-06-07,35.6,26.9,31.6,40.5,32.2,35.5,17.0,19.4,34.6,223,15.26,1003.5,ward_02_manali,13.168,80.258,ECMWF_ERA5_Reanalysis
2023-06-08,37.6,30.2,32.5,44.7,32.0,35.8,0.0,19.3,37.4,226,20.24,1003.4,ward_02_manali,13.168,80.258,ECMWF_ERA5_Reanalysis
2023-06-09,39.1,28.4,32.4,46.1,31.3,36.1,5.1,30.7,58.3,240,22.82,1002.2,ward_02_manali,13.168,80.258,ECMWF_ERA5_Reanalysis
2023-06-10,39.1,28.4,32.0,44.7,31.7,36.1,0.7,22.0,41.0,240,23.06,1002.1,ward_02_manali,13.168,80.258,ECMWF_ERA5_Reanalysis
2023-06-11,39.0,28.7,32.0,44.5,31.3,35.6,6.6,22.7,47.9,249,23.47,1002.4,ward_02_manali,13.168,80.258,ECMWF_ERA5_Reanalysis
2023-06-12,39.3,28.3,32.4,43.5,31.9,35.8,1.2,20.1,38.2,251,23.74,1002.2,ward_02_manali,13.168,80.258,ECMWF_ERA5_Reanalysis
2023-06-13,38.8,28.5,32.6,44.3,32.0,36.4,0.1,18.7,37.4,233,24.36,1002.7,ward_02_manali,13.168,80.258,ECMWF_ERA5_Reanalysis
2023-06-14,40.1,29.6,33.2,43.2,31.5,36.5,0.1,18.5,36.0,248,24.33,1003.9,ward_02_manali,13.168,80.258,ECMWF_ERA5_Reanalysis
2023-06-15,38.9,30.1,33.1,44.1,31.1,36.5,0.0,18.4,35.6,224,24.61,1004.0,ward_02_manali,13.168,80.258,ECMWF_ERA5_Reanalysis
2023-06-16,39.7,29.5,34.1,44.5,32.8,37.4,0.0,18.8,37.1,220,24.42,1002.9,ward_02_manali,13.168,80.258,ECMWF_ERA5_Reanalysis
2023-06-17,37.8,29.4,32.8,41.9,31.9,35.3,0.0,20.1,38.5,233,14.38,1003.4,ward_02_manali,13.168,80.258,ECMWF_ERA5_Reanalysis
2023-06-18,34.7,27.2,30.0,40.8,31.0,34.3,3.0,22.4,38.9,221,14.01,1003.8,ward_02_manali,13.168,80.258,ECMWF_ERA5_Reanalysis
2023-06-19,32.2,25.7,27.9,36.4,29.1,31.8,18.5,20.9,41.0,233,15.23,1003.4,ward_02_manali,13.168,80.258,ECMWF_ERA5_Reanalysis
2023-06-20,34.3,25.6,29.8,39.2,27.9,33.6,1.9,27.9,49.3,235,19.14,1002.5,ward_02_manali,13.168,80.258,ECMWF_ERA5_Reanalysis
2023-06-21,33.5,26.0,29.6,40.6,30.4,34.8,1.7,16.3,36.0,222,19.16,1003.6,ward_02_manali,13.168,80.258,ECMWF_ERA5_Reanalysis
2023-06-22,33.5,27.4,29.9,40.4,31.7,35.1,0.2,15.6,27.4,213,17.91,1003.9,ward_02_manali,13.168,80.258,ECMWF_ERA5_Reanalysis
2023-06-23,34.8,26.6,30.2,41.0,30.8,35.5,0.8,15.3,32.4,216,20.34,1004.0,ward_02_manali,13.168,80.258,ECMWF_ERA5_Reanalysis
2023-06-24,34.4,27.6,30.6,38.5,31.5,35.2,0.5,14.8,29.9,239,17.38,1003.5,ward_02_manali,13.168,80.258,ECMWF_ERA5_Reanalysis
2023-06-25,34.5,28.1,30.6,38.3,31.0,34.6,0.0,17.4,31.0,211,17.37,1003.5,ward_02_manali,13.168,80.258,ECMWF_ERA5_Reanalysis
2023-06-26,34.8,27.8,30.4,40.5,32.3,34.9,1.5,17.0,32.8,237,19.99,1004.2,ward_02_manali,13.168,80.258,ECMWF_ERA5_Reanalysis
2023-06-27,36.4,27.7,31.3,40.0,32.0,35.5,0.0,20.2,36.4,212,20.14,1004.2,ward_02_manali,13.168,80.258,ECMWF_ERA5_Reanalysis
2023-06-28,36.0,27.8,30.9,39.8,30.4,34.6,2.1,19.6,34.9,225,23.23,1005.3,ward_02_manali,13.168,80.258,ECMWF_ERA5_Reanalysis
2023-06-29,36.9,27.5,31.0,41.3,31.3,35.4,0.9,16.9,34.6,240,23.34,1005.7,ward_02_manali,13.168,80.258,ECMWF_ERA5_Reanalysis
2023-06-30,36.4,26.7,31.2,41.0,30.4,35.1,0.0,16.0,32.8,234,24.08,1005.4,ward_02_manali,13.168,80.258,ECMWF_ERA5_Reanalysis
2023-07-01,34.7,28.5,30.7,38.9,31.2,34.3,0.0,23.9,45.0,252,17.98,1005.5,ward_02_manali,13.168,80.258,ECMWF_ERA5_Reanalysis
2023-07-02,33.6,26.9,29.2,37.5,31.5,34.0,1.3,15.4,31.3,235,11.93,1004.8,ward_02_manali,13.168,80.258,ECMWF_ERA5_Reanalysis
2023-07-03,33.3,25.3,28.4,37.9,29.5,32.9,16.3,21.6,40.3,229,14.58,1003.7,ward_02_manali,13.168,80.258,ECMWF_ERA5_Reanalysis
2023-07-04,32.3,26.2,28.2,36.4,30.5,32.9,15.4,17.7,35.3,233,14.47,1002.1,ward_02_manali,13.168,80.258,ECMWF_ERA5_Reanalysis
2023-07-05,34.4,25.9,28.5,39.1,29.5,32.9,22.3,20.5,46.8,240,18.56,1000.7,ward_02_manali,13.168,80.258,ECMWF_ERA5_Reanalysis
2023-07-06,32.0,27.3,29.1,37.3,29.4,33.0,0.0,21.4,44.6,232,14.6,1003.5,ward_02_manali,13.168,80.258,ECMWF_ERA5_Reanalysis
2023-07-07,34.3,27.4,30.2,38.2,30.4,33.7,0.4,19.0,38.5,221,20.16,1005.5,ward_02_manali,13.168,80.258,ECMWF_ERA5_Reanalysis
2023-07-08,34.7,27.5,30.5,39.5,31.2,34.4,0.3,16.8,39.2,239,22.35,1006.3,ward_02_manali,13.168,80.258,ECMWF_ERA5_Reanalysis
2023-07-09,35.2,26.5,29.9,40.3,30.9,34.2,4.9,16.3,34.6,252,23.29,1005.7,ward_02_manali,13.168,80.258,ECMWF_ERA5_Reanalysis
2023-07-10,31.3,25.2,27.9,36.5,28.5,33.3,16.6,17.4,32.4,217,12.88,1005.6,ward_02_manali,13.168,80.258,ECMWF_ERA5_Reanalysis
2023-07-11,31.7,25.9,28.4,38.0,29.7,33.1,13.0,16.9,31.7,239,11.87,1004.7,ward_02_manali,13.168,80.258,ECMWF_ERA5_Reanalysis
2023-07-12,32.9,24.7,27.8,39.5,28.6,32.9,22.8,14.8,31.3,221,17.64,1005.0,ward_02_manali,13.168,80.258,ECMWF_ERA5_Reanalysis
2023-07-13,32.6,26.0,28.9,37.5,30.5,33.8,0.6,14.6,29.5,225,19.4,1005.0,ward_02_manali,13.168,80.258,ECMWF_ERA5_Reanalysis
2023-07-14,33.9,27.0,29.9,39.5,30.1,34.3,1.9,16.1,33.8,229,21.47,1005.5,ward_02_manali,13.168,80.258,ECMWF_ERA5_Reanalysis
2023-07-15,35.2,27.3,30.9,39.7,30.4,35.2,0.0,17.4,34.9,250,22.32,1005.1,ward_02_manali,13.168,80.258,ECMWF_ERA5_Reanalysis
2023-07-16,34.0,27.5,30.3,38.7,31.6,34.8,4.5,15.3,31.7,230,16.33,1004.7,ward_02_manali,13.168,80.258,ECMWF_ERA5_Reanalysis
2023-07-17,35.2,27.7,30.4,39.9,30.6,34.6,0.4,15.5,36.4,236,21.97,1003.9,ward_02_manali,13.168,80.258,ECMWF_ERA5_Reanalysis
2023-07-18,35.9,28.0,30.9,39.7,30.7,34.8,0.0,23.1,46.4,247,19.7,1002.9,ward_02_manali,13.168,80.258,ECMWF_ERA5_Reanalysis
2023-07-19,35.5,28.2,30.9,36.9,30.5,33.0,0.8,27.4,54.0,251,19.5,1002.1,ward_02_manali,13.168,80.258,ECMWF_ERA5_Reanalysis
2023-07-20,36.4,28.2,31.5,37.2,29.1,32.9,0.0,31.4,59.8,259,16.11,1001.6,ward_02_manali,13.168,80.258,ECMWF_ERA5_Reanalysis
2023-07-21,35.9,29.1,31.8,37.7,30.1,33.1,0.0,25.9,49.7,266,17.43,1002.6,ward_02_manali,13.168,80.258,ECMWF_ERA5_Reanalysis
2023-07-22,34.2,27.5,30.7,37.0,29.7,33.2,0.4,23.0,47.2,260,14.35,1004.5,ward_02_manali,13.168,80.258,ECMWF_ERA5_Reanalysis
2023-07-23,29.3,25.5,27.4,34.3,29.1,31.3,7.4,20.7,37.8,225,7.86,1005.2,ward_02_manali,13.168,80.258,ECMWF_ERA5_Reanalysis
2023-07-24,29.6,25.5,27.1,34.2,29.3,31.5,13.2,16.9,31.0,232,8.19,1004.6,ward_02_manali,13.168,80.258,ECMWF_ERA5_Reanalysis
2023-07-25,28.5,24.7,26.4,33.2,27.9,30.7,17.3,17.9,32.4,242,7.65,1004.7,ward_02_manali,13.168,80.258,ECMWF_ERA5_Reanalysis
2023-07-26,28.6,25.0,26.6,32.5,28.0,30.1,5.6,20.3,37.8,241,8.02,1005.3,ward_02_manali,13.168,80.258,ECMWF_ERA5_Reanalysis
2023-07-27,34.5,25.4,29.6,37.4,27.7,32.6,0.0,24.3,53.3,241,24.26,1005.4,ward_02_manali,13.168,80.258,ECMWF_ERA5_Reanalysis
2023-07-28,35.2,27.0,30.6,38.5,29.0,33.5,0.9,23.3,46.1,262,24.36,1004.9,ward_02_manali,13.168,80.258,ECMWF_ERA5_Reanalysis
2023-07-29,35.3,27.6,31.0,38.4,29.8,33.8,0.0,25.8,49.3,276,23.77,1004.7,ward_02_manali,13.168,80.258,ECMWF_ERA5_Reanalysis
2023-07-30,35.3,28.3,30.9,39.1,30.3,34.2,0.0,21.4,41.4,275,23.57,1004.4,ward_02_manali,13.168,80.258,ECMWF_ERA5_Reanalysis
2023-07-31,34.7,27.6,30.3,39.1,30.7,34.2,1.2,19.1,40.0,269,20.95,1004.3,ward_02_manali,13.168,80.258,ECMWF_ERA5_Reanalysis
2023-08-01,35.2,27.2,30.6,38.9,30.3,34.0,1.5,21.5,45.0,264,16.14,1004.3,ward_02_manali,13.168,80.258,ECMWF_ERA5_Reanalysis
2023-08-02,35.9,28.2,31.6,37.6,29.7,33.4,0.0,23.4,44.3,262,22.1,1005.1,ward_02_manali,13.168,80.258,ECMWF_ERA5_Reanalysis
2023-08-03,37.2,28.4,31.4,40.3,29.5,34.1,0.4,19.7,43.2,248,23.27,1004.9,ward_02_manali,13.168,80.258,ECMWF_ERA5_Reanalysis
2023-08-04,36.9,27.7,30.8,40.9,30.3,34.4,0.9,20.9,38.9,220,21.85,1007.0,ward_02_manali,13.168,80.258,ECMWF_ERA5_Reanalysis
2023-08-05,36.3,28.3,31.2,41.2,31.0,34.9,0.5,19.5,37.1,212,22.49,1008.0,ward_02_manali,13.168,80.258,ECMWF_ERA5_Reanalysis
2023-08-06,36.4,24.7,30.5,41.5,27.9,35.1,8.9,16.0,33.1,222,22.41,1007.3,ward_02_manali,13.168,80.258,ECMWF_ERA5_Reanalysis
2023-08-07,35.9,26.5,30.4,40.7,29.5,34.7,0.0,18.4,37.8,186,21.01,1005.4,ward_02_manali,13.168,80.258,ECMWF_ERA5_Reanalysis
2023-08-08,35.1,24.7,30.2,41.3,27.4,34.9,0.3,19.0,36.4,187,19.94,1005.9,ward_02_manali,13.168,80.258,ECMWF_ERA5_Reanalysis
2023-08-09,34.7,26.9,30.2,42.3,31.6,35.2,0.3,15.3,30.2,199,20.82,1007.5,ward_02_manali,13.168,80.258,ECMWF_ERA5_Reanalysis
2023-08-10,35.3,25.2,29.9,41.0,29.5,34.5,1.2,15.1,27.7,235,21.73,1007.9,ward_02_manali,13.168,80.258,ECMWF_ERA5_Reanalysis
2023-08-11,34.3,26.7,29.1,40.8,29.9,33.7,3.8,15.6,33.1,249,20.19,1007.2,ward_02_manali,13.168,80.258,ECMWF_ERA5_Reanalysis
2023-08-12,35.5,25.2,29.0,43.0,29.3,34.1,11.3,16.6,31.7,238,23.41,1006.6,ward_02_manali,13.168,80.258,ECMWF_ERA5_Reanalysis
2023-08-13,34.8,25.5,29.3,41.5,29.7,34.7,6.2,15.1,25.9,224,21.74,1006.0,ward_02_manali,13.168,80.258,ECMWF_ERA5_Reanalysis
2023-08-14,33.8,25.8,28.5,42.2,29.8,33.6,10.5,19.2,34.9,208,23.0,1006.7,ward_02_manali,13.168,80.258,ECMWF_ERA5_Reanalysis
2023-08-15,33.7,25.3,29.1,41.3,29.7,34.7,1.3,18.1,30.6,202,22.09,1006.8,ward_02_manali,13.168,80.258,ECMWF_ERA5_Reanalysis
2023-08-16,34.5,26.4,29.8,41.7,31.1,35.0,0.1,15.1,29.5,197,23.66,1006.8,ward_02_manali,13.168,80.258,ECMWF_ERA5_Reanalysis
2023-08-17,35.3,25.3,29.7,40.6,27.8,34.1,0.2,25.8,45.0,213,22.15,1006.2,ward_02_manali,13.168,80.258,ECMWF_ERA5_Reanalysis
2023-08-18,35.6,24.8,29.3,39.1,26.7,33.5,3.4,20.1,36.0,226,19.58,1004.8,ward_02_manali,13.168,80.258,ECMWF_ERA5_Reanalysis
2023-08-19,35.9,27.1,30.3,40.6,30.1,34.2,0.3,20.4,36.4,248,22.26,1004.3,ward_02_manali,13.168,80.258,ECMWF_ERA5_Reanalysis
2023-08-20,34.5,26.9,29.8,41.2,30.4,34.2,1.0,18.6,36.0,192,21.77,1004.8,ward_02_manali,13.168,80.258,ECMWF_ERA5_Reanalysis
2023-08-21,34.6,27.5,30.3,41.6,32.3,35.7,2.2,13.4,31.7,161,23.56,1004.7,ward_02_manali,13.168,80.258,ECMWF_ERA5_Reanalysis
2023-08-22,33.5,25.6,29.6,39.7,29.2,35.0,8.3,17.3,35.3,193,22.37,1005.1,ward_02_manali,13.168,80.258,ECMWF_ERA5_Reanalysis
2023-08-23,34.2,26.3,29.5,41.0,30.8,35.0,6.4,17.4,35.3,186,23.44,1005.3,ward_02_manali,13.168,80.258,ECMWF_ERA5_Reanalysis
2023-08-24,34.1,26.6,29.7,41.7,31.1,35.3,0.1,19.2,33.5,184,23.19,1004.8,ward_02_manali,13.168,80.258,ECMWF_ERA5_Reanalysis
2023-08-25,35.4,26.9,30.2,41.8,31.3,35.2,0.0,19.0,36.4,183,23.76,1005.0,ward_02_manali,13.168,80.258,ECMWF_ERA5_Reanalysis
2023-08-26,34.5,27.2,29.8,42.2,31.4,35.2,6.1,18.5,33.5,188,22.91,1006.3,ward_02_manali,13.168,80.258,ECMWF_ERA5_Reanalysis
2023-08-27,33.2,25.9,29.2,39.1,30.9,34.7,12.8,17.1,29.5,218,19.02,1007.0,ward_02_manali,13.168,80.258,ECMWF_ERA5_Reanalysis
2023-08-28,35.2,26.9,30.1,40.6,31.1,34.4,6.4,21.1,41.0,217,19.72,1005.9,ward_02_manali,13.168,80.258,ECMWF_ERA5_Reanalysis
2023-08-29,34.2,25.6,29.4,41.0,30.7,34.6,3.2,15.6,32.0,199,19.27,1005.5,ward_02_manali,13.168,80.258,ECMWF_ERA5_Reanalysis
2023-08-30,34.2,25.2,29.3,39.6,27.4,34.1,4.0,23.2,54.0,260,23.44,1005.9,ward_02_manali,13.168,80.258,ECMWF_ERA5_Reanalysis
2023-08-31,35.1,24.8,29.5,42.3,27.6,34.7,2.8,19.9,40.0,242,23.64,1005.9,ward_02_manali,13.168,80.258,ECMWF_ERA5_Reanalysis
2023-09-01,33.8,25.6,29.3,41.4,29.1,34.6,1.6,21.4,42.8,199,24.17,1005.9,ward_02_manali,13.168,80.258,ECMWF_ERA5_Reanalysis
2023-09-02,34.9,27.0,30.1,42.3,31.2,35.5,4.9,16.8,32.4,221,24.08,1005.1,ward_02_manali,13.168,80.258,ECMWF_ERA5_Reanalysis
2023-09-03,34.4,25.8,29.0,39.7,29.1,33.5,2.0,16.8,30.6,247,20.94,1004.0,ward_02_manali,13.168,80.258,ECMWF_ERA5_Reanalysis
2023-09-04,32.8,25.4,28.8,35.1,28.7,31.9,11.9,23.1,44.6,270,15.4,1002.2,ward_02_manali,13.168,80.258,ECMWF_ERA5_Reanalysis
2023-09-05,32.4,25.7,28.1,34.5,28.7,30.8,0.1,26.4,52.2,260,14.44,1002.5,ward_02_manali,13.168,80.258,ECMWF_ERA5_Reanalysis
2023-09-06,33.4,26.2,29.4,37.5,29.3,32.9,1.1,18.6,40.0,221,18.0,1003.2,ward_02_manali,13.168,80.258,ECMWF_ERA5_Reanalysis
2023-09-07,34.3,25.9,29.3,38.5,30.1,33.2,15.5,18.5,37.1,215,20.8,1004.3,ward_02_manali,13.168,80.258,ECMWF_ERA5_Reanalysis
2023-09-08,34.4,25.9,29.6,39.7,30.2,34.0,3.6,20.9,36.7,206,22.45,1005.1,ward_02_manali,13.168,80.258,ECMWF_ERA5_Reanalysis
2023-09-09,34.7,26.6,30.1,40.2,30.1,34.2,1.5,18.5,37.1,210,21.16,1004.5,ward_02_manali,13.168,80.258,ECMWF_ERA5_Reanalysis
2023-09-10,34.4,27.5,30.2,37.2,30.7,34.1,0.0,14.6,30.2,227,14.61,1003.9,ward_02_manali,13.168,80.258,ECMWF_ERA5_Reanalysis
2023-09-11,35.0,27.4,30.1,39.3,31.2,34.3,0.2,17.7,38.2,238,19.89,1004.1,ward_02_manali,13.168,80.258,ECMWF_ERA5_Reanalysis
2023-09-12,35.4,26.9,29.6,39.9,30.5,33.3,4.5,19.2,37.8,242,20.04,1004.7,ward_02_manali,13.168,80.258,ECMWF_ERA5_Reanalysis
2023-09-13,35.5,26.6,30.2,39.8,30.0,34.1,1.0,17.8,31.7,218,20.11,1004.6,ward_02_manali,13.168,80.258,ECMWF_ERA5_Reanalysis
2023-09-14,36.5,26.0,29.9,40.7,29.3,33.3,3.1,24.2,43.2,221,20.04,1004.8,ward_02_manali,13.168,80.258,ECMWF_ERA5_Reanalysis
2023-09-15,34.9,25.8,29.3,39.7,29.3,33.7,1.6,19.4,38.2,226,23.13,1005.4,ward_02_manali,13.168,80.258,ECMWF_ERA5_Reanalysis
2023-09-16,33.7,26.0,28.7,39.9,29.7,34.0,16.0,18.9,31.7,220,18.9,1005.8,ward_02_manali,13.168,80.258,ECMWF_ERA5_Reanalysis
2023-09-17,32.7,25.6,27.9,39.6,28.8,33.1,11.9,22.6,40.0,234,19.61,1005.3,ward_02_manali,13.168,80.258,ECMWF_ERA5_Reanalysis
2023-09-18,33.3,24.9,27.9,40.8,28.2,33.0,4.2,18.3,40.3,218,21.65,1005.1,ward_02_manali,13.168,80.258,ECMWF_ERA5_Reanalysis
2023-09-19,33.4,25.3,28.9,39.4,28.9,33.5,0.4,15.6,31.0,224,18.79,1006.0,ward_02_manali,13.168,80.258,ECMWF_ERA5_Reanalysis
2023-09-20,34.0,26.2,29.3,40.8,30.4,34.6,0.1,13.6,26.6,223,20.98,1006.5,ward_02_manali,13.168,80.258,ECMWF_ERA5_Reanalysis
2023-09-21,32.1,25.9,28.7,38.9,30.2,34.2,3.9,14.7,27.0,198,18.05,1007.0,ward_02_manali,13.168,80.258,ECMWF_ERA5_Reanalysis
2023-09-22,32.9,25.7,29.0,40.6,30.1,34.3,3.9,16.1,32.4,196,22.86,1006.9,ward_02_manali,13.168,80.258,ECMWF_ERA5_Reanalysis
2023-09-23,32.4,25.3,28.8,40.3,30.1,34.5,12.3,17.8,32.0,192,22.3,1007.0,ward_02_manali,13.168,80.258,ECMWF_ERA5_Reanalysis
2023-09-24,33.8,24.7,28.3,41.0,28.7,33.8,17.6,15.8,31.0,244,22.33,1006.7,ward_02_manali,13.168,80.258,ECMWF_ERA5_Reanalysis
2023-09-25,33.2,25.0,28.7,41.6,28.9,34.5,11.4,16.2,28.1,242,22.78,1005.4,ward_02_manali,13.168,80.258,ECMWF_ERA5_Reanalysis
2023-09-26,32.8,24.7,27.8,40.3,28.3,32.9,27.5,19.3,41.8,241,21.57,1005.5,ward_02_manali,13.168,80.258,ECMWF_ERA5_Reanalysis
2023-09-27,33.0,25.1,28.1,41.6,29.2,33.8,6.5,11.9,30.2,231,22.73,1005.4,ward_02_manali,13.168,80.258,ECMWF_ERA5_Reanalysis
2023-09-28,33.6,25.9,28.9,39.9,29.6,34.1,4.1,15.4,30.6,248,22.8,1004.9,ward_02_manali,13.168,80.258,ECMWF_ERA5_Reanalysis
2023-09-29,33.0,26.3,28.5,39.8,29.9,33.8,9.7,17.2,34.2,239,22.63,1005.4,ward_02_manali,13.168,80.258,ECMWF_ERA5_Reanalysis
2023-09-30,32.8,25.8,28.8,38.7,30.5,34.0,1.3,17.3,32.8,210,20.43,1006.0,ward_02_manali,13.168,80.258,ECMWF_ERA5_Reanalysis
2023-10-01,32.7,26.3,29.2,38.8,29.5,33.6,2.4,17.1,37.8,205,20.76,1005.6,ward_02_manali,13.168,80.258,ECMWF_ERA5_Reanalysis
2023-10-02,33.6,26.7,29.7,38.5,29.5,33.9,0.6,19.3,38.5,211,21.9,1005.9,ward_02_manali,13.168,80.258,ECMWF_ERA5_Reanalysis
2023-10-03,34.7,26.7,30.1,39.2,30.2,34.2,0.0,18.8,32.0,216,22.85,1006.6,ward_02_manali,13.168,80.258,ECMWF_ERA5_Reanalysis
2023-10-04,34.0,26.4,29.2,41.3,30.7,34.7,1.7,14.3,31.7,224,20.7,1007.2,ward_02_manali,13.168,80.258,ECMWF_ERA5_Reanalysis
2023-10-05,34.4,25.3,28.6,41.9,29.2,33.8,12.2,17.1,32.8,240,21.75,1007.0,ward_02_manali,13.168,80.258,ECMWF_ERA5_Reanalysis
2023-10-06,34.1,26.2,28.8,40.9,29.3,34.1,5.2,17.3,29.5,227,19.36,1006.3,ward_02_manali,13.168,80.258,ECMWF_ERA5_Reanalysis
2023-10-07,33.5,26.0,29.1,41.4,31.5,35.5,3.9,14.4,31.3,188,21.65,1006.9,ward_02_manali,13.168,80.258,ECMWF_ERA5_Reanalysis
2023-10-08,33.0,26.0,29.1,40.3,31.2,34.9,0.1,15.9,32.8,187,22.73,1008.7,ward_02_manali,13.168,80.258,ECMWF_ERA5_Reanalysis
2023-10-09,32.8,26.3,29.0,40.4,31.8,34.9,1.4,14.7,31.3,190,22.06,1010.0,ward_02_manali,13.168,80.258,ECMWF_ERA5_Reanalysis
2023-10-10,32.5,25.5,28.5,41.7,29.9,34.8,2.5,12.0,25.6,189,22.27,1009.3,ward_02_manali,13.168,80.258,ECMWF_ERA5_Reanalysis
2023-10-11,32.3,24.3,28.3,40.1,28.9,34.6,0.1,12.8,25.6,126,22.98,1009.2,ward_02_manali,13.168,80.258,ECMWF_ERA5_Reanalysis
2023-10-12,31.2,25.4,28.3,38.4,31.2,34.4,0.2,12.0,27.4,94,22.8,1010.4,ward_02_manali,13.168,80.258,ECMWF_ERA5_Reanalysis
2023-10-13,30.4,24.4,27.4,36.8,29.7,33.3,2.4,11.7,27.7,69,18.97,1011.3,ward_02_manali,13.168,80.258,ECMWF_ERA5_Reanalysis
2023-10-14,29.8,24.1,26.9,35.5,29.0,32.4,20.1,11.6,25.6,91,15.47,1011.2,ward_02_manali,13.168,80.258,ECMWF_ERA5_Reanalysis
2023-10-15,29.7,24.9,27.3,36.0,30.0,32.9,1.6,10.1,25.9,98,16.19,1009.7,ward_02_manali,13.168,80.258,ECMWF_ERA5_Reanalysis
2023-10-16,29.8,24.6,27.1,35.6,28.8,32.7,15.8,11.6,24.8,119,16.73,1009.8,ward_02_manali,13.168,80.258,ECMWF_ERA5_Reanalysis
2023-10-17,31.7,25.1,28.2,36.7,31.1,33.2,0.2,15.5,32.4,58,22.34,1010.4,ward_02_manali,13.168,80.258,ECMWF_ERA5_Reanalysis
2023-10-18,31.5,24.8,28.3,36.6,29.6,32.7,0.1,15.6,32.8,59,22.18,1011.0,ward_02_manali,13.168,80.258,ECMWF_ERA5_Reanalysis
2023-10-19,32.2,24.8,28.2,36.2,29.7,32.6,0.4,19.1,38.2,36,22.3,1010.9,ward_02_manali,13.168,80.258,ECMWF_ERA5_Reanalysis
2023-10-20,32.0,24.5,28.2,37.1,28.9,32.8,0.2,15.0,31.7,41,22.22,1010.8,ward_02_manali,13.168,80.258,ECMWF_ERA5_Reanalysis
2023-10-21,31.7,24.3,27.5,36.6,28.7,32.1,5.8,21.4,44.6,26,17.73,1011.2,ward_02_manali,13.168,80.258,ECMWF_ERA5_Reanalysis
2023-10-22,31.8,25.1,28.0,35.8,30.1,32.6,1.3,18.6,38.9,25,20.36,1010.8,ward_02_manali,13.168,80.258,ECMWF_ERA5_Reanalysis
2023-10-23,34.3,24.1,27.9,37.9,27.0,31.5,0.3,17.9,34.9,68,22.77,1010.0,ward_02_manali,13.168,80.258,ECMWF_ERA5_Reanalysis
2023-10-24,33.6,22.9,27.7,38.1,25.4,31.2,0.0,18.1,35.6,159,22.44,1010.2,ward_02_manali,13.168,80.258,ECMWF_ERA5_Reanalysis
2023-10-25,34.2,23.7,28.0,39.3,27.8,32.3,0.5,16.5,36.0,133,22.02,1011.3,ward_02_manali,13.168,80.258,ECMWF_ERA5_Reanalysis
2023-10-26,30.9,24.0,27.6,36.0,28.4,32.1,1.3,17.1,30.2,62,18.98,1011.5,ward_02_manali,13.168,80.258,ECMWF_ERA5_Reanalysis
2023-10-27,31.0,24.5,27.7,35.6,29.6,32.3,1.8,15.5,32.0,73,18.51,1010.5,ward_02_manali,13.168,80.258,ECMWF_ERA5_Reanalysis
2023-10-28,30.3,24.2,27.4,35.5,29.2,32.1,3.1,14.4,33.8,70,17.61,1010.6,ward_02_manali,13.168,80.258,ECMWF_ERA5_Reanalysis
2023-10-29,30.4,24.6,27.8,34.8,29.0,32.1,5.3,16.6,36.0,81,17.81,1010.5,ward_02_manali,13.168,80.258,ECMWF_ERA5_Reanalysis
2023-10-30,30.3,24.4,26.8,35.3,29.5,31.7,7.7,16.5,32.8,25,16.41,1010.6,ward_02_manali,13.168,80.258,ECMWF_ERA5_Reanalysis
2023-10-31,31.2,24.9,27.9,34.7,29.5,31.7,1.0,20.5,40.3,43,18.7,1010.7,ward_02_manali,13.168,80.258,ECMWF_ERA5_Reanalysis
2023-11-01,30.7,24.9,27.4,35.2,29.7,31.6,13.6,21.5,43.9,49,17.93,1011.0,ward_02_manali,13.168,80.258,ECMWF_ERA5_Reanalysis
2023-11-02,29.3,23.9,26.6,34.3,28.6,31.3,10.5,15.5,31.7,52,14.79,1010.3,ward_02_manali,13.168,80.258,ECMWF_ERA5_Reanalysis
2023-11-03,29.2,24.2,26.3,34.4,29.0,31.0,19.3,16.4,31.7,52,16.15,1009.1,ward_02_manali,13.168,80.258,ECMWF_ERA5_Reanalysis
2023-11-04,28.1,24.5,25.6,33.0,29.8,30.6,31.3,15.3,29.5,67,10.6,1009.3,ward_02_manali,13.168,80.258,ECMWF_ERA5_Reanalysis
2023-11-05,29.3,24.2,25.7,35.3,29.1,30.8,24.3,10.9,27.0,66,11.75,1010.5,ward_02_manali,13.168,80.258,ECMWF_ERA5_Reanalysis
2023-11-06,29.4,23.6,26.1,35.0,28.5,31.1,12.4,15.0,28.1,19,14.31,1011.5,ward_02_manali,13.168,80.258,ECMWF_ERA5_Reanalysis
2023-11-07,28.9,24.1,26.1,33.9,28.7,31.0,15.3,15.8,32.4,40,16.44,1011.5,ward_02_manali,13.168,80.258,ECMWF_ERA5_Reanalysis
2023-11-08,28.9,24.1,26.0,34.3,29.1,31.0,17.5,16.5,32.8,40,14.32,1011.3,ward_02_manali,13.168,80.258,ECMWF_ERA5_Reanalysis
2023-11-09,28.7,23.2,25.6,34.1,27.2,30.6,12.3,14.7,33.5,47,13.1,1011.7,ward_02_manali,13.168,80.258,ECMWF_ERA5_Reanalysis
2023-11-10,30.0,23.5,27.2,34.5,28.2,31.4,2.1,18.7,35.3,50,19.28,1012.7,ward_02_manali,13.168,80.258,ECMWF_ERA5_Reanalysis
2023-11-11,30.2,25.1,27.6,33.7,29.1,30.7,0.0,21.4,42.1,42,19.29,1012.9,ward_02_manali,13.168,80.258,ECMWF_ERA5_Reanalysis
2023-11-12,29.9,25.0,27.6,32.9,27.9,30.3,0.0,20.6,40.3,37,19.71,1012.8,ward_02_manali,13.168,80.258,ECMWF_ERA5_Reanalysis
2023-11-13,30.0,24.9,27.2,33.4,27.1,30.2,3.5,22.9,43.9,36,18.4,1012.0,ward_02_manali,13.168,80.258,ECMWF_ERA5_Reanalysis
2023-11-14,28.0,23.1,25.5,31.7,24.3,29.0,46.2,22.4,40.3,31,6.3,1011.3,ward_02_manali,13.168,80.258,ECMWF_ERA5_Reanalysis
2023-11-15,25.3,23.5,24.2,28.7,25.1,27.1,32.1,20.6,39.6,14,5.18,1011.0,ward_02_manali,13.168,80.258,ECMWF_ERA5_Reanalysis
2023-11-16,29.5,23.1,26.5,33.6,27.1,30.5,1.4,18.9,36.7,25,16.19,1010.9,ward_02_manali,13.168,80.258,ECMWF_ERA5_Reanalysis
2023-11-17,29.5,24.1,27.3,33.8,29.0,31.5,2.4,21.0,40.7,42,18.06,1011.2,ward_02_manali,13.168,80.258,ECMWF_ERA5_Reanalysis
2023-11-18,29.8,25.2,27.4,33.9,30.0,31.4,1.0,20.5,39.2,35,19.76,1011.2,ward_02_manali,13.168,80.258,ECMWF_ERA5_Reanalysis
2023-11-19,29.9,24.9,27.3,33.9,29.1,31.1,0.0,19.4,37.8,37,19.85,1011.5,ward_02_manali,13.168,80.258,ECMWF_ERA5_Reanalysis
2023-11-20,27.3,24.7,25.5,30.8,28.3,29.4,22.5,21.0,39.2,15,5.58,1010.8,ward_02_manali,13.168,80.258,ECMWF_ERA5_Reanalysis
2023-11-21,27.8,23.8,25.4,33.5,28.1,30.4,25.8,14.2,28.1,64,9.21,1010.3,ward_02_manali,13.168,80.258,ECMWF_ERA5_Reanalysis
2023-11-22,28.7,23.5,25.9,35.0,28.1,31.0,6.6,11.6,27.0,64,14.66,1010.1,ward_02_manali,13.168,80.258,ECMWF_ERA5_Reanalysis
2023-11-23,26.5,24.3,25.7,31.4,29.3,30.5,9.0,12.3,26.6,70,12.05,1010.0,ward_02_manali,13.168,80.258,ECMWF_ERA5_Reanalysis
2023-11-24,27.9,23.9,25.7,33.2,28.9,30.5,21.4,15.8,31.0,57,15.74,1010.2,ward_02_manali,13.168,80.258,ECMWF_ERA5_Reanalysis
2023-11-25,29.0,23.6,26.4,33.3,28.4,30.5,4.3,19.2,39.6,45,15.12,1011.5,ward_02_manali,13.168,80.258,ECMWF_ERA5_Reanalysis
2023-11-26,29.1,24.0,26.5,33.5,27.6,30.2,12.0,21.3,42.8,58,18.14,1012.3,ward_02_manali,13.168,80.258,ECMWF_ERA5_Reanalysis
2023-11-27,29.4,24.0,26.6,34.0,28.3,31.1,5.6,16.9,33.8,69,16.13,1010.8,ward_02_manali,13.168,80.258,ECMWF_ERA5_Reanalysis
2023-11-28,28.8,23.0,25.6,32.9,26.4,29.8,7.7,20.5,39.2,58,15.0,1010.2,ward_02_manali,13.168,80.258,ECMWF_ERA5_Reanalysis
2023-11-29,27.0,22.7,24.8,30.9,26.5,28.9,10.9,17.1,34.9,44,11.53,1010.7,ward_02_manali,13.168,80.258,ECMWF_ERA5_Reanalysis
2023-11-30,26.8,23.7,25.1,30.8,28.3,29.4,11.8,15.5,33.5,32,9.23,1011.1,ward_02_manali,13.168,80.258,ECMWF_ERA5_Reanalysis
2023-12-01,29.4,23.4,26.4,32.6,26.9,29.8,4.0,23.4,44.3,26,17.07,1009.8,ward_02_manali,13.168,80.258,ECMWF_ERA5_Reanalysis
2023-12-02,27.2,24.3,25.5,29.8,26.7,28.3,20.7,25.4,48.6,26,9.26,1007.8,ward_02_manali,13.168,80.258,ECMWF_ERA5_Reanalysis
2023-12-03,26.2,24.2,24.9,29.1,25.2,27.2,53.0,33.2,60.8,3,6.12,1005.7,ward_02_manali,13.168,80.258,ECMWF_ERA5_Reanalysis
2023-12-04,25.5,23.6,24.3,25.5,22.6,23.8,258.8,47.6,90.7,298,1.17,998.6,ward_02_manali,13.168,80.258,ECMWF_ERA5_Reanalysis
2023-12-05,31.2,23.4,26.5,35.3,24.3,29.5,15.3,29.1,59.0,210,11.98,1004.9,ward_02_manali,13.168,80.258,ECMWF_ERA5_Reanalysis
2023-12-06,30.3,23.3,25.8,37.8,27.6,31.1,16.7,11.7,26.6,187,15.83,1008.3,ward_02_manali,13.168,80.258,ECMWF_ERA5_Reanalysis
2023-12-07,29.0,23.7,25.5,35.3,28.1,30.5,9.4,11.5,25.9,11,15.95,1009.7,ward_02_manali,13.168,80.258,ECMWF_ERA5_Reanalysis
2023-12-08,29.0,23.8,26.2,33.9,28.7,30.8,2.2,14.0,29.5,39,15.78,1010.6,ward_02_manali,13.168,80.258,ECMWF_ERA5_Reanalysis
2023-12-09,29.7,24.1,26.7,34.7,28.6,31.1,0.1,16.6,33.5,35,18.04,1011.6,ward_02_manali,13.168,80.258,ECMWF_ERA5_Reanalysis
2023-12-10,29.1,24.2,26.7,33.0,28.5,30.4,0.0,18.1,35.6,36,18.55,1011.1,ward_02_manali,13.168,80.258,ECMWF_ERA5_Reanalysis
2023-12-11,28.4,24.8,26.3,31.7,27.9,29.4,0.7,16.8,33.1,47,16.49,1011.6,ward_02_manali,13.168,80.258,ECMWF_ERA5_Reanalysis
2023-12-12,28.4,22.8,25.4,31.2,25.5,28.3,0.8,17.1,35.3,42,17.56,1011.1,ward_02_manali,13.168,80.258,ECMWF_ERA5_Reanalysis
2023-12-13,27.5,22.0,25.0,29.6,24.6,27.1,0.5,19.3,37.4,39,15.6,1011.8,ward_02_manali,13.168,80.258,ECMWF_ERA5_Reanalysis
2023-12-14,28.9,23.3,26.1,31.2,25.3,28.0,0.2,21.2,41.8,32,17.78,1012.9,ward_02_manali,13.168,80.258,ECMWF_ERA5_Reanalysis
2023-12-15,26.5,24.4,25.5,29.6,27.8,28.4,5.9,22.2,41.0,32,5.48,1012.9,ward_02_manali,13.168,80.258,ECMWF_ERA5_Reanalysis
2023-12-16,28.5,24.2,26.1,31.7,27.9,29.3,4.1,21.9,41.4,54,15.76,1012.2,ward_02_manali,13.168,80.258,ECMWF_ERA5_Reanalysis
2023-12-17,28.1,24.4,26.1,30.5,27.5,28.8,2.9,22.9,43.2,56,14.82,1011.9,ward_02_manali,13.168,80.258,ECMWF_ERA5_Reanalysis
2023-12-18,27.7,24.8,25.9,29.2,26.4,27.9,0.5,23.8,45.4,46,16.01,1013.0,ward_02_manali,13.168,80.258,ECMWF_ERA5_Reanalysis
2023-12-19,27.8,23.5,25.9,29.5,25.2,27.3,0.0,22.1,41.8,31,19.19,1013.6,ward_02_manali,13.168,80.258,ECMWF_ERA5_Reanalysis
2023-12-20,28.2,24.6,26.1,30.4,26.5,28.0,0.0,20.5,39.6,31,17.19,1013.5,ward_02_manali,13.168,80.258,ECMWF_ERA5_Reanalysis
2023-12-21,28.2,23.9,25.7,30.7,26.1,27.9,0.0,19.5,38.2,36,17.65,1013.2,ward_02_manali,13.168,80.258,ECMWF_ERA5_Reanalysis
2023-12-22,27.8,22.3,24.6,30.5,24.8,27.2,0.1,17.4,34.6,27,18.66,1013.4,ward_02_manali,13.168,80.258,ECMWF_ERA5_Reanalysis
2023-12-23,27.7,20.5,24.0,30.6,23.0,26.4,0.0,14.5,27.7,23,16.37,1014.3,ward_02_manali,13.168,80.258,ECMWF_ERA5_Reanalysis
2023-12-24,28.5,21.4,25.3,30.1,23.2,27.4,0.3,23.7,45.4,18,14.82,1015.1,ward_02_manali,13.168,80.258,ECMWF_ERA5_Reanalysis
2023-12-25,28.1,23.7,25.5,30.8,27.1,28.7,3.2,22.7,42.8,39,15.98,1014.5,ward_02_manali,13.168,80.258,ECMWF_ERA5_Reanalysis
2023-12-26,28.0,21.1,24.8,30.1,23.6,27.3,0.5,22.0,42.5,20,17.13,1014.7,ward_02_manali,13.168,80.258,ECMWF_ERA5_Reanalysis
2023-12-27,28.2,23.1,25.7,30.0,26.1,27.9,0.3,21.8,42.1,28,18.9,1015.0,ward_02_manali,13.168,80.258,ECMWF_ERA5_Reanalysis
2023-12-28,28.5,24.1,25.9,31.4,27.5,28.8,1.9,21.2,41.0,34,17.09,1013.8,ward_02_manali,13.168,80.258,ECMWF_ERA5_Reanalysis
2023-12-29,28.5,24.2,25.8,31.1,27.5,28.6,1.3,22.7,43.2,41,16.23,1013.9,ward_02_manali,13.168,80.258,ECMWF_ERA5_Reanalysis
2023-12-30,28.5,23.8,25.6,31.5,26.7,28.2,0.2,17.5,34.2,38,18.72,1013.6,ward_02_manali,13.168,80.258,ECMWF_ERA5_Reanalysis
2023-12-31,28.3,23.0,25.3,31.1,25.8,27.8,0.2,16.6,33.8,45,18.47,1013.2,ward_02_manali,13.168,80.258,ECMWF_ERA5_Reanalysis
2024-01-01,28.8,22.2,25.3,31.5,24.9,27.6,0.0,16.3,33.5,41,18.72,1013.5,ward_02_manali,13.168,80.258,ECMWF_ERA5_Reanalysis
2024-01-02,27.8,22.4,25.3,29.4,25.1,27.3,0.0,16.3,32.0,45,9.26,1012.7,ward_02_manali,13.168,80.258,ECMWF_ERA5_Reanalysis
2024-01-03,28.4,22.9,25.9,29.7,25.6,27.9,0.0,16.5,33.5,63,13.85,1012.0,ward_02_manali,13.168,80.258,ECMWF_ERA5_Reanalysis
2024-01-04,29.0,24.4,26.2,30.7,27.4,28.7,1.9,18.8,37.4,67,14.34,1011.9,ward_02_manali,13.168,80.258,ECMWF_ERA5_Reanalysis
2024-01-05,29.3,24.3,26.4,31.5,27.4,29.0,0.5,16.6,33.1,45,14.14,1011.9,ward_02_manali,13.168,80.258,ECMWF_ERA5_Reanalysis
2024-01-06,28.2,24.1,26.0,30.5,27.6,28.7,2.6,23.0,43.6,45,15.77,1011.9,ward_02_manali,13.168,80.258,ECMWF_ERA5_Reanalysis
2024-01-07,26.8,24.0,25.3,29.5,26.7,28.1,16.6,22.3,41.8,43,9.89,1012.3,ward_02_manali,13.168,80.258,ECMWF_ERA5_Reanalysis
2024-01-08,26.7,23.9,25.1,29.4,26.8,28.2,23.5,23.1,40.7,55,3.82,1012.8,ward_02_manali,13.168,80.258,ECMWF_ERA5_Reanalysis
2024-01-09,28.5,25.2,26.4,31.4,27.8,29.0,0.3,20.0,38.5,54,17.17,1013.2,ward_02_manali,13.168,80.258,ECMWF_ERA5_Reanalysis
2024-01-10,28.2,24.3,26.0,31.5,27.1,29.1,0.0,17.3,39.2,51,15.81,1012.8,ward_02_manali,13.168,80.258,ECMWF_ERA5_Reanalysis
2024-01-11,28.3,23.6,25.8,32.1,27.1,29.1,0.0,15.8,32.4,41,19.58,1013.3,ward_02_manali,13.168,80.258,ECMWF_ERA5_Reanalysis
2024-01-12,28.5,22.5,25.5,33.0,26.0,29.2,0.0,13.7,28.8,52,19.39,1013.3,ward_02_manali,13.168,80.258,ECMWF_ERA5_Reanalysis
2024-01-13,28.6,22.4,25.1,32.8,26.2,29.0,0.2,14.2,30.2,39,18.99,1013.5,ward_02_manali,13.168,80.258,ECMWF_ERA5_Reanalysis
2024-01-14,28.5,21.4,24.7,33.4,25.0,28.6,0.2,12.6,27.4,65,19.23,1013.0,ward_02_manali,13.168,80.258,ECMWF_ERA5_Reanalysis
2024-01-15,28.4,21.2,24.7,32.5,24.1,28.0,0.0,11.8,25.6,71,20.37,1012.6,ward_02_manali,13.168,80.258,ECMWF_ERA5_Reanalysis
2024-01-16,28.1,20.3,24.3,31.7,21.8,26.9,0.0,10.5,22.7,104,20.81,1011.5,ward_02_manali,13.168,80.258,ECMWF_ERA5_Reanalysis
2024-01-17,28.4,20.6,24.1,33.0,22.5,27.1,0.0,13.0,27.7,97,20.47,1011.2,ward_02_manali,13.168,80.258,ECMWF_ERA5_Reanalysis
2024-01-18,28.6,20.6,24.8,33.2,23.5,28.4,0.1,11.9,24.1,81,19.54,1011.6,ward_02_manali,13.168,80.258,ECMWF_ERA5_Reanalysis
2024-01-19,28.7,21.7,25.0,33.3,24.6,28.7,0.2,12.9,28.4,55,19.09,1011.8,ward_02_manali,13.168,80.258,ECMWF_ERA5_Reanalysis
2024-01-20,28.7,23.2,25.6,32.7,27.0,29.3,0.0,14.1,31.0,68,20.34,1013.0,ward_02_manali,13.168,80.258,ECMWF_ERA5_Reanalysis
2024-01-21,29.1,22.1,25.2,33.3,25.0,28.8,0.0,12.2,27.4,97,20.56,1013.0,ward_02_manali,13.168,80.258,ECMWF_ERA5_Reanalysis
2024-01-22,28.6,21.2,24.9,32.8,23.5,28.4,0.0,12.7,28.4,117,20.3,1014.0,ward_02_manali,13.168,80.258,ECMWF_ERA5_Reanalysis
2024-01-23,28.9,21.5,25.4,32.5,24.3,28.6,0.1,15.6,32.0,126,20.15,1013.6,ward_02_manali,13.168,80.258,ECMWF_ERA5_Reanalysis
2024-01-24,29.4,21.8,25.5,32.2,24.5,28.5,0.0,16.9,34.2,157,20.06,1013.0,ward_02_manali,13.168,80.258,ECMWF_ERA5_Reanalysis
2024-01-25,29.1,21.4,25.2,32.8,24.7,28.6,0.0,15.1,31.7,137,20.17,1014.0,ward_02_manali,13.168,80.258,ECMWF_ERA5_Reanalysis
2024-01-26,29.1,21.9,25.4,32.8,24.4,28.6,1.0,13.8,29.2,69,19.08,1015.7,ward_02_manali,13.168,80.258,ECMWF_ERA5_Reanalysis
2024-01-27,29.5,23.0,26.1,32.9,26.4,29.3,0.0,15.9,32.8,51,20.39,1015.7,ward_02_manali,13.168,80.258,ECMWF_ERA5_Reanalysis
2024-01-28,28.9,22.4,25.8,32.2,25.4,28.7,0.3,16.6,34.2,62,20.2,1015.5,ward_02_manali,13.168,80.258,ECMWF_ERA5_Reanalysis
2024-01-29,28.8,22.3,25.3,30.8,24.5,27.3,0.0,16.4,34.2,47,21.89,1015.1,ward_02_manali,13.168,80.258,ECMWF_ERA5_Reanalysis
2024-01-30,29.9,20.2,25.1,33.3,22.2,27.3,0.0,17.9,37.1,47,19.82,1013.9,ward_02_manali,13.168,80.258,ECMWF_ERA5_Reanalysis
2024-01-31,29.4,21.4,26.0,33.7,24.4,29.2,0.0,13.1,28.8,78,19.57,1013.7,ward_02_manali,13.168,80.258,ECMWF_ERA5_Reanalysis
2024-02-01,29.3,23.7,26.5,34.1,27.5,31.0,2.0,14.2,31.3,119,18.87,1013.6,ward_02_manali,13.168,80.258,ECMWF_ERA5_Reanalysis
2024-02-02,30.1,23.2,26.6,34.7,27.8,31.0,0.2,15.3,32.4,134,19.49,1013.2,ward_02_manali,13.168,80.258,ECMWF_ERA5_Reanalysis
2024-02-03,29.8,23.1,26.1,34.5,27.0,30.4,0.0,12.6,29.2,97,21.24,1014.1,ward_02_manali,13.168,80.258,ECMWF_ERA5_Reanalysis
2024-02-04,30.2,22.7,26.0,34.3,26.1,29.9,0.0,13.1,29.9,76,21.81,1015.6,ward_02_manali,13.168,80.258,ECMWF_ERA5_Reanalysis
2024-02-05,29.9,21.7,25.6,33.9,25.4,29.2,0.0,13.3,29.9,76,21.73,1015.7,ward_02_manali,13.168,80.258,ECMWF_ERA5_Reanalysis
2024-02-06,29.9,21.2,25.7,34.4,24.6,29.4,0.0,13.9,31.7,80,21.82,1015.2,ward_02_manali,13.168,80.258,ECMWF_ERA5_Reanalysis
2024-02-07,30.6,21.4,25.1,35.5,24.9,29.0,0.0,12.7,28.8,85,22.01,1014.5,ward_02_manali,13.168,80.258,ECMWF_ERA5_Reanalysis
2024-02-08,31.1,21.2,25.3,35.6,24.3,29.1,0.0,12.2,28.8,136,22.68,1013.5,ward_02_manali,13.168,80.258,ECMWF_ERA5_Reanalysis
2024-02-09,30.2,22.3,26.1,35.0,26.2,30.2,0.1,14.8,32.0,104,21.73,1014.3,ward_02_manali,13.168,80.258,ECMWF_ERA5_Reanalysis
2024-02-10,31.1,23.8,27.4,34.8,27.9,31.0,0.1,16.2,34.9,89,21.29,1015.4,ward_02_manali,13.168,80.258,ECMWF_ERA5_Reanalysis
2024-02-11,30.1,23.1,26.7,33.2,26.5,29.7,0.0,18.1,38.2,68,21.3,1016.0,ward_02_manali,13.168,80.258,ECMWF_ERA5_Reanalysis
2024-02-12,29.6,21.9,26.1,32.4,25.0,28.7,0.0,16.5,35.3,67,21.23,1015.6,ward_02_manali,13.168,80.258,ECMWF_ERA5_Reanalysis
2024-02-13,30.2,23.9,27.1,33.8,27.4,30.3,0.9,18.9,39.2,59,20.68,1014.8,ward_02_manali,13.168,80.258,ECMWF_ERA5_Reanalysis
2024-02-14,30.7,24.1,27.1,33.9,28.6,30.7,0.0,16.7,35.6,64,22.36,1014.0,ward_02_manali,13.168,80.258,ECMWF_ERA5_Reanalysis
2024-02-15,30.1,22.8,26.3,33.7,27.1,29.9,0.0,15.0,33.5,57,22.72,1014.1,ward_02_manali,13.168,80.258,ECMWF_ERA5_Reanalysis
2024-02-16,30.7,23.3,26.7,34.2,27.3,30.3,0.0,17.2,35.6,52,22.82,1014.4,ward_02_manali,13.168,80.258,ECMWF_ERA5_Reanalysis
2024-02-17,31.3,22.2,26.4,34.2,26.1,30.0,0.0,15.0,32.8,44,23.1,1013.0,ward_02_manali,13.168,80.258,ECMWF_ERA5_Reanalysis
2024-02-18,30.6,21.8,25.7,34.9,26.0,29.8,0.0,15.4,33.1,85,22.71,1012.3,ward_02_manali,13.168,80.258,ECMWF_ERA5_Reanalysis
2024-02-19,31.8,22.1,26.7,35.3,26.2,30.6,0.0,18.1,37.1,137,22.67,1012.5,ward_02_manali,13.168,80.258,ECMWF_ERA5_Reanalysis
2024-02-20,30.9,23.0,26.7,35.1,27.0,30.6,0.0,16.8,35.3,144,22.84,1012.2,ward_02_manali,13.168,80.258,ECMWF_ERA5_Reanalysis
2024-02-21,32.5,23.2,27.2,36.8,27.5,31.2,0.0,19.7,39.2,166,22.97,1010.6,ward_02_manali,13.168,80.258,ECMWF_ERA5_Reanalysis
2024-02-22,32.2,24.0,27.7,37.4,28.8,31.8,0.9,23.1,46.4,166,21.64,1010.4,ward_02_manali,13.168,80.258,ECMWF_ERA5_Reanalysis
2024-02-23,33.8,25.4,28.5,37.2,29.6,32.4,0.0,25.9,50.4,165,22.01,1010.0,ward_02_manali,13.168,80.258,ECMWF_ERA5_Reanalysis
2024-02-24,31.0,25.8,28.1,34.9,29.3,31.5,0.2,20.8,43.2,148,20.06,1010.6,ward_02_manali,13.168,80.258,ECMWF_ERA5_Reanalysis
2024-02-25,30.7,25.2,27.9,34.7,29.4,31.3,0.0,16.4,35.3,117,22.81,1010.8,ward_02_manali,13.168,80.258,ECMWF_ERA5_Reanalysis
2024-02-26,30.8,25.4,28.0,33.9,28.1,30.6,0.5,20.2,40.7,83,20.95,1011.7,ward_02_manali,13.168,80.258,ECMWF_ERA5_Reanalysis
2024-02-27,31.2,24.7,27.5,35.0,28.5,31.4,0.0,18.2,37.8,60,23.45,1012.2,ward_02_manali,13.168,80.258,ECMWF_ERA5_Reanalysis
2024-02-28,31.7,23.8,26.9,35.1,28.4,30.8,0.0,16.1,34.2,47,24.3,1011.5,ward_02_manali,13.168,80.258,ECMWF_ERA5_Reanalysis
2024-02-29,32.1,22.0,26.9,36.2,25.9,31.1,0.0,14.1,31.0,64,24.14,1011.7,ward_02_manali,13.168,80.258,ECMWF_ERA5_Reanalysis
2024-03-01,32.2,23.5,27.5,36.0,28.2,32.2,0.0,14.5,32.8,80,23.81,1012.5,ward_02_manali,13.168,80.258,ECMWF_ERA5_Reanalysis
2024-03-02,33.3,22.8,27.5,37.0,27.7,31.5,0.0,18.0,34.9,137,23.55,1011.9,ward_02_manali,13.168,80.258,ECMWF_ERA5_Reanalysis
2024-03-03,31.7,23.5,27.5,36.3,27.7,31.5,0.0,18.8,39.2,133,24.24,1011.2,ward_02_manali,13.168,80.258,ECMWF_ERA5_Reanalysis
2024-03-04,30.8,22.6,26.8,35.0,26.5,30.7,0.1,17.3,37.1,137,23.99,1011.1,ward_02_manali,13.168,80.258,ECMWF_ERA5_Reanalysis
2024-03-05,31.4,22.9,27.1,36.2,26.9,31.1,0.0,16.6,36.4,139,24.23,1011.0,ward_02_manali,13.168,80.258,ECMWF_ERA5_Reanalysis
2024-03-06,32.8,22.9,27.4,38.4,26.9,31.5,0.0,20.0,38.9,148,23.23,1010.9,ward_02_manali,13.168,80.258,ECMWF_ERA5_Reanalysis
2024-03-07,34.5,23.3,28.2,37.1,27.5,31.7,0.0,21.0,42.1,155,24.58,1009.8,ward_02_manali,13.168,80.258,ECMWF_ERA5_Reanalysis
2024-03-08,32.5,23.7,28.0,37.8,28.3,32.2,0.0,21.2,43.9,151,22.96,1010.2,ward_02_manali,13.168,80.258,ECMWF_ERA5_Reanalysis
2024-03-09,32.9,24.3,28.3,38.7,29.4,33.1,0.0,20.9,42.8,133,22.57,1010.7,ward_02_manali,13.168,80.258,ECMWF_ERA5_Reanalysis
2024-03-10,32.9,24.4,28.4,38.1,29.4,32.7,0.0,17.9,38.5,117,23.93,1012.5,ward_02_manali,13.168,80.258,ECMWF_ERA5_Reanalysis
2024-03-11,32.6,24.6,28.4,37.3,29.7,32.8,0.1,17.5,36.4,130,24.29,1013.5,ward_02_manali,13.168,80.258,ECMWF_ERA5_Reanalysis
2024-03-12,33.8,24.1,28.3,38.7,28.5,32.4,0.0,21.4,42.8,159,24.35,1012.6,ward_02_manali,13.168,80.258,ECMWF_ERA5_Reanalysis
2024-03-13,34.2,24.8,28.8,38.2,29.1,32.6,0.0,25.3,49.3,168,23.95,1011.0,ward_02_manali,13.168,80.258,ECMWF_ERA5_Reanalysis
2024-03-14,33.9,24.7,28.7,38.8,29.6,32.7,0.0,21.1,43.2,163,23.32,1010.8,ward_02_manali,13.168,80.258,ECMWF_ERA5_Reanalysis
2024-03-15,32.9,24.4,28.5,36.6,28.8,32.1,0.4,22.3,45.7,158,23.72,1010.3,ward_02_manali,13.168,80.258,ECMWF_ERA5_Reanalysis
2024-03-16,32.6,25.7,28.9,37.0,29.7,32.7,1.1,23.8,46.8,150,23.18,1010.9,ward_02_manali,13.168,80.258,ECMWF_ERA5_Reanalysis
2024-03-17,32.2,25.2,28.3,35.8,30.1,32.3,0.3,19.9,40.3,139,24.39,1011.4,ward_02_manali,13.168,80.258,ECMWF_ERA5_Reanalysis
2024-03-18,32.9,24.6,28.2,37.6,29.1,32.4,0.0,18.9,40.7,143,24.96,1010.9,ward_02_manali,13.168,80.258,ECMWF_ERA5_Reanalysis
2024-03-19,32.8,24.4,28.2,36.8,29.3,32.4,0.0,17.1,36.7,136,25.17,1010.3,ward_02_manali,13.168,80.258,ECMWF_ERA5_Reanalysis
2024-03-20,32.2,24.7,28.4,36.5,29.1,32.1,0.0,18.7,39.2,127,24.69,1010.6,ward_02_manali,13.168,80.258,ECMWF_ERA5_Reanalysis
2024-03-21,30.6,25.9,28.1,35.4,30.0,32.1,1.8,16.1,36.0,89,22.43,1010.9,ward_02_manali,13.168,80.258,ECMWF_ERA5_Reanalysis
2024-03-22,31.9,24.8,28.3,36.8,29.5,32.8,0.1,15.0,34.6,116,24.43,1009.1,ward_02_manali,13.168,80.258,ECMWF_ERA5_Reanalysis
2024-03-23,33.2,23.9,28.5,38.5,28.7,32.9,0.0,18.7,39.2,145,24.92,1008.8,ward_02_manali,13.168,80.258,ECMWF_ERA5_Reanalysis
2024-03-24,32.6,24.4,28.2,37.3,29.5,32.6,0.0,20.6,42.8,147,25.26,1010.6,ward_02_manali,13.168,80.258,ECMWF_ERA5_Reanalysis
2024-03-25,32.0,23.8,27.7,36.8,28.4,32.2,0.0,16.8,36.4,124,25.24,1011.0,ward_02_manali,13.168,80.258,ECMWF_ERA5_Reanalysis
2024-03-26,32.0,23.1,27.7,35.5,26.8,31.2,0.0,20.4,42.8,141,25.79,1011.5,ward_02_manali,13.168,80.258,ECMWF_ERA5_Reanalysis
2024-03-27,32.8,23.8,28.3,37.9,28.5,32.7,0.0,18.2,39.6,142,25.35,1012.8,ward_02_manali,13.168,80.258,ECMWF_ERA5_Reanalysis
2024-03-28,33.8,23.7,28.5,38.9,28.6,33.0,0.0,20.3,42.5,151,25.53,1010.6,ward_02_manali,13.168,80.258,ECMWF_ERA5_Reanalysis
2024-03-29,34.5,25.0,29.3,40.3,30.0,33.9,0.0,21.9,45.0,166,24.99,1009.7,ward_02_manali,13.168,80.258,ECMWF_ERA5_Reanalysis
2024-03-30,34.9,24.7,29.0,39.1,29.8,32.9,0.0,21.8,43.6,166,26.02,1010.7,ward_02_manali,13.168,80.258,ECMWF_ERA5_Reanalysis
2024-03-31,33.9,24.3,28.8,39.4,29.3,33.4,0.0,22.2,43.9,156,25.14,1011.5,ward_02_manali,13.168,80.258,ECMWF_ERA5_Reanalysis
2024-04-01,34.3,25.2,29.3,39.5,31.0,34.2,0.0,21.9,44.6,160,24.92,1009.0,ward_02_manali,13.168,80.258,ECMWF_ERA5_Reanalysis
2024-04-02,35.2,25.9,29.9,41.0,31.2,34.9,0.0,23.8,47.5,166,25.72,1007.3,ward_02_manali,13.168,80.258,ECMWF_ERA5_Reanalysis
2024-04-03,35.4,26.6,30.0,40.4,32.2,34.9,0.0,24.7,49.3,168,25.35,1007.9,ward_02_manali,13.168,80.258,ECMWF_ERA5_Reanalysis
2024-04-04,35.4,26.6,30.2,41.2,32.3,35.6,0.0,23.3,47.5,169,25.79,1008.2,ward_02_manali,13.168,80.258,ECMWF_ERA5_Reanalysis
2024-04-05,35.4,26.2,29.9,41.9,31.8,35.2,0.0,22.8,45.7,170,25.66,1007.6,ward_02_manali,13.168,80.258,ECMWF_ERA5_Reanalysis
2024-04-06,37.2,26.3,30.5,42.0,31.6,35.4,0.0,23.1,45.0,174,25.76,1006.5,ward_02_manali,13.168,80.258,ECMWF_ERA5_Reanalysis
2024-04-07,37.4,25.7,30.4,42.2,30.8,35.0,0.0,22.8,45.7,175,26.32,1006.2,ward_02_manali,13.168,80.258,ECMWF_ERA5_Reanalysis
2024-04-08,36.8,26.2,30.2,40.1,31.6,34.9,0.0,23.4,46.4,159,26.33,1007.9,ward_02_manali,13.168,80.258,ECMWF_ERA5_Reanalysis
2024-04-09,33.5,25.3,29.4,38.6,30.1,34.4,0.0,17.3,36.4,100,25.94,1009.2,ward_02_manali,13.168,80.258,ECMWF_ERA5_Reanalysis
2024-04-10,33.8,26.4,30.0,38.9,31.6,34.7,0.0,16.5,36.7,106,24.96,1009.1,ward_02_manali,13.168,80.258,ECMWF_ERA5_Reanalysis
2024-04-11,33.4,26.5,30.0,38.9,31.3,34.6,0.0,19.6,38.9,108,25.17,1009.4,ward_02_manali,13.168,80.258,ECMWF_ERA5_Reanalysis
2024-04-12,33.5,28.0,30.3,38.8,33.4,35.1,0.1,18.6,40.3,107,24.73,1009.3,ward_02_manali,13.168,80.258,ECMWF_ERA5_Reanalysis
2024-04-13,34.2,26.3,30.0,39.1,32.2,35.4,0.5,16.5,36.7,107,25.04,1009.3,ward_02_manali,13.168,80.258,ECMWF_ERA5_Reanalysis
2024-04-14,33.9,25.9,29.6,38.9,31.6,35.2,0.2,15.8,35.6,108,25.76,1009.8,ward_02_manali,13.168,80.258,ECMWF_ERA5_Reanalysis
2024-04-15,34.4,25.0,29.4,39.5,30.6,34.7,0.0,16.7,36.0,136,26.01,1010.1,ward_02_manali,13.168,80.258,ECMWF_ERA5_Reanalysis
2024-04-16,35.1,25.3,29.9,39.6,30.9,34.4,0.0,21.9,44.3,165,26.11,1008.9,ward_02_manali,13.168,80.258,ECMWF_ERA5_Reanalysis
2024-04-17,36.7,26.0,30.5,41.8,31.0,35.2,0.0,25.1,49.3,173,25.13,1007.6,ward_02_manali,13.168,80.258,ECMWF_ERA5_Reanalysis
2024-04-18,37.3,26.6,30.9,42.9,31.6,36.0,0.0,22.8,46.4,174,25.21,1006.3,ward_02_manali,13.168,80.258,ECMWF_ERA5_Reanalysis
2024-04-19,36.7,27.7,31.1,42.4,33.5,36.3,0.0,25.3,50.4,172,25.67,1004.9,ward_02_manali,13.168,80.258,ECMWF_ERA5_Reanalysis
2024-04-20,36.4,28.0,31.1,42.5,33.9,36.9,0.1,25.0,51.5,164,24.27,1004.8,ward_02_manali,13.168,80.258,ECMWF_ERA5_Reanalysis
2024-04-21,35.9,27.5,30.8,41.9,34.2,36.4,0.0,26.6,51.8,169,24.69,1005.7,ward_02_manali,13.168,80.258,ECMWF_ERA5_Reanalysis
2024-04-22,36.0,26.9,30.7,42.8,33.0,36.4,0.0,23.5,45.7,166,25.97,1006.4,ward_02_manali,13.168,80.258,ECMWF_ERA5_Reanalysis
2024-04-23,35.0,26.2,30.1,40.2,32.1,35.1,0.0,21.0,42.8,160,26.03,1006.1,ward_02_manali,13.168,80.258,ECMWF_ERA5_Reanalysis
2024-04-24,36.1,26.0,30.4,42.3,31.5,35.8,0.0,21.7,44.3,166,25.68,1005.6,ward_02_manali,13.168,80.258,ECMWF_ERA5_Reanalysis
2024-04-25,35.1,27.0,30.5,40.6,33.1,35.9,0.0,22.8,46.1,164,25.37,1005.8,ward_02_manali,13.168,80.258,ECMWF_ERA5_Reanalysis
2024-04-26,34.9,26.6,30.5,40.4,32.4,35.9,0.0,23.4,46.1,161,25.77,1005.7,ward_02_manali,13.168,80.258,ECMWF_ERA5_Reanalysis
2024-04-27,35.0,26.0,30.2,41.1,32.1,35.5,0.0,22.1,44.3,160,25.98,1005.9,ward_02_manali,13.168,80.258,ECMWF_ERA5_Reanalysis
2024-04-28,36.0,26.4,30.6,42.2,32.2,36.1,0.0,23.4,46.4,166,25.73,1006.2,ward_02_manali,13.168,80.258,ECMWF_ERA5_Reanalysis
2024-04-29,36.0,27.4,31.0,42.9,33.8,36.9,0.0,22.4,45.0,161,25.29,1007.1,ward_02_manali,13.168,80.258,ECMWF_ERA5_Reanalysis
2024-04-30,36.3,28.0,31.4,42.9,34.5,37.1,0.0,26.2,51.8,167,25.54,1005.7,ward_02_manali,13.168,80.258,ECMWF_ERA5_Reanalysis
2024-05-01,38.7,28.6,32.5,44.7,34.4,37.9,0.0,26.9,54.4,172,25.6,1003.1,ward_02_manali,13.168,80.258,ECMWF_ERA5_Reanalysis
2024-05-02,39.3,29.8,32.9,44.4,32.8,37.7,0.0,32.4,61.6,178,25.04,1003.2,ward_02_manali,13.168,80.258,ECMWF_ERA5_Reanalysis
2024-05-03,39.0,28.1,32.3,45.0,30.9,36.9,0.0,29.0,55.4,175,24.33,1004.2,ward_02_manali,13.168,80.258,ECMWF_ERA5_Reanalysis
2024-05-04,37.9,29.3,32.7,44.3,33.7,38.0,0.0,29.6,56.9,173,24.18,1004.8,ward_02_manali,13.168,80.258,ECMWF_ERA5_Reanalysis
2024-05-05,37.0,29.5,32.5,42.8,33.5,37.7,0.0,29.2,56.5,172,24.12,1003.6,ward_02_manali,13.168,80.258,ECMWF_ERA5_Reanalysis
2024-05-06,37.5,29.9,32.8,43.8,34.3,38.1,0.0,30.4,59.8,168,23.98,1004.2,ward_02_manali,13.168,80.258,ECMWF_ERA5_Reanalysis
2024-05-07,37.4,29.7,32.3,43.3,34.8,37.4,0.0,23.9,48.2,157,23.3,1006.4,ward_02_manali,13.168,80.258,ECMWF_ERA5_Reanalysis
2024-05-08,33.7,26.7,30.4,39.2,32.1,35.6,1.5,18.8,40.3,138,21.2,1007.0,ward_02_manali,13.168,80.258,ECMWF_ERA5_Reanalysis
2024-05-09,33.5,26.7,30.4,39.3,33.6,36.0,1.2,20.7,45.0,148,21.9,1006.1,ward_02_manali,13.168,80.258,ECMWF_ERA5_Reanalysis
2024-05-10,32.9,27.2,30.1,39.7,33.5,35.5,7.1,19.4,40.0,146,21.01,1006.9,ward_02_manali,13.168,80.258,ECMWF_ERA5_Reanalysis
2024-05-11,34.6,25.5,30.6,40.0,30.8,36.0,0.3,19.9,41.4,163,21.35,1007.8,ward_02_manali,13.168,80.258,ECMWF_ERA5_Reanalysis
2024-05-12,33.3,29.5,31.2,39.6,34.9,36.7,4.3,18.8,36.7,144,19.41,1007.4,ward_02_manali,13.168,80.258,ECMWF_ERA5_Reanalysis
2024-05-13,33.7,25.8,30.2,40.4,30.2,36.0,2.3,15.9,34.6,107,21.47,1006.9,ward_02_manali,13.168,80.258,ECMWF_ERA5_Reanalysis
2024-05-14,33.9,27.5,30.8,39.9,34.9,37.0,2.7,16.1,35.6,136,20.8,1006.7,ward_02_manali,13.168,80.258,ECMWF_ERA5_Reanalysis
2024-05-15,34.2,27.4,30.3,40.6,34.2,36.2,3.1,19.3,37.8,102,20.06,1007.3,ward_02_manali,13.168,80.258,ECMWF_ERA5_Reanalysis
2024-05-16,30.2,26.0,28.4,35.5,31.7,33.9,13.5,15.5,31.3,147,12.98,1008.0,ward_02_manali,13.168,80.258,ECMWF_ERA5_Reanalysis
2024-05-17,31.0,26.5,28.9,36.2,32.5,34.4,0.8,18.8,36.4,159,14.65,1006.5,ward_02_manali,13.168,80.258,ECMWF_ERA5_Reanalysis
2024-05-18,30.7,26.1,28.8,36.0,32.2,34.7,13.5,14.5,28.8,133,14.48,1005.0,ward_02_manali,13.168,80.258,ECMWF_ERA5_Reanalysis
2024-05-19,33.2,26.1,29.2,39.9,31.9,35.4,10.6,17.9,37.1,148,21.02,1003.3,ward_02_manali,13.168,80.258,ECMWF_ERA5_Reanalysis
2024-05-20,31.2,26.5,28.6,36.4,32.4,34.6,10.7,15.9,29.5,143,11.22,1003.2,ward_02_manali,13.168,80.258,ECMWF_ERA5_Reanalysis
2024-05-21,30.7,26.7,28.4,37.4,33.4,34.6,19.2,15.0,31.7,75,13.08,1002.7,ward_02_manali,13.168,80.258,ECMWF_ERA5_Reanalysis
2024-05-22,31.4,25.5,28.5,36.1,30.0,34.3,25.1,18.9,35.6,35,10.32,1001.4,ward_02_manali,13.168,80.258,ECMWF_ERA5_Reanalysis
2024-05-23,33.1,26.4,29.3,41.3,32.7,36.1,23.1,14.0,29.2,150,18.36,1000.4,ward_02_manali,13.168,80.258,ECMWF_ERA5_Reanalysis
2024-05-24,36.7,26.8,31.5,43.8,32.1,37.2,0.0,21.7,40.3,186,18.22,999.1,ward_02_manali,13.168,80.258,ECMWF_ERA5_Reanalysis
2024-05-25,35.7,27.7,30.7,39.6,31.4,35.3,13.2,24.9,50.0,228,12.02,999.1,ward_02_manali,13.168,80.258,ECMWF_ERA5_Reanalysis
2024-05-26,39.2,28.2,32.9,42.8,32.4,36.4,0.4,21.6,39.6,252,17.54,999.4,ward_02_manali,13.168,80.258,ECMWF_ERA5_Reanalysis
2024-05-27,40.9,30.4,35.1,46.8,31.8,37.8,0.0,21.7,41.4,240,24.22,999.4,ward_02_manali,13.168,80.258,ECMWF_ERA5_Reanalysis
2024-05-28,41.1,30.3,34.3,47.1,32.9,37.7,0.0,24.3,46.8,201,23.62,1000.3,ward_02_manali,13.168,80.258,ECMWF_ERA5_Reanalysis
2024-05-29,40.8,30.3,33.9,46.6,32.3,37.5,0.0,25.4,48.2,191,24.44,1000.3,ward_02_manali,13.168,80.258,ECMWF_ERA5_Reanalysis
2024-05-30,39.6,29.9,33.9,46.5,34.9,39.4,0.0,20.4,40.7,172,24.3,1000.8,ward_02_manali,13.168,80.258,ECMWF_ERA5_Reanalysis
2024-05-31,41.9,29.1,34.1,47.6,33.1,38.7,1.9,21.1,41.4,201,23.62,1001.3,ward_02_manali,13.168,80.258,ECMWF_ERA5_Reanalysis
2024-06-01,37.3,27.7,32.9,45.0,31.4,38.8,2.9,26.0,52.6,178,24.3,1002.2,ward_02_manali,13.168,80.258,ECMWF_ERA5_Reanalysis
2024-06-02,33.8,27.2,29.7,41.2,31.1,35.3,18.0,18.1,40.0,144,21.86,1004.6,ward_02_manali,13.168,80.258,ECMWF_ERA5_Reanalysis
2024-06-03,31.1,27.1,29.3,36.9,32.9,35.0,2.5,17.3,37.4,342,10.32,1005.4,ward_02_manali,13.168,80.258,ECMWF_ERA5_Reanalysis
2024-06-04,33.7,26.9,30.2,41.1,32.9,36.4,4.9,13.0,27.7,207,18.64,1005.6,ward_02_manali,13.168,80.258,ECMWF_ERA5_Reanalysis
2024-06-05,32.7,26.4,28.8,40.1,30.9,34.4,35.8,24.4,43.9,194,13.24,1006.2,ward_02_manali,13.168,80.258,ECMWF_ERA5_Reanalysis
2024-06-06,32.4,26.4,27.9,38.6,30.6,33.3,30.1,19.4,34.9,225,12.84,1006.8,ward_02_manali,13.168,80.258,ECMWF_ERA5_Reanalysis
2024-06-07,30.9,26.1,28.2,36.0,31.1,33.3,3.2,15.8,28.8,203,10.72,1005.6,ward_02_manali,13.168,80.258,ECMWF_ERA5_Reanalysis
2024-06-08,33.6,26.7,29.5,39.0,31.2,34.0,1.8,22.3,40.3,196,19.27,1004.6,ward_02_manali,13.168,80.258,ECMWF_ERA5_Reanalysis
2024-06-09,34.8,27.1,30.3,39.2,30.7,34.5,1.4,20.0,37.4,202,20.7,1004.1,ward_02_manali,13.168,80.258,ECMWF_ERA5_Reanalysis
2024-06-10,36.6,27.6,30.4,41.7,31.8,34.8,3.3,24.3,48.6,213,21.63,1004.0,ward_02_manali,13.168,80.258,ECMWF_ERA5_Reanalysis
2024-06-11,36.4,27.5,30.7,40.5,31.2,34.4,9.7,19.5,43.9,238,19.5,1004.1,ward_02_manali,13.168,80.258,ECMWF_ERA5_Reanalysis
2024-06-12,33.7,26.7,30.0,36.3,30.5,33.5,0.3,21.6,45.0,248,14.07,1005.5,ward_02_manali,13.168,80.258,ECMWF_ERA5_Reanalysis
2024-06-13,35.0,27.3,30.6,38.0,30.1,34.1,0.1,19.1,40.7,264,19.29,1005.4,ward_02_manali,13.168,80.258,ECMWF_ERA5_Reanalysis
2024-06-14,35.9,27.7,30.7,39.2,31.2,34.6,0.2,20.1,40.7,254,18.32,1004.2,ward_02_manali,13.168,80.258,ECMWF_ERA5_Reanalysis
2024-06-15,35.7,27.0,30.6,39.1,31.2,34.3,2.1,17.5,31.0,227,16.18,1003.6,ward_02_manali,13.168,80.258,ECMWF_ERA5_Reanalysis
2024-06-16,36.7,26.8,30.8,41.9,32.1,35.4,0.2,17.4,34.2,197,22.16,1004.1,ward_02_manali,13.168,80.258,ECMWF_ERA5_Reanalysis
2024-06-17,36.5,27.7,31.1,41.8,31.1,35.2,0.5,20.1,40.0,201,22.96,1004.3,ward_02_manali,13.168,80.258,ECMWF_ERA5_Reanalysis
2024-06-18,37.4,27.5,31.1,42.0,30.7,35.3,0.8,18.4,39.6,222,23.26,1004.0,ward_02_manali,13.168,80.258,ECMWF_ERA5_Reanalysis
2024-06-19,35.0,25.8,29.3,41.2,29.4,33.6,16.4,24.5,43.9,223,21.01,1003.4,ward_02_manali,13.168,80.258,ECMWF_ERA5_Reanalysis
2024-06-20,35.6,25.8,29.8,40.1,30.0,34.0,3.5,16.6,33.8,228,21.42,1003.3,ward_02_manali,13.168,80.258,ECMWF_ERA5_Reanalysis
2024-06-21,35.7,27.6,30.1,40.2,30.6,33.7,1.8,20.9,42.5,235,22.57,1002.9,ward_02_manali,13.168,80.258,ECMWF_ERA5_Reanalysis
2024-06-22,35.8,27.9,31.1,39.5,30.8,34.6,0.2,18.4,34.2,234,21.6,1001.0,ward_02_manali,13.168,80.258,ECMWF_ERA5_Reanalysis
2024-06-23,36.0,27.6,30.7,41.9,31.3,34.9,1.5,19.9,39.6,201,22.67,1000.8,ward_02_manali,13.168,80.258,ECMWF_ERA5_Reanalysis
2024-06-24,36.2,27.8,30.8,40.2,31.0,34.5,0.0,24.4,45.4,217,21.29,1000.3,ward_02_manali,13.168,80.258,ECMWF_ERA5_Reanalysis
2024-06-25,34.9,27.9,30.9,38.9,31.1,34.1,0.4,20.5,43.2,234,18.18,1000.3,ward_02_manali,13.168,80.258,ECMWF_ERA5_Reanalysis
2024-06-26,36.1,28.9,31.2,38.8,31.8,34.1,2.2,20.9,40.7,239,13.93,1000.4,ward_02_manali,13.168,80.258,ECMWF_ERA5_Reanalysis
2024-06-27,34.6,26.8,31.0,37.0,30.0,33.8,1.8,24.5,46.8,238,14.09,1002.4,ward_02_manali,13.168,80.258,ECMWF_ERA5_Reanalysis
2024-06-28,37.1,28.7,31.5,41.3,31.2,34.7,0.8,22.2,40.7,210,20.64,1003.3,ward_02_manali,13.168,80.258,ECMWF_ERA5_Reanalysis
2024-06-29,37.7,27.7,31.5,42.2,31.1,35.4,0.1,18.4,36.0,205,21.0,1004.1,ward_02_manali,13.168,80.258,ECMWF_ERA5_Reanalysis
2024-06-30,34.6,28.2,30.5,37.8,32.4,35.0,0.0,20.6,37.1,189,12.73,1005.1,ward_02_manali,13.168,80.258,ECMWF_ERA5_Reanalysis
2024-07-01,33.9,26.5,30.0,37.2,31.6,34.3,1.8,20.2,35.3,220,14.55,1005.0,ward_02_manali,13.168,80.258,ECMWF_ERA5_Reanalysis
2024-07-02,35.8,27.7,30.7,38.8,31.0,34.4,0.0,16.8,31.7,214,16.73,1003.5,ward_02_manali,13.168,80.258,ECMWF_ERA5_Reanalysis
2024-07-03,37.2,27.6,31.2,42.1,30.9,35.3,4.3,17.6,31.0,215,23.02,1003.8,ward_02_manali,13.168,80.258,ECMWF_ERA5_Reanalysis
2024-07-04,34.5,26.7,29.8,37.5,30.8,33.6,0.8,14.7,31.7,220,14.48,1005.2,ward_02_manali,13.168,80.258,ECMWF_ERA5_Reanalysis
2024-07-05,35.9,27.3,30.7,40.9,30.4,34.9,0.0,21.3,38.9,202,21.52,1003.6,ward_02_manali,13.168,80.258,ECMWF_ERA5_Reanalysis
2024-07-06,31.9,25.9,28.7,36.4,31.0,33.2,2.4,14.8,31.0,211,12.15,1003.4,ward_02_manali,13.168,80.258,ECMWF_ERA5_Reanalysis
2024-07-07,35.9,26.6,29.7,40.2,30.6,33.8,0.8,17.7,36.0,221,18.29,1003.0,ward_02_manali,13.168,80.258,ECMWF_ERA5_Reanalysis
2024-07-08,32.8,26.4,28.8,35.4,31.2,32.8,9.5,17.0,34.2,225,14.16,1002.7,ward_02_manali,13.168,80.258,ECMWF_ERA5_Reanalysis
2024-07-09,33.7,25.7,28.7,37.0,29.9,33.3,6.4,16.5,31.0,193,15.21,1004.1,ward_02_manali,13.168,80.258,ECMWF_ERA5_Reanalysis
2024-07-10,35.5,26.9,30.1,41.8,31.8,34.6,0.8,17.3,36.0,182,22.77,1005.8,ward_02_manali,13.168,80.258,ECMWF_ERA5_Reanalysis
2024-07-11,32.6,26.2,29.2,36.0,30.9,33.4,0.3,16.4,32.8,233,14.81,1005.4,ward_02_manali,13.168,80.258,ECMWF_ERA5_Reanalysis
2024-07-12,35.5,27.1,30.2,40.6,30.6,34.2,1.3,22.1,42.8,219,19.89,1003.2,ward_02_manali,13.168,80.258,ECMWF_ERA5_Reanalysis
2024-07-13,29.5,25.6,27.8,34.3,29.0,32.1,8.5,16.9,30.6,234,7.81,1002.9,ward_02_manali,13.168,80.258,ECMWF_ERA5_Reanalysis
2024-07-14,28.3,25.4,26.8,33.3,29.3,31.3,10.4,14.8,25.9,229,7.09,1001.9,ward_02_manali,13.168,80.258,ECMWF_ERA5_Reanalysis
2024-07-15,30.0,25.2,27.0,33.6,28.6,30.7,8.0,19.9,37.8,219,9.67,1001.0,ward_02_manali,13.168,80.258,ECMWF_ERA5_Reanalysis
2024-07-16,31.7,25.5,27.4,36.0,28.3,30.9,3.2,21.0,40.0,226,13.48,1001.2,ward_02_manali,13.168,80.258,ECMWF_ERA5_Reanalysis
2024-07-17,31.5,25.9,28.6,35.3,29.1,31.8,0.1,19.4,40.0,231,9.56,1002.2,ward_02_manali,13.168,80.258,ECMWF_ERA5_Reanalysis
2024-07-18,31.8,27.1,29.0,34.7,29.3,31.6,1.1,21.9,42.5,242,10.73,1002.0,ward_02_manali,13.168,80.258,ECMWF_ERA5_Reanalysis
2024-07-19,30.0,26.1,27.8,32.2,29.3,30.5,0.7,22.3,41.8,243,8.61,1001.2,ward_02_manali,13.168,80.258,ECMWF_ERA5_Reanalysis
2024-07-20,32.7,25.9,28.6,35.5,28.5,31.6,0.1,24.4,49.3,243,13.78,1001.9,ward_02_manali,13.168,80.258,ECMWF_ERA5_Reanalysis
2024-07-21,35.7,26.9,30.2,38.0,29.4,33.2,0.8,22.8,46.1,243,17.17,1002.7,ward_02_manali,13.168,80.258,ECMWF_ERA5_Reanalysis
2024-07-22,34.5,27.6,30.9,38.2,29.6,33.3,0.0,25.0,49.0,243,14.62,1004.3,ward_02_manali,13.168,80.258,ECMWF_ERA5_Reanalysis
2024-07-23,36.1,27.2,31.1,38.3,29.4,33.6,0.2,26.3,53.6,243,23.03,1004.9,ward_02_manali,13.168,80.258,ECMWF_ERA5_Reanalysis
2024-07-24,36.6,28.3,31.6,37.6,30.1,33.5,0.1,29.2,55.4,251,21.5,1003.0,ward_02_manali,13.168,80.258,ECMWF_ERA5_Reanalysis
2024-07-25,37.5,27.2,31.4,38.5,30.0,33.1,2.2,31.3,57.6,250,20.06,1001.5,ward_02_manali,13.168,80.258,ECMWF_ERA5_Reanalysis
2024-07-26,36.2,27.5,31.0,38.3,29.4,33.3,3.9,26.3,55.4,257,19.17,1001.7,ward_02_manali,13.168,80.258,ECMWF_ERA5_Reanalysis
2024-07-27,34.4,28.6,31.5,36.2,30.6,33.0,0.1,30.4,55.4,266,19.49,1002.1,ward_02_manali,13.168,80.258,ECMWF_ERA5_Reanalysis
2024-07-28,36.7,27.9,31.5,38.4,28.5,32.8,0.2,24.7,47.2,248,19.6,1000.7,ward_02_manali,13.168,80.258,ECMWF_ERA5_Reanalysis
2024-07-29,36.6,26.6,30.7,39.3,29.5,33.7,2.6,22.7,43.2,242,19.49,1000.6,ward_02_manali,13.168,80.258,ECMWF_ERA5_Reanalysis
2024-07-30,35.4,26.8,30.2,40.0,30.5,34.1,2.7,21.6,41.8,254,21.01,1003.3,ward_02_manali,13.168,80.258,ECMWF_ERA5_Reanalysis
2024-07-31,35.7,27.1,30.1,39.0,30.3,33.8,2.0,18.0,34.9,242,17.87,1004.7,ward_02_manali,13.168,80.258,ECMWF_ERA5_Reanalysis
2024-08-01,35.5,27.9,30.2,37.8,30.7,33.7,4.5,22.3,43.2,252,16.33,1004.4,ward_02_manali,13.168,80.258,ECMWF_ERA5_Reanalysis
2024-08-02,35.0,27.0,29.5,39.2,30.5,33.8,16.6,19.7,38.2,255,18.47,1004.7,ward_02_manali,13.168,80.258,ECMWF_ERA5_Reanalysis
2024-08-03,34.4,26.0,29.3,41.1,30.1,34.5,3.6,18.6,29.5,232,23.14,1005.8,ward_02_manali,13.168,80.258,ECMWF_ERA5_Reanalysis
2024-08-04,35.2,26.6,29.7,41.5,30.7,35.0,0.2,12.3,27.4,235,23.47,1006.0,ward_02_manali,13.168,80.258,ECMWF_ERA5_Reanalysis
2024-08-05,32.0,24.8,28.0,38.5,29.2,33.1,0.4,14.0,29.2,201,18.85,1006.5,ward_02_manali,13.168,80.258,ECMWF_ERA5_Reanalysis
2024-08-06,33.1,25.0,28.3,41.0,28.8,33.5,18.3,20.0,35.3,231,19.41,1005.4,ward_02_manali,13.168,80.258,ECMWF_ERA5_Reanalysis
2024-08-07,32.3,24.8,27.6,37.7,28.8,32.8,11.2,12.7,26.6,245,17.59,1005.7,ward_02_manali,13.168,80.258,ECMWF_ERA5_Reanalysis
2024-08-08,32.0,25.6,27.9,39.8,29.5,33.3,9.0,13.3,27.0,225,22.37,1006.2,ward_02_manali,13.168,80.258,ECMWF_ERA5_Reanalysis
2024-08-09,33.2,24.8,28.1,40.5,28.1,33.5,21.1,20.0,34.6,244,23.94,1006.5,ward_02_manali,13.168,80.258,ECMWF_ERA5_Reanalysis
2024-08-10,32.1,24.6,28.1,39.0,28.6,33.9,8.0,14.8,26.6,245,22.01,1006.5,ward_02_manali,13.168,80.258,ECMWF_ERA5_Reanalysis
2024-08-11,33.5,25.2,28.5,40.8,30.2,34.3,13.0,13.6,25.9,210,23.75,1004.6,ward_02_manali,13.168,80.258,ECMWF_ERA5_Reanalysis
2024-08-12,33.7,24.7,28.5,41.1,29.0,34.1,7.4,14.3,31.0,203,24.4,1004.2,ward_02_manali,13.168,80.258,ECMWF_ERA5_Reanalysis
2024-08-13,32.3,25.7,28.6,40.1,29.8,34.0,0.4,16.1,33.8,193,24.58,1004.9,ward_02_manali,13.168,80.258,ECMWF_ERA5_Reanalysis
2024-08-14,31.0,25.9,28.6,38.0,32.3,34.8,0.9,14.3,31.0,146,23.27,1004.4,ward_02_manali,13.168,80.258,ECMWF_ERA5_Reanalysis
2024-08-15,32.2,26.2,28.8,39.3,31.7,34.4,2.3,18.2,34.6,172,22.38,1003.6,ward_02_manali,13.168,80.258,ECMWF_ERA5_Reanalysis
2024-08-16,32.2,26.9,29.2,38.0,31.9,34.2,0.7,20.1,38.9,177,23.1,1002.9,ward_02_manali,13.168,80.258,ECMWF_ERA5_Reanalysis
2024-08-17,32.6,26.2,29.2,40.2,31.8,34.9,0.2,15.8,32.4,152,24.05,1003.9,ward_02_manali,13.168,80.258,ECMWF_ERA5_Reanalysis
2024-08-18,32.9,26.3,29.3,40.7,31.6,35.1,1.5,13.8,28.1,159,23.77,1004.5,ward_02_manali,13.168,80.258,ECMWF_ERA5_Reanalysis
2024-08-19,33.2,27.2,29.5,40.0,32.4,34.6,1.0,21.0,41.4,180,23.63,1004.0,ward_02_manali,13.168,80.258,ECMWF_ERA5_Reanalysis
2024-08-20,32.3,25.8,28.6,39.4,30.6,33.8,3.8,21.7,40.0,181,22.25,1004.4,ward_02_manali,13.168,80.258,ECMWF_ERA5_Reanalysis
2024-08-21,32.1,26.7,29.1,37.0,30.5,32.9,0.7,23.1,44.3,188,19.25,1005.5,ward_02_manali,13.168,80.258,ECMWF_ERA5_Reanalysis
2024-08-22,33.0,26.7,29.3,38.5,29.7,32.7,0.0,24.4,46.1,195,20.81,1006.3,ward_02_manali,13.168,80.258,ECMWF_ERA5_Reanalysis
2024-08-23,34.2,26.6,29.9,40.4,30.5,34.2,0.0,20.1,36.7,193,22.49,1006.6,ward_02_manali,13.168,80.258,ECMWF_ERA5_Reanalysis
2024-08-24,35.0,27.1,30.5,39.5,30.0,34.3,0.0,20.7,38.5,205,21.59,1006.6,ward_02_manali,13.168,80.258,ECMWF_ERA5_Reanalysis
2024-08-25,35.4,27.4,30.6,38.7,30.5,34.0,0.2,18.9,39.6,219,22.55,1006.0,ward_02_manali,13.168,80.258,ECMWF_ERA5_Reanalysis
2024-08-26,35.7,28.0,30.9,39.1,28.8,33.5,0.5,21.5,43.9,236,23.11,1005.2,ward_02_manali,13.168,80.258,ECMWF_ERA5_Reanalysis
2024-08-27,34.4,26.4,29.6,37.7,30.4,33.5,7.4,14.8,33.1,221,14.63,1006.4,ward_02_manali,13.168,80.258,ECMWF_ERA5_Reanalysis
2024-08-28,29.0,25.7,27.4,33.2,29.9,31.6,3.9,12.6,22.7,228,6.81,1007.0,ward_02_manali,13.168,80.258,ECMWF_ERA5_Reanalysis
2024-08-29,33.9,24.8,27.7,37.4,28.5,31.5,7.1,20.7,37.1,237,10.97,1004.7,ward_02_manali,13.168,80.258,ECMWF_ERA5_Reanalysis
2024-08-30,32.2,25.9,28.1,35.1,29.6,32.2,8.7,20.5,37.8,258,11.42,1004.4,ward_02_manali,13.168,80.258,ECMWF_ERA5_Reanalysis
2024-08-31,31.5,25.6,28.4,34.2,28.9,31.6,0.6,20.6,40.3,260,12.21,1003.9,ward_02_manali,13.168,80.258,ECMWF_ERA5_Reanalysis
2024-09-01,35.0,26.4,29.8,37.8,29.6,33.1,0.2,19.6,41.4,239,20.64,1003.1,ward_02_manali,13.168,80.258,ECMWF_ERA5_Reanalysis
2024-09-02,35.5,26.3,29.8,39.9,29.1,34.0,2.0,15.5,36.7,224,23.16,1003.6,ward_02_manali,13.168,80.258,ECMWF_ERA5_Reanalysis
2024-09-03,33.8,25.3,28.7,39.4,30.5,34.0,6.0,14.2,31.0,207,19.82,1005.4,ward_02_manali,13.168,80.258,ECMWF_ERA5_Reanalysis
2024-09-04,33.7,26.0,28.8,36.2,30.7,33.3,0.0,18.2,36.7,246,12.35,1005.2,ward_02_manali,13.168,80.258,ECMWF_ERA5_Reanalysis
2024-09-05,35.0,27.0,29.8,40.1,31.1,33.9,1.1,17.9,37.4,240,21.12,1003.9,ward_02_manali,13.168,80.258,ECMWF_ERA5_Reanalysis
2024-09-06,33.5,25.2,28.5,37.1,29.9,33.1,15.4,18.3,40.0,265,13.01,1004.5,ward_02_manali,13.168,80.258,ECMWF_ERA5_Reanalysis
2024-09-07,32.4,26.0,29.2,37.1,28.6,33.4,1.4,18.1,35.6,259,12.22,1004.9,ward_02_manali,13.168,80.258,ECMWF_ERA5_Reanalysis
2024-09-08,34.0,27.3,30.1,37.0,30.6,33.3,0.0,21.3,46.4,259,17.38,1005.3,ward_02_manali,13.168,80.258,ECMWF_ERA5_Reanalysis
2024-09-09,34.5,27.4,29.8,36.8,30.8,33.1,0.1,23.8,47.9,234,18.1,1003.3,ward_02_manali,13.168,80.258,ECMWF_ERA5_Reanalysis
2024-09-10,36.3,27.7,30.7,40.1,29.5,34.2,0.3,21.6,45.4,220,21.92,1003.1,ward_02_manali,13.168,80.258,ECMWF_ERA5_Reanalysis
2024-09-11,35.1,27.8,30.2,39.1,29.7,33.8,1.1,23.0,41.0,214,19.75,1004.8,ward_02_manali,13.168,80.258,ECMWF_ERA5_Reanalysis
2024-09-12,36.4,27.4,30.1,40.3,29.9,34.1,0.6,22.3,42.8,225,24.41,1006.1,ward_02_manali,13.168,80.258,ECMWF_ERA5_Reanalysis
2024-09-13,36.6,26.7,30.3,40.6,32.3,34.9,0.3,17.7,36.4,191,21.44,1005.6,ward_02_manali,13.168,80.258,ECMWF_ERA5_Reanalysis
2024-09-14,36.3,26.8,30.6,41.2,32.4,35.2,1.0,19.4,38.9,195,23.17,1004.9,ward_02_manali,13.168,80.258,ECMWF_ERA5_Reanalysis
2024-09-15,36.8,26.6,30.7,41.3,32.0,35.2,4.7,17.9,34.6,230,23.16,1004.7,ward_02_manali,13.168,80.258,ECMWF_ERA5_Reanalysis
2024-09-16,36.0,26.9,30.7,40.3,30.8,34.7,0.7,18.5,36.4,221,23.72,1004.8,ward_02_manali,13.168,80.258,ECMWF_ERA5_Reanalysis
2024-09-17,36.6,27.4,30.9,42.2,30.7,35.0,1.0,15.9,33.1,210,24.11,1004.6,ward_02_manali,13.168,80.258,ECMWF_ERA5_Reanalysis
2024-09-18,34.8,26.3,29.8,40.8,29.5,35.1,2.0,15.8,35.6,95,22.42,1004.1,ward_02_manali,13.168,80.258,ECMWF_ERA5_Reanalysis
2024-09-19,34.3,24.6,29.3,40.7,27.3,34.4,2.8,17.6,37.8,167,23.27,1004.5,ward_02_manali,13.168,80.258,ECMWF_ERA5_Reanalysis
2024-09-20,36.3,26.5,30.7,41.8,31.0,35.2,0.3,14.8,32.8,251,22.77,1004.1,ward_02_manali,13.168,80.258,ECMWF_ERA5_Reanalysis
2024-09-21,31.1,25.7,28.4,35.9,31.1,33.3,4.2,15.7,32.8,314,9.78,1004.8,ward_02_manali,13.168,80.258,ECMWF_ERA5_Reanalysis
2024-09-22,33.7,25.1,28.3,38.8,29.7,33.5,14.6,14.3,33.1,271,14.37,1003.8,ward_02_manali,13.168,80.258,ECMWF_ERA5_Reanalysis
2024-09-23,33.2,24.7,28.4,41.4,28.5,34.0,22.5,14.5,33.8,235,21.37,1003.3,ward_02_manali,13.168,80.258,ECMWF_ERA5_Reanalysis
2024-09-24,33.1,25.7,28.9,39.2,30.7,33.9,27.1,16.2,32.4,234,20.56,1002.5,ward_02_manali,13.168,80.258,ECMWF_ERA5_Reanalysis
2024-09-25,34.2,25.6,28.6,40.8,31.1,34.1,15.1,15.8,33.5,237,20.39,1003.0,ward_02_manali,13.168,80.258,ECMWF_ERA5_Reanalysis
2024-09-26,30.6,26.2,28.2,35.8,32.0,33.6,0.6,15.2,28.8,165,10.42,1004.1,ward_02_manali,13.168,80.258,ECMWF_ERA5_Reanalysis
2024-09-27,31.8,25.5,28.4,39.1,29.4,34.0,9.3,16.2,32.4,184,20.34,1006.5,ward_02_manali,13.168,80.258,ECMWF_ERA5_Reanalysis
2024-09-28,31.2,24.2,27.6,39.3,28.5,33.4,10.4,15.6,30.2,165,22.4,1008.1,ward_02_manali,13.168,80.258,ECMWF_ERA5_Reanalysis
2024-09-29,31.1,24.7,27.7,38.2,29.4,33.1,0.7,16.4,33.8,175,22.18,1009.1,ward_02_manali,13.168,80.258,ECMWF_ERA5_Reanalysis
2024-09-30,30.3,25.2,27.6,37.0,31.0,33.2,0.7,14.2,29.2,169,22.18,1009.0,ward_02_manali,13.168,80.258,ECMWF_ERA5_Reanalysis
2024-10-01,31.8,25.5,28.3,38.1,30.7,33.3,0.6,17.3,34.9,175,22.86,1007.3,ward_02_manali,13.168,80.258,ECMWF_ERA5_Reanalysis
2024-10-02,34.6,25.6,29.6,39.6,29.8,34.3,0.0,18.4,33.8,198,23.84,1006.7,ward_02_manali,13.168,80.258,ECMWF_ERA5_Reanalysis
2024-10-03,34.0,26.5,29.5,42.1,29.8,34.9,2.9,14.7,29.2,224,21.89,1006.3,ward_02_manali,13.168,80.258,ECMWF_ERA5_Reanalysis
2024-10-04,32.7,26.5,29.0,40.2,30.8,34.4,2.7,13.8,28.1,214,20.13,1006.6,ward_02_manali,13.168,80.258,ECMWF_ERA5_Reanalysis
2024-10-05,34.1,25.6,29.0,40.9,29.5,34.3,0.0,14.4,25.2,226,22.33,1006.8,ward_02_manali,13.168,80.258,ECMWF_ERA5_Reanalysis
2024-10-06,32.3,25.2,28.6,39.1,31.4,34.3,0.0,13.5,28.1,84,22.9,1007.5,ward_02_manali,13.168,80.258,ECMWF_ERA5_Reanalysis
2024-10-07,30.0,25.7,27.9,36.1,31.3,33.1,1.7,12.6,27.7,110,18.45,1009.1,ward_02_manali,13.168,80.258,ECMWF_ERA5_Reanalysis
2024-10-08,30.5,24.9,27.8,37.1,30.0,33.1,1.0,13.5,29.5,128,21.1,1009.6,ward_02_manali,13.168,80.258,ECMWF_ERA5_Reanalysis
2024-10-09,30.3,25.3,27.6,36.4,30.3,32.9,2.4,15.1,32.0,124,19.96,1008.0,ward_02_manali,13.168,80.258,ECMWF_ERA5_Reanalysis
2024-10-10,30.0,24.3,27.1,35.8,28.9,32.3,13.0,15.0,32.0,125,17.58,1006.9,ward_02_manali,13.168,80.258,ECMWF_ERA5_Reanalysis
2024-10-11,29.7,24.8,27.4,35.3,29.9,32.6,7.2,14.4,32.4,136,19.0,1006.9,ward_02_manali,13.168,80.258,ECMWF_ERA5_Reanalysis
2024-10-12,29.8,25.0,27.4,35.6,29.9,32.4,3.3,16.3,33.8,109,20.79,1008.0,ward_02_manali,13.168,80.258,ECMWF_ERA5_Reanalysis
2024-10-13,30.0,24.6,27.4,36.5,29.7,32.6,2.8,14.4,30.2,102,20.07,1008.1,ward_02_manali,13.168,80.258,ECMWF_ERA5_Reanalysis
2024-10-14,26.9,24.3,25.6,30.9,28.3,29.7,64.8,21.3,38.5,27,6.2,1007.1,ward_02_manali,13.168,80.258,ECMWF_ERA5_Reanalysis
2024-10-15,28.7,24.6,26.1,32.9,28.8,30.6,56.0,17.5,33.8,57,8.81,1006.8,ward_02_manali,13.168,80.258,ECMWF_ERA5_Reanalysis
2024-10-16,28.5,23.7,25.7,32.8,27.7,30.3,49.3,14.8,30.2,328,10.09,1005.9,ward_02_manali,13.168,80.258,ECMWF_ERA5_Reanalysis
2024-10-17,30.7,23.8,27.2,37.4,29.1,32.7,4.7,12.3,26.3,145,20.7,1006.1,ward_02_manali,13.168,80.258,ECMWF_ERA5_Reanalysis
2024-10-18,29.4,24.4,26.8,35.7,29.8,32.3,6.7,13.5,31.3,125,14.44,1007.3,ward_02_manali,13.168,80.258,ECMWF_ERA5_Reanalysis
2024-10-19,29.6,24.2,26.8,35.6,29.4,32.2,13.8,10.5,24.1,34,16.68,1008.4,ward_02_manali,13.168,80.258,ECMWF_ERA5_Reanalysis
2024-10-20,29.9,24.7,27.1,36.7,29.5,32.5,6.5,12.8,26.6,29,18.5,1009.2,ward_02_manali,13.168,80.258,ECMWF_ERA5_Reanalysis
2024-10-21,30.1,25.3,27.7,37.3,31.0,33.5,1.4,10.2,24.5,105,19.59,1009.4,ward_02_manali,13.168,80.258,ECMWF_ERA5_Reanalysis
2024-10-22,30.5,24.3,27.3,37.1,29.1,32.8,0.6,12.5,26.6,14,19.87,1009.4,ward_02_manali,13.168,80.258,ECMWF_ERA5_Reanalysis
2024-10-23,31.7,24.1,27.5,37.7,28.9,33.0,0.0,12.3,26.6,359,22.03,1008.4,ward_02_manali,13.168,80.258,ECMWF_ERA5_Reanalysis
2024-10-24,31.5,25.2,27.6,35.6,29.6,32.1,0.0,12.9,26.3,250,14.76,1007.9,ward_02_manali,13.168,80.258,ECMWF_ERA5_Reanalysis
2024-10-25,32.9,24.0,27.9,37.9,28.0,32.2,0.0,13.1,22.7,227,20.9,1007.8,ward_02_manali,13.168,80.258,ECMWF_ERA5_Reanalysis
2024-10-26,33.4,24.4,28.3,37.2,27.5,32.2,0.0,13.7,24.1,252,22.04,1007.3,ward_02_manali,13.168,80.258,ECMWF_ERA5_Reanalysis
2024-10-27,32.5,24.3,28.0,38.0,28.7,32.7,1.0,10.8,24.1,251,20.84,1006.7,ward_02_manali,13.168,80.258,ECMWF_ERA5_Reanalysis
2024-10-28,32.2,24.3,27.7,38.4,27.4,32.3,0.8,13.0,22.3,205,20.88,1006.3,ward_02_manali,13.168,80.258,ECMWF_ERA5_Reanalysis
2024-10-29,32.4,25.0,28.3,39.6,30.2,33.9,1.2,12.3,27.0,178,20.97,1007.3,ward_02_manali,13.168,80.258,ECMWF_ERA5_Reanalysis
2024-10-30,31.7,25.3,27.7,38.7,29.9,33.3,3.1,13.7,27.0,197,19.39,1008.5,ward_02_manali,13.168,80.258,ECMWF_ERA5_Reanalysis
2024-10-31,30.3,25.1,27.3,36.7,30.7,32.9,0.4,14.2,32.0,122,18.99,1009.7,ward_02_manali,13.168,80.258,ECMWF_ERA5_Reanalysis
2024-11-01,29.2,24.6,26.7,36.6,29.9,32.2,5.1,11.9,27.4,72,17.9,1010.8,ward_02_manali,13.168,80.258,ECMWF_ERA5_Reanalysis
2024-11-02,29.2,24.4,26.7,35.9,30.1,32.2,4.3,9.7,27.0,71,18.62,1011.2,ward_02_manali,13.168,80.258,ECMWF_ERA5_Reanalysis
2024-11-03,29.9,23.8,26.6,35.2,28.4,31.3,3.4,16.6,33.5,46,19.16,1011.0,ward_02_manali,13.168,80.258,ECMWF_ERA5_Reanalysis
2024-11-04,30.3,23.4,26.9,35.9,28.1,31.4,1.4,14.3,28.8,39,20.52,1010.2,ward_02_manali,13.168,80.258,ECMWF_ERA5_Reanalysis
2024-11-05,30.7,23.6,27.2,33.6,27.4,30.6,0.2,18.3,36.7,8,20.7,1010.2,ward_02_manali,13.168,80.258,ECMWF_ERA5_Reanalysis
2024-11-06,28.8,24.4,25.9,32.7,27.6,29.7,5.3,18.8,37.4,9,15.13,1010.4,ward_02_manali,13.168,80.258,ECMWF_ERA5_Reanalysis
2024-11-07,29.7,23.9,26.8,34.6,27.6,30.8,2.2,20.7,42.5,17,17.86,1010.1,ward_02_manali,13.168,80.258,ECMWF_ERA5_Reanalysis
2024-11-08,30.5,25.8,28.0,35.0,29.8,31.8,0.7,19.5,38.5,35,20.01,1010.0,ward_02_manali,13.168,80.258,ECMWF_ERA5_Reanalysis
2024-11-09,30.5,24.5,27.4,33.6,28.7,30.8,2.1,21.2,41.8,27,19.03,1010.3,ward_02_manali,13.168,80.258,ECMWF_ERA5_Reanalysis
2024-11-10,30.3,23.9,27.1,32.7,28.0,30.3,0.8,22.5,43.9,15,19.65,1010.1,ward_02_manali,13.168,80.258,ECMWF_ERA5_Reanalysis
2024-11-11,30.0,23.9,26.6,32.2,27.3,29.7,4.4,26.5,50.0,359,17.68,1008.9,ward_02_manali,13.168,80.258,ECMWF_ERA5_Reanalysis
2024-11-12,27.3,24.0,25.3,32.0,28.5,30.1,47.3,12.7,24.5,23,4.74,1008.5,ward_02_manali,13.168,80.258,ECMWF_ERA5_Reanalysis
2024-11-13,26.9,23.8,25.4,31.6,28.5,30.3,34.0,13.2,26.6,40,5.21,1008.4,ward_02_manali,13.168,80.258,ECMWF_ERA5_Reanalysis
2024-11-14,29.3,23.8,25.8,35.0,27.0,30.7,12.1,16.2,36.0,37,14.69,1009.7,ward_02_manali,13.168,80.258,ECMWF_ERA5_Reanalysis
2024-11-15,28.1,24.0,25.9,33.2,28.6,30.7,15.5,14.4,32.4,31,13.62,1010.4,ward_02_manali,13.168,80.258,ECMWF_ERA5_Reanalysis
2024-11-16,27.7,23.9,26.0,32.8,28.4,31.0,13.4,14.2,35.3,54,15.69,1009.9,ward_02_manali,13.168,80.258,ECMWF_ERA5_Reanalysis
2024-11-17,29.8,23.7,27.0,33.9,28.3,30.9,1.9,20.5,43.6,44,20.0,1009.7,ward_02_manali,13.168,80.258,ECMWF_ERA5_Reanalysis
2024-11-18,29.5,25.4,27.3,32.6,29.0,30.3,0.0,19.9,42.5,45,20.34,1010.4,ward_02_manali,13.168,80.258,ECMWF_ERA5_Reanalysis
2024-11-19,28.9,25.0,26.9,31.9,27.9,29.4,1.1,20.3,45.4,31,19.16,1011.1,ward_02_manali,13.168,80.258,ECMWF_ERA5_Reanalysis
2024-11-20,29.2,24.7,26.7,32.2,27.7,29.2,0.0,17.8,38.5,37,20.12,1011.0,ward_02_manali,13.168,80.258,ECMWF_ERA5_Reanalysis
2024-11-21,29.3,24.8,26.6,32.2,27.2,28.8,0.0,17.8,38.5,34,18.96,1010.7,ward_02_manali,13.168,80.258,ECMWF_ERA5_Reanalysis
2024-11-22,29.4,22.5,26.1,31.9,24.7,28.7,0.0,18.9,40.3,20,19.33,1010.5,ward_02_manali,13.168,80.258,ECMWF_ERA5_Reanalysis
2024-11-23,29.2,23.1,26.3,32.4,25.9,29.6,1.5,18.4,39.2,21,16.76,1011.1,ward_02_manali,13.168,80.258,ECMWF_ERA5_Reanalysis
2024-11-24,29.7,25.3,26.9,32.8,28.7,30.0,0.2,19.1,40.3,29,15.21,1011.0,ward_02_manali,13.168,80.258,ECMWF_ERA5_Reanalysis
2024-11-25,29.6,24.1,26.4,31.3,27.3,28.9,0.8,24.1,50.4,17,18.27,1010.0,ward_02_manali,13.168,80.258,ECMWF_ERA5_Reanalysis
2024-11-26,26.8,23.3,24.9,30.7,26.6,28.4,21.4,18.9,37.4,19,7.72,1008.6,ward_02_manali,13.168,80.258,ECMWF_ERA5_Reanalysis
2024-11-27,27.9,24.5,26.5,28.5,26.8,27.6,1.7,28.3,59.4,19,8.11,1007.4,ward_02_manali,13.168,80.258,ECMWF_ERA5_Reanalysis
2024-11-28,26.8,24.0,25.3,27.9,25.0,26.6,20.8,30.1,66.6,355,6.6,1006.4,ward_02_manali,13.168,80.258,ECMWF_ERA5_Reanalysis
2024-11-29,25.2,22.8,24.1,28.3,24.6,26.5,24.5,24.0,44.3,349,6.55,1005.7,ward_02_manali,13.168,80.258,ECMWF_ERA5_Reanalysis
2024-11-30,26.4,23.9,25.1,27.6,24.5,26.5,161.9,46.6,88.9,19,0.65,1001.2,ward_02_manali,13.168,80.258,ECMWF_ERA5_Reanalysis
2024-12-01,27.5,24.7,25.9,30.6,27.6,28.9,24.0,28.6,56.2,90,7.71,1001.7,ward_02_manali,13.168,80.258,ECMWF_ERA5_Reanalysis
2024-12-02,29.2,24.9,26.7,33.0,28.4,30.7,13.2,21.8,45.0,136,16.71,1004.8,ward_02_manali,13.168,80.258,ECMWF_ERA5_Reanalysis
2024-12-03,29.6,24.5,26.9,35.5,28.7,31.9,3.8,14.6,31.7,127,18.18,1008.4,ward_02_manali,13.168,80.258,ECMWF_ERA5_Reanalysis
2024-12-04,29.2,24.5,26.7,34.7,29.6,32.0,5.8,11.7,27.4,53,16.14,1009.6,ward_02_manali,13.168,80.258,ECMWF_ERA5_Reanalysis
2024-12-05,29.4,23.7,25.9,35.2,28.1,31.0,1.5,12.3,27.4,12,16.73,1010.4,ward_02_manali,13.168,80.258,ECMWF_ERA5_Reanalysis
2024-12-06,28.3,24.1,26.0,33.9,29.2,31.3,1.5,12.5,28.1,35,15.67,1010.3,ward_02_manali,13.168,80.258,ECMWF_ERA5_Reanalysis
2024-12-07,29.5,23.8,26.4,34.9,28.9,31.3,0.2,11.8,27.4,76,19.03,1010.1,ward_02_manali,13.168,80.258,ECMWF_ERA5_Reanalysis
2024-12-08,29.5,22.7,26.5,34.5,27.4,31.2,0.0,11.0,26.3,86,18.95,1010.1,ward_02_manali,13.168,80.258,ECMWF_ERA5_Reanalysis
2024-12-09,29.4,23.3,26.4,34.3,28.3,31.1,0.7,13.1,28.8,34,17.96,1009.8,ward_02_manali,13.168,80.258,ECMWF_ERA5_Reanalysis
2024-12-10,29.3,24.3,26.7,32.3,28.7,30.4,0.1,19.1,40.3,19,16.72,1009.6,ward_02_manali,13.168,80.258,ECMWF_ERA5_Reanalysis
2024-12-11,27.1,24.0,25.5,30.1,27.6,28.8,13.5,23.8,45.4,27,5.38,1009.6,ward_02_manali,13.168,80.258,ECMWF_ERA5_Reanalysis
2024-12-12,26.0,23.4,24.8,29.5,27.8,28.5,52.3,18.6,34.6,55,5.67,1009.5,ward_02_manali,13.168,80.258,ECMWF_ERA5_Reanalysis
2024-12-13,28.3,25.1,26.3,31.2,27.3,28.9,1.6,20.9,43.6,47,16.44,1010.3,ward_02_manali,13.168,80.258,ECMWF_ERA5_Reanalysis
2024-12-14,28.7,24.3,26.2,30.4,26.5,28.1,0.0,19.5,42.8,34,16.53,1011.8,ward_02_manali,13.168,80.258,ECMWF_ERA5_Reanalysis
2024-12-15,27.8,24.1,25.7,28.9,25.9,26.9,0.1,23.4,50.4,29,17.44,1012.5,ward_02_manali,13.168,80.258,ECMWF_ERA5_Reanalysis
2024-12-16,27.3,22.3,24.8,28.6,24.5,26.0,0.0,21.4,44.3,12,18.29,1011.4,ward_02_manali,13.168,80.258,ECMWF_ERA5_Reanalysis
2024-12-17,26.5,22.1,24.1,27.8,23.3,25.3,7.2,24.5,49.3,345,6.31,1009.4,ward_02_manali,13.168,80.258,ECMWF_ERA5_Reanalysis
2024-12-18,26.5,21.9,23.9,29.8,23.6,26.7,32.5,22.1,42.8,353,7.0,1008.3,ward_02_manali,13.168,80.258,ECMWF_ERA5_Reanalysis
2024-12-19,27.5,23.3,25.2,31.2,26.4,28.9,5.7,17.9,36.7,353,9.57,1007.7,ward_02_manali,13.168,80.258,ECMWF_ERA5_Reanalysis
2024-12-20,29.0,24.1,25.9,33.0,27.6,29.7,16.2,20.7,41.4,341,13.82,1007.4,ward_02_manali,13.168,80.258,ECMWF_ERA5_Reanalysis
2024-12-21,28.9,24.0,26.0,33.6,28.2,30.2,1.7,16.8,36.0,355,16.5,1008.4,ward_02_manali,13.168,80.258,ECMWF_ERA5_Reanalysis
2024-12-22,28.7,23.9,25.8,32.4,27.7,29.5,0.1,17.7,37.8,12,17.94,1009.7,ward_02_manali,13.168,80.258,ECMWF_ERA5_Reanalysis
2024-12-23,28.9,22.8,25.8,31.7,26.5,28.9,0.0,21.9,44.3,358,16.74,1009.5,ward_02_manali,13.168,80.258,ECMWF_ERA5_Reanalysis
2024-12-24,28.2,23.5,25.2,31.5,24.9,27.9,4.9,19.8,42.8,344,12.29,1009.1,ward_02_manali,13.168,80.258,ECMWF_ERA5_Reanalysis
2024-12-25,27.8,23.1,24.8,30.9,24.7,27.4,3.7,20.8,44.3,342,9.78,1010.0,ward_02_manali,13.168,80.258,ECMWF_ERA5_Reanalysis
2024-12-26,28.8,24.3,26.2,32.9,27.9,30.0,10.0,19.8,43.9,79,16.22,1012.2,ward_02_manali,13.168,80.258,ECMWF_ERA5_Reanalysis
2024-12-27,28.8,23.4,26.2,31.0,27.0,29.3,6.2,23.7,48.6,62,18.03,1014.1,ward_02_manali,13.168,80.258,ECMWF_ERA5_Reanalysis
2024-12-28,28.8,24.6,26.5,32.4,28.0,29.9,0.1,15.8,34.9,46,18.53,1013.7,ward_02_manali,13.168,80.258,ECMWF_ERA5_Reanalysis
2024-12-29,28.3,24.1,26.0,30.7,27.9,28.8,0.8,20.9,41.8,32,15.72,1013.5,ward_02_manali,13.168,80.258,ECMWF_ERA5_Reanalysis
2024-12-30,28.4,23.6,25.8,31.5,27.1,29.2,2.2,21.4,44.3,29,17.41,1013.4,ward_02_manali,13.168,80.258,ECMWF_ERA5_Reanalysis
2024-12-31,28.6,24.2,26.1,31.6,27.8,29.2,0.1,19.2,41.0,32,18.03,1013.6,ward_02_manali,13.168,80.258,ECMWF_ERA5_Reanalysis
