time,temperature_2m_max,temperature_2m_min,temperature_2m_mean,apparent_temperature_max,apparent_temperature_min,apparent_temperature_mean,precipitation_sum,wind_speed_10m_max,wind_gusts_10m_max,wind_direction_10m_dominant,shortwave_radiation_sum,surface_pressure_mean,location_id,latitude,longitude,data_source
2014-01-01,29.6,21.8,25.0,29.1,23.6,25.8,0.0,20.5,42.1,41,10.67,1004.4,loc_tiruchirappalli,10.7905,78.7047,ECMWF_ERA5_Reanalysis
2014-01-02,29.0,20.3,24.6,28.3,21.7,25.1,0.0,19.9,47.2,41,12.75,1004.7,loc_tiruchirappalli,10.7905,78.7047,ECMWF_ERA5_Reanalysis
2014-01-03,29.9,21.4,25.4,29.9,21.8,26.0,0.0,19.7,43.6,35,12.09,1004.7,loc_tiruchirappalli,10.7905,78.7047,ECMWF_ERA5_Reanalysis
2014-01-04,26.9,21.7,23.9,26.5,22.9,24.8,0.3,17.4,36.0,31,7.13,1003.8,loc_tiruchirappalli,10.7905,78.7047,ECMWF_ERA5_Reanalysis
2014-01-05,31.4,20.3,25.5,31.5,21.7,26.2,0.4,17.4,37.8,32,15.82,1002.2,loc_tiruchirappalli,10.7905,78.7047,ECMWF_ERA5_Reanalysis
2014-01-06,29.7,22.2,25.7,30.1,23.9,27.0,0.6,17.8,37.8,43,10.27,1001.8,loc_tiruchirappalli,10.7905,78.7047,ECMWF_ERA5_Reanalysis
2014-01-07,30.2,22.8,25.5,30.1,24.0,26.4,0.6,19.9,40.3,40,8.73,1002.6,loc_tiruchirappalli,10.7905,78.7047,ECMWF_ERA5_Reanalysis
2014-01-08,28.4,21.8,24.9,28.9,23.3,25.9,1.8,19.9,41.8,42,6.69,1004.1,loc_tiruchirappalli,10.7905,78.7047,ECMWF_ERA5_Reanalysis
2014-01-09,30.0,23.0,25.9,30.5,24.1,27.0,0.0,19.9,39.6,48,10.58,1003.9,loc_tiruchirappalli,10.7905,78.7047,ECMWF_ERA5_Reanalysis
2014-01-10,31.9,20.6,25.6,33.1,22.9,26.9,0.0,14.8,33.1,56,19.5,1004.0,loc_tiruchirappalli,10.7905,78.7047,ECMWF_ERA5_Reanalysis
2014-01-11,31.7,19.8,25.2,32.8,21.9,26.5,0.0,14.8,30.2,57,21.03,1004.7,loc_tiruchirappalli,10.7905,78.7047,ECMWF_ERA5_Reanalysis
2014-01-12,32.5,19.2,25.5,33.6,20.9,26.7,0.0,13.7,30.2,51,21.39,1005.3,loc_tiruchirappalli,10.7905,78.7047,ECMWF_ERA5_Reanalysis
2014-01-13,26.8,20.9,22.4,27.3,21.9,24.3,20.0,16.3,35.6,38,4.78,1005.2,loc_tiruchirappalli,10.7905,78.7047,ECMWF_ERA5_Reanalysis
2014-01-14,29.1,21.5,24.5,29.8,23.6,26.0,0.4,15.8,32.8,46,9.27,1004.6,loc_tiruchirappalli,10.7905,78.7047,ECMWF_ERA5_Reanalysis
2014-01-15,29.5,20.9,24.8,31.0,22.9,26.4,0.0,14.9,31.7,60,12.0,1005.3,loc_tiruchirappalli,10.7905,78.7047,ECMWF_ERA5_Reanalysis
2014-01-16,31.1,20.6,25.4,33.1,22.8,27.3,0.0,14.4,30.2,63,18.68,1005.9,loc_tiruchirappalli,10.7905,78.7047,ECMWF_ERA5_Reanalysis
2014-01-17,29.0,21.5,24.8,29.6,23.9,26.4,0.0,15.3,34.9,52,11.7,1005.5,loc_tiruchirappalli,10.7905,78.7047,ECMWF_ERA5_Reanalysis
2014-01-18,30.5,20.3,24.8,31.5,22.2,25.9,0.0,16.0,36.0,53,19.56,1005.3,loc_tiruchirappalli,10.7905,78.7047,ECMWF_ERA5_Reanalysis
2014-01-19,29.2,19.5,24.3,30.4,21.0,25.8,0.5,16.4,39.6,48,15.97,1006.8,loc_tiruchirappalli,10.7905,78.7047,ECMWF_ERA5_Reanalysis
2014-01-20,29.5,21.5,24.8,29.7,23.8,26.2,0.2,19.1,40.7,50,14.31,1007.1,loc_tiruchirappalli,10.7905,78.7047,ECMWF_ERA5_Reanalysis
2014-01-21,30.8,19.7,24.7,30.7,21.4,25.6,0.0,16.8,36.4,48,17.34,1006.4,loc_tiruchirappalli,10.7905,78.7047,ECMWF_ERA5_Reanalysis
2014-01-22,29.6,21.1,24.9,29.9,22.5,25.8,0.0,15.5,38.2,47,13.42,1005.5,loc_tiruchirappalli,10.7905,78.7047,ECMWF_ERA5_Reanalysis
2014-01-23,30.8,19.4,24.7,32.1,20.4,25.8,0.0,15.9,34.2,54,18.13,1005.6,loc_tiruchirappalli,10.7905,78.7047,ECMWF_ERA5_Reanalysis
2014-01-24,31.3,21.7,25.5,32.2,23.9,26.9,0.0,16.6,33.1,57,14.8,1004.0,loc_tiruchirappalli,10.7905,78.7047,ECMWF_ERA5_Reanalysis
2014-01-25,30.7,21.6,25.3,30.1,23.5,25.9,0.0,16.8,34.9,51,16.58,1003.8,loc_tiruchirappalli,10.7905,78.7047,ECMWF_ERA5_Reanalysis
2014-01-26,29.4,19.9,24.6,28.4,21.2,24.9,0.0,20.0,42.1,46,14.48,1004.2,loc_tiruchirappalli,10.7905,78.7047,ECMWF_ERA5_Reanalysis
2014-01-27,29.7,21.0,24.8,29.0,22.2,25.1,0.1,19.6,39.6,44,12.93,1004.2,loc_tiruchirappalli,10.7905,78.7047,ECMWF_ERA5_Reanalysis
2014-01-28,32.5,20.8,25.7,33.1,21.5,26.1,0.0,17.7,37.1,39,22.41,1004.0,loc_tiruchirappalli,10.7905,78.7047,ECMWF_ERA5_Reanalysis
2014-01-29,32.7,20.2,25.7,32.8,21.3,26.0,0.0,17.3,37.1,40,23.0,1004.2,loc_tiruchirappalli,10.7905,78.7047,ECMWF_ERA5_Reanalysis
2014-01-30,33.0,20.3,25.9,31.7,21.2,25.7,0.0,17.2,36.7,40,23.32,1004.6,loc_tiruchirappalli,10.7905,78.7047,ECMWF_ERA5_Reanalysis
2014-01-31,32.7,20.2,25.9,33.0,21.2,26.5,0.0,17.3,33.1,47,22.96,1004.4,loc_tiruchirappalli,10.7905,78.7047,ECMWF_ERA5_Reanalysis
2014-02-01,31.5,22.6,26.1,31.8,24.8,27.3,0.1,17.2,36.4,48,13.7,1004.1,loc_tiruchirappalli,10.7905,78.7047,ECMWF_ERA5_Reanalysis
2014-02-02,31.4,22.1,26.2,31.1,24.4,27.1,0.0,17.9,39.2,51,14.46,1003.6,loc_tiruchirappalli,10.7905,78.7047,ECMWF_ERA5_Reanalysis
2014-02-03,33.1,20.2,25.9,33.5,22.0,26.5,0.0,13.7,31.3,56,22.57,1002.4,loc_tiruchirappalli,10.7905,78.7047,ECMWF_ERA5_Reanalysis
2014-02-04,33.5,18.6,25.6,34.0,20.3,26.5,0.0,13.9,28.4,59,23.54,1000.9,loc_tiruchirappalli,10.7905,78.7047,ECMWF_ERA5_Reanalysis
2014-02-05,34.8,18.1,25.8,33.7,19.7,25.8,0.0,14.4,33.1,55,24.34,1000.5,loc_tiruchirappalli,10.7905,78.7047,ECMWF_ERA5_Reanalysis
2014-02-06,33.9,17.3,25.0,33.4,18.3,25.3,0.0,14.8,31.7,65,24.02,1001.1,loc_tiruchirappalli,10.7905,78.7047,ECMWF_ERA5_Reanalysis
2014-02-07,33.8,18.0,25.3,33.2,19.4,25.4,0.0,16.1,33.8,59,24.46,1001.4,loc_tiruchirappalli,10.7905,78.7047,ECMWF_ERA5_Reanalysis
2014-02-08,33.9,18.1,25.3,33.2,19.8,25.8,0.0,14.1,30.2,66,24.29,1001.1,loc_tiruchirappalli,10.7905,78.7047,ECMWF_ERA5_Reanalysis
2014-02-09,33.9,18.4,25.4,34.3,20.0,26.3,0.0,14.0,27.0,87,24.39,1000.3,loc_tiruchirappalli,10.7905,78.7047,ECMWF_ERA5_Reanalysis
2014-02-10,34.9,19.4,26.4,34.9,21.0,27.1,0.0,17.2,32.8,85,24.54,1000.2,loc_tiruchirappalli,10.7905,78.7047,ECMWF_ERA5_Reanalysis
2014-02-11,34.0,21.0,26.5,35.5,23.5,27.9,0.0,16.7,32.0,90,22.55,999.7,loc_tiruchirappalli,10.7905,78.7047,ECMWF_ERA5_Reanalysis
2014-02-12,33.5,20.3,26.6,35.6,22.7,28.1,0.0,18.6,38.9,85,21.47,999.9,loc_tiruchirappalli,10.7905,78.7047,ECMWF_ERA5_Reanalysis
2014-02-13,34.4,20.7,27.3,36.0,22.6,28.7,0.0,19.3,40.7,78,23.3,1001.7,loc_tiruchirappalli,10.7905,78.7047,ECMWF_ERA5_Reanalysis
2014-02-14,32.9,21.8,27.1,34.3,24.3,28.7,0.0,16.1,31.7,75,16.16,1002.2,loc_tiruchirappalli,10.7905,78.7047,ECMWF_ERA5_Reanalysis
2014-02-15,32.8,22.2,27.6,34.8,25.0,29.8,0.0,14.8,27.4,115,13.47,1000.6,loc_tiruchirappalli,10.7905,78.7047,ECMWF_ERA5_Reanalysis
2014-02-16,33.8,23.6,27.8,37.8,27.3,31.3,1.2,12.6,29.5,133,17.92,1000.6,loc_tiruchirappalli,10.7905,78.7047,ECMWF_ERA5_Reanalysis
2014-02-17,33.4,24.0,28.1,37.0,28.7,31.7,0.2,18.3,33.5,85,18.43,1002.1,loc_tiruchirappalli,10.7905,78.7047,ECMWF_ERA5_Reanalysis
2014-02-18,31.6,24.5,27.3,32.9,27.4,29.5,0.7,16.1,36.4,56,14.87,1004.3,loc_tiruchirappalli,10.7905,78.7047,ECMWF_ERA5_Reanalysis
2014-02-19,34.3,23.5,27.5,36.4,26.5,29.3,0.0,18.5,38.2,56,18.14,1003.6,loc_tiruchirappalli,10.7905,78.7047,ECMWF_ERA5_Reanalysis
2014-02-20,30.5,23.5,26.7,31.7,26.1,28.4,0.1,14.9,29.2,57,12.7,1003.6,loc_tiruchirappalli,10.7905,78.7047,ECMWF_ERA5_Reanalysis
2014-02-21,33.8,21.4,27.3,35.8,23.6,28.8,0.0,20.9,38.2,59,20.56,1003.9,loc_tiruchirappalli,10.7905,78.7047,ECMWF_ERA5_Reanalysis
2014-02-22,34.9,23.4,27.7,36.3,24.8,29.1,0.0,18.6,36.7,53,23.17,1003.9,loc_tiruchirappalli,10.7905,78.7047,ECMWF_ERA5_Reanalysis
2014-02-23,34.1,20.6,26.7,34.2,22.4,27.4,0.0,16.7,31.3,55,24.34,1003.9,loc_tiruchirappalli,10.7905,78.7047,ECMWF_ERA5_Reanalysis
2014-02-24,30.1,22.1,25.5,32.2,24.4,27.8,1.5,15.2,37.4,52,10.94,1004.4,loc_tiruchirappalli,10.7905,78.7047,ECMWF_ERA5_Reanalysis
2014-02-25,33.8,23.2,27.5,36.0,26.1,29.5,0.0,17.1,36.4,62,21.09,1004.4,loc_tiruchirappalli,10.7905,78.7047,ECMWF_ERA5_Reanalysis
2014-02-26,34.9,21.9,27.5,35.6,24.8,28.9,0.0,14.8,31.0,65,24.35,1003.9,loc_tiruchirappalli,10.7905,78.7047,ECMWF_ERA5_Reanalysis
2014-02-27,33.6,20.4,26.8,36.3,23.1,28.8,0.0,14.7,29.5,80,18.6,1003.7,loc_tiruchirappalli,10.7905,78.7047,ECMWF_ERA5_Reanalysis
2014-02-28,34.5,22.5,28.0,36.5,25.8,30.2,0.0,17.8,34.2,72,19.03,1002.8,loc_tiruchirappalli,10.7905,78.7047,ECMWF_ERA5_Reanalysis
2014-03-01,32.4,24.3,27.6,33.9,27.2,29.9,0.1,14.1,28.1,69,13.54,1002.5,loc_tiruchirappalli,10.7905,78.7047,ECMWF_ERA5_Reanalysis
2014-03-02,33.9,23.3,28.2,36.6,25.9,30.4,0.0,16.3,31.7,71,20.25,1002.1,loc_tiruchirappalli,10.7905,78.7047,ECMWF_ERA5_Reanalysis
2014-03-03,32.1,24.1,27.7,34.9,27.4,30.3,0.3,16.9,29.5,85,17.65,1002.2,loc_tiruchirappalli,10.7905,78.7047,ECMWF_ERA5_Reanalysis
2014-03-04,34.0,23.6,28.0,36.4,27.1,30.5,0.2,16.8,34.6,83,19.32,1003.0,loc_tiruchirappalli,10.7905,78.7047,ECMWF_ERA5_Reanalysis
2014-03-05,33.8,24.0,28.1,36.7,26.7,30.4,0.3,16.6,33.1,70,20.24,1003.1,loc_tiruchirappalli,10.7905,78.7047,ECMWF_ERA5_Reanalysis
2014-03-06,35.1,23.9,28.4,37.6,26.6,30.6,0.2,16.6,35.3,69,19.85,1002.7,loc_tiruchirappalli,10.7905,78.7047,ECMWF_ERA5_Reanalysis
2014-03-07,34.6,24.6,28.5,35.6,26.9,29.9,0.0,19.1,37.1,63,21.32,1003.6,loc_tiruchirappalli,10.7905,78.7047,ECMWF_ERA5_Reanalysis
2014-03-08,35.7,22.5,28.3,37.2,24.9,29.8,0.0,18.4,38.5,60,24.35,1004.1,loc_tiruchirappalli,10.7905,78.7047,ECMWF_ERA5_Reanalysis
2014-03-09,34.9,23.0,28.1,35.1,25.1,28.9,0.0,18.6,38.9,58,21.27,1004.0,loc_tiruchirappalli,10.7905,78.7047,ECMWF_ERA5_Reanalysis
2014-03-10,35.1,22.8,28.5,36.3,25.4,29.9,0.0,19.2,38.9,67,23.14,1003.6,loc_tiruchirappalli,10.7905,78.7047,ECMWF_ERA5_Reanalysis
2014-03-11,34.6,23.5,28.1,35.7,26.2,29.5,0.0,17.1,37.4,67,21.61,1003.7,loc_tiruchirappalli,10.7905,78.7047,ECMWF_ERA5_Reanalysis
2014-03-12,35.6,22.4,28.0,36.1,25.0,29.0,0.0,15.1,34.9,68,24.83,1004.3,loc_tiruchirappalli,10.7905,78.7047,ECMWF_ERA5_Reanalysis
2014-03-13,35.0,19.4,27.0,35.6,21.7,28.0,0.0,16.8,36.7,64,25.41,1003.5,loc_tiruchirappalli,10.7905,78.7047,ECMWF_ERA5_Reanalysis
2014-03-14,36.3,19.7,27.6,36.7,21.4,28.3,0.0,17.4,37.4,65,26.52,1003.5,loc_tiruchirappalli,10.7905,78.7047,ECMWF_ERA5_Reanalysis
2014-03-15,36.0,19.3,27.5,36.1,21.3,28.2,0.0,16.9,37.4,65,26.41,1004.6,loc_tiruchirappalli,10.7905,78.7047,ECMWF_ERA5_Reanalysis
2014-03-16,36.8,20.3,28.1,36.7,23.0,28.9,0.0,17.8,40.3,59,26.42,1005.1,loc_tiruchirappalli,10.7905,78.7047,ECMWF_ERA5_Reanalysis
2014-03-17,37.2,20.7,28.4,37.9,23.2,29.6,0.0,19.2,38.2,66,25.42,1004.3,loc_tiruchirappalli,10.7905,78.7047,ECMWF_ERA5_Reanalysis
2014-03-18,38.3,21.9,29.4,39.2,25.1,31.1,0.0,19.1,39.6,70,24.75,1003.6,loc_tiruchirappalli,10.7905,78.7047,ECMWF_ERA5_Reanalysis
2014-03-19,36.6,23.4,29.7,39.7,26.9,32.2,0.2,15.8,31.3,93,21.15,1003.1,loc_tiruchirappalli,10.7905,78.7047,ECMWF_ERA5_Reanalysis
2014-03-20,38.2,24.9,31.0,41.1,29.6,34.3,0.0,16.3,32.0,103,22.57,1001.6,loc_tiruchirappalli,10.7905,78.7047,ECMWF_ERA5_Reanalysis
2014-03-21,39.4,26.2,31.7,41.9,31.6,35.0,0.0,18.3,36.0,125,24.89,1000.2,loc_tiruchirappalli,10.7905,78.7047,ECMWF_ERA5_Reanalysis
2014-03-22,39.6,25.5,31.6,41.7,30.1,34.3,0.0,18.5,38.2,131,24.62,998.9,loc_tiruchirappalli,10.7905,78.7047,ECMWF_ERA5_Reanalysis
2014-03-23,39.7,25.4,31.2,40.7,28.6,33.3,0.0,18.6,37.8,121,24.88,1000.0,loc_tiruchirappalli,10.7905,78.7047,ECMWF_ERA5_Reanalysis
2014-03-24,38.3,23.1,29.7,39.3,26.7,32.0,0.0,16.8,32.8,104,25.57,1001.6,loc_tiruchirappalli,10.7905,78.7047,ECMWF_ERA5_Reanalysis
2014-03-25,38.6,23.2,29.9,39.4,26.9,32.1,0.0,15.2,34.2,92,25.51,1001.2,loc_tiruchirappalli,10.7905,78.7047,ECMWF_ERA5_Reanalysis
2014-03-26,37.9,21.6,29.1,38.1,24.7,30.5,0.0,19.0,41.4,72,25.83,1000.8,loc_tiruchirappalli,10.7905,78.7047,ECMWF_ERA5_Reanalysis
2014-03-27,37.9,21.7,29.3,38.8,25.0,31.0,0.0,14.8,30.6,72,25.94,1001.8,loc_tiruchirappalli,10.7905,78.7047,ECMWF_ERA5_Reanalysis
2014-03-28,38.7,23.0,30.1,39.5,25.5,31.8,0.0,12.4,26.3,88,25.47,1001.5,loc_tiruchirappalli,10.7905,78.7047,ECMWF_ERA5_Reanalysis
2014-03-29,39.5,23.5,30.7,39.3,27.0,31.8,0.0,17.4,39.2,81,27.09,1000.6,loc_tiruchirappalli,10.7905,78.7047,ECMWF_ERA5_Reanalysis
2014-03-30,40.0,23.1,31.4,40.5,25.3,31.9,0.0,15.2,30.2,130,27.4,999.9,loc_tiruchirappalli,10.7905,78.7047,ECMWF_ERA5_Reanalysis
2014-03-31,40.6,21.9,31.5,41.1,22.7,31.6,0.0,16.8,35.3,140,27.42,999.7,loc_tiruchirappalli,10.7905,78.7047,ECMWF_ERA5_Reanalysis
2014-04-01,41.0,24.7,32.0,42.2,25.4,32.7,0.0,16.4,36.4,148,27.24,998.4,loc_tiruchirappalli,10.7905,78.7047,ECMWF_ERA5_Reanalysis
2014-04-02,40.8,25.2,32.3,42.1,28.4,34.1,0.0,17.2,34.9,112,26.9,997.9,loc_tiruchirappalli,10.7905,78.7047,ECMWF_ERA5_Reanalysis
2014-04-03,39.4,26.0,31.7,41.5,30.3,34.9,0.0,17.7,36.0,100,25.44,999.0,loc_tiruchirappalli,10.7905,78.7047,ECMWF_ERA5_Reanalysis
2014-04-04,39.1,25.9,31.1,41.7,30.8,34.3,0.0,18.0,38.5,110,25.54,1000.6,loc_tiruchirappalli,10.7905,78.7047,ECMWF_ERA5_Reanalysis
2014-04-05,39.0,25.8,31.5,41.5,29.6,34.2,0.0,16.6,34.9,111,22.27,1001.0,loc_tiruchirappalli,10.7905,78.7047,ECMWF_ERA5_Reanalysis
2014-04-06,38.0,26.1,31.3,41.1,31.8,35.3,0.6,14.3,32.0,132,21.87,1001.8,loc_tiruchirappalli,10.7905,78.7047,ECMWF_ERA5_Reanalysis
2014-04-07,37.9,26.7,31.6,41.6,31.2,35.2,0.1,12.4,28.4,158,21.56,1002.3,loc_tiruchirappalli,10.7905,78.7047,ECMWF_ERA5_Reanalysis
2014-04-08,40.2,26.4,32.7,42.3,30.4,35.2,0.0,19.2,39.2,173,25.17,1001.2,loc_tiruchirappalli,10.7905,78.7047,ECMWF_ERA5_Reanalysis
2014-04-09,40.9,26.5,33.0,43.6,30.9,35.7,0.0,14.4,34.2,160,25.84,1000.6,loc_tiruchirappalli,10.7905,78.7047,ECMWF_ERA5_Reanalysis
2014-04-10,39.9,25.3,32.2,42.0,29.8,34.7,0.0,18.1,36.4,138,24.66,1001.1,loc_tiruchirappalli,10.7905,78.7047,ECMWF_ERA5_Reanalysis
2014-04-11,40.5,25.3,32.6,42.5,29.8,35.2,0.0,18.3,34.9,157,24.85,1000.3,loc_tiruchirappalli,10.7905,78.7047,ECMWF_ERA5_Reanalysis
2014-04-12,40.1,26.7,32.8,41.8,30.9,35.3,0.0,18.4,38.5,139,23.35,999.3,loc_tiruchirappalli,10.7905,78.7047,ECMWF_ERA5_Reanalysis
2014-04-13,39.7,26.4,32.1,41.5,32.0,35.4,0.1,17.7,37.8,127,23.45,1000.1,loc_tiruchirappalli,10.7905,78.7047,ECMWF_ERA5_Reanalysis
2014-04-14,37.2,26.5,31.1,41.0,31.8,35.3,1.4,13.8,30.2,124,21.38,1001.2,loc_tiruchirappalli,10.7905,78.7047,ECMWF_ERA5_Reanalysis
2014-04-15,38.4,26.1,31.5,40.4,31.7,34.9,0.2,15.8,32.8,122,23.14,1001.4,loc_tiruchirappalli,10.7905,78.7047,ECMWF_ERA5_Reanalysis
2014-04-16,39.1,24.9,31.4,41.2,30.1,34.6,0.0,16.1,38.5,145,25.05,1000.3,loc_tiruchirappalli,10.7905,78.7047,ECMWF_ERA5_Reanalysis
2014-04-17,40.1,25.5,32.1,42.1,30.1,35.0,0.0,19.3,39.6,163,25.87,998.8,loc_tiruchirappalli,10.7905,78.7047,ECMWF_ERA5_Reanalysis
2014-04-18,40.7,26.1,32.6,43.4,30.9,35.7,0.0,19.2,41.0,119,26.41,1000.0,loc_tiruchirappalli,10.7905,78.7047,ECMWF_ERA5_Reanalysis
2014-04-19,40.4,26.8,32.6,42.6,31.5,35.8,0.0,17.9,38.5,107,26.47,999.8,loc_tiruchirappalli,10.7905,78.7047,ECMWF_ERA5_Reanalysis
2014-04-20,40.0,24.5,31.9,41.3,28.8,34.3,0.0,17.4,36.7,99,27.08,999.2,loc_tiruchirappalli,10.7905,78.7047,ECMWF_ERA5_Reanalysis
2014-04-21,39.4,25.4,31.6,41.4,29.5,34.3,0.0,16.3,34.6,99,25.43,999.5,loc_tiruchirappalli,10.7905,78.7047,ECMWF_ERA5_Reanalysis
2014-04-22,38.9,24.6,31.3,41.6,28.7,34.2,0.0,16.9,31.7,87,24.53,1001.2,loc_tiruchirappalli,10.7905,78.7047,ECMWF_ERA5_Reanalysis
2014-04-23,38.6,27.2,32.1,41.6,31.5,35.6,0.0,16.1,34.2,114,23.26,1000.5,loc_tiruchirappalli,10.7905,78.7047,ECMWF_ERA5_Reanalysis
2014-04-24,39.5,27.1,32.2,43.1,32.6,36.3,0.0,14.5,36.4,149,23.56,999.1,loc_tiruchirappalli,10.7905,78.7047,ECMWF_ERA5_Reanalysis
2014-04-25,40.8,27.3,33.0,44.3,32.4,36.7,0.0,18.4,40.3,147,25.49,998.9,loc_tiruchirappalli,10.7905,78.7047,ECMWF_ERA5_Reanalysis
2014-04-26,40.8,27.4,33.1,44.0,33.3,37.1,0.0,15.8,38.2,146,25.56,998.6,loc_tiruchirappalli,10.7905,78.7047,ECMWF_ERA5_Reanalysis
2014-04-27,39.1,27.2,32.4,42.0,33.2,36.6,0.0,16.8,36.0,139,22.65,999.4,loc_tiruchirappalli,10.7905,78.7047,ECMWF_ERA5_Reanalysis
2014-04-28,40.5,27.5,32.7,43.6,33.3,36.7,0.0,17.1,39.2,136,24.54,999.4,loc_tiruchirappalli,10.7905,78.7047,ECMWF_ERA5_Reanalysis
2014-04-29,38.8,27.5,31.7,42.2,33.1,35.7,0.4,19.0,43.9,154,23.03,999.2,loc_tiruchirappalli,10.7905,78.7047,ECMWF_ERA5_Reanalysis
2014-04-30,37.4,27.4,31.3,42.0,32.9,35.3,0.0,16.3,31.3,146,16.46,999.2,loc_tiruchirappalli,10.7905,78.7047,ECMWF_ERA5_Reanalysis
2014-05-01,37.9,26.9,31.4,40.7,32.1,35.1,0.1,15.3,34.6,161,17.5,998.7,loc_tiruchirappalli,10.7905,78.7047,ECMWF_ERA5_Reanalysis
2014-05-02,37.4,27.3,31.5,42.0,32.5,35.2,0.0,17.8,41.4,143,17.99,998.3,loc_tiruchirappalli,10.7905,78.7047,ECMWF_ERA5_Reanalysis
2014-05-03,37.2,27.0,31.0,41.5,32.0,35.2,0.8,17.1,36.0,130,19.6,998.4,loc_tiruchirappalli,10.7905,78.7047,ECMWF_ERA5_Reanalysis
2014-05-04,36.5,25.1,29.9,40.7,30.4,34.2,1.9,17.0,37.8,96,20.18,997.6,loc_tiruchirappalli,10.7905,78.7047,ECMWF_ERA5_Reanalysis
2014-05-05,32.9,25.2,27.6,37.6,30.4,32.0,6.0,14.1,39.6,67,14.45,998.8,loc_tiruchirappalli,10.7905,78.7047,ECMWF_ERA5_Reanalysis
2014-05-06,30.8,24.1,25.9,34.4,28.3,30.4,30.5,13.8,36.0,62,9.94,999.6,loc_tiruchirappalli,10.7905,78.7047,ECMWF_ERA5_Reanalysis
2014-05-07,29.2,23.9,25.6,33.0,28.3,29.9,19.7,15.9,41.4,117,10.47,999.0,loc_tiruchirappalli,10.7905,78.7047,ECMWF_ERA5_Reanalysis
2014-05-08,31.6,24.4,27.4,35.5,28.3,31.3,3.5,19.8,53.3,172,14.99,998.2,loc_tiruchirappalli,10.7905,78.7047,ECMWF_ERA5_Reanalysis
2014-05-09,33.5,24.8,28.6,40.2,29.1,33.7,0.5,12.1,32.8,214,22.29,997.8,loc_tiruchirappalli,10.7905,78.7047,ECMWF_ERA5_Reanalysis
2014-05-10,35.2,25.5,30.1,41.1,29.7,34.8,0.0,11.2,35.3,251,25.16,997.6,loc_tiruchirappalli,10.7905,78.7047,ECMWF_ERA5_Reanalysis
2014-05-11,36.2,26.8,30.9,41.5,30.7,35.5,0.4,10.5,28.4,251,23.74,999.1,loc_tiruchirappalli,10.7905,78.7047,ECMWF_ERA5_Reanalysis
2014-05-12,37.2,27.5,31.3,42.5,32.5,35.7,0.6,11.4,31.0,225,24.37,999.1,loc_tiruchirappalli,10.7905,78.7047,ECMWF_ERA5_Reanalysis
2014-05-13,36.9,27.5,31.4,42.4,32.5,35.7,0.6,10.7,27.0,232,22.12,999.2,loc_tiruchirappalli,10.7905,78.7047,ECMWF_ERA5_Reanalysis
2014-05-14,37.1,27.3,30.9,39.8,31.2,34.2,1.0,16.7,35.3,264,18.27,998.2,loc_tiruchirappalli,10.7905,78.7047,ECMWF_ERA5_Reanalysis
2014-05-15,38.9,27.5,32.4,41.8,30.9,34.8,0.0,17.7,37.4,275,21.87,996.9,loc_tiruchirappalli,10.7905,78.7047,ECMWF_ERA5_Reanalysis
2014-05-16,38.6,26.9,32.5,40.3,28.6,33.6,0.0,18.1,39.2,280,22.62,996.6,loc_tiruchirappalli,10.7905,78.7047,ECMWF_ERA5_Reanalysis
2014-05-17,39.8,27.2,33.0,40.9,26.9,33.3,0.0,19.0,42.5,276,24.33,997.6,loc_tiruchirappalli,10.7905,78.7047,ECMWF_ERA5_Reanalysis
2014-05-18,40.1,27.6,33.2,43.9,29.4,35.8,0.2,15.5,34.2,246,23.94,997.6,loc_tiruchirappalli,10.7905,78.7047,ECMWF_ERA5_Reanalysis
2014-05-19,40.0,27.5,32.9,43.7,33.1,37.1,0.0,18.8,37.1,176,25.56,998.1,loc_tiruchirappalli,10.7905,78.7047,ECMWF_ERA5_Reanalysis
2014-05-20,39.5,28.0,32.6,43.5,33.3,36.8,1.7,15.4,40.7,210,23.09,997.8,loc_tiruchirappalli,10.7905,78.7047,ECMWF_ERA5_Reanalysis
2014-05-21,39.7,28.8,33.2,42.2,32.5,35.8,0.0,17.8,34.9,254,23.31,997.5,loc_tiruchirappalli,10.7905,78.7047,ECMWF_ERA5_Reanalysis
2014-05-22,40.7,27.8,33.6,42.8,30.7,35.9,0.0,15.9,41.4,269,24.62,996.0,loc_tiruchirappalli,10.7905,78.7047,ECMWF_ERA5_Reanalysis
2014-05-23,41.8,28.5,33.5,45.0,31.3,36.1,0.3,16.7,36.0,277,22.74,995.3,loc_tiruchirappalli,10.7905,78.7047,ECMWF_ERA5_Reanalysis
2014-05-24,39.2,28.8,32.9,43.2,31.9,36.2,0.6,15.5,34.6,274,20.03,995.7,loc_tiruchirappalli,10.7905,78.7047,ECMWF_ERA5_Reanalysis
2014-05-25,38.5,27.9,32.6,40.9,30.5,34.3,0.0,22.3,47.2,277,17.69,996.2,loc_tiruchirappalli,10.7905,78.7047,ECMWF_ERA5_Reanalysis
2014-05-26,39.4,28.8,33.3,41.4,31.0,35.5,0.0,16.7,35.3,228,21.06,996.5,loc_tiruchirappalli,10.7905,78.7047,ECMWF_ERA5_Reanalysis
2014-05-27,38.9,28.8,33.3,41.8,33.8,36.9,0.0,14.8,33.5,210,20.79,997.0,loc_tiruchirappalli,10.7905,78.7047,ECMWF_ERA5_Reanalysis
2014-05-28,40.1,27.7,31.9,44.6,33.5,36.7,9.1,14.6,40.0,216,22.31,998.0,loc_tiruchirappalli,10.7905,78.7047,ECMWF_ERA5_Reanalysis
2014-05-29,35.9,26.6,31.2,39.9,31.5,35.2,0.0,11.2,34.2,237,19.7,998.6,loc_tiruchirappalli,10.7905,78.7047,ECMWF_ERA5_Reanalysis
2014-05-30,38.7,27.6,32.9,42.6,31.2,36.1,0.0,12.0,36.7,251,23.98,997.0,loc_tiruchirappalli,10.7905,78.7047,ECMWF_ERA5_Reanalysis
2014-05-31,40.1,27.8,33.6,44.2,30.9,36.4,0.0,14.4,38.2,261,23.52,995.2,loc_tiruchirappalli,10.7905,78.7047,ECMWF_ERA5_Reanalysis
2014-06-01,40.5,28.6,32.8,44.7,31.6,36.2,3.3,18.1,40.0,279,21.74,994.6,loc_tiruchirappalli,10.7905,78.7047,ECMWF_ERA5_Reanalysis
2014-06-02,39.9,27.3,31.9,44.3,31.8,35.9,17.9,16.4,38.5,286,22.83,995.4,loc_tiruchirappalli,10.7905,78.7047,ECMWF_ERA5_Reanalysis
2014-06-03,36.4,26.9,30.7,39.1,30.0,34.0,0.2,17.4,42.5,279,20.67,995.3,loc_tiruchirappalli,10.7905,78.7047,ECMWF_ERA5_Reanalysis
2014-06-04,37.5,27.6,31.6,42.0,30.7,34.8,1.0,16.7,36.4,269,24.59,994.8,loc_tiruchirappalli,10.7905,78.7047,ECMWF_ERA5_Reanalysis
2014-06-05,38.6,27.2,32.1,42.4,29.8,35.0,0.5,16.0,39.2,273,23.94,994.0,loc_tiruchirappalli,10.7905,78.7047,ECMWF_ERA5_Reanalysis
2014-06-06,39.8,27.7,32.3,42.1,30.2,34.2,0.1,23.1,49.3,279,23.62,993.7,loc_tiruchirappalli,10.7905,78.7047,ECMWF_ERA5_Reanalysis
2014-06-07,39.6,28.3,32.4,41.3,29.2,33.7,0.0,25.9,55.8,279,24.05,992.8,loc_tiruchirappalli,10.7905,78.7047,ECMWF_ERA5_Reanalysis
2014-06-08,39.9,28.3,32.7,40.7,29.7,33.9,0.0,23.7,58.0,280,23.18,992.4,loc_tiruchirappalli,10.7905,78.7047,ECMWF_ERA5_Reanalysis
2014-06-09,37.8,27.5,31.6,38.9,28.3,32.6,0.6,26.8,64.1,283,19.85,994.0,loc_tiruchirappalli,10.7905,78.7047,ECMWF_ERA5_Reanalysis
2014-06-10,37.7,27.8,31.9,39.4,29.4,33.3,0.0,23.3,62.6,276,21.13,994.9,loc_tiruchirappalli,10.7905,78.7047,ECMWF_ERA5_Reanalysis
2014-06-11,39.5,27.7,32.3,40.4,29.7,33.4,0.1,26.7,60.8,280,22.94,995.0,loc_tiruchirappalli,10.7905,78.7047,ECMWF_ERA5_Reanalysis
2014-06-12,38.0,27.2,31.5,38.6,29.3,32.5,0.3,26.4,56.2,274,20.61,995.2,loc_tiruchirappalli,10.7905,78.7047,ECMWF_ERA5_Reanalysis
2014-06-13,37.6,27.1,31.6,38.3,29.0,32.8,1.3,24.2,53.6,278,20.92,995.8,loc_tiruchirappalli,10.7905,78.7047,ECMWF_ERA5_Reanalysis
2014-06-14,39.6,27.3,32.4,40.8,29.4,33.7,0.2,20.1,46.8,281,22.18,996.4,loc_tiruchirappalli,10.7905,78.7047,ECMWF_ERA5_Reanalysis
2014-06-15,39.0,27.7,33.0,39.5,29.1,33.6,0.0,24.5,53.6,285,24.94,996.7,loc_tiruchirappalli,10.7905,78.7047,ECMWF_ERA5_Reanalysis
2014-06-16,39.8,27.6,32.8,39.3,29.1,33.0,0.0,25.3,53.3,279,23.61,996.4,loc_tiruchirappalli,10.7905,78.7047,ECMWF_ERA5_Reanalysis
2014-06-17,38.3,26.8,31.6,38.5,27.9,32.2,0.4,29.4,63.0,278,23.05,995.9,loc_tiruchirappalli,10.7905,78.7047,ECMWF_ERA5_Reanalysis
2014-06-18,37.1,26.9,31.1,36.7,28.6,31.5,0.0,31.2,68.0,275,20.58,996.0,loc_tiruchirappalli,10.7905,78.7047,ECMWF_ERA5_Reanalysis
2014-06-19,37.3,27.3,31.1,37.8,28.5,31.6,0.0,29.2,61.9,270,19.63,996.0,loc_tiruchirappalli,10.7905,78.7047,ECMWF_ERA5_Reanalysis
2014-06-20,37.6,27.4,31.4,38.0,28.6,31.8,0.0,28.8,63.0,271,21.73,996.4,loc_tiruchirappalli,10.7905,78.7047,ECMWF_ERA5_Reanalysis
2014-06-21,36.3,26.7,31.0,36.4,28.1,31.5,0.3,27.4,60.8,276,20.56,998.2,loc_tiruchirappalli,10.7905,78.7047,ECMWF_ERA5_Reanalysis
2014-06-22,37.9,26.9,31.4,38.0,28.6,32.1,0.0,24.7,55.4,278,21.47,999.3,loc_tiruchirappalli,10.7905,78.7047,ECMWF_ERA5_Reanalysis
2014-06-23,38.3,26.9,31.8,38.7,28.5,32.6,0.2,23.2,51.8,282,22.75,998.2,loc_tiruchirappalli,10.7905,78.7047,ECMWF_ERA5_Reanalysis
2014-06-24,39.1,26.9,32.0,39.5,28.8,32.9,0.0,21.8,48.2,280,23.25,995.7,loc_tiruchirappalli,10.7905,78.7047,ECMWF_ERA5_Reanalysis
2014-06-25,39.4,27.5,32.5,39.8,28.8,32.9,0.0,23.2,49.3,281,22.96,995.5,loc_tiruchirappalli,10.7905,78.7047,ECMWF_ERA5_Reanalysis
2014-06-26,39.8,27.3,33.1,40.9,28.6,34.1,0.0,21.3,46.8,279,22.95,996.8,loc_tiruchirappalli,10.7905,78.7047,ECMWF_ERA5_Reanalysis
2014-06-27,40.0,27.8,33.3,42.2,30.6,35.7,0.0,19.6,37.8,236,23.07,997.9,loc_tiruchirappalli,10.7905,78.7047,ECMWF_ERA5_Reanalysis
2014-06-28,39.9,28.0,32.3,43.0,32.5,35.9,3.6,15.6,43.6,222,22.96,998.0,loc_tiruchirappalli,10.7905,78.7047,ECMWF_ERA5_Reanalysis
2014-06-29,40.0,28.0,33.1,42.1,30.6,35.6,0.0,16.3,38.5,259,22.83,997.1,loc_tiruchirappalli,10.7905,78.7047,ECMWF_ERA5_Reanalysis
2014-06-30,38.3,27.1,31.8,42.0,30.1,34.5,0.4,18.3,37.1,269,21.11,997.3,loc_tiruchirappalli,10.7905,78.7047,ECMWF_ERA5_Reanalysis
2014-07-01,38.1,27.4,31.0,40.0,30.0,33.6,1.6,19.7,43.2,284,20.06,997.8,loc_tiruchirappalli,10.7905,78.7047,ECMWF_ERA5_Reanalysis
2014-07-02,37.6,27.0,31.4,39.9,29.1,33.2,0.1,17.9,46.8,286,19.5,997.9,loc_tiruchirappalli,10.7905,78.7047,ECMWF_ERA5_Reanalysis
2014-07-03,38.9,27.5,32.5,40.1,29.1,33.4,0.0,20.7,53.3,285,23.4,996.1,loc_tiruchirappalli,10.7905,78.7047,ECMWF_ERA5_Reanalysis
2014-07-04,37.9,27.0,31.6,39.2,28.5,32.9,1.2,21.4,50.0,284,22.01,995.1,loc_tiruchirappalli,10.7905,78.7047,ECMWF_ERA5_Reanalysis
2014-07-05,38.1,26.8,31.2,40.2,28.9,32.9,1.1,24.5,49.7,284,19.74,995.5,loc_tiruchirappalli,10.7905,78.7047,ECMWF_ERA5_Reanalysis
2014-07-06,36.0,26.5,29.8,37.8,29.1,32.6,2.1,17.1,35.3,284,14.7,997.4,loc_tiruchirappalli,10.7905,78.7047,ECMWF_ERA5_Reanalysis
2014-07-07,37.2,26.5,30.8,39.1,28.6,32.4,0.0,18.8,41.0,283,19.44,997.2,loc_tiruchirappalli,10.7905,78.7047,ECMWF_ERA5_Reanalysis
2014-07-08,36.7,25.2,30.0,37.9,28.4,31.7,2.8,23.9,49.3,276,18.53,996.5,loc_tiruchirappalli,10.7905,78.7047,ECMWF_ERA5_Reanalysis
2014-07-09,35.5,26.4,30.0,36.4,27.7,31.0,0.0,21.7,45.7,281,14.74,996.6,loc_tiruchirappalli,10.7905,78.7047,ECMWF_ERA5_Reanalysis
2014-07-10,31.9,25.2,27.7,31.9,26.7,28.7,0.7,24.3,51.5,276,9.09,998.4,loc_tiruchirappalli,10.7905,78.7047,ECMWF_ERA5_Reanalysis
2014-07-11,34.7,25.5,29.0,33.0,26.6,29.1,0.1,30.6,70.2,272,12.65,998.7,loc_tiruchirappalli,10.7905,78.7047,ECMWF_ERA5_Reanalysis
2014-07-12,35.1,26.5,29.7,34.1,27.3,29.8,0.0,31.4,68.8,272,17.64,997.2,loc_tiruchirappalli,10.7905,78.7047,ECMWF_ERA5_Reanalysis
2014-07-13,34.5,26.5,29.3,34.3,27.5,29.7,0.0,33.3,70.6,274,15.2,996.8,loc_tiruchirappalli,10.7905,78.7047,ECMWF_ERA5_Reanalysis
2014-07-14,34.5,24.3,28.4,34.2,25.7,29.4,3.4,32.2,65.2,270,13.36,996.2,loc_tiruchirappalli,10.7905,78.7047,ECMWF_ERA5_Reanalysis
2014-07-15,34.0,24.9,28.3,34.3,26.1,29.3,7.1,27.8,61.9,269,15.09,996.3,loc_tiruchirappalli,10.7905,78.7047,ECMWF_ERA5_Reanalysis
2014-07-16,35.0,26.8,30.1,35.2,28.1,30.8,0.0,27.7,55.8,275,20.79,997.1,loc_tiruchirappalli,10.7905,78.7047,ECMWF_ERA5_Reanalysis
2014-07-17,36.5,26.4,30.7,36.2,27.9,31.1,0.0,25.3,53.3,281,23.52,997.2,loc_tiruchirappalli,10.7905,78.7047,ECMWF_ERA5_Reanalysis
2014-07-18,37.3,26.3,30.9,38.7,27.4,31.4,0.0,24.9,54.0,278,23.37,997.0,loc_tiruchirappalli,10.7905,78.7047,ECMWF_ERA5_Reanalysis
2014-07-19,36.6,26.9,30.7,36.7,27.8,31.0,0.3,30.0,63.7,275,22.29,997.7,loc_tiruchirappalli,10.7905,78.7047,ECMWF_ERA5_Reanalysis
2014-07-20,35.9,27.0,30.6,35.3,28.3,30.8,0.7,31.3,65.2,275,19.39,998.1,loc_tiruchirappalli,10.7905,78.7047,ECMWF_ERA5_Reanalysis
2014-07-21,34.8,26.8,30.2,33.6,27.9,30.3,0.0,30.9,62.3,274,17.53,997.6,loc_tiruchirappalli,10.7905,78.7047,ECMWF_ERA5_Reanalysis
2014-07-22,36.3,26.2,30.4,36.5,27.9,30.8,0.1,28.1,60.5,274,19.51,997.6,loc_tiruchirappalli,10.7905,78.7047,ECMWF_ERA5_Reanalysis
2014-07-23,36.2,26.4,29.8,35.9,27.5,30.4,0.0,29.6,65.2,278,17.57,997.9,loc_tiruchirappalli,10.7905,78.7047,ECMWF_ERA5_Reanalysis
2014-07-24,36.7,25.1,29.9,36.7,27.5,30.8,0.4,26.5,56.9,281,18.75,998.4,loc_tiruchirappalli,10.7905,78.7047,ECMWF_ERA5_Reanalysis
2014-07-25,36.8,26.0,30.8,37.6,27.6,31.5,0.1,23.6,51.8,283,22.09,999.1,loc_tiruchirappalli,10.7905,78.7047,ECMWF_ERA5_Reanalysis
2014-07-26,36.2,26.2,30.3,36.7,28.0,31.6,2.0,21.6,46.4,284,19.48,999.1,loc_tiruchirappalli,10.7905,78.7047,ECMWF_ERA5_Reanalysis
2014-07-27,36.8,26.1,30.4,37.9,27.7,31.5,0.2,23.8,52.6,281,22.03,999.3,loc_tiruchirappalli,10.7905,78.7047,ECMWF_ERA5_Reanalysis
2014-07-28,36.5,26.3,30.4,36.7,27.8,31.1,0.3,23.2,54.0,277,18.7,998.0,loc_tiruchirappalli,10.7905,78.7047,ECMWF_ERA5_Reanalysis
2014-07-29,36.7,26.5,30.7,36.0,27.7,31.0,0.5,25.9,55.8,277,19.05,997.4,loc_tiruchirappalli,10.7905,78.7047,ECMWF_ERA5_Reanalysis
2014-07-30,37.7,26.3,31.0,37.7,27.5,31.2,0.0,25.7,57.2,276,22.9,997.6,loc_tiruchirappalli,10.7905,78.7047,ECMWF_ERA5_Reanalysis
2014-07-31,36.9,27.4,31.1,38.1,28.1,31.8,0.1,22.2,50.4,277,17.91,997.2,loc_tiruchirappalli,10.7905,78.7047,ECMWF_ERA5_Reanalysis
2014-08-01,35.8,26.6,29.5,37.6,28.7,31.2,2.5,23.5,59.4,277,14.91,997.6,loc_tiruchirappalli,10.7905,78.7047,ECMWF_ERA5_Reanalysis
2014-08-02,31.4,26.3,28.6,31.6,28.1,29.6,0.3,25.1,49.3,278,9.77,998.3,loc_tiruchirappalli,10.7905,78.7047,ECMWF_ERA5_Reanalysis
2014-08-03,36.5,26.1,30.4,37.1,27.6,31.1,0.2,24.5,56.2,275,19.61,997.2,loc_tiruchirappalli,10.7905,78.7047,ECMWF_ERA5_Reanalysis
2014-08-04,36.9,26.2,30.3,37.0,27.8,30.8,0.0,27.7,57.6,276,20.62,996.5,loc_tiruchirappalli,10.7905,78.7047,ECMWF_ERA5_Reanalysis
2014-08-05,36.3,26.4,30.3,37.0,27.7,30.7,0.6,27.4,60.1,279,20.14,997.2,loc_tiruchirappalli,10.7905,78.7047,ECMWF_ERA5_Reanalysis
2014-08-06,36.4,24.0,29.7,37.5,25.6,30.6,3.0,24.0,56.9,278,20.58,998.1,loc_tiruchirappalli,10.7905,78.7047,ECMWF_ERA5_Reanalysis
2014-08-07,32.4,24.2,27.7,34.3,26.7,29.5,4.3,19.7,42.5,277,14.42,998.0,loc_tiruchirappalli,10.7905,78.7047,ECMWF_ERA5_Reanalysis
2014-08-08,34.0,25.3,28.8,36.1,27.9,30.9,0.2,18.1,41.4,282,16.9,998.0,loc_tiruchirappalli,10.7905,78.7047,ECMWF_ERA5_Reanalysis
2014-08-09,35.2,23.9,28.6,37.5,27.1,30.7,1.7,16.3,42.5,280,16.65,999.0,loc_tiruchirappalli,10.7905,78.7047,ECMWF_ERA5_Reanalysis
2014-08-10,31.9,23.3,27.0,34.1,26.4,29.5,12.4,18.2,38.9,282,12.26,999.6,loc_tiruchirappalli,10.7905,78.7047,ECMWF_ERA5_Reanalysis
2014-08-11,33.2,25.1,28.4,34.6,27.8,30.5,0.1,17.5,39.2,276,15.26,998.6,loc_tiruchirappalli,10.7905,78.7047,ECMWF_ERA5_Reanalysis
2014-08-12,34.2,23.8,27.7,36.1,27.0,29.9,5.6,19.8,44.3,281,14.09,998.3,loc_tiruchirappalli,10.7905,78.7047,ECMWF_ERA5_Reanalysis
2014-08-13,34.5,25.1,29.1,36.8,27.0,30.7,0.0,17.1,40.0,282,20.07,999.2,loc_tiruchirappalli,10.7905,78.7047,ECMWF_ERA5_Reanalysis
2014-08-14,35.5,25.5,29.7,38.2,27.6,31.9,0.5,15.6,38.9,283,19.34,999.4,loc_tiruchirappalli,10.7905,78.7047,ECMWF_ERA5_Reanalysis
2014-08-15,36.7,25.5,29.5,39.1,28.2,32.2,1.4,15.4,41.0,282,20.49,999.5,loc_tiruchirappalli,10.7905,78.7047,ECMWF_ERA5_Reanalysis
2014-08-16,35.7,26.1,30.5,37.1,28.6,32.7,0.4,13.1,39.6,294,18.43,999.6,loc_tiruchirappalli,10.7905,78.7047,ECMWF_ERA5_Reanalysis
2014-08-17,34.4,26.4,30.1,36.1,29.5,33.0,0.0,12.4,34.6,279,15.89,999.3,loc_tiruchirappalli,10.7905,78.7047,ECMWF_ERA5_Reanalysis
2014-08-18,35.8,24.9,29.1,40.7,29.5,33.0,8.8,11.6,32.8,247,18.72,999.7,loc_tiruchirappalli,10.7905,78.7047,ECMWF_ERA5_Reanalysis
2014-08-19,34.2,24.8,28.3,39.4,30.0,33.3,4.4,12.3,25.2,209,21.65,999.7,loc_tiruchirappalli,10.7905,78.7047,ECMWF_ERA5_Reanalysis
2014-08-20,34.7,25.2,29.3,40.7,30.0,34.0,2.0,9.8,23.0,208,22.11,998.2,loc_tiruchirappalli,10.7905,78.7047,ECMWF_ERA5_Reanalysis
2014-08-21,34.2,25.8,28.7,39.5,31.5,33.7,7.1,13.4,33.8,171,20.31,996.2,loc_tiruchirappalli,10.7905,78.7047,ECMWF_ERA5_Reanalysis
2014-08-22,33.7,25.5,28.3,39.5,31.1,33.3,9.9,14.0,28.4,116,18.22,995.8,loc_tiruchirappalli,10.7905,78.7047,ECMWF_ERA5_Reanalysis
2014-08-23,31.8,24.4,27.0,37.2,29.5,32.0,13.1,9.2,27.4,232,14.87,997.4,loc_tiruchirappalli,10.7905,78.7047,ECMWF_ERA5_Reanalysis
2014-08-24,32.8,24.0,28.0,36.8,28.8,32.2,0.4,10.0,28.1,246,18.69,998.6,loc_tiruchirappalli,10.7905,78.7047,ECMWF_ERA5_Reanalysis
2014-08-25,34.2,24.8,28.8,37.7,27.7,32.2,0.1,14.4,40.7,264,21.67,999.4,loc_tiruchirappalli,10.7905,78.7047,ECMWF_ERA5_Reanalysis
2014-08-26,34.3,25.5,29.4,36.7,28.0,31.8,0.0,18.0,38.2,269,21.01,999.4,loc_tiruchirappalli,10.7905,78.7047,ECMWF_ERA5_Reanalysis
2014-08-27,33.9,25.5,29.0,35.4,27.2,30.6,0.0,18.5,39.2,277,18.64,998.1,loc_tiruchirappalli,10.7905,78.7047,ECMWF_ERA5_Reanalysis
2014-08-28,34.9,25.0,29.1,37.1,27.0,30.5,0.4,20.3,50.8,270,21.09,997.0,loc_tiruchirappalli,10.7905,78.7047,ECMWF_ERA5_Reanalysis
2014-08-29,34.4,25.3,28.9,36.1,27.4,30.5,0.2,20.5,47.9,262,18.21,996.2,loc_tiruchirappalli,10.7905,78.7047,ECMWF_ERA5_Reanalysis
2014-08-30,34.0,25.9,29.3,34.7,28.4,30.8,0.0,23.7,58.3,260,17.23,996.5,loc_tiruchirappalli,10.7905,78.7047,ECMWF_ERA5_Reanalysis
2014-08-31,34.4,26.5,29.6,34.0,28.1,30.4,0.0,25.9,56.2,262,14.34,995.7,loc_tiruchirappalli,10.7905,78.7047,ECMWF_ERA5_Reanalysis
2014-09-01,34.7,26.0,29.6,36.5,28.0,31.1,0.1,24.0,52.6,265,19.55,995.9,loc_tiruchirappalli,10.7905,78.7047,ECMWF_ERA5_Reanalysis
2014-09-02,35.8,25.3,29.0,38.8,28.7,32.2,16.4,14.2,40.7,252,20.16,997.4,loc_tiruchirappalli,10.7905,78.7047,ECMWF_ERA5_Reanalysis
2014-09-03,33.0,25.6,28.4,35.4,29.3,31.4,3.4,14.1,32.0,264,16.05,999.2,loc_tiruchirappalli,10.7905,78.7047,ECMWF_ERA5_Reanalysis
2014-09-04,32.9,25.6,28.5,35.5,28.0,31.2,0.8,14.9,48.6,257,14.59,1000.1,loc_tiruchirappalli,10.7905,78.7047,ECMWF_ERA5_Reanalysis
2014-09-05,35.4,25.3,29.3,38.0,27.8,31.4,0.2,18.7,42.5,270,19.93,999.4,loc_tiruchirappalli,10.7905,78.7047,ECMWF_ERA5_Reanalysis
2014-09-06,35.0,25.7,29.2,36.0,27.4,30.5,0.2,20.9,43.6,273,17.33,998.4,loc_tiruchirappalli,10.7905,78.7047,ECMWF_ERA5_Reanalysis
2014-09-07,35.6,25.9,29.6,36.3,27.0,30.5,0.0,21.7,46.1,269,17.21,998.5,loc_tiruchirappalli,10.7905,78.7047,ECMWF_ERA5_Reanalysis
2014-09-08,37.3,25.2,30.4,38.8,27.1,31.4,0.0,22.6,47.2,272,24.07,999.4,loc_tiruchirappalli,10.7905,78.7047,ECMWF_ERA5_Reanalysis
2014-09-09,37.3,25.2,30.5,38.8,26.9,31.6,0.2,19.8,51.8,276,23.24,999.9,loc_tiruchirappalli,10.7905,78.7047,ECMWF_ERA5_Reanalysis
2014-09-10,37.2,25.2,31.0,38.8,26.6,31.9,0.0,17.8,41.0,282,21.95,999.1,loc_tiruchirappalli,10.7905,78.7047,ECMWF_ERA5_Reanalysis
2014-09-11,38.6,25.8,31.8,40.9,27.5,33.3,0.1,15.4,38.2,280,23.7,999.5,loc_tiruchirappalli,10.7905,78.7047,ECMWF_ERA5_Reanalysis
2014-09-12,37.8,26.6,32.1,40.5,28.5,33.9,0.0,13.7,34.9,283,22.55,1000.1,loc_tiruchirappalli,10.7905,78.7047,ECMWF_ERA5_Reanalysis
2014-09-13,38.0,26.7,31.8,39.8,28.7,33.2,0.0,19.2,36.4,283,23.44,999.5,loc_tiruchirappalli,10.7905,78.7047,ECMWF_ERA5_Reanalysis
2014-09-14,38.5,26.2,31.2,41.2,28.4,32.8,0.1,17.9,38.9,277,22.47,998.5,loc_tiruchirappalli,10.7905,78.7047,ECMWF_ERA5_Reanalysis
2014-09-15,37.7,25.7,30.8,39.1,27.8,32.1,0.0,20.4,42.1,279,20.55,997.4,loc_tiruchirappalli,10.7905,78.7047,ECMWF_ERA5_Reanalysis
2014-09-16,38.0,26.5,31.0,38.9,28.3,31.8,0.0,23.9,49.7,279,21.27,996.5,loc_tiruchirappalli,10.7905,78.7047,ECMWF_ERA5_Reanalysis
2014-09-17,38.0,26.4,31.5,39.4,27.7,32.2,0.0,20.0,47.9,282,22.74,996.0,loc_tiruchirappalli,10.7905,78.7047,ECMWF_ERA5_Reanalysis
2014-09-18,37.5,26.6,31.5,37.8,27.7,31.7,0.0,22.6,43.6,286,19.97,997.1,loc_tiruchirappalli,10.7905,78.7047,ECMWF_ERA5_Reanalysis
2014-09-19,38.6,26.3,31.5,39.0,27.6,32.1,0.0,18.9,42.5,286,21.58,997.8,loc_tiruchirappalli,10.7905,78.7047,ECMWF_ERA5_Reanalysis
2014-09-20,37.5,26.6,31.6,37.6,28.2,32.5,0.2,20.2,46.4,288,19.89,997.2,loc_tiruchirappalli,10.7905,78.7047,ECMWF_ERA5_Reanalysis
2014-09-21,38.2,27.6,32.8,39.9,30.0,34.7,0.0,12.5,38.2,293,20.62,997.8,loc_tiruchirappalli,10.7905,78.7047,ECMWF_ERA5_Reanalysis
2014-09-22,37.1,27.4,31.1,41.1,32.2,34.5,2.0,12.5,28.8,56,16.74,999.0,loc_tiruchirappalli,10.7905,78.7047,ECMWF_ERA5_Reanalysis
2014-09-23,37.6,26.4,31.0,42.2,30.6,34.8,8.4,10.8,25.9,267,20.16,998.4,loc_tiruchirappalli,10.7905,78.7047,ECMWF_ERA5_Reanalysis
2014-09-24,36.3,25.6,29.9,42.7,30.5,34.9,3.3,8.7,22.0,273,22.44,998.8,loc_tiruchirappalli,10.7905,78.7047,ECMWF_ERA5_Reanalysis
2014-09-25,35.3,25.2,29.2,40.5,30.5,34.0,6.2,15.3,29.9,121,22.87,999.5,loc_tiruchirappalli,10.7905,78.7047,ECMWF_ERA5_Reanalysis
2014-09-26,34.8,24.7,27.9,40.6,29.6,33.1,24.4,13.5,31.3,126,20.57,1000.7,loc_tiruchirappalli,10.7905,78.7047,ECMWF_ERA5_Reanalysis
2014-09-27,32.5,24.8,27.9,37.5,30.0,32.7,1.5,9.9,25.6,118,16.72,1001.5,loc_tiruchirappalli,10.7905,78.7047,ECMWF_ERA5_Reanalysis
2014-09-28,32.6,24.6,27.3,38.2,29.8,32.4,10.0,13.0,28.4,110,17.71,1001.7,loc_tiruchirappalli,10.7905,78.7047,ECMWF_ERA5_Reanalysis
2014-09-29,32.4,24.4,27.2,37.4,29.6,32.4,7.2,10.0,24.5,112,18.95,1001.6,loc_tiruchirappalli,10.7905,78.7047,ECMWF_ERA5_Reanalysis
2014-09-30,31.6,24.3,26.8,38.6,29.4,32.1,12.1,14.4,32.0,117,15.57,1001.4,loc_tiruchirappalli,10.7905,78.7047,ECMWF_ERA5_Reanalysis
2014-10-01,32.0,24.3,27.6,36.9,29.8,32.7,2.3,7.1,20.2,75,17.86,1001.5,loc_tiruchirappalli,10.7905,78.7047,ECMWF_ERA5_Reanalysis
2014-10-02,33.6,24.3,28.7,37.8,29.3,33.0,0.0,11.6,27.4,81,22.08,1001.2,loc_tiruchirappalli,10.7905,78.7047,ECMWF_ERA5_Reanalysis
2014-10-03,33.2,24.8,28.8,38.6,29.5,33.2,0.0,10.1,24.1,148,22.91,1000.7,loc_tiruchirappalli,10.7905,78.7047,ECMWF_ERA5_Reanalysis
2014-10-04,33.6,25.1,28.9,38.7,30.3,33.7,1.0,7.4,20.9,269,20.79,1001.0,loc_tiruchirappalli,10.7905,78.7047,ECMWF_ERA5_Reanalysis
2014-10-05,34.8,25.3,29.3,40.3,29.3,33.8,0.5,7.9,21.6,276,21.54,1001.1,loc_tiruchirappalli,10.7905,78.7047,ECMWF_ERA5_Reanalysis
2014-10-06,35.7,25.9,29.2,40.6,29.7,33.5,3.7,15.0,31.7,287,22.39,1000.7,loc_tiruchirappalli,10.7905,78.7047,ECMWF_ERA5_Reanalysis
2014-10-07,33.2,25.3,28.1,38.1,29.5,32.8,6.0,9.7,27.4,289,17.37,999.3,loc_tiruchirappalli,10.7905,78.7047,ECMWF_ERA5_Reanalysis
2014-10-08,33.4,24.7,28.1,39.3,29.0,32.6,5.6,11.3,27.0,304,20.16,999.1,loc_tiruchirappalli,10.7905,78.7047,ECMWF_ERA5_Reanalysis
2014-10-09,33.6,24.7,28.2,39.8,30.5,33.5,3.5,9.2,25.9,319,19.75,999.0,loc_tiruchirappalli,10.7905,78.7047,ECMWF_ERA5_Reanalysis
2014-10-10,34.2,26.1,28.8,38.4,30.3,33.5,7.5,11.8,31.7,267,18.96,998.1,loc_tiruchirappalli,10.7905,78.7047,ECMWF_ERA5_Reanalysis
2014-10-11,34.7,26.4,29.5,38.8,28.9,32.5,1.1,17.0,40.7,273,19.69,996.9,loc_tiruchirappalli,10.7905,78.7047,ECMWF_ERA5_Reanalysis
2014-10-12,34.4,26.8,29.1,38.4,29.1,32.4,4.7,16.7,42.1,270,18.6,996.8,loc_tiruchirappalli,10.7905,78.7047,ECMWF_ERA5_Reanalysis
2014-10-13,35.3,25.7,28.7,40.9,29.1,32.9,5.7,13.7,30.2,256,19.4,997.7,loc_tiruchirappalli,10.7905,78.7047,ECMWF_ERA5_Reanalysis
2014-10-14,34.3,24.7,28.1,40.8,30.0,33.7,16.3,12.0,28.8,149,21.56,999.5,loc_tiruchirappalli,10.7905,78.7047,ECMWF_ERA5_Reanalysis
2014-10-15,32.8,24.5,27.4,37.8,29.7,32.8,4.6,9.1,25.6,65,18.48,1001.7,loc_tiruchirappalli,10.7905,78.7047,ECMWF_ERA5_Reanalysis
2014-10-16,30.6,24.2,26.5,34.6,28.7,30.9,5.6,12.3,30.2,47,13.89,1001.7,loc_tiruchirappalli,10.7905,78.7047,ECMWF_ERA5_Reanalysis
2014-10-17,28.5,23.9,25.4,32.9,27.9,29.8,8.1,10.2,27.0,44,9.21,1002.0,loc_tiruchirappalli,10.7905,78.7047,ECMWF_ERA5_Reanalysis
2014-10-18,25.6,23.5,24.2,29.8,27.8,28.5,29.3,13.6,28.1,33,4.1,1001.5,loc_tiruchirappalli,10.7905,78.7047,ECMWF_ERA5_Reanalysis
2014-10-19,25.5,22.7,23.6,29.7,26.4,27.6,33.1,11.7,24.1,29,4.45,1001.1,loc_tiruchirappalli,10.7905,78.7047,ECMWF_ERA5_Reanalysis
2014-10-20,25.0,22.8,23.5,29.7,26.4,27.7,36.2,10.6,23.0,26,4.17,1001.4,loc_tiruchirappalli,10.7905,78.7047,ECMWF_ERA5_Reanalysis
2014-10-21,27.0,22.6,24.2,31.9,26.4,28.7,15.4,9.8,24.1,36,7.64,1002.9,loc_tiruchirappalli,10.7905,78.7047,ECMWF_ERA5_Reanalysis
2014-10-22,29.8,22.8,25.1,33.8,26.8,29.2,7.0,15.2,31.7,49,14.35,1003.2,loc_tiruchirappalli,10.7905,78.7047,ECMWF_ERA5_Reanalysis
2014-10-23,28.3,23.2,24.7,32.3,27.7,29.3,14.2,11.5,25.6,34,9.32,1002.8,loc_tiruchirappalli,10.7905,78.7047,ECMWF_ERA5_Reanalysis
2014-10-24,29.8,22.8,25.7,34.7,27.2,30.4,6.6,7.6,18.7,51,15.9,1001.8,loc_tiruchirappalli,10.7905,78.7047,ECMWF_ERA5_Reanalysis
2014-10-25,30.0,23.1,26.0,36.3,28.5,31.3,8.3,8.7,23.0,105,14.39,1001.9,loc_tiruchirappalli,10.7905,78.7047,ECMWF_ERA5_Reanalysis
2014-10-26,30.3,23.6,25.9,36.7,28.6,31.1,10.1,6.9,20.5,16,16.3,1003.1,loc_tiruchirappalli,10.7905,78.7047,ECMWF_ERA5_Reanalysis
2014-10-27,30.3,22.9,26.1,36.7,27.4,31.1,4.5,8.5,15.8,56,16.52,1003.2,loc_tiruchirappalli,10.7905,78.7047,ECMWF_ERA5_Reanalysis
2014-10-28,30.4,23.2,26.6,35.6,27.7,31.3,2.0,6.6,18.4,359,17.97,1002.1,loc_tiruchirappalli,10.7905,78.7047,ECMWF_ERA5_Reanalysis
2014-10-29,29.6,23.3,26.0,35.7,27.8,31.0,15.2,7.4,22.7,1,15.75,1002.0,loc_tiruchirappalli,10.7905,78.7047,ECMWF_ERA5_Reanalysis
2014-10-30,30.5,23.2,26.5,34.1,27.3,30.0,0.1,14.5,31.0,30,19.54,1001.4,loc_tiruchirappalli,10.7905,78.7047,ECMWF_ERA5_Reanalysis
2014-10-31,28.8,22.6,25.3,32.1,25.9,28.7,0.7,9.0,29.2,30,14.35,1001.2,loc_tiruchirappalli,10.7905,78.7047,ECMWF_ERA5_Reanalysis
2014-11-01,29.9,22.3,25.8,32.8,26.1,29.3,0.4,9.6,25.9,18,17.51,1001.2,loc_tiruchirappalli,10.7905,78.7047,ECMWF_ERA5_Reanalysis
2014-11-02,27.7,23.3,24.6,31.2,27.6,28.8,2.8,8.8,23.0,297,7.27,1002.2,loc_tiruchirappalli,10.7905,78.7047,ECMWF_ERA5_Reanalysis
2014-11-03,28.3,22.6,24.9,32.1,26.6,28.6,2.2,10.3,34.2,317,10.4,1002.3,loc_tiruchirappalli,10.7905,78.7047,ECMWF_ERA5_Reanalysis
2014-11-04,29.0,22.5,25.3,32.3,25.6,28.9,0.1,7.0,19.1,259,11.34,1002.2,loc_tiruchirappalli,10.7905,78.7047,ECMWF_ERA5_Reanalysis
2014-11-05,30.3,23.2,26.1,33.8,26.9,29.8,0.0,10.5,27.0,278,14.64,1002.4,loc_tiruchirappalli,10.7905,78.7047,ECMWF_ERA5_Reanalysis
2014-11-06,31.9,22.6,26.4,34.9,25.0,29.3,0.0,10.4,25.2,323,21.31,1001.5,loc_tiruchirappalli,10.7905,78.7047,ECMWF_ERA5_Reanalysis
2014-11-07,32.0,20.3,26.1,36.4,22.7,29.0,0.0,8.9,18.0,320,21.01,1001.2,loc_tiruchirappalli,10.7905,78.7047,ECMWF_ERA5_Reanalysis
2014-11-08,31.7,22.4,26.9,36.8,26.3,30.8,0.0,7.4,16.6,86,20.52,1001.6,loc_tiruchirappalli,10.7905,78.7047,ECMWF_ERA5_Reanalysis
2014-11-09,32.3,22.1,27.6,36.9,25.9,31.5,0.0,9.2,20.5,240,21.35,1001.5,loc_tiruchirappalli,10.7905,78.7047,ECMWF_ERA5_Reanalysis
2014-11-10,31.1,24.5,27.1,36.6,29.3,31.7,1.4,9.0,23.0,74,15.5,1001.5,loc_tiruchirappalli,10.7905,78.7047,ECMWF_ERA5_Reanalysis
2014-11-11,31.1,23.7,27.0,34.6,28.4,30.8,0.6,14.5,30.2,44,17.66,1001.2,loc_tiruchirappalli,10.7905,78.7047,ECMWF_ERA5_Reanalysis
2014-11-12,28.9,23.5,25.2,32.2,27.1,28.7,9.4,18.2,41.0,21,12.62,1000.6,loc_tiruchirappalli,10.7905,78.7047,ECMWF_ERA5_Reanalysis
2014-11-13,26.7,22.8,24.1,30.9,26.8,28.3,17.0,12.4,25.6,42,5.74,1001.4,loc_tiruchirappalli,10.7905,78.7047,ECMWF_ERA5_Reanalysis
2014-11-14,28.1,22.8,24.4,32.6,27.1,28.7,12.7,12.3,28.8,48,9.39,1003.5,loc_tiruchirappalli,10.7905,78.7047,ECMWF_ERA5_Reanalysis
2014-11-15,29.3,23.2,25.6,34.7,27.2,29.9,1.7,12.7,33.1,47,16.1,1003.0,loc_tiruchirappalli,10.7905,78.7047,ECMWF_ERA5_Reanalysis
2014-11-16,29.3,23.2,25.7,33.9,26.7,29.2,0.4,15.5,36.0,38,16.75,1002.4,loc_tiruchirappalli,10.7905,78.7047,ECMWF_ERA5_Reanalysis
2014-11-17,29.0,23.3,25.7,31.2,26.3,28.4,0.8,18.1,37.4,40,15.4,1002.7,loc_tiruchirappalli,10.7905,78.7047,ECMWF_ERA5_Reanalysis
2014-11-18,27.5,21.9,24.2,30.4,24.2,27.2,3.9,18.4,37.4,33,9.86,1003.8,loc_tiruchirappalli,10.7905,78.7047,ECMWF_ERA5_Reanalysis
2014-11-19,30.0,23.1,25.8,32.6,26.6,28.6,0.1,19.3,38.9,37,17.99,1003.6,loc_tiruchirappalli,10.7905,78.7047,ECMWF_ERA5_Reanalysis
2014-11-20,28.9,21.9,25.4,30.6,24.4,27.9,0.1,18.4,39.6,33,12.64,1002.5,loc_tiruchirappalli,10.7905,78.7047,ECMWF_ERA5_Reanalysis
2014-11-21,28.2,23.1,25.3,31.0,25.5,28.1,0.7,14.1,33.5,38,10.76,1003.0,loc_tiruchirappalli,10.7905,78.7047,ECMWF_ERA5_Reanalysis
2014-11-22,28.3,23.2,25.1,31.3,27.0,28.7,2.2,11.4,30.2,34,9.1,1002.3,loc_tiruchirappalli,10.7905,78.7047,ECMWF_ERA5_Reanalysis
2014-11-23,28.1,23.1,24.8,30.6,26.4,28.0,7.0,15.3,35.6,49,11.29,1002.3,loc_tiruchirappalli,10.7905,78.7047,ECMWF_ERA5_Reanalysis
2014-11-24,28.6,22.6,25.2,29.9,25.1,27.2,0.9,17.7,35.6,37,12.65,1002.4,loc_tiruchirappalli,10.7905,78.7047,ECMWF_ERA5_Reanalysis
2014-11-25,28.0,22.2,24.7,28.8,24.0,26.2,0.0,19.2,42.5,29,14.34,1002.4,loc_tiruchirappalli,10.7905,78.7047,ECMWF_ERA5_Reanalysis
2014-11-26,27.8,21.7,24.6,28.7,23.2,25.8,0.0,19.7,40.0,28,11.65,1000.7,loc_tiruchirappalli,10.7905,78.7047,ECMWF_ERA5_Reanalysis
2014-11-27,27.4,21.9,24.7,29.6,23.7,26.7,5.8,17.3,34.2,26,9.08,1000.4,loc_tiruchirappalli,10.7905,78.7047,ECMWF_ERA5_Reanalysis
2014-11-28,25.7,21.3,23.2,27.4,24.6,25.7,24.0,11.9,26.3,351,6.27,1001.5,loc_tiruchirappalli,10.7905,78.7047,ECMWF_ERA5_Reanalysis
2014-11-29,23.1,17.8,20.5,25.3,18.0,22.4,54.3,12.8,43.9,315,3.74,1001.9,loc_tiruchirappalli,10.7905,78.7047,ECMWF_ERA5_Reanalysis
2014-11-30,24.6,19.5,22.0,25.9,20.2,22.9,6.4,13.7,37.1,316,6.31,1001.3,loc_tiruchirappalli,10.7905,78.7047,ECMWF_ERA5_Reanalysis
2014-12-01,25.0,21.9,23.1,27.4,22.4,25.0,6.9,13.3,30.2,340,4.04,1001.4,loc_tiruchirappalli,10.7905,78.7047,ECMWF_ERA5_Reanalysis
2014-12-02,27.5,21.8,24.4,30.0,24.0,26.8,6.1,16.2,41.4,21,12.21,1002.8,loc_tiruchirappalli,10.7905,78.7047,ECMWF_ERA5_Reanalysis
2014-12-03,28.5,17.9,23.2,30.5,19.2,25.0,0.0,13.2,29.5,37,21.47,1003.1,loc_tiruchirappalli,10.7905,78.7047,ECMWF_ERA5_Reanalysis
2014-12-04,27.9,18.2,22.8,29.9,19.6,24.6,0.0,13.0,29.5,40,21.07,1003.7,loc_tiruchirappalli,10.7905,78.7047,ECMWF_ERA5_Reanalysis
2014-12-05,27.5,17.4,22.4,29.3,18.5,23.9,0.0,11.5,27.4,40,20.43,1004.0,loc_tiruchirappalli,10.7905,78.7047,ECMWF_ERA5_Reanalysis
2014-12-06,28.4,17.9,23.5,30.8,19.2,25.2,0.0,12.4,27.4,36,18.96,1003.4,loc_tiruchirappalli,10.7905,78.7047,ECMWF_ERA5_Reanalysis
2014-12-07,29.0,20.9,25.1,32.9,23.5,28.0,0.0,11.5,27.0,45,16.61,1002.7,loc_tiruchirappalli,10.7905,78.7047,ECMWF_ERA5_Reanalysis
2014-12-08,28.8,22.8,25.4,31.5,26.6,28.9,0.5,13.4,28.1,52,12.68,1002.8,loc_tiruchirappalli,10.7905,78.7047,ECMWF_ERA5_Reanalysis
2014-12-09,29.0,22.7,25.5,32.0,26.7,29.1,0.4,11.7,25.6,54,13.21,1003.5,loc_tiruchirappalli,10.7905,78.7047,ECMWF_ERA5_Reanalysis
2014-12-10,28.5,23.7,25.4,32.3,27.9,29.4,3.8,13.9,29.9,51,11.26,1003.2,loc_tiruchirappalli,10.7905,78.7047,ECMWF_ERA5_Reanalysis
2014-12-11,29.6,22.6,25.6,33.0,26.7,29.4,0.4,10.2,25.2,60,15.68,1003.0,loc_tiruchirappalli,10.7905,78.7047,ECMWF_ERA5_Reanalysis
2014-12-12,28.5,22.9,24.6,31.8,26.4,28.2,5.6,13.6,30.6,49,11.27,1003.6,loc_tiruchirappalli,10.7905,78.7047,ECMWF_ERA5_Reanalysis
2014-12-13,28.2,22.6,24.5,32.0,25.8,27.9,5.4,15.2,31.7,46,12.03,1004.0,loc_tiruchirappalli,10.7905,78.7047,ECMWF_ERA5_Reanalysis
2014-12-14,29.0,22.6,25.4,33.1,26.0,28.8,0.3,13.4,30.2,49,16.03,1003.8,loc_tiruchirappalli,10.7905,78.7047,ECMWF_ERA5_Reanalysis
2014-12-15,30.2,20.8,25.5,32.9,23.7,28.3,0.0,13.7,31.3,40,20.85,1003.4,loc_tiruchirappalli,10.7905,78.7047,ECMWF_ERA5_Reanalysis
2014-12-16,28.4,24.1,25.5,31.2,27.1,28.8,2.6,17.6,37.1,37,9.58,1003.2,loc_tiruchirappalli,10.7905,78.7047,ECMWF_ERA5_Reanalysis
2014-12-17,27.0,23.0,24.2,28.4,25.9,27.1,14.6,23.8,47.9,27,7.38,1003.4,loc_tiruchirappalli,10.7905,78.7047,ECMWF_ERA5_Reanalysis
2014-12-18,26.7,23.1,24.7,28.8,25.8,27.1,0.7,19.1,40.0,38,9.65,1003.9,loc_tiruchirappalli,10.7905,78.7047,ECMWF_ERA5_Reanalysis
2014-12-19,24.8,23.3,24.0,27.3,24.6,26.3,2.3,15.9,38.2,32,3.98,1005.3,loc_tiruchirappalli,10.7905,78.7047,ECMWF_ERA5_Reanalysis
2014-12-20,27.4,21.0,23.8,28.0,22.7,25.1,0.4,18.1,37.1,37,12.15,1004.6,loc_tiruchirappalli,10.7905,78.7047,ECMWF_ERA5_Reanalysis
2014-12-21,28.2,20.8,24.1,30.0,22.4,25.6,0.0,15.3,31.0,32,17.69,1002.3,loc_tiruchirappalli,10.7905,78.7047,ECMWF_ERA5_Reanalysis
2014-12-22,27.8,22.2,24.5,29.3,23.3,26.0,0.0,18.2,42.5,38,12.25,1002.3,loc_tiruchirappalli,10.7905,78.7047,ECMWF_ERA5_Reanalysis
2014-12-23,29.1,20.5,24.6,31.2,21.7,26.2,0.0,14.6,33.1,38,17.52,1002.7,loc_tiruchirappalli,10.7905,78.7047,ECMWF_ERA5_Reanalysis
2014-12-24,27.4,22.8,24.9,29.2,25.0,27.0,0.0,18.5,37.8,34,10.01,1003.8,loc_tiruchirappalli,10.7905,78.7047,ECMWF_ERA5_Reanalysis
2014-12-25,29.5,21.1,25.0,31.8,23.3,26.8,0.0,14.0,30.6,37,19.65,1003.6,loc_tiruchirappalli,10.7905,78.7047,ECMWF_ERA5_Reanalysis
2014-12-26,28.1,20.5,24.1,29.3,21.4,24.9,0.0,15.9,36.7,38,19.94,1002.3,loc_tiruchirappalli,10.7905,78.7047,ECMWF_ERA5_Reanalysis
2014-12-27,25.5,18.5,22.2,25.6,20.4,23.2,9.2,16.9,35.3,13,7.44,1002.4,loc_tiruchirappalli,10.7905,78.7047,ECMWF_ERA5_Reanalysis
2014-12-28,24.0,19.6,21.3,27.3,21.9,24.1,40.7,10.1,28.8,331,5.08,1002.4,loc_tiruchirappalli,10.7905,78.7047,ECMWF_ERA5_Reanalysis
2014-12-29,26.4,20.8,23.0,29.3,23.6,26.0,14.5,15.2,30.6,348,6.74,1000.3,loc_tiruchirappalli,10.7905,78.7047,ECMWF_ERA5_Reanalysis
2014-12-30,29.4,21.3,25.2,33.4,24.7,28.8,0.0,9.4,29.5,350,14.86,998.6,loc_tiruchirappalli,10.7905,78.7047,ECMWF_ERA5_Reanalysis
2014-12-31,29.1,22.2,25.5,33.4,26.5,29.8,0.2,8.3,16.9,141,15.45,999.0,loc_tiruchirappalli,10.7905,78.7047,ECMWF_ERA5_Reanalysis
2015-01-01,28.8,22.8,25.2,34.8,27.2,30.0,4.8,8.7,27.4,146,16.95,1000.2,loc_tiruchirappalli,10.7905,78.7047,ECMWF_ERA5_Reanalysis
2015-01-02,30.0,21.8,25.3,34.3,25.4,29.5,1.8,9.0,19.1,138,17.82,1002.2,loc_tiruchirappalli,10.7905,78.7047,ECMWF_ERA5_Reanalysis
2015-01-03,29.7,21.5,24.9,33.7,25.9,29.0,0.0,7.6,16.9,116,18.31,1003.5,loc_tiruchirappalli,10.7905,78.7047,ECMWF_ERA5_Reanalysis
2015-01-04,29.3,22.3,25.3,33.3,26.4,29.4,0.3,8.0,17.3,72,14.15,1003.3,loc_tiruchirappalli,10.7905,78.7047,ECMWF_ERA5_Reanalysis
2015-01-05,29.3,21.6,24.9,32.5,25.3,28.1,0.0,10.6,24.1,48,17.33,1003.2,loc_tiruchirappalli,10.7905,78.7047,ECMWF_ERA5_Reanalysis
2015-01-06,29.0,21.0,24.4,31.7,23.8,27.1,0.0,10.9,26.3,38,18.22,1003.7,loc_tiruchirappalli,10.7905,78.7047,ECMWF_ERA5_Reanalysis
2015-01-07,29.1,19.7,24.2,33.2,22.3,27.2,0.0,9.4,21.6,47,19.57,1003.6,loc_tiruchirappalli,10.7905,78.7047,ECMWF_ERA5_Reanalysis
2015-01-08,29.1,21.1,24.7,33.1,24.5,28.0,0.1,9.8,19.1,57,18.15,1003.8,loc_tiruchirappalli,10.7905,78.7047,ECMWF_ERA5_Reanalysis
2015-01-09,28.0,21.1,24.3,30.6,24.5,27.5,0.4,9.7,23.4,58,16.44,1004.9,loc_tiruchirappalli,10.7905,78.7047,ECMWF_ERA5_Reanalysis
2015-01-10,28.3,20.4,24.0,30.4,21.1,25.7,0.0,13.9,31.7,46,21.25,1005.1,loc_tiruchirappalli,10.7905,78.7047,ECMWF_ERA5_Reanalysis
2015-01-11,27.5,17.5,22.4,28.3,18.2,23.1,0.0,16.2,36.0,34,21.54,1005.2,loc_tiruchirappalli,10.7905,78.7047,ECMWF_ERA5_Reanalysis
2015-01-12,27.0,16.0,21.7,27.8,16.4,22.3,0.0,14.5,33.5,35,20.12,1004.9,loc_tiruchirappalli,10.7905,78.7047,ECMWF_ERA5_Reanalysis
2015-01-13,27.5,15.9,21.9,28.0,16.1,22.3,0.0,13.2,33.1,29,22.72,1004.1,loc_tiruchirappalli,10.7905,78.7047,ECMWF_ERA5_Reanalysis
2015-01-14,28.4,16.7,22.4,30.3,17.3,23.4,0.0,12.4,25.9,34,21.87,1003.6,loc_tiruchirappalli,10.7905,78.7047,ECMWF_ERA5_Reanalysis
2015-01-15,28.3,16.5,22.5,29.8,17.4,23.6,0.0,12.1,29.2,41,22.48,1003.9,loc_tiruchirappalli,10.7905,78.7047,ECMWF_ERA5_Reanalysis
2015-01-16,28.4,18.1,23.2,30.3,19.7,25.2,0.0,12.9,28.1,37,12.83,1004.1,loc_tiruchirappalli,10.7905,78.7047,ECMWF_ERA5_Reanalysis
2015-01-17,28.9,20.9,24.5,30.5,23.3,26.4,0.0,15.5,33.1,48,13.81,1004.5,loc_tiruchirappalli,10.7905,78.7047,ECMWF_ERA5_Reanalysis
2015-01-18,28.5,19.9,24.1,29.9,21.9,25.5,0.0,14.0,30.2,46,15.99,1005.1,loc_tiruchirappalli,10.7905,78.7047,ECMWF_ERA5_Reanalysis
2015-01-19,28.9,18.7,23.7,30.1,20.3,24.8,0.0,16.5,33.8,50,17.84,1004.9,loc_tiruchirappalli,10.7905,78.7047,ECMWF_ERA5_Reanalysis
2015-01-20,28.7,18.5,23.5,30.1,20.0,24.9,0.0,12.7,29.9,50,16.28,1006.4,loc_tiruchirappalli,10.7905,78.7047,ECMWF_ERA5_Reanalysis
2015-01-21,28.4,19.5,23.7,28.7,21.0,24.6,0.0,16.4,35.3,41,16.87,1007.6,loc_tiruchirappalli,10.7905,78.7047,ECMWF_ERA5_Reanalysis
2015-01-22,29.5,17.2,23.7,31.7,18.4,25.3,0.0,12.8,29.2,40,20.37,1007.2,loc_tiruchirappalli,10.7905,78.7047,ECMWF_ERA5_Reanalysis
2015-01-23,28.5,22.3,24.6,32.2,25.3,27.3,1.2,14.8,33.1,49,15.83,1005.1,loc_tiruchirappalli,10.7905,78.7047,ECMWF_ERA5_Reanalysis
2015-01-24,28.8,20.7,24.8,31.1,23.7,27.2,1.0,16.2,34.9,46,16.96,1004.8,loc_tiruchirappalli,10.7905,78.7047,ECMWF_ERA5_Reanalysis
2015-01-25,29.0,20.9,24.5,30.8,21.4,26.1,0.0,16.2,34.9,43,17.93,1006.1,loc_tiruchirappalli,10.7905,78.7047,ECMWF_ERA5_Reanalysis
2015-01-26,28.1,18.3,23.5,28.8,19.8,24.5,0.2,15.0,34.6,38,14.93,1005.6,loc_tiruchirappalli,10.7905,78.7047,ECMWF_ERA5_Reanalysis
2015-01-27,28.0,18.0,23.3,29.4,19.3,25.0,0.5,15.5,33.1,34,13.73,1004.1,loc_tiruchirappalli,10.7905,78.7047,ECMWF_ERA5_Reanalysis
2015-01-28,28.3,22.3,25.0,29.6,24.1,26.7,0.0,16.1,34.6,44,12.73,1002.7,loc_tiruchirappalli,10.7905,78.7047,ECMWF_ERA5_Reanalysis
2015-01-29,29.1,20.2,24.7,30.2,22.3,26.5,0.0,16.9,35.3,45,14.6,1003.4,loc_tiruchirappalli,10.7905,78.7047,ECMWF_ERA5_Reanalysis
2015-01-30,28.0,21.8,24.7,29.5,23.9,26.6,0.2,15.0,34.9,48,11.34,1005.2,loc_tiruchirappalli,10.7905,78.7047,ECMWF_ERA5_Reanalysis
2015-01-31,29.8,20.0,24.5,30.5,22.0,25.7,0.0,18.1,39.2,46,20.52,1005.5,loc_tiruchirappalli,10.7905,78.7047,ECMWF_ERA5_Reanalysis
2015-02-01,30.4,19.2,24.4,30.6,20.9,25.5,0.0,16.8,37.4,45,19.56,1005.3,loc_tiruchirappalli,10.7905,78.7047,ECMWF_ERA5_Reanalysis
2015-02-02,30.2,19.4,24.4,31.1,21.4,25.5,0.0,18.4,39.6,47,21.0,1006.2,loc_tiruchirappalli,10.7905,78.7047,ECMWF_ERA5_Reanalysis
2015-02-03,28.6,20.1,24.3,28.9,21.3,25.1,0.0,18.5,38.9,36,13.61,1007.5,loc_tiruchirappalli,10.7905,78.7047,ECMWF_ERA5_Reanalysis
2015-02-04,28.1,21.2,24.6,29.4,22.5,26.0,0.6,16.1,39.2,35,12.06,1007.0,loc_tiruchirappalli,10.7905,78.7047,ECMWF_ERA5_Reanalysis
2015-02-05,29.2,21.1,25.1,30.8,22.6,26.5,0.0,15.7,36.0,46,14.04,1005.4,loc_tiruchirappalli,10.7905,78.7047,ECMWF_ERA5_Reanalysis
2015-02-06,30.8,19.3,24.8,32.5,21.3,26.4,0.0,15.1,33.1,48,21.34,1005.2,loc_tiruchirappalli,10.7905,78.7047,ECMWF_ERA5_Reanalysis
2015-02-07,30.7,19.5,24.8,32.5,21.7,26.3,0.0,14.1,29.9,48,21.68,1004.8,loc_tiruchirappalli,10.7905,78.7047,ECMWF_ERA5_Reanalysis
2015-02-08,30.8,18.7,24.6,32.7,20.6,26.2,0.0,13.7,28.4,46,22.22,1004.2,loc_tiruchirappalli,10.7905,78.7047,ECMWF_ERA5_Reanalysis
2015-02-09,30.5,19.8,24.8,31.5,21.8,26.3,0.0,13.7,32.0,45,17.99,1004.3,loc_tiruchirappalli,10.7905,78.7047,ECMWF_ERA5_Reanalysis
2015-02-10,29.0,21.0,24.9,30.6,22.1,26.1,0.0,15.1,32.8,40,12.61,1004.8,loc_tiruchirappalli,10.7905,78.7047,ECMWF_ERA5_Reanalysis
2015-02-11,31.9,21.2,26.1,33.7,23.2,27.8,0.0,17.9,33.8,45,20.76,1003.8,loc_tiruchirappalli,10.7905,78.7047,ECMWF_ERA5_Reanalysis
2015-02-12,30.9,23.5,26.5,32.0,26.2,28.6,0.5,14.0,29.9,48,14.26,1003.3,loc_tiruchirappalli,10.7905,78.7047,ECMWF_ERA5_Reanalysis
2015-02-13,32.6,22.2,26.7,35.8,25.2,29.2,0.0,14.3,27.7,60,21.15,1003.4,loc_tiruchirappalli,10.7905,78.7047,ECMWF_ERA5_Reanalysis
2015-02-14,33.3,22.8,26.9,36.4,25.9,29.7,0.0,13.3,25.2,72,22.07,1002.6,loc_tiruchirappalli,10.7905,78.7047,ECMWF_ERA5_Reanalysis
2015-02-15,33.3,19.9,26.1,34.8,22.3,27.9,0.0,14.4,26.3,73,24.54,1002.7,loc_tiruchirappalli,10.7905,78.7047,ECMWF_ERA5_Reanalysis
2015-02-16,32.7,20.5,25.8,34.8,23.3,27.8,0.0,10.9,25.9,66,22.74,1004.0,loc_tiruchirappalli,10.7905,78.7047,ECMWF_ERA5_Reanalysis
2015-02-17,32.9,19.9,25.4,34.4,22.2,27.2,0.0,11.5,27.0,75,23.05,1003.8,loc_tiruchirappalli,10.7905,78.7047,ECMWF_ERA5_Reanalysis
2015-02-18,32.0,19.4,25.2,34.4,21.5,27.2,0.0,11.1,23.0,107,22.96,1003.2,loc_tiruchirappalli,10.7905,78.7047,ECMWF_ERA5_Reanalysis
2015-02-19,32.8,19.6,25.6,34.1,21.3,27.0,0.0,12.3,24.8,82,25.12,1002.7,loc_tiruchirappalli,10.7905,78.7047,ECMWF_ERA5_Reanalysis
2015-02-20,32.5,18.1,25.1,34.1,19.9,26.3,0.0,14.5,31.7,59,24.08,1003.2,loc_tiruchirappalli,10.7905,78.7047,ECMWF_ERA5_Reanalysis
2015-02-21,32.4,19.2,25.5,33.8,20.9,26.9,0.0,13.1,28.1,50,23.48,1003.4,loc_tiruchirappalli,10.7905,78.7047,ECMWF_ERA5_Reanalysis
2015-02-22,33.1,19.7,25.8,33.6,21.8,26.7,0.0,14.0,32.0,49,24.62,1003.9,loc_tiruchirappalli,10.7905,78.7047,ECMWF_ERA5_Reanalysis
2015-02-23,33.4,19.2,25.9,35.0,21.1,27.2,0.0,13.8,27.0,55,24.37,1004.0,loc_tiruchirappalli,10.7905,78.7047,ECMWF_ERA5_Reanalysis
2015-02-24,33.3,20.0,26.4,34.0,22.1,27.3,0.0,14.5,31.0,61,24.2,1003.1,loc_tiruchirappalli,10.7905,78.7047,ECMWF_ERA5_Reanalysis
2015-02-25,32.8,22.1,26.7,34.4,24.5,28.8,0.0,14.8,29.2,74,17.47,1001.6,loc_tiruchirappalli,10.7905,78.7047,ECMWF_ERA5_Reanalysis
2015-02-26,32.6,23.9,27.4,36.2,28.0,30.9,0.4,13.6,31.7,94,17.31,1000.5,loc_tiruchirappalli,10.7905,78.7047,ECMWF_ERA5_Reanalysis
2015-02-27,33.7,24.0,27.7,38.4,28.9,32.2,2.5,10.7,24.1,113,21.18,1000.8,loc_tiruchirappalli,10.7905,78.7047,ECMWF_ERA5_Reanalysis
2015-02-28,34.3,23.5,27.9,39.3,28.3,32.0,1.0,13.7,30.2,126,20.0,1001.1,loc_tiruchirappalli,10.7905,78.7047,ECMWF_ERA5_Reanalysis
2015-03-01,33.9,23.2,28.0,37.0,27.7,31.3,0.7,13.7,28.4,123,19.75,1001.4,loc_tiruchirappalli,10.7905,78.7047,ECMWF_ERA5_Reanalysis
2015-03-02,33.2,24.1,28.0,36.4,28.8,31.7,0.3,15.5,31.0,107,18.49,1002.6,loc_tiruchirappalli,10.7905,78.7047,ECMWF_ERA5_Reanalysis
2015-03-03,34.0,23.3,28.4,37.4,27.5,31.7,0.1,12.6,24.8,86,20.94,1002.2,loc_tiruchirappalli,10.7905,78.7047,ECMWF_ERA5_Reanalysis
2015-03-04,35.3,23.6,29.3,39.7,27.9,32.7,0.0,15.3,31.3,138,23.44,1001.9,loc_tiruchirappalli,10.7905,78.7047,ECMWF_ERA5_Reanalysis
2015-03-05,34.9,23.9,28.7,39.4,28.6,32.7,1.3,11.8,31.7,117,20.69,1002.4,loc_tiruchirappalli,10.7905,78.7047,ECMWF_ERA5_Reanalysis
2015-03-06,34.3,24.5,29.1,38.0,29.9,32.8,0.7,12.9,28.1,90,20.2,1003.6,loc_tiruchirappalli,10.7905,78.7047,ECMWF_ERA5_Reanalysis
2015-03-07,35.1,25.2,29.0,38.9,29.7,32.5,0.3,18.1,32.0,78,22.03,1003.4,loc_tiruchirappalli,10.7905,78.7047,ECMWF_ERA5_Reanalysis
2015-03-08,34.3,24.2,28.3,36.9,28.4,31.3,0.2,14.9,33.1,93,20.96,1004.3,loc_tiruchirappalli,10.7905,78.7047,ECMWF_ERA5_Reanalysis
2015-03-09,34.3,22.7,28.3,36.5,26.4,30.7,0.0,13.7,29.9,72,21.7,1004.9,loc_tiruchirappalli,10.7905,78.7047,ECMWF_ERA5_Reanalysis
2015-03-10,34.5,21.6,27.9,35.5,25.0,29.5,0.0,15.8,35.3,57,24.43,1004.7,loc_tiruchirappalli,10.7905,78.7047,ECMWF_ERA5_Reanalysis
2015-03-11,34.6,20.6,27.6,36.6,22.9,29.1,0.0,16.6,34.2,61,23.35,1004.3,loc_tiruchirappalli,10.7905,78.7047,ECMWF_ERA5_Reanalysis
2015-03-12,32.9,23.0,28.0,33.5,25.4,29.5,0.0,15.8,34.9,53,16.41,1004.2,loc_tiruchirappalli,10.7905,78.7047,ECMWF_ERA5_Reanalysis
2015-03-13,35.0,23.0,28.5,36.4,25.9,30.3,0.0,16.9,36.7,65,23.18,1003.8,loc_tiruchirappalli,10.7905,78.7047,ECMWF_ERA5_Reanalysis
2015-03-14,32.9,23.3,27.3,36.1,26.5,30.2,3.3,13.8,34.6,92,17.24,1004.9,loc_tiruchirappalli,10.7905,78.7047,ECMWF_ERA5_Reanalysis
2015-03-15,34.2,23.8,27.3,38.5,28.1,31.3,6.7,15.0,34.6,110,18.92,1004.9,loc_tiruchirappalli,10.7905,78.7047,ECMWF_ERA5_Reanalysis
2015-03-16,32.0,23.8,27.6,35.9,27.6,31.3,2.8,14.5,30.6,102,17.89,1004.8,loc_tiruchirappalli,10.7905,78.7047,ECMWF_ERA5_Reanalysis
2015-03-17,34.2,21.0,27.3,37.1,24.1,29.8,0.0,13.1,26.6,74,24.51,1003.7,loc_tiruchirappalli,10.7905,78.7047,ECMWF_ERA5_Reanalysis
2015-03-18,36.0,20.7,27.9,37.6,24.1,30.1,0.0,12.7,25.2,129,26.88,1002.1,loc_tiruchirappalli,10.7905,78.7047,ECMWF_ERA5_Reanalysis
2015-03-19,36.6,21.7,28.6,38.4,25.1,30.9,0.0,13.1,26.6,119,26.6,1002.1,loc_tiruchirappalli,10.7905,78.7047,ECMWF_ERA5_Reanalysis
2015-03-20,36.0,21.6,28.1,37.8,24.9,30.4,0.0,13.0,28.4,77,24.6,1003.3,loc_tiruchirappalli,10.7905,78.7047,ECMWF_ERA5_Reanalysis
2015-03-21,37.0,21.6,28.6,38.7,24.9,30.5,0.0,13.0,29.5,78,25.66,1004.1,loc_tiruchirappalli,10.7905,78.7047,ECMWF_ERA5_Reanalysis
2015-03-22,38.1,22.1,29.5,39.5,24.7,31.3,0.0,12.0,29.2,95,26.9,1003.0,loc_tiruchirappalli,10.7905,78.7047,ECMWF_ERA5_Reanalysis
2015-03-23,37.7,23.1,29.9,40.3,26.8,32.5,0.0,13.2,26.3,142,26.02,1001.4,loc_tiruchirappalli,10.7905,78.7047,ECMWF_ERA5_Reanalysis
2015-03-24,38.3,22.3,30.3,40.3,25.6,32.5,0.0,14.8,31.7,122,26.48,1000.7,loc_tiruchirappalli,10.7905,78.7047,ECMWF_ERA5_Reanalysis
2015-03-25,36.4,23.8,29.3,39.2,27.4,31.8,0.0,12.7,27.7,112,23.44,1001.5,loc_tiruchirappalli,10.7905,78.7047,ECMWF_ERA5_Reanalysis
2015-03-26,36.0,22.3,28.9,38.5,26.0,31.4,0.0,13.1,28.8,83,24.42,1003.3,loc_tiruchirappalli,10.7905,78.7047,ECMWF_ERA5_Reanalysis
2015-03-27,36.6,22.5,29.4,38.6,25.9,31.6,0.0,15.1,31.7,65,25.96,1003.6,loc_tiruchirappalli,10.7905,78.7047,ECMWF_ERA5_Reanalysis
2015-03-28,34.8,23.4,28.8,37.9,27.1,32.1,0.6,13.8,28.8,72,20.13,1002.5,loc_tiruchirappalli,10.7905,78.7047,ECMWF_ERA5_Reanalysis
2015-03-29,36.9,25.8,30.1,39.1,30.6,33.5,0.0,15.3,32.0,86,22.17,1001.1,loc_tiruchirappalli,10.7905,78.7047,ECMWF_ERA5_Reanalysis
2015-03-30,36.0,24.9,29.6,39.5,30.1,33.5,0.9,14.7,30.6,103,21.25,1001.0,loc_tiruchirappalli,10.7905,78.7047,ECMWF_ERA5_Reanalysis
2015-03-31,35.6,25.6,29.4,39.6,31.1,33.8,1.9,13.2,29.9,106,20.99,1001.2,loc_tiruchirappalli,10.7905,78.7047,ECMWF_ERA5_Reanalysis
2015-04-01,35.3,25.4,29.5,38.9,31.1,33.8,1.2,14.3,28.8,114,19.3,1001.2,loc_tiruchirappalli,10.7905,78.7047,ECMWF_ERA5_Reanalysis
2015-04-02,37.1,24.9,30.1,41.1,29.3,34.3,1.4,15.6,31.7,153,22.11,1000.4,loc_tiruchirappalli,10.7905,78.7047,ECMWF_ERA5_Reanalysis
2015-04-03,39.8,25.5,32.0,43.6,30.5,35.7,0.0,21.0,43.2,155,26.03,998.0,loc_tiruchirappalli,10.7905,78.7047,ECMWF_ERA5_Reanalysis
2015-04-04,39.8,26.5,32.4,43.8,32.2,36.4,0.0,16.6,32.8,145,24.81,996.3,loc_tiruchirappalli,10.7905,78.7047,ECMWF_ERA5_Reanalysis
2015-04-05,39.6,25.9,32.0,42.0,31.4,35.8,0.0,17.3,37.1,141,24.71,997.2,loc_tiruchirappalli,10.7905,78.7047,ECMWF_ERA5_Reanalysis
2015-04-06,38.7,27.0,31.9,41.7,32.3,35.6,0.0,17.2,34.6,145,24.74,998.0,loc_tiruchirappalli,10.7905,78.7047,ECMWF_ERA5_Reanalysis
2015-04-07,39.7,25.9,31.7,42.1,31.4,35.3,0.0,19.5,39.6,136,25.83,998.5,loc_tiruchirappalli,10.7905,78.7047,ECMWF_ERA5_Reanalysis
2015-04-08,36.5,26.3,30.5,39.7,31.3,34.4,0.5,14.3,35.6,149,20.82,1000.4,loc_tiruchirappalli,10.7905,78.7047,ECMWF_ERA5_Reanalysis
2015-04-09,36.5,26.3,30.4,41.4,31.7,34.9,1.3,13.8,34.6,125,21.41,1000.8,loc_tiruchirappalli,10.7905,78.7047,ECMWF_ERA5_Reanalysis
2015-04-10,37.0,25.7,30.7,40.1,31.0,34.3,0.0,16.0,31.0,117,22.87,1001.3,loc_tiruchirappalli,10.7905,78.7047,ECMWF_ERA5_Reanalysis
2015-04-11,38.4,26.2,31.1,41.2,31.2,34.9,0.0,17.6,37.1,139,24.2,1001.5,loc_tiruchirappalli,10.7905,78.7047,ECMWF_ERA5_Reanalysis
2015-04-12,37.9,25.7,30.5,40.8,30.7,34.6,7.8,17.8,41.4,133,23.08,1002.5,loc_tiruchirappalli,10.7905,78.7047,ECMWF_ERA5_Reanalysis
2015-04-13,25.8,23.8,24.6,30.5,28.1,29.3,59.2,8.9,27.7,61,5.18,1003.6,loc_tiruchirappalli,10.7905,78.7047,ECMWF_ERA5_Reanalysis
2015-04-14,32.7,23.6,27.6,38.0,28.2,32.0,0.8,12.4,22.3,155,23.99,1001.5,loc_tiruchirappalli,10.7905,78.7047,ECMWF_ERA5_Reanalysis
2015-04-15,31.5,23.1,26.6,37.4,27.7,31.4,2.6,10.1,21.6,64,20.92,1001.6,loc_tiruchirappalli,10.7905,78.7047,ECMWF_ERA5_Reanalysis
2015-04-16,31.9,23.8,27.2,39.0,28.2,32.5,3.2,6.9,18.7,32,22.65,1002.8,loc_tiruchirappalli,10.7905,78.7047,ECMWF_ERA5_Reanalysis
2015-04-17,33.2,24.1,27.7,40.2,28.9,33.2,9.0,8.1,25.2,30,23.31,1001.4,loc_tiruchirappalli,10.7905,78.7047,ECMWF_ERA5_Reanalysis
2015-04-18,33.9,23.7,28.6,40.3,28.7,33.5,0.0,11.9,22.7,115,25.02,999.3,loc_tiruchirappalli,10.7905,78.7047,ECMWF_ERA5_Reanalysis
2015-04-19,33.7,24.8,29.2,39.8,30.1,34.4,0.2,11.3,25.2,130,23.44,999.3,loc_tiruchirappalli,10.7905,78.7047,ECMWF_ERA5_Reanalysis
2015-04-20,34.2,25.1,29.1,39.4,30.6,33.9,0.3,10.8,23.8,109,21.72,1000.6,loc_tiruchirappalli,10.7905,78.7047,ECMWF_ERA5_Reanalysis
2015-04-21,31.2,25.7,27.8,35.3,30.8,32.4,4.2,12.5,28.1,121,13.8,1001.2,loc_tiruchirappalli,10.7905,78.7047,ECMWF_ERA5_Reanalysis
2015-04-22,33.8,25.0,29.2,37.9,30.2,33.8,0.0,12.8,23.8,182,19.94,1000.3,loc_tiruchirappalli,10.7905,78.7047,ECMWF_ERA5_Reanalysis
2015-04-23,35.7,25.1,30.0,41.3,30.4,34.9,2.2,9.4,27.7,198,24.56,1000.0,loc_tiruchirappalli,10.7905,78.7047,ECMWF_ERA5_Reanalysis
2015-04-24,35.7,24.9,30.2,41.6,29.7,35.3,11.8,14.5,28.1,164,24.8,1000.6,loc_tiruchirappalli,10.7905,78.7047,ECMWF_ERA5_Reanalysis
2015-04-25,30.8,23.2,26.9,36.2,27.4,31.5,14.7,9.5,17.6,200,13.38,1000.6,loc_tiruchirappalli,10.7905,78.7047,ECMWF_ERA5_Reanalysis
2015-04-26,32.6,25.2,28.7,37.5,29.8,33.2,0.0,9.5,24.1,157,20.25,1000.5,loc_tiruchirappalli,10.7905,78.7047,ECMWF_ERA5_Reanalysis
2015-04-27,32.8,24.5,28.2,38.7,29.5,33.3,1.9,11.2,30.2,129,20.29,1001.5,loc_tiruchirappalli,10.7905,78.7047,ECMWF_ERA5_Reanalysis
2015-04-28,33.8,25.6,29.2,39.9,31.0,34.4,0.4,8.7,19.8,167,23.67,1001.1,loc_tiruchirappalli,10.7905,78.7047,ECMWF_ERA5_Reanalysis
2015-04-29,35.4,25.1,29.9,40.4,30.4,34.6,0.0,12.3,26.6,169,25.46,1000.4,loc_tiruchirappalli,10.7905,78.7047,ECMWF_ERA5_Reanalysis
2015-04-30,36.2,24.5,30.1,41.2,29.5,34.7,0.2,15.3,27.0,185,25.68,1000.6,loc_tiruchirappalli,10.7905,78.7047,ECMWF_ERA5_Reanalysis
2015-05-01,37.0,25.5,30.9,42.6,30.9,35.5,0.0,16.2,33.5,176,24.39,999.7,loc_tiruchirappalli,10.7905,78.7047,ECMWF_ERA5_Reanalysis
2015-05-02,38.0,25.4,31.3,43.3,30.8,36.0,0.2,15.9,33.1,193,25.59,999.2,loc_tiruchirappalli,10.7905,78.7047,ECMWF_ERA5_Reanalysis
2015-05-03,37.2,26.1,31.1,42.3,30.2,35.4,7.6,12.1,29.9,171,24.69,998.9,loc_tiruchirappalli,10.7905,78.7047,ECMWF_ERA5_Reanalysis
2015-05-04,35.5,25.8,30.4,41.1,31.6,35.3,0.5,11.3,26.6,141,23.03,999.6,loc_tiruchirappalli,10.7905,78.7047,ECMWF_ERA5_Reanalysis
2015-05-05,35.2,25.6,29.4,40.8,31.1,34.8,4.3,8.9,24.5,122,22.42,999.3,loc_tiruchirappalli,10.7905,78.7047,ECMWF_ERA5_Reanalysis
2015-05-06,35.7,25.5,29.5,41.5,30.8,34.9,6.0,12.0,37.1,145,22.73,998.4,loc_tiruchirappalli,10.7905,78.7047,ECMWF_ERA5_Reanalysis
2015-05-07,34.7,26.3,29.3,41.3,32.3,35.1,10.2,13.1,29.2,199,21.52,999.4,loc_tiruchirappalli,10.7905,78.7047,ECMWF_ERA5_Reanalysis
2015-05-08,35.9,26.0,30.2,42.4,31.7,35.9,3.7,11.5,25.2,219,22.76,998.5,loc_tiruchirappalli,10.7905,78.7047,ECMWF_ERA5_Reanalysis
2015-05-09,36.0,25.5,29.8,42.5,31.3,35.7,1.6,7.4,28.4,225,23.31,997.0,loc_tiruchirappalli,10.7905,78.7047,ECMWF_ERA5_Reanalysis
2015-05-10,34.3,26.5,30.3,41.3,32.1,35.6,0.0,12.1,23.8,154,16.65,997.4,loc_tiruchirappalli,10.7905,78.7047,ECMWF_ERA5_Reanalysis
2015-05-11,32.3,25.7,28.0,38.3,31.2,33.1,5.9,10.3,31.0,223,12.45,999.4,loc_tiruchirappalli,10.7905,78.7047,ECMWF_ERA5_Reanalysis
2015-05-12,31.5,23.2,26.6,36.1,27.5,31.2,12.2,9.4,31.3,129,15.66,999.3,loc_tiruchirappalli,10.7905,78.7047,ECMWF_ERA5_Reanalysis
2015-05-13,30.3,23.9,25.6,35.7,29.3,30.8,21.7,14.6,29.9,81,11.38,998.6,loc_tiruchirappalli,10.7905,78.7047,ECMWF_ERA5_Reanalysis
2015-05-14,28.8,24.9,26.3,34.3,30.1,31.7,2.9,9.8,21.6,44,10.6,998.5,loc_tiruchirappalli,10.7905,78.7047,ECMWF_ERA5_Reanalysis
2015-05-15,30.2,24.6,26.9,36.1,30.2,32.7,6.4,6.4,23.8,71,14.01,999.0,loc_tiruchirappalli,10.7905,78.7047,ECMWF_ERA5_Reanalysis
2015-05-16,29.0,24.7,26.2,35.2,30.1,32.0,10.2,7.0,25.6,128,11.69,997.9,loc_tiruchirappalli,10.7905,78.7047,ECMWF_ERA5_Reanalysis
2015-05-17,30.8,24.4,26.7,36.1,29.3,32.1,12.2,8.9,25.2,217,12.77,997.0,loc_tiruchirappalli,10.7905,78.7047,ECMWF_ERA5_Reanalysis
2015-05-18,31.3,24.9,27.6,36.2,30.4,32.6,2.1,10.1,26.6,233,15.28,997.1,loc_tiruchirappalli,10.7905,78.7047,ECMWF_ERA5_Reanalysis
2015-05-19,33.1,25.2,28.6,37.9,30.0,33.4,0.0,12.0,23.8,226,15.5,997.7,loc_tiruchirappalli,10.7905,78.7047,ECMWF_ERA5_Reanalysis
2015-05-20,35.2,25.3,30.1,40.8,29.2,34.7,0.0,12.8,30.2,225,25.1,997.8,loc_tiruchirappalli,10.7905,78.7047,ECMWF_ERA5_Reanalysis
2015-05-21,35.8,26.0,30.7,41.3,30.8,35.5,0.0,13.3,33.8,237,24.48,998.2,loc_tiruchirappalli,10.7905,78.7047,ECMWF_ERA5_Reanalysis
2015-05-22,35.6,26.0,30.5,40.8,29.8,34.8,0.0,13.3,31.0,240,24.53,998.4,loc_tiruchirappalli,10.7905,78.7047,ECMWF_ERA5_Reanalysis
2015-05-23,36.3,26.8,30.9,41.0,30.7,35.0,0.0,14.2,34.6,251,24.62,998.2,loc_tiruchirappalli,10.7905,78.7047,ECMWF_ERA5_Reanalysis
2015-05-24,37.2,27.0,31.5,42.1,30.3,35.5,0.4,15.5,38.9,257,25.68,998.3,loc_tiruchirappalli,10.7905,78.7047,ECMWF_ERA5_Reanalysis
2015-05-25,37.7,27.3,31.8,41.4,30.4,35.0,0.0,19.9,42.5,267,25.2,997.9,loc_tiruchirappalli,10.7905,78.7047,ECMWF_ERA5_Reanalysis
2015-05-26,37.9,27.3,31.9,40.8,30.7,34.8,0.0,19.1,42.5,262,25.9,998.1,loc_tiruchirappalli,10.7905,78.7047,ECMWF_ERA5_Reanalysis
2015-05-27,38.2,26.8,31.9,40.7,29.8,34.6,0.2,17.4,38.5,286,24.13,997.9,loc_tiruchirappalli,10.7905,78.7047,ECMWF_ERA5_Reanalysis
2015-05-28,35.8,25.8,30.3,38.3,30.6,34.2,1.9,18.6,38.5,290,20.03,996.9,loc_tiruchirappalli,10.7905,78.7047,ECMWF_ERA5_Reanalysis
2015-05-29,37.6,26.9,31.0,42.3,30.6,35.0,3.0,14.6,33.1,264,23.95,996.5,loc_tiruchirappalli,10.7905,78.7047,ECMWF_ERA5_Reanalysis
2015-05-30,36.9,27.0,30.7,43.4,30.5,35.3,1.8,14.3,27.0,252,23.15,997.0,loc_tiruchirappalli,10.7905,78.7047,ECMWF_ERA5_Reanalysis
2015-05-31,37.2,25.9,30.6,41.8,30.8,35.2,0.4,12.1,31.7,232,23.76,996.3,loc_tiruchirappalli,10.7905,78.7047,ECMWF_ERA5_Reanalysis
2015-06-01,36.6,26.6,30.1,42.0,30.4,34.6,13.3,15.2,34.6,251,23.0,996.6,loc_tiruchirappalli,10.7905,78.7047,ECMWF_ERA5_Reanalysis
2015-06-02,35.9,26.8,30.5,40.0,30.9,34.9,1.9,12.4,29.5,265,22.41,997.5,loc_tiruchirappalli,10.7905,78.7047,ECMWF_ERA5_Reanalysis
2015-06-03,35.5,26.2,30.4,41.2,30.7,35.2,6.0,8.3,24.5,259,22.44,996.9,loc_tiruchirappalli,10.7905,78.7047,ECMWF_ERA5_Reanalysis
2015-06-04,34.5,25.3,28.5,41.0,31.0,34.0,6.5,13.1,33.5,207,21.46,997.4,loc_tiruchirappalli,10.7905,78.7047,ECMWF_ERA5_Reanalysis
2015-06-05,34.9,25.0,29.5,40.3,30.7,34.6,0.7,8.9,34.9,228,22.14,998.2,loc_tiruchirappalli,10.7905,78.7047,ECMWF_ERA5_Reanalysis
2015-06-06,35.2,25.6,30.0,39.7,30.5,34.5,0.0,12.6,29.2,206,20.54,997.5,loc_tiruchirappalli,10.7905,78.7047,ECMWF_ERA5_Reanalysis
2015-06-07,36.1,26.2,30.9,40.2,32.1,35.3,0.0,13.8,34.2,202,23.7,997.3,loc_tiruchirappalli,10.7905,78.7047,ECMWF_ERA5_Reanalysis
2015-06-08,35.1,25.8,29.3,39.8,30.3,34.0,10.7,13.6,32.8,236,22.06,998.1,loc_tiruchirappalli,10.7905,78.7047,ECMWF_ERA5_Reanalysis
2015-06-09,35.8,25.7,30.1,40.0,28.9,33.8,0.0,12.6,37.1,260,24.8,998.5,loc_tiruchirappalli,10.7905,78.7047,ECMWF_ERA5_Reanalysis
2015-06-10,34.7,26.6,30.4,39.0,29.4,34.0,0.0,17.2,33.8,258,22.41,997.7,loc_tiruchirappalli,10.7905,78.7047,ECMWF_ERA5_Reanalysis
2015-06-11,35.5,25.8,29.8,39.6,29.6,33.7,6.4,15.9,36.7,268,21.93,997.5,loc_tiruchirappalli,10.7905,78.7047,ECMWF_ERA5_Reanalysis
2015-06-12,35.0,26.2,30.0,37.4,28.1,32.1,0.0,15.2,43.2,268,19.98,997.8,loc_tiruchirappalli,10.7905,78.7047,ECMWF_ERA5_Reanalysis
2015-06-13,36.3,26.2,30.0,40.3,28.9,33.2,2.3,14.3,46.1,257,23.08,997.0,loc_tiruchirappalli,10.7905,78.7047,ECMWF_ERA5_Reanalysis
2015-06-14,36.8,26.2,30.9,39.2,27.9,32.8,0.1,17.3,39.6,280,24.2,996.4,loc_tiruchirappalli,10.7905,78.7047,ECMWF_ERA5_Reanalysis
2015-06-15,36.6,26.5,30.8,39.6,29.1,33.1,0.0,22.8,50.0,279,22.74,996.1,loc_tiruchirappalli,10.7905,78.7047,ECMWF_ERA5_Reanalysis
2015-06-16,35.7,26.3,29.9,37.7,28.6,31.9,1.0,20.3,47.2,282,19.94,996.0,loc_tiruchirappalli,10.7905,78.7047,ECMWF_ERA5_Reanalysis
2015-06-17,32.8,26.7,29.2,33.5,28.6,30.8,0.0,19.1,41.0,280,10.17,995.2,loc_tiruchirappalli,10.7905,78.7047,ECMWF_ERA5_Reanalysis
2015-06-18,33.2,25.9,28.1,34.4,27.5,29.7,0.0,23.9,56.2,281,11.23,995.3,loc_tiruchirappalli,10.7905,78.7047,ECMWF_ERA5_Reanalysis
2015-06-19,34.5,26.6,29.9,34.7,28.6,31.0,0.2,26.8,63.7,271,17.29,995.6,loc_tiruchirappalli,10.7905,78.7047,ECMWF_ERA5_Reanalysis
2015-06-20,35.4,27.4,30.7,34.3,28.9,30.9,0.0,33.9,70.2,266,19.25,995.3,loc_tiruchirappalli,10.7905,78.7047,ECMWF_ERA5_Reanalysis
2015-06-21,36.1,27.9,31.2,34.4,29.2,31.6,0.0,31.8,65.2,256,16.74,995.9,loc_tiruchirappalli,10.7905,78.7047,ECMWF_ERA5_Reanalysis
2015-06-22,38.0,27.1,31.5,37.5,29.5,32.5,0.0,30.2,65.9,258,22.08,996.8,loc_tiruchirappalli,10.7905,78.7047,ECMWF_ERA5_Reanalysis
2015-06-23,38.0,26.7,31.5,39.8,30.0,33.5,0.5,20.2,44.3,259,21.33,997.7,loc_tiruchirappalli,10.7905,78.7047,ECMWF_ERA5_Reanalysis
2015-06-24,37.8,27.3,31.7,38.8,29.9,33.0,0.0,24.4,53.6,258,21.51,998.8,loc_tiruchirappalli,10.7905,78.7047,ECMWF_ERA5_Reanalysis
2015-06-25,37.9,27.1,31.4,38.6,29.8,32.5,0.0,30.3,65.2,264,22.27,998.5,loc_tiruchirappalli,10.7905,78.7047,ECMWF_ERA5_Reanalysis
2015-06-26,35.8,27.6,30.6,35.7,29.3,31.7,0.0,28.8,73.1,262,14.84,997.6,loc_tiruchirappalli,10.7905,78.7047,ECMWF_ERA5_Reanalysis
2015-06-27,36.2,27.7,31.0,35.6,29.3,31.7,0.0,32.1,63.7,272,17.09,997.5,loc_tiruchirappalli,10.7905,78.7047,ECMWF_ERA5_Reanalysis
2015-06-28,37.4,26.7,31.6,38.8,28.4,32.9,0.2,26.8,57.2,276,22.37,998.8,loc_tiruchirappalli,10.7905,78.7047,ECMWF_ERA5_Reanalysis
2015-06-29,37.3,26.6,30.7,40.1,29.4,33.3,3.6,18.2,49.3,263,21.19,1000.1,loc_tiruchirappalli,10.7905,78.7047,ECMWF_ERA5_Reanalysis
2015-06-30,37.6,26.5,31.4,40.6,29.2,33.8,0.0,14.8,46.1,262,22.18,999.9,loc_tiruchirappalli,10.7905,78.7047,ECMWF_ERA5_Reanalysis
2015-07-01,38.2,26.5,32.1,40.0,29.1,34.3,0.0,15.9,46.1,262,23.22,1000.1,loc_tiruchirappalli,10.7905,78.7047,ECMWF_ERA5_Reanalysis
2015-07-02,39.4,26.9,32.5,41.1,29.5,34.6,0.0,17.6,37.8,274,23.8,1000.3,loc_tiruchirappalli,10.7905,78.7047,ECMWF_ERA5_Reanalysis
2015-07-03,38.8,27.1,32.3,41.3,29.4,34.1,0.0,18.0,42.1,277,23.59,1000.1,loc_tiruchirappalli,10.7905,78.7047,ECMWF_ERA5_Reanalysis
2015-07-04,38.8,27.1,32.2,40.5,29.0,33.7,0.2,21.2,49.0,283,23.84,999.5,loc_tiruchirappalli,10.7905,78.7047,ECMWF_ERA5_Reanalysis
2015-07-05,38.7,26.9,32.0,39.4,28.9,33.0,0.4,21.8,48.6,282,23.46,997.9,loc_tiruchirappalli,10.7905,78.7047,ECMWF_ERA5_Reanalysis
2015-07-06,38.7,27.0,32.0,38.5,27.5,32.0,0.0,25.0,54.0,282,24.94,997.2,loc_tiruchirappalli,10.7905,78.7047,ECMWF_ERA5_Reanalysis
2015-07-07,38.9,26.1,31.7,38.5,27.2,31.5,0.0,24.3,49.3,282,24.6,996.9,loc_tiruchirappalli,10.7905,78.7047,ECMWF_ERA5_Reanalysis
2015-07-08,38.3,26.8,31.9,39.5,28.0,32.6,0.0,21.7,51.8,283,23.59,997.4,loc_tiruchirappalli,10.7905,78.7047,ECMWF_ERA5_Reanalysis
2015-07-09,38.2,26.7,31.3,39.4,28.4,32.4,0.0,24.5,52.2,277,22.67,998.3,loc_tiruchirappalli,10.7905,78.7047,ECMWF_ERA5_Reanalysis
2015-07-10,36.3,27.0,30.7,38.4,28.8,32.2,1.0,22.0,54.0,271,18.73,997.0,loc_tiruchirappalli,10.7905,78.7047,ECMWF_ERA5_Reanalysis
2015-07-11,38.1,26.8,31.3,40.1,29.0,32.8,0.0,20.8,45.0,277,21.59,997.1,loc_tiruchirappalli,10.7905,78.7047,ECMWF_ERA5_Reanalysis
2015-07-12,38.2,26.2,31.9,39.6,27.7,33.1,0.0,20.6,48.6,283,24.09,997.0,loc_tiruchirappalli,10.7905,78.7047,ECMWF_ERA5_Reanalysis
2015-07-13,39.4,26.8,32.5,41.2,29.0,34.0,0.0,19.1,43.2,285,24.01,996.3,loc_tiruchirappalli,10.7905,78.7047,ECMWF_ERA5_Reanalysis
2015-07-14,39.1,27.4,32.5,40.9,29.4,34.1,0.0,18.1,46.4,282,22.69,995.4,loc_tiruchirappalli,10.7905,78.7047,ECMWF_ERA5_Reanalysis
2015-07-15,36.2,26.4,29.7,38.6,28.4,31.4,1.3,23.1,50.0,279,14.06,994.9,loc_tiruchirappalli,10.7905,78.7047,ECMWF_ERA5_Reanalysis
2015-07-16,37.6,26.6,30.5,38.5,28.5,31.9,0.2,22.0,49.0,279,15.66,994.2,loc_tiruchirappalli,10.7905,78.7047,ECMWF_ERA5_Reanalysis
2015-07-17,37.2,26.7,30.5,38.5,28.5,31.5,0.2,25.2,56.2,274,20.02,995.1,loc_tiruchirappalli,10.7905,78.7047,ECMWF_ERA5_Reanalysis
2015-07-18,35.2,26.8,29.4,35.1,28.9,30.6,0.2,27.1,57.6,274,13.35,996.6,loc_tiruchirappalli,10.7905,78.7047,ECMWF_ERA5_Reanalysis
2015-07-19,34.4,26.4,28.2,34.8,27.2,29.7,2.4,29.2,60.8,279,12.37,997.0,loc_tiruchirappalli,10.7905,78.7047,ECMWF_ERA5_Reanalysis
2015-07-20,35.5,25.8,29.5,36.6,26.8,30.4,0.4,21.7,45.4,270,16.55,996.1,loc_tiruchirappalli,10.7905,78.7047,ECMWF_ERA5_Reanalysis
2015-07-21,36.2,25.7,29.6,38.3,28.1,32.0,3.0,19.1,45.7,274,19.04,996.3,loc_tiruchirappalli,10.7905,78.7047,ECMWF_ERA5_Reanalysis
2015-07-22,35.9,25.9,29.5,38.4,28.2,32.2,4.8,20.0,43.9,266,18.57,997.0,loc_tiruchirappalli,10.7905,78.7047,ECMWF_ERA5_Reanalysis
2015-07-23,36.6,26.1,30.1,39.4,28.2,32.5,0.4,16.2,39.6,267,21.33,998.1,loc_tiruchirappalli,10.7905,78.7047,ECMWF_ERA5_Reanalysis
2015-07-24,33.8,25.7,29.2,35.5,28.4,31.6,0.1,18.6,43.6,274,12.06,999.4,loc_tiruchirappalli,10.7905,78.7047,ECMWF_ERA5_Reanalysis
2015-07-25,36.7,25.8,29.7,39.5,27.6,31.6,1.8,20.8,43.9,281,19.08,998.9,loc_tiruchirappalli,10.7905,78.7047,ECMWF_ERA5_Reanalysis
2015-07-26,36.5,26.1,30.1,38.2,28.1,31.9,1.2,18.0,45.4,278,18.64,999.3,loc_tiruchirappalli,10.7905,78.7047,ECMWF_ERA5_Reanalysis
2015-07-27,36.7,26.0,30.1,38.9,28.6,32.8,2.5,18.1,39.6,287,18.19,999.8,loc_tiruchirappalli,10.7905,78.7047,ECMWF_ERA5_Reanalysis
2015-07-28,37.6,26.7,30.7,41.2,29.1,33.8,3.1,13.9,36.4,278,20.81,1000.3,loc_tiruchirappalli,10.7905,78.7047,ECMWF_ERA5_Reanalysis
2015-07-29,38.3,26.9,31.9,41.4,30.0,34.5,0.0,11.9,31.7,253,23.82,999.7,loc_tiruchirappalli,10.7905,78.7047,ECMWF_ERA5_Reanalysis
2015-07-30,37.5,26.2,31.7,38.6,28.4,33.5,0.0,13.6,33.1,277,22.06,999.5,loc_tiruchirappalli,10.7905,78.7047,ECMWF_ERA5_Reanalysis
2015-07-31,37.8,26.6,31.7,40.4,28.8,33.9,0.0,15.8,36.0,271,21.32,999.0,loc_tiruchirappalli,10.7905,78.7047,ECMWF_ERA5_Reanalysis
2015-08-01,36.6,27.2,30.7,38.2,29.8,33.2,3.1,14.2,40.0,288,19.82,1000.1,loc_tiruchirappalli,10.7905,78.7047,ECMWF_ERA5_Reanalysis
2015-08-02,33.7,26.8,29.6,36.1,29.5,32.3,1.1,13.2,44.3,276,15.6,1000.4,loc_tiruchirappalli,10.7905,78.7047,ECMWF_ERA5_Reanalysis
2015-08-03,36.4,25.9,29.5,38.4,28.5,32.1,4.3,16.0,45.4,273,19.3,999.2,loc_tiruchirappalli,10.7905,78.7047,ECMWF_ERA5_Reanalysis
2015-08-04,36.7,25.8,30.3,39.2,27.9,32.2,0.1,16.3,45.7,269,20.54,998.7,loc_tiruchirappalli,10.7905,78.7047,ECMWF_ERA5_Reanalysis
2015-08-05,36.8,25.8,30.4,38.6,27.8,31.9,0.3,21.6,50.8,272,21.39,998.6,loc_tiruchirappalli,10.7905,78.7047,ECMWF_ERA5_Reanalysis
2015-08-06,37.8,26.0,31.1,39.1,27.8,32.5,0.1,22.5,50.8,278,23.59,997.5,loc_tiruchirappalli,10.7905,78.7047,ECMWF_ERA5_Reanalysis
2015-08-07,37.9,26.3,31.6,39.2,28.0,32.7,0.0,21.2,52.2,281,23.32,997.1,loc_tiruchirappalli,10.7905,78.7047,ECMWF_ERA5_Reanalysis
2015-08-08,38.6,26.7,32.0,39.5,28.4,33.0,0.0,21.1,52.9,282,23.12,996.8,loc_tiruchirappalli,10.7905,78.7047,ECMWF_ERA5_Reanalysis
2015-08-09,37.7,26.5,31.4,39.1,28.4,32.8,0.3,20.6,47.9,279,21.23,995.3,loc_tiruchirappalli,10.7905,78.7047,ECMWF_ERA5_Reanalysis
2015-08-10,36.8,26.7,30.3,38.9,28.8,31.8,1.2,20.7,45.7,280,13.22,995.1,loc_tiruchirappalli,10.7905,78.7047,ECMWF_ERA5_Reanalysis
2015-08-11,37.4,26.8,31.3,38.2,28.8,32.5,0.0,20.8,48.2,279,19.17,996.5,loc_tiruchirappalli,10.7905,78.7047,ECMWF_ERA5_Reanalysis
2015-08-12,35.4,26.7,30.4,36.0,28.4,31.5,0.0,19.8,49.7,280,16.32,997.9,loc_tiruchirappalli,10.7905,78.7047,ECMWF_ERA5_Reanalysis
2015-08-13,37.6,26.5,31.3,38.6,28.6,32.6,0.0,22.1,46.4,281,20.94,997.7,loc_tiruchirappalli,10.7905,78.7047,ECMWF_ERA5_Reanalysis
2015-08-14,37.7,26.6,31.9,39.3,28.7,33.5,0.0,21.1,49.0,284,23.96,997.5,loc_tiruchirappalli,10.7905,78.7047,ECMWF_ERA5_Reanalysis
2015-08-15,38.2,27.3,31.4,41.0,29.9,34.3,2.4,15.3,38.5,287,19.31,998.3,loc_tiruchirappalli,10.7905,78.7047,ECMWF_ERA5_Reanalysis
2015-08-16,35.6,27.0,30.0,38.6,29.9,33.1,5.6,15.8,37.8,285,19.29,999.8,loc_tiruchirappalli,10.7905,78.7047,ECMWF_ERA5_Reanalysis
2015-08-17,34.1,24.6,28.1,39.1,28.8,32.8,14.5,11.2,29.5,284,18.87,998.8,loc_tiruchirappalli,10.7905,78.7047,ECMWF_ERA5_Reanalysis
2015-08-18,33.4,25.0,29.1,38.1,30.4,33.7,0.3,12.5,24.8,153,20.97,999.2,loc_tiruchirappalli,10.7905,78.7047,ECMWF_ERA5_Reanalysis
2015-08-19,35.1,25.6,30.2,38.5,30.8,33.7,0.0,16.1,34.2,169,22.14,1000.3,loc_tiruchirappalli,10.7905,78.7047,ECMWF_ERA5_Reanalysis
2015-08-20,35.8,26.1,30.8,39.4,30.9,34.5,0.0,15.1,28.8,206,22.44,1000.4,loc_tiruchirappalli,10.7905,78.7047,ECMWF_ERA5_Reanalysis
2015-08-21,36.1,26.5,30.0,40.1,30.0,34.1,6.7,11.2,33.8,242,21.38,1000.4,loc_tiruchirappalli,10.7905,78.7047,ECMWF_ERA5_Reanalysis
2015-08-22,32.2,26.7,29.2,35.4,29.5,32.4,0.0,13.0,37.8,276,13.99,999.9,loc_tiruchirappalli,10.7905,78.7047,ECMWF_ERA5_Reanalysis
2015-08-23,34.9,24.0,28.4,37.5,27.7,31.3,3.4,17.0,42.1,273,17.94,999.6,loc_tiruchirappalli,10.7905,78.7047,ECMWF_ERA5_Reanalysis
2015-08-24,35.6,25.8,30.4,38.3,28.0,32.4,0.0,16.9,37.4,285,20.7,999.7,loc_tiruchirappalli,10.7905,78.7047,ECMWF_ERA5_Reanalysis
2015-08-25,36.9,25.7,31.0,38.2,28.0,32.7,0.0,17.7,41.4,286,24.2,998.7,loc_tiruchirappalli,10.7905,78.7047,ECMWF_ERA5_Reanalysis
2015-08-26,36.4,26.0,30.9,37.9,28.0,32.3,0.0,20.2,40.7,284,21.47,997.6,loc_tiruchirappalli,10.7905,78.7047,ECMWF_ERA5_Reanalysis
2015-08-27,36.8,26.5,31.1,38.3,28.7,32.4,0.0,17.7,43.6,276,20.63,997.3,loc_tiruchirappalli,10.7905,78.7047,ECMWF_ERA5_Reanalysis
2015-08-28,38.6,25.8,31.7,39.2,27.2,32.7,0.0,17.0,42.5,275,25.4,998.2,loc_tiruchirappalli,10.7905,78.7047,ECMWF_ERA5_Reanalysis
2015-08-29,39.2,26.1,32.2,40.8,27.9,33.7,0.0,15.0,38.2,278,24.69,997.9,loc_tiruchirappalli,10.7905,78.7047,ECMWF_ERA5_Reanalysis
2015-08-30,39.4,26.3,32.6,41.2,28.7,34.1,0.0,14.0,34.9,273,23.91,998.5,loc_tiruchirappalli,10.7905,78.7047,ECMWF_ERA5_Reanalysis
2015-08-31,38.4,26.6,32.3,41.2,28.6,34.4,0.0,16.5,34.9,274,22.85,999.3,loc_tiruchirappalli,10.7905,78.7047,ECMWF_ERA5_Reanalysis
2015-09-01,38.4,27.2,32.8,42.1,31.2,35.8,0.0,12.4,27.0,211,22.76,998.5,loc_tiruchirappalli,10.7905,78.7047,ECMWF_ERA5_Reanalysis
2015-09-02,37.9,27.7,31.6,42.3,32.4,35.5,2.3,14.0,27.7,194,21.83,998.0,loc_tiruchirappalli,10.7905,78.7047,ECMWF_ERA5_Reanalysis
2015-09-03,35.6,25.1,30.1,40.8,29.6,34.6,17.0,10.6,23.4,176,17.71,999.3,loc_tiruchirappalli,10.7905,78.7047,ECMWF_ERA5_Reanalysis
2015-09-04,35.3,24.6,28.4,41.7,29.6,33.6,23.2,12.3,29.5,160,21.27,1001.1,loc_tiruchirappalli,10.7905,78.7047,ECMWF_ERA5_Reanalysis
2015-09-05,32.7,25.0,28.6,37.8,30.2,33.1,7.5,13.5,25.9,188,19.61,1002.2,loc_tiruchirappalli,10.7905,78.7047,ECMWF_ERA5_Reanalysis
2015-09-06,33.3,26.2,28.6,36.6,30.3,32.4,0.6,15.9,35.3,203,17.92,1001.7,loc_tiruchirappalli,10.7905,78.7047,ECMWF_ERA5_Reanalysis
2015-09-07,31.2,25.6,27.5,35.1,30.2,32.1,4.7,10.0,34.9,228,13.5,1002.0,loc_tiruchirappalli,10.7905,78.7047,ECMWF_ERA5_Reanalysis
2015-09-08,32.4,25.3,28.4,37.0,29.7,32.5,0.4,10.9,38.9,235,18.86,1001.2,loc_tiruchirappalli,10.7905,78.7047,ECMWF_ERA5_Reanalysis
2015-09-09,33.7,25.3,29.1,38.2,28.8,32.5,0.7,12.4,37.8,260,21.98,1000.6,loc_tiruchirappalli,10.7905,78.7047,ECMWF_ERA5_Reanalysis
2015-09-10,33.9,25.6,29.0,37.3,28.6,32.2,0.5,14.8,45.7,249,19.67,1000.4,loc_tiruchirappalli,10.7905,78.7047,ECMWF_ERA5_Reanalysis
2015-09-11,35.5,25.5,29.9,38.5,27.7,32.3,0.0,13.5,42.1,256,23.06,999.6,loc_tiruchirappalli,10.7905,78.7047,ECMWF_ERA5_Reanalysis
2015-09-12,35.9,26.0,29.9,38.6,27.9,32.3,0.6,17.0,48.2,264,21.73,999.5,loc_tiruchirappalli,10.7905,78.7047,ECMWF_ERA5_Reanalysis
2015-09-13,37.0,26.3,31.0,37.7,28.1,32.3,0.0,17.6,39.6,270,23.45,999.9,loc_tiruchirappalli,10.7905,78.7047,ECMWF_ERA5_Reanalysis
2015-09-14,37.1,26.3,30.9,37.2,27.5,31.5,0.0,22.0,46.8,275,23.32,999.2,loc_tiruchirappalli,10.7905,78.7047,ECMWF_ERA5_Reanalysis
2015-09-15,36.9,26.4,30.8,38.2,27.5,31.3,0.0,23.4,52.6,267,22.29,998.0,loc_tiruchirappalli,10.7905,78.7047,ECMWF_ERA5_Reanalysis
2015-09-16,37.6,26.3,31.1,38.6,28.1,32.1,0.0,25.6,56.9,274,23.08,996.2,loc_tiruchirappalli,10.7905,78.7047,ECMWF_ERA5_Reanalysis
2015-09-17,38.0,26.9,31.6,40.0,29.2,33.4,0.2,19.5,50.8,273,21.69,995.4,loc_tiruchirappalli,10.7905,78.7047,ECMWF_ERA5_Reanalysis
2015-09-18,38.4,26.9,32.3,40.2,28.9,33.8,0.0,17.3,45.4,280,21.66,995.9,loc_tiruchirappalli,10.7905,78.7047,ECMWF_ERA5_Reanalysis
2015-09-19,37.2,27.2,31.7,38.6,29.3,33.6,0.0,16.9,42.8,272,18.39,996.8,loc_tiruchirappalli,10.7905,78.7047,ECMWF_ERA5_Reanalysis
2015-09-20,38.4,27.2,31.5,40.5,29.8,33.8,1.9,17.6,41.0,283,21.75,996.9,loc_tiruchirappalli,10.7905,78.7047,ECMWF_ERA5_Reanalysis
2015-09-21,38.8,26.5,32.1,40.9,29.0,34.1,0.0,13.6,34.6,272,23.83,997.9,loc_tiruchirappalli,10.7905,78.7047,ECMWF_ERA5_Reanalysis
2015-09-22,39.5,25.9,32.4,42.8,29.5,35.3,0.0,17.3,36.7,203,24.65,998.4,loc_tiruchirappalli,10.7905,78.7047,ECMWF_ERA5_Reanalysis
2015-09-23,37.5,27.3,31.4,42.4,32.3,35.5,3.0,15.0,38.5,114,19.99,1000.0,loc_tiruchirappalli,10.7905,78.7047,ECMWF_ERA5_Reanalysis
2015-09-24,37.1,25.7,29.9,43.4,30.7,34.8,22.4,14.0,33.8,200,21.52,999.7,loc_tiruchirappalli,10.7905,78.7047,ECMWF_ERA5_Reanalysis
2015-09-25,35.3,25.5,29.7,40.3,29.9,34.1,3.0,12.4,28.4,246,23.07,998.4,loc_tiruchirappalli,10.7905,78.7047,ECMWF_ERA5_Reanalysis
2015-09-26,36.4,26.5,30.2,41.8,31.5,34.9,2.9,11.5,26.6,270,23.26,998.4,loc_tiruchirappalli,10.7905,78.7047,ECMWF_ERA5_Reanalysis
2015-09-27,34.9,25.1,29.0,40.7,30.5,33.9,17.7,10.5,27.4,295,21.8,998.8,loc_tiruchirappalli,10.7905,78.7047,ECMWF_ERA5_Reanalysis
2015-09-28,32.6,24.8,27.8,37.7,30.3,32.9,1.5,9.3,26.6,314,15.47,998.3,loc_tiruchirappalli,10.7905,78.7047,ECMWF_ERA5_Reanalysis
2015-09-29,31.9,24.0,26.5,38.3,29.3,31.9,25.1,12.8,27.7,109,17.01,998.5,loc_tiruchirappalli,10.7905,78.7047,ECMWF_ERA5_Reanalysis
2015-09-30,27.8,23.8,25.4,32.7,28.5,30.4,6.6,8.6,22.7,136,8.13,1000.1,loc_tiruchirappalli,10.7905,78.7047,ECMWF_ERA5_Reanalysis
2015-10-01,30.1,23.6,26.2,34.1,28.8,31.1,4.4,11.4,27.7,176,14.19,1001.3,loc_tiruchirappalli,10.7905,78.7047,ECMWF_ERA5_Reanalysis
2015-10-02,32.8,24.6,28.2,37.9,29.2,32.7,1.4,10.6,30.2,220,21.63,1002.2,loc_tiruchirappalli,10.7905,78.7047,ECMWF_ERA5_Reanalysis
2015-10-03,32.8,25.1,28.5,37.5,28.8,32.6,0.0,12.9,34.9,260,18.48,1002.3,loc_tiruchirappalli,10.7905,78.7047,ECMWF_ERA5_Reanalysis
2015-10-04,32.7,26.1,28.4,36.7,29.3,32.5,2.5,13.0,33.8,272,17.35,1001.7,loc_tiruchirappalli,10.7905,78.7047,ECMWF_ERA5_Reanalysis
2015-10-05,29.9,24.2,25.9,34.2,28.4,30.6,17.6,11.8,28.8,262,8.24,1001.2,loc_tiruchirappalli,10.7905,78.7047,ECMWF_ERA5_Reanalysis
2015-10-06,31.7,23.6,26.8,37.0,27.6,31.2,9.1,11.8,34.9,256,18.82,1000.0,loc_tiruchirappalli,10.7905,78.7047,ECMWF_ERA5_Reanalysis
2015-10-07,33.1,23.9,28.2,38.9,28.4,33.1,0.0,10.1,26.6,237,22.51,999.8,loc_tiruchirappalli,10.7905,78.7047,ECMWF_ERA5_Reanalysis
2015-10-08,33.5,24.6,28.6,39.4,28.4,33.0,0.2,11.7,25.9,236,23.02,1000.3,loc_tiruchirappalli,10.7905,78.7047,ECMWF_ERA5_Reanalysis
2015-10-09,32.5,25.1,28.0,38.2,29.0,32.8,8.7,9.7,30.2,250,21.62,1000.3,loc_tiruchirappalli,10.7905,78.7047,ECMWF_ERA5_Reanalysis
2015-10-10,33.6,24.7,28.2,39.2,28.6,32.9,14.8,10.2,26.6,249,23.1,1001.0,loc_tiruchirappalli,10.7905,78.7047,ECMWF_ERA5_Reanalysis
2015-10-11,33.3,25.0,28.2,39.7,29.1,33.4,3.6,8.1,22.7,274,22.42,1001.7,loc_tiruchirappalli,10.7905,78.7047,ECMWF_ERA5_Reanalysis
2015-10-12,31.1,24.6,27.2,37.4,29.2,32.5,5.4,8.9,21.6,315,15.46,1002.6,loc_tiruchirappalli,10.7905,78.7047,ECMWF_ERA5_Reanalysis
2015-10-13,32.0,23.6,27.6,38.2,28.7,32.6,4.0,8.2,22.7,139,20.55,1002.3,loc_tiruchirappalli,10.7905,78.7047,ECMWF_ERA5_Reanalysis
2015-10-14,32.4,24.3,28.0,37.6,29.5,32.7,0.0,8.9,24.8,108,19.62,1002.6,loc_tiruchirappalli,10.7905,78.7047,ECMWF_ERA5_Reanalysis
2015-10-15,32.8,24.7,28.3,38.0,30.1,32.9,0.0,7.7,22.3,127,22.51,1002.4,loc_tiruchirappalli,10.7905,78.7047,ECMWF_ERA5_Reanalysis
2015-10-16,32.7,23.7,28.2,37.7,28.5,32.4,0.0,9.8,23.0,75,21.7,1002.4,loc_tiruchirappalli,10.7905,78.7047,ECMWF_ERA5_Reanalysis
2015-10-17,33.1,23.2,28.0,36.7,27.3,31.8,0.0,10.6,23.0,67,19.76,1002.8,loc_tiruchirappalli,10.7905,78.7047,ECMWF_ERA5_Reanalysis
2015-10-18,32.2,24.8,27.0,37.0,29.0,31.6,6.2,11.8,28.1,71,14.06,1003.4,loc_tiruchirappalli,10.7905,78.7047,ECMWF_ERA5_Reanalysis
2015-10-19,32.3,24.1,27.3,36.6,28.8,31.9,2.4,11.7,28.1,60,17.6,1003.0,loc_tiruchirappalli,10.7905,78.7047,ECMWF_ERA5_Reanalysis
2015-10-20,32.0,24.2,27.6,37.5,29.4,32.7,3.0,7.4,27.0,106,19.57,1001.6,loc_tiruchirappalli,10.7905,78.7047,ECMWF_ERA5_Reanalysis
2015-10-21,32.4,23.9,27.9,37.2,28.8,32.5,1.1,9.4,25.2,75,20.51,1001.1,loc_tiruchirappalli,10.7905,78.7047,ECMWF_ERA5_Reanalysis
2015-10-22,33.5,24.6,28.8,37.5,28.8,32.6,0.0,10.8,24.5,61,21.77,1001.8,loc_tiruchirappalli,10.7905,78.7047,ECMWF_ERA5_Reanalysis
2015-10-23,33.8,23.4,28.2,36.8,27.0,31.2,0.0,13.5,27.4,39,23.88,1001.5,loc_tiruchirappalli,10.7905,78.7047,ECMWF_ERA5_Reanalysis
2015-10-24,31.9,24.8,27.1,36.9,29.3,31.5,6.0,13.6,31.3,53,12.42,1001.3,loc_tiruchirappalli,10.7905,78.7047,ECMWF_ERA5_Reanalysis
2015-10-25,33.0,21.4,27.5,35.8,24.5,30.5,0.0,12.9,30.2,46,22.56,1002.3,loc_tiruchirappalli,10.7905,78.7047,ECMWF_ERA5_Reanalysis
2015-10-26,31.4,24.4,27.7,33.3,27.9,30.7,0.0,14.9,36.4,47,15.04,1002.8,loc_tiruchirappalli,10.7905,78.7047,ECMWF_ERA5_Reanalysis
2015-10-27,32.2,24.2,26.9,34.8,28.3,30.9,4.7,10.9,32.4,27,14.4,1002.6,loc_tiruchirappalli,10.7905,78.7047,ECMWF_ERA5_Reanalysis
2015-10-28,31.0,23.9,25.6,36.3,28.9,30.5,18.1,13.2,33.8,33,12.12,1002.6,loc_tiruchirappalli,10.7905,78.7047,ECMWF_ERA5_Reanalysis
2015-10-29,30.9,23.7,26.7,35.5,28.4,30.9,0.8,16.5,37.4,42,16.35,1001.8,loc_tiruchirappalli,10.7905,78.7047,ECMWF_ERA5_Reanalysis
2015-10-30,30.7,23.6,26.0,36.2,28.1,30.3,11.6,12.6,32.0,46,13.35,1000.7,loc_tiruchirappalli,10.7905,78.7047,ECMWF_ERA5_Reanalysis
2015-10-31,29.7,23.7,25.3,34.4,28.7,30.3,7.1,8.7,20.2,50,10.11,1001.0,loc_tiruchirappalli,10.7905,78.7047,ECMWF_ERA5_Reanalysis
2015-11-01,29.1,23.3,25.2,32.9,28.0,29.8,12.9,11.3,40.3,146,11.61,1002.0,loc_tiruchirappalli,10.7905,78.7047,ECMWF_ERA5_Reanalysis
2015-11-02,28.7,23.9,25.3,33.7,28.6,30.3,12.9,10.8,32.4,141,10.78,1003.1,loc_tiruchirappalli,10.7905,78.7047,ECMWF_ERA5_Reanalysis
2015-11-03,30.7,23.0,26.2,36.0,27.9,31.2,8.2,8.0,21.2,160,17.02,1003.0,loc_tiruchirappalli,10.7905,78.7047,ECMWF_ERA5_Reanalysis
2015-11-04,30.8,23.6,26.5,35.9,28.9,31.5,5.2,8.6,23.0,27,17.15,1002.4,loc_tiruchirappalli,10.7905,78.7047,ECMWF_ERA5_Reanalysis
2015-11-05,30.3,23.5,26.0,36.0,27.9,31.1,7.9,7.7,22.7,335,17.72,1002.2,loc_tiruchirappalli,10.7905,78.7047,ECMWF_ERA5_Reanalysis
2015-11-06,30.4,23.7,26.3,34.1,28.0,30.5,1.9,12.9,29.9,38,16.37,1001.1,loc_tiruchirappalli,10.7905,78.7047,ECMWF_ERA5_Reanalysis
2015-11-07,29.4,24.0,26.3,34.2,28.7,30.4,0.9,14.3,34.2,40,14.58,1001.5,loc_tiruchirappalli,10.7905,78.7047,ECMWF_ERA5_Reanalysis
2015-11-08,27.7,24.0,24.9,31.6,27.3,29.0,37.6,14.4,34.9,325,5.63,1001.2,loc_tiruchirappalli,10.7905,78.7047,ECMWF_ERA5_Reanalysis
2015-11-09,24.8,23.2,23.9,26.8,23.4,25.3,70.2,30.4,62.6,264,3.26,998.0,loc_tiruchirappalli,10.7905,78.7047,ECMWF_ERA5_Reanalysis
2015-11-10,25.9,20.0,22.8,27.0,19.8,23.8,36.3,27.4,54.4,249,6.69,998.0,loc_tiruchirappalli,10.7905,78.7047,ECMWF_ERA5_Reanalysis
2015-11-11,29.2,22.3,25.6,35.0,26.0,29.8,0.0,7.6,19.8,52,14.96,999.9,loc_tiruchirappalli,10.7905,78.7047,ECMWF_ERA5_Reanalysis
2015-11-12,30.2,23.1,26.0,35.4,27.2,30.5,3.7,11.5,26.6,46,15.3,1002.3,loc_tiruchirappalli,10.7905,78.7047,ECMWF_ERA5_Reanalysis
2015-11-13,26.9,23.3,24.5,30.8,24.1,28.0,16.5,14.2,33.1,354,6.89,1003.2,loc_tiruchirappalli,10.7905,78.7047,ECMWF_ERA5_Reanalysis
2015-11-14,23.6,21.3,22.5,26.1,23.9,25.2,26.0,12.1,22.0,305,4.15,1001.5,loc_tiruchirappalli,10.7905,78.7047,ECMWF_ERA5_Reanalysis
2015-11-15,22.7,20.5,21.2,25.5,22.0,23.4,52.1,15.0,38.2,286,2.35,999.7,loc_tiruchirappalli,10.7905,78.7047,ECMWF_ERA5_Reanalysis
2015-11-16,28.3,20.5,24.3,32.3,22.3,27.2,8.1,12.5,32.4,280,15.61,998.4,loc_tiruchirappalli,10.7905,78.7047,ECMWF_ERA5_Reanalysis
2015-11-17,29.4,21.8,25.8,33.3,25.4,29.7,0.0,10.3,22.0,305,16.3,998.5,loc_tiruchirappalli,10.7905,78.7047,ECMWF_ERA5_Reanalysis
2015-11-18,28.3,23.1,25.7,32.6,27.9,30.3,2.1,7.6,22.0,71,11.71,999.9,loc_tiruchirappalli,10.7905,78.7047,ECMWF_ERA5_Reanalysis
2015-11-19,28.3,23.8,25.0,33.7,28.4,29.8,7.3,9.3,22.3,62,8.38,1001.0,loc_tiruchirappalli,10.7905,78.7047,ECMWF_ERA5_Reanalysis
2015-11-20,28.1,23.1,24.8,32.3,27.0,29.3,11.5,12.1,29.2,61,11.22,1001.3,loc_tiruchirappalli,10.7905,78.7047,ECMWF_ERA5_Reanalysis
2015-11-21,28.8,23.5,25.4,33.1,27.4,29.2,4.8,18.6,37.1,43,14.08,1001.2,loc_tiruchirappalli,10.7905,78.7047,ECMWF_ERA5_Reanalysis
2015-11-22,24.9,23.1,23.7,29.0,26.7,27.8,13.8,14.3,29.2,32,3.37,1001.4,loc_tiruchirappalli,10.7905,78.7047,ECMWF_ERA5_Reanalysis
2015-11-23,27.9,22.7,24.6,32.2,26.3,28.6,5.5,12.6,27.4,35,9.67,1002.5,loc_tiruchirappalli,10.7905,78.7047,ECMWF_ERA5_Reanalysis
2015-11-24,29.1,23.1,25.3,33.3,26.8,29.2,1.8,12.8,31.7,41,14.71,1002.8,loc_tiruchirappalli,10.7905,78.7047,ECMWF_ERA5_Reanalysis
2015-11-25,29.3,22.0,25.3,32.3,25.1,28.3,0.0,12.4,31.0,30,20.15,1002.6,loc_tiruchirappalli,10.7905,78.7047,ECMWF_ERA5_Reanalysis
2015-11-26,29.0,20.7,24.9,32.1,23.6,28.1,0.5,15.5,36.0,23,16.02,1002.4,loc_tiruchirappalli,10.7905,78.7047,ECMWF_ERA5_Reanalysis
2015-11-27,27.9,22.9,25.1,32.0,26.3,28.7,0.1,11.6,25.9,39,10.93,1001.8,loc_tiruchirappalli,10.7905,78.7047,ECMWF_ERA5_Reanalysis
2015-11-28,28.8,20.9,24.9,32.8,24.0,27.8,0.0,11.0,28.8,33,18.84,1003.2,loc_tiruchirappalli,10.7905,78.7047,ECMWF_ERA5_Reanalysis
2015-11-29,27.6,21.6,24.5,31.1,24.6,28.0,7.1,11.3,30.6,24,10.88,1003.6,loc_tiruchirappalli,10.7905,78.7047,ECMWF_ERA5_Reanalysis
2015-11-30,28.0,22.6,24.5,31.8,26.6,28.3,9.5,15.8,31.0,22,9.41,1003.8,loc_tiruchirappalli,10.7905,78.7047,ECMWF_ERA5_Reanalysis
2015-12-01,25.0,23.3,23.9,29.3,27.1,28.1,6.4,10.3,25.6,349,3.14,1002.1,loc_tiruchirappalli,10.7905,78.7047,ECMWF_ERA5_Reanalysis
2015-12-02,26.7,23.0,24.0,31.7,27.1,28.5,28.9,9.0,20.9,21,5.89,1002.1,loc_tiruchirappalli,10.7905,78.7047,ECMWF_ERA5_Reanalysis
2015-12-03,25.5,23.0,24.0,29.5,27.1,28.1,11.8,11.8,29.5,340,3.81,1002.3,loc_tiruchirappalli,10.7905,78.7047,ECMWF_ERA5_Reanalysis
2015-12-04,26.1,23.3,24.1,29.0,26.2,27.1,27.0,20.0,38.9,19,3.61,1001.8,loc_tiruchirappalli,10.7905,78.7047,ECMWF_ERA5_Reanalysis
2015-12-05,24.3,22.7,23.3,28.2,25.5,26.5,39.8,15.0,32.4,23,2.6,1001.9,loc_tiruchirappalli,10.7905,78.7047,ECMWF_ERA5_Reanalysis
2015-12-06,25.3,22.8,23.9,29.1,25.9,27.3,9.8,16.4,31.0,34,4.04,1002.4,loc_tiruchirappalli,10.7905,78.7047,ECMWF_ERA5_Reanalysis
2015-12-07,24.9,23.0,23.7,27.5,25.7,26.9,9.9,15.6,28.4,25,2.78,1003.2,loc_tiruchirappalli,10.7905,78.7047,ECMWF_ERA5_Reanalysis
2015-12-08,25.9,21.8,23.7,28.5,24.3,26.9,5.8,13.3,33.1,11,4.38,1003.9,loc_tiruchirappalli,10.7905,78.7047,ECMWF_ERA5_Reanalysis
2015-12-09,27.2,22.6,24.7,30.7,25.1,28.0,0.6,15.3,32.8,30,9.19,1004.0,loc_tiruchirappalli,10.7905,78.7047,ECMWF_ERA5_Reanalysis
2015-12-10,28.8,23.4,25.5,32.8,27.0,29.4,2.3,15.9,33.8,45,14.24,1003.8,loc_tiruchirappalli,10.7905,78.7047,ECMWF_ERA5_Reanalysis
2015-12-11,28.9,23.5,25.7,34.2,27.9,30.2,4.1,8.9,24.8,61,14.19,1002.9,loc_tiruchirappalli,10.7905,78.7047,ECMWF_ERA5_Reanalysis
2015-12-12,28.1,23.4,25.1,33.7,27.9,29.9,7.6,8.7,22.3,55,10.27,1002.1,loc_tiruchirappalli,10.7905,78.7047,ECMWF_ERA5_Reanalysis
2015-12-13,29.3,22.3,25.8,33.3,26.4,29.8,0.0,8.1,19.1,55,15.98,1002.3,loc_tiruchirappalli,10.7905,78.7047,ECMWF_ERA5_Reanalysis
2015-12-14,28.9,22.2,25.3,33.5,26.0,29.3,1.2,9.8,22.7,62,14.45,1002.8,loc_tiruchirappalli,10.7905,78.7047,ECMWF_ERA5_Reanalysis
2015-12-15,28.9,22.8,25.3,33.6,27.5,29.7,2.2,11.3,24.8,63,14.25,1002.8,loc_tiruchirappalli,10.7905,78.7047,ECMWF_ERA5_Reanalysis
2015-12-16,27.9,21.0,24.6,30.4,23.5,27.6,0.0,13.9,30.6,55,13.51,1003.7,loc_tiruchirappalli,10.7905,78.7047,ECMWF_ERA5_Reanalysis
2015-12-17,28.0,19.1,23.7,30.5,20.8,26.3,0.1,12.7,27.4,29,13.09,1003.4,loc_tiruchirappalli,10.7905,78.7047,ECMWF_ERA5_Reanalysis
2015-12-18,28.1,21.8,24.5,32.4,24.7,28.1,1.3,11.5,26.6,51,11.07,1004.0,loc_tiruchirappalli,10.7905,78.7047,ECMWF_ERA5_Reanalysis
2015-12-19,28.3,22.2,24.3,33.1,26.0,28.4,2.5,15.0,32.8,64,11.64,1005.9,loc_tiruchirappalli,10.7905,78.7047,ECMWF_ERA5_Reanalysis
2015-12-20,28.9,21.9,25.0,31.8,25.6,28.5,0.6,14.8,30.6,50,14.82,1005.5,loc_tiruchirappalli,10.7905,78.7047,ECMWF_ERA5_Reanalysis
2015-12-21,29.1,20.2,24.1,32.5,22.4,27.0,0.0,11.8,28.8,46,20.16,1005.5,loc_tiruchirappalli,10.7905,78.7047,ECMWF_ERA5_Reanalysis
2015-12-22,29.1,19.1,23.9,32.8,21.0,26.7,0.0,8.9,23.8,46,19.67,1006.0,loc_tiruchirappalli,10.7905,78.7047,ECMWF_ERA5_Reanalysis
2015-12-23,28.3,19.8,24.2,31.8,22.4,27.1,0.3,10.9,25.9,37,16.54,1006.0,loc_tiruchirappalli,10.7905,78.7047,ECMWF_ERA5_Reanalysis
2015-12-24,28.4,20.0,24.1,31.1,22.7,27.1,0.7,12.3,27.4,39,15.84,1005.1,loc_tiruchirappalli,10.7905,78.7047,ECMWF_ERA5_Reanalysis
2015-12-25,28.8,19.6,24.1,30.7,22.1,26.6,0.0,16.4,32.8,30,16.24,1004.8,loc_tiruchirappalli,10.7905,78.7047,ECMWF_ERA5_Reanalysis
2015-12-26,29.0,19.8,24.5,30.8,22.0,26.6,0.0,19.1,39.2,38,17.57,1005.2,loc_tiruchirappalli,10.7905,78.7047,ECMWF_ERA5_Reanalysis
2015-12-27,28.3,22.8,25.1,29.7,24.6,26.9,0.5,21.4,44.6,35,11.25,1006.1,loc_tiruchirappalli,10.7905,78.7047,ECMWF_ERA5_Reanalysis
2015-12-28,27.5,23.0,24.9,29.4,24.4,26.4,0.0,21.7,42.5,33,9.52,1007.5,loc_tiruchirappalli,10.7905,78.7047,ECMWF_ERA5_Reanalysis
2015-12-29,28.1,21.6,24.8,30.9,22.6,26.7,0.0,17.3,36.4,35,11.42,1006.4,loc_tiruchirappalli,10.7905,78.7047,ECMWF_ERA5_Reanalysis
2015-12-30,28.8,20.7,24.4,30.7,22.5,26.3,0.0,15.5,36.0,36,19.8,1005.5,loc_tiruchirappalli,10.7905,78.7047,ECMWF_ERA5_Reanalysis
2015-12-31,28.5,19.2,23.8,29.4,21.0,25.3,0.0,17.8,39.2,38,17.07,1006.0,loc_tiruchirappalli,10.7905,78.7047,ECMWF_ERA5_Reanalysis
2016-01-01,29.0,20.4,24.2,29.4,22.0,25.4,0.0,20.5,41.4,29,17.18,1007.3,loc_tiruchirappalli,10.7905,78.7047,ECMWF_ERA5_Reanalysis
2016-01-02,28.6,19.6,23.8,29.1,21.0,25.0,0.0,17.7,37.8,24,18.71,1007.8,loc_tiruchirappalli,10.7905,78.7047,ECMWF_ERA5_Reanalysis
2016-01-03,29.7,17.2,23.1,30.9,18.1,24.3,0.0,15.1,32.0,33,22.0,1006.7,loc_tiruchirappalli,10.7905,78.7047,ECMWF_ERA5_Reanalysis
2016-01-04,29.7,17.8,23.6,31.7,18.9,25.3,0.0,14.4,33.5,39,20.93,1006.5,loc_tiruchirappalli,10.7905,78.7047,ECMWF_ERA5_Reanalysis
2016-01-05,28.9,19.7,24.4,30.2,21.6,26.1,0.0,15.3,32.8,43,13.82,1005.9,loc_tiruchirappalli,10.7905,78.7047,ECMWF_ERA5_Reanalysis
2016-01-06,29.0,23.4,25.5,30.3,25.3,27.2,0.0,14.8,32.4,42,12.68,1005.6,loc_tiruchirappalli,10.7905,78.7047,ECMWF_ERA5_Reanalysis
2016-01-07,28.5,22.2,25.0,30.2,24.1,26.7,0.0,17.6,36.7,42,13.5,1006.4,loc_tiruchirappalli,10.7905,78.7047,ECMWF_ERA5_Reanalysis
2016-01-08,29.7,20.9,25.0,31.9,22.3,26.5,0.0,15.0,33.1,40,19.92,1006.4,loc_tiruchirappalli,10.7905,78.7047,ECMWF_ERA5_Reanalysis
2016-01-09,29.3,20.0,24.5,31.0,21.9,26.2,0.0,13.8,32.0,45,19.72,1004.9,loc_tiruchirappalli,10.7905,78.7047,ECMWF_ERA5_Reanalysis
2016-01-10,29.3,19.2,24.1,30.5,20.8,25.5,0.0,14.7,30.6,46,18.27,1005.7,loc_tiruchirappalli,10.7905,78.7047,ECMWF_ERA5_Reanalysis
2016-01-11,29.3,19.2,24.0,30.9,20.5,25.3,0.0,15.0,32.0,42,20.68,1006.0,loc_tiruchirappalli,10.7905,78.7047,ECMWF_ERA5_Reanalysis
2016-01-12,29.5,18.4,23.9,31.2,19.6,25.3,0.0,12.9,30.6,41,21.39,1004.5,loc_tiruchirappalli,10.7905,78.7047,ECMWF_ERA5_Reanalysis
2016-01-13,29.1,18.2,23.8,31.5,19.9,25.6,0.0,11.2,25.9,47,18.86,1004.2,loc_tiruchirappalli,10.7905,78.7047,ECMWF_ERA5_Reanalysis
2016-01-14,29.9,18.0,23.8,31.1,19.6,25.0,0.0,14.0,31.3,48,21.76,1004.2,loc_tiruchirappalli,10.7905,78.7047,ECMWF_ERA5_Reanalysis
2016-01-15,29.4,18.4,23.8,31.0,20.0,25.0,0.0,12.6,27.7,47,21.02,1003.6,loc_tiruchirappalli,10.7905,78.7047,ECMWF_ERA5_Reanalysis
2016-01-16,29.7,18.8,24.1,32.1,20.3,25.6,0.0,11.6,26.3,50,19.77,1002.9,loc_tiruchirappalli,10.7905,78.7047,ECMWF_ERA5_Reanalysis
2016-01-17,30.2,19.0,24.5,33.7,20.8,26.4,0.0,13.3,24.8,55,18.12,1002.7,loc_tiruchirappalli,10.7905,78.7047,ECMWF_ERA5_Reanalysis
2016-01-18,30.5,19.0,24.8,33.1,21.0,26.8,0.0,11.9,27.0,59,18.6,1002.1,loc_tiruchirappalli,10.7905,78.7047,ECMWF_ERA5_Reanalysis
2016-01-19,30.6,20.6,25.5,32.8,23.1,27.7,0.0,12.3,24.5,70,16.34,1002.0,loc_tiruchirappalli,10.7905,78.7047,ECMWF_ERA5_Reanalysis
2016-01-20,29.7,21.8,25.6,32.3,25.3,28.5,0.0,10.8,23.0,49,12.57,1002.9,loc_tiruchirappalli,10.7905,78.7047,ECMWF_ERA5_Reanalysis
2016-01-21,29.4,23.2,25.6,31.8,26.9,28.9,5.1,11.9,27.7,59,10.09,1003.6,loc_tiruchirappalli,10.7905,78.7047,ECMWF_ERA5_Reanalysis
2016-01-22,30.3,22.2,25.9,31.7,25.3,28.3,0.0,13.8,33.8,54,14.44,1004.4,loc_tiruchirappalli,10.7905,78.7047,ECMWF_ERA5_Reanalysis
2016-01-23,31.3,22.5,26.2,33.6,25.7,28.7,0.0,16.0,37.1,47,17.85,1005.1,loc_tiruchirappalli,10.7905,78.7047,ECMWF_ERA5_Reanalysis
2016-01-24,30.2,22.8,26.0,32.7,25.2,28.5,1.2,16.1,33.5,42,14.79,1005.5,loc_tiruchirappalli,10.7905,78.7047,ECMWF_ERA5_Reanalysis
2016-01-25,29.2,22.7,25.8,31.5,25.9,28.2,0.1,15.8,33.8,50,10.38,1004.6,loc_tiruchirappalli,10.7905,78.7047,ECMWF_ERA5_Reanalysis
2016-01-26,29.9,21.3,25.6,32.2,24.4,28.0,0.0,13.7,29.9,59,14.57,1004.2,loc_tiruchirappalli,10.7905,78.7047,ECMWF_ERA5_Reanalysis
2016-01-27,31.5,20.6,25.8,34.0,23.5,28.2,0.0,12.6,26.6,53,18.84,1004.1,loc_tiruchirappalli,10.7905,78.7047,ECMWF_ERA5_Reanalysis
2016-01-28,31.9,19.4,25.5,35.2,21.5,28.0,0.0,10.1,23.4,61,22.71,1004.3,loc_tiruchirappalli,10.7905,78.7047,ECMWF_ERA5_Reanalysis
2016-01-29,32.6,19.3,25.5,34.8,21.5,27.5,0.0,14.1,28.4,60,23.13,1004.9,loc_tiruchirappalli,10.7905,78.7047,ECMWF_ERA5_Reanalysis
2016-01-30,31.1,19.5,24.9,32.8,22.0,26.7,0.0,13.7,31.0,52,22.15,1005.1,loc_tiruchirappalli,10.7905,78.7047,ECMWF_ERA5_Reanalysis
2016-01-31,31.5,19.3,24.9,33.3,21.5,26.6,0.0,11.9,28.8,55,21.51,1004.6,loc_tiruchirappalli,10.7905,78.7047,ECMWF_ERA5_Reanalysis
2016-02-01,31.9,17.9,24.6,32.8,19.7,25.7,0.0,15.3,33.8,52,22.0,1004.6,loc_tiruchirappalli,10.7905,78.7047,ECMWF_ERA5_Reanalysis
2016-02-02,32.0,19.1,24.8,32.9,21.0,26.0,0.0,10.5,25.9,54,23.85,1005.1,loc_tiruchirappalli,10.7905,78.7047,ECMWF_ERA5_Reanalysis
2016-02-03,32.5,18.9,25.0,33.8,21.0,26.3,0.0,13.0,29.5,59,23.8,1004.4,loc_tiruchirappalli,10.7905,78.7047,ECMWF_ERA5_Reanalysis
2016-02-04,32.3,18.8,25.1,33.1,20.0,26.0,0.0,17.2,37.1,61,23.73,1004.2,loc_tiruchirappalli,10.7905,78.7047,ECMWF_ERA5_Reanalysis
2016-02-05,31.3,18.8,25.1,33.1,20.7,26.6,0.0,13.6,28.1,55,20.3,1004.0,loc_tiruchirappalli,10.7905,78.7047,ECMWF_ERA5_Reanalysis
2016-02-06,30.5,19.8,25.5,32.5,22.1,27.5,0.0,11.6,28.1,61,17.81,1002.9,loc_tiruchirappalli,10.7905,78.7047,ECMWF_ERA5_Reanalysis
2016-02-07,32.6,21.1,26.9,36.2,23.8,29.4,0.0,15.1,27.4,58,21.79,1003.7,loc_tiruchirappalli,10.7905,78.7047,ECMWF_ERA5_Reanalysis
2016-02-08,33.1,23.5,27.5,35.6,27.1,30.1,0.0,14.8,28.4,57,19.73,1003.5,loc_tiruchirappalli,10.7905,78.7047,ECMWF_ERA5_Reanalysis
2016-02-09,32.7,21.5,27.0,35.8,24.6,29.6,0.0,11.5,24.8,57,21.82,1003.4,loc_tiruchirappalli,10.7905,78.7047,ECMWF_ERA5_Reanalysis
2016-02-10,33.1,20.8,26.7,35.9,23.8,29.2,0.0,14.1,26.3,61,22.18,1003.1,loc_tiruchirappalli,10.7905,78.7047,ECMWF_ERA5_Reanalysis
2016-02-11,33.1,21.3,26.7,35.7,24.1,29.0,0.0,12.9,24.8,77,22.0,1002.7,loc_tiruchirappalli,10.7905,78.7047,ECMWF_ERA5_Reanalysis
2016-02-12,33.3,20.1,26.6,35.9,22.5,29.0,0.0,10.4,22.7,80,22.92,1002.5,loc_tiruchirappalli,10.7905,78.7047,ECMWF_ERA5_Reanalysis
2016-02-13,33.4,21.7,26.9,36.7,24.6,29.5,0.0,14.2,25.6,76,21.78,1002.7,loc_tiruchirappalli,10.7905,78.7047,ECMWF_ERA5_Reanalysis
2016-02-14,32.3,22.2,26.5,34.0,25.3,28.4,0.0,12.6,28.8,65,22.31,1003.1,loc_tiruchirappalli,10.7905,78.7047,ECMWF_ERA5_Reanalysis
2016-02-15,31.1,20.2,26.0,32.0,22.3,27.8,0.0,15.0,29.2,62,14.35,1004.1,loc_tiruchirappalli,10.7905,78.7047,ECMWF_ERA5_Reanalysis
2016-02-16,33.0,22.5,27.2,35.0,25.4,29.3,0.0,15.0,33.1,56,20.67,1004.4,loc_tiruchirappalli,10.7905,78.7047,ECMWF_ERA5_Reanalysis
2016-02-17,32.2,23.5,27.2,32.5,26.2,28.8,0.0,18.4,38.9,48,15.03,1004.2,loc_tiruchirappalli,10.7905,78.7047,ECMWF_ERA5_Reanalysis
2016-02-18,33.1,24.2,27.9,34.3,26.7,29.6,0.0,20.5,43.2,55,18.28,1004.1,loc_tiruchirappalli,10.7905,78.7047,ECMWF_ERA5_Reanalysis
2016-02-19,32.2,22.8,27.2,33.6,25.1,29.3,0.0,14.3,34.9,58,15.62,1005.1,loc_tiruchirappalli,10.7905,78.7047,ECMWF_ERA5_Reanalysis
2016-02-20,34.8,22.6,28.3,38.4,26.1,31.4,0.0,14.2,30.2,76,22.09,1005.1,loc_tiruchirappalli,10.7905,78.7047,ECMWF_ERA5_Reanalysis
2016-02-21,35.2,23.5,28.6,39.1,28.4,32.4,0.0,15.6,30.6,102,22.65,1003.9,loc_tiruchirappalli,10.7905,78.7047,ECMWF_ERA5_Reanalysis
2016-02-22,35.3,23.5,28.4,38.6,28.0,31.8,0.0,15.7,29.2,89,23.49,1004.4,loc_tiruchirappalli,10.7905,78.7047,ECMWF_ERA5_Reanalysis
2016-02-23,33.8,21.5,27.2,36.8,25.0,29.9,0.0,16.3,32.4,93,23.73,1004.0,loc_tiruchirappalli,10.7905,78.7047,ECMWF_ERA5_Reanalysis
2016-02-24,34.5,20.3,27.4,38.1,22.8,29.7,0.0,12.7,25.6,97,25.01,1003.0,loc_tiruchirappalli,10.7905,78.7047,ECMWF_ERA5_Reanalysis
2016-02-25,34.6,22.4,28.3,38.1,25.7,31.4,0.0,14.5,28.8,91,20.6,1003.2,loc_tiruchirappalli,10.7905,78.7047,ECMWF_ERA5_Reanalysis
2016-02-26,33.3,23.9,27.9,35.6,27.4,31.0,0.3,16.9,33.8,77,17.75,1004.4,loc_tiruchirappalli,10.7905,78.7047,ECMWF_ERA5_Reanalysis
2016-02-27,33.0,22.5,27.6,35.3,25.2,30.3,0.8,15.1,34.9,60,20.14,1005.4,loc_tiruchirappalli,10.7905,78.7047,ECMWF_ERA5_Reanalysis
2016-02-28,33.2,24.5,28.4,35.5,28.8,31.4,0.0,16.2,36.4,62,17.69,1006.2,loc_tiruchirappalli,10.7905,78.7047,ECMWF_ERA5_Reanalysis
2016-02-29,33.9,25.1,28.6,36.3,28.6,31.4,0.0,15.3,33.1,54,20.71,1006.0,loc_tiruchirappalli,10.7905,78.7047,ECMWF_ERA5_Reanalysis
2016-03-01,34.1,23.1,28.1,35.3,26.3,30.5,0.0,16.3,36.4,57,20.49,1004.5,loc_tiruchirappalli,10.7905,78.7047,ECMWF_ERA5_Reanalysis
2016-03-02,33.4,24.1,28.1,34.9,27.8,30.6,0.0,15.3,29.9,60,18.89,1004.5,loc_tiruchirappalli,10.7905,78.7047,ECMWF_ERA5_Reanalysis
2016-03-03,33.9,23.5,27.8,35.5,26.6,29.8,0.0,14.9,34.6,57,21.93,1005.2,loc_tiruchirappalli,10.7905,78.7047,ECMWF_ERA5_Reanalysis
2016-03-04,34.0,21.2,27.5,36.0,24.3,29.5,0.0,15.3,29.5,53,21.27,1003.8,loc_tiruchirappalli,10.7905,78.7047,ECMWF_ERA5_Reanalysis
2016-03-05,34.4,21.5,27.9,37.1,24.6,30.4,0.0,16.2,31.7,58,23.03,1002.7,loc_tiruchirappalli,10.7905,78.7047,ECMWF_ERA5_Reanalysis
2016-03-06,34.4,21.8,27.8,37.3,25.3,30.6,0.0,16.9,30.6,69,23.49,1002.3,loc_tiruchirappalli,10.7905,78.7047,ECMWF_ERA5_Reanalysis
2016-03-07,34.6,22.7,28.2,37.3,26.3,30.7,0.0,17.3,32.8,62,22.8,1001.9,loc_tiruchirappalli,10.7905,78.7047,ECMWF_ERA5_Reanalysis
2016-03-08,34.4,21.2,27.9,37.1,24.1,30.3,0.0,14.0,26.6,68,24.41,1001.7,loc_tiruchirappalli,10.7905,78.7047,ECMWF_ERA5_Reanalysis
2016-03-09,35.2,23.4,28.9,38.7,26.6,31.8,0.0,13.0,26.3,82,24.54,1001.9,loc_tiruchirappalli,10.7905,78.7047,ECMWF_ERA5_Reanalysis
2016-03-10,33.9,23.7,29.0,36.9,27.5,32.2,0.0,11.7,23.4,77,17.25,1002.6,loc_tiruchirappalli,10.7905,78.7047,ECMWF_ERA5_Reanalysis
2016-03-11,36.5,24.5,29.9,41.5,29.5,34.2,0.0,16.1,32.0,91,21.39,1002.8,loc_tiruchirappalli,10.7905,78.7047,ECMWF_ERA5_Reanalysis
2016-03-12,35.9,24.8,29.8,39.4,29.8,33.6,0.0,14.1,28.4,127,20.32,1002.2,loc_tiruchirappalli,10.7905,78.7047,ECMWF_ERA5_Reanalysis
2016-03-13,37.1,24.3,30.3,42.1,28.8,34.3,0.0,16.6,34.6,133,24.1,1002.2,loc_tiruchirappalli,10.7905,78.7047,ECMWF_ERA5_Reanalysis
2016-03-14,37.3,26.4,30.7,40.9,31.0,34.6,0.0,17.7,34.9,134,22.96,1002.1,loc_tiruchirappalli,10.7905,78.7047,ECMWF_ERA5_Reanalysis
2016-03-15,37.3,24.9,30.4,40.9,30.1,34.0,0.0,17.4,31.7,141,25.05,1002.1,loc_tiruchirappalli,10.7905,78.7047,ECMWF_ERA5_Reanalysis
2016-03-16,36.2,25.7,30.4,41.6,31.4,34.6,0.0,15.9,30.2,122,22.47,1001.6,loc_tiruchirappalli,10.7905,78.7047,ECMWF_ERA5_Reanalysis
2016-03-17,37.4,26.7,31.0,41.3,31.5,35.2,0.0,15.6,32.4,105,23.77,1001.8,loc_tiruchirappalli,10.7905,78.7047,ECMWF_ERA5_Reanalysis
2016-03-18,37.0,24.2,29.9,40.2,29.2,33.4,0.0,14.0,30.6,102,24.98,1001.5,loc_tiruchirappalli,10.7905,78.7047,ECMWF_ERA5_Reanalysis
2016-03-19,38.2,22.9,29.9,40.5,26.9,32.6,0.0,12.2,24.5,131,26.64,1001.5,loc_tiruchirappalli,10.7905,78.7047,ECMWF_ERA5_Reanalysis
2016-03-20,38.5,24.4,30.8,41.9,27.7,34.0,0.0,14.3,26.3,139,26.18,1001.7,loc_tiruchirappalli,10.7905,78.7047,ECMWF_ERA5_Reanalysis
2016-03-21,38.9,23.9,31.4,42.1,27.6,34.3,0.0,13.0,25.9,144,25.88,1000.7,loc_tiruchirappalli,10.7905,78.7047,ECMWF_ERA5_Reanalysis
2016-03-22,39.3,24.7,31.8,43.3,28.5,35.0,0.0,18.7,37.1,168,25.43,999.1,loc_tiruchirappalli,10.7905,78.7047,ECMWF_ERA5_Reanalysis
2016-03-23,39.0,26.0,31.7,42.5,31.3,35.5,0.0,17.1,32.8,148,22.78,999.9,loc_tiruchirappalli,10.7905,78.7047,ECMWF_ERA5_Reanalysis
2016-03-24,38.0,25.8,31.0,40.3,30.6,34.6,0.0,14.2,30.6,110,23.43,1002.0,loc_tiruchirappalli,10.7905,78.7047,ECMWF_ERA5_Reanalysis
2016-03-25,36.7,24.1,29.7,39.5,28.9,32.8,0.0,13.3,27.7,109,24.78,1004.2,loc_tiruchirappalli,10.7905,78.7047,ECMWF_ERA5_Reanalysis
2016-03-26,36.6,22.6,29.0,38.5,26.8,31.8,0.0,14.5,30.2,89,26.04,1003.5,loc_tiruchirappalli,10.7905,78.7047,ECMWF_ERA5_Reanalysis
2016-03-27,36.2,23.0,29.1,39.3,26.8,32.2,0.0,15.2,31.0,101,25.06,1003.0,loc_tiruchirappalli,10.7905,78.7047,ECMWF_ERA5_Reanalysis
2016-03-28,37.0,23.5,29.9,40.8,27.5,33.4,0.0,17.8,35.3,89,24.36,1003.0,loc_tiruchirappalli,10.7905,78.7047,ECMWF_ERA5_Reanalysis
2016-03-29,35.5,27.0,30.3,39.7,32.3,34.6,1.5,14.7,27.4,98,20.47,1003.2,loc_tiruchirappalli,10.7905,78.7047,ECMWF_ERA5_Reanalysis
2016-03-30,37.3,26.0,30.8,41.0,31.8,34.9,0.0,15.1,33.5,107,23.46,1003.2,loc_tiruchirappalli,10.7905,78.7047,ECMWF_ERA5_Reanalysis
2016-03-31,37.4,26.3,30.9,40.7,31.5,34.6,0.0,15.4,33.5,108,24.04,1002.3,loc_tiruchirappalli,10.7905,78.7047,ECMWF_ERA5_Reanalysis
2016-04-01,37.7,25.8,30.9,41.3,31.2,34.7,0.0,16.1,32.8,123,23.94,1000.5,loc_tiruchirappalli,10.7905,78.7047,ECMWF_ERA5_Reanalysis
2016-04-02,38.1,26.3,31.2,41.5,31.8,35.3,0.0,15.0,31.3,123,23.64,1000.9,loc_tiruchirappalli,10.7905,78.7047,ECMWF_ERA5_Reanalysis
2016-04-03,38.7,26.2,31.6,42.5,31.7,35.5,0.0,14.5,29.5,130,24.02,1001.9,loc_tiruchirappalli,10.7905,78.7047,ECMWF_ERA5_Reanalysis
2016-04-04,38.8,25.8,31.6,41.8,31.3,35.4,0.0,15.6,32.4,130,26.12,1000.9,loc_tiruchirappalli,10.7905,78.7047,ECMWF_ERA5_Reanalysis
2016-04-05,39.1,25.1,31.8,41.7,30.6,35.1,0.0,18.3,36.4,143,27.0,1000.1,loc_tiruchirappalli,10.7905,78.7047,ECMWF_ERA5_Reanalysis
2016-04-06,38.8,26.7,32.1,42.4,32.1,36.0,0.0,19.4,37.1,142,24.09,1000.5,loc_tiruchirappalli,10.7905,78.7047,ECMWF_ERA5_Reanalysis
2016-04-07,38.3,27.6,31.8,42.5,33.9,36.4,0.2,17.6,37.1,136,22.64,1000.1,loc_tiruchirappalli,10.7905,78.7047,ECMWF_ERA5_Reanalysis
2016-04-08,37.6,27.0,31.6,42.1,32.6,36.3,1.1,14.3,30.2,126,21.45,1000.0,loc_tiruchirappalli,10.7905,78.7047,ECMWF_ERA5_Reanalysis
2016-04-09,36.6,25.7,30.7,42.3,31.5,35.8,4.3,13.8,28.4,132,20.43,1000.9,loc_tiruchirappalli,10.7905,78.7047,ECMWF_ERA5_Reanalysis
2016-04-10,37.5,26.5,31.1,41.7,32.7,36.0,1.4,16.3,31.7,133,22.82,1001.8,loc_tiruchirappalli,10.7905,78.7047,ECMWF_ERA5_Reanalysis
2016-04-11,38.6,26.5,31.9,42.1,32.8,36.5,0.0,16.6,33.1,143,23.33,1000.6,loc_tiruchirappalli,10.7905,78.7047,ECMWF_ERA5_Reanalysis
2016-04-12,39.9,26.7,32.7,44.5,32.7,37.1,0.0,19.1,37.8,161,25.95,999.1,loc_tiruchirappalli,10.7905,78.7047,ECMWF_ERA5_Reanalysis
2016-04-13,41.3,28.1,33.8,45.5,33.9,38.0,0.0,16.7,34.6,175,25.71,997.1,loc_tiruchirappalli,10.7905,78.7047,ECMWF_ERA5_Reanalysis
2016-04-14,40.4,28.6,33.3,44.8,33.6,37.6,0.0,20.0,36.4,153,24.17,997.7,loc_tiruchirappalli,10.7905,78.7047,ECMWF_ERA5_Reanalysis
2016-04-15,39.4,26.4,32.2,43.3,32.4,36.6,0.0,15.3,32.8,142,23.91,999.3,loc_tiruchirappalli,10.7905,78.7047,ECMWF_ERA5_Reanalysis
2016-04-16,39.2,26.2,32.4,42.1,32.3,36.6,0.0,15.8,31.3,149,24.57,999.4,loc_tiruchirappalli,10.7905,78.7047,ECMWF_ERA5_Reanalysis
2016-04-17,39.4,26.3,32.3,43.5,32.4,36.7,0.0,16.4,34.6,146,25.07,998.5,loc_tiruchirappalli,10.7905,78.7047,ECMWF_ERA5_Reanalysis
2016-04-18,39.0,26.9,32.0,42.2,33.3,36.5,0.0,16.8,38.5,144,23.18,999.0,loc_tiruchirappalli,10.7905,78.7047,ECMWF_ERA5_Reanalysis
2016-04-19,38.8,27.4,32.1,43.3,33.0,36.7,0.1,18.9,36.7,136,24.24,999.8,loc_tiruchirappalli,10.7905,78.7047,ECMWF_ERA5_Reanalysis
2016-04-20,38.9,27.7,32.4,43.5,33.4,37.0,0.2,17.8,36.0,151,23.55,1000.9,loc_tiruchirappalli,10.7905,78.7047,ECMWF_ERA5_Reanalysis
2016-04-21,39.6,27.3,32.9,43.1,32.8,37.0,0.0,15.2,30.6,170,24.27,999.9,loc_tiruchirappalli,10.7905,78.7047,ECMWF_ERA5_Reanalysis
2016-04-22,41.3,27.5,33.8,45.3,32.9,37.5,0.0,19.5,36.0,184,26.17,998.8,loc_tiruchirappalli,10.7905,78.7047,ECMWF_ERA5_Reanalysis
2016-04-23,40.8,28.1,34.2,46.2,34.0,38.2,0.0,19.0,32.4,178,24.21,997.0,loc_tiruchirappalli,10.7905,78.7047,ECMWF_ERA5_Reanalysis
2016-04-24,41.8,28.5,34.3,46.7,34.6,38.6,1.5,18.8,31.0,166,24.12,995.6,loc_tiruchirappalli,10.7905,78.7047,ECMWF_ERA5_Reanalysis
2016-04-25,40.1,29.0,33.4,44.7,34.0,38.0,0.0,16.5,31.0,151,23.35,997.0,loc_tiruchirappalli,10.7905,78.7047,ECMWF_ERA5_Reanalysis
2016-04-26,39.7,28.0,32.7,43.5,33.9,37.0,0.0,17.8,36.0,127,25.28,999.2,loc_tiruchirappalli,10.7905,78.7047,ECMWF_ERA5_Reanalysis
2016-04-27,38.5,27.4,32.1,43.0,33.4,36.9,0.1,14.6,31.3,134,23.95,999.1,loc_tiruchirappalli,10.7905,78.7047,ECMWF_ERA5_Reanalysis
2016-04-28,39.5,26.9,32.5,43.3,32.7,36.7,0.0,15.9,34.6,145,25.55,998.8,loc_tiruchirappalli,10.7905,78.7047,ECMWF_ERA5_Reanalysis
2016-04-29,39.0,26.3,32.4,41.9,31.5,36.2,0.0,15.4,33.5,149,23.98,999.3,loc_tiruchirappalli,10.7905,78.7047,ECMWF_ERA5_Reanalysis
2016-04-30,38.6,26.4,32.4,41.7,32.0,36.1,0.0,16.4,32.4,145,23.31,999.6,loc_tiruchirappalli,10.7905,78.7047,ECMWF_ERA5_Reanalysis
2016-05-01,40.3,26.7,32.7,43.8,32.4,36.7,0.0,18.9,37.8,161,25.5,999.0,loc_tiruchirappalli,10.7905,78.7047,ECMWF_ERA5_Reanalysis
2016-05-02,40.5,26.9,33.2,44.2,32.0,36.9,0.0,17.2,38.5,166,26.34,998.7,loc_tiruchirappalli,10.7905,78.7047,ECMWF_ERA5_Reanalysis
2016-05-03,40.0,27.4,33.1,43.6,33.3,37.0,0.0,15.8,29.9,156,25.32,998.5,loc_tiruchirappalli,10.7905,78.7047,ECMWF_ERA5_Reanalysis
2016-05-04,38.5,27.5,32.4,42.2,33.8,37.0,0.7,15.1,27.7,142,23.81,998.8,loc_tiruchirappalli,10.7905,78.7047,ECMWF_ERA5_Reanalysis
2016-05-05,38.5,27.6,32.4,41.9,33.6,36.7,0.0,14.8,31.0,139,23.6,999.3,loc_tiruchirappalli,10.7905,78.7047,ECMWF_ERA5_Reanalysis
2016-05-06,38.6,27.8,32.2,42.8,33.5,36.7,0.3,15.9,34.9,134,24.62,999.1,loc_tiruchirappalli,10.7905,78.7047,ECMWF_ERA5_Reanalysis
2016-05-07,37.2,25.7,30.7,41.6,31.2,35.3,3.9,15.1,34.6,152,22.9,999.3,loc_tiruchirappalli,10.7905,78.7047,ECMWF_ERA5_Reanalysis
2016-05-08,38.9,27.7,32.4,43.8,33.8,37.4,0.9,15.5,33.1,124,24.23,999.7,loc_tiruchirappalli,10.7905,78.7047,ECMWF_ERA5_Reanalysis
2016-05-09,37.7,26.4,31.3,42.1,32.1,36.1,2.1,13.3,32.0,136,23.31,999.6,loc_tiruchirappalli,10.7905,78.7047,ECMWF_ERA5_Reanalysis
2016-05-10,36.8,28.0,31.3,42.0,33.7,36.6,3.4,15.1,34.9,141,20.1,999.7,loc_tiruchirappalli,10.7905,78.7047,ECMWF_ERA5_Reanalysis
2016-05-11,36.8,27.5,30.2,42.2,33.2,35.7,8.1,14.5,35.6,151,19.24,999.2,loc_tiruchirappalli,10.7905,78.7047,ECMWF_ERA5_Reanalysis
2016-05-12,34.0,26.9,29.9,38.7,31.4,34.5,0.7,11.0,26.3,176,13.22,997.8,loc_tiruchirappalli,10.7905,78.7047,ECMWF_ERA5_Reanalysis
2016-05-13,38.1,26.6,31.9,43.6,31.1,36.1,0.0,15.8,35.6,163,24.93,997.0,loc_tiruchirappalli,10.7905,78.7047,ECMWF_ERA5_Reanalysis
2016-05-14,38.2,28.0,31.9,42.1,33.9,36.5,0.2,18.9,37.8,129,20.98,998.1,loc_tiruchirappalli,10.7905,78.7047,ECMWF_ERA5_Reanalysis
2016-05-15,36.0,27.1,31.1,39.7,33.4,36.0,0.0,13.7,28.1,137,16.21,998.3,loc_tiruchirappalli,10.7905,78.7047,ECMWF_ERA5_Reanalysis
2016-05-16,27.5,25.2,26.7,33.7,29.8,32.8,37.5,13.5,31.7,317,4.2,996.0,loc_tiruchirappalli,10.7905,78.7047,ECMWF_ERA5_Reanalysis
2016-05-17,27.1,24.9,25.8,31.3,29.4,30.2,51.8,14.0,40.3,286,6.43,993.5,loc_tiruchirappalli,10.7905,78.7047,ECMWF_ERA5_Reanalysis
2016-05-18,33.1,24.8,28.6,36.7,29.2,32.6,2.7,17.4,38.5,244,10.49,993.1,loc_tiruchirappalli,10.7905,78.7047,ECMWF_ERA5_Reanalysis
2016-05-19,33.4,26.9,29.8,39.0,30.1,34.1,0.1,16.2,36.0,254,16.4,994.5,loc_tiruchirappalli,10.7905,78.7047,ECMWF_ERA5_Reanalysis
2016-05-20,33.6,26.9,29.6,36.7,30.8,33.3,0.4,15.4,31.7,262,15.27,995.6,loc_tiruchirappalli,10.7905,78.7047,ECMWF_ERA5_Reanalysis
2016-05-21,36.8,26.8,31.0,41.1,30.1,34.9,0.0,17.0,34.2,262,24.84,996.4,loc_tiruchirappalli,10.7905,78.7047,ECMWF_ERA5_Reanalysis
2016-05-22,37.5,27.3,31.7,42.1,30.0,35.6,0.0,15.9,32.4,259,25.83,997.6,loc_tiruchirappalli,10.7905,78.7047,ECMWF_ERA5_Reanalysis
2016-05-23,37.9,28.0,32.1,42.5,30.9,35.7,0.0,18.4,36.7,269,23.55,997.7,loc_tiruchirappalli,10.7905,78.7047,ECMWF_ERA5_Reanalysis
2016-05-24,38.3,28.2,32.6,43.3,31.4,36.3,0.4,14.9,36.4,258,25.31,997.5,loc_tiruchirappalli,10.7905,78.7047,ECMWF_ERA5_Reanalysis
2016-05-25,38.6,28.1,32.3,42.6,30.8,35.0,0.0,19.4,42.5,272,24.37,996.8,loc_tiruchirappalli,10.7905,78.7047,ECMWF_ERA5_Reanalysis
2016-05-26,38.8,27.6,32.6,42.7,30.3,35.3,0.0,16.7,34.9,270,24.27,997.0,loc_tiruchirappalli,10.7905,78.7047,ECMWF_ERA5_Reanalysis
2016-05-27,38.3,28.3,31.9,43.5,31.2,35.3,0.7,18.4,33.5,267,24.01,998.2,loc_tiruchirappalli,10.7905,78.7047,ECMWF_ERA5_Reanalysis
2016-05-28,37.7,27.3,30.6,43.3,30.4,34.7,2.4,16.9,37.4,267,23.64,998.2,loc_tiruchirappalli,10.7905,78.7047,ECMWF_ERA5_Reanalysis
2016-05-29,36.9,27.2,30.7,41.4,30.4,34.4,5.6,18.2,40.3,282,24.4,997.6,loc_tiruchirappalli,10.7905,78.7047,ECMWF_ERA5_Reanalysis
2016-05-30,36.8,27.2,31.6,41.4,30.1,34.4,0.0,16.3,31.0,271,24.21,997.1,loc_tiruchirappalli,10.7905,78.7047,ECMWF_ERA5_Reanalysis
2016-05-31,37.5,27.4,30.9,42.2,30.4,34.4,2.9,14.6,31.7,270,20.8,997.8,loc_tiruchirappalli,10.7905,78.7047,ECMWF_ERA5_Reanalysis
2016-06-01,37.9,27.1,31.3,42.9,29.9,34.5,3.7,16.7,35.3,272,23.1,998.2,loc_tiruchirappalli,10.7905,78.7047,ECMWF_ERA5_Reanalysis
2016-06-02,37.5,27.2,30.5,42.0,29.9,34.3,9.6,16.3,39.2,282,23.72,997.4,loc_tiruchirappalli,10.7905,78.7047,ECMWF_ERA5_Reanalysis
2016-06-03,36.8,26.9,30.0,41.8,29.8,34.0,5.9,14.0,31.0,269,22.03,996.9,loc_tiruchirappalli,10.7905,78.7047,ECMWF_ERA5_Reanalysis
2016-06-04,37.4,27.1,30.6,41.5,30.2,34.7,6.6,17.6,37.8,273,23.15,996.6,loc_tiruchirappalli,10.7905,78.7047,ECMWF_ERA5_Reanalysis
2016-06-05,36.2,27.0,29.9,41.1,30.3,33.9,3.9,17.7,42.8,270,20.12,997.3,loc_tiruchirappalli,10.7905,78.7047,ECMWF_ERA5_Reanalysis
2016-06-06,36.7,27.2,30.8,41.6,30.5,34.6,1.1,12.4,34.2,247,21.59,997.3,loc_tiruchirappalli,10.7905,78.7047,ECMWF_ERA5_Reanalysis
2016-06-07,34.9,26.8,29.8,38.7,31.4,34.4,7.4,14.5,32.0,219,18.4,997.5,loc_tiruchirappalli,10.7905,78.7047,ECMWF_ERA5_Reanalysis
2016-06-08,33.0,26.7,29.2,37.5,31.5,33.6,1.9,16.8,34.6,223,15.19,997.4,loc_tiruchirappalli,10.7905,78.7047,ECMWF_ERA5_Reanalysis
2016-06-09,34.4,25.8,28.9,38.5,29.8,33.3,6.0,13.5,33.1,215,17.31,998.1,loc_tiruchirappalli,10.7905,78.7047,ECMWF_ERA5_Reanalysis
2016-06-10,33.9,25.9,29.6,36.4,30.2,33.0,0.2,16.9,34.2,241,17.45,998.6,loc_tiruchirappalli,10.7905,78.7047,ECMWF_ERA5_Reanalysis
2016-06-11,35.4,26.1,30.3,38.4,29.9,32.9,0.0,18.7,42.8,255,19.27,999.0,loc_tiruchirappalli,10.7905,78.7047,ECMWF_ERA5_Reanalysis
2016-06-12,36.3,26.6,30.0,40.1,29.3,33.3,2.0,18.4,41.8,265,22.09,998.6,loc_tiruchirappalli,10.7905,78.7047,ECMWF_ERA5_Reanalysis
2016-06-13,36.7,26.8,31.0,39.2,29.0,32.7,0.0,21.4,51.5,276,23.77,999.0,loc_tiruchirappalli,10.7905,78.7047,ECMWF_ERA5_Reanalysis
2016-06-14,37.1,26.6,31.3,39.2,28.8,32.6,0.0,22.8,50.0,277,24.18,998.1,loc_tiruchirappalli,10.7905,78.7047,ECMWF_ERA5_Reanalysis
2016-06-15,37.6,26.6,31.5,36.2,28.0,31.5,0.0,26.8,55.8,278,22.36,996.7,loc_tiruchirappalli,10.7905,78.7047,ECMWF_ERA5_Reanalysis
2016-06-16,36.4,26.7,30.9,36.9,28.3,31.5,0.0,23.8,55.4,275,22.37,995.8,loc_tiruchirappalli,10.7905,78.7047,ECMWF_ERA5_Reanalysis
2016-06-17,37.1,26.4,30.5,39.1,28.4,32.4,0.9,18.8,46.1,276,20.22,995.0,loc_tiruchirappalli,10.7905,78.7047,ECMWF_ERA5_Reanalysis
2016-06-18,35.1,26.6,30.1,36.7,28.7,32.2,0.1,19.2,46.4,276,16.14,995.5,loc_tiruchirappalli,10.7905,78.7047,ECMWF_ERA5_Reanalysis
2016-06-19,36.4,26.6,30.0,39.0,28.7,32.4,3.0,16.0,44.3,268,17.29,995.3,loc_tiruchirappalli,10.7905,78.7047,ECMWF_ERA5_Reanalysis
2016-06-20,36.8,26.6,29.7,39.5,28.9,31.8,3.7,18.0,39.2,282,15.6,995.1,loc_tiruchirappalli,10.7905,78.7047,ECMWF_ERA5_Reanalysis
2016-06-21,34.3,24.3,28.8,35.1,26.6,30.5,7.9,24.0,52.2,282,14.31,995.8,loc_tiruchirappalli,10.7905,78.7047,ECMWF_ERA5_Reanalysis
2016-06-22,32.1,24.9,27.4,33.8,27.5,29.3,3.5,20.9,41.0,280,12.75,997.4,loc_tiruchirappalli,10.7905,78.7047,ECMWF_ERA5_Reanalysis
2016-06-23,29.7,24.2,25.9,32.3,25.8,28.1,7.7,23.2,37.1,283,7.94,998.1,loc_tiruchirappalli,10.7905,78.7047,ECMWF_ERA5_Reanalysis
2016-06-24,31.9,24.6,27.0,32.9,25.7,28.8,4.2,22.6,47.9,282,8.95,996.9,loc_tiruchirappalli,10.7905,78.7047,ECMWF_ERA5_Reanalysis
2016-06-25,32.2,25.5,28.2,32.5,26.4,29.3,0.1,25.0,51.8,285,14.07,997.5,loc_tiruchirappalli,10.7905,78.7047,ECMWF_ERA5_Reanalysis
2016-06-26,34.8,26.2,29.7,36.5,28.4,31.4,0.1,20.2,45.4,281,18.53,997.7,loc_tiruchirappalli,10.7905,78.7047,ECMWF_ERA5_Reanalysis
2016-06-27,33.5,26.1,29.0,35.2,28.1,30.5,1.9,21.1,50.4,278,15.61,996.4,loc_tiruchirappalli,10.7905,78.7047,ECMWF_ERA5_Reanalysis
2016-06-28,31.6,25.5,27.8,34.1,28.2,30.2,14.5,18.7,49.3,267,9.75,996.8,loc_tiruchirappalli,10.7905,78.7047,ECMWF_ERA5_Reanalysis
2016-06-29,33.0,25.3,28.6,33.5,27.9,30.0,2.6,24.9,56.9,271,14.94,997.5,loc_tiruchirappalli,10.7905,78.7047,ECMWF_ERA5_Reanalysis
2016-06-30,32.9,26.6,29.5,33.0,28.4,30.5,0.0,26.0,52.9,271,15.25,997.2,loc_tiruchirappalli,10.7905,78.7047,ECMWF_ERA5_Reanalysis
2016-07-01,35.6,26.6,30.5,35.6,28.4,31.3,0.0,29.9,61.6,272,22.79,996.5,loc_tiruchirappalli,10.7905,78.7047,ECMWF_ERA5_Reanalysis
2016-07-02,36.2,27.1,31.0,36.3,28.4,31.2,0.0,29.8,60.8,273,20.3,996.5,loc_tiruchirappalli,10.7905,78.7047,ECMWF_ERA5_Reanalysis
2016-07-03,36.5,27.1,31.4,37.7,28.7,32.9,0.0,24.6,52.9,279,20.9,997.4,loc_tiruchirappalli,10.7905,78.7047,ECMWF_ERA5_Reanalysis
2016-07-04,34.9,27.3,30.6,37.0,29.3,32.1,0.0,22.5,52.6,276,16.42,998.2,loc_tiruchirappalli,10.7905,78.7047,ECMWF_ERA5_Reanalysis
2016-07-05,36.2,27.1,31.0,37.7,28.1,32.3,0.3,20.5,52.2,271,19.61,997.7,loc_tiruchirappalli,10.7905,78.7047,ECMWF_ERA5_Reanalysis
2016-07-06,37.1,27.0,30.6,39.5,29.1,32.5,0.2,21.8,48.6,277,20.0,997.4,loc_tiruchirappalli,10.7905,78.7047,ECMWF_ERA5_Reanalysis
2016-07-07,35.6,26.5,30.3,37.2,28.5,32.0,0.6,23.6,48.6,276,18.67,997.3,loc_tiruchirappalli,10.7905,78.7047,ECMWF_ERA5_Reanalysis
2016-07-08,36.2,27.1,30.8,36.3,29.3,31.9,0.3,26.3,59.0,272,17.09,997.0,loc_tiruchirappalli,10.7905,78.7047,ECMWF_ERA5_Reanalysis
2016-07-09,34.4,27.0,30.1,34.4,28.5,30.9,0.0,29.2,60.1,270,18.72,997.0,loc_tiruchirappalli,10.7905,78.7047,ECMWF_ERA5_Reanalysis
2016-07-10,35.8,27.4,30.6,34.8,28.5,31.0,0.3,33.8,74.5,268,21.0,996.7,loc_tiruchirappalli,10.7905,78.7047,ECMWF_ERA5_Reanalysis
2016-07-11,35.6,27.3,30.6,33.9,27.9,30.4,0.0,33.5,69.5,270,19.02,996.4,loc_tiruchirappalli,10.7905,78.7047,ECMWF_ERA5_Reanalysis
2016-07-12,36.1,26.8,30.6,34.8,27.9,30.7,0.0,29.5,64.4,272,19.75,997.4,loc_tiruchirappalli,10.7905,78.7047,ECMWF_ERA5_Reanalysis
2016-07-13,37.6,26.3,31.3,38.1,28.3,32.1,0.0,23.5,54.4,278,23.3,997.4,loc_tiruchirappalli,10.7905,78.7047,ECMWF_ERA5_Reanalysis
2016-07-14,38.2,26.3,31.2,40.9,28.3,33.2,0.0,17.5,41.8,274,22.2,996.5,loc_tiruchirappalli,10.7905,78.7047,ECMWF_ERA5_Reanalysis
2016-07-15,37.7,26.8,30.2,41.8,29.3,33.8,10.1,13.1,31.7,278,20.46,997.0,loc_tiruchirappalli,10.7905,78.7047,ECMWF_ERA5_Reanalysis
2016-07-16,36.2,25.8,29.1,39.6,29.5,33.4,7.6,13.8,35.6,253,20.33,998.2,loc_tiruchirappalli,10.7905,78.7047,ECMWF_ERA5_Reanalysis
2016-07-17,34.8,26.2,29.1,38.7,29.2,33.0,4.5,13.8,29.2,255,19.04,1000.1,loc_tiruchirappalli,10.7905,78.7047,ECMWF_ERA5_Reanalysis
2016-07-18,35.0,25.4,28.9,38.3,28.0,32.0,3.2,15.2,40.3,279,19.78,1000.0,loc_tiruchirappalli,10.7905,78.7047,ECMWF_ERA5_Reanalysis
2016-07-19,34.0,26.1,29.7,36.1,27.7,31.4,0.0,15.9,41.0,293,17.34,999.3,loc_tiruchirappalli,10.7905,78.7047,ECMWF_ERA5_Reanalysis
2016-07-20,34.1,26.7,29.9,37.2,28.9,32.4,0.5,15.4,46.4,288,18.35,998.3,loc_tiruchirappalli,10.7905,78.7047,ECMWF_ERA5_Reanalysis
2016-07-21,32.8,26.1,29.3,35.0,28.4,31.3,0.0,17.4,39.6,285,16.35,997.7,loc_tiruchirappalli,10.7905,78.7047,ECMWF_ERA5_Reanalysis
2016-07-22,34.6,24.8,29.3,35.1,26.9,30.4,0.1,20.3,44.3,279,15.66,996.9,loc_tiruchirappalli,10.7905,78.7047,ECMWF_ERA5_Reanalysis
2016-07-23,32.9,25.7,28.4,34.0,27.4,29.8,0.0,20.0,47.5,279,11.71,996.9,loc_tiruchirappalli,10.7905,78.7047,ECMWF_ERA5_Reanalysis
2016-07-24,34.8,25.6,29.0,37.5,27.9,31.6,0.2,18.0,38.2,281,16.65,996.7,loc_tiruchirappalli,10.7905,78.7047,ECMWF_ERA5_Reanalysis
2016-07-25,36.4,25.3,28.8,40.3,28.6,32.9,11.2,12.8,33.5,272,18.32,997.0,loc_tiruchirappalli,10.7905,78.7047,ECMWF_ERA5_Reanalysis
2016-07-26,33.5,24.4,27.6,39.3,29.5,32.7,41.5,11.2,27.7,238,19.06,997.3,loc_tiruchirappalli,10.7905,78.7047,ECMWF_ERA5_Reanalysis
2016-07-27,32.6,24.0,27.2,39.0,28.9,32.4,10.7,8.9,27.0,245,20.03,997.7,loc_tiruchirappalli,10.7905,78.7047,ECMWF_ERA5_Reanalysis
2016-07-28,32.1,24.5,27.7,39.0,29.0,32.9,3.4,10.8,27.4,244,20.35,997.5,loc_tiruchirappalli,10.7905,78.7047,ECMWF_ERA5_Reanalysis
2016-07-29,31.5,25.0,28.1,35.7,28.4,32.1,0.0,15.6,40.0,280,18.13,997.5,loc_tiruchirappalli,10.7905,78.7047,ECMWF_ERA5_Reanalysis
2016-07-30,32.3,25.5,28.5,35.0,27.9,31.2,0.0,14.4,32.0,261,15.88,998.0,loc_tiruchirappalli,10.7905,78.7047,ECMWF_ERA5_Reanalysis
2016-07-31,34.5,25.3,29.3,36.7,26.7,31.3,0.0,17.7,38.9,270,22.15,998.8,loc_tiruchirappalli,10.7905,78.7047,ECMWF_ERA5_Reanalysis
2016-08-01,34.6,25.6,29.4,35.6,26.9,30.4,0.0,24.9,52.2,274,22.51,998.3,loc_tiruchirappalli,10.7905,78.7047,ECMWF_ERA5_Reanalysis
2016-08-02,34.9,25.6,29.6,34.7,26.8,30.0,0.0,26.3,53.6,270,21.31,996.7,loc_tiruchirappalli,10.7905,78.7047,ECMWF_ERA5_Reanalysis
2016-08-03,34.9,25.7,29.6,34.7,27.2,30.0,0.0,29.2,60.1,268,20.91,996.0,loc_tiruchirappalli,10.7905,78.7047,ECMWF_ERA5_Reanalysis
2016-08-04,35.1,25.7,29.8,35.4,27.1,30.5,0.0,25.3,54.4,272,20.86,996.9,loc_tiruchirappalli,10.7905,78.7047,ECMWF_ERA5_Reanalysis
2016-08-05,34.3,26.2,29.8,34.5,28.0,30.8,0.0,21.7,46.1,274,15.57,997.8,loc_tiruchirappalli,10.7905,78.7047,ECMWF_ERA5_Reanalysis
2016-08-06,37.0,26.4,31.1,37.8,27.5,31.7,0.0,22.2,50.0,279,22.43,997.6,loc_tiruchirappalli,10.7905,78.7047,ECMWF_ERA5_Reanalysis
2016-08-07,36.9,26.3,31.1,39.1,28.1,32.6,0.1,19.1,44.3,281,23.61,998.6,loc_tiruchirappalli,10.7905,78.7047,ECMWF_ERA5_Reanalysis
2016-08-08,38.0,26.1,31.4,40.1,28.0,33.3,0.0,17.8,40.7,282,24.08,999.0,loc_tiruchirappalli,10.7905,78.7047,ECMWF_ERA5_Reanalysis
2016-08-09,37.4,26.6,31.2,39.6,28.9,33.2,0.0,17.3,40.3,279,21.3,998.8,loc_tiruchirappalli,10.7905,78.7047,ECMWF_ERA5_Reanalysis
2016-08-10,37.6,26.1,31.4,39.8,27.8,33.0,0.0,19.7,45.7,283,23.56,998.9,loc_tiruchirappalli,10.7905,78.7047,ECMWF_ERA5_Reanalysis
2016-08-11,37.6,26.1,31.4,39.8,28.2,33.2,0.0,16.5,37.4,280,22.36,999.6,loc_tiruchirappalli,10.7905,78.7047,ECMWF_ERA5_Reanalysis
2016-08-12,37.0,27.2,31.6,39.7,29.5,33.3,0.0,17.4,40.0,280,20.12,999.5,loc_tiruchirappalli,10.7905,78.7047,ECMWF_ERA5_Reanalysis
2016-08-13,37.4,27.1,30.6,39.3,29.2,33.2,3.3,16.0,43.2,272,20.13,998.6,loc_tiruchirappalli,10.7905,78.7047,ECMWF_ERA5_Reanalysis
2016-08-14,37.1,26.9,31.1,39.0,28.6,32.4,0.0,19.1,48.2,277,21.28,998.1,loc_tiruchirappalli,10.7905,78.7047,ECMWF_ERA5_Reanalysis
2016-08-15,37.4,26.3,31.0,38.7,27.7,31.8,0.0,22.0,51.1,277,23.27,997.5,loc_tiruchirappalli,10.7905,78.7047,ECMWF_ERA5_Reanalysis
2016-08-16,37.1,26.0,30.9,37.5,27.5,31.5,0.1,24.6,53.3,280,23.06,996.7,loc_tiruchirappalli,10.7905,78.7047,ECMWF_ERA5_Reanalysis
2016-08-17,36.6,26.1,30.3,36.8,27.0,30.6,0.0,23.7,52.6,281,18.69,996.2,loc_tiruchirappalli,10.7905,78.7047,ECMWF_ERA5_Reanalysis
2016-08-18,37.7,25.7,30.9,39.4,27.6,32.1,0.0,19.9,47.5,281,24.12,996.3,loc_tiruchirappalli,10.7905,78.7047,ECMWF_ERA5_Reanalysis
2016-08-19,38.0,26.4,31.5,39.7,28.0,33.1,0.0,19.3,43.9,282,22.68,996.5,loc_tiruchirappalli,10.7905,78.7047,ECMWF_ERA5_Reanalysis
2016-08-20,37.7,26.4,32.1,40.8,28.8,34.5,0.1,15.8,37.8,276,23.17,996.3,loc_tiruchirappalli,10.7905,78.7047,ECMWF_ERA5_Reanalysis
2016-08-21,37.3,27.1,32.3,40.4,29.4,34.9,0.0,14.5,33.8,285,22.39,997.0,loc_tiruchirappalli,10.7905,78.7047,ECMWF_ERA5_Reanalysis
2016-08-22,37.7,27.1,31.7,40.7,29.6,34.5,2.3,15.3,36.4,284,22.41,997.7,loc_tiruchirappalli,10.7905,78.7047,ECMWF_ERA5_Reanalysis
2016-08-23,37.6,27.2,31.6,41.1,29.7,34.0,1.1,15.5,40.3,277,21.5,997.8,loc_tiruchirappalli,10.7905,78.7047,ECMWF_ERA5_Reanalysis
2016-08-24,38.0,26.3,31.4,40.8,28.6,33.2,0.5,16.8,38.5,283,22.23,997.0,loc_tiruchirappalli,10.7905,78.7047,ECMWF_ERA5_Reanalysis
2016-08-25,37.5,26.6,31.4,39.5,29.0,33.5,0.0,18.1,42.5,280,20.71,997.4,loc_tiruchirappalli,10.7905,78.7047,ECMWF_ERA5_Reanalysis
2016-08-26,35.5,27.0,29.8,37.7,29.1,32.8,2.2,16.7,36.0,288,14.13,997.4,loc_tiruchirappalli,10.7905,78.7047,ECMWF_ERA5_Reanalysis
2016-08-27,36.0,25.9,30.0,37.8,27.9,32.3,1.1,15.9,39.2,280,16.3,997.7,loc_tiruchirappalli,10.7905,78.7047,ECMWF_ERA5_Reanalysis
2016-08-28,35.5,26.0,30.2,36.8,27.6,32.0,1.2,18.0,38.5,288,14.53,997.9,loc_tiruchirappalli,10.7905,78.7047,ECMWF_ERA5_Reanalysis
2016-08-29,36.7,26.3,30.6,38.2,28.4,32.7,1.2,16.0,39.6,283,19.02,997.2,loc_tiruchirappalli,10.7905,78.7047,ECMWF_ERA5_Reanalysis
2016-08-30,34.6,25.1,29.1,37.8,28.0,31.9,1.2,17.8,41.8,277,18.28,996.6,loc_tiruchirappalli,10.7905,78.7047,ECMWF_ERA5_Reanalysis
2016-08-31,34.9,25.7,29.4,37.0,28.9,32.4,2.7,14.1,35.6,263,14.81,997.6,loc_tiruchirappalli,10.7905,78.7047,ECMWF_ERA5_Reanalysis
2016-09-01,35.0,25.8,28.6,38.1,28.5,32.0,4.8,15.1,35.6,272,13.67,998.6,loc_tiruchirappalli,10.7905,78.7047,ECMWF_ERA5_Reanalysis
2016-09-02,35.5,25.5,29.5,37.8,27.6,31.8,0.2,16.4,39.6,279,19.25,999.0,loc_tiruchirappalli,10.7905,78.7047,ECMWF_ERA5_Reanalysis
2016-09-03,36.5,25.8,29.7,39.7,27.8,32.4,2.4,15.8,38.9,276,19.38,998.6,loc_tiruchirappalli,10.7905,78.7047,ECMWF_ERA5_Reanalysis
2016-09-04,35.9,26.1,30.6,38.1,28.1,32.5,0.0,15.9,41.0,281,18.73,1000.0,loc_tiruchirappalli,10.7905,78.7047,ECMWF_ERA5_Reanalysis
2016-09-05,37.3,25.9,31.0,38.4,27.9,32.3,0.0,19.2,40.3,283,21.41,1000.5,loc_tiruchirappalli,10.7905,78.7047,ECMWF_ERA5_Reanalysis
2016-09-06,37.2,25.5,30.9,38.7,27.1,31.8,0.0,19.7,41.4,285,22.82,1000.7,loc_tiruchirappalli,10.7905,78.7047,ECMWF_ERA5_Reanalysis
2016-09-07,37.8,25.7,31.1,38.4,26.7,31.6,0.0,18.4,41.0,283,23.01,999.5,loc_tiruchirappalli,10.7905,78.7047,ECMWF_ERA5_Reanalysis
2016-09-08,37.5,25.3,31.1,39.0,26.8,32.3,0.0,17.0,40.3,282,23.0,999.0,loc_tiruchirappalli,10.7905,78.7047,ECMWF_ERA5_Reanalysis
2016-09-09,36.6,25.8,31.2,39.3,27.6,33.0,0.0,15.0,33.1,278,21.37,999.2,loc_tiruchirappalli,10.7905,78.7047,ECMWF_ERA5_Reanalysis
2016-09-10,37.2,27.1,32.0,39.5,29.7,34.1,0.0,12.8,35.6,279,21.37,998.6,loc_tiruchirappalli,10.7905,78.7047,ECMWF_ERA5_Reanalysis
2016-09-11,36.9,26.8,31.4,36.8,28.4,32.2,0.0,16.3,41.0,283,17.87,997.8,loc_tiruchirappalli,10.7905,78.7047,ECMWF_ERA5_Reanalysis
2016-09-12,38.0,26.6,31.9,39.4,28.7,33.6,0.0,16.1,38.9,283,22.89,996.8,loc_tiruchirappalli,10.7905,78.7047,ECMWF_ERA5_Reanalysis
2016-09-13,37.9,26.5,31.7,40.2,28.7,33.4,0.0,15.4,37.8,284,22.27,997.4,loc_tiruchirappalli,10.7905,78.7047,ECMWF_ERA5_Reanalysis
2016-09-14,35.9,26.7,30.7,37.5,29.0,32.8,1.0,15.5,36.7,279,16.52,997.5,loc_tiruchirappalli,10.7905,78.7047,ECMWF_ERA5_Reanalysis
2016-09-15,37.7,26.7,31.5,40.5,29.6,33.8,0.0,16.9,39.2,265,21.77,997.1,loc_tiruchirappalli,10.7905,78.7047,ECMWF_ERA5_Reanalysis
2016-09-16,38.2,26.4,31.5,40.1,28.2,33.0,0.0,20.0,48.6,275,22.94,997.1,loc_tiruchirappalli,10.7905,78.7047,ECMWF_ERA5_Reanalysis
2016-09-17,38.1,26.4,31.7,39.8,27.9,33.0,0.0,17.4,45.0,270,22.18,997.6,loc_tiruchirappalli,10.7905,78.7047,ECMWF_ERA5_Reanalysis
2016-09-18,38.2,26.3,31.3,40.0,27.7,32.3,0.0,18.5,46.1,280,22.29,998.6,loc_tiruchirappalli,10.7905,78.7047,ECMWF_ERA5_Reanalysis
2016-09-19,38.2,25.9,31.6,39.7,27.9,32.9,0.0,18.0,38.2,286,21.99,998.4,loc_tiruchirappalli,10.7905,78.7047,ECMWF_ERA5_Reanalysis
2016-09-20,37.5,26.6,31.6,38.3,28.5,32.6,0.0,18.7,42.5,285,20.74,997.5,loc_tiruchirappalli,10.7905,78.7047,ECMWF_ERA5_Reanalysis
2016-09-21,35.8,26.8,30.8,36.8,28.5,31.9,0.0,18.9,43.6,284,16.52,997.8,loc_tiruchirappalli,10.7905,78.7047,ECMWF_ERA5_Reanalysis
2016-09-22,37.8,27.0,31.5,38.5,28.8,32.7,0.0,20.6,47.5,284,21.27,997.8,loc_tiruchirappalli,10.7905,78.7047,ECMWF_ERA5_Reanalysis
2016-09-23,38.1,26.5,31.6,39.2,28.1,32.4,0.0,20.7,45.4,281,23.69,996.3,loc_tiruchirappalli,10.7905,78.7047,ECMWF_ERA5_Reanalysis
2016-09-24,37.9,26.4,31.4,39.0,27.8,32.1,0.0,21.8,52.9,281,23.49,995.4,loc_tiruchirappalli,10.7905,78.7047,ECMWF_ERA5_Reanalysis
2016-09-25,38.0,25.9,31.5,39.5,27.4,32.5,0.0,19.0,50.8,279,23.76,995.9,loc_tiruchirappalli,10.7905,78.7047,ECMWF_ERA5_Reanalysis
2016-09-26,38.0,26.6,32.2,39.9,28.6,34.1,0.0,17.2,38.9,276,22.22,997.1,loc_tiruchirappalli,10.7905,78.7047,ECMWF_ERA5_Reanalysis
2016-09-27,37.7,27.6,31.3,41.7,30.0,34.4,1.5,15.0,34.2,270,20.31,997.7,loc_tiruchirappalli,10.7905,78.7047,ECMWF_ERA5_Reanalysis
2016-09-28,36.0,27.9,31.3,39.5,31.0,34.7,0.8,10.1,32.8,267,18.52,997.5,loc_tiruchirappalli,10.7905,78.7047,ECMWF_ERA5_Reanalysis
2016-09-29,36.7,26.8,30.2,39.4,29.8,33.6,3.3,13.8,36.0,269,18.74,996.8,loc_tiruchirappalli,10.7905,78.7047,ECMWF_ERA5_Reanalysis
2016-09-30,36.3,26.7,31.0,39.3,29.4,33.3,0.0,15.0,37.4,273,18.68,996.3,loc_tiruchirappalli,10.7905,78.7047,ECMWF_ERA5_Reanalysis
2016-10-01,38.2,26.2,31.3,40.5,27.9,33.2,0.0,16.5,38.2,263,22.52,997.1,loc_tiruchirappalli,10.7905,78.7047,ECMWF_ERA5_Reanalysis
2016-10-02,37.9,25.7,31.1,40.6,27.3,33.4,0.0,18.1,34.6,248,23.32,998.9,loc_tiruchirappalli,10.7905,78.7047,ECMWF_ERA5_Reanalysis
2016-10-03,36.9,26.3,31.0,41.0,29.0,34.2,0.0,16.6,29.9,195,22.04,998.7,loc_tiruchirappalli,10.7905,78.7047,ECMWF_ERA5_Reanalysis
2016-10-04,37.6,27.0,31.8,40.2,29.3,34.4,0.0,13.9,33.5,267,20.34,998.7,loc_tiruchirappalli,10.7905,78.7047,ECMWF_ERA5_Reanalysis
2016-10-05,38.0,26.9,32.1,40.5,28.5,34.1,0.0,11.8,32.0,291,22.69,998.7,loc_tiruchirappalli,10.7905,78.7047,ECMWF_ERA5_Reanalysis
2016-10-06,36.2,26.6,31.5,39.4,28.1,33.6,0.0,16.6,37.4,298,19.85,998.7,loc_tiruchirappalli,10.7905,78.7047,ECMWF_ERA5_Reanalysis
2016-10-07,37.2,25.9,31.4,38.8,26.9,33.1,0.0,15.7,34.9,279,21.1,999.0,loc_tiruchirappalli,10.7905,78.7047,ECMWF_ERA5_Reanalysis
2016-10-08,38.3,26.0,31.7,41.0,27.4,33.4,0.0,16.3,38.9,272,22.9,999.4,loc_tiruchirappalli,10.7905,78.7047,ECMWF_ERA5_Reanalysis
2016-10-09,38.0,26.0,31.7,39.4,27.6,32.8,0.0,15.2,34.9,277,21.92,999.5,loc_tiruchirappalli,10.7905,78.7047,ECMWF_ERA5_Reanalysis
2016-10-10,38.5,26.2,31.8,39.8,27.3,32.6,0.0,19.2,41.8,281,24.11,998.8,loc_tiruchirappalli,10.7905,78.7047,ECMWF_ERA5_Reanalysis
2016-10-11,37.3,26.5,31.8,40.5,27.1,33.3,0.0,16.3,38.5,282,22.39,998.9,loc_tiruchirappalli,10.7905,78.7047,ECMWF_ERA5_Reanalysis
2016-10-12,36.8,26.8,30.7,40.8,29.4,33.8,1.8,12.8,31.0,302,18.48,998.9,loc_tiruchirappalli,10.7905,78.7047,ECMWF_ERA5_Reanalysis
2016-10-13,32.6,25.7,27.8,37.4,31.3,32.9,73.3,8.9,22.0,276,10.62,999.4,loc_tiruchirappalli,10.7905,78.7047,ECMWF_ERA5_Reanalysis
2016-10-14,32.6,25.3,28.8,37.4,29.9,32.8,0.0,8.9,23.0,349,20.51,999.8,loc_tiruchirappalli,10.7905,78.7047,ECMWF_ERA5_Reanalysis
2016-10-15,31.9,25.3,28.6,35.7,30.4,32.4,0.0,11.2,26.3,72,20.2,1000.5,loc_tiruchirappalli,10.7905,78.7047,ECMWF_ERA5_Reanalysis
2016-10-16,32.3,23.8,28.3,36.0,28.2,31.9,0.0,10.2,23.4,63,21.07,1000.8,loc_tiruchirappalli,10.7905,78.7047,ECMWF_ERA5_Reanalysis
2016-10-17,32.4,23.6,28.3,36.9,27.8,32.3,0.0,9.2,20.5,71,21.97,1000.1,loc_tiruchirappalli,10.7905,78.7047,ECMWF_ERA5_Reanalysis
2016-10-18,32.3,24.7,28.6,36.6,29.3,32.8,0.6,9.7,24.8,41,19.66,999.1,loc_tiruchirappalli,10.7905,78.7047,ECMWF_ERA5_Reanalysis
2016-10-19,33.7,24.6,29.0,38.6,29.8,33.6,0.3,11.8,22.0,91,20.21,998.3,loc_tiruchirappalli,10.7905,78.7047,ECMWF_ERA5_Reanalysis
2016-10-20,33.3,25.1,28.2,38.1,29.8,33.0,3.4,11.6,25.2,128,18.21,997.8,loc_tiruchirappalli,10.7905,78.7047,ECMWF_ERA5_Reanalysis
2016-10-21,31.1,24.4,27.2,35.6,29.9,32.2,30.7,7.8,22.7,168,15.33,999.0,loc_tiruchirappalli,10.7905,78.7047,ECMWF_ERA5_Reanalysis
2016-10-22,31.7,24.1,27.6,36.8,29.3,32.5,0.8,11.2,25.9,255,18.8,1000.1,loc_tiruchirappalli,10.7905,78.7047,ECMWF_ERA5_Reanalysis
2016-10-23,32.3,24.9,27.7,37.7,28.4,31.9,0.6,12.1,28.1,294,18.45,1000.7,loc_tiruchirappalli,10.7905,78.7047,ECMWF_ERA5_Reanalysis
2016-10-24,32.7,24.7,28.0,37.2,28.0,31.7,0.0,11.7,28.4,303,19.53,1000.3,loc_tiruchirappalli,10.7905,78.7047,ECMWF_ERA5_Reanalysis
2016-10-25,31.9,23.7,27.7,36.5,28.4,31.8,0.0,13.0,23.0,11,18.63,999.6,loc_tiruchirappalli,10.7905,78.7047,ECMWF_ERA5_Reanalysis
2016-10-26,31.7,23.9,27.9,36.3,28.3,31.6,0.1,11.3,20.5,113,18.07,999.7,loc_tiruchirappalli,10.7905,78.7047,ECMWF_ERA5_Reanalysis
2016-10-27,31.8,23.3,27.7,35.5,27.5,31.2,0.0,9.0,17.6,66,16.91,1000.8,loc_tiruchirappalli,10.7905,78.7047,ECMWF_ERA5_Reanalysis
2016-10-28,33.6,24.4,28.8,37.2,28.2,32.2,0.0,15.0,26.3,208,19.72,1000.1,loc_tiruchirappalli,10.7905,78.7047,ECMWF_ERA5_Reanalysis
2016-10-29,35.2,25.7,29.8,39.3,29.3,33.6,1.4,14.1,28.1,283,20.86,999.5,loc_tiruchirappalli,10.7905,78.7047,ECMWF_ERA5_Reanalysis
2016-10-30,33.0,24.5,27.8,38.4,28.7,32.0,4.8,12.8,29.5,40,18.35,1000.7,loc_tiruchirappalli,10.7905,78.7047,ECMWF_ERA5_Reanalysis
2016-10-31,29.0,24.0,25.9,33.3,28.5,30.3,8.0,13.6,28.8,50,9.14,1002.6,loc_tiruchirappalli,10.7905,78.7047,ECMWF_ERA5_Reanalysis
2016-11-01,32.0,23.9,27.4,34.7,28.3,30.8,0.3,13.3,32.0,42,18.53,1001.9,loc_tiruchirappalli,10.7905,78.7047,ECMWF_ERA5_Reanalysis
2016-11-02,29.8,23.8,26.9,32.4,27.7,30.5,0.4,14.9,36.0,32,11.97,1001.3,loc_tiruchirappalli,10.7905,78.7047,ECMWF_ERA5_Reanalysis
2016-11-03,30.8,24.0,27.1,34.1,29.0,31.6,1.0,8.6,29.5,37,11.11,1000.9,loc_tiruchirappalli,10.7905,78.7047,ECMWF_ERA5_Reanalysis
2016-11-04,32.6,24.3,27.8,38.0,28.8,32.0,1.2,14.3,26.3,212,18.46,1000.2,loc_tiruchirappalli,10.7905,78.7047,ECMWF_ERA5_Reanalysis
2016-11-05,34.1,24.6,29.0,37.7,28.3,32.3,0.0,12.3,28.8,259,20.37,999.0,loc_tiruchirappalli,10.7905,78.7047,ECMWF_ERA5_Reanalysis
2016-11-06,33.1,24.0,28.5,36.6,27.5,32.2,0.0,10.7,25.6,296,19.13,1000.4,loc_tiruchirappalli,10.7905,78.7047,ECMWF_ERA5_Reanalysis
2016-11-07,33.0,25.2,28.5,36.8,29.6,32.3,0.0,12.7,23.0,68,18.17,1001.8,loc_tiruchirappalli,10.7905,78.7047,ECMWF_ERA5_Reanalysis
2016-11-08,31.6,24.2,27.6,34.6,28.1,30.9,0.2,11.5,29.2,60,17.78,1002.6,loc_tiruchirappalli,10.7905,78.7047,ECMWF_ERA5_Reanalysis
2016-11-09,32.2,23.5,27.3,33.5,25.4,28.7,0.0,14.3,31.7,43,19.66,1003.6,loc_tiruchirappalli,10.7905,78.7047,ECMWF_ERA5_Reanalysis
2016-11-10,32.7,21.4,27.0,33.9,23.5,28.3,0.0,14.7,29.5,39,21.87,1002.9,loc_tiruchirappalli,10.7905,78.7047,ECMWF_ERA5_Reanalysis
2016-11-11,33.1,22.0,27.4,35.7,24.7,29.4,0.0,12.4,25.6,45,19.21,1002.2,loc_tiruchirappalli,10.7905,78.7047,ECMWF_ERA5_Reanalysis
2016-11-12,33.4,22.5,27.9,35.6,25.4,30.3,0.0,14.3,28.8,46,18.73,1002.5,loc_tiruchirappalli,10.7905,78.7047,ECMWF_ERA5_Reanalysis
2016-11-13,30.8,24.9,27.1,34.2,29.0,30.8,8.2,16.2,34.9,50,12.04,1003.4,loc_tiruchirappalli,10.7905,78.7047,ECMWF_ERA5_Reanalysis
2016-11-14,31.5,24.3,26.8,34.8,28.4,30.9,5.3,14.2,32.8,56,15.35,1003.3,loc_tiruchirappalli,10.7905,78.7047,ECMWF_ERA5_Reanalysis
2016-11-15,32.2,23.4,27.4,34.5,27.8,30.8,0.4,13.9,31.7,51,17.61,1002.5,loc_tiruchirappalli,10.7905,78.7047,ECMWF_ERA5_Reanalysis
2016-11-16,31.2,22.7,26.7,33.9,26.7,29.9,0.0,17.4,43.9,49,15.12,1002.2,loc_tiruchirappalli,10.7905,78.7047,ECMWF_ERA5_Reanalysis
2016-11-17,32.7,23.9,27.6,33.9,27.6,30.2,0.7,19.8,42.8,49,17.58,1002.3,loc_tiruchirappalli,10.7905,78.7047,ECMWF_ERA5_Reanalysis
2016-11-18,31.2,24.6,27.4,32.0,26.4,29.1,0.0,18.3,38.5,37,11.91,1001.6,loc_tiruchirappalli,10.7905,78.7047,ECMWF_ERA5_Reanalysis
2016-11-19,30.0,22.7,26.4,30.6,25.1,27.9,0.0,16.3,35.3,35,11.9,1001.0,loc_tiruchirappalli,10.7905,78.7047,ECMWF_ERA5_Reanalysis
2016-11-20,30.7,23.8,26.7,31.9,26.1,28.8,0.4,13.8,32.8,40,9.97,1001.4,loc_tiruchirappalli,10.7905,78.7047,ECMWF_ERA5_Reanalysis
2016-11-21,31.7,23.5,27.0,32.7,25.3,28.9,0.0,15.9,35.6,44,12.27,1001.6,loc_tiruchirappalli,10.7905,78.7047,ECMWF_ERA5_Reanalysis
2016-11-22,31.9,22.0,26.9,33.2,23.9,28.7,0.0,13.2,33.1,47,15.33,1001.4,loc_tiruchirappalli,10.7905,78.7047,ECMWF_ERA5_Reanalysis
2016-11-23,33.1,21.1,26.6,34.4,23.2,28.2,0.0,16.0,34.6,47,20.27,1001.4,loc_tiruchirappalli,10.7905,78.7047,ECMWF_ERA5_Reanalysis
2016-11-24,32.6,20.6,26.0,33.1,22.2,26.9,0.0,14.7,34.2,44,21.25,1002.1,loc_tiruchirappalli,10.7905,78.7047,ECMWF_ERA5_Reanalysis
2016-11-25,32.5,20.3,26.3,33.5,21.9,27.2,0.0,16.0,37.1,40,20.51,1001.5,loc_tiruchirappalli,10.7905,78.7047,ECMWF_ERA5_Reanalysis
2016-11-26,32.9,20.8,26.4,32.6,22.4,27.1,0.0,13.2,34.9,42,20.98,1002.4,loc_tiruchirappalli,10.7905,78.7047,ECMWF_ERA5_Reanalysis
2016-11-27,34.7,20.1,26.4,33.9,22.4,27.0,0.0,14.3,32.4,40,22.47,1002.2,loc_tiruchirappalli,10.7905,78.7047,ECMWF_ERA5_Reanalysis
2016-11-28,33.4,19.8,26.0,33.0,21.8,27.0,0.0,12.5,29.5,52,20.13,1002.4,loc_tiruchirappalli,10.7905,78.7047,ECMWF_ERA5_Reanalysis
2016-11-29,32.6,20.1,25.8,32.4,22.7,27.2,0.0,11.5,27.0,38,18.25,1003.3,loc_tiruchirappalli,10.7905,78.7047,ECMWF_ERA5_Reanalysis
2016-11-30,31.9,21.1,26.3,31.2,24.2,27.4,0.0,15.0,33.5,27,14.64,1003.1,loc_tiruchirappalli,10.7905,78.7047,ECMWF_ERA5_Reanalysis
2016-12-01,24.2,20.4,22.1,26.0,20.7,22.8,15.4,19.9,47.9,288,2.83,1001.3,loc_tiruchirappalli,10.7905,78.7047,ECMWF_ERA5_Reanalysis
2016-12-02,25.3,21.6,23.4,29.8,22.0,26.5,11.3,16.9,33.1,291,3.34,1001.3,loc_tiruchirappalli,10.7905,78.7047,ECMWF_ERA5_Reanalysis
2016-12-03,30.4,22.5,25.2,34.5,26.5,29.2,3.9,11.2,29.2,101,14.33,1003.9,loc_tiruchirappalli,10.7905,78.7047,ECMWF_ERA5_Reanalysis
2016-12-04,30.2,20.8,25.5,33.3,24.3,28.9,0.6,10.6,22.7,43,14.41,1004.9,loc_tiruchirappalli,10.7905,78.7047,ECMWF_ERA5_Reanalysis
2016-12-05,30.5,22.5,26.4,33.1,26.5,29.5,0.3,14.9,33.8,37,17.28,1003.6,loc_tiruchirappalli,10.7905,78.7047,ECMWF_ERA5_Reanalysis
2016-12-06,30.7,23.0,26.2,32.0,23.5,27.8,0.0,18.1,39.6,36,19.58,1002.9,loc_tiruchirappalli,10.7905,78.7047,ECMWF_ERA5_Reanalysis
2016-12-07,30.8,18.4,25.2,33.1,19.2,26.8,0.0,15.8,32.4,27,18.08,1003.0,loc_tiruchirappalli,10.7905,78.7047,ECMWF_ERA5_Reanalysis
2016-12-08,30.7,23.6,26.6,32.8,27.2,29.5,0.0,14.8,33.1,41,15.87,1002.6,loc_tiruchirappalli,10.7905,78.7047,ECMWF_ERA5_Reanalysis
2016-12-09,32.1,22.5,27.1,34.3,25.9,30.1,0.0,11.3,23.8,31,16.55,1001.1,loc_tiruchirappalli,10.7905,78.7047,ECMWF_ERA5_Reanalysis
2016-12-10,32.7,22.8,27.1,34.6,25.7,29.6,0.0,11.0,24.8,346,17.07,1000.3,loc_tiruchirappalli,10.7905,78.7047,ECMWF_ERA5_Reanalysis
2016-12-11,32.8,21.7,27.3,35.1,24.3,29.4,0.0,9.4,23.8,281,18.54,998.9,loc_tiruchirappalli,10.7905,78.7047,ECMWF_ERA5_Reanalysis
2016-12-12,33.6,24.1,28.4,32.2,24.9,28.6,0.0,20.5,42.8,276,15.28,997.0,loc_tiruchirappalli,10.7905,78.7047,ECMWF_ERA5_Reanalysis
2016-12-13,31.9,23.7,27.3,35.1,23.9,29.1,0.3,17.7,36.7,306,13.91,998.3,loc_tiruchirappalli,10.7905,78.7047,ECMWF_ERA5_Reanalysis
2016-12-14,30.6,23.2,26.7,32.7,27.0,29.7,0.5,13.4,30.6,80,13.31,1001.2,loc_tiruchirappalli,10.7905,78.7047,ECMWF_ERA5_Reanalysis
2016-12-15,30.2,23.2,26.2,32.3,25.9,28.9,0.3,12.7,29.2,53,14.81,1003.0,loc_tiruchirappalli,10.7905,78.7047,ECMWF_ERA5_Reanalysis
2016-12-16,30.1,21.0,25.3,32.8,24.2,28.0,1.3,16.6,37.8,38,15.57,1004.2,loc_tiruchirappalli,10.7905,78.7047,ECMWF_ERA5_Reanalysis
2016-12-17,32.0,21.9,26.3,33.4,24.6,28.0,0.0,15.9,35.3,39,19.2,1004.7,loc_tiruchirappalli,10.7905,78.7047,ECMWF_ERA5_Reanalysis
2016-12-18,31.6,20.5,25.8,32.7,23.3,27.5,0.0,14.9,34.9,38,19.61,1004.4,loc_tiruchirappalli,10.7905,78.7047,ECMWF_ERA5_Reanalysis
2016-12-19,31.8,21.6,26.3,32.0,23.7,27.5,0.0,16.6,37.4,38,18.64,1003.9,loc_tiruchirappalli,10.7905,78.7047,ECMWF_ERA5_Reanalysis
2016-12-20,29.8,23.0,26.0,31.5,24.1,27.9,0.7,17.9,38.2,37,8.95,1003.7,loc_tiruchirappalli,10.7905,78.7047,ECMWF_ERA5_Reanalysis
2016-12-21,30.5,24.1,26.8,32.3,27.4,29.4,0.2,16.5,34.9,52,9.88,1004.3,loc_tiruchirappalli,10.7905,78.7047,ECMWF_ERA5_Reanalysis
2016-12-22,33.3,23.2,27.1,34.7,24.3,29.2,0.0,12.9,28.1,41,20.28,1003.7,loc_tiruchirappalli,10.7905,78.7047,ECMWF_ERA5_Reanalysis
2016-12-23,32.9,21.0,26.1,33.8,23.0,27.1,0.0,13.9,25.9,49,21.57,1002.6,loc_tiruchirappalli,10.7905,78.7047,ECMWF_ERA5_Reanalysis
2016-12-24,32.4,20.0,25.4,33.0,21.6,26.2,0.0,16.5,31.3,54,21.77,1001.5,loc_tiruchirappalli,10.7905,78.7047,ECMWF_ERA5_Reanalysis
2016-12-25,32.2,18.8,25.2,33.0,20.5,26.1,0.0,12.6,27.0,39,21.7,1002.6,loc_tiruchirappalli,10.7905,78.7047,ECMWF_ERA5_Reanalysis
2016-12-26,33.4,20.1,26.1,33.4,21.7,26.6,0.0,15.0,31.0,38,20.13,1002.4,loc_tiruchirappalli,10.7905,78.7047,ECMWF_ERA5_Reanalysis
2016-12-27,32.7,22.6,27.3,32.8,23.8,28.1,0.0,20.4,43.9,41,14.17,1002.0,loc_tiruchirappalli,10.7905,78.7047,ECMWF_ERA5_Reanalysis
2016-12-28,28.1,23.5,25.9,29.8,25.3,27.8,0.7,18.2,41.0,44,6.39,1003.0,loc_tiruchirappalli,10.7905,78.7047,ECMWF_ERA5_Reanalysis
2016-12-29,31.8,23.0,26.5,31.4,23.8,27.1,0.0,19.4,42.1,43,15.33,1003.5,loc_tiruchirappalli,10.7905,78.7047,ECMWF_ERA5_Reanalysis
2016-12-30,32.2,20.3,25.7,32.4,21.3,26.2,0.0,16.6,38.5,42,21.67,1004.2,loc_tiruchirappalli,10.7905,78.7047,ECMWF_ERA5_Reanalysis
2016-12-31,32.0,19.7,25.3,31.6,20.7,25.5,0.0,15.2,37.4,42,21.99,1003.7,loc_tiruchirappalli,10.7905,78.7047,ECMWF_ERA5_Reanalysis
2017-01-01,33.3,20.5,26.5,34.4,22.5,28.0,0.0,18.0,40.3,50,19.3,1003.4,loc_tiruchirappalli,10.7905,78.7047,ECMWF_ERA5_Reanalysis
2017-01-02,33.9,23.0,27.3,34.7,25.9,29.0,0.0,20.0,38.2,43,20.22,1003.7,loc_tiruchirappalli,10.7905,78.7047,ECMWF_ERA5_Reanalysis
2017-01-03,34.3,23.2,27.3,34.3,25.2,28.6,0.0,19.6,40.0,40,21.12,1003.4,loc_tiruchirappalli,10.7905,78.7047,ECMWF_ERA5_Reanalysis
2017-01-04,33.6,20.6,26.5,34.0,23.1,27.6,0.0,19.8,37.1,51,21.86,1003.3,loc_tiruchirappalli,10.7905,78.7047,ECMWF_ERA5_Reanalysis
2017-01-05,32.8,22.1,26.5,33.1,24.9,27.8,0.0,16.9,34.9,51,20.21,1002.9,loc_tiruchirappalli,10.7905,78.7047,ECMWF_ERA5_Reanalysis
2017-01-06,33.0,21.3,26.3,33.1,24.2,27.7,0.0,16.5,36.0,53,20.51,1002.6,loc_tiruchirappalli,10.7905,78.7047,ECMWF_ERA5_Reanalysis
2017-01-07,32.1,21.1,25.9,33.8,23.6,27.5,0.0,18.7,36.0,60,18.77,1001.5,loc_tiruchirappalli,10.7905,78.7047,ECMWF_ERA5_Reanalysis
2017-01-08,32.1,20.1,25.5,32.8,21.8,26.4,0.0,17.6,38.2,60,18.25,1001.1,loc_tiruchirappalli,10.7905,78.7047,ECMWF_ERA5_Reanalysis
2017-01-09,32.9,19.5,25.5,33.8,21.2,26.3,0.0,18.3,33.5,58,22.28,1001.2,loc_tiruchirappalli,10.7905,78.7047,ECMWF_ERA5_Reanalysis
2017-01-10,33.2,20.4,26.2,34.4,22.5,27.7,0.0,16.3,30.6,70,20.68,1001.8,loc_tiruchirappalli,10.7905,78.7047,ECMWF_ERA5_Reanalysis
2017-01-11,32.6,21.5,26.7,34.7,23.4,28.1,0.0,18.4,38.2,74,15.87,1002.1,loc_tiruchirappalli,10.7905,78.7047,ECMWF_ERA5_Reanalysis
2017-01-12,31.7,21.4,26.4,33.6,23.9,28.4,0.1,17.1,32.4,85,16.54,1001.8,loc_tiruchirappalli,10.7905,78.7047,ECMWF_ERA5_Reanalysis
2017-01-13,30.6,22.4,26.2,31.6,25.7,28.0,0.8,16.0,31.0,65,15.02,1002.0,loc_tiruchirappalli,10.7905,78.7047,ECMWF_ERA5_Reanalysis
2017-01-14,32.7,22.1,26.7,32.7,24.7,27.6,0.0,18.9,39.2,63,17.81,1002.9,loc_tiruchirappalli,10.7905,78.7047,ECMWF_ERA5_Reanalysis
2017-01-15,31.1,20.6,25.8,31.4,23.2,27.2,0.0,17.5,36.4,58,15.38,1004.7,loc_tiruchirappalli,10.7905,78.7047,ECMWF_ERA5_Reanalysis
2017-01-16,31.8,22.5,26.3,32.5,24.0,27.4,0.2,20.7,38.5,49,15.68,1004.6,loc_tiruchirappalli,10.7905,78.7047,ECMWF_ERA5_Reanalysis
2017-01-17,32.3,20.4,25.5,31.2,22.4,25.6,0.0,18.0,38.2,52,22.43,1004.6,loc_tiruchirappalli,10.7905,78.7047,ECMWF_ERA5_Reanalysis
2017-01-18,31.5,19.8,25.0,30.8,21.1,25.1,0.0,20.6,41.8,52,20.29,1005.4,loc_tiruchirappalli,10.7905,78.7047,ECMWF_ERA5_Reanalysis
2017-01-19,30.1,22.6,25.9,29.2,23.1,25.8,0.0,22.2,43.6,43,12.58,1005.4,loc_tiruchirappalli,10.7905,78.7047,ECMWF_ERA5_Reanalysis
2017-01-20,30.6,22.2,26.5,30.5,23.3,27.3,0.1,23.2,45.0,40,12.71,1004.6,loc_tiruchirappalli,10.7905,78.7047,ECMWF_ERA5_Reanalysis
2017-01-21,29.9,23.4,25.6,31.2,26.0,27.8,4.2,22.3,49.7,52,11.21,1005.0,loc_tiruchirappalli,10.7905,78.7047,ECMWF_ERA5_Reanalysis
2017-01-22,31.7,22.3,26.1,31.7,24.5,27.5,0.1,22.4,44.3,48,15.18,1006.1,loc_tiruchirappalli,10.7905,78.7047,ECMWF_ERA5_Reanalysis
2017-01-23,31.8,21.7,26.0,31.8,23.5,26.8,0.0,20.7,42.5,46,17.14,1005.9,loc_tiruchirappalli,10.7905,78.7047,ECMWF_ERA5_Reanalysis
2017-01-24,31.5,21.8,26.2,31.5,23.8,26.8,0.0,22.3,45.4,47,19.18,1004.9,loc_tiruchirappalli,10.7905,78.7047,ECMWF_ERA5_Reanalysis
2017-01-25,30.5,23.5,26.4,31.3,25.3,27.4,0.0,20.9,42.1,42,9.4,1004.9,loc_tiruchirappalli,10.7905,78.7047,ECMWF_ERA5_Reanalysis
2017-01-26,26.4,22.0,24.6,29.2,24.7,27.1,22.4,18.3,40.3,34,6.1,1004.9,loc_tiruchirappalli,10.7905,78.7047,ECMWF_ERA5_Reanalysis
2017-01-27,26.2,23.0,23.9,30.6,26.8,27.9,24.5,14.2,30.6,49,5.22,1003.9,loc_tiruchirappalli,10.7905,78.7047,ECMWF_ERA5_Reanalysis
2017-01-28,26.6,22.6,24.3,30.6,25.9,27.9,13.0,14.8,30.2,47,7.65,1003.5,loc_tiruchirappalli,10.7905,78.7047,ECMWF_ERA5_Reanalysis
2017-01-29,30.4,22.9,25.9,33.5,26.6,29.3,0.7,15.2,32.8,64,15.53,1004.0,loc_tiruchirappalli,10.7905,78.7047,ECMWF_ERA5_Reanalysis
2017-01-30,30.5,20.9,25.8,32.6,23.7,28.5,0.0,16.2,34.6,47,20.89,1004.1,loc_tiruchirappalli,10.7905,78.7047,ECMWF_ERA5_Reanalysis
2017-01-31,30.5,20.0,24.7,33.7,22.6,27.2,0.0,11.7,25.2,63,19.39,1003.8,loc_tiruchirappalli,10.7905,78.7047,ECMWF_ERA5_Reanalysis
2017-02-01,30.2,17.9,24.0,32.9,19.6,26.0,0.0,11.5,25.6,60,20.74,1004.5,loc_tiruchirappalli,10.7905,78.7047,ECMWF_ERA5_Reanalysis
2017-02-02,30.4,18.1,23.7,32.6,19.7,25.3,0.0,14.0,29.5,55,22.29,1005.9,loc_tiruchirappalli,10.7905,78.7047,ECMWF_ERA5_Reanalysis
2017-02-03,30.6,19.0,24.3,31.6,21.2,25.9,0.0,16.1,33.8,48,21.6,1005.5,loc_tiruchirappalli,10.7905,78.7047,ECMWF_ERA5_Reanalysis
2017-02-04,30.3,19.6,24.3,30.7,21.1,25.3,0.0,18.1,37.4,56,21.42,1004.5,loc_tiruchirappalli,10.7905,78.7047,ECMWF_ERA5_Reanalysis
2017-02-05,30.7,17.9,24.2,32.0,19.2,25.4,0.0,13.8,27.7,58,23.6,1004.1,loc_tiruchirappalli,10.7905,78.7047,ECMWF_ERA5_Reanalysis
2017-02-06,32.1,19.2,25.0,34.7,21.4,26.6,0.0,13.1,26.6,61,23.82,1004.0,loc_tiruchirappalli,10.7905,78.7047,ECMWF_ERA5_Reanalysis
2017-02-07,33.1,18.1,25.3,34.6,19.1,26.1,0.0,14.2,29.9,62,24.13,1003.4,loc_tiruchirappalli,10.7905,78.7047,ECMWF_ERA5_Reanalysis
2017-02-08,33.5,17.8,25.2,33.1,19.7,25.7,0.0,15.3,34.6,66,24.62,1003.9,loc_tiruchirappalli,10.7905,78.7047,ECMWF_ERA5_Reanalysis
2017-02-09,33.2,17.9,25.0,33.8,20.1,26.1,0.0,16.3,31.7,61,24.35,1003.4,loc_tiruchirappalli,10.7905,78.7047,ECMWF_ERA5_Reanalysis
2017-02-10,32.7,18.8,25.4,34.2,20.7,26.8,0.0,14.9,28.8,60,23.83,1002.8,loc_tiruchirappalli,10.7905,78.7047,ECMWF_ERA5_Reanalysis
2017-02-11,32.0,18.6,25.4,33.2,20.3,26.3,0.0,19.7,36.4,65,23.27,1003.5,loc_tiruchirappalli,10.7905,78.7047,ECMWF_ERA5_Reanalysis
2017-02-12,31.7,18.6,25.0,32.6,20.0,25.6,0.0,18.7,42.1,59,22.11,1005.1,loc_tiruchirappalli,10.7905,78.7047,ECMWF_ERA5_Reanalysis
2017-02-13,34.3,20.3,26.7,34.5,22.3,27.6,0.0,25.4,50.4,63,22.47,1006.1,loc_tiruchirappalli,10.7905,78.7047,ECMWF_ERA5_Reanalysis
2017-02-14,30.3,24.4,26.7,31.8,26.3,28.4,3.1,21.1,43.9,52,9.48,1007.0,loc_tiruchirappalli,10.7905,78.7047,ECMWF_ERA5_Reanalysis
2017-02-15,33.5,23.0,27.2,33.5,24.7,28.3,0.0,21.9,47.5,51,21.44,1007.3,loc_tiruchirappalli,10.7905,78.7047,ECMWF_ERA5_Reanalysis
2017-02-16,33.2,21.6,26.3,32.8,22.9,26.3,0.0,22.4,46.4,46,24.09,1005.8,loc_tiruchirappalli,10.7905,78.7047,ECMWF_ERA5_Reanalysis
2017-02-17,32.9,18.7,25.4,32.8,20.3,25.7,0.0,20.3,42.8,56,24.06,1004.9,loc_tiruchirappalli,10.7905,78.7047,ECMWF_ERA5_Reanalysis
2017-02-18,34.4,18.3,25.9,34.9,19.8,26.6,0.0,14.2,32.4,55,25.03,1005.2,loc_tiruchirappalli,10.7905,78.7047,ECMWF_ERA5_Reanalysis
2017-02-19,35.0,19.1,26.2,34.8,21.4,27.1,0.0,12.7,31.0,66,25.17,1004.5,loc_tiruchirappalli,10.7905,78.7047,ECMWF_ERA5_Reanalysis
2017-02-20,37.1,19.5,27.7,38.6,21.7,29.1,0.0,13.0,25.6,106,24.58,1001.7,loc_tiruchirappalli,10.7905,78.7047,ECMWF_ERA5_Reanalysis
2017-02-21,37.2,21.2,28.7,39.3,22.8,30.0,0.0,18.3,33.1,141,23.99,1000.7,loc_tiruchirappalli,10.7905,78.7047,ECMWF_ERA5_Reanalysis
2017-02-22,37.6,20.3,28.0,39.0,22.4,29.7,0.0,16.6,33.8,103,25.29,1001.0,loc_tiruchirappalli,10.7905,78.7047,ECMWF_ERA5_Reanalysis
2017-02-23,36.0,22.1,28.0,37.3,25.5,30.4,0.0,16.2,34.6,72,23.69,1002.7,loc_tiruchirappalli,10.7905,78.7047,ECMWF_ERA5_Reanalysis
2017-02-24,35.6,20.6,27.4,37.5,23.1,29.3,0.0,16.9,33.5,74,23.49,1003.5,loc_tiruchirappalli,10.7905,78.7047,ECMWF_ERA5_Reanalysis
2017-02-25,36.7,19.8,27.3,37.5,22.5,29.2,0.0,15.8,34.2,74,25.25,1003.2,loc_tiruchirappalli,10.7905,78.7047,ECMWF_ERA5_Reanalysis
2017-02-26,35.7,21.5,27.5,37.0,25.1,29.7,0.0,18.5,34.6,71,23.84,1001.7,loc_tiruchirappalli,10.7905,78.7047,ECMWF_ERA5_Reanalysis
2017-02-27,32.2,22.1,27.1,33.2,25.4,28.8,0.0,15.6,36.4,57,16.47,1002.4,loc_tiruchirappalli,10.7905,78.7047,ECMWF_ERA5_Reanalysis
2017-02-28,34.4,23.2,27.8,35.1,26.3,29.4,0.1,20.0,46.1,46,19.68,1002.5,loc_tiruchirappalli,10.7905,78.7047,ECMWF_ERA5_Reanalysis
2017-03-01,34.7,22.3,27.5,35.0,25.8,29.0,0.0,17.7,38.2,62,24.29,1002.5,loc_tiruchirappalli,10.7905,78.7047,ECMWF_ERA5_Reanalysis
2017-03-02,34.0,23.1,27.7,35.5,25.7,29.3,0.0,20.0,41.4,61,19.05,1001.4,loc_tiruchirappalli,10.7905,78.7047,ECMWF_ERA5_Reanalysis
2017-03-03,31.9,23.3,26.0,35.0,27.3,29.6,20.9,16.2,39.6,72,12.12,999.7,loc_tiruchirappalli,10.7905,78.7047,ECMWF_ERA5_Reanalysis
2017-03-04,30.8,24.7,26.6,35.0,29.1,30.8,3.9,15.6,31.3,83,11.31,999.3,loc_tiruchirappalli,10.7905,78.7047,ECMWF_ERA5_Reanalysis
2017-03-05,35.2,24.0,28.6,41.0,29.3,33.2,4.0,17.1,37.8,161,22.18,998.8,loc_tiruchirappalli,10.7905,78.7047,ECMWF_ERA5_Reanalysis
2017-03-06,34.8,25.6,29.0,40.0,30.1,33.7,2.9,14.5,40.3,161,19.25,998.5,loc_tiruchirappalli,10.7905,78.7047,ECMWF_ERA5_Reanalysis
2017-03-07,35.3,25.6,29.2,40.7,30.4,33.5,2.6,17.4,37.4,151,18.28,998.7,loc_tiruchirappalli,10.7905,78.7047,ECMWF_ERA5_Reanalysis
2017-03-08,34.1,24.1,29.0,39.4,28.9,33.6,6.3,12.8,30.2,148,18.45,998.8,loc_tiruchirappalli,10.7905,78.7047,ECMWF_ERA5_Reanalysis
2017-03-09,32.6,24.8,28.0,38.7,29.4,32.8,6.2,12.8,29.5,137,16.71,998.8,loc_tiruchirappalli,10.7905,78.7047,ECMWF_ERA5_Reanalysis
2017-03-10,33.1,25.3,28.9,38.0,30.7,33.6,3.2,13.3,26.3,182,18.57,999.1,loc_tiruchirappalli,10.7905,78.7047,ECMWF_ERA5_Reanalysis
2017-03-11,34.3,25.7,29.3,40.9,31.0,33.9,2.6,16.9,41.0,179,19.7,1000.4,loc_tiruchirappalli,10.7905,78.7047,ECMWF_ERA5_Reanalysis
2017-03-12,34.9,26.2,29.6,41.0,30.7,34.0,1.0,14.4,26.6,167,19.67,1000.6,loc_tiruchirappalli,10.7905,78.7047,ECMWF_ERA5_Reanalysis
2017-03-13,36.0,25.4,29.9,41.5,30.8,34.4,1.3,15.7,39.6,146,21.39,1000.7,loc_tiruchirappalli,10.7905,78.7047,ECMWF_ERA5_Reanalysis
2017-03-14,33.0,24.6,28.6,38.1,29.4,32.8,2.8,13.9,33.5,101,18.43,1001.7,loc_tiruchirappalli,10.7905,78.7047,ECMWF_ERA5_Reanalysis
2017-03-15,32.4,25.3,28.1,37.0,30.0,32.2,3.9,15.8,36.0,98,18.21,1002.2,loc_tiruchirappalli,10.7905,78.7047,ECMWF_ERA5_Reanalysis
2017-03-16,34.1,24.4,28.5,38.9,29.5,32.7,3.0,11.5,29.5,104,20.07,1002.1,loc_tiruchirappalli,10.7905,78.7047,ECMWF_ERA5_Reanalysis
2017-03-17,35.6,24.2,29.3,40.2,29.3,33.3,0.1,14.8,26.6,123,22.63,1001.2,loc_tiruchirappalli,10.7905,78.7047,ECMWF_ERA5_Reanalysis
2017-03-18,36.8,24.6,29.9,40.3,29.3,33.4,0.1,16.8,35.3,152,23.91,1001.7,loc_tiruchirappalli,10.7905,78.7047,ECMWF_ERA5_Reanalysis
2017-03-19,36.9,25.1,30.6,40.4,29.8,34.4,0.0,16.4,37.8,151,21.96,1001.8,loc_tiruchirappalli,10.7905,78.7047,ECMWF_ERA5_Reanalysis
2017-03-20,37.2,26.1,31.1,40.9,32.2,35.1,0.2,20.9,41.0,156,21.6,1001.2,loc_tiruchirappalli,10.7905,78.7047,ECMWF_ERA5_Reanalysis
2017-03-21,38.5,26.4,31.3,41.6,31.5,34.8,0.0,20.1,42.8,119,22.95,1001.9,loc_tiruchirappalli,10.7905,78.7047,ECMWF_ERA5_Reanalysis
2017-03-22,36.6,25.1,30.1,38.6,30.2,33.1,0.0,20.1,40.0,76,21.03,1002.0,loc_tiruchirappalli,10.7905,78.7047,ECMWF_ERA5_Reanalysis
2017-03-23,37.4,25.1,29.9,39.2,27.9,32.8,0.0,17.8,34.6,83,24.1,1001.8,loc_tiruchirappalli,10.7905,78.7047,ECMWF_ERA5_Reanalysis
2017-03-24,38.1,22.2,29.2,39.5,25.5,31.3,0.0,16.2,35.3,86,25.76,1001.4,loc_tiruchirappalli,10.7905,78.7047,ECMWF_ERA5_Reanalysis
2017-03-25,39.0,21.4,29.4,38.5,24.1,30.8,0.0,19.4,41.4,86,27.38,1001.8,loc_tiruchirappalli,10.7905,78.7047,ECMWF_ERA5_Reanalysis
2017-03-26,38.9,21.7,29.2,39.9,24.8,31.3,0.0,20.2,41.8,73,26.89,1001.7,loc_tiruchirappalli,10.7905,78.7047,ECMWF_ERA5_Reanalysis
2017-03-27,38.1,20.6,29.0,40.6,23.6,31.5,0.0,15.6,28.4,127,26.03,1002.5,loc_tiruchirappalli,10.7905,78.7047,ECMWF_ERA5_Reanalysis
2017-03-28,38.3,24.2,30.5,40.7,28.8,33.7,0.1,15.9,34.9,119,24.17,1002.4,loc_tiruchirappalli,10.7905,78.7047,ECMWF_ERA5_Reanalysis
2017-03-29,39.4,25.4,31.3,41.0,30.3,34.4,0.1,16.0,38.9,110,24.65,1001.5,loc_tiruchirappalli,10.7905,78.7047,ECMWF_ERA5_Reanalysis
2017-03-30,37.8,25.5,31.0,39.5,30.7,34.7,0.0,16.6,34.9,106,21.35,1001.6,loc_tiruchirappalli,10.7905,78.7047,ECMWF_ERA5_Reanalysis
2017-03-31,39.5,26.4,31.5,40.8,30.4,35.0,0.6,16.8,37.4,105,24.14,1002.3,loc_tiruchirappalli,10.7905,78.7047,ECMWF_ERA5_Reanalysis
2017-04-01,40.5,23.5,31.4,42.1,28.1,34.2,0.0,14.0,30.6,124,27.13,1001.3,loc_tiruchirappalli,10.7905,78.7047,ECMWF_ERA5_Reanalysis
2017-04-02,39.7,25.7,31.8,42.5,30.3,34.6,0.1,18.2,34.9,156,26.65,1000.2,loc_tiruchirappalli,10.7905,78.7047,ECMWF_ERA5_Reanalysis
2017-04-03,40.0,25.0,32.0,42.7,30.3,35.3,0.0,18.3,37.8,146,25.63,1000.2,loc_tiruchirappalli,10.7905,78.7047,ECMWF_ERA5_Reanalysis
2017-04-04,39.5,26.9,32.1,42.1,32.6,35.7,1.1,17.2,43.6,151,23.39,1000.7,loc_tiruchirappalli,10.7905,78.7047,ECMWF_ERA5_Reanalysis
2017-04-05,40.1,26.9,32.6,42.7,32.7,36.3,0.0,15.3,33.1,146,25.03,999.9,loc_tiruchirappalli,10.7905,78.7047,ECMWF_ERA5_Reanalysis
2017-04-06,40.1,26.2,32.6,43.0,31.5,35.7,0.0,20.9,44.6,141,23.57,999.0,loc_tiruchirappalli,10.7905,78.7047,ECMWF_ERA5_Reanalysis
2017-04-07,41.1,25.5,32.9,44.0,30.0,35.8,0.0,19.0,39.2,134,25.51,998.8,loc_tiruchirappalli,10.7905,78.7047,ECMWF_ERA5_Reanalysis
2017-04-08,39.2,27.3,32.4,42.3,30.9,35.4,0.0,17.9,41.8,137,23.49,998.9,loc_tiruchirappalli,10.7905,78.7047,ECMWF_ERA5_Reanalysis
2017-04-09,39.4,25.9,32.2,42.1,31.0,35.2,0.0,17.1,38.2,143,24.07,999.0,loc_tiruchirappalli,10.7905,78.7047,ECMWF_ERA5_Reanalysis
2017-04-10,40.3,26.1,32.8,43.4,30.8,35.6,0.0,19.9,41.4,161,25.6,998.2,loc_tiruchirappalli,10.7905,78.7047,ECMWF_ERA5_Reanalysis
2017-04-11,40.5,26.9,33.1,44.0,32.5,36.8,0.0,17.6,36.4,131,24.8,997.8,loc_tiruchirappalli,10.7905,78.7047,ECMWF_ERA5_Reanalysis
2017-04-12,41.1,27.2,33.1,42.8,33.5,36.8,0.0,17.9,40.0,96,24.99,998.3,loc_tiruchirappalli,10.7905,78.7047,ECMWF_ERA5_Reanalysis
2017-04-13,40.3,27.5,32.7,42.8,32.1,36.3,0.1,17.4,36.4,87,25.66,998.9,loc_tiruchirappalli,10.7905,78.7047,ECMWF_ERA5_Reanalysis
2017-04-14,41.3,27.0,33.1,42.5,32.3,36.3,0.1,14.6,32.4,78,25.07,998.0,loc_tiruchirappalli,10.7905,78.7047,ECMWF_ERA5_Reanalysis
2017-04-15,40.8,26.8,33.2,44.2,31.0,36.1,0.0,16.8,34.6,98,25.35,996.6,loc_tiruchirappalli,10.7905,78.7047,ECMWF_ERA5_Reanalysis
2017-04-16,41.9,27.3,34.1,44.1,31.2,36.7,0.0,19.7,42.1,177,24.24,996.6,loc_tiruchirappalli,10.7905,78.7047,ECMWF_ERA5_Reanalysis
2017-04-17,42.4,29.0,34.9,45.2,31.9,37.1,0.0,19.0,38.2,233,23.17,997.4,loc_tiruchirappalli,10.7905,78.7047,ECMWF_ERA5_Reanalysis
2017-04-18,41.7,28.4,34.4,43.8,31.6,36.4,0.0,19.9,46.8,178,23.53,997.6,loc_tiruchirappalli,10.7905,78.7047,ECMWF_ERA5_Reanalysis
2017-04-19,41.9,27.2,33.5,44.1,32.4,37.1,0.0,20.1,43.2,158,25.37,997.9,loc_tiruchirappalli,10.7905,78.7047,ECMWF_ERA5_Reanalysis
2017-04-20,40.6,27.5,33.4,44.8,33.3,37.3,0.1,19.5,41.8,170,24.17,997.9,loc_tiruchirappalli,10.7905,78.7047,ECMWF_ERA5_Reanalysis
2017-04-21,40.7,28.7,34.4,43.5,33.0,37.5,0.0,11.4,25.9,187,24.65,998.4,loc_tiruchirappalli,10.7905,78.7047,ECMWF_ERA5_Reanalysis
2017-04-22,40.8,29.0,34.4,43.7,32.2,37.2,2.5,20.0,37.8,237,22.74,998.0,loc_tiruchirappalli,10.7905,78.7047,ECMWF_ERA5_Reanalysis
2017-04-23,41.1,29.2,34.3,45.0,32.5,37.3,0.1,20.9,49.7,258,23.06,997.9,loc_tiruchirappalli,10.7905,78.7047,ECMWF_ERA5_Reanalysis
2017-04-24,40.6,29.2,34.3,43.6,33.8,37.4,0.0,16.4,47.2,241,20.83,998.0,loc_tiruchirappalli,10.7905,78.7047,ECMWF_ERA5_Reanalysis
2017-04-25,41.3,28.8,34.3,45.1,32.1,37.6,0.0,14.5,33.1,221,22.1,998.4,loc_tiruchirappalli,10.7905,78.7047,ECMWF_ERA5_Reanalysis
2017-04-26,42.0,28.8,34.1,45.4,33.5,37.5,0.1,18.2,41.0,162,24.33,998.4,loc_tiruchirappalli,10.7905,78.7047,ECMWF_ERA5_Reanalysis
2017-04-27,41.4,27.0,33.5,43.7,32.3,36.6,0.0,19.9,41.0,150,26.05,999.1,loc_tiruchirappalli,10.7905,78.7047,ECMWF_ERA5_Reanalysis
2017-04-28,40.6,26.4,33.1,43.1,31.9,36.0,0.0,18.9,37.1,162,24.59,999.2,loc_tiruchirappalli,10.7905,78.7047,ECMWF_ERA5_Reanalysis
2017-04-29,40.6,26.7,33.2,43.0,31.1,35.8,0.0,18.9,39.2,152,25.26,999.4,loc_tiruchirappalli,10.7905,78.7047,ECMWF_ERA5_Reanalysis
2017-04-30,40.6,27.3,32.9,43.3,30.2,35.4,0.0,20.1,45.0,137,25.13,999.3,loc_tiruchirappalli,10.7905,78.7047,ECMWF_ERA5_Reanalysis
2017-05-01,39.7,27.6,32.5,42.1,33.3,36.2,0.3,19.7,46.4,138,23.73,1000.0,loc_tiruchirappalli,10.7905,78.7047,ECMWF_ERA5_Reanalysis
2017-05-02,39.4,27.4,32.2,42.3,32.8,35.6,0.8,21.8,47.5,136,24.76,1000.8,loc_tiruchirappalli,10.7905,78.7047,ECMWF_ERA5_Reanalysis
2017-05-03,38.8,27.2,31.9,42.0,32.3,35.5,0.4,18.8,48.6,145,22.62,1000.9,loc_tiruchirappalli,10.7905,78.7047,ECMWF_ERA5_Reanalysis
2017-05-04,39.7,26.8,32.5,42.6,31.9,35.9,0.3,18.1,46.4,149,24.91,1000.5,loc_tiruchirappalli,10.7905,78.7047,ECMWF_ERA5_Reanalysis
2017-05-05,39.0,27.7,32.6,43.0,32.2,36.1,0.9,18.0,41.0,153,23.98,1000.3,loc_tiruchirappalli,10.7905,78.7047,ECMWF_ERA5_Reanalysis
2017-05-06,40.1,28.2,33.2,43.7,33.0,36.4,0.0,22.4,46.1,164,25.11,1000.6,loc_tiruchirappalli,10.7905,78.7047,ECMWF_ERA5_Reanalysis
2017-05-07,38.2,28.4,32.7,43.0,32.8,36.4,1.1,17.7,38.9,162,22.2,1001.0,loc_tiruchirappalli,10.7905,78.7047,ECMWF_ERA5_Reanalysis
2017-05-08,39.8,27.8,33.4,44.1,32.6,37.1,0.4,19.3,36.0,171,24.39,999.6,loc_tiruchirappalli,10.7905,78.7047,ECMWF_ERA5_Reanalysis
2017-05-09,40.4,28.8,33.3,45.2,33.7,37.4,6.2,18.4,38.5,206,23.54,998.4,loc_tiruchirappalli,10.7905,78.7047,ECMWF_ERA5_Reanalysis
2017-05-10,37.9,28.5,32.3,43.3,33.1,36.5,5.5,16.3,43.2,146,18.46,998.6,loc_tiruchirappalli,10.7905,78.7047,ECMWF_ERA5_Reanalysis
2017-05-11,39.1,26.5,31.3,44.5,31.9,36.2,12.0,14.0,32.8,102,20.05,998.9,loc_tiruchirappalli,10.7905,78.7047,ECMWF_ERA5_Reanalysis
2017-05-12,36.3,25.2,31.1,40.8,30.7,35.8,2.9,17.8,38.9,133,21.15,999.1,loc_tiruchirappalli,10.7905,78.7047,ECMWF_ERA5_Reanalysis
2017-05-13,38.4,27.6,32.4,43.0,33.3,36.8,0.0,19.7,40.7,157,24.45,998.1,loc_tiruchirappalli,10.7905,78.7047,ECMWF_ERA5_Reanalysis
2017-05-14,40.9,28.5,34.1,45.4,34.2,37.7,0.3,19.5,37.1,222,23.23,996.7,loc_tiruchirappalli,10.7905,78.7047,ECMWF_ERA5_Reanalysis
2017-05-15,42.1,29.1,34.3,45.0,31.3,36.8,0.5,22.5,45.7,285,24.21,995.9,loc_tiruchirappalli,10.7905,78.7047,ECMWF_ERA5_Reanalysis
2017-05-16,41.3,29.0,35.1,45.4,32.7,38.1,0.0,15.2,32.8,262,23.81,995.0,loc_tiruchirappalli,10.7905,78.7047,ECMWF_ERA5_Reanalysis
2017-05-17,42.1,29.5,34.9,45.6,32.1,37.6,1.2,20.2,42.5,273,23.1,995.2,loc_tiruchirappalli,10.7905,78.7047,ECMWF_ERA5_Reanalysis
2017-05-18,41.0,29.4,33.2,45.1,32.7,36.2,0.5,20.9,42.5,271,21.09,996.7,loc_tiruchirappalli,10.7905,78.7047,ECMWF_ERA5_Reanalysis
2017-05-19,42.1,28.2,34.1,44.4,30.7,36.0,0.2,19.5,40.7,282,20.04,997.2,loc_tiruchirappalli,10.7905,78.7047,ECMWF_ERA5_Reanalysis
2017-05-20,40.6,29.4,33.3,44.0,32.9,36.6,9.5,17.8,40.3,270,19.7,996.4,loc_tiruchirappalli,10.7905,78.7047,ECMWF_ERA5_Reanalysis
2017-05-21,40.7,26.7,32.1,44.5,31.5,35.6,17.1,18.8,38.2,274,19.07,995.4,loc_tiruchirappalli,10.7905,78.7047,ECMWF_ERA5_Reanalysis
2017-05-22,39.8,29.0,32.3,44.5,32.6,36.0,1.9,20.2,46.4,274,19.65,996.0,loc_tiruchirappalli,10.7905,78.7047,ECMWF_ERA5_Reanalysis
2017-05-23,41.2,27.8,32.9,45.1,31.2,36.4,3.7,25.1,49.7,263,19.66,996.0,loc_tiruchirappalli,10.7905,78.7047,ECMWF_ERA5_Reanalysis
2017-05-24,41.2,29.1,32.9,45.1,33.4,36.9,0.7,19.5,41.8,250,20.32,995.4,loc_tiruchirappalli,10.7905,78.7047,ECMWF_ERA5_Reanalysis
2017-05-25,40.2,29.2,33.0,44.0,32.7,36.5,1.1,15.8,49.0,279,19.83,994.8,loc_tiruchirappalli,10.7905,78.7047,ECMWF_ERA5_Reanalysis
2017-05-26,39.9,28.7,33.2,43.0,31.6,35.7,3.8,22.1,45.0,279,18.79,994.8,loc_tiruchirappalli,10.7905,78.7047,ECMWF_ERA5_Reanalysis
2017-05-27,40.2,29.0,33.1,44.1,31.4,35.5,1.2,21.7,47.2,280,22.21,995.0,loc_tiruchirappalli,10.7905,78.7047,ECMWF_ERA5_Reanalysis
2017-05-28,36.6,29.1,32.3,38.8,31.3,34.5,1.6,25.6,55.8,278,17.44,995.3,loc_tiruchirappalli,10.7905,78.7047,ECMWF_ERA5_Reanalysis
2017-05-29,39.7,28.5,33.1,41.8,30.1,34.7,0.2,23.7,49.3,279,23.72,995.0,loc_tiruchirappalli,10.7905,78.7047,ECMWF_ERA5_Reanalysis
2017-05-30,38.3,28.2,32.3,38.4,30.0,33.6,0.0,31.8,64.8,277,21.34,995.2,loc_tiruchirappalli,10.7905,78.7047,ECMWF_ERA5_Reanalysis
2017-05-31,39.7,27.5,33.0,42.1,30.3,35.1,0.1,19.2,42.5,274,21.93,995.3,loc_tiruchirappalli,10.7905,78.7047,ECMWF_ERA5_Reanalysis
2017-06-01,38.8,27.8,32.4,43.4,29.7,35.0,1.2,20.4,52.9,264,22.15,995.2,loc_tiruchirappalli,10.7905,78.7047,ECMWF_ERA5_Reanalysis
2017-06-02,39.9,28.4,32.8,42.9,31.2,35.6,0.7,17.3,38.9,266,22.22,995.5,loc_tiruchirappalli,10.7905,78.7047,ECMWF_ERA5_Reanalysis
2017-06-03,36.2,28.8,32.0,38.9,31.3,34.3,2.3,21.5,53.3,268,19.3,997.2,loc_tiruchirappalli,10.7905,78.7047,ECMWF_ERA5_Reanalysis
2017-06-04,39.6,27.6,32.9,43.0,30.1,35.2,0.7,23.0,46.4,277,22.31,996.7,loc_tiruchirappalli,10.7905,78.7047,ECMWF_ERA5_Reanalysis
2017-06-05,39.9,28.0,32.9,42.5,30.4,35.0,0.0,23.8,46.1,276,22.78,996.8,loc_tiruchirappalli,10.7905,78.7047,ECMWF_ERA5_Reanalysis
2017-06-06,38.2,28.0,31.8,41.0,30.8,34.3,6.3,23.3,47.2,279,21.43,997.5,loc_tiruchirappalli,10.7905,78.7047,ECMWF_ERA5_Reanalysis
2017-06-07,35.6,27.3,29.9,37.5,30.2,33.0,3.6,20.3,50.0,289,15.62,998.7,loc_tiruchirappalli,10.7905,78.7047,ECMWF_ERA5_Reanalysis
2017-06-08,36.4,26.2,30.9,38.0,29.6,33.3,0.0,20.2,44.3,285,18.93,997.4,loc_tiruchirappalli,10.7905,78.7047,ECMWF_ERA5_Reanalysis
2017-06-09,35.0,28.5,31.1,36.1,30.0,32.3,0.0,24.9,51.5,279,11.03,996.5,loc_tiruchirappalli,10.7905,78.7047,ECMWF_ERA5_Reanalysis
2017-06-10,37.0,27.5,30.9,37.6,28.7,31.6,0.4,33.2,69.5,279,19.42,996.4,loc_tiruchirappalli,10.7905,78.7047,ECMWF_ERA5_Reanalysis
2017-06-11,35.1,26.9,30.4,35.2,27.1,30.7,0.0,29.6,59.0,273,14.63,996.7,loc_tiruchirappalli,10.7905,78.7047,ECMWF_ERA5_Reanalysis
2017-06-12,36.9,28.4,31.8,37.8,29.4,33.0,0.1,29.0,61.9,274,16.51,996.4,loc_tiruchirappalli,10.7905,78.7047,ECMWF_ERA5_Reanalysis
2017-06-13,39.0,27.7,32.5,41.8,30.0,34.8,0.5,22.0,46.8,268,20.23,996.1,loc_tiruchirappalli,10.7905,78.7047,ECMWF_ERA5_Reanalysis
2017-06-14,38.6,27.9,30.7,43.1,30.3,34.6,10.6,18.3,45.0,249,20.14,997.4,loc_tiruchirappalli,10.7905,78.7047,ECMWF_ERA5_Reanalysis
2017-06-15,37.8,27.8,31.8,40.8,30.7,35.0,0.4,17.8,41.4,254,19.0,997.6,loc_tiruchirappalli,10.7905,78.7047,ECMWF_ERA5_Reanalysis
2017-06-16,36.9,28.0,30.9,40.7,31.5,34.7,5.2,17.3,40.0,240,18.55,997.6,loc_tiruchirappalli,10.7905,78.7047,ECMWF_ERA5_Reanalysis
2017-06-17,38.9,27.0,32.0,42.9,30.9,35.2,0.6,21.0,46.4,259,22.08,997.1,loc_tiruchirappalli,10.7905,78.7047,ECMWF_ERA5_Reanalysis
2017-06-18,39.5,27.3,32.9,41.5,30.6,35.2,0.0,19.5,45.0,265,23.21,996.2,loc_tiruchirappalli,10.7905,78.7047,ECMWF_ERA5_Reanalysis
2017-06-19,39.5,27.9,32.6,41.9,30.7,35.1,2.9,24.3,50.8,268,22.17,996.1,loc_tiruchirappalli,10.7905,78.7047,ECMWF_ERA5_Reanalysis
2017-06-20,37.5,28.0,31.9,38.7,30.7,34.0,0.4,20.9,47.2,277,16.05,997.0,loc_tiruchirappalli,10.7905,78.7047,ECMWF_ERA5_Reanalysis
2017-06-21,39.5,27.7,31.2,41.4,30.2,33.5,3.1,24.3,54.0,265,19.23,997.4,loc_tiruchirappalli,10.7905,78.7047,ECMWF_ERA5_Reanalysis
2017-06-22,37.8,27.5,32.2,39.6,29.6,33.8,0.3,25.9,52.2,272,20.68,997.6,loc_tiruchirappalli,10.7905,78.7047,ECMWF_ERA5_Reanalysis
2017-06-23,37.5,27.3,31.7,39.5,29.9,33.4,0.9,22.7,55.8,274,20.91,997.2,loc_tiruchirappalli,10.7905,78.7047,ECMWF_ERA5_Reanalysis
2017-06-24,35.1,27.5,31.0,36.4,29.4,32.3,0.6,25.2,59.0,273,16.97,996.0,loc_tiruchirappalli,10.7905,78.7047,ECMWF_ERA5_Reanalysis
2017-06-25,35.0,26.8,30.9,36.0,28.6,32.1,0.5,27.6,66.6,270,15.22,995.2,loc_tiruchirappalli,10.7905,78.7047,ECMWF_ERA5_Reanalysis
2017-06-26,36.6,25.1,31.1,36.9,29.1,32.6,1.0,29.3,71.3,267,20.51,996.4,loc_tiruchirappalli,10.7905,78.7047,ECMWF_ERA5_Reanalysis
2017-06-27,35.8,27.2,29.9,38.0,28.4,31.7,2.5,29.1,58.3,263,14.52,997.8,loc_tiruchirappalli,10.7905,78.7047,ECMWF_ERA5_Reanalysis
2017-06-28,33.1,26.5,29.7,33.4,28.4,30.7,0.0,32.1,63.0,270,14.43,997.8,loc_tiruchirappalli,10.7905,78.7047,ECMWF_ERA5_Reanalysis
2017-06-29,36.7,27.0,31.6,37.2,28.4,32.5,0.2,31.0,65.5,279,23.36,997.4,loc_tiruchirappalli,10.7905,78.7047,ECMWF_ERA5_Reanalysis
2017-06-30,35.9,27.4,31.6,37.6,29.2,32.9,0.2,23.9,56.9,276,19.63,996.4,loc_tiruchirappalli,10.7905,78.7047,ECMWF_ERA5_Reanalysis
2017-07-01,37.7,27.6,31.7,39.9,29.3,33.3,3.2,22.9,51.1,277,19.46,996.4,loc_tiruchirappalli,10.7905,78.7047,ECMWF_ERA5_Reanalysis
2017-07-02,37.6,26.9,31.5,38.6,29.2,33.3,0.5,19.3,49.3,273,17.9,996.7,loc_tiruchirappalli,10.7905,78.7047,ECMWF_ERA5_Reanalysis
2017-07-03,35.6,27.3,30.9,37.3,29.5,32.8,1.0,24.1,49.7,277,18.32,997.9,loc_tiruchirappalli,10.7905,78.7047,ECMWF_ERA5_Reanalysis
2017-07-04,38.4,27.5,31.9,40.3,29.6,33.4,0.4,23.3,46.4,278,19.62,997.9,loc_tiruchirappalli,10.7905,78.7047,ECMWF_ERA5_Reanalysis
2017-07-05,38.1,27.5,32.1,40.1,29.9,33.6,0.3,22.5,45.7,277,19.28,998.0,loc_tiruchirappalli,10.7905,78.7047,ECMWF_ERA5_Reanalysis
2017-07-06,36.3,27.7,31.7,38.4,29.5,33.1,0.8,21.7,46.4,278,19.15,997.9,loc_tiruchirappalli,10.7905,78.7047,ECMWF_ERA5_Reanalysis
2017-07-07,38.1,27.0,31.5,40.6,29.1,33.6,0.7,19.5,44.3,280,19.8,997.7,loc_tiruchirappalli,10.7905,78.7047,ECMWF_ERA5_Reanalysis
2017-07-08,37.9,26.9,31.0,39.2,29.4,33.4,2.1,19.2,45.0,279,19.03,997.6,loc_tiruchirappalli,10.7905,78.7047,ECMWF_ERA5_Reanalysis
2017-07-09,36.6,27.2,31.5,38.2,29.7,33.6,0.2,19.4,43.2,273,18.9,997.5,loc_tiruchirappalli,10.7905,78.7047,ECMWF_ERA5_Reanalysis
2017-07-10,37.9,26.7,31.8,40.2,29.0,33.5,0.4,20.4,50.0,272,20.56,998.0,loc_tiruchirappalli,10.7905,78.7047,ECMWF_ERA5_Reanalysis
2017-07-11,37.8,27.0,31.7,39.6,28.7,33.0,0.0,23.5,49.3,280,21.2,997.9,loc_tiruchirappalli,10.7905,78.7047,ECMWF_ERA5_Reanalysis
2017-07-12,36.8,27.3,31.3,37.7,29.5,33.1,0.0,17.7,38.5,283,13.53,997.9,loc_tiruchirappalli,10.7905,78.7047,ECMWF_ERA5_Reanalysis
2017-07-13,38.4,27.2,31.4,39.6,29.2,32.9,0.1,24.8,53.3,278,20.18,997.7,loc_tiruchirappalli,10.7905,78.7047,ECMWF_ERA5_Reanalysis
2017-07-14,34.7,26.9,30.5,34.8,28.0,31.3,0.0,25.4,51.1,278,14.23,997.9,loc_tiruchirappalli,10.7905,78.7047,ECMWF_ERA5_Reanalysis
2017-07-15,37.0,27.1,31.5,37.6,28.8,32.2,0.1,29.1,64.4,281,21.09,997.9,loc_tiruchirappalli,10.7905,78.7047,ECMWF_ERA5_Reanalysis
2017-07-16,37.1,27.1,31.6,37.8,28.8,32.2,0.4,27.6,59.4,276,21.01,997.1,loc_tiruchirappalli,10.7905,78.7047,ECMWF_ERA5_Reanalysis
2017-07-17,36.5,27.2,31.3,35.8,28.2,31.4,0.7,32.8,66.6,276,18.1,996.1,loc_tiruchirappalli,10.7905,78.7047,ECMWF_ERA5_Reanalysis
2017-07-18,36.2,27.3,31.2,34.9,28.1,31.3,0.5,32.4,74.9,276,18.47,996.2,loc_tiruchirappalli,10.7905,78.7047,ECMWF_ERA5_Reanalysis
2017-07-19,37.1,27.6,31.5,37.5,29.5,32.6,0.1,29.9,67.0,270,17.68,996.5,loc_tiruchirappalli,10.7905,78.7047,ECMWF_ERA5_Reanalysis
2017-07-20,36.7,27.5,31.7,36.9,29.7,33.0,0.5,29.7,58.7,273,18.96,996.3,loc_tiruchirappalli,10.7905,78.7047,ECMWF_ERA5_Reanalysis
2017-07-21,37.8,27.3,31.9,40.0,29.1,33.2,0.4,25.7,52.2,279,21.98,997.1,loc_tiruchirappalli,10.7905,78.7047,ECMWF_ERA5_Reanalysis
2017-07-22,39.1,27.4,32.5,40.8,29.5,34.3,0.4,21.3,44.6,276,22.57,996.9,loc_tiruchirappalli,10.7905,78.7047,ECMWF_ERA5_Reanalysis
2017-07-23,39.3,28.5,33.1,39.9,29.5,34.1,0.0,23.4,51.5,276,20.48,996.7,loc_tiruchirappalli,10.7905,78.7047,ECMWF_ERA5_Reanalysis
2017-07-24,38.9,28.4,33.0,41.8,29.9,34.3,0.6,21.3,44.6,275,22.45,996.8,loc_tiruchirappalli,10.7905,78.7047,ECMWF_ERA5_Reanalysis
2017-07-25,39.9,28.0,33.4,42.3,30.0,35.1,0.4,22.9,46.1,277,24.27,995.8,loc_tiruchirappalli,10.7905,78.7047,ECMWF_ERA5_Reanalysis
2017-07-26,39.4,28.3,33.0,41.1,31.2,34.5,0.3,23.9,48.2,277,21.34,996.1,loc_tiruchirappalli,10.7905,78.7047,ECMWF_ERA5_Reanalysis
2017-07-27,38.3,27.0,32.4,40.8,29.9,34.1,2.0,21.4,42.1,274,21.5,997.2,loc_tiruchirappalli,10.7905,78.7047,ECMWF_ERA5_Reanalysis
2017-07-28,39.7,26.3,31.3,43.3,28.6,33.8,12.9,20.5,43.9,279,22.32,998.0,loc_tiruchirappalli,10.7905,78.7047,ECMWF_ERA5_Reanalysis
2017-07-29,38.3,25.5,31.3,41.4,28.9,34.3,0.9,16.1,40.0,290,21.96,998.6,loc_tiruchirappalli,10.7905,78.7047,ECMWF_ERA5_Reanalysis
2017-07-30,37.0,25.8,30.1,41.0,29.3,33.7,7.0,14.8,31.0,273,18.56,998.3,loc_tiruchirappalli,10.7905,78.7047,ECMWF_ERA5_Reanalysis
2017-07-31,35.9,24.9,29.4,41.5,29.4,33.6,5.9,14.5,37.4,267,18.36,998.5,loc_tiruchirappalli,10.7905,78.7047,ECMWF_ERA5_Reanalysis
2017-08-01,36.5,24.9,30.2,41.1,28.9,34.0,4.6,17.0,35.3,268,20.59,998.6,loc_tiruchirappalli,10.7905,78.7047,ECMWF_ERA5_Reanalysis
2017-08-02,37.7,26.0,31.3,39.8,29.2,33.7,0.0,21.3,40.0,276,18.21,998.5,loc_tiruchirappalli,10.7905,78.7047,ECMWF_ERA5_Reanalysis
2017-08-03,38.3,25.5,31.2,40.5,27.8,32.5,3.7,24.6,51.8,277,21.89,997.7,loc_tiruchirappalli,10.7905,78.7047,ECMWF_ERA5_Reanalysis
2017-08-04,36.7,27.1,31.1,38.9,28.7,32.5,0.4,23.3,47.2,278,19.11,995.9,loc_tiruchirappalli,10.7905,78.7047,ECMWF_ERA5_Reanalysis
2017-08-05,35.3,27.1,30.6,37.6,29.4,32.1,0.4,28.8,59.8,276,19.15,995.2,loc_tiruchirappalli,10.7905,78.7047,ECMWF_ERA5_Reanalysis
2017-08-06,38.2,26.6,31.4,41.2,28.8,33.9,0.7,20.9,46.1,277,19.79,995.0,loc_tiruchirappalli,10.7905,78.7047,ECMWF_ERA5_Reanalysis
2017-08-07,37.8,26.7,30.8,41.4,29.5,33.8,3.7,20.3,45.4,275,19.16,995.8,loc_tiruchirappalli,10.7905,78.7047,ECMWF_ERA5_Reanalysis
2017-08-08,38.4,25.6,31.5,41.7,29.5,34.5,5.1,18.5,38.5,277,21.33,996.7,loc_tiruchirappalli,10.7905,78.7047,ECMWF_ERA5_Reanalysis
2017-08-09,34.5,25.5,28.9,38.1,29.7,32.9,6.6,14.3,28.8,272,12.45,997.4,loc_tiruchirappalli,10.7905,78.7047,ECMWF_ERA5_Reanalysis
2017-08-10,32.8,24.4,27.6,37.6,29.2,32.4,14.0,11.5,34.9,262,14.02,997.9,loc_tiruchirappalli,10.7905,78.7047,ECMWF_ERA5_Reanalysis
2017-08-11,32.7,24.6,28.8,37.6,29.6,32.9,12.2,18.1,35.3,277,18.61,998.3,loc_tiruchirappalli,10.7905,78.7047,ECMWF_ERA5_Reanalysis
2017-08-12,34.3,25.6,29.3,37.9,28.3,32.7,6.2,15.5,35.6,286,21.15,998.7,loc_tiruchirappalli,10.7905,78.7047,ECMWF_ERA5_Reanalysis
2017-08-13,32.4,24.0,27.7,36.5,28.0,32.0,8.9,16.0,32.8,286,17.17,999.8,loc_tiruchirappalli,10.7905,78.7047,ECMWF_ERA5_Reanalysis
2017-08-14,34.0,25.2,28.4,40.1,30.0,33.4,6.6,8.4,25.2,272,18.09,1000.3,loc_tiruchirappalli,10.7905,78.7047,ECMWF_ERA5_Reanalysis
2017-08-15,31.4,24.7,27.4,36.0,29.2,32.2,5.8,11.5,24.5,238,13.92,999.8,loc_tiruchirappalli,10.7905,78.7047,ECMWF_ERA5_Reanalysis
2017-08-16,35.0,25.2,28.6,38.6,28.6,32.4,2.0,19.2,38.5,260,19.92,998.0,loc_tiruchirappalli,10.7905,78.7047,ECMWF_ERA5_Reanalysis
2017-08-17,34.9,26.0,29.2,39.9,28.7,32.6,1.3,17.8,37.8,260,19.77,996.1,loc_tiruchirappalli,10.7905,78.7047,ECMWF_ERA5_Reanalysis
2017-08-18,33.6,26.5,29.4,36.9,28.5,32.1,4.4,20.3,45.4,266,16.95,995.2,loc_tiruchirappalli,10.7905,78.7047,ECMWF_ERA5_Reanalysis
2017-08-19,33.7,26.2,29.6,34.2,27.5,31.0,1.3,25.9,60.1,275,17.19,995.4,loc_tiruchirappalli,10.7905,78.7047,ECMWF_ERA5_Reanalysis
2017-08-20,35.1,26.3,29.8,38.0,28.1,31.9,0.4,21.7,54.7,265,19.36,995.6,loc_tiruchirappalli,10.7905,78.7047,ECMWF_ERA5_Reanalysis
2017-08-21,34.2,26.3,29.4,37.6,28.4,31.8,0.7,21.6,45.4,275,14.36,995.6,loc_tiruchirappalli,10.7905,78.7047,ECMWF_ERA5_Reanalysis
2017-08-22,33.6,26.3,29.9,36.0,28.1,31.8,0.2,21.5,44.6,280,17.47,995.9,loc_tiruchirappalli,10.7905,78.7047,ECMWF_ERA5_Reanalysis
2017-08-23,36.0,26.2,29.8,39.4,28.9,32.9,0.0,16.5,41.8,275,18.3,996.7,loc_tiruchirappalli,10.7905,78.7047,ECMWF_ERA5_Reanalysis
2017-08-24,35.5,26.7,30.1,39.0,29.5,33.3,1.6,15.6,35.3,284,15.67,996.4,loc_tiruchirappalli,10.7905,78.7047,ECMWF_ERA5_Reanalysis
2017-08-25,35.0,26.7,30.3,37.5,30.1,33.3,0.7,15.8,42.1,275,15.75,995.9,loc_tiruchirappalli,10.7905,78.7047,ECMWF_ERA5_Reanalysis
2017-08-26,37.8,26.4,31.1,39.8,28.8,32.9,2.6,24.2,50.8,278,22.4,994.3,loc_tiruchirappalli,10.7905,78.7047,ECMWF_ERA5_Reanalysis
2017-08-27,35.9,26.6,30.2,36.7,28.2,31.4,1.3,28.1,65.9,279,15.94,994.0,loc_tiruchirappalli,10.7905,78.7047,ECMWF_ERA5_Reanalysis
2017-08-28,31.5,27.1,28.3,32.9,28.9,30.5,5.4,22.6,51.5,273,7.74,994.1,loc_tiruchirappalli,10.7905,78.7047,ECMWF_ERA5_Reanalysis
2017-08-29,32.4,27.0,29.1,33.5,29.6,31.1,0.8,26.7,54.4,273,9.87,995.2,loc_tiruchirappalli,10.7905,78.7047,ECMWF_ERA5_Reanalysis
2017-08-30,36.5,25.9,30.2,38.7,28.0,32.8,5.2,21.3,49.7,277,19.56,996.9,loc_tiruchirappalli,10.7905,78.7047,ECMWF_ERA5_Reanalysis
2017-08-31,37.2,25.4,30.5,41.4,29.0,34.4,0.0,14.1,31.3,296,19.03,998.1,loc_tiruchirappalli,10.7905,78.7047,ECMWF_ERA5_Reanalysis
2017-09-01,36.4,25.2,29.1,41.6,30.0,33.6,25.4,17.0,41.8,275,18.04,998.8,loc_tiruchirappalli,10.7905,78.7047,ECMWF_ERA5_Reanalysis
2017-09-02,35.8,25.0,29.1,42.7,29.7,34.4,10.2,11.2,26.3,287,22.39,998.2,loc_tiruchirappalli,10.7905,78.7047,ECMWF_ERA5_Reanalysis
2017-09-03,34.4,24.9,28.9,40.3,29.7,34.0,3.5,9.4,24.1,264,20.22,998.5,loc_tiruchirappalli,10.7905,78.7047,ECMWF_ERA5_Reanalysis
2017-09-04,35.1,26.0,29.9,40.4,30.3,34.7,2.1,11.2,25.6,263,20.71,998.4,loc_tiruchirappalli,10.7905,78.7047,ECMWF_ERA5_Reanalysis
2017-09-05,35.9,25.1,29.3,42.5,30.4,34.4,13.2,15.3,32.4,253,22.01,998.2,loc_tiruchirappalli,10.7905,78.7047,ECMWF_ERA5_Reanalysis
2017-09-06,33.8,25.1,28.8,40.3,29.7,34.0,4.9,12.2,27.4,255,19.95,997.5,loc_tiruchirappalli,10.7905,78.7047,ECMWF_ERA5_Reanalysis
2017-09-07,33.2,25.0,28.3,39.6,30.2,33.5,12.2,14.8,33.1,190,18.25,997.1,loc_tiruchirappalli,10.7905,78.7047,ECMWF_ERA5_Reanalysis
2017-09-08,34.2,24.8,28.0,42.1,30.3,33.5,21.6,12.1,26.6,217,19.42,997.4,loc_tiruchirappalli,10.7905,78.7047,ECMWF_ERA5_Reanalysis
2017-09-09,29.1,24.0,26.2,35.3,28.8,32.0,14.4,6.8,18.0,217,10.21,997.2,loc_tiruchirappalli,10.7905,78.7047,ECMWF_ERA5_Reanalysis
2017-09-10,32.2,24.1,27.6,38.7,28.9,33.2,9.1,13.2,27.4,151,18.73,996.9,loc_tiruchirappalli,10.7905,78.7047,ECMWF_ERA5_Reanalysis
2017-09-11,31.7,23.6,27.5,38.4,28.1,32.8,8.6,13.6,31.3,119,18.81,997.9,loc_tiruchirappalli,10.7905,78.7047,ECMWF_ERA5_Reanalysis
2017-09-12,32.3,25.5,28.0,38.9,30.5,32.9,10.9,14.8,34.2,152,19.08,999.3,loc_tiruchirappalli,10.7905,78.7047,ECMWF_ERA5_Reanalysis
2017-09-13,32.0,24.4,27.7,38.1,28.3,32.8,13.8,16.1,36.4,161,18.4,999.6,loc_tiruchirappalli,10.7905,78.7047,ECMWF_ERA5_Reanalysis
2017-09-14,32.5,25.1,28.3,36.8,29.3,32.9,2.1,11.5,24.8,215,13.76,998.7,loc_tiruchirappalli,10.7905,78.7047,ECMWF_ERA5_Reanalysis
2017-09-15,33.3,25.5,28.9,40.4,28.9,33.8,1.7,11.1,24.1,236,20.87,997.9,loc_tiruchirappalli,10.7905,78.7047,ECMWF_ERA5_Reanalysis
2017-09-16,33.9,25.3,28.4,40.7,29.4,33.5,3.7,13.3,29.9,247,19.08,997.7,loc_tiruchirappalli,10.7905,78.7047,ECMWF_ERA5_Reanalysis
2017-09-17,32.9,25.5,27.8,37.3,30.0,32.2,3.7,12.1,37.8,234,14.97,999.3,loc_tiruchirappalli,10.7905,78.7047,ECMWF_ERA5_Reanalysis
2017-09-18,33.3,24.3,28.4,36.5,28.6,31.5,0.8,23.0,68.0,265,18.07,1000.0,loc_tiruchirappalli,10.7905,78.7047,ECMWF_ERA5_Reanalysis
2017-09-19,34.2,25.8,29.4,35.6,28.4,31.4,0.1,27.7,62.6,270,21.87,999.0,loc_tiruchirappalli,10.7905,78.7047,ECMWF_ERA5_Reanalysis
2017-09-20,34.6,25.7,29.7,35.8,27.5,31.3,0.6,25.6,57.2,274,23.3,998.3,loc_tiruchirappalli,10.7905,78.7047,ECMWF_ERA5_Reanalysis
2017-09-21,34.1,25.3,29.5,35.2,26.8,31.1,0.4,24.2,49.7,273,20.92,997.6,loc_tiruchirappalli,10.7905,78.7047,ECMWF_ERA5_Reanalysis
2017-09-22,35.4,26.0,30.3,40.0,28.4,33.3,0.0,16.9,32.4,284,23.08,998.1,loc_tiruchirappalli,10.7905,78.7047,ECMWF_ERA5_Reanalysis
2017-09-23,34.5,26.3,30.3,39.9,28.8,33.8,1.9,13.0,29.2,250,18.77,999.3,loc_tiruchirappalli,10.7905,78.7047,ECMWF_ERA5_Reanalysis
2017-09-24,35.5,26.3,30.3,38.5,30.3,34.0,5.1,12.3,27.0,237,18.79,999.1,loc_tiruchirappalli,10.7905,78.7047,ECMWF_ERA5_Reanalysis
2017-09-25,32.8,25.3,28.6,35.5,28.6,31.7,2.3,20.0,43.2,279,16.63,998.0,loc_tiruchirappalli,10.7905,78.7047,ECMWF_ERA5_Reanalysis
2017-09-26,34.0,26.2,29.8,37.6,29.6,33.2,0.0,13.0,31.0,273,15.45,997.1,loc_tiruchirappalli,10.7905,78.7047,ECMWF_ERA5_Reanalysis
2017-09-27,33.5,24.9,28.3,36.2,28.7,32.0,1.0,14.7,34.2,267,11.71,997.6,loc_tiruchirappalli,10.7905,78.7047,ECMWF_ERA5_Reanalysis
2017-09-28,34.0,25.4,28.7,37.2,29.2,31.9,5.2,18.9,49.7,259,14.31,997.4,loc_tiruchirappalli,10.7905,78.7047,ECMWF_ERA5_Reanalysis
2017-09-29,35.6,26.0,30.3,37.7,28.7,32.7,0.1,18.4,43.2,269,19.1,997.3,loc_tiruchirappalli,10.7905,78.7047,ECMWF_ERA5_Reanalysis
2017-09-30,36.0,25.9,30.5,39.0,28.8,33.8,0.5,15.1,39.2,251,19.95,998.2,loc_tiruchirappalli,10.7905,78.7047,ECMWF_ERA5_Reanalysis
2017-10-01,36.5,26.8,30.4,40.9,30.4,34.3,2.0,19.2,40.7,262,20.33,998.4,loc_tiruchirappalli,10.7905,78.7047,ECMWF_ERA5_Reanalysis
2017-10-02,35.9,26.2,30.4,41.2,28.6,34.1,0.1,13.7,30.6,247,21.52,997.2,loc_tiruchirappalli,10.7905,78.7047,ECMWF_ERA5_Reanalysis
2017-10-03,36.7,26.3,30.9,41.8,30.4,34.9,2.3,12.7,31.0,233,21.45,997.2,loc_tiruchirappalli,10.7905,78.7047,ECMWF_ERA5_Reanalysis
2017-10-04,37.7,26.5,30.6,42.9,29.7,35.0,7.7,11.5,30.2,283,21.05,997.5,loc_tiruchirappalli,10.7905,78.7047,ECMWF_ERA5_Reanalysis
2017-10-05,35.2,24.9,29.0,42.3,30.2,34.2,35.1,12.6,27.4,275,18.64,996.5,loc_tiruchirappalli,10.7905,78.7047,ECMWF_ERA5_Reanalysis
2017-10-06,33.0,24.4,27.9,40.3,29.6,33.7,7.5,14.8,34.2,246,19.23,996.4,loc_tiruchirappalli,10.7905,78.7047,ECMWF_ERA5_Reanalysis
2017-10-07,32.8,24.4,28.2,39.5,29.2,33.7,16.5,11.7,22.3,208,19.65,996.8,loc_tiruchirappalli,10.7905,78.7047,ECMWF_ERA5_Reanalysis
2017-10-08,33.5,24.1,28.7,39.9,28.8,33.8,5.0,12.4,28.1,265,20.74,996.5,loc_tiruchirappalli,10.7905,78.7047,ECMWF_ERA5_Reanalysis
2017-10-09,33.2,24.6,28.4,39.8,29.8,34.1,10.1,10.9,31.0,237,20.06,996.5,loc_tiruchirappalli,10.7905,78.7047,ECMWF_ERA5_Reanalysis
2017-10-10,33.0,24.7,28.7,39.6,30.4,34.2,4.1,10.4,24.8,128,21.22,995.9,loc_tiruchirappalli,10.7905,78.7047,ECMWF_ERA5_Reanalysis
2017-10-11,33.1,24.0,27.7,39.8,28.7,33.2,8.9,11.6,20.9,188,19.35,996.7,loc_tiruchirappalli,10.7905,78.7047,ECMWF_ERA5_Reanalysis
2017-10-12,31.3,24.3,27.2,36.7,29.2,32.9,7.8,9.0,22.7,234,10.38,997.2,loc_tiruchirappalli,10.7905,78.7047,ECMWF_ERA5_Reanalysis
2017-10-13,31.8,25.1,27.5,37.5,30.2,32.8,4.6,12.1,26.6,266,13.13,996.6,loc_tiruchirappalli,10.7905,78.7047,ECMWF_ERA5_Reanalysis
2017-10-14,30.2,25.0,27.0,34.7,29.3,31.5,10.6,17.3,39.6,266,11.55,996.9,loc_tiruchirappalli,10.7905,78.7047,ECMWF_ERA5_Reanalysis
2017-10-15,30.8,24.7,27.9,33.6,28.3,30.8,1.8,16.9,34.9,270,10.59,997.7,loc_tiruchirappalli,10.7905,78.7047,ECMWF_ERA5_Reanalysis
2017-10-16,33.4,25.8,28.4,37.3,28.5,31.8,1.4,16.7,40.3,287,17.16,997.9,loc_tiruchirappalli,10.7905,78.7047,ECMWF_ERA5_Reanalysis
2017-10-17,29.0,24.4,26.4,34.0,27.8,30.8,3.3,16.2,28.8,284,6.56,997.8,loc_tiruchirappalli,10.7905,78.7047,ECMWF_ERA5_Reanalysis
2017-10-18,32.9,24.1,27.8,37.0,28.3,31.9,0.0,13.7,29.9,262,14.14,996.9,loc_tiruchirappalli,10.7905,78.7047,ECMWF_ERA5_Reanalysis
2017-10-19,33.9,24.7,29.0,38.6,28.3,32.9,0.2,13.4,28.8,242,20.03,996.9,loc_tiruchirappalli,10.7905,78.7047,ECMWF_ERA5_Reanalysis
2017-10-20,33.5,25.1,28.9,39.5,29.8,33.9,2.2,13.3,27.0,212,18.1,998.3,loc_tiruchirappalli,10.7905,78.7047,ECMWF_ERA5_Reanalysis
2017-10-21,33.2,25.5,28.4,39.4,30.3,33.3,3.6,16.2,34.2,208,16.95,999.8,loc_tiruchirappalli,10.7905,78.7047,ECMWF_ERA5_Reanalysis
2017-10-22,33.8,25.2,29.1,38.6,30.3,33.9,2.6,13.9,27.4,262,18.95,1000.0,loc_tiruchirappalli,10.7905,78.7047,ECMWF_ERA5_Reanalysis
2017-10-23,34.6,26.3,29.1,39.4,29.4,33.4,2.3,17.7,36.4,319,18.3,1000.2,loc_tiruchirappalli,10.7905,78.7047,ECMWF_ERA5_Reanalysis
2017-10-24,34.7,25.4,28.6,40.9,31.6,34.2,4.4,11.1,33.5,125,18.59,1001.4,loc_tiruchirappalli,10.7905,78.7047,ECMWF_ERA5_Reanalysis
2017-10-25,33.0,24.5,28.2,38.2,30.0,33.2,2.5,13.3,35.3,87,18.17,1002.5,loc_tiruchirappalli,10.7905,78.7047,ECMWF_ERA5_Reanalysis
2017-10-26,31.4,24.2,27.5,37.5,28.6,32.1,3.4,10.4,27.7,82,15.25,1003.1,loc_tiruchirappalli,10.7905,78.7047,ECMWF_ERA5_Reanalysis
2017-10-27,32.7,23.9,27.4,36.6,29.1,31.8,4.3,13.4,33.8,59,16.73,1002.1,loc_tiruchirappalli,10.7905,78.7047,ECMWF_ERA5_Reanalysis
2017-10-28,30.2,24.3,26.7,33.3,28.9,30.8,12.3,15.0,41.8,46,13.75,1002.0,loc_tiruchirappalli,10.7905,78.7047,ECMWF_ERA5_Reanalysis
2017-10-29,32.3,24.3,28.1,35.3,28.8,31.4,0.3,16.8,35.6,38,16.93,1001.7,loc_tiruchirappalli,10.7905,78.7047,ECMWF_ERA5_Reanalysis
2017-10-30,29.0,23.5,25.6,31.5,26.7,29.0,29.4,18.0,38.2,24,8.05,1001.3,loc_tiruchirappalli,10.7905,78.7047,ECMWF_ERA5_Reanalysis
2017-10-31,24.1,23.2,23.7,29.0,26.5,27.5,26.2,14.3,26.6,28,2.84,1000.8,loc_tiruchirappalli,10.7905,78.7047,ECMWF_ERA5_Reanalysis
2017-11-01,28.2,22.7,24.6,31.9,26.3,28.3,19.8,13.9,28.1,26,7.42,1001.3,loc_tiruchirappalli,10.7905,78.7047,ECMWF_ERA5_Reanalysis
2017-11-02,28.0,23.7,25.1,31.5,27.1,28.7,10.3,20.7,40.3,27,9.03,1000.4,loc_tiruchirappalli,10.7905,78.7047,ECMWF_ERA5_Reanalysis
2017-11-03,29.7,22.3,25.6,30.6,24.9,27.9,3.5,25.9,50.8,25,13.94,999.4,loc_tiruchirappalli,10.7905,78.7047,ECMWF_ERA5_Reanalysis
2017-11-04,24.2,22.8,23.6,28.2,25.8,27.4,23.5,12.2,22.3,31,4.16,999.6,loc_tiruchirappalli,10.7905,78.7047,ECMWF_ERA5_Reanalysis
2017-11-05,27.9,22.9,24.8,32.4,26.9,28.9,12.4,15.8,37.4,37,10.22,1000.3,loc_tiruchirappalli,10.7905,78.7047,ECMWF_ERA5_Reanalysis
2017-11-06,27.3,23.0,24.7,30.9,26.7,28.5,3.6,15.6,31.3,35,6.01,1001.2,loc_tiruchirappalli,10.7905,78.7047,ECMWF_ERA5_Reanalysis
2017-11-07,28.5,23.5,25.3,33.5,27.7,29.5,10.1,13.1,33.8,40,13.31,1001.7,loc_tiruchirappalli,10.7905,78.7047,ECMWF_ERA5_Reanalysis
2017-11-08,29.4,23.1,25.3,34.5,27.0,29.7,16.5,17.3,39.6,41,13.38,1001.8,loc_tiruchirappalli,10.7905,78.7047,ECMWF_ERA5_Reanalysis
2017-11-09,30.6,21.9,26.0,33.7,25.6,29.3,0.0,16.6,34.6,26,21.74,1000.5,loc_tiruchirappalli,10.7905,78.7047,ECMWF_ERA5_Reanalysis
2017-11-10,28.9,23.3,25.8,30.8,26.7,28.8,1.7,15.9,33.8,18,11.07,1000.3,loc_tiruchirappalli,10.7905,78.7047,ECMWF_ERA5_Reanalysis
2017-11-11,30.0,24.3,26.6,31.6,26.9,29.5,0.6,15.8,31.7,18,11.83,1000.0,loc_tiruchirappalli,10.7905,78.7047,ECMWF_ERA5_Reanalysis
2017-11-12,31.3,22.7,26.5,35.2,26.1,29.6,0.0,10.4,22.3,358,16.77,998.6,loc_tiruchirappalli,10.7905,78.7047,ECMWF_ERA5_Reanalysis
2017-11-13,29.9,22.4,26.0,34.4,25.9,29.6,0.1,12.4,25.2,39,14.27,998.0,loc_tiruchirappalli,10.7905,78.7047,ECMWF_ERA5_Reanalysis
2017-11-14,32.3,23.1,26.8,36.9,27.0,31.1,1.7,9.8,27.7,257,15.88,997.5,loc_tiruchirappalli,10.7905,78.7047,ECMWF_ERA5_Reanalysis
2017-11-15,32.1,23.6,27.1,37.4,28.2,32.1,3.8,10.9,28.1,256,16.98,997.7,loc_tiruchirappalli,10.7905,78.7047,ECMWF_ERA5_Reanalysis
2017-11-16,32.3,24.5,27.8,38.1,26.6,31.4,0.3,12.5,24.1,271,17.33,998.4,loc_tiruchirappalli,10.7905,78.7047,ECMWF_ERA5_Reanalysis
2017-11-17,31.4,23.7,27.2,36.9,29.0,32.2,0.5,12.4,28.4,101,18.06,999.1,loc_tiruchirappalli,10.7905,78.7047,ECMWF_ERA5_Reanalysis
2017-11-18,31.6,23.2,27.2,36.6,28.2,31.9,0.1,8.8,21.2,100,19.09,1000.1,loc_tiruchirappalli,10.7905,78.7047,ECMWF_ERA5_Reanalysis
2017-11-19,30.4,23.6,27.0,35.2,28.8,31.6,0.8,13.2,32.4,74,15.0,1001.3,loc_tiruchirappalli,10.7905,78.7047,ECMWF_ERA5_Reanalysis
2017-11-20,31.2,23.9,27.2,36.0,27.7,31.6,2.0,14.2,31.7,60,15.49,1001.7,loc_tiruchirappalli,10.7905,78.7047,ECMWF_ERA5_Reanalysis
2017-11-21,31.1,23.3,27.0,36.1,27.4,31.2,2.9,17.0,36.0,59,17.37,1001.2,loc_tiruchirappalli,10.7905,78.7047,ECMWF_ERA5_Reanalysis
2017-11-22,29.9,24.4,26.8,33.7,27.6,30.3,1.8,19.5,39.6,48,14.94,1000.5,loc_tiruchirappalli,10.7905,78.7047,ECMWF_ERA5_Reanalysis
2017-11-23,31.7,23.6,27.2,34.3,27.4,30.2,0.0,15.3,33.5,48,17.54,1000.7,loc_tiruchirappalli,10.7905,78.7047,ECMWF_ERA5_Reanalysis
2017-11-24,31.7,22.7,27.0,34.9,26.7,30.5,0.6,15.0,37.8,49,17.5,1001.8,loc_tiruchirappalli,10.7905,78.7047,ECMWF_ERA5_Reanalysis
2017-11-25,31.4,23.6,27.1,33.1,27.5,29.7,0.1,19.2,40.7,37,16.5,1002.2,loc_tiruchirappalli,10.7905,78.7047,ECMWF_ERA5_Reanalysis
2017-11-26,29.2,23.4,26.0,31.3,25.7,28.7,4.8,18.9,38.9,38,10.33,1002.8,loc_tiruchirappalli,10.7905,78.7047,ECMWF_ERA5_Reanalysis
2017-11-27,29.1,23.4,25.5,32.8,26.6,28.8,2.4,22.1,45.4,36,11.25,1001.8,loc_tiruchirappalli,10.7905,78.7047,ECMWF_ERA5_Reanalysis
2017-11-28,29.4,23.8,26.0,32.6,27.3,28.8,3.7,24.2,47.2,40,12.53,1001.5,loc_tiruchirappalli,10.7905,78.7047,ECMWF_ERA5_Reanalysis
2017-11-29,27.4,23.9,25.1,30.0,26.5,27.7,5.0,22.3,52.2,39,6.75,1001.4,loc_tiruchirappalli,10.7905,78.7047,ECMWF_ERA5_Reanalysis
2017-11-30,27.0,23.7,24.6,30.3,26.5,27.8,11.2,21.5,45.7,63,5.48,1000.0,loc_tiruchirappalli,10.7905,78.7047,ECMWF_ERA5_Reanalysis
2017-12-01,25.9,22.8,24.1,29.7,26.4,28.2,28.0,13.4,29.2,81,4.93,999.8,loc_tiruchirappalli,10.7905,78.7047,ECMWF_ERA5_Reanalysis
2017-12-02,27.4,23.2,24.7,31.2,26.6,28.3,2.4,20.0,40.0,49,8.62,1001.5,loc_tiruchirappalli,10.7905,78.7047,ECMWF_ERA5_Reanalysis
2017-12-03,28.2,22.8,25.1,30.6,26.0,28.3,2.6,17.4,34.9,43,12.5,1002.6,loc_tiruchirappalli,10.7905,78.7047,ECMWF_ERA5_Reanalysis
2017-12-04,28.7,22.6,25.5,31.8,25.7,28.7,0.0,17.6,35.6,48,12.85,1001.8,loc_tiruchirappalli,10.7905,78.7047,ECMWF_ERA5_Reanalysis
2017-12-05,29.5,22.4,25.5,32.4,25.8,28.9,0.0,13.6,28.8,50,13.45,1000.8,loc_tiruchirappalli,10.7905,78.7047,ECMWF_ERA5_Reanalysis
2017-12-06,29.2,22.8,25.6,33.3,26.8,29.5,0.5,11.4,25.2,48,13.35,1000.5,loc_tiruchirappalli,10.7905,78.7047,ECMWF_ERA5_Reanalysis
2017-12-07,29.6,22.9,25.7,33.7,26.5,29.4,0.3,12.9,27.7,45,15.6,1000.2,loc_tiruchirappalli,10.7905,78.7047,ECMWF_ERA5_Reanalysis
2017-12-08,30.4,20.6,24.8,34.3,24.0,28.1,0.0,8.9,17.3,75,20.65,1000.6,loc_tiruchirappalli,10.7905,78.7047,ECMWF_ERA5_Reanalysis
2017-12-09,30.9,19.7,25.1,35.6,22.5,28.9,0.0,7.7,15.8,148,20.22,1001.4,loc_tiruchirappalli,10.7905,78.7047,ECMWF_ERA5_Reanalysis
2017-12-10,30.9,21.8,26.0,34.0,25.9,29.7,0.1,12.2,27.7,75,17.17,1002.4,loc_tiruchirappalli,10.7905,78.7047,ECMWF_ERA5_Reanalysis
2017-12-11,31.3,21.9,26.0,35.6,25.8,30.1,0.0,10.2,22.0,70,19.16,1003.7,loc_tiruchirappalli,10.7905,78.7047,ECMWF_ERA5_Reanalysis
2017-12-12,30.9,22.5,26.3,34.8,26.8,30.4,0.3,10.3,20.5,82,16.23,1003.9,loc_tiruchirappalli,10.7905,78.7047,ECMWF_ERA5_Reanalysis
2017-12-13,31.7,22.2,26.4,34.6,26.5,30.0,0.0,14.4,28.8,73,18.62,1003.8,loc_tiruchirappalli,10.7905,78.7047,ECMWF_ERA5_Reanalysis
2017-12-14,31.7,22.8,26.4,33.9,26.4,29.5,0.0,14.8,31.0,59,17.86,1004.0,loc_tiruchirappalli,10.7905,78.7047,ECMWF_ERA5_Reanalysis
2017-12-15,30.0,23.2,25.7,33.7,26.8,28.9,1.4,16.0,39.2,43,12.57,1004.4,loc_tiruchirappalli,10.7905,78.7047,ECMWF_ERA5_Reanalysis
2017-12-16,30.0,22.8,25.7,31.5,25.5,27.7,0.4,21.1,42.1,44,14.5,1005.2,loc_tiruchirappalli,10.7905,78.7047,ECMWF_ERA5_Reanalysis
2017-12-17,29.4,22.5,25.5,29.8,24.7,26.8,0.4,21.9,43.6,39,14.75,1005.9,loc_tiruchirappalli,10.7905,78.7047,ECMWF_ERA5_Reanalysis
2017-12-18,29.8,22.5,25.4,30.9,24.5,26.5,0.1,20.5,42.1,41,18.07,1006.3,loc_tiruchirappalli,10.7905,78.7047,ECMWF_ERA5_Reanalysis
2017-12-19,29.3,21.0,25.2,30.0,22.6,26.7,0.1,18.2,38.2,40,11.59,1005.1,loc_tiruchirappalli,10.7905,78.7047,ECMWF_ERA5_Reanalysis
2017-12-20,29.9,23.0,26.0,31.0,24.4,27.1,0.0,22.7,47.2,46,14.85,1005.5,loc_tiruchirappalli,10.7905,78.7047,ECMWF_ERA5_Reanalysis
2017-12-21,27.0,22.1,24.3,28.7,23.3,26.1,3.0,17.6,36.7,40,8.52,1005.7,loc_tiruchirappalli,10.7905,78.7047,ECMWF_ERA5_Reanalysis
2017-12-22,28.2,21.8,24.7,29.2,24.1,26.7,1.3,17.8,38.2,45,13.15,1004.6,loc_tiruchirappalli,10.7905,78.7047,ECMWF_ERA5_Reanalysis
2017-12-23,29.2,22.0,25.2,29.8,24.2,26.8,0.6,19.5,40.0,55,14.39,1002.8,loc_tiruchirappalli,10.7905,78.7047,ECMWF_ERA5_Reanalysis
2017-12-24,29.3,19.8,24.5,30.8,22.0,26.5,0.1,17.1,35.6,50,14.74,1002.6,loc_tiruchirappalli,10.7905,78.7047,ECMWF_ERA5_Reanalysis
2017-12-25,29.7,21.4,25.1,31.0,23.7,27.4,0.3,16.7,36.7,45,12.6,1002.9,loc_tiruchirappalli,10.7905,78.7047,ECMWF_ERA5_Reanalysis
2017-12-26,30.4,22.1,25.6,30.9,24.6,27.1,0.0,21.3,42.8,43,17.63,1003.3,loc_tiruchirappalli,10.7905,78.7047,ECMWF_ERA5_Reanalysis
2017-12-27,29.8,21.5,24.9,29.3,23.3,25.9,0.1,20.3,42.1,44,14.94,1003.5,loc_tiruchirappalli,10.7905,78.7047,ECMWF_ERA5_Reanalysis
2017-12-28,28.3,20.2,24.2,28.1,21.7,24.9,0.0,18.8,41.4,48,18.24,1003.4,loc_tiruchirappalli,10.7905,78.7047,ECMWF_ERA5_Reanalysis
2017-12-29,30.0,22.0,25.1,29.6,22.6,26.0,0.3,18.8,38.5,43,15.99,1003.7,loc_tiruchirappalli,10.7905,78.7047,ECMWF_ERA5_Reanalysis
2017-12-30,30.9,21.1,25.3,31.6,23.3,27.0,0.0,14.8,32.8,50,16.94,1002.9,loc_tiruchirappalli,10.7905,78.7047,ECMWF_ERA5_Reanalysis
2017-12-31,31.7,20.7,25.7,33.6,23.7,27.7,0.0,15.0,30.2,53,19.35,1001.5,loc_tiruchirappalli,10.7905,78.7047,ECMWF_ERA5_Reanalysis
2018-01-01,33.2,21.3,26.5,36.5,25.1,29.4,0.0,14.3,25.6,87,19.97,999.9,loc_tiruchirappalli,10.7905,78.7047,ECMWF_ERA5_Reanalysis
2018-01-02,32.5,21.5,26.4,35.4,25.4,29.3,0.0,14.3,30.6,92,17.66,1000.1,loc_tiruchirappalli,10.7905,78.7047,ECMWF_ERA5_Reanalysis
2018-01-03,31.7,22.0,26.6,33.4,25.3,28.8,0.2,15.3,32.4,56,18.03,1001.4,loc_tiruchirappalli,10.7905,78.7047,ECMWF_ERA5_Reanalysis
2018-01-04,31.3,22.6,26.1,31.8,24.1,27.5,0.3,17.9,39.6,54,14.88,1002.7,loc_tiruchirappalli,10.7905,78.7047,ECMWF_ERA5_Reanalysis
2018-01-05,30.0,20.1,24.8,29.5,22.4,25.4,0.0,16.1,36.4,50,16.83,1002.1,loc_tiruchirappalli,10.7905,78.7047,ECMWF_ERA5_Reanalysis
2018-01-06,29.6,19.2,24.3,29.2,20.3,24.9,0.0,14.2,31.0,53,15.83,1001.8,loc_tiruchirappalli,10.7905,78.7047,ECMWF_ERA5_Reanalysis
2018-01-07,31.0,18.8,24.4,31.2,19.7,24.7,0.0,17.8,37.8,48,20.34,1002.1,loc_tiruchirappalli,10.7905,78.7047,ECMWF_ERA5_Reanalysis
2018-01-08,30.8,19.1,24.6,30.8,20.7,25.1,0.0,19.5,37.8,47,20.4,1002.9,loc_tiruchirappalli,10.7905,78.7047,ECMWF_ERA5_Reanalysis
2018-01-09,27.8,21.5,23.9,28.4,22.5,25.6,6.2,20.9,43.2,26,6.21,1004.0,loc_tiruchirappalli,10.7905,78.7047,ECMWF_ERA5_Reanalysis
2018-01-10,28.7,22.1,24.8,30.8,24.0,27.2,4.3,17.9,38.5,42,12.8,1004.7,loc_tiruchirappalli,10.7905,78.7047,ECMWF_ERA5_Reanalysis
2018-01-11,30.2,22.9,26.1,32.5,26.3,29.1,0.7,12.6,28.8,45,13.46,1004.6,loc_tiruchirappalli,10.7905,78.7047,ECMWF_ERA5_Reanalysis
2018-01-12,31.5,22.9,26.4,32.8,26.2,29.1,0.0,15.6,32.4,56,14.67,1003.8,loc_tiruchirappalli,10.7905,78.7047,ECMWF_ERA5_Reanalysis
2018-01-13,31.8,21.1,25.6,34.2,24.5,28.5,0.1,15.5,32.8,62,20.01,1003.4,loc_tiruchirappalli,10.7905,78.7047,ECMWF_ERA5_Reanalysis
2018-01-14,32.3,19.8,25.4,34.1,22.8,27.9,0.0,13.0,31.3,54,21.0,1003.8,loc_tiruchirappalli,10.7905,78.7047,ECMWF_ERA5_Reanalysis
2018-01-15,31.5,21.6,25.8,33.6,24.9,28.0,0.0,15.6,33.1,53,19.14,1004.0,loc_tiruchirappalli,10.7905,78.7047,ECMWF_ERA5_Reanalysis
2018-01-16,32.2,20.4,25.5,33.4,23.7,27.7,0.0,16.7,35.6,58,17.56,1002.9,loc_tiruchirappalli,10.7905,78.7047,ECMWF_ERA5_Reanalysis
2018-01-17,31.2,21.3,25.5,32.5,23.1,27.2,0.0,18.4,36.7,54,19.52,1002.9,loc_tiruchirappalli,10.7905,78.7047,ECMWF_ERA5_Reanalysis
2018-01-18,30.3,18.4,24.0,30.1,19.9,24.7,0.0,17.7,37.8,51,20.8,1003.4,loc_tiruchirappalli,10.7905,78.7047,ECMWF_ERA5_Reanalysis
2018-01-19,30.1,19.1,24.0,30.1,20.5,24.4,0.0,18.1,38.2,50,20.32,1004.0,loc_tiruchirappalli,10.7905,78.7047,ECMWF_ERA5_Reanalysis
2018-01-20,30.4,18.4,23.9,30.4,20.0,24.4,0.0,17.2,35.6,46,21.85,1003.5,loc_tiruchirappalli,10.7905,78.7047,ECMWF_ERA5_Reanalysis
2018-01-21,30.5,18.1,24.0,30.9,19.2,24.7,0.0,16.7,34.2,50,20.67,1002.4,loc_tiruchirappalli,10.7905,78.7047,ECMWF_ERA5_Reanalysis
2018-01-22,31.6,18.6,24.4,32.7,19.9,25.6,0.0,18.5,38.2,55,20.47,1001.5,loc_tiruchirappalli,10.7905,78.7047,ECMWF_ERA5_Reanalysis
2018-01-23,30.3,19.7,24.9,31.2,21.6,26.3,0.0,15.4,28.8,64,14.74,1001.2,loc_tiruchirappalli,10.7905,78.7047,ECMWF_ERA5_Reanalysis
2018-01-24,31.6,20.1,25.6,34.9,22.5,27.6,0.0,15.1,28.8,59,17.93,1000.6,loc_tiruchirappalli,10.7905,78.7047,ECMWF_ERA5_Reanalysis
2018-01-25,32.9,20.3,26.0,33.6,22.8,27.2,0.0,17.0,36.4,52,22.14,1000.0,loc_tiruchirappalli,10.7905,78.7047,ECMWF_ERA5_Reanalysis
2018-01-26,32.2,20.6,25.6,32.9,23.4,27.2,0.1,16.0,36.7,52,20.83,1000.8,loc_tiruchirappalli,10.7905,78.7047,ECMWF_ERA5_Reanalysis
2018-01-27,32.2,19.4,25.4,33.0,21.6,26.6,0.0,17.1,36.0,48,19.83,1001.4,loc_tiruchirappalli,10.7905,78.7047,ECMWF_ERA5_Reanalysis
2018-01-28,31.4,20.7,25.6,32.0,22.8,26.5,0.0,17.4,37.8,45,20.46,1002.2,loc_tiruchirappalli,10.7905,78.7047,ECMWF_ERA5_Reanalysis
2018-01-29,31.6,20.3,25.3,32.7,21.8,26.1,0.0,18.1,40.0,50,20.88,1003.3,loc_tiruchirappalli,10.7905,78.7047,ECMWF_ERA5_Reanalysis
2018-01-30,32.0,20.8,25.5,32.2,22.3,25.9,0.0,17.3,38.9,45,22.6,1003.5,loc_tiruchirappalli,10.7905,78.7047,ECMWF_ERA5_Reanalysis
2018-01-31,31.7,19.7,24.7,31.1,20.8,24.7,0.0,16.8,37.8,48,22.97,1004.1,loc_tiruchirappalli,10.7905,78.7047,ECMWF_ERA5_Reanalysis
2018-02-01,32.1,18.3,24.3,31.5,19.3,24.2,0.0,17.4,36.7,55,23.49,1004.1,loc_tiruchirappalli,10.7905,78.7047,ECMWF_ERA5_Reanalysis
2018-02-02,32.4,16.3,23.9,32.0,16.9,23.9,0.0,16.6,35.3,63,23.56,1003.1,loc_tiruchirappalli,10.7905,78.7047,ECMWF_ERA5_Reanalysis
2018-02-03,30.5,17.1,23.7,31.1,18.3,24.2,0.0,14.7,34.2,61,22.09,1003.4,loc_tiruchirappalli,10.7905,78.7047,ECMWF_ERA5_Reanalysis
2018-02-04,31.3,18.5,24.7,31.9,19.8,25.1,0.0,16.2,33.5,54,23.45,1003.6,loc_tiruchirappalli,10.7905,78.7047,ECMWF_ERA5_Reanalysis
2018-02-05,32.4,19.2,25.4,33.5,20.6,26.4,0.0,21.3,40.0,63,19.94,1004.6,loc_tiruchirappalli,10.7905,78.7047,ECMWF_ERA5_Reanalysis
2018-02-06,31.4,22.7,26.6,33.3,24.7,28.9,1.1,16.0,38.5,68,16.42,1004.5,loc_tiruchirappalli,10.7905,78.7047,ECMWF_ERA5_Reanalysis
2018-02-07,32.9,24.2,27.6,36.8,28.1,31.3,1.0,15.9,33.1,80,17.92,1003.1,loc_tiruchirappalli,10.7905,78.7047,ECMWF_ERA5_Reanalysis
2018-02-08,33.2,23.0,27.4,37.1,27.1,30.9,3.8,10.4,32.0,67,18.39,1002.5,loc_tiruchirappalli,10.7905,78.7047,ECMWF_ERA5_Reanalysis
2018-02-09,34.3,22.3,27.4,37.8,26.4,30.7,0.0,15.5,29.2,85,21.57,1001.7,loc_tiruchirappalli,10.7905,78.7047,ECMWF_ERA5_Reanalysis
2018-02-10,33.6,23.6,27.4,36.4,26.6,30.2,0.5,18.0,34.2,79,22.17,1003.3,loc_tiruchirappalli,10.7905,78.7047,ECMWF_ERA5_Reanalysis
2018-02-11,33.7,21.7,27.1,35.8,25.1,29.6,0.0,15.1,29.9,77,21.56,1004.1,loc_tiruchirappalli,10.7905,78.7047,ECMWF_ERA5_Reanalysis
2018-02-12,34.4,22.3,27.0,35.8,25.2,29.0,0.0,23.3,46.1,55,19.84,1005.4,loc_tiruchirappalli,10.7905,78.7047,ECMWF_ERA5_Reanalysis
2018-02-13,32.6,21.1,26.4,33.6,24.2,27.9,0.0,16.2,35.6,55,19.73,1006.7,loc_tiruchirappalli,10.7905,78.7047,ECMWF_ERA5_Reanalysis
2018-02-14,32.8,21.4,26.6,33.3,24.5,28.5,0.1,18.0,38.9,56,17.94,1006.9,loc_tiruchirappalli,10.7905,78.7047,ECMWF_ERA5_Reanalysis
2018-02-15,32.7,23.0,27.0,33.1,25.3,28.6,0.0,19.3,39.6,50,16.61,1006.8,loc_tiruchirappalli,10.7905,78.7047,ECMWF_ERA5_Reanalysis
2018-02-16,34.1,22.0,27.3,35.3,23.7,28.6,0.0,17.6,36.4,52,22.76,1005.9,loc_tiruchirappalli,10.7905,78.7047,ECMWF_ERA5_Reanalysis
2018-02-17,33.3,20.7,26.6,35.4,23.6,28.5,0.0,14.5,29.2,64,21.87,1003.2,loc_tiruchirappalli,10.7905,78.7047,ECMWF_ERA5_Reanalysis
2018-02-18,33.6,20.3,26.3,34.8,23.2,27.9,0.0,15.2,32.4,63,22.5,1002.1,loc_tiruchirappalli,10.7905,78.7047,ECMWF_ERA5_Reanalysis
2018-02-19,32.9,19.0,25.5,34.2,21.1,26.8,0.0,18.2,37.8,62,22.95,1002.5,loc_tiruchirappalli,10.7905,78.7047,ECMWF_ERA5_Reanalysis
2018-02-20,33.2,19.7,26.0,34.7,22.0,27.2,0.0,16.3,35.6,58,22.69,1002.3,loc_tiruchirappalli,10.7905,78.7047,ECMWF_ERA5_Reanalysis
2018-02-21,33.3,20.6,26.1,34.3,22.8,27.3,0.0,16.6,36.7,56,22.71,1001.3,loc_tiruchirappalli,10.7905,78.7047,ECMWF_ERA5_Reanalysis
2018-02-22,34.2,19.1,25.8,34.4,21.5,26.6,0.0,18.4,38.2,58,24.42,1001.0,loc_tiruchirappalli,10.7905,78.7047,ECMWF_ERA5_Reanalysis
2018-02-23,33.3,20.0,26.2,34.4,22.4,27.6,0.0,15.9,33.8,60,23.08,1001.6,loc_tiruchirappalli,10.7905,78.7047,ECMWF_ERA5_Reanalysis
2018-02-24,32.0,21.4,26.7,34.4,24.3,28.7,0.4,16.7,33.5,57,16.65,1002.9,loc_tiruchirappalli,10.7905,78.7047,ECMWF_ERA5_Reanalysis
2018-02-25,34.2,22.0,27.2,34.5,24.6,28.6,0.0,20.3,41.0,57,19.37,1002.9,loc_tiruchirappalli,10.7905,78.7047,ECMWF_ERA5_Reanalysis
2018-02-26,36.1,21.6,27.8,37.7,24.9,29.7,0.0,21.2,43.9,57,23.87,1002.1,loc_tiruchirappalli,10.7905,78.7047,ECMWF_ERA5_Reanalysis
2018-02-27,35.0,22.1,28.1,35.6,25.3,29.9,0.0,20.5,41.0,64,20.75,1001.5,loc_tiruchirappalli,10.7905,78.7047,ECMWF_ERA5_Reanalysis
2018-02-28,34.9,22.5,28.2,37.2,26.9,30.7,0.1,17.4,37.8,66,20.84,1001.4,loc_tiruchirappalli,10.7905,78.7047,ECMWF_ERA5_Reanalysis
2018-03-01,35.1,23.4,28.5,37.1,27.5,31.0,0.1,17.5,33.5,61,21.3,1001.0,loc_tiruchirappalli,10.7905,78.7047,ECMWF_ERA5_Reanalysis
2018-03-02,35.9,22.3,28.0,36.6,25.1,29.8,0.0,15.8,31.7,65,24.38,1000.9,loc_tiruchirappalli,10.7905,78.7047,ECMWF_ERA5_Reanalysis
2018-03-03,35.6,20.0,27.4,37.1,22.9,29.2,0.0,15.9,29.5,79,25.38,1000.5,loc_tiruchirappalli,10.7905,78.7047,ECMWF_ERA5_Reanalysis
2018-03-04,35.8,20.4,27.4,36.4,23.0,29.1,0.0,13.8,28.8,84,25.69,1000.4,loc_tiruchirappalli,10.7905,78.7047,ECMWF_ERA5_Reanalysis
2018-03-05,35.1,19.8,27.0,36.9,22.8,28.9,0.0,15.2,29.9,70,24.0,1001.1,loc_tiruchirappalli,10.7905,78.7047,ECMWF_ERA5_Reanalysis
2018-03-06,34.9,19.5,26.8,35.7,22.1,28.5,0.0,15.8,31.0,72,25.49,1001.9,loc_tiruchirappalli,10.7905,78.7047,ECMWF_ERA5_Reanalysis
2018-03-07,34.7,20.9,27.5,37.1,24.1,29.7,0.1,14.8,31.7,68,21.74,1001.6,loc_tiruchirappalli,10.7905,78.7047,ECMWF_ERA5_Reanalysis
2018-03-08,35.1,20.5,27.6,37.3,23.4,29.5,0.0,15.4,33.5,68,23.31,1001.7,loc_tiruchirappalli,10.7905,78.7047,ECMWF_ERA5_Reanalysis
2018-03-09,35.6,20.3,27.6,37.0,22.7,29.1,0.0,18.6,39.2,69,24.9,1001.6,loc_tiruchirappalli,10.7905,78.7047,ECMWF_ERA5_Reanalysis
2018-03-10,35.7,21.9,28.1,36.8,25.7,30.1,0.0,20.0,40.7,56,24.22,1001.6,loc_tiruchirappalli,10.7905,78.7047,ECMWF_ERA5_Reanalysis
2018-03-11,35.3,21.3,28.0,37.3,24.6,30.1,0.2,16.6,38.2,65,21.85,1001.7,loc_tiruchirappalli,10.7905,78.7047,ECMWF_ERA5_Reanalysis
2018-03-12,33.5,23.2,27.7,36.0,26.9,30.4,2.7,21.7,52.9,68,18.6,1002.4,loc_tiruchirappalli,10.7905,78.7047,ECMWF_ERA5_Reanalysis
2018-03-13,28.3,24.2,26.2,32.2,28.4,30.3,20.1,16.1,34.2,72,9.29,1001.9,loc_tiruchirappalli,10.7905,78.7047,ECMWF_ERA5_Reanalysis
2018-03-14,32.9,23.5,27.8,38.5,28.2,32.0,6.5,12.2,36.7,108,15.57,1001.3,loc_tiruchirappalli,10.7905,78.7047,ECMWF_ERA5_Reanalysis
2018-03-15,33.5,24.5,28.4,38.3,29.3,32.9,2.9,11.9,36.4,133,18.76,1000.9,loc_tiruchirappalli,10.7905,78.7047,ECMWF_ERA5_Reanalysis
2018-03-16,36.2,24.7,29.6,40.1,30.2,33.7,0.7,15.6,36.7,143,23.41,999.5,loc_tiruchirappalli,10.7905,78.7047,ECMWF_ERA5_Reanalysis
2018-03-17,30.1,24.1,26.9,33.8,28.8,31.2,15.0,13.5,30.6,63,10.67,1000.9,loc_tiruchirappalli,10.7905,78.7047,ECMWF_ERA5_Reanalysis
2018-03-18,34.9,24.5,28.7,38.0,29.2,32.4,0.4,17.8,33.5,78,22.29,1001.2,loc_tiruchirappalli,10.7905,78.7047,ECMWF_ERA5_Reanalysis
2018-03-19,34.4,23.2,28.1,36.7,26.2,30.7,0.0,13.5,31.3,77,22.89,1002.8,loc_tiruchirappalli,10.7905,78.7047,ECMWF_ERA5_Reanalysis
2018-03-20,35.8,20.8,27.9,38.5,24.0,30.7,0.0,13.1,28.1,90,25.41,1001.8,loc_tiruchirappalli,10.7905,78.7047,ECMWF_ERA5_Reanalysis
2018-03-21,37.8,21.5,29.2,40.5,24.9,32.0,0.0,14.0,28.4,122,26.0,1001.0,loc_tiruchirappalli,10.7905,78.7047,ECMWF_ERA5_Reanalysis
2018-03-22,38.9,24.1,31.0,41.0,28.3,33.8,0.1,16.1,33.8,161,22.45,998.7,loc_tiruchirappalli,10.7905,78.7047,ECMWF_ERA5_Reanalysis
2018-03-23,39.5,24.8,31.6,41.3,27.8,34.2,0.1,15.1,34.9,134,21.34,998.3,loc_tiruchirappalli,10.7905,78.7047,ECMWF_ERA5_Reanalysis
2018-03-24,38.0,26.2,31.3,40.3,29.0,34.1,0.2,15.5,36.4,119,21.82,1000.3,loc_tiruchirappalli,10.7905,78.7047,ECMWF_ERA5_Reanalysis
2018-03-25,36.8,23.0,29.6,38.9,27.9,32.3,0.0,14.7,33.8,90,21.33,1002.5,loc_tiruchirappalli,10.7905,78.7047,ECMWF_ERA5_Reanalysis
2018-03-26,37.0,23.7,29.4,39.2,28.0,32.6,0.0,14.7,29.2,84,22.67,1002.9,loc_tiruchirappalli,10.7905,78.7047,ECMWF_ERA5_Reanalysis
2018-03-27,35.7,23.8,29.7,39.0,28.5,33.4,0.0,15.3,30.6,113,20.15,1001.7,loc_tiruchirappalli,10.7905,78.7047,ECMWF_ERA5_Reanalysis
2018-03-28,38.4,25.7,31.2,41.5,31.3,35.0,0.5,15.7,37.8,141,22.26,1000.5,loc_tiruchirappalli,10.7905,78.7047,ECMWF_ERA5_Reanalysis
2018-03-29,39.4,25.7,31.8,41.6,30.1,34.6,0.0,18.6,36.7,159,24.87,999.9,loc_tiruchirappalli,10.7905,78.7047,ECMWF_ERA5_Reanalysis
2018-03-30,39.8,25.8,31.6,41.8,30.6,35.0,0.0,21.2,42.5,152,24.03,999.4,loc_tiruchirappalli,10.7905,78.7047,ECMWF_ERA5_Reanalysis
2018-03-31,39.8,25.6,32.0,42.8,30.3,35.2,0.0,19.7,37.1,143,23.21,998.7,loc_tiruchirappalli,10.7905,78.7047,ECMWF_ERA5_Reanalysis
2018-04-01,38.3,26.4,31.5,40.4,32.0,34.7,0.0,20.9,45.4,131,21.75,998.8,loc_tiruchirappalli,10.7905,78.7047,ECMWF_ERA5_Reanalysis
2018-04-02,37.8,26.7,31.4,41.1,32.3,35.2,0.3,15.8,38.9,135,22.42,999.7,loc_tiruchirappalli,10.7905,78.7047,ECMWF_ERA5_Reanalysis
2018-04-03,37.7,26.6,31.3,41.6,31.9,35.3,3.8,18.6,38.2,116,21.88,999.5,loc_tiruchirappalli,10.7905,78.7047,ECMWF_ERA5_Reanalysis
2018-04-04,38.8,26.5,31.3,41.5,31.1,34.7,0.3,17.3,40.7,113,23.7,998.2,loc_tiruchirappalli,10.7905,78.7047,ECMWF_ERA5_Reanalysis
2018-04-05,38.0,25.5,31.0,40.4,30.6,34.2,0.0,15.5,32.0,123,23.03,997.8,loc_tiruchirappalli,10.7905,78.7047,ECMWF_ERA5_Reanalysis
2018-04-06,38.0,25.6,30.9,40.7,30.1,33.9,0.0,18.2,38.9,121,24.57,998.6,loc_tiruchirappalli,10.7905,78.7047,ECMWF_ERA5_Reanalysis
2018-04-07,38.7,26.3,31.2,40.6,31.2,34.5,0.8,20.8,44.6,106,23.49,999.5,loc_tiruchirappalli,10.7905,78.7047,ECMWF_ERA5_Reanalysis
2018-04-08,37.4,26.2,30.6,39.4,31.4,33.6,0.2,21.3,45.7,89,23.14,1000.3,loc_tiruchirappalli,10.7905,78.7047,ECMWF_ERA5_Reanalysis
2018-04-09,36.1,26.4,30.3,39.2,31.4,33.7,1.2,17.1,42.8,87,20.26,1000.6,loc_tiruchirappalli,10.7905,78.7047,ECMWF_ERA5_Reanalysis
2018-04-10,34.7,26.1,29.9,39.4,31.3,33.9,1.4,17.5,45.0,80,20.13,999.6,loc_tiruchirappalli,10.7905,78.7047,ECMWF_ERA5_Reanalysis
2018-04-11,36.8,26.0,30.7,40.6,31.8,34.7,0.6,20.2,41.4,91,21.06,999.5,loc_tiruchirappalli,10.7905,78.7047,ECMWF_ERA5_Reanalysis
2018-04-12,38.2,26.1,30.9,40.5,32.0,34.9,1.7,20.2,45.0,94,21.07,998.9,loc_tiruchirappalli,10.7905,78.7047,ECMWF_ERA5_Reanalysis
2018-04-13,35.4,26.0,29.8,40.7,29.9,34.4,8.0,18.1,43.2,123,20.81,999.7,loc_tiruchirappalli,10.7905,78.7047,ECMWF_ERA5_Reanalysis
2018-04-14,37.1,25.2,29.8,41.8,30.3,34.3,4.3,18.3,47.5,127,19.02,999.6,loc_tiruchirappalli,10.7905,78.7047,ECMWF_ERA5_Reanalysis
2018-04-15,35.4,25.5,30.1,40.2,30.8,34.4,2.1,15.1,36.7,128,20.3,999.8,loc_tiruchirappalli,10.7905,78.7047,ECMWF_ERA5_Reanalysis
2018-04-16,37.1,26.1,30.5,42.0,31.8,35.4,1.5,17.3,37.4,123,21.8,1000.2,loc_tiruchirappalli,10.7905,78.7047,ECMWF_ERA5_Reanalysis
2018-04-17,38.0,26.1,31.1,40.9,31.9,35.3,0.7,16.3,36.0,120,23.17,1000.9,loc_tiruchirappalli,10.7905,78.7047,ECMWF_ERA5_Reanalysis
2018-04-18,38.6,25.7,31.2,42.0,31.1,34.8,0.0,20.0,37.1,143,23.72,1000.5,loc_tiruchirappalli,10.7905,78.7047,ECMWF_ERA5_Reanalysis
2018-04-19,38.7,26.3,31.8,42.4,31.4,35.3,0.0,18.4,41.4,166,21.53,998.9,loc_tiruchirappalli,10.7905,78.7047,ECMWF_ERA5_Reanalysis
2018-04-20,40.0,27.1,32.6,43.6,31.6,36.1,0.3,19.1,42.8,163,23.05,998.3,loc_tiruchirappalli,10.7905,78.7047,ECMWF_ERA5_Reanalysis
2018-04-21,39.5,26.7,32.3,42.1,32.2,35.5,0.0,21.3,47.5,148,22.85,998.2,loc_tiruchirappalli,10.7905,78.7047,ECMWF_ERA5_Reanalysis
2018-04-22,39.6,26.6,32.6,41.7,31.4,35.5,0.6,17.9,46.1,157,23.67,998.8,loc_tiruchirappalli,10.7905,78.7047,ECMWF_ERA5_Reanalysis
2018-04-23,41.3,26.7,32.9,43.6,32.0,36.3,0.0,21.1,45.0,149,25.54,998.6,loc_tiruchirappalli,10.7905,78.7047,ECMWF_ERA5_Reanalysis
2018-04-24,40.6,26.4,32.6,42.8,31.3,35.7,0.1,21.8,43.9,149,25.82,998.8,loc_tiruchirappalli,10.7905,78.7047,ECMWF_ERA5_Reanalysis
2018-04-25,39.9,27.1,32.8,42.7,31.8,35.9,0.1,19.3,41.0,153,23.23,998.2,loc_tiruchirappalli,10.7905,78.7047,ECMWF_ERA5_Reanalysis
2018-04-26,40.4,27.4,32.8,43.5,32.8,36.3,0.2,19.2,41.8,147,24.02,997.5,loc_tiruchirappalli,10.7905,78.7047,ECMWF_ERA5_Reanalysis
2018-04-27,40.0,27.9,32.8,43.3,33.6,36.9,0.0,18.4,44.6,121,22.85,998.6,loc_tiruchirappalli,10.7905,78.7047,ECMWF_ERA5_Reanalysis
2018-04-28,37.2,26.8,31.6,40.8,32.4,35.5,2.4,18.1,43.6,127,21.53,999.7,loc_tiruchirappalli,10.7905,78.7047,ECMWF_ERA5_Reanalysis
2018-04-29,39.7,27.3,32.6,42.6,32.1,36.3,0.0,19.3,37.4,167,23.61,998.6,loc_tiruchirappalli,10.7905,78.7047,ECMWF_ERA5_Reanalysis
2018-04-30,41.0,27.8,33.5,45.1,32.3,36.9,0.0,21.3,42.5,174,23.82,997.1,loc_tiruchirappalli,10.7905,78.7047,ECMWF_ERA5_Reanalysis
2018-05-01,40.9,28.2,33.7,45.6,34.1,38.2,0.2,17.0,32.8,171,22.22,997.7,loc_tiruchirappalli,10.7905,78.7047,ECMWF_ERA5_Reanalysis
2018-05-02,40.9,28.4,33.6,45.7,31.8,37.7,0.2,19.7,44.3,175,22.32,997.6,loc_tiruchirappalli,10.7905,78.7047,ECMWF_ERA5_Reanalysis
2018-05-03,39.7,27.2,32.7,44.3,32.3,37.2,2.0,17.5,39.2,117,22.3,998.1,loc_tiruchirappalli,10.7905,78.7047,ECMWF_ERA5_Reanalysis
2018-05-04,36.9,25.4,30.8,41.8,30.9,35.6,2.8,15.0,33.5,129,19.51,999.1,loc_tiruchirappalli,10.7905,78.7047,ECMWF_ERA5_Reanalysis
2018-05-05,37.5,26.7,31.4,40.9,32.3,35.6,1.0,18.6,40.0,140,21.89,999.9,loc_tiruchirappalli,10.7905,78.7047,ECMWF_ERA5_Reanalysis
2018-05-06,38.5,27.3,32.0,42.1,32.7,35.8,0.4,15.5,36.7,162,22.94,1000.1,loc_tiruchirappalli,10.7905,78.7047,ECMWF_ERA5_Reanalysis
2018-05-07,38.8,28.1,32.0,43.7,32.7,36.1,1.8,20.6,42.8,180,20.44,999.0,loc_tiruchirappalli,10.7905,78.7047,ECMWF_ERA5_Reanalysis
2018-05-08,38.3,26.7,30.9,43.1,31.7,35.8,4.9,16.6,38.2,190,19.75,998.0,loc_tiruchirappalli,10.7905,78.7047,ECMWF_ERA5_Reanalysis
2018-05-09,35.6,26.9,30.5,40.1,30.8,34.4,4.9,15.5,34.6,163,18.01,998.4,loc_tiruchirappalli,10.7905,78.7047,ECMWF_ERA5_Reanalysis
2018-05-10,37.4,26.9,31.1,41.6,31.1,35.2,3.4,18.4,37.4,171,21.31,999.8,loc_tiruchirappalli,10.7905,78.7047,ECMWF_ERA5_Reanalysis
2018-05-11,39.0,26.8,31.9,42.3,31.3,35.6,1.1,16.0,38.5,170,23.27,998.8,loc_tiruchirappalli,10.7905,78.7047,ECMWF_ERA5_Reanalysis
2018-05-12,38.7,27.4,32.2,43.5,32.5,36.6,3.5,14.8,46.8,173,22.01,998.3,loc_tiruchirappalli,10.7905,78.7047,ECMWF_ERA5_Reanalysis
2018-05-13,38.2,27.6,31.7,42.8,33.1,36.2,0.7,19.8,45.7,155,21.73,998.1,loc_tiruchirappalli,10.7905,78.7047,ECMWF_ERA5_Reanalysis
2018-05-14,38.0,26.7,31.5,42.6,32.7,35.9,0.8,18.5,41.4,145,21.51,998.3,loc_tiruchirappalli,10.7905,78.7047,ECMWF_ERA5_Reanalysis
2018-05-15,38.4,26.3,31.3,41.7,32.1,35.6,2.1,20.9,41.4,138,21.11,997.7,loc_tiruchirappalli,10.7905,78.7047,ECMWF_ERA5_Reanalysis
2018-05-16,37.3,24.9,31.0,41.6,30.1,35.3,4.2,12.8,30.6,166,20.01,996.9,loc_tiruchirappalli,10.7905,78.7047,ECMWF_ERA5_Reanalysis
2018-05-17,36.3,27.0,30.6,39.6,31.9,34.6,1.0,16.2,40.0,171,16.97,997.2,loc_tiruchirappalli,10.7905,78.7047,ECMWF_ERA5_Reanalysis
2018-05-18,37.4,27.1,31.3,42.0,31.6,35.5,2.7,13.5,28.8,186,20.15,996.8,loc_tiruchirappalli,10.7905,78.7047,ECMWF_ERA5_Reanalysis
2018-05-19,39.9,27.2,32.6,44.5,32.8,36.7,0.1,15.4,31.7,190,22.48,995.9,loc_tiruchirappalli,10.7905,78.7047,ECMWF_ERA5_Reanalysis
2018-05-20,40.9,28.0,33.5,44.4,32.7,37.1,0.7,15.8,35.6,234,22.96,995.7,loc_tiruchirappalli,10.7905,78.7047,ECMWF_ERA5_Reanalysis
2018-05-21,38.6,28.1,32.4,42.2,32.0,35.8,3.8,14.8,33.5,263,19.19,996.2,loc_tiruchirappalli,10.7905,78.7047,ECMWF_ERA5_Reanalysis
2018-05-22,39.1,27.9,32.6,43.9,31.8,36.2,2.7,14.6,41.0,211,20.67,996.1,loc_tiruchirappalli,10.7905,78.7047,ECMWF_ERA5_Reanalysis
2018-05-23,37.6,25.4,30.4,43.4,30.9,35.9,23.3,13.0,31.0,89,19.02,996.1,loc_tiruchirappalli,10.7905,78.7047,ECMWF_ERA5_Reanalysis
2018-05-24,36.2,25.2,29.6,43.0,30.7,34.7,1.9,13.0,25.9,234,21.67,995.3,loc_tiruchirappalli,10.7905,78.7047,ECMWF_ERA5_Reanalysis
2018-05-25,34.8,25.7,28.8,39.8,31.3,34.2,18.4,12.5,27.4,255,15.45,995.0,loc_tiruchirappalli,10.7905,78.7047,ECMWF_ERA5_Reanalysis
2018-05-26,34.8,25.3,29.4,41.4,30.1,34.2,4.4,14.0,33.1,177,19.23,994.8,loc_tiruchirappalli,10.7905,78.7047,ECMWF_ERA5_Reanalysis
2018-05-27,36.0,25.8,30.6,41.0,31.2,35.1,0.4,14.0,31.7,170,21.7,994.5,loc_tiruchirappalli,10.7905,78.7047,ECMWF_ERA5_Reanalysis
2018-05-28,37.2,26.6,31.6,41.8,30.8,35.1,0.0,19.1,41.8,205,19.81,993.5,loc_tiruchirappalli,10.7905,78.7047,ECMWF_ERA5_Reanalysis
2018-05-29,38.1,25.4,31.6,40.7,28.6,33.5,2.6,25.6,52.6,270,22.82,993.5,loc_tiruchirappalli,10.7905,78.7047,ECMWF_ERA5_Reanalysis
2018-05-30,37.2,27.7,31.7,40.1,29.2,33.8,0.0,27.0,51.5,279,21.93,993.7,loc_tiruchirappalli,10.7905,78.7047,ECMWF_ERA5_Reanalysis
2018-05-31,39.8,27.6,32.8,43.4,30.9,35.8,0.1,17.0,35.6,269,22.35,994.9,loc_tiruchirappalli,10.7905,78.7047,ECMWF_ERA5_Reanalysis
2018-06-01,39.9,27.9,32.9,44.3,31.1,36.5,0.2,14.3,32.0,228,23.46,995.7,loc_tiruchirappalli,10.7905,78.7047,ECMWF_ERA5_Reanalysis
2018-06-02,37.5,28.4,31.8,41.2,32.2,35.6,2.9,20.9,46.1,263,18.88,996.2,loc_tiruchirappalli,10.7905,78.7047,ECMWF_ERA5_Reanalysis
2018-06-03,37.4,28.1,31.1,41.4,31.4,34.8,7.2,17.4,36.7,266,15.84,995.9,loc_tiruchirappalli,10.7905,78.7047,ECMWF_ERA5_Reanalysis
2018-06-04,37.1,27.3,31.5,40.8,30.2,34.8,1.4,17.0,43.2,268,18.66,994.9,loc_tiruchirappalli,10.7905,78.7047,ECMWF_ERA5_Reanalysis
2018-06-05,36.4,27.5,31.1,39.3,30.8,34.2,0.4,17.1,38.5,261,18.24,995.3,loc_tiruchirappalli,10.7905,78.7047,ECMWF_ERA5_Reanalysis
2018-06-06,37.5,27.2,31.6,41.9,30.9,35.0,1.7,18.4,47.5,252,21.48,997.1,loc_tiruchirappalli,10.7905,78.7047,ECMWF_ERA5_Reanalysis
2018-06-07,36.4,27.6,31.5,37.7,30.3,33.4,0.2,24.9,59.8,274,19.31,996.6,loc_tiruchirappalli,10.7905,78.7047,ECMWF_ERA5_Reanalysis
2018-06-08,36.8,27.4,31.9,36.2,30.7,33.0,0.0,33.8,74.5,259,21.72,995.3,loc_tiruchirappalli,10.7905,78.7047,ECMWF_ERA5_Reanalysis
2018-06-09,36.2,28.6,31.7,35.2,30.2,32.4,0.5,39.0,89.3,261,20.55,994.5,loc_tiruchirappalli,10.7905,78.7047,ECMWF_ERA5_Reanalysis
2018-06-10,36.5,28.7,32.0,36.1,30.0,32.5,0.1,36.5,79.2,271,22.9,995.5,loc_tiruchirappalli,10.7905,78.7047,ECMWF_ERA5_Reanalysis
2018-06-11,37.3,28.3,31.8,37.6,29.4,33.0,0.7,32.4,70.2,264,20.66,996.3,loc_tiruchirappalli,10.7905,78.7047,ECMWF_ERA5_Reanalysis
2018-06-12,37.4,28.5,32.0,37.7,30.1,33.4,0.3,27.4,64.4,266,19.18,996.3,loc_tiruchirappalli,10.7905,78.7047,ECMWF_ERA5_Reanalysis
2018-06-13,38.0,27.4,32.0,38.1,29.9,33.3,0.0,28.4,60.5,272,20.51,996.6,loc_tiruchirappalli,10.7905,78.7047,ECMWF_ERA5_Reanalysis
2018-06-14,33.2,27.5,29.5,34.4,29.3,31.5,0.4,22.0,45.0,274,8.8,997.5,loc_tiruchirappalli,10.7905,78.7047,ECMWF_ERA5_Reanalysis
2018-06-15,37.7,27.3,31.5,39.4,29.5,33.5,0.5,21.7,54.0,269,19.82,997.5,loc_tiruchirappalli,10.7905,78.7047,ECMWF_ERA5_Reanalysis
2018-06-16,37.8,27.1,31.4,40.2,29.3,33.6,0.1,22.3,50.4,263,21.22,998.5,loc_tiruchirappalli,10.7905,78.7047,ECMWF_ERA5_Reanalysis
2018-06-17,38.5,27.3,32.3,39.6,29.9,33.3,0.0,30.1,63.7,276,23.61,998.1,loc_tiruchirappalli,10.7905,78.7047,ECMWF_ERA5_Reanalysis
2018-06-18,38.2,27.5,31.8,40.8,29.5,33.2,0.7,19.4,51.1,268,18.14,997.7,loc_tiruchirappalli,10.7905,78.7047,ECMWF_ERA5_Reanalysis
2018-06-19,38.1,26.7,31.7,41.0,29.4,33.7,0.4,25.2,47.2,260,21.3,997.1,loc_tiruchirappalli,10.7905,78.7047,ECMWF_ERA5_Reanalysis
2018-06-20,38.0,26.7,31.6,40.8,30.4,34.1,0.7,24.0,45.0,258,20.26,996.8,loc_tiruchirappalli,10.7905,78.7047,ECMWF_ERA5_Reanalysis
2018-06-21,36.4,27.4,30.8,37.1,30.1,32.4,0.9,31.7,64.1,269,16.03,996.5,loc_tiruchirappalli,10.7905,78.7047,ECMWF_ERA5_Reanalysis
2018-06-22,37.6,27.3,31.2,39.1,29.4,32.7,0.9,22.2,53.6,267,19.79,996.3,loc_tiruchirappalli,10.7905,78.7047,ECMWF_ERA5_Reanalysis
2018-06-23,36.3,27.3,30.9,37.1,29.3,32.3,0.1,21.3,50.0,267,17.46,996.4,loc_tiruchirappalli,10.7905,78.7047,ECMWF_ERA5_Reanalysis
2018-06-24,38.4,27.0,31.8,38.8,29.1,33.1,0.6,22.5,53.6,275,20.89,996.8,loc_tiruchirappalli,10.7905,78.7047,ECMWF_ERA5_Reanalysis
2018-06-25,37.9,27.4,31.8,39.3,29.5,33.0,0.1,26.4,55.8,275,20.94,996.5,loc_tiruchirappalli,10.7905,78.7047,ECMWF_ERA5_Reanalysis
2018-06-26,37.5,27.0,31.6,38.0,28.4,32.1,0.0,30.7,63.7,277,22.31,995.7,loc_tiruchirappalli,10.7905,78.7047,ECMWF_ERA5_Reanalysis
2018-06-27,36.3,27.4,31.3,35.8,28.2,31.6,0.3,32.2,66.6,277,18.97,995.1,loc_tiruchirappalli,10.7905,78.7047,ECMWF_ERA5_Reanalysis
2018-06-28,36.9,27.3,31.4,36.6,28.3,31.9,0.2,28.2,60.5,280,20.38,995.8,loc_tiruchirappalli,10.7905,78.7047,ECMWF_ERA5_Reanalysis
2018-06-29,37.8,27.0,31.3,40.7,29.2,33.5,2.6,18.5,48.2,272,20.96,996.2,loc_tiruchirappalli,10.7905,78.7047,ECMWF_ERA5_Reanalysis
2018-06-30,37.4,25.9,30.0,41.2,29.0,33.2,5.7,17.7,32.0,279,18.16,997.0,loc_tiruchirappalli,10.7905,78.7047,ECMWF_ERA5_Reanalysis
2018-07-01,35.1,25.6,28.9,40.2,29.8,33.3,3.6,12.6,28.4,260,20.02,997.4,loc_tiruchirappalli,10.7905,78.7047,ECMWF_ERA5_Reanalysis
2018-07-02,35.6,25.1,29.2,40.3,29.2,33.3,3.4,16.9,37.1,251,20.45,997.3,loc_tiruchirappalli,10.7905,78.7047,ECMWF_ERA5_Reanalysis
2018-07-03,36.0,25.4,30.0,39.6,28.4,33.1,0.2,19.7,39.6,256,21.81,997.6,loc_tiruchirappalli,10.7905,78.7047,ECMWF_ERA5_Reanalysis
2018-07-04,37.3,26.2,31.3,39.6,28.7,33.5,0.0,18.3,38.5,276,22.18,998.1,loc_tiruchirappalli,10.7905,78.7047,ECMWF_ERA5_Reanalysis
2018-07-05,37.0,26.5,31.7,40.2,28.6,33.4,0.1,22.7,41.4,273,22.56,997.8,loc_tiruchirappalli,10.7905,78.7047,ECMWF_ERA5_Reanalysis
2018-07-06,37.4,26.8,31.6,37.2,28.2,32.4,0.0,26.0,55.8,275,22.44,996.7,loc_tiruchirappalli,10.7905,78.7047,ECMWF_ERA5_Reanalysis
2018-07-07,34.7,27.1,30.4,33.6,27.3,30.6,0.0,28.1,60.8,276,13.33,995.8,loc_tiruchirappalli,10.7905,78.7047,ECMWF_ERA5_Reanalysis
2018-07-08,36.5,27.1,31.1,36.9,28.3,32.0,0.0,27.8,58.0,277,21.06,995.2,loc_tiruchirappalli,10.7905,78.7047,ECMWF_ERA5_Reanalysis
2018-07-09,35.9,27.2,30.7,35.7,28.7,31.5,0.6,30.4,64.1,270,18.19,995.4,loc_tiruchirappalli,10.7905,78.7047,ECMWF_ERA5_Reanalysis
2018-07-10,36.4,28.0,31.4,36.4,29.2,32.1,0.1,30.3,62.3,272,19.45,996.5,loc_tiruchirappalli,10.7905,78.7047,ECMWF_ERA5_Reanalysis
2018-07-11,34.1,27.3,30.3,34.1,28.4,30.9,0.0,28.7,57.6,276,13.06,997.1,loc_tiruchirappalli,10.7905,78.7047,ECMWF_ERA5_Reanalysis
2018-07-12,36.1,27.0,30.9,35.1,27.3,30.8,0.0,35.1,72.7,276,21.69,996.1,loc_tiruchirappalli,10.7905,78.7047,ECMWF_ERA5_Reanalysis
2018-07-13,35.4,27.3,30.8,34.6,27.9,30.8,0.0,32.4,68.4,275,16.53,995.7,loc_tiruchirappalli,10.7905,78.7047,ECMWF_ERA5_Reanalysis
2018-07-14,35.1,27.1,30.7,35.9,28.0,31.4,0.7,29.5,58.0,273,17.66,995.1,loc_tiruchirappalli,10.7905,78.7047,ECMWF_ERA5_Reanalysis
2018-07-15,34.7,27.6,30.7,35.2,28.6,31.6,1.1,27.4,57.2,270,17.31,995.0,loc_tiruchirappalli,10.7905,78.7047,ECMWF_ERA5_Reanalysis
2018-07-16,35.3,26.9,30.1,34.8,28.4,30.9,3.1,33.5,71.3,271,13.66,995.6,loc_tiruchirappalli,10.7905,78.7047,ECMWF_ERA5_Reanalysis
2018-07-17,35.3,27.4,30.4,35.2,27.9,30.7,0.3,32.1,63.4,273,16.25,996.0,loc_tiruchirappalli,10.7905,78.7047,ECMWF_ERA5_Reanalysis
2018-07-18,35.0,26.9,30.2,34.2,28.1,30.7,1.1,32.8,65.5,272,20.08,996.3,loc_tiruchirappalli,10.7905,78.7047,ECMWF_ERA5_Reanalysis
2018-07-19,32.7,26.3,29.2,33.8,27.6,30.2,1.2,25.7,67.7,277,9.1,996.5,loc_tiruchirappalli,10.7905,78.7047,ECMWF_ERA5_Reanalysis
2018-07-20,35.9,26.5,30.5,35.1,27.5,30.7,0.1,34.4,71.6,274,20.69,996.6,loc_tiruchirappalli,10.7905,78.7047,ECMWF_ERA5_Reanalysis
2018-07-21,36.0,27.4,30.8,35.2,28.0,31.0,0.0,32.9,69.1,274,19.81,997.5,loc_tiruchirappalli,10.7905,78.7047,ECMWF_ERA5_Reanalysis
2018-07-22,37.7,26.7,31.2,39.2,27.7,31.9,0.1,25.5,51.5,274,21.32,997.2,loc_tiruchirappalli,10.7905,78.7047,ECMWF_ERA5_Reanalysis
2018-07-23,37.9,26.5,31.4,39.9,27.9,32.6,0.1,25.3,51.8,276,22.81,996.6,loc_tiruchirappalli,10.7905,78.7047,ECMWF_ERA5_Reanalysis
2018-07-24,37.4,26.8,31.1,39.5,28.6,32.6,1.0,25.6,52.6,279,20.75,997.9,loc_tiruchirappalli,10.7905,78.7047,ECMWF_ERA5_Reanalysis
2018-07-25,37.8,27.1,31.6,38.9,28.7,32.9,0.3,26.1,52.9,273,21.07,997.9,loc_tiruchirappalli,10.7905,78.7047,ECMWF_ERA5_Reanalysis
2018-07-26,38.0,27.0,31.5,39.4,29.1,33.0,0.0,24.5,49.3,277,20.29,998.3,loc_tiruchirappalli,10.7905,78.7047,ECMWF_ERA5_Reanalysis
2018-07-27,38.3,26.8,31.7,38.7,28.7,32.7,0.0,27.7,58.7,277,22.31,998.0,loc_tiruchirappalli,10.7905,78.7047,ECMWF_ERA5_Reanalysis
2018-07-28,37.1,27.1,31.6,39.1,28.9,33.2,0.4,22.0,48.2,273,21.57,997.4,loc_tiruchirappalli,10.7905,78.7047,ECMWF_ERA5_Reanalysis
2018-07-29,37.9,26.0,31.4,39.6,28.6,33.1,1.1,25.6,55.4,274,21.09,996.5,loc_tiruchirappalli,10.7905,78.7047,ECMWF_ERA5_Reanalysis
2018-07-30,37.7,26.1,31.5,39.5,29.1,33.5,2.3,21.0,45.4,270,20.22,996.5,loc_tiruchirappalli,10.7905,78.7047,ECMWF_ERA5_Reanalysis
2018-07-31,37.1,27.5,31.2,37.6,29.2,32.3,0.1,26.2,54.7,272,18.32,997.5,loc_tiruchirappalli,10.7905,78.7047,ECMWF_ERA5_Reanalysis
2018-08-01,38.0,27.2,31.7,39.0,28.1,32.4,0.0,28.1,59.0,276,22.6,998.1,loc_tiruchirappalli,10.7905,78.7047,ECMWF_ERA5_Reanalysis
2018-08-02,39.2,26.9,32.0,41.7,28.9,33.8,0.1,22.3,51.5,260,22.65,998.7,loc_tiruchirappalli,10.7905,78.7047,ECMWF_ERA5_Reanalysis
2018-08-03,36.6,27.1,31.5,38.2,29.0,32.9,0.0,19.3,42.1,278,19.94,999.3,loc_tiruchirappalli,10.7905,78.7047,ECMWF_ERA5_Reanalysis
2018-08-04,37.5,27.4,31.5,39.1,28.9,32.5,0.2,24.8,48.2,276,17.5,998.8,loc_tiruchirappalli,10.7905,78.7047,ECMWF_ERA5_Reanalysis
2018-08-05,38.0,27.2,31.8,38.9,28.5,32.5,0.0,21.6,46.8,277,20.52,998.7,loc_tiruchirappalli,10.7905,78.7047,ECMWF_ERA5_Reanalysis
2018-08-06,37.6,26.7,31.4,37.6,27.1,31.4,0.0,30.3,64.4,276,23.95,997.5,loc_tiruchirappalli,10.7905,78.7047,ECMWF_ERA5_Reanalysis
2018-08-07,37.6,26.5,30.6,37.3,27.1,30.8,0.0,29.9,60.8,276,20.84,996.5,loc_tiruchirappalli,10.7905,78.7047,ECMWF_ERA5_Reanalysis
2018-08-08,36.6,26.8,30.8,36.5,27.2,31.2,0.1,29.5,64.8,275,22.58,996.2,loc_tiruchirappalli,10.7905,78.7047,ECMWF_ERA5_Reanalysis
2018-08-09,36.9,26.3,30.9,38.6,27.6,31.9,0.5,27.4,56.9,277,21.99,998.0,loc_tiruchirappalli,10.7905,78.7047,ECMWF_ERA5_Reanalysis
2018-08-10,36.6,26.5,30.4,38.9,28.1,31.7,0.4,24.1,47.9,279,16.86,999.2,loc_tiruchirappalli,10.7905,78.7047,ECMWF_ERA5_Reanalysis
2018-08-11,34.4,26.8,29.7,34.4,27.5,30.3,0.0,24.5,49.3,273,11.61,998.1,loc_tiruchirappalli,10.7905,78.7047,ECMWF_ERA5_Reanalysis
2018-08-12,32.5,26.4,29.2,32.7,27.3,30.0,0.0,27.4,54.4,273,9.46,997.0,loc_tiruchirappalli,10.7905,78.7047,ECMWF_ERA5_Reanalysis
2018-08-13,37.1,26.8,30.9,35.8,27.1,30.8,0.0,34.0,69.1,276,21.78,996.7,loc_tiruchirappalli,10.7905,78.7047,ECMWF_ERA5_Reanalysis
2018-08-14,36.9,24.9,29.7,36.8,27.2,30.5,8.6,33.9,77.4,271,19.06,996.2,loc_tiruchirappalli,10.7905,78.7047,ECMWF_ERA5_Reanalysis
2018-08-15,33.0,25.2,29.0,33.5,27.2,30.1,3.8,30.9,67.7,267,13.31,995.9,loc_tiruchirappalli,10.7905,78.7047,ECMWF_ERA5_Reanalysis
2018-08-16,30.9,23.9,26.4,31.6,23.7,27.3,15.1,33.9,63.4,267,10.35,996.3,loc_tiruchirappalli,10.7905,78.7047,ECMWF_ERA5_Reanalysis
2018-08-17,33.4,26.1,29.1,34.4,26.9,30.0,1.3,27.4,55.4,270,15.28,995.5,loc_tiruchirappalli,10.7905,78.7047,ECMWF_ERA5_Reanalysis
2018-08-18,33.7,26.1,29.2,34.8,27.7,30.0,0.0,28.6,59.0,272,15.27,995.6,loc_tiruchirappalli,10.7905,78.7047,ECMWF_ERA5_Reanalysis
2018-08-19,34.5,26.0,29.7,36.1,27.2,30.6,0.1,25.2,52.9,271,19.01,995.7,loc_tiruchirappalli,10.7905,78.7047,ECMWF_ERA5_Reanalysis
2018-08-20,35.5,26.4,29.8,35.5,27.0,30.0,0.0,31.1,62.6,276,21.05,996.8,loc_tiruchirappalli,10.7905,78.7047,ECMWF_ERA5_Reanalysis
2018-08-21,36.7,25.7,30.6,37.4,26.7,30.9,0.0,30.3,62.3,276,25.37,997.6,loc_tiruchirappalli,10.7905,78.7047,ECMWF_ERA5_Reanalysis
2018-08-22,37.6,25.5,31.0,40.2,27.1,32.5,0.1,22.3,42.1,278,23.44,997.8,loc_tiruchirappalli,10.7905,78.7047,ECMWF_ERA5_Reanalysis
2018-08-23,37.7,26.7,31.5,39.3,28.9,33.2,0.1,20.9,45.7,281,21.84,998.2,loc_tiruchirappalli,10.7905,78.7047,ECMWF_ERA5_Reanalysis
2018-08-24,34.8,25.3,30.2,35.6,28.5,32.3,2.6,15.6,38.5,282,12.16,998.2,loc_tiruchirappalli,10.7905,78.7047,ECMWF_ERA5_Reanalysis
2018-08-25,37.3,26.3,30.7,39.1,28.6,32.9,2.4,19.1,39.6,269,20.09,997.4,loc_tiruchirappalli,10.7905,78.7047,ECMWF_ERA5_Reanalysis
2018-08-26,37.3,25.3,31.0,39.0,28.2,32.8,0.5,18.8,47.5,280,21.06,996.5,loc_tiruchirappalli,10.7905,78.7047,ECMWF_ERA5_Reanalysis
2018-08-27,37.3,26.2,30.7,40.5,28.4,32.6,0.3,20.9,42.8,277,20.94,997.0,loc_tiruchirappalli,10.7905,78.7047,ECMWF_ERA5_Reanalysis
2018-08-28,37.7,26.2,30.8,41.6,28.0,32.5,0.0,22.4,44.3,270,20.05,997.4,loc_tiruchirappalli,10.7905,78.7047,ECMWF_ERA5_Reanalysis
2018-08-29,38.1,25.7,31.0,41.5,28.1,33.2,1.3,18.6,41.8,270,23.03,998.2,loc_tiruchirappalli,10.7905,78.7047,ECMWF_ERA5_Reanalysis
2018-08-30,38.2,26.3,31.6,40.0,28.7,33.5,0.8,18.2,46.1,286,22.08,997.4,loc_tiruchirappalli,10.7905,78.7047,ECMWF_ERA5_Reanalysis
2018-08-31,35.4,26.2,30.3,37.0,28.9,32.7,0.1,16.4,41.4,278,17.27,998.4,loc_tiruchirappalli,10.7905,78.7047,ECMWF_ERA5_Reanalysis
2018-09-01,36.4,26.5,31.1,38.3,29.0,33.2,0.0,16.0,36.0,272,19.22,998.9,loc_tiruchirappalli,10.7905,78.7047,ECMWF_ERA5_Reanalysis
2018-09-02,38.0,26.5,31.3,41.3,29.1,33.9,0.2,14.4,32.8,272,21.0,999.0,loc_tiruchirappalli,10.7905,78.7047,ECMWF_ERA5_Reanalysis
2018-09-03,38.0,26.4,31.3,41.3,29.3,33.8,0.1,20.1,42.8,260,21.68,998.9,loc_tiruchirappalli,10.7905,78.7047,ECMWF_ERA5_Reanalysis
2018-09-04,38.8,26.6,31.8,41.7,28.5,34.6,0.1,14.8,33.1,252,23.31,999.2,loc_tiruchirappalli,10.7905,78.7047,ECMWF_ERA5_Reanalysis
2018-09-05,39.0,25.8,32.0,41.1,27.3,33.4,0.0,18.6,38.9,274,24.8,998.6,loc_tiruchirappalli,10.7905,78.7047,ECMWF_ERA5_Reanalysis
2018-09-06,38.8,25.8,31.7,38.8,27.4,32.2,0.0,21.6,45.7,273,25.06,997.4,loc_tiruchirappalli,10.7905,78.7047,ECMWF_ERA5_Reanalysis
2018-09-07,38.9,26.1,31.7,39.7,26.5,31.7,0.0,22.9,46.1,276,26.02,998.0,loc_tiruchirappalli,10.7905,78.7047,ECMWF_ERA5_Reanalysis
2018-09-08,39.0,26.3,32.0,40.6,27.6,33.4,0.0,18.2,40.0,280,24.76,998.1,loc_tiruchirappalli,10.7905,78.7047,ECMWF_ERA5_Reanalysis
2018-09-09,37.5,27.6,31.9,41.6,29.7,34.8,0.2,13.4,40.0,207,20.94,998.8,loc_tiruchirappalli,10.7905,78.7047,ECMWF_ERA5_Reanalysis
2018-09-10,37.8,25.1,30.4,42.8,30.6,34.4,16.2,18.7,40.0,96,20.44,1000.9,loc_tiruchirappalli,10.7905,78.7047,ECMWF_ERA5_Reanalysis
2018-09-11,37.4,24.5,30.7,41.2,29.3,34.5,0.2,12.1,27.4,170,24.08,1001.3,loc_tiruchirappalli,10.7905,78.7047,ECMWF_ERA5_Reanalysis
2018-09-12,38.7,26.5,32.0,43.6,30.1,35.7,0.2,15.5,30.2,152,23.05,999.8,loc_tiruchirappalli,10.7905,78.7047,ECMWF_ERA5_Reanalysis
2018-09-13,38.3,26.2,30.0,43.4,31.5,34.7,8.5,12.8,35.6,167,20.39,998.9,loc_tiruchirappalli,10.7905,78.7047,ECMWF_ERA5_Reanalysis
2018-09-14,37.4,25.4,29.9,42.1,30.7,34.5,8.0,13.8,30.6,174,20.7,999.3,loc_tiruchirappalli,10.7905,78.7047,ECMWF_ERA5_Reanalysis
2018-09-15,38.4,24.7,31.3,42.3,28.1,34.6,2.3,15.5,33.8,258,23.04,999.2,loc_tiruchirappalli,10.7905,78.7047,ECMWF_ERA5_Reanalysis
2018-09-16,37.9,26.9,31.3,41.3,29.3,33.6,0.1,20.2,41.0,269,20.93,998.2,loc_tiruchirappalli,10.7905,78.7047,ECMWF_ERA5_Reanalysis
2018-09-17,36.0,26.0,30.2,38.2,28.9,32.2,1.3,18.4,36.0,280,12.9,997.6,loc_tiruchirappalli,10.7905,78.7047,ECMWF_ERA5_Reanalysis
2018-09-18,36.5,26.2,30.9,37.0,28.4,32.1,0.0,18.9,39.2,280,17.86,997.5,loc_tiruchirappalli,10.7905,78.7047,ECMWF_ERA5_Reanalysis
2018-09-19,36.9,26.4,30.7,37.9,27.4,32.2,0.0,21.2,42.1,282,18.75,997.3,loc_tiruchirappalli,10.7905,78.7047,ECMWF_ERA5_Reanalysis
2018-09-20,37.7,26.1,30.7,39.7,27.3,32.2,0.9,22.0,45.0,264,22.08,995.4,loc_tiruchirappalli,10.7905,78.7047,ECMWF_ERA5_Reanalysis
2018-09-21,39.1,25.4,31.2,38.6,25.2,31.8,0.0,19.9,41.4,268,21.43,996.2,loc_tiruchirappalli,10.7905,78.7047,ECMWF_ERA5_Reanalysis
2018-09-22,39.0,26.1,31.4,42.0,26.4,33.5,1.1,17.6,38.5,292,22.27,998.9,loc_tiruchirappalli,10.7905,78.7047,ECMWF_ERA5_Reanalysis
2018-09-23,38.1,24.5,29.7,42.4,29.3,34.3,26.0,17.3,36.4,89,21.14,1001.1,loc_tiruchirappalli,10.7905,78.7047,ECMWF_ERA5_Reanalysis
2018-09-24,33.0,24.0,28.5,39.3,28.1,32.9,1.5,16.6,32.4,271,21.29,1001.5,loc_tiruchirappalli,10.7905,78.7047,ECMWF_ERA5_Reanalysis
2018-09-25,35.0,25.0,29.3,41.7,30.2,34.3,4.0,10.7,26.3,283,22.18,1000.1,loc_tiruchirappalli,10.7905,78.7047,ECMWF_ERA5_Reanalysis
2018-09-26,34.3,24.2,29.0,40.4,28.8,33.8,1.9,15.9,31.3,92,23.07,998.9,loc_tiruchirappalli,10.7905,78.7047,ECMWF_ERA5_Reanalysis
2018-09-27,34.4,24.4,28.5,40.8,29.7,33.7,16.4,14.1,30.6,100,22.08,999.0,loc_tiruchirappalli,10.7905,78.7047,ECMWF_ERA5_Reanalysis
2018-09-28,32.2,23.7,27.0,38.0,28.5,32.2,30.9,11.8,25.6,75,16.13,999.4,loc_tiruchirappalli,10.7905,78.7047,ECMWF_ERA5_Reanalysis
2018-09-29,32.3,23.6,27.4,39.3,28.4,32.9,14.5,13.9,28.1,115,19.46,999.8,loc_tiruchirappalli,10.7905,78.7047,ECMWF_ERA5_Reanalysis
2018-09-30,32.6,24.0,27.8,39.5,29.4,33.7,7.8,11.2,30.2,81,18.69,999.4,loc_tiruchirappalli,10.7905,78.7047,ECMWF_ERA5_Reanalysis
2018-10-01,31.4,24.0,27.4,38.2,28.6,32.9,7.6,16.5,34.9,83,17.81,999.7,loc_tiruchirappalli,10.7905,78.7047,ECMWF_ERA5_Reanalysis
2018-10-02,31.7,25.1,27.0,36.7,30.5,32.7,5.8,12.8,38.9,97,14.85,1000.4,loc_tiruchirappalli,10.7905,78.7047,ECMWF_ERA5_Reanalysis
2018-10-03,31.6,24.4,26.5,37.2,30.0,31.9,15.1,17.3,34.9,69,15.17,999.9,loc_tiruchirappalli,10.7905,78.7047,ECMWF_ERA5_Reanalysis
2018-10-04,28.9,23.8,25.2,33.3,28.6,30.1,36.3,13.0,30.6,53,8.97,1000.0,loc_tiruchirappalli,10.7905,78.7047,ECMWF_ERA5_Reanalysis
2018-10-05,27.8,23.5,25.4,32.9,28.2,30.2,20.3,12.6,32.8,67,8.09,1000.2,loc_tiruchirappalli,10.7905,78.7047,ECMWF_ERA5_Reanalysis
2018-10-06,29.3,23.6,25.7,35.7,27.9,30.7,28.9,15.9,34.2,76,10.84,1000.2,loc_tiruchirappalli,10.7905,78.7047,ECMWF_ERA5_Reanalysis
2018-10-07,31.8,23.9,27.1,39.2,29.0,32.4,8.1,11.5,26.6,75,19.07,999.7,loc_tiruchirappalli,10.7905,78.7047,ECMWF_ERA5_Reanalysis
2018-10-08,29.7,23.8,26.5,36.5,29.0,32.2,16.7,9.2,22.0,339,13.75,999.5,loc_tiruchirappalli,10.7905,78.7047,ECMWF_ERA5_Reanalysis
2018-10-09,33.1,23.8,27.6,38.0,27.3,32.0,4.0,12.8,31.7,274,19.17,998.6,loc_tiruchirappalli,10.7905,78.7047,ECMWF_ERA5_Reanalysis
2018-10-10,32.8,24.7,28.3,37.7,28.6,32.8,0.0,12.6,28.8,260,21.18,997.8,loc_tiruchirappalli,10.7905,78.7047,ECMWF_ERA5_Reanalysis
2018-10-11,34.9,23.2,28.6,39.2,27.5,32.6,0.0,17.1,33.5,239,23.0,997.9,loc_tiruchirappalli,10.7905,78.7047,ECMWF_ERA5_Reanalysis
2018-10-12,33.8,24.7,28.9,40.0,29.6,33.9,0.1,15.2,27.0,198,21.51,999.2,loc_tiruchirappalli,10.7905,78.7047,ECMWF_ERA5_Reanalysis
2018-10-13,33.4,25.7,29.1,38.4,30.5,33.5,0.0,12.0,25.2,187,21.57,1001.0,loc_tiruchirappalli,10.7905,78.7047,ECMWF_ERA5_Reanalysis
2018-10-14,33.3,24.9,28.1,39.2,29.8,33.4,4.6,15.0,32.0,202,19.07,1002.1,loc_tiruchirappalli,10.7905,78.7047,ECMWF_ERA5_Reanalysis
2018-10-15,32.0,24.2,27.7,37.8,29.6,33.2,5.5,7.9,16.2,144,17.56,1002.2,loc_tiruchirappalli,10.7905,78.7047,ECMWF_ERA5_Reanalysis
2018-10-16,30.2,23.4,26.6,35.6,28.4,31.8,17.1,11.1,29.5,148,15.76,1003.0,loc_tiruchirappalli,10.7905,78.7047,ECMWF_ERA5_Reanalysis
2018-10-17,32.0,23.4,26.6,37.6,27.5,31.7,3.9,13.0,27.4,238,18.99,1002.5,loc_tiruchirappalli,10.7905,78.7047,ECMWF_ERA5_Reanalysis
2018-10-18,31.2,22.8,27.0,36.7,27.1,31.8,4.2,10.2,20.2,50,18.06,1001.8,loc_tiruchirappalli,10.7905,78.7047,ECMWF_ERA5_Reanalysis
2018-10-19,31.0,22.7,26.2,38.9,27.1,31.6,9.4,15.8,32.4,56,18.14,1001.9,loc_tiruchirappalli,10.7905,78.7047,ECMWF_ERA5_Reanalysis
2018-10-20,30.1,23.5,26.3,34.8,28.4,31.2,4.5,10.5,24.8,70,16.16,1002.7,loc_tiruchirappalli,10.7905,78.7047,ECMWF_ERA5_Reanalysis
2018-10-21,30.1,23.7,26.1,34.9,28.2,30.7,7.1,15.1,32.4,29,14.81,1002.8,loc_tiruchirappalli,10.7905,78.7047,ECMWF_ERA5_Reanalysis
2018-10-22,29.3,23.7,26.3,33.4,28.6,30.9,7.1,15.0,31.0,49,13.74,1002.8,loc_tiruchirappalli,10.7905,78.7047,ECMWF_ERA5_Reanalysis
2018-10-23,31.2,21.8,26.6,35.3,25.2,30.4,0.0,10.1,24.1,33,20.04,1002.7,loc_tiruchirappalli,10.7905,78.7047,ECMWF_ERA5_Reanalysis
2018-10-24,30.3,22.2,26.0,34.8,25.4,30.1,1.6,11.2,31.0,55,15.69,1002.3,loc_tiruchirappalli,10.7905,78.7047,ECMWF_ERA5_Reanalysis
2018-10-25,31.6,23.1,27.0,34.2,27.5,30.5,0.0,16.3,33.5,43,18.96,1003.1,loc_tiruchirappalli,10.7905,78.7047,ECMWF_ERA5_Reanalysis
2018-10-26,31.5,24.6,27.4,33.6,27.7,30.0,1.1,20.6,39.6,44,17.13,1003.4,loc_tiruchirappalli,10.7905,78.7047,ECMWF_ERA5_Reanalysis
2018-10-27,31.2,24.3,27.4,33.8,27.2,30.3,0.7,19.9,40.7,35,18.74,1002.9,loc_tiruchirappalli,10.7905,78.7047,ECMWF_ERA5_Reanalysis
2018-10-28,32.7,22.8,27.3,34.5,25.4,29.9,0.0,19.8,41.0,31,22.1,1001.6,loc_tiruchirappalli,10.7905,78.7047,ECMWF_ERA5_Reanalysis
2018-10-29,33.7,22.1,27.4,36.5,24.3,30.2,0.0,10.5,25.9,25,23.09,1000.1,loc_tiruchirappalli,10.7905,78.7047,ECMWF_ERA5_Reanalysis
2018-10-30,34.3,22.5,28.0,37.2,24.6,31.6,0.1,16.5,32.8,43,21.66,999.6,loc_tiruchirappalli,10.7905,78.7047,ECMWF_ERA5_Reanalysis
2018-10-31,33.9,24.9,28.3,37.4,29.5,32.5,2.3,17.8,38.9,51,18.73,999.7,loc_tiruchirappalli,10.7905,78.7047,ECMWF_ERA5_Reanalysis
2018-11-01,28.5,23.8,25.0,32.5,28.0,29.4,24.8,16.6,37.8,39,5.99,1000.4,loc_tiruchirappalli,10.7905,78.7047,ECMWF_ERA5_Reanalysis
2018-11-02,26.1,23.3,24.5,32.2,26.7,29.2,38.8,13.4,24.8,49,4.89,1001.1,loc_tiruchirappalli,10.7905,78.7047,ECMWF_ERA5_Reanalysis
2018-11-03,29.2,23.2,25.0,33.9,27.4,29.9,40.2,11.4,29.5,64,9.42,1002.0,loc_tiruchirappalli,10.7905,78.7047,ECMWF_ERA5_Reanalysis
2018-11-04,30.0,22.6,26.2,34.4,27.1,30.4,3.4,16.4,38.5,52,17.47,1002.2,loc_tiruchirappalli,10.7905,78.7047,ECMWF_ERA5_Reanalysis
2018-11-05,30.6,23.9,26.6,34.9,27.9,30.5,1.6,14.4,31.0,54,17.01,1002.1,loc_tiruchirappalli,10.7905,78.7047,ECMWF_ERA5_Reanalysis
2018-11-06,27.9,23.7,25.7,33.0,27.7,30.3,2.0,11.3,28.1,40,6.37,1002.7,loc_tiruchirappalli,10.7905,78.7047,ECMWF_ERA5_Reanalysis
2018-11-07,30.5,23.2,26.5,33.3,27.5,30.1,0.2,14.5,31.3,42,15.81,1002.6,loc_tiruchirappalli,10.7905,78.7047,ECMWF_ERA5_Reanalysis
2018-11-08,28.6,23.3,24.7,31.6,26.4,28.5,8.9,17.3,36.0,36,7.86,1002.0,loc_tiruchirappalli,10.7905,78.7047,ECMWF_ERA5_Reanalysis
2018-11-09,30.4,22.8,26.2,33.2,26.7,29.3,0.6,20.0,40.0,48,17.49,1001.2,loc_tiruchirappalli,10.7905,78.7047,ECMWF_ERA5_Reanalysis
2018-11-10,30.9,21.9,26.2,34.3,25.2,29.3,0.2,16.5,33.8,45,19.3,1001.6,loc_tiruchirappalli,10.7905,78.7047,ECMWF_ERA5_Reanalysis
2018-11-11,31.6,22.2,26.4,33.8,25.9,29.6,0.0,12.9,28.8,34,21.54,1002.4,loc_tiruchirappalli,10.7905,78.7047,ECMWF_ERA5_Reanalysis
2018-11-12,31.9,22.3,26.6,36.2,25.9,30.3,0.0,10.1,22.7,49,20.3,1001.3,loc_tiruchirappalli,10.7905,78.7047,ECMWF_ERA5_Reanalysis
2018-11-13,32.2,22.6,27.1,36.6,26.7,31.0,0.0,11.3,21.2,164,19.64,1000.0,loc_tiruchirappalli,10.7905,78.7047,ECMWF_ERA5_Reanalysis
2018-11-14,33.0,22.6,27.0,36.3,25.4,30.3,0.0,8.3,20.2,65,22.33,999.7,loc_tiruchirappalli,10.7905,78.7047,ECMWF_ERA5_Reanalysis
2018-11-15,33.9,21.6,27.6,36.5,25.4,30.7,0.1,19.2,38.9,355,17.82,999.5,loc_tiruchirappalli,10.7905,78.7047,ECMWF_ERA5_Reanalysis
2018-11-16,27.2,22.1,24.8,30.4,23.1,27.2,42.4,44.8,86.4,61,7.19,999.0,loc_tiruchirappalli,10.7905,78.7047,ECMWF_ERA5_Reanalysis
2018-11-17,30.2,21.7,25.7,36.5,25.5,30.5,0.6,9.7,23.4,95,16.65,1001.9,loc_tiruchirappalli,10.7905,78.7047,ECMWF_ERA5_Reanalysis
2018-11-18,30.5,23.0,26.0,36.1,27.9,30.9,5.7,14.1,29.2,80,15.09,1002.2,loc_tiruchirappalli,10.7905,78.7047,ECMWF_ERA5_Reanalysis
2018-11-19,29.9,23.8,26.0,35.2,28.4,30.6,8.4,15.1,31.0,61,13.07,1003.0,loc_tiruchirappalli,10.7905,78.7047,ECMWF_ERA5_Reanalysis
2018-11-20,28.3,24.1,25.6,32.6,27.4,29.6,10.6,17.4,40.0,18,10.01,1002.8,loc_tiruchirappalli,10.7905,78.7047,ECMWF_ERA5_Reanalysis
2018-11-21,29.4,22.5,25.7,32.4,25.7,29.6,5.9,12.9,27.7,331,12.56,1001.3,loc_tiruchirappalli,10.7905,78.7047,ECMWF_ERA5_Reanalysis
2018-11-22,29.3,23.4,25.5,34.3,27.3,30.1,12.1,12.5,23.4,60,11.33,1002.1,loc_tiruchirappalli,10.7905,78.7047,ECMWF_ERA5_Reanalysis
2018-11-23,27.8,23.2,24.9,32.9,27.5,29.6,17.4,11.6,32.0,67,9.4,1004.6,loc_tiruchirappalli,10.7905,78.7047,ECMWF_ERA5_Reanalysis
2018-11-24,29.0,22.5,25.3,32.4,26.6,29.2,12.0,16.8,34.9,51,12.59,1005.6,loc_tiruchirappalli,10.7905,78.7047,ECMWF_ERA5_Reanalysis
2018-11-25,29.5,22.1,25.3,33.3,25.5,28.9,1.4,13.8,27.7,48,16.37,1004.8,loc_tiruchirappalli,10.7905,78.7047,ECMWF_ERA5_Reanalysis
2018-11-26,29.0,21.4,24.8,31.7,23.8,27.2,0.0,16.1,33.8,48,16.6,1003.7,loc_tiruchirappalli,10.7905,78.7047,ECMWF_ERA5_Reanalysis
2018-11-27,29.0,19.6,24.3,30.7,21.6,26.1,0.0,15.3,32.8,44,18.87,1004.0,loc_tiruchirappalli,10.7905,78.7047,ECMWF_ERA5_Reanalysis
2018-11-28,29.7,21.6,25.3,32.9,23.1,27.7,1.3,15.5,32.0,42,17.55,1004.0,loc_tiruchirappalli,10.7905,78.7047,ECMWF_ERA5_Reanalysis
2018-11-29,26.7,23.0,24.2,31.6,26.6,28.2,19.6,16.1,31.0,53,7.19,1004.9,loc_tiruchirappalli,10.7905,78.7047,ECMWF_ERA5_Reanalysis
2018-11-30,28.9,22.8,25.3,32.4,26.2,28.7,1.4,15.5,32.0,52,14.61,1004.9,loc_tiruchirappalli,10.7905,78.7047,ECMWF_ERA5_Reanalysis
2018-12-01,29.4,21.7,25.0,32.0,24.5,27.5,0.0,14.8,31.7,48,18.3,1003.3,loc_tiruchirappalli,10.7905,78.7047,ECMWF_ERA5_Reanalysis
2018-12-02,29.3,20.8,24.7,31.6,23.4,27.5,0.2,13.2,28.4,43,14.77,1001.6,loc_tiruchirappalli,10.7905,78.7047,ECMWF_ERA5_Reanalysis
2018-12-03,30.6,22.1,25.5,33.5,24.8,28.3,3.5,19.0,37.8,44,17.4,1001.8,loc_tiruchirappalli,10.7905,78.7047,ECMWF_ERA5_Reanalysis
2018-12-04,28.6,23.2,25.0,32.8,26.8,29.2,11.3,15.1,37.1,49,11.2,1002.6,loc_tiruchirappalli,10.7905,78.7047,ECMWF_ERA5_Reanalysis
2018-12-05,27.7,23.5,25.5,32.6,27.8,29.9,8.2,13.6,29.2,48,11.96,1002.3,loc_tiruchirappalli,10.7905,78.7047,ECMWF_ERA5_Reanalysis
2018-12-06,29.5,23.1,25.9,35.1,27.3,30.2,1.2,13.3,30.2,48,15.64,1001.4,loc_tiruchirappalli,10.7905,78.7047,ECMWF_ERA5_Reanalysis
2018-12-07,30.1,22.7,26.2,33.5,26.8,29.8,1.1,15.8,32.8,47,16.82,1001.8,loc_tiruchirappalli,10.7905,78.7047,ECMWF_ERA5_Reanalysis
2018-12-08,30.1,22.8,26.0,32.9,26.5,29.4,0.7,15.6,35.6,45,16.56,1002.8,loc_tiruchirappalli,10.7905,78.7047,ECMWF_ERA5_Reanalysis
2018-12-09,29.7,22.4,25.7,31.8,25.8,28.6,0.5,16.3,33.1,44,15.46,1002.8,loc_tiruchirappalli,10.7905,78.7047,ECMWF_ERA5_Reanalysis
2018-12-10,30.0,20.5,24.8,33.5,23.2,28.0,0.0,10.7,25.2,42,18.54,1002.5,loc_tiruchirappalli,10.7905,78.7047,ECMWF_ERA5_Reanalysis
2018-12-11,29.7,20.6,25.1,33.2,23.7,28.1,0.0,13.8,29.5,44,17.19,1002.8,loc_tiruchirappalli,10.7905,78.7047,ECMWF_ERA5_Reanalysis
2018-12-12,30.3,20.8,24.9,33.8,23.6,28.2,0.0,11.7,27.4,46,19.05,1003.4,loc_tiruchirappalli,10.7905,78.7047,ECMWF_ERA5_Reanalysis
2018-12-13,31.0,20.9,25.5,34.7,24.0,28.8,0.0,13.0,26.6,55,18.95,1003.9,loc_tiruchirappalli,10.7905,78.7047,ECMWF_ERA5_Reanalysis
2018-12-14,30.6,20.9,25.5,33.4,24.1,28.3,0.0,14.8,32.4,37,20.67,1003.3,loc_tiruchirappalli,10.7905,78.7047,ECMWF_ERA5_Reanalysis
2018-12-15,29.6,22.4,26.0,30.2,25.0,27.6,0.6,22.1,43.6,22,12.6,1002.8,loc_tiruchirappalli,10.7905,78.7047,ECMWF_ERA5_Reanalysis
2018-12-16,28.8,21.1,24.8,31.0,23.6,26.7,0.0,15.0,29.9,349,9.06,1002.1,loc_tiruchirappalli,10.7905,78.7047,ECMWF_ERA5_Reanalysis
2018-12-17,32.2,19.6,25.5,35.2,22.0,28.0,0.0,12.2,22.7,197,20.37,1002.0,loc_tiruchirappalli,10.7905,78.7047,ECMWF_ERA5_Reanalysis
2018-12-18,31.7,21.3,26.2,36.8,25.1,29.9,0.0,16.9,36.4,105,17.4,1002.9,loc_tiruchirappalli,10.7905,78.7047,ECMWF_ERA5_Reanalysis
2018-12-19,28.8,22.4,25.2,30.6,24.4,27.3,0.2,15.6,31.7,58,11.52,1003.9,loc_tiruchirappalli,10.7905,78.7047,ECMWF_ERA5_Reanalysis
2018-12-20,30.4,21.0,25.0,31.3,22.4,26.6,0.0,16.1,35.3,50,15.77,1004.1,loc_tiruchirappalli,10.7905,78.7047,ECMWF_ERA5_Reanalysis
2018-12-21,30.8,21.7,26.0,33.1,24.3,28.3,0.0,17.7,34.9,40,12.62,1003.1,loc_tiruchirappalli,10.7905,78.7047,ECMWF_ERA5_Reanalysis
2018-12-22,26.0,23.1,24.0,29.2,26.1,27.1,55.7,14.3,27.0,30,3.65,1003.1,loc_tiruchirappalli,10.7905,78.7047,ECMWF_ERA5_Reanalysis
2018-12-23,28.1,22.8,24.8,31.6,25.9,27.9,4.1,20.1,38.2,43,12.23,1003.6,loc_tiruchirappalli,10.7905,78.7047,ECMWF_ERA5_Reanalysis
2018-12-24,28.4,22.8,25.2,31.4,26.6,28.4,1.3,17.3,34.9,53,12.12,1003.9,loc_tiruchirappalli,10.7905,78.7047,ECMWF_ERA5_Reanalysis
2018-12-25,29.7,21.4,24.9,32.0,24.4,27.5,0.0,15.5,32.4,50,17.52,1003.9,loc_tiruchirappalli,10.7905,78.7047,ECMWF_ERA5_Reanalysis
2018-12-26,29.5,20.1,24.3,34.2,22.9,27.7,0.0,12.3,25.9,57,19.09,1003.8,loc_tiruchirappalli,10.7905,78.7047,ECMWF_ERA5_Reanalysis
2018-12-27,29.3,19.2,24.1,34.2,21.6,27.9,0.0,10.6,18.7,102,19.7,1003.0,loc_tiruchirappalli,10.7905,78.7047,ECMWF_ERA5_Reanalysis
2018-12-28,28.8,21.3,24.9,32.2,24.8,28.4,0.7,10.4,21.2,90,16.76,1002.6,loc_tiruchirappalli,10.7905,78.7047,ECMWF_ERA5_Reanalysis
2018-12-29,28.2,21.9,24.6,32.0,25.4,27.6,0.6,16.0,38.2,57,13.87,1004.4,loc_tiruchirappalli,10.7905,78.7047,ECMWF_ERA5_Reanalysis
2018-12-30,28.5,21.8,24.7,30.1,24.6,26.6,0.3,18.6,39.6,53,16.54,1006.1,loc_tiruchirappalli,10.7905,78.7047,ECMWF_ERA5_Reanalysis
2018-12-31,28.3,21.2,24.1,29.1,22.6,25.3,0.1,20.9,43.2,47,16.46,1007.3,loc_tiruchirappalli,10.7905,78.7047,ECMWF_ERA5_Reanalysis
2019-01-01,28.6,19.6,23.5,29.9,20.4,24.2,0.0,17.9,37.4,43,20.11,1007.6,loc_tiruchirappalli,10.7905,78.7047,ECMWF_ERA5_Reanalysis
2019-01-02,28.1,17.5,23.0,31.4,18.3,23.9,0.0,16.5,34.2,45,16.62,1007.8,loc_tiruchirappalli,10.7905,78.7047,ECMWF_ERA5_Reanalysis
2019-01-03,28.8,18.7,23.5,30.1,20.3,24.7,0.0,14.8,32.8,45,19.89,1008.2,loc_tiruchirappalli,10.7905,78.7047,ECMWF_ERA5_Reanalysis
2019-01-04,28.5,18.2,23.2,28.6,19.9,24.2,0.0,18.1,38.5,45,16.96,1007.6,loc_tiruchirappalli,10.7905,78.7047,ECMWF_ERA5_Reanalysis
2019-01-05,29.8,18.0,23.8,30.9,19.0,24.9,0.0,16.0,34.6,41,19.74,1006.0,loc_tiruchirappalli,10.7905,78.7047,ECMWF_ERA5_Reanalysis
2019-01-06,28.9,18.9,23.5,29.1,20.2,24.5,0.0,16.0,37.4,52,16.3,1004.8,loc_tiruchirappalli,10.7905,78.7047,ECMWF_ERA5_Reanalysis
2019-01-07,30.3,18.8,24.2,32.6,19.7,25.7,0.0,13.6,29.2,55,20.57,1003.8,loc_tiruchirappalli,10.7905,78.7047,ECMWF_ERA5_Reanalysis
2019-01-08,30.7,19.3,24.4,31.7,20.7,25.7,0.0,15.6,35.3,51,20.81,1004.1,loc_tiruchirappalli,10.7905,78.7047,ECMWF_ERA5_Reanalysis
2019-01-09,30.6,17.4,23.7,31.3,18.1,24.4,0.0,14.2,32.0,59,21.94,1004.3,loc_tiruchirappalli,10.7905,78.7047,ECMWF_ERA5_Reanalysis
2019-01-10,30.2,17.8,23.7,31.4,19.5,25.0,0.0,17.8,33.5,54,20.46,1004.2,loc_tiruchirappalli,10.7905,78.7047,ECMWF_ERA5_Reanalysis
2019-01-11,30.8,19.2,24.5,31.9,21.2,25.8,0.0,15.9,34.2,48,20.66,1004.9,loc_tiruchirappalli,10.7905,78.7047,ECMWF_ERA5_Reanalysis
2019-01-12,30.7,19.6,24.5,31.7,21.1,25.5,0.0,16.5,36.7,50,20.77,1004.9,loc_tiruchirappalli,10.7905,78.7047,ECMWF_ERA5_Reanalysis
2019-01-13,30.3,19.9,24.7,31.6,21.1,26.0,0.0,19.4,39.2,52,15.46,1004.8,loc_tiruchirappalli,10.7905,78.7047,ECMWF_ERA5_Reanalysis
2019-01-14,30.8,20.6,24.9,31.4,22.0,25.9,0.0,17.0,34.6,50,21.01,1004.2,loc_tiruchirappalli,10.7905,78.7047,ECMWF_ERA5_Reanalysis
2019-01-15,30.6,19.8,24.4,30.3,20.6,24.8,0.0,18.9,34.9,44,21.72,1004.6,loc_tiruchirappalli,10.7905,78.7047,ECMWF_ERA5_Reanalysis
2019-01-16,31.5,19.8,24.7,31.5,20.8,25.3,0.0,16.3,36.0,45,20.59,1004.7,loc_tiruchirappalli,10.7905,78.7047,ECMWF_ERA5_Reanalysis
2019-01-17,31.1,19.8,24.8,31.4,22.1,26.2,0.0,18.4,38.9,55,18.03,1004.0,loc_tiruchirappalli,10.7905,78.7047,ECMWF_ERA5_Reanalysis
2019-01-18,30.7,20.0,24.9,31.3,22.6,26.0,0.0,16.8,36.0,55,19.24,1003.9,loc_tiruchirappalli,10.7905,78.7047,ECMWF_ERA5_Reanalysis
2019-01-19,30.9,19.1,24.4,31.7,20.9,25.4,0.0,16.4,31.3,48,19.44,1004.8,loc_tiruchirappalli,10.7905,78.7047,ECMWF_ERA5_Reanalysis
2019-01-20,30.8,19.2,24.2,31.2,20.7,24.7,0.0,17.7,37.8,48,19.24,1005.8,loc_tiruchirappalli,10.7905,78.7047,ECMWF_ERA5_Reanalysis
2019-01-21,30.1,18.1,23.8,31.7,19.7,25.3,0.0,14.4,28.4,62,20.33,1005.0,loc_tiruchirappalli,10.7905,78.7047,ECMWF_ERA5_Reanalysis
2019-01-22,31.5,17.9,24.5,33.1,19.2,26.2,0.0,11.8,25.9,70,20.2,1004.5,loc_tiruchirappalli,10.7905,78.7047,ECMWF_ERA5_Reanalysis
2019-01-23,31.6,20.0,25.3,33.2,22.9,27.5,0.0,15.1,28.4,63,20.76,1004.0,loc_tiruchirappalli,10.7905,78.7047,ECMWF_ERA5_Reanalysis
2019-01-24,32.2,19.8,25.9,34.8,22.7,28.2,0.0,18.6,41.4,72,20.33,1004.5,loc_tiruchirappalli,10.7905,78.7047,ECMWF_ERA5_Reanalysis
2019-01-25,31.7,21.6,26.5,35.0,25.2,29.5,0.6,16.4,30.2,85,17.94,1004.1,loc_tiruchirappalli,10.7905,78.7047,ECMWF_ERA5_Reanalysis
2019-01-26,30.9,22.5,26.5,33.8,27.0,30.0,1.1,15.8,31.0,90,16.93,1003.9,loc_tiruchirappalli,10.7905,78.7047,ECMWF_ERA5_Reanalysis
2019-01-27,32.6,23.1,27.0,34.9,27.4,29.9,0.0,16.9,34.2,88,18.48,1004.3,loc_tiruchirappalli,10.7905,78.7047,ECMWF_ERA5_Reanalysis
2019-01-28,31.3,22.2,26.6,33.9,25.8,28.9,0.1,18.3,34.9,65,17.34,1004.7,loc_tiruchirappalli,10.7905,78.7047,ECMWF_ERA5_Reanalysis
2019-01-29,30.9,23.3,26.4,31.8,24.4,27.5,0.7,17.3,37.4,47,15.9,1005.2,loc_tiruchirappalli,10.7905,78.7047,ECMWF_ERA5_Reanalysis
2019-01-30,30.1,22.5,25.9,31.2,24.5,27.2,0.4,18.8,39.6,54,15.44,1005.6,loc_tiruchirappalli,10.7905,78.7047,ECMWF_ERA5_Reanalysis
2019-01-31,31.2,21.0,25.9,31.4,23.6,27.1,0.3,17.6,36.7,56,17.34,1005.1,loc_tiruchirappalli,10.7905,78.7047,ECMWF_ERA5_Reanalysis
2019-02-01,31.9,21.2,26.1,33.0,23.7,27.6,0.1,15.3,33.8,66,17.34,1004.8,loc_tiruchirappalli,10.7905,78.7047,ECMWF_ERA5_Reanalysis
2019-02-02,32.3,21.4,26.4,32.4,24.1,27.5,0.0,16.7,36.0,56,17.2,1003.9,loc_tiruchirappalli,10.7905,78.7047,ECMWF_ERA5_Reanalysis
2019-02-03,34.0,21.8,27.0,35.7,24.5,28.6,0.0,19.8,36.4,56,20.91,1004.5,loc_tiruchirappalli,10.7905,78.7047,ECMWF_ERA5_Reanalysis
2019-02-04,31.1,22.8,26.7,32.0,24.9,28.4,0.6,19.6,41.0,53,13.72,1006.2,loc_tiruchirappalli,10.7905,78.7047,ECMWF_ERA5_Reanalysis
2019-02-05,33.4,23.3,27.3,34.5,26.7,29.3,0.3,18.8,38.9,53,15.94,1005.7,loc_tiruchirappalli,10.7905,78.7047,ECMWF_ERA5_Reanalysis
2019-02-06,33.0,22.4,27.3,34.3,25.5,29.0,0.0,16.0,33.1,65,17.11,1003.8,loc_tiruchirappalli,10.7905,78.7047,ECMWF_ERA5_Reanalysis
2019-02-07,34.4,22.3,27.6,36.0,26.4,30.1,0.0,18.1,34.6,79,20.02,1003.5,loc_tiruchirappalli,10.7905,78.7047,ECMWF_ERA5_Reanalysis
2019-02-08,34.1,21.7,27.5,36.1,25.5,30.6,0.0,14.5,26.6,104,17.76,1003.7,loc_tiruchirappalli,10.7905,78.7047,ECMWF_ERA5_Reanalysis
2019-02-09,32.6,23.4,27.8,37.3,28.0,31.8,1.7,14.1,33.8,115,18.6,1003.7,loc_tiruchirappalli,10.7905,78.7047,ECMWF_ERA5_Reanalysis
2019-02-10,34.8,24.2,28.2,37.3,28.3,31.6,2.1,16.6,31.0,88,18.98,1004.8,loc_tiruchirappalli,10.7905,78.7047,ECMWF_ERA5_Reanalysis
2019-02-11,34.1,24.4,28.3,35.6,27.5,30.5,0.4,18.8,41.0,67,20.17,1005.5,loc_tiruchirappalli,10.7905,78.7047,ECMWF_ERA5_Reanalysis
2019-02-12,33.5,23.8,27.7,34.1,26.5,29.2,0.1,20.9,45.0,57,19.89,1006.3,loc_tiruchirappalli,10.7905,78.7047,ECMWF_ERA5_Reanalysis
2019-02-13,34.0,22.8,27.5,34.4,24.8,28.6,0.0,20.4,43.6,54,21.47,1006.9,loc_tiruchirappalli,10.7905,78.7047,ECMWF_ERA5_Reanalysis
2019-02-14,33.1,22.3,27.6,34.4,24.6,29.6,0.3,17.8,34.6,63,16.74,1004.6,loc_tiruchirappalli,10.7905,78.7047,ECMWF_ERA5_Reanalysis
2019-02-15,33.6,23.5,27.9,36.9,27.3,31.2,0.9,15.9,38.5,76,18.4,1004.4,loc_tiruchirappalli,10.7905,78.7047,ECMWF_ERA5_Reanalysis
2019-02-16,35.5,23.0,28.8,39.1,27.6,32.4,0.1,19.6,37.4,115,22.01,1003.8,loc_tiruchirappalli,10.7905,78.7047,ECMWF_ERA5_Reanalysis
2019-02-17,36.9,25.0,30.0,41.0,30.0,34.2,0.2,18.5,40.0,142,20.45,1002.3,loc_tiruchirappalli,10.7905,78.7047,ECMWF_ERA5_Reanalysis
2019-02-18,35.0,25.4,29.9,38.8,30.8,33.9,0.3,16.1,32.0,137,20.21,1001.0,loc_tiruchirappalli,10.7905,78.7047,ECMWF_ERA5_Reanalysis
2019-02-19,34.6,25.6,29.4,38.2,30.0,33.4,0.9,18.2,34.9,109,18.28,1002.1,loc_tiruchirappalli,10.7905,78.7047,ECMWF_ERA5_Reanalysis
2019-02-20,35.3,25.1,29.0,36.3,28.4,31.5,0.5,20.6,43.9,77,20.52,1004.9,loc_tiruchirappalli,10.7905,78.7047,ECMWF_ERA5_Reanalysis
2019-02-21,35.4,23.0,28.3,35.7,26.7,30.1,0.0,20.9,42.8,59,22.04,1006.2,loc_tiruchirappalli,10.7905,78.7047,ECMWF_ERA5_Reanalysis
2019-02-22,35.6,21.8,27.7,35.9,23.6,28.7,0.1,19.5,40.7,58,22.52,1004.6,loc_tiruchirappalli,10.7905,78.7047,ECMWF_ERA5_Reanalysis
2019-02-23,36.3,19.8,27.4,36.5,21.4,28.1,0.0,18.9,40.7,73,24.99,1002.8,loc_tiruchirappalli,10.7905,78.7047,ECMWF_ERA5_Reanalysis
2019-02-24,36.7,19.6,27.8,37.5,21.6,29.2,0.0,16.7,36.4,80,25.03,1001.5,loc_tiruchirappalli,10.7905,78.7047,ECMWF_ERA5_Reanalysis
2019-02-25,36.1,21.6,28.2,38.3,25.1,31.0,0.0,16.3,34.6,106,24.28,1001.1,loc_tiruchirappalli,10.7905,78.7047,ECMWF_ERA5_Reanalysis
2019-02-26,36.9,22.6,29.2,39.8,26.3,32.1,0.2,18.8,38.2,141,22.47,1000.0,loc_tiruchirappalli,10.7905,78.7047,ECMWF_ERA5_Reanalysis
2019-02-27,37.8,24.8,30.2,41.0,30.1,33.6,0.1,20.6,41.0,147,22.37,999.3,loc_tiruchirappalli,10.7905,78.7047,ECMWF_ERA5_Reanalysis
2019-02-28,36.9,25.0,30.3,41.5,30.1,34.2,0.0,17.1,35.3,137,20.34,999.7,loc_tiruchirappalli,10.7905,78.7047,ECMWF_ERA5_Reanalysis
2019-03-01,35.7,25.2,29.8,39.2,29.9,33.4,0.9,21.3,40.0,107,21.09,1000.3,loc_tiruchirappalli,10.7905,78.7047,ECMWF_ERA5_Reanalysis
2019-03-02,36.7,25.5,29.5,37.8,28.4,31.8,0.0,21.6,42.1,87,19.04,1001.5,loc_tiruchirappalli,10.7905,78.7047,ECMWF_ERA5_Reanalysis
2019-03-03,36.8,23.0,29.2,39.3,26.4,31.8,0.0,20.9,41.4,71,22.2,1001.2,loc_tiruchirappalli,10.7905,78.7047,ECMWF_ERA5_Reanalysis
2019-03-04,36.3,24.6,29.3,39.3,28.9,32.6,0.0,18.6,36.0,118,23.63,1000.4,loc_tiruchirappalli,10.7905,78.7047,ECMWF_ERA5_Reanalysis
2019-03-05,38.6,24.8,31.1,40.9,28.8,33.3,0.0,19.4,36.4,164,24.63,999.4,loc_tiruchirappalli,10.7905,78.7047,ECMWF_ERA5_Reanalysis
2019-03-06,39.5,25.2,31.4,42.5,27.3,34.0,0.0,22.2,42.8,160,23.49,999.3,loc_tiruchirappalli,10.7905,78.7047,ECMWF_ERA5_Reanalysis
2019-03-07,40.2,25.5,31.6,42.6,30.8,34.9,0.0,22.3,43.9,159,24.17,999.0,loc_tiruchirappalli,10.7905,78.7047,ECMWF_ERA5_Reanalysis
2019-03-08,38.5,25.5,31.6,40.5,30.3,34.3,0.0,21.9,40.7,155,22.14,1000.4,loc_tiruchirappalli,10.7905,78.7047,ECMWF_ERA5_Reanalysis
2019-03-09,36.8,26.2,30.7,40.8,30.7,34.3,0.4,15.7,37.8,133,20.41,1002.6,loc_tiruchirappalli,10.7905,78.7047,ECMWF_ERA5_Reanalysis
2019-03-10,37.1,26.4,30.7,39.7,30.0,34.0,0.3,17.6,33.8,134,21.87,1002.9,loc_tiruchirappalli,10.7905,78.7047,ECMWF_ERA5_Reanalysis
2019-03-11,36.9,23.7,29.8,39.1,28.8,32.9,0.3,15.2,33.1,109,22.59,1003.8,loc_tiruchirappalli,10.7905,78.7047,ECMWF_ERA5_Reanalysis
2019-03-12,37.3,22.2,29.1,38.4,26.0,31.3,0.0,19.6,36.4,107,24.97,1003.9,loc_tiruchirappalli,10.7905,78.7047,ECMWF_ERA5_Reanalysis
2019-03-13,36.9,21.1,28.7,37.9,24.4,30.5,0.0,16.6,34.9,87,23.63,1004.1,loc_tiruchirappalli,10.7905,78.7047,ECMWF_ERA5_Reanalysis
2019-03-14,37.9,21.9,29.2,38.3,24.8,30.3,0.0,19.8,41.4,95,24.36,1003.9,loc_tiruchirappalli,10.7905,78.7047,ECMWF_ERA5_Reanalysis
2019-03-15,37.3,20.8,28.9,38.3,23.4,30.2,0.0,19.4,41.0,96,25.42,1003.5,loc_tiruchirappalli,10.7905,78.7047,ECMWF_ERA5_Reanalysis
2019-03-16,36.3,21.3,28.7,37.2,24.6,30.7,0.0,15.2,31.0,81,22.8,1003.4,loc_tiruchirappalli,10.7905,78.7047,ECMWF_ERA5_Reanalysis
2019-03-17,36.4,21.7,28.6,38.5,24.8,31.0,0.0,20.0,42.1,82,23.48,1003.3,loc_tiruchirappalli,10.7905,78.7047,ECMWF_ERA5_Reanalysis
2019-03-18,37.4,23.3,29.7,40.1,27.6,32.7,0.0,21.6,40.7,87,23.3,1002.8,loc_tiruchirappalli,10.7905,78.7047,ECMWF_ERA5_Reanalysis
2019-03-19,38.2,25.0,30.3,40.8,29.6,33.4,0.0,19.9,40.7,114,24.44,1001.2,loc_tiruchirappalli,10.7905,78.7047,ECMWF_ERA5_Reanalysis
2019-03-20,37.3,24.4,30.0,39.3,28.9,32.7,0.3,19.1,38.9,128,23.62,1001.2,loc_tiruchirappalli,10.7905,78.7047,ECMWF_ERA5_Reanalysis
2019-03-21,37.9,23.0,30.0,40.3,27.4,33.1,0.2,20.0,38.9,114,23.62,1002.0,loc_tiruchirappalli,10.7905,78.7047,ECMWF_ERA5_Reanalysis
2019-03-22,38.6,25.3,30.9,41.5,30.4,34.5,0.0,18.8,34.9,111,23.41,1002.4,loc_tiruchirappalli,10.7905,78.7047,ECMWF_ERA5_Reanalysis
2019-03-23,39.0,25.9,31.3,41.7,30.9,34.7,0.4,17.6,36.0,127,23.73,1001.8,loc_tiruchirappalli,10.7905,78.7047,ECMWF_ERA5_Reanalysis
2019-03-24,39.2,26.1,31.6,41.0,30.8,34.7,0.0,18.9,42.8,139,24.15,1001.0,loc_tiruchirappalli,10.7905,78.7047,ECMWF_ERA5_Reanalysis
2019-03-25,39.2,24.4,30.9,40.3,29.6,33.5,0.0,19.5,38.2,94,24.96,1001.0,loc_tiruchirappalli,10.7905,78.7047,ECMWF_ERA5_Reanalysis
2019-03-26,38.3,22.7,30.0,39.7,27.4,32.3,0.0,15.9,36.4,103,25.28,1002.6,loc_tiruchirappalli,10.7905,78.7047,ECMWF_ERA5_Reanalysis
2019-03-27,38.1,21.1,29.5,39.1,24.7,31.7,0.0,17.4,35.6,117,24.1,1003.7,loc_tiruchirappalli,10.7905,78.7047,ECMWF_ERA5_Reanalysis
2019-03-28,39.7,22.7,30.8,41.1,26.4,32.4,0.0,20.1,36.7,124,26.17,1002.7,loc_tiruchirappalli,10.7905,78.7047,ECMWF_ERA5_Reanalysis
2019-03-29,40.2,23.5,31.5,41.2,23.7,31.5,0.0,22.4,45.0,149,26.33,1000.6,loc_tiruchirappalli,10.7905,78.7047,ECMWF_ERA5_Reanalysis
2019-03-30,39.0,24.1,31.5,40.4,25.6,32.3,0.0,20.2,39.6,158,25.58,1000.6,loc_tiruchirappalli,10.7905,78.7047,ECMWF_ERA5_Reanalysis
2019-03-31,40.0,24.2,32.2,42.2,26.0,33.6,0.0,20.9,40.3,166,25.07,1000.7,loc_tiruchirappalli,10.7905,78.7047,ECMWF_ERA5_Reanalysis
2019-04-01,39.8,24.8,31.7,41.9,26.7,33.6,0.0,19.4,43.9,151,25.11,1000.9,loc_tiruchirappalli,10.7905,78.7047,ECMWF_ERA5_Reanalysis
2019-04-02,39.1,24.4,31.3,41.7,29.1,34.5,0.0,18.1,36.4,148,23.87,1000.6,loc_tiruchirappalli,10.7905,78.7047,ECMWF_ERA5_Reanalysis
2019-04-03,38.3,24.7,30.7,40.5,29.0,33.6,0.0,15.7,36.4,135,22.33,1000.8,loc_tiruchirappalli,10.7905,78.7047,ECMWF_ERA5_Reanalysis
2019-04-04,38.4,23.7,30.4,39.9,28.1,33.0,0.0,16.9,35.3,126,23.3,1002.3,loc_tiruchirappalli,10.7905,78.7047,ECMWF_ERA5_Reanalysis
2019-04-05,38.5,25.2,31.4,41.4,29.8,34.3,0.0,18.4,37.4,130,23.06,1002.1,loc_tiruchirappalli,10.7905,78.7047,ECMWF_ERA5_Reanalysis
2019-04-06,39.6,24.6,31.6,41.7,28.5,34.3,0.0,18.9,35.6,110,26.03,1001.4,loc_tiruchirappalli,10.7905,78.7047,ECMWF_ERA5_Reanalysis
2019-04-07,39.8,24.5,32.0,42.0,28.7,34.6,0.0,18.0,37.8,148,25.83,1000.3,loc_tiruchirappalli,10.7905,78.7047,ECMWF_ERA5_Reanalysis
2019-04-08,38.0,26.6,32.1,41.6,31.7,35.4,0.1,18.1,34.9,155,21.81,999.7,loc_tiruchirappalli,10.7905,78.7047,ECMWF_ERA5_Reanalysis
2019-04-09,40.3,27.0,32.7,42.8,31.9,36.2,0.0,18.6,41.0,145,24.17,999.7,loc_tiruchirappalli,10.7905,78.7047,ECMWF_ERA5_Reanalysis
2019-04-10,39.7,26.7,32.6,42.7,32.1,35.9,0.0,16.6,36.4,134,24.54,1000.3,loc_tiruchirappalli,10.7905,78.7047,ECMWF_ERA5_Reanalysis
2019-04-11,40.7,27.1,32.7,43.3,32.5,36.4,0.0,18.0,36.4,140,24.96,999.9,loc_tiruchirappalli,10.7905,78.7047,ECMWF_ERA5_Reanalysis
2019-04-12,40.3,25.3,32.5,42.4,30.9,35.7,0.0,18.5,34.9,137,25.66,999.2,loc_tiruchirappalli,10.7905,78.7047,ECMWF_ERA5_Reanalysis
2019-04-13,40.3,26.3,32.5,42.2,32.2,35.9,0.0,17.8,34.2,131,24.44,999.7,loc_tiruchirappalli,10.7905,78.7047,ECMWF_ERA5_Reanalysis
2019-04-14,39.7,25.9,32.0,41.9,31.3,35.3,0.0,18.8,38.5,126,24.36,1000.1,loc_tiruchirappalli,10.7905,78.7047,ECMWF_ERA5_Reanalysis
2019-04-15,40.2,25.8,32.3,42.3,31.3,35.7,0.0,18.6,43.6,135,25.88,1000.0,loc_tiruchirappalli,10.7905,78.7047,ECMWF_ERA5_Reanalysis
2019-04-16,41.0,26.7,32.8,43.3,31.5,36.3,0.6,23.6,53.6,144,25.17,999.4,loc_tiruchirappalli,10.7905,78.7047,ECMWF_ERA5_Reanalysis
2019-04-17,38.6,28.1,33.1,42.6,33.0,36.8,0.0,16.8,37.8,155,21.55,1000.0,loc_tiruchirappalli,10.7905,78.7047,ECMWF_ERA5_Reanalysis
2019-04-18,40.4,28.1,33.0,44.2,33.2,36.9,0.2,19.1,42.1,143,22.98,999.4,loc_tiruchirappalli,10.7905,78.7047,ECMWF_ERA5_Reanalysis
2019-04-19,39.2,27.0,32.3,43.4,31.7,36.4,0.4,20.1,38.9,165,21.86,999.0,loc_tiruchirappalli,10.7905,78.7047,ECMWF_ERA5_Reanalysis
2019-04-20,39.4,26.4,31.3,43.7,31.4,36.1,4.5,18.7,40.7,157,21.93,997.8,loc_tiruchirappalli,10.7905,78.7047,ECMWF_ERA5_Reanalysis
2019-04-21,35.9,25.3,30.2,41.3,30.8,34.9,1.3,12.3,24.5,247,16.47,997.5,loc_tiruchirappalli,10.7905,78.7047,ECMWF_ERA5_Reanalysis
2019-04-22,39.5,27.4,32.4,44.1,33.0,37.2,1.0,13.0,25.6,138,22.13,997.0,loc_tiruchirappalli,10.7905,78.7047,ECMWF_ERA5_Reanalysis
2019-04-23,36.8,25.2,29.8,41.8,30.0,35.1,3.7,18.8,36.0,253,19.19,998.8,loc_tiruchirappalli,10.7905,78.7047,ECMWF_ERA5_Reanalysis
2019-04-24,38.0,26.2,31.5,41.8,32.0,35.8,0.0,15.9,36.0,112,24.38,999.4,loc_tiruchirappalli,10.7905,78.7047,ECMWF_ERA5_Reanalysis
2019-04-25,37.9,25.5,31.4,41.8,30.7,35.7,0.0,14.5,27.0,114,23.05,999.3,loc_tiruchirappalli,10.7905,78.7047,ECMWF_ERA5_Reanalysis
2019-04-26,40.2,26.4,32.4,43.5,32.4,36.6,0.0,17.3,32.8,138,22.5,998.1,loc_tiruchirappalli,10.7905,78.7047,ECMWF_ERA5_Reanalysis
2019-04-27,41.0,26.1,33.0,43.6,31.8,36.7,0.0,15.3,29.2,142,23.24,997.4,loc_tiruchirappalli,10.7905,78.7047,ECMWF_ERA5_Reanalysis
2019-04-28,41.0,27.0,33.1,43.9,33.0,37.4,0.0,18.3,47.2,139,23.59,997.5,loc_tiruchirappalli,10.7905,78.7047,ECMWF_ERA5_Reanalysis
2019-04-29,39.8,28.8,33.2,44.4,35.2,37.9,0.0,21.4,42.8,151,19.88,997.5,loc_tiruchirappalli,10.7905,78.7047,ECMWF_ERA5_Reanalysis
2019-04-30,40.8,29.3,34.6,43.1,34.1,37.7,0.0,25.3,47.5,278,19.65,995.9,loc_tiruchirappalli,10.7905,78.7047,ECMWF_ERA5_Reanalysis
2019-05-01,38.9,29.1,33.8,41.2,31.5,35.9,0.1,21.7,46.4,278,17.67,995.2,loc_tiruchirappalli,10.7905,78.7047,ECMWF_ERA5_Reanalysis
2019-05-02,42.6,29.6,35.3,44.1,32.8,37.4,0.0,18.2,42.5,268,22.8,994.8,loc_tiruchirappalli,10.7905,78.7047,ECMWF_ERA5_Reanalysis
2019-05-03,42.4,28.4,34.9,42.8,30.4,36.2,0.0,20.2,43.2,261,23.06,996.3,loc_tiruchirappalli,10.7905,78.7047,ECMWF_ERA5_Reanalysis
2019-05-04,39.9,28.2,33.7,42.1,29.2,35.5,0.0,16.9,37.4,253,17.75,998.5,loc_tiruchirappalli,10.7905,78.7047,ECMWF_ERA5_Reanalysis
2019-05-05,41.6,28.6,34.6,46.4,31.5,37.4,0.0,19.6,40.0,211,21.9,999.4,loc_tiruchirappalli,10.7905,78.7047,ECMWF_ERA5_Reanalysis
2019-05-06,41.7,29.4,34.7,45.4,33.2,37.8,0.0,25.7,48.2,180,22.0,998.1,loc_tiruchirappalli,10.7905,78.7047,ECMWF_ERA5_Reanalysis
2019-05-07,42.0,29.4,33.9,45.4,32.4,37.5,2.9,21.0,53.6,236,21.49,998.0,loc_tiruchirappalli,10.7905,78.7047,ECMWF_ERA5_Reanalysis
2019-05-08,39.1,28.8,32.7,41.5,30.4,35.1,0.1,20.9,43.6,277,21.66,998.4,loc_tiruchirappalli,10.7905,78.7047,ECMWF_ERA5_Reanalysis
2019-05-09,41.0,27.9,33.1,44.0,31.7,36.3,0.2,24.3,50.8,274,22.15,997.1,loc_tiruchirappalli,10.7905,78.7047,ECMWF_ERA5_Reanalysis
2019-05-10,41.8,28.7,34.2,45.8,31.7,37.3,0.0,19.9,40.3,190,22.14,997.1,loc_tiruchirappalli,10.7905,78.7047,ECMWF_ERA5_Reanalysis
2019-05-11,41.5,28.5,34.2,45.6,34.3,38.1,0.0,23.7,47.5,173,23.66,998.3,loc_tiruchirappalli,10.7905,78.7047,ECMWF_ERA5_Reanalysis
2019-05-12,42.0,28.5,34.4,45.8,34.3,38.3,0.0,18.6,49.7,169,23.52,997.6,loc_tiruchirappalli,10.7905,78.7047,ECMWF_ERA5_Reanalysis
2019-05-13,41.3,29.1,34.6,44.8,33.5,38.2,0.0,15.1,32.8,215,23.18,997.2,loc_tiruchirappalli,10.7905,78.7047,ECMWF_ERA5_Reanalysis
2019-05-14,40.6,29.3,34.5,44.1,32.4,37.5,0.3,15.6,37.1,283,21.6,997.0,loc_tiruchirappalli,10.7905,78.7047,ECMWF_ERA5_Reanalysis
2019-05-15,41.1,29.4,33.9,45.0,33.3,37.2,2.2,17.3,36.7,272,20.99,997.9,loc_tiruchirappalli,10.7905,78.7047,ECMWF_ERA5_Reanalysis
2019-05-16,41.2,28.2,34.1,45.6,32.9,38.2,0.0,20.3,38.2,208,23.58,998.5,loc_tiruchirappalli,10.7905,78.7047,ECMWF_ERA5_Reanalysis
2019-05-17,40.9,28.5,34.1,45.3,34.8,38.5,0.0,16.4,33.8,181,22.6,998.6,loc_tiruchirappalli,10.7905,78.7047,ECMWF_ERA5_Reanalysis
2019-05-18,41.4,28.0,33.8,45.2,33.0,37.4,0.0,19.7,41.8,171,23.27,997.6,loc_tiruchirappalli,10.7905,78.7047,ECMWF_ERA5_Reanalysis
2019-05-19,41.3,27.7,33.4,44.7,32.9,37.3,0.0,18.8,38.9,154,23.37,997.9,loc_tiruchirappalli,10.7905,78.7047,ECMWF_ERA5_Reanalysis
2019-05-20,41.4,26.3,33.1,43.2,32.0,36.5,0.0,19.9,38.2,154,23.95,998.6,loc_tiruchirappalli,10.7905,78.7047,ECMWF_ERA5_Reanalysis
2019-05-21,40.8,27.3,33.2,42.8,32.3,36.7,0.0,19.0,36.4,162,23.42,998.6,loc_tiruchirappalli,10.7905,78.7047,ECMWF_ERA5_Reanalysis
2019-05-22,40.7,27.7,33.3,43.8,33.1,37.4,0.0,19.1,37.4,154,22.89,998.0,loc_tiruchirappalli,10.7905,78.7047,ECMWF_ERA5_Reanalysis
2019-05-23,40.7,28.0,33.1,44.3,33.7,37.4,0.2,22.0,44.3,160,22.63,997.8,loc_tiruchirappalli,10.7905,78.7047,ECMWF_ERA5_Reanalysis
2019-05-24,40.9,28.2,33.3,44.8,33.4,37.5,0.0,23.2,48.2,172,21.95,998.0,loc_tiruchirappalli,10.7905,78.7047,ECMWF_ERA5_Reanalysis
2019-05-25,42.1,29.2,34.6,46.0,32.2,38.1,0.0,20.8,40.0,216,23.8,997.0,loc_tiruchirappalli,10.7905,78.7047,ECMWF_ERA5_Reanalysis
2019-05-26,41.4,29.6,34.4,44.7,33.4,37.8,0.0,21.6,42.8,204,20.44,995.8,loc_tiruchirappalli,10.7905,78.7047,ECMWF_ERA5_Reanalysis
2019-05-27,41.6,29.8,34.6,46.3,33.6,38.7,0.0,21.1,41.8,196,23.32,995.3,loc_tiruchirappalli,10.7905,78.7047,ECMWF_ERA5_Reanalysis
2019-05-28,42.5,29.0,35.0,47.2,34.9,39.6,0.0,17.1,36.7,170,23.48,995.2,loc_tiruchirappalli,10.7905,78.7047,ECMWF_ERA5_Reanalysis
2019-05-29,40.3,28.3,32.9,46.4,33.8,37.8,4.5,17.6,38.2,203,20.97,995.3,loc_tiruchirappalli,10.7905,78.7047,ECMWF_ERA5_Reanalysis
2019-05-30,40.1,27.8,33.3,45.4,33.4,37.7,4.3,18.1,37.8,245,22.71,995.0,loc_tiruchirappalli,10.7905,78.7047,ECMWF_ERA5_Reanalysis
2019-05-31,38.9,27.6,32.6,44.4,33.2,37.1,1.0,17.3,38.9,220,22.43,995.8,loc_tiruchirappalli,10.7905,78.7047,ECMWF_ERA5_Reanalysis
2019-06-01,39.5,27.7,33.3,42.9,31.3,36.7,0.0,18.2,37.1,243,23.45,996.3,loc_tiruchirappalli,10.7905,78.7047,ECMWF_ERA5_Reanalysis
2019-06-02,39.8,28.6,33.7,44.5,33.6,37.7,0.0,17.8,37.8,235,21.89,996.1,loc_tiruchirappalli,10.7905,78.7047,ECMWF_ERA5_Reanalysis
2019-06-03,38.5,28.5,32.9,41.7,31.8,36.1,0.2,19.9,43.6,288,20.15,996.2,loc_tiruchirappalli,10.7905,78.7047,ECMWF_ERA5_Reanalysis
2019-06-04,40.4,27.3,32.3,44.4,32.0,36.0,3.4,17.5,42.1,277,21.25,995.8,loc_tiruchirappalli,10.7905,78.7047,ECMWF_ERA5_Reanalysis
2019-06-05,37.3,25.4,29.6,43.5,29.6,34.8,7.7,17.1,40.3,269,20.43,996.2,loc_tiruchirappalli,10.7905,78.7047,ECMWF_ERA5_Reanalysis
2019-06-06,36.9,26.4,31.4,42.2,31.3,36.1,0.0,16.6,34.6,225,22.78,995.9,loc_tiruchirappalli,10.7905,78.7047,ECMWF_ERA5_Reanalysis
2019-06-07,39.7,27.5,32.9,43.7,33.3,37.2,0.0,17.3,42.1,223,23.63,996.0,loc_tiruchirappalli,10.7905,78.7047,ECMWF_ERA5_Reanalysis
2019-06-08,39.9,28.6,33.7,43.8,31.8,36.9,0.0,18.3,34.9,242,22.68,995.9,loc_tiruchirappalli,10.7905,78.7047,ECMWF_ERA5_Reanalysis
2019-06-09,39.0,28.6,33.2,42.4,31.8,35.8,0.0,25.8,53.6,208,22.81,996.0,loc_tiruchirappalli,10.7905,78.7047,ECMWF_ERA5_Reanalysis
2019-06-10,37.7,27.5,32.3,39.0,30.6,34.6,0.0,23.0,52.9,214,19.58,995.9,loc_tiruchirappalli,10.7905,78.7047,ECMWF_ERA5_Reanalysis
2019-06-11,38.6,28.0,32.3,41.4,31.8,34.9,0.1,23.0,45.0,252,16.87,995.8,loc_tiruchirappalli,10.7905,78.7047,ECMWF_ERA5_Reanalysis
2019-06-12,37.9,28.5,32.6,41.6,31.2,34.9,0.0,27.1,50.8,266,18.94,996.2,loc_tiruchirappalli,10.7905,78.7047,ECMWF_ERA5_Reanalysis
2019-06-13,38.5,29.0,32.7,40.1,30.4,34.0,0.1,25.6,52.9,273,19.11,996.9,loc_tiruchirappalli,10.7905,78.7047,ECMWF_ERA5_Reanalysis
2019-06-14,38.6,28.3,33.0,40.8,30.0,35.1,0.0,21.5,46.4,274,15.98,996.9,loc_tiruchirappalli,10.7905,78.7047,ECMWF_ERA5_Reanalysis
2019-06-15,40.8,28.4,34.1,42.2,30.6,35.8,0.2,23.1,47.9,273,23.62,996.8,loc_tiruchirappalli,10.7905,78.7047,ECMWF_ERA5_Reanalysis
2019-06-16,41.1,28.5,34.1,42.1,30.8,35.9,0.0,22.0,46.4,273,23.36,997.3,loc_tiruchirappalli,10.7905,78.7047,ECMWF_ERA5_Reanalysis
2019-06-17,39.9,28.9,33.8,40.0,30.8,34.7,0.0,23.4,48.6,277,21.01,997.5,loc_tiruchirappalli,10.7905,78.7047,ECMWF_ERA5_Reanalysis
2019-06-18,38.7,28.7,33.3,40.8,30.3,34.5,0.0,22.0,46.1,279,20.06,996.7,loc_tiruchirappalli,10.7905,78.7047,ECMWF_ERA5_Reanalysis
2019-06-19,40.9,28.1,33.7,42.5,30.0,35.2,0.0,23.4,44.6,279,23.23,995.2,loc_tiruchirappalli,10.7905,78.7047,ECMWF_ERA5_Reanalysis
2019-06-20,39.5,28.3,33.3,40.1,30.0,34.1,0.0,30.7,64.4,280,23.4,995.6,loc_tiruchirappalli,10.7905,78.7047,ECMWF_ERA5_Reanalysis
2019-06-21,38.2,27.9,32.2,39.4,30.0,33.4,0.0,25.9,53.6,279,19.06,995.4,loc_tiruchirappalli,10.7905,78.7047,ECMWF_ERA5_Reanalysis
2019-06-22,37.6,28.1,31.7,37.7,29.3,32.5,0.0,31.0,65.9,277,19.71,995.2,loc_tiruchirappalli,10.7905,78.7047,ECMWF_ERA5_Reanalysis
2019-06-23,38.8,27.4,32.4,39.6,30.6,34.5,0.0,27.4,58.3,278,21.19,994.4,loc_tiruchirappalli,10.7905,78.7047,ECMWF_ERA5_Reanalysis
2019-06-24,40.3,28.0,33.3,42.1,31.2,35.7,1.2,20.2,45.7,267,21.38,995.2,loc_tiruchirappalli,10.7905,78.7047,ECMWF_ERA5_Reanalysis
2019-06-25,39.2,28.5,33.3,41.0,30.8,35.3,0.6,19.5,45.0,275,19.45,996.3,loc_tiruchirappalli,10.7905,78.7047,ECMWF_ERA5_Reanalysis
2019-06-26,36.4,27.8,31.5,38.0,30.3,33.8,1.0,17.9,49.0,274,11.48,997.4,loc_tiruchirappalli,10.7905,78.7047,ECMWF_ERA5_Reanalysis
2019-06-27,38.8,28.1,32.8,40.3,30.3,34.0,0.0,24.7,50.8,276,21.76,996.4,loc_tiruchirappalli,10.7905,78.7047,ECMWF_ERA5_Reanalysis
2019-06-28,39.3,27.9,32.9,39.6,29.2,33.1,0.0,25.3,52.2,274,21.87,996.3,loc_tiruchirappalli,10.7905,78.7047,ECMWF_ERA5_Reanalysis
2019-06-29,39.9,27.5,32.9,40.4,29.5,33.6,0.0,26.3,54.0,273,23.14,996.1,loc_tiruchirappalli,10.7905,78.7047,ECMWF_ERA5_Reanalysis
2019-06-30,37.9,27.9,32.1,37.9,29.9,32.6,0.0,29.6,59.0,276,21.49,996.1,loc_tiruchirappalli,10.7905,78.7047,ECMWF_ERA5_Reanalysis
2019-07-01,39.2,28.0,32.8,38.9,30.2,33.8,0.0,25.4,52.9,274,19.47,995.0,loc_tiruchirappalli,10.7905,78.7047,ECMWF_ERA5_Reanalysis
2019-07-02,38.0,28.2,32.5,40.6,30.8,34.5,0.0,25.6,50.8,260,20.31,995.6,loc_tiruchirappalli,10.7905,78.7047,ECMWF_ERA5_Reanalysis
2019-07-03,39.6,28.3,33.1,40.9,30.3,34.8,0.0,24.5,50.4,269,22.26,996.4,loc_tiruchirappalli,10.7905,78.7047,ECMWF_ERA5_Reanalysis
2019-07-04,38.8,28.5,32.9,41.1,31.1,34.5,0.3,27.9,56.9,265,21.04,996.8,loc_tiruchirappalli,10.7905,78.7047,ECMWF_ERA5_Reanalysis
2019-07-05,38.0,28.5,32.7,40.4,31.2,34.3,0.1,27.1,53.6,260,20.05,995.9,loc_tiruchirappalli,10.7905,78.7047,ECMWF_ERA5_Reanalysis
2019-07-06,37.7,27.5,32.1,37.6,30.2,33.4,0.0,27.6,54.4,269,18.44,996.3,loc_tiruchirappalli,10.7905,78.7047,ECMWF_ERA5_Reanalysis
2019-07-07,38.5,27.6,32.6,38.1,30.4,33.2,0.0,31.8,64.4,270,22.82,997.2,loc_tiruchirappalli,10.7905,78.7047,ECMWF_ERA5_Reanalysis
2019-07-08,39.1,27.9,32.9,39.1,29.8,33.7,0.0,27.7,59.0,273,23.79,997.8,loc_tiruchirappalli,10.7905,78.7047,ECMWF_ERA5_Reanalysis
2019-07-09,38.5,28.3,32.5,40.2,30.8,34.4,0.4,21.4,49.7,267,19.7,997.8,loc_tiruchirappalli,10.7905,78.7047,ECMWF_ERA5_Reanalysis
2019-07-10,37.4,26.3,31.6,39.8,30.2,33.5,0.2,31.0,60.1,271,17.2,998.0,loc_tiruchirappalli,10.7905,78.7047,ECMWF_ERA5_Reanalysis
2019-07-11,37.9,26.3,31.9,39.5,28.7,33.8,0.3,16.5,38.9,283,19.53,998.8,loc_tiruchirappalli,10.7905,78.7047,ECMWF_ERA5_Reanalysis
2019-07-12,39.6,27.1,32.9,41.6,31.4,35.9,0.4,16.8,32.8,248,22.71,999.2,loc_tiruchirappalli,10.7905,78.7047,ECMWF_ERA5_Reanalysis
2019-07-13,38.5,28.1,32.1,42.3,31.9,35.3,0.5,15.6,34.9,225,20.26,999.7,loc_tiruchirappalli,10.7905,78.7047,ECMWF_ERA5_Reanalysis
2019-07-14,39.4,27.0,31.1,41.6,30.6,34.0,3.6,18.9,44.3,244,20.88,999.1,loc_tiruchirappalli,10.7905,78.7047,ECMWF_ERA5_Reanalysis
2019-07-15,38.5,26.0,31.6,41.0,29.0,34.0,0.1,20.1,46.1,264,21.93,997.4,loc_tiruchirappalli,10.7905,78.7047,ECMWF_ERA5_Reanalysis
2019-07-16,39.1,26.9,32.4,41.8,29.4,34.2,0.0,20.6,44.6,279,22.29,996.9,loc_tiruchirappalli,10.7905,78.7047,ECMWF_ERA5_Reanalysis
2019-07-17,38.6,27.5,32.5,40.9,30.2,34.8,0.9,18.0,37.4,282,21.58,995.8,loc_tiruchirappalli,10.7905,78.7047,ECMWF_ERA5_Reanalysis
2019-07-18,38.3,25.1,31.4,40.9,29.5,33.9,12.0,20.3,42.8,280,21.18,994.4,loc_tiruchirappalli,10.7905,78.7047,ECMWF_ERA5_Reanalysis
2019-07-19,33.7,26.8,29.8,35.8,28.8,31.3,3.3,25.4,50.8,278,14.58,994.1,loc_tiruchirappalli,10.7905,78.7047,ECMWF_ERA5_Reanalysis
2019-07-20,34.7,26.9,29.9,34.2,27.8,30.5,0.3,31.1,62.3,272,18.94,994.8,loc_tiruchirappalli,10.7905,78.7047,ECMWF_ERA5_Reanalysis
2019-07-21,35.5,27.7,31.0,34.7,29.1,31.6,0.3,30.0,64.1,277,15.0,995.0,loc_tiruchirappalli,10.7905,78.7047,ECMWF_ERA5_Reanalysis
2019-07-22,33.5,24.8,29.3,33.7,27.4,30.4,2.4,26.0,56.5,282,12.72,995.6,loc_tiruchirappalli,10.7905,78.7047,ECMWF_ERA5_Reanalysis
2019-07-23,37.7,27.0,31.1,39.1,28.1,32.0,0.0,24.9,55.1,279,19.19,996.0,loc_tiruchirappalli,10.7905,78.7047,ECMWF_ERA5_Reanalysis
2019-07-24,37.9,26.8,31.8,39.9,28.4,33.6,0.3,20.7,45.0,272,20.4,996.9,loc_tiruchirappalli,10.7905,78.7047,ECMWF_ERA5_Reanalysis
2019-07-25,37.9,27.0,31.2,41.2,30.3,34.0,3.4,18.1,46.8,265,19.92,998.4,loc_tiruchirappalli,10.7905,78.7047,ECMWF_ERA5_Reanalysis
2019-07-26,35.5,26.9,30.9,35.9,28.9,32.1,0.0,22.7,53.3,277,12.56,998.2,loc_tiruchirappalli,10.7905,78.7047,ECMWF_ERA5_Reanalysis
2019-07-27,36.8,27.4,31.3,37.4,29.8,32.5,0.0,20.8,46.1,274,12.57,997.6,loc_tiruchirappalli,10.7905,78.7047,ECMWF_ERA5_Reanalysis
2019-07-28,38.6,27.5,32.1,38.2,28.5,32.6,0.0,28.0,58.7,278,20.16,997.2,loc_tiruchirappalli,10.7905,78.7047,ECMWF_ERA5_Reanalysis
2019-07-29,38.5,27.1,31.9,38.8,28.7,32.7,0.0,23.0,58.0,274,19.8,997.5,loc_tiruchirappalli,10.7905,78.7047,ECMWF_ERA5_Reanalysis
2019-07-30,38.1,27.2,32.4,41.1,29.2,34.0,0.0,19.9,42.5,271,20.36,998.5,loc_tiruchirappalli,10.7905,78.7047,ECMWF_ERA5_Reanalysis
2019-07-31,38.9,27.1,32.8,40.8,29.2,34.2,0.0,22.3,41.8,271,21.56,999.0,loc_tiruchirappalli,10.7905,78.7047,ECMWF_ERA5_Reanalysis
2019-08-01,39.7,27.8,33.1,41.5,29.1,34.3,0.0,19.5,41.4,268,23.14,998.6,loc_tiruchirappalli,10.7905,78.7047,ECMWF_ERA5_Reanalysis
2019-08-02,37.9,27.8,32.3,37.4,29.0,32.6,0.0,24.1,52.6,273,18.73,998.3,loc_tiruchirappalli,10.7905,78.7047,ECMWF_ERA5_Reanalysis
2019-08-03,37.4,27.5,31.9,37.3,30.5,33.2,0.0,26.3,52.2,270,17.82,998.5,loc_tiruchirappalli,10.7905,78.7047,ECMWF_ERA5_Reanalysis
2019-08-04,38.6,26.9,32.0,39.8,29.4,33.6,0.1,26.4,53.6,265,21.96,997.9,loc_tiruchirappalli,10.7905,78.7047,ECMWF_ERA5_Reanalysis
2019-08-05,37.5,28.2,31.5,36.3,30.4,32.3,0.3,31.4,61.9,264,13.74,997.2,loc_tiruchirappalli,10.7905,78.7047,ECMWF_ERA5_Reanalysis
2019-08-06,36.4,27.1,31.5,36.8,29.3,32.4,0.1,32.4,68.8,267,16.65,996.7,loc_tiruchirappalli,10.7905,78.7047,ECMWF_ERA5_Reanalysis
2019-08-07,38.3,26.8,31.7,36.9,30.1,33.2,0.0,32.8,67.3,273,18.44,995.9,loc_tiruchirappalli,10.7905,78.7047,ECMWF_ERA5_Reanalysis
2019-08-08,34.9,27.3,30.0,35.5,30.8,32.5,3.9,29.5,66.6,237,14.76,996.2,loc_tiruchirappalli,10.7905,78.7047,ECMWF_ERA5_Reanalysis
2019-08-09,31.6,25.1,27.8,34.4,29.1,31.4,6.4,22.1,53.6,252,9.17,997.3,loc_tiruchirappalli,10.7905,78.7047,ECMWF_ERA5_Reanalysis
2019-08-10,32.9,25.0,28.3,34.8,28.7,31.0,7.2,32.0,71.3,273,16.9,997.8,loc_tiruchirappalli,10.7905,78.7047,ECMWF_ERA5_Reanalysis
2019-08-11,38.0,25.6,30.7,40.6,27.9,32.8,0.0,25.6,54.0,280,22.39,996.7,loc_tiruchirappalli,10.7905,78.7047,ECMWF_ERA5_Reanalysis
2019-08-12,38.5,26.5,31.3,40.4,28.5,33.1,0.0,22.8,53.6,278,21.9,996.5,loc_tiruchirappalli,10.7905,78.7047,ECMWF_ERA5_Reanalysis
2019-08-13,37.9,26.6,31.3,40.8,29.2,33.6,0.4,21.4,45.7,260,20.33,996.9,loc_tiruchirappalli,10.7905,78.7047,ECMWF_ERA5_Reanalysis
2019-08-14,36.9,26.3,31.0,37.5,29.2,32.4,0.0,30.9,64.8,276,20.91,998.2,loc_tiruchirappalli,10.7905,78.7047,ECMWF_ERA5_Reanalysis
2019-08-15,38.1,26.7,31.7,41.0,28.8,33.7,0.1,21.2,45.7,272,19.4,998.6,loc_tiruchirappalli,10.7905,78.7047,ECMWF_ERA5_Reanalysis
2019-08-16,35.3,27.0,30.5,37.3,29.6,32.9,2.2,19.5,45.4,282,16.96,998.2,loc_tiruchirappalli,10.7905,78.7047,ECMWF_ERA5_Reanalysis
2019-08-17,30.3,24.3,26.9,33.2,27.5,30.2,5.4,17.5,33.5,270,7.91,998.1,loc_tiruchirappalli,10.7905,78.7047,ECMWF_ERA5_Reanalysis
2019-08-18,31.1,24.4,27.2,35.0,28.5,31.4,4.0,14.8,35.3,279,13.17,999.0,loc_tiruchirappalli,10.7905,78.7047,ECMWF_ERA5_Reanalysis
2019-08-19,34.9,24.8,28.8,39.2,29.7,33.2,2.2,16.0,37.4,243,19.63,999.2,loc_tiruchirappalli,10.7905,78.7047,ECMWF_ERA5_Reanalysis
2019-08-20,34.7,24.9,28.9,38.9,29.2,33.3,5.5,12.6,35.6,261,18.47,998.8,loc_tiruchirappalli,10.7905,78.7047,ECMWF_ERA5_Reanalysis
2019-08-21,34.4,24.6,29.1,37.9,28.2,32.1,1.5,22.7,47.5,269,21.15,998.2,loc_tiruchirappalli,10.7905,78.7047,ECMWF_ERA5_Reanalysis
2019-08-22,31.3,25.3,28.0,33.6,27.8,30.5,0.6,19.1,45.4,268,10.11,998.4,loc_tiruchirappalli,10.7905,78.7047,ECMWF_ERA5_Reanalysis
2019-08-23,34.4,25.6,29.5,35.6,27.7,31.3,0.0,22.2,45.7,269,16.6,998.6,loc_tiruchirappalli,10.7905,78.7047,ECMWF_ERA5_Reanalysis
2019-08-24,36.0,26.3,30.1,38.5,28.2,31.9,0.1,25.4,51.8,269,17.65,998.7,loc_tiruchirappalli,10.7905,78.7047,ECMWF_ERA5_Reanalysis
2019-08-25,36.1,26.8,29.8,39.0,28.4,32.3,2.5,19.5,41.8,257,16.53,998.2,loc_tiruchirappalli,10.7905,78.7047,ECMWF_ERA5_Reanalysis
2019-08-26,35.0,25.0,29.0,39.5,28.8,32.9,0.8,13.8,38.9,252,17.16,998.3,loc_tiruchirappalli,10.7905,78.7047,ECMWF_ERA5_Reanalysis
2019-08-27,33.5,25.9,29.5,34.7,29.7,31.6,0.9,24.2,49.7,268,16.11,997.6,loc_tiruchirappalli,10.7905,78.7047,ECMWF_ERA5_Reanalysis
2019-08-28,35.2,26.0,30.3,36.7,29.4,32.8,0.0,24.9,50.0,259,16.75,997.8,loc_tiruchirappalli,10.7905,78.7047,ECMWF_ERA5_Reanalysis
2019-08-29,37.2,26.6,30.6,39.4,29.3,32.9,0.7,27.4,54.0,274,19.88,997.7,loc_tiruchirappalli,10.7905,78.7047,ECMWF_ERA5_Reanalysis
2019-08-30,37.7,27.0,31.6,37.8,28.8,32.3,0.2,29.3,62.6,277,21.15,995.9,loc_tiruchirappalli,10.7905,78.7047,ECMWF_ERA5_Reanalysis
2019-08-31,37.9,27.7,32.0,37.9,29.3,33.1,0.0,25.7,54.7,270,19.33,995.1,loc_tiruchirappalli,10.7905,78.7047,ECMWF_ERA5_Reanalysis
2019-09-01,36.6,27.2,31.1,37.5,30.0,33.4,0.2,18.1,37.8,262,15.31,996.8,loc_tiruchirappalli,10.7905,78.7047,ECMWF_ERA5_Reanalysis
2019-09-02,38.6,27.0,31.5,39.7,30.3,33.5,0.0,27.1,56.9,267,19.64,998.0,loc_tiruchirappalli,10.7905,78.7047,ECMWF_ERA5_Reanalysis
2019-09-03,38.0,27.6,31.6,39.8,29.6,33.0,0.1,27.5,56.9,269,18.51,997.4,loc_tiruchirappalli,10.7905,78.7047,ECMWF_ERA5_Reanalysis
2019-09-04,37.2,27.7,31.7,39.6,30.3,33.4,0.2,26.0,52.6,265,17.45,996.8,loc_tiruchirappalli,10.7905,78.7047,ECMWF_ERA5_Reanalysis
2019-09-05,37.9,27.7,31.9,38.7,29.2,32.8,0.4,30.7,63.4,271,21.18,996.8,loc_tiruchirappalli,10.7905,78.7047,ECMWF_ERA5_Reanalysis
2019-09-06,37.4,28.1,32.1,37.2,29.9,32.9,0.0,31.0,63.7,273,21.56,996.5,loc_tiruchirappalli,10.7905,78.7047,ECMWF_ERA5_Reanalysis
2019-09-07,37.9,27.5,31.9,37.5,29.3,32.3,0.0,32.0,63.0,273,20.99,997.5,loc_tiruchirappalli,10.7905,78.7047,ECMWF_ERA5_Reanalysis
2019-09-08,39.0,27.7,32.6,40.5,29.0,33.4,0.0,26.8,55.8,277,24.15,998.2,loc_tiruchirappalli,10.7905,78.7047,ECMWF_ERA5_Reanalysis
2019-09-09,39.5,27.8,32.7,40.5,29.1,33.8,0.0,24.3,52.6,276,23.47,997.8,loc_tiruchirappalli,10.7905,78.7047,ECMWF_ERA5_Reanalysis
2019-09-10,39.2,27.6,32.5,42.1,29.9,34.7,0.9,21.3,51.1,268,20.35,997.7,loc_tiruchirappalli,10.7905,78.7047,ECMWF_ERA5_Reanalysis
2019-09-11,38.6,26.3,30.1,40.6,29.6,33.4,0.8,21.7,52.2,254,20.64,999.0,loc_tiruchirappalli,10.7905,78.7047,ECMWF_ERA5_Reanalysis
2019-09-12,35.1,25.5,28.9,39.1,29.9,33.2,8.5,18.8,41.0,254,17.47,1000.4,loc_tiruchirappalli,10.7905,78.7047,ECMWF_ERA5_Reanalysis
2019-09-13,36.1,26.2,29.4,40.5,29.8,33.7,6.5,19.2,45.4,234,18.19,1000.9,loc_tiruchirappalli,10.7905,78.7047,ECMWF_ERA5_Reanalysis
2019-09-14,36.2,25.6,29.6,41.3,30.6,34.3,8.0,16.6,33.1,197,20.22,1000.2,loc_tiruchirappalli,10.7905,78.7047,ECMWF_ERA5_Reanalysis
2019-09-15,36.2,25.1,29.4,40.9,29.7,33.7,6.8,16.1,39.6,245,18.34,999.6,loc_tiruchirappalli,10.7905,78.7047,ECMWF_ERA5_Reanalysis
2019-09-16,36.4,25.4,29.4,40.0,29.3,33.0,14.3,16.2,42.1,271,18.73,998.1,loc_tiruchirappalli,10.7905,78.7047,ECMWF_ERA5_Reanalysis
2019-09-17,35.2,24.9,29.4,37.7,28.5,32.6,1.3,20.5,49.0,280,20.13,997.1,loc_tiruchirappalli,10.7905,78.7047,ECMWF_ERA5_Reanalysis
2019-09-18,33.3,24.7,28.3,37.8,28.9,32.6,2.8,14.1,32.8,229,14.03,997.6,loc_tiruchirappalli,10.7905,78.7047,ECMWF_ERA5_Reanalysis
2019-09-19,33.9,25.7,28.4,38.0,30.6,32.9,7.6,12.7,39.6,227,12.16,998.4,loc_tiruchirappalli,10.7905,78.7047,ECMWF_ERA5_Reanalysis
2019-09-20,34.5,24.9,28.6,38.6,30.5,33.3,3.9,13.3,41.4,205,14.73,998.7,loc_tiruchirappalli,10.7905,78.7047,ECMWF_ERA5_Reanalysis
2019-09-21,36.0,25.2,30.1,41.1,31.3,35.0,8.0,11.2,25.9,243,21.41,997.8,loc_tiruchirappalli,10.7905,78.7047,ECMWF_ERA5_Reanalysis
2019-09-22,34.8,25.3,28.6,40.8,30.6,34.1,11.9,11.2,28.4,244,19.58,998.3,loc_tiruchirappalli,10.7905,78.7047,ECMWF_ERA5_Reanalysis
2019-09-23,33.6,24.9,27.9,38.6,30.4,33.2,18.6,14.2,33.1,279,17.22,998.7,loc_tiruchirappalli,10.7905,78.7047,ECMWF_ERA5_Reanalysis
2019-09-24,32.2,24.5,27.8,38.0,29.6,32.8,1.8,15.8,29.2,212,17.56,998.4,loc_tiruchirappalli,10.7905,78.7047,ECMWF_ERA5_Reanalysis
2019-09-25,31.4,25.1,27.7,36.6,29.5,32.0,6.6,16.7,40.0,169,14.49,999.5,loc_tiruchirappalli,10.7905,78.7047,ECMWF_ERA5_Reanalysis
2019-09-26,32.6,25.1,28.4,35.7,28.3,31.6,1.4,20.5,52.2,179,18.95,1002.7,loc_tiruchirappalli,10.7905,78.7047,ECMWF_ERA5_Reanalysis
2019-09-27,33.2,24.2,28.2,39.5,29.7,32.8,1.7,11.6,29.2,139,20.53,1004.2,loc_tiruchirappalli,10.7905,78.7047,ECMWF_ERA5_Reanalysis
2019-09-28,33.4,23.1,28.0,38.3,27.9,32.6,1.2,13.3,32.0,101,20.9,1003.2,loc_tiruchirappalli,10.7905,78.7047,ECMWF_ERA5_Reanalysis
2019-09-29,32.6,24.3,27.8,36.7,29.2,32.3,3.9,14.7,37.1,86,18.18,1003.2,loc_tiruchirappalli,10.7905,78.7047,ECMWF_ERA5_Reanalysis
2019-09-30,31.9,24.0,26.7,37.7,28.5,31.6,7.4,9.8,25.6,126,15.5,1003.0,loc_tiruchirappalli,10.7905,78.7047,ECMWF_ERA5_Reanalysis
2019-10-01,34.2,23.2,28.4,39.6,27.7,33.0,1.6,13.8,28.4,190,21.38,1002.1,loc_tiruchirappalli,10.7905,78.7047,ECMWF_ERA5_Reanalysis
2019-10-02,34.7,24.0,29.1,39.7,29.0,33.7,7.2,15.1,30.6,131,21.96,1001.9,loc_tiruchirappalli,10.7905,78.7047,ECMWF_ERA5_Reanalysis
2019-10-03,34.9,25.1,29.4,39.7,30.3,33.8,0.9,11.7,28.4,139,21.44,1001.3,loc_tiruchirappalli,10.7905,78.7047,ECMWF_ERA5_Reanalysis
2019-10-04,35.9,25.1,30.1,40.5,30.3,34.2,0.6,14.8,28.8,162,21.61,1000.7,loc_tiruchirappalli,10.7905,78.7047,ECMWF_ERA5_Reanalysis
2019-10-05,34.6,24.5,29.1,39.4,29.0,33.5,3.3,16.8,41.8,167,20.59,1000.4,loc_tiruchirappalli,10.7905,78.7047,ECMWF_ERA5_Reanalysis
2019-10-06,33.8,24.6,29.1,38.6,29.7,33.4,0.9,13.6,27.4,163,20.55,1000.8,loc_tiruchirappalli,10.7905,78.7047,ECMWF_ERA5_Reanalysis
2019-10-07,36.0,24.7,29.7,39.9,29.8,33.8,0.7,12.8,29.9,164,21.51,1000.6,loc_tiruchirappalli,10.7905,78.7047,ECMWF_ERA5_Reanalysis
2019-10-08,36.1,24.9,29.8,40.2,30.0,34.0,1.5,13.8,31.7,160,21.66,1000.2,loc_tiruchirappalli,10.7905,78.7047,ECMWF_ERA5_Reanalysis
2019-10-09,35.4,24.2,29.8,39.1,29.9,34.2,1.7,11.2,29.5,145,21.27,1000.1,loc_tiruchirappalli,10.7905,78.7047,ECMWF_ERA5_Reanalysis
2019-10-10,35.4,24.8,29.5,39.7,30.4,33.6,2.1,13.8,31.0,143,21.39,1000.6,loc_tiruchirappalli,10.7905,78.7047,ECMWF_ERA5_Reanalysis
2019-10-11,36.7,25.2,29.9,39.2,29.9,33.7,0.8,15.8,38.9,133,21.53,1000.3,loc_tiruchirappalli,10.7905,78.7047,ECMWF_ERA5_Reanalysis
2019-10-12,34.5,25.2,28.8,38.4,30.6,33.8,8.3,12.2,33.5,140,18.41,1000.5,loc_tiruchirappalli,10.7905,78.7047,ECMWF_ERA5_Reanalysis
2019-10-13,34.2,24.9,28.3,38.9,30.5,33.7,13.3,13.6,31.7,111,19.89,1000.9,loc_tiruchirappalli,10.7905,78.7047,ECMWF_ERA5_Reanalysis
2019-10-14,34.1,23.9,28.2,39.5,29.1,33.1,3.3,12.7,35.3,69,18.41,1001.2,loc_tiruchirappalli,10.7905,78.7047,ECMWF_ERA5_Reanalysis
2019-10-15,31.5,24.3,27.0,36.4,29.1,31.8,9.2,16.4,36.7,66,15.66,1000.8,loc_tiruchirappalli,10.7905,78.7047,ECMWF_ERA5_Reanalysis
2019-10-16,31.5,23.5,26.0,36.5,27.6,30.6,29.3,15.5,30.6,60,11.69,1000.7,loc_tiruchirappalli,10.7905,78.7047,ECMWF_ERA5_Reanalysis
2019-10-17,28.8,23.3,25.3,33.6,27.4,30.1,17.4,10.7,24.5,88,8.4,1001.2,loc_tiruchirappalli,10.7905,78.7047,ECMWF_ERA5_Reanalysis
2019-10-18,30.5,23.3,26.1,37.0,28.0,31.0,8.4,9.5,24.5,96,14.91,1001.1,loc_tiruchirappalli,10.7905,78.7047,ECMWF_ERA5_Reanalysis
2019-10-19,31.0,23.5,26.6,37.2,28.4,31.5,6.7,14.7,36.7,57,17.13,1001.4,loc_tiruchirappalli,10.7905,78.7047,ECMWF_ERA5_Reanalysis
2019-10-20,29.4,24.0,26.1,34.6,28.9,31.1,11.7,13.1,29.2,69,12.54,1001.0,loc_tiruchirappalli,10.7905,78.7047,ECMWF_ERA5_Reanalysis
2019-10-21,29.0,23.9,25.3,34.9,28.8,30.9,28.1,6.5,21.6,46,9.5,1000.3,loc_tiruchirappalli,10.7905,78.7047,ECMWF_ERA5_Reanalysis
2019-10-22,30.1,23.6,26.1,34.4,28.3,30.6,4.0,14.4,30.6,270,12.96,999.2,loc_tiruchirappalli,10.7905,78.7047,ECMWF_ERA5_Reanalysis
2019-10-23,32.8,24.2,28.0,37.5,28.3,32.4,0.6,14.7,42.5,269,19.27,998.4,loc_tiruchirappalli,10.7905,78.7047,ECMWF_ERA5_Reanalysis
2019-10-24,29.3,24.3,26.4,33.0,29.1,30.9,1.4,11.8,25.6,214,10.38,999.9,loc_tiruchirappalli,10.7905,78.7047,ECMWF_ERA5_Reanalysis
2019-10-25,32.3,23.3,27.1,37.7,27.0,31.3,0.0,10.9,25.2,195,18.63,1000.1,loc_tiruchirappalli,10.7905,78.7047,ECMWF_ERA5_Reanalysis
2019-10-26,31.2,23.4,26.9,37.2,27.9,31.8,1.2,9.1,25.2,203,14.09,1000.9,loc_tiruchirappalli,10.7905,78.7047,ECMWF_ERA5_Reanalysis
2019-10-27,32.3,24.6,27.1,38.0,29.7,32.0,1.2,13.7,29.5,24,14.37,1001.0,loc_tiruchirappalli,10.7905,78.7047,ECMWF_ERA5_Reanalysis
2019-10-28,28.9,23.9,26.2,33.1,28.6,30.5,4.2,15.8,37.4,43,10.17,1001.2,loc_tiruchirappalli,10.7905,78.7047,ECMWF_ERA5_Reanalysis
2019-10-29,28.7,23.2,25.2,32.7,27.7,29.3,19.6,18.4,47.2,55,12.43,1000.9,loc_tiruchirappalli,10.7905,78.7047,ECMWF_ERA5_Reanalysis
2019-10-30,27.9,22.9,24.2,32.7,27.0,28.7,54.0,15.2,35.6,93,7.04,1001.1,loc_tiruchirappalli,10.7905,78.7047,ECMWF_ERA5_Reanalysis
2019-10-31,27.1,22.9,25.0,32.0,26.8,29.7,7.5,13.0,29.9,156,6.01,1001.3,loc_tiruchirappalli,10.7905,78.7047,ECMWF_ERA5_Reanalysis
2019-11-01,30.8,22.5,25.9,37.3,27.2,30.8,4.5,9.3,25.9,73,16.3,1001.3,loc_tiruchirappalli,10.7905,78.7047,ECMWF_ERA5_Reanalysis
2019-11-02,31.3,22.6,27.0,36.6,27.0,31.8,0.3,9.4,24.5,70,18.17,1001.6,loc_tiruchirappalli,10.7905,78.7047,ECMWF_ERA5_Reanalysis
2019-11-03,30.9,23.7,27.0,35.6,28.9,32.0,4.8,11.6,28.4,62,17.59,1003.0,loc_tiruchirappalli,10.7905,78.7047,ECMWF_ERA5_Reanalysis
2019-11-04,31.9,23.2,27.1,36.6,28.0,31.8,0.7,9.5,23.0,46,19.82,1003.2,loc_tiruchirappalli,10.7905,78.7047,ECMWF_ERA5_Reanalysis
2019-11-05,33.4,22.5,27.3,38.1,27.2,31.8,0.0,11.5,24.8,74,21.94,1001.3,loc_tiruchirappalli,10.7905,78.7047,ECMWF_ERA5_Reanalysis
2019-11-06,32.9,23.1,27.7,39.3,27.4,32.8,1.8,9.4,24.1,212,19.32,999.7,loc_tiruchirappalli,10.7905,78.7047,ECMWF_ERA5_Reanalysis
2019-11-07,32.3,23.7,27.5,38.0,28.2,32.5,20.6,9.7,20.2,236,19.02,999.7,loc_tiruchirappalli,10.7905,78.7047,ECMWF_ERA5_Reanalysis
2019-11-08,32.2,23.7,27.1,38.7,28.7,32.5,19.9,10.1,24.5,254,18.64,1000.4,loc_tiruchirappalli,10.7905,78.7047,ECMWF_ERA5_Reanalysis
2019-11-09,32.2,23.9,27.2,38.2,29.0,32.7,6.7,10.8,20.9,226,18.45,1000.7,loc_tiruchirappalli,10.7905,78.7047,ECMWF_ERA5_Reanalysis
2019-11-10,32.0,23.7,27.3,38.8,29.1,32.9,5.2,10.7,21.2,162,19.44,1000.6,loc_tiruchirappalli,10.7905,78.7047,ECMWF_ERA5_Reanalysis
2019-11-11,30.8,23.5,26.5,35.0,28.4,31.4,3.5,10.6,23.0,75,15.43,1000.9,loc_tiruchirappalli,10.7905,78.7047,ECMWF_ERA5_Reanalysis
2019-11-12,31.1,22.6,26.7,34.8,26.8,30.5,1.4,14.6,33.8,53,17.27,1001.7,loc_tiruchirappalli,10.7905,78.7047,ECMWF_ERA5_Reanalysis
2019-11-13,31.2,23.8,27.2,33.9,27.7,30.4,0.3,16.6,34.9,44,18.23,1002.3,loc_tiruchirappalli,10.7905,78.7047,ECMWF_ERA5_Reanalysis
2019-11-14,30.2,24.2,26.7,34.8,27.9,30.7,2.3,14.5,37.4,53,15.15,1002.1,loc_tiruchirappalli,10.7905,78.7047,ECMWF_ERA5_Reanalysis
2019-11-15,31.0,23.9,26.9,35.1,28.4,31.1,3.9,14.2,32.8,68,17.33,1002.0,loc_tiruchirappalli,10.7905,78.7047,ECMWF_ERA5_Reanalysis
2019-11-16,29.8,23.5,26.3,34.9,28.2,30.7,2.9,12.8,28.8,55,13.16,1002.3,loc_tiruchirappalli,10.7905,78.7047,ECMWF_ERA5_Reanalysis
2019-11-17,31.8,24.0,27.4,36.1,28.4,31.4,2.2,14.0,31.3,52,17.69,1002.1,loc_tiruchirappalli,10.7905,78.7047,ECMWF_ERA5_Reanalysis
2019-11-18,30.8,24.3,26.8,35.6,28.2,31.0,2.7,17.4,34.9,51,13.78,1002.2,loc_tiruchirappalli,10.7905,78.7047,ECMWF_ERA5_Reanalysis
2019-11-19,31.9,23.9,27.2,35.9,28.8,31.6,2.4,15.3,32.8,66,17.17,1001.9,loc_tiruchirappalli,10.7905,78.7047,ECMWF_ERA5_Reanalysis
2019-11-20,31.1,24.3,27.0,36.6,28.8,31.4,3.4,14.2,31.3,62,15.57,1001.4,loc_tiruchirappalli,10.7905,78.7047,ECMWF_ERA5_Reanalysis
2019-11-21,30.8,23.8,26.6,34.9,27.8,30.2,1.3,17.1,42.1,48,16.6,1002.3,loc_tiruchirappalli,10.7905,78.7047,ECMWF_ERA5_Reanalysis
2019-11-22,29.3,23.9,25.8,32.1,27.4,29.4,8.9,21.2,43.6,49,13.45,1003.4,loc_tiruchirappalli,10.7905,78.7047,ECMWF_ERA5_Reanalysis
2019-11-23,30.5,23.5,26.5,34.2,26.9,29.5,1.0,22.3,43.2,44,16.47,1003.3,loc_tiruchirappalli,10.7905,78.7047,ECMWF_ERA5_Reanalysis
2019-11-24,29.9,23.6,26.4,32.5,26.7,29.6,2.5,18.0,36.7,49,14.74,1002.5,loc_tiruchirappalli,10.7905,78.7047,ECMWF_ERA5_Reanalysis
2019-11-25,29.8,23.4,26.4,33.1,26.0,29.2,1.5,20.6,42.8,50,16.18,1002.3,loc_tiruchirappalli,10.7905,78.7047,ECMWF_ERA5_Reanalysis
2019-11-26,31.0,23.8,26.7,32.6,26.6,29.3,1.5,21.8,44.6,49,15.76,1001.3,loc_tiruchirappalli,10.7905,78.7047,ECMWF_ERA5_Reanalysis
2019-11-27,31.3,23.6,26.7,33.9,27.4,30.1,3.9,18.9,40.3,58,15.15,1001.1,loc_tiruchirappalli,10.7905,78.7047,ECMWF_ERA5_Reanalysis
2019-11-28,28.2,23.3,25.3,31.7,27.7,29.4,10.9,14.3,35.6,46,6.01,1002.0,loc_tiruchirappalli,10.7905,78.7047,ECMWF_ERA5_Reanalysis
2019-11-29,30.6,23.9,26.1,34.1,27.5,29.9,6.7,20.6,43.9,48,12.51,1001.7,loc_tiruchirappalli,10.7905,78.7047,ECMWF_ERA5_Reanalysis
2019-11-30,27.0,23.7,24.6,31.6,27.4,28.8,26.2,18.7,40.0,56,6.25,1001.6,loc_tiruchirappalli,10.7905,78.7047,ECMWF_ERA5_Reanalysis
2019-12-01,26.5,23.0,24.6,31.8,26.1,29.2,33.0,19.5,40.0,78,5.44,1001.7,loc_tiruchirappalli,10.7905,78.7047,ECMWF_ERA5_Reanalysis
2019-12-02,28.5,23.4,25.2,34.4,27.5,29.9,9.4,15.3,31.0,57,9.46,1002.6,loc_tiruchirappalli,10.7905,78.7047,ECMWF_ERA5_Reanalysis
2019-12-03,28.0,23.5,25.0,32.6,27.8,29.3,9.7,18.7,37.4,55,10.85,1002.6,loc_tiruchirappalli,10.7905,78.7047,ECMWF_ERA5_Reanalysis
2019-12-04,28.5,23.4,25.6,31.7,26.3,28.6,2.7,21.1,45.7,40,14.15,1003.3,loc_tiruchirappalli,10.7905,78.7047,ECMWF_ERA5_Reanalysis
2019-12-05,29.0,22.5,25.5,30.5,25.0,27.4,0.9,22.7,45.7,38,16.17,1004.5,loc_tiruchirappalli,10.7905,78.7047,ECMWF_ERA5_Reanalysis
2019-12-06,29.6,23.1,25.7,30.7,25.1,27.4,0.1,21.2,42.1,38,16.6,1004.2,loc_tiruchirappalli,10.7905,78.7047,ECMWF_ERA5_Reanalysis
2019-12-07,28.5,23.9,25.5,31.5,25.6,28.4,3.7,18.4,39.2,44,13.88,1003.5,loc_tiruchirappalli,10.7905,78.7047,ECMWF_ERA5_Reanalysis
2019-12-08,29.6,22.9,25.5,31.5,26.0,28.3,0.7,17.7,38.2,49,15.38,1004.0,loc_tiruchirappalli,10.7905,78.7047,ECMWF_ERA5_Reanalysis
2019-12-09,29.4,22.0,25.4,31.3,25.0,27.8,0.2,17.7,36.7,42,15.7,1004.0,loc_tiruchirappalli,10.7905,78.7047,ECMWF_ERA5_Reanalysis
2019-12-10,29.6,21.9,25.4,31.6,24.5,27.8,0.2,17.4,35.3,45,15.57,1002.9,loc_tiruchirappalli,10.7905,78.7047,ECMWF_ERA5_Reanalysis
2019-12-11,30.4,21.6,25.6,32.5,25.0,28.2,0.0,15.9,34.6,44,20.4,1001.9,loc_tiruchirappalli,10.7905,78.7047,ECMWF_ERA5_Reanalysis
2019-12-12,30.1,22.0,25.4,32.8,24.8,28.2,0.8,17.8,36.7,49,16.84,1002.2,loc_tiruchirappalli,10.7905,78.7047,ECMWF_ERA5_Reanalysis
2019-12-13,29.7,22.7,25.2,33.3,26.4,28.8,7.1,15.5,37.8,54,13.83,1002.8,loc_tiruchirappalli,10.7905,78.7047,ECMWF_ERA5_Reanalysis
2019-12-14,28.6,23.1,24.9,33.1,27.2,29.0,12.8,17.3,36.4,56,10.64,1004.2,loc_tiruchirappalli,10.7905,78.7047,ECMWF_ERA5_Reanalysis
2019-12-15,29.8,21.5,25.2,32.0,24.7,27.9,0.5,19.2,38.2,46,15.3,1003.6,loc_tiruchirappalli,10.7905,78.7047,ECMWF_ERA5_Reanalysis
2019-12-16,30.1,21.6,25.3,32.7,24.5,28.3,2.2,15.8,32.8,51,15.25,1003.1,loc_tiruchirappalli,10.7905,78.7047,ECMWF_ERA5_Reanalysis
2019-12-17,28.6,22.6,25.2,31.2,25.6,27.6,2.2,22.2,43.9,45,13.17,1003.8,loc_tiruchirappalli,10.7905,78.7047,ECMWF_ERA5_Reanalysis
2019-12-18,29.5,22.6,25.7,31.3,25.1,28.1,0.7,19.9,39.6,44,13.81,1004.0,loc_tiruchirappalli,10.7905,78.7047,ECMWF_ERA5_Reanalysis
2019-12-19,28.9,23.4,25.7,30.9,25.9,28.1,1.4,22.7,44.6,48,14.53,1003.4,loc_tiruchirappalli,10.7905,78.7047,ECMWF_ERA5_Reanalysis
2019-12-20,28.6,22.5,25.4,30.6,24.8,27.7,1.8,20.4,40.7,46,12.94,1002.8,loc_tiruchirappalli,10.7905,78.7047,ECMWF_ERA5_Reanalysis
2019-12-21,30.2,21.8,25.4,32.0,24.6,27.8,0.0,17.4,36.4,51,14.48,1003.1,loc_tiruchirappalli,10.7905,78.7047,ECMWF_ERA5_Reanalysis
2019-12-22,29.9,22.0,25.4,31.6,25.2,27.7,0.0,18.3,38.2,47,13.31,1003.0,loc_tiruchirappalli,10.7905,78.7047,ECMWF_ERA5_Reanalysis
2019-12-23,30.3,21.9,25.6,32.4,23.7,27.7,0.0,16.1,34.9,48,15.0,1003.3,loc_tiruchirappalli,10.7905,78.7047,ECMWF_ERA5_Reanalysis
2019-12-24,28.4,23.5,25.7,31.8,26.4,28.7,0.2,13.5,29.9,41,8.17,1003.8,loc_tiruchirappalli,10.7905,78.7047,ECMWF_ERA5_Reanalysis
2019-12-25,26.2,23.3,24.2,29.4,26.7,27.7,28.5,16.9,31.7,30,5.66,1004.0,loc_tiruchirappalli,10.7905,78.7047,ECMWF_ERA5_Reanalysis
2019-12-26,28.9,22.2,25.4,31.6,25.9,28.6,0.1,15.2,31.7,53,11.84,1003.5,loc_tiruchirappalli,10.7905,78.7047,ECMWF_ERA5_Reanalysis
2019-12-27,29.6,21.8,25.1,31.7,24.8,27.9,0.3,13.5,29.5,52,13.8,1002.5,loc_tiruchirappalli,10.7905,78.7047,ECMWF_ERA5_Reanalysis
2019-12-28,29.9,20.3,25.0,31.9,22.8,27.5,0.1,14.8,30.6,54,14.27,1002.9,loc_tiruchirappalli,10.7905,78.7047,ECMWF_ERA5_Reanalysis
2019-12-29,30.1,20.9,25.2,31.9,24.1,27.9,1.4,18.6,38.5,52,15.69,1003.2,loc_tiruchirappalli,10.7905,78.7047,ECMWF_ERA5_Reanalysis
2019-12-30,29.4,22.0,25.3,31.7,25.3,28.0,0.9,17.8,40.0,49,13.89,1003.6,loc_tiruchirappalli,10.7905,78.7047,ECMWF_ERA5_Reanalysis
2019-12-31,29.6,22.3,25.5,32.1,25.8,28.7,1.9,14.0,30.6,52,14.07,1004.1,loc_tiruchirappalli,10.7905,78.7047,ECMWF_ERA5_Reanalysis
2020-01-01,30.4,22.9,25.8,34.8,26.9,29.6,2.1,13.5,31.0,62,14.37,1004.4,loc_tiruchirappalli,10.7905,78.7047,ECMWF_ERA5_Reanalysis
2020-01-02,30.8,23.3,26.4,34.8,27.7,30.4,1.3,12.6,28.4,67,15.07,1005.4,loc_tiruchirappalli,10.7905,78.7047,ECMWF_ERA5_Reanalysis
2020-01-03,31.6,23.2,26.9,35.5,28.0,31.2,0.9,11.9,26.3,76,15.97,1004.1,loc_tiruchirappalli,10.7905,78.7047,ECMWF_ERA5_Reanalysis
2020-01-04,31.6,23.1,27.0,36.2,27.7,31.4,0.5,12.6,27.0,87,16.82,1002.6,loc_tiruchirappalli,10.7905,78.7047,ECMWF_ERA5_Reanalysis
2020-01-05,31.0,23.8,26.8,34.5,28.8,31.1,0.6,13.8,34.6,88,14.95,1002.4,loc_tiruchirappalli,10.7905,78.7047,ECMWF_ERA5_Reanalysis
2020-01-06,30.5,23.4,26.2,33.7,27.7,29.7,1.6,17.3,40.7,60,16.76,1004.3,loc_tiruchirappalli,10.7905,78.7047,ECMWF_ERA5_Reanalysis
2020-01-07,30.1,22.9,26.1,33.0,26.6,29.0,0.7,17.3,37.8,51,15.23,1004.2,loc_tiruchirappalli,10.7905,78.7047,ECMWF_ERA5_Reanalysis
2020-01-08,31.3,22.7,26.2,33.3,25.5,28.9,0.5,15.7,31.7,50,16.73,1003.7,loc_tiruchirappalli,10.7905,78.7047,ECMWF_ERA5_Reanalysis
2020-01-09,31.3,20.9,25.5,33.6,24.0,27.8,0.0,12.5,29.9,55,19.79,1003.5,loc_tiruchirappalli,10.7905,78.7047,ECMWF_ERA5_Reanalysis
2020-01-10,30.9,19.8,24.9,31.5,22.3,26.4,0.0,15.7,34.6,59,17.13,1003.8,loc_tiruchirappalli,10.7905,78.7047,ECMWF_ERA5_Reanalysis
2020-01-11,31.5,19.9,25.2,32.6,22.1,26.7,0.0,15.6,35.3,43,20.72,1004.5,loc_tiruchirappalli,10.7905,78.7047,ECMWF_ERA5_Reanalysis
2020-01-12,30.7,20.6,25.2,31.1,22.2,26.8,0.0,17.7,35.3,46,14.41,1003.7,loc_tiruchirappalli,10.7905,78.7047,ECMWF_ERA5_Reanalysis
2020-01-13,31.6,21.6,25.7,32.2,24.5,27.7,0.0,14.3,32.8,55,17.27,1002.5,loc_tiruchirappalli,10.7905,78.7047,ECMWF_ERA5_Reanalysis
2020-01-14,31.3,20.1,25.0,32.8,22.7,26.5,0.0,15.0,29.9,57,18.19,1002.6,loc_tiruchirappalli,10.7905,78.7047,ECMWF_ERA5_Reanalysis
2020-01-15,31.1,19.3,24.7,32.0,20.8,25.6,0.0,15.2,34.6,52,19.71,1003.0,loc_tiruchirappalli,10.7905,78.7047,ECMWF_ERA5_Reanalysis
2020-01-16,30.9,19.0,25.2,33.0,20.5,27.0,0.0,12.3,25.6,66,17.46,1003.1,loc_tiruchirappalli,10.7905,78.7047,ECMWF_ERA5_Reanalysis
2020-01-17,31.8,20.3,26.0,34.0,23.0,28.6,0.4,15.7,33.1,70,17.1,1003.0,loc_tiruchirappalli,10.7905,78.7047,ECMWF_ERA5_Reanalysis
2020-01-18,31.9,23.9,26.6,34.9,28.1,30.1,1.5,17.4,35.6,71,14.13,1002.9,loc_tiruchirappalli,10.7905,78.7047,ECMWF_ERA5_Reanalysis
2020-01-19,31.3,23.2,26.7,33.4,26.9,29.4,1.1,16.4,35.3,57,15.66,1003.4,loc_tiruchirappalli,10.7905,78.7047,ECMWF_ERA5_Reanalysis
2020-01-20,33.0,22.3,26.8,34.5,26.2,29.3,0.1,17.5,32.4,59,16.96,1004.2,loc_tiruchirappalli,10.7905,78.7047,ECMWF_ERA5_Reanalysis
2020-01-21,32.2,21.8,26.2,32.9,25.1,28.0,0.0,20.5,42.8,54,16.63,1005.4,loc_tiruchirappalli,10.7905,78.7047,ECMWF_ERA5_Reanalysis
2020-01-22,31.2,22.8,26.5,31.9,24.7,28.1,0.0,20.6,42.5,50,14.01,1005.6,loc_tiruchirappalli,10.7905,78.7047,ECMWF_ERA5_Reanalysis
2020-01-23,31.2,23.2,26.5,32.5,25.8,28.5,0.6,20.8,41.0,50,12.74,1004.5,loc_tiruchirappalli,10.7905,78.7047,ECMWF_ERA5_Reanalysis
2020-01-24,32.8,21.9,26.5,34.2,24.3,28.4,0.0,16.1,36.7,50,21.25,1004.3,loc_tiruchirappalli,10.7905,78.7047,ECMWF_ERA5_Reanalysis
2020-01-25,32.5,20.7,25.8,34.2,23.6,27.8,0.0,13.7,28.1,58,22.38,1004.3,loc_tiruchirappalli,10.7905,78.7047,ECMWF_ERA5_Reanalysis
2020-01-26,32.7,19.2,25.3,33.9,21.7,27.4,0.0,12.3,28.1,66,22.05,1003.5,loc_tiruchirappalli,10.7905,78.7047,ECMWF_ERA5_Reanalysis
2020-01-27,32.9,18.3,25.4,35.5,20.3,27.9,0.0,15.9,29.9,104,22.27,1003.2,loc_tiruchirappalli,10.7905,78.7047,ECMWF_ERA5_Reanalysis
2020-01-28,33.4,19.8,26.2,36.7,22.6,29.0,0.0,16.3,29.5,113,22.49,1003.4,loc_tiruchirappalli,10.7905,78.7047,ECMWF_ERA5_Reanalysis
2020-01-29,33.7,20.5,26.6,36.8,23.9,29.7,0.0,13.8,25.6,88,21.38,1004.0,loc_tiruchirappalli,10.7905,78.7047,ECMWF_ERA5_Reanalysis
2020-01-30,34.1,20.7,26.7,36.6,24.5,29.7,0.1,13.1,23.4,96,21.32,1003.3,loc_tiruchirappalli,10.7905,78.7047,ECMWF_ERA5_Reanalysis
2020-01-31,34.1,20.4,26.6,36.6,23.9,29.3,0.0,13.3,29.5,83,21.37,1002.3,loc_tiruchirappalli,10.7905,78.7047,ECMWF_ERA5_Reanalysis
2020-02-01,33.0,21.4,27.0,35.3,24.7,29.5,0.0,18.0,33.1,81,18.69,1002.9,loc_tiruchirappalli,10.7905,78.7047,ECMWF_ERA5_Reanalysis
2020-02-02,32.8,21.7,26.9,34.0,25.2,28.7,0.0,15.7,34.2,75,18.17,1004.8,loc_tiruchirappalli,10.7905,78.7047,ECMWF_ERA5_Reanalysis
2020-02-03,33.2,20.2,26.3,34.4,23.3,28.2,0.0,19.1,41.4,57,18.84,1004.9,loc_tiruchirappalli,10.7905,78.7047,ECMWF_ERA5_Reanalysis
2020-02-04,31.9,21.4,26.6,33.9,24.3,28.9,0.0,15.3,30.6,73,16.32,1003.6,loc_tiruchirappalli,10.7905,78.7047,ECMWF_ERA5_Reanalysis
2020-02-05,31.8,22.4,26.6,33.5,26.3,29.0,0.5,15.7,31.3,64,16.81,1003.7,loc_tiruchirappalli,10.7905,78.7047,ECMWF_ERA5_Reanalysis
2020-02-06,33.7,21.2,26.8,36.0,24.5,28.9,0.0,17.7,32.0,73,20.96,1003.7,loc_tiruchirappalli,10.7905,78.7047,ECMWF_ERA5_Reanalysis
2020-02-07,34.0,20.6,26.8,35.6,23.3,28.8,0.0,17.4,33.5,82,19.53,1004.3,loc_tiruchirappalli,10.7905,78.7047,ECMWF_ERA5_Reanalysis
2020-02-08,34.1,21.5,27.5,37.6,24.3,29.6,0.0,16.4,31.3,93,20.57,1004.3,loc_tiruchirappalli,10.7905,78.7047,ECMWF_ERA5_Reanalysis
2020-02-09,33.1,22.4,27.4,34.7,25.5,29.1,0.0,17.3,32.8,75,17.49,1004.3,loc_tiruchirappalli,10.7905,78.7047,ECMWF_ERA5_Reanalysis
2020-02-10,33.5,22.2,27.1,33.9,24.9,28.1,0.0,20.3,39.6,61,17.07,1004.1,loc_tiruchirappalli,10.7905,78.7047,ECMWF_ERA5_Reanalysis
2020-02-11,34.0,23.2,27.3,34.5,26.0,28.9,0.7,23.2,47.2,57,19.7,1004.4,loc_tiruchirappalli,10.7905,78.7047,ECMWF_ERA5_Reanalysis
2020-02-12,31.9,23.3,27.2,33.3,26.0,29.3,1.4,19.4,40.0,54,16.19,1005.5,loc_tiruchirappalli,10.7905,78.7047,ECMWF_ERA5_Reanalysis
2020-02-13,34.2,23.1,27.6,35.5,25.7,29.4,0.0,17.8,36.4,50,20.49,1005.1,loc_tiruchirappalli,10.7905,78.7047,ECMWF_ERA5_Reanalysis
2020-02-14,34.7,20.6,27.2,37.0,23.6,29.5,0.0,16.6,33.5,67,22.38,1003.2,loc_tiruchirappalli,10.7905,78.7047,ECMWF_ERA5_Reanalysis
2020-02-15,35.4,21.5,27.7,37.1,24.1,29.4,0.0,16.4,31.7,63,23.89,1002.8,loc_tiruchirappalli,10.7905,78.7047,ECMWF_ERA5_Reanalysis
2020-02-16,34.3,19.4,26.3,35.9,21.7,27.8,0.0,16.5,30.2,67,22.86,1004.3,loc_tiruchirappalli,10.7905,78.7047,ECMWF_ERA5_Reanalysis
2020-02-17,34.3,20.3,26.7,35.6,22.8,28.2,0.0,17.6,33.8,57,21.92,1004.9,loc_tiruchirappalli,10.7905,78.7047,ECMWF_ERA5_Reanalysis
2020-02-18,33.0,19.1,25.9,33.6,21.3,27.0,0.0,14.8,34.6,69,23.82,1004.9,loc_tiruchirappalli,10.7905,78.7047,ECMWF_ERA5_Reanalysis
2020-02-19,33.9,19.3,26.4,35.2,20.9,27.3,0.0,18.7,35.3,64,24.34,1004.3,loc_tiruchirappalli,10.7905,78.7047,ECMWF_ERA5_Reanalysis
2020-02-20,33.7,20.4,26.5,34.8,22.3,27.7,0.2,16.9,33.8,65,20.55,1004.0,loc_tiruchirappalli,10.7905,78.7047,ECMWF_ERA5_Reanalysis
2020-02-21,32.0,21.8,26.8,33.2,23.7,28.5,0.3,19.2,40.3,55,15.37,1004.9,loc_tiruchirappalli,10.7905,78.7047,ECMWF_ERA5_Reanalysis
2020-02-22,33.6,24.3,27.7,34.0,27.4,29.6,1.1,21.7,45.0,55,17.46,1005.7,loc_tiruchirappalli,10.7905,78.7047,ECMWF_ERA5_Reanalysis
2020-02-23,34.1,23.1,27.7,35.5,26.4,29.9,0.0,18.6,41.8,61,18.62,1005.2,loc_tiruchirappalli,10.7905,78.7047,ECMWF_ERA5_Reanalysis
2020-02-24,35.0,22.4,28.0,36.2,26.1,30.3,0.0,17.7,34.6,67,21.43,1002.8,loc_tiruchirappalli,10.7905,78.7047,ECMWF_ERA5_Reanalysis
2020-02-25,35.1,21.3,27.9,37.4,25.0,30.9,0.0,17.2,31.0,73,21.79,1001.7,loc_tiruchirappalli,10.7905,78.7047,ECMWF_ERA5_Reanalysis
2020-02-26,34.9,23.3,28.4,36.7,27.4,30.9,0.3,15.9,33.1,74,21.37,1002.0,loc_tiruchirappalli,10.7905,78.7047,ECMWF_ERA5_Reanalysis
2020-02-27,34.9,22.6,28.1,37.1,27.0,30.8,0.2,19.2,36.0,68,21.01,1002.3,loc_tiruchirappalli,10.7905,78.7047,ECMWF_ERA5_Reanalysis
2020-02-28,33.2,23.2,27.8,35.4,27.2,30.2,0.4,20.5,38.5,72,18.82,1001.7,loc_tiruchirappalli,10.7905,78.7047,ECMWF_ERA5_Reanalysis
2020-02-29,34.0,23.2,28.1,35.5,27.4,30.5,0.1,17.4,33.5,82,19.77,1001.6,loc_tiruchirappalli,10.7905,78.7047,ECMWF_ERA5_Reanalysis
2020-03-01,34.1,23.2,28.3,35.6,27.3,30.7,0.0,17.0,31.3,81,17.97,1001.8,loc_tiruchirappalli,10.7905,78.7047,ECMWF_ERA5_Reanalysis
2020-03-02,34.9,22.7,28.2,36.8,26.3,30.9,0.0,16.4,34.2,81,20.88,1002.3,loc_tiruchirappalli,10.7905,78.7047,ECMWF_ERA5_Reanalysis
2020-03-03,36.2,24.1,29.3,39.1,27.6,32.1,0.0,19.9,41.4,101,22.45,1001.9,loc_tiruchirappalli,10.7905,78.7047,ECMWF_ERA5_Reanalysis
2020-03-04,36.5,24.5,29.8,39.7,27.7,32.4,0.0,14.9,37.1,129,21.8,1001.2,loc_tiruchirappalli,10.7905,78.7047,ECMWF_ERA5_Reanalysis
2020-03-05,36.0,24.4,29.5,38.8,27.7,32.1,0.0,19.2,35.6,137,21.5,1000.7,loc_tiruchirappalli,10.7905,78.7047,ECMWF_ERA5_Reanalysis
2020-03-06,36.1,25.6,29.7,40.0,30.1,33.4,0.4,19.6,41.8,134,19.91,1000.9,loc_tiruchirappalli,10.7905,78.7047,ECMWF_ERA5_Reanalysis
2020-03-07,34.7,24.9,29.1,38.2,29.7,32.8,2.7,18.5,39.6,145,19.13,1002.3,loc_tiruchirappalli,10.7905,78.7047,ECMWF_ERA5_Reanalysis
2020-03-08,33.9,25.4,28.9,38.5,29.6,33.0,2.6,14.7,34.2,112,18.41,1002.0,loc_tiruchirappalli,10.7905,78.7047,ECMWF_ERA5_Reanalysis
2020-03-09,36.5,23.8,29.2,38.6,28.2,32.1,0.0,16.4,39.6,92,19.66,1000.9,loc_tiruchirappalli,10.7905,78.7047,ECMWF_ERA5_Reanalysis
2020-03-10,37.0,22.4,29.0,39.5,25.8,31.7,0.0,17.6,36.0,96,24.45,1001.4,loc_tiruchirappalli,10.7905,78.7047,ECMWF_ERA5_Reanalysis
2020-03-11,36.9,22.5,29.0,39.6,26.6,31.9,0.0,16.8,35.6,120,23.28,1001.9,loc_tiruchirappalli,10.7905,78.7047,ECMWF_ERA5_Reanalysis
2020-03-12,37.5,22.4,29.1,40.5,25.5,31.8,0.0,14.0,33.5,112,23.61,1002.8,loc_tiruchirappalli,10.7905,78.7047,ECMWF_ERA5_Reanalysis
2020-03-13,36.8,22.8,29.1,39.0,26.6,31.4,0.0,17.7,33.5,83,23.35,1002.8,loc_tiruchirappalli,10.7905,78.7047,ECMWF_ERA5_Reanalysis
2020-03-14,37.1,23.1,29.4,38.9,26.9,31.8,0.0,20.8,38.9,77,23.91,1001.7,loc_tiruchirappalli,10.7905,78.7047,ECMWF_ERA5_Reanalysis
2020-03-15,36.9,23.1,29.4,38.6,27.3,32.0,0.0,17.9,35.3,72,22.94,1001.4,loc_tiruchirappalli,10.7905,78.7047,ECMWF_ERA5_Reanalysis
2020-03-16,36.5,24.1,29.5,39.6,28.3,32.5,0.1,18.2,35.6,69,20.02,1002.5,loc_tiruchirappalli,10.7905,78.7047,ECMWF_ERA5_Reanalysis
2020-03-17,37.8,25.3,30.1,38.7,29.1,32.6,0.0,18.0,39.2,81,22.04,1003.9,loc_tiruchirappalli,10.7905,78.7047,ECMWF_ERA5_Reanalysis
2020-03-18,37.9,22.9,29.8,40.0,27.1,32.6,0.0,16.7,34.2,84,23.16,1003.1,loc_tiruchirappalli,10.7905,78.7047,ECMWF_ERA5_Reanalysis
2020-03-19,38.1,24.2,30.4,40.3,28.8,33.2,0.0,18.1,34.9,114,23.49,1002.3,loc_tiruchirappalli,10.7905,78.7047,ECMWF_ERA5_Reanalysis
2020-03-20,37.9,23.0,30.3,40.3,27.0,33.4,0.0,17.3,34.2,141,23.26,1001.9,loc_tiruchirappalli,10.7905,78.7047,ECMWF_ERA5_Reanalysis
2020-03-21,37.4,25.8,30.6,40.4,31.0,34.0,0.1,18.4,38.5,135,22.67,1001.8,loc_tiruchirappalli,10.7905,78.7047,ECMWF_ERA5_Reanalysis
2020-03-22,37.8,25.5,30.8,41.3,30.4,34.6,0.2,20.9,39.2,119,22.79,1001.5,loc_tiruchirappalli,10.7905,78.7047,ECMWF_ERA5_Reanalysis
2020-03-23,37.6,26.1,30.9,39.4,30.5,34.0,0.4,18.1,34.6,116,22.92,1001.3,loc_tiruchirappalli,10.7905,78.7047,ECMWF_ERA5_Reanalysis
2020-03-24,37.9,24.6,30.2,40.4,28.6,33.0,0.0,19.2,46.1,99,24.93,1000.1,loc_tiruchirappalli,10.7905,78.7047,ECMWF_ERA5_Reanalysis
2020-03-25,36.9,23.9,29.9,39.5,27.1,32.5,0.0,16.6,31.3,110,22.75,1000.3,loc_tiruchirappalli,10.7905,78.7047,ECMWF_ERA5_Reanalysis
2020-03-26,37.4,24.0,30.0,39.1,28.5,32.6,0.0,17.7,33.8,82,21.59,1000.7,loc_tiruchirappalli,10.7905,78.7047,ECMWF_ERA5_Reanalysis
2020-03-27,37.2,23.2,29.8,38.6,26.7,32.1,0.0,19.5,38.5,80,21.39,1002.4,loc_tiruchirappalli,10.7905,78.7047,ECMWF_ERA5_Reanalysis
2020-03-28,38.3,22.9,29.8,39.4,27.2,32.2,0.0,17.1,33.8,78,25.88,1001.4,loc_tiruchirappalli,10.7905,78.7047,ECMWF_ERA5_Reanalysis
2020-03-29,38.2,22.0,29.4,39.9,26.0,32.1,0.0,19.6,36.4,112,25.79,1000.7,loc_tiruchirappalli,10.7905,78.7047,ECMWF_ERA5_Reanalysis
2020-03-30,38.3,23.1,30.0,39.1,26.4,31.7,0.0,15.0,34.6,80,26.31,1001.1,loc_tiruchirappalli,10.7905,78.7047,ECMWF_ERA5_Reanalysis
2020-03-31,37.8,21.0,28.9,39.3,24.2,31.1,0.0,16.9,33.5,79,24.3,1001.8,loc_tiruchirappalli,10.7905,78.7047,ECMWF_ERA5_Reanalysis
2020-04-01,39.2,21.8,30.1,40.4,25.5,32.4,0.0,16.9,36.7,91,25.01,1001.3,loc_tiruchirappalli,10.7905,78.7047,ECMWF_ERA5_Reanalysis
2020-04-02,39.4,23.2,30.8,41.1,27.5,33.8,0.0,15.0,34.9,115,24.02,1000.1,loc_tiruchirappalli,10.7905,78.7047,ECMWF_ERA5_Reanalysis
2020-04-03,38.9,24.7,30.7,41.2,29.6,34.1,0.0,21.9,47.5,115,23.84,1000.7,loc_tiruchirappalli,10.7905,78.7047,ECMWF_ERA5_Reanalysis
2020-04-04,38.8,23.9,30.8,41.8,28.2,34.5,0.1,21.2,40.3,108,23.18,1001.4,loc_tiruchirappalli,10.7905,78.7047,ECMWF_ERA5_Reanalysis
2020-04-05,37.2,26.1,31.1,41.6,32.0,35.5,2.5,16.4,32.8,140,20.63,1002.3,loc_tiruchirappalli,10.7905,78.7047,ECMWF_ERA5_Reanalysis
2020-04-06,38.9,26.5,31.7,42.6,32.6,36.0,0.0,19.1,40.7,138,23.39,1001.7,loc_tiruchirappalli,10.7905,78.7047,ECMWF_ERA5_Reanalysis
2020-04-07,38.7,26.6,32.5,42.0,33.0,36.2,2.7,13.8,36.4,159,22.68,1000.7,loc_tiruchirappalli,10.7905,78.7047,ECMWF_ERA5_Reanalysis
2020-04-08,39.5,27.9,31.9,43.0,33.1,36.3,6.6,18.5,38.9,147,21.89,1001.0,loc_tiruchirappalli,10.7905,78.7047,ECMWF_ERA5_Reanalysis
2020-04-09,37.6,25.3,30.8,42.4,29.8,35.2,1.0,21.4,44.3,122,22.83,1001.1,loc_tiruchirappalli,10.7905,78.7047,ECMWF_ERA5_Reanalysis
2020-04-10,33.5,26.1,29.3,37.4,31.7,34.0,1.0,14.9,28.4,74,12.54,1002.0,loc_tiruchirappalli,10.7905,78.7047,ECMWF_ERA5_Reanalysis
2020-04-11,37.2,26.1,30.7,39.2,30.5,34.0,0.0,17.6,33.5,79,23.01,1002.9,loc_tiruchirappalli,10.7905,78.7047,ECMWF_ERA5_Reanalysis
2020-04-12,37.9,24.6,30.7,40.5,29.3,34.1,0.0,13.3,29.2,81,22.61,1002.0,loc_tiruchirappalli,10.7905,78.7047,ECMWF_ERA5_Reanalysis
2020-04-13,38.6,23.8,30.8,41.3,28.8,34.3,0.0,14.5,36.0,106,24.54,1000.6,loc_tiruchirappalli,10.7905,78.7047,ECMWF_ERA5_Reanalysis
2020-04-14,38.5,24.0,31.0,41.1,28.6,34.3,0.1,18.2,36.4,96,23.22,1000.6,loc_tiruchirappalli,10.7905,78.7047,ECMWF_ERA5_Reanalysis
2020-04-15,39.0,26.7,31.5,41.6,31.9,35.3,0.1,21.6,44.3,109,23.16,1001.7,loc_tiruchirappalli,10.7905,78.7047,ECMWF_ERA5_Reanalysis
2020-04-16,39.2,26.8,31.6,42.1,32.0,35.4,0.1,21.8,45.0,126,23.68,1000.6,loc_tiruchirappalli,10.7905,78.7047,ECMWF_ERA5_Reanalysis
2020-04-17,39.5,26.2,32.2,43.0,30.7,35.9,0.5,18.4,45.7,144,23.73,999.9,loc_tiruchirappalli,10.7905,78.7047,ECMWF_ERA5_Reanalysis
2020-04-18,39.3,27.6,32.4,42.3,33.0,36.3,0.2,18.8,36.7,148,22.45,1000.1,loc_tiruchirappalli,10.7905,78.7047,ECMWF_ERA5_Reanalysis
2020-04-19,37.2,26.2,31.3,40.8,32.2,35.5,1.7,16.8,33.8,121,20.57,1000.2,loc_tiruchirappalli,10.7905,78.7047,ECMWF_ERA5_Reanalysis
2020-04-20,38.2,26.2,31.6,40.5,32.0,35.1,0.2,17.1,35.6,107,23.16,1000.1,loc_tiruchirappalli,10.7905,78.7047,ECMWF_ERA5_Reanalysis
2020-04-21,38.8,25.1,31.6,42.3,30.4,35.2,0.1,18.7,40.0,122,23.2,1000.2,loc_tiruchirappalli,10.7905,78.7047,ECMWF_ERA5_Reanalysis
2020-04-22,39.2,26.9,31.8,42.6,32.0,35.7,0.9,19.5,40.3,148,22.72,1000.0,loc_tiruchirappalli,10.7905,78.7047,ECMWF_ERA5_Reanalysis
2020-04-23,41.0,26.2,32.6,43.8,31.3,36.5,0.0,24.0,51.1,144,24.63,999.2,loc_tiruchirappalli,10.7905,78.7047,ECMWF_ERA5_Reanalysis
2020-04-24,38.4,26.9,32.4,41.7,32.8,36.5,0.0,18.4,34.6,162,22.63,999.3,loc_tiruchirappalli,10.7905,78.7047,ECMWF_ERA5_Reanalysis
2020-04-25,41.2,27.8,33.6,44.8,33.1,37.6,0.3,16.6,46.4,159,22.82,998.5,loc_tiruchirappalli,10.7905,78.7047,ECMWF_ERA5_Reanalysis
2020-04-26,39.2,25.7,32.0,42.3,29.9,36.6,1.0,13.3,31.0,142,19.31,1000.0,loc_tiruchirappalli,10.7905,78.7047,ECMWF_ERA5_Reanalysis
2020-04-27,40.0,27.1,32.9,45.4,33.1,37.8,1.4,18.7,41.0,132,22.6,1000.3,loc_tiruchirappalli,10.7905,78.7047,ECMWF_ERA5_Reanalysis
2020-04-28,36.3,25.0,30.8,42.4,30.4,36.1,10.5,13.0,28.1,132,21.17,1000.2,loc_tiruchirappalli,10.7905,78.7047,ECMWF_ERA5_Reanalysis
2020-04-29,36.4,25.2,30.4,41.8,31.4,35.7,1.7,12.1,29.5,313,21.86,1000.0,loc_tiruchirappalli,10.7905,78.7047,ECMWF_ERA5_Reanalysis
2020-04-30,33.5,25.9,29.8,39.5,31.6,35.3,10.9,16.0,35.6,137,16.96,1000.6,loc_tiruchirappalli,10.7905,78.7047,ECMWF_ERA5_Reanalysis
2020-05-01,38.4,26.4,31.9,43.6,32.6,36.7,0.0,14.9,27.0,153,23.63,999.7,loc_tiruchirappalli,10.7905,78.7047,ECMWF_ERA5_Reanalysis
2020-05-02,39.4,26.7,32.8,44.1,32.9,37.8,0.0,11.8,23.8,128,22.98,998.2,loc_tiruchirappalli,10.7905,78.7047,ECMWF_ERA5_Reanalysis
2020-05-03,38.8,27.5,32.6,42.1,33.8,37.2,0.0,15.3,29.2,134,21.42,998.3,loc_tiruchirappalli,10.7905,78.7047,ECMWF_ERA5_Reanalysis
2020-05-04,40.1,27.0,32.7,43.5,33.2,36.8,0.0,15.5,30.2,107,22.42,999.3,loc_tiruchirappalli,10.7905,78.7047,ECMWF_ERA5_Reanalysis
2020-05-05,40.6,26.8,32.4,43.4,32.6,36.6,0.1,16.8,35.3,122,23.06,999.1,loc_tiruchirappalli,10.7905,78.7047,ECMWF_ERA5_Reanalysis
2020-05-06,39.9,26.9,32.6,43.0,32.9,36.8,0.0,18.7,39.2,149,22.43,998.7,loc_tiruchirappalli,10.7905,78.7047,ECMWF_ERA5_Reanalysis
2020-05-07,40.3,27.2,32.7,43.5,32.9,36.7,0.0,19.2,43.9,153,21.38,998.8,loc_tiruchirappalli,10.7905,78.7047,ECMWF_ERA5_Reanalysis
2020-05-08,38.9,27.7,32.5,43.2,32.8,36.6,0.1,17.1,41.4,158,22.1,999.0,loc_tiruchirappalli,10.7905,78.7047,ECMWF_ERA5_Reanalysis
2020-05-09,40.4,26.9,32.7,43.7,32.5,36.8,0.2,20.1,43.9,136,23.65,998.9,loc_tiruchirappalli,10.7905,78.7047,ECMWF_ERA5_Reanalysis
2020-05-10,40.0,26.8,32.7,42.5,32.4,37.0,0.1,16.3,42.1,120,22.81,998.6,loc_tiruchirappalli,10.7905,78.7047,ECMWF_ERA5_Reanalysis
2020-05-11,37.5,27.8,32.1,40.6,33.5,36.4,1.2,18.8,36.4,117,20.44,999.1,loc_tiruchirappalli,10.7905,78.7047,ECMWF_ERA5_Reanalysis
2020-05-12,35.6,27.2,30.6,39.4,33.5,35.3,2.4,15.6,36.4,88,16.84,998.9,loc_tiruchirappalli,10.7905,78.7047,ECMWF_ERA5_Reanalysis
2020-05-13,37.1,26.4,31.2,42.8,32.1,35.9,0.6,14.3,38.2,119,19.3,998.0,loc_tiruchirappalli,10.7905,78.7047,ECMWF_ERA5_Reanalysis
2020-05-14,39.4,26.6,32.5,43.4,32.0,37.0,0.0,17.4,37.4,115,22.75,997.0,loc_tiruchirappalli,10.7905,78.7047,ECMWF_ERA5_Reanalysis
2020-05-15,39.8,27.3,32.8,43.9,32.9,37.3,1.4,15.3,37.4,105,22.15,995.9,loc_tiruchirappalli,10.7905,78.7047,ECMWF_ERA5_Reanalysis
2020-05-16,41.2,26.5,33.4,43.4,32.9,37.2,0.7,18.2,37.1,331,22.25,995.2,loc_tiruchirappalli,10.7905,78.7047,ECMWF_ERA5_Reanalysis
2020-05-17,40.4,28.9,34.1,43.5,34.7,38.2,0.0,20.2,42.5,299,19.38,994.0,loc_tiruchirappalli,10.7905,78.7047,ECMWF_ERA5_Reanalysis
2020-05-18,38.7,26.6,32.2,40.4,30.1,34.7,0.4,27.7,58.3,284,18.66,993.1,loc_tiruchirappalli,10.7905,78.7047,ECMWF_ERA5_Reanalysis
2020-05-19,39.9,28.6,33.1,41.6,30.3,34.5,0.0,27.0,57.2,283,20.77,992.7,loc_tiruchirappalli,10.7905,78.7047,ECMWF_ERA5_Reanalysis
2020-05-20,41.5,28.6,34.0,43.2,29.8,35.4,0.0,26.0,49.0,277,23.06,993.7,loc_tiruchirappalli,10.7905,78.7047,ECMWF_ERA5_Reanalysis
2020-05-21,41.0,28.1,34.1,43.5,31.1,36.2,0.0,18.7,38.5,236,21.24,995.6,loc_tiruchirappalli,10.7905,78.7047,ECMWF_ERA5_Reanalysis
2020-05-22,40.4,28.6,33.7,43.7,31.7,36.5,0.0,17.9,33.5,245,17.27,996.1,loc_tiruchirappalli,10.7905,78.7047,ECMWF_ERA5_Reanalysis
2020-05-23,42.3,29.2,35.1,45.4,33.8,38.3,0.0,17.7,34.6,251,20.8,995.9,loc_tiruchirappalli,10.7905,78.7047,ECMWF_ERA5_Reanalysis
2020-05-24,41.8,28.8,34.9,44.2,32.7,37.9,0.0,19.6,38.9,277,22.54,996.7,loc_tiruchirappalli,10.7905,78.7047,ECMWF_ERA5_Reanalysis
2020-05-25,42.1,28.9,34.6,45.9,32.7,38.3,0.0,18.2,46.1,198,23.45,997.8,loc_tiruchirappalli,10.7905,78.7047,ECMWF_ERA5_Reanalysis
2020-05-26,40.9,29.7,34.5,44.8,34.1,38.3,0.0,17.6,38.9,205,21.88,997.8,loc_tiruchirappalli,10.7905,78.7047,ECMWF_ERA5_Reanalysis
2020-05-27,40.5,30.1,34.0,44.3,34.9,38.0,1.3,13.9,34.9,244,20.05,997.5,loc_tiruchirappalli,10.7905,78.7047,ECMWF_ERA5_Reanalysis
2020-05-28,37.5,29.2,32.1,40.8,32.5,35.8,0.4,18.6,36.0,250,16.26,997.2,loc_tiruchirappalli,10.7905,78.7047,ECMWF_ERA5_Reanalysis
2020-05-29,40.4,27.3,33.4,44.4,31.5,36.8,0.5,15.5,34.6,236,21.95,997.0,loc_tiruchirappalli,10.7905,78.7047,ECMWF_ERA5_Reanalysis
2020-05-30,39.1,28.9,33.4,43.1,33.3,37.0,0.1,18.0,36.4,192,22.19,997.6,loc_tiruchirappalli,10.7905,78.7047,ECMWF_ERA5_Reanalysis
2020-05-31,38.9,28.0,32.7,43.3,32.2,36.6,0.3,19.1,36.4,190,19.69,998.4,loc_tiruchirappalli,10.7905,78.7047,ECMWF_ERA5_Reanalysis
2020-06-01,37.8,27.5,31.1,43.5,31.9,35.6,2.0,20.5,43.6,242,19.12,999.4,loc_tiruchirappalli,10.7905,78.7047,ECMWF_ERA5_Reanalysis
2020-06-02,37.3,26.2,30.8,40.3,31.8,35.1,0.6,18.1,44.6,251,19.93,999.0,loc_tiruchirappalli,10.7905,78.7047,ECMWF_ERA5_Reanalysis
2020-06-03,38.6,25.9,31.5,43.4,29.7,35.3,0.5,17.4,36.0,230,22.63,998.3,loc_tiruchirappalli,10.7905,78.7047,ECMWF_ERA5_Reanalysis
2020-06-04,39.5,26.6,31.9,43.4,30.7,35.7,0.5,21.1,43.6,240,22.63,998.4,loc_tiruchirappalli,10.7905,78.7047,ECMWF_ERA5_Reanalysis
2020-06-05,38.7,27.4,31.4,43.2,32.2,35.8,2.9,23.2,48.6,251,20.03,998.4,loc_tiruchirappalli,10.7905,78.7047,ECMWF_ERA5_Reanalysis
2020-06-06,37.6,27.6,31.6,41.4,30.9,34.6,1.5,19.7,45.0,255,20.62,998.0,loc_tiruchirappalli,10.7905,78.7047,ECMWF_ERA5_Reanalysis
2020-06-07,36.4,27.6,31.7,38.2,29.8,33.3,0.1,25.7,58.3,276,20.61,997.6,loc_tiruchirappalli,10.7905,78.7047,ECMWF_ERA5_Reanalysis
2020-06-08,38.7,28.4,33.1,39.8,30.2,34.2,0.0,20.7,38.9,277,20.59,996.5,loc_tiruchirappalli,10.7905,78.7047,ECMWF_ERA5_Reanalysis
2020-06-09,40.3,28.2,33.4,41.8,29.9,35.0,0.0,22.0,45.0,282,21.94,995.8,loc_tiruchirappalli,10.7905,78.7047,ECMWF_ERA5_Reanalysis
2020-06-10,39.8,28.1,32.0,42.0,30.2,34.0,1.1,24.0,47.5,282,17.23,995.3,loc_tiruchirappalli,10.7905,78.7047,ECMWF_ERA5_Reanalysis
2020-06-11,35.3,27.2,30.7,36.5,29.3,32.3,0.0,24.8,49.3,278,13.54,994.9,loc_tiruchirappalli,10.7905,78.7047,ECMWF_ERA5_Reanalysis
2020-06-12,34.7,27.9,31.0,33.8,30.5,31.9,0.1,33.2,69.1,276,15.86,994.7,loc_tiruchirappalli,10.7905,78.7047,ECMWF_ERA5_Reanalysis
2020-06-13,40.0,27.2,32.4,42.1,30.6,34.6,0.8,22.4,45.0,273,22.42,994.7,loc_tiruchirappalli,10.7905,78.7047,ECMWF_ERA5_Reanalysis
2020-06-14,37.9,28.0,32.4,38.8,29.8,33.3,0.1,29.8,68.8,278,22.06,996.1,loc_tiruchirappalli,10.7905,78.7047,ECMWF_ERA5_Reanalysis
2020-06-15,38.9,28.4,33.3,39.2,30.2,34.3,0.0,28.8,60.8,279,22.95,995.9,loc_tiruchirappalli,10.7905,78.7047,ECMWF_ERA5_Reanalysis
2020-06-16,39.1,28.5,33.4,39.7,30.7,34.9,0.0,27.5,58.0,269,21.6,995.2,loc_tiruchirappalli,10.7905,78.7047,ECMWF_ERA5_Reanalysis
2020-06-17,40.1,28.2,33.2,41.2,31.0,35.0,0.2,20.2,50.8,272,21.04,995.7,loc_tiruchirappalli,10.7905,78.7047,ECMWF_ERA5_Reanalysis
2020-06-18,38.7,28.3,32.8,39.7,30.4,34.0,0.0,26.4,58.7,281,23.46,997.2,loc_tiruchirappalli,10.7905,78.7047,ECMWF_ERA5_Reanalysis
2020-06-19,39.8,27.8,33.1,42.7,30.3,35.0,0.2,26.0,51.5,275,23.26,997.5,loc_tiruchirappalli,10.7905,78.7047,ECMWF_ERA5_Reanalysis
2020-06-20,39.6,28.2,33.1,40.8,30.7,34.8,0.0,21.7,50.0,283,22.72,997.1,loc_tiruchirappalli,10.7905,78.7047,ECMWF_ERA5_Reanalysis
2020-06-21,38.1,28.3,32.2,38.0,30.1,33.4,0.2,27.7,58.3,278,19.47,996.4,loc_tiruchirappalli,10.7905,78.7047,ECMWF_ERA5_Reanalysis
2020-06-22,36.8,27.3,31.4,38.4,29.6,32.8,0.0,22.8,48.2,275,19.36,995.3,loc_tiruchirappalli,10.7905,78.7047,ECMWF_ERA5_Reanalysis
2020-06-23,35.7,27.5,31.3,37.3,29.5,33.2,0.0,22.5,41.4,274,13.44,996.5,loc_tiruchirappalli,10.7905,78.7047,ECMWF_ERA5_Reanalysis
2020-06-24,38.0,26.0,29.9,41.9,30.5,34.0,4.8,12.5,38.5,297,18.33,996.8,loc_tiruchirappalli,10.7905,78.7047,ECMWF_ERA5_Reanalysis
2020-06-25,35.9,25.6,29.0,40.5,29.1,33.3,8.0,15.5,32.8,267,17.37,995.8,loc_tiruchirappalli,10.7905,78.7047,ECMWF_ERA5_Reanalysis
2020-06-26,36.6,24.5,28.7,42.4,30.0,33.9,8.5,23.4,44.3,242,20.67,995.4,loc_tiruchirappalli,10.7905,78.7047,ECMWF_ERA5_Reanalysis
2020-06-27,35.9,25.5,30.4,40.2,29.0,34.4,0.3,12.4,33.8,272,22.15,995.7,loc_tiruchirappalli,10.7905,78.7047,ECMWF_ERA5_Reanalysis
2020-06-28,36.9,26.9,30.7,41.1,29.5,34.4,1.1,19.3,38.5,282,21.79,995.4,loc_tiruchirappalli,10.7905,78.7047,ECMWF_ERA5_Reanalysis
2020-06-29,37.1,26.9,30.2,41.0,30.0,34.3,3.4,14.6,40.3,270,21.3,995.0,loc_tiruchirappalli,10.7905,78.7047,ECMWF_ERA5_Reanalysis
2020-06-30,38.1,26.4,30.8,39.6,29.3,33.5,0.3,22.6,46.8,261,21.58,994.9,loc_tiruchirappalli,10.7905,78.7047,ECMWF_ERA5_Reanalysis
2020-07-01,36.6,27.0,31.4,38.2,30.4,33.8,0.0,19.5,45.7,271,19.92,995.6,loc_tiruchirappalli,10.7905,78.7047,ECMWF_ERA5_Reanalysis
2020-07-02,37.3,27.2,31.3,38.2,29.8,33.4,0.0,20.5,41.4,281,17.16,995.6,loc_tiruchirappalli,10.7905,78.7047,ECMWF_ERA5_Reanalysis
2020-07-03,34.5,25.1,28.7,34.7,27.7,30.8,2.6,24.9,55.1,277,10.49,996.2,loc_tiruchirappalli,10.7905,78.7047,ECMWF_ERA5_Reanalysis
2020-07-04,36.9,25.4,30.5,39.8,27.9,33.0,0.8,18.7,44.3,262,17.7,995.6,loc_tiruchirappalli,10.7905,78.7047,ECMWF_ERA5_Reanalysis
2020-07-05,36.2,27.0,30.7,37.5,30.2,33.1,0.0,21.3,43.2,269,12.27,995.3,loc_tiruchirappalli,10.7905,78.7047,ECMWF_ERA5_Reanalysis
2020-07-06,38.7,27.4,32.2,40.8,29.3,33.8,0.1,23.8,51.5,275,21.12,995.1,loc_tiruchirappalli,10.7905,78.7047,ECMWF_ERA5_Reanalysis
2020-07-07,38.7,27.6,32.3,41.5,30.4,34.4,0.3,21.1,40.7,271,22.51,996.7,loc_tiruchirappalli,10.7905,78.7047,ECMWF_ERA5_Reanalysis
2020-07-08,38.7,27.5,31.7,42.1,30.0,34.1,0.7,20.4,42.5,273,19.06,997.6,loc_tiruchirappalli,10.7905,78.7047,ECMWF_ERA5_Reanalysis
2020-07-09,37.7,26.8,30.6,41.2,29.2,33.7,3.8,14.8,27.7,270,18.93,997.2,loc_tiruchirappalli,10.7905,78.7047,ECMWF_ERA5_Reanalysis
2020-07-10,34.6,24.0,28.9,38.0,28.1,32.2,3.8,18.0,36.0,272,18.8,997.8,loc_tiruchirappalli,10.7905,78.7047,ECMWF_ERA5_Reanalysis
2020-07-11,37.1,25.9,29.7,41.0,29.2,33.9,4.0,13.7,31.7,253,21.29,997.2,loc_tiruchirappalli,10.7905,78.7047,ECMWF_ERA5_Reanalysis
2020-07-12,37.7,25.5,30.7,40.4,28.8,34.0,0.3,19.9,46.8,270,21.89,996.3,loc_tiruchirappalli,10.7905,78.7047,ECMWF_ERA5_Reanalysis
2020-07-13,36.8,26.4,30.9,38.2,29.0,33.3,0.3,18.2,39.6,273,18.5,995.8,loc_tiruchirappalli,10.7905,78.7047,ECMWF_ERA5_Reanalysis
2020-07-14,37.5,26.7,31.4,39.5,30.0,34.3,1.1,15.6,43.2,285,19.7,995.5,loc_tiruchirappalli,10.7905,78.7047,ECMWF_ERA5_Reanalysis
2020-07-15,35.2,26.0,30.1,38.0,30.4,33.7,0.3,21.7,42.8,268,14.48,995.7,loc_tiruchirappalli,10.7905,78.7047,ECMWF_ERA5_Reanalysis
2020-07-16,35.4,27.2,30.4,35.8,29.5,31.9,0.1,26.0,54.4,278,16.62,995.3,loc_tiruchirappalli,10.7905,78.7047,ECMWF_ERA5_Reanalysis
2020-07-17,34.7,26.5,29.7,35.2,29.1,31.3,0.0,30.7,61.2,276,18.53,995.6,loc_tiruchirappalli,10.7905,78.7047,ECMWF_ERA5_Reanalysis
2020-07-18,37.0,26.4,30.9,40.2,29.0,33.9,0.8,15.1,33.8,279,19.61,996.2,loc_tiruchirappalli,10.7905,78.7047,ECMWF_ERA5_Reanalysis
2020-07-19,35.4,26.2,30.0,40.0,29.6,34.0,1.5,13.8,25.9,264,17.71,996.9,loc_tiruchirappalli,10.7905,78.7047,ECMWF_ERA5_Reanalysis
2020-07-20,34.1,25.3,28.8,38.7,29.7,33.4,7.6,16.4,35.3,191,20.55,996.4,loc_tiruchirappalli,10.7905,78.7047,ECMWF_ERA5_Reanalysis
2020-07-21,35.4,25.1,30.0,39.3,28.2,33.2,0.2,16.8,33.5,213,23.15,996.9,loc_tiruchirappalli,10.7905,78.7047,ECMWF_ERA5_Reanalysis
2020-07-22,35.2,25.3,30.1,38.7,30.0,33.7,0.7,14.9,34.6,159,21.63,997.2,loc_tiruchirappalli,10.7905,78.7047,ECMWF_ERA5_Reanalysis
2020-07-23,36.4,26.2,30.1,41.0,30.2,34.1,5.3,16.1,38.2,192,19.11,996.8,loc_tiruchirappalli,10.7905,78.7047,ECMWF_ERA5_Reanalysis
2020-07-24,35.9,25.3,29.2,41.1,30.2,34.2,4.0,20.6,39.6,234,19.66,997.5,loc_tiruchirappalli,10.7905,78.7047,ECMWF_ERA5_Reanalysis
2020-07-25,34.7,25.5,29.4,38.4,29.1,33.1,4.1,13.7,32.4,260,17.31,998.5,loc_tiruchirappalli,10.7905,78.7047,ECMWF_ERA5_Reanalysis
2020-07-26,36.5,25.0,30.6,39.1,28.6,33.3,0.2,15.4,40.3,280,20.29,999.4,loc_tiruchirappalli,10.7905,78.7047,ECMWF_ERA5_Reanalysis
2020-07-27,37.4,26.9,31.7,39.3,29.5,33.7,0.0,18.1,40.7,286,21.61,998.1,loc_tiruchirappalli,10.7905,78.7047,ECMWF_ERA5_Reanalysis
2020-07-28,35.8,26.9,30.6,37.5,29.7,33.1,0.0,17.4,38.9,283,16.33,996.5,loc_tiruchirappalli,10.7905,78.7047,ECMWF_ERA5_Reanalysis
2020-07-29,31.2,24.5,27.4,33.4,28.7,30.7,12.2,20.5,42.1,275,11.7,996.3,loc_tiruchirappalli,10.7905,78.7047,ECMWF_ERA5_Reanalysis
2020-07-30,35.7,25.9,30.2,38.7,28.4,33.0,0.5,22.4,56.5,274,22.62,995.9,loc_tiruchirappalli,10.7905,78.7047,ECMWF_ERA5_Reanalysis
2020-07-31,36.3,26.2,29.7,40.7,29.5,33.5,6.4,16.6,34.2,263,21.86,995.7,loc_tiruchirappalli,10.7905,78.7047,ECMWF_ERA5_Reanalysis
2020-08-01,35.3,26.0,29.9,36.4,28.7,32.2,0.1,25.4,52.2,269,21.23,996.3,loc_tiruchirappalli,10.7905,78.7047,ECMWF_ERA5_Reanalysis
2020-08-02,31.4,25.6,28.1,33.3,28.2,30.3,2.8,24.8,47.2,273,8.82,997.1,loc_tiruchirappalli,10.7905,78.7047,ECMWF_ERA5_Reanalysis
2020-08-03,36.3,25.3,30.3,36.0,27.6,31.5,0.5,32.4,68.0,274,20.67,995.6,loc_tiruchirappalli,10.7905,78.7047,ECMWF_ERA5_Reanalysis
2020-08-04,36.2,28.1,31.2,35.5,29.1,31.1,0.0,36.7,77.8,270,20.05,994.1,loc_tiruchirappalli,10.7905,78.7047,ECMWF_ERA5_Reanalysis
2020-08-05,35.8,27.2,31.1,33.9,28.9,30.9,0.0,36.3,72.4,256,14.81,992.9,loc_tiruchirappalli,10.7905,78.7047,ECMWF_ERA5_Reanalysis
2020-08-06,36.0,28.3,31.6,35.2,29.5,32.1,0.0,35.0,80.3,265,16.96,994.4,loc_tiruchirappalli,10.7905,78.7047,ECMWF_ERA5_Reanalysis
2020-08-07,36.8,27.9,31.6,37.4,29.4,32.7,0.1,30.4,69.8,277,21.32,996.6,loc_tiruchirappalli,10.7905,78.7047,ECMWF_ERA5_Reanalysis
2020-08-08,33.4,26.8,29.6,34.1,28.7,31.2,0.1,25.2,53.3,274,11.04,997.4,loc_tiruchirappalli,10.7905,78.7047,ECMWF_ERA5_Reanalysis
2020-08-09,30.4,24.3,27.5,31.7,27.8,29.8,1.9,24.7,50.0,268,8.7,997.3,loc_tiruchirappalli,10.7905,78.7047,ECMWF_ERA5_Reanalysis
2020-08-10,32.2,24.3,27.9,34.5,27.2,30.2,1.5,25.1,50.4,277,14.34,997.4,loc_tiruchirappalli,10.7905,78.7047,ECMWF_ERA5_Reanalysis
2020-08-11,36.7,26.2,30.5,37.9,28.2,32.3,0.0,25.0,60.1,276,22.41,998.0,loc_tiruchirappalli,10.7905,78.7047,ECMWF_ERA5_Reanalysis
2020-08-12,35.9,26.1,30.5,36.2,27.6,31.7,0.0,25.8,57.2,278,19.13,998.9,loc_tiruchirappalli,10.7905,78.7047,ECMWF_ERA5_Reanalysis
2020-08-13,37.2,26.3,31.1,38.8,28.2,32.6,0.0,23.6,51.8,276,22.23,997.1,loc_tiruchirappalli,10.7905,78.7047,ECMWF_ERA5_Reanalysis
2020-08-14,36.6,26.6,31.0,37.7,28.3,32.1,0.0,24.4,54.4,278,18.59,996.0,loc_tiruchirappalli,10.7905,78.7047,ECMWF_ERA5_Reanalysis
2020-08-15,37.1,26.6,30.9,36.6,28.7,31.9,0.0,25.6,54.0,278,17.81,996.5,loc_tiruchirappalli,10.7905,78.7047,ECMWF_ERA5_Reanalysis
2020-08-16,37.6,25.9,31.2,38.4,27.8,32.1,0.0,25.2,54.7,279,22.62,997.1,loc_tiruchirappalli,10.7905,78.7047,ECMWF_ERA5_Reanalysis
2020-08-17,37.7,27.4,31.8,38.7,29.2,32.7,0.0,26.8,55.8,279,20.73,996.6,loc_tiruchirappalli,10.7905,78.7047,ECMWF_ERA5_Reanalysis
2020-08-18,38.3,27.0,31.9,39.8,29.0,33.3,0.4,22.7,55.8,279,21.8,996.7,loc_tiruchirappalli,10.7905,78.7047,ECMWF_ERA5_Reanalysis
2020-08-19,39.5,26.7,32.0,43.0,29.4,34.7,3.6,17.2,34.9,274,22.26,995.8,loc_tiruchirappalli,10.7905,78.7047,ECMWF_ERA5_Reanalysis
2020-08-20,38.2,27.1,32.2,39.2,29.5,33.8,0.0,19.5,47.2,270,19.54,995.8,loc_tiruchirappalli,10.7905,78.7047,ECMWF_ERA5_Reanalysis
2020-08-21,39.9,27.3,32.8,42.6,30.4,35.6,0.7,16.3,37.8,255,23.36,997.6,loc_tiruchirappalli,10.7905,78.7047,ECMWF_ERA5_Reanalysis
2020-08-22,39.6,27.4,32.4,42.7,31.3,35.7,3.1,13.8,33.8,220,22.6,998.4,loc_tiruchirappalli,10.7905,78.7047,ECMWF_ERA5_Reanalysis
2020-08-23,38.5,25.3,29.9,41.6,30.1,34.1,7.4,21.9,42.8,250,21.59,998.6,loc_tiruchirappalli,10.7905,78.7047,ECMWF_ERA5_Reanalysis
2020-08-24,35.6,25.3,29.4,41.8,30.0,34.5,2.8,9.7,30.6,285,23.01,998.8,loc_tiruchirappalli,10.7905,78.7047,ECMWF_ERA5_Reanalysis
2020-08-25,35.7,25.6,29.4,41.7,30.5,34.6,0.3,21.7,42.5,308,20.1,999.4,loc_tiruchirappalli,10.7905,78.7047,ECMWF_ERA5_Reanalysis
2020-08-26,35.7,25.5,29.2,41.6,31.4,34.3,2.0,13.8,36.7,253,18.65,999.4,loc_tiruchirappalli,10.7905,78.7047,ECMWF_ERA5_Reanalysis
2020-08-27,36.7,25.2,29.7,42.1,30.1,34.4,0.6,14.0,34.6,247,22.44,998.3,loc_tiruchirappalli,10.7905,78.7047,ECMWF_ERA5_Reanalysis
2020-08-28,35.9,24.9,30.4,41.3,28.4,34.5,0.0,13.6,30.2,248,23.02,997.3,loc_tiruchirappalli,10.7905,78.7047,ECMWF_ERA5_Reanalysis
2020-08-29,37.8,26.2,31.0,42.1,28.4,34.5,0.0,17.1,31.0,250,24.5,997.3,loc_tiruchirappalli,10.7905,78.7047,ECMWF_ERA5_Reanalysis
2020-08-30,37.6,26.7,31.5,42.6,29.7,35.2,0.3,15.3,33.1,277,23.1,997.6,loc_tiruchirappalli,10.7905,78.7047,ECMWF_ERA5_Reanalysis
2020-08-31,37.4,25.9,30.1,42.7,30.0,34.1,5.8,14.1,31.3,284,20.47,998.4,loc_tiruchirappalli,10.7905,78.7047,ECMWF_ERA5_Reanalysis
2020-09-01,34.8,24.7,28.5,40.5,28.9,33.4,22.7,16.4,34.6,293,21.33,998.3,loc_tiruchirappalli,10.7905,78.7047,ECMWF_ERA5_Reanalysis
2020-09-02,28.8,24.4,26.3,33.9,29.7,31.5,9.8,9.9,22.7,224,8.23,998.2,loc_tiruchirappalli,10.7905,78.7047,ECMWF_ERA5_Reanalysis
2020-09-03,32.3,24.3,27.6,39.1,29.6,33.2,3.1,9.4,23.4,212,20.27,997.5,loc_tiruchirappalli,10.7905,78.7047,ECMWF_ERA5_Reanalysis
2020-09-04,32.7,24.7,27.9,39.4,30.2,33.8,4.6,11.2,28.1,104,21.33,997.4,loc_tiruchirappalli,10.7905,78.7047,ECMWF_ERA5_Reanalysis
2020-09-05,32.0,24.8,27.6,39.2,30.4,33.6,4.9,10.0,24.1,117,18.7,996.9,loc_tiruchirappalli,10.7905,78.7047,ECMWF_ERA5_Reanalysis
2020-09-06,32.1,24.6,27.0,38.5,30.2,32.8,16.6,10.8,27.0,204,17.34,997.0,loc_tiruchirappalli,10.7905,78.7047,ECMWF_ERA5_Reanalysis
2020-09-07,33.1,23.7,28.2,36.3,27.8,32.0,0.0,16.7,47.9,264,19.5,997.8,loc_tiruchirappalli,10.7905,78.7047,ECMWF_ERA5_Reanalysis
2020-09-08,34.4,25.6,28.8,40.1,28.9,33.1,7.1,15.8,34.6,265,22.52,997.9,loc_tiruchirappalli,10.7905,78.7047,ECMWF_ERA5_Reanalysis
2020-09-09,32.2,24.8,27.5,38.2,30.4,33.0,8.8,9.4,23.0,269,15.96,997.3,loc_tiruchirappalli,10.7905,78.7047,ECMWF_ERA5_Reanalysis
2020-09-10,32.4,24.5,26.8,38.9,28.7,31.8,16.6,13.0,32.8,259,16.03,996.3,loc_tiruchirappalli,10.7905,78.7047,ECMWF_ERA5_Reanalysis
2020-09-11,31.0,23.7,27.6,35.5,28.6,31.8,0.1,12.8,24.5,270,15.11,997.0,loc_tiruchirappalli,10.7905,78.7047,ECMWF_ERA5_Reanalysis
2020-09-12,32.3,25.1,28.1,35.8,28.7,31.4,0.3,17.7,32.8,272,13.69,998.7,loc_tiruchirappalli,10.7905,78.7047,ECMWF_ERA5_Reanalysis
2020-09-13,30.0,24.6,27.0,33.7,28.1,30.4,2.5,17.3,44.6,268,9.68,999.2,loc_tiruchirappalli,10.7905,78.7047,ECMWF_ERA5_Reanalysis
2020-09-14,32.9,25.2,28.2,35.9,28.3,31.0,0.2,19.5,45.4,270,14.58,997.8,loc_tiruchirappalli,10.7905,78.7047,ECMWF_ERA5_Reanalysis
2020-09-15,34.0,25.2,29.1,37.8,27.8,31.6,0.5,22.0,50.4,275,20.7,997.3,loc_tiruchirappalli,10.7905,78.7047,ECMWF_ERA5_Reanalysis
2020-09-16,35.2,25.7,29.8,38.0,28.2,32.4,0.1,21.2,51.8,273,22.8,997.4,loc_tiruchirappalli,10.7905,78.7047,ECMWF_ERA5_Reanalysis
2020-09-17,35.7,26.0,30.1,39.0,28.5,32.4,0.0,20.2,43.2,274,22.0,997.7,loc_tiruchirappalli,10.7905,78.7047,ECMWF_ERA5_Reanalysis
2020-09-18,34.5,26.2,30.0,36.8,27.9,31.7,1.8,27.4,59.0,275,21.04,996.6,loc_tiruchirappalli,10.7905,78.7047,ECMWF_ERA5_Reanalysis
2020-09-19,33.5,24.5,28.3,33.7,27.8,30.0,2.0,29.1,66.6,276,12.02,995.1,loc_tiruchirappalli,10.7905,78.7047,ECMWF_ERA5_Reanalysis
2020-09-20,30.3,24.9,26.8,31.5,26.5,29.2,4.0,26.5,49.0,249,8.08,995.3,loc_tiruchirappalli,10.7905,78.7047,ECMWF_ERA5_Reanalysis
2020-09-21,31.2,25.1,27.9,33.6,28.2,30.7,0.7,17.3,40.3,231,8.36,995.8,loc_tiruchirappalli,10.7905,78.7047,ECMWF_ERA5_Reanalysis
2020-09-22,35.9,24.4,29.9,36.1,28.4,31.5,0.9,30.0,64.8,254,22.51,996.4,loc_tiruchirappalli,10.7905,78.7047,ECMWF_ERA5_Reanalysis
2020-09-23,36.3,25.9,30.7,37.5,27.6,32.3,0.0,25.0,52.6,275,22.77,997.7,loc_tiruchirappalli,10.7905,78.7047,ECMWF_ERA5_Reanalysis
2020-09-24,37.0,25.7,30.9,40.1,28.2,33.6,0.1,16.4,43.9,266,21.32,999.2,loc_tiruchirappalli,10.7905,78.7047,ECMWF_ERA5_Reanalysis
2020-09-25,35.3,26.3,29.2,39.1,30.4,33.2,5.4,19.9,42.1,243,15.87,999.4,loc_tiruchirappalli,10.7905,78.7047,ECMWF_ERA5_Reanalysis
2020-09-26,34.2,25.6,28.9,36.9,29.6,32.5,0.3,16.3,45.7,266,12.93,999.2,loc_tiruchirappalli,10.7905,78.7047,ECMWF_ERA5_Reanalysis
2020-09-27,37.2,26.7,30.1,41.2,29.8,33.6,1.8,20.5,39.6,243,20.62,999.0,loc_tiruchirappalli,10.7905,78.7047,ECMWF_ERA5_Reanalysis
2020-09-28,36.3,24.4,29.4,40.1,28.2,33.4,5.5,18.8,37.8,262,20.07,998.6,loc_tiruchirappalli,10.7905,78.7047,ECMWF_ERA5_Reanalysis
2020-09-29,35.7,24.4,28.2,39.3,28.7,32.2,3.9,17.7,36.7,267,18.84,998.0,loc_tiruchirappalli,10.7905,78.7047,ECMWF_ERA5_Reanalysis
2020-09-30,35.5,24.3,28.8,37.9,28.4,32.0,3.9,19.3,42.5,275,20.97,997.3,loc_tiruchirappalli,10.7905,78.7047,ECMWF_ERA5_Reanalysis
2020-10-01,36.6,25.3,30.0,38.1,27.5,32.0,0.0,19.6,42.5,287,23.47,997.0,loc_tiruchirappalli,10.7905,78.7047,ECMWF_ERA5_Reanalysis
2020-10-02,36.7,25.4,30.5,39.7,27.5,32.8,0.2,18.5,38.9,279,22.79,997.3,loc_tiruchirappalli,10.7905,78.7047,ECMWF_ERA5_Reanalysis
2020-10-03,37.3,26.2,31.0,39.9,28.0,32.9,0.3,19.2,40.0,283,22.65,997.9,loc_tiruchirappalli,10.7905,78.7047,ECMWF_ERA5_Reanalysis
2020-10-04,37.4,26.4,30.9,38.0,27.3,31.8,0.0,21.6,45.7,286,22.45,998.8,loc_tiruchirappalli,10.7905,78.7047,ECMWF_ERA5_Reanalysis
2020-10-05,38.2,25.4,31.3,40.4,26.9,32.8,0.1,19.9,41.4,285,23.89,998.0,loc_tiruchirappalli,10.7905,78.7047,ECMWF_ERA5_Reanalysis
2020-10-06,38.2,26.4,31.2,42.5,29.2,34.4,2.9,14.9,36.7,263,22.37,997.6,loc_tiruchirappalli,10.7905,78.7047,ECMWF_ERA5_Reanalysis
2020-10-07,38.2,24.9,30.3,42.1,28.9,34.3,4.0,19.2,40.7,257,22.22,998.1,loc_tiruchirappalli,10.7905,78.7047,ECMWF_ERA5_Reanalysis
2020-10-08,35.4,24.0,29.1,42.1,28.2,33.6,6.9,16.2,34.2,227,21.97,998.4,loc_tiruchirappalli,10.7905,78.7047,ECMWF_ERA5_Reanalysis
2020-10-09,35.0,24.7,28.1,40.8,29.1,33.2,19.8,13.5,30.2,250,21.56,998.4,loc_tiruchirappalli,10.7905,78.7047,ECMWF_ERA5_Reanalysis
2020-10-10,33.7,24.7,28.2,37.8,29.8,32.5,1.1,15.8,31.7,269,17.08,997.6,loc_tiruchirappalli,10.7905,78.7047,ECMWF_ERA5_Reanalysis
2020-10-11,33.5,25.2,28.3,35.3,28.8,30.8,0.1,23.0,50.0,273,13.83,996.3,loc_tiruchirappalli,10.7905,78.7047,ECMWF_ERA5_Reanalysis
2020-10-12,35.2,26.0,29.6,38.5,27.8,31.8,0.0,20.6,54.7,271,19.99,994.4,loc_tiruchirappalli,10.7905,78.7047,ECMWF_ERA5_Reanalysis
2020-10-13,35.3,26.6,30.0,35.7,28.3,31.3,0.0,28.4,65.2,269,20.91,993.7,loc_tiruchirappalli,10.7905,78.7047,ECMWF_ERA5_Reanalysis
2020-10-14,36.5,25.1,30.1,37.2,28.1,31.3,0.0,29.9,60.5,260,21.99,995.1,loc_tiruchirappalli,10.7905,78.7047,ECMWF_ERA5_Reanalysis
2020-10-15,36.1,25.1,30.4,38.9,28.6,33.0,0.2,14.5,36.7,252,20.94,995.8,loc_tiruchirappalli,10.7905,78.7047,ECMWF_ERA5_Reanalysis
2020-10-16,36.7,25.8,30.6,39.2,28.9,33.0,0.0,17.8,40.3,277,20.13,995.6,loc_tiruchirappalli,10.7905,78.7047,ECMWF_ERA5_Reanalysis
2020-10-17,36.1,25.9,29.5,40.9,28.8,33.4,9.0,15.8,36.0,284,18.02,996.8,loc_tiruchirappalli,10.7905,78.7047,ECMWF_ERA5_Reanalysis
2020-10-18,30.1,24.4,27.0,35.0,28.4,31.7,4.0,14.8,32.0,281,10.04,997.9,loc_tiruchirappalli,10.7905,78.7047,ECMWF_ERA5_Reanalysis
2020-10-19,33.4,25.3,28.1,38.7,28.8,32.7,8.9,16.1,34.9,297,20.21,997.3,loc_tiruchirappalli,10.7905,78.7047,ECMWF_ERA5_Reanalysis
2020-10-20,33.2,24.7,27.9,38.5,28.1,31.9,2.6,15.2,32.8,267,18.69,996.9,loc_tiruchirappalli,10.7905,78.7047,ECMWF_ERA5_Reanalysis
2020-10-21,32.9,25.4,28.3,36.9,28.5,32.1,0.2,15.8,34.9,272,16.47,997.4,loc_tiruchirappalli,10.7905,78.7047,ECMWF_ERA5_Reanalysis
2020-10-22,34.1,25.3,28.9,35.8,28.3,31.1,0.0,18.8,34.9,274,16.93,997.2,loc_tiruchirappalli,10.7905,78.7047,ECMWF_ERA5_Reanalysis
2020-10-23,33.7,25.0,28.9,36.5,27.6,31.2,0.3,15.5,32.8,279,18.83,997.6,loc_tiruchirappalli,10.7905,78.7047,ECMWF_ERA5_Reanalysis
2020-10-24,34.5,24.3,28.6,37.9,26.7,31.5,0.0,14.6,31.0,281,21.79,999.0,loc_tiruchirappalli,10.7905,78.7047,ECMWF_ERA5_Reanalysis
2020-10-25,31.5,23.2,27.8,35.7,26.0,31.4,0.4,10.7,25.6,305,14.17,1000.2,loc_tiruchirappalli,10.7905,78.7047,ECMWF_ERA5_Reanalysis
2020-10-26,33.9,24.7,29.1,38.6,29.4,33.0,0.1,11.3,23.8,17,20.74,1000.5,loc_tiruchirappalli,10.7905,78.7047,ECMWF_ERA5_Reanalysis
2020-10-27,34.1,24.6,29.0,36.9,29.8,32.7,0.0,12.5,27.7,50,21.72,1000.1,loc_tiruchirappalli,10.7905,78.7047,ECMWF_ERA5_Reanalysis
2020-10-28,34.5,24.2,28.8,37.8,29.2,32.5,0.8,18.6,37.1,36,20.65,1000.6,loc_tiruchirappalli,10.7905,78.7047,ECMWF_ERA5_Reanalysis
2020-10-29,34.8,24.1,28.7,38.0,28.0,32.0,0.1,15.6,30.6,41,21.5,1000.9,loc_tiruchirappalli,10.7905,78.7047,ECMWF_ERA5_Reanalysis
2020-10-30,33.9,24.2,28.1,38.4,26.7,31.5,2.1,13.0,27.7,45,16.65,1000.8,loc_tiruchirappalli,10.7905,78.7047,ECMWF_ERA5_Reanalysis
2020-10-31,35.3,23.6,29.3,39.1,28.6,33.1,0.0,15.7,29.2,95,20.61,1000.7,loc_tiruchirappalli,10.7905,78.7047,ECMWF_ERA5_Reanalysis
2020-11-01,36.8,24.4,30.2,39.7,29.1,33.6,0.0,17.8,32.8,99,22.52,1001.3,loc_tiruchirappalli,10.7905,78.7047,ECMWF_ERA5_Reanalysis
2020-11-02,36.3,24.9,30.4,40.0,29.2,33.9,0.3,12.1,25.9,92,20.84,1001.9,loc_tiruchirappalli,10.7905,78.7047,ECMWF_ERA5_Reanalysis
2020-11-03,35.7,25.3,30.0,38.3,29.6,33.4,1.0,14.1,33.1,65,19.36,1001.9,loc_tiruchirappalli,10.7905,78.7047,ECMWF_ERA5_Reanalysis
2020-11-04,34.2,24.8,28.7,39.0,30.3,33.6,9.5,13.0,32.4,73,16.67,1001.6,loc_tiruchirappalli,10.7905,78.7047,ECMWF_ERA5_Reanalysis
2020-11-05,31.9,23.9,27.2,36.9,29.1,32.1,8.1,12.6,32.0,60,15.07,1002.1,loc_tiruchirappalli,10.7905,78.7047,ECMWF_ERA5_Reanalysis
2020-11-06,31.1,24.5,27.0,36.5,29.1,31.6,3.4,15.0,39.6,56,14.57,1003.4,loc_tiruchirappalli,10.7905,78.7047,ECMWF_ERA5_Reanalysis
2020-11-07,31.8,23.9,27.6,35.7,28.8,31.5,3.3,18.9,39.6,49,17.92,1003.7,loc_tiruchirappalli,10.7905,78.7047,ECMWF_ERA5_Reanalysis
2020-11-08,31.7,24.2,27.3,36.1,28.2,31.0,4.9,19.3,47.5,49,16.1,1004.0,loc_tiruchirappalli,10.7905,78.7047,ECMWF_ERA5_Reanalysis
2020-11-09,33.4,24.2,28.1,34.5,27.0,30.0,0.0,20.0,42.8,38,20.52,1002.7,loc_tiruchirappalli,10.7905,78.7047,ECMWF_ERA5_Reanalysis
2020-11-10,32.6,22.8,27.1,33.7,24.8,28.6,0.0,18.4,39.2,37,21.36,1001.2,loc_tiruchirappalli,10.7905,78.7047,ECMWF_ERA5_Reanalysis
2020-11-11,32.8,23.0,27.6,34.5,25.1,29.7,0.2,21.3,44.3,37,15.45,1000.7,loc_tiruchirappalli,10.7905,78.7047,ECMWF_ERA5_Reanalysis
2020-11-12,32.8,24.2,27.7,36.2,28.8,31.2,3.6,19.6,43.9,59,15.52,1001.5,loc_tiruchirappalli,10.7905,78.7047,ECMWF_ERA5_Reanalysis
2020-11-13,29.8,24.4,26.1,33.3,28.7,30.5,10.7,19.2,38.5,56,10.76,1001.7,loc_tiruchirappalli,10.7905,78.7047,ECMWF_ERA5_Reanalysis
2020-11-14,31.9,24.1,27.3,34.5,28.6,30.5,1.9,21.6,43.6,45,17.17,1000.5,loc_tiruchirappalli,10.7905,78.7047,ECMWF_ERA5_Reanalysis
2020-11-15,28.5,24.1,25.6,33.6,28.0,30.1,13.1,11.8,27.4,40,7.79,1000.0,loc_tiruchirappalli,10.7905,78.7047,ECMWF_ERA5_Reanalysis
2020-11-16,29.7,23.7,25.0,34.6,27.8,30.0,22.6,10.9,29.5,63,8.42,1001.3,loc_tiruchirappalli,10.7905,78.7047,ECMWF_ERA5_Reanalysis
2020-11-17,28.2,23.7,25.1,32.5,27.8,29.5,13.3,14.1,40.3,57,7.9,1001.1,loc_tiruchirappalli,10.7905,78.7047,ECMWF_ERA5_Reanalysis
2020-11-18,30.2,23.6,25.8,35.6,28.4,30.6,23.6,12.3,33.5,71,13.23,1001.2,loc_tiruchirappalli,10.7905,78.7047,ECMWF_ERA5_Reanalysis
2020-11-19,30.1,23.4,26.0,34.0,28.3,30.3,2.7,13.5,29.2,66,15.7,1001.9,loc_tiruchirappalli,10.7905,78.7047,ECMWF_ERA5_Reanalysis
2020-11-20,31.4,22.9,26.5,34.3,26.9,30.1,0.5,15.5,31.3,50,19.34,1002.2,loc_tiruchirappalli,10.7905,78.7047,ECMWF_ERA5_Reanalysis
2020-11-21,31.3,22.1,25.9,33.9,25.1,28.8,0.0,14.2,30.2,38,21.7,1002.7,loc_tiruchirappalli,10.7905,78.7047,ECMWF_ERA5_Reanalysis
2020-11-22,30.5,19.9,25.0,32.5,22.3,27.4,0.0,14.4,32.0,27,18.56,1003.1,loc_tiruchirappalli,10.7905,78.7047,ECMWF_ERA5_Reanalysis
2020-11-23,31.0,21.4,25.6,32.0,24.2,27.8,0.0,20.5,42.1,18,14.35,1002.5,loc_tiruchirappalli,10.7905,78.7047,ECMWF_ERA5_Reanalysis
2020-11-24,29.6,23.4,26.4,31.0,26.7,29.0,0.5,21.1,44.3,10,9.62,1000.8,loc_tiruchirappalli,10.7905,78.7047,ECMWF_ERA5_Reanalysis
2020-11-25,29.5,22.8,25.4,32.1,24.3,28.0,19.1,20.4,38.5,284,6.57,998.0,loc_tiruchirappalli,10.7905,78.7047,ECMWF_ERA5_Reanalysis
2020-11-26,30.9,22.5,25.1,34.1,24.5,28.7,23.2,18.7,35.6,240,10.92,998.3,loc_tiruchirappalli,10.7905,78.7047,ECMWF_ERA5_Reanalysis
2020-11-27,30.9,22.0,25.9,36.1,25.6,30.6,1.7,11.8,24.8,225,19.07,1000.9,loc_tiruchirappalli,10.7905,78.7047,ECMWF_ERA5_Reanalysis
2020-11-28,29.2,23.3,25.2,33.2,27.5,29.6,4.3,13.0,27.0,65,12.91,1003.0,loc_tiruchirappalli,10.7905,78.7047,ECMWF_ERA5_Reanalysis
2020-11-29,29.7,23.1,25.7,34.0,26.8,29.5,2.2,17.1,37.1,46,16.26,1003.1,loc_tiruchirappalli,10.7905,78.7047,ECMWF_ERA5_Reanalysis
2020-11-30,29.5,23.9,25.9,32.3,27.3,29.1,3.5,19.0,39.2,36,15.46,1003.2,loc_tiruchirappalli,10.7905,78.7047,ECMWF_ERA5_Reanalysis
2020-12-01,29.7,22.8,25.8,31.7,25.5,28.0,0.0,19.9,39.6,27,17.41,1003.3,loc_tiruchirappalli,10.7905,78.7047,ECMWF_ERA5_Reanalysis
2020-12-02,29.0,23.2,25.0,29.8,25.1,27.5,16.3,24.3,46.1,5,8.09,1001.4,loc_tiruchirappalli,10.7905,78.7047,ECMWF_ERA5_Reanalysis
2020-12-03,24.4,21.7,23.2,27.8,24.1,26.0,80.0,24.0,57.6,321,4.04,998.6,loc_tiruchirappalli,10.7905,78.7047,ECMWF_ERA5_Reanalysis
2020-12-04,25.3,23.2,24.0,28.9,26.2,27.4,59.4,18.1,41.4,6,3.54,998.4,loc_tiruchirappalli,10.7905,78.7047,ECMWF_ERA5_Reanalysis
2020-12-05,27.2,23.0,24.4,31.4,26.9,28.4,33.3,14.1,27.7,1,5.71,999.6,loc_tiruchirappalli,10.7905,78.7047,ECMWF_ERA5_Reanalysis
2020-12-06,26.5,23.1,24.1,30.7,26.0,27.8,46.9,20.3,37.1,36,5.97,1001.1,loc_tiruchirappalli,10.7905,78.7047,ECMWF_ERA5_Reanalysis
2020-12-07,28.3,22.9,24.5,32.9,26.7,28.7,42.2,13.1,33.1,69,9.68,1002.9,loc_tiruchirappalli,10.7905,78.7047,ECMWF_ERA5_Reanalysis
2020-12-08,27.3,22.7,24.6,32.2,26.8,28.9,12.1,17.2,36.4,60,11.45,1003.9,loc_tiruchirappalli,10.7905,78.7047,ECMWF_ERA5_Reanalysis
2020-12-09,28.6,22.8,25.0,31.8,26.8,28.8,2.5,15.8,33.5,53,14.79,1003.4,loc_tiruchirappalli,10.7905,78.7047,ECMWF_ERA5_Reanalysis
2020-12-10,28.1,21.0,24.7,31.6,23.8,28.0,1.2,14.2,29.2,50,15.21,1003.7,loc_tiruchirappalli,10.7905,78.7047,ECMWF_ERA5_Reanalysis
2020-12-11,29.0,19.6,24.1,32.0,21.8,27.0,0.0,13.2,29.2,39,19.51,1003.6,loc_tiruchirappalli,10.7905,78.7047,ECMWF_ERA5_Reanalysis
2020-12-12,28.7,20.8,24.2,32.0,23.5,27.2,0.0,12.0,27.7,40,16.91,1003.3,loc_tiruchirappalli,10.7905,78.7047,ECMWF_ERA5_Reanalysis
2020-12-13,28.3,20.9,24.0,30.9,23.7,26.9,0.0,13.9,29.9,48,14.71,1002.6,loc_tiruchirappalli,10.7905,78.7047,ECMWF_ERA5_Reanalysis
2020-12-14,28.3,20.0,24.1,30.4,22.8,26.7,0.2,14.0,29.5,43,15.78,1002.6,loc_tiruchirappalli,10.7905,78.7047,ECMWF_ERA5_Reanalysis
2020-12-15,28.2,19.7,24.0,30.5,21.8,26.9,1.9,17.8,37.8,34,14.89,1003.1,loc_tiruchirappalli,10.7905,78.7047,ECMWF_ERA5_Reanalysis
2020-12-16,26.1,22.7,24.0,29.5,26.0,27.4,10.1,14.5,33.8,44,7.22,1003.8,loc_tiruchirappalli,10.7905,78.7047,ECMWF_ERA5_Reanalysis
2020-12-17,26.2,22.1,23.4,30.8,25.5,27.3,56.4,16.2,32.4,42,5.56,1003.9,loc_tiruchirappalli,10.7905,78.7047,ECMWF_ERA5_Reanalysis
2020-12-18,25.8,22.8,23.9,29.5,26.0,27.5,5.4,16.6,32.0,37,7.12,1003.6,loc_tiruchirappalli,10.7905,78.7047,ECMWF_ERA5_Reanalysis
2020-12-19,28.3,22.1,24.6,30.0,25.2,27.0,0.1,20.1,39.6,39,10.09,1004.2,loc_tiruchirappalli,10.7905,78.7047,ECMWF_ERA5_Reanalysis
2020-12-20,28.6,21.7,24.3,30.1,23.6,26.3,0.0,21.5,42.5,36,17.16,1004.5,loc_tiruchirappalli,10.7905,78.7047,ECMWF_ERA5_Reanalysis
2020-12-21,26.9,20.4,23.4,27.8,21.2,24.7,0.0,21.9,42.8,30,14.76,1003.8,loc_tiruchirappalli,10.7905,78.7047,ECMWF_ERA5_Reanalysis
2020-12-22,27.6,21.0,24.0,29.3,21.8,25.8,0.0,18.4,37.4,34,10.89,1003.2,loc_tiruchirappalli,10.7905,78.7047,ECMWF_ERA5_Reanalysis
2020-12-23,27.5,21.6,24.2,29.3,23.5,26.3,0.0,16.9,34.9,45,10.02,1002.4,loc_tiruchirappalli,10.7905,78.7047,ECMWF_ERA5_Reanalysis
2020-12-24,28.3,20.8,24.0,30.8,22.6,26.1,0.0,14.0,30.6,48,15.66,1001.6,loc_tiruchirappalli,10.7905,78.7047,ECMWF_ERA5_Reanalysis
2020-12-25,28.5,20.0,23.9,31.1,21.9,26.3,0.0,13.0,28.4,47,17.02,1002.3,loc_tiruchirappalli,10.7905,78.7047,ECMWF_ERA5_Reanalysis
2020-12-26,28.2,19.6,23.4,29.9,21.3,25.2,0.0,13.8,29.5,31,21.51,1003.3,loc_tiruchirappalli,10.7905,78.7047,ECMWF_ERA5_Reanalysis
2020-12-27,29.5,20.2,24.1,31.3,21.9,26.1,0.0,18.5,38.5,35,18.5,1002.5,loc_tiruchirappalli,10.7905,78.7047,ECMWF_ERA5_Reanalysis
2020-12-28,29.2,21.1,24.6,30.7,23.1,26.7,0.0,16.5,34.9,31,17.52,1002.1,loc_tiruchirappalli,10.7905,78.7047,ECMWF_ERA5_Reanalysis
2020-12-29,27.6,22.1,24.6,30.1,24.4,27.3,1.3,16.4,33.8,35,11.55,1002.0,loc_tiruchirappalli,10.7905,78.7047,ECMWF_ERA5_Reanalysis
2020-12-30,29.1,22.7,25.3,31.1,25.7,27.9,0.8,18.8,37.1,44,13.21,1001.8,loc_tiruchirappalli,10.7905,78.7047,ECMWF_ERA5_Reanalysis
2020-12-31,27.0,21.9,24.1,30.5,24.8,27.1,10.0,19.3,44.3,44,10.84,1002.5,loc_tiruchirappalli,10.7905,78.7047,ECMWF_ERA5_Reanalysis
2021-01-01,27.3,21.0,23.7,28.7,23.6,25.9,1.1,20.6,40.0,36,15.33,1003.3,loc_tiruchirappalli,10.7905,78.7047,ECMWF_ERA5_Reanalysis
2021-01-02,27.8,21.0,24.0,29.7,22.9,26.3,1.3,20.5,40.0,35,12.73,1002.8,loc_tiruchirappalli,10.7905,78.7047,ECMWF_ERA5_Reanalysis
2021-01-03,27.6,22.5,24.1,31.6,25.5,27.7,7.9,14.9,34.6,40,11.52,1001.6,loc_tiruchirappalli,10.7905,78.7047,ECMWF_ERA5_Reanalysis
2021-01-04,28.6,22.7,25.1,31.3,26.2,28.2,2.9,16.3,33.5,45,13.78,1001.7,loc_tiruchirappalli,10.7905,78.7047,ECMWF_ERA5_Reanalysis
2021-01-05,26.9,22.5,24.3,30.2,25.6,27.6,9.2,19.8,38.5,41,8.36,1002.1,loc_tiruchirappalli,10.7905,78.7047,ECMWF_ERA5_Reanalysis
2021-01-06,28.1,22.5,24.5,33.1,26.8,29.1,7.9,10.0,26.6,52,11.91,1001.4,loc_tiruchirappalli,10.7905,78.7047,ECMWF_ERA5_Reanalysis
2021-01-07,28.4,22.8,25.2,31.8,26.8,29.2,2.2,14.6,30.6,55,11.79,1000.2,loc_tiruchirappalli,10.7905,78.7047,ECMWF_ERA5_Reanalysis
2021-01-08,29.0,22.7,25.0,33.7,27.0,29.4,6.3,16.5,33.5,60,13.35,999.7,loc_tiruchirappalli,10.7905,78.7047,ECMWF_ERA5_Reanalysis
2021-01-09,28.8,23.0,25.3,31.8,26.9,29.2,1.6,16.4,33.5,56,12.9,1000.4,loc_tiruchirappalli,10.7905,78.7047,ECMWF_ERA5_Reanalysis
2021-01-10,28.3,23.2,25.0,31.5,27.1,29.0,2.2,16.8,34.6,38,10.12,1000.8,loc_tiruchirappalli,10.7905,78.7047,ECMWF_ERA5_Reanalysis
2021-01-11,25.9,23.1,24.0,29.4,26.7,28.1,27.5,16.2,31.3,15,4.8,1001.5,loc_tiruchirappalli,10.7905,78.7047,ECMWF_ERA5_Reanalysis
2021-01-12,25.0,22.4,23.3,28.0,24.5,26.2,32.5,22.7,50.8,35,4.58,1001.3,loc_tiruchirappalli,10.7905,78.7047,ECMWF_ERA5_Reanalysis
2021-01-13,26.6,22.5,24.0,30.4,25.7,27.4,17.0,18.8,38.9,52,9.53,1001.7,loc_tiruchirappalli,10.7905,78.7047,ECMWF_ERA5_Reanalysis
2021-01-14,28.5,22.1,24.2,31.9,24.7,27.7,4.8,15.0,36.0,47,10.13,1001.5,loc_tiruchirappalli,10.7905,78.7047,ECMWF_ERA5_Reanalysis
2021-01-15,28.0,22.6,24.6,31.4,26.4,28.2,4.7,16.9,33.8,54,13.04,1001.4,loc_tiruchirappalli,10.7905,78.7047,ECMWF_ERA5_Reanalysis
2021-01-16,27.9,22.4,24.4,32.6,26.2,28.3,2.9,15.8,33.1,54,14.96,1001.0,loc_tiruchirappalli,10.7905,78.7047,ECMWF_ERA5_Reanalysis
2021-01-17,29.0,20.8,24.4,33.0,23.0,27.5,0.0,13.9,27.4,49,20.24,1001.9,loc_tiruchirappalli,10.7905,78.7047,ECMWF_ERA5_Reanalysis
2021-01-18,28.2,19.3,23.4,29.1,21.2,25.0,0.0,19.5,38.9,41,16.28,1003.0,loc_tiruchirappalli,10.7905,78.7047,ECMWF_ERA5_Reanalysis
2021-01-19,28.2,18.5,23.3,30.1,19.8,25.6,0.5,13.7,28.8,25,14.77,1002.5,loc_tiruchirappalli,10.7905,78.7047,ECMWF_ERA5_Reanalysis
2021-01-20,28.3,21.0,24.6,30.8,23.7,27.7,0.8,15.4,30.2,31,12.47,1002.9,loc_tiruchirappalli,10.7905,78.7047,ECMWF_ERA5_Reanalysis
2021-01-21,29.6,22.9,25.8,35.3,27.2,30.2,0.4,12.7,25.9,62,14.73,1002.4,loc_tiruchirappalli,10.7905,78.7047,ECMWF_ERA5_Reanalysis
2021-01-22,29.5,22.5,25.7,34.5,27.0,30.3,0.7,9.8,22.3,70,16.25,1002.3,loc_tiruchirappalli,10.7905,78.7047,ECMWF_ERA5_Reanalysis
2021-01-23,30.1,22.0,25.5,33.6,25.4,28.8,0.0,12.7,28.4,58,19.6,1002.7,loc_tiruchirappalli,10.7905,78.7047,ECMWF_ERA5_Reanalysis
2021-01-24,29.1,20.3,24.4,32.3,23.1,27.3,0.0,10.6,22.0,57,18.22,1003.5,loc_tiruchirappalli,10.7905,78.7047,ECMWF_ERA5_Reanalysis
2021-01-25,28.3,19.4,23.7,31.8,21.9,26.7,0.0,9.2,22.3,61,14.92,1004.0,loc_tiruchirappalli,10.7905,78.7047,ECMWF_ERA5_Reanalysis
2021-01-26,29.4,18.9,23.8,30.5,20.8,25.8,0.0,15.5,32.8,55,18.89,1003.3,loc_tiruchirappalli,10.7905,78.7047,ECMWF_ERA5_Reanalysis
2021-01-27,29.4,18.0,23.3,31.0,19.2,24.8,0.0,14.8,31.3,46,20.87,1003.7,loc_tiruchirappalli,10.7905,78.7047,ECMWF_ERA5_Reanalysis
2021-01-28,28.9,18.5,23.6,30.2,19.9,25.5,0.0,17.6,35.6,39,16.66,1003.8,loc_tiruchirappalli,10.7905,78.7047,ECMWF_ERA5_Reanalysis
2021-01-29,28.4,19.8,23.8,30.6,22.0,26.7,3.0,18.0,36.4,29,12.75,1004.0,loc_tiruchirappalli,10.7905,78.7047,ECMWF_ERA5_Reanalysis
2021-01-30,30.1,21.4,25.1,31.6,24.3,27.5,0.1,18.4,37.1,47,16.45,1003.3,loc_tiruchirappalli,10.7905,78.7047,ECMWF_ERA5_Reanalysis
2021-01-31,30.7,20.4,25.0,32.4,23.4,27.3,0.0,16.0,33.1,47,17.13,1003.6,loc_tiruchirappalli,10.7905,78.7047,ECMWF_ERA5_Reanalysis
2021-02-01,30.8,21.0,25.2,32.8,23.3,27.1,0.0,17.2,36.0,46,21.48,1005.2,loc_tiruchirappalli,10.7905,78.7047,ECMWF_ERA5_Reanalysis
2021-02-02,30.7,21.2,25.6,32.9,23.4,27.4,0.0,17.8,34.6,48,21.57,1005.5,loc_tiruchirappalli,10.7905,78.7047,ECMWF_ERA5_Reanalysis
2021-02-03,30.3,21.9,25.4,31.7,24.1,27.4,0.2,17.4,35.3,50,16.09,1005.1,loc_tiruchirappalli,10.7905,78.7047,ECMWF_ERA5_Reanalysis
2021-02-04,30.2,20.7,24.8,31.7,22.8,26.1,0.0,16.9,35.3,55,20.74,1005.1,loc_tiruchirappalli,10.7905,78.7047,ECMWF_ERA5_Reanalysis
2021-02-05,30.0,19.7,24.5,32.0,21.5,26.2,0.0,16.7,31.7,45,22.72,1004.2,loc_tiruchirappalli,10.7905,78.7047,ECMWF_ERA5_Reanalysis
2021-02-06,30.6,20.0,24.6,32.2,22.1,25.9,0.0,16.4,33.8,42,23.02,1003.1,loc_tiruchirappalli,10.7905,78.7047,ECMWF_ERA5_Reanalysis
2021-02-07,31.2,19.9,24.6,31.4,21.7,25.5,0.0,17.2,36.7,41,23.69,1003.4,loc_tiruchirappalli,10.7905,78.7047,ECMWF_ERA5_Reanalysis
2021-02-08,31.2,20.1,24.7,31.4,21.7,25.5,0.0,19.7,40.3,51,23.97,1004.4,loc_tiruchirappalli,10.7905,78.7047,ECMWF_ERA5_Reanalysis
2021-02-09,30.6,20.0,24.4,31.9,21.2,25.3,0.0,18.9,38.5,45,20.2,1003.7,loc_tiruchirappalli,10.7905,78.7047,ECMWF_ERA5_Reanalysis
2021-02-10,30.0,17.6,23.3,31.8,18.6,24.3,0.0,12.6,28.1,54,22.46,1003.2,loc_tiruchirappalli,10.7905,78.7047,ECMWF_ERA5_Reanalysis
2021-02-11,30.4,17.3,23.5,32.0,18.2,24.6,0.0,13.8,30.2,60,23.48,1002.6,loc_tiruchirappalli,10.7905,78.7047,ECMWF_ERA5_Reanalysis
2021-02-12,30.5,16.9,23.5,32.9,17.2,24.6,0.0,10.5,24.5,57,23.1,1003.1,loc_tiruchirappalli,10.7905,78.7047,ECMWF_ERA5_Reanalysis
2021-02-13,31.4,18.4,24.4,33.5,20.0,26.0,0.0,13.0,25.9,64,24.36,1004.0,loc_tiruchirappalli,10.7905,78.7047,ECMWF_ERA5_Reanalysis
2021-02-14,31.8,18.8,25.0,35.2,20.6,27.4,0.0,12.5,25.6,66,23.14,1003.9,loc_tiruchirappalli,10.7905,78.7047,ECMWF_ERA5_Reanalysis
2021-02-15,33.3,19.9,26.0,36.7,22.2,28.6,0.0,15.9,32.0,70,23.63,1002.7,loc_tiruchirappalli,10.7905,78.7047,ECMWF_ERA5_Reanalysis
2021-02-16,32.1,21.4,26.3,35.8,24.6,29.3,0.0,12.9,25.6,88,21.83,1002.5,loc_tiruchirappalli,10.7905,78.7047,ECMWF_ERA5_Reanalysis
2021-02-17,32.2,20.9,25.8,35.0,24.0,28.1,0.0,18.0,33.5,70,23.33,1002.0,loc_tiruchirappalli,10.7905,78.7047,ECMWF_ERA5_Reanalysis
2021-02-18,31.3,21.2,25.5,32.9,23.8,27.7,0.3,16.5,34.9,67,16.35,1003.2,loc_tiruchirappalli,10.7905,78.7047,ECMWF_ERA5_Reanalysis
2021-02-19,32.6,21.3,26.2,35.7,23.3,28.3,0.0,18.6,40.0,62,20.55,1003.2,loc_tiruchirappalli,10.7905,78.7047,ECMWF_ERA5_Reanalysis
2021-02-20,29.5,22.6,25.5,32.6,24.9,28.0,2.0,15.9,35.3,50,15.58,1002.9,loc_tiruchirappalli,10.7905,78.7047,ECMWF_ERA5_Reanalysis
2021-02-21,30.0,22.0,25.0,33.7,25.3,27.8,2.8,17.1,32.0,49,14.67,1003.7,loc_tiruchirappalli,10.7905,78.7047,ECMWF_ERA5_Reanalysis
2021-02-22,31.5,22.2,26.2,35.8,25.2,29.1,0.7,15.9,36.0,49,18.15,1004.1,loc_tiruchirappalli,10.7905,78.7047,ECMWF_ERA5_Reanalysis
2021-02-23,33.6,22.7,27.2,36.7,26.8,30.2,0.0,15.5,31.3,62,22.84,1003.0,loc_tiruchirappalli,10.7905,78.7047,ECMWF_ERA5_Reanalysis
2021-02-24,33.5,21.7,26.9,36.7,25.4,29.7,0.0,12.5,25.6,76,23.29,1002.3,loc_tiruchirappalli,10.7905,78.7047,ECMWF_ERA5_Reanalysis
2021-02-25,33.9,20.3,26.5,36.6,23.1,29.2,0.0,11.2,24.5,80,23.77,1002.2,loc_tiruchirappalli,10.7905,78.7047,ECMWF_ERA5_Reanalysis
2021-02-26,36.5,19.9,27.2,37.7,22.8,29.3,0.0,14.5,30.2,87,24.78,1000.7,loc_tiruchirappalli,10.7905,78.7047,ECMWF_ERA5_Reanalysis
2021-02-27,35.6,20.1,27.1,37.8,23.5,29.6,0.0,12.8,27.7,109,24.94,999.9,loc_tiruchirappalli,10.7905,78.7047,ECMWF_ERA5_Reanalysis
2021-02-28,34.4,18.8,26.2,36.4,21.4,28.3,0.0,12.2,30.2,95,24.77,1000.7,loc_tiruchirappalli,10.7905,78.7047,ECMWF_ERA5_Reanalysis
2021-03-01,34.4,19.1,26.5,37.2,21.5,29.2,0.0,13.2,29.5,99,23.63,1003.5,loc_tiruchirappalli,10.7905,78.7047,ECMWF_ERA5_Reanalysis
2021-03-02,35.1,19.2,26.5,36.3,21.7,28.4,0.0,18.3,36.7,77,24.79,1003.6,loc_tiruchirappalli,10.7905,78.7047,ECMWF_ERA5_Reanalysis
2021-03-03,34.6,19.0,26.4,35.5,21.7,28.1,0.0,18.3,37.1,79,25.13,1002.5,loc_tiruchirappalli,10.7905,78.7047,ECMWF_ERA5_Reanalysis
2021-03-04,33.0,19.8,26.2,34.3,22.4,28.2,0.0,15.1,31.3,76,22.92,1002.9,loc_tiruchirappalli,10.7905,78.7047,ECMWF_ERA5_Reanalysis
2021-03-05,33.9,19.8,26.5,36.5,22.1,28.9,0.0,13.3,27.4,71,24.76,1003.7,loc_tiruchirappalli,10.7905,78.7047,ECMWF_ERA5_Reanalysis
2021-03-06,35.6,20.2,27.5,38.2,23.0,30.0,0.0,14.9,31.3,84,25.21,1003.4,loc_tiruchirappalli,10.7905,78.7047,ECMWF_ERA5_Reanalysis
2021-03-07,35.5,21.3,28.0,37.8,24.8,30.8,0.0,15.7,30.6,75,25.09,1002.5,loc_tiruchirappalli,10.7905,78.7047,ECMWF_ERA5_Reanalysis
2021-03-08,34.2,22.8,28.3,37.0,27.2,31.5,0.1,17.6,35.6,76,22.0,1002.8,loc_tiruchirappalli,10.7905,78.7047,ECMWF_ERA5_Reanalysis
2021-03-09,34.5,23.4,28.3,36.7,27.5,31.0,0.5,15.1,35.3,70,20.83,1003.3,loc_tiruchirappalli,10.7905,78.7047,ECMWF_ERA5_Reanalysis
2021-03-10,34.1,23.9,27.9,37.4,28.3,31.8,3.1,18.1,41.8,76,19.97,1003.3,loc_tiruchirappalli,10.7905,78.7047,ECMWF_ERA5_Reanalysis
2021-03-11,35.7,23.6,28.8,38.2,27.9,31.8,0.2,14.6,30.2,90,23.27,1003.3,loc_tiruchirappalli,10.7905,78.7047,ECMWF_ERA5_Reanalysis
2021-03-12,34.8,21.6,27.7,36.4,25.8,30.2,0.0,17.6,33.1,81,24.48,1004.3,loc_tiruchirappalli,10.7905,78.7047,ECMWF_ERA5_Reanalysis
2021-03-13,34.5,21.0,27.7,37.0,24.1,30.2,0.0,15.1,32.4,74,21.57,1003.7,loc_tiruchirappalli,10.7905,78.7047,ECMWF_ERA5_Reanalysis
2021-03-14,36.0,22.0,28.3,37.7,25.7,30.3,0.0,19.1,40.3,77,24.3,1002.3,loc_tiruchirappalli,10.7905,78.7047,ECMWF_ERA5_Reanalysis
2021-03-15,36.6,20.8,28.2,37.9,23.2,29.8,0.0,16.4,38.5,81,25.27,1001.5,loc_tiruchirappalli,10.7905,78.7047,ECMWF_ERA5_Reanalysis
2021-03-16,36.2,21.4,28.4,38.1,24.9,30.6,0.0,15.2,34.6,80,24.08,1001.6,loc_tiruchirappalli,10.7905,78.7047,ECMWF_ERA5_Reanalysis
2021-03-17,36.2,21.3,28.2,38.6,24.9,31.1,0.0,14.8,29.9,86,24.23,1000.8,loc_tiruchirappalli,10.7905,78.7047,ECMWF_ERA5_Reanalysis
2021-03-18,35.6,22.0,28.1,37.6,25.7,30.6,0.0,13.4,30.6,71,24.24,1001.0,loc_tiruchirappalli,10.7905,78.7047,ECMWF_ERA5_Reanalysis
2021-03-19,35.1,20.7,27.6,38.3,23.8,30.2,0.0,12.8,24.8,79,24.82,1000.9,loc_tiruchirappalli,10.7905,78.7047,ECMWF_ERA5_Reanalysis
2021-03-20,35.5,21.2,28.3,38.7,24.7,31.2,0.0,12.9,28.8,100,24.69,999.8,loc_tiruchirappalli,10.7905,78.7047,ECMWF_ERA5_Reanalysis
2021-03-21,36.3,23.3,29.5,39.3,28.0,32.8,0.0,15.5,29.5,93,24.29,999.3,loc_tiruchirappalli,10.7905,78.7047,ECMWF_ERA5_Reanalysis
2021-03-22,36.4,23.3,29.4,38.6,27.2,32.5,0.0,12.5,27.7,87,24.36,1000.8,loc_tiruchirappalli,10.7905,78.7047,ECMWF_ERA5_Reanalysis
2021-03-23,36.4,22.6,29.2,39.5,26.8,32.2,0.0,15.5,31.3,80,24.26,1001.5,loc_tiruchirappalli,10.7905,78.7047,ECMWF_ERA5_Reanalysis
2021-03-24,36.4,23.7,29.8,39.0,27.9,32.6,0.0,16.3,36.0,72,23.04,1001.3,loc_tiruchirappalli,10.7905,78.7047,ECMWF_ERA5_Reanalysis
2021-03-25,36.9,24.9,30.2,40.0,29.8,33.5,0.0,15.8,34.9,93,22.82,1000.3,loc_tiruchirappalli,10.7905,78.7047,ECMWF_ERA5_Reanalysis
2021-03-26,36.6,24.6,30.2,39.5,29.3,33.3,0.1,14.6,33.8,85,21.69,999.7,loc_tiruchirappalli,10.7905,78.7047,ECMWF_ERA5_Reanalysis
2021-03-27,36.6,23.8,29.8,39.2,28.6,33.3,0.0,14.1,36.0,99,22.73,999.6,loc_tiruchirappalli,10.7905,78.7047,ECMWF_ERA5_Reanalysis
2021-03-28,37.4,24.7,30.6,41.4,30.0,34.6,0.0,14.8,31.0,120,22.56,999.2,loc_tiruchirappalli,10.7905,78.7047,ECMWF_ERA5_Reanalysis
2021-03-29,37.6,25.1,31.0,41.7,29.6,34.1,0.0,17.6,43.6,159,23.01,999.1,loc_tiruchirappalli,10.7905,78.7047,ECMWF_ERA5_Reanalysis
2021-03-30,39.7,25.5,32.0,42.3,29.8,34.6,0.0,13.4,33.1,216,25.44,997.6,loc_tiruchirappalli,10.7905,78.7047,ECMWF_ERA5_Reanalysis
2021-03-31,40.7,25.5,32.3,43.7,29.3,35.2,0.0,20.4,40.3,180,25.64,995.9,loc_tiruchirappalli,10.7905,78.7047,ECMWF_ERA5_Reanalysis
2021-04-01,39.7,26.6,32.9,43.3,31.1,36.1,0.0,22.1,40.7,203,22.58,995.9,loc_tiruchirappalli,10.7905,78.7047,ECMWF_ERA5_Reanalysis
2021-04-02,41.3,27.0,33.0,43.5,29.1,35.1,0.0,20.3,37.4,232,24.04,996.1,loc_tiruchirappalli,10.7905,78.7047,ECMWF_ERA5_Reanalysis
2021-04-03,40.4,26.5,32.8,41.5,29.7,34.9,0.0,18.6,40.0,226,24.17,996.9,loc_tiruchirappalli,10.7905,78.7047,ECMWF_ERA5_Reanalysis
2021-04-04,39.7,27.4,33.2,43.0,30.5,35.9,0.0,18.1,34.2,241,21.54,997.9,loc_tiruchirappalli,10.7905,78.7047,ECMWF_ERA5_Reanalysis
2021-04-05,39.6,27.6,32.9,42.4,31.7,36.2,0.0,19.2,39.6,80,22.67,998.8,loc_tiruchirappalli,10.7905,78.7047,ECMWF_ERA5_Reanalysis
2021-04-06,38.1,26.8,31.2,40.1,29.5,34.6,0.0,13.8,33.1,92,23.37,1000.5,loc_tiruchirappalli,10.7905,78.7047,ECMWF_ERA5_Reanalysis
2021-04-07,37.7,22.9,30.0,39.4,27.0,32.6,0.0,17.7,36.4,107,25.29,1001.4,loc_tiruchirappalli,10.7905,78.7047,ECMWF_ERA5_Reanalysis
2021-04-08,37.7,24.3,30.5,40.2,28.7,33.6,0.0,15.8,31.7,136,25.94,999.8,loc_tiruchirappalli,10.7905,78.7047,ECMWF_ERA5_Reanalysis
2021-04-09,38.0,24.2,30.6,40.6,28.6,33.6,0.0,15.3,31.7,119,26.02,999.2,loc_tiruchirappalli,10.7905,78.7047,ECMWF_ERA5_Reanalysis
2021-04-10,35.6,25.6,29.8,38.9,30.4,33.5,0.9,16.2,34.6,110,21.96,1000.7,loc_tiruchirappalli,10.7905,78.7047,ECMWF_ERA5_Reanalysis
2021-04-11,35.6,24.2,29.8,38.9,29.1,33.6,0.3,18.6,39.2,99,22.24,1002.0,loc_tiruchirappalli,10.7905,78.7047,ECMWF_ERA5_Reanalysis
2021-04-12,34.2,26.0,29.3,38.3,30.9,33.6,4.1,13.8,34.9,115,17.96,1002.4,loc_tiruchirappalli,10.7905,78.7047,ECMWF_ERA5_Reanalysis
2021-04-13,35.5,25.3,29.6,39.5,30.6,33.8,1.7,14.3,40.3,121,20.6,1002.0,loc_tiruchirappalli,10.7905,78.7047,ECMWF_ERA5_Reanalysis
2021-04-14,35.8,25.5,29.0,40.6,30.5,33.8,9.2,18.0,39.2,139,19.72,1001.3,loc_tiruchirappalli,10.7905,78.7047,ECMWF_ERA5_Reanalysis
2021-04-15,33.7,24.1,27.6,39.9,29.0,32.9,16.4,13.1,32.0,161,18.66,1001.2,loc_tiruchirappalli,10.7905,78.7047,ECMWF_ERA5_Reanalysis
2021-04-16,35.3,23.2,29.2,40.9,27.4,34.0,13.4,13.3,25.6,171,21.67,1000.4,loc_tiruchirappalli,10.7905,78.7047,ECMWF_ERA5_Reanalysis
2021-04-17,35.8,25.6,30.5,41.7,30.9,35.3,0.0,15.6,28.4,190,23.79,1000.6,loc_tiruchirappalli,10.7905,78.7047,ECMWF_ERA5_Reanalysis
2021-04-18,36.3,26.2,30.7,42.1,31.7,35.6,0.4,17.2,36.0,175,22.65,1001.6,loc_tiruchirappalli,10.7905,78.7047,ECMWF_ERA5_Reanalysis
2021-04-19,37.7,26.1,31.5,42.0,30.9,35.4,0.0,17.4,32.4,203,23.12,999.7,loc_tiruchirappalli,10.7905,78.7047,ECMWF_ERA5_Reanalysis
2021-04-20,38.1,26.6,31.8,42.2,32.2,35.8,0.0,14.5,25.9,194,22.95,998.7,loc_tiruchirappalli,10.7905,78.7047,ECMWF_ERA5_Reanalysis
2021-04-21,38.0,26.0,31.4,42.6,31.2,35.6,0.1,17.4,36.4,153,23.97,999.9,loc_tiruchirappalli,10.7905,78.7047,ECMWF_ERA5_Reanalysis
2021-04-22,37.9,26.1,31.4,42.9,31.7,35.6,0.0,17.3,33.1,147,23.14,1000.2,loc_tiruchirappalli,10.7905,78.7047,ECMWF_ERA5_Reanalysis
2021-04-23,38.5,25.8,31.7,42.4,31.2,36.1,0.7,14.8,36.7,147,23.42,999.8,loc_tiruchirappalli,10.7905,78.7047,ECMWF_ERA5_Reanalysis
2021-04-24,37.6,25.5,31.3,41.3,31.8,35.9,0.5,13.8,31.0,140,23.55,999.4,loc_tiruchirappalli,10.7905,78.7047,ECMWF_ERA5_Reanalysis
2021-04-25,36.8,25.7,31.2,41.3,32.0,35.8,0.0,13.7,25.2,144,23.26,999.4,loc_tiruchirappalli,10.7905,78.7047,ECMWF_ERA5_Reanalysis
2021-04-26,38.1,26.2,31.6,41.5,32.2,35.7,0.0,17.1,32.8,145,23.85,998.9,loc_tiruchirappalli,10.7905,78.7047,ECMWF_ERA5_Reanalysis
2021-04-27,37.5,26.6,31.6,42.7,32.3,36.2,0.2,15.9,37.4,140,22.31,999.5,loc_tiruchirappalli,10.7905,78.7047,ECMWF_ERA5_Reanalysis
2021-04-28,38.5,27.0,32.4,43.1,33.0,36.8,0.0,16.8,35.6,144,22.83,999.8,loc_tiruchirappalli,10.7905,78.7047,ECMWF_ERA5_Reanalysis
2021-04-29,38.7,27.0,32.4,43.0,32.8,36.7,0.0,16.8,37.8,136,23.27,999.0,loc_tiruchirappalli,10.7905,78.7047,ECMWF_ERA5_Reanalysis
2021-04-30,38.0,27.0,31.8,41.3,32.9,36.0,0.0,17.3,46.8,120,22.57,998.7,loc_tiruchirappalli,10.7905,78.7047,ECMWF_ERA5_Reanalysis
2021-05-01,36.9,27.2,30.8,41.0,33.0,35.6,1.1,13.4,35.6,125,21.47,999.1,loc_tiruchirappalli,10.7905,78.7047,ECMWF_ERA5_Reanalysis
2021-05-02,37.1,26.5,30.8,41.0,32.8,35.6,2.3,17.7,41.8,106,21.66,999.2,loc_tiruchirappalli,10.7905,78.7047,ECMWF_ERA5_Reanalysis
2021-05-03,35.4,26.2,30.0,41.0,31.2,34.9,1.8,16.0,37.4,132,18.38,999.0,loc_tiruchirappalli,10.7905,78.7047,ECMWF_ERA5_Reanalysis
2021-05-04,36.3,25.7,30.4,41.8,31.3,35.3,7.1,14.4,46.1,158,21.06,998.8,loc_tiruchirappalli,10.7905,78.7047,ECMWF_ERA5_Reanalysis
2021-05-05,36.8,24.7,30.2,41.3,30.2,35.0,0.1,17.4,40.3,126,22.24,998.6,loc_tiruchirappalli,10.7905,78.7047,ECMWF_ERA5_Reanalysis
2021-05-06,36.0,26.2,30.5,40.5,32.1,35.3,1.4,17.0,36.4,122,19.69,999.5,loc_tiruchirappalli,10.7905,78.7047,ECMWF_ERA5_Reanalysis
2021-05-07,35.7,26.3,30.3,40.6,31.7,35.0,1.7,16.7,37.4,122,20.02,1000.2,loc_tiruchirappalli,10.7905,78.7047,ECMWF_ERA5_Reanalysis
2021-05-08,36.9,25.2,30.3,41.7,30.6,35.0,1.5,17.9,38.5,101,21.01,999.4,loc_tiruchirappalli,10.7905,78.7047,ECMWF_ERA5_Reanalysis
2021-05-09,36.2,25.7,30.2,41.2,31.2,35.2,1.2,15.0,39.6,117,20.92,998.2,loc_tiruchirappalli,10.7905,78.7047,ECMWF_ERA5_Reanalysis
2021-05-10,37.4,26.0,31.3,42.5,31.3,35.9,0.3,14.5,34.6,158,22.01,997.8,loc_tiruchirappalli,10.7905,78.7047,ECMWF_ERA5_Reanalysis
2021-05-11,38.5,26.9,31.9,43.9,31.8,36.3,0.1,18.1,37.4,183,22.59,997.6,loc_tiruchirappalli,10.7905,78.7047,ECMWF_ERA5_Reanalysis
2021-05-12,38.1,27.0,32.2,42.7,32.7,36.6,0.6,18.8,36.4,178,20.88,996.5,loc_tiruchirappalli,10.7905,78.7047,ECMWF_ERA5_Reanalysis
2021-05-13,39.3,27.1,31.6,43.7,31.9,36.6,8.5,19.7,43.2,187,21.22,996.0,loc_tiruchirappalli,10.7905,78.7047,ECMWF_ERA5_Reanalysis
2021-05-14,39.2,26.1,31.6,41.5,31.7,35.4,0.0,21.1,44.6,204,21.14,995.3,loc_tiruchirappalli,10.7905,78.7047,ECMWF_ERA5_Reanalysis
2021-05-15,31.7,26.6,28.3,35.0,29.5,32.1,6.0,15.9,51.8,202,8.55,995.1,loc_tiruchirappalli,10.7905,78.7047,ECMWF_ERA5_Reanalysis
2021-05-16,33.4,25.1,29.0,38.1,29.7,33.4,0.3,13.4,23.8,238,15.42,996.4,loc_tiruchirappalli,10.7905,78.7047,ECMWF_ERA5_Reanalysis
2021-05-17,37.4,24.7,30.8,42.4,29.4,35.5,0.4,11.2,36.7,165,21.49,997.3,loc_tiruchirappalli,10.7905,78.7047,ECMWF_ERA5_Reanalysis
2021-05-18,38.4,26.1,32.0,42.4,30.1,36.2,0.4,14.1,27.7,229,23.74,997.5,loc_tiruchirappalli,10.7905,78.7047,ECMWF_ERA5_Reanalysis
2021-05-19,38.8,26.4,31.2,43.8,30.6,35.7,4.2,19.0,43.6,239,23.18,997.1,loc_tiruchirappalli,10.7905,78.7047,ECMWF_ERA5_Reanalysis
2021-05-20,37.4,26.1,30.5,42.4,31.1,35.1,5.2,16.9,40.3,229,20.43,997.8,loc_tiruchirappalli,10.7905,78.7047,ECMWF_ERA5_Reanalysis
2021-05-21,34.8,25.6,28.5,38.3,30.9,34.1,6.5,10.8,27.4,239,14.0,998.4,loc_tiruchirappalli,10.7905,78.7047,ECMWF_ERA5_Reanalysis
2021-05-22,33.0,25.0,28.6,36.4,30.0,32.9,2.2,12.6,36.4,249,11.97,997.7,loc_tiruchirappalli,10.7905,78.7047,ECMWF_ERA5_Reanalysis
2021-05-23,37.4,26.6,31.2,40.7,29.8,33.9,0.2,18.7,44.3,259,19.01,997.4,loc_tiruchirappalli,10.7905,78.7047,ECMWF_ERA5_Reanalysis
2021-05-24,38.0,27.6,32.2,39.0,29.5,33.7,0.0,21.7,45.0,274,19.08,997.0,loc_tiruchirappalli,10.7905,78.7047,ECMWF_ERA5_Reanalysis
2021-05-25,38.9,27.9,32.2,39.1,30.0,33.9,0.3,25.7,53.3,262,21.49,996.0,loc_tiruchirappalli,10.7905,78.7047,ECMWF_ERA5_Reanalysis
2021-05-26,34.5,27.1,30.4,35.3,29.7,31.8,0.2,28.8,59.8,271,17.14,996.1,loc_tiruchirappalli,10.7905,78.7047,ECMWF_ERA5_Reanalysis
2021-05-27,38.8,26.9,32.1,39.7,28.4,32.7,0.0,26.7,54.0,276,22.98,996.0,loc_tiruchirappalli,10.7905,78.7047,ECMWF_ERA5_Reanalysis
2021-05-28,39.8,27.0,32.6,40.8,27.9,33.3,0.0,22.8,47.5,276,24.66,996.9,loc_tiruchirappalli,10.7905,78.7047,ECMWF_ERA5_Reanalysis
2021-05-29,39.0,27.0,32.6,41.2,29.7,34.2,0.0,21.6,45.7,273,23.56,997.8,loc_tiruchirappalli,10.7905,78.7047,ECMWF_ERA5_Reanalysis
2021-05-30,40.4,27.5,33.2,42.2,28.9,34.3,0.0,22.9,46.4,277,23.23,997.3,loc_tiruchirappalli,10.7905,78.7047,ECMWF_ERA5_Reanalysis
2021-05-31,40.6,28.1,33.6,42.0,29.9,35.0,0.0,19.5,41.8,275,24.34,996.1,loc_tiruchirappalli,10.7905,78.7047,ECMWF_ERA5_Reanalysis
2021-06-01,40.2,27.9,33.4,42.0,30.3,35.5,0.8,22.1,48.2,278,23.37,996.3,loc_tiruchirappalli,10.7905,78.7047,ECMWF_ERA5_Reanalysis
2021-06-02,40.0,26.8,32.6,44.3,31.0,36.3,4.0,16.9,31.7,283,23.12,996.7,loc_tiruchirappalli,10.7905,78.7047,ECMWF_ERA5_Reanalysis
2021-06-03,38.9,25.2,31.3,42.9,31.1,36.2,9.9,12.0,35.3,251,22.3,997.9,loc_tiruchirappalli,10.7905,78.7047,ECMWF_ERA5_Reanalysis
2021-06-04,36.4,25.2,29.4,41.6,30.4,34.6,17.3,13.0,33.1,267,21.98,999.0,loc_tiruchirappalli,10.7905,78.7047,ECMWF_ERA5_Reanalysis
2021-06-05,33.9,25.2,27.8,40.2,30.2,33.1,33.2,11.8,27.7,264,15.99,999.0,loc_tiruchirappalli,10.7905,78.7047,ECMWF_ERA5_Reanalysis
2021-06-06,34.5,24.6,29.4,38.1,29.4,33.5,0.2,15.9,38.9,243,19.86,998.9,loc_tiruchirappalli,10.7905,78.7047,ECMWF_ERA5_Reanalysis
2021-06-07,36.7,26.1,31.2,40.7,30.1,35.0,0.0,14.1,32.0,264,22.24,998.4,loc_tiruchirappalli,10.7905,78.7047,ECMWF_ERA5_Reanalysis
2021-06-08,37.5,26.9,31.4,40.6,30.1,34.8,0.4,17.7,37.1,257,21.97,997.9,loc_tiruchirappalli,10.7905,78.7047,ECMWF_ERA5_Reanalysis
2021-06-09,37.6,26.8,31.8,39.1,28.9,33.1,0.0,22.4,45.0,274,23.5,997.1,loc_tiruchirappalli,10.7905,78.7047,ECMWF_ERA5_Reanalysis
2021-06-10,37.6,27.1,31.7,38.5,28.8,32.6,0.1,23.7,48.6,278,22.74,996.2,loc_tiruchirappalli,10.7905,78.7047,ECMWF_ERA5_Reanalysis
2021-06-11,38.4,27.6,32.1,38.1,28.7,32.5,0.0,26.0,54.0,277,24.03,996.4,loc_tiruchirappalli,10.7905,78.7047,ECMWF_ERA5_Reanalysis
2021-06-12,38.1,27.1,31.6,38.3,29.0,32.3,0.0,31.4,68.0,276,23.16,996.6,loc_tiruchirappalli,10.7905,78.7047,ECMWF_ERA5_Reanalysis
2021-06-13,36.8,26.8,30.9,37.7,29.2,31.8,0.0,33.4,70.6,271,17.6,996.7,loc_tiruchirappalli,10.7905,78.7047,ECMWF_ERA5_Reanalysis
2021-06-14,31.3,24.5,28.5,31.5,26.8,29.7,1.0,26.4,50.4,271,6.66,997.0,loc_tiruchirappalli,10.7905,78.7047,ECMWF_ERA5_Reanalysis
2021-06-15,37.2,26.3,31.2,37.5,28.9,32.3,0.3,29.5,64.1,264,23.43,996.0,loc_tiruchirappalli,10.7905,78.7047,ECMWF_ERA5_Reanalysis
2021-06-16,37.4,26.1,31.2,37.8,29.3,32.1,0.0,31.0,66.6,270,23.26,997.1,loc_tiruchirappalli,10.7905,78.7047,ECMWF_ERA5_Reanalysis
2021-06-17,37.5,27.9,31.9,37.3,28.9,32.4,0.0,30.4,64.8,274,22.61,997.8,loc_tiruchirappalli,10.7905,78.7047,ECMWF_ERA5_Reanalysis
2021-06-18,38.4,27.2,31.8,38.9,29.0,32.6,0.0,26.6,54.4,272,22.49,998.8,loc_tiruchirappalli,10.7905,78.7047,ECMWF_ERA5_Reanalysis
2021-06-19,38.2,27.0,31.9,38.2,28.6,32.4,0.0,26.7,58.0,278,23.57,1000.0,loc_tiruchirappalli,10.7905,78.7047,ECMWF_ERA5_Reanalysis
2021-06-20,38.0,26.9,31.9,38.4,28.7,32.7,0.0,24.1,52.2,278,22.98,999.9,loc_tiruchirappalli,10.7905,78.7047,ECMWF_ERA5_Reanalysis
2021-06-21,39.0,26.2,32.3,41.0,28.5,34.0,0.0,19.5,40.3,273,22.67,998.9,loc_tiruchirappalli,10.7905,78.7047,ECMWF_ERA5_Reanalysis
2021-06-22,38.6,26.8,32.2,39.6,29.5,34.1,0.0,16.6,36.7,274,19.52,998.1,loc_tiruchirappalli,10.7905,78.7047,ECMWF_ERA5_Reanalysis
2021-06-23,38.3,26.5,30.2,42.3,30.1,33.9,6.0,19.1,42.5,251,20.11,998.2,loc_tiruchirappalli,10.7905,78.7047,ECMWF_ERA5_Reanalysis
2021-06-24,36.4,25.7,30.9,38.0,28.7,32.6,0.0,19.1,37.8,274,16.89,998.5,loc_tiruchirappalli,10.7905,78.7047,ECMWF_ERA5_Reanalysis
2021-06-25,38.5,26.0,31.7,39.7,27.8,32.8,0.0,17.7,38.9,274,22.2,997.3,loc_tiruchirappalli,10.7905,78.7047,ECMWF_ERA5_Reanalysis
2021-06-26,37.5,26.3,31.4,38.5,27.9,32.5,0.0,21.4,43.6,278,19.97,996.9,loc_tiruchirappalli,10.7905,78.7047,ECMWF_ERA5_Reanalysis
2021-06-27,33.6,27.1,30.1,35.3,28.2,31.9,0.0,19.6,37.1,280,7.66,998.3,loc_tiruchirappalli,10.7905,78.7047,ECMWF_ERA5_Reanalysis
2021-06-28,38.2,26.5,31.6,41.0,29.6,34.3,1.0,16.4,43.6,257,20.87,997.8,loc_tiruchirappalli,10.7905,78.7047,ECMWF_ERA5_Reanalysis
2021-06-29,37.1,26.8,31.3,41.4,31.6,35.5,1.7,15.9,35.6,161,21.49,997.7,loc_tiruchirappalli,10.7905,78.7047,ECMWF_ERA5_Reanalysis
2021-06-30,39.2,26.7,32.6,42.7,32.0,36.2,0.3,17.8,33.8,200,23.03,997.0,loc_tiruchirappalli,10.7905,78.7047,ECMWF_ERA5_Reanalysis
2021-07-01,38.5,25.8,30.6,42.1,30.9,35.2,9.8,24.6,51.1,232,21.73,996.7,loc_tiruchirappalli,10.7905,78.7047,ECMWF_ERA5_Reanalysis
2021-07-02,37.1,25.7,29.9,41.0,29.1,33.7,0.5,15.9,40.3,253,20.82,997.2,loc_tiruchirappalli,10.7905,78.7047,ECMWF_ERA5_Reanalysis
2021-07-03,36.4,26.5,30.4,40.5,30.0,34.3,2.4,11.7,33.1,264,19.07,997.7,loc_tiruchirappalli,10.7905,78.7047,ECMWF_ERA5_Reanalysis
2021-07-04,36.6,25.7,29.8,41.7,29.9,34.1,6.6,15.9,29.5,277,20.69,997.8,loc_tiruchirappalli,10.7905,78.7047,ECMWF_ERA5_Reanalysis
2021-07-05,36.6,24.2,30.3,41.0,28.3,34.2,0.1,15.7,33.8,283,23.98,996.3,loc_tiruchirappalli,10.7905,78.7047,ECMWF_ERA5_Reanalysis
2021-07-06,37.4,26.4,31.1,42.0,30.0,35.1,0.1,13.2,29.5,241,23.04,995.9,loc_tiruchirappalli,10.7905,78.7047,ECMWF_ERA5_Reanalysis
2021-07-07,37.9,26.7,30.6,42.8,31.0,34.7,8.4,16.9,44.3,239,20.3,996.0,loc_tiruchirappalli,10.7905,78.7047,ECMWF_ERA5_Reanalysis
2021-07-08,38.5,26.6,31.8,41.8,29.9,35.3,0.3,16.5,35.6,263,23.51,996.1,loc_tiruchirappalli,10.7905,78.7047,ECMWF_ERA5_Reanalysis
2021-07-09,35.9,26.1,29.9,39.2,30.4,33.5,6.1,23.8,45.4,265,18.12,995.2,loc_tiruchirappalli,10.7905,78.7047,ECMWF_ERA5_Reanalysis
2021-07-10,32.6,26.7,29.2,32.7,27.5,30.0,0.0,29.7,61.9,271,12.52,995.1,loc_tiruchirappalli,10.7905,78.7047,ECMWF_ERA5_Reanalysis
2021-07-11,31.8,26.3,28.8,31.5,27.0,29.4,0.0,28.5,55.8,269,8.74,994.9,loc_tiruchirappalli,10.7905,78.7047,ECMWF_ERA5_Reanalysis
2021-07-12,33.9,26.5,29.4,34.6,28.4,30.7,0.6,26.3,52.6,269,13.1,995.1,loc_tiruchirappalli,10.7905,78.7047,ECMWF_ERA5_Reanalysis
2021-07-13,36.3,27.1,30.6,38.1,28.6,32.0,0.4,25.0,51.8,274,18.31,995.5,loc_tiruchirappalli,10.7905,78.7047,ECMWF_ERA5_Reanalysis
2021-07-14,36.1,26.7,30.1,36.9,28.7,31.8,0.6,24.2,50.8,276,16.28,996.3,loc_tiruchirappalli,10.7905,78.7047,ECMWF_ERA5_Reanalysis
2021-07-15,35.6,24.3,29.5,35.5,27.8,31.0,0.1,25.0,46.8,270,10.94,996.2,loc_tiruchirappalli,10.7905,78.7047,ECMWF_ERA5_Reanalysis
2021-07-16,35.2,26.2,30.0,37.8,30.2,32.7,4.8,22.0,49.3,276,18.57,997.9,loc_tiruchirappalli,10.7905,78.7047,ECMWF_ERA5_Reanalysis
2021-07-17,35.5,26.0,30.5,37.5,28.6,32.6,0.3,18.3,42.8,284,17.62,997.6,loc_tiruchirappalli,10.7905,78.7047,ECMWF_ERA5_Reanalysis
2021-07-18,27.8,24.8,25.9,29.7,27.0,28.3,8.2,24.1,45.0,272,6.99,997.7,loc_tiruchirappalli,10.7905,78.7047,ECMWF_ERA5_Reanalysis
2021-07-19,36.9,25.5,30.4,39.1,27.5,31.8,0.0,25.2,51.8,274,23.44,997.3,loc_tiruchirappalli,10.7905,78.7047,ECMWF_ERA5_Reanalysis
2021-07-20,36.9,25.9,30.5,36.3,27.2,31.0,0.0,26.3,55.1,275,17.92,998.6,loc_tiruchirappalli,10.7905,78.7047,ECMWF_ERA5_Reanalysis
2021-07-21,35.6,26.6,30.4,34.6,27.6,30.7,0.0,30.4,62.6,273,16.97,998.2,loc_tiruchirappalli,10.7905,78.7047,ECMWF_ERA5_Reanalysis
2021-07-22,36.0,27.3,30.6,34.8,27.3,30.1,0.0,40.4,82.1,272,18.39,995.7,loc_tiruchirappalli,10.7905,78.7047,ECMWF_ERA5_Reanalysis
2021-07-23,36.4,27.8,30.6,35.6,28.0,31.2,0.0,31.6,65.5,269,14.2,995.3,loc_tiruchirappalli,10.7905,78.7047,ECMWF_ERA5_Reanalysis
2021-07-24,37.7,27.5,31.7,39.1,29.0,32.8,0.0,27.4,55.8,273,21.56,996.3,loc_tiruchirappalli,10.7905,78.7047,ECMWF_ERA5_Reanalysis
2021-07-25,38.4,27.1,31.4,39.5,29.0,32.7,0.1,25.9,54.7,269,20.06,997.4,loc_tiruchirappalli,10.7905,78.7047,ECMWF_ERA5_Reanalysis
2021-07-26,34.3,26.7,30.6,35.4,28.5,32.0,0.1,24.3,61.9,273,18.05,998.0,loc_tiruchirappalli,10.7905,78.7047,ECMWF_ERA5_Reanalysis
2021-07-27,37.9,26.9,31.6,38.9,28.0,32.2,0.0,29.6,59.8,277,22.74,997.1,loc_tiruchirappalli,10.7905,78.7047,ECMWF_ERA5_Reanalysis
2021-07-28,38.7,26.8,32.0,39.3,28.3,32.6,0.0,27.0,55.8,276,24.17,997.7,loc_tiruchirappalli,10.7905,78.7047,ECMWF_ERA5_Reanalysis
2021-07-29,38.2,26.9,31.8,37.9,28.2,32.2,0.0,26.0,56.2,278,22.14,998.3,loc_tiruchirappalli,10.7905,78.7047,ECMWF_ERA5_Reanalysis
2021-07-30,38.9,26.6,31.8,41.1,28.3,32.9,0.0,21.6,44.3,275,23.15,999.1,loc_tiruchirappalli,10.7905,78.7047,ECMWF_ERA5_Reanalysis
2021-07-31,39.3,26.3,31.9,41.8,28.1,33.3,0.0,21.3,44.3,277,24.45,999.4,loc_tiruchirappalli,10.7905,78.7047,ECMWF_ERA5_Reanalysis
2021-08-01,38.5,26.4,31.8,39.9,28.6,32.9,0.0,22.3,45.0,276,21.09,998.5,loc_tiruchirappalli,10.7905,78.7047,ECMWF_ERA5_Reanalysis
2021-08-02,38.3,27.3,32.0,38.5,27.8,32.0,0.0,27.2,55.8,276,22.72,998.6,loc_tiruchirappalli,10.7905,78.7047,ECMWF_ERA5_Reanalysis
2021-08-03,38.4,26.8,31.8,39.2,28.1,32.7,0.0,25.1,50.8,276,23.87,999.8,loc_tiruchirappalli,10.7905,78.7047,ECMWF_ERA5_Reanalysis
2021-08-04,37.1,26.7,31.5,38.9,28.5,32.8,0.0,23.3,50.0,277,20.53,1000.3,loc_tiruchirappalli,10.7905,78.7047,ECMWF_ERA5_Reanalysis
2021-08-05,38.3,27.4,31.9,39.3,28.8,32.9,0.0,30.3,60.1,273,23.0,998.4,loc_tiruchirappalli,10.7905,78.7047,ECMWF_ERA5_Reanalysis
2021-08-06,38.8,27.3,32.0,40.9,29.0,33.4,0.0,24.8,52.6,275,23.01,997.3,loc_tiruchirappalli,10.7905,78.7047,ECMWF_ERA5_Reanalysis
2021-08-07,38.8,26.9,31.5,42.0,29.0,33.4,0.3,22.3,46.1,275,22.6,997.9,loc_tiruchirappalli,10.7905,78.7047,ECMWF_ERA5_Reanalysis
2021-08-08,38.1,26.2,31.3,42.3,29.1,34.0,1.1,22.4,47.5,262,20.14,998.4,loc_tiruchirappalli,10.7905,78.7047,ECMWF_ERA5_Reanalysis
2021-08-09,39.0,26.7,31.6,42.7,29.2,34.1,1.7,18.8,39.6,267,21.35,998.7,loc_tiruchirappalli,10.7905,78.7047,ECMWF_ERA5_Reanalysis
2021-08-10,39.2,27.1,32.1,42.2,29.4,34.2,0.5,20.3,43.9,282,22.15,998.2,loc_tiruchirappalli,10.7905,78.7047,ECMWF_ERA5_Reanalysis
2021-08-11,38.2,27.1,31.3,40.4,29.5,33.7,8.7,19.4,46.8,281,19.85,998.4,loc_tiruchirappalli,10.7905,78.7047,ECMWF_ERA5_Reanalysis
2021-08-12,37.0,25.6,30.3,39.8,28.5,32.7,3.8,21.0,48.6,282,20.44,999.3,loc_tiruchirappalli,10.7905,78.7047,ECMWF_ERA5_Reanalysis
2021-08-13,35.9,26.1,30.4,37.6,28.5,32.3,0.0,22.0,41.4,280,17.68,998.0,loc_tiruchirappalli,10.7905,78.7047,ECMWF_ERA5_Reanalysis
2021-08-14,37.3,26.2,30.3,39.4,28.5,32.3,1.8,20.2,49.0,281,20.03,996.8,loc_tiruchirappalli,10.7905,78.7047,ECMWF_ERA5_Reanalysis
2021-08-15,36.3,24.3,29.7,38.2,26.8,31.6,0.4,18.4,38.2,278,14.95,997.4,loc_tiruchirappalli,10.7905,78.7047,ECMWF_ERA5_Reanalysis
2021-08-16,36.3,26.1,30.7,39.1,28.7,33.4,0.3,17.6,40.3,271,19.15,998.1,loc_tiruchirappalli,10.7905,78.7047,ECMWF_ERA5_Reanalysis
2021-08-17,38.0,26.3,30.8,41.3,29.0,33.9,0.6,13.5,39.2,271,22.05,998.5,loc_tiruchirappalli,10.7905,78.7047,ECMWF_ERA5_Reanalysis
2021-08-18,36.8,26.2,30.3,38.9,29.1,32.5,0.1,19.8,49.7,263,16.43,997.7,loc_tiruchirappalli,10.7905,78.7047,ECMWF_ERA5_Reanalysis
2021-08-19,35.1,25.8,30.1,36.7,27.3,31.6,0.0,24.6,51.1,279,19.01,997.1,loc_tiruchirappalli,10.7905,78.7047,ECMWF_ERA5_Reanalysis
2021-08-20,38.1,25.9,31.2,40.7,29.2,34.2,0.1,14.0,32.4,273,21.72,997.2,loc_tiruchirappalli,10.7905,78.7047,ECMWF_ERA5_Reanalysis
2021-08-21,34.2,24.5,28.5,39.0,28.5,33.0,13.9,12.0,28.1,225,18.9,999.4,loc_tiruchirappalli,10.7905,78.7047,ECMWF_ERA5_Reanalysis
2021-08-22,33.4,24.7,28.1,39.4,28.6,32.9,4.0,9.7,25.9,201,17.07,999.3,loc_tiruchirappalli,10.7905,78.7047,ECMWF_ERA5_Reanalysis
2021-08-23,32.0,23.9,27.1,36.3,27.9,31.7,5.8,9.6,26.6,197,16.71,999.3,loc_tiruchirappalli,10.7905,78.7047,ECMWF_ERA5_Reanalysis
2021-08-24,34.4,24.2,29.1,39.4,29.2,33.3,0.1,18.6,36.4,202,22.09,998.6,loc_tiruchirappalli,10.7905,78.7047,ECMWF_ERA5_Reanalysis
2021-08-25,35.7,25.6,30.2,40.6,30.3,34.2,0.3,16.9,30.6,220,22.87,997.6,loc_tiruchirappalli,10.7905,78.7047,ECMWF_ERA5_Reanalysis
2021-08-26,37.2,26.2,30.6,41.5,29.3,34.0,1.0,22.4,43.2,251,23.21,996.1,loc_tiruchirappalli,10.7905,78.7047,ECMWF_ERA5_Reanalysis
2021-08-27,35.9,25.5,29.2,39.3,28.5,32.4,3.4,17.7,47.9,274,17.63,995.9,loc_tiruchirappalli,10.7905,78.7047,ECMWF_ERA5_Reanalysis
2021-08-28,30.6,24.6,27.6,32.7,28.1,29.8,2.8,23.1,46.8,275,11.26,995.4,loc_tiruchirappalli,10.7905,78.7047,ECMWF_ERA5_Reanalysis
2021-08-29,32.4,24.0,27.3,33.1,26.9,29.4,4.5,25.9,61.9,270,14.31,995.2,loc_tiruchirappalli,10.7905,78.7047,ECMWF_ERA5_Reanalysis
2021-08-30,33.3,24.7,28.4,33.5,26.1,29.9,0.2,25.2,49.7,271,9.96,995.9,loc_tiruchirappalli,10.7905,78.7047,ECMWF_ERA5_Reanalysis
2021-08-31,36.2,25.1,29.6,39.9,28.3,33.2,2.1,15.7,41.0,288,21.01,996.8,loc_tiruchirappalli,10.7905,78.7047,ECMWF_ERA5_Reanalysis
2021-09-01,36.4,25.3,30.1,39.5,29.0,33.7,0.5,13.7,32.8,275,19.73,997.7,loc_tiruchirappalli,10.7905,78.7047,ECMWF_ERA5_Reanalysis
2021-09-02,36.3,25.1,29.0,39.8,29.1,33.1,10.2,15.3,35.3,281,20.06,997.8,loc_tiruchirappalli,10.7905,78.7047,ECMWF_ERA5_Reanalysis
2021-09-03,31.0,24.3,26.9,34.0,27.9,30.3,11.9,16.5,37.1,261,12.47,997.5,loc_tiruchirappalli,10.7905,78.7047,ECMWF_ERA5_Reanalysis
2021-09-04,32.1,25.0,28.0,34.3,27.0,30.4,0.2,21.3,42.8,268,13.83,997.6,loc_tiruchirappalli,10.7905,78.7047,ECMWF_ERA5_Reanalysis
2021-09-05,34.9,25.4,28.3,39.4,27.7,31.1,3.1,23.1,51.1,264,19.88,997.4,loc_tiruchirappalli,10.7905,78.7047,ECMWF_ERA5_Reanalysis
2021-09-06,33.7,25.2,28.8,35.9,27.2,30.6,0.0,24.1,46.1,278,17.47,997.2,loc_tiruchirappalli,10.7905,78.7047,ECMWF_ERA5_Reanalysis
2021-09-07,35.6,26.3,30.0,38.1,28.2,31.8,0.0,24.9,51.5,269,18.57,997.5,loc_tiruchirappalli,10.7905,78.7047,ECMWF_ERA5_Reanalysis
2021-09-08,36.4,25.4,30.2,39.5,28.6,32.5,0.0,19.5,46.8,270,23.79,998.6,loc_tiruchirappalli,10.7905,78.7047,ECMWF_ERA5_Reanalysis
2021-09-09,37.2,25.5,30.7,40.2,27.3,33.1,0.0,19.1,42.8,277,24.34,999.1,loc_tiruchirappalli,10.7905,78.7047,ECMWF_ERA5_Reanalysis
2021-09-10,36.5,26.3,31.1,39.4,28.9,33.6,0.0,18.1,40.3,273,21.58,998.6,loc_tiruchirappalli,10.7905,78.7047,ECMWF_ERA5_Reanalysis
2021-09-11,36.0,26.6,30.9,37.0,29.0,32.3,0.0,21.7,50.4,277,16.8,997.6,loc_tiruchirappalli,10.7905,78.7047,ECMWF_ERA5_Reanalysis
2021-09-12,37.9,26.7,31.0,41.3,28.7,32.6,0.5,29.2,57.2,273,21.19,996.6,loc_tiruchirappalli,10.7905,78.7047,ECMWF_ERA5_Reanalysis
2021-09-13,36.7,27.8,31.4,37.3,28.7,32.3,0.0,28.8,61.2,272,20.44,996.1,loc_tiruchirappalli,10.7905,78.7047,ECMWF_ERA5_Reanalysis
2021-09-14,38.2,27.1,32.0,40.0,28.8,33.9,0.3,22.4,55.8,267,21.61,996.5,loc_tiruchirappalli,10.7905,78.7047,ECMWF_ERA5_Reanalysis
2021-09-15,38.4,27.0,31.5,42.1,29.2,34.2,3.4,20.1,46.8,253,20.39,997.2,loc_tiruchirappalli,10.7905,78.7047,ECMWF_ERA5_Reanalysis
2021-09-16,37.8,26.5,31.2,39.9,29.4,34.1,0.7,18.6,43.2,270,19.96,997.2,loc_tiruchirappalli,10.7905,78.7047,ECMWF_ERA5_Reanalysis
2021-09-17,38.3,26.1,30.3,42.4,30.7,34.6,4.5,18.2,38.9,245,21.49,997.1,loc_tiruchirappalli,10.7905,78.7047,ECMWF_ERA5_Reanalysis
2021-09-18,35.6,25.5,29.7,40.6,30.7,34.6,3.8,12.4,25.6,198,16.68,998.4,loc_tiruchirappalli,10.7905,78.7047,ECMWF_ERA5_Reanalysis
2021-09-19,36.1,25.6,29.8,42.3,31.2,35.1,4.4,9.2,24.8,218,20.29,999.6,loc_tiruchirappalli,10.7905,78.7047,ECMWF_ERA5_Reanalysis
2021-09-20,34.1,24.7,28.7,41.2,29.5,33.9,18.7,10.9,27.7,250,21.59,999.4,loc_tiruchirappalli,10.7905,78.7047,ECMWF_ERA5_Reanalysis
2021-09-21,35.6,24.8,29.7,41.1,29.9,34.1,0.0,15.5,33.8,255,23.21,998.1,loc_tiruchirappalli,10.7905,78.7047,ECMWF_ERA5_Reanalysis
2021-09-22,36.2,25.6,30.5,40.1,28.7,33.9,0.8,15.8,31.7,276,23.36,996.6,loc_tiruchirappalli,10.7905,78.7047,ECMWF_ERA5_Reanalysis
2021-09-23,35.6,25.5,29.7,39.7,31.2,34.2,8.5,11.3,29.9,265,20.45,996.9,loc_tiruchirappalli,10.7905,78.7047,ECMWF_ERA5_Reanalysis
2021-09-24,35.4,24.9,28.8,42.1,28.7,33.4,12.2,13.6,30.6,281,21.46,997.7,loc_tiruchirappalli,10.7905,78.7047,ECMWF_ERA5_Reanalysis
2021-09-25,34.6,24.9,29.2,39.1,29.6,33.8,2.5,14.1,33.1,270,22.71,997.2,loc_tiruchirappalli,10.7905,78.7047,ECMWF_ERA5_Reanalysis
2021-09-26,34.9,25.5,29.4,37.7,29.3,33.0,3.2,14.4,38.5,266,19.14,995.5,loc_tiruchirappalli,10.7905,78.7047,ECMWF_ERA5_Reanalysis
2021-09-27,32.9,26.4,28.7,34.9,28.4,30.6,1.8,31.4,61.9,274,17.79,994.8,loc_tiruchirappalli,10.7905,78.7047,ECMWF_ERA5_Reanalysis
2021-09-28,35.4,25.9,30.1,37.7,28.3,31.7,0.0,22.7,58.3,275,19.99,996.7,loc_tiruchirappalli,10.7905,78.7047,ECMWF_ERA5_Reanalysis
2021-09-29,36.7,26.0,30.5,39.1,27.6,32.8,0.1,20.3,55.8,284,21.28,998.0,loc_tiruchirappalli,10.7905,78.7047,ECMWF_ERA5_Reanalysis
2021-09-30,36.4,26.0,29.8,41.3,29.7,33.7,1.3,14.1,40.3,306,20.12,998.8,loc_tiruchirappalli,10.7905,78.7047,ECMWF_ERA5_Reanalysis
2021-10-01,31.5,24.0,27.2,38.2,29.0,32.5,8.5,8.7,30.2,77,15.2,998.8,loc_tiruchirappalli,10.7905,78.7047,ECMWF_ERA5_Reanalysis
2021-10-02,32.2,24.2,27.0,38.7,29.5,32.6,19.0,10.5,28.8,38,17.52,998.4,loc_tiruchirappalli,10.7905,78.7047,ECMWF_ERA5_Reanalysis
2021-10-03,32.1,24.1,27.1,39.0,29.2,32.6,9.9,9.4,23.0,78,16.65,998.1,loc_tiruchirappalli,10.7905,78.7047,ECMWF_ERA5_Reanalysis
2021-10-04,32.3,24.3,27.3,39.0,29.1,32.8,11.2,12.6,26.6,358,17.38,997.6,loc_tiruchirappalli,10.7905,78.7047,ECMWF_ERA5_Reanalysis
2021-10-05,30.2,24.6,26.2,35.7,29.3,31.8,12.7,9.8,22.0,283,9.06,997.3,loc_tiruchirappalli,10.7905,78.7047,ECMWF_ERA5_Reanalysis
2021-10-06,31.5,23.7,27.5,36.4,28.7,32.0,1.1,12.3,28.4,219,18.76,996.5,loc_tiruchirappalli,10.7905,78.7047,ECMWF_ERA5_Reanalysis
2021-10-07,33.4,24.6,28.8,39.6,29.9,33.9,1.4,14.5,25.9,198,21.02,996.8,loc_tiruchirappalli,10.7905,78.7047,ECMWF_ERA5_Reanalysis
2021-10-08,32.0,25.6,28.0,37.9,30.6,33.3,13.5,13.2,26.6,232,17.24,997.9,loc_tiruchirappalli,10.7905,78.7047,ECMWF_ERA5_Reanalysis
2021-10-09,29.0,24.5,26.3,32.9,28.6,30.3,15.6,14.4,29.2,268,5.3,999.4,loc_tiruchirappalli,10.7905,78.7047,ECMWF_ERA5_Reanalysis
2021-10-10,32.0,25.0,28.3,37.2,28.6,32.6,0.5,18.4,38.2,271,17.28,998.5,loc_tiruchirappalli,10.7905,78.7047,ECMWF_ERA5_Reanalysis
2021-10-11,31.1,24.5,27.0,35.8,28.6,31.4,7.9,16.3,36.0,267,13.45,997.4,loc_tiruchirappalli,10.7905,78.7047,ECMWF_ERA5_Reanalysis
2021-10-12,30.8,24.1,26.8,33.6,27.6,30.5,4.2,24.1,56.5,274,14.49,997.2,loc_tiruchirappalli,10.7905,78.7047,ECMWF_ERA5_Reanalysis
2021-10-13,33.6,24.6,28.4,36.9,27.4,31.7,0.0,19.7,45.4,280,22.0,996.5,loc_tiruchirappalli,10.7905,78.7047,ECMWF_ERA5_Reanalysis
2021-10-14,33.6,24.7,27.9,40.8,28.2,32.8,4.4,11.7,29.9,259,19.91,995.9,loc_tiruchirappalli,10.7905,78.7047,ECMWF_ERA5_Reanalysis
2021-10-15,33.6,24.5,28.6,38.7,29.6,33.6,0.0,10.3,24.1,230,19.6,993.6,loc_tiruchirappalli,10.7905,78.7047,ECMWF_ERA5_Reanalysis
2021-10-16,34.1,25.0,28.2,39.6,30.1,33.3,8.3,14.2,30.6,193,17.81,993.1,loc_tiruchirappalli,10.7905,78.7047,ECMWF_ERA5_Reanalysis
2021-10-17,31.9,24.7,27.9,35.9,29.0,32.2,5.8,20.2,42.1,259,18.27,995.3,loc_tiruchirappalli,10.7905,78.7047,ECMWF_ERA5_Reanalysis
2021-10-18,33.3,25.6,28.6,36.7,28.6,32.4,1.2,18.7,42.1,269,17.01,998.0,loc_tiruchirappalli,10.7905,78.7047,ECMWF_ERA5_Reanalysis
2021-10-19,33.3,25.2,28.2,39.1,28.6,32.9,6.4,15.5,32.8,284,18.41,1000.1,loc_tiruchirappalli,10.7905,78.7047,ECMWF_ERA5_Reanalysis
2021-10-20,33.0,24.1,27.8,40.3,28.8,33.4,10.6,11.4,28.4,123,17.64,1001.8,loc_tiruchirappalli,10.7905,78.7047,ECMWF_ERA5_Reanalysis
2021-10-21,31.8,23.6,26.6,38.0,27.8,32.0,20.8,12.5,30.2,121,16.38,1002.3,loc_tiruchirappalli,10.7905,78.7047,ECMWF_ERA5_Reanalysis
2021-10-22,32.1,22.9,27.2,37.8,27.4,32.3,20.1,9.9,22.0,111,19.23,1002.6,loc_tiruchirappalli,10.7905,78.7047,ECMWF_ERA5_Reanalysis
2021-10-23,32.1,23.3,26.5,38.4,27.4,31.7,14.3,11.0,24.5,146,17.23,1003.3,loc_tiruchirappalli,10.7905,78.7047,ECMWF_ERA5_Reanalysis
2021-10-24,32.8,22.9,26.5,39.2,27.2,31.2,7.9,10.8,28.4,283,20.32,1002.8,loc_tiruchirappalli,10.7905,78.7047,ECMWF_ERA5_Reanalysis
2021-10-25,30.9,23.3,26.4,35.9,28.2,31.3,9.4,10.4,23.4,22,15.83,1001.5,loc_tiruchirappalli,10.7905,78.7047,ECMWF_ERA5_Reanalysis
2021-10-26,30.9,23.4,26.6,36.3,27.9,31.3,2.7,11.0,25.9,36,19.02,1000.5,loc_tiruchirappalli,10.7905,78.7047,ECMWF_ERA5_Reanalysis
2021-10-27,31.8,23.1,26.6,36.5,27.2,31.4,6.3,17.3,34.6,26,19.13,1000.7,loc_tiruchirappalli,10.7905,78.7047,ECMWF_ERA5_Reanalysis
2021-10-28,31.7,23.2,27.0,34.5,27.0,30.4,0.2,18.2,35.6,7,18.27,1000.5,loc_tiruchirappalli,10.7905,78.7047,ECMWF_ERA5_Reanalysis
2021-10-29,28.9,23.0,25.1,33.3,26.8,29.3,18.7,18.3,35.3,41,10.91,1001.3,loc_tiruchirappalli,10.7905,78.7047,ECMWF_ERA5_Reanalysis
2021-10-30,29.5,22.9,25.2,33.9,26.6,29.7,19.1,14.8,31.3,51,12.36,1002.4,loc_tiruchirappalli,10.7905,78.7047,ECMWF_ERA5_Reanalysis
2021-10-31,29.1,22.9,25.2,33.0,27.5,29.7,7.7,15.5,33.8,34,10.43,1001.8,loc_tiruchirappalli,10.7905,78.7047,ECMWF_ERA5_Reanalysis
2021-11-01,28.5,22.9,24.7,32.2,27.0,28.8,17.9,15.6,32.4,43,10.21,1000.8,loc_tiruchirappalli,10.7905,78.7047,ECMWF_ERA5_Reanalysis
2021-11-02,29.1,22.9,25.0,32.6,26.9,29.2,9.9,15.5,31.0,59,10.12,1000.7,loc_tiruchirappalli,10.7905,78.7047,ECMWF_ERA5_Reanalysis
2021-11-03,28.7,22.8,24.9,32.6,26.7,29.1,10.8,12.9,27.0,49,11.43,1001.1,loc_tiruchirappalli,10.7905,78.7047,ECMWF_ERA5_Reanalysis
2021-11-04,29.8,23.0,25.5,34.0,27.3,30.1,14.4,11.5,24.1,61,13.24,1001.0,loc_tiruchirappalli,10.7905,78.7047,ECMWF_ERA5_Reanalysis
2021-11-05,30.2,22.6,25.3,36.4,27.5,30.6,29.1,8.7,27.4,254,14.07,1000.8,loc_tiruchirappalli,10.7905,78.7047,ECMWF_ERA5_Reanalysis
2021-11-06,31.2,23.3,26.0,37.0,27.9,31.1,16.5,16.5,30.2,321,17.46,999.3,loc_tiruchirappalli,10.7905,78.7047,ECMWF_ERA5_Reanalysis
2021-11-07,29.0,22.7,24.8,34.2,26.4,29.3,47.1,10.3,25.6,324,10.66,999.1,loc_tiruchirappalli,10.7905,78.7047,ECMWF_ERA5_Reanalysis
2021-11-08,25.6,22.9,24.1,30.3,26.4,28.7,27.0,11.3,26.6,347,4.82,1000.3,loc_tiruchirappalli,10.7905,78.7047,ECMWF_ERA5_Reanalysis
2021-11-09,25.7,21.0,22.9,29.2,23.1,26.5,36.2,12.0,28.8,313,5.5,1000.8,loc_tiruchirappalli,10.7905,78.7047,ECMWF_ERA5_Reanalysis
2021-11-10,23.9,20.6,22.2,27.6,22.2,25.1,16.3,13.0,23.8,285,4.09,999.5,loc_tiruchirappalli,10.7905,78.7047,ECMWF_ERA5_Reanalysis
2021-11-11,29.9,22.4,25.8,31.8,24.5,27.8,0.0,20.8,40.7,281,18.77,996.3,loc_tiruchirappalli,10.7905,78.7047,ECMWF_ERA5_Reanalysis
2021-11-12,29.8,22.9,25.6,33.8,25.7,29.2,0.8,14.0,29.5,269,14.85,996.9,loc_tiruchirappalli,10.7905,78.7047,ECMWF_ERA5_Reanalysis
2021-11-13,30.8,23.1,26.4,35.7,27.9,31.4,12.7,8.8,20.5,228,15.31,998.3,loc_tiruchirappalli,10.7905,78.7047,ECMWF_ERA5_Reanalysis
2021-11-14,29.5,23.5,25.9,35.6,28.2,31.2,19.4,9.6,25.2,240,12.68,998.6,loc_tiruchirappalli,10.7905,78.7047,ECMWF_ERA5_Reanalysis
2021-11-15,30.4,22.9,25.9,35.5,27.2,30.8,14.3,13.1,27.4,258,16.31,997.5,loc_tiruchirappalli,10.7905,78.7047,ECMWF_ERA5_Reanalysis
2021-11-16,29.8,23.4,25.3,36.1,28.6,30.8,29.2,14.0,27.0,15,13.47,997.9,loc_tiruchirappalli,10.7905,78.7047,ECMWF_ERA5_Reanalysis
2021-11-17,30.4,22.9,25.5,36.7,27.3,30.8,18.0,12.5,32.8,2,15.55,999.3,loc_tiruchirappalli,10.7905,78.7047,ECMWF_ERA5_Reanalysis
2021-11-18,26.9,23.3,24.2,30.1,25.9,27.9,12.7,20.2,35.6,279,4.9,996.8,loc_tiruchirappalli,10.7905,78.7047,ECMWF_ERA5_Reanalysis
2021-11-19,32.1,23.4,26.9,36.1,26.8,31.0,3.0,14.5,32.0,237,19.59,994.6,loc_tiruchirappalli,10.7905,78.7047,ECMWF_ERA5_Reanalysis
2021-11-20,29.8,23.5,25.8,36.5,28.6,31.2,23.3,11.6,27.4,222,13.21,996.6,loc_tiruchirappalli,10.7905,78.7047,ECMWF_ERA5_Reanalysis
2021-11-21,31.0,22.4,26.3,37.1,26.7,31.2,0.2,10.9,19.4,275,19.11,999.4,loc_tiruchirappalli,10.7905,78.7047,ECMWF_ERA5_Reanalysis
2021-11-22,30.2,22.8,25.7,35.4,27.3,30.7,10.6,14.0,29.2,17,14.72,1000.8,loc_tiruchirappalli,10.7905,78.7047,ECMWF_ERA5_Reanalysis
2021-11-23,30.2,23.3,25.7,35.4,28.0,30.5,8.0,13.1,28.1,42,13.26,1000.4,loc_tiruchirappalli,10.7905,78.7047,ECMWF_ERA5_Reanalysis
2021-11-24,30.1,23.1,25.7,33.0,27.3,29.8,0.0,14.0,29.5,18,14.99,1000.6,loc_tiruchirappalli,10.7905,78.7047,ECMWF_ERA5_Reanalysis
2021-11-25,29.1,23.2,24.9,32.6,27.0,28.7,20.3,21.7,43.9,37,11.09,1000.4,loc_tiruchirappalli,10.7905,78.7047,ECMWF_ERA5_Reanalysis
2021-11-26,25.2,23.2,24.1,29.3,26.7,27.9,15.4,14.4,27.7,26,5.83,1000.9,loc_tiruchirappalli,10.7905,78.7047,ECMWF_ERA5_Reanalysis
2021-11-27,26.1,22.9,23.9,30.3,26.3,27.6,54.3,15.1,33.1,25,5.93,1000.9,loc_tiruchirappalli,10.7905,78.7047,ECMWF_ERA5_Reanalysis
2021-11-28,27.3,22.8,24.3,32.0,26.5,28.2,18.8,16.3,33.8,50,8.87,1001.3,loc_tiruchirappalli,10.7905,78.7047,ECMWF_ERA5_Reanalysis
2021-11-29,27.3,22.6,24.4,31.4,26.1,28.3,6.8,15.6,33.5,56,10.97,1002.3,loc_tiruchirappalli,10.7905,78.7047,ECMWF_ERA5_Reanalysis
2021-11-30,28.4,22.8,24.8,33.5,26.2,28.8,4.3,13.7,32.4,66,13.29,1002.5,loc_tiruchirappalli,10.7905,78.7047,ECMWF_ERA5_Reanalysis
2021-12-01,29.8,22.8,25.0,34.5,26.5,29.2,2.3,14.0,29.5,54,15.12,1002.1,loc_tiruchirappalli,10.7905,78.7047,ECMWF_ERA5_Reanalysis
2021-12-02,30.1,22.6,25.8,34.6,26.8,29.9,0.8,14.8,29.9,38,18.3,1001.8,loc_tiruchirappalli,10.7905,78.7047,ECMWF_ERA5_Reanalysis
2021-12-03,30.3,21.9,26.0,35.1,25.0,30.2,0.0,7.6,18.7,35,17.3,1002.0,loc_tiruchirappalli,10.7905,78.7047,ECMWF_ERA5_Reanalysis
2021-12-04,28.6,23.1,25.0,34.3,27.4,29.9,26.2,8.1,16.2,222,10.44,1002.6,loc_tiruchirappalli,10.7905,78.7047,ECMWF_ERA5_Reanalysis
2021-12-05,31.0,23.0,26.3,37.3,27.3,31.6,0.5,12.1,24.1,260,18.31,1002.0,loc_tiruchirappalli,10.7905,78.7047,ECMWF_ERA5_Reanalysis
2021-12-06,30.2,22.7,26.4,37.3,27.1,31.7,26.0,9.6,21.6,302,17.52,1002.0,loc_tiruchirappalli,10.7905,78.7047,ECMWF_ERA5_Reanalysis
2021-12-07,30.6,23.3,26.5,35.3,28.0,31.1,0.2,12.0,24.8,52,18.93,1002.2,loc_tiruchirappalli,10.7905,78.7047,ECMWF_ERA5_Reanalysis
2021-12-08,29.8,22.7,26.1,34.4,27.1,30.3,0.6,14.1,30.6,45,17.6,1002.4,loc_tiruchirappalli,10.7905,78.7047,ECMWF_ERA5_Reanalysis
2021-12-09,27.8,22.8,24.9,31.8,26.8,29.3,8.1,14.3,32.4,42,11.04,1003.8,loc_tiruchirappalli,10.7905,78.7047,ECMWF_ERA5_Reanalysis
2021-12-10,29.9,22.3,25.8,32.9,26.2,29.2,0.7,17.1,34.2,43,18.85,1004.3,loc_tiruchirappalli,10.7905,78.7047,ECMWF_ERA5_Reanalysis
2021-12-11,28.4,23.2,25.3,32.2,26.8,28.8,1.6,17.6,37.4,39,13.61,1003.9,loc_tiruchirappalli,10.7905,78.7047,ECMWF_ERA5_Reanalysis
2021-12-12,28.2,22.8,25.0,31.1,25.8,28.3,6.2,19.4,38.9,43,15.62,1004.1,loc_tiruchirappalli,10.7905,78.7047,ECMWF_ERA5_Reanalysis
2021-12-13,28.3,22.7,25.1,31.8,25.6,28.4,1.8,17.7,37.1,37,15.85,1003.0,loc_tiruchirappalli,10.7905,78.7047,ECMWF_ERA5_Reanalysis
2021-12-14,28.5,23.1,24.7,31.8,26.2,28.0,2.8,17.1,40.0,41,13.53,1002.8,loc_tiruchirappalli,10.7905,78.7047,ECMWF_ERA5_Reanalysis
2021-12-15,29.3,22.2,25.3,31.2,25.4,27.9,0.9,20.2,39.2,37,17.37,1003.3,loc_tiruchirappalli,10.7905,78.7047,ECMWF_ERA5_Reanalysis
2021-12-16,29.4,22.8,25.4,31.7,24.7,27.8,0.1,18.1,36.4,34,16.48,1004.2,loc_tiruchirappalli,10.7905,78.7047,ECMWF_ERA5_Reanalysis
2021-12-17,29.3,21.8,25.2,31.8,23.2,27.2,0.0,15.0,31.3,32,20.39,1004.7,loc_tiruchirappalli,10.7905,78.7047,ECMWF_ERA5_Reanalysis
2021-12-18,29.1,20.6,24.4,31.0,22.3,26.4,0.0,16.3,32.0,30,21.06,1004.1,loc_tiruchirappalli,10.7905,78.7047,ECMWF_ERA5_Reanalysis
2021-12-19,28.3,21.1,24.1,30.2,22.3,25.8,0.0,14.8,31.3,34,20.65,1005.3,loc_tiruchirappalli,10.7905,78.7047,ECMWF_ERA5_Reanalysis
2021-12-20,28.4,20.0,23.9,29.0,20.9,25.3,0.0,19.0,38.5,37,17.81,1005.4,loc_tiruchirappalli,10.7905,78.7047,ECMWF_ERA5_Reanalysis
2021-12-21,29.3,19.6,23.9,32.5,21.5,26.4,0.0,10.7,24.5,32,21.0,1005.3,loc_tiruchirappalli,10.7905,78.7047,ECMWF_ERA5_Reanalysis
2021-12-22,29.3,19.0,23.7,32.5,20.8,26.3,0.0,10.1,24.1,50,19.51,1004.2,loc_tiruchirappalli,10.7905,78.7047,ECMWF_ERA5_Reanalysis
2021-12-23,29.4,18.0,22.8,32.8,19.5,25.2,0.0,10.0,21.6,47,20.98,1003.7,loc_tiruchirappalli,10.7905,78.7047,ECMWF_ERA5_Reanalysis
2021-12-24,29.1,18.1,22.8,32.9,20.3,25.4,0.0,8.9,19.4,63,20.69,1004.0,loc_tiruchirappalli,10.7905,78.7047,ECMWF_ERA5_Reanalysis
2021-12-25,29.7,18.2,23.1,32.2,20.4,25.4,0.0,10.0,20.2,53,21.25,1004.4,loc_tiruchirappalli,10.7905,78.7047,ECMWF_ERA5_Reanalysis
2021-12-26,30.1,18.3,23.6,32.7,20.4,25.9,0.0,12.4,24.1,63,20.16,1005.3,loc_tiruchirappalli,10.7905,78.7047,ECMWF_ERA5_Reanalysis
2021-12-27,30.0,18.5,23.9,31.8,20.1,26.2,0.0,12.1,26.6,50,17.8,1005.7,loc_tiruchirappalli,10.7905,78.7047,ECMWF_ERA5_Reanalysis
2021-12-28,29.8,19.0,24.3,32.5,20.8,26.9,0.0,11.6,25.2,57,18.32,1004.7,loc_tiruchirappalli,10.7905,78.7047,ECMWF_ERA5_Reanalysis
2021-12-29,30.7,19.9,24.8,33.6,22.4,27.2,0.0,12.6,27.0,50,18.86,1003.8,loc_tiruchirappalli,10.7905,78.7047,ECMWF_ERA5_Reanalysis
2021-12-30,29.1,21.1,24.3,32.3,23.4,26.9,1.3,18.8,40.3,45,14.5,1004.9,loc_tiruchirappalli,10.7905,78.7047,ECMWF_ERA5_Reanalysis
2021-12-31,27.8,22.0,24.2,29.5,24.4,26.6,3.7,20.8,41.0,38,11.0,1005.8,loc_tiruchirappalli,10.7905,78.7047,ECMWF_ERA5_Reanalysis
2022-01-01,27.8,22.2,23.9,30.6,24.5,26.8,11.5,19.4,38.2,38,12.53,1006.2,loc_tiruchirappalli,10.7905,78.7047,ECMWF_ERA5_Reanalysis
2022-01-02,29.6,21.8,25.0,31.7,24.8,27.4,0.4,19.7,37.8,44,17.47,1005.1,loc_tiruchirappalli,10.7905,78.7047,ECMWF_ERA5_Reanalysis
2022-01-03,29.4,21.8,25.0,31.6,24.3,27.3,0.5,17.6,34.6,42,17.69,1004.7,loc_tiruchirappalli,10.7905,78.7047,ECMWF_ERA5_Reanalysis
2022-01-04,29.1,21.0,24.4,30.5,23.3,26.3,0.0,19.7,38.5,41,16.78,1005.1,loc_tiruchirappalli,10.7905,78.7047,ECMWF_ERA5_Reanalysis
2022-01-05,29.5,19.6,24.3,32.5,21.7,26.6,0.0,11.7,25.6,38,20.83,1004.9,loc_tiruchirappalli,10.7905,78.7047,ECMWF_ERA5_Reanalysis
2022-01-06,30.1,21.0,24.9,32.4,23.6,27.5,0.0,18.3,36.0,49,16.44,1003.8,loc_tiruchirappalli,10.7905,78.7047,ECMWF_ERA5_Reanalysis
2022-01-07,30.5,20.4,25.0,33.6,23.1,28.1,0.1,13.2,28.1,60,16.48,1004.1,loc_tiruchirappalli,10.7905,78.7047,ECMWF_ERA5_Reanalysis
2022-01-08,30.3,21.5,25.3,32.7,24.9,28.2,0.3,15.5,31.3,52,16.87,1004.5,loc_tiruchirappalli,10.7905,78.7047,ECMWF_ERA5_Reanalysis
2022-01-09,29.9,20.8,25.0,32.5,23.9,27.9,0.1,13.0,27.4,51,16.87,1003.4,loc_tiruchirappalli,10.7905,78.7047,ECMWF_ERA5_Reanalysis
2022-01-10,30.7,19.7,24.9,34.1,22.3,28.0,0.0,14.0,24.5,71,20.74,1003.2,loc_tiruchirappalli,10.7905,78.7047,ECMWF_ERA5_Reanalysis
2022-01-11,30.6,21.5,25.5,34.7,25.1,29.0,0.5,14.1,28.1,62,18.79,1003.0,loc_tiruchirappalli,10.7905,78.7047,ECMWF_ERA5_Reanalysis
2022-01-12,31.1,20.7,25.5,35.5,23.6,29.2,0.0,11.3,22.0,76,19.77,1002.6,loc_tiruchirappalli,10.7905,78.7047,ECMWF_ERA5_Reanalysis
2022-01-13,31.6,22.0,26.3,36.5,26.3,30.5,0.0,13.0,23.0,99,18.35,1002.0,loc_tiruchirappalli,10.7905,78.7047,ECMWF_ERA5_Reanalysis
2022-01-14,31.1,22.6,26.4,36.2,26.7,30.8,1.3,8.0,20.5,105,18.86,1001.8,loc_tiruchirappalli,10.7905,78.7047,ECMWF_ERA5_Reanalysis
2022-01-15,31.8,21.6,26.3,36.0,25.3,30.1,0.2,12.0,22.7,77,19.32,1002.3,loc_tiruchirappalli,10.7905,78.7047,ECMWF_ERA5_Reanalysis
2022-01-16,31.1,22.6,26.2,33.7,26.2,29.1,1.5,17.7,37.4,53,18.71,1003.8,loc_tiruchirappalli,10.7905,78.7047,ECMWF_ERA5_Reanalysis
2022-01-17,29.7,22.1,25.3,31.8,25.1,27.6,0.1,19.8,37.8,44,16.12,1005.6,loc_tiruchirappalli,10.7905,78.7047,ECMWF_ERA5_Reanalysis
2022-01-18,30.3,21.3,25.2,32.0,23.6,27.1,0.3,15.8,33.5,46,18.98,1005.1,loc_tiruchirappalli,10.7905,78.7047,ECMWF_ERA5_Reanalysis
2022-01-19,31.1,20.3,25.0,33.3,23.0,27.1,0.0,14.0,27.7,43,20.28,1003.5,loc_tiruchirappalli,10.7905,78.7047,ECMWF_ERA5_Reanalysis
2022-01-20,31.2,19.2,24.7,34.7,21.3,27.1,0.0,12.7,22.0,62,21.73,1002.1,loc_tiruchirappalli,10.7905,78.7047,ECMWF_ERA5_Reanalysis
2022-01-21,32.0,19.1,25.1,36.7,21.4,28.1,0.0,10.6,20.2,160,21.82,1002.1,loc_tiruchirappalli,10.7905,78.7047,ECMWF_ERA5_Reanalysis
2022-01-22,34.5,20.0,26.8,36.9,22.6,29.4,0.0,12.9,23.8,219,21.47,1000.0,loc_tiruchirappalli,10.7905,78.7047,ECMWF_ERA5_Reanalysis
2022-01-23,33.7,21.6,27.0,36.7,23.7,29.7,0.0,18.1,32.4,177,20.98,1000.1,loc_tiruchirappalli,10.7905,78.7047,ECMWF_ERA5_Reanalysis
2022-01-24,31.1,21.3,26.1,35.5,24.7,29.6,0.6,12.5,24.5,141,18.0,999.8,loc_tiruchirappalli,10.7905,78.7047,ECMWF_ERA5_Reanalysis
2022-01-25,30.9,22.0,26.1,34.9,25.9,29.4,1.1,12.2,22.7,133,19.08,1000.2,loc_tiruchirappalli,10.7905,78.7047,ECMWF_ERA5_Reanalysis
2022-01-26,30.2,21.0,25.1,33.8,24.7,28.7,2.5,13.0,27.0,105,18.12,1001.1,loc_tiruchirappalli,10.7905,78.7047,ECMWF_ERA5_Reanalysis
2022-01-27,31.9,21.1,26.0,33.9,24.7,28.6,0.1,16.1,31.7,65,20.84,1001.3,loc_tiruchirappalli,10.7905,78.7047,ECMWF_ERA5_Reanalysis
2022-01-28,31.0,21.2,25.7,32.4,24.0,27.6,0.1,17.4,38.2,51,19.78,1002.6,loc_tiruchirappalli,10.7905,78.7047,ECMWF_ERA5_Reanalysis
2022-01-29,29.0,22.9,25.5,30.1,24.9,27.6,2.5,21.4,42.8,38,10.21,1003.6,loc_tiruchirappalli,10.7905,78.7047,ECMWF_ERA5_Reanalysis
2022-01-30,30.8,22.7,25.7,34.5,26.3,29.1,1.6,17.6,35.6,54,16.48,1003.1,loc_tiruchirappalli,10.7905,78.7047,ECMWF_ERA5_Reanalysis
2022-01-31,31.7,20.8,26.0,34.7,23.9,29.0,0.0,13.3,24.5,69,17.56,1002.1,loc_tiruchirappalli,10.7905,78.7047,ECMWF_ERA5_Reanalysis
2022-02-01,32.1,21.2,25.8,34.6,24.5,28.8,0.0,12.1,26.6,69,18.99,1001.8,loc_tiruchirappalli,10.7905,78.7047,ECMWF_ERA5_Reanalysis
2022-02-02,31.9,19.6,25.1,35.2,22.5,27.7,0.0,12.2,23.4,76,22.18,1002.5,loc_tiruchirappalli,10.7905,78.7047,ECMWF_ERA5_Reanalysis
2022-02-03,31.5,18.6,24.5,34.5,21.0,27.1,0.0,10.0,18.4,96,23.1,1002.3,loc_tiruchirappalli,10.7905,78.7047,ECMWF_ERA5_Reanalysis
2022-02-04,33.3,20.0,26.2,38.2,23.3,29.6,0.0,14.2,25.9,134,23.03,1000.3,loc_tiruchirappalli,10.7905,78.7047,ECMWF_ERA5_Reanalysis
2022-02-05,32.8,21.3,26.8,36.8,25.1,29.9,0.0,13.9,24.5,94,21.03,1001.1,loc_tiruchirappalli,10.7905,78.7047,ECMWF_ERA5_Reanalysis
2022-02-06,31.2,21.7,26.2,33.8,25.6,29.2,0.7,15.6,28.8,73,19.89,1003.6,loc_tiruchirappalli,10.7905,78.7047,ECMWF_ERA5_Reanalysis
2022-02-07,32.9,21.7,26.6,35.0,25.1,28.9,0.0,16.7,32.0,49,22.1,1004.0,loc_tiruchirappalli,10.7905,78.7047,ECMWF_ERA5_Reanalysis
2022-02-08,32.6,21.1,26.3,34.7,24.3,28.2,0.0,16.0,30.6,49,23.11,1003.1,loc_tiruchirappalli,10.7905,78.7047,ECMWF_ERA5_Reanalysis
2022-02-09,32.2,21.1,25.7,33.6,23.1,27.3,0.0,16.8,38.2,52,20.38,1002.9,loc_tiruchirappalli,10.7905,78.7047,ECMWF_ERA5_Reanalysis
2022-02-10,32.4,19.5,25.9,33.2,21.8,27.6,0.0,14.0,32.0,44,23.51,1002.3,loc_tiruchirappalli,10.7905,78.7047,ECMWF_ERA5_Reanalysis
2022-02-11,29.7,23.2,25.1,31.0,26.4,28.0,10.1,20.6,39.2,46,9.27,1002.1,loc_tiruchirappalli,10.7905,78.7047,ECMWF_ERA5_Reanalysis
2022-02-12,30.2,22.7,25.7,32.7,26.1,28.3,4.7,18.3,37.8,49,14.5,1001.7,loc_tiruchirappalli,10.7905,78.7047,ECMWF_ERA5_Reanalysis
2022-02-13,29.4,22.8,25.7,30.3,25.5,27.7,0.0,15.8,30.6,46,8.13,1001.2,loc_tiruchirappalli,10.7905,78.7047,ECMWF_ERA5_Reanalysis
2022-02-14,31.7,20.6,25.5,34.1,23.4,27.8,0.0,17.6,38.2,52,20.79,1001.1,loc_tiruchirappalli,10.7905,78.7047,ECMWF_ERA5_Reanalysis
2022-02-15,31.1,20.8,25.6,32.2,23.4,27.3,0.0,16.8,31.0,48,17.69,1001.3,loc_tiruchirappalli,10.7905,78.7047,ECMWF_ERA5_Reanalysis
2022-02-16,31.9,20.1,25.4,34.4,22.4,27.2,0.0,14.3,29.2,49,23.66,999.4,loc_tiruchirappalli,10.7905,78.7047,ECMWF_ERA5_Reanalysis
2022-02-17,31.8,20.2,25.5,34.8,23.2,27.8,0.0,14.5,29.2,56,22.59,998.5,loc_tiruchirappalli,10.7905,78.7047,ECMWF_ERA5_Reanalysis
2022-02-18,32.8,20.5,26.1,34.5,23.0,28.2,0.0,16.8,33.8,50,21.47,999.9,loc_tiruchirappalli,10.7905,78.7047,ECMWF_ERA5_Reanalysis
2022-02-19,32.3,21.4,26.4,34.3,24.3,28.7,0.0,15.4,32.0,50,17.33,1001.9,loc_tiruchirappalli,10.7905,78.7047,ECMWF_ERA5_Reanalysis
2022-02-20,33.2,21.0,26.9,37.6,24.0,30.2,0.0,12.8,25.6,62,23.74,1001.4,loc_tiruchirappalli,10.7905,78.7047,ECMWF_ERA5_Reanalysis
2022-02-21,34.9,21.5,27.7,39.3,25.1,31.3,0.0,12.2,22.7,104,23.61,1000.2,loc_tiruchirappalli,10.7905,78.7047,ECMWF_ERA5_Reanalysis
2022-02-22,33.7,22.0,27.3,36.8,26.0,30.4,0.0,14.2,33.1,89,23.42,1001.9,loc_tiruchirappalli,10.7905,78.7047,ECMWF_ERA5_Reanalysis
2022-02-23,33.9,21.6,26.9,35.6,25.2,29.1,0.0,16.6,33.8,65,22.81,1004.1,loc_tiruchirappalli,10.7905,78.7047,ECMWF_ERA5_Reanalysis
2022-02-24,32.5,21.9,26.6,34.0,25.3,28.7,0.4,15.1,32.0,59,18.68,1005.3,loc_tiruchirappalli,10.7905,78.7047,ECMWF_ERA5_Reanalysis
2022-02-25,32.8,21.6,26.5,35.0,24.2,28.4,0.0,15.9,29.2,62,24.2,1004.4,loc_tiruchirappalli,10.7905,78.7047,ECMWF_ERA5_Reanalysis
2022-02-26,32.8,20.5,26.4,33.8,23.0,28.5,0.2,14.5,30.6,59,19.07,1004.2,loc_tiruchirappalli,10.7905,78.7047,ECMWF_ERA5_Reanalysis
2022-02-27,33.8,22.6,27.3,36.1,25.9,29.6,0.1,17.9,36.0,61,22.51,1004.0,loc_tiruchirappalli,10.7905,78.7047,ECMWF_ERA5_Reanalysis
2022-02-28,33.8,22.0,27.3,35.9,25.9,29.5,0.0,15.3,32.8,61,23.36,1003.7,loc_tiruchirappalli,10.7905,78.7047,ECMWF_ERA5_Reanalysis
2022-03-01,35.2,21.1,27.2,35.4,23.8,28.2,0.0,18.2,35.6,58,24.77,1003.5,loc_tiruchirappalli,10.7905,78.7047,ECMWF_ERA5_Reanalysis
2022-03-02,34.5,20.7,26.7,33.6,22.3,27.0,0.0,21.5,42.5,58,23.35,1002.9,loc_tiruchirappalli,10.7905,78.7047,ECMWF_ERA5_Reanalysis
2022-03-03,33.2,21.8,26.9,34.3,24.0,28.1,0.0,20.9,42.5,50,22.6,1002.3,loc_tiruchirappalli,10.7905,78.7047,ECMWF_ERA5_Reanalysis
2022-03-04,34.6,22.8,27.3,35.2,24.4,29.2,0.9,21.4,43.6,29,20.14,1001.7,loc_tiruchirappalli,10.7905,78.7047,ECMWF_ERA5_Reanalysis
2022-03-05,35.0,22.8,28.0,35.9,25.2,29.5,0.0,20.5,40.3,32,22.28,1001.1,loc_tiruchirappalli,10.7905,78.7047,ECMWF_ERA5_Reanalysis
2022-03-06,32.2,22.9,27.4,32.8,25.1,28.8,1.0,20.3,41.4,33,17.87,1000.9,loc_tiruchirappalli,10.7905,78.7047,ECMWF_ERA5_Reanalysis
2022-03-07,29.8,22.4,25.5,32.9,22.8,27.9,3.0,17.5,35.3,33,12.23,1001.4,loc_tiruchirappalli,10.7905,78.7047,ECMWF_ERA5_Reanalysis
2022-03-08,33.5,22.0,27.1,36.9,25.9,30.2,0.0,14.5,30.2,63,23.71,1001.7,loc_tiruchirappalli,10.7905,78.7047,ECMWF_ERA5_Reanalysis
2022-03-09,34.4,20.8,26.8,37.7,23.9,29.8,0.0,13.5,27.7,65,24.57,1001.1,loc_tiruchirappalli,10.7905,78.7047,ECMWF_ERA5_Reanalysis
2022-03-10,34.3,19.9,26.4,37.4,22.6,29.1,0.0,14.3,31.0,66,24.85,1001.0,loc_tiruchirappalli,10.7905,78.7047,ECMWF_ERA5_Reanalysis
2022-03-11,35.0,19.7,27.0,37.3,22.3,29.4,0.0,15.0,31.7,60,25.18,1000.5,loc_tiruchirappalli,10.7905,78.7047,ECMWF_ERA5_Reanalysis
2022-03-12,35.3,21.5,27.2,36.6,22.8,29.4,0.0,15.2,33.1,53,25.52,1000.1,loc_tiruchirappalli,10.7905,78.7047,ECMWF_ERA5_Reanalysis
2022-03-13,35.4,19.7,27.1,36.6,21.9,28.4,0.0,21.0,40.3,60,25.1,1000.4,loc_tiruchirappalli,10.7905,78.7047,ECMWF_ERA5_Reanalysis
2022-03-14,36.2,21.1,28.0,37.2,23.2,29.2,0.0,19.6,38.5,61,25.47,1000.5,loc_tiruchirappalli,10.7905,78.7047,ECMWF_ERA5_Reanalysis
2022-03-15,37.3,20.7,28.2,39.1,23.8,30.3,0.0,15.1,31.7,74,25.14,999.5,loc_tiruchirappalli,10.7905,78.7047,ECMWF_ERA5_Reanalysis
2022-03-16,38.4,21.1,28.9,40.0,23.9,31.0,0.0,17.1,33.5,78,24.56,998.3,loc_tiruchirappalli,10.7905,78.7047,ECMWF_ERA5_Reanalysis
2022-03-17,38.2,23.1,30.1,40.9,25.4,32.2,0.0,14.1,29.9,112,25.25,997.6,loc_tiruchirappalli,10.7905,78.7047,ECMWF_ERA5_Reanalysis
2022-03-18,38.0,22.4,29.4,41.0,25.1,31.7,0.0,14.2,31.0,122,25.41,997.4,loc_tiruchirappalli,10.7905,78.7047,ECMWF_ERA5_Reanalysis
2022-03-19,37.0,22.6,29.7,41.2,27.0,33.2,0.0,12.9,25.2,125,24.5,997.3,loc_tiruchirappalli,10.7905,78.7047,ECMWF_ERA5_Reanalysis
2022-03-20,38.4,25.0,31.0,41.3,28.8,33.8,0.1,15.7,45.4,261,23.11,997.1,loc_tiruchirappalli,10.7905,78.7047,ECMWF_ERA5_Reanalysis
2022-03-21,38.7,25.1,31.4,42.3,27.8,34.3,0.1,16.0,31.7,237,24.46,997.2,loc_tiruchirappalli,10.7905,78.7047,ECMWF_ERA5_Reanalysis
2022-03-22,37.4,23.3,30.0,41.4,27.4,33.6,17.9,14.6,30.6,279,23.0,997.8,loc_tiruchirappalli,10.7905,78.7047,ECMWF_ERA5_Reanalysis
2022-03-23,36.5,24.9,30.1,42.0,29.9,34.6,0.0,17.2,35.3,139,23.21,997.6,loc_tiruchirappalli,10.7905,78.7047,ECMWF_ERA5_Reanalysis
2022-03-24,35.4,24.5,29.2,39.2,30.0,33.7,0.1,13.2,32.8,138,20.43,998.3,loc_tiruchirappalli,10.7905,78.7047,ECMWF_ERA5_Reanalysis
2022-03-25,35.5,24.2,29.4,39.8,29.0,33.6,0.8,15.1,34.6,143,22.84,999.4,loc_tiruchirappalli,10.7905,78.7047,ECMWF_ERA5_Reanalysis
2022-03-26,36.5,24.7,29.9,41.8,29.3,33.8,0.6,16.3,38.5,142,23.17,1001.1,loc_tiruchirappalli,10.7905,78.7047,ECMWF_ERA5_Reanalysis
2022-03-27,36.3,25.3,30.4,41.0,30.4,34.6,0.0,13.6,25.9,133,23.97,1001.4,loc_tiruchirappalli,10.7905,78.7047,ECMWF_ERA5_Reanalysis
2022-03-28,37.3,25.1,30.6,41.6,30.2,34.7,0.0,15.0,27.0,149,24.26,1000.8,loc_tiruchirappalli,10.7905,78.7047,ECMWF_ERA5_Reanalysis
2022-03-29,37.9,24.8,31.2,41.6,29.4,35.0,0.0,13.2,36.4,156,24.24,999.6,loc_tiruchirappalli,10.7905,78.7047,ECMWF_ERA5_Reanalysis
2022-03-30,38.8,26.2,31.5,41.7,30.7,34.9,0.0,17.7,35.6,156,23.74,999.2,loc_tiruchirappalli,10.7905,78.7047,ECMWF_ERA5_Reanalysis
2022-03-31,39.4,25.5,31.3,40.9,30.2,34.2,0.0,18.4,37.8,162,24.0,999.4,loc_tiruchirappalli,10.7905,78.7047,ECMWF_ERA5_Reanalysis
2022-04-01,37.7,24.4,30.7,40.9,29.2,34.2,0.0,16.2,33.5,152,23.4,999.8,loc_tiruchirappalli,10.7905,78.7047,ECMWF_ERA5_Reanalysis
2022-04-02,38.2,25.5,31.2,41.7,30.7,34.6,0.0,15.0,31.3,143,24.47,1000.7,loc_tiruchirappalli,10.7905,78.7047,ECMWF_ERA5_Reanalysis
2022-04-03,37.1,25.3,30.6,40.8,30.8,34.6,0.3,14.3,32.4,137,24.46,1000.2,loc_tiruchirappalli,10.7905,78.7047,ECMWF_ERA5_Reanalysis
2022-04-04,37.8,25.2,30.8,40.7,30.4,34.3,0.0,18.6,33.8,111,24.68,1000.9,loc_tiruchirappalli,10.7905,78.7047,ECMWF_ERA5_Reanalysis
2022-04-05,36.6,24.8,30.3,40.4,30.3,34.1,0.4,15.3,29.5,119,23.91,1002.7,loc_tiruchirappalli,10.7905,78.7047,ECMWF_ERA5_Reanalysis
2022-04-06,36.7,25.1,30.1,41.3,30.3,34.3,0.8,13.9,31.7,132,23.79,1002.6,loc_tiruchirappalli,10.7905,78.7047,ECMWF_ERA5_Reanalysis
2022-04-07,37.0,25.6,30.8,40.8,30.4,34.6,0.0,15.0,29.2,116,24.29,1001.2,loc_tiruchirappalli,10.7905,78.7047,ECMWF_ERA5_Reanalysis
2022-04-08,36.1,26.1,29.9,40.1,31.5,34.2,1.4,14.8,33.1,123,20.88,1000.6,loc_tiruchirappalli,10.7905,78.7047,ECMWF_ERA5_Reanalysis
2022-04-09,35.7,24.8,29.2,40.8,29.7,33.8,0.2,20.6,39.6,126,22.71,999.7,loc_tiruchirappalli,10.7905,78.7047,ECMWF_ERA5_Reanalysis
2022-04-10,34.1,25.2,28.2,37.9,30.1,32.8,0.3,19.9,39.6,84,14.88,999.0,loc_tiruchirappalli,10.7905,78.7047,ECMWF_ERA5_Reanalysis
2022-04-11,32.2,23.8,26.8,36.8,28.3,32.2,27.3,13.7,31.7,56,14.41,998.5,loc_tiruchirappalli,10.7905,78.7047,ECMWF_ERA5_Reanalysis
2022-04-12,32.1,23.6,26.9,38.6,28.9,32.2,11.5,13.3,25.6,104,15.49,997.9,loc_tiruchirappalli,10.7905,78.7047,ECMWF_ERA5_Reanalysis
2022-04-13,32.3,24.4,27.4,38.4,29.4,32.6,3.8,13.2,29.2,138,18.68,997.7,loc_tiruchirappalli,10.7905,78.7047,ECMWF_ERA5_Reanalysis
2022-04-14,33.3,23.5,28.3,38.1,28.5,32.7,0.3,14.1,24.8,185,18.42,998.2,loc_tiruchirappalli,10.7905,78.7047,ECMWF_ERA5_Reanalysis
2022-04-15,35.3,24.4,29.5,42.0,29.3,34.5,0.2,13.1,23.0,207,24.11,997.7,loc_tiruchirappalli,10.7905,78.7047,ECMWF_ERA5_Reanalysis
2022-04-16,35.7,26.0,30.3,41.5,31.1,35.4,3.4,14.2,31.0,205,22.68,996.6,loc_tiruchirappalli,10.7905,78.7047,ECMWF_ERA5_Reanalysis
2022-04-17,36.8,26.2,29.7,43.7,31.4,34.7,0.9,18.1,38.2,225,21.91,997.4,loc_tiruchirappalli,10.7905,78.7047,ECMWF_ERA5_Reanalysis
2022-04-18,36.2,25.9,30.0,42.0,30.0,34.4,14.1,12.0,31.7,257,20.13,999.0,loc_tiruchirappalli,10.7905,78.7047,ECMWF_ERA5_Reanalysis
2022-04-19,36.8,25.8,30.1,42.9,29.9,34.4,0.6,26.1,46.4,255,23.74,999.9,loc_tiruchirappalli,10.7905,78.7047,ECMWF_ERA5_Reanalysis
2022-04-20,36.7,24.6,30.1,42.5,29.6,35.2,0.0,14.1,26.6,136,24.04,998.5,loc_tiruchirappalli,10.7905,78.7047,ECMWF_ERA5_Reanalysis
2022-04-21,36.9,25.1,30.2,41.4,30.9,35.0,0.4,13.8,29.9,112,24.43,998.1,loc_tiruchirappalli,10.7905,78.7047,ECMWF_ERA5_Reanalysis
2022-04-22,36.6,24.6,29.8,42.0,30.1,34.5,0.5,17.1,37.8,118,23.76,999.2,loc_tiruchirappalli,10.7905,78.7047,ECMWF_ERA5_Reanalysis
2022-04-23,35.4,25.4,29.7,40.5,30.6,34.4,0.7,18.3,38.2,169,19.87,1000.0,loc_tiruchirappalli,10.7905,78.7047,ECMWF_ERA5_Reanalysis
2022-04-24,37.4,25.5,30.5,42.7,31.0,35.2,0.2,14.8,37.8,179,23.32,998.4,loc_tiruchirappalli,10.7905,78.7047,ECMWF_ERA5_Reanalysis
2022-04-25,38.0,25.3,31.2,41.6,30.4,35.3,0.0,14.7,28.8,162,24.08,997.9,loc_tiruchirappalli,10.7905,78.7047,ECMWF_ERA5_Reanalysis
2022-04-26,39.1,24.9,31.3,42.4,30.2,35.4,0.0,14.9,33.1,146,25.02,998.2,loc_tiruchirappalli,10.7905,78.7047,ECMWF_ERA5_Reanalysis
2022-04-27,39.8,24.8,31.4,43.8,30.5,35.6,0.2,19.2,35.6,133,24.02,997.7,loc_tiruchirappalli,10.7905,78.7047,ECMWF_ERA5_Reanalysis
2022-04-28,39.3,25.5,31.7,42.7,30.8,35.6,0.0,17.5,36.0,173,25.07,998.6,loc_tiruchirappalli,10.7905,78.7047,ECMWF_ERA5_Reanalysis
2022-04-29,41.5,26.8,32.7,45.1,32.2,36.7,0.0,18.6,42.5,162,24.65,998.2,loc_tiruchirappalli,10.7905,78.7047,ECMWF_ERA5_Reanalysis
2022-04-30,41.0,26.7,33.1,43.7,32.6,36.8,0.0,17.9,37.8,218,24.59,996.6,loc_tiruchirappalli,10.7905,78.7047,ECMWF_ERA5_Reanalysis
2022-05-01,40.8,27.3,33.6,45.0,32.4,37.3,7.8,13.9,56.2,244,23.61,995.5,loc_tiruchirappalli,10.7905,78.7047,ECMWF_ERA5_Reanalysis
2022-05-02,41.1,27.5,33.5,44.5,31.5,37.1,0.0,17.8,34.2,253,24.31,995.3,loc_tiruchirappalli,10.7905,78.7047,ECMWF_ERA5_Reanalysis
2022-05-03,39.9,27.4,32.9,44.0,31.8,37.2,0.0,19.9,36.4,201,23.51,996.2,loc_tiruchirappalli,10.7905,78.7047,ECMWF_ERA5_Reanalysis
2022-05-04,39.6,26.4,32.0,45.0,31.5,36.9,7.4,16.8,39.6,157,23.93,997.6,loc_tiruchirappalli,10.7905,78.7047,ECMWF_ERA5_Reanalysis
2022-05-05,36.6,25.2,30.6,43.1,30.6,35.7,0.7,14.2,25.2,275,22.64,997.2,loc_tiruchirappalli,10.7905,78.7047,ECMWF_ERA5_Reanalysis
2022-05-06,37.8,26.4,31.7,43.3,32.0,36.5,0.0,11.7,21.6,203,24.43,996.5,loc_tiruchirappalli,10.7905,78.7047,ECMWF_ERA5_Reanalysis
2022-05-07,38.5,26.7,32.2,42.4,31.5,36.2,0.0,21.1,38.2,260,22.42,995.7,loc_tiruchirappalli,10.7905,78.7047,ECMWF_ERA5_Reanalysis
2022-05-08,39.4,27.3,32.7,43.8,31.9,36.5,0.0,17.7,31.7,264,21.01,993.8,loc_tiruchirappalli,10.7905,78.7047,ECMWF_ERA5_Reanalysis
2022-05-09,37.7,27.8,32.2,39.6,31.8,35.1,0.0,19.0,37.4,278,14.77,992.6,loc_tiruchirappalli,10.7905,78.7047,ECMWF_ERA5_Reanalysis
2022-05-10,37.5,28.6,31.5,39.4,30.1,33.3,0.0,23.9,46.8,280,15.61,992.7,loc_tiruchirappalli,10.7905,78.7047,ECMWF_ERA5_Reanalysis
2022-05-11,34.2,27.3,30.1,35.4,29.5,31.8,0.0,24.5,47.5,280,11.2,993.8,loc_tiruchirappalli,10.7905,78.7047,ECMWF_ERA5_Reanalysis
2022-05-12,35.5,27.4,30.4,37.5,28.6,32.3,0.3,21.6,43.9,274,21.16,995.3,loc_tiruchirappalli,10.7905,78.7047,ECMWF_ERA5_Reanalysis
2022-05-13,36.3,26.1,30.0,39.4,29.0,32.7,0.9,24.0,47.5,268,21.61,995.3,loc_tiruchirappalli,10.7905,78.7047,ECMWF_ERA5_Reanalysis
2022-05-14,37.7,27.4,30.4,41.5,30.3,33.9,7.1,18.2,46.1,262,19.6,995.4,loc_tiruchirappalli,10.7905,78.7047,ECMWF_ERA5_Reanalysis
2022-05-15,35.6,26.2,29.9,39.5,29.3,33.3,2.1,19.3,40.0,265,21.77,996.3,loc_tiruchirappalli,10.7905,78.7047,ECMWF_ERA5_Reanalysis
2022-05-16,35.1,25.1,28.7,39.9,28.8,33.3,2.3,17.3,38.2,265,20.87,995.8,loc_tiruchirappalli,10.7905,78.7047,ECMWF_ERA5_Reanalysis
2022-05-17,35.0,25.0,29.0,41.0,29.3,34.0,2.5,18.6,40.7,218,21.58,994.4,loc_tiruchirappalli,10.7905,78.7047,ECMWF_ERA5_Reanalysis
2022-05-18,34.7,25.4,28.8,39.5,30.9,33.4,8.4,16.5,33.5,226,16.55,994.9,loc_tiruchirappalli,10.7905,78.7047,ECMWF_ERA5_Reanalysis
2022-05-19,36.1,25.6,29.4,40.1,29.3,32.8,2.0,18.6,39.2,234,22.28,996.8,loc_tiruchirappalli,10.7905,78.7047,ECMWF_ERA5_Reanalysis
2022-05-20,36.5,24.4,29.9,41.2,28.4,33.6,0.7,16.7,29.9,259,21.34,997.8,loc_tiruchirappalli,10.7905,78.7047,ECMWF_ERA5_Reanalysis
2022-05-21,36.1,25.9,30.5,39.6,29.7,33.4,1.9,22.4,43.2,264,21.7,997.1,loc_tiruchirappalli,10.7905,78.7047,ECMWF_ERA5_Reanalysis
2022-05-22,36.5,26.6,30.5,38.8,29.2,32.1,0.2,31.1,62.3,274,22.52,995.6,loc_tiruchirappalli,10.7905,78.7047,ECMWF_ERA5_Reanalysis
2022-05-23,38.6,26.8,31.8,41.5,29.3,34.4,0.1,20.2,41.8,272,24.4,994.7,loc_tiruchirappalli,10.7905,78.7047,ECMWF_ERA5_Reanalysis
2022-05-24,39.4,26.4,32.2,42.3,29.6,35.4,0.3,16.5,32.4,256,23.75,996.6,loc_tiruchirappalli,10.7905,78.7047,ECMWF_ERA5_Reanalysis
2022-05-25,39.8,26.8,32.0,43.1,30.3,35.5,0.5,14.7,32.4,261,22.96,998.1,loc_tiruchirappalli,10.7905,78.7047,ECMWF_ERA5_Reanalysis
2022-05-26,37.9,26.8,30.7,42.5,31.2,35.0,21.2,16.3,36.7,236,22.81,998.6,loc_tiruchirappalli,10.7905,78.7047,ECMWF_ERA5_Reanalysis
2022-05-27,37.8,26.1,30.6,41.9,29.3,33.8,1.1,17.5,39.6,274,23.61,998.0,loc_tiruchirappalli,10.7905,78.7047,ECMWF_ERA5_Reanalysis
2022-05-28,37.2,25.9,30.2,40.7,28.9,33.5,0.2,15.5,39.2,257,22.5,997.4,loc_tiruchirappalli,10.7905,78.7047,ECMWF_ERA5_Reanalysis
2022-05-29,37.5,26.5,30.3,40.5,29.1,33.5,5.4,19.6,40.7,259,20.37,997.2,loc_tiruchirappalli,10.7905,78.7047,ECMWF_ERA5_Reanalysis
2022-05-30,37.6,26.2,30.5,41.5,29.5,33.9,2.3,15.1,32.8,262,23.42,996.5,loc_tiruchirappalli,10.7905,78.7047,ECMWF_ERA5_Reanalysis
2022-05-31,36.1,25.7,29.5,39.7,28.3,32.5,0.1,21.6,43.2,269,22.31,995.8,loc_tiruchirappalli,10.7905,78.7047,ECMWF_ERA5_Reanalysis
2022-06-01,37.1,25.9,31.0,40.4,28.3,33.8,0.4,19.8,40.7,279,24.36,995.5,loc_tiruchirappalli,10.7905,78.7047,ECMWF_ERA5_Reanalysis
2022-06-02,38.5,26.3,31.2,42.1,28.7,34.0,0.1,18.2,38.2,279,24.42,995.7,loc_tiruchirappalli,10.7905,78.7047,ECMWF_ERA5_Reanalysis
2022-06-03,38.7,26.4,31.9,42.0,28.8,34.4,0.1,19.6,44.3,272,24.39,995.1,loc_tiruchirappalli,10.7905,78.7047,ECMWF_ERA5_Reanalysis
2022-06-04,39.5,26.2,32.4,43.5,29.1,35.4,0.0,17.3,34.9,258,24.73,994.8,loc_tiruchirappalli,10.7905,78.7047,ECMWF_ERA5_Reanalysis
2022-06-05,39.0,27.1,31.8,43.0,31.6,35.7,0.7,16.6,30.6,220,23.27,995.3,loc_tiruchirappalli,10.7905,78.7047,ECMWF_ERA5_Reanalysis
2022-06-06,37.2,26.6,30.7,40.6,30.5,34.3,3.4,16.1,42.8,277,17.88,996.2,loc_tiruchirappalli,10.7905,78.7047,ECMWF_ERA5_Reanalysis
2022-06-07,34.0,25.1,28.8,39.1,29.9,33.3,5.0,13.0,31.0,219,15.44,997.0,loc_tiruchirappalli,10.7905,78.7047,ECMWF_ERA5_Reanalysis
2022-06-08,37.7,26.9,31.7,40.4,29.6,34.1,0.4,22.0,43.9,269,23.4,996.2,loc_tiruchirappalli,10.7905,78.7047,ECMWF_ERA5_Reanalysis
2022-06-09,39.7,27.0,32.5,42.1,28.9,34.6,0.3,20.9,44.6,263,24.34,995.7,loc_tiruchirappalli,10.7905,78.7047,ECMWF_ERA5_Reanalysis
2022-06-10,38.4,27.3,31.6,42.1,30.4,34.4,0.9,16.9,47.9,241,22.09,996.8,loc_tiruchirappalli,10.7905,78.7047,ECMWF_ERA5_Reanalysis
2022-06-11,38.5,26.5,30.6,41.5,30.0,33.8,2.0,18.3,41.8,252,21.28,997.7,loc_tiruchirappalli,10.7905,78.7047,ECMWF_ERA5_Reanalysis
2022-06-12,36.9,26.5,30.0,41.3,29.1,33.1,8.4,18.1,42.1,255,22.17,997.6,loc_tiruchirappalli,10.7905,78.7047,ECMWF_ERA5_Reanalysis
2022-06-13,38.1,26.4,31.2,41.6,28.7,34.1,1.5,19.4,40.0,264,23.4,997.8,loc_tiruchirappalli,10.7905,78.7047,ECMWF_ERA5_Reanalysis
2022-06-14,39.0,26.4,31.1,43.0,28.9,34.5,2.3,16.6,54.4,269,24.04,997.2,loc_tiruchirappalli,10.7905,78.7047,ECMWF_ERA5_Reanalysis
2022-06-15,36.6,24.8,29.4,41.2,28.8,33.4,5.6,24.4,43.2,275,21.39,997.0,loc_tiruchirappalli,10.7905,78.7047,ECMWF_ERA5_Reanalysis
2022-06-16,35.0,24.9,28.7,40.5,29.3,33.4,9.9,13.0,40.7,276,23.88,997.2,loc_tiruchirappalli,10.7905,78.7047,ECMWF_ERA5_Reanalysis
2022-06-17,32.5,24.3,28.1,38.2,28.8,32.8,2.3,11.5,24.1,231,16.7,997.1,loc_tiruchirappalli,10.7905,78.7047,ECMWF_ERA5_Reanalysis
2022-06-18,33.8,24.1,28.1,39.5,28.6,32.7,6.5,13.0,35.6,213,18.69,997.4,loc_tiruchirappalli,10.7905,78.7047,ECMWF_ERA5_Reanalysis
2022-06-19,35.5,24.8,28.7,41.0,28.9,33.3,13.4,14.5,31.7,259,22.21,997.5,loc_tiruchirappalli,10.7905,78.7047,ECMWF_ERA5_Reanalysis
2022-06-20,35.4,25.2,29.4,39.5,28.3,33.0,2.7,19.6,38.9,260,22.95,996.6,loc_tiruchirappalli,10.7905,78.7047,ECMWF_ERA5_Reanalysis
2022-06-21,34.8,26.0,29.6,37.8,28.0,32.1,0.0,23.1,44.3,279,21.3,995.6,loc_tiruchirappalli,10.7905,78.7047,ECMWF_ERA5_Reanalysis
2022-06-22,36.1,26.3,29.4,39.0,28.5,32.5,0.1,20.9,43.9,273,21.11,996.8,loc_tiruchirappalli,10.7905,78.7047,ECMWF_ERA5_Reanalysis
2022-06-23,34.3,25.6,29.0,39.4,28.6,33.0,0.2,14.4,26.6,250,20.17,997.8,loc_tiruchirappalli,10.7905,78.7047,ECMWF_ERA5_Reanalysis
2022-06-24,36.1,26.0,30.4,39.0,29.4,33.3,0.6,21.7,50.8,266,21.38,996.9,loc_tiruchirappalli,10.7905,78.7047,ECMWF_ERA5_Reanalysis
2022-06-25,33.6,26.5,29.7,33.0,28.3,30.9,0.1,29.6,56.5,274,13.93,995.6,loc_tiruchirappalli,10.7905,78.7047,ECMWF_ERA5_Reanalysis
2022-06-26,37.7,27.5,31.7,38.7,29.9,33.2,0.0,25.8,52.2,276,23.7,995.5,loc_tiruchirappalli,10.7905,78.7047,ECMWF_ERA5_Reanalysis
2022-06-27,37.4,26.1,31.3,37.8,28.7,32.8,0.0,24.6,50.8,273,22.24,996.8,loc_tiruchirappalli,10.7905,78.7047,ECMWF_ERA5_Reanalysis
2022-06-28,37.6,26.5,31.1,40.3,28.7,33.4,0.9,20.0,43.6,270,22.66,996.8,loc_tiruchirappalli,10.7905,78.7047,ECMWF_ERA5_Reanalysis
2022-06-29,37.7,26.2,31.1,41.3,28.3,33.4,0.1,18.9,38.9,282,23.13,995.5,loc_tiruchirappalli,10.7905,78.7047,ECMWF_ERA5_Reanalysis
2022-06-30,37.9,26.1,30.5,40.5,28.5,32.5,0.4,29.2,55.1,278,22.87,995.3,loc_tiruchirappalli,10.7905,78.7047,ECMWF_ERA5_Reanalysis
2022-07-01,38.3,26.2,31.1,41.2,28.2,32.9,0.7,23.2,42.5,279,22.49,995.1,loc_tiruchirappalli,10.7905,78.7047,ECMWF_ERA5_Reanalysis
2022-07-02,37.3,26.3,30.4,39.4,27.9,32.8,6.2,21.5,47.9,277,21.18,994.5,loc_tiruchirappalli,10.7905,78.7047,ECMWF_ERA5_Reanalysis
2022-07-03,36.3,26.5,30.5,39.6,28.6,32.5,0.9,24.7,44.3,272,20.62,994.9,loc_tiruchirappalli,10.7905,78.7047,ECMWF_ERA5_Reanalysis
2022-07-04,36.6,26.6,30.5,37.8,26.3,30.9,0.0,28.5,55.4,281,19.53,995.1,loc_tiruchirappalli,10.7905,78.7047,ECMWF_ERA5_Reanalysis
2022-07-05,33.7,25.9,28.8,33.3,27.5,29.7,0.6,29.3,56.2,276,10.42,995.2,loc_tiruchirappalli,10.7905,78.7047,ECMWF_ERA5_Reanalysis
2022-07-06,33.1,26.1,28.9,33.5,27.6,30.0,0.0,26.9,50.4,274,11.26,996.5,loc_tiruchirappalli,10.7905,78.7047,ECMWF_ERA5_Reanalysis
2022-07-07,30.9,25.5,27.8,32.1,27.7,29.3,0.5,25.8,49.3,278,8.44,998.5,loc_tiruchirappalli,10.7905,78.7047,ECMWF_ERA5_Reanalysis
2022-07-08,36.2,25.8,29.8,37.4,27.2,30.9,0.1,23.6,47.2,276,18.29,997.0,loc_tiruchirappalli,10.7905,78.7047,ECMWF_ERA5_Reanalysis
2022-07-09,33.7,24.9,28.0,33.7,26.8,29.3,4.6,27.7,53.6,275,12.0,996.0,loc_tiruchirappalli,10.7905,78.7047,ECMWF_ERA5_Reanalysis
2022-07-10,36.3,25.3,29.7,37.1,26.5,30.7,0.1,26.3,52.6,274,18.6,996.0,loc_tiruchirappalli,10.7905,78.7047,ECMWF_ERA5_Reanalysis
2022-07-11,35.1,26.7,29.8,34.5,27.3,30.4,0.0,28.5,54.7,274,13.13,998.1,loc_tiruchirappalli,10.7905,78.7047,ECMWF_ERA5_Reanalysis
2022-07-12,36.6,26.4,30.6,36.0,27.4,30.7,0.1,31.8,62.6,273,20.57,997.6,loc_tiruchirappalli,10.7905,78.7047,ECMWF_ERA5_Reanalysis
2022-07-13,36.3,27.1,30.7,35.2,27.2,30.4,0.0,36.0,72.4,274,22.71,995.7,loc_tiruchirappalli,10.7905,78.7047,ECMWF_ERA5_Reanalysis
2022-07-14,36.4,27.0,30.7,35.3,27.2,30.8,0.6,37.1,75.6,269,22.4,994.5,loc_tiruchirappalli,10.7905,78.7047,ECMWF_ERA5_Reanalysis
2022-07-15,37.3,26.4,30.8,37.7,28.3,31.9,0.4,31.7,61.6,272,22.86,995.5,loc_tiruchirappalli,10.7905,78.7047,ECMWF_ERA5_Reanalysis
2022-07-16,38.0,26.5,31.0,40.5,29.1,32.8,0.4,25.3,48.6,278,21.45,996.4,loc_tiruchirappalli,10.7905,78.7047,ECMWF_ERA5_Reanalysis
2022-07-17,38.1,26.4,30.4,41.4,28.8,33.4,0.5,22.4,45.0,276,20.57,996.9,loc_tiruchirappalli,10.7905,78.7047,ECMWF_ERA5_Reanalysis
2022-07-18,35.8,25.7,29.1,37.6,28.8,31.9,0.8,19.8,43.2,274,16.86,997.4,loc_tiruchirappalli,10.7905,78.7047,ECMWF_ERA5_Reanalysis
2022-07-19,36.4,25.2,30.5,39.8,28.1,33.3,0.6,18.0,37.4,277,23.78,997.1,loc_tiruchirappalli,10.7905,78.7047,ECMWF_ERA5_Reanalysis
2022-07-20,36.5,25.2,29.9,40.2,29.3,33.9,1.1,12.6,31.7,268,19.55,997.3,loc_tiruchirappalli,10.7905,78.7047,ECMWF_ERA5_Reanalysis
2022-07-21,37.4,25.6,29.7,41.1,29.4,33.8,4.1,13.7,37.1,280,23.37,996.9,loc_tiruchirappalli,10.7905,78.7047,ECMWF_ERA5_Reanalysis
2022-07-22,35.2,24.7,28.9,39.7,29.3,32.9,1.5,18.6,39.2,278,22.45,997.5,loc_tiruchirappalli,10.7905,78.7047,ECMWF_ERA5_Reanalysis
2022-07-23,33.8,24.5,28.3,38.6,28.1,32.1,21.4,16.4,37.4,272,19.65,997.1,loc_tiruchirappalli,10.7905,78.7047,ECMWF_ERA5_Reanalysis
2022-07-24,35.2,24.8,28.7,39.2,27.1,32.1,1.0,17.5,35.6,279,22.82,997.2,loc_tiruchirappalli,10.7905,78.7047,ECMWF_ERA5_Reanalysis
2022-07-25,35.7,25.3,29.3,40.0,27.9,32.8,2.8,19.1,35.3,279,21.0,997.7,loc_tiruchirappalli,10.7905,78.7047,ECMWF_ERA5_Reanalysis
2022-07-26,33.2,24.2,27.5,37.7,28.1,31.4,3.5,17.2,34.6,281,17.66,998.8,loc_tiruchirappalli,10.7905,78.7047,ECMWF_ERA5_Reanalysis
2022-07-27,33.4,24.3,28.1,39.4,29.4,32.8,6.5,11.9,24.1,96,22.58,998.3,loc_tiruchirappalli,10.7905,78.7047,ECMWF_ERA5_Reanalysis
2022-07-28,33.7,23.7,27.9,40.3,28.7,33.3,4.1,9.8,17.3,347,22.26,998.5,loc_tiruchirappalli,10.7905,78.7047,ECMWF_ERA5_Reanalysis
2022-07-29,32.9,24.2,28.6,39.2,29.9,33.7,1.6,14.8,26.6,128,18.49,998.2,loc_tiruchirappalli,10.7905,78.7047,ECMWF_ERA5_Reanalysis
2022-07-30,35.0,24.9,28.9,41.9,29.2,33.7,2.2,13.4,31.0,224,22.13,997.3,loc_tiruchirappalli,10.7905,78.7047,ECMWF_ERA5_Reanalysis
2022-07-31,35.2,24.6,28.4,41.2,29.4,33.7,19.9,16.4,33.1,260,22.96,995.6,loc_tiruchirappalli,10.7905,78.7047,ECMWF_ERA5_Reanalysis
2022-08-01,34.2,24.3,27.6,40.3,28.4,32.7,23.8,17.6,34.2,275,20.73,995.2,loc_tiruchirappalli,10.7905,78.7047,ECMWF_ERA5_Reanalysis
2022-08-02,33.7,24.3,28.1,37.8,27.6,31.6,5.0,19.5,38.9,271,19.74,993.9,loc_tiruchirappalli,10.7905,78.7047,ECMWF_ERA5_Reanalysis
2022-08-03,32.7,24.5,27.5,37.3,27.2,31.3,13.5,17.0,34.9,271,15.46,993.9,loc_tiruchirappalli,10.7905,78.7047,ECMWF_ERA5_Reanalysis
2022-08-04,27.4,24.3,25.6,31.9,27.4,29.7,29.5,23.0,41.0,251,4.57,995.0,loc_tiruchirappalli,10.7905,78.7047,ECMWF_ERA5_Reanalysis
2022-08-05,30.9,24.9,27.6,33.0,26.7,29.3,1.5,28.9,61.6,268,12.68,996.1,loc_tiruchirappalli,10.7905,78.7047,ECMWF_ERA5_Reanalysis
2022-08-06,33.2,26.2,29.0,34.0,27.3,30.4,0.5,28.8,55.8,269,18.7,995.5,loc_tiruchirappalli,10.7905,78.7047,ECMWF_ERA5_Reanalysis
2022-08-07,33.7,26.4,29.4,35.8,27.8,31.0,0.5,29.2,54.0,265,20.53,994.8,loc_tiruchirappalli,10.7905,78.7047,ECMWF_ERA5_Reanalysis
2022-08-08,34.3,26.5,29.5,34.8,28.6,31.0,0.0,29.6,59.4,264,19.49,994.5,loc_tiruchirappalli,10.7905,78.7047,ECMWF_ERA5_Reanalysis
2022-08-09,35.1,26.0,29.7,35.7,27.9,31.0,0.0,27.7,53.3,266,21.16,994.9,loc_tiruchirappalli,10.7905,78.7047,ECMWF_ERA5_Reanalysis
2022-08-10,34.9,24.5,29.5,35.2,27.5,30.6,0.1,29.5,57.2,264,22.1,995.1,loc_tiruchirappalli,10.7905,78.7047,ECMWF_ERA5_Reanalysis
2022-08-11,35.8,26.3,30.2,36.2,26.9,30.9,0.0,31.1,62.3,278,23.26,996.1,loc_tiruchirappalli,10.7905,78.7047,ECMWF_ERA5_Reanalysis
2022-08-12,37.0,26.4,30.8,37.4,28.1,32.1,0.0,25.6,51.5,280,23.05,997.0,loc_tiruchirappalli,10.7905,78.7047,ECMWF_ERA5_Reanalysis
2022-08-13,36.3,26.2,30.7,38.9,28.4,32.7,0.0,19.5,39.2,281,21.92,997.1,loc_tiruchirappalli,10.7905,78.7047,ECMWF_ERA5_Reanalysis
2022-08-14,36.5,26.2,30.9,39.1,27.5,32.9,0.0,19.6,40.7,283,22.3,997.7,loc_tiruchirappalli,10.7905,78.7047,ECMWF_ERA5_Reanalysis
2022-08-15,37.3,25.9,31.0,41.2,28.2,33.8,0.1,18.0,35.3,256,23.56,998.4,loc_tiruchirappalli,10.7905,78.7047,ECMWF_ERA5_Reanalysis
2022-08-16,37.7,25.7,30.8,42.2,29.5,34.5,0.7,15.5,36.0,167,23.06,998.4,loc_tiruchirappalli,10.7905,78.7047,ECMWF_ERA5_Reanalysis
2022-08-17,36.6,26.0,29.8,43.0,29.6,34.2,5.4,11.5,37.8,189,20.53,998.6,loc_tiruchirappalli,10.7905,78.7047,ECMWF_ERA5_Reanalysis
2022-08-18,35.9,25.6,28.7,41.6,29.6,33.4,17.4,15.8,33.1,289,20.68,998.0,loc_tiruchirappalli,10.7905,78.7047,ECMWF_ERA5_Reanalysis
2022-08-19,32.2,24.1,27.6,35.8,27.5,31.5,2.7,15.0,29.5,269,10.61,998.1,loc_tiruchirappalli,10.7905,78.7047,ECMWF_ERA5_Reanalysis
2022-08-20,34.5,24.5,29.3,38.7,28.3,33.0,4.5,14.3,29.9,265,21.41,997.8,loc_tiruchirappalli,10.7905,78.7047,ECMWF_ERA5_Reanalysis
2022-08-21,34.9,25.2,29.1,40.1,28.4,32.7,4.2,18.3,33.8,257,23.18,997.4,loc_tiruchirappalli,10.7905,78.7047,ECMWF_ERA5_Reanalysis
2022-08-22,33.7,25.2,28.5,37.3,27.9,31.4,3.8,20.3,43.9,272,19.56,997.1,loc_tiruchirappalli,10.7905,78.7047,ECMWF_ERA5_Reanalysis
2022-08-23,33.8,23.9,28.4,37.3,27.1,31.1,5.3,22.3,45.4,276,20.24,997.4,loc_tiruchirappalli,10.7905,78.7047,ECMWF_ERA5_Reanalysis
2022-08-24,31.1,24.2,27.3,34.2,27.3,30.0,1.8,20.3,41.0,281,16.66,999.0,loc_tiruchirappalli,10.7905,78.7047,ECMWF_ERA5_Reanalysis
2022-08-25,33.8,24.5,27.1,39.5,27.2,31.1,23.7,15.6,33.5,281,20.66,997.5,loc_tiruchirappalli,10.7905,78.7047,ECMWF_ERA5_Reanalysis
2022-08-26,32.5,23.7,26.3,39.2,26.8,30.9,39.1,15.9,32.0,275,20.64,997.1,loc_tiruchirappalli,10.7905,78.7047,ECMWF_ERA5_Reanalysis
2022-08-27,32.7,23.3,27.0,38.5,27.3,31.6,3.9,15.0,30.6,265,22.4,997.1,loc_tiruchirappalli,10.7905,78.7047,ECMWF_ERA5_Reanalysis
2022-08-28,33.0,23.9,27.0,39.4,26.9,31.4,17.9,14.9,29.9,289,21.72,996.7,loc_tiruchirappalli,10.7905,78.7047,ECMWF_ERA5_Reanalysis
2022-08-29,33.1,23.3,27.0,40.8,27.1,32.3,13.5,12.0,26.3,294,22.55,997.4,loc_tiruchirappalli,10.7905,78.7047,ECMWF_ERA5_Reanalysis
2022-08-30,32.3,23.6,27.3,38.8,28.3,32.8,9.5,13.0,25.2,93,23.08,997.8,loc_tiruchirappalli,10.7905,78.7047,ECMWF_ERA5_Reanalysis
2022-08-31,31.5,23.2,26.2,38.8,28.3,31.7,4.8,11.9,26.6,84,19.09,997.8,loc_tiruchirappalli,10.7905,78.7047,ECMWF_ERA5_Reanalysis
2022-09-01,27.6,23.0,25.2,32.5,27.9,30.5,7.6,7.1,13.3,207,6.9,998.0,loc_tiruchirappalli,10.7905,78.7047,ECMWF_ERA5_Reanalysis
2022-09-02,31.8,22.4,26.5,38.1,26.5,31.6,6.0,6.7,16.9,199,21.6,998.4,loc_tiruchirappalli,10.7905,78.7047,ECMWF_ERA5_Reanalysis
2022-09-03,32.7,23.8,27.7,39.7,28.7,33.3,1.6,7.2,20.5,229,22.94,998.0,loc_tiruchirappalli,10.7905,78.7047,ECMWF_ERA5_Reanalysis
2022-09-04,33.6,24.2,27.9,41.0,29.6,33.5,21.4,12.3,27.7,260,23.48,997.7,loc_tiruchirappalli,10.7905,78.7047,ECMWF_ERA5_Reanalysis
2022-09-05,33.4,23.9,27.4,40.7,28.5,33.2,3.5,12.1,24.5,257,22.51,997.4,loc_tiruchirappalli,10.7905,78.7047,ECMWF_ERA5_Reanalysis
2022-09-06,32.1,23.7,26.8,38.1,28.3,31.8,1.9,13.2,27.7,251,18.21,997.0,loc_tiruchirappalli,10.7905,78.7047,ECMWF_ERA5_Reanalysis
2022-09-07,32.2,24.2,27.2,37.1,27.6,31.2,11.8,15.6,38.9,267,18.16,997.4,loc_tiruchirappalli,10.7905,78.7047,ECMWF_ERA5_Reanalysis
2022-09-08,32.9,23.9,28.2,35.9,26.9,31.1,0.1,18.7,39.2,271,17.67,997.2,loc_tiruchirappalli,10.7905,78.7047,ECMWF_ERA5_Reanalysis
2022-09-09,33.3,25.2,28.7,37.6,28.0,32.0,1.9,18.6,37.1,271,21.39,996.8,loc_tiruchirappalli,10.7905,78.7047,ECMWF_ERA5_Reanalysis
2022-09-10,33.3,25.3,28.8,37.3,28.6,31.8,0.4,19.9,38.9,265,18.51,997.1,loc_tiruchirappalli,10.7905,78.7047,ECMWF_ERA5_Reanalysis
2022-09-11,34.4,25.7,29.4,37.2,28.4,31.7,0.2,23.9,47.2,266,22.04,996.8,loc_tiruchirappalli,10.7905,78.7047,ECMWF_ERA5_Reanalysis
2022-09-12,35.1,24.9,29.3,38.8,27.6,32.6,0.1,17.9,36.7,246,23.45,996.8,loc_tiruchirappalli,10.7905,78.7047,ECMWF_ERA5_Reanalysis
2022-09-13,34.8,25.0,29.1,39.7,27.3,32.9,0.1,14.3,29.2,249,24.21,998.7,loc_tiruchirappalli,10.7905,78.7047,ECMWF_ERA5_Reanalysis
2022-09-14,34.7,24.6,28.5,39.6,28.8,33.1,1.8,14.4,32.4,227,23.23,1000.7,loc_tiruchirappalli,10.7905,78.7047,ECMWF_ERA5_Reanalysis
2022-09-15,36.2,24.4,29.6,40.2,28.2,33.5,0.0,13.7,31.7,254,24.21,1000.9,loc_tiruchirappalli,10.7905,78.7047,ECMWF_ERA5_Reanalysis
2022-09-16,35.3,25.0,29.7,39.6,27.8,32.9,0.0,12.1,27.7,256,22.78,999.0,loc_tiruchirappalli,10.7905,78.7047,ECMWF_ERA5_Reanalysis
2022-09-17,36.1,24.6,30.1,39.9,29.1,33.9,0.0,16.9,29.9,226,22.4,998.8,loc_tiruchirappalli,10.7905,78.7047,ECMWF_ERA5_Reanalysis
2022-09-18,36.6,26.0,30.5,40.6,28.7,33.8,0.3,12.8,29.2,266,23.55,999.2,loc_tiruchirappalli,10.7905,78.7047,ECMWF_ERA5_Reanalysis
2022-09-19,36.1,25.6,30.7,37.9,29.1,33.0,0.0,18.9,36.0,270,21.03,998.8,loc_tiruchirappalli,10.7905,78.7047,ECMWF_ERA5_Reanalysis
2022-09-20,36.5,25.7,30.6,39.9,28.0,32.9,0.0,15.9,31.7,273,23.16,998.4,loc_tiruchirappalli,10.7905,78.7047,ECMWF_ERA5_Reanalysis
2022-09-21,36.7,25.2,30.4,39.2,27.4,32.7,0.0,19.6,38.5,264,24.57,998.4,loc_tiruchirappalli,10.7905,78.7047,ECMWF_ERA5_Reanalysis
2022-09-22,37.0,25.9,30.7,37.8,27.5,32.2,0.0,21.5,44.3,270,23.81,998.7,loc_tiruchirappalli,10.7905,78.7047,ECMWF_ERA5_Reanalysis
2022-09-23,37.5,25.6,31.0,39.7,26.3,32.5,0.0,18.6,36.4,276,24.29,999.2,loc_tiruchirappalli,10.7905,78.7047,ECMWF_ERA5_Reanalysis
2022-09-24,37.1,25.6,30.4,39.6,27.7,32.7,1.0,17.7,38.2,284,23.87,998.8,loc_tiruchirappalli,10.7905,78.7047,ECMWF_ERA5_Reanalysis
2022-09-25,36.7,25.2,30.2,41.1,27.9,33.6,0.7,16.0,31.3,289,23.5,997.7,loc_tiruchirappalli,10.7905,78.7047,ECMWF_ERA5_Reanalysis
2022-09-26,34.6,23.3,28.2,39.3,26.5,32.2,6.9,15.1,34.6,222,20.35,999.0,loc_tiruchirappalli,10.7905,78.7047,ECMWF_ERA5_Reanalysis
2022-09-27,36.1,24.6,29.6,40.7,28.5,33.5,0.8,15.3,33.1,289,22.17,997.7,loc_tiruchirappalli,10.7905,78.7047,ECMWF_ERA5_Reanalysis
2022-09-28,36.2,25.5,30.2,40.5,30.3,34.2,0.2,13.8,30.2,266,22.18,996.8,loc_tiruchirappalli,10.7905,78.7047,ECMWF_ERA5_Reanalysis
2022-09-29,35.0,23.4,29.2,37.2,25.7,31.9,0.7,17.7,36.0,277,21.18,996.6,loc_tiruchirappalli,10.7905,78.7047,ECMWF_ERA5_Reanalysis
2022-09-30,35.4,25.5,29.8,37.7,27.7,31.9,0.3,18.1,37.4,281,21.1,997.3,loc_tiruchirappalli,10.7905,78.7047,ECMWF_ERA5_Reanalysis
2022-10-01,31.7,25.9,28.3,32.8,27.1,29.6,0.4,24.3,47.9,284,12.38,998.1,loc_tiruchirappalli,10.7905,78.7047,ECMWF_ERA5_Reanalysis
2022-10-02,36.1,25.4,29.3,38.5,27.5,31.3,1.2,20.8,41.8,288,20.74,997.3,loc_tiruchirappalli,10.7905,78.7047,ECMWF_ERA5_Reanalysis
2022-10-03,35.2,25.1,29.4,37.8,27.8,32.3,0.2,20.6,42.5,288,20.06,996.9,loc_tiruchirappalli,10.7905,78.7047,ECMWF_ERA5_Reanalysis
2022-10-04,36.3,25.4,30.1,39.0,28.1,32.6,1.0,20.9,41.8,289,21.06,996.7,loc_tiruchirappalli,10.7905,78.7047,ECMWF_ERA5_Reanalysis
2022-10-05,36.0,24.2,29.9,39.9,28.4,32.9,1.5,17.2,35.6,282,19.59,997.0,loc_tiruchirappalli,10.7905,78.7047,ECMWF_ERA5_Reanalysis
2022-10-06,35.8,24.3,28.4,38.5,29.2,32.1,7.0,21.2,40.3,254,15.12,997.1,loc_tiruchirappalli,10.7905,78.7047,ECMWF_ERA5_Reanalysis
2022-10-07,35.2,24.8,29.2,38.3,27.9,32.2,0.0,12.2,27.7,273,18.76,997.7,loc_tiruchirappalli,10.7905,78.7047,ECMWF_ERA5_Reanalysis
2022-10-08,33.1,25.2,28.5,36.9,27.1,31.5,0.0,13.8,24.5,1,14.19,998.6,loc_tiruchirappalli,10.7905,78.7047,ECMWF_ERA5_Reanalysis
2022-10-09,31.4,23.8,26.4,36.1,28.0,30.9,7.7,10.6,22.0,49,12.27,999.5,loc_tiruchirappalli,10.7905,78.7047,ECMWF_ERA5_Reanalysis
2022-10-10,30.8,22.8,26.0,37.6,27.8,31.0,23.4,9.3,21.2,266,14.67,1000.4,loc_tiruchirappalli,10.7905,78.7047,ECMWF_ERA5_Reanalysis
2022-10-11,32.0,22.8,26.6,38.4,27.1,31.7,10.1,17.2,33.5,82,19.26,1000.3,loc_tiruchirappalli,10.7905,78.7047,ECMWF_ERA5_Reanalysis
2022-10-12,31.6,23.3,26.7,38.3,28.1,31.9,2.3,10.7,27.0,104,18.76,1000.4,loc_tiruchirappalli,10.7905,78.7047,ECMWF_ERA5_Reanalysis
2022-10-13,31.6,22.4,26.7,37.8,26.7,31.7,16.3,11.3,24.5,95,21.14,1000.2,loc_tiruchirappalli,10.7905,78.7047,ECMWF_ERA5_Reanalysis
2022-10-14,32.4,22.7,26.6,39.1,26.8,31.6,14.9,9.6,21.2,301,21.01,999.3,loc_tiruchirappalli,10.7905,78.7047,ECMWF_ERA5_Reanalysis
2022-10-15,31.6,23.3,26.4,38.8,27.5,31.7,18.6,11.3,22.0,77,19.12,998.5,loc_tiruchirappalli,10.7905,78.7047,ECMWF_ERA5_Reanalysis
2022-10-16,31.4,22.8,26.2,37.9,27.6,31.6,14.2,17.3,34.6,132,17.01,1000.2,loc_tiruchirappalli,10.7905,78.7047,ECMWF_ERA5_Reanalysis
2022-10-17,30.5,23.9,26.2,36.4,29.0,31.5,6.3,11.5,29.9,118,15.46,1001.9,loc_tiruchirappalli,10.7905,78.7047,ECMWF_ERA5_Reanalysis
2022-10-18,32.1,23.6,26.4,38.3,28.0,31.5,7.9,9.6,30.2,270,20.02,1001.5,loc_tiruchirappalli,10.7905,78.7047,ECMWF_ERA5_Reanalysis
2022-10-19,32.1,23.1,26.6,38.1,27.4,31.7,13.2,12.7,32.8,305,19.99,1000.7,loc_tiruchirappalli,10.7905,78.7047,ECMWF_ERA5_Reanalysis
2022-10-20,31.8,23.1,25.8,37.4,27.0,31.0,16.1,17.8,34.2,334,17.24,1001.4,loc_tiruchirappalli,10.7905,78.7047,ECMWF_ERA5_Reanalysis
2022-10-21,29.5,22.9,25.2,35.0,27.1,29.9,8.1,14.5,34.6,23,14.17,1002.6,loc_tiruchirappalli,10.7905,78.7047,ECMWF_ERA5_Reanalysis
2022-10-22,31.6,22.7,26.5,35.8,27.0,30.9,1.1,14.7,29.2,16,18.98,1002.5,loc_tiruchirappalli,10.7905,78.7047,ECMWF_ERA5_Reanalysis
2022-10-23,32.3,22.9,27.1,37.5,27.3,31.6,0.2,13.8,26.6,246,21.38,1001.8,loc_tiruchirappalli,10.7905,78.7047,ECMWF_ERA5_Reanalysis
2022-10-24,32.3,22.7,27.2,37.3,26.7,31.0,0.0,9.4,20.2,257,22.29,1000.4,loc_tiruchirappalli,10.7905,78.7047,ECMWF_ERA5_Reanalysis
2022-10-25,32.3,22.2,26.8,36.9,25.1,30.7,0.0,9.2,18.7,306,21.7,1000.9,loc_tiruchirappalli,10.7905,78.7047,ECMWF_ERA5_Reanalysis
2022-10-26,31.8,21.7,26.7,36.3,25.7,30.5,0.4,10.5,22.0,62,21.14,1002.4,loc_tiruchirappalli,10.7905,78.7047,ECMWF_ERA5_Reanalysis
2022-10-27,32.7,21.6,26.7,35.0,24.1,29.3,0.0,12.0,26.3,21,23.74,1002.0,loc_tiruchirappalli,10.7905,78.7047,ECMWF_ERA5_Reanalysis
2022-10-28,31.6,23.6,27.3,35.6,27.2,30.5,0.2,15.0,34.9,40,20.71,1000.8,loc_tiruchirappalli,10.7905,78.7047,ECMWF_ERA5_Reanalysis
2022-10-29,29.6,23.1,25.4,33.0,27.1,29.0,10.6,19.2,42.1,43,13.85,1001.1,loc_tiruchirappalli,10.7905,78.7047,ECMWF_ERA5_Reanalysis
2022-10-30,31.5,22.9,26.3,34.8,27.3,30.3,6.5,18.1,37.4,37,16.05,1001.0,loc_tiruchirappalli,10.7905,78.7047,ECMWF_ERA5_Reanalysis
2022-10-31,30.0,22.9,26.4,31.8,26.8,29.0,0.0,18.9,35.6,24,13.69,1000.7,loc_tiruchirappalli,10.7905,78.7047,ECMWF_ERA5_Reanalysis
2022-11-01,26.9,22.9,24.5,30.9,26.3,28.4,6.9,12.2,21.6,25,8.32,1001.4,loc_tiruchirappalli,10.7905,78.7047,ECMWF_ERA5_Reanalysis
2022-11-02,29.0,22.3,25.1,32.2,26.1,28.6,8.6,15.3,31.7,27,17.06,1001.2,loc_tiruchirappalli,10.7905,78.7047,ECMWF_ERA5_Reanalysis
2022-11-03,27.9,22.7,24.5,32.1,26.5,28.4,8.5,13.2,28.1,47,11.18,1001.0,loc_tiruchirappalli,10.7905,78.7047,ECMWF_ERA5_Reanalysis
2022-11-04,29.4,22.6,24.8,33.9,26.8,28.8,14.1,16.1,34.2,49,13.78,1002.3,loc_tiruchirappalli,10.7905,78.7047,ECMWF_ERA5_Reanalysis
2022-11-05,30.0,22.3,25.5,35.1,26.5,29.6,2.8,14.2,30.2,46,16.59,1003.7,loc_tiruchirappalli,10.7905,78.7047,ECMWF_ERA5_Reanalysis
2022-11-06,28.6,22.7,24.8,31.9,26.8,28.6,7.4,17.6,37.4,47,12.7,1004.2,loc_tiruchirappalli,10.7905,78.7047,ECMWF_ERA5_Reanalysis
2022-11-07,30.2,21.5,25.4,35.0,24.9,29.2,2.2,14.6,30.6,31,18.49,1003.4,loc_tiruchirappalli,10.7905,78.7047,ECMWF_ERA5_Reanalysis
2022-11-08,28.0,22.6,25.2,31.6,26.3,28.9,13.3,17.1,35.3,39,12.78,1002.9,loc_tiruchirappalli,10.7905,78.7047,ECMWF_ERA5_Reanalysis
2022-11-09,30.5,23.0,26.0,34.7,26.9,29.6,0.9,18.4,33.8,35,16.57,1002.3,loc_tiruchirappalli,10.7905,78.7047,ECMWF_ERA5_Reanalysis
2022-11-10,31.1,23.0,26.3,35.0,26.2,29.5,0.6,16.3,34.6,31,18.87,1001.8,loc_tiruchirappalli,10.7905,78.7047,ECMWF_ERA5_Reanalysis
2022-11-11,24.9,22.1,23.4,27.9,24.7,26.6,32.9,14.1,37.1,304,3.8,1001.2,loc_tiruchirappalli,10.7905,78.7047,ECMWF_ERA5_Reanalysis
2022-11-12,27.7,22.1,24.1,31.8,25.0,28.1,31.1,13.2,27.4,318,10.11,1001.0,loc_tiruchirappalli,10.7905,78.7047,ECMWF_ERA5_Reanalysis
2022-11-13,28.1,22.8,24.7,32.0,27.1,28.7,8.8,14.5,32.4,56,10.82,1002.3,loc_tiruchirappalli,10.7905,78.7047,ECMWF_ERA5_Reanalysis
2022-11-14,29.6,22.6,25.4,33.5,26.6,29.4,0.4,13.8,31.7,49,15.06,1003.0,loc_tiruchirappalli,10.7905,78.7047,ECMWF_ERA5_Reanalysis
2022-11-15,29.6,21.3,25.0,34.0,24.6,28.9,0.8,13.5,28.1,42,14.37,1003.5,loc_tiruchirappalli,10.7905,78.7047,ECMWF_ERA5_Reanalysis
2022-11-16,30.3,21.7,25.6,33.9,25.1,29.0,0.1,12.0,25.9,41,20.85,1002.2,loc_tiruchirappalli,10.7905,78.7047,ECMWF_ERA5_Reanalysis
2022-11-17,30.1,21.3,25.0,32.8,24.1,27.7,0.0,13.9,29.2,36,21.76,1001.7,loc_tiruchirappalli,10.7905,78.7047,ECMWF_ERA5_Reanalysis
2022-11-18,29.6,19.4,24.3,32.0,21.1,26.5,0.0,15.6,32.0,28,22.2,1001.9,loc_tiruchirappalli,10.7905,78.7047,ECMWF_ERA5_Reanalysis
2022-11-19,29.2,21.0,24.5,29.9,22.5,26.3,0.0,15.3,31.3,24,19.25,1001.7,loc_tiruchirappalli,10.7905,78.7047,ECMWF_ERA5_Reanalysis
2022-11-20,29.6,19.6,23.8,32.7,21.1,25.9,0.0,10.0,20.5,29,16.57,1000.3,loc_tiruchirappalli,10.7905,78.7047,ECMWF_ERA5_Reanalysis
2022-11-21,30.4,18.9,24.3,32.4,20.4,26.3,0.0,11.3,25.2,303,20.08,999.8,loc_tiruchirappalli,10.7905,78.7047,ECMWF_ERA5_Reanalysis
2022-11-22,31.2,19.5,25.4,35.3,22.0,28.8,0.0,9.3,23.4,248,20.2,999.9,loc_tiruchirappalli,10.7905,78.7047,ECMWF_ERA5_Reanalysis
2022-11-23,32.4,21.7,26.6,36.3,25.1,30.3,0.0,12.2,26.6,244,21.11,1000.4,loc_tiruchirappalli,10.7905,78.7047,ECMWF_ERA5_Reanalysis
2022-11-24,31.7,22.9,26.7,36.5,27.5,31.1,0.4,9.4,20.2,91,19.38,1001.2,loc_tiruchirappalli,10.7905,78.7047,ECMWF_ERA5_Reanalysis
2022-11-25,31.4,21.8,26.1,35.1,25.6,30.1,0.7,12.5,23.8,81,19.46,1002.3,loc_tiruchirappalli,10.7905,78.7047,ECMWF_ERA5_Reanalysis
2022-11-26,30.7,22.0,25.3,35.2,25.8,29.5,1.2,14.5,31.7,71,15.16,1001.6,loc_tiruchirappalli,10.7905,78.7047,ECMWF_ERA5_Reanalysis
2022-11-27,30.7,22.3,25.7,36.3,26.5,30.1,3.7,10.6,20.2,88,15.72,1000.0,loc_tiruchirappalli,10.7905,78.7047,ECMWF_ERA5_Reanalysis
2022-11-28,30.6,22.4,26.1,35.5,26.6,30.5,0.6,11.5,24.5,81,17.15,1000.5,loc_tiruchirappalli,10.7905,78.7047,ECMWF_ERA5_Reanalysis
2022-11-29,31.3,22.9,26.4,34.7,26.0,29.8,0.3,14.1,27.7,52,19.31,1001.3,loc_tiruchirappalli,10.7905,78.7047,ECMWF_ERA5_Reanalysis
2022-11-30,30.7,20.8,25.5,32.7,23.3,27.8,0.0,14.3,31.3,45,21.26,1002.2,loc_tiruchirappalli,10.7905,78.7047,ECMWF_ERA5_Reanalysis
2022-12-01,30.8,23.2,26.4,33.9,27.1,30.1,2.5,14.1,31.0,59,16.29,1001.7,loc_tiruchirappalli,10.7905,78.7047,ECMWF_ERA5_Reanalysis
2022-12-02,31.7,22.8,26.6,35.9,27.0,30.4,0.5,14.5,29.5,60,18.71,1001.0,loc_tiruchirappalli,10.7905,78.7047,ECMWF_ERA5_Reanalysis
2022-12-03,30.5,23.2,25.7,33.9,27.6,29.6,3.3,15.9,35.3,53,14.42,1001.4,loc_tiruchirappalli,10.7905,78.7047,ECMWF_ERA5_Reanalysis
2022-12-04,27.9,22.7,24.6,31.2,26.6,28.3,21.4,14.4,36.4,45,10.09,1002.3,loc_tiruchirappalli,10.7905,78.7047,ECMWF_ERA5_Reanalysis
2022-12-05,30.8,22.1,25.8,33.7,25.8,29.1,0.1,17.0,33.8,46,18.18,1002.7,loc_tiruchirappalli,10.7905,78.7047,ECMWF_ERA5_Reanalysis
2022-12-06,30.4,22.3,25.5,32.6,25.9,28.6,0.0,17.0,34.2,33,15.5,1001.9,loc_tiruchirappalli,10.7905,78.7047,ECMWF_ERA5_Reanalysis
2022-12-07,29.0,22.3,25.0,30.6,24.4,27.4,0.0,12.1,23.8,10,10.95,1000.6,loc_tiruchirappalli,10.7905,78.7047,ECMWF_ERA5_Reanalysis
2022-12-08,27.5,20.4,23.5,29.6,19.7,24.9,8.9,25.0,45.0,291,5.23,999.0,loc_tiruchirappalli,10.7905,78.7047,ECMWF_ERA5_Reanalysis
2022-12-09,26.1,19.9,22.8,24.4,20.1,22.3,9.5,30.2,55.4,282,9.4,996.7,loc_tiruchirappalli,10.7905,78.7047,ECMWF_ERA5_Reanalysis
2022-12-10,29.0,21.7,24.6,30.4,22.1,26.3,0.3,21.3,44.3,269,10.72,996.3,loc_tiruchirappalli,10.7905,78.7047,ECMWF_ERA5_Reanalysis
2022-12-11,29.3,21.5,24.8,35.2,25.1,29.3,4.2,7.3,17.3,144,14.71,998.7,loc_tiruchirappalli,10.7905,78.7047,ECMWF_ERA5_Reanalysis
2022-12-12,28.9,21.5,24.4,33.8,25.1,28.9,5.7,11.3,22.0,76,12.27,999.8,loc_tiruchirappalli,10.7905,78.7047,ECMWF_ERA5_Reanalysis
2022-12-13,27.5,21.9,23.8,32.6,25.7,28.1,12.5,11.0,23.4,73,9.29,1001.6,loc_tiruchirappalli,10.7905,78.7047,ECMWF_ERA5_Reanalysis
2022-12-14,29.5,21.0,24.7,33.3,24.2,28.3,0.3,12.4,26.3,64,16.76,1002.4,loc_tiruchirappalli,10.7905,78.7047,ECMWF_ERA5_Reanalysis
2022-12-15,29.6,21.1,24.7,32.9,23.6,27.8,0.0,14.0,29.2,44,19.66,1002.0,loc_tiruchirappalli,10.7905,78.7047,ECMWF_ERA5_Reanalysis
2022-12-16,29.2,19.3,24.2,32.0,21.3,26.9,0.0,13.6,28.8,46,17.91,1001.4,loc_tiruchirappalli,10.7905,78.7047,ECMWF_ERA5_Reanalysis
2022-12-17,29.6,20.1,24.6,31.3,22.7,27.4,0.0,18.4,36.7,41,17.86,1001.9,loc_tiruchirappalli,10.7905,78.7047,ECMWF_ERA5_Reanalysis
2022-12-18,28.4,22.0,24.9,31.1,25.4,27.5,1.2,21.5,42.8,44,16.69,1001.1,loc_tiruchirappalli,10.7905,78.7047,ECMWF_ERA5_Reanalysis
2022-12-19,28.3,21.5,24.8,29.7,23.7,27.0,0.0,17.7,36.0,25,14.14,1000.6,loc_tiruchirappalli,10.7905,78.7047,ECMWF_ERA5_Reanalysis
2022-12-20,29.1,23.6,25.7,31.5,25.6,27.9,0.7,22.0,42.1,39,15.16,999.9,loc_tiruchirappalli,10.7905,78.7047,ECMWF_ERA5_Reanalysis
2022-12-21,29.3,22.1,25.3,31.8,24.5,27.7,0.4,21.4,41.8,27,16.04,1000.2,loc_tiruchirappalli,10.7905,78.7047,ECMWF_ERA5_Reanalysis
2022-12-22,29.4,21.6,25.2,30.0,23.4,27.0,0.0,23.4,45.0,29,17.44,1000.4,loc_tiruchirappalli,10.7905,78.7047,ECMWF_ERA5_Reanalysis
2022-12-23,30.8,21.1,25.6,31.9,23.6,28.0,0.0,16.5,33.5,31,20.34,1000.2,loc_tiruchirappalli,10.7905,78.7047,ECMWF_ERA5_Reanalysis
2022-12-24,31.0,19.9,25.7,34.1,20.5,27.5,0.0,18.7,37.1,21,18.44,1000.7,loc_tiruchirappalli,10.7905,78.7047,ECMWF_ERA5_Reanalysis
2022-12-25,28.9,22.8,25.2,31.8,25.9,28.0,7.3,19.6,48.6,28,9.97,1001.1,loc_tiruchirappalli,10.7905,78.7047,ECMWF_ERA5_Reanalysis
2022-12-26,28.1,22.7,25.2,31.4,25.6,28.5,7.2,16.8,37.8,56,12.9,1003.0,loc_tiruchirappalli,10.7905,78.7047,ECMWF_ERA5_Reanalysis
2022-12-27,28.7,23.1,25.2,32.3,26.5,29.1,4.8,13.5,30.2,67,12.79,1004.7,loc_tiruchirappalli,10.7905,78.7047,ECMWF_ERA5_Reanalysis
2022-12-28,30.8,22.0,25.7,34.1,25.4,29.2,0.4,13.9,27.7,55,19.02,1005.7,loc_tiruchirappalli,10.7905,78.7047,ECMWF_ERA5_Reanalysis
2022-12-29,31.0,20.6,25.2,35.2,23.6,28.7,0.0,12.2,24.8,62,19.45,1006.8,loc_tiruchirappalli,10.7905,78.7047,ECMWF_ERA5_Reanalysis
2022-12-30,30.7,19.8,24.8,33.9,22.5,27.8,0.0,13.5,27.0,61,18.09,1007.7,loc_tiruchirappalli,10.7905,78.7047,ECMWF_ERA5_Reanalysis
2022-12-31,30.5,19.4,24.5,34.3,22.7,27.8,0.0,10.0,22.3,75,19.03,1007.1,loc_tiruchirappalli,10.7905,78.7047,ECMWF_ERA5_Reanalysis
2023-01-01,30.8,19.2,24.3,33.2,21.9,26.9,0.0,12.7,25.6,58,20.89,1006.2,loc_tiruchirappalli,10.7905,78.7047,ECMWF_ERA5_Reanalysis
2023-01-02,30.4,19.0,24.4,31.8,21.1,26.6,0.0,14.0,29.9,61,18.15,1006.3,loc_tiruchirappalli,10.7905,78.7047,ECMWF_ERA5_Reanalysis
2023-01-03,29.3,19.4,24.1,30.9,21.7,26.2,0.4,18.0,36.7,43,18.33,1006.2,loc_tiruchirappalli,10.7905,78.7047,ECMWF_ERA5_Reanalysis
2023-01-04,29.3,20.5,24.6,30.6,23.0,26.6,0.1,16.6,34.6,46,17.34,1005.4,loc_tiruchirappalli,10.7905,78.7047,ECMWF_ERA5_Reanalysis
2023-01-05,29.9,20.8,24.9,31.8,23.4,27.0,0.3,19.8,38.5,44,17.82,1005.3,loc_tiruchirappalli,10.7905,78.7047,ECMWF_ERA5_Reanalysis
2023-01-06,31.0,21.9,25.8,31.8,24.3,27.2,0.1,21.7,42.8,38,18.39,1006.2,loc_tiruchirappalli,10.7905,78.7047,ECMWF_ERA5_Reanalysis
2023-01-07,30.5,22.2,25.6,31.1,24.5,27.2,0.1,19.7,39.2,36,17.46,1005.8,loc_tiruchirappalli,10.7905,78.7047,ECMWF_ERA5_Reanalysis
2023-01-08,30.5,21.4,25.1,31.5,23.9,27.0,0.2,17.6,36.7,47,15.63,1005.2,loc_tiruchirappalli,10.7905,78.7047,ECMWF_ERA5_Reanalysis
2023-01-09,29.6,20.3,24.5,30.6,21.7,25.6,0.0,16.3,34.9,47,21.27,1006.3,loc_tiruchirappalli,10.7905,78.7047,ECMWF_ERA5_Reanalysis
2023-01-10,29.4,18.9,23.4,29.6,19.7,24.1,0.0,18.1,37.4,44,19.23,1006.0,loc_tiruchirappalli,10.7905,78.7047,ECMWF_ERA5_Reanalysis
2023-01-11,29.7,17.8,23.6,31.6,18.6,25.1,0.0,13.0,30.2,39,21.6,1004.3,loc_tiruchirappalli,10.7905,78.7047,ECMWF_ERA5_Reanalysis
2023-01-12,30.0,18.7,23.7,32.0,20.6,25.4,0.0,11.4,27.4,57,21.55,1003.4,loc_tiruchirappalli,10.7905,78.7047,ECMWF_ERA5_Reanalysis
2023-01-13,29.9,17.6,23.6,32.6,18.9,25.4,0.0,12.0,26.3,68,20.98,1003.6,loc_tiruchirappalli,10.7905,78.7047,ECMWF_ERA5_Reanalysis
2023-01-14,30.1,17.8,23.6,31.9,19.5,25.2,0.0,13.0,28.4,64,21.65,1003.6,loc_tiruchirappalli,10.7905,78.7047,ECMWF_ERA5_Reanalysis
2023-01-15,29.8,17.0,23.2,32.1,18.1,24.8,0.0,12.1,28.4,63,21.31,1003.0,loc_tiruchirappalli,10.7905,78.7047,ECMWF_ERA5_Reanalysis
2023-01-16,30.1,16.3,23.3,31.6,17.0,24.7,0.0,14.1,27.4,58,21.65,1003.4,loc_tiruchirappalli,10.7905,78.7047,ECMWF_ERA5_Reanalysis
2023-01-17,30.5,18.6,23.9,32.0,20.4,25.5,0.0,13.5,29.5,57,20.0,1004.2,loc_tiruchirappalli,10.7905,78.7047,ECMWF_ERA5_Reanalysis
2023-01-18,30.8,18.0,24.0,31.7,19.2,25.0,0.0,16.5,35.3,58,21.07,1005.4,loc_tiruchirappalli,10.7905,78.7047,ECMWF_ERA5_Reanalysis
2023-01-19,30.2,17.4,23.9,30.2,18.2,24.6,0.0,15.6,33.8,49,18.51,1005.3,loc_tiruchirappalli,10.7905,78.7047,ECMWF_ERA5_Reanalysis
2023-01-20,29.9,18.5,24.2,30.5,19.3,25.4,0.0,16.3,34.6,47,15.79,1004.9,loc_tiruchirappalli,10.7905,78.7047,ECMWF_ERA5_Reanalysis
2023-01-21,31.7,19.6,25.2,32.9,21.5,26.9,0.0,16.6,34.2,46,18.64,1003.8,loc_tiruchirappalli,10.7905,78.7047,ECMWF_ERA5_Reanalysis
2023-01-22,30.7,21.4,25.3,31.1,23.7,26.8,0.0,18.4,38.2,53,15.9,1003.2,loc_tiruchirappalli,10.7905,78.7047,ECMWF_ERA5_Reanalysis
2023-01-23,29.1,21.7,25.3,30.5,23.7,27.4,0.4,19.0,38.9,49,14.22,1002.3,loc_tiruchirappalli,10.7905,78.7047,ECMWF_ERA5_Reanalysis
2023-01-24,32.1,22.4,26.3,34.1,24.5,28.3,0.0,17.1,35.6,63,18.88,1002.5,loc_tiruchirappalli,10.7905,78.7047,ECMWF_ERA5_Reanalysis
2023-01-25,30.7,19.7,24.9,31.3,22.1,26.4,0.0,17.5,35.6,53,18.33,1002.8,loc_tiruchirappalli,10.7905,78.7047,ECMWF_ERA5_Reanalysis
2023-01-26,31.3,18.9,24.9,32.3,20.7,26.5,0.1,14.9,30.6,57,18.41,1002.7,loc_tiruchirappalli,10.7905,78.7047,ECMWF_ERA5_Reanalysis
2023-01-27,31.2,19.9,25.1,32.6,22.1,26.8,0.0,14.5,31.7,55,20.9,1002.8,loc_tiruchirappalli,10.7905,78.7047,ECMWF_ERA5_Reanalysis
2023-01-28,31.6,19.6,24.6,32.1,21.5,25.8,0.0,17.6,34.9,50,21.46,1002.1,loc_tiruchirappalli,10.7905,78.7047,ECMWF_ERA5_Reanalysis
2023-01-29,30.5,20.4,24.9,31.2,21.7,26.5,0.5,19.9,40.7,42,16.52,1001.0,loc_tiruchirappalli,10.7905,78.7047,ECMWF_ERA5_Reanalysis
2023-01-30,31.1,21.2,25.6,33.1,24.2,28.4,1.9,18.5,37.8,46,16.27,1001.8,loc_tiruchirappalli,10.7905,78.7047,ECMWF_ERA5_Reanalysis
2023-01-31,32.3,22.1,26.5,33.0,25.2,28.2,0.0,20.6,42.1,30,17.33,1001.4,loc_tiruchirappalli,10.7905,78.7047,ECMWF_ERA5_Reanalysis
2023-02-01,31.2,23.1,26.7,31.8,25.3,28.2,0.1,21.9,43.6,30,14.92,1000.8,loc_tiruchirappalli,10.7905,78.7047,ECMWF_ERA5_Reanalysis
2023-02-02,27.5,23.0,24.5,29.2,25.8,27.3,10.8,19.9,40.0,33,5.07,1001.5,loc_tiruchirappalli,10.7905,78.7047,ECMWF_ERA5_Reanalysis
2023-02-03,27.9,22.1,24.3,31.4,24.0,27.4,27.9,17.9,35.6,50,11.76,1002.2,loc_tiruchirappalli,10.7905,78.7047,ECMWF_ERA5_Reanalysis
2023-02-04,30.9,20.7,25.4,33.5,23.4,27.8,0.7,19.2,37.1,47,18.89,1001.9,loc_tiruchirappalli,10.7905,78.7047,ECMWF_ERA5_Reanalysis
2023-02-05,30.7,18.6,24.0,34.1,20.2,26.2,0.0,13.9,27.4,58,22.57,1001.9,loc_tiruchirappalli,10.7905,78.7047,ECMWF_ERA5_Reanalysis
2023-02-06,30.7,18.9,24.3,34.1,21.0,26.8,0.0,12.6,27.0,60,22.55,1002.3,loc_tiruchirappalli,10.7905,78.7047,ECMWF_ERA5_Reanalysis
2023-02-07,31.5,19.1,24.8,35.6,21.3,27.9,0.0,9.6,20.5,71,23.07,1002.1,loc_tiruchirappalli,10.7905,78.7047,ECMWF_ERA5_Reanalysis
2023-02-08,31.4,19.6,25.1,35.1,22.1,28.0,0.1,11.7,23.8,70,22.97,1002.2,loc_tiruchirappalli,10.7905,78.7047,ECMWF_ERA5_Reanalysis
2023-02-09,31.0,19.6,24.9,34.4,22.3,27.7,0.0,11.6,24.1,71,22.33,1002.9,loc_tiruchirappalli,10.7905,78.7047,ECMWF_ERA5_Reanalysis
2023-02-10,32.0,18.1,24.3,33.5,19.6,25.8,0.0,12.2,28.1,69,23.7,1003.8,loc_tiruchirappalli,10.7905,78.7047,ECMWF_ERA5_Reanalysis
2023-02-11,31.6,18.1,24.0,31.6,19.5,25.4,0.0,12.9,28.4,63,21.24,1004.1,loc_tiruchirappalli,10.7905,78.7047,ECMWF_ERA5_Reanalysis
2023-02-12,32.3,17.9,24.1,33.4,20.1,25.8,0.0,12.9,25.6,71,24.3,1004.1,loc_tiruchirappalli,10.7905,78.7047,ECMWF_ERA5_Reanalysis
2023-02-13,32.1,16.5,23.6,34.6,17.4,25.1,0.0,15.3,31.7,86,23.8,1004.2,loc_tiruchirappalli,10.7905,78.7047,ECMWF_ERA5_Reanalysis
2023-02-14,31.4,18.2,24.3,33.8,19.6,26.4,0.0,13.0,27.4,87,23.13,1004.1,loc_tiruchirappalli,10.7905,78.7047,ECMWF_ERA5_Reanalysis
2023-02-15,32.9,17.2,24.5,33.9,18.9,25.7,0.0,14.9,31.7,70,24.55,1002.5,loc_tiruchirappalli,10.7905,78.7047,ECMWF_ERA5_Reanalysis
2023-02-16,32.4,17.7,24.4,34.6,19.0,26.0,0.0,18.7,36.4,71,24.34,1002.8,loc_tiruchirappalli,10.7905,78.7047,ECMWF_ERA5_Reanalysis
2023-02-17,32.0,17.8,24.7,34.2,19.4,26.3,0.0,12.8,28.8,76,22.41,1003.4,loc_tiruchirappalli,10.7905,78.7047,ECMWF_ERA5_Reanalysis
2023-02-18,32.7,17.6,24.9,35.5,18.7,27.0,0.0,13.9,25.9,77,24.32,1003.5,loc_tiruchirappalli,10.7905,78.7047,ECMWF_ERA5_Reanalysis
2023-02-19,32.8,20.7,26.5,35.4,24.0,29.2,0.0,16.2,29.5,77,22.89,1003.7,loc_tiruchirappalli,10.7905,78.7047,ECMWF_ERA5_Reanalysis
2023-02-20,33.4,20.3,26.4,36.1,23.3,29.0,0.0,12.7,25.2,74,23.93,1003.7,loc_tiruchirappalli,10.7905,78.7047,ECMWF_ERA5_Reanalysis
2023-02-21,33.7,19.9,26.0,34.4,22.6,27.5,0.0,14.7,30.6,75,24.74,1003.9,loc_tiruchirappalli,10.7905,78.7047,ECMWF_ERA5_Reanalysis
2023-02-22,33.5,18.9,25.6,34.5,19.2,25.9,0.0,19.5,37.4,71,25.1,1003.4,loc_tiruchirappalli,10.7905,78.7047,ECMWF_ERA5_Reanalysis
2023-02-23,32.2,18.3,25.2,33.8,19.6,26.9,0.0,12.3,29.9,63,23.76,1003.4,loc_tiruchirappalli,10.7905,78.7047,ECMWF_ERA5_Reanalysis
2023-02-24,32.8,19.9,26.4,35.6,22.5,28.9,0.0,12.7,26.3,81,23.28,1003.9,loc_tiruchirappalli,10.7905,78.7047,ECMWF_ERA5_Reanalysis
2023-02-25,34.7,19.5,26.2,35.7,21.8,27.2,0.0,18.6,36.7,66,25.35,1005.3,loc_tiruchirappalli,10.7905,78.7047,ECMWF_ERA5_Reanalysis
2023-02-26,33.8,18.1,25.1,34.3,19.5,26.0,0.0,21.1,42.5,63,25.28,1006.4,loc_tiruchirappalli,10.7905,78.7047,ECMWF_ERA5_Reanalysis
2023-02-27,33.8,19.3,26.2,35.2,21.2,27.6,0.0,17.5,31.0,55,25.0,1006.5,loc_tiruchirappalli,10.7905,78.7047,ECMWF_ERA5_Reanalysis
2023-02-28,32.6,21.9,26.4,34.8,23.9,28.3,2.0,18.9,45.4,53,18.5,1006.1,loc_tiruchirappalli,10.7905,78.7047,ECMWF_ERA5_Reanalysis
2023-03-01,33.9,23.3,27.6,35.4,26.8,29.6,0.6,20.2,41.0,61,22.26,1006.0,loc_tiruchirappalli,10.7905,78.7047,ECMWF_ERA5_Reanalysis
2023-03-02,34.2,21.4,27.0,35.4,22.3,28.3,0.0,17.5,34.9,58,24.92,1006.5,loc_tiruchirappalli,10.7905,78.7047,ECMWF_ERA5_Reanalysis
2023-03-03,34.9,19.2,26.4,35.4,20.3,26.8,0.0,20.4,39.6,56,25.4,1006.9,loc_tiruchirappalli,10.7905,78.7047,ECMWF_ERA5_Reanalysis
2023-03-04,34.7,21.6,27.5,36.8,24.4,29.4,0.0,17.2,35.3,61,23.68,1006.7,loc_tiruchirappalli,10.7905,78.7047,ECMWF_ERA5_Reanalysis
2023-03-05,34.9,22.3,27.8,37.4,24.8,30.1,0.0,15.0,34.6,66,23.79,1006.0,loc_tiruchirappalli,10.7905,78.7047,ECMWF_ERA5_Reanalysis
2023-03-06,34.9,22.5,27.8,36.8,25.4,29.7,0.0,13.7,29.2,68,24.63,1004.9,loc_tiruchirappalli,10.7905,78.7047,ECMWF_ERA5_Reanalysis
2023-03-07,34.4,21.0,27.4,37.0,24.3,29.7,0.0,20.2,35.6,70,23.73,1004.2,loc_tiruchirappalli,10.7905,78.7047,ECMWF_ERA5_Reanalysis
2023-03-08,33.7,22.8,27.5,35.6,26.2,29.6,0.6,17.3,36.4,60,19.67,1004.1,loc_tiruchirappalli,10.7905,78.7047,ECMWF_ERA5_Reanalysis
2023-03-09,34.9,22.2,27.9,36.3,25.7,29.7,0.0,20.5,40.0,60,23.12,1003.4,loc_tiruchirappalli,10.7905,78.7047,ECMWF_ERA5_Reanalysis
2023-03-10,34.0,22.7,28.0,36.3,26.5,30.2,0.0,16.9,33.1,69,20.64,1002.9,loc_tiruchirappalli,10.7905,78.7047,ECMWF_ERA5_Reanalysis
2023-03-11,34.7,22.8,28.0,36.5,26.9,30.5,0.0,16.4,35.6,64,22.09,1003.1,loc_tiruchirappalli,10.7905,78.7047,ECMWF_ERA5_Reanalysis
2023-03-12,35.3,22.7,28.2,37.7,26.8,30.7,0.0,19.8,40.3,65,23.02,1002.8,loc_tiruchirappalli,10.7905,78.7047,ECMWF_ERA5_Reanalysis
2023-03-13,35.8,23.5,28.9,37.1,26.4,31.1,0.0,16.9,36.4,73,23.96,1002.0,loc_tiruchirappalli,10.7905,78.7047,ECMWF_ERA5_Reanalysis
2023-03-14,36.0,21.8,28.7,38.1,24.5,30.7,0.0,16.1,34.9,83,24.34,1000.6,loc_tiruchirappalli,10.7905,78.7047,ECMWF_ERA5_Reanalysis
2023-03-15,35.3,22.3,28.2,39.7,26.5,32.0,0.6,15.6,39.2,113,21.61,1000.2,loc_tiruchirappalli,10.7905,78.7047,ECMWF_ERA5_Reanalysis
2023-03-16,35.8,23.5,29.1,39.8,28.4,32.9,0.8,16.3,34.9,112,23.02,1000.8,loc_tiruchirappalli,10.7905,78.7047,ECMWF_ERA5_Reanalysis
2023-03-17,35.7,23.5,29.1,40.3,28.5,33.1,2.2,16.1,39.6,94,21.98,1000.9,loc_tiruchirappalli,10.7905,78.7047,ECMWF_ERA5_Reanalysis
2023-03-18,35.0,24.4,28.6,39.6,29.2,32.7,3.9,14.5,32.8,114,19.76,1000.4,loc_tiruchirappalli,10.7905,78.7047,ECMWF_ERA5_Reanalysis
2023-03-19,34.1,22.7,27.2,39.5,26.9,31.5,22.0,16.3,30.2,313,18.56,999.5,loc_tiruchirappalli,10.7905,78.7047,ECMWF_ERA5_Reanalysis
2023-03-20,34.1,22.4,26.7,39.5,26.4,31.2,18.1,19.0,34.9,135,22.94,999.3,loc_tiruchirappalli,10.7905,78.7047,ECMWF_ERA5_Reanalysis
2023-03-21,36.0,22.7,29.0,40.5,27.4,33.4,0.0,17.6,37.8,171,24.75,998.8,loc_tiruchirappalli,10.7905,78.7047,ECMWF_ERA5_Reanalysis
2023-03-22,35.0,21.7,29.1,40.9,25.0,33.8,1.6,13.8,25.2,157,23.21,999.4,loc_tiruchirappalli,10.7905,78.7047,ECMWF_ERA5_Reanalysis
2023-03-23,36.6,25.4,29.2,41.5,29.6,34.1,5.9,17.6,36.7,130,23.03,999.8,loc_tiruchirappalli,10.7905,78.7047,ECMWF_ERA5_Reanalysis
2023-03-24,35.6,24.1,29.1,40.0,28.4,33.4,2.0,19.0,41.0,169,23.63,1000.1,loc_tiruchirappalli,10.7905,78.7047,ECMWF_ERA5_Reanalysis
2023-03-25,35.1,23.0,28.8,40.4,27.7,33.3,0.4,16.3,32.8,155,21.52,1001.1,loc_tiruchirappalli,10.7905,78.7047,ECMWF_ERA5_Reanalysis
2023-03-26,35.5,24.6,29.7,41.3,29.3,34.1,0.3,13.8,32.8,145,23.43,1000.4,loc_tiruchirappalli,10.7905,78.7047,ECMWF_ERA5_Reanalysis
2023-03-27,36.9,24.8,30.3,41.4,28.9,34.5,0.2,11.5,23.8,280,24.56,999.8,loc_tiruchirappalli,10.7905,78.7047,ECMWF_ERA5_Reanalysis
2023-03-28,36.3,25.8,30.3,41.4,31.0,35.1,0.0,16.5,37.4,119,22.38,1000.1,loc_tiruchirappalli,10.7905,78.7047,ECMWF_ERA5_Reanalysis
2023-03-29,37.2,24.7,30.4,41.2,30.0,34.3,0.0,14.0,30.2,89,24.16,1001.0,loc_tiruchirappalli,10.7905,78.7047,ECMWF_ERA5_Reanalysis
2023-03-30,36.5,24.1,29.7,40.7,28.7,33.5,0.0,16.1,28.1,90,24.69,1000.5,loc_tiruchirappalli,10.7905,78.7047,ECMWF_ERA5_Reanalysis
2023-03-31,38.1,23.7,30.5,42.6,28.0,34.3,0.0,14.8,25.9,126,25.56,999.4,loc_tiruchirappalli,10.7905,78.7047,ECMWF_ERA5_Reanalysis
2023-04-01,37.6,26.0,30.9,42.3,30.3,35.0,3.3,13.6,31.3,142,23.18,999.7,loc_tiruchirappalli,10.7905,78.7047,ECMWF_ERA5_Reanalysis
2023-04-02,36.5,24.2,29.7,41.0,29.7,34.2,0.6,13.6,29.2,156,22.05,999.6,loc_tiruchirappalli,10.7905,78.7047,ECMWF_ERA5_Reanalysis
2023-04-03,36.8,25.9,30.5,41.1,31.1,34.4,0.6,15.3,46.1,154,23.61,999.3,loc_tiruchirappalli,10.7905,78.7047,ECMWF_ERA5_Reanalysis
2023-04-04,36.1,25.2,29.8,40.9,30.1,33.7,1.6,14.7,40.3,182,20.7,1000.5,loc_tiruchirappalli,10.7905,78.7047,ECMWF_ERA5_Reanalysis
2023-04-05,38.5,24.3,30.6,42.2,28.8,34.3,0.0,15.3,33.1,141,25.18,999.8,loc_tiruchirappalli,10.7905,78.7047,ECMWF_ERA5_Reanalysis
2023-04-06,38.1,25.4,31.1,41.5,29.6,34.6,0.0,16.5,33.5,125,24.44,1000.2,loc_tiruchirappalli,10.7905,78.7047,ECMWF_ERA5_Reanalysis
2023-04-07,37.9,25.4,30.7,40.2,29.1,34.2,0.1,16.1,35.3,105,23.74,1001.7,loc_tiruchirappalli,10.7905,78.7047,ECMWF_ERA5_Reanalysis
2023-04-08,35.9,22.8,29.4,37.4,26.8,31.9,0.4,17.3,38.5,85,23.39,1003.6,loc_tiruchirappalli,10.7905,78.7047,ECMWF_ERA5_Reanalysis
2023-04-09,37.1,24.0,29.8,40.4,28.4,33.2,0.6,16.2,33.8,75,23.4,1003.5,loc_tiruchirappalli,10.7905,78.7047,ECMWF_ERA5_Reanalysis
2023-04-10,37.2,24.2,30.5,39.8,28.8,33.7,0.0,15.5,31.3,75,23.53,1002.2,loc_tiruchirappalli,10.7905,78.7047,ECMWF_ERA5_Reanalysis
2023-04-11,37.7,24.2,30.7,39.6,29.3,33.7,0.0,14.0,32.8,74,23.77,1002.2,loc_tiruchirappalli,10.7905,78.7047,ECMWF_ERA5_Reanalysis
2023-04-12,38.7,22.8,30.1,40.7,26.9,33.0,0.0,16.0,32.8,68,26.22,1001.7,loc_tiruchirappalli,10.7905,78.7047,ECMWF_ERA5_Reanalysis
2023-04-13,39.2,22.0,30.2,41.6,25.9,33.1,0.0,14.7,31.3,84,26.09,1001.2,loc_tiruchirappalli,10.7905,78.7047,ECMWF_ERA5_Reanalysis
2023-04-14,39.6,24.0,31.2,42.1,28.3,33.7,0.0,14.6,26.6,125,26.55,1000.9,loc_tiruchirappalli,10.7905,78.7047,ECMWF_ERA5_Reanalysis
2023-04-15,38.7,23.4,30.9,41.8,25.3,32.9,0.0,11.5,24.1,122,23.5,1000.2,loc_tiruchirappalli,10.7905,78.7047,ECMWF_ERA5_Reanalysis
2023-04-16,38.6,24.8,31.4,42.1,29.2,34.1,0.0,14.3,29.2,167,26.15,999.2,loc_tiruchirappalli,10.7905,78.7047,ECMWF_ERA5_Reanalysis
2023-04-17,39.4,24.0,31.3,41.7,27.6,33.8,0.0,18.4,33.5,144,26.29,999.2,loc_tiruchirappalli,10.7905,78.7047,ECMWF_ERA5_Reanalysis
2023-04-18,39.8,25.2,31.7,43.0,29.5,35.1,0.0,14.8,29.9,138,24.72,1000.2,loc_tiruchirappalli,10.7905,78.7047,ECMWF_ERA5_Reanalysis
2023-04-19,39.7,24.3,31.8,42.7,28.3,35.1,0.0,13.4,23.4,163,25.29,998.5,loc_tiruchirappalli,10.7905,78.7047,ECMWF_ERA5_Reanalysis
2023-04-20,39.5,25.9,32.2,42.9,30.7,35.9,0.0,16.4,31.3,172,24.72,996.5,loc_tiruchirappalli,10.7905,78.7047,ECMWF_ERA5_Reanalysis
2023-04-21,39.5,26.6,32.4,43.7,31.8,36.6,0.0,16.3,38.9,168,24.51,996.3,loc_tiruchirappalli,10.7905,78.7047,ECMWF_ERA5_Reanalysis
2023-04-22,39.4,27.4,32.2,44.0,32.4,36.7,0.1,19.9,45.4,163,23.72,996.5,loc_tiruchirappalli,10.7905,78.7047,ECMWF_ERA5_Reanalysis
2023-04-23,39.6,25.0,31.1,44.2,29.6,35.7,7.2,22.4,44.3,138,22.17,997.3,loc_tiruchirappalli,10.7905,78.7047,ECMWF_ERA5_Reanalysis
2023-04-24,36.0,25.2,29.6,41.5,29.9,34.3,2.4,18.0,35.6,133,20.43,998.9,loc_tiruchirappalli,10.7905,78.7047,ECMWF_ERA5_Reanalysis
2023-04-25,35.3,25.3,29.4,41.1,30.9,34.4,0.5,12.6,31.0,125,20.81,999.9,loc_tiruchirappalli,10.7905,78.7047,ECMWF_ERA5_Reanalysis
2023-04-26,34.0,25.5,29.3,39.2,31.3,34.2,1.9,10.4,27.0,84,20.42,999.6,loc_tiruchirappalli,10.7905,78.7047,ECMWF_ERA5_Reanalysis
2023-04-27,34.7,24.8,29.1,39.6,30.1,33.8,2.4,19.2,44.3,87,18.91,999.6,loc_tiruchirappalli,10.7905,78.7047,ECMWF_ERA5_Reanalysis
2023-04-28,35.8,24.8,29.9,41.2,30.7,34.8,1.7,19.0,39.6,117,21.8,999.9,loc_tiruchirappalli,10.7905,78.7047,ECMWF_ERA5_Reanalysis
2023-04-29,34.1,25.4,28.7,39.0,30.7,33.7,16.7,21.1,40.7,102,18.96,999.6,loc_tiruchirappalli,10.7905,78.7047,ECMWF_ERA5_Reanalysis
2023-04-30,35.8,24.9,29.6,40.9,30.4,33.9,1.9,15.3,33.5,136,20.35,998.0,loc_tiruchirappalli,10.7905,78.7047,ECMWF_ERA5_Reanalysis
2023-05-01,35.5,24.6,27.9,40.3,30.6,32.9,19.1,16.1,35.3,140,18.41,998.1,loc_tiruchirappalli,10.7905,78.7047,ECMWF_ERA5_Reanalysis
2023-05-02,31.0,24.0,26.9,36.2,29.1,31.9,9.3,9.7,17.6,122,12.38,999.1,loc_tiruchirappalli,10.7905,78.7047,ECMWF_ERA5_Reanalysis
2023-05-03,33.9,24.6,27.9,39.4,30.1,33.4,5.4,14.4,29.5,277,17.43,999.5,loc_tiruchirappalli,10.7905,78.7047,ECMWF_ERA5_Reanalysis
2023-05-04,33.2,25.1,27.9,39.2,29.9,33.8,17.1,14.5,29.2,278,20.08,999.0,loc_tiruchirappalli,10.7905,78.7047,ECMWF_ERA5_Reanalysis
2023-05-05,32.4,24.0,27.8,36.6,29.3,32.9,7.6,13.7,25.2,214,13.45,998.4,loc_tiruchirappalli,10.7905,78.7047,ECMWF_ERA5_Reanalysis
2023-05-06,33.4,25.1,28.1,40.0,29.9,33.5,27.1,11.5,30.2,293,18.5,998.1,loc_tiruchirappalli,10.7905,78.7047,ECMWF_ERA5_Reanalysis
2023-05-07,30.9,25.0,27.3,35.2,29.7,32.2,16.4,16.3,31.7,280,9.68,998.0,loc_tiruchirappalli,10.7905,78.7047,ECMWF_ERA5_Reanalysis
2023-05-08,32.6,24.5,28.3,39.3,29.1,33.6,4.0,14.1,26.6,268,19.7,997.2,loc_tiruchirappalli,10.7905,78.7047,ECMWF_ERA5_Reanalysis
2023-05-09,35.4,24.8,29.4,43.1,29.5,34.8,0.5,11.8,26.3,281,23.72,997.1,loc_tiruchirappalli,10.7905,78.7047,ECMWF_ERA5_Reanalysis
2023-05-10,34.9,25.3,29.7,40.6,28.7,34.8,2.2,16.5,34.6,252,20.14,996.6,loc_tiruchirappalli,10.7905,78.7047,ECMWF_ERA5_Reanalysis
2023-05-11,36.6,25.3,30.4,42.4,29.5,35.4,0.0,15.3,29.9,252,24.0,997.5,loc_tiruchirappalli,10.7905,78.7047,ECMWF_ERA5_Reanalysis
2023-05-12,37.0,27.0,31.4,41.7,30.9,35.6,0.0,16.6,33.5,261,21.29,998.0,loc_tiruchirappalli,10.7905,78.7047,ECMWF_ERA5_Reanalysis
2023-05-13,37.4,26.3,31.2,42.2,32.0,35.8,0.0,12.8,28.4,247,23.15,998.8,loc_tiruchirappalli,10.7905,78.7047,ECMWF_ERA5_Reanalysis
2023-05-14,39.0,27.5,32.1,44.8,30.6,36.3,0.0,20.1,39.2,249,23.86,997.3,loc_tiruchirappalli,10.7905,78.7047,ECMWF_ERA5_Reanalysis
2023-05-15,39.6,27.2,32.5,43.6,31.1,36.5,0.0,16.6,35.3,248,24.81,997.7,loc_tiruchirappalli,10.7905,78.7047,ECMWF_ERA5_Reanalysis
2023-05-16,39.9,26.1,32.5,44.0,31.4,36.6,0.0,15.2,33.5,238,24.4,998.8,loc_tiruchirappalli,10.7905,78.7047,ECMWF_ERA5_Reanalysis
2023-05-17,38.6,26.4,32.6,44.1,31.7,37.2,0.0,14.7,26.6,192,23.34,999.5,loc_tiruchirappalli,10.7905,78.7047,ECMWF_ERA5_Reanalysis
2023-05-18,38.8,27.0,32.4,44.6,33.1,37.6,0.0,15.6,35.6,174,23.77,1000.6,loc_tiruchirappalli,10.7905,78.7047,ECMWF_ERA5_Reanalysis
2023-05-19,38.4,27.2,32.4,45.2,33.0,37.2,0.5,12.2,24.1,207,23.5,999.7,loc_tiruchirappalli,10.7905,78.7047,ECMWF_ERA5_Reanalysis
2023-05-20,38.9,26.3,32.3,43.1,31.5,36.4,0.0,17.4,31.7,204,23.74,998.9,loc_tiruchirappalli,10.7905,78.7047,ECMWF_ERA5_Reanalysis
2023-05-21,38.8,27.2,32.1,43.9,30.9,36.9,0.0,18.5,33.8,186,23.72,999.6,loc_tiruchirappalli,10.7905,78.7047,ECMWF_ERA5_Reanalysis
2023-05-22,37.9,24.9,30.7,43.0,27.8,35.2,9.6,18.2,38.9,194,23.62,1000.8,loc_tiruchirappalli,10.7905,78.7047,ECMWF_ERA5_Reanalysis
2023-05-23,38.3,24.6,31.4,43.0,29.9,35.6,0.0,19.4,34.2,191,24.61,1000.9,loc_tiruchirappalli,10.7905,78.7047,ECMWF_ERA5_Reanalysis
2023-05-24,39.0,27.1,32.7,43.4,32.1,36.7,0.0,17.3,31.3,213,24.48,1000.4,loc_tiruchirappalli,10.7905,78.7047,ECMWF_ERA5_Reanalysis
2023-05-25,40.1,27.6,33.1,42.8,31.8,36.3,0.1,23.5,47.5,255,23.76,1000.6,loc_tiruchirappalli,10.7905,78.7047,ECMWF_ERA5_Reanalysis
2023-05-26,40.2,27.8,31.9,43.3,31.2,35.1,5.7,18.5,39.6,270,22.99,1000.9,loc_tiruchirappalli,10.7905,78.7047,ECMWF_ERA5_Reanalysis
2023-05-27,38.0,27.2,32.1,42.2,30.6,35.9,1.1,15.7,33.1,266,23.04,998.9,loc_tiruchirappalli,10.7905,78.7047,ECMWF_ERA5_Reanalysis
2023-05-28,38.6,27.9,31.9,43.1,31.9,36.0,0.3,12.0,31.3,270,22.34,998.2,loc_tiruchirappalli,10.7905,78.7047,ECMWF_ERA5_Reanalysis
2023-05-29,38.8,27.2,32.2,44.0,32.0,36.5,2.1,15.1,32.4,235,22.91,998.5,loc_tiruchirappalli,10.7905,78.7047,ECMWF_ERA5_Reanalysis
2023-05-30,39.4,24.4,32.4,44.1,27.5,36.8,6.3,21.6,42.8,172,23.84,999.0,loc_tiruchirappalli,10.7905,78.7047,ECMWF_ERA5_Reanalysis
2023-05-31,39.0,24.4,30.9,43.6,29.2,35.4,0.2,18.9,34.9,227,24.43,998.6,loc_tiruchirappalli,10.7905,78.7047,ECMWF_ERA5_Reanalysis
2023-06-01,39.0,26.4,32.8,42.8,31.3,36.4,0.0,16.9,29.2,244,24.18,997.9,loc_tiruchirappalli,10.7905,78.7047,ECMWF_ERA5_Reanalysis
2023-06-02,40.3,28.0,32.8,43.5,31.2,35.8,0.9,17.7,37.8,277,22.28,997.9,loc_tiruchirappalli,10.7905,78.7047,ECMWF_ERA5_Reanalysis
2023-06-03,41.2,27.9,33.8,45.3,32.4,37.3,0.0,17.1,34.6,259,23.49,997.5,loc_tiruchirappalli,10.7905,78.7047,ECMWF_ERA5_Reanalysis
2023-06-04,40.2,28.2,33.1,43.4,31.6,36.3,0.0,21.3,43.9,271,23.32,997.8,loc_tiruchirappalli,10.7905,78.7047,ECMWF_ERA5_Reanalysis
2023-06-05,40.5,27.5,32.2,44.1,30.9,35.8,1.3,20.4,42.5,265,23.49,997.5,loc_tiruchirappalli,10.7905,78.7047,ECMWF_ERA5_Reanalysis
2023-06-06,40.5,27.5,33.3,42.7,30.8,36.0,0.0,17.5,38.2,271,23.21,996.8,loc_tiruchirappalli,10.7905,78.7047,ECMWF_ERA5_Reanalysis
2023-06-07,40.0,28.5,32.9,43.1,31.4,35.7,0.8,22.5,45.7,273,22.13,997.0,loc_tiruchirappalli,10.7905,78.7047,ECMWF_ERA5_Reanalysis
2023-06-08,40.8,27.9,33.1,42.8,30.1,35.0,0.1,23.1,43.2,280,23.31,997.2,loc_tiruchirappalli,10.7905,78.7047,ECMWF_ERA5_Reanalysis
2023-06-09,39.6,28.0,33.0,42.1,30.1,34.7,0.3,23.6,49.0,278,22.82,996.1,loc_tiruchirappalli,10.7905,78.7047,ECMWF_ERA5_Reanalysis
2023-06-10,38.8,27.9,32.7,40.4,29.4,33.6,0.0,27.9,57.2,279,22.32,996.0,loc_tiruchirappalli,10.7905,78.7047,ECMWF_ERA5_Reanalysis
2023-06-11,39.9,28.5,33.0,41.0,29.4,34.6,0.4,24.9,51.5,272,23.13,995.9,loc_tiruchirappalli,10.7905,78.7047,ECMWF_ERA5_Reanalysis
2023-06-12,39.7,28.2,32.0,42.7,31.0,34.8,2.6,23.8,51.5,269,21.84,996.1,loc_tiruchirappalli,10.7905,78.7047,ECMWF_ERA5_Reanalysis
2023-06-13,38.6,27.3,32.1,41.2,30.4,34.6,0.3,21.5,46.4,273,21.61,996.8,loc_tiruchirappalli,10.7905,78.7047,ECMWF_ERA5_Reanalysis
2023-06-14,39.1,27.7,32.6,41.0,30.1,34.5,0.1,24.3,48.6,279,22.25,998.0,loc_tiruchirappalli,10.7905,78.7047,ECMWF_ERA5_Reanalysis
2023-06-15,40.8,27.8,33.7,42.1,30.2,35.4,0.0,21.2,43.9,279,23.8,997.6,loc_tiruchirappalli,10.7905,78.7047,ECMWF_ERA5_Reanalysis
2023-06-16,40.6,28.5,34.0,42.2,30.6,35.5,0.0,20.4,41.8,271,23.81,996.7,loc_tiruchirappalli,10.7905,78.7047,ECMWF_ERA5_Reanalysis
2023-06-17,39.3,28.3,32.4,40.3,30.1,33.9,0.0,23.1,46.1,270,17.31,997.3,loc_tiruchirappalli,10.7905,78.7047,ECMWF_ERA5_Reanalysis
2023-06-18,33.0,26.0,28.9,35.4,30.2,33.0,11.8,20.6,41.8,270,6.6,997.9,loc_tiruchirappalli,10.7905,78.7047,ECMWF_ERA5_Reanalysis
2023-06-19,32.6,25.6,28.4,35.7,29.5,32.9,4.5,13.9,25.9,275,9.73,997.1,loc_tiruchirappalli,10.7905,78.7047,ECMWF_ERA5_Reanalysis
2023-06-20,37.3,26.0,30.1,40.5,30.9,34.2,1.1,14.3,32.4,264,16.68,996.0,loc_tiruchirappalli,10.7905,78.7047,ECMWF_ERA5_Reanalysis
2023-06-21,35.6,26.8,29.5,40.3,31.3,34.1,1.9,15.9,44.3,255,15.87,996.9,loc_tiruchirappalli,10.7905,78.7047,ECMWF_ERA5_Reanalysis
2023-06-22,37.2,26.2,30.9,39.4,30.3,34.3,0.4,17.0,38.2,279,20.38,996.9,loc_tiruchirappalli,10.7905,78.7047,ECMWF_ERA5_Reanalysis
2023-06-23,37.7,27.1,31.8,40.8,30.8,34.6,0.0,22.0,43.6,270,21.66,997.0,loc_tiruchirappalli,10.7905,78.7047,ECMWF_ERA5_Reanalysis
2023-06-24,38.9,27.6,32.6,39.9,29.9,34.6,0.0,22.5,47.2,275,22.63,996.6,loc_tiruchirappalli,10.7905,78.7047,ECMWF_ERA5_Reanalysis
2023-06-25,39.1,27.5,31.6,41.4,29.6,34.2,0.8,17.4,42.5,254,22.31,996.6,loc_tiruchirappalli,10.7905,78.7047,ECMWF_ERA5_Reanalysis
2023-06-26,36.9,27.1,31.2,38.0,28.8,32.9,0.0,22.6,44.6,280,20.65,997.2,loc_tiruchirappalli,10.7905,78.7047,ECMWF_ERA5_Reanalysis
2023-06-27,37.9,26.8,30.9,41.4,29.2,33.1,2.7,21.1,52.9,266,20.51,997.9,loc_tiruchirappalli,10.7905,78.7047,ECMWF_ERA5_Reanalysis
2023-06-28,38.2,26.5,31.5,39.4,28.8,33.5,0.2,25.5,51.5,264,22.26,998.7,loc_tiruchirappalli,10.7905,78.7047,ECMWF_ERA5_Reanalysis
2023-06-29,38.2,27.2,31.5,40.6,29.5,33.5,1.9,23.9,47.9,273,21.45,999.2,loc_tiruchirappalli,10.7905,78.7047,ECMWF_ERA5_Reanalysis
2023-06-30,38.9,27.3,32.3,40.4,29.8,34.2,0.0,20.2,43.2,270,22.05,998.7,loc_tiruchirappalli,10.7905,78.7047,ECMWF_ERA5_Reanalysis
2023-07-01,37.8,27.3,31.6,40.9,30.0,34.4,4.1,16.8,36.7,267,17.96,998.8,loc_tiruchirappalli,10.7905,78.7047,ECMWF_ERA5_Reanalysis
2023-07-02,36.8,27.7,30.9,40.1,30.6,34.0,6.5,16.2,39.2,264,13.06,998.1,loc_tiruchirappalli,10.7905,78.7047,ECMWF_ERA5_Reanalysis
2023-07-03,36.0,27.0,30.6,37.6,29.3,32.4,0.0,22.2,46.1,280,15.15,997.1,loc_tiruchirappalli,10.7905,78.7047,ECMWF_ERA5_Reanalysis
2023-07-04,35.8,24.5,29.6,36.6,27.7,30.8,2.2,35.5,74.9,271,14.89,995.8,loc_tiruchirappalli,10.7905,78.7047,ECMWF_ERA5_Reanalysis
2023-07-05,30.7,24.1,27.3,32.3,27.3,29.8,6.6,26.8,51.1,272,8.36,995.3,loc_tiruchirappalli,10.7905,78.7047,ECMWF_ERA5_Reanalysis
2023-07-06,31.1,24.1,27.6,32.3,27.3,30.1,6.9,29.2,55.8,274,9.86,997.6,loc_tiruchirappalli,10.7905,78.7047,ECMWF_ERA5_Reanalysis
2023-07-07,34.0,26.0,29.5,35.4,28.5,31.7,0.0,21.1,42.1,269,11.56,999.3,loc_tiruchirappalli,10.7905,78.7047,ECMWF_ERA5_Reanalysis
2023-07-08,35.8,26.6,30.6,38.6,29.2,32.9,0.1,21.1,50.8,278,19.02,999.7,loc_tiruchirappalli,10.7905,78.7047,ECMWF_ERA5_Reanalysis
2023-07-09,37.8,26.5,31.7,41.1,28.8,34.3,0.0,19.5,36.7,274,23.09,998.5,loc_tiruchirappalli,10.7905,78.7047,ECMWF_ERA5_Reanalysis
2023-07-10,34.7,26.3,29.3,37.8,30.0,33.3,8.8,14.9,29.9,270,14.29,998.4,loc_tiruchirappalli,10.7905,78.7047,ECMWF_ERA5_Reanalysis
2023-07-11,33.7,25.1,28.3,37.6,28.8,32.4,1.8,13.7,37.8,231,14.63,998.1,loc_tiruchirappalli,10.7905,78.7047,ECMWF_ERA5_Reanalysis
2023-07-12,36.2,25.7,30.3,39.7,29.6,33.9,0.1,14.5,31.0,245,18.83,997.7,loc_tiruchirappalli,10.7905,78.7047,ECMWF_ERA5_Reanalysis
2023-07-13,35.4,25.5,30.0,38.3,30.5,33.4,1.8,19.8,45.4,260,19.96,998.2,loc_tiruchirappalli,10.7905,78.7047,ECMWF_ERA5_Reanalysis
2023-07-14,36.5,26.7,31.0,39.2,29.4,33.4,0.1,19.8,42.1,277,21.57,998.9,loc_tiruchirappalli,10.7905,78.7047,ECMWF_ERA5_Reanalysis
2023-07-15,37.3,26.4,31.6,39.3,29.0,34.0,0.4,18.0,39.2,275,21.07,998.6,loc_tiruchirappalli,10.7905,78.7047,ECMWF_ERA5_Reanalysis
2023-07-16,37.5,27.0,31.8,40.1,30.1,34.4,0.1,16.8,35.6,272,20.51,997.9,loc_tiruchirappalli,10.7905,78.7047,ECMWF_ERA5_Reanalysis
2023-07-17,38.2,27.0,32.1,39.6,29.5,33.9,0.0,24.1,46.4,269,22.05,997.4,loc_tiruchirappalli,10.7905,78.7047,ECMWF_ERA5_Reanalysis
2023-07-18,37.7,27.5,31.7,36.9,28.9,32.3,0.0,32.3,65.5,274,23.1,997.1,loc_tiruchirappalli,10.7905,78.7047,ECMWF_ERA5_Reanalysis
2023-07-19,36.6,27.4,31.1,36.4,28.5,31.4,0.2,33.8,70.2,274,22.22,996.3,loc_tiruchirappalli,10.7905,78.7047,ECMWF_ERA5_Reanalysis
2023-07-20,37.6,27.2,31.7,36.0,28.2,31.8,0.0,36.4,70.9,274,24.08,995.9,loc_tiruchirappalli,10.7905,78.7047,ECMWF_ERA5_Reanalysis
2023-07-21,37.0,26.9,31.3,37.8,28.3,31.8,0.0,31.0,60.1,276,21.64,996.8,loc_tiruchirappalli,10.7905,78.7047,ECMWF_ERA5_Reanalysis
2023-07-22,35.4,27.2,30.4,35.8,28.0,30.8,1.8,28.9,55.4,277,13.63,998.4,loc_tiruchirappalli,10.7905,78.7047,ECMWF_ERA5_Reanalysis
2023-07-23,36.6,27.3,30.7,38.3,28.3,32.3,0.5,25.9,50.8,278,18.37,998.5,loc_tiruchirappalli,10.7905,78.7047,ECMWF_ERA5_Reanalysis
2023-07-24,34.6,25.1,29.7,34.1,28.1,30.8,2.5,28.8,58.7,276,13.84,998.0,loc_tiruchirappalli,10.7905,78.7047,ECMWF_ERA5_Reanalysis
2023-07-25,34.4,24.5,28.9,35.4,27.1,30.8,1.4,24.4,49.7,278,13.72,998.3,loc_tiruchirappalli,10.7905,78.7047,ECMWF_ERA5_Reanalysis
2023-07-26,36.2,25.7,30.0,38.4,27.8,31.5,0.2,24.5,50.8,276,18.78,999.1,loc_tiruchirappalli,10.7905,78.7047,ECMWF_ERA5_Reanalysis
2023-07-27,38.5,27.0,31.6,40.9,28.9,33.2,0.2,20.9,41.4,273,23.2,999.3,loc_tiruchirappalli,10.7905,78.7047,ECMWF_ERA5_Reanalysis
2023-07-28,39.0,26.7,31.9,41.6,28.5,33.6,0.6,20.4,43.6,277,23.95,998.7,loc_tiruchirappalli,10.7905,78.7047,ECMWF_ERA5_Reanalysis
2023-07-29,39.1,26.9,32.2,40.9,28.7,33.6,0.3,21.4,44.6,280,24.34,998.3,loc_tiruchirappalli,10.7905,78.7047,ECMWF_ERA5_Reanalysis
2023-07-30,39.3,26.9,32.3,40.4,28.5,33.6,0.2,23.0,50.4,278,23.8,997.8,loc_tiruchirappalli,10.7905,78.7047,ECMWF_ERA5_Reanalysis
2023-07-31,39.6,27.2,32.6,42.5,29.0,34.3,0.5,20.3,41.0,276,23.32,997.5,loc_tiruchirappalli,10.7905,78.7047,ECMWF_ERA5_Reanalysis
2023-08-01,39.0,27.5,32.6,40.7,28.7,33.4,0.0,27.2,53.6,278,22.82,997.8,loc_tiruchirappalli,10.7905,78.7047,ECMWF_ERA5_Reanalysis
2023-08-02,39.2,27.2,32.5,39.3,28.4,32.8,0.0,28.1,54.4,276,24.16,998.8,loc_tiruchirappalli,10.7905,78.7047,ECMWF_ERA5_Reanalysis
2023-08-03,38.7,26.7,32.4,39.2,28.2,33.2,0.0,25.8,54.4,277,25.07,998.3,loc_tiruchirappalli,10.7905,78.7047,ECMWF_ERA5_Reanalysis
2023-08-04,39.9,26.9,32.6,40.9,29.4,34.2,0.3,23.4,47.2,270,23.79,999.9,loc_tiruchirappalli,10.7905,78.7047,ECMWF_ERA5_Reanalysis
2023-08-05,39.5,27.7,33.1,41.4,29.5,34.7,0.0,20.9,41.0,276,24.24,1000.8,loc_tiruchirappalli,10.7905,78.7047,ECMWF_ERA5_Reanalysis
2023-08-06,40.4,28.0,33.4,42.0,30.5,35.3,0.1,17.0,46.1,265,24.09,999.9,loc_tiruchirappalli,10.7905,78.7047,ECMWF_ERA5_Reanalysis
2023-08-07,40.0,27.7,33.3,42.6,30.1,35.6,0.0,15.4,34.6,270,23.65,998.1,loc_tiruchirappalli,10.7905,78.7047,ECMWF_ERA5_Reanalysis
2023-08-08,40.0,28.0,32.8,42.2,30.7,35.4,2.4,15.6,47.2,267,22.95,998.4,loc_tiruchirappalli,10.7905,78.7047,ECMWF_ERA5_Reanalysis
2023-08-09,38.9,27.4,32.3,43.0,30.4,35.5,2.7,14.5,34.2,276,23.23,999.6,loc_tiruchirappalli,10.7905,78.7047,ECMWF_ERA5_Reanalysis
2023-08-10,36.7,26.1,29.6,40.1,30.4,34.0,0.8,15.8,32.4,282,18.23,1000.8,loc_tiruchirappalli,10.7905,78.7047,ECMWF_ERA5_Reanalysis
2023-08-11,36.2,25.3,29.1,41.6,29.7,34.0,18.3,13.7,35.6,250,19.93,1000.1,loc_tiruchirappalli,10.7905,78.7047,ECMWF_ERA5_Reanalysis
2023-08-12,36.1,25.1,29.3,41.0,29.1,34.2,4.1,15.0,33.1,273,21.41,999.5,loc_tiruchirappalli,10.7905,78.7047,ECMWF_ERA5_Reanalysis
2023-08-13,37.4,25.8,31.0,41.4,28.7,34.5,0.0,14.6,32.4,261,23.73,998.7,loc_tiruchirappalli,10.7905,78.7047,ECMWF_ERA5_Reanalysis
2023-08-14,37.3,26.6,31.1,41.6,29.3,34.9,0.1,13.8,29.2,258,22.37,999.2,loc_tiruchirappalli,10.7905,78.7047,ECMWF_ERA5_Reanalysis
2023-08-15,37.5,26.1,30.6,41.4,29.0,34.1,1.8,19.4,36.7,227,24.09,999.6,loc_tiruchirappalli,10.7905,78.7047,ECMWF_ERA5_Reanalysis
2023-08-16,38.1,26.6,31.3,41.0,28.5,33.8,0.0,22.1,41.0,223,24.53,999.7,loc_tiruchirappalli,10.7905,78.7047,ECMWF_ERA5_Reanalysis
2023-08-17,39.5,26.1,32.1,40.9,29.0,34.1,0.0,18.4,40.0,253,24.75,999.0,loc_tiruchirappalli,10.7905,78.7047,ECMWF_ERA5_Reanalysis
2023-08-18,39.1,27.7,32.5,39.1,29.4,33.4,0.0,24.7,48.6,274,22.78,998.1,loc_tiruchirappalli,10.7905,78.7047,ECMWF_ERA5_Reanalysis
2023-08-19,39.1,27.2,32.1,40.0,28.7,32.8,0.0,26.6,54.7,275,23.84,997.7,loc_tiruchirappalli,10.7905,78.7047,ECMWF_ERA5_Reanalysis
2023-08-20,39.1,27.1,32.4,41.8,29.0,35.0,2.1,15.6,34.2,275,24.69,997.6,loc_tiruchirappalli,10.7905,78.7047,ECMWF_ERA5_Reanalysis
2023-08-21,38.7,26.0,32.0,42.8,29.4,35.3,0.2,18.6,35.3,276,23.56,997.3,loc_tiruchirappalli,10.7905,78.7047,ECMWF_ERA5_Reanalysis
2023-08-22,38.4,26.5,31.8,43.7,32.0,36.1,0.5,13.0,36.0,211,22.88,997.6,loc_tiruchirappalli,10.7905,78.7047,ECMWF_ERA5_Reanalysis
2023-08-23,38.2,25.0,31.4,42.0,30.0,35.5,10.8,14.4,28.1,258,23.97,997.9,loc_tiruchirappalli,10.7905,78.7047,ECMWF_ERA5_Reanalysis
2023-08-24,38.5,27.3,32.1,42.4,29.4,35.1,0.0,16.4,32.4,259,23.99,997.5,loc_tiruchirappalli,10.7905,78.7047,ECMWF_ERA5_Reanalysis
2023-08-25,39.6,26.2,32.0,42.6,28.6,34.7,0.0,16.9,33.5,258,24.9,997.7,loc_tiruchirappalli,10.7905,78.7047,ECMWF_ERA5_Reanalysis
2023-08-26,38.9,25.9,32.1,42.5,30.7,35.1,0.0,18.5,33.5,212,23.96,998.5,loc_tiruchirappalli,10.7905,78.7047,ECMWF_ERA5_Reanalysis
2023-08-27,38.7,26.6,32.4,42.3,31.0,35.8,0.0,14.8,32.4,233,23.53,999.2,loc_tiruchirappalli,10.7905,78.7047,ECMWF_ERA5_Reanalysis
2023-08-28,37.7,25.2,31.5,40.8,29.0,34.7,12.3,17.6,32.0,269,18.53,998.8,loc_tiruchirappalli,10.7905,78.7047,ECMWF_ERA5_Reanalysis
2023-08-29,36.1,25.6,29.2,42.5,29.7,34.1,23.6,20.5,37.1,261,21.33,998.4,loc_tiruchirappalli,10.7905,78.7047,ECMWF_ERA5_Reanalysis
2023-08-30,35.2,25.1,29.3,40.2,29.4,33.7,2.7,15.6,35.6,265,23.49,998.6,loc_tiruchirappalli,10.7905,78.7047,ECMWF_ERA5_Reanalysis
2023-08-31,35.4,25.0,28.9,41.9,30.3,34.5,15.6,10.5,25.9,253,23.21,998.7,loc_tiruchirappalli,10.7905,78.7047,ECMWF_ERA5_Reanalysis
2023-09-01,35.1,24.9,29.0,41.4,29.7,33.9,19.8,17.7,32.4,251,23.17,998.7,loc_tiruchirappalli,10.7905,78.7047,ECMWF_ERA5_Reanalysis
2023-09-02,34.7,25.1,28.7,40.6,30.3,33.8,2.3,16.3,41.8,229,20.46,998.5,loc_tiruchirappalli,10.7905,78.7047,ECMWF_ERA5_Reanalysis
2023-09-03,34.9,25.9,29.5,39.8,29.7,33.4,0.5,17.4,37.4,242,20.86,997.4,loc_tiruchirappalli,10.7905,78.7047,ECMWF_ERA5_Reanalysis
2023-09-04,35.5,26.0,30.2,39.1,28.4,32.5,0.1,22.1,43.9,272,21.53,995.8,loc_tiruchirappalli,10.7905,78.7047,ECMWF_ERA5_Reanalysis
2023-09-05,34.5,27.0,29.7,36.0,28.8,32.3,0.7,18.3,38.2,268,13.6,996.1,loc_tiruchirappalli,10.7905,78.7047,ECMWF_ERA5_Reanalysis
2023-09-06,34.2,26.5,29.1,39.2,29.2,32.9,2.5,16.9,32.4,245,15.11,997.1,loc_tiruchirappalli,10.7905,78.7047,ECMWF_ERA5_Reanalysis
2023-09-07,34.9,25.8,28.6,40.4,29.7,33.2,23.5,10.7,30.6,240,15.22,998.1,loc_tiruchirappalli,10.7905,78.7047,ECMWF_ERA5_Reanalysis
2023-09-08,36.2,25.4,30.4,38.2,30.0,33.4,0.1,24.4,48.6,257,20.09,998.8,loc_tiruchirappalli,10.7905,78.7047,ECMWF_ERA5_Reanalysis
2023-09-09,37.3,26.5,29.9,41.2,29.9,33.7,3.8,16.5,33.8,251,22.2,998.0,loc_tiruchirappalli,10.7905,78.7047,ECMWF_ERA5_Reanalysis
2023-09-10,34.8,26.5,30.3,37.3,29.2,33.1,0.8,21.6,46.1,260,18.44,997.4,loc_tiruchirappalli,10.7905,78.7047,ECMWF_ERA5_Reanalysis
2023-09-11,36.9,26.7,30.1,41.0,29.0,33.2,2.4,21.7,47.2,266,21.93,997.7,loc_tiruchirappalli,10.7905,78.7047,ECMWF_ERA5_Reanalysis
2023-09-12,37.1,26.5,30.4,41.2,28.6,33.7,1.1,19.0,34.9,278,20.63,998.0,loc_tiruchirappalli,10.7905,78.7047,ECMWF_ERA5_Reanalysis
2023-09-13,37.4,26.2,30.8,39.4,29.2,33.9,0.8,18.1,40.3,254,19.45,998.0,loc_tiruchirappalli,10.7905,78.7047,ECMWF_ERA5_Reanalysis
2023-09-14,38.0,26.0,30.3,40.5,29.5,33.1,0.9,20.5,43.9,258,19.15,998.2,loc_tiruchirappalli,10.7905,78.7047,ECMWF_ERA5_Reanalysis
2023-09-15,37.3,25.0,29.7,41.9,30.2,34.2,1.4,16.9,40.3,211,19.94,999.0,loc_tiruchirappalli,10.7905,78.7047,ECMWF_ERA5_Reanalysis
2023-09-16,36.2,26.6,30.4,39.9,29.5,33.8,0.7,20.5,45.0,229,19.68,999.0,loc_tiruchirappalli,10.7905,78.7047,ECMWF_ERA5_Reanalysis
2023-09-17,37.0,25.1,29.2,42.6,30.0,33.2,20.4,18.4,36.7,249,16.07,998.4,loc_tiruchirappalli,10.7905,78.7047,ECMWF_ERA5_Reanalysis
2023-09-18,34.5,24.6,27.7,39.3,28.9,32.9,16.8,16.1,36.0,226,17.46,998.7,loc_tiruchirappalli,10.7905,78.7047,ECMWF_ERA5_Reanalysis
2023-09-19,35.2,24.7,27.9,39.9,29.4,32.8,19.7,20.6,40.7,241,21.06,999.6,loc_tiruchirappalli,10.7905,78.7047,ECMWF_ERA5_Reanalysis
2023-09-20,35.9,24.6,29.5,41.4,29.3,34.2,0.0,11.0,26.6,222,23.53,999.5,loc_tiruchirappalli,10.7905,78.7047,ECMWF_ERA5_Reanalysis
2023-09-21,35.4,25.0,29.1,42.5,29.9,34.2,13.4,14.9,28.8,213,21.83,999.6,loc_tiruchirappalli,10.7905,78.7047,ECMWF_ERA5_Reanalysis
2023-09-22,34.2,24.2,28.8,41.4,29.5,34.0,1.3,16.1,35.3,229,22.81,999.5,loc_tiruchirappalli,10.7905,78.7047,ECMWF_ERA5_Reanalysis
2023-09-23,35.2,25.0,29.0,41.3,29.6,34.3,23.2,11.2,28.8,242,22.28,999.5,loc_tiruchirappalli,10.7905,78.7047,ECMWF_ERA5_Reanalysis
2023-09-24,35.5,24.7,29.3,40.2,28.6,33.4,6.1,14.9,33.8,261,23.34,999.4,loc_tiruchirappalli,10.7905,78.7047,ECMWF_ERA5_Reanalysis
2023-09-25,34.7,26.0,30.0,38.4,28.5,33.4,0.0,15.5,33.1,279,18.67,998.3,loc_tiruchirappalli,10.7905,78.7047,ECMWF_ERA5_Reanalysis
2023-09-26,35.9,25.9,30.0,39.5,29.3,33.6,0.5,14.2,42.8,253,18.57,998.1,loc_tiruchirappalli,10.7905,78.7047,ECMWF_ERA5_Reanalysis
2023-09-27,36.9,26.2,29.6,42.3,29.2,33.6,1.3,19.5,40.3,253,22.46,998.0,loc_tiruchirappalli,10.7905,78.7047,ECMWF_ERA5_Reanalysis
2023-09-28,35.3,26.3,29.0,39.7,28.8,32.8,11.6,14.7,39.2,256,19.82,998.1,loc_tiruchirappalli,10.7905,78.7047,ECMWF_ERA5_Reanalysis
2023-09-29,34.1,24.7,28.0,39.2,28.2,32.2,10.6,18.7,39.6,238,19.13,998.9,loc_tiruchirappalli,10.7905,78.7047,ECMWF_ERA5_Reanalysis
2023-09-30,35.0,25.1,28.9,40.5,29.3,33.8,5.1,13.9,33.5,220,21.03,999.4,loc_tiruchirappalli,10.7905,78.7047,ECMWF_ERA5_Reanalysis
2023-10-01,33.1,25.7,28.8,37.5,30.5,33.5,3.9,12.7,33.1,215,15.81,999.3,loc_tiruchirappalli,10.7905,78.7047,ECMWF_ERA5_Reanalysis
2023-10-02,34.8,25.1,29.1,39.3,29.8,33.8,0.9,19.7,41.0,210,19.72,999.7,loc_tiruchirappalli,10.7905,78.7047,ECMWF_ERA5_Reanalysis
2023-10-03,36.9,25.1,30.2,41.4,30.4,34.5,0.0,19.9,36.7,217,23.3,999.8,loc_tiruchirappalli,10.7905,78.7047,ECMWF_ERA5_Reanalysis
2023-10-04,36.7,25.2,30.2,41.8,29.8,34.5,0.9,18.2,33.8,203,22.95,1000.1,loc_tiruchirappalli,10.7905,78.7047,ECMWF_ERA5_Reanalysis
2023-10-05,37.5,25.4,31.0,41.9,30.5,35.0,0.0,19.6,36.4,235,23.07,999.4,loc_tiruchirappalli,10.7905,78.7047,ECMWF_ERA5_Reanalysis
2023-10-06,37.5,26.4,31.3,42.2,28.0,34.6,0.1,14.5,28.1,232,23.74,998.7,loc_tiruchirappalli,10.7905,78.7047,ECMWF_ERA5_Reanalysis
2023-10-07,37.4,25.8,30.4,42.0,30.8,35.0,0.5,19.9,41.0,134,21.46,999.1,loc_tiruchirappalli,10.7905,78.7047,ECMWF_ERA5_Reanalysis
2023-10-08,37.3,25.6,30.4,41.9,31.2,35.2,5.6,17.8,40.3,151,22.19,1000.7,loc_tiruchirappalli,10.7905,78.7047,ECMWF_ERA5_Reanalysis
2023-10-09,35.4,24.7,29.1,41.6,29.6,34.1,10.6,17.3,38.5,196,21.34,1002.2,loc_tiruchirappalli,10.7905,78.7047,ECMWF_ERA5_Reanalysis
2023-10-10,35.6,24.5,29.0,42.1,30.1,34.5,5.4,15.6,31.0,190,23.07,1001.5,loc_tiruchirappalli,10.7905,78.7047,ECMWF_ERA5_Reanalysis
2023-10-11,34.7,24.6,28.7,41.6,30.0,34.1,3.8,11.8,23.0,189,21.88,1001.2,loc_tiruchirappalli,10.7905,78.7047,ECMWF_ERA5_Reanalysis
2023-10-12,33.5,24.0,27.4,40.9,27.8,32.9,18.8,14.6,35.3,272,21.06,1002.1,loc_tiruchirappalli,10.7905,78.7047,ECMWF_ERA5_Reanalysis
2023-10-13,33.6,23.5,28.2,38.5,28.2,33.0,0.9,9.5,20.9,113,21.46,1002.7,loc_tiruchirappalli,10.7905,78.7047,ECMWF_ERA5_Reanalysis
2023-10-14,32.7,24.0,27.7,39.4,28.5,32.8,15.5,11.9,21.6,85,19.33,1002.9,loc_tiruchirappalli,10.7905,78.7047,ECMWF_ERA5_Reanalysis
2023-10-15,33.0,23.8,27.5,39.4,28.2,32.6,37.3,18.5,35.6,320,20.4,1001.6,loc_tiruchirappalli,10.7905,78.7047,ECMWF_ERA5_Reanalysis
2023-10-16,32.4,23.5,26.6,39.3,28.2,32.2,24.3,14.7,31.3,42,18.06,1001.7,loc_tiruchirappalli,10.7905,78.7047,ECMWF_ERA5_Reanalysis
2023-10-17,32.6,23.2,27.0,38.7,27.8,32.4,9.6,20.1,38.9,15,18.91,1002.2,loc_tiruchirappalli,10.7905,78.7047,ECMWF_ERA5_Reanalysis
2023-10-18,32.6,23.5,27.9,36.6,28.0,32.0,0.6,15.6,33.5,46,21.18,1002.8,loc_tiruchirappalli,10.7905,78.7047,ECMWF_ERA5_Reanalysis
2023-10-19,32.3,23.0,27.5,37.4,27.4,32.1,0.6,12.8,26.6,71,21.17,1002.8,loc_tiruchirappalli,10.7905,78.7047,ECMWF_ERA5_Reanalysis
2023-10-20,33.9,23.4,28.3,37.3,28.4,32.4,0.0,14.3,28.8,63,22.14,1002.6,loc_tiruchirappalli,10.7905,78.7047,ECMWF_ERA5_Reanalysis
2023-10-21,34.0,23.2,27.3,38.0,27.7,31.8,12.7,20.3,42.8,49,21.19,1002.9,loc_tiruchirappalli,10.7905,78.7047,ECMWF_ERA5_Reanalysis
2023-10-22,33.4,23.2,27.8,38.4,27.9,32.6,5.9,12.6,33.5,88,20.2,1002.9,loc_tiruchirappalli,10.7905,78.7047,ECMWF_ERA5_Reanalysis
2023-10-23,32.6,22.8,26.9,38.9,26.2,31.4,7.4,18.8,33.8,193,20.19,1002.6,loc_tiruchirappalli,10.7905,78.7047,ECMWF_ERA5_Reanalysis
2023-10-24,34.1,22.7,28.3,38.8,27.4,32.4,0.8,16.6,31.0,159,21.13,1002.1,loc_tiruchirappalli,10.7905,78.7047,ECMWF_ERA5_Reanalysis
2023-10-25,33.5,24.1,28.6,38.4,28.9,33.1,0.3,15.6,33.1,148,20.07,1003.2,loc_tiruchirappalli,10.7905,78.7047,ECMWF_ERA5_Reanalysis
2023-10-26,35.6,23.9,29.5,39.0,28.7,33.0,0.0,14.6,28.1,67,22.4,1002.9,loc_tiruchirappalli,10.7905,78.7047,ECMWF_ERA5_Reanalysis
2023-10-27,35.0,23.9,28.4,38.2,28.5,32.4,5.3,19.5,41.4,56,19.83,1001.9,loc_tiruchirappalli,10.7905,78.7047,ECMWF_ERA5_Reanalysis
2023-10-28,34.4,23.6,27.8,38.8,27.0,32.1,11.6,20.3,37.1,87,19.89,1001.9,loc_tiruchirappalli,10.7905,78.7047,ECMWF_ERA5_Reanalysis
2023-10-29,33.1,23.3,27.1,37.3,27.4,31.4,10.5,19.6,39.6,71,17.92,1002.1,loc_tiruchirappalli,10.7905,78.7047,ECMWF_ERA5_Reanalysis
2023-10-30,31.3,23.6,26.3,36.3,27.8,30.7,12.2,14.9,32.4,73,14.67,1002.2,loc_tiruchirappalli,10.7905,78.7047,ECMWF_ERA5_Reanalysis
2023-10-31,32.1,23.3,27.0,36.7,27.8,31.4,5.6,18.5,36.0,40,17.73,1002.2,loc_tiruchirappalli,10.7905,78.7047,ECMWF_ERA5_Reanalysis
2023-11-01,32.3,23.0,27.0,37.0,27.5,31.2,4.5,17.0,36.7,51,19.38,1002.4,loc_tiruchirappalli,10.7905,78.7047,ECMWF_ERA5_Reanalysis
2023-11-02,31.0,23.9,26.5,35.6,28.7,31.1,10.4,13.3,29.5,53,15.29,1001.7,loc_tiruchirappalli,10.7905,78.7047,ECMWF_ERA5_Reanalysis
2023-11-03,31.0,23.7,26.0,36.3,28.6,30.8,12.2,13.2,29.9,60,15.62,1000.6,loc_tiruchirappalli,10.7905,78.7047,ECMWF_ERA5_Reanalysis
2023-11-04,28.7,23.6,24.9,33.2,28.3,30.0,23.1,10.3,21.2,41,9.55,1000.8,loc_tiruchirappalli,10.7905,78.7047,ECMWF_ERA5_Reanalysis
2023-11-05,30.6,22.6,25.9,36.1,27.1,31.1,4.2,12.5,21.6,130,13.27,1002.0,loc_tiruchirappalli,10.7905,78.7047,ECMWF_ERA5_Reanalysis
2023-11-06,32.5,23.1,26.7,39.0,28.0,32.2,25.5,13.2,31.3,68,19.87,1002.8,loc_tiruchirappalli,10.7905,78.7047,ECMWF_ERA5_Reanalysis
2023-11-07,31.0,23.0,25.5,35.9,27.5,30.3,28.4,11.9,37.1,61,12.82,1003.2,loc_tiruchirappalli,10.7905,78.7047,ECMWF_ERA5_Reanalysis
2023-11-08,30.4,22.8,25.8,35.2,27.3,30.5,15.0,13.0,25.6,46,13.43,1002.8,loc_tiruchirappalli,10.7905,78.7047,ECMWF_ERA5_Reanalysis
2023-11-09,30.1,22.0,25.4,34.8,26.0,30.1,8.6,10.6,23.0,59,12.1,1003.1,loc_tiruchirappalli,10.7905,78.7047,ECMWF_ERA5_Reanalysis
2023-11-10,30.6,23.1,25.8,35.0,27.1,30.0,16.4,15.1,34.2,62,15.65,1004.3,loc_tiruchirappalli,10.7905,78.7047,ECMWF_ERA5_Reanalysis
2023-11-11,30.3,23.1,26.5,34.5,27.2,30.2,1.2,19.6,39.2,49,15.03,1004.1,loc_tiruchirappalli,10.7905,78.7047,ECMWF_ERA5_Reanalysis
2023-11-12,31.6,22.7,26.7,34.4,25.6,29.0,0.0,20.6,41.0,26,18.64,1003.9,loc_tiruchirappalli,10.7905,78.7047,ECMWF_ERA5_Reanalysis
2023-11-13,30.3,22.0,26.2,33.2,24.7,29.5,3.2,17.8,36.0,35,15.65,1003.2,loc_tiruchirappalli,10.7905,78.7047,ECMWF_ERA5_Reanalysis
2023-11-14,25.6,21.5,24.0,30.0,23.7,27.9,34.7,16.2,29.5,17,6.56,1002.8,loc_tiruchirappalli,10.7905,78.7047,ECMWF_ERA5_Reanalysis
2023-11-15,29.7,21.7,25.0,32.1,24.2,28.4,12.6,18.0,35.3,11,11.83,1002.5,loc_tiruchirappalli,10.7905,78.7047,ECMWF_ERA5_Reanalysis
2023-11-16,30.9,23.1,26.0,35.6,27.4,30.6,7.3,14.1,30.6,46,17.64,1002.8,loc_tiruchirappalli,10.7905,78.7047,ECMWF_ERA5_Reanalysis
2023-11-17,30.8,23.3,26.9,35.1,27.7,31.2,1.6,17.6,35.6,50,18.22,1002.8,loc_tiruchirappalli,10.7905,78.7047,ECMWF_ERA5_Reanalysis
2023-11-18,31.1,23.7,26.7,35.0,27.8,30.8,3.6,16.5,39.6,54,16.15,1002.4,loc_tiruchirappalli,10.7905,78.7047,ECMWF_ERA5_Reanalysis
2023-11-19,31.8,24.5,27.3,34.8,28.8,30.9,0.5,18.7,37.1,42,16.67,1002.8,loc_tiruchirappalli,10.7905,78.7047,ECMWF_ERA5_Reanalysis
2023-11-20,30.1,23.6,25.9,33.8,26.4,29.9,11.1,16.6,34.9,40,13.57,1002.5,loc_tiruchirappalli,10.7905,78.7047,ECMWF_ERA5_Reanalysis
2023-11-21,31.8,23.7,26.8,37.7,28.3,31.8,6.6,14.1,27.7,61,17.43,1001.4,loc_tiruchirappalli,10.7905,78.7047,ECMWF_ERA5_Reanalysis
2023-11-22,30.6,23.8,25.5,37.5,28.6,30.7,25.0,18.9,38.2,92,12.69,1001.5,loc_tiruchirappalli,10.7905,78.7047,ECMWF_ERA5_Reanalysis
2023-11-23,30.7,23.4,25.5,35.2,27.8,30.3,24.3,14.3,29.5,90,12.63,1001.1,loc_tiruchirappalli,10.7905,78.7047,ECMWF_ERA5_Reanalysis
2023-11-24,30.4,23.1,26.0,35.9,26.7,30.3,3.6,12.8,29.5,57,16.44,1001.3,loc_tiruchirappalli,10.7905,78.7047,ECMWF_ERA5_Reanalysis
2023-11-25,29.6,23.1,25.2,33.2,26.6,29.0,30.6,16.1,34.6,52,12.96,1002.7,loc_tiruchirappalli,10.7905,78.7047,ECMWF_ERA5_Reanalysis
2023-11-26,28.8,22.6,25.3,32.7,26.2,29.0,7.0,17.2,38.9,47,13.6,1003.6,loc_tiruchirappalli,10.7905,78.7047,ECMWF_ERA5_Reanalysis
2023-11-27,30.5,23.0,26.4,34.9,26.6,30.5,1.3,13.5,29.9,56,17.04,1002.0,loc_tiruchirappalli,10.7905,78.7047,ECMWF_ERA5_Reanalysis
2023-11-28,30.2,23.7,26.1,35.1,27.7,30.0,2.5,14.7,32.4,47,16.17,1001.4,loc_tiruchirappalli,10.7905,78.7047,ECMWF_ERA5_Reanalysis
2023-11-29,29.9,22.9,25.5,33.5,26.7,29.4,5.5,16.4,32.4,49,14.46,1001.6,loc_tiruchirappalli,10.7905,78.7047,ECMWF_ERA5_Reanalysis
2023-11-30,29.6,23.7,25.6,33.9,27.4,29.6,4.5,16.0,31.3,51,12.62,1002.2,loc_tiruchirappalli,10.7905,78.7047,ECMWF_ERA5_Reanalysis
2023-12-01,30.0,23.0,26.1,33.9,27.3,29.9,5.0,15.4,27.7,28,12.11,1001.2,loc_tiruchirappalli,10.7905,78.7047,ECMWF_ERA5_Reanalysis
2023-12-02,31.1,23.7,26.8,34.3,27.6,30.5,0.1,18.2,34.9,9,13.97,999.3,loc_tiruchirappalli,10.7905,78.7047,ECMWF_ERA5_Reanalysis
2023-12-03,31.1,23.9,26.7,35.4,28.0,31.3,3.0,14.4,32.0,295,14.34,998.6,loc_tiruchirappalli,10.7905,78.7047,ECMWF_ERA5_Reanalysis
2023-12-04,31.3,24.8,27.4,34.1,27.5,30.7,0.1,18.1,34.9,262,11.45,997.3,loc_tiruchirappalli,10.7905,78.7047,ECMWF_ERA5_Reanalysis
2023-12-05,33.5,24.4,28.4,38.2,28.3,33.0,0.0,12.8,26.6,224,18.63,997.8,loc_tiruchirappalli,10.7905,78.7047,ECMWF_ERA5_Reanalysis
2023-12-06,32.7,24.6,28.1,39.2,30.0,33.5,0.8,9.6,19.8,158,19.25,999.7,loc_tiruchirappalli,10.7905,78.7047,ECMWF_ERA5_Reanalysis
2023-12-07,32.4,24.3,27.7,38.6,29.7,32.9,0.0,10.8,21.2,134,18.48,1000.8,loc_tiruchirappalli,10.7905,78.7047,ECMWF_ERA5_Reanalysis
2023-12-08,31.1,24.0,26.8,37.1,27.9,31.5,0.7,11.2,25.2,63,15.1,1002.1,loc_tiruchirappalli,10.7905,78.7047,ECMWF_ERA5_Reanalysis
2023-12-09,30.5,23.8,26.5,35.0,28.2,30.8,6.7,16.8,33.5,57,16.83,1002.9,loc_tiruchirappalli,10.7905,78.7047,ECMWF_ERA5_Reanalysis
2023-12-10,30.7,24.1,26.9,34.3,27.9,30.5,1.1,17.5,34.2,49,16.59,1002.2,loc_tiruchirappalli,10.7905,78.7047,ECMWF_ERA5_Reanalysis
2023-12-11,30.7,23.5,26.6,33.8,27.5,29.9,0.9,18.4,35.6,51,15.18,1002.7,loc_tiruchirappalli,10.7905,78.7047,ECMWF_ERA5_Reanalysis
2023-12-12,30.3,22.2,26.2,32.5,25.5,28.9,0.0,18.3,36.4,46,16.22,1002.2,loc_tiruchirappalli,10.7905,78.7047,ECMWF_ERA5_Reanalysis
2023-12-13,29.8,21.4,25.3,31.1,24.0,27.6,0.0,21.1,42.5,43,16.87,1002.9,loc_tiruchirappalli,10.7905,78.7047,ECMWF_ERA5_Reanalysis
2023-12-14,30.2,22.3,26.0,31.3,24.3,27.9,0.0,21.7,43.2,36,16.0,1003.8,loc_tiruchirappalli,10.7905,78.7047,ECMWF_ERA5_Reanalysis
2023-12-15,28.9,24.0,25.9,30.1,26.1,28.0,0.3,22.6,45.4,34,9.79,1003.9,loc_tiruchirappalli,10.7905,78.7047,ECMWF_ERA5_Reanalysis
2023-12-16,29.4,23.1,25.1,32.5,26.4,28.3,3.7,19.6,38.9,37,9.79,1003.2,loc_tiruchirappalli,10.7905,78.7047,ECMWF_ERA5_Reanalysis
2023-12-17,28.4,23.6,25.4,31.1,26.6,28.4,5.7,22.9,45.7,46,10.83,1002.5,loc_tiruchirappalli,10.7905,78.7047,ECMWF_ERA5_Reanalysis
2023-12-18,27.7,23.9,25.4,29.0,26.4,27.8,0.6,22.3,42.5,47,7.98,1003.8,loc_tiruchirappalli,10.7905,78.7047,ECMWF_ERA5_Reanalysis
2023-12-19,28.8,23.0,25.6,30.1,24.8,27.6,0.7,23.7,47.2,40,11.38,1004.3,loc_tiruchirappalli,10.7905,78.7047,ECMWF_ERA5_Reanalysis
2023-12-20,27.7,23.5,25.4,29.2,25.4,27.8,0.3,19.7,38.9,38,8.47,1004.3,loc_tiruchirappalli,10.7905,78.7047,ECMWF_ERA5_Reanalysis
2023-12-21,29.0,23.0,25.6,31.1,26.3,28.4,2.4,22.9,45.7,45,12.86,1004.1,loc_tiruchirappalli,10.7905,78.7047,ECMWF_ERA5_Reanalysis
2023-12-22,30.5,21.6,25.4,32.9,24.4,28.0,0.0,17.2,34.9,47,17.88,1004.4,loc_tiruchirappalli,10.7905,78.7047,ECMWF_ERA5_Reanalysis
2023-12-23,29.9,21.0,24.8,31.8,22.5,26.7,0.0,15.0,32.4,43,19.44,1005.2,loc_tiruchirappalli,10.7905,78.7047,ECMWF_ERA5_Reanalysis
2023-12-24,29.5,22.2,25.2,31.1,23.2,27.3,0.4,18.8,38.2,44,11.32,1006.1,loc_tiruchirappalli,10.7905,78.7047,ECMWF_ERA5_Reanalysis
2023-12-25,29.9,23.5,26.1,32.5,26.1,28.9,2.1,22.0,43.2,51,16.37,1005.3,loc_tiruchirappalli,10.7905,78.7047,ECMWF_ERA5_Reanalysis
2023-12-26,29.7,22.4,25.6,30.6,24.5,27.9,0.2,19.1,39.6,44,16.76,1005.6,loc_tiruchirappalli,10.7905,78.7047,ECMWF_ERA5_Reanalysis
2023-12-27,29.9,22.1,26.1,30.7,24.4,27.8,0.0,24.0,47.5,39,15.14,1005.5,loc_tiruchirappalli,10.7905,78.7047,ECMWF_ERA5_Reanalysis
2023-12-28,30.7,24.7,26.7,32.5,26.3,28.8,0.8,21.8,42.5,47,14.4,1004.4,loc_tiruchirappalli,10.7905,78.7047,ECMWF_ERA5_Reanalysis
2023-12-29,30.0,23.6,25.8,32.0,26.3,28.8,7.4,19.2,41.0,56,12.25,1004.7,loc_tiruchirappalli,10.7905,78.7047,ECMWF_ERA5_Reanalysis
2023-12-30,30.3,23.4,26.0,32.0,26.0,28.4,0.4,19.5,38.2,46,13.89,1004.4,loc_tiruchirappalli,10.7905,78.7047,ECMWF_ERA5_Reanalysis
2023-12-31,31.1,21.6,25.9,32.7,24.2,28.3,0.0,18.1,37.1,56,15.8,1004.1,loc_tiruchirappalli,10.7905,78.7047,ECMWF_ERA5_Reanalysis
2024-01-01,30.9,21.9,25.9,33.3,24.3,28.3,0.0,16.9,36.0,53,17.86,1004.4,loc_tiruchirappalli,10.7905,78.7047,ECMWF_ERA5_Reanalysis
2024-01-02,30.2,22.1,26.0,32.3,25.0,28.5,0.0,18.6,39.2,51,12.75,1003.6,loc_tiruchirappalli,10.7905,78.7047,ECMWF_ERA5_Reanalysis
2024-01-03,30.5,22.7,26.2,32.3,25.1,28.4,0.0,15.7,32.8,48,15.26,1003.2,loc_tiruchirappalli,10.7905,78.7047,ECMWF_ERA5_Reanalysis
2024-01-04,30.8,22.6,26.0,33.7,25.7,29.3,4.0,13.6,29.5,59,14.77,1003.0,loc_tiruchirappalli,10.7905,78.7047,ECMWF_ERA5_Reanalysis
2024-01-05,29.5,23.4,26.0,32.0,26.9,29.2,0.8,16.6,33.8,51,10.97,1003.0,loc_tiruchirappalli,10.7905,78.7047,ECMWF_ERA5_Reanalysis
2024-01-06,30.4,23.1,25.9,33.5,26.1,29.1,4.2,20.5,41.0,51,15.02,1002.8,loc_tiruchirappalli,10.7905,78.7047,ECMWF_ERA5_Reanalysis
2024-01-07,28.1,23.2,24.8,30.7,26.0,28.1,98.3,19.7,41.4,32,11.47,1003.2,loc_tiruchirappalli,10.7905,78.7047,ECMWF_ERA5_Reanalysis
2024-01-08,25.7,22.8,24.2,29.6,25.9,28.1,27.2,15.9,31.3,40,7.5,1003.8,loc_tiruchirappalli,10.7905,78.7047,ECMWF_ERA5_Reanalysis
2024-01-09,27.0,23.1,24.5,31.0,26.5,28.0,20.2,20.8,38.9,51,5.85,1003.9,loc_tiruchirappalli,10.7905,78.7047,ECMWF_ERA5_Reanalysis
2024-01-10,29.9,22.6,25.6,32.9,25.8,28.4,2.3,20.3,38.9,38,15.75,1003.7,loc_tiruchirappalli,10.7905,78.7047,ECMWF_ERA5_Reanalysis
2024-01-11,30.3,22.9,25.8,32.8,25.9,28.3,0.4,20.6,40.0,46,18.94,1004.2,loc_tiruchirappalli,10.7905,78.7047,ECMWF_ERA5_Reanalysis
2024-01-12,30.2,22.5,25.7,32.6,24.8,28.2,0.1,18.9,36.7,45,17.38,1004.3,loc_tiruchirappalli,10.7905,78.7047,ECMWF_ERA5_Reanalysis
2024-01-13,30.2,22.0,25.5,33.0,25.3,28.4,0.3,19.1,38.9,43,18.05,1004.8,loc_tiruchirappalli,10.7905,78.7047,ECMWF_ERA5_Reanalysis
2024-01-14,30.9,21.1,25.6,33.9,24.5,28.4,0.0,17.1,36.0,51,19.93,1004.3,loc_tiruchirappalli,10.7905,78.7047,ECMWF_ERA5_Reanalysis
2024-01-15,30.6,19.9,25.1,33.3,22.1,28.2,0.0,12.6,28.4,46,20.72,1004.0,loc_tiruchirappalli,10.7905,78.7047,ECMWF_ERA5_Reanalysis
2024-01-16,30.2,19.4,24.6,33.4,21.6,27.4,0.0,12.0,22.7,61,21.57,1003.1,loc_tiruchirappalli,10.7905,78.7047,ECMWF_ERA5_Reanalysis
2024-01-17,30.9,18.4,24.2,34.4,20.4,27.1,0.0,9.7,20.2,77,21.95,1002.5,loc_tiruchirappalli,10.7905,78.7047,ECMWF_ERA5_Reanalysis
2024-01-18,30.7,19.7,25.3,34.7,22.1,28.7,0.6,10.8,22.3,64,18.67,1002.8,loc_tiruchirappalli,10.7905,78.7047,ECMWF_ERA5_Reanalysis
2024-01-19,30.6,22.1,26.0,34.3,25.9,30.1,1.4,18.1,41.4,70,15.43,1003.0,loc_tiruchirappalli,10.7905,78.7047,ECMWF_ERA5_Reanalysis
2024-01-20,30.6,24.2,26.8,32.6,27.7,30.1,0.1,13.6,28.1,55,12.45,1004.1,loc_tiruchirappalli,10.7905,78.7047,ECMWF_ERA5_Reanalysis
2024-01-21,31.3,23.4,26.8,35.3,27.7,30.8,2.4,14.7,31.0,66,17.99,1004.2,loc_tiruchirappalli,10.7905,78.7047,ECMWF_ERA5_Reanalysis
2024-01-22,31.6,21.8,26.2,35.1,24.9,29.5,0.0,11.5,27.4,56,21.11,1005.2,loc_tiruchirappalli,10.7905,78.7047,ECMWF_ERA5_Reanalysis
2024-01-23,31.5,19.6,25.6,34.5,22.1,28.5,0.0,11.4,27.4,67,18.48,1005.0,loc_tiruchirappalli,10.7905,78.7047,ECMWF_ERA5_Reanalysis
2024-01-24,31.3,20.3,25.5,35.2,23.8,28.7,0.0,10.0,23.0,87,19.25,1004.7,loc_tiruchirappalli,10.7905,78.7047,ECMWF_ERA5_Reanalysis
2024-01-25,31.6,19.2,25.6,35.4,22.2,28.8,0.1,11.9,23.8,74,20.85,1005.4,loc_tiruchirappalli,10.7905,78.7047,ECMWF_ERA5_Reanalysis
2024-01-26,32.3,20.1,25.8,34.0,23.0,27.9,0.1,15.9,32.4,56,20.22,1006.6,loc_tiruchirappalli,10.7905,78.7047,ECMWF_ERA5_Reanalysis
2024-01-27,30.5,21.6,25.8,32.4,24.3,27.9,0.1,17.3,36.4,52,18.36,1006.8,loc_tiruchirappalli,10.7905,78.7047,ECMWF_ERA5_Reanalysis
2024-01-28,31.1,21.8,26.2,33.4,24.6,28.4,0.1,16.7,36.0,48,18.64,1006.4,loc_tiruchirappalli,10.7905,78.7047,ECMWF_ERA5_Reanalysis
2024-01-29,32.0,22.2,26.3,34.6,24.7,28.3,0.0,17.4,36.4,51,19.9,1005.8,loc_tiruchirappalli,10.7905,78.7047,ECMWF_ERA5_Reanalysis
2024-01-30,32.8,21.7,26.8,35.9,23.4,29.3,0.0,14.8,29.9,55,21.25,1005.0,loc_tiruchirappalli,10.7905,78.7047,ECMWF_ERA5_Reanalysis
2024-01-31,32.6,22.6,27.0,35.6,25.9,29.9,0.0,13.4,26.3,59,17.97,1004.9,loc_tiruchirappalli,10.7905,78.7047,ECMWF_ERA5_Reanalysis
2024-02-01,33.2,23.3,27.8,37.5,27.7,32.1,0.4,10.6,22.7,76,20.3,1004.9,loc_tiruchirappalli,10.7905,78.7047,ECMWF_ERA5_Reanalysis
2024-02-02,32.7,23.8,27.8,37.2,28.8,32.2,1.5,12.6,23.8,85,19.67,1004.6,loc_tiruchirappalli,10.7905,78.7047,ECMWF_ERA5_Reanalysis
2024-02-03,33.8,23.2,27.8,37.2,27.2,31.4,0.2,14.6,30.6,67,20.44,1005.1,loc_tiruchirappalli,10.7905,78.7047,ECMWF_ERA5_Reanalysis
2024-02-04,33.6,21.6,27.1,36.0,25.4,29.8,0.1,15.7,32.4,54,21.75,1006.7,loc_tiruchirappalli,10.7905,78.7047,ECMWF_ERA5_Reanalysis
2024-02-05,32.7,21.9,26.8,35.2,25.6,29.6,0.0,14.8,32.4,55,22.17,1007.0,loc_tiruchirappalli,10.7905,78.7047,ECMWF_ERA5_Reanalysis
2024-02-06,33.6,21.2,26.8,35.5,24.3,29.2,0.0,15.9,34.2,58,20.06,1006.3,loc_tiruchirappalli,10.7905,78.7047,ECMWF_ERA5_Reanalysis
2024-02-07,33.3,21.0,26.6,36.9,24.3,29.7,0.0,11.8,25.9,64,22.85,1006.0,loc_tiruchirappalli,10.7905,78.7047,ECMWF_ERA5_Reanalysis
2024-02-08,34.0,20.0,26.6,37.7,22.7,29.8,0.0,14.2,29.9,67,22.96,1005.0,loc_tiruchirappalli,10.7905,78.7047,ECMWF_ERA5_Reanalysis
2024-02-09,33.6,20.9,27.0,36.6,24.0,30.1,0.3,14.3,31.3,71,21.4,1005.4,loc_tiruchirappalli,10.7905,78.7047,ECMWF_ERA5_Reanalysis
2024-02-10,33.6,22.5,27.5,35.8,26.5,30.4,0.0,16.7,36.7,62,21.52,1006.5,loc_tiruchirappalli,10.7905,78.7047,ECMWF_ERA5_Reanalysis
2024-02-11,33.2,22.7,27.3,35.1,26.3,29.7,0.0,19.0,39.2,57,21.94,1006.9,loc_tiruchirappalli,10.7905,78.7047,ECMWF_ERA5_Reanalysis
2024-02-12,33.5,21.5,26.7,34.6,24.2,28.6,0.0,19.1,38.9,53,19.88,1006.4,loc_tiruchirappalli,10.7905,78.7047,ECMWF_ERA5_Reanalysis
2024-02-13,33.2,22.5,27.4,35.7,25.4,30.1,1.0,20.0,41.0,56,20.37,1005.5,loc_tiruchirappalli,10.7905,78.7047,ECMWF_ERA5_Reanalysis
2024-02-14,34.4,23.9,28.2,37.2,27.4,30.6,0.2,19.3,38.5,57,21.9,1004.9,loc_tiruchirappalli,10.7905,78.7047,ECMWF_ERA5_Reanalysis
2024-02-15,33.7,22.7,27.5,35.7,26.3,30.0,0.4,18.4,39.2,54,20.45,1004.8,loc_tiruchirappalli,10.7905,78.7047,ECMWF_ERA5_Reanalysis
2024-02-16,34.1,23.3,27.9,36.6,26.8,30.5,0.7,16.7,36.0,58,21.32,1005.1,loc_tiruchirappalli,10.7905,78.7047,ECMWF_ERA5_Reanalysis
2024-02-17,34.5,22.6,28.2,36.6,24.8,30.5,0.0,16.5,36.4,60,22.31,1003.9,loc_tiruchirappalli,10.7905,78.7047,ECMWF_ERA5_Reanalysis
2024-02-18,34.8,23.5,28.3,37.4,27.8,31.6,0.0,16.6,30.2,68,22.67,1003.3,loc_tiruchirappalli,10.7905,78.7047,ECMWF_ERA5_Reanalysis
2024-02-19,33.7,23.2,28.3,36.9,28.1,31.6,0.3,13.0,28.8,69,20.58,1003.8,loc_tiruchirappalli,10.7905,78.7047,ECMWF_ERA5_Reanalysis
2024-02-20,34.7,22.9,28.5,38.3,27.5,32.2,0.3,13.7,27.7,90,21.09,1003.5,loc_tiruchirappalli,10.7905,78.7047,ECMWF_ERA5_Reanalysis
2024-02-21,35.3,22.5,28.8,39.4,27.1,32.6,0.0,12.8,23.4,104,23.08,1002.5,loc_tiruchirappalli,10.7905,78.7047,ECMWF_ERA5_Reanalysis
2024-02-22,35.9,23.7,29.5,39.8,27.4,33.1,0.0,18.7,34.6,147,22.6,1002.3,loc_tiruchirappalli,10.7905,78.7047,ECMWF_ERA5_Reanalysis
2024-02-23,36.5,24.0,30.3,40.9,29.1,34.3,0.1,16.3,37.8,153,21.83,1001.7,loc_tiruchirappalli,10.7905,78.7047,ECMWF_ERA5_Reanalysis
2024-02-24,33.9,25.4,29.2,39.1,30.0,33.3,2.7,13.7,27.4,112,20.63,1002.0,loc_tiruchirappalli,10.7905,78.7047,ECMWF_ERA5_Reanalysis
2024-02-25,34.5,23.1,28.7,37.4,27.7,32.1,0.4,15.5,30.2,69,21.12,1001.8,loc_tiruchirappalli,10.7905,78.7047,ECMWF_ERA5_Reanalysis
2024-02-26,33.5,24.3,28.4,36.1,27.9,31.3,0.8,21.5,42.8,65,20.32,1002.4,loc_tiruchirappalli,10.7905,78.7047,ECMWF_ERA5_Reanalysis
2024-02-27,34.8,24.3,28.7,37.5,27.8,31.1,1.0,21.5,43.9,56,21.0,1003.0,loc_tiruchirappalli,10.7905,78.7047,ECMWF_ERA5_Reanalysis
2024-02-28,34.5,23.3,28.4,36.6,26.3,30.7,0.0,17.3,36.4,60,23.54,1002.6,loc_tiruchirappalli,10.7905,78.7047,ECMWF_ERA5_Reanalysis
2024-02-29,35.1,21.9,28.3,37.2,25.5,30.7,0.0,16.3,35.6,69,22.96,1002.9,loc_tiruchirappalli,10.7905,78.7047,ECMWF_ERA5_Reanalysis
2024-03-01,35.5,22.9,28.7,37.4,27.5,31.4,0.0,17.3,36.4,74,22.28,1003.9,loc_tiruchirappalli,10.7905,78.7047,ECMWF_ERA5_Reanalysis
2024-03-02,35.4,23.4,28.6,39.1,27.6,32.5,0.0,12.1,26.6,85,24.01,1003.5,loc_tiruchirappalli,10.7905,78.7047,ECMWF_ERA5_Reanalysis
2024-03-03,35.2,23.8,28.7,38.7,28.1,32.2,0.0,14.0,25.2,83,23.58,1002.7,loc_tiruchirappalli,10.7905,78.7047,ECMWF_ERA5_Reanalysis
2024-03-04,34.9,20.4,27.8,37.8,23.7,31.2,0.0,10.8,26.6,92,24.89,1002.5,loc_tiruchirappalli,10.7905,78.7047,ECMWF_ERA5_Reanalysis
2024-03-05,35.8,21.8,28.4,38.1,25.9,31.8,0.0,12.4,29.2,93,25.01,1002.5,loc_tiruchirappalli,10.7905,78.7047,ECMWF_ERA5_Reanalysis
2024-03-06,36.3,22.8,29.0,40.2,27.2,32.7,0.0,13.2,24.5,98,24.25,1002.6,loc_tiruchirappalli,10.7905,78.7047,ECMWF_ERA5_Reanalysis
2024-03-07,36.1,21.6,28.8,39.2,25.7,32.6,0.0,12.6,24.5,107,23.84,1001.8,loc_tiruchirappalli,10.7905,78.7047,ECMWF_ERA5_Reanalysis
2024-03-08,36.9,20.9,28.8,40.4,24.2,31.4,0.0,13.4,28.8,138,24.68,1002.0,loc_tiruchirappalli,10.7905,78.7047,ECMWF_ERA5_Reanalysis
2024-03-09,36.8,22.8,29.8,40.4,26.1,32.9,0.0,15.9,28.1,105,23.41,1002.1,loc_tiruchirappalli,10.7905,78.7047,ECMWF_ERA5_Reanalysis
2024-03-10,36.9,24.6,30.2,40.6,29.8,34.1,0.0,14.5,30.6,104,23.96,1003.8,loc_tiruchirappalli,10.7905,78.7047,ECMWF_ERA5_Reanalysis
2024-03-11,36.3,25.0,30.2,39.8,29.8,33.8,0.0,13.7,32.4,80,22.94,1005.1,loc_tiruchirappalli,10.7905,78.7047,ECMWF_ERA5_Reanalysis
2024-03-12,37.8,22.3,29.8,41.0,26.9,33.5,0.0,16.2,31.7,105,25.05,1004.4,loc_tiruchirappalli,10.7905,78.7047,ECMWF_ERA5_Reanalysis
2024-03-13,37.6,23.4,30.0,41.2,28.2,33.2,0.1,15.7,28.4,150,24.67,1003.2,loc_tiruchirappalli,10.7905,78.7047,ECMWF_ERA5_Reanalysis
2024-03-14,38.5,23.4,30.5,41.4,27.3,33.1,0.0,14.4,28.4,115,25.51,1002.5,loc_tiruchirappalli,10.7905,78.7047,ECMWF_ERA5_Reanalysis
2024-03-15,38.1,23.5,30.3,41.7,26.2,33.0,0.0,15.8,29.5,127,25.61,1001.8,loc_tiruchirappalli,10.7905,78.7047,ECMWF_ERA5_Reanalysis
2024-03-16,38.1,24.7,30.6,41.1,28.5,34.1,0.8,13.2,25.9,130,23.07,1002.3,loc_tiruchirappalli,10.7905,78.7047,ECMWF_ERA5_Reanalysis
2024-03-17,37.2,24.3,30.0,40.3,29.6,33.6,0.1,13.5,28.4,104,24.86,1002.7,loc_tiruchirappalli,10.7905,78.7047,ECMWF_ERA5_Reanalysis
2024-03-18,36.9,22.5,29.3,39.9,27.0,32.4,0.0,11.6,27.4,93,25.24,1002.5,loc_tiruchirappalli,10.7905,78.7047,ECMWF_ERA5_Reanalysis
2024-03-19,37.1,23.1,29.6,39.5,27.4,32.8,0.0,14.2,30.2,94,25.32,1001.9,loc_tiruchirappalli,10.7905,78.7047,ECMWF_ERA5_Reanalysis
2024-03-20,37.1,23.0,29.6,40.0,27.6,33.1,0.0,14.9,28.1,88,25.73,1001.8,loc_tiruchirappalli,10.7905,78.7047,ECMWF_ERA5_Reanalysis
2024-03-21,35.7,24.3,29.3,39.6,28.7,32.9,2.1,16.5,34.2,75,21.33,1001.8,loc_tiruchirappalli,10.7905,78.7047,ECMWF_ERA5_Reanalysis
2024-03-22,36.3,24.7,30.1,39.8,30.1,33.6,0.3,16.8,31.0,73,23.54,1000.4,loc_tiruchirappalli,10.7905,78.7047,ECMWF_ERA5_Reanalysis
2024-03-23,37.9,24.1,30.5,40.8,29.3,33.9,0.0,16.9,32.4,76,25.28,1000.3,loc_tiruchirappalli,10.7905,78.7047,ECMWF_ERA5_Reanalysis
2024-03-24,37.7,23.7,30.1,40.3,28.6,33.5,0.0,13.0,31.3,78,24.29,1002.0,loc_tiruchirappalli,10.7905,78.7047,ECMWF_ERA5_Reanalysis
2024-03-25,37.3,23.7,29.9,39.8,28.4,33.0,0.0,18.0,34.6,79,24.63,1002.3,loc_tiruchirappalli,10.7905,78.7047,ECMWF_ERA5_Reanalysis
2024-03-26,36.8,22.3,29.4,39.0,26.2,32.1,0.0,14.8,31.7,82,25.67,1002.9,loc_tiruchirappalli,10.7905,78.7047,ECMWF_ERA5_Reanalysis
2024-03-27,36.9,22.6,29.4,40.3,26.9,33.2,1.0,14.8,34.2,81,23.29,1004.3,loc_tiruchirappalli,10.7905,78.7047,ECMWF_ERA5_Reanalysis
2024-03-28,38.0,24.4,30.9,41.7,29.7,35.0,0.0,13.0,28.8,90,24.15,1002.3,loc_tiruchirappalli,10.7905,78.7047,ECMWF_ERA5_Reanalysis
2024-03-29,38.8,24.7,31.2,42.1,30.2,34.8,0.1,14.1,33.1,118,23.72,1001.6,loc_tiruchirappalli,10.7905,78.7047,ECMWF_ERA5_Reanalysis
2024-03-30,38.6,25.1,31.1,40.9,30.7,34.6,0.0,15.1,28.8,106,25.98,1002.5,loc_tiruchirappalli,10.7905,78.7047,ECMWF_ERA5_Reanalysis
2024-03-31,37.0,25.2,30.7,41.9,30.6,35.1,0.9,13.2,25.9,101,21.88,1003.1,loc_tiruchirappalli,10.7905,78.7047,ECMWF_ERA5_Reanalysis
2024-04-01,38.7,25.9,31.8,43.3,31.3,36.2,0.9,16.3,32.0,123,23.99,1000.8,loc_tiruchirappalli,10.7905,78.7047,ECMWF_ERA5_Reanalysis
2024-04-02,40.3,26.1,32.8,44.3,31.5,36.8,0.1,18.1,33.1,126,25.35,999.0,loc_tiruchirappalli,10.7905,78.7047,ECMWF_ERA5_Reanalysis
2024-04-03,39.1,27.1,32.7,42.2,32.2,36.3,0.0,14.3,25.2,164,23.14,999.7,loc_tiruchirappalli,10.7905,78.7047,ECMWF_ERA5_Reanalysis
2024-04-04,40.0,25.8,32.6,42.9,31.1,36.5,0.1,16.2,33.5,134,24.34,1000.0,loc_tiruchirappalli,10.7905,78.7047,ECMWF_ERA5_Reanalysis
2024-04-05,41.0,26.5,33.3,43.9,31.8,36.7,0.0,12.1,28.8,117,25.45,999.3,loc_tiruchirappalli,10.7905,78.7047,ECMWF_ERA5_Reanalysis
2024-04-06,41.2,25.4,32.9,43.6,29.2,35.7,0.0,15.5,30.6,137,25.84,998.6,loc_tiruchirappalli,10.7905,78.7047,ECMWF_ERA5_Reanalysis
2024-04-07,40.8,24.9,32.5,43.0,28.1,34.6,0.0,16.2,31.7,156,26.43,998.3,loc_tiruchirappalli,10.7905,78.7047,ECMWF_ERA5_Reanalysis
2024-04-08,40.5,24.8,32.3,43.6,29.4,35.7,0.0,19.5,38.9,131,25.47,999.2,loc_tiruchirappalli,10.7905,78.7047,ECMWF_ERA5_Reanalysis
2024-04-09,39.1,26.3,31.8,41.0,31.9,35.1,0.0,19.1,38.2,80,25.42,1000.3,loc_tiruchirappalli,10.7905,78.7047,ECMWF_ERA5_Reanalysis
2024-04-10,38.6,26.8,32.0,41.6,31.8,35.4,0.0,16.7,32.8,78,25.42,1000.4,loc_tiruchirappalli,10.7905,78.7047,ECMWF_ERA5_Reanalysis
2024-04-11,38.2,25.7,30.8,42.3,30.5,35.1,16.6,16.6,35.3,78,23.95,1000.7,loc_tiruchirappalli,10.7905,78.7047,ECMWF_ERA5_Reanalysis
2024-04-12,35.7,25.3,29.4,39.8,30.6,34.0,6.3,18.3,37.4,94,19.88,1001.0,loc_tiruchirappalli,10.7905,78.7047,ECMWF_ERA5_Reanalysis
2024-04-13,37.0,25.3,30.3,41.2,31.2,35.1,2.8,15.4,41.0,111,22.39,1000.9,loc_tiruchirappalli,10.7905,78.7047,ECMWF_ERA5_Reanalysis
2024-04-14,39.2,25.7,31.8,41.0,31.6,35.1,0.4,18.9,39.2,75,24.38,1000.9,loc_tiruchirappalli,10.7905,78.7047,ECMWF_ERA5_Reanalysis
2024-04-15,38.3,25.5,31.3,41.6,31.2,35.4,0.8,20.5,41.4,81,23.3,1001.4,loc_tiruchirappalli,10.7905,78.7047,ECMWF_ERA5_Reanalysis
2024-04-16,39.0,25.8,31.8,42.4,31.9,35.8,0.1,15.0,32.4,114,24.71,1000.7,loc_tiruchirappalli,10.7905,78.7047,ECMWF_ERA5_Reanalysis
2024-04-17,40.1,26.0,32.5,43.5,32.0,36.8,0.0,14.6,28.4,154,25.11,999.7,loc_tiruchirappalli,10.7905,78.7047,ECMWF_ERA5_Reanalysis
2024-04-18,41.2,26.5,33.5,45.2,32.3,37.5,0.0,21.5,41.4,158,25.12,998.2,loc_tiruchirappalli,10.7905,78.7047,ECMWF_ERA5_Reanalysis
2024-04-19,41.8,27.3,33.7,45.6,33.1,37.8,0.0,19.4,35.3,142,24.63,996.7,loc_tiruchirappalli,10.7905,78.7047,ECMWF_ERA5_Reanalysis
2024-04-20,42.7,26.5,34.4,45.3,32.7,38.3,0.0,16.3,32.4,116,24.97,996.4,loc_tiruchirappalli,10.7905,78.7047,ECMWF_ERA5_Reanalysis
2024-04-21,41.6,28.0,34.0,44.9,32.9,37.6,0.0,17.9,35.3,132,24.39,997.3,loc_tiruchirappalli,10.7905,78.7047,ECMWF_ERA5_Reanalysis
2024-04-22,42.6,27.0,34.2,45.5,32.9,37.9,0.0,18.1,34.9,121,25.28,998.0,loc_tiruchirappalli,10.7905,78.7047,ECMWF_ERA5_Reanalysis
2024-04-23,41.6,26.7,33.8,44.2,30.9,36.7,0.0,16.9,34.6,121,26.01,997.4,loc_tiruchirappalli,10.7905,78.7047,ECMWF_ERA5_Reanalysis
2024-04-24,41.5,26.4,33.7,43.2,30.4,36.1,0.0,18.9,40.0,133,25.23,997.3,loc_tiruchirappalli,10.7905,78.7047,ECMWF_ERA5_Reanalysis
2024-04-25,41.3,25.8,33.3,43.1,29.6,35.7,0.0,15.8,36.0,128,24.07,997.4,loc_tiruchirappalli,10.7905,78.7047,ECMWF_ERA5_Reanalysis
2024-04-26,41.3,25.5,33.3,43.2,31.6,36.6,0.1,15.1,31.3,125,24.51,997.2,loc_tiruchirappalli,10.7905,78.7047,ECMWF_ERA5_Reanalysis
2024-04-27,41.2,25.8,33.0,44.0,31.5,37.0,0.0,17.8,33.5,111,25.34,997.5,loc_tiruchirappalli,10.7905,78.7047,ECMWF_ERA5_Reanalysis
2024-04-28,41.0,26.1,33.3,45.1,32.4,37.9,0.1,16.0,31.7,119,23.55,998.0,loc_tiruchirappalli,10.7905,78.7047,ECMWF_ERA5_Reanalysis
2024-04-29,41.9,27.8,34.1,45.1,35.3,38.9,0.2,17.1,37.8,126,24.73,998.9,loc_tiruchirappalli,10.7905,78.7047,ECMWF_ERA5_Reanalysis
2024-04-30,41.7,29.0,34.5,45.9,34.5,38.9,0.3,20.6,39.6,160,23.34,997.8,loc_tiruchirappalli,10.7905,78.7047,ECMWF_ERA5_Reanalysis
2024-05-01,42.8,28.3,35.0,46.6,33.7,38.6,0.0,21.3,39.6,175,25.01,995.6,loc_tiruchirappalli,10.7905,78.7047,ECMWF_ERA5_Reanalysis
2024-05-02,43.3,28.8,34.9,46.4,35.0,39.4,0.0,20.1,45.4,166,24.01,995.9,loc_tiruchirappalli,10.7905,78.7047,ECMWF_ERA5_Reanalysis
2024-05-03,42.9,28.1,34.7,45.2,33.4,38.6,0.0,20.8,40.3,169,24.32,996.7,loc_tiruchirappalli,10.7905,78.7047,ECMWF_ERA5_Reanalysis
2024-05-04,42.7,28.0,35.1,47.4,33.9,38.9,0.0,18.8,37.8,170,24.15,997.1,loc_tiruchirappalli,10.7905,78.7047,ECMWF_ERA5_Reanalysis
2024-05-05,42.7,29.2,34.5,47.3,34.6,39.0,0.9,17.4,37.1,181,23.78,996.4,loc_tiruchirappalli,10.7905,78.7047,ECMWF_ERA5_Reanalysis
2024-05-06,42.1,29.4,35.3,47.4,33.9,39.1,0.1,18.5,37.8,212,23.11,996.7,loc_tiruchirappalli,10.7905,78.7047,ECMWF_ERA5_Reanalysis
2024-05-07,42.2,29.6,35.7,45.6,35.7,39.4,0.0,17.9,34.9,176,24.57,997.8,loc_tiruchirappalli,10.7905,78.7047,ECMWF_ERA5_Reanalysis
2024-05-08,38.8,27.6,33.6,42.6,31.7,37.4,0.1,19.6,38.2,95,23.92,998.5,loc_tiruchirappalli,10.7905,78.7047,ECMWF_ERA5_Reanalysis
2024-05-09,37.7,24.3,31.7,42.0,28.3,36.4,5.1,19.1,41.8,143,21.69,997.8,loc_tiruchirappalli,10.7905,78.7047,ECMWF_ERA5_Reanalysis
2024-05-10,37.3,24.8,29.9,43.9,29.6,35.7,20.9,10.5,28.8,174,21.02,999.1,loc_tiruchirappalli,10.7905,78.7047,ECMWF_ERA5_Reanalysis
2024-05-11,35.5,25.1,30.1,42.5,30.7,35.9,0.9,12.7,43.9,98,19.97,999.7,loc_tiruchirappalli,10.7905,78.7047,ECMWF_ERA5_Reanalysis
2024-05-12,36.1,25.1,29.1,42.6,30.3,35.1,20.1,12.8,44.6,123,19.81,999.7,loc_tiruchirappalli,10.7905,78.7047,ECMWF_ERA5_Reanalysis
2024-05-13,36.4,24.7,29.9,43.1,29.2,35.8,9.1,13.4,29.5,72,21.5,998.6,loc_tiruchirappalli,10.7905,78.7047,ECMWF_ERA5_Reanalysis
2024-05-14,34.5,25.3,29.7,41.1,30.9,35.5,1.0,10.4,21.6,308,20.71,998.9,loc_tiruchirappalli,10.7905,78.7047,ECMWF_ERA5_Reanalysis
2024-05-15,34.9,26.2,28.8,42.0,31.9,34.9,23.8,16.8,38.9,103,14.2,999.2,loc_tiruchirappalli,10.7905,78.7047,ECMWF_ERA5_Reanalysis
2024-05-16,28.9,25.3,26.4,34.5,30.2,31.9,13.0,11.2,21.2,313,5.84,1000.0,loc_tiruchirappalli,10.7905,78.7047,ECMWF_ERA5_Reanalysis
2024-05-17,33.9,25.4,28.0,40.4,31.0,34.1,8.6,15.8,31.7,116,17.63,998.6,loc_tiruchirappalli,10.7905,78.7047,ECMWF_ERA5_Reanalysis
2024-05-18,33.9,25.1,28.2,40.7,31.3,34.7,27.9,9.9,34.6,108,17.5,996.8,loc_tiruchirappalli,10.7905,78.7047,ECMWF_ERA5_Reanalysis
2024-05-19,33.6,25.1,27.8,40.9,31.3,34.4,27.8,11.0,26.3,66,14.7,995.3,loc_tiruchirappalli,10.7905,78.7047,ECMWF_ERA5_Reanalysis
2024-05-20,29.0,24.4,26.5,34.5,29.5,32.3,48.8,13.6,28.8,298,6.49,995.3,loc_tiruchirappalli,10.7905,78.7047,ECMWF_ERA5_Reanalysis
2024-05-21,29.8,24.9,26.9,35.7,28.9,32.6,21.5,13.0,22.7,266,9.9,995.0,loc_tiruchirappalli,10.7905,78.7047,ECMWF_ERA5_Reanalysis
2024-05-22,32.7,25.5,28.2,38.0,31.8,34.5,4.5,15.1,30.6,206,13.24,993.6,loc_tiruchirappalli,10.7905,78.7047,ECMWF_ERA5_Reanalysis
2024-05-23,30.8,25.0,27.3,36.3,29.6,32.9,18.6,14.7,27.4,256,10.04,993.3,loc_tiruchirappalli,10.7905,78.7047,ECMWF_ERA5_Reanalysis
2024-05-24,32.7,24.5,27.5,38.5,28.6,33.0,15.1,14.0,27.4,248,11.22,992.8,loc_tiruchirappalli,10.7905,78.7047,ECMWF_ERA5_Reanalysis
2024-05-25,34.9,26.6,30.1,39.4,30.7,33.8,0.0,21.5,42.8,269,17.93,992.9,loc_tiruchirappalli,10.7905,78.7047,ECMWF_ERA5_Reanalysis
2024-05-26,35.8,25.3,31.1,39.8,28.8,34.4,1.9,21.6,46.1,267,20.96,993.8,loc_tiruchirappalli,10.7905,78.7047,ECMWF_ERA5_Reanalysis
2024-05-27,36.1,28.4,31.7,40.0,31.4,34.8,0.0,20.2,40.7,268,16.63,994.1,loc_tiruchirappalli,10.7905,78.7047,ECMWF_ERA5_Reanalysis
2024-05-28,37.2,28.3,31.9,41.4,31.0,34.8,0.2,23.5,46.4,274,23.33,994.7,loc_tiruchirappalli,10.7905,78.7047,ECMWF_ERA5_Reanalysis
2024-05-29,37.4,27.4,31.9,42.6,30.3,35.4,0.3,19.7,40.7,272,24.16,994.4,loc_tiruchirappalli,10.7905,78.7047,ECMWF_ERA5_Reanalysis
2024-05-30,38.5,27.6,32.6,43.1,31.2,36.5,0.0,23.7,43.6,277,23.93,994.6,loc_tiruchirappalli,10.7905,78.7047,ECMWF_ERA5_Reanalysis
2024-05-31,38.6,25.6,30.9,44.0,30.6,35.8,50.9,22.9,41.8,273,19.71,995.1,loc_tiruchirappalli,10.7905,78.7047,ECMWF_ERA5_Reanalysis
2024-06-01,36.4,26.0,29.6,42.8,31.1,35.1,22.7,21.2,42.1,242,17.85,996.0,loc_tiruchirappalli,10.7905,78.7047,ECMWF_ERA5_Reanalysis
2024-06-02,34.0,27.1,29.4,40.9,32.0,35.0,7.4,14.5,25.6,250,16.51,997.1,loc_tiruchirappalli,10.7905,78.7047,ECMWF_ERA5_Reanalysis
2024-06-03,33.6,27.0,28.5,38.6,32.1,34.3,22.0,11.9,25.6,241,13.32,997.8,loc_tiruchirappalli,10.7905,78.7047,ECMWF_ERA5_Reanalysis
2024-06-04,34.4,26.0,29.4,41.3,31.7,35.6,15.6,10.6,24.8,197,17.7,998.3,loc_tiruchirappalli,10.7905,78.7047,ECMWF_ERA5_Reanalysis
2024-06-05,33.2,25.4,28.0,40.7,30.8,33.9,44.8,15.5,33.1,205,16.34,999.2,loc_tiruchirappalli,10.7905,78.7047,ECMWF_ERA5_Reanalysis
2024-06-06,32.6,25.4,27.4,38.9,31.0,33.4,29.3,15.6,35.6,198,13.14,999.8,loc_tiruchirappalli,10.7905,78.7047,ECMWF_ERA5_Reanalysis
2024-06-07,32.1,25.1,27.6,37.6,30.9,33.2,12.4,16.7,33.5,204,13.94,998.5,loc_tiruchirappalli,10.7905,78.7047,ECMWF_ERA5_Reanalysis
2024-06-08,33.1,25.4,28.0,39.1,30.2,33.4,5.6,13.6,31.0,215,17.17,998.2,loc_tiruchirappalli,10.7905,78.7047,ECMWF_ERA5_Reanalysis
2024-06-09,33.9,24.5,29.0,40.1,29.9,34.1,0.2,12.5,29.9,238,19.76,997.7,loc_tiruchirappalli,10.7905,78.7047,ECMWF_ERA5_Reanalysis
2024-06-10,35.4,25.5,30.2,40.1,29.7,33.7,0.2,21.3,40.7,258,22.75,997.9,loc_tiruchirappalli,10.7905,78.7047,ECMWF_ERA5_Reanalysis
2024-06-11,35.7,26.9,30.4,39.0,30.0,33.4,0.0,21.1,47.5,263,18.22,997.9,loc_tiruchirappalli,10.7905,78.7047,ECMWF_ERA5_Reanalysis
2024-06-12,34.9,27.2,30.2,37.9,30.2,33.2,0.2,21.7,47.2,265,16.7,999.2,loc_tiruchirappalli,10.7905,78.7047,ECMWF_ERA5_Reanalysis
2024-06-13,35.4,27.1,30.7,38.2,29.7,33.5,0.0,16.6,40.7,269,20.04,998.9,loc_tiruchirappalli,10.7905,78.7047,ECMWF_ERA5_Reanalysis
2024-06-14,36.3,26.8,30.9,40.6,29.9,34.4,0.0,16.2,33.5,264,22.2,997.5,loc_tiruchirappalli,10.7905,78.7047,ECMWF_ERA5_Reanalysis
2024-06-15,37.0,26.7,31.4,38.8,29.4,34.1,0.0,20.2,42.1,268,22.86,996.9,loc_tiruchirappalli,10.7905,78.7047,ECMWF_ERA5_Reanalysis
2024-06-16,37.9,27.0,30.9,42.2,29.4,34.6,2.3,12.1,36.0,261,22.43,997.1,loc_tiruchirappalli,10.7905,78.7047,ECMWF_ERA5_Reanalysis
2024-06-17,36.7,26.9,30.9,41.5,30.2,35.3,1.8,15.1,37.8,231,23.21,997.4,loc_tiruchirappalli,10.7905,78.7047,ECMWF_ERA5_Reanalysis
2024-06-18,35.2,26.4,30.0,41.3,31.1,34.5,3.7,14.1,33.1,254,18.84,997.6,loc_tiruchirappalli,10.7905,78.7047,ECMWF_ERA5_Reanalysis
2024-06-19,36.8,26.1,29.5,41.3,29.6,34.0,8.7,19.8,43.6,244,20.18,996.6,loc_tiruchirappalli,10.7905,78.7047,ECMWF_ERA5_Reanalysis
2024-06-20,34.8,26.5,30.2,40.3,29.7,33.6,2.3,21.7,39.2,273,18.27,996.7,loc_tiruchirappalli,10.7905,78.7047,ECMWF_ERA5_Reanalysis
2024-06-21,37.2,26.7,30.8,39.7,29.4,33.1,0.7,24.9,52.2,271,22.05,996.4,loc_tiruchirappalli,10.7905,78.7047,ECMWF_ERA5_Reanalysis
2024-06-22,37.8,26.8,31.3,40.1,29.7,33.9,0.3,21.0,42.5,260,22.77,994.6,loc_tiruchirappalli,10.7905,78.7047,ECMWF_ERA5_Reanalysis
2024-06-23,37.6,27.0,30.6,39.3,29.1,32.9,2.6,24.1,55.4,275,20.96,994.2,loc_tiruchirappalli,10.7905,78.7047,ECMWF_ERA5_Reanalysis
2024-06-24,35.3,26.3,30.1,37.1,29.4,32.5,0.8,24.2,51.8,266,18.51,994.3,loc_tiruchirappalli,10.7905,78.7047,ECMWF_ERA5_Reanalysis
2024-06-25,35.7,26.7,30.1,39.1,29.3,32.7,0.7,24.5,57.2,262,19.17,994.3,loc_tiruchirappalli,10.7905,78.7047,ECMWF_ERA5_Reanalysis
2024-06-26,29.0,26.0,27.4,34.0,28.9,31.9,4.0,17.5,35.6,258,6.72,995.0,loc_tiruchirappalli,10.7905,78.7047,ECMWF_ERA5_Reanalysis
2024-06-27,33.8,25.5,29.0,34.0,29.1,31.7,0.1,29.0,60.1,268,13.72,996.2,loc_tiruchirappalli,10.7905,78.7047,ECMWF_ERA5_Reanalysis
2024-06-28,36.9,25.7,30.8,39.4,29.3,33.6,0.0,20.9,44.3,271,23.03,996.8,loc_tiruchirappalli,10.7905,78.7047,ECMWF_ERA5_Reanalysis
2024-06-29,37.7,25.9,31.2,42.3,29.3,34.8,0.3,15.9,36.7,260,22.89,997.4,loc_tiruchirappalli,10.7905,78.7047,ECMWF_ERA5_Reanalysis
2024-06-30,36.6,26.8,29.7,40.9,31.0,34.3,18.4,15.8,37.4,238,18.85,998.3,loc_tiruchirappalli,10.7905,78.7047,ECMWF_ERA5_Reanalysis
2024-07-01,33.8,26.1,29.6,37.8,29.9,33.5,1.0,19.5,36.0,261,15.28,998.3,loc_tiruchirappalli,10.7905,78.7047,ECMWF_ERA5_Reanalysis
2024-07-02,34.4,26.7,30.5,36.4,29.5,33.0,0.0,21.3,44.3,274,16.11,997.0,loc_tiruchirappalli,10.7905,78.7047,ECMWF_ERA5_Reanalysis
2024-07-03,37.8,26.2,31.5,40.8,30.2,34.7,6.5,19.2,41.4,262,22.33,997.0,loc_tiruchirappalli,10.7905,78.7047,ECMWF_ERA5_Reanalysis
2024-07-04,36.5,26.8,30.7,40.6,29.7,34.1,0.0,16.2,33.1,263,19.16,997.9,loc_tiruchirappalli,10.7905,78.7047,ECMWF_ERA5_Reanalysis
2024-07-05,37.8,26.0,30.3,41.1,31.0,34.2,2.1,20.2,51.1,238,21.15,996.9,loc_tiruchirappalli,10.7905,78.7047,ECMWF_ERA5_Reanalysis
2024-07-06,32.6,27.3,29.8,33.8,29.4,31.7,0.0,20.5,43.6,273,10.3,996.5,loc_tiruchirappalli,10.7905,78.7047,ECMWF_ERA5_Reanalysis
2024-07-07,37.7,27.1,31.6,39.1,29.9,33.6,0.0,23.1,50.0,272,23.13,995.8,loc_tiruchirappalli,10.7905,78.7047,ECMWF_ERA5_Reanalysis
2024-07-08,34.0,27.0,29.7,36.8,29.4,31.5,0.0,22.7,45.7,272,11.97,995.9,loc_tiruchirappalli,10.7905,78.7047,ECMWF_ERA5_Reanalysis
2024-07-09,37.3,26.9,31.1,39.5,29.0,33.1,0.7,21.2,43.6,265,20.38,996.6,loc_tiruchirappalli,10.7905,78.7047,ECMWF_ERA5_Reanalysis
2024-07-10,38.4,26.7,32.0,41.0,29.3,34.4,0.0,22.3,40.7,273,23.12,998.5,loc_tiruchirappalli,10.7905,78.7047,ECMWF_ERA5_Reanalysis
2024-07-11,37.7,27.1,32.1,40.4,30.0,34.8,0.0,13.8,30.6,274,21.7,997.8,loc_tiruchirappalli,10.7905,78.7047,ECMWF_ERA5_Reanalysis
2024-07-12,37.1,26.6,30.1,40.7,29.7,33.7,5.7,17.8,42.8,253,19.07,996.8,loc_tiruchirappalli,10.7905,78.7047,ECMWF_ERA5_Reanalysis
2024-07-13,35.1,25.2,29.7,38.7,28.3,31.9,5.1,24.8,52.6,268,20.44,996.5,loc_tiruchirappalli,10.7905,78.7047,ECMWF_ERA5_Reanalysis
2024-07-14,34.2,25.9,28.9,35.7,28.2,30.9,2.0,22.3,44.6,276,14.39,995.1,loc_tiruchirappalli,10.7905,78.7047,ECMWF_ERA5_Reanalysis
2024-07-15,33.4,25.3,29.2,35.5,28.2,30.8,1.8,31.0,58.0,270,14.06,995.1,loc_tiruchirappalli,10.7905,78.7047,ECMWF_ERA5_Reanalysis
2024-07-16,33.4,24.4,28.6,33.9,27.6,30.5,2.4,30.4,60.5,264,9.56,995.4,loc_tiruchirappalli,10.7905,78.7047,ECMWF_ERA5_Reanalysis
2024-07-17,34.5,26.1,29.2,35.3,28.8,31.0,1.7,30.9,60.5,272,15.65,996.3,loc_tiruchirappalli,10.7905,78.7047,ECMWF_ERA5_Reanalysis
2024-07-18,32.7,26.1,28.5,33.1,27.6,30.2,1.1,29.6,57.2,274,9.57,996.5,loc_tiruchirappalli,10.7905,78.7047,ECMWF_ERA5_Reanalysis
2024-07-19,34.7,26.8,29.9,34.4,28.1,30.6,0.0,32.5,63.7,277,17.06,995.3,loc_tiruchirappalli,10.7905,78.7047,ECMWF_ERA5_Reanalysis
2024-07-20,36.2,27.4,31.0,36.9,28.3,31.7,0.0,31.7,61.9,276,21.05,995.5,loc_tiruchirappalli,10.7905,78.7047,ECMWF_ERA5_Reanalysis
2024-07-21,37.5,27.2,31.4,38.1,28.8,32.2,0.0,31.0,61.2,276,23.12,996.3,loc_tiruchirappalli,10.7905,78.7047,ECMWF_ERA5_Reanalysis
2024-07-22,37.2,27.2,31.2,38.3,28.7,32.3,0.0,28.1,59.8,276,22.27,998.4,loc_tiruchirappalli,10.7905,78.7047,ECMWF_ERA5_Reanalysis
2024-07-23,37.8,27.4,31.6,40.8,29.5,33.4,0.0,25.7,51.5,277,21.62,998.6,loc_tiruchirappalli,10.7905,78.7047,ECMWF_ERA5_Reanalysis
2024-07-24,38.1,27.3,31.7,40.6,29.6,33.6,0.3,22.0,44.3,278,23.81,996.9,loc_tiruchirappalli,10.7905,78.7047,ECMWF_ERA5_Reanalysis
2024-07-25,35.2,27.3,30.1,35.4,29.7,31.6,1.0,30.7,65.5,274,13.33,995.8,loc_tiruchirappalli,10.7905,78.7047,ECMWF_ERA5_Reanalysis
2024-07-26,36.7,27.7,31.2,37.9,29.5,32.3,0.1,29.3,56.9,277,21.64,995.9,loc_tiruchirappalli,10.7905,78.7047,ECMWF_ERA5_Reanalysis
2024-07-27,36.8,27.7,31.5,39.0,29.0,32.9,0.2,23.4,46.8,273,21.11,996.2,loc_tiruchirappalli,10.7905,78.7047,ECMWF_ERA5_Reanalysis
2024-07-28,37.4,27.6,31.3,37.6,28.7,32.1,0.0,25.9,52.2,271,16.65,994.8,loc_tiruchirappalli,10.7905,78.7047,ECMWF_ERA5_Reanalysis
2024-07-29,36.6,25.0,30.8,36.5,28.3,31.9,7.9,30.9,62.3,278,17.11,994.3,loc_tiruchirappalli,10.7905,78.7047,ECMWF_ERA5_Reanalysis
2024-07-30,33.7,24.2,28.5,35.9,27.8,31.2,15.0,30.2,59.8,277,18.88,997.2,loc_tiruchirappalli,10.7905,78.7047,ECMWF_ERA5_Reanalysis
2024-07-31,36.7,26.3,29.8,40.8,29.1,32.5,2.5,23.0,45.7,277,20.46,998.4,loc_tiruchirappalli,10.7905,78.7047,ECMWF_ERA5_Reanalysis
2024-08-01,37.3,25.8,30.5,40.1,28.2,33.1,2.4,20.2,48.6,273,20.31,998.0,loc_tiruchirappalli,10.7905,78.7047,ECMWF_ERA5_Reanalysis
2024-08-02,36.9,26.7,30.8,39.0,28.8,32.9,0.4,24.1,51.8,271,20.92,997.9,loc_tiruchirappalli,10.7905,78.7047,ECMWF_ERA5_Reanalysis
2024-08-03,37.7,26.3,30.9,39.6,28.8,33.0,0.3,22.5,45.4,267,20.43,998.7,loc_tiruchirappalli,10.7905,78.7047,ECMWF_ERA5_Reanalysis
2024-08-04,36.6,26.3,31.1,39.3,28.7,33.6,7.9,17.3,36.4,282,17.13,998.8,loc_tiruchirappalli,10.7905,78.7047,ECMWF_ERA5_Reanalysis
2024-08-05,35.6,24.5,28.8,40.4,28.0,33.1,12.7,18.8,41.4,236,21.18,999.1,loc_tiruchirappalli,10.7905,78.7047,ECMWF_ERA5_Reanalysis
2024-08-06,35.1,25.3,28.9,39.4,29.3,32.9,9.7,15.7,32.0,264,19.98,998.0,loc_tiruchirappalli,10.7905,78.7047,ECMWF_ERA5_Reanalysis
2024-08-07,34.5,25.1,28.7,38.0,29.6,33.0,0.9,12.3,26.3,279,18.96,998.2,loc_tiruchirappalli,10.7905,78.7047,ECMWF_ERA5_Reanalysis
2024-08-08,36.0,25.4,29.0,40.3,29.1,32.8,5.7,16.4,40.3,270,22.13,998.9,loc_tiruchirappalli,10.7905,78.7047,ECMWF_ERA5_Reanalysis
2024-08-09,35.4,25.1,29.0,39.9,28.6,33.4,16.4,12.8,31.3,277,24.05,999.1,loc_tiruchirappalli,10.7905,78.7047,ECMWF_ERA5_Reanalysis
2024-08-10,35.3,24.4,28.6,41.5,29.0,33.5,3.2,15.3,28.8,265,23.47,998.9,loc_tiruchirappalli,10.7905,78.7047,ECMWF_ERA5_Reanalysis
2024-08-11,34.1,25.7,29.2,40.5,29.9,34.5,4.0,12.6,21.6,242,19.87,996.9,loc_tiruchirappalli,10.7905,78.7047,ECMWF_ERA5_Reanalysis
2024-08-12,33.7,24.9,28.6,41.5,29.8,34.3,15.3,14.8,31.3,110,20.02,996.4,loc_tiruchirappalli,10.7905,78.7047,ECMWF_ERA5_Reanalysis
2024-08-13,33.5,24.1,28.3,40.6,28.7,33.8,8.1,14.8,30.6,150,22.83,996.9,loc_tiruchirappalli,10.7905,78.7047,ECMWF_ERA5_Reanalysis
2024-08-14,32.7,24.8,27.7,40.7,30.3,33.7,21.1,16.4,36.4,144,18.94,996.4,loc_tiruchirappalli,10.7905,78.7047,ECMWF_ERA5_Reanalysis
2024-08-15,33.8,24.4,28.6,39.5,30.0,33.9,0.6,10.3,19.8,183,20.79,995.6,loc_tiruchirappalli,10.7905,78.7047,ECMWF_ERA5_Reanalysis
2024-08-16,33.5,25.5,28.8,40.6,31.3,34.6,13.3,13.8,29.2,150,21.79,994.9,loc_tiruchirappalli,10.7905,78.7047,ECMWF_ERA5_Reanalysis
2024-08-17,34.5,25.0,28.7,41.4,30.8,34.8,14.3,10.6,27.4,276,21.88,995.7,loc_tiruchirappalli,10.7905,78.7047,ECMWF_ERA5_Reanalysis
2024-08-18,34.4,24.8,29.2,41.4,29.8,34.7,2.2,12.4,25.9,241,23.73,996.5,loc_tiruchirappalli,10.7905,78.7047,ECMWF_ERA5_Reanalysis
2024-08-19,32.6,24.4,27.6,39.3,29.7,33.3,25.1,18.2,35.6,224,15.94,996.7,loc_tiruchirappalli,10.7905,78.7047,ECMWF_ERA5_Reanalysis
2024-08-20,33.1,24.7,27.7,39.8,29.7,33.2,10.3,18.0,33.1,178,21.74,996.8,loc_tiruchirappalli,10.7905,78.7047,ECMWF_ERA5_Reanalysis
2024-08-21,33.2,24.8,28.1,39.2,29.7,32.9,4.8,18.9,34.6,204,18.37,998.3,loc_tiruchirappalli,10.7905,78.7047,ECMWF_ERA5_Reanalysis
2024-08-22,30.9,24.5,27.9,35.5,27.7,31.5,0.0,13.4,24.1,181,13.02,999.6,loc_tiruchirappalli,10.7905,78.7047,ECMWF_ERA5_Reanalysis
2024-08-23,33.8,24.9,29.3,39.2,30.3,34.1,0.0,15.8,28.1,205,21.0,999.8,loc_tiruchirappalli,10.7905,78.7047,ECMWF_ERA5_Reanalysis
2024-08-24,35.2,25.5,29.4,40.0,29.9,33.7,0.6,14.1,37.4,240,21.93,1000.3,loc_tiruchirappalli,10.7905,78.7047,ECMWF_ERA5_Reanalysis
2024-08-25,35.5,25.7,29.9,37.8,28.9,32.3,0.0,22.7,45.0,269,23.0,999.6,loc_tiruchirappalli,10.7905,78.7047,ECMWF_ERA5_Reanalysis
2024-08-26,34.7,25.2,29.8,37.6,27.6,32.2,0.5,20.4,43.9,270,22.27,998.7,loc_tiruchirappalli,10.7905,78.7047,ECMWF_ERA5_Reanalysis
2024-08-27,35.0,26.2,29.8,37.8,29.0,32.7,0.8,22.4,46.4,262,20.64,999.6,loc_tiruchirappalli,10.7905,78.7047,ECMWF_ERA5_Reanalysis
2024-08-28,34.5,26.4,29.6,36.7,29.0,32.1,0.0,18.6,37.1,276,14.25,999.5,loc_tiruchirappalli,10.7905,78.7047,ECMWF_ERA5_Reanalysis
2024-08-29,35.2,26.4,29.8,37.5,29.1,32.2,3.3,24.3,47.9,275,19.42,998.1,loc_tiruchirappalli,10.7905,78.7047,ECMWF_ERA5_Reanalysis
2024-08-30,35.2,25.7,28.9,38.3,28.6,31.7,8.6,20.9,46.4,260,18.71,997.8,loc_tiruchirappalli,10.7905,78.7047,ECMWF_ERA5_Reanalysis
2024-08-31,35.7,26.4,29.8,38.8,28.5,32.7,0.1,20.2,40.7,272,21.36,997.4,loc_tiruchirappalli,10.7905,78.7047,ECMWF_ERA5_Reanalysis
2024-09-01,35.9,26.8,30.0,40.2,28.9,32.9,0.5,19.8,55.4,262,22.17,996.7,loc_tiruchirappalli,10.7905,78.7047,ECMWF_ERA5_Reanalysis
2024-09-02,36.7,25.7,30.6,41.2,28.5,33.7,0.2,18.2,38.2,274,23.7,996.8,loc_tiruchirappalli,10.7905,78.7047,ECMWF_ERA5_Reanalysis
2024-09-03,35.4,26.3,30.3,39.1,28.7,33.2,0.6,17.3,42.1,258,21.12,998.1,loc_tiruchirappalli,10.7905,78.7047,ECMWF_ERA5_Reanalysis
2024-09-04,36.0,26.3,30.6,37.9,28.2,32.7,0.0,21.3,45.7,276,20.4,998.3,loc_tiruchirappalli,10.7905,78.7047,ECMWF_ERA5_Reanalysis
2024-09-05,37.7,26.3,31.4,40.9,28.8,33.7,0.1,19.1,37.8,273,23.58,996.9,loc_tiruchirappalli,10.7905,78.7047,ECMWF_ERA5_Reanalysis
2024-09-06,37.3,26.6,30.9,39.9,28.9,33.4,0.7,20.2,42.1,280,21.0,997.3,loc_tiruchirappalli,10.7905,78.7047,ECMWF_ERA5_Reanalysis
2024-09-07,37.8,26.4,31.4,39.9,28.6,33.5,0.3,20.0,41.0,277,20.74,998.0,loc_tiruchirappalli,10.7905,78.7047,ECMWF_ERA5_Reanalysis
2024-09-08,36.9,27.1,30.9,37.9,29.0,32.3,0.0,25.3,52.2,277,17.64,998.6,loc_tiruchirappalli,10.7905,78.7047,ECMWF_ERA5_Reanalysis
2024-09-09,37.6,27.2,31.2,41.0,29.4,33.2,2.1,26.4,53.6,270,20.25,996.9,loc_tiruchirappalli,10.7905,78.7047,ECMWF_ERA5_Reanalysis
2024-09-10,38.3,26.8,31.9,39.5,29.2,33.2,0.0,27.8,58.3,275,24.25,996.7,loc_tiruchirappalli,10.7905,78.7047,ECMWF_ERA5_Reanalysis
2024-09-11,39.0,27.1,31.3,42.1,29.3,34.0,1.0,22.3,47.5,260,21.29,998.0,loc_tiruchirappalli,10.7905,78.7047,ECMWF_ERA5_Reanalysis
2024-09-12,38.3,27.1,31.9,39.8,29.3,34.0,0.2,23.7,46.8,273,22.87,998.8,loc_tiruchirappalli,10.7905,78.7047,ECMWF_ERA5_Reanalysis
2024-09-13,38.9,26.2,32.4,40.6,29.4,34.5,0.1,20.6,43.2,268,23.52,998.1,loc_tiruchirappalli,10.7905,78.7047,ECMWF_ERA5_Reanalysis
2024-09-14,38.9,26.9,31.8,41.2,29.5,34.1,1.4,20.5,46.1,278,23.04,997.8,loc_tiruchirappalli,10.7905,78.7047,ECMWF_ERA5_Reanalysis
2024-09-15,39.8,26.3,32.4,42.2,28.3,34.4,0.0,19.1,44.6,281,24.21,997.6,loc_tiruchirappalli,10.7905,78.7047,ECMWF_ERA5_Reanalysis
2024-09-16,39.8,26.8,32.7,40.8,29.5,34.4,0.0,17.7,40.3,275,25.25,997.7,loc_tiruchirappalli,10.7905,78.7047,ECMWF_ERA5_Reanalysis
2024-09-17,39.9,26.9,32.6,41.3,28.9,34.4,0.1,20.0,45.4,281,24.13,997.4,loc_tiruchirappalli,10.7905,78.7047,ECMWF_ERA5_Reanalysis
2024-09-18,39.2,26.5,32.2,40.2,28.5,33.9,0.0,18.7,39.2,271,24.62,996.4,loc_tiruchirappalli,10.7905,78.7047,ECMWF_ERA5_Reanalysis
2024-09-19,38.7,26.2,32.1,40.8,28.0,33.9,0.0,15.7,33.8,274,24.12,996.7,loc_tiruchirappalli,10.7905,78.7047,ECMWF_ERA5_Reanalysis
2024-09-20,39.2,26.5,32.2,41.9,27.5,33.8,0.1,17.1,37.1,272,23.44,996.6,loc_tiruchirappalli,10.7905,78.7047,ECMWF_ERA5_Reanalysis
2024-09-21,38.3,26.7,31.6,40.1,28.4,33.2,0.1,19.0,39.6,281,19.43,997.0,loc_tiruchirappalli,10.7905,78.7047,ECMWF_ERA5_Reanalysis
2024-09-22,38.7,26.9,32.3,39.7,28.3,33.7,0.0,17.1,37.8,277,22.42,996.2,loc_tiruchirappalli,10.7905,78.7047,ECMWF_ERA5_Reanalysis
2024-09-23,38.3,27.5,31.9,41.7,29.8,34.2,0.5,19.7,42.5,279,21.46,995.8,loc_tiruchirappalli,10.7905,78.7047,ECMWF_ERA5_Reanalysis
2024-09-24,39.3,27.3,32.0,39.2,28.8,33.0,0.0,23.2,47.2,275,23.27,995.2,loc_tiruchirappalli,10.7905,78.7047,ECMWF_ERA5_Reanalysis
2024-09-25,39.2,27.1,32.3,40.6,28.4,33.7,0.0,20.2,41.8,274,23.73,995.5,loc_tiruchirappalli,10.7905,78.7047,ECMWF_ERA5_Reanalysis
2024-09-26,38.4,27.2,32.3,41.2,29.8,35.0,0.0,14.5,32.0,271,20.22,996.1,loc_tiruchirappalli,10.7905,78.7047,ECMWF_ERA5_Reanalysis
2024-09-27,37.7,27.1,31.0,43.3,31.0,34.9,1.3,14.1,40.7,282,21.39,998.3,loc_tiruchirappalli,10.7905,78.7047,ECMWF_ERA5_Reanalysis
2024-09-28,36.3,25.1,29.4,41.1,30.2,33.9,15.4,13.2,40.7,69,19.42,999.7,loc_tiruchirappalli,10.7905,78.7047,ECMWF_ERA5_Reanalysis
2024-09-29,34.2,24.4,28.7,39.6,29.8,33.5,0.3,14.9,32.0,89,20.49,1000.7,loc_tiruchirappalli,10.7905,78.7047,ECMWF_ERA5_Reanalysis
2024-09-30,35.3,25.1,29.3,40.3,30.7,34.0,1.6,13.6,26.3,101,19.86,1000.4,loc_tiruchirappalli,10.7905,78.7047,ECMWF_ERA5_Reanalysis
2024-10-01,35.0,24.6,29.4,40.1,29.4,34.2,4.6,11.8,23.4,125,21.61,999.3,loc_tiruchirappalli,10.7905,78.7047,ECMWF_ERA5_Reanalysis
2024-10-02,35.5,24.7,29.7,40.3,29.7,33.9,1.4,16.3,34.9,196,20.93,999.6,loc_tiruchirappalli,10.7905,78.7047,ECMWF_ERA5_Reanalysis
2024-10-03,37.1,26.2,30.3,40.4,30.6,34.5,3.4,13.5,33.5,236,22.15,999.4,loc_tiruchirappalli,10.7905,78.7047,ECMWF_ERA5_Reanalysis
2024-10-04,37.1,25.0,29.0,42.9,29.7,34.5,12.8,19.4,40.3,259,20.87,999.4,loc_tiruchirappalli,10.7905,78.7047,ECMWF_ERA5_Reanalysis
2024-10-05,33.1,24.3,28.0,36.3,28.2,32.1,4.7,14.6,31.7,272,15.84,999.7,loc_tiruchirappalli,10.7905,78.7047,ECMWF_ERA5_Reanalysis
2024-10-06,31.6,25.5,28.0,35.8,29.3,32.3,0.0,10.5,24.5,267,11.52,999.6,loc_tiruchirappalli,10.7905,78.7047,ECMWF_ERA5_Reanalysis
2024-10-07,33.5,23.7,27.0,38.8,28.1,31.8,19.0,11.3,41.4,131,16.2,1000.9,loc_tiruchirappalli,10.7905,78.7047,ECMWF_ERA5_Reanalysis
2024-10-08,31.0,23.9,26.8,36.0,29.1,32.1,3.3,7.2,20.2,41,12.35,1001.2,loc_tiruchirappalli,10.7905,78.7047,ECMWF_ERA5_Reanalysis
2024-10-09,33.2,23.4,27.1,38.9,28.2,32.5,23.6,11.3,35.3,102,19.7,999.9,loc_tiruchirappalli,10.7905,78.7047,ECMWF_ERA5_Reanalysis
2024-10-10,31.7,23.9,26.7,38.5,28.9,32.1,5.7,13.4,28.8,75,15.95,998.6,loc_tiruchirappalli,10.7905,78.7047,ECMWF_ERA5_Reanalysis
2024-10-11,30.0,23.6,26.2,36.4,28.8,31.6,7.3,9.1,20.9,76,14.8,998.5,loc_tiruchirappalli,10.7905,78.7047,ECMWF_ERA5_Reanalysis
2024-10-12,30.6,23.7,26.0,35.3,28.4,31.0,23.7,9.8,20.9,341,11.79,999.3,loc_tiruchirappalli,10.7905,78.7047,ECMWF_ERA5_Reanalysis
2024-10-13,30.6,23.0,25.7,37.5,27.8,30.9,23.5,10.3,21.2,322,13.15,999.8,loc_tiruchirappalli,10.7905,78.7047,ECMWF_ERA5_Reanalysis
2024-10-14,27.7,23.7,25.3,32.4,28.8,30.4,14.6,11.4,22.3,278,6.44,999.3,loc_tiruchirappalli,10.7905,78.7047,ECMWF_ERA5_Reanalysis
2024-10-15,29.4,23.4,25.6,34.2,27.6,30.4,7.4,13.6,29.9,270,10.2,998.9,loc_tiruchirappalli,10.7905,78.7047,ECMWF_ERA5_Reanalysis
2024-10-16,32.3,23.3,27.4,36.9,28.0,31.6,0.3,14.1,30.6,269,20.63,998.3,loc_tiruchirappalli,10.7905,78.7047,ECMWF_ERA5_Reanalysis
2024-10-17,33.4,24.4,28.2,37.9,27.7,32.1,0.6,19.6,40.7,264,20.95,998.1,loc_tiruchirappalli,10.7905,78.7047,ECMWF_ERA5_Reanalysis
2024-10-18,32.8,24.6,28.0,38.4,28.1,32.7,0.6,11.9,27.4,289,16.51,998.9,loc_tiruchirappalli,10.7905,78.7047,ECMWF_ERA5_Reanalysis
2024-10-19,29.8,23.7,26.6,35.4,28.4,31.8,8.0,10.5,22.0,293,13.38,1000.4,loc_tiruchirappalli,10.7905,78.7047,ECMWF_ERA5_Reanalysis
2024-10-20,31.4,23.8,26.9,38.3,29.0,32.7,10.0,10.2,18.0,0,17.83,1001.0,loc_tiruchirappalli,10.7905,78.7047,ECMWF_ERA5_Reanalysis
2024-10-21,31.0,22.9,26.3,37.7,27.5,31.7,4.4,7.9,20.5,315,15.99,1001.3,loc_tiruchirappalli,10.7905,78.7047,ECMWF_ERA5_Reanalysis
2024-10-22,31.8,24.2,26.5,39.5,29.9,32.5,18.8,7.6,20.2,62,16.5,1001.4,loc_tiruchirappalli,10.7905,78.7047,ECMWF_ERA5_Reanalysis
2024-10-23,32.8,24.0,27.9,39.4,29.0,33.0,0.2,13.9,24.5,201,21.88,1000.5,loc_tiruchirappalli,10.7905,78.7047,ECMWF_ERA5_Reanalysis
2024-10-24,32.3,23.9,26.8,38.5,28.2,31.9,8.4,8.8,23.0,242,18.46,1000.5,loc_tiruchirappalli,10.7905,78.7047,ECMWF_ERA5_Reanalysis
2024-10-25,32.6,23.8,27.0,39.7,28.2,31.9,1.3,10.3,25.2,228,20.14,1000.7,loc_tiruchirappalli,10.7905,78.7047,ECMWF_ERA5_Reanalysis
2024-10-26,32.9,24.1,27.9,39.2,28.9,32.7,0.7,13.3,25.9,249,21.79,1000.1,loc_tiruchirappalli,10.7905,78.7047,ECMWF_ERA5_Reanalysis
2024-10-27,33.6,24.3,28.3,37.8,27.8,32.1,0.0,11.8,27.4,262,22.13,998.9,loc_tiruchirappalli,10.7905,78.7047,ECMWF_ERA5_Reanalysis
2024-10-28,33.6,24.3,28.7,38.5,27.8,32.6,0.0,12.5,25.6,234,21.0,998.6,loc_tiruchirappalli,10.7905,78.7047,ECMWF_ERA5_Reanalysis
2024-10-29,34.0,24.6,28.9,38.7,28.2,33.3,0.5,11.7,27.4,268,21.07,999.4,loc_tiruchirappalli,10.7905,78.7047,ECMWF_ERA5_Reanalysis
2024-10-30,33.7,24.4,28.4,40.1,29.8,33.6,1.1,10.0,22.3,165,19.81,1000.2,loc_tiruchirappalli,10.7905,78.7047,ECMWF_ERA5_Reanalysis
2024-10-31,32.7,23.5,27.2,39.5,28.4,32.6,8.1,11.9,37.1,71,19.28,1001.3,loc_tiruchirappalli,10.7905,78.7047,ECMWF_ERA5_Reanalysis
2024-11-01,31.6,23.3,26.1,38.4,27.7,31.4,32.9,13.9,28.1,48,16.48,1002.4,loc_tiruchirappalli,10.7905,78.7047,ECMWF_ERA5_Reanalysis
2024-11-02,30.7,23.1,25.3,36.5,27.6,30.1,11.6,11.2,28.4,24,14.85,1003.1,loc_tiruchirappalli,10.7905,78.7047,ECMWF_ERA5_Reanalysis
2024-11-03,30.8,23.0,25.9,36.2,27.8,30.7,3.5,17.1,35.3,63,18.2,1002.5,loc_tiruchirappalli,10.7905,78.7047,ECMWF_ERA5_Reanalysis
2024-11-04,30.2,22.2,25.7,35.2,26.3,30.2,7.3,11.3,29.5,69,17.93,1001.9,loc_tiruchirappalli,10.7905,78.7047,ECMWF_ERA5_Reanalysis
2024-11-05,31.3,22.9,26.4,34.8,27.3,30.6,1.9,12.9,27.7,20,20.38,1002.1,loc_tiruchirappalli,10.7905,78.7047,ECMWF_ERA5_Reanalysis
2024-11-06,32.5,21.9,27.2,36.7,25.5,30.7,0.0,17.2,33.1,19,22.54,1001.7,loc_tiruchirappalli,10.7905,78.7047,ECMWF_ERA5_Reanalysis
2024-11-07,29.6,24.4,26.5,33.8,28.5,30.8,2.5,12.9,29.5,32,9.72,1001.8,loc_tiruchirappalli,10.7905,78.7047,ECMWF_ERA5_Reanalysis
2024-11-08,31.6,24.3,27.4,34.8,28.5,31.3,1.5,17.2,36.0,39,15.31,1001.5,loc_tiruchirappalli,10.7905,78.7047,ECMWF_ERA5_Reanalysis
2024-11-09,32.1,23.6,27.2,35.4,27.5,30.7,0.2,17.2,36.0,31,19.53,1001.7,loc_tiruchirappalli,10.7905,78.7047,ECMWF_ERA5_Reanalysis
2024-11-10,32.3,22.9,27.2,34.0,26.5,30.0,0.0,17.4,37.1,31,21.13,1001.7,loc_tiruchirappalli,10.7905,78.7047,ECMWF_ERA5_Reanalysis
2024-11-11,33.4,23.1,27.9,35.5,26.7,30.8,0.1,15.7,34.2,23,18.51,1000.5,loc_tiruchirappalli,10.7905,78.7047,ECMWF_ERA5_Reanalysis
2024-11-12,31.9,24.3,27.9,34.8,27.8,31.4,0.0,17.0,33.5,31,15.36,999.5,loc_tiruchirappalli,10.7905,78.7047,ECMWF_ERA5_Reanalysis
2024-11-13,29.2,24.4,26.4,32.0,27.4,30.1,2.1,19.7,41.4,35,9.49,999.4,loc_tiruchirappalli,10.7905,78.7047,ECMWF_ERA5_Reanalysis
2024-11-14,30.9,23.4,26.0,35.2,27.2,30.2,12.7,14.8,33.8,49,11.67,1000.9,loc_tiruchirappalli,10.7905,78.7047,ECMWF_ERA5_Reanalysis
2024-11-15,27.5,23.6,25.1,31.3,27.2,29.4,21.8,15.5,34.9,46,6.71,1001.7,loc_tiruchirappalli,10.7905,78.7047,ECMWF_ERA5_Reanalysis
2024-11-16,27.8,23.2,24.8,31.8,27.1,29.1,38.3,15.9,33.5,50,7.02,1001.3,loc_tiruchirappalli,10.7905,78.7047,ECMWF_ERA5_Reanalysis
2024-11-17,28.8,23.0,25.5,32.5,26.5,29.6,5.4,17.5,39.6,49,14.08,1001.0,loc_tiruchirappalli,10.7905,78.7047,ECMWF_ERA5_Reanalysis
2024-11-18,28.5,23.6,25.2,31.8,27.2,29.1,7.4,15.0,35.3,42,8.94,1001.7,loc_tiruchirappalli,10.7905,78.7047,ECMWF_ERA5_Reanalysis
2024-11-19,29.1,24.0,26.2,31.7,26.8,29.2,0.7,18.8,40.0,35,9.55,1002.1,loc_tiruchirappalli,10.7905,78.7047,ECMWF_ERA5_Reanalysis
2024-11-20,27.3,23.1,25.0,30.6,26.2,28.2,26.7,14.2,28.1,42,5.14,1002.2,loc_tiruchirappalli,10.7905,78.7047,ECMWF_ERA5_Reanalysis
2024-11-21,29.8,24.1,26.2,31.5,27.0,28.9,0.6,19.2,42.5,41,11.64,1001.9,loc_tiruchirappalli,10.7905,78.7047,ECMWF_ERA5_Reanalysis
2024-11-22,30.3,23.0,26.2,33.4,24.9,28.7,0.0,18.3,40.7,40,19.83,1001.6,loc_tiruchirappalli,10.7905,78.7047,ECMWF_ERA5_Reanalysis
2024-11-23,29.5,23.4,25.8,32.7,25.4,29.0,2.1,19.2,42.5,42,13.71,1002.3,loc_tiruchirappalli,10.7905,78.7047,ECMWF_ERA5_Reanalysis
2024-11-24,30.1,23.6,26.4,32.4,27.2,29.5,0.1,17.6,38.2,46,13.2,1002.2,loc_tiruchirappalli,10.7905,78.7047,ECMWF_ERA5_Reanalysis
2024-11-25,30.6,23.4,26.6,32.1,26.2,29.0,0.0,17.4,38.2,33,13.86,1001.0,loc_tiruchirappalli,10.7905,78.7047,ECMWF_ERA5_Reanalysis
2024-11-26,25.6,23.8,24.6,30.6,26.7,28.3,28.8,16.9,32.8,12,3.94,999.8,loc_tiruchirappalli,10.7905,78.7047,ECMWF_ERA5_Reanalysis
2024-11-27,25.9,23.4,24.4,30.0,27.0,28.5,19.3,18.1,38.5,342,4.19,998.8,loc_tiruchirappalli,10.7905,78.7047,ECMWF_ERA5_Reanalysis
2024-11-28,27.9,22.9,24.4,31.0,25.6,28.0,13.5,12.8,35.3,11,7.73,998.1,loc_tiruchirappalli,10.7905,78.7047,ECMWF_ERA5_Reanalysis
2024-11-29,29.6,21.6,25.5,32.5,23.5,28.5,2.0,13.8,31.3,295,10.3,997.6,loc_tiruchirappalli,10.7905,78.7047,ECMWF_ERA5_Reanalysis
2024-11-30,29.1,24.4,26.2,31.5,25.8,28.5,18.3,25.6,52.2,283,9.78,995.7,loc_tiruchirappalli,10.7905,78.7047,ECMWF_ERA5_Reanalysis
2024-12-01,29.7,24.1,26.0,32.6,24.9,28.7,72.3,30.7,57.6,262,11.42,994.3,loc_tiruchirappalli,10.7905,78.7047,ECMWF_ERA5_Reanalysis
2024-12-02,31.1,23.8,26.7,36.2,27.4,30.8,12.1,20.0,42.1,244,18.29,995.8,loc_tiruchirappalli,10.7905,78.7047,ECMWF_ERA5_Reanalysis
2024-12-03,31.1,23.2,26.4,36.8,28.3,31.6,5.4,11.7,27.4,65,16.83,999.3,loc_tiruchirappalli,10.7905,78.7047,ECMWF_ERA5_Reanalysis
2024-12-04,30.3,24.3,26.6,35.3,29.2,31.7,4.4,13.0,24.1,74,18.0,1001.1,loc_tiruchirappalli,10.7905,78.7047,ECMWF_ERA5_Reanalysis
2024-12-05,30.0,23.2,26.3,34.6,27.7,31.0,5.2,10.5,23.4,68,17.18,1001.7,loc_tiruchirappalli,10.7905,78.7047,ECMWF_ERA5_Reanalysis
2024-12-06,30.7,22.7,26.5,35.1,27.3,31.2,0.3,12.0,24.5,57,18.33,1001.8,loc_tiruchirappalli,10.7905,78.7047,ECMWF_ERA5_Reanalysis
2024-12-07,30.1,23.4,26.4,35.4,28.1,31.3,1.4,12.6,30.6,58,17.99,1001.6,loc_tiruchirappalli,10.7905,78.7047,ECMWF_ERA5_Reanalysis
2024-12-08,30.3,21.9,26.0,34.5,26.5,30.4,0.3,10.8,25.2,59,18.62,1001.6,loc_tiruchirappalli,10.7905,78.7047,ECMWF_ERA5_Reanalysis
2024-12-09,30.2,22.2,26.2,34.7,26.7,30.6,0.3,12.1,28.1,56,17.85,1001.2,loc_tiruchirappalli,10.7905,78.7047,ECMWF_ERA5_Reanalysis
2024-12-10,30.2,23.7,26.6,33.2,27.5,30.3,0.0,17.1,36.7,38,16.82,1000.9,loc_tiruchirappalli,10.7905,78.7047,ECMWF_ERA5_Reanalysis
2024-12-11,27.2,23.7,25.3,29.5,26.8,28.0,8.1,24.6,50.4,15,6.21,1000.7,loc_tiruchirappalli,10.7905,78.7047,ECMWF_ERA5_Reanalysis
2024-12-12,26.7,23.1,24.1,29.6,26.0,27.4,42.2,19.3,45.4,40,6.96,1000.0,loc_tiruchirappalli,10.7905,78.7047,ECMWF_ERA5_Reanalysis
2024-12-13,26.8,22.7,24.3,30.1,26.1,27.9,25.1,18.8,46.4,59,8.2,1001.2,loc_tiruchirappalli,10.7905,78.7047,ECMWF_ERA5_Reanalysis
2024-12-14,28.4,23.3,25.3,30.4,25.5,27.9,2.5,23.1,47.5,38,11.77,1002.7,loc_tiruchirappalli,10.7905,78.7047,ECMWF_ERA5_Reanalysis
2024-12-15,28.5,21.7,25.0,29.7,23.1,26.8,0.0,21.3,45.0,33,17.37,1003.6,loc_tiruchirappalli,10.7905,78.7047,ECMWF_ERA5_Reanalysis
2024-12-16,28.1,22.2,25.0,29.7,23.5,26.6,0.0,20.0,43.2,24,18.51,1002.6,loc_tiruchirappalli,10.7905,78.7047,ECMWF_ERA5_Reanalysis
2024-12-17,29.7,21.7,25.6,34.0,24.0,29.1,0.3,11.9,25.9,23,12.53,1000.8,loc_tiruchirappalli,10.7905,78.7047,ECMWF_ERA5_Reanalysis
2024-12-18,30.3,22.8,26.1,34.9,25.4,30.4,0.4,9.8,22.7,24,14.5,999.9,loc_tiruchirappalli,10.7905,78.7047,ECMWF_ERA5_Reanalysis
2024-12-19,30.6,23.4,26.9,35.7,28.4,32.0,0.4,14.7,27.4,271,14.53,999.7,loc_tiruchirappalli,10.7905,78.7047,ECMWF_ERA5_Reanalysis
2024-12-20,31.4,23.4,26.5,38.5,27.4,32.1,22.1,12.3,22.3,319,19.17,999.8,loc_tiruchirappalli,10.7905,78.7047,ECMWF_ERA5_Reanalysis
2024-12-21,31.3,22.8,26.7,36.8,27.1,31.8,0.6,11.4,27.0,359,18.67,1000.2,loc_tiruchirappalli,10.7905,78.7047,ECMWF_ERA5_Reanalysis
2024-12-22,30.1,22.5,26.0,34.0,26.1,30.3,2.5,13.1,27.4,51,16.72,1001.4,loc_tiruchirappalli,10.7905,78.7047,ECMWF_ERA5_Reanalysis
2024-12-23,28.9,22.7,25.4,33.4,27.5,29.8,0.0,10.1,21.6,296,11.55,1001.5,loc_tiruchirappalli,10.7905,78.7047,ECMWF_ERA5_Reanalysis
2024-12-24,30.2,21.6,25.8,34.8,25.5,30.1,0.6,9.0,17.6,42,18.87,1001.1,loc_tiruchirappalli,10.7905,78.7047,ECMWF_ERA5_Reanalysis
2024-12-25,29.9,22.0,26.0,34.7,26.2,30.5,0.1,11.7,23.4,57,17.78,1002.2,loc_tiruchirappalli,10.7905,78.7047,ECMWF_ERA5_Reanalysis
2024-12-26,30.8,23.1,26.0,36.0,27.3,30.5,9.0,14.1,25.2,27,16.65,1003.5,loc_tiruchirappalli,10.7905,78.7047,ECMWF_ERA5_Reanalysis
2024-12-27,28.6,23.6,25.4,33.3,26.7,29.4,14.3,22.7,43.6,53,14.06,1005.0,loc_tiruchirappalli,10.7905,78.7047,ECMWF_ERA5_Reanalysis
2024-12-28,29.0,22.7,25.6,32.7,25.6,29.0,1.5,16.4,34.9,44,16.58,1004.9,loc_tiruchirappalli,10.7905,78.7047,ECMWF_ERA5_Reanalysis
2024-12-29,29.8,23.0,25.8,32.4,25.8,28.7,0.5,17.6,38.2,38,18.24,1004.5,loc_tiruchirappalli,10.7905,78.7047,ECMWF_ERA5_Reanalysis
2024-12-30,28.8,23.5,25.5,31.8,26.5,28.7,7.4,18.1,43.9,46,14.98,1004.2,loc_tiruchirappalli,10.7905,78.7047,ECMWF_ERA5_Reanalysis
2024-12-31,29.5,23.3,25.8,31.6,25.8,28.2,0.5,23.7,49.3,41,15.92,1004.3,loc_tiruchirappalli,10.7905,78.7047,ECMWF_ERA5_Reanalysis
